solid "LV_connection"
  facet normal -0.775147438049 0.542245924473 -0.324215739965
    outer loop
      vertex 0.045644313097 -0.145224139094 -0.236220762134
      vertex 0.0453912802041 -0.142798736691 -0.238032653928
      vertex 0.0443958863616 -0.145203992724 -0.238017454743
    endloop
  endfacet
  facet normal -0.775147855282 0.542245447636 -0.324215441942
    outer loop
      vertex 0.0324125736952 -0.101721353829 -0.281146645546
      vertex 0.0337553247809 -0.103728167713 -0.278027236462
      vertex 0.0348476655781 -0.101343542337 -0.277891546488
    endloop
  endfacet
  facet normal -0.775138556957 0.54225564003 -0.324220567942
    outer loop
      vertex 0.0636695697904 -0.115096211433 -0.228467315435
      vertex 0.063477024436 -0.117680355906 -0.227197483182
      vertex 0.0636383518577 -0.115701943636 -0.22814977169
    endloop
  endfacet
  facet normal -0.775147914886 0.542245328426 -0.324215561152
    outer loop
      vertex 0.0393838882446 -0.10108743608 -0.271560072899
      vertex 0.0400922261178 -0.102101020515 -0.269941449165
      vertex 0.0407590568066 -0.100710242987 -0.269819766283
    endloop
  endfacet
  facet normal -0.775147914886 0.542245686054 -0.324214845896
    outer loop
      vertex 0.043970040977 -0.100732281804 -0.265216469765
      vertex 0.0452329330146 -0.0993230044842 -0.264253765345
      vertex 0.0435554124415 -0.0996857658029 -0.266434907913
    endloop
  endfacet
  facet normal -0.775146901608 0.542246043682 -0.324216842651
    outer loop
      vertex 0.0337553247809 -0.103728167713 -0.278027236462
      vertex 0.0323492176831 -0.103795915842 -0.279996782541
      vertex 0.0327679365873 -0.106018669903 -0.278069198132
    endloop
  endfacet
  facet normal -0.775150418282 0.542241752148 -0.324215501547
    outer loop
      vertex 0.0503421388566 -0.10060480237 -0.256183683872
      vertex 0.0504129454494 -0.100620925426 -0.256072819233
      vertex 0.0508666075766 -0.0990976765752 -0.25633507967
    endloop
  endfacet
  facet normal -0.775937795639 0.541337072849 -0.323843598366
    outer loop
      vertex 0.0636383518577 -0.115701943636 -0.22814977169
      vertex 0.063477024436 -0.117680355906 -0.227197483182
      vertex 0.063595995307 -0.116227574646 -0.227896034718
    endloop
  endfacet
  facet normal -0.775146961212 0.542246341705 -0.324216157198
    outer loop
      vertex 0.0361361168325 -0.14608605206 -0.249297499657
      vertex 0.035809468478 -0.144328013062 -0.250815600157
      vertex 0.034574829042 -0.146675348282 -0.251177042723
    endloop
  endfacet
  facet normal -0.775147378445 0.542245805264 -0.324216037989
    outer loop
      vertex 0.0559935308993 -0.0991242751479 -0.248990163207
      vertex 0.0563146732748 -0.100795783103 -0.247531667352
      vertex 0.057850766927 -0.0981162339449 -0.246937945485
    endloop
  endfacet
  facet normal -0.775149703026 0.542244017124 -0.324213445187
    outer loop
      vertex 0.0621297881007 -0.101740010083 -0.238654315472
      vertex 0.0629150494933 -0.104034051299 -0.236160129309
      vertex 0.062423761934 -0.102484084666 -0.237789183855
    endloop
  endfacet
  facet normal -0.775147557259 0.542245566845 -0.324216067791
    outer loop
      vertex 0.0508666075766 -0.0990976765752 -0.25633507967
      vertex 0.0512586832047 -0.0965449512005 -0.257300913334
      vertex 0.0501263961196 -0.0971042662859 -0.258585095406
    endloop
  endfacet
  facet normal -0.775147080421 0.542246043682 -0.324216365814
    outer loop
      vertex 0.0550838187337 -0.13734716177 -0.227436617017
      vertex 0.0551790073514 -0.134944349527 -0.228737220168
      vertex 0.0537420809269 -0.136393845081 -0.229924649
    endloop
  endfacet
  facet normal -0.775147557259 0.542245328426 -0.32421630621
    outer loop
      vertex 0.0343198217452 -0.105818159878 -0.275970667601
      vertex 0.0354189947248 -0.103590913117 -0.275731086731
      vertex 0.0337553247809 -0.103728167713 -0.278027236462
    endloop
  endfacet
  facet normal -0.775147497654 0.542245388031 -0.324216395617
    outer loop
      vertex 0.0438703969121 -0.0944656506181 -0.269105792046
      vertex 0.0430119037628 -0.0977433174849 -0.268373280764
      vertex 0.0446486324072 -0.0972155034542 -0.266349136829
    endloop
  endfacet
  facet normal -0.775147378445 0.542245805264 -0.324216067791
    outer loop
      vertex 0.0393838882446 -0.10108743608 -0.271560072899
      vertex 0.039801992476 -0.0978342890739 -0.272907495499
      vertex 0.037884440273 -0.0996854230762 -0.274541825056
    endloop
  endfacet
  facet normal -0.775147259235 0.542245864868 -0.324216187
    outer loop
      vertex 0.0628119707108 -0.12217836082 -0.225458756089
      vertex 0.0632759183645 -0.119443953037 -0.226430475712
      vertex 0.0614517740905 -0.120030239224 -0.228687569499
    endloop
  endfacet
  facet normal -0.775147616863 0.54224550724 -0.324216008186
    outer loop
      vertex 0.0443958863616 -0.145203992724 -0.238017454743
      vertex 0.0436084493995 -0.144151136279 -0.239772617817
      vertex 0.0429502986372 -0.147114276886 -0.23894174397
    endloop
  endfacet
  facet normal -0.775145590305 0.542246997356 -0.324218273163
    outer loop
      vertex 0.0287751182914 -0.13717648387 -0.265147298574
      vertex 0.0275535862893 -0.137832865119 -0.266501039267
      vertex 0.0284106656909 -0.139081522822 -0.264529258013
    endloop
  endfacet
  facet normal -0.775146663189 0.542246818542 -0.324216037989
    outer loop
      vertex 0.0615503489971 -0.117250218987 -0.230208858848
      vertex 0.0636695697904 -0.115096211433 -0.228467315435
      vertex 0.0620204359293 -0.114430382848 -0.231222882867
    endloop
  endfacet
  facet normal -0.77514731884 0.542246043682 -0.324215739965
    outer loop
      vertex 0.025511790067 -0.118787810206 -0.280807137489
      vertex 0.0263225212693 -0.116727076471 -0.280880302191
      vertex 0.024727858603 -0.117791213095 -0.28252363205
    endloop
  endfacet
  facet normal -0.775147557259 0.542246222496 -0.324214935303
    outer loop
      vertex 0.0420846194029 -0.100098624825 -0.268290549517
      vertex 0.0412587784231 -0.0986279249191 -0.270350456238
      vertex 0.0407590568066 -0.100710242987 -0.269819766283
    endloop
  endfacet
  facet normal -0.775139153004 0.542256891727 -0.324217110872
    outer loop
      vertex 0.0626829266548 -0.122795581818 -0.225274175406
      vertex 0.0621471367776 -0.125035047531 -0.224701091647
      vertex 0.0623663142323 -0.124206513166 -0.224883168936
    endloop
  endfacet
  facet normal -0.775146603584 0.542246341705 -0.324216902256
    outer loop
      vertex 0.0471969954669 -0.145674005151 -0.23373220861
      vertex 0.0482066497207 -0.143214374781 -0.233759537339
      vertex 0.0469328165054 -0.143085628748 -0.235657468438
    endloop
  endfacet
  facet normal -0.775148272514 0.542244493961 -0.324216097593
    outer loop
      vertex 0.0269382297993 -0.113367728889 -0.282008737326
      vertex 0.025715475902 -0.112238720059 -0.284431755543
      vertex 0.0253362506628 -0.115079693496 -0.283275187016
    endloop
  endfacet
  facet normal -0.775147974491 0.54224473238 -0.324216336012
    outer loop
      vertex 0.0453912802041 -0.142798736691 -0.238032653928
      vertex 0.0458448603749 -0.139732345939 -0.239217698574
      vertex 0.0444182530046 -0.141273528337 -0.240335553885
    endloop
  endfacet
  facet normal -0.775146126747 0.542246341705 -0.324218153954
    outer loop
      vertex 0.0287751182914 -0.13717648387 -0.265147298574
      vertex 0.0284106656909 -0.139081522822 -0.264529258013
      vertex 0.0291612483561 -0.137757688761 -0.264247834682
    endloop
  endfacet
  facet normal -0.775144159794 0.542253851891 -0.324210226536
    outer loop
      vertex 0.0274701565504 -0.107398107648 -0.284817665815
      vertex 0.0289710462093 -0.105397023261 -0.283868610859
      vertex 0.0283682793379 -0.106167428195 -0.284269630909
    endloop
  endfacet
  facet normal -0.775146126747 0.542247354984 -0.324216514826
    outer loop
      vertex 0.0304736159742 -0.109820239246 -0.279075950384
      vertex 0.0310035683215 -0.108010694385 -0.279400348663
      vertex 0.0293163992465 -0.110310442746 -0.280437111855
    endloop
  endfacet
  facet normal -0.775163173676 0.542236745358 -0.324193388224
    outer loop
      vertex 0.0613449774683 -0.100131891668 -0.240737736225
      vertex 0.0610989183187 -0.0996884554625 -0.241354614496
      vertex 0.0606259331107 -0.0989451408386 -0.242475196719
    endloop
  endfacet
  facet normal -0.775147855282 0.542245864868 -0.324214816093
    outer loop
      vertex 0.0464383214712 -0.100270681083 -0.261964023113
      vertex 0.0452329330146 -0.0993230044842 -0.264253765345
      vertex 0.0452917478979 -0.100435614586 -0.263504445553
    endloop
  endfacet
  facet normal -0.775147140026 0.542245864868 -0.324216425419
    outer loop
      vertex 0.036389708519 -0.0984588041902 -0.277411997318
      vertex 0.037884440273 -0.0996854230762 -0.274541825056
      vertex 0.0384293273091 -0.0971197187901 -0.275296986103
    endloop
  endfacet
  facet normal -0.775145292282 0.542247354984 -0.32421836257
    outer loop
      vertex 0.062423761934 -0.102484084666 -0.237789183855
      vertex 0.0629150494933 -0.104034051299 -0.236160129309
      vertex 0.0627501308918 -0.103452444077 -0.23674364388
    endloop
  endfacet
  facet normal -0.77514642477 0.542248785496 -0.324213206768
    outer loop
      vertex 0.0293163992465 -0.110310442746 -0.280437111855
      vertex 0.0299906767905 -0.110420756042 -0.279407262802
      vertex 0.0304736159742 -0.109820239246 -0.279075950384
    endloop
  endfacet
  facet normal -0.775147497654 0.542245090008 -0.324216902256
    outer loop
      vertex 0.0369536019862 -0.147588029504 -0.24723084271
      vertex 0.0361361168325 -0.14608605206 -0.249297499657
      vertex 0.0348912030458 -0.148920893669 -0.249382138252
    endloop
  endfacet
  facet normal -0.775147199631 0.542246341705 -0.324215620756
    outer loop
      vertex 0.0310035683215 -0.108010694385 -0.279400348663
      vertex 0.0311089642346 -0.105602666736 -0.280689477921
      vertex 0.0293673202395 -0.1075931862 -0.281989008188
    endloop
  endfacet
  facet normal -0.775147914886 0.54224550724 -0.324215233326
    outer loop
      vertex 0.0277868248522 -0.147120460868 -0.260614454746
      vertex 0.0272261556238 -0.149788111448 -0.259820908308
      vertex 0.0294230971485 -0.147955551744 -0.25777605176
    endloop
  endfacet
  facet normal -0.775147259235 0.542246162891 -0.324215769768
    outer loop
      vertex 0.0214477516711 -0.137146100402 -0.275640040636
      vertex 0.0233689025044 -0.133265972137 -0.275213718414
      vertex 0.0212261900306 -0.133903041482 -0.277895838022
    endloop
  endfacet
  facet normal -0.775146603584 0.542246818542 -0.324216097593
    outer loop
      vertex 0.0487539805472 -0.0958972126245 -0.26126870513
      vertex 0.0473826080561 -0.0967315658927 -0.262730240822
      vertex 0.0471419133246 -0.0987596064806 -0.26186171174
    endloop
  endfacet
  facet normal -0.775359809399 0.542105317116 -0.323942810297
    outer loop
      vertex 0.0236168894917 -0.142145529389 -0.269549995661
      vertex 0.0226525589824 -0.140041559935 -0.272186517715
      vertex 0.0230576992035 -0.140936002135 -0.271072566509
    endloop
  endfacet
  facet normal -0.775146842003 0.542246103287 -0.324216753244
    outer loop
      vertex 0.0346999317408 -0.144400477409 -0.25235837698
      vertex 0.0360382720828 -0.142324090004 -0.25168672204
      vertex 0.0350244790316 -0.142224997282 -0.25319519639
    endloop
  endfacet
  facet normal -0.775147199631 0.542246580124 -0.324215203524
    outer loop
      vertex 0.0247836243361 -0.130754053593 -0.274693250656
      vertex 0.0233689025044 -0.133265972137 -0.275213718414
      vertex 0.0259981229901 -0.131620466709 -0.272439092398
    endloop
  endfacet
  facet normal -0.77471113205 0.54269105196 -0.324513614178
    outer loop
      vertex 0.0636859834194 -0.109861493111 -0.231573760509
      vertex 0.0637405738235 -0.111751526594 -0.230365663767
      vertex 0.0637406557798 -0.111725412309 -0.230381146073
    endloop
  endfacet
  facet normal -0.775146722794 0.542246937752 -0.324215680361
    outer loop
      vertex 0.0429502986372 -0.147114276886 -0.23894174397
      vertex 0.0409365594387 -0.148633703589 -0.240911930799
      vertex 0.0417096093297 -0.150247529149 -0.238841921091
    endloop
  endfacet
  facet normal -0.775147616863 0.542245388031 -0.324216127396
    outer loop
      vertex 0.039801992476 -0.0978342890739 -0.272907495499
      vertex 0.0402129068971 -0.0960962325335 -0.273359298706
      vertex 0.0397126860917 -0.0963708683848 -0.273910164833
    endloop
  endfacet
  facet normal -0.775147914886 0.542244970798 -0.324216127396
    outer loop
      vertex 0.019698113203 -0.131542146206 -0.281491875648
      vertex 0.0199602302164 -0.132723793387 -0.280410647392
      vertex 0.0210676882416 -0.131803378463 -0.27937784791
    endloop
  endfacet
  facet normal -0.775146782398 0.542246222496 -0.324216812849
    outer loop
      vertex 0.0263225212693 -0.116727076471 -0.280880302191
      vertex 0.0267181340605 -0.115825541317 -0.280853837729
      vertex 0.0253362506628 -0.115079693496 -0.283275187016
    endloop
  endfacet
  facet normal -0.775146842003 0.542246341705 -0.324216395617
    outer loop
      vertex 0.0423073917627 -0.0960979163647 -0.270364195108
      vertex 0.0411290377378 -0.0956441387534 -0.272319972515
      vertex 0.0412595570087 -0.0970022529364 -0.271321356297
    endloop
  endfacet
  facet normal -0.775113880634 0.542285323143 -0.324230074883
    outer loop
      vertex 0.063477024436 -0.117680355906 -0.227197483182
      vertex 0.0632759183645 -0.119443953037 -0.226430475712
      vertex 0.0633152201772 -0.119131468236 -0.226561129093
    endloop
  endfacet
  facet normal -0.775147736073 0.542245984077 -0.324214816093
    outer loop
      vertex 0.0384589470923 -0.102929472923 -0.271780908108
      vertex 0.037119589746 -0.10263505578 -0.273871570826
      vertex 0.0375796705484 -0.103433378041 -0.272736549377
    endloop
  endfacet
  facet normal -0.775147199631 0.542246162891 -0.324215769768
    outer loop
      vertex 0.0592941343784 -0.127535864711 -0.227284222841
      vertex 0.0609099641442 -0.125379934907 -0.226263448596
      vertex 0.0590366907418 -0.125454962254 -0.228896439075
    endloop
  endfacet
  facet normal -0.775146126747 0.542246758938 -0.324217379093
    outer loop
      vertex 0.026460127905 -0.132714763284 -0.271124333143
      vertex 0.0258161537349 -0.13443158567 -0.271018385887
      vertex 0.0268833469599 -0.133649662137 -0.26996037364
    endloop
  endfacet
  facet normal -0.775146722794 0.542247354984 -0.32421502471
    outer loop
      vertex 0.0566006153822 -0.13512378931 -0.226597711444
      vertex 0.0562773123384 -0.137640193105 -0.225555300713
      vertex 0.0572180822492 -0.136178389192 -0.225084483624
    endloop
  endfacet
  facet normal -0.775147736073 0.542245805264 -0.324215114117
    outer loop
      vertex 0.0327679365873 -0.106018669903 -0.278069198132
      vertex 0.0318680740893 -0.108197890222 -0.278052598238
      vertex 0.0329609811306 -0.107095196843 -0.27714958787
    endloop
  endfacet
  facet normal -0.775153040886 0.542215704918 -0.324252784252
    outer loop
      vertex 0.0324125736952 -0.101721353829 -0.281146645546
      vertex 0.0334832780063 -0.100756727159 -0.280192822218
      vertex 0.0331828221679 -0.101015225053 -0.280467748642
    endloop
  endfacet
  facet normal -0.775147497654 0.542245328426 -0.32421657443
    outer loop
      vertex 0.0292909834534 -0.105017341673 -0.283638268709
      vertex 0.0293673202395 -0.1075931862 -0.281989008188
      vertex 0.0311089642346 -0.105602666736 -0.280689477921
    endloop
  endfacet
  facet normal -0.775147736073 0.542244911194 -0.324216663837
    outer loop
      vertex 0.0554470904171 -0.0968587175012 -0.251125901937
      vertex 0.0545298270881 -0.0953256189823 -0.25335380435
      vertex 0.0531808957458 -0.09868735075 -0.253272116184
    endloop
  endfacet
  facet normal -0.775146901608 0.54224640131 -0.324216097593
    outer loop
      vertex 0.045554805547 -0.147901967168 -0.234747603536
      vertex 0.0444154962897 -0.14687757194 -0.23698875308
      vertex 0.0435969680548 -0.149370416999 -0.236668348312
    endloop
  endfacet
  facet normal -0.77514731884 0.542245864868 -0.324216037989
    outer loop
      vertex 0.0194801632315 -0.127004951239 -0.284516274929
      vertex 0.0193999502808 -0.129095524549 -0.283380955458
      vertex 0.0207495428622 -0.128227472305 -0.281970709562
    endloop
  endfacet
  facet normal -0.775138139725 0.542254567146 -0.324223458767
    outer loop
      vertex 0.0635356158018 -0.10762155056 -0.233128011227
      vertex 0.0636859834194 -0.109861493111 -0.231573760509
      vertex 0.0636594220996 -0.109263896942 -0.231969043612
    endloop
  endfacet
  facet normal -0.775147736073 0.542245209217 -0.324216157198
    outer loop
      vertex 0.0561927706003 -0.132727146149 -0.228613719344
      vertex 0.0551790073514 -0.134944349527 -0.228737220168
      vertex 0.0566006153822 -0.13512378931 -0.226597711444
    endloop
  endfacet
  facet normal -0.775147736073 0.542245030403 -0.324216455221
    outer loop
      vertex 0.0273269508034 -0.110187701881 -0.283354461193
      vertex 0.0266593582928 -0.108606316149 -0.285254329443
      vertex 0.0255682561547 -0.110356420279 -0.285767644644
    endloop
  endfacet
  facet normal -0.775147736073 0.542246580124 -0.324213892221
    outer loop
      vertex 0.0327679365873 -0.106018669903 -0.278069198132
      vertex 0.0339915156364 -0.106105819345 -0.276267975569
      vertex 0.0343198217452 -0.105818159878 -0.275970667601
    endloop
  endfacet
  facet normal -0.775147974491 0.542245149612 -0.324215710163
    outer loop
      vertex 0.0228623840958 -0.118357114494 -0.284851998091
      vertex 0.0235000289977 -0.116104982793 -0.285287052393
      vertex 0.0222703237087 -0.116938404739 -0.286546617746
    endloop
  endfacet
  facet normal -0.775147557259 0.542245924473 -0.324215352535
    outer loop
      vertex 0.037119589746 -0.10263505578 -0.273871570826
      vertex 0.0357380472124 -0.104659855366 -0.274635851383
      vertex 0.0370730012655 -0.103750795126 -0.273271054029
    endloop
  endfacet
  facet normal -0.775146722794 0.54224550724 -0.324218153954
    outer loop
      vertex 0.0412587784231 -0.0986279249191 -0.270350456238
      vertex 0.0430119037628 -0.0977433174849 -0.268373280764
      vertex 0.0423073917627 -0.0960979163647 -0.270364195108
    endloop
  endfacet
  facet normal -0.775147974491 0.54224550724 -0.324215203524
    outer loop
      vertex 0.0318680740893 -0.108197890222 -0.278052598238
      vertex 0.0327679365873 -0.106018669903 -0.278069198132
      vertex 0.0310035683215 -0.108010694385 -0.279400348663
    endloop
  endfacet
  facet normal -0.775147140026 0.542246818542 -0.324214875698
    outer loop
      vertex 0.0550838187337 -0.13734716177 -0.227436617017
      vertex 0.0562773123384 -0.137640193105 -0.225555300713
      vertex 0.0566006153822 -0.13512378931 -0.226597711444
    endloop
  endfacet
  facet normal -0.775140404701 0.542261838913 -0.324205845594
    outer loop
      vertex 0.0560281351209 -0.138020128012 -0.225684329867
      vertex 0.0562773123384 -0.137640193105 -0.225555300713
      vertex 0.0557416975498 -0.13842818141 -0.225849807262
    endloop
  endfacet
  facet normal -0.775146782398 0.54224562645 -0.324217706919
    outer loop
      vertex 0.022104088217 -0.120362453163 -0.284736961126
      vertex 0.0241678413004 -0.120216213167 -0.281874239445
      vertex 0.0228623840958 -0.118357114494 -0.284851998091
    endloop
  endfacet
  facet normal -0.77514731884 0.542245447636 -0.324216723442
    outer loop
      vertex 0.0240164585412 -0.113165184855 -0.28630656004
      vertex 0.0235000289977 -0.116104982793 -0.285287052393
      vertex 0.0253362506628 -0.115079693496 -0.283275187016
    endloop
  endfacet
  facet normal -0.775147080421 0.542246460915 -0.324215650558
    outer loop
      vertex 0.0284952092916 -0.112614601851 -0.280233323574
      vertex 0.0280578453094 -0.111874416471 -0.281301110983
      vertex 0.0277658998966 -0.113833293319 -0.280547231436
    endloop
  endfacet
  facet normal -0.775147259235 0.542245745659 -0.324216395617
    outer loop
      vertex 0.0628119707108 -0.12217836082 -0.225458756089
      vertex 0.0606727078557 -0.122901298106 -0.228084608912
      vertex 0.0626829266548 -0.122795581818 -0.225274175406
    endloop
  endfacet
  facet normal -0.775132417679 0.542259395123 -0.324229151011
    outer loop
      vertex 0.0632186979055 -0.105379387736 -0.234921678901
      vertex 0.0634563192725 -0.106999106705 -0.233613550663
      vertex 0.0632833465934 -0.105726219714 -0.234621882439
    endloop
  endfacet
  facet normal -0.775147378445 0.542245745659 -0.324216127396
    outer loop
      vertex 0.0512586832047 -0.0965449512005 -0.257300913334
      vertex 0.0508666075766 -0.0990976765752 -0.25633507967
      vertex 0.0526300631464 -0.0964968279004 -0.255369275808
    endloop
  endfacet
  facet normal -0.775147497654 0.542245805264 -0.324215769768
    outer loop
      vertex 0.0429502986372 -0.147114276886 -0.23894174397
      vertex 0.0444154962897 -0.14687757194 -0.23698875308
      vertex 0.0443958863616 -0.145203992724 -0.238017454743
    endloop
  endfacet
  facet normal -0.775147378445 0.542245805264 -0.324215978384
    outer loop
      vertex 0.036389708519 -0.0984588041902 -0.277411997318
      vertex 0.0361972115934 -0.101342894137 -0.275962740183
      vertex 0.037884440273 -0.0996854230762 -0.274541825056
    endloop
  endfacet
  facet normal -0.775147438049 0.54224550724 -0.324216395617
    outer loop
      vertex 0.0384293273091 -0.0971197187901 -0.275296986103
      vertex 0.037884440273 -0.0996854230762 -0.274541825056
      vertex 0.039801992476 -0.0978342890739 -0.272907495499
    endloop
  endfacet
  facet normal -0.775147140026 0.542246043682 -0.324216246605
    outer loop
      vertex 0.0613457299769 -0.107235170901 -0.236489504576
      vertex 0.0629150494933 -0.104034051299 -0.236160129309
      vertex 0.0604009181261 -0.105614237487 -0.238809302449
    endloop
  endfacet
  facet normal -0.77514642477 0.54224807024 -0.324214458466
    outer loop
      vertex 0.029552878812 -0.111010432243 -0.279680550098
      vertex 0.0293163992465 -0.110310442746 -0.280437111855
      vertex 0.0288967005908 -0.111964605749 -0.280048042536
    endloop
  endfacet
  facet normal -0.77514731884 0.542245805264 -0.324216097593
    outer loop
      vertex 0.0609099641442 -0.125379934907 -0.226263448596
      vertex 0.0626829266548 -0.122795581818 -0.225274175406
      vertex 0.0606727078557 -0.122901298106 -0.228084608912
    endloop
  endfacet
  facet normal -0.775147557259 0.542245924473 -0.324215382338
    outer loop
      vertex 0.0357380472124 -0.104659855366 -0.274635851383
      vertex 0.037119589746 -0.10263505578 -0.273871570826
      vertex 0.0354189947248 -0.103590913117 -0.275731086731
    endloop
  endfacet
  facet normal -0.775148272514 0.542244970798 -0.324215322733
    outer loop
      vertex 0.0595381222665 -0.110277041793 -0.237254723907
      vertex 0.0593369826674 -0.108121529222 -0.238831073046
      vertex 0.0583279728889 -0.109751872718 -0.239298656583
    endloop
  endfacet
  facet normal -0.775147378445 0.542245864868 -0.324216008186
    outer loop
      vertex 0.024727858603 -0.117791213095 -0.28252363205
      vertex 0.0253362506628 -0.115079693496 -0.283275187016
      vertex 0.0235000289977 -0.116104982793 -0.285287052393
    endloop
  endfacet
  facet normal -0.77514731884 0.542245328426 -0.324216991663
    outer loop
      vertex 0.0487539805472 -0.0958972126245 -0.26126870513
      vertex 0.0501263961196 -0.0971042662859 -0.258585095406
      vertex 0.0505552962422 -0.0951531231403 -0.259138613939
    endloop
  endfacet
  facet normal -0.77514731884 0.542245149612 -0.324217349291
    outer loop
      vertex 0.053601808846 -0.0945166125894 -0.255164146423
      vertex 0.0546214655042 -0.0935979411006 -0.254255831242
      vertex 0.0541068837047 -0.0934173688293 -0.255099385977
    endloop
  endfacet
  facet normal -0.775147616863 0.542245030403 -0.324216723442
    outer loop
      vertex 0.0361361168325 -0.14608605206 -0.249297499657
      vertex 0.0369536019862 -0.147588029504 -0.24723084271
      vertex 0.0375612676144 -0.145335629582 -0.247708916664
    endloop
  endfacet
  facet normal -0.775147140026 0.542245686054 -0.324216783047
    outer loop
      vertex 0.0324125736952 -0.101721353829 -0.281146645546
      vertex 0.0313295908272 -0.102765262127 -0.282070606947
      vertex 0.0323492176831 -0.103795915842 -0.279996782541
    endloop
  endfacet
  facet normal -0.775146603584 0.54224640131 -0.324216842651
    outer loop
      vertex 0.0575514100492 -0.129600405693 -0.228541046381
      vertex 0.0591749884188 -0.12977065146 -0.226118341088
      vertex 0.0592941343784 -0.127535864711 -0.227284222841
    endloop
  endfacet
  facet normal -0.775147974491 0.542245328426 -0.324215382338
    outer loop
      vertex 0.0568954795599 -0.103524200618 -0.245070040226
      vertex 0.0559368617833 -0.102686166763 -0.24694147706
      vertex 0.0556839331985 -0.104093059897 -0.246461838484
    endloop
  endfacet
  facet normal -0.775146961212 0.542246222496 -0.324216395617
    outer loop
      vertex 0.0617674328387 -0.126361101866 -0.22445102036
      vertex 0.0609099641442 -0.125379934907 -0.226263448596
      vertex 0.0610667914152 -0.128435909748 -0.224212035537
    endloop
  endfacet
  facet normal -0.775147616863 0.54224473238 -0.324217289686
    outer loop
      vertex 0.0575514100492 -0.129600405693 -0.228541046381
      vertex 0.0580798536539 -0.12730409205 -0.229158639908
      vertex 0.0565310232341 -0.128168910742 -0.230855628848
    endloop
  endfacet
  facet normal -0.775147020817 0.542245984077 -0.324216604233
    outer loop
      vertex 0.0618784278631 -0.111852966249 -0.232966959476
      vertex 0.0636859834194 -0.109861493111 -0.231573760509
      vertex 0.0626147016883 -0.109436556697 -0.233359247446
    endloop
  endfacet
  facet normal -0.775147378445 0.542245745659 -0.324216097593
    outer loop
      vertex 0.0629150494933 -0.104034051299 -0.236160129309
      vertex 0.0621297881007 -0.101740010083 -0.238654315472
      vertex 0.0610358677804 -0.103403143585 -0.239223688841
    endloop
  endfacet
  facet normal -0.77514642477 0.542245984077 -0.324217915535
    outer loop
      vertex 0.0483811050653 -0.141193047166 -0.234718725085
      vertex 0.0495331473649 -0.141816467047 -0.232699111104
      vertex 0.0497287325561 -0.139266893268 -0.23394395411
    endloop
  endfacet
  facet normal -0.775118410587 0.542269706726 -0.324245333672
    outer loop
      vertex 0.0199072882533 -0.132523298264 -0.280606210232
      vertex 0.0199602302164 -0.132723793387 -0.280410647392
      vertex 0.019698113203 -0.131542146206 -0.281491875648
    endloop
  endfacet
  facet normal -0.775148153305 0.542245268822 -0.324214994907
    outer loop
      vertex 0.022104088217 -0.120362453163 -0.284736961126
      vertex 0.0203642528504 -0.122566580772 -0.285906225443
      vertex 0.0227315351367 -0.122419402003 -0.282610148191
    endloop
  endfacet
  facet normal -0.775147378445 0.542245745659 -0.324216097593
    outer loop
      vertex 0.0240848828107 -0.135145261884 -0.273066550493
      vertex 0.0231256652623 -0.137808024883 -0.27284565568
      vertex 0.0247400831431 -0.137359261513 -0.270806163549
    endloop
  endfacet
  facet normal -0.775146842003 0.542246639729 -0.324215888977
    outer loop
      vertex 0.0594314485788 -0.132275223732 -0.224254205823
      vertex 0.0582526884973 -0.132081955671 -0.226054802537
      vertex 0.0587406270206 -0.133585840464 -0.224458113313
    endloop
  endfacet
  facet normal -0.7751480937 0.542245030403 -0.324215531349
    outer loop
      vertex 0.0583952851593 -0.123879417777 -0.230755388737
      vertex 0.0576622970402 -0.125991865993 -0.230540141463
      vertex 0.0590366907418 -0.125454962254 -0.228896439075
    endloop
  endfacet
  facet normal -0.775148928165 0.542245566845 -0.324212700129
    outer loop
      vertex 0.0583102107048 -0.106618747115 -0.241197392344
      vertex 0.056920748204 -0.106093287468 -0.24349783361
      vertex 0.0571637116373 -0.106575578451 -0.242862135172
    endloop
  endfacet
  facet normal -0.775149166584 0.542244553566 -0.324213773012
    outer loop
      vertex 0.0212261900306 -0.133903041482 -0.277895838022
      vertex 0.0199602302164 -0.132723793387 -0.280410647392
      vertex 0.0203192941844 -0.13395935297 -0.279158592224
    endloop
  endfacet
  facet normal -0.775147140026 0.542244076729 -0.32421952486
    outer loop
      vertex 0.0241678413004 -0.120216213167 -0.281874239445
      vertex 0.0253943372518 -0.119193665683 -0.280732363462
      vertex 0.0254697110504 -0.118913382292 -0.280792206526
    endloop
  endfacet
  facet normal -0.775146603584 0.542246103287 -0.324217379093
    outer loop
      vertex 0.0245814118534 -0.123031936586 -0.279599487782
      vertex 0.0227315351367 -0.122419402003 -0.282610148191
      vertex 0.0229780338705 -0.124314144254 -0.281124889851
    endloop
  endfacet
  facet normal -0.775147199631 0.542245686054 -0.324216663837
    outer loop
      vertex 0.0632759183645 -0.119443953037 -0.226430475712
      vertex 0.063477024436 -0.117680355906 -0.227197483182
      vertex 0.0614517740905 -0.120030239224 -0.228687569499
    endloop
  endfacet
  facet normal -0.775146842003 0.542249500751 -0.324211150408
    outer loop
      vertex 0.0358591862023 -0.153638273478 -0.245177805424
      vertex 0.0371792986989 -0.152271091938 -0.244108140469
      vertex 0.0357388593256 -0.153648197651 -0.245343878865
    endloop
  endfacet
  facet normal -0.775148034096 0.542244553566 -0.32421657443
    outer loop
      vertex 0.0273269508034 -0.110187701881 -0.283354461193
      vertex 0.025715475902 -0.112238720059 -0.284431755543
      vertex 0.0269382297993 -0.113367728889 -0.282008737326
    endloop
  endfacet
  facet normal -0.775147914886 0.542244553566 -0.324216902256
    outer loop
      vertex 0.036389708519 -0.0984588041902 -0.277411997318
      vertex 0.0346964560449 -0.099756270647 -0.279056727886
      vertex 0.0348476655781 -0.101343542337 -0.277891546488
    endloop
  endfacet
  facet normal -0.775148034096 0.542245090008 -0.324215590954
    outer loop
      vertex 0.0600959919393 -0.114408232272 -0.233987152576
      vertex 0.0599331781268 -0.112445518374 -0.235393434763
      vertex 0.0588654875755 -0.114434994757 -0.235730171204
    endloop
  endfacet
  facet normal -0.775147497654 0.54224562645 -0.324216067791
    outer loop
      vertex 0.0369536019862 -0.147588029504 -0.24723084271
      vertex 0.0348912030458 -0.148920893669 -0.249382138252
      vertex 0.0358227305114 -0.150246158242 -0.247258111835
    endloop
  endfacet
  facet normal -0.775147497654 0.542245447636 -0.324216365814
    outer loop
      vertex 0.037119589746 -0.10263505578 -0.273871570826
      vertex 0.037884440273 -0.0996854230762 -0.274541825056
      vertex 0.0361972115934 -0.101342894137 -0.275962740183
    endloop
  endfacet
  facet normal -0.775147259235 0.542246282101 -0.324215531349
    outer loop
      vertex 0.0375796705484 -0.103433378041 -0.272736549377
      vertex 0.037119589746 -0.10263505578 -0.273871570826
      vertex 0.0370730012655 -0.103750795126 -0.273271054029
    endloop
  endfacet
  facet normal -0.775131225586 0.542252600193 -0.324243247509
    outer loop
      vertex 0.0588977597654 -0.0966984704137 -0.246288955212
      vertex 0.0596532672644 -0.0975762084126 -0.244684129953
      vertex 0.0593832880259 -0.0972479656339 -0.245266333222
    endloop
  endfacet
  facet normal -0.775147795677 0.542246043682 -0.324214607477
    outer loop
      vertex 0.0211807452142 -0.125893861055 -0.282749593258
      vertex 0.0207495428622 -0.128227472305 -0.281970709562
      vertex 0.0228478014469 -0.126549392939 -0.279974579811
    endloop
  endfacet
  facet normal -0.775147497654 0.542246460915 -0.324214696884
    outer loop
      vertex 0.0386391095817 -0.150179028511 -0.243272185326
      vertex 0.0385724380612 -0.15319250524 -0.241565704346
      vertex 0.0399133786559 -0.151184976101 -0.240849137306
    endloop
  endfacet
  facet normal -0.775147020817 0.542245745659 -0.324217021465
    outer loop
      vertex 0.0635356158018 -0.10762155056 -0.233128011227
      vertex 0.0624553710222 -0.108045838773 -0.234418556094
      vertex 0.0626147016883 -0.109436556697 -0.233359247446
    endloop
  endfacet
  facet normal -0.775147616863 0.542245388031 -0.324216187
    outer loop
      vertex 0.0311089642346 -0.105602666736 -0.280689477921
      vertex 0.0327679365873 -0.106018669903 -0.278069198132
      vertex 0.0323492176831 -0.103795915842 -0.279996782541
    endloop
  endfacet
  facet normal -0.775147199631 0.542246282101 -0.324215650558
    outer loop
      vertex 0.0339915156364 -0.106105819345 -0.276267975569
      vertex 0.0327679365873 -0.106018669903 -0.278069198132
      vertex 0.0329609811306 -0.107095196843 -0.27714958787
    endloop
  endfacet
  facet normal -0.775147378445 0.542245745659 -0.324216067791
    outer loop
      vertex 0.0592941343784 -0.127535864711 -0.227284222841
      vertex 0.0610667914152 -0.128435909748 -0.224212035537
      vertex 0.0609099641442 -0.125379934907 -0.226263448596
    endloop
  endfacet
  facet normal -0.775147676468 0.542246103287 -0.324214786291
    outer loop
      vertex 0.0293163992465 -0.110310442746 -0.280437111855
      vertex 0.0280578453094 -0.111874416471 -0.281301110983
      vertex 0.0284952092916 -0.112614601851 -0.280233323574
    endloop
  endfacet
  facet normal -0.775147795677 0.54224473238 -0.324216812849
    outer loop
      vertex 0.045075841248 -0.13854020834 -0.241029813886
      vertex 0.0437551960349 -0.139410093427 -0.242397591472
      vertex 0.0444182530046 -0.141273528337 -0.240335553885
    endloop
  endfacet
  facet normal -0.7751480937 0.542245149612 -0.324215441942
    outer loop
      vertex 0.0198421832174 -0.124761492014 -0.285340160131
      vertex 0.0206851754338 -0.125309675932 -0.283807307482
      vertex 0.0213962886482 -0.12412878871 -0.283496826887
    endloop
  endfacet
  facet normal -0.775147676468 0.542245268822 -0.324216157198
    outer loop
      vertex 0.0214477516711 -0.137146100402 -0.275640040636
      vertex 0.0231256652623 -0.137808024883 -0.27284565568
      vertex 0.0240848828107 -0.135145261884 -0.273066550493
    endloop
  endfacet
  facet normal -0.77514731884 0.542246103287 -0.324215680361
    outer loop
      vertex 0.0435554124415 -0.0996857658029 -0.266434907913
      vertex 0.0420846194029 -0.100098624825 -0.268290549517
      vertex 0.0426414012909 -0.10112054646 -0.266883611679
    endloop
  endfacet
  facet normal -0.775147736073 0.542245566845 -0.324215620756
    outer loop
      vertex 0.0594250522554 -0.104135289788 -0.241088598967
      vertex 0.0583102107048 -0.106618747115 -0.241197392344
      vertex 0.0604009181261 -0.105614237487 -0.238809302449
    endloop
  endfacet
  facet normal -0.775147795677 0.542245745659 -0.324215114117
    outer loop
      vertex 0.0389609187841 -0.153065130115 -0.241086527705
      vertex 0.0399133786559 -0.151184976101 -0.240849137306
      vertex 0.0385724380612 -0.15319250524 -0.241565704346
    endloop
  endfacet
  facet normal -0.775147974491 0.542245388031 -0.324215352535
    outer loop
      vertex 0.0331842340529 -0.148952871561 -0.251803159714
      vertex 0.0318341478705 -0.148847013712 -0.25379639864
      vertex 0.0314025431871 -0.151097238064 -0.253067940474
    endloop
  endfacet
  facet normal -0.775147855282 0.542244970798 -0.32421630621
    outer loop
      vertex 0.0203642528504 -0.122566580772 -0.285906225443
      vertex 0.0213962886482 -0.12412878871 -0.283496826887
      vertex 0.0227315351367 -0.122419402003 -0.282610148191
    endloop
  endfacet
  facet normal -0.775147736073 0.542245149612 -0.324216276407
    outer loop
      vertex 0.0537015460432 -0.13937446475 -0.228200435638
      vertex 0.0524437986314 -0.138398364186 -0.230582043529
      vertex 0.0524608716369 -0.14087356627 -0.229077666998
    endloop
  endfacet
  facet normal -0.775147914886 0.542245030403 -0.324216067791
    outer loop
      vertex 0.0588578060269 -0.115618251264 -0.235033676028
      vertex 0.0600959919393 -0.114408232272 -0.233987152576
      vertex 0.0588654875755 -0.114434994757 -0.235730171204
    endloop
  endfacet
  facet normal -0.775147497654 0.542245864868 -0.324215561152
    outer loop
      vertex 0.0512354150414 -0.136958286166 -0.233170479536
      vertex 0.0494229309261 -0.137080416083 -0.23568841815
      vertex 0.0497287325561 -0.139266893268 -0.23394395411
    endloop
  endfacet
  facet normal -0.775077044964 0.542389929295 -0.324143141508
    outer loop
      vertex 0.0255682561547 -0.110356420279 -0.285767644644
      vertex 0.0247988272458 -0.111687369645 -0.286071777344
      vertex 0.0247341971844 -0.111806832254 -0.286092728376
    endloop
  endfacet
  facet normal -0.775176405907 0.542188286781 -0.324242860079
    outer loop
      vertex 0.0583984851837 -0.13422255218 -0.224566504359
      vertex 0.0587406270206 -0.133585840464 -0.224458113313
      vertex 0.0582615658641 -0.134456336498 -0.22462245822
    endloop
  endfacet
  facet normal -0.775146305561 0.542247414589 -0.324215918779
    outer loop
      vertex 0.0269382297993 -0.113367728889 -0.282008737326
      vertex 0.0277658998966 -0.113833293319 -0.280547231436
      vertex 0.0280578453094 -0.111874416471 -0.281301110983
    endloop
  endfacet
  facet normal -0.775147795677 0.542245030403 -0.324216276407
    outer loop
      vertex 0.0618784278631 -0.111852966249 -0.232966959476
      vertex 0.0600959919393 -0.114408232272 -0.233987152576
      vertex 0.0620204359293 -0.114430382848 -0.231222882867
    endloop
  endfacet
  facet normal -0.775147736073 0.542245388031 -0.32421579957
    outer loop
      vertex 0.0452329330146 -0.0993230044842 -0.264253765345
      vertex 0.0446486324072 -0.0972155034542 -0.266349136829
      vertex 0.0435554124415 -0.0996857658029 -0.266434907913
    endloop
  endfacet
  facet normal -0.775149047375 0.542241096497 -0.324219942093
    outer loop
      vertex 0.0274701565504 -0.107398107648 -0.284817665815
      vertex 0.0292909834534 -0.105017341673 -0.283638268709
      vertex 0.0289710462093 -0.105397023261 -0.283868610859
    endloop
  endfacet
  facet normal -0.775148332119 0.542239964008 -0.324223577976
    outer loop
      vertex 0.0334832780063 -0.100756727159 -0.280192822218
      vertex 0.0324125736952 -0.101721353829 -0.281146645546
      vertex 0.0346964560449 -0.099756270647 -0.279056727886
    endloop
  endfacet
  facet normal -0.775147378445 0.542245566845 -0.324216425419
    outer loop
      vertex 0.058685105294 -0.117809213698 -0.233970537782
      vertex 0.0596785359085 -0.116837568581 -0.233131378889
      vertex 0.0587937384844 -0.116603545845 -0.234536141157
    endloop
  endfacet
  facet normal -0.775147736073 0.542245268822 -0.324216157198
    outer loop
      vertex 0.0220644939691 -0.129336327314 -0.279427975416
      vertex 0.0210676882416 -0.131803378463 -0.27937784791
      vertex 0.0231989528984 -0.130805522203 -0.276927798986
    endloop
  endfacet
  facet normal -0.775148272514 0.542241036892 -0.324221879244
    outer loop
      vertex 0.036389708519 -0.0984588041902 -0.277411997318
      vertex 0.0356050543487 -0.0990397930145 -0.278186291456
      vertex 0.0346964560449 -0.099756270647 -0.279056727886
    endloop
  endfacet
  facet normal -0.775147855282 0.542245149612 -0.324215978384
    outer loop
      vertex 0.0483811050653 -0.141193047166 -0.234718725085
      vertex 0.0471542961895 -0.140630215406 -0.236808985472
      vertex 0.0469328165054 -0.143085628748 -0.235657468438
    endloop
  endfacet
  facet normal -0.775147736073 0.542245090008 -0.324216336012
    outer loop
      vertex 0.0475545935333 -0.138147830963 -0.237721011043
      vertex 0.0494229309261 -0.137080416083 -0.23568841815
      vertex 0.0483490750194 -0.136459335685 -0.237594872713
    endloop
  endfacet
  facet normal -0.775147378445 0.542245566845 -0.324216365814
    outer loop
      vertex 0.0524437986314 -0.138398364186 -0.230582043529
      vertex 0.0512354150414 -0.136958286166 -0.233170479536
      vertex 0.0510256327689 -0.139992788434 -0.231656000018
    endloop
  endfacet
  facet normal -0.775147795677 0.542245090008 -0.324216246605
    outer loop
      vertex 0.0475545935333 -0.138147830963 -0.237721011043
      vertex 0.0483992919326 -0.139321565628 -0.235811710358
      vertex 0.0494229309261 -0.137080416083 -0.23568841815
    endloop
  endfacet
  facet normal -0.77514654398 0.542246222496 -0.324217349291
    outer loop
      vertex 0.0293673202395 -0.1075931862 -0.281989008188
      vertex 0.0293163992465 -0.110310442746 -0.280437111855
      vertex 0.0310035683215 -0.108010694385 -0.279400348663
    endloop
  endfacet
  facet normal -0.775146722794 0.542246639729 -0.324216127396
    outer loop
      vertex 0.0386391095817 -0.150179028511 -0.243272185326
      vertex 0.0399133786559 -0.151184976101 -0.240849137306
      vertex 0.0397805050015 -0.149378225207 -0.24211935699
    endloop
  endfacet
  facet normal -0.775146782398 0.54224729538 -0.3242149055
    outer loop
      vertex 0.0429010950029 -0.139972612262 -0.243282198906
      vertex 0.0421202667058 -0.141323491931 -0.243590682745
      vertex 0.0437551960349 -0.139410093427 -0.242397591472
    endloop
  endfacet
  facet normal -0.77514642477 0.542246699333 -0.324216753244
    outer loop
      vertex 0.0421202667058 -0.141323491931 -0.243590682745
      vertex 0.0407299995422 -0.142535492778 -0.244853422046
      vertex 0.0414749830961 -0.143618986011 -0.243140622973
    endloop
  endfacet
  facet normal -0.775144040585 0.542248666286 -0.324219197035
    outer loop
      vertex 0.0354189947248 -0.103590913117 -0.275731086731
      vertex 0.0356836020947 -0.104700930417 -0.274689108133
      vertex 0.0357380472124 -0.104659855366 -0.274635851383
    endloop
  endfacet
  facet normal -0.775147020817 0.542245924473 -0.32421669364
    outer loop
      vertex 0.037322666496 -0.14360755682 -0.249083250761
      vertex 0.039085842669 -0.143528699875 -0.246609911323
      vertex 0.0387220680714 -0.141957715154 -0.248069241643
    endloop
  endfacet
  facet normal -0.775146961212 0.542245268822 -0.324217945337
    outer loop
      vertex 0.0310035683215 -0.108010694385 -0.279400348663
      vertex 0.031643755734 -0.108440510929 -0.278228193521
      vertex 0.0318680740893 -0.108197890222 -0.278052598238
    endloop
  endfacet
  facet normal -0.775147676468 0.542245388031 -0.324215948582
    outer loop
      vertex 0.0568954795599 -0.103524200618 -0.245070040226
      vertex 0.0577251166105 -0.104730367661 -0.243162870407
      vertex 0.0587915964425 -0.102327153087 -0.243075251579
    endloop
  endfacet
  facet normal -0.775147557259 0.542245328426 -0.324216365814
    outer loop
      vertex 0.0240164585412 -0.113165184855 -0.28630656004
      vertex 0.0253362506628 -0.115079693496 -0.283275187016
      vertex 0.025715475902 -0.112238720059 -0.284431755543
    endloop
  endfacet
  facet normal -0.775147438049 0.542245388031 -0.324216604233
    outer loop
      vertex 0.0292909834534 -0.105017341673 -0.283638268709
      vertex 0.0274701565504 -0.107398107648 -0.284817665815
      vertex 0.0293673202395 -0.1075931862 -0.281989008188
    endloop
  endfacet
  facet normal -0.775148868561 0.542243301868 -0.324216604233
    outer loop
      vertex 0.0266535896808 -0.140353709459 -0.266280353069
      vertex 0.0275535862893 -0.137832865119 -0.266501039267
      vertex 0.0258018635213 -0.13901437819 -0.268298715353
    endloop
  endfacet
  facet normal -0.775146901608 0.542246162891 -0.324216634035
    outer loop
      vertex 0.0361361168325 -0.14608605206 -0.249297499657
      vertex 0.034574829042 -0.146675348282 -0.251177042723
      vertex 0.0348912030458 -0.148920893669 -0.249382138252
    endloop
  endfacet
  facet normal -0.775147736073 0.542245149612 -0.324216187
    outer loop
      vertex 0.0330983921885 -0.146573096514 -0.253348767757
      vertex 0.0324202626944 -0.145340800285 -0.255054950714
      vertex 0.0313713401556 -0.147366538644 -0.255343198776
    endloop
  endfacet
  facet normal -0.775145411491 0.542253136635 -0.324208498001
    outer loop
      vertex 0.0313295908272 -0.102765262127 -0.282070606947
      vertex 0.0302073583007 -0.103954330087 -0.282963871956
      vertex 0.0292909834534 -0.105017341673 -0.283638268709
    endloop
  endfacet
  facet normal -0.775117814541 0.542299449444 -0.324197053909
    outer loop
      vertex 0.0230482518673 -0.115182369947 -0.286484539509
      vertex 0.0240164585412 -0.113165184855 -0.28630656004
      vertex 0.0235626157373 -0.114086225629 -0.286404639482
    endloop
  endfacet
  facet normal -0.775153279305 0.542186319828 -0.324301481247
    outer loop
      vertex 0.0356050543487 -0.0990397930145 -0.278186291456
      vertex 0.036389708519 -0.0984588041902 -0.277411997318
      vertex 0.0360069982708 -0.0987374857068 -0.277792453766
    endloop
  endfacet
  facet normal -0.775147557259 0.542244493961 -0.324217706919
    outer loop
      vertex 0.0452004522085 -0.138451293111 -0.240904852748
      vertex 0.0458448603749 -0.139732345939 -0.239217698574
      vertex 0.0464668124914 -0.137617066503 -0.239593371749
    endloop
  endfacet
  facet normal -0.775147497654 0.542245149612 -0.324216812849
    outer loop
      vertex 0.031643755734 -0.108440510929 -0.278228193521
      vertex 0.0310035683215 -0.108010694385 -0.279400348663
      vertex 0.0313324928284 -0.108804725111 -0.278455376625
    endloop
  endfacet
  facet normal -0.775147438049 0.542245447636 -0.324216485023
    outer loop
      vertex 0.0510256327689 -0.139992788434 -0.231656000018
      vertex 0.0524608716369 -0.14087356627 -0.229077666998
      vertex 0.0524437986314 -0.138398364186 -0.230582043529
    endloop
  endfacet
  facet normal -0.775147378445 0.542245328426 -0.324216842651
    outer loop
      vertex 0.057850766927 -0.0981162339449 -0.246937945485
      vertex 0.057716127485 -0.0955424904823 -0.248669281602
      vertex 0.0559935308993 -0.0991242751479 -0.248990163207
    endloop
  endfacet
  facet normal -0.775147020817 0.542245924473 -0.324216663837
    outer loop
      vertex 0.037322666496 -0.14360755682 -0.249083250761
      vertex 0.0375612676144 -0.145335629582 -0.247708916664
      vertex 0.039085842669 -0.143528699875 -0.246609911323
    endloop
  endfacet
  facet normal -0.77514731884 0.542246282101 -0.324215352535
    outer loop
      vertex 0.0578185431659 -0.108112476766 -0.241007119417
      vertex 0.0583102107048 -0.106618747115 -0.241197392344
      vertex 0.0575669296086 -0.107485309243 -0.241741791368
    endloop
  endfacet
  facet normal -0.775147974491 0.542244970798 -0.324216037989
    outer loop
      vertex 0.0231256652623 -0.137808024883 -0.27284565568
      vertex 0.0226525589824 -0.140041559935 -0.272186517715
      vertex 0.0236879400909 -0.138903021812 -0.271387189627
    endloop
  endfacet
  facet normal -0.775146842003 0.542246699333 -0.32421579957
    outer loop
      vertex 0.0533737763762 -0.141603633761 -0.227336153388
      vertex 0.0524608716369 -0.14087356627 -0.229077666998
      vertex 0.0523961111903 -0.142802447081 -0.228016942739
    endloop
  endfacet
  facet normal -0.775148153305 0.542244434357 -0.324216485023
    outer loop
      vertex 0.0240164585412 -0.113165184855 -0.28630656004
      vertex 0.0230482518673 -0.115182369947 -0.286484539509
      vertex 0.0235000289977 -0.116104982793 -0.285287052393
    endloop
  endfacet
  facet normal -0.775147199631 0.542246043682 -0.324216127396
    outer loop
      vertex 0.053601808846 -0.0945166125894 -0.255164146423
      vertex 0.0526300631464 -0.0964968279004 -0.255369275808
      vertex 0.0545298270881 -0.0953256189823 -0.25335380435
    endloop
  endfacet
  facet normal -0.775146961212 0.542246162891 -0.324216365814
    outer loop
      vertex 0.0453912802041 -0.142798736691 -0.238032653928
      vertex 0.0469328165054 -0.143085628748 -0.235657468438
      vertex 0.0471542961895 -0.140630215406 -0.236808985472
    endloop
  endfacet
  facet normal -0.775147855282 0.542245447636 -0.324215501547
    outer loop
      vertex 0.0576622970402 -0.125991865993 -0.230540141463
      vertex 0.0583952851593 -0.123879417777 -0.230755388737
      vertex 0.0569023862481 -0.125366166234 -0.232000559568
    endloop
  endfacet
  facet normal -0.775147616863 0.542226374149 -0.324247926474
    outer loop
      vertex 0.0384293273091 -0.0971197187901 -0.275296986103
      vertex 0.0372791625559 -0.0978527292609 -0.276502877474
      vertex 0.036389708519 -0.0984588041902 -0.277411997318
    endloop
  endfacet
  facet normal -0.775147259235 0.542245686054 -0.324216485023
    outer loop
      vertex 0.0494229309261 -0.137080416083 -0.23568841815
      vertex 0.0512354150414 -0.136958286166 -0.233170479536
      vertex 0.05068712309 -0.134950757027 -0.235154598951
    endloop
  endfacet
  facet normal -0.775147974491 0.542245328426 -0.32421541214
    outer loop
      vertex 0.0512354150414 -0.136958286166 -0.233170479536
      vertex 0.0524437986314 -0.138398364186 -0.230582043529
      vertex 0.0525537319481 -0.136578887701 -0.231512770057
    endloop
  endfacet
  facet normal -0.775147855282 0.542245090008 -0.324216067791
    outer loop
      vertex 0.0560335852206 -0.127747818828 -0.231818497181
      vertex 0.0565310232341 -0.128168910742 -0.230855628848
      vertex 0.0566917546093 -0.125952139497 -0.231951296329
    endloop
  endfacet
  facet normal -0.77514731884 0.542245924473 -0.324216067791
    outer loop
      vertex 0.0417257808149 -0.145639881492 -0.241573780775
      vertex 0.0429502986372 -0.147114276886 -0.23894174397
      vertex 0.0436084493995 -0.144151136279 -0.239772617817
    endloop
  endfacet
  facet normal -0.775147378445 0.542245686054 -0.324216216803
    outer loop
      vertex 0.0331842340529 -0.148952871561 -0.251803159714
      vertex 0.0348912030458 -0.148920893669 -0.249382138252
      vertex 0.034574829042 -0.146675348282 -0.251177042723
    endloop
  endfacet
  facet normal -0.775147557259 0.542245566845 -0.324216067791
    outer loop
      vertex 0.0369536019862 -0.147588029504 -0.24723084271
      vertex 0.0358227305114 -0.150246158242 -0.247258111835
      vertex 0.0370694175363 -0.149992480874 -0.245627641678
    endloop
  endfacet
  facet normal -0.775146961212 0.542245984077 -0.324216812849
    outer loop
      vertex 0.0604009181261 -0.105614237487 -0.238809302449
      vertex 0.0610358677804 -0.103403143585 -0.239223688841
      vertex 0.0594250522554 -0.104135289788 -0.241088598967
    endloop
  endfacet
  facet normal -0.77514976263 0.542296826839 -0.324124991894
    outer loop
      vertex 0.0385481528938 -0.0970451161265 -0.275171726942
      vertex 0.038503434509 -0.0970734357834 -0.275218725204
      vertex 0.0397126860917 -0.0963708683848 -0.273910164833
    endloop
  endfacet
  facet normal -0.775147438049 0.542245984077 -0.324215531349
    outer loop
      vertex 0.0534122027457 -0.101990588009 -0.250966399908
      vertex 0.0540260411799 -0.100663892925 -0.250882148743
      vertex 0.0526210702956 -0.101533025503 -0.252370923758
    endloop
  endfacet
  facet normal -0.775147616863 0.542246460915 -0.324214309454
    outer loop
      vertex 0.0284106656909 -0.139081522822 -0.264529258013
      vertex 0.0274040959775 -0.14166790247 -0.264421731234
      vertex 0.0295075662434 -0.140277400613 -0.262246191502
    endloop
  endfacet
  facet normal -0.775147199631 0.542245864868 -0.324216365814
    outer loop
      vertex 0.0384589470923 -0.102929472923 -0.271780908108
      vertex 0.0393838882446 -0.10108743608 -0.271560072899
      vertex 0.037119589746 -0.10263505578 -0.273871570826
    endloop
  endfacet
  facet normal -0.775147497654 0.54224550724 -0.324216187
    outer loop
      vertex 0.0397126860917 -0.0963708683848 -0.273910164833
      vertex 0.0384293273091 -0.0971197187901 -0.275296986103
      vertex 0.039801992476 -0.0978342890739 -0.272907495499
    endloop
  endfacet
  facet normal -0.775147497654 0.542245447636 -0.324216276407
    outer loop
      vertex 0.0354874692857 -0.104861155152 -0.274873703718
      vertex 0.0354189947248 -0.103590913117 -0.275731086731
      vertex 0.0343198217452 -0.105818159878 -0.275970667601
    endloop
  endfacet
  facet normal -0.775146722794 0.54224640131 -0.324216514826
    outer loop
      vertex 0.0249076299369 -0.121022500098 -0.280334621668
      vertex 0.0241678413004 -0.120216213167 -0.281874239445
      vertex 0.0247527174652 -0.121850505471 -0.280061006546
    endloop
  endfacet
  facet normal -0.775146722794 0.542245864868 -0.324217498302
    outer loop
      vertex 0.0621297881007 -0.101740010083 -0.238654315472
      vertex 0.0613449774683 -0.100131891668 -0.240737736225
      vertex 0.0605242587626 -0.101816937327 -0.240903452039
    endloop
  endfacet
  facet normal -0.775146961212 0.54224550724 -0.3242174685
    outer loop
      vertex 0.0475545935333 -0.138147830963 -0.237721011043
      vertex 0.0471542961895 -0.140630215406 -0.236808985472
      vertex 0.0483992919326 -0.139321565628 -0.235811710358
    endloop
  endfacet
  facet normal -0.775147378445 0.54224550724 -0.324216604233
    outer loop
      vertex 0.0350244790316 -0.142224997282 -0.25319519639
      vertex 0.0337497927248 -0.143761098385 -0.254098922014
      vertex 0.0346999317408 -0.144400477409 -0.25235837698
    endloop
  endfacet
  facet normal -0.775147497654 0.542245090008 -0.324216872454
    outer loop
      vertex 0.0483490750194 -0.136459335685 -0.237594872713
      vertex 0.0494229309261 -0.137080416083 -0.23568841815
      vertex 0.0490508526564 -0.135987147689 -0.236873999238
    endloop
  endfacet
  facet normal -0.775147795677 0.542245268822 -0.324215888977
    outer loop
      vertex 0.0222703237087 -0.116938404739 -0.286546617746
      vertex 0.0217558275908 -0.118269279599 -0.28648635745
      vertex 0.0228623840958 -0.118357114494 -0.284851998091
    endloop
  endfacet
  facet normal -0.775147497654 0.542246103287 -0.324215322733
    outer loop
      vertex 0.0579385012388 -0.100633621216 -0.245307341218
      vertex 0.0563146732748 -0.100795783103 -0.247531667352
      vertex 0.0559368617833 -0.102686166763 -0.24694147706
    endloop
  endfacet
  facet normal -0.775148272514 0.542244434357 -0.324216276407
    outer loop
      vertex 0.046341329813 -0.0970288738608 -0.264040976763
      vertex 0.0473826080561 -0.0967315658927 -0.262730240822
      vertex 0.0474117100239 -0.0949526131153 -0.263752281666
    endloop
  endfacet
  facet normal -0.775148868561 0.542243719101 -0.324215918779
    outer loop
      vertex 0.0267775673419 -0.135915055871 -0.268757075071
      vertex 0.0258018635213 -0.13901437819 -0.268298715353
      vertex 0.0275535862893 -0.137832865119 -0.266501039267
    endloop
  endfacet
  facet normal -0.775147438049 0.542245566845 -0.324216276407
    outer loop
      vertex 0.0393838882446 -0.10108743608 -0.271560072899
      vertex 0.0398785956204 -0.102193430066 -0.270191580057
      vertex 0.0400922261178 -0.102101020515 -0.269941449165
    endloop
  endfacet
  facet normal -0.775147676468 0.542245030403 -0.324216663837
    outer loop
      vertex 0.0293673202395 -0.1075931862 -0.281989008188
      vertex 0.0273269508034 -0.110187701881 -0.283354461193
      vertex 0.0293163992465 -0.110310442746 -0.280437111855
    endloop
  endfacet
  facet normal -0.775100529194 0.542278647423 -0.324273169041
    outer loop
      vertex 0.0216627698392 -0.137697473168 -0.275002986193
      vertex 0.0219727158546 -0.138449877501 -0.274110049009
      vertex 0.0214477516711 -0.137146100402 -0.275640040636
    endloop
  endfacet
  facet normal -0.775148391724 0.542244553566 -0.324215680361
    outer loop
      vertex 0.0393838882446 -0.10108743608 -0.271560072899
      vertex 0.0412587784231 -0.0986279249191 -0.270350456238
      vertex 0.039801992476 -0.0978342890739 -0.272907495499
    endloop
  endfacet
  facet normal -0.775147140026 0.542245864868 -0.324216485023
    outer loop
      vertex 0.0606259331107 -0.0989451408386 -0.242475196719
      vertex 0.0596532672644 -0.0975762084126 -0.244684129953
      vertex 0.0579385012388 -0.100633621216 -0.245307341218
    endloop
  endfacet
  facet normal -0.77514731884 0.542246043682 -0.324215710163
    outer loop
      vertex 0.0228478014469 -0.126549392939 -0.279974579811
      vertex 0.0229780338705 -0.124314144254 -0.281124889851
      vertex 0.0211807452142 -0.125893861055 -0.282749593258
    endloop
  endfacet
  facet normal -0.775147855282 0.54224473238 -0.324216753244
    outer loop
      vertex 0.0399798862636 -0.147721201181 -0.242825105786
      vertex 0.0409365594387 -0.148633703589 -0.240911930799
      vertex 0.0417257808149 -0.145639881492 -0.241573780775
    endloop
  endfacet
  facet normal -0.775147914886 0.542245447636 -0.324215233326
    outer loop
      vertex 0.0225609932095 -0.116250604391 -0.286542356014
      vertex 0.0222703237087 -0.116938404739 -0.286546617746
      vertex 0.0235000289977 -0.116104982793 -0.285287052393
    endloop
  endfacet
  facet normal -0.775146484375 0.542246520519 -0.324216902256
    outer loop
      vertex 0.0241678413004 -0.120216213167 -0.281874239445
      vertex 0.0254697110504 -0.118913382292 -0.280792206526
      vertex 0.024727858603 -0.117791213095 -0.28252363205
    endloop
  endfacet
  facet normal -0.775147795677 0.542245686054 -0.324215173721
    outer loop
      vertex 0.0471969954669 -0.145674005151 -0.23373220861
      vertex 0.045644313097 -0.145224139094 -0.236220762134
      vertex 0.045554805547 -0.147901967168 -0.234747603536
    endloop
  endfacet
  facet normal -0.775147378445 0.542245686054 -0.324216157198
    outer loop
      vertex 0.0411290377378 -0.0956441387534 -0.272319972515
      vertex 0.0402129068971 -0.0960962325335 -0.273359298706
      vertex 0.039801992476 -0.0978342890739 -0.272907495499
    endloop
  endfacet
  facet normal -0.775147080421 0.542246341705 -0.324215829372
    outer loop
      vertex 0.0423073917627 -0.0960979163647 -0.270364195108
      vertex 0.0419716872275 -0.0952528864145 -0.271349340677
      vertex 0.0411290377378 -0.0956441387534 -0.272319972515
    endloop
  endfacet
  facet normal -0.775147140026 0.542245984077 -0.324216336012
    outer loop
      vertex 0.0397315882146 -0.102264910936 -0.270359009504
      vertex 0.0393838882446 -0.10108743608 -0.271560072899
      vertex 0.0384589470923 -0.102929472923 -0.271780908108
    endloop
  endfacet
  facet normal -0.775146842003 0.542245984077 -0.324217021465
    outer loop
      vertex 0.0269382297993 -0.113367728889 -0.282008737326
      vertex 0.0280578453094 -0.111874416471 -0.281301110983
      vertex 0.0273269508034 -0.110187701881 -0.283354461193
    endloop
  endfacet
  facet normal -0.775148034096 0.542245209217 -0.324215471745
    outer loop
      vertex 0.0568954795599 -0.103524200618 -0.245070040226
      vertex 0.056335516274 -0.105015687644 -0.244978740811
      vertex 0.0577251166105 -0.104730367661 -0.243162870407
    endloop
  endfacet
  facet normal -0.775147497654 0.542245388031 -0.324216514826
    outer loop
      vertex 0.0559368617833 -0.102686166763 -0.24694147706
      vertex 0.0544980876148 -0.102808065712 -0.248925328255
      vertex 0.0550868436694 -0.103355705738 -0.247756257653
    endloop
  endfacet
  facet normal -0.775148630142 0.542244195938 -0.324215769768
    outer loop
      vertex 0.0583279728889 -0.109751872718 -0.239298656583
      vertex 0.0593369826674 -0.108121529222 -0.238831073046
      vertex 0.0581067986786 -0.108961448073 -0.240087449551
    endloop
  endfacet
  facet normal -0.775146722794 0.542246460915 -0.324216514826
    outer loop
      vertex 0.0421880185604 -0.101276181638 -0.267438679934
      vertex 0.0426414012909 -0.10112054646 -0.266883611679
      vertex 0.0420846194029 -0.100098624825 -0.268290549517
    endloop
  endfacet
  facet normal -0.775147497654 0.542246043682 -0.324215292931
    outer loop
      vertex 0.0426980517805 -0.0949348509312 -0.27050113678
      vertex 0.0423073917627 -0.0960979163647 -0.270364195108
      vertex 0.0433480292559 -0.0946721732616 -0.269729048014
    endloop
  endfacet
  facet normal -0.775147557259 0.542246043682 -0.324215292931
    outer loop
      vertex 0.0419716872275 -0.0952528864145 -0.271349340677
      vertex 0.0423073917627 -0.0960979163647 -0.270364195108
      vertex 0.0426980517805 -0.0949348509312 -0.27050113678
    endloop
  endfacet
  facet normal -0.775147259235 0.542245924473 -0.324216097593
    outer loop
      vertex 0.0420846194029 -0.100098624825 -0.268290549517
      vertex 0.0435554124415 -0.0996857658029 -0.266434907913
      vertex 0.0430119037628 -0.0977433174849 -0.268373280764
    endloop
  endfacet
  facet normal -0.775148153305 0.542244374752 -0.324216514826
    outer loop
      vertex 0.0433480292559 -0.0946721732616 -0.269729048014
      vertex 0.0423073917627 -0.0960979163647 -0.270364195108
      vertex 0.0438703969121 -0.0944656506181 -0.269105792046
    endloop
  endfacet
  facet normal -0.77514731884 0.542245447636 -0.324216663837
    outer loop
      vertex 0.034574829042 -0.146675348282 -0.251177042723
      vertex 0.0346999317408 -0.144400477409 -0.25235837698
      vertex 0.0330983921885 -0.146573096514 -0.253348767757
    endloop
  endfacet
  facet normal -0.775148153305 0.542244493961 -0.324216365814
    outer loop
      vertex 0.0438703969121 -0.0944656506181 -0.269105792046
      vertex 0.0423073917627 -0.0960979163647 -0.270364195108
      vertex 0.0430119037628 -0.0977433174849 -0.268373280764
    endloop
  endfacet
  facet normal -0.775147676468 0.54224550724 -0.324215739965
    outer loop
      vertex 0.0421880185604 -0.101276181638 -0.267438679934
      vertex 0.0420846194029 -0.100098624825 -0.268290549517
      vertex 0.0412829779088 -0.101600930095 -0.26853826642
    endloop
  endfacet
  facet normal -0.775146782398 0.542246758938 -0.32421579957
    outer loop
      vertex 0.0550838187337 -0.13734716177 -0.227436617017
      vertex 0.0557416975498 -0.13842818141 -0.225849807262
      vertex 0.0562773123384 -0.137640193105 -0.225555300713
    endloop
  endfacet
  facet normal -0.775146842003 0.54224717617 -0.32421502471
    outer loop
      vertex 0.045554805547 -0.147901967168 -0.234747603536
      vertex 0.0435969680548 -0.149370416999 -0.236668348312
      vertex 0.0445074662566 -0.150151431561 -0.234899818897
    endloop
  endfacet
  facet normal -0.775148332119 0.542244791985 -0.32421541214
    outer loop
      vertex 0.0209973808378 -0.120419301093 -0.286285042763
      vertex 0.0203642528504 -0.122566580772 -0.285906225443
      vertex 0.022104088217 -0.120362453163 -0.284736961126
    endloop
  endfacet
  facet normal -0.7751480937 0.542245388031 -0.324214994907
    outer loop
      vertex 0.0588423982263 -0.113528460264 -0.236305207014
      vertex 0.0599331781268 -0.112445518374 -0.235393434763
      vertex 0.0587606057525 -0.112429119647 -0.237079441547
    endloop
  endfacet
  facet normal -0.775148928165 0.542244672775 -0.324214160442
    outer loop
      vertex 0.0549394674599 -0.130082517862 -0.23198659718
      vertex 0.0556974075735 -0.130617722869 -0.230583116412
      vertex 0.0550819672644 -0.129777848721 -0.231965065002
    endloop
  endfacet
  facet normal -0.775146901608 0.542246460915 -0.324216097593
    outer loop
      vertex 0.043970040977 -0.100732281804 -0.265216469765
      vertex 0.0435554124415 -0.0996857658029 -0.266434907913
      vertex 0.0432020649314 -0.100954644382 -0.266181319952
    endloop
  endfacet
  facet normal -0.775148153305 0.542244434357 -0.324216425419
    outer loop
      vertex 0.0565310232341 -0.128168910742 -0.230855628848
      vertex 0.0556974075735 -0.130617722869 -0.230583116412
      vertex 0.0575514100492 -0.129600405693 -0.228541046381
    endloop
  endfacet
  facet normal -0.775147557259 0.54224550724 -0.324216187
    outer loop
      vertex 0.0450600422919 -0.0940279960632 -0.267666876316
      vertex 0.0459135137498 -0.0948192328215 -0.265973746777
      vertex 0.0461021773517 -0.0936848372221 -0.266382306814
    endloop
  endfacet
  facet normal -0.7751480937 0.542245030403 -0.324215561152
    outer loop
      vertex 0.0277868248522 -0.147120460868 -0.260614454746
      vertex 0.0261014737189 -0.14760299027 -0.262735158205
      vertex 0.0266072060913 -0.148746475577 -0.261328518391
    endloop
  endfacet
  facet normal -0.775148034096 0.542245686054 -0.324214726686
    outer loop
      vertex 0.0479180663824 -0.100213311613 -0.259883016348
      vertex 0.0471419133246 -0.0987596064806 -0.26186171174
      vertex 0.0467140637338 -0.100239887834 -0.26158824563
    endloop
  endfacet
  facet normal -0.775147616863 0.542245447636 -0.324215978384
    outer loop
      vertex 0.0285879448056 -0.144733667374 -0.260896325111
      vertex 0.0268764458597 -0.145818293095 -0.26269441843
      vertex 0.0277868248522 -0.147120460868 -0.260614454746
    endloop
  endfacet
  facet normal -0.775147140026 0.542246341705 -0.324215769768
    outer loop
      vertex 0.0465296804905 -0.0935615301132 -0.265844911337
      vertex 0.0459135137498 -0.0948192328215 -0.265973746777
      vertex 0.0472462512553 -0.0933500677347 -0.264946997166
    endloop
  endfacet
  facet normal -0.775147140026 0.542246222496 -0.324215888977
    outer loop
      vertex 0.0497287325561 -0.139266893268 -0.23394395411
      vertex 0.0494229309261 -0.137080416083 -0.23568841815
      vertex 0.0483992919326 -0.139321565628 -0.235811710358
    endloop
  endfacet
  facet normal -0.775147378445 0.542245388031 -0.324216753244
    outer loop
      vertex 0.0452329330146 -0.0993230044842 -0.264253765345
      vertex 0.0471419133246 -0.0987596064806 -0.26186171174
      vertex 0.046341329813 -0.0970288738608 -0.264040976763
    endloop
  endfacet
  facet normal -0.775147140026 0.542246997356 -0.324214607477
    outer loop
      vertex 0.0442153215408 -0.150342494249 -0.235203191638
      vertex 0.0435969680548 -0.149370416999 -0.236668348312
      vertex 0.0430299937725 -0.151129186153 -0.236427262425
    endloop
  endfacet
  facet normal -0.775147438049 0.542245984077 -0.324215501547
    outer loop
      vertex 0.0233689025044 -0.133265972137 -0.275213718414
      vertex 0.0247836243361 -0.130754053593 -0.274693250656
      vertex 0.0231989528984 -0.130805522203 -0.276927798986
    endloop
  endfacet
  facet normal -0.775147736073 0.542245388031 -0.324215888977
    outer loop
      vertex 0.0474117100239 -0.0949526131153 -0.263752281666
      vertex 0.0459135137498 -0.0948192328215 -0.265973746777
      vertex 0.046341329813 -0.0970288738608 -0.264040976763
    endloop
  endfacet
  facet normal -0.775148391724 0.542244493961 -0.324215710163
    outer loop
      vertex 0.0409365594387 -0.148633703589 -0.240911930799
      vertex 0.0399798862636 -0.147721201181 -0.242825105786
      vertex 0.0397805050015 -0.149378225207 -0.24211935699
    endloop
  endfacet
  facet normal -0.775147557259 0.542245745659 -0.324215710163
    outer loop
      vertex 0.024727858603 -0.117791213095 -0.28252363205
      vertex 0.0235000289977 -0.116104982793 -0.285287052393
      vertex 0.0228623840958 -0.118357114494 -0.284851998091
    endloop
  endfacet
  facet normal -0.775147020817 0.542246043682 -0.324216395617
    outer loop
      vertex 0.0326014943421 -0.143316954374 -0.256005972624
      vertex 0.0312058627605 -0.145372524858 -0.256772011518
      vertex 0.0324202626944 -0.145340800285 -0.255054950714
    endloop
  endfacet
  facet normal -0.775138378143 0.542236089706 -0.324253797531
    outer loop
      vertex 0.0371552221477 -0.153510987759 -0.24340121448
      vertex 0.0373232290149 -0.153480306268 -0.243179395795
      vertex 0.0358591862023 -0.153638273478 -0.245177805424
    endloop
  endfacet
  facet normal -0.775147378445 0.542245209217 -0.324217051268
    outer loop
      vertex 0.0241075083613 -0.140438944101 -0.269869059324
      vertex 0.0250228382647 -0.141469120979 -0.267944604158
      vertex 0.0258018635213 -0.13901437819 -0.268298715353
    endloop
  endfacet
  facet normal -0.775147140026 0.542245328426 -0.324217349291
    outer loop
      vertex 0.0326201766729 -0.141325384378 -0.257170051336
      vertex 0.0326014943421 -0.143316954374 -0.256005972624
      vertex 0.0333984084427 -0.141721650958 -0.255820631981
    endloop
  endfacet
  facet normal -0.775148153305 0.542245268822 -0.324215054512
    outer loop
      vertex 0.0386391095817 -0.150179028511 -0.243272185326
      vertex 0.0370694175363 -0.149992480874 -0.245627641678
      vertex 0.0371792986989 -0.152271091938 -0.244108140469
    endloop
  endfacet
  facet normal -0.775146722794 0.542247533798 -0.324214696884
    outer loop
      vertex 0.0467140637338 -0.100239887834 -0.26158824563
      vertex 0.0471419133246 -0.0987596064806 -0.26186171174
      vertex 0.0466171726584 -0.10024484992 -0.261723786592
    endloop
  endfacet
  facet normal -0.775147616863 0.542245447636 -0.324216067791
    outer loop
      vertex 0.0500060096383 -0.0928777083755 -0.261284321547
      vertex 0.0484889931977 -0.0930719301105 -0.263336777687
      vertex 0.0487539805472 -0.0958972126245 -0.26126870513
    endloop
  endfacet
  facet normal -0.775147855282 0.542245268822 -0.324215739965
    outer loop
      vertex 0.0559935308993 -0.0991242751479 -0.248990163207
      vertex 0.0554470904171 -0.0968587175012 -0.251125901937
      vertex 0.0540260411799 -0.100663892925 -0.250882148743
    endloop
  endfacet
  facet normal -0.775147914886 0.542245149612 -0.324215859175
    outer loop
      vertex 0.0220644939691 -0.129336327314 -0.279427975416
      vertex 0.0228478014469 -0.126549392939 -0.279974579811
      vertex 0.0207495428622 -0.128227472305 -0.281970709562
    endloop
  endfacet
  facet normal -0.775147378445 0.54224562645 -0.32421630621
    outer loop
      vertex 0.045644313097 -0.145224139094 -0.236220762134
      vertex 0.0471969954669 -0.145674005151 -0.23373220861
      vertex 0.0469328165054 -0.143085628748 -0.235657468438
    endloop
  endfacet
  facet normal -0.775147497654 0.542245864868 -0.324215590954
    outer loop
      vertex 0.0508537217975 -0.144546627998 -0.229178935289
      vertex 0.0523961111903 -0.142802447081 -0.228016942739
      vertex 0.0508654303849 -0.142496243119 -0.230388149619
    endloop
  endfacet
  facet normal -0.775147020817 0.542247116566 -0.324214726686
    outer loop
      vertex 0.0415236391127 -0.151987686753 -0.238067299128
      vertex 0.0417096093297 -0.150247529149 -0.238841921091
      vertex 0.0406769253314 -0.152389451861 -0.239037469029
    endloop
  endfacet
  facet normal -0.775147616863 0.542245566845 -0.324215918779
    outer loop
      vertex 0.0600959919393 -0.114408232272 -0.233987152576
      vertex 0.0618784278631 -0.111852966249 -0.232966959476
      vertex 0.0599331781268 -0.112445518374 -0.235393434763
    endloop
  endfacet
  facet normal -0.775146842003 0.542245864868 -0.324217170477
    outer loop
      vertex 0.0316122807562 -0.140578195453 -0.259057611227
      vertex 0.0301856733859 -0.142299726605 -0.260067641735
      vertex 0.0320984758437 -0.140952572227 -0.258138746023
    endloop
  endfacet
  facet normal -0.775147616863 0.542245686054 -0.324215710163
    outer loop
      vertex 0.0435554124415 -0.0996857658029 -0.266434907913
      vertex 0.0446486324072 -0.0972155034542 -0.266349136829
      vertex 0.0430119037628 -0.0977433174849 -0.268373280764
    endloop
  endfacet
  facet normal -0.775147557259 0.542245388031 -0.324216395617
    outer loop
      vertex 0.0618784278631 -0.111852966249 -0.232966959476
      vertex 0.061249949038 -0.109977260232 -0.234986886382
      vertex 0.0599331781268 -0.112445518374 -0.235393434763
    endloop
  endfacet
  facet normal -0.775147199631 0.54224562645 -0.32421669364
    outer loop
      vertex 0.0471419133246 -0.0987596064806 -0.26186171174
      vertex 0.0489477775991 -0.0988327413797 -0.259236484766
      vertex 0.0487539805472 -0.0958972126245 -0.26126870513
    endloop
  endfacet
  facet normal -0.775146305561 0.54224729538 -0.324216157198
    outer loop
      vertex 0.0478208400309 -0.147505760193 -0.231745183468
      vertex 0.0471969954669 -0.145674005151 -0.23373220861
      vertex 0.0472003929317 -0.148058101535 -0.232301861048
    endloop
  endfacet
  facet normal -0.77514731884 0.542245447636 -0.324216783047
    outer loop
      vertex 0.061249949038 -0.109977260232 -0.234986886382
      vertex 0.0626147016883 -0.109436556697 -0.233359247446
      vertex 0.0624553710222 -0.108045838773 -0.234418556094
    endloop
  endfacet
  facet normal -0.775146603584 0.542245984077 -0.324217557907
    outer loop
      vertex 0.0475545935333 -0.138147830963 -0.237721011043
      vertex 0.0458448603749 -0.139732345939 -0.239217698574
      vertex 0.0471542961895 -0.140630215406 -0.236808985472
    endloop
  endfacet
  facet normal -0.775148630142 0.542244553566 -0.324215203524
    outer loop
      vertex 0.0583102107048 -0.106618747115 -0.241197392344
      vertex 0.0581067986786 -0.108961448073 -0.240087449551
      vertex 0.0593369826674 -0.108121529222 -0.238831073046
    endloop
  endfacet
  facet normal -0.775146901608 0.542245924473 -0.324216932058
    outer loop
      vertex 0.0618784278631 -0.111852966249 -0.232966959476
      vertex 0.0620204359293 -0.114430382848 -0.231222882867
      vertex 0.0637405738235 -0.111751526594 -0.230365663767
    endloop
  endfacet
  facet normal -0.775145292282 0.542250692844 -0.324212908745
    outer loop
      vertex 0.0249443612993 -0.128534644842 -0.275790512562
      vertex 0.0231989528984 -0.130805522203 -0.276927798986
      vertex 0.02498123236 -0.12869630754 -0.275641143322
    endloop
  endfacet
  facet normal -0.775147497654 0.542245566845 -0.324216127396
    outer loop
      vertex 0.0303264893591 -0.152707919478 -0.253643155098
      vertex 0.0314025431871 -0.151097238064 -0.253067940474
      vertex 0.0296823680401 -0.152358785272 -0.254772663116
    endloop
  endfacet
  facet normal -0.775146842003 0.542245864868 -0.324217200279
    outer loop
      vertex 0.0313971117139 -0.143094673753 -0.257860571146
      vertex 0.0320984758437 -0.140952572227 -0.258138746023
      vertex 0.0301856733859 -0.142299726605 -0.260067641735
    endloop
  endfacet
  facet normal -0.775146901608 0.542246341705 -0.324216246605
    outer loop
      vertex 0.057850766927 -0.0981162339449 -0.246937945485
      vertex 0.0579385012388 -0.100633621216 -0.245307341218
      vertex 0.0596532672644 -0.0975762084126 -0.244684129953
    endloop
  endfacet
  facet normal -0.775145292282 0.542255461216 -0.324204862118
    outer loop
      vertex 0.0254549942911 -0.13018129766 -0.274075984955
      vertex 0.0247836243361 -0.130754053593 -0.274693250656
      vertex 0.02547955513 -0.130257800221 -0.273995131254
    endloop
  endfacet
  facet normal -0.775147914886 0.54224562645 -0.324214994907
    outer loop
      vertex 0.0299671627581 -0.150205090642 -0.255653291941
      vertex 0.0279192812741 -0.150821119547 -0.258212417364
      vertex 0.0285399165004 -0.15152309835 -0.25690549612
    endloop
  endfacet
  facet normal -0.775148034096 0.542245388031 -0.324215173721
    outer loop
      vertex 0.0212261900306 -0.133903041482 -0.277895838022
      vertex 0.0209287554026 -0.135765969753 -0.277207165956
      vertex 0.0214477516711 -0.137146100402 -0.275640040636
    endloop
  endfacet
  facet normal -0.775147259235 0.542245209217 -0.324217319489
    outer loop
      vertex 0.0535178147256 -0.0932114943862 -0.25606456399
      vertex 0.053601808846 -0.0945166125894 -0.255164146423
      vertex 0.0541068837047 -0.0934173688293 -0.255099385977
    endloop
  endfacet
  facet normal -0.775147855282 0.542245149612 -0.324216037989
    outer loop
      vertex 0.0370694175363 -0.149992480874 -0.245627641678
      vertex 0.0386391095817 -0.150179028511 -0.243272185326
      vertex 0.0385546088219 -0.147611841559 -0.244927942753
    endloop
  endfacet
  facet normal -0.775147497654 0.542245268822 -0.32421669364
    outer loop
      vertex 0.0268764458597 -0.145818293095 -0.26269441843
      vertex 0.0280432347208 -0.143232107162 -0.262572795153
      vertex 0.0261858962476 -0.144249200821 -0.264619767666
    endloop
  endfacet
  facet normal -0.775147497654 0.542245328426 -0.324216604233
    outer loop
      vertex 0.034574829042 -0.146675348282 -0.251177042723
      vertex 0.035809468478 -0.144328013062 -0.250815600157
      vertex 0.0346999317408 -0.144400477409 -0.25235837698
    endloop
  endfacet
  facet normal -0.775146842003 0.542246282101 -0.32421657443
    outer loop
      vertex 0.063477024436 -0.117680355906 -0.227197483182
      vertex 0.0636695697904 -0.115096211433 -0.228467315435
      vertex 0.0615503489971 -0.117250218987 -0.230208858848
    endloop
  endfacet
  facet normal -0.77514731884 0.542245924473 -0.324215948582
    outer loop
      vertex 0.0579385012388 -0.100633621216 -0.245307341218
      vertex 0.057850766927 -0.0981162339449 -0.246937945485
      vertex 0.0563146732748 -0.100795783103 -0.247531667352
    endloop
  endfacet
  facet normal -0.775147676468 0.542245805264 -0.32421541214
    outer loop
      vertex 0.0314025431871 -0.151097238064 -0.253067940474
      vertex 0.0318341478705 -0.148847013712 -0.25379639864
      vertex 0.0299671627581 -0.150205090642 -0.255653291941
    endloop
  endfacet
  facet normal -0.775147557259 0.542245566845 -0.324215948582
    outer loop
      vertex 0.0429502986372 -0.147114276886 -0.23894174397
      vertex 0.0417096093297 -0.150247529149 -0.238841921091
      vertex 0.0435969680548 -0.149370416999 -0.236668348312
    endloop
  endfacet
  facet normal -0.775146901608 0.542246282101 -0.324216395617
    outer loop
      vertex 0.0375612676144 -0.145335629582 -0.247708916664
      vertex 0.0384277924895 -0.145824417472 -0.246177956462
      vertex 0.039085842669 -0.143528699875 -0.246609911323
    endloop
  endfacet
  facet normal -0.775147736073 0.542244970798 -0.324216544628
    outer loop
      vertex 0.0294230971485 -0.147955551744 -0.25777605176
      vertex 0.0312058627605 -0.145372524858 -0.256772011518
      vertex 0.0297828763723 -0.145229265094 -0.25889185071
    endloop
  endfacet
  facet normal -0.775147676468 0.542245984077 -0.324215054512
    outer loop
      vertex 0.0241075083613 -0.140438944101 -0.269869059324
      vertex 0.0236879400909 -0.138903021812 -0.271387189627
      vertex 0.0226525589824 -0.140041559935 -0.272186517715
    endloop
  endfacet
  facet normal -0.775150299072 0.542242527008 -0.324214488268
    outer loop
      vertex 0.0209287554026 -0.135765969753 -0.277207165956
      vertex 0.0212261900306 -0.133903041482 -0.277895838022
      vertex 0.0207733549178 -0.135343387723 -0.277681976557
    endloop
  endfacet
  facet normal -0.775150418282 0.542182028294 -0.324315428734
    outer loop
      vertex 0.02547955513 -0.130257800221 -0.273995131254
      vertex 0.0247836243361 -0.130754053593 -0.274693250656
      vertex 0.0254823025316 -0.130264982581 -0.273986905813
    endloop
  endfacet
  facet normal -0.775158107281 0.542239844799 -0.324200332165
    outer loop
      vertex 0.0602049417794 -0.0983091443777 -0.243457272649
      vertex 0.0606259331107 -0.0989451408386 -0.242475196719
      vertex 0.0604437813163 -0.0986588820815 -0.242906734347
    endloop
  endfacet
  facet normal -0.77514654398 0.542246580124 -0.324216753244
    outer loop
      vertex 0.0632186979055 -0.105379387736 -0.234921678901
      vertex 0.0635356158018 -0.10762155056 -0.233128011227
      vertex 0.0634563192725 -0.106999106705 -0.233613550663
    endloop
  endfacet
  facet normal -0.775147914886 0.54224550724 -0.324215233326
    outer loop
      vertex 0.0279192812741 -0.150821119547 -0.258212417364
      vertex 0.0294230971485 -0.147955551744 -0.25777605176
      vertex 0.0272261556238 -0.149788111448 -0.259820908308
    endloop
  endfacet
  facet normal -0.775147736073 0.542245209217 -0.324216246605
    outer loop
      vertex 0.0212261900306 -0.133903041482 -0.277895838022
      vertex 0.0231989528984 -0.130805522203 -0.276927798986
      vertex 0.0210676882416 -0.131803378463 -0.27937784791
    endloop
  endfacet
  facet normal -0.775147557259 0.542245149612 -0.324216663837
    outer loop
      vertex 0.0428302250803 -0.142645359039 -0.241785436869
      vertex 0.0436084493995 -0.144151136279 -0.239772617817
      vertex 0.0444182530046 -0.141273528337 -0.240335553885
    endloop
  endfacet
  facet normal -0.775147199631 0.542245805264 -0.324216485023
    outer loop
      vertex 0.0526300631464 -0.0964968279004 -0.255369275808
      vertex 0.0531808957458 -0.09868735075 -0.253272116184
      vertex 0.0545298270881 -0.0953256189823 -0.25335380435
    endloop
  endfacet
  facet normal -0.775147616863 0.542245447636 -0.324216037989
    outer loop
      vertex 0.0583171248436 -0.120097689331 -0.233128264546
      vertex 0.05976594612 -0.119047835469 -0.231684878469
      vertex 0.058519475162 -0.11892823875 -0.233538225293
    endloop
  endfacet
  facet normal -0.77514642477 0.542246758938 -0.324216634035
    outer loop
      vertex 0.0637235119939 -0.113558121026 -0.229309856892
      vertex 0.0620204359293 -0.114430382848 -0.231222882867
      vertex 0.0636695697904 -0.115096211433 -0.228467315435
    endloop
  endfacet
  facet normal -0.77514731884 0.542246639729 -0.324214816093
    outer loop
      vertex 0.0483811050653 -0.141193047166 -0.234718725085
      vertex 0.0469328165054 -0.143085628748 -0.235657468438
      vertex 0.0482066497207 -0.143214374781 -0.233759537339
    endloop
  endfacet
  facet normal -0.775147080421 0.542246043682 -0.32421630621
    outer loop
      vertex 0.0606727078557 -0.122901298106 -0.228084608912
      vertex 0.0590366907418 -0.125454962254 -0.228896439075
      vertex 0.0609099641442 -0.125379934907 -0.226263448596
    endloop
  endfacet
  facet normal -0.775147378445 0.542246341705 -0.324215084314
    outer loop
      vertex 0.0495331473649 -0.141816467047 -0.232699111104
      vertex 0.0490498058498 -0.144934460521 -0.23152577877
      vertex 0.0508654303849 -0.142496243119 -0.230388149619
    endloop
  endfacet
  facet normal -0.775146603584 0.542246460915 -0.324216872454
    outer loop
      vertex 0.0471969954669 -0.145674005151 -0.23373220861
      vertex 0.0490498058498 -0.144934460521 -0.23152577877
      vertex 0.0482066497207 -0.143214374781 -0.233759537339
    endloop
  endfacet
  facet normal -0.775147557259 0.542244851589 -0.324217230082
    outer loop
      vertex 0.0213962886482 -0.12412878871 -0.283496826887
      vertex 0.0211807452142 -0.125893861055 -0.282749593258
      vertex 0.0229780338705 -0.124314144254 -0.281124889851
    endloop
  endfacet
  facet normal -0.775147199631 0.542246043682 -0.324216097593
    outer loop
      vertex 0.061249949038 -0.109977260232 -0.234986886382
      vertex 0.0595381222665 -0.110277041793 -0.237254723907
      vertex 0.0599331781268 -0.112445518374 -0.235393434763
    endloop
  endfacet
  facet normal -0.775147974491 0.542245149612 -0.324215739965
    outer loop
      vertex 0.056920748204 -0.106093287468 -0.24349783361
      vertex 0.0577251166105 -0.104730367661 -0.243162870407
      vertex 0.056335516274 -0.105015687644 -0.244978740811
    endloop
  endfacet
  facet normal -0.775147378445 0.542246222496 -0.324215322733
    outer loop
      vertex 0.0247400831431 -0.137359261513 -0.270806163549
      vertex 0.0267775673419 -0.135915055871 -0.268757075071
      vertex 0.0258161537349 -0.13443158567 -0.271018385887
    endloop
  endfacet
  facet normal -0.775147438049 0.542245745659 -0.324216008186
    outer loop
      vertex 0.0505552962422 -0.0951531231403 -0.259138613939
      vertex 0.0500060096383 -0.0928777083755 -0.261284321547
      vertex 0.0487539805472 -0.0958972126245 -0.26126870513
    endloop
  endfacet
  facet normal -0.775149345398 0.54224562645 -0.32421168685
    outer loop
      vertex 0.0228478014469 -0.126549392939 -0.279974579811
      vertex 0.0233187545091 -0.127690643072 -0.278618991375
      vertex 0.0240900162607 -0.126711085439 -0.278102129698
    endloop
  endfacet
  facet normal -0.775147438049 0.542245090008 -0.32421708107
    outer loop
      vertex 0.0545298270881 -0.0953256189823 -0.25335380435
      vertex 0.0554470904171 -0.0968587175012 -0.251125901937
      vertex 0.0559751391411 -0.0942945480347 -0.251904219389
    endloop
  endfacet
  facet normal -0.775147736073 0.542245566845 -0.324215620756
    outer loop
      vertex 0.0583102107048 -0.106618747115 -0.241197392344
      vertex 0.0594250522554 -0.104135289788 -0.241088598967
      vertex 0.0577251166105 -0.104730367661 -0.243162870407
    endloop
  endfacet
  facet normal -0.77514731884 0.542245447636 -0.324216812849
    outer loop
      vertex 0.0313971117139 -0.143094673753 -0.257860571146
      vertex 0.0312058627605 -0.145372524858 -0.256772011518
      vertex 0.0326014943421 -0.143316954374 -0.256005972624
    endloop
  endfacet
  facet normal -0.77514821291 0.542244970798 -0.324215382338
    outer loop
      vertex 0.0583279728889 -0.109751872718 -0.239298656583
      vertex 0.0585080757737 -0.11059922725 -0.238534554839
      vertex 0.0595381222665 -0.110277041793 -0.237254723907
    endloop
  endfacet
  facet normal -0.775147676468 0.542245447636 -0.324215829372
    outer loop
      vertex 0.0453912802041 -0.142798736691 -0.238032653928
      vertex 0.0436084493995 -0.144151136279 -0.239772617817
      vertex 0.0443958863616 -0.145203992724 -0.238017454743
    endloop
  endfacet
  facet normal -0.775147199631 0.542246222496 -0.324215769768
    outer loop
      vertex 0.0313713401556 -0.147366538644 -0.255343198776
      vertex 0.0324202626944 -0.145340800285 -0.255054950714
      vertex 0.0312058627605 -0.145372524858 -0.256772011518
    endloop
  endfacet
  facet normal -0.775147855282 0.542245030403 -0.324216216803
    outer loop
      vertex 0.0268764458597 -0.145818293095 -0.26269441843
      vertex 0.0261858962476 -0.144249200821 -0.264619767666
      vertex 0.0255094319582 -0.146210730076 -0.264413952827
    endloop
  endfacet
  facet normal -0.77514654398 0.542245745659 -0.324218094349
    outer loop
      vertex 0.0497287325561 -0.139266893268 -0.23394395411
      vertex 0.0483992919326 -0.139321565628 -0.235811710358
      vertex 0.0483811050653 -0.141193047166 -0.234718725085
    endloop
  endfacet
  facet normal -0.77514654398 0.542246639729 -0.324216604233
    outer loop
      vertex 0.0399958044291 -0.145328208804 -0.24423314631
      vertex 0.0414749830961 -0.143618986011 -0.243140622973
      vertex 0.0407299995422 -0.142535492778 -0.244853422046
    endloop
  endfacet
  facet normal -0.77514821291 0.542245566845 -0.32421451807
    outer loop
      vertex 0.0194801632315 -0.127004951239 -0.284516274929
      vertex 0.0207495428622 -0.128227472305 -0.281970709562
      vertex 0.0211807452142 -0.125893861055 -0.282749593258
    endloop
  endfacet
  facet normal -0.775147974491 0.542245328426 -0.324215382338
    outer loop
      vertex 0.0556839331985 -0.104093059897 -0.246461838484
      vertex 0.0561196096241 -0.104681015015 -0.245487481356
      vertex 0.0568954795599 -0.103524200618 -0.245070040226
    endloop
  endfacet
  facet normal -0.775147855282 0.542245268822 -0.32421579957
    outer loop
      vertex 0.0515674576163 -0.101031698287 -0.254176825285
      vertex 0.0526210702956 -0.101533025503 -0.252370923758
      vertex 0.0531808957458 -0.09868735075 -0.253272116184
    endloop
  endfacet
  facet normal -0.77514654398 0.542246341705 -0.324217140675
    outer loop
      vertex 0.0459663383663 -0.149060219526 -0.233466789126
      vertex 0.045554805547 -0.147901967168 -0.234747603536
      vertex 0.0459285266697 -0.149090111256 -0.233502954245
    endloop
  endfacet
  facet normal -0.775147020817 0.542245805264 -0.324216902256
    outer loop
      vertex 0.0343198217452 -0.105818159878 -0.275970667601
      vertex 0.0337553247809 -0.103728167713 -0.278027236462
      vertex 0.0327679365873 -0.106018669903 -0.278069198132
    endloop
  endfacet
  facet normal -0.775147020817 0.542246103287 -0.324216365814
    outer loop
      vertex 0.0613457299769 -0.107235170901 -0.236489504576
      vertex 0.0604009181261 -0.105614237487 -0.238809302449
      vertex 0.0593369826674 -0.108121529222 -0.238831073046
    endloop
  endfacet
  facet normal -0.774962484837 0.542295515537 -0.324574559927
    outer loop
      vertex 0.0566560104489 -0.0947140678763 -0.250680059195
      vertex 0.057716127485 -0.0955424904823 -0.248669281602
      vertex 0.05769065395 -0.0955206155777 -0.248718783259
    endloop
  endfacet
  facet normal -0.775146961212 0.542246341705 -0.324216097593
    outer loop
      vertex 0.0614517740905 -0.120030239224 -0.228687569499
      vertex 0.063477024436 -0.117680355906 -0.227197483182
      vertex 0.0615503489971 -0.117250218987 -0.230208858848
    endloop
  endfacet
  facet normal -0.775147676468 0.542246103287 -0.324214786291
    outer loop
      vertex 0.0371792986989 -0.152271091938 -0.244108140469
      vertex 0.0373232290149 -0.153480306268 -0.243179395795
      vertex 0.0385724380612 -0.15319250524 -0.241565704346
    endloop
  endfacet
  facet normal -0.775149106979 0.542243003845 -0.324216634035
    outer loop
      vertex 0.0211807452142 -0.125893861055 -0.282749593258
      vertex 0.0213962886482 -0.12412878871 -0.283496826887
      vertex 0.0206851754338 -0.125309675932 -0.283807307482
    endloop
  endfacet
  facet normal -0.775147020817 0.542246103287 -0.32421630621
    outer loop
      vertex 0.0595381222665 -0.110277041793 -0.237254723907
      vertex 0.0613457299769 -0.107235170901 -0.236489504576
      vertex 0.0593369826674 -0.108121529222 -0.238831073046
    endloop
  endfacet
  facet normal -0.775147438049 0.542245745659 -0.324216008186
    outer loop
      vertex 0.0313971117139 -0.143094673753 -0.257860571146
      vertex 0.0301856733859 -0.142299726605 -0.260067641735
      vertex 0.0297828763723 -0.145229265094 -0.25889185071
    endloop
  endfacet
  facet normal -0.775147616863 0.542245209217 -0.324216365814
    outer loop
      vertex 0.0198421832174 -0.124761492014 -0.285340160131
      vertex 0.0195822957903 -0.126184388995 -0.284860908985
      vertex 0.0206851754338 -0.125309675932 -0.283807307482
    endloop
  endfacet
  facet normal -0.775147736073 0.542243480682 -0.324219048023
    outer loop
      vertex 0.0244728345424 -0.124659202993 -0.278781741858
      vertex 0.0228478014469 -0.126549392939 -0.279974579811
      vertex 0.0244668610394 -0.124917089939 -0.278636068106
    endloop
  endfacet
  facet normal -0.775147199631 0.542245686054 -0.32421669364
    outer loop
      vertex 0.0240848828107 -0.135145261884 -0.273066550493
      vertex 0.0259981229901 -0.131620466709 -0.272439092398
      vertex 0.0233689025044 -0.133265972137 -0.275213718414
    endloop
  endfacet
  facet normal -0.775147557259 0.542245268822 -0.324216544628
    outer loop
      vertex 0.0240164585412 -0.113165184855 -0.28630656004
      vertex 0.025715475902 -0.112238720059 -0.284431755543
      vertex 0.0247341971844 -0.111806832254 -0.286092728376
    endloop
  endfacet
  facet normal -0.7751480937 0.542245388031 -0.324215084314
    outer loop
      vertex 0.057728163898 -0.122590348125 -0.232479795814
      vertex 0.0591342039406 -0.121381960809 -0.231192350388
      vertex 0.0580190382898 -0.121403738856 -0.2327734828
    endloop
  endfacet
  facet normal -0.775146663189 0.542246282101 -0.324216961861
    outer loop
      vertex 0.0469996929169 -0.137298300862 -0.23902221024
      vertex 0.0475545935333 -0.138147830963 -0.237721011043
      vertex 0.0476470515132 -0.136848509312 -0.238365739584
    endloop
  endfacet
  facet normal -0.775147616863 0.542245447636 -0.324216097593
    outer loop
      vertex 0.0561927706003 -0.132727146149 -0.228613719344
      vertex 0.0546003393829 -0.133060395718 -0.23069088161
      vertex 0.0551790073514 -0.134944349527 -0.228737220168
    endloop
  endfacet
  facet normal -0.775147438049 0.542245924473 -0.324215769768
    outer loop
      vertex 0.0267775673419 -0.135915055871 -0.268757075071
      vertex 0.0247400831431 -0.137359261513 -0.270806163549
      vertex 0.0258018635213 -0.13901437819 -0.268298715353
    endloop
  endfacet
  facet normal -0.774926185608 0.542392790318 -0.324498772621
    outer loop
      vertex 0.0265577230603 -0.132927551866 -0.270857602358
      vertex 0.026460127905 -0.132714763284 -0.271124333143
      vertex 0.0268833469599 -0.133649662137 -0.26996037364
    endloop
  endfacet
  facet normal -0.7751480937 0.542244613171 -0.324216246605
    outer loop
      vertex 0.0255094319582 -0.146210730076 -0.264413952827
      vertex 0.0261858962476 -0.144249200821 -0.264619767666
      vertex 0.0251127500087 -0.145350277424 -0.265495479107
    endloop
  endfacet
  facet normal -0.775149643421 0.542246758938 -0.324209004641
    outer loop
      vertex 0.0512233264744 -0.0928623303771 -0.259553343058
      vertex 0.0527305677533 -0.093036621809 -0.257294505835
      vertex 0.052114572376 -0.0929376482964 -0.258234262466
    endloop
  endfacet
  facet normal -0.77514821291 0.542244553566 -0.324216127396
    outer loop
      vertex 0.0521839745343 -0.0945899859071 -0.257147073746
      vertex 0.0512233264744 -0.0928623303771 -0.259553343058
      vertex 0.0505552962422 -0.0951531231403 -0.259138613939
    endloop
  endfacet
  facet normal -0.775147795677 0.542245686054 -0.324215203524
    outer loop
      vertex 0.0471969954669 -0.145674005151 -0.23373220861
      vertex 0.045554805547 -0.147901967168 -0.234747603536
      vertex 0.0472003929317 -0.148058101535 -0.232301861048
    endloop
  endfacet
  facet normal -0.775147557259 0.542245268822 -0.324216544628
    outer loop
      vertex 0.0395683012903 -0.1416926682 -0.247018024325
      vertex 0.039085842669 -0.143528699875 -0.246609911323
      vertex 0.0400478616357 -0.141474351287 -0.246463030577
    endloop
  endfacet
  facet normal -0.775147140026 0.542246103287 -0.324216097593
    outer loop
      vertex 0.0488752499223 -0.14656098187 -0.230802774429
      vertex 0.0490498058498 -0.144934460521 -0.23152577877
      vertex 0.0484162271023 -0.146987646818 -0.231203854084
    endloop
  endfacet
  facet normal -0.775147438049 0.542245328426 -0.324216634035
    outer loop
      vertex 0.0330983921885 -0.146573096514 -0.253348767757
      vertex 0.0337497927248 -0.143761098385 -0.254098922014
      vertex 0.0324202626944 -0.145340800285 -0.255054950714
    endloop
  endfacet
  facet normal -0.77514731884 0.542245328426 -0.324216932058
    outer loop
      vertex 0.0606259331107 -0.0989451408386 -0.242475196719
      vertex 0.0587915964425 -0.102327153087 -0.243075251579
      vertex 0.0605242587626 -0.101816937327 -0.240903452039
    endloop
  endfacet
  facet normal -0.775148153305 0.54224306345 -0.324218720198
    outer loop
      vertex 0.0347111783922 -0.142147943377 -0.253689140081
      vertex 0.0337497927248 -0.143761098385 -0.254098922014
      vertex 0.0350244790316 -0.142224997282 -0.25319519639
    endloop
  endfacet
  facet normal -0.775147676468 0.542245447636 -0.324215948582
    outer loop
      vertex 0.0587915964425 -0.102327153087 -0.243075251579
      vertex 0.0577251166105 -0.104730367661 -0.243162870407
      vertex 0.0594250522554 -0.104135289788 -0.241088598967
    endloop
  endfacet
  facet normal -0.77514731884 0.54224550724 -0.324216634035
    outer loop
      vertex 0.0337497927248 -0.143761098385 -0.254098922014
      vertex 0.0330983921885 -0.146573096514 -0.253348767757
      vertex 0.0346999317408 -0.144400477409 -0.25235837698
    endloop
  endfacet
  facet normal -0.775131821632 0.542273461819 -0.32420694828
    outer loop
      vertex 0.0596338696778 -0.131844505668 -0.224222376943
      vertex 0.0603058300912 -0.130366176367 -0.224145710468
      vertex 0.0594314485788 -0.132275223732 -0.224254205823
    endloop
  endfacet
  facet normal -0.775147557259 0.542245566845 -0.324216097593
    outer loop
      vertex 0.0311089642346 -0.105602666736 -0.280689477921
      vertex 0.0323492176831 -0.103795915842 -0.279996782541
      vertex 0.0313295908272 -0.102765262127 -0.282070606947
    endloop
  endfacet
  facet normal -0.775148034096 0.542244851589 -0.324216127396
    outer loop
      vertex 0.0573333241045 -0.123930841684 -0.232242718339
      vertex 0.0569023862481 -0.125366166234 -0.232000559568
      vertex 0.0583952851593 -0.123879417777 -0.230755388737
    endloop
  endfacet
  facet normal -0.775150001049 0.542242228985 -0.324215680361
    outer loop
      vertex 0.0537073016167 -0.102182596922 -0.250429749489
      vertex 0.0540260411799 -0.100663892925 -0.250882148743
      vertex 0.0535941049457 -0.102101422846 -0.25064009428
    endloop
  endfacet
  facet normal -0.775147676468 0.542245328426 -0.324216097593
    outer loop
      vertex 0.0240848828107 -0.135145261884 -0.273066550493
      vertex 0.0233689025044 -0.133265972137 -0.275213718414
      vertex 0.0214477516711 -0.137146100402 -0.275640040636
    endloop
  endfacet
  facet normal -0.77514821291 0.542245030403 -0.324215292931
    outer loop
      vertex 0.0537420809269 -0.136393845081 -0.229924649
      vertex 0.0525537319481 -0.136578887701 -0.231512770057
      vertex 0.0524437986314 -0.138398364186 -0.230582043529
    endloop
  endfacet
  facet normal -0.775147855282 0.542245149612 -0.324215978384
    outer loop
      vertex 0.019698113203 -0.131542146206 -0.281491875648
      vertex 0.0220644939691 -0.129336327314 -0.279427975416
      vertex 0.0207495428622 -0.128227472305 -0.281970709562
    endloop
  endfacet
  facet normal -0.775147974491 0.542244195938 -0.324217289686
    outer loop
      vertex 0.0399958044291 -0.145328208804 -0.24423314631
      vertex 0.0384277924895 -0.145824417472 -0.246177956462
      vertex 0.0385546088219 -0.147611841559 -0.244927942753
    endloop
  endfacet
  facet normal -0.775146842003 0.542245745659 -0.324217408895
    outer loop
      vertex 0.0326014943421 -0.143316954374 -0.256005972624
      vertex 0.0337497927248 -0.143761098385 -0.254098922014
      vertex 0.0337542183697 -0.14188721776 -0.255213022232
    endloop
  endfacet
  facet normal -0.77514898777 0.542244553566 -0.324214369059
    outer loop
      vertex 0.0207733549178 -0.135343387723 -0.277681976557
      vertex 0.0212261900306 -0.133903041482 -0.277895838022
      vertex 0.0204565264285 -0.134382098913 -0.27870965004
    endloop
  endfacet
  facet normal -0.775146901608 0.54224562645 -0.324217438698
    outer loop
      vertex 0.0254549942911 -0.13018129766 -0.274075984955
      vertex 0.02498123236 -0.12869630754 -0.275641143322
      vertex 0.0247836243361 -0.130754053593 -0.274693250656
    endloop
  endfacet
  facet normal -0.775148034096 0.542245209217 -0.324215471745
    outer loop
      vertex 0.0578185431659 -0.108112476766 -0.241007119417
      vertex 0.0581067986786 -0.108961448073 -0.240087449551
      vertex 0.0583102107048 -0.106618747115 -0.241197392344
    endloop
  endfacet
  facet normal -0.775147080421 0.542245209217 -0.324217796326
    outer loop
      vertex 0.0483811050653 -0.141193047166 -0.234718725085
      vertex 0.0483992919326 -0.139321565628 -0.235811710358
      vertex 0.0471542961895 -0.140630215406 -0.236808985472
    endloop
  endfacet
  facet normal -0.775147557259 0.542245924473 -0.32421541214
    outer loop
      vertex 0.0524608716369 -0.14087356627 -0.229077666998
      vertex 0.0508654303849 -0.142496243119 -0.230388149619
      vertex 0.0523961111903 -0.142802447081 -0.228016942739
    endloop
  endfacet
  facet normal -0.775147616863 0.542244613171 -0.324217319489
    outer loop
      vertex 0.0527940802276 -0.134429350495 -0.232454419136
      vertex 0.0546003393829 -0.133060395718 -0.23069088161
      vertex 0.0537845827639 -0.131973832846 -0.23250669241
    endloop
  endfacet
  facet normal -0.775147140026 0.542245745659 -0.324216753244
    outer loop
      vertex 0.0579385012388 -0.100633621216 -0.245307341218
      vertex 0.0587915964425 -0.102327153087 -0.243075251579
      vertex 0.0606259331107 -0.0989451408386 -0.242475196719
    endloop
  endfacet
  facet normal -0.775146663189 0.54224550724 -0.324218243361
    outer loop
      vertex 0.0527305677533 -0.093036621809 -0.257294505835
      vertex 0.0521839745343 -0.0945899859071 -0.257147073746
      vertex 0.0535178147256 -0.0932114943862 -0.25606456399
    endloop
  endfacet
  facet normal -0.775147378445 0.542245686054 -0.324216216803
    outer loop
      vertex 0.0344634540379 -0.152076780796 -0.248106658459
      vertex 0.0358227305114 -0.150246158242 -0.247258111835
      vertex 0.0348912030458 -0.148920893669 -0.249382138252
    endloop
  endfacet
  facet normal -0.775147140026 0.542246043682 -0.324216216803
    outer loop
      vertex 0.0399798862636 -0.147721201181 -0.242825105786
      vertex 0.0399958044291 -0.145328208804 -0.24423314631
      vertex 0.0385546088219 -0.147611841559 -0.244927942753
    endloop
  endfacet
  facet normal -0.775147676468 0.542245745659 -0.32421541214
    outer loop
      vertex 0.0357388593256 -0.153648197651 -0.245343878865
      vertex 0.0371792986989 -0.152271091938 -0.244108140469
      vertex 0.0370694175363 -0.149992480874 -0.245627641678
    endloop
  endfacet
  facet normal -0.775148034096 0.542244851589 -0.324216037989
    outer loop
      vertex 0.0576622970402 -0.125991865993 -0.230540141463
      vertex 0.0580798536539 -0.12730409205 -0.229158639908
      vertex 0.0590366907418 -0.125454962254 -0.228896439075
    endloop
  endfacet
  facet normal -0.775147616863 0.542245686054 -0.324215680361
    outer loop
      vertex 0.0554470904171 -0.0968587175012 -0.251125901937
      vertex 0.0531808957458 -0.09868735075 -0.253272116184
      vertex 0.0540260411799 -0.100663892925 -0.250882148743
    endloop
  endfacet
  facet normal -0.77514654398 0.542245864868 -0.32421785593
    outer loop
      vertex 0.053601808846 -0.0945166125894 -0.255164146423
      vertex 0.0535178147256 -0.0932114943862 -0.25606456399
      vertex 0.0521839745343 -0.0945899859071 -0.257147073746
    endloop
  endfacet
  facet normal -0.775147080421 0.542246639729 -0.324215352535
    outer loop
      vertex 0.0505487248302 -0.100666537881 -0.255851447582
      vertex 0.0508666075766 -0.0990976765752 -0.25633507967
      vertex 0.0504129454494 -0.100620925426 -0.256072819233
    endloop
  endfacet
  facet normal -0.775147140026 0.542246043682 -0.324216246605
    outer loop
      vertex 0.053601808846 -0.0945166125894 -0.255164146423
      vertex 0.0545298270881 -0.0953256189823 -0.25335380435
      vertex 0.0546214655042 -0.0935979411006 -0.254255831242
    endloop
  endfacet
  facet normal -0.775148510933 0.542243480682 -0.324217170477
    outer loop
      vertex 0.0266535896808 -0.140353709459 -0.266280353069
      vertex 0.0258018635213 -0.13901437819 -0.268298715353
      vertex 0.0250228382647 -0.141469120979 -0.267944604158
    endloop
  endfacet
  facet normal -0.775139987469 0.542252779007 -0.32422208786
    outer loop
      vertex 0.0195711124688 -0.130924150348 -0.282042920589
      vertex 0.019698113203 -0.131542146206 -0.281491875648
      vertex 0.0193999502808 -0.129095524549 -0.283380955458
    endloop
  endfacet
  facet normal -0.775147855282 0.542244911194 -0.324216455221
    outer loop
      vertex 0.0512326024473 -0.134590178728 -0.234590426087
      vertex 0.0527940802276 -0.134429350495 -0.232454419136
      vertex 0.0524060055614 -0.133577927947 -0.233518257737
    endloop
  endfacet
  facet normal -0.77523714304 0.54215991497 -0.324145078659
    outer loop
      vertex 0.0195529460907 -0.130787074566 -0.282150864601
      vertex 0.0195711124688 -0.130924150348 -0.282042920589
      vertex 0.0193999502808 -0.129095524549 -0.283380955458
    endloop
  endfacet
  facet normal -0.77514731884 0.542245984077 -0.324215859175
    outer loop
      vertex 0.0537015460432 -0.13937446475 -0.228200435638
      vertex 0.0550838187337 -0.13734716177 -0.227436617017
      vertex 0.0537420809269 -0.136393845081 -0.229924649
    endloop
  endfacet
  facet normal -0.775156319141 0.542249023914 -0.324189275503
    outer loop
      vertex 0.052114572376 -0.0929376482964 -0.258234262466
      vertex 0.0527305677533 -0.093036621809 -0.257294505835
      vertex 0.0523834489286 -0.0929655060172 -0.257833242416
    endloop
  endfacet
  facet normal -0.775148451328 0.542244851589 -0.32421502471
    outer loop
      vertex 0.0255792438984 -0.142861112952 -0.266316950321
      vertex 0.0266535896808 -0.140353709459 -0.266280353069
      vertex 0.0250228382647 -0.141469120979 -0.267944604158
    endloop
  endfacet
  facet normal -0.77514642477 0.542247533798 -0.324215441942
    outer loop
      vertex 0.0572180822492 -0.136178389192 -0.225084483624
      vertex 0.0582615658641 -0.134456336498 -0.22462245822
      vertex 0.0566006153822 -0.13512378931 -0.226597711444
    endloop
  endfacet
  facet normal -0.775147080421 0.542245388031 -0.324217379093
    outer loop
      vertex 0.0313971117139 -0.143094673753 -0.257860571146
      vertex 0.0326014943421 -0.143316954374 -0.256005972624
      vertex 0.0326201766729 -0.141325384378 -0.257170051336
    endloop
  endfacet
  facet normal -0.775147140026 0.542245984077 -0.324216216803
    outer loop
      vertex 0.0540260411799 -0.100663892925 -0.250882148743
      vertex 0.0537073016167 -0.102182596922 -0.250429749489
      vertex 0.0544980876148 -0.102808065712 -0.248925328255
    endloop
  endfacet
  facet normal -0.77514731884 0.542245864868 -0.324216127396
    outer loop
      vertex 0.0614517740905 -0.120030239224 -0.228687569499
      vertex 0.0606727078557 -0.122901298106 -0.228084608912
      vertex 0.0628119707108 -0.12217836082 -0.225458756089
    endloop
  endfacet
  facet normal -0.7751480937 0.542244553566 -0.324216425419
    outer loop
      vertex 0.0399958044291 -0.145328208804 -0.24423314631
      vertex 0.039085842669 -0.143528699875 -0.246609911323
      vertex 0.0384277924895 -0.145824417472 -0.246177956462
    endloop
  endfacet
  facet normal -0.77514731884 0.54224562645 -0.324216514826
    outer loop
      vertex 0.0552385039628 -0.0938938334584 -0.253196835518
      vertex 0.0545298270881 -0.0953256189823 -0.25335380435
      vertex 0.0556633658707 -0.0941021069884 -0.252464979887
    endloop
  endfacet
  facet normal -0.7753251791 0.54223549366 -0.323807835579
    outer loop
      vertex 0.0520691387355 -0.10127260536 -0.253315627575
      vertex 0.0526210702956 -0.101533025503 -0.252370923758
      vertex 0.0515674576163 -0.101031698287 -0.254176825285
    endloop
  endfacet
  facet normal -0.775147914886 0.542244970798 -0.324216246605
    outer loop
      vertex 0.019698113203 -0.131542146206 -0.281491875648
      vertex 0.0210676882416 -0.131803378463 -0.27937784791
      vertex 0.0220644939691 -0.129336327314 -0.279427975416
    endloop
  endfacet
  facet normal -0.775147557259 0.542245388031 -0.32421630621
    outer loop
      vertex 0.037119589746 -0.10263505578 -0.273871570826
      vertex 0.0361972115934 -0.101342894137 -0.275962740183
      vertex 0.0354189947248 -0.103590913117 -0.275731086731
    endloop
  endfacet
  facet normal -0.775147616863 0.542245447636 -0.324215978384
    outer loop
      vertex 0.0568954795599 -0.103524200618 -0.245070040226
      vertex 0.0579385012388 -0.100633621216 -0.245307341218
      vertex 0.0559368617833 -0.102686166763 -0.24694147706
    endloop
  endfacet
  facet normal -0.775149583817 0.542244851589 -0.324212282896
    outer loop
      vertex 0.0249443612993 -0.128534644842 -0.275790512562
      vertex 0.0240900162607 -0.126711085439 -0.278102129698
      vertex 0.0233187545091 -0.127690643072 -0.278618991375
    endloop
  endfacet
  facet normal -0.775147736073 0.542244791985 -0.324216961861
    outer loop
      vertex 0.0546003393829 -0.133060395718 -0.23069088161
      vertex 0.0556974075735 -0.130617722869 -0.230583116412
      vertex 0.0545597709715 -0.130735680461 -0.232138857245
    endloop
  endfacet
  facet normal -0.775147020817 0.542246162891 -0.32421630621
    outer loop
      vertex 0.0546214655042 -0.0935979411006 -0.254255831242
      vertex 0.0545298270881 -0.0953256189823 -0.25335380435
      vertex 0.0552385039628 -0.0938938334584 -0.253196835518
    endloop
  endfacet
  facet normal -0.775146842003 0.542245864868 -0.324217200279
    outer loop
      vertex 0.0566560104489 -0.0947140678763 -0.250680059195
      vertex 0.0559751391411 -0.0942945480347 -0.251904219389
      vertex 0.0554470904171 -0.0968587175012 -0.251125901937
    endloop
  endfacet
  facet normal -0.775145947933 0.542247951031 -0.324215859175
    outer loop
      vertex 0.0228478014469 -0.126549392939 -0.279974579811
      vertex 0.0220644939691 -0.129336327314 -0.279427975416
      vertex 0.0233187545091 -0.127690643072 -0.278618991375
    endloop
  endfacet
  facet normal -0.775147259235 0.542246341705 -0.324215501547
    outer loop
      vertex 0.045644313097 -0.145224139094 -0.236220762134
      vertex 0.0444154962897 -0.14687757194 -0.23698875308
      vertex 0.045554805547 -0.147901967168 -0.234747603536
    endloop
  endfacet
  facet normal -0.775147736073 0.542245745659 -0.324215203524
    outer loop
      vertex 0.0505487248302 -0.100666537881 -0.255851447582
      vertex 0.0515674576163 -0.101031698287 -0.254176825285
      vertex 0.0508666075766 -0.0990976765752 -0.25633507967
    endloop
  endfacet
  facet normal -0.775142610073 0.542251169682 -0.324218511581
    outer loop
      vertex 0.0245264545083 -0.12581409514 -0.278014570475
      vertex 0.0244668610394 -0.124917089939 -0.278636068106
      vertex 0.0240900162607 -0.126711085439 -0.278102129698
    endloop
  endfacet
  facet normal -0.7751480937 0.542245030403 -0.324215710163
    outer loop
      vertex 0.05976594612 -0.119047835469 -0.231684878469
      vertex 0.0615503489971 -0.117250218987 -0.230208858848
      vertex 0.0596785359085 -0.116837568581 -0.233131378889
    endloop
  endfacet
  facet normal -0.775146722794 0.542246997356 -0.324215650558
    outer loop
      vertex 0.0490498058498 -0.144934460521 -0.23152577877
      vertex 0.0471969954669 -0.145674005151 -0.23373220861
      vertex 0.0478208400309 -0.147505760193 -0.231745183468
    endloop
  endfacet
  facet normal -0.7751480937 0.542244851589 -0.324215948582
    outer loop
      vertex 0.0537420809269 -0.136393845081 -0.229924649
      vertex 0.0527940802276 -0.134429350495 -0.232454419136
      vertex 0.0525537319481 -0.136578887701 -0.231512770057
    endloop
  endfacet
  facet normal -0.775147497654 0.542246222496 -0.324215084314
    outer loop
      vertex 0.0452917478979 -0.100435614586 -0.263504445553
      vertex 0.0452329330146 -0.0993230044842 -0.264253765345
      vertex 0.0445520319045 -0.100596137345 -0.264465898275
    endloop
  endfacet
  facet normal -0.775147914886 0.542244970798 -0.324216067791
    outer loop
      vertex 0.0512354150414 -0.136958286166 -0.233170479536
      vertex 0.0527940802276 -0.134429350495 -0.232454419136
      vertex 0.0512326024473 -0.134590178728 -0.234590426087
    endloop
  endfacet
  facet normal -0.77514731884 0.542245924473 -0.324216008186
    outer loop
      vertex 0.024727858603 -0.117791213095 -0.28252363205
      vertex 0.0263225212693 -0.116727076471 -0.280880302191
      vertex 0.0253362506628 -0.115079693496 -0.283275187016
    endloop
  endfacet
  facet normal -0.775147140026 0.542245924473 -0.324216455221
    outer loop
      vertex 0.0236168894917 -0.142145529389 -0.269549995661
      vertex 0.0241075083613 -0.140438944101 -0.269869059324
      vertex 0.0226525589824 -0.140041559935 -0.272186517715
    endloop
  endfacet
  facet normal -0.775147259235 0.54224562645 -0.324216634035
    outer loop
      vertex 0.0281199328601 -0.136099651456 -0.266727745533
      vertex 0.0275180730969 -0.134967520833 -0.268265038729
      vertex 0.0267775673419 -0.135915055871 -0.268757075071
    endloop
  endfacet
  facet normal -0.775147736073 0.542244672775 -0.324217021465
    outer loop
      vertex 0.0428302250803 -0.142645359039 -0.241785436869
      vertex 0.0414749830961 -0.143618986011 -0.243140622973
      vertex 0.0417257808149 -0.145639881492 -0.241573780775
    endloop
  endfacet
  facet normal -0.775146722794 0.542247772217 -0.324214249849
    outer loop
      vertex 0.0274040959775 -0.14166790247 -0.264421731234
      vertex 0.0266535896808 -0.140353709459 -0.266280353069
      vertex 0.0255792438984 -0.142861112952 -0.266316950321
    endloop
  endfacet
  facet normal -0.775147855282 0.542245805264 -0.324214965105
    outer loop
      vertex 0.0242618899792 -0.143480405211 -0.267829835415
      vertex 0.0245475340635 -0.144113346934 -0.267043054104
      vertex 0.0255792438984 -0.142861112952 -0.266316950321
    endloop
  endfacet
  facet normal -0.775147020817 0.542246282101 -0.324216187
    outer loop
      vertex 0.0266535896808 -0.140353709459 -0.266280353069
      vertex 0.0284106656909 -0.139081522822 -0.264529258013
      vertex 0.0275535862893 -0.137832865119 -0.266501039267
    endloop
  endfacet
  facet normal -0.775146901608 0.542247712612 -0.324214071035
    outer loop
      vertex 0.0266535896808 -0.140353709459 -0.266280353069
      vertex 0.0274040959775 -0.14166790247 -0.264421731234
      vertex 0.0284106656909 -0.139081522822 -0.264529258013
    endloop
  endfacet
  facet normal -0.775147080421 0.542246222496 -0.324215978384
    outer loop
      vertex 0.0469328165054 -0.143085628748 -0.235657468438
      vertex 0.0453912802041 -0.142798736691 -0.238032653928
      vertex 0.045644313097 -0.145224139094 -0.236220762134
    endloop
  endfacet
  facet normal -0.775146365166 0.542245864868 -0.324218392372
    outer loop
      vertex 0.0297039374709 -0.138503074646 -0.263026356697
      vertex 0.0291612483561 -0.137757688761 -0.264247834682
      vertex 0.0284106656909 -0.139081522822 -0.264529258013
    endloop
  endfacet
  facet normal -0.775147378445 0.542245268822 -0.324216932058
    outer loop
      vertex 0.0591342039406 -0.121381960809 -0.231192350388
      vertex 0.0614517740905 -0.120030239224 -0.228687569499
      vertex 0.05976594612 -0.119047835469 -0.231684878469
    endloop
  endfacet
  facet normal -0.775147497654 0.542245864868 -0.324215561152
    outer loop
      vertex 0.0512586832047 -0.0965449512005 -0.257300913334
      vertex 0.0526300631464 -0.0964968279004 -0.255369275808
      vertex 0.0521839745343 -0.0945899859071 -0.257147073746
    endloop
  endfacet
  facet normal -0.775147140026 0.542246103287 -0.324216097593
    outer loop
      vertex 0.0610667914152 -0.128435909748 -0.224212035537
      vertex 0.0591749884188 -0.12977065146 -0.226118341088
      vertex 0.0603058300912 -0.130366176367 -0.224145710468
    endloop
  endfacet
  facet normal -0.77514731884 0.542245924473 -0.324215948582
    outer loop
      vertex 0.019698113203 -0.131542146206 -0.281491875648
      vertex 0.0207495428622 -0.128227472305 -0.281970709562
      vertex 0.0193999502808 -0.129095524549 -0.283380955458
    endloop
  endfacet
  facet normal -0.775147497654 0.542245090008 -0.324216991663
    outer loop
      vertex 0.0512586832047 -0.0965449512005 -0.257300913334
      vertex 0.0505552962422 -0.0951531231403 -0.259138613939
      vertex 0.0501263961196 -0.0971042662859 -0.258585095406
    endloop
  endfacet
  facet normal -0.775120913982 0.542279183865 -0.324223548174
    outer loop
      vertex 0.0628119707108 -0.12217836082 -0.225458756089
      vertex 0.0630077421665 -0.121105901897 -0.22582013905
      vertex 0.0632759183645 -0.119443953037 -0.226430475712
    endloop
  endfacet
  facet normal -0.775147974491 0.542244434357 -0.324216842651
    outer loop
      vertex 0.0209973808378 -0.120419301093 -0.286285042763
      vertex 0.022104088217 -0.120362453163 -0.284736961126
      vertex 0.0214794129133 -0.119004257023 -0.286442041397
    endloop
  endfacet
  facet normal -0.77514821291 0.542244613171 -0.324215978384
    outer loop
      vertex 0.0505552962422 -0.0951531231403 -0.259138613939
      vertex 0.0512586832047 -0.0965449512005 -0.257300913334
      vertex 0.0521839745343 -0.0945899859071 -0.257147073746
    endloop
  endfacet
  facet normal -0.775148034096 0.542244613171 -0.324216514826
    outer loop
      vertex 0.039085842669 -0.143528699875 -0.246609911323
      vertex 0.0399958044291 -0.145328208804 -0.24423314631
      vertex 0.0407299995422 -0.142535492778 -0.244853422046
    endloop
  endfacet
  facet normal -0.775147914886 0.542244970798 -0.324216187
    outer loop
      vertex 0.0236512646079 -0.142218112946 -0.26945745945
      vertex 0.0250228382647 -0.141469120979 -0.267944604158
      vertex 0.0241075083613 -0.140438944101 -0.269869059324
    endloop
  endfacet
  facet normal -0.775147497654 0.542245566845 -0.324216127396
    outer loop
      vertex 0.0304523464292 -0.139380097389 -0.261432111263
      vertex 0.0299082081765 -0.138770192862 -0.262574642897
      vertex 0.0295075662434 -0.140277400613 -0.262246191502
    endloop
  endfacet
  facet normal -0.775147378445 0.54224562645 -0.324216216803
    outer loop
      vertex 0.0609099641442 -0.125379934907 -0.226263448596
      vertex 0.0621471367776 -0.125035047531 -0.224701091647
      vertex 0.0626829266548 -0.122795581818 -0.225274175406
    endloop
  endfacet
  facet normal -0.775146782398 0.54224640131 -0.324216365814
    outer loop
      vertex 0.0495331473649 -0.141816467047 -0.232699111104
      vertex 0.0508654303849 -0.142496243119 -0.230388149619
      vertex 0.0510256327689 -0.139992788434 -0.231656000018
    endloop
  endfacet
  facet normal -0.77514731884 0.542245745659 -0.324216246605
    outer loop
      vertex 0.0606727078557 -0.122901298106 -0.228084608912
      vertex 0.0591342039406 -0.121381960809 -0.231192350388
      vertex 0.0583952851593 -0.123879417777 -0.230755388737
    endloop
  endfacet
  facet normal -0.7751480937 0.542245447636 -0.324214845896
    outer loop
      vertex 0.0482066497207 -0.143214374781 -0.233759537339
      vertex 0.0490498058498 -0.144934460521 -0.23152577877
      vertex 0.0495331473649 -0.141816467047 -0.232699111104
    endloop
  endfacet
  facet normal -0.775147914886 0.542245328426 -0.324215471745
    outer loop
      vertex 0.0247400831431 -0.137359261513 -0.270806163549
      vertex 0.0258161537349 -0.13443158567 -0.271018385887
      vertex 0.0240848828107 -0.135145261884 -0.273066550493
    endloop
  endfacet
  facet normal -0.775147557259 0.542245984077 -0.324215352535
    outer loop
      vertex 0.0621471367776 -0.125035047531 -0.224701091647
      vertex 0.0609099641442 -0.125379934907 -0.226263448596
      vertex 0.0617674328387 -0.126361101866 -0.22445102036
    endloop
  endfacet
  facet normal -0.775148391724 0.54224473238 -0.32421541214
    outer loop
      vertex 0.046341329813 -0.0970288738608 -0.264040976763
      vertex 0.0471419133246 -0.0987596064806 -0.26186171174
      vertex 0.0473826080561 -0.0967315658927 -0.262730240822
    endloop
  endfacet
  facet normal -0.775147140026 0.542245805264 -0.32421657443
    outer loop
      vertex 0.0610667914152 -0.128435909748 -0.224212035537
      vertex 0.0592941343784 -0.127535864711 -0.227284222841
      vertex 0.0591749884188 -0.12977065146 -0.226118341088
    endloop
  endfacet
  facet normal -0.775147914886 0.542245447636 -0.324215233326
    outer loop
      vertex 0.0277868248522 -0.147120460868 -0.260614454746
      vertex 0.0266072060913 -0.148746475577 -0.261328518391
      vertex 0.0272261556238 -0.149788111448 -0.259820908308
    endloop
  endfacet
  facet normal -0.775147676468 0.542245745659 -0.324215382338
    outer loop
      vertex 0.0370694175363 -0.149992480874 -0.245627641678
      vertex 0.0358227305114 -0.150246158242 -0.247258111835
      vertex 0.0357388593256 -0.153648197651 -0.245343878865
    endloop
  endfacet
  facet normal -0.775147199631 0.54224550724 -0.324216991663
    outer loop
      vertex 0.0220644939691 -0.129336327314 -0.279427975416
      vertex 0.0231989528984 -0.130805522203 -0.276927798986
      vertex 0.0249443612993 -0.128534644842 -0.275790512562
    endloop
  endfacet
  facet normal -0.775147616863 0.542245745659 -0.324215531349
    outer loop
      vertex 0.0508537217975 -0.144546627998 -0.229178935289
      vertex 0.0508654303849 -0.142496243119 -0.230388149619
      vertex 0.0490498058498 -0.144934460521 -0.23152577877
    endloop
  endfacet
  facet normal -0.775147974491 0.542245447636 -0.324215203524
    outer loop
      vertex 0.0327679365873 -0.106018669903 -0.278069198132
      vertex 0.0311089642346 -0.105602666736 -0.280689477921
      vertex 0.0310035683215 -0.108010694385 -0.279400348663
    endloop
  endfacet
  facet normal -0.775147795677 0.542246103287 -0.32421451807
    outer loop
      vertex 0.0371792986989 -0.152271091938 -0.244108140469
      vertex 0.0385724380612 -0.15319250524 -0.241565704346
      vertex 0.0386391095817 -0.150179028511 -0.243272185326
    endloop
  endfacet
  facet normal -0.775147259235 0.542246162891 -0.324215680361
    outer loop
      vertex 0.0575514100492 -0.129600405693 -0.228541046381
      vertex 0.0561927706003 -0.132727146149 -0.228613719344
      vertex 0.0582526884973 -0.132081955671 -0.226054802537
    endloop
  endfacet
  facet normal -0.775147199631 0.542244970798 -0.324217885733
    outer loop
      vertex 0.0385546088219 -0.147611841559 -0.244927942753
      vertex 0.0384277924895 -0.145824417472 -0.246177956462
      vertex 0.0369536019862 -0.147588029504 -0.24723084271
    endloop
  endfacet
  facet normal -0.775147020817 0.542246222496 -0.324216157198
    outer loop
      vertex 0.036389708519 -0.0984588041902 -0.277411997318
      vertex 0.0348476655781 -0.101343542337 -0.277891546488
      vertex 0.0361972115934 -0.101342894137 -0.275962740183
    endloop
  endfacet
  facet normal -0.775147795677 0.542244672775 -0.324216872454
    outer loop
      vertex 0.0573333241045 -0.123930841684 -0.232242718339
      vertex 0.0583952851593 -0.123879417777 -0.230755388737
      vertex 0.057728163898 -0.122590348125 -0.232479795814
    endloop
  endfacet
  facet normal -0.775147438049 0.542245984077 -0.324215561152
    outer loop
      vertex 0.0592941343784 -0.127535864711 -0.227284222841
      vertex 0.0590366907418 -0.125454962254 -0.228896439075
      vertex 0.0580798536539 -0.12730409205 -0.229158639908
    endloop
  endfacet
  facet normal -0.775147497654 0.542245805264 -0.324215769768
    outer loop
      vertex 0.0475545935333 -0.138147830963 -0.237721011043
      vertex 0.0469996929169 -0.137298300862 -0.23902221024
      vertex 0.0464668124914 -0.137617066503 -0.239593371749
    endloop
  endfacet
  facet normal -0.775147795677 0.542245090008 -0.324216097593
    outer loop
      vertex 0.0273269508034 -0.110187701881 -0.283354461193
      vertex 0.0255682561547 -0.110356420279 -0.285767644644
      vertex 0.025715475902 -0.112238720059 -0.284431755543
    endloop
  endfacet
  facet normal -0.775147616863 0.542244970798 -0.324216783047
    outer loop
      vertex 0.0285879448056 -0.144733667374 -0.260896325111
      vertex 0.0280432347208 -0.143232107162 -0.262572795153
      vertex 0.0268764458597 -0.145818293095 -0.26269441843
    endloop
  endfacet
  facet normal -0.775148153305 0.542244613171 -0.324216127396
    outer loop
      vertex 0.0561927706003 -0.132727146149 -0.228613719344
      vertex 0.0575514100492 -0.129600405693 -0.228541046381
      vertex 0.0556974075735 -0.130617722869 -0.230583116412
    endloop
  endfacet
  facet normal -0.775148928165 0.542242586613 -0.324217706919
    outer loop
      vertex 0.0273768417537 -0.134691298008 -0.268632084131
      vertex 0.0267775673419 -0.135915055871 -0.268757075071
      vertex 0.0274545084685 -0.134849920869 -0.268426239491
    endloop
  endfacet
  facet normal -0.775148034096 0.542244434357 -0.324216753244
    outer loop
      vertex 0.0545597709715 -0.130735680461 -0.232138857245
      vertex 0.0537845827639 -0.131973832846 -0.23250669241
      vertex 0.0546003393829 -0.133060395718 -0.23069088161
    endloop
  endfacet
  facet normal -0.775146603584 0.542246162891 -0.324217259884
    outer loop
      vertex 0.0487539805472 -0.0958972126245 -0.26126870513
      vertex 0.0474117100239 -0.0949526131153 -0.263752281666
      vertex 0.0473826080561 -0.0967315658927 -0.262730240822
    endloop
  endfacet
  facet normal -0.775147676468 0.542244911194 -0.324216812849
    outer loop
      vertex 0.0559873506427 -0.127849176526 -0.231823980808
      vertex 0.0550819672644 -0.129777848721 -0.231965065002
      vertex 0.0565310232341 -0.128168910742 -0.230855628848
    endloop
  endfacet
  facet normal -0.775147497654 0.542245090008 -0.324216902256
    outer loop
      vertex 0.0280432347208 -0.143232107162 -0.262572795153
      vertex 0.0285879448056 -0.144733667374 -0.260896325111
      vertex 0.0301856733859 -0.142299726605 -0.260067641735
    endloop
  endfacet
  facet normal -0.775147855282 0.542245447636 -0.324215531349
    outer loop
      vertex 0.0540260411799 -0.100663892925 -0.250882148743
      vertex 0.0544980876148 -0.102808065712 -0.248925328255
      vertex 0.0559935308993 -0.0991242751479 -0.248990163207
    endloop
  endfacet
  facet normal -0.775147080421 0.542245864868 -0.324216634035
    outer loop
      vertex 0.0453912802041 -0.142798736691 -0.238032653928
      vertex 0.0471542961895 -0.140630215406 -0.236808985472
      vertex 0.0458448603749 -0.139732345939 -0.239217698574
    endloop
  endfacet
  facet normal -0.775147736073 0.542246043682 -0.324214726686
    outer loop
      vertex 0.0358591862023 -0.153638273478 -0.245177805424
      vertex 0.0373232290149 -0.153480306268 -0.243179395795
      vertex 0.0371792986989 -0.152271091938 -0.244108140469
    endloop
  endfacet
  facet normal -0.775147616863 0.542245149612 -0.32421657443
    outer loop
      vertex 0.0527940802276 -0.134429350495 -0.232454419136
      vertex 0.0537420809269 -0.136393845081 -0.229924649
      vertex 0.0546003393829 -0.133060395718 -0.23069088161
    endloop
  endfacet
  facet normal -0.775146782398 0.54224640131 -0.324216455221
    outer loop
      vertex 0.0261858962476 -0.144249200821 -0.264619767666
      vertex 0.0274040959775 -0.14166790247 -0.264421731234
      vertex 0.0255792438984 -0.142861112952 -0.266316950321
    endloop
  endfacet
  facet normal -0.775147795677 0.542245209217 -0.324215948582
    outer loop
      vertex 0.0550838187337 -0.13734716177 -0.227436617017
      vertex 0.0566006153822 -0.13512378931 -0.226597711444
      vertex 0.0551790073514 -0.134944349527 -0.228737220168
    endloop
  endfacet
  facet normal -0.775146782398 0.542246043682 -0.324217021465
    outer loop
      vertex 0.0308434423059 -0.139830797911 -0.260603576899
      vertex 0.0301856733859 -0.142299726605 -0.260067641735
      vertex 0.0316122807562 -0.140578195453 -0.259057611227
    endloop
  endfacet
  facet normal -0.775147914886 0.542245268822 -0.324215650558
    outer loop
      vertex 0.0459285266697 -0.149090111256 -0.233502954245
      vertex 0.045554805547 -0.147901967168 -0.234747603536
      vertex 0.0445074662566 -0.150151431561 -0.234899818897
    endloop
  endfacet
  facet normal -0.775147140026 0.542246580124 -0.324215322733
    outer loop
      vertex 0.0548280887306 -0.139710128307 -0.226389333606
      vertex 0.0557416975498 -0.13842818141 -0.225849807262
      vertex 0.0550838187337 -0.13734716177 -0.227436617017
    endloop
  endfacet
  facet normal -0.77514731884 0.542245745659 -0.324216276407
    outer loop
      vertex 0.0326014943421 -0.143316954374 -0.256005972624
      vertex 0.0324202626944 -0.145340800285 -0.255054950714
      vertex 0.0337497927248 -0.143761098385 -0.254098922014
    endloop
  endfacet
  facet normal -0.775147378445 0.542245924473 -0.32421579957
    outer loop
      vertex 0.045644313097 -0.145224139094 -0.236220762134
      vertex 0.0443958863616 -0.145203992724 -0.238017454743
      vertex 0.0444154962897 -0.14687757194 -0.23698875308
    endloop
  endfacet
  facet normal -0.775148153305 0.542245209217 -0.324215143919
    outer loop
      vertex 0.0261014737189 -0.14760299027 -0.262735158205
      vertex 0.0277868248522 -0.147120460868 -0.260614454746
      vertex 0.0268764458597 -0.145818293095 -0.26269441843
    endloop
  endfacet
  facet normal -0.775147020817 0.542246282101 -0.324216157198
    outer loop
      vertex 0.0285879448056 -0.144733667374 -0.260896325111
      vertex 0.0297828763723 -0.145229265094 -0.25889185071
      vertex 0.0301856733859 -0.142299726605 -0.260067641735
    endloop
  endfacet
  facet normal -0.775147557259 0.542245209217 -0.32421657443
    outer loop
      vertex 0.0301856733859 -0.142299726605 -0.260067641735
      vertex 0.0295075662434 -0.140277400613 -0.262246191502
      vertex 0.0280432347208 -0.143232107162 -0.262572795153
    endloop
  endfacet
  facet normal -0.775147140026 0.542245268822 -0.3242174685
    outer loop
      vertex 0.037322666496 -0.14360755682 -0.249083250761
      vertex 0.0364272594452 -0.142340794206 -0.251120656729
      vertex 0.035809468478 -0.144328013062 -0.250815600157
    endloop
  endfacet
  facet normal -0.775147020817 0.542246699333 -0.324215382338
    outer loop
      vertex 0.0537015460432 -0.13937446475 -0.228200435638
      vertex 0.0548280887306 -0.139710128307 -0.226389333606
      vertex 0.0550838187337 -0.13734716177 -0.227436617017
    endloop
  endfacet
  facet normal -0.775147080421 0.542245745659 -0.324216842651
    outer loop
      vertex 0.0379569791257 -0.142179265618 -0.249030485749
      vertex 0.037322666496 -0.14360755682 -0.249083250761
      vertex 0.0387220680714 -0.141957715154 -0.248069241643
    endloop
  endfacet
  facet normal -0.775146901608 0.542246103287 -0.324216604233
    outer loop
      vertex 0.0474117100239 -0.0949526131153 -0.263752281666
      vertex 0.0487539805472 -0.0958972126245 -0.26126870513
      vertex 0.0484889931977 -0.0930719301105 -0.263336777687
    endloop
  endfacet
  facet normal -0.775148034096 0.542245209217 -0.324215471745
    outer loop
      vertex 0.056335516274 -0.105015687644 -0.244978740811
      vertex 0.0568954795599 -0.103524200618 -0.245070040226
      vertex 0.0561196096241 -0.104681015015 -0.245487481356
    endloop
  endfacet
  facet normal -0.775147199631 0.542246639729 -0.324215084314
    outer loop
      vertex 0.0536276474595 -0.141292408109 -0.227159321308
      vertex 0.0538859441876 -0.14095570147 -0.226991400123
      vertex 0.0537015460432 -0.13937446475 -0.228200435638
    endloop
  endfacet
  facet normal -0.775147974491 0.542245388031 -0.324215322733
    outer loop
      vertex 0.0248661804944 -0.144775182009 -0.266191840172
      vertex 0.0255792438984 -0.142861112952 -0.266316950321
      vertex 0.0245475340635 -0.144113346934 -0.267043054104
    endloop
  endfacet
  facet normal -0.775147259235 0.542245566845 -0.324216723442
    outer loop
      vertex 0.0294230971485 -0.147955551744 -0.25777605176
      vertex 0.0297828763723 -0.145229265094 -0.25889185071
      vertex 0.0277868248522 -0.147120460868 -0.260614454746
    endloop
  endfacet
  facet normal -0.775147020817 0.54224562645 -0.324217230082
    outer loop
      vertex 0.0326201766729 -0.141325384378 -0.257170051336
      vertex 0.0320984758437 -0.140952572227 -0.258138746023
      vertex 0.0313971117139 -0.143094673753 -0.257860571146
    endloop
  endfacet
  facet normal -0.775147736073 0.542244970798 -0.324216604233
    outer loop
      vertex 0.0313971117139 -0.143094673753 -0.257860571146
      vertex 0.0297828763723 -0.145229265094 -0.25889185071
      vertex 0.0312058627605 -0.145372524858 -0.256772011518
    endloop
  endfacet
  facet normal -0.775148510933 0.542245686054 -0.324213445187
    outer loop
      vertex 0.0357388593256 -0.153648197651 -0.245343878865
      vertex 0.0344634540379 -0.152076780796 -0.248106658459
      vertex 0.0343288779259 -0.153628379107 -0.247371315956
    endloop
  endfacet
  facet normal -0.775147914886 0.542245805264 -0.324214696884
    outer loop
      vertex 0.0430299937725 -0.151129186153 -0.236427262425
      vertex 0.0435969680548 -0.149370416999 -0.236668348312
      vertex 0.04244780913 -0.15146407485 -0.237059265375
    endloop
  endfacet
  facet normal -0.775147557259 0.54224562645 -0.324215978384
    outer loop
      vertex 0.0417257808149 -0.145639881492 -0.241573780775
      vertex 0.0399958044291 -0.145328208804 -0.24423314631
      vertex 0.0399798862636 -0.147721201181 -0.242825105786
    endloop
  endfacet
  facet normal -0.775148034096 0.542244434357 -0.324216842651
    outer loop
      vertex 0.039085842669 -0.143528699875 -0.246609911323
      vertex 0.0407299995422 -0.142535492778 -0.244853422046
      vertex 0.0400478616357 -0.141474351287 -0.246463030577
    endloop
  endfacet
  facet normal -0.775147378445 0.542245686054 -0.324216157198
    outer loop
      vertex 0.0429502986372 -0.147114276886 -0.23894174397
      vertex 0.0435969680548 -0.149370416999 -0.236668348312
      vertex 0.0444154962897 -0.14687757194 -0.23698875308
    endloop
  endfacet
  facet normal -0.775147795677 0.542245805264 -0.324214994907
    outer loop
      vertex 0.0508666075766 -0.0990976765752 -0.25633507967
      vertex 0.0491883978248 -0.100344851613 -0.257988393307
      vertex 0.0503421388566 -0.10060480237 -0.256183683872
    endloop
  endfacet
  facet normal -0.775146722794 0.542248368263 -0.324213266373
    outer loop
      vertex 0.0513823740184 -0.143972724676 -0.228766366839
      vertex 0.0523961111903 -0.142802447081 -0.228016942739
      vertex 0.0508537217975 -0.144546627998 -0.229178935289
    endloop
  endfacet
  facet normal -0.775146663189 0.542246222496 -0.324216991663
    outer loop
      vertex 0.0337542183697 -0.14188721776 -0.255213022232
      vertex 0.0333984084427 -0.141721650958 -0.255820631981
      vertex 0.0326014943421 -0.143316954374 -0.256005972624
    endloop
  endfacet
  facet normal -0.775147676468 0.542245209217 -0.324216336012
    outer loop
      vertex 0.0487539805472 -0.0958972126245 -0.26126870513
      vertex 0.0489477775991 -0.0988327413797 -0.259236484766
      vertex 0.0501263961196 -0.0971042662859 -0.258585095406
    endloop
  endfacet
  facet normal -0.775147378445 0.54224562645 -0.32421630621
    outer loop
      vertex 0.0565310232341 -0.128168910742 -0.230855628848
      vertex 0.0576622970402 -0.125991865993 -0.230540141463
      vertex 0.0566917546093 -0.125952139497 -0.231951296329
    endloop
  endfacet
  facet normal -0.775148034096 0.542245149612 -0.324215471745
    outer loop
      vertex 0.0596785359085 -0.116837568581 -0.233131378889
      vertex 0.0620204359293 -0.114430382848 -0.231222882867
      vertex 0.0600959919393 -0.114408232272 -0.233987152576
    endloop
  endfacet
  facet normal -0.775147616863 0.542245566845 -0.324215888977
    outer loop
      vertex 0.0498003028333 -0.14566154778 -0.23001819849
      vertex 0.0490498058498 -0.144934460521 -0.23152577877
      vertex 0.0488752499223 -0.14656098187 -0.230802774429
    endloop
  endfacet
  facet normal -0.775147497654 0.542245447636 -0.324216336012
    outer loop
      vertex 0.0293673202395 -0.1075931862 -0.281989008188
      vertex 0.0274701565504 -0.107398107648 -0.284817665815
      vertex 0.0273269508034 -0.110187701881 -0.283354461193
    endloop
  endfacet
  facet normal -0.775148034096 0.542244911194 -0.324216037989
    outer loop
      vertex 0.0198421832174 -0.124761492014 -0.285340160131
      vertex 0.0213962886482 -0.12412878871 -0.283496826887
      vertex 0.0203642528504 -0.122566580772 -0.285906225443
    endloop
  endfacet
  facet normal -0.775147676468 0.542245209217 -0.324216246605
    outer loop
      vertex 0.0313713401556 -0.147366538644 -0.255343198776
      vertex 0.0299671627581 -0.150205090642 -0.255653291941
      vertex 0.0318341478705 -0.148847013712 -0.25379639864
    endloop
  endfacet
  facet normal -0.775146961212 0.54224562645 -0.324217349291
    outer loop
      vertex 0.0347111783922 -0.142147943377 -0.253689140081
      vertex 0.0337542183697 -0.14188721776 -0.255213022232
      vertex 0.0337497927248 -0.143761098385 -0.254098922014
    endloop
  endfacet
  facet normal -0.775147736073 0.542245209217 -0.324216127396
    outer loop
      vertex 0.0331842340529 -0.148952871561 -0.251803159714
      vertex 0.0330983921885 -0.146573096514 -0.253348767757
      vertex 0.0318341478705 -0.148847013712 -0.25379639864
    endloop
  endfacet
  facet normal -0.775147438049 0.54224550724 -0.324216336012
    outer loop
      vertex 0.0330983921885 -0.146573096514 -0.253348767757
      vertex 0.0331842340529 -0.148952871561 -0.251803159714
      vertex 0.034574829042 -0.146675348282 -0.251177042723
    endloop
  endfacet
  facet normal -0.775147020817 0.542246222496 -0.324216216803
    outer loop
      vertex 0.0361972115934 -0.101342894137 -0.275962740183
      vertex 0.0348476655781 -0.101343542337 -0.277891546488
      vertex 0.0354189947248 -0.103590913117 -0.275731086731
    endloop
  endfacet
  facet normal -0.775147020817 0.542246520519 -0.324215680361
    outer loop
      vertex 0.0587406270206 -0.133585840464 -0.224458113313
      vertex 0.0582526884973 -0.132081955671 -0.226054802537
      vertex 0.0582615658641 -0.134456336498 -0.22462245822
    endloop
  endfacet
  facet normal -0.775147140026 0.542245268822 -0.324217528105
    outer loop
      vertex 0.037322666496 -0.14360755682 -0.249083250761
      vertex 0.0373764559627 -0.142266228795 -0.249808356166
      vertex 0.0364272594452 -0.142340794206 -0.251120656729
    endloop
  endfacet
  facet normal -0.77514654398 0.542245388031 -0.324218779802
    outer loop
      vertex 0.0267775673419 -0.135915055871 -0.268757075071
      vertex 0.0275535862893 -0.137832865119 -0.266501039267
      vertex 0.0281199328601 -0.136099651456 -0.266727745533
    endloop
  endfacet
  facet normal -0.775146961212 0.54224550724 -0.3242174685
    outer loop
      vertex 0.0364272594452 -0.142340794206 -0.251120656729
      vertex 0.0360382720828 -0.142324090004 -0.25168672204
      vertex 0.035809468478 -0.144328013062 -0.250815600157
    endloop
  endfacet
  facet normal -0.775147914886 0.542245566845 -0.324215233326
    outer loop
      vertex 0.0299671627581 -0.150205090642 -0.255653291941
      vertex 0.0294230971485 -0.147955551744 -0.25777605176
      vertex 0.0279192812741 -0.150821119547 -0.258212417364
    endloop
  endfacet
  facet normal -0.77543336153 0.542318880558 -0.323408812284
    outer loop
      vertex 0.0313643068075 -0.153137266636 -0.251902848482
      vertex 0.032708261162 -0.153422534466 -0.24981109798
      vertex 0.0313588567078 -0.153134986758 -0.251911997795
    endloop
  endfacet
  facet normal -0.775147259235 0.542245090008 -0.324217528105
    outer loop
      vertex 0.0510256327689 -0.139992788434 -0.231656000018
      vertex 0.0497287325561 -0.139266893268 -0.23394395411
      vertex 0.0495331473649 -0.141816467047 -0.232699111104
    endloop
  endfacet
  facet normal -0.775147140026 0.542246341705 -0.324215710163
    outer loop
      vertex 0.0344634540379 -0.152076780796 -0.248106658459
      vertex 0.0357388593256 -0.153648197651 -0.245343878865
      vertex 0.0358227305114 -0.150246158242 -0.247258111835
    endloop
  endfacet
  facet normal -0.775147795677 0.542245209217 -0.324216067791
    outer loop
      vertex 0.0344634540379 -0.152076780796 -0.248106658459
      vertex 0.0348912030458 -0.148920893669 -0.249382138252
      vertex 0.0329518914223 -0.1515904814 -0.250558227301
    endloop
  endfacet
  facet normal -0.775147795677 0.542245686054 -0.324215233326
    outer loop
      vertex 0.0559368617833 -0.102686166763 -0.24694147706
      vertex 0.0563146732748 -0.100795783103 -0.247531667352
      vertex 0.0544980876148 -0.102808065712 -0.248925328255
    endloop
  endfacet
  facet normal -0.77514821291 0.542244613171 -0.324216008186
    outer loop
      vertex 0.0226525589824 -0.140041559935 -0.272186517715
      vertex 0.0231256652623 -0.137808024883 -0.27284565568
      vertex 0.0219727158546 -0.138449877501 -0.274110049009
    endloop
  endfacet
  facet normal -0.77514821291 0.542243778706 -0.324217379093
    outer loop
      vertex 0.0525792874396 -0.133418768644 -0.233365729451
      vertex 0.0527940802276 -0.134429350495 -0.232454419136
      vertex 0.0528995767236 -0.133037045598 -0.233136102557
    endloop
  endfacet
  facet normal -0.775147259235 0.542246043682 -0.324215859175
    outer loop
      vertex 0.037322666496 -0.14360755682 -0.249083250761
      vertex 0.035809468478 -0.144328013062 -0.250815600157
      vertex 0.0361361168325 -0.14608605206 -0.249297499657
    endloop
  endfacet
  facet normal -0.775146603584 0.542247653008 -0.324214696884
    outer loop
      vertex 0.0424858555198 -0.140212327242 -0.243732452393
      vertex 0.0421202667058 -0.141323491931 -0.243590682745
      vertex 0.0429010950029 -0.139972612262 -0.243282198906
    endloop
  endfacet
  facet normal -0.775147736073 0.542244613171 -0.324217200279
    outer loop
      vertex 0.0379569791257 -0.142179265618 -0.249030485749
      vertex 0.0373764559627 -0.142266228795 -0.249808356166
      vertex 0.037322666496 -0.14360755682 -0.249083250761
    endloop
  endfacet
  facet normal -0.775147736073 0.542245268822 -0.324216037989
    outer loop
      vertex 0.0313588567078 -0.153134986758 -0.251911997795
      vertex 0.0329518914223 -0.1515904814 -0.250558227301
      vertex 0.0314025431871 -0.151097238064 -0.253067940474
    endloop
  endfacet
  facet normal -0.775147736073 0.542244851589 -0.324216753244
    outer loop
      vertex 0.0428302250803 -0.142645359039 -0.241785436869
      vertex 0.0421202667058 -0.141323491931 -0.243590682745
      vertex 0.0414749830961 -0.143618986011 -0.243140622973
    endloop
  endfacet
  facet normal -0.775147795677 0.54224550724 -0.324215531349
    outer loop
      vertex 0.0583102107048 -0.106618747115 -0.241197392344
      vertex 0.0577251166105 -0.104730367661 -0.243162870407
      vertex 0.056920748204 -0.106093287468 -0.24349783361
    endloop
  endfacet
  facet normal -0.775147676468 0.542245268822 -0.324216216803
    outer loop
      vertex 0.0247341971844 -0.111806832254 -0.286092728376
      vertex 0.025715475902 -0.112238720059 -0.284431755543
      vertex 0.0255682561547 -0.110356420279 -0.285767644644
    endloop
  endfacet
  facet normal -0.775147020817 0.542245090008 -0.324218064547
    outer loop
      vertex 0.0249443612993 -0.128534644842 -0.275790512562
      vertex 0.0233187545091 -0.127690643072 -0.278618991375
      vertex 0.0220644939691 -0.129336327314 -0.279427975416
    endloop
  endfacet
  facet normal -0.775147736073 0.542245328426 -0.324215918779
    outer loop
      vertex 0.0385546088219 -0.147611841559 -0.244927942753
      vertex 0.0369536019862 -0.147588029504 -0.24723084271
      vertex 0.0370694175363 -0.149992480874 -0.245627641678
    endloop
  endfacet
  facet normal -0.775147378445 0.542245328426 -0.324216812849
    outer loop
      vertex 0.0228623840958 -0.118357114494 -0.284851998091
      vertex 0.0241678413004 -0.120216213167 -0.281874239445
      vertex 0.024727858603 -0.117791213095 -0.28252363205
    endloop
  endfacet
  facet normal -0.775147616863 0.542245864868 -0.324215382338
    outer loop
      vertex 0.0515674576163 -0.101031698287 -0.254176825285
      vertex 0.0531808957458 -0.09868735075 -0.253272116184
      vertex 0.0508666075766 -0.0990976765752 -0.25633507967
    endloop
  endfacet
  facet normal -0.775147676468 0.542245030403 -0.324216634035
    outer loop
      vertex 0.0280432347208 -0.143232107162 -0.262572795153
      vertex 0.0295075662434 -0.140277400613 -0.262246191502
      vertex 0.0274040959775 -0.14166790247 -0.264421731234
    endloop
  endfacet
  facet normal -0.775147795677 0.542245686054 -0.324215173721
    outer loop
      vertex 0.0508666075766 -0.0990976765752 -0.25633507967
      vertex 0.0489477775991 -0.0988327413797 -0.259236484766
      vertex 0.0491883978248 -0.100344851613 -0.257988393307
    endloop
  endfacet
  facet normal -0.77514821291 0.542245030403 -0.324215322733
    outer loop
      vertex 0.0524437986314 -0.138398364186 -0.230582043529
      vertex 0.0537015460432 -0.13937446475 -0.228200435638
      vertex 0.0537420809269 -0.136393845081 -0.229924649
    endloop
  endfacet
  facet normal -0.775147438049 0.54224562645 -0.324216127396
    outer loop
      vertex 0.0478208400309 -0.147505760193 -0.231745183468
      vertex 0.0484162271023 -0.146987646818 -0.231203854084
      vertex 0.0490498058498 -0.144934460521 -0.23152577877
    endloop
  endfacet
  facet normal -0.775147140026 0.542245864868 -0.32421657443
    outer loop
      vertex 0.0395683012903 -0.1416926682 -0.247018024325
      vertex 0.0387220680714 -0.141957715154 -0.248069241643
      vertex 0.039085842669 -0.143528699875 -0.246609911323
    endloop
  endfacet
  facet normal -0.775144934654 0.542249023914 -0.324216455221
    outer loop
      vertex 0.0328406728804 -0.153457432985 -0.249600946903
      vertex 0.0329518914223 -0.1515904814 -0.250558227301
      vertex 0.032708261162 -0.153422534466 -0.24981109798
    endloop
  endfacet
  facet normal -0.775329589844 0.542115032673 -0.323998898268
    outer loop
      vertex 0.021204046905 -0.136506721377 -0.276370733976
      vertex 0.0214477516711 -0.137146100402 -0.275640040636
      vertex 0.0209287554026 -0.135765969753 -0.277207165956
    endloop
  endfacet
  facet normal -0.775147497654 0.542245864868 -0.324215620756
    outer loop
      vertex 0.0331842340529 -0.148952871561 -0.251803159714
      vertex 0.0329518914223 -0.1515904814 -0.250558227301
      vertex 0.0348912030458 -0.148920893669 -0.249382138252
    endloop
  endfacet
  facet normal -0.775146782398 0.54224640131 -0.324216485023
    outer loop
      vertex 0.0253943372518 -0.119193665683 -0.280732363462
      vertex 0.0241678413004 -0.120216213167 -0.281874239445
      vertex 0.0249076299369 -0.121022500098 -0.280334621668
    endloop
  endfacet
  facet normal -0.775147020817 0.542245984077 -0.324216604233
    outer loop
      vertex 0.0399798862636 -0.147721201181 -0.242825105786
      vertex 0.0385546088219 -0.147611841559 -0.244927942753
      vertex 0.0386391095817 -0.150179028511 -0.243272185326
    endloop
  endfacet
  facet normal -0.775147438049 0.542244851589 -0.324217408895
    outer loop
      vertex 0.0225609932095 -0.116250604391 -0.286542356014
      vertex 0.0235000289977 -0.116104982793 -0.285287052393
      vertex 0.0230482518673 -0.115182369947 -0.286484539509
    endloop
  endfacet
  facet normal -0.775147140026 0.542245686054 -0.324216812849
    outer loop
      vertex 0.0629150494933 -0.104034051299 -0.236160129309
      vertex 0.0610358677804 -0.103403143585 -0.239223688841
      vertex 0.0604009181261 -0.105614237487 -0.238809302449
    endloop
  endfacet
  facet normal -0.775147557259 0.54224640131 -0.324214577675
    outer loop
      vertex 0.0399133786559 -0.151184976101 -0.240849137306
      vertex 0.0417096093297 -0.150247529149 -0.238841921091
      vertex 0.0409365594387 -0.148633703589 -0.240911930799
    endloop
  endfacet
  facet normal -0.775147140026 0.542245924473 -0.324216395617
    outer loop
      vertex 0.0613457299769 -0.107235170901 -0.236489504576
      vertex 0.0595381222665 -0.110277041793 -0.237254723907
      vertex 0.061249949038 -0.109977260232 -0.234986886382
    endloop
  endfacet
  facet normal -0.775147795677 0.542245686054 -0.324215143919
    outer loop
      vertex 0.0389609187841 -0.153065130115 -0.241086527705
      vertex 0.0400279201567 -0.152681753039 -0.239790469408
      vertex 0.0399133786559 -0.151184976101 -0.240849137306
    endloop
  endfacet
  facet normal -0.775147616863 0.542244613171 -0.3242174685
    outer loop
      vertex 0.0411534495652 -0.140967905521 -0.245185375214
      vertex 0.0400478616357 -0.141474351287 -0.246463030577
      vertex 0.0407299995422 -0.142535492778 -0.244853422046
    endloop
  endfacet
  facet normal -0.775147259235 0.542245984077 -0.324216008186
    outer loop
      vertex 0.0241075083613 -0.140438944101 -0.269869059324
      vertex 0.0258018635213 -0.13901437819 -0.268298715353
      vertex 0.0247400831431 -0.137359261513 -0.270806163549
    endloop
  endfacet
  facet normal -0.775146901608 0.542245447636 -0.324217736721
    outer loop
      vertex 0.0399958044291 -0.145328208804 -0.24423314631
      vertex 0.0417257808149 -0.145639881492 -0.241573780775
      vertex 0.0414749830961 -0.143618986011 -0.243140622973
    endloop
  endfacet
  facet normal -0.775147378445 0.542245268822 -0.324216932058
    outer loop
      vertex 0.0417257808149 -0.145639881492 -0.241573780775
      vertex 0.0436084493995 -0.144151136279 -0.239772617817
      vertex 0.0428302250803 -0.142645359039 -0.241785436869
    endloop
  endfacet
  facet normal -0.7751480937 0.542244315147 -0.324216783047
    outer loop
      vertex 0.045075841248 -0.13854020834 -0.241029813886
      vertex 0.0444182530046 -0.141273528337 -0.240335553885
      vertex 0.0458448603749 -0.139732345939 -0.239217698574
    endloop
  endfacet
  facet normal -0.775146663189 0.542245566845 -0.324218213558
    outer loop
      vertex 0.0421202667058 -0.141323491931 -0.243590682745
      vertex 0.0412920638919 -0.140884846449 -0.245036885142
      vertex 0.0407299995422 -0.142535492778 -0.244853422046
    endloop
  endfacet
  facet normal -0.775147557259 0.542245566845 -0.324215978384
    outer loop
      vertex 0.0459663383663 -0.149060219526 -0.233466789126
      vertex 0.0472003929317 -0.148058101535 -0.232301861048
      vertex 0.045554805547 -0.147901967168 -0.234747603536
    endloop
  endfacet
  facet normal -0.775147914886 0.542244970798 -0.324216067791
    outer loop
      vertex 0.0212261900306 -0.133903041482 -0.277895838022
      vertex 0.0210676882416 -0.131803378463 -0.27937784791
      vertex 0.0199602302164 -0.132723793387 -0.280410647392
    endloop
  endfacet
  facet normal -0.775147438049 0.542244970798 -0.324217259884
    outer loop
      vertex 0.0324125736952 -0.101721353829 -0.281146645546
      vertex 0.0348476655781 -0.101343542337 -0.277891546488
      vertex 0.0346964560449 -0.099756270647 -0.279056727886
    endloop
  endfacet
  facet normal -0.775148689747 0.542245328426 -0.324213683605
    outer loop
      vertex 0.0416502282023 -0.140669286251 -0.244653776288
      vertex 0.0412920638919 -0.140884846449 -0.245036885142
      vertex 0.0421202667058 -0.141323491931 -0.243590682745
    endloop
  endfacet
  facet normal -0.775147914886 0.542245328426 -0.324215561152
    outer loop
      vertex 0.0559935308993 -0.0991242751479 -0.248990163207
      vertex 0.0544980876148 -0.102808065712 -0.248925328255
      vertex 0.0563146732748 -0.100795783103 -0.247531667352
    endloop
  endfacet
  facet normal -0.775146842003 0.542246103287 -0.324216812849
    outer loop
      vertex 0.0429502986372 -0.147114276886 -0.23894174397
      vertex 0.0417257808149 -0.145639881492 -0.241573780775
      vertex 0.0409365594387 -0.148633703589 -0.240911930799
    endloop
  endfacet
  facet normal -0.775147497654 0.542245209217 -0.324216812849
    outer loop
      vertex 0.0546003393829 -0.133060395718 -0.23069088161
      vertex 0.0561927706003 -0.132727146149 -0.228613719344
      vertex 0.0556974075735 -0.130617722869 -0.230583116412
    endloop
  endfacet
  facet normal -0.775147080421 0.542245984077 -0.324216544628
    outer loop
      vertex 0.0452329330146 -0.0993230044842 -0.264253765345
      vertex 0.046341329813 -0.0970288738608 -0.264040976763
      vertex 0.0446486324072 -0.0972155034542 -0.266349136829
    endloop
  endfacet
  facet normal -0.775147497654 0.542245566845 -0.324216097593
    outer loop
      vertex 0.0508666075766 -0.0990976765752 -0.25633507967
      vertex 0.0501263961196 -0.0971042662859 -0.258585095406
      vertex 0.0489477775991 -0.0988327413797 -0.259236484766
    endloop
  endfacet
  facet normal -0.77514731884 0.542245566845 -0.32421657443
    outer loop
      vertex 0.0569023862481 -0.125366166234 -0.232000559568
      vertex 0.0566917546093 -0.125952139497 -0.231951296329
      vertex 0.0576622970402 -0.125991865993 -0.230540141463
    endloop
  endfacet
  facet normal -0.77514654398 0.542246222496 -0.324217379093
    outer loop
      vertex 0.0606259331107 -0.0989451408386 -0.242475196719
      vertex 0.0605242587626 -0.101816937327 -0.240903452039
      vertex 0.0613449774683 -0.100131891668 -0.240737736225
    endloop
  endfacet
  facet normal -0.775146305561 0.54224640131 -0.324217617512
    outer loop
      vertex 0.057850766927 -0.0981162339449 -0.246937945485
      vertex 0.0586787648499 -0.0964513197541 -0.246749788523
      vertex 0.057716127485 -0.0955424904823 -0.248669281602
    endloop
  endfacet
  facet normal -0.775147736073 0.542246222496 -0.324214398861
    outer loop
      vertex 0.0415236391127 -0.151987686753 -0.238067299128
      vertex 0.04244780913 -0.15146407485 -0.237059265375
      vertex 0.0417096093297 -0.150247529149 -0.238841921091
    endloop
  endfacet
  facet normal -0.775147616863 0.542244851589 -0.324217021465
    outer loop
      vertex 0.0428302250803 -0.142645359039 -0.241785436869
      vertex 0.0444182530046 -0.141273528337 -0.240335553885
      vertex 0.0437551960349 -0.139410093427 -0.242397591472
    endloop
  endfacet
  facet normal -0.775147557259 0.542244911194 -0.324217021465
    outer loop
      vertex 0.0428302250803 -0.142645359039 -0.241785436869
      vertex 0.0437551960349 -0.139410093427 -0.242397591472
      vertex 0.0421202667058 -0.141323491931 -0.243590682745
    endloop
  endfacet
  facet normal -0.775147140026 0.54224550724 -0.324217021465
    outer loop
      vertex 0.0301856733859 -0.142299726605 -0.260067641735
      vertex 0.0308434423059 -0.139830797911 -0.260603576899
      vertex 0.0295075662434 -0.140277400613 -0.262246191502
    endloop
  endfacet
  facet normal -0.775147259235 0.542244970798 -0.324217766523
    outer loop
      vertex 0.0217558275908 -0.118269279599 -0.28648635745
      vertex 0.0214794129133 -0.119004257023 -0.286442041397
      vertex 0.0228623840958 -0.118357114494 -0.284851998091
    endloop
  endfacet
  facet normal -0.775147199631 0.542244911194 -0.324217826128
    outer loop
      vertex 0.0228623840958 -0.118357114494 -0.284851998091
      vertex 0.0214794129133 -0.119004257023 -0.286442041397
      vertex 0.022104088217 -0.120362453163 -0.284736961126
    endloop
  endfacet
  facet normal -0.775158762932 0.5422295928 -0.324215829372
    outer loop
      vertex 0.0209973808378 -0.120419301093 -0.286285042763
      vertex 0.0207138061523 -0.121309056878 -0.286158412695
      vertex 0.0203642528504 -0.122566580772 -0.285906225443
    endloop
  endfacet
  facet normal -0.775154590607 0.542235970497 -0.324215292931
    outer loop
      vertex 0.0200751125813 -0.123681202531 -0.285653114319
      vertex 0.0198421832174 -0.124761492014 -0.285340160131
      vertex 0.0203642528504 -0.122566580772 -0.285906225443
    endloop
  endfacet
  facet normal -0.77514821291 0.542244076729 -0.324216902256
    outer loop
      vertex 0.0194801632315 -0.127004951239 -0.284516274929
      vertex 0.0211807452142 -0.125893861055 -0.282749593258
      vertex 0.0195822957903 -0.126184388995 -0.284860908985
    endloop
  endfacet
  facet normal -0.775139510632 0.542254447937 -0.324220389128
    outer loop
      vertex 0.0194801632315 -0.127004951239 -0.284516274929
      vertex 0.019395923242 -0.128617733717 -0.283672392368
      vertex 0.0193999502808 -0.129095524549 -0.283380955458
    endloop
  endfacet
  facet normal -0.775146901608 0.542245984077 -0.324216932058
    outer loop
      vertex 0.0635356158018 -0.10762155056 -0.233128011227
      vertex 0.0626147016883 -0.109436556697 -0.233359247446
      vertex 0.0636859834194 -0.109861493111 -0.231573760509
    endloop
  endfacet
  facet normal -0.775147497654 0.542245924473 -0.324215590954
    outer loop
      vertex 0.0420846194029 -0.100098624825 -0.268290549517
      vertex 0.0407590568066 -0.100710242987 -0.269819766283
      vertex 0.0412829779088 -0.101600930095 -0.26853826642
    endloop
  endfacet
  facet normal -0.775147080421 0.542246103287 -0.324216216803
    outer loop
      vertex 0.0603058300912 -0.130366176367 -0.224145710468
      vertex 0.0591749884188 -0.12977065146 -0.226118341088
      vertex 0.0582526884973 -0.132081955671 -0.226054802537
    endloop
  endfacet
  facet normal -0.775147616863 0.542245864868 -0.324215263128
    outer loop
      vertex 0.0489477775991 -0.0988327413797 -0.259236484766
      vertex 0.0471419133246 -0.0987596064806 -0.26186171174
      vertex 0.0479180663824 -0.100213311613 -0.259883016348
    endloop
  endfacet
  facet normal -0.77514898777 0.542244374752 -0.32421463728
    outer loop
      vertex 0.0203192941844 -0.13395935297 -0.279158592224
      vertex 0.0204565264285 -0.134382098913 -0.27870965004
      vertex 0.0212261900306 -0.133903041482 -0.277895838022
    endloop
  endfacet
  facet normal -0.775148272514 0.542245268822 -0.324214726686
    outer loop
      vertex 0.0344634540379 -0.152076780796 -0.248106658459
      vertex 0.0329518914223 -0.1515904814 -0.250558227301
      vertex 0.0328406728804 -0.153457432985 -0.249600946903
    endloop
  endfacet
  facet normal -0.775147199631 0.542246103287 -0.324215918779
    outer loop
      vertex 0.0313713401556 -0.147366538644 -0.255343198776
      vertex 0.0294230971485 -0.147955551744 -0.25777605176
      vertex 0.0299671627581 -0.150205090642 -0.255653291941
    endloop
  endfacet
  facet normal -0.775148034096 0.542245209217 -0.324215531349
    outer loop
      vertex 0.0615503489971 -0.117250218987 -0.230208858848
      vertex 0.05976594612 -0.119047835469 -0.231684878469
      vertex 0.0614517740905 -0.120030239224 -0.228687569499
    endloop
  endfacet
  facet normal -0.775147080421 0.542246043682 -0.324216246605
    outer loop
      vertex 0.0632186979055 -0.105379387736 -0.234921678901
      vertex 0.0624553710222 -0.108045838773 -0.234418556094
      vertex 0.0635356158018 -0.10762155056 -0.233128011227
    endloop
  endfacet
  facet normal -0.775146961212 0.542245447636 -0.324217617512
    outer loop
      vertex 0.0259981229901 -0.131620466709 -0.272439092398
      vertex 0.0258161537349 -0.13443158567 -0.271018385887
      vertex 0.026460127905 -0.132714763284 -0.271124333143
    endloop
  endfacet
  facet normal -0.77514398098 0.542250454426 -0.324216395617
    outer loop
      vertex 0.0236168894917 -0.142145529389 -0.269549995661
      vertex 0.0236373841763 -0.142188504338 -0.269495010376
      vertex 0.0241075083613 -0.140438944101 -0.269869059324
    endloop
  endfacet
  facet normal -0.77514564991 0.54224807024 -0.324216336012
    outer loop
      vertex 0.0236373841763 -0.142188504338 -0.269495010376
      vertex 0.0236512646079 -0.142218112946 -0.26945745945
      vertex 0.0241075083613 -0.140438944101 -0.269869059324
    endloop
  endfacet
  facet normal -0.775147914886 0.542245090008 -0.324215888977
    outer loop
      vertex 0.0236512646079 -0.142218112946 -0.26945745945
      vertex 0.0242618899792 -0.143480405211 -0.267829835415
      vertex 0.0250228382647 -0.141469120979 -0.267944604158
    endloop
  endfacet
  facet normal -0.775147795677 0.542245924473 -0.324214845896
    outer loop
      vertex 0.0248661804944 -0.144775182009 -0.266191840172
      vertex 0.0251127500087 -0.145350277424 -0.265495479107
      vertex 0.0261858962476 -0.144249200821 -0.264619767666
    endloop
  endfacet
  facet normal -0.77514821291 0.542245745659 -0.324214160442
    outer loop
      vertex 0.0255094319582 -0.146210730076 -0.264413952827
      vertex 0.0257818512619 -0.146926894784 -0.263596326113
      vertex 0.0268764458597 -0.145818293095 -0.26269441843
    endloop
  endfacet
  facet normal -0.775146663189 0.54224550724 -0.324218243361
    outer loop
      vertex 0.0521839745343 -0.0945899859071 -0.257147073746
      vertex 0.0527305677533 -0.093036621809 -0.257294505835
      vertex 0.0512233264744 -0.0928623303771 -0.259553343058
    endloop
  endfacet
  facet normal -0.775152802467 0.542242646217 -0.324208289385
    outer loop
      vertex 0.0267420746386 -0.148983329535 -0.260994106531
      vertex 0.0272261556238 -0.149788111448 -0.259820908308
      vertex 0.0266072060913 -0.148746475577 -0.261328518391
    endloop
  endfacet
  facet normal -0.77517157793 0.542234480381 -0.324177056551
    outer loop
      vertex 0.0275873411447 -0.150419563055 -0.258927047253
      vertex 0.0276805628091 -0.150550931692 -0.258715242147
      vertex 0.0279192812741 -0.150821119547 -0.258212417364
    endloop
  endfacet
  facet normal -0.775144219398 0.542248368263 -0.324219226837
    outer loop
      vertex 0.0240900162607 -0.126711085439 -0.278102129698
      vertex 0.0249443612993 -0.128534644842 -0.275790512562
      vertex 0.0246064830571 -0.126843720675 -0.277284532785
    endloop
  endfacet
  facet normal -0.775147080421 0.542245745659 -0.324216783047
    outer loop
      vertex 0.0561927706003 -0.132727146149 -0.228613719344
      vertex 0.0566006153822 -0.13512378931 -0.226597711444
      vertex 0.0582526884973 -0.132081955671 -0.226054802537
    endloop
  endfacet
  facet normal -0.775148928165 0.542244076729 -0.324215233326
    outer loop
      vertex 0.0293151400983 -0.152122586966 -0.255438864231
      vertex 0.0296823680401 -0.152358785272 -0.254772663116
      vertex 0.0299671627581 -0.150205090642 -0.255653291941
    endloop
  endfacet
  facet normal -0.7751480937 0.542244791985 -0.324216037989
    outer loop
      vertex 0.0273269508034 -0.110187701881 -0.283354461193
      vertex 0.0274701565504 -0.107398107648 -0.284817665815
      vertex 0.0266593582928 -0.108606316149 -0.285254329443
    endloop
  endfacet
  facet normal -0.775142967701 0.542251169682 -0.324217587709
    outer loop
      vertex 0.0411534495652 -0.140967905521 -0.245185375214
      vertex 0.0407299995422 -0.142535492778 -0.244853422046
      vertex 0.0412920638919 -0.140884846449 -0.245036885142
    endloop
  endfacet
  facet normal -0.775148391724 0.542245030403 -0.324214875698
    outer loop
      vertex 0.0409365594387 -0.148633703589 -0.240911930799
      vertex 0.0397805050015 -0.149378225207 -0.24211935699
      vertex 0.0399133786559 -0.151184976101 -0.240849137306
    endloop
  endfacet
  facet normal -0.775146782398 0.542246520519 -0.324216365814
    outer loop
      vertex 0.0386391095817 -0.150179028511 -0.243272185326
      vertex 0.0397805050015 -0.149378225207 -0.24211935699
      vertex 0.0399798862636 -0.147721201181 -0.242825105786
    endloop
  endfacet
  facet normal -0.775148332119 0.542245209217 -0.324214696884
    outer loop
      vertex 0.0586675815284 -0.111559845507 -0.237732172012
      vertex 0.0595381222665 -0.110277041793 -0.237254723907
      vertex 0.0585080757737 -0.11059922725 -0.238534554839
    endloop
  endfacet
  facet normal -0.775147199631 0.542246341705 -0.324215620756
    outer loop
      vertex 0.0400279201567 -0.152681753039 -0.239790469408
      vertex 0.0406769253314 -0.152389451861 -0.239037469029
      vertex 0.0399133786559 -0.151184976101 -0.240849137306
    endloop
  endfacet
  facet normal -0.775147616863 0.542245149612 -0.324216514826
    outer loop
      vertex 0.0576622970402 -0.125991865993 -0.230540141463
      vertex 0.0565310232341 -0.128168910742 -0.230855628848
      vertex 0.0580798536539 -0.12730409205 -0.229158639908
    endloop
  endfacet
  facet normal -0.775146722794 0.542247235775 -0.324215263128
    outer loop
      vertex 0.0442153215408 -0.150342494249 -0.235203191638
      vertex 0.0445074662566 -0.150151431561 -0.234899818897
      vertex 0.0435969680548 -0.149370416999 -0.236668348312
    endloop
  endfacet
  facet normal -0.775147080421 0.542246282101 -0.324215888977
    outer loop
      vertex 0.0285879448056 -0.144733667374 -0.260896325111
      vertex 0.0277868248522 -0.147120460868 -0.260614454746
      vertex 0.0297828763723 -0.145229265094 -0.25889185071
    endloop
  endfacet
  facet normal -0.775163888931 0.542109072208 -0.324405133724
    outer loop
      vertex 0.0459285266697 -0.149090111256 -0.233502954245
      vertex 0.0459367521107 -0.149084195495 -0.233494743705
      vertex 0.0459663383663 -0.149060219526 -0.233466789126
    endloop
  endfacet
  facet normal -0.775147140026 0.542246699333 -0.324215114117
    outer loop
      vertex 0.0548280887306 -0.139710128307 -0.226389333606
      vertex 0.0537015460432 -0.13937446475 -0.228200435638
      vertex 0.0538859441876 -0.14095570147 -0.226991400123
    endloop
  endfacet
  facet normal -0.775146484375 0.542246997356 -0.324216157198
    outer loop
      vertex 0.0297039374709 -0.138503074646 -0.263026356697
      vertex 0.0295075662434 -0.140277400613 -0.262246191502
      vertex 0.0299082081765 -0.138770192862 -0.262574642897
    endloop
  endfacet
  facet normal -0.775147855282 0.542243540287 -0.324218690395
    outer loop
      vertex 0.0211807452142 -0.125893861055 -0.282749593258
      vertex 0.0206851754338 -0.125309675932 -0.283807307482
      vertex 0.0195822957903 -0.126184388995 -0.284860908985
    endloop
  endfacet
  facet normal -0.775147736073 0.542245209217 -0.324216157198
    outer loop
      vertex 0.0313713401556 -0.147366538644 -0.255343198776
      vertex 0.0318341478705 -0.148847013712 -0.25379639864
      vertex 0.0330983921885 -0.146573096514 -0.253348767757
    endloop
  endfacet
  facet normal -0.775147914886 0.542245745659 -0.324214875698
    outer loop
      vertex 0.0416502282023 -0.140669286251 -0.244653776288
      vertex 0.0421202667058 -0.141323491931 -0.243590682745
      vertex 0.0424858555198 -0.140212327242 -0.243732452393
    endloop
  endfacet
  facet normal -0.775147855282 0.542244970798 -0.324216336012
    outer loop
      vertex 0.0213962886482 -0.12412878871 -0.283496826887
      vertex 0.0229780338705 -0.124314144254 -0.281124889851
      vertex 0.0227315351367 -0.122419402003 -0.282610148191
    endloop
  endfacet
  facet normal -0.775147676468 0.542245388031 -0.324216008186
    outer loop
      vertex 0.0579385012388 -0.100633621216 -0.245307341218
      vertex 0.0568954795599 -0.103524200618 -0.245070040226
      vertex 0.0587915964425 -0.102327153087 -0.243075251579
    endloop
  endfacet
  facet normal -0.775145411491 0.542248606682 -0.324216097593
    outer loop
      vertex 0.0245855487883 -0.126668676734 -0.277419120073
      vertex 0.0240900162607 -0.126711085439 -0.278102129698
      vertex 0.0246064830571 -0.126843720675 -0.277284532785
    endloop
  endfacet
  facet normal -0.775147020817 0.542246282101 -0.324216037989
    outer loop
      vertex 0.053601808846 -0.0945166125894 -0.255164146423
      vertex 0.0521839745343 -0.0945899859071 -0.257147073746
      vertex 0.0526300631464 -0.0964968279004 -0.255369275808
    endloop
  endfacet
  facet normal -0.775146722794 0.542246520519 -0.324216395617
    outer loop
      vertex 0.0480365492404 -0.0931741222739 -0.263922452927
      vertex 0.0474117100239 -0.0949526131153 -0.263752281666
      vertex 0.0484889931977 -0.0930719301105 -0.263336777687
    endloop
  endfacet
  facet normal -0.775147974491 0.542245805264 -0.324214488268
    outer loop
      vertex 0.0482066497207 -0.143214374781 -0.233759537339
      vertex 0.0495331473649 -0.141816467047 -0.232699111104
      vertex 0.0483811050653 -0.141193047166 -0.234718725085
    endloop
  endfacet
  facet normal -0.775147438049 0.54224562645 -0.324216216803
    outer loop
      vertex 0.0526300631464 -0.0964968279004 -0.255369275808
      vertex 0.0508666075766 -0.0990976765752 -0.25633507967
      vertex 0.0531808957458 -0.09868735075 -0.253272116184
    endloop
  endfacet
  facet normal -0.775147974491 0.542245328426 -0.324215322733
    outer loop
      vertex 0.0595381222665 -0.110277041793 -0.237254723907
      vertex 0.0587606057525 -0.112429119647 -0.237079441547
      vertex 0.0599331781268 -0.112445518374 -0.235393434763
    endloop
  endfacet
  facet normal -0.775146842003 0.542246520519 -0.324216127396
    outer loop
      vertex 0.0575514100492 -0.129600405693 -0.228541046381
      vertex 0.0582526884973 -0.132081955671 -0.226054802537
      vertex 0.0591749884188 -0.12977065146 -0.226118341088
    endloop
  endfacet
  facet normal -0.775146842003 0.542245984077 -0.324216932058
    outer loop
      vertex 0.0337553247809 -0.103728167713 -0.278027236462
      vertex 0.0324125736952 -0.101721353829 -0.281146645546
      vertex 0.0323492176831 -0.103795915842 -0.279996782541
    endloop
  endfacet
  facet normal -0.775121629238 0.542287707329 -0.32420745492
    outer loop
      vertex 0.0606347769499 -0.129551455379 -0.224162623286
      vertex 0.0610667914152 -0.128435909748 -0.224212035537
      vertex 0.0603058300912 -0.130366176367 -0.224145710468
    endloop
  endfacet
  facet normal -0.775161981583 0.542240798473 -0.324189543724
    outer loop
      vertex 0.0560335852206 -0.127747818828 -0.231818497181
      vertex 0.0560267865658 -0.127763807774 -0.231818661094
      vertex 0.0565310232341 -0.128168910742 -0.230855628848
    endloop
  endfacet
  facet normal -0.775146663189 0.542245864868 -0.324217677116
    outer loop
      vertex 0.0475545935333 -0.138147830963 -0.237721011043
      vertex 0.0464668124914 -0.137617066503 -0.239593371749
      vertex 0.0458448603749 -0.139732345939 -0.239217698574
    endloop
  endfacet
  facet normal -0.775148272514 0.542244434357 -0.324216276407
    outer loop
      vertex 0.0591342039406 -0.121381960809 -0.231192350388
      vertex 0.057728163898 -0.122590348125 -0.232479795814
      vertex 0.0583952851593 -0.123879417777 -0.230755388737
    endloop
  endfacet
  facet normal -0.775147497654 0.542244911194 -0.324217140675
    outer loop
      vertex 0.0580190382898 -0.121403738856 -0.2327734828
      vertex 0.0591342039406 -0.121381960809 -0.231192350388
      vertex 0.0583171248436 -0.120097689331 -0.233128264546
    endloop
  endfacet
  facet normal -0.775147914886 0.542244970798 -0.324216127396
    outer loop
      vertex 0.0512354150414 -0.136958286166 -0.233170479536
      vertex 0.0497287325561 -0.139266893268 -0.23394395411
      vertex 0.0510256327689 -0.139992788434 -0.231656000018
    endloop
  endfacet
  facet normal -0.775108098984 0.542292237282 -0.324232250452
    outer loop
      vertex 0.0632759183645 -0.119443953037 -0.226430475712
      vertex 0.0632945820689 -0.119311608374 -0.226482927799
      vertex 0.0633152201772 -0.119131468236 -0.226561129093
    endloop
  endfacet
  facet normal -0.77515155077 0.542243540287 -0.324209749699
    outer loop
      vertex 0.0275873411447 -0.150419563055 -0.258927047253
      vertex 0.0279192812741 -0.150821119547 -0.258212417364
      vertex 0.0272261556238 -0.149788111448 -0.259820908308
    endloop
  endfacet
  facet normal -0.775147736073 0.542244851589 -0.324216663837
    outer loop
      vertex 0.0453912802041 -0.142798736691 -0.238032653928
      vertex 0.0444182530046 -0.141273528337 -0.240335553885
      vertex 0.0436084493995 -0.144151136279 -0.239772617817
    endloop
  endfacet
  facet normal -0.774618446827 0.542788803577 -0.324571281672
    outer loop
      vertex 0.0637405738235 -0.111751526594 -0.230365663767
      vertex 0.0637407377362 -0.111735075712 -0.230375260115
      vertex 0.0637406557798 -0.111725412309 -0.230381146073
    endloop
  endfacet
  facet normal -0.775147616863 0.542245566845 -0.32421579957
    outer loop
      vertex 0.0588578060269 -0.115618251264 -0.235033676028
      vertex 0.0587937384844 -0.116603545845 -0.234536141157
      vertex 0.0596785359085 -0.116837568581 -0.233131378889
    endloop
  endfacet
  facet normal -0.77514642477 0.542246937752 -0.324216336012
    outer loop
      vertex 0.0637235119939 -0.113558121026 -0.229309856892
      vertex 0.0637405738235 -0.111751526594 -0.230365663767
      vertex 0.0620204359293 -0.114430382848 -0.231222882867
    endloop
  endfacet
  facet normal -0.775160610676 0.542233586311 -0.324204802513
    outer loop
      vertex 0.0635216236115 -0.107473872602 -0.233236327767
      vertex 0.0634563192725 -0.106999106705 -0.233613550663
      vertex 0.0635356158018 -0.10762155056 -0.233128011227
    endloop
  endfacet
  facet normal -0.775147676468 0.542246282101 -0.324214488268
    outer loop
      vertex 0.0435969680548 -0.149370416999 -0.236668348312
      vertex 0.0417096093297 -0.150247529149 -0.238841921091
      vertex 0.04244780913 -0.15146407485 -0.237059265375
    endloop
  endfacet
  facet normal -0.77514731884 0.54224550724 -0.324216634035
    outer loop
      vertex 0.0618784278631 -0.111852966249 -0.232966959476
      vertex 0.0626147016883 -0.109436556697 -0.233359247446
      vertex 0.061249949038 -0.109977260232 -0.234986886382
    endloop
  endfacet
  facet normal -0.775147259235 0.54224562645 -0.324216544628
    outer loop
      vertex 0.0583952851593 -0.123879417777 -0.230755388737
      vertex 0.0590366907418 -0.125454962254 -0.228896439075
      vertex 0.0606727078557 -0.122901298106 -0.228084608912
    endloop
  endfacet
  facet normal -0.775147497654 0.54224562645 -0.324216067791
    outer loop
      vertex 0.0490498058498 -0.144934460521 -0.23152577877
      vertex 0.0498003028333 -0.14566154778 -0.23001819849
      vertex 0.0508537217975 -0.144546627998 -0.229178935289
    endloop
  endfacet
  facet normal -0.775147557259 0.542246103287 -0.324215084314
    outer loop
      vertex 0.0399133786559 -0.151184976101 -0.240849137306
      vertex 0.0406769253314 -0.152389451861 -0.239037469029
      vertex 0.0417096093297 -0.150247529149 -0.238841921091
    endloop
  endfacet
  facet normal -0.775148034096 0.542245566845 -0.3242149055
    outer loop
      vertex 0.0393838882446 -0.10108743608 -0.271560072899
      vertex 0.0407590568066 -0.100710242987 -0.269819766283
      vertex 0.0412587784231 -0.0986279249191 -0.270350456238
    endloop
  endfacet
  facet normal -0.775141775608 0.542248606682 -0.324224680662
    outer loop
      vertex 0.0606259331107 -0.0989451408386 -0.242475196719
      vertex 0.0602049417794 -0.0983091443777 -0.243457272649
      vertex 0.0596532672644 -0.0975762084126 -0.244684129953
    endloop
  endfacet
  facet normal -0.775146663189 0.542245864868 -0.324217647314
    outer loop
      vertex 0.0588977597654 -0.0966984704137 -0.246288955212
      vertex 0.057850766927 -0.0981162339449 -0.246937945485
      vertex 0.0596532672644 -0.0975762084126 -0.244684129953
    endloop
  endfacet
  facet normal -0.775146842003 0.542245388031 -0.324218004942
    outer loop
      vertex 0.0588977597654 -0.0966984704137 -0.246288955212
      vertex 0.0586787648499 -0.0964513197541 -0.246749788523
      vertex 0.057850766927 -0.0981162339449 -0.246937945485
    endloop
  endfacet
  facet normal -0.775147676468 0.542245388031 -0.324215918779
    outer loop
      vertex 0.0524608716369 -0.14087356627 -0.229077666998
      vertex 0.0510256327689 -0.139992788434 -0.231656000018
      vertex 0.0508654303849 -0.142496243119 -0.230388149619
    endloop
  endfacet
  facet normal -0.775081276894 0.542258620262 -0.324352651834
    outer loop
      vertex 0.057716127485 -0.0955424904823 -0.248669281602
      vertex 0.0577046126127 -0.0955314487219 -0.248692348599
      vertex 0.05769065395 -0.0955206155777 -0.248718783259
    endloop
  endfacet
  facet normal -0.775147259235 0.542246222496 -0.324215650558
    outer loop
      vertex 0.0233689025044 -0.133265972137 -0.275213718414
      vertex 0.0231989528984 -0.130805522203 -0.276927798986
      vertex 0.0212261900306 -0.133903041482 -0.277895838022
    endloop
  endfacet
  facet normal -0.775147020817 0.54224640131 -0.324215948582
    outer loop
      vertex 0.0605242587626 -0.101816937327 -0.240903452039
      vertex 0.0594250522554 -0.104135289788 -0.241088598967
      vertex 0.0610358677804 -0.103403143585 -0.239223688841
    endloop
  endfacet
  facet normal -0.775147438049 0.542245149612 -0.324216961861
    outer loop
      vertex 0.0559751391411 -0.0942945480347 -0.251904219389
      vertex 0.0556633658707 -0.0941021069884 -0.252464979887
      vertex 0.0545298270881 -0.0953256189823 -0.25335380435
    endloop
  endfacet
  facet normal -0.775147736073 0.542244553566 -0.324217200279
    outer loop
      vertex 0.0259981229901 -0.131620466709 -0.272439092398
      vertex 0.0240848828107 -0.135145261884 -0.273066550493
      vertex 0.0258161537349 -0.13443158567 -0.271018385887
    endloop
  endfacet
  facet normal -0.77514731884 0.542245924473 -0.324216037989
    outer loop
      vertex 0.039801992476 -0.0978342890739 -0.272907495499
      vertex 0.0412595570087 -0.0970022529364 -0.271321356297
      vertex 0.0411290377378 -0.0956441387534 -0.272319972515
    endloop
  endfacet
  facet normal -0.775146603584 0.542246818542 -0.324216127396
    outer loop
      vertex 0.0241075083613 -0.140438944101 -0.269869059324
      vertex 0.0247400831431 -0.137359261513 -0.270806163549
      vertex 0.0236879400909 -0.138903021812 -0.271387189627
    endloop
  endfacet
  facet normal -0.775136530399 0.542262077332 -0.324214696884
    outer loop
      vertex 0.0614375807345 -0.12736710906 -0.224321052432
      vertex 0.0617674328387 -0.126361101866 -0.22445102036
      vertex 0.0610667914152 -0.128435909748 -0.224212035537
    endloop
  endfacet
  facet normal -0.775147020817 0.542246699333 -0.32421541214
    outer loop
      vertex 0.0594314485788 -0.132275223732 -0.224254205823
      vertex 0.0603058300912 -0.130366176367 -0.224145710468
      vertex 0.0582526884973 -0.132081955671 -0.226054802537
    endloop
  endfacet
  facet normal -0.775147497654 0.542245149612 -0.324216872454
    outer loop
      vertex 0.0274040959775 -0.14166790247 -0.264421731234
      vertex 0.0261858962476 -0.144249200821 -0.264619767666
      vertex 0.0280432347208 -0.143232107162 -0.262572795153
    endloop
  endfacet
  facet normal -0.77514731884 0.542245805264 -0.324216097593
    outer loop
      vertex 0.0512233264744 -0.0928623303771 -0.259553343058
      vertex 0.0500060096383 -0.0928777083755 -0.261284321547
      vertex 0.0505552962422 -0.0951531231403 -0.259138613939
    endloop
  endfacet
  facet normal -0.775144338608 0.542242228985 -0.324229180813
    outer loop
      vertex 0.0500060096383 -0.0928777083755 -0.261284321547
      vertex 0.0498816110194 -0.0928817167878 -0.261459767818
      vertex 0.0497810468078 -0.0928947404027 -0.261595726013
    endloop
  endfacet
  facet normal -0.775147855282 0.54224562645 -0.324215114117
    outer loop
      vertex 0.0485893003643 -0.100276432931 -0.258885711432
      vertex 0.0491883978248 -0.100344851613 -0.257988393307
      vertex 0.0489477775991 -0.0988327413797 -0.259236484766
    endloop
  endfacet
  facet normal -0.775146842003 0.542244553566 -0.324219495058
    outer loop
      vertex 0.0497810468078 -0.0928947404027 -0.261595726013
      vertex 0.0484889931977 -0.0930719301105 -0.263336777687
      vertex 0.0500060096383 -0.0928777083755 -0.261284321547
    endloop
  endfacet
  facet normal -0.775147736073 0.542245328426 -0.324215859175
    outer loop
      vertex 0.0255792438984 -0.142861112952 -0.266316950321
      vertex 0.0250228382647 -0.141469120979 -0.267944604158
      vertex 0.0242618899792 -0.143480405211 -0.267829835415
    endloop
  endfacet
  facet normal -0.775147736073 0.542244970798 -0.324216604233
    outer loop
      vertex 0.0480365492404 -0.0931741222739 -0.263922452927
      vertex 0.0472462512553 -0.0933500677347 -0.264946997166
      vertex 0.0474117100239 -0.0949526131153 -0.263752281666
    endloop
  endfacet
  facet normal -0.775147616863 0.542245447636 -0.324216008186
    outer loop
      vertex 0.05976594612 -0.119047835469 -0.231684878469
      vertex 0.0596785359085 -0.116837568581 -0.233131378889
      vertex 0.058519475162 -0.11892823875 -0.233538225293
    endloop
  endfacet
  facet normal -0.775147616863 0.542245924473 -0.324215292931
    outer loop
      vertex 0.0464383214712 -0.100270681083 -0.261964023113
      vertex 0.0471419133246 -0.0987596064806 -0.26186171174
      vertex 0.0452329330146 -0.0993230044842 -0.264253765345
    endloop
  endfacet
  facet normal -0.775147676468 0.542245268822 -0.324216127396
    outer loop
      vertex 0.0465296804905 -0.0935615301132 -0.265844911337
      vertex 0.0461021773517 -0.0936848372221 -0.266382306814
      vertex 0.0459135137498 -0.0948192328215 -0.265973746777
    endloop
  endfacet
  facet normal -0.775147199631 0.54224562645 -0.324216783047
    outer loop
      vertex 0.0459135137498 -0.0948192328215 -0.265973746777
      vertex 0.0450600422919 -0.0940279960632 -0.267666876316
      vertex 0.0438703969121 -0.0944656506181 -0.269105792046
    endloop
  endfacet
  facet normal -0.775125741959 0.54219520092 -0.324352353811
    outer loop
      vertex 0.0450600422919 -0.0940279960632 -0.267666876316
      vertex 0.0450305081904 -0.0940376743674 -0.267703294754
      vertex 0.0449740998447 -0.0940578207374 -0.2677718997
    endloop
  endfacet
  facet normal -0.775147557259 0.542245388031 -0.324216336012
    outer loop
      vertex 0.0565310232341 -0.128168910742 -0.230855628848
      vertex 0.0550819672644 -0.129777848721 -0.231965065002
      vertex 0.0556974075735 -0.130617722869 -0.230583116412
    endloop
  endfacet
  facet normal -0.775147616863 0.542245388031 -0.324216097593
    outer loop
      vertex 0.0426414012909 -0.10112054646 -0.266883611679
      vertex 0.0432020649314 -0.100954644382 -0.266181319952
      vertex 0.0435554124415 -0.0996857658029 -0.266434907913
    endloop
  endfacet
  facet normal -0.775147974491 0.542245328426 -0.32421541214
    outer loop
      vertex 0.0331842340529 -0.148952871561 -0.251803159714
      vertex 0.0314025431871 -0.151097238064 -0.253067940474
      vertex 0.0329518914223 -0.1515904814 -0.250558227301
    endloop
  endfacet
  facet normal -0.775147616863 0.542245805264 -0.324215382338
    outer loop
      vertex 0.0400922261178 -0.102101020515 -0.269941449165
      vertex 0.0412829779088 -0.101600930095 -0.26853826642
      vertex 0.0407590568066 -0.100710242987 -0.269819766283
    endloop
  endfacet
  facet normal -0.77514898777 0.542244553566 -0.324214339256
    outer loop
      vertex 0.0397315882146 -0.102264910936 -0.270359009504
      vertex 0.0398785956204 -0.102193430066 -0.270191580057
      vertex 0.0393838882446 -0.10108743608 -0.271560072899
    endloop
  endfacet
  facet normal -0.775148272514 0.542245268822 -0.324214816093
    outer loop
      vertex 0.0214477516711 -0.137146100402 -0.275640040636
      vertex 0.0219727158546 -0.138449877501 -0.274110049009
      vertex 0.0231256652623 -0.137808024883 -0.27284565568
    endloop
  endfacet
  facet normal -0.775147616863 0.542245745659 -0.324215471745
    outer loop
      vertex 0.0329518914223 -0.1515904814 -0.250558227301
      vertex 0.0313588567078 -0.153134986758 -0.251911997795
      vertex 0.032708261162 -0.153422534466 -0.24981109798
    endloop
  endfacet
  facet normal -0.7751480937 0.542245030403 -0.324215620756
    outer loop
      vertex 0.0620204359293 -0.114430382848 -0.231222882867
      vertex 0.0596785359085 -0.116837568581 -0.233131378889
      vertex 0.0615503489971 -0.117250218987 -0.230208858848
    endloop
  endfacet
  facet normal -0.775147378445 0.542244851589 -0.324217617512
    outer loop
      vertex 0.0240900162607 -0.126711085439 -0.278102129698
      vertex 0.0244668610394 -0.124917089939 -0.278636068106
      vertex 0.0228478014469 -0.126549392939 -0.279974579811
    endloop
  endfacet
  facet normal -0.775146961212 0.542245566845 -0.324217408895
    outer loop
      vertex 0.0247836243361 -0.130754053593 -0.274693250656
      vertex 0.02498123236 -0.12869630754 -0.275641143322
      vertex 0.0231989528984 -0.130805522203 -0.276927798986
    endloop
  endfacet
  facet normal -0.775147855282 0.542245090008 -0.324216008186
    outer loop
      vertex 0.0512354150414 -0.136958286166 -0.233170479536
      vertex 0.0525537319481 -0.136578887701 -0.231512770057
      vertex 0.0527940802276 -0.134429350495 -0.232454419136
    endloop
  endfacet
  facet normal -0.775145351887 0.542247116566 -0.324218630791
    outer loop
      vertex 0.0281199328601 -0.136099651456 -0.266727745533
      vertex 0.0275535862893 -0.137832865119 -0.266501039267
      vertex 0.0285192318261 -0.136759072542 -0.265762686729
    endloop
  endfacet
  facet normal -0.775148034096 0.542245209217 -0.324215561152
    outer loop
      vertex 0.0293163992465 -0.110310442746 -0.280437111855
      vertex 0.0273269508034 -0.110187701881 -0.283354461193
      vertex 0.0280578453094 -0.111874416471 -0.281301110983
    endloop
  endfacet
  facet normal -0.775157094002 0.542221009731 -0.324234306812
    outer loop
      vertex 0.0283682793379 -0.106167428195 -0.284269630909
      vertex 0.0277850348502 -0.10693655163 -0.284643530846
      vertex 0.0274701565504 -0.107398107648 -0.284817665815
    endloop
  endfacet
  facet normal -0.77514731884 0.542245984077 -0.324215829372
    outer loop
      vertex 0.0245814118534 -0.123031936586 -0.279599487782
      vertex 0.0247527174652 -0.121850505471 -0.280061006546
      vertex 0.0241678413004 -0.120216213167 -0.281874239445
    endloop
  endfacet
  facet normal -0.775142610073 0.542256236076 -0.324209958315
    outer loop
      vertex 0.0266593582928 -0.108606316149 -0.285254329443
      vertex 0.0260014701635 -0.109634324908 -0.285580128431
      vertex 0.0255682561547 -0.110356420279 -0.285767644644
    endloop
  endfacet
  facet normal -0.775146663189 0.542246818542 -0.324216067791
    outer loop
      vertex 0.0228478014469 -0.126549392939 -0.279974579811
      vertex 0.0244728345424 -0.124659202993 -0.278781741858
      vertex 0.0229780338705 -0.124314144254 -0.281124889851
    endloop
  endfacet
  facet normal -0.775146365166 0.542247235775 -0.324216127396
    outer loop
      vertex 0.0582526884973 -0.132081955671 -0.226054802537
      vertex 0.0566006153822 -0.13512378931 -0.226597711444
      vertex 0.0582615658641 -0.134456336498 -0.22462245822
    endloop
  endfacet
  facet normal -0.775146722794 0.542246282101 -0.324216753244
    outer loop
      vertex 0.0375612676144 -0.145335629582 -0.247708916664
      vertex 0.0369536019862 -0.147588029504 -0.24723084271
      vertex 0.0384277924895 -0.145824417472 -0.246177956462
    endloop
  endfacet
  facet normal -0.775147199631 0.542246043682 -0.324216067791
    outer loop
      vertex 0.022104088217 -0.120362453163 -0.284736961126
      vertex 0.0227315351367 -0.122419402003 -0.282610148191
      vertex 0.0241678413004 -0.120216213167 -0.281874239445
    endloop
  endfacet
  facet normal -0.775147497654 0.542245805264 -0.324215739965
    outer loop
      vertex 0.0314025431871 -0.151097238064 -0.253067940474
      vertex 0.0299671627581 -0.150205090642 -0.255653291941
      vertex 0.0296823680401 -0.152358785272 -0.254772663116
    endloop
  endfacet
  facet normal -0.775144457817 0.542247712612 -0.324219763279
    outer loop
      vertex 0.0245855487883 -0.126668676734 -0.277419120073
      vertex 0.0245264545083 -0.12581409514 -0.278014570475
      vertex 0.0240900162607 -0.126711085439 -0.278102129698
    endloop
  endfacet
  facet normal -0.775147259235 0.542244970798 -0.324217766523
    outer loop
      vertex 0.0560267865658 -0.127763807774 -0.231818661094
      vertex 0.0559873506427 -0.127849176526 -0.231823980808
      vertex 0.0565310232341 -0.128168910742 -0.230855628848
    endloop
  endfacet
  facet normal -0.775147378445 0.542245745659 -0.324216127396
    outer loop
      vertex 0.0614517740905 -0.120030239224 -0.228687569499
      vertex 0.0591342039406 -0.121381960809 -0.231192350388
      vertex 0.0606727078557 -0.122901298106 -0.228084608912
    endloop
  endfacet
  facet normal -0.775147795677 0.542245566845 -0.32421541214
    outer loop
      vertex 0.0337553247809 -0.103728167713 -0.278027236462
      vertex 0.0354189947248 -0.103590913117 -0.275731086731
      vertex 0.0348476655781 -0.101343542337 -0.277891546488
    endloop
  endfacet
  facet normal -0.77514654398 0.542246699333 -0.324216455221
    outer loop
      vertex 0.0259981229901 -0.131620466709 -0.272439092398
      vertex 0.0254823025316 -0.130264982581 -0.273986905813
      vertex 0.0247836243361 -0.130754053593 -0.274693250656
    endloop
  endfacet
  facet normal -0.775147199631 0.542246580124 -0.324215084314
    outer loop
      vertex 0.0536276474595 -0.141292408109 -0.227159321308
      vertex 0.0524608716369 -0.14087356627 -0.229077666998
      vertex 0.0533737763762 -0.141603633761 -0.227336153388
    endloop
  endfacet
  facet normal -0.775147020817 0.542246043682 -0.324216544628
    outer loop
      vertex 0.0636859834194 -0.109861493111 -0.231573760509
      vertex 0.0618784278631 -0.111852966249 -0.232966959476
      vertex 0.0637405738235 -0.111751526594 -0.230365663767
    endloop
  endfacet
  facet normal -0.775147259235 0.54224562645 -0.32421669364
    outer loop
      vertex 0.0438703969121 -0.0944656506181 -0.269105792046
      vertex 0.0446486324072 -0.0972155034542 -0.266349136829
      vertex 0.0459135137498 -0.0948192328215 -0.265973746777
    endloop
  endfacet
  facet normal -0.775214076042 0.542199730873 -0.324133574963
    outer loop
      vertex 0.0219727158546 -0.138449877501 -0.274110049009
      vertex 0.0223360322416 -0.139315530658 -0.273073107004
      vertex 0.0226525589824 -0.140041559935 -0.272186517715
    endloop
  endfacet
  facet normal -0.77514654398 0.542246937752 -0.324216127396
    outer loop
      vertex 0.0284106656909 -0.139081522822 -0.264529258013
      vertex 0.0295075662434 -0.140277400613 -0.262246191502
      vertex 0.0297039374709 -0.138503074646 -0.263026356697
    endloop
  endfacet
  facet normal -0.775147438049 0.542245209217 -0.324216812849
    outer loop
      vertex 0.0459135137498 -0.0948192328215 -0.265973746777
      vertex 0.0474117100239 -0.0949526131153 -0.263752281666
      vertex 0.0472462512553 -0.0933500677347 -0.264946997166
    endloop
  endfacet
  facet normal -0.775147259235 0.542246580124 -0.32421502471
    outer loop
      vertex 0.0537015460432 -0.13937446475 -0.228200435638
      vertex 0.0524608716369 -0.14087356627 -0.229077666998
      vertex 0.0536276474595 -0.141292408109 -0.227159321308
    endloop
  endfacet
  facet normal -0.775147080421 0.542245984077 -0.324216514826
    outer loop
      vertex 0.0459135137498 -0.0948192328215 -0.265973746777
      vertex 0.0446486324072 -0.0972155034542 -0.266349136829
      vertex 0.046341329813 -0.0970288738608 -0.264040976763
    endloop
  endfacet
  facet normal -0.775147736073 0.542245745659 -0.324215263128
    outer loop
      vertex 0.0261858962476 -0.144249200821 -0.264619767666
      vertex 0.0255792438984 -0.142861112952 -0.266316950321
      vertex 0.0248661804944 -0.144775182009 -0.266191840172
    endloop
  endfacet
  facet normal -0.775147795677 0.54224550724 -0.324215531349
    outer loop
      vertex 0.0596785359085 -0.116837568581 -0.233131378889
      vertex 0.0600959919393 -0.114408232272 -0.233987152576
      vertex 0.0588578060269 -0.115618251264 -0.235033676028
    endloop
  endfacet
  facet normal -0.775444924831 0.542043626308 -0.323842346668
    outer loop
      vertex 0.0225079655647 -0.139713898301 -0.272589147091
      vertex 0.0226525589824 -0.140041559935 -0.272186517715
      vertex 0.0223360322416 -0.139315530658 -0.273073107004
    endloop
  endfacet
  facet normal -0.775148272514 0.542248487473 -0.324209451675
    outer loop
      vertex 0.0307274181396 -0.139708787203 -0.260842382908
      vertex 0.0295075662434 -0.140277400613 -0.262246191502
      vertex 0.0308434423059 -0.139830797911 -0.260603576899
    endloop
  endfacet
  facet normal -0.775147676468 0.542245328426 -0.324216097593
    outer loop
      vertex 0.0361361168325 -0.14608605206 -0.249297499657
      vertex 0.0375612676144 -0.145335629582 -0.247708916664
      vertex 0.037322666496 -0.14360755682 -0.249083250761
    endloop
  endfacet
  facet normal -0.775095164776 0.542199671268 -0.324418008327
    outer loop
      vertex 0.0357388593256 -0.153648197651 -0.245343878865
      vertex 0.0357515774667 -0.153648167849 -0.24532571435
      vertex 0.0358591862023 -0.153638273478 -0.245177805424
    endloop
  endfacet
  facet normal -0.775146663189 0.542247891426 -0.324214309454
    outer loop
      vertex 0.0341795347631 -0.153608262539 -0.247596845031
      vertex 0.0343288779259 -0.153628379107 -0.247371315956
      vertex 0.0344634540379 -0.152076780796 -0.248106658459
    endloop
  endfacet
  facet normal -0.77514821291 0.542245864868 -0.324213951826
    outer loop
      vertex 0.0328406728804 -0.153457432985 -0.249600946903
      vertex 0.0341795347631 -0.153608262539 -0.247596845031
      vertex 0.0344634540379 -0.152076780796 -0.248106658459
    endloop
  endfacet
  facet normal -0.775147557259 0.54224550724 -0.324216157198
    outer loop
      vertex 0.0303264893591 -0.152707919478 -0.253643155098
      vertex 0.0313588567078 -0.153134986758 -0.251911997795
      vertex 0.0314025431871 -0.151097238064 -0.253067940474
    endloop
  endfacet
  facet normal -0.77608525753 0.54160130024 -0.323047488928
    outer loop
      vertex 0.0259981229901 -0.131620466709 -0.272439092398
      vertex 0.026460127905 -0.132714763284 -0.271124333143
      vertex 0.0260478574783 -0.131736785173 -0.272298455238
    endloop
  endfacet
  facet normal -0.775147974491 0.542245566845 -0.324215054512
    outer loop
      vertex 0.0285399165004 -0.15152309835 -0.25690549612
      vertex 0.0293151400983 -0.152122586966 -0.255438864231
      vertex 0.0299671627581 -0.150205090642 -0.255653291941
    endloop
  endfacet
  facet normal -0.775154590607 0.542243003845 -0.324203431606
    outer loop
      vertex 0.0293151400983 -0.152122586966 -0.255438864231
      vertex 0.0294152572751 -0.152204498649 -0.255246758461
      vertex 0.0296823680401 -0.152358785272 -0.254772663116
    endloop
  endfacet
  facet normal -0.775148451328 0.542244672775 -0.324215292931
    outer loop
      vertex 0.0261014737189 -0.14760299027 -0.262735158205
      vertex 0.0268764458597 -0.145818293095 -0.26269441843
      vertex 0.0257818512619 -0.146926894784 -0.263596326113
    endloop
  endfacet
  facet normal -0.775147557259 0.542246460915 -0.324214607477
    outer loop
      vertex 0.0267181340605 -0.115825541317 -0.280853837729
      vertex 0.0273278560489 -0.114636436105 -0.280693203211
      vertex 0.0269382297993 -0.113367728889 -0.282008737326
    endloop
  endfacet
  facet normal -0.775147140026 0.542246162891 -0.324215978384
    outer loop
      vertex 0.0245814118534 -0.123031936586 -0.279599487782
      vertex 0.0241678413004 -0.120216213167 -0.281874239445
      vertex 0.0227315351367 -0.122419402003 -0.282610148191
    endloop
  endfacet
  facet normal -0.775147199631 0.542245864868 -0.324216395617
    outer loop
      vertex 0.0393838882446 -0.10108743608 -0.271560072899
      vertex 0.037884440273 -0.0996854230762 -0.274541825056
      vertex 0.037119589746 -0.10263505578 -0.273871570826
    endloop
  endfacet
  facet normal -0.775146961212 0.54224562645 -0.324217319489
    outer loop
      vertex 0.057716127485 -0.0955424904823 -0.248669281602
      vertex 0.0566560104489 -0.0947140678763 -0.250680059195
      vertex 0.0554470904171 -0.0968587175012 -0.251125901937
    endloop
  endfacet
  facet normal -0.775147140026 0.542245805264 -0.324216604233
    outer loop
      vertex 0.0537420809269 -0.136393845081 -0.229924649
      vertex 0.0551790073514 -0.134944349527 -0.228737220168
      vertex 0.0546003393829 -0.133060395718 -0.23069088161
    endloop
  endfacet
  facet normal -0.775146126747 0.542246878147 -0.324217170477
    outer loop
      vertex 0.0267775673419 -0.135915055871 -0.268757075071
      vertex 0.0268833469599 -0.133649662137 -0.26996037364
      vertex 0.0258161537349 -0.13443158567 -0.271018385887
    endloop
  endfacet
  facet normal -0.775147199631 0.542245447636 -0.324217051268
    outer loop
      vertex 0.0231256652623 -0.137808024883 -0.27284565568
      vertex 0.0236879400909 -0.138903021812 -0.271387189627
      vertex 0.0247400831431 -0.137359261513 -0.270806163549
    endloop
  endfacet
  facet normal -0.775147259235 0.54224562645 -0.32421657443
    outer loop
      vertex 0.0273768417537 -0.134691298008 -0.268632084131
      vertex 0.0268833469599 -0.133649662137 -0.26996037364
      vertex 0.0267775673419 -0.135915055871 -0.268757075071
    endloop
  endfacet
  facet normal -0.775145590305 0.542246460915 -0.324219226837
    outer loop
      vertex 0.0287751182914 -0.13717648387 -0.265147298574
      vertex 0.0285192318261 -0.136759072542 -0.265762686729
      vertex 0.0275535862893 -0.137832865119 -0.266501039267
    endloop
  endfacet
  facet normal -0.775147497654 0.542245864868 -0.324215561152
    outer loop
      vertex 0.0534122027457 -0.101990588009 -0.250966399908
      vertex 0.0535941049457 -0.102101422846 -0.25064009428
      vertex 0.0540260411799 -0.100663892925 -0.250882148743
    endloop
  endfacet
  facet normal -0.775147259235 0.542246162891 -0.324215739965
    outer loop
      vertex 0.0313713401556 -0.147366538644 -0.255343198776
      vertex 0.0312058627605 -0.145372524858 -0.256772011518
      vertex 0.0294230971485 -0.147955551744 -0.25777605176
    endloop
  endfacet
  facet normal -0.775146484375 0.542245209217 -0.32421913743
    outer loop
      vertex 0.0452004522085 -0.138451293111 -0.240904852748
      vertex 0.045075841248 -0.13854020834 -0.241029813886
      vertex 0.0458448603749 -0.139732345939 -0.239217698574
    endloop
  endfacet
  facet normal -0.775143623352 0.542247653008 -0.324221849442
    outer loop
      vertex 0.0525792874396 -0.133418768644 -0.233365729451
      vertex 0.0524060055614 -0.133577927947 -0.233518257737
      vertex 0.0527940802276 -0.134429350495 -0.232454419136
    endloop
  endfacet
  facet normal -0.775147855282 0.542244911194 -0.324216276407
    outer loop
      vertex 0.0549394674599 -0.130082517862 -0.23198659718
      vertex 0.0545597709715 -0.130735680461 -0.232138857245
      vertex 0.0556974075735 -0.130617722869 -0.230583116412
    endloop
  endfacet
  facet normal -0.775147676468 0.542244851589 -0.324216932058
    outer loop
      vertex 0.05976594612 -0.119047835469 -0.231684878469
      vertex 0.0583171248436 -0.120097689331 -0.233128264546
      vertex 0.0591342039406 -0.121381960809 -0.231192350388
    endloop
  endfacet
  facet normal -0.775146245956 0.542247414589 -0.324216037989
    outer loop
      vertex 0.0273278560489 -0.114636436105 -0.280693203211
      vertex 0.0277658998966 -0.113833293319 -0.280547231436
      vertex 0.0269382297993 -0.113367728889 -0.282008737326
    endloop
  endfacet
  facet normal -0.775147259235 0.542244672775 -0.324218273163
    outer loop
      vertex 0.039801992476 -0.0978342890739 -0.272907495499
      vertex 0.0412587784231 -0.0986279249191 -0.270350456238
      vertex 0.0412595570087 -0.0970022529364 -0.271321356297
    endloop
  endfacet
  facet normal -0.775146245956 0.542248368263 -0.324214488268
    outer loop
      vertex 0.0284952092916 -0.112614601851 -0.280233323574
      vertex 0.0288967005908 -0.111964605749 -0.280048042536
      vertex 0.0293163992465 -0.110310442746 -0.280437111855
    endloop
  endfacet
  facet normal -0.775145769119 0.542248606682 -0.324215233326
    outer loop
      vertex 0.029552878812 -0.111010432243 -0.279680550098
      vertex 0.0299906767905 -0.110420756042 -0.279407262802
      vertex 0.0293163992465 -0.110310442746 -0.280437111855
    endloop
  endfacet
  facet normal -0.775147736073 0.542244970798 -0.32421657443
    outer loop
      vertex 0.0304736159742 -0.109820239246 -0.279075950384
      vertex 0.0313324928284 -0.108804725111 -0.278455376625
      vertex 0.0310035683215 -0.108010694385 -0.279400348663
    endloop
  endfacet
  facet normal -0.775147199631 0.542246222496 -0.324215769768
    outer loop
      vertex 0.0605242587626 -0.101816937327 -0.240903452039
      vertex 0.0610358677804 -0.103403143585 -0.239223688841
      vertex 0.0621297881007 -0.101740010083 -0.238654315472
    endloop
  endfacet
  facet normal -0.775147914886 0.542242288589 -0.324220567942
    outer loop
      vertex 0.0324125736952 -0.101721353829 -0.281146645546
      vertex 0.0315576419234 -0.102530531585 -0.281884938478
      vertex 0.0313295908272 -0.102765262127 -0.282070606947
    endloop
  endfacet
  facet normal -0.77514976263 0.542296826839 -0.324125021696
    outer loop
      vertex 0.038503434509 -0.0970734357834 -0.275218725204
      vertex 0.0384293273091 -0.0971197187901 -0.275296986103
      vertex 0.0397126860917 -0.0963708683848 -0.273910164833
    endloop
  endfacet
  facet normal -0.77512717247 0.542342364788 -0.324102818966
    outer loop
      vertex 0.0331828221679 -0.101015225053 -0.280467748642
      vertex 0.0330585166812 -0.101121284068 -0.280582040548
      vertex 0.0324125736952 -0.101721353829 -0.281146645546
    endloop
  endfacet
  facet normal -0.775147616863 0.542244911194 -0.324216842651
    outer loop
      vertex 0.0304523464292 -0.139380097389 -0.261432111263
      vertex 0.0295075662434 -0.140277400613 -0.262246191502
      vertex 0.0307274181396 -0.139708787203 -0.260842382908
    endloop
  endfacet
  facet normal -0.775145471096 0.542247474194 -0.324217736721
    outer loop
      vertex 0.0354874692857 -0.104861155152 -0.274873703718
      vertex 0.0356836020947 -0.104700930417 -0.274689108133
      vertex 0.0354189947248 -0.103590913117 -0.275731086731
    endloop
  endfacet
  facet normal -0.775147438049 0.542245805264 -0.324215859175
    outer loop
      vertex 0.0540260411799 -0.100663892925 -0.250882148743
      vertex 0.0531808957458 -0.09868735075 -0.253272116184
      vertex 0.0526210702956 -0.101533025503 -0.252370923758
    endloop
  endfacet
  facet normal -0.77514654398 0.542247772217 -0.324214696884
    outer loop
      vertex 0.0464383214712 -0.100270681083 -0.261964023113
      vertex 0.0466171726584 -0.10024484992 -0.261723786592
      vertex 0.0471419133246 -0.0987596064806 -0.26186171174
    endloop
  endfacet
  facet normal -0.775147676468 0.542245030403 -0.324216634035
    outer loop
      vertex 0.0583102107048 -0.106618747115 -0.241197392344
      vertex 0.0593369826674 -0.108121529222 -0.238831073046
      vertex 0.0604009181261 -0.105614237487 -0.238809302449
    endloop
  endfacet
  facet normal -0.775146842003 0.542246639729 -0.324215948582
    outer loop
      vertex 0.0412587784231 -0.0986279249191 -0.270350456238
      vertex 0.0420846194029 -0.100098624825 -0.268290549517
      vertex 0.0430119037628 -0.0977433174849 -0.268373280764
    endloop
  endfacet
  facet normal -0.775147140026 0.542246043682 -0.324216246605
    outer loop
      vertex 0.0632186979055 -0.105379387736 -0.234921678901
      vertex 0.0629150494933 -0.104034051299 -0.236160129309
      vertex 0.0613457299769 -0.107235170901 -0.236489504576
    endloop
  endfacet
  facet normal -0.77514821291 0.542244791985 -0.324215710163
    outer loop
      vertex 0.043970040977 -0.100732281804 -0.265216469765
      vertex 0.0445520319045 -0.100596137345 -0.264465898275
      vertex 0.0452329330146 -0.0993230044842 -0.264253765345
    endloop
  endfacet
  facet normal -0.775147795677 0.542244851589 -0.324216634035
    outer loop
      vertex 0.0571637116373 -0.106575578451 -0.242862135172
      vertex 0.0575669296086 -0.107485309243 -0.241741791368
      vertex 0.0583102107048 -0.106618747115 -0.241197392344
    endloop
  endfacet
  facet normal -0.775181591511 0.542354404926 -0.323952496052
    outer loop
      vertex 0.0449740998447 -0.0940578207374 -0.2677718997
      vertex 0.0438703969121 -0.0944656506181 -0.269105792046
      vertex 0.0450600422919 -0.0940279960632 -0.267666876316
    endloop
  endfacet
  facet normal -0.775147140026 0.542245984077 -0.324216246605
    outer loop
      vertex 0.0632186979055 -0.105379387736 -0.234921678901
      vertex 0.0613457299769 -0.107235170901 -0.236489504576
      vertex 0.0624553710222 -0.108045838773 -0.234418556094
    endloop
  endfacet
  facet normal -0.775147557259 0.542246043682 -0.324215143919
    outer loop
      vertex 0.0479180663824 -0.100213311613 -0.259883016348
      vertex 0.0485893003643 -0.100276432931 -0.258885711432
      vertex 0.0489477775991 -0.0988327413797 -0.259236484766
    endloop
  endfacet
  facet normal -0.775147140026 0.542244791985 -0.324218332767
    outer loop
      vertex 0.0423073917627 -0.0960979163647 -0.270364195108
      vertex 0.0412595570087 -0.0970022529364 -0.271321356297
      vertex 0.0412587784231 -0.0986279249191 -0.270350456238
    endloop
  endfacet
  facet normal -0.775145947933 0.542249202728 -0.32421374321
    outer loop
      vertex 0.0274545084685 -0.134849920869 -0.268426239491
      vertex 0.0267775673419 -0.135915055871 -0.268757075071
      vertex 0.0275180730969 -0.134967520833 -0.268265038729
    endloop
  endfacet
  facet normal -0.775147020817 0.542245984077 -0.324216604233
    outer loop
      vertex 0.0554470904171 -0.0968587175012 -0.251125901937
      vertex 0.0559935308993 -0.0991242751479 -0.248990163207
      vertex 0.057716127485 -0.0955424904823 -0.248669281602
    endloop
  endfacet
  facet normal -0.775147438049 0.542245686054 -0.324216037989
    outer loop
      vertex 0.0550868436694 -0.103355705738 -0.247756257653
      vertex 0.0553241372108 -0.103615395725 -0.247261762619
      vertex 0.0559368617833 -0.102686166763 -0.24694147706
    endloop
  endfacet
  facet normal -0.775147020817 0.542246043682 -0.324216455221
    outer loop
      vertex 0.061249949038 -0.109977260232 -0.234986886382
      vertex 0.0624553710222 -0.108045838773 -0.234418556094
      vertex 0.0613457299769 -0.107235170901 -0.236489504576
    endloop
  endfacet
  facet normal -0.775147438049 0.542245268822 -0.32421669364
    outer loop
      vertex 0.05068712309 -0.134950757027 -0.235154598951
      vertex 0.0498038195074 -0.135558798909 -0.236053735018
      vertex 0.0494229309261 -0.137080416083 -0.23568841815
    endloop
  endfacet
  facet normal -0.775147259235 0.542245149612 -0.324217349291
    outer loop
      vertex 0.0346999317408 -0.144400477409 -0.25235837698
      vertex 0.035809468478 -0.144328013062 -0.250815600157
      vertex 0.0360382720828 -0.142324090004 -0.25168672204
    endloop
  endfacet
  facet normal -0.775165319443 0.542183876038 -0.324276715517
    outer loop
      vertex 0.0513823740184 -0.143972724676 -0.228766366839
      vertex 0.0508537217975 -0.144546627998 -0.229178935289
      vertex 0.0511239804327 -0.144265517592 -0.228960677981
    endloop
  endfacet
  facet normal -0.775148928165 0.542243897915 -0.324215561152
    outer loop
      vertex 0.0586675815284 -0.111559845507 -0.237732172012
      vertex 0.0587606057525 -0.112429119647 -0.237079441547
      vertex 0.0595381222665 -0.110277041793 -0.237254723907
    endloop
  endfacet
  facet normal -0.775148272514 0.542244672775 -0.324215769768
    outer loop
      vertex 0.0588423982263 -0.113528460264 -0.236305207014
      vertex 0.0588654875755 -0.114434994757 -0.235730171204
      vertex 0.0599331781268 -0.112445518374 -0.235393434763
    endloop
  endfacet
  facet normal -0.775147795677 0.542246103287 -0.324214458466
    outer loop
      vertex 0.0269382297993 -0.113367728889 -0.282008737326
      vertex 0.0253362506628 -0.115079693496 -0.283275187016
      vertex 0.0267181340605 -0.115825541317 -0.280853837729
    endloop
  endfacet
  facet normal -0.775147199631 0.542246222496 -0.324215650558
    outer loop
      vertex 0.058685105294 -0.117809213698 -0.233970537782
      vertex 0.058519475162 -0.11892823875 -0.233538225293
      vertex 0.0596785359085 -0.116837568581 -0.233131378889
    endloop
  endfacet
  facet normal -0.775146484375 0.542246758938 -0.324216485023
    outer loop
      vertex 0.0245814118534 -0.123031936586 -0.279599487782
      vertex 0.0229780338705 -0.124314144254 -0.281124889851
      vertex 0.0244728345424 -0.124659202993 -0.278781741858
    endloop
  endfacet
  facet normal -0.775147497654 0.542245984077 -0.32421541214
    outer loop
      vertex 0.025511790067 -0.118787810206 -0.280807137489
      vertex 0.024727858603 -0.117791213095 -0.28252363205
      vertex 0.0254697110504 -0.118913382292 -0.280792206526
    endloop
  endfacet
  facet normal -0.775147140026 0.54224640131 -0.324215590954
    outer loop
      vertex 0.0556839331985 -0.104093059897 -0.246461838484
      vertex 0.0559368617833 -0.102686166763 -0.24694147706
      vertex 0.0553241372108 -0.103615395725 -0.247261762619
    endloop
  endfacet
  facet normal -0.775147438049 0.542245566845 -0.324216216803
    outer loop
      vertex 0.0594250522554 -0.104135289788 -0.241088598967
      vertex 0.0605242587626 -0.101816937327 -0.240903452039
      vertex 0.0587915964425 -0.102327153087 -0.243075251579
    endloop
  endfacet
  facet normal -0.775146842003 0.542245805264 -0.324217379093
    outer loop
      vertex 0.0575514100492 -0.129600405693 -0.228541046381
      vertex 0.0592941343784 -0.127535864711 -0.227284222841
      vertex 0.0580798536539 -0.12730409205 -0.229158639908
    endloop
  endfacet
  facet normal -0.775147855282 0.542244911194 -0.324216395617
    outer loop
      vertex 0.0483490750194 -0.136459335685 -0.237594872713
      vertex 0.0476470515132 -0.136848509312 -0.238365739584
      vertex 0.0475545935333 -0.138147830963 -0.237721011043
    endloop
  endfacet
  facet normal -0.775139331818 0.542250573635 -0.32422721386
    outer loop
      vertex 0.0613449774683 -0.100131891668 -0.240737736225
      vertex 0.0621297881007 -0.101740010083 -0.238654315472
      vertex 0.0618193410337 -0.101058937609 -0.239505335689
    endloop
  endfacet
  facet normal -0.775148034096 0.542244017124 -0.3242174685
    outer loop
      vertex 0.0537845827639 -0.131973832846 -0.23250669241
      vertex 0.0528995767236 -0.133037045598 -0.233136102557
      vertex 0.0527940802276 -0.134429350495 -0.232454419136
    endloop
  endfacet
  facet normal -0.77514731884 0.542245686054 -0.324216485023
    outer loop
      vertex 0.0512326024473 -0.134590178728 -0.234590426087
      vertex 0.05068712309 -0.134950757027 -0.235154598951
      vertex 0.0512354150414 -0.136958286166 -0.233170479536
    endloop
  endfacet
  facet normal -0.775147676468 0.542244970798 -0.324216663837
    outer loop
      vertex 0.0498038195074 -0.135558798909 -0.236053735018
      vertex 0.0490508526564 -0.135987147689 -0.236873999238
      vertex 0.0494229309261 -0.137080416083 -0.23568841815
    endloop
  endfacet
  facet normal -0.775146961212 0.542239010334 -0.32422837615
    outer loop
      vertex 0.0452004522085 -0.138451293111 -0.240904852748
      vertex 0.0451199784875 -0.138506352901 -0.240986973047
      vertex 0.045075841248 -0.13854020834 -0.241029813886
    endloop
  endfacet
  facet normal -0.775147736073 0.542245328426 -0.324216008186
    outer loop
      vertex 0.0292909834534 -0.105017341673 -0.283638268709
      vertex 0.0311089642346 -0.105602666736 -0.280689477921
      vertex 0.0313295908272 -0.102765262127 -0.282070606947
    endloop
  endfacet
endsolid "LV_connection"
