$MeshFormat
4.1 0 8
$EndMeshFormat
$Entities
889 12 0 0
1 0.06533569264101666 -0.09285007374389209 -0.4904604658449675 0 
2 0.06532839724482981 -0.09274878742563245 -0.49089771311689 0 
3 0.06532076307586231 -0.09260438480109423 -0.4915292797859791 0 
4 0.06524735609519171 -0.0924765291036046 -0.4922524085249166 0 
5 0.06517524040518574 -0.09233582330294196 -0.4930937404178543 0 
6 0.06509174089567701 -0.09219797972433832 -0.4940106239888727 0 
7 0.06496135801918293 -0.09209249117905317 -0.4949387466110032 0 
8 0.06480597312090072 -0.09197521444655414 -0.4959571008480085 0 
9 0.06463386290204588 -0.09191128314137384 -0.4969841082426572 0 
10 0.0644354004044832 -0.09184349548469267 -0.4980826200693556 0 
11 0.06418497155211016 -0.09180059714946252 -0.4991489385557225 0 
12 0.06394406230174923 -0.09176565091315318 -0.5003041480497715 0 
13 0.06363014564025461 -0.09173446975049644 -0.5014362731419565 0 
14 0.06338414683992252 -0.09170880319017008 -0.5026156438684333 0 
15 0.06309358586203549 -0.09172485473350682 -0.5038201281013437 0 
16 0.06280964072876354 -0.09174672023010354 -0.5050773139485073 0 
17 0.06249147312815034 -0.09176447567061441 -0.5063491505752832 0 
18 0.06213427716360727 -0.09183342244631486 -0.5076275626678675 0 
19 0.06174154797733446 -0.09192985804410621 -0.5089120902414507 0 
20 0.06130916299558344 -0.09208630902002743 -0.5101913882984331 0 
21 0.06084341445188479 -0.09226855718421509 -0.5114674169524589 0 
22 0.06033749237085956 -0.09252889720553222 -0.5127214355127258 0 
23 0.0598026744358953 -0.09281222097854895 -0.5139660684720181 0 
24 0.05923142480375932 -0.09316227813939885 -0.5151787673612487 0 
25 0.05863158607152451 -0.09354661920311058 -0.5163689182736503 0 
26 0.0580013616845183 -0.09398995970345532 -0.5175232707741789 0 
27 0.05734867980578297 -0.09445420187849521 -0.5186537003035971 0 
28 0.05666993980752181 -0.09496428323539392 -0.5197475254219058 0 
29 0.05596950720146106 -0.09550440665037493 -0.5208100233699491 0 
30 0.05524692535864568 -0.09608951203702903 -0.5218287973025438 0 
31 0.05450456164023774 -0.09670541091235006 -0.5228119103665144 0 
32 0.05374423976687501 -0.09733514993444312 -0.5237709622551325 0 
33 0.05296610895780741 -0.09799594991277095 -0.5246910262976013 0 
34 0.05217176805214655 -0.09867174890007706 -0.5255832615137638 0 
35 0.05136196503167329 -0.09937493842564173 -0.5264351059760438 0 
36 0.05053829843824793 -0.1000987023409659 -0.5272505000547452 0 
37 0.04970241336755427 -0.1008346821536912 -0.5280341039280768 0 
38 0.04885561733297605 -0.1015900216344682 -0.5287771427044948 0 
39 0.04799952539478578 -0.1023507883238019 -0.5294908496398484 0 
40 0.04713342789290381 -0.103154381464099 -0.5301306804551108 0 
41 0.04626159145084217 -0.1039602656513779 -0.5307393655329394 0 
42 0.04538202354635524 -0.1048162112846829 -0.5312449883459058 0 
43 0.04450108024032045 -0.1056640927590855 -0.5317264991037235 0 
44 0.04361775942750247 -0.1065417043074276 -0.5321051035311631 0 
45 0.0427358305462464 -0.1074135057991183 -0.5324386136580738 0 
46 0.04185713746554793 -0.1082780327264194 -0.5327202569863874 0 
47 0.04098154488456245 -0.1091368420851754 -0.532917631220264 0 
48 0.04011023246464324 -0.1099708739803288 -0.5331011341444084 0 
49 0.0392423277430721 -0.1107817810922954 -0.5332489454371823 0 
50 0.0383767841932728 -0.111567864130324 -0.5333578663815861 0 
51 0.03751193891365153 -0.1123243655623956 -0.5334270551630573 0 
52 0.03664470914176588 -0.1130450994862643 -0.5334908870889661 0 
53 0.03577208666316973 -0.1137290375318668 -0.53352873298071 0 
54 0.03488878157430956 -0.1143723585057802 -0.5335610825305434 0 
55 0.03398871856072633 -0.1149757954756281 -0.5335638733797087 0 
56 0.03306317099255075 -0.1155386987645063 -0.533550818432435 0 
57 0.0321009075326775 -0.11606346284871 -0.533519168706203 0 
58 0.03109419822380456 -0.1165550087181327 -0.5334328070200238 0 
59 0.03002971211719195 -0.1170135908514997 -0.5333006282162917 0 
60 0.02890203611544126 -0.1174322796858381 -0.5331125850459932 0 
61 0.02771811636645158 -0.1177820404833641 -0.5328566320084679 0 
62 0.06533569264101666 -0.09285007374389209 -0.4904604658449675 0 
63 0.06505544542500569 -0.09282764693029152 -0.4903101436368217 0 
64 0.06464536999763401 -0.09279440616723023 -0.4901086822328685 0 
65 0.06415364267663805 -0.0927538997924324 -0.4898945645507369 0 
66 0.06360543475248304 -0.09272120208260363 -0.4896452872144273 0 
67 0.06303006801701094 -0.09272509885070626 -0.4893515222771394 0 
68 0.06241380792985838 -0.09273179856194083 -0.4890635800331013 0 
69 0.06176384185609605 -0.09274279510941648 -0.4887971472455651 0 
70 0.06109530059549 -0.09277699103302579 -0.4884851988241422 0 
71 0.06533569264101666 -0.09285007374389209 -0.4904604658449675 0 
72 0.06562323525321448 -0.09297378687575236 -0.4901735407811908 0 
73 0.06605294547648127 -0.09318096191080877 -0.489755327753461 0 
74 0.06652556861181252 -0.0934853965940784 -0.4892428033447883 0 
75 0.06703266536071861 -0.09382727153040599 -0.4886794296579788 0 
76 0.06758539200962844 -0.09420899907223441 -0.4880827141424821 0 
77 0.06810421627245722 -0.09470474751851865 -0.4874313588912169 0 
78 0.06865214713048017 -0.09522013533822797 -0.4867779020532679 0 
79 0.06916558629274902 -0.09581202597823574 -0.4860996887167013 0 
80 0.0696821976938154 -0.09646432517533451 -0.4854090262144827 0 
81 0.07015125448188284 -0.09715311528056234 -0.484709998119754 0 
82 0.07062115825507266 -0.09792780747679261 -0.4840086423313112 0 
83 0.07101984422666718 -0.09874459328988133 -0.4832977111298826 0 
84 0.07141125207890305 -0.09961148236175275 -0.4825970644249756 0 
85 0.07172142458662734 -0.1005520299979083 -0.4819488673269984 0 
86 0.07200216506321522 -0.1015229577995194 -0.4812993254084498 0 
87 0.07225843725033589 -0.1025219435632962 -0.4806507206761703 0 
88 0.07243709675309754 -0.1035865565756583 -0.4800669843165309 0 
89 0.07260134984086612 -0.1046848530667592 -0.4794831842006274 0 
90 0.07269971683774926 -0.1058096429505187 -0.4789542526947398 0 
91 0.07277325035317056 -0.1069609474903818 -0.4784151780416922 0 
92 0.07281724529872366 -0.1081172177161572 -0.4779211462139354 0 
93 0.07279459421193919 -0.1093143649397642 -0.4774368666856702 0 
94 0.07278244113291679 -0.1105501078075962 -0.4769549860072374 0 
95 0.07271299768306549 -0.1117639284181105 -0.4765384495409382 0 
96 0.07260028838834048 -0.1130383363394921 -0.4761047226781944 0 
97 0.07244916702302104 -0.1142840103049813 -0.4757307080585029 0 
98 0.07226157948347658 -0.1155644259886412 -0.475366437020036 0 
99 0.0720296979936125 -0.1168409103001406 -0.4750440160244938 0 
100 0.07177136991866537 -0.1181065557638842 -0.47475538929366 0 
101 0.07146767170501844 -0.1194028928306602 -0.4744934849901745 0 
102 0.071140647108993 -0.1206388001368206 -0.4742808169569744 0 
103 0.0707735111821463 -0.121935866722385 -0.4740931927947155 0 
104 0.07038863104610442 -0.1231395049417463 -0.473955716373696 0 
105 0.06994766488728056 -0.1243932439396086 -0.4738494896781689 0 
106 0.06950391396060476 -0.1255874943928224 -0.4737812458692642 0 
107 0.06905035158042343 -0.1267749391239728 -0.4737543164012033 0 
108 0.0685392546493883 -0.1279340823977615 -0.4737804291840363 0 
109 0.06805056986789304 -0.1290650440116008 -0.4738202351466 0 
110 0.06750153212590565 -0.1301634501241314 -0.4739208337163235 0 
111 0.06697749662139633 -0.1312499163639612 -0.4740319926176411 0 
112 0.06640951736888828 -0.1322850050282444 -0.4741949557625442 0 
113 0.06586436365721035 -0.1333324696569591 -0.4743844026618649 0 
114 0.06525511712700219 -0.1343239061472088 -0.4746028886733897 0 
115 0.0646889544850688 -0.1353037101854444 -0.474839715960508 0 
116 0.06408588999728178 -0.136243017402184 -0.475109055205992 0 
117 0.06346373096789916 -0.1371693150120873 -0.475430315455675 0 
118 0.06285610579505706 -0.1380536403815681 -0.4757645059186095 0 
119 0.06220741879250487 -0.1389107260135746 -0.4761571364779768 0 
120 0.06160173117660669 -0.1397115179825649 -0.476573206467343 0 
121 0.06096117538238014 -0.1404633537603457 -0.4770546762090895 0 
122 0.06035474978015323 -0.1412049554322194 -0.4775683134524328 0 
123 0.05973650662199241 -0.1418787893170119 -0.4781243821869721 0 
124 0.05913591948531686 -0.1425633150575535 -0.4787301072156772 0 
125 0.0585199830781243 -0.1432114650206807 -0.4793798902586469 0 
126 0.05794527697798892 -0.1438376746066559 -0.4800475215194533 0 
127 0.05733142478942384 -0.1444431043441088 -0.480739635801494 0 
128 0.05674779921977991 -0.1450391258967989 -0.4814451631784655 0 
129 0.05614284311407585 -0.1455994117821743 -0.4821515413471478 0 
130 0.05556943830336952 -0.1461798639482658 -0.4828898186089525 0 
131 0.054976569765192 -0.1467207538548031 -0.483633073091316 0 
132 0.05441993436380274 -0.1472567906247407 -0.4843867317299666 0 
133 0.05384570166935706 -0.147773750723378 -0.4851714347236885 0 
134 0.05330104127297465 -0.1482653274890758 -0.4859609415506825 0 
135 0.0527423070515528 -0.1487542031906929 -0.4867846257582666 0 
136 0.05220797814669819 -0.1491928776906317 -0.487615877603774 0 
137 0.05168756267094258 -0.1496209000325928 -0.488491880025789 0 
138 0.05116585197482891 -0.1500349941546688 -0.4894100283866875 0 
139 0.05067283600574038 -0.1504143604794426 -0.4903306248609364 0 
140 0.05014738542490649 -0.1507776879679285 -0.4912934302102606 0 
141 0.04964456709437426 -0.1511097194580793 -0.4922566554531132 0 
142 0.0491388846455007 -0.1514313647190059 -0.4932542507236717 0 
143 0.04862262413940868 -0.1517246106972293 -0.4942832309419973 0 
144 0.04813975862299906 -0.1519826728795817 -0.4953194987230912 0 
145 0.04763623143899905 -0.1522030509225697 -0.4963867219040818 0 
146 0.04715321201200889 -0.1523692885720128 -0.4974848187563707 0 
147 0.04669114407286098 -0.1525090004970386 -0.4986172488415341 0 
148 0.04622391922281845 -0.1525443832597783 -0.4997858876819524 0 
149 0.04576680639908259 -0.15251500321216 -0.5009805928954808 0 
150 0.04531769304901788 -0.1524247811485387 -0.5021998791690743 0 
151 0.0448685796998572 -0.1522254092577506 -0.5033862428245991 0 
152 0.04439745432004851 -0.1519922373791234 -0.5045815753338297 0 
153 0.04395499436383202 -0.1517014492582277 -0.5057210332192726 0 
154 0.04347896794348648 -0.1513445441334202 -0.5068934542519781 0 
155 0.04301556250729444 -0.1509782094371883 -0.5080559943942961 0 
156 0.04250236716169495 -0.1505620899600911 -0.5092340816988711 0 
157 0.04197631494237114 -0.1501513092790675 -0.5104466383324333 0 
158 0.04161374431745227 -0.1498395066648618 -0.5115745698913728 0 
159 0.04122339803501301 -0.149517699153941 -0.5127032371720138 0 
160 0.04097978893897592 -0.1492777906076729 -0.5137420494889621 0 
161 0.04072073180822813 -0.1490188750582814 -0.5147854412083465 0 
162 0.04042945784430639 -0.1487653748990754 -0.5158338836700738 0 
163 0.04014863695866489 -0.1484418037263283 -0.5168794943035715 0 
164 0.03984866377187999 -0.1481000259622103 -0.5179261522709505 0 
165 0.03958669016792547 -0.1476476068774936 -0.5189570651304756 0 
166 0.03928621634905116 -0.1472026326766269 -0.5199912360587944 0 
167 0.03905329984422357 -0.1466182989056712 -0.5209933315017435 0 
168 0.03879611968495312 -0.1460207258519775 -0.5219946504421782 0 
169 0.03862059573389885 -0.1452906831679771 -0.5229253888576293 0 
170 0.03842746280194057 -0.1445413125095758 -0.5238508053166535 0 
171 0.03826365252146263 -0.1437255783347318 -0.5247354023775165 0 
172 0.0380879050336484 -0.142887950277188 -0.5256063293826945 0 
173 0.03792852147733164 -0.1420029301557333 -0.5264391506642404 0 
174 0.03778677442577388 -0.1410730441777734 -0.5272305758135816 0 
175 0.03763090444694274 -0.1401311320219169 -0.5280081417462344 0 
176 0.03749143035408008 -0.1391504101723403 -0.5287399936957147 0 
177 0.037342545974399 -0.1381604225338275 -0.5294527491823305 0 
178 0.03720398300930287 -0.1371443892023531 -0.5301238847655482 0 
179 0.0370607300518876 -0.1361215964691055 -0.5307732288562725 0 
180 0.03694392919217999 -0.135064695563275 -0.5313566653534474 0 
181 0.03683188764268616 -0.1339967078372399 -0.5319041984743432 0 
182 0.03673142204043652 -0.1329124465763067 -0.5324063721421661 0 
183 0.03665381441476673 -0.1318064043307121 -0.5328394133726797 0 
184 0.03660394307580556 -0.1306736324346648 -0.5331876452014596 0 
185 0.03655303697128135 -0.1295380735176709 -0.5335115743978469 0 
186 0.03653795370298921 -0.1283717079454693 -0.5337092672598117 0 
187 0.03652044895882117 -0.1272084413690314 -0.5338855436217097 0 
188 0.03651673888165112 -0.1260365085128884 -0.533977694986618 0 
189 0.03650787873315908 -0.1248686785128405 -0.5340520513455288 0 
190 0.03650261001547957 -0.1237022455982058 -0.5340539615104729 0 
191 0.03648721500673339 -0.122543129259705 -0.534047711637485 0 
192 0.03646474433852889 -0.1213920088625122 -0.5340015374900737 0 
193 0.03642749048709117 -0.1202502374844313 -0.5339609788173678 0 
194 0.03637607668912664 -0.1191211894873725 -0.5338950283875313 0 
195 0.03630571846037971 -0.1180056387722961 -0.5338316687265129 0 
196 0.03621379599973807 -0.1169061366935191 -0.5337656348399943 0 
197 0.03609682509826075 -0.1158249975502587 -0.5336979545109088 0 
198 0.03595107525849457 -0.1147653462838365 -0.5336178313260747 0 
199 0.03577208666316973 -0.1137290375318668 -0.53352873298071 0 
200 0.03555520144029858 -0.1127185693011048 -0.5334247507723403 0 
201 0.03529493441865517 -0.1117348165692344 -0.5333134539870493 0 
202 0.03498908452545174 -0.1107831924491606 -0.5331467896197785 0 
203 0.03463046061842193 -0.109856373985631 -0.532974537334349 0 
204 0.03421756936015918 -0.1089593795982967 -0.5327410577490886 0 
205 0.03375144841158613 -0.1080895856262257 -0.5324479539200083 0 
206 0.03322717824770588 -0.1072278806990807 -0.5321274125873627 0 
207 0.03266055808881547 -0.1063971267408604 -0.5316739798762304 0 
208 0.09560460464358528 -0.145517047777629 -0.5097098967259388 0 
209 0.09611881640526941 -0.1448908582012621 -0.5096468897455646 0 
210 0.09674437802446675 -0.1440596407388807 -0.5096920051675317 0 
211 0.09743302535907294 -0.1431201074224151 -0.5098973568782638 0 
212 0.09818597570723056 -0.1420634705147818 -0.51022026005832 0 
213 0.09887203500347451 -0.1411183406695311 -0.5107663218123404 0 
214 0.09940991888805005 -0.140213850242763 -0.511496508342705 0 
215 0.09995958275956263 -0.1392278778665151 -0.5123452659452985 0 
216 0.1002860263740143 -0.1384096528807091 -0.5134381211375186 0 
217 0.100498772412502 -0.1375942696809941 -0.5146503080748982 0 
218 0.1005427218227605 -0.1367540716874576 -0.5159354439456757 0 
219 0.1004503786184718 -0.1358850364841404 -0.5172758558035262 0 
220 0.1002258043666313 -0.1349793220100067 -0.5186593338673269 0 
221 0.09988356702944177 -0.1340114889210542 -0.520058459088518 0 
222 0.0994576592429911 -0.1329733596976373 -0.5214663186446872 0 
223 0.09891883682126942 -0.1318502956871164 -0.5228437204677564 0 
224 0.09834392604504746 -0.1306488292741108 -0.5242300305403148 0 
225 0.09765293356759912 -0.1293603016695166 -0.5255716523102564 0 
226 0.09688341367464591 -0.1279785177892613 -0.5268722728080759 0 
227 0.09602329607362976 -0.1265154738245241 -0.5281209979323408 0 
228 0.09502986590061074 -0.1249574514469532 -0.5292629317068922 0 
229 0.09387602933367201 -0.1233265987767341 -0.5302742335100994 0 
230 0.09253977725621783 -0.121673991470921 -0.531045961256562 0 
231 0.09102672658668386 -0.1200584404280469 -0.5315905001692988 0 
232 0.08940741451400665 -0.1184913776602775 -0.5319341895507383 0 
233 0.08771165927957288 -0.1170029568355975 -0.532061818925407 0 
234 0.08595556668772233 -0.1156420557782056 -0.5319623450493637 0 
235 0.08418672729700458 -0.1143739361647487 -0.5317226803940288 0 
236 0.08244210752685892 -0.1131532464083883 -0.5314123226076373 0 
237 0.08072334144872144 -0.1119861558602801 -0.531031104326828 0 
238 0.07905291545116348 -0.1108264469720227 -0.530644405680977 0 
239 0.07742088468511742 -0.1096953362417069 -0.530229757469791 0 
240 0.07583668567728323 -0.1085675893811951 -0.5298228440574411 0 
241 0.07428725573271198 -0.1074708815722806 -0.5293933150009285 0 
242 0.0727799250839609 -0.1063825805836637 -0.528971096952484 0 
243 0.07129889863386626 -0.1053339728071657 -0.5285212516566269 0 
244 0.06984502945439973 -0.1043235328552344 -0.5280539262415944 0 
245 0.06842114965026795 -0.1033377836432287 -0.5275823483754161 0 
246 0.06701582990662619 -0.1024026151210972 -0.5270822221337179 0 
247 0.06562931233795177 -0.1015253805725411 -0.5265491117567374 0 
248 0.06426383734845427 -0.1006920377144969 -0.5260031305386595 0 
249 0.06292273627817219 -0.09988988682674289 -0.5254522890514717 0 
250 0.06159510782671151 -0.09915191315341652 -0.5248710088072797 0 
251 0.06028711114073987 -0.09846142775421472 -0.5242759125496714 0 
252 0.05899970314194028 -0.09780586148690987 -0.5236767181767126 0 
253 0.05772899356705196 -0.09721771878986007 -0.5230522185528015 0 
254 0.0564794589455804 -0.09664011611281323 -0.5224403813203369 0 
255 0.05524692535864568 -0.09608951203702903 -0.5218287973025438 0 
256 0.05403073163139673 -0.0955608746730689 -0.5212186143912484 0 
257 0.05282723882815045 -0.09506801350659708 -0.5206025148850636 0 
258 0.05163587947353593 -0.0946098024994587 -0.5199773988664036 0 
259 0.05045590169862079 -0.09418037863479564 -0.519347389432413 0 
260 0.04928630360775394 -0.09381158308687207 -0.5186915175070682 0 
261 0.04812758298588439 -0.09347386522837993 -0.5180265893293033 0 
262 0.04698212047621349 -0.09319999738107801 -0.517336524424173 0 
263 0.04584949830723754 -0.09297165405310211 -0.5166267433176911 0 
264 0.09560460464358528 -0.145517047777629 -0.5097098967259388 0 
265 0.09525315368606166 -0.1460379300391305 -0.5103421994002699 0 
266 0.0946381642032174 -0.1468065671062115 -0.5111122583713167 0 
267 0.09376298368808042 -0.147762346242503 -0.511960802916972 0 
268 0.09229511683942901 -0.1491505729158552 -0.5127232303618889 0 
269 0.08973129818380708 -0.151438695203407 -0.5130577164049275 0 
270 0.08682359696095827 -0.153823451808859 -0.5132376611420025 0 
271 0.08377139667512287 -0.1561525645820595 -0.5132813202614919 0 
272 0.08062099308118539 -0.1583077751471317 -0.513181174290851 0 
273 0.07731713982205826 -0.160130096862869 -0.5129235722695832 0 
274 0.07383724684808128 -0.1613417813779374 -0.5125533438076501 0 
275 0.07031859260489164 -0.1617792959892959 -0.5121596454174487 0 
276 0.06698329742459716 -0.1616432576398072 -0.5117172203063666 0 
277 0.06388798511806183 -0.1611156870098606 -0.5112305915102572 0 
278 0.06108140507511439 -0.1602883947888812 -0.5106816712189939 0 
279 0.05859305192166686 -0.159243477875576 -0.5101191257821045 0 
280 0.05636808951224575 -0.1580992789247956 -0.5095400846294587 0 
281 0.05433420801026676 -0.157013816148641 -0.5088891744395514 0 
282 0.05245401294689929 -0.1559698294006918 -0.5081797636209071 0 
283 0.05069374441093513 -0.1550051838337265 -0.507482693175584 0 
284 0.049017990597695 -0.1541305272247852 -0.5067791055499362 0 
285 0.04743363704416261 -0.1533209976236131 -0.5060339967765197 0 
286 0.0458933122444076 -0.1526076640901315 -0.5052889234529998 0 
287 0.04439745432004851 -0.1519922373791234 -0.5045815753338297 0 
288 0.04295839056185091 -0.1514514460199208 -0.5038442139381482 0 
289 0.04153548794160843 -0.1509503068671936 -0.5031154109896455 0 
290 0.04014587324813713 -0.1505090373325363 -0.502397834916158 0 
291 0.03879730143677282 -0.1501198637212793 -0.5016573700938897 0 
292 0.03747242703938073 -0.1497402500924675 -0.5009384478860545 0 
293 0.0362508323514666 -0.1493953528536726 -0.5002876089604078 0 
294 0.03518617848295601 -0.1491136677014032 -0.4997584281574395 0 
295 0.03358849883079999 -0.148675516248 -0.500301539898 0 
296 0.09560460464358528 -0.145517047777629 -0.5097098967259388 0 
297 0.09501407619882896 -0.1460058965781604 -0.5085930109733607 0 
298 0.09416570893965961 -0.1464875185063011 -0.5071679045434457 0 
299 0.09283999622193211 -0.147148916147077 -0.5052490316709365 0 
300 0.09148886974185336 -0.1475795961203117 -0.503371576765432 0 
301 0.09012465115011287 -0.1477927719365698 -0.5015626303932801 0 
302 0.08874386129326473 -0.1478072554202884 -0.4998570404594639 0 
303 0.08738350335126543 -0.1476670588742678 -0.4982369896286442 0 
304 0.08605335798928816 -0.147410220741345 -0.4966977944913392 0 
305 0.08476182023297904 -0.1470543318565412 -0.4952440171974447 0 
306 0.08351422093031349 -0.1466426842819826 -0.4938733707863704 0 
307 0.08229965480981277 -0.1461965838825995 -0.4925712837273286 0 
308 0.08111568913289666 -0.1457221563016554 -0.4913212544512806 0 
309 0.07996398075656547 -0.1452237202441379 -0.4901182144287897 0 
310 0.07885278666776992 -0.1447306819948637 -0.4889696814380509 0 
311 0.07775567968989518 -0.144256445079673 -0.4878444102932598 0 
312 0.07668555891104828 -0.1437756515136347 -0.4867418516852972 0 
313 0.07563125718593255 -0.1433182674420662 -0.4856923846601598 0 
314 0.0745628369783528 -0.1428642869010659 -0.4846504806828797 0 
315 0.07352418926026255 -0.1424203672543084 -0.4836725357932641 0 
316 0.07248675696569157 -0.1419707623052159 -0.4827187773022782 0 
317 0.07142453265000112 -0.1415288093279894 -0.4818066867017602 0 
318 0.07036201587762597 -0.1410707894629759 -0.4809226726771717 0 
319 0.06930656362023768 -0.140659206892846 -0.4800910292625998 0 
320 0.06826022375914347 -0.1402225754794917 -0.4792795118419763 0 
321 0.06716906330616351 -0.1397878295307913 -0.4785005076789189 0 
322 0.06609507236440126 -0.1393651413088298 -0.4777682319047222 0 
323 0.06502670658502138 -0.138933918432786 -0.4770615659220867 0 
324 0.06394519728588406 -0.1385084937881776 -0.4763762573758096 0 
325 0.06285610579505706 -0.1380536403815681 -0.4757645059186095 0 
326 0.06174265636808048 -0.1376061008036047 -0.4752087722896214 0 
327 0.06064235682949606 -0.137111478174546 -0.4746770028351319 0 
328 0.059593600802021 -0.1366305749893164 -0.4741883723958908 0 
329 0.05842014591216393 -0.1361340384315427 -0.4737600448968608 0 
330 0.0572701505228185 -0.1356463916433519 -0.4733534239721876 0 
331 0.05602042007416116 -0.1351099472224346 -0.4729729184796517 0 
332 0.05502185920978139 -0.1347122493318857 -0.4727067884816256 0 
333 0.05402205768402513 -0.1343019270010047 -0.4724818674595385 0 
334 0.03041774422962806 -0.1116214343398391 -0.5327732672323416 0 
335 0.03017778060003831 -0.1115155964787728 -0.5326892867043026 0 
336 0.03041774422962806 -0.1116214343398391 -0.5327732672323416 0 
337 0.03039684933310572 -0.1120701108743871 -0.5328586249283827 0 
338 0.03023176737961505 -0.1128004672495585 -0.5329655701741509 0 
339 0.03000174444278189 -0.1136684374717772 -0.5330272657757841 0 
340 0.02973541081166956 -0.1145902731715956 -0.5330856973295575 0 
341 0.02945217364930806 -0.1155386726805635 -0.5331270240755713 0 
342 0.02917389204146142 -0.1164854781400862 -0.5331319451689547 0 
343 0.02890203611544126 -0.1174322796858381 -0.5331125850459932 0 
344 0.02862345294247402 -0.1184149312226169 -0.5330839181141382 0 
345 0.02834477815426279 -0.1194258587918124 -0.5330342257072073 0 
346 0.02808165563690113 -0.1204457113578202 -0.5329214537037129 0 
347 0.02782484183180207 -0.1214740542993619 -0.5328068287745631 0 
348 0.02758747739235227 -0.1225103064801888 -0.5326190109142153 0 
349 0.02736353997608394 -0.1235531484745886 -0.5324126730948329 0 
350 0.02716985405649179 -0.1245894823421223 -0.5321345311513456 0 
351 0.02700732297396035 -0.1256103737030741 -0.5318000785232647 0 
352 0.02687197647370985 -0.1266139548698378 -0.531421657299894 0 
353 0.02678490133806016 -0.1275743034691886 -0.5309629116151466 0 
354 0.02671913291045063 -0.128517112254157 -0.5304801735752389 0 
355 0.02668942780708038 -0.1294233126063109 -0.5299369423573883 0 
356 0.02668514432958431 -0.1303075015212461 -0.529364011900105 0 
357 0.02671232103835822 -0.1311574840098358 -0.5287451428922466 0 
358 0.02675925012617667 -0.1319888651412531 -0.5281037086043635 0 
359 0.02682730685242141 -0.1327967377266533 -0.5274346006717466 0 
360 0.02692073007826859 -0.1335743452142624 -0.5267350113908301 0 
361 0.02702148031590055 -0.1343482926385728 -0.5260269250317727 0 
362 0.02715474371119883 -0.1350875374024272 -0.5252750575763747 0 
363 0.02728974927420439 -0.1358334317505288 -0.5245178661883123 0 
364 0.02744052313647121 -0.1365613307109267 -0.5237392851898345 0 
365 0.02760311708766969 -0.1372796843533173 -0.5229442280038678 0 
366 0.02778516075327802 -0.1379871894741333 -0.5221166128021644 0 
367 0.02797497675092515 -0.1386966473105699 -0.5212712252937752 0 
368 0.0281910538204969 -0.1393860909286542 -0.5203844482609541 0 
369 0.02841515514896964 -0.1400762108627052 -0.5194787888365361 0 
370 0.02867121497246644 -0.1407344309656978 -0.5185272192352922 0 
371 0.02893624496424738 -0.1413846787194301 -0.5175584727944613 0 
372 0.02924101177977533 -0.1419787715274358 -0.5165555190118318 0 
373 0.0295429674330188 -0.1425574687594563 -0.5155583089290071 0 
374 0.02985353912428992 -0.1430580403630538 -0.5145981973089424 0 
375 0.03015222362256788 -0.143520699403504 -0.5136785006426621 0 
376 0.03044251554087746 -0.143921110955897 -0.5128138146635913 0 
377 0.03072078298411126 -0.1442954090522679 -0.5119807925191787 0 
378 0.03099905325376496 -0.1446550632587879 -0.5111471082030555 0 
379 0.0312839196030444 -0.1449934558575962 -0.510301826939844 0 
380 0.03156604968945738 -0.1453412500656839 -0.5094349562094822 0 
381 0.03184633611330931 -0.1456885144706392 -0.5085468279597519 0 
382 0.03212027360784022 -0.1460404624424502 -0.5076340027925826 0 
383 0.03237880030674634 -0.1464163925274385 -0.5066909066991824 0 
384 0.03269859504365766 -0.146820691805569 -0.5057806161245039 0 
385 0.03298525887068179 -0.1472414184449737 -0.5048241572253277 0 
386 0.03338499549156972 -0.1477059590467794 -0.5038737953875505 0 
387 0.0337906579029196 -0.148157131808104 -0.5029190180131127 0 
388 0.03421744305109486 -0.1485439123861294 -0.5018789469172753 0 
389 0.03465754473431137 -0.1488866555973978 -0.500828880090986 0 
390 0.03518617848295601 -0.1491136677014032 -0.4997584281574395 0 
391 0.03575135415348619 -0.149187410185838 -0.498684199120481 0 
392 0.03625363362882912 -0.1492089446872863 -0.4976532663426415 0 
393 0.03677065174021232 -0.1491581558982593 -0.4966093933258218 0 
394 0.03735474994921893 -0.1489724739250078 -0.4956360827113734 0 
395 0.03793307336381736 -0.148801981847933 -0.4946562095850532 0 
396 0.0384247664355102 -0.1486518748017059 -0.4937679329903532 0 
397 0.03891478777284275 -0.1485051612793458 -0.4928780697612977 0 
398 0.03951298933405363 -0.1483725651340174 -0.4919304977135134 0 
399 0.04011575381183272 -0.1482366698674445 -0.4909871241589812 0 
400 0.04073905025904093 -0.1480977038209979 -0.490040433344029 0 
401 0.04136682997636166 -0.1479477089393111 -0.4890988092009767 0 
402 0.0419921657701272 -0.1477236934919344 -0.4880476257366244 0 
403 0.04262646594575641 -0.1474660780416622 -0.487011371665939 0 
404 0.04320845233493559 -0.1472180076516247 -0.4861166811660251 0 
405 0.04379907605045558 -0.1469349713596187 -0.4852403349102076 0 
406 0.04445479212861624 -0.1466077603501238 -0.4843332639479843 0 
407 0.0451186506838297 -0.1462389653839358 -0.4834501885565745 0 
408 0.04579481514533759 -0.1457781921849738 -0.4824975629644294 0 
409 0.04647425357722571 -0.145290591654544 -0.4815626146924868 0 
410 0.04712557159952947 -0.1447686200656679 -0.4806839971073781 0 
411 0.04777728662474219 -0.14423205132532 -0.4798170167970228 0 
412 0.04844520353205355 -0.1436611972338536 -0.4790006559875022 0 
413 0.04911255297085679 -0.1430779788701663 -0.4781959865720649 0 
414 0.04975839587718925 -0.1424123604871833 -0.4774038655552841 0 
415 0.05040391017532053 -0.1417303515696146 -0.4766311520870403 0 
416 0.05096306378571906 -0.1410368702034586 -0.4759669669106485 0 
417 0.05152093850896147 -0.1403212047702606 -0.4753288160175085 0 
418 0.05208552763406971 -0.139558298233083 -0.4747569985435651 0 
419 0.05264602742321228 -0.1387366801598474 -0.4742518713813397 0 
420 0.05304666573886134 -0.1379897031380402 -0.4738661513000479 0 
421 0.05344621643966835 -0.1372304733980305 -0.4735008275833074 0 
422 0.05398229773337265 -0.1364400414944688 -0.4731929408561251 0 
423 0.05451398448556988 -0.1356242573577235 -0.4729519763320159 0 
424 0.05502185920978139 -0.1347122493318857 -0.4727067884816256 0 
425 0.0555227079088796 -0.1337796213493526 -0.4725139631742655 0 
426 0.05598645691462391 -0.1327869815965181 -0.4723417229976322 0 
427 0.05647066751927737 -0.1318362108777378 -0.4722167727696589 0 
428 0.05690888245351028 -0.1308998529902758 -0.4720939186058229 0 
429 0.05734126334785457 -0.1300085936444793 -0.4720162440463294 0 
430 0.05775039335538745 -0.1291738661145981 -0.4719453730126675 0 
431 0.05810011952513479 -0.1283303359185777 -0.4718775852435887 0 
432 0.05850577065957786 -0.1274162860312086 -0.4718129623599753 0 
433 0.05886945937372223 -0.1264740114446615 -0.471757687949574 0 
434 0.05927638369644032 -0.1255089783357794 -0.4717067764586156 0 
435 0.05966803670303797 -0.1245150073275763 -0.4716722078107357 0 
436 0.06008078314993631 -0.1235227413094802 -0.4716470798012433 0 
437 0.06047901549889084 -0.1224745708155041 -0.4716377024806123 0 
438 0.06088527913205871 -0.1214298556139866 -0.4716513545188209 0 
439 0.06124961855082936 -0.1203371070992378 -0.4716922375399915 0 
440 0.06164879542889934 -0.1191914380432843 -0.4717568208557142 0 
441 0.06198693835084992 -0.1180398800389064 -0.4718740236504333 0 
442 0.06235219353606379 -0.1168862424731098 -0.4720055655638103 0 
443 0.06265263960348497 -0.1157401511160571 -0.4721953175156935 0 
444 0.06297842127648835 -0.1146243121624385 -0.4723957277719483 0 
445 0.06323497066483511 -0.1135021185128498 -0.4726459655580179 0 
446 0.06350239745789539 -0.1124284488778315 -0.4729044381640986 0 
447 0.06371764271542374 -0.1113423743173147 -0.4732055570581738 0 
448 0.06393634500473593 -0.1102961472059781 -0.4735155487985311 0 
449 0.06411658516932692 -0.1092361322401787 -0.4738607565522179 0 
450 0.06429304918274883 -0.1082061177407503 -0.4742186591405262 0 
451 0.06444018750536584 -0.1071730954012954 -0.4746148449089232 0 
452 0.06456140836513825 -0.106192263236226 -0.4750280449063835 0 
453 0.06469126029852429 -0.1052138526911834 -0.4754523594228642 0 
454 0.06475298382009986 -0.1042582057816483 -0.475891847236932 0 
455 0.06484990344230757 -0.1033515238599655 -0.4763416405533939 0 
456 0.06488149492091774 -0.1024990319749224 -0.4768275178709172 0 
457 0.06491593242171614 -0.1016409835681181 -0.4773468641347479 0 
458 0.06488762041165376 -0.1007803960437172 -0.4778923394603775 0 
459 0.06487742382833307 -0.09998951812061396 -0.4784491254350042 0 
460 0.06479181129609073 -0.09917855713425837 -0.4790622331748783 0 
461 0.06471725044016502 -0.09836046492239683 -0.4797507324087325 0 
462 0.06459173701198942 -0.09761620858563218 -0.4804670805728132 0 
463 0.0644496877357081 -0.09691722921458729 -0.4811906089910909 0 
464 0.06421466691018972 -0.09620727543685537 -0.4820130801653339 0 
465 0.06397410426467792 -0.09557314334108083 -0.4828436792818536 0 
466 0.06369884094755901 -0.09498045051911957 -0.4837853425713528 0 
467 0.06337947957675692 -0.09442635022128443 -0.4847323826073418 0 
468 0.06299610888964413 -0.09389903166071295 -0.4857169237953625 0 
469 0.06261635376340588 -0.09346634254338529 -0.486703704880531 0 
470 0.06223119967985295 -0.09306927620253863 -0.4877648213216155 0 
471 0.06176384185609605 -0.09274279510941648 -0.4887971472455651 0 
472 0.06131557328388074 -0.09244589321804099 -0.4898400901919262 0 
473 0.06083924061108682 -0.09224941133557772 -0.4908906129212378 0 
474 0.06037227347242821 -0.09207785219335637 -0.4919642173033681 0 
475 0.05985961201578806 -0.09195984891809506 -0.4930047179632395 0 
476 0.05939503838789144 -0.09187269463643989 -0.4939785297180581 0 
477 0.05891571274098798 -0.09181261316369775 -0.494969132693496 0 
478 0.05844059276750493 -0.09176726318850764 -0.4959639251888097 0 
479 0.05798528291454193 -0.09172427573426645 -0.496936803021144 0 
480 0.05750609824599498 -0.09167899347321554 -0.4979141393690524 0 
481 0.05699916315101076 -0.09163138536445638 -0.4989344250843923 0 
482 0.05649637215234377 -0.09157294013649124 -0.499985446927254 0 
483 0.05601724790788469 -0.09150664702768187 -0.5010325750450964 0 
484 0.05552108601908719 -0.09142813774226399 -0.5020555859004144 0 
485 0.05502195775861673 -0.09134490813737596 -0.5030937617642658 0 
486 0.05454250384616686 -0.091258896087988 -0.5041160812218969 0 
487 0.05405578908387299 -0.09117754057001633 -0.5051361388117893 0 
488 0.05355160079672919 -0.09111563256272338 -0.5061711202860957 0 
489 0.05303311673549453 -0.09105525527254668 -0.5072154583847266 0 
490 0.05248853864630541 -0.09105802596346776 -0.5082806401400199 0 
491 0.05192957425980076 -0.09108919511830406 -0.509341900939467 0 
492 0.05137179696554894 -0.0911627626849227 -0.5103671009138891 0 
493 0.05081147793587201 -0.0912773165267301 -0.5113666667284393 0 
494 0.05024725973212639 -0.09146176691065615 -0.5123308992298878 0 
495 0.04968045453995409 -0.09165527867758567 -0.5132696392337148 0 
496 0.04912980591188536 -0.09192343274187437 -0.5141476022037554 0 
497 0.04858463773774579 -0.0922044692731477 -0.5149927358484552 0 
498 0.0480473629962907 -0.09251660169403497 -0.5157985383254692 0 
499 0.04751268475883925 -0.09283286651339244 -0.5165869069863467 0 
500 0.04698212047621349 -0.09319999738107801 -0.517336524424173 0 
501 0.04644578837211014 -0.09357391837145107 -0.5180830919924103 0 
502 0.04589595096612548 -0.09397837970647954 -0.5188317889494681 0 
503 0.0453296989515982 -0.09440370022304619 -0.5195915096802101 0 
504 0.04473398847475459 -0.09484189477938973 -0.5203866981261329 0 
505 0.0441234003707803 -0.09532381725423315 -0.5211815530074542 0 
506 0.04349658647161816 -0.09581903736363202 -0.5219900069134289 0 
507 0.0428654283033949 -0.09631921381761452 -0.5227984817543646 0 
508 0.04223796924600887 -0.09683320382303905 -0.5235881404859722 0 
509 0.04161254216502187 -0.09734438370650755 -0.5243709221476759 0 
510 0.04099169755066071 -0.09785316534063546 -0.5251405974301862 0 
511 0.04036044253072669 -0.09841578332540712 -0.525893849220977 0 
512 0.03970103252442918 -0.09901540998966731 -0.5266648927778435 0 
513 0.03903306888413426 -0.09966405621589673 -0.5274192320551629 0 
514 0.03835797598410168 -0.1003616913741903 -0.5281457469493446 0 
515 0.03768732445832106 -0.1010756499590592 -0.5288391511480681 0 
516 0.03703958191971363 -0.1018051303230072 -0.5294838336514858 0 
517 0.03641067017078934 -0.1025935351854584 -0.5300175734166434 0 
518 0.03581092165159201 -0.1033639087860028 -0.5305183082959325 0 
519 0.03524423052306554 -0.1041365427487976 -0.530957312830715 0 
520 0.03471983444177262 -0.1048940598552497 -0.5313096322607119 0 
521 0.03420991804994115 -0.1056517033539288 -0.5316319927685534 0 
522 0.03371133810758204 -0.1064335077542161 -0.5318995198790681 0 
523 0.03322717824770588 -0.1072278806990807 -0.5321274125873627 0 
524 0.03274973043413448 -0.1080263736340364 -0.5323192210341429 0 
525 0.03228732658042737 -0.1088084948615052 -0.5324720848385636 0 
526 0.0318479064212184 -0.1095496777726418 -0.5326035118986939 0 
527 0.03143844841580629 -0.1102297841718428 -0.5326970714211363 0 
528 0.03107760700967219 -0.1108068408345504 -0.5327472278294286 0 
529 0.03072739660144487 -0.1113013383650421 -0.5327847750812159 0 
530 0.03041774422962806 -0.1116214343398391 -0.5327732672323416 0 
531 0.03041774422962806 -0.1116214343398391 -0.5327732672323416 0 
532 0.03072739660144487 -0.1113013383650421 -0.5327847750812159 0 
533 0.03107760700967219 -0.1108068408345504 -0.5327472278294286 0 
534 0.03143844841580629 -0.1102297841718428 -0.5326970714211363 0 
535 0.0318479064212184 -0.1095496777726418 -0.5326035118986939 0 
536 0.03228732658042737 -0.1088084948615052 -0.5324720848385636 0 
537 0.03274973043413448 -0.1080263736340364 -0.5323192210341429 0 
538 0.03322717824770588 -0.1072278806990807 -0.5321274125873627 0 
539 0.03371133810758204 -0.1064335077542161 -0.5318995198790681 0 
540 0.03420991804994115 -0.1056517033539288 -0.5316319927685534 0 
541 0.03471983444177262 -0.1048940598552497 -0.5313096322607119 0 
542 0.03524423052306554 -0.1041365427487976 -0.530957312830715 0 
543 0.03581092165159201 -0.1033639087860028 -0.5305183082959325 0 
544 0.03641067017078934 -0.1025935351854584 -0.5300175734166434 0 
545 0.03703958191971363 -0.1018051303230072 -0.5294838336514858 0 
546 0.03768732445832106 -0.1010756499590592 -0.5288391511480681 0 
547 0.03835797598410168 -0.1003616913741903 -0.5281457469493446 0 
548 0.03903306888413426 -0.09966405621589673 -0.5274192320551629 0 
549 0.03970103252442918 -0.09901540998966731 -0.5266648927778435 0 
550 0.04036044253072669 -0.09841578332540712 -0.525893849220977 0 
551 0.04099169755066071 -0.09785316534063546 -0.5251405974301862 0 
552 0.04161254216502187 -0.09734438370650755 -0.5243709221476759 0 
553 0.04223796924600887 -0.09683320382303905 -0.5235881404859722 0 
554 0.0428654283033949 -0.09631921381761452 -0.5227984817543646 0 
555 0.04349658647161816 -0.09581903736363202 -0.5219900069134289 0 
556 0.0441234003707803 -0.09532381725423315 -0.5211815530074542 0 
557 0.04473398847475459 -0.09484189477938973 -0.5203866981261329 0 
558 0.0453296989515982 -0.09440370022304619 -0.5195915096802101 0 
559 0.04589595096612548 -0.09397837970647954 -0.5188317889494681 0 
560 0.04644578837211014 -0.09357391837145107 -0.5180830919924103 0 
561 0.04698212047621349 -0.09319999738107801 -0.517336524424173 0 
562 0.04751268475883925 -0.09283286651339244 -0.5165869069863467 0 
563 0.0480473629962907 -0.09251660169403497 -0.5157985383254692 0 
564 0.04858463773774579 -0.0922044692731477 -0.5149927358484552 0 
565 0.04912980591188536 -0.09192343274187437 -0.5141476022037554 0 
566 0.04968045453995409 -0.09165527867758567 -0.5132696392337148 0 
567 0.05024725973212639 -0.09146176691065615 -0.5123308992298878 0 
568 0.05081147793587201 -0.0912773165267301 -0.5113666667284393 0 
569 0.05137179696554894 -0.0911627626849227 -0.5103671009138891 0 
570 0.05192957425980076 -0.09108919511830406 -0.509341900939467 0 
571 0.05248853864630541 -0.09105802596346776 -0.5082806401400199 0 
572 0.05303311673549453 -0.09105525527254668 -0.5072154583847266 0 
573 0.05355160079672919 -0.09111563256272338 -0.5061711202860957 0 
574 0.05405578908387299 -0.09117754057001633 -0.5051361388117893 0 
575 0.05454250384616686 -0.091258896087988 -0.5041160812218969 0 
576 0.05502195775861673 -0.09134490813737596 -0.5030937617642658 0 
577 0.05552108601908719 -0.09142813774226399 -0.5020555859004144 0 
578 0.05601724790788469 -0.09150664702768187 -0.5010325750450964 0 
579 0.05649637215234377 -0.09157294013649124 -0.499985446927254 0 
580 0.05699916315101076 -0.09163138536445638 -0.4989344250843923 0 
581 0.05750609824599498 -0.09167899347321554 -0.4979141393690524 0 
582 0.05798528291454193 -0.09172427573426645 -0.496936803021144 0 
583 0.05844059276750493 -0.09176726318850764 -0.4959639251888097 0 
584 0.05891571274098798 -0.09181261316369775 -0.494969132693496 0 
585 0.05939503838789144 -0.09187269463643989 -0.4939785297180581 0 
586 0.05985961201578806 -0.09195984891809506 -0.4930047179632395 0 
587 0.06037227347242821 -0.09207785219335637 -0.4919642173033681 0 
588 0.06083924061108682 -0.09224941133557772 -0.4908906129212378 0 
589 0.06131557328388074 -0.09244589321804099 -0.4898400901919262 0 
590 0.06176384185609605 -0.09274279510941648 -0.4887971472455651 0 
591 0.06223119967985295 -0.09306927620253863 -0.4877648213216155 0 
592 0.06261635376340588 -0.09346634254338529 -0.486703704880531 0 
593 0.06299610888964413 -0.09389903166071295 -0.4857169237953625 0 
594 0.06337947957675692 -0.09442635022128443 -0.4847323826073418 0 
595 0.06369884094755901 -0.09498045051911957 -0.4837853425713528 0 
596 0.06397410426467792 -0.09557314334108083 -0.4828436792818536 0 
597 0.06421466691018972 -0.09620727543685537 -0.4820130801653339 0 
598 0.0644496877357081 -0.09691722921458729 -0.4811906089910909 0 
599 0.06459173701198942 -0.09761620858563218 -0.4804670805728132 0 
600 0.06471725044016502 -0.09836046492239683 -0.4797507324087325 0 
601 0.06479181129609073 -0.09917855713425837 -0.4790622331748783 0 
602 0.06487742382833307 -0.09998951812061396 -0.4784491254350042 0 
603 0.06488762041165376 -0.1007803960437172 -0.4778923394603775 0 
604 0.06491593242171614 -0.1016409835681181 -0.4773468641347479 0 
605 0.06488149492091774 -0.1024990319749224 -0.4768275178709172 0 
606 0.06484990344230757 -0.1033515238599655 -0.4763416405533939 0 
607 0.06475298382009986 -0.1042582057816483 -0.475891847236932 0 
608 0.06469126029852429 -0.1052138526911834 -0.4754523594228642 0 
609 0.06456140836513825 -0.106192263236226 -0.4750280449063835 0 
610 0.06444018750536584 -0.1071730954012954 -0.4746148449089232 0 
611 0.06429304918274883 -0.1082061177407503 -0.4742186591405262 0 
612 0.06411658516932692 -0.1092361322401787 -0.4738607565522179 0 
613 0.06393634500473593 -0.1102961472059781 -0.4735155487985311 0 
614 0.06371764271542374 -0.1113423743173147 -0.4732055570581738 0 
615 0.06350239745789539 -0.1124284488778315 -0.4729044381640986 0 
616 0.06323497066483511 -0.1135021185128498 -0.4726459655580179 0 
617 0.06297842127648835 -0.1146243121624385 -0.4723957277719483 0 
618 0.06265263960348497 -0.1157401511160571 -0.4721953175156935 0 
619 0.06235219353606379 -0.1168862424731098 -0.4720055655638103 0 
620 0.06198693835084992 -0.1180398800389064 -0.4718740236504333 0 
621 0.06164879542889934 -0.1191914380432843 -0.4717568208557142 0 
622 0.06124961855082936 -0.1203371070992378 -0.4716922375399915 0 
623 0.06088527913205871 -0.1214298556139866 -0.4716513545188209 0 
624 0.06047901549889084 -0.1224745708155041 -0.4716377024806123 0 
625 0.06008078314993631 -0.1235227413094802 -0.4716470798012433 0 
626 0.05966803670303797 -0.1245150073275763 -0.4716722078107357 0 
627 0.05927638369644032 -0.1255089783357794 -0.4717067764586156 0 
628 0.05886945937372223 -0.1264740114446615 -0.471757687949574 0 
629 0.05850577065957786 -0.1274162860312086 -0.4718129623599753 0 
630 0.05810011952513479 -0.1283303359185777 -0.4718775852435887 0 
631 0.05775039335538745 -0.1291738661145981 -0.4719453730126675 0 
632 0.05734126334785457 -0.1300085936444793 -0.4720162440463294 0 
633 0.05690888245351028 -0.1308998529902758 -0.4720939186058229 0 
634 0.05647066751927737 -0.1318362108777378 -0.4722167727696589 0 
635 0.05598645691462391 -0.1327869815965181 -0.4723417229976322 0 
636 0.0555227079088796 -0.1337796213493526 -0.4725139631742655 0 
637 0.05502185920978139 -0.1347122493318857 -0.4727067884816256 0 
638 0.05451398448556988 -0.1356242573577235 -0.4729519763320159 0 
639 0.05398229773337265 -0.1364400414944688 -0.4731929408561251 0 
640 0.05344621643966835 -0.1372304733980305 -0.4735008275833074 0 
641 0.05304666573886134 -0.1379897031380402 -0.4738661513000479 0 
642 0.05264602742321228 -0.1387366801598474 -0.4742518713813397 0 
643 0.05208552763406971 -0.139558298233083 -0.4747569985435651 0 
644 0.05152093850896147 -0.1403212047702606 -0.4753288160175085 0 
645 0.05096306378571906 -0.1410368702034586 -0.4759669669106485 0 
646 0.05040391017532053 -0.1417303515696146 -0.4766311520870403 0 
647 0.04975839587718925 -0.1424123604871833 -0.4774038655552841 0 
648 0.04911255297085679 -0.1430779788701663 -0.4781959865720649 0 
649 0.04844520353205355 -0.1436611972338536 -0.4790006559875022 0 
650 0.04777728662474219 -0.14423205132532 -0.4798170167970228 0 
651 0.04712557159952947 -0.1447686200656679 -0.4806839971073781 0 
652 0.04647425357722571 -0.145290591654544 -0.4815626146924868 0 
653 0.04579481514533759 -0.1457781921849738 -0.4824975629644294 0 
654 0.0451186506838297 -0.1462389653839358 -0.4834501885565745 0 
655 0.04445479212861624 -0.1466077603501238 -0.4843332639479843 0 
656 0.04379907605045558 -0.1469349713596187 -0.4852403349102076 0 
657 0.04320845233493559 -0.1472180076516247 -0.4861166811660251 0 
658 0.04262646594575641 -0.1474660780416622 -0.487011371665939 0 
659 0.0419921657701272 -0.1477236934919344 -0.4880476257366244 0 
660 0.04136682997636166 -0.1479477089393111 -0.4890988092009767 0 
661 0.04073905025904093 -0.1480977038209979 -0.490040433344029 0 
662 0.04011575381183272 -0.1482366698674445 -0.4909871241589812 0 
663 0.03951298933405363 -0.1483725651340174 -0.4919304977135134 0 
664 0.03891478777284275 -0.1485051612793458 -0.4928780697612977 0 
665 0.0384247664355102 -0.1486518748017059 -0.4937679329903532 0 
666 0.03793307336381736 -0.148801981847933 -0.4946562095850532 0 
667 0.03735474994921893 -0.1489724739250078 -0.4956360827113734 0 
668 0.03677065174021232 -0.1491581558982593 -0.4966093933258218 0 
669 0.03625363362882912 -0.1492089446872863 -0.4976532663426415 0 
670 0.03575135415348619 -0.149187410185838 -0.498684199120481 0 
671 0.03518617848295601 -0.1491136677014032 -0.4997584281574395 0 
672 0.03465754473431137 -0.1488866555973978 -0.500828880090986 0 
673 0.03421744305109486 -0.1485439123861294 -0.5018789469172753 0 
674 0.0337906579029196 -0.148157131808104 -0.5029190180131127 0 
675 0.03338499549156972 -0.1477059590467794 -0.5038737953875505 0 
676 0.03298525887068179 -0.1472414184449737 -0.5048241572253277 0 
677 0.03269859504365766 -0.146820691805569 -0.5057806161245039 0 
678 0.03237880030674634 -0.1464163925274385 -0.5066909066991824 0 
679 0.03212027360784022 -0.1460404624424502 -0.5076340027925826 0 
680 0.03184633611330931 -0.1456885144706392 -0.5085468279597519 0 
681 0.03156604968945738 -0.1453412500656839 -0.5094349562094822 0 
682 0.0312839196030444 -0.1449934558575962 -0.510301826939844 0 
683 0.03099905325376496 -0.1446550632587879 -0.5111471082030555 0 
684 0.03072078298411126 -0.1442954090522679 -0.5119807925191787 0 
685 0.03044251554087746 -0.143921110955897 -0.5128138146635913 0 
686 0.03015222362256788 -0.143520699403504 -0.5136785006426621 0 
687 0.02985353912428992 -0.1430580403630538 -0.5145981973089424 0 
688 0.0295429674330188 -0.1425574687594563 -0.5155583089290071 0 
689 0.02924101177977533 -0.1419787715274358 -0.5165555190118318 0 
690 0.02893624496424738 -0.1413846787194301 -0.5175584727944613 0 
691 0.02867121497246644 -0.1407344309656978 -0.5185272192352922 0 
692 0.02841515514896964 -0.1400762108627052 -0.5194787888365361 0 
693 0.0281910538204969 -0.1393860909286542 -0.5203844482609541 0 
694 0.02797497675092515 -0.1386966473105699 -0.5212712252937752 0 
695 0.02778516075327802 -0.1379871894741333 -0.5221166128021644 0 
696 0.02760311708766969 -0.1372796843533173 -0.5229442280038678 0 
697 0.02744052313647121 -0.1365613307109267 -0.5237392851898345 0 
698 0.02728974927420439 -0.1358334317505288 -0.5245178661883123 0 
699 0.02715474371119883 -0.1350875374024272 -0.5252750575763747 0 
700 0.02702148031590055 -0.1343482926385728 -0.5260269250317727 0 
701 0.02692073007826859 -0.1335743452142624 -0.5267350113908301 0 
702 0.02682730685242141 -0.1327967377266533 -0.5274346006717466 0 
703 0.02675925012617667 -0.1319888651412531 -0.5281037086043635 0 
704 0.02671232103835822 -0.1311574840098358 -0.5287451428922466 0 
705 0.02668514432958431 -0.1303075015212461 -0.529364011900105 0 
706 0.02668942780708038 -0.1294233126063109 -0.5299369423573883 0 
707 0.02671913291045063 -0.128517112254157 -0.5304801735752389 0 
708 0.02678490133806016 -0.1275743034691886 -0.5309629116151466 0 
709 0.02687197647370985 -0.1266139548698378 -0.531421657299894 0 
710 0.02700732297396035 -0.1256103737030741 -0.5318000785232647 0 
711 0.02716985405649179 -0.1245894823421223 -0.5321345311513456 0 
712 0.02736353997608394 -0.1235531484745886 -0.5324126730948329 0 
713 0.02758747739235227 -0.1225103064801888 -0.5326190109142153 0 
714 0.02782484183180207 -0.1214740542993619 -0.5328068287745631 0 
715 0.02808165563690113 -0.1204457113578202 -0.5329214537037129 0 
716 0.02834477815426279 -0.1194258587918124 -0.5330342257072073 0 
717 0.02862345294247402 -0.1184149312226169 -0.5330839181141382 0 
718 0.02890203611544126 -0.1174322796858381 -0.5331125850459932 0 
719 0.02917389204146142 -0.1164854781400862 -0.5331319451689547 0 
720 0.02945217364930806 -0.1155386726805635 -0.5331270240755713 0 
721 0.02973541081166956 -0.1145902731715956 -0.5330856973295575 0 
722 0.03000174444278189 -0.1136684374717772 -0.5330272657757841 0 
723 0.03023176737961505 -0.1128004672495585 -0.5329655701741509 0 
724 0.03039684933310572 -0.1120701108743871 -0.5328586249283827 0 
725 0.03041774422962806 -0.1116214343398391 -0.5327732672323416 0 
726 0.06132321099388079 -0.1490128912520585 -0.487557682080523 0 
727 0.06135717526846486 -0.1492543303085181 -0.4879159810026236 0 
728 0.06141545257167389 -0.149587775878661 -0.4884265233769571 0 
729 0.06146144516842146 -0.1499796593896562 -0.4890558983209569 0 
730 0.06153090027562893 -0.1504247931111145 -0.489781515773182 0 
731 0.06160432538010875 -0.1509057067392102 -0.4905821464368395 0 
732 0.0616510089478904 -0.1514113708791769 -0.4914641082558694 0 
733 0.06171163929450479 -0.1519376552817442 -0.4924037739071924 0 
734 0.06177446085440458 -0.1524731930340321 -0.4934152850452426 0 
735 0.06182281398540594 -0.1530226520015945 -0.4944842985245786 0 
736 0.06187324156252183 -0.1535920998619846 -0.495623821285751 0 
737 0.06192253900285991 -0.154191267561002 -0.4968616190007491 0 
738 0.06195352209001088 -0.1547709546852533 -0.4981260337332427 0 
739 0.0619710293142955 -0.1553731996232336 -0.499481464284185 0 
740 0.06199092491682311 -0.1560406832493265 -0.500937117284087 0 
741 0.06196934057156694 -0.1566871203407051 -0.5024099062504903 0 
742 0.06191150871363016 -0.1574319962845195 -0.5039941154664612 0 
743 0.06178723822648768 -0.1581929454060203 -0.5056428006226504 0 
744 0.06164635129328844 -0.1589913605947291 -0.5074010329163683 0 
745 0.06139851781624937 -0.1596441743927768 -0.5090035549280656 0 
746 0.06108140507511439 -0.1602883947888812 -0.5106816712189939 0 
747 0.06071070625371466 -0.1607200419445055 -0.5121885952992968 0 
748 0.06026492150906883 -0.1611111829692409 -0.5136855069320954 0 
749 0.05974398099101754 -0.1614497597731726 -0.5152410458969363 0 
750 0.05912727311882213 -0.1616994314022996 -0.5168559982207599 0 
751 0.05841744634111035 -0.1618274430055828 -0.5185920451844604 0 
752 0.05789018114112015 -0.1619262402092095 -0.5203331261918919 0 
753 0.05729495916197377 -0.1618932678105031 -0.5221210983625068 0 
754 0.05696007277950374 -0.161789818126106 -0.5239430845378666 0 
755 0.05665891329548924 -0.1613703164846053 -0.5258058259724235 0 
756 0.05638948880373498 -0.1606545140887568 -0.5276271654296626 0 
757 0.05617468342392812 -0.1596531897788744 -0.5293354220108362 0 
758 0.05600247138066623 -0.158418140383662 -0.530899387032619 0 
759 0.05584563367920175 -0.157030393451329 -0.5323170420372308 0 
760 0.05569268817746168 -0.155534442823839 -0.5335925361861885 0 
761 0.0555311758253996 -0.153965044889372 -0.5347486878867249 0 
762 0.05534626125037621 -0.1523394573807174 -0.5357957009869694 0 
763 0.05512518359630249 -0.150684080766518 -0.5367644553498792 0 
764 0.05487082653590285 -0.1490074322941962 -0.5376674539737967 0 
765 0.05460146732827121 -0.1472963147634407 -0.5384666905604278 0 
766 0.05431179810112904 -0.1455628168284243 -0.5391822789788595 0 
767 0.05398844161320308 -0.1438261519679616 -0.5398413936882637 0 
768 0.05363763973332646 -0.1420810624128044 -0.5404353434189746 0 
769 0.05326905291434935 -0.1403202613735855 -0.5409508064364148 0 
770 0.05288877418955699 -0.1385437666038802 -0.5413702770331604 0 
771 0.05250579806195258 -0.1367558020384885 -0.5416670097746554 0 
772 0.05215827432118694 -0.1349481279918539 -0.5417746109329155 0 
773 0.05187931628285496 -0.1331540172782125 -0.5416385410866518 0 
774 0.0516346646165532 -0.1314126839373098 -0.541323227434294 0 
775 0.05144001173862962 -0.1297693130291113 -0.5407907655306896 0 
776 0.05126330186661518 -0.1282105439541558 -0.5401360820662805 0 
777 0.05107061415780734 -0.1267170641016448 -0.5394387192111516 0 
778 0.05085443093446151 -0.1252775589336327 -0.5387214899185725 0 
779 0.05060906740825238 -0.1238812256191785 -0.5380029628774838 0 
780 0.05031934745361524 -0.1225076144674852 -0.5373246180353104 0 
781 0.04999729978061782 -0.1211646377117283 -0.5366638158333511 0 
782 0.04962166921309605 -0.1198258893223779 -0.5360937508747359 0 
783 0.04920894657277943 -0.1185044883545387 -0.5355755757104254 0 
784 0.04875410676917782 -0.1171940480684923 -0.5351385173273363 0 
785 0.04827217935868659 -0.115906781631352 -0.534742640905168 0 
786 0.04775862550666348 -0.1146364219138079 -0.5344128553109299 0 
787 0.04722667435260496 -0.1133960393531426 -0.5340865890260695 0 
788 0.04667321659085021 -0.112178238051408 -0.5337939454361457 0 
789 0.04610261787584601 -0.1109928622656732 -0.5334800207864306 0 
790 0.0455114749600897 -0.1098288906022008 -0.5331858715250899 0 
791 0.0449019358757331 -0.1087006705438202 -0.5328446283123748 0 
792 0.04427087546258232 -0.1075973712321743 -0.5325045380250761 0 
793 0.04361775942750247 -0.1065417043074276 -0.5321051035311631 0 
794 0.04294147952514032 -0.1055112455606014 -0.5316978421506287 0 
795 0.04223906546613263 -0.1045403871121321 -0.5312191937337515 0 
796 0.04151192448393291 -0.1035911443251942 -0.5307280017837201 0 
797 0.04075890240023729 -0.1026969494059474 -0.5301721064990661 0 
798 0.039980292110737 -0.1018490823911631 -0.529567051980924 0 
799 0.03918221417990707 -0.1010346348953071 -0.5289347035183932 0 
800 0.03835797598410168 -0.1003616913741903 -0.5281457469493446 0 
801 0.03752877935151605 -0.09969806833170246 -0.5273425997574718 0 
802 0.06132321099388079 -0.1490128912520585 -0.487557682080523 0 
803 0.06171437358767219 -0.1488589570654999 -0.4873759947723619 0 
804 0.06227695833082722 -0.1486374206467294 -0.4871185844187531 0 
805 0.06291841226727413 -0.1483677155943955 -0.4868300972990647 0 
806 0.06365116301727347 -0.1480151213028518 -0.4864929214339641 0 
807 0.06444188670819372 -0.1476416928643531 -0.4861384437970901 0 
808 0.06525229052753273 -0.1471867892104168 -0.4857712685722443 0 
809 0.06611000782590709 -0.1467133508553946 -0.4854031535355671 0 
810 0.06699032057006654 -0.1461594548263068 -0.485022791563569 0 
811 0.06787870435974772 -0.1455782297626332 -0.4846396164656435 0 
812 0.06877736700579487 -0.1449403686746086 -0.4842410240867516 0 
813 0.0697038244737975 -0.1442522589577563 -0.4838560073974226 0 
814 0.07062425141907482 -0.1435385720550396 -0.4834773062490146 0 
815 0.07154786875085854 -0.1427712220431183 -0.4830959889394384 0 
816 0.07248675696569157 -0.1419707623052159 -0.4827187773022782 0 
817 0.07339228828782438 -0.1411176034421421 -0.4823531772527616 0 
818 0.07433778206381624 -0.1402181758637338 -0.4820013352701281 0 
819 0.0752562376044582 -0.1392785124981702 -0.4816628024828381 0 
820 0.07614605213108491 -0.138290194899452 -0.4813493500705583 0 
821 0.07707942156792763 -0.1372590503474515 -0.4810666473225484 0 
822 0.07796846419282807 -0.136150748007471 -0.4808127192457882 0 
823 0.07884383855956478 -0.1349944777300012 -0.4805818824017122 0 
824 0.07968977995024368 -0.1337654377644281 -0.4803714822024818 0 
825 0.08049504284459105 -0.13248928824024 -0.4802099204540735 0 
826 0.08128655883339729 -0.1311548788559992 -0.4801001218392492 0 
827 0.08200045103355971 -0.1297705015075795 -0.4800619908421376 0 
828 0.08269086298313144 -0.1283071451160452 -0.4800814594996083 0 
829 0.08329361625401627 -0.1268178007324526 -0.4801556971602707 0 
830 0.0838025282232758 -0.1252574948642693 -0.4803484806748474 0 
831 0.08423663561745365 -0.1236946105874806 -0.4806170242215748 0 
832 0.08459010771620878 -0.1221032244833042 -0.4809604508510944 0 
833 0.08483968886638563 -0.1204870188944672 -0.4813926421893867 0 
834 0.08496919112777435 -0.1189047340410054 -0.4818875714872963 0 
835 0.08497064791819714 -0.1173200150402763 -0.4824798378045791 0 
836 0.08486887945429129 -0.1157677004221891 -0.4831306277488439 0 
837 0.08467295396595596 -0.1142775236773476 -0.4838558206162058 0 
838 0.08434478586656019 -0.112854475103574 -0.4846355015593393 0 
839 0.08391419999937413 -0.1114540629109676 -0.4854208939825099 0 
840 0.08345520080030965 -0.1101481988481665 -0.4862004842281914 0 
841 0.08292522589543105 -0.1088546978337552 -0.4869762288837582 0 
842 0.08235466083062339 -0.1076174186281784 -0.4877539874342977 0 
843 0.08172379361786417 -0.1064280518563852 -0.4884890856659783 0 
844 0.0810743092187737 -0.1052653069031638 -0.4892199775309249 0 
845 0.08039820254053853 -0.1041396339085681 -0.4899226857329771 0 
846 0.07970964832856363 -0.1030633979280813 -0.4906039803643713 0 
847 0.07901828652069012 -0.1019962629041083 -0.4912614583987536 0 
848 0.07829184888860544 -0.1009261465529453 -0.4919200452891139 0 
849 0.07754108717025637 -0.09990249506923021 -0.492518284880101 0 
850 0.07679443717884929 -0.09890007963651924 -0.4931152003534833 0 
851 0.07599871668721506 -0.09792762249523843 -0.49367993058895 0 
852 0.0752003744795241 -0.09701758037998871 -0.4942174578111234 0 
853 0.07433471427915737 -0.09613335863207757 -0.4947385205005284 0 
854 0.07346728439724455 -0.09535768671781977 -0.4952209855976042 0 
855 0.07252030017088842 -0.09462570535268429 -0.4956805001292841 0 
856 0.07156372437501034 -0.09399173077173126 -0.4961023132779854 0 
857 0.07058370990850787 -0.09343068791155081 -0.4965077941250512 0 
858 0.06956139728475108 -0.09295793177701012 -0.4968812809906409 0 
859 0.06854588532851036 -0.09258639660266588 -0.4972101058263067 0 
860 0.06750868837023401 -0.09228921248398587 -0.4974950661409587 0 
861 0.06646505217435623 -0.09209257090238795 -0.4977107444343351 0 
862 0.06543158914436745 -0.09193390409839676 -0.4979193396155985 0 
863 0.0644354004044832 -0.09184349548469267 -0.4980826200693556 0 
864 0.0633943092321982 -0.09177960668415786 -0.4981825265184358 0 
865 0.06240537706314438 -0.09174851820852233 -0.4982157783744517 0 
866 0.06141614457466288 -0.09172662948088306 -0.4982261573920448 0 
867 0.06044000556974945 -0.09171137942286227 -0.4982297252661123 0 
868 0.05947250374467498 -0.09170329387393816 -0.498169710150986 0 
869 0.05846746108088643 -0.09169327970220528 -0.4980609509591947 0 
870 0.05750609824599498 -0.09167899347321554 -0.4979141393690524 0 
871 0.05652082021496104 -0.09166631064197155 -0.4977489651682661 0 
872 0.06132321099388079 -0.1490128912520585 -0.487557682080523 0 
873 0.06089978097814656 -0.1489152501017701 -0.4873751519034615 0 
874 0.06030157184797733 -0.1487627471454044 -0.4871032070933294 0 
875 0.05959789055051357 -0.1485921880051984 -0.4867957003085666 0 
876 0.05879854252524738 -0.1483999376916201 -0.4864563603466493 0 
877 0.05798216727212421 -0.1481824178495049 -0.4860649132787825 0 
878 0.05711249331946566 -0.1479710448584381 -0.4856733107083409 0 
879 0.05623495419829558 -0.147746963901513 -0.4852671769868095 0 
880 0.05533182133405277 -0.1474904277652373 -0.4848265452811958 0 
881 0.05441993436380274 -0.1472567906247407 -0.4843867317299666 0 
882 0.05347401222870015 -0.1470096377454745 -0.4839432387106104 0 
883 0.05252454256306846 -0.1467346592017621 -0.4834922090810566 0 
884 0.05158253870696951 -0.1464564593157251 -0.4830450998802613 0 
885 0.05048248683539371 -0.1460906772428241 -0.4824702226055287 0 
886 0.04938470323007842 -0.1457007697833871 -0.4819055850396664 0 
887 0.04815396583913002 -0.1452034207776766 -0.481234289540329 0 
888 0.04712557159952947 -0.1447686200656679 -0.4806839971073781 0 
889 0.04610273377496039 -0.1442986848200995 -0.4801596364788514 0 
1 0.02771811636645158 -0.1177820404833641 -0.5335647892283308 0.06533569264101666 -0.09171084814311246 -0.4904604658449675 0 2 1 -61 
2 0.06109530059549 -0.09285007374389209 -0.4904604658449675 0.06533569264101666 -0.09272027027360967 -0.4884851988241422 0 2 62 -70 
3 0.03266055808881547 -0.1524555174015415 -0.534006640518671 0.07203213966288211 -0.09285007374389209 -0.4744424350411819 0 2 71 -207 
4 0.04584949830723754 -0.145517047777629 -0.5320181937314786 0.1001592672319908 -0.09297165405310211 -0.5097098967259388 0 2 208 -263 
5 0.03358849883079999 -0.1615662082027705 -0.513283529475039 0.09560460464358528 -0.145517047777629 -0.500301539898 0 2 264 -295 
6 0.05402205768402513 -0.1476139200482545 -0.5097098967259388 0.09560460464358528 -0.1343019270010047 -0.4724818674595385 0 2 296 -333 
7 0.03017778060003831 -0.1116214343398391 -0.5327732672323416 0.03041774422962806 -0.1115155964787728 -0.5326892867043026 0 2 334 -335 
8 0.0267358598634383 -0.1480035987134519 -0.5327732672323416 0.06388655350700485 -0.09118570085875202 -0.4723476382976886 0 2 336 -530 
9 0.0267358598634383 -0.1480035987134519 -0.5327732672323416 0.06388655350700485 -0.09118570085875202 -0.4723476382976885 0 2 531 -725 
10 0.03752877935151605 -0.1618274430055828 -0.5402455875237462 0.06183235326002848 -0.09969806833170246 -0.487557682080523 0 2 726 -801 
11 0.05652082021496104 -0.1490128912520585 -0.4981230852783979 0.08476923769507315 -0.09166631064197155 -0.4802099204540735 0 2 802 -871 
12 0.04610273377496039 -0.1490128912520585 -0.487557682080523 0.06132321099388079 -0.1442986848200995 -0.4801596364788514 0 2 872 -889 
$EndEntities
$Nodes
901 973 1 973
0 1 0 1
1
0.06533569264101666 -0.09285007374389209 -0.4904604658449675
0 2 0 1
2
0.06532839724482981 -0.09274878742563245 -0.49089771311689
0 3 0 1
3
0.06532076307586231 -0.09260438480109423 -0.4915292797859791
0 4 0 1
4
0.06524735609519171 -0.0924765291036046 -0.4922524085249166
0 5 0 1
5
0.06517524040518574 -0.09233582330294196 -0.4930937404178543
0 6 0 1
6
0.06509174089567701 -0.09219797972433832 -0.4940106239888727
0 7 0 1
7
0.06496135801918293 -0.09209249117905317 -0.4949387466110032
0 8 0 1
8
0.06480597312090072 -0.09197521444655414 -0.4959571008480085
0 9 0 1
9
0.06463386290204588 -0.09191128314137384 -0.4969841082426572
0 10 0 1
10
0.0644354004044832 -0.09184349548469267 -0.4980826200693556
0 11 0 1
11
0.06418497155211016 -0.09180059714946252 -0.4991489385557225
0 12 0 1
12
0.06394406230174923 -0.09176565091315318 -0.5003041480497715
0 13 0 1
13
0.06363014564025461 -0.09173446975049644 -0.5014362731419565
0 14 0 1
14
0.06338414683992252 -0.09170880319017008 -0.5026156438684333
0 15 0 1
15
0.06309358586203549 -0.09172485473350682 -0.5038201281013437
0 16 0 1
16
0.06280964072876354 -0.09174672023010354 -0.5050773139485073
0 17 0 1
17
0.06249147312815034 -0.09176447567061441 -0.5063491505752832
0 18 0 1
18
0.06213427716360727 -0.09183342244631486 -0.5076275626678675
0 19 0 1
19
0.06174154797733446 -0.09192985804410621 -0.5089120902414507
0 20 0 1
20
0.06130916299558344 -0.09208630902002743 -0.5101913882984331
0 21 0 1
21
0.06084341445188479 -0.09226855718421509 -0.5114674169524589
0 22 0 1
22
0.06033749237085956 -0.09252889720553222 -0.5127214355127258
0 23 0 1
23
0.0598026744358953 -0.09281222097854895 -0.5139660684720181
0 24 0 1
24
0.05923142480375932 -0.09316227813939885 -0.5151787673612487
0 25 0 1
25
0.05863158607152451 -0.09354661920311058 -0.5163689182736503
0 26 0 1
26
0.0580013616845183 -0.09398995970345532 -0.5175232707741789
0 27 0 1
27
0.05734867980578297 -0.09445420187849521 -0.5186537003035971
0 28 0 1
28
0.05666993980752181 -0.09496428323539392 -0.5197475254219058
0 29 0 1
29
0.05596950720146106 -0.09550440665037493 -0.5208100233699491
0 30 0 1
30
0.05524692535864568 -0.09608951203702903 -0.5218287973025438
0 31 0 1
31
0.05450456164023774 -0.09670541091235006 -0.5228119103665144
0 32 0 1
32
0.05374423976687501 -0.09733514993444312 -0.5237709622551325
0 33 0 1
33
0.05296610895780741 -0.09799594991277095 -0.5246910262976013
0 34 0 1
34
0.05217176805214655 -0.09867174890007706 -0.5255832615137638
0 35 0 1
35
0.05136196503167329 -0.09937493842564173 -0.5264351059760438
0 36 0 1
36
0.05053829843824793 -0.1000987023409659 -0.5272505000547452
0 37 0 1
37
0.04970241336755427 -0.1008346821536912 -0.5280341039280768
0 38 0 1
38
0.04885561733297605 -0.1015900216344682 -0.5287771427044948
0 39 0 1
39
0.04799952539478578 -0.1023507883238019 -0.5294908496398484
0 40 0 1
40
0.04713342789290381 -0.103154381464099 -0.5301306804551108
0 41 0 1
41
0.04626159145084217 -0.1039602656513779 -0.5307393655329394
0 42 0 1
42
0.04538202354635524 -0.1048162112846829 -0.5312449883459058
0 43 0 1
43
0.04450108024032045 -0.1056640927590855 -0.5317264991037235
0 44 0 1
44
0.04361775942750247 -0.1065417043074276 -0.5321051035311631
0 45 0 1
45
0.0427358305462464 -0.1074135057991183 -0.5324386136580738
0 46 0 1
46
0.04185713746554793 -0.1082780327264194 -0.5327202569863874
0 47 0 1
47
0.04098154488456245 -0.1091368420851754 -0.532917631220264
0 48 0 1
48
0.04011023246464324 -0.1099708739803288 -0.5331011341444084
0 49 0 1
49
0.0392423277430721 -0.1107817810922954 -0.5332489454371823
0 50 0 1
50
0.0383767841932728 -0.111567864130324 -0.5333578663815861
0 51 0 1
51
0.03751193891365153 -0.1123243655623956 -0.5334270551630573
0 52 0 1
52
0.03664470914176588 -0.1130450994862643 -0.5334908870889661
0 53 0 1
53
0.03577208666316973 -0.1137290375318668 -0.53352873298071
0 54 0 1
54
0.03488878157430956 -0.1143723585057802 -0.5335610825305434
0 55 0 1
55
0.03398871856072633 -0.1149757954756281 -0.5335638733797087
0 56 0 1
56
0.03306317099255075 -0.1155386987645063 -0.533550818432435
0 57 0 1
57
0.0321009075326775 -0.11606346284871 -0.533519168706203
0 58 0 1
58
0.03109419822380456 -0.1165550087181327 -0.5334328070200238
0 59 0 1
59
0.03002971211719195 -0.1170135908514997 -0.5333006282162917
0 60 0 1
60
0.02890203611544126 -0.1174322796858381 -0.5331125850459932
0 61 0 1
61
0.02771811636645158 -0.1177820404833641 -0.5328566320084679
0 62 0 1
62
0.06533569264101666 -0.09285007374389209 -0.4904604658449675
0 63 0 1
63
0.06505544542500569 -0.09282764693029152 -0.4903101436368217
0 64 0 1
64
0.06464536999763401 -0.09279440616723023 -0.4901086822328685
0 65 0 1
65
0.06415364267663805 -0.0927538997924324 -0.4898945645507369
0 66 0 1
66
0.06360543475248304 -0.09272120208260363 -0.4896452872144273
0 67 0 1
67
0.06303006801701094 -0.09272509885070626 -0.4893515222771394
0 68 0 1
68
0.06241380792985838 -0.09273179856194083 -0.4890635800331013
0 69 0 1
69
0.06176384185609605 -0.09274279510941648 -0.4887971472455651
0 70 0 1
70
0.06109530059549 -0.09277699103302579 -0.4884851988241422
0 71 0 1
71
0.06533569264101666 -0.09285007374389209 -0.4904604658449675
0 72 0 1
72
0.06562323525321448 -0.09297378687575236 -0.4901735407811908
0 73 0 1
73
0.06605294547648127 -0.09318096191080877 -0.489755327753461
0 74 0 1
74
0.06652556861181252 -0.0934853965940784 -0.4892428033447883
0 75 0 1
75
0.06703266536071861 -0.09382727153040599 -0.4886794296579788
0 76 0 1
76
0.06758539200962844 -0.09420899907223441 -0.4880827141424821
0 77 0 1
77
0.06810421627245722 -0.09470474751851865 -0.4874313588912169
0 78 0 1
78
0.06865214713048017 -0.09522013533822797 -0.4867779020532679
0 79 0 1
79
0.06916558629274902 -0.09581202597823574 -0.4860996887167013
0 80 0 1
80
0.0696821976938154 -0.09646432517533451 -0.4854090262144827
0 81 0 1
81
0.07015125448188284 -0.09715311528056234 -0.484709998119754
0 82 0 1
82
0.07062115825507266 -0.09792780747679261 -0.4840086423313112
0 83 0 1
83
0.07101984422666718 -0.09874459328988133 -0.4832977111298826
0 84 0 1
84
0.07141125207890305 -0.09961148236175275 -0.4825970644249756
0 85 0 1
85
0.07172142458662734 -0.1005520299979083 -0.4819488673269984
0 86 0 1
86
0.07200216506321522 -0.1015229577995194 -0.4812993254084498
0 87 0 1
87
0.07225843725033589 -0.1025219435632962 -0.4806507206761703
0 88 0 1
88
0.07243709675309754 -0.1035865565756583 -0.4800669843165309
0 89 0 1
89
0.07260134984086612 -0.1046848530667592 -0.4794831842006274
0 90 0 1
90
0.07269971683774926 -0.1058096429505187 -0.4789542526947398
0 91 0 1
91
0.07277325035317056 -0.1069609474903818 -0.4784151780416922
0 92 0 1
92
0.07281724529872366 -0.1081172177161572 -0.4779211462139354
0 93 0 1
93
0.07279459421193919 -0.1093143649397642 -0.4774368666856702
0 94 0 1
94
0.07278244113291679 -0.1105501078075962 -0.4769549860072374
0 95 0 1
95
0.07271299768306549 -0.1117639284181105 -0.4765384495409382
0 96 0 1
96
0.07260028838834048 -0.1130383363394921 -0.4761047226781944
0 97 0 1
97
0.07244916702302104 -0.1142840103049813 -0.4757307080585029
0 98 0 1
98
0.07226157948347658 -0.1155644259886412 -0.475366437020036
0 99 0 1
99
0.0720296979936125 -0.1168409103001406 -0.4750440160244938
0 100 0 1
100
0.07177136991866537 -0.1181065557638842 -0.47475538929366
0 101 0 1
101
0.07146767170501844 -0.1194028928306602 -0.4744934849901745
0 102 0 1
102
0.071140647108993 -0.1206388001368206 -0.4742808169569744
0 103 0 1
103
0.0707735111821463 -0.121935866722385 -0.4740931927947155
0 104 0 1
104
0.07038863104610442 -0.1231395049417463 -0.473955716373696
0 105 0 1
105
0.06994766488728056 -0.1243932439396086 -0.4738494896781689
0 106 0 1
106
0.06950391396060476 -0.1255874943928224 -0.4737812458692642
0 107 0 1
107
0.06905035158042343 -0.1267749391239728 -0.4737543164012033
0 108 0 1
108
0.0685392546493883 -0.1279340823977615 -0.4737804291840363
0 109 0 1
109
0.06805056986789304 -0.1290650440116008 -0.4738202351466
0 110 0 1
110
0.06750153212590565 -0.1301634501241314 -0.4739208337163235
0 111 0 1
111
0.06697749662139633 -0.1312499163639612 -0.4740319926176411
0 112 0 1
112
0.06640951736888828 -0.1322850050282444 -0.4741949557625442
0 113 0 1
113
0.06586436365721035 -0.1333324696569591 -0.4743844026618649
0 114 0 1
114
0.06525511712700219 -0.1343239061472088 -0.4746028886733897
0 115 0 1
115
0.0646889544850688 -0.1353037101854444 -0.474839715960508
0 116 0 1
116
0.06408588999728178 -0.136243017402184 -0.475109055205992
0 117 0 1
117
0.06346373096789916 -0.1371693150120873 -0.475430315455675
0 118 0 1
118
0.06285610579505706 -0.1380536403815681 -0.4757645059186095
0 119 0 1
119
0.06220741879250487 -0.1389107260135746 -0.4761571364779768
0 120 0 1
120
0.06160173117660669 -0.1397115179825649 -0.476573206467343
0 121 0 1
121
0.06096117538238014 -0.1404633537603457 -0.4770546762090895
0 122 0 1
122
0.06035474978015323 -0.1412049554322194 -0.4775683134524328
0 123 0 1
123
0.05973650662199241 -0.1418787893170119 -0.4781243821869721
0 124 0 1
124
0.05913591948531686 -0.1425633150575535 -0.4787301072156772
0 125 0 1
125
0.0585199830781243 -0.1432114650206807 -0.4793798902586469
0 126 0 1
126
0.05794527697798892 -0.1438376746066559 -0.4800475215194533
0 127 0 1
127
0.05733142478942384 -0.1444431043441088 -0.480739635801494
0 128 0 1
128
0.05674779921977991 -0.1450391258967989 -0.4814451631784655
0 129 0 1
129
0.05614284311407585 -0.1455994117821743 -0.4821515413471478
0 130 0 1
130
0.05556943830336952 -0.1461798639482658 -0.4828898186089525
0 131 0 1
131
0.054976569765192 -0.1467207538548031 -0.483633073091316
0 132 0 1
132
0.05441993436380274 -0.1472567906247407 -0.4843867317299666
0 133 0 1
133
0.05384570166935706 -0.147773750723378 -0.4851714347236885
0 134 0 1
134
0.05330104127297465 -0.1482653274890758 -0.4859609415506825
0 135 0 1
135
0.0527423070515528 -0.1487542031906929 -0.4867846257582666
0 136 0 1
136
0.05220797814669819 -0.1491928776906317 -0.487615877603774
0 137 0 1
137
0.05168756267094258 -0.1496209000325928 -0.488491880025789
0 138 0 1
138
0.05116585197482891 -0.1500349941546688 -0.4894100283866875
0 139 0 1
139
0.05067283600574038 -0.1504143604794426 -0.4903306248609364
0 140 0 1
140
0.05014738542490649 -0.1507776879679285 -0.4912934302102606
0 141 0 1
141
0.04964456709437426 -0.1511097194580793 -0.4922566554531132
0 142 0 1
142
0.0491388846455007 -0.1514313647190059 -0.4932542507236717
0 143 0 1
143
0.04862262413940868 -0.1517246106972293 -0.4942832309419973
0 144 0 1
144
0.04813975862299906 -0.1519826728795817 -0.4953194987230912
0 145 0 1
145
0.04763623143899905 -0.1522030509225697 -0.4963867219040818
0 146 0 1
146
0.04715321201200889 -0.1523692885720128 -0.4974848187563707
0 147 0 1
147
0.04669114407286098 -0.1525090004970386 -0.4986172488415341
0 148 0 1
148
0.04622391922281845 -0.1525443832597783 -0.4997858876819524
0 149 0 1
149
0.04576680639908259 -0.15251500321216 -0.5009805928954808
0 150 0 1
150
0.04531769304901788 -0.1524247811485387 -0.5021998791690743
0 151 0 1
151
0.0448685796998572 -0.1522254092577506 -0.5033862428245991
0 152 0 1
152
0.04439745432004851 -0.1519922373791234 -0.5045815753338297
0 153 0 1
153
0.04395499436383202 -0.1517014492582277 -0.5057210332192726
0 154 0 1
154
0.04347896794348648 -0.1513445441334202 -0.5068934542519781
0 155 0 1
155
0.04301556250729444 -0.1509782094371883 -0.5080559943942961
0 156 0 1
156
0.04250236716169495 -0.1505620899600911 -0.5092340816988711
0 157 0 1
157
0.04197631494237114 -0.1501513092790675 -0.5104466383324333
0 158 0 1
158
0.04161374431745227 -0.1498395066648618 -0.5115745698913728
0 159 0 1
159
0.04122339803501301 -0.149517699153941 -0.5127032371720138
0 160 0 1
160
0.04097978893897592 -0.1492777906076729 -0.5137420494889621
0 161 0 1
161
0.04072073180822813 -0.1490188750582814 -0.5147854412083465
0 162 0 1
162
0.04042945784430639 -0.1487653748990754 -0.5158338836700738
0 163 0 1
163
0.04014863695866489 -0.1484418037263283 -0.5168794943035715
0 164 0 1
164
0.03984866377187999 -0.1481000259622103 -0.5179261522709505
0 165 0 1
165
0.03958669016792547 -0.1476476068774936 -0.5189570651304756
0 166 0 1
166
0.03928621634905116 -0.1472026326766269 -0.5199912360587944
0 167 0 1
167
0.03905329984422357 -0.1466182989056712 -0.5209933315017435
0 168 0 1
168
0.03879611968495312 -0.1460207258519775 -0.5219946504421782
0 169 0 1
169
0.03862059573389885 -0.1452906831679771 -0.5229253888576293
0 170 0 1
170
0.03842746280194057 -0.1445413125095758 -0.5238508053166535
0 171 0 1
171
0.03826365252146263 -0.1437255783347318 -0.5247354023775165
0 172 0 1
172
0.0380879050336484 -0.142887950277188 -0.5256063293826945
0 173 0 1
173
0.03792852147733164 -0.1420029301557333 -0.5264391506642404
0 174 0 1
174
0.03778677442577388 -0.1410730441777734 -0.5272305758135816
0 175 0 1
175
0.03763090444694274 -0.1401311320219169 -0.5280081417462344
0 176 0 1
176
0.03749143035408008 -0.1391504101723403 -0.5287399936957147
0 177 0 1
177
0.037342545974399 -0.1381604225338275 -0.5294527491823305
0 178 0 1
178
0.03720398300930287 -0.1371443892023531 -0.5301238847655482
0 179 0 1
179
0.0370607300518876 -0.1361215964691055 -0.5307732288562725
0 180 0 1
180
0.03694392919217999 -0.135064695563275 -0.5313566653534474
0 181 0 1
181
0.03683188764268616 -0.1339967078372399 -0.5319041984743432
0 182 0 1
182
0.03673142204043652 -0.1329124465763067 -0.5324063721421661
0 183 0 1
183
0.03665381441476673 -0.1318064043307121 -0.5328394133726797
0 184 0 1
184
0.03660394307580556 -0.1306736324346648 -0.5331876452014596
0 185 0 1
185
0.03655303697128135 -0.1295380735176709 -0.5335115743978469
0 186 0 1
186
0.03653795370298921 -0.1283717079454693 -0.5337092672598117
0 187 0 1
187
0.03652044895882117 -0.1272084413690314 -0.5338855436217097
0 188 0 1
188
0.03651673888165112 -0.1260365085128884 -0.533977694986618
0 189 0 1
189
0.03650787873315908 -0.1248686785128405 -0.5340520513455288
0 190 0 1
190
0.03650261001547957 -0.1237022455982058 -0.5340539615104729
0 191 0 1
191
0.03648721500673339 -0.122543129259705 -0.534047711637485
0 192 0 1
192
0.03646474433852889 -0.1213920088625122 -0.5340015374900737
0 193 0 1
193
0.03642749048709117 -0.1202502374844313 -0.5339609788173678
0 194 0 1
194
0.03637607668912664 -0.1191211894873725 -0.5338950283875313
0 195 0 1
195
0.03630571846037971 -0.1180056387722961 -0.5338316687265129
0 196 0 1
196
0.03621379599973807 -0.1169061366935191 -0.5337656348399943
0 197 0 1
197
0.03609682509826075 -0.1158249975502587 -0.5336979545109088
0 198 0 1
198
0.03595107525849457 -0.1147653462838365 -0.5336178313260747
0 199 0 1
199
0.03577208666316973 -0.1137290375318668 -0.53352873298071
0 200 0 1
200
0.03555520144029858 -0.1127185693011048 -0.5334247507723403
0 201 0 1
201
0.03529493441865517 -0.1117348165692344 -0.5333134539870493
0 202 0 1
202
0.03498908452545174 -0.1107831924491606 -0.5331467896197785
0 203 0 1
203
0.03463046061842193 -0.109856373985631 -0.532974537334349
0 204 0 1
204
0.03421756936015918 -0.1089593795982967 -0.5327410577490886
0 205 0 1
205
0.03375144841158613 -0.1080895856262257 -0.5324479539200083
0 206 0 1
206
0.03322717824770588 -0.1072278806990807 -0.5321274125873627
0 207 0 1
207
0.03266055808881547 -0.1063971267408604 -0.5316739798762304
0 208 0 1
208
0.09560460464358528 -0.145517047777629 -0.5097098967259388
0 209 0 1
209
0.09611881640526941 -0.1448908582012621 -0.5096468897455646
0 210 0 1
210
0.09674437802446675 -0.1440596407388807 -0.5096920051675317
0 211 0 1
211
0.09743302535907294 -0.1431201074224151 -0.5098973568782638
0 212 0 1
212
0.09818597570723056 -0.1420634705147818 -0.51022026005832
0 213 0 1
213
0.09887203500347451 -0.1411183406695311 -0.5107663218123404
0 214 0 1
214
0.09940991888805005 -0.140213850242763 -0.511496508342705
0 215 0 1
215
0.09995958275956263 -0.1392278778665151 -0.5123452659452985
0 216 0 1
216
0.1002860263740143 -0.1384096528807091 -0.5134381211375186
0 217 0 1
217
0.100498772412502 -0.1375942696809941 -0.5146503080748982
0 218 0 1
218
0.1005427218227605 -0.1367540716874576 -0.5159354439456757
0 219 0 1
219
0.1004503786184718 -0.1358850364841404 -0.5172758558035262
0 220 0 1
220
0.1002258043666313 -0.1349793220100067 -0.5186593338673269
0 221 0 1
221
0.09988356702944177 -0.1340114889210542 -0.520058459088518
0 222 0 1
222
0.0994576592429911 -0.1329733596976373 -0.5214663186446872
0 223 0 1
223
0.09891883682126942 -0.1318502956871164 -0.5228437204677564
0 224 0 1
224
0.09834392604504746 -0.1306488292741108 -0.5242300305403148
0 225 0 1
225
0.09765293356759912 -0.1293603016695166 -0.5255716523102564
0 226 0 1
226
0.09688341367464591 -0.1279785177892613 -0.5268722728080759
0 227 0 1
227
0.09602329607362976 -0.1265154738245241 -0.5281209979323408
0 228 0 1
228
0.09502986590061074 -0.1249574514469532 -0.5292629317068922
0 229 0 1
229
0.09387602933367201 -0.1233265987767341 -0.5302742335100994
0 230 0 1
230
0.09253977725621783 -0.121673991470921 -0.531045961256562
0 231 0 1
231
0.09102672658668386 -0.1200584404280469 -0.5315905001692988
0 232 0 1
232
0.08940741451400665 -0.1184913776602775 -0.5319341895507383
0 233 0 1
233
0.08771165927957288 -0.1170029568355975 -0.532061818925407
0 234 0 1
234
0.08595556668772233 -0.1156420557782056 -0.5319623450493637
0 235 0 1
235
0.08418672729700458 -0.1143739361647487 -0.5317226803940288
0 236 0 1
236
0.08244210752685892 -0.1131532464083883 -0.5314123226076373
0 237 0 1
237
0.08072334144872144 -0.1119861558602801 -0.531031104326828
0 238 0 1
238
0.07905291545116348 -0.1108264469720227 -0.530644405680977
0 239 0 1
239
0.07742088468511742 -0.1096953362417069 -0.530229757469791
0 240 0 1
240
0.07583668567728323 -0.1085675893811951 -0.5298228440574411
0 241 0 1
241
0.07428725573271198 -0.1074708815722806 -0.5293933150009285
0 242 0 1
242
0.0727799250839609 -0.1063825805836637 -0.528971096952484
0 243 0 1
243
0.07129889863386626 -0.1053339728071657 -0.5285212516566269
0 244 0 1
244
0.06984502945439973 -0.1043235328552344 -0.5280539262415944
0 245 0 1
245
0.06842114965026795 -0.1033377836432287 -0.5275823483754161
0 246 0 1
246
0.06701582990662619 -0.1024026151210972 -0.5270822221337179
0 247 0 1
247
0.06562931233795177 -0.1015253805725411 -0.5265491117567374
0 248 0 1
248
0.06426383734845427 -0.1006920377144969 -0.5260031305386595
0 249 0 1
249
0.06292273627817219 -0.09988988682674289 -0.5254522890514717
0 250 0 1
250
0.06159510782671151 -0.09915191315341652 -0.5248710088072797
0 251 0 1
251
0.06028711114073987 -0.09846142775421472 -0.5242759125496714
0 252 0 1
252
0.05899970314194028 -0.09780586148690987 -0.5236767181767126
0 253 0 1
253
0.05772899356705196 -0.09721771878986007 -0.5230522185528015
0 254 0 1
254
0.0564794589455804 -0.09664011611281323 -0.5224403813203369
0 255 0 1
255
0.05524692535864568 -0.09608951203702903 -0.5218287973025438
0 256 0 1
256
0.05403073163139673 -0.0955608746730689 -0.5212186143912484
0 257 0 1
257
0.05282723882815045 -0.09506801350659708 -0.5206025148850636
0 258 0 1
258
0.05163587947353593 -0.0946098024994587 -0.5199773988664036
0 259 0 1
259
0.05045590169862079 -0.09418037863479564 -0.519347389432413
0 260 0 1
260
0.04928630360775394 -0.09381158308687207 -0.5186915175070682
0 261 0 1
261
0.04812758298588439 -0.09347386522837993 -0.5180265893293033
0 262 0 1
262
0.04698212047621349 -0.09319999738107801 -0.517336524424173
0 263 0 1
263
0.04584949830723754 -0.09297165405310211 -0.5166267433176911
0 264 0 1
264
0.09560460464358528 -0.145517047777629 -0.5097098967259388
0 265 0 1
265
0.09525315368606166 -0.1460379300391305 -0.5103421994002699
0 266 0 1
266
0.0946381642032174 -0.1468065671062115 -0.5111122583713167
0 267 0 1
267
0.09376298368808042 -0.147762346242503 -0.511960802916972
0 268 0 1
268
0.09229511683942901 -0.1491505729158552 -0.5127232303618889
0 269 0 1
269
0.08973129818380708 -0.151438695203407 -0.5130577164049275
0 270 0 1
270
0.08682359696095827 -0.153823451808859 -0.5132376611420025
0 271 0 1
271
0.08377139667512287 -0.1561525645820595 -0.5132813202614919
0 272 0 1
272
0.08062099308118539 -0.1583077751471317 -0.513181174290851
0 273 0 1
273
0.07731713982205826 -0.160130096862869 -0.5129235722695832
0 274 0 1
274
0.07383724684808128 -0.1613417813779374 -0.5125533438076501
0 275 0 1
275
0.07031859260489164 -0.1617792959892959 -0.5121596454174487
0 276 0 1
276
0.06698329742459716 -0.1616432576398072 -0.5117172203063666
0 277 0 1
277
0.06388798511806183 -0.1611156870098606 -0.5112305915102572
0 278 0 1
278
0.06108140507511439 -0.1602883947888812 -0.5106816712189939
0 279 0 1
279
0.05859305192166686 -0.159243477875576 -0.5101191257821045
0 280 0 1
280
0.05636808951224575 -0.1580992789247956 -0.5095400846294587
0 281 0 1
281
0.05433420801026676 -0.157013816148641 -0.5088891744395514
0 282 0 1
282
0.05245401294689929 -0.1559698294006918 -0.5081797636209071
0 283 0 1
283
0.05069374441093513 -0.1550051838337265 -0.507482693175584
0 284 0 1
284
0.049017990597695 -0.1541305272247852 -0.5067791055499362
0 285 0 1
285
0.04743363704416261 -0.1533209976236131 -0.5060339967765197
0 286 0 1
286
0.0458933122444076 -0.1526076640901315 -0.5052889234529998
0 287 0 1
287
0.04439745432004851 -0.1519922373791234 -0.5045815753338297
0 288 0 1
288
0.04295839056185091 -0.1514514460199208 -0.5038442139381482
0 289 0 1
289
0.04153548794160843 -0.1509503068671936 -0.5031154109896455
0 290 0 1
290
0.04014587324813713 -0.1505090373325363 -0.502397834916158
0 291 0 1
291
0.03879730143677282 -0.1501198637212793 -0.5016573700938897
0 292 0 1
292
0.03747242703938073 -0.1497402500924675 -0.5009384478860545
0 293 0 1
293
0.0362508323514666 -0.1493953528536726 -0.5002876089604078
0 294 0 1
294
0.03518617848295601 -0.1491136677014032 -0.4997584281574395
0 295 0 1
295
0.03358849883079999 -0.148675516248 -0.500301539898
0 296 0 1
296
0.09560460464358528 -0.145517047777629 -0.5097098967259388
0 297 0 1
297
0.09501407619882896 -0.1460058965781604 -0.5085930109733607
0 298 0 1
298
0.09416570893965961 -0.1464875185063011 -0.5071679045434457
0 299 0 1
299
0.09283999622193211 -0.147148916147077 -0.5052490316709365
0 300 0 1
300
0.09148886974185336 -0.1475795961203117 -0.503371576765432
0 301 0 1
301
0.09012465115011287 -0.1477927719365698 -0.5015626303932801
0 302 0 1
302
0.08874386129326473 -0.1478072554202884 -0.4998570404594639
0 303 0 1
303
0.08738350335126543 -0.1476670588742678 -0.4982369896286442
0 304 0 1
304
0.08605335798928816 -0.147410220741345 -0.4966977944913392
0 305 0 1
305
0.08476182023297904 -0.1470543318565412 -0.4952440171974447
0 306 0 1
306
0.08351422093031349 -0.1466426842819826 -0.4938733707863704
0 307 0 1
307
0.08229965480981277 -0.1461965838825995 -0.4925712837273286
0 308 0 1
308
0.08111568913289666 -0.1457221563016554 -0.4913212544512806
0 309 0 1
309
0.07996398075656547 -0.1452237202441379 -0.4901182144287897
0 310 0 1
310
0.07885278666776992 -0.1447306819948637 -0.4889696814380509
0 311 0 1
311
0.07775567968989518 -0.144256445079673 -0.4878444102932598
0 312 0 1
312
0.07668555891104828 -0.1437756515136347 -0.4867418516852972
0 313 0 1
313
0.07563125718593255 -0.1433182674420662 -0.4856923846601598
0 314 0 1
314
0.0745628369783528 -0.1428642869010659 -0.4846504806828797
0 315 0 1
315
0.07352418926026255 -0.1424203672543084 -0.4836725357932641
0 316 0 1
316
0.07248675696569157 -0.1419707623052159 -0.4827187773022782
0 317 0 1
317
0.07142453265000112 -0.1415288093279894 -0.4818066867017602
0 318 0 1
318
0.07036201587762597 -0.1410707894629759 -0.4809226726771717
0 319 0 1
319
0.06930656362023768 -0.140659206892846 -0.4800910292625998
0 320 0 1
320
0.06826022375914347 -0.1402225754794917 -0.4792795118419763
0 321 0 1
321
0.06716906330616351 -0.1397878295307913 -0.4785005076789189
0 322 0 1
322
0.06609507236440126 -0.1393651413088298 -0.4777682319047222
0 323 0 1
323
0.06502670658502138 -0.138933918432786 -0.4770615659220867
0 324 0 1
324
0.06394519728588406 -0.1385084937881776 -0.4763762573758096
0 325 0 1
325
0.06285610579505706 -0.1380536403815681 -0.4757645059186095
0 326 0 1
326
0.06174265636808048 -0.1376061008036047 -0.4752087722896214
0 327 0 1
327
0.06064235682949606 -0.137111478174546 -0.4746770028351319
0 328 0 1
328
0.059593600802021 -0.1366305749893164 -0.4741883723958908
0 329 0 1
329
0.05842014591216393 -0.1361340384315427 -0.4737600448968608
0 330 0 1
330
0.0572701505228185 -0.1356463916433519 -0.4733534239721876
0 331 0 1
331
0.05602042007416116 -0.1351099472224346 -0.4729729184796517
0 332 0 1
332
0.05502185920978139 -0.1347122493318857 -0.4727067884816256
0 333 0 1
333
0.05402205768402513 -0.1343019270010047 -0.4724818674595385
0 334 0 1
334
0.03041774422962806 -0.1116214343398391 -0.5327732672323416
0 335 0 1
335
0.03017778060003831 -0.1115155964787728 -0.5326892867043026
0 336 0 1
336
0.03041774422962806 -0.1116214343398391 -0.5327732672323416
0 337 0 1
337
0.03039684933310572 -0.1120701108743871 -0.5328586249283827
0 338 0 1
338
0.03023176737961505 -0.1128004672495585 -0.5329655701741509
0 339 0 1
339
0.03000174444278189 -0.1136684374717772 -0.5330272657757841
0 340 0 1
340
0.02973541081166956 -0.1145902731715956 -0.5330856973295575
0 341 0 1
341
0.02945217364930806 -0.1155386726805635 -0.5331270240755713
0 342 0 1
342
0.02917389204146142 -0.1164854781400862 -0.5331319451689547
0 343 0 1
343
0.02890203611544126 -0.1174322796858381 -0.5331125850459932
0 344 0 1
344
0.02862345294247402 -0.1184149312226169 -0.5330839181141382
0 345 0 1
345
0.02834477815426279 -0.1194258587918124 -0.5330342257072073
0 346 0 1
346
0.02808165563690113 -0.1204457113578202 -0.5329214537037129
0 347 0 1
347
0.02782484183180207 -0.1214740542993619 -0.5328068287745631
0 348 0 1
348
0.02758747739235227 -0.1225103064801888 -0.5326190109142153
0 349 0 1
349
0.02736353997608394 -0.1235531484745886 -0.5324126730948329
0 350 0 1
350
0.02716985405649179 -0.1245894823421223 -0.5321345311513456
0 351 0 1
351
0.02700732297396035 -0.1256103737030741 -0.5318000785232647
0 352 0 1
352
0.02687197647370985 -0.1266139548698378 -0.531421657299894
0 353 0 1
353
0.02678490133806016 -0.1275743034691886 -0.5309629116151466
0 354 0 1
354
0.02671913291045063 -0.128517112254157 -0.5304801735752389
0 355 0 1
355
0.02668942780708038 -0.1294233126063109 -0.5299369423573883
0 356 0 1
356
0.02668514432958431 -0.1303075015212461 -0.529364011900105
0 357 0 1
357
0.02671232103835822 -0.1311574840098358 -0.5287451428922466
0 358 0 1
358
0.02675925012617667 -0.1319888651412531 -0.5281037086043635
0 359 0 1
359
0.02682730685242141 -0.1327967377266533 -0.5274346006717466
0 360 0 1
360
0.02692073007826859 -0.1335743452142624 -0.5267350113908301
0 361 0 1
361
0.02702148031590055 -0.1343482926385728 -0.5260269250317727
0 362 0 1
362
0.02715474371119883 -0.1350875374024272 -0.5252750575763747
0 363 0 1
363
0.02728974927420439 -0.1358334317505288 -0.5245178661883123
0 364 0 1
364
0.02744052313647121 -0.1365613307109267 -0.5237392851898345
0 365 0 1
365
0.02760311708766969 -0.1372796843533173 -0.5229442280038678
0 366 0 1
366
0.02778516075327802 -0.1379871894741333 -0.5221166128021644
0 367 0 1
367
0.02797497675092515 -0.1386966473105699 -0.5212712252937752
0 368 0 1
368
0.0281910538204969 -0.1393860909286542 -0.5203844482609541
0 369 0 1
369
0.02841515514896964 -0.1400762108627052 -0.5194787888365361
0 370 0 1
370
0.02867121497246644 -0.1407344309656978 -0.5185272192352922
0 371 0 1
371
0.02893624496424738 -0.1413846787194301 -0.5175584727944613
0 372 0 1
372
0.02924101177977533 -0.1419787715274358 -0.5165555190118318
0 373 0 1
373
0.0295429674330188 -0.1425574687594563 -0.5155583089290071
0 374 0 1
374
0.02985353912428992 -0.1430580403630538 -0.5145981973089424
0 375 0 1
375
0.03015222362256788 -0.143520699403504 -0.5136785006426621
0 376 0 1
376
0.03044251554087746 -0.143921110955897 -0.5128138146635913
0 377 0 1
377
0.03072078298411126 -0.1442954090522679 -0.5119807925191787
0 378 0 1
378
0.03099905325376496 -0.1446550632587879 -0.5111471082030555
0 379 0 1
379
0.0312839196030444 -0.1449934558575962 -0.510301826939844
0 380 0 1
380
0.03156604968945738 -0.1453412500656839 -0.5094349562094822
0 381 0 1
381
0.03184633611330931 -0.1456885144706392 -0.5085468279597519
0 382 0 1
382
0.03212027360784022 -0.1460404624424502 -0.5076340027925826
0 383 0 1
383
0.03237880030674634 -0.1464163925274385 -0.5066909066991824
0 384 0 1
384
0.03269859504365766 -0.146820691805569 -0.5057806161245039
0 385 0 1
385
0.03298525887068179 -0.1472414184449737 -0.5048241572253277
0 386 0 1
386
0.03338499549156972 -0.1477059590467794 -0.5038737953875505
0 387 0 1
387
0.0337906579029196 -0.148157131808104 -0.5029190180131127
0 388 0 1
388
0.03421744305109486 -0.1485439123861294 -0.5018789469172753
0 389 0 1
389
0.03465754473431137 -0.1488866555973978 -0.500828880090986
0 390 0 1
390
0.03518617848295601 -0.1491136677014032 -0.4997584281574395
0 391 0 1
391
0.03575135415348619 -0.149187410185838 -0.498684199120481
0 392 0 1
392
0.03625363362882912 -0.1492089446872863 -0.4976532663426415
0 393 0 1
393
0.03677065174021232 -0.1491581558982593 -0.4966093933258218
0 394 0 1
394
0.03735474994921893 -0.1489724739250078 -0.4956360827113734
0 395 0 1
395
0.03793307336381736 -0.148801981847933 -0.4946562095850532
0 396 0 1
396
0.0384247664355102 -0.1486518748017059 -0.4937679329903532
0 397 0 1
397
0.03891478777284275 -0.1485051612793458 -0.4928780697612977
0 398 0 1
398
0.03951298933405363 -0.1483725651340174 -0.4919304977135134
0 399 0 1
399
0.04011575381183272 -0.1482366698674445 -0.4909871241589812
0 400 0 1
400
0.04073905025904093 -0.1480977038209979 -0.490040433344029
0 401 0 1
401
0.04136682997636166 -0.1479477089393111 -0.4890988092009767
0 402 0 1
402
0.0419921657701272 -0.1477236934919344 -0.4880476257366244
0 403 0 1
403
0.04262646594575641 -0.1474660780416622 -0.487011371665939
0 404 0 1
404
0.04320845233493559 -0.1472180076516247 -0.4861166811660251
0 405 0 1
405
0.04379907605045558 -0.1469349713596187 -0.4852403349102076
0 406 0 1
406
0.04445479212861624 -0.1466077603501238 -0.4843332639479843
0 407 0 1
407
0.0451186506838297 -0.1462389653839358 -0.4834501885565745
0 408 0 1
408
0.04579481514533759 -0.1457781921849738 -0.4824975629644294
0 409 0 1
409
0.04647425357722571 -0.145290591654544 -0.4815626146924868
0 410 0 1
410
0.04712557159952947 -0.1447686200656679 -0.4806839971073781
0 411 0 1
411
0.04777728662474219 -0.14423205132532 -0.4798170167970228
0 412 0 1
412
0.04844520353205355 -0.1436611972338536 -0.4790006559875022
0 413 0 1
413
0.04911255297085679 -0.1430779788701663 -0.4781959865720649
0 414 0 1
414
0.04975839587718925 -0.1424123604871833 -0.4774038655552841
0 415 0 1
415
0.05040391017532053 -0.1417303515696146 -0.4766311520870403
0 416 0 1
416
0.05096306378571906 -0.1410368702034586 -0.4759669669106485
0 417 0 1
417
0.05152093850896147 -0.1403212047702606 -0.4753288160175085
0 418 0 1
418
0.05208552763406971 -0.139558298233083 -0.4747569985435651
0 419 0 1
419
0.05264602742321228 -0.1387366801598474 -0.4742518713813397
0 420 0 1
420
0.05304666573886134 -0.1379897031380402 -0.4738661513000479
0 421 0 1
421
0.05344621643966835 -0.1372304733980305 -0.4735008275833074
0 422 0 1
422
0.05398229773337265 -0.1364400414944688 -0.4731929408561251
0 423 0 1
423
0.05451398448556988 -0.1356242573577235 -0.4729519763320159
0 424 0 1
424
0.05502185920978139 -0.1347122493318857 -0.4727067884816256
0 425 0 1
425
0.0555227079088796 -0.1337796213493526 -0.4725139631742655
0 426 0 1
426
0.05598645691462391 -0.1327869815965181 -0.4723417229976322
0 427 0 1
427
0.05647066751927737 -0.1318362108777378 -0.4722167727696589
0 428 0 1
428
0.05690888245351028 -0.1308998529902758 -0.4720939186058229
0 429 0 1
429
0.05734126334785457 -0.1300085936444793 -0.4720162440463294
0 430 0 1
430
0.05775039335538745 -0.1291738661145981 -0.4719453730126675
0 431 0 1
431
0.05810011952513479 -0.1283303359185777 -0.4718775852435887
0 432 0 1
432
0.05850577065957786 -0.1274162860312086 -0.4718129623599753
0 433 0 1
433
0.05886945937372223 -0.1264740114446615 -0.471757687949574
0 434 0 1
434
0.05927638369644032 -0.1255089783357794 -0.4717067764586156
0 435 0 1
435
0.05966803670303797 -0.1245150073275763 -0.4716722078107357
0 436 0 1
436
0.06008078314993631 -0.1235227413094802 -0.4716470798012433
0 437 0 1
437
0.06047901549889084 -0.1224745708155041 -0.4716377024806123
0 438 0 1
438
0.06088527913205871 -0.1214298556139866 -0.4716513545188209
0 439 0 1
439
0.06124961855082936 -0.1203371070992378 -0.4716922375399915
0 440 0 1
440
0.06164879542889934 -0.1191914380432843 -0.4717568208557142
0 441 0 1
441
0.06198693835084992 -0.1180398800389064 -0.4718740236504333
0 442 0 1
442
0.06235219353606379 -0.1168862424731098 -0.4720055655638103
0 443 0 1
443
0.06265263960348497 -0.1157401511160571 -0.4721953175156935
0 444 0 1
444
0.06297842127648835 -0.1146243121624385 -0.4723957277719483
0 445 0 1
445
0.06323497066483511 -0.1135021185128498 -0.4726459655580179
0 446 0 1
446
0.06350239745789539 -0.1124284488778315 -0.4729044381640986
0 447 0 1
447
0.06371764271542374 -0.1113423743173147 -0.4732055570581738
0 448 0 1
448
0.06393634500473593 -0.1102961472059781 -0.4735155487985311
0 449 0 1
449
0.06411658516932692 -0.1092361322401787 -0.4738607565522179
0 450 0 1
450
0.06429304918274883 -0.1082061177407503 -0.4742186591405262
0 451 0 1
451
0.06444018750536584 -0.1071730954012954 -0.4746148449089232
0 452 0 1
452
0.06456140836513825 -0.106192263236226 -0.4750280449063835
0 453 0 1
453
0.06469126029852429 -0.1052138526911834 -0.4754523594228642
0 454 0 1
454
0.06475298382009986 -0.1042582057816483 -0.475891847236932
0 455 0 1
455
0.06484990344230757 -0.1033515238599655 -0.4763416405533939
0 456 0 1
456
0.06488149492091774 -0.1024990319749224 -0.4768275178709172
0 457 0 1
457
0.06491593242171614 -0.1016409835681181 -0.4773468641347479
0 458 0 1
458
0.06488762041165376 -0.1007803960437172 -0.4778923394603775
0 459 0 1
459
0.06487742382833307 -0.09998951812061396 -0.4784491254350042
0 460 0 1
460
0.06479181129609073 -0.09917855713425837 -0.4790622331748783
0 461 0 1
461
0.06471725044016502 -0.09836046492239683 -0.4797507324087325
0 462 0 1
462
0.06459173701198942 -0.09761620858563218 -0.4804670805728132
0 463 0 1
463
0.0644496877357081 -0.09691722921458729 -0.4811906089910909
0 464 0 1
464
0.06421466691018972 -0.09620727543685537 -0.4820130801653339
0 465 0 1
465
0.06397410426467792 -0.09557314334108083 -0.4828436792818536
0 466 0 1
466
0.06369884094755901 -0.09498045051911957 -0.4837853425713528
0 467 0 1
467
0.06337947957675692 -0.09442635022128443 -0.4847323826073418
0 468 0 1
468
0.06299610888964413 -0.09389903166071295 -0.4857169237953625
0 469 0 1
469
0.06261635376340588 -0.09346634254338529 -0.486703704880531
0 470 0 1
470
0.06223119967985295 -0.09306927620253863 -0.4877648213216155
0 471 0 1
471
0.06176384185609605 -0.09274279510941648 -0.4887971472455651
0 472 0 1
472
0.06131557328388074 -0.09244589321804099 -0.4898400901919262
0 473 0 1
473
0.06083924061108682 -0.09224941133557772 -0.4908906129212378
0 474 0 1
474
0.06037227347242821 -0.09207785219335637 -0.4919642173033681
0 475 0 1
475
0.05985961201578806 -0.09195984891809506 -0.4930047179632395
0 476 0 1
476
0.05939503838789144 -0.09187269463643989 -0.4939785297180581
0 477 0 1
477
0.05891571274098798 -0.09181261316369775 -0.494969132693496
0 478 0 1
478
0.05844059276750493 -0.09176726318850764 -0.4959639251888097
0 479 0 1
479
0.05798528291454193 -0.09172427573426645 -0.496936803021144
0 480 0 1
480
0.05750609824599498 -0.09167899347321554 -0.4979141393690524
0 481 0 1
481
0.05699916315101076 -0.09163138536445638 -0.4989344250843923
0 482 0 1
482
0.05649637215234377 -0.09157294013649124 -0.499985446927254
0 483 0 1
483
0.05601724790788469 -0.09150664702768187 -0.5010325750450964
0 484 0 1
484
0.05552108601908719 -0.09142813774226399 -0.5020555859004144
0 485 0 1
485
0.05502195775861673 -0.09134490813737596 -0.5030937617642658
0 486 0 1
486
0.05454250384616686 -0.091258896087988 -0.5041160812218969
0 487 0 1
487
0.05405578908387299 -0.09117754057001633 -0.5051361388117893
0 488 0 1
488
0.05355160079672919 -0.09111563256272338 -0.5061711202860957
0 489 0 1
489
0.05303311673549453 -0.09105525527254668 -0.5072154583847266
0 490 0 1
490
0.05248853864630541 -0.09105802596346776 -0.5082806401400199
0 491 0 1
491
0.05192957425980076 -0.09108919511830406 -0.509341900939467
0 492 0 1
492
0.05137179696554894 -0.0911627626849227 -0.5103671009138891
0 493 0 1
493
0.05081147793587201 -0.0912773165267301 -0.5113666667284393
0 494 0 1
494
0.05024725973212639 -0.09146176691065615 -0.5123308992298878
0 495 0 1
495
0.04968045453995409 -0.09165527867758567 -0.5132696392337148
0 496 0 1
496
0.04912980591188536 -0.09192343274187437 -0.5141476022037554
0 497 0 1
497
0.04858463773774579 -0.0922044692731477 -0.5149927358484552
0 498 0 1
498
0.0480473629962907 -0.09251660169403497 -0.5157985383254692
0 499 0 1
499
0.04751268475883925 -0.09283286651339244 -0.5165869069863467
0 500 0 1
500
0.04698212047621349 -0.09319999738107801 -0.517336524424173
0 501 0 1
501
0.04644578837211014 -0.09357391837145107 -0.5180830919924103
0 502 0 1
502
0.04589595096612548 -0.09397837970647954 -0.5188317889494681
0 503 0 1
503
0.0453296989515982 -0.09440370022304619 -0.5195915096802101
0 504 0 1
504
0.04473398847475459 -0.09484189477938973 -0.5203866981261329
0 505 0 1
505
0.0441234003707803 -0.09532381725423315 -0.5211815530074542
0 506 0 1
506
0.04349658647161816 -0.09581903736363202 -0.5219900069134289
0 507 0 1
507
0.0428654283033949 -0.09631921381761452 -0.5227984817543646
0 508 0 1
508
0.04223796924600887 -0.09683320382303905 -0.5235881404859722
0 509 0 1
509
0.04161254216502187 -0.09734438370650755 -0.5243709221476759
0 510 0 1
510
0.04099169755066071 -0.09785316534063546 -0.5251405974301862
0 511 0 1
511
0.04036044253072669 -0.09841578332540712 -0.525893849220977
0 512 0 1
512
0.03970103252442918 -0.09901540998966731 -0.5266648927778435
0 513 0 1
513
0.03903306888413426 -0.09966405621589673 -0.5274192320551629
0 514 0 1
514
0.03835797598410168 -0.1003616913741903 -0.5281457469493446
0 515 0 1
515
0.03768732445832106 -0.1010756499590592 -0.5288391511480681
0 516 0 1
516
0.03703958191971363 -0.1018051303230072 -0.5294838336514858
0 517 0 1
517
0.03641067017078934 -0.1025935351854584 -0.5300175734166434
0 518 0 1
518
0.03581092165159201 -0.1033639087860028 -0.5305183082959325
0 519 0 1
519
0.03524423052306554 -0.1041365427487976 -0.530957312830715
0 520 0 1
520
0.03471983444177262 -0.1048940598552497 -0.5313096322607119
0 521 0 1
521
0.03420991804994115 -0.1056517033539288 -0.5316319927685534
0 522 0 1
522
0.03371133810758204 -0.1064335077542161 -0.5318995198790681
0 523 0 1
523
0.03322717824770588 -0.1072278806990807 -0.5321274125873627
0 524 0 1
524
0.03274973043413448 -0.1080263736340364 -0.5323192210341429
0 525 0 1
525
0.03228732658042737 -0.1088084948615052 -0.5324720848385636
0 526 0 1
526
0.0318479064212184 -0.1095496777726418 -0.5326035118986939
0 527 0 1
527
0.03143844841580629 -0.1102297841718428 -0.5326970714211363
0 528 0 1
528
0.03107760700967219 -0.1108068408345504 -0.5327472278294286
0 529 0 1
529
0.03072739660144487 -0.1113013383650421 -0.5327847750812159
0 530 0 1
530
0.03041774422962806 -0.1116214343398391 -0.5327732672323416
0 531 0 1
531
0.03041774422962806 -0.1116214343398391 -0.5327732672323416
0 532 0 1
532
0.03072739660144487 -0.1113013383650421 -0.5327847750812159
0 533 0 1
533
0.03107760700967219 -0.1108068408345504 -0.5327472278294286
0 534 0 1
534
0.03143844841580629 -0.1102297841718428 -0.5326970714211363
0 535 0 1
535
0.0318479064212184 -0.1095496777726418 -0.5326035118986939
0 536 0 1
536
0.03228732658042737 -0.1088084948615052 -0.5324720848385636
0 537 0 1
537
0.03274973043413448 -0.1080263736340364 -0.5323192210341429
0 538 0 1
538
0.03322717824770588 -0.1072278806990807 -0.5321274125873627
0 539 0 1
539
0.03371133810758204 -0.1064335077542161 -0.5318995198790681
0 540 0 1
540
0.03420991804994115 -0.1056517033539288 -0.5316319927685534
0 541 0 1
541
0.03471983444177262 -0.1048940598552497 -0.5313096322607119
0 542 0 1
542
0.03524423052306554 -0.1041365427487976 -0.530957312830715
0 543 0 1
543
0.03581092165159201 -0.1033639087860028 -0.5305183082959325
0 544 0 1
544
0.03641067017078934 -0.1025935351854584 -0.5300175734166434
0 545 0 1
545
0.03703958191971363 -0.1018051303230072 -0.5294838336514858
0 546 0 1
546
0.03768732445832106 -0.1010756499590592 -0.5288391511480681
0 547 0 1
547
0.03835797598410168 -0.1003616913741903 -0.5281457469493446
0 548 0 1
548
0.03903306888413426 -0.09966405621589673 -0.5274192320551629
0 549 0 1
549
0.03970103252442918 -0.09901540998966731 -0.5266648927778435
0 550 0 1
550
0.04036044253072669 -0.09841578332540712 -0.525893849220977
0 551 0 1
551
0.04099169755066071 -0.09785316534063546 -0.5251405974301862
0 552 0 1
552
0.04161254216502187 -0.09734438370650755 -0.5243709221476759
0 553 0 1
553
0.04223796924600887 -0.09683320382303905 -0.5235881404859722
0 554 0 1
554
0.0428654283033949 -0.09631921381761452 -0.5227984817543646
0 555 0 1
555
0.04349658647161816 -0.09581903736363202 -0.5219900069134289
0 556 0 1
556
0.0441234003707803 -0.09532381725423315 -0.5211815530074542
0 557 0 1
557
0.04473398847475459 -0.09484189477938973 -0.5203866981261329
0 558 0 1
558
0.0453296989515982 -0.09440370022304619 -0.5195915096802101
0 559 0 1
559
0.04589595096612548 -0.09397837970647954 -0.5188317889494681
0 560 0 1
560
0.04644578837211014 -0.09357391837145107 -0.5180830919924103
0 561 0 1
561
0.04698212047621349 -0.09319999738107801 -0.517336524424173
0 562 0 1
562
0.04751268475883925 -0.09283286651339244 -0.5165869069863467
0 563 0 1
563
0.0480473629962907 -0.09251660169403497 -0.5157985383254692
0 564 0 1
564
0.04858463773774579 -0.0922044692731477 -0.5149927358484552
0 565 0 1
565
0.04912980591188536 -0.09192343274187437 -0.5141476022037554
0 566 0 1
566
0.04968045453995409 -0.09165527867758567 -0.5132696392337148
0 567 0 1
567
0.05024725973212639 -0.09146176691065615 -0.5123308992298878
0 568 0 1
568
0.05081147793587201 -0.0912773165267301 -0.5113666667284393
0 569 0 1
569
0.05137179696554894 -0.0911627626849227 -0.5103671009138891
0 570 0 1
570
0.05192957425980076 -0.09108919511830406 -0.509341900939467
0 571 0 1
571
0.05248853864630541 -0.09105802596346776 -0.5082806401400199
0 572 0 1
572
0.05303311673549453 -0.09105525527254668 -0.5072154583847266
0 573 0 1
573
0.05355160079672919 -0.09111563256272338 -0.5061711202860957
0 574 0 1
574
0.05405578908387299 -0.09117754057001633 -0.5051361388117893
0 575 0 1
575
0.05454250384616686 -0.091258896087988 -0.5041160812218969
0 576 0 1
576
0.05502195775861673 -0.09134490813737596 -0.5030937617642658
0 577 0 1
577
0.05552108601908719 -0.09142813774226399 -0.5020555859004144
0 578 0 1
578
0.05601724790788469 -0.09150664702768187 -0.5010325750450964
0 579 0 1
579
0.05649637215234377 -0.09157294013649124 -0.499985446927254
0 580 0 1
580
0.05699916315101076 -0.09163138536445638 -0.4989344250843923
0 581 0 1
581
0.05750609824599498 -0.09167899347321554 -0.4979141393690524
0 582 0 1
582
0.05798528291454193 -0.09172427573426645 -0.496936803021144
0 583 0 1
583
0.05844059276750493 -0.09176726318850764 -0.4959639251888097
0 584 0 1
584
0.05891571274098798 -0.09181261316369775 -0.494969132693496
0 585 0 1
585
0.05939503838789144 -0.09187269463643989 -0.4939785297180581
0 586 0 1
586
0.05985961201578806 -0.09195984891809506 -0.4930047179632395
0 587 0 1
587
0.06037227347242821 -0.09207785219335637 -0.4919642173033681
0 588 0 1
588
0.06083924061108682 -0.09224941133557772 -0.4908906129212378
0 589 0 1
589
0.06131557328388074 -0.09244589321804099 -0.4898400901919262
0 590 0 1
590
0.06176384185609605 -0.09274279510941648 -0.4887971472455651
0 591 0 1
591
0.06223119967985295 -0.09306927620253863 -0.4877648213216155
0 592 0 1
592
0.06261635376340588 -0.09346634254338529 -0.486703704880531
0 593 0 1
593
0.06299610888964413 -0.09389903166071295 -0.4857169237953625
0 594 0 1
594
0.06337947957675692 -0.09442635022128443 -0.4847323826073418
0 595 0 1
595
0.06369884094755901 -0.09498045051911957 -0.4837853425713528
0 596 0 1
596
0.06397410426467792 -0.09557314334108083 -0.4828436792818536
0 597 0 1
597
0.06421466691018972 -0.09620727543685537 -0.4820130801653339
0 598 0 1
598
0.0644496877357081 -0.09691722921458729 -0.4811906089910909
0 599 0 1
599
0.06459173701198942 -0.09761620858563218 -0.4804670805728132
0 600 0 1
600
0.06471725044016502 -0.09836046492239683 -0.4797507324087325
0 601 0 1
601
0.06479181129609073 -0.09917855713425837 -0.4790622331748783
0 602 0 1
602
0.06487742382833307 -0.09998951812061396 -0.4784491254350042
0 603 0 1
603
0.06488762041165376 -0.1007803960437172 -0.4778923394603775
0 604 0 1
604
0.06491593242171614 -0.1016409835681181 -0.4773468641347479
0 605 0 1
605
0.06488149492091774 -0.1024990319749224 -0.4768275178709172
0 606 0 1
606
0.06484990344230757 -0.1033515238599655 -0.4763416405533939
0 607 0 1
607
0.06475298382009986 -0.1042582057816483 -0.475891847236932
0 608 0 1
608
0.06469126029852429 -0.1052138526911834 -0.4754523594228642
0 609 0 1
609
0.06456140836513825 -0.106192263236226 -0.4750280449063835
0 610 0 1
610
0.06444018750536584 -0.1071730954012954 -0.4746148449089232
0 611 0 1
611
0.06429304918274883 -0.1082061177407503 -0.4742186591405262
0 612 0 1
612
0.06411658516932692 -0.1092361322401787 -0.4738607565522179
0 613 0 1
613
0.06393634500473593 -0.1102961472059781 -0.4735155487985311
0 614 0 1
614
0.06371764271542374 -0.1113423743173147 -0.4732055570581738
0 615 0 1
615
0.06350239745789539 -0.1124284488778315 -0.4729044381640986
0 616 0 1
616
0.06323497066483511 -0.1135021185128498 -0.4726459655580179
0 617 0 1
617
0.06297842127648835 -0.1146243121624385 -0.4723957277719483
0 618 0 1
618
0.06265263960348497 -0.1157401511160571 -0.4721953175156935
0 619 0 1
619
0.06235219353606379 -0.1168862424731098 -0.4720055655638103
0 620 0 1
620
0.06198693835084992 -0.1180398800389064 -0.4718740236504333
0 621 0 1
621
0.06164879542889934 -0.1191914380432843 -0.4717568208557142
0 622 0 1
622
0.06124961855082936 -0.1203371070992378 -0.4716922375399915
0 623 0 1
623
0.06088527913205871 -0.1214298556139866 -0.4716513545188209
0 624 0 1
624
0.06047901549889084 -0.1224745708155041 -0.4716377024806123
0 625 0 1
625
0.06008078314993631 -0.1235227413094802 -0.4716470798012433
0 626 0 1
626
0.05966803670303797 -0.1245150073275763 -0.4716722078107357
0 627 0 1
627
0.05927638369644032 -0.1255089783357794 -0.4717067764586156
0 628 0 1
628
0.05886945937372223 -0.1264740114446615 -0.471757687949574
0 629 0 1
629
0.05850577065957786 -0.1274162860312086 -0.4718129623599753
0 630 0 1
630
0.05810011952513479 -0.1283303359185777 -0.4718775852435887
0 631 0 1
631
0.05775039335538745 -0.1291738661145981 -0.4719453730126675
0 632 0 1
632
0.05734126334785457 -0.1300085936444793 -0.4720162440463294
0 633 0 1
633
0.05690888245351028 -0.1308998529902758 -0.4720939186058229
0 634 0 1
634
0.05647066751927737 -0.1318362108777378 -0.4722167727696589
0 635 0 1
635
0.05598645691462391 -0.1327869815965181 -0.4723417229976322
0 636 0 1
636
0.0555227079088796 -0.1337796213493526 -0.4725139631742655
0 637 0 1
637
0.05502185920978139 -0.1347122493318857 -0.4727067884816256
0 638 0 1
638
0.05451398448556988 -0.1356242573577235 -0.4729519763320159
0 639 0 1
639
0.05398229773337265 -0.1364400414944688 -0.4731929408561251
0 640 0 1
640
0.05344621643966835 -0.1372304733980305 -0.4735008275833074
0 641 0 1
641
0.05304666573886134 -0.1379897031380402 -0.4738661513000479
0 642 0 1
642
0.05264602742321228 -0.1387366801598474 -0.4742518713813397
0 643 0 1
643
0.05208552763406971 -0.139558298233083 -0.4747569985435651
0 644 0 1
644
0.05152093850896147 -0.1403212047702606 -0.4753288160175085
0 645 0 1
645
0.05096306378571906 -0.1410368702034586 -0.4759669669106485
0 646 0 1
646
0.05040391017532053 -0.1417303515696146 -0.4766311520870403
0 647 0 1
647
0.04975839587718925 -0.1424123604871833 -0.4774038655552841
0 648 0 1
648
0.04911255297085679 -0.1430779788701663 -0.4781959865720649
0 649 0 1
649
0.04844520353205355 -0.1436611972338536 -0.4790006559875022
0 650 0 1
650
0.04777728662474219 -0.14423205132532 -0.4798170167970228
0 651 0 1
651
0.04712557159952947 -0.1447686200656679 -0.4806839971073781
0 652 0 1
652
0.04647425357722571 -0.145290591654544 -0.4815626146924868
0 653 0 1
653
0.04579481514533759 -0.1457781921849738 -0.4824975629644294
0 654 0 1
654
0.0451186506838297 -0.1462389653839358 -0.4834501885565745
0 655 0 1
655
0.04445479212861624 -0.1466077603501238 -0.4843332639479843
0 656 0 1
656
0.04379907605045558 -0.1469349713596187 -0.4852403349102076
0 657 0 1
657
0.04320845233493559 -0.1472180076516247 -0.4861166811660251
0 658 0 1
658
0.04262646594575641 -0.1474660780416622 -0.487011371665939
0 659 0 1
659
0.0419921657701272 -0.1477236934919344 -0.4880476257366244
0 660 0 1
660
0.04136682997636166 -0.1479477089393111 -0.4890988092009767
0 661 0 1
661
0.04073905025904093 -0.1480977038209979 -0.490040433344029
0 662 0 1
662
0.04011575381183272 -0.1482366698674445 -0.4909871241589812
0 663 0 1
663
0.03951298933405363 -0.1483725651340174 -0.4919304977135134
0 664 0 1
664
0.03891478777284275 -0.1485051612793458 -0.4928780697612977
0 665 0 1
665
0.0384247664355102 -0.1486518748017059 -0.4937679329903532
0 666 0 1
666
0.03793307336381736 -0.148801981847933 -0.4946562095850532
0 667 0 1
667
0.03735474994921893 -0.1489724739250078 -0.4956360827113734
0 668 0 1
668
0.03677065174021232 -0.1491581558982593 -0.4966093933258218
0 669 0 1
669
0.03625363362882912 -0.1492089446872863 -0.4976532663426415
0 670 0 1
670
0.03575135415348619 -0.149187410185838 -0.498684199120481
0 671 0 1
671
0.03518617848295601 -0.1491136677014032 -0.4997584281574395
0 672 0 1
672
0.03465754473431137 -0.1488866555973978 -0.500828880090986
0 673 0 1
673
0.03421744305109486 -0.1485439123861294 -0.5018789469172753
0 674 0 1
674
0.0337906579029196 -0.148157131808104 -0.5029190180131127
0 675 0 1
675
0.03338499549156972 -0.1477059590467794 -0.5038737953875505
0 676 0 1
676
0.03298525887068179 -0.1472414184449737 -0.5048241572253277
0 677 0 1
677
0.03269859504365766 -0.146820691805569 -0.5057806161245039
0 678 0 1
678
0.03237880030674634 -0.1464163925274385 -0.5066909066991824
0 679 0 1
679
0.03212027360784022 -0.1460404624424502 -0.5076340027925826
0 680 0 1
680
0.03184633611330931 -0.1456885144706392 -0.5085468279597519
0 681 0 1
681
0.03156604968945738 -0.1453412500656839 -0.5094349562094822
0 682 0 1
682
0.0312839196030444 -0.1449934558575962 -0.510301826939844
0 683 0 1
683
0.03099905325376496 -0.1446550632587879 -0.5111471082030555
0 684 0 1
684
0.03072078298411126 -0.1442954090522679 -0.5119807925191787
0 685 0 1
685
0.03044251554087746 -0.143921110955897 -0.5128138146635913
0 686 0 1
686
0.03015222362256788 -0.143520699403504 -0.5136785006426621
0 687 0 1
687
0.02985353912428992 -0.1430580403630538 -0.5145981973089424
0 688 0 1
688
0.0295429674330188 -0.1425574687594563 -0.5155583089290071
0 689 0 1
689
0.02924101177977533 -0.1419787715274358 -0.5165555190118318
0 690 0 1
690
0.02893624496424738 -0.1413846787194301 -0.5175584727944613
0 691 0 1
691
0.02867121497246644 -0.1407344309656978 -0.5185272192352922
0 692 0 1
692
0.02841515514896964 -0.1400762108627052 -0.5194787888365361
0 693 0 1
693
0.0281910538204969 -0.1393860909286542 -0.5203844482609541
0 694 0 1
694
0.02797497675092515 -0.1386966473105699 -0.5212712252937752
0 695 0 1
695
0.02778516075327802 -0.1379871894741333 -0.5221166128021644
0 696 0 1
696
0.02760311708766969 -0.1372796843533173 -0.5229442280038678
0 697 0 1
697
0.02744052313647121 -0.1365613307109267 -0.5237392851898345
0 698 0 1
698
0.02728974927420439 -0.1358334317505288 -0.5245178661883123
0 699 0 1
699
0.02715474371119883 -0.1350875374024272 -0.5252750575763747
0 700 0 1
700
0.02702148031590055 -0.1343482926385728 -0.5260269250317727
0 701 0 1
701
0.02692073007826859 -0.1335743452142624 -0.5267350113908301
0 702 0 1
702
0.02682730685242141 -0.1327967377266533 -0.5274346006717466
0 703 0 1
703
0.02675925012617667 -0.1319888651412531 -0.5281037086043635
0 704 0 1
704
0.02671232103835822 -0.1311574840098358 -0.5287451428922466
0 705 0 1
705
0.02668514432958431 -0.1303075015212461 -0.529364011900105
0 706 0 1
706
0.02668942780708038 -0.1294233126063109 -0.5299369423573883
0 707 0 1
707
0.02671913291045063 -0.128517112254157 -0.5304801735752389
0 708 0 1
708
0.02678490133806016 -0.1275743034691886 -0.5309629116151466
0 709 0 1
709
0.02687197647370985 -0.1266139548698378 -0.531421657299894
0 710 0 1
710
0.02700732297396035 -0.1256103737030741 -0.5318000785232647
0 711 0 1
711
0.02716985405649179 -0.1245894823421223 -0.5321345311513456
0 712 0 1
712
0.02736353997608394 -0.1235531484745886 -0.5324126730948329
0 713 0 1
713
0.02758747739235227 -0.1225103064801888 -0.5326190109142153
0 714 0 1
714
0.02782484183180207 -0.1214740542993619 -0.5328068287745631
0 715 0 1
715
0.02808165563690113 -0.1204457113578202 -0.5329214537037129
0 716 0 1
716
0.02834477815426279 -0.1194258587918124 -0.5330342257072073
0 717 0 1
717
0.02862345294247402 -0.1184149312226169 -0.5330839181141382
0 718 0 1
718
0.02890203611544126 -0.1174322796858381 -0.5331125850459932
0 719 0 1
719
0.02917389204146142 -0.1164854781400862 -0.5331319451689547
0 720 0 1
720
0.02945217364930806 -0.1155386726805635 -0.5331270240755713
0 721 0 1
721
0.02973541081166956 -0.1145902731715956 -0.5330856973295575
0 722 0 1
722
0.03000174444278189 -0.1136684374717772 -0.5330272657757841
0 723 0 1
723
0.03023176737961505 -0.1128004672495585 -0.5329655701741509
0 724 0 1
724
0.03039684933310572 -0.1120701108743871 -0.5328586249283827
0 725 0 1
725
0.03041774422962806 -0.1116214343398391 -0.5327732672323416
0 726 0 1
726
0.06132321099388079 -0.1490128912520585 -0.487557682080523
0 727 0 1
727
0.06135717526846486 -0.1492543303085181 -0.4879159810026236
0 728 0 1
728
0.06141545257167389 -0.149587775878661 -0.4884265233769571
0 729 0 1
729
0.06146144516842146 -0.1499796593896562 -0.4890558983209569
0 730 0 1
730
0.06153090027562893 -0.1504247931111145 -0.489781515773182
0 731 0 1
731
0.06160432538010875 -0.1509057067392102 -0.4905821464368395
0 732 0 1
732
0.0616510089478904 -0.1514113708791769 -0.4914641082558694
0 733 0 1
733
0.06171163929450479 -0.1519376552817442 -0.4924037739071924
0 734 0 1
734
0.06177446085440458 -0.1524731930340321 -0.4934152850452426
0 735 0 1
735
0.06182281398540594 -0.1530226520015945 -0.4944842985245786
0 736 0 1
736
0.06187324156252183 -0.1535920998619846 -0.495623821285751
0 737 0 1
737
0.06192253900285991 -0.154191267561002 -0.4968616190007491
0 738 0 1
738
0.06195352209001088 -0.1547709546852533 -0.4981260337332427
0 739 0 1
739
0.0619710293142955 -0.1553731996232336 -0.499481464284185
0 740 0 1
740
0.06199092491682311 -0.1560406832493265 -0.500937117284087
0 741 0 1
741
0.06196934057156694 -0.1566871203407051 -0.5024099062504903
0 742 0 1
742
0.06191150871363016 -0.1574319962845195 -0.5039941154664612
0 743 0 1
743
0.06178723822648768 -0.1581929454060203 -0.5056428006226504
0 744 0 1
744
0.06164635129328844 -0.1589913605947291 -0.5074010329163683
0 745 0 1
745
0.06139851781624937 -0.1596441743927768 -0.5090035549280656
0 746 0 1
746
0.06108140507511439 -0.1602883947888812 -0.5106816712189939
0 747 0 1
747
0.06071070625371466 -0.1607200419445055 -0.5121885952992968
0 748 0 1
748
0.06026492150906883 -0.1611111829692409 -0.5136855069320954
0 749 0 1
749
0.05974398099101754 -0.1614497597731726 -0.5152410458969363
0 750 0 1
750
0.05912727311882213 -0.1616994314022996 -0.5168559982207599
0 751 0 1
751
0.05841744634111035 -0.1618274430055828 -0.5185920451844604
0 752 0 1
752
0.05789018114112015 -0.1619262402092095 -0.5203331261918919
0 753 0 1
753
0.05729495916197377 -0.1618932678105031 -0.5221210983625068
0 754 0 1
754
0.05696007277950374 -0.161789818126106 -0.5239430845378666
0 755 0 1
755
0.05665891329548924 -0.1613703164846053 -0.5258058259724235
0 756 0 1
756
0.05638948880373498 -0.1606545140887568 -0.5276271654296626
0 757 0 1
757
0.05617468342392812 -0.1596531897788744 -0.5293354220108362
0 758 0 1
758
0.05600247138066623 -0.158418140383662 -0.530899387032619
0 759 0 1
759
0.05584563367920175 -0.157030393451329 -0.5323170420372308
0 760 0 1
760
0.05569268817746168 -0.155534442823839 -0.5335925361861885
0 761 0 1
761
0.0555311758253996 -0.153965044889372 -0.5347486878867249
0 762 0 1
762
0.05534626125037621 -0.1523394573807174 -0.5357957009869694
0 763 0 1
763
0.05512518359630249 -0.150684080766518 -0.5367644553498792
0 764 0 1
764
0.05487082653590285 -0.1490074322941962 -0.5376674539737967
0 765 0 1
765
0.05460146732827121 -0.1472963147634407 -0.5384666905604278
0 766 0 1
766
0.05431179810112904 -0.1455628168284243 -0.5391822789788595
0 767 0 1
767
0.05398844161320308 -0.1438261519679616 -0.5398413936882637
0 768 0 1
768
0.05363763973332646 -0.1420810624128044 -0.5404353434189746
0 769 0 1
769
0.05326905291434935 -0.1403202613735855 -0.5409508064364148
0 770 0 1
770
0.05288877418955699 -0.1385437666038802 -0.5413702770331604
0 771 0 1
771
0.05250579806195258 -0.1367558020384885 -0.5416670097746554
0 772 0 1
772
0.05215827432118694 -0.1349481279918539 -0.5417746109329155
0 773 0 1
773
0.05187931628285496 -0.1331540172782125 -0.5416385410866518
0 774 0 1
774
0.0516346646165532 -0.1314126839373098 -0.541323227434294
0 775 0 1
775
0.05144001173862962 -0.1297693130291113 -0.5407907655306896
0 776 0 1
776
0.05126330186661518 -0.1282105439541558 -0.5401360820662805
0 777 0 1
777
0.05107061415780734 -0.1267170641016448 -0.5394387192111516
0 778 0 1
778
0.05085443093446151 -0.1252775589336327 -0.5387214899185725
0 779 0 1
779
0.05060906740825238 -0.1238812256191785 -0.5380029628774838
0 780 0 1
780
0.05031934745361524 -0.1225076144674852 -0.5373246180353104
0 781 0 1
781
0.04999729978061782 -0.1211646377117283 -0.5366638158333511
0 782 0 1
782
0.04962166921309605 -0.1198258893223779 -0.5360937508747359
0 783 0 1
783
0.04920894657277943 -0.1185044883545387 -0.5355755757104254
0 784 0 1
784
0.04875410676917782 -0.1171940480684923 -0.5351385173273363
0 785 0 1
785
0.04827217935868659 -0.115906781631352 -0.534742640905168
0 786 0 1
786
0.04775862550666348 -0.1146364219138079 -0.5344128553109299
0 787 0 1
787
0.04722667435260496 -0.1133960393531426 -0.5340865890260695
0 788 0 1
788
0.04667321659085021 -0.112178238051408 -0.5337939454361457
0 789 0 1
789
0.04610261787584601 -0.1109928622656732 -0.5334800207864306
0 790 0 1
790
0.0455114749600897 -0.1098288906022008 -0.5331858715250899
0 791 0 1
791
0.0449019358757331 -0.1087006705438202 -0.5328446283123748
0 792 0 1
792
0.04427087546258232 -0.1075973712321743 -0.5325045380250761
0 793 0 1
793
0.04361775942750247 -0.1065417043074276 -0.5321051035311631
0 794 0 1
794
0.04294147952514032 -0.1055112455606014 -0.5316978421506287
0 795 0 1
795
0.04223906546613263 -0.1045403871121321 -0.5312191937337515
0 796 0 1
796
0.04151192448393291 -0.1035911443251942 -0.5307280017837201
0 797 0 1
797
0.04075890240023729 -0.1026969494059474 -0.5301721064990661
0 798 0 1
798
0.039980292110737 -0.1018490823911631 -0.529567051980924
0 799 0 1
799
0.03918221417990707 -0.1010346348953071 -0.5289347035183932
0 800 0 1
800
0.03835797598410168 -0.1003616913741903 -0.5281457469493446
0 801 0 1
801
0.03752877935151605 -0.09969806833170246 -0.5273425997574718
0 802 0 1
802
0.06132321099388079 -0.1490128912520585 -0.487557682080523
0 803 0 1
803
0.06171437358767219 -0.1488589570654999 -0.4873759947723619
0 804 0 1
804
0.06227695833082722 -0.1486374206467294 -0.4871185844187531
0 805 0 1
805
0.06291841226727413 -0.1483677155943955 -0.4868300972990647
0 806 0 1
806
0.06365116301727347 -0.1480151213028518 -0.4864929214339641
0 807 0 1
807
0.06444188670819372 -0.1476416928643531 -0.4861384437970901
0 808 0 1
808
0.06525229052753273 -0.1471867892104168 -0.4857712685722443
0 809 0 1
809
0.06611000782590709 -0.1467133508553946 -0.4854031535355671
0 810 0 1
810
0.06699032057006654 -0.1461594548263068 -0.485022791563569
0 811 0 1
811
0.06787870435974772 -0.1455782297626332 -0.4846396164656435
0 812 0 1
812
0.06877736700579487 -0.1449403686746086 -0.4842410240867516
0 813 0 1
813
0.0697038244737975 -0.1442522589577563 -0.4838560073974226
0 814 0 1
814
0.07062425141907482 -0.1435385720550396 -0.4834773062490146
0 815 0 1
815
0.07154786875085854 -0.1427712220431183 -0.4830959889394384
0 816 0 1
816
0.07248675696569157 -0.1419707623052159 -0.4827187773022782
0 817 0 1
817
0.07339228828782438 -0.1411176034421421 -0.4823531772527616
0 818 0 1
818
0.07433778206381624 -0.1402181758637338 -0.4820013352701281
0 819 0 1
819
0.0752562376044582 -0.1392785124981702 -0.4816628024828381
0 820 0 1
820
0.07614605213108491 -0.138290194899452 -0.4813493500705583
0 821 0 1
821
0.07707942156792763 -0.1372590503474515 -0.4810666473225484
0 822 0 1
822
0.07796846419282807 -0.136150748007471 -0.4808127192457882
0 823 0 1
823
0.07884383855956478 -0.1349944777300012 -0.4805818824017122
0 824 0 1
824
0.07968977995024368 -0.1337654377644281 -0.4803714822024818
0 825 0 1
825
0.08049504284459105 -0.13248928824024 -0.4802099204540735
0 826 0 1
826
0.08128655883339729 -0.1311548788559992 -0.4801001218392492
0 827 0 1
827
0.08200045103355971 -0.1297705015075795 -0.4800619908421376
0 828 0 1
828
0.08269086298313144 -0.1283071451160452 -0.4800814594996083
0 829 0 1
829
0.08329361625401627 -0.1268178007324526 -0.4801556971602707
0 830 0 1
830
0.0838025282232758 -0.1252574948642693 -0.4803484806748474
0 831 0 1
831
0.08423663561745365 -0.1236946105874806 -0.4806170242215748
0 832 0 1
832
0.08459010771620878 -0.1221032244833042 -0.4809604508510944
0 833 0 1
833
0.08483968886638563 -0.1204870188944672 -0.4813926421893867
0 834 0 1
834
0.08496919112777435 -0.1189047340410054 -0.4818875714872963
0 835 0 1
835
0.08497064791819714 -0.1173200150402763 -0.4824798378045791
0 836 0 1
836
0.08486887945429129 -0.1157677004221891 -0.4831306277488439
0 837 0 1
837
0.08467295396595596 -0.1142775236773476 -0.4838558206162058
0 838 0 1
838
0.08434478586656019 -0.112854475103574 -0.4846355015593393
0 839 0 1
839
0.08391419999937413 -0.1114540629109676 -0.4854208939825099
0 840 0 1
840
0.08345520080030965 -0.1101481988481665 -0.4862004842281914
0 841 0 1
841
0.08292522589543105 -0.1088546978337552 -0.4869762288837582
0 842 0 1
842
0.08235466083062339 -0.1076174186281784 -0.4877539874342977
0 843 0 1
843
0.08172379361786417 -0.1064280518563852 -0.4884890856659783
0 844 0 1
844
0.0810743092187737 -0.1052653069031638 -0.4892199775309249
0 845 0 1
845
0.08039820254053853 -0.1041396339085681 -0.4899226857329771
0 846 0 1
846
0.07970964832856363 -0.1030633979280813 -0.4906039803643713
0 847 0 1
847
0.07901828652069012 -0.1019962629041083 -0.4912614583987536
0 848 0 1
848
0.07829184888860544 -0.1009261465529453 -0.4919200452891139
0 849 0 1
849
0.07754108717025637 -0.09990249506923021 -0.492518284880101
0 850 0 1
850
0.07679443717884929 -0.09890007963651924 -0.4931152003534833
0 851 0 1
851
0.07599871668721506 -0.09792762249523843 -0.49367993058895
0 852 0 1
852
0.0752003744795241 -0.09701758037998871 -0.4942174578111234
0 853 0 1
853
0.07433471427915737 -0.09613335863207757 -0.4947385205005284
0 854 0 1
854
0.07346728439724455 -0.09535768671781977 -0.4952209855976042
0 855 0 1
855
0.07252030017088842 -0.09462570535268429 -0.4956805001292841
0 856 0 1
856
0.07156372437501034 -0.09399173077173126 -0.4961023132779854
0 857 0 1
857
0.07058370990850787 -0.09343068791155081 -0.4965077941250512
0 858 0 1
858
0.06956139728475108 -0.09295793177701012 -0.4968812809906409
0 859 0 1
859
0.06854588532851036 -0.09258639660266588 -0.4972101058263067
0 860 0 1
860
0.06750868837023401 -0.09228921248398587 -0.4974950661409587
0 861 0 1
861
0.06646505217435623 -0.09209257090238795 -0.4977107444343351
0 862 0 1
862
0.06543158914436745 -0.09193390409839676 -0.4979193396155985
0 863 0 1
863
0.0644354004044832 -0.09184349548469267 -0.4980826200693556
0 864 0 1
864
0.0633943092321982 -0.09177960668415786 -0.4981825265184358
0 865 0 1
865
0.06240537706314438 -0.09174851820852233 -0.4982157783744517
0 866 0 1
866
0.06141614457466288 -0.09172662948088306 -0.4982261573920448
0 867 0 1
867
0.06044000556974945 -0.09171137942286227 -0.4982297252661123
0 868 0 1
868
0.05947250374467498 -0.09170329387393816 -0.498169710150986
0 869 0 1
869
0.05846746108088643 -0.09169327970220528 -0.4980609509591947
0 870 0 1
870
0.05750609824599498 -0.09167899347321554 -0.4979141393690524
0 871 0 1
871
0.05652082021496104 -0.09166631064197155 -0.4977489651682661
0 872 0 1
872
0.06132321099388079 -0.1490128912520585 -0.487557682080523
0 873 0 1
873
0.06089978097814656 -0.1489152501017701 -0.4873751519034615
0 874 0 1
874
0.06030157184797733 -0.1487627471454044 -0.4871032070933294
0 875 0 1
875
0.05959789055051357 -0.1485921880051984 -0.4867957003085666
0 876 0 1
876
0.05879854252524738 -0.1483999376916201 -0.4864563603466493
0 877 0 1
877
0.05798216727212421 -0.1481824178495049 -0.4860649132787825
0 878 0 1
878
0.05711249331946566 -0.1479710448584381 -0.4856733107083409
0 879 0 1
879
0.05623495419829558 -0.147746963901513 -0.4852671769868095
0 880 0 1
880
0.05533182133405277 -0.1474904277652373 -0.4848265452811958
0 881 0 1
881
0.05441993436380274 -0.1472567906247407 -0.4843867317299666
0 882 0 1
882
0.05347401222870015 -0.1470096377454745 -0.4839432387106104
0 883 0 1
883
0.05252454256306846 -0.1467346592017621 -0.4834922090810566
0 884 0 1
884
0.05158253870696951 -0.1464564593157251 -0.4830450998802613
0 885 0 1
885
0.05048248683539371 -0.1460906772428241 -0.4824702226055287
0 886 0 1
886
0.04938470323007842 -0.1457007697833871 -0.4819055850396664
0 887 0 1
887
0.04815396583913002 -0.1452034207776766 -0.481234289540329
0 888 0 1
888
0.04712557159952947 -0.1447686200656679 -0.4806839971073781
0 889 0 1
889
0.04610273377496039 -0.1442986848200995 -0.4801596364788514
1 1 0 5
890
891
892
893
894
0.0634390984008335 -0.09171148482100575 -0.5023578783157234
0.05984758990475394 -0.09278677297011607 -0.513865786082057
0.05396817574486886 -0.09714851170500022 -0.523494403061905
0.04657223206357934 -0.1036700782319629 -0.5305319265831256
0.0381091208855886 -0.1118053854071633 -0.5333823907676731
1 2 0 1
895
0.06322749714547556 -0.09272220929053077 -0.4894514940968888
1 3 0 12
896
897
898
899
900
901
902
903
904
905
906
907
0.07139654447338675 -0.09957401350604794 -0.4826251686448064
0.07278978989190561 -0.1101968757058387 -0.4770880783711047
0.07082661934086261 -0.1217570579875003 -0.4741168602835453
0.0661037148474021 -0.1328820573838136 -0.4742989247939103
0.05952847081760727 -0.1421157216858878 -0.4783280901452516
0.05304190834766486 -0.148494723689823 -0.4863395517487746
0.04759114271688474 -0.1522204214686829 -0.4964859861223284
0.0431899538656458 -0.1511176717956868 -0.507625594246006
0.03965005759370501 -0.1477556766506605 -0.5187150715124738
0.03765376086734288 -0.1402760577331875 -0.5278929746653221
0.0365565829248486 -0.1296500428974293 -0.5334851038167934
0.03627038221795083 -0.1175475073920811 -0.533804551084098
1 4 0 7
908
909
910
911
912
913
914
0.1005333820474014 -0.1372853993763161 -0.5151196929223999
0.09826192205534387 -0.1304892496463473 -0.5244037402009937
0.0930056647679614 -0.1222236701591808 -0.5308140897292267
0.08433624780352615 -0.1144797240862687 -0.5317460289472226
0.07482058748638176 -0.1078497108232136 -0.5295427550002408
0.06542752040702704 -0.101400418949515 -0.5264696973483679
0.05574140920427591 -0.09630841691322141 -0.5220750387078065
1 5 0 5
915
916
917
918
919
0.08746339355854951 -0.153313601820122 -0.5132108594538074
0.07731690819147181 -0.1601302004574507 -0.5129235508319482
0.06540467575628407 -0.161423036980621 -0.5114808865557822
0.05433871518429658 -0.1570162681686862 -0.5088907406621043
0.04414157279303753 -0.1518924759889952 -0.5044539849376048
1 6 0 4
920
921
922
923
0.08902392590490361 -0.147817573025353 -0.5001970470051109
0.08125976835528746 -0.1457819088861199 -0.4914726295080546
0.07324386931308993 -0.1422988369904628 -0.4834114410781955
0.06425739677962157 -0.1386329079995325 -0.476567490293286
1 7 0 1
924
0.03029776229875404 -0.1115685153581083 -0.5327312769276977
1 8 0 16
925
926
927
928
929
930
931
932
933
934
935
936
937
938
939
940
0.02737735399060367 -0.1234848273750771 -0.5324283212715636
0.02697138177344757 -0.1339856909230157 -0.5263643380442879
0.02909294291727861 -0.1416987605364753 -0.5170372583947717
0.03252267139407546 -0.1465982828050069 -0.506275382073162
0.03742509054944021 -0.1489511425098964 -0.4955180135442855
0.04382728676583188 -0.1469211705412161 -0.4852000569056035
0.05055016630190501 -0.1415578640247195 -0.4764564277201126
0.05645663989520349 -0.1318647996980532 -0.4722205084267353
0.0611906701063433 -0.1205128437110413 -0.4716841816206979
0.06418553905503492 -0.1088409155928974 -0.4739947197124517
0.0646910838327921 -0.09817614189284141 -0.4799201864311117
0.06124446801269506 -0.09241022729861828 -0.4899994507163635
0.05598461610850047 -0.09150176927977761 -0.5011015608872981
0.05040968015593299 -0.09140605130015886 -0.5120567456481599
0.04383362367337068 -0.09555263811991771 -0.5215561126402641
0.03697417417155197 -0.1018836299260573 -0.5295433039098332
1 9 0 16
941
942
943
944
945
946
947
948
949
950
951
952
953
954
955
956
0.03697417420622926 -0.1018836298840685 -0.5295433038787593
0.04383362374888609 -0.09555263806027585 -0.521556112542864
0.05040968026499056 -0.09140605126226289 -0.5120567454633931
0.05598461623019377 -0.09150176929808713 -0.5011015606310256
0.0612444681527879 -0.09241022736480935 -0.4899994504052072
0.06469108387971084 -0.09817614219591027 -0.4799201861467459
0.06418553897714067 -0.1088409160351852 -0.4739947195609359
0.06119066993681715 -0.1205128442238688 -0.4716841815978704
0.05645663965647905 -0.1318648001827731 -0.4722205084897702
0.05055016606197993 -0.1415578643160499 -0.4764564280069603
0.04382728653104992 -0.1469211706559827 -0.4852000572400872
0.03742509036846876 -0.1489511425642578 -0.4955180138478257
0.03252267130731654 -0.1465982826988178 -0.5062753823093501
0.02909294286529939 -0.1416987604379815 -0.5170372585635803
0.02697138176087361 -0.1339856908234884 -0.5263643381344942
0.02737735400261652 -0.1234848273160442 -0.5324283212848568
1 10 0 9
957
958
959
960
961
962
963
964
965
0.06194627566680553 -0.1546061535903032 -0.4977615511957497
0.0615056670027682 -0.1593957365496089 -0.5083772652785311
0.05822314894427154 -0.1618691848759047 -0.5191956782586263
0.05609918885857444 -0.1591633055476175 -0.5300041745545856
0.05503501650687277 -0.1500724154021476 -0.5371047672689251
0.0530636585932768 -0.1393584625155223 -0.5411920148073098
0.05125574435097275 -0.1281482220521557 -0.5401083933829838
0.0489661155350941 -0.1177905471901532 -0.5353308169179309
0.04423424533364374 -0.1075359574936959 -0.5324832880156709
1 11 0 7
966
967
968
969
970
971
972
0.07036074220902917 -0.1437475105147117 -0.483585707605981
0.07802687910275222 -0.1360757229257216 -0.4807967267191081
0.08345677562120928 -0.1263513466737011 -0.4802028468041307
0.08486594897146897 -0.1157378730219333 -0.4831441403967406
0.08172837469772473 -0.1064364667483267 -0.488483841911215
0.07616477488269631 -0.09812475539534821 -0.4935651135614649
0.06761666919270858 -0.0923154968341189 -0.4974686003498371
1 12 0 1
973
0.05353716773124492 -0.1470269289550003 -0.4839729939538733
$EndNodes
$Elements
901 985 1 985
0 1 15 1
1 1 
0 2 15 1
2 2 
0 3 15 1
3 3 
0 4 15 1
4 4 
0 5 15 1
5 5 
0 6 15 1
6 6 
0 7 15 1
7 7 
0 8 15 1
8 8 
0 9 15 1
9 9 
0 10 15 1
10 10 
0 11 15 1
11 11 
0 12 15 1
12 12 
0 13 15 1
13 13 
0 14 15 1
14 14 
0 15 15 1
15 15 
0 16 15 1
16 16 
0 17 15 1
17 17 
0 18 15 1
18 18 
0 19 15 1
19 19 
0 20 15 1
20 20 
0 21 15 1
21 21 
0 22 15 1
22 22 
0 23 15 1
23 23 
0 24 15 1
24 24 
0 25 15 1
25 25 
0 26 15 1
26 26 
0 27 15 1
27 27 
0 28 15 1
28 28 
0 29 15 1
29 29 
0 30 15 1
30 30 
0 31 15 1
31 31 
0 32 15 1
32 32 
0 33 15 1
33 33 
0 34 15 1
34 34 
0 35 15 1
35 35 
0 36 15 1
36 36 
0 37 15 1
37 37 
0 38 15 1
38 38 
0 39 15 1
39 39 
0 40 15 1
40 40 
0 41 15 1
41 41 
0 42 15 1
42 42 
0 43 15 1
43 43 
0 44 15 1
44 44 
0 45 15 1
45 45 
0 46 15 1
46 46 
0 47 15 1
47 47 
0 48 15 1
48 48 
0 49 15 1
49 49 
0 50 15 1
50 50 
0 51 15 1
51 51 
0 52 15 1
52 52 
0 53 15 1
53 53 
0 54 15 1
54 54 
0 55 15 1
55 55 
0 56 15 1
56 56 
0 57 15 1
57 57 
0 58 15 1
58 58 
0 59 15 1
59 59 
0 60 15 1
60 60 
0 61 15 1
61 61 
0 62 15 1
62 62 
0 63 15 1
63 63 
0 64 15 1
64 64 
0 65 15 1
65 65 
0 66 15 1
66 66 
0 67 15 1
67 67 
0 68 15 1
68 68 
0 69 15 1
69 69 
0 70 15 1
70 70 
0 71 15 1
71 71 
0 72 15 1
72 72 
0 73 15 1
73 73 
0 74 15 1
74 74 
0 75 15 1
75 75 
0 76 15 1
76 76 
0 77 15 1
77 77 
0 78 15 1
78 78 
0 79 15 1
79 79 
0 80 15 1
80 80 
0 81 15 1
81 81 
0 82 15 1
82 82 
0 83 15 1
83 83 
0 84 15 1
84 84 
0 85 15 1
85 85 
0 86 15 1
86 86 
0 87 15 1
87 87 
0 88 15 1
88 88 
0 89 15 1
89 89 
0 90 15 1
90 90 
0 91 15 1
91 91 
0 92 15 1
92 92 
0 93 15 1
93 93 
0 94 15 1
94 94 
0 95 15 1
95 95 
0 96 15 1
96 96 
0 97 15 1
97 97 
0 98 15 1
98 98 
0 99 15 1
99 99 
0 100 15 1
100 100 
0 101 15 1
101 101 
0 102 15 1
102 102 
0 103 15 1
103 103 
0 104 15 1
104 104 
0 105 15 1
105 105 
0 106 15 1
106 106 
0 107 15 1
107 107 
0 108 15 1
108 108 
0 109 15 1
109 109 
0 110 15 1
110 110 
0 111 15 1
111 111 
0 112 15 1
112 112 
0 113 15 1
113 113 
0 114 15 1
114 114 
0 115 15 1
115 115 
0 116 15 1
116 116 
0 117 15 1
117 117 
0 118 15 1
118 118 
0 119 15 1
119 119 
0 120 15 1
120 120 
0 121 15 1
121 121 
0 122 15 1
122 122 
0 123 15 1
123 123 
0 124 15 1
124 124 
0 125 15 1
125 125 
0 126 15 1
126 126 
0 127 15 1
127 127 
0 128 15 1
128 128 
0 129 15 1
129 129 
0 130 15 1
130 130 
0 131 15 1
131 131 
0 132 15 1
132 132 
0 133 15 1
133 133 
0 134 15 1
134 134 
0 135 15 1
135 135 
0 136 15 1
136 136 
0 137 15 1
137 137 
0 138 15 1
138 138 
0 139 15 1
139 139 
0 140 15 1
140 140 
0 141 15 1
141 141 
0 142 15 1
142 142 
0 143 15 1
143 143 
0 144 15 1
144 144 
0 145 15 1
145 145 
0 146 15 1
146 146 
0 147 15 1
147 147 
0 148 15 1
148 148 
0 149 15 1
149 149 
0 150 15 1
150 150 
0 151 15 1
151 151 
0 152 15 1
152 152 
0 153 15 1
153 153 
0 154 15 1
154 154 
0 155 15 1
155 155 
0 156 15 1
156 156 
0 157 15 1
157 157 
0 158 15 1
158 158 
0 159 15 1
159 159 
0 160 15 1
160 160 
0 161 15 1
161 161 
0 162 15 1
162 162 
0 163 15 1
163 163 
0 164 15 1
164 164 
0 165 15 1
165 165 
0 166 15 1
166 166 
0 167 15 1
167 167 
0 168 15 1
168 168 
0 169 15 1
169 169 
0 170 15 1
170 170 
0 171 15 1
171 171 
0 172 15 1
172 172 
0 173 15 1
173 173 
0 174 15 1
174 174 
0 175 15 1
175 175 
0 176 15 1
176 176 
0 177 15 1
177 177 
0 178 15 1
178 178 
0 179 15 1
179 179 
0 180 15 1
180 180 
0 181 15 1
181 181 
0 182 15 1
182 182 
0 183 15 1
183 183 
0 184 15 1
184 184 
0 185 15 1
185 185 
0 186 15 1
186 186 
0 187 15 1
187 187 
0 188 15 1
188 188 
0 189 15 1
189 189 
0 190 15 1
190 190 
0 191 15 1
191 191 
0 192 15 1
192 192 
0 193 15 1
193 193 
0 194 15 1
194 194 
0 195 15 1
195 195 
0 196 15 1
196 196 
0 197 15 1
197 197 
0 198 15 1
198 198 
0 199 15 1
199 199 
0 200 15 1
200 200 
0 201 15 1
201 201 
0 202 15 1
202 202 
0 203 15 1
203 203 
0 204 15 1
204 204 
0 205 15 1
205 205 
0 206 15 1
206 206 
0 207 15 1
207 207 
0 208 15 1
208 208 
0 209 15 1
209 209 
0 210 15 1
210 210 
0 211 15 1
211 211 
0 212 15 1
212 212 
0 213 15 1
213 213 
0 214 15 1
214 214 
0 215 15 1
215 215 
0 216 15 1
216 216 
0 217 15 1
217 217 
0 218 15 1
218 218 
0 219 15 1
219 219 
0 220 15 1
220 220 
0 221 15 1
221 221 
0 222 15 1
222 222 
0 223 15 1
223 223 
0 224 15 1
224 224 
0 225 15 1
225 225 
0 226 15 1
226 226 
0 227 15 1
227 227 
0 228 15 1
228 228 
0 229 15 1
229 229 
0 230 15 1
230 230 
0 231 15 1
231 231 
0 232 15 1
232 232 
0 233 15 1
233 233 
0 234 15 1
234 234 
0 235 15 1
235 235 
0 236 15 1
236 236 
0 237 15 1
237 237 
0 238 15 1
238 238 
0 239 15 1
239 239 
0 240 15 1
240 240 
0 241 15 1
241 241 
0 242 15 1
242 242 
0 243 15 1
243 243 
0 244 15 1
244 244 
0 245 15 1
245 245 
0 246 15 1
246 246 
0 247 15 1
247 247 
0 248 15 1
248 248 
0 249 15 1
249 249 
0 250 15 1
250 250 
0 251 15 1
251 251 
0 252 15 1
252 252 
0 253 15 1
253 253 
0 254 15 1
254 254 
0 255 15 1
255 255 
0 256 15 1
256 256 
0 257 15 1
257 257 
0 258 15 1
258 258 
0 259 15 1
259 259 
0 260 15 1
260 260 
0 261 15 1
261 261 
0 262 15 1
262 262 
0 263 15 1
263 263 
0 264 15 1
264 264 
0 265 15 1
265 265 
0 266 15 1
266 266 
0 267 15 1
267 267 
0 268 15 1
268 268 
0 269 15 1
269 269 
0 270 15 1
270 270 
0 271 15 1
271 271 
0 272 15 1
272 272 
0 273 15 1
273 273 
0 274 15 1
274 274 
0 275 15 1
275 275 
0 276 15 1
276 276 
0 277 15 1
277 277 
0 278 15 1
278 278 
0 279 15 1
279 279 
0 280 15 1
280 280 
0 281 15 1
281 281 
0 282 15 1
282 282 
0 283 15 1
283 283 
0 284 15 1
284 284 
0 285 15 1
285 285 
0 286 15 1
286 286 
0 287 15 1
287 287 
0 288 15 1
288 288 
0 289 15 1
289 289 
0 290 15 1
290 290 
0 291 15 1
291 291 
0 292 15 1
292 292 
0 293 15 1
293 293 
0 294 15 1
294 294 
0 295 15 1
295 295 
0 296 15 1
296 296 
0 297 15 1
297 297 
0 298 15 1
298 298 
0 299 15 1
299 299 
0 300 15 1
300 300 
0 301 15 1
301 301 
0 302 15 1
302 302 
0 303 15 1
303 303 
0 304 15 1
304 304 
0 305 15 1
305 305 
0 306 15 1
306 306 
0 307 15 1
307 307 
0 308 15 1
308 308 
0 309 15 1
309 309 
0 310 15 1
310 310 
0 311 15 1
311 311 
0 312 15 1
312 312 
0 313 15 1
313 313 
0 314 15 1
314 314 
0 315 15 1
315 315 
0 316 15 1
316 316 
0 317 15 1
317 317 
0 318 15 1
318 318 
0 319 15 1
319 319 
0 320 15 1
320 320 
0 321 15 1
321 321 
0 322 15 1
322 322 
0 323 15 1
323 323 
0 324 15 1
324 324 
0 325 15 1
325 325 
0 326 15 1
326 326 
0 327 15 1
327 327 
0 328 15 1
328 328 
0 329 15 1
329 329 
0 330 15 1
330 330 
0 331 15 1
331 331 
0 332 15 1
332 332 
0 333 15 1
333 333 
0 334 15 1
334 334 
0 335 15 1
335 335 
0 336 15 1
336 336 
0 337 15 1
337 337 
0 338 15 1
338 338 
0 339 15 1
339 339 
0 340 15 1
340 340 
0 341 15 1
341 341 
0 342 15 1
342 342 
0 343 15 1
343 343 
0 344 15 1
344 344 
0 345 15 1
345 345 
0 346 15 1
346 346 
0 347 15 1
347 347 
0 348 15 1
348 348 
0 349 15 1
349 349 
0 350 15 1
350 350 
0 351 15 1
351 351 
0 352 15 1
352 352 
0 353 15 1
353 353 
0 354 15 1
354 354 
0 355 15 1
355 355 
0 356 15 1
356 356 
0 357 15 1
357 357 
0 358 15 1
358 358 
0 359 15 1
359 359 
0 360 15 1
360 360 
0 361 15 1
361 361 
0 362 15 1
362 362 
0 363 15 1
363 363 
0 364 15 1
364 364 
0 365 15 1
365 365 
0 366 15 1
366 366 
0 367 15 1
367 367 
0 368 15 1
368 368 
0 369 15 1
369 369 
0 370 15 1
370 370 
0 371 15 1
371 371 
0 372 15 1
372 372 
0 373 15 1
373 373 
0 374 15 1
374 374 
0 375 15 1
375 375 
0 376 15 1
376 376 
0 377 15 1
377 377 
0 378 15 1
378 378 
0 379 15 1
379 379 
0 380 15 1
380 380 
0 381 15 1
381 381 
0 382 15 1
382 382 
0 383 15 1
383 383 
0 384 15 1
384 384 
0 385 15 1
385 385 
0 386 15 1
386 386 
0 387 15 1
387 387 
0 388 15 1
388 388 
0 389 15 1
389 389 
0 390 15 1
390 390 
0 391 15 1
391 391 
0 392 15 1
392 392 
0 393 15 1
393 393 
0 394 15 1
394 394 
0 395 15 1
395 395 
0 396 15 1
396 396 
0 397 15 1
397 397 
0 398 15 1
398 398 
0 399 15 1
399 399 
0 400 15 1
400 400 
0 401 15 1
401 401 
0 402 15 1
402 402 
0 403 15 1
403 403 
0 404 15 1
404 404 
0 405 15 1
405 405 
0 406 15 1
406 406 
0 407 15 1
407 407 
0 408 15 1
408 408 
0 409 15 1
409 409 
0 410 15 1
410 410 
0 411 15 1
411 411 
0 412 15 1
412 412 
0 413 15 1
413 413 
0 414 15 1
414 414 
0 415 15 1
415 415 
0 416 15 1
416 416 
0 417 15 1
417 417 
0 418 15 1
418 418 
0 419 15 1
419 419 
0 420 15 1
420 420 
0 421 15 1
421 421 
0 422 15 1
422 422 
0 423 15 1
423 423 
0 424 15 1
424 424 
0 425 15 1
425 425 
0 426 15 1
426 426 
0 427 15 1
427 427 
0 428 15 1
428 428 
0 429 15 1
429 429 
0 430 15 1
430 430 
0 431 15 1
431 431 
0 432 15 1
432 432 
0 433 15 1
433 433 
0 434 15 1
434 434 
0 435 15 1
435 435 
0 436 15 1
436 436 
0 437 15 1
437 437 
0 438 15 1
438 438 
0 439 15 1
439 439 
0 440 15 1
440 440 
0 441 15 1
441 441 
0 442 15 1
442 442 
0 443 15 1
443 443 
0 444 15 1
444 444 
0 445 15 1
445 445 
0 446 15 1
446 446 
0 447 15 1
447 447 
0 448 15 1
448 448 
0 449 15 1
449 449 
0 450 15 1
450 450 
0 451 15 1
451 451 
0 452 15 1
452 452 
0 453 15 1
453 453 
0 454 15 1
454 454 
0 455 15 1
455 455 
0 456 15 1
456 456 
0 457 15 1
457 457 
0 458 15 1
458 458 
0 459 15 1
459 459 
0 460 15 1
460 460 
0 461 15 1
461 461 
0 462 15 1
462 462 
0 463 15 1
463 463 
0 464 15 1
464 464 
0 465 15 1
465 465 
0 466 15 1
466 466 
0 467 15 1
467 467 
0 468 15 1
468 468 
0 469 15 1
469 469 
0 470 15 1
470 470 
0 471 15 1
471 471 
0 472 15 1
472 472 
0 473 15 1
473 473 
0 474 15 1
474 474 
0 475 15 1
475 475 
0 476 15 1
476 476 
0 477 15 1
477 477 
0 478 15 1
478 478 
0 479 15 1
479 479 
0 480 15 1
480 480 
0 481 15 1
481 481 
0 482 15 1
482 482 
0 483 15 1
483 483 
0 484 15 1
484 484 
0 485 15 1
485 485 
0 486 15 1
486 486 
0 487 15 1
487 487 
0 488 15 1
488 488 
0 489 15 1
489 489 
0 490 15 1
490 490 
0 491 15 1
491 491 
0 492 15 1
492 492 
0 493 15 1
493 493 
0 494 15 1
494 494 
0 495 15 1
495 495 
0 496 15 1
496 496 
0 497 15 1
497 497 
0 498 15 1
498 498 
0 499 15 1
499 499 
0 500 15 1
500 500 
0 501 15 1
501 501 
0 502 15 1
502 502 
0 503 15 1
503 503 
0 504 15 1
504 504 
0 505 15 1
505 505 
0 506 15 1
506 506 
0 507 15 1
507 507 
0 508 15 1
508 508 
0 509 15 1
509 509 
0 510 15 1
510 510 
0 511 15 1
511 511 
0 512 15 1
512 512 
0 513 15 1
513 513 
0 514 15 1
514 514 
0 515 15 1
515 515 
0 516 15 1
516 516 
0 517 15 1
517 517 
0 518 15 1
518 518 
0 519 15 1
519 519 
0 520 15 1
520 520 
0 521 15 1
521 521 
0 522 15 1
522 522 
0 523 15 1
523 523 
0 524 15 1
524 524 
0 525 15 1
525 525 
0 526 15 1
526 526 
0 527 15 1
527 527 
0 528 15 1
528 528 
0 529 15 1
529 529 
0 530 15 1
530 530 
0 531 15 1
531 531 
0 532 15 1
532 532 
0 533 15 1
533 533 
0 534 15 1
534 534 
0 535 15 1
535 535 
0 536 15 1
536 536 
0 537 15 1
537 537 
0 538 15 1
538 538 
0 539 15 1
539 539 
0 540 15 1
540 540 
0 541 15 1
541 541 
0 542 15 1
542 542 
0 543 15 1
543 543 
0 544 15 1
544 544 
0 545 15 1
545 545 
0 546 15 1
546 546 
0 547 15 1
547 547 
0 548 15 1
548 548 
0 549 15 1
549 549 
0 550 15 1
550 550 
0 551 15 1
551 551 
0 552 15 1
552 552 
0 553 15 1
553 553 
0 554 15 1
554 554 
0 555 15 1
555 555 
0 556 15 1
556 556 
0 557 15 1
557 557 
0 558 15 1
558 558 
0 559 15 1
559 559 
0 560 15 1
560 560 
0 561 15 1
561 561 
0 562 15 1
562 562 
0 563 15 1
563 563 
0 564 15 1
564 564 
0 565 15 1
565 565 
0 566 15 1
566 566 
0 567 15 1
567 567 
0 568 15 1
568 568 
0 569 15 1
569 569 
0 570 15 1
570 570 
0 571 15 1
571 571 
0 572 15 1
572 572 
0 573 15 1
573 573 
0 574 15 1
574 574 
0 575 15 1
575 575 
0 576 15 1
576 576 
0 577 15 1
577 577 
0 578 15 1
578 578 
0 579 15 1
579 579 
0 580 15 1
580 580 
0 581 15 1
581 581 
0 582 15 1
582 582 
0 583 15 1
583 583 
0 584 15 1
584 584 
0 585 15 1
585 585 
0 586 15 1
586 586 
0 587 15 1
587 587 
0 588 15 1
588 588 
0 589 15 1
589 589 
0 590 15 1
590 590 
0 591 15 1
591 591 
0 592 15 1
592 592 
0 593 15 1
593 593 
0 594 15 1
594 594 
0 595 15 1
595 595 
0 596 15 1
596 596 
0 597 15 1
597 597 
0 598 15 1
598 598 
0 599 15 1
599 599 
0 600 15 1
600 600 
0 601 15 1
601 601 
0 602 15 1
602 602 
0 603 15 1
603 603 
0 604 15 1
604 604 
0 605 15 1
605 605 
0 606 15 1
606 606 
0 607 15 1
607 607 
0 608 15 1
608 608 
0 609 15 1
609 609 
0 610 15 1
610 610 
0 611 15 1
611 611 
0 612 15 1
612 612 
0 613 15 1
613 613 
0 614 15 1
614 614 
0 615 15 1
615 615 
0 616 15 1
616 616 
0 617 15 1
617 617 
0 618 15 1
618 618 
0 619 15 1
619 619 
0 620 15 1
620 620 
0 621 15 1
621 621 
0 622 15 1
622 622 
0 623 15 1
623 623 
0 624 15 1
624 624 
0 625 15 1
625 625 
0 626 15 1
626 626 
0 627 15 1
627 627 
0 628 15 1
628 628 
0 629 15 1
629 629 
0 630 15 1
630 630 
0 631 15 1
631 631 
0 632 15 1
632 632 
0 633 15 1
633 633 
0 634 15 1
634 634 
0 635 15 1
635 635 
0 636 15 1
636 636 
0 637 15 1
637 637 
0 638 15 1
638 638 
0 639 15 1
639 639 
0 640 15 1
640 640 
0 641 15 1
641 641 
0 642 15 1
642 642 
0 643 15 1
643 643 
0 644 15 1
644 644 
0 645 15 1
645 645 
0 646 15 1
646 646 
0 647 15 1
647 647 
0 648 15 1
648 648 
0 649 15 1
649 649 
0 650 15 1
650 650 
0 651 15 1
651 651 
0 652 15 1
652 652 
0 653 15 1
653 653 
0 654 15 1
654 654 
0 655 15 1
655 655 
0 656 15 1
656 656 
0 657 15 1
657 657 
0 658 15 1
658 658 
0 659 15 1
659 659 
0 660 15 1
660 660 
0 661 15 1
661 661 
0 662 15 1
662 662 
0 663 15 1
663 663 
0 664 15 1
664 664 
0 665 15 1
665 665 
0 666 15 1
666 666 
0 667 15 1
667 667 
0 668 15 1
668 668 
0 669 15 1
669 669 
0 670 15 1
670 670 
0 671 15 1
671 671 
0 672 15 1
672 672 
0 673 15 1
673 673 
0 674 15 1
674 674 
0 675 15 1
675 675 
0 676 15 1
676 676 
0 677 15 1
677 677 
0 678 15 1
678 678 
0 679 15 1
679 679 
0 680 15 1
680 680 
0 681 15 1
681 681 
0 682 15 1
682 682 
0 683 15 1
683 683 
0 684 15 1
684 684 
0 685 15 1
685 685 
0 686 15 1
686 686 
0 687 15 1
687 687 
0 688 15 1
688 688 
0 689 15 1
689 689 
0 690 15 1
690 690 
0 691 15 1
691 691 
0 692 15 1
692 692 
0 693 15 1
693 693 
0 694 15 1
694 694 
0 695 15 1
695 695 
0 696 15 1
696 696 
0 697 15 1
697 697 
0 698 15 1
698 698 
0 699 15 1
699 699 
0 700 15 1
700 700 
0 701 15 1
701 701 
0 702 15 1
702 702 
0 703 15 1
703 703 
0 704 15 1
704 704 
0 705 15 1
705 705 
0 706 15 1
706 706 
0 707 15 1
707 707 
0 708 15 1
708 708 
0 709 15 1
709 709 
0 710 15 1
710 710 
0 711 15 1
711 711 
0 712 15 1
712 712 
0 713 15 1
713 713 
0 714 15 1
714 714 
0 715 15 1
715 715 
0 716 15 1
716 716 
0 717 15 1
717 717 
0 718 15 1
718 718 
0 719 15 1
719 719 
0 720 15 1
720 720 
0 721 15 1
721 721 
0 722 15 1
722 722 
0 723 15 1
723 723 
0 724 15 1
724 724 
0 725 15 1
725 725 
0 726 15 1
726 726 
0 727 15 1
727 727 
0 728 15 1
728 728 
0 729 15 1
729 729 
0 730 15 1
730 730 
0 731 15 1
731 731 
0 732 15 1
732 732 
0 733 15 1
733 733 
0 734 15 1
734 734 
0 735 15 1
735 735 
0 736 15 1
736 736 
0 737 15 1
737 737 
0 738 15 1
738 738 
0 739 15 1
739 739 
0 740 15 1
740 740 
0 741 15 1
741 741 
0 742 15 1
742 742 
0 743 15 1
743 743 
0 744 15 1
744 744 
0 745 15 1
745 745 
0 746 15 1
746 746 
0 747 15 1
747 747 
0 748 15 1
748 748 
0 749 15 1
749 749 
0 750 15 1
750 750 
0 751 15 1
751 751 
0 752 15 1
752 752 
0 753 15 1
753 753 
0 754 15 1
754 754 
0 755 15 1
755 755 
0 756 15 1
756 756 
0 757 15 1
757 757 
0 758 15 1
758 758 
0 759 15 1
759 759 
0 760 15 1
760 760 
0 761 15 1
761 761 
0 762 15 1
762 762 
0 763 15 1
763 763 
0 764 15 1
764 764 
0 765 15 1
765 765 
0 766 15 1
766 766 
0 767 15 1
767 767 
0 768 15 1
768 768 
0 769 15 1
769 769 
0 770 15 1
770 770 
0 771 15 1
771 771 
0 772 15 1
772 772 
0 773 15 1
773 773 
0 774 15 1
774 774 
0 775 15 1
775 775 
0 776 15 1
776 776 
0 777 15 1
777 777 
0 778 15 1
778 778 
0 779 15 1
779 779 
0 780 15 1
780 780 
0 781 15 1
781 781 
0 782 15 1
782 782 
0 783 15 1
783 783 
0 784 15 1
784 784 
0 785 15 1
785 785 
0 786 15 1
786 786 
0 787 15 1
787 787 
0 788 15 1
788 788 
0 789 15 1
789 789 
0 790 15 1
790 790 
0 791 15 1
791 791 
0 792 15 1
792 792 
0 793 15 1
793 793 
0 794 15 1
794 794 
0 795 15 1
795 795 
0 796 15 1
796 796 
0 797 15 1
797 797 
0 798 15 1
798 798 
0 799 15 1
799 799 
0 800 15 1
800 800 
0 801 15 1
801 801 
0 802 15 1
802 802 
0 803 15 1
803 803 
0 804 15 1
804 804 
0 805 15 1
805 805 
0 806 15 1
806 806 
0 807 15 1
807 807 
0 808 15 1
808 808 
0 809 15 1
809 809 
0 810 15 1
810 810 
0 811 15 1
811 811 
0 812 15 1
812 812 
0 813 15 1
813 813 
0 814 15 1
814 814 
0 815 15 1
815 815 
0 816 15 1
816 816 
0 817 15 1
817 817 
0 818 15 1
818 818 
0 819 15 1
819 819 
0 820 15 1
820 820 
0 821 15 1
821 821 
0 822 15 1
822 822 
0 823 15 1
823 823 
0 824 15 1
824 824 
0 825 15 1
825 825 
0 826 15 1
826 826 
0 827 15 1
827 827 
0 828 15 1
828 828 
0 829 15 1
829 829 
0 830 15 1
830 830 
0 831 15 1
831 831 
0 832 15 1
832 832 
0 833 15 1
833 833 
0 834 15 1
834 834 
0 835 15 1
835 835 
0 836 15 1
836 836 
0 837 15 1
837 837 
0 838 15 1
838 838 
0 839 15 1
839 839 
0 840 15 1
840 840 
0 841 15 1
841 841 
0 842 15 1
842 842 
0 843 15 1
843 843 
0 844 15 1
844 844 
0 845 15 1
845 845 
0 846 15 1
846 846 
0 847 15 1
847 847 
0 848 15 1
848 848 
0 849 15 1
849 849 
0 850 15 1
850 850 
0 851 15 1
851 851 
0 852 15 1
852 852 
0 853 15 1
853 853 
0 854 15 1
854 854 
0 855 15 1
855 855 
0 856 15 1
856 856 
0 857 15 1
857 857 
0 858 15 1
858 858 
0 859 15 1
859 859 
0 860 15 1
860 860 
0 861 15 1
861 861 
0 862 15 1
862 862 
0 863 15 1
863 863 
0 864 15 1
864 864 
0 865 15 1
865 865 
0 866 15 1
866 866 
0 867 15 1
867 867 
0 868 15 1
868 868 
0 869 15 1
869 869 
0 870 15 1
870 870 
0 871 15 1
871 871 
0 872 15 1
872 872 
0 873 15 1
873 873 
0 874 15 1
874 874 
0 875 15 1
875 875 
0 876 15 1
876 876 
0 877 15 1
877 877 
0 878 15 1
878 878 
0 879 15 1
879 879 
0 880 15 1
880 880 
0 881 15 1
881 881 
0 882 15 1
882 882 
0 883 15 1
883 883 
0 884 15 1
884 884 
0 885 15 1
885 885 
0 886 15 1
886 886 
0 887 15 1
887 887 
0 888 15 1
888 888 
0 889 15 1
889 889 
1 1 1 6
890 1 890 
891 890 891 
892 891 892 
893 892 893 
894 893 894 
895 894 61 
1 2 1 2
896 62 895 
897 895 70 
1 3 1 13
898 71 896 
899 896 897 
900 897 898 
901 898 899 
902 899 900 
903 900 901 
904 901 902 
905 902 903 
906 903 904 
907 904 905 
908 905 906 
909 906 907 
910 907 207 
1 4 1 8
911 208 908 
912 908 909 
913 909 910 
914 910 911 
915 911 912 
916 912 913 
917 913 914 
918 914 263 
1 5 1 6
919 264 915 
920 915 916 
921 916 917 
922 917 918 
923 918 919 
924 919 295 
1 6 1 5
925 296 920 
926 920 921 
927 921 922 
928 922 923 
929 923 333 
1 7 1 2
930 334 924 
931 924 335 
1 8 1 17
932 336 925 
933 925 926 
934 926 927 
935 927 928 
936 928 929 
937 929 930 
938 930 931 
939 931 932 
940 932 933 
941 933 934 
942 934 935 
943 935 936 
944 936 937 
945 937 938 
946 938 939 
947 939 940 
948 940 530 
1 9 1 17
949 531 941 
950 941 942 
951 942 943 
952 943 944 
953 944 945 
954 945 946 
955 946 947 
956 947 948 
957 948 949 
958 949 950 
959 950 951 
960 951 952 
961 952 953 
962 953 954 
963 954 955 
964 955 956 
965 956 725 
1 10 1 10
966 726 957 
967 957 958 
968 958 959 
969 959 960 
970 960 961 
971 961 962 
972 962 963 
973 963 964 
974 964 965 
975 965 801 
1 11 1 8
976 802 966 
977 966 967 
978 967 968 
979 968 969 
980 969 970 
981 970 971 
982 971 972 
983 972 871 
1 12 1 2
984 872 973 
985 973 889 
$EndElements
