$MeshFormat
4.1 0 8
$EndMeshFormat
$Entities
889 12 0 0
1 0.0653356926462892 -0.09285007374705406 -0.4904604658357921 0 
2 0.06532839725028447 -0.09274878742891433 -0.4908977131073506 0 
3 0.06532076308282933 -0.09260438480382899 -0.4915292797763053 0 
4 0.06524735610254155 -0.09247652910650234 -0.4922524085146314 0 
5 0.06517524041296176 -0.09233582330603235 -0.4930937404063881 0 
6 0.06509174090516756 -0.09219797972677163 -0.494010623977479 0 
7 0.06496135802922379 -0.09209249118163954 -0.4949387465988204 0 
8 0.06480597313221988 -0.09197521444802179 -0.4959571008355541 0 
9 0.06463386291438333 -0.09191128314301868 -0.4969841082287183 0 
10 0.06443540041956922 -0.09184349548587036 -0.4980826200583708 0 
11 0.06418497156862001 -0.0918005971506775 -0.4991489385464972 0 
12 0.06394406232082958 -0.0917656509144279 -0.5003041480433321 0 
13 0.06363014566069017 -0.0917344697518388 -0.5014362731373594 0 
14 0.06338417202390545 -0.09170880382912656 -0.5026156626309339 0 
15 0.06309358589687766 -0.09172485473694499 -0.5038201281414318 0 
16 0.06280964077555848 -0.09174672023561661 -0.5050773140307775 0 
17 0.06249147318371545 -0.09176447568549675 -0.5063491506994749 0 
18 0.06213427722577811 -0.09183342246498524 -0.5076275628340002 0 
19 0.06174154804133661 -0.09192985808550141 -0.5089120904468845 0 
20 0.06130916306056219 -0.09208630907012452 -0.5101913885444858 0 
21 0.06084341451132629 -0.09226855727206108 -0.5114674172325608 0 
22 0.0603374924261746 -0.09252889730503429 -0.5127214358321234 0 
23 0.05980267447910682 -0.09281222111894023 -0.5139660688200804 0 
24 0.05923142483771424 -0.09316227829205717 -0.5151787677463422 0 
25 0.05863158609166372 -0.09354661937666951 -0.5163689186898417 0 
26 0.05800136168405191 -0.09398995992368925 -0.5175232712075463 0 
27 0.05734867978823512 -0.09445420211135408 -0.5186537007674838 0 
28 0.05666993976576461 -0.09496428350871064 -0.5197475258984839 0 
29 0.05596950713414559 -0.09550440696007405 -0.5208100238572864 0 
30 0.05524692526460034 -0.09608951237615536 -0.5218287978009128 0 
31 0.05450456151940741 -0.09670541126289062 -0.5228119108848811 0 
32 0.05374423961559558 -0.09733515032147479 -0.5237709627713325 0 
33 0.05296610877658164 -0.09799595030885433 -0.5246910268278414 0 
34 0.05217176783870441 -0.09867174933606875 -0.5255832620295371 0 
35 0.05136196478701372 -0.09937493886815192 -0.5264351065007312 0 
36 0.05053829816161061 -0.1000987028205166 -0.5272505005566415 0 
37 0.04970241306071092 -0.1008346826361926 -0.5280341044339851 0 
38 0.04885561699608822 -0.101590022152433 -0.5287771431769668 0 
39 0.04799952503161078 -0.1023507888406935 -0.5294908501128173 0 
40 0.04713342750238447 -0.1031543820264983 -0.5301306808681301 0 
41 0.04626159103862776 -0.103960266208464 -0.5307393659483759 0 
42 0.04538202311100314 -0.1048162118875022 -0.5312449886817159 0 
43 0.04450107978813096 -0.1056640933585725 -0.5317264994384779 0 
44 0.04361775895908418 -0.1065417049370838 -0.5321051037861818 0 
45 0.04273583006679287 -0.1074135064283949 -0.5324386138909223 0 
46 0.04185713697953215 -0.1082780333631503 -0.5327202571532921 0 
47 0.0409815443954145 -0.1091368427079057 -0.5329176313710301 0 
48 0.04011023197525276 -0.1099708745865029 -0.5331011342559668 0 
49 0.03924232725672144 -0.1107817816678144 -0.5332489455429539 0 
50 0.03837678371366795 -0.1115678646772922 -0.5333578664338037 0 
51 0.03751193844367489 -0.1123243660680189 -0.5334270552109271 0 
52 0.03664470868544831 -0.1130450999464603 -0.5334908871186169 0 
53 0.03577208622388005 -0.1137290379410923 -0.533528733005987 0 
54 0.03488878115623889 -0.1143723588618578 -0.5335610825449444 0 
55 0.03398871816857942 -0.1149757957779399 -0.533563873377793 0 
56 0.03306317063135997 -0.1155386990128485 -0.5335508184289648 0 
57 0.03210090721146137 -0.1160634630458123 -0.5335191686806781 0 
58 0.03109419795138932 -0.1165550088642358 -0.5334328069973148 0 
59 0.03002971191203633 -0.1170135909479614 -0.5333006281850861 0 
60 0.02890203599837482 -0.1174322797321271 -0.5331125850256691 0 
61 0.02771811636645158 -0.1177820404833641 -0.5328566320084679 0 
62 0.0653356926462892 -0.09285007374705406 -0.4904604658357921 0 
63 0.06505544542990709 -0.09282764693323134 -0.4903101436282903 0 
64 0.06464537000204092 -0.09279440616984513 -0.4901086822256099 0 
65 0.06415364268041218 -0.09275389979467227 -0.4898945645445188 0 
66 0.06360543475529223 -0.09272120208405848 -0.4896452872095282 0 
67 0.06303006801914803 -0.09272509885181322 -0.4893515222734116 0 
68 0.06241380793132933 -0.09273179856269594 -0.489063580030721 0 
69 0.06176384185683564 -0.09274279510979618 -0.4887971472443682 0 
70 0.06109530059549 -0.09277699103302579 -0.4884851988241422 0 
71 0.0653356926462892 -0.09285007374705406 -0.4904604658357921 0 
72 0.06562323525867604 -0.09297378687901654 -0.4901735407717352 0 
73 0.06605294548261778 -0.09318096191521054 -0.4897553277433502 0 
74 0.06652556861692567 -0.09348539659910868 -0.4892428033338788 0 
75 0.06703266536614123 -0.0938272715356983 -0.4886794296465492 0 
76 0.06758539201419814 -0.09420899907915647 -0.4880827141299755 0 
77 0.06810421627732069 -0.09470474752579754 -0.4874313588781398 0 
78 0.06865214713567706 -0.09522013534593472 -0.4867779020402425 0 
79 0.06916558629676425 -0.09581202598765118 -0.4860996887027164 0 
80 0.06968219769809833 -0.09646432518517849 -0.4854090261999602 0 
81 0.07015125448472991 -0.09715311529205045 -0.484709998104442 0 
82 0.07062115825814375 -0.09792780748874882 -0.4840086423155042 0 
83 0.07101984422821608 -0.09874459330289644 -0.4832977111132963 0 
84 0.07141125207798299 -0.09961148237643334 -0.4825970644091647 0 
85 0.07172142458583479 -0.1005520300130703 -0.4819488673108248 0 
86 0.07200216506088236 -0.1015229578158113 -0.4812993253915431 0 
87 0.07225843724823321 -0.1025219435802642 -0.4806507206590231 0 
88 0.07243709674842982 -0.1035865565932932 -0.4800669843007906 0 
89 0.07260134983529577 -0.1046848530854286 -0.4794831841843087 0 
90 0.07269971786865673 -0.1058096377192017 -0.4789542560735552 0 
91 0.07277325034985936 -0.106960947514266 -0.478415178027216 0 
92 0.07281724529624631 -0.1081172177448007 -0.4779211462012919 0 
93 0.07279459421465485 -0.109314364974162 -0.4774368666735031 0 
94 0.07278244113587613 -0.1105501078467987 -0.4769549859963212 0 
95 0.07271299768956777 -0.1117639284625757 -0.4765384495300904 0 
96 0.07260028839317777 -0.1130383363896027 -0.4761047226677091 0 
97 0.07244916702672534 -0.1142840103641746 -0.4757307080460379 0 
98 0.07226157948619798 -0.1155644260499898 -0.4753664370094161 0 
99 0.07202969799272185 -0.11684091037146 -0.475044016011717 0 
100 0.07177136991417171 -0.1181065558360983 -0.474755389282476 0 
101 0.07146767169397018 -0.1194028929132138 -0.4744934849767243 0 
102 0.07114064709050177 -0.1206388002183494 -0.4742808169446253 0 
103 0.0707735111490944 -0.1219358668061234 -0.4740931927832622 0 
104 0.07038863099780431 -0.1231395050330958 -0.4739557163604867 0 
105 0.06994766482533671 -0.1243932440234929 -0.473849489663775 0 
106 0.06950391387623892 -0.1255874944780218 -0.473781245851408 0 
107 0.06905035147666649 -0.1267749391951253 -0.4737543163818846 0 
108 0.06853925450791037 -0.1279340824590031 -0.4737804291586304 0 
109 0.06805056969063362 -0.1290650440390597 -0.4738202351097319 0 
110 0.06750153189711067 -0.1301634501229226 -0.4739208336628001 0 
111 0.06697749633502666 -0.1312499163021655 -0.4740319925331998 0 
112 0.06640951698784545 -0.1322850048851665 -0.4741949556101812 0 
113 0.0658643632029164 -0.1333324694327502 -0.474384402441679 0 
114 0.06525511658707357 -0.1343239058242351 -0.4746028883837096 0 
115 0.06468895395070665 -0.1353037098278048 -0.4748397156708641 0 
116 0.06408588950617683 -0.1362430170877656 -0.4751090548940446 0 
117 0.06346373058601035 -0.1371693147952008 -0.4754303152085961 0 
118 0.06285610548380499 -0.1380536402758463 -0.4757645057592639 0 
119 0.06220741853843548 -0.138910726002721 -0.4761571363954635 0 
120 0.06160173097151955 -0.1397115180316325 -0.476573206446759 0 
121 0.06096117519007831 -0.1404633538595281 -0.4770546762499628 0 
122 0.06035474961635433 -0.141204955566739 -0.4775683135340619 0 
123 0.059736506444785 -0.1418787894728655 -0.478124382315165 0 
124 0.05913591931570736 -0.1425633152475993 -0.4787301073841808 0 
125 0.05851998289671721 -0.1432114652093419 -0.4793798904582592 0 
126 0.05794527679730183 -0.1438376748197639 -0.4800475217494125 0 
127 0.05733142457572859 -0.1444431045648531 -0.4807396360601332 0 
128 0.05674779901737501 -0.1450391261238244 -0.4814451634567993 0 
129 0.05614284287015694 -0.1455994120213689 -0.4821515416525109 0 
130 0.05556943805856634 -0.1461798642168871 -0.4828898189525582 0 
131 0.05497656948830991 -0.1467207541147761 -0.4836330734530364 0 
132 0.05441993403875552 -0.1472567909001698 -0.4843867321396792 0 
133 0.05384570134451106 -0.1477737509976025 -0.485171435153309 0 
134 0.05330104088635784 -0.1482653277777381 -0.4859609420357452 0 
135 0.05274230664569084 -0.1487542035095596 -0.4867846262945672 0 
136 0.05220797768448189 -0.1491928779749359 -0.4876158781920629 0 
137 0.05168756219172386 -0.1496209003554996 -0.4884918806942609 0 
138 0.05116585142473934 -0.1500349944424217 -0.48941002911419 0 
139 0.05067283542599157 -0.1504143608065406 -0.4903306256803541 0 
140 0.05014738473287358 -0.1507776883027686 -0.4912934311554912 0 
141 0.04964456633288278 -0.1511097197583251 -0.4922566564798326 0 
142 0.04913888385756018 -0.1514313650832896 -0.4932542519177212 0 
143 0.0486226232915699 -0.1517246110006942 -0.494283232250102 0 
144 0.04813975764423575 -0.1519826731349718 -0.4953195002140017 0 
145 0.04763623045299475 -0.152203051232949 -0.496386723585158 0 
146 0.04715321100771749 -0.1523692887596949 -0.4974848206310751 0 
147 0.04669114300510868 -0.1525090005657129 -0.4986172510324942 0 
148 0.04622391833037581 -0.1525443833030499 -0.4997858899980686 0 
149 0.0457668055491077 -0.152515003087384 -0.5009805955477477 0 
150 0.04531769253775132 -0.1524247810816881 -0.5021998820152664 0 
151 0.04486858166216486 -0.1522254091144217 -0.5033862711365605 0 
152 0.04439745442341503 -0.1519922370932129 -0.5045815795217448 0 
153 0.04395499506313527 -0.1517014491594965 -0.5057210384463735 0 
154 0.04347896901867063 -0.1513445438158094 -0.5068934606012946 0 
155 0.043015563808278 -0.1509782089478611 -0.5080560017434769 0 
156 0.04250236888395085 -0.150562089563081 -0.5092340897493722 0 
157 0.04197631618873086 -0.1501513089565113 -0.5104466466993438 0 
158 0.04161374365388631 -0.1498395056624311 -0.5115745757471417 0 
159 0.04122339786430799 -0.1495176983720199 -0.5127032435011901 0 
160 0.04097978788930066 -0.1492777894582386 -0.5137420548869102 0 
161 0.04072072987830208 -0.1490188735927296 -0.5147854455430512 0 
162 0.04042945510956025 -0.1487653730653457 -0.5158338868478113 0 
163 0.0401486335656186 -0.1484418013840034 -0.5168794962623982 0 
164 0.0398486596653659 -0.148100023363058 -0.5179261530275229 0 
165 0.03958668563009232 -0.1476476037376075 -0.5189570646489211 0 
166 0.03928621124493218 -0.1472026293819328 -0.5199912344512715 0 
167 0.0390532942910461 -0.1466182954944577 -0.5209933288214131 0 
168 0.03879611357000168 -0.1460207226481184 -0.5219946468889082 0 
169 0.03862058938960927 -0.1452906799756368 -0.5229253843708348 0 
170 0.03842745614709036 -0.1445413095775258 -0.5238508001294203 0 
171 0.03826364569765336 -0.1437255756670269 -0.5247353965973627 0 
172 0.03808789766227592 -0.1428879483824284 -0.5256063235111447 0 
173 0.03792851419425847 -0.1420029285038726 -0.5264391443667281 0 
174 0.03778676712520175 -0.1410730429760698 -0.5272305694131415 0 
175 0.03763089710468635 -0.1401311313676377 -0.528008135490686 0 
176 0.03749142330504956 -0.13915040978514 -0.5287399874438654 0 
177 0.03734253910558383 -0.1381604225513327 -0.5294527432307972 0 
178 0.0372039763125044 -0.1371443896414469 -0.5301238792953932 0 
179 0.03706072361102806 -0.136121597239688 -0.5307732239082323 0 
180 0.03694392324713643 -0.1350646964283497 -0.5313566606896184 0 
181 0.03683188183259688 -0.1339967090942402 -0.5319041947126985 0 
182 0.03673141667087666 -0.1329124479071119 -0.53240636878397 0 
183 0.03665380951320902 -0.1318064056643795 -0.5328394103821839 0 
184 0.03660393848284493 -0.1306736338709668 -0.53318764289094 0 
185 0.03655303281450068 -0.1295380749233941 -0.5335115724383539 0 
186 0.03653794987283124 -0.1283717093812612 -0.5337092659047795 0 
187 0.03652044556739162 -0.1272084427377536 -0.5338855424451534 0 
188 0.03651673582219066 -0.1260365098439143 -0.5339776943064221 0 
189 0.03650787605857403 -0.1248686797682817 -0.5340520507451473 0 
190 0.03650260765908992 -0.1237022467758267 -0.5340539611980896 0 
191 0.03648721297528201 -0.1225431303509059 -0.5340477113677408 0 
192 0.03646474259228522 -0.1213920098610161 -0.5340015373408836 0 
193 0.03642748900118644 -0.1202502383878363 -0.533960978757496 0 
194 0.03637607544176245 -0.1191211902990991 -0.5338950283402082 0 
195 0.03630571742178945 -0.1180056394921894 -0.5338316687240195 0 
196 0.03621379514593269 -0.1169061373277468 -0.5337656348403444 0 
197 0.03609682440413121 -0.115824998102811 -0.5336979545320394 0 
198 0.03595107470214598 -0.1147653467619653 -0.5336178313455466 0 
199 0.03577208622388005 -0.1137290379410923 -0.533528733005987 0 
200 0.0355552010999417 -0.1127185696481803 -0.5334247507948238 0 
201 0.03529493416103549 -0.1117348168600582 -0.5333134540039386 0 
202 0.03498908433510402 -0.1107831926871333 -0.5331467896466521 0 
203 0.03463046048344458 -0.109856374175114 -0.5329745373615008 0 
204 0.03421756926993412 -0.1089593797403884 -0.5327410577786397 0 
205 0.03375144835823683 -0.10808958572337 -0.53244795394113 0 
206 0.03322717822381994 -0.1072278807478849 -0.5321274126016469 0 
207 0.03266055808881547 -0.1063971267408604 -0.5316739798762304 0 
208 0.09560460569518028 -0.14551704568091 -0.5097098916648619 0 
209 0.09611881690876564 -0.1448908566215872 -0.5096468867210122 0 
210 0.09674437859761018 -0.144059639551857 -0.509692003569821 0 
211 0.09743302599761587 -0.1431201064035459 -0.5098973564238183 0 
212 0.09818597641108384 -0.1420634693578896 -0.5102202596787568 0 
213 0.09887199646707075 -0.1411184036989103 -0.5107663291325917 0 
214 0.09940990673365863 -0.1402138745715525 -0.5114965123707328 0 
215 0.09995958312845375 -0.1392278771291512 -0.5123452670247068 0 
216 0.1002860266068157 -0.1384096521442705 -0.5134381229538572 0 
217 0.1004987719689296 -0.1375942693759069 -0.5146503107624851 0 
218 0.1005427205765437 -0.1367540721995309 -0.5159354477889235 0 
219 0.1004503767945405 -0.1358850381067921 -0.5172758610378094 0 
220 0.1002258009459167 -0.1349793245483657 -0.5186593402450973 0 
221 0.09988356252141445 -0.1340114924744777 -0.5200584666987782 0 
222 0.09945765338274203 -0.1329733640338489 -0.5214663270626314 0 
223 0.0989188302235821 -0.1318503007634321 -0.5228437296889379 0 
224 0.09834391940748984 -0.1306488350324137 -0.5242300405822096 0 
225 0.0976529258732111 -0.1293603077572816 -0.5255716621185537 0 
226 0.09688340608376989 -0.1279785242044368 -0.5268722827884156 0 
227 0.09602328777911912 -0.1265154803266156 -0.5281210070903058 0 
228 0.09502985805218925 -0.1249574580270684 -0.5292629406670494 0 
229 0.09387602128204867 -0.123326605381157 -0.5302742414004979 0 
230 0.0925397703725363 -0.1216739976990119 -0.5310459695109025 0 
231 0.09102672000730085 -0.1200584466099981 -0.5315905076620131 0 
232 0.08940740835448394 -0.1184913837467526 -0.5319341963178031 0 
233 0.08771165379003373 -0.117002962542459 -0.5320618253762009 0 
234 0.08595556186136548 -0.1156420610582124 -0.5319623512051354 0 
235 0.08418672300404924 -0.1143739411533772 -0.5317226860541258 0 
236 0.0824421037362283 -0.1131532510993631 -0.5314123277479085 0 
237 0.08072333816129798 -0.1119861601624921 -0.5310311090548873 0 
238 0.07905291258910437 -0.1108264509717277 -0.5306444098965112 0 
239 0.07742088226942531 -0.109695339784247 -0.5302297613902338 0 
240 0.07583668360774355 -0.1085675926094379 -0.5298228475438344 0 
241 0.07428725402239403 -0.1074708843586703 -0.5293933182488758 0 
242 0.07277992363350892 -0.1063825830866116 -0.5289710998302574 0 
243 0.07129889746128076 -0.1053339749131992 -0.5285212543325127 0 
244 0.06984502847276368 -0.104323534723604 -0.5280539286043326 0 
245 0.06842114883288351 -0.1033377852897986 -0.5275823504579644 0 
246 0.06701582922601661 -0.1024026165742923 -0.5270822239539596 0 
247 0.06562931180493459 -0.1015253817507938 -0.5265491134273864 0 
248 0.06426383690526587 -0.1006920387607532 -0.526003131979627 0 
249 0.06292273591407786 -0.09988988773428686 -0.5254522903070206 0 
250 0.06159510753564904 -0.0991519139106859 -0.5248710099179936 0 
251 0.06028711090514182 -0.098461428402872 -0.5242759135121242 0 
252 0.05899970295397431 -0.09780586203065814 -0.5236767190123033 0 
253 0.05772899341688519 -0.09721771925465848 -0.5230522192650771 0 
254 0.05647945882647563 -0.09664011650724071 -0.5224403819228317 0 
255 0.05524692526460034 -0.09608951237615536 -0.5218287978009128 0 
256 0.05403073156109568 -0.09556087493110577 -0.5212186148171556 0 
257 0.05282723877444796 -0.09506801372655367 -0.5206025152234058 0 
258 0.05163587943508441 -0.09460980266372918 -0.5199773991394198 0 
259 0.05045590167235199 -0.0941803787589113 -0.519347389639668 0 
260 0.04928630359141573 -0.09381158316788869 -0.5186915176586622 0 
261 0.04812758297721105 -0.09347386527408136 -0.5180265894276731 0 
262 0.0469821204732992 -0.09319999740253734 -0.5173365244705476 0 
263 0.04584949830723754 -0.09297165405310211 -0.5166267433176911 0 
264 0.09560460569518028 -0.14551704568091 -0.5097098916648619 0 
265 0.09525315581016872 -0.1460379255031434 -0.5103421874058292 0 
266 0.09463815722780683 -0.1468065737915117 -0.5111122436386819 0 
267 0.09376300363353832 -0.1477623252296655 -0.5119608013161783 0 
268 0.0922951425515585 -0.1491505470136139 -0.5127232352350972 0 
269 0.08973127465613247 -0.1514387169333474 -0.5130577071746458 0 
270 0.08682357131256115 -0.1538234729244126 -0.513237657922587 0 
271 0.08377133519035804 -0.1561526071015057 -0.5132813003431648 0 
272 0.08062094450856955 -0.1583078073648509 -0.5131811665557366 0 
273 0.07731711299978292 -0.1601301121207076 -0.5129235888131179 0 
274 0.07383721231185371 -0.1613417894314767 -0.5125533465450742 0 
275 0.070318563731777 -0.1617793009065037 -0.5121596573109014 0 
276 0.06698326935495919 -0.1616432572292741 -0.51171722097841 0 
277 0.06388796179239334 -0.1611156856139372 -0.5112305992583511 0 
278 0.06108138446676132 -0.1602883928486922 -0.5106816835473518 0 
279 0.0585930361745491 -0.159243478180462 -0.5101191455679671 0 
280 0.05636806860679074 -0.1580992983945626 -0.509540172345279 0 
281 0.05433421757363868 -0.1570138165992021 -0.5088891562492206 0 
282 0.05245400632144785 -0.1559698265183542 -0.5081797670421069 0 
283 0.05069373974239781 -0.1550051817299425 -0.5074826966594996 0 
284 0.0490179875186688 -0.1541305256718479 -0.5067791091049585 0 
285 0.04743363509092051 -0.153320996586826 -0.5060340007140598 0 
286 0.04589331140658524 -0.1526076634040593 -0.5052889274355723 0 
287 0.04439745442341503 -0.1519922370932129 -0.5045815795217448 0 
288 0.04295839129171673 -0.1514514458873932 -0.5038442180623683 0 
289 0.04153548921355514 -0.1509503070602757 -0.503115414712759 0 
290 0.0401458744774719 -0.1505090374703741 -0.5023978378717591 0 
291 0.03879730218338493 -0.1501198637403826 -0.5016573717758367 0 
292 0.03747242703938073 -0.1497402500924675 -0.5009384478860545 0 
293 0.0362508323514666 -0.1493953528536726 -0.5002876089604078 0 
294 0.03518617848295601 -0.1491136677014032 -0.4997584281574395 0 
295 0.03358849883079999 -0.148675516248 -0.500301539898 0 
296 0.09560460569518028 -0.14551704568091 -0.5097098916648619 0 
297 0.09501406406225052 -0.1460059024150118 -0.5085929873655414 0 
298 0.09416570975774043 -0.1464875160257645 -0.5071679005934087 0 
299 0.09283999645267894 -0.1471489144544566 -0.505249028981584 0 
300 0.09148886930723643 -0.1475795956719712 -0.50337157537512 0 
301 0.09012465028285016 -0.1477927724674947 -0.5015626299031486 0 
302 0.08874386015604691 -0.1478072566269682 -0.4998570405942994 0 
303 0.08738350210158211 -0.1476670604923594 -0.4982369901467376 0 
304 0.08605335670415706 -0.1474102225568712 -0.496697795254621 0 
305 0.08476181894004325 -0.1470543337875242 -0.4952440180690184 0 
306 0.08351421966910719 -0.1466426862606794 -0.4938733717915355 0 
307 0.08229965363251371 -0.14619658578105 -0.4925712847579084 0 
308 0.08111568805269392 -0.1457221580832082 -0.4913212554715662 0 
309 0.07996397974067097 -0.1452237219095955 -0.4901182154011057 0 
310 0.07885278572787513 -0.1447306835834372 -0.4889696824063974 0 
311 0.07775567884619478 -0.1442564464989923 -0.4878444112085578 0 
312 0.07668555814010172 -0.1437756527884705 -0.4867418525191898 0 
313 0.07563125647774536 -0.1433182686253061 -0.4856923854543713 0 
314 0.07456283635112285 -0.1428642879401662 -0.4846504813822362 0 
315 0.0735241886739257 -0.1424203681415733 -0.4836725364148723 0 
316 0.07248675640198884 -0.1419707631016225 -0.4827187778390716 0 
317 0.07142453220000161 -0.141528810012062 -0.4818066871369466 0 
318 0.07036201544048445 -0.1410707900533327 -0.4809226730306135 0 
319 0.06930656320050255 -0.1406592073956116 -0.4800910295431852 0 
320 0.06826022341476845 -0.1402225758702692 -0.4792795120224789 0 
321 0.06716906296557545 -0.1397878298298991 -0.4785005077876956 0 
322 0.06609507203933335 -0.1393651414896598 -0.4777682319297075 0 
323 0.06502670626331242 -0.1389339185241391 -0.4770615658836871 0 
324 0.06394519698098554 -0.1385084937750251 -0.4763762572766964 0 
325 0.06285610548380499 -0.1380536402758463 -0.4757645057592639 0 
326 0.0617426560664277 -0.1376061006300253 -0.4752087721266433 0 
327 0.06064235656663053 -0.1371114779522938 -0.4746770026540753 0 
328 0.05959360064492873 -0.1366305748242515 -0.4741883722758778 0 
329 0.05842014309768719 -0.13613403721764 -0.4737600438938593 0 
330 0.0572701505228185 -0.1356463916433519 -0.4733534239721876 0 
331 0.05602042007416116 -0.1351099472224346 -0.4729729184796517 0 
332 0.05502185920978139 -0.1347122493318857 -0.4727067884816256 0 
333 0.05402205768402513 -0.1343019270010047 -0.4724818674595385 0 
334 0.03041774422122236 -0.1116214343471653 -0.5327732672316329 0 
335 0.03017778060003831 -0.1115155964787728 -0.5326892867043026 0 
336 0.03041774422122236 -0.1116214343471653 -0.5327732672316329 0 
337 0.03039684931707552 -0.1120701108825224 -0.5328586249258499 0 
338 0.03023176734975914 -0.112800467265659 -0.5329655701700518 0 
339 0.03000174439693966 -0.1136684374965137 -0.5330272657695585 0 
340 0.02973541074885906 -0.1145902732041153 -0.5330856973208593 0 
341 0.02945217356893429 -0.1155386727198526 -0.5331270240625777 0 
342 0.02917389194280652 -0.1164854781834449 -0.5331319451538232 0 
343 0.02890203599837482 -0.1174322797321271 -0.5331125850256691 0 
344 0.02862345280405918 -0.1184149312743309 -0.5330839180900396 0 
345 0.02834477799483387 -0.1194258588494932 -0.5330342256680028 0 
346 0.02808165545290124 -0.1204457114208285 -0.5329214536586514 0 
347 0.02782484162211602 -0.1214740543669086 -0.5328068287232242 0 
348 0.02758747715970056 -0.1225103065507908 -0.5326190108364037 0 
349 0.02736353971456135 -0.1235531485496738 -0.532412673007942 0 
350 0.02716985377516499 -0.1245894824146598 -0.5321345310240779 0 
351 0.02700732266160743 -0.1256103737781634 -0.5318000783834136 0 
352 0.02687197614187323 -0.1266139549362011 -0.5314216571165342 0 
353 0.02678490097389924 -0.127574303535614 -0.5309629114167139 0 
354 0.02671913251314193 -0.1285171123188505 -0.5304801733612601 0 
355 0.02668942738991795 -0.1294233126530104 -0.5299369421015344 0 
356 0.0266851438780004 -0.1303075015654132 -0.5293640116303551 0 
357 0.02671232056630163 -0.1311574840330383 -0.5287451425876004 0 
358 0.02675924962247594 -0.1319888651585136 -0.5281037082883967 0 
359 0.02682730633440224 -0.1327967377146125 -0.5274346003247631 0 
360 0.02692072953383131 -0.1335743451910411 -0.5267350110399895 0 
361 0.02702147976331549 -0.1343482925803962 -0.5260269246615393 0 
362 0.02715474314047112 -0.1350875373302385 -0.5252750572080225 0 
363 0.02728974869026598 -0.1358334316623731 -0.5245178658277644 0 
364 0.02744052255817964 -0.1365613305846481 -0.5237392848324457 0 
365 0.02760311650898964 -0.1372796842052189 -0.522944227675329 0 
366 0.02778516018860789 -0.1379871892970002 -0.5221166125055888 0 
367 0.02797497620396057 -0.1386966471113221 -0.5212712250496178 0 
368 0.02819105330845837 -0.1393860906991678 -0.5203844480797118 0 
369 0.0284151546791375 -0.1400762106081614 -0.51947878874606 0 
370 0.02867121456612929 -0.1407344306745625 -0.5185272192573924 0 
371 0.0289362446207367 -0.1413846784106002 -0.5175584729770902 0 
372 0.02924101151358168 -0.1419787712013957 -0.5165555194015112 0 
373 0.02954296725484722 -0.1425574684290842 -0.515558309575578 0 
374 0.0298535390547603 -0.1430580400364985 -0.5145981982417137 0 
375 0.03015222369722773 -0.1435206990694926 -0.5136785018893687 0 
376 0.03044251576709027 -0.1439211106729533 -0.5128138162390715 0 
377 0.0307207834040094 -0.1442954088003484 -0.511980794463029 0 
378 0.0309990538919783 -0.1446550630416906 -0.5111471105962269 0 
379 0.03128392050106885 -0.1449934556555548 -0.5103018298525763 0 
380 0.03156605087506659 -0.1453412498476289 -0.5094349597068477 0 
381 0.03184633754097355 -0.145688514291574 -0.5085468319551311 0 
382 0.03212027519834269 -0.1460404621509741 -0.5076340068061752 0 
383 0.03237880149758259 -0.1464163923376335 -0.5066909096067344 0 
384 0.03269859280463718 -0.1468206915884087 -0.5057806132585411 0 
385 0.03298525887068179 -0.1472414184449737 -0.5048241572253277 0 
386 0.03338499549156972 -0.1477059590467794 -0.5038737953875505 0 
387 0.0337906579029196 -0.148157131808104 -0.5029190180131127 0 
388 0.03421744305109486 -0.1485439123861294 -0.5018789469172753 0 
389 0.03465754473431137 -0.1488866555973978 -0.500828880090986 0 
390 0.03518617848295601 -0.1491136677014032 -0.4997584281574395 0 
391 0.03575135415348619 -0.149187410185838 -0.498684199120481 0 
392 0.03625363362882912 -0.1492089446872863 -0.4976532663426415 0 
393 0.03677065174021232 -0.1491581558982593 -0.4966093933258218 0 
394 0.03735474994921893 -0.1489724739250078 -0.4956360827113734 0 
395 0.03793307336381736 -0.148801981847933 -0.4946562095850532 0 
396 0.0384247664355102 -0.1486518748017059 -0.4937679329903532 0 
397 0.03891478777284275 -0.1485051612793458 -0.4928780697612977 0 
398 0.03951298933405363 -0.1483725651340174 -0.4919304977135134 0 
399 0.04011575381183272 -0.1482366698674445 -0.4909871241589812 0 
400 0.04073905025904093 -0.1480977038209979 -0.490040433344029 0 
401 0.04136682997636166 -0.1479477089393111 -0.4890988092009767 0 
402 0.0419921657701272 -0.1477236934919344 -0.4880476257366244 0 
403 0.04262646594575641 -0.1474660780416622 -0.487011371665939 0 
404 0.04320845233493559 -0.1472180076516247 -0.4861166811660251 0 
405 0.04379907605045558 -0.1469349713596187 -0.4852403349102076 0 
406 0.04445479212861624 -0.1466077603501238 -0.4843332639479843 0 
407 0.0451186506838297 -0.1462389653839358 -0.4834501885565745 0 
408 0.04579481514533759 -0.1457781921849738 -0.4824975629644294 0 
409 0.04647425357722571 -0.145290591654544 -0.4815626146924868 0 
410 0.04712557159952947 -0.1447686200656679 -0.4806839971073781 0 
411 0.04777728662474219 -0.14423205132532 -0.4798170167970228 0 
412 0.04844520353205355 -0.1436611972338536 -0.4790006559875022 0 
413 0.04911255297085679 -0.1430779788701663 -0.4781959865720649 0 
414 0.04975839587718925 -0.1424123604871833 -0.4774038655552841 0 
415 0.05040391017532053 -0.1417303515696146 -0.4766311520870403 0 
416 0.05096306378571906 -0.1410368702034586 -0.4759669669106485 0 
417 0.05152093850896147 -0.1403212047702606 -0.4753288160175085 0 
418 0.05208552763406971 -0.139558298233083 -0.4747569985435651 0 
419 0.05264602742321228 -0.1387366801598474 -0.4742518713813397 0 
420 0.05304666573886134 -0.1379897031380402 -0.4738661513000479 0 
421 0.05344621643966835 -0.1372304733980305 -0.4735008275833074 0 
422 0.05398229773337265 -0.1364400414944688 -0.4731929408561251 0 
423 0.05451398448556988 -0.1356242573577235 -0.4729519763320159 0 
424 0.05502185920978139 -0.1347122493318857 -0.4727067884816256 0 
425 0.0555227079088796 -0.1337796213493526 -0.4725139631742655 0 
426 0.05598645691462391 -0.1327869815965181 -0.4723417229976322 0 
427 0.05647067003176214 -0.1318362093274212 -0.4722167728174607 0 
428 0.0569088824533408 -0.1308998529903123 -0.4720939186058041 0 
429 0.0573412633475167 -0.1300085936445516 -0.4720162440462917 0 
430 0.05775039335490689 -0.1291738661147107 -0.4719453730126117 0 
431 0.05810011952449864 -0.1283303359187252 -0.4718775852435147 0 
432 0.05850577065874756 -0.1274162860314499 -0.4718129623598754 0 
433 0.05886945937278054 -0.1264740114449418 -0.4717576879494534 0 
434 0.05927638369535586 -0.1255089783360973 -0.4717067764584763 0 
435 0.05966803670182793 -0.1245150073280809 -0.4716722078105704 0 
436 0.06008078314859719 -0.123522741310031 -0.4716470798010596 0 
437 0.0604790154975306 -0.1224745708162005 -0.4716377024803932 0 
438 0.06088527913059334 -0.12142985561472 -0.4716513545185826 0 
439 0.06124961854938153 -0.1203371071001555 -0.4716922375396975 0 
440 0.06164879542738368 -0.1191914380442182 -0.4717568208553951 0 
441 0.06198693834936119 -0.1180398800400489 -0.4718740236500414 0 
442 0.06235219353450794 -0.1168862424742851 -0.4720055655634016 0 
443 0.06265263960187725 -0.1157401511173596 -0.4721953175151497 0 
444 0.06297842127482513 -0.114624312163763 -0.4723957277713881 0 
445 0.06323497066329943 -0.1135021185143149 -0.4726459655573571 0 
446 0.06350239745631968 -0.112428448879308 -0.4729044381634251 0 
447 0.06371764271399892 -0.1113423743189127 -0.4732055570573997 0 
448 0.0639363450032837 -0.1102961472075764 -0.4735155487977493 0 
449 0.06411658516804165 -0.1092361322418772 -0.47386075655135 0 
450 0.06429304918144599 -0.108206117742438 -0.4742186591396567 0 
451 0.06444018750426884 -0.1071730954030396 -0.4746148449079378 0 
452 0.06456140836403071 -0.1061922632379491 -0.4750280449054032 0 
453 0.06469126029759939 -0.1052138526930557 -0.4754523594217843 0 
454 0.06475298381923794 -0.1042582057834047 -0.4758918472358916 0 
455 0.06484990344149366 -0.103351523861645 -0.4763416405524172 0 
456 0.06488149492022169 -0.1024990319766397 -0.4768275178697248 0 
457 0.06491593242126856 -0.1016409835698078 -0.4773468641335442 0 
458 0.06488762041115879 -0.1007803960452894 -0.477892339459185 0 
459 0.0648774238280319 -0.0999895181220479 -0.478449125433818 0 
460 0.06479181129588381 -0.09917855713573047 -0.4790622331736835 0 
461 0.06471725044014831 -0.09836046492376584 -0.4797507324073779 0 
462 0.06459173701190091 -0.09761620858687547 -0.4804670805715116 0 
463 0.06444968773590194 -0.09691722921570456 -0.4811906089897439 0 
464 0.06421466691036716 -0.09620727543793334 -0.4820130801640313 0 
465 0.06397410426496966 -0.09557314334192983 -0.4828436792806006 0 
466 0.06369884094785391 -0.09498045051993537 -0.4837853425700144 0 
467 0.06337947957726341 -0.09442635022196683 -0.4847323826060753 0 
468 0.06299610889009197 -0.09389903166131076 -0.4857169237941658 0 
469 0.0626163537639664 -0.0934663425438659 -0.4867037048792804 0 
470 0.06223119968045164 -0.09306927620298991 -0.4877648213204672 0 
471 0.06176384185683564 -0.09274279510979618 -0.4887971472443682 0 
472 0.06131557328468503 -0.09244589321826935 -0.4898400901907957 0 
473 0.06083924061190421 -0.09224941133580475 -0.4908906129200251 0 
474 0.06037227347343884 -0.09207785219350302 -0.4919642173021648 0 
475 0.05985961201677141 -0.09195984891822961 -0.4930047179620743 0 
476 0.05939503838901095 -0.09187269463651579 -0.4939785297168743 0 
477 0.05891571274217587 -0.09181261316377566 -0.4949691326922034 0 
478 0.0584405927689105 -0.09176726318855981 -0.4959639251874857 0 
479 0.05798528291594465 -0.09172427573433892 -0.4969368030198962 0 
480 0.05750609824758419 -0.09167899347329519 -0.4979141393677257 0 
481 0.0569991631526775 -0.09163138536454066 -0.4989344250829811 0 
482 0.05649637215410669 -0.09157294013662826 -0.4999854469259051 0 
483 0.05601724790978226 -0.0915066470278241 -0.5010325750437666 0 
484 0.05552107659683866 -0.09142813802041112 -0.5020555720237118 0 
485 0.05502195776186516 -0.09134490813722587 -0.5030937617700171 0 
486 0.05454250385007434 -0.09125889608766791 -0.504116081233085 0 
487 0.05405578908803556 -0.0911775405697311 -0.5051361388278067 0 
488 0.05355160080101241 -0.09111563256238761 -0.5061711203065948 0 
489 0.05303311673969809 -0.09105525527200968 -0.5072154584094161 0 
490 0.05248853865026441 -0.091058025965087 -0.5082806401684524 0 
491 0.05192957426374187 -0.09108919512006942 -0.5093419009707719 0 
492 0.05137179696926327 -0.09116276268785986 -0.5103671009476718 0 
493 0.05081147793911744 -0.09127731653370644 -0.5113666667642974 0 
494 0.05024725973481314 -0.09146176691809893 -0.512330899268163 0 
495 0.04968045454227502 -0.09165527868731953 -0.5132696392734764 0 
496 0.0491298059137134 -0.09192343275477291 -0.5141476022445254 0 
497 0.04858463773882267 -0.09220446928817987 -0.5149927358904656 0 
498 0.04804736299624197 -0.09251660170975659 -0.5157985383692668 0 
499 0.04751268475762385 -0.0928328665337697 -0.5165869070305241 0 
500 0.0469821204732992 -0.09319999740253734 -0.5173365244705476 0 
501 0.04644578836701732 -0.09357391839498233 -0.5180830920409766 0 
502 0.04589595095865577 -0.09397837973346798 -0.5188317889997079 0 
503 0.04532969894116004 -0.09440370025126481 -0.5195915097336197 0 
504 0.0447339884615478 -0.09484189480898189 -0.5203866981819639 0 
505 0.04412340035514016 -0.09532381728775123 -0.5211815530635268 0 
506 0.04349658645381788 -0.09581903739782756 -0.5219900069705415 0 
507 0.04286542828393744 -0.09631921385350617 -0.5227984818108155 0 
508 0.04223796922490466 -0.09683320385893564 -0.5235881405423424 0 
509 0.04161254214228739 -0.09734438374254893 -0.5243709222034756 0 
510 0.04099169752589319 -0.09785316537688639 -0.525140597486196 0 
511 0.04036044250320853 -0.09841578336661033 -0.5258938492753363 0 
512 0.03970103249439118 -0.09901541003157284 -0.526664892832686 0 
513 0.03903306885252786 -0.09966405626346773 -0.527419232105802 0 
514 0.03835797595128809 -0.1003616914214233 -0.5281457469995148 0 
515 0.03768732442552959 -0.1010756500069032 -0.5288391511951921 0 
516 0.03703958188760555 -0.1018051303748066 -0.529483833691401 0 
517 0.03641067013981183 -0.1025935352378638 -0.5300175734521785 0 
518 0.03581092162180386 -0.1033639088378022 -0.5305183083274659 0 
519 0.03524423049537066 -0.1041365428004339 -0.5309573128559724 0 
520 0.03471983441541669 -0.1048940599057245 -0.531309632283008 0 
521 0.03420991802422261 -0.1056517034032486 -0.5316319927903429 0 
522 0.0337113380830767 -0.1064335078043704 -0.531899519895582 0 
523 0.03322717822381994 -0.1072278807478849 -0.5321274126016469 0 
524 0.03274973041164111 -0.1080263736807821 -0.5323192210445145 0 
525 0.03228732655988328 -0.1088084949039996 -0.5324720848471519 0 
526 0.03184790640301335 -0.1095496778095708 -0.5326035119046518 0 
527 0.03143844840039608 -0.1102297842010738 -0.5326970714256347 0 
528 0.03107760699670074 -0.1108068408569247 -0.5327472278315094 0 
529 0.03072739659079018 -0.1113013383797315 -0.5327847750822978 0 
530 0.03041774422122236 -0.1116214343471653 -0.5327732672316329 0 
531 0.03041774422122236 -0.1116214343471653 -0.5327732672316329 0 
532 0.03072739659079018 -0.1113013383797315 -0.5327847750822978 0 
533 0.03107760699670074 -0.1108068408569247 -0.5327472278315094 0 
534 0.03143844840039608 -0.1102297842010738 -0.5326970714256347 0 
535 0.03184790640301335 -0.1095496778095708 -0.5326035119046518 0 
536 0.03228732655988328 -0.1088084949039996 -0.5324720848471519 0 
537 0.03274973041164111 -0.1080263736807821 -0.5323192210445145 0 
538 0.03322717822381994 -0.1072278807478849 -0.5321274126016469 0 
539 0.0337113380830767 -0.1064335078043704 -0.531899519895582 0 
540 0.03420991802422261 -0.1056517034032486 -0.5316319927903429 0 
541 0.03471983441541669 -0.1048940599057245 -0.531309632283008 0 
542 0.03524423049537066 -0.1041365428004339 -0.5309573128559724 0 
543 0.03581092162180386 -0.1033639088378022 -0.5305183083274659 0 
544 0.03641067013981183 -0.1025935352378638 -0.5300175734521785 0 
545 0.03703958188760555 -0.1018051303748066 -0.529483833691401 0 
546 0.03768732442552959 -0.1010756500069032 -0.5288391511951921 0 
547 0.03835797595128809 -0.1003616914214233 -0.5281457469995148 0 
548 0.03903306885252786 -0.09966405626346773 -0.527419232105802 0 
549 0.03970103249439118 -0.09901541003157284 -0.526664892832686 0 
550 0.04036044250320853 -0.09841578336661033 -0.5258938492753363 0 
551 0.04099169752589319 -0.09785316537688639 -0.525140597486196 0 
552 0.04161254214228739 -0.09734438374254893 -0.5243709222034756 0 
553 0.04223796922490466 -0.09683320385893564 -0.5235881405423424 0 
554 0.04286542828393744 -0.09631921385350617 -0.5227984818108155 0 
555 0.04349658645381788 -0.09581903739782756 -0.5219900069705415 0 
556 0.04412340035514016 -0.09532381728775123 -0.5211815530635268 0 
557 0.0447339884615478 -0.09484189480898189 -0.5203866981819639 0 
558 0.04532969894116004 -0.09440370025126481 -0.5195915097336197 0 
559 0.04589595095865577 -0.09397837973346798 -0.5188317889997079 0 
560 0.04644578836701732 -0.09357391839498233 -0.5180830920409766 0 
561 0.0469821204732992 -0.09319999740253734 -0.5173365244705476 0 
562 0.04751268475762385 -0.0928328665337697 -0.5165869070305241 0 
563 0.04804736299624197 -0.09251660170975659 -0.5157985383692668 0 
564 0.04858463773882267 -0.09220446928817987 -0.5149927358904656 0 
565 0.0491298059137134 -0.09192343275477291 -0.5141476022445254 0 
566 0.04968045454227502 -0.09165527868731953 -0.5132696392734764 0 
567 0.05024725973481314 -0.09146176691809893 -0.512330899268163 0 
568 0.05081147793911744 -0.09127731653370644 -0.5113666667642974 0 
569 0.05137179696926327 -0.09116276268785986 -0.5103671009476718 0 
570 0.05192957426374187 -0.09108919512006942 -0.5093419009707719 0 
571 0.05248853865026441 -0.091058025965087 -0.5082806401684524 0 
572 0.05303311673969809 -0.09105525527200968 -0.5072154584094161 0 
573 0.05355160080101241 -0.09111563256238761 -0.5061711203065948 0 
574 0.05405578908803556 -0.0911775405697311 -0.5051361388278067 0 
575 0.05454250385007434 -0.09125889608766791 -0.504116081233085 0 
576 0.05502195776186516 -0.09134490813722587 -0.5030937617700171 0 
577 0.05552107659683866 -0.09142813802041112 -0.5020555720237118 0 
578 0.05601724790978226 -0.0915066470278241 -0.5010325750437666 0 
579 0.05649637215410669 -0.09157294013662826 -0.4999854469259051 0 
580 0.0569991631526775 -0.09163138536454066 -0.4989344250829811 0 
581 0.05750609824758419 -0.09167899347329519 -0.4979141393677257 0 
582 0.05798528291594465 -0.09172427573433892 -0.4969368030198962 0 
583 0.0584405927689105 -0.09176726318855981 -0.4959639251874857 0 
584 0.05891571274217587 -0.09181261316377566 -0.4949691326922034 0 
585 0.05939503838901095 -0.09187269463651579 -0.4939785297168743 0 
586 0.05985961201677141 -0.09195984891822961 -0.4930047179620743 0 
587 0.06037227347343884 -0.09207785219350302 -0.4919642173021648 0 
588 0.06083924061190421 -0.09224941133580475 -0.4908906129200251 0 
589 0.06131557328468503 -0.09244589321826935 -0.4898400901907957 0 
590 0.06176384185683564 -0.09274279510979618 -0.4887971472443682 0 
591 0.06223119968045164 -0.09306927620298991 -0.4877648213204672 0 
592 0.0626163537639664 -0.0934663425438659 -0.4867037048792804 0 
593 0.06299610889009197 -0.09389903166131076 -0.4857169237941658 0 
594 0.06337947957726341 -0.09442635022196683 -0.4847323826060753 0 
595 0.06369884094785391 -0.09498045051993537 -0.4837853425700144 0 
596 0.06397410426496966 -0.09557314334192983 -0.4828436792806006 0 
597 0.06421466691036716 -0.09620727543793334 -0.4820130801640313 0 
598 0.06444968773590194 -0.09691722921570456 -0.4811906089897439 0 
599 0.06459173701190091 -0.09761620858687547 -0.4804670805715116 0 
600 0.06471725044014831 -0.09836046492376584 -0.4797507324073779 0 
601 0.06479181129588381 -0.09917855713573047 -0.4790622331736835 0 
602 0.0648774238280319 -0.0999895181220479 -0.478449125433818 0 
603 0.06488762041115879 -0.1007803960452894 -0.477892339459185 0 
604 0.06491593242126856 -0.1016409835698078 -0.4773468641335442 0 
605 0.06488149492022169 -0.1024990319766397 -0.4768275178697248 0 
606 0.06484990344149366 -0.103351523861645 -0.4763416405524172 0 
607 0.06475298381923794 -0.1042582057834047 -0.4758918472358916 0 
608 0.06469126029759939 -0.1052138526930557 -0.4754523594217843 0 
609 0.06456140836403071 -0.1061922632379491 -0.4750280449054032 0 
610 0.06444018750426884 -0.1071730954030396 -0.4746148449079378 0 
611 0.06429304918144599 -0.108206117742438 -0.4742186591396567 0 
612 0.06411658516804165 -0.1092361322418772 -0.47386075655135 0 
613 0.0639363450032837 -0.1102961472075764 -0.4735155487977493 0 
614 0.06371764271399892 -0.1113423743189127 -0.4732055570573997 0 
615 0.06350239745631968 -0.112428448879308 -0.4729044381634251 0 
616 0.06323497066329943 -0.1135021185143149 -0.4726459655573571 0 
617 0.06297842127482513 -0.114624312163763 -0.4723957277713881 0 
618 0.06265263960187725 -0.1157401511173596 -0.4721953175151497 0 
619 0.06235219353450794 -0.1168862424742851 -0.4720055655634016 0 
620 0.06198693834936119 -0.1180398800400489 -0.4718740236500414 0 
621 0.06164879542738368 -0.1191914380442182 -0.4717568208553951 0 
622 0.06124961854938153 -0.1203371071001555 -0.4716922375396975 0 
623 0.06088527913059334 -0.12142985561472 -0.4716513545185826 0 
624 0.0604790154975306 -0.1224745708162005 -0.4716377024803932 0 
625 0.06008078314859719 -0.123522741310031 -0.4716470798010596 0 
626 0.05966803670182793 -0.1245150073280809 -0.4716722078105704 0 
627 0.05927638369535586 -0.1255089783360973 -0.4717067764584763 0 
628 0.05886945937278054 -0.1264740114449418 -0.4717576879494534 0 
629 0.05850577065874756 -0.1274162860314499 -0.4718129623598754 0 
630 0.05810011952449864 -0.1283303359187252 -0.4718775852435147 0 
631 0.05775039335490689 -0.1291738661147107 -0.4719453730126117 0 
632 0.0573412633475167 -0.1300085936445516 -0.4720162440462917 0 
633 0.0569088824533408 -0.1308998529903123 -0.4720939186058041 0 
634 0.05647067003176214 -0.1318362093274212 -0.4722167728174607 0 
635 0.05598645691462391 -0.1327869815965181 -0.4723417229976322 0 
636 0.0555227079088796 -0.1337796213493526 -0.4725139631742655 0 
637 0.05502185920978139 -0.1347122493318857 -0.4727067884816256 0 
638 0.05451398448556988 -0.1356242573577235 -0.4729519763320159 0 
639 0.05398229773337265 -0.1364400414944688 -0.4731929408561251 0 
640 0.05344621643966835 -0.1372304733980305 -0.4735008275833074 0 
641 0.05304666573886134 -0.1379897031380402 -0.4738661513000479 0 
642 0.05264602742321228 -0.1387366801598474 -0.4742518713813397 0 
643 0.05208552763406971 -0.139558298233083 -0.4747569985435651 0 
644 0.05152093850896147 -0.1403212047702606 -0.4753288160175085 0 
645 0.05096306378571906 -0.1410368702034586 -0.4759669669106485 0 
646 0.05040391017532053 -0.1417303515696146 -0.4766311520870403 0 
647 0.04975839587718925 -0.1424123604871833 -0.4774038655552841 0 
648 0.04911255297085679 -0.1430779788701663 -0.4781959865720649 0 
649 0.04844520353205355 -0.1436611972338536 -0.4790006559875022 0 
650 0.04777728662474219 -0.14423205132532 -0.4798170167970228 0 
651 0.04712557159952947 -0.1447686200656679 -0.4806839971073781 0 
652 0.04647425357722571 -0.145290591654544 -0.4815626146924868 0 
653 0.04579481514533759 -0.1457781921849738 -0.4824975629644294 0 
654 0.0451186506838297 -0.1462389653839358 -0.4834501885565745 0 
655 0.04445479212861624 -0.1466077603501238 -0.4843332639479843 0 
656 0.04379907605045558 -0.1469349713596187 -0.4852403349102076 0 
657 0.04320845233493559 -0.1472180076516247 -0.4861166811660251 0 
658 0.04262646594575641 -0.1474660780416622 -0.487011371665939 0 
659 0.0419921657701272 -0.1477236934919344 -0.4880476257366244 0 
660 0.04136682997636166 -0.1479477089393111 -0.4890988092009767 0 
661 0.04073905025904093 -0.1480977038209979 -0.490040433344029 0 
662 0.04011575381183272 -0.1482366698674445 -0.4909871241589812 0 
663 0.03951298933405363 -0.1483725651340174 -0.4919304977135134 0 
664 0.03891478777284275 -0.1485051612793458 -0.4928780697612977 0 
665 0.0384247664355102 -0.1486518748017059 -0.4937679329903532 0 
666 0.03793307336381736 -0.148801981847933 -0.4946562095850532 0 
667 0.03735474994921893 -0.1489724739250078 -0.4956360827113734 0 
668 0.03677065174021232 -0.1491581558982593 -0.4966093933258218 0 
669 0.03625363362882912 -0.1492089446872863 -0.4976532663426415 0 
670 0.03575135415348619 -0.149187410185838 -0.498684199120481 0 
671 0.03518617848295601 -0.1491136677014032 -0.4997584281574395 0 
672 0.03465754473431137 -0.1488866555973978 -0.500828880090986 0 
673 0.03421744305109486 -0.1485439123861294 -0.5018789469172753 0 
674 0.0337906579029196 -0.148157131808104 -0.5029190180131127 0 
675 0.03338499549156972 -0.1477059590467794 -0.5038737953875505 0 
676 0.03298525887068179 -0.1472414184449737 -0.5048241572253277 0 
677 0.03269859280463718 -0.1468206915884087 -0.5057806132585411 0 
678 0.03237880149758259 -0.1464163923376335 -0.5066909096067344 0 
679 0.03212027519834269 -0.1460404621509741 -0.5076340068061752 0 
680 0.03184633754097355 -0.145688514291574 -0.5085468319551311 0 
681 0.03156605087506659 -0.1453412498476289 -0.5094349597068477 0 
682 0.03128392050106885 -0.1449934556555548 -0.5103018298525763 0 
683 0.0309990538919783 -0.1446550630416906 -0.5111471105962269 0 
684 0.0307207834040094 -0.1442954088003484 -0.511980794463029 0 
685 0.03044251576709027 -0.1439211106729533 -0.5128138162390715 0 
686 0.03015222369722773 -0.1435206990694926 -0.5136785018893687 0 
687 0.0298535390547603 -0.1430580400364985 -0.5145981982417137 0 
688 0.02954296725484722 -0.1425574684290842 -0.515558309575578 0 
689 0.02924101151358168 -0.1419787712013957 -0.5165555194015112 0 
690 0.0289362446207367 -0.1413846784106002 -0.5175584729770902 0 
691 0.02867121456612929 -0.1407344306745625 -0.5185272192573924 0 
692 0.0284151546791375 -0.1400762106081614 -0.51947878874606 0 
693 0.02819105330845837 -0.1393860906991678 -0.5203844480797118 0 
694 0.02797497620396057 -0.1386966471113221 -0.5212712250496178 0 
695 0.02778516018860789 -0.1379871892970002 -0.5221166125055888 0 
696 0.02760311650898964 -0.1372796842052189 -0.522944227675329 0 
697 0.02744052255817964 -0.1365613305846481 -0.5237392848324457 0 
698 0.02728974869026598 -0.1358334316623731 -0.5245178658277644 0 
699 0.02715474314047112 -0.1350875373302385 -0.5252750572080225 0 
700 0.02702147976331549 -0.1343482925803962 -0.5260269246615393 0 
701 0.02692072953383131 -0.1335743451910411 -0.5267350110399895 0 
702 0.02682730633440224 -0.1327967377146125 -0.5274346003247631 0 
703 0.02675924962247594 -0.1319888651585136 -0.5281037082883967 0 
704 0.02671232056630163 -0.1311574840330383 -0.5287451425876004 0 
705 0.0266851438780004 -0.1303075015654132 -0.5293640116303551 0 
706 0.02668942738991795 -0.1294233126530104 -0.5299369421015344 0 
707 0.02671913251314193 -0.1285171123188505 -0.5304801733612601 0 
708 0.02678490097389924 -0.127574303535614 -0.5309629114167139 0 
709 0.02687197614187323 -0.1266139549362011 -0.5314216571165342 0 
710 0.02700732266160743 -0.1256103737781634 -0.5318000783834136 0 
711 0.02716985377516499 -0.1245894824146598 -0.5321345310240779 0 
712 0.02736353971456135 -0.1235531485496738 -0.532412673007942 0 
713 0.02758747715970056 -0.1225103065507908 -0.5326190108364037 0 
714 0.02782484162211602 -0.1214740543669086 -0.5328068287232242 0 
715 0.02808165545290124 -0.1204457114208285 -0.5329214536586514 0 
716 0.02834477799483387 -0.1194258588494932 -0.5330342256680028 0 
717 0.02862345280405918 -0.1184149312743309 -0.5330839180900396 0 
718 0.02890203599837482 -0.1174322797321271 -0.5331125850256691 0 
719 0.02917389194280652 -0.1164854781834449 -0.5331319451538232 0 
720 0.02945217356893429 -0.1155386727198526 -0.5331270240625777 0 
721 0.02973541074885906 -0.1145902732041153 -0.5330856973208593 0 
722 0.03000174439693966 -0.1136684374965137 -0.5330272657695585 0 
723 0.03023176734975914 -0.112800467265659 -0.5329655701700518 0 
724 0.03039684931707552 -0.1120701108825224 -0.5328586249258499 0 
725 0.03041774422122236 -0.1116214343471653 -0.5327732672316329 0 
726 0.06132320991839404 -0.1490128921946267 -0.4875576833415567 0 
727 0.06135717417470415 -0.1492543311654214 -0.4879159822469871 0 
728 0.06141545141878479 -0.149587776793119 -0.4884265247056794 0 
729 0.06146144381160963 -0.1499796603607715 -0.489055899846991 0 
730 0.06153089880480776 -0.150424794160967 -0.4897815174282125 0 
731 0.06160432362526432 -0.1509057078735569 -0.4905821483592687 0 
732 0.06165100704271028 -0.1514113721261084 -0.4914641103698196 0 
733 0.06171163703308469 -0.1519376564110409 -0.4924037761872264 0 
734 0.06177445837689119 -0.1524731942865448 -0.4934152875721654 0 
735 0.06182281099378133 -0.1530226533577032 -0.4944843014681365 0 
736 0.06187323820401881 -0.1535921013529457 -0.4956238245366053 0 
737 0.06192253499087851 -0.1541912692276365 -0.4968616228487094 0 
738 0.06195351727297243 -0.1547709561923362 -0.4981260378608708 0 
739 0.06197102378427422 -0.1553732012410955 -0.499481468837309 0 
740 0.06199091834034869 -0.1560406852295672 -0.5009371226583855 0 
741 0.06196933262794061 -0.1566871220670985 -0.5024099118701231 0 
742 0.06191149926739424 -0.1574319972874325 -0.503994121102554 0 
743 0.06178722650882329 -0.1581929464559745 -0.5056428068076364 0 
744 0.06164633765586514 -0.1589913594948046 -0.5074010381597865 0 
745 0.0613985006242678 -0.1596441725936752 -0.5090035605936811 0 
746 0.06108138446676132 -0.1602883928486922 -0.5106816835473518 0 
747 0.06071068423015739 -0.1607200363528392 -0.5121885988672034 0 
748 0.06026489544616541 -0.1611111755752391 -0.5136855095775295 0 
749 0.05974395064037086 -0.1614497498429857 -0.5152410476176135 0 
750 0.05912724027048747 -0.161699420453704 -0.516855998336695 0 
751 0.05841741464664796 -0.161827427602729 -0.5185920429324766 0 
752 0.0578901493814202 -0.1619262238670957 -0.5203331215339704 0 
753 0.05729492629074198 -0.1618932493401182 -0.5221210916773045 0 
754 0.05696003889688648 -0.1617898008993973 -0.5239430756239133 0 
755 0.05665887903404028 -0.1613703004170036 -0.5258058147220382 0 
756 0.05638945459790384 -0.1606544989919611 -0.527627151737733 0 
757 0.05617464924267434 -0.1596531760686316 -0.5293354060363462 0 
758 0.05600243732350921 -0.1584181283521792 -0.5308993690580373 0 
759 0.05584559975828163 -0.1570303834906462 -0.5323170226235616 0 
760 0.05569265481880539 -0.1555344347537516 -0.5335925155251215 0 
761 0.0555311421519263 -0.1539650398151605 -0.5347486677304801 0 
762 0.05534622897841157 -0.1523394537461133 -0.5357956797768203 0 
763 0.05512515259219184 -0.1506840788277774 -0.5367644339299177 0 
764 0.05487079574134046 -0.1490074330514648 -0.5376674345776679 0 
765 0.05460143827487761 -0.1472963167917923 -0.538466671303515 0 
766 0.05431177051952446 -0.1455628203172302 -0.53918226086681 0 
767 0.05398841551964548 -0.1438261567670806 -0.5398413771125337 0 
768 0.05363761572062149 -0.1420810678950704 -0.5404353276831282 0 
769 0.05326903038131601 -0.1403202678407991 -0.5409507927766836 0 
770 0.0528887532344075 -0.1385437737589412 -0.5413702653456707 0 
771 0.0525057793014136 -0.1367558092791654 -0.5416669988094044 0 
772 0.05215825730431493 -0.134948135325862 -0.541774601613739 0 
773 0.05187930054138842 -0.1331540245441972 -0.5416385341153589 0 
774 0.05163465001495137 -0.1314126908279583 -0.541323222910624 0 
775 0.05143999890595138 -0.1297693198369858 -0.5407907616252438 0 
776 0.05126329040615682 -0.1282105503644202 -0.5401360793376129 0 
777 0.0510706040750705 -0.1267170701073665 -0.5394387173157504 0 
778 0.05085442217039097 -0.1252775645270528 -0.5387214886205941 0 
779 0.05060905989593454 -0.1238812308178361 -0.538002961942425 0 
780 0.05031934097337058 -0.1225076191443765 -0.5373246175996972 0 
781 0.04999729432400305 -0.1211646419807723 -0.5366638155197513 0 
782 0.0496216646026461 -0.1198258931198005 -0.5360937508089311 0 
783 0.04920894276264665 -0.1185044917697217 -0.5355755756147278 0 
784 0.04875410360891452 -0.1171940510728415 -0.5351385173248306 0 
785 0.04827217676095553 -0.1159067842588196 -0.5347426409388865 0 
786 0.04775862336199405 -0.1146364241677509 -0.5344128554785732 0 
787 0.04722667259708466 -0.1133960412774467 -0.534086589261024 0 
788 0.04667321516727072 -0.1121782396951232 -0.5337939456434104 0 
789 0.04610261672128562 -0.1109928636408957 -0.5334800210557779 0 
790 0.04551147403247282 -0.1098288917610141 -0.5331858717539615 0 
791 0.04490193513172495 -0.1087006714917112 -0.5328446285825423 0 
792 0.04427087487005585 -0.1075973719927231 -0.5325045383325052 0 
793 0.04361775895908418 -0.1065417049370838 -0.5321051037861818 0 
794 0.04294147915985268 -0.1055112460494319 -0.5316978424234761 0 
795 0.04223906518374636 -0.1045403875102676 -0.5312191939585842 0 
796 0.04151192427049738 -0.1035911446323798 -0.5307280019821528 0 
797 0.04075890224327151 -0.1026969496417828 -0.5301721066546017 0 
798 0.03998029200176353 -0.1018490825546686 -0.5295670521092036 0 
799 0.03918221411157828 -0.1010346349975809 -0.5289347036101155 0 
800 0.03835797595128809 -0.1003616914214233 -0.5281457469995148 0 
801 0.03752877935151605 -0.09969806833170246 -0.5273425997574718 0 
802 0.06132320991839404 -0.1490128921946267 -0.4875576833415567 0 
803 0.06171437251187536 -0.1488589579921766 -0.4873759960100593 0 
804 0.06227695737246507 -0.148637421565085 -0.4871185855639573 0 
805 0.0629184112739213 -0.1483677165936526 -0.486830098448112 0 
806 0.06365116202947246 -0.1480151222644927 -0.486492922534069 0 
807 0.06444188573013718 -0.1476416937836067 -0.4861384448426682 0 
808 0.06525228965837079 -0.1471867902151255 -0.4857712695784493 0 
809 0.06611000696778507 -0.1467133518041734 -0.4854031544769235 0 
810 0.06699031978115991 -0.1461594557751663 -0.4850227924274604 0 
811 0.06787870362630655 -0.145578230749154 -0.4846396173070749 0 
812 0.06877736627377447 -0.1449403695953109 -0.4842410248499499 0 
813 0.06970382384338397 -0.1442522598611628 -0.4838560081047632 0 
814 0.07062425078553314 -0.1435385729451707 -0.4834773068968015 0 
815 0.0715478681996007 -0.1427712228647026 -0.4830959895332068 0 
816 0.07248675640198884 -0.1419707631016225 -0.4827187778390716 0 
817 0.07339228780256751 -0.1411176042047414 -0.4823531777316615 0 
818 0.07433778160239615 -0.1402181766347783 -0.482001335719023 0 
819 0.075256237190789 -0.1392785131893794 -0.4816628028535482 0 
820 0.0761460517596344 -0.1382901955929406 -0.4813493504070418 0 
821 0.07707942121602555 -0.1372590510485744 -0.4810666476342759 0 
822 0.07796846389550864 -0.1361507486503921 -0.4808127194930902 0 
823 0.07884383827210331 -0.1349944783709787 -0.4805818826326137 0 
824 0.07968977972236369 -0.1337654383902515 -0.4803714824269175 0 
825 0.08049504267642368 -0.1324892888511951 -0.4802099206407271 0 
826 0.08128655868136272 -0.1311548794549054 -0.4801001220170027 0 
827 0.08200045094079061 -0.1297705020676922 -0.4800619909780598 0 
828 0.08269086295584518 -0.1283071456703678 -0.480081459609787 0 
829 0.08329361623127902 -0.1268178012672684 -0.4801556972527113 0 
830 0.08380252824470953 -0.1252574953497131 -0.480348480735096 0 
831 0.0842366356820495 -0.1236946110445808 -0.480617024264537 0 
832 0.08459010781324972 -0.1221032248962504 -0.4809604508877278 0 
833 0.08483968896334726 -0.1204870192862792 -0.4813926422160422 0 
834 0.08496919125306238 -0.1189047343941513 -0.4818875715038522 0 
835 0.08497064805982477 -0.1173200153478425 -0.4824798378173871 0 
836 0.08486887960935004 -0.1157677006912486 -0.4831306277570288 0 
837 0.0846729541200462 -0.1142775238974946 -0.4838558206129083 0 
838 0.08434478600275322 -0.1128544753020853 -0.4846355015537323 0 
839 0.08391420012525805 -0.1114540630690879 -0.4854208939785367 0 
840 0.08345520091611711 -0.1101481989854898 -0.4862004842224219 0 
841 0.08292522599725362 -0.108854697946843 -0.4869762288779723 0 
842 0.08235466090230663 -0.1076174187202864 -0.4877539874145675 0 
843 0.08172379367021602 -0.1064280519279951 -0.4884890856390225 0 
844 0.08107434013454973 -0.1052653124957286 -0.4892200162438983 0 
845 0.08039820256724961 -0.1041396339580805 -0.4899226856938367 0 
846 0.07970964835238982 -0.103063397976306 -0.490603980324285 0 
847 0.07901828654546805 -0.1019962629508633 -0.4912614583603825 0 
848 0.07829184891516976 -0.1009261465960528 -0.4919200452542265 0 
849 0.07754108719520209 -0.09990249511082877 -0.4925182848451356 0 
850 0.07679443720541945 -0.09890007967452785 -0.4931152003213498 0 
851 0.07599871671224724 -0.0979276225316944 -0.4936799305571239 0 
852 0.07520037450649794 -0.0970175804120058 -0.4942174577816498 0 
853 0.07433471430463622 -0.09613335865900403 -0.4947385204729244 0 
854 0.07346728442114225 -0.0953576867434109 -0.4952209855706249 0 
855 0.072520300196788 -0.09462570537271955 -0.4956805001047294 0 
856 0.07156372439919517 -0.09399173079062489 -0.4961023132542104 0 
857 0.07058370993381706 -0.09343068792486001 -0.4965077941038525 0 
858 0.06956139730821589 -0.0929579317894339 -0.4968812809703579 0 
859 0.06854588534973974 -0.09258639661036479 -0.4972101058081598 0 
860 0.06750868839182197 -0.09228921249036379 -0.4974950661243761 0 
861 0.06646505219290783 -0.09209257090578488 -0.4977107444198174 0 
862 0.06543158916102634 -0.09193390410147229 -0.497919339602081 0 
863 0.06443540041956922 -0.09184349548587036 -0.4980826200583708 0 
864 0.0633943092453545 -0.0917796066851973 -0.4981825265083861 0 
865 0.06240537707339773 -0.09174851820896751 -0.4982157783659448 0 
866 0.06141614458313421 -0.09172662948126672 -0.4982261573845438 0 
867 0.06044000557589144 -0.09171137942308971 -0.4982297252601043 0 
868 0.05947250374981002 -0.09170329387411877 -0.4981697101466462 0 
869 0.05846746108405817 -0.09169327970236352 -0.4980609509565341 0 
870 0.05750609824758419 -0.09167899347329519 -0.4979141393677257 0 
871 0.05652082021496104 -0.09166631064197155 -0.4977489651682661 0 
872 0.06132320991839404 -0.1490128921946267 -0.4875576833415567 0 
873 0.0608997799627443 -0.1489152508979885 -0.4873751530597496 0 
874 0.0603015708980188 -0.1487627479105574 -0.4871032082028648 0 
875 0.05959788973341529 -0.1485921887143604 -0.4867957012887512 0 
876 0.05879854181748766 -0.1483999383469911 -0.4864563612465 0 
877 0.0579821666352036 -0.1481824184487637 -0.4860649141024929 0 
878 0.05711249276163131 -0.1479710453770777 -0.4856733114237762 0 
879 0.05623495372472276 -0.1477469643109785 -0.4852671775873442 0 
880 0.05533182092959334 -0.1474904281045515 -0.4848265457856278 0 
881 0.05441993403875552 -0.1472567909001698 -0.4843867321396792 0 
882 0.05347401201456738 -0.1470096379380259 -0.4839432389933753 0 
883 0.05252454242006942 -0.1467346593312016 -0.4834922092711763 0 
884 0.05158253863507258 -0.1464564593806937 -0.4830450999756161 0 
885 0.05048248729218129 -0.1460906783800028 -0.4824702242961658 0 
886 0.04938470323007842 -0.1457007697833871 -0.4819055850396664 0 
887 0.04815396583913002 -0.1452034207776766 -0.481234289540329 0 
888 0.04712557159952947 -0.1447686200656679 -0.4806839971073781 0 
889 0.04610273377496039 -0.1442986848200995 -0.4801596364788514 0 
1 0.02771811636645158 -0.1177820404833641 -0.5335647892371493 0.0653356926462892 -0.09171084864092106 -0.4904604658357921 0 2 1 -61 
2 0.06109530059549 -0.09285007374705406 -0.4904604658357921 0.0653356926462892 -0.09272027027488014 -0.4884851988241422 0 2 62 -70 
3 0.03266055808881547 -0.1524555175164857 -0.5340066403570296 0.07203213966051245 -0.09285007374705406 -0.474442435027754 0 2 71 -207 
4 0.04584949830723754 -0.14551704568091 -0.5320182003287346 0.1001592635404943 -0.09297165405310211 -0.5097098916648619 0 2 208 -263 
5 0.03358849883079999 -0.1615662149906983 -0.5132835102689519 0.09560460569518028 -0.14551704568091 -0.500301539898 0 2 264 -295 
6 0.05402205768402513 -0.1476139197220196 -0.5097098916648619 0.09560460569518028 -0.1343019270010047 -0.4724818674595385 0 2 296 -333 
7 0.03017778060003831 -0.1116214343471653 -0.5327732672316329 0.03041774422122236 -0.1115155964787728 -0.5326892867043026 0 2 334 -335 
8 0.02673585937322628 -0.1480035987134519 -0.5327732672316329 0.06388655350729817 -0.09118570085846554 -0.4723476382971353 0 2 336 -530 
9 0.02673585937322628 -0.1480035987134519 -0.5327732672316329 0.06388655350729816 -0.09118570085846554 -0.4723476382971353 0 2 531 -725 
10 0.03752877935151605 -0.161827427602729 -0.5402455714421598 0.06183234230193208 -0.09969806833170246 -0.4875576833415567 0 2 726 -801 
11 0.05652082021496104 -0.1490128921946267 -0.4981230852678206 0.08476923779116169 -0.09166631064197155 -0.4802099206407271 0 2 802 -871 
12 0.04610273377496039 -0.1490128921946267 -0.4875576833415567 0.06132320991839404 -0.1442986848200995 -0.4801596364788514 0 2 872 -889 
$EndEntities
$Nodes
901 973 1 973
0 1 0 1
1
0.0653356926462892 -0.09285007374705406 -0.4904604658357921
0 2 0 1
2
0.06532839725028447 -0.09274878742891433 -0.4908977131073506
0 3 0 1
3
0.06532076308282933 -0.09260438480382899 -0.4915292797763053
0 4 0 1
4
0.06524735610254155 -0.09247652910650234 -0.4922524085146314
0 5 0 1
5
0.06517524041296176 -0.09233582330603235 -0.4930937404063881
0 6 0 1
6
0.06509174090516756 -0.09219797972677163 -0.494010623977479
0 7 0 1
7
0.06496135802922379 -0.09209249118163954 -0.4949387465988204
0 8 0 1
8
0.06480597313221988 -0.09197521444802179 -0.4959571008355541
0 9 0 1
9
0.06463386291438333 -0.09191128314301868 -0.4969841082287183
0 10 0 1
10
0.06443540041956922 -0.09184349548587036 -0.4980826200583708
0 11 0 1
11
0.06418497156862001 -0.0918005971506775 -0.4991489385464972
0 12 0 1
12
0.06394406232082958 -0.0917656509144279 -0.5003041480433321
0 13 0 1
13
0.06363014566069017 -0.0917344697518388 -0.5014362731373594
0 14 0 1
14
0.06338417202390545 -0.09170880382912656 -0.5026156626309339
0 15 0 1
15
0.06309358589687766 -0.09172485473694499 -0.5038201281414318
0 16 0 1
16
0.06280964077555848 -0.09174672023561661 -0.5050773140307775
0 17 0 1
17
0.06249147318371545 -0.09176447568549675 -0.5063491506994749
0 18 0 1
18
0.06213427722577811 -0.09183342246498524 -0.5076275628340002
0 19 0 1
19
0.06174154804133661 -0.09192985808550141 -0.5089120904468845
0 20 0 1
20
0.06130916306056219 -0.09208630907012452 -0.5101913885444858
0 21 0 1
21
0.06084341451132629 -0.09226855727206108 -0.5114674172325608
0 22 0 1
22
0.0603374924261746 -0.09252889730503429 -0.5127214358321234
0 23 0 1
23
0.05980267447910682 -0.09281222111894023 -0.5139660688200804
0 24 0 1
24
0.05923142483771424 -0.09316227829205717 -0.5151787677463422
0 25 0 1
25
0.05863158609166372 -0.09354661937666951 -0.5163689186898417
0 26 0 1
26
0.05800136168405191 -0.09398995992368925 -0.5175232712075463
0 27 0 1
27
0.05734867978823512 -0.09445420211135408 -0.5186537007674838
0 28 0 1
28
0.05666993976576461 -0.09496428350871064 -0.5197475258984839
0 29 0 1
29
0.05596950713414559 -0.09550440696007405 -0.5208100238572864
0 30 0 1
30
0.05524692526460034 -0.09608951237615536 -0.5218287978009128
0 31 0 1
31
0.05450456151940741 -0.09670541126289062 -0.5228119108848811
0 32 0 1
32
0.05374423961559558 -0.09733515032147479 -0.5237709627713325
0 33 0 1
33
0.05296610877658164 -0.09799595030885433 -0.5246910268278414
0 34 0 1
34
0.05217176783870441 -0.09867174933606875 -0.5255832620295371
0 35 0 1
35
0.05136196478701372 -0.09937493886815192 -0.5264351065007312
0 36 0 1
36
0.05053829816161061 -0.1000987028205166 -0.5272505005566415
0 37 0 1
37
0.04970241306071092 -0.1008346826361926 -0.5280341044339851
0 38 0 1
38
0.04885561699608822 -0.101590022152433 -0.5287771431769668
0 39 0 1
39
0.04799952503161078 -0.1023507888406935 -0.5294908501128173
0 40 0 1
40
0.04713342750238447 -0.1031543820264983 -0.5301306808681301
0 41 0 1
41
0.04626159103862776 -0.103960266208464 -0.5307393659483759
0 42 0 1
42
0.04538202311100314 -0.1048162118875022 -0.5312449886817159
0 43 0 1
43
0.04450107978813096 -0.1056640933585725 -0.5317264994384779
0 44 0 1
44
0.04361775895908418 -0.1065417049370838 -0.5321051037861818
0 45 0 1
45
0.04273583006679287 -0.1074135064283949 -0.5324386138909223
0 46 0 1
46
0.04185713697953215 -0.1082780333631503 -0.5327202571532921
0 47 0 1
47
0.0409815443954145 -0.1091368427079057 -0.5329176313710301
0 48 0 1
48
0.04011023197525276 -0.1099708745865029 -0.5331011342559668
0 49 0 1
49
0.03924232725672144 -0.1107817816678144 -0.5332489455429539
0 50 0 1
50
0.03837678371366795 -0.1115678646772922 -0.5333578664338037
0 51 0 1
51
0.03751193844367489 -0.1123243660680189 -0.5334270552109271
0 52 0 1
52
0.03664470868544831 -0.1130450999464603 -0.5334908871186169
0 53 0 1
53
0.03577208622388005 -0.1137290379410923 -0.533528733005987
0 54 0 1
54
0.03488878115623889 -0.1143723588618578 -0.5335610825449444
0 55 0 1
55
0.03398871816857942 -0.1149757957779399 -0.533563873377793
0 56 0 1
56
0.03306317063135997 -0.1155386990128485 -0.5335508184289648
0 57 0 1
57
0.03210090721146137 -0.1160634630458123 -0.5335191686806781
0 58 0 1
58
0.03109419795138932 -0.1165550088642358 -0.5334328069973148
0 59 0 1
59
0.03002971191203633 -0.1170135909479614 -0.5333006281850861
0 60 0 1
60
0.02890203599837482 -0.1174322797321271 -0.5331125850256691
0 61 0 1
61
0.02771811636645158 -0.1177820404833641 -0.5328566320084679
0 62 0 1
62
0.0653356926462892 -0.09285007374705406 -0.4904604658357921
0 63 0 1
63
0.06505544542990709 -0.09282764693323134 -0.4903101436282903
0 64 0 1
64
0.06464537000204092 -0.09279440616984513 -0.4901086822256099
0 65 0 1
65
0.06415364268041218 -0.09275389979467227 -0.4898945645445188
0 66 0 1
66
0.06360543475529223 -0.09272120208405848 -0.4896452872095282
0 67 0 1
67
0.06303006801914803 -0.09272509885181322 -0.4893515222734116
0 68 0 1
68
0.06241380793132933 -0.09273179856269594 -0.489063580030721
0 69 0 1
69
0.06176384185683564 -0.09274279510979618 -0.4887971472443682
0 70 0 1
70
0.06109530059549 -0.09277699103302579 -0.4884851988241422
0 71 0 1
71
0.0653356926462892 -0.09285007374705406 -0.4904604658357921
0 72 0 1
72
0.06562323525867604 -0.09297378687901654 -0.4901735407717352
0 73 0 1
73
0.06605294548261778 -0.09318096191521054 -0.4897553277433502
0 74 0 1
74
0.06652556861692567 -0.09348539659910868 -0.4892428033338788
0 75 0 1
75
0.06703266536614123 -0.0938272715356983 -0.4886794296465492
0 76 0 1
76
0.06758539201419814 -0.09420899907915647 -0.4880827141299755
0 77 0 1
77
0.06810421627732069 -0.09470474752579754 -0.4874313588781398
0 78 0 1
78
0.06865214713567706 -0.09522013534593472 -0.4867779020402425
0 79 0 1
79
0.06916558629676425 -0.09581202598765118 -0.4860996887027164
0 80 0 1
80
0.06968219769809833 -0.09646432518517849 -0.4854090261999602
0 81 0 1
81
0.07015125448472991 -0.09715311529205045 -0.484709998104442
0 82 0 1
82
0.07062115825814375 -0.09792780748874882 -0.4840086423155042
0 83 0 1
83
0.07101984422821608 -0.09874459330289644 -0.4832977111132963
0 84 0 1
84
0.07141125207798299 -0.09961148237643334 -0.4825970644091647
0 85 0 1
85
0.07172142458583479 -0.1005520300130703 -0.4819488673108248
0 86 0 1
86
0.07200216506088236 -0.1015229578158113 -0.4812993253915431
0 87 0 1
87
0.07225843724823321 -0.1025219435802642 -0.4806507206590231
0 88 0 1
88
0.07243709674842982 -0.1035865565932932 -0.4800669843007906
0 89 0 1
89
0.07260134983529577 -0.1046848530854286 -0.4794831841843087
0 90 0 1
90
0.07269971786865673 -0.1058096377192017 -0.4789542560735552
0 91 0 1
91
0.07277325034985936 -0.106960947514266 -0.478415178027216
0 92 0 1
92
0.07281724529624631 -0.1081172177448007 -0.4779211462012919
0 93 0 1
93
0.07279459421465485 -0.109314364974162 -0.4774368666735031
0 94 0 1
94
0.07278244113587613 -0.1105501078467987 -0.4769549859963212
0 95 0 1
95
0.07271299768956777 -0.1117639284625757 -0.4765384495300904
0 96 0 1
96
0.07260028839317777 -0.1130383363896027 -0.4761047226677091
0 97 0 1
97
0.07244916702672534 -0.1142840103641746 -0.4757307080460379
0 98 0 1
98
0.07226157948619798 -0.1155644260499898 -0.4753664370094161
0 99 0 1
99
0.07202969799272185 -0.11684091037146 -0.475044016011717
0 100 0 1
100
0.07177136991417171 -0.1181065558360983 -0.474755389282476
0 101 0 1
101
0.07146767169397018 -0.1194028929132138 -0.4744934849767243
0 102 0 1
102
0.07114064709050177 -0.1206388002183494 -0.4742808169446253
0 103 0 1
103
0.0707735111490944 -0.1219358668061234 -0.4740931927832622
0 104 0 1
104
0.07038863099780431 -0.1231395050330958 -0.4739557163604867
0 105 0 1
105
0.06994766482533671 -0.1243932440234929 -0.473849489663775
0 106 0 1
106
0.06950391387623892 -0.1255874944780218 -0.473781245851408
0 107 0 1
107
0.06905035147666649 -0.1267749391951253 -0.4737543163818846
0 108 0 1
108
0.06853925450791037 -0.1279340824590031 -0.4737804291586304
0 109 0 1
109
0.06805056969063362 -0.1290650440390597 -0.4738202351097319
0 110 0 1
110
0.06750153189711067 -0.1301634501229226 -0.4739208336628001
0 111 0 1
111
0.06697749633502666 -0.1312499163021655 -0.4740319925331998
0 112 0 1
112
0.06640951698784545 -0.1322850048851665 -0.4741949556101812
0 113 0 1
113
0.0658643632029164 -0.1333324694327502 -0.474384402441679
0 114 0 1
114
0.06525511658707357 -0.1343239058242351 -0.4746028883837096
0 115 0 1
115
0.06468895395070665 -0.1353037098278048 -0.4748397156708641
0 116 0 1
116
0.06408588950617683 -0.1362430170877656 -0.4751090548940446
0 117 0 1
117
0.06346373058601035 -0.1371693147952008 -0.4754303152085961
0 118 0 1
118
0.06285610548380499 -0.1380536402758463 -0.4757645057592639
0 119 0 1
119
0.06220741853843548 -0.138910726002721 -0.4761571363954635
0 120 0 1
120
0.06160173097151955 -0.1397115180316325 -0.476573206446759
0 121 0 1
121
0.06096117519007831 -0.1404633538595281 -0.4770546762499628
0 122 0 1
122
0.06035474961635433 -0.141204955566739 -0.4775683135340619
0 123 0 1
123
0.059736506444785 -0.1418787894728655 -0.478124382315165
0 124 0 1
124
0.05913591931570736 -0.1425633152475993 -0.4787301073841808
0 125 0 1
125
0.05851998289671721 -0.1432114652093419 -0.4793798904582592
0 126 0 1
126
0.05794527679730183 -0.1438376748197639 -0.4800475217494125
0 127 0 1
127
0.05733142457572859 -0.1444431045648531 -0.4807396360601332
0 128 0 1
128
0.05674779901737501 -0.1450391261238244 -0.4814451634567993
0 129 0 1
129
0.05614284287015694 -0.1455994120213689 -0.4821515416525109
0 130 0 1
130
0.05556943805856634 -0.1461798642168871 -0.4828898189525582
0 131 0 1
131
0.05497656948830991 -0.1467207541147761 -0.4836330734530364
0 132 0 1
132
0.05441993403875552 -0.1472567909001698 -0.4843867321396792
0 133 0 1
133
0.05384570134451106 -0.1477737509976025 -0.485171435153309
0 134 0 1
134
0.05330104088635784 -0.1482653277777381 -0.4859609420357452
0 135 0 1
135
0.05274230664569084 -0.1487542035095596 -0.4867846262945672
0 136 0 1
136
0.05220797768448189 -0.1491928779749359 -0.4876158781920629
0 137 0 1
137
0.05168756219172386 -0.1496209003554996 -0.4884918806942609
0 138 0 1
138
0.05116585142473934 -0.1500349944424217 -0.48941002911419
0 139 0 1
139
0.05067283542599157 -0.1504143608065406 -0.4903306256803541
0 140 0 1
140
0.05014738473287358 -0.1507776883027686 -0.4912934311554912
0 141 0 1
141
0.04964456633288278 -0.1511097197583251 -0.4922566564798326
0 142 0 1
142
0.04913888385756018 -0.1514313650832896 -0.4932542519177212
0 143 0 1
143
0.0486226232915699 -0.1517246110006942 -0.494283232250102
0 144 0 1
144
0.04813975764423575 -0.1519826731349718 -0.4953195002140017
0 145 0 1
145
0.04763623045299475 -0.152203051232949 -0.496386723585158
0 146 0 1
146
0.04715321100771749 -0.1523692887596949 -0.4974848206310751
0 147 0 1
147
0.04669114300510868 -0.1525090005657129 -0.4986172510324942
0 148 0 1
148
0.04622391833037581 -0.1525443833030499 -0.4997858899980686
0 149 0 1
149
0.0457668055491077 -0.152515003087384 -0.5009805955477477
0 150 0 1
150
0.04531769253775132 -0.1524247810816881 -0.5021998820152664
0 151 0 1
151
0.04486858166216486 -0.1522254091144217 -0.5033862711365605
0 152 0 1
152
0.04439745442341503 -0.1519922370932129 -0.5045815795217448
0 153 0 1
153
0.04395499506313527 -0.1517014491594965 -0.5057210384463735
0 154 0 1
154
0.04347896901867063 -0.1513445438158094 -0.5068934606012946
0 155 0 1
155
0.043015563808278 -0.1509782089478611 -0.5080560017434769
0 156 0 1
156
0.04250236888395085 -0.150562089563081 -0.5092340897493722
0 157 0 1
157
0.04197631618873086 -0.1501513089565113 -0.5104466466993438
0 158 0 1
158
0.04161374365388631 -0.1498395056624311 -0.5115745757471417
0 159 0 1
159
0.04122339786430799 -0.1495176983720199 -0.5127032435011901
0 160 0 1
160
0.04097978788930066 -0.1492777894582386 -0.5137420548869102
0 161 0 1
161
0.04072072987830208 -0.1490188735927296 -0.5147854455430512
0 162 0 1
162
0.04042945510956025 -0.1487653730653457 -0.5158338868478113
0 163 0 1
163
0.0401486335656186 -0.1484418013840034 -0.5168794962623982
0 164 0 1
164
0.0398486596653659 -0.148100023363058 -0.5179261530275229
0 165 0 1
165
0.03958668563009232 -0.1476476037376075 -0.5189570646489211
0 166 0 1
166
0.03928621124493218 -0.1472026293819328 -0.5199912344512715
0 167 0 1
167
0.0390532942910461 -0.1466182954944577 -0.5209933288214131
0 168 0 1
168
0.03879611357000168 -0.1460207226481184 -0.5219946468889082
0 169 0 1
169
0.03862058938960927 -0.1452906799756368 -0.5229253843708348
0 170 0 1
170
0.03842745614709036 -0.1445413095775258 -0.5238508001294203
0 171 0 1
171
0.03826364569765336 -0.1437255756670269 -0.5247353965973627
0 172 0 1
172
0.03808789766227592 -0.1428879483824284 -0.5256063235111447
0 173 0 1
173
0.03792851419425847 -0.1420029285038726 -0.5264391443667281
0 174 0 1
174
0.03778676712520175 -0.1410730429760698 -0.5272305694131415
0 175 0 1
175
0.03763089710468635 -0.1401311313676377 -0.528008135490686
0 176 0 1
176
0.03749142330504956 -0.13915040978514 -0.5287399874438654
0 177 0 1
177
0.03734253910558383 -0.1381604225513327 -0.5294527432307972
0 178 0 1
178
0.0372039763125044 -0.1371443896414469 -0.5301238792953932
0 179 0 1
179
0.03706072361102806 -0.136121597239688 -0.5307732239082323
0 180 0 1
180
0.03694392324713643 -0.1350646964283497 -0.5313566606896184
0 181 0 1
181
0.03683188183259688 -0.1339967090942402 -0.5319041947126985
0 182 0 1
182
0.03673141667087666 -0.1329124479071119 -0.53240636878397
0 183 0 1
183
0.03665380951320902 -0.1318064056643795 -0.5328394103821839
0 184 0 1
184
0.03660393848284493 -0.1306736338709668 -0.53318764289094
0 185 0 1
185
0.03655303281450068 -0.1295380749233941 -0.5335115724383539
0 186 0 1
186
0.03653794987283124 -0.1283717093812612 -0.5337092659047795
0 187 0 1
187
0.03652044556739162 -0.1272084427377536 -0.5338855424451534
0 188 0 1
188
0.03651673582219066 -0.1260365098439143 -0.5339776943064221
0 189 0 1
189
0.03650787605857403 -0.1248686797682817 -0.5340520507451473
0 190 0 1
190
0.03650260765908992 -0.1237022467758267 -0.5340539611980896
0 191 0 1
191
0.03648721297528201 -0.1225431303509059 -0.5340477113677408
0 192 0 1
192
0.03646474259228522 -0.1213920098610161 -0.5340015373408836
0 193 0 1
193
0.03642748900118644 -0.1202502383878363 -0.533960978757496
0 194 0 1
194
0.03637607544176245 -0.1191211902990991 -0.5338950283402082
0 195 0 1
195
0.03630571742178945 -0.1180056394921894 -0.5338316687240195
0 196 0 1
196
0.03621379514593269 -0.1169061373277468 -0.5337656348403444
0 197 0 1
197
0.03609682440413121 -0.115824998102811 -0.5336979545320394
0 198 0 1
198
0.03595107470214598 -0.1147653467619653 -0.5336178313455466
0 199 0 1
199
0.03577208622388005 -0.1137290379410923 -0.533528733005987
0 200 0 1
200
0.0355552010999417 -0.1127185696481803 -0.5334247507948238
0 201 0 1
201
0.03529493416103549 -0.1117348168600582 -0.5333134540039386
0 202 0 1
202
0.03498908433510402 -0.1107831926871333 -0.5331467896466521
0 203 0 1
203
0.03463046048344458 -0.109856374175114 -0.5329745373615008
0 204 0 1
204
0.03421756926993412 -0.1089593797403884 -0.5327410577786397
0 205 0 1
205
0.03375144835823683 -0.10808958572337 -0.53244795394113
0 206 0 1
206
0.03322717822381994 -0.1072278807478849 -0.5321274126016469
0 207 0 1
207
0.03266055808881547 -0.1063971267408604 -0.5316739798762304
0 208 0 1
208
0.09560460569518028 -0.14551704568091 -0.5097098916648619
0 209 0 1
209
0.09611881690876564 -0.1448908566215872 -0.5096468867210122
0 210 0 1
210
0.09674437859761018 -0.144059639551857 -0.509692003569821
0 211 0 1
211
0.09743302599761587 -0.1431201064035459 -0.5098973564238183
0 212 0 1
212
0.09818597641108384 -0.1420634693578896 -0.5102202596787568
0 213 0 1
213
0.09887199646707075 -0.1411184036989103 -0.5107663291325917
0 214 0 1
214
0.09940990673365863 -0.1402138745715525 -0.5114965123707328
0 215 0 1
215
0.09995958312845375 -0.1392278771291512 -0.5123452670247068
0 216 0 1
216
0.1002860266068157 -0.1384096521442705 -0.5134381229538572
0 217 0 1
217
0.1004987719689296 -0.1375942693759069 -0.5146503107624851
0 218 0 1
218
0.1005427205765437 -0.1367540721995309 -0.5159354477889235
0 219 0 1
219
0.1004503767945405 -0.1358850381067921 -0.5172758610378094
0 220 0 1
220
0.1002258009459167 -0.1349793245483657 -0.5186593402450973
0 221 0 1
221
0.09988356252141445 -0.1340114924744777 -0.5200584666987782
0 222 0 1
222
0.09945765338274203 -0.1329733640338489 -0.5214663270626314
0 223 0 1
223
0.0989188302235821 -0.1318503007634321 -0.5228437296889379
0 224 0 1
224
0.09834391940748984 -0.1306488350324137 -0.5242300405822096
0 225 0 1
225
0.0976529258732111 -0.1293603077572816 -0.5255716621185537
0 226 0 1
226
0.09688340608376989 -0.1279785242044368 -0.5268722827884156
0 227 0 1
227
0.09602328777911912 -0.1265154803266156 -0.5281210070903058
0 228 0 1
228
0.09502985805218925 -0.1249574580270684 -0.5292629406670494
0 229 0 1
229
0.09387602128204867 -0.123326605381157 -0.5302742414004979
0 230 0 1
230
0.0925397703725363 -0.1216739976990119 -0.5310459695109025
0 231 0 1
231
0.09102672000730085 -0.1200584466099981 -0.5315905076620131
0 232 0 1
232
0.08940740835448394 -0.1184913837467526 -0.5319341963178031
0 233 0 1
233
0.08771165379003373 -0.117002962542459 -0.5320618253762009
0 234 0 1
234
0.08595556186136548 -0.1156420610582124 -0.5319623512051354
0 235 0 1
235
0.08418672300404924 -0.1143739411533772 -0.5317226860541258
0 236 0 1
236
0.0824421037362283 -0.1131532510993631 -0.5314123277479085
0 237 0 1
237
0.08072333816129798 -0.1119861601624921 -0.5310311090548873
0 238 0 1
238
0.07905291258910437 -0.1108264509717277 -0.5306444098965112
0 239 0 1
239
0.07742088226942531 -0.109695339784247 -0.5302297613902338
0 240 0 1
240
0.07583668360774355 -0.1085675926094379 -0.5298228475438344
0 241 0 1
241
0.07428725402239403 -0.1074708843586703 -0.5293933182488758
0 242 0 1
242
0.07277992363350892 -0.1063825830866116 -0.5289710998302574
0 243 0 1
243
0.07129889746128076 -0.1053339749131992 -0.5285212543325127
0 244 0 1
244
0.06984502847276368 -0.104323534723604 -0.5280539286043326
0 245 0 1
245
0.06842114883288351 -0.1033377852897986 -0.5275823504579644
0 246 0 1
246
0.06701582922601661 -0.1024026165742923 -0.5270822239539596
0 247 0 1
247
0.06562931180493459 -0.1015253817507938 -0.5265491134273864
0 248 0 1
248
0.06426383690526587 -0.1006920387607532 -0.526003131979627
0 249 0 1
249
0.06292273591407786 -0.09988988773428686 -0.5254522903070206
0 250 0 1
250
0.06159510753564904 -0.0991519139106859 -0.5248710099179936
0 251 0 1
251
0.06028711090514182 -0.098461428402872 -0.5242759135121242
0 252 0 1
252
0.05899970295397431 -0.09780586203065814 -0.5236767190123033
0 253 0 1
253
0.05772899341688519 -0.09721771925465848 -0.5230522192650771
0 254 0 1
254
0.05647945882647563 -0.09664011650724071 -0.5224403819228317
0 255 0 1
255
0.05524692526460034 -0.09608951237615536 -0.5218287978009128
0 256 0 1
256
0.05403073156109568 -0.09556087493110577 -0.5212186148171556
0 257 0 1
257
0.05282723877444796 -0.09506801372655367 -0.5206025152234058
0 258 0 1
258
0.05163587943508441 -0.09460980266372918 -0.5199773991394198
0 259 0 1
259
0.05045590167235199 -0.0941803787589113 -0.519347389639668
0 260 0 1
260
0.04928630359141573 -0.09381158316788869 -0.5186915176586622
0 261 0 1
261
0.04812758297721105 -0.09347386527408136 -0.5180265894276731
0 262 0 1
262
0.0469821204732992 -0.09319999740253734 -0.5173365244705476
0 263 0 1
263
0.04584949830723754 -0.09297165405310211 -0.5166267433176911
0 264 0 1
264
0.09560460569518028 -0.14551704568091 -0.5097098916648619
0 265 0 1
265
0.09525315581016872 -0.1460379255031434 -0.5103421874058292
0 266 0 1
266
0.09463815722780683 -0.1468065737915117 -0.5111122436386819
0 267 0 1
267
0.09376300363353832 -0.1477623252296655 -0.5119608013161783
0 268 0 1
268
0.0922951425515585 -0.1491505470136139 -0.5127232352350972
0 269 0 1
269
0.08973127465613247 -0.1514387169333474 -0.5130577071746458
0 270 0 1
270
0.08682357131256115 -0.1538234729244126 -0.513237657922587
0 271 0 1
271
0.08377133519035804 -0.1561526071015057 -0.5132813003431648
0 272 0 1
272
0.08062094450856955 -0.1583078073648509 -0.5131811665557366
0 273 0 1
273
0.07731711299978292 -0.1601301121207076 -0.5129235888131179
0 274 0 1
274
0.07383721231185371 -0.1613417894314767 -0.5125533465450742
0 275 0 1
275
0.070318563731777 -0.1617793009065037 -0.5121596573109014
0 276 0 1
276
0.06698326935495919 -0.1616432572292741 -0.51171722097841
0 277 0 1
277
0.06388796179239334 -0.1611156856139372 -0.5112305992583511
0 278 0 1
278
0.06108138446676132 -0.1602883928486922 -0.5106816835473518
0 279 0 1
279
0.0585930361745491 -0.159243478180462 -0.5101191455679671
0 280 0 1
280
0.05636806860679074 -0.1580992983945626 -0.509540172345279
0 281 0 1
281
0.05433421757363868 -0.1570138165992021 -0.5088891562492206
0 282 0 1
282
0.05245400632144785 -0.1559698265183542 -0.5081797670421069
0 283 0 1
283
0.05069373974239781 -0.1550051817299425 -0.5074826966594996
0 284 0 1
284
0.0490179875186688 -0.1541305256718479 -0.5067791091049585
0 285 0 1
285
0.04743363509092051 -0.153320996586826 -0.5060340007140598
0 286 0 1
286
0.04589331140658524 -0.1526076634040593 -0.5052889274355723
0 287 0 1
287
0.04439745442341503 -0.1519922370932129 -0.5045815795217448
0 288 0 1
288
0.04295839129171673 -0.1514514458873932 -0.5038442180623683
0 289 0 1
289
0.04153548921355514 -0.1509503070602757 -0.503115414712759
0 290 0 1
290
0.0401458744774719 -0.1505090374703741 -0.5023978378717591
0 291 0 1
291
0.03879730218338493 -0.1501198637403826 -0.5016573717758367
0 292 0 1
292
0.03747242703938073 -0.1497402500924675 -0.5009384478860545
0 293 0 1
293
0.0362508323514666 -0.1493953528536726 -0.5002876089604078
0 294 0 1
294
0.03518617848295601 -0.1491136677014032 -0.4997584281574395
0 295 0 1
295
0.03358849883079999 -0.148675516248 -0.500301539898
0 296 0 1
296
0.09560460569518028 -0.14551704568091 -0.5097098916648619
0 297 0 1
297
0.09501406406225052 -0.1460059024150118 -0.5085929873655414
0 298 0 1
298
0.09416570975774043 -0.1464875160257645 -0.5071679005934087
0 299 0 1
299
0.09283999645267894 -0.1471489144544566 -0.505249028981584
0 300 0 1
300
0.09148886930723643 -0.1475795956719712 -0.50337157537512
0 301 0 1
301
0.09012465028285016 -0.1477927724674947 -0.5015626299031486
0 302 0 1
302
0.08874386015604691 -0.1478072566269682 -0.4998570405942994
0 303 0 1
303
0.08738350210158211 -0.1476670604923594 -0.4982369901467376
0 304 0 1
304
0.08605335670415706 -0.1474102225568712 -0.496697795254621
0 305 0 1
305
0.08476181894004325 -0.1470543337875242 -0.4952440180690184
0 306 0 1
306
0.08351421966910719 -0.1466426862606794 -0.4938733717915355
0 307 0 1
307
0.08229965363251371 -0.14619658578105 -0.4925712847579084
0 308 0 1
308
0.08111568805269392 -0.1457221580832082 -0.4913212554715662
0 309 0 1
309
0.07996397974067097 -0.1452237219095955 -0.4901182154011057
0 310 0 1
310
0.07885278572787513 -0.1447306835834372 -0.4889696824063974
0 311 0 1
311
0.07775567884619478 -0.1442564464989923 -0.4878444112085578
0 312 0 1
312
0.07668555814010172 -0.1437756527884705 -0.4867418525191898
0 313 0 1
313
0.07563125647774536 -0.1433182686253061 -0.4856923854543713
0 314 0 1
314
0.07456283635112285 -0.1428642879401662 -0.4846504813822362
0 315 0 1
315
0.0735241886739257 -0.1424203681415733 -0.4836725364148723
0 316 0 1
316
0.07248675640198884 -0.1419707631016225 -0.4827187778390716
0 317 0 1
317
0.07142453220000161 -0.141528810012062 -0.4818066871369466
0 318 0 1
318
0.07036201544048445 -0.1410707900533327 -0.4809226730306135
0 319 0 1
319
0.06930656320050255 -0.1406592073956116 -0.4800910295431852
0 320 0 1
320
0.06826022341476845 -0.1402225758702692 -0.4792795120224789
0 321 0 1
321
0.06716906296557545 -0.1397878298298991 -0.4785005077876956
0 322 0 1
322
0.06609507203933335 -0.1393651414896598 -0.4777682319297075
0 323 0 1
323
0.06502670626331242 -0.1389339185241391 -0.4770615658836871
0 324 0 1
324
0.06394519698098554 -0.1385084937750251 -0.4763762572766964
0 325 0 1
325
0.06285610548380499 -0.1380536402758463 -0.4757645057592639
0 326 0 1
326
0.0617426560664277 -0.1376061006300253 -0.4752087721266433
0 327 0 1
327
0.06064235656663053 -0.1371114779522938 -0.4746770026540753
0 328 0 1
328
0.05959360064492873 -0.1366305748242515 -0.4741883722758778
0 329 0 1
329
0.05842014309768719 -0.13613403721764 -0.4737600438938593
0 330 0 1
330
0.0572701505228185 -0.1356463916433519 -0.4733534239721876
0 331 0 1
331
0.05602042007416116 -0.1351099472224346 -0.4729729184796517
0 332 0 1
332
0.05502185920978139 -0.1347122493318857 -0.4727067884816256
0 333 0 1
333
0.05402205768402513 -0.1343019270010047 -0.4724818674595385
0 334 0 1
334
0.03041774422122236 -0.1116214343471653 -0.5327732672316329
0 335 0 1
335
0.03017778060003831 -0.1115155964787728 -0.5326892867043026
0 336 0 1
336
0.03041774422122236 -0.1116214343471653 -0.5327732672316329
0 337 0 1
337
0.03039684931707552 -0.1120701108825224 -0.5328586249258499
0 338 0 1
338
0.03023176734975914 -0.112800467265659 -0.5329655701700518
0 339 0 1
339
0.03000174439693966 -0.1136684374965137 -0.5330272657695585
0 340 0 1
340
0.02973541074885906 -0.1145902732041153 -0.5330856973208593
0 341 0 1
341
0.02945217356893429 -0.1155386727198526 -0.5331270240625777
0 342 0 1
342
0.02917389194280652 -0.1164854781834449 -0.5331319451538232
0 343 0 1
343
0.02890203599837482 -0.1174322797321271 -0.5331125850256691
0 344 0 1
344
0.02862345280405918 -0.1184149312743309 -0.5330839180900396
0 345 0 1
345
0.02834477799483387 -0.1194258588494932 -0.5330342256680028
0 346 0 1
346
0.02808165545290124 -0.1204457114208285 -0.5329214536586514
0 347 0 1
347
0.02782484162211602 -0.1214740543669086 -0.5328068287232242
0 348 0 1
348
0.02758747715970056 -0.1225103065507908 -0.5326190108364037
0 349 0 1
349
0.02736353971456135 -0.1235531485496738 -0.532412673007942
0 350 0 1
350
0.02716985377516499 -0.1245894824146598 -0.5321345310240779
0 351 0 1
351
0.02700732266160743 -0.1256103737781634 -0.5318000783834136
0 352 0 1
352
0.02687197614187323 -0.1266139549362011 -0.5314216571165342
0 353 0 1
353
0.02678490097389924 -0.127574303535614 -0.5309629114167139
0 354 0 1
354
0.02671913251314193 -0.1285171123188505 -0.5304801733612601
0 355 0 1
355
0.02668942738991795 -0.1294233126530104 -0.5299369421015344
0 356 0 1
356
0.0266851438780004 -0.1303075015654132 -0.5293640116303551
0 357 0 1
357
0.02671232056630163 -0.1311574840330383 -0.5287451425876004
0 358 0 1
358
0.02675924962247594 -0.1319888651585136 -0.5281037082883967
0 359 0 1
359
0.02682730633440224 -0.1327967377146125 -0.5274346003247631
0 360 0 1
360
0.02692072953383131 -0.1335743451910411 -0.5267350110399895
0 361 0 1
361
0.02702147976331549 -0.1343482925803962 -0.5260269246615393
0 362 0 1
362
0.02715474314047112 -0.1350875373302385 -0.5252750572080225
0 363 0 1
363
0.02728974869026598 -0.1358334316623731 -0.5245178658277644
0 364 0 1
364
0.02744052255817964 -0.1365613305846481 -0.5237392848324457
0 365 0 1
365
0.02760311650898964 -0.1372796842052189 -0.522944227675329
0 366 0 1
366
0.02778516018860789 -0.1379871892970002 -0.5221166125055888
0 367 0 1
367
0.02797497620396057 -0.1386966471113221 -0.5212712250496178
0 368 0 1
368
0.02819105330845837 -0.1393860906991678 -0.5203844480797118
0 369 0 1
369
0.0284151546791375 -0.1400762106081614 -0.51947878874606
0 370 0 1
370
0.02867121456612929 -0.1407344306745625 -0.5185272192573924
0 371 0 1
371
0.0289362446207367 -0.1413846784106002 -0.5175584729770902
0 372 0 1
372
0.02924101151358168 -0.1419787712013957 -0.5165555194015112
0 373 0 1
373
0.02954296725484722 -0.1425574684290842 -0.515558309575578
0 374 0 1
374
0.0298535390547603 -0.1430580400364985 -0.5145981982417137
0 375 0 1
375
0.03015222369722773 -0.1435206990694926 -0.5136785018893687
0 376 0 1
376
0.03044251576709027 -0.1439211106729533 -0.5128138162390715
0 377 0 1
377
0.0307207834040094 -0.1442954088003484 -0.511980794463029
0 378 0 1
378
0.0309990538919783 -0.1446550630416906 -0.5111471105962269
0 379 0 1
379
0.03128392050106885 -0.1449934556555548 -0.5103018298525763
0 380 0 1
380
0.03156605087506659 -0.1453412498476289 -0.5094349597068477
0 381 0 1
381
0.03184633754097355 -0.145688514291574 -0.5085468319551311
0 382 0 1
382
0.03212027519834269 -0.1460404621509741 -0.5076340068061752
0 383 0 1
383
0.03237880149758259 -0.1464163923376335 -0.5066909096067344
0 384 0 1
384
0.03269859280463718 -0.1468206915884087 -0.5057806132585411
0 385 0 1
385
0.03298525887068179 -0.1472414184449737 -0.5048241572253277
0 386 0 1
386
0.03338499549156972 -0.1477059590467794 -0.5038737953875505
0 387 0 1
387
0.0337906579029196 -0.148157131808104 -0.5029190180131127
0 388 0 1
388
0.03421744305109486 -0.1485439123861294 -0.5018789469172753
0 389 0 1
389
0.03465754473431137 -0.1488866555973978 -0.500828880090986
0 390 0 1
390
0.03518617848295601 -0.1491136677014032 -0.4997584281574395
0 391 0 1
391
0.03575135415348619 -0.149187410185838 -0.498684199120481
0 392 0 1
392
0.03625363362882912 -0.1492089446872863 -0.4976532663426415
0 393 0 1
393
0.03677065174021232 -0.1491581558982593 -0.4966093933258218
0 394 0 1
394
0.03735474994921893 -0.1489724739250078 -0.4956360827113734
0 395 0 1
395
0.03793307336381736 -0.148801981847933 -0.4946562095850532
0 396 0 1
396
0.0384247664355102 -0.1486518748017059 -0.4937679329903532
0 397 0 1
397
0.03891478777284275 -0.1485051612793458 -0.4928780697612977
0 398 0 1
398
0.03951298933405363 -0.1483725651340174 -0.4919304977135134
0 399 0 1
399
0.04011575381183272 -0.1482366698674445 -0.4909871241589812
0 400 0 1
400
0.04073905025904093 -0.1480977038209979 -0.490040433344029
0 401 0 1
401
0.04136682997636166 -0.1479477089393111 -0.4890988092009767
0 402 0 1
402
0.0419921657701272 -0.1477236934919344 -0.4880476257366244
0 403 0 1
403
0.04262646594575641 -0.1474660780416622 -0.487011371665939
0 404 0 1
404
0.04320845233493559 -0.1472180076516247 -0.4861166811660251
0 405 0 1
405
0.04379907605045558 -0.1469349713596187 -0.4852403349102076
0 406 0 1
406
0.04445479212861624 -0.1466077603501238 -0.4843332639479843
0 407 0 1
407
0.0451186506838297 -0.1462389653839358 -0.4834501885565745
0 408 0 1
408
0.04579481514533759 -0.1457781921849738 -0.4824975629644294
0 409 0 1
409
0.04647425357722571 -0.145290591654544 -0.4815626146924868
0 410 0 1
410
0.04712557159952947 -0.1447686200656679 -0.4806839971073781
0 411 0 1
411
0.04777728662474219 -0.14423205132532 -0.4798170167970228
0 412 0 1
412
0.04844520353205355 -0.1436611972338536 -0.4790006559875022
0 413 0 1
413
0.04911255297085679 -0.1430779788701663 -0.4781959865720649
0 414 0 1
414
0.04975839587718925 -0.1424123604871833 -0.4774038655552841
0 415 0 1
415
0.05040391017532053 -0.1417303515696146 -0.4766311520870403
0 416 0 1
416
0.05096306378571906 -0.1410368702034586 -0.4759669669106485
0 417 0 1
417
0.05152093850896147 -0.1403212047702606 -0.4753288160175085
0 418 0 1
418
0.05208552763406971 -0.139558298233083 -0.4747569985435651
0 419 0 1
419
0.05264602742321228 -0.1387366801598474 -0.4742518713813397
0 420 0 1
420
0.05304666573886134 -0.1379897031380402 -0.4738661513000479
0 421 0 1
421
0.05344621643966835 -0.1372304733980305 -0.4735008275833074
0 422 0 1
422
0.05398229773337265 -0.1364400414944688 -0.4731929408561251
0 423 0 1
423
0.05451398448556988 -0.1356242573577235 -0.4729519763320159
0 424 0 1
424
0.05502185920978139 -0.1347122493318857 -0.4727067884816256
0 425 0 1
425
0.0555227079088796 -0.1337796213493526 -0.4725139631742655
0 426 0 1
426
0.05598645691462391 -0.1327869815965181 -0.4723417229976322
0 427 0 1
427
0.05647067003176214 -0.1318362093274212 -0.4722167728174607
0 428 0 1
428
0.0569088824533408 -0.1308998529903123 -0.4720939186058041
0 429 0 1
429
0.0573412633475167 -0.1300085936445516 -0.4720162440462917
0 430 0 1
430
0.05775039335490689 -0.1291738661147107 -0.4719453730126117
0 431 0 1
431
0.05810011952449864 -0.1283303359187252 -0.4718775852435147
0 432 0 1
432
0.05850577065874756 -0.1274162860314499 -0.4718129623598754
0 433 0 1
433
0.05886945937278054 -0.1264740114449418 -0.4717576879494534
0 434 0 1
434
0.05927638369535586 -0.1255089783360973 -0.4717067764584763
0 435 0 1
435
0.05966803670182793 -0.1245150073280809 -0.4716722078105704
0 436 0 1
436
0.06008078314859719 -0.123522741310031 -0.4716470798010596
0 437 0 1
437
0.0604790154975306 -0.1224745708162005 -0.4716377024803932
0 438 0 1
438
0.06088527913059334 -0.12142985561472 -0.4716513545185826
0 439 0 1
439
0.06124961854938153 -0.1203371071001555 -0.4716922375396975
0 440 0 1
440
0.06164879542738368 -0.1191914380442182 -0.4717568208553951
0 441 0 1
441
0.06198693834936119 -0.1180398800400489 -0.4718740236500414
0 442 0 1
442
0.06235219353450794 -0.1168862424742851 -0.4720055655634016
0 443 0 1
443
0.06265263960187725 -0.1157401511173596 -0.4721953175151497
0 444 0 1
444
0.06297842127482513 -0.114624312163763 -0.4723957277713881
0 445 0 1
445
0.06323497066329943 -0.1135021185143149 -0.4726459655573571
0 446 0 1
446
0.06350239745631968 -0.112428448879308 -0.4729044381634251
0 447 0 1
447
0.06371764271399892 -0.1113423743189127 -0.4732055570573997
0 448 0 1
448
0.0639363450032837 -0.1102961472075764 -0.4735155487977493
0 449 0 1
449
0.06411658516804165 -0.1092361322418772 -0.47386075655135
0 450 0 1
450
0.06429304918144599 -0.108206117742438 -0.4742186591396567
0 451 0 1
451
0.06444018750426884 -0.1071730954030396 -0.4746148449079378
0 452 0 1
452
0.06456140836403071 -0.1061922632379491 -0.4750280449054032
0 453 0 1
453
0.06469126029759939 -0.1052138526930557 -0.4754523594217843
0 454 0 1
454
0.06475298381923794 -0.1042582057834047 -0.4758918472358916
0 455 0 1
455
0.06484990344149366 -0.103351523861645 -0.4763416405524172
0 456 0 1
456
0.06488149492022169 -0.1024990319766397 -0.4768275178697248
0 457 0 1
457
0.06491593242126856 -0.1016409835698078 -0.4773468641335442
0 458 0 1
458
0.06488762041115879 -0.1007803960452894 -0.477892339459185
0 459 0 1
459
0.0648774238280319 -0.0999895181220479 -0.478449125433818
0 460 0 1
460
0.06479181129588381 -0.09917855713573047 -0.4790622331736835
0 461 0 1
461
0.06471725044014831 -0.09836046492376584 -0.4797507324073779
0 462 0 1
462
0.06459173701190091 -0.09761620858687547 -0.4804670805715116
0 463 0 1
463
0.06444968773590194 -0.09691722921570456 -0.4811906089897439
0 464 0 1
464
0.06421466691036716 -0.09620727543793334 -0.4820130801640313
0 465 0 1
465
0.06397410426496966 -0.09557314334192983 -0.4828436792806006
0 466 0 1
466
0.06369884094785391 -0.09498045051993537 -0.4837853425700144
0 467 0 1
467
0.06337947957726341 -0.09442635022196683 -0.4847323826060753
0 468 0 1
468
0.06299610889009197 -0.09389903166131076 -0.4857169237941658
0 469 0 1
469
0.0626163537639664 -0.0934663425438659 -0.4867037048792804
0 470 0 1
470
0.06223119968045164 -0.09306927620298991 -0.4877648213204672
0 471 0 1
471
0.06176384185683564 -0.09274279510979618 -0.4887971472443682
0 472 0 1
472
0.06131557328468503 -0.09244589321826935 -0.4898400901907957
0 473 0 1
473
0.06083924061190421 -0.09224941133580475 -0.4908906129200251
0 474 0 1
474
0.06037227347343884 -0.09207785219350302 -0.4919642173021648
0 475 0 1
475
0.05985961201677141 -0.09195984891822961 -0.4930047179620743
0 476 0 1
476
0.05939503838901095 -0.09187269463651579 -0.4939785297168743
0 477 0 1
477
0.05891571274217587 -0.09181261316377566 -0.4949691326922034
0 478 0 1
478
0.0584405927689105 -0.09176726318855981 -0.4959639251874857
0 479 0 1
479
0.05798528291594465 -0.09172427573433892 -0.4969368030198962
0 480 0 1
480
0.05750609824758419 -0.09167899347329519 -0.4979141393677257
0 481 0 1
481
0.0569991631526775 -0.09163138536454066 -0.4989344250829811
0 482 0 1
482
0.05649637215410669 -0.09157294013662826 -0.4999854469259051
0 483 0 1
483
0.05601724790978226 -0.0915066470278241 -0.5010325750437666
0 484 0 1
484
0.05552107659683866 -0.09142813802041112 -0.5020555720237118
0 485 0 1
485
0.05502195776186516 -0.09134490813722587 -0.5030937617700171
0 486 0 1
486
0.05454250385007434 -0.09125889608766791 -0.504116081233085
0 487 0 1
487
0.05405578908803556 -0.0911775405697311 -0.5051361388278067
0 488 0 1
488
0.05355160080101241 -0.09111563256238761 -0.5061711203065948
0 489 0 1
489
0.05303311673969809 -0.09105525527200968 -0.5072154584094161
0 490 0 1
490
0.05248853865026441 -0.091058025965087 -0.5082806401684524
0 491 0 1
491
0.05192957426374187 -0.09108919512006942 -0.5093419009707719
0 492 0 1
492
0.05137179696926327 -0.09116276268785986 -0.5103671009476718
0 493 0 1
493
0.05081147793911744 -0.09127731653370644 -0.5113666667642974
0 494 0 1
494
0.05024725973481314 -0.09146176691809893 -0.512330899268163
0 495 0 1
495
0.04968045454227502 -0.09165527868731953 -0.5132696392734764
0 496 0 1
496
0.0491298059137134 -0.09192343275477291 -0.5141476022445254
0 497 0 1
497
0.04858463773882267 -0.09220446928817987 -0.5149927358904656
0 498 0 1
498
0.04804736299624197 -0.09251660170975659 -0.5157985383692668
0 499 0 1
499
0.04751268475762385 -0.0928328665337697 -0.5165869070305241
0 500 0 1
500
0.0469821204732992 -0.09319999740253734 -0.5173365244705476
0 501 0 1
501
0.04644578836701732 -0.09357391839498233 -0.5180830920409766
0 502 0 1
502
0.04589595095865577 -0.09397837973346798 -0.5188317889997079
0 503 0 1
503
0.04532969894116004 -0.09440370025126481 -0.5195915097336197
0 504 0 1
504
0.0447339884615478 -0.09484189480898189 -0.5203866981819639
0 505 0 1
505
0.04412340035514016 -0.09532381728775123 -0.5211815530635268
0 506 0 1
506
0.04349658645381788 -0.09581903739782756 -0.5219900069705415
0 507 0 1
507
0.04286542828393744 -0.09631921385350617 -0.5227984818108155
0 508 0 1
508
0.04223796922490466 -0.09683320385893564 -0.5235881405423424
0 509 0 1
509
0.04161254214228739 -0.09734438374254893 -0.5243709222034756
0 510 0 1
510
0.04099169752589319 -0.09785316537688639 -0.525140597486196
0 511 0 1
511
0.04036044250320853 -0.09841578336661033 -0.5258938492753363
0 512 0 1
512
0.03970103249439118 -0.09901541003157284 -0.526664892832686
0 513 0 1
513
0.03903306885252786 -0.09966405626346773 -0.527419232105802
0 514 0 1
514
0.03835797595128809 -0.1003616914214233 -0.5281457469995148
0 515 0 1
515
0.03768732442552959 -0.1010756500069032 -0.5288391511951921
0 516 0 1
516
0.03703958188760555 -0.1018051303748066 -0.529483833691401
0 517 0 1
517
0.03641067013981183 -0.1025935352378638 -0.5300175734521785
0 518 0 1
518
0.03581092162180386 -0.1033639088378022 -0.5305183083274659
0 519 0 1
519
0.03524423049537066 -0.1041365428004339 -0.5309573128559724
0 520 0 1
520
0.03471983441541669 -0.1048940599057245 -0.531309632283008
0 521 0 1
521
0.03420991802422261 -0.1056517034032486 -0.5316319927903429
0 522 0 1
522
0.0337113380830767 -0.1064335078043704 -0.531899519895582
0 523 0 1
523
0.03322717822381994 -0.1072278807478849 -0.5321274126016469
0 524 0 1
524
0.03274973041164111 -0.1080263736807821 -0.5323192210445145
0 525 0 1
525
0.03228732655988328 -0.1088084949039996 -0.5324720848471519
0 526 0 1
526
0.03184790640301335 -0.1095496778095708 -0.5326035119046518
0 527 0 1
527
0.03143844840039608 -0.1102297842010738 -0.5326970714256347
0 528 0 1
528
0.03107760699670074 -0.1108068408569247 -0.5327472278315094
0 529 0 1
529
0.03072739659079018 -0.1113013383797315 -0.5327847750822978
0 530 0 1
530
0.03041774422122236 -0.1116214343471653 -0.5327732672316329
0 531 0 1
531
0.03041774422122236 -0.1116214343471653 -0.5327732672316329
0 532 0 1
532
0.03072739659079018 -0.1113013383797315 -0.5327847750822978
0 533 0 1
533
0.03107760699670074 -0.1108068408569247 -0.5327472278315094
0 534 0 1
534
0.03143844840039608 -0.1102297842010738 -0.5326970714256347
0 535 0 1
535
0.03184790640301335 -0.1095496778095708 -0.5326035119046518
0 536 0 1
536
0.03228732655988328 -0.1088084949039996 -0.5324720848471519
0 537 0 1
537
0.03274973041164111 -0.1080263736807821 -0.5323192210445145
0 538 0 1
538
0.03322717822381994 -0.1072278807478849 -0.5321274126016469
0 539 0 1
539
0.0337113380830767 -0.1064335078043704 -0.531899519895582
0 540 0 1
540
0.03420991802422261 -0.1056517034032486 -0.5316319927903429
0 541 0 1
541
0.03471983441541669 -0.1048940599057245 -0.531309632283008
0 542 0 1
542
0.03524423049537066 -0.1041365428004339 -0.5309573128559724
0 543 0 1
543
0.03581092162180386 -0.1033639088378022 -0.5305183083274659
0 544 0 1
544
0.03641067013981183 -0.1025935352378638 -0.5300175734521785
0 545 0 1
545
0.03703958188760555 -0.1018051303748066 -0.529483833691401
0 546 0 1
546
0.03768732442552959 -0.1010756500069032 -0.5288391511951921
0 547 0 1
547
0.03835797595128809 -0.1003616914214233 -0.5281457469995148
0 548 0 1
548
0.03903306885252786 -0.09966405626346773 -0.527419232105802
0 549 0 1
549
0.03970103249439118 -0.09901541003157284 -0.526664892832686
0 550 0 1
550
0.04036044250320853 -0.09841578336661033 -0.5258938492753363
0 551 0 1
551
0.04099169752589319 -0.09785316537688639 -0.525140597486196
0 552 0 1
552
0.04161254214228739 -0.09734438374254893 -0.5243709222034756
0 553 0 1
553
0.04223796922490466 -0.09683320385893564 -0.5235881405423424
0 554 0 1
554
0.04286542828393744 -0.09631921385350617 -0.5227984818108155
0 555 0 1
555
0.04349658645381788 -0.09581903739782756 -0.5219900069705415
0 556 0 1
556
0.04412340035514016 -0.09532381728775123 -0.5211815530635268
0 557 0 1
557
0.0447339884615478 -0.09484189480898189 -0.5203866981819639
0 558 0 1
558
0.04532969894116004 -0.09440370025126481 -0.5195915097336197
0 559 0 1
559
0.04589595095865577 -0.09397837973346798 -0.5188317889997079
0 560 0 1
560
0.04644578836701732 -0.09357391839498233 -0.5180830920409766
0 561 0 1
561
0.0469821204732992 -0.09319999740253734 -0.5173365244705476
0 562 0 1
562
0.04751268475762385 -0.0928328665337697 -0.5165869070305241
0 563 0 1
563
0.04804736299624197 -0.09251660170975659 -0.5157985383692668
0 564 0 1
564
0.04858463773882267 -0.09220446928817987 -0.5149927358904656
0 565 0 1
565
0.0491298059137134 -0.09192343275477291 -0.5141476022445254
0 566 0 1
566
0.04968045454227502 -0.09165527868731953 -0.5132696392734764
0 567 0 1
567
0.05024725973481314 -0.09146176691809893 -0.512330899268163
0 568 0 1
568
0.05081147793911744 -0.09127731653370644 -0.5113666667642974
0 569 0 1
569
0.05137179696926327 -0.09116276268785986 -0.5103671009476718
0 570 0 1
570
0.05192957426374187 -0.09108919512006942 -0.5093419009707719
0 571 0 1
571
0.05248853865026441 -0.091058025965087 -0.5082806401684524
0 572 0 1
572
0.05303311673969809 -0.09105525527200968 -0.5072154584094161
0 573 0 1
573
0.05355160080101241 -0.09111563256238761 -0.5061711203065948
0 574 0 1
574
0.05405578908803556 -0.0911775405697311 -0.5051361388278067
0 575 0 1
575
0.05454250385007434 -0.09125889608766791 -0.504116081233085
0 576 0 1
576
0.05502195776186516 -0.09134490813722587 -0.5030937617700171
0 577 0 1
577
0.05552107659683866 -0.09142813802041112 -0.5020555720237118
0 578 0 1
578
0.05601724790978226 -0.0915066470278241 -0.5010325750437666
0 579 0 1
579
0.05649637215410669 -0.09157294013662826 -0.4999854469259051
0 580 0 1
580
0.0569991631526775 -0.09163138536454066 -0.4989344250829811
0 581 0 1
581
0.05750609824758419 -0.09167899347329519 -0.4979141393677257
0 582 0 1
582
0.05798528291594465 -0.09172427573433892 -0.4969368030198962
0 583 0 1
583
0.0584405927689105 -0.09176726318855981 -0.4959639251874857
0 584 0 1
584
0.05891571274217587 -0.09181261316377566 -0.4949691326922034
0 585 0 1
585
0.05939503838901095 -0.09187269463651579 -0.4939785297168743
0 586 0 1
586
0.05985961201677141 -0.09195984891822961 -0.4930047179620743
0 587 0 1
587
0.06037227347343884 -0.09207785219350302 -0.4919642173021648
0 588 0 1
588
0.06083924061190421 -0.09224941133580475 -0.4908906129200251
0 589 0 1
589
0.06131557328468503 -0.09244589321826935 -0.4898400901907957
0 590 0 1
590
0.06176384185683564 -0.09274279510979618 -0.4887971472443682
0 591 0 1
591
0.06223119968045164 -0.09306927620298991 -0.4877648213204672
0 592 0 1
592
0.0626163537639664 -0.0934663425438659 -0.4867037048792804
0 593 0 1
593
0.06299610889009197 -0.09389903166131076 -0.4857169237941658
0 594 0 1
594
0.06337947957726341 -0.09442635022196683 -0.4847323826060753
0 595 0 1
595
0.06369884094785391 -0.09498045051993537 -0.4837853425700144
0 596 0 1
596
0.06397410426496966 -0.09557314334192983 -0.4828436792806006
0 597 0 1
597
0.06421466691036716 -0.09620727543793334 -0.4820130801640313
0 598 0 1
598
0.06444968773590194 -0.09691722921570456 -0.4811906089897439
0 599 0 1
599
0.06459173701190091 -0.09761620858687547 -0.4804670805715116
0 600 0 1
600
0.06471725044014831 -0.09836046492376584 -0.4797507324073779
0 601 0 1
601
0.06479181129588381 -0.09917855713573047 -0.4790622331736835
0 602 0 1
602
0.0648774238280319 -0.0999895181220479 -0.478449125433818
0 603 0 1
603
0.06488762041115879 -0.1007803960452894 -0.477892339459185
0 604 0 1
604
0.06491593242126856 -0.1016409835698078 -0.4773468641335442
0 605 0 1
605
0.06488149492022169 -0.1024990319766397 -0.4768275178697248
0 606 0 1
606
0.06484990344149366 -0.103351523861645 -0.4763416405524172
0 607 0 1
607
0.06475298381923794 -0.1042582057834047 -0.4758918472358916
0 608 0 1
608
0.06469126029759939 -0.1052138526930557 -0.4754523594217843
0 609 0 1
609
0.06456140836403071 -0.1061922632379491 -0.4750280449054032
0 610 0 1
610
0.06444018750426884 -0.1071730954030396 -0.4746148449079378
0 611 0 1
611
0.06429304918144599 -0.108206117742438 -0.4742186591396567
0 612 0 1
612
0.06411658516804165 -0.1092361322418772 -0.47386075655135
0 613 0 1
613
0.0639363450032837 -0.1102961472075764 -0.4735155487977493
0 614 0 1
614
0.06371764271399892 -0.1113423743189127 -0.4732055570573997
0 615 0 1
615
0.06350239745631968 -0.112428448879308 -0.4729044381634251
0 616 0 1
616
0.06323497066329943 -0.1135021185143149 -0.4726459655573571
0 617 0 1
617
0.06297842127482513 -0.114624312163763 -0.4723957277713881
0 618 0 1
618
0.06265263960187725 -0.1157401511173596 -0.4721953175151497
0 619 0 1
619
0.06235219353450794 -0.1168862424742851 -0.4720055655634016
0 620 0 1
620
0.06198693834936119 -0.1180398800400489 -0.4718740236500414
0 621 0 1
621
0.06164879542738368 -0.1191914380442182 -0.4717568208553951
0 622 0 1
622
0.06124961854938153 -0.1203371071001555 -0.4716922375396975
0 623 0 1
623
0.06088527913059334 -0.12142985561472 -0.4716513545185826
0 624 0 1
624
0.0604790154975306 -0.1224745708162005 -0.4716377024803932
0 625 0 1
625
0.06008078314859719 -0.123522741310031 -0.4716470798010596
0 626 0 1
626
0.05966803670182793 -0.1245150073280809 -0.4716722078105704
0 627 0 1
627
0.05927638369535586 -0.1255089783360973 -0.4717067764584763
0 628 0 1
628
0.05886945937278054 -0.1264740114449418 -0.4717576879494534
0 629 0 1
629
0.05850577065874756 -0.1274162860314499 -0.4718129623598754
0 630 0 1
630
0.05810011952449864 -0.1283303359187252 -0.4718775852435147
0 631 0 1
631
0.05775039335490689 -0.1291738661147107 -0.4719453730126117
0 632 0 1
632
0.0573412633475167 -0.1300085936445516 -0.4720162440462917
0 633 0 1
633
0.0569088824533408 -0.1308998529903123 -0.4720939186058041
0 634 0 1
634
0.05647067003176214 -0.1318362093274212 -0.4722167728174607
0 635 0 1
635
0.05598645691462391 -0.1327869815965181 -0.4723417229976322
0 636 0 1
636
0.0555227079088796 -0.1337796213493526 -0.4725139631742655
0 637 0 1
637
0.05502185920978139 -0.1347122493318857 -0.4727067884816256
0 638 0 1
638
0.05451398448556988 -0.1356242573577235 -0.4729519763320159
0 639 0 1
639
0.05398229773337265 -0.1364400414944688 -0.4731929408561251
0 640 0 1
640
0.05344621643966835 -0.1372304733980305 -0.4735008275833074
0 641 0 1
641
0.05304666573886134 -0.1379897031380402 -0.4738661513000479
0 642 0 1
642
0.05264602742321228 -0.1387366801598474 -0.4742518713813397
0 643 0 1
643
0.05208552763406971 -0.139558298233083 -0.4747569985435651
0 644 0 1
644
0.05152093850896147 -0.1403212047702606 -0.4753288160175085
0 645 0 1
645
0.05096306378571906 -0.1410368702034586 -0.4759669669106485
0 646 0 1
646
0.05040391017532053 -0.1417303515696146 -0.4766311520870403
0 647 0 1
647
0.04975839587718925 -0.1424123604871833 -0.4774038655552841
0 648 0 1
648
0.04911255297085679 -0.1430779788701663 -0.4781959865720649
0 649 0 1
649
0.04844520353205355 -0.1436611972338536 -0.4790006559875022
0 650 0 1
650
0.04777728662474219 -0.14423205132532 -0.4798170167970228
0 651 0 1
651
0.04712557159952947 -0.1447686200656679 -0.4806839971073781
0 652 0 1
652
0.04647425357722571 -0.145290591654544 -0.4815626146924868
0 653 0 1
653
0.04579481514533759 -0.1457781921849738 -0.4824975629644294
0 654 0 1
654
0.0451186506838297 -0.1462389653839358 -0.4834501885565745
0 655 0 1
655
0.04445479212861624 -0.1466077603501238 -0.4843332639479843
0 656 0 1
656
0.04379907605045558 -0.1469349713596187 -0.4852403349102076
0 657 0 1
657
0.04320845233493559 -0.1472180076516247 -0.4861166811660251
0 658 0 1
658
0.04262646594575641 -0.1474660780416622 -0.487011371665939
0 659 0 1
659
0.0419921657701272 -0.1477236934919344 -0.4880476257366244
0 660 0 1
660
0.04136682997636166 -0.1479477089393111 -0.4890988092009767
0 661 0 1
661
0.04073905025904093 -0.1480977038209979 -0.490040433344029
0 662 0 1
662
0.04011575381183272 -0.1482366698674445 -0.4909871241589812
0 663 0 1
663
0.03951298933405363 -0.1483725651340174 -0.4919304977135134
0 664 0 1
664
0.03891478777284275 -0.1485051612793458 -0.4928780697612977
0 665 0 1
665
0.0384247664355102 -0.1486518748017059 -0.4937679329903532
0 666 0 1
666
0.03793307336381736 -0.148801981847933 -0.4946562095850532
0 667 0 1
667
0.03735474994921893 -0.1489724739250078 -0.4956360827113734
0 668 0 1
668
0.03677065174021232 -0.1491581558982593 -0.4966093933258218
0 669 0 1
669
0.03625363362882912 -0.1492089446872863 -0.4976532663426415
0 670 0 1
670
0.03575135415348619 -0.149187410185838 -0.498684199120481
0 671 0 1
671
0.03518617848295601 -0.1491136677014032 -0.4997584281574395
0 672 0 1
672
0.03465754473431137 -0.1488866555973978 -0.500828880090986
0 673 0 1
673
0.03421744305109486 -0.1485439123861294 -0.5018789469172753
0 674 0 1
674
0.0337906579029196 -0.148157131808104 -0.5029190180131127
0 675 0 1
675
0.03338499549156972 -0.1477059590467794 -0.5038737953875505
0 676 0 1
676
0.03298525887068179 -0.1472414184449737 -0.5048241572253277
0 677 0 1
677
0.03269859280463718 -0.1468206915884087 -0.5057806132585411
0 678 0 1
678
0.03237880149758259 -0.1464163923376335 -0.5066909096067344
0 679 0 1
679
0.03212027519834269 -0.1460404621509741 -0.5076340068061752
0 680 0 1
680
0.03184633754097355 -0.145688514291574 -0.5085468319551311
0 681 0 1
681
0.03156605087506659 -0.1453412498476289 -0.5094349597068477
0 682 0 1
682
0.03128392050106885 -0.1449934556555548 -0.5103018298525763
0 683 0 1
683
0.0309990538919783 -0.1446550630416906 -0.5111471105962269
0 684 0 1
684
0.0307207834040094 -0.1442954088003484 -0.511980794463029
0 685 0 1
685
0.03044251576709027 -0.1439211106729533 -0.5128138162390715
0 686 0 1
686
0.03015222369722773 -0.1435206990694926 -0.5136785018893687
0 687 0 1
687
0.0298535390547603 -0.1430580400364985 -0.5145981982417137
0 688 0 1
688
0.02954296725484722 -0.1425574684290842 -0.515558309575578
0 689 0 1
689
0.02924101151358168 -0.1419787712013957 -0.5165555194015112
0 690 0 1
690
0.0289362446207367 -0.1413846784106002 -0.5175584729770902
0 691 0 1
691
0.02867121456612929 -0.1407344306745625 -0.5185272192573924
0 692 0 1
692
0.0284151546791375 -0.1400762106081614 -0.51947878874606
0 693 0 1
693
0.02819105330845837 -0.1393860906991678 -0.5203844480797118
0 694 0 1
694
0.02797497620396057 -0.1386966471113221 -0.5212712250496178
0 695 0 1
695
0.02778516018860789 -0.1379871892970002 -0.5221166125055888
0 696 0 1
696
0.02760311650898964 -0.1372796842052189 -0.522944227675329
0 697 0 1
697
0.02744052255817964 -0.1365613305846481 -0.5237392848324457
0 698 0 1
698
0.02728974869026598 -0.1358334316623731 -0.5245178658277644
0 699 0 1
699
0.02715474314047112 -0.1350875373302385 -0.5252750572080225
0 700 0 1
700
0.02702147976331549 -0.1343482925803962 -0.5260269246615393
0 701 0 1
701
0.02692072953383131 -0.1335743451910411 -0.5267350110399895
0 702 0 1
702
0.02682730633440224 -0.1327967377146125 -0.5274346003247631
0 703 0 1
703
0.02675924962247594 -0.1319888651585136 -0.5281037082883967
0 704 0 1
704
0.02671232056630163 -0.1311574840330383 -0.5287451425876004
0 705 0 1
705
0.0266851438780004 -0.1303075015654132 -0.5293640116303551
0 706 0 1
706
0.02668942738991795 -0.1294233126530104 -0.5299369421015344
0 707 0 1
707
0.02671913251314193 -0.1285171123188505 -0.5304801733612601
0 708 0 1
708
0.02678490097389924 -0.127574303535614 -0.5309629114167139
0 709 0 1
709
0.02687197614187323 -0.1266139549362011 -0.5314216571165342
0 710 0 1
710
0.02700732266160743 -0.1256103737781634 -0.5318000783834136
0 711 0 1
711
0.02716985377516499 -0.1245894824146598 -0.5321345310240779
0 712 0 1
712
0.02736353971456135 -0.1235531485496738 -0.532412673007942
0 713 0 1
713
0.02758747715970056 -0.1225103065507908 -0.5326190108364037
0 714 0 1
714
0.02782484162211602 -0.1214740543669086 -0.5328068287232242
0 715 0 1
715
0.02808165545290124 -0.1204457114208285 -0.5329214536586514
0 716 0 1
716
0.02834477799483387 -0.1194258588494932 -0.5330342256680028
0 717 0 1
717
0.02862345280405918 -0.1184149312743309 -0.5330839180900396
0 718 0 1
718
0.02890203599837482 -0.1174322797321271 -0.5331125850256691
0 719 0 1
719
0.02917389194280652 -0.1164854781834449 -0.5331319451538232
0 720 0 1
720
0.02945217356893429 -0.1155386727198526 -0.5331270240625777
0 721 0 1
721
0.02973541074885906 -0.1145902732041153 -0.5330856973208593
0 722 0 1
722
0.03000174439693966 -0.1136684374965137 -0.5330272657695585
0 723 0 1
723
0.03023176734975914 -0.112800467265659 -0.5329655701700518
0 724 0 1
724
0.03039684931707552 -0.1120701108825224 -0.5328586249258499
0 725 0 1
725
0.03041774422122236 -0.1116214343471653 -0.5327732672316329
0 726 0 1
726
0.06132320991839404 -0.1490128921946267 -0.4875576833415567
0 727 0 1
727
0.06135717417470415 -0.1492543311654214 -0.4879159822469871
0 728 0 1
728
0.06141545141878479 -0.149587776793119 -0.4884265247056794
0 729 0 1
729
0.06146144381160963 -0.1499796603607715 -0.489055899846991
0 730 0 1
730
0.06153089880480776 -0.150424794160967 -0.4897815174282125
0 731 0 1
731
0.06160432362526432 -0.1509057078735569 -0.4905821483592687
0 732 0 1
732
0.06165100704271028 -0.1514113721261084 -0.4914641103698196
0 733 0 1
733
0.06171163703308469 -0.1519376564110409 -0.4924037761872264
0 734 0 1
734
0.06177445837689119 -0.1524731942865448 -0.4934152875721654
0 735 0 1
735
0.06182281099378133 -0.1530226533577032 -0.4944843014681365
0 736 0 1
736
0.06187323820401881 -0.1535921013529457 -0.4956238245366053
0 737 0 1
737
0.06192253499087851 -0.1541912692276365 -0.4968616228487094
0 738 0 1
738
0.06195351727297243 -0.1547709561923362 -0.4981260378608708
0 739 0 1
739
0.06197102378427422 -0.1553732012410955 -0.499481468837309
0 740 0 1
740
0.06199091834034869 -0.1560406852295672 -0.5009371226583855
0 741 0 1
741
0.06196933262794061 -0.1566871220670985 -0.5024099118701231
0 742 0 1
742
0.06191149926739424 -0.1574319972874325 -0.503994121102554
0 743 0 1
743
0.06178722650882329 -0.1581929464559745 -0.5056428068076364
0 744 0 1
744
0.06164633765586514 -0.1589913594948046 -0.5074010381597865
0 745 0 1
745
0.0613985006242678 -0.1596441725936752 -0.5090035605936811
0 746 0 1
746
0.06108138446676132 -0.1602883928486922 -0.5106816835473518
0 747 0 1
747
0.06071068423015739 -0.1607200363528392 -0.5121885988672034
0 748 0 1
748
0.06026489544616541 -0.1611111755752391 -0.5136855095775295
0 749 0 1
749
0.05974395064037086 -0.1614497498429857 -0.5152410476176135
0 750 0 1
750
0.05912724027048747 -0.161699420453704 -0.516855998336695
0 751 0 1
751
0.05841741464664796 -0.161827427602729 -0.5185920429324766
0 752 0 1
752
0.0578901493814202 -0.1619262238670957 -0.5203331215339704
0 753 0 1
753
0.05729492629074198 -0.1618932493401182 -0.5221210916773045
0 754 0 1
754
0.05696003889688648 -0.1617898008993973 -0.5239430756239133
0 755 0 1
755
0.05665887903404028 -0.1613703004170036 -0.5258058147220382
0 756 0 1
756
0.05638945459790384 -0.1606544989919611 -0.527627151737733
0 757 0 1
757
0.05617464924267434 -0.1596531760686316 -0.5293354060363462
0 758 0 1
758
0.05600243732350921 -0.1584181283521792 -0.5308993690580373
0 759 0 1
759
0.05584559975828163 -0.1570303834906462 -0.5323170226235616
0 760 0 1
760
0.05569265481880539 -0.1555344347537516 -0.5335925155251215
0 761 0 1
761
0.0555311421519263 -0.1539650398151605 -0.5347486677304801
0 762 0 1
762
0.05534622897841157 -0.1523394537461133 -0.5357956797768203
0 763 0 1
763
0.05512515259219184 -0.1506840788277774 -0.5367644339299177
0 764 0 1
764
0.05487079574134046 -0.1490074330514648 -0.5376674345776679
0 765 0 1
765
0.05460143827487761 -0.1472963167917923 -0.538466671303515
0 766 0 1
766
0.05431177051952446 -0.1455628203172302 -0.53918226086681
0 767 0 1
767
0.05398841551964548 -0.1438261567670806 -0.5398413771125337
0 768 0 1
768
0.05363761572062149 -0.1420810678950704 -0.5404353276831282
0 769 0 1
769
0.05326903038131601 -0.1403202678407991 -0.5409507927766836
0 770 0 1
770
0.0528887532344075 -0.1385437737589412 -0.5413702653456707
0 771 0 1
771
0.0525057793014136 -0.1367558092791654 -0.5416669988094044
0 772 0 1
772
0.05215825730431493 -0.134948135325862 -0.541774601613739
0 773 0 1
773
0.05187930054138842 -0.1331540245441972 -0.5416385341153589
0 774 0 1
774
0.05163465001495137 -0.1314126908279583 -0.541323222910624
0 775 0 1
775
0.05143999890595138 -0.1297693198369858 -0.5407907616252438
0 776 0 1
776
0.05126329040615682 -0.1282105503644202 -0.5401360793376129
0 777 0 1
777
0.0510706040750705 -0.1267170701073665 -0.5394387173157504
0 778 0 1
778
0.05085442217039097 -0.1252775645270528 -0.5387214886205941
0 779 0 1
779
0.05060905989593454 -0.1238812308178361 -0.538002961942425
0 780 0 1
780
0.05031934097337058 -0.1225076191443765 -0.5373246175996972
0 781 0 1
781
0.04999729432400305 -0.1211646419807723 -0.5366638155197513
0 782 0 1
782
0.0496216646026461 -0.1198258931198005 -0.5360937508089311
0 783 0 1
783
0.04920894276264665 -0.1185044917697217 -0.5355755756147278
0 784 0 1
784
0.04875410360891452 -0.1171940510728415 -0.5351385173248306
0 785 0 1
785
0.04827217676095553 -0.1159067842588196 -0.5347426409388865
0 786 0 1
786
0.04775862336199405 -0.1146364241677509 -0.5344128554785732
0 787 0 1
787
0.04722667259708466 -0.1133960412774467 -0.534086589261024
0 788 0 1
788
0.04667321516727072 -0.1121782396951232 -0.5337939456434104
0 789 0 1
789
0.04610261672128562 -0.1109928636408957 -0.5334800210557779
0 790 0 1
790
0.04551147403247282 -0.1098288917610141 -0.5331858717539615
0 791 0 1
791
0.04490193513172495 -0.1087006714917112 -0.5328446285825423
0 792 0 1
792
0.04427087487005585 -0.1075973719927231 -0.5325045383325052
0 793 0 1
793
0.04361775895908418 -0.1065417049370838 -0.5321051037861818
0 794 0 1
794
0.04294147915985268 -0.1055112460494319 -0.5316978424234761
0 795 0 1
795
0.04223906518374636 -0.1045403875102676 -0.5312191939585842
0 796 0 1
796
0.04151192427049738 -0.1035911446323798 -0.5307280019821528
0 797 0 1
797
0.04075890224327151 -0.1026969496417828 -0.5301721066546017
0 798 0 1
798
0.03998029200176353 -0.1018490825546686 -0.5295670521092036
0 799 0 1
799
0.03918221411157828 -0.1010346349975809 -0.5289347036101155
0 800 0 1
800
0.03835797595128809 -0.1003616914214233 -0.5281457469995148
0 801 0 1
801
0.03752877935151605 -0.09969806833170246 -0.5273425997574718
0 802 0 1
802
0.06132320991839404 -0.1490128921946267 -0.4875576833415567
0 803 0 1
803
0.06171437251187536 -0.1488589579921766 -0.4873759960100593
0 804 0 1
804
0.06227695737246507 -0.148637421565085 -0.4871185855639573
0 805 0 1
805
0.0629184112739213 -0.1483677165936526 -0.486830098448112
0 806 0 1
806
0.06365116202947246 -0.1480151222644927 -0.486492922534069
0 807 0 1
807
0.06444188573013718 -0.1476416937836067 -0.4861384448426682
0 808 0 1
808
0.06525228965837079 -0.1471867902151255 -0.4857712695784493
0 809 0 1
809
0.06611000696778507 -0.1467133518041734 -0.4854031544769235
0 810 0 1
810
0.06699031978115991 -0.1461594557751663 -0.4850227924274604
0 811 0 1
811
0.06787870362630655 -0.145578230749154 -0.4846396173070749
0 812 0 1
812
0.06877736627377447 -0.1449403695953109 -0.4842410248499499
0 813 0 1
813
0.06970382384338397 -0.1442522598611628 -0.4838560081047632
0 814 0 1
814
0.07062425078553314 -0.1435385729451707 -0.4834773068968015
0 815 0 1
815
0.0715478681996007 -0.1427712228647026 -0.4830959895332068
0 816 0 1
816
0.07248675640198884 -0.1419707631016225 -0.4827187778390716
0 817 0 1
817
0.07339228780256751 -0.1411176042047414 -0.4823531777316615
0 818 0 1
818
0.07433778160239615 -0.1402181766347783 -0.482001335719023
0 819 0 1
819
0.075256237190789 -0.1392785131893794 -0.4816628028535482
0 820 0 1
820
0.0761460517596344 -0.1382901955929406 -0.4813493504070418
0 821 0 1
821
0.07707942121602555 -0.1372590510485744 -0.4810666476342759
0 822 0 1
822
0.07796846389550864 -0.1361507486503921 -0.4808127194930902
0 823 0 1
823
0.07884383827210331 -0.1349944783709787 -0.4805818826326137
0 824 0 1
824
0.07968977972236369 -0.1337654383902515 -0.4803714824269175
0 825 0 1
825
0.08049504267642368 -0.1324892888511951 -0.4802099206407271
0 826 0 1
826
0.08128655868136272 -0.1311548794549054 -0.4801001220170027
0 827 0 1
827
0.08200045094079061 -0.1297705020676922 -0.4800619909780598
0 828 0 1
828
0.08269086295584518 -0.1283071456703678 -0.480081459609787
0 829 0 1
829
0.08329361623127902 -0.1268178012672684 -0.4801556972527113
0 830 0 1
830
0.08380252824470953 -0.1252574953497131 -0.480348480735096
0 831 0 1
831
0.0842366356820495 -0.1236946110445808 -0.480617024264537
0 832 0 1
832
0.08459010781324972 -0.1221032248962504 -0.4809604508877278
0 833 0 1
833
0.08483968896334726 -0.1204870192862792 -0.4813926422160422
0 834 0 1
834
0.08496919125306238 -0.1189047343941513 -0.4818875715038522
0 835 0 1
835
0.08497064805982477 -0.1173200153478425 -0.4824798378173871
0 836 0 1
836
0.08486887960935004 -0.1157677006912486 -0.4831306277570288
0 837 0 1
837
0.0846729541200462 -0.1142775238974946 -0.4838558206129083
0 838 0 1
838
0.08434478600275322 -0.1128544753020853 -0.4846355015537323
0 839 0 1
839
0.08391420012525805 -0.1114540630690879 -0.4854208939785367
0 840 0 1
840
0.08345520091611711 -0.1101481989854898 -0.4862004842224219
0 841 0 1
841
0.08292522599725362 -0.108854697946843 -0.4869762288779723
0 842 0 1
842
0.08235466090230663 -0.1076174187202864 -0.4877539874145675
0 843 0 1
843
0.08172379367021602 -0.1064280519279951 -0.4884890856390225
0 844 0 1
844
0.08107434013454973 -0.1052653124957286 -0.4892200162438983
0 845 0 1
845
0.08039820256724961 -0.1041396339580805 -0.4899226856938367
0 846 0 1
846
0.07970964835238982 -0.103063397976306 -0.490603980324285
0 847 0 1
847
0.07901828654546805 -0.1019962629508633 -0.4912614583603825
0 848 0 1
848
0.07829184891516976 -0.1009261465960528 -0.4919200452542265
0 849 0 1
849
0.07754108719520209 -0.09990249511082877 -0.4925182848451356
0 850 0 1
850
0.07679443720541945 -0.09890007967452785 -0.4931152003213498
0 851 0 1
851
0.07599871671224724 -0.0979276225316944 -0.4936799305571239
0 852 0 1
852
0.07520037450649794 -0.0970175804120058 -0.4942174577816498
0 853 0 1
853
0.07433471430463622 -0.09613335865900403 -0.4947385204729244
0 854 0 1
854
0.07346728442114225 -0.0953576867434109 -0.4952209855706249
0 855 0 1
855
0.072520300196788 -0.09462570537271955 -0.4956805001047294
0 856 0 1
856
0.07156372439919517 -0.09399173079062489 -0.4961023132542104
0 857 0 1
857
0.07058370993381706 -0.09343068792486001 -0.4965077941038525
0 858 0 1
858
0.06956139730821589 -0.0929579317894339 -0.4968812809703579
0 859 0 1
859
0.06854588534973974 -0.09258639661036479 -0.4972101058081598
0 860 0 1
860
0.06750868839182197 -0.09228921249036379 -0.4974950661243761
0 861 0 1
861
0.06646505219290783 -0.09209257090578488 -0.4977107444198174
0 862 0 1
862
0.06543158916102634 -0.09193390410147229 -0.497919339602081
0 863 0 1
863
0.06443540041956922 -0.09184349548587036 -0.4980826200583708
0 864 0 1
864
0.0633943092453545 -0.0917796066851973 -0.4981825265083861
0 865 0 1
865
0.06240537707339773 -0.09174851820896751 -0.4982157783659448
0 866 0 1
866
0.06141614458313421 -0.09172662948126672 -0.4982261573845438
0 867 0 1
867
0.06044000557589144 -0.09171137942308971 -0.4982297252601043
0 868 0 1
868
0.05947250374981002 -0.09170329387411877 -0.4981697101466462
0 869 0 1
869
0.05846746108405817 -0.09169327970236352 -0.4980609509565341
0 870 0 1
870
0.05750609824758419 -0.09167899347329519 -0.4979141393677257
0 871 0 1
871
0.05652082021496104 -0.09166631064197155 -0.4977489651682661
0 872 0 1
872
0.06132320991839404 -0.1490128921946267 -0.4875576833415567
0 873 0 1
873
0.0608997799627443 -0.1489152508979885 -0.4873751530597496
0 874 0 1
874
0.0603015708980188 -0.1487627479105574 -0.4871032082028648
0 875 0 1
875
0.05959788973341529 -0.1485921887143604 -0.4867957012887512
0 876 0 1
876
0.05879854181748766 -0.1483999383469911 -0.4864563612465
0 877 0 1
877
0.0579821666352036 -0.1481824184487637 -0.4860649141024929
0 878 0 1
878
0.05711249276163131 -0.1479710453770777 -0.4856733114237762
0 879 0 1
879
0.05623495372472276 -0.1477469643109785 -0.4852671775873442
0 880 0 1
880
0.05533182092959334 -0.1474904281045515 -0.4848265457856278
0 881 0 1
881
0.05441993403875552 -0.1472567909001698 -0.4843867321396792
0 882 0 1
882
0.05347401201456738 -0.1470096379380259 -0.4839432389933753
0 883 0 1
883
0.05252454242006942 -0.1467346593312016 -0.4834922092711763
0 884 0 1
884
0.05158253863507258 -0.1464564593806937 -0.4830450999756161
0 885 0 1
885
0.05048248729218129 -0.1460906783800028 -0.4824702242961658
0 886 0 1
886
0.04938470323007842 -0.1457007697833871 -0.4819055850396664
0 887 0 1
887
0.04815396583913002 -0.1452034207776766 -0.481234289540329
0 888 0 1
888
0.04712557159952947 -0.1447686200656679 -0.4806839971073781
0 889 0 1
889
0.04610273377496039 -0.1442986848200995 -0.4801596364788514
1 1 0 5
890
891
892
893
894
0.06343912347559887 -0.09171148558879483 -0.5023578831002661
0.05984759035880526 -0.09278677287822069 -0.5138657855078437
0.05396817623972296 -0.09714851155443535 -0.5234944027831525
0.04657223274284838 -0.1036700777890919 -0.5305319262488573
0.03810912108208651 -0.1118053853478673 -0.5333823907600159
1 2 0 1
895
0.06322749716373867 -0.09272220929146446 -0.489451494101026
1 3 0 12
896
897
898
899
900
901
902
903
904
905
906
907
0.07139654439401651 -0.09957401332285555 -0.4826251687781093
0.07278978990037765 -0.1101968752149584 -0.4770880785636278
0.0708266195534805 -0.12175705724112 -0.4741168603837793
0.06610371488366773 -0.1328820562934996 -0.4742989244396835
0.05952847147995512 -0.1421157208861 -0.4783280894488481
0.05304190907236483 -0.1484947230093657 -0.4863395506147864
0.04759114325773698 -0.1522204211956965 -0.4964859844464205
0.04318995802155802 -0.1511176736957182 -0.5076255938144725
0.03965005405168021 -0.1477556752194023 -0.5187150677954507
0.03765375328346635 -0.1402760555861198 -0.527892969537738
0.03655657867023478 -0.1296500425925659 -0.5334851022351794
0.03627038120333408 -0.1175475073914632 -0.5338045510438691
1 4 0 7
908
909
910
911
912
913
914
0.1005333815593953 -0.1372853958118246 -0.5151197013922892
0.09826191452672396 -0.1304892539277258 -0.524403751922813
0.09300565571710458 -0.1222236743333545 -0.5308140988511595
0.08433624046148494 -0.1144797269752611 -0.5317460341832413
0.07482058299080803 -0.107849711870589 -0.5295427575843856
0.0654275181003139 -0.1014004189962489 -0.5264696982822226
0.05574140824803457 -0.09630841689642861 -0.5220750388219512
1 5 0 5
915
916
917
918
919
0.08746339906147499 -0.1533135989439789 -0.5132108547212841
0.07731691053209458 -0.1601302026720767 -0.5129235700748552
0.06540467596892562 -0.1614230403013819 -0.511480893836997
0.05433872724052015 -0.1570162700104381 -0.508890723441989
0.04414157381275191 -0.1518924760461282 -0.5044539895315163
1 6 0 4
920
921
922
923
0.08902392358219807 -0.147817574083096 -0.5001970455403948
0.08125976686488509 -0.145781910517236 -0.491472630111515
0.07324386779996794 -0.1422988374432043 -0.4834114408103884
0.06425739622961497 -0.1386329079211198 -0.4765674900603943
1 7 0 1
924
0.0302977623247886 -0.1115685153751079 -0.5327312769379255
1 8 0 16
925
926
927
928
929
930
931
932
933
934
935
936
937
938
939
940
0.02737735375698514 -0.1234848273210414 -0.5324283212151855
0.02697138120706846 -0.1339856907450325 -0.5263643378062648
0.029092942726479 -0.1416987604337531 -0.5170372583092129
0.03252267099380401 -0.146598282711691 -0.5062753819134747
0.03742509062892183 -0.1489511424860211 -0.4955180134109725
0.04382728685336871 -0.146921170498426 -0.4852000567808935
0.05055016638264755 -0.1415578639266773 -0.476456427623579
0.0564566413761225 -0.1318648002342853 -0.4722205087453181
0.06119067013850268 -0.120512843610276 -0.4716841816249366
0.06418553907126312 -0.1088409154951357 -0.4739947197456549
0.06469108382110375 -0.09817614181883348 -0.4799201865004555
0.06124446797208856 -0.0924102272792718 -0.4899994508072109
0.05598461553794504 -0.09150176926478662 -0.501101560679817
0.05040968017395615 -0.09140605130216219 -0.5120567456600679
0.04383362369000084 -0.09555263812759131 -0.5215561126538876
0.03697417417539096 -0.1018836299346542 -0.5295433039170558
1 9 0 16
941
942
943
944
945
946
947
948
949
950
951
952
953
954
955
956
0.03697417420440759 -0.1018836298995196 -0.5295433038910543
0.04383362375507673 -0.09555263807619452 -0.5215561125699524
0.05040968026955762 -0.09140605126894205 -0.5120567454980987
0.05598461565425072 -0.09150176928228525 -0.5011015604348962
0.06124446811852628 -0.09241022734846069 -0.4899994504819621
0.06469108386748869 -0.09817614211845403 -0.4799201862193254
0.06418553899389913 -0.1088409159344127 -0.4739947195951706
0.06119066996974066 -0.1205128441207919 -0.471684181602212
0.05645664114098273 -0.1318648007117262 -0.4722205088074063
0.0505501661481577 -0.1415578642114081 -0.4764564279039286
0.04382728662536677 -0.1469211706098785 -0.4852000571057181
0.03742509045492488 -0.1489511425382875 -0.4955180137028143
0.03252267091388717 -0.146598282613875 -0.5062753821310411
0.02909294268168013 -0.1416987603488652 -0.5170372584547025
0.02697138119618646 -0.1339856906588977 -0.5263643378843328
0.02737735376802031 -0.123484827266813 -0.5324283212273968
1 10 0 9
957
958
959
960
961
962
963
964
965
0.06194627095374509 -0.1546061525674365 -0.4977615495880869
0.06150565279535006 -0.1593957312423102 -0.5083772610838787
0.05822311947737994 -0.1618691684366316 -0.5191956680030428
0.05609915448290807 -0.1591632907886492 -0.5300041598900531
0.05503498405756132 -0.150072404296463 -0.5371047520770472
0.05306363400033731 -0.13935845605358 -0.5411920054496026
0.05125573157510207 -0.1281482171574275 -0.5401083856649479
0.04896610938804437 -0.1177905426422989 -0.5353308143343918
0.04423424279234113 -0.1075359549739049 -0.5324832871791806
1 11 0 7
966
967
968
969
970
971
972
0.07036074142298136 -0.1437475115302753 -0.4835857083322402
0.07802687860696118 -0.1360757238243883 -0.4807967270185673
0.08345677554618877 -0.1263513473815427 -0.4802028468663103
0.08486594913348115 -0.1157378733593925 -0.4831441403733303
0.08172837457573805 -0.1064364666801113 -0.4884838418227025
0.07616477532999073 -0.09812475593623506 -0.4935651132372244
0.06761666955470771 -0.0923154969255597 -0.49746860024817
1 12 0 1
973
0.05353716743629185 -0.1470269291322536 -0.4839729942091076
$EndNodes
$Elements
901 985 1 985
0 1 15 1
1 1 
0 2 15 1
2 2 
0 3 15 1
3 3 
0 4 15 1
4 4 
0 5 15 1
5 5 
0 6 15 1
6 6 
0 7 15 1
7 7 
0 8 15 1
8 8 
0 9 15 1
9 9 
0 10 15 1
10 10 
0 11 15 1
11 11 
0 12 15 1
12 12 
0 13 15 1
13 13 
0 14 15 1
14 14 
0 15 15 1
15 15 
0 16 15 1
16 16 
0 17 15 1
17 17 
0 18 15 1
18 18 
0 19 15 1
19 19 
0 20 15 1
20 20 
0 21 15 1
21 21 
0 22 15 1
22 22 
0 23 15 1
23 23 
0 24 15 1
24 24 
0 25 15 1
25 25 
0 26 15 1
26 26 
0 27 15 1
27 27 
0 28 15 1
28 28 
0 29 15 1
29 29 
0 30 15 1
30 30 
0 31 15 1
31 31 
0 32 15 1
32 32 
0 33 15 1
33 33 
0 34 15 1
34 34 
0 35 15 1
35 35 
0 36 15 1
36 36 
0 37 15 1
37 37 
0 38 15 1
38 38 
0 39 15 1
39 39 
0 40 15 1
40 40 
0 41 15 1
41 41 
0 42 15 1
42 42 
0 43 15 1
43 43 
0 44 15 1
44 44 
0 45 15 1
45 45 
0 46 15 1
46 46 
0 47 15 1
47 47 
0 48 15 1
48 48 
0 49 15 1
49 49 
0 50 15 1
50 50 
0 51 15 1
51 51 
0 52 15 1
52 52 
0 53 15 1
53 53 
0 54 15 1
54 54 
0 55 15 1
55 55 
0 56 15 1
56 56 
0 57 15 1
57 57 
0 58 15 1
58 58 
0 59 15 1
59 59 
0 60 15 1
60 60 
0 61 15 1
61 61 
0 62 15 1
62 62 
0 63 15 1
63 63 
0 64 15 1
64 64 
0 65 15 1
65 65 
0 66 15 1
66 66 
0 67 15 1
67 67 
0 68 15 1
68 68 
0 69 15 1
69 69 
0 70 15 1
70 70 
0 71 15 1
71 71 
0 72 15 1
72 72 
0 73 15 1
73 73 
0 74 15 1
74 74 
0 75 15 1
75 75 
0 76 15 1
76 76 
0 77 15 1
77 77 
0 78 15 1
78 78 
0 79 15 1
79 79 
0 80 15 1
80 80 
0 81 15 1
81 81 
0 82 15 1
82 82 
0 83 15 1
83 83 
0 84 15 1
84 84 
0 85 15 1
85 85 
0 86 15 1
86 86 
0 87 15 1
87 87 
0 88 15 1
88 88 
0 89 15 1
89 89 
0 90 15 1
90 90 
0 91 15 1
91 91 
0 92 15 1
92 92 
0 93 15 1
93 93 
0 94 15 1
94 94 
0 95 15 1
95 95 
0 96 15 1
96 96 
0 97 15 1
97 97 
0 98 15 1
98 98 
0 99 15 1
99 99 
0 100 15 1
100 100 
0 101 15 1
101 101 
0 102 15 1
102 102 
0 103 15 1
103 103 
0 104 15 1
104 104 
0 105 15 1
105 105 
0 106 15 1
106 106 
0 107 15 1
107 107 
0 108 15 1
108 108 
0 109 15 1
109 109 
0 110 15 1
110 110 
0 111 15 1
111 111 
0 112 15 1
112 112 
0 113 15 1
113 113 
0 114 15 1
114 114 
0 115 15 1
115 115 
0 116 15 1
116 116 
0 117 15 1
117 117 
0 118 15 1
118 118 
0 119 15 1
119 119 
0 120 15 1
120 120 
0 121 15 1
121 121 
0 122 15 1
122 122 
0 123 15 1
123 123 
0 124 15 1
124 124 
0 125 15 1
125 125 
0 126 15 1
126 126 
0 127 15 1
127 127 
0 128 15 1
128 128 
0 129 15 1
129 129 
0 130 15 1
130 130 
0 131 15 1
131 131 
0 132 15 1
132 132 
0 133 15 1
133 133 
0 134 15 1
134 134 
0 135 15 1
135 135 
0 136 15 1
136 136 
0 137 15 1
137 137 
0 138 15 1
138 138 
0 139 15 1
139 139 
0 140 15 1
140 140 
0 141 15 1
141 141 
0 142 15 1
142 142 
0 143 15 1
143 143 
0 144 15 1
144 144 
0 145 15 1
145 145 
0 146 15 1
146 146 
0 147 15 1
147 147 
0 148 15 1
148 148 
0 149 15 1
149 149 
0 150 15 1
150 150 
0 151 15 1
151 151 
0 152 15 1
152 152 
0 153 15 1
153 153 
0 154 15 1
154 154 
0 155 15 1
155 155 
0 156 15 1
156 156 
0 157 15 1
157 157 
0 158 15 1
158 158 
0 159 15 1
159 159 
0 160 15 1
160 160 
0 161 15 1
161 161 
0 162 15 1
162 162 
0 163 15 1
163 163 
0 164 15 1
164 164 
0 165 15 1
165 165 
0 166 15 1
166 166 
0 167 15 1
167 167 
0 168 15 1
168 168 
0 169 15 1
169 169 
0 170 15 1
170 170 
0 171 15 1
171 171 
0 172 15 1
172 172 
0 173 15 1
173 173 
0 174 15 1
174 174 
0 175 15 1
175 175 
0 176 15 1
176 176 
0 177 15 1
177 177 
0 178 15 1
178 178 
0 179 15 1
179 179 
0 180 15 1
180 180 
0 181 15 1
181 181 
0 182 15 1
182 182 
0 183 15 1
183 183 
0 184 15 1
184 184 
0 185 15 1
185 185 
0 186 15 1
186 186 
0 187 15 1
187 187 
0 188 15 1
188 188 
0 189 15 1
189 189 
0 190 15 1
190 190 
0 191 15 1
191 191 
0 192 15 1
192 192 
0 193 15 1
193 193 
0 194 15 1
194 194 
0 195 15 1
195 195 
0 196 15 1
196 196 
0 197 15 1
197 197 
0 198 15 1
198 198 
0 199 15 1
199 199 
0 200 15 1
200 200 
0 201 15 1
201 201 
0 202 15 1
202 202 
0 203 15 1
203 203 
0 204 15 1
204 204 
0 205 15 1
205 205 
0 206 15 1
206 206 
0 207 15 1
207 207 
0 208 15 1
208 208 
0 209 15 1
209 209 
0 210 15 1
210 210 
0 211 15 1
211 211 
0 212 15 1
212 212 
0 213 15 1
213 213 
0 214 15 1
214 214 
0 215 15 1
215 215 
0 216 15 1
216 216 
0 217 15 1
217 217 
0 218 15 1
218 218 
0 219 15 1
219 219 
0 220 15 1
220 220 
0 221 15 1
221 221 
0 222 15 1
222 222 
0 223 15 1
223 223 
0 224 15 1
224 224 
0 225 15 1
225 225 
0 226 15 1
226 226 
0 227 15 1
227 227 
0 228 15 1
228 228 
0 229 15 1
229 229 
0 230 15 1
230 230 
0 231 15 1
231 231 
0 232 15 1
232 232 
0 233 15 1
233 233 
0 234 15 1
234 234 
0 235 15 1
235 235 
0 236 15 1
236 236 
0 237 15 1
237 237 
0 238 15 1
238 238 
0 239 15 1
239 239 
0 240 15 1
240 240 
0 241 15 1
241 241 
0 242 15 1
242 242 
0 243 15 1
243 243 
0 244 15 1
244 244 
0 245 15 1
245 245 
0 246 15 1
246 246 
0 247 15 1
247 247 
0 248 15 1
248 248 
0 249 15 1
249 249 
0 250 15 1
250 250 
0 251 15 1
251 251 
0 252 15 1
252 252 
0 253 15 1
253 253 
0 254 15 1
254 254 
0 255 15 1
255 255 
0 256 15 1
256 256 
0 257 15 1
257 257 
0 258 15 1
258 258 
0 259 15 1
259 259 
0 260 15 1
260 260 
0 261 15 1
261 261 
0 262 15 1
262 262 
0 263 15 1
263 263 
0 264 15 1
264 264 
0 265 15 1
265 265 
0 266 15 1
266 266 
0 267 15 1
267 267 
0 268 15 1
268 268 
0 269 15 1
269 269 
0 270 15 1
270 270 
0 271 15 1
271 271 
0 272 15 1
272 272 
0 273 15 1
273 273 
0 274 15 1
274 274 
0 275 15 1
275 275 
0 276 15 1
276 276 
0 277 15 1
277 277 
0 278 15 1
278 278 
0 279 15 1
279 279 
0 280 15 1
280 280 
0 281 15 1
281 281 
0 282 15 1
282 282 
0 283 15 1
283 283 
0 284 15 1
284 284 
0 285 15 1
285 285 
0 286 15 1
286 286 
0 287 15 1
287 287 
0 288 15 1
288 288 
0 289 15 1
289 289 
0 290 15 1
290 290 
0 291 15 1
291 291 
0 292 15 1
292 292 
0 293 15 1
293 293 
0 294 15 1
294 294 
0 295 15 1
295 295 
0 296 15 1
296 296 
0 297 15 1
297 297 
0 298 15 1
298 298 
0 299 15 1
299 299 
0 300 15 1
300 300 
0 301 15 1
301 301 
0 302 15 1
302 302 
0 303 15 1
303 303 
0 304 15 1
304 304 
0 305 15 1
305 305 
0 306 15 1
306 306 
0 307 15 1
307 307 
0 308 15 1
308 308 
0 309 15 1
309 309 
0 310 15 1
310 310 
0 311 15 1
311 311 
0 312 15 1
312 312 
0 313 15 1
313 313 
0 314 15 1
314 314 
0 315 15 1
315 315 
0 316 15 1
316 316 
0 317 15 1
317 317 
0 318 15 1
318 318 
0 319 15 1
319 319 
0 320 15 1
320 320 
0 321 15 1
321 321 
0 322 15 1
322 322 
0 323 15 1
323 323 
0 324 15 1
324 324 
0 325 15 1
325 325 
0 326 15 1
326 326 
0 327 15 1
327 327 
0 328 15 1
328 328 
0 329 15 1
329 329 
0 330 15 1
330 330 
0 331 15 1
331 331 
0 332 15 1
332 332 
0 333 15 1
333 333 
0 334 15 1
334 334 
0 335 15 1
335 335 
0 336 15 1
336 336 
0 337 15 1
337 337 
0 338 15 1
338 338 
0 339 15 1
339 339 
0 340 15 1
340 340 
0 341 15 1
341 341 
0 342 15 1
342 342 
0 343 15 1
343 343 
0 344 15 1
344 344 
0 345 15 1
345 345 
0 346 15 1
346 346 
0 347 15 1
347 347 
0 348 15 1
348 348 
0 349 15 1
349 349 
0 350 15 1
350 350 
0 351 15 1
351 351 
0 352 15 1
352 352 
0 353 15 1
353 353 
0 354 15 1
354 354 
0 355 15 1
355 355 
0 356 15 1
356 356 
0 357 15 1
357 357 
0 358 15 1
358 358 
0 359 15 1
359 359 
0 360 15 1
360 360 
0 361 15 1
361 361 
0 362 15 1
362 362 
0 363 15 1
363 363 
0 364 15 1
364 364 
0 365 15 1
365 365 
0 366 15 1
366 366 
0 367 15 1
367 367 
0 368 15 1
368 368 
0 369 15 1
369 369 
0 370 15 1
370 370 
0 371 15 1
371 371 
0 372 15 1
372 372 
0 373 15 1
373 373 
0 374 15 1
374 374 
0 375 15 1
375 375 
0 376 15 1
376 376 
0 377 15 1
377 377 
0 378 15 1
378 378 
0 379 15 1
379 379 
0 380 15 1
380 380 
0 381 15 1
381 381 
0 382 15 1
382 382 
0 383 15 1
383 383 
0 384 15 1
384 384 
0 385 15 1
385 385 
0 386 15 1
386 386 
0 387 15 1
387 387 
0 388 15 1
388 388 
0 389 15 1
389 389 
0 390 15 1
390 390 
0 391 15 1
391 391 
0 392 15 1
392 392 
0 393 15 1
393 393 
0 394 15 1
394 394 
0 395 15 1
395 395 
0 396 15 1
396 396 
0 397 15 1
397 397 
0 398 15 1
398 398 
0 399 15 1
399 399 
0 400 15 1
400 400 
0 401 15 1
401 401 
0 402 15 1
402 402 
0 403 15 1
403 403 
0 404 15 1
404 404 
0 405 15 1
405 405 
0 406 15 1
406 406 
0 407 15 1
407 407 
0 408 15 1
408 408 
0 409 15 1
409 409 
0 410 15 1
410 410 
0 411 15 1
411 411 
0 412 15 1
412 412 
0 413 15 1
413 413 
0 414 15 1
414 414 
0 415 15 1
415 415 
0 416 15 1
416 416 
0 417 15 1
417 417 
0 418 15 1
418 418 
0 419 15 1
419 419 
0 420 15 1
420 420 
0 421 15 1
421 421 
0 422 15 1
422 422 
0 423 15 1
423 423 
0 424 15 1
424 424 
0 425 15 1
425 425 
0 426 15 1
426 426 
0 427 15 1
427 427 
0 428 15 1
428 428 
0 429 15 1
429 429 
0 430 15 1
430 430 
0 431 15 1
431 431 
0 432 15 1
432 432 
0 433 15 1
433 433 
0 434 15 1
434 434 
0 435 15 1
435 435 
0 436 15 1
436 436 
0 437 15 1
437 437 
0 438 15 1
438 438 
0 439 15 1
439 439 
0 440 15 1
440 440 
0 441 15 1
441 441 
0 442 15 1
442 442 
0 443 15 1
443 443 
0 444 15 1
444 444 
0 445 15 1
445 445 
0 446 15 1
446 446 
0 447 15 1
447 447 
0 448 15 1
448 448 
0 449 15 1
449 449 
0 450 15 1
450 450 
0 451 15 1
451 451 
0 452 15 1
452 452 
0 453 15 1
453 453 
0 454 15 1
454 454 
0 455 15 1
455 455 
0 456 15 1
456 456 
0 457 15 1
457 457 
0 458 15 1
458 458 
0 459 15 1
459 459 
0 460 15 1
460 460 
0 461 15 1
461 461 
0 462 15 1
462 462 
0 463 15 1
463 463 
0 464 15 1
464 464 
0 465 15 1
465 465 
0 466 15 1
466 466 
0 467 15 1
467 467 
0 468 15 1
468 468 
0 469 15 1
469 469 
0 470 15 1
470 470 
0 471 15 1
471 471 
0 472 15 1
472 472 
0 473 15 1
473 473 
0 474 15 1
474 474 
0 475 15 1
475 475 
0 476 15 1
476 476 
0 477 15 1
477 477 
0 478 15 1
478 478 
0 479 15 1
479 479 
0 480 15 1
480 480 
0 481 15 1
481 481 
0 482 15 1
482 482 
0 483 15 1
483 483 
0 484 15 1
484 484 
0 485 15 1
485 485 
0 486 15 1
486 486 
0 487 15 1
487 487 
0 488 15 1
488 488 
0 489 15 1
489 489 
0 490 15 1
490 490 
0 491 15 1
491 491 
0 492 15 1
492 492 
0 493 15 1
493 493 
0 494 15 1
494 494 
0 495 15 1
495 495 
0 496 15 1
496 496 
0 497 15 1
497 497 
0 498 15 1
498 498 
0 499 15 1
499 499 
0 500 15 1
500 500 
0 501 15 1
501 501 
0 502 15 1
502 502 
0 503 15 1
503 503 
0 504 15 1
504 504 
0 505 15 1
505 505 
0 506 15 1
506 506 
0 507 15 1
507 507 
0 508 15 1
508 508 
0 509 15 1
509 509 
0 510 15 1
510 510 
0 511 15 1
511 511 
0 512 15 1
512 512 
0 513 15 1
513 513 
0 514 15 1
514 514 
0 515 15 1
515 515 
0 516 15 1
516 516 
0 517 15 1
517 517 
0 518 15 1
518 518 
0 519 15 1
519 519 
0 520 15 1
520 520 
0 521 15 1
521 521 
0 522 15 1
522 522 
0 523 15 1
523 523 
0 524 15 1
524 524 
0 525 15 1
525 525 
0 526 15 1
526 526 
0 527 15 1
527 527 
0 528 15 1
528 528 
0 529 15 1
529 529 
0 530 15 1
530 530 
0 531 15 1
531 531 
0 532 15 1
532 532 
0 533 15 1
533 533 
0 534 15 1
534 534 
0 535 15 1
535 535 
0 536 15 1
536 536 
0 537 15 1
537 537 
0 538 15 1
538 538 
0 539 15 1
539 539 
0 540 15 1
540 540 
0 541 15 1
541 541 
0 542 15 1
542 542 
0 543 15 1
543 543 
0 544 15 1
544 544 
0 545 15 1
545 545 
0 546 15 1
546 546 
0 547 15 1
547 547 
0 548 15 1
548 548 
0 549 15 1
549 549 
0 550 15 1
550 550 
0 551 15 1
551 551 
0 552 15 1
552 552 
0 553 15 1
553 553 
0 554 15 1
554 554 
0 555 15 1
555 555 
0 556 15 1
556 556 
0 557 15 1
557 557 
0 558 15 1
558 558 
0 559 15 1
559 559 
0 560 15 1
560 560 
0 561 15 1
561 561 
0 562 15 1
562 562 
0 563 15 1
563 563 
0 564 15 1
564 564 
0 565 15 1
565 565 
0 566 15 1
566 566 
0 567 15 1
567 567 
0 568 15 1
568 568 
0 569 15 1
569 569 
0 570 15 1
570 570 
0 571 15 1
571 571 
0 572 15 1
572 572 
0 573 15 1
573 573 
0 574 15 1
574 574 
0 575 15 1
575 575 
0 576 15 1
576 576 
0 577 15 1
577 577 
0 578 15 1
578 578 
0 579 15 1
579 579 
0 580 15 1
580 580 
0 581 15 1
581 581 
0 582 15 1
582 582 
0 583 15 1
583 583 
0 584 15 1
584 584 
0 585 15 1
585 585 
0 586 15 1
586 586 
0 587 15 1
587 587 
0 588 15 1
588 588 
0 589 15 1
589 589 
0 590 15 1
590 590 
0 591 15 1
591 591 
0 592 15 1
592 592 
0 593 15 1
593 593 
0 594 15 1
594 594 
0 595 15 1
595 595 
0 596 15 1
596 596 
0 597 15 1
597 597 
0 598 15 1
598 598 
0 599 15 1
599 599 
0 600 15 1
600 600 
0 601 15 1
601 601 
0 602 15 1
602 602 
0 603 15 1
603 603 
0 604 15 1
604 604 
0 605 15 1
605 605 
0 606 15 1
606 606 
0 607 15 1
607 607 
0 608 15 1
608 608 
0 609 15 1
609 609 
0 610 15 1
610 610 
0 611 15 1
611 611 
0 612 15 1
612 612 
0 613 15 1
613 613 
0 614 15 1
614 614 
0 615 15 1
615 615 
0 616 15 1
616 616 
0 617 15 1
617 617 
0 618 15 1
618 618 
0 619 15 1
619 619 
0 620 15 1
620 620 
0 621 15 1
621 621 
0 622 15 1
622 622 
0 623 15 1
623 623 
0 624 15 1
624 624 
0 625 15 1
625 625 
0 626 15 1
626 626 
0 627 15 1
627 627 
0 628 15 1
628 628 
0 629 15 1
629 629 
0 630 15 1
630 630 
0 631 15 1
631 631 
0 632 15 1
632 632 
0 633 15 1
633 633 
0 634 15 1
634 634 
0 635 15 1
635 635 
0 636 15 1
636 636 
0 637 15 1
637 637 
0 638 15 1
638 638 
0 639 15 1
639 639 
0 640 15 1
640 640 
0 641 15 1
641 641 
0 642 15 1
642 642 
0 643 15 1
643 643 
0 644 15 1
644 644 
0 645 15 1
645 645 
0 646 15 1
646 646 
0 647 15 1
647 647 
0 648 15 1
648 648 
0 649 15 1
649 649 
0 650 15 1
650 650 
0 651 15 1
651 651 
0 652 15 1
652 652 
0 653 15 1
653 653 
0 654 15 1
654 654 
0 655 15 1
655 655 
0 656 15 1
656 656 
0 657 15 1
657 657 
0 658 15 1
658 658 
0 659 15 1
659 659 
0 660 15 1
660 660 
0 661 15 1
661 661 
0 662 15 1
662 662 
0 663 15 1
663 663 
0 664 15 1
664 664 
0 665 15 1
665 665 
0 666 15 1
666 666 
0 667 15 1
667 667 
0 668 15 1
668 668 
0 669 15 1
669 669 
0 670 15 1
670 670 
0 671 15 1
671 671 
0 672 15 1
672 672 
0 673 15 1
673 673 
0 674 15 1
674 674 
0 675 15 1
675 675 
0 676 15 1
676 676 
0 677 15 1
677 677 
0 678 15 1
678 678 
0 679 15 1
679 679 
0 680 15 1
680 680 
0 681 15 1
681 681 
0 682 15 1
682 682 
0 683 15 1
683 683 
0 684 15 1
684 684 
0 685 15 1
685 685 
0 686 15 1
686 686 
0 687 15 1
687 687 
0 688 15 1
688 688 
0 689 15 1
689 689 
0 690 15 1
690 690 
0 691 15 1
691 691 
0 692 15 1
692 692 
0 693 15 1
693 693 
0 694 15 1
694 694 
0 695 15 1
695 695 
0 696 15 1
696 696 
0 697 15 1
697 697 
0 698 15 1
698 698 
0 699 15 1
699 699 
0 700 15 1
700 700 
0 701 15 1
701 701 
0 702 15 1
702 702 
0 703 15 1
703 703 
0 704 15 1
704 704 
0 705 15 1
705 705 
0 706 15 1
706 706 
0 707 15 1
707 707 
0 708 15 1
708 708 
0 709 15 1
709 709 
0 710 15 1
710 710 
0 711 15 1
711 711 
0 712 15 1
712 712 
0 713 15 1
713 713 
0 714 15 1
714 714 
0 715 15 1
715 715 
0 716 15 1
716 716 
0 717 15 1
717 717 
0 718 15 1
718 718 
0 719 15 1
719 719 
0 720 15 1
720 720 
0 721 15 1
721 721 
0 722 15 1
722 722 
0 723 15 1
723 723 
0 724 15 1
724 724 
0 725 15 1
725 725 
0 726 15 1
726 726 
0 727 15 1
727 727 
0 728 15 1
728 728 
0 729 15 1
729 729 
0 730 15 1
730 730 
0 731 15 1
731 731 
0 732 15 1
732 732 
0 733 15 1
733 733 
0 734 15 1
734 734 
0 735 15 1
735 735 
0 736 15 1
736 736 
0 737 15 1
737 737 
0 738 15 1
738 738 
0 739 15 1
739 739 
0 740 15 1
740 740 
0 741 15 1
741 741 
0 742 15 1
742 742 
0 743 15 1
743 743 
0 744 15 1
744 744 
0 745 15 1
745 745 
0 746 15 1
746 746 
0 747 15 1
747 747 
0 748 15 1
748 748 
0 749 15 1
749 749 
0 750 15 1
750 750 
0 751 15 1
751 751 
0 752 15 1
752 752 
0 753 15 1
753 753 
0 754 15 1
754 754 
0 755 15 1
755 755 
0 756 15 1
756 756 
0 757 15 1
757 757 
0 758 15 1
758 758 
0 759 15 1
759 759 
0 760 15 1
760 760 
0 761 15 1
761 761 
0 762 15 1
762 762 
0 763 15 1
763 763 
0 764 15 1
764 764 
0 765 15 1
765 765 
0 766 15 1
766 766 
0 767 15 1
767 767 
0 768 15 1
768 768 
0 769 15 1
769 769 
0 770 15 1
770 770 
0 771 15 1
771 771 
0 772 15 1
772 772 
0 773 15 1
773 773 
0 774 15 1
774 774 
0 775 15 1
775 775 
0 776 15 1
776 776 
0 777 15 1
777 777 
0 778 15 1
778 778 
0 779 15 1
779 779 
0 780 15 1
780 780 
0 781 15 1
781 781 
0 782 15 1
782 782 
0 783 15 1
783 783 
0 784 15 1
784 784 
0 785 15 1
785 785 
0 786 15 1
786 786 
0 787 15 1
787 787 
0 788 15 1
788 788 
0 789 15 1
789 789 
0 790 15 1
790 790 
0 791 15 1
791 791 
0 792 15 1
792 792 
0 793 15 1
793 793 
0 794 15 1
794 794 
0 795 15 1
795 795 
0 796 15 1
796 796 
0 797 15 1
797 797 
0 798 15 1
798 798 
0 799 15 1
799 799 
0 800 15 1
800 800 
0 801 15 1
801 801 
0 802 15 1
802 802 
0 803 15 1
803 803 
0 804 15 1
804 804 
0 805 15 1
805 805 
0 806 15 1
806 806 
0 807 15 1
807 807 
0 808 15 1
808 808 
0 809 15 1
809 809 
0 810 15 1
810 810 
0 811 15 1
811 811 
0 812 15 1
812 812 
0 813 15 1
813 813 
0 814 15 1
814 814 
0 815 15 1
815 815 
0 816 15 1
816 816 
0 817 15 1
817 817 
0 818 15 1
818 818 
0 819 15 1
819 819 
0 820 15 1
820 820 
0 821 15 1
821 821 
0 822 15 1
822 822 
0 823 15 1
823 823 
0 824 15 1
824 824 
0 825 15 1
825 825 
0 826 15 1
826 826 
0 827 15 1
827 827 
0 828 15 1
828 828 
0 829 15 1
829 829 
0 830 15 1
830 830 
0 831 15 1
831 831 
0 832 15 1
832 832 
0 833 15 1
833 833 
0 834 15 1
834 834 
0 835 15 1
835 835 
0 836 15 1
836 836 
0 837 15 1
837 837 
0 838 15 1
838 838 
0 839 15 1
839 839 
0 840 15 1
840 840 
0 841 15 1
841 841 
0 842 15 1
842 842 
0 843 15 1
843 843 
0 844 15 1
844 844 
0 845 15 1
845 845 
0 846 15 1
846 846 
0 847 15 1
847 847 
0 848 15 1
848 848 
0 849 15 1
849 849 
0 850 15 1
850 850 
0 851 15 1
851 851 
0 852 15 1
852 852 
0 853 15 1
853 853 
0 854 15 1
854 854 
0 855 15 1
855 855 
0 856 15 1
856 856 
0 857 15 1
857 857 
0 858 15 1
858 858 
0 859 15 1
859 859 
0 860 15 1
860 860 
0 861 15 1
861 861 
0 862 15 1
862 862 
0 863 15 1
863 863 
0 864 15 1
864 864 
0 865 15 1
865 865 
0 866 15 1
866 866 
0 867 15 1
867 867 
0 868 15 1
868 868 
0 869 15 1
869 869 
0 870 15 1
870 870 
0 871 15 1
871 871 
0 872 15 1
872 872 
0 873 15 1
873 873 
0 874 15 1
874 874 
0 875 15 1
875 875 
0 876 15 1
876 876 
0 877 15 1
877 877 
0 878 15 1
878 878 
0 879 15 1
879 879 
0 880 15 1
880 880 
0 881 15 1
881 881 
0 882 15 1
882 882 
0 883 15 1
883 883 
0 884 15 1
884 884 
0 885 15 1
885 885 
0 886 15 1
886 886 
0 887 15 1
887 887 
0 888 15 1
888 888 
0 889 15 1
889 889 
1 1 1 6
890 1 890 
891 890 891 
892 891 892 
893 892 893 
894 893 894 
895 894 61 
1 2 1 2
896 62 895 
897 895 70 
1 3 1 13
898 71 896 
899 896 897 
900 897 898 
901 898 899 
902 899 900 
903 900 901 
904 901 902 
905 902 903 
906 903 904 
907 904 905 
908 905 906 
909 906 907 
910 907 207 
1 4 1 8
911 208 908 
912 908 909 
913 909 910 
914 910 911 
915 911 912 
916 912 913 
917 913 914 
918 914 263 
1 5 1 6
919 264 915 
920 915 916 
921 916 917 
922 917 918 
923 918 919 
924 919 295 
1 6 1 5
925 296 920 
926 920 921 
927 921 922 
928 922 923 
929 923 333 
1 7 1 2
930 334 924 
931 924 335 
1 8 1 17
932 336 925 
933 925 926 
934 926 927 
935 927 928 
936 928 929 
937 929 930 
938 930 931 
939 931 932 
940 932 933 
941 933 934 
942 934 935 
943 935 936 
944 936 937 
945 937 938 
946 938 939 
947 939 940 
948 940 530 
1 9 1 17
949 531 941 
950 941 942 
951 942 943 
952 943 944 
953 944 945 
954 945 946 
955 946 947 
956 947 948 
957 948 949 
958 949 950 
959 950 951 
960 951 952 
961 952 953 
962 953 954 
963 954 955 
964 955 956 
965 956 725 
1 10 1 10
966 726 957 
967 957 958 
968 958 959 
969 959 960 
970 960 961 
971 961 962 
972 962 963 
973 963 964 
974 964 965 
975 965 801 
1 11 1 8
976 802 966 
977 966 967 
978 967 968 
979 968 969 
980 969 970 
981 970 971 
982 971 972 
983 972 871 
1 12 1 2
984 872 973 
985 973 889 
$EndElements
