$MeshFormat
4.1 0 8
$EndMeshFormat
$Entities
889 12 0 0
1 0.06533569264232958 -0.09285007374555054 -0.4904604658388667 0 
2 0.06532839724617076 -0.09274878742735319 -0.4908977131105411 0 
3 0.06532076307796478 -0.09260438480248762 -0.4915292797794967 0 
4 0.06524735609737742 -0.09247652910507953 -0.4922524085180119 0 
5 0.06517524040746267 -0.09233582330451902 -0.4930937404099617 0 
6 0.06509174089876012 -0.09219797972552696 -0.4940106239809079 0 
7 0.06496135802239286 -0.09209249118031375 -0.4949387466024641 0 
8 0.06480597312471334 -0.09197521444728489 -0.4959571008389505 0 
9 0.06463386290634376 -0.09191128314222374 -0.4969841082323996 0 
10 0.06443540041508411 -0.09184349548551424 -0.4980826200618641 0 
11 0.06418497156822253 -0.09180059715055426 -0.4991489385502778 0 
12 0.0639440623242753 -0.09176565091460154 -0.5003041480478554 0 
13 0.0636301456683068 -0.09173446975227081 -0.5014362731425136 0 
14 0.06338417209269517 -0.09170880378831781 -0.5026156683704411 0 
15 0.06309358589794156 -0.09172485473626625 -0.5038201281177719 0 
16 0.06280964076824974 -0.09174672023345118 -0.5050773139765135 0 
17 0.06249147317017351 -0.0917644756775252 -0.5063491506144884 0 
18 0.06213427720764585 -0.09183342245426805 -0.507627562718056 0 
19 0.06174154802190847 -0.09192985805970949 -0.5089120903014324 0 
20 0.06130916304065581 -0.09208630903772629 -0.5101913883684945 0 
21 0.06084341449552045 -0.09226855721313881 -0.5114674170302751 0 
22 0.06033749241358048 -0.09252889723759078 -0.5127214355996067 0 
23 0.05980267447559684 -0.09281222102141054 -0.5139660685648193 0 
24 0.05923142484132957 -0.09316227818490154 -0.5151787674620929 0 
25 0.05863158610593864 -0.09354661925282401 -0.5163689183809553 0 
26 0.05800136171404631 -0.09398995976427001 -0.5175232708839765 0 
27 0.05734867983143777 -0.09445420194155084 -0.518653700419092 0 
28 0.05666993982780732 -0.09496428330656388 -0.5197475255389272 0 
29 0.05596950721616815 -0.09550440672869133 -0.5208100234877152 0 
30 0.05524692536766693 -0.09608951212059569 -0.5218287974209566 0 
31 0.05450456164372963 -0.09670541099703431 -0.5228119104872819 0 
32 0.05374423976427668 -0.09733515002504582 -0.5237709623735283 0 
33 0.05296610894942581 -0.09799595000353434 -0.5246910264166377 0 
34 0.0521717680377381 -0.09867174899724569 -0.5255832616272901 0 
35 0.05136196501169141 -0.09937493852198175 -0.5264351060888466 0 
36 0.0505382984127718 -0.100098702442675 -0.5272505001601178 0 
37 0.04970241333718041 -0.1008346822534657 -0.5280341040316195 0 
38 0.04885561729793263 -0.1015900217391897 -0.5287771427982101 0 
39 0.04799952535603094 -0.1023507884255584 -0.5294908497311678 0 
40 0.0471334278503921 -0.1031543815716622 -0.5301306805326575 0 
41 0.04626159140574652 -0.1039602657551512 -0.5307393656086723 0 
42 0.04538202349850404 -0.1048162113936702 -0.5312449884055809 0 
43 0.04450108019083437 -0.1056640928646798 -0.5317264991616665 0 
44 0.04361775937645192 -0.1065417044154981 -0.5321051035742763 0 
45 0.04273583049441977 -0.1074135059045117 -0.5324386136971599 0 
46 0.04185713741355852 -0.1082780328311052 -0.532720257013662 0 
47 0.04098154483277572 -0.109136842185968 -0.5329176312440452 0 
48 0.04011023241332085 -0.1099708740769508 -0.5331011341623688 0 
49 0.03924232769246988 -0.1107817811830428 -0.5332489454540347 0 
50 0.03837678414369402 -0.1115678642158707 -0.5333578663901358 0 
51 0.03751193886525835 -0.1123243656411518 -0.533427055170887 0 
52 0.03664470909487805 -0.1130450995579105 -0.533490887094353 0 
53 0.03577208661802242 -0.1137290375958704 -0.5335287329854155 0 
54 0.03488878153126264 -0.114372358562017 -0.5335610825334339 0 
55 0.03398871852021658 -0.1149757955240485 -0.5335638733804848 0 
56 0.03306317095509453 -0.115538698805052 -0.5335508184329133 0 
57 0.03210090749929197 -0.1160634628815504 -0.5335191687041733 0 
58 0.03109419819553426 -0.1165550087430675 -0.5334328070181602 0 
59 0.03002971209607627 -0.1170135908683647 -0.5333006282133669 0 
60 0.02890203610359889 -0.1174322796942354 -0.533112585044021 0 
61 0.02771811636645158 -0.1177820404833641 -0.5328566320084679 0 
62 0.06533569264232958 -0.09285007374555054 -0.4904604658388667 0 
63 0.06505544542622552 -0.09282764693183343 -0.4903101436311489 0 
64 0.06464536999875978 -0.09279440616859935 -0.4901086822281569 0 
65 0.0641536426776015 -0.09275389979360515 -0.4898945645467004 0 
66 0.06360543475317701 -0.09272120208343426 -0.4896452872111922 0 
67 0.06303006801753858 -0.09272509885133828 -0.4893515222746776 0 
68 0.06241380793024515 -0.092731798562376 -0.4890635800315704 0 
69 0.06176384185629047 -0.09274279510963529 -0.4887971472447953 0 
70 0.06109530059549 -0.09277699103302579 -0.4884851988241422 0 
71 0.06533569264232958 -0.09285007374555054 -0.4904604658388667 0 
72 0.06562323525459245 -0.09297378687746499 -0.4901735407749103 0 
73 0.06605294547809423 -0.09318096191294004 -0.4897553277468382 0 
74 0.06652556861277163 -0.09348539659655383 -0.4892428033376822 0 
75 0.06703266536178447 -0.09382727153301545 -0.4886794296505491 0 
76 0.06758539201008919 -0.09420899907548244 -0.4880827141344662 0 
77 0.06810421627302114 -0.09470474752194688 -0.4874313588828552 0 
78 0.06865214713118538 -0.0952201353419012 -0.4867779020451296 0 
79 0.06916558629270808 -0.09581202598257628 -0.4860996887080467 0 
80 0.0696821976938877 -0.09646432517989796 -0.4854090262055181 0 
81 0.07015125448111102 -0.09715311528576903 -0.4847099981103568 0 
82 0.07062115825441273 -0.09792780748225131 -0.4840086423216371 0 
83 0.07101984422523515 -0.09874459329590105 -0.4832977111197919 0 
84 0.07141125207606711 -0.09961148236840624 -0.4825970644154194 0 
85 0.07172142458388919 -0.1005520300048437 -0.4819488673172526 0 
86 0.07200216505978449 -0.101522957807056 -0.4812993253983436 0 
87 0.07225843724699393 -0.1025219435710545 -0.4806507206659195 0 
88 0.07243709674843042 -0.103586556583824 -0.4800669843072238 0 
89 0.07260134983587607 -0.1046848530754901 -0.4794831841910646 0 
90 0.07269971786917738 -0.1058096377095463 -0.4789542560788505 0 
91 0.07277325035211801 -0.1069609475057596 -0.4784151780331066 0 
92 0.07281724530003322 -0.1081172177380146 -0.4779211462061296 0 
93 0.0727945942188914 -0.1093143649688738 -0.4774368666779839 0 
94 0.07278244114119232 -0.1105501078429663 -0.4769549860001215 0 
95 0.07271299769536552 -0.1117639284595707 -0.4765384495338648 0 
96 0.07260028840008767 -0.113038336387473 -0.4761047226712513 0 
97 0.07244916703462659 -0.1142840103621272 -0.4757307080499878 0 
98 0.07226157949592668 -0.1155644260483163 -0.4753664370135531 0 
99 0.07202969800447578 -0.116840910369286 -0.4750440160167551 0 
100 0.07177136992937942 -0.1181065558340986 -0.4747553892881572 0 
101 0.07146767171305399 -0.1194028929105364 -0.4744934849839192 0 
102 0.07114064711585115 -0.1206388002163936 -0.4742808169530304 0 
103 0.07077351118248905 -0.1219358668065496 -0.4740931927932239 0 
104 0.07038863104023971 -0.1231395050348998 -0.4739557163734727 0 
105 0.06994766488087581 -0.124393244030919 -0.4738494896796084 0 
106 0.06950391394721819 -0.1255874944905385 -0.4737812458723651 0 
107 0.0690503515674408 -0.1267749392208735 -0.4737543164063844 0 
108 0.06853925462477979 -0.1279340824977376 -0.4737804291917307 0 
109 0.06805056984194212 -0.1290650441074031 -0.4738202351540544 0 
110 0.06750153208582502 -0.1301634502244477 -0.4739208337279687 0 
111 0.06697749656726848 -0.1312499164590498 -0.4740319926316935 0 
112 0.06640951730665565 -0.1322850051246787 -0.4741949557756088 0 
113 0.0658643635733502 -0.1333324697536477 -0.4743844026778081 0 
114 0.06525511703421971 -0.1343239062346294 -0.4746028886807783 0 
115 0.06468895438441777 -0.1353037102668994 -0.4748397159708014 0 
116 0.06408588990458887 -0.1362430174879598 -0.4751090552202999 0 
117 0.06346373088317898 -0.1371693150947568 -0.4754303154782336 0 
118 0.06285610572308103 -0.138053640470963 -0.4757645059491105 0 
119 0.06220741872014481 -0.1389107261034039 -0.4761571365218072 0 
120 0.06160173111661027 -0.1397115180716092 -0.4765732065158296 0 
121 0.06096117531698475 -0.1404633538458717 -0.4770546762691996 0 
122 0.06035474972414361 -0.1412049555171865 -0.4775683135151963 0 
123 0.05973650655723775 -0.1418787893966707 -0.4781243822578758 0 
124 0.05913591942469484 -0.1425633151418929 -0.478730107293833 0 
125 0.05851998301314673 -0.1432114650961595 -0.4793798903399125 0 
126 0.05794527691483378 -0.1438376746845663 -0.4800475216040612 0 
127 0.05733142471657807 -0.1444431044190535 -0.4807396358892543 0 
128 0.05674779915277201 -0.1450391259689395 -0.4814451632665539 0 
129 0.05614284303635172 -0.1455994118538141 -0.4821515414380204 0 
130 0.05556943822747078 -0.1461798640241886 -0.4828898187053176 0 
131 0.05497656968280298 -0.1467207539240862 -0.4836330731869997 0 
132 0.05441993427142066 -0.1472567906943295 -0.484386731832686 0 
133 0.0538457015800175 -0.1477737507884295 -0.4851714348251787 0 
134 0.0533010411721002 -0.1482653275537064 -0.4859609416589608 0 
135 0.05274230694982502 -0.1487542032578817 -0.4867846258709022 0 
136 0.05220797803761575 -0.1491928777454297 -0.4876158777187574 0 
137 0.05168756256246303 -0.1496209000898935 -0.4884918801459947 0 
138 0.05116585185980784 -0.1500349941997645 -0.4894100285054794 0 
139 0.05067283589295954 -0.1504143605255139 -0.490330624981514 0 
140 0.05014738530543429 -0.150777688008927 -0.4912934303329771 0 
141 0.0496445669804763 -0.1511097194873361 -0.4922566555656501 0 
142 0.04913888454688257 -0.1514313647474413 -0.493254250828744 0 
143 0.04862262406218685 -0.1517246107127946 -0.4942832310261376 0 
144 0.04813975857546916 -0.1519826728874376 -0.495319498780155 0 
145 0.04763623144488217 -0.1522030509274536 -0.496386721916775 0 
146 0.04715321209500814 -0.1523692885813116 -0.4974848187054678 0 
147 0.04669114427330789 -0.1525090005253419 -0.4986172486863616 0 
148 0.04622391956442369 -0.1525443833286709 -0.4997858874075293 0 
149 0.0457668069748787 -0.1525150033718467 -0.500980592415034 0 
150 0.04531769387465898 -0.1524247814206319 -0.5021998784990271 0 
151 0.0448685808068783 -0.1522254093478077 -0.5033862533197297 0 
152 0.04439745609549785 -0.1519922382688854 -0.5045815742493422 0 
153 0.04395499676706999 -0.1517014504556838 -0.5057210318384309 0 
154 0.04347897120626544 -0.1513445458830714 -0.5068934525256749 0 
155 0.04301556650646907 -0.1509782115736173 -0.5080559926182291 0 
156 0.04250237159444099 -0.1505620923584385 -0.5092340795274681 0 
157 0.04197631931332994 -0.1501513117211089 -0.5104466362982981 0 
158 0.04161374726340342 -0.1498395083470584 -0.5115745682016257 0 
159 0.04122340159599188 -0.1495177012246935 -0.512703234670468 0 
160 0.0409797923545509 -0.1492777926290062 -0.5137420471830686 0 
161 0.04072073495894459 -0.1490188770422619 -0.5147854391171204 0 
162 0.04042946073528331 -0.1487653767162737 -0.5158338817906079 0 
163 0.04014863948568068 -0.1484418055009834 -0.5168794926474016 0 
164 0.03984866601258418 -0.1481000275412593 -0.5179261508107532 0 
165 0.03958669200500889 -0.1476476084684193 -0.5189570638873996 0 
166 0.03928621794699869 -0.1472026340611083 -0.5199912349746133 0 
167 0.03905330109163919 -0.146618300269552 -0.5209933306051215 0 
168 0.03879612063427431 -0.1460207271559562 -0.521994649710981 0 
169 0.03862059652882082 -0.145290684288199 -0.5229253881957565 0 
170 0.03842746339959477 -0.1445413135259161 -0.5238508047573452 0 
171 0.03826365300506203 -0.1437255791998548 -0.5247354018667612 0 
172 0.03808790539532532 -0.1428879510306065 -0.5256063289311447 0 
173 0.03792852175293091 -0.1420029307912007 -0.5264391502470938 0 
174 0.03778677459868736 -0.1410730447423941 -0.5272305754540424 0 
175 0.03763090457529618 -0.1401311324845113 -0.5280081413961804 0 
176 0.03749143041426418 -0.1391504105805857 -0.5287399933888955 0 
177 0.03734254597470173 -0.1381604228974383 -0.5294527489183014 0 
178 0.03720398298886828 -0.1371443895035992 -0.5301238845071826 0 
179 0.03706072998905846 -0.1361215967438756 -0.5307732286400066 0 
180 0.03694392911279203 -0.1350646957991329 -0.5313566651501667 0 
181 0.03683188753670969 -0.1339967080532274 -0.5319041983062105 0 
182 0.03673142191703725 -0.1329124467723115 -0.5324063720004806 0 
183 0.03665381428845482 -0.1318064045016059 -0.5328394132364296 0 
184 0.0366039429351691 -0.1306736325957698 -0.5331876450998605 0 
185 0.03655303683167992 -0.1295380736628657 -0.5335115743006632 0 
186 0.03653795355628107 -0.1283717080861036 -0.5337092671954263 0 
187 0.03652044881682379 -0.1272084415006878 -0.5338855435587426 0 
188 0.03651673873936268 -0.1260365086403103 -0.5339776949507791 0 
189 0.0365078785970488 -0.124868678634918 -0.534052051311068 0 
190 0.03650260988392678 -0.1237022457157014 -0.5340539614935145 0 
191 0.03648721488332361 -0.1225431293726195 -0.534047711621025 0 
192 0.03646474422316964 -0.1213920089704936 -0.5340015374819312 0 
193 0.03642749038083209 -0.1202502375871558 -0.5339609788151849 0 
194 0.03637607659298347 -0.1191211895846871 -0.5338950283857969 0 
195 0.03630571837448066 -0.1180056388635784 -0.5338316687281025 0 
196 0.0362137959243704 -0.1169061367785343 -0.5337656348416676 0 
197 0.0360968250332661 -0.1158249976284996 -0.5336979545147935 0 
198 0.03595107520367156 -0.1147653463551352 -0.5336178313297328 0 
199 0.03577208661802242 -0.1137290375958704 -0.5335287329854155 0 
200 0.03555520140424197 -0.1127185693577589 -0.5334247507766327 0 
201 0.03529493439090801 -0.1117348166184323 -0.5333134539907886 0 
202 0.0349890845049057 -0.1107831924906145 -0.5331467896251972 0 
203 0.03463046060411782 -0.1098563740194112 -0.5329745373395844 0 
204 0.03421756935092352 -0.1089593796239351 -0.5327410577551969 0 
205 0.03375144840651175 -0.108089585643957 -0.5324479539243774 0 
206 0.03322717824562468 -0.1072278807081206 -0.5321274125902749 0 
207 0.03266055808881547 -0.1063971267408604 -0.5316739798762304 0 
208 0.09560460295731414 -0.1455170501195016 -0.5097098988332281 0 
209 0.09611881535513614 -0.1448908600242776 -0.5096468912383763 0 
210 0.0967443771147958 -0.1440596423449579 -0.5096920064899096 0 
211 0.097433024464327 -0.143120109011419 -0.5098973582194534 0 
212 0.09818597484546823 -0.1420634720395539 -0.5102202609890246 0 
213 0.09887200463185175 -0.1411183893373054 -0.5107663151250988 0 
214 0.09940990601344266 -0.1402138752251847 -0.5114965070037077 0 
215 0.09995958173154917 -0.1392278802626593 -0.5123452670529195 0 
216 0.1002860252751949 -0.1384096552944006 -0.5134381223835404 0 
217 0.1004987711888703 -0.1375942720672484 -0.5146503095472907 0 
218 0.1005427205172196 -0.1367540740344919 -0.5159354457336587 0 
219 0.1004503774494477 -0.1358850388264199 -0.5172758579768924 0 
220 0.1002258027346442 -0.1349793241649546 -0.5186593362301897 0 
221 0.0998835652546588 -0.1340114909612839 -0.5200584617066519 0 
222 0.09945765724061925 -0.1329733615714759 -0.5214663213638039 0 
223 0.09891883476805151 -0.1318502974245318 -0.522843723278652 0 
224 0.09834392412707393 -0.1306488309101361 -0.5242300334478772 0 
225 0.09765293147543394 -0.129360303158034 -0.5255716550170206 0 
226 0.0968834117031605 -0.1279785191812888 -0.5268722754285704 0 
227 0.09602329402153371 -0.1265154751074307 -0.5281210002353266 0 
228 0.0950298640235302 -0.1249574526596657 -0.5292629338444643 0 
229 0.09387602745819684 -0.1233265999449342 -0.5302742352812577 0 
230 0.09253977568466633 -0.1216739925347851 -0.5310459630030314 0 
231 0.09102672513518577 -0.1200584414760611 -0.5315905016750354 0 
232 0.08940741320374858 -0.1184913786925779 -0.531934190847953 0 
233 0.08771165815190958 -0.1170029578050198 -0.5320618201141658 0 
234 0.08595556573434945 -0.1156420566765536 -0.5319623461553828 0 
235 0.08418672648470049 -0.1143739370189088 -0.5317226813938235 0 
236 0.08244210684076772 -0.1131532472185372 -0.5314123235069835 0 
237 0.08072334087994459 -0.1119861566119011 -0.5310311051509166 0 
238 0.07905291497828117 -0.1108264476808413 -0.530644406416526 0 
239 0.07742088430538814 -0.1096953368807477 -0.5302297581575036 0 
240 0.07583668536798524 -0.1085675899752362 -0.5298228446740794 0 
241 0.07428725549242235 -0.1074708820974799 -0.5293933155820437 0 
242 0.072779924891939 -0.1063825810672263 -0.5289710974740878 0 
243 0.07129889849218504 -0.1053339732247868 -0.5285212521507967 0 
244 0.06984502934512249 -0.1043235332357247 -0.5280539266855689 0 
245 0.06842114956777383 -0.1033377839870159 -0.5275823487748438 0 
246 0.06701582984577627 -0.102402615430174 -0.527082222492003 0 
247 0.06562931230016326 -0.1015253808309143 -0.5265491120927427 0 
248 0.0642638373225049 -0.1006920379484603 -0.5260031308353156 0 
249 0.06292273626205085 -0.0998898870339808 -0.5254522893157447 0 
250 0.06159510781998173 -0.09915191332859383 -0.5248710090473838 0 
251 0.0602871111397392 -0.09846142790687934 -0.5242759127621567 0 
252 0.05899970314566357 -0.09780586161584695 -0.5236767183657017 0 
253 0.05772899357353987 -0.09721771890202438 -0.5230522187165904 0 
254 0.05647945895376707 -0.09664011620953809 -0.5224403814609768 0 
255 0.05524692536766693 -0.09608951212059569 -0.5218287974209566 0 
256 0.05403073164125755 -0.09556087473767773 -0.5212186144936927 0 
257 0.05282723883751553 -0.09506801356180497 -0.5206025149675987 0 
258 0.05163587948236197 -0.09460980254085871 -0.5199773989338662 0 
259 0.05045590170640326 -0.09418037866616624 -0.5193473894842201 0 
260 0.04928630361415366 -0.09381158310738465 -0.5186915175453796 0 
261 0.04812758299052641 -0.09347386523982877 -0.5180265893544918 0 
262 0.0469821204787944 -0.09319999738650511 -0.5173365244362034 0 
263 0.04584949830723754 -0.09297165405310211 -0.5166267433176911 0 
264 0.09560460295731414 -0.1455170501195016 -0.5097098988332281 0 
265 0.09525314998705245 -0.1460379351975959 -0.510342204148416 0 
266 0.09463814747288157 -0.146806584733718 -0.5111122597566705 0 
267 0.093762991117114 -0.1477623386485103 -0.5119608076826703 0 
268 0.09229512681822954 -0.149150562642739 -0.5127232340950523 0 
269 0.08973127229962821 -0.1514387192516705 -0.5130577052209745 0 
270 0.086823610574302 -0.153823439683884 -0.513237670589928 0 
271 0.08377136252687964 -0.1561525881736964 -0.513281303321125 0 
272 0.08062096627591292 -0.1583077925258429 -0.51318116437674 0 
273 0.07731713686024863 -0.160130100317967 -0.5129235855682905 0 
274 0.07383723697412477 -0.1613417833527386 -0.5125533433990609 0 
275 0.07031858717954885 -0.1617792994130174 -0.5121596566850294 0 
276 0.06698329042008505 -0.1616432569056876 -0.5117172186689233 0 
277 0.06388797889036071 -0.1611156897249837 -0.5112306021955886 0 
278 0.06108140082023979 -0.160288393201771 -0.510681670521378 0 
279 0.05859302825382819 -0.1592434890391724 -0.5101191875493714 0 
280 0.0563680714511329 -0.1580992952606046 -0.5095401589554422 0 
281 0.05433422576411942 -0.1570138146400888 -0.5088891310303513 0 
282 0.05245401212345067 -0.1559698288620523 -0.5081797629682652 0 
283 0.0506937442183288 -0.1550051836494102 -0.5074826923264973 0 
284 0.04901799096539205 -0.1541305274007744 -0.5067791045804998 0 
285 0.04743363798191872 -0.1533209980972527 -0.5060339956445978 0 
286 0.04589331363832801 -0.1526076648056426 -0.50528892228667 0 
287 0.04439745609549785 -0.1519922382688854 -0.5045815742493422 0 
288 0.04295839264775193 -0.1514514470190176 -0.5038442127988435 0 
289 0.04153548995207156 -0.1509503076956167 -0.5031154100314364 0 
290 0.04014587498877577 -0.1505090380105449 -0.5023978340939521 0 
291 0.03879730244913967 -0.1501198641018384 -0.5016573696752676 0 
292 0.03747242703938073 -0.1497402500924675 -0.5009384478860545 0 
293 0.0362508323514666 -0.1493953528536726 -0.5002876089604078 0 
294 0.03518617848295601 -0.1491136677014032 -0.4997584281574395 0 
295 0.03358849883079999 -0.148675516248 -0.500301539898 0 
296 0.09560460295731414 -0.1455170501195016 -0.5097098988332281 0 
297 0.09501404861168021 -0.1460059262913226 -0.5085930001586444 0 
298 0.09416570806490765 -0.1464875205257546 -0.5071679070970432 0 
299 0.09283999546489878 -0.1471489182425715 -0.5052490340129188 0 
300 0.09148886909722935 -0.1475795980536195 -0.5033715786398019 0 
301 0.09012465044163223 -0.1477927737427092 -0.5015626319899813 0 
302 0.08874386064277735 -0.1478072571226533 -0.4998570417421576 0 
303 0.08738350272595383 -0.1476670604449557 -0.4982369907006196 0 
304 0.08605335737743677 -0.1474102221657314 -0.4966977954252088 0 
305 0.08476181963600837 -0.1470543331582451 -0.4952440180166127 0 
306 0.08351422034671331 -0.1466426855105377 -0.4938733715622737 0 
307 0.08229965426939194 -0.146196584987264 -0.4925712844262254 0 
308 0.08111568863888211 -0.1457221572900547 -0.4913212550835754 0 
309 0.07996398029408867 -0.1452237211320145 -0.4901182149978558 0 
310 0.07885278623734987 -0.1447306828234615 -0.4889696819790286 0 
311 0.07775567930363471 -0.1442564458067293 -0.4878444107888958 0 
312 0.07668555856038625 -0.1437756521579548 -0.4867418521299139 0 
313 0.07563125686321265 -0.1433182680386954 -0.4856923850794873 0 
314 0.07456283669678319 -0.1428642874245708 -0.4846504810542052 0 
315 0.07352418899734242 -0.1424203677070582 -0.4836725361280741 0 
316 0.07248675671428734 -0.1419707627172258 -0.4827187775991373 0 
317 0.07142453245748497 -0.1415288096921899 -0.4818066869539213 0 
318 0.07036201569302017 -0.1410707897880301 -0.4809226728959104 0 
319 0.06930656344804108 -0.1406592071859195 -0.4800910294573425 0 
320 0.06826022363199682 -0.1402225757303322 -0.479279511994906 0 
321 0.06716906318436382 -0.1397878297479793 -0.4785005078049152 0 
322 0.06609507225670036 -0.1393651414857572 -0.4777682320058894 0 
323 0.06502670648310307 -0.1389339185794458 -0.477061566000051 0 
324 0.06394519719576461 -0.1385084938986401 -0.4763762574293731 0 
325 0.06285610572308103 -0.138053640470963 -0.4757645059491105 0 
326 0.06174265630208647 -0.1376061008659987 -0.4752087723063399 0 
327 0.060642356776931 -0.137111478207781 -0.4746770028391322 0 
328 0.05959360077070636 -0.136630575003611 -0.4741883723958978 0 
329 0.05842012886829891 -0.1361340361323254 -0.4737600407613954 0 
330 0.0572701505228185 -0.1356463916433519 -0.4733534239721876 0 
331 0.05602042007416116 -0.1351099472224346 -0.4729729184796517 0 
332 0.05502185920978139 -0.1347122493318857 -0.4727067884816256 0 
333 0.05402205768402513 -0.1343019270010047 -0.4724818674595385 0 
334 0.03041774422856986 -0.1116214343413454 -0.5327732672323706 0 
335 0.03017778060003831 -0.1115155964787728 -0.5326892867043026 0 
336 0.03041774422856986 -0.1116214343413454 -0.5327732672323706 0 
337 0.03039684933089829 -0.1120701108763834 -0.5328586249282111 0 
338 0.03023176737552699 -0.1128004672531342 -0.5329655701738947 0 
339 0.03000174443680804 -0.1136684374768905 -0.5330272657752027 0 
340 0.02973541080392032 -0.1145902731779421 -0.5330856973287682 0 
341 0.02945217363999042 -0.1155386726878786 -0.5331270240743506 0 
342 0.02917389203077791 -0.116485478147994 -0.533131945167449 0 
343 0.02890203610359889 -0.1174322796942354 -0.533112585044021 0 
344 0.0286234529294422 -0.1184149312317828 -0.5330839181119664 0 
345 0.0283447781404366 -0.1194258588017571 -0.5330342257035504 0 
346 0.0280816556221973 -0.1204457113684974 -0.5329214536998186 0 
347 0.02782484181644911 -0.1214740543107674 -0.5328068287703601 0 
348 0.02758747737691102 -0.1225103064922846 -0.5326190109080519 0 
349 0.02736353996034828 -0.1235531484876149 -0.5324126730884575 0 
350 0.0271698540416062 -0.12458948235564 -0.5321345311420317 0 
351 0.02700732295925138 -0.1256103737177829 -0.5318000785137011 0 
352 0.02687197646060448 -0.1266139548850616 -0.5314216572871642 0 
353 0.02678490132572767 -0.1275743034862132 -0.5309629116019924 0 
354 0.0267191328996901 -0.1285171122729436 -0.5304801735606589 0 
355 0.02668942779886255 -0.1294233126267646 -0.5299369423403603 0 
356 0.02668514432413505 -0.1303075015443302 -0.5293640118811599 0 
357 0.02671232103676331 -0.1311574840357106 -0.5287451428706612 0 
358 0.02675925012907837 -0.1319888651710484 -0.5281037085803828 0 
359 0.02682730686134344 -0.1327967377606616 -0.5274346006445437 0 
360 0.02692073009387097 -0.1335743452545746 -0.5267350113610977 0 
361 0.02702148034091428 -0.134348292685244 -0.526026924997454 0 
362 0.02715474374643448 -0.1350875374591651 -0.5252750575384768 0 
363 0.02728974932197593 -0.1358334318195053 -0.524517866146289 0 
364 0.02744052320121223 -0.1365613307929762 -0.5237392851408867 0 
365 0.02760311717205421 -0.1372796844544141 -0.5229442279474829 0 
366 0.02778516086446246 -0.1379871895962418 -0.5221166127339621 0 
367 0.02797497689381083 -0.1386966474618108 -0.5212712252129015 0 
368 0.02819105400664271 -0.1393860911113371 -0.5203844481610607 0 
369 0.02841515538598978 -0.1400762110900351 -0.5194787887161408 0 
370 0.02867121527521808 -0.1407344312460208 -0.5185272190891533 0 
371 0.02893624535381314 -0.1413846790579286 -0.5175584726160085 0 
372 0.0292410122774534 -0.1419787719339241 -0.5165555188013035 0 
373 0.02954296805862401 -0.1425574692414796 -0.5155583086983466 0 
374 0.02985353991065133 -0.1430580409219747 -0.5145981970521203 0 
375 0.03015222458855584 -0.1435207000812977 -0.5136785003560721 0 
376 0.03044251675228591 -0.1439211117372415 -0.5128138142990493 0 
377 0.03072078447850987 -0.1442954100234786 -0.5119807920137532 0 
378 0.03099905513706722 -0.1446550643919458 -0.5111471074678031 0 
379 0.0312839218998384 -0.1449934572698944 -0.5103018259097584 0 
380 0.03156605242422854 -0.1453412518007506 -0.5094349548145077 0 
381 0.03184633925636266 -0.1456885163966499 -0.5085468261563096 0 
382 0.03212027674918136 -0.1460404645167629 -0.5076340007423116 0 
383 0.03237880263753105 -0.146416394052159 -0.5066909049671687 0 
384 0.03269859701316197 -0.1468206929689084 -0.5057806153409121 0 
385 0.03298525887068179 -0.1472414184449737 -0.5048241572253277 0 
386 0.03338499549156972 -0.1477059590467794 -0.5038737953875505 0 
387 0.0337906579029196 -0.148157131808104 -0.5029190180131127 0 
388 0.03421744305109486 -0.1485439123861294 -0.5018789469172753 0 
389 0.03465754473431137 -0.1488866555973978 -0.500828880090986 0 
390 0.03518617848295601 -0.1491136677014032 -0.4997584281574395 0 
391 0.03575135415348619 -0.149187410185838 -0.498684199120481 0 
392 0.03625363362882912 -0.1492089446872863 -0.4976532663426415 0 
393 0.03677065174021232 -0.1491581558982593 -0.4966093933258218 0 
394 0.03735474994921893 -0.1489724739250078 -0.4956360827113734 0 
395 0.03793307336381736 -0.148801981847933 -0.4946562095850532 0 
396 0.0384247664355102 -0.1486518748017059 -0.4937679329903532 0 
397 0.03891478777284275 -0.1485051612793458 -0.4928780697612977 0 
398 0.03951298933405363 -0.1483725651340174 -0.4919304977135134 0 
399 0.04011575381183272 -0.1482366698674445 -0.4909871241589812 0 
400 0.04073905025904093 -0.1480977038209979 -0.490040433344029 0 
401 0.04136682997636166 -0.1479477089393111 -0.4890988092009767 0 
402 0.0419921657701272 -0.1477236934919344 -0.4880476257366244 0 
403 0.04262646594575641 -0.1474660780416622 -0.487011371665939 0 
404 0.04320845233493559 -0.1472180076516247 -0.4861166811660251 0 
405 0.04379907605045558 -0.1469349713596187 -0.4852403349102076 0 
406 0.04445479212861624 -0.1466077603501238 -0.4843332639479843 0 
407 0.0451186506838297 -0.1462389653839358 -0.4834501885565745 0 
408 0.04579481514533759 -0.1457781921849738 -0.4824975629644294 0 
409 0.04647425357722571 -0.145290591654544 -0.4815626146924868 0 
410 0.04712557159952947 -0.1447686200656679 -0.4806839971073781 0 
411 0.04777728662474219 -0.14423205132532 -0.4798170167970228 0 
412 0.04844520353205355 -0.1436611972338536 -0.4790006559875022 0 
413 0.04911255297085679 -0.1430779788701663 -0.4781959865720649 0 
414 0.04975839587718925 -0.1424123604871833 -0.4774038655552841 0 
415 0.05040391017532053 -0.1417303515696146 -0.4766311520870403 0 
416 0.05096306378571906 -0.1410368702034586 -0.4759669669106485 0 
417 0.05152093850896147 -0.1403212047702606 -0.4753288160175085 0 
418 0.05208552763406971 -0.139558298233083 -0.4747569985435651 0 
419 0.05264602742321228 -0.1387366801598474 -0.4742518713813397 0 
420 0.05304666573886134 -0.1379897031380402 -0.4738661513000479 0 
421 0.05344621643966835 -0.1372304733980305 -0.4735008275833074 0 
422 0.05398229773337265 -0.1364400414944688 -0.4731929408561251 0 
423 0.05451398448556988 -0.1356242573577235 -0.4729519763320159 0 
424 0.05502185920978139 -0.1347122493318857 -0.4727067884816256 0 
425 0.0555227079088796 -0.1337796213493526 -0.4725139631742655 0 
426 0.05598645691462391 -0.1327869815965181 -0.4723417229976322 0 
427 0.05647066559551617 -0.131836210034525 -0.4722167723200438 0 
428 0.05690888245341676 -0.1308998529902952 -0.4720939186058125 0 
429 0.05734126334766815 -0.1300085936445176 -0.4720162440463084 0 
430 0.0577503933551221 -0.1291738661146573 -0.4719453730126362 0 
431 0.05810011952478357 -0.1283303359186542 -0.4718775852435471 0 
432 0.05850577065911963 -0.1274162860313341 -0.4718129623599191 0 
433 0.05886945937320163 -0.1264740114448051 -0.471757687949506 0 
434 0.05927638369584068 -0.1255089783359392 -0.4717067764585366 0 
435 0.05966803670236716 -0.1245150073278345 -0.4716722078106419 0 
436 0.06008078314919343 -0.1235227413097575 -0.4716470798011386 0 
437 0.06047901549813363 -0.1224745708158525 -0.4716377024804875 0 
438 0.06088527913124095 -0.1214298556143503 -0.4716513545186853 0 
439 0.0612496185500162 -0.1203371070996916 -0.4716922375398249 0 
440 0.06164879542804232 -0.1191914380437412 -0.4717568208555345 0 
441 0.06198693835000188 -0.1180398800394662 -0.4718740236502137 0 
442 0.06235219353517451 -0.1168862424736763 -0.472005565563581 0 
443 0.06265263960254749 -0.1157401511166856 -0.4721953175153903 0 
444 0.06297842127551373 -0.1146243121630672 -0.4723957277716355 0 
445 0.06323497066391247 -0.113502118513551 -0.4726459655576523 0 
446 0.06350239745694272 -0.1124284488785276 -0.4729044381637258 0 
447 0.06371764271453352 -0.1113423743180757 -0.4732055570577468 0 
448 0.06393634500382177 -0.110296147206729 -0.4735155487980999 0 
449 0.06411658516848223 -0.1092361322409874 -0.4738607565517398 0 
450 0.06429304918188541 -0.1082061177415444 -0.4742186591400471 0 
451 0.06444018750459217 -0.1071730954021302 -0.4746148449083809 0 
452 0.06456140836435018 -0.1061922632370427 -0.4750280449058441 0 
453 0.06469126029782898 -0.1052138526920764 -0.47545235942227 0 
454 0.06475298381942349 -0.1042582057824831 -0.4758918472363561 0 
455 0.06484990344165917 -0.1033515238607841 -0.4763416405528644 0 
456 0.06488149492031471 -0.1024990319757666 -0.4768275178702595 0 
457 0.06491593242123596 -0.1016409835689446 -0.4773468641340853 0 
458 0.06488762041116004 -0.1007803960445037 -0.4778923394597271 0 
459 0.0648774238279286 -0.09998951812133296 -0.4784491254343521 0 
460 0.06479181129574274 -0.09917855713500268 -0.4790622331742191 0 
461 0.06471725043990101 -0.09836046492308631 -0.479750732407964 0 
462 0.06459173701170581 -0.09761620858627731 -0.4804670805720704 0 
463 0.06444968773557597 -0.09691722921516993 -0.4811906089903186 0 
464 0.06421466691005091 -0.09620727543741671 -0.4820130801645864 0 
465 0.06397410426460565 -0.09557314334154093 -0.4828436792811244 0 
466 0.06369884094749577 -0.09498045051956026 -0.4837853425705491 0 
467 0.06337947957681009 -0.09442635022165487 -0.4847323826065749 0 
468 0.06299610888967724 -0.09389903166105602 -0.4857169237946228 0 
469 0.06261635376350386 -0.09346634254365978 -0.4867037048797371 0 
470 0.06223119967996957 -0.09306927620279731 -0.4877648213208761 0 
471 0.06176384185629047 -0.09274279510963529 -0.4887971472447953 0 
472 0.06131557328411846 -0.0924458932181855 -0.4898400901911775 0 
473 0.0608392406113232 -0.09224941133571839 -0.4908906129204116 0 
474 0.06037227347276837 -0.09207785219344949 -0.4919642173025406 0 
475 0.05985961201611031 -0.09195984891818526 -0.493004717962408 0 
476 0.05939503838828054 -0.0918726946364946 -0.4939785297172065 0 
477 0.05891571274139616 -0.09181261316375047 -0.4949691326925358 0 
478 0.05844059276802893 -0.09176726318854433 -0.495963925187818 0 
479 0.0579852829150598 -0.09172427573431238 -0.4969368030201615 0 
480 0.05750609824661784 -0.09167899347326655 -0.4979141393679994 0 
481 0.05699916315165723 -0.0916313853645105 -0.498934425083268 0 
482 0.05649637215304477 -0.09157294013657238 -0.499985446926093 0 
483 0.0560172479086449 -0.09150664702776613 -0.5010325750439247 0 
484 0.05552106559296884 -0.09142813696455254 -0.5020555812785746 0 
485 0.05502195776069563 -0.09134490813742943 -0.5030937617654233 0 
486 0.05454250384902047 -0.09125889608802504 -0.5041160812248368 0 
487 0.05405578908720483 -0.09117754057007993 -0.5051361388162228 0 
488 0.0535516008003848 -0.09111563256277418 -0.5061711202918289 0 
489 0.05303311673933744 -0.09105525527252969 -0.5072154583916062 0 
490 0.05248853865026439 -0.09105802596403144 -0.5082806401478295 0 
491 0.05192957426389595 -0.09108919511890728 -0.5093419009479394 0 
492 0.05137179696966573 -0.09116276268576325 -0.5103671009229678 0 
493 0.05081147793992895 -0.09127731652860555 -0.5113666667379999 0 
494 0.05024725973609197 -0.09146176691263888 -0.5123308992400034 0 
495 0.04968045454386794 -0.09165527867999579 -0.5132696392441772 0 
496 0.04912980591568797 -0.09192343274520612 -0.5141476022144277 0 
497 0.04858463774135942 -0.09220446927693968 -0.5149927358594498 0 
498 0.0480473629996124 -0.0925166016979982 -0.5157985383369064 0 
499 0.04751268476186006 -0.09283286651855639 -0.5165869069978452 0 
500 0.0469821204787944 -0.09319999738650511 -0.5173365244362034 0 
501 0.04644578837414728 -0.09357391837732894 -0.5180830920049578 0 
502 0.04589595096760746 -0.09397837971320371 -0.518831788962314 0 
503 0.04532969895240946 -0.09440370023002061 -0.519591509693678 0 
504 0.04473398847500391 -0.09484189478657916 -0.5203866981399697 0 
505 0.04412340037055835 -0.09532381726228102 -0.521181553021096 0 
506 0.04349658647100664 -0.0958190373716918 -0.5219900069270712 0 
507 0.04286542830249274 -0.09631921382592609 -0.5227984817676309 0 
508 0.04223796924479414 -0.09683320383122852 -0.523588140499026 0 
509 0.04161254216348242 -0.09734438371460603 -0.5243709221604286 0 
510 0.04099169754869839 -0.0978531653486845 -0.525140597442835 0 
511 0.04036044252823488 -0.09841578333447246 -0.52589384923301 0 
512 0.03970103252151369 -0.09901540999855753 -0.5266648927897949 0 
513 0.03903306888100336 -0.09966405622578796 -0.5274192320659541 0 
514 0.03835797598082204 -0.1003616913837696 -0.5281457469597766 0 
515 0.03768732445511747 -0.1010756499685156 -0.5288391511577402 0 
516 0.03703958191668616 -0.1018051303332233 -0.5294838336594546 0 
517 0.03641067016797355 -0.1025935351955199 -0.5300175734238162 0 
518 0.03581092164895353 -0.1033639087957998 -0.5305183083023213 0 
519 0.03524423052076236 -0.1041365427585858 -0.5309573128357482 0 
520 0.03471983443958704 -0.1048940598648021 -0.5313096322652333 0 
521 0.0342099180477556 -0.1056517033632302 -0.5316319927729497 0 
522 0.03371133810547501 -0.1064335077635248 -0.5318995198826212 0 
523 0.03322717824562468 -0.1072278807081206 -0.5321274125902749 0 
524 0.03274973043217075 -0.1080263736425964 -0.5323192210362847 0 
525 0.03228732657861188 -0.108808494869158 -0.5324720848404914 0 
526 0.03184790641960349 -0.1095496777792316 -0.5326035119001132 0 
527 0.03143844841442583 -0.1102297841770495 -0.532697071422235 0 
528 0.0310776070084353 -0.1108068408385997 -0.5327472278299701 0 
529 0.03072739660031246 -0.1113013383677423 -0.5327847750815367 0 
530 0.03041774422856986 -0.1116214343413454 -0.5327732672323706 0 
531 0.03041774422856986 -0.1116214343413454 -0.5327732672323706 0 
532 0.03072739660031246 -0.1113013383677423 -0.5327847750815367 0 
533 0.0310776070084353 -0.1108068408385997 -0.5327472278299701 0 
534 0.03143844841442583 -0.1102297841770495 -0.532697071422235 0 
535 0.03184790641960349 -0.1095496777792316 -0.5326035119001132 0 
536 0.03228732657861188 -0.108808494869158 -0.5324720848404914 0 
537 0.03274973043217075 -0.1080263736425964 -0.5323192210362847 0 
538 0.03322717824562468 -0.1072278807081206 -0.5321274125902749 0 
539 0.03371133810547501 -0.1064335077635248 -0.5318995198826212 0 
540 0.0342099180477556 -0.1056517033632302 -0.5316319927729497 0 
541 0.03471983443958704 -0.1048940598648021 -0.5313096322652333 0 
542 0.03524423052076236 -0.1041365427585858 -0.5309573128357482 0 
543 0.03581092164895353 -0.1033639087957998 -0.5305183083023213 0 
544 0.03641067016797355 -0.1025935351955199 -0.5300175734238162 0 
545 0.03703958191668616 -0.1018051303332233 -0.5294838336594546 0 
546 0.03768732445511747 -0.1010756499685156 -0.5288391511577402 0 
547 0.03835797598082204 -0.1003616913837696 -0.5281457469597766 0 
548 0.03903306888100336 -0.09966405622578796 -0.5274192320659541 0 
549 0.03970103252151369 -0.09901540999855753 -0.5266648927897949 0 
550 0.04036044252823488 -0.09841578333447246 -0.52589384923301 0 
551 0.04099169754869839 -0.0978531653486845 -0.525140597442835 0 
552 0.04161254216348242 -0.09734438371460603 -0.5243709221604286 0 
553 0.04223796924479414 -0.09683320383122852 -0.523588140499026 0 
554 0.04286542830249274 -0.09631921382592609 -0.5227984817676309 0 
555 0.04349658647100664 -0.0958190373716918 -0.5219900069270712 0 
556 0.04412340037055835 -0.09532381726228102 -0.521181553021096 0 
557 0.04473398847500391 -0.09484189478657916 -0.5203866981399697 0 
558 0.04532969895240946 -0.09440370023002061 -0.519591509693678 0 
559 0.04589595096760746 -0.09397837971320371 -0.518831788962314 0 
560 0.04644578837414728 -0.09357391837732894 -0.5180830920049578 0 
561 0.0469821204787944 -0.09319999738650511 -0.5173365244362034 0 
562 0.04751268476186006 -0.09283286651855639 -0.5165869069978452 0 
563 0.0480473629996124 -0.0925166016979982 -0.5157985383369064 0 
564 0.04858463774135942 -0.09220446927693968 -0.5149927358594498 0 
565 0.04912980591568797 -0.09192343274520612 -0.5141476022144277 0 
566 0.04968045454386794 -0.09165527867999579 -0.5132696392441772 0 
567 0.05024725973609197 -0.09146176691263888 -0.5123308992400034 0 
568 0.05081147793992895 -0.09127731652860555 -0.5113666667379999 0 
569 0.05137179696966573 -0.09116276268576325 -0.5103671009229678 0 
570 0.05192957426389595 -0.09108919511890728 -0.5093419009479394 0 
571 0.05248853865026439 -0.09105802596403144 -0.5082806401478295 0 
572 0.05303311673933744 -0.09105525527252969 -0.5072154583916062 0 
573 0.0535516008003848 -0.09111563256277418 -0.5061711202918289 0 
574 0.05405578908720483 -0.09117754057007993 -0.5051361388162228 0 
575 0.05454250384902047 -0.09125889608802504 -0.5041160812248368 0 
576 0.05502195776069563 -0.09134490813742943 -0.5030937617654233 0 
577 0.05552106559296884 -0.09142813696455254 -0.5020555812785746 0 
578 0.0560172479086449 -0.09150664702776613 -0.5010325750439247 0 
579 0.05649637215304477 -0.09157294013657238 -0.499985446926093 0 
580 0.05699916315165723 -0.0916313853645105 -0.498934425083268 0 
581 0.05750609824661784 -0.09167899347326655 -0.4979141393679994 0 
582 0.0579852829150598 -0.09172427573431238 -0.4969368030201615 0 
583 0.05844059276802893 -0.09176726318854433 -0.495963925187818 0 
584 0.05891571274139616 -0.09181261316375047 -0.4949691326925358 0 
585 0.05939503838828054 -0.0918726946364946 -0.4939785297172065 0 
586 0.05985961201611031 -0.09195984891818526 -0.493004717962408 0 
587 0.06037227347276837 -0.09207785219344949 -0.4919642173025406 0 
588 0.0608392406113232 -0.09224941133571839 -0.4908906129204116 0 
589 0.06131557328411846 -0.0924458932181855 -0.4898400901911775 0 
590 0.06176384185629047 -0.09274279510963529 -0.4887971472447953 0 
591 0.06223119967996957 -0.09306927620279731 -0.4877648213208761 0 
592 0.06261635376350386 -0.09346634254365978 -0.4867037048797371 0 
593 0.06299610888967724 -0.09389903166105602 -0.4857169237946228 0 
594 0.06337947957681009 -0.09442635022165487 -0.4847323826065749 0 
595 0.06369884094749577 -0.09498045051956026 -0.4837853425705491 0 
596 0.06397410426460565 -0.09557314334154093 -0.4828436792811244 0 
597 0.06421466691005091 -0.09620727543741671 -0.4820130801645864 0 
598 0.06444968773557597 -0.09691722921516993 -0.4811906089903186 0 
599 0.06459173701170581 -0.09761620858627731 -0.4804670805720704 0 
600 0.06471725043990101 -0.09836046492308631 -0.479750732407964 0 
601 0.06479181129574274 -0.09917855713500268 -0.4790622331742191 0 
602 0.0648774238279286 -0.09998951812133296 -0.4784491254343521 0 
603 0.06488762041116004 -0.1007803960445037 -0.4778923394597271 0 
604 0.06491593242123596 -0.1016409835689446 -0.4773468641340853 0 
605 0.06488149492031471 -0.1024990319757666 -0.4768275178702595 0 
606 0.06484990344165917 -0.1033515238607841 -0.4763416405528644 0 
607 0.06475298381942349 -0.1042582057824831 -0.4758918472363561 0 
608 0.06469126029782898 -0.1052138526920764 -0.47545235942227 0 
609 0.06456140836435018 -0.1061922632370427 -0.4750280449058441 0 
610 0.06444018750459217 -0.1071730954021302 -0.4746148449083809 0 
611 0.06429304918188541 -0.1082061177415444 -0.4742186591400471 0 
612 0.06411658516848223 -0.1092361322409874 -0.4738607565517398 0 
613 0.06393634500382177 -0.110296147206729 -0.4735155487980999 0 
614 0.06371764271453352 -0.1113423743180757 -0.4732055570577468 0 
615 0.06350239745694272 -0.1124284488785276 -0.4729044381637258 0 
616 0.06323497066391247 -0.113502118513551 -0.4726459655576523 0 
617 0.06297842127551373 -0.1146243121630672 -0.4723957277716355 0 
618 0.06265263960254749 -0.1157401511166856 -0.4721953175153903 0 
619 0.06235219353517451 -0.1168862424736763 -0.472005565563581 0 
620 0.06198693835000188 -0.1180398800394662 -0.4718740236502137 0 
621 0.06164879542804232 -0.1191914380437412 -0.4717568208555345 0 
622 0.0612496185500162 -0.1203371070996916 -0.4716922375398249 0 
623 0.06088527913124095 -0.1214298556143503 -0.4716513545186853 0 
624 0.06047901549813363 -0.1224745708158525 -0.4716377024804875 0 
625 0.06008078314919343 -0.1235227413097575 -0.4716470798011386 0 
626 0.05966803670236716 -0.1245150073278345 -0.4716722078106419 0 
627 0.05927638369584068 -0.1255089783359392 -0.4717067764585366 0 
628 0.05886945937320163 -0.1264740114448051 -0.471757687949506 0 
629 0.05850577065911963 -0.1274162860313341 -0.4718129623599191 0 
630 0.05810011952478357 -0.1283303359186542 -0.4718775852435471 0 
631 0.0577503933551221 -0.1291738661146573 -0.4719453730126362 0 
632 0.05734126334766815 -0.1300085936445176 -0.4720162440463084 0 
633 0.05690888245341676 -0.1308998529902952 -0.4720939186058125 0 
634 0.05647066559551617 -0.131836210034525 -0.4722167723200438 0 
635 0.05598645691462391 -0.1327869815965181 -0.4723417229976322 0 
636 0.0555227079088796 -0.1337796213493526 -0.4725139631742655 0 
637 0.05502185920978139 -0.1347122493318857 -0.4727067884816256 0 
638 0.05451398448556988 -0.1356242573577235 -0.4729519763320159 0 
639 0.05398229773337265 -0.1364400414944688 -0.4731929408561251 0 
640 0.05344621643966835 -0.1372304733980305 -0.4735008275833074 0 
641 0.05304666573886134 -0.1379897031380402 -0.4738661513000479 0 
642 0.05264602742321228 -0.1387366801598474 -0.4742518713813397 0 
643 0.05208552763406971 -0.139558298233083 -0.4747569985435651 0 
644 0.05152093850896147 -0.1403212047702606 -0.4753288160175085 0 
645 0.05096306378571906 -0.1410368702034586 -0.4759669669106485 0 
646 0.05040391017532053 -0.1417303515696146 -0.4766311520870403 0 
647 0.04975839587718925 -0.1424123604871833 -0.4774038655552841 0 
648 0.04911255297085679 -0.1430779788701663 -0.4781959865720649 0 
649 0.04844520353205355 -0.1436611972338536 -0.4790006559875022 0 
650 0.04777728662474219 -0.14423205132532 -0.4798170167970228 0 
651 0.04712557159952947 -0.1447686200656679 -0.4806839971073781 0 
652 0.04647425357722571 -0.145290591654544 -0.4815626146924868 0 
653 0.04579481514533759 -0.1457781921849738 -0.4824975629644294 0 
654 0.0451186506838297 -0.1462389653839358 -0.4834501885565745 0 
655 0.04445479212861624 -0.1466077603501238 -0.4843332639479843 0 
656 0.04379907605045558 -0.1469349713596187 -0.4852403349102076 0 
657 0.04320845233493559 -0.1472180076516247 -0.4861166811660251 0 
658 0.04262646594575641 -0.1474660780416622 -0.487011371665939 0 
659 0.0419921657701272 -0.1477236934919344 -0.4880476257366244 0 
660 0.04136682997636166 -0.1479477089393111 -0.4890988092009767 0 
661 0.04073905025904093 -0.1480977038209979 -0.490040433344029 0 
662 0.04011575381183272 -0.1482366698674445 -0.4909871241589812 0 
663 0.03951298933405363 -0.1483725651340174 -0.4919304977135134 0 
664 0.03891478777284275 -0.1485051612793458 -0.4928780697612977 0 
665 0.0384247664355102 -0.1486518748017059 -0.4937679329903532 0 
666 0.03793307336381736 -0.148801981847933 -0.4946562095850532 0 
667 0.03735474994921893 -0.1489724739250078 -0.4956360827113734 0 
668 0.03677065174021232 -0.1491581558982593 -0.4966093933258218 0 
669 0.03625363362882912 -0.1492089446872863 -0.4976532663426415 0 
670 0.03575135415348619 -0.149187410185838 -0.498684199120481 0 
671 0.03518617848295601 -0.1491136677014032 -0.4997584281574395 0 
672 0.03465754473431137 -0.1488866555973978 -0.500828880090986 0 
673 0.03421744305109486 -0.1485439123861294 -0.5018789469172753 0 
674 0.0337906579029196 -0.148157131808104 -0.5029190180131127 0 
675 0.03338499549156972 -0.1477059590467794 -0.5038737953875505 0 
676 0.03298525887068179 -0.1472414184449737 -0.5048241572253277 0 
677 0.03269859701316197 -0.1468206929689084 -0.5057806153409121 0 
678 0.03237880263753105 -0.146416394052159 -0.5066909049671687 0 
679 0.03212027674918136 -0.1460404645167629 -0.5076340007423116 0 
680 0.03184633925636266 -0.1456885163966499 -0.5085468261563096 0 
681 0.03156605242422854 -0.1453412518007506 -0.5094349548145077 0 
682 0.0312839218998384 -0.1449934572698944 -0.5103018259097584 0 
683 0.03099905513706722 -0.1446550643919458 -0.5111471074678031 0 
684 0.03072078447850987 -0.1442954100234786 -0.5119807920137532 0 
685 0.03044251675228591 -0.1439211117372415 -0.5128138142990493 0 
686 0.03015222458855584 -0.1435207000812977 -0.5136785003560721 0 
687 0.02985353991065133 -0.1430580409219747 -0.5145981970521203 0 
688 0.02954296805862401 -0.1425574692414796 -0.5155583086983466 0 
689 0.0292410122774534 -0.1419787719339241 -0.5165555188013035 0 
690 0.02893624535381314 -0.1413846790579286 -0.5175584726160085 0 
691 0.02867121527521808 -0.1407344312460208 -0.5185272190891533 0 
692 0.02841515538598978 -0.1400762110900351 -0.5194787887161408 0 
693 0.02819105400664271 -0.1393860911113371 -0.5203844481610607 0 
694 0.02797497689381083 -0.1386966474618108 -0.5212712252129015 0 
695 0.02778516086446246 -0.1379871895962418 -0.5221166127339621 0 
696 0.02760311717205421 -0.1372796844544141 -0.5229442279474829 0 
697 0.02744052320121223 -0.1365613307929762 -0.5237392851408867 0 
698 0.02728974932197593 -0.1358334318195053 -0.524517866146289 0 
699 0.02715474374643448 -0.1350875374591651 -0.5252750575384768 0 
700 0.02702148034091428 -0.134348292685244 -0.526026924997454 0 
701 0.02692073009387097 -0.1335743452545746 -0.5267350113610977 0 
702 0.02682730686134344 -0.1327967377606616 -0.5274346006445437 0 
703 0.02675925012907837 -0.1319888651710484 -0.5281037085803828 0 
704 0.02671232103676331 -0.1311574840357106 -0.5287451428706612 0 
705 0.02668514432413505 -0.1303075015443302 -0.5293640118811599 0 
706 0.02668942779886255 -0.1294233126267646 -0.5299369423403603 0 
707 0.0267191328996901 -0.1285171122729436 -0.5304801735606589 0 
708 0.02678490132572767 -0.1275743034862132 -0.5309629116019924 0 
709 0.02687197646060448 -0.1266139548850616 -0.5314216572871642 0 
710 0.02700732295925138 -0.1256103737177829 -0.5318000785137011 0 
711 0.0271698540416062 -0.12458948235564 -0.5321345311420317 0 
712 0.02736353996034828 -0.1235531484876149 -0.5324126730884575 0 
713 0.02758747737691102 -0.1225103064922846 -0.5326190109080519 0 
714 0.02782484181644911 -0.1214740543107674 -0.5328068287703601 0 
715 0.0280816556221973 -0.1204457113684974 -0.5329214536998186 0 
716 0.0283447781404366 -0.1194258588017571 -0.5330342257035504 0 
717 0.0286234529294422 -0.1184149312317828 -0.5330839181119664 0 
718 0.02890203610359889 -0.1174322796942354 -0.533112585044021 0 
719 0.02917389203077791 -0.116485478147994 -0.533131945167449 0 
720 0.02945217363999042 -0.1155386726878786 -0.5331270240743506 0 
721 0.02973541080392032 -0.1145902731779421 -0.5330856973287682 0 
722 0.03000174443680804 -0.1136684374768905 -0.5330272657752027 0 
723 0.03023176737552699 -0.1128004672531342 -0.5329655701738947 0 
724 0.03039684933089829 -0.1120701108763834 -0.5328586249282111 0 
725 0.03041774422856986 -0.1116214343413454 -0.5327732672323706 0 
726 0.06132321067678025 -0.149012891522609 -0.4875576824415393 0 
727 0.06135717494911082 -0.1492543305516622 -0.4879159813552186 0 
728 0.06141545223994933 -0.1495877761347527 -0.4884265237485805 0 
729 0.06146144478566679 -0.149979659657561 -0.4890558987415051 0 
730 0.06153089986826896 -0.1504247933959519 -0.4897815162219459 0 
731 0.06160432490490569 -0.1509057070420086 -0.4905821469498016 0 
732 0.06165100844310423 -0.1514113712066677 -0.4914641088109387 0 
733 0.06171163870883478 -0.1519376555735832 -0.4924037744964888 0 
734 0.06177446022738062 -0.1524731933533008 -0.4934152856890852 0 
735 0.06182281324468225 -0.1530226523430495 -0.4944842992648517 0 
736 0.06187324075021711 -0.1535921002340261 -0.4956238220948704 0 
737 0.06192253805079292 -0.1541912679737875 -0.4968616199503267 0 
738 0.06195352096554219 -0.1547709550599433 -0.498126034748835 0 
739 0.06197102804799392 -0.1553732000286878 -0.4994814654048742 0 
740 0.06199092342459285 -0.1560406837475131 -0.500937118609134 0 
741 0.0619693387764531 -0.1566871207930677 -0.502409907650989 0 
742 0.06191150658188886 -0.1574319965736314 -0.5039941168808688 0 
743 0.06178723557082381 -0.1581929457098479 -0.5056428021619025 0 
744 0.06164634816572269 -0.1589913603694876 -0.5074010341794549 0 
745 0.06139851296991981 -0.1596441766496128 -0.5090035627066067 0 
746 0.06108140082023979 -0.160288393201771 -0.510681670521378 0 
747 0.06071070110166629 -0.1607200406419986 -0.5121885961496198 0 
748 0.06026491529167385 -0.1611111812669884 -0.51368550773929 0 
749 0.05974397351007084 -0.1614497574367617 -0.5152410467097525 0 
750 0.05912726465179 -0.1616994287579921 -0.5168559989166147 0 
751 0.05841743758640906 -0.1618274389670519 -0.5185920454394372 0 
752 0.05789016724064371 -0.1619262334867248 -0.5203331266862118 0 
753 0.05729495027246973 -0.1618932629783122 -0.5221210979672999 0 
754 0.0569600646434412 -0.1617898140354274 -0.5239430839890681 0 
755 0.05665890607927096 -0.1613703127856526 -0.525805825225949 0 
756 0.05638948249924754 -0.1606545106622115 -0.5276271644392069 0 
757 0.05617467787355152 -0.1596531867222413 -0.5293354208319946 0 
758 0.05600246651379118 -0.1584181376673539 -0.530899385678421 0 
759 0.05584562937160212 -0.1570303911165719 -0.5323170405975544 0 
760 0.05569268436108346 -0.1555344408401874 -0.5335925347068412 0 
761 0.05553117231917477 -0.1539650433470119 -0.5347486865522197 0 
762 0.05534625815351957 -0.1523394560960364 -0.5357956996289146 0 
763 0.05512518084054949 -0.1506840797335973 -0.5367644540240395 0 
764 0.05487082399475001 -0.149007431563037 -0.5376674528277386 0 
765 0.0546014650683558 -0.1472963142152643 -0.5384666894498004 0 
766 0.0543117960765718 -0.1455628164545788 -0.5391822779458058 0 
767 0.05398843978106337 -0.1438261517580146 -0.5398413927712717 0 
768 0.05363763810676574 -0.1420810623179956 -0.5404353425634763 0 
769 0.05326905144427404 -0.1403202613990817 -0.5409508056930691 0 
770 0.05288877286506269 -0.138543766726719 -0.5413702763878088 0 
771 0.05250579690056091 -0.1367558022221967 -0.5416670091593409 0 
772 0.05215827329129728 -0.1349481282313118 -0.5417746103852169 0 
773 0.05187931534194894 -0.1331540175624614 -0.5416385406578454 0 
774 0.05163466374588496 -0.1314126842449111 -0.5413232271382029 0 
775 0.05144001096516731 -0.1297693133696644 -0.5407907652740708 0 
776 0.05126330116417561 -0.1282105443054149 -0.5401360818828431 0 
777 0.05107061352485141 -0.1267170644586977 -0.5394387190834251 0 
778 0.05085443036784315 -0.1252775592923146 -0.5387214898333609 0 
779 0.05060906690599693 -0.1238812259776289 -0.5380029628197478 0 
780 0.05031934700418445 -0.1225076148141793 -0.5373246180142293 0 
781 0.04999729938735562 -0.1211646380517081 -0.5366638158218614 0 
782 0.04962166886668763 -0.1198258896471833 -0.536093750883156 0 
783 0.04920894627431928 -0.1185044886679028 -0.5355755757160805 0 
784 0.04875410651115267 -0.1171940483647794 -0.5351385173386859 0 
785 0.04827217913714389 -0.1159067819089385 -0.534742640920168 0 
786 0.04775862531597814 -0.1146364221694373 -0.5344128553370373 0 
787 0.04722667419004006 -0.1133960395867775 -0.5340865890589702 0 
788 0.04667321645387989 -0.1121782382642142 -0.5337939454670734 0 
789 0.04610261776073538 -0.1109928624554467 -0.5334800208254648 0 
790 0.04551147486474974 -0.1098288907717913 -0.5331858715602902 0 
791 0.0449019357972327 -0.1087006706908178 -0.5328446283543348 0 
792 0.04427087539882418 -0.1075973713564053 -0.5325045380752447 0 
793 0.04361775937645192 -0.1065417044154981 -0.5321051035742763 0 
794 0.04294147948522894 -0.1055112456482666 -0.5316978421986936 0 
795 0.04223906543534484 -0.1045403871864478 -0.531219193774522 0 
796 0.04151192446096752 -0.1035911443840453 -0.5307280018214825 0 
797 0.04075890238363222 -0.102696949452502 -0.5301721065291115 0 
798 0.03998029209950836 -0.1018490824238886 -0.5295670520065402 0 
799 0.03918221417303332 -0.1010346349162509 -0.5289347035367454 0 
800 0.03835797598082204 -0.1003616913837696 -0.5281457469597766 0 
801 0.03752877935151605 -0.09969806833170246 -0.5273425997574718 0 
802 0.06132321067678025 -0.149012891522609 -0.4875576824415393 0 
803 0.06171437326639795 -0.1488589573365138 -0.4873759951335879 0 
804 0.06227695803873751 -0.1486374209227175 -0.4871185847624442 0 
805 0.06291841195785255 -0.1483677159046782 -0.4868300976556855 0 
806 0.06365116270171201 -0.1480151216122884 -0.486492921788365 0 
807 0.06444188638679602 -0.1476416931719125 -0.4861384441479569 0 
808 0.06525229023433571 -0.1471867895606458 -0.4857712689253093 0 
809 0.06611000752695276 -0.1467133512012159 -0.4854031538819534 0 
810 0.06699032028680184 -0.1461594551875456 -0.4850227918975924 0 
811 0.06787870408720924 -0.1455782301561822 -0.4846396168080941 0 
812 0.06877736672414178 -0.1449403690609752 -0.4842410244164342 0 
813 0.06970382422444818 -0.1442522593563718 -0.4838560077211201 0 
814 0.07062425115725771 -0.1435385724683312 -0.4834773065641166 0 
815 0.07154786851662348 -0.142771222446661 -0.4830959892472799 0 
816 0.07248675671428734 -0.1419707627172258 -0.4827187775991373 0 
817 0.07339228806556532 -0.1411176038596257 -0.4823531775359017 0 
818 0.07433778184440426 -0.1402181763068786 -0.4820013355522356 0 
819 0.07525623740243925 -0.1392785129168539 -0.481662802731696 0 
820 0.07614605194176496 -0.1382901953401653 -0.4813493503096331 0 
821 0.07707942138070249 -0.1372590508123595 -0.4810666475560724 0 
822 0.07796846403039892 -0.136150748454215 -0.4808127194420934 0 
823 0.07884383839141648 -0.1349944781932199 -0.4805818825923402 0 
824 0.07968977981160719 -0.1337654382364682 -0.4803714823920617 0 
825 0.08049504273974052 -0.1324892887180307 -0.4802099206182054 0 
826 0.08128655872872056 -0.131154879343489 -0.4801001219973176 0 
827 0.08200045096718749 -0.1297705019825067 -0.4800619909653461 0 
828 0.08269086296364819 -0.1283071456048846 -0.4800814595999643 0 
829 0.08329361623059557 -0.1268178012235807 -0.480155697243181 0 
830 0.08380252823471825 -0.1252574953287662 -0.4803484807259442 0 
831 0.08423663566714591 -0.1236946110436844 -0.4806170242527856 0 
832 0.08459010779706039 -0.1221032249121128 -0.4809604508734726 0 
833 0.08483968894807342 -0.1204870193188075 -0.4813926421977001 0 
834 0.08496919124390581 -0.1189047344396831 -0.4818875714809624 0 
835 0.08497064805670874 -0.1173200154003164 -0.4824798377926922 0 
836 0.08486887961622762 -0.1157677007494092 -0.4831306277295915 0 
837 0.08467295413469571 -0.1142775239547009 -0.4838558205851386 0 
838 0.08434478602099806 -0.1128544753621115 -0.4846355015248546 0 
839 0.08391420014880291 -0.1114540631225995 -0.4854208939542832 0 
840 0.08345520094385245 -0.1101481990345247 -0.486200484203385 0 
841 0.08292522602674028 -0.1088546979880274 -0.4869762288659091 0 
842 0.0823546609258811 -0.1076174187509223 -0.4877539874076549 0 
843 0.08172379368908753 -0.1064280519448035 -0.4884890856414426 0 
844 0.08107431388280806 -0.1052653028467311 -0.4892199908201226 0 
845 0.08039820257476596 -0.1041396339573436 -0.4899226857064449 0 
846 0.07970964835857193 -0.1030633979751956 -0.4906039803366334 0 
847 0.07901828655093962 -0.1019962629487691 -0.4912614583730819 0 
848 0.07829184891914766 -0.1009261465935389 -0.4919200452666942 0 
849 0.07754108719829289 -0.09990249510824398 -0.4925182848567178 0 
850 0.07679443720726424 -0.0989000796715736 -0.4931152003325301 0 
851 0.07599871671370498 -0.09792762252850484 -0.493679930568009 0 
852 0.07520037450670235 -0.09701758040873837 -0.4942174577920465 0 
853 0.07433471430449315 -0.09613335865583598 -0.4947385204828612 0 
854 0.07346728442067181 -0.095357686740129 -0.4952209855801639 0 
855 0.07252030019511894 -0.09462570536983272 -0.4956805001136136 0 
856 0.07156372439724747 -0.09399173078767677 -0.496102313262653 0 
857 0.07058370993072764 -0.09343068792259294 -0.4965077941112235 0 
858 0.06956139730491553 -0.0929579317871379 -0.4968812809772953 0 
859 0.06854588534631233 -0.09258639660875531 -0.4972101058144408 0 
860 0.0675086883875754 -0.09228921248896521 -0.4974950661300255 0 
861 0.06646505218876925 -0.09209257090494787 -0.4977107444247566 0 
862 0.06543158915675926 -0.09193390410063609 -0.4979193396064729 0 
863 0.06443540041508411 -0.09184349548551424 -0.4980826200618641 0 
864 0.06339430924080772 -0.09177960668484905 -0.4981825265114436 0 
865 0.06240537706919265 -0.09174851820881277 -0.4982157783683302 0 
866 0.06141614457890721 -0.09172662948112456 -0.4982261573865874 0 
867 0.06044000557195932 -0.09171137942301372 -0.4982297252614319 0 
868 0.05947250374666888 -0.09170329387405832 -0.4981697101475786 0 
869 0.05846746108210647 -0.09169327970230161 -0.498060950957018 0 
870 0.05750609824661784 -0.09167899347326655 -0.4979141393679994 0 
871 0.05652082021496104 -0.09166631064197155 -0.4977489651682661 0 
872 0.06132321067678025 -0.149012891522609 -0.4875576824415393 0 
873 0.06089978067946845 -0.1489152503276092 -0.4873751522308503 0 
874 0.06030157157009155 -0.1487627473598134 -0.4871032074033537 0 
875 0.059597890311453 -0.1485921882009591 -0.4867957005781825 0 
876 0.05879854231910665 -0.1483999378695838 -0.4864563605897694 0 
877 0.05798216708725594 -0.1481824180096175 -0.4860649134975684 0 
878 0.05711249315863474 -0.1479710449951995 -0.4856733108956974 0 
879 0.05623495406212578 -0.1477469640071359 -0.485267177141141 0 
880 0.05533182121877063 -0.1474904278520054 -0.4848265454092661 0 
881 0.05441993427142066 -0.1472567906943295 -0.484386731832686 0 
882 0.05347401216744183 -0.1470096377934028 -0.4839432387806946 0 
883 0.05252454252220928 -0.1467346592337359 -0.4834922091278111 0 
884 0.05158253868658474 -0.1464564593317276 -0.4830450999036738 0 
885 0.05048248507473106 -0.1460906768108237 -0.4824702219403327 0 
886 0.04938470323007842 -0.1457007697833871 -0.4819055850396664 0 
887 0.04815396583913002 -0.1452034207776766 -0.481234289540329 0 
888 0.04712557159952947 -0.1447686200656679 -0.4806839971073781 0 
889 0.04610273377496039 -0.1442986848200995 -0.4801596364788514 0 
1 0.02771811636645158 -0.1177820404833641 -0.5335647892304717 0.06533569264232958 -0.09171084860900287 -0.4904604658388667 0 2 1 -61 
2 0.06109530059549 -0.09285007374555054 -0.4904604658388667 0.06533569264232958 -0.09272027027434208 -0.4884851988241422 0 2 62 -70 
3 0.03266055808881547 -0.1524555174191174 -0.534006640509665 0.0720321396594347 -0.09285007374555054 -0.4744424350352315 0 2 71 -207 
4 0.04584949830723754 -0.1455170501195016 -0.5320181949722165 0.1001592655483795 -0.09297165405310211 -0.5097098988332281 0 2 208 -263 
5 0.03358849883079999 -0.1615662106512239 -0.5132835142579462 0.09560460295731414 -0.1455170501195016 -0.500301539898 0 2 264 -295 
6 0.05402205768402513 -0.147613921965767 -0.5097098988332281 0.09560460295731414 -0.1343019270010047 -0.4724818674595385 0 2 296 -333 
7 0.03017778060003831 -0.1116214343413454 -0.5327732672323706 0.03041774422856986 -0.1115155964787728 -0.5326892867043026 0 2 334 -335 
8 0.02673585986420176 -0.1480035987134519 -0.5327732672323706 0.06388655350693587 -0.09118570085881417 -0.4723476382973795 0 2 336 -530 
9 0.02673585986420176 -0.1480035987134519 -0.5327732672323706 0.06388655350693587 -0.09118570085881415 -0.4723476382973795 0 2 531 -725 
10 0.03752877935151605 -0.1618274389670519 -0.5402455866460185 0.06183235078208894 -0.09969806833170246 -0.4875576824415393 0 2 726 -801 
11 0.05652082021496104 -0.149012891522609 -0.498123085271143 0.08476923777511584 -0.09166631064197155 -0.4802099206182054 0 2 802 -871 
12 0.04610273377496039 -0.149012891522609 -0.4875576824415393 0.06132321067678025 -0.1442986848200995 -0.4801596364788514 0 2 872 -889 
$EndEntities
$Nodes
901 973 1 973
0 1 0 1
1
0.06533569264232958 -0.09285007374555054 -0.4904604658388667
0 2 0 1
2
0.06532839724617076 -0.09274878742735319 -0.4908977131105411
0 3 0 1
3
0.06532076307796478 -0.09260438480248762 -0.4915292797794967
0 4 0 1
4
0.06524735609737742 -0.09247652910507953 -0.4922524085180119
0 5 0 1
5
0.06517524040746267 -0.09233582330451902 -0.4930937404099617
0 6 0 1
6
0.06509174089876012 -0.09219797972552696 -0.4940106239809079
0 7 0 1
7
0.06496135802239286 -0.09209249118031375 -0.4949387466024641
0 8 0 1
8
0.06480597312471334 -0.09197521444728489 -0.4959571008389505
0 9 0 1
9
0.06463386290634376 -0.09191128314222374 -0.4969841082323996
0 10 0 1
10
0.06443540041508411 -0.09184349548551424 -0.4980826200618641
0 11 0 1
11
0.06418497156822253 -0.09180059715055426 -0.4991489385502778
0 12 0 1
12
0.0639440623242753 -0.09176565091460154 -0.5003041480478554
0 13 0 1
13
0.0636301456683068 -0.09173446975227081 -0.5014362731425136
0 14 0 1
14
0.06338417209269517 -0.09170880378831781 -0.5026156683704411
0 15 0 1
15
0.06309358589794156 -0.09172485473626625 -0.5038201281177719
0 16 0 1
16
0.06280964076824974 -0.09174672023345118 -0.5050773139765135
0 17 0 1
17
0.06249147317017351 -0.0917644756775252 -0.5063491506144884
0 18 0 1
18
0.06213427720764585 -0.09183342245426805 -0.507627562718056
0 19 0 1
19
0.06174154802190847 -0.09192985805970949 -0.5089120903014324
0 20 0 1
20
0.06130916304065581 -0.09208630903772629 -0.5101913883684945
0 21 0 1
21
0.06084341449552045 -0.09226855721313881 -0.5114674170302751
0 22 0 1
22
0.06033749241358048 -0.09252889723759078 -0.5127214355996067
0 23 0 1
23
0.05980267447559684 -0.09281222102141054 -0.5139660685648193
0 24 0 1
24
0.05923142484132957 -0.09316227818490154 -0.5151787674620929
0 25 0 1
25
0.05863158610593864 -0.09354661925282401 -0.5163689183809553
0 26 0 1
26
0.05800136171404631 -0.09398995976427001 -0.5175232708839765
0 27 0 1
27
0.05734867983143777 -0.09445420194155084 -0.518653700419092
0 28 0 1
28
0.05666993982780732 -0.09496428330656388 -0.5197475255389272
0 29 0 1
29
0.05596950721616815 -0.09550440672869133 -0.5208100234877152
0 30 0 1
30
0.05524692536766693 -0.09608951212059569 -0.5218287974209566
0 31 0 1
31
0.05450456164372963 -0.09670541099703431 -0.5228119104872819
0 32 0 1
32
0.05374423976427668 -0.09733515002504582 -0.5237709623735283
0 33 0 1
33
0.05296610894942581 -0.09799595000353434 -0.5246910264166377
0 34 0 1
34
0.0521717680377381 -0.09867174899724569 -0.5255832616272901
0 35 0 1
35
0.05136196501169141 -0.09937493852198175 -0.5264351060888466
0 36 0 1
36
0.0505382984127718 -0.100098702442675 -0.5272505001601178
0 37 0 1
37
0.04970241333718041 -0.1008346822534657 -0.5280341040316195
0 38 0 1
38
0.04885561729793263 -0.1015900217391897 -0.5287771427982101
0 39 0 1
39
0.04799952535603094 -0.1023507884255584 -0.5294908497311678
0 40 0 1
40
0.0471334278503921 -0.1031543815716622 -0.5301306805326575
0 41 0 1
41
0.04626159140574652 -0.1039602657551512 -0.5307393656086723
0 42 0 1
42
0.04538202349850404 -0.1048162113936702 -0.5312449884055809
0 43 0 1
43
0.04450108019083437 -0.1056640928646798 -0.5317264991616665
0 44 0 1
44
0.04361775937645192 -0.1065417044154981 -0.5321051035742763
0 45 0 1
45
0.04273583049441977 -0.1074135059045117 -0.5324386136971599
0 46 0 1
46
0.04185713741355852 -0.1082780328311052 -0.532720257013662
0 47 0 1
47
0.04098154483277572 -0.109136842185968 -0.5329176312440452
0 48 0 1
48
0.04011023241332085 -0.1099708740769508 -0.5331011341623688
0 49 0 1
49
0.03924232769246988 -0.1107817811830428 -0.5332489454540347
0 50 0 1
50
0.03837678414369402 -0.1115678642158707 -0.5333578663901358
0 51 0 1
51
0.03751193886525835 -0.1123243656411518 -0.533427055170887
0 52 0 1
52
0.03664470909487805 -0.1130450995579105 -0.533490887094353
0 53 0 1
53
0.03577208661802242 -0.1137290375958704 -0.5335287329854155
0 54 0 1
54
0.03488878153126264 -0.114372358562017 -0.5335610825334339
0 55 0 1
55
0.03398871852021658 -0.1149757955240485 -0.5335638733804848
0 56 0 1
56
0.03306317095509453 -0.115538698805052 -0.5335508184329133
0 57 0 1
57
0.03210090749929197 -0.1160634628815504 -0.5335191687041733
0 58 0 1
58
0.03109419819553426 -0.1165550087430675 -0.5334328070181602
0 59 0 1
59
0.03002971209607627 -0.1170135908683647 -0.5333006282133669
0 60 0 1
60
0.02890203610359889 -0.1174322796942354 -0.533112585044021
0 61 0 1
61
0.02771811636645158 -0.1177820404833641 -0.5328566320084679
0 62 0 1
62
0.06533569264232958 -0.09285007374555054 -0.4904604658388667
0 63 0 1
63
0.06505544542622552 -0.09282764693183343 -0.4903101436311489
0 64 0 1
64
0.06464536999875978 -0.09279440616859935 -0.4901086822281569
0 65 0 1
65
0.0641536426776015 -0.09275389979360515 -0.4898945645467004
0 66 0 1
66
0.06360543475317701 -0.09272120208343426 -0.4896452872111922
0 67 0 1
67
0.06303006801753858 -0.09272509885133828 -0.4893515222746776
0 68 0 1
68
0.06241380793024515 -0.092731798562376 -0.4890635800315704
0 69 0 1
69
0.06176384185629047 -0.09274279510963529 -0.4887971472447953
0 70 0 1
70
0.06109530059549 -0.09277699103302579 -0.4884851988241422
0 71 0 1
71
0.06533569264232958 -0.09285007374555054 -0.4904604658388667
0 72 0 1
72
0.06562323525459245 -0.09297378687746499 -0.4901735407749103
0 73 0 1
73
0.06605294547809423 -0.09318096191294004 -0.4897553277468382
0 74 0 1
74
0.06652556861277163 -0.09348539659655383 -0.4892428033376822
0 75 0 1
75
0.06703266536178447 -0.09382727153301545 -0.4886794296505491
0 76 0 1
76
0.06758539201008919 -0.09420899907548244 -0.4880827141344662
0 77 0 1
77
0.06810421627302114 -0.09470474752194688 -0.4874313588828552
0 78 0 1
78
0.06865214713118538 -0.0952201353419012 -0.4867779020451296
0 79 0 1
79
0.06916558629270808 -0.09581202598257628 -0.4860996887080467
0 80 0 1
80
0.0696821976938877 -0.09646432517989796 -0.4854090262055181
0 81 0 1
81
0.07015125448111102 -0.09715311528576903 -0.4847099981103568
0 82 0 1
82
0.07062115825441273 -0.09792780748225131 -0.4840086423216371
0 83 0 1
83
0.07101984422523515 -0.09874459329590105 -0.4832977111197919
0 84 0 1
84
0.07141125207606711 -0.09961148236840624 -0.4825970644154194
0 85 0 1
85
0.07172142458388919 -0.1005520300048437 -0.4819488673172526
0 86 0 1
86
0.07200216505978449 -0.101522957807056 -0.4812993253983436
0 87 0 1
87
0.07225843724699393 -0.1025219435710545 -0.4806507206659195
0 88 0 1
88
0.07243709674843042 -0.103586556583824 -0.4800669843072238
0 89 0 1
89
0.07260134983587607 -0.1046848530754901 -0.4794831841910646
0 90 0 1
90
0.07269971786917738 -0.1058096377095463 -0.4789542560788505
0 91 0 1
91
0.07277325035211801 -0.1069609475057596 -0.4784151780331066
0 92 0 1
92
0.07281724530003322 -0.1081172177380146 -0.4779211462061296
0 93 0 1
93
0.0727945942188914 -0.1093143649688738 -0.4774368666779839
0 94 0 1
94
0.07278244114119232 -0.1105501078429663 -0.4769549860001215
0 95 0 1
95
0.07271299769536552 -0.1117639284595707 -0.4765384495338648
0 96 0 1
96
0.07260028840008767 -0.113038336387473 -0.4761047226712513
0 97 0 1
97
0.07244916703462659 -0.1142840103621272 -0.4757307080499878
0 98 0 1
98
0.07226157949592668 -0.1155644260483163 -0.4753664370135531
0 99 0 1
99
0.07202969800447578 -0.116840910369286 -0.4750440160167551
0 100 0 1
100
0.07177136992937942 -0.1181065558340986 -0.4747553892881572
0 101 0 1
101
0.07146767171305399 -0.1194028929105364 -0.4744934849839192
0 102 0 1
102
0.07114064711585115 -0.1206388002163936 -0.4742808169530304
0 103 0 1
103
0.07077351118248905 -0.1219358668065496 -0.4740931927932239
0 104 0 1
104
0.07038863104023971 -0.1231395050348998 -0.4739557163734727
0 105 0 1
105
0.06994766488087581 -0.124393244030919 -0.4738494896796084
0 106 0 1
106
0.06950391394721819 -0.1255874944905385 -0.4737812458723651
0 107 0 1
107
0.0690503515674408 -0.1267749392208735 -0.4737543164063844
0 108 0 1
108
0.06853925462477979 -0.1279340824977376 -0.4737804291917307
0 109 0 1
109
0.06805056984194212 -0.1290650441074031 -0.4738202351540544
0 110 0 1
110
0.06750153208582502 -0.1301634502244477 -0.4739208337279687
0 111 0 1
111
0.06697749656726848 -0.1312499164590498 -0.4740319926316935
0 112 0 1
112
0.06640951730665565 -0.1322850051246787 -0.4741949557756088
0 113 0 1
113
0.0658643635733502 -0.1333324697536477 -0.4743844026778081
0 114 0 1
114
0.06525511703421971 -0.1343239062346294 -0.4746028886807783
0 115 0 1
115
0.06468895438441777 -0.1353037102668994 -0.4748397159708014
0 116 0 1
116
0.06408588990458887 -0.1362430174879598 -0.4751090552202999
0 117 0 1
117
0.06346373088317898 -0.1371693150947568 -0.4754303154782336
0 118 0 1
118
0.06285610572308103 -0.138053640470963 -0.4757645059491105
0 119 0 1
119
0.06220741872014481 -0.1389107261034039 -0.4761571365218072
0 120 0 1
120
0.06160173111661027 -0.1397115180716092 -0.4765732065158296
0 121 0 1
121
0.06096117531698475 -0.1404633538458717 -0.4770546762691996
0 122 0 1
122
0.06035474972414361 -0.1412049555171865 -0.4775683135151963
0 123 0 1
123
0.05973650655723775 -0.1418787893966707 -0.4781243822578758
0 124 0 1
124
0.05913591942469484 -0.1425633151418929 -0.478730107293833
0 125 0 1
125
0.05851998301314673 -0.1432114650961595 -0.4793798903399125
0 126 0 1
126
0.05794527691483378 -0.1438376746845663 -0.4800475216040612
0 127 0 1
127
0.05733142471657807 -0.1444431044190535 -0.4807396358892543
0 128 0 1
128
0.05674779915277201 -0.1450391259689395 -0.4814451632665539
0 129 0 1
129
0.05614284303635172 -0.1455994118538141 -0.4821515414380204
0 130 0 1
130
0.05556943822747078 -0.1461798640241886 -0.4828898187053176
0 131 0 1
131
0.05497656968280298 -0.1467207539240862 -0.4836330731869997
0 132 0 1
132
0.05441993427142066 -0.1472567906943295 -0.484386731832686
0 133 0 1
133
0.0538457015800175 -0.1477737507884295 -0.4851714348251787
0 134 0 1
134
0.0533010411721002 -0.1482653275537064 -0.4859609416589608
0 135 0 1
135
0.05274230694982502 -0.1487542032578817 -0.4867846258709022
0 136 0 1
136
0.05220797803761575 -0.1491928777454297 -0.4876158777187574
0 137 0 1
137
0.05168756256246303 -0.1496209000898935 -0.4884918801459947
0 138 0 1
138
0.05116585185980784 -0.1500349941997645 -0.4894100285054794
0 139 0 1
139
0.05067283589295954 -0.1504143605255139 -0.490330624981514
0 140 0 1
140
0.05014738530543429 -0.150777688008927 -0.4912934303329771
0 141 0 1
141
0.0496445669804763 -0.1511097194873361 -0.4922566555656501
0 142 0 1
142
0.04913888454688257 -0.1514313647474413 -0.493254250828744
0 143 0 1
143
0.04862262406218685 -0.1517246107127946 -0.4942832310261376
0 144 0 1
144
0.04813975857546916 -0.1519826728874376 -0.495319498780155
0 145 0 1
145
0.04763623144488217 -0.1522030509274536 -0.496386721916775
0 146 0 1
146
0.04715321209500814 -0.1523692885813116 -0.4974848187054678
0 147 0 1
147
0.04669114427330789 -0.1525090005253419 -0.4986172486863616
0 148 0 1
148
0.04622391956442369 -0.1525443833286709 -0.4997858874075293
0 149 0 1
149
0.0457668069748787 -0.1525150033718467 -0.500980592415034
0 150 0 1
150
0.04531769387465898 -0.1524247814206319 -0.5021998784990271
0 151 0 1
151
0.0448685808068783 -0.1522254093478077 -0.5033862533197297
0 152 0 1
152
0.04439745609549785 -0.1519922382688854 -0.5045815742493422
0 153 0 1
153
0.04395499676706999 -0.1517014504556838 -0.5057210318384309
0 154 0 1
154
0.04347897120626544 -0.1513445458830714 -0.5068934525256749
0 155 0 1
155
0.04301556650646907 -0.1509782115736173 -0.5080559926182291
0 156 0 1
156
0.04250237159444099 -0.1505620923584385 -0.5092340795274681
0 157 0 1
157
0.04197631931332994 -0.1501513117211089 -0.5104466362982981
0 158 0 1
158
0.04161374726340342 -0.1498395083470584 -0.5115745682016257
0 159 0 1
159
0.04122340159599188 -0.1495177012246935 -0.512703234670468
0 160 0 1
160
0.0409797923545509 -0.1492777926290062 -0.5137420471830686
0 161 0 1
161
0.04072073495894459 -0.1490188770422619 -0.5147854391171204
0 162 0 1
162
0.04042946073528331 -0.1487653767162737 -0.5158338817906079
0 163 0 1
163
0.04014863948568068 -0.1484418055009834 -0.5168794926474016
0 164 0 1
164
0.03984866601258418 -0.1481000275412593 -0.5179261508107532
0 165 0 1
165
0.03958669200500889 -0.1476476084684193 -0.5189570638873996
0 166 0 1
166
0.03928621794699869 -0.1472026340611083 -0.5199912349746133
0 167 0 1
167
0.03905330109163919 -0.146618300269552 -0.5209933306051215
0 168 0 1
168
0.03879612063427431 -0.1460207271559562 -0.521994649710981
0 169 0 1
169
0.03862059652882082 -0.145290684288199 -0.5229253881957565
0 170 0 1
170
0.03842746339959477 -0.1445413135259161 -0.5238508047573452
0 171 0 1
171
0.03826365300506203 -0.1437255791998548 -0.5247354018667612
0 172 0 1
172
0.03808790539532532 -0.1428879510306065 -0.5256063289311447
0 173 0 1
173
0.03792852175293091 -0.1420029307912007 -0.5264391502470938
0 174 0 1
174
0.03778677459868736 -0.1410730447423941 -0.5272305754540424
0 175 0 1
175
0.03763090457529618 -0.1401311324845113 -0.5280081413961804
0 176 0 1
176
0.03749143041426418 -0.1391504105805857 -0.5287399933888955
0 177 0 1
177
0.03734254597470173 -0.1381604228974383 -0.5294527489183014
0 178 0 1
178
0.03720398298886828 -0.1371443895035992 -0.5301238845071826
0 179 0 1
179
0.03706072998905846 -0.1361215967438756 -0.5307732286400066
0 180 0 1
180
0.03694392911279203 -0.1350646957991329 -0.5313566651501667
0 181 0 1
181
0.03683188753670969 -0.1339967080532274 -0.5319041983062105
0 182 0 1
182
0.03673142191703725 -0.1329124467723115 -0.5324063720004806
0 183 0 1
183
0.03665381428845482 -0.1318064045016059 -0.5328394132364296
0 184 0 1
184
0.0366039429351691 -0.1306736325957698 -0.5331876450998605
0 185 0 1
185
0.03655303683167992 -0.1295380736628657 -0.5335115743006632
0 186 0 1
186
0.03653795355628107 -0.1283717080861036 -0.5337092671954263
0 187 0 1
187
0.03652044881682379 -0.1272084415006878 -0.5338855435587426
0 188 0 1
188
0.03651673873936268 -0.1260365086403103 -0.5339776949507791
0 189 0 1
189
0.0365078785970488 -0.124868678634918 -0.534052051311068
0 190 0 1
190
0.03650260988392678 -0.1237022457157014 -0.5340539614935145
0 191 0 1
191
0.03648721488332361 -0.1225431293726195 -0.534047711621025
0 192 0 1
192
0.03646474422316964 -0.1213920089704936 -0.5340015374819312
0 193 0 1
193
0.03642749038083209 -0.1202502375871558 -0.5339609788151849
0 194 0 1
194
0.03637607659298347 -0.1191211895846871 -0.5338950283857969
0 195 0 1
195
0.03630571837448066 -0.1180056388635784 -0.5338316687281025
0 196 0 1
196
0.0362137959243704 -0.1169061367785343 -0.5337656348416676
0 197 0 1
197
0.0360968250332661 -0.1158249976284996 -0.5336979545147935
0 198 0 1
198
0.03595107520367156 -0.1147653463551352 -0.5336178313297328
0 199 0 1
199
0.03577208661802242 -0.1137290375958704 -0.5335287329854155
0 200 0 1
200
0.03555520140424197 -0.1127185693577589 -0.5334247507766327
0 201 0 1
201
0.03529493439090801 -0.1117348166184323 -0.5333134539907886
0 202 0 1
202
0.0349890845049057 -0.1107831924906145 -0.5331467896251972
0 203 0 1
203
0.03463046060411782 -0.1098563740194112 -0.5329745373395844
0 204 0 1
204
0.03421756935092352 -0.1089593796239351 -0.5327410577551969
0 205 0 1
205
0.03375144840651175 -0.108089585643957 -0.5324479539243774
0 206 0 1
206
0.03322717824562468 -0.1072278807081206 -0.5321274125902749
0 207 0 1
207
0.03266055808881547 -0.1063971267408604 -0.5316739798762304
0 208 0 1
208
0.09560460295731414 -0.1455170501195016 -0.5097098988332281
0 209 0 1
209
0.09611881535513614 -0.1448908600242776 -0.5096468912383763
0 210 0 1
210
0.0967443771147958 -0.1440596423449579 -0.5096920064899096
0 211 0 1
211
0.097433024464327 -0.143120109011419 -0.5098973582194534
0 212 0 1
212
0.09818597484546823 -0.1420634720395539 -0.5102202609890246
0 213 0 1
213
0.09887200463185175 -0.1411183893373054 -0.5107663151250988
0 214 0 1
214
0.09940990601344266 -0.1402138752251847 -0.5114965070037077
0 215 0 1
215
0.09995958173154917 -0.1392278802626593 -0.5123452670529195
0 216 0 1
216
0.1002860252751949 -0.1384096552944006 -0.5134381223835404
0 217 0 1
217
0.1004987711888703 -0.1375942720672484 -0.5146503095472907
0 218 0 1
218
0.1005427205172196 -0.1367540740344919 -0.5159354457336587
0 219 0 1
219
0.1004503774494477 -0.1358850388264199 -0.5172758579768924
0 220 0 1
220
0.1002258027346442 -0.1349793241649546 -0.5186593362301897
0 221 0 1
221
0.0998835652546588 -0.1340114909612839 -0.5200584617066519
0 222 0 1
222
0.09945765724061925 -0.1329733615714759 -0.5214663213638039
0 223 0 1
223
0.09891883476805151 -0.1318502974245318 -0.522843723278652
0 224 0 1
224
0.09834392412707393 -0.1306488309101361 -0.5242300334478772
0 225 0 1
225
0.09765293147543394 -0.129360303158034 -0.5255716550170206
0 226 0 1
226
0.0968834117031605 -0.1279785191812888 -0.5268722754285704
0 227 0 1
227
0.09602329402153371 -0.1265154751074307 -0.5281210002353266
0 228 0 1
228
0.0950298640235302 -0.1249574526596657 -0.5292629338444643
0 229 0 1
229
0.09387602745819684 -0.1233265999449342 -0.5302742352812577
0 230 0 1
230
0.09253977568466633 -0.1216739925347851 -0.5310459630030314
0 231 0 1
231
0.09102672513518577 -0.1200584414760611 -0.5315905016750354
0 232 0 1
232
0.08940741320374858 -0.1184913786925779 -0.531934190847953
0 233 0 1
233
0.08771165815190958 -0.1170029578050198 -0.5320618201141658
0 234 0 1
234
0.08595556573434945 -0.1156420566765536 -0.5319623461553828
0 235 0 1
235
0.08418672648470049 -0.1143739370189088 -0.5317226813938235
0 236 0 1
236
0.08244210684076772 -0.1131532472185372 -0.5314123235069835
0 237 0 1
237
0.08072334087994459 -0.1119861566119011 -0.5310311051509166
0 238 0 1
238
0.07905291497828117 -0.1108264476808413 -0.530644406416526
0 239 0 1
239
0.07742088430538814 -0.1096953368807477 -0.5302297581575036
0 240 0 1
240
0.07583668536798524 -0.1085675899752362 -0.5298228446740794
0 241 0 1
241
0.07428725549242235 -0.1074708820974799 -0.5293933155820437
0 242 0 1
242
0.072779924891939 -0.1063825810672263 -0.5289710974740878
0 243 0 1
243
0.07129889849218504 -0.1053339732247868 -0.5285212521507967
0 244 0 1
244
0.06984502934512249 -0.1043235332357247 -0.5280539266855689
0 245 0 1
245
0.06842114956777383 -0.1033377839870159 -0.5275823487748438
0 246 0 1
246
0.06701582984577627 -0.102402615430174 -0.527082222492003
0 247 0 1
247
0.06562931230016326 -0.1015253808309143 -0.5265491120927427
0 248 0 1
248
0.0642638373225049 -0.1006920379484603 -0.5260031308353156
0 249 0 1
249
0.06292273626205085 -0.0998898870339808 -0.5254522893157447
0 250 0 1
250
0.06159510781998173 -0.09915191332859383 -0.5248710090473838
0 251 0 1
251
0.0602871111397392 -0.09846142790687934 -0.5242759127621567
0 252 0 1
252
0.05899970314566357 -0.09780586161584695 -0.5236767183657017
0 253 0 1
253
0.05772899357353987 -0.09721771890202438 -0.5230522187165904
0 254 0 1
254
0.05647945895376707 -0.09664011620953809 -0.5224403814609768
0 255 0 1
255
0.05524692536766693 -0.09608951212059569 -0.5218287974209566
0 256 0 1
256
0.05403073164125755 -0.09556087473767773 -0.5212186144936927
0 257 0 1
257
0.05282723883751553 -0.09506801356180497 -0.5206025149675987
0 258 0 1
258
0.05163587948236197 -0.09460980254085871 -0.5199773989338662
0 259 0 1
259
0.05045590170640326 -0.09418037866616624 -0.5193473894842201
0 260 0 1
260
0.04928630361415366 -0.09381158310738465 -0.5186915175453796
0 261 0 1
261
0.04812758299052641 -0.09347386523982877 -0.5180265893544918
0 262 0 1
262
0.0469821204787944 -0.09319999738650511 -0.5173365244362034
0 263 0 1
263
0.04584949830723754 -0.09297165405310211 -0.5166267433176911
0 264 0 1
264
0.09560460295731414 -0.1455170501195016 -0.5097098988332281
0 265 0 1
265
0.09525314998705245 -0.1460379351975959 -0.510342204148416
0 266 0 1
266
0.09463814747288157 -0.146806584733718 -0.5111122597566705
0 267 0 1
267
0.093762991117114 -0.1477623386485103 -0.5119608076826703
0 268 0 1
268
0.09229512681822954 -0.149150562642739 -0.5127232340950523
0 269 0 1
269
0.08973127229962821 -0.1514387192516705 -0.5130577052209745
0 270 0 1
270
0.086823610574302 -0.153823439683884 -0.513237670589928
0 271 0 1
271
0.08377136252687964 -0.1561525881736964 -0.513281303321125
0 272 0 1
272
0.08062096627591292 -0.1583077925258429 -0.51318116437674
0 273 0 1
273
0.07731713686024863 -0.160130100317967 -0.5129235855682905
0 274 0 1
274
0.07383723697412477 -0.1613417833527386 -0.5125533433990609
0 275 0 1
275
0.07031858717954885 -0.1617792994130174 -0.5121596566850294
0 276 0 1
276
0.06698329042008505 -0.1616432569056876 -0.5117172186689233
0 277 0 1
277
0.06388797889036071 -0.1611156897249837 -0.5112306021955886
0 278 0 1
278
0.06108140082023979 -0.160288393201771 -0.510681670521378
0 279 0 1
279
0.05859302825382819 -0.1592434890391724 -0.5101191875493714
0 280 0 1
280
0.0563680714511329 -0.1580992952606046 -0.5095401589554422
0 281 0 1
281
0.05433422576411942 -0.1570138146400888 -0.5088891310303513
0 282 0 1
282
0.05245401212345067 -0.1559698288620523 -0.5081797629682652
0 283 0 1
283
0.0506937442183288 -0.1550051836494102 -0.5074826923264973
0 284 0 1
284
0.04901799096539205 -0.1541305274007744 -0.5067791045804998
0 285 0 1
285
0.04743363798191872 -0.1533209980972527 -0.5060339956445978
0 286 0 1
286
0.04589331363832801 -0.1526076648056426 -0.50528892228667
0 287 0 1
287
0.04439745609549785 -0.1519922382688854 -0.5045815742493422
0 288 0 1
288
0.04295839264775193 -0.1514514470190176 -0.5038442127988435
0 289 0 1
289
0.04153548995207156 -0.1509503076956167 -0.5031154100314364
0 290 0 1
290
0.04014587498877577 -0.1505090380105449 -0.5023978340939521
0 291 0 1
291
0.03879730244913967 -0.1501198641018384 -0.5016573696752676
0 292 0 1
292
0.03747242703938073 -0.1497402500924675 -0.5009384478860545
0 293 0 1
293
0.0362508323514666 -0.1493953528536726 -0.5002876089604078
0 294 0 1
294
0.03518617848295601 -0.1491136677014032 -0.4997584281574395
0 295 0 1
295
0.03358849883079999 -0.148675516248 -0.500301539898
0 296 0 1
296
0.09560460295731414 -0.1455170501195016 -0.5097098988332281
0 297 0 1
297
0.09501404861168021 -0.1460059262913226 -0.5085930001586444
0 298 0 1
298
0.09416570806490765 -0.1464875205257546 -0.5071679070970432
0 299 0 1
299
0.09283999546489878 -0.1471489182425715 -0.5052490340129188
0 300 0 1
300
0.09148886909722935 -0.1475795980536195 -0.5033715786398019
0 301 0 1
301
0.09012465044163223 -0.1477927737427092 -0.5015626319899813
0 302 0 1
302
0.08874386064277735 -0.1478072571226533 -0.4998570417421576
0 303 0 1
303
0.08738350272595383 -0.1476670604449557 -0.4982369907006196
0 304 0 1
304
0.08605335737743677 -0.1474102221657314 -0.4966977954252088
0 305 0 1
305
0.08476181963600837 -0.1470543331582451 -0.4952440180166127
0 306 0 1
306
0.08351422034671331 -0.1466426855105377 -0.4938733715622737
0 307 0 1
307
0.08229965426939194 -0.146196584987264 -0.4925712844262254
0 308 0 1
308
0.08111568863888211 -0.1457221572900547 -0.4913212550835754
0 309 0 1
309
0.07996398029408867 -0.1452237211320145 -0.4901182149978558
0 310 0 1
310
0.07885278623734987 -0.1447306828234615 -0.4889696819790286
0 311 0 1
311
0.07775567930363471 -0.1442564458067293 -0.4878444107888958
0 312 0 1
312
0.07668555856038625 -0.1437756521579548 -0.4867418521299139
0 313 0 1
313
0.07563125686321265 -0.1433182680386954 -0.4856923850794873
0 314 0 1
314
0.07456283669678319 -0.1428642874245708 -0.4846504810542052
0 315 0 1
315
0.07352418899734242 -0.1424203677070582 -0.4836725361280741
0 316 0 1
316
0.07248675671428734 -0.1419707627172258 -0.4827187775991373
0 317 0 1
317
0.07142453245748497 -0.1415288096921899 -0.4818066869539213
0 318 0 1
318
0.07036201569302017 -0.1410707897880301 -0.4809226728959104
0 319 0 1
319
0.06930656344804108 -0.1406592071859195 -0.4800910294573425
0 320 0 1
320
0.06826022363199682 -0.1402225757303322 -0.479279511994906
0 321 0 1
321
0.06716906318436382 -0.1397878297479793 -0.4785005078049152
0 322 0 1
322
0.06609507225670036 -0.1393651414857572 -0.4777682320058894
0 323 0 1
323
0.06502670648310307 -0.1389339185794458 -0.477061566000051
0 324 0 1
324
0.06394519719576461 -0.1385084938986401 -0.4763762574293731
0 325 0 1
325
0.06285610572308103 -0.138053640470963 -0.4757645059491105
0 326 0 1
326
0.06174265630208647 -0.1376061008659987 -0.4752087723063399
0 327 0 1
327
0.060642356776931 -0.137111478207781 -0.4746770028391322
0 328 0 1
328
0.05959360077070636 -0.136630575003611 -0.4741883723958978
0 329 0 1
329
0.05842012886829891 -0.1361340361323254 -0.4737600407613954
0 330 0 1
330
0.0572701505228185 -0.1356463916433519 -0.4733534239721876
0 331 0 1
331
0.05602042007416116 -0.1351099472224346 -0.4729729184796517
0 332 0 1
332
0.05502185920978139 -0.1347122493318857 -0.4727067884816256
0 333 0 1
333
0.05402205768402513 -0.1343019270010047 -0.4724818674595385
0 334 0 1
334
0.03041774422856986 -0.1116214343413454 -0.5327732672323706
0 335 0 1
335
0.03017778060003831 -0.1115155964787728 -0.5326892867043026
0 336 0 1
336
0.03041774422856986 -0.1116214343413454 -0.5327732672323706
0 337 0 1
337
0.03039684933089829 -0.1120701108763834 -0.5328586249282111
0 338 0 1
338
0.03023176737552699 -0.1128004672531342 -0.5329655701738947
0 339 0 1
339
0.03000174443680804 -0.1136684374768905 -0.5330272657752027
0 340 0 1
340
0.02973541080392032 -0.1145902731779421 -0.5330856973287682
0 341 0 1
341
0.02945217363999042 -0.1155386726878786 -0.5331270240743506
0 342 0 1
342
0.02917389203077791 -0.116485478147994 -0.533131945167449
0 343 0 1
343
0.02890203610359889 -0.1174322796942354 -0.533112585044021
0 344 0 1
344
0.0286234529294422 -0.1184149312317828 -0.5330839181119664
0 345 0 1
345
0.0283447781404366 -0.1194258588017571 -0.5330342257035504
0 346 0 1
346
0.0280816556221973 -0.1204457113684974 -0.5329214536998186
0 347 0 1
347
0.02782484181644911 -0.1214740543107674 -0.5328068287703601
0 348 0 1
348
0.02758747737691102 -0.1225103064922846 -0.5326190109080519
0 349 0 1
349
0.02736353996034828 -0.1235531484876149 -0.5324126730884575
0 350 0 1
350
0.0271698540416062 -0.12458948235564 -0.5321345311420317
0 351 0 1
351
0.02700732295925138 -0.1256103737177829 -0.5318000785137011
0 352 0 1
352
0.02687197646060448 -0.1266139548850616 -0.5314216572871642
0 353 0 1
353
0.02678490132572767 -0.1275743034862132 -0.5309629116019924
0 354 0 1
354
0.0267191328996901 -0.1285171122729436 -0.5304801735606589
0 355 0 1
355
0.02668942779886255 -0.1294233126267646 -0.5299369423403603
0 356 0 1
356
0.02668514432413505 -0.1303075015443302 -0.5293640118811599
0 357 0 1
357
0.02671232103676331 -0.1311574840357106 -0.5287451428706612
0 358 0 1
358
0.02675925012907837 -0.1319888651710484 -0.5281037085803828
0 359 0 1
359
0.02682730686134344 -0.1327967377606616 -0.5274346006445437
0 360 0 1
360
0.02692073009387097 -0.1335743452545746 -0.5267350113610977
0 361 0 1
361
0.02702148034091428 -0.134348292685244 -0.526026924997454
0 362 0 1
362
0.02715474374643448 -0.1350875374591651 -0.5252750575384768
0 363 0 1
363
0.02728974932197593 -0.1358334318195053 -0.524517866146289
0 364 0 1
364
0.02744052320121223 -0.1365613307929762 -0.5237392851408867
0 365 0 1
365
0.02760311717205421 -0.1372796844544141 -0.5229442279474829
0 366 0 1
366
0.02778516086446246 -0.1379871895962418 -0.5221166127339621
0 367 0 1
367
0.02797497689381083 -0.1386966474618108 -0.5212712252129015
0 368 0 1
368
0.02819105400664271 -0.1393860911113371 -0.5203844481610607
0 369 0 1
369
0.02841515538598978 -0.1400762110900351 -0.5194787887161408
0 370 0 1
370
0.02867121527521808 -0.1407344312460208 -0.5185272190891533
0 371 0 1
371
0.02893624535381314 -0.1413846790579286 -0.5175584726160085
0 372 0 1
372
0.0292410122774534 -0.1419787719339241 -0.5165555188013035
0 373 0 1
373
0.02954296805862401 -0.1425574692414796 -0.5155583086983466
0 374 0 1
374
0.02985353991065133 -0.1430580409219747 -0.5145981970521203
0 375 0 1
375
0.03015222458855584 -0.1435207000812977 -0.5136785003560721
0 376 0 1
376
0.03044251675228591 -0.1439211117372415 -0.5128138142990493
0 377 0 1
377
0.03072078447850987 -0.1442954100234786 -0.5119807920137532
0 378 0 1
378
0.03099905513706722 -0.1446550643919458 -0.5111471074678031
0 379 0 1
379
0.0312839218998384 -0.1449934572698944 -0.5103018259097584
0 380 0 1
380
0.03156605242422854 -0.1453412518007506 -0.5094349548145077
0 381 0 1
381
0.03184633925636266 -0.1456885163966499 -0.5085468261563096
0 382 0 1
382
0.03212027674918136 -0.1460404645167629 -0.5076340007423116
0 383 0 1
383
0.03237880263753105 -0.146416394052159 -0.5066909049671687
0 384 0 1
384
0.03269859701316197 -0.1468206929689084 -0.5057806153409121
0 385 0 1
385
0.03298525887068179 -0.1472414184449737 -0.5048241572253277
0 386 0 1
386
0.03338499549156972 -0.1477059590467794 -0.5038737953875505
0 387 0 1
387
0.0337906579029196 -0.148157131808104 -0.5029190180131127
0 388 0 1
388
0.03421744305109486 -0.1485439123861294 -0.5018789469172753
0 389 0 1
389
0.03465754473431137 -0.1488866555973978 -0.500828880090986
0 390 0 1
390
0.03518617848295601 -0.1491136677014032 -0.4997584281574395
0 391 0 1
391
0.03575135415348619 -0.149187410185838 -0.498684199120481
0 392 0 1
392
0.03625363362882912 -0.1492089446872863 -0.4976532663426415
0 393 0 1
393
0.03677065174021232 -0.1491581558982593 -0.4966093933258218
0 394 0 1
394
0.03735474994921893 -0.1489724739250078 -0.4956360827113734
0 395 0 1
395
0.03793307336381736 -0.148801981847933 -0.4946562095850532
0 396 0 1
396
0.0384247664355102 -0.1486518748017059 -0.4937679329903532
0 397 0 1
397
0.03891478777284275 -0.1485051612793458 -0.4928780697612977
0 398 0 1
398
0.03951298933405363 -0.1483725651340174 -0.4919304977135134
0 399 0 1
399
0.04011575381183272 -0.1482366698674445 -0.4909871241589812
0 400 0 1
400
0.04073905025904093 -0.1480977038209979 -0.490040433344029
0 401 0 1
401
0.04136682997636166 -0.1479477089393111 -0.4890988092009767
0 402 0 1
402
0.0419921657701272 -0.1477236934919344 -0.4880476257366244
0 403 0 1
403
0.04262646594575641 -0.1474660780416622 -0.487011371665939
0 404 0 1
404
0.04320845233493559 -0.1472180076516247 -0.4861166811660251
0 405 0 1
405
0.04379907605045558 -0.1469349713596187 -0.4852403349102076
0 406 0 1
406
0.04445479212861624 -0.1466077603501238 -0.4843332639479843
0 407 0 1
407
0.0451186506838297 -0.1462389653839358 -0.4834501885565745
0 408 0 1
408
0.04579481514533759 -0.1457781921849738 -0.4824975629644294
0 409 0 1
409
0.04647425357722571 -0.145290591654544 -0.4815626146924868
0 410 0 1
410
0.04712557159952947 -0.1447686200656679 -0.4806839971073781
0 411 0 1
411
0.04777728662474219 -0.14423205132532 -0.4798170167970228
0 412 0 1
412
0.04844520353205355 -0.1436611972338536 -0.4790006559875022
0 413 0 1
413
0.04911255297085679 -0.1430779788701663 -0.4781959865720649
0 414 0 1
414
0.04975839587718925 -0.1424123604871833 -0.4774038655552841
0 415 0 1
415
0.05040391017532053 -0.1417303515696146 -0.4766311520870403
0 416 0 1
416
0.05096306378571906 -0.1410368702034586 -0.4759669669106485
0 417 0 1
417
0.05152093850896147 -0.1403212047702606 -0.4753288160175085
0 418 0 1
418
0.05208552763406971 -0.139558298233083 -0.4747569985435651
0 419 0 1
419
0.05264602742321228 -0.1387366801598474 -0.4742518713813397
0 420 0 1
420
0.05304666573886134 -0.1379897031380402 -0.4738661513000479
0 421 0 1
421
0.05344621643966835 -0.1372304733980305 -0.4735008275833074
0 422 0 1
422
0.05398229773337265 -0.1364400414944688 -0.4731929408561251
0 423 0 1
423
0.05451398448556988 -0.1356242573577235 -0.4729519763320159
0 424 0 1
424
0.05502185920978139 -0.1347122493318857 -0.4727067884816256
0 425 0 1
425
0.0555227079088796 -0.1337796213493526 -0.4725139631742655
0 426 0 1
426
0.05598645691462391 -0.1327869815965181 -0.4723417229976322
0 427 0 1
427
0.05647066559551617 -0.131836210034525 -0.4722167723200438
0 428 0 1
428
0.05690888245341676 -0.1308998529902952 -0.4720939186058125
0 429 0 1
429
0.05734126334766815 -0.1300085936445176 -0.4720162440463084
0 430 0 1
430
0.0577503933551221 -0.1291738661146573 -0.4719453730126362
0 431 0 1
431
0.05810011952478357 -0.1283303359186542 -0.4718775852435471
0 432 0 1
432
0.05850577065911963 -0.1274162860313341 -0.4718129623599191
0 433 0 1
433
0.05886945937320163 -0.1264740114448051 -0.471757687949506
0 434 0 1
434
0.05927638369584068 -0.1255089783359392 -0.4717067764585366
0 435 0 1
435
0.05966803670236716 -0.1245150073278345 -0.4716722078106419
0 436 0 1
436
0.06008078314919343 -0.1235227413097575 -0.4716470798011386
0 437 0 1
437
0.06047901549813363 -0.1224745708158525 -0.4716377024804875
0 438 0 1
438
0.06088527913124095 -0.1214298556143503 -0.4716513545186853
0 439 0 1
439
0.0612496185500162 -0.1203371070996916 -0.4716922375398249
0 440 0 1
440
0.06164879542804232 -0.1191914380437412 -0.4717568208555345
0 441 0 1
441
0.06198693835000188 -0.1180398800394662 -0.4718740236502137
0 442 0 1
442
0.06235219353517451 -0.1168862424736763 -0.472005565563581
0 443 0 1
443
0.06265263960254749 -0.1157401511166856 -0.4721953175153903
0 444 0 1
444
0.06297842127551373 -0.1146243121630672 -0.4723957277716355
0 445 0 1
445
0.06323497066391247 -0.113502118513551 -0.4726459655576523
0 446 0 1
446
0.06350239745694272 -0.1124284488785276 -0.4729044381637258
0 447 0 1
447
0.06371764271453352 -0.1113423743180757 -0.4732055570577468
0 448 0 1
448
0.06393634500382177 -0.110296147206729 -0.4735155487980999
0 449 0 1
449
0.06411658516848223 -0.1092361322409874 -0.4738607565517398
0 450 0 1
450
0.06429304918188541 -0.1082061177415444 -0.4742186591400471
0 451 0 1
451
0.06444018750459217 -0.1071730954021302 -0.4746148449083809
0 452 0 1
452
0.06456140836435018 -0.1061922632370427 -0.4750280449058441
0 453 0 1
453
0.06469126029782898 -0.1052138526920764 -0.47545235942227
0 454 0 1
454
0.06475298381942349 -0.1042582057824831 -0.4758918472363561
0 455 0 1
455
0.06484990344165917 -0.1033515238607841 -0.4763416405528644
0 456 0 1
456
0.06488149492031471 -0.1024990319757666 -0.4768275178702595
0 457 0 1
457
0.06491593242123596 -0.1016409835689446 -0.4773468641340853
0 458 0 1
458
0.06488762041116004 -0.1007803960445037 -0.4778923394597271
0 459 0 1
459
0.0648774238279286 -0.09998951812133296 -0.4784491254343521
0 460 0 1
460
0.06479181129574274 -0.09917855713500268 -0.4790622331742191
0 461 0 1
461
0.06471725043990101 -0.09836046492308631 -0.479750732407964
0 462 0 1
462
0.06459173701170581 -0.09761620858627731 -0.4804670805720704
0 463 0 1
463
0.06444968773557597 -0.09691722921516993 -0.4811906089903186
0 464 0 1
464
0.06421466691005091 -0.09620727543741671 -0.4820130801645864
0 465 0 1
465
0.06397410426460565 -0.09557314334154093 -0.4828436792811244
0 466 0 1
466
0.06369884094749577 -0.09498045051956026 -0.4837853425705491
0 467 0 1
467
0.06337947957681009 -0.09442635022165487 -0.4847323826065749
0 468 0 1
468
0.06299610888967724 -0.09389903166105602 -0.4857169237946228
0 469 0 1
469
0.06261635376350386 -0.09346634254365978 -0.4867037048797371
0 470 0 1
470
0.06223119967996957 -0.09306927620279731 -0.4877648213208761
0 471 0 1
471
0.06176384185629047 -0.09274279510963529 -0.4887971472447953
0 472 0 1
472
0.06131557328411846 -0.0924458932181855 -0.4898400901911775
0 473 0 1
473
0.0608392406113232 -0.09224941133571839 -0.4908906129204116
0 474 0 1
474
0.06037227347276837 -0.09207785219344949 -0.4919642173025406
0 475 0 1
475
0.05985961201611031 -0.09195984891818526 -0.493004717962408
0 476 0 1
476
0.05939503838828054 -0.0918726946364946 -0.4939785297172065
0 477 0 1
477
0.05891571274139616 -0.09181261316375047 -0.4949691326925358
0 478 0 1
478
0.05844059276802893 -0.09176726318854433 -0.495963925187818
0 479 0 1
479
0.0579852829150598 -0.09172427573431238 -0.4969368030201615
0 480 0 1
480
0.05750609824661784 -0.09167899347326655 -0.4979141393679994
0 481 0 1
481
0.05699916315165723 -0.0916313853645105 -0.498934425083268
0 482 0 1
482
0.05649637215304477 -0.09157294013657238 -0.499985446926093
0 483 0 1
483
0.0560172479086449 -0.09150664702776613 -0.5010325750439247
0 484 0 1
484
0.05552106559296884 -0.09142813696455254 -0.5020555812785746
0 485 0 1
485
0.05502195776069563 -0.09134490813742943 -0.5030937617654233
0 486 0 1
486
0.05454250384902047 -0.09125889608802504 -0.5041160812248368
0 487 0 1
487
0.05405578908720483 -0.09117754057007993 -0.5051361388162228
0 488 0 1
488
0.0535516008003848 -0.09111563256277418 -0.5061711202918289
0 489 0 1
489
0.05303311673933744 -0.09105525527252969 -0.5072154583916062
0 490 0 1
490
0.05248853865026439 -0.09105802596403144 -0.5082806401478295
0 491 0 1
491
0.05192957426389595 -0.09108919511890728 -0.5093419009479394
0 492 0 1
492
0.05137179696966573 -0.09116276268576325 -0.5103671009229678
0 493 0 1
493
0.05081147793992895 -0.09127731652860555 -0.5113666667379999
0 494 0 1
494
0.05024725973609197 -0.09146176691263888 -0.5123308992400034
0 495 0 1
495
0.04968045454386794 -0.09165527867999579 -0.5132696392441772
0 496 0 1
496
0.04912980591568797 -0.09192343274520612 -0.5141476022144277
0 497 0 1
497
0.04858463774135942 -0.09220446927693968 -0.5149927358594498
0 498 0 1
498
0.0480473629996124 -0.0925166016979982 -0.5157985383369064
0 499 0 1
499
0.04751268476186006 -0.09283286651855639 -0.5165869069978452
0 500 0 1
500
0.0469821204787944 -0.09319999738650511 -0.5173365244362034
0 501 0 1
501
0.04644578837414728 -0.09357391837732894 -0.5180830920049578
0 502 0 1
502
0.04589595096760746 -0.09397837971320371 -0.518831788962314
0 503 0 1
503
0.04532969895240946 -0.09440370023002061 -0.519591509693678
0 504 0 1
504
0.04473398847500391 -0.09484189478657916 -0.5203866981399697
0 505 0 1
505
0.04412340037055835 -0.09532381726228102 -0.521181553021096
0 506 0 1
506
0.04349658647100664 -0.0958190373716918 -0.5219900069270712
0 507 0 1
507
0.04286542830249274 -0.09631921382592609 -0.5227984817676309
0 508 0 1
508
0.04223796924479414 -0.09683320383122852 -0.523588140499026
0 509 0 1
509
0.04161254216348242 -0.09734438371460603 -0.5243709221604286
0 510 0 1
510
0.04099169754869839 -0.0978531653486845 -0.525140597442835
0 511 0 1
511
0.04036044252823488 -0.09841578333447246 -0.52589384923301
0 512 0 1
512
0.03970103252151369 -0.09901540999855753 -0.5266648927897949
0 513 0 1
513
0.03903306888100336 -0.09966405622578796 -0.5274192320659541
0 514 0 1
514
0.03835797598082204 -0.1003616913837696 -0.5281457469597766
0 515 0 1
515
0.03768732445511747 -0.1010756499685156 -0.5288391511577402
0 516 0 1
516
0.03703958191668616 -0.1018051303332233 -0.5294838336594546
0 517 0 1
517
0.03641067016797355 -0.1025935351955199 -0.5300175734238162
0 518 0 1
518
0.03581092164895353 -0.1033639087957998 -0.5305183083023213
0 519 0 1
519
0.03524423052076236 -0.1041365427585858 -0.5309573128357482
0 520 0 1
520
0.03471983443958704 -0.1048940598648021 -0.5313096322652333
0 521 0 1
521
0.0342099180477556 -0.1056517033632302 -0.5316319927729497
0 522 0 1
522
0.03371133810547501 -0.1064335077635248 -0.5318995198826212
0 523 0 1
523
0.03322717824562468 -0.1072278807081206 -0.5321274125902749
0 524 0 1
524
0.03274973043217075 -0.1080263736425964 -0.5323192210362847
0 525 0 1
525
0.03228732657861188 -0.108808494869158 -0.5324720848404914
0 526 0 1
526
0.03184790641960349 -0.1095496777792316 -0.5326035119001132
0 527 0 1
527
0.03143844841442583 -0.1102297841770495 -0.532697071422235
0 528 0 1
528
0.0310776070084353 -0.1108068408385997 -0.5327472278299701
0 529 0 1
529
0.03072739660031246 -0.1113013383677423 -0.5327847750815367
0 530 0 1
530
0.03041774422856986 -0.1116214343413454 -0.5327732672323706
0 531 0 1
531
0.03041774422856986 -0.1116214343413454 -0.5327732672323706
0 532 0 1
532
0.03072739660031246 -0.1113013383677423 -0.5327847750815367
0 533 0 1
533
0.0310776070084353 -0.1108068408385997 -0.5327472278299701
0 534 0 1
534
0.03143844841442583 -0.1102297841770495 -0.532697071422235
0 535 0 1
535
0.03184790641960349 -0.1095496777792316 -0.5326035119001132
0 536 0 1
536
0.03228732657861188 -0.108808494869158 -0.5324720848404914
0 537 0 1
537
0.03274973043217075 -0.1080263736425964 -0.5323192210362847
0 538 0 1
538
0.03322717824562468 -0.1072278807081206 -0.5321274125902749
0 539 0 1
539
0.03371133810547501 -0.1064335077635248 -0.5318995198826212
0 540 0 1
540
0.0342099180477556 -0.1056517033632302 -0.5316319927729497
0 541 0 1
541
0.03471983443958704 -0.1048940598648021 -0.5313096322652333
0 542 0 1
542
0.03524423052076236 -0.1041365427585858 -0.5309573128357482
0 543 0 1
543
0.03581092164895353 -0.1033639087957998 -0.5305183083023213
0 544 0 1
544
0.03641067016797355 -0.1025935351955199 -0.5300175734238162
0 545 0 1
545
0.03703958191668616 -0.1018051303332233 -0.5294838336594546
0 546 0 1
546
0.03768732445511747 -0.1010756499685156 -0.5288391511577402
0 547 0 1
547
0.03835797598082204 -0.1003616913837696 -0.5281457469597766
0 548 0 1
548
0.03903306888100336 -0.09966405622578796 -0.5274192320659541
0 549 0 1
549
0.03970103252151369 -0.09901540999855753 -0.5266648927897949
0 550 0 1
550
0.04036044252823488 -0.09841578333447246 -0.52589384923301
0 551 0 1
551
0.04099169754869839 -0.0978531653486845 -0.525140597442835
0 552 0 1
552
0.04161254216348242 -0.09734438371460603 -0.5243709221604286
0 553 0 1
553
0.04223796924479414 -0.09683320383122852 -0.523588140499026
0 554 0 1
554
0.04286542830249274 -0.09631921382592609 -0.5227984817676309
0 555 0 1
555
0.04349658647100664 -0.0958190373716918 -0.5219900069270712
0 556 0 1
556
0.04412340037055835 -0.09532381726228102 -0.521181553021096
0 557 0 1
557
0.04473398847500391 -0.09484189478657916 -0.5203866981399697
0 558 0 1
558
0.04532969895240946 -0.09440370023002061 -0.519591509693678
0 559 0 1
559
0.04589595096760746 -0.09397837971320371 -0.518831788962314
0 560 0 1
560
0.04644578837414728 -0.09357391837732894 -0.5180830920049578
0 561 0 1
561
0.0469821204787944 -0.09319999738650511 -0.5173365244362034
0 562 0 1
562
0.04751268476186006 -0.09283286651855639 -0.5165869069978452
0 563 0 1
563
0.0480473629996124 -0.0925166016979982 -0.5157985383369064
0 564 0 1
564
0.04858463774135942 -0.09220446927693968 -0.5149927358594498
0 565 0 1
565
0.04912980591568797 -0.09192343274520612 -0.5141476022144277
0 566 0 1
566
0.04968045454386794 -0.09165527867999579 -0.5132696392441772
0 567 0 1
567
0.05024725973609197 -0.09146176691263888 -0.5123308992400034
0 568 0 1
568
0.05081147793992895 -0.09127731652860555 -0.5113666667379999
0 569 0 1
569
0.05137179696966573 -0.09116276268576325 -0.5103671009229678
0 570 0 1
570
0.05192957426389595 -0.09108919511890728 -0.5093419009479394
0 571 0 1
571
0.05248853865026439 -0.09105802596403144 -0.5082806401478295
0 572 0 1
572
0.05303311673933744 -0.09105525527252969 -0.5072154583916062
0 573 0 1
573
0.0535516008003848 -0.09111563256277418 -0.5061711202918289
0 574 0 1
574
0.05405578908720483 -0.09117754057007993 -0.5051361388162228
0 575 0 1
575
0.05454250384902047 -0.09125889608802504 -0.5041160812248368
0 576 0 1
576
0.05502195776069563 -0.09134490813742943 -0.5030937617654233
0 577 0 1
577
0.05552106559296884 -0.09142813696455254 -0.5020555812785746
0 578 0 1
578
0.0560172479086449 -0.09150664702776613 -0.5010325750439247
0 579 0 1
579
0.05649637215304477 -0.09157294013657238 -0.499985446926093
0 580 0 1
580
0.05699916315165723 -0.0916313853645105 -0.498934425083268
0 581 0 1
581
0.05750609824661784 -0.09167899347326655 -0.4979141393679994
0 582 0 1
582
0.0579852829150598 -0.09172427573431238 -0.4969368030201615
0 583 0 1
583
0.05844059276802893 -0.09176726318854433 -0.495963925187818
0 584 0 1
584
0.05891571274139616 -0.09181261316375047 -0.4949691326925358
0 585 0 1
585
0.05939503838828054 -0.0918726946364946 -0.4939785297172065
0 586 0 1
586
0.05985961201611031 -0.09195984891818526 -0.493004717962408
0 587 0 1
587
0.06037227347276837 -0.09207785219344949 -0.4919642173025406
0 588 0 1
588
0.0608392406113232 -0.09224941133571839 -0.4908906129204116
0 589 0 1
589
0.06131557328411846 -0.0924458932181855 -0.4898400901911775
0 590 0 1
590
0.06176384185629047 -0.09274279510963529 -0.4887971472447953
0 591 0 1
591
0.06223119967996957 -0.09306927620279731 -0.4877648213208761
0 592 0 1
592
0.06261635376350386 -0.09346634254365978 -0.4867037048797371
0 593 0 1
593
0.06299610888967724 -0.09389903166105602 -0.4857169237946228
0 594 0 1
594
0.06337947957681009 -0.09442635022165487 -0.4847323826065749
0 595 0 1
595
0.06369884094749577 -0.09498045051956026 -0.4837853425705491
0 596 0 1
596
0.06397410426460565 -0.09557314334154093 -0.4828436792811244
0 597 0 1
597
0.06421466691005091 -0.09620727543741671 -0.4820130801645864
0 598 0 1
598
0.06444968773557597 -0.09691722921516993 -0.4811906089903186
0 599 0 1
599
0.06459173701170581 -0.09761620858627731 -0.4804670805720704
0 600 0 1
600
0.06471725043990101 -0.09836046492308631 -0.479750732407964
0 601 0 1
601
0.06479181129574274 -0.09917855713500268 -0.4790622331742191
0 602 0 1
602
0.0648774238279286 -0.09998951812133296 -0.4784491254343521
0 603 0 1
603
0.06488762041116004 -0.1007803960445037 -0.4778923394597271
0 604 0 1
604
0.06491593242123596 -0.1016409835689446 -0.4773468641340853
0 605 0 1
605
0.06488149492031471 -0.1024990319757666 -0.4768275178702595
0 606 0 1
606
0.06484990344165917 -0.1033515238607841 -0.4763416405528644
0 607 0 1
607
0.06475298381942349 -0.1042582057824831 -0.4758918472363561
0 608 0 1
608
0.06469126029782898 -0.1052138526920764 -0.47545235942227
0 609 0 1
609
0.06456140836435018 -0.1061922632370427 -0.4750280449058441
0 610 0 1
610
0.06444018750459217 -0.1071730954021302 -0.4746148449083809
0 611 0 1
611
0.06429304918188541 -0.1082061177415444 -0.4742186591400471
0 612 0 1
612
0.06411658516848223 -0.1092361322409874 -0.4738607565517398
0 613 0 1
613
0.06393634500382177 -0.110296147206729 -0.4735155487980999
0 614 0 1
614
0.06371764271453352 -0.1113423743180757 -0.4732055570577468
0 615 0 1
615
0.06350239745694272 -0.1124284488785276 -0.4729044381637258
0 616 0 1
616
0.06323497066391247 -0.113502118513551 -0.4726459655576523
0 617 0 1
617
0.06297842127551373 -0.1146243121630672 -0.4723957277716355
0 618 0 1
618
0.06265263960254749 -0.1157401511166856 -0.4721953175153903
0 619 0 1
619
0.06235219353517451 -0.1168862424736763 -0.472005565563581
0 620 0 1
620
0.06198693835000188 -0.1180398800394662 -0.4718740236502137
0 621 0 1
621
0.06164879542804232 -0.1191914380437412 -0.4717568208555345
0 622 0 1
622
0.0612496185500162 -0.1203371070996916 -0.4716922375398249
0 623 0 1
623
0.06088527913124095 -0.1214298556143503 -0.4716513545186853
0 624 0 1
624
0.06047901549813363 -0.1224745708158525 -0.4716377024804875
0 625 0 1
625
0.06008078314919343 -0.1235227413097575 -0.4716470798011386
0 626 0 1
626
0.05966803670236716 -0.1245150073278345 -0.4716722078106419
0 627 0 1
627
0.05927638369584068 -0.1255089783359392 -0.4717067764585366
0 628 0 1
628
0.05886945937320163 -0.1264740114448051 -0.471757687949506
0 629 0 1
629
0.05850577065911963 -0.1274162860313341 -0.4718129623599191
0 630 0 1
630
0.05810011952478357 -0.1283303359186542 -0.4718775852435471
0 631 0 1
631
0.0577503933551221 -0.1291738661146573 -0.4719453730126362
0 632 0 1
632
0.05734126334766815 -0.1300085936445176 -0.4720162440463084
0 633 0 1
633
0.05690888245341676 -0.1308998529902952 -0.4720939186058125
0 634 0 1
634
0.05647066559551617 -0.131836210034525 -0.4722167723200438
0 635 0 1
635
0.05598645691462391 -0.1327869815965181 -0.4723417229976322
0 636 0 1
636
0.0555227079088796 -0.1337796213493526 -0.4725139631742655
0 637 0 1
637
0.05502185920978139 -0.1347122493318857 -0.4727067884816256
0 638 0 1
638
0.05451398448556988 -0.1356242573577235 -0.4729519763320159
0 639 0 1
639
0.05398229773337265 -0.1364400414944688 -0.4731929408561251
0 640 0 1
640
0.05344621643966835 -0.1372304733980305 -0.4735008275833074
0 641 0 1
641
0.05304666573886134 -0.1379897031380402 -0.4738661513000479
0 642 0 1
642
0.05264602742321228 -0.1387366801598474 -0.4742518713813397
0 643 0 1
643
0.05208552763406971 -0.139558298233083 -0.4747569985435651
0 644 0 1
644
0.05152093850896147 -0.1403212047702606 -0.4753288160175085
0 645 0 1
645
0.05096306378571906 -0.1410368702034586 -0.4759669669106485
0 646 0 1
646
0.05040391017532053 -0.1417303515696146 -0.4766311520870403
0 647 0 1
647
0.04975839587718925 -0.1424123604871833 -0.4774038655552841
0 648 0 1
648
0.04911255297085679 -0.1430779788701663 -0.4781959865720649
0 649 0 1
649
0.04844520353205355 -0.1436611972338536 -0.4790006559875022
0 650 0 1
650
0.04777728662474219 -0.14423205132532 -0.4798170167970228
0 651 0 1
651
0.04712557159952947 -0.1447686200656679 -0.4806839971073781
0 652 0 1
652
0.04647425357722571 -0.145290591654544 -0.4815626146924868
0 653 0 1
653
0.04579481514533759 -0.1457781921849738 -0.4824975629644294
0 654 0 1
654
0.0451186506838297 -0.1462389653839358 -0.4834501885565745
0 655 0 1
655
0.04445479212861624 -0.1466077603501238 -0.4843332639479843
0 656 0 1
656
0.04379907605045558 -0.1469349713596187 -0.4852403349102076
0 657 0 1
657
0.04320845233493559 -0.1472180076516247 -0.4861166811660251
0 658 0 1
658
0.04262646594575641 -0.1474660780416622 -0.487011371665939
0 659 0 1
659
0.0419921657701272 -0.1477236934919344 -0.4880476257366244
0 660 0 1
660
0.04136682997636166 -0.1479477089393111 -0.4890988092009767
0 661 0 1
661
0.04073905025904093 -0.1480977038209979 -0.490040433344029
0 662 0 1
662
0.04011575381183272 -0.1482366698674445 -0.4909871241589812
0 663 0 1
663
0.03951298933405363 -0.1483725651340174 -0.4919304977135134
0 664 0 1
664
0.03891478777284275 -0.1485051612793458 -0.4928780697612977
0 665 0 1
665
0.0384247664355102 -0.1486518748017059 -0.4937679329903532
0 666 0 1
666
0.03793307336381736 -0.148801981847933 -0.4946562095850532
0 667 0 1
667
0.03735474994921893 -0.1489724739250078 -0.4956360827113734
0 668 0 1
668
0.03677065174021232 -0.1491581558982593 -0.4966093933258218
0 669 0 1
669
0.03625363362882912 -0.1492089446872863 -0.4976532663426415
0 670 0 1
670
0.03575135415348619 -0.149187410185838 -0.498684199120481
0 671 0 1
671
0.03518617848295601 -0.1491136677014032 -0.4997584281574395
0 672 0 1
672
0.03465754473431137 -0.1488866555973978 -0.500828880090986
0 673 0 1
673
0.03421744305109486 -0.1485439123861294 -0.5018789469172753
0 674 0 1
674
0.0337906579029196 -0.148157131808104 -0.5029190180131127
0 675 0 1
675
0.03338499549156972 -0.1477059590467794 -0.5038737953875505
0 676 0 1
676
0.03298525887068179 -0.1472414184449737 -0.5048241572253277
0 677 0 1
677
0.03269859701316197 -0.1468206929689084 -0.5057806153409121
0 678 0 1
678
0.03237880263753105 -0.146416394052159 -0.5066909049671687
0 679 0 1
679
0.03212027674918136 -0.1460404645167629 -0.5076340007423116
0 680 0 1
680
0.03184633925636266 -0.1456885163966499 -0.5085468261563096
0 681 0 1
681
0.03156605242422854 -0.1453412518007506 -0.5094349548145077
0 682 0 1
682
0.0312839218998384 -0.1449934572698944 -0.5103018259097584
0 683 0 1
683
0.03099905513706722 -0.1446550643919458 -0.5111471074678031
0 684 0 1
684
0.03072078447850987 -0.1442954100234786 -0.5119807920137532
0 685 0 1
685
0.03044251675228591 -0.1439211117372415 -0.5128138142990493
0 686 0 1
686
0.03015222458855584 -0.1435207000812977 -0.5136785003560721
0 687 0 1
687
0.02985353991065133 -0.1430580409219747 -0.5145981970521203
0 688 0 1
688
0.02954296805862401 -0.1425574692414796 -0.5155583086983466
0 689 0 1
689
0.0292410122774534 -0.1419787719339241 -0.5165555188013035
0 690 0 1
690
0.02893624535381314 -0.1413846790579286 -0.5175584726160085
0 691 0 1
691
0.02867121527521808 -0.1407344312460208 -0.5185272190891533
0 692 0 1
692
0.02841515538598978 -0.1400762110900351 -0.5194787887161408
0 693 0 1
693
0.02819105400664271 -0.1393860911113371 -0.5203844481610607
0 694 0 1
694
0.02797497689381083 -0.1386966474618108 -0.5212712252129015
0 695 0 1
695
0.02778516086446246 -0.1379871895962418 -0.5221166127339621
0 696 0 1
696
0.02760311717205421 -0.1372796844544141 -0.5229442279474829
0 697 0 1
697
0.02744052320121223 -0.1365613307929762 -0.5237392851408867
0 698 0 1
698
0.02728974932197593 -0.1358334318195053 -0.524517866146289
0 699 0 1
699
0.02715474374643448 -0.1350875374591651 -0.5252750575384768
0 700 0 1
700
0.02702148034091428 -0.134348292685244 -0.526026924997454
0 701 0 1
701
0.02692073009387097 -0.1335743452545746 -0.5267350113610977
0 702 0 1
702
0.02682730686134344 -0.1327967377606616 -0.5274346006445437
0 703 0 1
703
0.02675925012907837 -0.1319888651710484 -0.5281037085803828
0 704 0 1
704
0.02671232103676331 -0.1311574840357106 -0.5287451428706612
0 705 0 1
705
0.02668514432413505 -0.1303075015443302 -0.5293640118811599
0 706 0 1
706
0.02668942779886255 -0.1294233126267646 -0.5299369423403603
0 707 0 1
707
0.0267191328996901 -0.1285171122729436 -0.5304801735606589
0 708 0 1
708
0.02678490132572767 -0.1275743034862132 -0.5309629116019924
0 709 0 1
709
0.02687197646060448 -0.1266139548850616 -0.5314216572871642
0 710 0 1
710
0.02700732295925138 -0.1256103737177829 -0.5318000785137011
0 711 0 1
711
0.0271698540416062 -0.12458948235564 -0.5321345311420317
0 712 0 1
712
0.02736353996034828 -0.1235531484876149 -0.5324126730884575
0 713 0 1
713
0.02758747737691102 -0.1225103064922846 -0.5326190109080519
0 714 0 1
714
0.02782484181644911 -0.1214740543107674 -0.5328068287703601
0 715 0 1
715
0.0280816556221973 -0.1204457113684974 -0.5329214536998186
0 716 0 1
716
0.0283447781404366 -0.1194258588017571 -0.5330342257035504
0 717 0 1
717
0.0286234529294422 -0.1184149312317828 -0.5330839181119664
0 718 0 1
718
0.02890203610359889 -0.1174322796942354 -0.533112585044021
0 719 0 1
719
0.02917389203077791 -0.116485478147994 -0.533131945167449
0 720 0 1
720
0.02945217363999042 -0.1155386726878786 -0.5331270240743506
0 721 0 1
721
0.02973541080392032 -0.1145902731779421 -0.5330856973287682
0 722 0 1
722
0.03000174443680804 -0.1136684374768905 -0.5330272657752027
0 723 0 1
723
0.03023176737552699 -0.1128004672531342 -0.5329655701738947
0 724 0 1
724
0.03039684933089829 -0.1120701108763834 -0.5328586249282111
0 725 0 1
725
0.03041774422856986 -0.1116214343413454 -0.5327732672323706
0 726 0 1
726
0.06132321067678025 -0.149012891522609 -0.4875576824415393
0 727 0 1
727
0.06135717494911082 -0.1492543305516622 -0.4879159813552186
0 728 0 1
728
0.06141545223994933 -0.1495877761347527 -0.4884265237485805
0 729 0 1
729
0.06146144478566679 -0.149979659657561 -0.4890558987415051
0 730 0 1
730
0.06153089986826896 -0.1504247933959519 -0.4897815162219459
0 731 0 1
731
0.06160432490490569 -0.1509057070420086 -0.4905821469498016
0 732 0 1
732
0.06165100844310423 -0.1514113712066677 -0.4914641088109387
0 733 0 1
733
0.06171163870883478 -0.1519376555735832 -0.4924037744964888
0 734 0 1
734
0.06177446022738062 -0.1524731933533008 -0.4934152856890852
0 735 0 1
735
0.06182281324468225 -0.1530226523430495 -0.4944842992648517
0 736 0 1
736
0.06187324075021711 -0.1535921002340261 -0.4956238220948704
0 737 0 1
737
0.06192253805079292 -0.1541912679737875 -0.4968616199503267
0 738 0 1
738
0.06195352096554219 -0.1547709550599433 -0.498126034748835
0 739 0 1
739
0.06197102804799392 -0.1553732000286878 -0.4994814654048742
0 740 0 1
740
0.06199092342459285 -0.1560406837475131 -0.500937118609134
0 741 0 1
741
0.0619693387764531 -0.1566871207930677 -0.502409907650989
0 742 0 1
742
0.06191150658188886 -0.1574319965736314 -0.5039941168808688
0 743 0 1
743
0.06178723557082381 -0.1581929457098479 -0.5056428021619025
0 744 0 1
744
0.06164634816572269 -0.1589913603694876 -0.5074010341794549
0 745 0 1
745
0.06139851296991981 -0.1596441766496128 -0.5090035627066067
0 746 0 1
746
0.06108140082023979 -0.160288393201771 -0.510681670521378
0 747 0 1
747
0.06071070110166629 -0.1607200406419986 -0.5121885961496198
0 748 0 1
748
0.06026491529167385 -0.1611111812669884 -0.51368550773929
0 749 0 1
749
0.05974397351007084 -0.1614497574367617 -0.5152410467097525
0 750 0 1
750
0.05912726465179 -0.1616994287579921 -0.5168559989166147
0 751 0 1
751
0.05841743758640906 -0.1618274389670519 -0.5185920454394372
0 752 0 1
752
0.05789016724064371 -0.1619262334867248 -0.5203331266862118
0 753 0 1
753
0.05729495027246973 -0.1618932629783122 -0.5221210979672999
0 754 0 1
754
0.0569600646434412 -0.1617898140354274 -0.5239430839890681
0 755 0 1
755
0.05665890607927096 -0.1613703127856526 -0.525805825225949
0 756 0 1
756
0.05638948249924754 -0.1606545106622115 -0.5276271644392069
0 757 0 1
757
0.05617467787355152 -0.1596531867222413 -0.5293354208319946
0 758 0 1
758
0.05600246651379118 -0.1584181376673539 -0.530899385678421
0 759 0 1
759
0.05584562937160212 -0.1570303911165719 -0.5323170405975544
0 760 0 1
760
0.05569268436108346 -0.1555344408401874 -0.5335925347068412
0 761 0 1
761
0.05553117231917477 -0.1539650433470119 -0.5347486865522197
0 762 0 1
762
0.05534625815351957 -0.1523394560960364 -0.5357956996289146
0 763 0 1
763
0.05512518084054949 -0.1506840797335973 -0.5367644540240395
0 764 0 1
764
0.05487082399475001 -0.149007431563037 -0.5376674528277386
0 765 0 1
765
0.0546014650683558 -0.1472963142152643 -0.5384666894498004
0 766 0 1
766
0.0543117960765718 -0.1455628164545788 -0.5391822779458058
0 767 0 1
767
0.05398843978106337 -0.1438261517580146 -0.5398413927712717
0 768 0 1
768
0.05363763810676574 -0.1420810623179956 -0.5404353425634763
0 769 0 1
769
0.05326905144427404 -0.1403202613990817 -0.5409508056930691
0 770 0 1
770
0.05288877286506269 -0.138543766726719 -0.5413702763878088
0 771 0 1
771
0.05250579690056091 -0.1367558022221967 -0.5416670091593409
0 772 0 1
772
0.05215827329129728 -0.1349481282313118 -0.5417746103852169
0 773 0 1
773
0.05187931534194894 -0.1331540175624614 -0.5416385406578454
0 774 0 1
774
0.05163466374588496 -0.1314126842449111 -0.5413232271382029
0 775 0 1
775
0.05144001096516731 -0.1297693133696644 -0.5407907652740708
0 776 0 1
776
0.05126330116417561 -0.1282105443054149 -0.5401360818828431
0 777 0 1
777
0.05107061352485141 -0.1267170644586977 -0.5394387190834251
0 778 0 1
778
0.05085443036784315 -0.1252775592923146 -0.5387214898333609
0 779 0 1
779
0.05060906690599693 -0.1238812259776289 -0.5380029628197478
0 780 0 1
780
0.05031934700418445 -0.1225076148141793 -0.5373246180142293
0 781 0 1
781
0.04999729938735562 -0.1211646380517081 -0.5366638158218614
0 782 0 1
782
0.04962166886668763 -0.1198258896471833 -0.536093750883156
0 783 0 1
783
0.04920894627431928 -0.1185044886679028 -0.5355755757160805
0 784 0 1
784
0.04875410651115267 -0.1171940483647794 -0.5351385173386859
0 785 0 1
785
0.04827217913714389 -0.1159067819089385 -0.534742640920168
0 786 0 1
786
0.04775862531597814 -0.1146364221694373 -0.5344128553370373
0 787 0 1
787
0.04722667419004006 -0.1133960395867775 -0.5340865890589702
0 788 0 1
788
0.04667321645387989 -0.1121782382642142 -0.5337939454670734
0 789 0 1
789
0.04610261776073538 -0.1109928624554467 -0.5334800208254648
0 790 0 1
790
0.04551147486474974 -0.1098288907717913 -0.5331858715602902
0 791 0 1
791
0.0449019357972327 -0.1087006706908178 -0.5328446283543348
0 792 0 1
792
0.04427087539882418 -0.1075973713564053 -0.5325045380752447
0 793 0 1
793
0.04361775937645192 -0.1065417044154981 -0.5321051035742763
0 794 0 1
794
0.04294147948522894 -0.1055112456482666 -0.5316978421986936
0 795 0 1
795
0.04223906543534484 -0.1045403871864478 -0.531219193774522
0 796 0 1
796
0.04151192446096752 -0.1035911443840453 -0.5307280018214825
0 797 0 1
797
0.04075890238363222 -0.102696949452502 -0.5301721065291115
0 798 0 1
798
0.03998029209950836 -0.1018490824238886 -0.5295670520065402
0 799 0 1
799
0.03918221417303332 -0.1010346349162509 -0.5289347035367454
0 800 0 1
800
0.03835797598082204 -0.1003616913837696 -0.5281457469597766
0 801 0 1
801
0.03752877935151605 -0.09969806833170246 -0.5273425997574718
0 802 0 1
802
0.06132321067678025 -0.149012891522609 -0.4875576824415393
0 803 0 1
803
0.06171437326639795 -0.1488589573365138 -0.4873759951335879
0 804 0 1
804
0.06227695803873751 -0.1486374209227175 -0.4871185847624442
0 805 0 1
805
0.06291841195785255 -0.1483677159046782 -0.4868300976556855
0 806 0 1
806
0.06365116270171201 -0.1480151216122884 -0.486492921788365
0 807 0 1
807
0.06444188638679602 -0.1476416931719125 -0.4861384441479569
0 808 0 1
808
0.06525229023433571 -0.1471867895606458 -0.4857712689253093
0 809 0 1
809
0.06611000752695276 -0.1467133512012159 -0.4854031538819534
0 810 0 1
810
0.06699032028680184 -0.1461594551875456 -0.4850227918975924
0 811 0 1
811
0.06787870408720924 -0.1455782301561822 -0.4846396168080941
0 812 0 1
812
0.06877736672414178 -0.1449403690609752 -0.4842410244164342
0 813 0 1
813
0.06970382422444818 -0.1442522593563718 -0.4838560077211201
0 814 0 1
814
0.07062425115725771 -0.1435385724683312 -0.4834773065641166
0 815 0 1
815
0.07154786851662348 -0.142771222446661 -0.4830959892472799
0 816 0 1
816
0.07248675671428734 -0.1419707627172258 -0.4827187775991373
0 817 0 1
817
0.07339228806556532 -0.1411176038596257 -0.4823531775359017
0 818 0 1
818
0.07433778184440426 -0.1402181763068786 -0.4820013355522356
0 819 0 1
819
0.07525623740243925 -0.1392785129168539 -0.481662802731696
0 820 0 1
820
0.07614605194176496 -0.1382901953401653 -0.4813493503096331
0 821 0 1
821
0.07707942138070249 -0.1372590508123595 -0.4810666475560724
0 822 0 1
822
0.07796846403039892 -0.136150748454215 -0.4808127194420934
0 823 0 1
823
0.07884383839141648 -0.1349944781932199 -0.4805818825923402
0 824 0 1
824
0.07968977981160719 -0.1337654382364682 -0.4803714823920617
0 825 0 1
825
0.08049504273974052 -0.1324892887180307 -0.4802099206182054
0 826 0 1
826
0.08128655872872056 -0.131154879343489 -0.4801001219973176
0 827 0 1
827
0.08200045096718749 -0.1297705019825067 -0.4800619909653461
0 828 0 1
828
0.08269086296364819 -0.1283071456048846 -0.4800814595999643
0 829 0 1
829
0.08329361623059557 -0.1268178012235807 -0.480155697243181
0 830 0 1
830
0.08380252823471825 -0.1252574953287662 -0.4803484807259442
0 831 0 1
831
0.08423663566714591 -0.1236946110436844 -0.4806170242527856
0 832 0 1
832
0.08459010779706039 -0.1221032249121128 -0.4809604508734726
0 833 0 1
833
0.08483968894807342 -0.1204870193188075 -0.4813926421977001
0 834 0 1
834
0.08496919124390581 -0.1189047344396831 -0.4818875714809624
0 835 0 1
835
0.08497064805670874 -0.1173200154003164 -0.4824798377926922
0 836 0 1
836
0.08486887961622762 -0.1157677007494092 -0.4831306277295915
0 837 0 1
837
0.08467295413469571 -0.1142775239547009 -0.4838558205851386
0 838 0 1
838
0.08434478602099806 -0.1128544753621115 -0.4846355015248546
0 839 0 1
839
0.08391420014880291 -0.1114540631225995 -0.4854208939542832
0 840 0 1
840
0.08345520094385245 -0.1101481990345247 -0.486200484203385
0 841 0 1
841
0.08292522602674028 -0.1088546979880274 -0.4869762288659091
0 842 0 1
842
0.0823546609258811 -0.1076174187509223 -0.4877539874076549
0 843 0 1
843
0.08172379368908753 -0.1064280519448035 -0.4884890856414426
0 844 0 1
844
0.08107431388280806 -0.1052653028467311 -0.4892199908201226
0 845 0 1
845
0.08039820257476596 -0.1041396339573436 -0.4899226857064449
0 846 0 1
846
0.07970964835857193 -0.1030633979751956 -0.4906039803366334
0 847 0 1
847
0.07901828655093962 -0.1019962629487691 -0.4912614583730819
0 848 0 1
848
0.07829184891914766 -0.1009261465935389 -0.4919200452666942
0 849 0 1
849
0.07754108719829289 -0.09990249510824398 -0.4925182848567178
0 850 0 1
850
0.07679443720726424 -0.0989000796715736 -0.4931152003325301
0 851 0 1
851
0.07599871671370498 -0.09792762252850484 -0.493679930568009
0 852 0 1
852
0.07520037450670235 -0.09701758040873837 -0.4942174577920465
0 853 0 1
853
0.07433471430449315 -0.09613335865583598 -0.4947385204828612
0 854 0 1
854
0.07346728442067181 -0.095357686740129 -0.4952209855801639
0 855 0 1
855
0.07252030019511894 -0.09462570536983272 -0.4956805001136136
0 856 0 1
856
0.07156372439724747 -0.09399173078767677 -0.496102313262653
0 857 0 1
857
0.07058370993072764 -0.09343068792259294 -0.4965077941112235
0 858 0 1
858
0.06956139730491553 -0.0929579317871379 -0.4968812809772953
0 859 0 1
859
0.06854588534631233 -0.09258639660875531 -0.4972101058144408
0 860 0 1
860
0.0675086883875754 -0.09228921248896521 -0.4974950661300255
0 861 0 1
861
0.06646505218876925 -0.09209257090494787 -0.4977107444247566
0 862 0 1
862
0.06543158915675926 -0.09193390410063609 -0.4979193396064729
0 863 0 1
863
0.06443540041508411 -0.09184349548551424 -0.4980826200618641
0 864 0 1
864
0.06339430924080772 -0.09177960668484905 -0.4981825265114436
0 865 0 1
865
0.06240537706919265 -0.09174851820881277 -0.4982157783683302
0 866 0 1
866
0.06141614457890721 -0.09172662948112456 -0.4982261573865874
0 867 0 1
867
0.06044000557195932 -0.09171137942301372 -0.4982297252614319
0 868 0 1
868
0.05947250374666888 -0.09170329387405832 -0.4981697101475786
0 869 0 1
869
0.05846746108210647 -0.09169327970230161 -0.498060950957018
0 870 0 1
870
0.05750609824661784 -0.09167899347326655 -0.4979141393679994
0 871 0 1
871
0.05652082021496104 -0.09166631064197155 -0.4977489651682661
0 872 0 1
872
0.06132321067678025 -0.149012891522609 -0.4875576824415393
0 873 0 1
873
0.06089978067946845 -0.1489152503276092 -0.4873751522308503
0 874 0 1
874
0.06030157157009155 -0.1487627473598134 -0.4871032074033537
0 875 0 1
875
0.059597890311453 -0.1485921882009591 -0.4867957005781825
0 876 0 1
876
0.05879854231910665 -0.1483999378695838 -0.4864563605897694
0 877 0 1
877
0.05798216708725594 -0.1481824180096175 -0.4860649134975684
0 878 0 1
878
0.05711249315863474 -0.1479710449951995 -0.4856733108956974
0 879 0 1
879
0.05623495406212578 -0.1477469640071359 -0.485267177141141
0 880 0 1
880
0.05533182121877063 -0.1474904278520054 -0.4848265454092661
0 881 0 1
881
0.05441993427142066 -0.1472567906943295 -0.484386731832686
0 882 0 1
882
0.05347401216744183 -0.1470096377934028 -0.4839432387806946
0 883 0 1
883
0.05252454252220928 -0.1467346592337359 -0.4834922091278111
0 884 0 1
884
0.05158253868658474 -0.1464564593317276 -0.4830450999036738
0 885 0 1
885
0.05048248507473106 -0.1460906768108237 -0.4824702219403327
0 886 0 1
886
0.04938470323007842 -0.1457007697833871 -0.4819055850396664
0 887 0 1
887
0.04815396583913002 -0.1452034207776766 -0.481234289540329
0 888 0 1
888
0.04712557159952947 -0.1447686200656679 -0.4806839971073781
0 889 0 1
889
0.04610273377496039 -0.1442986848200995 -0.4801596364788514
1 1 0 5
890
891
892
893
894
0.06343912454489517 -0.09171148563174131 -0.5023578833140183
0.05984759026900231 -0.09278677283050281 -0.513865785446679
0.05396817612633473 -0.09714851147724461 -0.5234944027038855
0.0465722326801959 -0.1036700777270416 -0.530531926201367
0.03810912105508169 -0.1118053852976409 -0.5333823907575187
1 2 0 1
895
0.06322749716818642 -0.09272220929084275 -0.4894514941056546
1 3 0 12
896
897
898
899
900
901
902
903
904
905
906
907
0.07139654446896827 -0.09957401350861771 -0.4826251686383047
0.07278978990021077 -0.1101968756948531 -0.4770880783810393
0.07082661936868499 -0.1217570579803761 -0.4741168602939343
0.06610371483490818 -0.1328820573589177 -0.4742989247870553
0.05952847082840079 -0.1421157216805958 -0.4783280901439996
0.05304190833578429 -0.1484947236773901 -0.486339551727829
0.04759114273819851 -0.1522204214700687 -0.4964859861092819
0.04318995647379935 -0.1511176728921223 -0.5076255953952108
0.03965005899591173 -0.1477556773130806 -0.5187150722787096
0.03765376093451508 -0.1402760577836552 -0.527892974654261
0.03655658278146898 -0.129650042929796 -0.5334851037461928
0.0362703821309422 -0.1175475074135863 -0.5338045510818186
1 4 0 7
908
909
910
911
912
913
914
0.1005333808847586 -0.1372854003055006 -0.5151196967068283
0.09826191987636709 -0.1304892507804872 -0.5244037436210506
0.09300566256370156 -0.1222236706067514 -0.5308140917730739
0.08433624604947267 -0.1144797242864715 -0.5317460298111149
0.07482058638395331 -0.1078497107775668 -0.5295427553583756
0.06542751979112472 -0.1014004188447407 -0.5264696974502003
0.05574140893863912 -0.09630841688031538 -0.5220750386983413
1 5 0 5
915
916
917
918
919
0.0874633923728092 -0.153313602594276 -0.5132108674422504
0.07731690529242091 -0.1601302038842135 -0.5129235641367347
0.06540467203741777 -0.1614230385185323 -0.5114808914594026
0.05433873432440116 -0.1570162674448574 -0.5088906978291335
0.04414157424020232 -0.1518924767541118 -0.5044539836509977
1 6 0 4
920
921
922
923
0.08902392560219015 -0.1478175747600523 -0.5001970487826979
0.08125976937552494 -0.1457819105153542 -0.4914726317451765
0.07324386947812062 -0.1422988376156942 -0.4834114417991918
0.06425739698549846 -0.1386329082373642 -0.4765674905415292
1 7 0 1
924
0.03029776234581436 -0.1115685153798512 -0.5327312769443671
1 8 0 16
925
926
927
928
929
930
931
932
933
934
935
936
937
938
939
940
0.02737735397777833 -0.1234848273736885 -0.5324283212685118
0.0269713817904028 -0.1339856909394887 -0.5263643380366143
0.02909294325021143 -0.141698760700082 -0.5170372585574582
0.0325226728662318 -0.1465982832739718 -0.5062753827952634
0.03742509051139561 -0.1489511425213244 -0.4955180136080971
0.04382728672824836 -0.1469211705595877 -0.4852000569591471
0.05055016627115815 -0.141557864062054 -0.4764564277568727
0.05645663798559547 -0.1318647988368112 -0.4722205079755421
0.06119067011981844 -0.1205128436682658 -0.4716841816224592
0.06418553906383179 -0.1088409155389263 -0.4739947197307378
0.06469108382543202 -0.09817614184769143 -0.4799201864733414
0.06124446798828249 -0.09241022728711147 -0.4899994507703604
0.05598461531972979 -0.09150176925716867 -0.5011015605545913
0.05040968017716786 -0.09140605129612231 -0.5120567456289125
0.04383362368907958 -0.09555263811527978 -0.5215561126331195
0.03697417417827044 -0.1018836299245197 -0.5295433039089679
1 9 0 16
941
942
943
944
945
946
947
948
949
950
951
952
953
954
955
956
0.03697417421132045 -0.1018836298845012 -0.5295433038793521
0.04383362376225093 -0.09555263805748923 -0.5215561125387427
0.05040968028112981 -0.09140605125999698 -0.5120567454527786
0.0559846154404486 -0.09150176927533114 -0.5011015603003796
0.06124446812886342 -0.0924102273535331 -0.4899994504581201
0.06469108387226508 -0.09817614215020684 -0.4799201861894949
0.06418553898487485 -0.1088409159872479 -0.4739947195771549
0.06119066994996764 -0.1205128441820754 -0.471684181599588
0.05645663774624234 -0.131864799322808 -0.472220508038743
0.05055016603045537 -0.1415578643543288 -0.4764564280446504
0.04382728649216737 -0.1469211706749894 -0.4852000572954815
0.03742509032882384 -0.1489511425761667 -0.4955180139143214
0.03252267277959029 -0.1465982831679265 -0.5062753830311317
0.02909294319992973 -0.1416987606048048 -0.5170372587207538
0.02697138177895175 -0.1339856908488496 -0.5263643381187649
0.02737735398744528 -0.1234848273261836 -0.532428321279209
1 10 0 9
957
958
959
960
961
962
963
964
965
0.06194627456791061 -0.1546061535104277 -0.497761551172178
0.06150566377489975 -0.1593957356122049 -0.5083772649288596
0.05822313911216911 -0.1618691796413686 -0.519195676042485
0.05609918359532819 -0.1591633025702433 -0.5300041733774107
0.05503501365545574 -0.1500724132862862 -0.5371047666605431
0.05306365684406208 -0.1393584609324543 -0.5411920145141452
0.05125574347103621 -0.1281482209193613 -0.5401083925407352
0.04896611487285651 -0.1177905463887745 -0.5353308165640525
0.04423424496999224 -0.1075359571141113 -0.5324832878901435
1 11 0 7
966
967
968
969
970
971
972
0.0703607420398368 -0.1437475108544686 -0.4835857078862734
0.07802687904180719 -0.1360757232426834 -0.4807967268865476
0.08345677568151538 -0.1263513469321052 -0.4802028469037217
0.08486594911621416 -0.1157378731710953 -0.4831441404577258
0.08172837470714168 -0.1064364667675559 -0.4884838418920124
0.07616477501514679 -0.09812475555531 -0.4935651134672639
0.06761666930093443 -0.09231549686188446 -0.4974686003161535
1 12 0 1
973
0.05353716764970718 -0.1470269289991793 -0.4839729940171729
$EndNodes
$Elements
901 985 1 985
0 1 15 1
1 1 
0 2 15 1
2 2 
0 3 15 1
3 3 
0 4 15 1
4 4 
0 5 15 1
5 5 
0 6 15 1
6 6 
0 7 15 1
7 7 
0 8 15 1
8 8 
0 9 15 1
9 9 
0 10 15 1
10 10 
0 11 15 1
11 11 
0 12 15 1
12 12 
0 13 15 1
13 13 
0 14 15 1
14 14 
0 15 15 1
15 15 
0 16 15 1
16 16 
0 17 15 1
17 17 
0 18 15 1
18 18 
0 19 15 1
19 19 
0 20 15 1
20 20 
0 21 15 1
21 21 
0 22 15 1
22 22 
0 23 15 1
23 23 
0 24 15 1
24 24 
0 25 15 1
25 25 
0 26 15 1
26 26 
0 27 15 1
27 27 
0 28 15 1
28 28 
0 29 15 1
29 29 
0 30 15 1
30 30 
0 31 15 1
31 31 
0 32 15 1
32 32 
0 33 15 1
33 33 
0 34 15 1
34 34 
0 35 15 1
35 35 
0 36 15 1
36 36 
0 37 15 1
37 37 
0 38 15 1
38 38 
0 39 15 1
39 39 
0 40 15 1
40 40 
0 41 15 1
41 41 
0 42 15 1
42 42 
0 43 15 1
43 43 
0 44 15 1
44 44 
0 45 15 1
45 45 
0 46 15 1
46 46 
0 47 15 1
47 47 
0 48 15 1
48 48 
0 49 15 1
49 49 
0 50 15 1
50 50 
0 51 15 1
51 51 
0 52 15 1
52 52 
0 53 15 1
53 53 
0 54 15 1
54 54 
0 55 15 1
55 55 
0 56 15 1
56 56 
0 57 15 1
57 57 
0 58 15 1
58 58 
0 59 15 1
59 59 
0 60 15 1
60 60 
0 61 15 1
61 61 
0 62 15 1
62 62 
0 63 15 1
63 63 
0 64 15 1
64 64 
0 65 15 1
65 65 
0 66 15 1
66 66 
0 67 15 1
67 67 
0 68 15 1
68 68 
0 69 15 1
69 69 
0 70 15 1
70 70 
0 71 15 1
71 71 
0 72 15 1
72 72 
0 73 15 1
73 73 
0 74 15 1
74 74 
0 75 15 1
75 75 
0 76 15 1
76 76 
0 77 15 1
77 77 
0 78 15 1
78 78 
0 79 15 1
79 79 
0 80 15 1
80 80 
0 81 15 1
81 81 
0 82 15 1
82 82 
0 83 15 1
83 83 
0 84 15 1
84 84 
0 85 15 1
85 85 
0 86 15 1
86 86 
0 87 15 1
87 87 
0 88 15 1
88 88 
0 89 15 1
89 89 
0 90 15 1
90 90 
0 91 15 1
91 91 
0 92 15 1
92 92 
0 93 15 1
93 93 
0 94 15 1
94 94 
0 95 15 1
95 95 
0 96 15 1
96 96 
0 97 15 1
97 97 
0 98 15 1
98 98 
0 99 15 1
99 99 
0 100 15 1
100 100 
0 101 15 1
101 101 
0 102 15 1
102 102 
0 103 15 1
103 103 
0 104 15 1
104 104 
0 105 15 1
105 105 
0 106 15 1
106 106 
0 107 15 1
107 107 
0 108 15 1
108 108 
0 109 15 1
109 109 
0 110 15 1
110 110 
0 111 15 1
111 111 
0 112 15 1
112 112 
0 113 15 1
113 113 
0 114 15 1
114 114 
0 115 15 1
115 115 
0 116 15 1
116 116 
0 117 15 1
117 117 
0 118 15 1
118 118 
0 119 15 1
119 119 
0 120 15 1
120 120 
0 121 15 1
121 121 
0 122 15 1
122 122 
0 123 15 1
123 123 
0 124 15 1
124 124 
0 125 15 1
125 125 
0 126 15 1
126 126 
0 127 15 1
127 127 
0 128 15 1
128 128 
0 129 15 1
129 129 
0 130 15 1
130 130 
0 131 15 1
131 131 
0 132 15 1
132 132 
0 133 15 1
133 133 
0 134 15 1
134 134 
0 135 15 1
135 135 
0 136 15 1
136 136 
0 137 15 1
137 137 
0 138 15 1
138 138 
0 139 15 1
139 139 
0 140 15 1
140 140 
0 141 15 1
141 141 
0 142 15 1
142 142 
0 143 15 1
143 143 
0 144 15 1
144 144 
0 145 15 1
145 145 
0 146 15 1
146 146 
0 147 15 1
147 147 
0 148 15 1
148 148 
0 149 15 1
149 149 
0 150 15 1
150 150 
0 151 15 1
151 151 
0 152 15 1
152 152 
0 153 15 1
153 153 
0 154 15 1
154 154 
0 155 15 1
155 155 
0 156 15 1
156 156 
0 157 15 1
157 157 
0 158 15 1
158 158 
0 159 15 1
159 159 
0 160 15 1
160 160 
0 161 15 1
161 161 
0 162 15 1
162 162 
0 163 15 1
163 163 
0 164 15 1
164 164 
0 165 15 1
165 165 
0 166 15 1
166 166 
0 167 15 1
167 167 
0 168 15 1
168 168 
0 169 15 1
169 169 
0 170 15 1
170 170 
0 171 15 1
171 171 
0 172 15 1
172 172 
0 173 15 1
173 173 
0 174 15 1
174 174 
0 175 15 1
175 175 
0 176 15 1
176 176 
0 177 15 1
177 177 
0 178 15 1
178 178 
0 179 15 1
179 179 
0 180 15 1
180 180 
0 181 15 1
181 181 
0 182 15 1
182 182 
0 183 15 1
183 183 
0 184 15 1
184 184 
0 185 15 1
185 185 
0 186 15 1
186 186 
0 187 15 1
187 187 
0 188 15 1
188 188 
0 189 15 1
189 189 
0 190 15 1
190 190 
0 191 15 1
191 191 
0 192 15 1
192 192 
0 193 15 1
193 193 
0 194 15 1
194 194 
0 195 15 1
195 195 
0 196 15 1
196 196 
0 197 15 1
197 197 
0 198 15 1
198 198 
0 199 15 1
199 199 
0 200 15 1
200 200 
0 201 15 1
201 201 
0 202 15 1
202 202 
0 203 15 1
203 203 
0 204 15 1
204 204 
0 205 15 1
205 205 
0 206 15 1
206 206 
0 207 15 1
207 207 
0 208 15 1
208 208 
0 209 15 1
209 209 
0 210 15 1
210 210 
0 211 15 1
211 211 
0 212 15 1
212 212 
0 213 15 1
213 213 
0 214 15 1
214 214 
0 215 15 1
215 215 
0 216 15 1
216 216 
0 217 15 1
217 217 
0 218 15 1
218 218 
0 219 15 1
219 219 
0 220 15 1
220 220 
0 221 15 1
221 221 
0 222 15 1
222 222 
0 223 15 1
223 223 
0 224 15 1
224 224 
0 225 15 1
225 225 
0 226 15 1
226 226 
0 227 15 1
227 227 
0 228 15 1
228 228 
0 229 15 1
229 229 
0 230 15 1
230 230 
0 231 15 1
231 231 
0 232 15 1
232 232 
0 233 15 1
233 233 
0 234 15 1
234 234 
0 235 15 1
235 235 
0 236 15 1
236 236 
0 237 15 1
237 237 
0 238 15 1
238 238 
0 239 15 1
239 239 
0 240 15 1
240 240 
0 241 15 1
241 241 
0 242 15 1
242 242 
0 243 15 1
243 243 
0 244 15 1
244 244 
0 245 15 1
245 245 
0 246 15 1
246 246 
0 247 15 1
247 247 
0 248 15 1
248 248 
0 249 15 1
249 249 
0 250 15 1
250 250 
0 251 15 1
251 251 
0 252 15 1
252 252 
0 253 15 1
253 253 
0 254 15 1
254 254 
0 255 15 1
255 255 
0 256 15 1
256 256 
0 257 15 1
257 257 
0 258 15 1
258 258 
0 259 15 1
259 259 
0 260 15 1
260 260 
0 261 15 1
261 261 
0 262 15 1
262 262 
0 263 15 1
263 263 
0 264 15 1
264 264 
0 265 15 1
265 265 
0 266 15 1
266 266 
0 267 15 1
267 267 
0 268 15 1
268 268 
0 269 15 1
269 269 
0 270 15 1
270 270 
0 271 15 1
271 271 
0 272 15 1
272 272 
0 273 15 1
273 273 
0 274 15 1
274 274 
0 275 15 1
275 275 
0 276 15 1
276 276 
0 277 15 1
277 277 
0 278 15 1
278 278 
0 279 15 1
279 279 
0 280 15 1
280 280 
0 281 15 1
281 281 
0 282 15 1
282 282 
0 283 15 1
283 283 
0 284 15 1
284 284 
0 285 15 1
285 285 
0 286 15 1
286 286 
0 287 15 1
287 287 
0 288 15 1
288 288 
0 289 15 1
289 289 
0 290 15 1
290 290 
0 291 15 1
291 291 
0 292 15 1
292 292 
0 293 15 1
293 293 
0 294 15 1
294 294 
0 295 15 1
295 295 
0 296 15 1
296 296 
0 297 15 1
297 297 
0 298 15 1
298 298 
0 299 15 1
299 299 
0 300 15 1
300 300 
0 301 15 1
301 301 
0 302 15 1
302 302 
0 303 15 1
303 303 
0 304 15 1
304 304 
0 305 15 1
305 305 
0 306 15 1
306 306 
0 307 15 1
307 307 
0 308 15 1
308 308 
0 309 15 1
309 309 
0 310 15 1
310 310 
0 311 15 1
311 311 
0 312 15 1
312 312 
0 313 15 1
313 313 
0 314 15 1
314 314 
0 315 15 1
315 315 
0 316 15 1
316 316 
0 317 15 1
317 317 
0 318 15 1
318 318 
0 319 15 1
319 319 
0 320 15 1
320 320 
0 321 15 1
321 321 
0 322 15 1
322 322 
0 323 15 1
323 323 
0 324 15 1
324 324 
0 325 15 1
325 325 
0 326 15 1
326 326 
0 327 15 1
327 327 
0 328 15 1
328 328 
0 329 15 1
329 329 
0 330 15 1
330 330 
0 331 15 1
331 331 
0 332 15 1
332 332 
0 333 15 1
333 333 
0 334 15 1
334 334 
0 335 15 1
335 335 
0 336 15 1
336 336 
0 337 15 1
337 337 
0 338 15 1
338 338 
0 339 15 1
339 339 
0 340 15 1
340 340 
0 341 15 1
341 341 
0 342 15 1
342 342 
0 343 15 1
343 343 
0 344 15 1
344 344 
0 345 15 1
345 345 
0 346 15 1
346 346 
0 347 15 1
347 347 
0 348 15 1
348 348 
0 349 15 1
349 349 
0 350 15 1
350 350 
0 351 15 1
351 351 
0 352 15 1
352 352 
0 353 15 1
353 353 
0 354 15 1
354 354 
0 355 15 1
355 355 
0 356 15 1
356 356 
0 357 15 1
357 357 
0 358 15 1
358 358 
0 359 15 1
359 359 
0 360 15 1
360 360 
0 361 15 1
361 361 
0 362 15 1
362 362 
0 363 15 1
363 363 
0 364 15 1
364 364 
0 365 15 1
365 365 
0 366 15 1
366 366 
0 367 15 1
367 367 
0 368 15 1
368 368 
0 369 15 1
369 369 
0 370 15 1
370 370 
0 371 15 1
371 371 
0 372 15 1
372 372 
0 373 15 1
373 373 
0 374 15 1
374 374 
0 375 15 1
375 375 
0 376 15 1
376 376 
0 377 15 1
377 377 
0 378 15 1
378 378 
0 379 15 1
379 379 
0 380 15 1
380 380 
0 381 15 1
381 381 
0 382 15 1
382 382 
0 383 15 1
383 383 
0 384 15 1
384 384 
0 385 15 1
385 385 
0 386 15 1
386 386 
0 387 15 1
387 387 
0 388 15 1
388 388 
0 389 15 1
389 389 
0 390 15 1
390 390 
0 391 15 1
391 391 
0 392 15 1
392 392 
0 393 15 1
393 393 
0 394 15 1
394 394 
0 395 15 1
395 395 
0 396 15 1
396 396 
0 397 15 1
397 397 
0 398 15 1
398 398 
0 399 15 1
399 399 
0 400 15 1
400 400 
0 401 15 1
401 401 
0 402 15 1
402 402 
0 403 15 1
403 403 
0 404 15 1
404 404 
0 405 15 1
405 405 
0 406 15 1
406 406 
0 407 15 1
407 407 
0 408 15 1
408 408 
0 409 15 1
409 409 
0 410 15 1
410 410 
0 411 15 1
411 411 
0 412 15 1
412 412 
0 413 15 1
413 413 
0 414 15 1
414 414 
0 415 15 1
415 415 
0 416 15 1
416 416 
0 417 15 1
417 417 
0 418 15 1
418 418 
0 419 15 1
419 419 
0 420 15 1
420 420 
0 421 15 1
421 421 
0 422 15 1
422 422 
0 423 15 1
423 423 
0 424 15 1
424 424 
0 425 15 1
425 425 
0 426 15 1
426 426 
0 427 15 1
427 427 
0 428 15 1
428 428 
0 429 15 1
429 429 
0 430 15 1
430 430 
0 431 15 1
431 431 
0 432 15 1
432 432 
0 433 15 1
433 433 
0 434 15 1
434 434 
0 435 15 1
435 435 
0 436 15 1
436 436 
0 437 15 1
437 437 
0 438 15 1
438 438 
0 439 15 1
439 439 
0 440 15 1
440 440 
0 441 15 1
441 441 
0 442 15 1
442 442 
0 443 15 1
443 443 
0 444 15 1
444 444 
0 445 15 1
445 445 
0 446 15 1
446 446 
0 447 15 1
447 447 
0 448 15 1
448 448 
0 449 15 1
449 449 
0 450 15 1
450 450 
0 451 15 1
451 451 
0 452 15 1
452 452 
0 453 15 1
453 453 
0 454 15 1
454 454 
0 455 15 1
455 455 
0 456 15 1
456 456 
0 457 15 1
457 457 
0 458 15 1
458 458 
0 459 15 1
459 459 
0 460 15 1
460 460 
0 461 15 1
461 461 
0 462 15 1
462 462 
0 463 15 1
463 463 
0 464 15 1
464 464 
0 465 15 1
465 465 
0 466 15 1
466 466 
0 467 15 1
467 467 
0 468 15 1
468 468 
0 469 15 1
469 469 
0 470 15 1
470 470 
0 471 15 1
471 471 
0 472 15 1
472 472 
0 473 15 1
473 473 
0 474 15 1
474 474 
0 475 15 1
475 475 
0 476 15 1
476 476 
0 477 15 1
477 477 
0 478 15 1
478 478 
0 479 15 1
479 479 
0 480 15 1
480 480 
0 481 15 1
481 481 
0 482 15 1
482 482 
0 483 15 1
483 483 
0 484 15 1
484 484 
0 485 15 1
485 485 
0 486 15 1
486 486 
0 487 15 1
487 487 
0 488 15 1
488 488 
0 489 15 1
489 489 
0 490 15 1
490 490 
0 491 15 1
491 491 
0 492 15 1
492 492 
0 493 15 1
493 493 
0 494 15 1
494 494 
0 495 15 1
495 495 
0 496 15 1
496 496 
0 497 15 1
497 497 
0 498 15 1
498 498 
0 499 15 1
499 499 
0 500 15 1
500 500 
0 501 15 1
501 501 
0 502 15 1
502 502 
0 503 15 1
503 503 
0 504 15 1
504 504 
0 505 15 1
505 505 
0 506 15 1
506 506 
0 507 15 1
507 507 
0 508 15 1
508 508 
0 509 15 1
509 509 
0 510 15 1
510 510 
0 511 15 1
511 511 
0 512 15 1
512 512 
0 513 15 1
513 513 
0 514 15 1
514 514 
0 515 15 1
515 515 
0 516 15 1
516 516 
0 517 15 1
517 517 
0 518 15 1
518 518 
0 519 15 1
519 519 
0 520 15 1
520 520 
0 521 15 1
521 521 
0 522 15 1
522 522 
0 523 15 1
523 523 
0 524 15 1
524 524 
0 525 15 1
525 525 
0 526 15 1
526 526 
0 527 15 1
527 527 
0 528 15 1
528 528 
0 529 15 1
529 529 
0 530 15 1
530 530 
0 531 15 1
531 531 
0 532 15 1
532 532 
0 533 15 1
533 533 
0 534 15 1
534 534 
0 535 15 1
535 535 
0 536 15 1
536 536 
0 537 15 1
537 537 
0 538 15 1
538 538 
0 539 15 1
539 539 
0 540 15 1
540 540 
0 541 15 1
541 541 
0 542 15 1
542 542 
0 543 15 1
543 543 
0 544 15 1
544 544 
0 545 15 1
545 545 
0 546 15 1
546 546 
0 547 15 1
547 547 
0 548 15 1
548 548 
0 549 15 1
549 549 
0 550 15 1
550 550 
0 551 15 1
551 551 
0 552 15 1
552 552 
0 553 15 1
553 553 
0 554 15 1
554 554 
0 555 15 1
555 555 
0 556 15 1
556 556 
0 557 15 1
557 557 
0 558 15 1
558 558 
0 559 15 1
559 559 
0 560 15 1
560 560 
0 561 15 1
561 561 
0 562 15 1
562 562 
0 563 15 1
563 563 
0 564 15 1
564 564 
0 565 15 1
565 565 
0 566 15 1
566 566 
0 567 15 1
567 567 
0 568 15 1
568 568 
0 569 15 1
569 569 
0 570 15 1
570 570 
0 571 15 1
571 571 
0 572 15 1
572 572 
0 573 15 1
573 573 
0 574 15 1
574 574 
0 575 15 1
575 575 
0 576 15 1
576 576 
0 577 15 1
577 577 
0 578 15 1
578 578 
0 579 15 1
579 579 
0 580 15 1
580 580 
0 581 15 1
581 581 
0 582 15 1
582 582 
0 583 15 1
583 583 
0 584 15 1
584 584 
0 585 15 1
585 585 
0 586 15 1
586 586 
0 587 15 1
587 587 
0 588 15 1
588 588 
0 589 15 1
589 589 
0 590 15 1
590 590 
0 591 15 1
591 591 
0 592 15 1
592 592 
0 593 15 1
593 593 
0 594 15 1
594 594 
0 595 15 1
595 595 
0 596 15 1
596 596 
0 597 15 1
597 597 
0 598 15 1
598 598 
0 599 15 1
599 599 
0 600 15 1
600 600 
0 601 15 1
601 601 
0 602 15 1
602 602 
0 603 15 1
603 603 
0 604 15 1
604 604 
0 605 15 1
605 605 
0 606 15 1
606 606 
0 607 15 1
607 607 
0 608 15 1
608 608 
0 609 15 1
609 609 
0 610 15 1
610 610 
0 611 15 1
611 611 
0 612 15 1
612 612 
0 613 15 1
613 613 
0 614 15 1
614 614 
0 615 15 1
615 615 
0 616 15 1
616 616 
0 617 15 1
617 617 
0 618 15 1
618 618 
0 619 15 1
619 619 
0 620 15 1
620 620 
0 621 15 1
621 621 
0 622 15 1
622 622 
0 623 15 1
623 623 
0 624 15 1
624 624 
0 625 15 1
625 625 
0 626 15 1
626 626 
0 627 15 1
627 627 
0 628 15 1
628 628 
0 629 15 1
629 629 
0 630 15 1
630 630 
0 631 15 1
631 631 
0 632 15 1
632 632 
0 633 15 1
633 633 
0 634 15 1
634 634 
0 635 15 1
635 635 
0 636 15 1
636 636 
0 637 15 1
637 637 
0 638 15 1
638 638 
0 639 15 1
639 639 
0 640 15 1
640 640 
0 641 15 1
641 641 
0 642 15 1
642 642 
0 643 15 1
643 643 
0 644 15 1
644 644 
0 645 15 1
645 645 
0 646 15 1
646 646 
0 647 15 1
647 647 
0 648 15 1
648 648 
0 649 15 1
649 649 
0 650 15 1
650 650 
0 651 15 1
651 651 
0 652 15 1
652 652 
0 653 15 1
653 653 
0 654 15 1
654 654 
0 655 15 1
655 655 
0 656 15 1
656 656 
0 657 15 1
657 657 
0 658 15 1
658 658 
0 659 15 1
659 659 
0 660 15 1
660 660 
0 661 15 1
661 661 
0 662 15 1
662 662 
0 663 15 1
663 663 
0 664 15 1
664 664 
0 665 15 1
665 665 
0 666 15 1
666 666 
0 667 15 1
667 667 
0 668 15 1
668 668 
0 669 15 1
669 669 
0 670 15 1
670 670 
0 671 15 1
671 671 
0 672 15 1
672 672 
0 673 15 1
673 673 
0 674 15 1
674 674 
0 675 15 1
675 675 
0 676 15 1
676 676 
0 677 15 1
677 677 
0 678 15 1
678 678 
0 679 15 1
679 679 
0 680 15 1
680 680 
0 681 15 1
681 681 
0 682 15 1
682 682 
0 683 15 1
683 683 
0 684 15 1
684 684 
0 685 15 1
685 685 
0 686 15 1
686 686 
0 687 15 1
687 687 
0 688 15 1
688 688 
0 689 15 1
689 689 
0 690 15 1
690 690 
0 691 15 1
691 691 
0 692 15 1
692 692 
0 693 15 1
693 693 
0 694 15 1
694 694 
0 695 15 1
695 695 
0 696 15 1
696 696 
0 697 15 1
697 697 
0 698 15 1
698 698 
0 699 15 1
699 699 
0 700 15 1
700 700 
0 701 15 1
701 701 
0 702 15 1
702 702 
0 703 15 1
703 703 
0 704 15 1
704 704 
0 705 15 1
705 705 
0 706 15 1
706 706 
0 707 15 1
707 707 
0 708 15 1
708 708 
0 709 15 1
709 709 
0 710 15 1
710 710 
0 711 15 1
711 711 
0 712 15 1
712 712 
0 713 15 1
713 713 
0 714 15 1
714 714 
0 715 15 1
715 715 
0 716 15 1
716 716 
0 717 15 1
717 717 
0 718 15 1
718 718 
0 719 15 1
719 719 
0 720 15 1
720 720 
0 721 15 1
721 721 
0 722 15 1
722 722 
0 723 15 1
723 723 
0 724 15 1
724 724 
0 725 15 1
725 725 
0 726 15 1
726 726 
0 727 15 1
727 727 
0 728 15 1
728 728 
0 729 15 1
729 729 
0 730 15 1
730 730 
0 731 15 1
731 731 
0 732 15 1
732 732 
0 733 15 1
733 733 
0 734 15 1
734 734 
0 735 15 1
735 735 
0 736 15 1
736 736 
0 737 15 1
737 737 
0 738 15 1
738 738 
0 739 15 1
739 739 
0 740 15 1
740 740 
0 741 15 1
741 741 
0 742 15 1
742 742 
0 743 15 1
743 743 
0 744 15 1
744 744 
0 745 15 1
745 745 
0 746 15 1
746 746 
0 747 15 1
747 747 
0 748 15 1
748 748 
0 749 15 1
749 749 
0 750 15 1
750 750 
0 751 15 1
751 751 
0 752 15 1
752 752 
0 753 15 1
753 753 
0 754 15 1
754 754 
0 755 15 1
755 755 
0 756 15 1
756 756 
0 757 15 1
757 757 
0 758 15 1
758 758 
0 759 15 1
759 759 
0 760 15 1
760 760 
0 761 15 1
761 761 
0 762 15 1
762 762 
0 763 15 1
763 763 
0 764 15 1
764 764 
0 765 15 1
765 765 
0 766 15 1
766 766 
0 767 15 1
767 767 
0 768 15 1
768 768 
0 769 15 1
769 769 
0 770 15 1
770 770 
0 771 15 1
771 771 
0 772 15 1
772 772 
0 773 15 1
773 773 
0 774 15 1
774 774 
0 775 15 1
775 775 
0 776 15 1
776 776 
0 777 15 1
777 777 
0 778 15 1
778 778 
0 779 15 1
779 779 
0 780 15 1
780 780 
0 781 15 1
781 781 
0 782 15 1
782 782 
0 783 15 1
783 783 
0 784 15 1
784 784 
0 785 15 1
785 785 
0 786 15 1
786 786 
0 787 15 1
787 787 
0 788 15 1
788 788 
0 789 15 1
789 789 
0 790 15 1
790 790 
0 791 15 1
791 791 
0 792 15 1
792 792 
0 793 15 1
793 793 
0 794 15 1
794 794 
0 795 15 1
795 795 
0 796 15 1
796 796 
0 797 15 1
797 797 
0 798 15 1
798 798 
0 799 15 1
799 799 
0 800 15 1
800 800 
0 801 15 1
801 801 
0 802 15 1
802 802 
0 803 15 1
803 803 
0 804 15 1
804 804 
0 805 15 1
805 805 
0 806 15 1
806 806 
0 807 15 1
807 807 
0 808 15 1
808 808 
0 809 15 1
809 809 
0 810 15 1
810 810 
0 811 15 1
811 811 
0 812 15 1
812 812 
0 813 15 1
813 813 
0 814 15 1
814 814 
0 815 15 1
815 815 
0 816 15 1
816 816 
0 817 15 1
817 817 
0 818 15 1
818 818 
0 819 15 1
819 819 
0 820 15 1
820 820 
0 821 15 1
821 821 
0 822 15 1
822 822 
0 823 15 1
823 823 
0 824 15 1
824 824 
0 825 15 1
825 825 
0 826 15 1
826 826 
0 827 15 1
827 827 
0 828 15 1
828 828 
0 829 15 1
829 829 
0 830 15 1
830 830 
0 831 15 1
831 831 
0 832 15 1
832 832 
0 833 15 1
833 833 
0 834 15 1
834 834 
0 835 15 1
835 835 
0 836 15 1
836 836 
0 837 15 1
837 837 
0 838 15 1
838 838 
0 839 15 1
839 839 
0 840 15 1
840 840 
0 841 15 1
841 841 
0 842 15 1
842 842 
0 843 15 1
843 843 
0 844 15 1
844 844 
0 845 15 1
845 845 
0 846 15 1
846 846 
0 847 15 1
847 847 
0 848 15 1
848 848 
0 849 15 1
849 849 
0 850 15 1
850 850 
0 851 15 1
851 851 
0 852 15 1
852 852 
0 853 15 1
853 853 
0 854 15 1
854 854 
0 855 15 1
855 855 
0 856 15 1
856 856 
0 857 15 1
857 857 
0 858 15 1
858 858 
0 859 15 1
859 859 
0 860 15 1
860 860 
0 861 15 1
861 861 
0 862 15 1
862 862 
0 863 15 1
863 863 
0 864 15 1
864 864 
0 865 15 1
865 865 
0 866 15 1
866 866 
0 867 15 1
867 867 
0 868 15 1
868 868 
0 869 15 1
869 869 
0 870 15 1
870 870 
0 871 15 1
871 871 
0 872 15 1
872 872 
0 873 15 1
873 873 
0 874 15 1
874 874 
0 875 15 1
875 875 
0 876 15 1
876 876 
0 877 15 1
877 877 
0 878 15 1
878 878 
0 879 15 1
879 879 
0 880 15 1
880 880 
0 881 15 1
881 881 
0 882 15 1
882 882 
0 883 15 1
883 883 
0 884 15 1
884 884 
0 885 15 1
885 885 
0 886 15 1
886 886 
0 887 15 1
887 887 
0 888 15 1
888 888 
0 889 15 1
889 889 
1 1 1 6
890 1 890 
891 890 891 
892 891 892 
893 892 893 
894 893 894 
895 894 61 
1 2 1 2
896 62 895 
897 895 70 
1 3 1 13
898 71 896 
899 896 897 
900 897 898 
901 898 899 
902 899 900 
903 900 901 
904 901 902 
905 902 903 
906 903 904 
907 904 905 
908 905 906 
909 906 907 
910 907 207 
1 4 1 8
911 208 908 
912 908 909 
913 909 910 
914 910 911 
915 911 912 
916 912 913 
917 913 914 
918 914 263 
1 5 1 6
919 264 915 
920 915 916 
921 916 917 
922 917 918 
923 918 919 
924 919 295 
1 6 1 5
925 296 920 
926 920 921 
927 921 922 
928 922 923 
929 923 333 
1 7 1 2
930 334 924 
931 924 335 
1 8 1 17
932 336 925 
933 925 926 
934 926 927 
935 927 928 
936 928 929 
937 929 930 
938 930 931 
939 931 932 
940 932 933 
941 933 934 
942 934 935 
943 935 936 
944 936 937 
945 937 938 
946 938 939 
947 939 940 
948 940 530 
1 9 1 17
949 531 941 
950 941 942 
951 942 943 
952 943 944 
953 944 945 
954 945 946 
955 946 947 
956 947 948 
957 948 949 
958 949 950 
959 950 951 
960 951 952 
961 952 953 
962 953 954 
963 954 955 
964 955 956 
965 956 725 
1 10 1 10
966 726 957 
967 957 958 
968 958 959 
969 959 960 
970 960 961 
971 961 962 
972 962 963 
973 963 964 
974 964 965 
975 965 801 
1 11 1 8
976 802 966 
977 966 967 
978 967 968 
979 968 969 
980 969 970 
981 970 971 
982 971 972 
983 972 871 
1 12 1 2
984 872 973 
985 973 889 
$EndElements
