# vtk DataFile Version 3.0
T1_9 Hex Blocks
ASCII
DATASET UNSTRUCTURED_GRID
POINTS 4059 float
0.3999295250105286 0.3000939436657345 1.716385472301303
0.4141253484885541 0.2801788638338616 1.783710090319252
1.830037720303336 0.5108442538268481 1.587851366633172
1.83281980050582 0.5007708939971897 1.650885278112691
0.3933613251855091 0.3086533133603139 1.714122183790748
0.3557348931748934 0.3513583438284157 1.749797346597279
1.826074731126729 0.5248342459685569 1.58107246878322
1.806251759801394 0.5894527034591572 1.593199926447051
0.4001138985226124 0.2998480752131596 1.717231376887245
0.4003981424556554 0.2994684082137224 1.718536847480515
0.4008322784167926 0.2988870766346427 1.720533941696305
0.4014859729179522 0.2980084118781302 1.723548394623846
0.402449442017589 0.2967059935689391 1.728007637190788
0.4038256080117051 0.2948302533899408 1.734411187437634
0.4057055381421163 0.2922379446971523 1.743225405971589
0.4081228659227206 0.288852429989822 1.754675828189214
0.41100007128552 0.2847436415502504 1.768482633319147
1.830077292629082 0.510702469549882 1.588739246831623
1.830137272221429 0.5104874868464907 1.590085472927451
1.830227328149157 0.5101645192454484 1.59210781976532
1.830360641846483 0.5096860113641234 1.595103940257991
1.830553913781372 0.5089914322860891 1.599452576989704
1.830825792933779 0.5080126231988109 1.605579948918587
1.831192469137022 0.5066893035942212 1.613862521535784
1.83165986312846 0.5049970843531403 1.62445160125449
1.832214588183311 0.502980727512694 1.637065455141718
0.4007376253289879 0.3001248346433224 1.715990704445794
0.401851943078732 0.3001671976825416 1.715446709270749
0.4033877626089832 0.3002251462997818 1.714697637297769
0.4055030944914667 0.3003041417999419 1.713667243932866
0.4084139056363815 0.3004113273816419 1.712251901470634
0.4124142386084101 0.3005558560159253 1.710311638638367
0.4179023051696724 0.3007491311110563 1.707659053613313
0.4254134218286802 0.3010048345622727 1.704046384169416
0.4356598924778239 0.3013386113083732 1.699151998157375
0.4495761583215413 0.3017674352213841 1.692569511312917
0.4683640106894429 0.3023092587455535 1.683806229295603
0.4935264733352623 0.3029849459986249 1.672303168028024
0.5268692341424216 0.3038269334579875 1.657496153312967
0.5704351688755184 0.3049015666224785 1.638943055117281
0.626323111531825 0.3063506213793787 1.616536149109013
0.6963360305815849 0.3084448108448178 1.590782722659633
0.7814298683547017 0.3116145126699594 1.563056413806717
0.8811544362340579 0.3178079670672666 1.536365199263851
0.9927995669783215 0.3278055789184852 1.514123607529363
1.111374894847694 0.3417412577008139 1.49956926810203
1.230267271008562 0.3587981580830208 1.493248815211235
1.342873668657255 0.3782067085093958 1.494795947719793
1.443969377887432 0.3984951183009749 1.502783788555243
1.530156536359165 0.4195212068754813 1.515008156215961
1.601163143180985 0.4385880519791012 1.527812477421995
1.657882474825204 0.4548716226977258 1.539870423816166
1.702062425959333 0.4682525839048958 1.55047442077648
1.73581899849908 0.478913630537339 1.55933626145017
1.761242244924164 0.4872050605034716 1.566466284462243
1.780186612686019 0.4935355710755064 1.572043707424577
1.794193574622532 0.4983021150897196 1.576316944307024
1.804491312971523 0.501854033362771 1.579541388998986
1.812030920232522 0.5044806132010525 1.581947431169517
1.817534645961867 0.5064119975131512 1.583728216078102
1.821543532181066 0.5078263358671337 1.585038426203394
1.824459005098714 0.5088589278824628 1.585998257413366
1.826576881588393 0.5096111578410212 1.586699206065053
1.82811409708563 0.5101582733262775 1.587209932658491
1.829229187279039 0.5105557426646179 1.587581444987473
0.4149368112076451 0.2802201214977419 1.783323266453653
0.4160553664688267 0.2802768477043481 1.782790294318728
0.4175964470638047 0.2803547308250688 1.782056460355823
0.4197181722623206 0.2804614567215191 1.781047023570747
0.4226365048629396 0.2806073340598636 1.779660298372241
0.4266452312096006 0.2808060597872826 1.777758728334509
0.4321417985317653 0.2810756245176713 1.775157730022895
0.4396597934196508 0.2814393557663022 1.77161246036357
0.4499080346638433 0.2819271466405447 1.766803534717091
0.4638144122313095 0.2825771268182305 1.760324508768681
0.4825690471785681 0.2834386173195532 1.751677240908809
0.5076552529623649 0.2845784755400237 1.740286728600097
0.5408475240532884 0.2860949948056045 1.725554711177773
0.5841437538709524 0.2881454220676772 1.706978907460251
0.6395870657448303 0.29099143499234 1.684364139567808
0.7089293091332262 0.295055229303092 1.65812595168378
0.7931109298957015 0.3009528091015061 1.629616259724116
0.8916080926411593 0.3094408424187505 1.60128737813499
1.001845398372217 0.3212150602496681 1.576431538058253
1.119036046168111 0.3365768228783726 1.558346635870692
1.236800401896459 0.3551277400712807 1.549175190210021
1.348533963167683 0.3757265518126915 1.549080924609922
1.44893149985469 0.3967985862050956 1.556331256386158
1.534913679968386 0.4168186174685888 1.56817998056986
1.605665374354126 0.4346838920964545 1.581903438860716
1.66205989929939 0.4498374425650167 1.595450238824863
1.705917959000292 0.4621894504178969 1.60760452795998
1.739396585095737 0.4719553968383881 1.617844982572114
1.764598750492683 0.4795010678506721 1.626107819590581
1.783375914138925 0.4852320191937876 1.632575281323397
1.797260313183317 0.4895297499139641 1.63752912450997
1.807469948961989 0.4927227083092521 1.641265233228228
1.814947002017247 0.4950787016543553 1.644051710839443
1.820406667311526 0.4968084513075199 1.646113295351261
1.824384687201387 0.4980737989710125 1.647629738720398
1.827278621725781 0.4989969760770059 1.648740521841129
1.829381515392885 0.4996692145827419 1.649551696590678
1.830908336254013 0.5001580403996766 1.65014277598005
1.832016233055778 0.5005131349147509 1.650572794111575
0.3928900547065998 0.3092529788258231 1.714599979109114
0.392168106468441 0.310167980728117 1.715330132865386
0.3910707337097657 0.3115504473367123 1.716435876224886
0.389422381791656 0.3136083681276916 1.718087658980998
0.3869901714239798 0.3166048123785214 1.720505378147934
0.3834946049730785 0.3208299985296613 1.723940734459921
0.3786573933006798 0.3265250044004812 1.728621736786059
0.3723050216492269 0.3337498627037451 1.734648610477567
0.3645162376815329 0.342239554210936 1.741866411411702
1.825829834530783 0.5256855759275056 1.58123140481162
1.825453560951652 0.5269907078970899 1.581475103243381
1.824879977966162 0.5289735110751406 1.581845434937623
1.824016072652251 0.5319448055082387 1.582400607467584
1.82273822705419 0.5363070622659069 1.583216153314368
1.820897932305269 0.5425224691451371 1.584379148740331
1.81834741721695 0.5510105077958009 1.585969302397489
1.814995069469079 0.561954452962047 1.5880228752987
1.810884039869542 0.5750642603628815 1.590487920946235
0.3941633134728825 0.3086953263821726 1.713716159107495
0.395269521117549 0.3087530112555822 1.713156494613472
0.3967946109892773 0.30883204064465 1.712385626650666
0.3988958001242426 0.3089399894349589 1.711324943936327
0.4017880581636643 0.3090868436078112 1.709867563378265
0.4057642028162268 0.3092855369683917 1.707869059251463
0.411220992632495 0.3095524199186734 1.705135979187042
0.4186921129469579 0.3099074924105011 1.701412427529653
0.428888208460692 0.3103741752206811 1.696366000591047
0.4427423607105447 0.310978458540055 1.689576355252092
0.4614559224340941 0.311747705839586 1.680533286611999
0.4865334719175125 0.3127106196344258 1.668656936254403
0.5197859443209683 0.3139022193436862 1.653360310315126
0.5632676038200769 0.3153804102167701 1.634180277123813
0.6190978407867983 0.3172602710712307 1.610997541872148
0.6891118781157112 0.3197615629875562 1.584329863745821
0.7743086272599219 0.3232399103371933 1.555599393729739
0.8742701931049401 0.3296136933883719 1.527862316151283
0.9863071113233489 0.3397655427983319 1.504662718960957
1.105411006858728 0.3538408353583997 1.489383035294262
1.224887560565415 0.3710864422079742 1.482642556426904
1.338046110547802 0.3907490058078457 1.484087190189731
1.439594285765731 0.411330955004757 1.492250230225556
1.526085814860344 0.4326962154588033 1.504850517112863
1.59727611229653 0.45203801013162 1.518163047660521
1.65409062730014 0.4685149792636196 1.530757047044119
1.698304732334655 0.4820258861618398 1.541860278240208
1.732058829612396 0.4927711347965982 1.551151895089362
1.757460858007746 0.5011156313319416 1.558632852209544
1.776376710498107 0.5074788828935531 1.564486550030548
1.790354372245822 0.5122652836440793 1.568971783199578
1.800625269412903 0.5158290558882476 1.57235597884535
1.808141786254591 0.5184625896796088 1.574880860328227
1.813626401410685 0.5203979607950459 1.576749240235647
1.817619868266951 0.5218145078656728 1.578123591339951
1.820523116337663 0.5228482561429115 1.57913016768801
1.822631421292784 0.5236010300727474 1.579865067796415
1.82416121143888 0.5241483425998825 1.580400393196298
1.825270581244939 0.5245458206964321 1.580789696471083
0.3565526460863492 0.35142555490966 1.749427814918364
0.3576816381758028 0.3515179095126992 1.748917723634582
0.3592395298334232 0.35164452354346 1.748214016194573
0.3613877400846534 0.3518175620294226 1.747243981841342
0.3643470708021166 0.3520530364550903 1.745908316869407
0.3684183256028372 0.3523716171131827 1.744072053749477
0.374008991386944 0.35279927129108 1.741553008576495
0.3816667730171328 0.353367385954533 1.738107670514721
0.3921198886221451 0.354111873890474 1.733415171491795
0.4063220404439716 0.355070759914348 1.727061540158652
0.4254961664606344 0.3562803241039375 1.718529521913143
0.4511646892360789 0.3577718489088938 1.707204711507686
0.4851446867896119 0.3595753331525006 1.692417208873111
0.5294752806457592 0.3617429408589719 1.673548170304599
0.5862351663001801 0.3644087885772212 1.650235500508836
0.6572075612053772 0.3678908742899902 1.62269475738547
0.743369739533197 0.3728014023365342 1.5921029392569
0.8442460070061928 0.3800700971022207 1.560863751394743
0.957293712414802 0.3907558043563224 1.532450410917115
1.077671333777739 0.4056098060581286 1.51058888327808
1.198791998295303 0.424573750802735 1.497959826656264
1.313724879614109 0.4465686912505322 1.495141754070067
1.416857142750331 0.4697925964287712 1.50053884482385
1.504946578519518 0.4923427127700626 1.511292307977954
1.577180413632679 0.5127564004141382 1.524454852202968
1.634538173000191 0.5302297815998867 1.537760499840571
1.678978304388621 0.5445518056955805 1.549839200742916
1.712782337631852 0.5559111960851192 1.560077101067414
1.738148216531161 0.5647020362042298 1.5683621692303
1.756992947322678 0.5713823888869912 1.574854818800398
1.77089109916225 0.5763913960396551 1.579828794333731
1.781086692469997 0.5801105541874659 1.583578350971062
1.788537225261311 0.5828523137008068 1.586372459776928
1.793966503474561 0.5848630321844356 1.588437397996503
1.797914820895897 0.5863320558249016 1.589954378753639
1.800781907549851 0.5874023738242665 1.591064027759663
1.802861628885521 0.5881806459523843 1.591873205062909
1.804369045188756 0.5887457430038263 1.592461952124024
1.805461033179493 0.5891556264943739 1.592889624172212
0.3939933652863153 0.3078461110853345 1.715090852843668
0.3947892405653833 0.3068247961521492 1.715673738720438
0.3956329362623943 0.3057361276401535 1.716027690631681
0.3964913516119515 0.3046220742115184 1.716242399273715
0.397353485520587 0.3034966351454998 1.716364253133401
0.3982149638086418 0.3023654123719876 1.716419496556589
0.3990741411076859 0.3012305261741625 1.716424390817854
0.3610228666574967 0.34592266440695 1.760169096337245
0.3678217501442854 0.3386844550917489 1.768337263567541
0.3754406464259568 0.3302185957986917 1.774331084434311
0.3833729323969185 0.3209753802169066 1.778512807268373
0.3913289122848089 0.3112260953229795 1.781270865353936
0.3991547481908225 0.3011237071316722 1.782915714289373
0.4067685618933028 0.2907564909941895 1.783681479013205
1.826369420746409 0.5238078353397984 1.582807362015737
1.826833677778625 0.5221863873510679 1.584004487022793
1.827344061695034 0.520397530344673 1.584916523686958
1.827872329662802 0.5185389627154575 1.585666126719858
1.828409017455963 0.516643372440469 1.586309925772553
1.828950053378319 0.5147247921446786 1.586878526637303
1.82949333649736 0.5127904456136971 1.58739021631876
1.807725930056861 0.5849161232185337 1.606701503049841
1.810469945845621 0.5763666234183724 1.617900809810031
1.813888801181184 0.5655150982515226 1.626701344974994
1.817602254226675 0.553463598469717 1.633644374425419
1.821424629773129 0.5407515394862581 1.639228273164504
1.825264238188209 0.5276460652673883 1.643805729457679
1.829072043176005 0.5142911337685062 1.647633650933812
0.4009220522304819 0.2998790712094896 1.716836776815678
0.4020364540309768 0.2999215828251411 1.716292997817534
0.4035723747925274 0.2999797359214768 1.715544234432488
0.4056878262320703 0.3000590162797535 1.714514269544226
0.4085987952479441 0.3001666028880307 1.713099501445478
0.412599318537884 0.300311694281118 1.711160024198554
0.4180876048944083 0.3005057638271248 1.708508504446135
0.4255989338690944 0.3007626016097902 1.704897253282999
0.4358455783653388 0.3010980141608553 1.700004703877563
0.4497618823384585 0.3015292096503694 1.693424564854996
0.468549478647408 0.3020745041921765 1.684664157885254
0.4937110795793219 0.3027553122309312 1.67316439125762
0.5270519241934611 0.3036048586833482 1.658360816344812
0.5706142645016488 0.3046906057173479 1.63981068286632
0.6264965869260704 0.3061557498309656 1.617405500391514
0.6965007164246304 0.3082730285966109 1.591650902576805
0.7815844235945256 0.3114748550646534 1.563920728116143
0.8813982589741549 0.317715712471418 1.5371846750668
0.9931672413551654 0.3277635049000218 1.514899407973762
1.11136180050756 0.3416827961176178 1.50035796873573
1.230281595747138 0.3587544066237449 1.494003930083718
1.342907110541819 0.3781755444399136 1.495534212007634
1.444013778465337 0.3984726162623112 1.503517275593869
1.530207324588574 0.4194763514046103 1.515741652955013
1.601221148803372 0.4385297599019353 1.528565445437188
1.657941132204684 0.454799465848707 1.54064753355135
1.702118260488424 0.4681669138237161 1.551274953825573
1.735871184826594 0.478815770406701 1.560157173654732
1.761291168883919 0.4870968618404068 1.567303874066877
1.780232886965085 0.4934189537058919 1.572894401731708
1.794237860641409 0.4981788692014054 1.577177702480067
1.804534157009276 0.5017256936966569 1.580409727191844
1.812072736387997 0.5043484231695563 1.582821425997782
1.817575730365097 0.5062769308324488 1.584606396205808
1.821584098205248 0.507689139432541 1.585919685178318
1.824499212968844 0.5087201687356795 1.58688176998119
1.826616836124738 0.5094712532805832 1.587584371699612
1.828153869945348 0.5100175326431322 1.588096299257867
1.829268842455444 0.5104143974065039 1.588468688479208
0.4012063892860364 0.2994995731708671 1.718142478065268
0.4023209072031293 0.2995423187780967 1.717599021288728
0.4038569763528446 0.2996007970359335 1.716850703039257
0.4059726144727129 0.2996805307028916 1.715821350177265
0.4088838121376449 0.299788751420289 1.714407420347789
0.4128846063256215 0.2999347341767183 1.712469082546382
0.4183731947027466 0.300130064242272 1.709819096716479
0.4258848249145279 0.3003886974621419 1.706209882614831
0.4361316959453792 0.3007266888715383 1.70131998633682
0.4500480050439321 0.3011616217846697 1.694743205397683
0.4688351159704983 0.301712378138461 1.685986872037874
0.4939952861306104 0.3024012164383085 1.674491729243307
0.5273330498154882 0.3032625903280405 1.6596928390948
0.5708897105795407 0.3043656778974573 1.641146474640084
0.6267627718860364 0.3058559475728787 1.618742620134777
0.6967537353607813 0.3080089681989057 1.592985224724269
0.7818219078149304 0.3112605241032141 1.565247525425612
0.8817646730780501 0.3175732244277732 1.53844308472528
0.9937119217872056 0.3276961270345545 1.516090198288215
1.111333970315998 0.3415913156832659 1.501564898607186
1.230295084107801 0.3586855363325599 1.495157029523226
1.342950107533043 0.3781260704155198 1.496659417017896
1.444074464653062 0.3984366096276574 1.504633473658561
1.530276640647749 0.4194062515820172 1.516856113088741
1.601305737320502 0.4384402957484221 1.529709182646433
1.658027769149205 0.454689225928034 1.541827386041585
1.702201396724413 0.4680364008743399 1.552489980606729
1.735949351269867 0.478666954748835 1.561402839604587
1.76136467371645 0.4869324771031431 1.568574591010141
1.780302607301575 0.4932418989547769 1.574184817303925
1.794304712024516 0.4979918333769913 1.578483222201192
1.804598910555872 0.5015309792343284 1.581726636026639
1.8121359863629 0.5041479025663496 1.584146825210492
1.817637914695052 0.5060720746915702 1.585938075125047
1.821645532132933 0.5074810752384458 1.587255983106477
1.824560120431934 0.508509746318733 1.588221452373487
1.826677375208289 0.509259105649894 1.588926527162303
1.82821415173608 0.5098041272926142 1.589440258123099
1.829328944756013 0.5102000774253462 1.589813960549394
0.4016406567890723 0.2989185058935696 1.720139909609748
0.4027553441601335 0.298961619901404 1.719596913051722
0.4042916290622299 0.2990206099603636 1.718849230690216
0.4064075373255658 0.2991010568550531 1.717820752035129
0.4093190636528427 0.2992102747534008 1.716408019213638
0.4133202434840419 0.2993576582697904 1.714471307270167
0.4188092549282021 0.2995549674141903 1.711823507280914
0.4263212936624374 0.2998164162660729 1.708217189688919
0.4365684418607667 0.3001584459478513 1.703331052746113
0.4504846683452781 0.3005992208854013 1.696759003076838
0.4692709217372349 0.3011584967226722 1.68800835477935
0.4944287622705015 0.3018598309982066 1.676519555452302
0.5277616499774516 0.3027395619386457 1.661726868224999
0.571309451285498 0.3038694903013742 1.643185015940793
0.6271681956037461 0.305398545188949 1.620781593431604
0.6971389390645201 0.307606595788359 1.595017928438749
0.7821834005411381 0.3109345402091325 1.567266324870622
0.8823062276289686 0.3173544211223246 1.540359538789413
0.9945017512536852 0.3275876151721155 1.517903200024037
1.111286600254356 0.3414494796097444 1.503395076751804
1.230307521034646 0.3585783237397239 1.496902018728141
1.343006249965152 0.3780485884191692 1.498358962860312
1.444157727238402 0.3983799052235988 1.506316795155866
1.530375060911923 0.419299462629998 1.518534864185796
1.601428454410978 0.4383045812610674 1.531430557113749
1.658154808162021 0.4545225501028672 1.543602218377659
1.702324149147887 0.4678395147209928 1.554317113771295
1.7360653322543 0.4784427800598483 1.563275586543527
1.761474123400755 0.4866850761057567 1.570484635386946
1.78040668408414 0.4929755872450174 1.576124180847392
1.794404684192441 0.4977106187076945 1.580445057212457
1.804695866659023 0.501238296233618 1.583705408823388
1.812230774045664 0.5038465461743207 1.586138220794135
1.817731162645168 0.5057642408732131 1.587938804591486
1.821737694814578 0.5071684480745423 1.589263576876813
1.824651521540475 0.5081935954076106 1.590234075217313
1.826768243619375 0.5089403767899012 1.590942824562957
1.828304648401503 0.5094835190362554 1.591459234975005
1.829419182408473 0.5098781024555521 1.591834888511008
0.4022945411206074 0.2980402557162039 1.723154822259628
0.403409471107143 0.2980839424359278 1.722612470681764
0.404946063621577 0.2981437279253798 1.721865679681837
0.4070623549855291 0.2982252828886886 1.720838426307052
0.4099743438726186 0.2983360492319042 1.719427370609594
0.4139760605314425 0.2984856064251597 1.717492934661789
0.4194656500286675 0.298685983971537 1.714848189843071
0.4269782255442299 0.2989517932902599 1.711245910404969
0.4372256887535085 0.2993000679684016 1.70636499292107
0.4511416603204171 0.2997498615109402 1.699799467776449
0.4699264614392163 0.3003222620232274 1.691056569370995
0.495080604505254 0.3010428015273692 1.679576234559601
0.5284059411364891 0.3019506729831391 1.664791443490758
0.5719401920143378 0.303121636705234 1.64625449361697
0.6277771898445068 0.3047098311133921 1.623849288959314
0.6977173259157778 0.3070015861822932 1.59807313817284
0.7827258862017227 0.3104454838975149 1.570296934684045
0.8830864692262572 0.3170214558922884 1.543241416245326
0.9956093948735599 0.3274118841953231 1.520629754878616
1.111223407620394 0.3412325964255507 1.506132210890318
1.230325304567958 0.3584141727148797 1.499506786845861
1.343084474179757 0.3779296234293559 1.500891279533583
1.444274428851813 0.3982926206965001 1.508821088581058
1.530515969858916 0.4191403169130597 1.521029297002369
1.601605572936183 0.4381023130356095 1.533985711706086
1.658339249997598 0.4542744714237543 1.546235245877235
1.702503225353505 0.4675468585434523 1.557026789484817
1.736235186172384 0.4781098944949944 1.566052226198106
1.761634895160525 0.4863179581036189 1.573316042255567
1.780559908189364 0.4925805975661402 1.578998626238497
1.794552106575466 0.4972936627580516 1.58335247406296
1.80483900872805 0.5008044352269467 1.586637666812523
1.81237083074592 0.5033998992393524 1.589088984678615
1.817869025135005 0.5053080447867692 1.590903248741259
1.821874009637422 0.5067051853583721 1.592238079692186
1.824786750262836 0.5077251377168865 1.593215946432704
1.826902713047499 0.5084681184929036 1.593930079156489
1.828438588483547 0.5090084900188164 1.594450414908515
1.829552754185487 0.509401058579022 1.59482892674471
0.4032582764547948 0.2967384663273567 1.727614704214238
0.4043735444948736 0.2967830265624934 1.727073233385905
0.4059105635805548 0.2968440249493743 1.72632765987548
0.4080273829746107 0.2969272689164248 1.725302079842916
0.4109400039483481 0.2970403943791871 1.723893313610636
0.4149424451261856 0.297193261120716 1.721961981468316
0.420432798254511 0.2973983065163612 1.719321395445789
0.427946050150034 0.2976707419798778 1.715724596308273
0.4381938325650496 0.2980284933377222 1.710850727584968
0.4521092520565865 0.2984919490181667 1.704293942056698
0.4708917101571501 0.2990841912919232 1.69556127855618
0.496040189740278 0.2998336972231006 1.684091821925862
0.5293541978308167 0.3007839034615311 1.669316539796709
0.5728683207344765 0.3020164384490129 1.650784015012565
0.6286731466413786 0.3036931436842271 1.628372569593095
0.6985679491847304 0.3061098980291759 1.602573486277507
0.7835228187691635 0.3097266655951287 1.574755606365957
0.8841678139032411 0.316521826815626 1.547493550368717
0.9970831700043321 0.3271264815931719 1.52465545819723
1.111175939061012 0.3409076815885604 1.510141937840879
1.230374897620188 0.3581689049764082 1.503316332686119
1.343208048123803 0.3777521630237733 1.504588743600136
1.444445780785886 0.3981626249821775 1.512472291498351
1.530721588404156 0.4189108213703814 1.52466147563397
1.601860008221931 0.4378087029563492 1.537701663178751
1.658603536593324 0.4539137633209663 1.550062021140758
1.70276009202313 0.4671212948785832 1.560963549499938
1.736479319040567 0.4776259831018912 1.570085311710094
1.761866450065853 0.4857844720748791 1.577427943652372
1.780780977491153 0.4920067798957473 1.583172446830988
1.794765093902983 0.496688072325359 1.587573706475003
1.805046020764354 0.5001743987061844 1.59089460178986
1.81257352929143 0.5027513759915666 1.593372505519841
1.818068653515839 0.5046457161102588 1.595206416306871
1.8220714719874 0.506032641000299 1.596555689374676
1.824982693000227 0.5070450837746932 1.597544133863885
1.827097594240182 0.5077825708217224 1.598265993964548
1.828632730500233 0.5083189374489053 1.598791963909542
1.829746382707834 0.5087085937509248 1.599174578308564
0.4046348065615294 0.2948636574928582 1.734019100724625
0.4057505280844073 0.2949095126351565 1.733478791858246
0.407288116269802 0.2949723085753272 1.732734825010164
0.4094056353009725 0.2950580548200251 1.731711452833433
0.4123190857366454 0.2951746737194801 1.730305705919502
0.4163224646163476 0.2953324382828243 1.728378462146346
0.4218137824996017 0.2955443860374777 1.725743342512968
0.4293278421505896 0.2958266092818203 1.722153721338811
0.439575890398064 0.2961983403189287 1.717289031456891
0.4534903090115756 0.2966819164284269 1.71074351586353
0.4722692107552343 0.2973033217114938 1.702023822824653
0.4974094395882838 0.298095304389476 1.690567677073198
0.5307072161423384 0.2991074360168364 1.675802993757171
0.5741926923441338 0.3004298066268047 1.657272842690805
0.629951729099687 0.3022353528212755 1.634847362927655
0.6997815073654121 0.3048337287231249 1.60900909463252
0.7846576023758749 0.308701402976712 1.581124057775447
0.8855815182143836 0.3157881204921089 1.55359478810962
0.9988861557496727 0.3266651394701678 1.530441447988831
1.111242166824993 0.340435039194322 1.515840637898465
1.230529859627347 0.3578150327394903 1.508724110030527
1.34343251211237 0.3774981575587003 1.50983044484991
1.444714625011141 0.3979779526710954 1.517641743065638
1.531030372172082 0.4185955185478492 1.52979744219751
1.602223825899255 0.4373985862273181 1.542947932197241
1.658975665683478 0.4534068123934316 1.555460849610542
1.703120004165447 0.4665218736734337 1.566515521739503
1.736821060299502 0.4769438852233095 1.575771879240661
1.762190740394808 0.485032363610151 1.58322472567293
1.781090855799925 0.4911978226577191 1.589055795405009
1.795063902912011 0.4958343814991932 1.593523303011656
1.805336656787149 0.4992863142541997 1.59689405604071
1.812858268766974 0.501837294267679 1.599409067494722
1.818349197905235 0.5037122262523086 1.601270389713132
1.822349058383397 0.5050847926152414 1.602639806828932
1.825258205843631 0.5060866819234866 1.603643002410104
1.82737166017815 0.5068164492437491 1.604375637348539
1.828905790347276 0.507347188644662 1.60490946294458
1.830018744824098 0.5077327531897281 1.60529779734715
0.4065151961846101 0.2922726809628107 1.742834364897504
0.4076314959300549 0.2923203778265245 1.742295523246507
0.4091698053157331 0.292385729756565 1.741553585751458
0.4112882043151522 0.2924750328566805 1.740533001743519
0.4142026871576686 0.2925966152944888 1.739131065646329
0.4182072162094995 0.2927613347114375 1.737208975041677
0.4236996875706306 0.2929830762323603 1.73458072900101
0.4312146541902854 0.29327917360058 1.731000097475609
0.4414628497978548 0.2936706956469219 1.726146826985431
0.4553756996225922 0.2941827112222224 1.719615173734868
0.4741496223705837 0.294845258873826 1.710911105601326
0.4992786476647855 0.2956970354299516 1.699470296820201
0.5325546380513633 0.2967961324776044 1.684716248437494
0.5760017490446423 0.2982443706875171 1.666184209697142
0.6316991017350366 0.3002300756092648 1.643732849427187
0.7014397854620359 0.3030820900640586 1.617832605404665
0.7862036306588748 0.3073000742275555 1.58984592722197
0.8872764143255898 0.3147451822073711 1.562007516532813
1.000803806595903 0.32593371142759 1.538445439207232
1.111643648896949 0.3397748895123921 1.523598651484012
1.230951074490826 0.3573285017955684 1.516082950381867
1.343872301875157 0.3771547997714435 1.516957857307104
1.445161880758773 0.3977323603928605 1.524664232894975
1.531507075907378 0.4181913703075053 1.536766515739648
1.602740315549492 0.436855956829987 1.5500529175603
1.65948734494734 0.4527275313299435 1.562766421251222
1.703608391363825 0.4657144998890139 1.574025640785032
1.737282328566398 0.4760231383504652 1.583462654235865
1.762627628231208 0.4840161622322204 1.591063615813475
1.7815081413472 0.490104375937553 1.597011006689953
1.795466323117024 0.4946802796371017 1.60156748163755
1.805728173590901 0.4980856404609318 1.605005147049736
1.813241948613752 0.5006014492232331 1.607569930589063
1.818727315522475 0.5024501399160569 1.609468002397541
1.822723261018831 0.5038033002707608 1.610864416764538
1.825629668319644 0.5047909301391413 1.611887377304721
1.827741213500895 0.5055102687916949 1.612634447335537
1.829274018276572 0.5060334072498727 1.613178796344549
1.830386055162562 0.5064134453243132 1.613574793034061
0.4089330730124447 0.2888889523745164 1.754286048286202
0.4100500644423356 0.2889391215422421 1.753748964757129
0.4115892309490592 0.2890079037754399 1.753009459708843
0.4137086677374595 0.2891019788851939 1.751992216987338
0.416624355613189 0.2892302178463328 1.750594845054106
0.4206302089063158 0.289404259309963 1.748678917675681
0.4261239780252528 0.2896391188766844 1.746058871976268
0.4336399079670883 0.2899537828528921 1.742488920296999
0.443888108886142 0.2903717589922276 1.737649121089516
0.457798852656628 0.290921733940473 1.731133621731189
0.476566517350175 0.2916391005026742 1.722447343284341
0.5016817234038506 0.2925703890093524 1.711023091593629
0.5349309703746538 0.2937848860887253 1.696278388995615
0.5783307849514184 0.2953998172598164 1.677738061187547
0.633951009261794 0.2976237688191717 1.655245659681551
0.7035769934314201 0.3008110377613677 1.629255908146927
0.7881876842957725 0.3054924345061092 1.601127247538555
0.8890652431943491 0.31333138240346 1.572992139828205
1.002367433789086 0.3248216456836475 1.54895482082947
1.112767767148301 0.3389008109133592 1.533559814847495
1.231916550595905 0.3567004397386563 1.52553862006305
1.344720005705305 0.3767243424653933 1.526117412755299
1.445917553131328 0.3974334296505912 1.533685550056016
1.532247917383496 0.417720808903548 1.545712442267317
1.603461631073316 0.4361884363931702 1.559151738473525
1.660167983978644 0.451873704995832 1.572113471206287
1.704243263786982 0.464690322717559 1.583631227944831
1.73787545565778 0.4748503307691585 1.593298093516993
1.76318657328657 0.4827192691519768 1.601087851557159
1.782040793058634 0.4887075860612699 1.607183521498892
1.795979494335199 0.4932053040962344 1.611853343041962
1.806227242417453 0.4965507602329892 1.615376196979053
1.813730960002385 0.4990213925252295 1.618004306514017
1.819209223835629 0.5008364089274726 1.619949111346602
1.823200186477573 0.5021646823295123 1.621379843837195
1.826103114686151 0.5031340332629547 1.622427922337497
1.828212240566138 0.5038400074040086 1.623193333882671
1.829743368580218 0.5043534069268285 1.623751052905867
1.830854246384946 0.5047263648491225 1.62415678419893
0.4118108959869745 0.2847823826502832 1.768094288979937
0.4129286557021994 0.2848356270065417 1.767559193379781
0.4144687684446182 0.2849086750676152 1.766822439408915
0.4165893432471126 0.2850086827874912 1.76580897491186
0.4195063415806641 0.2851451941447302 1.764416761296254
0.4235136217477378 0.2853308151359191 1.762507790776979
0.429008771689241 0.2855819596055589 1.759896980844551
0.4365257017026996 0.2859196544886983 1.756339012512188
0.4467738501218729 0.2863704130596179 1.751514233377951
0.4606822520610377 0.2869673700428393 1.745016544064706
0.4794430892411406 0.2877524854477709 1.736349452576893
0.5045432665479305 0.2887818770596457 1.724942114800021
0.5377632797377433 0.2901385166456119 1.710204614378028
0.5811106751767172 0.2919584796096826 1.691648965434221
0.6366431936032525 0.2944752665031769 1.669100323406907
0.7061328458225103 0.298074812555932 1.642994617970664
0.7905470357280496 0.3033272569417675 1.614686504363682
0.8906245874213163 0.3115364068067978 1.586356927981931
1.002908933296448 0.3232447143653816 1.561851923845321
1.116541021493263 0.3379682910813998 1.545262086464083
1.233779646819038 0.3559497836824555 1.536827593025833
1.346216483070046 0.3762324902118332 1.537068187273911
1.447138925247352 0.3971082402038648 1.54447612529702
1.533362133023295 0.4172385746465568 1.556412458300805
1.604433942548416 0.4354393533436254 1.570004414918118
1.661031891857306 0.450883422902799 1.583251099545508
1.705023632109454 0.4634858351748928 1.595073776107946
1.738592388534109 0.4734622502952108 1.605014011411312
1.76385636522865 0.4811795812087826 1.613028873284959
1.782676235318538 0.4870466792749573 1.619301393894846
1.7965902766997 0.4914499421131137 1.624106338438994
1.806820508054167 0.4947232383739548 1.627730678014127
1.814311878878492 0.4971395578037359 1.630434178825054
1.819781487663455 0.4989141427548896 1.632434590562734
1.823766408250524 0.500212561774571 1.633906141068071
1.826665131529423 0.5011599983196336 1.634984086418971
1.828771339817248 0.501849956159291 1.635771303236991
1.83030044876705 0.5023516872222362 1.636344915555269
1.831409932313422 0.5027161634741321 1.636762218156063
0.3936923615253503 0.3092952522478019 1.714194419385138
0.3947989859040567 0.3093532912511031 1.713635402064478
0.3963246794347574 0.3094328075155339 1.712865402721411
0.3984267173659237 0.3095414201085999 1.711805890324037
0.4013201546944641 0.3096891784046317 1.710350083410314
0.4052979355803562 0.3098890880253177 1.708353671966047
0.410756964466838 0.3101575876228844 1.705623348129822
0.4182311130342402 0.3105147927788171 1.70190337390334
0.4284312169535713 0.3109844284206014 1.696861575752755
0.4422906082595723 0.3115920021056632 1.690077400105624
0.4610106664974497 0.3123655215303988 1.681040824700754
0.4860959812105619 0.3133335284703669 1.669171406291568
0.5193571138564257 0.314530993025616 1.653881034937081
0.5628476008407782 0.3160159037651089 1.634704531137111
0.6186859436183489 0.3179038427194059 1.611519436328025
0.6887071070512516 0.3204161231017262 1.584839629381251
0.7739119280184528 0.3239117119526937 1.556084182019497
0.8740415506557068 0.3303076853643372 1.528247042555126
0.9862045599336724 0.3404888864999664 1.504959046041968
1.104824062966234 0.3545288209873877 1.48965697960895
1.224377514086965 0.3717958861397698 1.48283280834081
1.337607489278258 0.3914881397745695 1.484218225085754
1.439215494692894 0.4121040541066801 1.492344385148152
1.525753019196351 0.4334730529304645 1.504922546784807
1.596987666411028 0.4528342314342692 1.518240578940423
1.653826796845578 0.4693268607734589 1.530847284940096
1.698053622254374 0.4828495565078041 1.541964674784996
1.731813749900585 0.493603303908648 1.551269157125115
1.757218341294826 0.5019537928854175 1.55876075809936
1.776134978050732 0.5083211971211354 1.564622794104795
1.790112595978337 0.5131104624399417 1.569114359512848
1.800383095157332 0.5166762001546712 1.572503266945499
1.807899116451729 0.5193110969287248 1.575031617527839
1.813383244302662 0.5212474112441996 1.576902529352999
1.817376262732365 0.5226646016545559 1.578278711828438
1.820279138912165 0.5236988024119171 1.579286615342613
1.82238712702224 0.5244518857794211 1.580022468052688
1.823916666575214 0.5249994119250188 1.580558479429568
1.825025835211525 0.5253970420702867 1.580948275888908
0.3929708715696891 0.3102106532195801 1.714925296057559
0.3940781449092305 0.3102692432622536 1.7143672610285
0.3956047523135795 0.3103495142754787 1.713598592223884
0.397708072453531 0.3104591567253331 1.712540874715998
0.4006032984656384 0.3106083127673282 1.711087476213979
0.4045835564149782 0.3108101057909954 1.709094272083651
0.4100459822277199 0.3110811188437227 1.706368174288199
0.4175247278312107 0.3114416334786876 1.702653683746627
0.4277309420302451 0.3119155474179354 1.697618843002475
0.4415982559683217 0.3125285410245885 1.690843212088046
0.4603282433733026 0.3133087172421712 1.681816593969315
0.4854254240730547 0.3142846443204796 1.669957820251635
0.518699837911444 0.3154912575358652 1.654677082844943
0.562203940288027 0.3169866478351743 1.635506060884929
0.6180548833525715 0.3188871596308734 1.61231746043566
0.6880871928750026 0.3214164704323469 1.585619224720028
0.7733045320328776 0.3249386721538251 1.556825700573935
0.8736835795141026 0.3313682608599782 1.528838160841954
0.986034572293465 0.3415933245934423 1.50541546817191
1.103939578571451 0.355582247874748 1.490076779899504
1.223607638987344 0.3728824972566729 1.483124940797856
1.336944073273196 0.3926205027349517 1.484419955707526
1.43864121523712 0.4132886594711349 1.492489719233762
1.525247279122819 0.4346641324962876 1.505033782834752
1.596547807406665 0.4540547922123072 1.518359843921526
1.653423439928635 0.4705713544441601 1.530985832364668
1.69766901111003 0.4841121197534071 1.542124831249949
1.731437972092042 0.4948789235417844 1.551449002265369
1.75684618309685 0.5032386088252453 1.558956889205811
1.775763848167593 0.5096124047862587 1.56483169832115
1.789741292692177 0.5144060857984873 1.56933296879078
1.800011125924754 0.5179748685607357 1.572729105460689
1.807526340385936 0.5206118663201234 1.5752627734997
1.81300968081752 0.5225496316381355 1.577137563433672
1.817002001015607 0.5239678267468217 1.578516559172904
1.819904286773509 0.5250027235353696 1.579526495286365
1.822011791293931 0.5257562899754432 1.580263812945468
1.82354094203752 0.526304151605772 1.58080087807024
1.824649802708602 0.5267020146985614 1.581191431534952
0.3918741822941409 0.311593740670507 1.716032139032635
0.392982423228307 0.3116531816840977 1.715475596398543
0.394510394358347 0.3117346184004496 1.714708949177145
0.396615629559827 0.3118458517104926 1.713653958936889
0.3995135295713829 0.3119971673636349 1.712204220201076
0.4034974943831246 0.3122018711866602 1.710215890304688
0.4089650094608508 0.3124767702061202 1.707496215761423
0.4164506516396379 0.31284240400587 1.703790061485867
0.4266660477518678 0.313322940003266 1.698765800065856
0.440545291888983 0.3139443290126445 1.692003167072256
0.4592902722902405 0.3147348265225214 1.682991704859798
0.4844054385018964 0.315723045907804 1.671149150961329
0.5177000924487942 0.3169438676494222 1.655883128413843
0.561225112291053 0.3184555249477785 1.636720558018196
0.6170956404913797 0.3203754947405737 1.613526814455374
0.6871454680874576 0.3229310192481383 1.586800832855011
0.7723822389566403 0.3264939799305692 1.55794978032906
0.8731214385056094 0.3329735369634262 1.529740365055521
0.9857453114620252 0.3432624311165018 1.506114787888784
1.102627235965135 0.3571806344834316 1.490714885359302
1.222462335214431 0.3745317455059223 1.483570159697538
1.335954106621341 0.3943396209974947 1.484728424372965
1.437781287686177 0.4150874248195009 1.492712672605738
1.524487575229728 0.4364742835249371 1.505204479077409
1.595883904708084 0.4559091862362112 1.51854184472162
1.652812429318855 0.4724618695911078 1.531196692155132
1.697084981055669 0.4860300110835107 1.542368323166687
1.730866489314395 0.4968166515541023 1.551722324789254
1.756279686577842 0.5051903396870636 1.559254925946759
1.775198607128098 0.5115738856072551 1.565149135163346
1.789175600536354 0.5163743125268343 1.569665153369089
1.799444304505268 0.519947753278739 1.573072278978244
1.806958217918879 0.5225879685320713 1.57561403155702
1.812440312912475 0.5245279581834299 1.577494718480272
1.816431539670254 0.5259476948410228 1.578877992423101
1.819332906452407 0.5269836604762679 1.57989101976993
1.821439661323316 0.5277379693194808 1.580630565473019
1.822968211110943 0.528286346925847 1.581169233304454
1.824076596827042 0.5286845685634691 1.581560938176308
0.3902268224250842 0.3136526130342883 1.717685572954214
0.3913364762981265 0.3137133593164934 1.717131268329049
0.3928664413673465 0.3137965843524581 1.716367652859704
0.394974480375344 0.3139102587396214 1.715316752963414
0.3978763008544676 0.3140648891009992 1.713872503610538
0.4018657088222666 0.3142740622155533 1.711891485547972
0.4073407099765196 0.3145549305867588 1.709181447996699
0.4148365174029366 0.3149284328849586 1.705487803511397
0.4250654809322337 0.3154191555848945 1.70047942272953
0.4389624087905146 0.3160534707898441 1.693736309631592
0.4577297047739139 0.3168598774589215 1.684747624336344
0.4828717920891218 0.3178670638390553 1.672929476785591
0.5161969863200606 0.319109819195451 1.657685656192678
0.5597539440656726 0.3206465547213707 1.638535970230078
0.6156548857755363 0.3225963825301544 1.615334820094142
0.6857323630387728 0.3251918253467884 1.588567640337782
0.7709993268213452 0.3288164529426185 1.559630818744528
0.8722361799150224 0.3353682061750601 1.531103418224242
0.9852397342922423 0.3457462112349686 1.507177641287298
1.100725496310566 0.3595727434866967 1.491672813768628
1.220795707019173 0.3770007493996043 1.484240889615522
1.334506702995178 0.3969138807618775 1.485195165362532
1.436517503338166 0.4177814697666735 1.493051409076009
1.523366113195594 0.4391886954637846 1.505463862894573
1.594897117685628 0.4586886035164645 1.518816191554595
1.651899674676453 0.475294819126664 1.531513358265728
1.696209653407197 0.4889037580179719 1.542733495047776
1.730008246632412 0.4997200749793643 1.552132053281256
1.755427925274194 0.5081147725757079 1.559701651805534
1.774348145121586 0.5145129800391938 1.565624937187332
1.788324112356953 0.5193235695835854 1.570163073291931
1.798590908076644 0.5229040380901626 1.573586685905473
1.806102735271023 0.5255491139177678 1.576140570777948
1.811582875725041 0.5274924675176629 1.57803010847448
1.815572405848061 0.5289145377755499 1.579419804152919
1.818472356705235 0.5299521228724677 1.580437471826832
1.82057796194369 0.5307075574879973 1.581180362230865
1.822105593253881 0.5312567181273622 1.581721436077574
1.823213254910427 0.5316554843051959 1.582114869492903
0.3877960193114066 0.3166504953833004 1.720105715067009
0.3889076727995896 0.3167132212771934 1.71955470172782
0.390440465280547 0.3167991591505098 1.718795545137216
0.3925524882564572 0.3169165376535638 1.717750661511143
0.395459891390012 0.3170761996390146 1.716314487046308
0.3994570684803708 0.3172921602107333 1.714344226178177
0.4049427829181503 0.3175820996168049 1.711648369220272
0.4124531827296155 0.3179675682139319 1.707973137279163
0.4227016955833384 0.3184737983386706 1.70298813895258
0.4366242239259782 0.319127812930634 1.696273782052201
0.4554240248485372 0.3199584970633084 1.68731867952133
0.4806056525030628 0.32099465975704 1.675536570087315
0.5139762291440251 0.3222709302876203 1.660325635329219
0.5575814523029315 0.3238458976588046 1.641195256724316
0.6135294471565519 0.3258409339940324 1.617983723498298
0.6836506679329459 0.3284961795791616 1.591156612487927
0.7689644993055436 0.3322124048438533 1.562094417651409
0.8708410732396757 0.3388640735627139 1.533131173690423
0.9843376278920615 0.3493585951492677 1.508773212124626
1.098066067993782 0.3630799240911374 1.493083931913525
1.218449425331963 0.3806218188259698 1.485233669417627
1.332454026713841 0.4006903071594295 1.485890007317594
1.434711204124905 0.4217344139451966 1.493558367112105
1.521753067638344 0.4431784719310615 1.505852149483678
1.593463573326644 0.4627709024081075 1.519222188720736
1.650564241405656 0.4794543250711494 1.53197954623761
1.694923177480937 0.4931225841226105 1.543270108997825
1.72874348230838 0.5039822868111156 1.55273381977051
1.754170763298876 0.5124078187274553 1.56035769035394
1.773091784793171 0.5188276064400266 1.566323697013586
1.787065590527059 0.5236531878408225 1.570894358979052
1.797329186431047 0.5272440421887238 1.574342228614539
1.804837702207497 0.5298963116351924 1.576913968434999
1.810314814322823 0.5318446500052835 1.578816533759727
1.814301749948704 0.5332701818908769 1.58021568255807
1.817199553324363 0.5343101715545154 1.581240181353621
1.819303424541886 0.5350672791469265 1.581987995672881
1.820829676017748 0.5356176043704485 1.582532611568358
1.821936253167234 0.5360171810691793 1.58292858967553
0.384302346690401 0.3208778303323548 1.72354453793314
0.3854167017190626 0.3209435031383167 1.722998228451637
0.3869533258619958 0.3210334806839678 1.722245444913518
0.3890707650596421 0.321156377109095 1.721209161149823
0.391985783096902 0.3213235382580736 1.719784530658738
0.3959935956776733 0.3215496212261082 1.717829650984293
0.4014940351380378 0.3218530992591935 1.715154074715723
0.4090245854624775 0.3222564456863416 1.711505184046352
0.4193002458194688 0.3227858739599956 1.706553651814601
0.4332585734082546 0.3234693981458033 1.699880478657454
0.4521042394216943 0.324336508592975 1.69097352100801
0.4773423309858192 0.3254162037032802 1.679243166070985
0.5107787887045885 0.3267428244119978 1.664079630119827
0.5544557106582456 0.3283750326800566 1.644977444521259
0.6104757922995663 0.3304371218026896 1.621751898025475
0.6806659670775601 0.3331798005278956 1.594840150936196
0.766052098661519 0.3370284312672163 1.565599877063976
0.8686536931870849 0.3438097082947319 1.536079018105192
0.982718632834401 0.3544412387171016 1.511124325874408
1.094538899337576 0.3680700103280137 1.495104789449773
1.215303586541216 0.385775574633907 1.486664595279102
1.329669849766294 0.4060666112828218 1.486899161465013
1.432231918570861 0.4273631947272337 1.49429970296497
1.51951887772697 0.4488737071927032 1.50642040671935
1.591449024391481 0.4685917927767807 1.519806922257228
1.648668747118192 0.485382229383209 1.532646129501866
1.69308583877177 0.4991336995781334 1.54403550431023
1.726930636185352 0.5100547314875478 1.553591575184981
1.752365143765768 0.5185240802551851 1.561292729784739
1.771285252763588 0.5249746503063284 1.567319707398914
1.78525477870139 0.529821676366167 1.571936843402184
1.795513095225401 0.5334274188838743 1.575419393709263
1.803016448604075 0.5360900180136622 1.578016669487365
1.808488964996989 0.5380455242458329 1.579937869978721
1.81247202229147 0.5394760395564803 1.581350541952115
1.815366646313491 0.5405194943960502 1.58238481330734
1.817467966937507 0.5412790150539386 1.583139671744616
1.81899219837475 0.5418310214450314 1.583689354769934
1.820097193457311 0.5422317691297676 1.584088973112952
0.3794675120603651 0.3265759233288258 1.728230292214691
0.380585279136286 0.3266458532873525 1.727690437780222
0.3821267663155261 0.3267416690753023 1.726946400691226
0.3842511141457425 0.3268725443130945 1.725921920837581
0.3871758957601225 0.3270505561999539 1.724513137634148
0.3911974206778577 0.3272912975766237 1.722579377103007
0.3967169620468273 0.3276144012297976 1.719931654739286
0.4042738369559926 0.3280436970963758 1.71631895521486
0.414585260021759 0.3286068525648809 1.71141342760974
0.4285912311366765 0.3293333551622351 1.704796911834817
0.4474987296851858 0.3302536251793319 1.695956267662429
0.4728142279810659 0.3313969508740604 1.684297342614254
0.5063430372999537 0.3327971610009267 1.669199497279
0.5501235154828773 0.3345126657740316 1.650136954123267
0.6062517349594602 0.3366711630220229 1.6268934533824
0.676548876263183 0.3395372277344504 1.599867052267112
0.7620446837198775 0.3435699433758443 1.570383883421974
0.8652815809986676 0.3505038141765838 1.540222539871768
0.9798646490232673 0.3612691987501892 1.514494041204244
1.090209129265417 0.3748749314110321 1.497882440044306
1.211371578869022 0.3928058418917496 1.48864812832169
1.326125117946409 0.4134024469946297 1.488311910364625
1.429017387674939 0.4350452097012295 1.495346612108712
1.516584346149901 0.4566728917127594 1.507224817323537
1.588747103562046 0.4765505127748866 1.520617021553844
1.646091127123158 0.4934811755739331 1.533560604940398
1.690566445691853 0.5073436124964787 1.545082095585302
1.724433052043869 0.5183473196615862 1.554763484778549
1.749870991334868 0.5268761579313752 1.562570159774906
1.768786229669488 0.5333687265346805 1.56868063526282
1.782747819228132 0.5382451142901186 1.573361513082717
1.792997684912708 0.5418712946967372 1.576891667208289
1.800493230806304 0.5445481022715809 1.579524008358145
1.805958996556813 0.54651348339582 1.581470802960629
1.809936453016915 0.5479508729002636 1.582902049384726
1.812826536111358 0.5489991127999054 1.583949743672909
1.814924241215489 0.549761968762999 1.584714277127143
1.816445624967522 0.5503163007924154 1.585270919415803
1.817548399022693 0.5507186696409566 1.585675536973194
0.3731178492572482 0.3338050560880319 1.734263340867703
0.3742395356855754 0.3338808583142795 1.733731867461579
0.3757866533602864 0.3339847318363853 1.732999187648482
0.3779190645429651 0.3341266267041872 1.731990037221815
0.38085533511903 0.3343196373952865 1.730601838056041
0.3848931352009279 0.3345806623175047 1.72869551555261
0.3904355622244592 0.3349309585335475 1.726083992437719
0.3980243104803792 0.3353962683892346 1.722518347882342
0.4083795684446835 0.3360063291893847 1.717672671656533
0.4224447973976671 0.336792736197369 1.711129932221157
0.4414305975189056 0.3377872912296117 1.702375757353502
0.4668463539841379 0.3390197182537875 1.69081018765243
0.5004982594016244 0.3405229902403629 1.675798594184614
0.5444218835643344 0.3423545881007316 1.656788916164359
0.600706170894814 0.3446455711449617 1.633523912654033
0.6711633840529877 0.34767736279359 1.606350638722139
0.7568199584847727 0.3519526785920236 1.576553857843373
0.8602666806391184 0.3590415892958452 1.545776403556395
0.9750699458410862 0.3698935500199709 1.519132683918606
1.08724988818767 0.3838315194377661 1.501281006822004
1.206915356851812 0.4018599270878781 1.491250460322155
1.321985640515868 0.4228526073692701 1.490188438215937
1.425157171485724 0.4449435534889983 1.496752278375843
1.512995320674622 0.4667676877392821 1.508310861841736
1.585343505880205 0.4868297504612153 1.521681126264605
1.642783307283951 0.5039307125201548 1.534746528898751
1.687298343850326 0.5179313876846308 1.546433575821135
1.721173844555583 0.5290396373443008 1.556275229344836
1.746605685455224 0.5376444129026778 1.564217983764821
1.76550878109045 0.5441909295079953 1.570436562225743
1.779456789951443 0.5491051970992735 1.575200125853469
1.789693793120788 0.5527578266354205 1.5787920914759
1.797178083481892 0.5554530638023516 1.581469984729038
1.80263440673643 0.5574312758734122 1.583450034220768
1.806604171413394 0.5588776095187281 1.584905416041918
1.809488093989948 0.5599320822886761 1.585970551415491
1.811580935279476 0.5606992867663755 1.586747655203349
1.813098511921422 0.5612566533943711 1.587313338477064
1.814198330589735 0.561661139193631 1.587724449941294
0.3653317458044277 0.3423002566684567 1.741488610916454
0.366457388083713 0.3423836394860986 1.740967269832778
0.3680102651614315 0.3424979223081888 1.740248322029077
0.3701510341643767 0.3426540651169108 1.739257709003171
0.3730993710229686 0.3428664892643309 1.737894406250327
0.3771544972312691 0.343153802377844 1.736021278613104
0.3827216404579846 0.3435393982868433 1.733453565129995
0.3903453571051983 0.3440515540778336 1.729944895834762
0.4007495671411846 0.3447227822949442 1.725171738940867
0.4148823394783335 0.345587524612661 1.718718479204165
0.4339595742402377 0.34667953015543 1.710069337082107
0.4594958391236531 0.3480291660480831 1.698617445928809
0.4933009405704103 0.3496681173300531 1.683711393960634
0.5374102107734253 0.3516518572357183 1.6647674324962
0.5939062803593212 0.3541138926692624 1.641478694994035
0.6645886748815947 0.3573541704193243 1.61413017575255
0.7504676720107757 0.3619277223771603 1.583955966710374
0.8532492114595087 0.369140177887236 1.552760049169522
0.9676357336806373 0.3799774301652841 1.525166828553455
1.083799625825201 0.3944142246806366 1.505480713446321
1.202489236450409 0.4126940515756352 1.494423619559249
1.317663477478794 0.4341635426978397 1.49251059324786
1.420950186611469 0.456793569911835 1.498514064614429
1.508983818907364 0.4789216250681152 1.509686164230201
1.581382467633243 0.4991718630037812 1.522985328960349
1.638841196064607 0.5164605721122254 1.536177275963063
1.683351768399375 0.5306192562745747 1.548055459449358
1.717209889890629 0.5418494075766588 1.558087182955114
1.742619226389802 0.5505438045001025 1.566193049107268
1.761499389541131 0.5571544850112519 1.572541838239102
1.775426386314084 0.5621140389945202 1.577405232816331
1.78564522072828 0.5657984022685525 1.581071912345636
1.793114373135851 0.5685158075427404 1.583804895273879
1.798558365108433 0.5705094821558543 1.585825170584827
1.802518270487874 0.5719666094661005 1.587309747982437
1.805394396377684 0.573028612252041 1.588395979725805
1.807481136827408 0.5738010748731772 1.589188286589589
1.80899396971762 0.574362113600418 1.589764902825316
1.810090124464733 0.5747691627509194 1.590183865916632
0.3936388214554328 0.3082993322133181 1.715773274844591
0.3930921190491056 0.3089960937317555 1.716813460278267
0.3922533006412903 0.3100602330774031 1.718381536273483
0.3909764104227632 0.311668808983079 1.720706296884432
0.3890565859651896 0.3140620526537886 1.724068126565155
0.3862254420952721 0.317537254315634 1.728756156450181
0.3821728422054298 0.3224033478123694 1.734966116802239
0.3766233152165998 0.3288690901183292 1.74263991619074
0.3694847324089675 0.3368694591628539 1.751320179108068
0.3945537061343382 0.3071276167583409 1.716455218465295
0.3941868652571011 0.3075983017813656 1.717648592628805
0.393615897399813 0.3083285995721771 1.719451583874547
0.3927290499120979 0.309457417676715 1.722131867460841
0.3913583564123254 0.3111890693232063 1.726020762307967
0.3892626009326693 0.3138066721966464 1.731465675745514
0.3861258805066753 0.3176583139207043 1.738711521214983
0.3816058754971358 0.3230742264342121 1.747707207546142
0.3754725201939908 0.3301823535247957 1.757919261717812
0.3955017427121923 0.3059058213104465 1.716856851658168
0.395293427549633 0.3061749600082656 1.71812573837492
0.394961492814435 0.3066030319383568 1.72004833683432
0.3944290847447913 0.3072876455495506 1.72291722122516
0.393570906894307 0.3083860263474867 1.727100867360477
0.3921893263745378 0.3101411489594476 1.732998830017221
0.3899964960056201 0.3128941244308342 1.740921011649721
0.3866364780769369 0.3170366442862123 1.750879533594288
0.3817997691280905 0.3228450654628885 1.762369155637674
0.3964471649183722 0.3046795782919902 1.717093021302758
0.3963732066721757 0.3047757881335338 1.718397653885523
0.3962463331592848 0.3049407212194218 1.720379551946241
0.3960232671415065 0.3052303587170958 1.723346878100507
0.3956234876919727 0.3057483540208181 1.727693533210417
0.3949031999422205 0.306678109221044 1.733858944253459
0.3936275966631802 0.3083136635719681 1.74221068196323
0.3914712610917446 0.3110470249644563 1.752832117402966
0.3881015296928453 0.3152414989338705 1.765281272158616
0.3973816351757128 0.3034597766180497 1.717222495868416
0.3974198931775776 0.3034096710830471 1.718541233702661
0.3974663466034272 0.3033488145975261 1.720548965876413
0.3975091166492563 0.3032927664497259 1.723563257134957
0.3975123781793343 0.3032884916943107 1.727994534884354
0.3973918458306561 0.3034464052634403 1.734310260635396
0.3969827811133224 0.3039813670268821 1.742922316194697
0.3960237316391305 0.3052297560504512 1.753975476035543
0.3942063134186257 0.3075733773604216 1.767094086339149
0.3983025022139089 0.3022500897107213 1.717277612194466
0.3984337213890532 0.3020770922464501 1.7185982797183
0.3986255255422691 0.3018239393854466 1.720612647488807
0.3988949663545317 0.3014677525325338 1.723643540427986
0.399249686058373 0.300997820892927 1.728111366155792
0.3996677592488577 0.3004424773846021 1.734501638354903
0.4000661442003872 0.2999117874719749 1.743256560786687
0.4002726445225065 0.2996361294085865 1.754565941896751
0.4000417185874843 0.2999443671575981 1.768107999741483
0.399212215554642 0.301047516103279 1.717278048428534
0.3994230911785236 0.3007676748478679 1.718593748651124
0.3997405919400417 0.3003455662323402 1.720603686959484
0.4002084916585075 0.2997218096909571 1.723633230878192
0.400876052511583 0.2988283629823826 1.728108116838493
0.4017839606779008 0.2976065337689666 1.734523996736475
0.4029364685777652 0.2960442573165026 1.743340509508042
0.4042654220322067 0.2942268997714549 1.754773752368622
0.4056125431960609 0.2923670036136494 1.768534335416734
1.826160023135959 0.5245373955220104 1.583239725465882
1.825837414092254 0.5256592496112393 1.583896157393065
1.825343269352842 0.5273725992400625 1.584879337697996
1.824593208181233 0.5299618232098009 1.586321761765471
1.823470554449361 0.5338118080907184 1.588373111626353
1.821826135569028 0.5393972943559875 1.591159437197872
1.819494792614648 0.5472098400514384 1.594701723409737
1.816343646977261 0.5575801874943949 1.598808524992325
1.812357309598055 0.5704041477298695 1.603017789492516
1.826672161576714 0.5227511104929351 1.584585569229713
1.826422248550476 0.5236236047016603 1.585468088287449
1.8260367373979 0.524966420901538 1.586791599545484
1.825445117648033 0.5270199539447247 1.588738699527351
1.824545195500949 0.5301270970016014 1.591521730217343
1.823197072025576 0.5347451224259154 1.595333901693264
1.82122900764202 0.5414100212631867 1.600246352286439
1.818473298837536 0.5505949244370737 1.606063276431863
1.814848735604021 0.5624268630474777 1.612223701694385
1.827227416960207 0.5208069470637567 1.585591152681718
1.827046065997474 0.5214427889271198 1.586616097027538
1.826764173619333 0.5224294817310927 1.588155200134935
1.826326551136709 0.5239572864404413 1.590425817847572
1.825649777884894 0.526310552725077 1.593687978912613
1.824613049603858 0.5298935068636419 1.598195758951373
1.82305633489566 0.5352247277525051 1.604088377692846
1.820803593526084 0.5428390030234009 1.611227121668297
1.817733135152391 0.5530335964206848 1.619063540699392
1.827795338620416 0.5188102827801487 1.586405989101476
1.827674871288617 0.519234507964445 1.587530025465953
1.827485779395635 0.5198996398418326 1.589219168338642
1.827188035846809 0.5209450940926701 1.591715899110113
1.826718518155495 0.5225890975027427 1.59531638321528
1.825980949386132 0.5251604344196721 1.600324608378042
1.824839478629993 0.5291132077678236 1.606943549621835
1.823131331199368 0.5349692127591631 1.615103695608311
1.820721460985102 0.5431144178800773 1.624306419348981
1.828366410149055 0.5167941366149573 1.587098362391847
1.828298949033938 0.5170327478625867 1.588295869197061
1.828191257005306 0.5174134103502696 1.590095950328529
1.828017723230355 0.5180261701464984 1.592759880526155
1.827735771731288 0.519020094153177 1.596611667412192
1.827276600997473 0.5206343561925802 1.601995674205246
1.82653690804411 0.5232235019125208 1.609170436243681
1.825383605243273 0.5272329685347953 1.618134136873256
1.823691873441633 0.5330552130350933 1.628450059884042
1.828937066381568 0.5147709360643069 1.587705081988215
1.828915458800838 0.514847699771748 1.588959893779849
1.8288786925436 0.5149782882422813 1.590846088768747
1.828814649412922 0.5152056749431547 1.593639437017467
1.82870096142994 0.5156090603026225 1.597685830547169
1.828497854253023 0.5163288742584811 1.603362407919244
1.828140281907737 0.5175934882388308 1.61097500095743
1.82753731337358 0.5197184599648338 1.620583377697765
1.826593915117833 0.5230244532098353 1.631813634842139
1.829507119563423 0.5127412689336482 1.588249147634686
1.829527028592481 0.5126702264131446 1.589552329199199
1.829554700371399 0.5125714659926578 1.591510715658486
1.82959072511013 0.5124428631485911 1.594411820525319
1.829632286173046 0.5122944532142962 1.59861923669125
1.829668812451967 0.5121639836434703 1.604536730760383
1.829675995084033 0.5121383235164032 1.612509020250561
1.82961195294684 0.5123670666963184 1.622647528704518
1.829423865784864 0.5130382331734179 1.634632794756716
0.3947966262759798 0.3078865748736801 1.714687010574354
0.3959045430709625 0.3079421297396226 1.714130369175381
0.3974319349897062 0.3080182229069248 1.713363692835647
0.3995360672624759 0.3081221284364371 1.71230888459967
0.402432557903601 0.3082634457032087 1.710859477543386
0.4064141512921614 0.3084545481964051 1.708872077775161
0.4118781193121218 0.308711083794463 1.706154296269427
0.419358615813582 0.3090521154424415 1.702451763758343
0.4295685752420081 0.3094993977206756 1.697433876753527
0.4434361921038074 0.3100790265113158 1.690683521941491
0.4621685442374967 0.3108154709259078 1.681692950126254
0.4872666798053299 0.3117344662778994 1.669889547418978
0.5205457767452493 0.3128763888018444 1.654681203354241
0.5640531005354729 0.3142942005021477 1.635617698699895
0.6199054208131769 0.3161089093557145 1.612578934904184
0.68993430032192 0.3185493058477798 1.58607912608717
0.7751265230922315 0.3219859898268363 1.557530903681524
0.8750623237550407 0.3283441813169514 1.529982011472618
0.9870485948754729 0.3384972642670222 1.506955222283254
1.106079415348993 0.3525916263181276 1.491808501405254
1.22547222377429 0.3698623983571547 1.485148508028679
1.338548133460088 0.389551062876987 1.4866161662575
1.440024506346826 0.410158267986062 1.494751121101292
1.526461268180912 0.4315442966135177 1.507285174123225
1.597613997325579 0.4509050024383997 1.520500840041995
1.654404387924641 0.467400567060276 1.532988117474971
1.698604376804558 0.4809287236297626 1.543989173481215
1.732351047575532 0.4916891285435822 1.553191095926068
1.757749761939613 0.5000463991503866 1.560597699396303
1.776664641899306 0.5064200490697723 1.566392170327229
1.790642531153143 0.5112146957156201 1.570831513146266
1.800914259721683 0.514784891243468 1.574180875859554
1.808431789245164 0.5174233448100098 1.576679679132047
1.813917406758462 0.5193624334157165 1.578528739566838
1.817911804630372 0.5207817975775748 1.579888874157012
1.820815843299274 0.5218176418354852 1.580885049867199
1.822924798558494 0.5225719701880901 1.581612367562103
1.824455126021529 0.5231204406552534 1.582142181388241
1.825564931776829 0.5235187766998672 1.582527488384801
0.3955934623147338 0.3068637091167244 1.71527169705437
0.3967026627872535 0.3069171270798611 1.714717559104559
0.3982317670464832 0.3069902787024065 1.713954356587367
0.4003381877667581 0.3070901424479902 1.712904359872959
0.4032376668591862 0.3072259151317671 1.711461636877314
0.407223213018742 0.3074094396721449 1.709483465074445
0.4126923377546809 0.3076556630661981 1.706778410756076
0.4201794924851406 0.3079827455566817 1.703093366676806
0.4303977966536161 0.308411208456032 1.698099348071853
0.4442760947246816 0.3089661771494694 1.691381533817221
0.4630211892344968 0.3096703993115414 1.682434737194418
0.4881347013040462 0.3105481878581617 1.670688830117862
0.5214291079475449 0.3116404394981607 1.655557039852904
0.5649519316656736 0.3130000357888493 1.636590220239442
0.6208160641097279 0.3147523533524054 1.613670062269901
0.6908479192773374 0.3171337539175528 1.58730881292068
0.7760285335069053 0.3205266239257559 1.558911115347934
0.8759337078632398 0.326861462204427 1.531516222687101
0.9878683440582486 0.3369995531633473 1.508628690688819
1.106829064896869 0.3510865690299898 1.493585661016215
1.226144268392179 0.3683475307559573 1.486983882391651
1.339146378503586 0.3880205715834038 1.488461991353987
1.440561457265385 0.408607971688289 1.496565885271328
1.526955562899353 0.4299682626200801 1.509038905868291
1.598081510609908 0.4493082603115695 1.522172171941779
1.654856943861869 0.465790421738093 1.534572040129471
1.699050186929823 0.4793106424004182 1.545491245008562
1.732795353976806 0.4900668309405534 1.554622412932093
1.758195287235447 0.4984221907294534 1.561970980148033
1.777112655203638 0.5047952551749202 1.567719593347386
1.791093406445485 0.509590008564018 1.572123636573759
1.801367892710271 0.5131606201646305 1.575446321806077
1.808887870225591 0.5157995927364164 1.577925230612361
1.814375556979502 0.5177391934027034 1.5797595932025
1.818371646347565 0.5191590207012018 1.581108945863822
1.821277038969435 0.5201952553105071 1.582097247266981
1.823387068411311 0.5209499049917634 1.582818836972257
1.824918233913324 0.5214986339131539 1.583344493866709
1.826028687281023 0.5218971736471557 1.583726788655262
0.3964379542969609 0.305773572861188 1.715627176660298
0.39754821243277 0.3058249683005325 1.7150751651049
0.3990787185275678 0.3058953373932825 1.714314917011262
0.4011870033605059 0.3059913790047039 1.713269016403993
0.4040888919910439 0.3061219122155259 1.711831993549259
0.4080776053075981 0.3062982822459498 1.709861699413621
0.4135508286836032 0.306534780214023 1.707167523095244
0.421043228239264 0.3068487286272519 1.703497445078289
0.4312679493780195 0.3072595911164601 1.698523909249298
0.4451545800825571 0.3077913683115511 1.69183398179888
0.4639093813708595 0.3084654777999645 1.682924791255122
0.4890343773731758 0.3093051798260419 1.671228372327868
0.5223399394015228 0.3103511926583884 1.656162553655298
0.5658735763420317 0.3116570721624765 1.637279247963201
0.6217448358397105 0.3133521197307781 1.614461825743735
0.6917756506654986 0.315679368707261 1.588221022828619
0.7769421066546239 0.3190312566378298 1.559954732180123
0.8768158078906564 0.3253423522295461 1.532695155801054
0.9886995675201559 0.3354609771981557 1.509930173708386
1.107592447290947 0.349531368946204 1.49497821500509
1.226833214076617 0.366769832146587 1.488427092990207
1.339765339459348 0.386412122393081 1.489914123162046
1.441123267335032 0.4069635711415862 1.497990823488587
1.527479113558073 0.4282817987272636 1.510410844477522
1.598582048593365 0.4475874969672339 1.52347408933442
1.655345609602699 0.4640454493851744 1.535800712599918
1.699534569890898 0.4775493479917894 1.546651971576127
1.733280161014238 0.4882949182325131 1.555724825842258
1.758682792338841 0.4966435563623036 1.563025823004625
1.777603767683692 0.5030124552609565 1.568737015049612
1.791588219319053 0.5078046688600493 1.57311235679766
1.801866085429836 0.511373752660191 1.576413414853422
1.809388969818336 0.5140118217934966 1.578876235296199
1.814879062031473 0.5159508989396743 1.580698736739179
1.818877089991006 0.5173704314506038 1.582039404456067
1.821784016430372 0.5184065069463888 1.583021372930623
1.823895250929538 0.5191610794349295 1.5837383628149
1.825427349850179 0.5197097770018144 1.584260685975214
1.826538520055329 0.5201083105471731 1.584640567944775
0.3972970769202515 0.3046581197332257 1.715843233028133
0.3984082673090052 0.3047075880185149 1.715293100008906
0.399940003045624 0.3047753068557218 1.714535464988028
0.4020499170595874 0.3048677085843862 1.713493190440496
0.4049538952522593 0.3049932545278912 1.712061221528668
0.4089453424105185 0.3051628182662954 1.71009791893445
0.4144220826677861 0.3053900702063437 1.707413408387559
0.4219189528971365 0.3056915446336474 1.703756645534132
0.4321490300485094 0.3060857767942403 1.698801384112857
0.4460427345802119 0.306595528408012 1.69213631117144
0.4648056211647605 0.3072411670303254 1.683260727164038
0.4899400186865555 0.3080451558101416 1.671608644744065
0.523254633271129 0.3090475109944602 1.656602023418069
0.5667967671937411 0.3103029787930743 1.63779389807078
0.6226729702812493 0.311944457016068 1.615069317794077
0.692701100496038 0.3142210226073593 1.588937889579376
0.7778527508180274 0.3175340152681865 1.56079163962584
0.8776953176831859 0.3238214159153444 1.533656736410841
0.9895293454933723 0.3339182139859674 1.511005344736428
1.108356216607993 0.3479668632560894 1.496138424096715
1.227524690001641 0.3651759333867091 1.489635239288003
1.340389128547105 0.3847794165724074 1.491132151388103
1.441692222977708 0.4052864653443623 1.499185728068429
1.528012110510455 0.4265542603816408 1.511559060808659
1.599093958119056 0.4458187633126715 1.524560841698785
1.65584720296572 0.4622470552087585 1.536823508030754
1.700033110942552 0.4757304206110982 1.547615683766734
1.733780083404259 0.4864621656835648 1.55663801582415
1.759186143476814 0.4948016790879283 1.56389792230184
1.778111277171634 0.5011646274243412 1.569576874722015
1.79209984093446 0.5059529829700492 1.573927544808947
1.802381391836038 0.5095195716419636 1.577210047922593
1.809907407718004 0.512156029885853 1.579659088714897
1.815400069687655 0.5140940690641543 1.581471446117144
1.819400157107477 0.5155129296197015 1.582804696273632
1.822308705218966 0.5165485728735516 1.583781262356061
1.824421208651239 0.5173028701502189 1.584494332918298
1.825954287561385 0.5178513922384222 1.585013818566932
1.827066208378543 0.5182498152748458 1.585391648853165
0.3981598529443883 0.3035313363941589 1.715966311758038
0.3992718967298934 0.3035789505483397 1.715417884297514
0.4008047538771354 0.3036441203878429 1.714662624127339
0.4029161496170489 0.3037330216248504 1.713623647581183
0.4058220168072947 0.3038537730416181 1.712196281606189
0.4098159266392781 0.304016796197271 1.710239352215565
0.4152958206228128 0.3042351671439211 1.707563661766017
0.4227966796907592 0.3045246688199222 1.703919062959038
0.4330314485281909 0.3049030066149623 1.698980539484961
0.4469314581510336 0.3053916083722318 1.692338208406287
0.4657014408652567 0.3060100049516235 1.683493451167015
0.4908439633903723 0.3067800531702958 1.671882139883948
0.5241664088255203 0.307740648925157 1.656930026107136
0.5677157208615717 0.3089481213547329 1.638191341253489
0.6235956951493283 0.3105387203378973 1.615552828780701
0.6936203907315089 0.3127671102134961 1.589523252828982
0.778757207005269 0.316042717151837 1.561489406055049
0.8785692655554049 0.3223065040372738 1.534472160382741
0.9903546627665188 0.3323799425515636 1.511928621566986
1.109116997640355 0.3464034914386077 1.497143116216608
1.228214764629131 0.3635786940267345 1.490686563926586
1.341013110783377 0.3831382082939309 1.49219454795435
1.442262907018111 0.4035954995943477 1.500228243311196
1.52854829217824 0.4248076176116672 1.512559557303475
1.599610255675741 0.4440266163708719 1.525505936958534
1.656354153385887 0.4604218389379213 1.537711093168298
1.700537773346202 0.473882036696179 1.548450264778575
1.734286721320818 0.4845979473144225 1.55742737804184
1.759696663154837 0.4929268299505619 1.564650581123478
1.778626296618747 0.4992827084533689 1.570300789453505
1.792619227635114 0.5040663787428216 1.574629499215801
1.802904652247362 0.5076298650786688 1.577895510443505
1.810433938777291 0.51026426817258 1.580332319710232
1.815929272230972 0.5122009464163834 1.582135683273893
1.819931494058459 0.5136188977777716 1.583462364133994
1.822841718282734 0.5146539370801281 1.584434150261927
1.824955530222886 0.5154078346539029 1.585143756471909
1.826489617995269 0.515956090571113 1.585660736248909
1.827602310356521 0.5163543374706031 1.586036756139111
0.3990219393659259 0.3023988071789987 1.716022686387582
0.4001347821016943 0.3024446240326714 1.715475836856399
0.4016686859578837 0.3025073237082528 1.714722775753844
0.4037814617857118 0.3025928329280507 1.713686855088139
0.4066890799011744 0.3027089398142849 1.712263759125199
0.410685265995512 0.3028656290605348 1.710312746484004
0.4161680646122644 0.3030754026921201 1.707645251833588
0.4236725828614714 0.303353320717841 1.704011967384428
0.4339115860134397 0.3037163375515782 1.699089049769814
0.4478173839722643 0.3041844636759073 1.692467900244658
0.4665937979193625 0.3047765654144972 1.683651919915188
0.4917435819842537 0.3055140450690452 1.672078758681099
0.5250730747826009 0.3064343269252714 1.657177696639669
0.5686287349035231 0.3075956437276495 1.638504234388245
0.6245117875248939 0.3091374086271331 1.615946824976304
0.6945326957686464 0.311319525091682 1.590013605360381
0.7796548795631815 0.3145588902315775 1.562086606745926
0.8794371072773056 0.3207991318309405 1.535181962361823
0.991174863874052 0.3308481054228332 1.512742198258903
1.109873872173521 0.3448441279432829 1.498035622944383
1.228902177450444 0.3619822531835092 1.491624940503136
1.341635629635994 0.3814941274209068 1.493145055402254
1.442833244472283 0.4018978755911134 1.501161406543754
1.529085150975467 0.4230506363235613 1.513454245379498
1.600128070051166 0.4422211082078322 1.526349732508912
1.656863297027361 0.458580863164281 1.53850212350842
1.701045162759106 0.4720160356632874 1.549192737292661
1.734796501900869 0.4827146909027494 1.558128494304887
1.760210642610877 0.4910318763120048 1.565318179849988
1.779145015040456 0.4973798913509919 1.570942176929718
1.793142492217367 0.5021582890763295 1.575250887858612
1.803431923095947 0.5057182416066819 1.578501897936298
1.810964577964683 0.5083502736280955 1.58092759333092
1.816462654315758 0.5102853612529978 1.582722792871441
1.820467063246749 0.511702234380225 1.584043516082404
1.823379001850379 0.5127365474115667 1.585010970886906
1.8254941501178 0.5134899565826097 1.585717440558844
1.827029267063599 0.514037881650069 1.586232153349348
1.828142745691717 0.5144359056144335 1.586606536607471
0.3998816947039274 0.3012626511588225 1.716028637377061
0.4009952953801832 0.3013067170950164 1.715483264468862
0.402530189822276 0.3013670107988919 1.714732262899735
0.4046442692267004 0.3014492166172928 1.713699205891598
0.4075535345312318 0.3015608013873073 1.712280115593223
0.4115518569422937 0.3017113254389794 1.710334657256925
0.417037373556068 0.3019127332057949 1.707674862656605
0.424545304386908 0.3021793850965074 1.704052217853416
0.4347881900706407 0.3025275621326093 1.699144007609071
0.4486994027338713 0.3029757494799974 1.692542800469867
0.4674817585493838 0.3035423261185241 1.683753970000818
0.4926381420896649 0.3042483958514234 1.672216877044053
0.525974180290586 0.305129445393018 1.657364139070539
0.5695355823001003 0.3062461496592634 1.638752546526219
0.6254212585408184 0.307740749756301 1.616272308644382
0.6954382099239265 0.3098781536221665 1.59043109846961
0.7805460521123816 0.3130822100728197 1.562606572827282
0.8802991010545271 0.3192990010559906 1.535810559154716
0.9919900858681973 0.3293226915130795 1.513471387879536
1.110626767622519 0.3432893499143757 1.498841834144347
1.229586604586774 0.3603879639876847 1.492476486947915
1.342256086076177 0.3798494276557133 1.494009636544104
1.443402357542487 0.400196786787452 1.50201070777755
1.529621532783554 0.4212874378556447 1.514267917486627
1.600646019907167 0.4404071190834584 1.527116096147836
1.657373073097179 0.4567296032189263 1.539219473512853
1.701553582055143 0.4701383404105652 1.54986503708748
1.735307620096906 0.4808186726330747 1.558762472669732
1.760726197412987 0.4891233522257388 1.565921142511618
1.779665489106966 0.495462900772236 1.571520915342357
1.793667647826034 0.5002355792247981 1.575811164935471
1.80396118566468 0.5037916693167449 1.579048341724117
1.811497283309394 0.5064210894284001 1.581463798444515
1.816998157116832 0.5083544112318705 1.583251483568513
1.821004793493558 0.5097700771106748 1.584566727768497
1.823918475839852 0.5108035704549027 1.585530202272388
1.826034981806475 0.5115564235195423 1.586233791840888
1.827571143580622 0.5121039682601417 1.586746424504595
1.828685419894655 0.5125017332928509 1.58711930709009
0.3618435062335679 0.3459873487691243 1.759792830911322
0.3629762126176172 0.3460762165078825 1.75927358404877
0.3645388646190463 0.3461980392288767 1.758557433559211
0.3666931192606349 0.3463645190161987 1.757570532408026
0.3696600197584866 0.3465910864717675 1.756212049590669
0.3737406030063438 0.3468976579513837 1.754345075856654
0.3793424921349524 0.347309341891752 1.75178489927017
0.3870133019390472 0.3478566015914046 1.748284911386154
0.3974807425149334 0.3485745818187877 1.743520586342934
0.4116972402482064 0.3495011388796752 1.737073968347691
0.4308832180566248 0.3506737540824444 1.728424162388559
0.4565567802522773 0.3521275689989651 1.716954696772927
0.4905283273738499 0.3539007446374384 1.701997405805129
0.534827671711582 0.3560593843573437 1.682942197755588
0.5915217109736812 0.3587572450865121 1.659446365448106
0.6623799518354604 0.362333867570246 1.631757815779763
0.7483648050625352 0.3674162246765027 1.601096516678778
0.8489863203932183 0.3749305277793057 1.569909828321824
0.9616933610315687 0.3859064852897853 1.541698466403741
1.081651315814143 0.4010456971784948 1.520184223929629
1.202303550749403 0.4202387280674098 1.508009943754432
1.316767646631123 0.442376300663563 1.505698406441047
1.41947859204431 0.4656560548776654 1.511601541557405
1.507223511306277 0.4881966394134999 1.522824085954984
1.579196195241303 0.5085631545460539 1.536398917559702
1.636367061889808 0.5259748189552266 1.55005270948349
1.68067897250472 0.5402353177951148 1.562416228474657
1.714397721207323 0.5515407394196356 1.572881256973985
1.73970820800105 0.5602876328841904 1.581343763799362
1.758517708482594 0.566933878286464 1.587972794512984
1.772393945490016 0.5719172690359255 1.59305028668384
1.782576250807121 0.5756176012005679 1.59687769426257
1.790018845938705 0.5783457307009169 1.599729814094637
1.795443680299326 0.5803467158508216 1.60183782662629
1.799389657286595 0.5818088429079981 1.603386629077257
1.802255684955552 0.5828743155760195 1.604519717477319
1.804335078324231 0.5836491934895954 1.605346122277862
1.80584257211248 0.5842119313284615 1.605947500312257
1.806934838306674 0.5846201764686932 1.60638442704908
0.3686430393076637 0.3387455330880727 1.767955986647781
0.3697764002152771 0.3388294380375521 1.767429951721857
0.3713396087489416 0.3389444543550683 1.766704628455949
0.3734941468387584 0.3391016385972675 1.76570536533437
0.3764607526457769 0.3393155923295664 1.764330291115925
0.3805399661724439 0.3396051861853223 1.762441163522301
0.3861386002452062 0.3399943041370099 1.759851621385498
0.393803006960976 0.3405120762468469 1.756313111729857
0.4042589514627528 0.3411924725022493 1.751498982129615
0.4184559643107278 0.3420728424066796 1.744989311666594
0.4376103391714682 0.343191739939457 1.736262088632205
0.4632345847602455 0.3445883666568165 1.724701845738812
0.4971320851100672 0.3463096192885511 1.709645554523827
0.5413246696388284 0.3484362477539404 1.690495043281604
0.597871143735543 0.3511416547760763 1.666928841573526
0.6685335574610688 0.3547848630029355 1.639225756454938
0.7542675533455601 0.3600019498020702 1.608641549401717
0.8545772162846059 0.3677059337814927 1.577652311573971
0.9669094409631716 0.3788856947006588 1.549764161980324
1.086439732256194 0.3941841208494243 1.528670533442806
1.2066408042804 0.4134395764206822 1.516959164976361
1.320674037498085 0.4355216090589797 1.515094503240724
1.42301507106996 0.4586441792649435 1.521389394582476
1.510472622234554 0.4809655571940268 1.53293457316476
1.582240532500983 0.5010930776945903 1.546765989482104
1.639275655734734 0.5182774407610394 1.560620290013696
1.683503036380568 0.5323397728119765 1.573139052404664
1.717172214142178 0.5434822723294215 1.583723492591089
1.742455598475278 0.552100556450165 1.592277310376048
1.761251723216871 0.5586481442086378 1.598975752503349
1.775122590608211 0.5635573728223867 1.604105715861841
1.78530395491723 0.5672027541927283 1.607972577870334
1.79274789665457 0.5698906078387784 1.610854259676886
1.7981750764511 0.5718622794673291 1.612984321535667
1.802123702019029 0.5733031925562918 1.614549526843631
1.804992303761479 0.5743533723982123 1.615694787859873
1.807074022641269 0.5751172579765657 1.616530206755795
1.808583522638863 0.5756721127198872 1.617138251622794
1.809677470755898 0.5760747123789035 1.617580101303317
0.3762610817230656 0.3302757892834608 1.773946313924472
0.3773930252983709 0.3303543542508796 1.773415589968836
0.3789539542393081 0.3304620577733998 1.772683988048057
0.3811049030860401 0.3306092726394135 1.771676349899104
0.3840659457279183 0.3308097261418129 1.77029016975845
0.3881366557971605 0.331081196551085 1.768386422922253
0.3937224398775508 0.3314463043142074 1.76577784327867
0.4013676568184084 0.3319328314039388 1.762214921307513
0.4117952776513267 0.3325736173928202 1.757370178574485
0.4259510391862824 0.3334056501187796 1.750823394314215
0.4450463083835036 0.3344688492525582 1.742053496540543
0.4705875681051825 0.3358069252446522 1.730448413901727
0.5043715039418922 0.3374759991078253 1.715352744121956
0.5484134415578495 0.3395716369163776 1.69618227215635
0.6047669831967004 0.3422860327283532 1.672637301649275
0.6751908237753236 0.34599490448836 1.645024996578689
0.7606383919204058 0.3513380949007392 1.614629455644876
0.8606117174113651 0.3592080285456056 1.58394205406933
0.9725580563827454 0.3705454368367187 1.556456164862122
1.091663348578563 0.3859305512533371 1.535818808526405
1.21142802432651 0.4051515909707907 1.524551732782248
1.325054109909504 0.4270649604064279 1.523062508886855
1.427053980612214 0.4499120279181317 1.529638080453401
1.514254183737545 0.4719010319339921 1.541374185436342
1.585845716663724 0.4916886692472973 1.555327825204597
1.642770121776362 0.5085605135583804 1.569258432694594
1.686933911038528 0.5223555646711779 1.581825241166024
1.72057037809615 0.5332807590028633 1.592440990855708
1.74583985861563 0.5417285840537582 1.601016217267518
1.764632727557806 0.5481458320880324 1.607730004855404
1.778505867838464 0.5529571978433078 1.612871386269339
1.788691997007694 0.5565300578867571 1.616746947115423
1.79614151367843 0.5591646838694168 1.619635369061296
1.801574151693955 0.5610975450743995 1.621770666408587
1.80552770812927 0.5625103022124632 1.623339949384804
1.808400552241103 0.5635401266515455 1.624488381066802
1.810485812905584 0.5642893357901313 1.625326257494465
1.81199820487444 0.564833628396928 1.62593620227983
1.813094478869385 0.5652286372128658 1.626379514388927
0.3841916800369816 0.321028844791884 1.778125856034815
0.3853210816115908 0.3211022931818474 1.777592243262744
0.3868781992387179 0.3212029994094776 1.776856841958859
0.3890234795302179 0.3213406917200977 1.775844239821477
0.3919761506668621 0.3215282785505368 1.774451639645694
0.3960345874976664 0.3217825275237762 1.772539698260517
0.4016025075760606 0.3221249119455797 1.769920867714935
0.4092219475442372 0.3225820314654367 1.76634550331091
0.4196127369755641 0.3231858266967414 1.761486370322459
0.4337165145292236 0.3239732293415859 1.754924298031419
0.4527395672135573 0.3249858928471636 1.74614078665204
0.4781825163265455 0.3262723949207874 1.734528998932927
0.5118360225307496 0.3278982446719208 1.719442967288298
0.5557102250520422 0.3299734459222332 1.700313722554219
0.6118554192435314 0.3327075701053947 1.676863254101008
0.6820290370569784 0.3364901589335503 1.649424428284743
0.7671839628582792 0.3419605407989962 1.619303254151545
0.8668208814338059 0.3499857980725621 1.588995792634076
0.9783870323894391 0.3614550917189117 1.561969402663238
1.097077596658049 0.3768857655452176 1.541812621773941
1.216419109930126 0.3960195159033985 1.530975193602684
1.329652552392088 0.417705835425381 1.52981068359258
1.431325544893276 0.4402199355016037 1.536590506724045
1.518281391706269 0.4618247175376976 1.54842879776143
1.589707668291613 0.4812285898613156 1.562415529969175
1.646530453095904 0.4977524368889751 1.576341008019584
1.690637851551994 0.5112524276023277 1.588886182562542
1.724247173518313 0.5219390438693419 1.599476337655738
1.749506980794958 0.5302003665728456 1.608028030888579
1.768299772042631 0.5364753029068668 1.614722517105958
1.7821775528403 0.5411799372341063 1.619849068202508
1.792370199017484 0.544673744083736 1.623713693905084
1.799826583525903 0.5472503435103535 1.626594300741579
1.805265629367425 0.5491408823970482 1.628724116629749
1.809224812927386 0.550522917216599 1.630289623719592
1.812102409108249 0.5515305131955927 1.631435490573692
1.814191583962216 0.5522636810913105 1.632271646929506
1.815707140058656 0.5527964168218529 1.632880453782519
1.816805938459525 0.553183110884073 1.633323022505546
0.3921456326022822 0.3112761598334058 1.78088279715558
0.3932720237092815 0.3113449422228636 1.780347768452033
0.3948247007855403 0.3114392755135834 1.77961059416867
0.3969634719960861 0.3115683097220133 1.778595812919635
0.39990665919459 0.3117442235274347 1.777200613518441
0.4039513659819324 0.3119828964637736 1.775285708625699
0.4094995475562006 0.3123048146224734 1.772663768716846
0.4170908541265565 0.3127356037142151 1.769085670206986
0.4274419512547925 0.3133065620947639 1.76422527029821
0.4414904482284129 0.314054856591064 1.757665507724524
0.4604377852771726 0.3150241545929721 1.748891717071987
0.4857792110639955 0.31626805895566 1.737303683026849
0.5193001681537889 0.3178613027282272 1.722266180078523
0.5630066963441358 0.3199275461041058 1.703226308241179
0.6189469178848551 0.3226920364522884 1.679927412826708
0.6888777466265066 0.3265554353667139 1.652725713879317
0.7737514260365171 0.3321532852300196 1.622943987052314
0.8730662146594018 0.3403245711050396 1.59307498950233
0.9842676089987487 0.3519060280480601 1.566550623683255
1.102558261286513 0.3673540167841913 1.54689298591286
1.221489480310204 0.386367917480748 1.536476584759504
1.334340495449264 0.407795113028994 1.535603913497822
1.435694063974959 0.4299482348976245 1.542538484263095
1.522410576486049 0.4511464228578814 1.554421929809453
1.593674736661453 0.4701497305764761 1.568384923505669
1.650397733339857 0.4863134373720622 1.582253688129115
1.694449743157198 0.4995097617377518 1.594733314171855
1.728032435041271 0.509951739488984 1.605262144420379
1.753282817111302 0.5180222835550687 1.613762158240597
1.772075642139285 0.5241518707178566 1.620415681946583
1.785958109684256 0.5287475989054677 1.625511009924767
1.79615728995696 0.5321607857668114 1.629352446193551
1.803620549219419 0.5346782187372604 1.632216155341866
1.809066006095281 0.5365256046502264 1.634333802456273
1.813030819674848 0.5378763087037735 1.635890632164515
1.815913171305217 0.5388612292904447 1.637030353428721
1.818006264071605 0.5395780275073129 1.637862180550571
1.819524988331655 0.5400989640835755 1.638467951208286
1.820626315014497 0.540477165035124 1.638908397496103
0.3999694018357523 0.3011707144570756 1.782527398259103
0.4010927427649369 0.3012353051242139 1.781992145917418
0.4026409388980186 0.3013239196800111 1.781254837328636
0.4047731673582187 0.3014451965074271 1.780240126539932
0.407706860475107 0.3016106718581762 1.7788454104923
0.4117378796291487 0.301835455185974 1.776931756810217
0.4172664764522876 0.3021391914288092 1.774312452347931
0.4248300145322023 0.3025467150482002 1.770739414856873
0.4351421704099459 0.3030888873832451 1.765888261407173
0.4491368124117824 0.3038033112182132 1.759344867289075
0.46801098175015 0.3047358012825562 1.750599374532367
0.493255201029788 0.3059449261821764 1.73905923764123
0.5266505187035049 0.3075142046130099 1.724100921382353
0.5701997390806113 0.3095799070606121 1.705188116032534
0.6259493998795094 0.312381160893852 1.682085098156995
0.6956557813574162 0.3163273575033891 1.655169438632026
0.7802693541496086 0.3220479295873283 1.625776601344784
0.8792839086885137 0.3303526086563531 1.596390009487549
0.9901408338460497 0.3420267258344954 1.570399341050782
1.108048303992433 0.3574689945827871 1.551254964475433
1.226581345524108 0.3763409578143338 1.541254515561922
1.339057357822399 0.3974915998812183 1.540652075154785
1.440094919142047 0.4192725838033185 1.547708847273775
1.526572599613362 0.4400588190109603 1.559600198583834
1.597673368305945 0.4586604120838073 1.573502576100468
1.654294457455125 0.4744652949120541 1.587281324467838
1.69828875026097 0.4873603752653656 1.599667153072799
1.731842637013814 0.4975603801270844 1.610111729428657
1.757081733921901 0.5054426040409201 1.618542027632969
1.775873088170623 0.5114289093178835 1.625140718720925
1.789759069009357 0.5159173767591342 1.630194329398105
1.79996389073916 0.5192512079122514 1.634004730771459
1.80743335810045 0.5217104203186589 1.636845724937807
1.812884733884987 0.5235153506767365 1.638946917975007
1.816854817566786 0.524835231423321 1.64049192730818
1.81974166305077 0.5257978427370669 1.641623205160266
1.821838484473502 0.5264985338200545 1.642449027432182
1.823360240516473 0.5270078582573807 1.643050541777669
1.824463997365101 0.5273776991287676 1.64348797849819
0.407581361203912 0.2908006726328017 1.783293621099886
0.4087019502219513 0.2908613986673643 1.782759112961551
0.4102460884446966 0.2909447438832484 1.782022998785275
0.4123723741495394 0.2910588790057532 1.781010180463143
0.4152974267031342 0.2912147524798304 1.779618441234344
0.4193159713245749 0.2914267774088606 1.77770944354642
0.4248267149906226 0.2917138370520108 1.775097407857704
0.4323649556063078 0.292100067111133 1.771535707070366
0.4426416985014354 0.2926159672874813 1.766702245847207
0.4565875115709812 0.2932995984990028 1.760186484317752
0.4753956213431818 0.2941988204237538 1.751484125766079
0.5005525495927475 0.2953768157403466 1.740011089891291
0.5338357307624592 0.2969251400072999 1.725156222735195
0.5772453638975334 0.2989913905081996 1.706400126540994
0.6328265240098938 0.3018267940504936 1.683527559939627
0.7023340768918792 0.305847583037862 1.656935763748382
0.7867148521860038 0.3116759400398821 1.627969670404502
0.8854555061779277 0.3200930272545725 1.599098826875038
0.9959905932914337 0.3318358883721489 1.573665857701061
1.113531816862397 0.3472505382134922 1.555045955051637
1.231677115411829 0.3659655729206379 1.545459227392136
1.343782453416896 0.386834275495937 1.545113641506362
1.444503501342725 0.4082469789699351 1.552272141129884
1.530738669866843 0.4286317535913393 1.564148017986978
1.601670771610043 0.4468454874940636 1.577966739104016
1.658184285826034 0.4623060324275619 1.591634745729846
1.702115553392202 0.4749132454058312 1.603909242402111
1.735636055297851 0.4848827090057482 1.614255353187523
1.760860121903284 0.4925858959314574 1.622604762491844
1.779647054248949 0.4984361939386899 1.629140027587745
1.7935342818629 0.5028229631550412 1.634145415402559
1.803743036134664 0.5060816177285979 1.637919914365459
1.811217439854686 0.5084857098601465 1.640734580176035
1.816673796942482 0.5102504646033381 1.642816654328731
1.820648464165144 0.5115411876724263 1.644347886337157
1.82353930309291 0.5124827012567832 1.645469288140943
1.825639489819075 0.5131681632569124 1.646288059500067
1.827164014476437 0.5136665102734868 1.646884554763678
1.828270011191713 0.5140284492780328 1.647318426574322
0.3944423854615668 0.3083400540331774 1.71536980775652
0.3955507011700981 0.3083959605034778 1.714813687283697
0.3970786659948836 0.30847253683839 1.714047709782576
0.3991836007278266 0.308577101670696 1.712993840966855
0.4020811986929221 0.3087193179778316 1.711545694419979
0.4060643229568739 0.308911632550016 1.709559964620475
0.4115303751300274 0.3091697849752062 1.706844372814126
0.4190136706625172 0.3095129597669604 1.703144663165479
0.4292272858010293 0.3099632117875111 1.698130400482993
0.4430996849737394 0.3105462324464043 1.6913842345632
0.4618378660964788 0.3112871254801448 1.682398520153899
0.4869428576769557 0.3122115825692514 1.670599997849104
0.5202293291894756 0.3133599720090826 1.655395586036568
0.5637437979792177 0.3147855677873559 1.636333026903114
0.6196020707812095 0.3166100234039462 1.613289399538911
0.6896351769017544 0.3190638246400462 1.586775461813951
0.774831756807344 0.3225208633716624 1.558201492579156
0.8749237458920465 0.3289061710098291 1.530556458609232
0.9870331338039312 0.3390936549231924 1.507444989238072
1.105589237506108 0.3531581587669722 1.49228015276988
1.225049321319757 0.3704532750708392 1.485544604741626
1.338186618100978 0.3901735231737878 1.486962147162972
1.439713369024736 0.4108155330252043 1.495069433697764
1.526188169691797 0.4322057016137699 1.507589994796828
1.597378012808916 0.451584936402031 1.520818838210431
1.654187865789565 0.4680952101272009 1.533325722831394
1.698396896959048 0.4816342144902177 1.5443468225225
1.732147028641388 0.4924022816800985 1.553566442145923
1.757546533506773 0.5007648509103272 1.560987538788316
1.776460978715973 0.5071421034374528 1.56679334241679
1.7904379913582 0.5119391931079716 1.571241308724432
1.800708754316628 0.5155110394568818 1.574597111348873
1.808225398446375 0.5181506228896202 1.577100673745332
1.813710261661568 0.5200904846840869 1.578953222911224
1.817704029166847 0.5215103701509477 1.580315895195066
1.820607571613432 0.5225465790677698 1.581313916157517
1.822716126255205 0.5233011545042064 1.582042567283398
1.824246144987264 0.5238497942809831 1.582573344720608
1.825355711415942 0.5242482509006106 1.582959347761223
0.3938961249078238 0.3090372101247969 1.716410573501927
0.3950050624933853 0.3090936609422958 1.71585524128359
0.396533898856741 0.309170983195317 1.715090329911925
0.3986400533636842 0.3092765666210592 1.714037895251015
0.4015393383533727 0.3094201670639259 1.712591670827702
0.405524790360161 0.3096143505343656 1.710608490292571
0.4109940169342773 0.309875004825398 1.707896240801817
0.4184815809559741 0.3102214896470417 1.70420083725342
0.4287007921832836 0.3106760616027083 1.699191983940483
0.4425804577243456 0.3112645910429111 1.692452342450508
0.4613275859153098 0.3120123712993398 1.683474026387929
0.4864431054951274 0.3129452629086362 1.671682935845306
0.5197409522939093 0.3141036552941673 1.656484503811512
0.5632665324358722 0.3155412753815144 1.63742334088723
0.6191341355115721 0.3173807657814404 1.614372169517378
0.6891741141214991 0.3198551615297681 1.587836567687754
0.7743776882926885 0.3233434327711674 1.559223094444811
0.8747011580603459 0.3297696380968902 1.531433325439213
0.9869934229277788 0.3400084062444355 1.508192673737639
1.104848011108004 0.3540298198314685 1.492997607448361
1.224408509537944 0.3713622813428146 1.486146533516534
1.337637502687655 0.391130948925032 1.487487378464014
1.439239531739812 0.4118262962411301 1.495552231400267
1.525770947576844 0.4332233182239049 1.508051806863165
1.597016505915905 0.4526307695380061 1.521300496783854
1.653855359439227 0.4691634778972129 1.533837220441137
1.698077784035058 0.4827190795656344 1.54488892694144
1.731833007482494 0.4934989000291973 1.554135616783781
1.757233547534455 0.5018695863149915 1.561578875924371
1.776147247429264 0.5082523766972374 1.567402023427269
1.790122874411818 0.5130532280218032 1.571863188275975
1.800392143558975 0.5166276292181005 1.575228855578835
1.807907413702212 0.5192689521307176 1.577739702237694
1.813391103638367 0.5212100021776812 1.579597588355349
1.817383909187062 0.5226307022125601 1.580964149737965
1.820286682019141 0.5236674711937551 1.581964993629212
1.82239463128576 0.5244224327143473 1.582695688705645
1.823924178503572 0.524971339043819 1.583227942992094
1.825033380862251 0.5253699797160655 1.58361501181257
0.3930579695056559 0.3101019598888166 1.717979529268514
0.3941678406408999 0.310159247628381 1.717425389079005
0.395697986100863 0.3102377168118154 1.716662089894071
0.3978059740205212 0.3103448666011493 1.715611823828913
0.4007077963803809 0.3104905958108771 1.714168505755885
0.4046967524141313 0.3106876540785916 1.712189179545826
0.4101707622626459 0.3109521576030119 1.709481982938279
0.4176647661017256 0.3113037363454634 1.705793088420499
0.4278924328975934 0.3117649583662838 1.700792410194186
0.4417831025316322 0.3123619706145679 1.69406262546495
0.4605438196570125 0.3131203591555461 1.685095479813396
0.4856753988871019 0.3140662425543632 1.673315594659927
0.51899071480122 0.315240035594695 1.658126148598548
0.5625335510286356 0.3166961384172635 1.639066994782959
0.6184159361195887 0.3185586687335312 1.616004240317086
0.6884671448813686 0.3210645067906718 1.589435595852615
0.7736820530610201 0.3246003400924453 1.560761970386223
0.8743391903829671 0.3310871539702827 1.532758193936246
0.9868958011455732 0.341400560682382 1.509322628944159
1.10374379088327 0.3553625052362679 1.494075765891898
1.223450731400168 0.3727517872314479 1.487049654893183
1.336813719159312 0.3925940489793066 1.488274109764859
1.438525818495706 0.413370431212448 1.496274347561989
1.52514041423588 0.4347791950909733 1.508741445471704
1.596467273714465 0.4542289001216471 1.522019326037075
1.653348313045201 0.4707954006733252 1.534600878724454
1.697590074843772 0.4843761018968601 1.545698819000094
1.731352499989311 0.4951737496966402 1.554986489392411
1.756754333223442 0.5035567774997921 1.562463333459389
1.775666754643258 0.5099480048342222 1.568312777017055
1.78964019986246 0.5147545969974652 1.572793958107118
1.79990715929821 0.5183329031803625 1.576174587673236
1.807420320872229 0.5209768883848548 1.578696483463879
1.812902217326788 0.5229197592523652 1.580562465194578
1.816893555832894 0.5243417088389303 1.581934926016525
1.819795156729826 0.525379337824084 1.582940052062709
1.821902185107094 0.5261348927474923 1.583673847636023
1.823431015598039 0.5266842091295386 1.584208342157497
1.824539664859113 0.5270831331918021 1.584597027646489
0.3917820515244614 0.3117114676595629 1.720305601592587
0.3928932984951877 0.3117700332667964 1.719753238171432
0.3944253750007966 0.3118502538781269 1.718992341890562
0.3965360702026114 0.3119597959628675 1.717945307791566
0.3994416431390686 0.3121087770514848 1.716506320930504
0.4034357853238888 0.3123102278787424 1.714532738022419
0.4089168853894427 0.3125806145804805 1.711833069619599
0.4164204527890694 0.3129399816950878 1.708153870854566
0.4266607057482152 0.3134113755161017 1.703165366556199
0.4405678095783708 0.3140213687580074 1.696450252561316
0.4593489098854323 0.3147959966769196 1.687499718536279
0.4845047323383923 0.3157617676093076 1.675736464135629
0.5178466781134122 0.316959119815937 1.660560288507204
0.5614162407215545 0.3184434281310717 1.641503908004938
0.6173221530769667 0.3203409608470561 1.618423509469682
0.6873919622170793 0.3228943037640062 1.59180500082672
0.7726254425783582 0.3265017256007002 1.563040811741255
0.8737425728040704 0.3330760172862016 1.534729247656205
0.9866650271807369 0.343494076927613 1.511004544959276
1.102135850609685 0.3573800466927294 1.495666281289969
1.222048742562132 0.3748547104990763 1.488378614589183
1.335600867994112 0.3948073904951244 1.48942870931556
1.437468546466804 0.4157052728631779 1.497331625042519
1.524201737419046 0.4371346004744632 1.509748663720469
1.595643162021768 0.4566462536967524 1.523068105623487
1.652583379027814 0.4732627327991482 1.535715716889626
1.696851959400699 0.4868807702010443 1.546882367568894
1.730624049339856 0.4977050465934134 1.556231145448776
1.756027238938161 0.5061065677086063 1.563758146307457
1.774937445950153 0.5125104700726495 1.569646890901498
1.78890746875025 0.517325705326245 1.574157998798972
1.799170888900546 0.5209099013565973 1.577561003036333
1.806680851153562 0.5235579083808898 1.580099423190604
1.812160040450101 0.5255035336932333 1.581977512619645
1.816149171261188 0.5269273758439722 1.583358796626064
1.819049011997962 0.5279663088405531 1.584370326991282
1.821154659074969 0.5287227644544876 1.585108759538673
1.822682415498133 0.5292727038363607 1.5856466043865
1.823790236463833 0.5296720588700692 1.586037707584459
0.3898636246032544 0.3141061131916181 1.723669341994379
0.3909768441410638 0.3141666078603415 1.723119570563778
0.392511693096746 0.3142494729011684 1.722362179413414
0.3946262814038025 0.3143626278543831 1.721319859285762
0.3975372562032086 0.3145165213397098 1.719887189074328
0.4015388825981196 0.3147246100054265 1.717921980857568
0.4070302381072853 0.3150038908367602 1.715233287560725
0.4145476774174547 0.3153750384043281 1.711568219755337
0.4248062502772812 0.3158618265875033 1.706597450589374
0.438737392035328 0.3164914786400642 1.699903693419909
0.4575484981503393 0.3172907123311354 1.690977311155038
0.4827403388343384 0.3182866150344799 1.679238167306849
0.5161224018409865 0.3195196294062873 1.664081087830077
0.5597331163144943 0.3210464866110524 1.645028283167586
0.615676570475814 0.3229964851021683 1.621921339496337
0.6857775314420798 0.3256204710693573 1.59522878184295
0.7710417285595158 0.3293337654496071 1.566330541871318
0.8727480858810848 0.3360293762313647 1.537594747871795
0.9861419554010877 0.3465858971724898 1.513452214597239
1.099873352480919 0.3603880601075918 1.49794821098779
1.220059595167816 0.3779886525471515 1.490277791058446
1.333864480267577 0.3981038226420517 1.491071747088188
1.435940654710406 0.4191803155292649 1.498830530422305
1.522835338215236 0.4406462568179383 1.511171097360528
1.594429528065389 0.4602458863623831 1.524546775512304
1.651448106594037 0.4769342934343425 1.537288952037243
1.695751543337856 0.4906065175829518 1.548555267285924
1.72953548749306 0.5014696663867694 1.557993133665343
1.75493947887488 0.5098983008829678 1.565593427396264
1.773845833874655 0.5163208489217143 1.571539666105295
1.787810530596519 0.52114883312992 1.576094578652868
1.798068604896779 0.5247417364056911 1.579530342019446
1.805573797177252 0.5273957002770682 1.58209295856411
1.811048977933047 0.5293454118879866 1.583988777821317
1.815034852872698 0.5307720656466585 1.585382981968595
1.817932104365563 0.5318129383315358 1.586403890195412
1.820035722929561 0.5325707352292046 1.587149112432934
1.821561903870434 0.5331216033551118 1.587691862780198
1.822668510879171 0.5335216015311984 1.588086505788801
0.3870344004404329 0.3175833987845257 1.728360077453565
0.3881503361011288 0.3176467516772316 1.727813970776482
0.3896890107855839 0.3177335359122316 1.727061534856377
0.3918089842689733 0.3178520470656683 1.726025877856727
0.3947274492693449 0.3180132262536995 1.724602134782971
0.398739484089203 0.3182311644873723 1.722648759512176
0.404245151065296 0.3185236507289653 1.719975568731663
0.4117820297851196 0.3189123018275914 1.716330452668655
0.4220664080446908 0.3194219814405241 1.711384708408486
0.4360316495449522 0.3200808937310281 1.704721054695076
0.4548857157938007 0.3209167772328569 1.695828653119313
0.4801297970415301 0.3219575594379503 1.684123292279454
0.5135711643084732 0.3232436306384736 1.668992675112617
0.5572444838379406 0.32483350070278 1.649943968848948
0.6132476190646026 0.3268605263938634 1.626797851693536
0.683400883654143 0.3295870891143365 1.59999793178714
0.7687159807130052 0.3334529184064076 1.570906201668133
0.8710858318563279 0.340307032006156 1.54162256641947
0.9850161301278111 0.3510307042748845 1.516899883287613
1.096847776392621 0.3647686180261761 1.501090205888454
1.217363917606447 0.3825499044198531 1.492876767306198
1.331478034817894 0.4028974880413196 1.493305289798531
1.433810791152451 0.4242290494919317 1.500856035838136
1.520910453801884 0.4457603768330168 1.51308188930298
1.592690935979874 0.4654791937939458 1.526527738243878
1.649803955936066 0.4822670547423643 1.539399668084878
1.69414799841557 0.4960151324608029 1.550805523402946
1.727944191376621 0.506933146765847 1.560369075001561
1.753346987161285 0.5154002754685721 1.568073123497933
1.772246689882357 0.5218494129080116 1.574100885600608
1.786203225515646 0.5266956402919212 1.578717960347989
1.796453406596135 0.5303010376486033 1.582200229022716
1.803951673417661 0.5329635683546454 1.584797200492192
1.809421086472639 0.5349191677982438 1.586718194346257
1.813402301347856 0.5363498792227959 1.588130743538093
1.816295859199726 0.5373935551821373 1.589164966557919
1.818396590284121 0.5381532929588937 1.589919828265332
1.819920531917435 0.5387055065575054 1.590469542537358
1.821025415256076 0.5391064374864183 1.590869210327226
0.3829842843658405 0.3224524746150691 1.734573691756433
0.3841037504069116 0.3225199371951056 1.734032543222533
0.3856474141153495 0.3226123587204573 1.733286810220223
0.3877744361203156 0.3227385775931932 1.732260164410797
0.3907027406725813 0.3229102469188492 1.730848491676087
0.394728509257001 0.3231423764024806 1.728911110408863
0.4002531560723904 0.3234539045939523 1.726258864680628
0.4078159734512779 0.3238678206998619 1.722640688726632
0.4181350427658926 0.3244105788533007 1.717728704752115
0.4321465857651169 0.3251118287230928 1.711105602307799
0.4510597388175024 0.3260007979565376 1.702258855746976
0.4763769421702406 0.3271065945254976 1.69059861913051
0.5099034094748769 0.3284694331729419 1.675502779515328
0.5536698136001406 0.3301499610110627 1.656457797101677
0.6097662720903625 0.3322865829644799 1.633255557823972
0.6800061056136472 0.3351569804080357 1.606305308898034
0.7654044466928913 0.3392344229667477 1.576944252908764
0.8683462400695047 0.3462781257396824 1.547020712693416
0.9827506926455783 0.3571753468963784 1.521539419387689
1.093090251904173 0.3709262525299964 1.505167855668138
1.213942820798404 0.3889568093570872 1.49621770580136
1.328382269166092 0.4096236220762996 1.496146578461597
1.430988674240987 0.4313047337482671 1.503408355108588
1.51832182683505 0.4529506430880723 1.51546786676125
1.590297170225577 0.4728202981806526 1.528990278937904
1.647506706417507 0.4897380594553085 1.5420298273419
1.691889240271698 0.503587019852562 1.553621556817683
1.725693543926586 0.5145788512623409 1.563354401608121
1.751090413100981 0.5230981836287105 1.57119889282625
1.769978924337855 0.5295835881373857 1.57733726350764
1.783923299398749 0.5344548066585406 1.582038773383355
1.794162225389466 0.5380773771414991 1.585584243593776
1.801650822805171 0.5407517144542786 1.588227913955925
1.807112275158534 0.5427154460327004 1.590183129629743
1.811087101566135 0.5441517718871275 1.59162061591055
1.813975617269846 0.5451993326015843 1.592672936797777
1.816072417460406 0.5459617636341316 1.593440899462792
1.817593316165204 0.5465158465266662 1.594000077285194
1.818695860194254 0.5469180748202823 1.594406572632848
0.377437726804592 0.3289223245207267 1.742252157178812
0.378561433580286 0.3289954285841905 1.741717330436928
0.3801111202528125 0.3290955924654436 1.740980141866832
0.382246698674068 0.329232403670737 1.739964979493394
0.385187012900263 0.3294184997353229 1.738568683845534
0.3892296535367276 0.3296701635320332 1.736651669159233
0.3947777892887821 0.3300079315941811 1.734026079162903
0.4023729888575791 0.3304567091371282 1.730442160577161
0.4127358230175875 0.331045177488368 1.725573054727583
0.4268065812357758 0.3318050368154692 1.719001351613186
0.4457966074936983 0.3327676050012849 1.710212267190458
0.4712111153274475 0.3339635798773194 1.698608564810719
0.5048543395491739 0.3354327869346403 1.683555301724147
0.548753783590855 0.3372381316950759 1.664511932157716
0.6049909091964427 0.3395236701058731 1.641232758581421
0.675368524261595 0.3425859961073158 1.61408209315336
0.7608981539589212 0.3469419219830085 1.584364625723695
0.8640048933802214 0.3541846249362702 1.553803878539765
0.9785750205427313 0.3652174330727743 1.527413932078808
1.090463899185392 0.3793198369983633 1.509862167035792
1.209977593427093 0.3975050874616938 1.500153383891963
1.32466908798451 0.4185866556389481 1.499438556410979
1.427496522335634 0.4407205231930408 1.506320474189834
1.515053380642557 0.4625578129321566 1.518152133593936
1.587177460976545 0.4826009217905984 1.531739555198354
1.644455966521867 0.4996756257780942 1.544978555365177
1.688859364481799 0.5136497132769938 1.556801842307537
1.722659645972008 0.5247345702860902 1.566748944496974
1.748041741909459 0.5333203824099474 1.574772397143736
1.766912379286389 0.5398523092945159 1.581052165349054
1.780839453160562 0.5447557553048816 1.585861779526457
1.791063134799399 0.5484005589994199 1.589488225481418
1.798538959733304 0.5510902280301052 1.592191744770241
1.803990043708598 0.5530645448850715 1.594190821621158
1.807956618774244 0.5545081927016073 1.59566026746655
1.810838655941522 0.5555608276128121 1.596735780058567
1.812930422191526 0.556326781173377 1.597520528682244
1.814447432560327 0.5568833117422476 1.598091829949486
1.815546991689891 0.5572872406055784 1.598507070370211
0.3703023282362591 0.3369279596638268 1.750937945706894
0.3714306344624665 0.3370083076915181 1.750410596138035
0.3729869031725591 0.3371184196130787 1.749683510545246
0.3751319093182996 0.3372688513107254 1.74868192108943
0.3780855620289884 0.3374735158953017 1.747303793108597
0.3821471174009866 0.3377503507207769 1.745410827370695
0.387721860341924 0.3381219767880576 1.742816689218697
0.3953541853675556 0.3386158121557725 1.739273149616167
0.4057679087084917 0.3392634713587394 1.734454505523129
0.4199087623158408 0.3400993981970866 1.727943136011493
0.4389917794126466 0.3411576829060252 1.719221424233664
0.4645272470308934 0.3424710508095704 1.707683084541375
0.4983207673128023 0.3440786447602399 1.692677519592196
0.5423990650339182 0.3460453372369862 1.673631341107809
0.5988353207378401 0.3485206389063891 1.650253083204727
0.6694176394860525 0.3518224858394075 1.622852213438091
0.7551413099948856 0.356520151405554 1.592693592440466
0.8575866843388733 0.3639336162650024 1.561656240320076
0.9716819163792443 0.3750067648097916 1.534304625821407
1.087473099055397 0.3896626078967994 1.514951689938851
1.20590177634712 0.4081366183193255 1.504279510671577
1.320641373374896 0.4297194282539856 1.502797977225061
1.423534955529918 0.452398389886125 1.509216435229241
1.511247456894885 0.4745307811650697 1.52076143850785
1.583394700633307 0.4947489383436483 1.534375038494223
1.640672612842829 0.5119950252696454 1.54782753257584
1.685058230326265 0.5261109919330925 1.559915926181351
1.718832381203815 0.537303600756 1.570113642732158
1.74418642021469 0.545967446526628 1.578348317632575
1.763030734559059 0.5525544648918596 1.584795670479192
1.776934834123648 0.557496308333732 1.589733664206694
1.787139285953467 0.5611677176217624 1.593456360399893
1.794599444608823 0.5638757922034895 1.596231043415352
1.800038016172847 0.5658628469770851 1.598282277575754
1.803994730377982 0.5673153217630663 1.599789725285439
1.806869072175741 0.5683740825386443 1.600892809997797
1.808954881776921 0.5691442934789684 1.601697511298203
1.810467302255637 0.5697037850601989 1.602283220016691
1.811563343434136 0.5701097727551528 1.602708850712075
0.3953581990296235 0.307166762187313 1.716053476742514
0.3964677583385992 0.3072204974679804 1.71549975331889
0.3979973742659359 0.3072940849633544 1.71473710734456
0.4001045075005388 0.3073945438596853 1.713687857964673
0.4030049670585921 0.3075311292957961 1.712246133922984
0.4069918619870319 0.307715751443445 1.710269281606631
0.4124628127741397 0.3079634431357088 1.707565949921944
0.4199524002802471 0.3082924802123276 1.703883110836922
0.4301738518895476 0.3087236613053276 1.698891897129192
0.4440562204520435 0.3092817843073735 1.692177248298165
0.4628061885812798 0.3099901911394065 1.683234015858372
0.4879252734386521 0.3108732342394267 1.671491442862748
0.5212254086811285 0.311971891466607 1.656361816993169
0.5647532923065676 0.3133395105613789 1.637394124228341
0.6206208596015329 0.3151022539155501 1.614467539142522
0.6906538257571041 0.3174982974899256 1.588091217791585
0.7758350405944472 0.3209132320116082 1.559668061442498
0.875884745973046 0.3272784010574024 1.532181851381754
0.9879401378165281 0.3374538351420171 1.509213795964649
1.10643685336324 0.3515139568938432 1.494156607557703
1.225810896884839 0.3687991973333123 1.487486207143005
1.338865711749201 0.388502518163935 1.488921200513971
1.440323124055993 0.4091223381289163 1.497003871609852
1.526748652225969 0.430484158458884 1.509468942266096
1.597905690686364 0.4498391116431119 1.522619933243355
1.654696480210639 0.4663327024595946 1.535043413279539
1.698895953670476 0.479860918217998 1.545986036318313
1.732642703174476 0.4906224130573623 1.555137658954426
1.758042193703072 0.498981199612035 1.562502915626362
1.77695831977012 0.5053564196239054 1.568264572618564
1.790937670829788 0.5101525204861627 1.572678552781868
1.801210854090709 0.5137239671568427 1.576008671173993
1.808729727931238 0.5163634669109635 1.578493083930136
1.814216518672758 0.5183033991347421 1.580331489352569
1.818211887826361 0.519723427340561 1.581683790458267
1.821116726838535 0.520759793966833 1.582674239169982
1.823226320545649 0.5215145229742896 1.583397385587887
1.824757154621154 0.522063300324955 1.583924169217484
1.825867356371318 0.5224618736307548 1.584307279754591
0.3949917576663468 0.3076378027607267 1.717247310880287
0.3961018764332502 0.3076920284271625 1.716694212109125
0.3976322731875536 0.307766288155774 1.715932409980989
0.3997404946419275 0.307867665644435 1.714884293508065
0.4026424523295156 0.308005500854612 1.713444084360545
0.406631403775842 0.3081918134643824 1.711469233976737
0.4121051424409297 0.3084417745350339 1.708768513334731
0.419598451924979 0.3087738267866789 1.705089012298927
0.4298247364772831 0.3092089714200943 1.700101943675121
0.443713309533389 0.3097721902608144 1.693392193326331
0.4624707821852987 0.3104870642559627 1.684454325454422
0.487598458214149 0.3113782067032478 1.672716746214805
0.5209074781987753 0.3124867487938708 1.657590295306923
0.5644433106360977 0.3138667297563788 1.638621085735075
0.6203163281453057 0.3156455275244856 1.615684358788589
0.6903515014531139 0.3180640168229584 1.589284756194206
0.7755340520211159 0.3215127637472392 1.560822284625836
0.8757975395058932 0.3279236171272548 1.533198380974586
0.9880315533356909 0.3381546654495872 1.510107312466027
1.10584122394792 0.3521758718768597 1.495025786632329
1.225303227218773 0.3694982327254515 1.488250120543839
1.338436981802813 0.3892478675598255 1.489618857632195
1.439957908647389 0.4099172896207258 1.497668770677166
1.526430127150506 0.4312818197923127 1.510121181399813
1.597634533548566 0.4506596358459276 1.523298996096916
1.654448392782355 0.4671706548682079 1.535758392204639
1.698657208489037 0.480711112727627 1.546736737101322
1.732406346994182 0.4914807645945364 1.55591960409819
1.757805099463723 0.4998448102444536 1.563310343802401
1.77671932639223 0.506223359442927 1.569091931068539
1.790696544956003 0.5110215496344717 1.573521091455951
1.800967753109171 0.5145943037516288 1.576862573800563
1.808484944163562 0.517234622991726 1.579355394721096
1.813970364417725 0.5191750702103692 1.581199973335239
1.817964646580156 0.5205954230440052 1.58255678240995
1.820868637600613 0.5216319948755375 1.583550510399953
1.822977577407916 0.5223868536570933 1.584276036190558
1.824507910645093 0.5229357128870852 1.584804542737288
1.825617731167869 0.5233343374169 1.585188899267855
0.3944213914132628 0.3083686498459539 1.719050996427881
0.3955323538585177 0.3084236290014041 1.718498836299293
0.3970639286339401 0.3084989217089156 1.717738301984219
0.3991737927528853 0.3086017108697079 1.716691887234735
0.4020780131038486 0.3087414669195385 1.715253953060728
0.4060700728988127 0.3089303780399736 1.713282107972075
0.411548029248998 0.3091838280721761 1.710585305124118
0.4190469764260333 0.3095205167659731 1.70691080923883
0.4292805930900986 0.309961757367784 1.701929949369708
0.4431786015601696 0.3105328151027715 1.69522752307773
0.4619475249305318 0.3112576381871451 1.686297650457059
0.4870883788536026 0.3121612375567699 1.674567456889024
0.5204111500147643 0.3132849710069497 1.659445574532015
0.5639595014308701 0.3146839154468963 1.640473741135438
0.6198414775567083 0.3164872707482367 1.617521214594632
0.6898808859951816 0.318939986750828 1.591085772505684
0.7750663379134854 0.3224401898476104 1.562563026137513
0.8756372388844079 0.3289187168521874 1.534735120119469
0.9881281945092373 0.3392307506905577 1.511458149977251
1.104949829190188 0.353198288817719 1.496333521204612
1.22454017038909 0.3705770032480049 1.489397827135438
1.337789486620396 0.3903969241705725 1.490665579205007
1.439403576120978 0.4111416236890491 1.498665252407829
1.525944866055315 0.4325115447908282 1.51109767271113
1.597218753130454 0.4519235473000525 1.524315184842315
1.654066411551168 0.4684608059480597 1.536828547608385
1.69828884578601 0.4820197890345214 1.54786080405478
1.732041378565571 0.4928018376432866 1.557090907010031
1.757438933217477 0.501173908238058 1.564520201323419
1.776350266664761 0.5075575581459721 1.570331951717674
1.790324263049201 0.5123589629748092 1.574784089128269
1.800592495129266 0.5159337377394281 1.578142772640594
1.808107153488295 0.518575329534711 1.580648320509299
1.81359051214972 0.5205165805776837 1.582502242870645
1.817583159507873 0.5219374429012583 1.583865874988789
1.820485875250657 0.5229743387381337 1.584864566174353
1.82259383164931 0.5237294037935885 1.585593693043432
1.824123411613633 0.5242783941595807 1.586124807076659
1.825232658708604 0.5246771014748148 1.58651104926271
0.3935354321904644 0.3094983071486803 1.721732305934802
0.3946476458013284 0.3095544369561066 1.721181534710045
0.3961809687895225 0.3096313073079789 1.720422875992316
0.3982932727233638 0.3097362527897666 1.719378978068772
0.4012008567206722 0.309878943424958 1.717944407571621
0.4051975427319173 0.3100718253036664 1.715977004008275
0.4106817853424754 0.3103306081407141 1.71328598781216
0.418189150849047 0.3106743856875825 1.709618878257685
0.4284337426834879 0.3111249495486886 1.704647169108846
0.4423459247437645 0.3117080002146335 1.697955513316849
0.4611321352247831 0.3124480468587931 1.689037351225512
0.4862930374094425 0.3133707008033543 1.677317870880815
0.5196370005838 0.3145176482539041 1.662202379091447
0.5632051155700966 0.3159454943782256 1.643226032682916
0.6191020302224932 0.31778611942139 1.620249099432885
0.6891497210767501 0.3202905335890823 1.593759047379995
0.7743413777076945 0.323868211393864 1.565144894330023
0.8753346912018236 0.3304445093345181 1.537022822355327
0.9881790392123491 0.3408704556589634 1.513469572312537
1.103645273159039 0.3547699606116624 1.498266214282766
1.22341585179664 0.372233321721991 1.491090555144013
1.336828311965614 0.392158662140986 1.49220632088882
1.43857429205568 0.4130162021193365 1.500129709673156
1.525214648932922 0.4343971152205557 1.512530534669982
1.596586843500798 0.4538591323269014 1.525805216688697
1.65348217011194 0.4704351715272033 1.538398184060723
1.697723596215091 0.4840217315955391 1.54951050780787
1.731480599784958 0.4948223424890724 1.558810953361717
1.756876127473831 0.5032064928810163 1.56629773019134
1.775783065199032 0.5095978602128248 1.572154475467381
1.789752244053332 0.5144041540798137 1.576640895542595
1.800016051693027 0.5179820185004392 1.580025245729923
1.807526954214351 0.5206255670070614 1.582549784104499
1.813007259438935 0.5225680613486434 1.584417648356064
1.816997486917541 0.5239897166526566 1.585791460804036
1.819898315485619 0.5250271201716118 1.586797557018702
1.822004816755444 0.5257825108041492 1.587532056434649
1.823533282092876 0.5263317098471534 1.588067060490918
1.824641680614963 0.5267305501646966 1.58845611571938
0.3921660270170929 0.311231222529058 1.725622684244802
0.3932800503015999 0.3112890915148049 1.725073921943437
0.3948159046571662 0.3113683468531193 1.724317975404623
0.3969317459819341 0.311476552833899 1.723277715621403
0.3998442135047434 0.311623681932314 1.721848005592373
0.4038476280418803 0.3118225714085012 1.719887016365367
0.4093410334895689 0.3120894256897715 1.71720435078514
0.416860703852777 0.3124439375119109 1.713547888688062
0.4271213966090017 0.3129086256806922 1.708589348743509
0.44105447964492 0.3135098552007421 1.701913149414518
0.4598663692288091 0.3142729838916188 1.693011706437131
0.4850573813794969 0.3152245168743717 1.681307328777299
0.5184337495201871 0.3164066032299633 1.66620040392242
0.5620330681651096 0.3178780372011896 1.647216373001357
0.6179551839762695 0.3197745341619637 1.62420224458747
0.68801917281117 0.3223559140989721 1.597630285244137
0.7732238287994445 0.3260483725352425 1.568879801244341
0.8747554879706035 0.332760704961329 1.540350804704978
0.9880511112401276 0.3433385294188375 1.51639743927786
1.101799212609405 0.3571649535315433 1.501046539461598
1.221807836445779 0.3747534507936134 1.493518458058561
1.335437691775825 0.3948341524974136 1.494409856672715
1.43736020669262 0.4158577449579022 1.502219236166078
1.524136059854538 0.4372612048203162 1.514570324424208
1.595639611823359 0.4567940257719476 1.527923974865171
1.65259819853589 0.4734258128427756 1.540631176725607
1.696864257699042 0.4870524298888108 1.551859608608812
1.730626367695846 0.4978802229186302 1.561262482179685
1.756018333400753 0.5062821875653505 1.568833113920214
1.774918631516726 0.5126850111458625 1.574755551428825
1.78888072260143 0.517498609734602 1.579292041846831
1.799138084040074 0.5210811206523722 1.582713883544399
1.806643538986139 0.5237276315127231 1.585266162113501
1.812119425523793 0.5256720211492152 1.587154391313601
1.816106155224011 0.5270948939539113 1.588543073482447
1.819004257614425 0.5281330828327718 1.589559985117519
1.821108657365796 0.5288889811852824 1.590302330966987
1.822635513016985 0.5294385085310731 1.590843015953228
1.823742686000464 0.5298375602247054 1.591236179083428
0.3900720654750378 0.3138507085037172 1.731069678327643
0.3911886122813384 0.3139111612266842 1.730523727936688
0.392728002471508 0.3139939606367284 1.72977157638344
0.3948487946095485 0.3141070132262047 1.728736404929182
0.3977681112773812 0.3142607424883029 1.727313489473913
0.4017809876662782 0.3144685697393053 1.725361460539159
0.4072873198535656 0.3147474390812864 1.722690448737431
0.414824421211786 0.3151179407012448 1.719048824951373
0.4251080449483983 0.3156036829435917 1.714108598763356
0.439071116284225 0.3162320337513352 1.707453815307869
0.4579202328446279 0.3170296151183958 1.698575381761714
0.4831555631873862 0.3180242354562289 1.686891439651199
0.5165807846619186 0.319258671592205 1.671795291244452
0.5602290756405495 0.3207947296083112 1.652798422503167
0.616193807102631 0.3227733936659309 1.629728813587926
0.6862894604529677 0.3254668696183396 1.603036916346435
0.771520478738132 0.3293253220583953 1.574088112233394
0.8736525830550489 0.3362166348307951 1.545030808187745
0.9874535995075693 0.3469808233841308 1.520520477568388
1.099313927840794 0.3607573625320065 1.504889631053513
1.219606297062378 0.3785265443212653 1.496859769831864
1.333499719582776 0.3988303675977295 1.497429452827717
1.435638009881284 0.4200917787971777 1.505072617782975
1.522586141256364 0.4415407037393782 1.517346549054164
1.594249572259683 0.4611689789293119 1.530802552394613
1.651284082043777 0.477877704652686 1.543667235363261
1.69557830775476 0.4915604483580448 1.555058300824597
1.729344534410065 0.5024267604121674 1.564605537190363
1.754730112580167 0.5108542074596562 1.572294678791525
1.773620496305621 0.5172735581968382 1.578310073706005
1.787572409298186 0.5220977801089031 1.58291745533078
1.797820654299218 0.525687102112594 1.586392390361688
1.805318460630563 0.5283379896694848 1.58898395509127
1.810788166407383 0.5302852018313365 1.590901024813381
1.814770013106506 0.5317099024760574 1.592310764005264
1.817664313576606 0.5327492802744821 1.593342990221829
1.819765783944434 0.533505953965429 1.594096445716629
1.821290396091449 0.5340559873709403 1.594645173599138
1.822395860893838 0.5344553683274101 1.595044152127693
0.3869377104341139 0.3177050584913023 1.738318297679868
0.3880575980706755 0.3177692423020074 1.737776107212778
0.3896016811177936 0.3178571614546573 1.737029027884642
0.3917290634108603 0.3179772185362779 1.736000653357173
0.3946575255481077 0.3181404917701669 1.734586808282677
0.3986830852340107 0.3183612518329667 1.7326467297949
0.4042068265775802 0.3186575206092872 1.72999124142712
0.4117675419331781 0.3190511998261483 1.726369347467586
0.422082467189114 0.3195674904663166 1.721453405786958
0.4360868947583958 0.320235242657056 1.714826885852034
0.4549880773871292 0.3210829156462332 1.705978550558095
0.4802866427656171 0.3221401626866219 1.694320734847162
0.5137837050706899 0.323450570644507 1.679236921534824
0.5575074831036134 0.3250798626211934 1.660219324777622
0.6135431903659562 0.3271758558693952 1.637069663471179
0.6836981363069483 0.3300273614574563 1.610208275919594
0.7689799821978442 0.3341175614786901 1.580981330172414
0.8716167694195105 0.3412259200722069 1.551301611908642
0.9858470813816295 0.3521905782634421 1.526060843651356
1.096201462360361 0.3659993293390003 1.509903984564146
1.216773988418958 0.384020665020906 1.501191104176468
1.330938025650547 0.404633291965811 1.501318794914214
1.433301859412561 0.4262223772846403 1.508728669204406
1.520445550762052 0.4477591280247269 1.520886830769248
1.592274289170736 0.4675072706891911 1.534463212089404
1.649384826711224 0.4843161892121213 1.547533042126038
1.693703980669554 0.4980736519508842 1.559141083446808
1.727469613284419 0.5089920488679976 1.568882670822138
1.752843846690793 0.5174543829552488 1.576731994795569
1.771719748617231 0.5238966048891052 1.582873264508563
1.785657560467702 0.5287356735118526 1.587576720185011
1.795893451668142 0.5323346039387985 1.591123633372157
1.803381004828742 0.5349917219131114 1.593768463142517
1.808842472330555 0.5369429880254127 1.595724634759379
1.8128178302585 0.5383703372865737 1.597162920934073
1.815707086618289 0.5394114532756081 1.59821590707819
1.817804673412187 0.5401692708738983 1.598984420849008
1.819326311945238 0.5407200580685624 1.599544049064965
1.820429512537062 0.5411199346384414 1.599950908208586
0.3824206136774798 0.3231247224194004 1.747317482721971
0.3835446232079426 0.3231940588469128 1.746780023459762
0.3850945177843825 0.3232890518157456 1.746039323143479
0.3872300959413936 0.3234187925862468 1.745019490519984
0.3901699829168701 0.3235952698818031 1.743617035408778
0.394211474513333 0.3238339383041837 1.74169194619728
0.3997572279129125 0.3241543260477329 1.739055898386262
0.4073480443799882 0.324580175049372 1.735458657154974
0.4177032832763164 0.3251389227963405 1.7305729551066
0.431761700293314 0.3258615313464528 1.723981418505934
0.4507320968347436 0.3267790290122816 1.715169913085625
0.4761168294207478 0.3279235738216015 1.703543101953717
0.5097153085436087 0.3293397374759202 1.688471564447906
0.5535512069622727 0.3310979686335516 1.669422301138578
0.6097004116234166 0.3333542779244952 1.646162682151225
0.6799594517645903 0.3364183400063419 1.619073635007147
0.765332379084431 0.3408163653884066 1.589476180534087
0.8680809710923025 0.3481588031332841 1.559166766296122
0.9824174914657433 0.3592953567871204 1.533048178966731
1.094032422941548 0.3734569580785781 1.515786422351868
1.21342834868236 0.3916671405509444 1.506355327446267
1.327785418263453 0.4126858290302334 1.505911342924428
1.430319675539947 0.4347029838775615 1.513011557052961
1.517647832993104 0.4563976980850898 1.525006226577923
1.589596858330077 0.4762819267946696 1.538704275447297
1.646757088553748 0.4932113138760386 1.552021706389149
1.691084737047357 0.5070615240397937 1.56390095520966
1.724838733605404 0.5180459534444202 1.573888591339612
1.750193737866817 0.5265532257240907 1.581941834199082
1.769049296627089 0.5330252972906051 1.588243756658382
1.782968551631231 0.5378839673237745 1.593069973273839
1.793188661847724 0.5414957178562804 1.596708903217025
1.800663313942395 0.5441612313344971 1.59942183739166
1.806114499492646 0.5461180118863881 1.601428004050304
1.810081794163399 0.547548996901184 1.602902786792644
1.812964796770675 0.5485925202749826 1.603982310667248
1.815057573753683 0.5493519363488095 1.604770071037088
1.816575530539779 0.549903786521222 1.605343629404314
1.817675927388722 0.5503043688529148 1.605760558193904
0.3762905115324973 0.3302376945332401 1.757533626570818
0.3774191686837536 0.3303136962993642 1.757001686317706
0.3789756506915445 0.3304178455567878 1.756268422351279
0.381120574523187 0.3305601302536115 1.755258539010912
0.3840735703187607 0.3307537272167944 1.753869337923073
0.3881334799385425 0.3310156404154281 1.751961667381117
0.3937049050427197 0.331367375927872 1.749348169379792
0.4013312045301126 0.3318351038099153 1.745779447259715
0.4117345989798681 0.3324492179234504 1.740928583726628
0.4258586077248738 0.3332435211706454 1.734377059284836
0.4449149514036853 0.3342524346441192 1.725607086658388
0.4704097747835476 0.3355113293938486 1.714013878902237
0.5041428776170844 0.3370658998159078 1.698952201582675
0.5481353025239775 0.3389917834309846 1.679858309279019
0.6044536138034147 0.3414538710441348 1.656457676660744
0.6748791905096613 0.3447859500277324 1.629083112038711
0.7604001002070256 0.3495663556549935 1.599024909070502
0.8624760426907501 0.3571218248225264 1.568226112696934
0.9762674960212023 0.3683448334285553 1.541175069702218
1.091695262405127 0.3830998498453185 1.522176649488736
1.209893588156413 0.4016148803442405 1.511861724685195
1.324243798948301 0.4231326561168985 1.510735334811393
1.426798982449133 0.4456714417988602 1.517454917013892
1.514248214352513 0.4676232643907484 1.529239238740442
1.586199163677511 0.4876417924197607 1.543032171322276
1.643345227970394 0.5047016996384333 1.556620908965234
1.68764712951396 0.5186570796191738 1.568812501954614
1.721370732753555 0.529718494875253 1.579088408835644
1.746695768066896 0.5382791932312458 1.58738231482511
1.765524461270738 0.5447872960886722 1.593874472636307
1.779420945400924 0.5496699289904462 1.598846278213537
1.789622394486722 0.5532975271052751 1.602594407465416
1.797082088976892 0.5559735228447691 1.605388181190884
1.802521481849787 0.5579372520631378 1.607453692060481
1.806479582292845 0.5593728579847596 1.608971792125788
1.80935547547106 0.5604194661561002 1.610082808629415
1.811442791864369 0.5611809468177155 1.610893405351227
1.812956569948857 0.5617341808340797 1.611483489083106
1.814053783724842 0.562135689587578 1.611912361386604
0.3963069912571326 0.3059434715954378 1.716456583882078
0.3974175560805363 0.3059951476203503 1.71590491016433
0.3989484961925975 0.3060659020716561 1.715145117282141
0.4010573813620998 0.3061624705348543 1.714099828357218
0.4039600937005393 0.3062937249757783 1.712663620539048
0.4079499337880848 0.3064710718010842 1.710694402035134
0.4134246725197844 0.3067088823593633 1.708001627423627
0.4209190704540428 0.3070245895531334 1.704333336122886
0.4311463454275499 0.3074379120353196 1.699362056639693
0.4450362289578356 0.3079726068533272 1.692674638226775
0.4637948271575897 0.3086506480138556 1.68376820936989
0.4889239870098656 0.3094954242625036 1.672074224908672
0.5222335150439961 0.310547844657159 1.657009643892935
0.5657700597947397 0.3118620842237839 1.638124705383028
0.6216422667095012 0.3135683711282352 1.615300575345247
0.6916712611259849 0.3159116527359588 1.589045224516312
0.7768349513023397 0.3192874393570181 1.560755304911685
0.876842147935479 0.3256320987243472 1.533410670262012
0.9888451846803573 0.3357908290494644 1.51057039707035
1.107285881187264 0.3498368589210781 1.495608705876025
1.226578275437024 0.3670988380148261 1.4889956215523
1.339555695660427 0.3867692156970232 1.490445529921811
1.440949146456645 0.4073497255473379 1.498505892447743
1.527330921680382 0.4286659241052553 1.51092164864335
1.598459899782396 0.4479821305902361 1.52400523740748
1.655235524911266 0.4644474778875364 1.536357670561109
1.699428559436241 0.4779558975464697 1.547234147144326
1.733174368762997 0.4887039243942621 1.556328909309039
1.75857571918489 0.4970537348221543 1.563647751330643
1.777494944332671 0.5034230511695362 1.56937288968826
1.791477695705765 0.5082152982011958 1.573758865855521
1.801754087118889 0.5117842389452157 1.577067887720866
1.809275771668312 0.5144221126450048 1.57953661304549
1.814764915720465 0.5163609916354737 1.581363457704451
1.818762199079069 0.517780340255077 1.582707298438302
1.821668562265108 0.51881626810141 1.583691580187057
1.823779360665813 0.5195707179147098 1.584410250882237
1.825311130729643 0.5201193181221713 1.584933791755109
1.826422055378334 0.520517780139689 1.585314556781687
0.3960990192764173 0.3062129240692616 1.71772584332088
0.3972100618502043 0.3062650328497034 1.717174676406253
0.398741665847606 0.3063363810262212 1.716415568162876
0.4008514721359153 0.3064337618809677 1.715371197790494
0.4037554458599766 0.3065661239320867 1.713936217184677
0.4077470073343856 0.30674497337637 1.711968617464704
0.4132240630407183 0.3069848102638053 1.709277947642745
0.4207215268893829 0.3073032273007033 1.705612333661341
0.4309527339735756 0.3077201476836003 1.700644352083616
0.4448475886667098 0.3082595279963966 1.693960771389886
0.4636120506433385 0.3089436349191264 1.685058428901299
0.4887476562292855 0.3097962191316154 1.673367995903105
0.5220633792225842 0.3108585070944789 1.65830508001973
0.5656045818234816 0.3121856021623742 1.639417342003685
0.6214783736554161 0.3139091758282822 1.616582446846846
0.6915051548715809 0.3162769942624661 1.590304455573168
0.7766650770458806 0.3196893727723977 1.561977781222197
0.8768692624210553 0.326084540099599 1.534504699626171
0.989047966832861 0.3363029464553622 1.51154923276583
1.106817736067289 0.350313579166949 1.496569810789054
1.226187459439543 0.3676113879070624 1.489861288633009
1.339232966865162 0.3873246118076937 1.491253818829326
1.440680018992579 0.407949494196424 1.499288681752491
1.527100245429182 0.4292628037223575 1.511697230437364
1.59826971159583 0.4485951775696219 1.524811637899173
1.655063700461098 0.4650717870208648 1.537203270955544
1.699263013385339 0.4785871387915823 1.548118149722625
1.733009283464588 0.4893389676639047 1.557246314307426
1.758408717799752 0.4976905911682062 1.564592351157001
1.777325340351464 0.5040605806337847 1.570338756551038
1.791305549233024 0.5088529088263689 1.574740942688986
1.801579734003473 0.512421660015535 1.578062112881153
1.809099611051566 0.5150592488478862 1.580539838826731
1.814587322434073 0.5169978341751108 1.582373300832723
1.818583492455697 0.5184169184812654 1.58372198069422
1.821489001254265 0.5194526243853459 1.584709787765003
1.823599149626222 0.5202068950203569 1.585431019980871
1.825130427621661 0.5207553541424055 1.585956418347827
1.826240981553182 0.5211537067358799 1.586338528611368
0.3957676018297843 0.306641480487692 1.719649001064881
0.396879366626885 0.3066942544401395 1.719098589174485
0.3984119745820832 0.3067665152695574 1.718340500554497
0.4005231744675541 0.3068651450031243 1.717297497536548
0.4034290575291908 0.3069992099324234 1.715864342824857
0.407423226465072 0.3071803698218369 1.713899149731692
0.4129037949738446 0.3074233228222899 1.711211605744526
0.4204059128381438 0.3077459076906925 1.707549961661229
0.4306430989225715 0.3081683624717574 1.702586858535224
0.444545532264411 0.3087149507816808 1.69590893101646
0.4633189687942577 0.3094083883165833 1.687012560733582
0.4884645050063997 0.3102729778199313 1.675327211892069
0.5217898952617838 0.3113504234538521 1.660266421553814
0.5653386038397966 0.3126972293117388 1.641373912181402
0.6212154524338172 0.3144472389069486 1.61852201063558
0.6912397233442081 0.316852479251682 1.592208823496275
0.7763948127950195 0.3203205659832897 1.563825363494866
0.8768813698194123 0.3267905890292478 1.536161638663976
0.9893114082786503 0.3370959843559633 1.513031785416365
1.106114016308885 0.3510578146591741 1.498019025230996
1.225596563468372 0.3684099499470218 1.49116480042312
1.338741922092511 0.3881881349057337 1.492469338417164
1.440267887791733 0.408880312272317 1.50046462021967
1.526745507106528 0.430190488090909 1.512861253900896
1.597974754336345 0.4495469724692626 1.526021289952006
1.654795929365868 0.4660405305899193 1.538471743395823
1.699004573681645 0.4795664006348432 1.54944447828079
1.732751554626447 0.4903240564899817 1.558623043405018
1.75814816452957 0.4986785051246574 1.566010138458695
1.777060932936995 0.5050495868927032 1.571788658572709
1.791037368792793 0.5098420988589396 1.576215323425062
1.801308274226273 0.5134106112391057 1.579554837953364
1.808825462123524 0.5160478057905719 1.582046154127759
1.81431104016601 0.5179859744186855 1.583889607083552
1.818305551155011 0.5194046793332475 1.585245592633449
1.821209786032871 0.5204400645733839 1.586238721618892
1.823318964692806 0.5211940752140841 1.586963820582707
1.824849508284689 0.5217423289890001 1.587492022813985
1.825959508707781 0.5221405219391639 1.58787616362343
0.395235960608666 0.3073268353001748 1.722518701737352
0.3963488002880407 0.3073806256300269 1.721969396199094
0.3978829033064002 0.3074542811298696 1.721212801056846
0.3999961800338761 0.3075548195748826 1.720171799734583
0.4029049108563097 0.3076914874670638 1.718741316337095
0.4069029731388725 0.3078761796562912 1.716779640905451
0.4123887943247716 0.3081238976439736 1.71409665996027
0.4198978847531477 0.3084528571469494 1.710440800162335
0.430144052267397 0.3088837782315575 1.705484784609504
0.4440579147971323 0.3094413949428898 1.698815028238924
0.4628449663197893 0.3101491069139016 1.689927206447866
0.4880057160932986 0.3110320506585747 1.678248944942064
0.5213461919856537 0.3121326394115131 1.663190645559207
0.564907134113116 0.3135094574920347 1.64429008837729
0.6207900222944532 0.315299563993528 1.621411560367528
0.6908123967470089 0.3177613348263368 1.595044210548322
0.7759620928438652 0.321313345463068 1.566573952282668
0.8768349850250645 0.3278916349074013 1.538634744620648
0.9896083097372332 0.338319712327173 1.515245248221679
1.105080379771359 0.3522200693165961 1.500168047060879
1.224720978638934 0.3696537917483834 1.493094415295695
1.338007235177607 0.3895293820269731 1.494265699479689
1.439645088703001 0.410322407990407 1.502200124643907
1.526205631510935 0.4316307458485336 1.514576968091838
1.597519894226468 0.4510222986237459 1.527802876367812
1.654379714706774 0.4675408309321032 1.540340014451125
1.698601535132614 0.4810823686008542 1.551398538665429
1.732349373924194 0.4918488104156248 1.560652016183516
1.757741790561502 0.5002075993286089 1.568100197118684
1.776648903858577 0.5065804317188928 1.573926514678803
1.790619817187676 0.5113733209221619 1.578389615651
1.800885925044232 0.5149415595075022 1.58175643491048
1.80839917814671 0.5175782295683721 1.584267978237219
1.813881633507451 0.5195158247249789 1.586126300201125
1.817873714959458 0.5209339995602451 1.587493157621099
1.820776083399157 0.5219689329646678 1.588494205817469
1.82288384066623 0.522722575226109 1.589225058312561
1.824413307286346 0.5232705369071871 1.58975743233799
1.825522495671276 0.5236685020825792 1.590144594205421
0.3943789010544327 0.3084263329167338 1.726703517231616
0.3954933036778125 0.3084816608539953 1.726155794024093
0.3970295826473259 0.3085574265854504 1.725401333828598
0.3991458855670761 0.3086608535845852 1.724363191990191
0.4020587712757006 0.3088014615584433 1.722936521729516
0.4060625237368179 0.3089915019971644 1.720979861780598
0.4115560386648886 0.3092464368144096 1.718303376518731
0.4190753719876147 0.3095850542987405 1.71465573169632
0.4293347866677111 0.3100288057844861 1.709709745898614
0.4432656045495677 0.3106031407484312 1.703051478506841
0.462073031063382 0.3113324888919634 1.694175527187701
0.4872568689475859 0.3122432273739233 1.682506765740558
0.5206208279942699 0.3133788009368729 1.667450932801832
0.5642019000666249 0.3148008113186753 1.648537006362273
0.6200968255119771 0.3166509637523802 1.625617386430585
0.6901203983100025 0.3191968937733873 1.599167993962334
0.7752659728191788 0.3228733365816829 1.570567238002381
0.8766279331090922 0.3296025708282834 1.542245952587894
0.9898351673124214 0.3401951035233017 1.518479708707421
1.103614235083967 0.3540309396173805 1.50327562289273
1.223462068308774 0.3715854471941287 1.495878437930367
1.336935211695106 0.39160469516747 1.49685180254447
1.438722469256097 0.4125461830732037 1.504694099801805
1.525396980954951 0.4338580913380112 1.517038140849181
1.596825132038375 0.4532987449216573 1.530355575045933
1.653736427776206 0.4698529267107339 1.543017085235462
1.697975347783319 0.4834171638868588 1.554199851768906
1.731723664358342 0.4941965317566309 1.563562215599164
1.757109788855813 0.502561846811287 1.571099322257825
1.776008713750964 0.5089374325720213 1.576995264503966
1.789971705641725 0.5137310460694111 1.581511451954378
1.800230955852606 0.51729902592137 1.584918054649123
1.807738591992634 0.5199350400567249 1.587459067748419
1.813216591536438 0.5218718813553931 1.589339051284071
1.817205206055064 0.5232893445906983 1.590721745808199
1.820104910405147 0.5243236644148874 1.591734329032928
1.822210638057538 0.525076802696755 1.592473561448947
1.823738566168575 0.5256243626635618 1.593012011219738
1.824846593985159 0.5260220133081627 1.59340357265847
0.3929988912617243 0.3101831214421966 1.732603099696202
0.394115490484916 0.310240736694157 1.732057562462198
0.3956548320125279 0.3103196422874169 1.731306049824248
0.3977754016682981 0.3104273684171925 1.730271852449031
0.4006941571017367 0.31057384246042 1.728850437071008
0.4047059689726992 0.3107718486110475 1.726900678993137
0.4102104167679453 0.3110375369650846 1.724233114708259
0.417744368296013 0.3113905526427068 1.720596718865842
0.4280228003367196 0.3118534394266123 1.715664404305232
0.4419781607185413 0.3124527205872833 1.709021668201784
0.4608154443207937 0.3132143499880867 1.700161502547695
0.4860337676202657 0.3141665107027775 1.688504768287408
0.5194339815319903 0.3153541057427877 1.67345045038685
0.5630482437922839 0.3168429670287986 1.654514840534409
0.6189668590107401 0.3187812795436773 1.631533237601554
0.689000263661309 0.321449766121068 1.604962554000255
0.7741475107518987 0.3253063589757814 1.576170457409507
0.8760480193432374 0.3322349008267833 1.547351405765659
0.9897323028997218 0.3430313302263792 1.523059700705963
1.101639700472977 0.3568280343796181 1.507605141926516
1.221730230787313 0.3745576094804096 1.499745529314065
1.33542696891626 0.3947836447629919 1.500433453345132
1.437394973110867 0.4159380467859533 1.508139707250172
1.524214476464532 0.4372680778788866 1.520430233534645
1.595780914346459 0.4567736382282185 1.533867725134242
1.652753702959887 0.4733763678276742 1.546700864111077
1.697011682176899 0.4869721739935717 1.558057509638688
1.730758617179767 0.4977698790801623 1.567573097138752
1.756135197597234 0.5061446941653578 1.57523563236746
1.775022492167585 0.5125244858207991 1.581229877219456
1.788974448706736 0.5173194075761737 1.585821045732443
1.799224220961342 0.5208872559030806 1.589283845349733
1.8067241214712 0.5235225263874915 1.591866485331817
1.812195994338262 0.5254584418054367 1.593777063990485
1.816179844614927 0.5268750036259882 1.595182124926204
1.819075888174663 0.5279085333729422 1.596210997253185
1.821178826175502 0.5286610159230906 1.596962062244598
1.82270463870039 0.5292080494020491 1.597509090333527
1.82381106981033 0.5296052855074969 1.597906863033258
0.3908081558015428 0.3129384992924026 1.740527404548893
0.3919276967072307 0.3129994240125101 1.739984746232476
0.3934711484535368 0.3130828740879968 1.739237112438865
0.3955974592831836 0.3131968249953975 1.738208100159202
0.3985241358490431 0.3133517965315159 1.73679358401989
0.4025468644433136 0.3135613481100472 1.734852871104077
0.408066190735948 0.3138426323690651 1.732196968684389
0.4156201582358033 0.3142165448461377 1.728575223072131
0.4259248454049135 0.3147072203848789 1.723660609337598
0.4399144730148301 0.3153427578070517 1.717037767821521
0.4587941354488758 0.3161513057970293 1.708197383517893
0.4840626249379311 0.317163594442036 1.696554685156369
0.517517736044036 0.3184265100590306 1.681499246388
0.5611859833465931 0.3200115398878994 1.662529779269385
0.6171494627284092 0.322075467166591 1.639457925919173
0.6872117493282328 0.3249167041423294 1.612714331206967
0.7723754086115232 0.3290252149388238 1.583651884480095
0.8747128863171452 0.3361969822956511 1.55424345701496
0.9887830220710885 0.3472173088726332 1.529261385874963
1.099173838064255 0.3610592302602275 1.513322323248532
1.219492885456518 0.379034885199141 1.50483125926296
1.333411083118802 0.399548427566431 1.505125053412949
1.435562421265788 0.4209970248689554 1.51263806497213
1.522545226175123 0.4423769857883741 1.524844594876788
1.594252570713339 0.461961294491057 1.538426646747248
1.651285328241536 0.4786258011651867 1.551484006847651
1.695558316433455 0.4922630252740742 1.563072608424148
1.729298851751606 0.5030854277486589 1.572794236283071
1.754660919764101 0.5114734392087579 1.580626016026359
1.773532157351832 0.5178593830606866 1.586753102473439
1.787469361647973 0.5226565150351721 1.591445658902488
1.797706641071346 0.526224556231416 1.594984461751955
1.805196414048189 0.5288591146417561 1.597623399941916
1.810660292491374 0.5307940027411863 1.599575353660341
1.814637935332442 0.5322095140949651 1.601010658331221
1.817529211549019 0.5332421001920046 1.602061554120754
1.819628516364828 0.5339937875577454 1.602828615395912
1.821151572345808 0.5345401758661158 1.603387239139015
1.822255921720913 0.5349368999182662 1.603793407018067
0.3874507580900099 0.3170843553982921 1.750488562086852
0.3885739893103869 0.3171498636527114 1.749949465005513
0.3901226132526358 0.3172396105048584 1.749206624663731
0.3922561751829011 0.3173621909286669 1.748184011552574
0.3951928972951069 0.317528950030478 1.746777997219671
0.3992295422909197 0.3177545292738637 1.744848405568116
0.4047679577357745 0.3180574828386584 1.742206797090045
0.4123478190083205 0.3184604587115362 1.738602924826578
0.422686845501516 0.3189898173748328 1.733709747392636
0.4367219491922273 0.3196758846997913 1.727110669928107
0.4556590250803692 0.3205498441039186 1.718293232761237
0.480997507069707 0.321645863191639 1.706665172664335
0.5145327159100175 0.3230133942851072 1.69160363388423
0.558285543178149 0.3247310233832409 1.672584255179844
0.6143284900366832 0.326966205007738 1.649387673796209
0.684454669702141 0.3300398491775948 1.622410137281898
0.7696636756234445 0.3344838226392024 1.592985274219328
0.8720558899104243 0.34192106004332 1.562975552007898
0.9861708614499973 0.3531428133544739 1.53716273547908
1.097533304427557 0.3673284691543627 1.520202274313911
1.216840454636959 0.3855131741372051 1.511031442828711
1.330896169946557 0.4064077275892021 1.510813647888887
1.433171614906805 0.4282426124061572 1.518067604868591
1.520304095586529 0.4497308940207635 1.53015119911346
1.592107541505799 0.4693992779850715 1.543886588201171
1.649174507507356 0.4861352883023335 1.557216140120359
1.693446810649592 0.4998226815027492 1.569094982475181
1.727170672297493 0.5106760628803785 1.579077334923525
1.752511076141685 0.519081247368622 1.58712431040547
1.771361052720307 0.5254756454544833 1.593420665734019
1.785279617045305 0.5302762141446566 1.598242528771907
1.795501454751685 0.5338450357464356 1.601878294760657
1.802978847437342 0.5364791154242976 1.604589060452145
1.808433008623016 0.5384130247676205 1.606593798351079
1.812403126829786 0.5398274460932886 1.608067681797469
1.815288630426375 0.5408590140631893 1.609146666770322
1.817383536487303 0.5416098235025532 1.60993412727368
1.818903253424202 0.5421554884226006 1.610507536387496
1.820005079185601 0.5425516316633435 1.61092440745354
0.3826170549059894 0.3228971035686186 1.761981213281366
0.3837445458499105 0.3229685661872607 1.761446196076556
0.3852991653945648 0.3230664976557224 1.760708840983265
0.387441174602746 0.3232003023623232 1.759693539195951
0.3903896639682532 0.3233824055851137 1.758297221307513
0.3944427221074993 0.323628868454411 1.756380280437634
0.4000038401725297 0.323960088021628 1.753754872248707
0.4076148227691788 0.3244010243072935 1.75017114555882
0.4179956884183827 0.3249809705763471 1.745301916321913
0.4320871831931716 0.3257332262666753 1.738728942826567
0.4510971819721202 0.3266929349273854 1.729935776354119
0.4765274937409507 0.3278986383855949 1.718320873708857
0.5101727059019692 0.3294029129115351 1.703246084600396
0.5540494912999454 0.3312925833400109 1.684158837442278
0.6102203768623469 0.3337472753739044 1.660801897703686
0.6804635111289676 0.3371143568720986 1.63352951800198
0.7657635024522018 0.3419767309467182 1.603651923744878
0.8674621874443833 0.3496618513418814 1.573166191927152
0.9809541656707808 0.361004723017033 1.546470799186874
1.096034431266475 0.3758077504370831 1.527849179028313
1.214028120894691 0.3942930782158086 1.517872907634754
1.328020801778983 0.4156615717037474 1.517043706036753
1.430272207414498 0.4379710489195103 1.523977224233656
1.51749230087843 0.4596563117457654 1.535898934681569
1.589278028740435 0.4793984522385246 1.549768499272503
1.646318967045989 0.496207333162292 1.563399342461653
1.690559151520524 0.509949532304714 1.57561336102661
1.724249728089457 0.5208383687207672 1.585901352338035
1.749559371138457 0.5292640744048127 1.5942022006973
1.768382823570359 0.5356691548985214 1.600698811896472
1.782279501334457 0.5404745438542999 1.605673840391397
1.792483761993042 0.5440449624568753 1.609424514472738
1.799947291778037 0.5466790253804544 1.612220410105034
1.80539066636605 0.5486122043716548 1.614287704334371
1.809352467857618 0.5500256596074409 1.615807303083252
1.812231602872328 0.5510562637091259 1.616919568245801
1.814321657695274 0.551806211488625 1.617731194074344
1.815837689829605 0.5523511497820802 1.618322115501732
1.816936727653245 0.552746699686169 1.618751661931454
0.3972530781747353 0.3047158031943597 1.71669406517213
0.3983645207953929 0.3047655177930574 1.716144217531713
0.3998966099378466 0.3048335749493359 1.715386969760076
0.4020070083812381 0.3049264401697478 1.714345217155958
0.4049116490074759 0.3050526228338139 1.712913942436256
0.4089039957610652 0.3052230525639801 1.710951558088993
0.4143819353655078 0.3054514757146228 1.708268246568237
0.4218803654212408 0.3057545336292393 1.704613013195243
0.4321124030869888 0.3061509960873097 1.699659677388477
0.4460085509804516 0.3066634711391945 1.692996750789822
0.4647741847674383 0.3073128468944856 1.684123516262283
0.489911399523597 0.3081218063768726 1.672473479070195
0.5232283336513673 0.3091306761808285 1.657467825491882
0.5667714292098205 0.3103949648106074 1.638658123863804
0.6226464239902267 0.3120486255572579 1.615927527149214
0.6926702936968483 0.3143427220242072 1.589783163028853
0.7778164822353262 0.3176814961558918 1.561616225234519
0.8777823555801053 0.3240056306114123 1.534403514139766
0.9897351851653309 0.334145080670197 1.51168275736174
1.108122802651482 0.3481715306836538 1.49681076543861
1.227336823489857 0.3654028582033098 1.490251982592614
1.340240243712102 0.3850316818647301 1.491716979060078
1.441573054390279 0.4055638877196525 1.49975796633247
1.527914250879751 0.4268256103216217 1.512129416617474
1.599017825020991 0.446095760329688 1.525152842429588
1.655780433633269 0.4625270763450952 1.537442303743128
1.699968725660258 0.4760112248949824 1.548260452286186
1.733714911253585 0.4867423747470741 1.55730528836574
1.759119124751615 0.4950806534468021 1.564583515525268
1.778042204227318 0.5014421672410027 1.570276791262322
1.792028919420777 0.5062291577979218 1.574638394193452
1.802308935951467 0.5097945631061316 1.577929092736918
1.809833738134843 0.5124300575699567 1.580384217374247
1.815325460041477 0.5143673353688418 1.582201054776197
1.81932482245281 0.5157856027562938 1.583537582545521
1.822232829721963 0.5168208007961433 1.58451654019813
1.824344920019243 0.517574760338572 1.585231351784988
1.825877689602087 0.5181230297548816 1.585752099653438
1.826989383245383 0.5185212692235187 1.586130846553358
0.3971794024817131 0.3048122889908707 1.717999010288231
0.3982912357565566 0.3048623843072313 1.717449588718253
0.3998238647559683 0.3049309645187795 1.716692917493434
0.4019350079957689 0.3050245469608259 1.715651939417039
0.4048406615242919 0.3051517105827203 1.714221700843018
0.4088343799923054 0.305323476976612 1.712260684583247
0.4143141484870938 0.3055537143495943 1.709579152720463
0.4218149697017896 0.3058592205050493 1.705926182603389
0.4320500223560644 0.3062589756801868 1.700975631146689
0.4459498980617279 0.3067758137542535 1.69431593129568
0.464719766001859 0.3074309741137109 1.685446102618631
0.4898613364725924 0.3082476087862006 1.673798956053358
0.523181901247004 0.3092665438676208 1.658794463274061
0.566726611721252 0.3105444408159305 1.639981928456624
0.6225997492935653 0.3122169079497952 1.617241430039936
0.6926176337530867 0.3145379080210726 1.591076728516285
0.7777558533499892 0.3179162581889798 1.56287729139294
0.8779030765152274 0.3242957767223528 1.535546886534166
0.9900299989933219 0.3344987972611842 1.512719800435903
1.107764338075584 0.3484929718418876 1.497837020054194
1.227046628259307 0.3657582473759553 1.491192144588355
1.340008807649454 0.3854257593246001 1.49260739980822
1.441386703725668 0.4059964164034997 1.50062836858562
1.527759328516703 0.4272490322633184 1.512996033092323
1.598897529669342 0.4465281234684582 1.526052221876627
1.655674620785451 0.4629641038985784 1.538382281516886
1.699866776819066 0.4764495359657965 1.549239890388768
1.733611995548474 0.4871798737481673 1.558318956077221
1.759013494754201 0.4955163241899028 1.565625034867914
1.777933552910404 0.5018757093361641 1.571340098732188
1.791917527178867 0.5066606649712257 1.575718322065
1.802195261688728 0.510224304215254 1.579021489272084
1.809718246400003 0.512858350962198 1.581485862553852
1.815208557455105 0.5147944835582806 1.583309507607622
1.819206841506617 0.5162118663578781 1.584651019505727
1.822114032694359 0.5172463923773829 1.585633612497886
1.824225509367735 0.517999847047891 1.586351068631979
1.82575781930903 0.5185477401928076 1.586873736470757
1.826869169933467 0.5189457006757829 1.58725387548366
0.397052954124978 0.304977648379504 1.719981374145763
0.3981653782099342 0.3050283298960991 1.719432580938305
0.3996988238997475 0.3050977155138941 1.718676759585434
0.4018110943088524 0.3051924024155038 1.717636922417772
0.4047182814147028 0.3053210767455945 1.716208208918444
0.4087140780637796 0.3054949018355506 1.714249203871644
0.4141966197662609 0.3057279336917434 1.711570283826627
0.4217010711990482 0.3060372112748823 1.707920626884657
0.4319407091191018 0.3064420389967158 1.702974135559145
0.4458462700906614 0.3069655984015736 1.696319108268623
0.4646226247624076 0.3076296680473698 1.687454146014761
0.4897709251041113 0.3084581166408281 1.675810981471284
0.523097214705576 0.3094925278530063 1.660807714588204
0.5666447320785721 0.3107913095602826 1.641990178305577
0.6225155886149588 0.3124925688484604 1.619233749506841
0.6925251058817448 0.3148546552870967 1.593037049151692
0.7776520159239261 0.31829333584536 1.564786921053344
0.8780581921868581 0.3247550382693203 1.537281551220929
0.9904327928246369 0.3350508679175124 1.514293208644304
1.107223019811907 0.3490005758846716 1.499387385354375
1.226604856671365 0.3663173236011703 1.492610411134154
1.339653351270482 0.3860434885682015 1.493948784303496
1.441097906717898 0.4066724657736169 1.501938126321394
1.527517982913175 0.4279125336485339 1.514298857403732
1.598707721230053 0.447204895265921 1.527403479383791
1.655506564113739 0.4636479114382995 1.539794337405165
1.699704692592212 0.4771353670473462 1.550711272074324
1.733448654280106 0.4878645889794657 1.559841872091384
1.758846245283051 0.4961983836021883 1.567189902672867
1.777761895580214 0.5025546429883984 1.572937787968436
1.791741848353191 0.507336596273134 1.577341046454995
1.802016223457637 0.5108976228695414 1.580662992886964
1.809536526578154 0.5135295243333853 1.583141293941948
1.815024752623425 0.5154639579985023 1.584975189668433
1.819021441079088 0.5168800274301574 1.586324205743902
1.821927423612834 0.5179135551037457 1.587312271733806
1.824037990787553 0.5186662594032824 1.588033708981441
1.825569619022102 0.5192135931128872 1.588559267003856
1.826680460637109 0.5196111386795867 1.588941501516289
0.3968305193598491 0.3052679396621167 1.722949370030484
0.3979438237298586 0.3053195181970723 1.72240148715096
0.3994784868789273 0.3053901363692614 1.72164689631861
0.401592438723667 0.3054865136431809 1.720608709672911
0.4045019152728327 0.305617500357057 1.719182200362723
0.4085008177708696 0.3057944770078751 1.717226097903137
0.4139875100342087 0.3060317873237269 1.714550939553993
0.4214974056406057 0.3063468397545788 1.710906039947194
0.4317439398679118 0.3067594347546191 1.7059653509326
0.4456580895930718 0.3072932857856358 1.69931694423867
0.4644443146516468 0.307970991860739 1.690458762259559
0.4896029907962447 0.3088175052667305 1.678820881920514
0.5229383765898388 0.3098755440728215 1.663818552284019
0.5664909459111146 0.3112061234606455 1.644992348777423
0.6223596349857983 0.3129510673840978 1.622210546397081
0.6923582204707607 0.3153752736583429 1.595964018162289
0.77746979966111 0.3189049444670348 1.567635673063646
0.8782284107968081 0.3254856966141875 1.539877049956546
0.9909388343541377 0.3359127757429054 1.516648189284912
1.106426346664991 0.3498068482987008 1.501693068087528
1.225947108124938 0.3672009533606824 1.494716209742059
1.339117234784932 0.3870151003187954 1.495937270929876
1.440656413179572 0.407731503900954 1.503877148330342
1.527145654884112 0.4289556195008732 1.516225264491416
1.59840911691492 0.4482669986658888 1.529399775237911
1.655239202462855 0.4647202832664669 1.541880084240313
1.699445967172199 0.4782107918792401 1.55288481583693
1.733188157303027 0.4889384842083792 1.56209184905919
1.758580134948777 0.4972684733574514 1.569502151087992
1.777489430164587 0.5036202136828977 1.575298766617478
1.791463571097002 0.508397808133362 1.57973919477884
1.801733082334403 0.5119550322713362 1.583089019981361
1.809249497212583 0.5145838064602859 1.585587995002319
1.814734696444406 0.5165157607329015 1.587437104708223
1.818729066259901 0.5179299118711017 1.588797257269176
1.821633290990258 0.5189619804815532 1.589793444687478
1.823742534492117 0.5197135875971648 1.590520789120516
1.82527316994593 0.5202601029881142 1.591050635346774
1.826383269875369 0.5206570414279699 1.591435978828315
0.3964316626403787 0.3057869207499387 1.727296974714943
0.3975462498458345 0.3058398577014594 1.726750376942324
0.3990826886906977 0.3059123426403091 1.725997521987541
0.4011990956200018 0.3060112804218587 1.724961661307109
0.404111919235312 0.3061457703748045 1.723538254568589
0.4081153702096949 0.3063275224427087 1.721586230437056
0.4136081548317944 0.3065713167765374 1.718916344219955
0.421126066880158 0.3068951222939494 1.715278087042015
0.4313828017543115 0.3073194903040843 1.710345451586925
0.4453097410807347 0.3078689398202568 1.703706134860294
0.4641108246503606 0.3085673017051662 1.694857059455603
0.489285422200731 0.309441140443703 1.683225803463183
0.5226353572535981 0.3105348407985006 1.668223350299719
0.5661972579934874 0.3119132274269417 1.649382457714966
0.6220655384269631 0.3137235317761278 1.626560870091937
0.6920515356892963 0.3162402296022072 1.600237996871851
0.777143874564263 0.3199049199924814 1.571790963024753
0.8783449739808803 0.3266519792423881 1.543680468430196
0.9914752699838746 0.3372558206711355 1.520102035067333
1.105298674654024 0.3510928945175677 1.505042083766976
1.224999775002093 0.3686017333715661 1.497769142288874
1.338330110114547 0.388545779158442 1.49881472919729
1.439995088360114 0.4093909647238564 1.506678504106548
1.526579847134782 0.4305977973286621 1.519004002367185
1.597942309840097 0.4499349594195599 1.532275747375088
1.654814177353549 0.4664024801801318 1.544884251442399
1.699032155776039 0.4798972997612424 1.556015917121163
1.732771465193846 0.4906228737918303 1.565333824894041
1.758155384231742 0.4989475071762162 1.572834577362912
1.77705566473658 0.5052928552986605 1.578702006959651
1.791021587449728 0.5100642658319035 1.583196454268828
1.801284225947997 0.5136160845424521 1.586586793363789
1.808795145814186 0.5162404068249863 1.589115808533075
1.814276065442932 0.5181688277822039 1.590987021990358
1.818267154960029 0.5195802429866722 1.592363352394363
1.821168891302487 0.520610229336973 1.593371336531133
1.823276259811941 0.5213602698308678 1.594107260678754
1.824805488108029 0.5219056162783586 1.594643334731799
1.825914536176932 0.5223016871232463 1.595033193151707
0.3957126771946384 0.3067181464093171 1.73346368224787
0.3968290743668425 0.3067731049143517 1.732918833148732
0.3983680218726116 0.3068483684027904 1.732168338110968
0.4004879030802067 0.3069511180734498 1.731135635478656
0.4034054725505338 0.3070908245176739 1.729716435000764
0.4074153898404921 0.3072796891774911 1.727769927583358
0.4129168655866199 0.3075331431764909 1.725107150277145
0.4204462676647202 0.3078699914897338 1.721477806855048
0.4307177215954262 0.3083119021423612 1.716555896759904
0.4446632952646644 0.3088845938808259 1.709928514592358
0.4634863641083843 0.3096137094117829 1.701091042618514
0.4886851434080375 0.31052815534166 1.68946738513341
0.5220583708200018 0.311674698568807 1.674462310863325
0.565637624737112 0.3131235577414185 1.655597266519446
0.6215111277497134 0.3150295813621409 1.632714804389073
0.691486300542081 0.3176808432437784 1.606277835048411
0.776557646451167 0.3215410774082327 1.57765522755334
0.8782382924639224 0.3285082972548524 1.54908544096675
0.9918209866348284 0.3393330441313961 1.525018780337496
1.103793077769521 0.35314010527789 1.509740114348979
1.223700307910273 0.3708158103411761 1.502042365378334
1.337218680889982 0.3909472222319105 1.502833302706639
1.439033460244644 0.4119772941648285 1.510583034588578
1.525739491290454 0.4331721054615794 1.522869174049543
1.597221647770447 0.4525412195283642 1.536269017746682
1.654143010218641 0.4690269376604781 1.54905436930669
1.698372857174927 0.4825272318326154 1.560363453233605
1.732106764470855 0.4932497860823513 1.56983711060923
1.757479104100302 0.50156705165732 1.57746518188866
1.776366878999072 0.5079036241395453 1.583432367976312
1.790321533883772 0.512666538929043 1.588002929788641
1.800574794220954 0.5162109233087742 1.591450353266699
1.808078230635702 0.518829116538909 1.594021690610754
1.813553326131403 0.5207526688704266 1.595924040840183
1.817539951643562 0.522160311383235 1.597323157415352
1.820438300725564 0.5231874246785589 1.598347755053921
1.822543115744651 0.5239353024293352 1.599095760937689
1.824070426547861 0.5244790343802813 1.599640604097157
1.825178040410012 0.5248739064169667 1.600036819323961
0.394438820887233 0.3083558228362874 1.741817085464837
0.3955576574093433 0.3084137054178322 1.741274498974978
0.3970999925928005 0.3084929889398905 1.740527053942438
0.3992245769726988 0.308601255247086 1.739498426167174
0.4021485896067123 0.308748513439951 1.738084642895245
0.4061673193401199 0.3089476784375013 1.736145220169832
0.4116806985288922 0.3092151262042839 1.733491535320377
0.4192259433053154 0.3095708754854836 1.729873522675168
0.4295178841840442 0.3100382094251412 1.724965111288012
0.443489738963374 0.310644586606088 1.718352466548512
0.4623444574290149 0.3114182339999275 1.709528729904788
0.4875792173108887 0.3123913459312064 1.697912608229411
0.5209892792107119 0.3136139653230856 1.682900160230775
0.5646001384102305 0.3151636195173157 1.663997099963973
0.6204920050165883 0.317205409499377 1.641024910480968
0.6904660039673143 0.3200459129158665 1.614423678946065
0.7755206156607533 0.324179508403364 1.585550972553766
0.8775727578712503 0.3314163586669258 1.556436185376786
0.9915010059379541 0.3424871590006741 1.531727581402123
1.10194968457371 0.3563496143306294 1.516009555392127
1.222037924672339 0.3742611899810106 1.507730027762516
1.335732746647401 0.3946540139822963 1.508167613798971
1.437692521591905 0.4159400062258051 1.51575332557916
1.524532991196255 0.4371425636824477 1.527974549126212
1.59613452005063 0.4565456347292406 1.541530138393829
1.653102121885467 0.4730517273932204 1.55454674002901
1.69733889557884 0.4865577954937921 1.566092345769225
1.731062014126212 0.4972758666388723 1.575775161549857
1.756417748729691 0.5055832860823907 1.58357473058026
1.77528869763854 0.511908283243178 1.589676453161184
1.789228548522874 0.5166600247389487 1.594349709988439
1.79946961969755 0.5201946360407488 1.597874157549507
1.806963379958659 0.5228047697929357 1.600502595298616
1.812430963643955 0.5247219167277275 1.602446948963714
1.81641183755126 0.5261245928241618 1.603876799569516
1.819305823478979 0.527147921939838 1.604923802502983
1.821407348578141 0.5278929495700376 1.605688100122833
1.822932187556712 0.5284345528338265 1.606244766832127
1.824037951389462 0.5288278434863692 1.606649552294497
0.3922846918228918 0.3110921276870724 1.752440549250963
0.3934066185020677 0.3111540568101001 1.751900705078116
0.3949532572155835 0.3112389054444238 1.751156951411022
0.397083836851494 0.3113548116633135 1.7501332453165
0.4000160961106214 0.3115125327058986 1.748725989662781
0.4040461642044351 0.3117259758401695 1.746795073349175
0.4095749625690974 0.3120128312771324 1.744152249774047
0.4171409143470292 0.3123948071269513 1.740547665968653
0.4274599662895398 0.3128974251799395 1.7356550471967
0.4414671895566663 0.3135505660286073 1.729059208781934
0.4603655899193696 0.3143859828089534 1.720250204871155
0.4856519460554979 0.3154402708797658 1.708639777826222
0.5191183163471933 0.3167677528716927 1.69361242274442
0.5627837552775854 0.3184552930318629 1.674653133667212
0.61871887593575 0.3206809734542738 1.651555722141642
0.6887149480955553 0.3237751348838643 1.624730378310119
0.7737683244881142 0.3282724046693688 1.595520052856478
0.8758181781927282 0.3358051599911825 1.565847693220034
0.9897307887409932 0.3471038882007921 1.540366927174224
1.100863638802036 0.361295825767656 1.523716434734938
1.220106804684941 0.379429844557452 1.514793809883813
1.333885833398578 0.4001710185754451 1.514771352578702
1.435925549545599 0.4217940391792429 1.522135150703382
1.522882823434768 0.4430486242273797 1.534258025062035
1.594557915833232 0.4624780897364921 1.547982170065102
1.651545592087232 0.479002115002863 1.561280256139544
1.695773569529905 0.4925121592631985 1.573121881292131
1.729475801362291 0.5032233865544057 1.583069174119113
1.754808062933881 0.5115181241042686 1.591086530723699
1.773657302948267 0.5178286199773137 1.597359409790818
1.787578780564189 0.5225664774208894 1.602163402950605
1.797805008087837 0.5260889774926045 1.605785923068572
1.805287099813949 0.5286891317543335 1.608487061474945
1.810745671292333 0.5305983476519411 1.610484887044747
1.814719662002271 0.5319948725953785 1.611953857095792
1.817608431794467 0.5330135128893608 1.613029374005682
1.819706024289218 0.5337550073243694 1.613814402377197
1.82122790719664 0.5342939703803946 1.614386112348981
1.822331456946507 0.5346852985871848 1.614801800671882
0.388917530469127 0.3152904164284822 1.764891986525729
0.3900430749785809 0.3153575984493099 1.764355213791979
0.3915947710368105 0.3154496745226926 1.763615587437492
0.3937324281994829 0.3155755078567013 1.762597370898587
0.3966744747502555 0.3157468319630248 1.761197375480215
0.4007180909237297 0.3159788510922876 1.759275879639514
0.4062654726378315 0.3162909740278566 1.756645009867588
0.4138566620590543 0.3167071207070462 1.753055063194652
0.4242092601723448 0.3172557325161948 1.748179379923926
0.4382611216928603 0.3179698686553508 1.741600967675291
0.4572162439019432 0.3188858103020772 1.732805930852017
0.4825723578665069 0.3200456877516268 1.721197330565386
0.5161196392902541 0.3215090644820114 1.706145370149364
0.5598715636001104 0.3233738824704145 1.687109638029947
0.6158883568843737 0.3258334365760424 1.663850096873669
0.6859467947391871 0.3292463898614975 1.63674045659974
0.7710294717730014 0.3341966686038439 1.607106094117927
0.872360756507137 0.3420085727555687 1.576990180063472
0.9855688526673889 0.3534567415302947 1.550691275193424
1.100321472127599 0.3682810011445992 1.532462387049945
1.218132810915352 0.3867003650994184 1.522811302678643
1.331790614172192 0.407878470231351 1.522238821588386
1.433759690935815 0.4299175986084924 1.529326756067866
1.52076976793729 0.4512989129393639 1.541317489138319
1.592406436620018 0.4707330014939441 1.555195711179638
1.649355389168428 0.4872652781988687 1.568806986570038
1.693544227893176 0.5007742927998812 1.580990920593596
1.727209784883683 0.5114752475259513 1.591248266984578
1.752510117001027 0.5197544310826325 1.599522399089611
1.771332892757199 0.5260478918649304 1.605997565094212
1.785233160023245 0.5307696710193145 1.610956223324315
1.795442741950485 0.5342782232487165 1.614694801506271
1.802911954660145 0.5368669103019784 1.61748197354627
1.808360665385515 0.5387670199344147 1.619543070072063
1.812327158889279 0.5401564828884736 1.621058321162153
1.815210259324227 0.541169738897748 1.622167566619562
1.817303580053097 0.5419071744179251 1.622977113247745
1.818822250668774 0.5424431028941972 1.623566612426028
1.819923392309207 0.5428321742216183 1.623995192208252
0.39818814956849 0.3034946357998787 1.716824741160812
0.3993003931741969 0.3035424678428151 1.716276564160931
0.4008335261315956 0.3036079370552732 1.715521647406829
0.4029452948521868 0.3036972496282689 1.714483136222546
0.4058516698563431 0.3038185687126793 1.713056389076624
0.4098462620902484 0.3039823683491474 1.711100282790443
0.4153270545323635 0.3042017983244037 1.708425673615498
0.4228290579604556 0.3044927479771199 1.704782462404421
0.4330652299352366 0.304873139420437 1.699845689269571
0.4469669278379267 0.3053643425110315 1.693205350538451
0.465738692517202 0.3059863747796137 1.684362806229055
0.4908828161577021 0.3067614053033995 1.672753508433396
0.5242061275580014 0.3077287647481845 1.65780254776461
0.5677547373997572 0.3089456747531504 1.639062900423078
0.6236317418140198 0.3105495528431343 1.616419712756252
0.6936502572122455 0.3127970957720578 1.590379518386111
0.7787795603828717 0.3161004310326227 1.562328612075609
0.8787054855610698 0.3224040960186995 1.535241371297512
0.9906100291403828 0.3325226062794173 1.512634710809158
1.108946883283415 0.3465259129516803 1.497848769754175
1.228084932029051 0.3637218683559099 1.491342587632791
1.340916693960521 0.3833037395084961 1.492823145169669
1.442191052318621 0.4037820911210196 1.500847075182618
1.528493671856977 0.4249839577138466 1.513177887250837
1.59957348677845 0.4442036516831428 1.526146233758125
1.656324395439088 0.4605974713425053 1.538378288520183
1.700508977056395 0.4740546813658615 1.549143440164393
1.734256336141023 0.4847669264336551 1.558143045692939
1.759664017912475 0.4930921571251988 1.56538456650899
1.778591406220777 0.4994447434037088 1.571049106627221
1.79258242386564 0.504225647023406 1.575388768675606
1.802866315812049 0.5077869077158397 1.578662998332992
1.810394419761384 0.5104195773447522 1.581105915750697
1.815888854122669 0.5123549300199127 1.582913782200945
1.819890394510203 0.5137718782210812 1.584243761777869
1.822800117775553 0.5148061741614176 1.585217956771496
1.824913552262458 0.5155595184692707 1.585929319767317
1.826447359488443 0.5161073660151801 1.586447573930292
1.827559849784507 0.5165053169918995 1.586824520494683
0.3982266317923537 0.3034447748345784 1.718143751057528
0.3993391819077923 0.303492944441782 1.717595946771827
0.4008727350693186 0.303558878337277 1.716841536131859
0.4029850787611616 0.3036488299880767 1.715803707201777
0.4058922279265642 0.3037710268670176 1.714377876123876
0.4098878568830153 0.3039360295705907 1.712422984382565
0.4153700124714662 0.3041571060342797 1.709749962306705
0.4228737665725067 0.3044503027817619 1.706108780362636
0.4331120900326121 0.3048337623497382 1.701174520737762
0.4470163538146557 0.305329115488118 1.694537123657183
0.465790850005413 0.3059567925379303 1.685697735207415
0.4909374362220367 0.3067395400257269 1.674091225741894
0.5242621056804389 0.3077173775102243 1.659141633139102
0.567809715514808 0.3089488840267963 1.640399990596537
0.6236820190578543 0.3105733180755507 1.617748782397215
0.6936915681579839 0.3128503142371087 1.591691660804474
0.7788096817244692 0.3161962984667355 1.563613593161443
0.8789024569799877 0.3225601722494821 1.536420305167504
0.9909807653082326 0.3327459387353356 1.513716697753386
1.108683271338264 0.3467197608288523 1.498926900648815
1.227881766844445 0.3639473892975557 1.492343389480381
1.340764094590489 0.383563412734377 1.493780764252177
1.442076012695838 0.4040739851301957 1.501788755847133
1.52840386485331 0.4252603079266498 1.51411767985379
1.599513114941415 0.4444815685751393 1.527119241007116
1.656275151453049 0.4608733613002217 1.53939194692256
1.700461588276668 0.4743261500262703 1.55019647437574
1.734206860316813 0.4850329362720905 1.559230207559816
1.759611259954262 0.493352678460614 1.566499504748837
1.778535379370663 0.4997003232105232 1.572185790441727
1.792523584023652 0.5044770690637169 1.576542056564845
1.802805211446225 0.5080349828616112 1.579828756059485
1.810331556008459 0.510665038921259 1.582280933518226
1.815824651075643 0.512598392678535 1.584095623651475
1.819825184358147 0.514013834413222 1.585430604601682
1.822734156285814 0.515047006990633 1.586408451608722
1.824847032797998 0.515799519738737 1.587122474154845
1.826380426808494 0.5163467550378804 1.587642661273789
1.827492611961923 0.5167442568416342 1.588021010871302
0.3982734208648495 0.3033842967174885 1.720151885977289
0.3993864336633531 0.3034329877043324 1.719604625648511
0.4009206212474483 0.3034996393437469 1.718850953257938
0.4030338332873852 0.3035905781433959 1.717814118672824
0.4059421519646397 0.303714130955024 1.716389621429677
0.4099393478720565 0.3038809921145375 1.714436495460231
0.4154235652062754 0.3041046120644137 1.711765775841178
0.4229299698898324 0.3044012800833074 1.708127528351689
0.4331715556493513 0.3047894787596754 1.703196885282533
0.447079720604651 0.3052912410200944 1.696563683332717
0.4658583894086272 0.305927631599956 1.68772872042127
0.4910087784975151 0.3067222811465031 1.676125953673271
0.5243356404537162 0.3077162586719257 1.661177786968614
0.5678819659261094 0.3089702053619416 1.642432260668829
0.6237475064513598 0.3106261667341085 1.61976777327773
0.6937439675509525 0.3129482271154419 1.593683566169718
0.7788457055851651 0.3163593401349726 1.565562585451886
0.8791756556710837 0.3228126939838526 1.538211408664943
0.9914997798947698 0.3330968219742234 1.515360501789406
1.108283063412199 0.3470300612707926 1.500557978353228
1.227569602014349 0.3643057601252926 1.493855118927632
1.340526331660116 0.3839736017314248 1.495225106595038
1.441894067483399 0.4045330931723395 1.503207313823292
1.528260606429292 0.4256971585705388 1.515531981696054
1.599414099681756 0.4449206562644222 1.528582519905782
1.656193199507105 0.461309455800715 1.54091596196653
1.700382823410722 0.4747557087212017 1.55177955120879
1.734125304681403 0.4854544028045676 1.560864542171518
1.759525037346514 0.493765991794458 1.568175573218707
1.778444436474524 0.5001062850850583 1.573894531077227
1.792428549222004 0.5048768390752469 1.578275740605604
1.802706867996625 0.5084297649074752 1.581581169399998
1.810230634378397 0.5110559238540908 1.584047252710795
1.815721762814761 0.512986295874862 1.585872188483374
1.819720815028143 0.5143994898202464 1.587214678005326
1.822628680804049 0.5154309858980075 1.588198007277037
1.824740735138154 0.5161822574408648 1.58891602195309
1.826273519860555 0.5167285787811097 1.589439110382145
1.827385254844267 0.5171254099988268 1.58981956580332
0.3983166888135455 0.3033288308645908 1.723166746999539
0.3994303898981613 0.3033783214950428 1.72262026564263
0.4009655216293092 0.3034460739939661 1.721867649777046
0.4030800266984155 0.3035385269294008 1.720832236796523
0.4059900879888726 0.3036641596189422 1.719409644331165
0.4099896210245976 0.3038338715869693 1.717459035422567
0.4154769176575574 0.3040613931516365 1.714791589419455
0.4229872889080943 0.3043633857045235 1.711157497890933
0.4332337710426845 0.304758852178512 1.706231945628687
0.4471478199604859 0.3052704403676293 1.699604584235622
0.4659328372501556 0.3059201802827441 1.690775651796247
0.4910891248988094 0.3067330410315918 1.679177688250949
0.5244196431321118 0.3077516704165353 1.664230590966845
0.5679646662025757 0.3090397998387766 1.645477846255387
0.6238210092943779 0.3107436358692248 1.622791658762039
0.6937990759757934 0.3131339160363406 1.59666460242006
0.778877504685435 0.3166433967290672 1.568476590559544
0.879528268543559 0.32322658731983 1.540896573782774
0.9921832417773019 0.3336501855030218 1.517825603880265
1.107694181857061 0.3475330054675678 1.502989043611892
1.227102966082064 0.3648810660925717 1.496104620549331
1.340164293829107 0.3846267286966544 1.497370881578254
1.44161132311923 0.4052596329879998 1.505311902176137
1.528034875642535 0.4263932313851126 1.51762771624635
1.599252092715289 0.4456194416826205 1.530748800649804
1.656056043801944 0.4620036591334639 1.543171423479839
1.700250539730518 0.4754402767698083 1.554122234201505
1.733989205967318 0.4861270935400971 1.56328307643669
1.759382343084291 0.4944267204488622 1.570655906500586
1.778295011894609 0.5007562239181322 1.576423250151899
1.7922732629438 0.5055176856478838 1.580841395511871
1.802546827409806 0.5090632838493878 1.584174553434295
1.810066880907656 0.5116837156892879 1.586661220889699
1.81555517252322 0.513609704603702 1.588501320335595
1.819552085641611 0.5150195936113178 1.589854921161812
1.822458352288173 0.516048624318287 1.59084636232958
1.824569217103869 0.5167980703681384 1.591570283527342
1.826101119750296 0.5173430473692319 1.592097664292059
1.827212202685184 0.5177388921343036 1.592481235019729
0.3983206775238252 0.3033254347344939 1.727598824872493
0.3994353806205179 0.3033761375475992 1.727053429021024
0.4009718878592167 0.3034455589504418 1.726302284264029
0.403088278610427 0.303540307455873 1.725268848300706
0.4060008842418742 0.3036690935864444 1.723848901053298
0.4100038354845131 0.3038431280249239 1.721901779910956
0.4154956463276887 0.3040765651904956 1.719238855530884
0.4230118520529518 0.3043866299780946 1.715610476602969
0.4332655725939549 0.304793111245933 1.710691868398864
0.4471883894271123 0.3053195845650311 1.704072362090747
0.4659830019840926 0.3059895263141179 1.695251311605064
0.4911484759321784 0.306829897416234 1.683659096206485
0.5244852883227311 0.3078856764191675 1.668711836952437
0.5680298939387948 0.3092251316427046 1.649946217629965
0.6238749023296574 0.3110005547373027 1.627225227426668
0.6938286463539877 0.31349244039879 1.601031552593024
0.7788752848121795 0.3171480197657655 1.572740655253237
0.879924949194549 0.3239129214944683 1.544842366625848
0.9929890199620057 0.3345251162935219 1.521451146707432
1.106868072169519 0.3483575819929485 1.50653217547058
1.226433479516509 0.3658132345770594 1.499377550576357
1.339631219260635 0.3856739861367955 1.500487477109133
1.441182927471464 0.4064151541326383 1.508363977384751
1.52768559225615 0.4275100553014222 1.520662448934351
1.598988559401833 0.4467383810714658 1.533881624743301
1.655825874147738 0.4631152284605848 1.546431868800555
1.700026671436358 0.4765376762477297 1.557508559105241
1.733759831194952 0.4872072956761377 1.566779211194161
1.759143689364282 0.4954896786132754 1.574241607460506
1.778046921352042 0.501803650024489 1.580079097913929
1.792016955050307 0.5065520289692249 1.584550788344603
1.802283850078941 0.5100870842200383 1.587924138016972
1.809798690420542 0.5126992754808439 1.590440635322328
1.815282995477442 0.5146189570381029 1.592302705597068
1.819276900139041 0.5160240896692438 1.593672403334472
1.822180916223175 0.5170495719388273 1.594675594783754
1.82429010591555 0.5177963902881926 1.595408070925424
1.825820765694914 0.5183394320218454 1.595941668205811
1.826930929444979 0.5187338566041877 1.596329750526323
0.3982011728137942 0.3034846572829956 1.733915627717883
0.3993172895785427 0.3035371627860549 1.733371687456589
0.400855739772462 0.3036090663205221 1.73262251338592
0.4029747984001212 0.3037072292847152 1.73159172174761
0.4058910107834222 0.3038407062059494 1.730175306271575
0.4098988206897522 0.3040211707359092 1.728232828845785
0.4153970718127275 0.3042634076592443 1.725575900412069
0.4229216452063139 0.3045854786910119 1.72195505004966
0.4331858284138785 0.3050083356374666 1.71704550280728
0.4471214710610179 0.3055569254947377 1.710436056048735
0.4659304162978175 0.3062568420105518 1.701624704529515
0.4911101953536148 0.3071379354650987 1.690038620158849
0.5244580581680459 0.3082485312153537 1.675088386184724
0.5680053573309768 0.3096633618883703 1.656300801436983
0.6238388840411379 0.3115433525242869 1.633525519366031
0.6937635742536022 0.3141829063789671 1.607230971195309
0.7787696191461653 0.3180500984684467 1.578786293864476
0.8802434060271678 0.3250560378702346 1.550472395641588
0.9937391116111463 0.335905428537793 1.52663363775614
1.105791140841814 0.3497156985914857 1.511528624428135
1.225529839409161 0.3673284087331289 1.503984921175882
1.338883403167812 0.387355556581971 1.504866613407503
1.440556813115388 0.4082523437355644 1.51264502623871
1.527159347044733 0.4293042431903383 1.524911536240963
1.598565246494849 0.4485310385119871 1.538260128056452
1.655441469946581 0.4648954351232571 1.550986320071094
1.699648013390831 0.4782971143094329 1.562238742008129
1.733372548653775 0.488942294602303 1.571663404070998
1.758743383658942 0.4972004233319082 1.579251639954199
1.777633670803803 0.5034926386541012 1.585187741942203
1.791592524393928 0.5082227259798663 1.589734710205222
1.801850375571723 0.5117430533608898 1.593164557052201
1.809358156201406 0.5143437377981659 1.595722977834194
1.814837064971572 0.5162546136669773 1.597615920472034
1.818826897245916 0.5176531063891868 1.599008233054766
1.821727866258174 0.518673635107603 1.600027930442643
1.823834787201535 0.5194167851388368 1.600772422645622
1.825363762976026 0.5199571250798748 1.601314750736503
1.82647268079693 0.5203495668429292 1.601709168964252
0.3977934871974981 0.3040215055377296 1.742529039578359
0.3989115120385773 0.3040766114559517 1.741986951657698
0.4004525895677398 0.3041520960104578 1.741240282234187
0.4025752645018717 0.3042551857360832 1.740212844853991
0.4054963802974792 0.3043954318072462 1.73880089918668
0.4095108222647509 0.3045851763165233 1.736864277950412
0.4150179123842442 0.3048401130398523 1.734214871867058
0.4225540581048405 0.3051795091180524 1.730603391125137
0.4328328745824442 0.3056259839901357 1.725704973330196
0.4467867552321031 0.3062064494343027 1.719107570193274
0.4656166612083702 0.3069494945182213 1.710307169113155
0.4908184741289701 0.3078890094917869 1.698726364409589
0.5241856404819102 0.3090779403566516 1.683767931832211
0.5677431885914557 0.3105998484601114 1.66494486694743
0.623570245468767 0.3126273945241102 1.642088281072482
0.6934661056182005 0.3154740209500004 1.615646869538498
0.7784253593934589 0.3196367437146703 1.586981183542889
0.8802087927157418 0.326938516237766 1.558174455368444
0.9940136636801464 0.3380548680413054 1.533747626500822
1.104539342531559 0.3519286431549169 1.518250386032433
1.224415160556882 0.3697645290821139 1.510172703893681
1.337903324288616 0.3900246029126492 1.51073649405183
1.439686005977439 0.411137094400147 1.518372416485474
1.526396175346904 0.4321532016655502 1.530584331655016
1.597901493783293 0.4513682668468112 1.54409105223909
1.654811411409502 0.4677110888664747 1.557047467466735
1.699017673011221 0.4810825855817371 1.568534071335064
1.732727669256664 0.4916939335619726 1.57816536000535
1.758080272112009 0.4999190852532321 1.585922876979122
1.776953303089195 0.5061819521322675 1.591991759034894
1.790897547555183 0.5108874588619828 1.596640111106868
1.801143692851642 0.5143880341739938 1.600146042014908
1.808642379747944 0.5169733032955371 1.602760910175075
1.81411435492376 0.5188723896614162 1.604695412130748
1.8180989611336 0.5202619955037115 1.6061181624318
1.820996022112201 0.5212758955743543 1.607160072021687
1.823100033593018 0.5220141371796955 1.607920732342546
1.82462684942953 0.5225508620152821 1.608474806930026
1.825734168768266 0.522940650600845 1.608877748873923
0.3968361856025469 0.3052724974080362 1.753583822434313
0.397956636618974 0.3053311849173551 1.753043937973933
0.3995010637633922 0.3054116026757044 1.752300243180329
0.401628364863376 0.3055214808804858 1.751276779693432
0.4045557796437435 0.3056710557516661 1.749870114353649
0.4085787890291663 0.3058735915932604 1.74794038001584
0.4140973832969785 0.3061460346274804 1.745299761658052
0.4216487468238068 0.306509311168752 1.741699113114431
0.4319470948625151 0.3069883241435323 1.736813338804299
0.4459258367685601 0.307612674413949 1.730229138257552
0.4647853069936579 0.308414988198451 1.721439699212238
0.4900200450647311 0.3094345247989984 1.709861435288846
0.5234196495742074 0.3107302787157825 1.694886704606084
0.5670021050231214 0.3123971996443743 1.676010263596821
0.6228370944322787 0.3146230039957363 1.653038826882314
0.692714746700553 0.3177457899792323 1.626395245130993
0.7776283025900438 0.3223007539684139 1.597429114797104
0.8793549467319661 0.3299279243702942 1.568119694818974
0.9930863683126583 0.3412963326296278 1.542987508242395
1.104011232821018 0.3554818598932864 1.526650524380874
1.22321099102522 0.373549567820543 1.517965179910449
1.336731742072395 0.3941214743236806 1.518114691142749
1.438551409883796 0.4155185346658654 1.525556881136507
1.525346295128846 0.4365280284722455 1.537684549454056
1.596903115816625 0.4557101538544835 1.551364355635404
1.65381923935319 0.4720162320434085 1.56460168475766
1.69800872731562 0.4853447952735048 1.576381589030194
1.731693682248123 0.4959110179307019 1.58627413226995
1.757021022872012 0.5040933363074834 1.594246498438943
1.775871898812731 0.5103185510122992 1.600484148250389
1.789798031517603 0.5149927209329964 1.605261418862991
1.800029924377359 0.5184682018696078 1.608864097916616
1.807517648425001 0.5210339250550573 1.611550732748068
1.812981311697587 0.5229180802439647 1.613538062006587
1.81695967265149 0.5242964387475924 1.614999494998461
1.819852071671236 0.5253019529303886 1.616069628837918
1.821952615235801 0.5260339862428638 1.616850830548185
1.823476857116159 0.5265661390599292 1.617419827218144
1.824582271444743 0.5269525722229108 1.61783359624722
0.3950208188357296 0.307619471189632 1.766704224626619
0.396144129245555 0.3076827790778021 1.766166758143646
0.3976925181356956 0.3077695626880087 1.765426321191626
0.3998253153473865 0.3078882034427646 1.764407196988869
0.4027602548088522 0.30804982344906 1.763006277264862
0.4067935726801746 0.3082688801933538 1.761083995216481
0.4123261409593008 0.3085639385544364 1.758452807925534
0.4198962277182671 0.3089580676081959 1.754863632350455
0.4302190429206739 0.3094791037884115 1.749990946975341
0.4442296969310298 0.3101601038505867 1.743419753490681
0.4631285606101184 0.3110387948089753 1.734639624928679
0.4884097698946096 0.312161113951017 1.723059223774835
0.5218599310857757 0.3135934528186499 1.708057983185476
0.565490282638122 0.3154444229660499 1.689108241179507
0.6213598313943564 0.3179196827535929 1.665986843559038
0.6912447334415137 0.3213870458089634 1.639085156727291
0.7761256017382012 0.3264287627637853 1.609739855451414
0.8771083874414098 0.3343637178517871 1.580034228351346
0.9900533341643107 0.3459053777186332 1.554159844128522
1.104499093885094 0.36073225258193 1.536333470498684
1.222147411400328 0.3790634463464374 1.526996837983951
1.335487139342534 0.400028975790663 1.526652329035989
1.437187727752591 0.4217783074405499 1.533853867649321
1.52399869334111 0.4428401542535795 1.545867743048918
1.59549457852108 0.4619546981562375 1.559709679383188
1.652357680989258 0.4782022062296439 1.573261042098249
1.696499660343822 0.4914723561964529 1.585380801359226
1.730143456758282 0.5019814987301394 1.595579910895562
1.755436839879949 0.5101114308598411 1.603805672404978
1.774260651788751 0.5162913580124108 1.610242772711051
1.788165752638964 0.5209281696057934 1.615172506685176
1.798381560560875 0.5243738835117286 1.618889617311585
1.805857116047898 0.5269164894479884 1.621661126573707
1.811311644064586 0.5287830167100259 1.623710919845637
1.815283181143293 0.5301481108304691 1.625218082999063
1.818170503897193 0.5311437417624074 1.626321577285549
1.82026727827094 0.5318684610088169 1.627127054893661
1.821788724771197 0.5323952285343665 1.62771368439404
1.822892070669168 0.5327777096870174 1.628140246124638
0.3991095875312984 0.3022836250328488 1.716880974848285
0.4002225831520921 0.302329636866817 1.716334354003928
0.4017566929452895 0.3023926045721143 1.715581610542019
0.4038697411991692 0.3024784834408543 1.714546123436677
0.4067777279271827 0.3025951032767113 1.713123604875715
0.4107744010761192 0.3027524990574182 1.711173366554889
0.416257828333138 0.3029632460058927 1.708506898544891
0.4237631197655586 0.3032425119409365 1.704874945307185
0.4340030323105593 0.3036074519475798 1.699953717581006
0.4479098535528288 0.3040781180019806 1.693334559958857
0.4666872130417111 0.3046738290093462 1.684520857684698
0.4918375652258114 0.305416389612898 1.672949937756241
0.5251667227150634 0.306343782605456 1.658050541638374
0.5687203595061928 0.3075152467136353 1.639377125982018
0.6245991273671136 0.3090714551404236 1.616816834690723
0.6946124889490686 0.3112743642038886 1.590875790867959
0.779725753365977 0.3145433500669627 1.562935803768811
0.8796131153443173 0.3208264770548431 1.535969306067169
0.9914710928688188 0.3309227359682948 1.513472796120525
1.109759101845278 0.3449002406813352 1.498770295802031
1.228823072714858 0.3620574032213698 1.492315564120119
1.341584940325456 0.3815885028306383 1.493812140057916
1.442802433069506 0.4020091444672615 1.5018208223901
1.52906787469966 0.4231474732596348 1.514113779010398
1.600125061730736 0.4423137282971339 1.527030828003974
1.656865168544341 0.4586677131326501 1.539209576083845
1.701046739553075 0.4720961911249499 1.549925635011441
1.734795810851107 0.4827881697921508 1.558883434735001
1.760207368678723 0.4910993363447496 1.566091091694511
1.779139371546547 0.4974422419482405 1.571729165444533
1.793134919235829 0.5022165027358193 1.576048648906291
1.803422854720881 0.5057732111279589 1.579307751614159
1.810954384085673 0.5084027576728373 1.581739469213975
1.816451621243262 0.5103359685190083 1.583539113351891
1.820455406089985 0.5117514379643123 1.584863096876172
1.823366893661781 0.5127847163291476 1.585832934356101
1.825481707470799 0.5135373616294475 1.586541144876281
1.827016577974075 0.5140847261616358 1.587057121147375
1.82812988351949 0.5144823443784039 1.587432424370876
0.3992409780990067 0.3021108471430117 1.718201888896021
0.4003542040998468 0.3021571621372102 1.717655607851428
0.4018886257602637 0.3022205482123659 1.716903328154574
0.404002095143907 0.3023070046196956 1.715868469569069
0.4069106399464153 0.302424421826434 1.7144467997793
0.4109080469741021 0.3025829181186271 1.712497694565356
0.4163924174358732 0.3027951858343437 1.709832719271775
0.4238988844695041 0.3030765540052688 1.706202694313498
0.4341401791989798 0.303444410968426 1.701283887895674
0.4480485379916202 0.3039191107080201 1.694667625738588
0.4668273178430861 0.3045204464059298 1.685857143187965
0.4919785123280877 0.3052709053481399 1.674289313351881
0.525307131810456 0.3062093479154309 1.659392002519877
0.5688576658639135 0.3073965492535393 1.640718045661312
0.6247295573279947 0.3089751793748715 1.618152320265467
0.6947317990189669 0.3112101323166855 1.592198504521861
0.779831617116326 0.3145247731059315 1.56423738865003
0.8798723848626828 0.3208727418672802 1.537177011064323
0.9919048852647252 0.3310396463134766 1.514593155308281
1.109578527420772 0.344990121179013 1.499893553778111
1.228696082516111 0.3621763791950813 1.493369673566224
1.341501155154211 0.3817368885633701 1.494828711154149
1.44274937078778 0.4021834320955929 1.502824425386525
1.529034397055154 0.4232997947366671 1.515116228776231
1.600116251233223 0.4424603175943485 1.528065831652661
1.656864452191008 0.4588056879307659 1.540284295816318
1.701046109136265 0.4722241477756436 1.551038815358449
1.734792150289657 0.4829061193505715 1.56002996973567
1.760199988323835 0.4912082200980359 1.567264801374438
1.779128570100463 0.4975434377013848 1.572924173965544
1.793121302444457 0.5023114692910559 1.577259939700024
1.803407041792649 0.5058632888294834 1.580531285209852
1.8109369069805 0.5084890848164847 1.582972105147729
1.816432903465618 0.5104194642221209 1.584778464490126
1.820435772173078 0.5118328207853508 1.58610737535541
1.823346587510755 0.5128645356231962 1.587080814819562
1.825460909451319 0.5136160307279982 1.58779165126927
1.826995420777949 0.5141625528199656 1.588309538091347
1.828108464598352 0.5145595558175998 1.588686229544527
0.399433036198543 0.3018580347180211 1.720216619491811
0.4005466081790005 0.3019048199683264 1.719670829665666
0.4020814981513163 0.3019688550033515 1.718919220102513
0.4041955999247082 0.302056207243119 1.717885269005282
0.4071049826444127 0.302174861209257 1.716464823585919
0.4111034915707446 0.302335064323441 1.714517350425248
0.4165892782687598 0.3025496903343705 1.711854520359942
0.4240975106919206 0.302834317827416 1.708227257257096
0.4343408811974753 0.3032066956445119 1.703311900718987
0.4482515510630461 0.3036876439704991 1.696699726655129
0.4670324683569827 0.3042976858285579 1.687893715498235
0.4921849374607026 0.3050603554948916 1.676330016019549
0.5255127684841383 0.3060158540899476 1.661435122836647
0.5690586784948752 0.3072272962725339 1.642759357387695
0.6249203064177944 0.3088403817576011 1.620184102078752
0.6949059547677435 0.3111244583095341 1.594209277793501
0.7799857455507571 0.3145089463772845 1.56621411781664
0.8802434546693284 0.3209534240887121 1.539013757251294
0.9925214933069793 0.3312238177141848 1.516296930064349
1.109302329048586 0.3451371096695978 1.501594685463539
1.228497811178904 0.3623676035834116 1.494963353859056
1.341366568956137 0.3819728091087784 1.496363137369763
1.442660744588844 0.4024587613392608 1.504337244886111
1.528976470481296 0.4235432022045649 1.516625719002222
1.600095871843013 0.4426950632781128 1.529623164786497
1.656856898007331 0.4590275854316684 1.541900810781787
1.701039291143596 0.4724311272154971 1.552712872442046
1.734781254073516 0.4830981901633075 1.561753993114289
1.760183846843591 0.4913867741880152 1.569029544162238
1.779107527809881 0.4977105214479002 1.574720827949744
1.793096194093275 0.5024692541921156 1.579080982935759
1.803378745736039 0.5060137727727894 1.582370662328429
1.810906187320391 0.5086339660725214 1.584825110167435
1.816400372840811 0.5105601148920703 1.586641521585333
1.820401902157641 0.5119703140202069 1.58797780719987
1.823311733627924 0.5129996921210863 1.588956637185826
1.825425335119381 0.5137494680973025 1.589671403147745
1.826959320068723 0.5142947309825217 1.590192148810951
1.828071980198998 0.5146908143719184 1.59057091745559
0.3997028521679379 0.3015023740146782 1.723248017785413
0.4008169360470806 0.3015498825498718 1.722702924262688
0.4023525189939828 0.3016149157152415 1.721952264123657
0.4044675568040123 0.3017036457384158 1.720919597522844
0.407378180060524 0.3018242017064244 1.719500883223037
0.4113783212467426 0.3019870294679681 1.717555713419022
0.41686620751188 0.302205281255929 1.714895902889276
0.4243770604837905 0.3024949184051846 1.711272511469102
0.4346235184434534 0.3028742415261449 1.706361960327737
0.4485376400446442 0.3033647832595687 1.699755416887929
0.4673217777011816 0.3039881774196003 1.690955435948371
0.4924762336011369 0.3047695451623633 1.679397024813254
0.5258030652493053 0.3057511104141239 1.664504554441541
0.5693423906694061 0.3069995036097675 1.645824498521083
0.6251891934111284 0.3086649614747731 1.623232917199321
0.6951507212117655 0.3110235013757839 1.597224032217849
0.7802012410418011 0.3145136385664458 1.56917473796966
0.8807503386410709 0.3210983650340217 1.541771277003746
0.993356493874079 0.3315158399235545 1.518855483713819
1.108897503188356 0.3453832312488728 1.504134197331638
1.228200488173842 0.3626804713454376 1.497338420216876
1.341158465944849 0.382352934875932 1.49864608856186
1.442517954771283 0.4028981499663606 1.506584848706735
1.528879598084957 0.4239377017287427 1.518865652146244
1.600053527931956 0.443076194081194 1.531931822185182
1.656833614537522 0.4593895627615679 1.544296169705405
1.701017558088422 0.4727710613194934 1.555193015997937
1.734753986260309 0.4834161505682194 1.564307900184643
1.760149237320763 0.4916848255680982 1.571643595361548
1.779065984569536 0.4979916791846414 1.577382012035067
1.793048864336541 0.5027367150551765 1.581778182074849
1.80332686223037 0.5062704780366754 1.585094927596394
1.810850832556668 0.5088824165130089 1.5875694892738
1.816342419511757 0.5108023314452481 1.589400733854624
1.820342024412879 0.5122078776128104 1.590747900150473
1.823250441029071 0.5132338119702758 1.591734682353062
1.825363005809161 0.5139810542806265 1.592455244714126
1.82689623297615 0.5145244612779178 1.59298020717113
1.828008340594618 0.5149191892644378 1.593362039546683
0.4000581168585116 0.3010332367224425 1.727716548197071
0.4011729418077627 0.3010818425455095 1.727172414547399
0.4027095283981401 0.3011483899457084 1.726423062386155
0.4048259228623536 0.3012392100764507 1.725392163359345
0.407738345553277 0.3013626511541821 1.723975828028273
0.4117408576148698 0.3015294596790401 1.722033816580385
0.4172317995509256 0.3017532093000611 1.719378132882817
0.4247464780963324 0.3020504398636062 1.715760006390128
0.4349974653673465 0.3024402836690969 1.71085593793925
0.4489166965219807 0.3029453452198495 1.704256882209658
0.4677056950144231 0.3035889205064645 1.695464699927036
0.4928633669516068 0.3043984928828769 1.683912633348885
0.5261893033094415 0.3054192808956757 1.669021826330855
0.5697199257873817 0.3067230949197243 1.650332972608807
0.6255463860926946 0.3084668338205601 1.627714181265724
0.6954742323363087 0.3109363206704517 1.60165119868359
0.780483163570277 0.3145835117380691 1.573517493759734
0.8813905544844396 0.321364819498115 1.545831484716629
0.9943980521530762 0.3319818465421678 1.522625892805962
1.108342255757086 0.3458045206698191 1.507844409726506
1.227780700911366 0.3632013180012865 1.500802722073947
1.340853447853035 0.3829734890153725 1.501970455014285
1.442298222799353 0.403606268544157 1.509852831634207
1.528723903531999 0.4245858639413096 1.52211789480784
1.599971329837189 0.4437031501882336 1.535279462762419
1.656777094310709 0.4599879676614633 1.547767684351207
1.700962958975945 0.4733372398347144 1.558786676474137
1.734691639350948 0.4839504318520045 1.568008135506286
1.760076668627305 0.4921902904181887 1.575430806860858
1.778983757444709 0.4984727232620375 1.581237391715272
1.792958565824788 0.5031979711429532 1.585685640728681
1.803230202786285 0.5067161997384327 1.589041514272716
1.810749318250196 0.5093162173269766 1.591545145733196
1.816237267295115 0.5112271303956079 1.59339782328226
1.820234176036572 0.5126259577751444 1.594760708626604
1.823140609402216 0.5136469194963174 1.595758977641986
1.825251720424799 0.514390503290395 1.5964879119474
1.826783884690239 0.5149312304495811 1.597018964430101
1.827895217232329 0.515324001264773 1.597405221328922
0.4004769576779897 0.3004790734736678 1.734107758619611
0.4015928223087218 0.3005293079925439 1.733564897783585
0.4031308182267458 0.3005981029484109 1.732817278662524
0.405249120307751 0.3006920252604915 1.731788718321896
0.4081640773941458 0.3008197480658293 1.730375525366861
0.4121699372028246 0.3009924634427008 1.728437674305289
0.417665209673764 0.3012243685897275 1.725787404490135
0.4251853401272906 0.3015328580650234 1.722176141215792
0.4354428400790111 0.3019382886194253 1.717280437470112
0.449369532827247 0.3024648391548108 1.710690862751554
0.4681658665193474 0.3031382302686954 1.701908182224093
0.4933289261005497 0.3039893684740806 1.690362985024397
0.5266550177581142 0.305067783343433 1.6754716462444
0.5701755374430392 0.3064526984238151 1.656766418164015
0.6259762637021177 0.3083105177339728 1.634103864157861
0.695859862843021 0.3109410955754156 1.607957489574949
0.7808121009441261 0.3148157807496677 1.579695929581963
0.8820919506259124 0.3218582254018059 1.551641384087283
0.995514081542473 0.3327274644457641 1.528030940672569
1.107659057779392 0.346534300342641 1.513096190026015
1.227241016784505 0.3640770514109372 1.505699265929079
1.340439892038235 0.3839938157543188 1.506661620479393
1.441980231068761 0.4047526761792005 1.514457258194883
1.52848583748919 0.425658502509317 1.526692777319427
1.599820491173966 0.4447412645311655 1.539980225601005
1.656655327253808 0.4609835870082472 1.552639137018778
1.700841341705025 0.4742864515644591 1.563828482681459
1.734558543824186 0.4848543256333969 1.573199215626857
1.759929365544574 0.4930534940291807 1.580743889000675
1.778823253946213 0.4993015487444534 1.586646125593943
1.792787100870932 0.5039989855769131 1.591167441924237
1.803050122249945 0.5074954013254994 1.594578197914249
1.810562669583588 0.51007868903432 1.597122592134689
1.816045699374609 0.51197697290936 1.599005316221646
1.820038963075904 0.5133663760176584 1.600390233335713
1.822942715619083 0.5143803636244968 1.601404599728915
1.825051861666909 0.5151188167301817 1.602145264953696
1.826582589328598 0.5156557858547854 1.602684850182075
1.827692874398521 0.5160458121067166 1.603077305944866
0.400876365634094 0.2999500787144292 1.742863844810217
0.401993626199396 0.3000026505816365 1.742322585910023
0.4035335173072478 0.3000746710596509 1.741577145794816
0.4056543903690211 0.3001730452543573 1.740551520771615
0.4085727727656298 0.3003069121133146 1.739142263610004
0.4125831758871223 0.3004881021454143 1.737209605390204
0.4180843602063706 0.30073170426019 1.734566058056737
0.4256119991659258 0.3010563331198428 1.730963248055743
0.4358785944317995 0.3014840859076167 1.726077710637212
0.4498159499061116 0.3020413733535147 1.719499369957043
0.4686232636294054 0.3027573235684289 1.710727339174882
0.4937954723093262 0.3036676152929796 1.699188380869838
0.5271248497649348 0.3048277409698776 1.684292104183447
0.5706363846958996 0.3063271037912819 1.665558924801788
0.6264086204180215 0.308345125790693 1.642829312674499
0.6962392156517017 0.3112009757439329 1.61655981833156
0.7811185888264373 0.3153930186390982 1.588112606076303
0.882650446361099 0.3227563311886831 1.559622737693581
0.9963494652404373 0.3339115776331532 1.535481584332597
1.106968854068711 0.3477879072555758 1.520202658345004
1.226647133104787 0.365539243589874 1.512317735968096
1.339941158917487 0.3856591936469025 1.512993478042242
1.441556780891844 0.4065930721777392 1.520662483099657
1.528144393053727 0.4274197770661396 1.532847453740496
1.599559270183385 0.4464457243299839 1.546289217138442
1.656415724283425 0.4626252978000611 1.559171715366713
1.700594530309483 0.4758628106160134 1.570588128508097
1.734293609945619 0.4863682129175603 1.580159068015353
1.759644671101186 0.4945118673761652 1.587867738715243
1.778520932410475 0.5007132743815209 1.593898635135244
1.792470401573323 0.5053730893653698 1.598518232713068
1.802722223651802 0.5088400504595333 1.602002791936166
1.810226275225734 0.5114007721408098 1.60460198559526
1.81570296042091 0.5132820329855623 1.606525091590549
1.819691531258997 0.5146587386183981 1.607939612147351
1.822591836534658 0.5156633325627484 1.608975604300506
1.824698457801591 0.5163948761953854 1.609732027176094
1.826227340604778 0.5169267849349516 1.610283072999241
1.827336281170727 0.5173131157003614 1.610683854122835
0.4010841561016732 0.2996767377976655 1.754174605557408
0.4022031838583572 0.2997325014811392 1.753635233272687
0.4037454799351762 0.2998089268678389 1.75289235623654
0.4058696263601296 0.2999133807784934 1.751870176399573
0.4087923883620312 0.3000556377521201 1.750465526709285
0.4128086358096144 0.300248398961351 1.74853892145424
0.4183174900112383 0.3005079668282408 1.745903159363086
0.4258549924567224 0.3008546132215966 1.742310038557906
0.4361337681199454 0.3013127877754769 1.737435953443406
0.4500858388983829 0.3019119091626956 1.730869837317921
0.4689091872973225 0.302685651407105 1.722108464658336
0.4940965866519397 0.3036759997811349 1.7105733900746
0.5274359137530024 0.304946255543153 1.695665153385899
0.5709446830344119 0.3065990361379997 1.676888484189812
0.626692219714398 0.3088306272414137 1.654062651745914
0.6964676553807476 0.3119854040381986 1.627622033895917
0.7812606090751357 0.3165975548478602 1.598920726982534
0.8826849930688315 0.3243139456028154 1.569991174431581
0.9962562621330546 0.3357426327580048 1.54521732005563
1.106992724969904 0.3499098834249595 1.529193958087161
1.226166056231174 0.367899615508303 1.520735833847256
1.339442338409723 0.3882929255796689 1.521038978048087
1.441052590361021 0.409458007441493 1.528536258430896
1.527692921227201 0.4302194738465297 1.540643967853659
1.599137029576611 0.4491537167965247 1.554256158770509
1.655985466574082 0.4652427045401862 1.567412408991016
1.70013912993161 0.4783912616128794 1.579113748205201
1.733808646341839 0.488814075014457 1.588938090271521
1.759132341387523 0.4968854374286278 1.596855007114934
1.777985746600261 0.5030265977719164 1.603049451365917
1.791917166436507 0.5076380547725579 1.60779400050148
1.802155175747926 0.5110672650027239 1.611372372890279
1.809648856909865 0.5135991169832179 1.614041203100089
1.815117846909142 0.5154586247232464 1.616015609648085
1.819100749190976 0.516819116865827 1.617467728675828
1.821996902188886 0.5178117218318209 1.618531181773062
1.824100488036502 0.5185344497390889 1.619307611234773
1.825627155782681 0.5190599032132126 1.619873206401765
1.826734483711777 0.5194415203413291 1.620284555922267
0.4008547420163807 0.2999879258624489 1.767718176204119
0.4019758462983097 0.3000477596866514 1.767180858556072
0.4035209777271038 0.3001298027466894 1.766440768775608
0.4056490006952986 0.3002420107987955 1.765422325817895
0.4085769793467137 0.3003949687134924 1.764022658292584
0.4126002441835007 0.3006024872647089 1.762102564773783
0.4181184107299808 0.3008824122194141 1.759475112699339
0.4256680799245326 0.3012571191974155 1.755892204169195
0.4359622401912324 0.3017540290689463 1.751029927589734
0.4499335544835213 0.3024063492606149 1.744475843763597
0.4687791679287469 0.3032534159177125 1.735723679954386
0.4939902018325862 0.3043449877427481 1.724188426453296
0.5273505013344976 0.3057538963425845 1.709259342853706
0.570869825474875 0.3075987193514285 1.690421851686835
0.6266065730129093 0.3100960786496373 1.66746927446782
0.6963363248455099 0.3136210351058001 1.640809069775964
0.7810369148664923 0.3187522349204757 1.611786139391008
0.8816942150144029 0.3268021634382924 1.582519394769077
0.9943984770368399 0.3384238337446113 1.557088405566054
1.108557481424805 0.3532369086428281 1.539669948766896
1.226059325075179 0.3714640731455391 1.530638707580703
1.339093534816986 0.3922045700532174 1.530500976655979
1.44053445077952 0.4136562971934138 1.537787242985043
1.527152050859322 0.4343951559300603 1.549792544966828
1.598510627078665 0.4531897968344265 1.56356760069911
1.655289839682888 0.4691539931940218 1.577031869456635
1.699385989604114 0.4821875041302244 1.589064646587778
1.733008525080758 0.4925071700682799 1.599187144904924
1.758295175741863 0.5004899626675969 1.607350158229905
1.777120100668641 0.5065581141061583 1.613738177468139
1.791030049034894 0.5111113493289061 1.618630675085707
1.801252072447523 0.5144952906430728 1.622320115839875
1.808733954239 0.5169926117475715 1.625071369677636
1.814194283962849 0.5188261436770141 1.6271064798171
1.818170852649468 0.520167295851377 1.628603077807655
1.821062389317928 0.5211456100860844 1.629699010736357
1.823162611937297 0.5218578344967738 1.630499099751328
1.824686831247903 0.52237559900068 1.631081898942183
1.825792379829361 0.5227516025399628 1.631505744272978
0.4000198470215071 0.3010797655411209 1.716882461897322
0.4011335610468936 0.3011240055701735 1.716337306750405
0.402668601894453 0.3011845387251157 1.715586611932925
0.4047828676203853 0.3012670762700753 1.714553977087698
0.4076923825494169 0.3013791243140074 1.713135450668821
0.4116910249131761 0.3015302916476735 1.711190755936256
0.4171769398688518 0.3017325956229755 1.708531985083851
0.4246853279354353 0.3020005060208965 1.704910685067854
0.4349287067479762 0.3023504874975763 1.700004198001944
0.4488403844948602 0.3028011666141834 1.693405107348417
0.4676229973570694 0.3033713357302086 1.68461878372496
0.4927791189627352 0.3040825827556314 1.6730843697024
0.5261138889310774 0.3049710708096861 1.658234073597242
0.5696722966944535 0.3060985688739963 1.639623852686071
0.62555280876956 0.3076086499163614 1.617142884651534
0.6955613601103091 0.3097682725052642 1.591297018965197
0.7806594430088047 0.3130035337786042 1.563463920051236
0.8805094761907483 0.3192658271968337 1.536614449305743
0.9923223203198894 0.3293385876563499 1.514225011758635
1.11056299438176 0.3432880548594625 1.499603957650907
1.229554303236716 0.3604036866010848 1.493199870166961
1.342247531061494 0.3798810722646863 1.494712950990919
1.443409240280284 0.4002411164695944 1.502707951376229
1.529638421751607 0.421313212712687 1.514965382462333
1.600673707431606 0.4404238766943844 1.52783422787753
1.657403583812549 0.4567363548481631 1.539962987779271
1.701582589511091 0.470134818896175 1.550633098537238
1.735333711487891 0.4808055761507449 1.559551834569852
1.760749402966406 0.4891019630825599 1.566727900050709
1.779686213748069 0.4954346587142776 1.572341318316619
1.7936864356082 0.5002018867144841 1.576642027571162
1.803978521307209 0.503753756980327 1.579887071711056
1.8115135546934 0.5063799714307391 1.582308390937546
1.81701365216071 0.5083108886674141 1.584100408032552
1.82101972392494 0.5097247674752732 1.585418834282325
1.823933006700134 0.5107569473015199 1.586384636120624
1.826049222323892 0.5115088349070407 1.587089929335256
1.827585172580351 0.512055673463243 1.587603799084383
1.828699305398323 0.5124529276223361 1.587977583658562
0.4002308492421007 0.3008001211217529 1.718198395429847
0.4013447286914786 0.3008446332515925 1.717653564027807
0.4028799886924882 0.3009055430408542 1.716903313761162
0.4049945435440374 0.3009886028234878 1.715871285411823
0.4079044310174681 0.3011013761856605 1.714453583837247
0.4119035471303308 0.3012535526151877 1.712509999941179
0.4173900451374185 0.3014572660232993 1.70985270784815
0.4248991173251788 0.3017271517748724 1.706233343876556
0.4351432263553344 0.3020799192416732 1.701329331660838
0.4490555751072973 0.3025345389068186 1.6947332846812
0.4678385213873867 0.3031103312552012 1.685950499176022
0.4929941727572569 0.3038296594781044 1.674419803406367
0.5263269155942547 0.3047297443049399 1.659572719317429
0.5698806490281378 0.3058740313374527 1.640963903257514
0.6257527693430555 0.307408214767169 1.618480646315555
0.6957488243420561 0.3096021560797347 1.592626748952265
0.7808320605976524 0.3128856187271312 1.564779093352699
0.8808229335952054 0.3192168034173418 1.537848312405911
0.9928119060783936 0.3293629575516273 1.5153813010017
1.110458957574438 0.3432872574937383 1.500769778999992
1.229497616496229 0.3604289596473972 1.494304315525219
1.34222717740237 0.3799307680896946 1.495784869033229
1.443413129066145 0.4003103499964807 1.503769111892498
1.529656492480677 0.4213541629427432 1.516025336463712
1.600711838879258 0.4404519818461369 1.528925325648194
1.657446878841357 0.4567494716350928 1.541092203876128
1.701624265769669 0.4701325270737901 1.551799304185836
1.735371454777549 0.4807889094375309 1.560750173566157
1.760783014029034 0.4890728020032847 1.567952460513575
1.779716267597265 0.4953951807366903 1.573586461032471
1.793713682228632 0.5001541985043987 1.577902926760804
1.80400364717517 0.5036997060928621 1.581159834206212
1.811537116388216 0.5063210836362575 1.583589985026059
1.817036075165134 0.5082483741697382 1.585388525560133
1.821041324146293 0.5096595609319811 1.586711744019273
1.823954015520632 0.5106897568767359 1.587681053127901
1.826069806648009 0.5114401899954601 1.588388906053862
1.827605452697368 0.5119859662841729 1.588904640203753
1.82871936789555 0.5123824466559476 1.589279780930541
0.4005485342079219 0.3003783187348873 1.720208675654016
0.4016626595701953 0.3004232554899154 1.719664308739835
0.4031982450433666 0.3004847529760727 1.718914696180783
0.4053132288664627 0.3005686275316292 1.717883537383753
0.4082236682158434 0.3006825322674053 1.716467017626706
0.4122234848814371 0.3008362822751615 1.714525023354782
0.4177108428338494 0.3010421926447253 1.711869843358835
0.4252209200260779 0.3013151557970881 1.708253236465402
0.4354660936223941 0.3016722602110758 1.703352732389922
0.4493794051701917 0.3021330081255613 1.696760966531571
0.468162789067558 0.3027175340535653 1.687983091266433
0.4933176473791566 0.3034493923246402 1.676457417633848
0.5266472298812077 0.3043674229964061 1.661614375761723
0.5701937946552141 0.3055376297801978 1.643006587258544
0.6260531385987873 0.3071089317944768 1.620518414954271
0.6960302562538756 0.3093555956229346 1.594650493830576
0.7810910904989993 0.312712948234468 1.566778504014134
0.8812799771690589 0.3191468094492853 1.539726279282681
0.993515463980066 0.3294006341658957 1.517140905703534
1.110297246731714 0.3432902815235674 1.502536658959686
1.22940463378215 0.3604717369898475 1.495975037685504
1.342187869021951 0.3800107802502782 1.497403521040363
1.443410430347848 0.4004202225586439 1.505369190566212
1.5296768487265 0.4214226374619716 1.517621822682663
1.600763266265322 0.4405012029107217 1.530567387299155
1.657507029086075 0.4567763347426338 1.542790889772858
1.70168278274107 0.4701364199919066 1.553553170418819
1.73542465430922 0.4807713644406413 1.562552035151063
1.760830418442384 0.4890366127155579 1.569793494121762
1.779758607659844 0.4953435883885846 1.575458235651569
1.793751992435756 0.5000903432986396 1.579798227080641
1.80403889714958 0.5036263446241512 1.583072841731141
1.811570101604281 0.5062404939090384 1.585516171018647
1.817067407981193 0.508162363860991 1.587324443711376
1.821071461271228 0.5095695265847304 1.588654810399979
1.823983292517551 0.5105967568442694 1.589629350491216
1.826098465995218 0.511345015570842 1.590341020852872
1.827633669372912 0.5118892037828511 1.590859535346284
1.828747267955966 0.5122845273411472 1.591236698422512
0.4010167037381611 0.2997550382779617 1.723238689575252
0.4021311888273473 0.2998006308803999 1.722694976052042
0.4036672499933124 0.2998630359891343 1.721946260374658
0.4057828602767026 0.2999481686541761 1.720916323754914
0.4086941045063728 0.3000638199727322 1.719501463759463
0.4126949415095241 0.3002199984859589 1.717561698723542
0.4181835495595745 0.3004292979047286 1.714909473950818
0.4256950836443802 0.3007070053981656 1.711296711129282
0.4359417921850152 0.3010707902408764 1.7064010711327
0.449856477121494 0.3015409675450258 1.699815185083307
0.4686404444400054 0.3021389117934755 1.691043941306616
0.4937940529691964 0.3028899851699882 1.679524813241341
0.5271188733961952 0.3038354763439705 1.664686517421698
0.5706547371903667 0.3050452427066446 1.64607853405343
0.6264950754383478 0.3066730457221513 1.623580740072496
0.6964440453201165 0.3089997593492188 1.597688947013487
0.7814715098205822 0.312469068009733 1.569777025038504
0.8819242562883864 0.3190523423933216 1.542548436808587
0.9944869364353287 0.329459489137673 1.519785664434629
1.110063013441414 0.343306502937969 1.50517717042208
1.229264458257431 0.3605481719074352 1.498467359389687
1.342122518693239 0.3801434561097454 1.499813952310228
1.443397104392768 0.4005980066115787 1.507748428083869
1.529698796651979 0.4215414397961092 1.519992812409753
1.600830825717412 0.440591056863684 1.533003598725247
1.657588019775542 0.4568330156129418 1.545309833358457
1.70176209105479 0.4701591721361274 1.556153209738625
1.7354967546693 0.480762498571368 1.565222739304417
1.760894453909356 0.4890002611423748 1.572521894207735
1.779815516686902 0.4952845309267032 1.578231906364218
1.793803194655664 0.5000132080033185 1.582606531240357
1.804085747838408 0.5035351940977094 1.58590720450923
1.811613723083856 0.5061386858519844 1.588369921834976
1.817108669122713 0.5080525630805734 1.590192508906626
1.8211110125145 0.509453792057932 1.5915333875185
1.824021613039287 0.5104766490808629 1.592515619112483
1.826135902527847 0.511221701372117 1.593232902040675
1.827670472381454 0.5117635477402281 1.593755504089245
1.828783617992116 0.5121571654147329 1.594135640256688
0.4016846518109296 0.2988623114210085 1.727714228601571
0.4027996510391403 0.2989089006997277 1.727171409283478
0.4043363916228592 0.2989726849498039 1.726423920750693
0.4064528962380102 0.2990597289930471 1.725395655085636
0.40936528852195 0.2991780331450958 1.723983062152775
0.4133675800683972 0.2993378990155415 1.722046336683632
0.4188579690405407 0.2995523416927963 1.719398130344602
0.426371577386319 0.2998372443969376 1.71579057221597
0.4366204688564061 0.3002111509940493 1.710901473116034
0.4505371059758583 0.3006955976212469 1.704323400886639
0.4693218959927896 0.3013138137165072 1.695560781577605
0.4944737086339862 0.3020938548465895 1.684049762335148
0.5277917118928658 0.3030806428875683 1.669216423793415
0.5713122425222612 0.3043497303265006 1.650605490754774
0.6271252833373754 0.3060620151110416 1.628090103209253
0.6970336167152962 0.3085081104810661 1.602158874087676
0.7820123189133624 0.3121440651177865 1.574183030235229
0.8827854071081171 0.3189370357976657 1.546709188522297
0.9957441828451616 0.3295527631506686 1.523687870888787
1.109760728810139 0.3433589503077308 1.509041209768846
1.229078215131423 0.3606908905807216 1.502108615420158
1.342030690065058 0.3803699292659372 1.50332972676439
1.443372041403499 0.400891428681851 1.511213558374026
1.52972323550766 0.4217542122306412 1.523441284103076
1.6009168107224 0.4407601092380267 1.536542358200088
1.657692148306197 0.4569532047487291 1.548966571466636
1.701863822883009 0.470229892775059 1.559926551829796
1.735588513043661 0.4807873228724801 1.569097959709589
1.760975041310509 0.4889852685752801 1.576480352950695
1.779886209598411 0.4952366784076935 1.582255672523361
1.793865946373652 0.4999392066613415 1.58668024287994
1.804142433003941 0.5034409259285071 1.590018481360681
1.811665900135351 0.5060290087340197 1.592509138195044
1.817157547967924 0.5079313309611351 1.59435234752467
1.821157500763043 0.5093239821083 1.595708367109837
1.824066380409415 0.5103405174467307 1.596701675594635
1.82617943394297 0.5110809348452356 1.597427040614296
1.82771311831138 0.5116193961651607 1.597955528352402
1.828825631145612 0.5120105480907549 1.598339945337943
0.4025931000219217 0.2976415491569681 1.734130972682933
0.4037088101290947 0.2976896155269639 1.733589332134226
0.405246489783982 0.2977554434565034 1.732843460789752
0.4073642306084047 0.2978453193575593 1.73181739516469
0.4102782096926066 0.2979675528534062 1.730407783695981
0.4142825130755699 0.2981328784331461 1.728475047139047
0.4197753687868386 0.2983549323856247 1.72583209677099
0.427291858598597 0.2986504750628556 1.722231310503581
0.4375438001282187 0.299039333360769 1.717350649975284
0.451463208632725 0.2995448296223341 1.710782508615923
0.4702492750802662 0.3001928940257919 1.70203054316239
0.4953988524204946 0.3010154852372171 1.690528867180189
0.5287078283802807 0.3020627669148372 1.675699625861535
0.5722076969945714 0.3034184730900132 1.657080553227679
0.6279835212445557 0.3052537341615295 1.634534965600593
0.6978356458506794 0.3078731545214889 1.608541057431791
0.7827450598070653 0.3117506630682815 1.580466364691536
0.8838424539394918 0.3188225058664478 1.552673532666379
0.9972021245763668 0.3297028670975821 1.529291442884548
1.109450025486456 0.3434972472543398 1.514524278074243
1.228883398870305 0.3609624232325414 1.507268871504541
1.341933819903324 0.3807636049609903 1.508304908307045
1.44334554611967 0.4013819241678964 1.516110125324209
1.529757233497376 0.4221411196241424 1.528307294259949
1.601022547405732 0.44108077172963 1.541527400541758
1.657817159874375 0.4572026675506191 1.55411408791834
1.701983338161529 0.4704085503938798 1.565236547400531
1.735693611373382 0.4809008454840583 1.574550471479583
1.761064657066761 0.4890425285251547 1.58204943933013
1.779962287522128 0.4952476152266307 1.587916227876735
1.793931213466223 0.4999133309164612 1.592410729166437
1.804199459015264 0.5033865415349597 1.595801542660977
1.811716808437298 0.5059529601416953 1.598331287520472
1.817203983224313 0.5078390419414355 1.600203338621574
1.821200695539967 0.509219639652395 1.601580528783445
1.82410724397045 0.5102272931502554 1.602589322612453
1.826218624244015 0.5109611992420614 1.603325984936215
1.827751110707045 0.5114949054050217 1.60386269917594
1.82886276826991 0.5118825937067745 1.604253099271644
0.4037463143359797 0.2960807999968955 1.742948550036993
0.4048629633624655 0.2961309745899239 1.742408388849482
0.4064018835500398 0.2961997191043336 1.74166454636046
0.4085212589191936 0.2962936356830232 1.740641237774428
0.4114373384904159 0.296421474304389 1.739235357443049
0.4154443119817315 0.2965945851564906 1.737307600050577
0.4209404561816166 0.2968274862152506 1.734671184109383
0.4284608184735598 0.2971381803338864 1.731078763106078
0.438716923447606 0.2975483055824842 1.726208417955649
0.452640259354004 0.2980836979038125 1.719652187263613
0.4714284989650976 0.2987740676393308 1.710912523287091
0.4965759646277487 0.2996568078376713 1.699420561292353
0.5298743576406836 0.3007893459444031 1.68459281916321
0.5733488167463091 0.302266703319347 1.665957180292966
0.6290775984319714 0.3042741169162901 1.643363231848349
0.698856567270957 0.3071355608203874 1.617274738063709
0.7836713547900712 0.3113499727682223 1.589054401526308
0.8849673659968696 0.3187647244157282 1.560887629865454
0.9985754849629785 0.3299468562668297 1.537034632378853
1.109301699852364 0.3438138195204922 1.521971882249534
1.228792868891192 0.3614710720756068 1.514273058347198
1.341900423765505 0.3814450966822923 1.515050783808556
1.443354161098955 0.4021983902188186 1.522741262549464
1.529822418368016 0.4228366659705 1.534887618944364
1.601148633460746 0.4416763594905291 1.54825401002563
1.657952500728408 0.4576963277283813 1.561053853391487
1.702104206014728 0.4708035179219775 1.572393047249307
1.735792448591364 0.4812062553652613 1.581898142613978
1.761141922932803 0.4892711459655723 1.589553762713929
1.780021324567752 0.4954132699575832 1.595543502629813
1.793975922716708 0.5000290743142882 1.600131978837888
1.80423333679285 0.5034636920586311 1.603593413372012
1.811742684242956 0.5060008124145458 1.606175640454858
1.817224026239431 0.5078649452376169 1.608086402430267
1.821216522168944 0.5092292597321771 1.609491999345034
1.824120042726862 0.510224918045132 1.610521567273029
1.826229252879011 0.5109500320893651 1.611273383210766
1.827760187835642 0.5114773182803974 1.611821131080664
1.828870739186807 0.5118603306713246 1.612219555530468
0.4050761425189348 0.2942655077915019 1.754383058690249
0.4061939589512031 0.2943185332002944 1.753844644700592
0.407734423015785 0.2943912212653025 1.753103197378231
0.4098558368417756 0.2944906003970212 1.752083139476652
0.4127745433500278 0.2946260146059975 1.750681651289154
0.4167848735608639 0.294809643881068 1.748759737833503
0.4222851869776481 0.2950571918649557 1.746130955309686
0.4298105306968568 0.2953883289043665 1.742548232958825
0.4400721385133846 0.2958271147603474 1.737689697789053
0.4540009807088204 0.2964027351540222 1.731146785387836
0.472793042603759 0.2971499086346115 1.722420201928613
0.4979397968587172 0.2981131872432909 1.710936988390802
0.5312280769607797 0.2993595210169663 1.696106084991136
0.5746752715796273 0.3009986632824933 1.677442285962483
0.6303506246492991 0.3032342784303025 1.654777082359113
0.7000419584260699 0.3064158174802941 1.628555418582488
0.7847343084126023 0.3110755792008387 1.600134200719243
0.8858766527717314 0.3188675900873844 1.57159673130929
0.9993065593609456 0.3303407134702085 1.547187906735767
1.109870518040719 0.3444744462643229 1.531477839339834
1.229029675815683 0.3623746400575642 1.523239549001286
1.342069873874072 0.3825832018982239 1.523683522214383
1.443475781963238 0.4035155591869796 1.53122008284476
1.529964116735178 0.4240322985733604 1.543291384722691
1.601296381354042 0.4427243269694264 1.556820751601717
1.658077033257243 0.4586026882437856 1.569882807818075
1.702194313932046 0.471577454826026 1.581494806139423
1.73584768438922 0.4818622960819294 1.591242388986414
1.761167044894116 0.4898271753803448 1.599097227882612
1.780022381913427 0.4958878153371321 1.605243422431205
1.793958603311393 0.5004392754219985 1.609951460469429
1.804202350269318 0.50382426196189 1.61350270628091
1.811701700881589 0.5063237640606079 1.616151646713378
1.817175803024346 0.5081597445044822 1.618111597080099
1.821163088849086 0.5095031882973103 1.619553278175335
1.824062880625409 0.5104834791877622 1.620609228855809
1.82616942526969 0.511197332889989 1.621380286671704
1.827698458714741 0.5117163983613572 1.621942043550933
1.828807656995105 0.5120934239894344 1.622350655718352
0.4064242733010022 0.2924082048757322 1.768145046116952
0.4075434359457059 0.2924648148086785 1.767608557317577
0.4090856837748272 0.2925424610864922 1.766869747938988
0.4112094610095258 0.2926487074255952 1.765853265356039
0.4141312280103183 0.292793643254002 1.7644565996489
0.4181455009490834 0.2929904889896245 1.762541082422882
0.4236507747330081 0.2932564317397212 1.759920612660895
0.4311821715873022 0.2936132241301863 1.756348365621136
0.4414507212045139 0.2940879388819949 1.751502408882628
0.4553870342157881 0.29471391580977 1.744973299812238
0.4741855060092554 0.2955320469658941 1.736259444434546
0.499334847161599 0.2965956582634116 1.724782701906516
0.5326168859707006 0.2979833161208822 1.709942580031528
0.576040401482779 0.299822670468833 1.691237763283198
0.6316634059266246 0.302339831201592 1.668477637882689
0.7012603843305256 0.3059155748873019 1.642084433875577
0.7858050035697667 0.3111239374600249 1.613408856491052
0.886160896748612 0.3192715037537009 1.58460207648798
0.9986461526350567 0.3309532550714332 1.559628101507151
1.11253590622998 0.345733860364547 1.542621345338196
1.229903798173715 0.3638435422115625 1.533889180563081
1.342640005568803 0.3843529701159695 1.53394384304203
1.443824627566906 0.405508310924603 1.541295624960243
1.530249284738237 0.4259307078530039 1.553271583266131
1.601469190717091 0.4444148449661493 1.566959970642253
1.658162325225028 0.4601058775881348 1.580319721524215
1.702210268089459 0.4729122676330426 1.592250984319485
1.735809332340591 0.4830506654750329 1.602285207019261
1.761087365056819 0.4908930187895549 1.610376365522268
1.779911878742274 0.4968546622746758 1.616708334337162
1.793825485084082 0.5013283573140698 1.621558338140482
1.804052818112656 0.5046535622810249 1.625216185348616
1.811540347983746 0.5071078526240093 1.627944276423958
1.817005977621022 0.508910047650533 1.629962562154968
1.82098720997334 0.5102284693022794 1.631447023978182
1.823882692239364 0.5111903480694198 1.6325342462681
1.825986168387488 0.5118907162252067 1.633328107936709
1.827513019679831 0.5123999391122561 1.633906465443422
1.828620669287036 0.512769798000894 1.634327149387612

CELLS 3200 28800
8 4 200 930 104 122 1056 1602 579 
8 122 1056 1602 579 123 1057 1603 580 
8 123 1057 1603 580 124 1058 1604 581 
8 124 1058 1604 581 125 1059 1605 582 
8 125 1059 1605 582 126 1060 1606 583 
8 126 1060 1606 583 127 1061 1607 584 
8 127 1061 1607 584 128 1062 1608 585 
8 128 1062 1608 585 129 1063 1609 586 
8 129 1063 1609 586 130 1064 1610 587 
8 130 1064 1610 587 131 1065 1611 588 
8 131 1065 1611 588 132 1066 1612 589 
8 132 1066 1612 589 133 1067 1613 590 
8 133 1067 1613 590 134 1068 1614 591 
8 134 1068 1614 591 135 1069 1615 592 
8 135 1069 1615 592 136 1070 1616 593 
8 136 1070 1616 593 137 1071 1617 594 
8 137 1071 1617 594 138 1072 1618 595 
8 138 1072 1618 595 139 1073 1619 596 
8 139 1073 1619 596 140 1074 1620 597 
8 140 1074 1620 597 141 1075 1621 598 
8 141 1075 1621 598 142 1076 1622 599 
8 142 1076 1622 599 143 1077 1623 600 
8 143 1077 1623 600 144 1078 1624 601 
8 144 1078 1624 601 145 1079 1625 602 
8 145 1079 1625 602 146 1080 1626 603 
8 146 1080 1626 603 147 1081 1627 604 
8 147 1081 1627 604 148 1082 1628 605 
8 148 1082 1628 605 149 1083 1629 606 
8 149 1083 1629 606 150 1084 1630 607 
8 150 1084 1630 607 151 1085 1631 608 
8 151 1085 1631 608 152 1086 1632 609 
8 152 1086 1632 609 153 1087 1633 610 
8 153 1087 1633 610 154 1088 1634 611 
8 154 1088 1634 611 155 1089 1635 612 
8 155 1089 1635 612 156 1090 1636 613 
8 156 1090 1636 613 157 1091 1637 614 
8 157 1091 1637 614 158 1092 1638 615 
8 158 1092 1638 615 159 1093 1639 616 
8 159 1093 1639 616 160 1094 1640 617 
8 160 1094 1640 617 6 214 993 113 
8 104 930 931 105 579 1602 1641 618 
8 579 1602 1641 618 580 1603 1642 619 
8 580 1603 1642 619 581 1604 1643 620 
8 581 1604 1643 620 582 1605 1644 621 
8 582 1605 1644 621 583 1606 1645 622 
8 583 1606 1645 622 584 1607 1646 623 
8 584 1607 1646 623 585 1608 1647 624 
8 585 1608 1647 624 586 1609 1648 625 
8 586 1609 1648 625 587 1610 1649 626 
8 587 1610 1649 626 588 1611 1650 627 
8 588 1611 1650 627 589 1612 1651 628 
8 589 1612 1651 628 590 1613 1652 629 
8 590 1613 1652 629 591 1614 1653 630 
8 591 1614 1653 630 592 1615 1654 631 
8 592 1615 1654 631 593 1616 1655 632 
8 593 1616 1655 632 594 1617 1656 633 
8 594 1617 1656 633 595 1618 1657 634 
8 595 1618 1657 634 596 1619 1658 635 
8 596 1619 1658 635 597 1620 1659 636 
8 597 1620 1659 636 598 1621 1660 637 
8 598 1621 1660 637 599 1622 1661 638 
8 599 1622 1661 638 600 1623 1662 639 
8 600 1623 1662 639 601 1624 1663 640 
8 601 1624 1663 640 602 1625 1664 641 
8 602 1625 1664 641 603 1626 1665 642 
8 603 1626 1665 642 604 1627 1666 643 
8 604 1627 1666 643 605 1628 1667 644 
8 605 1628 1667 644 606 1629 1668 645 
8 606 1629 1668 645 607 1630 1669 646 
8 607 1630 1669 646 608 1631 1670 647 
8 608 1631 1670 647 609 1632 1671 648 
8 609 1632 1671 648 610 1633 1672 649 
8 610 1633 1672 649 611 1634 1673 650 
8 611 1634 1673 650 612 1635 1674 651 
8 612 1635 1674 651 613 1636 1675 652 
8 613 1636 1675 652 614 1637 1676 653 
8 614 1637 1676 653 615 1638 1677 654 
8 615 1638 1677 654 616 1639 1678 655 
8 616 1639 1678 655 617 1640 1679 656 
8 617 1640 1679 656 113 993 994 114 
8 105 931 932 106 618 1641 1680 657 
8 618 1641 1680 657 619 1642 1681 658 
8 619 1642 1681 658 620 1643 1682 659 
8 620 1643 1682 659 621 1644 1683 660 
8 621 1644 1683 660 622 1645 1684 661 
8 622 1645 1684 661 623 1646 1685 662 
8 623 1646 1685 662 624 1647 1686 663 
8 624 1647 1686 663 625 1648 1687 664 
8 625 1648 1687 664 626 1649 1688 665 
8 626 1649 1688 665 627 1650 1689 666 
8 627 1650 1689 666 628 1651 1690 667 
8 628 1651 1690 667 629 1652 1691 668 
8 629 1652 1691 668 630 1653 1692 669 
8 630 1653 1692 669 631 1654 1693 670 
8 631 1654 1693 670 632 1655 1694 671 
8 632 1655 1694 671 633 1656 1695 672 
8 633 1656 1695 672 634 1657 1696 673 
8 634 1657 1696 673 635 1658 1697 674 
8 635 1658 1697 674 636 1659 1698 675 
8 636 1659 1698 675 637 1660 1699 676 
8 637 1660 1699 676 638 1661 1700 677 
8 638 1661 1700 677 639 1662 1701 678 
8 639 1662 1701 678 640 1663 1702 679 
8 640 1663 1702 679 641 1664 1703 680 
8 641 1664 1703 680 642 1665 1704 681 
8 642 1665 1704 681 643 1666 1705 682 
8 643 1666 1705 682 644 1667 1706 683 
8 644 1667 1706 683 645 1668 1707 684 
8 645 1668 1707 684 646 1669 1708 685 
8 646 1669 1708 685 647 1670 1709 686 
8 647 1670 1709 686 648 1671 1710 687 
8 648 1671 1710 687 649 1672 1711 688 
8 649 1672 1711 688 650 1673 1712 689 
8 650 1673 1712 689 651 1674 1713 690 
8 651 1674 1713 690 652 1675 1714 691 
8 652 1675 1714 691 653 1676 1715 692 
8 653 1676 1715 692 654 1677 1716 693 
8 654 1677 1716 693 655 1678 1717 694 
8 655 1678 1717 694 656 1679 1718 695 
8 656 1679 1718 695 114 994 995 115 
8 106 932 933 107 657 1680 1719 696 
8 657 1680 1719 696 658 1681 1720 697 
8 658 1681 1720 697 659 1682 1721 698 
8 659 1682 1721 698 660 1683 1722 699 
8 660 1683 1722 699 661 1684 1723 700 
8 661 1684 1723 700 662 1685 1724 701 
8 662 1685 1724 701 663 1686 1725 702 
8 663 1686 1725 702 664 1687 1726 703 
8 664 1687 1726 703 665 1688 1727 704 
8 665 1688 1727 704 666 1689 1728 705 
8 666 1689 1728 705 667 1690 1729 706 
8 667 1690 1729 706 668 1691 1730 707 
8 668 1691 1730 707 669 1692 1731 708 
8 669 1692 1731 708 670 1693 1732 709 
8 670 1693 1732 709 671 1694 1733 710 
8 671 1694 1733 710 672 1695 1734 711 
8 672 1695 1734 711 673 1696 1735 712 
8 673 1696 1735 712 674 1697 1736 713 
8 674 1697 1736 713 675 1698 1737 714 
8 675 1698 1737 714 676 1699 1738 715 
8 676 1699 1738 715 677 1700 1739 716 
8 677 1700 1739 716 678 1701 1740 717 
8 678 1701 1740 717 679 1702 1741 718 
8 679 1702 1741 718 680 1703 1742 719 
8 680 1703 1742 719 681 1704 1743 720 
8 681 1704 1743 720 682 1705 1744 721 
8 682 1705 1744 721 683 1706 1745 722 
8 683 1706 1745 722 684 1707 1746 723 
8 684 1707 1746 723 685 1708 1747 724 
8 685 1708 1747 724 686 1709 1748 725 
8 686 1709 1748 725 687 1710 1749 726 
8 687 1710 1749 726 688 1711 1750 727 
8 688 1711 1750 727 689 1712 1751 728 
8 689 1712 1751 728 690 1713 1752 729 
8 690 1713 1752 729 691 1714 1753 730 
8 691 1714 1753 730 692 1715 1754 731 
8 692 1715 1754 731 693 1716 1755 732 
8 693 1716 1755 732 694 1717 1756 733 
8 694 1717 1756 733 695 1718 1757 734 
8 695 1718 1757 734 115 995 996 116 
8 107 933 934 108 696 1719 1758 735 
8 696 1719 1758 735 697 1720 1759 736 
8 697 1720 1759 736 698 1721 1760 737 
8 698 1721 1760 737 699 1722 1761 738 
8 699 1722 1761 738 700 1723 1762 739 
8 700 1723 1762 739 701 1724 1763 740 
8 701 1724 1763 740 702 1725 1764 741 
8 702 1725 1764 741 703 1726 1765 742 
8 703 1726 1765 742 704 1727 1766 743 
8 704 1727 1766 743 705 1728 1767 744 
8 705 1728 1767 744 706 1729 1768 745 
8 706 1729 1768 745 707 1730 1769 746 
8 707 1730 1769 746 708 1731 1770 747 
8 708 1731 1770 747 709 1732 1771 748 
8 709 1732 1771 748 710 1733 1772 749 
8 710 1733 1772 749 711 1734 1773 750 
8 711 1734 1773 750 712 1735 1774 751 
8 712 1735 1774 751 713 1736 1775 752 
8 713 1736 1775 752 714 1737 1776 753 
8 714 1737 1776 753 715 1738 1777 754 
8 715 1738 1777 754 716 1739 1778 755 
8 716 1739 1778 755 717 1740 1779 756 
8 717 1740 1779 756 718 1741 1780 757 
8 718 1741 1780 757 719 1742 1781 758 
8 719 1742 1781 758 720 1743 1782 759 
8 720 1743 1782 759 721 1744 1783 760 
8 721 1744 1783 760 722 1745 1784 761 
8 722 1745 1784 761 723 1746 1785 762 
8 723 1746 1785 762 724 1747 1786 763 
8 724 1747 1786 763 725 1748 1787 764 
8 725 1748 1787 764 726 1749 1788 765 
8 726 1749 1788 765 727 1750 1789 766 
8 727 1750 1789 766 728 1751 1790 767 
8 728 1751 1790 767 729 1752 1791 768 
8 729 1752 1791 768 730 1753 1792 769 
8 730 1753 1792 769 731 1754 1793 770 
8 731 1754 1793 770 732 1755 1794 771 
8 732 1755 1794 771 733 1756 1795 772 
8 733 1756 1795 772 734 1757 1796 773 
8 734 1757 1796 773 116 996 997 117 
8 108 934 935 109 735 1758 1797 774 
8 735 1758 1797 774 736 1759 1798 775 
8 736 1759 1798 775 737 1760 1799 776 
8 737 1760 1799 776 738 1761 1800 777 
8 738 1761 1800 777 739 1762 1801 778 
8 739 1762 1801 778 740 1763 1802 779 
8 740 1763 1802 779 741 1764 1803 780 
8 741 1764 1803 780 742 1765 1804 781 
8 742 1765 1804 781 743 1766 1805 782 
8 743 1766 1805 782 744 1767 1806 783 
8 744 1767 1806 783 745 1768 1807 784 
8 745 1768 1807 784 746 1769 1808 785 
8 746 1769 1808 785 747 1770 1809 786 
8 747 1770 1809 786 748 1771 1810 787 
8 748 1771 1810 787 749 1772 1811 788 
8 749 1772 1811 788 750 1773 1812 789 
8 750 1773 1812 789 751 1774 1813 790 
8 751 1774 1813 790 752 1775 1814 791 
8 752 1775 1814 791 753 1776 1815 792 
8 753 1776 1815 792 754 1777 1816 793 
8 754 1777 1816 793 755 1778 1817 794 
8 755 1778 1817 794 756 1779 1818 795 
8 756 1779 1818 795 757 1780 1819 796 
8 757 1780 1819 796 758 1781 1820 797 
8 758 1781 1820 797 759 1782 1821 798 
8 759 1782 1821 798 760 1783 1822 799 
8 760 1783 1822 799 761 1784 1823 800 
8 761 1784 1823 800 762 1785 1824 801 
8 762 1785 1824 801 763 1786 1825 802 
8 763 1786 1825 802 764 1787 1826 803 
8 764 1787 1826 803 765 1788 1827 804 
8 765 1788 1827 804 766 1789 1828 805 
8 766 1789 1828 805 767 1790 1829 806 
8 767 1790 1829 806 768 1791 1830 807 
8 768 1791 1830 807 769 1792 1831 808 
8 769 1792 1831 808 770 1793 1832 809 
8 770 1793 1832 809 771 1794 1833 810 
8 771 1794 1833 810 772 1795 1834 811 
8 772 1795 1834 811 773 1796 1835 812 
8 773 1796 1835 812 117 997 998 118 
8 109 935 936 110 774 1797 1836 813 
8 774 1797 1836 813 775 1798 1837 814 
8 775 1798 1837 814 776 1799 1838 815 
8 776 1799 1838 815 777 1800 1839 816 
8 777 1800 1839 816 778 1801 1840 817 
8 778 1801 1840 817 779 1802 1841 818 
8 779 1802 1841 818 780 1803 1842 819 
8 780 1803 1842 819 781 1804 1843 820 
8 781 1804 1843 820 782 1805 1844 821 
8 782 1805 1844 821 783 1806 1845 822 
8 783 1806 1845 822 784 1807 1846 823 
8 784 1807 1846 823 785 1808 1847 824 
8 785 1808 1847 824 786 1809 1848 825 
8 786 1809 1848 825 787 1810 1849 826 
8 787 1810 1849 826 788 1811 1850 827 
8 788 1811 1850 827 789 1812 1851 828 
8 789 1812 1851 828 790 1813 1852 829 
8 790 1813 1852 829 791 1814 1853 830 
8 791 1814 1853 830 792 1815 1854 831 
8 792 1815 1854 831 793 1816 1855 832 
8 793 1816 1855 832 794 1817 1856 833 
8 794 1817 1856 833 795 1818 1857 834 
8 795 1818 1857 834 796 1819 1858 835 
8 796 1819 1858 835 797 1820 1859 836 
8 797 1820 1859 836 798 1821 1860 837 
8 798 1821 1860 837 799 1822 1861 838 
8 799 1822 1861 838 800 1823 1862 839 
8 800 1823 1862 839 801 1824 1863 840 
8 801 1824 1863 840 802 1825 1864 841 
8 802 1825 1864 841 803 1826 1865 842 
8 803 1826 1865 842 804 1827 1866 843 
8 804 1827 1866 843 805 1828 1867 844 
8 805 1828 1867 844 806 1829 1868 845 
8 806 1829 1868 845 807 1830 1869 846 
8 807 1830 1869 846 808 1831 1870 847 
8 808 1831 1870 847 809 1832 1871 848 
8 809 1832 1871 848 810 1833 1872 849 
8 810 1833 1872 849 811 1834 1873 850 
8 811 1834 1873 850 812 1835 1874 851 
8 812 1835 1874 851 118 998 999 119 
8 110 936 937 111 813 1836 1875 852 
8 813 1836 1875 852 814 1837 1876 853 
8 814 1837 1876 853 815 1838 1877 854 
8 815 1838 1877 854 816 1839 1878 855 
8 816 1839 1878 855 817 1840 1879 856 
8 817 1840 1879 856 818 1841 1880 857 
8 818 1841 1880 857 819 1842 1881 858 
8 819 1842 1881 858 820 1843 1882 859 
8 820 1843 1882 859 821 1844 1883 860 
8 821 1844 1883 860 822 1845 1884 861 
8 822 1845 1884 861 823 1846 1885 862 
8 823 1846 1885 862 824 1847 1886 863 
8 824 1847 1886 863 825 1848 1887 864 
8 825 1848 1887 864 826 1849 1888 865 
8 826 1849 1888 865 827 1850 1889 866 
8 827 1850 1889 866 828 1851 1890 867 
8 828 1851 1890 867 829 1852 1891 868 
8 829 1852 1891 868 830 1853 1892 869 
8 830 1853 1892 869 831 1854 1893 870 
8 831 1854 1893 870 832 1855 1894 871 
8 832 1855 1894 871 833 1856 1895 872 
8 833 1856 1895 872 834 1857 1896 873 
8 834 1857 1896 873 835 1858 1897 874 
8 835 1858 1897 874 836 1859 1898 875 
8 836 1859 1898 875 837 1860 1899 876 
8 837 1860 1899 876 838 1861 1900 877 
8 838 1861 1900 877 839 1862 1901 878 
8 839 1862 1901 878 840 1863 1902 879 
8 840 1863 1902 879 841 1864 1903 880 
8 841 1864 1903 880 842 1865 1904 881 
8 842 1865 1904 881 843 1866 1905 882 
8 843 1866 1905 882 844 1867 1906 883 
8 844 1867 1906 883 845 1868 1907 884 
8 845 1868 1907 884 846 1869 1908 885 
8 846 1869 1908 885 847 1870 1909 886 
8 847 1870 1909 886 848 1871 1910 887 
8 848 1871 1910 887 849 1872 1911 888 
8 849 1872 1911 888 850 1873 1912 889 
8 850 1873 1912 889 851 1874 1913 890 
8 851 1874 1913 890 119 999 1000 120 
8 111 937 938 112 852 1875 1914 891 
8 852 1875 1914 891 853 1876 1915 892 
8 853 1876 1915 892 854 1877 1916 893 
8 854 1877 1916 893 855 1878 1917 894 
8 855 1878 1917 894 856 1879 1918 895 
8 856 1879 1918 895 857 1880 1919 896 
8 857 1880 1919 896 858 1881 1920 897 
8 858 1881 1920 897 859 1882 1921 898 
8 859 1882 1921 898 860 1883 1922 899 
8 860 1883 1922 899 861 1884 1923 900 
8 861 1884 1923 900 862 1885 1924 901 
8 862 1885 1924 901 863 1886 1925 902 
8 863 1886 1925 902 864 1887 1926 903 
8 864 1887 1926 903 865 1888 1927 904 
8 865 1888 1927 904 866 1889 1928 905 
8 866 1889 1928 905 867 1890 1929 906 
8 867 1890 1929 906 868 1891 1930 907 
8 868 1891 1930 907 869 1892 1931 908 
8 869 1892 1931 908 870 1893 1932 909 
8 870 1893 1932 909 871 1894 1933 910 
8 871 1894 1933 910 872 1895 1934 911 
8 872 1895 1934 911 873 1896 1935 912 
8 873 1896 1935 912 874 1897 1936 913 
8 874 1897 1936 913 875 1898 1937 914 
8 875 1898 1937 914 876 1899 1938 915 
8 876 1899 1938 915 877 1900 1939 916 
8 877 1900 1939 916 878 1901 1940 917 
8 878 1901 1940 917 879 1902 1941 918 
8 879 1902 1941 918 880 1903 1942 919 
8 880 1903 1942 919 881 1904 1943 920 
8 881 1904 1943 920 882 1905 1944 921 
8 882 1905 1944 921 883 1906 1945 922 
8 883 1906 1945 922 884 1907 1946 923 
8 884 1907 1946 923 885 1908 1947 924 
8 885 1908 1947 924 886 1909 1948 925 
8 886 1909 1948 925 887 1910 1949 926 
8 887 1910 1949 926 888 1911 1950 927 
8 888 1911 1950 927 889 1912 1951 928 
8 889 1912 1951 928 890 1913 1952 929 
8 890 1913 1952 929 120 1000 1001 121 
8 112 938 207 5 891 1914 1329 161 
8 891 1914 1329 161 892 1915 1330 162 
8 892 1915 1330 162 893 1916 1331 163 
8 893 1916 1331 163 894 1917 1332 164 
8 894 1917 1332 164 895 1918 1333 165 
8 895 1918 1333 165 896 1919 1334 166 
8 896 1919 1334 166 897 1920 1335 167 
8 897 1920 1335 167 898 1921 1336 168 
8 898 1921 1336 168 899 1922 1337 169 
8 899 1922 1337 169 900 1923 1338 170 
8 900 1923 1338 170 901 1924 1339 171 
8 901 1924 1339 171 902 1925 1340 172 
8 902 1925 1340 172 903 1926 1341 173 
8 903 1926 1341 173 904 1927 1342 174 
8 904 1927 1342 174 905 1928 1343 175 
8 905 1928 1343 175 906 1929 1344 176 
8 906 1929 1344 176 907 1930 1345 177 
8 907 1930 1345 177 908 1931 1346 178 
8 908 1931 1346 178 909 1932 1347 179 
8 909 1932 1347 179 910 1933 1348 180 
8 910 1933 1348 180 911 1934 1349 181 
8 911 1934 1349 181 912 1935 1350 182 
8 912 1935 1350 182 913 1936 1351 183 
8 913 1936 1351 183 914 1937 1352 184 
8 914 1937 1352 184 915 1938 1353 185 
8 915 1938 1353 185 916 1939 1354 186 
8 916 1939 1354 186 917 1940 1355 187 
8 917 1940 1355 187 918 1941 1356 188 
8 918 1941 1356 188 919 1942 1357 189 
8 919 1942 1357 189 920 1943 1358 190 
8 920 1943 1358 190 921 1944 1359 191 
8 921 1944 1359 191 922 1945 1360 192 
8 922 1945 1360 192 923 1946 1361 193 
8 923 1946 1361 193 924 1947 1362 194 
8 924 1947 1362 194 925 1948 1363 195 
8 925 1948 1363 195 926 1949 1364 196 
8 926 1949 1364 196 927 1950 1365 197 
8 927 1950 1365 197 928 1951 1366 198 
8 928 1951 1366 198 929 1952 1367 199 
8 929 1952 1367 199 121 1001 221 7 
8 200 201 939 930 1056 1095 1953 1602 
8 1056 1095 1953 1602 1057 1096 1954 1603 
8 1057 1096 1954 1603 1058 1097 1955 1604 
8 1058 1097 1955 1604 1059 1098 1956 1605 
8 1059 1098 1956 1605 1060 1099 1957 1606 
8 1060 1099 1957 1606 1061 1100 1958 1607 
8 1061 1100 1958 1607 1062 1101 1959 1608 
8 1062 1101 1959 1608 1063 1102 1960 1609 
8 1063 1102 1960 1609 1064 1103 1961 1610 
8 1064 1103 1961 1610 1065 1104 1962 1611 
8 1065 1104 1962 1611 1066 1105 1963 1612 
8 1066 1105 1963 1612 1067 1106 1964 1613 
8 1067 1106 1964 1613 1068 1107 1965 1614 
8 1068 1107 1965 1614 1069 1108 1966 1615 
8 1069 1108 1966 1615 1070 1109 1967 1616 
8 1070 1109 1967 1616 1071 1110 1968 1617 
8 1071 1110 1968 1617 1072 1111 1969 1618 
8 1072 1111 1969 1618 1073 1112 1970 1619 
8 1073 1112 1970 1619 1074 1113 1971 1620 
8 1074 1113 1971 1620 1075 1114 1972 1621 
8 1075 1114 1972 1621 1076 1115 1973 1622 
8 1076 1115 1973 1622 1077 1116 1974 1623 
8 1077 1116 1974 1623 1078 1117 1975 1624 
8 1078 1117 1975 1624 1079 1118 1976 1625 
8 1079 1118 1976 1625 1080 1119 1977 1626 
8 1080 1119 1977 1626 1081 1120 1978 1627 
8 1081 1120 1978 1627 1082 1121 1979 1628 
8 1082 1121 1979 1628 1083 1122 1980 1629 
8 1083 1122 1980 1629 1084 1123 1981 1630 
8 1084 1123 1981 1630 1085 1124 1982 1631 
8 1085 1124 1982 1631 1086 1125 1983 1632 
8 1086 1125 1983 1632 1087 1126 1984 1633 
8 1087 1126 1984 1633 1088 1127 1985 1634 
8 1088 1127 1985 1634 1089 1128 1986 1635 
8 1089 1128 1986 1635 1090 1129 1987 1636 
8 1090 1129 1987 1636 1091 1130 1988 1637 
8 1091 1130 1988 1637 1092 1131 1989 1638 
8 1092 1131 1989 1638 1093 1132 1990 1639 
8 1093 1132 1990 1639 1094 1133 1991 1640 
8 1094 1133 1991 1640 214 215 1002 993 
8 930 939 940 931 1602 1953 1992 1641 
8 1602 1953 1992 1641 1603 1954 1993 1642 
8 1603 1954 1993 1642 1604 1955 1994 1643 
8 1604 1955 1994 1643 1605 1956 1995 1644 
8 1605 1956 1995 1644 1606 1957 1996 1645 
8 1606 1957 1996 1645 1607 1958 1997 1646 
8 1607 1958 1997 1646 1608 1959 1998 1647 
8 1608 1959 1998 1647 1609 1960 1999 1648 
8 1609 1960 1999 1648 1610 1961 2000 1649 
8 1610 1961 2000 1649 1611 1962 2001 1650 
8 1611 1962 2001 1650 1612 1963 2002 1651 
8 1612 1963 2002 1651 1613 1964 2003 1652 
8 1613 1964 2003 1652 1614 1965 2004 1653 
8 1614 1965 2004 1653 1615 1966 2005 1654 
8 1615 1966 2005 1654 1616 1967 2006 1655 
8 1616 1967 2006 1655 1617 1968 2007 1656 
8 1617 1968 2007 1656 1618 1969 2008 1657 
8 1618 1969 2008 1657 1619 1970 2009 1658 
8 1619 1970 2009 1658 1620 1971 2010 1659 
8 1620 1971 2010 1659 1621 1972 2011 1660 
8 1621 1972 2011 1660 1622 1973 2012 1661 
8 1622 1973 2012 1661 1623 1974 2013 1662 
8 1623 1974 2013 1662 1624 1975 2014 1663 
8 1624 1975 2014 1663 1625 1976 2015 1664 
8 1625 1976 2015 1664 1626 1977 2016 1665 
8 1626 1977 2016 1665 1627 1978 2017 1666 
8 1627 1978 2017 1666 1628 1979 2018 1667 
8 1628 1979 2018 1667 1629 1980 2019 1668 
8 1629 1980 2019 1668 1630 1981 2020 1669 
8 1630 1981 2020 1669 1631 1982 2021 1670 
8 1631 1982 2021 1670 1632 1983 2022 1671 
8 1632 1983 2022 1671 1633 1984 2023 1672 
8 1633 1984 2023 1672 1634 1985 2024 1673 
8 1634 1985 2024 1673 1635 1986 2025 1674 
8 1635 1986 2025 1674 1636 1987 2026 1675 
8 1636 1987 2026 1675 1637 1988 2027 1676 
8 1637 1988 2027 1676 1638 1989 2028 1677 
8 1638 1989 2028 1677 1639 1990 2029 1678 
8 1639 1990 2029 1678 1640 1991 2030 1679 
8 1640 1991 2030 1679 993 1002 1003 994 
8 931 940 941 932 1641 1992 2031 1680 
8 1641 1992 2031 1680 1642 1993 2032 1681 
8 1642 1993 2032 1681 1643 1994 2033 1682 
8 1643 1994 2033 1682 1644 1995 2034 1683 
8 1644 1995 2034 1683 1645 1996 2035 1684 
8 1645 1996 2035 1684 1646 1997 2036 1685 
8 1646 1997 2036 1685 1647 1998 2037 1686 
8 1647 1998 2037 1686 1648 1999 2038 1687 
8 1648 1999 2038 1687 1649 2000 2039 1688 
8 1649 2000 2039 1688 1650 2001 2040 1689 
8 1650 2001 2040 1689 1651 2002 2041 1690 
8 1651 2002 2041 1690 1652 2003 2042 1691 
8 1652 2003 2042 1691 1653 2004 2043 1692 
8 1653 2004 2043 1692 1654 2005 2044 1693 
8 1654 2005 2044 1693 1655 2006 2045 1694 
8 1655 2006 2045 1694 1656 2007 2046 1695 
8 1656 2007 2046 1695 1657 2008 2047 1696 
8 1657 2008 2047 1696 1658 2009 2048 1697 
8 1658 2009 2048 1697 1659 2010 2049 1698 
8 1659 2010 2049 1698 1660 2011 2050 1699 
8 1660 2011 2050 1699 1661 2012 2051 1700 
8 1661 2012 2051 1700 1662 2013 2052 1701 
8 1662 2013 2052 1701 1663 2014 2053 1702 
8 1663 2014 2053 1702 1664 2015 2054 1703 
8 1664 2015 2054 1703 1665 2016 2055 1704 
8 1665 2016 2055 1704 1666 2017 2056 1705 
8 1666 2017 2056 1705 1667 2018 2057 1706 
8 1667 2018 2057 1706 1668 2019 2058 1707 
8 1668 2019 2058 1707 1669 2020 2059 1708 
8 1669 2020 2059 1708 1670 2021 2060 1709 
8 1670 2021 2060 1709 1671 2022 2061 1710 
8 1671 2022 2061 1710 1672 2023 2062 1711 
8 1672 2023 2062 1711 1673 2024 2063 1712 
8 1673 2024 2063 1712 1674 2025 2064 1713 
8 1674 2025 2064 1713 1675 2026 2065 1714 
8 1675 2026 2065 1714 1676 2027 2066 1715 
8 1676 2027 2066 1715 1677 2028 2067 1716 
8 1677 2028 2067 1716 1678 2029 2068 1717 
8 1678 2029 2068 1717 1679 2030 2069 1718 
8 1679 2030 2069 1718 994 1003 1004 995 
8 932 941 942 933 1680 2031 2070 1719 
8 1680 2031 2070 1719 1681 2032 2071 1720 
8 1681 2032 2071 1720 1682 2033 2072 1721 
8 1682 2033 2072 1721 1683 2034 2073 1722 
8 1683 2034 2073 1722 1684 2035 2074 1723 
8 1684 2035 2074 1723 1685 2036 2075 1724 
8 1685 2036 2075 1724 1686 2037 2076 1725 
8 1686 2037 2076 1725 1687 2038 2077 1726 
8 1687 2038 2077 1726 1688 2039 2078 1727 
8 1688 2039 2078 1727 1689 2040 2079 1728 
8 1689 2040 2079 1728 1690 2041 2080 1729 
8 1690 2041 2080 1729 1691 2042 2081 1730 
8 1691 2042 2081 1730 1692 2043 2082 1731 
8 1692 2043 2082 1731 1693 2044 2083 1732 
8 1693 2044 2083 1732 1694 2045 2084 1733 
8 1694 2045 2084 1733 1695 2046 2085 1734 
8 1695 2046 2085 1734 1696 2047 2086 1735 
8 1696 2047 2086 1735 1697 2048 2087 1736 
8 1697 2048 2087 1736 1698 2049 2088 1737 
8 1698 2049 2088 1737 1699 2050 2089 1738 
8 1699 2050 2089 1738 1700 2051 2090 1739 
8 1700 2051 2090 1739 1701 2052 2091 1740 
8 1701 2052 2091 1740 1702 2053 2092 1741 
8 1702 2053 2092 1741 1703 2054 2093 1742 
8 1703 2054 2093 1742 1704 2055 2094 1743 
8 1704 2055 2094 1743 1705 2056 2095 1744 
8 1705 2056 2095 1744 1706 2057 2096 1745 
8 1706 2057 2096 1745 1707 2058 2097 1746 
8 1707 2058 2097 1746 1708 2059 2098 1747 
8 1708 2059 2098 1747 1709 2060 2099 1748 
8 1709 2060 2099 1748 1710 2061 2100 1749 
8 1710 2061 2100 1749 1711 2062 2101 1750 
8 1711 2062 2101 1750 1712 2063 2102 1751 
8 1712 2063 2102 1751 1713 2064 2103 1752 
8 1713 2064 2103 1752 1714 2065 2104 1753 
8 1714 2065 2104 1753 1715 2066 2105 1754 
8 1715 2066 2105 1754 1716 2067 2106 1755 
8 1716 2067 2106 1755 1717 2068 2107 1756 
8 1717 2068 2107 1756 1718 2069 2108 1757 
8 1718 2069 2108 1757 995 1004 1005 996 
8 933 942 943 934 1719 2070 2109 1758 
8 1719 2070 2109 1758 1720 2071 2110 1759 
8 1720 2071 2110 1759 1721 2072 2111 1760 
8 1721 2072 2111 1760 1722 2073 2112 1761 
8 1722 2073 2112 1761 1723 2074 2113 1762 
8 1723 2074 2113 1762 1724 2075 2114 1763 
8 1724 2075 2114 1763 1725 2076 2115 1764 
8 1725 2076 2115 1764 1726 2077 2116 1765 
8 1726 2077 2116 1765 1727 2078 2117 1766 
8 1727 2078 2117 1766 1728 2079 2118 1767 
8 1728 2079 2118 1767 1729 2080 2119 1768 
8 1729 2080 2119 1768 1730 2081 2120 1769 
8 1730 2081 2120 1769 1731 2082 2121 1770 
8 1731 2082 2121 1770 1732 2083 2122 1771 
8 1732 2083 2122 1771 1733 2084 2123 1772 
8 1733 2084 2123 1772 1734 2085 2124 1773 
8 1734 2085 2124 1773 1735 2086 2125 1774 
8 1735 2086 2125 1774 1736 2087 2126 1775 
8 1736 2087 2126 1775 1737 2088 2127 1776 
8 1737 2088 2127 1776 1738 2089 2128 1777 
8 1738 2089 2128 1777 1739 2090 2129 1778 
8 1739 2090 2129 1778 1740 2091 2130 1779 
8 1740 2091 2130 1779 1741 2092 2131 1780 
8 1741 2092 2131 1780 1742 2093 2132 1781 
8 1742 2093 2132 1781 1743 2094 2133 1782 
8 1743 2094 2133 1782 1744 2095 2134 1783 
8 1744 2095 2134 1783 1745 2096 2135 1784 
8 1745 2096 2135 1784 1746 2097 2136 1785 
8 1746 2097 2136 1785 1747 2098 2137 1786 
8 1747 2098 2137 1786 1748 2099 2138 1787 
8 1748 2099 2138 1787 1749 2100 2139 1788 
8 1749 2100 2139 1788 1750 2101 2140 1789 
8 1750 2101 2140 1789 1751 2102 2141 1790 
8 1751 2102 2141 1790 1752 2103 2142 1791 
8 1752 2103 2142 1791 1753 2104 2143 1792 
8 1753 2104 2143 1792 1754 2105 2144 1793 
8 1754 2105 2144 1793 1755 2106 2145 1794 
8 1755 2106 2145 1794 1756 2107 2146 1795 
8 1756 2107 2146 1795 1757 2108 2147 1796 
8 1757 2108 2147 1796 996 1005 1006 997 
8 934 943 944 935 1758 2109 2148 1797 
8 1758 2109 2148 1797 1759 2110 2149 1798 
8 1759 2110 2149 1798 1760 2111 2150 1799 
8 1760 2111 2150 1799 1761 2112 2151 1800 
8 1761 2112 2151 1800 1762 2113 2152 1801 
8 1762 2113 2152 1801 1763 2114 2153 1802 
8 1763 2114 2153 1802 1764 2115 2154 1803 
8 1764 2115 2154 1803 1765 2116 2155 1804 
8 1765 2116 2155 1804 1766 2117 2156 1805 
8 1766 2117 2156 1805 1767 2118 2157 1806 
8 1767 2118 2157 1806 1768 2119 2158 1807 
8 1768 2119 2158 1807 1769 2120 2159 1808 
8 1769 2120 2159 1808 1770 2121 2160 1809 
8 1770 2121 2160 1809 1771 2122 2161 1810 
8 1771 2122 2161 1810 1772 2123 2162 1811 
8 1772 2123 2162 1811 1773 2124 2163 1812 
8 1773 2124 2163 1812 1774 2125 2164 1813 
8 1774 2125 2164 1813 1775 2126 2165 1814 
8 1775 2126 2165 1814 1776 2127 2166 1815 
8 1776 2127 2166 1815 1777 2128 2167 1816 
8 1777 2128 2167 1816 1778 2129 2168 1817 
8 1778 2129 2168 1817 1779 2130 2169 1818 
8 1779 2130 2169 1818 1780 2131 2170 1819 
8 1780 2131 2170 1819 1781 2132 2171 1820 
8 1781 2132 2171 1820 1782 2133 2172 1821 
8 1782 2133 2172 1821 1783 2134 2173 1822 
8 1783 2134 2173 1822 1784 2135 2174 1823 
8 1784 2135 2174 1823 1785 2136 2175 1824 
8 1785 2136 2175 1824 1786 2137 2176 1825 
8 1786 2137 2176 1825 1787 2138 2177 1826 
8 1787 2138 2177 1826 1788 2139 2178 1827 
8 1788 2139 2178 1827 1789 2140 2179 1828 
8 1789 2140 2179 1828 1790 2141 2180 1829 
8 1790 2141 2180 1829 1791 2142 2181 1830 
8 1791 2142 2181 1830 1792 2143 2182 1831 
8 1792 2143 2182 1831 1793 2144 2183 1832 
8 1793 2144 2183 1832 1794 2145 2184 1833 
8 1794 2145 2184 1833 1795 2146 2185 1834 
8 1795 2146 2185 1834 1796 2147 2186 1835 
8 1796 2147 2186 1835 997 1006 1007 998 
8 935 944 945 936 1797 2148 2187 1836 
8 1797 2148 2187 1836 1798 2149 2188 1837 
8 1798 2149 2188 1837 1799 2150 2189 1838 
8 1799 2150 2189 1838 1800 2151 2190 1839 
8 1800 2151 2190 1839 1801 2152 2191 1840 
8 1801 2152 2191 1840 1802 2153 2192 1841 
8 1802 2153 2192 1841 1803 2154 2193 1842 
8 1803 2154 2193 1842 1804 2155 2194 1843 
8 1804 2155 2194 1843 1805 2156 2195 1844 
8 1805 2156 2195 1844 1806 2157 2196 1845 
8 1806 2157 2196 1845 1807 2158 2197 1846 
8 1807 2158 2197 1846 1808 2159 2198 1847 
8 1808 2159 2198 1847 1809 2160 2199 1848 
8 1809 2160 2199 1848 1810 2161 2200 1849 
8 1810 2161 2200 1849 1811 2162 2201 1850 
8 1811 2162 2201 1850 1812 2163 2202 1851 
8 1812 2163 2202 1851 1813 2164 2203 1852 
8 1813 2164 2203 1852 1814 2165 2204 1853 
8 1814 2165 2204 1853 1815 2166 2205 1854 
8 1815 2166 2205 1854 1816 2167 2206 1855 
8 1816 2167 2206 1855 1817 2168 2207 1856 
8 1817 2168 2207 1856 1818 2169 2208 1857 
8 1818 2169 2208 1857 1819 2170 2209 1858 
8 1819 2170 2209 1858 1820 2171 2210 1859 
8 1820 2171 2210 1859 1821 2172 2211 1860 
8 1821 2172 2211 1860 1822 2173 2212 1861 
8 1822 2173 2212 1861 1823 2174 2213 1862 
8 1823 2174 2213 1862 1824 2175 2214 1863 
8 1824 2175 2214 1863 1825 2176 2215 1864 
8 1825 2176 2215 1864 1826 2177 2216 1865 
8 1826 2177 2216 1865 1827 2178 2217 1866 
8 1827 2178 2217 1866 1828 2179 2218 1867 
8 1828 2179 2218 1867 1829 2180 2219 1868 
8 1829 2180 2219 1868 1830 2181 2220 1869 
8 1830 2181 2220 1869 1831 2182 2221 1870 
8 1831 2182 2221 1870 1832 2183 2222 1871 
8 1832 2183 2222 1871 1833 2184 2223 1872 
8 1833 2184 2223 1872 1834 2185 2224 1873 
8 1834 2185 2224 1873 1835 2186 2225 1874 
8 1835 2186 2225 1874 998 1007 1008 999 
8 936 945 946 937 1836 2187 2226 1875 
8 1836 2187 2226 1875 1837 2188 2227 1876 
8 1837 2188 2227 1876 1838 2189 2228 1877 
8 1838 2189 2228 1877 1839 2190 2229 1878 
8 1839 2190 2229 1878 1840 2191 2230 1879 
8 1840 2191 2230 1879 1841 2192 2231 1880 
8 1841 2192 2231 1880 1842 2193 2232 1881 
8 1842 2193 2232 1881 1843 2194 2233 1882 
8 1843 2194 2233 1882 1844 2195 2234 1883 
8 1844 2195 2234 1883 1845 2196 2235 1884 
8 1845 2196 2235 1884 1846 2197 2236 1885 
8 1846 2197 2236 1885 1847 2198 2237 1886 
8 1847 2198 2237 1886 1848 2199 2238 1887 
8 1848 2199 2238 1887 1849 2200 2239 1888 
8 1849 2200 2239 1888 1850 2201 2240 1889 
8 1850 2201 2240 1889 1851 2202 2241 1890 
8 1851 2202 2241 1890 1852 2203 2242 1891 
8 1852 2203 2242 1891 1853 2204 2243 1892 
8 1853 2204 2243 1892 1854 2205 2244 1893 
8 1854 2205 2244 1893 1855 2206 2245 1894 
8 1855 2206 2245 1894 1856 2207 2246 1895 
8 1856 2207 2246 1895 1857 2208 2247 1896 
8 1857 2208 2247 1896 1858 2209 2248 1897 
8 1858 2209 2248 1897 1859 2210 2249 1898 
8 1859 2210 2249 1898 1860 2211 2250 1899 
8 1860 2211 2250 1899 1861 2212 2251 1900 
8 1861 2212 2251 1900 1862 2213 2252 1901 
8 1862 2213 2252 1901 1863 2214 2253 1902 
8 1863 2214 2253 1902 1864 2215 2254 1903 
8 1864 2215 2254 1903 1865 2216 2255 1904 
8 1865 2216 2255 1904 1866 2217 2256 1905 
8 1866 2217 2256 1905 1867 2218 2257 1906 
8 1867 2218 2257 1906 1868 2219 2258 1907 
8 1868 2219 2258 1907 1869 2220 2259 1908 
8 1869 2220 2259 1908 1870 2221 2260 1909 
8 1870 2221 2260 1909 1871 2222 2261 1910 
8 1871 2222 2261 1910 1872 2223 2262 1911 
8 1872 2223 2262 1911 1873 2224 2263 1912 
8 1873 2224 2263 1912 1874 2225 2264 1913 
8 1874 2225 2264 1913 999 1008 1009 1000 
8 937 946 947 938 1875 2226 2265 1914 
8 1875 2226 2265 1914 1876 2227 2266 1915 
8 1876 2227 2266 1915 1877 2228 2267 1916 
8 1877 2228 2267 1916 1878 2229 2268 1917 
8 1878 2229 2268 1917 1879 2230 2269 1918 
8 1879 2230 2269 1918 1880 2231 2270 1919 
8 1880 2231 2270 1919 1881 2232 2271 1920 
8 1881 2232 2271 1920 1882 2233 2272 1921 
8 1882 2233 2272 1921 1883 2234 2273 1922 
8 1883 2234 2273 1922 1884 2235 2274 1923 
8 1884 2235 2274 1923 1885 2236 2275 1924 
8 1885 2236 2275 1924 1886 2237 2276 1925 
8 1886 2237 2276 1925 1887 2238 2277 1926 
8 1887 2238 2277 1926 1888 2239 2278 1927 
8 1888 2239 2278 1927 1889 2240 2279 1928 
8 1889 2240 2279 1928 1890 2241 2280 1929 
8 1890 2241 2280 1929 1891 2242 2281 1930 
8 1891 2242 2281 1930 1892 2243 2282 1931 
8 1892 2243 2282 1931 1893 2244 2283 1932 
8 1893 2244 2283 1932 1894 2245 2284 1933 
8 1894 2245 2284 1933 1895 2246 2285 1934 
8 1895 2246 2285 1934 1896 2247 2286 1935 
8 1896 2247 2286 1935 1897 2248 2287 1936 
8 1897 2248 2287 1936 1898 2249 2288 1937 
8 1898 2249 2288 1937 1899 2250 2289 1938 
8 1899 2250 2289 1938 1900 2251 2290 1939 
8 1900 2251 2290 1939 1901 2252 2291 1940 
8 1901 2252 2291 1940 1902 2253 2292 1941 
8 1902 2253 2292 1941 1903 2254 2293 1942 
8 1903 2254 2293 1942 1904 2255 2294 1943 
8 1904 2255 2294 1943 1905 2256 2295 1944 
8 1905 2256 2295 1944 1906 2257 2296 1945 
8 1906 2257 2296 1945 1907 2258 2297 1946 
8 1907 2258 2297 1946 1908 2259 2298 1947 
8 1908 2259 2298 1947 1909 2260 2299 1948 
8 1909 2260 2299 1948 1910 2261 2300 1949 
8 1910 2261 2300 1949 1911 2262 2301 1950 
8 1911 2262 2301 1950 1912 2263 2302 1951 
8 1912 2263 2302 1951 1913 2264 2303 1952 
8 1913 2264 2303 1952 1000 1009 1010 1001 
8 938 947 208 207 1914 2265 1368 1329 
8 1914 2265 1368 1329 1915 2266 1369 1330 
8 1915 2266 1369 1330 1916 2267 1370 1331 
8 1916 2267 1370 1331 1917 2268 1371 1332 
8 1917 2268 1371 1332 1918 2269 1372 1333 
8 1918 2269 1372 1333 1919 2270 1373 1334 
8 1919 2270 1373 1334 1920 2271 1374 1335 
8 1920 2271 1374 1335 1921 2272 1375 1336 
8 1921 2272 1375 1336 1922 2273 1376 1337 
8 1922 2273 1376 1337 1923 2274 1377 1338 
8 1923 2274 1377 1338 1924 2275 1378 1339 
8 1924 2275 1378 1339 1925 2276 1379 1340 
8 1925 2276 1379 1340 1926 2277 1380 1341 
8 1926 2277 1380 1341 1927 2278 1381 1342 
8 1927 2278 1381 1342 1928 2279 1382 1343 
8 1928 2279 1382 1343 1929 2280 1383 1344 
8 1929 2280 1383 1344 1930 2281 1384 1345 
8 1930 2281 1384 1345 1931 2282 1385 1346 
8 1931 2282 1385 1346 1932 2283 1386 1347 
8 1932 2283 1386 1347 1933 2284 1387 1348 
8 1933 2284 1387 1348 1934 2285 1388 1349 
8 1934 2285 1388 1349 1935 2286 1389 1350 
8 1935 2286 1389 1350 1936 2287 1390 1351 
8 1936 2287 1390 1351 1937 2288 1391 1352 
8 1937 2288 1391 1352 1938 2289 1392 1353 
8 1938 2289 1392 1353 1939 2290 1393 1354 
8 1939 2290 1393 1354 1940 2291 1394 1355 
8 1940 2291 1394 1355 1941 2292 1395 1356 
8 1941 2292 1395 1356 1942 2293 1396 1357 
8 1942 2293 1396 1357 1943 2294 1397 1358 
8 1943 2294 1397 1358 1944 2295 1398 1359 
8 1944 2295 1398 1359 1945 2296 1399 1360 
8 1945 2296 1399 1360 1946 2297 1400 1361 
8 1946 2297 1400 1361 1947 2298 1401 1362 
8 1947 2298 1401 1362 1948 2299 1402 1363 
8 1948 2299 1402 1363 1949 2300 1403 1364 
8 1949 2300 1403 1364 1950 2301 1404 1365 
8 1950 2301 1404 1365 1951 2302 1405 1366 
8 1951 2302 1405 1366 1952 2303 1406 1367 
8 1952 2303 1406 1367 1001 1010 222 221 
8 201 202 948 939 1095 1134 2304 1953 
8 1095 1134 2304 1953 1096 1135 2305 1954 
8 1096 1135 2305 1954 1097 1136 2306 1955 
8 1097 1136 2306 1955 1098 1137 2307 1956 
8 1098 1137 2307 1956 1099 1138 2308 1957 
8 1099 1138 2308 1957 1100 1139 2309 1958 
8 1100 1139 2309 1958 1101 1140 2310 1959 
8 1101 1140 2310 1959 1102 1141 2311 1960 
8 1102 1141 2311 1960 1103 1142 2312 1961 
8 1103 1142 2312 1961 1104 1143 2313 1962 
8 1104 1143 2313 1962 1105 1144 2314 1963 
8 1105 1144 2314 1963 1106 1145 2315 1964 
8 1106 1145 2315 1964 1107 1146 2316 1965 
8 1107 1146 2316 1965 1108 1147 2317 1966 
8 1108 1147 2317 1966 1109 1148 2318 1967 
8 1109 1148 2318 1967 1110 1149 2319 1968 
8 1110 1149 2319 1968 1111 1150 2320 1969 
8 1111 1150 2320 1969 1112 1151 2321 1970 
8 1112 1151 2321 1970 1113 1152 2322 1971 
8 1113 1152 2322 1971 1114 1153 2323 1972 
8 1114 1153 2323 1972 1115 1154 2324 1973 
8 1115 1154 2324 1973 1116 1155 2325 1974 
8 1116 1155 2325 1974 1117 1156 2326 1975 
8 1117 1156 2326 1975 1118 1157 2327 1976 
8 1118 1157 2327 1976 1119 1158 2328 1977 
8 1119 1158 2328 1977 1120 1159 2329 1978 
8 1120 1159 2329 1978 1121 1160 2330 1979 
8 1121 1160 2330 1979 1122 1161 2331 1980 
8 1122 1161 2331 1980 1123 1162 2332 1981 
8 1123 1162 2332 1981 1124 1163 2333 1982 
8 1124 1163 2333 1982 1125 1164 2334 1983 
8 1125 1164 2334 1983 1126 1165 2335 1984 
8 1126 1165 2335 1984 1127 1166 2336 1985 
8 1127 1166 2336 1985 1128 1167 2337 1986 
8 1128 1167 2337 1986 1129 1168 2338 1987 
8 1129 1168 2338 1987 1130 1169 2339 1988 
8 1130 1169 2339 1988 1131 1170 2340 1989 
8 1131 1170 2340 1989 1132 1171 2341 1990 
8 1132 1171 2341 1990 1133 1172 2342 1991 
8 1133 1172 2342 1991 215 216 1011 1002 
8 939 948 949 940 1953 2304 2343 1992 
8 1953 2304 2343 1992 1954 2305 2344 1993 
8 1954 2305 2344 1993 1955 2306 2345 1994 
8 1955 2306 2345 1994 1956 2307 2346 1995 
8 1956 2307 2346 1995 1957 2308 2347 1996 
8 1957 2308 2347 1996 1958 2309 2348 1997 
8 1958 2309 2348 1997 1959 2310 2349 1998 
8 1959 2310 2349 1998 1960 2311 2350 1999 
8 1960 2311 2350 1999 1961 2312 2351 2000 
8 1961 2312 2351 2000 1962 2313 2352 2001 
8 1962 2313 2352 2001 1963 2314 2353 2002 
8 1963 2314 2353 2002 1964 2315 2354 2003 
8 1964 2315 2354 2003 1965 2316 2355 2004 
8 1965 2316 2355 2004 1966 2317 2356 2005 
8 1966 2317 2356 2005 1967 2318 2357 2006 
8 1967 2318 2357 2006 1968 2319 2358 2007 
8 1968 2319 2358 2007 1969 2320 2359 2008 
8 1969 2320 2359 2008 1970 2321 2360 2009 
8 1970 2321 2360 2009 1971 2322 2361 2010 
8 1971 2322 2361 2010 1972 2323 2362 2011 
8 1972 2323 2362 2011 1973 2324 2363 2012 
8 1973 2324 2363 2012 1974 2325 2364 2013 
8 1974 2325 2364 2013 1975 2326 2365 2014 
8 1975 2326 2365 2014 1976 2327 2366 2015 
8 1976 2327 2366 2015 1977 2328 2367 2016 
8 1977 2328 2367 2016 1978 2329 2368 2017 
8 1978 2329 2368 2017 1979 2330 2369 2018 
8 1979 2330 2369 2018 1980 2331 2370 2019 
8 1980 2331 2370 2019 1981 2332 2371 2020 
8 1981 2332 2371 2020 1982 2333 2372 2021 
8 1982 2333 2372 2021 1983 2334 2373 2022 
8 1983 2334 2373 2022 1984 2335 2374 2023 
8 1984 2335 2374 2023 1985 2336 2375 2024 
8 1985 2336 2375 2024 1986 2337 2376 2025 
8 1986 2337 2376 2025 1987 2338 2377 2026 
8 1987 2338 2377 2026 1988 2339 2378 2027 
8 1988 2339 2378 2027 1989 2340 2379 2028 
8 1989 2340 2379 2028 1990 2341 2380 2029 
8 1990 2341 2380 2029 1991 2342 2381 2030 
8 1991 2342 2381 2030 1002 1011 1012 1003 
8 940 949 950 941 1992 2343 2382 2031 
8 1992 2343 2382 2031 1993 2344 2383 2032 
8 1993 2344 2383 2032 1994 2345 2384 2033 
8 1994 2345 2384 2033 1995 2346 2385 2034 
8 1995 2346 2385 2034 1996 2347 2386 2035 
8 1996 2347 2386 2035 1997 2348 2387 2036 
8 1997 2348 2387 2036 1998 2349 2388 2037 
8 1998 2349 2388 2037 1999 2350 2389 2038 
8 1999 2350 2389 2038 2000 2351 2390 2039 
8 2000 2351 2390 2039 2001 2352 2391 2040 
8 2001 2352 2391 2040 2002 2353 2392 2041 
8 2002 2353 2392 2041 2003 2354 2393 2042 
8 2003 2354 2393 2042 2004 2355 2394 2043 
8 2004 2355 2394 2043 2005 2356 2395 2044 
8 2005 2356 2395 2044 2006 2357 2396 2045 
8 2006 2357 2396 2045 2007 2358 2397 2046 
8 2007 2358 2397 2046 2008 2359 2398 2047 
8 2008 2359 2398 2047 2009 2360 2399 2048 
8 2009 2360 2399 2048 2010 2361 2400 2049 
8 2010 2361 2400 2049 2011 2362 2401 2050 
8 2011 2362 2401 2050 2012 2363 2402 2051 
8 2012 2363 2402 2051 2013 2364 2403 2052 
8 2013 2364 2403 2052 2014 2365 2404 2053 
8 2014 2365 2404 2053 2015 2366 2405 2054 
8 2015 2366 2405 2054 2016 2367 2406 2055 
8 2016 2367 2406 2055 2017 2368 2407 2056 
8 2017 2368 2407 2056 2018 2369 2408 2057 
8 2018 2369 2408 2057 2019 2370 2409 2058 
8 2019 2370 2409 2058 2020 2371 2410 2059 
8 2020 2371 2410 2059 2021 2372 2411 2060 
8 2021 2372 2411 2060 2022 2373 2412 2061 
8 2022 2373 2412 2061 2023 2374 2413 2062 
8 2023 2374 2413 2062 2024 2375 2414 2063 
8 2024 2375 2414 2063 2025 2376 2415 2064 
8 2025 2376 2415 2064 2026 2377 2416 2065 
8 2026 2377 2416 2065 2027 2378 2417 2066 
8 2027 2378 2417 2066 2028 2379 2418 2067 
8 2028 2379 2418 2067 2029 2380 2419 2068 
8 2029 2380 2419 2068 2030 2381 2420 2069 
8 2030 2381 2420 2069 1003 1012 1013 1004 
8 941 950 951 942 2031 2382 2421 2070 
8 2031 2382 2421 2070 2032 2383 2422 2071 
8 2032 2383 2422 2071 2033 2384 2423 2072 
8 2033 2384 2423 2072 2034 2385 2424 2073 
8 2034 2385 2424 2073 2035 2386 2425 2074 
8 2035 2386 2425 2074 2036 2387 2426 2075 
8 2036 2387 2426 2075 2037 2388 2427 2076 
8 2037 2388 2427 2076 2038 2389 2428 2077 
8 2038 2389 2428 2077 2039 2390 2429 2078 
8 2039 2390 2429 2078 2040 2391 2430 2079 
8 2040 2391 2430 2079 2041 2392 2431 2080 
8 2041 2392 2431 2080 2042 2393 2432 2081 
8 2042 2393 2432 2081 2043 2394 2433 2082 
8 2043 2394 2433 2082 2044 2395 2434 2083 
8 2044 2395 2434 2083 2045 2396 2435 2084 
8 2045 2396 2435 2084 2046 2397 2436 2085 
8 2046 2397 2436 2085 2047 2398 2437 2086 
8 2047 2398 2437 2086 2048 2399 2438 2087 
8 2048 2399 2438 2087 2049 2400 2439 2088 
8 2049 2400 2439 2088 2050 2401 2440 2089 
8 2050 2401 2440 2089 2051 2402 2441 2090 
8 2051 2402 2441 2090 2052 2403 2442 2091 
8 2052 2403 2442 2091 2053 2404 2443 2092 
8 2053 2404 2443 2092 2054 2405 2444 2093 
8 2054 2405 2444 2093 2055 2406 2445 2094 
8 2055 2406 2445 2094 2056 2407 2446 2095 
8 2056 2407 2446 2095 2057 2408 2447 2096 
8 2057 2408 2447 2096 2058 2409 2448 2097 
8 2058 2409 2448 2097 2059 2410 2449 2098 
8 2059 2410 2449 2098 2060 2411 2450 2099 
8 2060 2411 2450 2099 2061 2412 2451 2100 
8 2061 2412 2451 2100 2062 2413 2452 2101 
8 2062 2413 2452 2101 2063 2414 2453 2102 
8 2063 2414 2453 2102 2064 2415 2454 2103 
8 2064 2415 2454 2103 2065 2416 2455 2104 
8 2065 2416 2455 2104 2066 2417 2456 2105 
8 2066 2417 2456 2105 2067 2418 2457 2106 
8 2067 2418 2457 2106 2068 2419 2458 2107 
8 2068 2419 2458 2107 2069 2420 2459 2108 
8 2069 2420 2459 2108 1004 1013 1014 1005 
8 942 951 952 943 2070 2421 2460 2109 
8 2070 2421 2460 2109 2071 2422 2461 2110 
8 2071 2422 2461 2110 2072 2423 2462 2111 
8 2072 2423 2462 2111 2073 2424 2463 2112 
8 2073 2424 2463 2112 2074 2425 2464 2113 
8 2074 2425 2464 2113 2075 2426 2465 2114 
8 2075 2426 2465 2114 2076 2427 2466 2115 
8 2076 2427 2466 2115 2077 2428 2467 2116 
8 2077 2428 2467 2116 2078 2429 2468 2117 
8 2078 2429 2468 2117 2079 2430 2469 2118 
8 2079 2430 2469 2118 2080 2431 2470 2119 
8 2080 2431 2470 2119 2081 2432 2471 2120 
8 2081 2432 2471 2120 2082 2433 2472 2121 
8 2082 2433 2472 2121 2083 2434 2473 2122 
8 2083 2434 2473 2122 2084 2435 2474 2123 
8 2084 2435 2474 2123 2085 2436 2475 2124 
8 2085 2436 2475 2124 2086 2437 2476 2125 
8 2086 2437 2476 2125 2087 2438 2477 2126 
8 2087 2438 2477 2126 2088 2439 2478 2127 
8 2088 2439 2478 2127 2089 2440 2479 2128 
8 2089 2440 2479 2128 2090 2441 2480 2129 
8 2090 2441 2480 2129 2091 2442 2481 2130 
8 2091 2442 2481 2130 2092 2443 2482 2131 
8 2092 2443 2482 2131 2093 2444 2483 2132 
8 2093 2444 2483 2132 2094 2445 2484 2133 
8 2094 2445 2484 2133 2095 2446 2485 2134 
8 2095 2446 2485 2134 2096 2447 2486 2135 
8 2096 2447 2486 2135 2097 2448 2487 2136 
8 2097 2448 2487 2136 2098 2449 2488 2137 
8 2098 2449 2488 2137 2099 2450 2489 2138 
8 2099 2450 2489 2138 2100 2451 2490 2139 
8 2100 2451 2490 2139 2101 2452 2491 2140 
8 2101 2452 2491 2140 2102 2453 2492 2141 
8 2102 2453 2492 2141 2103 2454 2493 2142 
8 2103 2454 2493 2142 2104 2455 2494 2143 
8 2104 2455 2494 2143 2105 2456 2495 2144 
8 2105 2456 2495 2144 2106 2457 2496 2145 
8 2106 2457 2496 2145 2107 2458 2497 2146 
8 2107 2458 2497 2146 2108 2459 2498 2147 
8 2108 2459 2498 2147 1005 1014 1015 1006 
8 943 952 953 944 2109 2460 2499 2148 
8 2109 2460 2499 2148 2110 2461 2500 2149 
8 2110 2461 2500 2149 2111 2462 2501 2150 
8 2111 2462 2501 2150 2112 2463 2502 2151 
8 2112 2463 2502 2151 2113 2464 2503 2152 
8 2113 2464 2503 2152 2114 2465 2504 2153 
8 2114 2465 2504 2153 2115 2466 2505 2154 
8 2115 2466 2505 2154 2116 2467 2506 2155 
8 2116 2467 2506 2155 2117 2468 2507 2156 
8 2117 2468 2507 2156 2118 2469 2508 2157 
8 2118 2469 2508 2157 2119 2470 2509 2158 
8 2119 2470 2509 2158 2120 2471 2510 2159 
8 2120 2471 2510 2159 2121 2472 2511 2160 
8 2121 2472 2511 2160 2122 2473 2512 2161 
8 2122 2473 2512 2161 2123 2474 2513 2162 
8 2123 2474 2513 2162 2124 2475 2514 2163 
8 2124 2475 2514 2163 2125 2476 2515 2164 
8 2125 2476 2515 2164 2126 2477 2516 2165 
8 2126 2477 2516 2165 2127 2478 2517 2166 
8 2127 2478 2517 2166 2128 2479 2518 2167 
8 2128 2479 2518 2167 2129 2480 2519 2168 
8 2129 2480 2519 2168 2130 2481 2520 2169 
8 2130 2481 2520 2169 2131 2482 2521 2170 
8 2131 2482 2521 2170 2132 2483 2522 2171 
8 2132 2483 2522 2171 2133 2484 2523 2172 
8 2133 2484 2523 2172 2134 2485 2524 2173 
8 2134 2485 2524 2173 2135 2486 2525 2174 
8 2135 2486 2525 2174 2136 2487 2526 2175 
8 2136 2487 2526 2175 2137 2488 2527 2176 
8 2137 2488 2527 2176 2138 2489 2528 2177 
8 2138 2489 2528 2177 2139 2490 2529 2178 
8 2139 2490 2529 2178 2140 2491 2530 2179 
8 2140 2491 2530 2179 2141 2492 2531 2180 
8 2141 2492 2531 2180 2142 2493 2532 2181 
8 2142 2493 2532 2181 2143 2494 2533 2182 
8 2143 2494 2533 2182 2144 2495 2534 2183 
8 2144 2495 2534 2183 2145 2496 2535 2184 
8 2145 2496 2535 2184 2146 2497 2536 2185 
8 2146 2497 2536 2185 2147 2498 2537 2186 
8 2147 2498 2537 2186 1006 1015 1016 1007 
8 944 953 954 945 2148 2499 2538 2187 
8 2148 2499 2538 2187 2149 2500 2539 2188 
8 2149 2500 2539 2188 2150 2501 2540 2189 
8 2150 2501 2540 2189 2151 2502 2541 2190 
8 2151 2502 2541 2190 2152 2503 2542 2191 
8 2152 2503 2542 2191 2153 2504 2543 2192 
8 2153 2504 2543 2192 2154 2505 2544 2193 
8 2154 2505 2544 2193 2155 2506 2545 2194 
8 2155 2506 2545 2194 2156 2507 2546 2195 
8 2156 2507 2546 2195 2157 2508 2547 2196 
8 2157 2508 2547 2196 2158 2509 2548 2197 
8 2158 2509 2548 2197 2159 2510 2549 2198 
8 2159 2510 2549 2198 2160 2511 2550 2199 
8 2160 2511 2550 2199 2161 2512 2551 2200 
8 2161 2512 2551 2200 2162 2513 2552 2201 
8 2162 2513 2552 2201 2163 2514 2553 2202 
8 2163 2514 2553 2202 2164 2515 2554 2203 
8 2164 2515 2554 2203 2165 2516 2555 2204 
8 2165 2516 2555 2204 2166 2517 2556 2205 
8 2166 2517 2556 2205 2167 2518 2557 2206 
8 2167 2518 2557 2206 2168 2519 2558 2207 
8 2168 2519 2558 2207 2169 2520 2559 2208 
8 2169 2520 2559 2208 2170 2521 2560 2209 
8 2170 2521 2560 2209 2171 2522 2561 2210 
8 2171 2522 2561 2210 2172 2523 2562 2211 
8 2172 2523 2562 2211 2173 2524 2563 2212 
8 2173 2524 2563 2212 2174 2525 2564 2213 
8 2174 2525 2564 2213 2175 2526 2565 2214 
8 2175 2526 2565 2214 2176 2527 2566 2215 
8 2176 2527 2566 2215 2177 2528 2567 2216 
8 2177 2528 2567 2216 2178 2529 2568 2217 
8 2178 2529 2568 2217 2179 2530 2569 2218 
8 2179 2530 2569 2218 2180 2531 2570 2219 
8 2180 2531 2570 2219 2181 2532 2571 2220 
8 2181 2532 2571 2220 2182 2533 2572 2221 
8 2182 2533 2572 2221 2183 2534 2573 2222 
8 2183 2534 2573 2222 2184 2535 2574 2223 
8 2184 2535 2574 2223 2185 2536 2575 2224 
8 2185 2536 2575 2224 2186 2537 2576 2225 
8 2186 2537 2576 2225 1007 1016 1017 1008 
8 945 954 955 946 2187 2538 2577 2226 
8 2187 2538 2577 2226 2188 2539 2578 2227 
8 2188 2539 2578 2227 2189 2540 2579 2228 
8 2189 2540 2579 2228 2190 2541 2580 2229 
8 2190 2541 2580 2229 2191 2542 2581 2230 
8 2191 2542 2581 2230 2192 2543 2582 2231 
8 2192 2543 2582 2231 2193 2544 2583 2232 
8 2193 2544 2583 2232 2194 2545 2584 2233 
8 2194 2545 2584 2233 2195 2546 2585 2234 
8 2195 2546 2585 2234 2196 2547 2586 2235 
8 2196 2547 2586 2235 2197 2548 2587 2236 
8 2197 2548 2587 2236 2198 2549 2588 2237 
8 2198 2549 2588 2237 2199 2550 2589 2238 
8 2199 2550 2589 2238 2200 2551 2590 2239 
8 2200 2551 2590 2239 2201 2552 2591 2240 
8 2201 2552 2591 2240 2202 2553 2592 2241 
8 2202 2553 2592 2241 2203 2554 2593 2242 
8 2203 2554 2593 2242 2204 2555 2594 2243 
8 2204 2555 2594 2243 2205 2556 2595 2244 
8 2205 2556 2595 2244 2206 2557 2596 2245 
8 2206 2557 2596 2245 2207 2558 2597 2246 
8 2207 2558 2597 2246 2208 2559 2598 2247 
8 2208 2559 2598 2247 2209 2560 2599 2248 
8 2209 2560 2599 2248 2210 2561 2600 2249 
8 2210 2561 2600 2249 2211 2562 2601 2250 
8 2211 2562 2601 2250 2212 2563 2602 2251 
8 2212 2563 2602 2251 2213 2564 2603 2252 
8 2213 2564 2603 2252 2214 2565 2604 2253 
8 2214 2565 2604 2253 2215 2566 2605 2254 
8 2215 2566 2605 2254 2216 2567 2606 2255 
8 2216 2567 2606 2255 2217 2568 2607 2256 
8 2217 2568 2607 2256 2218 2569 2608 2257 
8 2218 2569 2608 2257 2219 2570 2609 2258 
8 2219 2570 2609 2258 2220 2571 2610 2259 
8 2220 2571 2610 2259 2221 2572 2611 2260 
8 2221 2572 2611 2260 2222 2573 2612 2261 
8 2222 2573 2612 2261 2223 2574 2613 2262 
8 2223 2574 2613 2262 2224 2575 2614 2263 
8 2224 2575 2614 2263 2225 2576 2615 2264 
8 2225 2576 2615 2264 1008 1017 1018 1009 
8 946 955 956 947 2226 2577 2616 2265 
8 2226 2577 2616 2265 2227 2578 2617 2266 
8 2227 2578 2617 2266 2228 2579 2618 2267 
8 2228 2579 2618 2267 2229 2580 2619 2268 
8 2229 2580 2619 2268 2230 2581 2620 2269 
8 2230 2581 2620 2269 2231 2582 2621 2270 
8 2231 2582 2621 2270 2232 2583 2622 2271 
8 2232 2583 2622 2271 2233 2584 2623 2272 
8 2233 2584 2623 2272 2234 2585 2624 2273 
8 2234 2585 2624 2273 2235 2586 2625 2274 
8 2235 2586 2625 2274 2236 2587 2626 2275 
8 2236 2587 2626 2275 2237 2588 2627 2276 
8 2237 2588 2627 2276 2238 2589 2628 2277 
8 2238 2589 2628 2277 2239 2590 2629 2278 
8 2239 2590 2629 2278 2240 2591 2630 2279 
8 2240 2591 2630 2279 2241 2592 2631 2280 
8 2241 2592 2631 2280 2242 2593 2632 2281 
8 2242 2593 2632 2281 2243 2594 2633 2282 
8 2243 2594 2633 2282 2244 2595 2634 2283 
8 2244 2595 2634 2283 2245 2596 2635 2284 
8 2245 2596 2635 2284 2246 2597 2636 2285 
8 2246 2597 2636 2285 2247 2598 2637 2286 
8 2247 2598 2637 2286 2248 2599 2638 2287 
8 2248 2599 2638 2287 2249 2600 2639 2288 
8 2249 2600 2639 2288 2250 2601 2640 2289 
8 2250 2601 2640 2289 2251 2602 2641 2290 
8 2251 2602 2641 2290 2252 2603 2642 2291 
8 2252 2603 2642 2291 2253 2604 2643 2292 
8 2253 2604 2643 2292 2254 2605 2644 2293 
8 2254 2605 2644 2293 2255 2606 2645 2294 
8 2255 2606 2645 2294 2256 2607 2646 2295 
8 2256 2607 2646 2295 2257 2608 2647 2296 
8 2257 2608 2647 2296 2258 2609 2648 2297 
8 2258 2609 2648 2297 2259 2610 2649 2298 
8 2259 2610 2649 2298 2260 2611 2650 2299 
8 2260 2611 2650 2299 2261 2612 2651 2300 
8 2261 2612 2651 2300 2262 2613 2652 2301 
8 2262 2613 2652 2301 2263 2614 2653 2302 
8 2263 2614 2653 2302 2264 2615 2654 2303 
8 2264 2615 2654 2303 1009 1018 1019 1010 
8 947 956 209 208 2265 2616 1407 1368 
8 2265 2616 1407 1368 2266 2617 1408 1369 
8 2266 2617 1408 1369 2267 2618 1409 1370 
8 2267 2618 1409 1370 2268 2619 1410 1371 
8 2268 2619 1410 1371 2269 2620 1411 1372 
8 2269 2620 1411 1372 2270 2621 1412 1373 
8 2270 2621 1412 1373 2271 2622 1413 1374 
8 2271 2622 1413 1374 2272 2623 1414 1375 
8 2272 2623 1414 1375 2273 2624 1415 1376 
8 2273 2624 1415 1376 2274 2625 1416 1377 
8 2274 2625 1416 1377 2275 2626 1417 1378 
8 2275 2626 1417 1378 2276 2627 1418 1379 
8 2276 2627 1418 1379 2277 2628 1419 1380 
8 2277 2628 1419 1380 2278 2629 1420 1381 
8 2278 2629 1420 1381 2279 2630 1421 1382 
8 2279 2630 1421 1382 2280 2631 1422 1383 
8 2280 2631 1422 1383 2281 2632 1423 1384 
8 2281 2632 1423 1384 2282 2633 1424 1385 
8 2282 2633 1424 1385 2283 2634 1425 1386 
8 2283 2634 1425 1386 2284 2635 1426 1387 
8 2284 2635 1426 1387 2285 2636 1427 1388 
8 2285 2636 1427 1388 2286 2637 1428 1389 
8 2286 2637 1428 1389 2287 2638 1429 1390 
8 2287 2638 1429 1390 2288 2639 1430 1391 
8 2288 2639 1430 1391 2289 2640 1431 1392 
8 2289 2640 1431 1392 2290 2641 1432 1393 
8 2290 2641 1432 1393 2291 2642 1433 1394 
8 2291 2642 1433 1394 2292 2643 1434 1395 
8 2292 2643 1434 1395 2293 2644 1435 1396 
8 2293 2644 1435 1396 2294 2645 1436 1397 
8 2294 2645 1436 1397 2295 2646 1437 1398 
8 2295 2646 1437 1398 2296 2647 1438 1399 
8 2296 2647 1438 1399 2297 2648 1439 1400 
8 2297 2648 1439 1400 2298 2649 1440 1401 
8 2298 2649 1440 1401 2299 2650 1441 1402 
8 2299 2650 1441 1402 2300 2651 1442 1403 
8 2300 2651 1442 1403 2301 2652 1443 1404 
8 2301 2652 1443 1404 2302 2653 1444 1405 
8 2302 2653 1444 1405 2303 2654 1445 1406 
8 2303 2654 1445 1406 1010 1019 223 222 
8 202 203 957 948 1134 1173 2655 2304 
8 1134 1173 2655 2304 1135 1174 2656 2305 
8 1135 1174 2656 2305 1136 1175 2657 2306 
8 1136 1175 2657 2306 1137 1176 2658 2307 
8 1137 1176 2658 2307 1138 1177 2659 2308 
8 1138 1177 2659 2308 1139 1178 2660 2309 
8 1139 1178 2660 2309 1140 1179 2661 2310 
8 1140 1179 2661 2310 1141 1180 2662 2311 
8 1141 1180 2662 2311 1142 1181 2663 2312 
8 1142 1181 2663 2312 1143 1182 2664 2313 
8 1143 1182 2664 2313 1144 1183 2665 2314 
8 1144 1183 2665 2314 1145 1184 2666 2315 
8 1145 1184 2666 2315 1146 1185 2667 2316 
8 1146 1185 2667 2316 1147 1186 2668 2317 
8 1147 1186 2668 2317 1148 1187 2669 2318 
8 1148 1187 2669 2318 1149 1188 2670 2319 
8 1149 1188 2670 2319 1150 1189 2671 2320 
8 1150 1189 2671 2320 1151 1190 2672 2321 
8 1151 1190 2672 2321 1152 1191 2673 2322 
8 1152 1191 2673 2322 1153 1192 2674 2323 
8 1153 1192 2674 2323 1154 1193 2675 2324 
8 1154 1193 2675 2324 1155 1194 2676 2325 
8 1155 1194 2676 2325 1156 1195 2677 2326 
8 1156 1195 2677 2326 1157 1196 2678 2327 
8 1157 1196 2678 2327 1158 1197 2679 2328 
8 1158 1197 2679 2328 1159 1198 2680 2329 
8 1159 1198 2680 2329 1160 1199 2681 2330 
8 1160 1199 2681 2330 1161 1200 2682 2331 
8 1161 1200 2682 2331 1162 1201 2683 2332 
8 1162 1201 2683 2332 1163 1202 2684 2333 
8 1163 1202 2684 2333 1164 1203 2685 2334 
8 1164 1203 2685 2334 1165 1204 2686 2335 
8 1165 1204 2686 2335 1166 1205 2687 2336 
8 1166 1205 2687 2336 1167 1206 2688 2337 
8 1167 1206 2688 2337 1168 1207 2689 2338 
8 1168 1207 2689 2338 1169 1208 2690 2339 
8 1169 1208 2690 2339 1170 1209 2691 2340 
8 1170 1209 2691 2340 1171 1210 2692 2341 
8 1171 1210 2692 2341 1172 1211 2693 2342 
8 1172 1211 2693 2342 216 217 1020 1011 
8 948 957 958 949 2304 2655 2694 2343 
8 2304 2655 2694 2343 2305 2656 2695 2344 
8 2305 2656 2695 2344 2306 2657 2696 2345 
8 2306 2657 2696 2345 2307 2658 2697 2346 
8 2307 2658 2697 2346 2308 2659 2698 2347 
8 2308 2659 2698 2347 2309 2660 2699 2348 
8 2309 2660 2699 2348 2310 2661 2700 2349 
8 2310 2661 2700 2349 2311 2662 2701 2350 
8 2311 2662 2701 2350 2312 2663 2702 2351 
8 2312 2663 2702 2351 2313 2664 2703 2352 
8 2313 2664 2703 2352 2314 2665 2704 2353 
8 2314 2665 2704 2353 2315 2666 2705 2354 
8 2315 2666 2705 2354 2316 2667 2706 2355 
8 2316 2667 2706 2355 2317 2668 2707 2356 
8 2317 2668 2707 2356 2318 2669 2708 2357 
8 2318 2669 2708 2357 2319 2670 2709 2358 
8 2319 2670 2709 2358 2320 2671 2710 2359 
8 2320 2671 2710 2359 2321 2672 2711 2360 
8 2321 2672 2711 2360 2322 2673 2712 2361 
8 2322 2673 2712 2361 2323 2674 2713 2362 
8 2323 2674 2713 2362 2324 2675 2714 2363 
8 2324 2675 2714 2363 2325 2676 2715 2364 
8 2325 2676 2715 2364 2326 2677 2716 2365 
8 2326 2677 2716 2365 2327 2678 2717 2366 
8 2327 2678 2717 2366 2328 2679 2718 2367 
8 2328 2679 2718 2367 2329 2680 2719 2368 
8 2329 2680 2719 2368 2330 2681 2720 2369 
8 2330 2681 2720 2369 2331 2682 2721 2370 
8 2331 2682 2721 2370 2332 2683 2722 2371 
8 2332 2683 2722 2371 2333 2684 2723 2372 
8 2333 2684 2723 2372 2334 2685 2724 2373 
8 2334 2685 2724 2373 2335 2686 2725 2374 
8 2335 2686 2725 2374 2336 2687 2726 2375 
8 2336 2687 2726 2375 2337 2688 2727 2376 
8 2337 2688 2727 2376 2338 2689 2728 2377 
8 2338 2689 2728 2377 2339 2690 2729 2378 
8 2339 2690 2729 2378 2340 2691 2730 2379 
8 2340 2691 2730 2379 2341 2692 2731 2380 
8 2341 2692 2731 2380 2342 2693 2732 2381 
8 2342 2693 2732 2381 1011 1020 1021 1012 
8 949 958 959 950 2343 2694 2733 2382 
8 2343 2694 2733 2382 2344 2695 2734 2383 
8 2344 2695 2734 2383 2345 2696 2735 2384 
8 2345 2696 2735 2384 2346 2697 2736 2385 
8 2346 2697 2736 2385 2347 2698 2737 2386 
8 2347 2698 2737 2386 2348 2699 2738 2387 
8 2348 2699 2738 2387 2349 2700 2739 2388 
8 2349 2700 2739 2388 2350 2701 2740 2389 
8 2350 2701 2740 2389 2351 2702 2741 2390 
8 2351 2702 2741 2390 2352 2703 2742 2391 
8 2352 2703 2742 2391 2353 2704 2743 2392 
8 2353 2704 2743 2392 2354 2705 2744 2393 
8 2354 2705 2744 2393 2355 2706 2745 2394 
8 2355 2706 2745 2394 2356 2707 2746 2395 
8 2356 2707 2746 2395 2357 2708 2747 2396 
8 2357 2708 2747 2396 2358 2709 2748 2397 
8 2358 2709 2748 2397 2359 2710 2749 2398 
8 2359 2710 2749 2398 2360 2711 2750 2399 
8 2360 2711 2750 2399 2361 2712 2751 2400 
8 2361 2712 2751 2400 2362 2713 2752 2401 
8 2362 2713 2752 2401 2363 2714 2753 2402 
8 2363 2714 2753 2402 2364 2715 2754 2403 
8 2364 2715 2754 2403 2365 2716 2755 2404 
8 2365 2716 2755 2404 2366 2717 2756 2405 
8 2366 2717 2756 2405 2367 2718 2757 2406 
8 2367 2718 2757 2406 2368 2719 2758 2407 
8 2368 2719 2758 2407 2369 2720 2759 2408 
8 2369 2720 2759 2408 2370 2721 2760 2409 
8 2370 2721 2760 2409 2371 2722 2761 2410 
8 2371 2722 2761 2410 2372 2723 2762 2411 
8 2372 2723 2762 2411 2373 2724 2763 2412 
8 2373 2724 2763 2412 2374 2725 2764 2413 
8 2374 2725 2764 2413 2375 2726 2765 2414 
8 2375 2726 2765 2414 2376 2727 2766 2415 
8 2376 2727 2766 2415 2377 2728 2767 2416 
8 2377 2728 2767 2416 2378 2729 2768 2417 
8 2378 2729 2768 2417 2379 2730 2769 2418 
8 2379 2730 2769 2418 2380 2731 2770 2419 
8 2380 2731 2770 2419 2381 2732 2771 2420 
8 2381 2732 2771 2420 1012 1021 1022 1013 
8 950 959 960 951 2382 2733 2772 2421 
8 2382 2733 2772 2421 2383 2734 2773 2422 
8 2383 2734 2773 2422 2384 2735 2774 2423 
8 2384 2735 2774 2423 2385 2736 2775 2424 
8 2385 2736 2775 2424 2386 2737 2776 2425 
8 2386 2737 2776 2425 2387 2738 2777 2426 
8 2387 2738 2777 2426 2388 2739 2778 2427 
8 2388 2739 2778 2427 2389 2740 2779 2428 
8 2389 2740 2779 2428 2390 2741 2780 2429 
8 2390 2741 2780 2429 2391 2742 2781 2430 
8 2391 2742 2781 2430 2392 2743 2782 2431 
8 2392 2743 2782 2431 2393 2744 2783 2432 
8 2393 2744 2783 2432 2394 2745 2784 2433 
8 2394 2745 2784 2433 2395 2746 2785 2434 
8 2395 2746 2785 2434 2396 2747 2786 2435 
8 2396 2747 2786 2435 2397 2748 2787 2436 
8 2397 2748 2787 2436 2398 2749 2788 2437 
8 2398 2749 2788 2437 2399 2750 2789 2438 
8 2399 2750 2789 2438 2400 2751 2790 2439 
8 2400 2751 2790 2439 2401 2752 2791 2440 
8 2401 2752 2791 2440 2402 2753 2792 2441 
8 2402 2753 2792 2441 2403 2754 2793 2442 
8 2403 2754 2793 2442 2404 2755 2794 2443 
8 2404 2755 2794 2443 2405 2756 2795 2444 
8 2405 2756 2795 2444 2406 2757 2796 2445 
8 2406 2757 2796 2445 2407 2758 2797 2446 
8 2407 2758 2797 2446 2408 2759 2798 2447 
8 2408 2759 2798 2447 2409 2760 2799 2448 
8 2409 2760 2799 2448 2410 2761 2800 2449 
8 2410 2761 2800 2449 2411 2762 2801 2450 
8 2411 2762 2801 2450 2412 2763 2802 2451 
8 2412 2763 2802 2451 2413 2764 2803 2452 
8 2413 2764 2803 2452 2414 2765 2804 2453 
8 2414 2765 2804 2453 2415 2766 2805 2454 
8 2415 2766 2805 2454 2416 2767 2806 2455 
8 2416 2767 2806 2455 2417 2768 2807 2456 
8 2417 2768 2807 2456 2418 2769 2808 2457 
8 2418 2769 2808 2457 2419 2770 2809 2458 
8 2419 2770 2809 2458 2420 2771 2810 2459 
8 2420 2771 2810 2459 1013 1022 1023 1014 
8 951 960 961 952 2421 2772 2811 2460 
8 2421 2772 2811 2460 2422 2773 2812 2461 
8 2422 2773 2812 2461 2423 2774 2813 2462 
8 2423 2774 2813 2462 2424 2775 2814 2463 
8 2424 2775 2814 2463 2425 2776 2815 2464 
8 2425 2776 2815 2464 2426 2777 2816 2465 
8 2426 2777 2816 2465 2427 2778 2817 2466 
8 2427 2778 2817 2466 2428 2779 2818 2467 
8 2428 2779 2818 2467 2429 2780 2819 2468 
8 2429 2780 2819 2468 2430 2781 2820 2469 
8 2430 2781 2820 2469 2431 2782 2821 2470 
8 2431 2782 2821 2470 2432 2783 2822 2471 
8 2432 2783 2822 2471 2433 2784 2823 2472 
8 2433 2784 2823 2472 2434 2785 2824 2473 
8 2434 2785 2824 2473 2435 2786 2825 2474 
8 2435 2786 2825 2474 2436 2787 2826 2475 
8 2436 2787 2826 2475 2437 2788 2827 2476 
8 2437 2788 2827 2476 2438 2789 2828 2477 
8 2438 2789 2828 2477 2439 2790 2829 2478 
8 2439 2790 2829 2478 2440 2791 2830 2479 
8 2440 2791 2830 2479 2441 2792 2831 2480 
8 2441 2792 2831 2480 2442 2793 2832 2481 
8 2442 2793 2832 2481 2443 2794 2833 2482 
8 2443 2794 2833 2482 2444 2795 2834 2483 
8 2444 2795 2834 2483 2445 2796 2835 2484 
8 2445 2796 2835 2484 2446 2797 2836 2485 
8 2446 2797 2836 2485 2447 2798 2837 2486 
8 2447 2798 2837 2486 2448 2799 2838 2487 
8 2448 2799 2838 2487 2449 2800 2839 2488 
8 2449 2800 2839 2488 2450 2801 2840 2489 
8 2450 2801 2840 2489 2451 2802 2841 2490 
8 2451 2802 2841 2490 2452 2803 2842 2491 
8 2452 2803 2842 2491 2453 2804 2843 2492 
8 2453 2804 2843 2492 2454 2805 2844 2493 
8 2454 2805 2844 2493 2455 2806 2845 2494 
8 2455 2806 2845 2494 2456 2807 2846 2495 
8 2456 2807 2846 2495 2457 2808 2847 2496 
8 2457 2808 2847 2496 2458 2809 2848 2497 
8 2458 2809 2848 2497 2459 2810 2849 2498 
8 2459 2810 2849 2498 1014 1023 1024 1015 
8 952 961 962 953 2460 2811 2850 2499 
8 2460 2811 2850 2499 2461 2812 2851 2500 
8 2461 2812 2851 2500 2462 2813 2852 2501 
8 2462 2813 2852 2501 2463 2814 2853 2502 
8 2463 2814 2853 2502 2464 2815 2854 2503 
8 2464 2815 2854 2503 2465 2816 2855 2504 
8 2465 2816 2855 2504 2466 2817 2856 2505 
8 2466 2817 2856 2505 2467 2818 2857 2506 
8 2467 2818 2857 2506 2468 2819 2858 2507 
8 2468 2819 2858 2507 2469 2820 2859 2508 
8 2469 2820 2859 2508 2470 2821 2860 2509 
8 2470 2821 2860 2509 2471 2822 2861 2510 
8 2471 2822 2861 2510 2472 2823 2862 2511 
8 2472 2823 2862 2511 2473 2824 2863 2512 
8 2473 2824 2863 2512 2474 2825 2864 2513 
8 2474 2825 2864 2513 2475 2826 2865 2514 
8 2475 2826 2865 2514 2476 2827 2866 2515 
8 2476 2827 2866 2515 2477 2828 2867 2516 
8 2477 2828 2867 2516 2478 2829 2868 2517 
8 2478 2829 2868 2517 2479 2830 2869 2518 
8 2479 2830 2869 2518 2480 2831 2870 2519 
8 2480 2831 2870 2519 2481 2832 2871 2520 
8 2481 2832 2871 2520 2482 2833 2872 2521 
8 2482 2833 2872 2521 2483 2834 2873 2522 
8 2483 2834 2873 2522 2484 2835 2874 2523 
8 2484 2835 2874 2523 2485 2836 2875 2524 
8 2485 2836 2875 2524 2486 2837 2876 2525 
8 2486 2837 2876 2525 2487 2838 2877 2526 
8 2487 2838 2877 2526 2488 2839 2878 2527 
8 2488 2839 2878 2527 2489 2840 2879 2528 
8 2489 2840 2879 2528 2490 2841 2880 2529 
8 2490 2841 2880 2529 2491 2842 2881 2530 
8 2491 2842 2881 2530 2492 2843 2882 2531 
8 2492 2843 2882 2531 2493 2844 2883 2532 
8 2493 2844 2883 2532 2494 2845 2884 2533 
8 2494 2845 2884 2533 2495 2846 2885 2534 
8 2495 2846 2885 2534 2496 2847 2886 2535 
8 2496 2847 2886 2535 2497 2848 2887 2536 
8 2497 2848 2887 2536 2498 2849 2888 2537 
8 2498 2849 2888 2537 1015 1024 1025 1016 
8 953 962 963 954 2499 2850 2889 2538 
8 2499 2850 2889 2538 2500 2851 2890 2539 
8 2500 2851 2890 2539 2501 2852 2891 2540 
8 2501 2852 2891 2540 2502 2853 2892 2541 
8 2502 2853 2892 2541 2503 2854 2893 2542 
8 2503 2854 2893 2542 2504 2855 2894 2543 
8 2504 2855 2894 2543 2505 2856 2895 2544 
8 2505 2856 2895 2544 2506 2857 2896 2545 
8 2506 2857 2896 2545 2507 2858 2897 2546 
8 2507 2858 2897 2546 2508 2859 2898 2547 
8 2508 2859 2898 2547 2509 2860 2899 2548 
8 2509 2860 2899 2548 2510 2861 2900 2549 
8 2510 2861 2900 2549 2511 2862 2901 2550 
8 2511 2862 2901 2550 2512 2863 2902 2551 
8 2512 2863 2902 2551 2513 2864 2903 2552 
8 2513 2864 2903 2552 2514 2865 2904 2553 
8 2514 2865 2904 2553 2515 2866 2905 2554 
8 2515 2866 2905 2554 2516 2867 2906 2555 
8 2516 2867 2906 2555 2517 2868 2907 2556 
8 2517 2868 2907 2556 2518 2869 2908 2557 
8 2518 2869 2908 2557 2519 2870 2909 2558 
8 2519 2870 2909 2558 2520 2871 2910 2559 
8 2520 2871 2910 2559 2521 2872 2911 2560 
8 2521 2872 2911 2560 2522 2873 2912 2561 
8 2522 2873 2912 2561 2523 2874 2913 2562 
8 2523 2874 2913 2562 2524 2875 2914 2563 
8 2524 2875 2914 2563 2525 2876 2915 2564 
8 2525 2876 2915 2564 2526 2877 2916 2565 
8 2526 2877 2916 2565 2527 2878 2917 2566 
8 2527 2878 2917 2566 2528 2879 2918 2567 
8 2528 2879 2918 2567 2529 2880 2919 2568 
8 2529 2880 2919 2568 2530 2881 2920 2569 
8 2530 2881 2920 2569 2531 2882 2921 2570 
8 2531 2882 2921 2570 2532 2883 2922 2571 
8 2532 2883 2922 2571 2533 2884 2923 2572 
8 2533 2884 2923 2572 2534 2885 2924 2573 
8 2534 2885 2924 2573 2535 2886 2925 2574 
8 2535 2886 2925 2574 2536 2887 2926 2575 
8 2536 2887 2926 2575 2537 2888 2927 2576 
8 2537 2888 2927 2576 1016 1025 1026 1017 
8 954 963 964 955 2538 2889 2928 2577 
8 2538 2889 2928 2577 2539 2890 2929 2578 
8 2539 2890 2929 2578 2540 2891 2930 2579 
8 2540 2891 2930 2579 2541 2892 2931 2580 
8 2541 2892 2931 2580 2542 2893 2932 2581 
8 2542 2893 2932 2581 2543 2894 2933 2582 
8 2543 2894 2933 2582 2544 2895 2934 2583 
8 2544 2895 2934 2583 2545 2896 2935 2584 
8 2545 2896 2935 2584 2546 2897 2936 2585 
8 2546 2897 2936 2585 2547 2898 2937 2586 
8 2547 2898 2937 2586 2548 2899 2938 2587 
8 2548 2899 2938 2587 2549 2900 2939 2588 
8 2549 2900 2939 2588 2550 2901 2940 2589 
8 2550 2901 2940 2589 2551 2902 2941 2590 
8 2551 2902 2941 2590 2552 2903 2942 2591 
8 2552 2903 2942 2591 2553 2904 2943 2592 
8 2553 2904 2943 2592 2554 2905 2944 2593 
8 2554 2905 2944 2593 2555 2906 2945 2594 
8 2555 2906 2945 2594 2556 2907 2946 2595 
8 2556 2907 2946 2595 2557 2908 2947 2596 
8 2557 2908 2947 2596 2558 2909 2948 2597 
8 2558 2909 2948 2597 2559 2910 2949 2598 
8 2559 2910 2949 2598 2560 2911 2950 2599 
8 2560 2911 2950 2599 2561 2912 2951 2600 
8 2561 2912 2951 2600 2562 2913 2952 2601 
8 2562 2913 2952 2601 2563 2914 2953 2602 
8 2563 2914 2953 2602 2564 2915 2954 2603 
8 2564 2915 2954 2603 2565 2916 2955 2604 
8 2565 2916 2955 2604 2566 2917 2956 2605 
8 2566 2917 2956 2605 2567 2918 2957 2606 
8 2567 2918 2957 2606 2568 2919 2958 2607 
8 2568 2919 2958 2607 2569 2920 2959 2608 
8 2569 2920 2959 2608 2570 2921 2960 2609 
8 2570 2921 2960 2609 2571 2922 2961 2610 
8 2571 2922 2961 2610 2572 2923 2962 2611 
8 2572 2923 2962 2611 2573 2924 2963 2612 
8 2573 2924 2963 2612 2574 2925 2964 2613 
8 2574 2925 2964 2613 2575 2926 2965 2614 
8 2575 2926 2965 2614 2576 2927 2966 2615 
8 2576 2927 2966 2615 1017 1026 1027 1018 
8 955 964 965 956 2577 2928 2967 2616 
8 2577 2928 2967 2616 2578 2929 2968 2617 
8 2578 2929 2968 2617 2579 2930 2969 2618 
8 2579 2930 2969 2618 2580 2931 2970 2619 
8 2580 2931 2970 2619 2581 2932 2971 2620 
8 2581 2932 2971 2620 2582 2933 2972 2621 
8 2582 2933 2972 2621 2583 2934 2973 2622 
8 2583 2934 2973 2622 2584 2935 2974 2623 
8 2584 2935 2974 2623 2585 2936 2975 2624 
8 2585 2936 2975 2624 2586 2937 2976 2625 
8 2586 2937 2976 2625 2587 2938 2977 2626 
8 2587 2938 2977 2626 2588 2939 2978 2627 
8 2588 2939 2978 2627 2589 2940 2979 2628 
8 2589 2940 2979 2628 2590 2941 2980 2629 
8 2590 2941 2980 2629 2591 2942 2981 2630 
8 2591 2942 2981 2630 2592 2943 2982 2631 
8 2592 2943 2982 2631 2593 2944 2983 2632 
8 2593 2944 2983 2632 2594 2945 2984 2633 
8 2594 2945 2984 2633 2595 2946 2985 2634 
8 2595 2946 2985 2634 2596 2947 2986 2635 
8 2596 2947 2986 2635 2597 2948 2987 2636 
8 2597 2948 2987 2636 2598 2949 2988 2637 
8 2598 2949 2988 2637 2599 2950 2989 2638 
8 2599 2950 2989 2638 2600 2951 2990 2639 
8 2600 2951 2990 2639 2601 2952 2991 2640 
8 2601 2952 2991 2640 2602 2953 2992 2641 
8 2602 2953 2992 2641 2603 2954 2993 2642 
8 2603 2954 2993 2642 2604 2955 2994 2643 
8 2604 2955 2994 2643 2605 2956 2995 2644 
8 2605 2956 2995 2644 2606 2957 2996 2645 
8 2606 2957 2996 2645 2607 2958 2997 2646 
8 2607 2958 2997 2646 2608 2959 2998 2647 
8 2608 2959 2998 2647 2609 2960 2999 2648 
8 2609 2960 2999 2648 2610 2961 3000 2649 
8 2610 2961 3000 2649 2611 2962 3001 2650 
8 2611 2962 3001 2650 2612 2963 3002 2651 
8 2612 2963 3002 2651 2613 2964 3003 2652 
8 2613 2964 3003 2652 2614 2965 3004 2653 
8 2614 2965 3004 2653 2615 2966 3005 2654 
8 2615 2966 3005 2654 1018 1027 1028 1019 
8 956 965 210 209 2616 2967 1446 1407 
8 2616 2967 1446 1407 2617 2968 1447 1408 
8 2617 2968 1447 1408 2618 2969 1448 1409 
8 2618 2969 1448 1409 2619 2970 1449 1410 
8 2619 2970 1449 1410 2620 2971 1450 1411 
8 2620 2971 1450 1411 2621 2972 1451 1412 
8 2621 2972 1451 1412 2622 2973 1452 1413 
8 2622 2973 1452 1413 2623 2974 1453 1414 
8 2623 2974 1453 1414 2624 2975 1454 1415 
8 2624 2975 1454 1415 2625 2976 1455 1416 
8 2625 2976 1455 1416 2626 2977 1456 1417 
8 2626 2977 1456 1417 2627 2978 1457 1418 
8 2627 2978 1457 1418 2628 2979 1458 1419 
8 2628 2979 1458 1419 2629 2980 1459 1420 
8 2629 2980 1459 1420 2630 2981 1460 1421 
8 2630 2981 1460 1421 2631 2982 1461 1422 
8 2631 2982 1461 1422 2632 2983 1462 1423 
8 2632 2983 1462 1423 2633 2984 1463 1424 
8 2633 2984 1463 1424 2634 2985 1464 1425 
8 2634 2985 1464 1425 2635 2986 1465 1426 
8 2635 2986 1465 1426 2636 2987 1466 1427 
8 2636 2987 1466 1427 2637 2988 1467 1428 
8 2637 2988 1467 1428 2638 2989 1468 1429 
8 2638 2989 1468 1429 2639 2990 1469 1430 
8 2639 2990 1469 1430 2640 2991 1470 1431 
8 2640 2991 1470 1431 2641 2992 1471 1432 
8 2641 2992 1471 1432 2642 2993 1472 1433 
8 2642 2993 1472 1433 2643 2994 1473 1434 
8 2643 2994 1473 1434 2644 2995 1474 1435 
8 2644 2995 1474 1435 2645 2996 1475 1436 
8 2645 2996 1475 1436 2646 2997 1476 1437 
8 2646 2997 1476 1437 2647 2998 1477 1438 
8 2647 2998 1477 1438 2648 2999 1478 1439 
8 2648 2999 1478 1439 2649 3000 1479 1440 
8 2649 3000 1479 1440 2650 3001 1480 1441 
8 2650 3001 1480 1441 2651 3002 1481 1442 
8 2651 3002 1481 1442 2652 3003 1482 1443 
8 2652 3003 1482 1443 2653 3004 1483 1444 
8 2653 3004 1483 1444 2654 3005 1484 1445 
8 2654 3005 1484 1445 1019 1028 224 223 
8 203 204 966 957 1173 1212 3006 2655 
8 1173 1212 3006 2655 1174 1213 3007 2656 
8 1174 1213 3007 2656 1175 1214 3008 2657 
8 1175 1214 3008 2657 1176 1215 3009 2658 
8 1176 1215 3009 2658 1177 1216 3010 2659 
8 1177 1216 3010 2659 1178 1217 3011 2660 
8 1178 1217 3011 2660 1179 1218 3012 2661 
8 1179 1218 3012 2661 1180 1219 3013 2662 
8 1180 1219 3013 2662 1181 1220 3014 2663 
8 1181 1220 3014 2663 1182 1221 3015 2664 
8 1182 1221 3015 2664 1183 1222 3016 2665 
8 1183 1222 3016 2665 1184 1223 3017 2666 
8 1184 1223 3017 2666 1185 1224 3018 2667 
8 1185 1224 3018 2667 1186 1225 3019 2668 
8 1186 1225 3019 2668 1187 1226 3020 2669 
8 1187 1226 3020 2669 1188 1227 3021 2670 
8 1188 1227 3021 2670 1189 1228 3022 2671 
8 1189 1228 3022 2671 1190 1229 3023 2672 
8 1190 1229 3023 2672 1191 1230 3024 2673 
8 1191 1230 3024 2673 1192 1231 3025 2674 
8 1192 1231 3025 2674 1193 1232 3026 2675 
8 1193 1232 3026 2675 1194 1233 3027 2676 
8 1194 1233 3027 2676 1195 1234 3028 2677 
8 1195 1234 3028 2677 1196 1235 3029 2678 
8 1196 1235 3029 2678 1197 1236 3030 2679 
8 1197 1236 3030 2679 1198 1237 3031 2680 
8 1198 1237 3031 2680 1199 1238 3032 2681 
8 1199 1238 3032 2681 1200 1239 3033 2682 
8 1200 1239 3033 2682 1201 1240 3034 2683 
8 1201 1240 3034 2683 1202 1241 3035 2684 
8 1202 1241 3035 2684 1203 1242 3036 2685 
8 1203 1242 3036 2685 1204 1243 3037 2686 
8 1204 1243 3037 2686 1205 1244 3038 2687 
8 1205 1244 3038 2687 1206 1245 3039 2688 
8 1206 1245 3039 2688 1207 1246 3040 2689 
8 1207 1246 3040 2689 1208 1247 3041 2690 
8 1208 1247 3041 2690 1209 1248 3042 2691 
8 1209 1248 3042 2691 1210 1249 3043 2692 
8 1210 1249 3043 2692 1211 1250 3044 2693 
8 1211 1250 3044 2693 217 218 1029 1020 
8 957 966 967 958 2655 3006 3045 2694 
8 2655 3006 3045 2694 2656 3007 3046 2695 
8 2656 3007 3046 2695 2657 3008 3047 2696 
8 2657 3008 3047 2696 2658 3009 3048 2697 
8 2658 3009 3048 2697 2659 3010 3049 2698 
8 2659 3010 3049 2698 2660 3011 3050 2699 
8 2660 3011 3050 2699 2661 3012 3051 2700 
8 2661 3012 3051 2700 2662 3013 3052 2701 
8 2662 3013 3052 2701 2663 3014 3053 2702 
8 2663 3014 3053 2702 2664 3015 3054 2703 
8 2664 3015 3054 2703 2665 3016 3055 2704 
8 2665 3016 3055 2704 2666 3017 3056 2705 
8 2666 3017 3056 2705 2667 3018 3057 2706 
8 2667 3018 3057 2706 2668 3019 3058 2707 
8 2668 3019 3058 2707 2669 3020 3059 2708 
8 2669 3020 3059 2708 2670 3021 3060 2709 
8 2670 3021 3060 2709 2671 3022 3061 2710 
8 2671 3022 3061 2710 2672 3023 3062 2711 
8 2672 3023 3062 2711 2673 3024 3063 2712 
8 2673 3024 3063 2712 2674 3025 3064 2713 
8 2674 3025 3064 2713 2675 3026 3065 2714 
8 2675 3026 3065 2714 2676 3027 3066 2715 
8 2676 3027 3066 2715 2677 3028 3067 2716 
8 2677 3028 3067 2716 2678 3029 3068 2717 
8 2678 3029 3068 2717 2679 3030 3069 2718 
8 2679 3030 3069 2718 2680 3031 3070 2719 
8 2680 3031 3070 2719 2681 3032 3071 2720 
8 2681 3032 3071 2720 2682 3033 3072 2721 
8 2682 3033 3072 2721 2683 3034 3073 2722 
8 2683 3034 3073 2722 2684 3035 3074 2723 
8 2684 3035 3074 2723 2685 3036 3075 2724 
8 2685 3036 3075 2724 2686 3037 3076 2725 
8 2686 3037 3076 2725 2687 3038 3077 2726 
8 2687 3038 3077 2726 2688 3039 3078 2727 
8 2688 3039 3078 2727 2689 3040 3079 2728 
8 2689 3040 3079 2728 2690 3041 3080 2729 
8 2690 3041 3080 2729 2691 3042 3081 2730 
8 2691 3042 3081 2730 2692 3043 3082 2731 
8 2692 3043 3082 2731 2693 3044 3083 2732 
8 2693 3044 3083 2732 1020 1029 1030 1021 
8 958 967 968 959 2694 3045 3084 2733 
8 2694 3045 3084 2733 2695 3046 3085 2734 
8 2695 3046 3085 2734 2696 3047 3086 2735 
8 2696 3047 3086 2735 2697 3048 3087 2736 
8 2697 3048 3087 2736 2698 3049 3088 2737 
8 2698 3049 3088 2737 2699 3050 3089 2738 
8 2699 3050 3089 2738 2700 3051 3090 2739 
8 2700 3051 3090 2739 2701 3052 3091 2740 
8 2701 3052 3091 2740 2702 3053 3092 2741 
8 2702 3053 3092 2741 2703 3054 3093 2742 
8 2703 3054 3093 2742 2704 3055 3094 2743 
8 2704 3055 3094 2743 2705 3056 3095 2744 
8 2705 3056 3095 2744 2706 3057 3096 2745 
8 2706 3057 3096 2745 2707 3058 3097 2746 
8 2707 3058 3097 2746 2708 3059 3098 2747 
8 2708 3059 3098 2747 2709 3060 3099 2748 
8 2709 3060 3099 2748 2710 3061 3100 2749 
8 2710 3061 3100 2749 2711 3062 3101 2750 
8 2711 3062 3101 2750 2712 3063 3102 2751 
8 2712 3063 3102 2751 2713 3064 3103 2752 
8 2713 3064 3103 2752 2714 3065 3104 2753 
8 2714 3065 3104 2753 2715 3066 3105 2754 
8 2715 3066 3105 2754 2716 3067 3106 2755 
8 2716 3067 3106 2755 2717 3068 3107 2756 
8 2717 3068 3107 2756 2718 3069 3108 2757 
8 2718 3069 3108 2757 2719 3070 3109 2758 
8 2719 3070 3109 2758 2720 3071 3110 2759 
8 2720 3071 3110 2759 2721 3072 3111 2760 
8 2721 3072 3111 2760 2722 3073 3112 2761 
8 2722 3073 3112 2761 2723 3074 3113 2762 
8 2723 3074 3113 2762 2724 3075 3114 2763 
8 2724 3075 3114 2763 2725 3076 3115 2764 
8 2725 3076 3115 2764 2726 3077 3116 2765 
8 2726 3077 3116 2765 2727 3078 3117 2766 
8 2727 3078 3117 2766 2728 3079 3118 2767 
8 2728 3079 3118 2767 2729 3080 3119 2768 
8 2729 3080 3119 2768 2730 3081 3120 2769 
8 2730 3081 3120 2769 2731 3082 3121 2770 
8 2731 3082 3121 2770 2732 3083 3122 2771 
8 2732 3083 3122 2771 1021 1030 1031 1022 
8 959 968 969 960 2733 3084 3123 2772 
8 2733 3084 3123 2772 2734 3085 3124 2773 
8 2734 3085 3124 2773 2735 3086 3125 2774 
8 2735 3086 3125 2774 2736 3087 3126 2775 
8 2736 3087 3126 2775 2737 3088 3127 2776 
8 2737 3088 3127 2776 2738 3089 3128 2777 
8 2738 3089 3128 2777 2739 3090 3129 2778 
8 2739 3090 3129 2778 2740 3091 3130 2779 
8 2740 3091 3130 2779 2741 3092 3131 2780 
8 2741 3092 3131 2780 2742 3093 3132 2781 
8 2742 3093 3132 2781 2743 3094 3133 2782 
8 2743 3094 3133 2782 2744 3095 3134 2783 
8 2744 3095 3134 2783 2745 3096 3135 2784 
8 2745 3096 3135 2784 2746 3097 3136 2785 
8 2746 3097 3136 2785 2747 3098 3137 2786 
8 2747 3098 3137 2786 2748 3099 3138 2787 
8 2748 3099 3138 2787 2749 3100 3139 2788 
8 2749 3100 3139 2788 2750 3101 3140 2789 
8 2750 3101 3140 2789 2751 3102 3141 2790 
8 2751 3102 3141 2790 2752 3103 3142 2791 
8 2752 3103 3142 2791 2753 3104 3143 2792 
8 2753 3104 3143 2792 2754 3105 3144 2793 
8 2754 3105 3144 2793 2755 3106 3145 2794 
8 2755 3106 3145 2794 2756 3107 3146 2795 
8 2756 3107 3146 2795 2757 3108 3147 2796 
8 2757 3108 3147 2796 2758 3109 3148 2797 
8 2758 3109 3148 2797 2759 3110 3149 2798 
8 2759 3110 3149 2798 2760 3111 3150 2799 
8 2760 3111 3150 2799 2761 3112 3151 2800 
8 2761 3112 3151 2800 2762 3113 3152 2801 
8 2762 3113 3152 2801 2763 3114 3153 2802 
8 2763 3114 3153 2802 2764 3115 3154 2803 
8 2764 3115 3154 2803 2765 3116 3155 2804 
8 2765 3116 3155 2804 2766 3117 3156 2805 
8 2766 3117 3156 2805 2767 3118 3157 2806 
8 2767 3118 3157 2806 2768 3119 3158 2807 
8 2768 3119 3158 2807 2769 3120 3159 2808 
8 2769 3120 3159 2808 2770 3121 3160 2809 
8 2770 3121 3160 2809 2771 3122 3161 2810 
8 2771 3122 3161 2810 1022 1031 1032 1023 
8 960 969 970 961 2772 3123 3162 2811 
8 2772 3123 3162 2811 2773 3124 3163 2812 
8 2773 3124 3163 2812 2774 3125 3164 2813 
8 2774 3125 3164 2813 2775 3126 3165 2814 
8 2775 3126 3165 2814 2776 3127 3166 2815 
8 2776 3127 3166 2815 2777 3128 3167 2816 
8 2777 3128 3167 2816 2778 3129 3168 2817 
8 2778 3129 3168 2817 2779 3130 3169 2818 
8 2779 3130 3169 2818 2780 3131 3170 2819 
8 2780 3131 3170 2819 2781 3132 3171 2820 
8 2781 3132 3171 2820 2782 3133 3172 2821 
8 2782 3133 3172 2821 2783 3134 3173 2822 
8 2783 3134 3173 2822 2784 3135 3174 2823 
8 2784 3135 3174 2823 2785 3136 3175 2824 
8 2785 3136 3175 2824 2786 3137 3176 2825 
8 2786 3137 3176 2825 2787 3138 3177 2826 
8 2787 3138 3177 2826 2788 3139 3178 2827 
8 2788 3139 3178 2827 2789 3140 3179 2828 
8 2789 3140 3179 2828 2790 3141 3180 2829 
8 2790 3141 3180 2829 2791 3142 3181 2830 
8 2791 3142 3181 2830 2792 3143 3182 2831 
8 2792 3143 3182 2831 2793 3144 3183 2832 
8 2793 3144 3183 2832 2794 3145 3184 2833 
8 2794 3145 3184 2833 2795 3146 3185 2834 
8 2795 3146 3185 2834 2796 3147 3186 2835 
8 2796 3147 3186 2835 2797 3148 3187 2836 
8 2797 3148 3187 2836 2798 3149 3188 2837 
8 2798 3149 3188 2837 2799 3150 3189 2838 
8 2799 3150 3189 2838 2800 3151 3190 2839 
8 2800 3151 3190 2839 2801 3152 3191 2840 
8 2801 3152 3191 2840 2802 3153 3192 2841 
8 2802 3153 3192 2841 2803 3154 3193 2842 
8 2803 3154 3193 2842 2804 3155 3194 2843 
8 2804 3155 3194 2843 2805 3156 3195 2844 
8 2805 3156 3195 2844 2806 3157 3196 2845 
8 2806 3157 3196 2845 2807 3158 3197 2846 
8 2807 3158 3197 2846 2808 3159 3198 2847 
8 2808 3159 3198 2847 2809 3160 3199 2848 
8 2809 3160 3199 2848 2810 3161 3200 2849 
8 2810 3161 3200 2849 1023 1032 1033 1024 
8 961 970 971 962 2811 3162 3201 2850 
8 2811 3162 3201 2850 2812 3163 3202 2851 
8 2812 3163 3202 2851 2813 3164 3203 2852 
8 2813 3164 3203 2852 2814 3165 3204 2853 
8 2814 3165 3204 2853 2815 3166 3205 2854 
8 2815 3166 3205 2854 2816 3167 3206 2855 
8 2816 3167 3206 2855 2817 3168 3207 2856 
8 2817 3168 3207 2856 2818 3169 3208 2857 
8 2818 3169 3208 2857 2819 3170 3209 2858 
8 2819 3170 3209 2858 2820 3171 3210 2859 
8 2820 3171 3210 2859 2821 3172 3211 2860 
8 2821 3172 3211 2860 2822 3173 3212 2861 
8 2822 3173 3212 2861 2823 3174 3213 2862 
8 2823 3174 3213 2862 2824 3175 3214 2863 
8 2824 3175 3214 2863 2825 3176 3215 2864 
8 2825 3176 3215 2864 2826 3177 3216 2865 
8 2826 3177 3216 2865 2827 3178 3217 2866 
8 2827 3178 3217 2866 2828 3179 3218 2867 
8 2828 3179 3218 2867 2829 3180 3219 2868 
8 2829 3180 3219 2868 2830 3181 3220 2869 
8 2830 3181 3220 2869 2831 3182 3221 2870 
8 2831 3182 3221 2870 2832 3183 3222 2871 
8 2832 3183 3222 2871 2833 3184 3223 2872 
8 2833 3184 3223 2872 2834 3185 3224 2873 
8 2834 3185 3224 2873 2835 3186 3225 2874 
8 2835 3186 3225 2874 2836 3187 3226 2875 
8 2836 3187 3226 2875 2837 3188 3227 2876 
8 2837 3188 3227 2876 2838 3189 3228 2877 
8 2838 3189 3228 2877 2839 3190 3229 2878 
8 2839 3190 3229 2878 2840 3191 3230 2879 
8 2840 3191 3230 2879 2841 3192 3231 2880 
8 2841 3192 3231 2880 2842 3193 3232 2881 
8 2842 3193 3232 2881 2843 3194 3233 2882 
8 2843 3194 3233 2882 2844 3195 3234 2883 
8 2844 3195 3234 2883 2845 3196 3235 2884 
8 2845 3196 3235 2884 2846 3197 3236 2885 
8 2846 3197 3236 2885 2847 3198 3237 2886 
8 2847 3198 3237 2886 2848 3199 3238 2887 
8 2848 3199 3238 2887 2849 3200 3239 2888 
8 2849 3200 3239 2888 1024 1033 1034 1025 
8 962 971 972 963 2850 3201 3240 2889 
8 2850 3201 3240 2889 2851 3202 3241 2890 
8 2851 3202 3241 2890 2852 3203 3242 2891 
8 2852 3203 3242 2891 2853 3204 3243 2892 
8 2853 3204 3243 2892 2854 3205 3244 2893 
8 2854 3205 3244 2893 2855 3206 3245 2894 
8 2855 3206 3245 2894 2856 3207 3246 2895 
8 2856 3207 3246 2895 2857 3208 3247 2896 
8 2857 3208 3247 2896 2858 3209 3248 2897 
8 2858 3209 3248 2897 2859 3210 3249 2898 
8 2859 3210 3249 2898 2860 3211 3250 2899 
8 2860 3211 3250 2899 2861 3212 3251 2900 
8 2861 3212 3251 2900 2862 3213 3252 2901 
8 2862 3213 3252 2901 2863 3214 3253 2902 
8 2863 3214 3253 2902 2864 3215 3254 2903 
8 2864 3215 3254 2903 2865 3216 3255 2904 
8 2865 3216 3255 2904 2866 3217 3256 2905 
8 2866 3217 3256 2905 2867 3218 3257 2906 
8 2867 3218 3257 2906 2868 3219 3258 2907 
8 2868 3219 3258 2907 2869 3220 3259 2908 
8 2869 3220 3259 2908 2870 3221 3260 2909 
8 2870 3221 3260 2909 2871 3222 3261 2910 
8 2871 3222 3261 2910 2872 3223 3262 2911 
8 2872 3223 3262 2911 2873 3224 3263 2912 
8 2873 3224 3263 2912 2874 3225 3264 2913 
8 2874 3225 3264 2913 2875 3226 3265 2914 
8 2875 3226 3265 2914 2876 3227 3266 2915 
8 2876 3227 3266 2915 2877 3228 3267 2916 
8 2877 3228 3267 2916 2878 3229 3268 2917 
8 2878 3229 3268 2917 2879 3230 3269 2918 
8 2879 3230 3269 2918 2880 3231 3270 2919 
8 2880 3231 3270 2919 2881 3232 3271 2920 
8 2881 3232 3271 2920 2882 3233 3272 2921 
8 2882 3233 3272 2921 2883 3234 3273 2922 
8 2883 3234 3273 2922 2884 3235 3274 2923 
8 2884 3235 3274 2923 2885 3236 3275 2924 
8 2885 3236 3275 2924 2886 3237 3276 2925 
8 2886 3237 3276 2925 2887 3238 3277 2926 
8 2887 3238 3277 2926 2888 3239 3278 2927 
8 2888 3239 3278 2927 1025 1034 1035 1026 
8 963 972 973 964 2889 3240 3279 2928 
8 2889 3240 3279 2928 2890 3241 3280 2929 
8 2890 3241 3280 2929 2891 3242 3281 2930 
8 2891 3242 3281 2930 2892 3243 3282 2931 
8 2892 3243 3282 2931 2893 3244 3283 2932 
8 2893 3244 3283 2932 2894 3245 3284 2933 
8 2894 3245 3284 2933 2895 3246 3285 2934 
8 2895 3246 3285 2934 2896 3247 3286 2935 
8 2896 3247 3286 2935 2897 3248 3287 2936 
8 2897 3248 3287 2936 2898 3249 3288 2937 
8 2898 3249 3288 2937 2899 3250 3289 2938 
8 2899 3250 3289 2938 2900 3251 3290 2939 
8 2900 3251 3290 2939 2901 3252 3291 2940 
8 2901 3252 3291 2940 2902 3253 3292 2941 
8 2902 3253 3292 2941 2903 3254 3293 2942 
8 2903 3254 3293 2942 2904 3255 3294 2943 
8 2904 3255 3294 2943 2905 3256 3295 2944 
8 2905 3256 3295 2944 2906 3257 3296 2945 
8 2906 3257 3296 2945 2907 3258 3297 2946 
8 2907 3258 3297 2946 2908 3259 3298 2947 
8 2908 3259 3298 2947 2909 3260 3299 2948 
8 2909 3260 3299 2948 2910 3261 3300 2949 
8 2910 3261 3300 2949 2911 3262 3301 2950 
8 2911 3262 3301 2950 2912 3263 3302 2951 
8 2912 3263 3302 2951 2913 3264 3303 2952 
8 2913 3264 3303 2952 2914 3265 3304 2953 
8 2914 3265 3304 2953 2915 3266 3305 2954 
8 2915 3266 3305 2954 2916 3267 3306 2955 
8 2916 3267 3306 2955 2917 3268 3307 2956 
8 2917 3268 3307 2956 2918 3269 3308 2957 
8 2918 3269 3308 2957 2919 3270 3309 2958 
8 2919 3270 3309 2958 2920 3271 3310 2959 
8 2920 3271 3310 2959 2921 3272 3311 2960 
8 2921 3272 3311 2960 2922 3273 3312 2961 
8 2922 3273 3312 2961 2923 3274 3313 2962 
8 2923 3274 3313 2962 2924 3275 3314 2963 
8 2924 3275 3314 2963 2925 3276 3315 2964 
8 2925 3276 3315 2964 2926 3277 3316 2965 
8 2926 3277 3316 2965 2927 3278 3317 2966 
8 2927 3278 3317 2966 1026 1035 1036 1027 
8 964 973 974 965 2928 3279 3318 2967 
8 2928 3279 3318 2967 2929 3280 3319 2968 
8 2929 3280 3319 2968 2930 3281 3320 2969 
8 2930 3281 3320 2969 2931 3282 3321 2970 
8 2931 3282 3321 2970 2932 3283 3322 2971 
8 2932 3283 3322 2971 2933 3284 3323 2972 
8 2933 3284 3323 2972 2934 3285 3324 2973 
8 2934 3285 3324 2973 2935 3286 3325 2974 
8 2935 3286 3325 2974 2936 3287 3326 2975 
8 2936 3287 3326 2975 2937 3288 3327 2976 
8 2937 3288 3327 2976 2938 3289 3328 2977 
8 2938 3289 3328 2977 2939 3290 3329 2978 
8 2939 3290 3329 2978 2940 3291 3330 2979 
8 2940 3291 3330 2979 2941 3292 3331 2980 
8 2941 3292 3331 2980 2942 3293 3332 2981 
8 2942 3293 3332 2981 2943 3294 3333 2982 
8 2943 3294 3333 2982 2944 3295 3334 2983 
8 2944 3295 3334 2983 2945 3296 3335 2984 
8 2945 3296 3335 2984 2946 3297 3336 2985 
8 2946 3297 3336 2985 2947 3298 3337 2986 
8 2947 3298 3337 2986 2948 3299 3338 2987 
8 2948 3299 3338 2987 2949 3300 3339 2988 
8 2949 3300 3339 2988 2950 3301 3340 2989 
8 2950 3301 3340 2989 2951 3302 3341 2990 
8 2951 3302 3341 2990 2952 3303 3342 2991 
8 2952 3303 3342 2991 2953 3304 3343 2992 
8 2953 3304 3343 2992 2954 3305 3344 2993 
8 2954 3305 3344 2993 2955 3306 3345 2994 
8 2955 3306 3345 2994 2956 3307 3346 2995 
8 2956 3307 3346 2995 2957 3308 3347 2996 
8 2957 3308 3347 2996 2958 3309 3348 2997 
8 2958 3309 3348 2997 2959 3310 3349 2998 
8 2959 3310 3349 2998 2960 3311 3350 2999 
8 2960 3311 3350 2999 2961 3312 3351 3000 
8 2961 3312 3351 3000 2962 3313 3352 3001 
8 2962 3313 3352 3001 2963 3314 3353 3002 
8 2963 3314 3353 3002 2964 3315 3354 3003 
8 2964 3315 3354 3003 2965 3316 3355 3004 
8 2965 3316 3355 3004 2966 3317 3356 3005 
8 2966 3317 3356 3005 1027 1036 1037 1028 
8 965 974 211 210 2967 3318 1485 1446 
8 2967 3318 1485 1446 2968 3319 1486 1447 
8 2968 3319 1486 1447 2969 3320 1487 1448 
8 2969 3320 1487 1448 2970 3321 1488 1449 
8 2970 3321 1488 1449 2971 3322 1489 1450 
8 2971 3322 1489 1450 2972 3323 1490 1451 
8 2972 3323 1490 1451 2973 3324 1491 1452 
8 2973 3324 1491 1452 2974 3325 1492 1453 
8 2974 3325 1492 1453 2975 3326 1493 1454 
8 2975 3326 1493 1454 2976 3327 1494 1455 
8 2976 3327 1494 1455 2977 3328 1495 1456 
8 2977 3328 1495 1456 2978 3329 1496 1457 
8 2978 3329 1496 1457 2979 3330 1497 1458 
8 2979 3330 1497 1458 2980 3331 1498 1459 
8 2980 3331 1498 1459 2981 3332 1499 1460 
8 2981 3332 1499 1460 2982 3333 1500 1461 
8 2982 3333 1500 1461 2983 3334 1501 1462 
8 2983 3334 1501 1462 2984 3335 1502 1463 
8 2984 3335 1502 1463 2985 3336 1503 1464 
8 2985 3336 1503 1464 2986 3337 1504 1465 
8 2986 3337 1504 1465 2987 3338 1505 1466 
8 2987 3338 1505 1466 2988 3339 1506 1467 
8 2988 3339 1506 1467 2989 3340 1507 1468 
8 2989 3340 1507 1468 2990 3341 1508 1469 
8 2990 3341 1508 1469 2991 3342 1509 1470 
8 2991 3342 1509 1470 2992 3343 1510 1471 
8 2992 3343 1510 1471 2993 3344 1511 1472 
8 2993 3344 1511 1472 2994 3345 1512 1473 
8 2994 3345 1512 1473 2995 3346 1513 1474 
8 2995 3346 1513 1474 2996 3347 1514 1475 
8 2996 3347 1514 1475 2997 3348 1515 1476 
8 2997 3348 1515 1476 2998 3349 1516 1477 
8 2998 3349 1516 1477 2999 3350 1517 1478 
8 2999 3350 1517 1478 3000 3351 1518 1479 
8 3000 3351 1518 1479 3001 3352 1519 1480 
8 3001 3352 1519 1480 3002 3353 1520 1481 
8 3002 3353 1520 1481 3003 3354 1521 1482 
8 3003 3354 1521 1482 3004 3355 1522 1483 
8 3004 3355 1522 1483 3005 3356 1523 1484 
8 3005 3356 1523 1484 1028 1037 225 224 
8 204 205 975 966 1212 1251 3357 3006 
8 1212 1251 3357 3006 1213 1252 3358 3007 
8 1213 1252 3358 3007 1214 1253 3359 3008 
8 1214 1253 3359 3008 1215 1254 3360 3009 
8 1215 1254 3360 3009 1216 1255 3361 3010 
8 1216 1255 3361 3010 1217 1256 3362 3011 
8 1217 1256 3362 3011 1218 1257 3363 3012 
8 1218 1257 3363 3012 1219 1258 3364 3013 
8 1219 1258 3364 3013 1220 1259 3365 3014 
8 1220 1259 3365 3014 1221 1260 3366 3015 
8 1221 1260 3366 3015 1222 1261 3367 3016 
8 1222 1261 3367 3016 1223 1262 3368 3017 
8 1223 1262 3368 3017 1224 1263 3369 3018 
8 1224 1263 3369 3018 1225 1264 3370 3019 
8 1225 1264 3370 3019 1226 1265 3371 3020 
8 1226 1265 3371 3020 1227 1266 3372 3021 
8 1227 1266 3372 3021 1228 1267 3373 3022 
8 1228 1267 3373 3022 1229 1268 3374 3023 
8 1229 1268 3374 3023 1230 1269 3375 3024 
8 1230 1269 3375 3024 1231 1270 3376 3025 
8 1231 1270 3376 3025 1232 1271 3377 3026 
8 1232 1271 3377 3026 1233 1272 3378 3027 
8 1233 1272 3378 3027 1234 1273 3379 3028 
8 1234 1273 3379 3028 1235 1274 3380 3029 
8 1235 1274 3380 3029 1236 1275 3381 3030 
8 1236 1275 3381 3030 1237 1276 3382 3031 
8 1237 1276 3382 3031 1238 1277 3383 3032 
8 1238 1277 3383 3032 1239 1278 3384 3033 
8 1239 1278 3384 3033 1240 1279 3385 3034 
8 1240 1279 3385 3034 1241 1280 3386 3035 
8 1241 1280 3386 3035 1242 1281 3387 3036 
8 1242 1281 3387 3036 1243 1282 3388 3037 
8 1243 1282 3388 3037 1244 1283 3389 3038 
8 1244 1283 3389 3038 1245 1284 3390 3039 
8 1245 1284 3390 3039 1246 1285 3391 3040 
8 1246 1285 3391 3040 1247 1286 3392 3041 
8 1247 1286 3392 3041 1248 1287 3393 3042 
8 1248 1287 3393 3042 1249 1288 3394 3043 
8 1249 1288 3394 3043 1250 1289 3395 3044 
8 1250 1289 3395 3044 218 219 1038 1029 
8 966 975 976 967 3006 3357 3396 3045 
8 3006 3357 3396 3045 3007 3358 3397 3046 
8 3007 3358 3397 3046 3008 3359 3398 3047 
8 3008 3359 3398 3047 3009 3360 3399 3048 
8 3009 3360 3399 3048 3010 3361 3400 3049 
8 3010 3361 3400 3049 3011 3362 3401 3050 
8 3011 3362 3401 3050 3012 3363 3402 3051 
8 3012 3363 3402 3051 3013 3364 3403 3052 
8 3013 3364 3403 3052 3014 3365 3404 3053 
8 3014 3365 3404 3053 3015 3366 3405 3054 
8 3015 3366 3405 3054 3016 3367 3406 3055 
8 3016 3367 3406 3055 3017 3368 3407 3056 
8 3017 3368 3407 3056 3018 3369 3408 3057 
8 3018 3369 3408 3057 3019 3370 3409 3058 
8 3019 3370 3409 3058 3020 3371 3410 3059 
8 3020 3371 3410 3059 3021 3372 3411 3060 
8 3021 3372 3411 3060 3022 3373 3412 3061 
8 3022 3373 3412 3061 3023 3374 3413 3062 
8 3023 3374 3413 3062 3024 3375 3414 3063 
8 3024 3375 3414 3063 3025 3376 3415 3064 
8 3025 3376 3415 3064 3026 3377 3416 3065 
8 3026 3377 3416 3065 3027 3378 3417 3066 
8 3027 3378 3417 3066 3028 3379 3418 3067 
8 3028 3379 3418 3067 3029 3380 3419 3068 
8 3029 3380 3419 3068 3030 3381 3420 3069 
8 3030 3381 3420 3069 3031 3382 3421 3070 
8 3031 3382 3421 3070 3032 3383 3422 3071 
8 3032 3383 3422 3071 3033 3384 3423 3072 
8 3033 3384 3423 3072 3034 3385 3424 3073 
8 3034 3385 3424 3073 3035 3386 3425 3074 
8 3035 3386 3425 3074 3036 3387 3426 3075 
8 3036 3387 3426 3075 3037 3388 3427 3076 
8 3037 3388 3427 3076 3038 3389 3428 3077 
8 3038 3389 3428 3077 3039 3390 3429 3078 
8 3039 3390 3429 3078 3040 3391 3430 3079 
8 3040 3391 3430 3079 3041 3392 3431 3080 
8 3041 3392 3431 3080 3042 3393 3432 3081 
8 3042 3393 3432 3081 3043 3394 3433 3082 
8 3043 3394 3433 3082 3044 3395 3434 3083 
8 3044 3395 3434 3083 1029 1038 1039 1030 
8 967 976 977 968 3045 3396 3435 3084 
8 3045 3396 3435 3084 3046 3397 3436 3085 
8 3046 3397 3436 3085 3047 3398 3437 3086 
8 3047 3398 3437 3086 3048 3399 3438 3087 
8 3048 3399 3438 3087 3049 3400 3439 3088 
8 3049 3400 3439 3088 3050 3401 3440 3089 
8 3050 3401 3440 3089 3051 3402 3441 3090 
8 3051 3402 3441 3090 3052 3403 3442 3091 
8 3052 3403 3442 3091 3053 3404 3443 3092 
8 3053 3404 3443 3092 3054 3405 3444 3093 
8 3054 3405 3444 3093 3055 3406 3445 3094 
8 3055 3406 3445 3094 3056 3407 3446 3095 
8 3056 3407 3446 3095 3057 3408 3447 3096 
8 3057 3408 3447 3096 3058 3409 3448 3097 
8 3058 3409 3448 3097 3059 3410 3449 3098 
8 3059 3410 3449 3098 3060 3411 3450 3099 
8 3060 3411 3450 3099 3061 3412 3451 3100 
8 3061 3412 3451 3100 3062 3413 3452 3101 
8 3062 3413 3452 3101 3063 3414 3453 3102 
8 3063 3414 3453 3102 3064 3415 3454 3103 
8 3064 3415 3454 3103 3065 3416 3455 3104 
8 3065 3416 3455 3104 3066 3417 3456 3105 
8 3066 3417 3456 3105 3067 3418 3457 3106 
8 3067 3418 3457 3106 3068 3419 3458 3107 
8 3068 3419 3458 3107 3069 3420 3459 3108 
8 3069 3420 3459 3108 3070 3421 3460 3109 
8 3070 3421 3460 3109 3071 3422 3461 3110 
8 3071 3422 3461 3110 3072 3423 3462 3111 
8 3072 3423 3462 3111 3073 3424 3463 3112 
8 3073 3424 3463 3112 3074 3425 3464 3113 
8 3074 3425 3464 3113 3075 3426 3465 3114 
8 3075 3426 3465 3114 3076 3427 3466 3115 
8 3076 3427 3466 3115 3077 3428 3467 3116 
8 3077 3428 3467 3116 3078 3429 3468 3117 
8 3078 3429 3468 3117 3079 3430 3469 3118 
8 3079 3430 3469 3118 3080 3431 3470 3119 
8 3080 3431 3470 3119 3081 3432 3471 3120 
8 3081 3432 3471 3120 3082 3433 3472 3121 
8 3082 3433 3472 3121 3083 3434 3473 3122 
8 3083 3434 3473 3122 1030 1039 1040 1031 
8 968 977 978 969 3084 3435 3474 3123 
8 3084 3435 3474 3123 3085 3436 3475 3124 
8 3085 3436 3475 3124 3086 3437 3476 3125 
8 3086 3437 3476 3125 3087 3438 3477 3126 
8 3087 3438 3477 3126 3088 3439 3478 3127 
8 3088 3439 3478 3127 3089 3440 3479 3128 
8 3089 3440 3479 3128 3090 3441 3480 3129 
8 3090 3441 3480 3129 3091 3442 3481 3130 
8 3091 3442 3481 3130 3092 3443 3482 3131 
8 3092 3443 3482 3131 3093 3444 3483 3132 
8 3093 3444 3483 3132 3094 3445 3484 3133 
8 3094 3445 3484 3133 3095 3446 3485 3134 
8 3095 3446 3485 3134 3096 3447 3486 3135 
8 3096 3447 3486 3135 3097 3448 3487 3136 
8 3097 3448 3487 3136 3098 3449 3488 3137 
8 3098 3449 3488 3137 3099 3450 3489 3138 
8 3099 3450 3489 3138 3100 3451 3490 3139 
8 3100 3451 3490 3139 3101 3452 3491 3140 
8 3101 3452 3491 3140 3102 3453 3492 3141 
8 3102 3453 3492 3141 3103 3454 3493 3142 
8 3103 3454 3493 3142 3104 3455 3494 3143 
8 3104 3455 3494 3143 3105 3456 3495 3144 
8 3105 3456 3495 3144 3106 3457 3496 3145 
8 3106 3457 3496 3145 3107 3458 3497 3146 
8 3107 3458 3497 3146 3108 3459 3498 3147 
8 3108 3459 3498 3147 3109 3460 3499 3148 
8 3109 3460 3499 3148 3110 3461 3500 3149 
8 3110 3461 3500 3149 3111 3462 3501 3150 
8 3111 3462 3501 3150 3112 3463 3502 3151 
8 3112 3463 3502 3151 3113 3464 3503 3152 
8 3113 3464 3503 3152 3114 3465 3504 3153 
8 3114 3465 3504 3153 3115 3466 3505 3154 
8 3115 3466 3505 3154 3116 3467 3506 3155 
8 3116 3467 3506 3155 3117 3468 3507 3156 
8 3117 3468 3507 3156 3118 3469 3508 3157 
8 3118 3469 3508 3157 3119 3470 3509 3158 
8 3119 3470 3509 3158 3120 3471 3510 3159 
8 3120 3471 3510 3159 3121 3472 3511 3160 
8 3121 3472 3511 3160 3122 3473 3512 3161 
8 3122 3473 3512 3161 1031 1040 1041 1032 
8 969 978 979 970 3123 3474 3513 3162 
8 3123 3474 3513 3162 3124 3475 3514 3163 
8 3124 3475 3514 3163 3125 3476 3515 3164 
8 3125 3476 3515 3164 3126 3477 3516 3165 
8 3126 3477 3516 3165 3127 3478 3517 3166 
8 3127 3478 3517 3166 3128 3479 3518 3167 
8 3128 3479 3518 3167 3129 3480 3519 3168 
8 3129 3480 3519 3168 3130 3481 3520 3169 
8 3130 3481 3520 3169 3131 3482 3521 3170 
8 3131 3482 3521 3170 3132 3483 3522 3171 
8 3132 3483 3522 3171 3133 3484 3523 3172 
8 3133 3484 3523 3172 3134 3485 3524 3173 
8 3134 3485 3524 3173 3135 3486 3525 3174 
8 3135 3486 3525 3174 3136 3487 3526 3175 
8 3136 3487 3526 3175 3137 3488 3527 3176 
8 3137 3488 3527 3176 3138 3489 3528 3177 
8 3138 3489 3528 3177 3139 3490 3529 3178 
8 3139 3490 3529 3178 3140 3491 3530 3179 
8 3140 3491 3530 3179 3141 3492 3531 3180 
8 3141 3492 3531 3180 3142 3493 3532 3181 
8 3142 3493 3532 3181 3143 3494 3533 3182 
8 3143 3494 3533 3182 3144 3495 3534 3183 
8 3144 3495 3534 3183 3145 3496 3535 3184 
8 3145 3496 3535 3184 3146 3497 3536 3185 
8 3146 3497 3536 3185 3147 3498 3537 3186 
8 3147 3498 3537 3186 3148 3499 3538 3187 
8 3148 3499 3538 3187 3149 3500 3539 3188 
8 3149 3500 3539 3188 3150 3501 3540 3189 
8 3150 3501 3540 3189 3151 3502 3541 3190 
8 3151 3502 3541 3190 3152 3503 3542 3191 
8 3152 3503 3542 3191 3153 3504 3543 3192 
8 3153 3504 3543 3192 3154 3505 3544 3193 
8 3154 3505 3544 3193 3155 3506 3545 3194 
8 3155 3506 3545 3194 3156 3507 3546 3195 
8 3156 3507 3546 3195 3157 3508 3547 3196 
8 3157 3508 3547 3196 3158 3509 3548 3197 
8 3158 3509 3548 3197 3159 3510 3549 3198 
8 3159 3510 3549 3198 3160 3511 3550 3199 
8 3160 3511 3550 3199 3161 3512 3551 3200 
8 3161 3512 3551 3200 1032 1041 1042 1033 
8 970 979 980 971 3162 3513 3552 3201 
8 3162 3513 3552 3201 3163 3514 3553 3202 
8 3163 3514 3553 3202 3164 3515 3554 3203 
8 3164 3515 3554 3203 3165 3516 3555 3204 
8 3165 3516 3555 3204 3166 3517 3556 3205 
8 3166 3517 3556 3205 3167 3518 3557 3206 
8 3167 3518 3557 3206 3168 3519 3558 3207 
8 3168 3519 3558 3207 3169 3520 3559 3208 
8 3169 3520 3559 3208 3170 3521 3560 3209 
8 3170 3521 3560 3209 3171 3522 3561 3210 
8 3171 3522 3561 3210 3172 3523 3562 3211 
8 3172 3523 3562 3211 3173 3524 3563 3212 
8 3173 3524 3563 3212 3174 3525 3564 3213 
8 3174 3525 3564 3213 3175 3526 3565 3214 
8 3175 3526 3565 3214 3176 3527 3566 3215 
8 3176 3527 3566 3215 3177 3528 3567 3216 
8 3177 3528 3567 3216 3178 3529 3568 3217 
8 3178 3529 3568 3217 3179 3530 3569 3218 
8 3179 3530 3569 3218 3180 3531 3570 3219 
8 3180 3531 3570 3219 3181 3532 3571 3220 
8 3181 3532 3571 3220 3182 3533 3572 3221 
8 3182 3533 3572 3221 3183 3534 3573 3222 
8 3183 3534 3573 3222 3184 3535 3574 3223 
8 3184 3535 3574 3223 3185 3536 3575 3224 
8 3185 3536 3575 3224 3186 3537 3576 3225 
8 3186 3537 3576 3225 3187 3538 3577 3226 
8 3187 3538 3577 3226 3188 3539 3578 3227 
8 3188 3539 3578 3227 3189 3540 3579 3228 
8 3189 3540 3579 3228 3190 3541 3580 3229 
8 3190 3541 3580 3229 3191 3542 3581 3230 
8 3191 3542 3581 3230 3192 3543 3582 3231 
8 3192 3543 3582 3231 3193 3544 3583 3232 
8 3193 3544 3583 3232 3194 3545 3584 3233 
8 3194 3545 3584 3233 3195 3546 3585 3234 
8 3195 3546 3585 3234 3196 3547 3586 3235 
8 3196 3547 3586 3235 3197 3548 3587 3236 
8 3197 3548 3587 3236 3198 3549 3588 3237 
8 3198 3549 3588 3237 3199 3550 3589 3238 
8 3199 3550 3589 3238 3200 3551 3590 3239 
8 3200 3551 3590 3239 1033 1042 1043 1034 
8 971 980 981 972 3201 3552 3591 3240 
8 3201 3552 3591 3240 3202 3553 3592 3241 
8 3202 3553 3592 3241 3203 3554 3593 3242 
8 3203 3554 3593 3242 3204 3555 3594 3243 
8 3204 3555 3594 3243 3205 3556 3595 3244 
8 3205 3556 3595 3244 3206 3557 3596 3245 
8 3206 3557 3596 3245 3207 3558 3597 3246 
8 3207 3558 3597 3246 3208 3559 3598 3247 
8 3208 3559 3598 3247 3209 3560 3599 3248 
8 3209 3560 3599 3248 3210 3561 3600 3249 
8 3210 3561 3600 3249 3211 3562 3601 3250 
8 3211 3562 3601 3250 3212 3563 3602 3251 
8 3212 3563 3602 3251 3213 3564 3603 3252 
8 3213 3564 3603 3252 3214 3565 3604 3253 
8 3214 3565 3604 3253 3215 3566 3605 3254 
8 3215 3566 3605 3254 3216 3567 3606 3255 
8 3216 3567 3606 3255 3217 3568 3607 3256 
8 3217 3568 3607 3256 3218 3569 3608 3257 
8 3218 3569 3608 3257 3219 3570 3609 3258 
8 3219 3570 3609 3258 3220 3571 3610 3259 
8 3220 3571 3610 3259 3221 3572 3611 3260 
8 3221 3572 3611 3260 3222 3573 3612 3261 
8 3222 3573 3612 3261 3223 3574 3613 3262 
8 3223 3574 3613 3262 3224 3575 3614 3263 
8 3224 3575 3614 3263 3225 3576 3615 3264 
8 3225 3576 3615 3264 3226 3577 3616 3265 
8 3226 3577 3616 3265 3227 3578 3617 3266 
8 3227 3578 3617 3266 3228 3579 3618 3267 
8 3228 3579 3618 3267 3229 3580 3619 3268 
8 3229 3580 3619 3268 3230 3581 3620 3269 
8 3230 3581 3620 3269 3231 3582 3621 3270 
8 3231 3582 3621 3270 3232 3583 3622 3271 
8 3232 3583 3622 3271 3233 3584 3623 3272 
8 3233 3584 3623 3272 3234 3585 3624 3273 
8 3234 3585 3624 3273 3235 3586 3625 3274 
8 3235 3586 3625 3274 3236 3587 3626 3275 
8 3236 3587 3626 3275 3237 3588 3627 3276 
8 3237 3588 3627 3276 3238 3589 3628 3277 
8 3238 3589 3628 3277 3239 3590 3629 3278 
8 3239 3590 3629 3278 1034 1043 1044 1035 
8 972 981 982 973 3240 3591 3630 3279 
8 3240 3591 3630 3279 3241 3592 3631 3280 
8 3241 3592 3631 3280 3242 3593 3632 3281 
8 3242 3593 3632 3281 3243 3594 3633 3282 
8 3243 3594 3633 3282 3244 3595 3634 3283 
8 3244 3595 3634 3283 3245 3596 3635 3284 
8 3245 3596 3635 3284 3246 3597 3636 3285 
8 3246 3597 3636 3285 3247 3598 3637 3286 
8 3247 3598 3637 3286 3248 3599 3638 3287 
8 3248 3599 3638 3287 3249 3600 3639 3288 
8 3249 3600 3639 3288 3250 3601 3640 3289 
8 3250 3601 3640 3289 3251 3602 3641 3290 
8 3251 3602 3641 3290 3252 3603 3642 3291 
8 3252 3603 3642 3291 3253 3604 3643 3292 
8 3253 3604 3643 3292 3254 3605 3644 3293 
8 3254 3605 3644 3293 3255 3606 3645 3294 
8 3255 3606 3645 3294 3256 3607 3646 3295 
8 3256 3607 3646 3295 3257 3608 3647 3296 
8 3257 3608 3647 3296 3258 3609 3648 3297 
8 3258 3609 3648 3297 3259 3610 3649 3298 
8 3259 3610 3649 3298 3260 3611 3650 3299 
8 3260 3611 3650 3299 3261 3612 3651 3300 
8 3261 3612 3651 3300 3262 3613 3652 3301 
8 3262 3613 3652 3301 3263 3614 3653 3302 
8 3263 3614 3653 3302 3264 3615 3654 3303 
8 3264 3615 3654 3303 3265 3616 3655 3304 
8 3265 3616 3655 3304 3266 3617 3656 3305 
8 3266 3617 3656 3305 3267 3618 3657 3306 
8 3267 3618 3657 3306 3268 3619 3658 3307 
8 3268 3619 3658 3307 3269 3620 3659 3308 
8 3269 3620 3659 3308 3270 3621 3660 3309 
8 3270 3621 3660 3309 3271 3622 3661 3310 
8 3271 3622 3661 3310 3272 3623 3662 3311 
8 3272 3623 3662 3311 3273 3624 3663 3312 
8 3273 3624 3663 3312 3274 3625 3664 3313 
8 3274 3625 3664 3313 3275 3626 3665 3314 
8 3275 3626 3665 3314 3276 3627 3666 3315 
8 3276 3627 3666 3315 3277 3628 3667 3316 
8 3277 3628 3667 3316 3278 3629 3668 3317 
8 3278 3629 3668 3317 1035 1044 1045 1036 
8 973 982 983 974 3279 3630 3669 3318 
8 3279 3630 3669 3318 3280 3631 3670 3319 
8 3280 3631 3670 3319 3281 3632 3671 3320 
8 3281 3632 3671 3320 3282 3633 3672 3321 
8 3282 3633 3672 3321 3283 3634 3673 3322 
8 3283 3634 3673 3322 3284 3635 3674 3323 
8 3284 3635 3674 3323 3285 3636 3675 3324 
8 3285 3636 3675 3324 3286 3637 3676 3325 
8 3286 3637 3676 3325 3287 3638 3677 3326 
8 3287 3638 3677 3326 3288 3639 3678 3327 
8 3288 3639 3678 3327 3289 3640 3679 3328 
8 3289 3640 3679 3328 3290 3641 3680 3329 
8 3290 3641 3680 3329 3291 3642 3681 3330 
8 3291 3642 3681 3330 3292 3643 3682 3331 
8 3292 3643 3682 3331 3293 3644 3683 3332 
8 3293 3644 3683 3332 3294 3645 3684 3333 
8 3294 3645 3684 3333 3295 3646 3685 3334 
8 3295 3646 3685 3334 3296 3647 3686 3335 
8 3296 3647 3686 3335 3297 3648 3687 3336 
8 3297 3648 3687 3336 3298 3649 3688 3337 
8 3298 3649 3688 3337 3299 3650 3689 3338 
8 3299 3650 3689 3338 3300 3651 3690 3339 
8 3300 3651 3690 3339 3301 3652 3691 3340 
8 3301 3652 3691 3340 3302 3653 3692 3341 
8 3302 3653 3692 3341 3303 3654 3693 3342 
8 3303 3654 3693 3342 3304 3655 3694 3343 
8 3304 3655 3694 3343 3305 3656 3695 3344 
8 3305 3656 3695 3344 3306 3657 3696 3345 
8 3306 3657 3696 3345 3307 3658 3697 3346 
8 3307 3658 3697 3346 3308 3659 3698 3347 
8 3308 3659 3698 3347 3309 3660 3699 3348 
8 3309 3660 3699 3348 3310 3661 3700 3349 
8 3310 3661 3700 3349 3311 3662 3701 3350 
8 3311 3662 3701 3350 3312 3663 3702 3351 
8 3312 3663 3702 3351 3313 3664 3703 3352 
8 3313 3664 3703 3352 3314 3665 3704 3353 
8 3314 3665 3704 3353 3315 3666 3705 3354 
8 3315 3666 3705 3354 3316 3667 3706 3355 
8 3316 3667 3706 3355 3317 3668 3707 3356 
8 3317 3668 3707 3356 1036 1045 1046 1037 
8 974 983 212 211 3318 3669 1524 1485 
8 3318 3669 1524 1485 3319 3670 1525 1486 
8 3319 3670 1525 1486 3320 3671 1526 1487 
8 3320 3671 1526 1487 3321 3672 1527 1488 
8 3321 3672 1527 1488 3322 3673 1528 1489 
8 3322 3673 1528 1489 3323 3674 1529 1490 
8 3323 3674 1529 1490 3324 3675 1530 1491 
8 3324 3675 1530 1491 3325 3676 1531 1492 
8 3325 3676 1531 1492 3326 3677 1532 1493 
8 3326 3677 1532 1493 3327 3678 1533 1494 
8 3327 3678 1533 1494 3328 3679 1534 1495 
8 3328 3679 1534 1495 3329 3680 1535 1496 
8 3329 3680 1535 1496 3330 3681 1536 1497 
8 3330 3681 1536 1497 3331 3682 1537 1498 
8 3331 3682 1537 1498 3332 3683 1538 1499 
8 3332 3683 1538 1499 3333 3684 1539 1500 
8 3333 3684 1539 1500 3334 3685 1540 1501 
8 3334 3685 1540 1501 3335 3686 1541 1502 
8 3335 3686 1541 1502 3336 3687 1542 1503 
8 3336 3687 1542 1503 3337 3688 1543 1504 
8 3337 3688 1543 1504 3338 3689 1544 1505 
8 3338 3689 1544 1505 3339 3690 1545 1506 
8 3339 3690 1545 1506 3340 3691 1546 1507 
8 3340 3691 1546 1507 3341 3692 1547 1508 
8 3341 3692 1547 1508 3342 3693 1548 1509 
8 3342 3693 1548 1509 3343 3694 1549 1510 
8 3343 3694 1549 1510 3344 3695 1550 1511 
8 3344 3695 1550 1511 3345 3696 1551 1512 
8 3345 3696 1551 1512 3346 3697 1552 1513 
8 3346 3697 1552 1513 3347 3698 1553 1514 
8 3347 3698 1553 1514 3348 3699 1554 1515 
8 3348 3699 1554 1515 3349 3700 1555 1516 
8 3349 3700 1555 1516 3350 3701 1556 1517 
8 3350 3701 1556 1517 3351 3702 1557 1518 
8 3351 3702 1557 1518 3352 3703 1558 1519 
8 3352 3703 1558 1519 3353 3704 1559 1520 
8 3353 3704 1559 1520 3354 3705 1560 1521 
8 3354 3705 1560 1521 3355 3706 1561 1522 
8 3355 3706 1561 1522 3356 3707 1562 1523 
8 3356 3707 1562 1523 1037 1046 226 225 
8 205 206 984 975 1251 1290 3708 3357 
8 1251 1290 3708 3357 1252 1291 3709 3358 
8 1252 1291 3709 3358 1253 1292 3710 3359 
8 1253 1292 3710 3359 1254 1293 3711 3360 
8 1254 1293 3711 3360 1255 1294 3712 3361 
8 1255 1294 3712 3361 1256 1295 3713 3362 
8 1256 1295 3713 3362 1257 1296 3714 3363 
8 1257 1296 3714 3363 1258 1297 3715 3364 
8 1258 1297 3715 3364 1259 1298 3716 3365 
8 1259 1298 3716 3365 1260 1299 3717 3366 
8 1260 1299 3717 3366 1261 1300 3718 3367 
8 1261 1300 3718 3367 1262 1301 3719 3368 
8 1262 1301 3719 3368 1263 1302 3720 3369 
8 1263 1302 3720 3369 1264 1303 3721 3370 
8 1264 1303 3721 3370 1265 1304 3722 3371 
8 1265 1304 3722 3371 1266 1305 3723 3372 
8 1266 1305 3723 3372 1267 1306 3724 3373 
8 1267 1306 3724 3373 1268 1307 3725 3374 
8 1268 1307 3725 3374 1269 1308 3726 3375 
8 1269 1308 3726 3375 1270 1309 3727 3376 
8 1270 1309 3727 3376 1271 1310 3728 3377 
8 1271 1310 3728 3377 1272 1311 3729 3378 
8 1272 1311 3729 3378 1273 1312 3730 3379 
8 1273 1312 3730 3379 1274 1313 3731 3380 
8 1274 1313 3731 3380 1275 1314 3732 3381 
8 1275 1314 3732 3381 1276 1315 3733 3382 
8 1276 1315 3733 3382 1277 1316 3734 3383 
8 1277 1316 3734 3383 1278 1317 3735 3384 
8 1278 1317 3735 3384 1279 1318 3736 3385 
8 1279 1318 3736 3385 1280 1319 3737 3386 
8 1280 1319 3737 3386 1281 1320 3738 3387 
8 1281 1320 3738 3387 1282 1321 3739 3388 
8 1282 1321 3739 3388 1283 1322 3740 3389 
8 1283 1322 3740 3389 1284 1323 3741 3390 
8 1284 1323 3741 3390 1285 1324 3742 3391 
8 1285 1324 3742 3391 1286 1325 3743 3392 
8 1286 1325 3743 3392 1287 1326 3744 3393 
8 1287 1326 3744 3393 1288 1327 3745 3394 
8 1288 1327 3745 3394 1289 1328 3746 3395 
8 1289 1328 3746 3395 219 220 1047 1038 
8 975 984 985 976 3357 3708 3747 3396 
8 3357 3708 3747 3396 3358 3709 3748 3397 
8 3358 3709 3748 3397 3359 3710 3749 3398 
8 3359 3710 3749 3398 3360 3711 3750 3399 
8 3360 3711 3750 3399 3361 3712 3751 3400 
8 3361 3712 3751 3400 3362 3713 3752 3401 
8 3362 3713 3752 3401 3363 3714 3753 3402 
8 3363 3714 3753 3402 3364 3715 3754 3403 
8 3364 3715 3754 3403 3365 3716 3755 3404 
8 3365 3716 3755 3404 3366 3717 3756 3405 
8 3366 3717 3756 3405 3367 3718 3757 3406 
8 3367 3718 3757 3406 3368 3719 3758 3407 
8 3368 3719 3758 3407 3369 3720 3759 3408 
8 3369 3720 3759 3408 3370 3721 3760 3409 
8 3370 3721 3760 3409 3371 3722 3761 3410 
8 3371 3722 3761 3410 3372 3723 3762 3411 
8 3372 3723 3762 3411 3373 3724 3763 3412 
8 3373 3724 3763 3412 3374 3725 3764 3413 
8 3374 3725 3764 3413 3375 3726 3765 3414 
8 3375 3726 3765 3414 3376 3727 3766 3415 
8 3376 3727 3766 3415 3377 3728 3767 3416 
8 3377 3728 3767 3416 3378 3729 3768 3417 
8 3378 3729 3768 3417 3379 3730 3769 3418 
8 3379 3730 3769 3418 3380 3731 3770 3419 
8 3380 3731 3770 3419 3381 3732 3771 3420 
8 3381 3732 3771 3420 3382 3733 3772 3421 
8 3382 3733 3772 3421 3383 3734 3773 3422 
8 3383 3734 3773 3422 3384 3735 3774 3423 
8 3384 3735 3774 3423 3385 3736 3775 3424 
8 3385 3736 3775 3424 3386 3737 3776 3425 
8 3386 3737 3776 3425 3387 3738 3777 3426 
8 3387 3738 3777 3426 3388 3739 3778 3427 
8 3388 3739 3778 3427 3389 3740 3779 3428 
8 3389 3740 3779 3428 3390 3741 3780 3429 
8 3390 3741 3780 3429 3391 3742 3781 3430 
8 3391 3742 3781 3430 3392 3743 3782 3431 
8 3392 3743 3782 3431 3393 3744 3783 3432 
8 3393 3744 3783 3432 3394 3745 3784 3433 
8 3394 3745 3784 3433 3395 3746 3785 3434 
8 3395 3746 3785 3434 1038 1047 1048 1039 
8 976 985 986 977 3396 3747 3786 3435 
8 3396 3747 3786 3435 3397 3748 3787 3436 
8 3397 3748 3787 3436 3398 3749 3788 3437 
8 3398 3749 3788 3437 3399 3750 3789 3438 
8 3399 3750 3789 3438 3400 3751 3790 3439 
8 3400 3751 3790 3439 3401 3752 3791 3440 
8 3401 3752 3791 3440 3402 3753 3792 3441 
8 3402 3753 3792 3441 3403 3754 3793 3442 
8 3403 3754 3793 3442 3404 3755 3794 3443 
8 3404 3755 3794 3443 3405 3756 3795 3444 
8 3405 3756 3795 3444 3406 3757 3796 3445 
8 3406 3757 3796 3445 3407 3758 3797 3446 
8 3407 3758 3797 3446 3408 3759 3798 3447 
8 3408 3759 3798 3447 3409 3760 3799 3448 
8 3409 3760 3799 3448 3410 3761 3800 3449 
8 3410 3761 3800 3449 3411 3762 3801 3450 
8 3411 3762 3801 3450 3412 3763 3802 3451 
8 3412 3763 3802 3451 3413 3764 3803 3452 
8 3413 3764 3803 3452 3414 3765 3804 3453 
8 3414 3765 3804 3453 3415 3766 3805 3454 
8 3415 3766 3805 3454 3416 3767 3806 3455 
8 3416 3767 3806 3455 3417 3768 3807 3456 
8 3417 3768 3807 3456 3418 3769 3808 3457 
8 3418 3769 3808 3457 3419 3770 3809 3458 
8 3419 3770 3809 3458 3420 3771 3810 3459 
8 3420 3771 3810 3459 3421 3772 3811 3460 
8 3421 3772 3811 3460 3422 3773 3812 3461 
8 3422 3773 3812 3461 3423 3774 3813 3462 
8 3423 3774 3813 3462 3424 3775 3814 3463 
8 3424 3775 3814 3463 3425 3776 3815 3464 
8 3425 3776 3815 3464 3426 3777 3816 3465 
8 3426 3777 3816 3465 3427 3778 3817 3466 
8 3427 3778 3817 3466 3428 3779 3818 3467 
8 3428 3779 3818 3467 3429 3780 3819 3468 
8 3429 3780 3819 3468 3430 3781 3820 3469 
8 3430 3781 3820 3469 3431 3782 3821 3470 
8 3431 3782 3821 3470 3432 3783 3822 3471 
8 3432 3783 3822 3471 3433 3784 3823 3472 
8 3433 3784 3823 3472 3434 3785 3824 3473 
8 3434 3785 3824 3473 1039 1048 1049 1040 
8 977 986 987 978 3435 3786 3825 3474 
8 3435 3786 3825 3474 3436 3787 3826 3475 
8 3436 3787 3826 3475 3437 3788 3827 3476 
8 3437 3788 3827 3476 3438 3789 3828 3477 
8 3438 3789 3828 3477 3439 3790 3829 3478 
8 3439 3790 3829 3478 3440 3791 3830 3479 
8 3440 3791 3830 3479 3441 3792 3831 3480 
8 3441 3792 3831 3480 3442 3793 3832 3481 
8 3442 3793 3832 3481 3443 3794 3833 3482 
8 3443 3794 3833 3482 3444 3795 3834 3483 
8 3444 3795 3834 3483 3445 3796 3835 3484 
8 3445 3796 3835 3484 3446 3797 3836 3485 
8 3446 3797 3836 3485 3447 3798 3837 3486 
8 3447 3798 3837 3486 3448 3799 3838 3487 
8 3448 3799 3838 3487 3449 3800 3839 3488 
8 3449 3800 3839 3488 3450 3801 3840 3489 
8 3450 3801 3840 3489 3451 3802 3841 3490 
8 3451 3802 3841 3490 3452 3803 3842 3491 
8 3452 3803 3842 3491 3453 3804 3843 3492 
8 3453 3804 3843 3492 3454 3805 3844 3493 
8 3454 3805 3844 3493 3455 3806 3845 3494 
8 3455 3806 3845 3494 3456 3807 3846 3495 
8 3456 3807 3846 3495 3457 3808 3847 3496 
8 3457 3808 3847 3496 3458 3809 3848 3497 
8 3458 3809 3848 3497 3459 3810 3849 3498 
8 3459 3810 3849 3498 3460 3811 3850 3499 
8 3460 3811 3850 3499 3461 3812 3851 3500 
8 3461 3812 3851 3500 3462 3813 3852 3501 
8 3462 3813 3852 3501 3463 3814 3853 3502 
8 3463 3814 3853 3502 3464 3815 3854 3503 
8 3464 3815 3854 3503 3465 3816 3855 3504 
8 3465 3816 3855 3504 3466 3817 3856 3505 
8 3466 3817 3856 3505 3467 3818 3857 3506 
8 3467 3818 3857 3506 3468 3819 3858 3507 
8 3468 3819 3858 3507 3469 3820 3859 3508 
8 3469 3820 3859 3508 3470 3821 3860 3509 
8 3470 3821 3860 3509 3471 3822 3861 3510 
8 3471 3822 3861 3510 3472 3823 3862 3511 
8 3472 3823 3862 3511 3473 3824 3863 3512 
8 3473 3824 3863 3512 1040 1049 1050 1041 
8 978 987 988 979 3474 3825 3864 3513 
8 3474 3825 3864 3513 3475 3826 3865 3514 
8 3475 3826 3865 3514 3476 3827 3866 3515 
8 3476 3827 3866 3515 3477 3828 3867 3516 
8 3477 3828 3867 3516 3478 3829 3868 3517 
8 3478 3829 3868 3517 3479 3830 3869 3518 
8 3479 3830 3869 3518 3480 3831 3870 3519 
8 3480 3831 3870 3519 3481 3832 3871 3520 
8 3481 3832 3871 3520 3482 3833 3872 3521 
8 3482 3833 3872 3521 3483 3834 3873 3522 
8 3483 3834 3873 3522 3484 3835 3874 3523 
8 3484 3835 3874 3523 3485 3836 3875 3524 
8 3485 3836 3875 3524 3486 3837 3876 3525 
8 3486 3837 3876 3525 3487 3838 3877 3526 
8 3487 3838 3877 3526 3488 3839 3878 3527 
8 3488 3839 3878 3527 3489 3840 3879 3528 
8 3489 3840 3879 3528 3490 3841 3880 3529 
8 3490 3841 3880 3529 3491 3842 3881 3530 
8 3491 3842 3881 3530 3492 3843 3882 3531 
8 3492 3843 3882 3531 3493 3844 3883 3532 
8 3493 3844 3883 3532 3494 3845 3884 3533 
8 3494 3845 3884 3533 3495 3846 3885 3534 
8 3495 3846 3885 3534 3496 3847 3886 3535 
8 3496 3847 3886 3535 3497 3848 3887 3536 
8 3497 3848 3887 3536 3498 3849 3888 3537 
8 3498 3849 3888 3537 3499 3850 3889 3538 
8 3499 3850 3889 3538 3500 3851 3890 3539 
8 3500 3851 3890 3539 3501 3852 3891 3540 
8 3501 3852 3891 3540 3502 3853 3892 3541 
8 3502 3853 3892 3541 3503 3854 3893 3542 
8 3503 3854 3893 3542 3504 3855 3894 3543 
8 3504 3855 3894 3543 3505 3856 3895 3544 
8 3505 3856 3895 3544 3506 3857 3896 3545 
8 3506 3857 3896 3545 3507 3858 3897 3546 
8 3507 3858 3897 3546 3508 3859 3898 3547 
8 3508 3859 3898 3547 3509 3860 3899 3548 
8 3509 3860 3899 3548 3510 3861 3900 3549 
8 3510 3861 3900 3549 3511 3862 3901 3550 
8 3511 3862 3901 3550 3512 3863 3902 3551 
8 3512 3863 3902 3551 1041 1050 1051 1042 
8 979 988 989 980 3513 3864 3903 3552 
8 3513 3864 3903 3552 3514 3865 3904 3553 
8 3514 3865 3904 3553 3515 3866 3905 3554 
8 3515 3866 3905 3554 3516 3867 3906 3555 
8 3516 3867 3906 3555 3517 3868 3907 3556 
8 3517 3868 3907 3556 3518 3869 3908 3557 
8 3518 3869 3908 3557 3519 3870 3909 3558 
8 3519 3870 3909 3558 3520 3871 3910 3559 
8 3520 3871 3910 3559 3521 3872 3911 3560 
8 3521 3872 3911 3560 3522 3873 3912 3561 
8 3522 3873 3912 3561 3523 3874 3913 3562 
8 3523 3874 3913 3562 3524 3875 3914 3563 
8 3524 3875 3914 3563 3525 3876 3915 3564 
8 3525 3876 3915 3564 3526 3877 3916 3565 
8 3526 3877 3916 3565 3527 3878 3917 3566 
8 3527 3878 3917 3566 3528 3879 3918 3567 
8 3528 3879 3918 3567 3529 3880 3919 3568 
8 3529 3880 3919 3568 3530 3881 3920 3569 
8 3530 3881 3920 3569 3531 3882 3921 3570 
8 3531 3882 3921 3570 3532 3883 3922 3571 
8 3532 3883 3922 3571 3533 3884 3923 3572 
8 3533 3884 3923 3572 3534 3885 3924 3573 
8 3534 3885 3924 3573 3535 3886 3925 3574 
8 3535 3886 3925 3574 3536 3887 3926 3575 
8 3536 3887 3926 3575 3537 3888 3927 3576 
8 3537 3888 3927 3576 3538 3889 3928 3577 
8 3538 3889 3928 3577 3539 3890 3929 3578 
8 3539 3890 3929 3578 3540 3891 3930 3579 
8 3540 3891 3930 3579 3541 3892 3931 3580 
8 3541 3892 3931 3580 3542 3893 3932 3581 
8 3542 3893 3932 3581 3543 3894 3933 3582 
8 3543 3894 3933 3582 3544 3895 3934 3583 
8 3544 3895 3934 3583 3545 3896 3935 3584 
8 3545 3896 3935 3584 3546 3897 3936 3585 
8 3546 3897 3936 3585 3547 3898 3937 3586 
8 3547 3898 3937 3586 3548 3899 3938 3587 
8 3548 3899 3938 3587 3549 3900 3939 3588 
8 3549 3900 3939 3588 3550 3901 3940 3589 
8 3550 3901 3940 3589 3551 3902 3941 3590 
8 3551 3902 3941 3590 1042 1051 1052 1043 
8 980 989 990 981 3552 3903 3942 3591 
8 3552 3903 3942 3591 3553 3904 3943 3592 
8 3553 3904 3943 3592 3554 3905 3944 3593 
8 3554 3905 3944 3593 3555 3906 3945 3594 
8 3555 3906 3945 3594 3556 3907 3946 3595 
8 3556 3907 3946 3595 3557 3908 3947 3596 
8 3557 3908 3947 3596 3558 3909 3948 3597 
8 3558 3909 3948 3597 3559 3910 3949 3598 
8 3559 3910 3949 3598 3560 3911 3950 3599 
8 3560 3911 3950 3599 3561 3912 3951 3600 
8 3561 3912 3951 3600 3562 3913 3952 3601 
8 3562 3913 3952 3601 3563 3914 3953 3602 
8 3563 3914 3953 3602 3564 3915 3954 3603 
8 3564 3915 3954 3603 3565 3916 3955 3604 
8 3565 3916 3955 3604 3566 3917 3956 3605 
8 3566 3917 3956 3605 3567 3918 3957 3606 
8 3567 3918 3957 3606 3568 3919 3958 3607 
8 3568 3919 3958 3607 3569 3920 3959 3608 
8 3569 3920 3959 3608 3570 3921 3960 3609 
8 3570 3921 3960 3609 3571 3922 3961 3610 
8 3571 3922 3961 3610 3572 3923 3962 3611 
8 3572 3923 3962 3611 3573 3924 3963 3612 
8 3573 3924 3963 3612 3574 3925 3964 3613 
8 3574 3925 3964 3613 3575 3926 3965 3614 
8 3575 3926 3965 3614 3576 3927 3966 3615 
8 3576 3927 3966 3615 3577 3928 3967 3616 
8 3577 3928 3967 3616 3578 3929 3968 3617 
8 3578 3929 3968 3617 3579 3930 3969 3618 
8 3579 3930 3969 3618 3580 3931 3970 3619 
8 3580 3931 3970 3619 3581 3932 3971 3620 
8 3581 3932 3971 3620 3582 3933 3972 3621 
8 3582 3933 3972 3621 3583 3934 3973 3622 
8 3583 3934 3973 3622 3584 3935 3974 3623 
8 3584 3935 3974 3623 3585 3936 3975 3624 
8 3585 3936 3975 3624 3586 3937 3976 3625 
8 3586 3937 3976 3625 3587 3938 3977 3626 
8 3587 3938 3977 3626 3588 3939 3978 3627 
8 3588 3939 3978 3627 3589 3940 3979 3628 
8 3589 3940 3979 3628 3590 3941 3980 3629 
8 3590 3941 3980 3629 1043 1052 1053 1044 
8 981 990 991 982 3591 3942 3981 3630 
8 3591 3942 3981 3630 3592 3943 3982 3631 
8 3592 3943 3982 3631 3593 3944 3983 3632 
8 3593 3944 3983 3632 3594 3945 3984 3633 
8 3594 3945 3984 3633 3595 3946 3985 3634 
8 3595 3946 3985 3634 3596 3947 3986 3635 
8 3596 3947 3986 3635 3597 3948 3987 3636 
8 3597 3948 3987 3636 3598 3949 3988 3637 
8 3598 3949 3988 3637 3599 3950 3989 3638 
8 3599 3950 3989 3638 3600 3951 3990 3639 
8 3600 3951 3990 3639 3601 3952 3991 3640 
8 3601 3952 3991 3640 3602 3953 3992 3641 
8 3602 3953 3992 3641 3603 3954 3993 3642 
8 3603 3954 3993 3642 3604 3955 3994 3643 
8 3604 3955 3994 3643 3605 3956 3995 3644 
8 3605 3956 3995 3644 3606 3957 3996 3645 
8 3606 3957 3996 3645 3607 3958 3997 3646 
8 3607 3958 3997 3646 3608 3959 3998 3647 
8 3608 3959 3998 3647 3609 3960 3999 3648 
8 3609 3960 3999 3648 3610 3961 4000 3649 
8 3610 3961 4000 3649 3611 3962 4001 3650 
8 3611 3962 4001 3650 3612 3963 4002 3651 
8 3612 3963 4002 3651 3613 3964 4003 3652 
8 3613 3964 4003 3652 3614 3965 4004 3653 
8 3614 3965 4004 3653 3615 3966 4005 3654 
8 3615 3966 4005 3654 3616 3967 4006 3655 
8 3616 3967 4006 3655 3617 3968 4007 3656 
8 3617 3968 4007 3656 3618 3969 4008 3657 
8 3618 3969 4008 3657 3619 3970 4009 3658 
8 3619 3970 4009 3658 3620 3971 4010 3659 
8 3620 3971 4010 3659 3621 3972 4011 3660 
8 3621 3972 4011 3660 3622 3973 4012 3661 
8 3622 3973 4012 3661 3623 3974 4013 3662 
8 3623 3974 4013 3662 3624 3975 4014 3663 
8 3624 3975 4014 3663 3625 3976 4015 3664 
8 3625 3976 4015 3664 3626 3977 4016 3665 
8 3626 3977 4016 3665 3627 3978 4017 3666 
8 3627 3978 4017 3666 3628 3979 4018 3667 
8 3628 3979 4018 3667 3629 3980 4019 3668 
8 3629 3980 4019 3668 1044 1053 1054 1045 
8 982 991 992 983 3630 3981 4020 3669 
8 3630 3981 4020 3669 3631 3982 4021 3670 
8 3631 3982 4021 3670 3632 3983 4022 3671 
8 3632 3983 4022 3671 3633 3984 4023 3672 
8 3633 3984 4023 3672 3634 3985 4024 3673 
8 3634 3985 4024 3673 3635 3986 4025 3674 
8 3635 3986 4025 3674 3636 3987 4026 3675 
8 3636 3987 4026 3675 3637 3988 4027 3676 
8 3637 3988 4027 3676 3638 3989 4028 3677 
8 3638 3989 4028 3677 3639 3990 4029 3678 
8 3639 3990 4029 3678 3640 3991 4030 3679 
8 3640 3991 4030 3679 3641 3992 4031 3680 
8 3641 3992 4031 3680 3642 3993 4032 3681 
8 3642 3993 4032 3681 3643 3994 4033 3682 
8 3643 3994 4033 3682 3644 3995 4034 3683 
8 3644 3995 4034 3683 3645 3996 4035 3684 
8 3645 3996 4035 3684 3646 3997 4036 3685 
8 3646 3997 4036 3685 3647 3998 4037 3686 
8 3647 3998 4037 3686 3648 3999 4038 3687 
8 3648 3999 4038 3687 3649 4000 4039 3688 
8 3649 4000 4039 3688 3650 4001 4040 3689 
8 3650 4001 4040 3689 3651 4002 4041 3690 
8 3651 4002 4041 3690 3652 4003 4042 3691 
8 3652 4003 4042 3691 3653 4004 4043 3692 
8 3653 4004 4043 3692 3654 4005 4044 3693 
8 3654 4005 4044 3693 3655 4006 4045 3694 
8 3655 4006 4045 3694 3656 4007 4046 3695 
8 3656 4007 4046 3695 3657 4008 4047 3696 
8 3657 4008 4047 3696 3658 4009 4048 3697 
8 3658 4009 4048 3697 3659 4010 4049 3698 
8 3659 4010 4049 3698 3660 4011 4050 3699 
8 3660 4011 4050 3699 3661 4012 4051 3700 
8 3661 4012 4051 3700 3662 4013 4052 3701 
8 3662 4013 4052 3701 3663 4014 4053 3702 
8 3663 4014 4053 3702 3664 4015 4054 3703 
8 3664 4015 4054 3703 3665 4016 4055 3704 
8 3665 4016 4055 3704 3666 4017 4056 3705 
8 3666 4017 4056 3705 3667 4018 4057 3706 
8 3667 4018 4057 3706 3668 4019 4058 3707 
8 3668 4019 4058 3707 1045 1054 1055 1046 
8 983 992 213 212 3669 4020 1563 1524 
8 3669 4020 1563 1524 3670 4021 1564 1525 
8 3670 4021 1564 1525 3671 4022 1565 1526 
8 3671 4022 1565 1526 3672 4023 1566 1527 
8 3672 4023 1566 1527 3673 4024 1567 1528 
8 3673 4024 1567 1528 3674 4025 1568 1529 
8 3674 4025 1568 1529 3675 4026 1569 1530 
8 3675 4026 1569 1530 3676 4027 1570 1531 
8 3676 4027 1570 1531 3677 4028 1571 1532 
8 3677 4028 1571 1532 3678 4029 1572 1533 
8 3678 4029 1572 1533 3679 4030 1573 1534 
8 3679 4030 1573 1534 3680 4031 1574 1535 
8 3680 4031 1574 1535 3681 4032 1575 1536 
8 3681 4032 1575 1536 3682 4033 1576 1537 
8 3682 4033 1576 1537 3683 4034 1577 1538 
8 3683 4034 1577 1538 3684 4035 1578 1539 
8 3684 4035 1578 1539 3685 4036 1579 1540 
8 3685 4036 1579 1540 3686 4037 1580 1541 
8 3686 4037 1580 1541 3687 4038 1581 1542 
8 3687 4038 1581 1542 3688 4039 1582 1543 
8 3688 4039 1582 1543 3689 4040 1583 1544 
8 3689 4040 1583 1544 3690 4041 1584 1545 
8 3690 4041 1584 1545 3691 4042 1585 1546 
8 3691 4042 1585 1546 3692 4043 1586 1547 
8 3692 4043 1586 1547 3693 4044 1587 1548 
8 3693 4044 1587 1548 3694 4045 1588 1549 
8 3694 4045 1588 1549 3695 4046 1589 1550 
8 3695 4046 1589 1550 3696 4047 1590 1551 
8 3696 4047 1590 1551 3697 4048 1591 1552 
8 3697 4048 1591 1552 3698 4049 1592 1553 
8 3698 4049 1592 1553 3699 4050 1593 1554 
8 3699 4050 1593 1554 3700 4051 1594 1555 
8 3700 4051 1594 1555 3701 4052 1595 1556 
8 3701 4052 1595 1556 3702 4053 1596 1557 
8 3702 4053 1596 1557 3703 4054 1597 1558 
8 3703 4054 1597 1558 3704 4055 1598 1559 
8 3704 4055 1598 1559 3705 4056 1599 1560 
8 3705 4056 1599 1560 3706 4057 1600 1561 
8 3706 4057 1600 1561 3707 4058 1601 1562 
8 3707 4058 1601 1562 1046 1055 227 226 
8 206 0 8 984 1290 26 228 3708 
8 1290 26 228 3708 1291 27 229 3709 
8 1291 27 229 3709 1292 28 230 3710 
8 1292 28 230 3710 1293 29 231 3711 
8 1293 29 231 3711 1294 30 232 3712 
8 1294 30 232 3712 1295 31 233 3713 
8 1295 31 233 3713 1296 32 234 3714 
8 1296 32 234 3714 1297 33 235 3715 
8 1297 33 235 3715 1298 34 236 3716 
8 1298 34 236 3716 1299 35 237 3717 
8 1299 35 237 3717 1300 36 238 3718 
8 1300 36 238 3718 1301 37 239 3719 
8 1301 37 239 3719 1302 38 240 3720 
8 1302 38 240 3720 1303 39 241 3721 
8 1303 39 241 3721 1304 40 242 3722 
8 1304 40 242 3722 1305 41 243 3723 
8 1305 41 243 3723 1306 42 244 3724 
8 1306 42 244 3724 1307 43 245 3725 
8 1307 43 245 3725 1308 44 246 3726 
8 1308 44 246 3726 1309 45 247 3727 
8 1309 45 247 3727 1310 46 248 3728 
8 1310 46 248 3728 1311 47 249 3729 
8 1311 47 249 3729 1312 48 250 3730 
8 1312 48 250 3730 1313 49 251 3731 
8 1313 49 251 3731 1314 50 252 3732 
8 1314 50 252 3732 1315 51 253 3733 
8 1315 51 253 3733 1316 52 254 3734 
8 1316 52 254 3734 1317 53 255 3735 
8 1317 53 255 3735 1318 54 256 3736 
8 1318 54 256 3736 1319 55 257 3737 
8 1319 55 257 3737 1320 56 258 3738 
8 1320 56 258 3738 1321 57 259 3739 
8 1321 57 259 3739 1322 58 260 3740 
8 1322 58 260 3740 1323 59 261 3741 
8 1323 59 261 3741 1324 60 262 3742 
8 1324 60 262 3742 1325 61 263 3743 
8 1325 61 263 3743 1326 62 264 3744 
8 1326 62 264 3744 1327 63 265 3745 
8 1327 63 265 3745 1328 64 266 3746 
8 1328 64 266 3746 220 2 17 1047 
8 984 8 9 985 3708 228 267 3747 
8 3708 228 267 3747 3709 229 268 3748 
8 3709 229 268 3748 3710 230 269 3749 
8 3710 230 269 3749 3711 231 270 3750 
8 3711 231 270 3750 3712 232 271 3751 
8 3712 232 271 3751 3713 233 272 3752 
8 3713 233 272 3752 3714 234 273 3753 
8 3714 234 273 3753 3715 235 274 3754 
8 3715 235 274 3754 3716 236 275 3755 
8 3716 236 275 3755 3717 237 276 3756 
8 3717 237 276 3756 3718 238 277 3757 
8 3718 238 277 3757 3719 239 278 3758 
8 3719 239 278 3758 3720 240 279 3759 
8 3720 240 279 3759 3721 241 280 3760 
8 3721 241 280 3760 3722 242 281 3761 
8 3722 242 281 3761 3723 243 282 3762 
8 3723 243 282 3762 3724 244 283 3763 
8 3724 244 283 3763 3725 245 284 3764 
8 3725 245 284 3764 3726 246 285 3765 
8 3726 246 285 3765 3727 247 286 3766 
8 3727 247 286 3766 3728 248 287 3767 
8 3728 248 287 3767 3729 249 288 3768 
8 3729 249 288 3768 3730 250 289 3769 
8 3730 250 289 3769 3731 251 290 3770 
8 3731 251 290 3770 3732 252 291 3771 
8 3732 252 291 3771 3733 253 292 3772 
8 3733 253 292 3772 3734 254 293 3773 
8 3734 254 293 3773 3735 255 294 3774 
8 3735 255 294 3774 3736 256 295 3775 
8 3736 256 295 3775 3737 257 296 3776 
8 3737 257 296 3776 3738 258 297 3777 
8 3738 258 297 3777 3739 259 298 3778 
8 3739 259 298 3778 3740 260 299 3779 
8 3740 260 299 3779 3741 261 300 3780 
8 3741 261 300 3780 3742 262 301 3781 
8 3742 262 301 3781 3743 263 302 3782 
8 3743 263 302 3782 3744 264 303 3783 
8 3744 264 303 3783 3745 265 304 3784 
8 3745 265 304 3784 3746 266 305 3785 
8 3746 266 305 3785 1047 17 18 1048 
8 985 9 10 986 3747 267 306 3786 
8 3747 267 306 3786 3748 268 307 3787 
8 3748 268 307 3787 3749 269 308 3788 
8 3749 269 308 3788 3750 270 309 3789 
8 3750 270 309 3789 3751 271 310 3790 
8 3751 271 310 3790 3752 272 311 3791 
8 3752 272 311 3791 3753 273 312 3792 
8 3753 273 312 3792 3754 274 313 3793 
8 3754 274 313 3793 3755 275 314 3794 
8 3755 275 314 3794 3756 276 315 3795 
8 3756 276 315 3795 3757 277 316 3796 
8 3757 277 316 3796 3758 278 317 3797 
8 3758 278 317 3797 3759 279 318 3798 
8 3759 279 318 3798 3760 280 319 3799 
8 3760 280 319 3799 3761 281 320 3800 
8 3761 281 320 3800 3762 282 321 3801 
8 3762 282 321 3801 3763 283 322 3802 
8 3763 283 322 3802 3764 284 323 3803 
8 3764 284 323 3803 3765 285 324 3804 
8 3765 285 324 3804 3766 286 325 3805 
8 3766 286 325 3805 3767 287 326 3806 
8 3767 287 326 3806 3768 288 327 3807 
8 3768 288 327 3807 3769 289 328 3808 
8 3769 289 328 3808 3770 290 329 3809 
8 3770 290 329 3809 3771 291 330 3810 
8 3771 291 330 3810 3772 292 331 3811 
8 3772 292 331 3811 3773 293 332 3812 
8 3773 293 332 3812 3774 294 333 3813 
8 3774 294 333 3813 3775 295 334 3814 
8 3775 295 334 3814 3776 296 335 3815 
8 3776 296 335 3815 3777 297 336 3816 
8 3777 297 336 3816 3778 298 337 3817 
8 3778 298 337 3817 3779 299 338 3818 
8 3779 299 338 3818 3780 300 339 3819 
8 3780 300 339 3819 3781 301 340 3820 
8 3781 301 340 3820 3782 302 341 3821 
8 3782 302 341 3821 3783 303 342 3822 
8 3783 303 342 3822 3784 304 343 3823 
8 3784 304 343 3823 3785 305 344 3824 
8 3785 305 344 3824 1048 18 19 1049 
8 986 10 11 987 3786 306 345 3825 
8 3786 306 345 3825 3787 307 346 3826 
8 3787 307 346 3826 3788 308 347 3827 
8 3788 308 347 3827 3789 309 348 3828 
8 3789 309 348 3828 3790 310 349 3829 
8 3790 310 349 3829 3791 311 350 3830 
8 3791 311 350 3830 3792 312 351 3831 
8 3792 312 351 3831 3793 313 352 3832 
8 3793 313 352 3832 3794 314 353 3833 
8 3794 314 353 3833 3795 315 354 3834 
8 3795 315 354 3834 3796 316 355 3835 
8 3796 316 355 3835 3797 317 356 3836 
8 3797 317 356 3836 3798 318 357 3837 
8 3798 318 357 3837 3799 319 358 3838 
8 3799 319 358 3838 3800 320 359 3839 
8 3800 320 359 3839 3801 321 360 3840 
8 3801 321 360 3840 3802 322 361 3841 
8 3802 322 361 3841 3803 323 362 3842 
8 3803 323 362 3842 3804 324 363 3843 
8 3804 324 363 3843 3805 325 364 3844 
8 3805 325 364 3844 3806 326 365 3845 
8 3806 326 365 3845 3807 327 366 3846 
8 3807 327 366 3846 3808 328 367 3847 
8 3808 328 367 3847 3809 329 368 3848 
8 3809 329 368 3848 3810 330 369 3849 
8 3810 330 369 3849 3811 331 370 3850 
8 3811 331 370 3850 3812 332 371 3851 
8 3812 332 371 3851 3813 333 372 3852 
8 3813 333 372 3852 3814 334 373 3853 
8 3814 334 373 3853 3815 335 374 3854 
8 3815 335 374 3854 3816 336 375 3855 
8 3816 336 375 3855 3817 337 376 3856 
8 3817 337 376 3856 3818 338 377 3857 
8 3818 338 377 3857 3819 339 378 3858 
8 3819 339 378 3858 3820 340 379 3859 
8 3820 340 379 3859 3821 341 380 3860 
8 3821 341 380 3860 3822 342 381 3861 
8 3822 342 381 3861 3823 343 382 3862 
8 3823 343 382 3862 3824 344 383 3863 
8 3824 344 383 3863 1049 19 20 1050 
8 987 11 12 988 3825 345 384 3864 
8 3825 345 384 3864 3826 346 385 3865 
8 3826 346 385 3865 3827 347 386 3866 
8 3827 347 386 3866 3828 348 387 3867 
8 3828 348 387 3867 3829 349 388 3868 
8 3829 349 388 3868 3830 350 389 3869 
8 3830 350 389 3869 3831 351 390 3870 
8 3831 351 390 3870 3832 352 391 3871 
8 3832 352 391 3871 3833 353 392 3872 
8 3833 353 392 3872 3834 354 393 3873 
8 3834 354 393 3873 3835 355 394 3874 
8 3835 355 394 3874 3836 356 395 3875 
8 3836 356 395 3875 3837 357 396 3876 
8 3837 357 396 3876 3838 358 397 3877 
8 3838 358 397 3877 3839 359 398 3878 
8 3839 359 398 3878 3840 360 399 3879 
8 3840 360 399 3879 3841 361 400 3880 
8 3841 361 400 3880 3842 362 401 3881 
8 3842 362 401 3881 3843 363 402 3882 
8 3843 363 402 3882 3844 364 403 3883 
8 3844 364 403 3883 3845 365 404 3884 
8 3845 365 404 3884 3846 366 405 3885 
8 3846 366 405 3885 3847 367 406 3886 
8 3847 367 406 3886 3848 368 407 3887 
8 3848 368 407 3887 3849 369 408 3888 
8 3849 369 408 3888 3850 370 409 3889 
8 3850 370 409 3889 3851 371 410 3890 
8 3851 371 410 3890 3852 372 411 3891 
8 3852 372 411 3891 3853 373 412 3892 
8 3853 373 412 3892 3854 374 413 3893 
8 3854 374 413 3893 3855 375 414 3894 
8 3855 375 414 3894 3856 376 415 3895 
8 3856 376 415 3895 3857 377 416 3896 
8 3857 377 416 3896 3858 378 417 3897 
8 3858 378 417 3897 3859 379 418 3898 
8 3859 379 418 3898 3860 380 419 3899 
8 3860 380 419 3899 3861 381 420 3900 
8 3861 381 420 3900 3862 382 421 3901 
8 3862 382 421 3901 3863 383 422 3902 
8 3863 383 422 3902 1050 20 21 1051 
8 988 12 13 989 3864 384 423 3903 
8 3864 384 423 3903 3865 385 424 3904 
8 3865 385 424 3904 3866 386 425 3905 
8 3866 386 425 3905 3867 387 426 3906 
8 3867 387 426 3906 3868 388 427 3907 
8 3868 388 427 3907 3869 389 428 3908 
8 3869 389 428 3908 3870 390 429 3909 
8 3870 390 429 3909 3871 391 430 3910 
8 3871 391 430 3910 3872 392 431 3911 
8 3872 392 431 3911 3873 393 432 3912 
8 3873 393 432 3912 3874 394 433 3913 
8 3874 394 433 3913 3875 395 434 3914 
8 3875 395 434 3914 3876 396 435 3915 
8 3876 396 435 3915 3877 397 436 3916 
8 3877 397 436 3916 3878 398 437 3917 
8 3878 398 437 3917 3879 399 438 3918 
8 3879 399 438 3918 3880 400 439 3919 
8 3880 400 439 3919 3881 401 440 3920 
8 3881 401 440 3920 3882 402 441 3921 
8 3882 402 441 3921 3883 403 442 3922 
8 3883 403 442 3922 3884 404 443 3923 
8 3884 404 443 3923 3885 405 444 3924 
8 3885 405 444 3924 3886 406 445 3925 
8 3886 406 445 3925 3887 407 446 3926 
8 3887 407 446 3926 3888 408 447 3927 
8 3888 408 447 3927 3889 409 448 3928 
8 3889 409 448 3928 3890 410 449 3929 
8 3890 410 449 3929 3891 411 450 3930 
8 3891 411 450 3930 3892 412 451 3931 
8 3892 412 451 3931 3893 413 452 3932 
8 3893 413 452 3932 3894 414 453 3933 
8 3894 414 453 3933 3895 415 454 3934 
8 3895 415 454 3934 3896 416 455 3935 
8 3896 416 455 3935 3897 417 456 3936 
8 3897 417 456 3936 3898 418 457 3937 
8 3898 418 457 3937 3899 419 458 3938 
8 3899 419 458 3938 3900 420 459 3939 
8 3900 420 459 3939 3901 421 460 3940 
8 3901 421 460 3940 3902 422 461 3941 
8 3902 422 461 3941 1051 21 22 1052 
8 989 13 14 990 3903 423 462 3942 
8 3903 423 462 3942 3904 424 463 3943 
8 3904 424 463 3943 3905 425 464 3944 
8 3905 425 464 3944 3906 426 465 3945 
8 3906 426 465 3945 3907 427 466 3946 
8 3907 427 466 3946 3908 428 467 3947 
8 3908 428 467 3947 3909 429 468 3948 
8 3909 429 468 3948 3910 430 469 3949 
8 3910 430 469 3949 3911 431 470 3950 
8 3911 431 470 3950 3912 432 471 3951 
8 3912 432 471 3951 3913 433 472 3952 
8 3913 433 472 3952 3914 434 473 3953 
8 3914 434 473 3953 3915 435 474 3954 
8 3915 435 474 3954 3916 436 475 3955 
8 3916 436 475 3955 3917 437 476 3956 
8 3917 437 476 3956 3918 438 477 3957 
8 3918 438 477 3957 3919 439 478 3958 
8 3919 439 478 3958 3920 440 479 3959 
8 3920 440 479 3959 3921 441 480 3960 
8 3921 441 480 3960 3922 442 481 3961 
8 3922 442 481 3961 3923 443 482 3962 
8 3923 443 482 3962 3924 444 483 3963 
8 3924 444 483 3963 3925 445 484 3964 
8 3925 445 484 3964 3926 446 485 3965 
8 3926 446 485 3965 3927 447 486 3966 
8 3927 447 486 3966 3928 448 487 3967 
8 3928 448 487 3967 3929 449 488 3968 
8 3929 449 488 3968 3930 450 489 3969 
8 3930 450 489 3969 3931 451 490 3970 
8 3931 451 490 3970 3932 452 491 3971 
8 3932 452 491 3971 3933 453 492 3972 
8 3933 453 492 3972 3934 454 493 3973 
8 3934 454 493 3973 3935 455 494 3974 
8 3935 455 494 3974 3936 456 495 3975 
8 3936 456 495 3975 3937 457 496 3976 
8 3937 457 496 3976 3938 458 497 3977 
8 3938 458 497 3977 3939 459 498 3978 
8 3939 459 498 3978 3940 460 499 3979 
8 3940 460 499 3979 3941 461 500 3980 
8 3941 461 500 3980 1052 22 23 1053 
8 990 14 15 991 3942 462 501 3981 
8 3942 462 501 3981 3943 463 502 3982 
8 3943 463 502 3982 3944 464 503 3983 
8 3944 464 503 3983 3945 465 504 3984 
8 3945 465 504 3984 3946 466 505 3985 
8 3946 466 505 3985 3947 467 506 3986 
8 3947 467 506 3986 3948 468 507 3987 
8 3948 468 507 3987 3949 469 508 3988 
8 3949 469 508 3988 3950 470 509 3989 
8 3950 470 509 3989 3951 471 510 3990 
8 3951 471 510 3990 3952 472 511 3991 
8 3952 472 511 3991 3953 473 512 3992 
8 3953 473 512 3992 3954 474 513 3993 
8 3954 474 513 3993 3955 475 514 3994 
8 3955 475 514 3994 3956 476 515 3995 
8 3956 476 515 3995 3957 477 516 3996 
8 3957 477 516 3996 3958 478 517 3997 
8 3958 478 517 3997 3959 479 518 3998 
8 3959 479 518 3998 3960 480 519 3999 
8 3960 480 519 3999 3961 481 520 4000 
8 3961 481 520 4000 3962 482 521 4001 
8 3962 482 521 4001 3963 483 522 4002 
8 3963 483 522 4002 3964 484 523 4003 
8 3964 484 523 4003 3965 485 524 4004 
8 3965 485 524 4004 3966 486 525 4005 
8 3966 486 525 4005 3967 487 526 4006 
8 3967 487 526 4006 3968 488 527 4007 
8 3968 488 527 4007 3969 489 528 4008 
8 3969 489 528 4008 3970 490 529 4009 
8 3970 490 529 4009 3971 491 530 4010 
8 3971 491 530 4010 3972 492 531 4011 
8 3972 492 531 4011 3973 493 532 4012 
8 3973 493 532 4012 3974 494 533 4013 
8 3974 494 533 4013 3975 495 534 4014 
8 3975 495 534 4014 3976 496 535 4015 
8 3976 496 535 4015 3977 497 536 4016 
8 3977 497 536 4016 3978 498 537 4017 
8 3978 498 537 4017 3979 499 538 4018 
8 3979 499 538 4018 3980 500 539 4019 
8 3980 500 539 4019 1053 23 24 1054 
8 991 15 16 992 3981 501 540 4020 
8 3981 501 540 4020 3982 502 541 4021 
8 3982 502 541 4021 3983 503 542 4022 
8 3983 503 542 4022 3984 504 543 4023 
8 3984 504 543 4023 3985 505 544 4024 
8 3985 505 544 4024 3986 506 545 4025 
8 3986 506 545 4025 3987 507 546 4026 
8 3987 507 546 4026 3988 508 547 4027 
8 3988 508 547 4027 3989 509 548 4028 
8 3989 509 548 4028 3990 510 549 4029 
8 3990 510 549 4029 3991 511 550 4030 
8 3991 511 550 4030 3992 512 551 4031 
8 3992 512 551 4031 3993 513 552 4032 
8 3993 513 552 4032 3994 514 553 4033 
8 3994 514 553 4033 3995 515 554 4034 
8 3995 515 554 4034 3996 516 555 4035 
8 3996 516 555 4035 3997 517 556 4036 
8 3997 517 556 4036 3998 518 557 4037 
8 3998 518 557 4037 3999 519 558 4038 
8 3999 519 558 4038 4000 520 559 4039 
8 4000 520 559 4039 4001 521 560 4040 
8 4001 521 560 4040 4002 522 561 4041 
8 4002 522 561 4041 4003 523 562 4042 
8 4003 523 562 4042 4004 524 563 4043 
8 4004 524 563 4043 4005 525 564 4044 
8 4005 525 564 4044 4006 526 565 4045 
8 4006 526 565 4045 4007 527 566 4046 
8 4007 527 566 4046 4008 528 567 4047 
8 4008 528 567 4047 4009 529 568 4048 
8 4009 529 568 4048 4010 530 569 4049 
8 4010 530 569 4049 4011 531 570 4050 
8 4011 531 570 4050 4012 532 571 4051 
8 4012 532 571 4051 4013 533 572 4052 
8 4013 533 572 4052 4014 534 573 4053 
8 4014 534 573 4053 4015 535 574 4054 
8 4015 535 574 4054 4016 536 575 4055 
8 4016 536 575 4055 4017 537 576 4056 
8 4017 537 576 4056 4018 538 577 4057 
8 4018 538 577 4057 4019 539 578 4058 
8 4019 539 578 4058 1054 24 25 1055 
8 992 16 1 213 4020 540 65 1563 
8 4020 540 65 1563 4021 541 66 1564 
8 4021 541 66 1564 4022 542 67 1565 
8 4022 542 67 1565 4023 543 68 1566 
8 4023 543 68 1566 4024 544 69 1567 
8 4024 544 69 1567 4025 545 70 1568 
8 4025 545 70 1568 4026 546 71 1569 
8 4026 546 71 1569 4027 547 72 1570 
8 4027 547 72 1570 4028 548 73 1571 
8 4028 548 73 1571 4029 549 74 1572 
8 4029 549 74 1572 4030 550 75 1573 
8 4030 550 75 1573 4031 551 76 1574 
8 4031 551 76 1574 4032 552 77 1575 
8 4032 552 77 1575 4033 553 78 1576 
8 4033 553 78 1576 4034 554 79 1577 
8 4034 554 79 1577 4035 555 80 1578 
8 4035 555 80 1578 4036 556 81 1579 
8 4036 556 81 1579 4037 557 82 1580 
8 4037 557 82 1580 4038 558 83 1581 
8 4038 558 83 1581 4039 559 84 1582 
8 4039 559 84 1582 4040 560 85 1583 
8 4040 560 85 1583 4041 561 86 1584 
8 4041 561 86 1584 4042 562 87 1585 
8 4042 562 87 1585 4043 563 88 1586 
8 4043 563 88 1586 4044 564 89 1587 
8 4044 564 89 1587 4045 565 90 1588 
8 4045 565 90 1588 4046 566 91 1589 
8 4046 566 91 1589 4047 567 92 1590 
8 4047 567 92 1590 4048 568 93 1591 
8 4048 568 93 1591 4049 569 94 1592 
8 4049 569 94 1592 4050 570 95 1593 
8 4050 570 95 1593 4051 571 96 1594 
8 4051 571 96 1594 4052 572 97 1595 
8 4052 572 97 1595 4053 573 98 1596 
8 4053 573 98 1596 4054 574 99 1597 
8 4054 574 99 1597 4055 575 100 1598 
8 4055 575 100 1598 4056 576 101 1599 
8 4056 576 101 1599 4057 577 102 1600 
8 4057 577 102 1600 4058 578 103 1601 
8 4058 578 103 1601 1055 25 3 227 

CELL_TYPES 3200
12
12
12
12
12
12
12
12
12
12
12
12
12
12
12
12
12
12
12
12
12
12
12
12
12
12
12
12
12
12
12
12
12
12
12
12
12
12
12
12
12
12
12
12
12
12
12
12
12
12
12
12
12
12
12
12
12
12
12
12
12
12
12
12
12
12
12
12
12
12
12
12
12
12
12
12
12
12
12
12
12
12
12
12
12
12
12
12
12
12
12
12
12
12
12
12
12
12
12
12
12
12
12
12
12
12
12
12
12
12
12
12
12
12
12
12
12
12
12
12
12
12
12
12
12
12
12
12
12
12
12
12
12
12
12
12
12
12
12
12
12
12
12
12
12
12
12
12
12
12
12
12
12
12
12
12
12
12
12
12
12
12
12
12
12
12
12
12
12
12
12
12
12
12
12
12
12
12
12
12
12
12
12
12
12
12
12
12
12
12
12
12
12
12
12
12
12
12
12
12
12
12
12
12
12
12
12
12
12
12
12
12
12
12
12
12
12
12
12
12
12
12
12
12
12
12
12
12
12
12
12
12
12
12
12
12
12
12
12
12
12
12
12
12
12
12
12
12
12
12
12
12
12
12
12
12
12
12
12
12
12
12
12
12
12
12
12
12
12
12
12
12
12
12
12
12
12
12
12
12
12
12
12
12
12
12
12
12
12
12
12
12
12
12
12
12
12
12
12
12
12
12
12
12
12
12
12
12
12
12
12
12
12
12
12
12
12
12
12
12
12
12
12
12
12
12
12
12
12
12
12
12
12
12
12
12
12
12
12
12
12
12
12
12
12
12
12
12
12
12
12
12
12
12
12
12
12
12
12
12
12
12
12
12
12
12
12
12
12
12
12
12
12
12
12
12
12
12
12
12
12
12
12
12
12
12
12
12
12
12
12
12
12
12
12
12
12
12
12
12
12
12
12
12
12
12
12
12
12
12
12
12
12
12
12
12
12
12
12
12
12
12
12
12
12
12
12
12
12
12
12
12
12
12
12
12
12
12
12
12
12
12
12
12
12
12
12
12
12
12
12
12
12
12
12
12
12
12
12
12
12
12
12
12
12
12
12
12
12
12
12
12
12
12
12
12
12
12
12
12
12
12
12
12
12
12
12
12
12
12
12
12
12
12
12
12
12
12
12
12
12
12
12
12
12
12
12
12
12
12
12
12
12
12
12
12
12
12
12
12
12
12
12
12
12
12
12
12
12
12
12
12
12
12
12
12
12
12
12
12
12
12
12
12
12
12
12
12
12
12
12
12
12
12
12
12
12
12
12
12
12
12
12
12
12
12
12
12
12
12
12
12
12
12
12
12
12
12
12
12
12
12
12
12
12
12
12
12
12
12
12
12
12
12
12
12
12
12
12
12
12
12
12
12
12
12
12
12
12
12
12
12
12
12
12
12
12
12
12
12
12
12
12
12
12
12
12
12
12
12
12
12
12
12
12
12
12
12
12
12
12
12
12
12
12
12
12
12
12
12
12
12
12
12
12
12
12
12
12
12
12
12
12
12
12
12
12
12
12
12
12
12
12
12
12
12
12
12
12
12
12
12
12
12
12
12
12
12
12
12
12
12
12
12
12
12
12
12
12
12
12
12
12
12
12
12
12
12
12
12
12
12
12
12
12
12
12
12
12
12
12
12
12
12
12
12
12
12
12
12
12
12
12
12
12
12
12
12
12
12
12
12
12
12
12
12
12
12
12
12
12
12
12
12
12
12
12
12
12
12
12
12
12
12
12
12
12
12
12
12
12
12
12
12
12
12
12
12
12
12
12
12
12
12
12
12
12
12
12
12
12
12
12
12
12
12
12
12
12
12
12
12
12
12
12
12
12
12
12
12
12
12
12
12
12
12
12
12
12
12
12
12
12
12
12
12
12
12
12
12
12
12
12
12
12
12
12
12
12
12
12
12
12
12
12
12
12
12
12
12
12
12
12
12
12
12
12
12
12
12
12
12
12
12
12
12
12
12
12
12
12
12
12
12
12
12
12
12
12
12
12
12
12
12
12
12
12
12
12
12
12
12
12
12
12
12
12
12
12
12
12
12
12
12
12
12
12
12
12
12
12
12
12
12
12
12
12
12
12
12
12
12
12
12
12
12
12
12
12
12
12
12
12
12
12
12
12
12
12
12
12
12
12
12
12
12
12
12
12
12
12
12
12
12
12
12
12
12
12
12
12
12
12
12
12
12
12
12
12
12
12
12
12
12
12
12
12
12
12
12
12
12
12
12
12
12
12
12
12
12
12
12
12
12
12
12
12
12
12
12
12
12
12
12
12
12
12
12
12
12
12
12
12
12
12
12
12
12
12
12
12
12
12
12
12
12
12
12
12
12
12
12
12
12
12
12
12
12
12
12
12
12
12
12
12
12
12
12
12
12
12
12
12
12
12
12
12
12
12
12
12
12
12
12
12
12
12
12
12
12
12
12
12
12
12
12
12
12
12
12
12
12
12
12
12
12
12
12
12
12
12
12
12
12
12
12
12
12
12
12
12
12
12
12
12
12
12
12
12
12
12
12
12
12
12
12
12
12
12
12
12
12
12
12
12
12
12
12
12
12
12
12
12
12
12
12
12
12
12
12
12
12
12
12
12
12
12
12
12
12
12
12
12
12
12
12
12
12
12
12
12
12
12
12
12
12
12
12
12
12
12
12
12
12
12
12
12
12
12
12
12
12
12
12
12
12
12
12
12
12
12
12
12
12
12
12
12
12
12
12
12
12
12
12
12
12
12
12
12
12
12
12
12
12
12
12
12
12
12
12
12
12
12
12
12
12
12
12
12
12
12
12
12
12
12
12
12
12
12
12
12
12
12
12
12
12
12
12
12
12
12
12
12
12
12
12
12
12
12
12
12
12
12
12
12
12
12
12
12
12
12
12
12
12
12
12
12
12
12
12
12
12
12
12
12
12
12
12
12
12
12
12
12
12
12
12
12
12
12
12
12
12
12
12
12
12
12
12
12
12
12
12
12
12
12
12
12
12
12
12
12
12
12
12
12
12
12
12
12
12
12
12
12
12
12
12
12
12
12
12
12
12
12
12
12
12
12
12
12
12
12
12
12
12
12
12
12
12
12
12
12
12
12
12
12
12
12
12
12
12
12
12
12
12
12
12
12
12
12
12
12
12
12
12
12
12
12
12
12
12
12
12
12
12
12
12
12
12
12
12
12
12
12
12
12
12
12
12
12
12
12
12
12
12
12
12
12
12
12
12
12
12
12
12
12
12
12
12
12
12
12
12
12
12
12
12
12
12
12
12
12
12
12
12
12
12
12
12
12
12
12
12
12
12
12
12
12
12
12
12
12
12
12
12
12
12
12
12
12
12
12
12
12
12
12
12
12
12
12
12
12
12
12
12
12
12
12
12
12
12
12
12
12
12
12
12
12
12
12
12
12
12
12
12
12
12
12
12
12
12
12
12
12
12
12
12
12
12
12
12
12
12
12
12
12
12
12
12
12
12
12
12
12
12
12
12
12
12
12
12
12
12
12
12
12
12
12
12
12
12
12
12
12
12
12
12
12
12
12
12
12
12
12
12
12
12
12
12
12
12
12
12
12
12
12
12
12
12
12
12
12
12
12
12
12
12
12
12
12
12
12
12
12
12
12
12
12
12
12
12
12
12
12
12
12
12
12
12
12
12
12
12
12
12
12
12
12
12
12
12
12
12
12
12
12
12
12
12
12
12
12
12
12
12
12
12
12
12
12
12
12
12
12
12
12
12
12
12
12
12
12
12
12
12
12
12
12
12
12
12
12
12
12
12
12
12
12
12
12
12
12
12
12
12
12
12
12
12
12
12
12
12
12
12
12
12
12
12
12
12
12
12
12
12
12
12
12
12
12
12
12
12
12
12
12
12
12
12
12
12
12
12
12
12
12
12
12
12
12
12
12
12
12
12
12
12
12
12
12
12
12
12
12
12
12
12
12
12
12
12
12
12
12
12
12
12
12
12
12
12
12
12
12
12
12
12
12
12
12
12
12
12
12
12
12
12
12
12
12
12
12
12
12
12
12
12
12
12
12
12
12
12
12
12
12
12
12
12
12
12
12
12
12
12
12
12
12
12
12
12
12
12
12
12
12
12
12
12
12
12
12
12
12
12
12
12
12
12
12
12
12
12
12
12
12
12
12
12
12
12
12
12
12
12
12
12
12
12
12
12
12
12
12
12
12
12
12
12
12
12
12
12
12
12
12
12
12
12
12
12
12
12
12
12
12
12
12
12
12
12
12
12
12
12
12
12
12
12
12
12
12
12
12
12
12
12
12
12
12
12
12
12
12
12
12
12
12
12
12
12
12
12
12
12
12
12
12
12
12
12
12
12
12
12
12
12
12
12
12
12
12
12
12
12
12
12
12
12
12
12
12
12
12
12
12
12
12
12
12
12
12
12
12
12
12
12
12
12
12
12
12
12
12
12
12
12
12
12
12
12
12
12
12
12
12
12
12
12
12
12
12
12
12
12
12
12
12
12
12
12
12
12
12
12
12
12
12
12
12
12
12
12
12
12
12
12
12
12
12
12
12
12
12
12
12
12
12
12
12
12
12
12
12
12
12
12
12
12
12
12
12
12
12
12
12
12
12
12
12
12
12
12
12
12
12
12
12
12
12
12
12
12
12
12
12
12
12
12
12
12
12
12
12
12
12
12
12
12
12
12
12
12
12
12
12
12
12
12
12
12
12
12
12
12
12
12
12
12
12
12
12
12
12
12
12
12
12
12
12
12
12
12
12
12
12
12
12
12
12
12
12
12
12
12
12
12
12
12
12
12
12
12
12
12
12
12
12
12
12
12
12
12
12
12
12
12
12
12
12
12
12
12
12
12
12
12
12
12
12
12
12
12
12
12
12
12
12
12
12
12
12
12
12
12
12
12
12
12
12
12
12
12
12
12
12
12
12
12
12
12
12
12
12
12
12
12
12
12
12
12
12
12
12
12
12
12
12
12
12
12
12
12
12
12
12
12
12
12
12
12
12
12
12
12
12
12
12
12
12
12
12
12
12
12
12
12
12
12
12
12
12
12
12
12
12
12
12
12
12
12
12
12
12
12
12
12
12
12
12
12
12
12
12
12
12
12
12
12
12
12
12
12
12
12
12
12
12
12
12
12
12
12
12
12
12
12
12
12
12
12
12
12
12
12
12
12
12
12
12
12
12
12
12
12
12
12
12
12
12
12
12
12
12
12
12
12
12
12
12
12
12
12
12
12
12
12
12
12
12
12
12
12
12
12
12
12
12
12
12
12
12
12
12
12
12
12
12
12
12
12
12
12
12
12
12
12
12
12
12
12
12
12
12
12
12
12
12
12
12
12
12
12
12
12
12
12
12
12
12
12
12
12
12
12
12
12
12
12
12
12
12
12
12
12
12
12
12
12
12
12
12
12
12
12
12
12
12
12
12
12
12
12
12
12
12
12
12
12
12
12
12
12
12
12
12
12
12
12
12
12
12
12
12
12
12
12
12
12
12
12
12
12
12
12
12
12
12
12
12
12
12
12
12
12
12
12
12
12
12
12
12
12
12
12
12
12
12
12
12
12
12
12
12
12
12
12
12
12
12
12
12
12
12
12
12
12
12
12
12
12
12
12
12
12
12
12
12
12
12
12
12
12
12
12
12
12
12
12
12
12
12
12
12
12
12
12
12
12
12
12
12
12
12
12
12
12
12
12
12
12
12
12
12
12
12
12
12
12
12
12
12
12
12
12
12
12
12
12
12
12
12
12
12
12
12
12
12
12
12
12
12
12
12
12
12
12
12
12
12
12
12
12
12
12
12
12
12
12
12
12
12
12
12
12
12
12
12
12
12
12
12
12
12
12
12
12
12
12
12
12
12
12
12
12
12
12
12
12
12
12
12
12
12
12
12
12
12
12
12
12
12
12
12
12
12
12
12
12
12
12
12
12
12
12
12
12
12
12
12
12
12
12
12
12
12
12
12
12
12
12
12
12
12
12
12
12
12
12
12
12
12
12
12
12
12
12
12
12
12
12
12
12
12
12
12
12
12
12
12
12
12
12
12
12
12
12
12
12
12
12
12
12
12
12
12
12
12
12
12
12
12
12
12
12
12
12
12
12
12
12
12
12
12
12
12
12
12
12
12
12
12
12
12
12
12
12
12
12
12
12
12
12
12
12
12
12
12
12
12
12
12
12
12
12
12
12
12
12
12
12
12
12
12
12
12
12
12
12
12
12
12
12
12
12
12
12
12
12
12
12
12
12
12
12
12
12
12
12
12
12
12
12
12
12
12
12
12
12
12
12
12
12
12
12
12
12
12
12
12
12
12
12
12
12
12
12
12
12
12
12
12
12
12
12
12
12
12
12
12
12
12
12
12
12
12
12
12
12
12
12
12
12
12
12
12
12
12
12
12
12
12
12
12
12
12
12
12
12
12
12
12
12
12
12
12
12
12
12
12
12
12
12
12
12
12
12
12
12
12
12
12
12
12
12
12
12
12
12
12
12
12
12
12
12
12
12
12
12
12
12
12
12
12
12
12
12
12
12
12
12
12
12
12
12
12
12
12
12
12
12
12
12
12
12
12
12
12
12
12
12
12
12
12
12
12
12
12
12
12
12
12
12
12
12
12
12
12
12
12
12
12
12
12
12
12
12
12
12
12
12
12
12
12
12
12
12
12
12
12
12
12
12
12
12
12
12
12
12
12
12
12
12
12
12
12
12
12
12
12
12
12
12
12
12
12
12
12
12
12
12
12
12
12
12
12
12
12
12
12
12
12
12
12
12
12
12
12
12
12
12
12
12
12
12
12
12
12
12
12
12
12
12
12
12
12
12
12
12
12
12
12
12
12
12
12
12
12
12
12
12
12
12
12
12
12
12
12
12
12
12
12
12
12
12
12
12
12
12
12
12
12
12
12
12
12
12
12
12
12
12
12
12
12
12
12
12
12
12
12
12
12
12
12
12
12
12
12
12
12
12
12
12
12
12
12
12
12
12
12
12
12
12
12
12
12
12
12
12
12
12
12
12
12
12
12
12
12
12
12
12
12
12
12
12
12
12
12
12
12
12
12
12
12
12
12
12
12
12
12
12
12
12
12
12
12
12
12
12
12
12
12
12
12
12
12
12
12
12
12
12
12
12
12
12
12
12
12
12
12
12
12
12
12
12
12
12
12
12
12
12
12
12
12
12
12
12
12
12
12
12
12
12
12
12
12
12
12
12
12
12
12
12
12
12
12
12
12
12
12
12
12
12
12
12
12
12
12
12
12
12

CELL_DATA 3200
SCALARS block_id int 1
LOOKUP_TABLE default
6
6
6
6
6
6
6
6
6
6
6
6
6
6
6
6
6
6
6
6
6
6
6
6
6
6
6
6
6
6
6
6
6
6
6
6
6
6
6
6
6
6
6
6
6
6
6
6
6
6
6
6
6
6
6
6
6
6
6
6
6
6
6
6
6
6
6
6
6
6
6
6
6
6
6
6
6
6
6
6
6
6
6
6
6
6
6
6
6
6
6
6
6
6
6
6
6
6
6
6
6
6
6
6
6
6
6
6
6
6
6
6
6
6
6
6
6
6
6
6
6
6
6
6
6
6
6
6
6
6
6
6
6
6
6
6
6
6
6
6
6
6
6
6
6
6
6
6
6
6
6
6
6
6
6
6
6
6
6
6
6
6
6
6
6
6
6
6
6
6
6
6
6
6
6
6
6
6
6
6
6
6
6
6
6
6
6
6
6
6
6
6
6
6
6
6
6
6
6
6
6
6
6
6
6
6
6
6
6
6
6
6
6
6
6
6
6
6
6
6
6
6
6
6
6
6
6
6
6
6
6
6
6
6
6
6
6
6
6
6
6
6
6
6
6
6
6
6
6
6
6
6
6
6
6
6
6
6
6
6
6
6
6
6
6
6
6
6
6
6
6
6
6
6
6
6
6
6
6
6
6
6
6
6
6
6
6
6
6
6
6
6
6
6
6
6
6
6
6
6
6
6
6
6
6
6
6
6
6
6
6
6
6
6
6
6
6
6
6
6
6
6
6
6
6
6
6
6
6
6
6
6
6
6
6
6
6
6
6
6
6
6
6
6
6
6
6
6
6
6
6
6
6
6
6
6
6
6
6
6
6
6
6
6
6
6
6
6
6
6
6
6
6
6
6
6
6
6
6
6
6
6
6
6
6
6
6
6
6
6
6
6
6
6
6
6
6
6
6
6
6
6
6
6
6
6
6
6
6
6
6
6
6
6
6
6
6
6
6
6
6
6
6
6
6
6
6
6
6
6
6
6
6
6
6
6
6
6
6
6
6
6
6
6
6
6
6
6
6
6
6
6
6
6
6
6
6
6
6
6
6
6
6
6
6
6
6
6
6
6
6
6
6
6
6
6
6
6
6
6
6
6
6
6
6
6
6
6
6
6
6
6
6
6
6
6
6
6
6
6
6
6
6
6
6
6
6
6
6
6
6
6
6
6
6
6
6
6
6
6
6
6
6
6
6
6
6
6
6
6
6
6
6
6
6
6
6
6
6
6
6
6
6
6
6
6
6
6
6
6
6
6
6
6
6
6
6
6
6
6
6
6
6
6
6
6
6
6
6
6
6
6
6
6
6
6
6
6
6
6
6
6
6
6
6
6
6
6
6
6
6
6
6
6
6
6
6
6
6
6
6
6
6
6
6
6
6
6
6
6
6
6
6
6
6
6
6
6
6
6
6
6
6
6
6
6
6
6
6
6
6
6
6
6
6
6
6
6
6
6
6
6
6
6
6
6
6
6
6
6
6
6
6
6
6
6
6
6
6
6
6
6
6
6
6
6
6
6
6
6
6
6
6
6
6
6
6
6
6
6
6
6
6
6
6
6
6
6
6
6
6
6
6
6
6
6
6
6
6
6
6
6
6
6
6
6
6
6
6
6
6
6
6
6
6
6
6
6
6
6
6
6
6
6
6
6
6
6
6
6
6
6
6
6
6
6
6
6
6
6
6
6
6
6
6
6
6
6
6
6
6
6
6
6
6
6
6
6
6
6
6
6
6
6
6
6
6
6
6
6
6
6
6
6
6
6
6
6
6
6
6
6
6
6
6
6
6
6
6
6
6
6
6
6
6
6
6
6
6
6
6
6
6
6
6
6
6
6
6
6
6
6
6
6
6
6
6
6
6
6
6
6
6
6
6
6
6
6
6
6
6
6
6
6
6
6
6
6
6
6
6
6
6
6
6
6
6
6
6
6
6
6
6
6
6
6
6
6
6
6
6
6
6
6
6
6
6
6
6
6
6
6
6
6
6
6
6
6
6
6
6
6
6
6
6
6
6
6
6
6
6
6
6
6
6
6
6
6
6
6
6
6
6
6
6
6
6
6
6
6
6
6
6
6
6
6
6
6
6
6
6
6
6
6
6
6
6
6
6
6
6
6
6
6
6
6
6
6
6
6
6
6
6
6
6
6
6
6
6
6
6
6
6
6
6
6
6
6
6
6
6
6
6
6
6
6
6
6
6
6
6
6
6
6
6
6
6
6
6
6
6
6
6
6
6
6
6
6
6
6
6
6
6
6
6
6
6
6
6
6
6
6
6
6
6
6
6
6
6
6
6
6
6
6
6
6
6
6
6
6
6
6
6
6
6
6
6
6
6
6
6
6
6
6
6
6
6
6
6
6
6
6
6
6
6
6
6
6
6
6
6
6
6
6
6
6
6
6
6
6
6
6
6
6
6
6
6
6
6
6
6
6
6
6
6
6
6
6
6
6
6
6
6
6
6
6
6
6
6
6
6
6
6
6
6
6
6
6
6
6
6
6
6
6
6
6
6
6
6
6
6
6
6
6
6
6
6
6
6
6
6
6
6
6
6
6
6
6
6
6
6
6
6
6
6
6
6
6
6
6
6
6
6
6
6
6
6
6
6
6
6
6
6
6
6
6
6
6
6
6
6
6
6
6
6
6
6
6
6
6
6
6
6
6
6
6
6
6
6
6
6
6
6
6
6
6
6
6
6
6
6
6
6
6
6
6
6
6
6
6
6
6
6
6
6
6
6
6
6
6
6
6
6
6
6
6
6
6
6
6
6
6
6
6
6
6
6
6
6
6
6
6
6
6
6
6
6
6
6
6
6
6
6
6
6
6
6
6
6
6
6
6
6
6
6
6
6
6
6
6
6
6
6
6
6
6
6
6
6
6
6
6
6
6
6
6
6
6
6
6
6
6
6
6
6
6
6
6
6
6
6
6
6
6
6
6
6
6
6
6
6
6
6
6
6
6
6
6
6
6
6
6
6
6
6
6
6
6
6
6
6
6
6
6
6
6
6
6
6
6
6
6
6
6
6
6
6
6
6
6
6
6
6
6
6
6
6
6
6
6
6
6
6
6
6
6
6
6
6
6
6
6
6
6
6
6
6
6
6
6
6
6
6
6
6
6
6
6
6
6
6
6
6
6
6
6
6
6
6
6
6
6
6
6
6
6
6
6
6
6
6
6
6
6
6
6
6
6
6
6
6
6
6
6
6
6
6
6
6
6
6
6
6
6
6
6
6
6
6
6
6
6
6
6
6
6
6
6
6
6
6
6
6
6
6
6
6
6
6
6
6
6
6
6
6
6
6
6
6
6
6
6
6
6
6
6
6
6
6
6
6
6
6
6
6
6
6
6
6
6
6
6
6
6
6
6
6
6
6
6
6
6
6
6
6
6
6
6
6
6
6
6
6
6
6
6
6
6
6
6
6
6
6
6
6
6
6
6
6
6
6
6
6
6
6
6
6
6
6
6
6
6
6
6
6
6
6
6
6
6
6
6
6
6
6
6
6
6
6
6
6
6
6
6
6
6
6
6
6
6
6
6
6
6
6
6
6
6
6
6
6
6
6
6
6
6
6
6
6
6
6
6
6
6
6
6
6
6
6
6
6
6
6
6
6
6
6
6
6
6
6
6
6
6
6
6
6
6
6
6
6
6
6
6
6
6
6
6
6
6
6
6
6
6
6
6
6
6
6
6
6
6
6
6
6
6
6
6
6
6
6
6
6
6
6
6
6
6
6
6
6
6
6
6
6
6
6
6
6
6
6
6
6
6
6
6
6
6
6
6
6
6
6
6
6
6
6
6
6
6
6
6
6
6
6
6
6
6
6
6
6
6
6
6
6
6
6
6
6
6
6
6
6
6
6
6
6
6
6
6
6
6
6
6
6
6
6
6
6
6
6
6
6
6
6
6
6
6
6
6
6
6
6
6
6
6
6
6
6
6
6
6
6
6
6
6
6
6
6
6
6
6
6
6
6
6
6
6
6
6
6
6
6
6
6
6
6
6
6
6
6
6
6
6
6
6
6
6
6
6
6
6
6
6
6
6
6
6
6
6
6
6
6
6
6
6
6
6
6
6
6
6
6
6
6
6
6
6
6
6
6
6
6
6
6
6
6
6
6
6
6
6
6
6
6
6
6
6
6
6
6
6
6
6
6
6
6
6
6
6
6
6
6
6
6
6
6
6
6
6
6
6
6
6
6
6
6
6
6
6
6
6
6
6
6
6
6
6
6
6
6
6
6
6
6
6
6
6
6
6
6
6
6
6
6
6
6
6
6
6
6
6
6
6
6
6
6
6
6
6
6
6
6
6
6
6
6
6
6
6
6
6
6
6
6
6
6
6
6
6
6
6
6
6
6
6
6
6
6
6
6
6
6
6
6
6
6
6
6
6
6
6
6
6
6
6
6
6
6
6
6
6
6
6
6
6
6
6
6
6
6
6
6
6
6
6
6
6
6
6
6
6
6
6
6
6
6
6
6
6
6
6
6
6
6
6
6
6
6
6
6
6
6
6
6
6
6
6
6
6
6
6
6
6
6
6
6
6
6
6
6
6
6
6
6
6
6
6
6
6
6
6
6
6
6
6
6
6
6
6
6
6
6
6
6
6
6
6
6
6
6
6
6
6
6
6
6
6
6
6
6
6
6
6
6
6
6
6
6
6
6
6
6
6
6
6
6
6
6
6
6
6
6
6
6
6
6
6
6
6
6
6
6
6
6
6
6
6
6
6
6
6
6
6
6
6
6
6
6
6
6
6
6
6
6
6
6
6
6
6
6
6
6
6
6
6
6
6
6
6
6
6
6
6
6
6
6
6
6
6
6
6
6
6
6
6
6
6
6
6
6
6
6
6
6
6
6
6
6
6
6
6
6
6
6
6
6
6
6
6
6
6
6
6
6
6
6
6
6
6
6
6
6
6
6
6
6
6
6
6
6
6
6
6
6
6
6
6
6
6
6
6
6
6
6
6
6
6
6
6
6
6
6
6
6
6
6
6
6
6
6
6
6
6
6
6
6
6
6
6
6
6
6
6
6
6
6
6
6
6
6
6
6
6
6
6
6
6
6
6
6
6
6
6
6
6
6
6
6
6
6
6
6
6
6
6
6
6
6
6
6
6
6
6
6
6
6
6
6
6
6
6
6
6
6
6
6
6
6
6
6
6
6
6
6
6
6
6
6
6
6
6
6
6
6
6
6
6
6
6
6
6
6
6
6
6
6
6
6
6
6
6
6
6
6
6
6
6
6
6
6
6
6
6
6
6
6
6
6
6
6
6
6
6
6
6
6
6
6
6
6
6
6
6
6
6
6
6
6
6
6
6
6
6
6
6
6
6
6
6
6
6
6
6
6
6
6
6
6
6
6
6
6
6
6
6
6
6
6
6
6
6
6
6
6
6
6
6
6
6
6
6
6
6
6
6
6
6
6
6
6
6
6
6
6
6
6
6
6
6
6
6
6
6
6
6
6
6
6
6
6
6
6
6
6
6
6
6
6
6
6
6
6
6
6
6
6
6
6
6
6
6
6
6
6
6
6
6
6
6
6
6
6
6
6
6
6
6
6
6
6
6
6
6
6
6
6
6
6
6
6
6
6
6
6
6
6
6
6
6
6
6
6
6
6
6
6
6
6
6
6
6
6
6
6
6
6
6
6
6
6
6
6
6
6
6
6
6
6
6
6
6
6
6
6
6
6
6
6
6
6
6
6
6
6
6
6
6
6
6
6
6
6
6
6
6
6
6
6
6
6
6
6
6
6
6
6
6
6
6
6
6
6
6
6
6
6
6
6
6
6
6
6
6
6
6
6
6
6
6
6
6
6
6
6
6
6
6
6
6
6
6
6
6
6
6
6
6
6
6
6
6
6
6
6
6
6
6
6
6
6
6
6
6
6
6
6
6
6
6
6
6
6
6
6
6
6
6
6
6
6
6
6
6
6
6
6
6
6
6
6
6
6
6
6
6
6
6
6
6
6
6
6
6
6
6
6
6
6
6
6
6
6
6
6
6
6
6
6
6
6
6
6
6
6
6
6
6
6
6
6
6
6
6
6
6
6
6
6
6
6
6
6
6
6
6
6
6
6
6
6
6
6
6
6
6
6
6
6
6
6
6
6
6
6
6
6
6
6
6
6
6
6
6
6
6
6
6
6
6
6
6
6
6
6
6
6
6
6
6
6
6
6
6
6
6
6
6
6
6
6
6
6
6
6
6
6
6
6
6
6
6
6
6
6
6
6
6
6
6
6
6
6
6
6
6
6
6
6
6
6
6
6
6
6
6
6
6
6
6
6
6
6
6
6
6
6
6
6
6
6
6
6
6
6
6
6
6
6
6
6
6
6
6
6
6
6
6
6
6
6
6
6
6
6
6
6
6
6
6
6
6
6
6
6
6
6
6
6
6
6
6
6
6
6
6
6
6
6
6
6
6
6
6
6
6
6
6
6
6
6
6
6
6
6
6
6
6
6
6
6
6
6
6
6
6
6
6
6
6
6
6
6
6
6
6
6
6
6
6
6
6
6
6
6
6
6
6
6
6
6
6
6
6
6
6
6
6
6
6
6
6
6
6
6
6
6
6
6
6
6
6
6
6
6
6
6
6
6
6
6
6
6
6
6
6
6
6
6
6
6
6
6
6
6
6
6
6
6
6
6
6
6
6
6
6
6
6
6
6
6
6
6
6
6
6
6
6
6
6
6
6
6
6
6
6
6
6
6
6
6
6
6
6
6
6
6
6
6
6
6
6
6
6
6
6
6
6
6
6
6
6
6
6
6
6
6
6
6
6
6
6
6
6
6
6
6
6
6
6
6
6
6
6
6
6
6
6
6
6
6
6
6
6
6
6
6
6
6
6
6
6
6
6
6
6
6
6
6
6
6
6
6
6
6
6
6
6
6
6
6
6
6
6
6
6
6
6
6
6
6
6
6
6
6
6
6
6
6
6
6
6
6
6
6
6
6
6
6
6
6
6
6
6
6
6
6
6
6
6
6
6
6
6
6
6
6
6
6
6
6
6
6
6
6
6
6
6
6
6
6
6
6
6
6
6
6
6
6
6
6
6
6
6
6
6
6
6
6
6
6
6
6
6
6
6
6
6
6
6
6
6
6
6
6
6
6
6
6
6
6
6
6
6
6
6
6
6
6
6
6
6
6
6
6
6
6
6
6
6
6
6
6
6
6
6
6
6
6
6
6
6
6
6
6
6
6
6
6
6
6
6
6
6
6
6
6
6
6
6
