# vtk DataFile Version 3.0
T1_9 Hex Blocks
ASCII
DATASET UNSTRUCTURED_GRID
POINTS 7667 float
0.4499797050904843 -0.2179868459487424 1.180508461587745
0.4258437203445317 -0.2620250481216028 1.144271121949214
1.812126922449757 -0.5711356461767322 1.298915730927843
1.791908732527479 -0.6317143370960527 1.287299034969888
0.4673930531720953 -0.1776055569132534 1.165501735410774
0.4722685011797134 -0.1642025054421125 1.10770779074577
1.822129619066336 -0.5383712108964511 1.258816081022987
1.814178899614104 -0.5645837666776284 1.203324808405811
0.4496609956238093 -0.218643520403886 1.179981971936487
0.4491782890035945 -0.2196334780669909 1.179187564520571
0.4484526979026953 -0.2211112338706334 1.178000119983352
0.4473743568565101 -0.22328498567352 1.176249895247617
0.4457987662897856 -0.2264143546123017 1.173722761465205
0.4435533263051205 -0.2307822495853251 1.170180310455156
0.4404655189333605 -0.2366223291043461 1.165415344430505
0.4364236529750884 -0.2439967112972625 1.159349663162665
0.4314644020753796 -0.2526627589134085 1.152147684742833
1.811860555226321 -0.571980102639865 1.298754672564948
1.811454928880174 -0.57326342115703 1.29850986715826
1.810842317639524 -0.5751956276318997 1.298141176512753
1.809928556491092 -0.5780644685491523 1.297593532877019
1.808590661742501 -0.5822368312454661 1.296796559726751
1.806684150985234 -0.5881260817033226 1.295670630643505
1.804069972022348 -0.5960968423404241 1.294144843824803
1.800669021092259 -0.6062928218935024 1.292189844166364
1.796535578488611 -0.6184333631245417 1.289857116867287
0.4508521967232573 -0.2181712784554185 1.180387032811682
0.4520518332610817 -0.21842471562716 1.180220397940503
0.4537003931646739 -0.2187727120926775 1.179992017452083
0.4559641981796535 -0.2192500534250427 1.179679557690105
0.459069706557416 -0.2199038859359445 1.179253088954256
0.4633239442001153 -0.2207977283216858 1.178672927578359
0.4691407164477702 -0.2220164541065217 1.177887247793704
0.4770731876706904 -0.2236721838085556 1.176829824989547
0.487852407547537 -0.2259107032086211 1.175418701349663
0.5024291620752742 -0.2289174224346533 1.173557269519853
0.5220123559684299 -0.2329208945363849 1.171140275382986
0.5480901149558727 -0.2381904773008907 1.168068350746103
0.5824095513494291 -0.2450230618540251 1.164275167454256
0.6268792773476966 -0.2537127020217621 1.159769514684237
0.6833515509747042 -0.2644981763187785 1.154688103045303
0.7532519955782614 -0.2774894686021969 1.149342264446341
0.836969853387668 -0.2931367591705719 1.144193409546737
0.9332807621325936 -0.3125474822642989 1.140618230875296
1.039338473061443 -0.3352188759692123 1.139904810096769
1.150617686515883 -0.3599534593613298 1.143501181707143
1.261192035620147 -0.3864725680778815 1.152322091827934
1.365397995975817 -0.4134357549925707 1.165621722469903
1.458796456372207 -0.4395287191492439 1.18178445843562
1.538325872888909 -0.4650203743079052 1.199256594783169
1.603579888636045 -0.4875552309003738 1.217075615253195
1.655465748098375 -0.5066099778687929 1.233690039543191
1.695735421175699 -0.5221459886490093 1.248193593686047
1.726428024118804 -0.5344531825670226 1.260251506771466
1.749511527025768 -0.543988040204643 1.269920690846097
1.766704907538116 -0.551251432251711 1.277470653436237
1.779421693319739 -0.5567149855478617 1.283251657353182
1.788779995670362 -0.5607863123126053 1.28761517607939
1.79564170254979 -0.5637992545071971 1.290874446176864
1.800659616972644 -0.5660176452955598 1.293290372872514
1.804322201419452 -0.5676449509290442 1.295071224044969
1.806991849737512 -0.5688354241901283 1.296378628378693
1.808935810609995 -0.5697046031300924 1.297335625292413
1.810350324785125 -0.5703382854271856 1.298034628395368
1.811379050705139 -0.5707997915569176 1.298544393514719
0.4267249151547983 -0.2621914799095467 1.144195249577431
0.4279364253973141 -0.2624203222193338 1.144091218265689
0.4296011467624324 -0.2627348187821911 1.143948803216587
0.4318868781700114 -0.2631667308838154 1.143754269221077
0.4350220002367018 -0.2637593394933509 1.143489348239745
0.4393159820307463 -0.2645714064511667 1.143130090055693
0.4451856217722066 -0.2656823216505917 1.142645752261384
0.4531875332858698 -0.2671986545381866 1.14199812273025
0.4640563153399774 -0.2692622623813279 1.141142084353514
0.4787455339249669 -0.2720599403873106 1.140028939194665
0.4984643254592749 -0.2758342548245669 1.138615086636589
0.5246952398918928 -0.2808945273479829 1.136880003263002
0.5591685995927991 -0.2876255994374112 1.134858469422341
0.6037569757158798 -0.2964893569873323 1.132690839139737
0.6602469899791277 -0.3080093132407357 1.130688428022059
0.7299585179530725 -0.3227224389233256 1.129394930908449
0.8132324726756147 -0.341079825325734 1.129600400612025
0.908905657095563 -0.3632896908769974 1.132247750694753
1.014000132396063 -0.3891327877485091 1.138195956484263
1.123880474876519 -0.4178310299105158 1.147890935801557
1.232978155584416 -0.4480708149348425 1.161101645764652
1.335882623060787 -0.4782255087119518 1.176895966660794
1.428367657111998 -0.5067047811508198 1.193898741188137
1.507964314998831 -0.5322769177769472 1.210692349633695
1.57396834192448 -0.5542373224734195 1.226153765928722
1.627043761564663 -0.5723985414504309 1.239607787806898
1.668683446122217 -0.5869630631136977 1.250805978583691
1.700726872382575 -0.5983618229225989 1.259811175064685
1.725022715365065 -0.6071157694961041 1.266865122569375
1.743238613083096 -0.6137422680563578 1.272282294753602
1.756781736993654 -0.6187041401158714 1.27638142358336
1.766788085073731 -0.622389562907294 1.279449380435939
1.774147279894098 -0.6251105240555879 1.281727076490025
1.779541309331233 -0.6271105558120338 1.283408060063369
1.783485137946315 -0.6285759079753958 1.284643275722892
1.786363428165181 -0.6296469725815721 1.285548054418842
1.788461285832567 -0.6304284852726459 1.286209258417283
1.78998884607319 -0.630998002795088 1.286691645047107
1.791100361586739 -0.6314126493109706 1.287043141724612
0.450773305417117 -0.2163409973244243 1.178018084249315
0.4516583342835103 -0.2144871769412915 1.175711532370414
0.4526253896706824 -0.2124388303146646 1.173611719378997
0.4536596620936489 -0.2102211002470406 1.171726755072094
0.4547467027786701 -0.2078591742308427 1.170059018640424
0.4558735739851311 -0.2053759590166855 1.168607711254332
0.4570275776514346 -0.202794953749007 1.167360297092535
0.4581971523200137 -0.2001383761446818 1.16630255919015
0.4593763928454578 -0.1974166398667946 1.16543913751577
0.4605593879756629 -0.1946408234350717 1.164772525517049
0.4617397529538245 -0.191823878967508 1.164308422283474
0.4629124246028792 -0.1889764195562073 1.164063497855201
0.4640711047718433 -0.1861128950821001 1.164054274768443
0.465208787184396 -0.1832506052552718 1.164290361162864
0.4663183730736998 -0.1804083560534203 1.164772644376432
0.4674696066686631 -0.177403965122106 1.164627950412331
0.4675842299411331 -0.1771016315858145 1.16331777557818
0.4677541007667736 -0.1766524871488284 1.161371981755795
0.4680020515562504 -0.1759945446289197 1.158522901047013
0.4683560539480474 -0.1750502977152959 1.154436669113188
0.4688458138785369 -0.1737342879473489 1.148746761132347
0.4694946654444794 -0.1719731348762833 1.141141472451904
0.4703065886985503 -0.1697401326343674 1.13151356554073
0.4712528862924364 -0.1670949345762701 1.120129723641275
0.42822909087457 -0.2581082054657295 1.138158806525827
0.430835849855628 -0.2537330693448901 1.132461887652724
0.4336269880515766 -0.248932993460726 1.127211962468697
0.4365629542583227 -0.2437473835126147 1.122427490848197
0.4396102086560538 -0.2382076078662914 1.118135803074387
0.4427393559979358 -0.2323399721325047 1.11437252734772
0.4459185930335993 -0.2261782668315752 1.111161247624296
0.4491144829531332 -0.2197639215197523 1.108509144778962
0.4522953586790678 -0.2131405839284799 1.106410570784888
0.4554355350257433 -0.2063455195438345 1.104876559301935
0.4585119614604168 -0.1994161006481705 1.103924736973263
0.4615025653389619 -0.1923938205493025 1.103558009363234
0.4643880396852028 -0.1853206642480392 1.103764004717461
0.4671524518329505 -0.1782374448494561 1.104528192617749
0.4697828368986854 -0.1711843630575617 1.105844656849236
1.812337341115595 -0.5704675901389974 1.295581123690736
1.81264286741651 -0.5694960444155819 1.292329423739762
1.813036768098256 -0.5682407825251307 1.289185992864552
1.813503713703774 -0.5667487889564105 1.286157792057333
1.814032327277342 -0.5650545327609465 1.283248172220596
1.81461448745334 -0.5631821830681384 1.280460713673635
1.815240163689321 -0.5611622381540896 1.277786181765948
1.815898251268875 -0.5590290246843928 1.27521049444878
1.816587023821204 -0.5567867583602923 1.272737505168569
1.817304815538524 -0.5544394618183589 1.270371174246679
1.81804753990131 -0.5519991413577872 1.268110487757605
1.818814626474936 -0.5494663446670607 1.265962418009879
1.819606889099052 -0.5468369762042534 1.26394349392359
1.82042435768257 -0.5441094259034124 1.262069986824008
1.821265500583799 -0.5412872488653164 1.260354278038321
1.822016698662826 -0.5387532451825754 1.258009050248419
1.821846190710688 -0.5393295530507252 1.256791530312671
1.821591023977544 -0.5401907540539578 1.254971926693827
1.821214242545957 -0.5414596865406476 1.252290375418876
1.820668742827991 -0.5432911174408085 1.248419153429746
1.81990110751791 -0.5458570034871962 1.242993507013244
1.81886302031293 -0.5493061284375628 1.235696605982536
1.817532292518591 -0.5536933041432378 1.226409138824532
1.815938707346644 -0.5588975939840339 1.215383010484548
1.792754422406388 -0.6293103291248893 1.280794411749397
1.793710364102268 -0.6265804330754744 1.274435254134786
1.794767170394757 -0.6235468815366947 1.268232540648887
1.795915084785757 -0.6202329543324092 1.262191341483716
1.797142517935899 -0.6166673978961081 1.256310216825309
1.798436182697554 -0.6128843334310252 1.250581760673444
1.799789332706019 -0.6088992258810652 1.245006297936871
1.801199692354549 -0.6047144596111581 1.239594108119952
1.802662693448549 -0.6003391733426714 1.234348518018528
1.804173447219734 -0.5957835863366842 1.229273110358166
1.805731799084073 -0.5910436355951547 1.224384277174241
1.807336054250449 -0.5861196946079847 1.219696250181062
1.80898360990301 -0.581014809194407 1.215221542997209
1.810674497147769 -0.5757236965590479 1.210985875745082
1.812407230951527 -0.570245507299758 1.207013146985767
0.4682478094783569 -0.177844800714532 1.165352770925845
0.4694225398272079 -0.1781733236935801 1.165148510966587
0.4710361897808536 -0.1786240653960765 1.16486881553687
0.4732511788821417 -0.1792417851843726 1.164486549986831
0.4762886317597302 -0.1800870102497978 1.163965456786087
0.4804483607826827 -0.1812410440343934 1.163257649187987
0.4861345558213547 -0.182812086760854 1.162300920303124
0.493887819497862 -0.1849422778466546 1.161016371709928
0.5044232478378743 -0.1878149739573868 1.159307417963839
0.5186721662240137 -0.1916606790249044 1.15706210711847
0.5378211050093178 -0.1967586032504174 1.154161916240962
0.5633347112975312 -0.203428860127168 1.150501439816917
0.5969390275405387 -0.2120083082287137 1.146023711520587
0.6405293062870185 -0.2228024942473916 1.140773217136775
0.6959583479316938 -0.2360098823471895 1.134960053491087
0.7646710464779956 -0.2516258472910998 1.129012768150202
0.8470620079702739 -0.2699372585387671 1.123452453859991
0.941923954562016 -0.2917624105521698 1.119469862441557
1.046516029342737 -0.3163194398809538 1.118349996817557
1.156432607807796 -0.342216325400155 1.121430371805484
1.265890102466827 -0.3690544580357358 1.129209941377651
1.369349774785521 -0.3955237063817548 1.141013261488849
1.462415399639049 -0.4204775903923372 1.155403548122835
1.542085493787936 -0.4443839029630478 1.170754760605885
1.607897427719411 -0.4649957834174815 1.186394557484445
1.660573304107937 -0.4821020875450437 1.200997058483821
1.701702802212047 -0.4958604129709538 1.213774672167808
1.733214449047349 -0.5066528921347562 1.224425754639098
1.757017260008901 -0.5149560995822303 1.232988374372351
1.774809445765636 -0.5212503142030414 1.239689328292776
1.788006816902286 -0.5259687761339312 1.244830150748566
1.797741103555726 -0.5294767453990448 1.248716790832511
1.804891702781976 -0.5320688051529526 1.251623857004015
1.810128757606378 -0.5339754580235042 1.253781228326424
1.813956048496157 -0.5353733020718333 1.255373084971315
1.816748672885182 -0.5363956357950947 1.256542762832422
1.818784013647557 -0.5371420117804455 1.257399613038662
1.820266194001019 -0.5376862159523746 1.258025909300615
1.821344899596421 -0.5380826377823092 1.258482948513847
0.4731262636572977 -0.164414007342973 1.107536178861533
0.4743049468299845 -0.1647047267484948 1.107300821827036
0.4759237393355648 -0.1651041619404438 1.106978455024997
0.4781453154891306 -0.1656526422222795 1.106537690044415
0.4811910102524019 -0.1664051687970726 1.105936504234446
0.4853606785647843 -0.1674364969632281 1.105119249707764
0.4910581368980361 -0.1688477524321057 1.10401337898167
0.49882272814969 -0.170774840943289 1.102526441005109
0.5093665558367341 -0.1733987535238323 1.100544563394912
0.5236147757363921 -0.1769574708948446 1.097934761568881
0.5427422569398561 -0.1817583381929836 1.094555123859802
0.5681930724839519 -0.188188246051936 1.090279079479287
0.6016592521670049 -0.1967164322253577 1.085041678577987
0.6449835091881679 -0.2078811584699407 1.078914645874067
0.6999432155298942 -0.22224772063715 1.072208224320532
0.7678830961188674 -0.2403239507932023 1.06557593741614
0.8492113437711254 -0.2624261787888156 1.060063755861386
0.9428691119244001 -0.2885104242513311 1.057017322353569
1.045997060130889 -0.3180205606251758 1.057784765373493
1.154060957154368 -0.3498376861987833 1.063265334948183
1.261553896141379 -0.3824033182870781 1.073508363278164
1.363086527055229 -0.4140105019377879 1.08761232044146
1.454427685497207 -0.4431545590966285 1.104009358470475
1.533091776356753 -0.4687966591795388 1.120968721981101
1.598353178944592 -0.490453876316552 1.137046003622949
1.650851640232667 -0.5081299058066037 1.151308298931714
1.692053818847962 -0.522162058806113 1.163335852696363
1.723772797213674 -0.533060486601138 1.173096805201573
1.747832674341401 -0.5413831390010587 1.180792781571125
1.765879770996504 -0.5476575771587588 1.186731177248419
1.779303807849322 -0.5523423646774558 1.191240645697903
1.789227126446231 -0.5558151457023826 1.194624814482983
1.796529022803639 -0.5583757959712374 1.197142534040085
1.801883876433104 -0.5602564915231617 1.199003756855465
1.805801155793112 -0.5616338146757397 1.200373274994097
1.8086616129058 -0.5626403701453095 1.201377569974688
1.810747604471078 -0.5633748347196809 1.202112216809809
1.812267351563225 -0.563910158092663 1.202648645431339
1.813373785202611 -0.5643000157940955 1.203039823526686
0.4505336579038582 -0.2188275929655206 1.179861272417351
0.4517335229558771 -0.2190805391468416 1.179695639067615
0.4533823896859895 -0.2194278694510646 1.179468631900876
0.4556466056884403 -0.2199043043745474 1.179158058628621
0.4587526631107947 -0.2205569180428923 1.178734172349918
0.4630076018676659 -0.2214491348089674 1.178157539819008
0.4688252728788483 -0.2226657208605502 1.177376669956698
0.4767588536039928 -0.2243186901830885 1.176325778315491
0.4875393724382694 -0.2265537387857495 1.174923491721558
0.5021174556177034 -0.2295562871272361 1.173073944544911
0.5217020207617505 -0.2335551631708846 1.170672789977519
0.5477806136017859 -0.2388203193070311 1.167621855065898
0.582099861790916 -0.2456500790498063 1.163856198464638
0.6265677235910921 -0.2543410485520524 1.159386315170914
0.6830359518709597 -0.2651361269711097 1.154350958683636
0.7529304444063186 -0.2781510723540546 1.149063897652916
0.8367269638235583 -0.2938566126527639 1.144001167679501
0.933140392463082 -0.3133463984811241 1.140551067224408
1.039286104964243 -0.3361081298869786 1.139981552481298
1.150017572460357 -0.3607783819441184 1.143621550677542
1.260624992767634 -0.387342384394002 1.152468547785222
1.364858122435379 -0.4143448099018599 1.165778584998416
1.458258910626377 -0.4404451935852837 1.181936919681277
1.537839090217476 -0.4659400774349493 1.199387657502084
1.603134717980595 -0.4884696593712841 1.217171117165916
1.655056133614879 -0.5075147653446471 1.233743690400894
1.695356281486298 -0.5230398276090382 1.248205473908064
1.726074521746932 -0.535336574277257 1.260225640017524
1.74917901734063 -0.5448623833028722 1.269862870113305
1.766389112210358 -0.5521183342779138 1.277386945856476
1.779118911031521 -0.5575760089618674 1.283147620260333
1.788487200433205 -0.5616428153415681 1.287495535877175
1.795356438349375 -0.564652328409706 1.2907430027398
1.800379988881497 -0.5668681573587097 1.293150107387822
1.804046743021807 -0.5684935534722126 1.29492440996642
1.806719470375048 -0.569682621125594 1.296226987055219
1.808665696113401 -0.570550769677988 1.297180440855648
1.81008186300298 -0.5711837014004266 1.297876847079649
1.811111805130446 -0.5716446512262071 1.298384719819216
0.4500512004769209 -0.2198170165775037 1.17906795860127
0.4512514058161059 -0.2200692339242191 1.178903827636915
0.4529007309048588 -0.2204155719664128 1.178678883372744
0.455165559901654 -0.2208906631093982 1.178371138840338
0.4582724276360073 -0.221541467649814 1.177951126557893
0.4625284221628229 -0.2224312716243503 1.177379788578268
0.4683474382216499 -0.2236446818962974 1.176606135760998
0.4762826781197698 -0.2252935517804797 1.175565047189404
0.4870651460850474 -0.2275234601136187 1.17417601689902
0.5016453458534091 -0.2305198536221871 1.172344292235772
0.521231898805905 -0.2345119068399176 1.169966935378621
0.5473118163419904 -0.2397705627874333 1.166947516393587
0.5816309024848374 -0.2465962566097409 1.163223225271895
0.6260961175180821 -0.2552894629522575 1.158807138910778
0.6825584406335368 -0.266099312272784 1.153841136733335
0.7524440181605033 -0.2791503292066148 1.148642736569025
0.8363548531615275 -0.2949432444443048 1.143709526423209
0.9329182652475141 -0.3145510468602062 1.140446361906088
1.039193364131248 -0.3374477827611898 1.140091695530232
1.149126496601783 -0.3620288480116727 1.143801677514407
1.259780424378636 -0.3886618672362009 1.15269031101019
1.364051403275754 -0.4157246089385546 1.166017611393959
1.457453840287271 -0.4418383058574714 1.182170397267988
1.537107145270521 -0.4673381839283155 1.199589231445304
1.602463250186885 -0.4898597701244088 1.217318740953163
1.654436837200022 -0.5088901956148143 1.233827510208005
1.694782056675694 -0.5243985532321876 1.248225481472471
1.725538392918957 -0.5366793646346779 1.260187910507979
1.748674173294685 -0.5461913328624717 1.269776216548789
1.765909264220816 -0.5534359305525149 1.277260651216662
1.778658580385197 -0.5588846322754041 1.282990194402176
1.78804183123052 -0.5629445215534823 1.287314194375107
1.794922380083668 -0.5659487948122837 1.290543576058024
1.799954393080733 -0.5681607023093278 1.292937158093626
1.803627428054636 -0.5697831882837937 1.294701430646943
1.80630479111888 -0.5709701098770217 1.295996611955623
1.808254423218684 -0.5718366825294989 1.296944635011716
1.809673086055745 -0.5724684606750735 1.297637065939402
1.81070485233643 -0.5729285682409896 1.298142034867867
0.4493259791256822 -0.2212939945826611 1.177882133884869
0.45052668507213 -0.2215451452406203 1.177720232266415
0.4521766847634132 -0.2218900310545411 1.177498349128658
0.4544424165379365 -0.2223631555452116 1.17719480222564
0.45755047875395 -0.2230113124536924 1.176780538820361
0.4618080317423873 -0.22389758554623 1.17621705810436
0.4676290373374151 -0.2251063488928479 1.175454116242848
0.4755667390961258 -0.226749221639649 1.17442757790879
0.4863521136870098 -0.2289716134908122 1.173058225989264
0.5009354973828285 -0.2319590153030337 1.171252963428431
0.5205250940697211 -0.2359411217800211 1.16891095145419
0.5466071514564802 -0.2411903547369054 1.165938363212006
0.5809262783645041 -0.2480103007667525 1.162275584217288
0.6253879518951864 -0.2567072168861127 1.157939585445396
0.6818419145326833 -0.267539572952437 1.153076998820254
0.7517144164569151 -0.2806450837572116 1.148011096688682
0.8357860255089007 -0.2965669549965495 1.143270481401972
0.9325617929618669 -0.3163474815956921 1.140282512697238
1.039020747741928 -0.3394419663676188 1.140243388985573
1.147824042607051 -0.36390657736994 1.144066659453177
1.258540350049398 -0.390644909798731 1.153022279468924
1.362861487634613 -0.4177996295648622 1.166378629388501
1.456263024870159 -0.4439374626067503 1.182525441503918
1.536018650210782 -0.4694448398111766 1.199897548808555
1.60146059468114 -0.4919542427192818 1.217546012762646
1.653509293608524 -0.5109623593678478 1.233958284669
1.693920121280968 -0.5264453445147746 1.248259478731501
1.724732337114214 -0.538701953674167 1.260134220773816
1.747914242669841 -0.5481928993179428 1.2696481633605
1.765186314299921 -0.5554202508140821 1.27707231293172
1.777964573392585 -0.560855320646095 1.282754495844652
1.787370046879343 -0.5649047003136407 1.287042103763778
1.794267415073344 -0.5679010117021097 1.290243960690059
1.799312021705105 -0.5701069601461948 1.29261695934538
1.802994408910596 -0.5717250236272439 1.294365963348497
1.80567867736998 -0.5729086837319197 1.295649885398955
1.807633385073462 -0.5737728613178744 1.296589640338426
1.809055767735914 -0.5744028861948748 1.297276018777065
1.810090253040912 -0.5748617136128279 1.297776566459408
0.4482481706761448 -0.2234666235734588 1.176134280718361
0.4494495993091141 -0.2237162455124485 1.175975634208984
0.4511005735450589 -0.2240590500059769 1.175758220760392
0.4533676108166106 -0.2245293558588967 1.175460803156192
0.4564774028671214 -0.2251737180223828 1.175054934460501
0.4607372176521868 -0.2260549303744545 1.17450292780338
0.4665611198183851 -0.2272570335107014 1.17375562849676
0.4745024231096662 -0.2288913117958921 1.172750342142655
0.485292082565537 -0.2311029351939585 1.171409737291683
0.4998802218174319 -0.2340774655729409 1.169643141949926
0.5194744843510135 -0.2380453629497715 1.167352797919765
0.5455600683664434 -0.2432812166648193 1.164448710963259
0.5798799006007035 -0.2500932371956407 1.160875995681641
0.6243372971928749 -0.258796189993758 1.156657430615001
0.6807800223908861 -0.2696623452272524 1.151946809302435
0.7506339404488361 -0.2828490183161098 1.147076181942371
0.8349199800426148 -0.2989566506230932 1.142617178410567
0.9319809048492567 -0.3189825042720906 1.140025303304735
1.038687059274252 -0.3423579357521632 1.14043836837297
1.145964628015399 -0.3666864678980593 1.144446306256681
1.256757927851186 -0.3935836606363347 1.153510593013014
1.361139883801698 -0.4208769495599807 1.16691653165277
1.454533969328471 -0.4470588167041757 1.18305940306352
1.534426272146917 -0.4725769726878929 1.20036494100976
1.599985699077366 -0.495067725800639 1.217893488677658
1.652139529764969 -0.5140420911017349 1.234161616662852
1.692643705062984 -0.529486795735681 1.248317704426834
1.723536300960596 -0.5417069286601375 1.260060726712054
1.746785031073574 -0.5511662048953646 1.269462846771749
1.764110931644117 -0.5583675811366571 1.276796284921875
1.776931452795352 -0.5637821210012447 1.282407173795981
1.786369445116041 -0.5678156733624351 1.286639982617007
1.793291461913254 -0.5707999942446286 1.289800384148388
1.798354543587867 -0.5729969682552202 1.292142377215323
1.802050660718153 -0.574608371282431 1.293868379098467
1.804745072221692 -0.575787119338873 1.295135337654998
1.806707238050876 -0.5766476897109096 1.296062634908659
1.808135088119985 -0.5772750739358395 1.296739893547217
1.80917357062315 -0.5777319732408258 1.297233779147473
0.4466733317272412 -0.2265944374866364 1.17361052495591
0.4478757746662941 -0.2268419348166622 1.173456520767805
0.4495281181647765 -0.2271818464612486 1.17324548198099
0.4517969925697412 -0.2276482343650384 1.172956806246437
0.4549092243249465 -0.2282873211756229 1.172562911013395
0.4591722395527861 -0.2291614973831146 1.172027271056652
0.4650002601049719 -0.2303543394965871 1.17130228668424
0.4729467213038885 -0.2319766665059014 1.170327321952857
0.4837425872594621 -0.2341733173430378 1.169027741773526
0.4983377465562591 -0.23712996251226 1.167316347165709
0.5179391488852206 -0.2410781557663597 1.165099803044928
0.544030637179001 -0.246295579570482 1.162293641603847
0.5783528791528518 -0.2530970613159728 1.158849842803484
0.622806133991864 -0.2618096002513084 1.154799701862976
0.6792350120566119 -0.2727254348024205 1.150307656279417
0.7490637511743147 -0.2860304719627522 1.145719006231987
0.833611272675374 -0.3023962282720784 1.141661788093792
0.931022431724877 -0.3227551378137605 1.139621466275761
1.038031083003595 -0.3465117748861298 1.14065954719448
1.143401472979333 -0.3707166192768954 1.144968515569473
1.25427522687231 -0.3978493354845933 1.154210188126721
1.358718569425294 -0.4253476282070736 1.167701685706892
1.452090868095925 -0.4516097098641599 1.183848788010484
1.532152183334241 -0.4771423783265006 1.201063502049897
1.597863429371877 -0.4996044930258892 1.218418623305526
1.650158256772283 -0.5185281992881541 1.234475425486163
1.690790837032464 -0.5339157724268484 1.248417667545079
1.721795795938505 -0.5460815948573028 1.259966089839998
1.745138895958655 -0.5554937721716854 1.269202779832454
1.762541313739422 -0.5626565414553527 1.276401908244738
1.775422169853705 -0.5680405778718702 1.281907180259271
1.784906722479834 -0.5720506185491726 1.286058778703173
1.791864101479059 -0.5750171292187688 1.28915772903313
1.796953725259006 -0.5772007737085888 1.291453752639916
1.800669586708946 -0.5788022844609361 1.293145646698726
1.803378594530457 -0.5799737370850213 1.294387449086271
1.805351498262533 -0.580828950011327 1.295296270801207
1.806787222875369 -0.58145241231147 1.295960003418551
1.807831463889813 -0.581906447922984 1.296444007773329
0.4444288949384334 -0.2309602638608632 1.170072732889909
0.4456327034016769 -0.2312049354021613 1.169925131165217
0.4472868933106787 -0.2315409988910269 1.169722884270603
0.4495582509392548 -0.2320021741972626 1.169446265766425
0.4526737915428373 -0.2326342408311663 1.169068885968763
0.4569411687955756 -0.2334990511571862 1.168555823258772
0.4627748427174417 -0.23467956201279 1.167861625609918
0.4707284597349977 -0.2362859709559889 1.166928502315784
0.4815330772683367 -0.2384626766155315 1.165685549983224
0.4961383980550044 -0.2413955056751897 1.164050386055233
0.5157506294141393 -0.2453175117465258 1.161935830340185
0.5418520350091138 -0.2505106256986331 1.15926514871506
0.5761804600508078 -0.2572988109635325 1.156000014020149
0.6206320229212047 -0.2660260821023577 1.152183904013482
0.6770463654840074 -0.2770127052233441 1.147996742683333
0.7468434065171854 -0.2904851759544023 1.143803483253382
0.8316605578891496 -0.3071912278568201 1.140299788753179
0.9294358518868548 -0.3279726120171285 1.138991896167092
1.0367535749167 -0.3522119489955717 1.140850044216824
1.140044748452289 -0.3763849234029307 1.145642827999318
1.25097072445751 -0.4038580067235664 1.15517395712351
1.355448781003153 -0.4316516027994984 1.168813228251726
1.4488647796044 -0.4581407096940506 1.184986377945449
1.529014774010093 -0.4836079167936608 1.202084516966527
1.594904777629244 -0.5060261811178318 1.219197166769269
1.647376903019863 -0.524874937116748 1.234952644501708
1.688177652961198 -0.5401787414968632 1.248587755032676
1.719333386845708 -0.5522652396806729 1.259855745387712
1.742804995338248 -0.561608762289474 1.268853607596661
1.760312575355202 -0.5687153174631392 1.275858627019654
1.773276849186193 -0.5740549675500266 1.281211152709634
1.782826030545486 -0.5780308093377037 1.285245248333522
1.789832626957824 -0.5809714203285932 1.28825525683971
1.794959261132833 -0.5831356837829434 1.290484730992516
1.798702690053599 -0.5847228126315648 1.292127239583933
1.801432096388867 -0.5858836592994555 1.293332613347654
1.80342001631266 -0.5867310839463906 1.294214678338306
1.804866758092608 -0.5873488449003061 1.29485882085001
1.805919058474486 -0.5877987175150755 1.29532851323888
0.4413423563008969 -0.2367977525970561 1.165313904333852
0.44254789552139 -0.2370388880885524 1.165174734222145
0.4442044315084239 -0.2373701349881108 1.164984066126225
0.44647895570869 -0.2378247841331387 1.164723327702138
0.449598737065821 -0.2384480580559174 1.164367701499751
0.4538717458196779 -0.2393011321437512 1.163884380412035
0.459712794927967 -0.2404661821008175 1.163230746154939
0.4676758896761601 -0.2420526208803831 1.162352766069216
0.4784923618455177 -0.2442042914366367 1.16118447392532
0.4931119300360244 -0.2471072286071161 1.159649876663702
0.5127402300118467 -0.2509964299268424 1.157669995524871
0.538857998453863 -0.2561593620571815 1.155178477284808
0.573199933334212 -0.2629319928581111 1.152150153909613
0.6176568826978273 -0.2716809326880933 1.148645316031577
0.6740608638044902 -0.2827641434820613 1.144865709504598
0.7438223430380136 -0.2964635509212074 1.141204622359449
0.8288219377424941 -0.3135857231804219 1.138427639887755
0.9268469618473563 -0.3348509092778608 1.138030334713469
1.034358805491435 -0.3596410228241851 1.140888906325157
1.135960591987504 -0.3840259839922573 1.146431158333361
1.246844917617183 -0.4119732119220034 1.156428286508632
1.351275943320965 -0.4401763004982671 1.170318762326572
1.444715162593955 -0.4670162969222752 1.18655815212168
1.524888981601 -0.4924000201932756 1.20352673264999
1.590957881298959 -0.514752191528767 1.220316519447553
1.643632192114545 -0.5334928075651494 1.235659262873219
1.684638348008275 -0.5486772102617756 1.24886946081415
1.715985236833462 -0.5606512514247671 1.259747713920282
1.739623291095238 -0.5698977194544346 1.268412864598279
1.757268850489792 -0.5769249357269721 1.275147091678963
1.770343471408343 -0.5822020011746846 1.280286339953434
1.779978603702123 -0.586129652164102 1.284156272815977
1.787050891079334 -0.5890337809487965 1.287041971146909
1.792227045469401 -0.5911707509258564 1.289178405424696
1.796007423367596 -0.5927376297019302 1.290751856536734
1.798764203167959 -0.5938835443169159 1.291906283135181
1.800772291165481 -0.5947200046250997 1.292750923577231
1.802233839063426 -0.5953297394863548 1.293367663065098
1.803296975294104 -0.5957737516770167 1.293817334408557
0.4373019682313499 -0.2441691462817383 1.159255828935158
0.4385095225459253 -0.2444062006301636 1.159127108953038
0.4401688003481053 -0.2447318863675068 1.158950792371032
0.4424470453825266 -0.2451789974412277 1.158709738187297
0.4455718474867009 -0.2457921092319821 1.158381079711991
0.4498515955507161 -0.2466316093758965 1.157934634925933
0.4557016042013223 -0.2477787616134747 1.157331306498376
0.4636764587385078 -0.2493420598613779 1.156521737467538
0.4745080875818269 -0.2514646941317847 1.155446117617934
0.4891466740715115 -0.2543329532998754 1.154036448317958
0.508797843771851 -0.2581841764344701 1.152224070136639
0.5349413989288803 -0.2633125618074499 1.149955811670602
0.5693091427153065 -0.2700688512277896 1.147223448752874
0.6137857716811269 -0.2788478694902239 1.144109349774721
0.6701921338722305 -0.2900554461619455 1.140844614608621
0.7399207504675913 -0.3040452894751084 1.137861637100137
0.8248506965111189 -0.3216255483101094 1.135980338581775
0.9227856656509026 -0.3433635495308686 1.136620168201004
1.03016224141335 -0.3686883348110186 1.140585315542599
1.131478617005132 -0.3937562838129262 1.147213495052779
1.242121555032557 -0.4223312730835871 1.15793569933638
1.346336561416299 -0.451073282265154 1.172236479676457
1.43967913811168 -0.4783711638654699 1.188613350598822
1.519797828519604 -0.5037167995589468 1.205464467272692
1.585992519793598 -0.5259728951083603 1.221852435084904
1.638864794132109 -0.5445637405999272 1.236660483954887
1.680098816803713 -0.5595851482646429 1.249312742280546
1.711670489460692 -0.571406687934975 1.259676180141005
1.735510403952576 -0.5805220093992168 1.267900481239398
1.753326305857857 -0.5874422395120595 1.274275262584192
1.76653865273703 -0.5926350178925872 1.279131094992727
1.776281817232459 -0.5964978193851764 1.282782720604227
1.78343705749278 -0.599352879778946 1.285503026577837
1.788675943202038 -0.6014531522532707 1.287515629695803
1.792503230180875 -0.6029928099346062 1.288997146474995
1.79529481579751 -0.6041186548753232 1.290083736033708
1.797328575758382 -0.604940379789189 1.290878538581286
1.798808984990037 -0.6055393286295033 1.291458781875373
1.799885932519264 -0.6059754653345387 1.291881786661311
0.4323442429110994 -0.2528320782915895 1.152062593800306
0.4335538881043136 -0.2530648750293244 1.151945888638785
0.435216027523894 -0.253384756118015 1.151786073551223
0.4374981885051916 -0.253823994684135 1.151567654618966
0.440628335222459 -0.2544264846913213 1.151270011151903
0.4449153723192713 -0.255251782676114 1.150865985710366
0.4507752821994124 -0.2563801857658042 1.150320542050211
0.4587635151176943 -0.2579192091949313 1.149589725267471
0.4696130679651458 -0.2600113439491745 1.148620856520767
0.4842753291540892 -0.2628431619215812 1.14735523744046
0.5039569733706737 -0.266654583818098 1.145736295156299
0.5301381973372187 -0.2717473271905683 1.143726466092879
0.5645490462780028 -0.2784888976447014 1.141337913743831
0.6090678232484544 -0.2873067325271504 1.138680162203239
0.6655001270658862 -0.2986631635319849 1.136021367880572
0.7352087191595619 -0.3129986656567926 1.133844628560779
0.8196129823730529 -0.3310155150517504 1.132984605412827
0.9168348464851033 -0.3531044807301407 1.134682680126815
1.023474800344056 -0.3788207239400501 1.139727342676344
1.12721212370891 -0.4052849952931438 1.147779653249346
1.237288168836133 -0.4346374902735924 1.159564086265522
1.341016528559607 -0.4640421311047991 1.174490794508023
1.434060065797474 -0.4918973905195045 1.191113673912451
1.513995529899258 -0.5172949427426383 1.207895318466568
1.580189753478924 -0.5394197687437036 1.223825476332366
1.633210719870612 -0.5578154496443904 1.237989538101939
1.674667035762135 -0.5726276696572539 1.249957974646261
1.706479339497067 -0.5842548948334549 1.259685676178503
1.730544995152321 -0.5932037717799872 1.267363487199487
1.748555955232989 -0.5999885375160428 1.273291715274837
1.761928235070928 -0.6050747466538974 1.277794975526374
1.771797957498301 -0.6088556313761216 1.281174788841386
1.779050935018483 -0.6116487463468983 1.283689044828725
1.784364018393759 -0.6137027087727579 1.28554731208421
1.788246936169452 -0.6152080243047265 1.286914214326715
1.791079875398155 -0.6163085534386644 1.287916213245371
1.793144176648536 -0.6171116933387516 1.288648860108833
1.794647045524324 -0.617697039188028 1.289183581331868
1.795740450097556 -0.6181232438662098 1.289573321881531
0.450475807365267 -0.2169597819380606 1.177431518240439
0.4500253698103434 -0.2178925573007569 1.176547154759575
0.4493484844457362 -0.2192850645308977 1.175226549413565
0.4483427588322542 -0.2213340701353571 1.173282502432962
0.4468734496218721 -0.2242857998693812 1.170480143121376
0.444779393708313 -0.2284103564474813 1.166560356031181
0.4418988890221153 -0.2339345461470371 1.161302486347163
0.4381258033104727 -0.2409269193626005 1.154632523072723
0.4334909314886174 -0.2491698463240101 1.14674547971336
0.4513844167948164 -0.2150630332595619 1.175068666373409
0.4509697769104249 -0.2159311471589071 1.174100082307962
0.4503467793643814 -0.2172274805730831 1.172654897944064
0.4494211468221696 -0.2191361056262657 1.170529639788562
0.4480686276264563 -0.2218884966305014 1.16747006068653
0.4461401518643907 -0.2257409242791798 1.163197667246841
0.4434851234403361 -0.230913285211375 1.157479053081428
0.4400024819535936 -0.2374822432828978 1.150243778447404
0.435715625085928 -0.2452588307400552 1.141715011921715
0.4523765960421104 -0.2129681087706637 1.172917425926173
0.4520000522938243 -0.2137661168809971 1.171871930262538
0.4514343308472585 -0.2149582399734609 1.170312971829884
0.450593718460097 -0.2167147915678642 1.168022105644629
0.4493650169686784 -0.219251183633611 1.164727074688503
0.4476118819731398 -0.2228084448948557 1.160130970178264
0.4451954175855447 -0.2275984186255091 1.153987388026803
0.4420200033700562 -0.233705619574574 1.146227130365052
0.4381015362479092 -0.2409710437733586 1.137096917953841
0.4534367093765563 -0.2107015676015735 1.170986783177766
0.4530993295577526 -0.2114261042405009 1.169872962750437
0.452592484177936 -0.2125089251434978 1.168212843599712
0.4518392971025749 -0.2141056972475303 1.165774429831274
0.4507380453403987 -0.2164144507252616 1.162268843858777
0.4491657578736919 -0.2196591039628269 1.157381496283918
0.4469961986860497 -0.2240410640043954 1.150852045969591
0.4441404612594003 -0.2296502790598939 1.14260888872141
0.4406082662968986 -0.236356416606026 1.132915936564062
0.454549563830131 -0.2082899277973797 1.169279720200314
0.4542513252545879 -0.2089395450948684 1.168107065010963
0.4538033772606561 -0.2099106828792251 1.166359713892016
0.4531378055652988 -0.2113436281685954 1.163793689112151
0.4521646751409223 -0.2134176809795857 1.160105035066224
0.4507750797917068 -0.2163373001559842 1.154962309943624
0.4488567819785718 -0.2202897847650699 1.148090202390634
0.4463297670180105 -0.2253657894926567 1.139410609990087
0.4432003093929388 -0.2314594689227541 1.129197394969554
0.455701884683306 -0.2057566336623996 1.1677953626074
0.4554422557102246 -0.2063306853417165 1.166573261472308
0.4550524801094469 -0.2071889001521111 1.164752532518945
0.4544736415627961 -0.2084555327273688 1.162078902374221
0.4536278087579985 -0.2102898264810183 1.158235155426132
0.4524207536906855 -0.2128742859763763 1.152874377524625
0.4507555714507114 -0.2163779443615791 1.145706176956704
0.4485634688088288 -0.2208864288501918 1.136643051487292
0.4458503988851917 -0.2263126638390248 1.125962520062234
0.4568812594447859 -0.2031243825052676 1.166520427419576
0.4566601200806697 -0.2036210566908744 1.165257211868726
0.4563283466942942 -0.2043634996843909 1.163375519237746
0.4558360407573577 -0.2054592513046236 1.160612484275182
0.4551173712431017 -0.2070463194378706 1.156639699015448
0.454093061984189 -0.209283279451139 1.15109690133638
0.4526821550950632 -0.2123178430054553 1.143680087981407
0.4508282023037519 -0.2162265756274362 1.134292055884852
0.4485384365734318 -0.2209372556095089 1.123210866606083
0.4580763247024958 -0.2004147717785635 1.165440063267365
0.4578938291957182 -0.2008313750002284 1.164143156763246
0.4576202541852861 -0.2014539723097913 1.162211654200168
0.4572147218161523 -0.2023726714617822 1.159375777647759
0.4566234981157391 -0.2037031687739433 1.155298126969231
0.4557822422663106 -0.205578568033475 1.14960770850859
0.4546259000878011 -0.2081232590782603 1.141989515041629
0.4531102739496266 -0.2114026481416313 1.132338341868204
0.4512437114940804 -0.2153581037180796 1.120932298522742
0.4592808669735642 -0.1976387746167517 1.164558719250687
0.4591367069176805 -0.1979734435746067 1.16323522401435
0.4589208221657508 -0.1984733709662617 1.161264586142204
0.45860123798997 -0.1992107038139942 1.158371734009053
0.4581361449219487 -0.2002779885959893 1.154212412651037
0.4574759032568346 -0.2017815599586426 1.148407471543717
0.4565710869910783 -0.2038206135889724 1.140633528794916
0.4553895082858587 -0.2064470773422666 1.130779211018664
0.4539405703053632 -0.2096138321553269 1.119122440242371
0.4604888674021535 -0.1948076050843034 1.163878923896181
0.4603825519746444 -0.1950587240738384 1.162536027827279
0.4602235604615728 -0.1954335549389437 1.16053706131529
0.4599886354242442 -0.1959858547970791 1.157603309548804
0.4596476039606864 -0.1967843494112271 1.153385855603104
0.4591651020408566 -0.1979075770853904 1.147500058941421
0.4585067582108349 -0.1994280639102507 1.139616927352051
0.4576517444926786 -0.2013824241655861 1.129620909389127
0.4566100233006651 -0.2037333713984189 1.117789619722136
0.4616943214103996 -0.1919332008209906 1.163406326647265
0.4616259082646873 -0.1920976856154246 1.162051128951462
0.4615237552366921 -0.1923429836313816 1.160034529118075
0.4613731287102357 -0.1927040116451349 1.157075842536543
0.4611550856125231 -0.1932252235442012 1.152823755436338
0.4608477566605016 -0.1939570704588598 1.146890975902879
0.4604304950856411 -0.1949455287899454 1.138946001353397
0.4598919295448715 -0.196212673238746 1.128871624762734
0.4592405336985101 -0.1977324763621483 1.116945664813621
0.462892201415046 -0.1890259502532192 1.163157658400571
0.4628617775582644 -0.1891004359476831 1.161797355699566
0.4628164092608378 -0.1892114460567983 1.159773923185523
0.4627496335188737 -0.1893746991499868 1.156806341305999
0.4626532023986398 -0.1896101640479308 1.152543068848342
0.4625177188794192 -0.189940410978229 1.146596800005496
0.4623345401310589 -0.1903858529455439 1.138636260963557
0.4620993437250948 -0.1909560067890944 1.128544578886974
0.4618166305517277 -0.1916387219375275 1.116599702218202
0.4640760206029497 -0.1861006370255905 1.163149441029895
0.4640833869461633 -0.1860822666472485 1.161791172661557
0.4640943184912181 -0.1860550013952106 1.159771564402666
0.4641103032700568 -0.1860151241124654 1.156810797521067
0.4641331677492539 -0.1859580667651795 1.152559078235128
0.4641648683151405 -0.1858789257069995 1.146631369901637
0.4642069698410255 -0.1857737579719301 1.138698791021296
0.4642597976070915 -0.1856416987797259 1.128646012490179
0.4643215547003245 -0.1854871797205229 1.116750266707947
0.4652384477795614 -0.1831752895662084 1.163391231742785
0.4652829270223961 -0.1830622785323935 1.162042032569633
0.4653489829868298 -0.1828942974319407 1.160036703320061
0.4654456706731043 -0.1826480978594197 1.157098072724408
0.4655842216452338 -0.1822946311743762 1.152879905671168
0.4657768410649336 -0.1818019095817523 1.147001435306541
0.4660336572635908 -0.1811425689823404 1.139137898509945
0.4663576057614474 -0.1803069148658763 1.129176154351182
0.4667388302329468 -0.1793177747820345 1.117391352522629
0.4663720273099518 -0.1802696095929805 1.163883918155991
0.4664524229633449 -0.1800614814768133 1.162550835856478
0.4665716893649058 -0.1797522146822617 1.160570236028924
0.4667460108074893 -0.1792990836432107 1.157669014620036
0.4669953343501927 -0.1786486991140762 1.153506254045983
0.4673410813558858 -0.1777422675592705 1.147707365224342
0.4678005470011691 -0.1765294542715377 1.139953285869398
0.4683777237294574 -0.1749923081567075 1.130133525383215
0.469053590707401 -0.1731725412543625 1.118519623223666
1.812081401076824 -0.5712800585285618 1.295355861140275
1.811691693805409 -0.5725147299392627 1.295014677250113
1.811103082293439 -0.5743740372859344 1.294503477604058
1.810224818122617 -0.5771360474393155 1.293749816452987
1.808937934266609 -0.5811570006222029 1.292664867239799
1.807101728019944 -0.5868417623075852 1.291155698809034
1.804578824888028 -0.594554601501563 1.289154364110824
1.801286450001667 -0.6044559822198248 1.286662310371723
1.797270881661131 -0.6162931829364661 1.283799471607708
1.812397266548846 -0.5702771761233396 1.292046369655957
1.812023345444137 -0.5714641764506125 1.291618319412764
1.811458546742287 -0.5732519889501159 1.290978310974192
1.810615551315617 -0.5759090507493224 1.290037510001456
1.809379496184518 -0.5797807759731262 1.288688782449681
1.807613676821111 -0.5852629364398573 1.286823822028017
1.805182866396381 -0.5927180849863489 1.284371510092843
1.802002064569655 -0.6023192415053998 1.281354088523488
1.798108495851883 -0.6138450509258966 1.277942501367574
1.812801004342522 -0.5689924674858938 1.288851282820592
1.812442131433506 -0.570134571487916 1.288345457610859
1.811900093828666 -0.5718548411831564 1.287589732597555
1.811090957788776 -0.5744122665966268 1.286479823023392
1.809904037667647 -0.5781412317377885 1.284890418371289
1.808206981638226 -0.5834273056308887 1.282695814436682
1.805867597111835 -0.590628589811287 1.279815711509234
1.802800217929341 -0.5999260651404137 1.276281966230012
1.799034930928412 -0.6111245590715078 1.272301841260976
1.813277196518037 -0.5674730989118567 1.285777022342974
1.812932504069268 -0.5685733418742677 1.285201709030394
1.812412010106477 -0.5702303175233155 1.28434222749769
1.811635140000803 -0.5726936606207645 1.283079747919486
1.810495517907659 -0.5762862908635031 1.281271002750042
1.808865632740878 -0.5813820018627032 1.278771196908824
1.806617378873725 -0.5883311616363452 1.27548540637384
1.803666169069428 -0.5973175536976566 1.271444602423884
1.800037270687592 -0.6081658766623665 1.266878367383634
1.813814277075642 -0.5657540787988233 1.282825920353331
1.813482620569662 -0.56681627913525 1.282187928208109
1.812982048556386 -0.5684153419931842 1.281234542258185
1.812235279591196 -0.5707917315500997 1.279833172983803
1.811140357700334 -0.5742564880870266 1.277822855633622
1.809575147766018 -0.5791698317320512 1.275038431293392
1.807416961764992 -0.5858701526150207 1.271366051702901
1.80458461741128 -0.5945370198764119 1.266827201625847
1.801101372612888 -0.605007235471537 1.261661524088597
1.814404265128689 -0.5638590888544428 1.28000037226695
1.814084701517013 -0.5648863647875276 1.279304752075397
1.813602693116922 -0.56643197377972 1.278264795305348
1.812884160814265 -0.5687274644939342 1.276734775998676
1.811831585406013 -0.5720718622044558 1.274536302330587
1.810328528566648 -0.5768106518248921 1.271483018689528
1.808258683363795 -0.5832670429917798 1.267439004896609
1.805546281896293 -0.5916101193619107 1.262409587918525
1.802215728175375 -0.6016796311312566 1.256634422987378
1.815037907381229 -0.5618160768170583 1.277289113038246
1.814730620758432 -0.5628078566284016 1.276537940628474
1.814267422652143 -0.5642992366680022 1.275414552671095
1.813577442124742 -0.566512816110295 1.273760527264561
1.812567598909963 -0.5697355603986042 1.271380508961304
1.811127180538187 -0.5742980457190653 1.268067168847281
1.809146433384868 -0.5805076157741156 1.263661881880552
1.806555574301276 -0.5885209141244899 1.258151341781671
1.803381482717446 -0.5981765100643524 1.251770025871181
1.815704213879967 -0.5596589292591254 1.274677525829625
1.815409603512505 -0.5606138429217666 1.273872068008588
1.814965844932483 -0.5620488334028102 1.27266713536873
1.814305416918054 -0.5641770675441758 1.270891841861824
1.81333989827191 -0.567272705791633 1.268334128094766
1.81196460387588 -0.5716504033951741 1.264765969185187
1.810076632280264 -0.5776006359708064 1.260006398943683
1.807612209219518 -0.5852674691809505 1.254024189475097
1.804600028631688 -0.594490240511525 1.247049980311062
1.816401389504208 -0.5573920537719596 1.272169419975892
1.816119732533325 -0.5583090779344588 1.271310884393071
1.815695834405454 -0.5596861141064907 1.270026248132936
1.815065602290116 -0.5617265961160803 1.268132445968632
1.814145398843547 -0.5646914035610314 1.26540107939684
1.812836761591726 -0.5688785329247016 1.26158385533337
1.811043930358205 -0.5745605204968799 1.256477914986182
1.808709510758689 -0.5818675236615344 1.250034517399275
1.805864385482199 -0.5906384093910092 1.242480666455451
1.817127859199945 -0.5550191462646736 1.269768666772809
1.816859563126269 -0.5558967865328625 1.268858131152841
1.816456123196568 -0.5572136591134794 1.26749546590477
1.81585694987446 -0.559163166699636 1.265485727087121
1.814983280668784 -0.5619925269020195 1.262584587717379
1.813742992104995 -0.5659825686281852 1.258523960983481
1.812047640860198 -0.5713871337840313 1.253079467130253
1.80984631401034 -0.5783219078196191 1.246185267522813
1.807172082649222 -0.5866250702912494 1.238065071377972
1.817879859672336 -0.5525511064133586 1.267473580639981
1.817625817473194 -0.5533862096726325 1.266511155800204
1.817244150456348 -0.554638266830843 1.26507075938903
1.816677931181291 -0.5564900751673888 1.262945788268328
1.815853437746809 -0.5591745720470805 1.259876435954231
1.814684951820804 -0.5629550914913792 1.255575773487414
1.813091071235854 -0.5680674931781998 1.249799825398636
1.81102677232487 -0.5746146006877155 1.242468185259159
1.808526388435422 -0.5824364443728336 1.233803827651674
1.818656672869395 -0.5499889231871532 1.265291395550796
1.818417550547222 -0.5507790130921671 1.264277590332729
1.818058625918327 -0.551962627471196 1.262760385509203
1.817526743377501 -0.5537115192124112 1.260521851844318
1.816753339124658 -0.5562438441729902 1.25728728909113
1.815659204789388 -0.559804931618602 1.252751871520205
1.814170046713113 -0.5646122129478626 1.246653360256874
1.812246541489391 -0.5707559743539107 1.238898727521702
1.809923746878833 -0.5780795273014138 1.229712323000448
1.819459154086226 -0.5473283256079235 1.263238473145223
1.819235669629645 -0.5480706959399654 1.262173575949737
1.818900521002318 -0.5491819407977977 1.260580176472156
1.81840442508766 -0.5508223454277782 1.258229334511546
1.817684066311184 -0.5531948521808375 1.254832038755605
1.816666774462685 -0.5565264952940562 1.25006657580583
1.815285249863066 -0.5610163732285579 1.243654006331
1.813505532285574 -0.5667429697583851 1.235490694993766
1.811362872490645 -0.5735542289647737 1.225804163492295
1.820287433730627 -0.5445673218283549 1.261331030556188
1.820080453935151 -0.5452587006221459 1.260215239125537
1.819770322658783 -0.5462928538533953 1.258546153571069
1.819311739512667 -0.5478181302880859 1.256084166008152
1.818646721288465 -0.550021829155585 1.252526611238379
1.817709121439922 -0.5531125195066973 1.247536055028258
1.816438412624906 -0.5572713903850195 1.240818695524512
1.814805473262833 -0.5625664437346092 1.232262680140189
1.812844984475284 -0.5688523285209837 1.222100843000462
1.821140125347048 -0.5417089193024945 1.259581373972315
1.820950722521595 -0.542345254933626 1.258414794292806
1.820667137921473 -0.5432964957495772 1.256670423663768
1.820248178454261 -0.5446985204999923 1.254098358896105
1.819641270801848 -0.5467225576063011 1.250383017766734
1.818786720509367 -0.5495587090563837 1.245172587022917
1.817630403539099 -0.5533711462763745 1.238160560545948
1.816147248959245 -0.5582195620888828 1.229229733582273
1.814370270839364 -0.56396846516027 1.218620905793952
0.4516443584822176 -0.2165292810300162 1.177896775664383
0.4528419975303947 -0.2167880006246276 1.177730310907289
0.4544877551924663 -0.2171432333351841 1.17750218281157
0.4567476671302269 -0.2176304718054696 1.177190083925053
0.4598477895663859 -0.2182978305256007 1.176764149967597
0.4640956723276274 -0.2192065948984408 1.176180045186929
0.4699011455200168 -0.2204538344066056 1.175400257586484
0.4778197124306716 -0.2221433605459013 1.174344573011349
0.4885801843708242 -0.2244272515709166 1.172936079614493
0.5031319917116613 -0.2274943125008488 1.171078634788602
0.5226825521611944 -0.2315770209331973 1.168667709055535
0.5487185748117275 -0.2369488428991759 1.165605008127683
0.5829860250708458 -0.2439101962652367 1.161825744597826
0.6273931353298752 -0.2527568261336958 1.157340778154756
0.683792887030815 -0.2637255842571891 1.152289392146225
0.7536129152557912 -0.2769190574738539 1.14698570513332
0.8372416640806671 -0.2927784981750183 1.141888726988406
0.9334534763397999 -0.3123959231649354 1.138359433002307
1.03940941582373 -0.3352464845757996 1.137678370654581
1.150593440085386 -0.3601143247872604 1.141284436159927
1.261090006781289 -0.3867014342478696 1.150071203872801
1.365243796284996 -0.4136664602887253 1.163296034061593
1.458618597464616 -0.4397056478386253 1.179355714170422
1.538155151775752 -0.4651021804539427 1.196696698831761
1.603442212636253 -0.4875190779459585 1.214375493712154
1.655375951503638 -0.5064533883856253 1.230857554635032
1.695698042485397 -0.5218791625780234 1.245245895097472
1.726440770410112 -0.5340923602373756 1.25720899114435
1.749568410670545 -0.5435508206045244 1.266803102864845
1.766798554868399 -0.5507541321047261 1.274295180407822
1.779544866052195 -0.5561715382688873 1.280032386773906
1.788926332979111 -0.5602080283804362 1.284363215476857
1.795805798006745 -0.5631949525773827 1.287598291825272
1.80083719998274 -0.5653940949564349 1.289996438434942
1.804509914866654 -0.5670072416825144 1.291764280945223
1.807187129726426 -0.5681873469301275 1.293062192410035
1.809136737763772 -0.5690489724631579 1.294012304909843
1.810555392091794 -0.5696771358112479 1.294706284608553
1.811587203415743 -0.5701346412301356 1.295212415145013
0.452527881779175 -0.2146793669993563 1.17559004208247
0.4537234069909859 -0.2149434364100959 1.175423335085819
0.4553662214114365 -0.215305998500208 1.175194888643091
0.4576220447473079 -0.2158032635047531 1.174882376751977
0.4607165043215765 -0.2164843146503217 1.17445591509809
0.4649566648808752 -0.2174115974664095 1.173871842438591
0.4707513509000397 -0.2186842844937295 1.17309058302362
0.4786553585142643 -0.2204080054995938 1.172034023251006
0.4893962148581822 -0.2227377739262759 1.170624671247958
0.5039219485926817 -0.2258658139120591 1.168766628876893
0.5234384397549111 -0.2300285320189089 1.166355846037689
0.5494309032349695 -0.2355034763764696 1.163294889629456
0.583644171534225 -0.2425945378854194 1.159520396426548
0.6279860990421291 -0.2515990250498473 1.155045402298381
0.6843104461364393 -0.2627516507627646 1.150012211727886
0.754047026926359 -0.2761473338789653 1.144738661448691
0.8375840946743732 -0.2922177799991284 1.139682380485628
0.9336949647631493 -0.3120385306243312 1.13618880206632
1.039548521859675 -0.3350626996718132 1.135532194784535
1.15063763861211 -0.3600564801122927 1.139142507940028
1.261057473323678 -0.3867035326742359 1.147890924677295
1.365160749603556 -0.4136622773164169 1.161038248308936
1.458513757039058 -0.4396402964897874 1.176993449713004
1.538059740317362 -0.4649348388579412 1.194202236230758
1.603382870101432 -0.4872254955413914 1.21174182340751
1.655367468694457 -0.5060308444460768 1.22809358119337
1.69574483034256 -0.5213385365547251 1.242369199426335
1.726540164389436 -0.5334509723528771 1.254239918569172
1.749713971016666 -0.5428274624846674 1.263761108613223
1.766982527496735 -0.5499662756696666 1.271197102331375
1.779759651591863 -0.5553341102542324 1.276891950412946
1.789165209714158 -0.559333131101066 1.281191189785543
1.796063179445517 -0.5622920758124565 1.284402919187222
1.801108610693561 -0.5644705018519501 1.286783918413702
1.804791865217874 -0.5660684060592225 1.288539223424171
1.807476946598634 -0.567237345712542 1.289827997373459
1.809432394610817 -0.5680908185542585 1.290771463459087
1.810855375535734 -0.5687130452235296 1.291460620388516
1.811890378549543 -0.5691662321691687 1.291963252712445
0.4534933717963909 -0.2126349298490882 1.173489716652593
0.4546867171888246 -0.2129043869895042 1.173322336943282
0.4563264983023363 -0.2132743295010609 1.173092982404973
0.458578110369373 -0.213781689241912 1.172779251153405
0.4616667404572959 -0.2144765232148093 1.172351162077498
0.4658989253721214 -0.2154224964658409 1.17176557115674
0.4716825480933884 -0.2167207302774621 1.170980874300825
0.4795715894244342 -0.2184788383312551 1.169920723589252
0.4902922899521064 -0.2208547173047457 1.16850689762845
0.5047912409162667 -0.2240440041300338 1.166643504235042
0.5242727455264846 -0.2282870124750232 1.164226719657531
0.5502204862475755 -0.2338653247756997 1.161159746167422
0.5843781336164636 -0.2410862186274608 1.157380521858917
0.6286531564719121 -0.2502484312528785 1.152904352028956
0.6849001233013352 -0.2615843537010795 1.14787700956798
0.7545511047196397 -0.2751810276870051 1.142620963730688
0.8379945649888579 -0.2914600661773129 1.137593517987501
0.9340034613294087 -0.3114796949153991 1.13412488766354
1.039754472353294 -0.3346711411090404 1.13348435769786
1.150749177974332 -0.3597832591941941 1.13709317215881
1.261093318205646 -0.3864825405596055 1.145799086830654
1.365147455041287 -0.4134278025536171 1.158866595169969
1.458480112883438 -0.439338614038811 1.174716535269518
1.538037261134606 -0.4645260028766355 1.191792989527791
1.603398729676951 -0.486684038433548 1.209195321295848
1.655436573214367 -0.5053538527015636 1.225419790821238
1.695871435869962 -0.5205373704854086 1.239585991496597
1.726721313135464 -0.532543777138131 1.251367453652038
1.749942885964387 -0.5418339580234965 1.260818426820846
1.767251130112264 -0.5489048192127879 1.268200557743297
1.780060058404009 -0.5542204004900203 1.273854806042519
1.789490464201021 -0.5581799068512739 1.278123813748052
1.796407508428026 -0.5611093321601164 1.281313225990091
1.80146739396036 -0.5632658934984051 1.283677849147871
1.805161502959965 -0.5648477046238511 1.285421189200181
1.807854682899483 -0.5660048518313537 1.286701247877204
1.80981614129846 -0.5668497116016389 1.287638377552261
1.811243573610672 -0.5674656644503195 1.288322938462979
1.812281859497848 -0.5679142865691522 1.288822238073059
0.4545261179342526 -0.2104210884818777 1.171603918222537
0.4557172689288784 -0.2106959304046575 1.171435453282923
0.4573539969134181 -0.2110732482665391 1.171204625560962
0.4596013707333165 -0.2115906940218204 1.17088890234928
0.4626841345898864 -0.2122992958669414 1.170458132264151
0.4669082600224538 -0.2132640022649511 1.169869522822284
0.4726807840536901 -0.214587671476124 1.169079520459657
0.4805547640608954 -0.2163800930529581 1.168013177075063
0.4912551772975116 -0.2188019578635382 1.166591413238274
0.5057271627079228 -0.2220522820355126 1.16471811333365
0.5251734261307044 -0.2263752335215382 1.16228943552835
0.5510760903586879 -0.2320563505988691 1.159208996632858
0.5851776308231198 -0.2394061892997477 1.155415908941456
0.6293850962054608 -0.2487247820330652 1.150927818188425
0.6855538369430173 -0.2602420586409087 1.145894361204628
0.7551181756586951 -0.2740370790459351 1.140643461830218
0.8384670739403394 -0.2905209696619395 1.135633097641897
0.9343737282051707 -0.3107339948393654 1.132178720059936
1.040022506401915 -0.3340858773647966 1.131545836846256
1.150923485669678 -0.359308880775658 1.135147264943157
1.261192765019924 -0.386053757933199 1.143806451581633
1.365198606982757 -0.4129802602863923 1.156791798521639
1.458511618587035 -0.4388202754971874 1.172535726894303
1.538080702241738 -0.4638983226390671 1.189479863373872
1.60348156509666 -0.4859210321877167 1.206746640961478
1.655573767891101 -0.5044525334017241 1.222846362520878
1.696067168492366 -0.5195093057129517 1.236905894831249
1.726972483864485 -0.5314074597940109 1.248600676970958
1.750242557792846 -0.5406094974903228 1.257983656980363
1.767591072947323 -0.5476109440467392 1.265313745172333
1.780432257474987 -0.5528731337366143 1.270928831343874
1.789887855226453 -0.5567922555884413 1.275168715374109
1.796824233064062 -0.5596915047230689 1.278336649776564
1.801898766082686 -0.5618257105204094 1.280685524861804
1.805603872713907 -0.5633910641802762 1.282417365737871
1.808305256764587 -0.5645361498742318 1.283689052397517
1.810272803162398 -0.5653721984646768 1.284620097557593
1.811704743748489 -0.5659817321478823 1.285300246594759
1.812746354102598 -0.5664256830965603 1.285796347828676
0.4556115569786019 -0.2080631163323408 1.169935149011451
0.4568005450528936 -0.2083433031192466 1.169765208080967
0.4584342630056832 -0.2087279405544522 1.169532371906768
0.4606774573301656 -0.2092553941132459 1.169213924945817
0.4637544345446339 -0.2099776538794964 1.168779475897854
0.4679705822664393 -0.2109609906311851 1.168186437018241
0.4737321741881237 -0.2123098237059475 1.167389349287078
0.4815912773128362 -0.2141362472569944 1.16631434803202
0.4922716380289998 -0.2166036538758291 1.164881363044617
0.5067169469064545 -0.2199143820269302 1.16299383630422
0.5261283087410298 -0.2243163754508918 1.160547672923401
0.551986269616221 -0.2300990254524655 1.157446688442359
0.5860320737436591 -0.23757604276948 1.153631036755891
0.6301722919261846 -0.2470486270766248 1.149120750136775
0.686262982593793 -0.2587441497878072 1.144069669969784
0.7557406452499608 -0.2727336756680885 1.138811903838726
0.8389949538360923 -0.2894175926210037 1.133807036591854
0.934799795937574 -0.3098177235178741 1.130356311525033
1.040347102715178 -0.3333228383599297 1.12972258434659
1.151155221012793 -0.3586494237967449 1.133310555262418
1.261350400194684 -0.3854340187883488 1.141918660406634
1.365308496596381 -0.412337729338902 1.154819403231204
1.458602134273277 -0.4381048602901065 1.170456516576635
1.538183357883809 -0.4630731122637703 1.187268401119133
1.603623964204801 -0.4849598756689469 1.204401170496922
1.655770911268039 -0.5033523912139674 1.220378415456406
1.696323210981434 -0.5182817672187661 1.234333720984147
1.727284275789752 -0.530071083071683 1.245944102512197
1.750603105747905 -0.5391844776159316 1.25526105093756
1.767992093882615 -0.5461160988649131 1.262540698780029
1.780865691078972 -0.5513245694021628 1.26811788671102
1.790346600015439 -0.5552030512334206 1.272329620109059
1.79730240140509 -0.5580719278697484 1.275476813120196
1.802391649159259 -0.5601836292621406 1.277810490809821
1.806107803427219 -0.5617324135375351 1.279531240722284
1.808817428614344 -0.5628653541200914 1.280794856089761
1.810791090354244 -0.563692529352677 1.281720037318329
1.812227559348398 -0.5642955978302785 1.282395935693513
1.8132725089459 -0.5647348436816644 1.282888956139247
0.4567369275319617 -0.2055837456563572 1.168482485807221
0.4579238199668076 -0.2058692111955261 1.168310698410396
0.4595546199009345 -0.2062610765034477 1.168075346334503
0.4617937601212465 -0.206798410462782 1.167753481897587
0.4648651207282332 -0.2075341509601385 1.16731440786648
0.4690734955144238 -0.2085359242962596 1.166715598936972
0.4748244847667265 -0.2099095245692485 1.165909741561258
0.4826691129333866 -0.2117694704638495 1.164823745010688
0.4933299411360619 -0.2142817495909647 1.163376424986794
0.5077492303914277 -0.2176519497119787 1.161470572205694
0.5271264944385001 -0.222131694055933 1.159001613378785
0.5529406944570128 -0.2280141073809354 1.155873353122235
0.586931806404884 -0.2356159209204101 1.152026851813891
0.6310058494555723 -0.2452393777911176 1.147484555580541
0.6870194812819009 -0.2571092227142256 1.142404806960808
0.7564112506233933 -0.2712885737863263 1.1371285505431
0.8395716628205319 -0.2881669302097146 1.132117851329602
0.9352756934767862 -0.3087473380100137 1.128660368888671
1.040722664965734 -0.3323982631638261 1.128017368637609
1.151438986179988 -0.3578212642167223 1.131585768570553
1.261560831871191 -0.3846401275312141 1.140138475567204
1.365471603404737 -0.4115176553588162 1.152952256420945
1.458745932553975 -0.4372105408677063 1.168481864104507
1.53833921948239 -0.462069323216538 1.185161766426616
1.603819579941766 -0.4838204035576684 1.202162229814981
1.65602131575846 -0.502074122305965 1.218019377087367
1.696632566361475 -0.5168762181100485 1.231872965601593
1.727649428766032 -0.5285567528547855 1.243401266435419
1.751017055703978 -0.5375815211263537 1.2526541676613
1.768446550234743 -0.5444433101038645 1.259884989772862
1.781352586721771 -0.5495980428609352 1.265425549607228
1.790858827710839 -0.5534358621439912 1.269610108439899
1.797834068926155 -0.5562743438326887 1.272737297859253
1.802938043957218 -0.5583635207442391 1.275056329356405
1.80666525548719 -0.5598957185928213 1.276766396662107
1.809383129162264 -0.5610165000905797 1.278022241446505
1.811362911851232 -0.561834790735866 1.278941779255778
1.812803913504214 -0.5624313851704532 1.279613588103035
1.81385220553417 -0.5628659191235129 1.280103645280683
0.4578894997532512 -0.2030065330978192 1.167233480125074
0.4590743933339932 -0.2032971934405604 1.167059516847712
0.4607024076243295 -0.2036961703181758 1.166821197667347
0.4629376739826463 -0.2042432238736628 1.166495299032669
0.4660036625417867 -0.2049922220706761 1.166050759005059
0.4702045303263292 -0.2060122687844113 1.165445006511994
0.4759454205774517 -0.2074100622911847 1.164628863942818
0.4837761547682879 -0.2093029372384951 1.163529793967315
0.4944182054651569 -0.2118592675881837 1.16206536983961
0.5088124352740482 -0.2152878072598263 1.160137544399921
0.5281567884636376 -0.2198437516013947 1.157641063495298
0.5539286410455219 -0.2258238294892763 1.154479530173993
0.5878666638336528 -0.2335476541540032 1.150594783352963
0.6318762389364185 -0.2433183944916031 1.146011693506791
0.6878144879567196 -0.2553581233861893 1.140893345972712
0.7571218401557006 -0.2697221057558878 1.135588072414454
0.8401896838126766 -0.2867888877604961 1.130561184612914
0.9357943733283857 -0.3075425298272065 1.127087389264125
1.04114244033446 -0.331331897708727 1.12642728931723
1.151768160062101 -0.3568444631040119 1.12997034040459
1.261817411419202 -0.3836927164063549 1.138463504140976
1.365681129016094 -0.4105414118141295 1.15118794279537
1.45893600283756 -0.4361594616496492 1.166609206639497
1.538540984308331 -0.4609099421791494 1.183157223624851
1.604060710908136 -0.4825267225173436 1.200026436258791
1.656316856526731 -0.5006430110140366 1.215764985470921
1.696986713168079 -0.5153190386632654 1.22951843956095
1.728059077431582 -0.5268917947875019 1.24096611786141
1.751475259104678 -0.5358287289420354 1.250156214257041
1.768945068376835 -0.5426212928736656 1.257339217823379
1.781883396386392 -0.5477227439678554 1.262843939246612
1.791414857532043 -0.5515202390114124 1.267001928771659
1.798409455194451 -0.5543285738056185 1.270109570818365
1.803528095873535 -0.5563954073665524 1.272414296276025
1.80726631950096 -0.5579111503168309 1.27411393244428
1.8099924086468 -0.5590198682566001 1.275362191674385
1.811978288363429 -0.5598293431614145 1.27627622142633
1.81342380532752 -0.5604195133192996 1.276944039544404
1.814475427200408 -0.56084937141226 1.277431205464105
0.4590577379148001 -0.2003536681810816 1.166173947007632
0.4602407537769969 -0.200649419924349 1.165997532784911
0.4618661480621857 -0.201055365512723 1.165755869775882
0.4640977662492222 -0.2016119414034736 1.165425422057011
0.4671586890233667 -0.2023739247152071 1.16497471394165
0.4713524407369756 -0.2034119252190935 1.164361018944627
0.4770838064422933 -0.2048333356198508 1.163533345106267
0.4849013772716869 -0.2067584234526761 1.162419466372617
0.4955256024974145 -0.2093578200390915 1.160935625142908
0.509895988672164 -0.2128433510214548 1.158982779370391
0.5292089430521355 -0.2174736645889234 1.156454822607752
0.5549402646613996 -0.2235489535118185 1.153254992550029
0.5888272851800216 -0.2313915678860267 1.149325791492721
0.6327746577929213 -0.2413054876359614 1.144694508985907
0.6886398139944712 -0.2535100870236033 1.139529153641381
0.7578648637797717 -0.2680529083286015 1.134185875025899
0.8408420721277687 -0.2853015497095959 1.129133875635246
0.9363493810005076 -0.3062209996427822 1.125635506602989
1.041600329174919 -0.3301412887774277 1.12495146151335
1.152136866285567 -0.3557366549906196 1.128464017079058
1.262114287512747 -0.3826099270157611 1.136893772311237
1.365931080454525 -0.4094279886821547 1.149526399252239
1.459166109540415 -0.4349716149205946 1.164838186178376
1.53878203044727 -0.4596162173536717 1.181254048083809
1.604340138475711 -0.4811019123771871 1.197991704799692
1.65664964649167 -0.4990841382751439 1.213611327016902
1.697377118386142 -0.5136372118010035 1.22726431644549
1.728504116956313 -0.5251048548527149 1.238631063182472
1.751968133265813 -0.5339561236269895 1.247758082193693
1.769477681836116 -0.5406811671329474 1.254893037897233
1.782447853843096 -0.5457306448332362 1.260361734682465
1.792004193801731 -0.5494888032473207 1.264493007683445
1.799017891288103 -0.5522677277165396 1.26758098818254
1.804151006592326 -0.5543127628731229 1.269871320353481
1.807900101193451 -0.5558124516411665 1.271560459393259
1.810634302080065 -0.5569093995106743 1.27280108361655
1.812626202909426 -0.5577102728656048 1.273709568421713
1.814076179768725 -0.5582941747631478 1.274373368373173
1.815131091091406 -0.5587194705346444 1.274857622731416
0.4602357317300654 -0.1976355636195432 1.165308539516006
0.4614170106016554 -0.1979362781083523 1.16512940533508
0.4630399772542584 -0.1983490150159624 1.164884030080896
0.4652682094220624 -0.1989148686712541 1.164548529720571
0.4683244221346206 -0.1996895000723676 1.164090966859427
0.4725115331430506 -0.2007450088977062 1.163468341732159
0.4782340209558444 -0.2021893794824658 1.162627928046235
0.4860392785926901 -0.2041458044847136 1.161497542235905
0.4966467877398681 -0.2067870696334565 1.159992019121558
0.5109947501906373 -0.2103279632595803 1.158011166589712
0.5302780773494395 -0.215030451302482 1.155447855273255
0.5559710061554765 -0.2211980351287858 1.152204792051045
0.5898094972789074 -0.2291556458617903 1.148225021025904
0.6336973772574561 -0.2392079592213375 1.143538231722165
0.689492216696351 -0.2515716404877511 1.138317512905732
0.7586375782821733 -0.2662866779480185 1.132927229385005
0.8415265602630232 -0.2837097808914355 1.127841103866817
0.9369388511524701 -0.304786845085704 1.124309774282576
1.042094777869958 -0.3288299002793544 1.123594766214824
1.152543765070152 -0.3545008414982803 1.127071482707384
1.262450241120874 -0.3813944972601723 1.135433813199461
1.366220282292983 -0.4081800295620653 1.147972045363322
1.4594350711643 -0.4336496614744602 1.163173138788336
1.539061132131057 -0.4581909222774819 1.179456551789932
1.60465656151515 -0.4795489479712836 1.196062301803269
1.657018302161963 -0.4974007058649005 1.211562609972155
1.697802322294308 -0.51183415470778 1.225114742978741
1.728983022947167 -0.5231995368475555 1.236400191049767
1.752494101706276 -0.531967461892135 1.245463809333565
1.770042773555872 -0.5386268104011829 1.25255044569375
1.783044311102334 -0.5436257161469429 1.257982897917889
1.792625165313928 -0.547345596133696 1.262087280913974
1.799657688712756 -0.5500958998427216 1.265155465702767
1.804805074860626 -0.5521197209159149 1.267431302281739
1.808564889929443 -0.5536037853454661 1.269109867002067
1.811307091982122 -0.5546892779915104 1.27034279843175
1.813304932991221 -0.5554817797201191 1.271245695310804
1.814759310679573 -0.5560595808722072 1.27190544518186
1.815817468409249 -0.5564804362395714 1.272386764387587
0.4614176019765388 -0.19486325884241 1.164639748927807
0.4625973019057351 -0.1951687830739843 1.164457635642886
0.46421805697763 -0.1955881005220916 1.164208193237146
0.4664431975124581 -0.1961629418184694 1.163867155154905
0.4694950996962646 -0.1969498221193977 1.163402076034669
0.4736760979347291 -0.1980223266615376 1.162769570608271
0.479390440826413 -0.199488869230328 1.161915250911007
0.4871843416651955 -0.201475602278353 1.160766720715427
0.497776384320997 -0.2041573339382557 1.159237331069944
0.5121035253624162 -0.2077516925189396 1.157225588623934
0.5313592298695481 -0.2125238116497174 1.154623173584796
0.5570161945592563 -0.2187803317111982 1.151332097069061
0.5908089803564623 -0.2268485990077125 1.147295818673614
0.6346404858115097 -0.2370338689219978 1.142546395267529
0.6903682365312418 -0.2495501015696446 1.137262127212176
0.7594369954767362 -0.2644299338413915 1.131815954276057
0.8422406100623536 -0.2820192946292115 1.126686727190935
0.9375606340836691 -0.3032450313606142 1.123114051074299
1.042623944128826 -0.3274020649931529 1.122361007595217
1.152987238035287 -0.3531408720082156 1.125796451491239
1.262823793116836 -0.380049951626026 1.134087291700578
1.366547327390309 -0.4068008737873433 1.14652852824201
1.45974150771706 -0.4321968532154392 1.161617713273579
1.539376901236919 -0.4566373064516044 1.177768434911717
1.605008556122845 -0.4778711564905517 1.19424198028255
1.657421355428409 -0.4955961507116503 1.209622633924981
1.69826081437106 -0.509913417334053 1.22307355639103
1.729494248533083 -0.5211794926263347 1.234277367577177
1.753051588264859 -0.5298664809925013 1.243277283281138
1.770638744611561 -0.5364620284145198 1.250315344574513
1.783671151952936 -0.541411816973625 1.255711343766189
1.793276142913812 -0.5450945174867459 1.259788671593819
1.800327208731491 -0.547817020679663 1.262836932514326
1.80548865488635 -0.5498202348974034 1.265098175553901
1.80925903475183 -0.5512891218040751 1.266766091917276
1.812009123611615 -0.552363486638218 1.267991275085732
1.81401282111676 -0.5531478558797152 1.268888542729676
1.815471538565774 -0.5537197305703812 1.269544211827351
1.816532898202219 -0.5541362724143922 1.270022573183798
0.4625969746094928 -0.192049683528477 1.164173297946669
0.4637752734882236 -0.1923598273545362 1.163987974605309
0.4653940602600126 -0.1927854635368016 1.163734148701174
0.4676164406376918 -0.193368932848972 1.163387140571157
0.470664482415278 -0.1941675678937065 1.162913955483862
0.4748399512655895 -0.1952564606338771 1.162270728003184
0.4805469879832342 -0.1967441781614466 1.161401456477926
0.4883306124751359 -0.1987599551677813 1.160233320334831
0.4989086028825109 -0.2014804376546113 1.15867811204933
0.5132167404893428 -0.2051259496469578 1.156632899705723
0.5324471046826147 -0.2099646181661267 1.153988018929942
0.5580708839468824 -0.2163060287924198 1.150644629511476
0.5918212169457397 -0.2244797582652643 1.146546480068164
0.635599971838394 -0.2347915182971119 1.141727944180482
0.691264432723793 -0.2474525812489092 1.136372621158765
0.7602602840446767 -0.2624884779462836 1.130862311791693
0.8429820026370995 -0.2802345181398371 1.125681555543144
0.9382130810014905 -0.3015986350274775 1.122059626332949
1.043186674992158 -0.3258596395959157 1.121261795833866
1.15346652998009 -0.3516576042250786 1.12465069540563
1.263234405054251 -0.3785766637682915 1.13286593688608
1.366911727366125 -0.4052908984957528 1.145207327475548
1.460084864549388 -0.4306139031002829 1.160183070304227
1.539728583359392 -0.4549568083904801 1.17620057389767
1.605394968394422 -0.4760713112211136 1.192540423826248
1.657857172052563 -0.4936748091221507 1.207799460594974
1.698750481265792 -0.5078808706346362 1.221147116150838
1.730035248909177 -0.5190519595994338 1.232267377368971
1.753637683906937 -0.5276615620318613 1.241201937476402
1.771262391463243 -0.5341961209154539 1.248190064762287
1.784324941817075 -0.5390989639938079 1.253548531425531
1.793953514548378 -0.5427461324843291 1.257597967336261
1.801022705085246 -0.5454420688114895 1.260625666784024
1.806197899985357 -0.5474255919397184 1.262871836573796
1.809978614448493 -0.548879976609195 1.264528746818472
1.812736420668411 -0.5499437096256673 1.265745916923195
1.814745850528853 -0.5507203091265709 1.26663736002605
1.816208817006149 -0.5512865221392468 1.26728880482603
1.817273312345496 -0.5516989434789193 1.267764103171263
0.4637687970868762 -0.1892054379198442 1.163925864361198
0.4649458962474057 -0.1895199596223449 1.163737108379229
0.4665629899753451 -0.1899515822748717 1.163478594103371
0.4687829854377465 -0.1905432233286137 1.163125199170344
0.4718276763851693 -0.1913529873560927 1.162643339564315
0.475998313218989 -0.1924574030894112 1.161988557847747
0.4816989579079088 -0.1939651347807697 1.161103345523798
0.4894735321855626 -0.19600836532801 1.159914191799178
0.5000390777907388 -0.1987654474353883 1.15833127728662
0.514330283110802 -0.2024592258897572 1.156250096144776
0.5335379154995397 -0.2073606128403111 1.153559485628515
0.5591316989621348 -0.2137819111742802 1.150159595436149
0.592843334802771 -0.222054714949572 1.145994327045088
0.6365735564568233 -0.232485056908026 1.141100301112031
0.6921791937917449 -0.2452815554637574 1.135666473134278
0.7611065407810503 -0.2604629349750095 1.130083751451429
0.843750544245063 -0.2783541109137601 1.12484293223968
0.9388966732851914 -0.2998443134913859 1.12116372679183
1.043784051867903 -0.3241973877172711 1.120314213198463
1.153983214328962 -0.3500441446554028 1.123651148494617
1.263683962076118 -0.3769666417983873 1.131786489706263
1.367315508257564 -0.4036415830738265 1.144024930515469
1.460467180779331 -0.4288922123238901 1.158885455643816
1.540118106962749 -0.4531412332796098 1.174769049998635
1.605817449346617 -0.4741421976726969 1.190972867037798
1.658327051595893 -0.4916307001238832 1.20610712873279
1.699272263229791 -0.5057317895007062 1.219348175884506
1.73060663594331 -0.5168133565659635 1.230381765071209
1.754252720507734 -0.525350096420229 1.239248266740971
1.771913818151516 -0.5318272689818716 1.246184235983108
1.785005605183819 -0.5366859595401479 1.2515034030825
1.794657066445993 -0.5402997212557487 1.255523577415832
1.801743859142891 -0.5429706864150866 1.258529672356186
1.806932412986414 -0.5449357052469181 1.260759984531822
1.810723173473492 -0.5463764643378398 1.262405304177281
1.813488484587362 -0.5474302099302092 1.26361402858692
1.815503490983481 -0.5481995117068252 1.264499328468913
1.816970592558355 -0.5487604078593684 1.265146314943325
1.818038140455027 -0.5491689601762726 1.265618378878328
0.4649267910541037 -0.186344889983943 1.163913975287904
0.4661029153313357 -0.1866634913118757 1.163721572170336
0.4677186234410309 -0.1871006907368356 1.163458075694507
0.4699366531838035 -0.1876999413761315 1.163097892221954
0.4729785627827986 -0.1885200641817359 1.162606809860356
0.4771451464828935 -0.1896389406842888 1.161939666298666
0.4828404231860722 -0.1911652603660703 1.161037563077804
0.4906073212458968 -0.1932339960035568 1.159826027446899
0.5011622265224561 -0.1960250483540878 1.158213579656138
0.5154388302762829 -0.1997635743986607 1.156094005875341
0.5346266761575594 -0.2047230253425054 1.153354490442435
0.5601940815984878 -0.211218155026101 1.149894009337542
0.5938713057811715 -0.2195823293391939 1.145656468965371
0.637557844639996 -0.2301217509772101 1.140680645851638
0.6931098480287045 -0.2430424323109195 1.135160876397265
0.761973875470448 -0.2583566470512252 1.129497383202571
0.8445451424295669 -0.2763792144105415 1.124187794514627
0.9396110849891991 -0.2979809598068012 1.12044311891565
1.044416443963059 -0.3224120586458274 1.119534870457269
1.154538248861093 -0.3482953393003584 1.122814327728746
1.264173858811499 -0.3752132931000524 1.130865495113654
1.367760347381886 -0.4018453995860816 1.142998012645744
1.460890286478522 -0.4270237617537978 1.157741755718541
1.540547340955973 -0.4511825018909896 1.173491079643941
1.606277795948147 -0.4720760552636998 1.189556667957352
1.658832661778645 -0.4894565738661044 1.204563000145884
1.699827680351163 -0.503459490141068 1.217694018588115
1.731209787535935 -0.5144575376353384 1.228637697380429
1.754897951126712 -0.5229264070100059 1.237433314099694
1.772594174261806 -0.5293501821373566 1.244314786981425
1.78571420909932 -0.5341678205770327 1.24959278987686
1.795387801528624 -0.5377505390615371 1.253582253634233
1.802491624922516 -0.5403983101743972 1.25656563863346
1.807693111100401 -0.5423461478740513 1.258779260847402
1.811493601594983 -0.5437742596191382 1.26041236909462
1.814266184814049 -0.5448187373415554 1.261612187996251
1.816286596950946 -0.5455812687595321 1.262491005798217
1.817757708695096 -0.5461372334954212 1.263133285018665
1.818828217949434 -0.5465421980106726 1.263601932189051
0.4660639723582319 -0.1834853166533585 1.164147261439817
0.4672393677063112 -0.1838076430616144 1.163951026749206
0.4688540265503171 -0.1842499324509311 1.16368229539661
0.4710705493351143 -0.1848561250685825 1.163314977787219
0.4741103010761947 -0.1856856925659311 1.162814200830297
0.4782736841097297 -0.1868177713423854 1.162133987088295
0.4839647165415499 -0.1883609882582196 1.161214186226712
0.4917254469623532 -0.1904529233819223 1.159979089988441
0.5022716967327104 -0.1932748391089386 1.158335526474908
0.5165362690247082 -0.1970539618719203 1.15617545321226
0.535707587305902 -0.2020659968821994 1.153384259267091
0.5612526360929395 -0.2086278418537958 1.149859590203151
0.5949002411500627 -0.2170743525735923 1.145545204712135
0.6385485645824175 -0.2277117281116747 1.140481919731824
0.6940528436841209 -0.2407434268655947 1.134869426390206
0.7628595339341929 -0.2561756714044068 1.129117389991997
0.8453638703383073 -0.2743135492118092 1.123730813361503
0.9403552056489424 -0.2960098635871121 1.119912940363508
1.045083502199315 -0.3205025608058784 1.118939312905598
1.155131955876242 -0.3464079087748106 1.122156166644741
1.26470493825541 -0.3733115962235801 1.130119319993543
1.368247448532657 -0.3998961101926271 1.142143395533663
1.461355606047226 -0.425001580625301 1.156769269532786
1.541017799284777 -0.4490734077928159 1.172384522214803
1.606777441322088 -0.4698660362667365 1.188309866696734
1.659375261719492 -0.4871462610526326 1.203185045569485
1.700417783183356 -0.5010585926084137 1.216202411127126
1.731845548487689 -0.5119798910551574 1.227052686961226
1.755574037273979 -0.520386560963329 1.235774339325406
1.773303967939077 -0.5267614926641788 1.242598752158112
1.786451138587542 -0.5315416314329124 1.247833538019861
1.796146008749221 -0.5350960220607774 1.251790691495578
1.803266217891853 -0.5377226448732411 1.254750143818039
1.808480154376116 -0.5396548269217971 1.256946154177619
1.812290017488947 -0.541071420449921 1.258566362817689
1.815069609360181 -0.5421074616199211 1.259756766113038
1.817095233836878 -0.5428638323984002 1.260628725761728
1.818570214217712 -0.5434153116301971 1.261266021382147
1.819643581469212 -0.5438170138416041 1.261731049307747
0.4671732448759014 -0.1806454983464156 1.164626645897449
0.4683481725594739 -0.1809711459426946 1.164426445525538
0.4699621394972163 -0.18141797089378 1.164152295524788
0.472177642889216 -0.1820303454387756 1.163777592353467
0.4752158997153283 -0.1828683173850215 1.163266777267103
0.4793769884376296 -0.184012167868136 1.162572961065832
0.4850649740531189 -0.1855703589865166 1.161634888995918
0.4928211456791492 -0.1876828742726586 1.160375368486347
0.5033608606514279 -0.190532126499806 1.158699524742071
0.5176161545947384 -0.1943471379926081 1.156497392042616
0.5367744483710508 -0.1994055470878759 1.153652448333669
0.5623014832604641 -0.2060260495027448 1.150060873600213
0.5959246764441373 -0.2145446715918286 1.145666133541788
0.6395407723036846 -0.2252674065979052 1.140510950172465
0.6950038658765801 -0.2383952015974863 1.134800281866084
0.763759925589836 -0.2539286493805832 1.128953253759696
0.846203921181981 -0.2721635195669597 1.123482710651136
0.9411270221587679 -0.2939350405906395 1.119585130351384
1.045783984583615 -0.3184704889989945 1.118540566708763
1.155763801059207 -0.3443811300683698 1.121690664505897
1.265277251215938 -0.3712588921221482 1.12956287205552
1.368777293596644 -0.3977896281488566 1.141476789287836
1.461863910378343 -0.4228206397952738 1.155984436790602
1.541530398284776 -0.4468085143001484 1.171466568683603
1.607317178899268 -0.4675072306376551 1.187249677584233
1.659955367214005 -0.484695905613112 1.20199004851113
1.70104274756278 -0.4985264944557187 1.214889488484654
1.732513754414324 -0.5093790511313605 1.225642168837421
1.756280508360222 -0.5177302958250054 1.234286123176056
1.774042470466942 -0.5240618624755403 1.241050348636869
1.787215456584284 -0.5288087968891481 1.246239403550007
1.796930587831787 -0.5323381551295341 1.250162282701528
1.804066412577328 -0.5349461193303998 1.25309629851983
1.809292222728649 -0.536864506112822 1.255273561890426
1.813111030333838 -0.5382709606193486 1.256880022862479
1.81589731492362 -0.5392995818996302 1.258060381660459
1.817927919619701 -0.5400505384000227 1.258925019331006
1.81940659865021 -0.5405980783969004 1.259556990471805
1.820482699691178 -0.540996917295645 1.260018149370085
0.4291050636581115 -0.2582827719762056 1.138081536516214
0.4303093694511225 -0.2585227939711324 1.137975593817204
0.4319641520278365 -0.2588526538376146 1.137830581173136
0.4342362520394711 -0.2593056555605387 1.137632496911464
0.4373526844722627 -0.2599271811866928 1.137362745774995
0.4416211758886467 -0.2607788604270798 1.136996951427068
0.4474562245169732 -0.2619439107300242 1.13650379480528
0.4554115465329875 -0.2635340372301014 1.13584438666537
0.4662182225149353 -0.265697767039638 1.134972729518851
0.4808256844251973 -0.2686303861552403 1.133839161950664
0.500438985408242 -0.2725847998842247 1.132399046703584
0.5265368536263058 -0.2778818108704089 1.130630926895061
0.5608474850432744 -0.2849172156814184 1.128568994214889
0.6052447938020842 -0.2941599109203945 1.12635376354925
0.6615211215718202 -0.3061307509338811 1.124297795306901
0.7310081283302199 -0.3213480247213854 1.12294752686167
0.8140634341539097 -0.3402233897880143 1.123097301231325
0.909543213511076 -0.3629069886358449 1.125695326333016
1.014487015244485 -0.3891148193721832 1.131605741645597
1.12427028942947 -0.4180170028496338 1.141277806144683
1.23332584334779 -0.4482793195220854 1.15448074919676
1.336235354297005 -0.4782919632036245 1.170279643721162
1.42875922003304 -0.5065098653084926 1.187294837668333
1.50841394172206 -0.5317571469733469 1.204104275947925
1.574482912273597 -0.5533791340125245 1.219581715321566
1.627621595263377 -0.5712235240959674 1.233050147940485
1.669317944443917 -0.5855120128101856 1.244260450352138
1.701409375624276 -0.5966821586416731 1.253275407607379
1.725744374510825 -0.605253542107573 1.260337050075838
1.74399131961008 -0.6117380201311834 1.265760153714836
1.757558600642065 -0.6165915184618794 1.269863837976168
1.767583461280136 -0.620195377299105 1.272935259329139
1.774956705107312 -0.622855573405592 1.275215581338702
1.780361314541418 -0.6248106643465909 1.27689854177612
1.784313070564973 -0.6262429620629067 1.278135253026978
1.787197273933675 -0.6272898041540481 1.279041149589061
1.789299518991821 -0.6280536150449204 1.279703189608489
1.790830337704976 -0.6286102269303737 1.28018620500202
1.79194426997013 -0.6290154766250584 1.280538168847163
0.4317067955895346 -0.2539153458248234 1.132381674959259
0.4329041720401136 -0.2541659626856416 1.132271696815103
0.4345494124327768 -0.2545103763053091 1.132121158236461
0.436808393031991 -0.2549833555229916 1.131915523976589
0.4399068459177352 -0.2556322775751877 1.131635479001416
0.4441507792773511 -0.2565214823318493 1.131255702297519
0.4499524979342157 -0.2577378291178763 1.130743627434595
0.4578628765933404 -0.2593978818119296 1.130058789363096
0.4686095458755853 -0.2616565223146506 1.129153233539585
0.4831379457302481 -0.2647171358732514 1.127974981675196
0.5026488657129298 -0.2688424831190913 1.126476850832787
0.5286171808549781 -0.2743644598293623 1.124634920090389
0.5627687016216742 -0.2816896221391728 1.122481577407997
0.6069778873299647 -0.2912940778674828 1.120157095505371
0.6630421898055986 -0.3036971942724313 1.1179765368911
0.7323039566901115 -0.3194008266677132 1.116492707734611
0.8151367997787146 -0.3387806351861333 1.116510637748308
0.9104158477011723 -0.3619325447032167 1.118992457701434
1.015198343153971 -0.3885107636523287 1.124816340634935
1.124871386249461 -0.417634323366138 1.134441260436811
1.233870241480774 -0.44794631965469 1.147638289152407
1.336770028640826 -0.4778497231644254 1.163466081575657
1.4293187963413 -0.5058402468549633 1.180533356129096
1.509019205596228 -0.5307943099808049 1.197405613309928
1.575142675040487 -0.5521051463245232 1.212946648253442
1.628336121932678 -0.569654943443472 1.226473187792511
1.670082442185958 -0.5836848529447946 1.237733162172682
1.702216727100488 -0.5946397288897505 1.246788693176361
1.726586962573576 -0.603038567852027 1.253882471239322
1.744862038814889 -0.6093884648993179 1.259330434009648
1.758451299461456 -0.6141390671230829 1.263453074921993
1.768493078151738 -0.617665380167062 1.266538782188004
1.775879198526694 -0.6202677451042986 1.268829783153384
1.781293531221992 -0.6221800351923883 1.270520679055565
1.785252585586021 -0.6235808317993438 1.271763261898491
1.788142238955035 -0.6246045809784603 1.272673488876864
1.790248546296997 -0.6253515138703708 1.273338715185213
1.791782382653628 -0.6258958159160469 1.273824071457585
1.792898552546281 -0.626292101207793 1.274177753140802
0.4344932681322763 -0.2491224167784371 1.127127424676207
0.4356842053557478 -0.2493828512940173 1.12701151282249
0.4373205736862644 -0.2497407500425073 1.126852844933869
0.4395673479951738 -0.2502322391259383 1.126636095215768
0.4426490601356268 -0.2509065443181549 1.12634088318866
0.446870105785965 -0.2518305184933965 1.125940479939487
0.4526407275402091 -0.2530943985555964 1.125400462767455
0.4605091137497439 -0.2548192605899777 1.124677997740249
0.4711996129438834 -0.257165897099332 1.12372217112282
0.4856538285911786 -0.2603452465708694 1.122477464843455
0.5050683804925291 -0.2646293016995589 1.120892741733285
0.5309142422831902 -0.2703604371873306 1.118940144595102
0.5649145445635566 -0.2779555537653069 1.116648986852951
0.6089436520456974 -0.2878980913425613 1.11415869329947
0.6648031057611922 -0.3007070586278583 1.111787559235978
0.7338446456983946 -0.3168704525664195 1.110097575943495
0.8164565770114812 -0.336732028824377 1.1099098483342
0.9115320455720741 -0.3603384109507918 1.112208084329713
1.016145715460958 -0.3872862357712976 1.117892906718644
1.125696834173291 -0.4166452282573024 1.127439718412859
1.234624265693661 -0.4470342498763854 1.14062411994803
1.337498064381237 -0.4768647587365928 1.156496168648161
1.430055416131406 -0.504667910640857 1.17364704635358
1.50978632898256 -0.5293677497543507 1.190622486494463
1.575950988675579 -0.5504023416122564 1.206269741047687
1.629188070817783 -0.5676869474628099 1.219894604022897
1.670975389100618 -0.5814819891638275 1.231239468166567
1.70314549039112 -0.5922401356703666 1.240364850363265
1.727545555995161 -0.6004806158053687 1.247514214037119
1.745844673966891 -0.606706617656572 1.253005325738389
1.759452855057518 -0.611362288562268 1.257160911215516
1.769509282348191 -0.6148169466447049 1.260271453462795
1.776906605747078 -0.6173658138873949 1.26258100788659
1.782329433028369 -0.6192384786664414 1.264285673834605
1.786294886532023 -0.6206100947823749 1.265538427981565
1.789189333290825 -0.6216124437199653 1.266456141492347
1.791299224322354 -0.6223437313068476 1.267126864367045
1.792835729868963 -0.6228766204263437 1.267616248979088
1.793953883900306 -0.6232645934651632 1.267972879200361
0.4374250371594877 -0.2439433023831534 1.122337503359393
0.4386101772309932 -0.2442126564357317 1.122214112992182
0.440238551619956 -0.2445828055410367 1.12204519695928
0.4424743169326509 -0.2450911086301682 1.121814429387511
0.4455409142382998 -0.2457884704790714 1.121500082256314
0.4497412680976214 -0.2467440283585239 1.121073639613486
0.4554837357589097 -0.2480510904035492 1.120498323420963
0.4633140327115775 -0.2498348412538489 1.119728277359107
0.4739534646638959 -0.2522614643738871 1.118708798008219
0.4883400376317736 -0.255548807179819 1.117379803905028
0.5076663861086099 -0.2599773470847559 1.115685005432854
0.5333996205930633 -0.2658991745685672 1.113591319072625
0.5672599597773372 -0.2737409565146779 1.111123795021629
0.6111210417742352 -0.2839934355414588 1.108420275168819
0.6667873912800218 -0.2971763077904101 1.10580253998571
0.7356186333597313 -0.3137663581361538 1.103843645216268
0.8180161181463331 -0.3340798560185757 1.10338478217387
0.9128896225962772 -0.3581196836331255 1.105437324642428
1.017330508237969 -0.3854300338879995 1.110931494615242
1.126750339904501 -0.4150340656973823 1.120365393360863
1.235592615963266 -0.4455255377535564 1.133522448141947
1.33842394618903 -0.4753202567438691 1.149443373283773
1.430972439510115 -0.5029790737964955 1.166697604274895
1.510717002153354 -0.5274682174439664 1.183805214231872
1.576907661668268 -0.5482666704416013 1.199591229557782
1.630175404400537 -0.5653206633040162 1.213346224433533
1.671993087230452 -0.5789092561842544 1.224804477675312
1.704190559927792 -0.5894932356145828 1.234023777076678
1.728613905252166 -0.5975928289897532 1.241248215614419
1.746932073438551 -0.603708222769833 1.246797798007502
1.760555420208473 -0.6082789382896227 1.250998112988909
1.770623698805714 -0.6116693611806239 1.254142415063797
1.778030155854044 -0.61417021230527 1.256477205433452
1.783459954708076 -0.6160072817820018 1.258200604001434
1.787430690663967 -0.6173526697995135 1.259467192704804
1.790329114236939 -0.6183357760640341 1.260395085047491
1.792441993079478 -0.6190529920075247 1.261073277167267
1.793980733590933 -0.6195756145284309 1.261568132043826
1.795100555654768 -0.6199561095799049 1.261928763023606
0.4404686657635515 -0.2384092525999778 1.118039488556573
0.4416487867729384 -0.2386864761980825 1.117907422426493
0.4432702315473373 -0.2390674324692728 1.117726615892237
0.4454964396337436 -0.2395905679435718 1.117479580193795
0.4485498948259005 -0.2403082688008713 1.11714302036748
0.4527322239972643 -0.241291689960106 1.116686337283157
0.4584501172956006 -0.2426368540503451 1.116070007305362
0.4662470839724213 -0.2444725834550628 1.115244636856949
0.4768416917181355 -0.246969846224927 1.114151073921216
0.4911686657392239 -0.2503526447430987 1.112723851189042
0.5104169256382296 -0.2549090607072271 1.110900544452261
0.5360498421434504 -0.2609999857188784 1.108641748763755
0.5697845565758396 -0.2690611207221026 1.105967168270072
0.6134933680614837 -0.2795903609805752 1.103012235887389
0.6689826135748487 -0.2931091098322315 1.100102042530368
0.737618104225312 -0.3100857440494991 1.097821701785105
0.8198122479446527 -0.3308139031255626 1.097035142942801
0.9144896086219828 -0.3552590544315244 1.098785866023482
1.018757038765134 -0.3829190882862278 1.104039399968002
1.128038222776154 -0.4127743433565005 1.113322105250298
1.236782194154834 -0.4433932529766971 1.126428887882554
1.33955387117205 -0.473191864219579 1.142391671328998
1.432074403008926 -0.500754395171094 1.1597556804957
1.511813553992142 -0.5250828753361364 1.177011065420404
1.578012641297508 -0.5456923135114488 1.192956105944684
1.631295787357739 -0.5625570336896737 1.206862484816883
1.673131177305933 -0.575973625095403 1.218453965300887
1.705345876909858 -0.5864110845059092 1.227784379047194
1.729784579364177 -0.5943913824398421 1.235098066142201
1.748115729145196 -0.6004126966361732 1.240717399981932
1.76174965898961 -0.6049109283674869 1.244971196087899
1.771826364845293 -0.608246427631644 1.248155926869672
1.779239416897221 -0.6107061618762744 1.250520968952936
1.784674315770025 -0.6125127196007992 1.25226683723595
1.788648960151214 -0.6138356100738215 1.253550025818779
1.791550354781379 -0.6148022034327437 1.254490133007018
1.793665486895018 -0.6155073408401378 1.255177288261881
1.795205926760374 -0.6160211497970993 1.255678706485134
1.796327026740005 -0.6163952250212049 1.256044136520998
0.4435948361729307 -0.2325464742986457 1.114269259824312
0.4447708243039078 -0.2328303649274892 1.114127654358582
0.4463865518859502 -0.233220475921059 1.1139337727388
0.4486048572319243 -0.2337561751903896 1.113668845605654
0.4516474199638189 -0.2344911043840879 1.113307852417714
0.455814768916846 -0.2354981310564466 1.112817895941369
0.4615121801037886 -0.2368755841932398 1.112156423198408
0.4692812683010025 -0.2387553851581058 1.111270126626697
0.4798382257835619 -0.2413125910615173 1.110094919671829
0.4941148850637542 -0.2447764914403822 1.108559335026966
0.5132968059155384 -0.2494417507826462 1.106594065214015
0.538843835886558 -0.2556769810253939 1.104152518333357
0.572469962899079 -0.2639260064907494 1.101248135665038
0.6160455955307929 -0.2746935663934587 1.098013115137974
0.671377703127894 -0.2885037167176094 1.094775369785007
0.7398364515920662 -0.3058193476396673 1.092132279674883
0.8218430163588696 -0.3269167691276512 1.090971827428164
0.9163344299312036 -0.3517312239301358 1.0923723362391
1.020431268241282 -0.3797216584595843 1.09733857201302
1.129568651982086 -0.4098306016831479 1.106429537784265
1.238201810022138 -0.4406017889345776 1.119455201449402
1.340895805555524 -0.4704474792370576 1.135440356300774
1.433367296521105 -0.4979682259447373 1.152905410428932
1.513079338317942 -0.5221943085921068 1.170308289246049
1.579266431973247 -0.542670662430341 1.18641756130909
1.632546991918345 -0.5593958833363619 1.200483294143984
1.674385010193336 -0.5726824046910336 1.212216723459328
1.706604760893412 -0.5830072817599298 1.221666495486524
1.73104925950955 -0.5908949584717519 1.229076593799743
1.74938603756442 -0.5968427129771264 1.234771581377793
1.763024981282447 -0.6012840012104653 1.239083545356199
1.773105943916249 -0.6045762120290351 1.242312334937291
1.780522493747667 -0.6070034685107872 1.244710390710568
1.785960206391688 -0.6087858902822362 1.246480803815621
1.789937079081271 -0.6100909678655762 1.247782137141686
1.792840214046543 -0.6110444794564799 1.248735601673962
1.794956700035377 -0.611740045462509 1.249432561243229
1.796498183118587 -0.6122468697190733 1.249941159856903
1.797620082925715 -0.6126158576043769 1.250311840460111
0.44677176148016 -0.2263887127615454 1.111050583253096
0.4479445535737387 -0.2266779937628844 1.110898817178468
0.4495558459410134 -0.2270755053937677 1.110691008304992
0.4517679985786938 -0.227621360556699 1.110407021721706
0.4548020497351115 -0.2283702166646006 1.110019996761904
0.4589576431128699 -0.22939633035258 1.109494582330459
0.4646389118683052 -0.2307999035453707 1.108784989608874
0.4723859129141866 -0.2327153843121902 1.107833721147797
0.4829128598090491 -0.2353211782181084 1.106571396206021
0.4971491265624582 -0.2388509344608248 1.104920086285299
0.5162773296331268 -0.2436048000142993 1.102803025320269
0.541754089628889 -0.249957922786334 1.10016574404857
0.5752902623324241 -0.2583612058348428 1.097014642247744
0.6187539201867607 -0.2693257574020164 1.093477891890867
0.6739515755375376 -0.2833790448385896 1.089885576054526
0.7422559480996056 -0.3009812325475908 1.086847083789153
0.824094603003503 -0.322396567115804 1.085274927704835
0.9184144734032422 -0.3475374973519202 1.086283782306936
1.022347688862083 -0.3758320177346745 1.090920303130638
1.131339656573114 -0.4061908371033798 1.099779505503465
1.239852072910977 -0.4371346601290405 1.112689628007973
1.342451798619652 -0.4670686253469976 1.128670426294522
1.434853528947128 -0.494602674533839 1.146217971960127
1.514516287294353 -0.5187872970008495 1.163757025226417
1.580669969648153 -0.539190462626137 1.180024720863154
1.633928729463361 -0.5558304262330517 1.194247672010233
1.675753057207994 -0.5690331796300457 1.206123052292193
1.707964554178361 -0.5792833253082232 1.215693237298897
1.732404326907043 -0.5871083562868474 1.223201178752534
1.750738598409375 -0.5930057414048371 1.228973265669989
1.764376370952183 -0.5974077239333331 1.23334468210443
1.774456945412333 -0.6006698940746857 1.236618597971984
1.781873536072714 -0.6030745327772711 1.239050518156717
1.787311506664368 -0.6048401084088523 1.2408461359325
1.791288727178736 -0.6061327366283297 1.242166116425491
1.79419222375601 -0.6070770987870482 1.243133315887213
1.796309055372153 -0.6077659690089371 1.24384036122531
1.797850845723246 -0.608267907530255 1.24435634855279
1.79897300889522 -0.6086333380713831 1.244732433205792
0.4499660502053298 -0.2199773388354842 1.108390801503752
0.4511365900217534 -0.2202707182477335 1.10822851067447
0.4527447388732272 -0.220673855552698 1.108006275005505
0.4549525026489964 -0.2212274302498556 1.107702543844011
0.4579804430152593 -0.2219868730931832 1.107288548557464
0.462127534668739 -0.2230275024432964 1.106726390891779
0.4677970443474992 -0.2244509546145338 1.105966921590659
0.4755278162788864 -0.2263936247277916 1.104948283621296
0.4860324961660406 -0.2290365155274737 1.103595575742849
0.500238457099154 -0.2326166919872117 1.101824108012207
0.5193258265803175 -0.2374386568365906 1.099549262359443
0.5447483536500791 -0.2438828648674996 1.09670818477451
0.5782138699629338 -0.2524061767036453 1.09329959801172
0.6215877817565724 -0.2635254677954331 1.089446890339828
0.6766751871779398 -0.2777721819875585 1.085481487358669
0.7448496738081022 -0.2956062650128167 1.08202403985655
0.826542862424739 -0.3172849113619234 1.080011206634727
0.9207089368149982 -0.3427050758196099 1.080594382668724
1.02448918232178 -0.3712719364298184 1.084863560625454
1.133337810087129 -0.4018708588424341 1.09345226730285
1.241722913162884 -0.4330019086075272 1.106210012603541
1.34421455064984 -0.4630604748470783 1.122154137888594
1.436527879185915 -0.4906593721283125 1.139757907572024
1.516120601573315 -0.5148613236189385 1.157413170589483
1.582220341216861 -0.5352502196535257 1.173824923933613
1.635438586492804 -0.5518590115764729 1.188195171315894
1.677233152633441 -0.5650246237166427 1.200205834862962
1.709423189607022 -0.575238433881309 1.209892020061507
1.733847732825362 -0.5830313921186422 1.217494897572754
1.752171343498265 -0.5889021565608504 1.223342166209416
1.765801726176766 -0.5932829506450331 1.2277717584607
1.775877231782665 -0.5965287187890161 1.231089942276104
1.783290373948963 -0.5989209078074254 1.23355514304881
1.788726019538976 -0.6006771644484358 1.235375564007235
1.79270168566504 -0.6019628867710877 1.236713912802455
1.795604148220639 -0.6029021667099561 1.237694651730481
1.797720304292359 -0.6035873170793369 1.238411645059719
1.799261656210446 -0.6040865430120911 1.238934923341514
1.800383538994092 -0.6044500008299533 1.239316342358624
0.4531459835645629 -0.2133560652395751 1.10628448754565
0.4543151838034311 -0.2136522863692016 1.106111580926997
0.4559214385444099 -0.2140593229619498 1.105874793574673
0.4581265200277169 -0.2146182476560153 1.105551146017119
0.4611506733928297 -0.2153850288173584 1.1051099438266
0.4652924147440524 -0.2164357281431281 1.104510715300311
0.4709544144728688 -0.2178729895839866 1.103700914737644
0.4786746431149145 -0.2198345908211636 1.102614271288751
0.4891645854778194 -0.2225033989349602 1.10117028377653
0.5033500735245914 -0.2261189711804843 1.09927738095451
0.5224092150295142 -0.2309890573576705 1.096842909181657
0.5477932802275798 -0.2374981954190444 1.093795344902452
0.581207256416663 -0.2461080554233435 1.090125295368237
0.6245136693495766 -0.2573405876162757 1.085950708913884
0.6795154045436935 -0.2717315852359082 1.08160342591884
0.7475854099541926 -0.2897429661125729 1.077714181837432
0.8291571757898247 -0.3116294748581941 1.075242539395099
0.9231895375148668 -0.3372794901516686 1.075375715354194
1.026830441731531 -0.3660833431287273 1.079247033291208
1.135541176815814 -0.3969077380746015 1.087529809582246
1.243795833843287 -0.4282350597448571 1.100097280264356
1.346168758983454 -0.4584490454688355 1.115967336275141
1.438377780687123 -0.4861594822926887 1.133593036106388
1.517881906482182 -0.5104336842254114 1.15133496264874
1.583908838924089 -0.5308643921053022 1.167866558475322
1.637069076404086 -0.5474941482867117 1.182364993032297
1.678818682953991 -0.5606679703522666 1.194496266746933
1.710974669419463 -0.5708830349334912 1.204287397538915
1.735373911310367 -0.5786739954064063 1.211976987546302
1.7536790095142 -0.5845415838221902 1.217893373916074
1.767295996335218 -0.5889191216383435 1.222376693513113
1.777361902484916 -0.5921620134272975 1.225735894163521
1.784768213199284 -0.5945518512264916 1.228232005027091
1.790199026533743 -0.5963062726286785 1.230075503462805
1.794171290121387 -0.5975906051054656 1.23143096558072
1.79707136175534 -0.5985288524544176 1.232424331844358
1.799185848920702 -0.5992132474918683 1.233150610675799
1.800726036711485 -0.5997119264801468 1.23368069882395
1.801847109767028 -0.6000749912105944 1.234067102897087
0.4562858482479016 -0.2065621980959228 1.104742824062836
0.4574545708381575 -0.2068600535328068 1.104559419837495
0.4590601115114728 -0.2072693309748391 1.104308242980269
0.4612641228679608 -0.2078313297167001 1.103964900716888
0.4642866852028471 -0.2086023295032117 1.103496793680461
0.468426055695874 -0.209658830144761 1.102860902122476
0.4740845656018314 -0.2111040736481093 1.102001317274125
0.4817996356674014 -0.213076679223272 1.100847390539332
0.4922819814353557 -0.2157606752078526 1.099313058120111
0.5064563410748328 -0.2193972243718229 1.097299893286261
0.525499268575494 -0.2242962562155548 1.094707197268572
0.5508599641594428 -0.2308452062406625 1.091454685239553
0.5842407992794176 -0.2395094235742487 1.087524597589329
0.6275012998095065 -0.2508152077979445 1.083028917368014
0.6824414874592556 -0.2653029476754175 1.078298963245905
0.7504323501076685 -0.2834384651510453 1.073974115687624
0.8319072496710218 -0.3054782656440871 1.071034968424651
0.9258272046548206 -0.3313086217879492 1.07070261912286
1.029344342142866 -0.3603126407266005 1.074152384942527
1.137925173139829 -0.3913449727991759 1.082097364621717
1.246049146755177 -0.4228735501255664 1.094436183335193
1.348295701550936 -0.4532690793921501 1.110190268622029
1.440387300770894 -0.4811329991954988 1.127795900420439
1.519786719287041 -0.5055300258912726 1.145585337305214
1.585724020374905 -0.5260549319342068 1.162202379844394
1.638810389192456 -0.5427548124221474 1.17680018005872
1.680501106346938 -0.5559798880321978 1.189028782859403
1.712611416633831 -0.566232052611441 1.198906571419845
1.736976008599557 -0.5740497938789858 1.206668804730062
1.755255279569197 -0.5799366966197705 1.212643653759175
1.768853260102264 -0.5843282130139767 1.217172721406995
1.778905326288061 -0.5875812463261109 1.22056701374427
1.786301634625161 -0.5899784624999221 1.223089661687472
1.791725263077332 -0.5917382647718578 1.224953024520632
1.795692388545942 -0.593026529445629 1.22632324680987
1.798588794225967 -0.593967653236017 1.227327521026233
1.80070067861607 -0.594654155590882 1.228061831318569
1.802239019787188 -0.5951543795004091 1.228597815769147
1.803358785138361 -0.5955185773379547 1.228988539950634
0.4593625513369721 -0.1996331304137403 1.103783568498384
0.4605316004648943 -0.1999314655826698 1.103589968655446
0.4621375282028576 -0.2003413981633176 1.103324816629457
0.4643419741019251 -0.2009042950476564 1.102962346845433
0.4673649956068865 -0.2016765311960847 1.102468109604229
0.4715047782168855 -0.2027347529836863 1.101796607766695
0.4771635559423241 -0.2041824090392096 1.100888662948593
0.4848785055597592 -0.2061584430754714 1.099669363402524
0.4953599455433164 -0.2088473721121298 1.098047220580506
0.5095319499987849 -0.2124911145503338 1.095917102896443
0.5285699755184493 -0.2174007526814956 1.093170404565194
0.5539215700569403 -0.2239654693654884 1.089718149377195
0.5872867597002122 -0.2326531744385189 1.085534112674535
0.6305220420324706 -0.243993747750905 1.080723888386539
0.6854240743142431 -0.2585322758818618 1.07561731717766
0.753360767534636 -0.2767401319009385 1.070860751972356
0.8347635808532589 -0.2988793637663604 1.067453410894624
0.9285934293115067 -0.3248401118126925 1.066647470743686
1.032004210985412 -0.3540054817000057 1.069657823997874
1.140465720616177 -0.3852245579716475 1.077236313557862
1.248461895806677 -0.4169543018743367 1.089307986444876
1.350577764436627 -0.4475515623074014 1.104900811324842
1.442542088844728 -0.4756047611058166 1.122438370764304
1.521823652004503 -0.5001693841999886 1.140228572207343
1.587657038241231 -0.5208357701153573 1.15688855310008
1.640655763067138 -0.5376506759238955 1.171549111083894
1.682275317402611 -0.5509666315455675 1.183844828341454
1.714329609564381 -0.5612890769387793 1.193785138722861
1.738651180045202 -0.5691603422073573 1.201601205885307
1.756898043147229 -0.5750875170021585 1.207620130731443
1.770471953164001 -0.5795091054453883 1.212184091972759
1.780506342504009 -0.5827844543658125 1.21560537026093
1.787889774310306 -0.585198158076214 1.21814854747143
1.793304082678336 -0.5869701028592651 1.220027346298347
1.797264493314748 -0.5882672898226593 1.221409077677296
1.800156073875043 -0.5892149570863222 1.222421880039543
1.802264506014074 -0.5899062532244231 1.22316248356435
1.80380037947415 -0.5904099858084598 1.223703096636703
1.804918383788296 -0.5907767498502784 1.224097217442464
0.4623539464793832 -0.1926104339244488 1.10340975796408
0.4635240477891416 -0.1929081918432314 1.103206440122974
0.4651313562934845 -0.1933173279834581 1.10292796824183
0.4673375948458225 -0.1938791313037258 1.102547268372122
0.4703629265259601 -0.1946498741670043 1.102028127443985
0.4745056348927456 -0.1957060826609828 1.101322685096339
0.4801680764492895 -0.1971510536407126 1.100368644628715
0.4878874628846951 -0.199123581608282 1.099087021768526
0.4983740569009972 -0.2018080552888964 1.097381138982541
0.5125516663226197 -0.2054463672037572 1.09513943312838
0.5315950799055731 -0.2103498040200199 1.092245676799162
0.5569506005119201 -0.2169082243562139 1.088602437555505
0.5903162015869373 -0.2255910363804612 1.084175091949835
0.6335453994955537 -0.2369309230378318 1.079062546216115
0.6884311333812382 -0.251477637880044 1.073592227929112
0.7563373436755497 -0.2697094285918942 1.068415616783423
0.8376920897791253 -0.291897122589851 1.064547686552014
0.9314541727621243 -0.3179399940507028 1.063268095116854
1.034777045836794 -0.3472276776654984 1.065827842099168
1.143131883787718 -0.3786097552661135 1.07301542234102
1.25100608916754 -0.4105357356318584 1.084782630814381
1.3529904710242 -0.4413482933039665 1.100166893236061
1.444821389757764 -0.4696189670867638 1.11758372509106
1.523975548399863 -0.4943882101282874 1.135321606223748
1.589693981651134 -0.5152361147637613 1.151975006621656
1.642594059624955 -0.532204602509111 1.166654858018714
1.684132449965106 -0.5456457724390972 1.178981300321019
1.716122186651297 -0.5560674236710438 1.188954750955632
1.740393763774839 -0.5640156259562281 1.196801570587044
1.758602705151264 -0.5700014762829928 1.202846810170917
1.772148282895605 -0.5744673002854408 1.207432205043811
1.782161756425412 -0.5777756963535592 1.210870384227002
1.789529879934864 -0.5802139270893926 1.21342659719662
1.794933058658563 -0.5820039874262727 1.21531529811315
1.798885416557298 -0.583314507854645 1.21670447014258
1.801771187484333 -0.5842719619366075 1.217722819347772
1.803875445378455 -0.5849704289285301 1.218467536674089
1.805408322950405 -0.5854794083848597 1.219011187892176
1.806524180544142 -0.5858500074859829 1.219407546090127
0.4652406604889542 -0.1855362504874061 1.103609113731353
0.4664124132083037 -0.1858325925293662 1.103396689398818
0.4680219232099611 -0.1862397803265705 1.103105736762626
0.4702310763822828 -0.1867989092561356 1.102707956284748
0.4732602478014845 -0.187565991859394 1.102165483387704
0.4774079602370525 -0.1886172206629931 1.101428242364041
0.4830768751474678 -0.1900554552332948 1.100431014544873
0.4908044725185912 -0.1920189602125914 1.099090993671404
0.5013012460900584 -0.1946914991259845 1.097306627212503
0.5154910752241377 -0.1983143040888472 1.094960293938905
0.5345484521794306 -0.2031980872752883 1.091928554411863
0.5599187995715112 -0.2097324861159511 1.088105901757018
0.5932983269423964 -0.2183874851194163 1.083449539468826
0.6365376810642518 -0.2296978275077207 1.078051535681879
0.6914258943851727 -0.2442177253483882 1.072236059835252
0.7593223298212974 -0.2624331144887813 1.066657829881644
0.8406505490949158 -0.2846259232776684 1.062344436982156
0.9343656828842033 -0.3107085698062461 1.060598851645731
1.037618924089895 -0.3400824225266494 1.062703858096951
1.145881139248145 -0.3716026569688849 1.069481544547154
1.253642109599284 -0.403714627663769 1.080910004876206
1.355498279702037 -0.4347471562717476 1.096038740134107
1.447194400867507 -0.4632522890170273 1.113280101144904
1.526216484549723 -0.4882510838884851 1.130908754869665
1.591813526238282 -0.509308805978443 1.147501331076309
1.644608014093813 -0.5264588652754058 1.162152112262654
1.686058648059787 -0.5400505906766281 1.174468319224631
1.717978048553897 -0.5505930315764884 1.184441555223669
1.742194827830805 -0.5586357735861017 1.192292758681515
1.760362002130219 -0.5646942088668441 1.19834392783946
1.773876250595298 -0.5692150139698693 1.202935253995639
1.783866517081232 -0.5725646213707153 1.20637868879683
1.791217604746247 -0.57503350768648 1.208939268087755
1.796608364323641 -0.576846243712648 1.210831459573565
1.800551713910522 -0.5781734691762291 1.212223353449204
1.803430970843278 -0.5791431912034437 1.213243788770883
1.805530537294761 -0.5798506486988326 1.213990088374733
1.807060040246294 -0.5803662063544505 1.214534929374936
1.808173474351614 -0.5807416127926682 1.21493217723644
0.4680066181317906 -0.178451657994653 1.104367169014517
0.4691804479731663 -0.178746111340377 1.10414633300261
0.4707927425870491 -0.1791507010623196 1.103843853101528
0.4730056076080346 -0.1797062633927817 1.103430298470602
0.4760397057033441 -0.1804684618013355 1.102866280571684
0.4801938995669849 -0.1815130329247141 1.102099677532751
0.4858712854096943 -0.1829422356662176 1.101062573921756
0.4936097785603372 -0.1848935834909524 1.099668630745541
0.504120309418494 -0.1875499235987771 1.09781178604634
0.5183270726761283 -0.1911514497008812 1.095368801759364
0.5374045353217372 -0.1960078249652476 1.092209523278763
0.5627975132470295 -0.2025079002118153 1.088220860124626
0.5962006842185806 -0.2111216202731853 1.083352197967279
0.6394619538377035 -0.2223852231333355 1.077688757151649
0.6943663984450245 -0.2368570535946826 1.071550731476338
0.762268506254344 -0.255030924714588 1.065594255112621
0.8435867497890152 -0.2772008700518339 1.060856330686443
0.9372717071859573 -0.3032944373609995 1.058658792168215
1.040471223282201 -0.3327275180142032 1.060311359216914
1.148654751805886 -0.3643638424126981 1.066665959025976
1.256313593856729 -0.3966468371615196 1.077725868773392
1.358049443919641 -0.4278922412871646 1.092554877179468
1.449615598660118 -0.4566318018535653 1.109567052184804
1.528507943095664 -0.4818652998678679 1.127029177204848
1.593984173783209 -0.5031409744908164 1.143505350807352
1.646672597946626 -0.5204818200607502 1.158076898680789
1.688034490022475 -0.5342330692421072 1.170340011167112
1.719882414237128 -0.5449042783946497 1.180277908035122
1.744043302684122 -0.5530482533103652 1.188105597313255
1.762167758072183 -0.5591846630070741 1.194141054750936
1.775649894031 -0.563764668617086 1.198721812536982
1.785616332554564 -0.5671587235148379 1.202158085121816
1.792949904295549 -0.5696607114179094 1.204713773124573
1.798327879954889 -0.5714979523688303 1.206602601435973
1.802261947411876 -0.572843240529464 1.207992168798957
1.805134486603813 -0.5738262325265288 1.209010985542126
1.807229210962032 -0.5745434170335707 1.209756156133522
1.808755228371919 -0.5750660927652486 1.21030020652484
1.809866157590878 -0.5754467014132711 1.210696899606666
0.4706387532493239 -0.1713971365826983 1.105678053743322
0.4718149301928815 -0.1716896019988424 1.105449568720577
0.4734303791787563 -0.1720914566955973 1.1051366080598
0.4756474615293787 -0.1726432632524781 1.10470871309222
0.4786871752801483 -0.1734003160545925 1.104125111308832
0.4828487869725697 -0.1744378663002408 1.103331820551186
0.4885359093474313 -0.1758575330426486 1.102258476208174
0.4962869989273153 -0.177796019643249 1.100815525177694
0.5068135526955249 -0.1804351752703288 1.098892799882661
0.521040235007332 -0.1840140386198314 1.096361935270521
0.5401416603210127 -0.1888410602767482 1.093086618285465
0.565562215312304 -0.1953040801321166 1.088946736181601
0.5989952058548723 -0.2038727082307337 1.083884289323741
0.6422859099153981 -0.2150843131617846 1.077977715123402
0.6972154865306791 -0.2295009663833894 1.071542567798999
0.7651334939255091 -0.2476239730848769 1.065234578679511
0.8464531578074447 -0.2697592119345326 1.060096869854214
0.9401202421367381 -0.2958493492901884 1.057465480801414
1.043278876914725 -0.3253251368018149 1.058671885430671
1.151396640672758 -0.3570595616007027 1.064593700565948
1.258965837893807 -0.3894950858932978 1.075257928479686
1.360592921487259 -0.4209353956856521 1.08974468194049
1.452039356289001 -0.4498928234415562 1.106474662586515
1.530810694446133 -0.4753464709632372 1.123712898753998
1.596173301463715 -0.4968278228555561 1.140016534645519
1.648761406584285 -0.5143494503569203 1.154457881588637
1.690039041389114 -0.5282522934219175 1.166624174129299
1.721818926349695 -0.5390461216884308 1.1764907932914
1.745926521073706 -0.5472866426524906 1.18426636411654
1.764010199670101 -0.5534974981645907 1.190263886645186
1.777461663670204 -0.5581340752151716 1.194817113602922
1.787405336618844 -0.5615706323702323 1.198233446938336
1.794722172563387 -0.5641042903350377 1.200774712068881
1.800087935396694 -0.5659649867553911 1.202653117060095
1.804013137811265 -0.5673275705647096 1.204035155441779
1.806879263372684 -0.5683232730461015 1.205048534605825
1.808969367135857 -0.5690497769788981 1.205789780477279
1.810492060157344 -0.569579274318989 1.206330997750753
1.811600601671466 -0.569964869677692 1.206725646011748
0.4683244883324416 -0.177642784707727 1.164478625829129
0.4694993832132633 -0.1779707289728411 1.164273871695546
0.4711132570915953 -0.1784206882543909 1.163993500207776
0.4733285421995392 -0.1790373545846341 1.163610309750279
0.4763663640149879 -0.1798811680207637 1.16308795265108
0.4805265719403894 -0.1810333475832143 1.162378436853395
0.4862133036247201 -0.1826019730756155 1.16141939031121
0.4939671809426567 -0.1847291167293719 1.160131719241276
0.5045031908123987 -0.1875981118071362 1.158418597147813
0.5187524748709161 -0.1914396138430772 1.156167812148225
0.5379012099531202 -0.1965333026018156 1.153260546421134
0.5634134465045083 -0.2032003665235027 1.149591221732457
0.5970143977698111 -0.2117797184432091 1.145102912713245
0.6405983108128781 -0.2225803926719657 1.139840717975086
0.696017163977548 -0.2358061119398994 1.134016329595844
0.7647160139814417 -0.2514592252055661 1.128061485570297
0.8471583928342166 -0.269851804547783 1.122502887802175
0.9421136578442435 -0.2917930504036563 1.118550781497536
1.046786733736619 -0.3164809271313825 1.117500908310611
1.156165533216771 -0.3423423745085714 1.120599805641765
1.265648021302163 -0.3692598435942728 1.128403145870425
1.369124546997671 -0.3958007392813888 1.140232052647054
1.462181306140743 -0.4207932727702156 1.154647532252058
1.541884081637949 -0.4447292650708083 1.170016700070349
1.607717086162614 -0.4653595396695908 1.18566210036348
1.66040776762234 -0.4824763514658367 1.200261123144036
1.701548706978788 -0.4962402147815116 1.213030106974746
1.733069491689196 -0.5070352809180575 1.22367053857192
1.756879828557579 -0.5153395262683474 1.232222611631219
1.774678025266861 -0.5216339672815675 1.238914147173421
1.78788014211689 -0.5263522977287761 1.244047103823005
1.797618115114143 -0.5298600114380196 1.247927442882534
1.804771533425694 -0.532451792516678 1.250829613864558
1.810010717625512 -0.5343581978157806 1.25298324594482
1.813839602832545 -0.5357558379184522 1.254572288235677
1.81663341595597 -0.5367780110067806 1.255739872680069
1.81866962764047 -0.5375242581166436 1.256595175770903
1.820152451980969 -0.5380683683161803 1.25722033084657
1.821231630955296 -0.5384647220713916 1.257676530557926
0.4684392984120156 -0.1773398167887726 1.163167913280588
0.4696144389784726 -0.1776668945005564 1.162962416310167
0.4712286390462956 -0.1781156791562103 1.162681027412611
0.4734443484641468 -0.1787307616168515 1.162296444941525
0.4764827163349059 -0.1795724592283481 1.1617721883865
0.4806436044013927 -0.1807218453107054 1.161060088252171
0.4863311480206841 -0.1822868474613254 1.160097540839541
0.494085922423998 -0.1844094114623807 1.158805157141496
0.5046227866180144 -0.187272844644369 1.157085747046289
0.518872605723186 -0.1911080187569884 1.154826680869198
0.538021040269072 -0.1961953224682385 1.151908718133615
0.5635312835152861 -0.2028575484595544 1.148225974526492
0.5971273009435474 -0.2114366852200231 1.143721588602713
0.6407018380211363 -0.2222469965124409 1.138441543790715
0.6961056383003171 -0.2355001276296596 1.132599935006664
0.7647838350780715 -0.2512089266770927 1.126633261492153
0.8472998313330155 -0.2697219913173409 1.12107675708095
0.9423900298763166 -0.2918348148238277 1.117168830687065
1.047180700813521 -0.3167164157721223 1.116220890372844
1.155781562251958 -0.3425323728689271 1.119349378274699
1.265298118331476 -0.3695695408937676 1.127188815850484
1.368796840715448 -0.3962185447242318 1.139056331506554
1.461838523021316 -0.4212707018923936 1.153509705057574
1.541586984289111 -0.4452510841711712 1.168905814222722
1.607449367944933 -0.4659088331782738 1.184559325183684
1.660160891479084 -0.4830413333423353 1.199152715283825
1.701318042891956 -0.4968134144076571 1.211908276144382
1.732852049673194 -0.5076123326788055 1.222532329144907
1.756673236951272 -0.5159180622207997 1.231068186345037
1.774480217735192 -0.5222128061259109 1.23774529503514
1.787689307725195 -0.5269309152114696 1.242866216450027
1.797432711413425 -0.5304382228546197 1.246736926584316
1.80459029127928 -0.533029575175856 1.249631608848119
1.809832624416402 -0.5349355972685081 1.251779530282201
1.813663868842581 -0.5363329209946907 1.253364277374088
1.816459436622732 -0.5373548443328299 1.254528663028722
1.818496946623468 -0.5381009000764315 1.255381600452167
1.81998072735713 -0.5386448659683521 1.256005014989921
1.821060608752046 -0.5390411122924482 1.256459938689796
0.4686094304535988 -0.1768897258611358 1.16122131164166
0.4697849226446711 -0.1772155157598186 1.16101470768703
0.4713995894996785 -0.1776625546295547 1.160731802440962
0.4736159058665231 -0.1782752828133219 1.160345144964698
0.4766550548120692 -0.1791138349586639 1.15981805630592
0.4808169155807726 -0.1802590672354247 1.159102101653845
0.4865056203493743 -0.1818186798928855 1.158134330394783
0.4942616775793875 -0.1839344287465093 1.156834910461799
0.5047997632387144 -0.1867895790775802 1.155106104312245
0.5190503462039117 -0.1906153182706548 1.152834650030288
0.5381983455995893 -0.1956930800521942 1.149900661414748
0.5637057193720952 -0.2023480303920785 1.14619777345991
0.5972946229922018 -0.2109267189595427 1.14166918549923
0.6408555929390306 -0.2217511833143201 1.136362158570799
0.6962374745704626 -0.2350448796338741 1.130494334781748
0.7648852592416884 -0.2508363688234593 1.124509312897517
0.8475025496983427 -0.2695255391969552 1.118955220020717
0.9427808846421811 -0.2918872129076426 1.115109904378937
1.047735955318041 -0.3170503543869921 1.114306927812393
1.155244574439202 -0.3428153298816271 1.117483399414975
1.264804515058928 -0.3700315960766631 1.125377665371592
1.36832983599438 -0.396842338677428 1.137303256729518
1.461345828367617 -0.4219865038041875 1.151813362457365
1.541155421033098 -0.4460324807160826 1.167249772094665
1.607057097728355 -0.4667307672100257 1.182914970603053
1.659796849379467 -0.4838863565180838 1.197499325212359
1.700976391005413 -0.4976704782743961 1.21023419323769
1.732528993677481 -0.5084749915915118 1.220833202848924
1.756365649783033 -0.5167828297222021 1.229344354911883
1.774185270899095 -0.5230779515210175 1.23599952793843
1.787404458406469 -0.5277956781650063 1.241102172505514
1.797155759378077 -0.5313023429294224 1.244958271658252
1.804319408442433 -0.5338930291057897 1.247841596542561
1.809566343170548 -0.535798460482391 1.249980860340639
1.813401039992793 -0.5371952985089007 1.251559097305384
1.816199178028806 -0.5382168393471404 1.252718635453981
1.818238591192059 -0.5389626024209107 1.253567988313648
1.819723774596044 -0.5395063478203324 1.254188765711967
1.820804686566329 -0.5399024300923166 1.254641756186496
0.4688577520316997 -0.176230400471654 1.158371046845629
0.4700337298831501 -0.176554304409033 1.158162820552743
0.4716490412704315 -0.1769987863703996 1.157877692654898
0.4738661950026509 -0.1776080659544757 1.1574879929785
0.4769064212475792 -0.178442009618058 1.156956750805869
0.4810696227634089 -0.1795811543389705 1.156235140755567
0.4867599270224217 -0.1811328652367638 1.155259700487763
0.4945177492781678 -0.1832386160483456 1.153949942585835
0.5050575111316364 -0.1860816038574898 1.152207316486887
0.5193091304624907 -0.1898934676533 1.149917615296858
0.538456493004166 -0.194957156046967 1.146959976410794
0.5639598265685218 -0.2016012913859759 1.143227284682854
0.5975387280691811 -0.2101790879377099 1.138662766630092
0.6410805493776154 -0.2210239789659766 1.1333154877052
0.6964312353476858 -0.2343768019636086 1.127408247574169
0.7650350601308119 -0.2502893635652181 1.121395103317255
0.8477828037039249 -0.2692300827314188 1.115843566783202
0.9433084085729552 -0.2919426268781929 1.1120840554505
1.048479536413907 -0.3175036941400344 1.111479967966975
1.154525580243879 -0.3432292652198993 1.114735146616505
1.264133919318533 -0.3707101962979485 1.122712648305119
1.367685107004823 -0.3977598737897711 1.1347251746284
1.460657288573347 -0.4230458681544496 1.149319590558696
1.540542769869282 -0.4471870704282183 1.16481601578333
1.606493350485885 -0.4679440773344882 1.180497973187524
1.65926911735262 -0.4851329896280238 1.195068075668817
1.700478212574968 -0.4989343764058417 1.20777140865396
1.732056085352848 -0.5097468092451667 1.218332550818754
1.755914196147451 -0.5180575322730347 1.226806482970688
1.773751586414394 -0.5243530577725719 1.233428677546651
1.786985093661058 -0.5290701143204231 1.23850388047508
1.796747659206545 -0.5325757569573862 1.242338061060208
1.803919999073503 -0.5351654085784556 1.245204358219664
1.809173540667332 -0.5370699317598836 1.247330647111589
1.813013203566423 -0.5384660270344626 1.248899130266774
1.815815043609116 -0.539486984774154 1.250051407001354
1.817857200516154 -0.5402323025235264 1.250895390982659
1.819344407473583 -0.540775712841624 1.251512218866609
1.820426806922118 -0.5411715459983533 1.251962314203571
0.4692122236186677 -0.1752841672079536 1.154283125991448
0.4703888366997694 -0.1756053678725933 1.154072579407461
0.4720049906008223 -0.1760461843567432 1.153784271934839
0.4742232371736489 -0.1766505192553925 1.153390218998798
0.4772648683908278 -0.177477853414546 1.152853030792719
0.481429815876966 -0.1786082640655436 1.152123319993673
0.4871221994854304 -0.1801486318579896 1.151136886031907
0.49488230900057 -0.1822400189403763 1.149812292658821
0.5054242275609684 -0.185065512302317 1.148049806005609
0.5196771404752903 -0.1888573785702142 1.145733832674452
0.5388235558072627 -0.1939007093391142 1.142742057002057
0.5643213790942937 -0.2005290473035126 1.138966206383597
0.5978867264167529 -0.2091051365098318 1.13434943511183
0.6414024928697444 -0.2199787774753519 1.128943276667469
0.6967102394294621 -0.233415904974237 1.122977866213639
0.7652522170297732 -0.2495021315050422 1.116922393614697
0.84814923018977 -0.2687902469488622 1.11137328549773
0.9439683070553244 -0.2919770936635313 1.107725692609656
1.049394253944059 -0.3180777377879195 1.107380149789042
1.153627943018412 -0.3438191285754555 1.11076455319477
1.263274821466816 -0.3716840673610354 1.118868132834952
1.366836824744862 -0.3990801989263231 1.13100980548118
1.459734745589538 -0.4245838849232173 1.145728067254653
1.539701910390822 -0.4488598068804568 1.161313290164729
1.605705696031161 -0.469699623228314 1.177019191337283
1.658522852588878 -0.4869352769964189 1.191567362228002
1.699768198612025 -0.5007606502182896 1.204223485719728
1.731378653611362 -0.511583873052971 1.214728342858195
1.755265335068772 -0.5198983185967325 1.22314715144844
1.773126869068629 -0.5261941205234056 1.229720609859607
1.786380080946655 -0.530909995636664 1.234755315871387
1.796158273852072 -0.5344140118930729 1.238557180670023
1.803342735523961 -0.5370020629789849 1.241398389099725
1.808605525880911 -0.5389051986434864 1.243505569198475
1.812452158094879 -0.5403001668247441 1.245059691868723
1.815259202602604 -0.5413202432897626 1.246201279917643
1.817305221622405 -0.5420648896126415 1.247037362123248
1.818795279486643 -0.5426077955360388 1.24764837776048
1.81987977593747 -0.5430032540814955 1.248094212767455
0.4697025658737934 -0.1739654008804156 1.148590879072382
0.4708799421391428 -0.174282843672526 1.148377127499477
0.4724971069987027 -0.174718563805377 1.148084426812171
0.4747166608526203 -0.1753160221081588 1.147684356572613
0.4777599700126138 -0.1761341612002884 1.147138944740523
0.4819269960411267 -0.1772524151431236 1.146398021564395
0.4876218452797436 -0.1787769836313114 1.145396354937039
0.4953846469844096 -0.180848343439602 1.144051176550426
0.5059290616868547 -0.1836494061430446 1.142261079994379
0.5201833633344422 -0.1874132754055152 1.139908492093392
0.5393283407102143 -0.1924279712471418 1.136868986294112
0.5648189719621406 -0.1990338175626199 1.133032537982677
0.5983668948568521 -0.2076067716439286 1.128342005710716
0.6418490280536416 -0.2185194641765793 1.122852147715448
0.697100431036608 -0.2320730892034517 1.116803210310906
0.765558674742174 -0.2484012085496358 1.110685719079787
0.8485881452725024 -0.2681463736361497 1.105138700457752
0.9446918605838239 -0.2919356465789729 1.101626959765616
1.050358710673899 -0.3187245827856649 1.101591377912686
1.152633021956909 -0.3446287155937884 1.105183945428277
1.262273355617961 -0.3730362509297881 1.113477266855145
1.365799752647463 -0.4009213864785504 1.125808425604414
1.458665941558127 -0.4268395627202645 1.140701214709678
1.538602755608849 -0.4512152912602088 1.156420550344204
1.604648497752778 -0.4721675205377404 1.172160589247341
1.657504074555515 -0.4894661282120861 1.186676201639579
1.698788569379292 -0.503323350469472 1.199263515852744
1.730437725940361 -0.5141604756336647 1.209686828789785
1.754360236568682 -0.5224792942884278 1.218026048269678
1.772253010109253 -0.5287748960130945 1.22452929404301
1.785532199799259 -0.533488703128675 1.229505743501909
1.795331237266775 -0.536990148697945 1.233261167878002
1.80253199018946 -0.5395757494095672 1.236066347248428
1.807807273267105 -0.5414767922392106 1.2381460993453
1.811663351591313 -0.5428700743048226 1.239679616625343
1.814477466985565 -0.5438888388914803 1.240805871435595
1.816528741992664 -0.5446324887014471 1.241630620101682
1.818022684327695 -0.5451746475201001 1.24223330008319
1.819110040487449 -0.5455695518975641 1.242673025526475
0.4703520137137585 -0.1722005723239756 1.140982521440408
0.4715301886001935 -0.1725130080873416 1.140764550392202
0.4731484084736132 -0.1729419362420738 1.140466063603727
0.4753693175821694 -0.1735302271225918 1.140058064017979
0.4784143596979088 -0.1743361024650744 1.139501807180068
0.4825835167263268 -0.1754381323787119 1.138746082298274
0.4882808699202338 -0.1769415964112002 1.13772427841289
0.4960463568310951 -0.1789861687435728 1.136351835856498
0.5065931569645906 -0.1817544890115353 1.134525079520242
0.5208485168003011 -0.1854807158699747 1.132123716804223
0.5399912798941378 -0.1904566860009574 1.129020361527052
0.5654730595263575 -0.1970316622306134 1.12510241844502
0.5990001765156698 -0.2055991592135201 1.12031202606318
0.6424420003994871 -0.2165623853062573 1.114707897419015
0.6976242469184007 -0.2302702052011098 1.108543627088153
0.7659749758756487 -0.2469218129952724 1.102338740120839
0.8490428733759029 -0.2672288160449862 1.096793807433324
0.9452958426831577 -0.2917162708042393 1.093430898134652
1.051068824726099 -0.3193082627946986 1.093724059442492
1.15175932487493 -0.3456834444820643 1.097635876436201
1.261281406373215 -0.3748296399473692 1.106210534578368
1.364668877723407 -0.4033793646435415 1.118814115022667
1.457436451410003 -0.4298764307627227 1.133950893822729
1.537261490032116 -0.4544026193477705 1.149863750771724
1.603305951007022 -0.4754996690499126 1.16565239494465
1.656178976817309 -0.4928784584771472 1.180122129744425
1.697496044487085 -0.506775393856255 1.192613020647356
1.729185442936068 -0.5176290528972697 1.202922535779456
1.753149112603426 -0.5259522500049012 1.211151013524066
1.771079638870874 -0.5322465325155983 1.217556768933635
1.784391123269643 -0.5369568198162892 1.222452449497405
1.794216515675196 -0.5404542850208162 1.226143555372734
1.801438086683351 -0.5430362175669854 1.228898873095277
1.806729445250935 -0.5449341788688234 1.2309406868031
1.810597735723152 -0.5463250013876952 1.2324457133022
1.813421022004468 -0.5473418632180346 1.233550772460111
1.81547912940674 -0.5480840727103938 1.234359857064715
1.816978129332868 -0.5486251542403198 1.234951017640423
1.818069213102275 -0.5490192607281201 1.235382300604087
0.4711644280089397 -0.1699629424049364 1.131350820575172
0.4723432500362795 -0.1702690711990134 1.131127635005815
0.4739623184334161 -0.1706894415947963 1.130821993954095
0.4761842979943844 -0.1712661771696022 1.130404183257504
0.4792306938053825 -0.1720565857487128 1.129834494410861
0.4834014797877657 -0.1731381382294923 1.129060412420118
0.4891006913233307 -0.174614935006106 1.12801358874427
0.4968680563897804 -0.1766256038506129 1.126607189196872
0.5074162759737674 -0.1793523821199427 1.124734627403225
0.5216715980364167 -0.1830306634253134 1.122272068319814
0.5408109686364648 -0.1879569601839523 1.119088178745869
0.5662826274675378 -0.1944916487269631 1.115066766162396
0.5997872619422464 -0.2030502971440625 1.110148561056914
0.6431854426882829 -0.2140749112042419 1.104396733911152
0.6982900905339919 -0.2279755593446786 1.098081525893317
0.7665120665033247 -0.2450369915293141 1.091759963131477
0.8493990787089974 -0.2659740468618005 1.086218827041391
0.9454535028014449 -0.2911680109070758 1.082997210873414
1.050993903353912 -0.3195824068356585 1.083577475221244
1.151396397444837 -0.346965770529664 1.087937752403741
1.260587911999585 -0.3770681853267948 1.096917563568682
1.363649724080952 -0.4064761774125236 1.109900201404956
1.45617231157165 -0.4337190305581796 1.125366707588663
1.53577191242577 -0.4584905622235031 1.141547804980921
1.601721119936479 -0.4797618191824398 1.157405195995481
1.65456146471583 -0.4972354967245585 1.171814820403296
1.695888193153544 -0.5111779697671911 1.184177845624341
1.727610371202887 -0.5220491868638465 1.194336649860676
1.7516156176926 -0.5303755267097013 1.202418774368349
1.769587743747349 -0.5366664276891875 1.208695923144935
1.782936395244757 -0.5413710347929573 1.213485204623572
1.792792869553148 -0.5448625823771828 1.217091669876547
1.800039359126832 -0.5474392386943349 1.219781421149119
1.805350142561557 -0.5493328424463937 1.22177337392833
1.809233282373887 -0.5507202211961898 1.223240970411575
1.812067767625289 -0.5517344351408876 1.224318190906817
1.814134243141725 -0.5524746478561903 1.225106705715485
1.815639450368426 -0.5530142397384408 1.225682740916627
1.816735115917502 -0.5534072447356571 1.226102939395994
0.4721109208754171 -0.1673123128295456 1.119962643641069
0.4732899839721285 -0.1676110370708149 1.119733500529805
0.4749093536545589 -0.168021357058745 1.119419680540064
0.4771316681029725 -0.1685845155491794 1.118990643734846
0.4801784509116317 -0.1693567392695787 1.118405566556167
0.4843496159934348 -0.1704141934024963 1.117610418552524
0.4900491206113108 -0.1718595660770975 1.116534817685419
0.4978164864974839 -0.1738302074009426 1.115089243773868
0.508364026700984 -0.1765077996855354 1.113163629566553
0.5226172288782474 -0.1801290565661214 1.110629831598976
0.5417515902992065 -0.1849957986501358 1.107351592055182
0.5672126212548801 -0.1914812521504754 1.103208008247196
0.6006959325777312 -0.2000268050135304 1.098137470969111
0.6440528412929071 -0.2111204415928404 1.092207665286119
0.6990799022950369 -0.2252457846833108 1.085708170899378
0.7671604541104372 -0.2427922326329501 1.079241486319298
0.8495002763173831 -0.2643564364710367 1.07370959932195
0.9447508037397309 -0.290128585343375 1.070598104910804
1.049470092346074 -0.3192336844827539 1.07135195602049
1.152037087533275 -0.3483956443342895 1.07626430890609
1.260574191989848 -0.3796584650350688 1.085799445494602
1.363033993627599 -0.410104656654912 1.09928387472883
1.455094008939883 -0.4382468234697839 1.115173602788669
1.534311429472122 -0.4633877260122145 1.131706240875154
1.600012536724905 -0.4848515715008662 1.147658655788525
1.652735765412902 -0.5024277806998698 1.161996721809735
1.694029125488001 -0.5164172180859634 1.17420209816443
1.725764553562959 -0.5273043248371547 1.184174624266086
1.749804326399189 -0.5356309325806535 1.192076014447115
1.767817120610746 -0.541915387733401 1.198194552565148
1.781204659112028 -0.5466115344302828 1.20285276560337
1.791094809367652 -0.5500948370741346 1.20635506248482
1.798368846170251 -0.5526643585994045 1.208964176667561
1.803701372945347 -0.554552164393952 1.210894838982388
1.807601269359699 -0.5559350050235728 1.212316442208686
1.810448460714292 -0.5569457507862885 1.21335946372062
1.81252446602136 -0.5576833580436024 1.214122713343767
1.814036760685398 -0.5582210112345201 1.214680172563069
1.815137667327641 -0.5586125850913504 1.215086758699613
0.4513469783067429 -0.2171477724062441 1.17731090385963
0.4525447732123466 -0.2174060927135929 1.177145392576964
0.4541907385795602 -0.2177607855755531 1.176918572199078
0.4564509264448557 -0.2182472917657248 1.176608269734886
0.4595514123953274 -0.2189136705152059 1.176184794991836
0.4637997303668266 -0.2198211911881116 1.17560412354073
0.4696057793247921 -0.2210666885708227 1.17482884742003
0.4775250024867831 -0.2227540719674101 1.173779388153691
0.4882861727767497 -0.2250353355563422 1.172379321475427
0.5028385277699591 -0.2280993713283754 1.170533218368684
0.5223894497172178 -0.2321790231918897 1.16813742375081
0.5484250476073882 -0.2375484625358717 1.165094803128606
0.5826907857723693 -0.2445096425082176 1.161341926217648
0.627094266291624 -0.2533609312765336 1.156891342074678
0.6834880342440387 -0.2643432771516416 1.151884382100113
0.753300137510659 -0.2775648598325433 1.146637642070003
0.8370046481140828 -0.2934872805209383 1.141624105092291
0.9333177179576138 -0.3131883893172834 1.138216616487815
1.039361179720371 -0.3361325554054827 1.137677280453611
1.149998717050274 -0.3609366830124154 1.141327342055445
1.260529086007138 -0.3875678481456912 1.150141207830857
1.364711080489245 -0.414569736567453 1.163377765640454
1.458089424402646 -0.4406131014120107 1.179434620716322
1.537677572356853 -0.4660091737319618 1.196755931974798
1.603006820218178 -0.4884171574411068 1.214400794562545
1.654976462169648 -0.5073385279407108 1.230842417990006
1.695329222824284 -0.5227505377565708 1.245190144159168
1.726097678316431 -0.5349509830465587 1.25711639533302
1.749246352516234 -0.5443985679171318 1.266679239601256
1.766493222820791 -0.5515930234496854 1.274145941224431
1.779252546981462 -0.5570034733937171 1.279863194988193
1.788643993637394 -0.5610346319928979 1.284178695180098
1.795530983247388 -0.5640175230790055 1.287402169315059
1.800568014766774 -0.5662136564873828 1.28979163940271
1.804244894928958 -0.5678245652117941 1.291553039351069
1.806925185406945 -0.5690030237639252 1.292846200616946
1.808877054567655 -0.5698634418421711 1.293792825518212
1.810297360102361 -0.5704907256170528 1.294484249024852
1.811330385708275 -0.5709475811318626 1.294988516046862
0.4508967110356155 -0.2180801136210908 1.176427581762824
0.4520947371917462 -0.218337842385029 1.176263500956052
0.453741011558418 -0.2186917321200768 1.176038645050023
0.4560016085554598 -0.2191771547289701 1.175731036497222
0.4591026265350948 -0.2198420818732563 1.175311251328693
0.4633515982965102 -0.220747760666344 1.174735730598048
0.4691585077530237 -0.2219906773345286 1.17396722352631
0.4770787081478 -0.2236748854369549 1.17292710809798
0.4878409242314045 -0.2259522701082903 1.17153968234768
0.5023942140302696 -0.2290118632940232 1.169710586474966
0.5219456114488384 -0.2330869970937635 1.167337523506852
0.5479806421679795 -0.2384529931442683 1.16432504930462
0.5822439278036912 -0.2454140727262359 1.160611817732911
0.6266421090784001 -0.254272576246453 1.156212931888827
0.6830270611605618 -0.2652756465265912 1.151272854026037
0.7528272874858676 -0.2785399539879084 1.146111982736084
0.8366417630430711 -0.2945567759276644 1.141223907571172
0.9331028313725521 -0.3143827213448083 1.137998412999138
1.03927486459551 -0.3374666794445391 1.137670551916071
1.149116279296613 -0.3621825873609615 1.141391006102452
1.259694215285234 -0.388881468581248 1.150247921874034
1.363915585014878 -0.4159400753542229 1.163503660570867
1.457297389173678 -0.4419918735096528 1.179557295094157
1.536959875347932 -0.4673874041097604 1.196849299180364
1.602350433801105 -0.4897819443109485 1.214442691277849
1.654372745706239 -0.508683705781816 1.230822683404395
1.694770843702287 -0.5240748078413096 1.245108385423164
1.725577517114603 -0.5362558816998136 1.256978306030149
1.748757519027768 -0.5456869028401018 1.266493300017662
1.766029389956332 -0.5528678963632117 1.273921163949569
1.778808219986355 -0.5582677680616764 1.279607880640916
1.788214610321231 -0.562290802169073 1.283899900719698
1.795112894767237 -0.5652675544216955 1.287105607910261
1.800158374587831 -0.567459101047545 1.289481786917552
1.803841524586785 -0.569066609994247 1.291233325335378
1.80652644227792 -0.570242563294811 1.29251921321344
1.808481710734842 -0.5711011423539998 1.293460495674716
1.809904508023557 -0.5717270809159181 1.29414800854621
1.810939354224097 -0.5721829541730148 1.294649418398204
0.4502200769714775 -0.2194719905134587 1.175108519054522
0.4514184409055915 -0.2197288558888909 1.174946561604195
0.4530651668349186 -0.2200815734728749 1.174724621734423
0.455326362183339 -0.2205654147510874 1.174421012046537
0.4584281591052785 -0.2212282237266461 1.174006703834389
0.4626780892998026 -0.2221312174834441 1.173438829363308
0.4684862646192975 -0.2233703682433059 1.172680371293246
0.4764079087483676 -0.2250499480413758 1.171654128363423
0.487171682918853 -0.2273216846907162 1.17028547228485
0.5017263926815909 -0.2303748227897992 1.168481633685279
0.521278576880847 -0.2344434245439453 1.166142338459978
0.5473129248204098 -0.2398045269222962 1.163174665916863
0.5815728349969139 -0.2467657343304387 1.159520392648033
0.6259635201632052 -0.255635322438343 1.155198469864621
0.6823357738096132 -0.2666697169611055 1.150358112786704
0.7521185108440754 -0.2799983661134001 1.145325545328694
0.8360873344043864 -0.2961544827662867 1.140624042825444
0.9327576647469686 -0.3161631020649255 1.137666441538763
1.039112190443522 -0.3394517439976831 1.137649013059799
1.14782747636274 -0.3640527102664121 1.14148311495062
1.258469299803848 -0.3908549204046856 1.150408955193855
1.362743043314572 -0.4180001241434921 1.163696504460915
1.456126612339409 -0.4440687891427377 1.179747582397642
1.535893167855626 -0.4694636015542754 1.196996755966542
1.60137076021495 -0.4918378956122748 1.21451287315352
1.653468885412087 -0.5107100675506429 1.230799704207382
1.693932950606152 -0.5260695960225779 1.244991396379824
1.724795653004297 -0.5382214025372641 1.256775821204746
1.748021816740921 -0.5476273898471377 1.266218133920291
1.765330652804953 -0.5547880321175258 1.27358697724635
1.778138390859168 -0.560171908921996 1.279227272384104
1.787566963520561 -0.5641826565172554 1.283483590678121
1.794482032729335 -0.5671501240355298 1.286662278689653
1.799540077096027 -0.569334732722856 1.289018242871335
1.803232556976659 -0.5709370988442224 1.290754781325545
1.805924362978737 -0.572109262262841 1.292029605261613
1.807884693254201 -0.572965059201934 1.292962760705842
1.80931120172164 -0.573588962610181 1.293644324411523
1.810348759890041 -0.5740433497913013 1.294141387614684
0.4492147098013921 -0.2215200891479181 1.173166732338582
0.4504135560862867 -0.221775722410228 1.173007877723915
0.4520609273598888 -0.2221267673114158 1.1727901990795
0.4543229788820078 -0.2226083521727645 1.17249243306583
0.4574258923403755 -0.2232681389928681 1.172086128726747
0.4616771991879313 -0.2241673069563718 1.171529429183182
0.4674872026387962 -0.2254010828011757 1.170785657486451
0.4754109457993281 -0.2270740662692894 1.169779691321436
0.4861770148587835 -0.2293377624326988 1.168438473843057
0.5007338774636284 -0.232381733393112 1.166671565961499
0.5202873978363298 -0.2364411138843283 1.164381662636259
0.5463211090707069 -0.2417954546757818 1.161479557932627
0.5805766871429497 -0.2487573232614551 1.157911647391653
0.6249572660005193 -0.2576437273896351 1.153702615474753
0.6813118897037171 -0.2687248094873002 1.14900882834053
0.7510695386310635 -0.2821490127011452 1.144165376085275
0.8352435277765047 -0.2985058952674037 1.139736797736943
0.9321942764834753 -0.3187741204560272 1.137164851011735
1.038793775570627 -0.3423535951614114 1.137592120028661
1.145989204964345 -0.366820840990943 1.141610991903296
1.256710112427573 -0.3937789595889332 1.150648082468568
1.36104782528585 -0.4210548307264834 1.163989152936247
1.454427782389955 -0.4471568672778712 1.180041262981514
1.534333495958476 -0.4725504575643498 1.197229686432125
1.599930250945597 -0.4948943652440796 1.214631603627994
1.652134471494357 -0.5137222100784513 1.230779402972729
1.69269235096189 -0.5290344632448418 1.244830265411791
1.723635598950232 -0.5411424537685396 1.256486380830886
1.746928594908533 -0.5505109630654037 1.265819504815672
1.76429119893652 -0.5576411359169393 1.273099626488428
1.777141117274275 -0.563001063821813 1.278670110737252
1.786602125736024 -0.5669934138163115 1.282872724184026
1.793541774494409 -0.5699469776545826 1.286010760313927
1.798618237375235 -0.5721211963871262 1.288336305876205
1.802324404027151 -0.5737158605165881 1.290050270603019
1.805026320316202 -0.5748823479254642 1.291308442944208
1.806994082818476 -0.5757339780576615 1.292229366337496
1.808426041831616 -0.5763548332982543 1.292901975469325
1.809467583788612 -0.5768069946597296 1.293392496000077
0.4477458982028052 -0.2244705714594729 1.170367597665278
0.4489454101629552 -0.2247245036820154 1.170213174812432
0.4505936731657432 -0.2250732393315923 1.170001582550928
0.4528569100271214 -0.2255517092532753 1.169712163345746
0.4559613735551911 -0.2262073243229345 1.169317291720404
0.4602145977383145 -0.2271012214389409 1.168776556582612
0.466027168822625 -0.2283275720022047 1.168053764247644
0.4739538903650649 -0.2299914602316209 1.167076768511327
0.4847232792635542 -0.2322440843708069 1.165774761138181
0.4992833865343573 -0.2352754688090639 1.16406064300166
0.5188392169695534 -0.2393222833056596 1.161841374370385
0.5448727941295938 -0.2446676698629423 1.159033106768876
0.5791234770708277 -0.2516313017800979 1.155588939200328
0.623491462603911 -0.260542744431325 1.151541955898399
0.6798229726652324 -0.2716919915711236 1.147059133056624
0.7495460118515074 -0.2852552109318197 1.14248891091669
0.8339686073180201 -0.301891578368846 1.138450108316879
0.9312625247344988 -0.3225128878285874 1.136415535730922
1.038161010080205 -0.346487360186234 1.137457380388867
1.143457808680699 -0.3708345653068418 1.141776719060018
1.254261977509734 -0.3980239809488964 1.150994502555348
1.358665439161418 -0.4254935677372785 1.164426651467629
1.452028978808538 -0.4516605344253512 1.1804901457306
1.532107151656374 -0.4770515264834915 1.197596366629089
1.597858034286015 -0.4993501250676179 1.214833470993588
1.650204534702435 -0.518112324901751 1.23077773837434
1.690891392783515 -0.5333547212956391 1.244621334562499
1.721947152791685 -0.5453980289704746 1.256088136675833
1.745334452061893 -0.5547112371533038 1.265259939464132
1.762773420763939 -0.5617964604367924 1.272408872091165
1.775683504140369 -0.5671210616631759 1.277876075602877
1.785190912418493 -0.5710862749455327 1.281999208316987
1.792165792458015 -0.5740193308805253 1.28507706673915
1.79726869219498 -0.5761782244029044 1.287357575184296
1.800994523155265 -0.5777615279939441 1.289038113605888
1.803710975312911 -0.5789196430877583 1.29027162659394
1.80568942862369 -0.5797651269928331 1.291174434391173
1.807129230680361 -0.58038148593831 1.29183378107124
1.808176506552464 -0.5808303640015973 1.292314611044697
0.4456524879681378 -0.2285934858384739 1.166452268722417
0.4468528724593315 -0.2288451790377538 1.166303973232961
0.4485023065936051 -0.2291908750670198 1.166100796194948
0.4507671049260032 -0.2296652450600182 1.165822917882112
0.4538736191920812 -0.2303153694040994 1.165443854633094
0.4581293923909477 -0.2312023492649489 1.164925198697748
0.4639454217739425 -0.2324189126852056 1.16423141690468
0.4718762161039644 -0.234070844870375 1.163294492480466
0.4826502727389241 -0.2363089377138312 1.162046732879237
0.4972151997045873 -0.2393238654054515 1.160405678130713
0.5167750243890146 -0.2433544148137965 1.158284230918017
0.5428099726800225 -0.2486886751037939 1.155606045284215
0.5770564992740672 -0.2556561445677235 1.15233368499983
0.6214108296931972 -0.2646038659574542 1.148512239942943
0.677714686327724 -0.2758497106422055 1.144324096115307
0.7473926694863026 -0.2896092393936449 1.14013744161959
0.8320679611127091 -0.3066155066511024 1.136636593296126
0.9297159192501663 -0.3276865165926445 1.135316674385615
1.036918226257626 -0.3521623824463106 1.137165156361331
1.140146685289313 -0.3764832616718669 1.141966401880562
1.251006696708771 -0.4040073199254443 1.151477632540949
1.355450702086152 -0.4317567098073308 1.165065150408587
1.448865043406228 -0.4581295535981271 1.181164516666187
1.529036658512549 -0.4834314583024079 1.19816706592153
1.59496938053918 -0.5056633382715794 1.215174525368369
1.647494820927877 -0.5243300877975023 1.230829220217933
1.688350498295872 -0.5394713400706888 1.244375700620965
1.719557097860626 -0.5514211787867747 1.255570182038966
1.743072684758593 -0.5606545569031642 1.264509502579772
1.760616494427638 -0.5676749297875819 1.271469172054329
1.773609670111668 -0.5729485801898574 1.276787272742615
1.783181413421455 -0.5768746623916592 1.280795609978342
1.79020527428424 -0.5797781490698408 1.283786525368506
1.795344996589942 -0.5819149473221009 1.286001950995031
1.79909825261676 -0.5834818723530384 1.287634177715313
1.801834996048548 -0.5846279171870351 1.288832045838109
1.803828382917649 -0.5854645402869284 1.289708665615763
1.805279145725627 -0.5860744169853247 1.290348838604729
1.806334437510269 -0.5865185615558148 1.290815658219037
0.4427727634996964 -0.2341156511835359 1.161200295425456
0.4439742066659269 -0.2343645879114544 1.161060100638651
0.4456250662490439 -0.234706541731636 1.160868049284721
0.4478917743527704 -0.2351758643631823 1.160605429655653
0.4510008138330162 -0.2358192292413954 1.160247268507747
0.4552597488212316 -0.2366977315355673 1.159757815331205
0.4610801561471674 -0.2379022168254603 1.159102393741783
0.4690162215002903 -0.2395394534283916 1.158218474991157
0.4797965585228829 -0.2417597241834752 1.157042496403291
0.4943684387449398 -0.2447545745760894 1.155498168431996
0.5139349944683926 -0.2487655673921915 1.153506328750432
0.5399746241331582 -0.2540872740182442 1.151000716435695
0.5742205211565424 -0.2610621377365945 1.147956751684838
0.6185638702561916 -0.2700604421557536 1.144436083681764
0.6748394089973226 -0.2814375869726014 1.140642773910966
0.7444635286923189 -0.2954629980818591 1.136973400673971
0.8293007322096335 -0.3129249495687414 1.13418093342012
0.9271848802575848 -0.3345152555336681 1.133752030860181
1.034574034556673 -0.3595662900913242 1.136585781868481
1.136123758030831 -0.3841073550806826 1.142132357682506
1.246946605468234 -0.4120983995572732 1.152113984027
1.351351051900807 -0.4402371389790232 1.165962862888875
1.444796383978587 -0.4669319319472508 1.182142267396089
1.524999303322681 -0.4921202288505279 1.199033457819502
1.591114910766329 -0.5142561126533362 1.215736730803658
1.643844546399745 -0.5327880044373707 1.230996028005321
1.684906284311853 -0.5477872588337136 1.244132514324303
1.71630390870317 -0.5596062727955324 1.25494943521445
1.739985446290531 -0.5687280993779302 1.263565632035036
1.757666633081908 -0.575657938273176 1.270261870413013
1.770769578413272 -0.5808604990243195 1.27537225226985
1.780426766611892 -0.5847320025169054 1.279220571631196
1.787515914080392 -0.5875942556824534 1.282090245073017
1.792704838339965 -0.5897002467611994 1.284214887092352
1.796494802423341 -0.5912443373453045 1.285779710735076
1.799258738278419 -0.5923735549888798 1.286927840765487
1.801272154861291 -0.5931978256931257 1.287767914635883
1.802737627823659 -0.5937986658046606 1.288381327909319
1.803803682290437 -0.594236211698184 1.288828592938533
0.4390005222536483 -0.2411057491698749 1.154537679774853
0.4402031089953379 -0.241351586569884 1.154407580754246
0.4418555164498607 -0.2416893325690956 1.154229395654305
0.4441243151358081 -0.242152980358918 1.153985794316619
0.4472361496780915 -0.2427887457538991 1.153653687336474
0.4514986233529922 -0.2436577854085847 1.153200651280542
0.4573240942021782 -0.2448486390429845 1.152593047217907
0.4652664547652963 -0.246469395286825 1.15177523629991
0.4760547023893205 -0.2486697468843839 1.150688818952368
0.4906361113873354 -0.2516423409280056 1.149265255640496
0.5102133761673986 -0.2556321501471438 1.147435399639458
0.5362635624832077 -0.2609417016397971 1.145145824991989
0.5705168124285215 -0.2679294438873789 1.142388523994555
0.6148584509088562 -0.276994748478721 1.139246884034593
0.6711128774297047 -0.2885407409376787 1.135954074305423
0.7406801535151941 -0.3029067217992475 1.132945743561856
0.8254255462434412 -0.3208772701738342 1.131030259474012
0.9232029619104931 -0.3429843580107944 1.131621353677166
1.030447742460262 -0.3686004980793237 1.135548125204108
1.131716206985442 -0.3938363682513953 1.142173481636145
1.242303015641025 -0.4224473222805658 1.152884259113955
1.34650054230609 -0.4511007896955468 1.167156371038441
1.439858731411791 -0.478218173888891 1.183492033290322
1.520015463236895 -0.5033306582166525 1.200290258459777
1.58626184119238 -0.5253338233718116 1.216617811927186
1.639191771395716 -0.5436833286462592 1.231366970668156
1.680481914437299 -0.558492070788057 1.243966850277369
1.712103845035262 -0.5701362519033815 1.254286499646943
1.735986318577271 -0.5791093265750569 1.262475745269637
1.753836824178964 -0.5859185946269182 1.268823262374959
1.767076547116995 -0.5910265538264843 1.273658358837475
1.776840952833367 -0.5948254638494043 1.277294453287325
1.784012405627888 -0.5976328904903025 1.28000324774818
1.789263554600708 -0.5996979266535925 1.282007384243071
1.793100044597237 -0.6012116652803123 1.283482715466572
1.795898498741839 -0.6023185176167016 1.284564795087099
1.7979373689116 -0.603126371552911 1.285356331218168
1.799421549872207 -0.6037152018446303 1.285934200151425
1.80050129963229 -0.6041439781104085 1.286355489511856
0.4343664089824379 -0.2493463952816304 1.146659149271808
0.4355700308062457 -0.2495891243664174 1.146540748945863
0.4372238532313459 -0.2499226502780173 1.146378632435946
0.4394945919613067 -0.2503806077926973 1.146157071463968
0.4426090727269298 -0.2510087540072226 1.145855161696417
0.4468749586348271 -0.2518684171881088 1.145444358331682
0.4527055961775953 -0.2530455212693991 1.144892178214089
0.4606546969058283 -0.2546498240926487 1.144151041968388
0.4714520567939375 -0.2568303965635879 1.143168555435148
0.486045585881607 -0.2597811793511389 1.141885245857772
0.5056384946662082 -0.2637510083817555 1.140243752791905
0.5317077444064209 -0.2690514117030564 1.138205901126685
0.5659815138546567 -0.276059114603879 1.135783663922132
0.6103390796075958 -0.285207218993642 1.133087174960067
0.6665906091019287 -0.2969552954368702 1.130386301379287
0.7361083867880426 -0.3117272780309464 1.128167221910323
0.8203080285351962 -0.3301947508627964 1.12725824696404
0.9173541111907708 -0.35270334405624 1.128899664881795
1.02385247468707 -0.3787461569815752 1.133899815841351
1.127529974753479 -0.4053940654139406 1.141939719468921
1.237556347786527 -0.4347747826538165 1.153715766330245
1.34127793978295 -0.4640639410854219 1.168629598585238
1.434348211629206 -0.4916986911786227 1.185235739222944
1.514331700627108 -0.5168187922406831 1.201995957291612
1.580583737636697 -0.5386488080700077 1.217900257422104
1.633665046758762 -0.5567660648002543 1.232038343620498
1.675177870680189 -0.5713344360794606 1.243983234580078
1.707039539542654 -0.5827590518409109 1.253691013219248
1.731146322540609 -0.5915458051349876 1.261352774173931
1.749190365445996 -0.5982042876637763 1.267268465914215
1.762588635371383 -0.6031940535820988 1.271762193467153
1.772478420572792 -0.6069023241831271 1.275134879708605
1.779746675602012 -0.6096413222512765 1.277643873223369
1.785071292914452 -0.6116552561892271 1.279498286225905
1.788962861970558 -0.6131311293232384 1.280862393621783
1.791802255884533 -0.6142100828169086 1.281862365810223
1.793871354284861 -0.6149974599117806 1.282593555489507
1.795377773100577 -0.6155713105480212 1.283127226785167
1.796473812988276 -0.6159891488943846 1.28351621408553
0.4522540329002959 -0.2152549909521218 1.174947819727261
0.4534496466038176 -0.2155187448692601 1.174781996793881
0.4550925768744757 -0.2158808824557091 1.174554763021653
0.4573485505923516 -0.216377574216099 1.174243917223792
0.4604432014522922 -0.2170578638019194 1.173819736665918
0.4646835638672586 -0.2179842058149878 1.173238845105552
0.4704785109507658 -0.2192555611944074 1.172461779188352
0.478382752225978 -0.2209777054457459 1.171411001714035
0.489123745564231 -0.2233056208002756 1.170009482826734
0.5036492961497164 -0.226431690245492 1.168161996237946
0.5231651976202012 -0.2305927726009539 1.165765318686259
0.5491560445949173 -0.2360672290041887 1.162723126965607
0.5833661470667674 -0.2431605891464402 1.158973375063107
0.62770273968701 -0.2521728632928668 1.154530770995424
0.6840192042804056 -0.2633428606070564 1.149539691337935
0.7537458863180732 -0.276770951730003 1.144320536272704
0.837355754373281 -0.2929090542135546 1.139344339231602
0.9335664874674734 -0.3128182324710161 1.135968791611952
1.039506881540248 -0.3359396122286095 1.135451505709694
1.150050509801961 -0.3608708512604866 1.139106312828265
1.260504584348407 -0.3875618319471579 1.147883342692937
1.364636798457546 -0.4145558511075366 1.161044515859827
1.457994275349751 -0.4405355847329961 1.176999445251938
1.537592418189703 -0.465826693421376 1.194191318509104
1.602958070466995 -0.4881054462342886 1.211699563915691
1.654978716446244 -0.5068951117047781 1.228013136355882
1.695386775384971 -0.522186677417392 1.242249991903362
1.726207794119894 -0.5342844149458339 1.254085324913038
1.749402572502562 -0.5436484804368921 1.263576368232579
1.766687787664862 -0.5507772336316034 1.2709878290088
1.779477864714404 -0.5561371925354786 1.276663351873125
1.788893351520308 -0.560130188737084 1.280947724653937
1.795798806235784 -0.563084583215054 1.284148191541815
1.800849836286621 -0.565259617130882 1.28652076211326
1.804537233757345 -0.5668550016257478 1.288269805601982
1.80722537418058 -0.5680220876755965 1.289553961263363
1.809183070560778 -0.5688742011893798 1.290494035711195
1.810607693863025 -0.5694954372908135 1.291180706189037
1.811643904290825 -0.5699478940258695 1.291681525226416
0.4518394896591435 -0.2161227618083575 1.173980201463171
0.4530352335299291 -0.2163860495472215 1.173815704908983
0.4546783343636123 -0.2167475566053913 1.173590292819082
0.4569345276541983 -0.2172434022281193 1.173281945445883
0.4600294522565309 -0.2179225668802719 1.17286118736279
0.464270115356899 -0.2188475192017743 1.17228506716754
0.4700654509260261 -0.2201169079083251 1.171514292264696
0.4779700335976699 -0.2218367231295992 1.170472192731974
0.4887112284251842 -0.2241619168690102 1.169082423219326
0.5032366075408141 -0.2272851185620186 1.167250762370438
0.5227515602785148 -0.2314438086017958 1.164875272048407
0.5487400489057861 -0.236917653256061 1.161861244877404
0.5829455141207477 -0.2440146076804373 1.158148656260266
0.6272742463001263 -0.2530387699556126 1.153754739007366
0.6835790446869378 -0.2642351425503167 1.148827033555056
0.7532908876296518 -0.2777123712466354 1.143689864980076
0.8370062789377888 -0.293951815966477 1.138834051412286
0.9333628287953502 -0.3139928297132875 1.135634791513479
1.039430672236672 -0.3372592916255246 1.135325256143666
1.149180001341621 -0.36210410040021 1.139051043105652
1.259682264237732 -0.3888625557855413 1.14787327826952
1.363854927287641 -0.415910871759883 1.161056737561799
1.457217245254465 -0.4418953221800493 1.177012227178512
1.536890543677027 -0.4671814216599123 1.194178931182925
1.602317982018888 -0.4894422525873536 1.211639619459305
1.654391493647456 -0.5082082102660056 1.227894983580215
1.694844905595316 -0.5234753431868997 1.242072639962519
1.725704065131861 -0.5355508098631695 1.253853879211917
1.748930059491402 -0.5448960037131821 1.263298793775932
1.766240161451749 -0.5520095012871276 1.270672715646787
1.779049643231316 -0.5573575129896291 1.276318669300962
1.788479990569042 -0.5613413536397435 1.280580277002538
1.795396674453621 -0.5642888400656927 1.283763502109296
1.800456102489712 -0.5664587174782695 1.286123165844567
1.804149732006034 -0.5680502824514464 1.287862628224284
1.806842471465322 -0.5692145551367932 1.289139714759893
1.808803546599841 -0.5700646041638301 1.29007459542876
1.810230646511741 -0.570684330320532 1.29075746328569
1.811268666584542 -0.5711356846664325 1.291255503672321
0.4512166328330762 -0.2174185991343856 1.172536447540321
0.4524125635243452 -0.2176812088751798 1.172373920124054
0.4540559091848926 -0.2180417990286416 1.17215121251537
0.4563124177562023 -0.2185364144739815 1.171846574352642
0.4594077356132189 -0.2192139440907917 1.171430897414622
0.4636488299170486 -0.2201368802005627 1.170861861179226
0.4694447265833437 -0.2214034112421659 1.170100426651509
0.4773498037280015 -0.2231198500260473 1.169071212143886
0.4880912963112353 -0.2254411079064177 1.167698889629306
0.5026164442897518 -0.2285601846563096 1.16589073219559
0.5221300587142276 -0.232715488279371 1.163546715138458
0.5481151927607276 -0.2381886296415189 1.160574541915184
0.5823140250470499 -0.245291179652297 1.156917214168531
0.626631444266968 -0.2543333418129324 1.152595764145081
0.6829192986907296 -0.265569397535019 1.147762526786075
0.7526092417505859 -0.2791204473426747 1.142747824470233
0.8364724238549948 -0.2955093852281381 1.138071016871872
0.9330348548726144 -0.315743272561936 1.135131178883874
1.039283376380714 -0.3392220825483748 1.135126407720838
1.147909713377566 -0.3639546654492669 1.138966427698883
1.258476726129558 -0.3908160205948383 1.147860587854292
1.362703311490281 -0.4179472822210984 1.161080345338111
1.456069424187142 -0.4439430424386833 1.177038819143051
1.535847957710918 -0.4692217796714516 1.194168849082853
1.601363096106059 -0.4914557299621065 1.211558137941021
1.653512675360158 -0.5101860405930758 1.227725514385135
1.694032044308793 -0.5254163986068849 1.241813452613897
1.724947088294545 -0.5374583243823526 1.253512608341702
1.748219052707289 -0.5467750852589618 1.262887476633555
1.76556592937366 -0.5538655913025256 1.270204371222596
1.778404151830701 -0.5591955936993016 1.275805391913857
1.787856544613395 -0.563165631041679 1.280032399388349
1.794789905464734 -0.5661027013452717 1.283189415401984
1.799861815556744 -0.5682648029710383 1.28552945760371
1.803564713023385 -0.56985060789007 1.287254353324377
1.806264294637796 -0.5710106376471848 1.288520691719923
1.80823039790394 -0.5718575730450564 1.289447675305341
1.8096611841666 -0.5724750218477626 1.290124761119129
1.810701898234009 -0.5729247134960725 1.290618576371152
0.4502911962010039 -0.2193265133761591 1.170413286300091
0.451487386425583 -0.2195881609191815 1.170253637759951
0.4531310722887036 -0.2199474500287945 1.170034884126616
0.4553880192349575 -0.2204403203687685 1.169735668917375
0.4584838843896059 -0.2211155313770274 1.169327420853032
0.4627255772753934 -0.2220356157918323 1.16876874226072
0.4685222619717747 -0.2232980948250654 1.168020964425625
0.4764280373714819 -0.2250097610747344 1.167010590916236
0.4871699652326028 -0.2273254734132492 1.165663782838062
0.5016948302286782 -0.2304387793751843 1.163890002829874
0.5212066464166715 -0.2345894480449254 1.161592033992879
0.547187204184314 -0.2400619391505606 1.158681127097557
0.5813769032142379 -0.2471731266283762 1.155104756399971
0.6256785934049087 -0.2562421942661783 1.150889607471757
0.6819425669857888 -0.2675371328551169 1.146195214084004
0.7516009299657673 -0.2811975624082626 1.141361000081818
0.8356598298989827 -0.2978020337799993 1.13694609451872
0.9324975299878226 -0.318310135170501 1.13437967648069
1.038988150045907 -0.3420906913023649 1.134811201235493
1.146099674702769 -0.3666936312827029 1.138836327289839
1.25674693047597 -0.3937101774861824 1.147845779661034
1.361039671920236 -0.4209666970190741 1.161125426178232
1.454405093682222 -0.4469876365859729 1.177092930227367
1.534324421111872 -0.4722554224955874 1.194171265550082
1.599959636626687 -0.4944493145925063 1.211455091626775
1.652215626515859 -0.513126491760421 1.227491189074692
1.692828740742176 -0.5283020265485172 1.241444767067045
1.723824069286366 -0.5402939423825578 1.253020781434269
1.747162542048649 -0.5495683028547248 1.262290466940548
1.764562871857802 -0.5566245183041866 1.269521679525807
1.777443000530919 -0.5619276576533823 1.275055164722386
1.786927605894477 -0.5658771037843782 1.279230154274763
1.793885370925248 -0.5687986345262641 1.282347760757142
1.798975565464659 -0.5709491349315787 1.284658295213631
1.802692049071597 -0.5725263456364141 1.286361283006003
1.805401665998076 -0.5736800445417765 1.287611455364253
1.80737514670652 -0.5745223339899717 1.28852656059356
1.808811343146725 -0.5751363845760377 1.289194949009588
1.809856011743838 -0.5755835951425803 1.289682408627776
0.448938937505418 -0.2220779355445131 1.167356702041092
0.4501354702137528 -0.2223382662566881 1.167201169457616
0.451779605209784 -0.2226957751642205 1.166988068906999
0.45403713150665 -0.2231862585227219 1.166696607103648
0.4571337210987247 -0.2238582995695313 1.166298980590116
0.461376202890382 -0.2247745004971543 1.165755112359222
0.4671739466294868 -0.2260314387145806 1.165026861149814
0.4750806688499117 -0.2277366086147893 1.164043430331526
0.4858232196697652 -0.2300448056054717 1.162733113015036
0.500347797101984 -0.2331503690346236 1.161008510949215
0.5198573787582065 -0.2372950164668214 1.1587764409858
0.5458320917838234 -0.2427672795803126 1.155953268321281
0.5800099385705578 -0.2498916265337661 1.152492953420481
0.6242908917305552 -0.259000156145248 1.148430452945378
0.6805227027991176 -0.2703807013961273 1.143935957199285
0.7501370607904123 -0.2841999255096083 1.139362548401001
0.8344314507482758 -0.3011048284555444 1.135321894421088
0.9316046902871647 -0.3219864297602688 1.13327590457998
1.038389883076741 -0.3461771551818606 1.134310047980745
1.143610169762443 -0.3706660684236541 1.138635190011608
1.254342185295096 -0.3979127913013416 1.147830511933902
1.358703682059254 -0.425355218987873 1.161210038045231
1.452056762731338 -0.4514292622804675 1.177200227128777
1.532150806256856 -0.4766805235316419 1.194209456509227
1.597941377753627 -0.4988153354399396 1.211341276994199
1.650340015389429 -0.5174143693427988 1.227185310794082
1.691081925127842 -0.5325093577384346 1.240941258264193
1.722189311803879 -0.5444278311728366 1.252335698190525
1.745621552545954 -0.5536399361160176 1.261450087000201
1.763097735508569 -0.5606458071146172 1.268554697626099
1.77603758729663 -0.565909507491729 1.273988345115417
1.785568233736432 -0.5698287224789252 1.278086411877825
1.792560948713525 -0.5727274382149916 1.281145727529094
1.79767736517075 -0.5748609054500374 1.283412610014926
1.801413351750136 -0.5764254976849833 1.285083184915292
1.804137384357736 -0.5775699011036725 1.286309437519014
1.806121467943867 -0.5784053688912673 1.287206966178816
1.807565442644204 -0.5790144297484843 1.287862484249836
1.808615798142884 -0.5794579972070514 1.288340538562425
0.4470107739190847 -0.225929105359737 1.163088455812508
0.4482077222607145 -0.2261877267670574 1.162938623807092
0.4498524026808121 -0.2265429255583935 1.162733352822615
0.4521106337452968 -0.227030312930321 1.162452629712973
0.4552081068229446 -0.2276982451451439 1.162069714708453
0.4594515423806996 -0.228609443261573 1.161546362692983
0.4652506113041676 -0.2298591954760182 1.160845157885255
0.4731585337409879 -0.2315559985418206 1.159899052388192
0.4839019387244663 -0.2338545792930496 1.158639297013576
0.4984263407450705 -0.236950385157751 1.15698285697917
0.5179334897975677 -0.2410878270870007 1.154842171295847
0.5439014985410907 -0.2465610557505366 1.152140767163658
0.5780653528097252 -0.253705049424537 1.148841757360503
0.6223211409707852 -0.2628698896874854 1.144991903028695
0.678512514866039 -0.2743712838671367 1.140776832019049
0.7480685468212047 -0.2884143485982276 1.136569753240694
0.8325984099814913 -0.3057180257218042 1.133046239167361
0.9301148639887713 -0.3270769162260755 1.131692870298868
1.037197429442634 -0.3517894551935655 1.133517663064225
1.140358706338989 -0.3762606778960639 1.138322491593996
1.25114842371813 -0.4038404393690572 1.147817385493619
1.355554464618777 -0.4315518219871451 1.16136399947314
1.448963701155636 -0.457815232904505 1.177405255918623
1.529154338904577 -0.4829580616123621 1.19432959745931
1.595128365911955 -0.505007196162167 1.211250145457747
1.647706342142946 -0.5234936399993504 1.226821237388116
1.688616691596995 -0.5384728615995379 1.240294152826187
1.719874161899793 -0.5502859037937138 1.25142765266165
1.743433831197629 -0.5594086925715454 1.26031846164708
1.761014044871466 -0.5663423602830429 1.267240613694321
1.774036292923829 -0.5715495082547541 1.272530281197105
1.783630710644774 -0.5754253787863168 1.276517367299002
1.790671964835695 -0.5782913848183644 1.279492559010373
1.795824866546019 -0.5804004323760579 1.281696431007656
1.799588024924115 -0.5819469343506045 1.283320211957431
1.802332160120336 -0.5830780114545591 1.284511928250183
1.804331039035371 -0.5839036995216216 1.285384077282698
1.805785872648981 -0.584505606855404 1.286021010006889
1.806844170062287 -0.5849439513471281 1.286485482107341
0.4443560702483781 -0.2310999491219493 1.157375342635529
0.4455534547406105 -0.2313565131807649 1.157233067916879
0.4471987080406044 -0.2317089327327871 1.15703817675915
0.4494576814948112 -0.2321925982904921 1.156771690454647
0.4525560890795905 -0.2328555961905028 1.156408279813712
0.4568005124176582 -0.2337608465361157 1.155912133745185
0.4626010511917404 -0.235001959291002 1.155246787566903
0.4705103278861344 -0.2366888153613124 1.15435018159175
0.4812548119792937 -0.2389760827159061 1.153157495534723
0.4957793523346766 -0.2420606926998673 1.151591506797897
0.5152844613356887 -0.2461906052517669 1.14957216923415
0.541246127442062 -0.2516673586019912 1.14703264123048
0.5753959224667985 -0.2588398055146106 1.143948462757228
0.6196250152836019 -0.2680819649348142 1.140382653291887
0.6757706222598922 -0.2797470950423037 1.136542494991865
0.7452546816126397 -0.2940929501219127 1.132830011130073
0.8299256282357 -0.3118906121997913 1.129988869139725
0.92766385680625 -0.3338044466081184 1.129500486609238
1.034924507659898 -0.3591184887660527 1.132291126843759
1.136415752471844 -0.3838218440014681 1.137835839751666
1.247170557950055 -0.4118665567666316 1.147807487363985
1.351542180606542 -0.4399529987726118 1.161630282550925
1.444987945500531 -0.4665152874596861 1.177771785463467
1.525215303301559 -0.4915198186114924 1.194610160410867
1.591374320947395 -0.5134480389114677 1.211252053327609
1.644156901068146 -0.5317772039247965 1.226451153399606
1.685272637974857 -0.5465953570350801 1.239534073922091
1.716719943359877 -0.5582620049279171 1.250306283931347
1.740444243428694 -0.5672609125993844 1.258886764531117
1.758160599615146 -0.5740944985629326 1.265555306800482
1.771291560306733 -0.5792232881644405 1.270644673577902
1.780970567637938 -0.5830391152800554 1.274477279758098
1.788076438676138 -0.5858598160557751 1.27733532993215
1.79327803060584 -0.5879350434756729 1.279451437019717
1.797077512575808 -0.5894564926340247 1.281010028217077
1.799848553679871 -0.5905691148944037 1.282153624404686
1.801867252109822 -0.5913812599022032 1.282990408149961
1.803336641003118 -0.5919732609060084 1.283601440869322
1.804405588418968 -0.5924043725585109 1.284046984222753
0.4408736837385359 -0.2376672639101605 1.150146950834596
0.4420714059003009 -0.2379215999002992 1.150014133123447
0.4437171032373928 -0.2382710119795498 1.149832231247565
0.4459766556403562 -0.2387506555114869 1.149583561318513
0.449075798062234 -0.2394083306527107 1.149244560045902
0.4533209439771808 -0.2403072761605709 1.148782471850931
0.4591227770090616 -0.2415390520382711 1.148162002865574
0.467033270314737 -0.2432153647402384 1.147327367684823
0.4777789167925721 -0.2454908606478689 1.146218674541651
0.4923041377797971 -0.2485643495342901 1.144766018258055
0.5118085588689995 -0.2526881864910891 1.142898854778613
0.5377664457672016 -0.258173026997447 1.140562611977618
0.5719061175113767 -0.2653849339495043 1.137748848229171
0.6161130422505288 -0.2747279396030742 1.134541898077515
0.6722148192013317 -0.2866031139020747 1.131178040950524
0.741618462078254 -0.3013365953868178 1.128098784973454
0.826175256307243 -0.3196911703441257 1.126105153925846
0.9237891936015425 -0.3421652625266043 1.126610242338461
1.030894730100758 -0.3680765468181771 1.130473610450403
1.132106664640751 -0.3934904740593179 1.137086897175401
1.242628214201765 -0.4221529356222448 1.147792849890223
1.346799315195217 -0.4507365662488628 1.162056375507935
1.440164836945762 -0.4776928963914735 1.178379816677985
1.520352532219589 -0.5025901741718122 1.195157779040807
1.586645078476592 -0.5243548461738962 1.21145785077348
1.639628390337084 -0.5424740450194026 1.226178339709729
1.680971495037191 -0.5570783136616533 1.238751856257498
1.712641368851801 -0.5685510936029817 1.249049086530343
1.736564698283623 -0.5773862004388473 1.257220243910592
1.754448595605262 -0.5840875753624325 1.263553654737583
1.767714813143844 -0.5891129089458416 1.268378035071063
1.77749980689176 -0.5928494895585098 1.272006124826286
1.784687018645401 -0.5956104086610239 1.274709014865247
1.789950097647956 -0.5976410155928964 1.27670883296679
1.793795550813678 -0.5991294144873727 1.27818102684583
1.796600696585096 -0.6002176919384992 1.279260837191778
1.7986445447001 -0.6010119722884031 1.280050736663879
1.800132417626461 -0.601590905902491 1.280627429734877
1.801214897184177 -0.6020124768540704 1.281047874697285
0.4365868719607672 -0.2454423045905996 1.141626203713423
0.4377846532146343 -0.2456945446345968 1.141504406462234
0.4394304284781501 -0.2460411317662685 1.141337641623082
0.4416900894724801 -0.2465170067673058 1.141109734744463
0.4447893811197641 -0.247169711221437 1.140799181505285
0.4490345249873477 -0.2480629565833571 1.14037680133388
0.4548369508109241 -0.2492859864591615 1.139808636110291
0.4627480171055169 -0.2509527711961028 1.139046259602934
0.4734945726682167 -0.2532180066719478 1.138035540580487
0.4880211443754352 -0.2562827182992615 1.13671516449619
0.5075273180089177 -0.2604043014142612 1.135025799697916
0.5334867681856472 -0.2659038126192594 1.132927478116343
0.5676255952357266 -0.2731670647308811 1.130431080333579
0.6118234108215757 -0.2826329898039433 1.127647139526196
0.6678944721770772 -0.2947593058716218 1.124848397076544
0.7372197526381705 -0.3099551386033486 1.122527220182641
0.8212106676545173 -0.3288639528399958 1.121510828528663
0.9180741770716987 -0.3517890219751655 1.123045183382744
1.024421761903017 -0.378163668214093 1.127965583675429
1.128028418463563 -0.4050094523555663 1.135977855285558
1.237993159131903 -0.4344400965516211 1.147751033317507
1.341696036753424 -0.46363980490691 1.16267522874433
1.434781864921956 -0.4910809742012913 1.17929974552765
1.514803596416011 -0.5159485746857599 1.196078921308947
1.581105429914782 -0.5375047360403199 1.211998039827392
1.634240671401305 -0.5553602696978723 1.226147416515506
1.675805062988429 -0.5696976582776228 1.23810077309091
1.707712355245336 -0.5809293438737242 1.247814881453268
1.731857448898001 -0.589561141478236 1.255481412995615
1.74993250723228 -0.5960986083171138 1.261400695792836
1.763355235870432 -0.6009957759329154 1.265897162453154
1.773263958198826 -0.6046342288894302 1.26927193982627
1.780546676948739 -0.607321144825945 1.271782533118806
1.785882232557288 -0.60929652713324 1.273638168590171
1.789782018086632 -0.6107440266765477 1.275003210247407
1.792627546447436 -0.6118021799930266 1.276003894691033
1.794701212808917 -0.6125743560381831 1.276735625976352
1.79621102134948 -0.6131371213507677 1.277269709296172
1.797309570601219 -0.6135468877956678 1.277659008910707
0.453244603444541 -0.2131640297421488 1.172796003016079
0.4544379777733935 -0.2134332449088633 1.172629419391307
0.4560777935552153 -0.213802864149081 1.172401157009298
0.4583294449931808 -0.2143097903255056 1.172088926637379
0.4614181138436464 -0.2150040546410061 1.171662892851385
0.4656502942329544 -0.2159493529673377 1.171080166603932
0.4714338983679501 -0.2172466171182813 1.17029925605869
0.4793227976057239 -0.2190036476355618 1.169244325146194
0.490043134608256 -0.2213783581542507 1.167837578215542
0.5045412488832801 -0.2245666097736889 1.165983741135819
0.5240213077189979 -0.2288092473004534 1.163579755550199
0.5499663522665337 -0.2343887677487714 1.160529869271581
0.5841195042657316 -0.2416141889445624 1.156773285466501
0.6283876129163466 -0.2507870355747134 1.15232695934734
0.6846249092067094 -0.2621438175188652 1.147338769557977
0.7542640922574152 -0.2757769315810103 1.142133867819735
0.8377774030911465 -0.2921281366661749 1.137182459954403
0.9338846933539409 -0.3122409563728968 1.133827515398355
1.039721692961035 -0.3355334812870737 1.133323549186823
1.150171669688749 -0.3605847438770718 1.13697730523354
1.260550194465841 -0.387328543144628 1.145713640377897
1.364633683424582 -0.4143083282712646 1.158797702095302
1.457971421859477 -0.4402192490181128 1.174650697082308
1.537580998934194 -0.4654010386179535 1.191713858355024
1.602985055784592 -0.4875449216430114 1.209088260994434
1.655058859036918 -0.5061969478251492 1.225277527601031
1.695524255385028 -0.521362502737763 1.239407432170442
1.726399621888439 -0.533352683134475 1.2511554648734
1.749641985504914 -0.5426292144404273 1.260577803702605
1.766966730129804 -0.5496890585872078 1.267936546285404
1.779788482906155 -0.5549960304328139 1.273572325390743
1.789228715255219 -0.5589489573220561 1.277827099774585
1.796153167019666 -0.5618734175713969 1.28100571654592
1.801218592726341 -0.5640262789122165 1.283362252978182
1.804916801873212 -0.5656053438105538 1.285099581717551
1.807613009300939 -0.5667604708723808 1.286375204714535
1.809576692374669 -0.5676038489030416 1.28730907578487
1.811005750259685 -0.5682187216624687 1.287991247045995
1.812045230884577 -0.5686665488987288 1.288488803326066
0.4528680916149795 -0.2139617752591269 1.171751377613468
0.4540615067654302 -0.2142306341323264 1.171585988333592
0.455701370713593 -0.2145997741782134 1.171359366525636
0.4579530740084147 -0.2151060624948103 1.171049386602268
0.4610417879297901 -0.215799488605142 1.170626436436799
0.4652739564381447 -0.2167437936540094 1.170048005600184
0.4710575297294378 -0.2180396321006182 1.169272773810037
0.478946204928652 -0.2197950792370743 1.168225675140362
0.4896659905715059 -0.2221680901988583 1.166829544533182
0.504162943267934 -0.2253548691318121 1.164990030354746
0.5236407722005298 -0.2295970051293414 1.162605265468859
0.5495818358443852 -0.2351784460104933 1.159581017204551
0.5837283528221419 -0.2424107891876084 1.155858428935102
0.6279862294763962 -0.251599773130622 1.151456943757585
0.684209176456711 -0.2629881339653988 1.146527651468129
0.7538306709966346 -0.2766763945125019 1.141399799812391
0.8374450827780411 -0.293135628524019 1.136562657651119
0.9336958984520071 -0.3133873058846071 1.133377431524214
1.03965898309227 -0.3368305893408071 1.133076954173386
1.149316128424148 -0.3617979759778468 1.136802193133535
1.25974302615921 -0.3886100772217178 1.145586318280494
1.363867562397922 -0.4156429852881701 1.158696635500466
1.457211051621808 -0.4415561863398739 1.17455512422807
1.536896158636622 -0.4667297053437802 1.191598537244231
1.602362074175732 -0.4888522954937977 1.208930523278185
1.654488592171466 -0.507477469514056 1.225066095054847
1.694999071449746 -0.5226158518484552 1.239140544005528
1.725912273615906 -0.5345814864641615 1.250837463639534
1.749185563934655 -0.5438373227116685 1.260215980412768
1.766534945841099 -0.5508804867150408 1.267538933570014
1.779375899895832 -0.5561744199480301 1.273146452983672
1.788830833266186 -0.5601173669296216 1.277379433383806
1.795766391956114 -0.5630343027963048 1.280541523841221
1.800840123644193 -0.5651815504231092 1.282885678252922
1.804544496449898 -0.5667564585505344 1.284613809675214
1.807245252345755 -0.5679085244649313 1.285882643574181
1.8092122772812 -0.5687496565738237 1.286811524931096
1.810643784709681 -0.5693628867503316 1.287490042029143
1.811685055347296 -0.5698095148331296 1.287984927662449
0.4523024135934811 -0.2151535205509868 1.170193707557588
0.4534958820993733 -0.2154218636364785 1.170030091392914
0.4551358080429502 -0.2157903101826532 1.16980590517262
0.4573875761020211 -0.2162956758026293 1.169499266261339
0.4604763417295868 -0.2169878902002606 1.169080894055506
0.4647084746305242 -0.2179307643591056 1.168508840309169
0.47049198278796 -0.2192245439444058 1.167742039412952
0.478380308152983 -0.2209777158353756 1.166706569202903
0.489099267585043 -0.2233483005504521 1.165326201465131
0.5035945112973342 -0.2265330154147071 1.163507955824812
0.5230690902273145 -0.2307745586041752 1.161151737766087
0.5490043792157372 -0.2363590378974045 1.158165580097392
0.5831412851718338 -0.2436018940550112 1.154493528062889
0.6273843158696943 -0.252815156266524 1.15015876365844
0.6835863245247153 -0.2642508860838055 1.145317233475854
0.7531816794791383 -0.2780218365048051 1.140304427040798
0.8369373577912816 -0.2946403715081266 1.135637159055179
0.9333905157204656 -0.3150951418288404 1.132701577167359
1.039532109508275 -0.3387589947616921 1.132699370543634
1.148068876649446 -0.3636179899274102 1.136539274214693
1.25856074359252 -0.3905341315806101 1.145398934008697
1.362740049957942 -0.4176481704745811 1.15855129322338
1.456088668867851 -0.4435690103664198 1.174419994242685
1.535879522954311 -0.4687303013320902 1.191434773794025
1.601433209864883 -0.4908210101414043 1.208703040521296
1.653635537868325 -0.509405888229077 1.224757403081858
1.694211541786943 -0.5245034536130063 1.238747778324385
1.725180146933391 -0.5364321958700071 1.250367122622404
1.748498953167867 -0.5456569154617996 1.259679090452969
1.76588471881065 -0.5526749927366004 1.266947673928944
1.77875409497793 -0.5579493121570537 1.272512252600593
1.788230824041753 -0.5618772443252866 1.276712111822206
1.795182868276209 -0.5647828584938022 1.279849083840231
1.80026893790986 -0.566921658662761 1.282174417266644
1.803982471509673 -0.568490311353159 1.283888567747185
1.806689990307572 -0.5696377704018581 1.285147081022186
1.80866198551859 -0.570475522409986 1.286068376922938
1.810097136847322 -0.5710862804353437 1.28674133873517
1.811141070671806 -0.5715311037128833 1.287232164224105
0.4514618541405291 -0.2169095337730109 1.167904730622429
0.452655385118402 -0.2171771501577332 1.167743707362641
0.4542953813209195 -0.2175446200202863 1.16752308281115
0.4565472178928126 -0.2180486870000018 1.16722132961698
0.4596360265789511 -0.2187391975258153 1.166809651995999
0.4638680689641035 -0.2196800701321427 1.1662469240925
0.4696514407351271 -0.2209709580640039 1.165492452241419
0.4775392181982455 -0.2227209574506153 1.164473987978427
0.4882569542458052 -0.225088190720854 1.163116674103713
0.5027497345629348 -0.2282701311136099 1.161329538608223
0.5222196956382823 -0.2325111024904483 1.159015086788443
0.5481468404420572 -0.2381003756160995 1.156084682412411
0.5822702251097819 -0.2453590261690496 1.152486655044336
0.62649232492068 -0.2546083332723076 1.148249741486548
0.6826645762290174 -0.2661141336681694 1.143537164258679
0.7522221175414424 -0.2800073680764013 1.138693854901562
0.8361641239561817 -0.2968555995178041 1.134275120392719
0.9328871815228976 -0.3175991832472173 1.131698748038951
1.039267492377456 -0.3415764700267772 1.132123158067902
1.146293739015368 -0.3663114941008608 1.136148205818296
1.256866079490366 -0.3933843643469045 1.145128018474137
1.361112715116001 -0.4206208992090345 1.158348404307459
1.45446255785808 -0.4465614502947022 1.174236541244789
1.534394894206102 -0.4717046318674571 1.191211385718776
1.600068709954635 -0.4937479756024766 1.208385523447775
1.652377020898039 -0.5122729543072523 1.224318672809136
1.69304608819287 -0.5273098285314061 1.238183108766992
1.724094227571282 -0.5391837035564145 1.249686061784377
1.747478837201907 -0.5483621376692316 1.258898098177854
1.764917449849628 -0.5553428935619977 1.266084998980597
1.777828238476937 -0.5605880302165648 1.271585045312215
1.787336792915198 -0.5644936203088895 1.275735119110671
1.794312944454296 -0.5673823865303412 1.278834329489251
1.799417074934952 -0.5695086152268398 1.281131365644115
1.803144028331325 -0.5710679582017864 1.28282449432915
1.805861459374638 -0.5722085607983735 1.284067488629666
1.80784074212436 -0.5730412820436019 1.284977377977508
1.809281237655832 -0.5736483605564745 1.285641985786631
1.810329078101785 -0.574090497548832 1.28612670553804
0.4502332043191762 -0.2194452007723012 1.164612399795072
0.451426791848214 -0.2197118340748772 1.164455085878862
0.4530668455071672 -0.2200779834705333 1.164239556552547
0.4553187247938188 -0.2205802963558723 1.163944792729028
0.4584075263330884 -0.2212685085021452 1.163542692209418
0.4626393579297928 -0.2222067033224571 1.162993306347806
0.468422447611316 -0.2234936964697258 1.16225647200282
0.4763093641919076 -0.2252394702461339 1.161262337723433
0.4870253173725741 -0.227602303562767 1.159938009230325
0.5015146480620284 -0.2307807584370167 1.158195393293026
0.5209782866556295 -0.2350214852351504 1.155940728524248
0.5468944159673531 -0.2406182760311601 1.153090177673054
0.5809995928002437 -0.2479002760508403 1.149598276438942
0.625193427139138 -0.2572020659183583 1.14550187449952
0.681325018794307 -0.2688094187184811 1.14097493654089
0.7508295487140139 -0.282879841850727 1.13637650960102
0.834994033883989 -0.3000485094182728 1.132313009360948
0.9320447110154876 -0.3211859096946098 1.130237138287993
1.038714482121533 -0.3455895527137265 1.131250215110391
1.143855833683439 -0.3702187504749624 1.135574229774291
1.254513129759735 -0.3975238109695858 1.144746092165934
1.358830101244859 -0.4249421484333296 1.158077534608431
1.452170261222836 -0.4509277973718055 1.174002963135571
1.532278233352945 -0.4760441404543016 1.190925548664916
1.598107414232399 -0.4980179620728303 1.207964105258724
1.650557689961058 -0.5164551749259514 1.22371989022456
1.691354502271465 -0.5314031825388299 1.237399061896873
1.722513553145394 -0.5431967416868371 1.248730395491927
1.7459908557273 -0.5523074300020596 1.257794905648438
1.763504397354328 -0.5592335624024805 1.264861137715962
1.776474155936423 -0.5644359871046272 1.270265810585379
1.786028160364488 -0.568308876821706 1.27434228531128
1.7930388083481 -0.5711729834207437 1.277385661069785
1.798168818936644 -0.5732808113573181 1.279640851063473
1.801915020849782 -0.5748265275111154 1.281302889668005
1.804646679235713 -0.5759570939784375 1.28252293061889
1.806636427164247 -0.5767824513531499 1.283415948295558
1.808084599884404 -0.5773841438052797 1.284068198956677
1.809138053789692 -0.5778223485790461 1.284543886937558
0.4484800878581573 -0.2230015384054468 1.160020038249418
0.449673686665178 -0.2232669195507993 1.159867867676346
0.4513137318522396 -0.2236313886485604 1.159659403319703
0.453565557019748 -0.2241314727586657 1.15937433084702
0.4566542074578474 -0.2248167706976687 1.158985509783467
0.4608855791674549 -0.225751616038062 1.158454625375462
0.4666680972918402 -0.227033681164407 1.157742246301428
0.4745536575820096 -0.2287742051925059 1.156781850449718
0.4852670625418552 -0.2311317022414278 1.155503267768113
0.4997517461320284 -0.2343062535482335 1.15382240686237
0.5192071718298763 -0.2385477275268119 1.151650708384224
0.5451092874875989 -0.2441561606114679 1.148911050890487
0.5791914919123899 -0.2514718717767054 1.145566716803167
0.623349532260563 -0.2608479667261199 1.141666111853439
0.6794287018660444 -0.2725982300519488 1.137398714615909
0.7488622149813201 -0.2869179656109565 1.133144280527779
0.8332451418471984 -0.3045128120287175 1.129571967970516
0.930627854574231 -0.3261547706297494 1.128162218943731
1.037587633503266 -0.3511018606089761 1.129946831643623
1.140677903447098 -0.3757248370123816 1.134747113760544
1.251393007249065 -0.4033654852505958 1.144225704695525
1.355756595073384 -0.4310468838733444 1.157738914432707
1.449156342608392 -0.4572105291753498 1.173734893448012
1.529362244232261 -0.4822039671404366 1.190596323410258
1.595374836855699 -0.5040776564737234 1.207446787875121
1.648003417160748 -0.5223890369266457 1.222950575180445
1.688967105966521 -0.5372098700254931 1.236364454344549
1.720274538602771 -0.5488885967001447 1.247449201161317
1.743877673391953 -0.5579024718517782 1.25630137891485
1.761493871574279 -0.5647505644829109 1.263193766593568
1.77454490497167 -0.5698919760606092 1.268460955991232
1.784161799304649 -0.5737181578949604 1.272431295406969
1.79122030950877 -0.5765470431467983 1.275394132735874
1.79638629456517 -0.5786285898027567 1.277588950982314
1.800159287681583 -0.5801548433661081 1.27920613005162
1.802910766780934 -0.5812710756669812 1.280393048720327
1.804915103754755 -0.5820859155658973 1.2812617185862
1.80637398392831 -0.5826799152600717 1.281896135359744
1.807435269610408 -0.5831125037316061 1.282358788203118
0.4460635469651868 -0.227790431867651 1.15388143132236
0.4472570308993094 -0.2280543533385612 1.153736092501374
0.4488968941284584 -0.228416866814123 1.153537012286703
0.4511484274445484 -0.2289143635143156 1.153264812455118
0.4542366022920804 -0.2295962904862083 1.152893629958453
0.4584670349962191 -0.2305273531063031 1.152387323397114
0.4642484369642325 -0.2318037372728348 1.151707425846202
0.472131865576316 -0.2335384025500746 1.150791848326641
0.4828417093347271 -0.2358902062653436 1.149574043159623
0.4973204312988079 -0.2390612597141422 1.147975251965652
0.5167659306511236 -0.2433056799779846 1.145913868939677
0.5426517309386572 -0.2489317289010861 1.143321799324893
0.5767076269199225 -0.2562944944235132 1.140174188043381
0.6208244817983688 -0.2657717586738456 1.136535323124239
0.6768415621244929 -0.2777150607719145 1.132616369813941
0.7461858404136538 -0.292371487635176 1.128826584629761
0.8306893651587912 -0.3104963510643355 1.125903237317807
0.9282790659182351 -0.3327281238500698 1.125325863979602
1.035407054650909 -0.3583042868562598 1.128052051108058
1.136834238668031 -0.3831747239904171 1.133584461011599
1.247514455155799 -0.4112834334836878 1.143546834296909
1.351846298578299 -0.4393318370511107 1.157354328752134
1.445285642539721 -0.4657778061744727 1.173475882625578
1.525531338730262 -0.4906144654565516 1.190282822038973
1.591728881258899 -0.5123480880230045 1.206886145732798
1.644560618063732 -0.530484771952644 1.222046753377464
1.685727485605994 -0.5451296005200952 1.235095239656348
1.717222335162693 -0.556649660729051 1.245838721445113
1.740987822706416 -0.5655298881241368 1.254396333570458
1.758738195652352 -0.5722703060825642 1.261047225977853
1.77189633141648 -0.5773275617818476 1.266123275230899
1.781596546894877 -0.5810893318006713 1.269945980799659
1.788718697936697 -0.5838696512411663 1.272796750354014
1.793932635756586 -0.5859149618952189 1.274907541990067
1.79774140230698 -0.587414382149936 1.27646227412402
1.80051937952351 -0.5885108522148612 1.277603078939838
1.8025432372463 -0.5893111921497781 1.27843784815471
1.804016453244855 -0.5898945861518495 1.279047432005704
1.805088229215571 -0.5903194316748551 1.279491933145859
0.4428878684284572 -0.2338965270340477 1.146127416955493
0.4440809767986925 -0.2341589557489396 1.145990652484889
0.4457203069142888 -0.2345194753619144 1.145803349982622
0.4479710801582435 -0.2350143467061467 1.145547306141717
0.4510581638307851 -0.2356928767899568 1.145198261193016
0.4552868235996558 -0.2366203040355436 1.14472280687714
0.4610661687215717 -0.2378910019052397 1.144083673319954
0.4689462949489735 -0.2396201753526019 1.143224354157726
0.4796512822983099 -0.2419671631894258 1.142082853977816
0.4941227678775456 -0.2451366419332504 1.14058713572367
0.5135573373680747 -0.2493880086874249 1.138664390287145
0.5394263998634874 -0.255039709535239 1.136258020031468
0.5734562517412629 -0.2624651925160701 1.133358444229162
0.6175321092932438 -0.2720732207354888 1.130050727344148
0.6734841679346947 -0.2842634492738487 1.126574969584899
0.74272565230539 -0.299350322613353 1.123380644259967
0.8270932645309008 -0.3180770287670575 1.121265057674134
0.9245408150488603 -0.3409109586659914 1.121645247500222
1.0315017262263 -0.3671174112510314 1.125416568806824
1.132649520893836 -0.3927177812761117 1.132003201555878
1.243096641364209 -0.4214479053318668 1.1427046638978
1.347231425608329 -0.4499831991696409 1.156973383292943
1.440594469784509 -0.4768023185914371 1.173307986596964
1.520804211923394 -0.5015076293827107 1.190093855185933
1.587135447767021 -0.523053743084838 1.206396067067389
1.640166103682226 -0.5409588670715354 1.221115817103759
1.681557436475499 -0.555371398297783 1.233687441270165
1.713271622531724 -0.566682517210255 1.243982610262569
1.737233066355097 -0.5753869775455369 1.252151996471567
1.755148309555684 -0.5819858972576142 1.258484034227698
1.768439507026452 -0.5869326142100342 1.263307440787115
1.778243974015503 -0.5906098053784872 1.266934875168209
1.785446127658058 -0.5933263654280874 1.269637347786525
1.790720539576629 -0.5953241095941961 1.271636913467954
1.794574520471901 -0.5967883090190381 1.273108966492199
1.79738604077605 -0.5978588407825095 1.274188707076432
1.799434636224187 -0.5986401499276013 1.274978579881387
1.800926033496709 -0.5992096243390894 1.275555272969195
1.802011121070761 -0.5996243076151611 1.275975731069527
0.4389688181830345 -0.241161019044521 1.137004509274853
0.4401611223291656 -0.2414221927035743 1.136877778580097
0.441799347372377 -0.2417810469657406 1.136704258377553
0.4440486076909312 -0.2422737484219766 1.136467120362176
0.4471336285285716 -0.24294951372388 1.136143981036608
0.4513592620015118 -0.2438743017687195 1.135704638349746
0.4571351354171989 -0.2451404436122613 1.135113204623461
0.4650103495276059 -0.2468658969124254 1.134319733290198
0.4757089329392103 -0.2492106374812013 1.133267565012601
0.4901721382299208 -0.2523823647121878 1.131892568231228
0.5095959846678495 -0.2566465637430612 1.130132325641198
0.5354508054849196 -0.2623333571528331 1.12794392793527
0.5694603751651179 -0.2698373358369638 1.125336204579859
0.6135041256150515 -0.2796033657691537 1.122419703575057
0.6693995981270517 -0.2920881954210558 1.119470778449532
0.738535446742233 -0.3076881462952065 1.116990443822734
0.8223179510548969 -0.3270216684447113 1.115809301875324
0.9189958682032942 -0.3503533369388265 1.117185027012584
1.025186116809171 -0.3770599846418984 1.121986657203824
1.128712205508404 -0.4041152989201588 1.129949979438305
1.238603325606863 -0.4336179333578248 1.14171835242867
1.342274396040599 -0.4627573204180819 1.156668491432518
1.435362718809057 -0.490036961778378 1.173339607845891
1.515410658016322 -0.5146832522274553 1.19017256513223
1.58175192014519 -0.5359930018475269 1.206143029681412
1.634932539828821 -0.5536096242922929 1.220338060092595
1.676541673450456 -0.567734237525357 1.232329932188533
1.708489279115526 -0.5787871137827311 1.242075333739603
1.732668629415585 -0.5872746907966349 1.249766622983375
1.750771651423043 -0.5936991881083086 1.255705082082391
1.764216564146637 -0.5985097316581912 1.26021620569496
1.774142540824502 -0.6020827725225198 1.26360206119115
1.781438485008564 -0.6047208398108825 1.266120962197126
1.78678407122867 -0.606660035872782 1.267982790011521
1.790691409756705 -0.6080808880967876 1.269352428186723
1.793542588537328 -0.6091194990982944 1.27035651294123
1.795620470324686 -0.6098773893809186 1.271090753383478
1.797133412063319 -0.6104297349211525 1.271626685773234
1.798234284144189 -0.6108319131629487 1.272017345719493
0.4543031533950613 -0.2109014226174308 1.17086445203786
0.4554942833446882 -0.2111760840282657 1.170696680638326
0.4571309779053765 -0.2115531632863411 1.170466804574114
0.4593782979275959 -0.2120702924309069 1.170152389640533
0.4624609722464109 -0.2127784853865251 1.169723411572752
0.4666849199876697 -0.2137427391479214 1.169137300255059
0.472457189098534 -0.2150657437142803 1.168350606371312
0.4803307093764898 -0.2168575082886519 1.167288825936901
0.4910303345419686 -0.2192787832430713 1.165873259913357
0.5055009271144664 -0.2225288661087696 1.164008346925946
0.5249450102375974 -0.2268525258165028 1.161590937197203
0.5508440449095628 -0.2325363082284618 1.158525615654512
0.5849399279674484 -0.2398926060253396 1.154752695086657
0.6291390789774631 -0.2492243286207876 1.150291440643202
0.6852965350904495 -0.260765567340902 1.145293630167297
0.7548473214639417 -0.2746006837318982 1.140090007810699
0.8382632084615408 -0.2911609574150186 1.135150997825881
0.9342667881379809 -0.3114718181441858 1.131805384744105
1.040000611166451 -0.3349287720059373 1.131305876929824
1.150357436930642 -0.3600929985218673 1.13495249037859
1.260660992966317 -0.3868836028344554 1.143643979509951
1.364696308640516 -0.4138446458971974 1.156648910884497
1.458014709727579 -0.4396839863509861 1.172399732172843
1.537636200775032 -0.4647550608041794 1.189334808627456
1.603079451873398 -0.486762100774718 1.206577681995334
1.655207297295437 -0.5052743423733118 1.222645743809876
1.695730878598583 -0.5203118378103417 1.236671929240285
1.726661336536025 -0.5321926540982036 1.2483356356832
1.74995190251535 -0.5413801409205308 1.257691809727902
1.767316669922441 -0.5483698602712184 1.264999899649231
1.780170482589187 -0.5536228926201636 1.270597559901725
1.789635754100134 -0.5575350186896884 1.274823984874921
1.796579424493705 -0.5604289904561001 1.277981695997274
1.801659411400403 -0.5625592638608018 1.280322904154813
1.805368555080315 -0.5641217001426635 1.282049041297235
1.808072920208811 -0.5652646396484726 1.283316516994932
1.810042656738521 -0.5660991136552214 1.284244467410621
1.811476198181714 -0.5667074992824506 1.28492234612205
1.812518984835269 -0.567150606372756 1.285416790412354
0.4539657501341958 -0.2116257643955246 1.169751390870492
0.4551568459368982 -0.2119001612703445 1.169584659879645
0.4567934859242805 -0.212276887765857 1.169356213231425
0.4590407168820403 -0.2127935531639009 1.169043759587828
0.4621232439770311 -0.2135011478376778 1.168617469948735
0.4663469171520559 -0.2144647392092133 1.168035102713175
0.4721188011452883 -0.2157867733884817 1.167253369100651
0.4799916192373751 -0.2175775819412512 1.166198433333741
0.4906900543058225 -0.2199980200099703 1.164792159407158
0.5051586414850797 -0.223247812616306 1.162939810943423
0.5245993961550406 -0.2275725820875784 1.160539317584678
0.5504930471815518 -0.2332604578676122 1.157496667786529
0.5845805492325818 -0.2406265587490966 1.153754014599154
0.6287673661104778 -0.2499781395776915 1.149333061655209
0.6849080516502413 -0.2615555809263804 1.144388847546251
0.7544385197232675 -0.2754512860036143 1.139256411738401
0.8379512186477088 -0.2921258316175319 1.134424589387662
0.9340960349574327 -0.3125823903979215 1.131241256558103
1.039954437593491 -0.3361959619392021 1.130940324720104
1.149519625529578 -0.3612794513224734 1.134658612840449
1.259871362413272 -0.3881401094533192 1.143400583005771
1.363947886712924 -0.4151542505008697 1.156436224528001
1.457272496828354 -0.4409946623541109 1.17219823460935
1.536969457793803 -0.4660553893169808 1.189119898259617
1.602474242786288 -0.4880388597394802 1.206326410069273
1.6546543090643 -0.5065220519508701 1.222346128486164
1.695222420035982 -0.5215304167148944 1.236321323283243
1.726190182367561 -0.5333850353999907 1.247937490990588
1.749511209658495 -0.5425504880161967 1.257252622155982
1.76690023020671 -0.5495224721324088 1.264527039193158
1.779772939188736 -0.5547616525466291 1.270098029298578
1.789252676442923 -0.558663181628095 1.274303842244081
1.79620727538121 -0.5615491660894006 1.27744589977508
1.801295434899981 -0.5636734815171552 1.279775367187838
1.805010643491533 -0.5652315066267584 1.281492776610069
1.807719484300861 -0.5663711978072702 1.28275380621952
1.809692509572623 -0.5672032887032479 1.283677017094454
1.811128461660776 -0.567809931364593 1.284351423785916
1.812173010076908 -0.5682517660254326 1.284843330007232
0.4534588648270808 -0.2127083067936747 1.168092394939409
0.4546499019219017 -0.2129823230254922 1.167927208332945
0.4562864503348835 -0.2133585422451034 1.16770088350253
0.4585335354276355 -0.2138745414165168 1.167391341170361
0.461615826833168 -0.2145812778155748 1.166969042169397
0.4658390718458814 -0.2155439257929609 1.166392232573861
0.4716103613305109 -0.216864572013914 1.165617861742494
0.4794821152425083 -0.2186540298869262 1.164573085973556
0.4901787700490631 -0.2210733133211291 1.16318060525069
0.5046443882637228 -0.2243227851953171 1.161346908755619
0.5240802532624533 -0.2286493380460198 1.158971531180056
0.5499660370831359 -0.2343434573081823 1.155962551667893
0.5840413253509934 -0.2417243212314688 1.15226487268928
0.6282101652172835 -0.2511056688968971 1.147903857407648
0.6843263092393286 -0.2627372972170097 1.143039466657601
0.753826727039989 -0.2767237110454938 1.138013267784044
0.8374743695755987 -0.293566696681979 1.133340749274338
0.9338179969650057 -0.3142362864859239 1.13039597836205
1.039852534598823 -0.3380789077887477 1.130385840924339
1.14829955560664 -0.3630586950338878 1.134218746588578
1.258715926105722 -0.3900258941665394 1.143040002452989
1.362847423664464 -0.4171210450036585 1.156124134760127
1.456177831830448 -0.4429672365235643 1.17190470198783
1.535980410118483 -0.4680126189411122 1.188807118511414
1.601572450416495 -0.4899608242954179 1.205958938992013
1.653827562007535 -0.5084004716611721 1.22190546275304
1.694460346507499 -0.5233651330878741 1.235803293124973
1.725482695919192 -0.5351804292856296 1.247347270219374
1.748848524499401 -0.5443127976722085 1.256600047580812
1.766273338682165 -0.5512581461875554 1.263823294752704
1.779174001051813 -0.5564765195456799 1.269353750036779
1.78867517216586 -0.5603621288548776 1.273528232397005
1.795645982181447 -0.563236112926896 1.276646494500624
1.800746274341546 -0.5653514762733685 1.278958113564099
1.804470491656909 -0.5669028730944996 1.280662254556072
1.80718598324444 -0.568037683106828 1.281913484128566
1.809163896929743 -0.5688661928706021 1.282829489310083
1.810603432963097 -0.5694702162894244 1.283498617252607
1.811650601009206 -0.569910138776778 1.283986664634882
0.4527056082052219 -0.2143046848924053 1.165655628585051
0.453896542157788 -0.214578169927818 1.165492700528692
0.455532933882997 -0.2149536818846563 1.165269478676466
0.4577797762379429 -0.2154687535065672 1.164964193845444
0.4608616860395874 -0.216174297507235 1.164547730676355
0.4650842605559 -0.2171356495536328 1.163979048541426
0.4708546315893488 -0.2184543754494864 1.163215444460232
0.478724782460402 -0.2202419998414971 1.162185526087379
0.4894188049990612 -0.2226597742032589 1.160813216170873
0.5038800997413866 -0.2259089986010287 1.15900679772307
0.523308927351103 -0.2302384257128751 1.156668157588315
0.5491834810225443 -0.2359419893418807 1.153708445817717
0.5832414126556097 -0.2433448172166311 1.150076619094484
0.6273847123390369 -0.2527701794739696 1.14580346854337
0.683465800375282 -0.2644817785502976 1.141056311922172
0.7529226590269655 -0.2786021154642508 1.136186559534488
0.8367475423028516 -0.2956879564344536 1.131747065976789
0.933355719887409 -0.3166605185399394 1.129145345165756
1.039625302167043 -0.3408286089599565 1.129550663293485
1.146565515024568 -0.3656913156631899 1.133568004947508
1.257061787066771 -0.3928187390868725 1.142514436434302
1.361260852673747 -0.4200360725585938 1.155675722487498
1.454593432080447 -0.4458991314325833 1.17148772775244
1.534537248899992 -0.4709217829532591 1.188363905583541
1.600248615991989 -0.4928176632557084 1.205434876327321
1.652608545455788 -0.5111926784163011 1.221272039857001
1.693333102311245 -0.5260924596485814 1.235053893096455
1.724433749060386 -0.537849370115786 1.246489498547341
1.747864297039819 -0.5469326086959211 1.255648606995186
1.765341062298741 -0.5538383991206653 1.262794956795847
1.778282424833527 -0.5590258678049885 1.268264482715328
1.787814870986191 -0.5628878297905218 1.272391863933439
1.794809370559955 -0.5657439873560517 1.275474349280689
1.799927410897048 -0.567846051823351 1.277759131148259
1.803664816290312 -0.5693876015604478 1.279443320395618
1.806390049210881 -0.5705151598303551 1.280679813064224
1.808375125588635 -0.5713383491545584 1.281584982336016
1.809819914370532 -0.5719384811196732 1.282246171884044
1.810870922572342 -0.5723755626226408 1.282728416107461
0.4516042288460052 -0.2166129162081745 1.162152398146634
0.4527949787505918 -0.2168856937225163 1.161992702229914
0.4544310982406009 -0.2172602650134091 1.161773920890325
0.4566775311723579 -0.2177741057614441 1.161474728651587
0.4597588169710623 -0.2184780727192165 1.161066616529455
0.4639803383210138 -0.219437742472464 1.160509564963592
0.469749291414525 -0.2207539445016266 1.159761366942739
0.4776170491848761 -0.2225392342217395 1.158752708329526
0.4883072433368691 -0.2249552121618342 1.157409261771867
0.5027623886121748 -0.228204524934751 1.155641879962772
0.5221813833448503 -0.2325385856879593 1.153355824552995
0.5480404469644256 -0.2382562566659491 1.150466665003899
0.582074614385257 -0.2456911844419885 1.146929222395185
0.6261829784766083 -0.2551803423123636 1.142782200047117
0.682215749217233 -0.2670075545278011 1.138203747342613
0.7516113032767309 -0.2813216124283326 1.133559932492188
0.8356461035406144 -0.2987463973297143 1.129453504765005
0.9325740276856413 -0.3201323955750267 1.127329468640566
1.039127560546337 -0.3447434556442811 1.128307272361401
1.144188411248819 -0.3695102086807989 1.132621352315057
1.254768704887539 -0.3968745686636888 1.141766136764274
1.359038366856146 -0.4242730390320687 1.155050971571683
1.452362552627428 -0.4501768884568731 1.1709170702652
1.532481603907497 -0.4751659689821666 1.187760532094177
1.598347134011631 -0.4969852038460587 1.204715067929924
1.650847298447999 -0.515265708114049 1.220392074060609
1.691697684658629 -0.5300706801463444 1.234003195904453
1.722907404953947 -0.5417422979617459 1.245278923927083
1.74642903219723 -0.5507537753064368 1.254299701076704
1.763979390377656 -0.5576017886706108 1.26133242324001
1.77697865906216 -0.5627441198169937 1.26671188577
1.786555732218716 -0.5665715439069103 1.270769628891577
1.793584102899031 -0.569401664823956 1.273799211269816
1.798727554904548 -0.5714843052334158 1.276044304986585
1.802483861413641 -0.5730114723503353 1.277698986510895
1.805223065313692 -0.5741284386018422 1.278913682773325
1.807218419491144 -0.5749438567314581 1.279802824774875
1.808670748164364 -0.5755383046363278 1.280452272298943
1.80972726999859 -0.5759712364160785 1.280925932648213
0.4500317077643625 -0.2198569218612185 1.157268317891542
0.4512221281652058 -0.220128821611926 1.157113107119738
0.4528577722148518 -0.2205022287418821 1.156900487621918
0.4551035106461235 -0.2210145519588301 1.156609749522369
0.4581837716704267 -0.2217165856532946 1.156213225031084
0.4624036401235084 -0.2226742604319923 1.155672312137755
0.46817041293269 -0.223987400978059 1.154945488687603
0.4760346444611042 -0.2257700177882594 1.153966326967275
0.4867193937283954 -0.2281842112234749 1.152662927592989
0.5011660692608172 -0.2314345023256023 1.150949713473347
0.5205718822920886 -0.2357759838890283 1.148736644671357
0.546410601960849 -0.2415143269922553 1.145945467733755
0.5804139426440525 -0.248994976899819 1.142539255230326
0.6244770953348455 -0.258573992801905 1.138567954883584
0.6804466489002979 -0.2705634722297835 1.134225307699127
0.749759514157721 -0.2851496228349346 1.129898787783236
0.8339963812865604 -0.3030257887762793 1.126253025204372
0.9312452627918011 -0.3249425075628105 1.124764378276314
1.03808092455339 -0.3501190915155494 1.126491268273919
1.141097534915517 -0.3748932628760834 1.131276310275451
1.251734209895125 -0.4025994069596167 1.140734907308141
1.356050761304964 -0.4302596842779599 1.154217788197664
1.449436095127029 -0.4563351726432869 1.170176767068985
1.529652602431161 -0.481191744018275 1.186986377079315
1.595699839540594 -0.5029009137910749 1.203779638511201
1.648375837625642 -0.521046270086882 1.219228959543853
1.689390348814377 -0.5357159074113209 1.23259544783762
1.720745799072167 -0.5472658836986207 1.243641355245253
1.744390921773823 -0.5561750672928574 1.252462973509963
1.762041996088343 -0.5629407435764038 1.259331964943304
1.775120990994514 -0.5680187599669474 1.264581586095518
1.784759753778755 -0.5717969769234369 1.268538902772878
1.791835073365041 -0.57459000456511 1.271492176699671
1.797013814894481 -0.5766449731462547 1.273680014945449
1.800796404175655 -0.5781516508945734 1.275292123321704
1.803555053351483 -0.5792535279211652 1.27647536975529
1.805564721958394 -0.5800578753832679 1.277341384986388
1.807027556798118 -0.5806442258443805 1.277973888347701
1.808091763980326 -0.5810712459655585 1.278435161511606
0.4478617268109394 -0.2242381585184907 1.150743217638416
0.4490515670307526 -0.2245090825288406 1.150593972683351
0.4506863914922644 -0.2248812014072139 1.150389548992254
0.4529309636255143 -0.2253918572517337 1.150110055313208
0.4560095559580141 -0.2260917896314115 1.149728942290581
0.4602268561593992 -0.2270474362555682 1.149209494693596
0.4659903153544837 -0.2283573160086701 1.148511094950987
0.4738494508291816 -0.2301374196053851 1.147571159477791
0.4845266811676978 -0.2325505384666063 1.146321017533972
0.4989621715897143 -0.2358036926349918 1.144679848071521
0.5183512686384749 -0.240156835869771 1.142563886390707
0.5441650248187724 -0.2459246173248029 1.139903170945248
0.5781313332729218 -0.2534680895721161 1.136671944583809
0.6221404569019698 -0.2631687472108944 1.132935568420217
0.6780332234148162 -0.2753768079307747 1.128909496328741
0.7472409957321641 -0.2903297743682183 1.125011538911784
0.8315789037328066 -0.3087688315268243 1.121974853184767
0.9290201796869886 -0.3313085087838689 1.12127988286173
1.036013552953376 -0.3571420566064221 1.123919141603377
1.137372638330339 -0.3821816323410347 1.129425535346884
1.247972470257348 -0.4103635368822697 1.139374348369247
1.352257610808606 -0.4383886943317716 1.153171281588075
1.445683166375188 -0.4647364077467379 1.16928453906422
1.525940175941916 -0.489424012863763 1.186075535471475
1.592170144531351 -0.5109798289087734 1.202657720587157
1.645045965459603 -0.5289381747592061 1.217796923978222
1.686259885466064 -0.5434210979119531 1.230826324377808
1.717799085736773 -0.5548035119198944 1.241554062546292
1.741603309495786 -0.5635719089778903 1.250099335103313
1.75938584594249 -0.5702243243233396 1.256740861762722
1.772569770956501 -0.5752138988490018 1.261809968788781
1.782290166793173 -0.5789244627253219 1.265627603194348
1.789427840213486 -0.581666498473381 1.26847470864812
1.79465356784635 -0.5836834297036518 1.270582870538782
1.798471212156017 -0.5851619444645214 1.272135725978983
1.801255828515026 -0.5862430816733304 1.273275196150156
1.803284629166974 -0.5870322130655198 1.274109018018247
1.80476151479461 -0.5876074340191609 1.274717932865274
1.805836004784989 -0.5880263289169018 1.275161960756495
0.4450052774342749 -0.2298467003115412 1.142505531161213
0.446194138437654 -0.2301167178291228 1.142363790332012
0.4478276024827628 -0.2304876517050397 1.142169675401342
0.4500702798306435 -0.2309967979482456 1.141904324523718
0.4531462324461193 -0.2316948744321205 1.141542594447273
0.4573596446530511 -0.2326490175939368 1.141050145419356
0.4631181929499931 -0.2339561556764895 1.140387487240653
0.4709701743540592 -0.2357348454373876 1.139496879840334
0.4816374031645161 -0.2381487911673832 1.138313712188226
0.4960588626697571 -0.2414081632466173 1.136763156980128
0.5154281935380706 -0.2457789647004096 1.134769382975311
0.5412139532620053 -0.2515869819440972 1.132272976544454
0.5751402581303633 -0.2592126993968596 1.129262535485422
0.6190916787167977 -0.2690695777696792 1.125823526071102
0.6749003380743414 -0.2815564524887179 1.122200252541738
0.7439847777372922 -0.2969776154303587 1.11885165154154
0.8281662620481267 -0.3160591014376815 1.11657409891637
0.9254478574192986 -0.3392402514873041 1.116792302367918
1.032261494637674 -0.3657371031033768 1.12044200339533
1.133339455280878 -0.3915288215162502 1.126983548501631
1.243703941878704 -0.4203411539982858 1.137674583282868
1.347792616030949 -0.4488499704590897 1.151954488605746
1.441142807092492 -0.4755577164219087 1.168315405416363
1.521364648008413 -0.500097499200485 1.185129571826183
1.587725778984432 -0.5214489820502197 1.201456552792305
1.640796368049639 -0.5391604010278511 1.216197577027806
1.682229913487435 -0.5533977794493371 1.228786985686593
1.713983667736431 -0.5645603100762145 1.239096687864675
1.737979565094396 -0.5731441917108002 1.247277730920665
1.755923375255795 -0.5796482800246905 1.25361894615347
1.769237468302253 -0.5845220855294805 1.258449490801636
1.779059859075148 -0.5881441198994914 1.262082410952188
1.786275810320723 -0.5908194416382131 1.264789063070174
1.791560714085567 -0.5927866138841182 1.266791789263907
1.795422606679263 -0.5942282900658943 1.26826622022389
1.798240051416373 -0.5952822999352705 1.269347741843473
1.800293065992807 -0.5960515297114359 1.270138943830755
1.801787748580145 -0.5966121941601407 1.270716627791092
1.802875270234819 -0.5970204620387327 1.271137821965235
0.4414719569492165 -0.2365523905506839 1.132819000763443
0.4426592814536189 -0.2368218100013431 1.132686070055189
0.4442906366304762 -0.2371919854991389 1.132504057494601
0.4465304238856904 -0.2377002138957024 1.132255309429641
0.4496024334923262 -0.2383972566168204 1.131916332474029
0.453810250211986 -0.2393511588109617 1.131455578696986
0.4595618571365424 -0.2406570590832858 1.130834867937926
0.4674042400427045 -0.2424366349310792 1.130002157524967
0.4780587980902566 -0.2448547257745902 1.128897601382739
0.4924636913056897 -0.248125205900571 1.127453425248972
0.5118115093988074 -0.2525210698659041 1.125603167429919
0.537569264190148 -0.258380911912436 1.123299959397926
0.5714582101136635 -0.2661076489244721 1.12054966830678
0.6153570903970182 -0.2761520564508204 1.117462348724584
0.671085851726135 -0.2889707309404488 1.114318300839643
0.7400396407039733 -0.3049492646257215 1.111628877589166
0.8236183664393397 -0.3246844830476407 1.110231439212374
0.9201116278859516 -0.3484064744008972 1.111400221680118
1.026141197844419 -0.3754396488586166 1.116043795575527
1.129579200124296 -0.4027120670776368 1.123932764875513
1.239385781135176 -0.4323068603067085 1.135687054742774
1.343011986218472 -0.4614154754397045 1.150669290131578
1.436088987651618 -0.4885680133445995 1.167405097166827
1.516149831244943 -0.5130279195852874 1.184316980687313
1.58251862472082 -0.534123184315763 1.200366697647917
1.635734515258956 -0.5515282728694026 1.214634514278246
1.677380138830659 -0.5654625226919359 1.226689141227517
1.709361522197276 -0.5763543303265491 1.23648626904155
1.733570069850091 -0.5847113942698157 1.244218844778607
1.751697206023468 -0.5910333285309856 1.250189464484121
1.7651614103515 -0.5957650509795442 1.254725226800289
1.775102488295083 -0.5992784775783909 1.25812971670597
1.782410066159155 -0.6018719761876969 1.260662581527039
1.787764512079318 -0.6037781307379633 1.262534801060359
1.791678545426338 -0.6051746383971679 1.263912135060518
1.794534747280503 -0.6061953892904572 1.264921897607875
1.796616386830123 -0.6069402203629104 1.265660315734249
1.798132128331966 -0.6074830393937473 1.266199316655809
1.799235080547186 -0.6078782794115304 1.266592226729832
0.4554143788002105 -0.208493770088831 1.169156273029905
0.4566033070165453 -0.2087738234985244 1.168986912435978
0.4582369387290863 -0.2091582873180115 1.16875487279004
0.4604800069229785 -0.2096855142219003 1.168437521439399
0.4635567946127017 -0.2104074888805869 1.168004573658393
0.467772630142168 -0.2113905439286471 1.167413629596465
0.4735337818349976 -0.212738949239023 1.166619320434358
0.4813921759697641 -0.2145650427723441 1.165548155581244
0.4920714138391826 -0.2170323119688407 1.164120392837629
0.5065148895303082 -0.22034342413024 1.162239956685664
0.5259234823957067 -0.2247469826235568 1.159803361174759
0.5517770582214723 -0.230533468214889 1.156715301102758
0.5858162507029895 -0.2380185168457213 1.152917054085307
0.6299469834819469 -0.2475062958487231 1.14843023047776
0.6860250091459983 -0.2592283990528468 1.14341084240515
0.7554875790770303 -0.2732611830257625 1.138195961310012
0.8388061746365851 -0.2900252737148614 1.133257189532973
0.9347065457103955 -0.3105276290725952 1.129909740232605
1.04033792151435 -0.3341418046642207 1.129405706058748
1.150602326431235 -0.3594119819468219 1.133038759320173
1.260831453203846 -0.3862440662307138 1.141680908386681
1.364818866388244 -0.413183077998986 1.154604330853082
1.458117900079139 -0.4389495825597146 1.170252405308866
1.537751210182833 -0.4639103162479945 1.187059802669698
1.603233726889714 -0.4857806688471913 1.204173063468209
1.655415757456696 -0.5041531321550282 1.220122549875604
1.695997683680461 -0.5190624824376976 1.234047776848547
1.726983382918346 -0.5308338024982876 1.245629705350074
1.750322279981186 -0.5399320991898388 1.25492189384086
1.767727175403301 -0.546851554456179 1.262181104646572
1.780613131301024 -0.5520505246459343 1.267742041654359
1.790103506565508 -0.5559217474637834 1.271941190082623
1.797066445001299 -0.5587851479145396 1.275078806801072
1.802161030467111 -0.5608927681884773 1.277405292947575
1.805881136732652 -0.5624385253674624 1.279120687767658
1.808593680512678 -0.5635692386932305 1.28038034709
1.810569486097517 -0.5643947793507081 1.281302619576385
1.812007522666681 -0.5649966557662983 1.281976383145063
1.813053623884304 -0.5654350262385638 1.282467844858944
0.4551160759569051 -0.2091432423608466 1.167984252375307
0.4563049118096256 -0.2094231015076836 1.167815762253848
0.4579384091217016 -0.2098073094857178 1.167584918903755
0.4601812785818375 -0.2103342062711968 1.167269209563632
0.4632577692210688 -0.211055767108421 1.166838513773228
0.4674731254935255 -0.2120384136438437 1.166250707287751
0.4732336143307771 -0.2133862017105194 1.165460561741089
0.4810909306925614 -0.2152118262978118 1.164395149355695
0.4917684743812386 -0.2176789320868275 1.162975212851151
0.506209274565334 -0.2209906836136624 1.161105392307962
0.5256136592173 -0.2253966299695277 1.158683154713489
0.5514607155068695 -0.2311889515872811 1.155614465239065
0.585490092730148 -0.2386861452535962 1.151842323504782
0.6296067330172875 -0.248196857047432 1.147390712677889
0.6856659175281438 -0.2599590604480657 1.142418946908924
0.7551058599520166 -0.2740571347703875 1.137268600775033
0.838517218865428 -0.2909411017933448 1.132429075102826
0.9345566462963085 -0.3115956120717807 1.129235615621926
1.040311048700987 -0.3353722594978953 1.128924502236537
1.149784807053319 -0.360565273326679 1.132628900361535
1.260061591347493 -0.3874699920914814 1.141324009081954
1.364089957370797 -0.4144631906806889 1.154282691004244
1.457395205403645 -0.4402308056730763 1.16994799303941
1.537103476752364 -0.4651803561416756 1.186748821476795
1.602646786346832 -0.4870260256846589 1.20383233064612
1.654880181224126 -0.5053682602570544 1.219739361099335
1.695505782372097 -0.5202473691053043 1.233618540249648
1.726528012790753 -0.5319915197304242 1.245156907071571
1.749896716651984 -0.5410669742946776 1.254411157840906
1.767325336109044 -0.5479680461261335 1.261639068669647
1.78022977382961 -0.5531526582709597 1.267175122369741
1.789734297681968 -0.5570128965330728 1.271354990246692
1.796707925549006 -0.5598680169147787 1.27447793813352
1.801810505466294 -0.5619694603950234 1.276793408074772
1.805536544999683 -0.5635106441066683 1.278500606279108
1.808253467584999 -0.5646379893589358 1.27975420775855
1.810232491193284 -0.5654610589729527 1.280672024043976
1.811672886671849 -0.5660611279641906 1.281342521995557
1.812720712049456 -0.5664981789014928 1.281831595932011
0.4546680262845237 -0.2101141743189619 1.166237838876233
0.4558567162649096 -0.2103937560089263 1.166070640563145
0.4574900024885656 -0.2107775990369284 1.165841572530311
0.4597325619058533 -0.21130402584286 1.165528299910881
0.4628085925828171 -0.2120249993405013 1.165100945966326
0.46702321433896 -0.2130070754249344 1.164517795431714
0.4727826930564198 -0.2143539944458287 1.163733828056417
0.480638383340501 -0.2161789842403689 1.16267695127927
0.4913133928749344 -0.2186459255703637 1.161268627229029
0.5057502223261503 -0.2219587236353287 1.159414558109241
0.5251484028965295 -0.2263683338877592 1.157013626501234
0.5509858961728292 -0.2321694639315905 1.153973687877818
0.5850009203873313 -0.239684868533262 1.150240311515431
0.6290969638966645 -0.2492298739174086 1.145841036454098
0.6851285254402375 -0.2610520014378164 1.14094015205746
0.7545349841627798 -0.2752477006519543 1.135886059456301
0.8380753222402622 -0.2923082948048215 1.131193979258809
0.9343101922921591 -0.3131852005320344 1.128226727120256
1.040238286618925 -0.3371993661439701 1.128197822173913
1.148595790700865 -0.3622940083112666 1.132016008492196
1.258936382945967 -0.3893089948992326 1.140793830920972
1.363019307603043 -0.4163847319196681 1.153807585797192
1.45633035097265 -0.4421581167272604 1.169500293790964
1.53614344495632 -0.467091045940382 1.186292010855643
1.601772876803389 -0.4888997912191747 1.203330676010432
1.654080014628877 -0.5071967413493061 1.219173318581417
1.69476899118153 -0.5220305170087716 1.232982549198005
1.725844634024691 -0.5337339234481471 1.244454705887096
1.749257144106404 -0.5427751140517447 1.253651280335867
1.766720752126042 -0.5496486048701217 1.260831600513345
1.779652512084573 -0.554811672349679 1.26632981732357
1.789177986542803 -0.5586554262813912 1.270480366527156
1.796167460955127 -0.561498119954677 1.273581007844358
1.801281901784922 -0.5635902927878532 1.275879725330586
1.805016749186558 -0.5651246119691209 1.277574458670635
1.807740174703538 -0.5662469017608737 1.278818847667377
1.809723978764152 -0.5670662622672363 1.279729887123924
1.811167879195525 -0.5676636182071457 1.280395418778874
1.812218266776539 -0.5680986884183823 1.280880861406283
0.4540022942232023 -0.2115468308766814 1.163673189560112
0.4551907519488688 -0.2118260299152321 1.163507880277943
0.4568237044641207 -0.2122093705984719 1.163281408264699
0.4590657779916556 -0.2127351524551092 1.162971698730713
0.462141094942575 -0.213455323799177 1.162549231212901
0.4663545925956221 -0.214436641260217 1.161972888457324
0.4721125375862805 -0.2157823879396654 1.161197953752932
0.4799657932001349 -0.2176065766388179 1.160153555863338
0.4906370550559801 -0.2200734377091317 1.158762208257336
0.5050680795722892 -0.2233879626576637 1.156931166268953
0.5244572801867858 -0.2278031648032205 1.15456138468115
0.5502810392224532 -0.2336174489117416 1.15156349204111
0.5842755514274774 -0.2411598078068524 1.147886841386043
0.6283421957176123 -0.250755383144824 1.143564236922969
0.6843341686343836 -0.2626657913729337 1.138767387296405
0.7536920240440887 -0.2770054286929446 1.133854955675486
0.8374010434158877 -0.2943206319711565 1.129378488860235
0.9338953559557085 -0.3155138159685504 1.126736244859896
1.040054725423391 -0.33986545427853 1.127109987940783
1.146908700540141 -0.3648508301849722 1.131110734042126
1.257327908804133 -0.392031317184861 1.140018259027298
1.361477739604079 -0.419231324693262 1.15311846837457
1.454790922498347 -0.4450214278588014 1.168855334759012
1.534744040688818 -0.469929687279708 1.185635589752998
1.600491096407073 -0.4916836632120738 1.202607869852451
1.652901101816151 -0.5099134506653841 1.21835415357971
1.693679906794546 -0.5246799909253229 1.232058394726751
1.724832086031997 -0.5363229650477095 1.243431064676478
1.748307821836851 -0.5453133315515724 1.252540933625299
1.765822170954808 -0.5521459085055638 1.259649693217769
1.778793681490622 -0.5572770145670204 1.265091008197131
1.788349703259778 -0.5610963128790412 1.269197462370583
1.795362317899582 -0.5639205699317025 1.272264553007681
1.800494097189321 -0.5659989881135895 1.27453807264609
1.804241829673847 -0.5675231222869441 1.276214056734398
1.806974773419561 -0.5686379110578871 1.277444588308447
1.808965577194566 -0.5694517681080645 1.278345433924401
1.810414611106009 -0.5700450984445684 1.27900349503916
1.811468752112793 -0.5704772296424014 1.279483475235755
0.4530289024123694 -0.2136205080411399 1.159986502790949
0.4542169879366203 -0.213899207329293 1.159823897362311
0.4558494102593088 -0.2142818940315286 1.159601141031353
0.4580907200716192 -0.2148068404899537 1.159296531143678
0.4611649291299081 -0.2155259811215499 1.158881056927206
0.4653767128196335 -0.2165063688256571 1.158314457003565
0.4711323436870696 -0.2178506401032346 1.157552447402698
0.4789819951638767 -0.2196739423839363 1.156525904968293
0.4896478048587942 -0.2221410134940402 1.155158846420566
0.504070524221289 -0.2254584027964352 1.153360749643583
0.5234470671634821 -0.2298820649281474 1.151035538762606
0.5492516981469532 -0.2357156872200682 1.148097827192586
0.5832178676511559 -0.2432971927505669 1.144502431846649
0.627243985704509 -0.2529658319853951 1.140289815893269
0.6831810866474706 -0.2650036129686071 1.13564258137444
0.7524703555205265 -0.2795511490883627 1.130934617065453
0.8363774937032064 -0.2972217587740444 1.126766273895579
0.9331840338953574 -0.3188467405528066 1.124576146941157
1.039621713185676 -0.3436578782460226 1.125503776690465
1.144601246392251 -0.368558457801565 1.129797297865195
1.255102527451349 -0.3959831410244246 1.138908708654516
1.35932193147249 -0.4233670253616296 1.15214515152909
1.45262661296856 -0.4491974421467632 1.167953892201504
1.532753178665969 -0.4740692154588174 1.184722479090928
1.59865190858072 -0.4957430055473416 1.201599133598628
1.651199297310324 -0.5138746753741208 1.217204083994913
1.692101082994754 -0.5285430778996468 1.23075357375444
1.72335974887762 -0.5400978812199604 1.241979330932297
1.74692436470571 -0.5490141109963604 1.250961054805137
1.764510521788796 -0.555787013663043 1.257964008317223
1.777538535469514 -0.5608715052901344 1.263321171070287
1.78713810767466 -0.564655136998923 1.267362403910326
1.794183779978844 -0.5674525059169385 1.270379864888837
1.79934036376322 -0.5695108642044784 1.272616108372868
1.803106548067874 -0.5710201444527147 1.274264354755416
1.80585313181716 -0.5721239935944891 1.275474384901315
1.807853971499821 -0.5729298242721823 1.276360148867622
1.80931036824202 -0.5735172835158864 1.277007157124679
1.810369894084675 -0.5739451283241808 1.277479055410367
0.4516388847588943 -0.2165396764014829 1.154846507437968
0.4528263732106807 -0.2168177768858197 1.154687656305131
0.4544579532649713 -0.2171996844776892 1.154470058962812
0.4566980647896342 -0.2177236448125498 1.154172529226319
0.4597705610272628 -0.2184415867527497 1.153766763510683
0.4639797523069887 -0.2194209920076908 1.153213688657617
0.4697319287811808 -0.2207636143196174 1.152469618143132
0.4775763325118507 -0.2225861972718978 1.151467855859034
0.4882343895705551 -0.2250541949639044 1.150134502494188
0.5026455764840053 -0.2283763208946837 1.148382120381442
0.5220049265772391 -0.2328125959592452 1.146118761545394
0.5477840521605999 -0.2386740057259851 1.143264599374688
0.5817129074863084 -0.2463108426822742 1.139782123036767
0.6256859066023214 -0.2560820079686122 1.135722652937621
0.6815505396265897 -0.2682981605530854 1.131284419682642
0.7507468663878293 -0.2831372318155195 1.126863448960984
0.8348407725370687 -0.30128150567728 1.123121282046417
0.9319576994644141 -0.323461536757111 1.121531860919273
1.038669462238875 -0.3488600685221601 1.123182628608972
1.141610760102802 -0.3737834001017395 1.127939252031541
1.252165599923498 -0.4015594686822414 1.137370347711386
1.356430395112441 -0.42920855776945 1.150821251491545
1.449795854582416 -0.4552095079156722 1.166746445413514
1.530017486034069 -0.4799444125950623 1.183510475781114
1.596094437103724 -0.5015031344888261 1.200254902414688
1.648813634991861 -0.5194946626564796 1.215658661538338
1.689875501738994 -0.5340231722929687 1.228986136156878
1.721276208120706 -0.5454524179267037 1.24000049838719
1.744961171273369 -0.5542631345766603 1.248797584476669
1.762645481985359 -0.5609511354462737 1.255647983049595
1.775751203200136 -0.565969319167097 1.260883765156956
1.785410913302472 -0.5697022222076762 1.264830901493433
1.792502360485623 -0.5724613508809283 1.267776749733831
1.797693356559795 -0.5744911813007059 1.269959200340324
1.801485173973689 -0.5759793378770814 1.271567415892163
1.804250724142641 -0.5770676300725145 1.272747856941017
1.806265528079684 -0.5778620467918587 1.273611853255415
1.807732174586266 -0.5784411569973156 1.27424290808687
1.808799199193565 -0.5788629063167094 1.274703140904605
0.4497199049839062 -0.2204916869358873 1.147978039706304
0.4509064461373288 -0.2207691658376738 1.147824188142648
0.4525367032800852 -0.221150274290247 1.14761346057453
0.4547749572619399 -0.22167324273728 1.147325358178132
0.4578448406792034 -0.2223900179793899 1.146932518194927
0.4620501744668696 -0.2233686847047278 1.146397449497595
0.4677972887348701 -0.2247098488223283 1.145677255173644
0.4756342336308462 -0.2265324164413998 1.144708470774806
0.4862816041595048 -0.2290028148370277 1.143419966163529
0.500677402242439 -0.2323326361693631 1.141728407869952
0.5200145321291916 -0.2367872721726252 1.139547352278699
0.5457616155731597 -0.2426873361296822 1.136804421244548
0.5796445513019488 -0.2503994905643994 1.133472465177155
0.6235527080519977 -0.2603088329134277 1.129617643116963
0.6793279359072186 -0.2727646595465191 1.125459865487043
0.7484052268789404 -0.287996082985796 1.121426371128146
0.8325820778258815 -0.3067320689804574 1.118247871934562
0.9298775103065096 -0.3295655775303684 1.117407895534603
1.036736292636438 -0.3556484950921502 1.119936871339598
1.138024538932315 -0.3808572365087884 1.125400363293692
1.248538744144072 -0.409121113372899 1.135326196095249
1.352770123237209 -0.437138983227738 1.149110823125803
1.446173875468315 -0.4634089047807119 1.165220408814073
1.526434177613424 -0.4879695140792523 1.18200414524549
1.592689280070948 -0.5093680577355431 1.198576355831074
1.645602906011221 -0.5271659356489945 1.213705826439859
1.686858696356655 -0.5415017550059881 1.226727020052729
1.71843810827307 -0.5527583466101477 1.237448436359117
1.742277843421481 -0.5614241126354779 1.245989128894662
1.760090077521089 -0.5679955462512896 1.252627460976465
1.773297932255284 -0.5729227243237444 1.257694410511717
1.783037120524464 -0.5765860200572174 1.261510617660361
1.790189288249945 -0.5792926851650388 1.264356798147769
1.795426048352535 -0.5812833806153879 1.266464370068016
1.799252014790421 -0.5827425612803072 1.268016857433031
1.802042863834972 -0.5838095144129913 1.269156103188945
1.804076310744704 -0.5845882753391505 1.26998979194818
1.805556649789838 -0.5851559338043826 1.270598633288787
1.806633696385439 -0.5855693224781825 1.271042622656848
0.4471918384545527 -0.2255673118601347 1.139303033466948
0.4483769214872461 -0.225844302288429 1.139155482791271
0.4500051615457211 -0.2262248035025338 1.138953412441546
0.4522406187894141 -0.2267470610593595 1.138677189217946
0.4553066302807752 -0.2274630870440167 1.138300634593638
0.4595063930142427 -0.2284417796433443 1.137788250719177
0.4652463127170565 -0.2297823458016721 1.137098126486944
0.4730730163657209 -0.2316064784583252 1.136170869408192
0.4837062444718659 -0.2340818635461936 1.134938829650182
0.4980825134311636 -0.2374237125667559 1.13332384041915
0.5173926752708768 -0.241904102193838 1.131246405174106
0.5431025000115828 -0.2478556007785823 1.12864359962464
0.576933810030139 -0.2556652731272412 1.125501553324946
0.6207701444854187 -0.2657511642712039 1.121905715957948
0.6764448330086652 -0.2785118762068393 1.118104679838364
0.7453807025982941 -0.2942432117379382 1.114567764604833
0.8293824986522365 -0.3136568110655016 1.112092369988868
0.9265016473202597 -0.3371674731485376 1.112113699363455
1.033167828560254 -0.3639457716169299 1.115611629605788
1.134171878298621 -0.3899311145695452 1.12208595796579
1.244446205392704 -0.4188395767935338 1.132754173713394
1.348478788678669 -0.4473451588852074 1.147042874193294
1.441804913059498 -0.473970349425833 1.163436038805608
1.522027647746993 -0.4983750746058548 1.180289866408604
1.588408417316072 -0.5195604158455553 1.196655975439165
1.641510071699815 -0.5371030000305689 1.211433169409798
1.682978492408494 -0.5511858751747087 1.224054188741037
1.714765944402 -0.5622163452997179 1.234390368904727
1.738791716136525 -0.5706925282570988 1.242592891623626
1.756760588781071 -0.5771116283518773 1.248951089527448
1.770094932861093 -0.5819199396408165 1.253794820560624
1.779933272522258 -0.5854923492125339 1.257437831234877
1.787161557835879 -0.5881305279053591 1.260152123703106
1.792455874905491 -0.590070143662508 1.262160587486421
1.796324887645065 -0.5914915082043084 1.263639302412656
1.799147677596622 -0.592530613702138 1.264724007842002
1.801204688404872 -0.5932889446227667 1.265517567896026
1.802702348021759 -0.5938416594336158 1.266096995307671
1.803792079261265 -0.5942441382716255 1.266519475021213
0.4440608408108165 -0.2316608603701297 1.129095217412829
0.4452438028365106 -0.2319377051973454 1.128955085907523
0.4468691323529589 -0.2323180740787033 1.128763208341315
0.4491005980512526 -0.2328402804194399 1.128500969911203
0.4521611610757074 -0.2335564756333114 1.128143584467637
0.4563532708623971 -0.2345365932360306 1.127657900036036
0.4620834552285741 -0.2358782657798763 1.127003154962934
0.4698967796965257 -0.2377065543460904 1.126124748814793
0.4805122599753602 -0.2401906735514014 1.12495911687321
0.4948652126145956 -0.2435500781808256 1.12343416747501
0.5141450088225292 -0.2480645764748355 1.121478595852187
0.539815431646916 -0.254080509288411 1.119040696163259
0.5735950771673011 -0.2620085358014341 1.116122527372781
0.6173615060633652 -0.2723052149585303 1.112833047477633
0.6729361342307516 -0.2854277892334607 1.109456473426916
0.7417192503244128 -0.3017533338751822 1.106515458788646
0.8251028784697669 -0.3218608126566622 1.104856411864034
0.9214161099945183 -0.3459506801546756 1.105773731985599
1.0272845983591 -0.3732998351528163 1.110220192956162
1.130628881126593 -0.4007937817715345 1.11800556459606
1.240340721946424 -0.4305002263637738 1.129728950546081
1.343908649032174 -0.4596094396490052 1.144739256946335
1.436959354665104 -0.4866731293340115 1.161546447731349
1.517018150993827 -0.5109866854393482 1.178551104404852
1.583400729612769 -0.5319050406516053 1.194697637211263
1.636639974723643 -0.5491314832350689 1.209056483448689
1.678312212332169 -0.5629027291472173 1.221190809582227
1.710319463365813 -0.5736553996912571 1.231054308248159
1.734551033633314 -0.581899062191735 1.238840217101858
1.75269755576739 -0.5881315230382573 1.244852572349703
1.766177482199607 -0.5927942955443231 1.249420394696966
1.77613099487907 -0.5962554746074344 1.252849170284738
1.783448229765259 -0.5988098608047024 1.255400247131008
1.788810078355862 -0.6006869930325951 1.257286022326972
1.792729736964827 -0.6020621049134229 1.258673392626052
1.795590179093994 -0.6030671530014734 1.259690555744474
1.79767500476652 -0.6038004997258186 1.260434415343474
1.799193129246847 -0.6043349402077363 1.260977409340834
1.800297858051935 -0.6047240779060126 1.261373244652102
0.4565651799829643 -0.205964342399928 1.167670472655654
0.4577519862751041 -0.2062497044821336 1.167499146129524
0.4593826642942574 -0.2066414375199429 1.167264426853012
0.4616216294469525 -0.2071786023449898 1.166943433552448
0.4646927323643378 -0.2079141370795886 1.16650555384854
0.468900703911285 -0.2089157380840211 1.165908415062763
0.4746511252275653 -0.2102890654229572 1.165104775148736
0.4824948724618653 -0.2121488957714725 1.164021846952005
0.4931543449587568 -0.2146613380115177 1.162578717035516
0.5075714928926568 -0.2180323441331978 1.160678581683561
0.5269455671731653 -0.222514241619102 1.158217386693349
0.5527548337571166 -0.228401311992125 1.155099718609151
0.5867386257823726 -0.2360122884575361 1.15126767462557
0.6308022902166316 -0.245652469596706 1.146745226548445
0.6868021703558618 -0.2575508987535631 1.141692907275781
0.7561775905680079 -0.2717760194059074 1.136454763408165
0.839399825834352 -0.288737736043265 1.131504455330187
0.9351981396419751 -0.3094243132675886 1.128144279561784
1.040728243250365 -0.3331881063817366 1.127626815509331
1.150901210698965 -0.3585572105721147 1.131239783249274
1.26105648761055 -0.385425780211457 1.139827983526064
1.36499615284491 -0.4123400710672343 1.152667383940104
1.458275576441362 -0.4380332205130471 1.168211993336135
1.537920312132796 -0.4628848126899912 1.18489205459395
1.603441804616081 -0.4846195807119701 1.20187752623064
1.655677798970078 -0.5028532027106649 1.217710955911991
1.696317898512106 -0.5176351549174919 1.231537871710417
1.727358706557752 -0.529297547155954 1.243040465470294
1.750745833651987 -0.5383070729006713 1.252270756750082
1.768190781209301 -0.5451565669163454 1.259482787190808
1.781108824134463 -0.5503016911460331 1.265008337144426
1.79062426196744 -0.5541321641348053 1.269181235875323
1.797606438615963 -0.5569651015517597 1.272299534441774
1.802715601138726 -0.5590501451545324 1.274611878580897
1.806446654589098 -0.5605792771534115 1.276316960834894
1.809167366034441 -0.5616978023248058 1.277569120298217
1.811149232876349 -0.5625144364148206 1.278485946998251
1.812591759040249 -0.5631098225189946 1.279155765088385
1.813641170881908 -0.5635434697870255 1.279644367987633
0.4563054584978352 -0.2065382816649225 1.166448875755176
0.4574921329955728 -0.2068234939740769 1.166278240363141
0.4591226224908166 -0.2072150326805227 1.166044471351347
0.461361314322275 -0.2077519524347788 1.165724783056298
0.4644320180794568 -0.2084871912517123 1.165288694598511
0.468639370837502 -0.2094885454152294 1.164694054801237
0.4743889379329493 -0.2108614857634774 1.163893735009276
0.4822313477452653 -0.2127211657240224 1.162815404773848
0.4928887748009583 -0.2152338905287249 1.16137855031117
0.5073027753671016 -0.2186061611117995 1.159486966303569
0.5266720133985707 -0.2230913220122847 1.1570374148975
0.5524739351158637 -0.2289854486881274 1.153935607140614
0.5864468464564013 -0.2366102522896005 1.150125228767727
0.6304950766359029 -0.2462756392339764 1.145632542106606
0.6864744854530289 -0.2582171458670762 1.140621408182224
0.7558253948016233 -0.272511284604759 1.135440576448718
0.839136701524063 -0.2895975779845269 1.130580903962219
0.9350721173125188 -0.3104421035741405 1.127365706349875
1.040723752905547 -0.334373951948123 1.127034795485316
1.150106944424318 -0.359669682710771 1.130718160093733
1.2603090747968 -0.3866141521742842 1.139361359581502
1.364289038075146 -0.413584772709577 1.152240334848556
1.457574219419925 -0.4392803363186209 1.167808168270656
1.537292932673167 -0.4641212215566022 1.184488613517221
1.60287402649826 -0.4858314537317999 1.201451124465681
1.655160130042088 -0.5040347907000473 1.217248194643056
1.695842714850854 -0.5187863378491042 1.231034211175467
1.726919010010804 -0.5304213562590812 1.24249740482
1.750335076485129 -0.5394078357944364 1.251693019151964
1.767803055103023 -0.5462387631548387 1.258876248475679
1.780739041177153 -0.5513693756784966 1.264378800846203
1.790268217406218 -0.5551887406228486 1.268533826535534
1.797260775249369 -0.5580133014161414 1.271638498606537
1.802377703021021 -0.560092094293998 1.273940594205497
1.806114520573379 -0.5616165970381405 1.275638042992033
1.808839486454376 -0.5627317124301928 1.276884556528208
1.810824480502725 -0.563545844592835 1.277797227783613
1.812269299174099 -0.5641394004438709 1.278463999433154
1.813320386884385 -0.5645717114105601 1.278950374193385
0.4559155381384439 -0.2073963378156084 1.164628890493034
0.4571020074796438 -0.2076813376559991 1.164459280302071
0.4587322045193598 -0.2080726012768779 1.164226920839305
0.4609704741948947 -0.2086091753267575 1.163909168221567
0.4640405645331238 -0.2093439991359439 1.163475736543852
0.4682469731221493 -0.2103450191855652 1.162884803121904
0.4739952426682074 -0.2117174273447416 1.162089407003622
0.481835636561542 -0.2135769387454441 1.161017895006426
0.4924900023608364 -0.2160901522271506 1.159590345513867
0.5068993246247452 -0.219464385483748 1.157711440256033
0.5262614176958931 -0.2239544944793779 1.155279152440302
0.5520525413996198 -0.2298592207357145 1.152200864062662
0.5860095077129782 -0.237504705850326 1.148422628069707
0.6300351393427578 -0.2472077261662029 1.143974134218598
0.6859844969155147 -0.2592135316580293 1.139024249079409
0.7552991204705377 -0.2736107703772198 1.133928835227437
0.8387339702963011 -0.2908805418537243 1.129203751677316
0.9348617942047776 -0.3119558494278277 1.126201330364517
1.040684763669541 -0.3361332904910956 1.126142978050708
1.14895343266903 -0.3613363099557347 1.129938377204047
1.259218126621897 -0.3883957994861193 1.138667060139921
1.363251639636195 -0.4154520606222698 1.151607337245669
1.456541926076218 -0.4411552698476663 1.167211357216056
1.536363960489646 -0.4659802120620276 1.183892984135609
1.602029373288266 -0.4876537384904483 1.200820763339359
1.654387324574958 -0.5058117236623226 1.21656255967727
1.695131488560388 -0.5205177178389931 1.230286346655149
1.726259618683957 -0.5321117127774871 1.241689582754965
1.749718179696883 -0.5410636474300288 1.25083242790521
1.76722009812273 -0.5478667404475879 1.25797183175438
1.780182590623144 -0.5529755952676615 1.263439391208942
1.789732095857835 -0.5567783043578299 1.267567222452957
1.796740032928379 -0.5595903041407809 1.270651161876222
1.801868473985017 -0.5616597234353131 1.272937664635336
1.805613842755586 -0.5631772839184975 1.274623499474141
1.808345122838753 -0.5642872857044364 1.275861423061125
1.810334759492538 -0.5650976656865812 1.276767772090824
1.811782982315951 -0.5656884766324949 1.277429908773872
1.812836558909263 -0.5661187834723903 1.277912893568859
0.4553364757101548 -0.2086627497016711 1.161956351528142
0.4565226244593611 -0.208947459675801 1.161788240114045
0.4581523665600964 -0.2093383492890118 1.161557941239213
0.4603899833384281 -0.2098744559283881 1.161243018200647
0.4634591313957718 -0.210608723892354 1.160813469941276
0.4676641036985121 -0.2116093232077852 1.160227953828626
0.473410411698027 -0.2129810412631435 1.159439753052647
0.4812477909065792 -0.2148404195278932 1.158378204040017
0.4918976252616219 -0.2173544895862798 1.156964249363975
0.5063000913249969 -0.2207317655835091 1.155103865994375
0.5256518080344404 -0.2252293137233761 1.152696797124599
0.5514273671035664 -0.2311497744143703 1.149652871990853
0.5853614659172433 -0.2388257779801791 1.145921623369315
0.6293547424290246 -0.2485841918569145 1.141537806806742
0.6852609329149695 -0.2606846010386432 1.13667773708427
0.7545228306834765 -0.2752336926207584 1.131707939955438
0.8381185727780548 -0.2927678822732658 1.127179583678337
0.9345012166904653 -0.314171355670932 1.124482537391162
1.040551812134105 -0.3386977110436618 1.124812451228929
1.147319962126516 -0.3637997771564827 1.12878716320364
1.25766136913221 -0.3910315602604964 1.137649094407327
1.361760252087462 -0.4182164985672209 1.150684592908647
1.455051635880636 -0.44393905162148 1.166345376760149
1.535011442014919 -0.4687402593007183 1.183030535550008
1.600791791669595 -0.4903593312477165 1.199906771477149
1.653249789986927 -0.5084500797206399 1.215565651479312
1.694081107385017 -0.5230885541942227 1.229195873501934
1.725283421811064 -0.5346217478091259 1.240508900829342
1.748803250249382 -0.5435224838050841 1.249572336077049
1.766354342215397 -0.5502843233157305 1.256645785347402
1.779355364741389 -0.5553609301257125 1.262060682054656
1.788934486561917 -0.559138952318018 1.266147587141882
1.795964863712747 -0.5619323340701482 1.269200325265919
1.801110122148401 -0.5639878594971763 1.271463361910825
1.804867991142024 -0.5654951297492435 1.273131718652015
1.807608506364191 -0.566597551742483 1.274356715025101
1.809604935904785 -0.5674023698904438 1.275253549613122
1.811058140941722 -0.56798911203404 1.275908710991285
1.812115360910931 -0.5684164481148732 1.276386594120415
0.4544902868125069 -0.2104967611312042 1.158114165560722
0.4556759335822657 -0.2107810994350405 1.157948199495042
0.4573049674038199 -0.2111715123046552 1.157720849975412
0.459541575184591 -0.2117070288705009 1.157409976666792
0.462609279726131 -0.2124406067427204 1.156985985842357
0.4668120797289499 -0.2134407438225693 1.15640822159868
0.4725554457665937 -0.2148116551619985 1.155630314564536
0.4803883699800184 -0.2166710744465617 1.154583016484238
0.4910316031115936 -0.2191866579180267 1.153188503690081
0.5054242240614469 -0.2225686332057221 1.151354603541065
0.5247612399145826 -0.2270772239148663 1.148983590700893
0.5505149968961895 -0.2330206399762182 1.14598880398831
0.5844173187549765 -0.2407407994063428 1.142324790838257
0.6283657698352281 -0.250579072034856 1.138033659318721
0.6842118972990927 -0.2628157768725433 1.13330263072927
0.7533992424721808 -0.2775839489257502 1.128513997863519
0.8371824029708325 -0.2954872375281544 1.124266675357533
0.9338704432379381 -0.3173388581993523 1.121993858564729
1.040193871178913 -0.3423404611648079 1.122856760432049
1.145092103754916 -0.3673696291430993 1.127118274333087
1.255512739570273 -0.3948550696600757 1.136188172953196
1.359678909506179 -0.4222299749439342 1.149371782390497
1.452960226609748 -0.4479963661063273 1.165122018778263
1.533090197127082 -0.4727623140330582 1.181816836176137
1.599018314721307 -0.4943016331168224 1.198618769198271
1.651609591666866 -0.5122941933982802 1.214155750357906
1.692559988725938 -0.526834182058824 1.227647809987919
1.723865352071858 -0.5382787407291313 1.238827439363571
1.747471192648032 -0.5471048633812716 1.247773381848686
1.765091793062265 -0.5538065933100303 1.25474922494417
1.778147525830412 -0.5588362167686578 1.260086178204307
1.787768829431133 -0.5625782737467067 1.264112507868044
1.794831233803934 -0.5653445325947609 1.267119063330531
1.800000529329109 -0.5673798176676546 1.269347365999894
1.803776283060899 -0.568872097433455 1.270989851830748
1.80653002100514 -0.5699634774609951 1.272195713268429
1.808536181472144 -0.570760193350568 1.273078464462148
1.809996526241731 -0.5713410082004908 1.273723300760243
1.811058968698559 -0.5717640165730763 1.274193632199229
0.4532826750212582 -0.2130808927826558 1.152755553942793
0.4544675382264119 -0.2133648006514716 1.152592568121525
0.4560954738815382 -0.2137546675748814 1.152369315411804
0.4583305309855409 -0.2142895210520778 1.15206406681979
0.4613960405757739 -0.2150223493310048 1.151647793683104
0.4655955898347919 -0.2160221209413697 1.151080793196263
0.4713346000203811 -0.2173922688174017 1.150317174902273
0.4791610551425053 -0.2192521996091856 1.149289654036445
0.4897948870373131 -0.221770445078072 1.147922114414694
0.504173767686966 -0.2251596094558468 1.146124946347301
0.5234906645251549 -0.2296842794041516 1.143803935646434
0.54921509244601 -0.2356603594230164 1.140877305898212
0.5830752000841307 -0.2434426330326461 1.137306628157955
0.6269644153530647 -0.2533926692921973 1.133144404754372
0.6827307132912455 -0.2658199174772255 1.12859345308936
0.7518166834322331 -0.280894916549186 1.124058896063314
0.8357728273854051 -0.2992903210802839 1.120200193507362
0.9327616248031962 -0.3217185474819411 1.118490080312653
1.039351300263808 -0.3473283590148108 1.120046871902018
1.142216732347486 -0.3723966786536283 1.124760726777891
1.252686838788862 -0.4002462055694525 1.134154059098404
1.356895124688064 -0.427894411017928 1.147567322367805
1.450234803707252 -0.4538358313094402 1.163457214381172
1.530455352098139 -0.4784663435937904 1.180177081937225
1.596556219346101 -0.4998911456038626 1.196876484211796
1.649313526495146 -0.5177435118848883 1.212239565878557
1.690418487658383 -0.5321432133555026 1.225533035699662
1.721861011402189 -0.5434616701989391 1.236520430116446
1.745583115617025 -0.5521817125347043 1.245296880755328
1.763298587271283 -0.5587980177085528 1.252131853352013
1.776429463449721 -0.5637608874573288 1.257356287561594
1.786108944631297 -0.567451853462625 1.261295159704377
1.793215646317777 -0.5701795863207568 1.26423503260075
1.798418252774304 -0.5721861233938574 1.266413180833771
1.80221882520154 -0.5736571126293635 1.268018308939291
1.804990929992899 -0.5747328104934545 1.269196538691783
1.807010616296561 -0.575518019498171 1.270058952527549
1.80848089003628 -0.5760904164087124 1.270688878359844
1.809550597746245 -0.5765072786051288 1.271148304272892
0.4516166229000266 -0.2165842279429223 1.145590246528146
0.4528002796992009 -0.2168677208130361 1.145431233862439
0.4544265368977915 -0.2172570750304316 1.145213442273559
0.4566592468994646 -0.2177913340497126 1.144915690514963
0.4597214738444392 -0.2185235493082934 1.144509701841073
0.4639162509316218 -0.2195233441835383 1.143957042371585
0.4696489466763041 -0.2208931332251686 1.143212453863299
0.4774662463424897 -0.2227545821357162 1.142211264049448
0.4880871019328132 -0.225277401667479 1.14087962157166
0.5024475283157461 -0.2286773513230393 1.139131319443217
0.5217381451192706 -0.2332247786743505 1.13687681276199
0.5474252326376411 -0.2392457414704549 1.134040849554233
0.5812326449097667 -0.2471120566014476 1.130594456895631
0.6250485848207132 -0.2572122289988267 1.126604295944882
0.680715367905285 -0.2698949988769814 1.122294734537735
0.7496707720487433 -0.2853823527518524 1.118102932127631
0.8336937644356496 -0.3043931859712861 1.114758222619324
0.9308484080562385 -0.3275017225506974 1.113748695568359
1.037574659890274 -0.3538219520204471 1.116144913622669
1.138790718801238 -0.3791971341542023 1.121547054317774
1.249214674699643 -0.4075506828593324 1.131436585281536
1.353385132975419 -0.4355778700036705 1.145201399076753
1.446758412711741 -0.461792514266235 1.161305109764103
1.527012972000452 -0.4862511612599681 1.178083253636498
1.593284735939994 -0.507516398504105 1.194650031305418
1.646228714653305 -0.525175090848022 1.209775608044043
1.687520132154674 -0.5393817004809662 1.222794593818507
1.719134715358159 -0.5505269256345454 1.233515178707598
1.743006004287186 -0.5591014035405376 1.242055971022066
1.760844892548615 -0.5656005682018623 1.248694916099536
1.774074372274494 -0.5704719397169979 1.253762705886891
1.783830627397679 -0.5740928958478292 1.25757979337457
1.790996008250347 -0.5767678462259408 1.260426796691341
1.79624285535228 -0.5787350018723878 1.262535087257699
1.800076449316656 -0.5801768279431101 1.264088178182245
1.802873022394107 -0.5812310459365271 1.26522791658461
1.804910743972858 -0.5820004945328305 1.266061999247641
1.806394265439641 -0.5825613620016125 1.266671153091663
1.807473671232985 -0.582969806339247 1.267115386050512
0.4494232202026258 -0.2210925010188325 1.13653077307283
0.4506050762078945 -0.2213757360319434 1.136376777188879
0.4522288460424929 -0.2217648033947033 1.13616588022596
0.4544581117271469 -0.2222987971355202 1.13587759155895
0.4575155804903729 -0.2230308860228319 1.135484581612211
0.4617035758566913 -0.2240315658447372 1.134950015808544
0.4674274192983822 -0.2254020075636106 1.134229424825881
0.4752322305487063 -0.2272667756392054 1.133261426183142
0.4858359096046259 -0.2297970883273421 1.131975009779559
0.5001727435866326 -0.2332126625654624 1.130288241715252
0.5194310108518682 -0.2377910142995386 1.128117451858226
0.5450738204580245 -0.2438708163401867 1.125395640312643
0.5788206438317811 -0.2518451316446573 1.122105909076358
0.6225536371407877 -0.262136366354217 1.118333255235117
0.6781066009464338 -0.2751434258877362 1.11433043116071
0.7469055204785169 -0.2911553688243887 1.110577559209845
0.8307373240723452 -0.310872498251421 1.107874204284271
0.9277005976055981 -0.3346891566035638 1.107667887628623
1.034221654559242 -0.3617350341606622 1.110985313894293
1.135149392318288 -0.3879130557096843 1.11736835654799
1.245326708396878 -0.4169305676688948 1.127996128621869
1.349292951522238 -0.4454574456623205 1.142283374618488
1.442582802549805 -0.4720320520790918 1.158705344587865
1.522793780775177 -0.4963365361904567 1.175600496390948
1.589182301887559 -0.5173890847036693 1.192010931878865
1.64230455626938 -0.5347924652618191 1.206831125062823
1.683799081510811 -0.5487457670832471 1.219490835537515
1.71561314912078 -0.5596643308634889 1.229860007132273
1.739663233944897 -0.5680486400476483 1.238089579462642
1.757652891944933 -0.5743949152174418 1.244469302580055
1.771004247825847 -0.5791469372174829 1.249329802333178
1.780856110860157 -0.582676609670415 1.252985664678184
1.788094929133901 -0.585282756741982 1.255709690910785
1.793397330163443 -0.5871985867112393 1.25772546094059
1.797272486280192 -0.5886024091310637 1.259209625317142
1.80009990605134 -0.5896286380539119 1.260298375152625
1.802160390379686 -0.5903775513920124 1.261094926090886
1.80366064575516 -0.5909233968246754 1.261676560668268
1.8047523088058 -0.5913208735335178 1.262100664952308
0.4467083031571067 -0.2265187716122915 1.125854553374638
0.4478876142298188 -0.226802089182924 1.125706482020807
0.44950789155112 -0.2271913421933658 1.125503725864177
0.4517323640722774 -0.2277257287132778 1.12522660849955
0.4547832866807618 -0.2284586107996665 1.124848915765317
0.458962128439826 -0.2294615794483384 1.124335697038668
0.4646741802772033 -0.2308344026231323 1.123643403700918
0.4724628216169025 -0.2327051303702662 1.122714523742329
0.483044979998827 -0.2352467869213091 1.121481376958217
0.4973534382927483 -0.2386837149618631 1.119867041713446
0.5165746314362957 -0.2433017193411963 1.117794752302072
0.5421692836189904 -0.2494540201548054 1.11520726348098
0.5758532668311857 -0.2575582830408246 1.112102103452611
0.6195025124116138 -0.2680765900027905 1.108586519481287
0.6749389577729472 -0.2814675653830524 1.104948352977204
0.7435665700290759 -0.2981020776871807 1.101721882977278
0.8267677156534026 -0.318545359863094 1.099763792161569
0.922909243638765 -0.3429738010274531 1.100390879155698
1.02861926000215 -0.3706226919725191 1.104603392989807
1.131866131642774 -0.3983390756506911 1.11225371585099
1.241473700276735 -0.4281760152992742 1.123922747623735
1.344969403730147 -0.4573194911220656 1.138946930975943
1.437977385337423 -0.4843372707100073 1.15581996170399
1.51801717633532 -0.5085506740636261 1.172918497048146
1.584397587417997 -0.5293364070242106 1.189167359001671
1.63764613632253 -0.546423580093711 1.203624861665106
1.679333210652833 -0.5600649715558401 1.215846951111592
1.71135681911449 -0.5707053195911782 1.225784315407054
1.735603943917991 -0.5788566463352768 1.233630006057682
1.753764108255978 -0.5850158327819988 1.239689377701444
1.767255406654483 -0.5896219193577263 1.24429343619918
1.777218096545551 -0.5930400306716812 1.247749722754464
1.784542569335976 -0.5955621189216505 1.25032146055519
1.78991003497728 -0.5974152571008848 1.252222628537027
1.793834006701759 -0.5987726671878466 1.253621401275883
1.796697727985384 -0.5997647176624133 1.254646974420482
1.798785037452157 -0.6004885564870684 1.255397018199323
1.800305032573653 -0.601016060020106 1.255944549778737
1.801411164676885 -0.601400145650294 1.256343708585214
0.4577431134977104 -0.2033358919422205 1.166393856145802
0.4589279076331348 -0.2036264594960891 1.166220230284456
0.4605557821011633 -0.2040253190125746 1.165982374694535
0.4627908487190115 -0.204572224681931 1.165657115186127
0.4658565444496923 -0.2053210467674821 1.165213452190152
0.4700569636765896 -0.2063409603600648 1.164608931380615
0.4757972176405824 -0.2077385452779971 1.16379442511618
0.4836269795844345 -0.2096313932151884 1.162697628490608
0.4942675483202981 -0.2121880170500781 1.161236325230916
0.5086594675672136 -0.2156175566040314 1.159312792992518
0.5280003876219271 -0.2201759398847719 1.156822201642715
0.5537669791745895 -0.2261611024068967 1.153668831791235
0.5876972391887088 -0.2338947207114278 1.149795463038602
0.6316958475044292 -0.2436830996891038 1.145228427681117
0.6876195887975376 -0.2557526974062493 1.14013300816428
0.7569096673364398 -0.2701641767073646 1.134860764600373
0.8400371662135554 -0.2873167365442421 1.129888177537413
0.9357351106524371 -0.3081798560280835 1.126505270900193
1.041165480948779 -0.33208550675403 1.125966064309472
1.151248189984136 -0.3575466208839744 1.129552690464629
1.26133022047839 -0.3844470675560963 1.138082378554686
1.365222178113428 -0.4113345445999256 1.150835045952303
1.458481555861161 -0.4369544942996236 1.166275118065522
1.538137037803066 -0.4616989328745712 1.182827796713143
1.603696816113824 -0.4833003141418561 1.199686454966528
1.655986123506521 -0.5013972041563299 1.215405292199607
1.696683820257753 -0.5160536073186444 1.229135470951922
1.727779252627533 -0.5276085967260503 1.240560193938163
1.751214218140132 -0.536530558547797 1.249729842290093
1.768698910641359 -0.5433110201442092 1.256895712975579
1.781648804947308 -0.5484029995188406 1.26238667810284
1.791189127435237 -0.5521932452196646 1.266533943125363
1.798190409768824 -0.5549961049146713 1.269633388479219
1.803314051372477 -0.5570588545336136 1.271931937618956
1.807055980092819 -0.5585715676509343 1.273626964049648
1.809784806569713 -0.5596780550383699 1.274871812674419
1.81177269639697 -0.5604858915343033 1.275783331946814
1.81321968433103 -0.5610748663926449 1.27644930558717
1.8142723865689 -0.5615038478568996 1.276935123331538
0.4575218671822997 -0.2038324655388091 1.165131010268672
0.4587065095401854 -0.2041228990557278 1.164957890215582
0.4603341679766664 -0.2045215862670453 1.164720730633257
0.462568923033593 -0.2050682777390696 1.164396427813171
0.4656341669676751 -0.2058168475921932 1.16395407977421
0.4698338963751919 -0.2068365712147765 1.163351398670272
0.4755731936657185 -0.2082338642676118 1.162539338939692
0.4834014793141954 -0.2101266922905894 1.161445945307234
0.4940398110304686 -0.212683790529152 1.159989311024039
0.5084283190891663 -0.2161148789769603 1.158072189212183
0.5277640406090565 -0.2206769498222883 1.155590421673677
0.5535227926329889 -0.2266698007833132 1.152449257092106
0.5874415040087188 -0.2344181804718078 1.148592916295385
0.6314237930327977 -0.2442331199666781 1.144049922626399
0.6873259277722735 -0.2563476993762921 1.138988893450428
0.756590108676963 -0.2708307552262678 1.133766273873496
0.839803429789232 -0.2881114471079416 1.12887513255428
0.9356368466414534 -0.3091373622169045 1.125627518836285
1.041187414757828 -0.3332160731866801 1.125267768447983
1.15048119216279 -0.3586075157953512 1.128923125797012
1.260609066903865 -0.385587542852442 1.137509224830991
1.364540320471438 -0.4125343371605764 1.150305285970969
1.457804564683101 -0.4381591316623751 1.165774227092005
1.53753257359326 -0.4628945770260297 1.182334027190034
1.603150307904737 -0.4844727978240457 1.199176396194253
1.655488060984169 -0.5025404655197803 1.214864917084463
1.696226705921564 -0.5171672592700142 1.228559332219677
1.727356297812982 -0.528695457127854 1.239948825195412
1.750819110925292 -0.5375947931717324 1.249087075111375
1.768325967977233 -0.5443569889592335 1.256226663574973
1.78129313476905 -0.5494346716815524 1.261696535580948
1.790846686309211 -0.5532139631097426 1.26582735111206
1.797857967784271 -0.556008556185425 1.26891422534474
1.802989090845557 -0.558065133975919 1.271203303860943
1.80673657432653 -0.5595732745657612 1.272891267859765
1.809469501407989 -0.5606763929960529 1.274130888443814
1.811460406072916 -0.5614817570622903 1.275038557510717
1.812909604377785 -0.5620689229273276 1.275701707223009
1.813963922721572 -0.5624965834685836 1.276185458934858
0.4571899264372205 -0.2045747663157821 1.163249861082701
0.4583743332064477 -0.2048650098503563 1.163077490745364
0.4600016573067406 -0.2052634534783222 1.162841362746582
0.4622359320189391 -0.2058098434448784 1.162518477787005
0.4653004824736526 -0.2065580609180108 1.162078078413044
0.4694991596861507 -0.2075775318329527 1.161478123424148
0.475237003898574 -0.2089744298444301 1.160669688242971
0.4830630629555156 -0.2108672775362192 1.159581335480484
0.4936980431921257 -0.2134251419662691 1.158131616098954
0.5080814739818728 -0.2168586057235603 1.156223986692332
0.5274095038473643 -0.2214262417321765 1.153755283981554
0.5531567132940542 -0.2274306142977052 1.150632192579572
0.5870584770711389 -0.2352010411121823 1.146801077533088
0.6310168429704315 -0.2450555973228579 1.142293735668014
0.6868872318410306 -0.2572372660175635 1.137283791568679
0.7561130606336756 -0.2718271719321375 1.132135063935187
0.839445144180545 -0.2892965060014218 1.12736479557452
0.9354684146158277 -0.3105602002459593 1.124315527871646
1.041188194177395 -0.3348917368110091 1.124217604079802
1.149369139106204 -0.3601960160765345 1.127982177652564
1.259558025603232 -0.3872964505156608 1.136655598680526
1.363541301562518 -0.4143332596501511 1.149518454337921
1.456809312671492 -0.4399692650744778 1.16503184170381
1.536638445762832 -0.4646912972329598 1.181602797512529
1.602338020082774 -0.4862348663531292 1.198420370392211
1.654745117786527 -0.5042587861409714 1.214062653027883
1.695543028587545 -0.518841239177139 1.22770253896702
1.726722456043195 -0.5303293083162469 1.239038340100475
1.75022611814546 -0.5391947504018042 1.248128754648409
1.767765608030816 -0.5459295807014568 1.255228312820249
1.780758269045047 -0.5509858427188226 1.260666063899819
1.790331380461875 -0.5547487203492736 1.264771833175945
1.797357464016555 -0.55753092621489 1.267839568149657
1.802499671515164 -0.559578255434935 1.270114228742314
1.80625538978946 -0.5610795438496018 1.271791441479539
1.808994398509835 -0.5621776136171978 1.273023103556041
1.810989775868008 -0.5629792724869607 1.273924911687815
1.812442254113645 -0.5635637273490401 1.274583762739963
1.813498970952774 -0.5639894083047329 1.275064369511661
0.4566973630304244 -0.2056703206320365 1.160487623780795
0.4578814030335646 -0.2059603053047843 1.160316348987761
0.4595082086676844 -0.2063584184265591 1.160081728314446
0.4617417422765214 -0.2069044021223896 1.159760914907082
0.4648052291503588 -0.2076521505933634 1.159323362247662
0.4690023064051008 -0.2086713134060956 1.158727389242737
0.4747379539840536 -0.210067713313482 1.157924246832577
0.4825606801404296 -0.2119606917396143 1.156843253437656
0.4931906912721067 -0.2145198036222364 1.155403626508408
0.5075666654615907 -0.2179568941895016 1.153509847556746
0.5268834983966039 -0.2225328470744388 1.151060204095519
0.5526140291465819 -0.2285542715607253 1.147963479229056
0.5864914306833696 -0.2363571758328855 1.144169183841756
0.6304154741200199 -0.2462699795886887 1.139713943857531
0.6862401878605596 -0.2585502760762965 1.134778819065295
0.755410241023466 -0.2732974496303634 1.129738654291451
0.8388963818935149 -0.2910385718051006 1.125144970086862
0.9351705460832344 -0.3126403205321873 1.122379982838008
1.041114640254649 -0.3373310198751229 1.122654360656026
1.147798007725112 -0.3625425354181721 1.126593442829643
1.258061246587956 -0.3898230277238141 1.135402296082204
1.362107589999956 -0.4169948225217965 1.148368063774133
1.455374701048458 -0.4426553066373847 1.163950059360365
1.535338329357201 -0.4673572815624507 1.180539075280378
1.60114915944361 -0.4888494245801401 1.197319689213276
1.653652589678999 -0.5068085016727851 1.21289238414288
1.694534218728681 -0.5213252640784231 1.22645010318304
1.72578485824192 -0.5327538947442678 1.237704993347663
1.749347338832138 -0.5415691377972778 1.246723333137471
1.766934055264475 -0.5482634397221908 1.253762587043731
1.77996373718834 -0.5532879779827707 1.259151955759636
1.78956531770845 -0.5570265470601399 1.263220003046067
1.796612979833501 -0.5597904075983146 1.26625891475886
1.801771364303952 -0.5618240396927162 1.268511863488222
1.80553911012353 -0.5633151799765139 1.27017288659817
1.808287006495803 -0.5644057725802467 1.271392564773727
1.81028892280562 -0.5652019439553362 1.272285547698899
1.811746197605743 -0.5657823837200024 1.272937926000046
1.812806422697327 -0.5662051328219042 1.273413797284617
0.4559782854997376 -0.2072571363925804 1.156515979961564
0.4571617540253333 -0.20754678979904 1.156346273399351
0.4587877557902181 -0.2079444830203969 1.156113810182952
0.4610201477769254 -0.2084899567804346 1.155795961423979
0.4640820088444804 -0.2092371294778206 1.155362482010321
0.4682766677845123 -0.2102559778011378 1.15477220558376
0.4740090210597565 -0.2116518279129493 1.153976631988115
0.4818268155805842 -0.2135452013749247 1.152906159210206
0.492449571107625 -0.2161063553387021 1.151480953834698
0.5068148045565085 -0.2195489418295533 1.149606957772882
0.5261157162324008 -0.2241371444448151 1.147184527784584
0.5518227941227885 -0.2301833502865611 1.144125448405146
0.5856662135532215 -0.2380331438521731 1.140383752843642
0.6295425431874186 -0.2480298104018231 1.136003059582417
0.6853035292325351 -0.2604520715004797 1.131175287894619
0.7543945912221892 -0.2754259749590238 1.126291536294027
0.8380588055933271 -0.2935464540663471 1.12194999323303
0.9346325183148323 -0.3156099059563759 1.119579252055048
1.040844435486957 -0.3407899707058746 1.120363449368034
1.145662294587257 -0.3659403947626536 1.124581126494776
1.256001244349313 -0.3934854836453836 1.133600075459916
1.360111472886115 -0.4208561441978752 1.146724287713268
1.453365566881121 -0.4465676633832087 1.162412222335762
1.533494594721577 -0.4712396014203549 1.179031555675951
1.599447849845406 -0.4926563697126188 1.1957588202331
1.652079163046854 -0.5105207709980245 1.211228887593528
1.693074873492481 -0.5249417647171183 1.224664995407134
1.724424229347272 -0.5362838065876439 1.235800030999797
1.748069146376828 -0.5450259506831441 1.244711587154059
1.765722524439595 -0.5516612499936271 1.251661498414602
1.778804707520295 -0.5566396102041262 1.256979191757473
1.788446788569796 -0.5603427981477236 1.2609913601969
1.795525214779287 -0.5630799584688305 1.26398757738239
1.800706696864963 -0.5650936561068161 1.266208366636939
1.804491633710289 -0.5665700273678574 1.26784541048741
1.807252242666139 -0.567649738254821 1.269047339029459
1.809263516995885 -0.5684379235947885 1.269927250933852
1.810727658839921 -0.5690125201310263 1.270570042437057
1.811792907917452 -0.5694310024703857 1.271038900022657
0.4549533443888918 -0.2094938045541333 1.150974766540929
0.4561359264072417 -0.209783075542468 1.150807240121126
0.4577606884481027 -0.2101802907185338 1.150577775745691
0.4599913335092733 -0.2107251976760865 1.150264047050928
0.4630507300023196 -0.2114717592404218 1.149836226879239
0.4672417741425101 -0.2124904199318188 1.149253862849339
0.4729692518510902 -0.2138858270930762 1.148468796714872
0.4807798744653777 -0.2157801558453208 1.147412922173105
0.4913922655137197 -0.2183446439720438 1.146007715654397
0.505742443338939 -0.221795447149839 1.144161135591472
0.5250214492473889 -0.2264013081728608 1.141776399097676
0.5506967909285304 -0.2324825976151783 1.138769454336292
0.5844947966216648 -0.2403981682020966 1.135100649265311
0.628307723936451 -0.2505120132901361 1.13082345890329
0.6839836263514574 -0.2631325388493117 1.126145282184325
0.7529669852429812 -0.2784237419245771 1.121480664462096
0.8367922600607841 -0.297050124805144 1.117487665626464
0.9336584393706354 -0.3197079852684625 1.115638697082211
1.040129385946299 -0.3455149533193243 1.117084363398956
1.142919683105724 -0.3707209597660701 1.121740496524811
1.253303041667913 -0.3986450525940678 1.131083895079227
1.357450523974184 -0.4263011703839027 1.144450792241738
1.450758604702408 -0.4521974649082036 1.160300053574179
1.530971632942401 -0.4767410839603593 1.17697310447678
1.597090143684318 -0.4980494790649083 1.19362701367055
1.649879892626533 -0.515778703574874 1.208950239887072
1.691023108253385 -0.5300633475053642 1.222211125737628
1.722503487420076 -0.5412822880361274 1.233173122439134
1.746259590466257 -0.5499205944404457 1.241930409005447
1.764003789011652 -0.5564721217307806 1.248751220713634
1.777157967181823 -0.5613849384688007 1.253965337617255
1.786855826753563 -0.5650379177888973 1.257896756925663
1.793976746138372 -0.5677371933062532 1.260831278158222
1.799190196322132 -0.569722608449649 1.263005595808527
1.802998959748263 -0.5711780270085329 1.264607989198861
1.805777205675885 -0.5722423006485953 1.265784269329855
1.807801472109568 -0.5730191569596763 1.26664529358962
1.809275152543187 -0.5735854643591038 1.267274232039366
1.810347382631819 -0.5739978939734401 1.26773295473399
0.4535414584564554 -0.2125280815104676 1.143560074438073
0.4547226859581028 -0.212816986017543 1.143395459317171
0.4563455658972851 -0.2132137578700292 1.143169998715222
0.4585735817208391 -0.2137581699971003 1.142861769386744
0.4616293080360646 -0.2145042642448892 1.142441500398042
0.4658150562675211 -0.2155231329279883 1.141869689683577
0.4715354742757713 -0.2169185389625455 1.141098628908412
0.4793359334329419 -0.218814885722159 1.140062199175042
0.4899339684159353 -0.2213847251250886 1.138683608741039
0.5042638113370836 -0.22484753274416 1.136873483432431
0.5235139893845571 -0.229478070584488 1.134538828446857
0.5491485711699196 -0.2356072478092052 1.131601130200061
0.5828893595547041 -0.2436114930139894 1.128029206034263
0.6266231606955903 -0.253882426260873 1.123889909101769
0.6821922242013987 -0.2667685021112515 1.119411946183577
0.7510362616554642 -0.2824857813109119 1.115042619656496
0.8349147314134355 -0.3017452670838303 1.111510529044114
0.9319358343234279 -0.3251054735948707 1.110309324816258
1.038533681370405 -0.3516463015028742 1.112551341224917
1.139677958507786 -0.3771809207865695 1.117872943539214
1.250008287536611 -0.4056284675695602 1.127710290903319
1.354111350901349 -0.4336794404414137 1.141443621003468
1.447445668054661 -0.4598604497774442 1.157534031268538
1.527685208765011 -0.4842424226588572 1.1743026301035
1.593964619602301 -0.5053995023022799 1.190862772927909
1.646930825731281 -0.5229419352758897 1.205984936910966
1.688250944725792 -0.5370389783037564 1.219003036125776
1.719895038050389 -0.5480889267225548 1.22972439040873
1.743793395448147 -0.5565848710227862 1.238266842593411
1.761655465838363 -0.5630216381137245 1.244907771395173
1.774903928555861 -0.5678447114488984 1.249977532882064
1.784675265353945 -0.5714289670713378 1.253796399342544
1.791852381559974 -0.574076398651938 1.256644920563184
1.797108222968197 -0.5760231159289091 1.258754457932251
1.800948640526312 -0.5774498685850638 1.260308548634661
1.803750348231816 -0.578493023536953 1.261449074340562
1.805791913563906 -0.5792543820553314 1.262283768609805
1.807278302970494 -0.5798093504265479 1.26289339504881
1.808359838751365 -0.5802135004380162 1.263337988963663
0.4516860561091728 -0.2164366291926129 1.13417472688429
0.4528652796754847 -0.216725310041381 1.134013797672919
0.4544853929160864 -0.2171218457104994 1.133793404855051
0.4567095775763335 -0.2176660681160629 1.133492134192812
0.4597600142773289 -0.218412151929721 1.133081415917188
0.4639382615519639 -0.21943204713342 1.132522945841037
0.4696488065656947 -0.2208284354030759 1.131769575489035
0.4774353954127048 -0.2227285712912062 1.130757685200025
0.4880143629788666 -0.2253066758194917 1.129412648026783
0.5023180382294163 -0.2287863812038075 1.127648424997724
0.5215323834186096 -0.2334499380949094 1.125376763495448
0.5471180253144429 -0.2396413577095078 1.122526119226716
0.5807920870117631 -0.2477590107574639 1.119076074455674
0.6244350501825338 -0.2582293160953477 1.115110732871302
0.6798804953975336 -0.2714518903274118 1.110886742276384
0.748556441560302 -0.2877106949162498 1.106895117577907
0.8322306157205119 -0.3076977628414954 1.103938184778057
0.9290473840950789 -0.3317912769716627 1.103476929800048
1.035428328953596 -0.3590850612877445 1.106586806513444
1.136279655987302 -0.3854494721004615 1.112853840342782
1.24635476855812 -0.4145847719899592 1.123420412673867
1.350245352905028 -0.4431549162218845 1.137690638899858
1.443486980466334 -0.4697100351555744 1.154131183775933
1.523673265923876 -0.4939496792771577 1.171061932499085
1.590056996991346 -0.5149044617554179 1.187514455411365
1.643188569119566 -0.5322004788645885 1.202377609386526
1.684699597000692 -0.54605144529086 1.215077136946872
1.716532440184097 -0.5568803954295862 1.225480886138644
1.740600631370994 -0.5651904960405127 1.233739139777255
1.758606272743871 -0.5714776166712482 1.240141861985987
1.77197098768288 -0.5761837475525132 1.245020366800942
1.781833630053439 -0.5796784929273258 1.24869007307586
1.789080938787173 -0.5822584205601304 1.251424606113705
1.794389913576972 -0.5841547614201141 1.253448272793324
1.798270101929374 -0.5855442025541951 1.254938331224611
1.801101336865297 -0.5865598720604448 1.256031457007914
1.803164699039559 -0.5873010619419349 1.256831244376625
1.804667115411697 -0.5878412744003716 1.257415267011978
1.805760393377588 -0.5882346501465128 1.257841128664555
0.4493942524255947 -0.2211473459441451 1.123096719429127
0.4505706710584171 -0.2214361086227946 1.122940160330129
0.4521869341352556 -0.221832833624102 1.122725774217878
0.4544058303103791 -0.2223774615809138 1.122432748461903
0.4574490399786439 -0.2231243718247247 1.122033340327768
0.4616172103111298 -0.2241465831882517 1.121490657713825
0.4673146555841392 -0.2255455551314364 1.120758204516579
0.4750832999247087 -0.2274519581744443 1.119775298011154
0.4856383162678169 -0.2300419954707852 1.118469838987056
0.4999103031090752 -0.2335441458577422 1.116759681990982
0.5190830929493464 -0.238249316632681 1.114562115762518
0.5446145863304664 -0.2445166406063276 1.111813785623848
0.5782179430535601 -0.2527699295648413 1.108507065388405
0.6217671003237598 -0.263476379107457 1.104746889347938
0.6770836359810721 -0.2770965704868546 1.100824279253831
0.7455737478455222 -0.2939973447233518 1.097285067732425
0.8286082838379806 -0.3147343226104222 1.094996751247211
0.924589905225899 -0.3394656239824532 1.095299853375884
1.030147419439538 -0.3673913715174223 1.099244362138761
1.133296083294515 -0.3953250547962977 1.106727954249799
1.242791945834268 -0.4253067516105883 1.11831569905953
1.346202652864794 -0.4545156227449473 1.133333196488999
1.439151786855645 -0.4815300325762224 1.150258164928351
1.519155236285067 -0.5056908713162496 1.167442444993536
1.585516708278073 -0.5263908806603159 1.183789913738266
1.638759497621543 -0.5433813201609401 1.198345212217451
1.680448604140938 -0.5569291983041411 1.210655796043664
1.712478124040513 -0.5674869461921186 1.220668468157422
1.736732538653297 -0.5755694813076137 1.228575560605329
1.754899953661537 -0.5816736102505113 1.23468347203995
1.768397763483754 -0.5862368666405856 1.239325073076547
1.778365979868219 -0.5896223172979405 1.242809933606768
1.785694973395961 -0.5921198530316186 1.2454031681633
1.791066047136777 -0.5939547233881362 1.247320371340238
1.794992853863484 -0.5952986445481481 1.24873103253031
1.797858770587112 -0.5962807859987758 1.249765379310577
1.799947771376075 -0.5969973753482023 1.250521877317274
1.801469058709265 -0.5975195903097725 1.251074145829966
1.802576172480542 -0.5978998253774428 1.251476774710071
0.4589368416107802 -0.2006299881157443 1.165311606138456
0.4601197569656894 -0.2009256393752887 1.165135405006185
0.4617450102759813 -0.201331457295826 1.164894035175353
0.4639764269342859 -0.2018878719546872 1.164563992895714
0.4670370529001843 -0.2026496614116477 1.164113842170843
0.4712303533262618 -0.2036875023320953 1.163500937750693
0.4769610710300458 -0.2051086809449829 1.162674313640114
0.4847776545245971 -0.2070337101770526 1.161561906370609
0.4954003724581255 -0.2096333682675264 1.160080106626478
0.5097684105748846 -0.2131198752846567 1.158130114627158
0.5290778572051006 -0.2177526248654071 1.155606149991602
0.5548038009613965 -0.2238330493539421 1.152412018987323
0.5886828705146642 -0.2316856081861158 1.148491061258878
0.6326189828193173 -0.2416174898480163 1.14387195366349
0.6884691974642255 -0.2538525487180787 1.138724894117391
0.7576763761472503 -0.2684438330453116 1.133409369773794
0.8407113688882841 -0.2857799167659282 1.128405310112471
0.9363111277343756 -0.3068115190760632 1.124991059945103
1.041643667427956 -0.3308511054745879 1.124422841226239
1.151637528697706 -0.3563973847940065 1.12797751415935
1.261646948211729 -0.383325588117334 1.136444369221577
1.365491099673315 -0.4101849924363902 1.149107423750164
1.458729750787871 -0.4357328966671407 1.164441482671909
1.538394908185579 -0.4603734307698101 1.180866243572602
1.60399168091496 -0.4818454598012483 1.197597597848679
1.656332977775975 -0.4998097342031165 1.213201390711121
1.69708704579078 -0.5143443459570234 1.22683442380691
1.728236042838441 -0.525795127264424 1.238180918459195
1.751717974525572 -0.5346321149555662 1.247289621799856
1.769241718759841 -0.5413455757301944 1.254409085644532
1.782222927292219 -0.5463859679537758 1.259865269019517
1.791787725725812 -0.5501371617692028 1.263986746653015
1.798807806949253 -0.5529108203444999 1.26706722067816
1.803945699495245 -0.5549519246092917 1.269351885140052
1.807698335038539 -0.5564486959378488 1.271036788236291
1.810435152775146 -0.5575434950785183 1.272274275603278
1.812428975009904 -0.5583427891924265 1.273180449938483
1.81388035859086 -0.5589255387839773 1.273842551288103
1.814936303024338 -0.5593499898351803 1.274325563307939
0.4587542384827311 -0.2010464818794226 1.164014933453218
0.459937000469987 -0.2013419872551789 1.163839051447019
0.4615620354174411 -0.2017476170202858 1.163598121493082
0.4637931366628723 -0.2023037963919125 1.163268684974917
0.4668533050174521 -0.2030653061102224 1.16281936927041
0.4710459085910546 -0.2041029152867744 1.162207641126437
0.4767756522800981 -0.20552376565697 1.161382581590842
0.4845907351600757 -0.207448725004741 1.160272371695272
0.4952111761735787 -0.2100488054628219 1.158793618790546
0.5095757372972198 -0.2135368187460474 1.156847872899432
0.528879876772175 -0.2181732463279413 1.154329876780561
0.5545978032152425 -0.2242614255700583 1.151144241353637
0.5884650391264159 -0.2321289590796844 1.147235589309264
0.6323843903370617 -0.2420878678684861 1.142634673019657
0.6882123481382044 -0.2543687698822767 1.137515010219401
0.7573927350962363 -0.2690330449670034 1.132241129203707
0.8405107488866688 -0.2864996834585099 1.127308916232959
0.9362446884710192 -0.3076979756262402 1.124019742155456
1.041696270760788 -0.3319150225468052 1.123623242327117
1.150902035851482 -0.3573952059596489 1.12724427903472
1.260956100900916 -0.3844070419324632 1.135768269057963
1.364838207933135 -0.411329560141568 1.14847791657898
1.458080400410678 -0.4368858488212288 1.163845971476151
1.537816163513432 -0.4615203377155961 1.180284189896603
1.603468789275389 -0.4829718081169401 1.197005645427368
1.655856456045698 -0.5009090432781219 1.212584978345168
1.696649583996476 -0.5154158045003675 1.226187264098053
1.727831126051193 -0.5268411686120859 1.237502624635344
1.751339586273914 -0.5356565812355187 1.24658316267629
1.768884452601668 -0.5423525665260258 1.253678835724876
1.781882129039283 -0.5473792505639261 1.259115813780765
1.791459546522542 -0.5511199250176009 1.263222255322816
1.798489169864061 -0.5538856366210664 1.266291207354669
1.803634204614282 -0.5559208031804548 1.268567175216651
1.807392144747094 -0.5574131730553098 1.270245584456176
1.810132879307818 -0.5585047279753642 1.271478260087059
1.812129582099587 -0.559301640572571 1.272380888429597
1.813583077913998 -0.5598826472894461 1.273040387688299
1.814640567023234 -0.5603058255123085 1.273521495331664
0.4584804940068598 -0.2016689226488363 1.162083772088871
0.4596630173498736 -0.201964219518781 1.161908362190956
0.4612877135537223 -0.2023695808886114 1.161668082924517
0.4635183274499083 -0.2029254256953145 1.161339542371202
0.4665777919572889 -0.2036865398148945 1.160891461521038
0.4707693305682669 -0.2047238310282454 1.160281472692486
0.4764975923441802 -0.2061442279849333 1.159458725629708
0.4843104084860688 -0.2080691269470984 1.158351762708272
0.4949274335984393 -0.2106698885170026 1.156877510417042
0.5092868132948061 -0.214160203467704 1.154938034533526
0.5285830921256102 -0.2188021684209451 1.152428849981476
0.554289203332071 -0.2249019499905413 1.149255758076702
0.5881390595100083 -0.2327918242373972 1.145365286442962
0.6320338234863688 -0.2427910124709402 1.14079128297964
0.6878290637861194 -0.2551402434428094 1.135712241641791
0.7569697674509361 -0.2699134167029997 1.130500286072786
0.8402024325007179 -0.2875721763521573 1.125674614997359
0.9361241777201637 -0.3090138258914475 1.122568558677725
1.041743120040802 -0.3334900293349342 1.122422193199671
1.149837734928132 -0.3588884056209312 1.126148575862979
1.259950983983348 -0.3860265841810359 1.13476069529048
1.363883088945648 -0.41304468903862 1.147541700435474
1.457127070582402 -0.4386173974010974 1.162961683488323
1.536961065998958 -0.4632428328676804 1.179420428165562
1.602692376610071 -0.4846635245185139 1.196126599789203
1.655146275393204 -0.5025602774436742 1.211668447656691
1.695995836563889 -0.5170253390743074 1.225223723320759
1.727224790371117 -0.5284126442655618 1.236491544437384
1.750772117787295 -0.5371957489190046 1.245529111195274
1.768348049646119 -0.5438655637767301 1.252588506577696
1.781370009945835 -0.5488717181239111 1.257996209641025
1.790966069225089 -0.5525966379562263 1.262079737070719
1.798009806555491 -0.5553504471964782 1.265131133238394
1.803165414818731 -0.5573767205091575 1.267393851784925
1.806931212896137 -0.5588624979524395 1.269062368409396
1.809677752209953 -0.559949193658826 1.270287714343518
1.811678725354649 -0.5607425391671681 1.27118494131182
1.813135353218438 -0.5613209353416214 1.271840477063949
1.814195133168089 -0.5617422070624282 1.272318684014245
0.4580747006660987 -0.2025874027920918 1.159248396587242
0.4592568512639358 -0.2028824117015585 1.159073675670775
0.4608810204941981 -0.2032874035340319 1.158834345870087
0.4631108802327336 -0.2038427899817579 1.158507112449402
0.4661692621880245 -0.2046033668160217 1.15806083269426
0.4703591770370811 -0.2056402476172881 1.157453380160717
0.4760851931301268 -0.2070600519167814 1.156634003255335
0.4838946085654012 -0.2089849522919177 1.155531770416865
0.4945065585157669 -0.2115868207754327 1.154064070758843
0.5088583141999417 -0.215080633915728 1.152133718417653
0.5281431303486119 -0.2197308483588176 1.14963735001399
0.5538321421265816 -0.2258477662865987 1.146482500942064
0.5876569796651432 -0.2337705057763181 1.142618486502064
0.6315164249022541 -0.2438288598310496 1.138083711505693
0.6872645457138136 -0.2562784694746605 1.133064043942101
0.7563475065595385 -0.2712118299048795 1.127942939593129
0.8397283816953706 -0.2891472764219426 1.12327279370193
0.9358978448284678 -0.3109347871860915 1.120428737281331
1.041738196750317 -0.3357790764142525 1.12063728348822
1.148338174191728 -0.3610925927348887 1.12453181006608
1.258523020901757 -0.3884193906173574 1.13328001563508
1.362515172436359 -0.4155805383532748 1.146170243078715
1.455755328775788 -0.4411852622771075 1.16166952234416
1.535719532913876 -0.4657969934688935 1.178159956499135
1.601557434355669 -0.4871719474131473 1.194843120791217
1.654103063804476 -0.5050086822711704 1.210328285761294
1.695032151645784 -0.5194119724647431 1.223812519006017
1.726328726928696 -0.5307429209695959 1.235008554750989
1.749931933913091 -0.5394781941427019 1.243981274966791
1.767552765923605 -0.5461092681627272 1.250985950447778
1.780609949196151 -0.5510850335269883 1.25634951066793
1.790233112978495 -0.5547866334024981 1.260398494768998
1.797297405646913 -0.5575228250879833 1.263423429600479
1.80246843082695 -0.5595359349700362 1.265666180211361
1.806245695686361 -0.5610119545994825 1.267319788968515
1.809000710550644 -0.5620914579286226 1.268534089881272
1.81100792143686 -0.5628795236004006 1.269423177921401
1.812469125674006 -0.5634540557609162 1.270072741479519
1.813532253579435 -0.5638725055533246 1.27054657775725
0.4574830603166467 -0.2039176129930217 1.155171463062004
0.458664627779704 -0.2042122448100779 1.154997728050695
0.4602879767253568 -0.2046167551753977 1.154759756622308
0.4625166703640848 -0.205171549376328 1.154434392786436
0.4655733914816254 -0.2059314421948287 1.153990688185489
0.4697608432820183 -0.2069678478759087 1.153386860549379
0.4754834804776366 -0.2083869481795727 1.152572296700627
0.4832878480456854 -0.2103120334911652 1.151476814509878
0.4938923653211332 -0.212915710297071 1.150018458503154
0.5082331079577349 -0.2164147934871302 1.148101103944774
0.5275015812860951 -0.2210771088391484 1.145622979853702
0.5531664879557748 -0.2272188650123906 1.142494091917273
0.586956346031311 -0.2351889729159108 1.138667750155468
0.6307665888344964 -0.2453324164979691 1.134188940413211
0.6864488517155417 -0.2579263980381777 1.129254273424182
0.7554499465301534 -0.2730905573878226 1.124263863175573
0.8390009798110645 -0.2914120726571339 1.119815622757455
0.9354652350270585 -0.3136718543623557 1.117334093963233
1.041568999943878 -0.3390177233755864 1.118027209409713
1.14630789326589 -0.3642815421226931 1.122189846866742
1.256564385340648 -0.3918850164010658 1.131148042895765
1.360616006439207 -0.4192564341959143 1.144205031474111
1.453838879731744 -0.4449228328847539 1.159825043971847
1.533962283081709 -0.4695135855386519 1.176365135717925
1.599935866545811 -0.4908213562589468 1.193014972034408
1.652602719483028 -0.5085704123668361 1.208416152834867
1.693639812592443 -0.5228836475992564 1.221794917823892
1.725029890226212 -0.5341325179404647 1.232884383140497
1.748711259337307 -0.5427981678020695 1.241760866151211
1.766395365121507 -0.5493728694068535 1.248684360901355
1.779502428550111 -0.5543044241206186 1.25398244997374
1.789164101932865 -0.5579721019059578 1.25798021134039
1.796257664867353 -0.560682668530412 1.260965913807292
1.801450677515403 -0.5626766329714699 1.263179062537893
1.805244314033855 -0.5641384609312936 1.264810572524629
1.808011439168671 -0.5652075039681012 1.266008501623954
1.810027567727928 -0.5659878909787045 1.266885525956819
1.811495317071979 -0.5665568035964094 1.267526237537923
1.812563234549964 -0.5669711493999335 1.26799359571649
0.4566411579925268 -0.2057926664156451 1.149482039678
0.4578218168556281 -0.2060868438980493 1.149309676703844
0.4594438951913957 -0.2064907794282319 1.14907359510908
0.4616707968281302 -0.207044877170597 1.148750831369647
0.4647249895981997 -0.2078039877678373 1.148310706265543
0.4689087439105148 -0.2088399547418258 1.147711914186461
0.4746263601456002 -0.2102583608076979 1.14690402996061
0.4824233568795631 -0.2121840605954162 1.145817906867406
0.4930172138300049 -0.2147906833167202 1.144372488522468
0.5073424571940879 -0.2182975886583944 1.142473106772768
0.5265883553553574 -0.2229772556707077 1.14002017909078
0.5522205157132929 -0.229154054661534 1.136927120739474
0.5859634510616031 -0.2371904672868241 1.133152797448463
0.6297080853877378 -0.2474526420503568 1.128751440935314
0.6853021614459192 -0.2602480737791872 1.123934927000469
0.7541914201191189 -0.2757350275953254 1.119127318025073
0.837893602137473 -0.2945713060474886 1.114985624621545
0.9346435773146412 -0.3174391493695073 1.112982462227886
1.041000015042586 -0.3434279780581854 1.114301662115754
1.143716634457673 -0.3687632476491319 1.118885631971307
1.254011739071561 -0.396762244258524 1.128166115358447
1.358094366929186 -0.4244347771001872 1.141475946455835
1.45136504408814 -0.4503005020037061 1.157276541538008
1.531563892530404 -0.474775402440168 1.173897130813013
1.597693305560053 -0.4959862615823372 1.19050144630124
1.650509254215925 -0.513610016673796 1.205781935211203
1.691685303963576 -0.5277950170943622 1.219008250172498
1.723199049209108 -0.5389272220811517 1.229943490383385
1.746985560564738 -0.5474940107441176 1.238680683280086
1.764755687698866 -0.5539887162749569 1.245486695709076
1.777931028049403 -0.5588575575465614 1.250690052931645
1.787645652443514 -0.56247712860549 1.254613710461555
1.794779585236692 -0.5651513610304805 1.257542662449375
1.800002986988777 -0.5671181818506509 1.259712995214355
1.803819284098926 -0.5685598909715405 1.261312543790011
1.806603188780157 -0.5696141056999169 1.262486795380816
1.808631682385726 -0.5703836079592558 1.263346373311439
1.810108511787549 -0.5709445548420955 1.263974283393364
1.811183076338418 -0.5713530832967539 1.26443227322986
0.4554838087851569 -0.208336987735103 1.141865185192585
0.4566630735037769 -0.2086306876508544 1.141694659859162
0.4582832145919061 -0.2090340300758096 1.141461108419922
0.4605074077021973 -0.2095874319402797 1.14114182402778
0.4635578189836535 -0.2103458089911467 1.140706485505077
0.4677361312081272 -0.2113815978746093 1.140114421078553
0.4734464448243567 -0.2127995996356819 1.13931545021968
0.4812329463534091 -0.2147267732339035 1.138241798013959
0.4918119632605119 -0.2173381133491708 1.136813588708839
0.5061161612159952 -0.2208563499163562 1.134938067319822
0.5253321839191376 -0.2255601037671452 1.132518528906129
0.5509220411816054 -0.231784521986318 1.129472895474106
0.5846055086515912 -0.2399100716512132 1.125767446897838
0.6282678014511591 -0.2503311498240686 1.121468913167077
0.6837506087588635 -0.2633961307814944 1.116810102549525
0.7524947482242954 -0.2793162687013739 1.112248399771307
0.8362391877209102 -0.2987967847929935 1.108511885952676
0.9331352601138854 -0.3223835188547414 1.107100270208243
1.039610109903096 -0.3491261839809512 1.109168686449846
1.140684167383813 -0.3748111291209036 1.114390880532366
1.250918419635487 -0.4033552155812387 1.124158715259356
1.354948222222663 -0.4314432169170788 1.137845925907052
1.448235388324743 -0.4576116250198411 1.153911685583219
1.528450635128866 -0.4819422971357339 1.170662496521488
1.594728392924838 -0.5030172379061064 1.187210048686338
1.647708270407947 -0.5204676102453797 1.202324651822219
1.689049694644956 -0.5344761100593177 1.215339040633413
1.720717191652529 -0.5454481742012314 1.226059263265468
1.744637744561389 -0.5538794722439995 1.234602097356338
1.76251920521524 -0.5602646471068711 1.241244148073434
1.77578375446529 -0.5650476732686069 1.246315294471481
1.78556799041211 -0.5686014431074774 1.25013553670357
1.792755213802793 -0.5712259902733471 1.252985295947607
1.798018843713873 -0.5731557001921217 1.255095884101459
1.801865196620362 -0.5745699061471 1.256650836204303
1.804671387162074 -0.5756038517289268 1.257792050887712
1.806716319334948 -0.5763584762288481 1.258627286592999
1.808205228435747 -0.576908535559217 1.259237335285309
1.809288640279647 -0.5773091130633652 1.259682253943511
0.4539666866282786 -0.2116160682802321 1.132215715093636
0.4551438819783698 -0.2119093788194089 1.132047528662118
0.4567611655398893 -0.2123122612098674 1.131817195925784
0.4589813981395059 -0.2128651722890748 1.131502334972428
0.4620263390243272 -0.213623138864416 1.131073076409182
0.4661969103492926 -0.2146593807673227 1.130489547310559
0.4718969680268582 -0.2160777413789922 1.129701868464611
0.4796690759191975 -0.2180078663426197 1.128643985118176
0.4902282718893165 -0.2206264762227433 1.127237486098645
0.5045052127533214 -0.2241605138015063 1.125391988865916
0.5236838245550878 -0.2288962391028523 1.123014359818064
0.5492224633006064 -0.2351822045443734 1.120028148656603
0.582835952312879 -0.2434213500596752 1.116409001660041
0.6264028657979205 -0.2540436850165421 1.11223968662549
0.681755937013895 -0.2674498383654791 1.107780339502209
0.7503241440703794 -0.2839201874458112 1.103532609483428
0.8338546436867349 -0.3041414386173149 1.100301628002266
0.9305360997166288 -0.3284798826923562 1.099562306548736
1.036783875315237 -0.355998610822186 1.102439994927842
1.137560522822267 -0.3825396233218225 1.108566437004081
1.247529820894119 -0.4117982368343212 1.11904886951778
1.351336615013397 -0.4404310754093133 1.133282355376033
1.444518842778436 -0.4669961082611052 1.149725835763724
1.524667874181999 -0.4912055445691552 1.166680568822074
1.591034297141064 -0.5120977499620563 1.18316680676324
1.64416371870441 -0.5293189627680013 1.198067115198158
1.685681365134323 -0.5430957959461987 1.210802532775716
1.717524840805336 -0.5538584230560735 1.221238238154203
1.741604649917794 -0.5621128930702819 1.229523428289632
1.759621231040636 -0.5683553058093324 1.235947985490635
1.772995455211344 -0.5730265736644669 1.240843711245187
1.782865977462527 -0.5764946971066073 1.244526728171184
1.790119614343301 -0.5790545982682834 1.247271401340368
1.79543356184204 -0.5809360349379343 1.249302710023427
1.799317603164057 -0.5823144714542104 1.250798484073164
1.802151787978189 -0.5833220589298902 1.251895859796662
1.804217394872614 -0.5840573378816615 1.252698794169355
1.80572150991737 -0.5845932408250477 1.253285141021261
1.806816065686289 -0.5849834805790779 1.253712714303579
0.4520980172025149 -0.2155713878609044 1.120811706672358
0.4532723104207271 -0.2158645479169499 1.120646316243834
0.4548856090257122 -0.2162673053161902 1.120419828974751
0.4571003622408799 -0.2168201984424234 1.120110248955909
0.4601378097629261 -0.2175784269784188 1.119688241344656
0.4642979474444072 -0.2186161838329851 1.119114876107482
0.4699843512050305 -0.2200362267503836 1.118340623005715
0.4777377550135252 -0.2219714116678728 1.117301443976547
0.4882719138238589 -0.2246004963834481 1.115920624974504
0.5025156101506281 -0.2281553258240646 1.114110528349388
0.5216504378103132 -0.2329309884543523 1.11178215295349
0.5471317545392691 -0.2392915211700075 1.108865602808279
0.5806700855573588 -0.2476659546808118 1.105347575588571
0.6241370952075184 -0.2585260838912569 1.101330098660182
0.6793532173436958 -0.272334868410146 1.097106765189116
0.747725514119734 -0.2894571056670933 1.093234468768108
0.8306114857996656 -0.3104427350668385 1.090591359736038
0.9264475626789939 -0.3354373278394846 1.090542104205656
1.031861330208629 -0.3636124172436417 1.09418771958361
1.134913719467794 -0.3917532498912228 1.101473189844125
1.244292889502083 -0.421889194918067 1.112950020272123
1.347607787476981 -0.4511906185144512 1.127935047991046
1.440483362572355 -0.4782413305727227 1.14489119652861
1.520434022154943 -0.5023955117791674 1.162145583725025
1.586760230292862 -0.5230561025750142 1.178580395073874
1.639982347109277 -0.5399924742172955 1.193225694201214
1.681660659205968 -0.5534837039102984 1.205619518524121
1.713685538669886 -0.5639892512203475 1.215704007896318
1.737938844038351 -0.5720272216256373 1.223670192035404
1.756106985675589 -0.5780951224646143 1.229825111701925
1.769606329589638 -0.5826299179830796 1.234503230331406
1.779576325139355 -0.5859935274816472 1.23801597219382
1.786907045393406 -0.5884745779469017 1.240630230106186
1.792279658750613 -0.5902971528324105 1.242563141496241
1.79620777704522 -0.5916319835927664 1.243985463128401
1.799074771438812 -0.5926074432113544 1.245028423192716
1.801164645683507 -0.5933191443304693 1.245791262054915
1.802686627993179 -0.593837794946267 1.2463481868393
1.803794287941135 -0.5942154366948249 1.246754228165629
0.4601401449270316 -0.1978576041413254 1.164428187967449
0.4613213336119449 -0.1981581930573735 1.164249145715584
0.4629441737216169 -0.1985707681050931 1.164003897559329
0.46517222386613 -0.1991364144157236 1.163668574858886
0.4682281647994826 -0.1999107893245422 1.163211257774851
0.472414861228088 -0.2009660504245132 1.162588993770475
0.4781367423949421 -0.202410082543369 1.161749056920689
0.4859410688176353 -0.2043663035038406 1.160619359866506
0.4965471398252954 -0.2070076442262117 1.159114823769346
0.5108928404318932 -0.2105492834127203 1.15713541713626
0.530172744348354 -0.2152539301833729 1.154574238984661
0.5558603783752375 -0.221426341849581 1.151334454546034
0.5896909738062831 -0.229393589421735 1.14735983781562
0.6335675847814195 -0.2394636205016038 1.14268138220311
0.6893473651073923 -0.2518576807150739 1.137474342273176
0.7584745862041057 -0.266621402556673 1.132106506280814
0.84141978910134 -0.2841328626453373 1.127061854005647
0.9369239701838621 -0.3053241046910444 1.123607669813403
1.042160925901075 -0.3294890309560756 1.123003106962225
1.152067603395197 -0.35511310670611 1.126520071388479
1.262005209759135 -0.3820646075266291 1.134919608154266
1.365801539604192 -0.4088945086200534 1.147489981516183
1.459018811368017 -0.4343714693572349 1.162716347843461
1.538692556562795 -0.4589114042520482 1.179012487273043
1.604324977940747 -0.4802582738780057 1.195615853043361
1.656716873729573 -0.4980942454427602 1.211103953345086
1.6975260217888 -0.5125110181502058 1.224639250409586
1.728727466862603 -0.5238609591238879 1.235907001426817
1.752255445719021 -0.5326157066328975 1.244954327161159
1.769817511595249 -0.5392643133808818 1.252027032773951
1.782829468838996 -0.5442547657252264 1.25744815625697
1.792418313090585 -0.5479681513201814 1.261543630721174
1.799456870385109 -0.5507135368478849 1.264604968560918
1.804608773870041 -0.5527336827523589 1.266875623783419
1.808371939041971 -0.554215017834105 1.268550310221929
1.811116617874067 -0.5552984991642621 1.269780366850898
1.813116277243921 -0.5560895215245484 1.270681144795627
1.814571986930166 -0.5566662431078971 1.271339335799938
1.815631122875287 -0.5570863073633069 1.271819514053159
0.4599958891811484 -0.1981921356742707 1.163104794138226
0.4611769399984612 -0.1984925407881892 1.162925889060837
0.4627995828132497 -0.198904876029356 1.162680831127209
0.4650273456643134 -0.1994702168495998 1.162345772093385
0.4680828667272008 -0.2002442172233032 1.161888822094259
0.4722689184847591 -0.2012991123560698 1.161267088359909
0.4779898879804463 -0.2027426547313698 1.16042785457934
0.485792796391634 -0.2046985851917117 1.159299177944277
0.4963966924544578 -0.2073400654975906 1.157796103782246
0.5107390360324341 -0.2108828586190126 1.155818826083996
0.5300137631349702 -0.2155907626039596 1.153260818606112
0.5556935022872436 -0.2217704577694287 1.150025885948218
0.5895123447748183 -0.2297522061970994 1.146058920769865
0.6333721807638804 -0.2398488805019816 1.141392863087213
0.6891295292416617 -0.2522886393563178 1.136206248617715
0.7582295577230324 -0.2671256500537125 1.130872027988028
0.8412554428950121 -0.2847689641867547 1.125889464247334
0.9368928824541016 -0.3061298172386442 1.12254983290146
1.042247951320505 -0.3304759444891169 1.122108779352763
1.15136741707771 -0.3560372865014674 1.12568912150573
1.261348341717561 -0.3830767367756051 1.134145812704712
1.365181006371521 -0.4099742466496252 1.146765249533387
1.458400110486946 -0.4354641409217445 1.16203004374822
1.538142109428078 -0.4600021320342291 1.178345361203908
1.603827853795531 -0.481332210248971 1.194944717515661
1.656263653763283 -0.4991444029618549 1.210413822073561
1.6971096381667 -0.5135360183990157 1.223923089754931
1.728341737843429 -0.5248626899188845 1.235163579947473
1.751894706519988 -0.5335975314901805 1.244185809404261
1.769476681359751 -0.5402299351016113 1.251237095602101
1.782504171668326 -0.5452076364519763 1.25664081410918
1.792104926857471 -0.5489112157707763 1.260722602332941
1.799152496064362 -0.5516491817197031 1.263773421192506
1.804311148298515 -0.553663778039227 1.266036120399969
1.808079327952564 -0.5551409962793437 1.267704857318611
1.810827710514388 -0.5562214415028397 1.268930500946775
1.812830094702782 -0.5570102343116557 1.269828024379422
1.814287802809362 -0.557585323750802 1.270483825903245
1.81534840056558 -0.5580041958197051 1.270962254748163
0.4597798516092872 -0.198691863846651 1.161134300281798
0.4609606861597542 -0.1989920032219178 1.160955596661841
0.4625830206456703 -0.1994039921009582 1.160710818043367
0.4648103367223644 -0.199968892376487 1.160376146065507
0.4678652083899084 -0.2007423540243177 1.159919734755344
0.4720502705419256 -0.2017967286749992 1.159298779168874
0.4777698478823876 -0.203239573489613 1.158460575827032
0.4855706085437781 -0.2051951101459688 1.157333394386857
0.4961712354511091 -0.2078368438843474 1.155832461229826
0.510508569960966 -0.2113814052045496 1.153858300326052
0.5297756231582689 -0.2160942082139414 1.151304935361194
0.5554437214005891 -0.2222847882897978 1.14807711294829
0.5892452966009166 -0.2302881508990962 1.144121382088445
0.6330805186423081 -0.2404245046312705 1.139473580396803
0.6888048862454726 -0.2529323386184594 1.13431715371518
0.7578646356791068 -0.2678786386203563 1.129032817836851
0.841001751214381 -0.2857158851129053 1.124142223922029
0.936825501163043 -0.3073242294322349 1.120970021576695
1.042346418446701 -0.3319348651265831 1.120766702746114
1.1503564937478 -0.357419440187018 1.124447595540278
1.260394588451741 -0.3845915620889935 1.132992170908478
1.364274814630475 -0.411591268364888 1.145686440143623
1.457493164076611 -0.4371042910641702 1.161009606738503
1.537329867355276 -0.4616393022375443 1.177353902083181
1.603090510101191 -0.482944205980204 1.19394673838389
1.65558885272875 -0.5007207825714088 1.209386525433041
1.696487941568299 -0.5150747276088795 1.222855856572207
1.727764620912404 -0.5263665588921447 1.23405462721504
1.751354149885433 -0.5350715971472813 1.243038504256088
1.768965370317868 -0.5416797414218925 1.250057086012945
1.782015741298036 -0.546638351830533 1.255434244739524
1.79163407495796 -0.5503272489263384 1.259495155997796
1.798694961717258 -0.5530541059590961 1.262529933446785
1.803863596292893 -0.5550603931139614 1.264780501952214
1.807639197914643 -0.5565314473234126 1.266440168661
1.810393064941953 -0.5576073466364753 1.267659085131988
1.812399485372518 -0.5583928011548956 1.268551647712068
1.813860154427364 -0.5589654467813692 1.269203807085152
1.81492291843891 -0.5593825337793065 1.269679569482642
0.4594600304862424 -0.1994289145017855 1.158241659894298
0.4606405236463688 -0.1997286801933305 1.158063248729184
0.4622623737682815 -0.2001401827481224 1.157818875455847
0.4644889924777413 -0.2007044659076268 1.15748476492425
0.4675428577762848 -0.2014771758397809 1.157029134539181
0.4717264017301823 -0.2025308369773702 1.156409306560046
0.4774438584408652 -0.2039727228292691 1.1555725940271
0.485241384219751 -0.2059277609551 1.154447574067231
0.495837139947046 -0.2085699599134387 1.152949732448938
0.5101670890550013 -0.212117218172628 1.150980067668431
0.5294229362125149 -0.2168373101802963 1.148433396623346
0.5550741708128792 -0.2230439435712847 1.145215831238468
0.5888508710298427 -0.2310790669996804 1.141276336192242
0.6326507147942474 -0.2412736578816228 1.136655004352832
0.6883275599693693 -0.2538814371322816 1.131542542814533
0.7573286816165391 -0.268988420764592 1.126331229309401
0.8406091771724019 -0.2871048146373835 1.121574738474907
0.9366782859040031 -0.3090647163913889 1.118641569397353
1.042418213518303 -0.3340509321402513 1.118774723542666
1.148936713434735 -0.3594580932267378 1.122616027411307
1.259043387069684 -0.3868279775622842 1.131295787849237
1.362980043953987 -0.4139803084440464 1.144103983084652
1.456190821409863 -0.4395350841941058 1.159515602679632
1.536152521956702 -0.4640652570478269 1.17590386112694
1.602014171607206 -0.4853326496918778 1.192486537434612
1.654598802922155 -0.5030563787824411 1.207881681914476
1.695572503840881 -0.5173545060197934 1.221290437235323
1.726912618941016 -0.5285947461754018 1.232426056937799
1.750554614572311 -0.5372556668115352 1.241351953373129
1.768208040372199 -0.5438279071151493 1.248321134483501
1.781291555179927 -0.5487582659811164 1.253658196672384
1.790935416914877 -0.5524254372546009 1.257687602828606
1.798015677758196 -0.5551358567250589 1.260698178934039
1.803198852151289 -0.5571298493619422 1.262930449503829
1.806985273548398 -0.5585917832200628 1.264576436509685
1.809747140718461 -0.5596609564340791 1.265785207984705
1.811759451339103 -0.5604414716688323 1.266670289754861
1.813224442731448 -0.5610105014729166 1.267316957082093
1.814290369706846 -0.5614249473142203 1.267788698827349
0.4589945517414664 -0.2004958180586332 1.154082641654801
0.4601745038282651 -0.2007950797772406 1.153904648155334
0.4617955908016679 -0.2012059279959339 1.153660853451503
0.464021119433555 -0.20176938390838 1.153327543728096
0.4670734257836883 -0.2025410923828641 1.152873026110036
0.4712546481111798 -0.203593830348669 1.15225480332587
0.4769688918709053 -0.2050344690138451 1.151420208654826
0.4847615897709049 -0.2069889514614261 1.150298254376574
0.4953501819686388 -0.2096320076268037 1.148804788662565
0.5096694301425623 -0.2131833472659444 1.146841475535204
0.5289092649572189 -0.2179141130058936 1.144304248011984
0.554536687528514 -0.2241439705038288 1.141101150555508
0.5882785632876697 -0.2322248057704482 1.137184594676883
0.6320290658194835 -0.2425030697510884 1.132600800008077
0.6876394244862806 -0.255254502742468 1.127551025172615
0.7565573673065051 -0.2705928881168793 1.122444500978466
0.8400015763551635 -0.2890985763728595 1.117879138060085
0.9363619057213658 -0.3115383023234358 1.115275769901722
1.042361576725041 -0.3370362768445356 1.115866712071057
1.147023607645417 -0.3624044921742897 1.119963652368148
1.257197498285474 -0.3900639813978229 1.128851039670236
1.361188370881701 -0.4174401868818174 1.141831981675665
1.454376434792643 -0.4430704457410776 1.157376908335856
1.534489819483377 -0.4675923134335483 1.173832199031725
1.600479100007987 -0.48880436377242 1.190399967361714
1.653177098446719 -0.5064507831042195 1.205728516938637
1.694251697875046 -0.5206674927425015 1.2190469921611
1.725679252672371 -0.531832584750047 1.230088612421028
1.749394460038526 -0.5404292920388721 1.238928291855612
1.767107246208059 -0.5469492976648828 1.245824068932274
1.780237618946041 -0.5518385663951346 1.251101583364003
1.789917697091887 -0.5554741445149964 1.255084218728809
1.797025508884928 -0.5581606637077419 1.258058876409323
1.802229393568141 -0.5601367814616017 1.260263995174889
1.806031244177977 -0.5615854560254466 1.261889685940919
1.808804528957718 -0.5626448510804242 1.263083406900416
1.810825250767179 -0.5634181859273916 1.263957391307761
1.812296417012068 -0.5639819593665572 1.264595911784669
1.81336686390134 -0.5643925657605979 1.265061689504038
0.4583337043559463 -0.2019989071903535 1.148278120290561
0.4595128008656577 -0.2022975301624492 1.148100709749394
0.4611326891926735 -0.2027075522800093 1.14785772191346
0.4633565212808959 -0.2032699701608948 1.147525527814017
0.4664064269798412 -0.2040404349788423 1.147072558145341
0.4705841294583163 -0.2050920842479336 1.146456564376798
0.4762935572503265 -0.2065312375205106 1.145624902980934
0.4840791556318859 -0.2084852573425245 1.144507183154128
0.4946574158059952 -0.2111298755891151 1.143019742039271
0.5089615386363945 -0.2146873066517145 1.141065144953767
0.5281791811600227 -0.2194333432318302 1.138540841681465
0.5537741704177027 -0.225695883881495 1.135357522281601
0.5874692279689321 -0.233840588150974 1.131472365862098
0.6311538069499452 -0.2442354689713427 1.126940166843234
0.6866749811618976 -0.2571872029448287 1.121977129751653
0.7554791478864563 -0.2728490722343142 1.117016782010752
0.8390666633555752 -0.2918735539833306 1.112715174131088
0.9357076408932968 -0.314930826110293 1.110545315857148
1.041954686414363 -0.3410850145891717 1.111724775033024
1.144600025977021 -0.3665396888733367 1.116223098930083
1.254806256403002 -0.3946124343070198 1.125427413024574
1.358820748783615 -0.4223085084881059 1.138668058360946
1.452048836944452 -0.4481570857560344 1.154409685415941
1.532227302195586 -0.4725806270430965 1.170969476502987
1.598361182694162 -0.4937123302005321 1.187517295037425
1.651197284779023 -0.5112480366629768 1.202749528419515
1.692400868689751 -0.5253487110142764 1.215936974515542
1.723943562563875 -0.536406952989941 1.226842173785776
1.747756933761062 -0.5449124769828311 1.235556797173204
1.765550215438275 -0.5513583676476406 1.242346163237562
1.778744592038132 -0.5561893630900249 1.247537392259785
1.788474375610271 -0.5597801509717002 1.251452279528694
1.795620122019683 -0.5624327935803 1.254374921937627
1.800852585749558 -0.5643835788999836 1.256540727819338
1.804675760691312 -0.5658134641483726 1.258137035589268
1.807464842599301 -0.5668590038141093 1.259308969718412
1.809497210896828 -0.5676221647032149 1.260166890809704
1.810976931819783 -0.5681784905539911 1.260793619185988
1.812053643080676 -0.5685836570523879 1.261250764549261
0.4574279274921602 -0.2040373983626809 1.140504752023236
0.4586056911779294 -0.2043352830667258 1.140328129879745
0.4602237253335685 -0.2047443568481272 1.140086231993795
0.4624449584797262 -0.2053055959601987 1.139755542751523
0.4654912287150818 -0.2060746748496651 1.139304656859565
0.4696636928211559 -0.2071252293928575 1.138691655449343
0.4753660460543321 -0.2085628571967805 1.137863919440777
0.4831414496228993 -0.2105168274170198 1.136751842924832
0.4937052249150372 -0.2131642051345858 1.135272392722198
0.5079886912290819 -0.216730517247494 1.13332929851797
0.5271768260517266 -0.2214976915303034 1.130821976465237
0.5527297492768793 -0.2278044994802761 1.127664577358375
0.5863652605000265 -0.2360348633813392 1.123820598912908
0.6299668302636364 -0.2465855888235367 1.11935637164213
0.6853751455538477 -0.2598051114233249 1.114508515894555
0.7540313579030244 -0.2759008925476926 1.109744240683156
0.8376529967624119 -0.2955743431539496 1.105790951953447
0.9344335268253717 -0.319361537955465 1.104154404123269
1.040791958039234 -0.3462858591130208 1.106032939959189
1.141798637376584 -0.3721101900453379 1.111138374115586
1.251935605652269 -0.4007513542362441 1.120819074323766
1.355887390216589 -0.4288877133143754 1.134443550987973
1.449120128652759 -0.4550629375099699 1.150470083855526
1.529302497273005 -0.4793664815516036 1.167190988903959
1.59556978780505 -0.5003845267344871 1.183715963608323
1.648555107498401 -0.5177665925872078 1.198815070033261
1.689910654165166 -0.5317073534990491 1.211819607488281
1.72159558522016 -0.5426188439669729 1.222534035734376
1.745533547673824 -0.550999375708491 1.231073757683872
1.763430662058744 -0.5573437911752086 1.237714337079826
1.776708436825075 -0.562095060967365 1.242784955425601
1.786503412353017 -0.5656246002486758 1.246605168839155
1.793699129807364 -0.5682309335372514 1.249455138033613
1.798969352427164 -0.5701470971677951 1.251566026151617
1.802820759175025 -0.5715513071464126 1.253121292192552
1.805630785369992 -0.572577915646947 1.254262797075876
1.807678610632001 -0.5733271764523376 1.255098284058269
1.809169693380137 -0.5738733275547911 1.255708543923719
1.810254728903591 -0.5742710624072941 1.256153633842583
0.456244901149531 -0.2066632922366019 1.130651177231557
0.4574206587039194 -0.2069604337753148 1.130475576354083
0.4590359206888171 -0.2073685654172858 1.13023508827799
0.4612533047298054 -0.2079286583984066 1.129906341988236
0.4642942518207731 -0.208696441373157 1.129458139563717
0.4684591811278764 -0.2097462085058684 1.128848977138386
0.4741514959407998 -0.2111826692969446 1.128026258982511
0.4819127885628924 -0.2131375222765845 1.126921355889352
0.4924570595245774 -0.2157895101674966 1.125451998425288
0.5067135816672295 -0.219368293120801 1.123523331629302
0.5258645334791824 -0.224163426310034 1.121037169716857
0.551366232115788 -0.2305272116731413 1.117911929365221
0.5849312876424779 -0.2388664095736091 1.114119022990307
0.6284361939405371 -0.2496141550351421 1.109739499618375
0.683712290732163 -0.263172294605206 1.10503651284288
0.7521885300806704 -0.2798189719558018 1.100521825490891
0.835590193496647 -0.3002382953726577 1.097002905741448
0.9321487827766096 -0.3247887289327749 1.095968320821254
1.038271894658022 -0.3525076766051914 1.098593601758651
1.138977345734232 -0.379213103449802 1.104557062143156
1.24883895895031 -0.408597833893443 1.114932063317862
1.352555412776013 -0.437310132883273 1.129106370610988
1.445668385702743 -0.4639121919743255 1.145532678063661
1.525768624525946 -0.4881243096987206 1.162494385304343
1.592105962966344 -0.5089879462480975 1.179000360009623
1.645222281944978 -0.526166188452434 1.193926755273497
1.68673701249316 -0.5398966876113911 1.206689532629973
1.718583210765203 -0.5506160850183429 1.217150743173392
1.742668304060287 -0.5588334245893369 1.225458053678946
1.760690884108198 -0.5650455613855372 1.231900883162625
1.774070836474531 -0.5696930090632787 1.236811209105386
1.783946385619191 -0.5731428414091183 1.240505616906207
1.791204220033014 -0.575688936419282 1.243259027753325
1.796521561036246 -0.5775600786199644 1.245296955834189
1.800408291248356 -0.5789309080240034 1.246797700849361
1.803244571306285 -0.5799329075478649 1.247898784692306
1.80531179729452 -0.5806641011676679 1.248704472182187
1.806817154003851 -0.5811970280712877 1.249292856960909
1.8079126542474 -0.5815851043802247 1.249721933851191
0.4547939002382918 -0.2098295768551461 1.118995318283012
0.4559668118566886 -0.2101261152580067 1.118820972001637
0.4575781641350191 -0.2105335050207028 1.118582212889447
0.4597901649228585 -0.2110927414768766 1.118255844468641
0.4628237434305905 -0.2118596532660502 1.117810916377062
0.4669784142316054 -0.2129093527628411 1.117206415887174
0.4726572370005071 -0.2143455372331221 1.116389769185496
0.4804000272554503 -0.2163028010132286 1.115293484696801
0.4909194516511379 -0.2189618562045625 1.113836157554098
0.505142846401843 -0.222557161646038 1.11192453417812
0.5242499409339402 -0.2273870828064029 1.109463147459291
0.5496938581372093 -0.2338195607799649 1.106375306741708
0.5831826187436909 -0.2422879035720344 1.10264166993345
0.6265854204664415 -0.253267929689482 1.098360845489577
0.6817208852875705 -0.2672252605676272 1.09382831038232
0.7499957039108686 -0.2845244008640941 1.089611185787067
0.8327523024019876 -0.3057132326595788 1.08659743769432
0.9284588761361123 -0.3309302090982816 1.086175303336505
1.03373978998224 -0.3593247208865015 1.089496972966722
1.136700261282789 -0.3876592262937195 1.096555789350387
1.245960199150346 -0.4179550867232473 1.107891525243877
1.349170727395243 -0.4473724336235272 1.122814583334127
1.44195993887659 -0.4744958185965594 1.139775102787529
1.521842863004249 -0.4986866766502218 1.157076664047745
1.588118600307172 -0.5193523367547751 1.173580004485115
1.641305931310134 -0.5362761213814323 1.188300439870827
1.682961179997156 -0.549746846732809 1.200766075344205
1.714971250565869 -0.5602301815793396 1.210913759230275
1.73921530994637 -0.5682475939663084 1.218932612116595
1.757377833811636 -0.5742979870528115 1.225129798209065
1.770873858141844 -0.5788186430195763 1.229840952347328
1.780841971218698 -0.5821712145015356 1.233379028510878
1.788171683987993 -0.5846438458169549 1.236012451324932
1.793543810495013 -0.5864601029064861 1.237959717177594
1.797471746616315 -0.5877902491708921 1.239392714277209
1.800338722007205 -0.5887622614744328 1.240443571437596
1.802428666877073 -0.5894714420945134 1.24121223080342
1.803950757683482 -0.5899882579616943 1.241773433860378
1.805058536029197 -0.5903645679219495 1.24218261309881
0.4613470356785019 -0.1950299160979265 1.16374613028065
0.4625266660504188 -0.1953352732487795 1.163563993948957
0.4641473231284446 -0.195754372102183 1.163314521038979
0.4663723204411424 -0.196328929017784 1.162973444429075
0.4694240021742197 -0.197115447824148 1.162508315283091
0.4736046584269696 -0.1981875580227625 1.161875763758093
0.479318484116772 -0.1996535769557627 1.161021376230286
0.4871115746205242 -0.2016398530916088 1.159872790923099
0.4977023343832477 -0.2043213291060805 1.158343385288014
0.5120274128276359 -0.2079160076999828 1.156331748002041
0.5312799245350969 -0.212689749073138 1.153729692841373
0.5569318618053332 -0.2189504499811844 1.150439580748751
0.5907170332350135 -0.2270276119015301 1.146405492553061
0.6345375280224441 -0.2372298154710773 1.141660698884712
0.6902504025266699 -0.249775704336301 1.136385626973167
0.7593010689504278 -0.264703723446426 1.130956699239197
0.84215964587581 -0.2823816224996051 1.12586251603946
0.9375712545127534 -0.3037229117058043 1.122359941632277
1.042715201138103 -0.3280039248934274 1.121711752790619
1.152536613945097 -0.3536978955191599 1.125185220090721
1.262403381765251 -0.3806678405895144 1.133512898731247
1.36615198634426 -0.4074665425278068 1.14598743807209
1.459347291402375 -0.4328734929038409 1.161104318479372
1.539028562639862 -0.4573160562228833 1.17727103873418
1.604695279900171 -0.4785419719109503 1.193745630078091
1.657136363120596 -0.4962540099884148 1.209117288990112
1.697999275762154 -0.5105569672832907 1.222554166803646
1.7292520297309 -0.5218095056856275 1.233742578124385
1.752825117880259 -0.5304848084245322 1.242728026545532
1.770424760287332 -0.5370707586653717 1.249753568710831
1.783466889149686 -0.5420129586705368 1.255139312105555
1.793079340335807 -0.5456898109007319 1.259208535415319
1.800136044361921 -0.5484078751570814 1.262250547873602
1.805301713959702 -0.5504077675231696 1.264507051115313
1.809075228026192 -0.5518741851799953 1.266171414086615
1.811827635187349 -0.5529467290180716 1.267393960584658
1.813833034527755 -0.5537297575214661 1.268289283392791
1.815292999398958 -0.5543006537113843 1.268943520665133
1.816355275166797 -0.5547164787267445 1.269420833221146
0.4612406476912846 -0.1952808522384437 1.162403210067218
0.462420171189114 -0.1955859630375025 1.162221038193726
0.4640406732573098 -0.1960047366150589 1.16197151851014
0.4662654403964014 -0.196578871446422 1.161630380778686
0.4693167795274966 -0.1973648573664296 1.161165174386937
0.4734968972268933 -0.198436379649759 1.160532540321953
0.4792099458691763 -0.1999016295858465 1.159678036487885
0.4870017983028442 -0.2018872334417766 1.158529352622929
0.4975906145101466 -0.2045683482952678 1.156999900828622
0.5119126258099302 -0.2081635358456306 1.154988375492193
0.5311603104509726 -0.2129397247949954 1.152386820986425
0.5568047523868406 -0.2192067289742561 1.149098074829608
0.5905785915426206 -0.2272972659321876 1.145067170271684
0.6343826991680841 -0.2375249188707794 1.140329185530104
0.6900734190044662 -0.250115398376129 1.135067767134057
0.7590969698422243 -0.2651159257883265 1.129664581093488
0.8420343499199647 -0.2829258771924582 1.124622781234645
0.937578678759813 -0.304438721651203 1.121224128037171
1.042840067261911 -0.3289039774692593 1.120730921435362
1.151875249841705 -0.3545382870032114 1.124264244330141
1.261783937605563 -0.3816006570824369 1.132648382086279
1.365567036677278 -0.4084720386601055 1.145173624225561
1.458762139515832 -0.4338973572769698 1.1603324939962
1.538508933785578 -0.4583431173496322 1.176523277539267
1.604226060835853 -0.4795570754224213 1.192999014773647
1.656708228027789 -0.4972495916150849 1.208356528036949
1.697605445806211 -0.5115309558781591 1.221771599535785
1.728886709256418 -0.5227630974939478 1.232936235604623
1.752483044764909 -0.5314207454817744 1.241899359264354
1.770101224156673 -0.5379922199771545 1.24890562861416
1.783157829702342 -0.542922975058381 1.254275599384056
1.792781392001589 -0.5465909977420031 1.258332361773103
1.799846509228779 -0.5493023669557828 1.261364766486837
1.805018483330134 -0.5512972441340004 1.263613986945936
1.808796684318208 -0.5527599374864235 1.265272895457988
1.811552554606827 -0.5538297326304171 1.266491391716155
1.813560502881701 -0.5546107416389514 1.267383725274069
1.815022337637132 -0.555180158878488 1.268035766589875
1.816085981608554 -0.5555949033374913 1.268511470821735
0.4610815366740135 -0.1956554153021074 1.160404200539811
0.4622608893449502 -0.195960166580933 1.160221973138761
0.4638811450816052 -0.1963784656490491 1.159972380128413
0.4661055491900263 -0.1969519851199579 1.159631146152849
0.4691563522176144 -0.1977371948824746 1.159165817212144
0.4733356359575249 -0.198807863995254 1.158533049251895
0.4790474898027415 -0.2002719975002792 1.157678356150635
0.4868374583824021 -0.2022566349950192 1.156529501477939
0.4974233448484126 -0.2049372521880934 1.154999944707238
0.5117407724288798 -0.2085332402355441 1.152988531142303
0.5309812966050979 -0.2133131128860863 1.150387639122835
0.5566146846262429 -0.2195895293556441 1.147100803436938
0.5903718753351727 -0.2276999865461993 1.143074462248294
0.6341519408316061 -0.237965517178401 1.138346378351013
0.6898100904204328 -0.2506223885553559 1.133105007790235
0.7587934792502714 -0.265730996294624 1.127739892079293
0.8418393550654943 -0.2837350583594344 1.122775565207969
0.9375690734480786 -0.3054980796486844 1.119528487337358
1.042995186727744 -0.3302321607557894 1.11926013994764
1.150922887694659 -0.35579431650952 1.122888417366137
1.260886630835503 -0.3829959259698485 1.13135912787357
1.364714533532822 -0.409976971900755 1.143961438462108
1.457905858525756 -0.435433445505044 1.159183828159089
1.537743270250599 -0.4598838445682815 1.175410797352036
1.603530943176259 -0.4810798183238694 1.19188768562905
1.656071439662732 -0.4987430660785143 1.207223134600296
1.697017978162815 -0.5129920838523794 1.220604606318143
1.728340612389435 -0.5241936814575847 1.231732765503503
1.751970899836557 -0.5328248959250217 1.240661712721023
1.769616269819118 -0.5393746985147745 1.247638516230138
1.782694172973133 -0.5442883199332447 1.252984392349873
1.792334114680651 -0.5479431246344248 1.257022129537536
1.799411651628306 -0.5506444713809048 1.26003987067066
1.804592941721491 -0.5526318408768476 1.262277978777708
1.808378073262438 -0.5540889589999297 1.263928566130594
1.811139067011185 -0.5551546393913694 1.265140884218294
1.81315078759711 -0.5559326252438782 1.266028658415014
1.814615390405897 -0.5564998285097484 1.266677350522922
1.815681060145269 -0.5569129553838041 1.267150601884577
0.4608464231921413 -0.1962073319357534 1.15747038599478
0.4620254996914614 -0.1965115704015072 1.157288074416998
0.4636453600483671 -0.1969291930333453 1.157038369898968
0.4658691869681251 -0.1975018360462113 1.156696988963834
0.4689191462105661 -0.1982859418626067 1.156231471623105
0.4730971352137646 -0.1993554041509961 1.155598494105272
0.4788071514930082 -0.2008179570828248 1.15474350317154
0.4865942638179053 -0.202801246671468 1.15359436621596
0.4971757660464751 -0.2054812148193783 1.152064605237572
0.5114864184180655 -0.2090784640626045 1.150053275972023
0.530716473103136 -0.2138638221707166 1.147453230558127
0.556333839558935 -0.2201541054841785 1.144169005517073
0.5900670431102594 -0.228293805687472 1.140149078373442
0.6338125506628565 -0.238614889222419 1.135435143234643
0.6894237661893974 -0.251369184515709 1.1302227539096
0.7583486914129732 -0.2666366356982748 1.124913156423517
0.8415341286150385 -0.2849199221929934 1.120061612809355
0.9375076951752019 -0.3070380850110068 1.117030351058304
1.043150995841739 -0.3321537343232193 1.117079331100137
1.149590410645155 -0.3576453069299114 1.120859103521887
1.259619575182056 -0.3850541814783929 1.129462526264987
1.363499830260674 -0.4121986998679755 1.142181642685768
1.456679142212478 -0.4377086022336672 1.157499734423906
1.536635527905508 -0.4621652993218379 1.173781111157629
1.602517800459541 -0.4833343169619994 1.190259080052007
1.655138380794369 -0.5009540622399176 1.205560582708914
1.696153954140916 -0.5151551156457407 1.218890862221417
1.727535289364709 -0.5263114685706771 1.229963656523483
1.751214191199647 -0.5349035484233745 1.238840838131065
1.768898729117703 -0.5414212760073935 1.245773068446364
1.782007434725793 -0.5463095439040292 1.251082526790748
1.791671130178439 -0.5499447916519908 1.255091524649403
1.798766712114929 -0.5526313105783339 1.258087123639194
1.803961555306874 -0.554607573327158 1.260308456456057
1.807756778778339 -0.5560564438155245 1.261946484463131
1.810525237887159 -0.5571160372380818 1.263149478874829
1.812542457626688 -0.5578895509838262 1.264030373017797
1.814011096956296 -0.558453479177171 1.26467401146985
1.815079721477857 -0.5588642132119312 1.265143561823431
0.4605050722585201 -0.1970052971324591 1.153252842149171
0.4616836984893299 -0.1973088284292203 1.153070408280014
0.4633029195857918 -0.1977255190769948 1.152820541291487
0.4655258236928078 -0.1982969561104205 1.152478945382606
0.4685744502463338 -0.1990795461166396 1.152013150694764
0.472750428755877 -0.2001473653707879 1.151379860359492
0.4784576254989928 -0.2016077631176501 1.150524420971752
0.4862404362936212 -0.2035892570987246 1.149374842122975
0.4968154515311351 -0.2062684560755524 1.147844724198771
0.5111162501281729 -0.2098676914158497 1.145833406629463
0.5303313140763505 -0.2146610915089331 1.143234394156552
0.5559260349085986 -0.2209714082787181 1.139953625217293
0.5896256412679068 -0.2291531445874621 1.135942469730024
0.6333229371297908 -0.2395539771851805 1.131248261949722
0.6888684674470241 -0.2524482265193096 1.12607684289539
0.757710415793073 -0.2679443470791686 1.120846581146004
0.8410545845960583 -0.2866167543684308 1.116155517360718
0.9373170311031221 -0.3092192874371801 1.113420950757405
1.043217247331085 -0.3348547387423533 1.113899901894812
1.147805150158594 -0.36031726090526 1.117921115919359
1.257896920266461 -0.3880292102153351 1.126727524396241
1.361825489171353 -0.4154130481295747 1.139622735314846
1.454975675028728 -0.4410150439762681 1.155083951837335
1.535075077422327 -0.4654793848152501 1.171447094735296
1.601075758858774 -0.4866082566287264 1.187926256845315
1.653800763954544 -0.5041641928922016 1.203176614536384
1.694909185077037 -0.5182952011379829 1.216430239703269
1.726371114845966 -0.5293856112858851 1.227420381720673
1.750117651645923 -0.5379207140899334 1.236220427563161
1.767857147925041 -0.544391772215306 1.243086321149432
1.781009315251298 -0.5492431647562637 1.248341624980857
1.790706651649635 -0.5528499751197292 1.252307911006636
1.797827854330873 -0.5555149367763582 1.255270615891495
1.803041974259255 -0.5574750538849673 1.257467034438686
1.806851569173944 -0.5589119358649132 1.25908641323711
1.80963066852517 -0.5599626819032156 1.260275564907501
1.811655730930673 -0.5607296956765047 1.261146245293448
1.813130129517104 -0.5612888638218595 1.261782381789887
1.814202971208926 -0.5616961201102015 1.262246438376039
0.460022054679914 -0.1981278312952706 1.147366918763111
0.4611999465655418 -0.1984304337383281 1.147184317608435
0.4628181343898211 -0.1988459019025934 1.146934227746142
0.4650395650961848 -0.1994157602664834 1.146592335750278
0.4680860927430917 -0.2001963724662359 1.146126156687596
0.4722589665457405 -0.2012620765682095 1.145492428489926
0.4779618706776264 -0.2027196925477874 1.144636352843036
0.4857382820754245 -0.2046989552864871 1.143486127205223
0.4963038638716658 -0.2073773973393263 1.141955443007818
0.5105906601398555 -0.2109797378492671 1.139944004434302
0.5297848824836938 -0.2157846599001512 1.137346178531107
0.5553487063088596 -0.2221231172315599 1.134069794618611
0.5890031015681896 -0.2303634913967916 1.130070192194766
0.6326359372188065 -0.2408753556598215 1.125402563326782
0.6880932920859278 -0.2539646315860961 1.120287273158547
0.7568216528633908 -0.2697803141173369 1.115167159876371
0.8403033459770106 -0.2889708509975495 1.110697201992236
0.9368431091994726 -0.3121962722544196 1.108350717969658
1.042986603051862 -0.3384982673604154 1.10937912883564
1.145563903742439 -0.3640611162817935 1.113779331398267
1.255681516748968 -0.3922048617910045 1.12289408415185
1.35962544539525 -0.4199299344236985 1.136052138063661
1.452806534939293 -0.4457731876458665 1.151722291504193
1.5329590718278 -0.4701613280877509 1.168210223022124
1.599091512582071 -0.4912311223711667 1.184691746191899
1.651942132655362 -0.5086953213196599 1.199867437624722
1.693168263972212 -0.5227263232735069 1.213009259031691
1.724735724203513 -0.5337228832927132 1.223879064637959
1.748572581456199 -0.5421770361694978 1.232566969308781
1.766386372482383 -0.5485818574634104 1.239336526586927
1.779597753905515 -0.5533809475300651 1.244513246683377
1.789341160089318 -0.5569474406130158 1.248417588285983
1.79649757070137 -0.5595818479395935 1.251332606249264
1.801738243494239 -0.5615190852797796 1.253492916416634
1.805567667085345 -0.5629389807249373 1.255085272188245
1.808361464063519 -0.5639771920025269 1.256254368227633
1.810397368645035 -0.5647349973207325 1.257110252151129
1.81187973385466 -0.5652874222048739 1.257735521329994
1.812958411482938 -0.565689751916284 1.258191619993321
0.4593628630647985 -0.199647463518011 1.139483634911009
0.4605395752723623 -0.1999489266559827 1.139300823681774
0.46215611775679 -0.2003628985771691 1.139050453142873
0.464375231007353 -0.200930830976753 1.138708186625693
0.4674185035465094 -0.2017090427761912 1.138241518220989
0.4715866624629907 -0.2027722356464641 1.137607229742391
0.4772831487960779 -0.2042265342445891 1.136750322340106
0.4850502432408236 -0.2062033058600273 1.135599230288999
0.495602463426132 -0.208881307888037 1.134067739355048
0.5098700012292227 -0.2124884124541693 1.132055993454472
0.5290363878448792 -0.2173093087261669 1.12945943668052
0.5545600319202046 -0.2236857839294698 1.126188324078884
0.5881568293442406 -0.2320046304893296 1.1222032033583
0.6317083891440233 -0.242664675802773 1.117569777396413
0.687054007438696 -0.2560145095503161 1.112528171655705
0.7556344612058168 -0.2722587218240247 1.107555029646049
0.8391449429588556 -0.2920967487132468 1.103376643618622
0.9358200920693218 -0.3160576614140431 1.101504381671897
1.042069608228863 -0.3431422581354067 1.103179639246108
1.143012886773857 -0.3690933067909956 1.108152463180055
1.253052588332975 -0.3978299635062825 1.117728225268619
1.35692281679018 -0.4260237110981675 1.131271488862361
1.450094977027417 -0.4522229242801689 1.147241011333921
1.53023685371598 -0.4765215120363581 1.163915905845321
1.596485654006882 -0.4975062518902656 1.180404081865089
1.649468810535449 -0.5148424604570633 1.195475709150305
1.690831776433377 -0.5287352892775773 1.208460663291597
1.722528534168477 -0.5396027704717945 1.219161613972112
1.746479390372336 -0.5479458655440413 1.227692286909184
1.764388621800533 -0.5542599517062626 1.234326882135693
1.7776769079284 -0.5589874629324822 1.239393582567965
1.78748057096868 -0.5624988142668397 1.243211243737848
1.794683247835489 -0.5650914501479101 1.246059556753247
1.79995892453608 -0.5669974170067362 1.248169371453459
1.803814545206853 -0.5683941009972763 1.249723944260822
1.806627790094003 -0.5694151862965345 1.250865002631548
1.808678056650437 -0.5701604114438019 1.251700203072619
1.810170982937333 -0.5707036245391124 1.252310281967814
1.811257401323237 -0.5710992244581712 1.252755257517435
0.458506534892443 -0.201600867963932 1.129487446372173
0.4596814215039557 -0.2019010582502792 1.129304401304483
0.4612954378180449 -0.2023133644266815 1.129053717373433
0.4635110329706684 -0.2028791640713449 1.128711030445706
0.466549428986571 -0.2036547406783308 1.128243808690919
0.4707106677387436 -0.2047152791246596 1.12760888792377
0.4763978809652301 -0.2061660442203507 1.126751008021961
0.4841518851239219 -0.2081404793027207 1.125598884868523
0.4946858993732393 -0.2108188758838366 1.124066385852735
0.5089280961653031 -0.2144330322735905 1.122054142383037
0.5280591957648157 -0.2192751001898929 1.119458849326391
0.5535337196548551 -0.2257003528501872 1.116193677598746
0.5870621799021252 -0.2341186249570142 1.112225616608603
0.630518870181757 -0.244965688584681 1.107633685864331
0.6857332702542585 -0.2586447406055315 1.102683571243617
0.7541334198158792 -0.2754329003867052 1.097896459289606
0.8374215077147384 -0.2960141967767982 1.094081303014754
0.9338704855362012 -0.3207430993950657 1.092739457272868
1.039878634364429 -0.3486361938825911 1.095096135439991
1.140517892687826 -0.375491707833065 1.100876330192785
1.250271631603281 -0.4050026042076534 1.111120350571526
1.353892893836764 -0.4338080718298358 1.125210424733633
1.446928340691588 -0.4604712411120495 1.141594955780148
1.526969626656017 -0.484716198577463 1.158541028130457
1.593267239595416 -0.5055829876836883 1.175046819399848
1.646360405693948 -0.5227482697199891 1.189982559340002
1.687863382815256 -0.5364588299656269 1.202759133231282
1.719704922039646 -0.54715703461829 1.213235166350883
1.743789360683471 -0.5553549613954234 1.221556359866431
1.761813291437513 -0.5615506795824688 1.22801121110313
1.775195406251752 -0.5661849307691228 1.232931448916766
1.785073287025797 -0.5696244980411138 1.236633761714056
1.792333303556437 -0.5721627859857831 1.239393334825533
1.797652542820416 -0.574028083038834 1.241435988406333
1.801540858942456 -0.5753945866277417 1.242940316391557
1.804378424025401 -0.5763934081170514 1.244044093612585
1.806446675752572 -0.5771222810361478 1.244851793761486
1.807952840547427 -0.5776535212386534 1.245441676801189
1.809048968942206 -0.5780403746905679 1.245871864352997
0.4574628961805751 -0.2039508655698394 1.117655998850632
0.458635133259037 -0.2042497949126734 1.117472738707524
0.4602455071414923 -0.2046604606533854 1.117221765534098
0.4624560776821854 -0.2052241788249145 1.116878687746051
0.4654875877789765 -0.2059972217847096 1.11641094681445
0.4696392315664545 -0.2070553791332996 1.115775444389322
0.4753137696481757 -0.2085029289852423 1.114916606583315
0.4830503556958794 -0.2104757837562296 1.113763464031648
0.4935608883632709 -0.2131560255239538 1.112229936926488
0.5077716187546427 -0.2167799993131606 1.110217147385642
0.5268607848069694 -0.2216484708205142 1.107623123712247
0.5522795958516361 -0.228132310050683 1.104364279102548
0.5857337362789456 -0.2366681698319927 1.100415014230415
0.6290898161430288 -0.2477352875579326 1.095870106824715
0.6841640894484133 -0.2618021307080011 1.091026218077455
0.7523617805146604 -0.2792344640245052 1.086459649452279
0.8350086491148873 -0.3005814395139302 1.083066842161478
0.9306027535197596 -0.3259794877172153 1.082258222435691
1.035763244747089 -0.3545620464084298 1.085236252406439
1.138638149912726 -0.3830741941374015 1.092042684942712
1.247778560890832 -0.4135322097376844 1.103206779110571
1.3508784476631 -0.4430849646004965 1.118034844900355
1.443570636743268 -0.4703135009786427 1.134966893229106
1.523372758158742 -0.4945808306604009 1.152285177086319
1.589584375298831 -0.5152930575238092 1.168830261663581
1.642724049871247 -0.532243337073745 1.183603361213439
1.684344929597029 -0.5457278467156867 1.196122634075074
1.716330754717075 -0.5562175568820745 1.206319221283489
1.740557979393599 -0.5642373782816219 1.214379738230597
1.758708947591863 -0.5702882192045265 1.220610850089126
1.772197097994784 -0.5748084983562598 1.22534878968192
1.78215988638544 -0.578160428358501 1.228907556695221
1.789486017787462 -0.5806324113155038 1.231556715929335
1.794855747868987 -0.5824481140359042 1.233515816314667
1.798782093157896 -0.5837778264185957 1.234957642861974
1.801648014738325 -0.5847495134028043 1.2360150479835
1.803737272356207 -0.5854584597274759 1.236788543670889
1.805258917819572 -0.5859751114027754 1.237353307900159
1.806366410477433 -0.5863513083427899 1.237765103026093
0.4625515189623697 -0.1921588401660562 1.163271107312875
0.4637297777270842 -0.1924687607947727 1.163085653877982
0.4653485071241213 -0.1928941015936712 1.162831650738129
0.4675707995834678 -0.1934771819767675 1.162484402762293
0.4706186947377937 -0.1942753128360518 1.162010892141855
0.4747939251346307 -0.1953636120143993 1.161367239529118
0.480500575059857 -0.1968505514726087 1.160497392230685
0.4882835656189292 -0.1988655230884701 1.159328507242191
0.4988605023015831 -0.2015852893638951 1.157772346641572
0.5131668738065901 -0.2052305220472538 1.155725986199486
0.5323944015569261 -0.2100700452046424 1.15307980458397
0.5580135803776068 -0.2164146867298938 1.149735206133252
0.5917567771582252 -0.2245961796708359 1.145636452275701
0.6355250138690758 -0.2349236045649772 1.140819034379416
0.6911750473535329 -0.2476130217367946 1.13546862371063
0.7601531384104373 -0.2626959550863894 1.129970533144815
0.8429288384985532 -0.2805300433044675 1.124818499617961
0.9382514313303221 -0.3020104854522219 1.121259616055049
1.043305432028458 -0.326397140063849 1.120560870413846
1.153043900407487 -0.352152106298363 1.123985202369219
1.262841035766732 -0.3791351302383407 1.132236382256509
1.366542083496995 -0.4059008900748033 1.144611584024829
1.459714793321336 -0.4312390366187883 1.159616731689704
1.539402355078241 -0.455588113825717 1.175652798345452
1.605101642139334 -0.4766985444212449 1.191996496917203
1.657590044936609 -0.4942925144311349 1.207249222348719
1.698504948154216 -0.5084871563898036 1.22058519416594
1.729807457289033 -0.5196470483934637 1.23169201314516
1.753424365982071 -0.528246807235765 1.24061366913997
1.771060555643185 -0.5347731874678805 1.247590489918874
1.784132055854954 -0.5396695170358364 1.252939624433237
1.793767503521195 -0.5433116422928247 1.256981648826109
1.800841895124887 -0.5460037378425244 1.260003616286604
1.806020988830153 -0.5479843807060806 1.262245427536042
1.809804598915337 -0.5494366213758359 1.263899065094842
1.812564548300895 -0.5504987715981521 1.265113804361854
1.814575551269091 -0.5512742040792679 1.266003453166026
1.816039671673779 -0.5518395653137161 1.266653576015545
1.817105014551847 -0.5522513628331808 1.267127905216266
0.4624830660453 -0.192323080666547 1.161915768580405
0.4636612622008294 -0.1926326704315486 1.161730118784208
0.465279897047833 -0.1930575703368562 1.161475848184958
0.4675020413031017 -0.1936400706808588 1.161128236609486
0.4705497050032486 -0.1944374536423242 1.160654234864064
0.4747245495514858 -0.1955248638836524 1.160009929194761
0.480430618746273 -0.1970106509572745 1.159139201317153
0.4882126347962593 -0.1990244247770778 1.157969174017337
0.498787970651195 -0.2017431346860491 1.156411559216044
0.5130917113862012 -0.205387970089582 1.154363425002132
0.5323149515166843 -0.2102287837060975 1.151715242936838
0.5579272750745908 -0.2165782927768887 1.148368736022155
0.5916598569488234 -0.2247714501211306 1.144268952234229
0.6354124474473174 -0.2351224016089931 1.139453042750383
0.691041004744598 -0.2478544301832921 1.13410981233259
0.7599924866988244 -0.2630081093990748 1.128629854033973
0.8428455310614439 -0.280973437689548 1.123520661422744
0.9383006632380672 -0.3026264724078035 1.120055049490855
1.043471683126304 -0.3271997495687454 1.119502491031636
1.152425006569416 -0.3528978355565839 1.122982607672013
1.262262616333336 -0.3799778725801904 1.13128875412694
1.365996133373566 -0.4068218792369981 1.143715319259172
1.459166320010066 -0.432184617183906 1.15876494927442
1.538916335639561 -0.456542966137847 1.174828903800921
1.604662776519276 -0.4776472298408504 1.191177963087382
1.65718912546291 -0.4952268290116169 1.206420598999467
1.698135526557866 -0.5094042242093745 1.219738342523279
1.729464171166169 -0.5205472436844351 1.230824362880581
1.753102401466963 -0.5291321227070261 1.239726072791128
1.770755613109595 -0.535646164413683 1.246685469086627
1.783840424109951 -0.5405326696012862 1.252020239554762
1.793486100382492 -0.5441671798423477 1.25605086195236
1.800568244686298 -0.5468534828069602 1.259064009979815
1.805753152821738 -0.5488297769534893 1.261299121296008
1.809541088463689 -0.5502787833418782 1.262947733231122
1.812304235542151 -0.5513385439284991 1.264158736609546
1.814317593369994 -0.5521122194738727 1.265045626110086
1.815783441826229 -0.5526762933390333 1.26569372079674
1.816850049596989 -0.5530871499514066 1.26616656402727
0.4623808412542544 -0.1925680184342808 1.159898951549115
0.4635589318449579 -0.1928771221820697 1.159713006892262
0.4651774095039475 -0.1933013745208477 1.159458334525004
0.4673993115890566 -0.1938830230763581 1.159110176507901
0.4704466030830672 -0.1946793080461648 1.158635436157742
0.4746208389031493 -0.1957654146450688 1.157990147303484
0.4803260028247194 -0.1972495112878225 1.157118092208307
0.4881065238420929 -0.199261532072893 1.155946339707098
0.4986794357257107 -0.2019787035474606 1.154386522393871
0.5129792370035376 -0.2056229825542828 1.152335689675899
0.5321961136558385 -0.2104657469004206 1.149684440666385
0.5577983299315061 -0.2168225170454193 1.146334958122889
0.5915153260080169 -0.2250330293567957 1.142233444034699
0.6352449747354182 -0.2354189706601319 1.137419508102304
0.6908419735902475 -0.2482144093794503 1.132086628402657
0.759754054783377 -0.2634734960876433 1.126633317532939
0.8427134920296373 -0.2816316057671366 1.121587341691088
0.9383536325758137 -0.3035361482507299 1.118257423474755
1.043688632557475 -0.3283815762782806 1.117916449325155
1.151536547475956 -0.3540116792726729 1.121485107941403
1.261427038068377 -0.3812376815531892 1.129875330288628
1.365202336025311 -0.4081995490742401 1.142379744918108
1.458365305128599 -0.4336026317824833 1.157496454279741
1.538201356364983 -0.4579746197182176 1.173602225835318
1.604013487967915 -0.4790695047890265 1.1899587094527
1.656593486330967 -0.4966275064646723 1.205185354355606
1.697585018560608 -0.510779036898983 1.21847487624903
1.728951488300934 -0.5218967734972099 1.229528906049812
1.752620792388794 -0.5304593645000119 1.238400031696713
1.770298929028669 -0.5369549287831884 1.245332757500097
1.783403293288262 -0.541826723429507 1.250645565903171
1.793064028116241 -0.5454498322118054 1.254658767587444
1.800157603282446 -0.548127462744126 1.257658447188631
1.805351093542761 -0.5500972463602954 1.259883330185912
1.809145418516401 -0.5515414107504705 1.26152427159653
1.81191329146077 -0.5525975938905815 1.26272957385037
1.813930130864702 -0.5533686392012088 1.263612252999583
1.815398534886572 -0.5539307858061533 1.26425725318379
1.8164670136395 -0.5543402338328604 1.264727829286657
0.4622300960667082 -0.1929285271406195 1.156939946455049
0.4634080049468572 -0.1932369308953158 1.156753566804318
0.4650262162583002 -0.1936602507245498 1.156498301467969
0.467247716092121 -0.1942406729868361 1.156149336494937
0.4702944010467521 -0.1950353778134064 1.15567350449406
0.4744676682521033 -0.1961196112917927 1.155026760689751
0.4801714136775569 -0.1976012778913595 1.154152738675335
0.4879496414240798 -0.1996107869058647 1.152978423339193
0.4985189015455956 -0.2023257695890665 1.151415323145885
0.5128128609800634 -0.205969302396788 1.149360447674379
0.5320204233986054 -0.2108149883088003 1.14670456437255
0.5576079914717408 -0.2171824420216409 1.143350504700451
0.5913025442195602 -0.2254183995485603 1.139246134420702
0.6349992372086061 -0.2358556137331783 1.134434651481006
0.6905507807234272 -0.2487440469165346 1.12911641607511
0.7594055182176672 -0.2641579849953583 1.123701690782289
0.8425016381281489 -0.2825931786256858 1.118747528532742
0.9383849236613747 -0.3048544516524391 1.115610165860345
1.043935861943332 -0.3300859717909413 1.115566786090165
1.150299040183683 -0.3556516611343536 1.119276825472326
1.260251726909655 -0.3830946491565811 1.127795548694255
1.364074930126105 -0.4102318908924371 1.140417515873728
1.457220852441928 -0.4357017696074907 1.155634848499476
1.53716914452054 -0.4600932039511543 1.171803161696345
1.603068744954325 -0.4811737520499343 1.188169918065404
1.655721949353642 -0.4986995269341968 1.203371583716888
1.696776352885327 -0.512812636292672 1.216617892197267
1.72819630195306 -0.5238928832879928 1.227623234785861
1.751909977819914 -0.5324224552782342 1.23644795429489
1.76962394014638 -0.5388906599656648 1.243340284795236
1.782756531964668 -0.543740679408896 1.248619866858972
1.792439069832119 -0.5473469145955895 1.252606732618607
1.799549229047956 -0.5500117120170115 1.255586061576342
1.804755187883877 -0.5519718624400581 1.257795495095529
1.808558804788551 -0.5534088628620011 1.259424853294608
1.81133355530077 -0.5544597532025561 1.260621547767385
1.813355463986973 -0.555226907199538 1.261497870710441
1.814827590324923 -0.55578620255381 1.262138199594099
1.815898794960903 -0.5561935666940554 1.262605353542926
0.4620118305311892 -0.1934490110160255 1.152687403351792
0.4631894223052616 -0.193756435293659 1.152500398429709
0.46480717625552 -0.1941784506176684 1.152244280278039
0.4670279998647993 -0.1947571580101086 1.151894153891517
0.4700736865507627 -0.1955496543699992 1.151416749074557
0.4742454031102567 -0.1966312761571892 1.150767905898004
0.4799469194950288 -0.1981095518217171 1.149891040356949
0.4877216392165712 -0.200115572956917 1.14871300932822
0.4982854447653318 -0.2028275480976767 1.14714513025717
0.5125708661250541 -0.206470149467989 1.145084334391445
0.5317650666933506 -0.2113201519169384 1.142421598225035
0.5573319265152746 -0.2177030145558068 1.139060639586528
0.5909950619894662 -0.2259754910931015 1.134951663176768
0.6346458094585312 -0.2364862344044849 1.130142992977589
0.6901337653462561 -0.2495081761524514 1.12484493720613
0.7589071224772606 -0.2651449536886172 1.119484911163213
0.8421583685072053 -0.2839659006608314 1.114661079688946
0.9383293841865863 -0.3067132132065559 1.111787240378808
1.044135269500648 -0.3324704614987725 1.112145168197388
1.148652304058979 -0.3580160291568008 1.116080732030814
1.258662925867805 -0.3857758564891414 1.124795302444856
1.362528048298054 -0.4131693570940214 1.137593648634394
1.4556376147437 -0.438750350197956 1.152960581621302
1.535719266532415 -0.4631682494342466 1.169222078220915
1.601727039995986 -0.484226797360422 1.185603188353314
1.654474780905409 -0.5017050238163724 1.200766676728751
1.695613155821378 -0.5157618768539103 1.213947940030988
1.72710616773747 -0.5267874011312549 1.224880386445703
1.750881350949175 -0.5352688525022063 1.233635823358792
1.768645439210798 -0.5416972210979163 1.240467952019997
1.781817766651448 -0.5465155532696861 1.245698073282623
1.791531120768504 -0.550097242958782 1.249645766006389
1.798664784179527 -0.5527433769403705 1.252594840909243
1.803888447942777 -0.5546895198835151 1.254781315149228
1.807705276512528 -0.5561161044298377 1.256393464146362
1.81048981495156 -0.557159300008647 1.257577372319809
1.812518942870285 -0.5579207970252622 1.258444254713245
1.813996372728198 -0.5584759475195199 1.25907764610098
1.815071462495061 -0.5588802823804453 1.259539717988603
0.4617041194423729 -0.1941798828699231 1.146753988131461
0.4628811578229831 -0.1944859918553812 1.146566117205361
0.4644981256678249 -0.1949062560751096 1.146308817079128
0.4667178108660363 -0.1954826627400177 1.145957079519356
0.4697618529076572 -0.196272198615253 1.145477489886881
0.4739310895942108 -0.1973503320200783 1.14482572514815
0.4796291147196043 -0.1988240726988391 1.143944892439386
0.4873985120327176 -0.2008254634755937 1.14276165914499
0.4979542848702656 -0.2035335096543892 1.141187056197781
0.512227488252245 -0.2071750838297255 1.139117870665127
0.5314030554725512 -0.2120313348635206 1.136445314717583
0.5569416440261624 -0.2184357967817991 1.133074263392466
0.5905625229089188 -0.2267591132793043 1.128958094381363
0.6341518831933652 -0.237372102600548 1.124152234280632
0.6895545118247319 -0.2505799686839447 1.118880989472839
0.7582164539627687 -0.2665280674815312 1.113596223932518
0.8416014088910513 -0.2858620262582757 1.108951546612954
0.9380481261779469 -0.3092335557777576 1.106420273372696
1.044094452845032 -0.3356647215516033 1.107287428098884
1.146607614723806 -0.3613231289447289 1.111577191212951
1.256637567668815 -0.3895336939300558 1.120588049780145
1.360509167748124 -0.4172918677529937 1.133648116832001
1.453639437483683 -0.44314040613269 1.149231572751424
1.533760950181658 -0.4675082237868339 1.165633530441564
1.599886272697451 -0.4885330648275951 1.182035219894536
1.65274585695576 -0.5059423679192973 1.197142237188165
1.693989545050022 -0.5199186047755452 1.210228115361844
1.72557754369387 -0.530866081387223 1.221054095439814
1.749434452834177 -0.5392790700201988 1.229708596743721
1.767266047700425 -0.54565084414186 1.23645316598425
1.78049234903823 -0.5504241987325577 1.241611431508615
1.790247796857804 -0.5539710682184564 1.245502259466141
1.797413686900916 -0.5565907364617766 1.24840744092787
1.802661688401859 -0.5585170212190277 1.250560618014796
1.806496710563323 -0.559928841966258 1.252147815793467
1.809294744674958 -0.5609611320677222 1.25331318889303
1.811333835389784 -0.5617146123245227 1.254166388011874
1.812818588936136 -0.5622638892700782 1.254789724905912
1.8138990461502 -0.5626639315909436 1.255244431803883
0.4612861818310757 -0.1951671009058246 1.138808185036414
0.4624622746639976 -0.1954715413047482 1.138619174889041
0.464077916921698 -0.1958895853277504 1.13836031850555
0.466295717836464 -0.1964630773117008 1.138006457055571
0.4693370919862476 -0.1972488674544787 1.137523982418456
0.4735024216603874 -0.1983226114327174 1.136868351212082
0.4791950629349994 -0.1997906346726214 1.135982250761163
0.4869565325312294 -0.2017862534473963 1.134792079755825
0.4975007485916519 -0.2044895245125241 1.133208455619716
0.5117569895370693 -0.2081302200290531 1.131127917778437
0.5309075580557671 -0.2129952524426555 1.128441903784687
0.5564093343007332 -0.2194288223464755 1.125056708072945
0.5899763976366439 -0.227820007715314 1.120929808715423
0.6334884094159969 -0.238569255399801 1.116126067466429
0.688782935867352 -0.2520253557826515 1.110888756969405
0.7572997366133645 -0.2683908589054672 1.105703411586867
0.8407108527830564 -0.2883649107686945 1.101294522133852
0.9372911746503594 -0.3124721769933351 1.099178298882018
1.043439945868343 -0.3396945067891475 1.100638538766065
1.144324686244632 -0.3657578927795871 1.105463277147882
1.254268164409288 -0.3945864447858681 1.114915168107202
1.358054341143705 -0.4228444982031045 1.128356167186399
1.451160750320063 -0.4490828264723851 1.144247275828925
1.531255343727648 -0.4733969076110598 1.160855907559237
1.597478210858347 -0.4943708084412071 1.177288302456938
1.65045198924651 -0.5116829254751911 1.192315721791962
1.691815925459888 -0.5255472406609515 1.205267039110557
1.723519064817704 -0.5363870714788322 1.215943133188351
1.747478401578915 -0.5447059602048007 1.224455797464368
1.765396278225162 -0.5510001055950555 1.231077501867253
1.778692402755975 -0.555711844179013 1.236135042724838
1.788502727665978 -0.5592110521671485 1.239946219948484
1.795710846496917 -0.5617945144858134 1.242789952763394
1.80099084998753 -0.5636936428490702 1.244896533182646
1.804849852246023 -0.565085279073222 1.24644882318431
1.807665703948762 -0.5661026622494374 1.247588269800628
1.809717963500877 -0.5668451855384586 1.248422331514518
1.811212405618298 -0.5673864354093271 1.24903160731987
1.812299967709516 -0.5677806116533952 1.249476014947696
0.460746511008003 -0.1964327860096653 1.128732788799832
0.4619210631975545 -0.196735262650275 1.128542378308895
0.4635345683086458 -0.1971506960095195 1.128281606803898
0.4657493777314741 -0.197720764991632 1.127925127743265
0.4687865887501747 -0.1985021647324317 1.127439089751717
0.4729459796179659 -0.1995708067958646 1.12677866994086
0.4786305997582432 -0.2010321656241296 1.125886017251744
0.4863806595825233 -0.2030211734282107 1.124687171159714
0.4969088478626212 -0.2057191959178625 1.123092183908269
0.5111425106272107 -0.2093596063861302 1.120997202381129
0.530261193711354 -0.2142364723931719 1.118293816124428
0.555717870039981 -0.2207072760793811 1.114889922767345
0.5892210897869312 -0.2291841855784178 1.110747973535661
0.6326428727125648 -0.2401050992389483 1.1059446824815
0.6878104490474026 -0.2538746242225133 1.100747735705425
0.7561501638087058 -0.2707699197110124 1.095686873338323
0.8393400232690891 -0.2914772228898908 1.091571351107306
0.9356931117574028 -0.3163505801027412 1.089913956593038
1.041596892278252 -0.3443904316561094 1.091988426324697
1.142176214146948 -0.3713795216495355 1.097565961792796
1.251823403587042 -0.4010138280363663 1.107654323230093
1.355346217721564 -0.4299230424403108 1.121632026795573
1.448297403424862 -0.4566682547505858 1.137945621977325
1.528270928104883 -0.4809733789171266 1.154848094848333
1.594519247007566 -0.5018728273457572 1.171327876491141
1.647580029853644 -0.5190534917509901 1.186250452066691
1.689063027668309 -0.5327692834144395 1.199022071276456
1.720892975495668 -0.5434674462943532 1.209497840543238
1.744971147655393 -0.5516630422377635 1.217821095301525
1.762992017840296 -0.5578557441297266 1.224278888285926
1.776372900568766 -0.5624870972483919 1.229202165635989
1.786250541337665 -0.5659241926978499 1.232907239110473
1.79351081386161 -0.5684605057337501 1.23566915460673
1.798830520645868 -0.5703242870860787 1.237713714104621
1.802719366319954 -0.5716896599134951 1.239219552825678
1.805557439888258 -0.5726876512692574 1.240324505359317
1.807626148378217 -0.5734159233451736 1.24113310859204
1.80913270531171 -0.5739467338949856 1.241723680242046
1.810229158291679 -0.5743332817754906 1.242154388390738
0.4600934349463754 -0.1979510223695842 1.11680567846407
0.4612656602787766 -0.1982513914906577 1.116613689218274
0.4628759632030984 -0.198664026729142 1.116350755586296
0.4650863432273885 -0.1992304337889944 1.115991315729934
0.4681174736818193 -0.200007150424923 1.115501236420433
0.4722683766792505 -0.2010704181449815 1.114835368124168
0.4779417275787451 -0.2025247279345507 1.113935219640633
0.4856762522617245 -0.2045069289420045 1.112726387052337
0.4961833892909855 -0.2071999032167203 1.111118206148603
0.5103886517661119 -0.2108411807354377 1.1090062613702
0.5294691507567713 -0.2157330799551503 1.106282149047652
0.5548745086560528 -0.2222484504930806 1.10285540436501
0.5883082714376793 -0.2308263668716531 1.098694062629247
0.6316344068109068 -0.2419488492150179 1.093888723001474
0.6866663555924786 -0.2560872894651142 1.088736494822638
0.7548069315487151 -0.2736100539649778 1.083821605126877
0.8373638115332689 -0.295070566273789 1.080047203056619
0.9328631355608545 -0.3206079551400883 1.078843857867185
1.037916909175898 -0.3493456007980376 1.081462542852531
1.14071441313986 -0.3780165292286379 1.087992680510397
1.249737211081627 -0.4086351075979286 1.098953777617528
1.352722543912858 -0.4383383375279697 1.113650444758544
1.445309349367807 -0.4656999693481697 1.130515790720174
1.52501966669875 -0.4900793557799081 1.147813799288548
1.591155242177408 -0.5108760861767792 1.164366781047808
1.644235776909433 -0.5278890648189662 1.179163258680445
1.685812063361653 -0.541419397326439 1.191711908391539
1.71776503154375 -0.5519423519159311 1.201937963781369
1.741968452913053 -0.5599862580032412 1.210024965377692
1.760102388889479 -0.5660545423023546 1.216278373148824
1.77357845158671 -0.5705874995166553 1.221034312587054
1.783532723214254 -0.5739486652948366 1.224607203305891
1.790852882430118 -0.5764273910773887 1.227267227896284
1.79621844014301 -0.5782480260527771 1.229234570287784
1.800141883310216 -0.5795813536777856 1.230682587685421
1.803005787114247 -0.5805556908984127 1.23174460869102
1.805093651119405 -0.5812665827168642 1.23252152909746
1.806614334824813 -0.5817846635187306 1.233088824794517
1.807721164886198 -0.58216191016475 1.233502485556674
0.4637485762877669 -0.1892547540214476 1.163019859505617
0.4649256716820281 -0.1895689850450203 1.162830876737798
0.4665427581120684 -0.190000219922453 1.162572052693256
0.4687627338925515 -0.190591346095917 1.162218236028335
0.4718073696830702 -0.1914004339215073 1.16173580192212
0.475977895438877 -0.1925040168938422 1.1610802530466
0.4816783163269075 -0.1940106612051092 1.160194005072467
0.4894524767049765 -0.1960526634130317 1.159003474689257
0.5000172559304555 -0.1988084679124581 1.157418759542218
0.5143070683364716 -0.2025012321245515 1.155335293132391
0.5335123202178287 -0.2074025254776811 1.152641871640427
0.5591020569330957 -0.2138258675196005 1.149238789710005
0.5928071917748211 -0.2221049982715707 1.145070355939082
0.6365275758739887 -0.2325493546410175 1.140174208980003
0.6921194501985977 -0.2453724478763852 1.13474130602768
0.7610296022614734 -0.2605991969754121 1.129166065050927
0.8437268364223627 -0.278577400348479 1.123947875530624
0.9389646065976045 -0.3001842327654095 1.120324761805955
1.04393229916804 -0.3246643007299775 1.119568478157013
1.153590625811266 -0.3504697828135977 1.122937946302036
1.263319652648476 -0.3774594554625948 1.131107805455837
1.366973471846637 -0.4041899951823619 1.14337987739074
1.460122998058811 -0.4294604303022126 1.158270729259334
1.539815535024718 -0.4537202551124463 1.174174643100778
1.605545420545394 -0.4747215818716605 1.190384384851308
1.658078953780733 -0.4922045138538286 1.205514398475682
1.699043740587747 -0.5062975334581443 1.218745614679576
1.730394144621725 -0.5173706253749528 1.22976731568696
1.754053322596886 -0.525899669965002 1.238622163326434
1.771724816022708 -0.5323703217533509 1.245547800029575
1.784824718176171 -0.537223757361173 1.250858379049091
1.794482421455349 -0.5408334196035424 1.254871701028418
1.801573942479643 -0.5435012458981129 1.257872481408362
1.806766044083781 -0.5454639030615066 1.260098743374899
1.810559442132053 -0.5469029002418844 1.261741017548405
1.81332670696092 -0.5479553430198254 1.262947477821904
1.815343147249856 -0.5487236821096662 1.26383110537362
1.816811301589822 -0.5492838755935214 1.264476858946581
1.817879622835833 -0.5496919134417942 1.264948018226629
0.4637181528047051 -0.1893289210780308 1.16165931022871
0.4648952402790969 -0.1896427195916707 1.161469985813161
0.4665123068985043 -0.1900733744338892 1.161210694923175
0.4687322359710279 -0.1906637303453583 1.16085624133138
0.4717767780885045 -0.1914718110489147 1.160372942035272
0.475947106705143 -0.1925741437839263 1.15971622510128
0.4816471923804353 -0.1940791695875002 1.158828404381514
0.4894207077037264 -0.1961193362054288 1.157635786825009
0.4999843167012086 -0.1988732371105277 1.156048341460388
0.5142720505718699 -0.2025644933407751 1.153961389713209
0.5334737047511511 -0.2074656476804302 1.151263692573128
0.5590574178256043 -0.213892063803378 1.147855713952628
0.5927528926694571 -0.2221806878560917 1.143682387230337
0.6364586562290223 -0.2326460723622867 1.138782857376234
0.6920300594058494 -0.2455091073869418 1.133351106277645
0.7609144624322158 -0.2608040595571605 1.127786820858143
0.8436879318260392 -0.2789118891200691 1.122602272402924
0.9390583612464474 -0.3006916420326411 1.119061934461341
1.044142862199212 -0.3253602143549032 1.118442915929253
1.15301722015015 -0.3511114168889226 1.121863635934659
1.262785239303683 -0.3782028503501536 1.130086189424516
1.366469347645064 -0.4050176877752744 1.142409253679117
1.459613785151312 -0.4303196692287009 1.157345900585947
1.539365415754944 -0.4545956892201093 1.173280315817797
1.605138905523809 -0.4755974928680824 1.189498544043002
1.657706975439075 -0.4930719941810355 1.204621594783949
1.698700216870827 -0.5071527996272323 1.217837399091327
1.730074186689198 -0.5182131132380919 1.228840673195346
1.753752603781324 -0.5267305101857084 1.237677484133355
1.771439481842839 -0.5331913180408633 1.244587186960999
1.784551435181166 -0.5380368238532691 1.249884541335663
1.7942184137864 -0.5416402927619597 1.253887319633037
1.801316974105589 -0.5443033838845169 1.256879920424281
1.806514360817939 -0.5462624738198376 1.259099955994648
1.810311694100125 -0.547698811637324 1.260737553198156
1.813081869908476 -0.5487492862392581 1.261940533279003
1.815100455392233 -0.5495161766808003 1.262821588650753
1.816570184552698 -0.5500753078157786 1.263465450637725
1.817639659060349 -0.5504825688181182 1.263935223567978
0.4636727715145545 -0.1894394592138512 1.159635503229353
0.4648498343099749 -0.1897526195995541 1.159445667736147
0.4664668542872291 -0.1901824186526549 1.159185678334969
0.468686691317599 -0.1907716381104288 1.158830271486259
0.4717310650476327 -0.1915782328947487 1.158345676781674
0.4759010641419423 -0.1926787214029648 1.157687209987412
0.481600607824184 -0.1941813590955985 1.156797031416452
0.4893731157323885 -0.1962188181580856 1.155601281444182
0.4999349383004272 -0.1989699125885238 1.154009732529787
0.514219550759253 -0.2026589498532357 1.151917531219855
0.5334158642182489 -0.2075599147619928 1.14921337397371
0.5589907041802038 -0.2139909058575696 1.145797959651213
0.5926720126738263 -0.2222936310324349 1.141617130908805
0.6363563628670563 -0.2327902564061214 1.136712256773095
0.6918977109705178 -0.2457126868147798 1.131281822158075
0.7607440077245566 -0.2611092051565738 1.125733406618353
0.8436222964169774 -0.2794072849293496 1.120598330721954
0.9391778108954666 -0.3014388098513634 1.117178036922381
1.044425874271733 -0.3263821043584365 1.116757143287871
1.152197044822382 -0.3520692118908987 1.120259311043255
1.262015728950944 -0.3793135583479857 1.128562289954236
1.365738377667903 -0.4062551570168625 1.140962456782296
1.458871805951632 -0.4316077466366436 1.155967993274035
1.538704467742112 -0.4559076542385484 1.171948061550299
1.604538365168801 -0.4769099423058918 1.188178372683623
1.65715500778206 -0.4943716812951834 1.203290127457643
1.698188845472216 -0.5084341168993581 1.216481958891878
1.729596808181439 -0.5194752505236786 1.227456831722221
1.753303191187505 -0.5279751804320467 1.236265954622634
1.77101254925742 -0.53442123338999 1.2431512517998
1.784142174049912 -0.5392548567569027 1.248428377497693
1.793822786519119 -0.5428490468874051 1.252415042053978
1.800931711207858 -0.5455050446441045 1.255395149389072
1.806136888575113 -0.5474587912121133 1.257605678557337
1.809940027463645 -0.5488911457535274 1.259236136956397
1.812714500308729 -0.5499386724582138 1.260433805968892
1.814736253748086 -0.550703393184531 1.261310936489971
1.816208309253446 -0.5512609332054799 1.26195191238334
1.817279487742976 -0.5516670307095335 1.262419570213074
0.4636059632543776 -0.1896020284576434 1.156667371900776
0.4647829619659675 -0.1899142638481287 1.156476784525155
0.4663998763625158 -0.1903428223917256 1.156215767218419
0.4686195294777227 -0.190930394492013 1.155858957092272
0.471663593114459 -0.191734835339173 1.155372454455027
0.4758330297687228 -0.1928326513616515 1.154711408572342
0.4815316834166374 -0.1943318269096199 1.153817751524808
0.4893026075997846 -0.196365362478636 1.152617374205365
0.4998617064067528 -0.1991123927622081 1.151019752183289
0.5141416683327455 -0.2027982250196217 1.14891976160196
0.533330158073509 -0.2076989462397638 1.146205982857814
0.5588921504341197 -0.2141366475925499 1.142779429185937
0.5925530900295984 -0.222460002963719 1.138587240571338
0.6362067240076698 -0.2330023487782236 1.133674019028412
0.691704828632101 -0.2460118168845229 1.128244866149848
0.7604956988978928 -0.2615574654248154 1.122719053141549
0.8435085862502494 -0.2801287070729871 1.117655576438508
0.9393072356978664 -0.3025169646502781 1.11440492377626
1.044770492211197 -0.3278497431659061 1.11426162838847
1.151060718695649 -0.3534781634311203 1.117894072003717
1.260938339602899 -0.3809495121108323 1.126319658735961
1.364704152598242 -0.4080793897617221 1.138835894623236
1.457815007693108 -0.4335136896356577 1.153944420829293
1.537752578216708 -0.457847998576615 1.169992541602006
1.603666203633132 -0.4788503917076631 1.186239957975285
1.656348606777163 -0.4962928695613648 1.201333686273804
1.697438657204969 -0.5103278993064508 1.214488632373622
1.72889446609858 -0.521340521936842 1.225420184486441
1.752640648130249 -0.5298145306453187 1.234187243438925
1.7703822316413 -0.5362387074445137 1.241035547737545
1.783537311318201 -0.5410547230628194 1.246282054998377
1.793237626660284 -0.5446351683964141 1.250244352129922
1.800361562686946 -0.5472806610116928 1.2532055784567
1.805578041159091 -0.5492264953387126 1.255401746976457
1.809389610765517 -0.5506529522008398 1.257021424467605
1.812170328397817 -0.5516961145185711 1.25821107443129
1.814196688283159 -0.5524576231041138 1.259082279755011
1.815672127795795 -0.5530128076402021 1.259718899025976
1.8167457856734 -0.5534171827337594 1.260183364269935
0.4635094306124182 -0.1898365254733865 1.152403313005972
0.46468627918323 -0.1901474542346704 1.152211646183075
0.4663029644264196 -0.1905742604551149 1.151949152639547
0.4685222512384333 -0.1911595055082744 1.151590326253371
0.4715657374270016 -0.1919609037096264 1.151101080432811
0.4757342001414845 -0.1930549464154646 1.150436323033832
0.4814313749302034 -0.1945492304508266 1.14953765400974
0.4891997986022554 -0.1965772264425957 1.148330597988252
0.4997547608488163 -0.1993185241228319 1.146724190127609
0.5140278773286658 -0.202999852753707 1.144612894558543
0.5332051243019299 -0.2079002928787491 1.141885087522983
0.5587489709832576 -0.2143476326519685 1.138442180075097
0.5923814505697259 -0.2227005140848596 1.134233110997733
0.6359923403862234 -0.2333083222682368 1.129307076957549
0.6914300332196262 -0.2464426352241272 1.123878717183258
0.7601422961963267 -0.2622027791520469 1.118384337055582
0.8433078835016009 -0.2811538105405045 1.113422135059282
0.9393941529915235 -0.3040274537885291 1.110402341692604
1.045111160961574 -0.3298902110719491 1.110631325477713
1.149561013536329 -0.3555067482004315 1.11447196862991
1.259491902932567 -0.3833090703461209 1.123083865153239
1.363292869275273 -0.4107135327536925 1.135773578358012
1.456359477669108 -0.4362801395259273 1.151034527634919
1.536419931359317 -0.4606622845614307 1.167183496483815
1.602430652056148 -0.481663403385808 1.183455051056763
1.655196916023222 -0.4990769894725386 1.198520687426368
1.696361372600834 -0.5130716409225137 1.211619835226091
1.727882138842168 -0.5240424987867304 1.222486370778064
1.751683239538487 -0.5324786391288608 1.231190544355029
1.769469755892663 -0.5388709050326541 1.23798367181446
1.782660568413166 -0.543661259190619 1.243184576783855
1.792388666113561 -0.5472216844259385 1.247110617196345
1.799533833284232 -0.5498518814599278 1.250043768827799
1.804766328702113 -0.5517861983990278 1.252218593859504
1.808589864445703 -0.5532040718224969 1.25382225334592
1.81137945465918 -0.5542408829891521 1.25499999143961
1.813412364153854 -0.5549977175567183 1.255862396537285
1.814892617672792 -0.5555494747823527 1.256492545902942
1.815969803983514 -0.5559513437949862 1.256952270247174
0.4633737325555714 -0.1901654575289396 1.14645594934343
0.4645502568805689 -0.1904746070613415 1.146262785978247
0.4661664692154678 -0.190899027156961 1.145998244853075
0.46838504291862 -0.1914811034718201 1.145636620166699
0.4714274619454343 -0.1922783585258342 1.14514356386412
0.4755942363268311 -0.1933672669211602 1.144473644850342
0.4812889490092179 -0.1948548885298727 1.143567994388487
0.4890534326779727 -0.1968753471204205 1.142351614852601
0.4996021706915293 -0.199608856005463 1.140732905332794
0.5138653920037083 -0.2032840998553133 1.138605716488773
0.5330269147093178 -0.2081842824109016 1.135858076100562
0.5585460106819358 -0.2146450601280435 1.13239185662066
0.5921403024676878 -0.223038896602073 1.128158392090418
0.6356942215269815 -0.2337375521978021 1.123213202890518
0.6910509889018188 -0.2470455460817321 1.117784301641391
0.7596557121939455 -0.2631052050837361 1.112332214634795
0.8429529121453863 -0.2825604381670934 1.107508752210275
0.9393148046194661 -0.3060563033239702 1.104786732896259
1.045270591858378 -0.3325979204707585 1.105484222001964
1.14772396319052 -0.3583387459688744 1.109652335355193
1.257667780295018 -0.3866111586411893 1.118545144007642
1.361465923115949 -0.414405565274916 1.131491038682167
1.45454220266518 -0.4402689400529718 1.14697102802945
1.534628179534235 -0.4646305958683112 1.163270920384836
1.600741131130423 -0.4856269066533095 1.179576584179681
1.653604422523577 -0.5029976674057823 1.194599941408875
1.694860877267731 -0.5169339605604244 1.207616841452931
1.72646531936326 -0.5278449611970816 1.218388174083621
1.750338933713228 -0.5362270452775789 1.227000595049864
1.7681856845633 -0.5425738610829763 1.233713398098061
1.781424859113187 -0.547327715405006 1.238848015022708
1.791190793208062 -0.5508596895492237 1.242721405532836
1.798364995208984 -0.5534681620577424 1.2456138171732
1.803619456917633 -0.555386126979904 1.24775768503056
1.807459435751018 -0.5567918171071163 1.249338119435282
1.810261234827734 -0.557819615101268 1.250498590140799
1.81230316554525 -0.5585698173759374 1.251348240534969
1.813790054332767 -0.5591167117466767 1.251969013649535
1.814872106392568 -0.5595150251856151 1.252421867928655
0.4631900965848452 -0.1906091941223015 1.138493972280695
0.4643659759969802 -0.1909160401286359 1.138298831959299
0.4659812736182314 -0.1913373710115829 1.138031584347344
0.4681985208533516 -0.191915344939422 1.137666257963968
0.4712390292897333 -0.1927072362708373 1.137168155326154
0.4754029347288024 -0.1937895052210669 1.136491390314726
0.4810936120660828 -0.1952684991261321 1.135576460705942
0.4888519792057195 -0.1972792122868166 1.134347654407685
0.4993915289116748 -0.2000026731271941 1.13271248675503
0.5136408286949801 -0.2036701339179208 1.130563926597965
0.5327811602188183 -0.2085702236920063 1.127789432504825
0.5582680522366004 -0.2150489894975441 1.124291340947781
0.5918138590799994 -0.2234972431609772 1.120024004120924
0.635296228803171 -0.2343166661542375 1.115051270660812
0.6905507015062623 -0.2478562763053111 1.109619193729124
0.7590154441153236 -0.2643173300196903 1.104221558931951
0.8423386182392798 -0.2844001823037711 1.099580174163216
0.9388345518512272 -0.3086274234989995 1.097215023155147
1.044890956384809 -0.3359653373579715 1.098451206925202
1.145722582163049 -0.362126308407442 1.103114082386284
1.255571696320418 -0.3910421445612077 1.112423534758366
1.359272313540078 -0.4193699047906183 1.125740204022704
1.452308853768971 -0.445660658977683 1.141529376732374
1.532350372378008 -0.4700088955347993 1.158048709488056
1.59854069199451 -0.4909929777291213 1.174402880771697
1.651498535877045 -0.5083016503614914 1.189365768375229
1.692857501450828 -0.5221560306908615 1.202266038390532
1.724561961023414 -0.5329839517954141 1.212902977726535
1.74852565082944 -0.5412914146209891 1.221386258976565
1.766448911706276 -0.5475756821716316 1.227986238011515
1.779750356315218 -0.5522793992356223 1.233027877747082
1.789565430469399 -0.5557723391949085 1.236827493813107
1.796777556150144 -0.5583510299646557 1.239662859464731
1.802060819061004 -0.5602465902759146 1.24176340092059
1.805922414111696 -0.5616355936816726 1.243311341689315
1.808740292428012 -0.5626510500097368 1.244447659823777
1.810794119644661 -0.5633921722769566 1.245279472652991
1.812289766563249 -0.5639324098798747 1.245887134372376
1.813378245316344 -0.5643258564631852 1.24633038250314
0.462954066098484 -0.1911772824281709 1.128400506521601
0.4641287773746059 -0.1914813370450131 1.128202915704094
0.4657424468465932 -0.1918989246292153 1.127932310794551
0.467957393326867 -0.1924719278061751 1.127562387976561
0.4709946760344097 -0.1932573206893778 1.127058010260036
0.4751539273383307 -0.1943315590307521 1.126372716087101
0.4808382499800999 -0.1958000973824712 1.125446195044816
0.4885874441747663 -0.197799028870434 1.12420181091743
0.499113887848776 -0.2005103842320055 1.122545915032883
0.5133443558588606 -0.2041685900613594 1.120370271514161
0.5324574865882609 -0.2090689988691493 1.11756146501538
0.5579049422943432 -0.2155705931508785 1.11402218779375
0.5913934543257212 -0.2240871800088623 1.109710329955556
0.6347927284472661 -0.2350582909097632 1.104700089511907
0.6899274259499326 -0.2488899579387154 1.099260620379189
0.7582215251550699 -0.2658602960670849 1.093929227796717
0.8413278988926746 -0.2866597513816351 1.089514016095954
0.9375986096056208 -0.3116451200944796 1.08753740969166
1.043408908243148 -0.3398049801289738 1.089319891076462
1.143935385982771 -0.3669105822460144 1.094677797935681
1.253478616800445 -0.3966638730197344 1.104586405741352
1.356901287261833 -0.4256848503053348 1.118422284819157
1.44976315932316 -0.4525299421710635 1.13463292276219
1.529661740935884 -0.4769193902972353 1.15146001152495
1.595852619911761 -0.4978781688298275 1.167883464231264
1.648872974011728 -0.515100160788034 1.182765823393565
1.69032871761595 -0.5288444108031298 1.195509561200246
1.722140884257515 -0.5395621551613712 1.205966385558919
1.746207746322729 -0.547771327969311 1.21427692597936
1.764221573219192 -0.5539735275151763 1.22072623307091
1.777598149084608 -0.5586116169312522 1.225643856921917
1.787473215001677 -0.5620535414705988 1.229345159325956
1.794731991728293 -0.5645933490952565 1.232104553715984
1.800050863157256 -0.5664596781374588 1.234147421795964
1.80393927552026 -0.5678269207500183 1.235652123388579
1.806777149297545 -0.5688262878567454 1.236756309161264
1.808845795294806 -0.5695555755749132 1.237564394781246
1.810352364615845 -0.5700871383027227 1.238154617669201
1.81144886494717 -0.5704742432009072 1.238585089981123
0.4626699868178764 -0.1918576897366749 1.116453588402716
0.4638428021908536 -0.1921586250796223 1.116253193997476
0.4654538581061634 -0.1925720300746442 1.115978744478162
0.4676651734291419 -0.1931394797841053 1.115603551533176
0.4706974580789323 -0.1939176138276406 1.115091966328885
0.4748497040574993 -0.1949829031715789 1.114396852933185
0.4805246763974139 -0.1964397610439549 1.1134569434888
0.4882609075005372 -0.1984255763627463 1.112194490582905
0.498769651961135 -0.2011235235232016 1.110514417325476
0.5129760061537946 -0.2047716727115695 1.108306953462281
0.5320562963077295 -0.2096731139210802 1.105457451203926
0.5574588734136919 -0.2162017960593954 1.101868714351777
0.5908853558039825 -0.2247983471005221 1.097502431093317
0.6341970662544965 -0.2359469432643783 1.092444767767457
0.6892042925862611 -0.2501218960880403 1.086992555367288
0.7573066569717052 -0.2676952860588542 1.081736546945482
0.8397925405260652 -0.2892274005875868 1.077584468711905
0.9352146031282915 -0.3148642393312023 1.07598437615649
1.040175924148079 -0.343724479298554 1.078233170137779
1.142905527181064 -0.3725340698334606 1.084466386188641
1.251814602067899 -0.4033086832691658 1.095193972978808
1.354683876377211 -0.4331731907081779 1.109721162396492
1.447159515164819 -0.4606908283803709 1.126477835779957
1.526769527979542 -0.4852126856199407 1.143713527720595
1.59281937687995 -0.5061270700179243 1.160234846861394
1.645831185743403 -0.5232347942520947 1.175019754176204
1.687354200596449 -0.5368395437733358 1.187568378289855
1.719266922317951 -0.5474198572058432 1.197800074540027
1.743440515951613 -0.5555073775052614 1.20589479108207
1.761552660622922 -0.5616084601624012 1.212156021711882
1.775012960295521 -0.566165914023776 1.216918975921776
1.784955923583988 -0.5695452706259498 1.220497750156794
1.79226801569817 -0.57203744772752 1.223162512124555
1.797627842687775 -0.573867998902899 1.225133568119102
1.801547231875607 -0.575208622265881 1.226584445523555
1.804408270481291 -0.5761883156558905 1.227648640706334
1.806494119526817 -0.5769031360356467 1.22842720035806
1.808013386999036 -0.5774240959410273 1.228995724235157
1.809119222641395 -0.5778034506813855 1.229410300546871
0.4649317393914609 -0.186332362878051 1.163008914306718
0.4661079009620184 -0.1866505986618245 1.162816199495389
0.4677236583085038 -0.18708730777847 1.162552276879889
0.4699417454430391 -0.1876859036669888 1.16219151191544
0.4729837034159636 -0.1885051591681541 1.1616996363194
0.477150319704326 -0.189622937702493 1.16103142567468
0.482845558009066 -0.1911478248032126 1.160127881860158
0.4906122922447299 -0.193214860377674 1.158914417096722
0.5011667587081451 -0.1960040074233252 1.15729942115386
0.5154423960556784 -0.1997406946400861 1.15517655832362
0.5346283871250878 -0.204698983469143 1.152432895586178
0.5601923892058261 -0.2111948101773847 1.148967461656427
0.5938638603269762 -0.2195636671573682 1.144724469022491
0.6375413797904683 -0.230115188870381 1.139743610437841
0.6930804460730714 -0.2430603826748698 1.134221139554334
0.7619280243905906 -0.2584179262813046 1.128560753681374
0.8445519568253365 -0.2765261066941723 1.123268013842729
0.9397098351917097 -0.2982444280383704 1.119572660274161
1.044595545927817 -0.3228035984845367 1.118751769795221
1.154177141108728 -0.3486472095365302 1.12206059232756
1.263840064306171 -0.375635587538299 1.130144339087475
1.367447329751803 -0.4023275583297148 1.142309581378491
1.460573311895687 -0.4275307073884385 1.157083713593697
1.540269625833588 -0.4517052595706193 1.172854210348964
1.606028141392372 -0.4726039900933853 1.188926972277018
1.65860455343683 -0.4899832492462903 1.203930403548866
1.699617025689221 -0.5039817546280431 1.217052850541436
1.73101336808721 -0.5149743066087107 1.22798571998919
1.754713175490765 -0.5234378366417629 1.236770561683705
1.772418653706465 -0.5298569116031572 1.243642391754241
1.785545927117226 -0.5346706787365305 1.248912335960657
1.795225096977316 -0.5382503362398643 1.252895346085102
1.802333152234824 -0.5408957413702828 1.255873714960536
1.8075378174987 -0.5428417887396972 1.25808350754694
1.811340674468726 -0.5442685596313738 1.259713733091073
1.814115012371236 -0.5453120431854144 1.260911407370328
1.816136712160725 -0.5460738372707505 1.261788640334127
1.817608770367472 -0.5466292638290006 1.262429750554488
1.818679975027491 -0.5470338344621344 1.262897539236996
0.464939151736772 -0.1863135918574105 1.161650306721041
0.4661153672074408 -0.186631282342777 1.161457122728139
0.467731189255861 -0.1870672569786161 1.161192558228473
0.4699493445530705 -0.1876648713774349 1.160830916342255
0.4729913648933734 -0.1884828317306206 1.160337847037009
0.4771579974110192 -0.1895989594789751 1.159668016754641
0.4828531799412185 -0.1911217077909294 1.158762290796623
0.4906196440543901 -0.1931861963795702 1.157545907508298
0.5011734317850696 -0.195972492555799 1.155927057215135
0.5154476235734627 -0.199706425804578 1.153799198486271
0.5346308125205887 -0.2046629646438978 1.151049246853258
0.5601897584795779 -0.2111598312929147 1.14757626208998
0.5938526953787058 -0.2195356968546923 1.143324926791887
0.6375168285935763 -0.2301053499756568 1.138336283702778
0.6930366739834841 -0.243087328849787 1.132809481211152
0.7618596376748749 -0.2585099684006055 1.127153425775395
0.8445589790472064 -0.2767455658053499 1.121885600914785
0.9398498936394475 -0.2986365924788969 1.118262810042307
1.044852403319308 -0.3233857443361717 1.117570244240857
1.153651324951588 -0.3491774926805692 1.120925391447892
1.263351787389735 -0.3762724290943036 1.129058791019512
1.366987101927362 -0.4030550309834888 1.141273572724987
1.460105297529129 -0.4282971511648734 1.156093530427848
1.539857170689837 -0.4524953812663588 1.171895793650234
1.605655559228177 -0.4734017984520132 1.187978932271452
1.658262926663614 -0.4907790940073881 1.202977457369084
1.699300658753472 -0.5047708787050331 1.216086422287346
1.730717870247235 -0.5157551311776974 1.227002526324108
1.754434731759655 -0.5242105554911688 1.235770686077842
1.772153876791318 -0.5306225239608132 1.242627648022526
1.785291879882875 -0.5354304425800831 1.247885186089441
1.794979324891118 -0.5390054698398509 1.251858271011987
1.802093670897576 -0.5416473031569495 1.25482892227029
1.807303065829885 -0.5435906435263397 1.257032830822896
1.811109448413338 -0.5450153881517182 1.258658631712531
1.8138863963857 -0.5460573677887707 1.259853010954051
1.815910021294991 -0.5468180528988401 1.2607278073227
1.817383493474036 -0.5473726650943941 1.261367124940449
1.818455734201017 -0.5477766397176357 1.261833599503001
0.4649501373019926 -0.1862857314268779 1.159630185927635
0.4661264197057179 -0.1866026149838667 1.159436301119423
0.4677423203593377 -0.1870375026845738 1.159170777681522
0.4699605538620161 -0.1876336645019633 1.158807825441702
0.4730026371029104 -0.1884497078670807 1.158312971861107
0.4771692564076621 -0.1895633920130522 1.157640719638998
0.4828643112594869 -0.1910829734161322 1.156731728671354
0.4906303240125161 -0.1931436896852629 1.155510975084115
0.5011830545106246 -0.1959257614942576 1.15388634679401
0.5154550644882214 -0.1996556105799528 1.151750987342721
0.5346340946001356 -0.2046095479716417 1.148991573326323
0.5601856063729196 -0.2111079429997382 1.145507191407965
0.5938360539800561 -0.2194941860620057 1.141243199422561
0.6374806170366116 -0.2300907344254179 1.136242625668052
0.692972281205393 -0.2431273639294965 1.130708920025498
0.7617588483351259 -0.2586468821057649 1.125058782646344
0.8445618646451916 -0.2770693047120481 1.119827397556419
0.940038333510823 -0.2992115499001806 1.116309430194296
1.045204298835061 -0.3242373818206184 1.11580151252384
1.152902443188572 -0.3499686371385831 1.119230438023829
1.26265141027001 -0.3772234953918664 1.127439480484458
1.36632194753034 -0.4041421661401143 1.139729021057151
1.459425156430695 -0.4294458445204882 1.154617783284385
1.539252806986178 -0.453679031800013 1.170467540754773
1.605106058052916 -0.4745966289198577 1.186565592440408
1.657756672588679 -0.4919707732722026 1.201555932910666
1.698830245987089 -0.5059523623179834 1.214643861198976
1.730277433367794 -0.5169241048284348 1.225534101686933
1.754019003599248 -0.5253673400425094 1.23427664839433
1.771758066340103 -0.5317686345072046 1.241110840403916
1.784911768793515 -0.5365677743332367 1.246349407984041
1.794611354541487 -0.5401358542369633 1.250307330971353
1.80173494713218 -0.5427723296639281 1.25326620032874
1.80695130311876 -0.5447116100815255 1.255461130134508
1.810762879405123 -0.546133316053405 1.257080181267526
1.813543674853508 -0.5471730405385962 1.258269535028384
1.815570138893959 -0.547932062797333 1.259140615719615
1.817045697071627 -0.5484854539374159 1.259777199977664
1.818119466653599 -0.5488885349208074 1.260241670902098
0.4649661879749133 -0.1862449887508952 1.15666866698736
0.4661425399025534 -0.1865606976087371 1.156473752396777
0.4677585176469626 -0.1869940028719275 1.156206819589692
0.4699768155494868 -0.1875880497011827 1.155841940958874
0.4730189260762802 -0.1884013014837885 1.155344463198875
0.4771854444181003 -0.1895114267603791 1.154668647026627
0.482880213754585 -0.1910263938653317 1.153754847868475
0.4906454543498249 -0.1930816117568713 1.152527651788643
0.5011965257533896 -0.1958575222838564 1.150894493881193
0.5154652578187422 -0.1995814076695878 1.148748040378193
0.5346381921866682 -0.2045315337794338 1.14597459351313
0.5601789626989407 -0.2110321322227414 1.142473244785931
0.5938115008273107 -0.2194334951295042 1.138190298885099
0.6374280582044709 -0.23006932816083 1.133171656260384
0.6928792459821401 -0.2431859574807614 1.127627072602525
0.7616129275614226 -0.258847630505676 1.121984776164506
0.8445491058375887 -0.2775379660714168 1.116805832385054
0.9402692961046492 -0.3000357278622143 1.113435236901603
1.045650188551638 -0.3254535145214514 1.113184914783096
1.151871483323469 -0.3511313660119141 1.116732188804011
1.261676234285669 -0.3786233082966318 1.125056308268319
1.365385105863454 -0.4057437361159133 1.137458115213082
1.458459964832262 -0.4311450235537788 1.152449475551746
1.538384845713534 -0.4554287510631526 1.168369890353688
1.60430971595789 -0.4763620990791594 1.184489214944907
1.657018293865038 -0.4937310718707703 1.199466172856696
1.698141109269843 -0.5076972552097629 1.212521629995365
1.729630246946993 -0.5186502882698867 1.223372382669174
1.753406830740446 -0.527075363495079 1.232076009809461
1.771174351369372 -0.5334607856840224 1.238875693690074
1.784350607157609 -0.5382468855002814 1.244085557552501
1.794067697873125 -0.5418046526868316 1.248020563506969
1.801204655800235 -0.5444331782189981 1.250961637218288
1.806431090920495 -0.5463664362894959 1.25314301180895
1.810250196427076 -0.547783635713115 1.254751876199391
1.813036574238319 -0.5488200160739077 1.255933647237753
1.815067160145773 -0.5495765727248278 1.256799122388078
1.816545748110049 -0.5501281534379541 1.257431583478622
1.817621738961479 -0.5505299094927272 1.257893032206173
0.4649890898441187 -0.1861866989223722 1.152415871756096
0.4661654820642558 -0.1865007380816761 1.152219479871324
0.4677814910314016 -0.1869317938713813 1.151950524661992
0.4699997765806408 -0.1875228337674159 1.151582880695182
0.4730417906019424 -0.1883321158836211 1.151081633918567
0.4772079929630014 -0.1894371796836317 1.150400695292384
0.4829021453509318 -0.1909455801526721 1.149479978496271
0.4906660428758125 -0.1929929695379821 1.148243501056482
0.5012144966340386 -0.1957600999462743 1.146598032646048
0.5154783425307624 -0.199475473508706 1.144435528069558
0.5346425026498143 -0.2044201359241954 1.141641710041728
0.5601681403412803 -0.2109238265453414 1.138115615382658
0.5937757433676193 -0.2193467114666685 1.133804830923799
0.637353453495357 -0.2300386553237321 1.128759313017589
0.692748226994008 -0.2432698925545659 1.123197880050758
0.761407000227216 -0.2591358901463255 1.117565525454178
0.8444944180997329 -0.2781981154053483 1.112460343674498
0.9405030168793802 -0.3011788233726859 1.109288901035824
1.046137199981877 -0.3271294757633801 1.109381855937461
1.150524373563352 -0.3528030026843877 1.113118862575837
1.260377929110075 -0.3806401015979562 1.121617443041212
1.364115108110293 -0.4080542198320978 1.134186535045974
1.457137513623757 -0.4336103802172833 1.149329217845453
1.537174341897784 -0.4579649796275616 1.165354005584631
1.603184733220527 -0.4789194777418993 1.181503454319344
1.655966017265559 -0.4962798047194606 1.196459113224505
1.697153245881608 -0.5102228825191545 1.209465288979939
1.728698874050526 -0.5211482752012295 1.220256716785337
1.752523494539994 -0.5295466752405078 1.228902146668608
1.770330523829038 -0.5359088502422307 1.235650369195888
1.783538331454856 -0.5406758825996772 1.24081750004411
1.793280035351308 -0.5442185856866681 1.244718426175974
1.800435849862027 -0.5468355062404838 1.247633056116155
1.805676538426286 -0.548759976950566 1.249794298536469
1.809506308701726 -0.5501706026930286 1.251388039051851
1.812300602647541 -0.5512021059823221 1.252558555124081
1.814337038389254 -0.5519550672647074 1.253415711440043
1.815819928776998 -0.5525040082407058 1.254042054286339
1.816899075240433 -0.5529038325641003 1.254499018808929
0.465020769290945 -0.1861058680853978 1.146486667009761
0.4661971001372136 -0.1864176131865133 1.14628822723881
0.467812995622911 -0.1868455779297618 1.146016467458374
0.4700310566451261 -0.1874324851375509 1.145644986775298
0.473072667407859 -0.1882363098936381 1.145138507067699
0.4772380898171039 -0.1893344141505162 1.144450449628791
0.4829309698848893 -0.1908337774548884 1.143520106712625
0.4906925254656739 -0.1928703862720344 1.142270691278732
0.5012368525666359 -0.1956254111880666 1.140608021783685
0.5154935100301263 -0.1993290246455111 1.138423018577213
0.5346453584758104 -0.204266094553582 1.135600525209665
0.5601504155419172 -0.2107739626689547 1.132039395207765
0.5937247195536677 -0.2192264849312444 1.127688866705782
0.6372508821204723 -0.2299960564397025 1.122604431775425
0.69257032454893 -0.2433864998086971 1.117017568653774
0.7611267824449686 -0.2595376123195677 1.111397055270379
0.8443451330445975 -0.2790924725993139 1.106392399428936
0.9406306098009863 -0.3026908517201119 1.103475331996933
1.046503024096915 -0.3293233311446815 1.103996173120221
1.148901875922292 -0.3551315678699322 1.108032400086319
1.258762333521767 -0.3834580980823493 1.116793367523987
1.362487367212916 -0.4112884409342313 1.129608585597725
1.455508054230686 -0.4371724353668651 1.144967422362358
1.535555500018761 -0.4615383956526753 1.161147883400486
1.601652172599702 -0.4825192994166609 1.17733972539671
1.654515049601273 -0.4998650713662189 1.192262747666011
1.69578040404934 -0.5137739586937795 1.205196039404461
1.72739792360268 -0.5246592839199795 1.215900502554668
1.751285459596968 -0.5330193254332006 1.224460999292496
1.76914514642762 -0.5393482088094205 1.23113432124913
1.782395468668012 -0.5440879996352159 1.236239363430482
1.792170572619757 -0.5476092124701257 1.240090831685471
1.799352095698945 -0.5502095933254613 1.242967116401016
1.804612279003559 -0.552121548035218 1.245099182075514
1.808456667811719 -0.5535228147829518 1.246671012672369
1.811261829283131 -0.554547376603162 1.247825228105161
1.813306304660999 -0.5552952216410587 1.248670338411044
1.814795112603892 -0.5558404067524478 1.249287822862607
1.815878601713376 -0.5562374828142806 1.249738295386085
0.4650626682826307 -0.1859984819091922 1.138552118506428
0.4662387018008723 -0.1863072190278064 1.138350971222326
0.4678541578109659 -0.1867311300609744 1.13807550172613
0.4700715382924007 -0.1873126161277774 1.137698942806965
0.473112116118226 -0.1881092794813737 1.13718553048234
0.4772758704541009 -0.1891982493324834 1.136488030272427
0.4829662874406018 -0.1906857369123354 1.135544897206758
0.4907238382615224 -0.1927081677727825 1.134278252041856
0.5012617486804309 -0.1954472477177996 1.132592606020412
0.5155080612966433 -0.199135330014316 1.13037742911699
0.5346432294226731 -0.2040623010350233 1.127516273810892
0.56012159938164 -0.2105755361033547 1.12390757220386
0.5936538980460966 -0.2190670665721335 1.119502545377116
0.6371157245939205 -0.2299394257245442 1.11436389663474
0.6923403606494569 -0.243541815666891 1.108740102340561
0.7607639088242316 -0.260074760750207 1.10313251125503
0.844010067623184 -0.2802409797628673 1.0982592553004
0.9404319521333173 -0.304562840710082 1.095642840930158
1.046404808173582 -0.3319939797710222 1.096648238300256
1.147189788195394 -0.3582360196485217 1.101137102669918
1.256947990683718 -0.3872312572707318 1.11028623710064
1.360563531654553 -0.4156296471979144 1.123456151306148
1.453528270302685 -0.4419809568327365 1.13911858437814
1.533513087770096 -0.4663767307261137 1.155523707179814
1.599666214789095 -0.487387126231767 1.171774922704793
1.652603262604192 -0.5047087423706043 1.186650584124834
1.693952714125728 -0.5185682240018978 1.199480181132563
1.72565454785522 -0.529397131445191 1.210061737636435
1.7496193316911 -0.5377037241390115 1.218502661307561
1.767545379660674 -0.5439864710235152 1.225070800654296
1.780850126596965 -0.5486886286292268 1.230088800174401
1.790668411019076 -0.5521802121628809 1.233871014950761
1.797883385279576 -0.55475781857917 1.236693650972612
1.803169044249449 -0.5566525541273842 1.238784918997395
1.807032593036584 -0.5580409525405313 1.240326125462066
1.809852027352205 -0.5590559738837046 1.241457563415145
1.811907076938648 -0.5597967889348148 1.242285844596101
1.813403675990755 -0.5603368142464498 1.242890954787042
1.814492886872536 -0.5607301152063024 1.243332359411127
0.465114980806695 -0.1858636885531907 1.128496892381709
0.466290281185629 -0.1861687163342123 1.128292382250106
0.4679047037190854 -0.1865876273835732 1.128012302286062
0.4701205914821517 -0.1871624246927207 1.127629426897366
0.4731590412295241 -0.1879502480997643 1.127107381443413
0.4773196429950535 -0.1890279403857797 1.126398103561412
0.4830056697439767 -0.190500742516042 1.125438983591648
0.490756685067857 -0.1925056245834166 1.124150740354384
0.5012849488628055 -0.1952249315361138 1.122436182763805
0.5155168912275584 -0.198893692964967 1.120182848586343
0.5346304830320032 -0.203807998032408 1.117272484654151
0.5600762961124514 -0.2103277060007996 1.113602722545533
0.5935593896284366 -0.2188676354988881 1.109126948540645
0.6369471556712372 -0.2298684692700109 1.10391670283623
0.6920614606179205 -0.2437375780143294 1.098242105245588
0.7603234007994378 -0.2607546699996856 1.092646989203913
0.843359982724086 -0.2816158919830913 1.087936696014386
0.9395613385731857 -0.3066832615902965 1.085641198356859
1.045289329639862 -0.3349370640077678 1.087125464329613
1.145771227614249 -0.3621405399909298 1.092249368383989
1.255215086733251 -0.3920045281216044 1.101955361811363
1.358538533029726 -0.4211395340453271 1.115619679779646
1.451308981123038 -0.4480954230658317 1.131693713231257
1.531128403158534 -0.4725861099261829 1.148411100384533
1.597256438652952 -0.4936240271279141 1.164744832606873
1.650230706956328 -0.5109072155841313 1.179556758614228
1.691653908155056 -0.5246980382351727 1.19224674270044
1.723443699535003 -0.5354508474867036 1.20266338250745
1.747495456311685 -0.5436862473648014 1.210944316385016
1.765499214782896 -0.5499079496123421 1.217372020021537
1.778869132937478 -0.5545605074225913 1.222273981746145
1.788739830563715 -0.5580131363415279 1.22596397610564
1.795995761415132 -0.5605608487090825 1.228715228129019
1.801312790953905 -0.5624330065484364 1.230752241838351
1.805200024827511 -0.5638045444322314 1.232252739239584
1.808037149948109 -0.564807071849637 1.233353907137197
1.810105330675217 -0.5655386837400576 1.234159827475092
1.811611617598564 -0.5660719557911861 1.234748497978407
1.812707949953356 -0.5664603165718137 1.235177856500684
0.4651757454367715 -0.1857060444215045 1.116598334628035
0.4663496591660821 -0.1860068311751141 1.116389961971533
0.4679621641350216 -0.186420024083586 1.11610458246019
0.4701753659927181 -0.1869871690200297 1.115714439183702
0.4732101010664281 -0.1877648735287398 1.115182445903222
0.4773654521123454 -0.1888296545016498 1.114459570325136
0.4830444211963352 -0.1902856104245894 1.113481944788057
0.4907855482209452 -0.1922703406212438 1.112168613443914
0.501300140000124 -0.1949668922462025 1.110420318548891
0.5155131538286282 -0.1986133387098389 1.108122194023065
0.534600431281405 -0.2035128847754784 1.105153629308211
0.5600093381696806 -0.2100398265284087 1.10141095282443
0.5934397760719102 -0.2186355796615405 1.096849641059362
0.6367504723658948 -0.2297858726297038 1.091551279003947
0.6917483499336533 -0.2439677945145852 1.085811750779982
0.759829277319377 -0.2615578636529892 1.080226889407962
0.8422614317346893 -0.2831251204491365 1.075706656005051
0.9376227765444947 -0.3088256411783902 1.073713510585667
1.042505988381856 -0.3377777471036973 1.075587038808199
1.145178481543787 -0.3667045591051232 1.081506598063861
1.253980164828489 -0.3976261491504424 1.09197219493354
1.356735199240398 -0.4276555086472921 1.106291782875189
1.449097698499786 -0.4553431133480408 1.122895913582982
1.528602794273144 -0.4800283137524743 1.140024052099222
1.594560868513471 -0.5010843242373849 1.156470247841959
1.64749755823058 -0.518310630164224 1.171204611122545
1.688961293984689 -0.5320114330686239 1.183720059755115
1.720828533738866 -0.5426675571742774 1.193930315416909
1.744967965472866 -0.5508137491564814 1.202011286304005
1.763054859105852 -0.5569595316117045 1.208263719212417
1.77649670432876 -0.5615506771023663 1.213021031859453
1.786426304408785 -0.5649552105501312 1.216596172787741
1.793728781609879 -0.5674660827850652 1.219258581993958
1.799081723382013 -0.5693104516486842 1.221228105124303
1.802996203545396 -0.5706612550576678 1.222677979571689
1.80585374696791 -0.5716484269538327 1.223741514969956
1.807937118628487 -0.5723687322551315 1.224519640320787
1.809454631344882 -0.5728937098298889 1.225087878095625
1.81055922524286 -0.573276004086192 1.225502265650155
0.4660936968962526 -0.1834096762916821 1.163247851794122
0.4672691726191774 -0.1837315606806059 1.163051232646427
0.4688839400098046 -0.1841732550099424 1.162781975441471
0.4711006010658403 -0.184778649946531 1.162413939392364
0.4741405099206085 -0.1856071548128448 1.161912181649402
0.4783040761953051 -0.1867378647019679 1.161230644386298
0.4839952654807018 -0.1882792955551462 1.16030905470121
0.4917560953555972 -0.1903690475385261 1.159071554782495
0.5023022517439645 -0.1931884143612925 1.157424800054102
0.5165663081581909 -0.1969648513537572 1.155260572543334
0.5357363293472385 -0.2019746242315796 1.152464076204226
0.5612786603677262 -0.2085357752110835 1.148932925523099
0.594921315083112 -0.2169852623222879 1.144611090292272
0.6385615069687615 -0.2276327383488167 1.139540201747616
0.6940537612081972 -0.2406867533786637 1.133921771678643
0.7628448514472641 -0.2561601403565156 1.128168874413733
0.8454014029470669 -0.2743820491510996 1.122793727939776
0.9404850831544996 -0.2961947200104254 1.119018645890697
1.045293874334389 -0.3208164232187194 1.118126539901371
1.154802830980021 -0.3466836080422138 1.121369364460894
1.264402227169215 -0.3736609053897985 1.129362661208191
1.367964060721297 -0.4003095296582176 1.141417825201417
1.461066469595149 -0.4254447910108988 1.156073264595388
1.540765573650351 -0.4495374775607687 1.171709595550272
1.606550791783779 -0.4703401330820111 1.187642487049672
1.659167769145207 -0.4876234407357549 1.202515349285021
1.700225617291447 -0.5015350476490277 1.215524767700924
1.731665816181497 -0.5124538535149882 1.226364802297741
1.755404494194644 -0.5208575592900226 1.235076158677924
1.773142535018781 -0.5272296269455911 1.241891311388253
1.786296064264322 -0.5320072902841979 1.2471183356617
1.795995844567582 -0.5355596678872695 1.251069260397915
1.803119787021773 -0.538184704822831 1.254023865989338
1.808336532327987 -0.540115673331745 1.256216172067091
1.812148489633017 -0.541531351148233 1.257833590787774
1.814929636261051 -0.5425667098366456 1.259021917706531
1.816956401485032 -0.5433225708889475 1.259892342537351
1.818432221533188 -0.5438736780992002 1.260528505717507
1.819506205882969 -0.5442751082418472 1.260992701396026
0.4661382697882951 -0.183296180823319 1.16189823411724
0.4673138643192021 -0.1836174046637992 1.161701036563057
0.4689287851625688 -0.1840582066750048 1.161430987549089
0.4711456350642467 -0.1846624042165904 1.161061868975122
0.4741857702823217 -0.1854893194524143 1.160558636015581
0.4783495768292474 -0.1866179692740544 1.159875093089914
0.484041004818368 -0.1881567284113319 1.158950797379818
0.4918019596694257 -0.1902432046759809 1.157709665080813
0.5023479561088239 -0.1930587490845166 1.156058089376648
0.5166112366351827 -0.196831152025655 1.153887564395786
0.5357793002091195 -0.2018375159347611 1.151083039272084
0.5613176071213407 -0.2083976052159329 1.147542034053802
0.5949529371206105 -0.2168515219318185 1.143208843185278
0.6385810835952217 -0.227514103071387 1.138126291474642
0.694055499257763 -0.2406015733343694 1.132498637430915
0.7628232673993965 -0.2561367279349333 1.126744058705434
0.8454545775783908 -0.2744835898368015 1.121385650910458
0.9406718469765228 -0.2964684988463388 1.117673284050295
1.045597590117531 -0.3212814412378622 1.116900624061078
1.1543253033223 -0.3470990277158755 1.120184515004302
1.263960890376733 -0.3741875822664166 1.128223686254762
1.367548601635308 -0.4009331371025533 1.140325850870542
1.460640558976606 -0.4261148251178682 1.155025825286944
1.540391695697509 -0.4502387277694839 1.170693773253686
1.60621305590325 -0.4710563296577464 1.186637624580811
1.658857403253141 -0.4883441855116598 1.201506498065353
1.699937310249042 -0.5022546045175129 1.214503415430552
1.73139567485682 -0.5131696232622829 1.22532758311251
1.755149215700341 -0.5215687931345693 1.234023014728209
1.772899200102149 -0.5279365142308435 1.240823906284826
1.786062133061708 -0.5327104281036548 1.246038995818469
1.795769184784097 -0.536259752319333 1.249980354076853
1.802898666679719 -0.5388823913178656 1.252927511183472
1.808119584102699 -0.540811521000493 1.255114133269608
1.811934655803679 -0.5422258116036854 1.256727275064255
1.814718110394856 -0.5432601350706144 1.257912415483724
1.816746579772221 -0.5440152301082634 1.258780483304811
1.818223652282683 -0.5445657733733119 1.25941491200523
1.819298555015495 -0.5449667901341021 1.259877836014766
0.4662044498620706 -0.1831274786380004 1.159892274249649
0.4673802076314671 -0.1834477230307148 1.159694213514659
0.4689953387693458 -0.1838872018367999 1.159422982681382
0.4712124459587803 -0.1844896236032466 1.159052248074596
0.4742528874581781 -0.1853141810300106 1.158546812259383
0.4784170133348374 -0.1864397746807148 1.157860273311348
0.4841087508161195 -0.1879745690246974 1.156931933310734
0.4918698410193312 -0.1900561820417955 1.155685368518468
0.5024155509106334 -0.1928660475819416 1.154026575906518
0.5166776450216332 -0.1966324497606722 1.151846611605308
0.5358428060495497 -0.2016337278915537 1.149030030724454
0.5613752157984302 -0.2081921973528926 1.145474191242639
0.5949998609533645 -0.216652626174551 1.141123842751062
0.6386104426429233 -0.2273375621979488 1.136023557251873
0.6940587520421719 -0.2404746783079674 1.130381666655007
0.7627920743054062 -0.2561016918698224 1.12462397522115
0.8455261838516768 -0.2746315713973038 1.119289803286583
0.9409297465625522 -0.2968667661726414 1.115667596485255
1.046019089172184 -0.3219580153509672 1.115066215290649
1.153648645485035 -0.3477184785549764 1.118415739841863
1.263330742160783 -0.3749738112728189 1.126524693732724
1.366950469802861 -0.4018646867151372 1.138697676520371
1.460023520209567 -0.4271189236550382 1.153464422897889
1.539845199552238 -0.4512889310746017 1.169179617903448
1.605715883837782 -0.4721284789535471 1.185139281587404
1.658398151557523 -0.4894228582247049 1.200001398159854
1.69950913963162 -0.5033313118303036 1.212978812650729
1.730993456225888 -0.514240538735933 1.223778526466271
1.754768441594142 -0.522632837515906 1.232449536423876
1.772535775098461 -0.5289939978793952 1.239228615340769
1.785712429996727 -0.5337622622356023 1.244425479260383
1.795430125020891 -0.5373069903976803 1.248352243231888
1.802567732321465 -0.5399260221862509 1.251288044790421
1.807794778580796 -0.5418523868279943 1.253466005293634
1.811614430089516 -0.5432645920230605 1.255072631692895
1.814401281095788 -0.544297359509192 1.256252918900592
1.816432259658509 -0.5450513033229282 1.25711739739149
1.817911176986033 -0.5456009991151953 1.257749185030984
1.818987432827773 -0.5460013946928037 1.258210172819911
0.4663013065141811 -0.1828802281046994 1.156952718476202
0.4674772745005358 -0.1831990425546994 1.156753390490006
0.4690926751258417 -0.1836365893631446 1.156480424283272
0.4713101083677067 -0.1842364179869712 1.156107316122344
0.4743509327892282 -0.1850575316629649 1.155598643706117
0.4785154437028352 -0.1861786604097803 1.154907700681091
0.4842075346835991 -0.1877076598997892 1.153973411718994
0.4919687105885046 -0.1897821607246715 1.152718848854845
0.5025138887034052 -0.1925837134020991 1.151049418140835
0.516774161790521 -0.1963413167867173 1.148855516918445
0.5359350674437828 -0.2013351086325125 1.146021096266613
0.561458990495884 -0.2078911238649796 1.142443237854527
0.5950683781438114 -0.2163609519266957 1.138067308569541
0.6386539099267723 -0.2270784482658286 1.132940392477844
0.6940648143561864 -0.2402881412043411 1.127276778061951
0.7627481570302148 -0.2560498425805243 1.12151353474474
0.8456143999972603 -0.2748418195387484 1.116213883981416
0.9412626824093299 -0.2974307521221645 1.112717623373638
1.046567071577851 -0.322915933692539 1.112354022921796
1.152724200145024 -0.3486279278773598 1.115809304962836
1.262459189319393 -0.3761301945090588 1.12402425917178
1.36611260281959 -0.4032362151206248 1.13630339787405
1.459151627159766 -0.428604012081445 1.151169526908
1.539062900843586 -0.4528408064195284 1.166954950252584
1.60499711746163 -0.4737118489290373 1.182937247420923
1.657729559603682 -0.4910152348294322 1.197788176454828
1.69888281901127 -0.5049203615236967 1.210735493297194
1.730403185941162 -0.515820748286861 1.221497910451732
1.754208393746239 -0.5242027049289903 1.230131859010928
1.772000411800448 -0.530554042786204 1.23687792689203
1.785196713250389 -0.5353138712546079 1.242047254452743
1.794929710924776 -0.5388517470468708 1.245951992437997
1.802079033993544 -0.5414654058300254 1.248870668431114
1.807314934612645 -0.5433876543953615 1.251035572647925
1.811141211681196 -0.5447967564658459 1.252632381219779
1.813932980979855 -0.5458272092554648 1.253805357017173
1.815967595590267 -0.5465794407917338 1.254664429011557
1.817449187553306 -0.5471278762457427 1.255292238931575
1.818527405852357 -0.5475273480868402 1.255750310773114
0.4664400407728575 -0.1825252584699033 1.15273322876027
0.4676162500620621 -0.1828420320714846 1.152532084300193
0.4692319568044351 -0.1832768211239141 1.152256630000738
0.4714497515545027 -0.1838729475795709 1.151880117639317
0.4744909876706118 -0.1846891433894642 1.151366801038518
0.4786558772020776 -0.1858038938369028 1.150669534609089
0.4843482646258669 -0.1873246101777572 1.149726696619696
0.4921093240279223 -0.1893889368405652 1.14846062649007
0.5026534969793901 -0.192178582586264 1.146775865830785
0.5169109690456735 -0.1959235547390024 1.144561838139663
0.5360657368914027 -0.2009065440478461 1.141701581348895
0.5615777615036496 -0.2074588860158528 1.13809171149321
0.5951660268593426 -0.2159419266659311 1.133678391909686
0.6387169752081666 -0.2267057634490721 1.128512225932702
0.6940759185812857 -0.2400192687598751 1.122816035772541
0.7626885991180513 -0.2559744109526509 1.117043245240732
0.8457052351077816 -0.2751295556417619 1.111791665465743
0.9416433379162944 -0.2981981771327435 1.108464114678437
1.047201145827807 -0.3242183924431202 1.108415117611342
1.151530913349239 -0.3499331082459737 1.112040775528152
1.261310656199303 -0.3777943696663881 1.1204161868903
1.364985827579623 -0.405213045521663 1.132853167564367
1.457964368708682 -0.4307583456226807 1.147865521935584
1.537976743250036 -0.4550891930163858 1.163754538362626
1.603984961989031 -0.4760039427041003 1.179768958482056
1.656778986586487 -0.4933190495704711 1.194601900637315
1.697986681527608 -0.5072184513269054 1.207503551060735
1.729555077990479 -0.5181054154639643 1.218209999618843
1.753401441339761 -0.5264719684229909 1.226788608954345
1.771227542296208 -0.532808786422246 1.233485525453501
1.784451212082458 -0.5375561919822291 1.238613925599064
1.794205651142552 -0.5410839990069654 1.242485964506148
1.801371453852081 -0.5436897735647979 1.245379236520465
1.806619842399672 -0.5456059876316637 1.247524783572739
1.810455481235224 -0.5470105429305284 1.249107041744175
1.813254208933538 -0.5480376055238954 1.250269184568375
1.815293972606624 -0.5487873298351432 1.251120247416511
1.816779354645981 -0.549333920154884 1.251742165465319
1.817860355156357 -0.5497320398002009 1.252195918486123
0.4666328427834948 -0.1820304638879941 1.146852920899731
0.4678092690758022 -0.182344417166887 1.146649260173277
0.4694252430465882 -0.182775394498262 1.146370358118324
0.4716433310417808 -0.1833664025974725 1.145989126486922
0.4746848677646475 -0.1841757968696517 1.145469367588077
0.4788499394925315 -0.1852817219809406 1.144763322045484
0.4845423198214659 -0.1867909678993141 1.14380860131272
0.4923027367095494 -0.1888411906300621 1.142526511695705
0.5028450178104097 -0.1916143021291289 1.140820365394767
0.5170981928245411 -0.1953416817820366 1.138578182980674
0.536244307996814 -0.2003095231144414 1.135681651892288
0.5617402472522055 -0.2068564729541402 1.132026619568807
0.5953005252394817 -0.215357402834254 1.12756020160576
0.6388058885229618 -0.2261850575917161 1.122337753956978
0.6940957657533471 -0.2396425079355081 1.116593971781684
0.7626121617690109 -0.2558673616887375 1.110805430950763
0.8457599583944048 -0.2755024177017975 1.105618787108452
0.9419771234516486 -0.2991830064211574 1.102504072158574
1.047773501979583 -0.3258869988861759 1.102842910155575
1.150123884754559 -0.3517461157252658 1.106738415620418
1.259905150049605 -0.380115652073545 1.115354804113204
1.363559334531789 -0.4079766209183894 1.128023439280972
1.456525075176845 -0.4338808959890043 1.143243596701163
1.536533338969318 -0.4582551442123433 1.159287129069839
1.602612010676727 -0.4792276875082239 1.175346747295559
1.655472272913342 -0.4965566694171147 1.190151907368036
1.696744271004896 -0.5104461920003982 1.202986043169678
1.7283728045618 -0.5213130032809717 1.213610549333933
1.752272503128979 -0.5296570005686967 1.222108524058862
1.770143695060046 -0.5359727710403988 1.228734027309172
1.783404037948967 -0.5407022615504055 1.233803072395368
1.793187444022795 -0.5442155922960354 1.237627748213044
1.800375630836191 -0.5468100527599051 1.240484255019251
1.805641043523563 -0.5487176177545022 1.242601804356216
1.809489476807862 -0.5501156615961921 1.244163025773801
1.812297730907481 -0.5511378717683563 1.245309510891157
1.81434455270664 -0.5518840087586072 1.246148999730695
1.815835134590374 -0.5524279597409545 1.246762404530245
1.816919954613599 -0.5528241454751526 1.247209917744185
0.466889725882169 -0.1813683805117664 1.138986965384972
0.4680662245165246 -0.1816786058391865 1.138779979716573
0.469682264566136 -0.1821045435941706 1.13849651990359
0.4719003595291663 -0.1826887823395971 1.138109046042375
0.4749417978991902 -0.1834891768886536 1.137580758834735
0.4791064791021559 -0.1845834176131767 1.136863078499826
0.4847980760231413 -0.1860774604656348 1.135892586112607
0.4925567443747383 -0.1881089640188895 1.134589190924814
0.5030955760069391 -0.1908600818049778 1.132854525204203
0.517342246084656 -0.1945639694991725 1.130574662514628
0.53647654318717 -0.1995114073806242 1.127629358935798
0.5619517761284213 -0.2060506848841032 1.123913237128214
0.5954771320471846 -0.2145746322472738 1.119374423620507
0.6389261432191163 -0.2254862980696036 1.114074378546379
0.6941296616593511 -0.2391349637342987 1.108263658013617
0.7625213746751888 -0.2557207339891046 1.102450460709859
0.8457001200763633 -0.2759493261758919 1.097348198758195
0.942057408812107 -0.300343943186251 1.094480583253169
1.047955358020435 -0.3278475789897634 1.095250792493161
1.148700906244483 -0.3541531597760668 1.099555513943393
1.258373352100209 -0.3832160021646125 1.108527941158963
1.361906836819685 -0.4116794083899446 1.121529485453959
1.454800938452752 -0.4380910165826294 1.137040523840833
1.534728734087428 -0.4625385494942545 1.153306196606213
1.600843186669585 -0.4835825247824427 1.169428858625823
1.653757406868208 -0.5009254861963955 1.184193470492792
1.695095204395581 -0.5147982936686217 1.196931589676645
1.726792427645575 -0.5256355093314417 1.207440440486422
1.750756599609536 -0.5339473658440013 1.215825087400757
1.768684039711379 -0.5402335223529443 1.222350497261672
1.781990986248711 -0.5449379720634784 1.227336502026261
1.791811629772914 -0.5484311473794728 1.231094998723688
1.799028806630171 -0.5510098937112337 1.233900179841601
1.804316377290872 -0.5529054652119135 1.235978667245033
1.80818151976118 -0.5542944893595025 1.237510551159214
1.811002244110749 -0.5553099828392267 1.238635206846732
1.813058320495048 -0.5560511566439637 1.239458562848735
1.814555728338553 -0.5565914572296514 1.240060102744473
1.815645566533515 -0.5569849687957323 1.240498920298712
0.4672134982197595 -0.1805293091590277 1.129022216777829
0.4683897288354409 -0.1808348873139231 1.128811102706962
0.4700053714336515 -0.1812545410064664 1.128521980633802
0.4722228384354888 -0.1818303352252575 1.128126746090922
0.4752633240429294 -0.1826194962376267 1.127587844830589
0.4794264589707243 -0.1836991419081421 1.126855663377675
0.4851157765492439 -0.1851741677971948 1.125865476241053
0.4928707439777025 -0.1871822161986523 1.124535406827607
0.5034036553476211 -0.1899056990656376 1.12276491314485
0.5176407760646136 -0.1935799277221996 1.120437502926771
0.5367596012169991 -0.1985013328052056 1.117430301679026
0.5622097906524838 -0.2050301929200572 1.113636083492101
0.5956948565389711 -0.213581861666029 1.109003852442515
0.6390798969824776 -0.2245977709938438 1.103602411188104
0.6941838430831948 -0.2384864620004389 1.097702387286272
0.7624245704519379 -0.2555295134365374 1.091853104567123
0.8454027646908805 -0.2764295140089997 1.086855473137322
0.9415460977479994 -0.3015550271928967 1.084244798139091
1.047202262444872 -0.3298802758996636 1.085427965116517
1.147648465169515 -0.3571628132396272 1.09030641999353
1.256999555969697 -0.3871248117840326 1.099789114137567
1.360227948435019 -0.4163678275666591 1.113253340484942
1.452908963975813 -0.4434343412592948 1.129157372432807
1.532649471880933 -0.468030773105958 1.145730260910035
1.598713609723264 -0.4891553596592074 1.161939770200641
1.651640074687772 -0.5065083918854159 1.176649634978334
1.693028819698488 -0.5203542348883502 1.189258536146894
1.724794412184325 -0.5311496269792122 1.199612408081472
1.748829471692053 -0.539417554213173 1.207845688639322
1.766821847311189 -0.5456638256617478 1.214237726099256
1.780184061945913 -0.5503348123244396 1.219113268348027
1.790049580440688 -0.5538011789504977 1.22278383855957
1.797302048070935 -0.556359085802147 1.225520886532631
1.802616771744918 -0.5582387828705306 1.227547552050082
1.806502481627384 -0.5596158841753496 1.229040531795145
1.80933860253222 -0.5606225069891732 1.230136248377721
1.811406129874414 -0.5613571297977654 1.230938221486045
1.81291199640189 -0.5618926141392115 1.2315240374034
1.814008059801333 -0.5622825984057649 1.231951331996282
0.4675941300329927 -0.1795362094816551 1.117233962682669
0.4687695219287019 -0.1798364010568221 1.117018105727657
0.4703839960491932 -0.1802487682757329 1.116722474153942
0.472599795227021 -0.180814766030185 1.116318309530198
0.4756379492768129 -0.1815908857568987 1.11576717895396
0.4797977227385615 -0.1826535733942586 1.115018259873328
0.4854824632109733 -0.1841064658204518 1.114005287241258
0.4932308703440784 -0.1860871601410307 1.112644259640828
0.5037544798668958 -0.1887783081370741 1.110832011492965
0.5179783191528308 -0.1924176381464783 1.108448892101959
0.5370779731198531 -0.1973080367104892 1.105368675872978
0.562500044160618 -0.2038236381742684 1.101481553109934
0.5959428909289535 -0.2124061028800292 1.096737017880763
0.6392627143758653 -0.2235422314793815 1.091212023198352
0.6942629729681893 -0.2377116472168315 1.085200919918984
0.7623354607899024 -0.2552955414544264 1.079303205024279
0.8447276303801171 -0.2768725746865361 1.074428669979048
0.9400420518202948 -0.3026105403968758 1.072050897911185
1.044860076443776 -0.3316299014164283 1.073548506960837
1.147486598542809 -0.360653577522121 1.079141866061676
1.256189485480108 -0.3917083786473159 1.089320166329271
1.358836076176825 -0.4218960674014057 1.103395880312767
1.451088645905024 -0.4497535440491709 1.119804129443267
1.530489948647649 -0.4746069108693491 1.136778959951811
1.596355874614538 -0.4958123742655882 1.153105287456331
1.6492162405674 -0.5131661862745066 1.167748482448073
1.690619162657114 -0.5269717437726349 1.180195895209172
1.722439373657354 -0.5377114202905531 1.190356048729998
1.746543252046728 -0.5459227747998942 1.198400454626121
1.76460372495875 -0.552118480005608 1.204626356604549
1.77802617413556 -0.5567474029125876 1.209364489771488
1.787941675177175 -0.5601802446402365 1.212925798585647
1.795233974113086 -0.5627121772940478 1.215578246183762
1.800579605583621 -0.5645721316898662 1.217540600262955
1.804488859242886 -0.5659344265386228 1.218985318523724
1.807342672129032 -0.5669300443577537 1.22004514537707
1.809423392871022 -0.567656545356913 1.220820604665371
1.810939023352025 -0.5681860613888655 1.221386925889573
1.812042282121352 -0.568571675928929 1.221799935304818
0.4672269945005955 -0.1805063743652661 1.163737595261634
0.4684020454351963 -0.1808315073351565 1.163536949772781
0.470016179953873 -0.1812776377724618 1.163262190809355
0.4722319021320588 -0.1818890789461791 1.162886654987482
0.4752704243342389 -0.1827258028030397 1.162374702648279
0.4794318462124488 -0.1838680270069117 1.161679349822014
0.4851201833348658 -0.1854240964666519 1.160739197298579
0.4928767168618267 -0.1875339696331652 1.15947687634116
0.5034166830615393 -0.1903800611817522 1.157797302672575
0.5176719110912518 -0.1941915813104979 1.155590289153149
0.5368294656893519 -0.1992466807777514 1.152739069590936
0.5623544702777892 -0.2058651628225304 1.149139717848482
0.5959735209545112 -0.2143851311056959 1.144735822420409
0.6395823839424026 -0.2251160509513665 1.139570818483729
0.6950343849982927 -0.2382640499587333 1.133851377625098
0.7637757277707334 -0.2538365246568995 1.127999938939207
0.8462715377335289 -0.2721538911890501 1.122535787451789
0.9412874558148276 -0.294041566857553 1.118674724551771
1.046025134038639 -0.318706926685987 1.117705898389018
1.155466259448445 -0.3445808253036567 1.120878355758246
1.265005335137023 -0.371535212209777 1.128777771902884
1.368523369760624 -0.3981340622619253 1.140720397812655
1.461602570941183 -0.4231995840460617 1.155255876298055
1.54130374277406 -0.447213050017136 1.170758010790806
1.607113735383291 -0.4679263095011647 1.186548138327909
1.659768801766332 -0.4851220920421871 1.201285994197546
1.700869477256834 -0.4989553619524496 1.214177461671565
1.732351195036832 -0.5098081940931634 1.224919947796662
1.756126746778499 -0.5181586607036616 1.233553677861897
1.773895723367571 -0.5244890513097146 1.240308713626598
1.787074225778336 -0.5292347925769533 1.245490068048839
1.796793628298119 -0.5327630999233001 1.249406766874867
1.803932709022006 -0.5353701942122804 1.252335974408098
1.809160973454559 -0.5372878966879261 1.254509562234644
1.812981614554882 -0.5386938255668902 1.256113255092689
1.81576926247803 -0.5397220503169445 1.257291553770822
1.817800867238845 -0.5404727058610307 1.25815466864695
1.819280283684807 -0.541020026238212 1.258785516182983
1.820356926829036 -0.5414187048535378 1.259245848869189
0.4673075314868588 -0.1802976821971527 1.162404028434198
0.4684827658611531 -0.1806220451874059 1.162202713568597
0.4700971422138536 -0.1810671334389561 1.161927037911489
0.4723131734339102 -0.1816771722039338 1.161550248254645
0.4753520853615122 -0.1825120267933046 1.161036586075776
0.4795139705604218 -0.1836518019980815 1.16033890691481
0.4852028401204976 -0.18520469372421 1.15939560986631
0.492959892684586 -0.1873105986966138 1.158129059999895
0.5035002167706032 -0.190151944174335 1.156443856151096
0.5177553381208277 -0.1939582123965271 1.154229452735223
0.5369117804158988 -0.1990083229749841 1.151368738563447
0.5624337963995119 -0.2056237390100779 1.147757580837866
0.596046740432834 -0.2141456725286291 1.143339757412454
0.6396449162406908 -0.2248887977415945 1.138159741973021
0.6950804926455195 -0.2380670488626707 1.132426788682708
0.7637998585793305 -0.2536980702565734 1.126568290197656
0.8463698535866431 -0.272137998415364 1.121113278386977
0.9415200109657359 -0.2941974729730502 1.117305477703132
1.046374914335518 -0.3190552879899985 1.116447306864702
1.155036369165827 -0.3448817257524859 1.119655256965019
1.264610456917618 -0.3719518143624908 1.127596031074786
1.368152384401494 -0.3986535328316591 1.139582013285448
1.461218658578122 -0.4237725112536291 1.154159379239091
1.540968521247808 -0.4478242601018012 1.169691517456747
1.606811107321527 -0.4685592262315292 1.185491841882966
1.659490125228366 -0.4857655933978025 1.200225457753659
1.700609802871764 -0.4996027882177582 1.213104434964583
1.732107102298881 -0.5104559939621636 1.223831174331669
1.755895420971941 -0.5188052112638919 1.232449128337367
1.773674692253544 -0.5251337934539325 1.239190043428426
1.786861329281988 -0.5298777142080452 1.244359581925033
1.796587042389136 -0.5334044165026229 1.248266809330042
1.803730943272086 -0.5360101906811168 1.251188641866063
1.808962845999109 -0.5379268512860776 1.253356601400686
1.812786207762869 -0.5393319795050748 1.254956059010631
1.815575874374474 -0.5403595991895402 1.256131202049037
1.817608971712641 -0.5411098034710574 1.256991982727862
1.819089485967049 -0.54165678972295 1.257621112482542
1.820166934808797 -0.5420552225670768 1.258080185759995
0.467426992187972 -0.1799875746487948 1.160422699765878
0.468602485760273 -0.1803107943647774 1.160220386690773
0.4702172036362042 -0.1807543350475003 1.159943343831954
0.4724336706244614 -0.181362291115416 1.159564683819062
0.4754731314387419 -0.1821943692543946 1.159048470418077
0.4796356672602102 -0.1833305061228014 1.1583473190098
0.4853252826878487 -0.1848786753823277 1.157399326285777
0.4930830561980406 -0.1869786803629732 1.156126457466789
0.5036238635856632 -0.1898129640483232 1.15443283361215
0.5178787940035784 -0.1936114079428513 1.15220736561681
0.5370335922769733 -0.1986540666531982 1.149332412998709
0.5625512546853882 -0.2052648603145211 1.145703511920249
0.5961553328603592 -0.2137896121971174 1.141264690702469
0.6397379774351316 -0.2245507417458982 1.136061934223719
0.6951495724529844 -0.237773824489363 1.130308318340316
0.763836525173885 -0.2534918475973415 1.12443863023533
0.8465085621638315 -0.2721110968311928 1.118996523204394
0.9418459012257325 -0.2944199698961786 1.115264822875436
1.046864731935096 -0.3195576608355121 1.114564711834595
1.154430868119193 -0.3453301613157247 1.117829703161104
1.264049728175849 -0.372573511430135 1.125833323944825
1.367620748318967 -0.399429269632343 1.137884561409134
1.460664481847286 -0.4246311597039888 1.152524669103663
1.540479931104692 -0.4487394642963692 1.16810164861665
1.606366577221389 -0.4695064036750576 1.183916698508894
1.659078439667667 -0.4867282652472689 1.198643260008498
1.700224654799067 -0.5005711030850032 1.211502835425676
1.731744061316492 -0.5114247142885678 1.222205381055112
1.755550703354608 -0.5197719589775185 1.230799205989821
1.773344866597043 -0.5260977651448632 1.237518576589112
1.786543333376996 -0.5308389136587717 1.242670113432682
1.796278256630518 -0.5343631807869439 1.246562924635445
1.803429209723919 -0.5369669561240646 1.249473538903776
1.80866644462126 -0.5388820410765649 1.251632940742249
1.812493798492444 -0.5402859593438084 1.25322596061722
1.815286429681556 -0.5413126651135803 1.25439630793244
1.817321720326422 -0.5420621880011007 1.25525354173827
1.818803848486878 -0.542608669842651 1.255880061519893
1.819882482179093 -0.5430067317083458 1.256337221382673
0.4676015859036002 -0.1795332163247003 1.157520409463497
0.4687774299996967 -0.1798547637343093 1.157316632139141
0.4703926092504896 -0.1802960405009134 1.157037583418283
0.4726096632892542 -0.180900949382957 1.156656178720857
0.4756498618373707 -0.1817289644705475 1.156136220252279
0.4798132672911419 -0.1828597754536621 1.155429969494733
0.4855038746500835 -0.1844010289138837 1.154475076450023
0.4932625908758797 -0.1864923882228728 1.153192914215847
0.5038039936579338 -0.1893163136243972 1.151486893021641
0.5180585615205026 -0.1931032616829091 1.149245109388476
0.5372109500090371 -0.1981349346901182 1.146349118594782
0.5627223924866268 -0.2047388329980444 1.142693929152751
0.5963138898144307 -0.2132675191400749 1.138223880317558
0.6398744859119154 -0.2240547681181081 1.132987113077908
0.6952518260424799 -0.23734329074134 1.127202276699966
0.7638918320517111 -0.253188781109448 1.121315065910587
0.8466951551859823 -0.2720644851791946 1.115890868268235
0.9422784403800111 -0.2947253958112179 1.112264607408581
1.047512717022385 -0.3202589256465191 1.111782720973119
1.15361117725947 -0.3459876366853926 1.115140263765722
1.263280426757291 -0.3734872382963014 1.123239273619574
1.366880908558957 -0.4005707630546941 1.135388219785515
1.45988536888751 -0.4259012565133598 1.150121604608771
1.539783192863381 -0.4500915850760493 1.165765253225359
1.605725693144812 -0.4709046897146527 1.181601414321218
1.658480314008659 -0.4881487128458539 1.196316477796882
1.699662151407833 -0.5019993976001051 1.209146247518796
1.731211973803921 -0.5128532796464215 1.219812016972608
1.755044259178272 -0.5211973890256787 1.228369332175128
1.772859498790407 -0.5275189438194029 1.235056186944242
1.786074831595765 -0.5322558934101344 1.240180597407112
1.795822950381592 -0.5357764910582626 1.24405170722332
1.802984040727649 -0.5383772629000105 1.246945445658527
1.808228957848245 -0.5402899842697655 1.24909197999578
1.812062072399635 -0.5416920894710345 1.250675323081267
1.814858986268875 -0.5427174267488797 1.251838463379639
1.816897447966378 -0.5434659297736989 1.252690367735013
1.81838191081492 -0.5440116568851164 1.2533129662275
1.819462259236156 -0.5444091637759996 1.253767251514319
0.4678512391282733 -0.1788810719076533 1.153356122307593
0.4690275252051037 -0.1792002261673408 1.153150248235649
0.4706432850411075 -0.1796382627134583 1.152868326537127
0.4728610739282137 -0.1802388094814088 1.152482989447013
0.4759021917606155 -0.1810610066134989 1.151957662947455
0.4800666691996766 -0.1821841884195187 1.151244098637152
0.4857584866270775 -0.1837155295275777 1.150279300999083
0.4935183131626261 -0.1857944867106962 1.148983784504474
0.5040603250307752 -0.1886035339815376 1.147259922523403
0.5183141819593716 -0.1923739339320253 1.14499461312808
0.537463080154488 -0.1973897234712945 1.142068207925589
0.5629658808402795 -0.203983501696674 1.138374882631279
0.5965401103542202 -0.21251746824401 1.133859321743381
0.6400704604081583 -0.2233417075694391 1.128572656135523
0.695400415775794 -0.2367236746649618 1.122741492445975
0.7639742005408519 -0.2527520970829056 1.116827334168642
0.846927345227938 -0.2719825206396687 1.111427451914946
0.9428022073359885 -0.2951200051736084 1.107940843716121
1.048290451539995 -0.3211906673537075 1.107745332887789
1.152568804328636 -0.3469288144375834 1.111253091521009
1.262279333760607 -0.3748005198639993 1.119496432503924
1.365895651616573 -0.4022145976830622 1.131790500989668
1.458832231702072 -0.4277439523582405 1.146660936892271
1.538820922297704 -0.4520500927652342 1.162402968189273
1.604826504536556 -0.4729279440543661 1.1782691656315
1.657632129313057 -0.4902026047311132 1.192966000789743
1.698858893919753 -0.5040636609437862 1.205750765135576
1.730448671943648 -0.5149172611231774 1.216361550503162
1.754315540568705 -0.5232563700570833 1.224864529235532
1.77215967778523 -0.5295714519263084 1.231503119606445
1.785398379179851 -0.5343021011026231 1.236587332393266
1.79516490607301 -0.5378172307324237 1.240426319159032
1.802340202480808 -0.5404135441438757 1.243295096202747
1.807595918578611 -0.5423227651395723 1.245422607726532
1.81143714829897 -0.5437221892150278 1.246991650104592
1.814240104220782 -0.544745504780533 1.24814414224852
1.816283044493558 -0.545492502064467 1.248988173795602
1.817770807180979 -0.5460371153647038 1.2496049803011
1.818853580531129 -0.5464338034581558 1.250055019962724
0.4681973734139261 -0.177972203594079 1.147555115680672
0.4693741547987065 -0.1782880383374347 1.147346340606393
0.4709905625162921 -0.1787215795719086 1.147060442711385
0.4732091624313242 -0.1793160730091651 1.146669660957712
0.4762512848956861 -0.1801301935498793 1.146136897688087
0.4804169063473361 -0.1812427789714512 1.145413193227693
0.4861099841192816 -0.1827603419628396 1.14443464812405
0.4938708704852378 -0.1848220411644221 1.143120568932375
0.5044132312633892 -0.1876103494954455 1.141371859437042
0.5186656941155547 -0.191357616530137 1.139073700225732
0.537809620383594 -0.1963510751176363 1.136104682705068
0.5633008703993921 -0.2029303530268868 1.132357691635073
0.5968524932618658 -0.211471009320505 1.127777715041366
0.6403433374811688 -0.2223458723375732 1.122419865899948
0.6956106810992908 -0.2358571570424499 1.116521773298884
0.7640945055884739 -0.2521404569883912 1.110567274406843
0.8471794485710671 -0.2718385057527024 1.105199543862879
0.9433360678622958 -0.2955825167060299 1.101886289489781
1.049063841898513 -0.3223388812208198 1.102039324162915
1.151372469770958 -0.3482307339674046 1.105786587079993
1.261079981406514 -0.3766286180299444 1.114246688361636
1.364667378782893 -0.4045096431189636 1.126753518081672
1.457580988215787 -0.4304274073116544 1.141817856542246
1.537551719111613 -0.4548070643448532 1.157707187881204
1.603612782161156 -0.4757720311654471 1.17361579214657
1.656470066436618 -0.4930870158145743 1.188284826607777
1.697747979348006 -0.506960746105681 1.201003391733949
1.729386690179842 -0.5178126316828644 1.211534000190371
1.753297752220248 -0.5261437965329044 1.219958094315324
1.771179755003064 -0.5324491409054704 1.226526803535615
1.784449548575889 -0.5371704845271917 1.231552916330348
1.794240805812974 -0.5406776097815404 1.23534552873395
1.801435308363045 -0.5432674294167306 1.238178299665741
1.806705686501202 -0.5451715676706297 1.240278386737348
1.81055796650878 -0.5465671061905634 1.241826820402118
1.813369166348368 -0.5475874956587385 1.242963971701237
1.815418226143305 -0.548332315430056 1.243796662910809
1.816910502288005 -0.5488753189383735 1.244405127406393
1.817996594852701 -0.5492708240516959 1.244849052704026
0.4686571771701902 -0.1767561503564782 1.139798251826112
0.4698344011139668 -0.1770675749807753 1.139585649043224
0.4714513812725125 -0.1774951425618494 1.139294502646339
0.4736706768906774 -0.178081589240512 1.138896530125945
0.4767136374620722 -0.178884968310319 1.138353937482585
0.4808801477686746 -0.1799834517243374 1.137616816331595
0.4865741278738476 -0.1814826599571483 1.136620055719013
0.4943355300570563 -0.183521335720991 1.135281333437264
0.5048774222869956 -0.1862819155402582 1.133499553157501
0.5191272433758609 -0.1899981396111409 1.131157526125636
0.5382642533071168 -0.1949614142630571 1.12813135729573
0.5637408443363682 -0.2015206321343209 1.124311990893183
0.597264738918079 -0.2100690942333671 1.119644525160807
0.6407073944775468 -0.221010073419091 1.114189091409821
0.6958971099183829 -0.2346927640933451 1.10819796170792
0.764264907105698 -0.2513169179240164 1.102185402670899
0.8473845310247654 -0.2715913758119554 1.096858981969024
0.9436857231247833 -0.2960404406542556 1.093742248659395
1.049517081064647 -0.323597539414367 1.09427473608752
1.150230936622846 -0.3499481478803742 1.098386757868653
1.259824245141531 -0.3790628280235244 1.107167279154251
1.363281005238043 -0.4075789311889077 1.119979569487063
1.456108554472901 -0.4340418930745729 1.135314881283943
1.535982196617126 -0.4585358445754414 1.15141592934636
1.602059548068888 -0.479611514586041 1.167383931327556
1.654951646028794 -0.4969760408984087 1.18201284911077
1.696277976893948 -0.5108634559223054 1.194637761632657
1.727970506270578 -0.521710640443133 1.205055693809183
1.751933867198394 -0.5300294150886554 1.213369360518052
1.769862471601181 -0.5363204457096638 1.219840498480749
1.783171403847479 -0.5410284021252221 1.224785631560678
1.79299422373963 -0.5445241357262928 1.228513686373116
1.800213455251242 -0.5471047704634183 1.231296376187534
1.80550282180497 -0.54900174691672 1.233358341176967
1.809369469307536 -0.5503918238570371 1.234878139118118
1.812191416845918 -0.5514081070935246 1.235993980592354
1.81424847016467 -0.5521498743153882 1.236810922083443
1.815746649871356 -0.5526906227884735 1.237407802512337
1.816837088172317 -0.5530844715161557 1.237843237833329
0.4692345197643003 -0.1752149403565716 1.129975038855963
0.4704119424575185 -0.1755208306274717 1.12975769187317
0.4720291635242454 -0.17594089947483 1.129460036874765
0.4742486992915907 -0.1765172407734679 1.129053140890037
0.4772918872589476 -0.1773071222059238 1.128498338141696
0.4814584632824721 -0.1783878705397042 1.127744527895848
0.4871522872374174 -0.1798639661846001 1.126725067560201
0.4949128396525678 -0.1818735988477872 1.125355559868306
0.5054525638706595 -0.1845991042743516 1.123532331578797
0.5196976974678523 -0.188275883702889 1.121135092133273
0.5388254052709848 -0.1932004674957395 1.118036603387151
0.5642845709581469 -0.1997332628229426 1.11412502941991
0.5977772575289078 -0.2082898340345899 1.109345155140645
0.6411662943454216 -0.2193120441001817 1.103762993923575
0.6962675987460908 -0.2332093633555184 1.097649221789162
0.7644956302964523 -0.2502651731030987 1.091557565476736
0.8474245428394014 -0.2711885167007122 1.086282753091718
0.943519355616411 -0.2963546923181379 1.083363112929852
1.049113211886707 -0.3247327324367309 1.084244650283422
1.149532843551008 -0.3520756063810712 1.088868208600274
1.258799367166942 -0.3821187005564284 1.098108406516956
1.36193972751562 -0.4114554350617953 1.111344889894767
1.454537077385316 -0.4386211229886559 1.127045845913555
1.534203148298316 -0.4633150349415092 1.143439371898575
1.600206511573807 -0.4845211869166846 1.159489552724547
1.653087275548279 -0.5019411546488433 1.17406484666917
1.694442946412101 -0.5158405020507565 1.18656437690304
1.726185237292015 -0.5266777764919646 1.196831989704644
1.750204180411132 -0.534977973949748 1.204998778105927
1.768185551271881 -0.541248777004736 1.211340431667628
1.781540310792618 -0.5459382523869755 1.216178274904775
1.791400815516366 -0.549418449284469 1.219820899066155
1.798649931531059 -0.5519866452202409 1.222537371632097
1.803962425688349 -0.5538739652869282 1.224548961869151
1.807846664424815 -0.5552566991765203 1.226030936416908
1.810681818067364 -0.5562674721794504 1.22711863923304
1.812748718098296 -0.5570051481461596 1.227914787994747
1.814254182735029 -0.5575428768631338 1.228496377177929
1.815349990380608 -0.5579345087035825 1.228920606425829
0.4699101982905476 -0.1733904254016712 1.118357177510997
0.4710873334061149 -0.1736898475490705 1.118134390828481
0.4727041395789784 -0.1741011493091139 1.117829268187952
0.4749230319521647 -0.1746656700361616 1.117412124886755
0.4779652804716171 -0.1754397515368283 1.116843283123091
0.4821303954919615 -0.1764997195044528 1.116070251342185
0.4878221435509664 -0.1779486932313902 1.115024587924948
0.4955794916066917 -0.1799241731837677 1.113619435544937
0.5061143260598643 -0.1826083004808186 1.111748026255915
0.5203518890497854 -0.1862383006041632 1.109286276995176
0.5394676667019327 -0.1911165350614965 1.106102744111481
0.5649076529214342 -0.1976167144657269 1.102081872827374
0.5983687899763024 -0.2061804300124932 1.097167461404394
0.64170481881294 -0.2172952105903375 1.091431829156032
0.6967157100857378 -0.2314428899457981 1.085167231017065
0.7647890543057349 -0.2490091101306084 1.078975386447847
0.847151393851364 -0.2705820331031303 1.073763428235404
0.9424296803138518 -0.2963412648344265 1.071012633337298
1.047193567104685 -0.325410031660518 1.072136723282458
1.149784995971816 -0.3545119729036033 1.077393973392683
1.258399273472754 -0.3856820891169155 1.087261644322063
1.360946550293252 -0.41601184210153 1.101058394108988
1.45309704600966 -0.4440251018707626 1.117227860352743
1.53240102152603 -0.4690351938894352 1.134003505645499
1.598179826990952 -0.4903814356263568 1.150164589341165
1.650967681814003 -0.5078563376642418 1.164675106754916
1.692312631092862 -0.5217619763213257 1.177018676838286
1.724087905913569 -0.5325818293523195 1.187099179006101
1.748157761366286 -0.5408559177725416 1.195083430815321
1.766192928560678 -0.5470997987262136 1.201264434531394
1.779596791973418 -0.5517652432457548 1.205969346015121
1.789498782219286 -0.5552254892595472 1.209506232623131
1.796781329706458 -0.5577778308730742 1.212140811441031
1.802119960524447 -0.5596529007238931 1.214090135661277
1.806024212300369 -0.5610263475609598 1.215525376903058
1.808874457601067 -0.5620301659642697 1.216578322226075
1.810952645668498 -0.5627626851379544 1.217348792024067
1.812466479699649 -0.5632966112051929 1.21791149885244
1.81356846558506 -0.563685453075835 1.218321891316486

CELLS 6400 57600
8 0 104 611 8 26 881 2402 260 
8 26 881 2402 260 27 882 2403 261 
8 27 882 2403 261 28 883 2404 262 
8 28 883 2404 262 29 884 2405 263 
8 29 884 2405 263 30 885 2406 264 
8 30 885 2406 264 31 886 2407 265 
8 31 886 2407 265 32 887 2408 266 
8 32 887 2408 266 33 888 2409 267 
8 33 888 2409 267 34 889 2410 268 
8 34 889 2410 268 35 890 2411 269 
8 35 890 2411 269 36 891 2412 270 
8 36 891 2412 270 37 892 2413 271 
8 37 892 2413 271 38 893 2414 272 
8 38 893 2414 272 39 894 2415 273 
8 39 894 2415 273 40 895 2416 274 
8 40 895 2416 274 41 896 2417 275 
8 41 896 2417 275 42 897 2418 276 
8 42 897 2418 276 43 898 2419 277 
8 43 898 2419 277 44 899 2420 278 
8 44 899 2420 278 45 900 2421 279 
8 45 900 2421 279 46 901 2422 280 
8 46 901 2422 280 47 902 2423 281 
8 47 902 2423 281 48 903 2424 282 
8 48 903 2424 282 49 904 2425 283 
8 49 904 2425 283 50 905 2426 284 
8 50 905 2426 284 51 906 2427 285 
8 51 906 2427 285 52 907 2428 286 
8 52 907 2428 286 53 908 2429 287 
8 53 908 2429 287 54 909 2430 288 
8 54 909 2430 288 55 910 2431 289 
8 55 910 2431 289 56 911 2432 290 
8 56 911 2432 290 57 912 2433 291 
8 57 912 2433 291 58 913 2434 292 
8 58 913 2434 292 59 914 2435 293 
8 59 914 2435 293 60 915 2436 294 
8 60 915 2436 294 61 916 2437 295 
8 61 916 2437 295 62 917 2438 296 
8 62 917 2438 296 63 918 2439 297 
8 63 918 2439 297 64 919 2440 298 
8 64 919 2440 298 2 143 746 17 
8 8 611 612 9 260 2402 2441 299 
8 260 2402 2441 299 261 2403 2442 300 
8 261 2403 2442 300 262 2404 2443 301 
8 262 2404 2443 301 263 2405 2444 302 
8 263 2405 2444 302 264 2406 2445 303 
8 264 2406 2445 303 265 2407 2446 304 
8 265 2407 2446 304 266 2408 2447 305 
8 266 2408 2447 305 267 2409 2448 306 
8 267 2409 2448 306 268 2410 2449 307 
8 268 2410 2449 307 269 2411 2450 308 
8 269 2411 2450 308 270 2412 2451 309 
8 270 2412 2451 309 271 2413 2452 310 
8 271 2413 2452 310 272 2414 2453 311 
8 272 2414 2453 311 273 2415 2454 312 
8 273 2415 2454 312 274 2416 2455 313 
8 274 2416 2455 313 275 2417 2456 314 
8 275 2417 2456 314 276 2418 2457 315 
8 276 2418 2457 315 277 2419 2458 316 
8 277 2419 2458 316 278 2420 2459 317 
8 278 2420 2459 317 279 2421 2460 318 
8 279 2421 2460 318 280 2422 2461 319 
8 280 2422 2461 319 281 2423 2462 320 
8 281 2423 2462 320 282 2424 2463 321 
8 282 2424 2463 321 283 2425 2464 322 
8 283 2425 2464 322 284 2426 2465 323 
8 284 2426 2465 323 285 2427 2466 324 
8 285 2427 2466 324 286 2428 2467 325 
8 286 2428 2467 325 287 2429 2468 326 
8 287 2429 2468 326 288 2430 2469 327 
8 288 2430 2469 327 289 2431 2470 328 
8 289 2431 2470 328 290 2432 2471 329 
8 290 2432 2471 329 291 2433 2472 330 
8 291 2433 2472 330 292 2434 2473 331 
8 292 2434 2473 331 293 2435 2474 332 
8 293 2435 2474 332 294 2436 2475 333 
8 294 2436 2475 333 295 2437 2476 334 
8 295 2437 2476 334 296 2438 2477 335 
8 296 2438 2477 335 297 2439 2478 336 
8 297 2439 2478 336 298 2440 2479 337 
8 298 2440 2479 337 17 746 747 18 
8 9 612 613 10 299 2441 2480 338 
8 299 2441 2480 338 300 2442 2481 339 
8 300 2442 2481 339 301 2443 2482 340 
8 301 2443 2482 340 302 2444 2483 341 
8 302 2444 2483 341 303 2445 2484 342 
8 303 2445 2484 342 304 2446 2485 343 
8 304 2446 2485 343 305 2447 2486 344 
8 305 2447 2486 344 306 2448 2487 345 
8 306 2448 2487 345 307 2449 2488 346 
8 307 2449 2488 346 308 2450 2489 347 
8 308 2450 2489 347 309 2451 2490 348 
8 309 2451 2490 348 310 2452 2491 349 
8 310 2452 2491 349 311 2453 2492 350 
8 311 2453 2492 350 312 2454 2493 351 
8 312 2454 2493 351 313 2455 2494 352 
8 313 2455 2494 352 314 2456 2495 353 
8 314 2456 2495 353 315 2457 2496 354 
8 315 2457 2496 354 316 2458 2497 355 
8 316 2458 2497 355 317 2459 2498 356 
8 317 2459 2498 356 318 2460 2499 357 
8 318 2460 2499 357 319 2461 2500 358 
8 319 2461 2500 358 320 2462 2501 359 
8 320 2462 2501 359 321 2463 2502 360 
8 321 2463 2502 360 322 2464 2503 361 
8 322 2464 2503 361 323 2465 2504 362 
8 323 2465 2504 362 324 2466 2505 363 
8 324 2466 2505 363 325 2467 2506 364 
8 325 2467 2506 364 326 2468 2507 365 
8 326 2468 2507 365 327 2469 2508 366 
8 327 2469 2508 366 328 2470 2509 367 
8 328 2470 2509 367 329 2471 2510 368 
8 329 2471 2510 368 330 2472 2511 369 
8 330 2472 2511 369 331 2473 2512 370 
8 331 2473 2512 370 332 2474 2513 371 
8 332 2474 2513 371 333 2475 2514 372 
8 333 2475 2514 372 334 2476 2515 373 
8 334 2476 2515 373 335 2477 2516 374 
8 335 2477 2516 374 336 2478 2517 375 
8 336 2478 2517 375 337 2479 2518 376 
8 337 2479 2518 376 18 747 748 19 
8 10 613 614 11 338 2480 2519 377 
8 338 2480 2519 377 339 2481 2520 378 
8 339 2481 2520 378 340 2482 2521 379 
8 340 2482 2521 379 341 2483 2522 380 
8 341 2483 2522 380 342 2484 2523 381 
8 342 2484 2523 381 343 2485 2524 382 
8 343 2485 2524 382 344 2486 2525 383 
8 344 2486 2525 383 345 2487 2526 384 
8 345 2487 2526 384 346 2488 2527 385 
8 346 2488 2527 385 347 2489 2528 386 
8 347 2489 2528 386 348 2490 2529 387 
8 348 2490 2529 387 349 2491 2530 388 
8 349 2491 2530 388 350 2492 2531 389 
8 350 2492 2531 389 351 2493 2532 390 
8 351 2493 2532 390 352 2494 2533 391 
8 352 2494 2533 391 353 2495 2534 392 
8 353 2495 2534 392 354 2496 2535 393 
8 354 2496 2535 393 355 2497 2536 394 
8 355 2497 2536 394 356 2498 2537 395 
8 356 2498 2537 395 357 2499 2538 396 
8 357 2499 2538 396 358 2500 2539 397 
8 358 2500 2539 397 359 2501 2540 398 
8 359 2501 2540 398 360 2502 2541 399 
8 360 2502 2541 399 361 2503 2542 400 
8 361 2503 2542 400 362 2504 2543 401 
8 362 2504 2543 401 363 2505 2544 402 
8 363 2505 2544 402 364 2506 2545 403 
8 364 2506 2545 403 365 2507 2546 404 
8 365 2507 2546 404 366 2508 2547 405 
8 366 2508 2547 405 367 2509 2548 406 
8 367 2509 2548 406 368 2510 2549 407 
8 368 2510 2549 407 369 2511 2550 408 
8 369 2511 2550 408 370 2512 2551 409 
8 370 2512 2551 409 371 2513 2552 410 
8 371 2513 2552 410 372 2514 2553 411 
8 372 2514 2553 411 373 2515 2554 412 
8 373 2515 2554 412 374 2516 2555 413 
8 374 2516 2555 413 375 2517 2556 414 
8 375 2517 2556 414 376 2518 2557 415 
8 376 2518 2557 415 19 748 749 20 
8 11 614 615 12 377 2519 2558 416 
8 377 2519 2558 416 378 2520 2559 417 
8 378 2520 2559 417 379 2521 2560 418 
8 379 2521 2560 418 380 2522 2561 419 
8 380 2522 2561 419 381 2523 2562 420 
8 381 2523 2562 420 382 2524 2563 421 
8 382 2524 2563 421 383 2525 2564 422 
8 383 2525 2564 422 384 2526 2565 423 
8 384 2526 2565 423 385 2527 2566 424 
8 385 2527 2566 424 386 2528 2567 425 
8 386 2528 2567 425 387 2529 2568 426 
8 387 2529 2568 426 388 2530 2569 427 
8 388 2530 2569 427 389 2531 2570 428 
8 389 2531 2570 428 390 2532 2571 429 
8 390 2532 2571 429 391 2533 2572 430 
8 391 2533 2572 430 392 2534 2573 431 
8 392 2534 2573 431 393 2535 2574 432 
8 393 2535 2574 432 394 2536 2575 433 
8 394 2536 2575 433 395 2537 2576 434 
8 395 2537 2576 434 396 2538 2577 435 
8 396 2538 2577 435 397 2539 2578 436 
8 397 2539 2578 436 398 2540 2579 437 
8 398 2540 2579 437 399 2541 2580 438 
8 399 2541 2580 438 400 2542 2581 439 
8 400 2542 2581 439 401 2543 2582 440 
8 401 2543 2582 440 402 2544 2583 441 
8 402 2544 2583 441 403 2545 2584 442 
8 403 2545 2584 442 404 2546 2585 443 
8 404 2546 2585 443 405 2547 2586 444 
8 405 2547 2586 444 406 2548 2587 445 
8 406 2548 2587 445 407 2549 2588 446 
8 407 2549 2588 446 408 2550 2589 447 
8 408 2550 2589 447 409 2551 2590 448 
8 409 2551 2590 448 410 2552 2591 449 
8 410 2552 2591 449 411 2553 2592 450 
8 411 2553 2592 450 412 2554 2593 451 
8 412 2554 2593 451 413 2555 2594 452 
8 413 2555 2594 452 414 2556 2595 453 
8 414 2556 2595 453 415 2557 2596 454 
8 415 2557 2596 454 20 749 750 21 
8 12 615 616 13 416 2558 2597 455 
8 416 2558 2597 455 417 2559 2598 456 
8 417 2559 2598 456 418 2560 2599 457 
8 418 2560 2599 457 419 2561 2600 458 
8 419 2561 2600 458 420 2562 2601 459 
8 420 2562 2601 459 421 2563 2602 460 
8 421 2563 2602 460 422 2564 2603 461 
8 422 2564 2603 461 423 2565 2604 462 
8 423 2565 2604 462 424 2566 2605 463 
8 424 2566 2605 463 425 2567 2606 464 
8 425 2567 2606 464 426 2568 2607 465 
8 426 2568 2607 465 427 2569 2608 466 
8 427 2569 2608 466 428 2570 2609 467 
8 428 2570 2609 467 429 2571 2610 468 
8 429 2571 2610 468 430 2572 2611 469 
8 430 2572 2611 469 431 2573 2612 470 
8 431 2573 2612 470 432 2574 2613 471 
8 432 2574 2613 471 433 2575 2614 472 
8 433 2575 2614 472 434 2576 2615 473 
8 434 2576 2615 473 435 2577 2616 474 
8 435 2577 2616 474 436 2578 2617 475 
8 436 2578 2617 475 437 2579 2618 476 
8 437 2579 2618 476 438 2580 2619 477 
8 438 2580 2619 477 439 2581 2620 478 
8 439 2581 2620 478 440 2582 2621 479 
8 440 2582 2621 479 441 2583 2622 480 
8 441 2583 2622 480 442 2584 2623 481 
8 442 2584 2623 481 443 2585 2624 482 
8 443 2585 2624 482 444 2586 2625 483 
8 444 2586 2625 483 445 2587 2626 484 
8 445 2587 2626 484 446 2588 2627 485 
8 446 2588 2627 485 447 2589 2628 486 
8 447 2589 2628 486 448 2590 2629 487 
8 448 2590 2629 487 449 2591 2630 488 
8 449 2591 2630 488 450 2592 2631 489 
8 450 2592 2631 489 451 2593 2632 490 
8 451 2593 2632 490 452 2594 2633 491 
8 452 2594 2633 491 453 2595 2634 492 
8 453 2595 2634 492 454 2596 2635 493 
8 454 2596 2635 493 21 750 751 22 
8 13 616 617 14 455 2597 2636 494 
8 455 2597 2636 494 456 2598 2637 495 
8 456 2598 2637 495 457 2599 2638 496 
8 457 2599 2638 496 458 2600 2639 497 
8 458 2600 2639 497 459 2601 2640 498 
8 459 2601 2640 498 460 2602 2641 499 
8 460 2602 2641 499 461 2603 2642 500 
8 461 2603 2642 500 462 2604 2643 501 
8 462 2604 2643 501 463 2605 2644 502 
8 463 2605 2644 502 464 2606 2645 503 
8 464 2606 2645 503 465 2607 2646 504 
8 465 2607 2646 504 466 2608 2647 505 
8 466 2608 2647 505 467 2609 2648 506 
8 467 2609 2648 506 468 2610 2649 507 
8 468 2610 2649 507 469 2611 2650 508 
8 469 2611 2650 508 470 2612 2651 509 
8 470 2612 2651 509 471 2613 2652 510 
8 471 2613 2652 510 472 2614 2653 511 
8 472 2614 2653 511 473 2615 2654 512 
8 473 2615 2654 512 474 2616 2655 513 
8 474 2616 2655 513 475 2617 2656 514 
8 475 2617 2656 514 476 2618 2657 515 
8 476 2618 2657 515 477 2619 2658 516 
8 477 2619 2658 516 478 2620 2659 517 
8 478 2620 2659 517 479 2621 2660 518 
8 479 2621 2660 518 480 2622 2661 519 
8 480 2622 2661 519 481 2623 2662 520 
8 481 2623 2662 520 482 2624 2663 521 
8 482 2624 2663 521 483 2625 2664 522 
8 483 2625 2664 522 484 2626 2665 523 
8 484 2626 2665 523 485 2627 2666 524 
8 485 2627 2666 524 486 2628 2667 525 
8 486 2628 2667 525 487 2629 2668 526 
8 487 2629 2668 526 488 2630 2669 527 
8 488 2630 2669 527 489 2631 2670 528 
8 489 2631 2670 528 490 2632 2671 529 
8 490 2632 2671 529 491 2633 2672 530 
8 491 2633 2672 530 492 2634 2673 531 
8 492 2634 2673 531 493 2635 2674 532 
8 493 2635 2674 532 22 751 752 23 
8 14 617 618 15 494 2636 2675 533 
8 494 2636 2675 533 495 2637 2676 534 
8 495 2637 2676 534 496 2638 2677 535 
8 496 2638 2677 535 497 2639 2678 536 
8 497 2639 2678 536 498 2640 2679 537 
8 498 2640 2679 537 499 2641 2680 538 
8 499 2641 2680 538 500 2642 2681 539 
8 500 2642 2681 539 501 2643 2682 540 
8 501 2643 2682 540 502 2644 2683 541 
8 502 2644 2683 541 503 2645 2684 542 
8 503 2645 2684 542 504 2646 2685 543 
8 504 2646 2685 543 505 2647 2686 544 
8 505 2647 2686 544 506 2648 2687 545 
8 506 2648 2687 545 507 2649 2688 546 
8 507 2649 2688 546 508 2650 2689 547 
8 508 2650 2689 547 509 2651 2690 548 
8 509 2651 2690 548 510 2652 2691 549 
8 510 2652 2691 549 511 2653 2692 550 
8 511 2653 2692 550 512 2654 2693 551 
8 512 2654 2693 551 513 2655 2694 552 
8 513 2655 2694 552 514 2656 2695 553 
8 514 2656 2695 553 515 2657 2696 554 
8 515 2657 2696 554 516 2658 2697 555 
8 516 2658 2697 555 517 2659 2698 556 
8 517 2659 2698 556 518 2660 2699 557 
8 518 2660 2699 557 519 2661 2700 558 
8 519 2661 2700 558 520 2662 2701 559 
8 520 2662 2701 559 521 2663 2702 560 
8 521 2663 2702 560 522 2664 2703 561 
8 522 2664 2703 561 523 2665 2704 562 
8 523 2665 2704 562 524 2666 2705 563 
8 524 2666 2705 563 525 2667 2706 564 
8 525 2667 2706 564 526 2668 2707 565 
8 526 2668 2707 565 527 2669 2708 566 
8 527 2669 2708 566 528 2670 2709 567 
8 528 2670 2709 567 529 2671 2710 568 
8 529 2671 2710 568 530 2672 2711 569 
8 530 2672 2711 569 531 2673 2712 570 
8 531 2673 2712 570 532 2674 2713 571 
8 532 2674 2713 571 23 752 753 24 
8 15 618 619 16 533 2675 2714 572 
8 533 2675 2714 572 534 2676 2715 573 
8 534 2676 2715 573 535 2677 2716 574 
8 535 2677 2716 574 536 2678 2717 575 
8 536 2678 2717 575 537 2679 2718 576 
8 537 2679 2718 576 538 2680 2719 577 
8 538 2680 2719 577 539 2681 2720 578 
8 539 2681 2720 578 540 2682 2721 579 
8 540 2682 2721 579 541 2683 2722 580 
8 541 2683 2722 580 542 2684 2723 581 
8 542 2684 2723 581 543 2685 2724 582 
8 543 2685 2724 582 544 2686 2725 583 
8 544 2686 2725 583 545 2687 2726 584 
8 545 2687 2726 584 546 2688 2727 585 
8 546 2688 2727 585 547 2689 2728 586 
8 547 2689 2728 586 548 2690 2729 587 
8 548 2690 2729 587 549 2691 2730 588 
8 549 2691 2730 588 550 2692 2731 589 
8 550 2692 2731 589 551 2693 2732 590 
8 551 2693 2732 590 552 2694 2733 591 
8 552 2694 2733 591 553 2695 2734 592 
8 553 2695 2734 592 554 2696 2735 593 
8 554 2696 2735 593 555 2697 2736 594 
8 555 2697 2736 594 556 2698 2737 595 
8 556 2698 2737 595 557 2699 2738 596 
8 557 2699 2738 596 558 2700 2739 597 
8 558 2700 2739 597 559 2701 2740 598 
8 559 2701 2740 598 560 2702 2741 599 
8 560 2702 2741 599 561 2703 2742 600 
8 561 2703 2742 600 562 2704 2743 601 
8 562 2704 2743 601 563 2705 2744 602 
8 563 2705 2744 602 564 2706 2745 603 
8 564 2706 2745 603 565 2707 2746 604 
8 565 2707 2746 604 566 2708 2747 605 
8 566 2708 2747 605 567 2709 2748 606 
8 567 2709 2748 606 568 2710 2749 607 
8 568 2710 2749 607 569 2711 2750 608 
8 569 2711 2750 608 570 2712 2751 609 
8 570 2712 2751 609 571 2713 2752 610 
8 571 2713 2752 610 24 753 754 25 
8 16 619 128 1 572 2714 1466 65 
8 572 2714 1466 65 573 2715 1467 66 
8 573 2715 1467 66 574 2716 1468 67 
8 574 2716 1468 67 575 2717 1469 68 
8 575 2717 1469 68 576 2718 1470 69 
8 576 2718 1470 69 577 2719 1471 70 
8 577 2719 1471 70 578 2720 1472 71 
8 578 2720 1472 71 579 2721 1473 72 
8 579 2721 1473 72 580 2722 1474 73 
8 580 2722 1474 73 581 2723 1475 74 
8 581 2723 1475 74 582 2724 1476 75 
8 582 2724 1476 75 583 2725 1477 76 
8 583 2725 1477 76 584 2726 1478 77 
8 584 2726 1478 77 585 2727 1479 78 
8 585 2727 1479 78 586 2728 1480 79 
8 586 2728 1480 79 587 2729 1481 80 
8 587 2729 1481 80 588 2730 1482 81 
8 588 2730 1482 81 589 2731 1483 82 
8 589 2731 1483 82 590 2732 1484 83 
8 590 2732 1484 83 591 2733 1485 84 
8 591 2733 1485 84 592 2734 1486 85 
8 592 2734 1486 85 593 2735 1487 86 
8 593 2735 1487 86 594 2736 1488 87 
8 594 2736 1488 87 595 2737 1489 88 
8 595 2737 1489 88 596 2738 1490 89 
8 596 2738 1490 89 597 2739 1491 90 
8 597 2739 1491 90 598 2740 1492 91 
8 598 2740 1492 91 599 2741 1493 92 
8 599 2741 1493 92 600 2742 1494 93 
8 600 2742 1494 93 601 2743 1495 94 
8 601 2743 1495 94 602 2744 1496 95 
8 602 2744 1496 95 603 2745 1497 96 
8 603 2745 1497 96 604 2746 1498 97 
8 604 2746 1498 97 605 2747 1499 98 
8 605 2747 1499 98 606 2748 1500 99 
8 606 2748 1500 99 607 2749 1501 100 
8 607 2749 1501 100 608 2750 1502 101 
8 608 2750 1502 101 609 2751 1503 102 
8 609 2751 1503 102 610 2752 1504 103 
8 610 2752 1504 103 25 754 167 3 
8 104 105 620 611 881 920 2753 2402 
8 881 920 2753 2402 882 921 2754 2403 
8 882 921 2754 2403 883 922 2755 2404 
8 883 922 2755 2404 884 923 2756 2405 
8 884 923 2756 2405 885 924 2757 2406 
8 885 924 2757 2406 886 925 2758 2407 
8 886 925 2758 2407 887 926 2759 2408 
8 887 926 2759 2408 888 927 2760 2409 
8 888 927 2760 2409 889 928 2761 2410 
8 889 928 2761 2410 890 929 2762 2411 
8 890 929 2762 2411 891 930 2763 2412 
8 891 930 2763 2412 892 931 2764 2413 
8 892 931 2764 2413 893 932 2765 2414 
8 893 932 2765 2414 894 933 2766 2415 
8 894 933 2766 2415 895 934 2767 2416 
8 895 934 2767 2416 896 935 2768 2417 
8 896 935 2768 2417 897 936 2769 2418 
8 897 936 2769 2418 898 937 2770 2419 
8 898 937 2770 2419 899 938 2771 2420 
8 899 938 2771 2420 900 939 2772 2421 
8 900 939 2772 2421 901 940 2773 2422 
8 901 940 2773 2422 902 941 2774 2423 
8 902 941 2774 2423 903 942 2775 2424 
8 903 942 2775 2424 904 943 2776 2425 
8 904 943 2776 2425 905 944 2777 2426 
8 905 944 2777 2426 906 945 2778 2427 
8 906 945 2778 2427 907 946 2779 2428 
8 907 946 2779 2428 908 947 2780 2429 
8 908 947 2780 2429 909 948 2781 2430 
8 909 948 2781 2430 910 949 2782 2431 
8 910 949 2782 2431 911 950 2783 2432 
8 911 950 2783 2432 912 951 2784 2433 
8 912 951 2784 2433 913 952 2785 2434 
8 913 952 2785 2434 914 953 2786 2435 
8 914 953 2786 2435 915 954 2787 2436 
8 915 954 2787 2436 916 955 2788 2437 
8 916 955 2788 2437 917 956 2789 2438 
8 917 956 2789 2438 918 957 2790 2439 
8 918 957 2790 2439 919 958 2791 2440 
8 919 958 2791 2440 143 144 755 746 
8 611 620 621 612 2402 2753 2792 2441 
8 2402 2753 2792 2441 2403 2754 2793 2442 
8 2403 2754 2793 2442 2404 2755 2794 2443 
8 2404 2755 2794 2443 2405 2756 2795 2444 
8 2405 2756 2795 2444 2406 2757 2796 2445 
8 2406 2757 2796 2445 2407 2758 2797 2446 
8 2407 2758 2797 2446 2408 2759 2798 2447 
8 2408 2759 2798 2447 2409 2760 2799 2448 
8 2409 2760 2799 2448 2410 2761 2800 2449 
8 2410 2761 2800 2449 2411 2762 2801 2450 
8 2411 2762 2801 2450 2412 2763 2802 2451 
8 2412 2763 2802 2451 2413 2764 2803 2452 
8 2413 2764 2803 2452 2414 2765 2804 2453 
8 2414 2765 2804 2453 2415 2766 2805 2454 
8 2415 2766 2805 2454 2416 2767 2806 2455 
8 2416 2767 2806 2455 2417 2768 2807 2456 
8 2417 2768 2807 2456 2418 2769 2808 2457 
8 2418 2769 2808 2457 2419 2770 2809 2458 
8 2419 2770 2809 2458 2420 2771 2810 2459 
8 2420 2771 2810 2459 2421 2772 2811 2460 
8 2421 2772 2811 2460 2422 2773 2812 2461 
8 2422 2773 2812 2461 2423 2774 2813 2462 
8 2423 2774 2813 2462 2424 2775 2814 2463 
8 2424 2775 2814 2463 2425 2776 2815 2464 
8 2425 2776 2815 2464 2426 2777 2816 2465 
8 2426 2777 2816 2465 2427 2778 2817 2466 
8 2427 2778 2817 2466 2428 2779 2818 2467 
8 2428 2779 2818 2467 2429 2780 2819 2468 
8 2429 2780 2819 2468 2430 2781 2820 2469 
8 2430 2781 2820 2469 2431 2782 2821 2470 
8 2431 2782 2821 2470 2432 2783 2822 2471 
8 2432 2783 2822 2471 2433 2784 2823 2472 
8 2433 2784 2823 2472 2434 2785 2824 2473 
8 2434 2785 2824 2473 2435 2786 2825 2474 
8 2435 2786 2825 2474 2436 2787 2826 2475 
8 2436 2787 2826 2475 2437 2788 2827 2476 
8 2437 2788 2827 2476 2438 2789 2828 2477 
8 2438 2789 2828 2477 2439 2790 2829 2478 
8 2439 2790 2829 2478 2440 2791 2830 2479 
8 2440 2791 2830 2479 746 755 756 747 
8 612 621 622 613 2441 2792 2831 2480 
8 2441 2792 2831 2480 2442 2793 2832 2481 
8 2442 2793 2832 2481 2443 2794 2833 2482 
8 2443 2794 2833 2482 2444 2795 2834 2483 
8 2444 2795 2834 2483 2445 2796 2835 2484 
8 2445 2796 2835 2484 2446 2797 2836 2485 
8 2446 2797 2836 2485 2447 2798 2837 2486 
8 2447 2798 2837 2486 2448 2799 2838 2487 
8 2448 2799 2838 2487 2449 2800 2839 2488 
8 2449 2800 2839 2488 2450 2801 2840 2489 
8 2450 2801 2840 2489 2451 2802 2841 2490 
8 2451 2802 2841 2490 2452 2803 2842 2491 
8 2452 2803 2842 2491 2453 2804 2843 2492 
8 2453 2804 2843 2492 2454 2805 2844 2493 
8 2454 2805 2844 2493 2455 2806 2845 2494 
8 2455 2806 2845 2494 2456 2807 2846 2495 
8 2456 2807 2846 2495 2457 2808 2847 2496 
8 2457 2808 2847 2496 2458 2809 2848 2497 
8 2458 2809 2848 2497 2459 2810 2849 2498 
8 2459 2810 2849 2498 2460 2811 2850 2499 
8 2460 2811 2850 2499 2461 2812 2851 2500 
8 2461 2812 2851 2500 2462 2813 2852 2501 
8 2462 2813 2852 2501 2463 2814 2853 2502 
8 2463 2814 2853 2502 2464 2815 2854 2503 
8 2464 2815 2854 2503 2465 2816 2855 2504 
8 2465 2816 2855 2504 2466 2817 2856 2505 
8 2466 2817 2856 2505 2467 2818 2857 2506 
8 2467 2818 2857 2506 2468 2819 2858 2507 
8 2468 2819 2858 2507 2469 2820 2859 2508 
8 2469 2820 2859 2508 2470 2821 2860 2509 
8 2470 2821 2860 2509 2471 2822 2861 2510 
8 2471 2822 2861 2510 2472 2823 2862 2511 
8 2472 2823 2862 2511 2473 2824 2863 2512 
8 2473 2824 2863 2512 2474 2825 2864 2513 
8 2474 2825 2864 2513 2475 2826 2865 2514 
8 2475 2826 2865 2514 2476 2827 2866 2515 
8 2476 2827 2866 2515 2477 2828 2867 2516 
8 2477 2828 2867 2516 2478 2829 2868 2517 
8 2478 2829 2868 2517 2479 2830 2869 2518 
8 2479 2830 2869 2518 747 756 757 748 
8 613 622 623 614 2480 2831 2870 2519 
8 2480 2831 2870 2519 2481 2832 2871 2520 
8 2481 2832 2871 2520 2482 2833 2872 2521 
8 2482 2833 2872 2521 2483 2834 2873 2522 
8 2483 2834 2873 2522 2484 2835 2874 2523 
8 2484 2835 2874 2523 2485 2836 2875 2524 
8 2485 2836 2875 2524 2486 2837 2876 2525 
8 2486 2837 2876 2525 2487 2838 2877 2526 
8 2487 2838 2877 2526 2488 2839 2878 2527 
8 2488 2839 2878 2527 2489 2840 2879 2528 
8 2489 2840 2879 2528 2490 2841 2880 2529 
8 2490 2841 2880 2529 2491 2842 2881 2530 
8 2491 2842 2881 2530 2492 2843 2882 2531 
8 2492 2843 2882 2531 2493 2844 2883 2532 
8 2493 2844 2883 2532 2494 2845 2884 2533 
8 2494 2845 2884 2533 2495 2846 2885 2534 
8 2495 2846 2885 2534 2496 2847 2886 2535 
8 2496 2847 2886 2535 2497 2848 2887 2536 
8 2497 2848 2887 2536 2498 2849 2888 2537 
8 2498 2849 2888 2537 2499 2850 2889 2538 
8 2499 2850 2889 2538 2500 2851 2890 2539 
8 2500 2851 2890 2539 2501 2852 2891 2540 
8 2501 2852 2891 2540 2502 2853 2892 2541 
8 2502 2853 2892 2541 2503 2854 2893 2542 
8 2503 2854 2893 2542 2504 2855 2894 2543 
8 2504 2855 2894 2543 2505 2856 2895 2544 
8 2505 2856 2895 2544 2506 2857 2896 2545 
8 2506 2857 2896 2545 2507 2858 2897 2546 
8 2507 2858 2897 2546 2508 2859 2898 2547 
8 2508 2859 2898 2547 2509 2860 2899 2548 
8 2509 2860 2899 2548 2510 2861 2900 2549 
8 2510 2861 2900 2549 2511 2862 2901 2550 
8 2511 2862 2901 2550 2512 2863 2902 2551 
8 2512 2863 2902 2551 2513 2864 2903 2552 
8 2513 2864 2903 2552 2514 2865 2904 2553 
8 2514 2865 2904 2553 2515 2866 2905 2554 
8 2515 2866 2905 2554 2516 2867 2906 2555 
8 2516 2867 2906 2555 2517 2868 2907 2556 
8 2517 2868 2907 2556 2518 2869 2908 2557 
8 2518 2869 2908 2557 748 757 758 749 
8 614 623 624 615 2519 2870 2909 2558 
8 2519 2870 2909 2558 2520 2871 2910 2559 
8 2520 2871 2910 2559 2521 2872 2911 2560 
8 2521 2872 2911 2560 2522 2873 2912 2561 
8 2522 2873 2912 2561 2523 2874 2913 2562 
8 2523 2874 2913 2562 2524 2875 2914 2563 
8 2524 2875 2914 2563 2525 2876 2915 2564 
8 2525 2876 2915 2564 2526 2877 2916 2565 
8 2526 2877 2916 2565 2527 2878 2917 2566 
8 2527 2878 2917 2566 2528 2879 2918 2567 
8 2528 2879 2918 2567 2529 2880 2919 2568 
8 2529 2880 2919 2568 2530 2881 2920 2569 
8 2530 2881 2920 2569 2531 2882 2921 2570 
8 2531 2882 2921 2570 2532 2883 2922 2571 
8 2532 2883 2922 2571 2533 2884 2923 2572 
8 2533 2884 2923 2572 2534 2885 2924 2573 
8 2534 2885 2924 2573 2535 2886 2925 2574 
8 2535 2886 2925 2574 2536 2887 2926 2575 
8 2536 2887 2926 2575 2537 2888 2927 2576 
8 2537 2888 2927 2576 2538 2889 2928 2577 
8 2538 2889 2928 2577 2539 2890 2929 2578 
8 2539 2890 2929 2578 2540 2891 2930 2579 
8 2540 2891 2930 2579 2541 2892 2931 2580 
8 2541 2892 2931 2580 2542 2893 2932 2581 
8 2542 2893 2932 2581 2543 2894 2933 2582 
8 2543 2894 2933 2582 2544 2895 2934 2583 
8 2544 2895 2934 2583 2545 2896 2935 2584 
8 2545 2896 2935 2584 2546 2897 2936 2585 
8 2546 2897 2936 2585 2547 2898 2937 2586 
8 2547 2898 2937 2586 2548 2899 2938 2587 
8 2548 2899 2938 2587 2549 2900 2939 2588 
8 2549 2900 2939 2588 2550 2901 2940 2589 
8 2550 2901 2940 2589 2551 2902 2941 2590 
8 2551 2902 2941 2590 2552 2903 2942 2591 
8 2552 2903 2942 2591 2553 2904 2943 2592 
8 2553 2904 2943 2592 2554 2905 2944 2593 
8 2554 2905 2944 2593 2555 2906 2945 2594 
8 2555 2906 2945 2594 2556 2907 2946 2595 
8 2556 2907 2946 2595 2557 2908 2947 2596 
8 2557 2908 2947 2596 749 758 759 750 
8 615 624 625 616 2558 2909 2948 2597 
8 2558 2909 2948 2597 2559 2910 2949 2598 
8 2559 2910 2949 2598 2560 2911 2950 2599 
8 2560 2911 2950 2599 2561 2912 2951 2600 
8 2561 2912 2951 2600 2562 2913 2952 2601 
8 2562 2913 2952 2601 2563 2914 2953 2602 
8 2563 2914 2953 2602 2564 2915 2954 2603 
8 2564 2915 2954 2603 2565 2916 2955 2604 
8 2565 2916 2955 2604 2566 2917 2956 2605 
8 2566 2917 2956 2605 2567 2918 2957 2606 
8 2567 2918 2957 2606 2568 2919 2958 2607 
8 2568 2919 2958 2607 2569 2920 2959 2608 
8 2569 2920 2959 2608 2570 2921 2960 2609 
8 2570 2921 2960 2609 2571 2922 2961 2610 
8 2571 2922 2961 2610 2572 2923 2962 2611 
8 2572 2923 2962 2611 2573 2924 2963 2612 
8 2573 2924 2963 2612 2574 2925 2964 2613 
8 2574 2925 2964 2613 2575 2926 2965 2614 
8 2575 2926 2965 2614 2576 2927 2966 2615 
8 2576 2927 2966 2615 2577 2928 2967 2616 
8 2577 2928 2967 2616 2578 2929 2968 2617 
8 2578 2929 2968 2617 2579 2930 2969 2618 
8 2579 2930 2969 2618 2580 2931 2970 2619 
8 2580 2931 2970 2619 2581 2932 2971 2620 
8 2581 2932 2971 2620 2582 2933 2972 2621 
8 2582 2933 2972 2621 2583 2934 2973 2622 
8 2583 2934 2973 2622 2584 2935 2974 2623 
8 2584 2935 2974 2623 2585 2936 2975 2624 
8 2585 2936 2975 2624 2586 2937 2976 2625 
8 2586 2937 2976 2625 2587 2938 2977 2626 
8 2587 2938 2977 2626 2588 2939 2978 2627 
8 2588 2939 2978 2627 2589 2940 2979 2628 
8 2589 2940 2979 2628 2590 2941 2980 2629 
8 2590 2941 2980 2629 2591 2942 2981 2630 
8 2591 2942 2981 2630 2592 2943 2982 2631 
8 2592 2943 2982 2631 2593 2944 2983 2632 
8 2593 2944 2983 2632 2594 2945 2984 2633 
8 2594 2945 2984 2633 2595 2946 2985 2634 
8 2595 2946 2985 2634 2596 2947 2986 2635 
8 2596 2947 2986 2635 750 759 760 751 
8 616 625 626 617 2597 2948 2987 2636 
8 2597 2948 2987 2636 2598 2949 2988 2637 
8 2598 2949 2988 2637 2599 2950 2989 2638 
8 2599 2950 2989 2638 2600 2951 2990 2639 
8 2600 2951 2990 2639 2601 2952 2991 2640 
8 2601 2952 2991 2640 2602 2953 2992 2641 
8 2602 2953 2992 2641 2603 2954 2993 2642 
8 2603 2954 2993 2642 2604 2955 2994 2643 
8 2604 2955 2994 2643 2605 2956 2995 2644 
8 2605 2956 2995 2644 2606 2957 2996 2645 
8 2606 2957 2996 2645 2607 2958 2997 2646 
8 2607 2958 2997 2646 2608 2959 2998 2647 
8 2608 2959 2998 2647 2609 2960 2999 2648 
8 2609 2960 2999 2648 2610 2961 3000 2649 
8 2610 2961 3000 2649 2611 2962 3001 2650 
8 2611 2962 3001 2650 2612 2963 3002 2651 
8 2612 2963 3002 2651 2613 2964 3003 2652 
8 2613 2964 3003 2652 2614 2965 3004 2653 
8 2614 2965 3004 2653 2615 2966 3005 2654 
8 2615 2966 3005 2654 2616 2967 3006 2655 
8 2616 2967 3006 2655 2617 2968 3007 2656 
8 2617 2968 3007 2656 2618 2969 3008 2657 
8 2618 2969 3008 2657 2619 2970 3009 2658 
8 2619 2970 3009 2658 2620 2971 3010 2659 
8 2620 2971 3010 2659 2621 2972 3011 2660 
8 2621 2972 3011 2660 2622 2973 3012 2661 
8 2622 2973 3012 2661 2623 2974 3013 2662 
8 2623 2974 3013 2662 2624 2975 3014 2663 
8 2624 2975 3014 2663 2625 2976 3015 2664 
8 2625 2976 3015 2664 2626 2977 3016 2665 
8 2626 2977 3016 2665 2627 2978 3017 2666 
8 2627 2978 3017 2666 2628 2979 3018 2667 
8 2628 2979 3018 2667 2629 2980 3019 2668 
8 2629 2980 3019 2668 2630 2981 3020 2669 
8 2630 2981 3020 2669 2631 2982 3021 2670 
8 2631 2982 3021 2670 2632 2983 3022 2671 
8 2632 2983 3022 2671 2633 2984 3023 2672 
8 2633 2984 3023 2672 2634 2985 3024 2673 
8 2634 2985 3024 2673 2635 2986 3025 2674 
8 2635 2986 3025 2674 751 760 761 752 
8 617 626 627 618 2636 2987 3026 2675 
8 2636 2987 3026 2675 2637 2988 3027 2676 
8 2637 2988 3027 2676 2638 2989 3028 2677 
8 2638 2989 3028 2677 2639 2990 3029 2678 
8 2639 2990 3029 2678 2640 2991 3030 2679 
8 2640 2991 3030 2679 2641 2992 3031 2680 
8 2641 2992 3031 2680 2642 2993 3032 2681 
8 2642 2993 3032 2681 2643 2994 3033 2682 
8 2643 2994 3033 2682 2644 2995 3034 2683 
8 2644 2995 3034 2683 2645 2996 3035 2684 
8 2645 2996 3035 2684 2646 2997 3036 2685 
8 2646 2997 3036 2685 2647 2998 3037 2686 
8 2647 2998 3037 2686 2648 2999 3038 2687 
8 2648 2999 3038 2687 2649 3000 3039 2688 
8 2649 3000 3039 2688 2650 3001 3040 2689 
8 2650 3001 3040 2689 2651 3002 3041 2690 
8 2651 3002 3041 2690 2652 3003 3042 2691 
8 2652 3003 3042 2691 2653 3004 3043 2692 
8 2653 3004 3043 2692 2654 3005 3044 2693 
8 2654 3005 3044 2693 2655 3006 3045 2694 
8 2655 3006 3045 2694 2656 3007 3046 2695 
8 2656 3007 3046 2695 2657 3008 3047 2696 
8 2657 3008 3047 2696 2658 3009 3048 2697 
8 2658 3009 3048 2697 2659 3010 3049 2698 
8 2659 3010 3049 2698 2660 3011 3050 2699 
8 2660 3011 3050 2699 2661 3012 3051 2700 
8 2661 3012 3051 2700 2662 3013 3052 2701 
8 2662 3013 3052 2701 2663 3014 3053 2702 
8 2663 3014 3053 2702 2664 3015 3054 2703 
8 2664 3015 3054 2703 2665 3016 3055 2704 
8 2665 3016 3055 2704 2666 3017 3056 2705 
8 2666 3017 3056 2705 2667 3018 3057 2706 
8 2667 3018 3057 2706 2668 3019 3058 2707 
8 2668 3019 3058 2707 2669 3020 3059 2708 
8 2669 3020 3059 2708 2670 3021 3060 2709 
8 2670 3021 3060 2709 2671 3022 3061 2710 
8 2671 3022 3061 2710 2672 3023 3062 2711 
8 2672 3023 3062 2711 2673 3024 3063 2712 
8 2673 3024 3063 2712 2674 3025 3064 2713 
8 2674 3025 3064 2713 752 761 762 753 
8 618 627 628 619 2675 3026 3065 2714 
8 2675 3026 3065 2714 2676 3027 3066 2715 
8 2676 3027 3066 2715 2677 3028 3067 2716 
8 2677 3028 3067 2716 2678 3029 3068 2717 
8 2678 3029 3068 2717 2679 3030 3069 2718 
8 2679 3030 3069 2718 2680 3031 3070 2719 
8 2680 3031 3070 2719 2681 3032 3071 2720 
8 2681 3032 3071 2720 2682 3033 3072 2721 
8 2682 3033 3072 2721 2683 3034 3073 2722 
8 2683 3034 3073 2722 2684 3035 3074 2723 
8 2684 3035 3074 2723 2685 3036 3075 2724 
8 2685 3036 3075 2724 2686 3037 3076 2725 
8 2686 3037 3076 2725 2687 3038 3077 2726 
8 2687 3038 3077 2726 2688 3039 3078 2727 
8 2688 3039 3078 2727 2689 3040 3079 2728 
8 2689 3040 3079 2728 2690 3041 3080 2729 
8 2690 3041 3080 2729 2691 3042 3081 2730 
8 2691 3042 3081 2730 2692 3043 3082 2731 
8 2692 3043 3082 2731 2693 3044 3083 2732 
8 2693 3044 3083 2732 2694 3045 3084 2733 
8 2694 3045 3084 2733 2695 3046 3085 2734 
8 2695 3046 3085 2734 2696 3047 3086 2735 
8 2696 3047 3086 2735 2697 3048 3087 2736 
8 2697 3048 3087 2736 2698 3049 3088 2737 
8 2698 3049 3088 2737 2699 3050 3089 2738 
8 2699 3050 3089 2738 2700 3051 3090 2739 
8 2700 3051 3090 2739 2701 3052 3091 2740 
8 2701 3052 3091 2740 2702 3053 3092 2741 
8 2702 3053 3092 2741 2703 3054 3093 2742 
8 2703 3054 3093 2742 2704 3055 3094 2743 
8 2704 3055 3094 2743 2705 3056 3095 2744 
8 2705 3056 3095 2744 2706 3057 3096 2745 
8 2706 3057 3096 2745 2707 3058 3097 2746 
8 2707 3058 3097 2746 2708 3059 3098 2747 
8 2708 3059 3098 2747 2709 3060 3099 2748 
8 2709 3060 3099 2748 2710 3061 3100 2749 
8 2710 3061 3100 2749 2711 3062 3101 2750 
8 2711 3062 3101 2750 2712 3063 3102 2751 
8 2712 3063 3102 2751 2713 3064 3103 2752 
8 2713 3064 3103 2752 753 762 763 754 
8 619 628 129 128 2714 3065 1505 1466 
8 2714 3065 1505 1466 2715 3066 1506 1467 
8 2715 3066 1506 1467 2716 3067 1507 1468 
8 2716 3067 1507 1468 2717 3068 1508 1469 
8 2717 3068 1508 1469 2718 3069 1509 1470 
8 2718 3069 1509 1470 2719 3070 1510 1471 
8 2719 3070 1510 1471 2720 3071 1511 1472 
8 2720 3071 1511 1472 2721 3072 1512 1473 
8 2721 3072 1512 1473 2722 3073 1513 1474 
8 2722 3073 1513 1474 2723 3074 1514 1475 
8 2723 3074 1514 1475 2724 3075 1515 1476 
8 2724 3075 1515 1476 2725 3076 1516 1477 
8 2725 3076 1516 1477 2726 3077 1517 1478 
8 2726 3077 1517 1478 2727 3078 1518 1479 
8 2727 3078 1518 1479 2728 3079 1519 1480 
8 2728 3079 1519 1480 2729 3080 1520 1481 
8 2729 3080 1520 1481 2730 3081 1521 1482 
8 2730 3081 1521 1482 2731 3082 1522 1483 
8 2731 3082 1522 1483 2732 3083 1523 1484 
8 2732 3083 1523 1484 2733 3084 1524 1485 
8 2733 3084 1524 1485 2734 3085 1525 1486 
8 2734 3085 1525 1486 2735 3086 1526 1487 
8 2735 3086 1526 1487 2736 3087 1527 1488 
8 2736 3087 1527 1488 2737 3088 1528 1489 
8 2737 3088 1528 1489 2738 3089 1529 1490 
8 2738 3089 1529 1490 2739 3090 1530 1491 
8 2739 3090 1530 1491 2740 3091 1531 1492 
8 2740 3091 1531 1492 2741 3092 1532 1493 
8 2741 3092 1532 1493 2742 3093 1533 1494 
8 2742 3093 1533 1494 2743 3094 1534 1495 
8 2743 3094 1534 1495 2744 3095 1535 1496 
8 2744 3095 1535 1496 2745 3096 1536 1497 
8 2745 3096 1536 1497 2746 3097 1537 1498 
8 2746 3097 1537 1498 2747 3098 1538 1499 
8 2747 3098 1538 1499 2748 3099 1539 1500 
8 2748 3099 1539 1500 2749 3100 1540 1501 
8 2749 3100 1540 1501 2750 3101 1541 1502 
8 2750 3101 1541 1502 2751 3102 1542 1503 
8 2751 3102 1542 1503 2752 3103 1543 1504 
8 2752 3103 1543 1504 754 763 168 167 
8 105 106 629 620 920 959 3104 2753 
8 920 959 3104 2753 921 960 3105 2754 
8 921 960 3105 2754 922 961 3106 2755 
8 922 961 3106 2755 923 962 3107 2756 
8 923 962 3107 2756 924 963 3108 2757 
8 924 963 3108 2757 925 964 3109 2758 
8 925 964 3109 2758 926 965 3110 2759 
8 926 965 3110 2759 927 966 3111 2760 
8 927 966 3111 2760 928 967 3112 2761 
8 928 967 3112 2761 929 968 3113 2762 
8 929 968 3113 2762 930 969 3114 2763 
8 930 969 3114 2763 931 970 3115 2764 
8 931 970 3115 2764 932 971 3116 2765 
8 932 971 3116 2765 933 972 3117 2766 
8 933 972 3117 2766 934 973 3118 2767 
8 934 973 3118 2767 935 974 3119 2768 
8 935 974 3119 2768 936 975 3120 2769 
8 936 975 3120 2769 937 976 3121 2770 
8 937 976 3121 2770 938 977 3122 2771 
8 938 977 3122 2771 939 978 3123 2772 
8 939 978 3123 2772 940 979 3124 2773 
8 940 979 3124 2773 941 980 3125 2774 
8 941 980 3125 2774 942 981 3126 2775 
8 942 981 3126 2775 943 982 3127 2776 
8 943 982 3127 2776 944 983 3128 2777 
8 944 983 3128 2777 945 984 3129 2778 
8 945 984 3129 2778 946 985 3130 2779 
8 946 985 3130 2779 947 986 3131 2780 
8 947 986 3131 2780 948 987 3132 2781 
8 948 987 3132 2781 949 988 3133 2782 
8 949 988 3133 2782 950 989 3134 2783 
8 950 989 3134 2783 951 990 3135 2784 
8 951 990 3135 2784 952 991 3136 2785 
8 952 991 3136 2785 953 992 3137 2786 
8 953 992 3137 2786 954 993 3138 2787 
8 954 993 3138 2787 955 994 3139 2788 
8 955 994 3139 2788 956 995 3140 2789 
8 956 995 3140 2789 957 996 3141 2790 
8 957 996 3141 2790 958 997 3142 2791 
8 958 997 3142 2791 144 145 764 755 
8 620 629 630 621 2753 3104 3143 2792 
8 2753 3104 3143 2792 2754 3105 3144 2793 
8 2754 3105 3144 2793 2755 3106 3145 2794 
8 2755 3106 3145 2794 2756 3107 3146 2795 
8 2756 3107 3146 2795 2757 3108 3147 2796 
8 2757 3108 3147 2796 2758 3109 3148 2797 
8 2758 3109 3148 2797 2759 3110 3149 2798 
8 2759 3110 3149 2798 2760 3111 3150 2799 
8 2760 3111 3150 2799 2761 3112 3151 2800 
8 2761 3112 3151 2800 2762 3113 3152 2801 
8 2762 3113 3152 2801 2763 3114 3153 2802 
8 2763 3114 3153 2802 2764 3115 3154 2803 
8 2764 3115 3154 2803 2765 3116 3155 2804 
8 2765 3116 3155 2804 2766 3117 3156 2805 
8 2766 3117 3156 2805 2767 3118 3157 2806 
8 2767 3118 3157 2806 2768 3119 3158 2807 
8 2768 3119 3158 2807 2769 3120 3159 2808 
8 2769 3120 3159 2808 2770 3121 3160 2809 
8 2770 3121 3160 2809 2771 3122 3161 2810 
8 2771 3122 3161 2810 2772 3123 3162 2811 
8 2772 3123 3162 2811 2773 3124 3163 2812 
8 2773 3124 3163 2812 2774 3125 3164 2813 
8 2774 3125 3164 2813 2775 3126 3165 2814 
8 2775 3126 3165 2814 2776 3127 3166 2815 
8 2776 3127 3166 2815 2777 3128 3167 2816 
8 2777 3128 3167 2816 2778 3129 3168 2817 
8 2778 3129 3168 2817 2779 3130 3169 2818 
8 2779 3130 3169 2818 2780 3131 3170 2819 
8 2780 3131 3170 2819 2781 3132 3171 2820 
8 2781 3132 3171 2820 2782 3133 3172 2821 
8 2782 3133 3172 2821 2783 3134 3173 2822 
8 2783 3134 3173 2822 2784 3135 3174 2823 
8 2784 3135 3174 2823 2785 3136 3175 2824 
8 2785 3136 3175 2824 2786 3137 3176 2825 
8 2786 3137 3176 2825 2787 3138 3177 2826 
8 2787 3138 3177 2826 2788 3139 3178 2827 
8 2788 3139 3178 2827 2789 3140 3179 2828 
8 2789 3140 3179 2828 2790 3141 3180 2829 
8 2790 3141 3180 2829 2791 3142 3181 2830 
8 2791 3142 3181 2830 755 764 765 756 
8 621 630 631 622 2792 3143 3182 2831 
8 2792 3143 3182 2831 2793 3144 3183 2832 
8 2793 3144 3183 2832 2794 3145 3184 2833 
8 2794 3145 3184 2833 2795 3146 3185 2834 
8 2795 3146 3185 2834 2796 3147 3186 2835 
8 2796 3147 3186 2835 2797 3148 3187 2836 
8 2797 3148 3187 2836 2798 3149 3188 2837 
8 2798 3149 3188 2837 2799 3150 3189 2838 
8 2799 3150 3189 2838 2800 3151 3190 2839 
8 2800 3151 3190 2839 2801 3152 3191 2840 
8 2801 3152 3191 2840 2802 3153 3192 2841 
8 2802 3153 3192 2841 2803 3154 3193 2842 
8 2803 3154 3193 2842 2804 3155 3194 2843 
8 2804 3155 3194 2843 2805 3156 3195 2844 
8 2805 3156 3195 2844 2806 3157 3196 2845 
8 2806 3157 3196 2845 2807 3158 3197 2846 
8 2807 3158 3197 2846 2808 3159 3198 2847 
8 2808 3159 3198 2847 2809 3160 3199 2848 
8 2809 3160 3199 2848 2810 3161 3200 2849 
8 2810 3161 3200 2849 2811 3162 3201 2850 
8 2811 3162 3201 2850 2812 3163 3202 2851 
8 2812 3163 3202 2851 2813 3164 3203 2852 
8 2813 3164 3203 2852 2814 3165 3204 2853 
8 2814 3165 3204 2853 2815 3166 3205 2854 
8 2815 3166 3205 2854 2816 3167 3206 2855 
8 2816 3167 3206 2855 2817 3168 3207 2856 
8 2817 3168 3207 2856 2818 3169 3208 2857 
8 2818 3169 3208 2857 2819 3170 3209 2858 
8 2819 3170 3209 2858 2820 3171 3210 2859 
8 2820 3171 3210 2859 2821 3172 3211 2860 
8 2821 3172 3211 2860 2822 3173 3212 2861 
8 2822 3173 3212 2861 2823 3174 3213 2862 
8 2823 3174 3213 2862 2824 3175 3214 2863 
8 2824 3175 3214 2863 2825 3176 3215 2864 
8 2825 3176 3215 2864 2826 3177 3216 2865 
8 2826 3177 3216 2865 2827 3178 3217 2866 
8 2827 3178 3217 2866 2828 3179 3218 2867 
8 2828 3179 3218 2867 2829 3180 3219 2868 
8 2829 3180 3219 2868 2830 3181 3220 2869 
8 2830 3181 3220 2869 756 765 766 757 
8 622 631 632 623 2831 3182 3221 2870 
8 2831 3182 3221 2870 2832 3183 3222 2871 
8 2832 3183 3222 2871 2833 3184 3223 2872 
8 2833 3184 3223 2872 2834 3185 3224 2873 
8 2834 3185 3224 2873 2835 3186 3225 2874 
8 2835 3186 3225 2874 2836 3187 3226 2875 
8 2836 3187 3226 2875 2837 3188 3227 2876 
8 2837 3188 3227 2876 2838 3189 3228 2877 
8 2838 3189 3228 2877 2839 3190 3229 2878 
8 2839 3190 3229 2878 2840 3191 3230 2879 
8 2840 3191 3230 2879 2841 3192 3231 2880 
8 2841 3192 3231 2880 2842 3193 3232 2881 
8 2842 3193 3232 2881 2843 3194 3233 2882 
8 2843 3194 3233 2882 2844 3195 3234 2883 
8 2844 3195 3234 2883 2845 3196 3235 2884 
8 2845 3196 3235 2884 2846 3197 3236 2885 
8 2846 3197 3236 2885 2847 3198 3237 2886 
8 2847 3198 3237 2886 2848 3199 3238 2887 
8 2848 3199 3238 2887 2849 3200 3239 2888 
8 2849 3200 3239 2888 2850 3201 3240 2889 
8 2850 3201 3240 2889 2851 3202 3241 2890 
8 2851 3202 3241 2890 2852 3203 3242 2891 
8 2852 3203 3242 2891 2853 3204 3243 2892 
8 2853 3204 3243 2892 2854 3205 3244 2893 
8 2854 3205 3244 2893 2855 3206 3245 2894 
8 2855 3206 3245 2894 2856 3207 3246 2895 
8 2856 3207 3246 2895 2857 3208 3247 2896 
8 2857 3208 3247 2896 2858 3209 3248 2897 
8 2858 3209 3248 2897 2859 3210 3249 2898 
8 2859 3210 3249 2898 2860 3211 3250 2899 
8 2860 3211 3250 2899 2861 3212 3251 2900 
8 2861 3212 3251 2900 2862 3213 3252 2901 
8 2862 3213 3252 2901 2863 3214 3253 2902 
8 2863 3214 3253 2902 2864 3215 3254 2903 
8 2864 3215 3254 2903 2865 3216 3255 2904 
8 2865 3216 3255 2904 2866 3217 3256 2905 
8 2866 3217 3256 2905 2867 3218 3257 2906 
8 2867 3218 3257 2906 2868 3219 3258 2907 
8 2868 3219 3258 2907 2869 3220 3259 2908 
8 2869 3220 3259 2908 757 766 767 758 
8 623 632 633 624 2870 3221 3260 2909 
8 2870 3221 3260 2909 2871 3222 3261 2910 
8 2871 3222 3261 2910 2872 3223 3262 2911 
8 2872 3223 3262 2911 2873 3224 3263 2912 
8 2873 3224 3263 2912 2874 3225 3264 2913 
8 2874 3225 3264 2913 2875 3226 3265 2914 
8 2875 3226 3265 2914 2876 3227 3266 2915 
8 2876 3227 3266 2915 2877 3228 3267 2916 
8 2877 3228 3267 2916 2878 3229 3268 2917 
8 2878 3229 3268 2917 2879 3230 3269 2918 
8 2879 3230 3269 2918 2880 3231 3270 2919 
8 2880 3231 3270 2919 2881 3232 3271 2920 
8 2881 3232 3271 2920 2882 3233 3272 2921 
8 2882 3233 3272 2921 2883 3234 3273 2922 
8 2883 3234 3273 2922 2884 3235 3274 2923 
8 2884 3235 3274 2923 2885 3236 3275 2924 
8 2885 3236 3275 2924 2886 3237 3276 2925 
8 2886 3237 3276 2925 2887 3238 3277 2926 
8 2887 3238 3277 2926 2888 3239 3278 2927 
8 2888 3239 3278 2927 2889 3240 3279 2928 
8 2889 3240 3279 2928 2890 3241 3280 2929 
8 2890 3241 3280 2929 2891 3242 3281 2930 
8 2891 3242 3281 2930 2892 3243 3282 2931 
8 2892 3243 3282 2931 2893 3244 3283 2932 
8 2893 3244 3283 2932 2894 3245 3284 2933 
8 2894 3245 3284 2933 2895 3246 3285 2934 
8 2895 3246 3285 2934 2896 3247 3286 2935 
8 2896 3247 3286 2935 2897 3248 3287 2936 
8 2897 3248 3287 2936 2898 3249 3288 2937 
8 2898 3249 3288 2937 2899 3250 3289 2938 
8 2899 3250 3289 2938 2900 3251 3290 2939 
8 2900 3251 3290 2939 2901 3252 3291 2940 
8 2901 3252 3291 2940 2902 3253 3292 2941 
8 2902 3253 3292 2941 2903 3254 3293 2942 
8 2903 3254 3293 2942 2904 3255 3294 2943 
8 2904 3255 3294 2943 2905 3256 3295 2944 
8 2905 3256 3295 2944 2906 3257 3296 2945 
8 2906 3257 3296 2945 2907 3258 3297 2946 
8 2907 3258 3297 2946 2908 3259 3298 2947 
8 2908 3259 3298 2947 758 767 768 759 
8 624 633 634 625 2909 3260 3299 2948 
8 2909 3260 3299 2948 2910 3261 3300 2949 
8 2910 3261 3300 2949 2911 3262 3301 2950 
8 2911 3262 3301 2950 2912 3263 3302 2951 
8 2912 3263 3302 2951 2913 3264 3303 2952 
8 2913 3264 3303 2952 2914 3265 3304 2953 
8 2914 3265 3304 2953 2915 3266 3305 2954 
8 2915 3266 3305 2954 2916 3267 3306 2955 
8 2916 3267 3306 2955 2917 3268 3307 2956 
8 2917 3268 3307 2956 2918 3269 3308 2957 
8 2918 3269 3308 2957 2919 3270 3309 2958 
8 2919 3270 3309 2958 2920 3271 3310 2959 
8 2920 3271 3310 2959 2921 3272 3311 2960 
8 2921 3272 3311 2960 2922 3273 3312 2961 
8 2922 3273 3312 2961 2923 3274 3313 2962 
8 2923 3274 3313 2962 2924 3275 3314 2963 
8 2924 3275 3314 2963 2925 3276 3315 2964 
8 2925 3276 3315 2964 2926 3277 3316 2965 
8 2926 3277 3316 2965 2927 3278 3317 2966 
8 2927 3278 3317 2966 2928 3279 3318 2967 
8 2928 3279 3318 2967 2929 3280 3319 2968 
8 2929 3280 3319 2968 2930 3281 3320 2969 
8 2930 3281 3320 2969 2931 3282 3321 2970 
8 2931 3282 3321 2970 2932 3283 3322 2971 
8 2932 3283 3322 2971 2933 3284 3323 2972 
8 2933 3284 3323 2972 2934 3285 3324 2973 
8 2934 3285 3324 2973 2935 3286 3325 2974 
8 2935 3286 3325 2974 2936 3287 3326 2975 
8 2936 3287 3326 2975 2937 3288 3327 2976 
8 2937 3288 3327 2976 2938 3289 3328 2977 
8 2938 3289 3328 2977 2939 3290 3329 2978 
8 2939 3290 3329 2978 2940 3291 3330 2979 
8 2940 3291 3330 2979 2941 3292 3331 2980 
8 2941 3292 3331 2980 2942 3293 3332 2981 
8 2942 3293 3332 2981 2943 3294 3333 2982 
8 2943 3294 3333 2982 2944 3295 3334 2983 
8 2944 3295 3334 2983 2945 3296 3335 2984 
8 2945 3296 3335 2984 2946 3297 3336 2985 
8 2946 3297 3336 2985 2947 3298 3337 2986 
8 2947 3298 3337 2986 759 768 769 760 
8 625 634 635 626 2948 3299 3338 2987 
8 2948 3299 3338 2987 2949 3300 3339 2988 
8 2949 3300 3339 2988 2950 3301 3340 2989 
8 2950 3301 3340 2989 2951 3302 3341 2990 
8 2951 3302 3341 2990 2952 3303 3342 2991 
8 2952 3303 3342 2991 2953 3304 3343 2992 
8 2953 3304 3343 2992 2954 3305 3344 2993 
8 2954 3305 3344 2993 2955 3306 3345 2994 
8 2955 3306 3345 2994 2956 3307 3346 2995 
8 2956 3307 3346 2995 2957 3308 3347 2996 
8 2957 3308 3347 2996 2958 3309 3348 2997 
8 2958 3309 3348 2997 2959 3310 3349 2998 
8 2959 3310 3349 2998 2960 3311 3350 2999 
8 2960 3311 3350 2999 2961 3312 3351 3000 
8 2961 3312 3351 3000 2962 3313 3352 3001 
8 2962 3313 3352 3001 2963 3314 3353 3002 
8 2963 3314 3353 3002 2964 3315 3354 3003 
8 2964 3315 3354 3003 2965 3316 3355 3004 
8 2965 3316 3355 3004 2966 3317 3356 3005 
8 2966 3317 3356 3005 2967 3318 3357 3006 
8 2967 3318 3357 3006 2968 3319 3358 3007 
8 2968 3319 3358 3007 2969 3320 3359 3008 
8 2969 3320 3359 3008 2970 3321 3360 3009 
8 2970 3321 3360 3009 2971 3322 3361 3010 
8 2971 3322 3361 3010 2972 3323 3362 3011 
8 2972 3323 3362 3011 2973 3324 3363 3012 
8 2973 3324 3363 3012 2974 3325 3364 3013 
8 2974 3325 3364 3013 2975 3326 3365 3014 
8 2975 3326 3365 3014 2976 3327 3366 3015 
8 2976 3327 3366 3015 2977 3328 3367 3016 
8 2977 3328 3367 3016 2978 3329 3368 3017 
8 2978 3329 3368 3017 2979 3330 3369 3018 
8 2979 3330 3369 3018 2980 3331 3370 3019 
8 2980 3331 3370 3019 2981 3332 3371 3020 
8 2981 3332 3371 3020 2982 3333 3372 3021 
8 2982 3333 3372 3021 2983 3334 3373 3022 
8 2983 3334 3373 3022 2984 3335 3374 3023 
8 2984 3335 3374 3023 2985 3336 3375 3024 
8 2985 3336 3375 3024 2986 3337 3376 3025 
8 2986 3337 3376 3025 760 769 770 761 
8 626 635 636 627 2987 3338 3377 3026 
8 2987 3338 3377 3026 2988 3339 3378 3027 
8 2988 3339 3378 3027 2989 3340 3379 3028 
8 2989 3340 3379 3028 2990 3341 3380 3029 
8 2990 3341 3380 3029 2991 3342 3381 3030 
8 2991 3342 3381 3030 2992 3343 3382 3031 
8 2992 3343 3382 3031 2993 3344 3383 3032 
8 2993 3344 3383 3032 2994 3345 3384 3033 
8 2994 3345 3384 3033 2995 3346 3385 3034 
8 2995 3346 3385 3034 2996 3347 3386 3035 
8 2996 3347 3386 3035 2997 3348 3387 3036 
8 2997 3348 3387 3036 2998 3349 3388 3037 
8 2998 3349 3388 3037 2999 3350 3389 3038 
8 2999 3350 3389 3038 3000 3351 3390 3039 
8 3000 3351 3390 3039 3001 3352 3391 3040 
8 3001 3352 3391 3040 3002 3353 3392 3041 
8 3002 3353 3392 3041 3003 3354 3393 3042 
8 3003 3354 3393 3042 3004 3355 3394 3043 
8 3004 3355 3394 3043 3005 3356 3395 3044 
8 3005 3356 3395 3044 3006 3357 3396 3045 
8 3006 3357 3396 3045 3007 3358 3397 3046 
8 3007 3358 3397 3046 3008 3359 3398 3047 
8 3008 3359 3398 3047 3009 3360 3399 3048 
8 3009 3360 3399 3048 3010 3361 3400 3049 
8 3010 3361 3400 3049 3011 3362 3401 3050 
8 3011 3362 3401 3050 3012 3363 3402 3051 
8 3012 3363 3402 3051 3013 3364 3403 3052 
8 3013 3364 3403 3052 3014 3365 3404 3053 
8 3014 3365 3404 3053 3015 3366 3405 3054 
8 3015 3366 3405 3054 3016 3367 3406 3055 
8 3016 3367 3406 3055 3017 3368 3407 3056 
8 3017 3368 3407 3056 3018 3369 3408 3057 
8 3018 3369 3408 3057 3019 3370 3409 3058 
8 3019 3370 3409 3058 3020 3371 3410 3059 
8 3020 3371 3410 3059 3021 3372 3411 3060 
8 3021 3372 3411 3060 3022 3373 3412 3061 
8 3022 3373 3412 3061 3023 3374 3413 3062 
8 3023 3374 3413 3062 3024 3375 3414 3063 
8 3024 3375 3414 3063 3025 3376 3415 3064 
8 3025 3376 3415 3064 761 770 771 762 
8 627 636 637 628 3026 3377 3416 3065 
8 3026 3377 3416 3065 3027 3378 3417 3066 
8 3027 3378 3417 3066 3028 3379 3418 3067 
8 3028 3379 3418 3067 3029 3380 3419 3068 
8 3029 3380 3419 3068 3030 3381 3420 3069 
8 3030 3381 3420 3069 3031 3382 3421 3070 
8 3031 3382 3421 3070 3032 3383 3422 3071 
8 3032 3383 3422 3071 3033 3384 3423 3072 
8 3033 3384 3423 3072 3034 3385 3424 3073 
8 3034 3385 3424 3073 3035 3386 3425 3074 
8 3035 3386 3425 3074 3036 3387 3426 3075 
8 3036 3387 3426 3075 3037 3388 3427 3076 
8 3037 3388 3427 3076 3038 3389 3428 3077 
8 3038 3389 3428 3077 3039 3390 3429 3078 
8 3039 3390 3429 3078 3040 3391 3430 3079 
8 3040 3391 3430 3079 3041 3392 3431 3080 
8 3041 3392 3431 3080 3042 3393 3432 3081 
8 3042 3393 3432 3081 3043 3394 3433 3082 
8 3043 3394 3433 3082 3044 3395 3434 3083 
8 3044 3395 3434 3083 3045 3396 3435 3084 
8 3045 3396 3435 3084 3046 3397 3436 3085 
8 3046 3397 3436 3085 3047 3398 3437 3086 
8 3047 3398 3437 3086 3048 3399 3438 3087 
8 3048 3399 3438 3087 3049 3400 3439 3088 
8 3049 3400 3439 3088 3050 3401 3440 3089 
8 3050 3401 3440 3089 3051 3402 3441 3090 
8 3051 3402 3441 3090 3052 3403 3442 3091 
8 3052 3403 3442 3091 3053 3404 3443 3092 
8 3053 3404 3443 3092 3054 3405 3444 3093 
8 3054 3405 3444 3093 3055 3406 3445 3094 
8 3055 3406 3445 3094 3056 3407 3446 3095 
8 3056 3407 3446 3095 3057 3408 3447 3096 
8 3057 3408 3447 3096 3058 3409 3448 3097 
8 3058 3409 3448 3097 3059 3410 3449 3098 
8 3059 3410 3449 3098 3060 3411 3450 3099 
8 3060 3411 3450 3099 3061 3412 3451 3100 
8 3061 3412 3451 3100 3062 3413 3452 3101 
8 3062 3413 3452 3101 3063 3414 3453 3102 
8 3063 3414 3453 3102 3064 3415 3454 3103 
8 3064 3415 3454 3103 762 771 772 763 
8 628 637 130 129 3065 3416 1544 1505 
8 3065 3416 1544 1505 3066 3417 1545 1506 
8 3066 3417 1545 1506 3067 3418 1546 1507 
8 3067 3418 1546 1507 3068 3419 1547 1508 
8 3068 3419 1547 1508 3069 3420 1548 1509 
8 3069 3420 1548 1509 3070 3421 1549 1510 
8 3070 3421 1549 1510 3071 3422 1550 1511 
8 3071 3422 1550 1511 3072 3423 1551 1512 
8 3072 3423 1551 1512 3073 3424 1552 1513 
8 3073 3424 1552 1513 3074 3425 1553 1514 
8 3074 3425 1553 1514 3075 3426 1554 1515 
8 3075 3426 1554 1515 3076 3427 1555 1516 
8 3076 3427 1555 1516 3077 3428 1556 1517 
8 3077 3428 1556 1517 3078 3429 1557 1518 
8 3078 3429 1557 1518 3079 3430 1558 1519 
8 3079 3430 1558 1519 3080 3431 1559 1520 
8 3080 3431 1559 1520 3081 3432 1560 1521 
8 3081 3432 1560 1521 3082 3433 1561 1522 
8 3082 3433 1561 1522 3083 3434 1562 1523 
8 3083 3434 1562 1523 3084 3435 1563 1524 
8 3084 3435 1563 1524 3085 3436 1564 1525 
8 3085 3436 1564 1525 3086 3437 1565 1526 
8 3086 3437 1565 1526 3087 3438 1566 1527 
8 3087 3438 1566 1527 3088 3439 1567 1528 
8 3088 3439 1567 1528 3089 3440 1568 1529 
8 3089 3440 1568 1529 3090 3441 1569 1530 
8 3090 3441 1569 1530 3091 3442 1570 1531 
8 3091 3442 1570 1531 3092 3443 1571 1532 
8 3092 3443 1571 1532 3093 3444 1572 1533 
8 3093 3444 1572 1533 3094 3445 1573 1534 
8 3094 3445 1573 1534 3095 3446 1574 1535 
8 3095 3446 1574 1535 3096 3447 1575 1536 
8 3096 3447 1575 1536 3097 3448 1576 1537 
8 3097 3448 1576 1537 3098 3449 1577 1538 
8 3098 3449 1577 1538 3099 3450 1578 1539 
8 3099 3450 1578 1539 3100 3451 1579 1540 
8 3100 3451 1579 1540 3101 3452 1580 1541 
8 3101 3452 1580 1541 3102 3453 1581 1542 
8 3102 3453 1581 1542 3103 3454 1582 1543 
8 3103 3454 1582 1543 763 772 169 168 
8 106 107 638 629 959 998 3455 3104 
8 959 998 3455 3104 960 999 3456 3105 
8 960 999 3456 3105 961 1000 3457 3106 
8 961 1000 3457 3106 962 1001 3458 3107 
8 962 1001 3458 3107 963 1002 3459 3108 
8 963 1002 3459 3108 964 1003 3460 3109 
8 964 1003 3460 3109 965 1004 3461 3110 
8 965 1004 3461 3110 966 1005 3462 3111 
8 966 1005 3462 3111 967 1006 3463 3112 
8 967 1006 3463 3112 968 1007 3464 3113 
8 968 1007 3464 3113 969 1008 3465 3114 
8 969 1008 3465 3114 970 1009 3466 3115 
8 970 1009 3466 3115 971 1010 3467 3116 
8 971 1010 3467 3116 972 1011 3468 3117 
8 972 1011 3468 3117 973 1012 3469 3118 
8 973 1012 3469 3118 974 1013 3470 3119 
8 974 1013 3470 3119 975 1014 3471 3120 
8 975 1014 3471 3120 976 1015 3472 3121 
8 976 1015 3472 3121 977 1016 3473 3122 
8 977 1016 3473 3122 978 1017 3474 3123 
8 978 1017 3474 3123 979 1018 3475 3124 
8 979 1018 3475 3124 980 1019 3476 3125 
8 980 1019 3476 3125 981 1020 3477 3126 
8 981 1020 3477 3126 982 1021 3478 3127 
8 982 1021 3478 3127 983 1022 3479 3128 
8 983 1022 3479 3128 984 1023 3480 3129 
8 984 1023 3480 3129 985 1024 3481 3130 
8 985 1024 3481 3130 986 1025 3482 3131 
8 986 1025 3482 3131 987 1026 3483 3132 
8 987 1026 3483 3132 988 1027 3484 3133 
8 988 1027 3484 3133 989 1028 3485 3134 
8 989 1028 3485 3134 990 1029 3486 3135 
8 990 1029 3486 3135 991 1030 3487 3136 
8 991 1030 3487 3136 992 1031 3488 3137 
8 992 1031 3488 3137 993 1032 3489 3138 
8 993 1032 3489 3138 994 1033 3490 3139 
8 994 1033 3490 3139 995 1034 3491 3140 
8 995 1034 3491 3140 996 1035 3492 3141 
8 996 1035 3492 3141 997 1036 3493 3142 
8 997 1036 3493 3142 145 146 773 764 
8 629 638 639 630 3104 3455 3494 3143 
8 3104 3455 3494 3143 3105 3456 3495 3144 
8 3105 3456 3495 3144 3106 3457 3496 3145 
8 3106 3457 3496 3145 3107 3458 3497 3146 
8 3107 3458 3497 3146 3108 3459 3498 3147 
8 3108 3459 3498 3147 3109 3460 3499 3148 
8 3109 3460 3499 3148 3110 3461 3500 3149 
8 3110 3461 3500 3149 3111 3462 3501 3150 
8 3111 3462 3501 3150 3112 3463 3502 3151 
8 3112 3463 3502 3151 3113 3464 3503 3152 
8 3113 3464 3503 3152 3114 3465 3504 3153 
8 3114 3465 3504 3153 3115 3466 3505 3154 
8 3115 3466 3505 3154 3116 3467 3506 3155 
8 3116 3467 3506 3155 3117 3468 3507 3156 
8 3117 3468 3507 3156 3118 3469 3508 3157 
8 3118 3469 3508 3157 3119 3470 3509 3158 
8 3119 3470 3509 3158 3120 3471 3510 3159 
8 3120 3471 3510 3159 3121 3472 3511 3160 
8 3121 3472 3511 3160 3122 3473 3512 3161 
8 3122 3473 3512 3161 3123 3474 3513 3162 
8 3123 3474 3513 3162 3124 3475 3514 3163 
8 3124 3475 3514 3163 3125 3476 3515 3164 
8 3125 3476 3515 3164 3126 3477 3516 3165 
8 3126 3477 3516 3165 3127 3478 3517 3166 
8 3127 3478 3517 3166 3128 3479 3518 3167 
8 3128 3479 3518 3167 3129 3480 3519 3168 
8 3129 3480 3519 3168 3130 3481 3520 3169 
8 3130 3481 3520 3169 3131 3482 3521 3170 
8 3131 3482 3521 3170 3132 3483 3522 3171 
8 3132 3483 3522 3171 3133 3484 3523 3172 
8 3133 3484 3523 3172 3134 3485 3524 3173 
8 3134 3485 3524 3173 3135 3486 3525 3174 
8 3135 3486 3525 3174 3136 3487 3526 3175 
8 3136 3487 3526 3175 3137 3488 3527 3176 
8 3137 3488 3527 3176 3138 3489 3528 3177 
8 3138 3489 3528 3177 3139 3490 3529 3178 
8 3139 3490 3529 3178 3140 3491 3530 3179 
8 3140 3491 3530 3179 3141 3492 3531 3180 
8 3141 3492 3531 3180 3142 3493 3532 3181 
8 3142 3493 3532 3181 764 773 774 765 
8 630 639 640 631 3143 3494 3533 3182 
8 3143 3494 3533 3182 3144 3495 3534 3183 
8 3144 3495 3534 3183 3145 3496 3535 3184 
8 3145 3496 3535 3184 3146 3497 3536 3185 
8 3146 3497 3536 3185 3147 3498 3537 3186 
8 3147 3498 3537 3186 3148 3499 3538 3187 
8 3148 3499 3538 3187 3149 3500 3539 3188 
8 3149 3500 3539 3188 3150 3501 3540 3189 
8 3150 3501 3540 3189 3151 3502 3541 3190 
8 3151 3502 3541 3190 3152 3503 3542 3191 
8 3152 3503 3542 3191 3153 3504 3543 3192 
8 3153 3504 3543 3192 3154 3505 3544 3193 
8 3154 3505 3544 3193 3155 3506 3545 3194 
8 3155 3506 3545 3194 3156 3507 3546 3195 
8 3156 3507 3546 3195 3157 3508 3547 3196 
8 3157 3508 3547 3196 3158 3509 3548 3197 
8 3158 3509 3548 3197 3159 3510 3549 3198 
8 3159 3510 3549 3198 3160 3511 3550 3199 
8 3160 3511 3550 3199 3161 3512 3551 3200 
8 3161 3512 3551 3200 3162 3513 3552 3201 
8 3162 3513 3552 3201 3163 3514 3553 3202 
8 3163 3514 3553 3202 3164 3515 3554 3203 
8 3164 3515 3554 3203 3165 3516 3555 3204 
8 3165 3516 3555 3204 3166 3517 3556 3205 
8 3166 3517 3556 3205 3167 3518 3557 3206 
8 3167 3518 3557 3206 3168 3519 3558 3207 
8 3168 3519 3558 3207 3169 3520 3559 3208 
8 3169 3520 3559 3208 3170 3521 3560 3209 
8 3170 3521 3560 3209 3171 3522 3561 3210 
8 3171 3522 3561 3210 3172 3523 3562 3211 
8 3172 3523 3562 3211 3173 3524 3563 3212 
8 3173 3524 3563 3212 3174 3525 3564 3213 
8 3174 3525 3564 3213 3175 3526 3565 3214 
8 3175 3526 3565 3214 3176 3527 3566 3215 
8 3176 3527 3566 3215 3177 3528 3567 3216 
8 3177 3528 3567 3216 3178 3529 3568 3217 
8 3178 3529 3568 3217 3179 3530 3569 3218 
8 3179 3530 3569 3218 3180 3531 3570 3219 
8 3180 3531 3570 3219 3181 3532 3571 3220 
8 3181 3532 3571 3220 765 774 775 766 
8 631 640 641 632 3182 3533 3572 3221 
8 3182 3533 3572 3221 3183 3534 3573 3222 
8 3183 3534 3573 3222 3184 3535 3574 3223 
8 3184 3535 3574 3223 3185 3536 3575 3224 
8 3185 3536 3575 3224 3186 3537 3576 3225 
8 3186 3537 3576 3225 3187 3538 3577 3226 
8 3187 3538 3577 3226 3188 3539 3578 3227 
8 3188 3539 3578 3227 3189 3540 3579 3228 
8 3189 3540 3579 3228 3190 3541 3580 3229 
8 3190 3541 3580 3229 3191 3542 3581 3230 
8 3191 3542 3581 3230 3192 3543 3582 3231 
8 3192 3543 3582 3231 3193 3544 3583 3232 
8 3193 3544 3583 3232 3194 3545 3584 3233 
8 3194 3545 3584 3233 3195 3546 3585 3234 
8 3195 3546 3585 3234 3196 3547 3586 3235 
8 3196 3547 3586 3235 3197 3548 3587 3236 
8 3197 3548 3587 3236 3198 3549 3588 3237 
8 3198 3549 3588 3237 3199 3550 3589 3238 
8 3199 3550 3589 3238 3200 3551 3590 3239 
8 3200 3551 3590 3239 3201 3552 3591 3240 
8 3201 3552 3591 3240 3202 3553 3592 3241 
8 3202 3553 3592 3241 3203 3554 3593 3242 
8 3203 3554 3593 3242 3204 3555 3594 3243 
8 3204 3555 3594 3243 3205 3556 3595 3244 
8 3205 3556 3595 3244 3206 3557 3596 3245 
8 3206 3557 3596 3245 3207 3558 3597 3246 
8 3207 3558 3597 3246 3208 3559 3598 3247 
8 3208 3559 3598 3247 3209 3560 3599 3248 
8 3209 3560 3599 3248 3210 3561 3600 3249 
8 3210 3561 3600 3249 3211 3562 3601 3250 
8 3211 3562 3601 3250 3212 3563 3602 3251 
8 3212 3563 3602 3251 3213 3564 3603 3252 
8 3213 3564 3603 3252 3214 3565 3604 3253 
8 3214 3565 3604 3253 3215 3566 3605 3254 
8 3215 3566 3605 3254 3216 3567 3606 3255 
8 3216 3567 3606 3255 3217 3568 3607 3256 
8 3217 3568 3607 3256 3218 3569 3608 3257 
8 3218 3569 3608 3257 3219 3570 3609 3258 
8 3219 3570 3609 3258 3220 3571 3610 3259 
8 3220 3571 3610 3259 766 775 776 767 
8 632 641 642 633 3221 3572 3611 3260 
8 3221 3572 3611 3260 3222 3573 3612 3261 
8 3222 3573 3612 3261 3223 3574 3613 3262 
8 3223 3574 3613 3262 3224 3575 3614 3263 
8 3224 3575 3614 3263 3225 3576 3615 3264 
8 3225 3576 3615 3264 3226 3577 3616 3265 
8 3226 3577 3616 3265 3227 3578 3617 3266 
8 3227 3578 3617 3266 3228 3579 3618 3267 
8 3228 3579 3618 3267 3229 3580 3619 3268 
8 3229 3580 3619 3268 3230 3581 3620 3269 
8 3230 3581 3620 3269 3231 3582 3621 3270 
8 3231 3582 3621 3270 3232 3583 3622 3271 
8 3232 3583 3622 3271 3233 3584 3623 3272 
8 3233 3584 3623 3272 3234 3585 3624 3273 
8 3234 3585 3624 3273 3235 3586 3625 3274 
8 3235 3586 3625 3274 3236 3587 3626 3275 
8 3236 3587 3626 3275 3237 3588 3627 3276 
8 3237 3588 3627 3276 3238 3589 3628 3277 
8 3238 3589 3628 3277 3239 3590 3629 3278 
8 3239 3590 3629 3278 3240 3591 3630 3279 
8 3240 3591 3630 3279 3241 3592 3631 3280 
8 3241 3592 3631 3280 3242 3593 3632 3281 
8 3242 3593 3632 3281 3243 3594 3633 3282 
8 3243 3594 3633 3282 3244 3595 3634 3283 
8 3244 3595 3634 3283 3245 3596 3635 3284 
8 3245 3596 3635 3284 3246 3597 3636 3285 
8 3246 3597 3636 3285 3247 3598 3637 3286 
8 3247 3598 3637 3286 3248 3599 3638 3287 
8 3248 3599 3638 3287 3249 3600 3639 3288 
8 3249 3600 3639 3288 3250 3601 3640 3289 
8 3250 3601 3640 3289 3251 3602 3641 3290 
8 3251 3602 3641 3290 3252 3603 3642 3291 
8 3252 3603 3642 3291 3253 3604 3643 3292 
8 3253 3604 3643 3292 3254 3605 3644 3293 
8 3254 3605 3644 3293 3255 3606 3645 3294 
8 3255 3606 3645 3294 3256 3607 3646 3295 
8 3256 3607 3646 3295 3257 3608 3647 3296 
8 3257 3608 3647 3296 3258 3609 3648 3297 
8 3258 3609 3648 3297 3259 3610 3649 3298 
8 3259 3610 3649 3298 767 776 777 768 
8 633 642 643 634 3260 3611 3650 3299 
8 3260 3611 3650 3299 3261 3612 3651 3300 
8 3261 3612 3651 3300 3262 3613 3652 3301 
8 3262 3613 3652 3301 3263 3614 3653 3302 
8 3263 3614 3653 3302 3264 3615 3654 3303 
8 3264 3615 3654 3303 3265 3616 3655 3304 
8 3265 3616 3655 3304 3266 3617 3656 3305 
8 3266 3617 3656 3305 3267 3618 3657 3306 
8 3267 3618 3657 3306 3268 3619 3658 3307 
8 3268 3619 3658 3307 3269 3620 3659 3308 
8 3269 3620 3659 3308 3270 3621 3660 3309 
8 3270 3621 3660 3309 3271 3622 3661 3310 
8 3271 3622 3661 3310 3272 3623 3662 3311 
8 3272 3623 3662 3311 3273 3624 3663 3312 
8 3273 3624 3663 3312 3274 3625 3664 3313 
8 3274 3625 3664 3313 3275 3626 3665 3314 
8 3275 3626 3665 3314 3276 3627 3666 3315 
8 3276 3627 3666 3315 3277 3628 3667 3316 
8 3277 3628 3667 3316 3278 3629 3668 3317 
8 3278 3629 3668 3317 3279 3630 3669 3318 
8 3279 3630 3669 3318 3280 3631 3670 3319 
8 3280 3631 3670 3319 3281 3632 3671 3320 
8 3281 3632 3671 3320 3282 3633 3672 3321 
8 3282 3633 3672 3321 3283 3634 3673 3322 
8 3283 3634 3673 3322 3284 3635 3674 3323 
8 3284 3635 3674 3323 3285 3636 3675 3324 
8 3285 3636 3675 3324 3286 3637 3676 3325 
8 3286 3637 3676 3325 3287 3638 3677 3326 
8 3287 3638 3677 3326 3288 3639 3678 3327 
8 3288 3639 3678 3327 3289 3640 3679 3328 
8 3289 3640 3679 3328 3290 3641 3680 3329 
8 3290 3641 3680 3329 3291 3642 3681 3330 
8 3291 3642 3681 3330 3292 3643 3682 3331 
8 3292 3643 3682 3331 3293 3644 3683 3332 
8 3293 3644 3683 3332 3294 3645 3684 3333 
8 3294 3645 3684 3333 3295 3646 3685 3334 
8 3295 3646 3685 3334 3296 3647 3686 3335 
8 3296 3647 3686 3335 3297 3648 3687 3336 
8 3297 3648 3687 3336 3298 3649 3688 3337 
8 3298 3649 3688 3337 768 777 778 769 
8 634 643 644 635 3299 3650 3689 3338 
8 3299 3650 3689 3338 3300 3651 3690 3339 
8 3300 3651 3690 3339 3301 3652 3691 3340 
8 3301 3652 3691 3340 3302 3653 3692 3341 
8 3302 3653 3692 3341 3303 3654 3693 3342 
8 3303 3654 3693 3342 3304 3655 3694 3343 
8 3304 3655 3694 3343 3305 3656 3695 3344 
8 3305 3656 3695 3344 3306 3657 3696 3345 
8 3306 3657 3696 3345 3307 3658 3697 3346 
8 3307 3658 3697 3346 3308 3659 3698 3347 
8 3308 3659 3698 3347 3309 3660 3699 3348 
8 3309 3660 3699 3348 3310 3661 3700 3349 
8 3310 3661 3700 3349 3311 3662 3701 3350 
8 3311 3662 3701 3350 3312 3663 3702 3351 
8 3312 3663 3702 3351 3313 3664 3703 3352 
8 3313 3664 3703 3352 3314 3665 3704 3353 
8 3314 3665 3704 3353 3315 3666 3705 3354 
8 3315 3666 3705 3354 3316 3667 3706 3355 
8 3316 3667 3706 3355 3317 3668 3707 3356 
8 3317 3668 3707 3356 3318 3669 3708 3357 
8 3318 3669 3708 3357 3319 3670 3709 3358 
8 3319 3670 3709 3358 3320 3671 3710 3359 
8 3320 3671 3710 3359 3321 3672 3711 3360 
8 3321 3672 3711 3360 3322 3673 3712 3361 
8 3322 3673 3712 3361 3323 3674 3713 3362 
8 3323 3674 3713 3362 3324 3675 3714 3363 
8 3324 3675 3714 3363 3325 3676 3715 3364 
8 3325 3676 3715 3364 3326 3677 3716 3365 
8 3326 3677 3716 3365 3327 3678 3717 3366 
8 3327 3678 3717 3366 3328 3679 3718 3367 
8 3328 3679 3718 3367 3329 3680 3719 3368 
8 3329 3680 3719 3368 3330 3681 3720 3369 
8 3330 3681 3720 3369 3331 3682 3721 3370 
8 3331 3682 3721 3370 3332 3683 3722 3371 
8 3332 3683 3722 3371 3333 3684 3723 3372 
8 3333 3684 3723 3372 3334 3685 3724 3373 
8 3334 3685 3724 3373 3335 3686 3725 3374 
8 3335 3686 3725 3374 3336 3687 3726 3375 
8 3336 3687 3726 3375 3337 3688 3727 3376 
8 3337 3688 3727 3376 769 778 779 770 
8 635 644 645 636 3338 3689 3728 3377 
8 3338 3689 3728 3377 3339 3690 3729 3378 
8 3339 3690 3729 3378 3340 3691 3730 3379 
8 3340 3691 3730 3379 3341 3692 3731 3380 
8 3341 3692 3731 3380 3342 3693 3732 3381 
8 3342 3693 3732 3381 3343 3694 3733 3382 
8 3343 3694 3733 3382 3344 3695 3734 3383 
8 3344 3695 3734 3383 3345 3696 3735 3384 
8 3345 3696 3735 3384 3346 3697 3736 3385 
8 3346 3697 3736 3385 3347 3698 3737 3386 
8 3347 3698 3737 3386 3348 3699 3738 3387 
8 3348 3699 3738 3387 3349 3700 3739 3388 
8 3349 3700 3739 3388 3350 3701 3740 3389 
8 3350 3701 3740 3389 3351 3702 3741 3390 
8 3351 3702 3741 3390 3352 3703 3742 3391 
8 3352 3703 3742 3391 3353 3704 3743 3392 
8 3353 3704 3743 3392 3354 3705 3744 3393 
8 3354 3705 3744 3393 3355 3706 3745 3394 
8 3355 3706 3745 3394 3356 3707 3746 3395 
8 3356 3707 3746 3395 3357 3708 3747 3396 
8 3357 3708 3747 3396 3358 3709 3748 3397 
8 3358 3709 3748 3397 3359 3710 3749 3398 
8 3359 3710 3749 3398 3360 3711 3750 3399 
8 3360 3711 3750 3399 3361 3712 3751 3400 
8 3361 3712 3751 3400 3362 3713 3752 3401 
8 3362 3713 3752 3401 3363 3714 3753 3402 
8 3363 3714 3753 3402 3364 3715 3754 3403 
8 3364 3715 3754 3403 3365 3716 3755 3404 
8 3365 3716 3755 3404 3366 3717 3756 3405 
8 3366 3717 3756 3405 3367 3718 3757 3406 
8 3367 3718 3757 3406 3368 3719 3758 3407 
8 3368 3719 3758 3407 3369 3720 3759 3408 
8 3369 3720 3759 3408 3370 3721 3760 3409 
8 3370 3721 3760 3409 3371 3722 3761 3410 
8 3371 3722 3761 3410 3372 3723 3762 3411 
8 3372 3723 3762 3411 3373 3724 3763 3412 
8 3373 3724 3763 3412 3374 3725 3764 3413 
8 3374 3725 3764 3413 3375 3726 3765 3414 
8 3375 3726 3765 3414 3376 3727 3766 3415 
8 3376 3727 3766 3415 770 779 780 771 
8 636 645 646 637 3377 3728 3767 3416 
8 3377 3728 3767 3416 3378 3729 3768 3417 
8 3378 3729 3768 3417 3379 3730 3769 3418 
8 3379 3730 3769 3418 3380 3731 3770 3419 
8 3380 3731 3770 3419 3381 3732 3771 3420 
8 3381 3732 3771 3420 3382 3733 3772 3421 
8 3382 3733 3772 3421 3383 3734 3773 3422 
8 3383 3734 3773 3422 3384 3735 3774 3423 
8 3384 3735 3774 3423 3385 3736 3775 3424 
8 3385 3736 3775 3424 3386 3737 3776 3425 
8 3386 3737 3776 3425 3387 3738 3777 3426 
8 3387 3738 3777 3426 3388 3739 3778 3427 
8 3388 3739 3778 3427 3389 3740 3779 3428 
8 3389 3740 3779 3428 3390 3741 3780 3429 
8 3390 3741 3780 3429 3391 3742 3781 3430 
8 3391 3742 3781 3430 3392 3743 3782 3431 
8 3392 3743 3782 3431 3393 3744 3783 3432 
8 3393 3744 3783 3432 3394 3745 3784 3433 
8 3394 3745 3784 3433 3395 3746 3785 3434 
8 3395 3746 3785 3434 3396 3747 3786 3435 
8 3396 3747 3786 3435 3397 3748 3787 3436 
8 3397 3748 3787 3436 3398 3749 3788 3437 
8 3398 3749 3788 3437 3399 3750 3789 3438 
8 3399 3750 3789 3438 3400 3751 3790 3439 
8 3400 3751 3790 3439 3401 3752 3791 3440 
8 3401 3752 3791 3440 3402 3753 3792 3441 
8 3402 3753 3792 3441 3403 3754 3793 3442 
8 3403 3754 3793 3442 3404 3755 3794 3443 
8 3404 3755 3794 3443 3405 3756 3795 3444 
8 3405 3756 3795 3444 3406 3757 3796 3445 
8 3406 3757 3796 3445 3407 3758 3797 3446 
8 3407 3758 3797 3446 3408 3759 3798 3447 
8 3408 3759 3798 3447 3409 3760 3799 3448 
8 3409 3760 3799 3448 3410 3761 3800 3449 
8 3410 3761 3800 3449 3411 3762 3801 3450 
8 3411 3762 3801 3450 3412 3763 3802 3451 
8 3412 3763 3802 3451 3413 3764 3803 3452 
8 3413 3764 3803 3452 3414 3765 3804 3453 
8 3414 3765 3804 3453 3415 3766 3805 3454 
8 3415 3766 3805 3454 771 780 781 772 
8 637 646 131 130 3416 3767 1583 1544 
8 3416 3767 1583 1544 3417 3768 1584 1545 
8 3417 3768 1584 1545 3418 3769 1585 1546 
8 3418 3769 1585 1546 3419 3770 1586 1547 
8 3419 3770 1586 1547 3420 3771 1587 1548 
8 3420 3771 1587 1548 3421 3772 1588 1549 
8 3421 3772 1588 1549 3422 3773 1589 1550 
8 3422 3773 1589 1550 3423 3774 1590 1551 
8 3423 3774 1590 1551 3424 3775 1591 1552 
8 3424 3775 1591 1552 3425 3776 1592 1553 
8 3425 3776 1592 1553 3426 3777 1593 1554 
8 3426 3777 1593 1554 3427 3778 1594 1555 
8 3427 3778 1594 1555 3428 3779 1595 1556 
8 3428 3779 1595 1556 3429 3780 1596 1557 
8 3429 3780 1596 1557 3430 3781 1597 1558 
8 3430 3781 1597 1558 3431 3782 1598 1559 
8 3431 3782 1598 1559 3432 3783 1599 1560 
8 3432 3783 1599 1560 3433 3784 1600 1561 
8 3433 3784 1600 1561 3434 3785 1601 1562 
8 3434 3785 1601 1562 3435 3786 1602 1563 
8 3435 3786 1602 1563 3436 3787 1603 1564 
8 3436 3787 1603 1564 3437 3788 1604 1565 
8 3437 3788 1604 1565 3438 3789 1605 1566 
8 3438 3789 1605 1566 3439 3790 1606 1567 
8 3439 3790 1606 1567 3440 3791 1607 1568 
8 3440 3791 1607 1568 3441 3792 1608 1569 
8 3441 3792 1608 1569 3442 3793 1609 1570 
8 3442 3793 1609 1570 3443 3794 1610 1571 
8 3443 3794 1610 1571 3444 3795 1611 1572 
8 3444 3795 1611 1572 3445 3796 1612 1573 
8 3445 3796 1612 1573 3446 3797 1613 1574 
8 3446 3797 1613 1574 3447 3798 1614 1575 
8 3447 3798 1614 1575 3448 3799 1615 1576 
8 3448 3799 1615 1576 3449 3800 1616 1577 
8 3449 3800 1616 1577 3450 3801 1617 1578 
8 3450 3801 1617 1578 3451 3802 1618 1579 
8 3451 3802 1618 1579 3452 3803 1619 1580 
8 3452 3803 1619 1580 3453 3804 1620 1581 
8 3453 3804 1620 1581 3454 3805 1621 1582 
8 3454 3805 1621 1582 772 781 170 169 
8 107 108 647 638 998 1037 3806 3455 
8 998 1037 3806 3455 999 1038 3807 3456 
8 999 1038 3807 3456 1000 1039 3808 3457 
8 1000 1039 3808 3457 1001 1040 3809 3458 
8 1001 1040 3809 3458 1002 1041 3810 3459 
8 1002 1041 3810 3459 1003 1042 3811 3460 
8 1003 1042 3811 3460 1004 1043 3812 3461 
8 1004 1043 3812 3461 1005 1044 3813 3462 
8 1005 1044 3813 3462 1006 1045 3814 3463 
8 1006 1045 3814 3463 1007 1046 3815 3464 
8 1007 1046 3815 3464 1008 1047 3816 3465 
8 1008 1047 3816 3465 1009 1048 3817 3466 
8 1009 1048 3817 3466 1010 1049 3818 3467 
8 1010 1049 3818 3467 1011 1050 3819 3468 
8 1011 1050 3819 3468 1012 1051 3820 3469 
8 1012 1051 3820 3469 1013 1052 3821 3470 
8 1013 1052 3821 3470 1014 1053 3822 3471 
8 1014 1053 3822 3471 1015 1054 3823 3472 
8 1015 1054 3823 3472 1016 1055 3824 3473 
8 1016 1055 3824 3473 1017 1056 3825 3474 
8 1017 1056 3825 3474 1018 1057 3826 3475 
8 1018 1057 3826 3475 1019 1058 3827 3476 
8 1019 1058 3827 3476 1020 1059 3828 3477 
8 1020 1059 3828 3477 1021 1060 3829 3478 
8 1021 1060 3829 3478 1022 1061 3830 3479 
8 1022 1061 3830 3479 1023 1062 3831 3480 
8 1023 1062 3831 3480 1024 1063 3832 3481 
8 1024 1063 3832 3481 1025 1064 3833 3482 
8 1025 1064 3833 3482 1026 1065 3834 3483 
8 1026 1065 3834 3483 1027 1066 3835 3484 
8 1027 1066 3835 3484 1028 1067 3836 3485 
8 1028 1067 3836 3485 1029 1068 3837 3486 
8 1029 1068 3837 3486 1030 1069 3838 3487 
8 1030 1069 3838 3487 1031 1070 3839 3488 
8 1031 1070 3839 3488 1032 1071 3840 3489 
8 1032 1071 3840 3489 1033 1072 3841 3490 
8 1033 1072 3841 3490 1034 1073 3842 3491 
8 1034 1073 3842 3491 1035 1074 3843 3492 
8 1035 1074 3843 3492 1036 1075 3844 3493 
8 1036 1075 3844 3493 146 147 782 773 
8 638 647 648 639 3455 3806 3845 3494 
8 3455 3806 3845 3494 3456 3807 3846 3495 
8 3456 3807 3846 3495 3457 3808 3847 3496 
8 3457 3808 3847 3496 3458 3809 3848 3497 
8 3458 3809 3848 3497 3459 3810 3849 3498 
8 3459 3810 3849 3498 3460 3811 3850 3499 
8 3460 3811 3850 3499 3461 3812 3851 3500 
8 3461 3812 3851 3500 3462 3813 3852 3501 
8 3462 3813 3852 3501 3463 3814 3853 3502 
8 3463 3814 3853 3502 3464 3815 3854 3503 
8 3464 3815 3854 3503 3465 3816 3855 3504 
8 3465 3816 3855 3504 3466 3817 3856 3505 
8 3466 3817 3856 3505 3467 3818 3857 3506 
8 3467 3818 3857 3506 3468 3819 3858 3507 
8 3468 3819 3858 3507 3469 3820 3859 3508 
8 3469 3820 3859 3508 3470 3821 3860 3509 
8 3470 3821 3860 3509 3471 3822 3861 3510 
8 3471 3822 3861 3510 3472 3823 3862 3511 
8 3472 3823 3862 3511 3473 3824 3863 3512 
8 3473 3824 3863 3512 3474 3825 3864 3513 
8 3474 3825 3864 3513 3475 3826 3865 3514 
8 3475 3826 3865 3514 3476 3827 3866 3515 
8 3476 3827 3866 3515 3477 3828 3867 3516 
8 3477 3828 3867 3516 3478 3829 3868 3517 
8 3478 3829 3868 3517 3479 3830 3869 3518 
8 3479 3830 3869 3518 3480 3831 3870 3519 
8 3480 3831 3870 3519 3481 3832 3871 3520 
8 3481 3832 3871 3520 3482 3833 3872 3521 
8 3482 3833 3872 3521 3483 3834 3873 3522 
8 3483 3834 3873 3522 3484 3835 3874 3523 
8 3484 3835 3874 3523 3485 3836 3875 3524 
8 3485 3836 3875 3524 3486 3837 3876 3525 
8 3486 3837 3876 3525 3487 3838 3877 3526 
8 3487 3838 3877 3526 3488 3839 3878 3527 
8 3488 3839 3878 3527 3489 3840 3879 3528 
8 3489 3840 3879 3528 3490 3841 3880 3529 
8 3490 3841 3880 3529 3491 3842 3881 3530 
8 3491 3842 3881 3530 3492 3843 3882 3531 
8 3492 3843 3882 3531 3493 3844 3883 3532 
8 3493 3844 3883 3532 773 782 783 774 
8 639 648 649 640 3494 3845 3884 3533 
8 3494 3845 3884 3533 3495 3846 3885 3534 
8 3495 3846 3885 3534 3496 3847 3886 3535 
8 3496 3847 3886 3535 3497 3848 3887 3536 
8 3497 3848 3887 3536 3498 3849 3888 3537 
8 3498 3849 3888 3537 3499 3850 3889 3538 
8 3499 3850 3889 3538 3500 3851 3890 3539 
8 3500 3851 3890 3539 3501 3852 3891 3540 
8 3501 3852 3891 3540 3502 3853 3892 3541 
8 3502 3853 3892 3541 3503 3854 3893 3542 
8 3503 3854 3893 3542 3504 3855 3894 3543 
8 3504 3855 3894 3543 3505 3856 3895 3544 
8 3505 3856 3895 3544 3506 3857 3896 3545 
8 3506 3857 3896 3545 3507 3858 3897 3546 
8 3507 3858 3897 3546 3508 3859 3898 3547 
8 3508 3859 3898 3547 3509 3860 3899 3548 
8 3509 3860 3899 3548 3510 3861 3900 3549 
8 3510 3861 3900 3549 3511 3862 3901 3550 
8 3511 3862 3901 3550 3512 3863 3902 3551 
8 3512 3863 3902 3551 3513 3864 3903 3552 
8 3513 3864 3903 3552 3514 3865 3904 3553 
8 3514 3865 3904 3553 3515 3866 3905 3554 
8 3515 3866 3905 3554 3516 3867 3906 3555 
8 3516 3867 3906 3555 3517 3868 3907 3556 
8 3517 3868 3907 3556 3518 3869 3908 3557 
8 3518 3869 3908 3557 3519 3870 3909 3558 
8 3519 3870 3909 3558 3520 3871 3910 3559 
8 3520 3871 3910 3559 3521 3872 3911 3560 
8 3521 3872 3911 3560 3522 3873 3912 3561 
8 3522 3873 3912 3561 3523 3874 3913 3562 
8 3523 3874 3913 3562 3524 3875 3914 3563 
8 3524 3875 3914 3563 3525 3876 3915 3564 
8 3525 3876 3915 3564 3526 3877 3916 3565 
8 3526 3877 3916 3565 3527 3878 3917 3566 
8 3527 3878 3917 3566 3528 3879 3918 3567 
8 3528 3879 3918 3567 3529 3880 3919 3568 
8 3529 3880 3919 3568 3530 3881 3920 3569 
8 3530 3881 3920 3569 3531 3882 3921 3570 
8 3531 3882 3921 3570 3532 3883 3922 3571 
8 3532 3883 3922 3571 774 783 784 775 
8 640 649 650 641 3533 3884 3923 3572 
8 3533 3884 3923 3572 3534 3885 3924 3573 
8 3534 3885 3924 3573 3535 3886 3925 3574 
8 3535 3886 3925 3574 3536 3887 3926 3575 
8 3536 3887 3926 3575 3537 3888 3927 3576 
8 3537 3888 3927 3576 3538 3889 3928 3577 
8 3538 3889 3928 3577 3539 3890 3929 3578 
8 3539 3890 3929 3578 3540 3891 3930 3579 
8 3540 3891 3930 3579 3541 3892 3931 3580 
8 3541 3892 3931 3580 3542 3893 3932 3581 
8 3542 3893 3932 3581 3543 3894 3933 3582 
8 3543 3894 3933 3582 3544 3895 3934 3583 
8 3544 3895 3934 3583 3545 3896 3935 3584 
8 3545 3896 3935 3584 3546 3897 3936 3585 
8 3546 3897 3936 3585 3547 3898 3937 3586 
8 3547 3898 3937 3586 3548 3899 3938 3587 
8 3548 3899 3938 3587 3549 3900 3939 3588 
8 3549 3900 3939 3588 3550 3901 3940 3589 
8 3550 3901 3940 3589 3551 3902 3941 3590 
8 3551 3902 3941 3590 3552 3903 3942 3591 
8 3552 3903 3942 3591 3553 3904 3943 3592 
8 3553 3904 3943 3592 3554 3905 3944 3593 
8 3554 3905 3944 3593 3555 3906 3945 3594 
8 3555 3906 3945 3594 3556 3907 3946 3595 
8 3556 3907 3946 3595 3557 3908 3947 3596 
8 3557 3908 3947 3596 3558 3909 3948 3597 
8 3558 3909 3948 3597 3559 3910 3949 3598 
8 3559 3910 3949 3598 3560 3911 3950 3599 
8 3560 3911 3950 3599 3561 3912 3951 3600 
8 3561 3912 3951 3600 3562 3913 3952 3601 
8 3562 3913 3952 3601 3563 3914 3953 3602 
8 3563 3914 3953 3602 3564 3915 3954 3603 
8 3564 3915 3954 3603 3565 3916 3955 3604 
8 3565 3916 3955 3604 3566 3917 3956 3605 
8 3566 3917 3956 3605 3567 3918 3957 3606 
8 3567 3918 3957 3606 3568 3919 3958 3607 
8 3568 3919 3958 3607 3569 3920 3959 3608 
8 3569 3920 3959 3608 3570 3921 3960 3609 
8 3570 3921 3960 3609 3571 3922 3961 3610 
8 3571 3922 3961 3610 775 784 785 776 
8 641 650 651 642 3572 3923 3962 3611 
8 3572 3923 3962 3611 3573 3924 3963 3612 
8 3573 3924 3963 3612 3574 3925 3964 3613 
8 3574 3925 3964 3613 3575 3926 3965 3614 
8 3575 3926 3965 3614 3576 3927 3966 3615 
8 3576 3927 3966 3615 3577 3928 3967 3616 
8 3577 3928 3967 3616 3578 3929 3968 3617 
8 3578 3929 3968 3617 3579 3930 3969 3618 
8 3579 3930 3969 3618 3580 3931 3970 3619 
8 3580 3931 3970 3619 3581 3932 3971 3620 
8 3581 3932 3971 3620 3582 3933 3972 3621 
8 3582 3933 3972 3621 3583 3934 3973 3622 
8 3583 3934 3973 3622 3584 3935 3974 3623 
8 3584 3935 3974 3623 3585 3936 3975 3624 
8 3585 3936 3975 3624 3586 3937 3976 3625 
8 3586 3937 3976 3625 3587 3938 3977 3626 
8 3587 3938 3977 3626 3588 3939 3978 3627 
8 3588 3939 3978 3627 3589 3940 3979 3628 
8 3589 3940 3979 3628 3590 3941 3980 3629 
8 3590 3941 3980 3629 3591 3942 3981 3630 
8 3591 3942 3981 3630 3592 3943 3982 3631 
8 3592 3943 3982 3631 3593 3944 3983 3632 
8 3593 3944 3983 3632 3594 3945 3984 3633 
8 3594 3945 3984 3633 3595 3946 3985 3634 
8 3595 3946 3985 3634 3596 3947 3986 3635 
8 3596 3947 3986 3635 3597 3948 3987 3636 
8 3597 3948 3987 3636 3598 3949 3988 3637 
8 3598 3949 3988 3637 3599 3950 3989 3638 
8 3599 3950 3989 3638 3600 3951 3990 3639 
8 3600 3951 3990 3639 3601 3952 3991 3640 
8 3601 3952 3991 3640 3602 3953 3992 3641 
8 3602 3953 3992 3641 3603 3954 3993 3642 
8 3603 3954 3993 3642 3604 3955 3994 3643 
8 3604 3955 3994 3643 3605 3956 3995 3644 
8 3605 3956 3995 3644 3606 3957 3996 3645 
8 3606 3957 3996 3645 3607 3958 3997 3646 
8 3607 3958 3997 3646 3608 3959 3998 3647 
8 3608 3959 3998 3647 3609 3960 3999 3648 
8 3609 3960 3999 3648 3610 3961 4000 3649 
8 3610 3961 4000 3649 776 785 786 777 
8 642 651 652 643 3611 3962 4001 3650 
8 3611 3962 4001 3650 3612 3963 4002 3651 
8 3612 3963 4002 3651 3613 3964 4003 3652 
8 3613 3964 4003 3652 3614 3965 4004 3653 
8 3614 3965 4004 3653 3615 3966 4005 3654 
8 3615 3966 4005 3654 3616 3967 4006 3655 
8 3616 3967 4006 3655 3617 3968 4007 3656 
8 3617 3968 4007 3656 3618 3969 4008 3657 
8 3618 3969 4008 3657 3619 3970 4009 3658 
8 3619 3970 4009 3658 3620 3971 4010 3659 
8 3620 3971 4010 3659 3621 3972 4011 3660 
8 3621 3972 4011 3660 3622 3973 4012 3661 
8 3622 3973 4012 3661 3623 3974 4013 3662 
8 3623 3974 4013 3662 3624 3975 4014 3663 
8 3624 3975 4014 3663 3625 3976 4015 3664 
8 3625 3976 4015 3664 3626 3977 4016 3665 
8 3626 3977 4016 3665 3627 3978 4017 3666 
8 3627 3978 4017 3666 3628 3979 4018 3667 
8 3628 3979 4018 3667 3629 3980 4019 3668 
8 3629 3980 4019 3668 3630 3981 4020 3669 
8 3630 3981 4020 3669 3631 3982 4021 3670 
8 3631 3982 4021 3670 3632 3983 4022 3671 
8 3632 3983 4022 3671 3633 3984 4023 3672 
8 3633 3984 4023 3672 3634 3985 4024 3673 
8 3634 3985 4024 3673 3635 3986 4025 3674 
8 3635 3986 4025 3674 3636 3987 4026 3675 
8 3636 3987 4026 3675 3637 3988 4027 3676 
8 3637 3988 4027 3676 3638 3989 4028 3677 
8 3638 3989 4028 3677 3639 3990 4029 3678 
8 3639 3990 4029 3678 3640 3991 4030 3679 
8 3640 3991 4030 3679 3641 3992 4031 3680 
8 3641 3992 4031 3680 3642 3993 4032 3681 
8 3642 3993 4032 3681 3643 3994 4033 3682 
8 3643 3994 4033 3682 3644 3995 4034 3683 
8 3644 3995 4034 3683 3645 3996 4035 3684 
8 3645 3996 4035 3684 3646 3997 4036 3685 
8 3646 3997 4036 3685 3647 3998 4037 3686 
8 3647 3998 4037 3686 3648 3999 4038 3687 
8 3648 3999 4038 3687 3649 4000 4039 3688 
8 3649 4000 4039 3688 777 786 787 778 
8 643 652 653 644 3650 4001 4040 3689 
8 3650 4001 4040 3689 3651 4002 4041 3690 
8 3651 4002 4041 3690 3652 4003 4042 3691 
8 3652 4003 4042 3691 3653 4004 4043 3692 
8 3653 4004 4043 3692 3654 4005 4044 3693 
8 3654 4005 4044 3693 3655 4006 4045 3694 
8 3655 4006 4045 3694 3656 4007 4046 3695 
8 3656 4007 4046 3695 3657 4008 4047 3696 
8 3657 4008 4047 3696 3658 4009 4048 3697 
8 3658 4009 4048 3697 3659 4010 4049 3698 
8 3659 4010 4049 3698 3660 4011 4050 3699 
8 3660 4011 4050 3699 3661 4012 4051 3700 
8 3661 4012 4051 3700 3662 4013 4052 3701 
8 3662 4013 4052 3701 3663 4014 4053 3702 
8 3663 4014 4053 3702 3664 4015 4054 3703 
8 3664 4015 4054 3703 3665 4016 4055 3704 
8 3665 4016 4055 3704 3666 4017 4056 3705 
8 3666 4017 4056 3705 3667 4018 4057 3706 
8 3667 4018 4057 3706 3668 4019 4058 3707 
8 3668 4019 4058 3707 3669 4020 4059 3708 
8 3669 4020 4059 3708 3670 4021 4060 3709 
8 3670 4021 4060 3709 3671 4022 4061 3710 
8 3671 4022 4061 3710 3672 4023 4062 3711 
8 3672 4023 4062 3711 3673 4024 4063 3712 
8 3673 4024 4063 3712 3674 4025 4064 3713 
8 3674 4025 4064 3713 3675 4026 4065 3714 
8 3675 4026 4065 3714 3676 4027 4066 3715 
8 3676 4027 4066 3715 3677 4028 4067 3716 
8 3677 4028 4067 3716 3678 4029 4068 3717 
8 3678 4029 4068 3717 3679 4030 4069 3718 
8 3679 4030 4069 3718 3680 4031 4070 3719 
8 3680 4031 4070 3719 3681 4032 4071 3720 
8 3681 4032 4071 3720 3682 4033 4072 3721 
8 3682 4033 4072 3721 3683 4034 4073 3722 
8 3683 4034 4073 3722 3684 4035 4074 3723 
8 3684 4035 4074 3723 3685 4036 4075 3724 
8 3685 4036 4075 3724 3686 4037 4076 3725 
8 3686 4037 4076 3725 3687 4038 4077 3726 
8 3687 4038 4077 3726 3688 4039 4078 3727 
8 3688 4039 4078 3727 778 787 788 779 
8 644 653 654 645 3689 4040 4079 3728 
8 3689 4040 4079 3728 3690 4041 4080 3729 
8 3690 4041 4080 3729 3691 4042 4081 3730 
8 3691 4042 4081 3730 3692 4043 4082 3731 
8 3692 4043 4082 3731 3693 4044 4083 3732 
8 3693 4044 4083 3732 3694 4045 4084 3733 
8 3694 4045 4084 3733 3695 4046 4085 3734 
8 3695 4046 4085 3734 3696 4047 4086 3735 
8 3696 4047 4086 3735 3697 4048 4087 3736 
8 3697 4048 4087 3736 3698 4049 4088 3737 
8 3698 4049 4088 3737 3699 4050 4089 3738 
8 3699 4050 4089 3738 3700 4051 4090 3739 
8 3700 4051 4090 3739 3701 4052 4091 3740 
8 3701 4052 4091 3740 3702 4053 4092 3741 
8 3702 4053 4092 3741 3703 4054 4093 3742 
8 3703 4054 4093 3742 3704 4055 4094 3743 
8 3704 4055 4094 3743 3705 4056 4095 3744 
8 3705 4056 4095 3744 3706 4057 4096 3745 
8 3706 4057 4096 3745 3707 4058 4097 3746 
8 3707 4058 4097 3746 3708 4059 4098 3747 
8 3708 4059 4098 3747 3709 4060 4099 3748 
8 3709 4060 4099 3748 3710 4061 4100 3749 
8 3710 4061 4100 3749 3711 4062 4101 3750 
8 3711 4062 4101 3750 3712 4063 4102 3751 
8 3712 4063 4102 3751 3713 4064 4103 3752 
8 3713 4064 4103 3752 3714 4065 4104 3753 
8 3714 4065 4104 3753 3715 4066 4105 3754 
8 3715 4066 4105 3754 3716 4067 4106 3755 
8 3716 4067 4106 3755 3717 4068 4107 3756 
8 3717 4068 4107 3756 3718 4069 4108 3757 
8 3718 4069 4108 3757 3719 4070 4109 3758 
8 3719 4070 4109 3758 3720 4071 4110 3759 
8 3720 4071 4110 3759 3721 4072 4111 3760 
8 3721 4072 4111 3760 3722 4073 4112 3761 
8 3722 4073 4112 3761 3723 4074 4113 3762 
8 3723 4074 4113 3762 3724 4075 4114 3763 
8 3724 4075 4114 3763 3725 4076 4115 3764 
8 3725 4076 4115 3764 3726 4077 4116 3765 
8 3726 4077 4116 3765 3727 4078 4117 3766 
8 3727 4078 4117 3766 779 788 789 780 
8 645 654 655 646 3728 4079 4118 3767 
8 3728 4079 4118 3767 3729 4080 4119 3768 
8 3729 4080 4119 3768 3730 4081 4120 3769 
8 3730 4081 4120 3769 3731 4082 4121 3770 
8 3731 4082 4121 3770 3732 4083 4122 3771 
8 3732 4083 4122 3771 3733 4084 4123 3772 
8 3733 4084 4123 3772 3734 4085 4124 3773 
8 3734 4085 4124 3773 3735 4086 4125 3774 
8 3735 4086 4125 3774 3736 4087 4126 3775 
8 3736 4087 4126 3775 3737 4088 4127 3776 
8 3737 4088 4127 3776 3738 4089 4128 3777 
8 3738 4089 4128 3777 3739 4090 4129 3778 
8 3739 4090 4129 3778 3740 4091 4130 3779 
8 3740 4091 4130 3779 3741 4092 4131 3780 
8 3741 4092 4131 3780 3742 4093 4132 3781 
8 3742 4093 4132 3781 3743 4094 4133 3782 
8 3743 4094 4133 3782 3744 4095 4134 3783 
8 3744 4095 4134 3783 3745 4096 4135 3784 
8 3745 4096 4135 3784 3746 4097 4136 3785 
8 3746 4097 4136 3785 3747 4098 4137 3786 
8 3747 4098 4137 3786 3748 4099 4138 3787 
8 3748 4099 4138 3787 3749 4100 4139 3788 
8 3749 4100 4139 3788 3750 4101 4140 3789 
8 3750 4101 4140 3789 3751 4102 4141 3790 
8 3751 4102 4141 3790 3752 4103 4142 3791 
8 3752 4103 4142 3791 3753 4104 4143 3792 
8 3753 4104 4143 3792 3754 4105 4144 3793 
8 3754 4105 4144 3793 3755 4106 4145 3794 
8 3755 4106 4145 3794 3756 4107 4146 3795 
8 3756 4107 4146 3795 3757 4108 4147 3796 
8 3757 4108 4147 3796 3758 4109 4148 3797 
8 3758 4109 4148 3797 3759 4110 4149 3798 
8 3759 4110 4149 3798 3760 4111 4150 3799 
8 3760 4111 4150 3799 3761 4112 4151 3800 
8 3761 4112 4151 3800 3762 4113 4152 3801 
8 3762 4113 4152 3801 3763 4114 4153 3802 
8 3763 4114 4153 3802 3764 4115 4154 3803 
8 3764 4115 4154 3803 3765 4116 4155 3804 
8 3765 4116 4155 3804 3766 4117 4156 3805 
8 3766 4117 4156 3805 780 789 790 781 
8 646 655 132 131 3767 4118 1622 1583 
8 3767 4118 1622 1583 3768 4119 1623 1584 
8 3768 4119 1623 1584 3769 4120 1624 1585 
8 3769 4120 1624 1585 3770 4121 1625 1586 
8 3770 4121 1625 1586 3771 4122 1626 1587 
8 3771 4122 1626 1587 3772 4123 1627 1588 
8 3772 4123 1627 1588 3773 4124 1628 1589 
8 3773 4124 1628 1589 3774 4125 1629 1590 
8 3774 4125 1629 1590 3775 4126 1630 1591 
8 3775 4126 1630 1591 3776 4127 1631 1592 
8 3776 4127 1631 1592 3777 4128 1632 1593 
8 3777 4128 1632 1593 3778 4129 1633 1594 
8 3778 4129 1633 1594 3779 4130 1634 1595 
8 3779 4130 1634 1595 3780 4131 1635 1596 
8 3780 4131 1635 1596 3781 4132 1636 1597 
8 3781 4132 1636 1597 3782 4133 1637 1598 
8 3782 4133 1637 1598 3783 4134 1638 1599 
8 3783 4134 1638 1599 3784 4135 1639 1600 
8 3784 4135 1639 1600 3785 4136 1640 1601 
8 3785 4136 1640 1601 3786 4137 1641 1602 
8 3786 4137 1641 1602 3787 4138 1642 1603 
8 3787 4138 1642 1603 3788 4139 1643 1604 
8 3788 4139 1643 1604 3789 4140 1644 1605 
8 3789 4140 1644 1605 3790 4141 1645 1606 
8 3790 4141 1645 1606 3791 4142 1646 1607 
8 3791 4142 1646 1607 3792 4143 1647 1608 
8 3792 4143 1647 1608 3793 4144 1648 1609 
8 3793 4144 1648 1609 3794 4145 1649 1610 
8 3794 4145 1649 1610 3795 4146 1650 1611 
8 3795 4146 1650 1611 3796 4147 1651 1612 
8 3796 4147 1651 1612 3797 4148 1652 1613 
8 3797 4148 1652 1613 3798 4149 1653 1614 
8 3798 4149 1653 1614 3799 4150 1654 1615 
8 3799 4150 1654 1615 3800 4151 1655 1616 
8 3800 4151 1655 1616 3801 4152 1656 1617 
8 3801 4152 1656 1617 3802 4153 1657 1618 
8 3802 4153 1657 1618 3803 4154 1658 1619 
8 3803 4154 1658 1619 3804 4155 1659 1620 
8 3804 4155 1659 1620 3805 4156 1660 1621 
8 3805 4156 1660 1621 781 790 171 170 
8 108 109 656 647 1037 1076 4157 3806 
8 1037 1076 4157 3806 1038 1077 4158 3807 
8 1038 1077 4158 3807 1039 1078 4159 3808 
8 1039 1078 4159 3808 1040 1079 4160 3809 
8 1040 1079 4160 3809 1041 1080 4161 3810 
8 1041 1080 4161 3810 1042 1081 4162 3811 
8 1042 1081 4162 3811 1043 1082 4163 3812 
8 1043 1082 4163 3812 1044 1083 4164 3813 
8 1044 1083 4164 3813 1045 1084 4165 3814 
8 1045 1084 4165 3814 1046 1085 4166 3815 
8 1046 1085 4166 3815 1047 1086 4167 3816 
8 1047 1086 4167 3816 1048 1087 4168 3817 
8 1048 1087 4168 3817 1049 1088 4169 3818 
8 1049 1088 4169 3818 1050 1089 4170 3819 
8 1050 1089 4170 3819 1051 1090 4171 3820 
8 1051 1090 4171 3820 1052 1091 4172 3821 
8 1052 1091 4172 3821 1053 1092 4173 3822 
8 1053 1092 4173 3822 1054 1093 4174 3823 
8 1054 1093 4174 3823 1055 1094 4175 3824 
8 1055 1094 4175 3824 1056 1095 4176 3825 
8 1056 1095 4176 3825 1057 1096 4177 3826 
8 1057 1096 4177 3826 1058 1097 4178 3827 
8 1058 1097 4178 3827 1059 1098 4179 3828 
8 1059 1098 4179 3828 1060 1099 4180 3829 
8 1060 1099 4180 3829 1061 1100 4181 3830 
8 1061 1100 4181 3830 1062 1101 4182 3831 
8 1062 1101 4182 3831 1063 1102 4183 3832 
8 1063 1102 4183 3832 1064 1103 4184 3833 
8 1064 1103 4184 3833 1065 1104 4185 3834 
8 1065 1104 4185 3834 1066 1105 4186 3835 
8 1066 1105 4186 3835 1067 1106 4187 3836 
8 1067 1106 4187 3836 1068 1107 4188 3837 
8 1068 1107 4188 3837 1069 1108 4189 3838 
8 1069 1108 4189 3838 1070 1109 4190 3839 
8 1070 1109 4190 3839 1071 1110 4191 3840 
8 1071 1110 4191 3840 1072 1111 4192 3841 
8 1072 1111 4192 3841 1073 1112 4193 3842 
8 1073 1112 4193 3842 1074 1113 4194 3843 
8 1074 1113 4194 3843 1075 1114 4195 3844 
8 1075 1114 4195 3844 147 148 791 782 
8 647 656 657 648 3806 4157 4196 3845 
8 3806 4157 4196 3845 3807 4158 4197 3846 
8 3807 4158 4197 3846 3808 4159 4198 3847 
8 3808 4159 4198 3847 3809 4160 4199 3848 
8 3809 4160 4199 3848 3810 4161 4200 3849 
8 3810 4161 4200 3849 3811 4162 4201 3850 
8 3811 4162 4201 3850 3812 4163 4202 3851 
8 3812 4163 4202 3851 3813 4164 4203 3852 
8 3813 4164 4203 3852 3814 4165 4204 3853 
8 3814 4165 4204 3853 3815 4166 4205 3854 
8 3815 4166 4205 3854 3816 4167 4206 3855 
8 3816 4167 4206 3855 3817 4168 4207 3856 
8 3817 4168 4207 3856 3818 4169 4208 3857 
8 3818 4169 4208 3857 3819 4170 4209 3858 
8 3819 4170 4209 3858 3820 4171 4210 3859 
8 3820 4171 4210 3859 3821 4172 4211 3860 
8 3821 4172 4211 3860 3822 4173 4212 3861 
8 3822 4173 4212 3861 3823 4174 4213 3862 
8 3823 4174 4213 3862 3824 4175 4214 3863 
8 3824 4175 4214 3863 3825 4176 4215 3864 
8 3825 4176 4215 3864 3826 4177 4216 3865 
8 3826 4177 4216 3865 3827 4178 4217 3866 
8 3827 4178 4217 3866 3828 4179 4218 3867 
8 3828 4179 4218 3867 3829 4180 4219 3868 
8 3829 4180 4219 3868 3830 4181 4220 3869 
8 3830 4181 4220 3869 3831 4182 4221 3870 
8 3831 4182 4221 3870 3832 4183 4222 3871 
8 3832 4183 4222 3871 3833 4184 4223 3872 
8 3833 4184 4223 3872 3834 4185 4224 3873 
8 3834 4185 4224 3873 3835 4186 4225 3874 
8 3835 4186 4225 3874 3836 4187 4226 3875 
8 3836 4187 4226 3875 3837 4188 4227 3876 
8 3837 4188 4227 3876 3838 4189 4228 3877 
8 3838 4189 4228 3877 3839 4190 4229 3878 
8 3839 4190 4229 3878 3840 4191 4230 3879 
8 3840 4191 4230 3879 3841 4192 4231 3880 
8 3841 4192 4231 3880 3842 4193 4232 3881 
8 3842 4193 4232 3881 3843 4194 4233 3882 
8 3843 4194 4233 3882 3844 4195 4234 3883 
8 3844 4195 4234 3883 782 791 792 783 
8 648 657 658 649 3845 4196 4235 3884 
8 3845 4196 4235 3884 3846 4197 4236 3885 
8 3846 4197 4236 3885 3847 4198 4237 3886 
8 3847 4198 4237 3886 3848 4199 4238 3887 
8 3848 4199 4238 3887 3849 4200 4239 3888 
8 3849 4200 4239 3888 3850 4201 4240 3889 
8 3850 4201 4240 3889 3851 4202 4241 3890 
8 3851 4202 4241 3890 3852 4203 4242 3891 
8 3852 4203 4242 3891 3853 4204 4243 3892 
8 3853 4204 4243 3892 3854 4205 4244 3893 
8 3854 4205 4244 3893 3855 4206 4245 3894 
8 3855 4206 4245 3894 3856 4207 4246 3895 
8 3856 4207 4246 3895 3857 4208 4247 3896 
8 3857 4208 4247 3896 3858 4209 4248 3897 
8 3858 4209 4248 3897 3859 4210 4249 3898 
8 3859 4210 4249 3898 3860 4211 4250 3899 
8 3860 4211 4250 3899 3861 4212 4251 3900 
8 3861 4212 4251 3900 3862 4213 4252 3901 
8 3862 4213 4252 3901 3863 4214 4253 3902 
8 3863 4214 4253 3902 3864 4215 4254 3903 
8 3864 4215 4254 3903 3865 4216 4255 3904 
8 3865 4216 4255 3904 3866 4217 4256 3905 
8 3866 4217 4256 3905 3867 4218 4257 3906 
8 3867 4218 4257 3906 3868 4219 4258 3907 
8 3868 4219 4258 3907 3869 4220 4259 3908 
8 3869 4220 4259 3908 3870 4221 4260 3909 
8 3870 4221 4260 3909 3871 4222 4261 3910 
8 3871 4222 4261 3910 3872 4223 4262 3911 
8 3872 4223 4262 3911 3873 4224 4263 3912 
8 3873 4224 4263 3912 3874 4225 4264 3913 
8 3874 4225 4264 3913 3875 4226 4265 3914 
8 3875 4226 4265 3914 3876 4227 4266 3915 
8 3876 4227 4266 3915 3877 4228 4267 3916 
8 3877 4228 4267 3916 3878 4229 4268 3917 
8 3878 4229 4268 3917 3879 4230 4269 3918 
8 3879 4230 4269 3918 3880 4231 4270 3919 
8 3880 4231 4270 3919 3881 4232 4271 3920 
8 3881 4232 4271 3920 3882 4233 4272 3921 
8 3882 4233 4272 3921 3883 4234 4273 3922 
8 3883 4234 4273 3922 783 792 793 784 
8 649 658 659 650 3884 4235 4274 3923 
8 3884 4235 4274 3923 3885 4236 4275 3924 
8 3885 4236 4275 3924 3886 4237 4276 3925 
8 3886 4237 4276 3925 3887 4238 4277 3926 
8 3887 4238 4277 3926 3888 4239 4278 3927 
8 3888 4239 4278 3927 3889 4240 4279 3928 
8 3889 4240 4279 3928 3890 4241 4280 3929 
8 3890 4241 4280 3929 3891 4242 4281 3930 
8 3891 4242 4281 3930 3892 4243 4282 3931 
8 3892 4243 4282 3931 3893 4244 4283 3932 
8 3893 4244 4283 3932 3894 4245 4284 3933 
8 3894 4245 4284 3933 3895 4246 4285 3934 
8 3895 4246 4285 3934 3896 4247 4286 3935 
8 3896 4247 4286 3935 3897 4248 4287 3936 
8 3897 4248 4287 3936 3898 4249 4288 3937 
8 3898 4249 4288 3937 3899 4250 4289 3938 
8 3899 4250 4289 3938 3900 4251 4290 3939 
8 3900 4251 4290 3939 3901 4252 4291 3940 
8 3901 4252 4291 3940 3902 4253 4292 3941 
8 3902 4253 4292 3941 3903 4254 4293 3942 
8 3903 4254 4293 3942 3904 4255 4294 3943 
8 3904 4255 4294 3943 3905 4256 4295 3944 
8 3905 4256 4295 3944 3906 4257 4296 3945 
8 3906 4257 4296 3945 3907 4258 4297 3946 
8 3907 4258 4297 3946 3908 4259 4298 3947 
8 3908 4259 4298 3947 3909 4260 4299 3948 
8 3909 4260 4299 3948 3910 4261 4300 3949 
8 3910 4261 4300 3949 3911 4262 4301 3950 
8 3911 4262 4301 3950 3912 4263 4302 3951 
8 3912 4263 4302 3951 3913 4264 4303 3952 
8 3913 4264 4303 3952 3914 4265 4304 3953 
8 3914 4265 4304 3953 3915 4266 4305 3954 
8 3915 4266 4305 3954 3916 4267 4306 3955 
8 3916 4267 4306 3955 3917 4268 4307 3956 
8 3917 4268 4307 3956 3918 4269 4308 3957 
8 3918 4269 4308 3957 3919 4270 4309 3958 
8 3919 4270 4309 3958 3920 4271 4310 3959 
8 3920 4271 4310 3959 3921 4272 4311 3960 
8 3921 4272 4311 3960 3922 4273 4312 3961 
8 3922 4273 4312 3961 784 793 794 785 
8 650 659 660 651 3923 4274 4313 3962 
8 3923 4274 4313 3962 3924 4275 4314 3963 
8 3924 4275 4314 3963 3925 4276 4315 3964 
8 3925 4276 4315 3964 3926 4277 4316 3965 
8 3926 4277 4316 3965 3927 4278 4317 3966 
8 3927 4278 4317 3966 3928 4279 4318 3967 
8 3928 4279 4318 3967 3929 4280 4319 3968 
8 3929 4280 4319 3968 3930 4281 4320 3969 
8 3930 4281 4320 3969 3931 4282 4321 3970 
8 3931 4282 4321 3970 3932 4283 4322 3971 
8 3932 4283 4322 3971 3933 4284 4323 3972 
8 3933 4284 4323 3972 3934 4285 4324 3973 
8 3934 4285 4324 3973 3935 4286 4325 3974 
8 3935 4286 4325 3974 3936 4287 4326 3975 
8 3936 4287 4326 3975 3937 4288 4327 3976 
8 3937 4288 4327 3976 3938 4289 4328 3977 
8 3938 4289 4328 3977 3939 4290 4329 3978 
8 3939 4290 4329 3978 3940 4291 4330 3979 
8 3940 4291 4330 3979 3941 4292 4331 3980 
8 3941 4292 4331 3980 3942 4293 4332 3981 
8 3942 4293 4332 3981 3943 4294 4333 3982 
8 3943 4294 4333 3982 3944 4295 4334 3983 
8 3944 4295 4334 3983 3945 4296 4335 3984 
8 3945 4296 4335 3984 3946 4297 4336 3985 
8 3946 4297 4336 3985 3947 4298 4337 3986 
8 3947 4298 4337 3986 3948 4299 4338 3987 
8 3948 4299 4338 3987 3949 4300 4339 3988 
8 3949 4300 4339 3988 3950 4301 4340 3989 
8 3950 4301 4340 3989 3951 4302 4341 3990 
8 3951 4302 4341 3990 3952 4303 4342 3991 
8 3952 4303 4342 3991 3953 4304 4343 3992 
8 3953 4304 4343 3992 3954 4305 4344 3993 
8 3954 4305 4344 3993 3955 4306 4345 3994 
8 3955 4306 4345 3994 3956 4307 4346 3995 
8 3956 4307 4346 3995 3957 4308 4347 3996 
8 3957 4308 4347 3996 3958 4309 4348 3997 
8 3958 4309 4348 3997 3959 4310 4349 3998 
8 3959 4310 4349 3998 3960 4311 4350 3999 
8 3960 4311 4350 3999 3961 4312 4351 4000 
8 3961 4312 4351 4000 785 794 795 786 
8 651 660 661 652 3962 4313 4352 4001 
8 3962 4313 4352 4001 3963 4314 4353 4002 
8 3963 4314 4353 4002 3964 4315 4354 4003 
8 3964 4315 4354 4003 3965 4316 4355 4004 
8 3965 4316 4355 4004 3966 4317 4356 4005 
8 3966 4317 4356 4005 3967 4318 4357 4006 
8 3967 4318 4357 4006 3968 4319 4358 4007 
8 3968 4319 4358 4007 3969 4320 4359 4008 
8 3969 4320 4359 4008 3970 4321 4360 4009 
8 3970 4321 4360 4009 3971 4322 4361 4010 
8 3971 4322 4361 4010 3972 4323 4362 4011 
8 3972 4323 4362 4011 3973 4324 4363 4012 
8 3973 4324 4363 4012 3974 4325 4364 4013 
8 3974 4325 4364 4013 3975 4326 4365 4014 
8 3975 4326 4365 4014 3976 4327 4366 4015 
8 3976 4327 4366 4015 3977 4328 4367 4016 
8 3977 4328 4367 4016 3978 4329 4368 4017 
8 3978 4329 4368 4017 3979 4330 4369 4018 
8 3979 4330 4369 4018 3980 4331 4370 4019 
8 3980 4331 4370 4019 3981 4332 4371 4020 
8 3981 4332 4371 4020 3982 4333 4372 4021 
8 3982 4333 4372 4021 3983 4334 4373 4022 
8 3983 4334 4373 4022 3984 4335 4374 4023 
8 3984 4335 4374 4023 3985 4336 4375 4024 
8 3985 4336 4375 4024 3986 4337 4376 4025 
8 3986 4337 4376 4025 3987 4338 4377 4026 
8 3987 4338 4377 4026 3988 4339 4378 4027 
8 3988 4339 4378 4027 3989 4340 4379 4028 
8 3989 4340 4379 4028 3990 4341 4380 4029 
8 3990 4341 4380 4029 3991 4342 4381 4030 
8 3991 4342 4381 4030 3992 4343 4382 4031 
8 3992 4343 4382 4031 3993 4344 4383 4032 
8 3993 4344 4383 4032 3994 4345 4384 4033 
8 3994 4345 4384 4033 3995 4346 4385 4034 
8 3995 4346 4385 4034 3996 4347 4386 4035 
8 3996 4347 4386 4035 3997 4348 4387 4036 
8 3997 4348 4387 4036 3998 4349 4388 4037 
8 3998 4349 4388 4037 3999 4350 4389 4038 
8 3999 4350 4389 4038 4000 4351 4390 4039 
8 4000 4351 4390 4039 786 795 796 787 
8 652 661 662 653 4001 4352 4391 4040 
8 4001 4352 4391 4040 4002 4353 4392 4041 
8 4002 4353 4392 4041 4003 4354 4393 4042 
8 4003 4354 4393 4042 4004 4355 4394 4043 
8 4004 4355 4394 4043 4005 4356 4395 4044 
8 4005 4356 4395 4044 4006 4357 4396 4045 
8 4006 4357 4396 4045 4007 4358 4397 4046 
8 4007 4358 4397 4046 4008 4359 4398 4047 
8 4008 4359 4398 4047 4009 4360 4399 4048 
8 4009 4360 4399 4048 4010 4361 4400 4049 
8 4010 4361 4400 4049 4011 4362 4401 4050 
8 4011 4362 4401 4050 4012 4363 4402 4051 
8 4012 4363 4402 4051 4013 4364 4403 4052 
8 4013 4364 4403 4052 4014 4365 4404 4053 
8 4014 4365 4404 4053 4015 4366 4405 4054 
8 4015 4366 4405 4054 4016 4367 4406 4055 
8 4016 4367 4406 4055 4017 4368 4407 4056 
8 4017 4368 4407 4056 4018 4369 4408 4057 
8 4018 4369 4408 4057 4019 4370 4409 4058 
8 4019 4370 4409 4058 4020 4371 4410 4059 
8 4020 4371 4410 4059 4021 4372 4411 4060 
8 4021 4372 4411 4060 4022 4373 4412 4061 
8 4022 4373 4412 4061 4023 4374 4413 4062 
8 4023 4374 4413 4062 4024 4375 4414 4063 
8 4024 4375 4414 4063 4025 4376 4415 4064 
8 4025 4376 4415 4064 4026 4377 4416 4065 
8 4026 4377 4416 4065 4027 4378 4417 4066 
8 4027 4378 4417 4066 4028 4379 4418 4067 
8 4028 4379 4418 4067 4029 4380 4419 4068 
8 4029 4380 4419 4068 4030 4381 4420 4069 
8 4030 4381 4420 4069 4031 4382 4421 4070 
8 4031 4382 4421 4070 4032 4383 4422 4071 
8 4032 4383 4422 4071 4033 4384 4423 4072 
8 4033 4384 4423 4072 4034 4385 4424 4073 
8 4034 4385 4424 4073 4035 4386 4425 4074 
8 4035 4386 4425 4074 4036 4387 4426 4075 
8 4036 4387 4426 4075 4037 4388 4427 4076 
8 4037 4388 4427 4076 4038 4389 4428 4077 
8 4038 4389 4428 4077 4039 4390 4429 4078 
8 4039 4390 4429 4078 787 796 797 788 
8 653 662 663 654 4040 4391 4430 4079 
8 4040 4391 4430 4079 4041 4392 4431 4080 
8 4041 4392 4431 4080 4042 4393 4432 4081 
8 4042 4393 4432 4081 4043 4394 4433 4082 
8 4043 4394 4433 4082 4044 4395 4434 4083 
8 4044 4395 4434 4083 4045 4396 4435 4084 
8 4045 4396 4435 4084 4046 4397 4436 4085 
8 4046 4397 4436 4085 4047 4398 4437 4086 
8 4047 4398 4437 4086 4048 4399 4438 4087 
8 4048 4399 4438 4087 4049 4400 4439 4088 
8 4049 4400 4439 4088 4050 4401 4440 4089 
8 4050 4401 4440 4089 4051 4402 4441 4090 
8 4051 4402 4441 4090 4052 4403 4442 4091 
8 4052 4403 4442 4091 4053 4404 4443 4092 
8 4053 4404 4443 4092 4054 4405 4444 4093 
8 4054 4405 4444 4093 4055 4406 4445 4094 
8 4055 4406 4445 4094 4056 4407 4446 4095 
8 4056 4407 4446 4095 4057 4408 4447 4096 
8 4057 4408 4447 4096 4058 4409 4448 4097 
8 4058 4409 4448 4097 4059 4410 4449 4098 
8 4059 4410 4449 4098 4060 4411 4450 4099 
8 4060 4411 4450 4099 4061 4412 4451 4100 
8 4061 4412 4451 4100 4062 4413 4452 4101 
8 4062 4413 4452 4101 4063 4414 4453 4102 
8 4063 4414 4453 4102 4064 4415 4454 4103 
8 4064 4415 4454 4103 4065 4416 4455 4104 
8 4065 4416 4455 4104 4066 4417 4456 4105 
8 4066 4417 4456 4105 4067 4418 4457 4106 
8 4067 4418 4457 4106 4068 4419 4458 4107 
8 4068 4419 4458 4107 4069 4420 4459 4108 
8 4069 4420 4459 4108 4070 4421 4460 4109 
8 4070 4421 4460 4109 4071 4422 4461 4110 
8 4071 4422 4461 4110 4072 4423 4462 4111 
8 4072 4423 4462 4111 4073 4424 4463 4112 
8 4073 4424 4463 4112 4074 4425 4464 4113 
8 4074 4425 4464 4113 4075 4426 4465 4114 
8 4075 4426 4465 4114 4076 4427 4466 4115 
8 4076 4427 4466 4115 4077 4428 4467 4116 
8 4077 4428 4467 4116 4078 4429 4468 4117 
8 4078 4429 4468 4117 788 797 798 789 
8 654 663 664 655 4079 4430 4469 4118 
8 4079 4430 4469 4118 4080 4431 4470 4119 
8 4080 4431 4470 4119 4081 4432 4471 4120 
8 4081 4432 4471 4120 4082 4433 4472 4121 
8 4082 4433 4472 4121 4083 4434 4473 4122 
8 4083 4434 4473 4122 4084 4435 4474 4123 
8 4084 4435 4474 4123 4085 4436 4475 4124 
8 4085 4436 4475 4124 4086 4437 4476 4125 
8 4086 4437 4476 4125 4087 4438 4477 4126 
8 4087 4438 4477 4126 4088 4439 4478 4127 
8 4088 4439 4478 4127 4089 4440 4479 4128 
8 4089 4440 4479 4128 4090 4441 4480 4129 
8 4090 4441 4480 4129 4091 4442 4481 4130 
8 4091 4442 4481 4130 4092 4443 4482 4131 
8 4092 4443 4482 4131 4093 4444 4483 4132 
8 4093 4444 4483 4132 4094 4445 4484 4133 
8 4094 4445 4484 4133 4095 4446 4485 4134 
8 4095 4446 4485 4134 4096 4447 4486 4135 
8 4096 4447 4486 4135 4097 4448 4487 4136 
8 4097 4448 4487 4136 4098 4449 4488 4137 
8 4098 4449 4488 4137 4099 4450 4489 4138 
8 4099 4450 4489 4138 4100 4451 4490 4139 
8 4100 4451 4490 4139 4101 4452 4491 4140 
8 4101 4452 4491 4140 4102 4453 4492 4141 
8 4102 4453 4492 4141 4103 4454 4493 4142 
8 4103 4454 4493 4142 4104 4455 4494 4143 
8 4104 4455 4494 4143 4105 4456 4495 4144 
8 4105 4456 4495 4144 4106 4457 4496 4145 
8 4106 4457 4496 4145 4107 4458 4497 4146 
8 4107 4458 4497 4146 4108 4459 4498 4147 
8 4108 4459 4498 4147 4109 4460 4499 4148 
8 4109 4460 4499 4148 4110 4461 4500 4149 
8 4110 4461 4500 4149 4111 4462 4501 4150 
8 4111 4462 4501 4150 4112 4463 4502 4151 
8 4112 4463 4502 4151 4113 4464 4503 4152 
8 4113 4464 4503 4152 4114 4465 4504 4153 
8 4114 4465 4504 4153 4115 4466 4505 4154 
8 4115 4466 4505 4154 4116 4467 4506 4155 
8 4116 4467 4506 4155 4117 4468 4507 4156 
8 4117 4468 4507 4156 789 798 799 790 
8 655 664 133 132 4118 4469 1661 1622 
8 4118 4469 1661 1622 4119 4470 1662 1623 
8 4119 4470 1662 1623 4120 4471 1663 1624 
8 4120 4471 1663 1624 4121 4472 1664 1625 
8 4121 4472 1664 1625 4122 4473 1665 1626 
8 4122 4473 1665 1626 4123 4474 1666 1627 
8 4123 4474 1666 1627 4124 4475 1667 1628 
8 4124 4475 1667 1628 4125 4476 1668 1629 
8 4125 4476 1668 1629 4126 4477 1669 1630 
8 4126 4477 1669 1630 4127 4478 1670 1631 
8 4127 4478 1670 1631 4128 4479 1671 1632 
8 4128 4479 1671 1632 4129 4480 1672 1633 
8 4129 4480 1672 1633 4130 4481 1673 1634 
8 4130 4481 1673 1634 4131 4482 1674 1635 
8 4131 4482 1674 1635 4132 4483 1675 1636 
8 4132 4483 1675 1636 4133 4484 1676 1637 
8 4133 4484 1676 1637 4134 4485 1677 1638 
8 4134 4485 1677 1638 4135 4486 1678 1639 
8 4135 4486 1678 1639 4136 4487 1679 1640 
8 4136 4487 1679 1640 4137 4488 1680 1641 
8 4137 4488 1680 1641 4138 4489 1681 1642 
8 4138 4489 1681 1642 4139 4490 1682 1643 
8 4139 4490 1682 1643 4140 4491 1683 1644 
8 4140 4491 1683 1644 4141 4492 1684 1645 
8 4141 4492 1684 1645 4142 4493 1685 1646 
8 4142 4493 1685 1646 4143 4494 1686 1647 
8 4143 4494 1686 1647 4144 4495 1687 1648 
8 4144 4495 1687 1648 4145 4496 1688 1649 
8 4145 4496 1688 1649 4146 4497 1689 1650 
8 4146 4497 1689 1650 4147 4498 1690 1651 
8 4147 4498 1690 1651 4148 4499 1691 1652 
8 4148 4499 1691 1652 4149 4500 1692 1653 
8 4149 4500 1692 1653 4150 4501 1693 1654 
8 4150 4501 1693 1654 4151 4502 1694 1655 
8 4151 4502 1694 1655 4152 4503 1695 1656 
8 4152 4503 1695 1656 4153 4504 1696 1657 
8 4153 4504 1696 1657 4154 4505 1697 1658 
8 4154 4505 1697 1658 4155 4506 1698 1659 
8 4155 4506 1698 1659 4156 4507 1699 1660 
8 4156 4507 1699 1660 790 799 172 171 
8 109 110 665 656 1076 1115 4508 4157 
8 1076 1115 4508 4157 1077 1116 4509 4158 
8 1077 1116 4509 4158 1078 1117 4510 4159 
8 1078 1117 4510 4159 1079 1118 4511 4160 
8 1079 1118 4511 4160 1080 1119 4512 4161 
8 1080 1119 4512 4161 1081 1120 4513 4162 
8 1081 1120 4513 4162 1082 1121 4514 4163 
8 1082 1121 4514 4163 1083 1122 4515 4164 
8 1083 1122 4515 4164 1084 1123 4516 4165 
8 1084 1123 4516 4165 1085 1124 4517 4166 
8 1085 1124 4517 4166 1086 1125 4518 4167 
8 1086 1125 4518 4167 1087 1126 4519 4168 
8 1087 1126 4519 4168 1088 1127 4520 4169 
8 1088 1127 4520 4169 1089 1128 4521 4170 
8 1089 1128 4521 4170 1090 1129 4522 4171 
8 1090 1129 4522 4171 1091 1130 4523 4172 
8 1091 1130 4523 4172 1092 1131 4524 4173 
8 1092 1131 4524 4173 1093 1132 4525 4174 
8 1093 1132 4525 4174 1094 1133 4526 4175 
8 1094 1133 4526 4175 1095 1134 4527 4176 
8 1095 1134 4527 4176 1096 1135 4528 4177 
8 1096 1135 4528 4177 1097 1136 4529 4178 
8 1097 1136 4529 4178 1098 1137 4530 4179 
8 1098 1137 4530 4179 1099 1138 4531 4180 
8 1099 1138 4531 4180 1100 1139 4532 4181 
8 1100 1139 4532 4181 1101 1140 4533 4182 
8 1101 1140 4533 4182 1102 1141 4534 4183 
8 1102 1141 4534 4183 1103 1142 4535 4184 
8 1103 1142 4535 4184 1104 1143 4536 4185 
8 1104 1143 4536 4185 1105 1144 4537 4186 
8 1105 1144 4537 4186 1106 1145 4538 4187 
8 1106 1145 4538 4187 1107 1146 4539 4188 
8 1107 1146 4539 4188 1108 1147 4540 4189 
8 1108 1147 4540 4189 1109 1148 4541 4190 
8 1109 1148 4541 4190 1110 1149 4542 4191 
8 1110 1149 4542 4191 1111 1150 4543 4192 
8 1111 1150 4543 4192 1112 1151 4544 4193 
8 1112 1151 4544 4193 1113 1152 4545 4194 
8 1113 1152 4545 4194 1114 1153 4546 4195 
8 1114 1153 4546 4195 148 149 800 791 
8 656 665 666 657 4157 4508 4547 4196 
8 4157 4508 4547 4196 4158 4509 4548 4197 
8 4158 4509 4548 4197 4159 4510 4549 4198 
8 4159 4510 4549 4198 4160 4511 4550 4199 
8 4160 4511 4550 4199 4161 4512 4551 4200 
8 4161 4512 4551 4200 4162 4513 4552 4201 
8 4162 4513 4552 4201 4163 4514 4553 4202 
8 4163 4514 4553 4202 4164 4515 4554 4203 
8 4164 4515 4554 4203 4165 4516 4555 4204 
8 4165 4516 4555 4204 4166 4517 4556 4205 
8 4166 4517 4556 4205 4167 4518 4557 4206 
8 4167 4518 4557 4206 4168 4519 4558 4207 
8 4168 4519 4558 4207 4169 4520 4559 4208 
8 4169 4520 4559 4208 4170 4521 4560 4209 
8 4170 4521 4560 4209 4171 4522 4561 4210 
8 4171 4522 4561 4210 4172 4523 4562 4211 
8 4172 4523 4562 4211 4173 4524 4563 4212 
8 4173 4524 4563 4212 4174 4525 4564 4213 
8 4174 4525 4564 4213 4175 4526 4565 4214 
8 4175 4526 4565 4214 4176 4527 4566 4215 
8 4176 4527 4566 4215 4177 4528 4567 4216 
8 4177 4528 4567 4216 4178 4529 4568 4217 
8 4178 4529 4568 4217 4179 4530 4569 4218 
8 4179 4530 4569 4218 4180 4531 4570 4219 
8 4180 4531 4570 4219 4181 4532 4571 4220 
8 4181 4532 4571 4220 4182 4533 4572 4221 
8 4182 4533 4572 4221 4183 4534 4573 4222 
8 4183 4534 4573 4222 4184 4535 4574 4223 
8 4184 4535 4574 4223 4185 4536 4575 4224 
8 4185 4536 4575 4224 4186 4537 4576 4225 
8 4186 4537 4576 4225 4187 4538 4577 4226 
8 4187 4538 4577 4226 4188 4539 4578 4227 
8 4188 4539 4578 4227 4189 4540 4579 4228 
8 4189 4540 4579 4228 4190 4541 4580 4229 
8 4190 4541 4580 4229 4191 4542 4581 4230 
8 4191 4542 4581 4230 4192 4543 4582 4231 
8 4192 4543 4582 4231 4193 4544 4583 4232 
8 4193 4544 4583 4232 4194 4545 4584 4233 
8 4194 4545 4584 4233 4195 4546 4585 4234 
8 4195 4546 4585 4234 791 800 801 792 
8 657 666 667 658 4196 4547 4586 4235 
8 4196 4547 4586 4235 4197 4548 4587 4236 
8 4197 4548 4587 4236 4198 4549 4588 4237 
8 4198 4549 4588 4237 4199 4550 4589 4238 
8 4199 4550 4589 4238 4200 4551 4590 4239 
8 4200 4551 4590 4239 4201 4552 4591 4240 
8 4201 4552 4591 4240 4202 4553 4592 4241 
8 4202 4553 4592 4241 4203 4554 4593 4242 
8 4203 4554 4593 4242 4204 4555 4594 4243 
8 4204 4555 4594 4243 4205 4556 4595 4244 
8 4205 4556 4595 4244 4206 4557 4596 4245 
8 4206 4557 4596 4245 4207 4558 4597 4246 
8 4207 4558 4597 4246 4208 4559 4598 4247 
8 4208 4559 4598 4247 4209 4560 4599 4248 
8 4209 4560 4599 4248 4210 4561 4600 4249 
8 4210 4561 4600 4249 4211 4562 4601 4250 
8 4211 4562 4601 4250 4212 4563 4602 4251 
8 4212 4563 4602 4251 4213 4564 4603 4252 
8 4213 4564 4603 4252 4214 4565 4604 4253 
8 4214 4565 4604 4253 4215 4566 4605 4254 
8 4215 4566 4605 4254 4216 4567 4606 4255 
8 4216 4567 4606 4255 4217 4568 4607 4256 
8 4217 4568 4607 4256 4218 4569 4608 4257 
8 4218 4569 4608 4257 4219 4570 4609 4258 
8 4219 4570 4609 4258 4220 4571 4610 4259 
8 4220 4571 4610 4259 4221 4572 4611 4260 
8 4221 4572 4611 4260 4222 4573 4612 4261 
8 4222 4573 4612 4261 4223 4574 4613 4262 
8 4223 4574 4613 4262 4224 4575 4614 4263 
8 4224 4575 4614 4263 4225 4576 4615 4264 
8 4225 4576 4615 4264 4226 4577 4616 4265 
8 4226 4577 4616 4265 4227 4578 4617 4266 
8 4227 4578 4617 4266 4228 4579 4618 4267 
8 4228 4579 4618 4267 4229 4580 4619 4268 
8 4229 4580 4619 4268 4230 4581 4620 4269 
8 4230 4581 4620 4269 4231 4582 4621 4270 
8 4231 4582 4621 4270 4232 4583 4622 4271 
8 4232 4583 4622 4271 4233 4584 4623 4272 
8 4233 4584 4623 4272 4234 4585 4624 4273 
8 4234 4585 4624 4273 792 801 802 793 
8 658 667 668 659 4235 4586 4625 4274 
8 4235 4586 4625 4274 4236 4587 4626 4275 
8 4236 4587 4626 4275 4237 4588 4627 4276 
8 4237 4588 4627 4276 4238 4589 4628 4277 
8 4238 4589 4628 4277 4239 4590 4629 4278 
8 4239 4590 4629 4278 4240 4591 4630 4279 
8 4240 4591 4630 4279 4241 4592 4631 4280 
8 4241 4592 4631 4280 4242 4593 4632 4281 
8 4242 4593 4632 4281 4243 4594 4633 4282 
8 4243 4594 4633 4282 4244 4595 4634 4283 
8 4244 4595 4634 4283 4245 4596 4635 4284 
8 4245 4596 4635 4284 4246 4597 4636 4285 
8 4246 4597 4636 4285 4247 4598 4637 4286 
8 4247 4598 4637 4286 4248 4599 4638 4287 
8 4248 4599 4638 4287 4249 4600 4639 4288 
8 4249 4600 4639 4288 4250 4601 4640 4289 
8 4250 4601 4640 4289 4251 4602 4641 4290 
8 4251 4602 4641 4290 4252 4603 4642 4291 
8 4252 4603 4642 4291 4253 4604 4643 4292 
8 4253 4604 4643 4292 4254 4605 4644 4293 
8 4254 4605 4644 4293 4255 4606 4645 4294 
8 4255 4606 4645 4294 4256 4607 4646 4295 
8 4256 4607 4646 4295 4257 4608 4647 4296 
8 4257 4608 4647 4296 4258 4609 4648 4297 
8 4258 4609 4648 4297 4259 4610 4649 4298 
8 4259 4610 4649 4298 4260 4611 4650 4299 
8 4260 4611 4650 4299 4261 4612 4651 4300 
8 4261 4612 4651 4300 4262 4613 4652 4301 
8 4262 4613 4652 4301 4263 4614 4653 4302 
8 4263 4614 4653 4302 4264 4615 4654 4303 
8 4264 4615 4654 4303 4265 4616 4655 4304 
8 4265 4616 4655 4304 4266 4617 4656 4305 
8 4266 4617 4656 4305 4267 4618 4657 4306 
8 4267 4618 4657 4306 4268 4619 4658 4307 
8 4268 4619 4658 4307 4269 4620 4659 4308 
8 4269 4620 4659 4308 4270 4621 4660 4309 
8 4270 4621 4660 4309 4271 4622 4661 4310 
8 4271 4622 4661 4310 4272 4623 4662 4311 
8 4272 4623 4662 4311 4273 4624 4663 4312 
8 4273 4624 4663 4312 793 802 803 794 
8 659 668 669 660 4274 4625 4664 4313 
8 4274 4625 4664 4313 4275 4626 4665 4314 
8 4275 4626 4665 4314 4276 4627 4666 4315 
8 4276 4627 4666 4315 4277 4628 4667 4316 
8 4277 4628 4667 4316 4278 4629 4668 4317 
8 4278 4629 4668 4317 4279 4630 4669 4318 
8 4279 4630 4669 4318 4280 4631 4670 4319 
8 4280 4631 4670 4319 4281 4632 4671 4320 
8 4281 4632 4671 4320 4282 4633 4672 4321 
8 4282 4633 4672 4321 4283 4634 4673 4322 
8 4283 4634 4673 4322 4284 4635 4674 4323 
8 4284 4635 4674 4323 4285 4636 4675 4324 
8 4285 4636 4675 4324 4286 4637 4676 4325 
8 4286 4637 4676 4325 4287 4638 4677 4326 
8 4287 4638 4677 4326 4288 4639 4678 4327 
8 4288 4639 4678 4327 4289 4640 4679 4328 
8 4289 4640 4679 4328 4290 4641 4680 4329 
8 4290 4641 4680 4329 4291 4642 4681 4330 
8 4291 4642 4681 4330 4292 4643 4682 4331 
8 4292 4643 4682 4331 4293 4644 4683 4332 
8 4293 4644 4683 4332 4294 4645 4684 4333 
8 4294 4645 4684 4333 4295 4646 4685 4334 
8 4295 4646 4685 4334 4296 4647 4686 4335 
8 4296 4647 4686 4335 4297 4648 4687 4336 
8 4297 4648 4687 4336 4298 4649 4688 4337 
8 4298 4649 4688 4337 4299 4650 4689 4338 
8 4299 4650 4689 4338 4300 4651 4690 4339 
8 4300 4651 4690 4339 4301 4652 4691 4340 
8 4301 4652 4691 4340 4302 4653 4692 4341 
8 4302 4653 4692 4341 4303 4654 4693 4342 
8 4303 4654 4693 4342 4304 4655 4694 4343 
8 4304 4655 4694 4343 4305 4656 4695 4344 
8 4305 4656 4695 4344 4306 4657 4696 4345 
8 4306 4657 4696 4345 4307 4658 4697 4346 
8 4307 4658 4697 4346 4308 4659 4698 4347 
8 4308 4659 4698 4347 4309 4660 4699 4348 
8 4309 4660 4699 4348 4310 4661 4700 4349 
8 4310 4661 4700 4349 4311 4662 4701 4350 
8 4311 4662 4701 4350 4312 4663 4702 4351 
8 4312 4663 4702 4351 794 803 804 795 
8 660 669 670 661 4313 4664 4703 4352 
8 4313 4664 4703 4352 4314 4665 4704 4353 
8 4314 4665 4704 4353 4315 4666 4705 4354 
8 4315 4666 4705 4354 4316 4667 4706 4355 
8 4316 4667 4706 4355 4317 4668 4707 4356 
8 4317 4668 4707 4356 4318 4669 4708 4357 
8 4318 4669 4708 4357 4319 4670 4709 4358 
8 4319 4670 4709 4358 4320 4671 4710 4359 
8 4320 4671 4710 4359 4321 4672 4711 4360 
8 4321 4672 4711 4360 4322 4673 4712 4361 
8 4322 4673 4712 4361 4323 4674 4713 4362 
8 4323 4674 4713 4362 4324 4675 4714 4363 
8 4324 4675 4714 4363 4325 4676 4715 4364 
8 4325 4676 4715 4364 4326 4677 4716 4365 
8 4326 4677 4716 4365 4327 4678 4717 4366 
8 4327 4678 4717 4366 4328 4679 4718 4367 
8 4328 4679 4718 4367 4329 4680 4719 4368 
8 4329 4680 4719 4368 4330 4681 4720 4369 
8 4330 4681 4720 4369 4331 4682 4721 4370 
8 4331 4682 4721 4370 4332 4683 4722 4371 
8 4332 4683 4722 4371 4333 4684 4723 4372 
8 4333 4684 4723 4372 4334 4685 4724 4373 
8 4334 4685 4724 4373 4335 4686 4725 4374 
8 4335 4686 4725 4374 4336 4687 4726 4375 
8 4336 4687 4726 4375 4337 4688 4727 4376 
8 4337 4688 4727 4376 4338 4689 4728 4377 
8 4338 4689 4728 4377 4339 4690 4729 4378 
8 4339 4690 4729 4378 4340 4691 4730 4379 
8 4340 4691 4730 4379 4341 4692 4731 4380 
8 4341 4692 4731 4380 4342 4693 4732 4381 
8 4342 4693 4732 4381 4343 4694 4733 4382 
8 4343 4694 4733 4382 4344 4695 4734 4383 
8 4344 4695 4734 4383 4345 4696 4735 4384 
8 4345 4696 4735 4384 4346 4697 4736 4385 
8 4346 4697 4736 4385 4347 4698 4737 4386 
8 4347 4698 4737 4386 4348 4699 4738 4387 
8 4348 4699 4738 4387 4349 4700 4739 4388 
8 4349 4700 4739 4388 4350 4701 4740 4389 
8 4350 4701 4740 4389 4351 4702 4741 4390 
8 4351 4702 4741 4390 795 804 805 796 
8 661 670 671 662 4352 4703 4742 4391 
8 4352 4703 4742 4391 4353 4704 4743 4392 
8 4353 4704 4743 4392 4354 4705 4744 4393 
8 4354 4705 4744 4393 4355 4706 4745 4394 
8 4355 4706 4745 4394 4356 4707 4746 4395 
8 4356 4707 4746 4395 4357 4708 4747 4396 
8 4357 4708 4747 4396 4358 4709 4748 4397 
8 4358 4709 4748 4397 4359 4710 4749 4398 
8 4359 4710 4749 4398 4360 4711 4750 4399 
8 4360 4711 4750 4399 4361 4712 4751 4400 
8 4361 4712 4751 4400 4362 4713 4752 4401 
8 4362 4713 4752 4401 4363 4714 4753 4402 
8 4363 4714 4753 4402 4364 4715 4754 4403 
8 4364 4715 4754 4403 4365 4716 4755 4404 
8 4365 4716 4755 4404 4366 4717 4756 4405 
8 4366 4717 4756 4405 4367 4718 4757 4406 
8 4367 4718 4757 4406 4368 4719 4758 4407 
8 4368 4719 4758 4407 4369 4720 4759 4408 
8 4369 4720 4759 4408 4370 4721 4760 4409 
8 4370 4721 4760 4409 4371 4722 4761 4410 
8 4371 4722 4761 4410 4372 4723 4762 4411 
8 4372 4723 4762 4411 4373 4724 4763 4412 
8 4373 4724 4763 4412 4374 4725 4764 4413 
8 4374 4725 4764 4413 4375 4726 4765 4414 
8 4375 4726 4765 4414 4376 4727 4766 4415 
8 4376 4727 4766 4415 4377 4728 4767 4416 
8 4377 4728 4767 4416 4378 4729 4768 4417 
8 4378 4729 4768 4417 4379 4730 4769 4418 
8 4379 4730 4769 4418 4380 4731 4770 4419 
8 4380 4731 4770 4419 4381 4732 4771 4420 
8 4381 4732 4771 4420 4382 4733 4772 4421 
8 4382 4733 4772 4421 4383 4734 4773 4422 
8 4383 4734 4773 4422 4384 4735 4774 4423 
8 4384 4735 4774 4423 4385 4736 4775 4424 
8 4385 4736 4775 4424 4386 4737 4776 4425 
8 4386 4737 4776 4425 4387 4738 4777 4426 
8 4387 4738 4777 4426 4388 4739 4778 4427 
8 4388 4739 4778 4427 4389 4740 4779 4428 
8 4389 4740 4779 4428 4390 4741 4780 4429 
8 4390 4741 4780 4429 796 805 806 797 
8 662 671 672 663 4391 4742 4781 4430 
8 4391 4742 4781 4430 4392 4743 4782 4431 
8 4392 4743 4782 4431 4393 4744 4783 4432 
8 4393 4744 4783 4432 4394 4745 4784 4433 
8 4394 4745 4784 4433 4395 4746 4785 4434 
8 4395 4746 4785 4434 4396 4747 4786 4435 
8 4396 4747 4786 4435 4397 4748 4787 4436 
8 4397 4748 4787 4436 4398 4749 4788 4437 
8 4398 4749 4788 4437 4399 4750 4789 4438 
8 4399 4750 4789 4438 4400 4751 4790 4439 
8 4400 4751 4790 4439 4401 4752 4791 4440 
8 4401 4752 4791 4440 4402 4753 4792 4441 
8 4402 4753 4792 4441 4403 4754 4793 4442 
8 4403 4754 4793 4442 4404 4755 4794 4443 
8 4404 4755 4794 4443 4405 4756 4795 4444 
8 4405 4756 4795 4444 4406 4757 4796 4445 
8 4406 4757 4796 4445 4407 4758 4797 4446 
8 4407 4758 4797 4446 4408 4759 4798 4447 
8 4408 4759 4798 4447 4409 4760 4799 4448 
8 4409 4760 4799 4448 4410 4761 4800 4449 
8 4410 4761 4800 4449 4411 4762 4801 4450 
8 4411 4762 4801 4450 4412 4763 4802 4451 
8 4412 4763 4802 4451 4413 4764 4803 4452 
8 4413 4764 4803 4452 4414 4765 4804 4453 
8 4414 4765 4804 4453 4415 4766 4805 4454 
8 4415 4766 4805 4454 4416 4767 4806 4455 
8 4416 4767 4806 4455 4417 4768 4807 4456 
8 4417 4768 4807 4456 4418 4769 4808 4457 
8 4418 4769 4808 4457 4419 4770 4809 4458 
8 4419 4770 4809 4458 4420 4771 4810 4459 
8 4420 4771 4810 4459 4421 4772 4811 4460 
8 4421 4772 4811 4460 4422 4773 4812 4461 
8 4422 4773 4812 4461 4423 4774 4813 4462 
8 4423 4774 4813 4462 4424 4775 4814 4463 
8 4424 4775 4814 4463 4425 4776 4815 4464 
8 4425 4776 4815 4464 4426 4777 4816 4465 
8 4426 4777 4816 4465 4427 4778 4817 4466 
8 4427 4778 4817 4466 4428 4779 4818 4467 
8 4428 4779 4818 4467 4429 4780 4819 4468 
8 4429 4780 4819 4468 797 806 807 798 
8 663 672 673 664 4430 4781 4820 4469 
8 4430 4781 4820 4469 4431 4782 4821 4470 
8 4431 4782 4821 4470 4432 4783 4822 4471 
8 4432 4783 4822 4471 4433 4784 4823 4472 
8 4433 4784 4823 4472 4434 4785 4824 4473 
8 4434 4785 4824 4473 4435 4786 4825 4474 
8 4435 4786 4825 4474 4436 4787 4826 4475 
8 4436 4787 4826 4475 4437 4788 4827 4476 
8 4437 4788 4827 4476 4438 4789 4828 4477 
8 4438 4789 4828 4477 4439 4790 4829 4478 
8 4439 4790 4829 4478 4440 4791 4830 4479 
8 4440 4791 4830 4479 4441 4792 4831 4480 
8 4441 4792 4831 4480 4442 4793 4832 4481 
8 4442 4793 4832 4481 4443 4794 4833 4482 
8 4443 4794 4833 4482 4444 4795 4834 4483 
8 4444 4795 4834 4483 4445 4796 4835 4484 
8 4445 4796 4835 4484 4446 4797 4836 4485 
8 4446 4797 4836 4485 4447 4798 4837 4486 
8 4447 4798 4837 4486 4448 4799 4838 4487 
8 4448 4799 4838 4487 4449 4800 4839 4488 
8 4449 4800 4839 4488 4450 4801 4840 4489 
8 4450 4801 4840 4489 4451 4802 4841 4490 
8 4451 4802 4841 4490 4452 4803 4842 4491 
8 4452 4803 4842 4491 4453 4804 4843 4492 
8 4453 4804 4843 4492 4454 4805 4844 4493 
8 4454 4805 4844 4493 4455 4806 4845 4494 
8 4455 4806 4845 4494 4456 4807 4846 4495 
8 4456 4807 4846 4495 4457 4808 4847 4496 
8 4457 4808 4847 4496 4458 4809 4848 4497 
8 4458 4809 4848 4497 4459 4810 4849 4498 
8 4459 4810 4849 4498 4460 4811 4850 4499 
8 4460 4811 4850 4499 4461 4812 4851 4500 
8 4461 4812 4851 4500 4462 4813 4852 4501 
8 4462 4813 4852 4501 4463 4814 4853 4502 
8 4463 4814 4853 4502 4464 4815 4854 4503 
8 4464 4815 4854 4503 4465 4816 4855 4504 
8 4465 4816 4855 4504 4466 4817 4856 4505 
8 4466 4817 4856 4505 4467 4818 4857 4506 
8 4467 4818 4857 4506 4468 4819 4858 4507 
8 4468 4819 4858 4507 798 807 808 799 
8 664 673 134 133 4469 4820 1700 1661 
8 4469 4820 1700 1661 4470 4821 1701 1662 
8 4470 4821 1701 1662 4471 4822 1702 1663 
8 4471 4822 1702 1663 4472 4823 1703 1664 
8 4472 4823 1703 1664 4473 4824 1704 1665 
8 4473 4824 1704 1665 4474 4825 1705 1666 
8 4474 4825 1705 1666 4475 4826 1706 1667 
8 4475 4826 1706 1667 4476 4827 1707 1668 
8 4476 4827 1707 1668 4477 4828 1708 1669 
8 4477 4828 1708 1669 4478 4829 1709 1670 
8 4478 4829 1709 1670 4479 4830 1710 1671 
8 4479 4830 1710 1671 4480 4831 1711 1672 
8 4480 4831 1711 1672 4481 4832 1712 1673 
8 4481 4832 1712 1673 4482 4833 1713 1674 
8 4482 4833 1713 1674 4483 4834 1714 1675 
8 4483 4834 1714 1675 4484 4835 1715 1676 
8 4484 4835 1715 1676 4485 4836 1716 1677 
8 4485 4836 1716 1677 4486 4837 1717 1678 
8 4486 4837 1717 1678 4487 4838 1718 1679 
8 4487 4838 1718 1679 4488 4839 1719 1680 
8 4488 4839 1719 1680 4489 4840 1720 1681 
8 4489 4840 1720 1681 4490 4841 1721 1682 
8 4490 4841 1721 1682 4491 4842 1722 1683 
8 4491 4842 1722 1683 4492 4843 1723 1684 
8 4492 4843 1723 1684 4493 4844 1724 1685 
8 4493 4844 1724 1685 4494 4845 1725 1686 
8 4494 4845 1725 1686 4495 4846 1726 1687 
8 4495 4846 1726 1687 4496 4847 1727 1688 
8 4496 4847 1727 1688 4497 4848 1728 1689 
8 4497 4848 1728 1689 4498 4849 1729 1690 
8 4498 4849 1729 1690 4499 4850 1730 1691 
8 4499 4850 1730 1691 4500 4851 1731 1692 
8 4500 4851 1731 1692 4501 4852 1732 1693 
8 4501 4852 1732 1693 4502 4853 1733 1694 
8 4502 4853 1733 1694 4503 4854 1734 1695 
8 4503 4854 1734 1695 4504 4855 1735 1696 
8 4504 4855 1735 1696 4505 4856 1736 1697 
8 4505 4856 1736 1697 4506 4857 1737 1698 
8 4506 4857 1737 1698 4507 4858 1738 1699 
8 4507 4858 1738 1699 799 808 173 172 
8 110 111 674 665 1115 1154 4859 4508 
8 1115 1154 4859 4508 1116 1155 4860 4509 
8 1116 1155 4860 4509 1117 1156 4861 4510 
8 1117 1156 4861 4510 1118 1157 4862 4511 
8 1118 1157 4862 4511 1119 1158 4863 4512 
8 1119 1158 4863 4512 1120 1159 4864 4513 
8 1120 1159 4864 4513 1121 1160 4865 4514 
8 1121 1160 4865 4514 1122 1161 4866 4515 
8 1122 1161 4866 4515 1123 1162 4867 4516 
8 1123 1162 4867 4516 1124 1163 4868 4517 
8 1124 1163 4868 4517 1125 1164 4869 4518 
8 1125 1164 4869 4518 1126 1165 4870 4519 
8 1126 1165 4870 4519 1127 1166 4871 4520 
8 1127 1166 4871 4520 1128 1167 4872 4521 
8 1128 1167 4872 4521 1129 1168 4873 4522 
8 1129 1168 4873 4522 1130 1169 4874 4523 
8 1130 1169 4874 4523 1131 1170 4875 4524 
8 1131 1170 4875 4524 1132 1171 4876 4525 
8 1132 1171 4876 4525 1133 1172 4877 4526 
8 1133 1172 4877 4526 1134 1173 4878 4527 
8 1134 1173 4878 4527 1135 1174 4879 4528 
8 1135 1174 4879 4528 1136 1175 4880 4529 
8 1136 1175 4880 4529 1137 1176 4881 4530 
8 1137 1176 4881 4530 1138 1177 4882 4531 
8 1138 1177 4882 4531 1139 1178 4883 4532 
8 1139 1178 4883 4532 1140 1179 4884 4533 
8 1140 1179 4884 4533 1141 1180 4885 4534 
8 1141 1180 4885 4534 1142 1181 4886 4535 
8 1142 1181 4886 4535 1143 1182 4887 4536 
8 1143 1182 4887 4536 1144 1183 4888 4537 
8 1144 1183 4888 4537 1145 1184 4889 4538 
8 1145 1184 4889 4538 1146 1185 4890 4539 
8 1146 1185 4890 4539 1147 1186 4891 4540 
8 1147 1186 4891 4540 1148 1187 4892 4541 
8 1148 1187 4892 4541 1149 1188 4893 4542 
8 1149 1188 4893 4542 1150 1189 4894 4543 
8 1150 1189 4894 4543 1151 1190 4895 4544 
8 1151 1190 4895 4544 1152 1191 4896 4545 
8 1152 1191 4896 4545 1153 1192 4897 4546 
8 1153 1192 4897 4546 149 150 809 800 
8 665 674 675 666 4508 4859 4898 4547 
8 4508 4859 4898 4547 4509 4860 4899 4548 
8 4509 4860 4899 4548 4510 4861 4900 4549 
8 4510 4861 4900 4549 4511 4862 4901 4550 
8 4511 4862 4901 4550 4512 4863 4902 4551 
8 4512 4863 4902 4551 4513 4864 4903 4552 
8 4513 4864 4903 4552 4514 4865 4904 4553 
8 4514 4865 4904 4553 4515 4866 4905 4554 
8 4515 4866 4905 4554 4516 4867 4906 4555 
8 4516 4867 4906 4555 4517 4868 4907 4556 
8 4517 4868 4907 4556 4518 4869 4908 4557 
8 4518 4869 4908 4557 4519 4870 4909 4558 
8 4519 4870 4909 4558 4520 4871 4910 4559 
8 4520 4871 4910 4559 4521 4872 4911 4560 
8 4521 4872 4911 4560 4522 4873 4912 4561 
8 4522 4873 4912 4561 4523 4874 4913 4562 
8 4523 4874 4913 4562 4524 4875 4914 4563 
8 4524 4875 4914 4563 4525 4876 4915 4564 
8 4525 4876 4915 4564 4526 4877 4916 4565 
8 4526 4877 4916 4565 4527 4878 4917 4566 
8 4527 4878 4917 4566 4528 4879 4918 4567 
8 4528 4879 4918 4567 4529 4880 4919 4568 
8 4529 4880 4919 4568 4530 4881 4920 4569 
8 4530 4881 4920 4569 4531 4882 4921 4570 
8 4531 4882 4921 4570 4532 4883 4922 4571 
8 4532 4883 4922 4571 4533 4884 4923 4572 
8 4533 4884 4923 4572 4534 4885 4924 4573 
8 4534 4885 4924 4573 4535 4886 4925 4574 
8 4535 4886 4925 4574 4536 4887 4926 4575 
8 4536 4887 4926 4575 4537 4888 4927 4576 
8 4537 4888 4927 4576 4538 4889 4928 4577 
8 4538 4889 4928 4577 4539 4890 4929 4578 
8 4539 4890 4929 4578 4540 4891 4930 4579 
8 4540 4891 4930 4579 4541 4892 4931 4580 
8 4541 4892 4931 4580 4542 4893 4932 4581 
8 4542 4893 4932 4581 4543 4894 4933 4582 
8 4543 4894 4933 4582 4544 4895 4934 4583 
8 4544 4895 4934 4583 4545 4896 4935 4584 
8 4545 4896 4935 4584 4546 4897 4936 4585 
8 4546 4897 4936 4585 800 809 810 801 
8 666 675 676 667 4547 4898 4937 4586 
8 4547 4898 4937 4586 4548 4899 4938 4587 
8 4548 4899 4938 4587 4549 4900 4939 4588 
8 4549 4900 4939 4588 4550 4901 4940 4589 
8 4550 4901 4940 4589 4551 4902 4941 4590 
8 4551 4902 4941 4590 4552 4903 4942 4591 
8 4552 4903 4942 4591 4553 4904 4943 4592 
8 4553 4904 4943 4592 4554 4905 4944 4593 
8 4554 4905 4944 4593 4555 4906 4945 4594 
8 4555 4906 4945 4594 4556 4907 4946 4595 
8 4556 4907 4946 4595 4557 4908 4947 4596 
8 4557 4908 4947 4596 4558 4909 4948 4597 
8 4558 4909 4948 4597 4559 4910 4949 4598 
8 4559 4910 4949 4598 4560 4911 4950 4599 
8 4560 4911 4950 4599 4561 4912 4951 4600 
8 4561 4912 4951 4600 4562 4913 4952 4601 
8 4562 4913 4952 4601 4563 4914 4953 4602 
8 4563 4914 4953 4602 4564 4915 4954 4603 
8 4564 4915 4954 4603 4565 4916 4955 4604 
8 4565 4916 4955 4604 4566 4917 4956 4605 
8 4566 4917 4956 4605 4567 4918 4957 4606 
8 4567 4918 4957 4606 4568 4919 4958 4607 
8 4568 4919 4958 4607 4569 4920 4959 4608 
8 4569 4920 4959 4608 4570 4921 4960 4609 
8 4570 4921 4960 4609 4571 4922 4961 4610 
8 4571 4922 4961 4610 4572 4923 4962 4611 
8 4572 4923 4962 4611 4573 4924 4963 4612 
8 4573 4924 4963 4612 4574 4925 4964 4613 
8 4574 4925 4964 4613 4575 4926 4965 4614 
8 4575 4926 4965 4614 4576 4927 4966 4615 
8 4576 4927 4966 4615 4577 4928 4967 4616 
8 4577 4928 4967 4616 4578 4929 4968 4617 
8 4578 4929 4968 4617 4579 4930 4969 4618 
8 4579 4930 4969 4618 4580 4931 4970 4619 
8 4580 4931 4970 4619 4581 4932 4971 4620 
8 4581 4932 4971 4620 4582 4933 4972 4621 
8 4582 4933 4972 4621 4583 4934 4973 4622 
8 4583 4934 4973 4622 4584 4935 4974 4623 
8 4584 4935 4974 4623 4585 4936 4975 4624 
8 4585 4936 4975 4624 801 810 811 802 
8 667 676 677 668 4586 4937 4976 4625 
8 4586 4937 4976 4625 4587 4938 4977 4626 
8 4587 4938 4977 4626 4588 4939 4978 4627 
8 4588 4939 4978 4627 4589 4940 4979 4628 
8 4589 4940 4979 4628 4590 4941 4980 4629 
8 4590 4941 4980 4629 4591 4942 4981 4630 
8 4591 4942 4981 4630 4592 4943 4982 4631 
8 4592 4943 4982 4631 4593 4944 4983 4632 
8 4593 4944 4983 4632 4594 4945 4984 4633 
8 4594 4945 4984 4633 4595 4946 4985 4634 
8 4595 4946 4985 4634 4596 4947 4986 4635 
8 4596 4947 4986 4635 4597 4948 4987 4636 
8 4597 4948 4987 4636 4598 4949 4988 4637 
8 4598 4949 4988 4637 4599 4950 4989 4638 
8 4599 4950 4989 4638 4600 4951 4990 4639 
8 4600 4951 4990 4639 4601 4952 4991 4640 
8 4601 4952 4991 4640 4602 4953 4992 4641 
8 4602 4953 4992 4641 4603 4954 4993 4642 
8 4603 4954 4993 4642 4604 4955 4994 4643 
8 4604 4955 4994 4643 4605 4956 4995 4644 
8 4605 4956 4995 4644 4606 4957 4996 4645 
8 4606 4957 4996 4645 4607 4958 4997 4646 
8 4607 4958 4997 4646 4608 4959 4998 4647 
8 4608 4959 4998 4647 4609 4960 4999 4648 
8 4609 4960 4999 4648 4610 4961 5000 4649 
8 4610 4961 5000 4649 4611 4962 5001 4650 
8 4611 4962 5001 4650 4612 4963 5002 4651 
8 4612 4963 5002 4651 4613 4964 5003 4652 
8 4613 4964 5003 4652 4614 4965 5004 4653 
8 4614 4965 5004 4653 4615 4966 5005 4654 
8 4615 4966 5005 4654 4616 4967 5006 4655 
8 4616 4967 5006 4655 4617 4968 5007 4656 
8 4617 4968 5007 4656 4618 4969 5008 4657 
8 4618 4969 5008 4657 4619 4970 5009 4658 
8 4619 4970 5009 4658 4620 4971 5010 4659 
8 4620 4971 5010 4659 4621 4972 5011 4660 
8 4621 4972 5011 4660 4622 4973 5012 4661 
8 4622 4973 5012 4661 4623 4974 5013 4662 
8 4623 4974 5013 4662 4624 4975 5014 4663 
8 4624 4975 5014 4663 802 811 812 803 
8 668 677 678 669 4625 4976 5015 4664 
8 4625 4976 5015 4664 4626 4977 5016 4665 
8 4626 4977 5016 4665 4627 4978 5017 4666 
8 4627 4978 5017 4666 4628 4979 5018 4667 
8 4628 4979 5018 4667 4629 4980 5019 4668 
8 4629 4980 5019 4668 4630 4981 5020 4669 
8 4630 4981 5020 4669 4631 4982 5021 4670 
8 4631 4982 5021 4670 4632 4983 5022 4671 
8 4632 4983 5022 4671 4633 4984 5023 4672 
8 4633 4984 5023 4672 4634 4985 5024 4673 
8 4634 4985 5024 4673 4635 4986 5025 4674 
8 4635 4986 5025 4674 4636 4987 5026 4675 
8 4636 4987 5026 4675 4637 4988 5027 4676 
8 4637 4988 5027 4676 4638 4989 5028 4677 
8 4638 4989 5028 4677 4639 4990 5029 4678 
8 4639 4990 5029 4678 4640 4991 5030 4679 
8 4640 4991 5030 4679 4641 4992 5031 4680 
8 4641 4992 5031 4680 4642 4993 5032 4681 
8 4642 4993 5032 4681 4643 4994 5033 4682 
8 4643 4994 5033 4682 4644 4995 5034 4683 
8 4644 4995 5034 4683 4645 4996 5035 4684 
8 4645 4996 5035 4684 4646 4997 5036 4685 
8 4646 4997 5036 4685 4647 4998 5037 4686 
8 4647 4998 5037 4686 4648 4999 5038 4687 
8 4648 4999 5038 4687 4649 5000 5039 4688 
8 4649 5000 5039 4688 4650 5001 5040 4689 
8 4650 5001 5040 4689 4651 5002 5041 4690 
8 4651 5002 5041 4690 4652 5003 5042 4691 
8 4652 5003 5042 4691 4653 5004 5043 4692 
8 4653 5004 5043 4692 4654 5005 5044 4693 
8 4654 5005 5044 4693 4655 5006 5045 4694 
8 4655 5006 5045 4694 4656 5007 5046 4695 
8 4656 5007 5046 4695 4657 5008 5047 4696 
8 4657 5008 5047 4696 4658 5009 5048 4697 
8 4658 5009 5048 4697 4659 5010 5049 4698 
8 4659 5010 5049 4698 4660 5011 5050 4699 
8 4660 5011 5050 4699 4661 5012 5051 4700 
8 4661 5012 5051 4700 4662 5013 5052 4701 
8 4662 5013 5052 4701 4663 5014 5053 4702 
8 4663 5014 5053 4702 803 812 813 804 
8 669 678 679 670 4664 5015 5054 4703 
8 4664 5015 5054 4703 4665 5016 5055 4704 
8 4665 5016 5055 4704 4666 5017 5056 4705 
8 4666 5017 5056 4705 4667 5018 5057 4706 
8 4667 5018 5057 4706 4668 5019 5058 4707 
8 4668 5019 5058 4707 4669 5020 5059 4708 
8 4669 5020 5059 4708 4670 5021 5060 4709 
8 4670 5021 5060 4709 4671 5022 5061 4710 
8 4671 5022 5061 4710 4672 5023 5062 4711 
8 4672 5023 5062 4711 4673 5024 5063 4712 
8 4673 5024 5063 4712 4674 5025 5064 4713 
8 4674 5025 5064 4713 4675 5026 5065 4714 
8 4675 5026 5065 4714 4676 5027 5066 4715 
8 4676 5027 5066 4715 4677 5028 5067 4716 
8 4677 5028 5067 4716 4678 5029 5068 4717 
8 4678 5029 5068 4717 4679 5030 5069 4718 
8 4679 5030 5069 4718 4680 5031 5070 4719 
8 4680 5031 5070 4719 4681 5032 5071 4720 
8 4681 5032 5071 4720 4682 5033 5072 4721 
8 4682 5033 5072 4721 4683 5034 5073 4722 
8 4683 5034 5073 4722 4684 5035 5074 4723 
8 4684 5035 5074 4723 4685 5036 5075 4724 
8 4685 5036 5075 4724 4686 5037 5076 4725 
8 4686 5037 5076 4725 4687 5038 5077 4726 
8 4687 5038 5077 4726 4688 5039 5078 4727 
8 4688 5039 5078 4727 4689 5040 5079 4728 
8 4689 5040 5079 4728 4690 5041 5080 4729 
8 4690 5041 5080 4729 4691 5042 5081 4730 
8 4691 5042 5081 4730 4692 5043 5082 4731 
8 4692 5043 5082 4731 4693 5044 5083 4732 
8 4693 5044 5083 4732 4694 5045 5084 4733 
8 4694 5045 5084 4733 4695 5046 5085 4734 
8 4695 5046 5085 4734 4696 5047 5086 4735 
8 4696 5047 5086 4735 4697 5048 5087 4736 
8 4697 5048 5087 4736 4698 5049 5088 4737 
8 4698 5049 5088 4737 4699 5050 5089 4738 
8 4699 5050 5089 4738 4700 5051 5090 4739 
8 4700 5051 5090 4739 4701 5052 5091 4740 
8 4701 5052 5091 4740 4702 5053 5092 4741 
8 4702 5053 5092 4741 804 813 814 805 
8 670 679 680 671 4703 5054 5093 4742 
8 4703 5054 5093 4742 4704 5055 5094 4743 
8 4704 5055 5094 4743 4705 5056 5095 4744 
8 4705 5056 5095 4744 4706 5057 5096 4745 
8 4706 5057 5096 4745 4707 5058 5097 4746 
8 4707 5058 5097 4746 4708 5059 5098 4747 
8 4708 5059 5098 4747 4709 5060 5099 4748 
8 4709 5060 5099 4748 4710 5061 5100 4749 
8 4710 5061 5100 4749 4711 5062 5101 4750 
8 4711 5062 5101 4750 4712 5063 5102 4751 
8 4712 5063 5102 4751 4713 5064 5103 4752 
8 4713 5064 5103 4752 4714 5065 5104 4753 
8 4714 5065 5104 4753 4715 5066 5105 4754 
8 4715 5066 5105 4754 4716 5067 5106 4755 
8 4716 5067 5106 4755 4717 5068 5107 4756 
8 4717 5068 5107 4756 4718 5069 5108 4757 
8 4718 5069 5108 4757 4719 5070 5109 4758 
8 4719 5070 5109 4758 4720 5071 5110 4759 
8 4720 5071 5110 4759 4721 5072 5111 4760 
8 4721 5072 5111 4760 4722 5073 5112 4761 
8 4722 5073 5112 4761 4723 5074 5113 4762 
8 4723 5074 5113 4762 4724 5075 5114 4763 
8 4724 5075 5114 4763 4725 5076 5115 4764 
8 4725 5076 5115 4764 4726 5077 5116 4765 
8 4726 5077 5116 4765 4727 5078 5117 4766 
8 4727 5078 5117 4766 4728 5079 5118 4767 
8 4728 5079 5118 4767 4729 5080 5119 4768 
8 4729 5080 5119 4768 4730 5081 5120 4769 
8 4730 5081 5120 4769 4731 5082 5121 4770 
8 4731 5082 5121 4770 4732 5083 5122 4771 
8 4732 5083 5122 4771 4733 5084 5123 4772 
8 4733 5084 5123 4772 4734 5085 5124 4773 
8 4734 5085 5124 4773 4735 5086 5125 4774 
8 4735 5086 5125 4774 4736 5087 5126 4775 
8 4736 5087 5126 4775 4737 5088 5127 4776 
8 4737 5088 5127 4776 4738 5089 5128 4777 
8 4738 5089 5128 4777 4739 5090 5129 4778 
8 4739 5090 5129 4778 4740 5091 5130 4779 
8 4740 5091 5130 4779 4741 5092 5131 4780 
8 4741 5092 5131 4780 805 814 815 806 
8 671 680 681 672 4742 5093 5132 4781 
8 4742 5093 5132 4781 4743 5094 5133 4782 
8 4743 5094 5133 4782 4744 5095 5134 4783 
8 4744 5095 5134 4783 4745 5096 5135 4784 
8 4745 5096 5135 4784 4746 5097 5136 4785 
8 4746 5097 5136 4785 4747 5098 5137 4786 
8 4747 5098 5137 4786 4748 5099 5138 4787 
8 4748 5099 5138 4787 4749 5100 5139 4788 
8 4749 5100 5139 4788 4750 5101 5140 4789 
8 4750 5101 5140 4789 4751 5102 5141 4790 
8 4751 5102 5141 4790 4752 5103 5142 4791 
8 4752 5103 5142 4791 4753 5104 5143 4792 
8 4753 5104 5143 4792 4754 5105 5144 4793 
8 4754 5105 5144 4793 4755 5106 5145 4794 
8 4755 5106 5145 4794 4756 5107 5146 4795 
8 4756 5107 5146 4795 4757 5108 5147 4796 
8 4757 5108 5147 4796 4758 5109 5148 4797 
8 4758 5109 5148 4797 4759 5110 5149 4798 
8 4759 5110 5149 4798 4760 5111 5150 4799 
8 4760 5111 5150 4799 4761 5112 5151 4800 
8 4761 5112 5151 4800 4762 5113 5152 4801 
8 4762 5113 5152 4801 4763 5114 5153 4802 
8 4763 5114 5153 4802 4764 5115 5154 4803 
8 4764 5115 5154 4803 4765 5116 5155 4804 
8 4765 5116 5155 4804 4766 5117 5156 4805 
8 4766 5117 5156 4805 4767 5118 5157 4806 
8 4767 5118 5157 4806 4768 5119 5158 4807 
8 4768 5119 5158 4807 4769 5120 5159 4808 
8 4769 5120 5159 4808 4770 5121 5160 4809 
8 4770 5121 5160 4809 4771 5122 5161 4810 
8 4771 5122 5161 4810 4772 5123 5162 4811 
8 4772 5123 5162 4811 4773 5124 5163 4812 
8 4773 5124 5163 4812 4774 5125 5164 4813 
8 4774 5125 5164 4813 4775 5126 5165 4814 
8 4775 5126 5165 4814 4776 5127 5166 4815 
8 4776 5127 5166 4815 4777 5128 5167 4816 
8 4777 5128 5167 4816 4778 5129 5168 4817 
8 4778 5129 5168 4817 4779 5130 5169 4818 
8 4779 5130 5169 4818 4780 5131 5170 4819 
8 4780 5131 5170 4819 806 815 816 807 
8 672 681 682 673 4781 5132 5171 4820 
8 4781 5132 5171 4820 4782 5133 5172 4821 
8 4782 5133 5172 4821 4783 5134 5173 4822 
8 4783 5134 5173 4822 4784 5135 5174 4823 
8 4784 5135 5174 4823 4785 5136 5175 4824 
8 4785 5136 5175 4824 4786 5137 5176 4825 
8 4786 5137 5176 4825 4787 5138 5177 4826 
8 4787 5138 5177 4826 4788 5139 5178 4827 
8 4788 5139 5178 4827 4789 5140 5179 4828 
8 4789 5140 5179 4828 4790 5141 5180 4829 
8 4790 5141 5180 4829 4791 5142 5181 4830 
8 4791 5142 5181 4830 4792 5143 5182 4831 
8 4792 5143 5182 4831 4793 5144 5183 4832 
8 4793 5144 5183 4832 4794 5145 5184 4833 
8 4794 5145 5184 4833 4795 5146 5185 4834 
8 4795 5146 5185 4834 4796 5147 5186 4835 
8 4796 5147 5186 4835 4797 5148 5187 4836 
8 4797 5148 5187 4836 4798 5149 5188 4837 
8 4798 5149 5188 4837 4799 5150 5189 4838 
8 4799 5150 5189 4838 4800 5151 5190 4839 
8 4800 5151 5190 4839 4801 5152 5191 4840 
8 4801 5152 5191 4840 4802 5153 5192 4841 
8 4802 5153 5192 4841 4803 5154 5193 4842 
8 4803 5154 5193 4842 4804 5155 5194 4843 
8 4804 5155 5194 4843 4805 5156 5195 4844 
8 4805 5156 5195 4844 4806 5157 5196 4845 
8 4806 5157 5196 4845 4807 5158 5197 4846 
8 4807 5158 5197 4846 4808 5159 5198 4847 
8 4808 5159 5198 4847 4809 5160 5199 4848 
8 4809 5160 5199 4848 4810 5161 5200 4849 
8 4810 5161 5200 4849 4811 5162 5201 4850 
8 4811 5162 5201 4850 4812 5163 5202 4851 
8 4812 5163 5202 4851 4813 5164 5203 4852 
8 4813 5164 5203 4852 4814 5165 5204 4853 
8 4814 5165 5204 4853 4815 5166 5205 4854 
8 4815 5166 5205 4854 4816 5167 5206 4855 
8 4816 5167 5206 4855 4817 5168 5207 4856 
8 4817 5168 5207 4856 4818 5169 5208 4857 
8 4818 5169 5208 4857 4819 5170 5209 4858 
8 4819 5170 5209 4858 807 816 817 808 
8 673 682 135 134 4820 5171 1739 1700 
8 4820 5171 1739 1700 4821 5172 1740 1701 
8 4821 5172 1740 1701 4822 5173 1741 1702 
8 4822 5173 1741 1702 4823 5174 1742 1703 
8 4823 5174 1742 1703 4824 5175 1743 1704 
8 4824 5175 1743 1704 4825 5176 1744 1705 
8 4825 5176 1744 1705 4826 5177 1745 1706 
8 4826 5177 1745 1706 4827 5178 1746 1707 
8 4827 5178 1746 1707 4828 5179 1747 1708 
8 4828 5179 1747 1708 4829 5180 1748 1709 
8 4829 5180 1748 1709 4830 5181 1749 1710 
8 4830 5181 1749 1710 4831 5182 1750 1711 
8 4831 5182 1750 1711 4832 5183 1751 1712 
8 4832 5183 1751 1712 4833 5184 1752 1713 
8 4833 5184 1752 1713 4834 5185 1753 1714 
8 4834 5185 1753 1714 4835 5186 1754 1715 
8 4835 5186 1754 1715 4836 5187 1755 1716 
8 4836 5187 1755 1716 4837 5188 1756 1717 
8 4837 5188 1756 1717 4838 5189 1757 1718 
8 4838 5189 1757 1718 4839 5190 1758 1719 
8 4839 5190 1758 1719 4840 5191 1759 1720 
8 4840 5191 1759 1720 4841 5192 1760 1721 
8 4841 5192 1760 1721 4842 5193 1761 1722 
8 4842 5193 1761 1722 4843 5194 1762 1723 
8 4843 5194 1762 1723 4844 5195 1763 1724 
8 4844 5195 1763 1724 4845 5196 1764 1725 
8 4845 5196 1764 1725 4846 5197 1765 1726 
8 4846 5197 1765 1726 4847 5198 1766 1727 
8 4847 5198 1766 1727 4848 5199 1767 1728 
8 4848 5199 1767 1728 4849 5200 1768 1729 
8 4849 5200 1768 1729 4850 5201 1769 1730 
8 4850 5201 1769 1730 4851 5202 1770 1731 
8 4851 5202 1770 1731 4852 5203 1771 1732 
8 4852 5203 1771 1732 4853 5204 1772 1733 
8 4853 5204 1772 1733 4854 5205 1773 1734 
8 4854 5205 1773 1734 4855 5206 1774 1735 
8 4855 5206 1774 1735 4856 5207 1775 1736 
8 4856 5207 1775 1736 4857 5208 1776 1737 
8 4857 5208 1776 1737 4858 5209 1777 1738 
8 4858 5209 1777 1738 808 817 174 173 
8 111 112 683 674 1154 1193 5210 4859 
8 1154 1193 5210 4859 1155 1194 5211 4860 
8 1155 1194 5211 4860 1156 1195 5212 4861 
8 1156 1195 5212 4861 1157 1196 5213 4862 
8 1157 1196 5213 4862 1158 1197 5214 4863 
8 1158 1197 5214 4863 1159 1198 5215 4864 
8 1159 1198 5215 4864 1160 1199 5216 4865 
8 1160 1199 5216 4865 1161 1200 5217 4866 
8 1161 1200 5217 4866 1162 1201 5218 4867 
8 1162 1201 5218 4867 1163 1202 5219 4868 
8 1163 1202 5219 4868 1164 1203 5220 4869 
8 1164 1203 5220 4869 1165 1204 5221 4870 
8 1165 1204 5221 4870 1166 1205 5222 4871 
8 1166 1205 5222 4871 1167 1206 5223 4872 
8 1167 1206 5223 4872 1168 1207 5224 4873 
8 1168 1207 5224 4873 1169 1208 5225 4874 
8 1169 1208 5225 4874 1170 1209 5226 4875 
8 1170 1209 5226 4875 1171 1210 5227 4876 
8 1171 1210 5227 4876 1172 1211 5228 4877 
8 1172 1211 5228 4877 1173 1212 5229 4878 
8 1173 1212 5229 4878 1174 1213 5230 4879 
8 1174 1213 5230 4879 1175 1214 5231 4880 
8 1175 1214 5231 4880 1176 1215 5232 4881 
8 1176 1215 5232 4881 1177 1216 5233 4882 
8 1177 1216 5233 4882 1178 1217 5234 4883 
8 1178 1217 5234 4883 1179 1218 5235 4884 
8 1179 1218 5235 4884 1180 1219 5236 4885 
8 1180 1219 5236 4885 1181 1220 5237 4886 
8 1181 1220 5237 4886 1182 1221 5238 4887 
8 1182 1221 5238 4887 1183 1222 5239 4888 
8 1183 1222 5239 4888 1184 1223 5240 4889 
8 1184 1223 5240 4889 1185 1224 5241 4890 
8 1185 1224 5241 4890 1186 1225 5242 4891 
8 1186 1225 5242 4891 1187 1226 5243 4892 
8 1187 1226 5243 4892 1188 1227 5244 4893 
8 1188 1227 5244 4893 1189 1228 5245 4894 
8 1189 1228 5245 4894 1190 1229 5246 4895 
8 1190 1229 5246 4895 1191 1230 5247 4896 
8 1191 1230 5247 4896 1192 1231 5248 4897 
8 1192 1231 5248 4897 150 151 818 809 
8 674 683 684 675 4859 5210 5249 4898 
8 4859 5210 5249 4898 4860 5211 5250 4899 
8 4860 5211 5250 4899 4861 5212 5251 4900 
8 4861 5212 5251 4900 4862 5213 5252 4901 
8 4862 5213 5252 4901 4863 5214 5253 4902 
8 4863 5214 5253 4902 4864 5215 5254 4903 
8 4864 5215 5254 4903 4865 5216 5255 4904 
8 4865 5216 5255 4904 4866 5217 5256 4905 
8 4866 5217 5256 4905 4867 5218 5257 4906 
8 4867 5218 5257 4906 4868 5219 5258 4907 
8 4868 5219 5258 4907 4869 5220 5259 4908 
8 4869 5220 5259 4908 4870 5221 5260 4909 
8 4870 5221 5260 4909 4871 5222 5261 4910 
8 4871 5222 5261 4910 4872 5223 5262 4911 
8 4872 5223 5262 4911 4873 5224 5263 4912 
8 4873 5224 5263 4912 4874 5225 5264 4913 
8 4874 5225 5264 4913 4875 5226 5265 4914 
8 4875 5226 5265 4914 4876 5227 5266 4915 
8 4876 5227 5266 4915 4877 5228 5267 4916 
8 4877 5228 5267 4916 4878 5229 5268 4917 
8 4878 5229 5268 4917 4879 5230 5269 4918 
8 4879 5230 5269 4918 4880 5231 5270 4919 
8 4880 5231 5270 4919 4881 5232 5271 4920 
8 4881 5232 5271 4920 4882 5233 5272 4921 
8 4882 5233 5272 4921 4883 5234 5273 4922 
8 4883 5234 5273 4922 4884 5235 5274 4923 
8 4884 5235 5274 4923 4885 5236 5275 4924 
8 4885 5236 5275 4924 4886 5237 5276 4925 
8 4886 5237 5276 4925 4887 5238 5277 4926 
8 4887 5238 5277 4926 4888 5239 5278 4927 
8 4888 5239 5278 4927 4889 5240 5279 4928 
8 4889 5240 5279 4928 4890 5241 5280 4929 
8 4890 5241 5280 4929 4891 5242 5281 4930 
8 4891 5242 5281 4930 4892 5243 5282 4931 
8 4892 5243 5282 4931 4893 5244 5283 4932 
8 4893 5244 5283 4932 4894 5245 5284 4933 
8 4894 5245 5284 4933 4895 5246 5285 4934 
8 4895 5246 5285 4934 4896 5247 5286 4935 
8 4896 5247 5286 4935 4897 5248 5287 4936 
8 4897 5248 5287 4936 809 818 819 810 
8 675 684 685 676 4898 5249 5288 4937 
8 4898 5249 5288 4937 4899 5250 5289 4938 
8 4899 5250 5289 4938 4900 5251 5290 4939 
8 4900 5251 5290 4939 4901 5252 5291 4940 
8 4901 5252 5291 4940 4902 5253 5292 4941 
8 4902 5253 5292 4941 4903 5254 5293 4942 
8 4903 5254 5293 4942 4904 5255 5294 4943 
8 4904 5255 5294 4943 4905 5256 5295 4944 
8 4905 5256 5295 4944 4906 5257 5296 4945 
8 4906 5257 5296 4945 4907 5258 5297 4946 
8 4907 5258 5297 4946 4908 5259 5298 4947 
8 4908 5259 5298 4947 4909 5260 5299 4948 
8 4909 5260 5299 4948 4910 5261 5300 4949 
8 4910 5261 5300 4949 4911 5262 5301 4950 
8 4911 5262 5301 4950 4912 5263 5302 4951 
8 4912 5263 5302 4951 4913 5264 5303 4952 
8 4913 5264 5303 4952 4914 5265 5304 4953 
8 4914 5265 5304 4953 4915 5266 5305 4954 
8 4915 5266 5305 4954 4916 5267 5306 4955 
8 4916 5267 5306 4955 4917 5268 5307 4956 
8 4917 5268 5307 4956 4918 5269 5308 4957 
8 4918 5269 5308 4957 4919 5270 5309 4958 
8 4919 5270 5309 4958 4920 5271 5310 4959 
8 4920 5271 5310 4959 4921 5272 5311 4960 
8 4921 5272 5311 4960 4922 5273 5312 4961 
8 4922 5273 5312 4961 4923 5274 5313 4962 
8 4923 5274 5313 4962 4924 5275 5314 4963 
8 4924 5275 5314 4963 4925 5276 5315 4964 
8 4925 5276 5315 4964 4926 5277 5316 4965 
8 4926 5277 5316 4965 4927 5278 5317 4966 
8 4927 5278 5317 4966 4928 5279 5318 4967 
8 4928 5279 5318 4967 4929 5280 5319 4968 
8 4929 5280 5319 4968 4930 5281 5320 4969 
8 4930 5281 5320 4969 4931 5282 5321 4970 
8 4931 5282 5321 4970 4932 5283 5322 4971 
8 4932 5283 5322 4971 4933 5284 5323 4972 
8 4933 5284 5323 4972 4934 5285 5324 4973 
8 4934 5285 5324 4973 4935 5286 5325 4974 
8 4935 5286 5325 4974 4936 5287 5326 4975 
8 4936 5287 5326 4975 810 819 820 811 
8 676 685 686 677 4937 5288 5327 4976 
8 4937 5288 5327 4976 4938 5289 5328 4977 
8 4938 5289 5328 4977 4939 5290 5329 4978 
8 4939 5290 5329 4978 4940 5291 5330 4979 
8 4940 5291 5330 4979 4941 5292 5331 4980 
8 4941 5292 5331 4980 4942 5293 5332 4981 
8 4942 5293 5332 4981 4943 5294 5333 4982 
8 4943 5294 5333 4982 4944 5295 5334 4983 
8 4944 5295 5334 4983 4945 5296 5335 4984 
8 4945 5296 5335 4984 4946 5297 5336 4985 
8 4946 5297 5336 4985 4947 5298 5337 4986 
8 4947 5298 5337 4986 4948 5299 5338 4987 
8 4948 5299 5338 4987 4949 5300 5339 4988 
8 4949 5300 5339 4988 4950 5301 5340 4989 
8 4950 5301 5340 4989 4951 5302 5341 4990 
8 4951 5302 5341 4990 4952 5303 5342 4991 
8 4952 5303 5342 4991 4953 5304 5343 4992 
8 4953 5304 5343 4992 4954 5305 5344 4993 
8 4954 5305 5344 4993 4955 5306 5345 4994 
8 4955 5306 5345 4994 4956 5307 5346 4995 
8 4956 5307 5346 4995 4957 5308 5347 4996 
8 4957 5308 5347 4996 4958 5309 5348 4997 
8 4958 5309 5348 4997 4959 5310 5349 4998 
8 4959 5310 5349 4998 4960 5311 5350 4999 
8 4960 5311 5350 4999 4961 5312 5351 5000 
8 4961 5312 5351 5000 4962 5313 5352 5001 
8 4962 5313 5352 5001 4963 5314 5353 5002 
8 4963 5314 5353 5002 4964 5315 5354 5003 
8 4964 5315 5354 5003 4965 5316 5355 5004 
8 4965 5316 5355 5004 4966 5317 5356 5005 
8 4966 5317 5356 5005 4967 5318 5357 5006 
8 4967 5318 5357 5006 4968 5319 5358 5007 
8 4968 5319 5358 5007 4969 5320 5359 5008 
8 4969 5320 5359 5008 4970 5321 5360 5009 
8 4970 5321 5360 5009 4971 5322 5361 5010 
8 4971 5322 5361 5010 4972 5323 5362 5011 
8 4972 5323 5362 5011 4973 5324 5363 5012 
8 4973 5324 5363 5012 4974 5325 5364 5013 
8 4974 5325 5364 5013 4975 5326 5365 5014 
8 4975 5326 5365 5014 811 820 821 812 
8 677 686 687 678 4976 5327 5366 5015 
8 4976 5327 5366 5015 4977 5328 5367 5016 
8 4977 5328 5367 5016 4978 5329 5368 5017 
8 4978 5329 5368 5017 4979 5330 5369 5018 
8 4979 5330 5369 5018 4980 5331 5370 5019 
8 4980 5331 5370 5019 4981 5332 5371 5020 
8 4981 5332 5371 5020 4982 5333 5372 5021 
8 4982 5333 5372 5021 4983 5334 5373 5022 
8 4983 5334 5373 5022 4984 5335 5374 5023 
8 4984 5335 5374 5023 4985 5336 5375 5024 
8 4985 5336 5375 5024 4986 5337 5376 5025 
8 4986 5337 5376 5025 4987 5338 5377 5026 
8 4987 5338 5377 5026 4988 5339 5378 5027 
8 4988 5339 5378 5027 4989 5340 5379 5028 
8 4989 5340 5379 5028 4990 5341 5380 5029 
8 4990 5341 5380 5029 4991 5342 5381 5030 
8 4991 5342 5381 5030 4992 5343 5382 5031 
8 4992 5343 5382 5031 4993 5344 5383 5032 
8 4993 5344 5383 5032 4994 5345 5384 5033 
8 4994 5345 5384 5033 4995 5346 5385 5034 
8 4995 5346 5385 5034 4996 5347 5386 5035 
8 4996 5347 5386 5035 4997 5348 5387 5036 
8 4997 5348 5387 5036 4998 5349 5388 5037 
8 4998 5349 5388 5037 4999 5350 5389 5038 
8 4999 5350 5389 5038 5000 5351 5390 5039 
8 5000 5351 5390 5039 5001 5352 5391 5040 
8 5001 5352 5391 5040 5002 5353 5392 5041 
8 5002 5353 5392 5041 5003 5354 5393 5042 
8 5003 5354 5393 5042 5004 5355 5394 5043 
8 5004 5355 5394 5043 5005 5356 5395 5044 
8 5005 5356 5395 5044 5006 5357 5396 5045 
8 5006 5357 5396 5045 5007 5358 5397 5046 
8 5007 5358 5397 5046 5008 5359 5398 5047 
8 5008 5359 5398 5047 5009 5360 5399 5048 
8 5009 5360 5399 5048 5010 5361 5400 5049 
8 5010 5361 5400 5049 5011 5362 5401 5050 
8 5011 5362 5401 5050 5012 5363 5402 5051 
8 5012 5363 5402 5051 5013 5364 5403 5052 
8 5013 5364 5403 5052 5014 5365 5404 5053 
8 5014 5365 5404 5053 812 821 822 813 
8 678 687 688 679 5015 5366 5405 5054 
8 5015 5366 5405 5054 5016 5367 5406 5055 
8 5016 5367 5406 5055 5017 5368 5407 5056 
8 5017 5368 5407 5056 5018 5369 5408 5057 
8 5018 5369 5408 5057 5019 5370 5409 5058 
8 5019 5370 5409 5058 5020 5371 5410 5059 
8 5020 5371 5410 5059 5021 5372 5411 5060 
8 5021 5372 5411 5060 5022 5373 5412 5061 
8 5022 5373 5412 5061 5023 5374 5413 5062 
8 5023 5374 5413 5062 5024 5375 5414 5063 
8 5024 5375 5414 5063 5025 5376 5415 5064 
8 5025 5376 5415 5064 5026 5377 5416 5065 
8 5026 5377 5416 5065 5027 5378 5417 5066 
8 5027 5378 5417 5066 5028 5379 5418 5067 
8 5028 5379 5418 5067 5029 5380 5419 5068 
8 5029 5380 5419 5068 5030 5381 5420 5069 
8 5030 5381 5420 5069 5031 5382 5421 5070 
8 5031 5382 5421 5070 5032 5383 5422 5071 
8 5032 5383 5422 5071 5033 5384 5423 5072 
8 5033 5384 5423 5072 5034 5385 5424 5073 
8 5034 5385 5424 5073 5035 5386 5425 5074 
8 5035 5386 5425 5074 5036 5387 5426 5075 
8 5036 5387 5426 5075 5037 5388 5427 5076 
8 5037 5388 5427 5076 5038 5389 5428 5077 
8 5038 5389 5428 5077 5039 5390 5429 5078 
8 5039 5390 5429 5078 5040 5391 5430 5079 
8 5040 5391 5430 5079 5041 5392 5431 5080 
8 5041 5392 5431 5080 5042 5393 5432 5081 
8 5042 5393 5432 5081 5043 5394 5433 5082 
8 5043 5394 5433 5082 5044 5395 5434 5083 
8 5044 5395 5434 5083 5045 5396 5435 5084 
8 5045 5396 5435 5084 5046 5397 5436 5085 
8 5046 5397 5436 5085 5047 5398 5437 5086 
8 5047 5398 5437 5086 5048 5399 5438 5087 
8 5048 5399 5438 5087 5049 5400 5439 5088 
8 5049 5400 5439 5088 5050 5401 5440 5089 
8 5050 5401 5440 5089 5051 5402 5441 5090 
8 5051 5402 5441 5090 5052 5403 5442 5091 
8 5052 5403 5442 5091 5053 5404 5443 5092 
8 5053 5404 5443 5092 813 822 823 814 
8 679 688 689 680 5054 5405 5444 5093 
8 5054 5405 5444 5093 5055 5406 5445 5094 
8 5055 5406 5445 5094 5056 5407 5446 5095 
8 5056 5407 5446 5095 5057 5408 5447 5096 
8 5057 5408 5447 5096 5058 5409 5448 5097 
8 5058 5409 5448 5097 5059 5410 5449 5098 
8 5059 5410 5449 5098 5060 5411 5450 5099 
8 5060 5411 5450 5099 5061 5412 5451 5100 
8 5061 5412 5451 5100 5062 5413 5452 5101 
8 5062 5413 5452 5101 5063 5414 5453 5102 
8 5063 5414 5453 5102 5064 5415 5454 5103 
8 5064 5415 5454 5103 5065 5416 5455 5104 
8 5065 5416 5455 5104 5066 5417 5456 5105 
8 5066 5417 5456 5105 5067 5418 5457 5106 
8 5067 5418 5457 5106 5068 5419 5458 5107 
8 5068 5419 5458 5107 5069 5420 5459 5108 
8 5069 5420 5459 5108 5070 5421 5460 5109 
8 5070 5421 5460 5109 5071 5422 5461 5110 
8 5071 5422 5461 5110 5072 5423 5462 5111 
8 5072 5423 5462 5111 5073 5424 5463 5112 
8 5073 5424 5463 5112 5074 5425 5464 5113 
8 5074 5425 5464 5113 5075 5426 5465 5114 
8 5075 5426 5465 5114 5076 5427 5466 5115 
8 5076 5427 5466 5115 5077 5428 5467 5116 
8 5077 5428 5467 5116 5078 5429 5468 5117 
8 5078 5429 5468 5117 5079 5430 5469 5118 
8 5079 5430 5469 5118 5080 5431 5470 5119 
8 5080 5431 5470 5119 5081 5432 5471 5120 
8 5081 5432 5471 5120 5082 5433 5472 5121 
8 5082 5433 5472 5121 5083 5434 5473 5122 
8 5083 5434 5473 5122 5084 5435 5474 5123 
8 5084 5435 5474 5123 5085 5436 5475 5124 
8 5085 5436 5475 5124 5086 5437 5476 5125 
8 5086 5437 5476 5125 5087 5438 5477 5126 
8 5087 5438 5477 5126 5088 5439 5478 5127 
8 5088 5439 5478 5127 5089 5440 5479 5128 
8 5089 5440 5479 5128 5090 5441 5480 5129 
8 5090 5441 5480 5129 5091 5442 5481 5130 
8 5091 5442 5481 5130 5092 5443 5482 5131 
8 5092 5443 5482 5131 814 823 824 815 
8 680 689 690 681 5093 5444 5483 5132 
8 5093 5444 5483 5132 5094 5445 5484 5133 
8 5094 5445 5484 5133 5095 5446 5485 5134 
8 5095 5446 5485 5134 5096 5447 5486 5135 
8 5096 5447 5486 5135 5097 5448 5487 5136 
8 5097 5448 5487 5136 5098 5449 5488 5137 
8 5098 5449 5488 5137 5099 5450 5489 5138 
8 5099 5450 5489 5138 5100 5451 5490 5139 
8 5100 5451 5490 5139 5101 5452 5491 5140 
8 5101 5452 5491 5140 5102 5453 5492 5141 
8 5102 5453 5492 5141 5103 5454 5493 5142 
8 5103 5454 5493 5142 5104 5455 5494 5143 
8 5104 5455 5494 5143 5105 5456 5495 5144 
8 5105 5456 5495 5144 5106 5457 5496 5145 
8 5106 5457 5496 5145 5107 5458 5497 5146 
8 5107 5458 5497 5146 5108 5459 5498 5147 
8 5108 5459 5498 5147 5109 5460 5499 5148 
8 5109 5460 5499 5148 5110 5461 5500 5149 
8 5110 5461 5500 5149 5111 5462 5501 5150 
8 5111 5462 5501 5150 5112 5463 5502 5151 
8 5112 5463 5502 5151 5113 5464 5503 5152 
8 5113 5464 5503 5152 5114 5465 5504 5153 
8 5114 5465 5504 5153 5115 5466 5505 5154 
8 5115 5466 5505 5154 5116 5467 5506 5155 
8 5116 5467 5506 5155 5117 5468 5507 5156 
8 5117 5468 5507 5156 5118 5469 5508 5157 
8 5118 5469 5508 5157 5119 5470 5509 5158 
8 5119 5470 5509 5158 5120 5471 5510 5159 
8 5120 5471 5510 5159 5121 5472 5511 5160 
8 5121 5472 5511 5160 5122 5473 5512 5161 
8 5122 5473 5512 5161 5123 5474 5513 5162 
8 5123 5474 5513 5162 5124 5475 5514 5163 
8 5124 5475 5514 5163 5125 5476 5515 5164 
8 5125 5476 5515 5164 5126 5477 5516 5165 
8 5126 5477 5516 5165 5127 5478 5517 5166 
8 5127 5478 5517 5166 5128 5479 5518 5167 
8 5128 5479 5518 5167 5129 5480 5519 5168 
8 5129 5480 5519 5168 5130 5481 5520 5169 
8 5130 5481 5520 5169 5131 5482 5521 5170 
8 5131 5482 5521 5170 815 824 825 816 
8 681 690 691 682 5132 5483 5522 5171 
8 5132 5483 5522 5171 5133 5484 5523 5172 
8 5133 5484 5523 5172 5134 5485 5524 5173 
8 5134 5485 5524 5173 5135 5486 5525 5174 
8 5135 5486 5525 5174 5136 5487 5526 5175 
8 5136 5487 5526 5175 5137 5488 5527 5176 
8 5137 5488 5527 5176 5138 5489 5528 5177 
8 5138 5489 5528 5177 5139 5490 5529 5178 
8 5139 5490 5529 5178 5140 5491 5530 5179 
8 5140 5491 5530 5179 5141 5492 5531 5180 
8 5141 5492 5531 5180 5142 5493 5532 5181 
8 5142 5493 5532 5181 5143 5494 5533 5182 
8 5143 5494 5533 5182 5144 5495 5534 5183 
8 5144 5495 5534 5183 5145 5496 5535 5184 
8 5145 5496 5535 5184 5146 5497 5536 5185 
8 5146 5497 5536 5185 5147 5498 5537 5186 
8 5147 5498 5537 5186 5148 5499 5538 5187 
8 5148 5499 5538 5187 5149 5500 5539 5188 
8 5149 5500 5539 5188 5150 5501 5540 5189 
8 5150 5501 5540 5189 5151 5502 5541 5190 
8 5151 5502 5541 5190 5152 5503 5542 5191 
8 5152 5503 5542 5191 5153 5504 5543 5192 
8 5153 5504 5543 5192 5154 5505 5544 5193 
8 5154 5505 5544 5193 5155 5506 5545 5194 
8 5155 5506 5545 5194 5156 5507 5546 5195 
8 5156 5507 5546 5195 5157 5508 5547 5196 
8 5157 5508 5547 5196 5158 5509 5548 5197 
8 5158 5509 5548 5197 5159 5510 5549 5198 
8 5159 5510 5549 5198 5160 5511 5550 5199 
8 5160 5511 5550 5199 5161 5512 5551 5200 
8 5161 5512 5551 5200 5162 5513 5552 5201 
8 5162 5513 5552 5201 5163 5514 5553 5202 
8 5163 5514 5553 5202 5164 5515 5554 5203 
8 5164 5515 5554 5203 5165 5516 5555 5204 
8 5165 5516 5555 5204 5166 5517 5556 5205 
8 5166 5517 5556 5205 5167 5518 5557 5206 
8 5167 5518 5557 5206 5168 5519 5558 5207 
8 5168 5519 5558 5207 5169 5520 5559 5208 
8 5169 5520 5559 5208 5170 5521 5560 5209 
8 5170 5521 5560 5209 816 825 826 817 
8 682 691 136 135 5171 5522 1778 1739 
8 5171 5522 1778 1739 5172 5523 1779 1740 
8 5172 5523 1779 1740 5173 5524 1780 1741 
8 5173 5524 1780 1741 5174 5525 1781 1742 
8 5174 5525 1781 1742 5175 5526 1782 1743 
8 5175 5526 1782 1743 5176 5527 1783 1744 
8 5176 5527 1783 1744 5177 5528 1784 1745 
8 5177 5528 1784 1745 5178 5529 1785 1746 
8 5178 5529 1785 1746 5179 5530 1786 1747 
8 5179 5530 1786 1747 5180 5531 1787 1748 
8 5180 5531 1787 1748 5181 5532 1788 1749 
8 5181 5532 1788 1749 5182 5533 1789 1750 
8 5182 5533 1789 1750 5183 5534 1790 1751 
8 5183 5534 1790 1751 5184 5535 1791 1752 
8 5184 5535 1791 1752 5185 5536 1792 1753 
8 5185 5536 1792 1753 5186 5537 1793 1754 
8 5186 5537 1793 1754 5187 5538 1794 1755 
8 5187 5538 1794 1755 5188 5539 1795 1756 
8 5188 5539 1795 1756 5189 5540 1796 1757 
8 5189 5540 1796 1757 5190 5541 1797 1758 
8 5190 5541 1797 1758 5191 5542 1798 1759 
8 5191 5542 1798 1759 5192 5543 1799 1760 
8 5192 5543 1799 1760 5193 5544 1800 1761 
8 5193 5544 1800 1761 5194 5545 1801 1762 
8 5194 5545 1801 1762 5195 5546 1802 1763 
8 5195 5546 1802 1763 5196 5547 1803 1764 
8 5196 5547 1803 1764 5197 5548 1804 1765 
8 5197 5548 1804 1765 5198 5549 1805 1766 
8 5198 5549 1805 1766 5199 5550 1806 1767 
8 5199 5550 1806 1767 5200 5551 1807 1768 
8 5200 5551 1807 1768 5201 5552 1808 1769 
8 5201 5552 1808 1769 5202 5553 1809 1770 
8 5202 5553 1809 1770 5203 5554 1810 1771 
8 5203 5554 1810 1771 5204 5555 1811 1772 
8 5204 5555 1811 1772 5205 5556 1812 1773 
8 5205 5556 1812 1773 5206 5557 1813 1774 
8 5206 5557 1813 1774 5207 5558 1814 1775 
8 5207 5558 1814 1775 5208 5559 1815 1776 
8 5208 5559 1815 1776 5209 5560 1816 1777 
8 5209 5560 1816 1777 817 826 175 174 
8 112 113 692 683 1193 1232 5561 5210 
8 1193 1232 5561 5210 1194 1233 5562 5211 
8 1194 1233 5562 5211 1195 1234 5563 5212 
8 1195 1234 5563 5212 1196 1235 5564 5213 
8 1196 1235 5564 5213 1197 1236 5565 5214 
8 1197 1236 5565 5214 1198 1237 5566 5215 
8 1198 1237 5566 5215 1199 1238 5567 5216 
8 1199 1238 5567 5216 1200 1239 5568 5217 
8 1200 1239 5568 5217 1201 1240 5569 5218 
8 1201 1240 5569 5218 1202 1241 5570 5219 
8 1202 1241 5570 5219 1203 1242 5571 5220 
8 1203 1242 5571 5220 1204 1243 5572 5221 
8 1204 1243 5572 5221 1205 1244 5573 5222 
8 1205 1244 5573 5222 1206 1245 5574 5223 
8 1206 1245 5574 5223 1207 1246 5575 5224 
8 1207 1246 5575 5224 1208 1247 5576 5225 
8 1208 1247 5576 5225 1209 1248 5577 5226 
8 1209 1248 5577 5226 1210 1249 5578 5227 
8 1210 1249 5578 5227 1211 1250 5579 5228 
8 1211 1250 5579 5228 1212 1251 5580 5229 
8 1212 1251 5580 5229 1213 1252 5581 5230 
8 1213 1252 5581 5230 1214 1253 5582 5231 
8 1214 1253 5582 5231 1215 1254 5583 5232 
8 1215 1254 5583 5232 1216 1255 5584 5233 
8 1216 1255 5584 5233 1217 1256 5585 5234 
8 1217 1256 5585 5234 1218 1257 5586 5235 
8 1218 1257 5586 5235 1219 1258 5587 5236 
8 1219 1258 5587 5236 1220 1259 5588 5237 
8 1220 1259 5588 5237 1221 1260 5589 5238 
8 1221 1260 5589 5238 1222 1261 5590 5239 
8 1222 1261 5590 5239 1223 1262 5591 5240 
8 1223 1262 5591 5240 1224 1263 5592 5241 
8 1224 1263 5592 5241 1225 1264 5593 5242 
8 1225 1264 5593 5242 1226 1265 5594 5243 
8 1226 1265 5594 5243 1227 1266 5595 5244 
8 1227 1266 5595 5244 1228 1267 5596 5245 
8 1228 1267 5596 5245 1229 1268 5597 5246 
8 1229 1268 5597 5246 1230 1269 5598 5247 
8 1230 1269 5598 5247 1231 1270 5599 5248 
8 1231 1270 5599 5248 151 152 827 818 
8 683 692 693 684 5210 5561 5600 5249 
8 5210 5561 5600 5249 5211 5562 5601 5250 
8 5211 5562 5601 5250 5212 5563 5602 5251 
8 5212 5563 5602 5251 5213 5564 5603 5252 
8 5213 5564 5603 5252 5214 5565 5604 5253 
8 5214 5565 5604 5253 5215 5566 5605 5254 
8 5215 5566 5605 5254 5216 5567 5606 5255 
8 5216 5567 5606 5255 5217 5568 5607 5256 
8 5217 5568 5607 5256 5218 5569 5608 5257 
8 5218 5569 5608 5257 5219 5570 5609 5258 
8 5219 5570 5609 5258 5220 5571 5610 5259 
8 5220 5571 5610 5259 5221 5572 5611 5260 
8 5221 5572 5611 5260 5222 5573 5612 5261 
8 5222 5573 5612 5261 5223 5574 5613 5262 
8 5223 5574 5613 5262 5224 5575 5614 5263 
8 5224 5575 5614 5263 5225 5576 5615 5264 
8 5225 5576 5615 5264 5226 5577 5616 5265 
8 5226 5577 5616 5265 5227 5578 5617 5266 
8 5227 5578 5617 5266 5228 5579 5618 5267 
8 5228 5579 5618 5267 5229 5580 5619 5268 
8 5229 5580 5619 5268 5230 5581 5620 5269 
8 5230 5581 5620 5269 5231 5582 5621 5270 
8 5231 5582 5621 5270 5232 5583 5622 5271 
8 5232 5583 5622 5271 5233 5584 5623 5272 
8 5233 5584 5623 5272 5234 5585 5624 5273 
8 5234 5585 5624 5273 5235 5586 5625 5274 
8 5235 5586 5625 5274 5236 5587 5626 5275 
8 5236 5587 5626 5275 5237 5588 5627 5276 
8 5237 5588 5627 5276 5238 5589 5628 5277 
8 5238 5589 5628 5277 5239 5590 5629 5278 
8 5239 5590 5629 5278 5240 5591 5630 5279 
8 5240 5591 5630 5279 5241 5592 5631 5280 
8 5241 5592 5631 5280 5242 5593 5632 5281 
8 5242 5593 5632 5281 5243 5594 5633 5282 
8 5243 5594 5633 5282 5244 5595 5634 5283 
8 5244 5595 5634 5283 5245 5596 5635 5284 
8 5245 5596 5635 5284 5246 5597 5636 5285 
8 5246 5597 5636 5285 5247 5598 5637 5286 
8 5247 5598 5637 5286 5248 5599 5638 5287 
8 5248 5599 5638 5287 818 827 828 819 
8 684 693 694 685 5249 5600 5639 5288 
8 5249 5600 5639 5288 5250 5601 5640 5289 
8 5250 5601 5640 5289 5251 5602 5641 5290 
8 5251 5602 5641 5290 5252 5603 5642 5291 
8 5252 5603 5642 5291 5253 5604 5643 5292 
8 5253 5604 5643 5292 5254 5605 5644 5293 
8 5254 5605 5644 5293 5255 5606 5645 5294 
8 5255 5606 5645 5294 5256 5607 5646 5295 
8 5256 5607 5646 5295 5257 5608 5647 5296 
8 5257 5608 5647 5296 5258 5609 5648 5297 
8 5258 5609 5648 5297 5259 5610 5649 5298 
8 5259 5610 5649 5298 5260 5611 5650 5299 
8 5260 5611 5650 5299 5261 5612 5651 5300 
8 5261 5612 5651 5300 5262 5613 5652 5301 
8 5262 5613 5652 5301 5263 5614 5653 5302 
8 5263 5614 5653 5302 5264 5615 5654 5303 
8 5264 5615 5654 5303 5265 5616 5655 5304 
8 5265 5616 5655 5304 5266 5617 5656 5305 
8 5266 5617 5656 5305 5267 5618 5657 5306 
8 5267 5618 5657 5306 5268 5619 5658 5307 
8 5268 5619 5658 5307 5269 5620 5659 5308 
8 5269 5620 5659 5308 5270 5621 5660 5309 
8 5270 5621 5660 5309 5271 5622 5661 5310 
8 5271 5622 5661 5310 5272 5623 5662 5311 
8 5272 5623 5662 5311 5273 5624 5663 5312 
8 5273 5624 5663 5312 5274 5625 5664 5313 
8 5274 5625 5664 5313 5275 5626 5665 5314 
8 5275 5626 5665 5314 5276 5627 5666 5315 
8 5276 5627 5666 5315 5277 5628 5667 5316 
8 5277 5628 5667 5316 5278 5629 5668 5317 
8 5278 5629 5668 5317 5279 5630 5669 5318 
8 5279 5630 5669 5318 5280 5631 5670 5319 
8 5280 5631 5670 5319 5281 5632 5671 5320 
8 5281 5632 5671 5320 5282 5633 5672 5321 
8 5282 5633 5672 5321 5283 5634 5673 5322 
8 5283 5634 5673 5322 5284 5635 5674 5323 
8 5284 5635 5674 5323 5285 5636 5675 5324 
8 5285 5636 5675 5324 5286 5637 5676 5325 
8 5286 5637 5676 5325 5287 5638 5677 5326 
8 5287 5638 5677 5326 819 828 829 820 
8 685 694 695 686 5288 5639 5678 5327 
8 5288 5639 5678 5327 5289 5640 5679 5328 
8 5289 5640 5679 5328 5290 5641 5680 5329 
8 5290 5641 5680 5329 5291 5642 5681 5330 
8 5291 5642 5681 5330 5292 5643 5682 5331 
8 5292 5643 5682 5331 5293 5644 5683 5332 
8 5293 5644 5683 5332 5294 5645 5684 5333 
8 5294 5645 5684 5333 5295 5646 5685 5334 
8 5295 5646 5685 5334 5296 5647 5686 5335 
8 5296 5647 5686 5335 5297 5648 5687 5336 
8 5297 5648 5687 5336 5298 5649 5688 5337 
8 5298 5649 5688 5337 5299 5650 5689 5338 
8 5299 5650 5689 5338 5300 5651 5690 5339 
8 5300 5651 5690 5339 5301 5652 5691 5340 
8 5301 5652 5691 5340 5302 5653 5692 5341 
8 5302 5653 5692 5341 5303 5654 5693 5342 
8 5303 5654 5693 5342 5304 5655 5694 5343 
8 5304 5655 5694 5343 5305 5656 5695 5344 
8 5305 5656 5695 5344 5306 5657 5696 5345 
8 5306 5657 5696 5345 5307 5658 5697 5346 
8 5307 5658 5697 5346 5308 5659 5698 5347 
8 5308 5659 5698 5347 5309 5660 5699 5348 
8 5309 5660 5699 5348 5310 5661 5700 5349 
8 5310 5661 5700 5349 5311 5662 5701 5350 
8 5311 5662 5701 5350 5312 5663 5702 5351 
8 5312 5663 5702 5351 5313 5664 5703 5352 
8 5313 5664 5703 5352 5314 5665 5704 5353 
8 5314 5665 5704 5353 5315 5666 5705 5354 
8 5315 5666 5705 5354 5316 5667 5706 5355 
8 5316 5667 5706 5355 5317 5668 5707 5356 
8 5317 5668 5707 5356 5318 5669 5708 5357 
8 5318 5669 5708 5357 5319 5670 5709 5358 
8 5319 5670 5709 5358 5320 5671 5710 5359 
8 5320 5671 5710 5359 5321 5672 5711 5360 
8 5321 5672 5711 5360 5322 5673 5712 5361 
8 5322 5673 5712 5361 5323 5674 5713 5362 
8 5323 5674 5713 5362 5324 5675 5714 5363 
8 5324 5675 5714 5363 5325 5676 5715 5364 
8 5325 5676 5715 5364 5326 5677 5716 5365 
8 5326 5677 5716 5365 820 829 830 821 
8 686 695 696 687 5327 5678 5717 5366 
8 5327 5678 5717 5366 5328 5679 5718 5367 
8 5328 5679 5718 5367 5329 5680 5719 5368 
8 5329 5680 5719 5368 5330 5681 5720 5369 
8 5330 5681 5720 5369 5331 5682 5721 5370 
8 5331 5682 5721 5370 5332 5683 5722 5371 
8 5332 5683 5722 5371 5333 5684 5723 5372 
8 5333 5684 5723 5372 5334 5685 5724 5373 
8 5334 5685 5724 5373 5335 5686 5725 5374 
8 5335 5686 5725 5374 5336 5687 5726 5375 
8 5336 5687 5726 5375 5337 5688 5727 5376 
8 5337 5688 5727 5376 5338 5689 5728 5377 
8 5338 5689 5728 5377 5339 5690 5729 5378 
8 5339 5690 5729 5378 5340 5691 5730 5379 
8 5340 5691 5730 5379 5341 5692 5731 5380 
8 5341 5692 5731 5380 5342 5693 5732 5381 
8 5342 5693 5732 5381 5343 5694 5733 5382 
8 5343 5694 5733 5382 5344 5695 5734 5383 
8 5344 5695 5734 5383 5345 5696 5735 5384 
8 5345 5696 5735 5384 5346 5697 5736 5385 
8 5346 5697 5736 5385 5347 5698 5737 5386 
8 5347 5698 5737 5386 5348 5699 5738 5387 
8 5348 5699 5738 5387 5349 5700 5739 5388 
8 5349 5700 5739 5388 5350 5701 5740 5389 
8 5350 5701 5740 5389 5351 5702 5741 5390 
8 5351 5702 5741 5390 5352 5703 5742 5391 
8 5352 5703 5742 5391 5353 5704 5743 5392 
8 5353 5704 5743 5392 5354 5705 5744 5393 
8 5354 5705 5744 5393 5355 5706 5745 5394 
8 5355 5706 5745 5394 5356 5707 5746 5395 
8 5356 5707 5746 5395 5357 5708 5747 5396 
8 5357 5708 5747 5396 5358 5709 5748 5397 
8 5358 5709 5748 5397 5359 5710 5749 5398 
8 5359 5710 5749 5398 5360 5711 5750 5399 
8 5360 5711 5750 5399 5361 5712 5751 5400 
8 5361 5712 5751 5400 5362 5713 5752 5401 
8 5362 5713 5752 5401 5363 5714 5753 5402 
8 5363 5714 5753 5402 5364 5715 5754 5403 
8 5364 5715 5754 5403 5365 5716 5755 5404 
8 5365 5716 5755 5404 821 830 831 822 
8 687 696 697 688 5366 5717 5756 5405 
8 5366 5717 5756 5405 5367 5718 5757 5406 
8 5367 5718 5757 5406 5368 5719 5758 5407 
8 5368 5719 5758 5407 5369 5720 5759 5408 
8 5369 5720 5759 5408 5370 5721 5760 5409 
8 5370 5721 5760 5409 5371 5722 5761 5410 
8 5371 5722 5761 5410 5372 5723 5762 5411 
8 5372 5723 5762 5411 5373 5724 5763 5412 
8 5373 5724 5763 5412 5374 5725 5764 5413 
8 5374 5725 5764 5413 5375 5726 5765 5414 
8 5375 5726 5765 5414 5376 5727 5766 5415 
8 5376 5727 5766 5415 5377 5728 5767 5416 
8 5377 5728 5767 5416 5378 5729 5768 5417 
8 5378 5729 5768 5417 5379 5730 5769 5418 
8 5379 5730 5769 5418 5380 5731 5770 5419 
8 5380 5731 5770 5419 5381 5732 5771 5420 
8 5381 5732 5771 5420 5382 5733 5772 5421 
8 5382 5733 5772 5421 5383 5734 5773 5422 
8 5383 5734 5773 5422 5384 5735 5774 5423 
8 5384 5735 5774 5423 5385 5736 5775 5424 
8 5385 5736 5775 5424 5386 5737 5776 5425 
8 5386 5737 5776 5425 5387 5738 5777 5426 
8 5387 5738 5777 5426 5388 5739 5778 5427 
8 5388 5739 5778 5427 5389 5740 5779 5428 
8 5389 5740 5779 5428 5390 5741 5780 5429 
8 5390 5741 5780 5429 5391 5742 5781 5430 
8 5391 5742 5781 5430 5392 5743 5782 5431 
8 5392 5743 5782 5431 5393 5744 5783 5432 
8 5393 5744 5783 5432 5394 5745 5784 5433 
8 5394 5745 5784 5433 5395 5746 5785 5434 
8 5395 5746 5785 5434 5396 5747 5786 5435 
8 5396 5747 5786 5435 5397 5748 5787 5436 
8 5397 5748 5787 5436 5398 5749 5788 5437 
8 5398 5749 5788 5437 5399 5750 5789 5438 
8 5399 5750 5789 5438 5400 5751 5790 5439 
8 5400 5751 5790 5439 5401 5752 5791 5440 
8 5401 5752 5791 5440 5402 5753 5792 5441 
8 5402 5753 5792 5441 5403 5754 5793 5442 
8 5403 5754 5793 5442 5404 5755 5794 5443 
8 5404 5755 5794 5443 822 831 832 823 
8 688 697 698 689 5405 5756 5795 5444 
8 5405 5756 5795 5444 5406 5757 5796 5445 
8 5406 5757 5796 5445 5407 5758 5797 5446 
8 5407 5758 5797 5446 5408 5759 5798 5447 
8 5408 5759 5798 5447 5409 5760 5799 5448 
8 5409 5760 5799 5448 5410 5761 5800 5449 
8 5410 5761 5800 5449 5411 5762 5801 5450 
8 5411 5762 5801 5450 5412 5763 5802 5451 
8 5412 5763 5802 5451 5413 5764 5803 5452 
8 5413 5764 5803 5452 5414 5765 5804 5453 
8 5414 5765 5804 5453 5415 5766 5805 5454 
8 5415 5766 5805 5454 5416 5767 5806 5455 
8 5416 5767 5806 5455 5417 5768 5807 5456 
8 5417 5768 5807 5456 5418 5769 5808 5457 
8 5418 5769 5808 5457 5419 5770 5809 5458 
8 5419 5770 5809 5458 5420 5771 5810 5459 
8 5420 5771 5810 5459 5421 5772 5811 5460 
8 5421 5772 5811 5460 5422 5773 5812 5461 
8 5422 5773 5812 5461 5423 5774 5813 5462 
8 5423 5774 5813 5462 5424 5775 5814 5463 
8 5424 5775 5814 5463 5425 5776 5815 5464 
8 5425 5776 5815 5464 5426 5777 5816 5465 
8 5426 5777 5816 5465 5427 5778 5817 5466 
8 5427 5778 5817 5466 5428 5779 5818 5467 
8 5428 5779 5818 5467 5429 5780 5819 5468 
8 5429 5780 5819 5468 5430 5781 5820 5469 
8 5430 5781 5820 5469 5431 5782 5821 5470 
8 5431 5782 5821 5470 5432 5783 5822 5471 
8 5432 5783 5822 5471 5433 5784 5823 5472 
8 5433 5784 5823 5472 5434 5785 5824 5473 
8 5434 5785 5824 5473 5435 5786 5825 5474 
8 5435 5786 5825 5474 5436 5787 5826 5475 
8 5436 5787 5826 5475 5437 5788 5827 5476 
8 5437 5788 5827 5476 5438 5789 5828 5477 
8 5438 5789 5828 5477 5439 5790 5829 5478 
8 5439 5790 5829 5478 5440 5791 5830 5479 
8 5440 5791 5830 5479 5441 5792 5831 5480 
8 5441 5792 5831 5480 5442 5793 5832 5481 
8 5442 5793 5832 5481 5443 5794 5833 5482 
8 5443 5794 5833 5482 823 832 833 824 
8 689 698 699 690 5444 5795 5834 5483 
8 5444 5795 5834 5483 5445 5796 5835 5484 
8 5445 5796 5835 5484 5446 5797 5836 5485 
8 5446 5797 5836 5485 5447 5798 5837 5486 
8 5447 5798 5837 5486 5448 5799 5838 5487 
8 5448 5799 5838 5487 5449 5800 5839 5488 
8 5449 5800 5839 5488 5450 5801 5840 5489 
8 5450 5801 5840 5489 5451 5802 5841 5490 
8 5451 5802 5841 5490 5452 5803 5842 5491 
8 5452 5803 5842 5491 5453 5804 5843 5492 
8 5453 5804 5843 5492 5454 5805 5844 5493 
8 5454 5805 5844 5493 5455 5806 5845 5494 
8 5455 5806 5845 5494 5456 5807 5846 5495 
8 5456 5807 5846 5495 5457 5808 5847 5496 
8 5457 5808 5847 5496 5458 5809 5848 5497 
8 5458 5809 5848 5497 5459 5810 5849 5498 
8 5459 5810 5849 5498 5460 5811 5850 5499 
8 5460 5811 5850 5499 5461 5812 5851 5500 
8 5461 5812 5851 5500 5462 5813 5852 5501 
8 5462 5813 5852 5501 5463 5814 5853 5502 
8 5463 5814 5853 5502 5464 5815 5854 5503 
8 5464 5815 5854 5503 5465 5816 5855 5504 
8 5465 5816 5855 5504 5466 5817 5856 5505 
8 5466 5817 5856 5505 5467 5818 5857 5506 
8 5467 5818 5857 5506 5468 5819 5858 5507 
8 5468 5819 5858 5507 5469 5820 5859 5508 
8 5469 5820 5859 5508 5470 5821 5860 5509 
8 5470 5821 5860 5509 5471 5822 5861 5510 
8 5471 5822 5861 5510 5472 5823 5862 5511 
8 5472 5823 5862 5511 5473 5824 5863 5512 
8 5473 5824 5863 5512 5474 5825 5864 5513 
8 5474 5825 5864 5513 5475 5826 5865 5514 
8 5475 5826 5865 5514 5476 5827 5866 5515 
8 5476 5827 5866 5515 5477 5828 5867 5516 
8 5477 5828 5867 5516 5478 5829 5868 5517 
8 5478 5829 5868 5517 5479 5830 5869 5518 
8 5479 5830 5869 5518 5480 5831 5870 5519 
8 5480 5831 5870 5519 5481 5832 5871 5520 
8 5481 5832 5871 5520 5482 5833 5872 5521 
8 5482 5833 5872 5521 824 833 834 825 
8 690 699 700 691 5483 5834 5873 5522 
8 5483 5834 5873 5522 5484 5835 5874 5523 
8 5484 5835 5874 5523 5485 5836 5875 5524 
8 5485 5836 5875 5524 5486 5837 5876 5525 
8 5486 5837 5876 5525 5487 5838 5877 5526 
8 5487 5838 5877 5526 5488 5839 5878 5527 
8 5488 5839 5878 5527 5489 5840 5879 5528 
8 5489 5840 5879 5528 5490 5841 5880 5529 
8 5490 5841 5880 5529 5491 5842 5881 5530 
8 5491 5842 5881 5530 5492 5843 5882 5531 
8 5492 5843 5882 5531 5493 5844 5883 5532 
8 5493 5844 5883 5532 5494 5845 5884 5533 
8 5494 5845 5884 5533 5495 5846 5885 5534 
8 5495 5846 5885 5534 5496 5847 5886 5535 
8 5496 5847 5886 5535 5497 5848 5887 5536 
8 5497 5848 5887 5536 5498 5849 5888 5537 
8 5498 5849 5888 5537 5499 5850 5889 5538 
8 5499 5850 5889 5538 5500 5851 5890 5539 
8 5500 5851 5890 5539 5501 5852 5891 5540 
8 5501 5852 5891 5540 5502 5853 5892 5541 
8 5502 5853 5892 5541 5503 5854 5893 5542 
8 5503 5854 5893 5542 5504 5855 5894 5543 
8 5504 5855 5894 5543 5505 5856 5895 5544 
8 5505 5856 5895 5544 5506 5857 5896 5545 
8 5506 5857 5896 5545 5507 5858 5897 5546 
8 5507 5858 5897 5546 5508 5859 5898 5547 
8 5508 5859 5898 5547 5509 5860 5899 5548 
8 5509 5860 5899 5548 5510 5861 5900 5549 
8 5510 5861 5900 5549 5511 5862 5901 5550 
8 5511 5862 5901 5550 5512 5863 5902 5551 
8 5512 5863 5902 5551 5513 5864 5903 5552 
8 5513 5864 5903 5552 5514 5865 5904 5553 
8 5514 5865 5904 5553 5515 5866 5905 5554 
8 5515 5866 5905 5554 5516 5867 5906 5555 
8 5516 5867 5906 5555 5517 5868 5907 5556 
8 5517 5868 5907 5556 5518 5869 5908 5557 
8 5518 5869 5908 5557 5519 5870 5909 5558 
8 5519 5870 5909 5558 5520 5871 5910 5559 
8 5520 5871 5910 5559 5521 5872 5911 5560 
8 5521 5872 5911 5560 825 834 835 826 
8 691 700 137 136 5522 5873 1817 1778 
8 5522 5873 1817 1778 5523 5874 1818 1779 
8 5523 5874 1818 1779 5524 5875 1819 1780 
8 5524 5875 1819 1780 5525 5876 1820 1781 
8 5525 5876 1820 1781 5526 5877 1821 1782 
8 5526 5877 1821 1782 5527 5878 1822 1783 
8 5527 5878 1822 1783 5528 5879 1823 1784 
8 5528 5879 1823 1784 5529 5880 1824 1785 
8 5529 5880 1824 1785 5530 5881 1825 1786 
8 5530 5881 1825 1786 5531 5882 1826 1787 
8 5531 5882 1826 1787 5532 5883 1827 1788 
8 5532 5883 1827 1788 5533 5884 1828 1789 
8 5533 5884 1828 1789 5534 5885 1829 1790 
8 5534 5885 1829 1790 5535 5886 1830 1791 
8 5535 5886 1830 1791 5536 5887 1831 1792 
8 5536 5887 1831 1792 5537 5888 1832 1793 
8 5537 5888 1832 1793 5538 5889 1833 1794 
8 5538 5889 1833 1794 5539 5890 1834 1795 
8 5539 5890 1834 1795 5540 5891 1835 1796 
8 5540 5891 1835 1796 5541 5892 1836 1797 
8 5541 5892 1836 1797 5542 5893 1837 1798 
8 5542 5893 1837 1798 5543 5894 1838 1799 
8 5543 5894 1838 1799 5544 5895 1839 1800 
8 5544 5895 1839 1800 5545 5896 1840 1801 
8 5545 5896 1840 1801 5546 5897 1841 1802 
8 5546 5897 1841 1802 5547 5898 1842 1803 
8 5547 5898 1842 1803 5548 5899 1843 1804 
8 5548 5899 1843 1804 5549 5900 1844 1805 
8 5549 5900 1844 1805 5550 5901 1845 1806 
8 5550 5901 1845 1806 5551 5902 1846 1807 
8 5551 5902 1846 1807 5552 5903 1847 1808 
8 5552 5903 1847 1808 5553 5904 1848 1809 
8 5553 5904 1848 1809 5554 5905 1849 1810 
8 5554 5905 1849 1810 5555 5906 1850 1811 
8 5555 5906 1850 1811 5556 5907 1851 1812 
8 5556 5907 1851 1812 5557 5908 1852 1813 
8 5557 5908 1852 1813 5558 5909 1853 1814 
8 5558 5909 1853 1814 5559 5910 1854 1815 
8 5559 5910 1854 1815 5560 5911 1855 1816 
8 5560 5911 1855 1816 826 835 176 175 
8 113 114 701 692 1232 1271 5912 5561 
8 1232 1271 5912 5561 1233 1272 5913 5562 
8 1233 1272 5913 5562 1234 1273 5914 5563 
8 1234 1273 5914 5563 1235 1274 5915 5564 
8 1235 1274 5915 5564 1236 1275 5916 5565 
8 1236 1275 5916 5565 1237 1276 5917 5566 
8 1237 1276 5917 5566 1238 1277 5918 5567 
8 1238 1277 5918 5567 1239 1278 5919 5568 
8 1239 1278 5919 5568 1240 1279 5920 5569 
8 1240 1279 5920 5569 1241 1280 5921 5570 
8 1241 1280 5921 5570 1242 1281 5922 5571 
8 1242 1281 5922 5571 1243 1282 5923 5572 
8 1243 1282 5923 5572 1244 1283 5924 5573 
8 1244 1283 5924 5573 1245 1284 5925 5574 
8 1245 1284 5925 5574 1246 1285 5926 5575 
8 1246 1285 5926 5575 1247 1286 5927 5576 
8 1247 1286 5927 5576 1248 1287 5928 5577 
8 1248 1287 5928 5577 1249 1288 5929 5578 
8 1249 1288 5929 5578 1250 1289 5930 5579 
8 1250 1289 5930 5579 1251 1290 5931 5580 
8 1251 1290 5931 5580 1252 1291 5932 5581 
8 1252 1291 5932 5581 1253 1292 5933 5582 
8 1253 1292 5933 5582 1254 1293 5934 5583 
8 1254 1293 5934 5583 1255 1294 5935 5584 
8 1255 1294 5935 5584 1256 1295 5936 5585 
8 1256 1295 5936 5585 1257 1296 5937 5586 
8 1257 1296 5937 5586 1258 1297 5938 5587 
8 1258 1297 5938 5587 1259 1298 5939 5588 
8 1259 1298 5939 5588 1260 1299 5940 5589 
8 1260 1299 5940 5589 1261 1300 5941 5590 
8 1261 1300 5941 5590 1262 1301 5942 5591 
8 1262 1301 5942 5591 1263 1302 5943 5592 
8 1263 1302 5943 5592 1264 1303 5944 5593 
8 1264 1303 5944 5593 1265 1304 5945 5594 
8 1265 1304 5945 5594 1266 1305 5946 5595 
8 1266 1305 5946 5595 1267 1306 5947 5596 
8 1267 1306 5947 5596 1268 1307 5948 5597 
8 1268 1307 5948 5597 1269 1308 5949 5598 
8 1269 1308 5949 5598 1270 1309 5950 5599 
8 1270 1309 5950 5599 152 153 836 827 
8 692 701 702 693 5561 5912 5951 5600 
8 5561 5912 5951 5600 5562 5913 5952 5601 
8 5562 5913 5952 5601 5563 5914 5953 5602 
8 5563 5914 5953 5602 5564 5915 5954 5603 
8 5564 5915 5954 5603 5565 5916 5955 5604 
8 5565 5916 5955 5604 5566 5917 5956 5605 
8 5566 5917 5956 5605 5567 5918 5957 5606 
8 5567 5918 5957 5606 5568 5919 5958 5607 
8 5568 5919 5958 5607 5569 5920 5959 5608 
8 5569 5920 5959 5608 5570 5921 5960 5609 
8 5570 5921 5960 5609 5571 5922 5961 5610 
8 5571 5922 5961 5610 5572 5923 5962 5611 
8 5572 5923 5962 5611 5573 5924 5963 5612 
8 5573 5924 5963 5612 5574 5925 5964 5613 
8 5574 5925 5964 5613 5575 5926 5965 5614 
8 5575 5926 5965 5614 5576 5927 5966 5615 
8 5576 5927 5966 5615 5577 5928 5967 5616 
8 5577 5928 5967 5616 5578 5929 5968 5617 
8 5578 5929 5968 5617 5579 5930 5969 5618 
8 5579 5930 5969 5618 5580 5931 5970 5619 
8 5580 5931 5970 5619 5581 5932 5971 5620 
8 5581 5932 5971 5620 5582 5933 5972 5621 
8 5582 5933 5972 5621 5583 5934 5973 5622 
8 5583 5934 5973 5622 5584 5935 5974 5623 
8 5584 5935 5974 5623 5585 5936 5975 5624 
8 5585 5936 5975 5624 5586 5937 5976 5625 
8 5586 5937 5976 5625 5587 5938 5977 5626 
8 5587 5938 5977 5626 5588 5939 5978 5627 
8 5588 5939 5978 5627 5589 5940 5979 5628 
8 5589 5940 5979 5628 5590 5941 5980 5629 
8 5590 5941 5980 5629 5591 5942 5981 5630 
8 5591 5942 5981 5630 5592 5943 5982 5631 
8 5592 5943 5982 5631 5593 5944 5983 5632 
8 5593 5944 5983 5632 5594 5945 5984 5633 
8 5594 5945 5984 5633 5595 5946 5985 5634 
8 5595 5946 5985 5634 5596 5947 5986 5635 
8 5596 5947 5986 5635 5597 5948 5987 5636 
8 5597 5948 5987 5636 5598 5949 5988 5637 
8 5598 5949 5988 5637 5599 5950 5989 5638 
8 5599 5950 5989 5638 827 836 837 828 
8 693 702 703 694 5600 5951 5990 5639 
8 5600 5951 5990 5639 5601 5952 5991 5640 
8 5601 5952 5991 5640 5602 5953 5992 5641 
8 5602 5953 5992 5641 5603 5954 5993 5642 
8 5603 5954 5993 5642 5604 5955 5994 5643 
8 5604 5955 5994 5643 5605 5956 5995 5644 
8 5605 5956 5995 5644 5606 5957 5996 5645 
8 5606 5957 5996 5645 5607 5958 5997 5646 
8 5607 5958 5997 5646 5608 5959 5998 5647 
8 5608 5959 5998 5647 5609 5960 5999 5648 
8 5609 5960 5999 5648 5610 5961 6000 5649 
8 5610 5961 6000 5649 5611 5962 6001 5650 
8 5611 5962 6001 5650 5612 5963 6002 5651 
8 5612 5963 6002 5651 5613 5964 6003 5652 
8 5613 5964 6003 5652 5614 5965 6004 5653 
8 5614 5965 6004 5653 5615 5966 6005 5654 
8 5615 5966 6005 5654 5616 5967 6006 5655 
8 5616 5967 6006 5655 5617 5968 6007 5656 
8 5617 5968 6007 5656 5618 5969 6008 5657 
8 5618 5969 6008 5657 5619 5970 6009 5658 
8 5619 5970 6009 5658 5620 5971 6010 5659 
8 5620 5971 6010 5659 5621 5972 6011 5660 
8 5621 5972 6011 5660 5622 5973 6012 5661 
8 5622 5973 6012 5661 5623 5974 6013 5662 
8 5623 5974 6013 5662 5624 5975 6014 5663 
8 5624 5975 6014 5663 5625 5976 6015 5664 
8 5625 5976 6015 5664 5626 5977 6016 5665 
8 5626 5977 6016 5665 5627 5978 6017 5666 
8 5627 5978 6017 5666 5628 5979 6018 5667 
8 5628 5979 6018 5667 5629 5980 6019 5668 
8 5629 5980 6019 5668 5630 5981 6020 5669 
8 5630 5981 6020 5669 5631 5982 6021 5670 
8 5631 5982 6021 5670 5632 5983 6022 5671 
8 5632 5983 6022 5671 5633 5984 6023 5672 
8 5633 5984 6023 5672 5634 5985 6024 5673 
8 5634 5985 6024 5673 5635 5986 6025 5674 
8 5635 5986 6025 5674 5636 5987 6026 5675 
8 5636 5987 6026 5675 5637 5988 6027 5676 
8 5637 5988 6027 5676 5638 5989 6028 5677 
8 5638 5989 6028 5677 828 837 838 829 
8 694 703 704 695 5639 5990 6029 5678 
8 5639 5990 6029 5678 5640 5991 6030 5679 
8 5640 5991 6030 5679 5641 5992 6031 5680 
8 5641 5992 6031 5680 5642 5993 6032 5681 
8 5642 5993 6032 5681 5643 5994 6033 5682 
8 5643 5994 6033 5682 5644 5995 6034 5683 
8 5644 5995 6034 5683 5645 5996 6035 5684 
8 5645 5996 6035 5684 5646 5997 6036 5685 
8 5646 5997 6036 5685 5647 5998 6037 5686 
8 5647 5998 6037 5686 5648 5999 6038 5687 
8 5648 5999 6038 5687 5649 6000 6039 5688 
8 5649 6000 6039 5688 5650 6001 6040 5689 
8 5650 6001 6040 5689 5651 6002 6041 5690 
8 5651 6002 6041 5690 5652 6003 6042 5691 
8 5652 6003 6042 5691 5653 6004 6043 5692 
8 5653 6004 6043 5692 5654 6005 6044 5693 
8 5654 6005 6044 5693 5655 6006 6045 5694 
8 5655 6006 6045 5694 5656 6007 6046 5695 
8 5656 6007 6046 5695 5657 6008 6047 5696 
8 5657 6008 6047 5696 5658 6009 6048 5697 
8 5658 6009 6048 5697 5659 6010 6049 5698 
8 5659 6010 6049 5698 5660 6011 6050 5699 
8 5660 6011 6050 5699 5661 6012 6051 5700 
8 5661 6012 6051 5700 5662 6013 6052 5701 
8 5662 6013 6052 5701 5663 6014 6053 5702 
8 5663 6014 6053 5702 5664 6015 6054 5703 
8 5664 6015 6054 5703 5665 6016 6055 5704 
8 5665 6016 6055 5704 5666 6017 6056 5705 
8 5666 6017 6056 5705 5667 6018 6057 5706 
8 5667 6018 6057 5706 5668 6019 6058 5707 
8 5668 6019 6058 5707 5669 6020 6059 5708 
8 5669 6020 6059 5708 5670 6021 6060 5709 
8 5670 6021 6060 5709 5671 6022 6061 5710 
8 5671 6022 6061 5710 5672 6023 6062 5711 
8 5672 6023 6062 5711 5673 6024 6063 5712 
8 5673 6024 6063 5712 5674 6025 6064 5713 
8 5674 6025 6064 5713 5675 6026 6065 5714 
8 5675 6026 6065 5714 5676 6027 6066 5715 
8 5676 6027 6066 5715 5677 6028 6067 5716 
8 5677 6028 6067 5716 829 838 839 830 
8 695 704 705 696 5678 6029 6068 5717 
8 5678 6029 6068 5717 5679 6030 6069 5718 
8 5679 6030 6069 5718 5680 6031 6070 5719 
8 5680 6031 6070 5719 5681 6032 6071 5720 
8 5681 6032 6071 5720 5682 6033 6072 5721 
8 5682 6033 6072 5721 5683 6034 6073 5722 
8 5683 6034 6073 5722 5684 6035 6074 5723 
8 5684 6035 6074 5723 5685 6036 6075 5724 
8 5685 6036 6075 5724 5686 6037 6076 5725 
8 5686 6037 6076 5725 5687 6038 6077 5726 
8 5687 6038 6077 5726 5688 6039 6078 5727 
8 5688 6039 6078 5727 5689 6040 6079 5728 
8 5689 6040 6079 5728 5690 6041 6080 5729 
8 5690 6041 6080 5729 5691 6042 6081 5730 
8 5691 6042 6081 5730 5692 6043 6082 5731 
8 5692 6043 6082 5731 5693 6044 6083 5732 
8 5693 6044 6083 5732 5694 6045 6084 5733 
8 5694 6045 6084 5733 5695 6046 6085 5734 
8 5695 6046 6085 5734 5696 6047 6086 5735 
8 5696 6047 6086 5735 5697 6048 6087 5736 
8 5697 6048 6087 5736 5698 6049 6088 5737 
8 5698 6049 6088 5737 5699 6050 6089 5738 
8 5699 6050 6089 5738 5700 6051 6090 5739 
8 5700 6051 6090 5739 5701 6052 6091 5740 
8 5701 6052 6091 5740 5702 6053 6092 5741 
8 5702 6053 6092 5741 5703 6054 6093 5742 
8 5703 6054 6093 5742 5704 6055 6094 5743 
8 5704 6055 6094 5743 5705 6056 6095 5744 
8 5705 6056 6095 5744 5706 6057 6096 5745 
8 5706 6057 6096 5745 5707 6058 6097 5746 
8 5707 6058 6097 5746 5708 6059 6098 5747 
8 5708 6059 6098 5747 5709 6060 6099 5748 
8 5709 6060 6099 5748 5710 6061 6100 5749 
8 5710 6061 6100 5749 5711 6062 6101 5750 
8 5711 6062 6101 5750 5712 6063 6102 5751 
8 5712 6063 6102 5751 5713 6064 6103 5752 
8 5713 6064 6103 5752 5714 6065 6104 5753 
8 5714 6065 6104 5753 5715 6066 6105 5754 
8 5715 6066 6105 5754 5716 6067 6106 5755 
8 5716 6067 6106 5755 830 839 840 831 
8 696 705 706 697 5717 6068 6107 5756 
8 5717 6068 6107 5756 5718 6069 6108 5757 
8 5718 6069 6108 5757 5719 6070 6109 5758 
8 5719 6070 6109 5758 5720 6071 6110 5759 
8 5720 6071 6110 5759 5721 6072 6111 5760 
8 5721 6072 6111 5760 5722 6073 6112 5761 
8 5722 6073 6112 5761 5723 6074 6113 5762 
8 5723 6074 6113 5762 5724 6075 6114 5763 
8 5724 6075 6114 5763 5725 6076 6115 5764 
8 5725 6076 6115 5764 5726 6077 6116 5765 
8 5726 6077 6116 5765 5727 6078 6117 5766 
8 5727 6078 6117 5766 5728 6079 6118 5767 
8 5728 6079 6118 5767 5729 6080 6119 5768 
8 5729 6080 6119 5768 5730 6081 6120 5769 
8 5730 6081 6120 5769 5731 6082 6121 5770 
8 5731 6082 6121 5770 5732 6083 6122 5771 
8 5732 6083 6122 5771 5733 6084 6123 5772 
8 5733 6084 6123 5772 5734 6085 6124 5773 
8 5734 6085 6124 5773 5735 6086 6125 5774 
8 5735 6086 6125 5774 5736 6087 6126 5775 
8 5736 6087 6126 5775 5737 6088 6127 5776 
8 5737 6088 6127 5776 5738 6089 6128 5777 
8 5738 6089 6128 5777 5739 6090 6129 5778 
8 5739 6090 6129 5778 5740 6091 6130 5779 
8 5740 6091 6130 5779 5741 6092 6131 5780 
8 5741 6092 6131 5780 5742 6093 6132 5781 
8 5742 6093 6132 5781 5743 6094 6133 5782 
8 5743 6094 6133 5782 5744 6095 6134 5783 
8 5744 6095 6134 5783 5745 6096 6135 5784 
8 5745 6096 6135 5784 5746 6097 6136 5785 
8 5746 6097 6136 5785 5747 6098 6137 5786 
8 5747 6098 6137 5786 5748 6099 6138 5787 
8 5748 6099 6138 5787 5749 6100 6139 5788 
8 5749 6100 6139 5788 5750 6101 6140 5789 
8 5750 6101 6140 5789 5751 6102 6141 5790 
8 5751 6102 6141 5790 5752 6103 6142 5791 
8 5752 6103 6142 5791 5753 6104 6143 5792 
8 5753 6104 6143 5792 5754 6105 6144 5793 
8 5754 6105 6144 5793 5755 6106 6145 5794 
8 5755 6106 6145 5794 831 840 841 832 
8 697 706 707 698 5756 6107 6146 5795 
8 5756 6107 6146 5795 5757 6108 6147 5796 
8 5757 6108 6147 5796 5758 6109 6148 5797 
8 5758 6109 6148 5797 5759 6110 6149 5798 
8 5759 6110 6149 5798 5760 6111 6150 5799 
8 5760 6111 6150 5799 5761 6112 6151 5800 
8 5761 6112 6151 5800 5762 6113 6152 5801 
8 5762 6113 6152 5801 5763 6114 6153 5802 
8 5763 6114 6153 5802 5764 6115 6154 5803 
8 5764 6115 6154 5803 5765 6116 6155 5804 
8 5765 6116 6155 5804 5766 6117 6156 5805 
8 5766 6117 6156 5805 5767 6118 6157 5806 
8 5767 6118 6157 5806 5768 6119 6158 5807 
8 5768 6119 6158 5807 5769 6120 6159 5808 
8 5769 6120 6159 5808 5770 6121 6160 5809 
8 5770 6121 6160 5809 5771 6122 6161 5810 
8 5771 6122 6161 5810 5772 6123 6162 5811 
8 5772 6123 6162 5811 5773 6124 6163 5812 
8 5773 6124 6163 5812 5774 6125 6164 5813 
8 5774 6125 6164 5813 5775 6126 6165 5814 
8 5775 6126 6165 5814 5776 6127 6166 5815 
8 5776 6127 6166 5815 5777 6128 6167 5816 
8 5777 6128 6167 5816 5778 6129 6168 5817 
8 5778 6129 6168 5817 5779 6130 6169 5818 
8 5779 6130 6169 5818 5780 6131 6170 5819 
8 5780 6131 6170 5819 5781 6132 6171 5820 
8 5781 6132 6171 5820 5782 6133 6172 5821 
8 5782 6133 6172 5821 5783 6134 6173 5822 
8 5783 6134 6173 5822 5784 6135 6174 5823 
8 5784 6135 6174 5823 5785 6136 6175 5824 
8 5785 6136 6175 5824 5786 6137 6176 5825 
8 5786 6137 6176 5825 5787 6138 6177 5826 
8 5787 6138 6177 5826 5788 6139 6178 5827 
8 5788 6139 6178 5827 5789 6140 6179 5828 
8 5789 6140 6179 5828 5790 6141 6180 5829 
8 5790 6141 6180 5829 5791 6142 6181 5830 
8 5791 6142 6181 5830 5792 6143 6182 5831 
8 5792 6143 6182 5831 5793 6144 6183 5832 
8 5793 6144 6183 5832 5794 6145 6184 5833 
8 5794 6145 6184 5833 832 841 842 833 
8 698 707 708 699 5795 6146 6185 5834 
8 5795 6146 6185 5834 5796 6147 6186 5835 
8 5796 6147 6186 5835 5797 6148 6187 5836 
8 5797 6148 6187 5836 5798 6149 6188 5837 
8 5798 6149 6188 5837 5799 6150 6189 5838 
8 5799 6150 6189 5838 5800 6151 6190 5839 
8 5800 6151 6190 5839 5801 6152 6191 5840 
8 5801 6152 6191 5840 5802 6153 6192 5841 
8 5802 6153 6192 5841 5803 6154 6193 5842 
8 5803 6154 6193 5842 5804 6155 6194 5843 
8 5804 6155 6194 5843 5805 6156 6195 5844 
8 5805 6156 6195 5844 5806 6157 6196 5845 
8 5806 6157 6196 5845 5807 6158 6197 5846 
8 5807 6158 6197 5846 5808 6159 6198 5847 
8 5808 6159 6198 5847 5809 6160 6199 5848 
8 5809 6160 6199 5848 5810 6161 6200 5849 
8 5810 6161 6200 5849 5811 6162 6201 5850 
8 5811 6162 6201 5850 5812 6163 6202 5851 
8 5812 6163 6202 5851 5813 6164 6203 5852 
8 5813 6164 6203 5852 5814 6165 6204 5853 
8 5814 6165 6204 5853 5815 6166 6205 5854 
8 5815 6166 6205 5854 5816 6167 6206 5855 
8 5816 6167 6206 5855 5817 6168 6207 5856 
8 5817 6168 6207 5856 5818 6169 6208 5857 
8 5818 6169 6208 5857 5819 6170 6209 5858 
8 5819 6170 6209 5858 5820 6171 6210 5859 
8 5820 6171 6210 5859 5821 6172 6211 5860 
8 5821 6172 6211 5860 5822 6173 6212 5861 
8 5822 6173 6212 5861 5823 6174 6213 5862 
8 5823 6174 6213 5862 5824 6175 6214 5863 
8 5824 6175 6214 5863 5825 6176 6215 5864 
8 5825 6176 6215 5864 5826 6177 6216 5865 
8 5826 6177 6216 5865 5827 6178 6217 5866 
8 5827 6178 6217 5866 5828 6179 6218 5867 
8 5828 6179 6218 5867 5829 6180 6219 5868 
8 5829 6180 6219 5868 5830 6181 6220 5869 
8 5830 6181 6220 5869 5831 6182 6221 5870 
8 5831 6182 6221 5870 5832 6183 6222 5871 
8 5832 6183 6222 5871 5833 6184 6223 5872 
8 5833 6184 6223 5872 833 842 843 834 
8 699 708 709 700 5834 6185 6224 5873 
8 5834 6185 6224 5873 5835 6186 6225 5874 
8 5835 6186 6225 5874 5836 6187 6226 5875 
8 5836 6187 6226 5875 5837 6188 6227 5876 
8 5837 6188 6227 5876 5838 6189 6228 5877 
8 5838 6189 6228 5877 5839 6190 6229 5878 
8 5839 6190 6229 5878 5840 6191 6230 5879 
8 5840 6191 6230 5879 5841 6192 6231 5880 
8 5841 6192 6231 5880 5842 6193 6232 5881 
8 5842 6193 6232 5881 5843 6194 6233 5882 
8 5843 6194 6233 5882 5844 6195 6234 5883 
8 5844 6195 6234 5883 5845 6196 6235 5884 
8 5845 6196 6235 5884 5846 6197 6236 5885 
8 5846 6197 6236 5885 5847 6198 6237 5886 
8 5847 6198 6237 5886 5848 6199 6238 5887 
8 5848 6199 6238 5887 5849 6200 6239 5888 
8 5849 6200 6239 5888 5850 6201 6240 5889 
8 5850 6201 6240 5889 5851 6202 6241 5890 
8 5851 6202 6241 5890 5852 6203 6242 5891 
8 5852 6203 6242 5891 5853 6204 6243 5892 
8 5853 6204 6243 5892 5854 6205 6244 5893 
8 5854 6205 6244 5893 5855 6206 6245 5894 
8 5855 6206 6245 5894 5856 6207 6246 5895 
8 5856 6207 6246 5895 5857 6208 6247 5896 
8 5857 6208 6247 5896 5858 6209 6248 5897 
8 5858 6209 6248 5897 5859 6210 6249 5898 
8 5859 6210 6249 5898 5860 6211 6250 5899 
8 5860 6211 6250 5899 5861 6212 6251 5900 
8 5861 6212 6251 5900 5862 6213 6252 5901 
8 5862 6213 6252 5901 5863 6214 6253 5902 
8 5863 6214 6253 5902 5864 6215 6254 5903 
8 5864 6215 6254 5903 5865 6216 6255 5904 
8 5865 6216 6255 5904 5866 6217 6256 5905 
8 5866 6217 6256 5905 5867 6218 6257 5906 
8 5867 6218 6257 5906 5868 6219 6258 5907 
8 5868 6219 6258 5907 5869 6220 6259 5908 
8 5869 6220 6259 5908 5870 6221 6260 5909 
8 5870 6221 6260 5909 5871 6222 6261 5910 
8 5871 6222 6261 5910 5872 6223 6262 5911 
8 5872 6223 6262 5911 834 843 844 835 
8 700 709 138 137 5873 6224 1856 1817 
8 5873 6224 1856 1817 5874 6225 1857 1818 
8 5874 6225 1857 1818 5875 6226 1858 1819 
8 5875 6226 1858 1819 5876 6227 1859 1820 
8 5876 6227 1859 1820 5877 6228 1860 1821 
8 5877 6228 1860 1821 5878 6229 1861 1822 
8 5878 6229 1861 1822 5879 6230 1862 1823 
8 5879 6230 1862 1823 5880 6231 1863 1824 
8 5880 6231 1863 1824 5881 6232 1864 1825 
8 5881 6232 1864 1825 5882 6233 1865 1826 
8 5882 6233 1865 1826 5883 6234 1866 1827 
8 5883 6234 1866 1827 5884 6235 1867 1828 
8 5884 6235 1867 1828 5885 6236 1868 1829 
8 5885 6236 1868 1829 5886 6237 1869 1830 
8 5886 6237 1869 1830 5887 6238 1870 1831 
8 5887 6238 1870 1831 5888 6239 1871 1832 
8 5888 6239 1871 1832 5889 6240 1872 1833 
8 5889 6240 1872 1833 5890 6241 1873 1834 
8 5890 6241 1873 1834 5891 6242 1874 1835 
8 5891 6242 1874 1835 5892 6243 1875 1836 
8 5892 6243 1875 1836 5893 6244 1876 1837 
8 5893 6244 1876 1837 5894 6245 1877 1838 
8 5894 6245 1877 1838 5895 6246 1878 1839 
8 5895 6246 1878 1839 5896 6247 1879 1840 
8 5896 6247 1879 1840 5897 6248 1880 1841 
8 5897 6248 1880 1841 5898 6249 1881 1842 
8 5898 6249 1881 1842 5899 6250 1882 1843 
8 5899 6250 1882 1843 5900 6251 1883 1844 
8 5900 6251 1883 1844 5901 6252 1884 1845 
8 5901 6252 1884 1845 5902 6253 1885 1846 
8 5902 6253 1885 1846 5903 6254 1886 1847 
8 5903 6254 1886 1847 5904 6255 1887 1848 
8 5904 6255 1887 1848 5905 6256 1888 1849 
8 5905 6256 1888 1849 5906 6257 1889 1850 
8 5906 6257 1889 1850 5907 6258 1890 1851 
8 5907 6258 1890 1851 5908 6259 1891 1852 
8 5908 6259 1891 1852 5909 6260 1892 1853 
8 5909 6260 1892 1853 5910 6261 1893 1854 
8 5910 6261 1893 1854 5911 6262 1894 1855 
8 5911 6262 1894 1855 835 844 177 176 
8 114 115 710 701 1271 1310 6263 5912 
8 1271 1310 6263 5912 1272 1311 6264 5913 
8 1272 1311 6264 5913 1273 1312 6265 5914 
8 1273 1312 6265 5914 1274 1313 6266 5915 
8 1274 1313 6266 5915 1275 1314 6267 5916 
8 1275 1314 6267 5916 1276 1315 6268 5917 
8 1276 1315 6268 5917 1277 1316 6269 5918 
8 1277 1316 6269 5918 1278 1317 6270 5919 
8 1278 1317 6270 5919 1279 1318 6271 5920 
8 1279 1318 6271 5920 1280 1319 6272 5921 
8 1280 1319 6272 5921 1281 1320 6273 5922 
8 1281 1320 6273 5922 1282 1321 6274 5923 
8 1282 1321 6274 5923 1283 1322 6275 5924 
8 1283 1322 6275 5924 1284 1323 6276 5925 
8 1284 1323 6276 5925 1285 1324 6277 5926 
8 1285 1324 6277 5926 1286 1325 6278 5927 
8 1286 1325 6278 5927 1287 1326 6279 5928 
8 1287 1326 6279 5928 1288 1327 6280 5929 
8 1288 1327 6280 5929 1289 1328 6281 5930 
8 1289 1328 6281 5930 1290 1329 6282 5931 
8 1290 1329 6282 5931 1291 1330 6283 5932 
8 1291 1330 6283 5932 1292 1331 6284 5933 
8 1292 1331 6284 5933 1293 1332 6285 5934 
8 1293 1332 6285 5934 1294 1333 6286 5935 
8 1294 1333 6286 5935 1295 1334 6287 5936 
8 1295 1334 6287 5936 1296 1335 6288 5937 
8 1296 1335 6288 5937 1297 1336 6289 5938 
8 1297 1336 6289 5938 1298 1337 6290 5939 
8 1298 1337 6290 5939 1299 1338 6291 5940 
8 1299 1338 6291 5940 1300 1339 6292 5941 
8 1300 1339 6292 5941 1301 1340 6293 5942 
8 1301 1340 6293 5942 1302 1341 6294 5943 
8 1302 1341 6294 5943 1303 1342 6295 5944 
8 1303 1342 6295 5944 1304 1343 6296 5945 
8 1304 1343 6296 5945 1305 1344 6297 5946 
8 1305 1344 6297 5946 1306 1345 6298 5947 
8 1306 1345 6298 5947 1307 1346 6299 5948 
8 1307 1346 6299 5948 1308 1347 6300 5949 
8 1308 1347 6300 5949 1309 1348 6301 5950 
8 1309 1348 6301 5950 153 154 845 836 
8 701 710 711 702 5912 6263 6302 5951 
8 5912 6263 6302 5951 5913 6264 6303 5952 
8 5913 6264 6303 5952 5914 6265 6304 5953 
8 5914 6265 6304 5953 5915 6266 6305 5954 
8 5915 6266 6305 5954 5916 6267 6306 5955 
8 5916 6267 6306 5955 5917 6268 6307 5956 
8 5917 6268 6307 5956 5918 6269 6308 5957 
8 5918 6269 6308 5957 5919 6270 6309 5958 
8 5919 6270 6309 5958 5920 6271 6310 5959 
8 5920 6271 6310 5959 5921 6272 6311 5960 
8 5921 6272 6311 5960 5922 6273 6312 5961 
8 5922 6273 6312 5961 5923 6274 6313 5962 
8 5923 6274 6313 5962 5924 6275 6314 5963 
8 5924 6275 6314 5963 5925 6276 6315 5964 
8 5925 6276 6315 5964 5926 6277 6316 5965 
8 5926 6277 6316 5965 5927 6278 6317 5966 
8 5927 6278 6317 5966 5928 6279 6318 5967 
8 5928 6279 6318 5967 5929 6280 6319 5968 
8 5929 6280 6319 5968 5930 6281 6320 5969 
8 5930 6281 6320 5969 5931 6282 6321 5970 
8 5931 6282 6321 5970 5932 6283 6322 5971 
8 5932 6283 6322 5971 5933 6284 6323 5972 
8 5933 6284 6323 5972 5934 6285 6324 5973 
8 5934 6285 6324 5973 5935 6286 6325 5974 
8 5935 6286 6325 5974 5936 6287 6326 5975 
8 5936 6287 6326 5975 5937 6288 6327 5976 
8 5937 6288 6327 5976 5938 6289 6328 5977 
8 5938 6289 6328 5977 5939 6290 6329 5978 
8 5939 6290 6329 5978 5940 6291 6330 5979 
8 5940 6291 6330 5979 5941 6292 6331 5980 
8 5941 6292 6331 5980 5942 6293 6332 5981 
8 5942 6293 6332 5981 5943 6294 6333 5982 
8 5943 6294 6333 5982 5944 6295 6334 5983 
8 5944 6295 6334 5983 5945 6296 6335 5984 
8 5945 6296 6335 5984 5946 6297 6336 5985 
8 5946 6297 6336 5985 5947 6298 6337 5986 
8 5947 6298 6337 5986 5948 6299 6338 5987 
8 5948 6299 6338 5987 5949 6300 6339 5988 
8 5949 6300 6339 5988 5950 6301 6340 5989 
8 5950 6301 6340 5989 836 845 846 837 
8 702 711 712 703 5951 6302 6341 5990 
8 5951 6302 6341 5990 5952 6303 6342 5991 
8 5952 6303 6342 5991 5953 6304 6343 5992 
8 5953 6304 6343 5992 5954 6305 6344 5993 
8 5954 6305 6344 5993 5955 6306 6345 5994 
8 5955 6306 6345 5994 5956 6307 6346 5995 
8 5956 6307 6346 5995 5957 6308 6347 5996 
8 5957 6308 6347 5996 5958 6309 6348 5997 
8 5958 6309 6348 5997 5959 6310 6349 5998 
8 5959 6310 6349 5998 5960 6311 6350 5999 
8 5960 6311 6350 5999 5961 6312 6351 6000 
8 5961 6312 6351 6000 5962 6313 6352 6001 
8 5962 6313 6352 6001 5963 6314 6353 6002 
8 5963 6314 6353 6002 5964 6315 6354 6003 
8 5964 6315 6354 6003 5965 6316 6355 6004 
8 5965 6316 6355 6004 5966 6317 6356 6005 
8 5966 6317 6356 6005 5967 6318 6357 6006 
8 5967 6318 6357 6006 5968 6319 6358 6007 
8 5968 6319 6358 6007 5969 6320 6359 6008 
8 5969 6320 6359 6008 5970 6321 6360 6009 
8 5970 6321 6360 6009 5971 6322 6361 6010 
8 5971 6322 6361 6010 5972 6323 6362 6011 
8 5972 6323 6362 6011 5973 6324 6363 6012 
8 5973 6324 6363 6012 5974 6325 6364 6013 
8 5974 6325 6364 6013 5975 6326 6365 6014 
8 5975 6326 6365 6014 5976 6327 6366 6015 
8 5976 6327 6366 6015 5977 6328 6367 6016 
8 5977 6328 6367 6016 5978 6329 6368 6017 
8 5978 6329 6368 6017 5979 6330 6369 6018 
8 5979 6330 6369 6018 5980 6331 6370 6019 
8 5980 6331 6370 6019 5981 6332 6371 6020 
8 5981 6332 6371 6020 5982 6333 6372 6021 
8 5982 6333 6372 6021 5983 6334 6373 6022 
8 5983 6334 6373 6022 5984 6335 6374 6023 
8 5984 6335 6374 6023 5985 6336 6375 6024 
8 5985 6336 6375 6024 5986 6337 6376 6025 
8 5986 6337 6376 6025 5987 6338 6377 6026 
8 5987 6338 6377 6026 5988 6339 6378 6027 
8 5988 6339 6378 6027 5989 6340 6379 6028 
8 5989 6340 6379 6028 837 846 847 838 
8 703 712 713 704 5990 6341 6380 6029 
8 5990 6341 6380 6029 5991 6342 6381 6030 
8 5991 6342 6381 6030 5992 6343 6382 6031 
8 5992 6343 6382 6031 5993 6344 6383 6032 
8 5993 6344 6383 6032 5994 6345 6384 6033 
8 5994 6345 6384 6033 5995 6346 6385 6034 
8 5995 6346 6385 6034 5996 6347 6386 6035 
8 5996 6347 6386 6035 5997 6348 6387 6036 
8 5997 6348 6387 6036 5998 6349 6388 6037 
8 5998 6349 6388 6037 5999 6350 6389 6038 
8 5999 6350 6389 6038 6000 6351 6390 6039 
8 6000 6351 6390 6039 6001 6352 6391 6040 
8 6001 6352 6391 6040 6002 6353 6392 6041 
8 6002 6353 6392 6041 6003 6354 6393 6042 
8 6003 6354 6393 6042 6004 6355 6394 6043 
8 6004 6355 6394 6043 6005 6356 6395 6044 
8 6005 6356 6395 6044 6006 6357 6396 6045 
8 6006 6357 6396 6045 6007 6358 6397 6046 
8 6007 6358 6397 6046 6008 6359 6398 6047 
8 6008 6359 6398 6047 6009 6360 6399 6048 
8 6009 6360 6399 6048 6010 6361 6400 6049 
8 6010 6361 6400 6049 6011 6362 6401 6050 
8 6011 6362 6401 6050 6012 6363 6402 6051 
8 6012 6363 6402 6051 6013 6364 6403 6052 
8 6013 6364 6403 6052 6014 6365 6404 6053 
8 6014 6365 6404 6053 6015 6366 6405 6054 
8 6015 6366 6405 6054 6016 6367 6406 6055 
8 6016 6367 6406 6055 6017 6368 6407 6056 
8 6017 6368 6407 6056 6018 6369 6408 6057 
8 6018 6369 6408 6057 6019 6370 6409 6058 
8 6019 6370 6409 6058 6020 6371 6410 6059 
8 6020 6371 6410 6059 6021 6372 6411 6060 
8 6021 6372 6411 6060 6022 6373 6412 6061 
8 6022 6373 6412 6061 6023 6374 6413 6062 
8 6023 6374 6413 6062 6024 6375 6414 6063 
8 6024 6375 6414 6063 6025 6376 6415 6064 
8 6025 6376 6415 6064 6026 6377 6416 6065 
8 6026 6377 6416 6065 6027 6378 6417 6066 
8 6027 6378 6417 6066 6028 6379 6418 6067 
8 6028 6379 6418 6067 838 847 848 839 
8 704 713 714 705 6029 6380 6419 6068 
8 6029 6380 6419 6068 6030 6381 6420 6069 
8 6030 6381 6420 6069 6031 6382 6421 6070 
8 6031 6382 6421 6070 6032 6383 6422 6071 
8 6032 6383 6422 6071 6033 6384 6423 6072 
8 6033 6384 6423 6072 6034 6385 6424 6073 
8 6034 6385 6424 6073 6035 6386 6425 6074 
8 6035 6386 6425 6074 6036 6387 6426 6075 
8 6036 6387 6426 6075 6037 6388 6427 6076 
8 6037 6388 6427 6076 6038 6389 6428 6077 
8 6038 6389 6428 6077 6039 6390 6429 6078 
8 6039 6390 6429 6078 6040 6391 6430 6079 
8 6040 6391 6430 6079 6041 6392 6431 6080 
8 6041 6392 6431 6080 6042 6393 6432 6081 
8 6042 6393 6432 6081 6043 6394 6433 6082 
8 6043 6394 6433 6082 6044 6395 6434 6083 
8 6044 6395 6434 6083 6045 6396 6435 6084 
8 6045 6396 6435 6084 6046 6397 6436 6085 
8 6046 6397 6436 6085 6047 6398 6437 6086 
8 6047 6398 6437 6086 6048 6399 6438 6087 
8 6048 6399 6438 6087 6049 6400 6439 6088 
8 6049 6400 6439 6088 6050 6401 6440 6089 
8 6050 6401 6440 6089 6051 6402 6441 6090 
8 6051 6402 6441 6090 6052 6403 6442 6091 
8 6052 6403 6442 6091 6053 6404 6443 6092 
8 6053 6404 6443 6092 6054 6405 6444 6093 
8 6054 6405 6444 6093 6055 6406 6445 6094 
8 6055 6406 6445 6094 6056 6407 6446 6095 
8 6056 6407 6446 6095 6057 6408 6447 6096 
8 6057 6408 6447 6096 6058 6409 6448 6097 
8 6058 6409 6448 6097 6059 6410 6449 6098 
8 6059 6410 6449 6098 6060 6411 6450 6099 
8 6060 6411 6450 6099 6061 6412 6451 6100 
8 6061 6412 6451 6100 6062 6413 6452 6101 
8 6062 6413 6452 6101 6063 6414 6453 6102 
8 6063 6414 6453 6102 6064 6415 6454 6103 
8 6064 6415 6454 6103 6065 6416 6455 6104 
8 6065 6416 6455 6104 6066 6417 6456 6105 
8 6066 6417 6456 6105 6067 6418 6457 6106 
8 6067 6418 6457 6106 839 848 849 840 
8 705 714 715 706 6068 6419 6458 6107 
8 6068 6419 6458 6107 6069 6420 6459 6108 
8 6069 6420 6459 6108 6070 6421 6460 6109 
8 6070 6421 6460 6109 6071 6422 6461 6110 
8 6071 6422 6461 6110 6072 6423 6462 6111 
8 6072 6423 6462 6111 6073 6424 6463 6112 
8 6073 6424 6463 6112 6074 6425 6464 6113 
8 6074 6425 6464 6113 6075 6426 6465 6114 
8 6075 6426 6465 6114 6076 6427 6466 6115 
8 6076 6427 6466 6115 6077 6428 6467 6116 
8 6077 6428 6467 6116 6078 6429 6468 6117 
8 6078 6429 6468 6117 6079 6430 6469 6118 
8 6079 6430 6469 6118 6080 6431 6470 6119 
8 6080 6431 6470 6119 6081 6432 6471 6120 
8 6081 6432 6471 6120 6082 6433 6472 6121 
8 6082 6433 6472 6121 6083 6434 6473 6122 
8 6083 6434 6473 6122 6084 6435 6474 6123 
8 6084 6435 6474 6123 6085 6436 6475 6124 
8 6085 6436 6475 6124 6086 6437 6476 6125 
8 6086 6437 6476 6125 6087 6438 6477 6126 
8 6087 6438 6477 6126 6088 6439 6478 6127 
8 6088 6439 6478 6127 6089 6440 6479 6128 
8 6089 6440 6479 6128 6090 6441 6480 6129 
8 6090 6441 6480 6129 6091 6442 6481 6130 
8 6091 6442 6481 6130 6092 6443 6482 6131 
8 6092 6443 6482 6131 6093 6444 6483 6132 
8 6093 6444 6483 6132 6094 6445 6484 6133 
8 6094 6445 6484 6133 6095 6446 6485 6134 
8 6095 6446 6485 6134 6096 6447 6486 6135 
8 6096 6447 6486 6135 6097 6448 6487 6136 
8 6097 6448 6487 6136 6098 6449 6488 6137 
8 6098 6449 6488 6137 6099 6450 6489 6138 
8 6099 6450 6489 6138 6100 6451 6490 6139 
8 6100 6451 6490 6139 6101 6452 6491 6140 
8 6101 6452 6491 6140 6102 6453 6492 6141 
8 6102 6453 6492 6141 6103 6454 6493 6142 
8 6103 6454 6493 6142 6104 6455 6494 6143 
8 6104 6455 6494 6143 6105 6456 6495 6144 
8 6105 6456 6495 6144 6106 6457 6496 6145 
8 6106 6457 6496 6145 840 849 850 841 
8 706 715 716 707 6107 6458 6497 6146 
8 6107 6458 6497 6146 6108 6459 6498 6147 
8 6108 6459 6498 6147 6109 6460 6499 6148 
8 6109 6460 6499 6148 6110 6461 6500 6149 
8 6110 6461 6500 6149 6111 6462 6501 6150 
8 6111 6462 6501 6150 6112 6463 6502 6151 
8 6112 6463 6502 6151 6113 6464 6503 6152 
8 6113 6464 6503 6152 6114 6465 6504 6153 
8 6114 6465 6504 6153 6115 6466 6505 6154 
8 6115 6466 6505 6154 6116 6467 6506 6155 
8 6116 6467 6506 6155 6117 6468 6507 6156 
8 6117 6468 6507 6156 6118 6469 6508 6157 
8 6118 6469 6508 6157 6119 6470 6509 6158 
8 6119 6470 6509 6158 6120 6471 6510 6159 
8 6120 6471 6510 6159 6121 6472 6511 6160 
8 6121 6472 6511 6160 6122 6473 6512 6161 
8 6122 6473 6512 6161 6123 6474 6513 6162 
8 6123 6474 6513 6162 6124 6475 6514 6163 
8 6124 6475 6514 6163 6125 6476 6515 6164 
8 6125 6476 6515 6164 6126 6477 6516 6165 
8 6126 6477 6516 6165 6127 6478 6517 6166 
8 6127 6478 6517 6166 6128 6479 6518 6167 
8 6128 6479 6518 6167 6129 6480 6519 6168 
8 6129 6480 6519 6168 6130 6481 6520 6169 
8 6130 6481 6520 6169 6131 6482 6521 6170 
8 6131 6482 6521 6170 6132 6483 6522 6171 
8 6132 6483 6522 6171 6133 6484 6523 6172 
8 6133 6484 6523 6172 6134 6485 6524 6173 
8 6134 6485 6524 6173 6135 6486 6525 6174 
8 6135 6486 6525 6174 6136 6487 6526 6175 
8 6136 6487 6526 6175 6137 6488 6527 6176 
8 6137 6488 6527 6176 6138 6489 6528 6177 
8 6138 6489 6528 6177 6139 6490 6529 6178 
8 6139 6490 6529 6178 6140 6491 6530 6179 
8 6140 6491 6530 6179 6141 6492 6531 6180 
8 6141 6492 6531 6180 6142 6493 6532 6181 
8 6142 6493 6532 6181 6143 6494 6533 6182 
8 6143 6494 6533 6182 6144 6495 6534 6183 
8 6144 6495 6534 6183 6145 6496 6535 6184 
8 6145 6496 6535 6184 841 850 851 842 
8 707 716 717 708 6146 6497 6536 6185 
8 6146 6497 6536 6185 6147 6498 6537 6186 
8 6147 6498 6537 6186 6148 6499 6538 6187 
8 6148 6499 6538 6187 6149 6500 6539 6188 
8 6149 6500 6539 6188 6150 6501 6540 6189 
8 6150 6501 6540 6189 6151 6502 6541 6190 
8 6151 6502 6541 6190 6152 6503 6542 6191 
8 6152 6503 6542 6191 6153 6504 6543 6192 
8 6153 6504 6543 6192 6154 6505 6544 6193 
8 6154 6505 6544 6193 6155 6506 6545 6194 
8 6155 6506 6545 6194 6156 6507 6546 6195 
8 6156 6507 6546 6195 6157 6508 6547 6196 
8 6157 6508 6547 6196 6158 6509 6548 6197 
8 6158 6509 6548 6197 6159 6510 6549 6198 
8 6159 6510 6549 6198 6160 6511 6550 6199 
8 6160 6511 6550 6199 6161 6512 6551 6200 
8 6161 6512 6551 6200 6162 6513 6552 6201 
8 6162 6513 6552 6201 6163 6514 6553 6202 
8 6163 6514 6553 6202 6164 6515 6554 6203 
8 6164 6515 6554 6203 6165 6516 6555 6204 
8 6165 6516 6555 6204 6166 6517 6556 6205 
8 6166 6517 6556 6205 6167 6518 6557 6206 
8 6167 6518 6557 6206 6168 6519 6558 6207 
8 6168 6519 6558 6207 6169 6520 6559 6208 
8 6169 6520 6559 6208 6170 6521 6560 6209 
8 6170 6521 6560 6209 6171 6522 6561 6210 
8 6171 6522 6561 6210 6172 6523 6562 6211 
8 6172 6523 6562 6211 6173 6524 6563 6212 
8 6173 6524 6563 6212 6174 6525 6564 6213 
8 6174 6525 6564 6213 6175 6526 6565 6214 
8 6175 6526 6565 6214 6176 6527 6566 6215 
8 6176 6527 6566 6215 6177 6528 6567 6216 
8 6177 6528 6567 6216 6178 6529 6568 6217 
8 6178 6529 6568 6217 6179 6530 6569 6218 
8 6179 6530 6569 6218 6180 6531 6570 6219 
8 6180 6531 6570 6219 6181 6532 6571 6220 
8 6181 6532 6571 6220 6182 6533 6572 6221 
8 6182 6533 6572 6221 6183 6534 6573 6222 
8 6183 6534 6573 6222 6184 6535 6574 6223 
8 6184 6535 6574 6223 842 851 852 843 
8 708 717 718 709 6185 6536 6575 6224 
8 6185 6536 6575 6224 6186 6537 6576 6225 
8 6186 6537 6576 6225 6187 6538 6577 6226 
8 6187 6538 6577 6226 6188 6539 6578 6227 
8 6188 6539 6578 6227 6189 6540 6579 6228 
8 6189 6540 6579 6228 6190 6541 6580 6229 
8 6190 6541 6580 6229 6191 6542 6581 6230 
8 6191 6542 6581 6230 6192 6543 6582 6231 
8 6192 6543 6582 6231 6193 6544 6583 6232 
8 6193 6544 6583 6232 6194 6545 6584 6233 
8 6194 6545 6584 6233 6195 6546 6585 6234 
8 6195 6546 6585 6234 6196 6547 6586 6235 
8 6196 6547 6586 6235 6197 6548 6587 6236 
8 6197 6548 6587 6236 6198 6549 6588 6237 
8 6198 6549 6588 6237 6199 6550 6589 6238 
8 6199 6550 6589 6238 6200 6551 6590 6239 
8 6200 6551 6590 6239 6201 6552 6591 6240 
8 6201 6552 6591 6240 6202 6553 6592 6241 
8 6202 6553 6592 6241 6203 6554 6593 6242 
8 6203 6554 6593 6242 6204 6555 6594 6243 
8 6204 6555 6594 6243 6205 6556 6595 6244 
8 6205 6556 6595 6244 6206 6557 6596 6245 
8 6206 6557 6596 6245 6207 6558 6597 6246 
8 6207 6558 6597 6246 6208 6559 6598 6247 
8 6208 6559 6598 6247 6209 6560 6599 6248 
8 6209 6560 6599 6248 6210 6561 6600 6249 
8 6210 6561 6600 6249 6211 6562 6601 6250 
8 6211 6562 6601 6250 6212 6563 6602 6251 
8 6212 6563 6602 6251 6213 6564 6603 6252 
8 6213 6564 6603 6252 6214 6565 6604 6253 
8 6214 6565 6604 6253 6215 6566 6605 6254 
8 6215 6566 6605 6254 6216 6567 6606 6255 
8 6216 6567 6606 6255 6217 6568 6607 6256 
8 6217 6568 6607 6256 6218 6569 6608 6257 
8 6218 6569 6608 6257 6219 6570 6609 6258 
8 6219 6570 6609 6258 6220 6571 6610 6259 
8 6220 6571 6610 6259 6221 6572 6611 6260 
8 6221 6572 6611 6260 6222 6573 6612 6261 
8 6222 6573 6612 6261 6223 6574 6613 6262 
8 6223 6574 6613 6262 843 852 853 844 
8 709 718 139 138 6224 6575 1895 1856 
8 6224 6575 1895 1856 6225 6576 1896 1857 
8 6225 6576 1896 1857 6226 6577 1897 1858 
8 6226 6577 1897 1858 6227 6578 1898 1859 
8 6227 6578 1898 1859 6228 6579 1899 1860 
8 6228 6579 1899 1860 6229 6580 1900 1861 
8 6229 6580 1900 1861 6230 6581 1901 1862 
8 6230 6581 1901 1862 6231 6582 1902 1863 
8 6231 6582 1902 1863 6232 6583 1903 1864 
8 6232 6583 1903 1864 6233 6584 1904 1865 
8 6233 6584 1904 1865 6234 6585 1905 1866 
8 6234 6585 1905 1866 6235 6586 1906 1867 
8 6235 6586 1906 1867 6236 6587 1907 1868 
8 6236 6587 1907 1868 6237 6588 1908 1869 
8 6237 6588 1908 1869 6238 6589 1909 1870 
8 6238 6589 1909 1870 6239 6590 1910 1871 
8 6239 6590 1910 1871 6240 6591 1911 1872 
8 6240 6591 1911 1872 6241 6592 1912 1873 
8 6241 6592 1912 1873 6242 6593 1913 1874 
8 6242 6593 1913 1874 6243 6594 1914 1875 
8 6243 6594 1914 1875 6244 6595 1915 1876 
8 6244 6595 1915 1876 6245 6596 1916 1877 
8 6245 6596 1916 1877 6246 6597 1917 1878 
8 6246 6597 1917 1878 6247 6598 1918 1879 
8 6247 6598 1918 1879 6248 6599 1919 1880 
8 6248 6599 1919 1880 6249 6600 1920 1881 
8 6249 6600 1920 1881 6250 6601 1921 1882 
8 6250 6601 1921 1882 6251 6602 1922 1883 
8 6251 6602 1922 1883 6252 6603 1923 1884 
8 6252 6603 1923 1884 6253 6604 1924 1885 
8 6253 6604 1924 1885 6254 6605 1925 1886 
8 6254 6605 1925 1886 6255 6606 1926 1887 
8 6255 6606 1926 1887 6256 6607 1927 1888 
8 6256 6607 1927 1888 6257 6608 1928 1889 
8 6257 6608 1928 1889 6258 6609 1929 1890 
8 6258 6609 1929 1890 6259 6610 1930 1891 
8 6259 6610 1930 1891 6260 6611 1931 1892 
8 6260 6611 1931 1892 6261 6612 1932 1893 
8 6261 6612 1932 1893 6262 6613 1933 1894 
8 6262 6613 1933 1894 844 853 178 177 
8 115 116 719 710 1310 1349 6614 6263 
8 1310 1349 6614 6263 1311 1350 6615 6264 
8 1311 1350 6615 6264 1312 1351 6616 6265 
8 1312 1351 6616 6265 1313 1352 6617 6266 
8 1313 1352 6617 6266 1314 1353 6618 6267 
8 1314 1353 6618 6267 1315 1354 6619 6268 
8 1315 1354 6619 6268 1316 1355 6620 6269 
8 1316 1355 6620 6269 1317 1356 6621 6270 
8 1317 1356 6621 6270 1318 1357 6622 6271 
8 1318 1357 6622 6271 1319 1358 6623 6272 
8 1319 1358 6623 6272 1320 1359 6624 6273 
8 1320 1359 6624 6273 1321 1360 6625 6274 
8 1321 1360 6625 6274 1322 1361 6626 6275 
8 1322 1361 6626 6275 1323 1362 6627 6276 
8 1323 1362 6627 6276 1324 1363 6628 6277 
8 1324 1363 6628 6277 1325 1364 6629 6278 
8 1325 1364 6629 6278 1326 1365 6630 6279 
8 1326 1365 6630 6279 1327 1366 6631 6280 
8 1327 1366 6631 6280 1328 1367 6632 6281 
8 1328 1367 6632 6281 1329 1368 6633 6282 
8 1329 1368 6633 6282 1330 1369 6634 6283 
8 1330 1369 6634 6283 1331 1370 6635 6284 
8 1331 1370 6635 6284 1332 1371 6636 6285 
8 1332 1371 6636 6285 1333 1372 6637 6286 
8 1333 1372 6637 6286 1334 1373 6638 6287 
8 1334 1373 6638 6287 1335 1374 6639 6288 
8 1335 1374 6639 6288 1336 1375 6640 6289 
8 1336 1375 6640 6289 1337 1376 6641 6290 
8 1337 1376 6641 6290 1338 1377 6642 6291 
8 1338 1377 6642 6291 1339 1378 6643 6292 
8 1339 1378 6643 6292 1340 1379 6644 6293 
8 1340 1379 6644 6293 1341 1380 6645 6294 
8 1341 1380 6645 6294 1342 1381 6646 6295 
8 1342 1381 6646 6295 1343 1382 6647 6296 
8 1343 1382 6647 6296 1344 1383 6648 6297 
8 1344 1383 6648 6297 1345 1384 6649 6298 
8 1345 1384 6649 6298 1346 1385 6650 6299 
8 1346 1385 6650 6299 1347 1386 6651 6300 
8 1347 1386 6651 6300 1348 1387 6652 6301 
8 1348 1387 6652 6301 154 155 854 845 
8 710 719 720 711 6263 6614 6653 6302 
8 6263 6614 6653 6302 6264 6615 6654 6303 
8 6264 6615 6654 6303 6265 6616 6655 6304 
8 6265 6616 6655 6304 6266 6617 6656 6305 
8 6266 6617 6656 6305 6267 6618 6657 6306 
8 6267 6618 6657 6306 6268 6619 6658 6307 
8 6268 6619 6658 6307 6269 6620 6659 6308 
8 6269 6620 6659 6308 6270 6621 6660 6309 
8 6270 6621 6660 6309 6271 6622 6661 6310 
8 6271 6622 6661 6310 6272 6623 6662 6311 
8 6272 6623 6662 6311 6273 6624 6663 6312 
8 6273 6624 6663 6312 6274 6625 6664 6313 
8 6274 6625 6664 6313 6275 6626 6665 6314 
8 6275 6626 6665 6314 6276 6627 6666 6315 
8 6276 6627 6666 6315 6277 6628 6667 6316 
8 6277 6628 6667 6316 6278 6629 6668 6317 
8 6278 6629 6668 6317 6279 6630 6669 6318 
8 6279 6630 6669 6318 6280 6631 6670 6319 
8 6280 6631 6670 6319 6281 6632 6671 6320 
8 6281 6632 6671 6320 6282 6633 6672 6321 
8 6282 6633 6672 6321 6283 6634 6673 6322 
8 6283 6634 6673 6322 6284 6635 6674 6323 
8 6284 6635 6674 6323 6285 6636 6675 6324 
8 6285 6636 6675 6324 6286 6637 6676 6325 
8 6286 6637 6676 6325 6287 6638 6677 6326 
8 6287 6638 6677 6326 6288 6639 6678 6327 
8 6288 6639 6678 6327 6289 6640 6679 6328 
8 6289 6640 6679 6328 6290 6641 6680 6329 
8 6290 6641 6680 6329 6291 6642 6681 6330 
8 6291 6642 6681 6330 6292 6643 6682 6331 
8 6292 6643 6682 6331 6293 6644 6683 6332 
8 6293 6644 6683 6332 6294 6645 6684 6333 
8 6294 6645 6684 6333 6295 6646 6685 6334 
8 6295 6646 6685 6334 6296 6647 6686 6335 
8 6296 6647 6686 6335 6297 6648 6687 6336 
8 6297 6648 6687 6336 6298 6649 6688 6337 
8 6298 6649 6688 6337 6299 6650 6689 6338 
8 6299 6650 6689 6338 6300 6651 6690 6339 
8 6300 6651 6690 6339 6301 6652 6691 6340 
8 6301 6652 6691 6340 845 854 855 846 
8 711 720 721 712 6302 6653 6692 6341 
8 6302 6653 6692 6341 6303 6654 6693 6342 
8 6303 6654 6693 6342 6304 6655 6694 6343 
8 6304 6655 6694 6343 6305 6656 6695 6344 
8 6305 6656 6695 6344 6306 6657 6696 6345 
8 6306 6657 6696 6345 6307 6658 6697 6346 
8 6307 6658 6697 6346 6308 6659 6698 6347 
8 6308 6659 6698 6347 6309 6660 6699 6348 
8 6309 6660 6699 6348 6310 6661 6700 6349 
8 6310 6661 6700 6349 6311 6662 6701 6350 
8 6311 6662 6701 6350 6312 6663 6702 6351 
8 6312 6663 6702 6351 6313 6664 6703 6352 
8 6313 6664 6703 6352 6314 6665 6704 6353 
8 6314 6665 6704 6353 6315 6666 6705 6354 
8 6315 6666 6705 6354 6316 6667 6706 6355 
8 6316 6667 6706 6355 6317 6668 6707 6356 
8 6317 6668 6707 6356 6318 6669 6708 6357 
8 6318 6669 6708 6357 6319 6670 6709 6358 
8 6319 6670 6709 6358 6320 6671 6710 6359 
8 6320 6671 6710 6359 6321 6672 6711 6360 
8 6321 6672 6711 6360 6322 6673 6712 6361 
8 6322 6673 6712 6361 6323 6674 6713 6362 
8 6323 6674 6713 6362 6324 6675 6714 6363 
8 6324 6675 6714 6363 6325 6676 6715 6364 
8 6325 6676 6715 6364 6326 6677 6716 6365 
8 6326 6677 6716 6365 6327 6678 6717 6366 
8 6327 6678 6717 6366 6328 6679 6718 6367 
8 6328 6679 6718 6367 6329 6680 6719 6368 
8 6329 6680 6719 6368 6330 6681 6720 6369 
8 6330 6681 6720 6369 6331 6682 6721 6370 
8 6331 6682 6721 6370 6332 6683 6722 6371 
8 6332 6683 6722 6371 6333 6684 6723 6372 
8 6333 6684 6723 6372 6334 6685 6724 6373 
8 6334 6685 6724 6373 6335 6686 6725 6374 
8 6335 6686 6725 6374 6336 6687 6726 6375 
8 6336 6687 6726 6375 6337 6688 6727 6376 
8 6337 6688 6727 6376 6338 6689 6728 6377 
8 6338 6689 6728 6377 6339 6690 6729 6378 
8 6339 6690 6729 6378 6340 6691 6730 6379 
8 6340 6691 6730 6379 846 855 856 847 
8 712 721 722 713 6341 6692 6731 6380 
8 6341 6692 6731 6380 6342 6693 6732 6381 
8 6342 6693 6732 6381 6343 6694 6733 6382 
8 6343 6694 6733 6382 6344 6695 6734 6383 
8 6344 6695 6734 6383 6345 6696 6735 6384 
8 6345 6696 6735 6384 6346 6697 6736 6385 
8 6346 6697 6736 6385 6347 6698 6737 6386 
8 6347 6698 6737 6386 6348 6699 6738 6387 
8 6348 6699 6738 6387 6349 6700 6739 6388 
8 6349 6700 6739 6388 6350 6701 6740 6389 
8 6350 6701 6740 6389 6351 6702 6741 6390 
8 6351 6702 6741 6390 6352 6703 6742 6391 
8 6352 6703 6742 6391 6353 6704 6743 6392 
8 6353 6704 6743 6392 6354 6705 6744 6393 
8 6354 6705 6744 6393 6355 6706 6745 6394 
8 6355 6706 6745 6394 6356 6707 6746 6395 
8 6356 6707 6746 6395 6357 6708 6747 6396 
8 6357 6708 6747 6396 6358 6709 6748 6397 
8 6358 6709 6748 6397 6359 6710 6749 6398 
8 6359 6710 6749 6398 6360 6711 6750 6399 
8 6360 6711 6750 6399 6361 6712 6751 6400 
8 6361 6712 6751 6400 6362 6713 6752 6401 
8 6362 6713 6752 6401 6363 6714 6753 6402 
8 6363 6714 6753 6402 6364 6715 6754 6403 
8 6364 6715 6754 6403 6365 6716 6755 6404 
8 6365 6716 6755 6404 6366 6717 6756 6405 
8 6366 6717 6756 6405 6367 6718 6757 6406 
8 6367 6718 6757 6406 6368 6719 6758 6407 
8 6368 6719 6758 6407 6369 6720 6759 6408 
8 6369 6720 6759 6408 6370 6721 6760 6409 
8 6370 6721 6760 6409 6371 6722 6761 6410 
8 6371 6722 6761 6410 6372 6723 6762 6411 
8 6372 6723 6762 6411 6373 6724 6763 6412 
8 6373 6724 6763 6412 6374 6725 6764 6413 
8 6374 6725 6764 6413 6375 6726 6765 6414 
8 6375 6726 6765 6414 6376 6727 6766 6415 
8 6376 6727 6766 6415 6377 6728 6767 6416 
8 6377 6728 6767 6416 6378 6729 6768 6417 
8 6378 6729 6768 6417 6379 6730 6769 6418 
8 6379 6730 6769 6418 847 856 857 848 
8 713 722 723 714 6380 6731 6770 6419 
8 6380 6731 6770 6419 6381 6732 6771 6420 
8 6381 6732 6771 6420 6382 6733 6772 6421 
8 6382 6733 6772 6421 6383 6734 6773 6422 
8 6383 6734 6773 6422 6384 6735 6774 6423 
8 6384 6735 6774 6423 6385 6736 6775 6424 
8 6385 6736 6775 6424 6386 6737 6776 6425 
8 6386 6737 6776 6425 6387 6738 6777 6426 
8 6387 6738 6777 6426 6388 6739 6778 6427 
8 6388 6739 6778 6427 6389 6740 6779 6428 
8 6389 6740 6779 6428 6390 6741 6780 6429 
8 6390 6741 6780 6429 6391 6742 6781 6430 
8 6391 6742 6781 6430 6392 6743 6782 6431 
8 6392 6743 6782 6431 6393 6744 6783 6432 
8 6393 6744 6783 6432 6394 6745 6784 6433 
8 6394 6745 6784 6433 6395 6746 6785 6434 
8 6395 6746 6785 6434 6396 6747 6786 6435 
8 6396 6747 6786 6435 6397 6748 6787 6436 
8 6397 6748 6787 6436 6398 6749 6788 6437 
8 6398 6749 6788 6437 6399 6750 6789 6438 
8 6399 6750 6789 6438 6400 6751 6790 6439 
8 6400 6751 6790 6439 6401 6752 6791 6440 
8 6401 6752 6791 6440 6402 6753 6792 6441 
8 6402 6753 6792 6441 6403 6754 6793 6442 
8 6403 6754 6793 6442 6404 6755 6794 6443 
8 6404 6755 6794 6443 6405 6756 6795 6444 
8 6405 6756 6795 6444 6406 6757 6796 6445 
8 6406 6757 6796 6445 6407 6758 6797 6446 
8 6407 6758 6797 6446 6408 6759 6798 6447 
8 6408 6759 6798 6447 6409 6760 6799 6448 
8 6409 6760 6799 6448 6410 6761 6800 6449 
8 6410 6761 6800 6449 6411 6762 6801 6450 
8 6411 6762 6801 6450 6412 6763 6802 6451 
8 6412 6763 6802 6451 6413 6764 6803 6452 
8 6413 6764 6803 6452 6414 6765 6804 6453 
8 6414 6765 6804 6453 6415 6766 6805 6454 
8 6415 6766 6805 6454 6416 6767 6806 6455 
8 6416 6767 6806 6455 6417 6768 6807 6456 
8 6417 6768 6807 6456 6418 6769 6808 6457 
8 6418 6769 6808 6457 848 857 858 849 
8 714 723 724 715 6419 6770 6809 6458 
8 6419 6770 6809 6458 6420 6771 6810 6459 
8 6420 6771 6810 6459 6421 6772 6811 6460 
8 6421 6772 6811 6460 6422 6773 6812 6461 
8 6422 6773 6812 6461 6423 6774 6813 6462 
8 6423 6774 6813 6462 6424 6775 6814 6463 
8 6424 6775 6814 6463 6425 6776 6815 6464 
8 6425 6776 6815 6464 6426 6777 6816 6465 
8 6426 6777 6816 6465 6427 6778 6817 6466 
8 6427 6778 6817 6466 6428 6779 6818 6467 
8 6428 6779 6818 6467 6429 6780 6819 6468 
8 6429 6780 6819 6468 6430 6781 6820 6469 
8 6430 6781 6820 6469 6431 6782 6821 6470 
8 6431 6782 6821 6470 6432 6783 6822 6471 
8 6432 6783 6822 6471 6433 6784 6823 6472 
8 6433 6784 6823 6472 6434 6785 6824 6473 
8 6434 6785 6824 6473 6435 6786 6825 6474 
8 6435 6786 6825 6474 6436 6787 6826 6475 
8 6436 6787 6826 6475 6437 6788 6827 6476 
8 6437 6788 6827 6476 6438 6789 6828 6477 
8 6438 6789 6828 6477 6439 6790 6829 6478 
8 6439 6790 6829 6478 6440 6791 6830 6479 
8 6440 6791 6830 6479 6441 6792 6831 6480 
8 6441 6792 6831 6480 6442 6793 6832 6481 
8 6442 6793 6832 6481 6443 6794 6833 6482 
8 6443 6794 6833 6482 6444 6795 6834 6483 
8 6444 6795 6834 6483 6445 6796 6835 6484 
8 6445 6796 6835 6484 6446 6797 6836 6485 
8 6446 6797 6836 6485 6447 6798 6837 6486 
8 6447 6798 6837 6486 6448 6799 6838 6487 
8 6448 6799 6838 6487 6449 6800 6839 6488 
8 6449 6800 6839 6488 6450 6801 6840 6489 
8 6450 6801 6840 6489 6451 6802 6841 6490 
8 6451 6802 6841 6490 6452 6803 6842 6491 
8 6452 6803 6842 6491 6453 6804 6843 6492 
8 6453 6804 6843 6492 6454 6805 6844 6493 
8 6454 6805 6844 6493 6455 6806 6845 6494 
8 6455 6806 6845 6494 6456 6807 6846 6495 
8 6456 6807 6846 6495 6457 6808 6847 6496 
8 6457 6808 6847 6496 849 858 859 850 
8 715 724 725 716 6458 6809 6848 6497 
8 6458 6809 6848 6497 6459 6810 6849 6498 
8 6459 6810 6849 6498 6460 6811 6850 6499 
8 6460 6811 6850 6499 6461 6812 6851 6500 
8 6461 6812 6851 6500 6462 6813 6852 6501 
8 6462 6813 6852 6501 6463 6814 6853 6502 
8 6463 6814 6853 6502 6464 6815 6854 6503 
8 6464 6815 6854 6503 6465 6816 6855 6504 
8 6465 6816 6855 6504 6466 6817 6856 6505 
8 6466 6817 6856 6505 6467 6818 6857 6506 
8 6467 6818 6857 6506 6468 6819 6858 6507 
8 6468 6819 6858 6507 6469 6820 6859 6508 
8 6469 6820 6859 6508 6470 6821 6860 6509 
8 6470 6821 6860 6509 6471 6822 6861 6510 
8 6471 6822 6861 6510 6472 6823 6862 6511 
8 6472 6823 6862 6511 6473 6824 6863 6512 
8 6473 6824 6863 6512 6474 6825 6864 6513 
8 6474 6825 6864 6513 6475 6826 6865 6514 
8 6475 6826 6865 6514 6476 6827 6866 6515 
8 6476 6827 6866 6515 6477 6828 6867 6516 
8 6477 6828 6867 6516 6478 6829 6868 6517 
8 6478 6829 6868 6517 6479 6830 6869 6518 
8 6479 6830 6869 6518 6480 6831 6870 6519 
8 6480 6831 6870 6519 6481 6832 6871 6520 
8 6481 6832 6871 6520 6482 6833 6872 6521 
8 6482 6833 6872 6521 6483 6834 6873 6522 
8 6483 6834 6873 6522 6484 6835 6874 6523 
8 6484 6835 6874 6523 6485 6836 6875 6524 
8 6485 6836 6875 6524 6486 6837 6876 6525 
8 6486 6837 6876 6525 6487 6838 6877 6526 
8 6487 6838 6877 6526 6488 6839 6878 6527 
8 6488 6839 6878 6527 6489 6840 6879 6528 
8 6489 6840 6879 6528 6490 6841 6880 6529 
8 6490 6841 6880 6529 6491 6842 6881 6530 
8 6491 6842 6881 6530 6492 6843 6882 6531 
8 6492 6843 6882 6531 6493 6844 6883 6532 
8 6493 6844 6883 6532 6494 6845 6884 6533 
8 6494 6845 6884 6533 6495 6846 6885 6534 
8 6495 6846 6885 6534 6496 6847 6886 6535 
8 6496 6847 6886 6535 850 859 860 851 
8 716 725 726 717 6497 6848 6887 6536 
8 6497 6848 6887 6536 6498 6849 6888 6537 
8 6498 6849 6888 6537 6499 6850 6889 6538 
8 6499 6850 6889 6538 6500 6851 6890 6539 
8 6500 6851 6890 6539 6501 6852 6891 6540 
8 6501 6852 6891 6540 6502 6853 6892 6541 
8 6502 6853 6892 6541 6503 6854 6893 6542 
8 6503 6854 6893 6542 6504 6855 6894 6543 
8 6504 6855 6894 6543 6505 6856 6895 6544 
8 6505 6856 6895 6544 6506 6857 6896 6545 
8 6506 6857 6896 6545 6507 6858 6897 6546 
8 6507 6858 6897 6546 6508 6859 6898 6547 
8 6508 6859 6898 6547 6509 6860 6899 6548 
8 6509 6860 6899 6548 6510 6861 6900 6549 
8 6510 6861 6900 6549 6511 6862 6901 6550 
8 6511 6862 6901 6550 6512 6863 6902 6551 
8 6512 6863 6902 6551 6513 6864 6903 6552 
8 6513 6864 6903 6552 6514 6865 6904 6553 
8 6514 6865 6904 6553 6515 6866 6905 6554 
8 6515 6866 6905 6554 6516 6867 6906 6555 
8 6516 6867 6906 6555 6517 6868 6907 6556 
8 6517 6868 6907 6556 6518 6869 6908 6557 
8 6518 6869 6908 6557 6519 6870 6909 6558 
8 6519 6870 6909 6558 6520 6871 6910 6559 
8 6520 6871 6910 6559 6521 6872 6911 6560 
8 6521 6872 6911 6560 6522 6873 6912 6561 
8 6522 6873 6912 6561 6523 6874 6913 6562 
8 6523 6874 6913 6562 6524 6875 6914 6563 
8 6524 6875 6914 6563 6525 6876 6915 6564 
8 6525 6876 6915 6564 6526 6877 6916 6565 
8 6526 6877 6916 6565 6527 6878 6917 6566 
8 6527 6878 6917 6566 6528 6879 6918 6567 
8 6528 6879 6918 6567 6529 6880 6919 6568 
8 6529 6880 6919 6568 6530 6881 6920 6569 
8 6530 6881 6920 6569 6531 6882 6921 6570 
8 6531 6882 6921 6570 6532 6883 6922 6571 
8 6532 6883 6922 6571 6533 6884 6923 6572 
8 6533 6884 6923 6572 6534 6885 6924 6573 
8 6534 6885 6924 6573 6535 6886 6925 6574 
8 6535 6886 6925 6574 851 860 861 852 
8 717 726 727 718 6536 6887 6926 6575 
8 6536 6887 6926 6575 6537 6888 6927 6576 
8 6537 6888 6927 6576 6538 6889 6928 6577 
8 6538 6889 6928 6577 6539 6890 6929 6578 
8 6539 6890 6929 6578 6540 6891 6930 6579 
8 6540 6891 6930 6579 6541 6892 6931 6580 
8 6541 6892 6931 6580 6542 6893 6932 6581 
8 6542 6893 6932 6581 6543 6894 6933 6582 
8 6543 6894 6933 6582 6544 6895 6934 6583 
8 6544 6895 6934 6583 6545 6896 6935 6584 
8 6545 6896 6935 6584 6546 6897 6936 6585 
8 6546 6897 6936 6585 6547 6898 6937 6586 
8 6547 6898 6937 6586 6548 6899 6938 6587 
8 6548 6899 6938 6587 6549 6900 6939 6588 
8 6549 6900 6939 6588 6550 6901 6940 6589 
8 6550 6901 6940 6589 6551 6902 6941 6590 
8 6551 6902 6941 6590 6552 6903 6942 6591 
8 6552 6903 6942 6591 6553 6904 6943 6592 
8 6553 6904 6943 6592 6554 6905 6944 6593 
8 6554 6905 6944 6593 6555 6906 6945 6594 
8 6555 6906 6945 6594 6556 6907 6946 6595 
8 6556 6907 6946 6595 6557 6908 6947 6596 
8 6557 6908 6947 6596 6558 6909 6948 6597 
8 6558 6909 6948 6597 6559 6910 6949 6598 
8 6559 6910 6949 6598 6560 6911 6950 6599 
8 6560 6911 6950 6599 6561 6912 6951 6600 
8 6561 6912 6951 6600 6562 6913 6952 6601 
8 6562 6913 6952 6601 6563 6914 6953 6602 
8 6563 6914 6953 6602 6564 6915 6954 6603 
8 6564 6915 6954 6603 6565 6916 6955 6604 
8 6565 6916 6955 6604 6566 6917 6956 6605 
8 6566 6917 6956 6605 6567 6918 6957 6606 
8 6567 6918 6957 6606 6568 6919 6958 6607 
8 6568 6919 6958 6607 6569 6920 6959 6608 
8 6569 6920 6959 6608 6570 6921 6960 6609 
8 6570 6921 6960 6609 6571 6922 6961 6610 
8 6571 6922 6961 6610 6572 6923 6962 6611 
8 6572 6923 6962 6611 6573 6924 6963 6612 
8 6573 6924 6963 6612 6574 6925 6964 6613 
8 6574 6925 6964 6613 852 861 862 853 
8 718 727 140 139 6575 6926 1934 1895 
8 6575 6926 1934 1895 6576 6927 1935 1896 
8 6576 6927 1935 1896 6577 6928 1936 1897 
8 6577 6928 1936 1897 6578 6929 1937 1898 
8 6578 6929 1937 1898 6579 6930 1938 1899 
8 6579 6930 1938 1899 6580 6931 1939 1900 
8 6580 6931 1939 1900 6581 6932 1940 1901 
8 6581 6932 1940 1901 6582 6933 1941 1902 
8 6582 6933 1941 1902 6583 6934 1942 1903 
8 6583 6934 1942 1903 6584 6935 1943 1904 
8 6584 6935 1943 1904 6585 6936 1944 1905 
8 6585 6936 1944 1905 6586 6937 1945 1906 
8 6586 6937 1945 1906 6587 6938 1946 1907 
8 6587 6938 1946 1907 6588 6939 1947 1908 
8 6588 6939 1947 1908 6589 6940 1948 1909 
8 6589 6940 1948 1909 6590 6941 1949 1910 
8 6590 6941 1949 1910 6591 6942 1950 1911 
8 6591 6942 1950 1911 6592 6943 1951 1912 
8 6592 6943 1951 1912 6593 6944 1952 1913 
8 6593 6944 1952 1913 6594 6945 1953 1914 
8 6594 6945 1953 1914 6595 6946 1954 1915 
8 6595 6946 1954 1915 6596 6947 1955 1916 
8 6596 6947 1955 1916 6597 6948 1956 1917 
8 6597 6948 1956 1917 6598 6949 1957 1918 
8 6598 6949 1957 1918 6599 6950 1958 1919 
8 6599 6950 1958 1919 6600 6951 1959 1920 
8 6600 6951 1959 1920 6601 6952 1960 1921 
8 6601 6952 1960 1921 6602 6953 1961 1922 
8 6602 6953 1961 1922 6603 6954 1962 1923 
8 6603 6954 1962 1923 6604 6955 1963 1924 
8 6604 6955 1963 1924 6605 6956 1964 1925 
8 6605 6956 1964 1925 6606 6957 1965 1926 
8 6606 6957 1965 1926 6607 6958 1966 1927 
8 6607 6958 1966 1927 6608 6959 1967 1928 
8 6608 6959 1967 1928 6609 6960 1968 1929 
8 6609 6960 1968 1929 6610 6961 1969 1930 
8 6610 6961 1969 1930 6611 6962 1970 1931 
8 6611 6962 1970 1931 6612 6963 1971 1932 
8 6612 6963 1971 1932 6613 6964 1972 1933 
8 6613 6964 1972 1933 853 862 179 178 
8 116 117 728 719 1349 1388 6965 6614 
8 1349 1388 6965 6614 1350 1389 6966 6615 
8 1350 1389 6966 6615 1351 1390 6967 6616 
8 1351 1390 6967 6616 1352 1391 6968 6617 
8 1352 1391 6968 6617 1353 1392 6969 6618 
8 1353 1392 6969 6618 1354 1393 6970 6619 
8 1354 1393 6970 6619 1355 1394 6971 6620 
8 1355 1394 6971 6620 1356 1395 6972 6621 
8 1356 1395 6972 6621 1357 1396 6973 6622 
8 1357 1396 6973 6622 1358 1397 6974 6623 
8 1358 1397 6974 6623 1359 1398 6975 6624 
8 1359 1398 6975 6624 1360 1399 6976 6625 
8 1360 1399 6976 6625 1361 1400 6977 6626 
8 1361 1400 6977 6626 1362 1401 6978 6627 
8 1362 1401 6978 6627 1363 1402 6979 6628 
8 1363 1402 6979 6628 1364 1403 6980 6629 
8 1364 1403 6980 6629 1365 1404 6981 6630 
8 1365 1404 6981 6630 1366 1405 6982 6631 
8 1366 1405 6982 6631 1367 1406 6983 6632 
8 1367 1406 6983 6632 1368 1407 6984 6633 
8 1368 1407 6984 6633 1369 1408 6985 6634 
8 1369 1408 6985 6634 1370 1409 6986 6635 
8 1370 1409 6986 6635 1371 1410 6987 6636 
8 1371 1410 6987 6636 1372 1411 6988 6637 
8 1372 1411 6988 6637 1373 1412 6989 6638 
8 1373 1412 6989 6638 1374 1413 6990 6639 
8 1374 1413 6990 6639 1375 1414 6991 6640 
8 1375 1414 6991 6640 1376 1415 6992 6641 
8 1376 1415 6992 6641 1377 1416 6993 6642 
8 1377 1416 6993 6642 1378 1417 6994 6643 
8 1378 1417 6994 6643 1379 1418 6995 6644 
8 1379 1418 6995 6644 1380 1419 6996 6645 
8 1380 1419 6996 6645 1381 1420 6997 6646 
8 1381 1420 6997 6646 1382 1421 6998 6647 
8 1382 1421 6998 6647 1383 1422 6999 6648 
8 1383 1422 6999 6648 1384 1423 7000 6649 
8 1384 1423 7000 6649 1385 1424 7001 6650 
8 1385 1424 7001 6650 1386 1425 7002 6651 
8 1386 1425 7002 6651 1387 1426 7003 6652 
8 1387 1426 7003 6652 155 156 863 854 
8 719 728 729 720 6614 6965 7004 6653 
8 6614 6965 7004 6653 6615 6966 7005 6654 
8 6615 6966 7005 6654 6616 6967 7006 6655 
8 6616 6967 7006 6655 6617 6968 7007 6656 
8 6617 6968 7007 6656 6618 6969 7008 6657 
8 6618 6969 7008 6657 6619 6970 7009 6658 
8 6619 6970 7009 6658 6620 6971 7010 6659 
8 6620 6971 7010 6659 6621 6972 7011 6660 
8 6621 6972 7011 6660 6622 6973 7012 6661 
8 6622 6973 7012 6661 6623 6974 7013 6662 
8 6623 6974 7013 6662 6624 6975 7014 6663 
8 6624 6975 7014 6663 6625 6976 7015 6664 
8 6625 6976 7015 6664 6626 6977 7016 6665 
8 6626 6977 7016 6665 6627 6978 7017 6666 
8 6627 6978 7017 6666 6628 6979 7018 6667 
8 6628 6979 7018 6667 6629 6980 7019 6668 
8 6629 6980 7019 6668 6630 6981 7020 6669 
8 6630 6981 7020 6669 6631 6982 7021 6670 
8 6631 6982 7021 6670 6632 6983 7022 6671 
8 6632 6983 7022 6671 6633 6984 7023 6672 
8 6633 6984 7023 6672 6634 6985 7024 6673 
8 6634 6985 7024 6673 6635 6986 7025 6674 
8 6635 6986 7025 6674 6636 6987 7026 6675 
8 6636 6987 7026 6675 6637 6988 7027 6676 
8 6637 6988 7027 6676 6638 6989 7028 6677 
8 6638 6989 7028 6677 6639 6990 7029 6678 
8 6639 6990 7029 6678 6640 6991 7030 6679 
8 6640 6991 7030 6679 6641 6992 7031 6680 
8 6641 6992 7031 6680 6642 6993 7032 6681 
8 6642 6993 7032 6681 6643 6994 7033 6682 
8 6643 6994 7033 6682 6644 6995 7034 6683 
8 6644 6995 7034 6683 6645 6996 7035 6684 
8 6645 6996 7035 6684 6646 6997 7036 6685 
8 6646 6997 7036 6685 6647 6998 7037 6686 
8 6647 6998 7037 6686 6648 6999 7038 6687 
8 6648 6999 7038 6687 6649 7000 7039 6688 
8 6649 7000 7039 6688 6650 7001 7040 6689 
8 6650 7001 7040 6689 6651 7002 7041 6690 
8 6651 7002 7041 6690 6652 7003 7042 6691 
8 6652 7003 7042 6691 854 863 864 855 
8 720 729 730 721 6653 7004 7043 6692 
8 6653 7004 7043 6692 6654 7005 7044 6693 
8 6654 7005 7044 6693 6655 7006 7045 6694 
8 6655 7006 7045 6694 6656 7007 7046 6695 
8 6656 7007 7046 6695 6657 7008 7047 6696 
8 6657 7008 7047 6696 6658 7009 7048 6697 
8 6658 7009 7048 6697 6659 7010 7049 6698 
8 6659 7010 7049 6698 6660 7011 7050 6699 
8 6660 7011 7050 6699 6661 7012 7051 6700 
8 6661 7012 7051 6700 6662 7013 7052 6701 
8 6662 7013 7052 6701 6663 7014 7053 6702 
8 6663 7014 7053 6702 6664 7015 7054 6703 
8 6664 7015 7054 6703 6665 7016 7055 6704 
8 6665 7016 7055 6704 6666 7017 7056 6705 
8 6666 7017 7056 6705 6667 7018 7057 6706 
8 6667 7018 7057 6706 6668 7019 7058 6707 
8 6668 7019 7058 6707 6669 7020 7059 6708 
8 6669 7020 7059 6708 6670 7021 7060 6709 
8 6670 7021 7060 6709 6671 7022 7061 6710 
8 6671 7022 7061 6710 6672 7023 7062 6711 
8 6672 7023 7062 6711 6673 7024 7063 6712 
8 6673 7024 7063 6712 6674 7025 7064 6713 
8 6674 7025 7064 6713 6675 7026 7065 6714 
8 6675 7026 7065 6714 6676 7027 7066 6715 
8 6676 7027 7066 6715 6677 7028 7067 6716 
8 6677 7028 7067 6716 6678 7029 7068 6717 
8 6678 7029 7068 6717 6679 7030 7069 6718 
8 6679 7030 7069 6718 6680 7031 7070 6719 
8 6680 7031 7070 6719 6681 7032 7071 6720 
8 6681 7032 7071 6720 6682 7033 7072 6721 
8 6682 7033 7072 6721 6683 7034 7073 6722 
8 6683 7034 7073 6722 6684 7035 7074 6723 
8 6684 7035 7074 6723 6685 7036 7075 6724 
8 6685 7036 7075 6724 6686 7037 7076 6725 
8 6686 7037 7076 6725 6687 7038 7077 6726 
8 6687 7038 7077 6726 6688 7039 7078 6727 
8 6688 7039 7078 6727 6689 7040 7079 6728 
8 6689 7040 7079 6728 6690 7041 7080 6729 
8 6690 7041 7080 6729 6691 7042 7081 6730 
8 6691 7042 7081 6730 855 864 865 856 
8 721 730 731 722 6692 7043 7082 6731 
8 6692 7043 7082 6731 6693 7044 7083 6732 
8 6693 7044 7083 6732 6694 7045 7084 6733 
8 6694 7045 7084 6733 6695 7046 7085 6734 
8 6695 7046 7085 6734 6696 7047 7086 6735 
8 6696 7047 7086 6735 6697 7048 7087 6736 
8 6697 7048 7087 6736 6698 7049 7088 6737 
8 6698 7049 7088 6737 6699 7050 7089 6738 
8 6699 7050 7089 6738 6700 7051 7090 6739 
8 6700 7051 7090 6739 6701 7052 7091 6740 
8 6701 7052 7091 6740 6702 7053 7092 6741 
8 6702 7053 7092 6741 6703 7054 7093 6742 
8 6703 7054 7093 6742 6704 7055 7094 6743 
8 6704 7055 7094 6743 6705 7056 7095 6744 
8 6705 7056 7095 6744 6706 7057 7096 6745 
8 6706 7057 7096 6745 6707 7058 7097 6746 
8 6707 7058 7097 6746 6708 7059 7098 6747 
8 6708 7059 7098 6747 6709 7060 7099 6748 
8 6709 7060 7099 6748 6710 7061 7100 6749 
8 6710 7061 7100 6749 6711 7062 7101 6750 
8 6711 7062 7101 6750 6712 7063 7102 6751 
8 6712 7063 7102 6751 6713 7064 7103 6752 
8 6713 7064 7103 6752 6714 7065 7104 6753 
8 6714 7065 7104 6753 6715 7066 7105 6754 
8 6715 7066 7105 6754 6716 7067 7106 6755 
8 6716 7067 7106 6755 6717 7068 7107 6756 
8 6717 7068 7107 6756 6718 7069 7108 6757 
8 6718 7069 7108 6757 6719 7070 7109 6758 
8 6719 7070 7109 6758 6720 7071 7110 6759 
8 6720 7071 7110 6759 6721 7072 7111 6760 
8 6721 7072 7111 6760 6722 7073 7112 6761 
8 6722 7073 7112 6761 6723 7074 7113 6762 
8 6723 7074 7113 6762 6724 7075 7114 6763 
8 6724 7075 7114 6763 6725 7076 7115 6764 
8 6725 7076 7115 6764 6726 7077 7116 6765 
8 6726 7077 7116 6765 6727 7078 7117 6766 
8 6727 7078 7117 6766 6728 7079 7118 6767 
8 6728 7079 7118 6767 6729 7080 7119 6768 
8 6729 7080 7119 6768 6730 7081 7120 6769 
8 6730 7081 7120 6769 856 865 866 857 
8 722 731 732 723 6731 7082 7121 6770 
8 6731 7082 7121 6770 6732 7083 7122 6771 
8 6732 7083 7122 6771 6733 7084 7123 6772 
8 6733 7084 7123 6772 6734 7085 7124 6773 
8 6734 7085 7124 6773 6735 7086 7125 6774 
8 6735 7086 7125 6774 6736 7087 7126 6775 
8 6736 7087 7126 6775 6737 7088 7127 6776 
8 6737 7088 7127 6776 6738 7089 7128 6777 
8 6738 7089 7128 6777 6739 7090 7129 6778 
8 6739 7090 7129 6778 6740 7091 7130 6779 
8 6740 7091 7130 6779 6741 7092 7131 6780 
8 6741 7092 7131 6780 6742 7093 7132 6781 
8 6742 7093 7132 6781 6743 7094 7133 6782 
8 6743 7094 7133 6782 6744 7095 7134 6783 
8 6744 7095 7134 6783 6745 7096 7135 6784 
8 6745 7096 7135 6784 6746 7097 7136 6785 
8 6746 7097 7136 6785 6747 7098 7137 6786 
8 6747 7098 7137 6786 6748 7099 7138 6787 
8 6748 7099 7138 6787 6749 7100 7139 6788 
8 6749 7100 7139 6788 6750 7101 7140 6789 
8 6750 7101 7140 6789 6751 7102 7141 6790 
8 6751 7102 7141 6790 6752 7103 7142 6791 
8 6752 7103 7142 6791 6753 7104 7143 6792 
8 6753 7104 7143 6792 6754 7105 7144 6793 
8 6754 7105 7144 6793 6755 7106 7145 6794 
8 6755 7106 7145 6794 6756 7107 7146 6795 
8 6756 7107 7146 6795 6757 7108 7147 6796 
8 6757 7108 7147 6796 6758 7109 7148 6797 
8 6758 7109 7148 6797 6759 7110 7149 6798 
8 6759 7110 7149 6798 6760 7111 7150 6799 
8 6760 7111 7150 6799 6761 7112 7151 6800 
8 6761 7112 7151 6800 6762 7113 7152 6801 
8 6762 7113 7152 6801 6763 7114 7153 6802 
8 6763 7114 7153 6802 6764 7115 7154 6803 
8 6764 7115 7154 6803 6765 7116 7155 6804 
8 6765 7116 7155 6804 6766 7117 7156 6805 
8 6766 7117 7156 6805 6767 7118 7157 6806 
8 6767 7118 7157 6806 6768 7119 7158 6807 
8 6768 7119 7158 6807 6769 7120 7159 6808 
8 6769 7120 7159 6808 857 866 867 858 
8 723 732 733 724 6770 7121 7160 6809 
8 6770 7121 7160 6809 6771 7122 7161 6810 
8 6771 7122 7161 6810 6772 7123 7162 6811 
8 6772 7123 7162 6811 6773 7124 7163 6812 
8 6773 7124 7163 6812 6774 7125 7164 6813 
8 6774 7125 7164 6813 6775 7126 7165 6814 
8 6775 7126 7165 6814 6776 7127 7166 6815 
8 6776 7127 7166 6815 6777 7128 7167 6816 
8 6777 7128 7167 6816 6778 7129 7168 6817 
8 6778 7129 7168 6817 6779 7130 7169 6818 
8 6779 7130 7169 6818 6780 7131 7170 6819 
8 6780 7131 7170 6819 6781 7132 7171 6820 
8 6781 7132 7171 6820 6782 7133 7172 6821 
8 6782 7133 7172 6821 6783 7134 7173 6822 
8 6783 7134 7173 6822 6784 7135 7174 6823 
8 6784 7135 7174 6823 6785 7136 7175 6824 
8 6785 7136 7175 6824 6786 7137 7176 6825 
8 6786 7137 7176 6825 6787 7138 7177 6826 
8 6787 7138 7177 6826 6788 7139 7178 6827 
8 6788 7139 7178 6827 6789 7140 7179 6828 
8 6789 7140 7179 6828 6790 7141 7180 6829 
8 6790 7141 7180 6829 6791 7142 7181 6830 
8 6791 7142 7181 6830 6792 7143 7182 6831 
8 6792 7143 7182 6831 6793 7144 7183 6832 
8 6793 7144 7183 6832 6794 7145 7184 6833 
8 6794 7145 7184 6833 6795 7146 7185 6834 
8 6795 7146 7185 6834 6796 7147 7186 6835 
8 6796 7147 7186 6835 6797 7148 7187 6836 
8 6797 7148 7187 6836 6798 7149 7188 6837 
8 6798 7149 7188 6837 6799 7150 7189 6838 
8 6799 7150 7189 6838 6800 7151 7190 6839 
8 6800 7151 7190 6839 6801 7152 7191 6840 
8 6801 7152 7191 6840 6802 7153 7192 6841 
8 6802 7153 7192 6841 6803 7154 7193 6842 
8 6803 7154 7193 6842 6804 7155 7194 6843 
8 6804 7155 7194 6843 6805 7156 7195 6844 
8 6805 7156 7195 6844 6806 7157 7196 6845 
8 6806 7157 7196 6845 6807 7158 7197 6846 
8 6807 7158 7197 6846 6808 7159 7198 6847 
8 6808 7159 7198 6847 858 867 868 859 
8 724 733 734 725 6809 7160 7199 6848 
8 6809 7160 7199 6848 6810 7161 7200 6849 
8 6810 7161 7200 6849 6811 7162 7201 6850 
8 6811 7162 7201 6850 6812 7163 7202 6851 
8 6812 7163 7202 6851 6813 7164 7203 6852 
8 6813 7164 7203 6852 6814 7165 7204 6853 
8 6814 7165 7204 6853 6815 7166 7205 6854 
8 6815 7166 7205 6854 6816 7167 7206 6855 
8 6816 7167 7206 6855 6817 7168 7207 6856 
8 6817 7168 7207 6856 6818 7169 7208 6857 
8 6818 7169 7208 6857 6819 7170 7209 6858 
8 6819 7170 7209 6858 6820 7171 7210 6859 
8 6820 7171 7210 6859 6821 7172 7211 6860 
8 6821 7172 7211 6860 6822 7173 7212 6861 
8 6822 7173 7212 6861 6823 7174 7213 6862 
8 6823 7174 7213 6862 6824 7175 7214 6863 
8 6824 7175 7214 6863 6825 7176 7215 6864 
8 6825 7176 7215 6864 6826 7177 7216 6865 
8 6826 7177 7216 6865 6827 7178 7217 6866 
8 6827 7178 7217 6866 6828 7179 7218 6867 
8 6828 7179 7218 6867 6829 7180 7219 6868 
8 6829 7180 7219 6868 6830 7181 7220 6869 
8 6830 7181 7220 6869 6831 7182 7221 6870 
8 6831 7182 7221 6870 6832 7183 7222 6871 
8 6832 7183 7222 6871 6833 7184 7223 6872 
8 6833 7184 7223 6872 6834 7185 7224 6873 
8 6834 7185 7224 6873 6835 7186 7225 6874 
8 6835 7186 7225 6874 6836 7187 7226 6875 
8 6836 7187 7226 6875 6837 7188 7227 6876 
8 6837 7188 7227 6876 6838 7189 7228 6877 
8 6838 7189 7228 6877 6839 7190 7229 6878 
8 6839 7190 7229 6878 6840 7191 7230 6879 
8 6840 7191 7230 6879 6841 7192 7231 6880 
8 6841 7192 7231 6880 6842 7193 7232 6881 
8 6842 7193 7232 6881 6843 7194 7233 6882 
8 6843 7194 7233 6882 6844 7195 7234 6883 
8 6844 7195 7234 6883 6845 7196 7235 6884 
8 6845 7196 7235 6884 6846 7197 7236 6885 
8 6846 7197 7236 6885 6847 7198 7237 6886 
8 6847 7198 7237 6886 859 868 869 860 
8 725 734 735 726 6848 7199 7238 6887 
8 6848 7199 7238 6887 6849 7200 7239 6888 
8 6849 7200 7239 6888 6850 7201 7240 6889 
8 6850 7201 7240 6889 6851 7202 7241 6890 
8 6851 7202 7241 6890 6852 7203 7242 6891 
8 6852 7203 7242 6891 6853 7204 7243 6892 
8 6853 7204 7243 6892 6854 7205 7244 6893 
8 6854 7205 7244 6893 6855 7206 7245 6894 
8 6855 7206 7245 6894 6856 7207 7246 6895 
8 6856 7207 7246 6895 6857 7208 7247 6896 
8 6857 7208 7247 6896 6858 7209 7248 6897 
8 6858 7209 7248 6897 6859 7210 7249 6898 
8 6859 7210 7249 6898 6860 7211 7250 6899 
8 6860 7211 7250 6899 6861 7212 7251 6900 
8 6861 7212 7251 6900 6862 7213 7252 6901 
8 6862 7213 7252 6901 6863 7214 7253 6902 
8 6863 7214 7253 6902 6864 7215 7254 6903 
8 6864 7215 7254 6903 6865 7216 7255 6904 
8 6865 7216 7255 6904 6866 7217 7256 6905 
8 6866 7217 7256 6905 6867 7218 7257 6906 
8 6867 7218 7257 6906 6868 7219 7258 6907 
8 6868 7219 7258 6907 6869 7220 7259 6908 
8 6869 7220 7259 6908 6870 7221 7260 6909 
8 6870 7221 7260 6909 6871 7222 7261 6910 
8 6871 7222 7261 6910 6872 7223 7262 6911 
8 6872 7223 7262 6911 6873 7224 7263 6912 
8 6873 7224 7263 6912 6874 7225 7264 6913 
8 6874 7225 7264 6913 6875 7226 7265 6914 
8 6875 7226 7265 6914 6876 7227 7266 6915 
8 6876 7227 7266 6915 6877 7228 7267 6916 
8 6877 7228 7267 6916 6878 7229 7268 6917 
8 6878 7229 7268 6917 6879 7230 7269 6918 
8 6879 7230 7269 6918 6880 7231 7270 6919 
8 6880 7231 7270 6919 6881 7232 7271 6920 
8 6881 7232 7271 6920 6882 7233 7272 6921 
8 6882 7233 7272 6921 6883 7234 7273 6922 
8 6883 7234 7273 6922 6884 7235 7274 6923 
8 6884 7235 7274 6923 6885 7236 7275 6924 
8 6885 7236 7275 6924 6886 7237 7276 6925 
8 6886 7237 7276 6925 860 869 870 861 
8 726 735 736 727 6887 7238 7277 6926 
8 6887 7238 7277 6926 6888 7239 7278 6927 
8 6888 7239 7278 6927 6889 7240 7279 6928 
8 6889 7240 7279 6928 6890 7241 7280 6929 
8 6890 7241 7280 6929 6891 7242 7281 6930 
8 6891 7242 7281 6930 6892 7243 7282 6931 
8 6892 7243 7282 6931 6893 7244 7283 6932 
8 6893 7244 7283 6932 6894 7245 7284 6933 
8 6894 7245 7284 6933 6895 7246 7285 6934 
8 6895 7246 7285 6934 6896 7247 7286 6935 
8 6896 7247 7286 6935 6897 7248 7287 6936 
8 6897 7248 7287 6936 6898 7249 7288 6937 
8 6898 7249 7288 6937 6899 7250 7289 6938 
8 6899 7250 7289 6938 6900 7251 7290 6939 
8 6900 7251 7290 6939 6901 7252 7291 6940 
8 6901 7252 7291 6940 6902 7253 7292 6941 
8 6902 7253 7292 6941 6903 7254 7293 6942 
8 6903 7254 7293 6942 6904 7255 7294 6943 
8 6904 7255 7294 6943 6905 7256 7295 6944 
8 6905 7256 7295 6944 6906 7257 7296 6945 
8 6906 7257 7296 6945 6907 7258 7297 6946 
8 6907 7258 7297 6946 6908 7259 7298 6947 
8 6908 7259 7298 6947 6909 7260 7299 6948 
8 6909 7260 7299 6948 6910 7261 7300 6949 
8 6910 7261 7300 6949 6911 7262 7301 6950 
8 6911 7262 7301 6950 6912 7263 7302 6951 
8 6912 7263 7302 6951 6913 7264 7303 6952 
8 6913 7264 7303 6952 6914 7265 7304 6953 
8 6914 7265 7304 6953 6915 7266 7305 6954 
8 6915 7266 7305 6954 6916 7267 7306 6955 
8 6916 7267 7306 6955 6917 7268 7307 6956 
8 6917 7268 7307 6956 6918 7269 7308 6957 
8 6918 7269 7308 6957 6919 7270 7309 6958 
8 6919 7270 7309 6958 6920 7271 7310 6959 
8 6920 7271 7310 6959 6921 7272 7311 6960 
8 6921 7272 7311 6960 6922 7273 7312 6961 
8 6922 7273 7312 6961 6923 7274 7313 6962 
8 6923 7274 7313 6962 6924 7275 7314 6963 
8 6924 7275 7314 6963 6925 7276 7315 6964 
8 6925 7276 7315 6964 861 870 871 862 
8 727 736 141 140 6926 7277 1973 1934 
8 6926 7277 1973 1934 6927 7278 1974 1935 
8 6927 7278 1974 1935 6928 7279 1975 1936 
8 6928 7279 1975 1936 6929 7280 1976 1937 
8 6929 7280 1976 1937 6930 7281 1977 1938 
8 6930 7281 1977 1938 6931 7282 1978 1939 
8 6931 7282 1978 1939 6932 7283 1979 1940 
8 6932 7283 1979 1940 6933 7284 1980 1941 
8 6933 7284 1980 1941 6934 7285 1981 1942 
8 6934 7285 1981 1942 6935 7286 1982 1943 
8 6935 7286 1982 1943 6936 7287 1983 1944 
8 6936 7287 1983 1944 6937 7288 1984 1945 
8 6937 7288 1984 1945 6938 7289 1985 1946 
8 6938 7289 1985 1946 6939 7290 1986 1947 
8 6939 7290 1986 1947 6940 7291 1987 1948 
8 6940 7291 1987 1948 6941 7292 1988 1949 
8 6941 7292 1988 1949 6942 7293 1989 1950 
8 6942 7293 1989 1950 6943 7294 1990 1951 
8 6943 7294 1990 1951 6944 7295 1991 1952 
8 6944 7295 1991 1952 6945 7296 1992 1953 
8 6945 7296 1992 1953 6946 7297 1993 1954 
8 6946 7297 1993 1954 6947 7298 1994 1955 
8 6947 7298 1994 1955 6948 7299 1995 1956 
8 6948 7299 1995 1956 6949 7300 1996 1957 
8 6949 7300 1996 1957 6950 7301 1997 1958 
8 6950 7301 1997 1958 6951 7302 1998 1959 
8 6951 7302 1998 1959 6952 7303 1999 1960 
8 6952 7303 1999 1960 6953 7304 2000 1961 
8 6953 7304 2000 1961 6954 7305 2001 1962 
8 6954 7305 2001 1962 6955 7306 2002 1963 
8 6955 7306 2002 1963 6956 7307 2003 1964 
8 6956 7307 2003 1964 6957 7308 2004 1965 
8 6957 7308 2004 1965 6958 7309 2005 1966 
8 6958 7309 2005 1966 6959 7310 2006 1967 
8 6959 7310 2006 1967 6960 7311 2007 1968 
8 6960 7311 2007 1968 6961 7312 2008 1969 
8 6961 7312 2008 1969 6962 7313 2009 1970 
8 6962 7313 2009 1970 6963 7314 2010 1971 
8 6963 7314 2010 1971 6964 7315 2011 1972 
8 6964 7315 2011 1972 862 871 180 179 
8 117 118 737 728 1388 1427 7316 6965 
8 1388 1427 7316 6965 1389 1428 7317 6966 
8 1389 1428 7317 6966 1390 1429 7318 6967 
8 1390 1429 7318 6967 1391 1430 7319 6968 
8 1391 1430 7319 6968 1392 1431 7320 6969 
8 1392 1431 7320 6969 1393 1432 7321 6970 
8 1393 1432 7321 6970 1394 1433 7322 6971 
8 1394 1433 7322 6971 1395 1434 7323 6972 
8 1395 1434 7323 6972 1396 1435 7324 6973 
8 1396 1435 7324 6973 1397 1436 7325 6974 
8 1397 1436 7325 6974 1398 1437 7326 6975 
8 1398 1437 7326 6975 1399 1438 7327 6976 
8 1399 1438 7327 6976 1400 1439 7328 6977 
8 1400 1439 7328 6977 1401 1440 7329 6978 
8 1401 1440 7329 6978 1402 1441 7330 6979 
8 1402 1441 7330 6979 1403 1442 7331 6980 
8 1403 1442 7331 6980 1404 1443 7332 6981 
8 1404 1443 7332 6981 1405 1444 7333 6982 
8 1405 1444 7333 6982 1406 1445 7334 6983 
8 1406 1445 7334 6983 1407 1446 7335 6984 
8 1407 1446 7335 6984 1408 1447 7336 6985 
8 1408 1447 7336 6985 1409 1448 7337 6986 
8 1409 1448 7337 6986 1410 1449 7338 6987 
8 1410 1449 7338 6987 1411 1450 7339 6988 
8 1411 1450 7339 6988 1412 1451 7340 6989 
8 1412 1451 7340 6989 1413 1452 7341 6990 
8 1413 1452 7341 6990 1414 1453 7342 6991 
8 1414 1453 7342 6991 1415 1454 7343 6992 
8 1415 1454 7343 6992 1416 1455 7344 6993 
8 1416 1455 7344 6993 1417 1456 7345 6994 
8 1417 1456 7345 6994 1418 1457 7346 6995 
8 1418 1457 7346 6995 1419 1458 7347 6996 
8 1419 1458 7347 6996 1420 1459 7348 6997 
8 1420 1459 7348 6997 1421 1460 7349 6998 
8 1421 1460 7349 6998 1422 1461 7350 6999 
8 1422 1461 7350 6999 1423 1462 7351 7000 
8 1423 1462 7351 7000 1424 1463 7352 7001 
8 1424 1463 7352 7001 1425 1464 7353 7002 
8 1425 1464 7353 7002 1426 1465 7354 7003 
8 1426 1465 7354 7003 156 157 872 863 
8 728 737 738 729 6965 7316 7355 7004 
8 6965 7316 7355 7004 6966 7317 7356 7005 
8 6966 7317 7356 7005 6967 7318 7357 7006 
8 6967 7318 7357 7006 6968 7319 7358 7007 
8 6968 7319 7358 7007 6969 7320 7359 7008 
8 6969 7320 7359 7008 6970 7321 7360 7009 
8 6970 7321 7360 7009 6971 7322 7361 7010 
8 6971 7322 7361 7010 6972 7323 7362 7011 
8 6972 7323 7362 7011 6973 7324 7363 7012 
8 6973 7324 7363 7012 6974 7325 7364 7013 
8 6974 7325 7364 7013 6975 7326 7365 7014 
8 6975 7326 7365 7014 6976 7327 7366 7015 
8 6976 7327 7366 7015 6977 7328 7367 7016 
8 6977 7328 7367 7016 6978 7329 7368 7017 
8 6978 7329 7368 7017 6979 7330 7369 7018 
8 6979 7330 7369 7018 6980 7331 7370 7019 
8 6980 7331 7370 7019 6981 7332 7371 7020 
8 6981 7332 7371 7020 6982 7333 7372 7021 
8 6982 7333 7372 7021 6983 7334 7373 7022 
8 6983 7334 7373 7022 6984 7335 7374 7023 
8 6984 7335 7374 7023 6985 7336 7375 7024 
8 6985 7336 7375 7024 6986 7337 7376 7025 
8 6986 7337 7376 7025 6987 7338 7377 7026 
8 6987 7338 7377 7026 6988 7339 7378 7027 
8 6988 7339 7378 7027 6989 7340 7379 7028 
8 6989 7340 7379 7028 6990 7341 7380 7029 
8 6990 7341 7380 7029 6991 7342 7381 7030 
8 6991 7342 7381 7030 6992 7343 7382 7031 
8 6992 7343 7382 7031 6993 7344 7383 7032 
8 6993 7344 7383 7032 6994 7345 7384 7033 
8 6994 7345 7384 7033 6995 7346 7385 7034 
8 6995 7346 7385 7034 6996 7347 7386 7035 
8 6996 7347 7386 7035 6997 7348 7387 7036 
8 6997 7348 7387 7036 6998 7349 7388 7037 
8 6998 7349 7388 7037 6999 7350 7389 7038 
8 6999 7350 7389 7038 7000 7351 7390 7039 
8 7000 7351 7390 7039 7001 7352 7391 7040 
8 7001 7352 7391 7040 7002 7353 7392 7041 
8 7002 7353 7392 7041 7003 7354 7393 7042 
8 7003 7354 7393 7042 863 872 873 864 
8 729 738 739 730 7004 7355 7394 7043 
8 7004 7355 7394 7043 7005 7356 7395 7044 
8 7005 7356 7395 7044 7006 7357 7396 7045 
8 7006 7357 7396 7045 7007 7358 7397 7046 
8 7007 7358 7397 7046 7008 7359 7398 7047 
8 7008 7359 7398 7047 7009 7360 7399 7048 
8 7009 7360 7399 7048 7010 7361 7400 7049 
8 7010 7361 7400 7049 7011 7362 7401 7050 
8 7011 7362 7401 7050 7012 7363 7402 7051 
8 7012 7363 7402 7051 7013 7364 7403 7052 
8 7013 7364 7403 7052 7014 7365 7404 7053 
8 7014 7365 7404 7053 7015 7366 7405 7054 
8 7015 7366 7405 7054 7016 7367 7406 7055 
8 7016 7367 7406 7055 7017 7368 7407 7056 
8 7017 7368 7407 7056 7018 7369 7408 7057 
8 7018 7369 7408 7057 7019 7370 7409 7058 
8 7019 7370 7409 7058 7020 7371 7410 7059 
8 7020 7371 7410 7059 7021 7372 7411 7060 
8 7021 7372 7411 7060 7022 7373 7412 7061 
8 7022 7373 7412 7061 7023 7374 7413 7062 
8 7023 7374 7413 7062 7024 7375 7414 7063 
8 7024 7375 7414 7063 7025 7376 7415 7064 
8 7025 7376 7415 7064 7026 7377 7416 7065 
8 7026 7377 7416 7065 7027 7378 7417 7066 
8 7027 7378 7417 7066 7028 7379 7418 7067 
8 7028 7379 7418 7067 7029 7380 7419 7068 
8 7029 7380 7419 7068 7030 7381 7420 7069 
8 7030 7381 7420 7069 7031 7382 7421 7070 
8 7031 7382 7421 7070 7032 7383 7422 7071 
8 7032 7383 7422 7071 7033 7384 7423 7072 
8 7033 7384 7423 7072 7034 7385 7424 7073 
8 7034 7385 7424 7073 7035 7386 7425 7074 
8 7035 7386 7425 7074 7036 7387 7426 7075 
8 7036 7387 7426 7075 7037 7388 7427 7076 
8 7037 7388 7427 7076 7038 7389 7428 7077 
8 7038 7389 7428 7077 7039 7390 7429 7078 
8 7039 7390 7429 7078 7040 7391 7430 7079 
8 7040 7391 7430 7079 7041 7392 7431 7080 
8 7041 7392 7431 7080 7042 7393 7432 7081 
8 7042 7393 7432 7081 864 873 874 865 
8 730 739 740 731 7043 7394 7433 7082 
8 7043 7394 7433 7082 7044 7395 7434 7083 
8 7044 7395 7434 7083 7045 7396 7435 7084 
8 7045 7396 7435 7084 7046 7397 7436 7085 
8 7046 7397 7436 7085 7047 7398 7437 7086 
8 7047 7398 7437 7086 7048 7399 7438 7087 
8 7048 7399 7438 7087 7049 7400 7439 7088 
8 7049 7400 7439 7088 7050 7401 7440 7089 
8 7050 7401 7440 7089 7051 7402 7441 7090 
8 7051 7402 7441 7090 7052 7403 7442 7091 
8 7052 7403 7442 7091 7053 7404 7443 7092 
8 7053 7404 7443 7092 7054 7405 7444 7093 
8 7054 7405 7444 7093 7055 7406 7445 7094 
8 7055 7406 7445 7094 7056 7407 7446 7095 
8 7056 7407 7446 7095 7057 7408 7447 7096 
8 7057 7408 7447 7096 7058 7409 7448 7097 
8 7058 7409 7448 7097 7059 7410 7449 7098 
8 7059 7410 7449 7098 7060 7411 7450 7099 
8 7060 7411 7450 7099 7061 7412 7451 7100 
8 7061 7412 7451 7100 7062 7413 7452 7101 
8 7062 7413 7452 7101 7063 7414 7453 7102 
8 7063 7414 7453 7102 7064 7415 7454 7103 
8 7064 7415 7454 7103 7065 7416 7455 7104 
8 7065 7416 7455 7104 7066 7417 7456 7105 
8 7066 7417 7456 7105 7067 7418 7457 7106 
8 7067 7418 7457 7106 7068 7419 7458 7107 
8 7068 7419 7458 7107 7069 7420 7459 7108 
8 7069 7420 7459 7108 7070 7421 7460 7109 
8 7070 7421 7460 7109 7071 7422 7461 7110 
8 7071 7422 7461 7110 7072 7423 7462 7111 
8 7072 7423 7462 7111 7073 7424 7463 7112 
8 7073 7424 7463 7112 7074 7425 7464 7113 
8 7074 7425 7464 7113 7075 7426 7465 7114 
8 7075 7426 7465 7114 7076 7427 7466 7115 
8 7076 7427 7466 7115 7077 7428 7467 7116 
8 7077 7428 7467 7116 7078 7429 7468 7117 
8 7078 7429 7468 7117 7079 7430 7469 7118 
8 7079 7430 7469 7118 7080 7431 7470 7119 
8 7080 7431 7470 7119 7081 7432 7471 7120 
8 7081 7432 7471 7120 865 874 875 866 
8 731 740 741 732 7082 7433 7472 7121 
8 7082 7433 7472 7121 7083 7434 7473 7122 
8 7083 7434 7473 7122 7084 7435 7474 7123 
8 7084 7435 7474 7123 7085 7436 7475 7124 
8 7085 7436 7475 7124 7086 7437 7476 7125 
8 7086 7437 7476 7125 7087 7438 7477 7126 
8 7087 7438 7477 7126 7088 7439 7478 7127 
8 7088 7439 7478 7127 7089 7440 7479 7128 
8 7089 7440 7479 7128 7090 7441 7480 7129 
8 7090 7441 7480 7129 7091 7442 7481 7130 
8 7091 7442 7481 7130 7092 7443 7482 7131 
8 7092 7443 7482 7131 7093 7444 7483 7132 
8 7093 7444 7483 7132 7094 7445 7484 7133 
8 7094 7445 7484 7133 7095 7446 7485 7134 
8 7095 7446 7485 7134 7096 7447 7486 7135 
8 7096 7447 7486 7135 7097 7448 7487 7136 
8 7097 7448 7487 7136 7098 7449 7488 7137 
8 7098 7449 7488 7137 7099 7450 7489 7138 
8 7099 7450 7489 7138 7100 7451 7490 7139 
8 7100 7451 7490 7139 7101 7452 7491 7140 
8 7101 7452 7491 7140 7102 7453 7492 7141 
8 7102 7453 7492 7141 7103 7454 7493 7142 
8 7103 7454 7493 7142 7104 7455 7494 7143 
8 7104 7455 7494 7143 7105 7456 7495 7144 
8 7105 7456 7495 7144 7106 7457 7496 7145 
8 7106 7457 7496 7145 7107 7458 7497 7146 
8 7107 7458 7497 7146 7108 7459 7498 7147 
8 7108 7459 7498 7147 7109 7460 7499 7148 
8 7109 7460 7499 7148 7110 7461 7500 7149 
8 7110 7461 7500 7149 7111 7462 7501 7150 
8 7111 7462 7501 7150 7112 7463 7502 7151 
8 7112 7463 7502 7151 7113 7464 7503 7152 
8 7113 7464 7503 7152 7114 7465 7504 7153 
8 7114 7465 7504 7153 7115 7466 7505 7154 
8 7115 7466 7505 7154 7116 7467 7506 7155 
8 7116 7467 7506 7155 7117 7468 7507 7156 
8 7117 7468 7507 7156 7118 7469 7508 7157 
8 7118 7469 7508 7157 7119 7470 7509 7158 
8 7119 7470 7509 7158 7120 7471 7510 7159 
8 7120 7471 7510 7159 866 875 876 867 
8 732 741 742 733 7121 7472 7511 7160 
8 7121 7472 7511 7160 7122 7473 7512 7161 
8 7122 7473 7512 7161 7123 7474 7513 7162 
8 7123 7474 7513 7162 7124 7475 7514 7163 
8 7124 7475 7514 7163 7125 7476 7515 7164 
8 7125 7476 7515 7164 7126 7477 7516 7165 
8 7126 7477 7516 7165 7127 7478 7517 7166 
8 7127 7478 7517 7166 7128 7479 7518 7167 
8 7128 7479 7518 7167 7129 7480 7519 7168 
8 7129 7480 7519 7168 7130 7481 7520 7169 
8 7130 7481 7520 7169 7131 7482 7521 7170 
8 7131 7482 7521 7170 7132 7483 7522 7171 
8 7132 7483 7522 7171 7133 7484 7523 7172 
8 7133 7484 7523 7172 7134 7485 7524 7173 
8 7134 7485 7524 7173 7135 7486 7525 7174 
8 7135 7486 7525 7174 7136 7487 7526 7175 
8 7136 7487 7526 7175 7137 7488 7527 7176 
8 7137 7488 7527 7176 7138 7489 7528 7177 
8 7138 7489 7528 7177 7139 7490 7529 7178 
8 7139 7490 7529 7178 7140 7491 7530 7179 
8 7140 7491 7530 7179 7141 7492 7531 7180 
8 7141 7492 7531 7180 7142 7493 7532 7181 
8 7142 7493 7532 7181 7143 7494 7533 7182 
8 7143 7494 7533 7182 7144 7495 7534 7183 
8 7144 7495 7534 7183 7145 7496 7535 7184 
8 7145 7496 7535 7184 7146 7497 7536 7185 
8 7146 7497 7536 7185 7147 7498 7537 7186 
8 7147 7498 7537 7186 7148 7499 7538 7187 
8 7148 7499 7538 7187 7149 7500 7539 7188 
8 7149 7500 7539 7188 7150 7501 7540 7189 
8 7150 7501 7540 7189 7151 7502 7541 7190 
8 7151 7502 7541 7190 7152 7503 7542 7191 
8 7152 7503 7542 7191 7153 7504 7543 7192 
8 7153 7504 7543 7192 7154 7505 7544 7193 
8 7154 7505 7544 7193 7155 7506 7545 7194 
8 7155 7506 7545 7194 7156 7507 7546 7195 
8 7156 7507 7546 7195 7157 7508 7547 7196 
8 7157 7508 7547 7196 7158 7509 7548 7197 
8 7158 7509 7548 7197 7159 7510 7549 7198 
8 7159 7510 7549 7198 867 876 877 868 
8 733 742 743 734 7160 7511 7550 7199 
8 7160 7511 7550 7199 7161 7512 7551 7200 
8 7161 7512 7551 7200 7162 7513 7552 7201 
8 7162 7513 7552 7201 7163 7514 7553 7202 
8 7163 7514 7553 7202 7164 7515 7554 7203 
8 7164 7515 7554 7203 7165 7516 7555 7204 
8 7165 7516 7555 7204 7166 7517 7556 7205 
8 7166 7517 7556 7205 7167 7518 7557 7206 
8 7167 7518 7557 7206 7168 7519 7558 7207 
8 7168 7519 7558 7207 7169 7520 7559 7208 
8 7169 7520 7559 7208 7170 7521 7560 7209 
8 7170 7521 7560 7209 7171 7522 7561 7210 
8 7171 7522 7561 7210 7172 7523 7562 7211 
8 7172 7523 7562 7211 7173 7524 7563 7212 
8 7173 7524 7563 7212 7174 7525 7564 7213 
8 7174 7525 7564 7213 7175 7526 7565 7214 
8 7175 7526 7565 7214 7176 7527 7566 7215 
8 7176 7527 7566 7215 7177 7528 7567 7216 
8 7177 7528 7567 7216 7178 7529 7568 7217 
8 7178 7529 7568 7217 7179 7530 7569 7218 
8 7179 7530 7569 7218 7180 7531 7570 7219 
8 7180 7531 7570 7219 7181 7532 7571 7220 
8 7181 7532 7571 7220 7182 7533 7572 7221 
8 7182 7533 7572 7221 7183 7534 7573 7222 
8 7183 7534 7573 7222 7184 7535 7574 7223 
8 7184 7535 7574 7223 7185 7536 7575 7224 
8 7185 7536 7575 7224 7186 7537 7576 7225 
8 7186 7537 7576 7225 7187 7538 7577 7226 
8 7187 7538 7577 7226 7188 7539 7578 7227 
8 7188 7539 7578 7227 7189 7540 7579 7228 
8 7189 7540 7579 7228 7190 7541 7580 7229 
8 7190 7541 7580 7229 7191 7542 7581 7230 
8 7191 7542 7581 7230 7192 7543 7582 7231 
8 7192 7543 7582 7231 7193 7544 7583 7232 
8 7193 7544 7583 7232 7194 7545 7584 7233 
8 7194 7545 7584 7233 7195 7546 7585 7234 
8 7195 7546 7585 7234 7196 7547 7586 7235 
8 7196 7547 7586 7235 7197 7548 7587 7236 
8 7197 7548 7587 7236 7198 7549 7588 7237 
8 7198 7549 7588 7237 868 877 878 869 
8 734 743 744 735 7199 7550 7589 7238 
8 7199 7550 7589 7238 7200 7551 7590 7239 
8 7200 7551 7590 7239 7201 7552 7591 7240 
8 7201 7552 7591 7240 7202 7553 7592 7241 
8 7202 7553 7592 7241 7203 7554 7593 7242 
8 7203 7554 7593 7242 7204 7555 7594 7243 
8 7204 7555 7594 7243 7205 7556 7595 7244 
8 7205 7556 7595 7244 7206 7557 7596 7245 
8 7206 7557 7596 7245 7207 7558 7597 7246 
8 7207 7558 7597 7246 7208 7559 7598 7247 
8 7208 7559 7598 7247 7209 7560 7599 7248 
8 7209 7560 7599 7248 7210 7561 7600 7249 
8 7210 7561 7600 7249 7211 7562 7601 7250 
8 7211 7562 7601 7250 7212 7563 7602 7251 
8 7212 7563 7602 7251 7213 7564 7603 7252 
8 7213 7564 7603 7252 7214 7565 7604 7253 
8 7214 7565 7604 7253 7215 7566 7605 7254 
8 7215 7566 7605 7254 7216 7567 7606 7255 
8 7216 7567 7606 7255 7217 7568 7607 7256 
8 7217 7568 7607 7256 7218 7569 7608 7257 
8 7218 7569 7608 7257 7219 7570 7609 7258 
8 7219 7570 7609 7258 7220 7571 7610 7259 
8 7220 7571 7610 7259 7221 7572 7611 7260 
8 7221 7572 7611 7260 7222 7573 7612 7261 
8 7222 7573 7612 7261 7223 7574 7613 7262 
8 7223 7574 7613 7262 7224 7575 7614 7263 
8 7224 7575 7614 7263 7225 7576 7615 7264 
8 7225 7576 7615 7264 7226 7577 7616 7265 
8 7226 7577 7616 7265 7227 7578 7617 7266 
8 7227 7578 7617 7266 7228 7579 7618 7267 
8 7228 7579 7618 7267 7229 7580 7619 7268 
8 7229 7580 7619 7268 7230 7581 7620 7269 
8 7230 7581 7620 7269 7231 7582 7621 7270 
8 7231 7582 7621 7270 7232 7583 7622 7271 
8 7232 7583 7622 7271 7233 7584 7623 7272 
8 7233 7584 7623 7272 7234 7585 7624 7273 
8 7234 7585 7624 7273 7235 7586 7625 7274 
8 7235 7586 7625 7274 7236 7587 7626 7275 
8 7236 7587 7626 7275 7237 7588 7627 7276 
8 7237 7588 7627 7276 869 878 879 870 
8 735 744 745 736 7238 7589 7628 7277 
8 7238 7589 7628 7277 7239 7590 7629 7278 
8 7239 7590 7629 7278 7240 7591 7630 7279 
8 7240 7591 7630 7279 7241 7592 7631 7280 
8 7241 7592 7631 7280 7242 7593 7632 7281 
8 7242 7593 7632 7281 7243 7594 7633 7282 
8 7243 7594 7633 7282 7244 7595 7634 7283 
8 7244 7595 7634 7283 7245 7596 7635 7284 
8 7245 7596 7635 7284 7246 7597 7636 7285 
8 7246 7597 7636 7285 7247 7598 7637 7286 
8 7247 7598 7637 7286 7248 7599 7638 7287 
8 7248 7599 7638 7287 7249 7600 7639 7288 
8 7249 7600 7639 7288 7250 7601 7640 7289 
8 7250 7601 7640 7289 7251 7602 7641 7290 
8 7251 7602 7641 7290 7252 7603 7642 7291 
8 7252 7603 7642 7291 7253 7604 7643 7292 
8 7253 7604 7643 7292 7254 7605 7644 7293 
8 7254 7605 7644 7293 7255 7606 7645 7294 
8 7255 7606 7645 7294 7256 7607 7646 7295 
8 7256 7607 7646 7295 7257 7608 7647 7296 
8 7257 7608 7647 7296 7258 7609 7648 7297 
8 7258 7609 7648 7297 7259 7610 7649 7298 
8 7259 7610 7649 7298 7260 7611 7650 7299 
8 7260 7611 7650 7299 7261 7612 7651 7300 
8 7261 7612 7651 7300 7262 7613 7652 7301 
8 7262 7613 7652 7301 7263 7614 7653 7302 
8 7263 7614 7653 7302 7264 7615 7654 7303 
8 7264 7615 7654 7303 7265 7616 7655 7304 
8 7265 7616 7655 7304 7266 7617 7656 7305 
8 7266 7617 7656 7305 7267 7618 7657 7306 
8 7267 7618 7657 7306 7268 7619 7658 7307 
8 7268 7619 7658 7307 7269 7620 7659 7308 
8 7269 7620 7659 7308 7270 7621 7660 7309 
8 7270 7621 7660 7309 7271 7622 7661 7310 
8 7271 7622 7661 7310 7272 7623 7662 7311 
8 7272 7623 7662 7311 7273 7624 7663 7312 
8 7273 7624 7663 7312 7274 7625 7664 7313 
8 7274 7625 7664 7313 7275 7626 7665 7314 
8 7275 7626 7665 7314 7276 7627 7666 7315 
8 7276 7627 7666 7315 870 879 880 871 
8 736 745 142 141 7277 7628 2012 1973 
8 7277 7628 2012 1973 7278 7629 2013 1974 
8 7278 7629 2013 1974 7279 7630 2014 1975 
8 7279 7630 2014 1975 7280 7631 2015 1976 
8 7280 7631 2015 1976 7281 7632 2016 1977 
8 7281 7632 2016 1977 7282 7633 2017 1978 
8 7282 7633 2017 1978 7283 7634 2018 1979 
8 7283 7634 2018 1979 7284 7635 2019 1980 
8 7284 7635 2019 1980 7285 7636 2020 1981 
8 7285 7636 2020 1981 7286 7637 2021 1982 
8 7286 7637 2021 1982 7287 7638 2022 1983 
8 7287 7638 2022 1983 7288 7639 2023 1984 
8 7288 7639 2023 1984 7289 7640 2024 1985 
8 7289 7640 2024 1985 7290 7641 2025 1986 
8 7290 7641 2025 1986 7291 7642 2026 1987 
8 7291 7642 2026 1987 7292 7643 2027 1988 
8 7292 7643 2027 1988 7293 7644 2028 1989 
8 7293 7644 2028 1989 7294 7645 2029 1990 
8 7294 7645 2029 1990 7295 7646 2030 1991 
8 7295 7646 2030 1991 7296 7647 2031 1992 
8 7296 7647 2031 1992 7297 7648 2032 1993 
8 7297 7648 2032 1993 7298 7649 2033 1994 
8 7298 7649 2033 1994 7299 7650 2034 1995 
8 7299 7650 2034 1995 7300 7651 2035 1996 
8 7300 7651 2035 1996 7301 7652 2036 1997 
8 7301 7652 2036 1997 7302 7653 2037 1998 
8 7302 7653 2037 1998 7303 7654 2038 1999 
8 7303 7654 2038 1999 7304 7655 2039 2000 
8 7304 7655 2039 2000 7305 7656 2040 2001 
8 7305 7656 2040 2001 7306 7657 2041 2002 
8 7306 7657 2041 2002 7307 7658 2042 2003 
8 7307 7658 2042 2003 7308 7659 2043 2004 
8 7308 7659 2043 2004 7309 7660 2044 2005 
8 7309 7660 2044 2005 7310 7661 2045 2006 
8 7310 7661 2045 2006 7311 7662 2046 2007 
8 7311 7662 2046 2007 7312 7663 2047 2008 
8 7312 7663 2047 2008 7313 7664 2048 2009 
8 7313 7664 2048 2009 7314 7665 2049 2010 
8 7314 7665 2049 2010 7315 7666 2050 2011 
8 7315 7666 2050 2011 871 880 181 180 
8 118 4 119 737 1427 182 2051 7316 
8 1427 182 2051 7316 1428 183 2052 7317 
8 1428 183 2052 7317 1429 184 2053 7318 
8 1429 184 2053 7318 1430 185 2054 7319 
8 1430 185 2054 7319 1431 186 2055 7320 
8 1431 186 2055 7320 1432 187 2056 7321 
8 1432 187 2056 7321 1433 188 2057 7322 
8 1433 188 2057 7322 1434 189 2058 7323 
8 1434 189 2058 7323 1435 190 2059 7324 
8 1435 190 2059 7324 1436 191 2060 7325 
8 1436 191 2060 7325 1437 192 2061 7326 
8 1437 192 2061 7326 1438 193 2062 7327 
8 1438 193 2062 7327 1439 194 2063 7328 
8 1439 194 2063 7328 1440 195 2064 7329 
8 1440 195 2064 7329 1441 196 2065 7330 
8 1441 196 2065 7330 1442 197 2066 7331 
8 1442 197 2066 7331 1443 198 2067 7332 
8 1443 198 2067 7332 1444 199 2068 7333 
8 1444 199 2068 7333 1445 200 2069 7334 
8 1445 200 2069 7334 1446 201 2070 7335 
8 1446 201 2070 7335 1447 202 2071 7336 
8 1447 202 2071 7336 1448 203 2072 7337 
8 1448 203 2072 7337 1449 204 2073 7338 
8 1449 204 2073 7338 1450 205 2074 7339 
8 1450 205 2074 7339 1451 206 2075 7340 
8 1451 206 2075 7340 1452 207 2076 7341 
8 1452 207 2076 7341 1453 208 2077 7342 
8 1453 208 2077 7342 1454 209 2078 7343 
8 1454 209 2078 7343 1455 210 2079 7344 
8 1455 210 2079 7344 1456 211 2080 7345 
8 1456 211 2080 7345 1457 212 2081 7346 
8 1457 212 2081 7346 1458 213 2082 7347 
8 1458 213 2082 7347 1459 214 2083 7348 
8 1459 214 2083 7348 1460 215 2084 7349 
8 1460 215 2084 7349 1461 216 2085 7350 
8 1461 216 2085 7350 1462 217 2086 7351 
8 1462 217 2086 7351 1463 218 2087 7352 
8 1463 218 2087 7352 1464 219 2088 7353 
8 1464 219 2088 7353 1465 220 2089 7354 
8 1465 220 2089 7354 157 6 158 872 
8 737 119 120 738 7316 2051 2090 7355 
8 7316 2051 2090 7355 7317 2052 2091 7356 
8 7317 2052 2091 7356 7318 2053 2092 7357 
8 7318 2053 2092 7357 7319 2054 2093 7358 
8 7319 2054 2093 7358 7320 2055 2094 7359 
8 7320 2055 2094 7359 7321 2056 2095 7360 
8 7321 2056 2095 7360 7322 2057 2096 7361 
8 7322 2057 2096 7361 7323 2058 2097 7362 
8 7323 2058 2097 7362 7324 2059 2098 7363 
8 7324 2059 2098 7363 7325 2060 2099 7364 
8 7325 2060 2099 7364 7326 2061 2100 7365 
8 7326 2061 2100 7365 7327 2062 2101 7366 
8 7327 2062 2101 7366 7328 2063 2102 7367 
8 7328 2063 2102 7367 7329 2064 2103 7368 
8 7329 2064 2103 7368 7330 2065 2104 7369 
8 7330 2065 2104 7369 7331 2066 2105 7370 
8 7331 2066 2105 7370 7332 2067 2106 7371 
8 7332 2067 2106 7371 7333 2068 2107 7372 
8 7333 2068 2107 7372 7334 2069 2108 7373 
8 7334 2069 2108 7373 7335 2070 2109 7374 
8 7335 2070 2109 7374 7336 2071 2110 7375 
8 7336 2071 2110 7375 7337 2072 2111 7376 
8 7337 2072 2111 7376 7338 2073 2112 7377 
8 7338 2073 2112 7377 7339 2074 2113 7378 
8 7339 2074 2113 7378 7340 2075 2114 7379 
8 7340 2075 2114 7379 7341 2076 2115 7380 
8 7341 2076 2115 7380 7342 2077 2116 7381 
8 7342 2077 2116 7381 7343 2078 2117 7382 
8 7343 2078 2117 7382 7344 2079 2118 7383 
8 7344 2079 2118 7383 7345 2080 2119 7384 
8 7345 2080 2119 7384 7346 2081 2120 7385 
8 7346 2081 2120 7385 7347 2082 2121 7386 
8 7347 2082 2121 7386 7348 2083 2122 7387 
8 7348 2083 2122 7387 7349 2084 2123 7388 
8 7349 2084 2123 7388 7350 2085 2124 7389 
8 7350 2085 2124 7389 7351 2086 2125 7390 
8 7351 2086 2125 7390 7352 2087 2126 7391 
8 7352 2087 2126 7391 7353 2088 2127 7392 
8 7353 2088 2127 7392 7354 2089 2128 7393 
8 7354 2089 2128 7393 872 158 159 873 
8 738 120 121 739 7355 2090 2129 7394 
8 7355 2090 2129 7394 7356 2091 2130 7395 
8 7356 2091 2130 7395 7357 2092 2131 7396 
8 7357 2092 2131 7396 7358 2093 2132 7397 
8 7358 2093 2132 7397 7359 2094 2133 7398 
8 7359 2094 2133 7398 7360 2095 2134 7399 
8 7360 2095 2134 7399 7361 2096 2135 7400 
8 7361 2096 2135 7400 7362 2097 2136 7401 
8 7362 2097 2136 7401 7363 2098 2137 7402 
8 7363 2098 2137 7402 7364 2099 2138 7403 
8 7364 2099 2138 7403 7365 2100 2139 7404 
8 7365 2100 2139 7404 7366 2101 2140 7405 
8 7366 2101 2140 7405 7367 2102 2141 7406 
8 7367 2102 2141 7406 7368 2103 2142 7407 
8 7368 2103 2142 7407 7369 2104 2143 7408 
8 7369 2104 2143 7408 7370 2105 2144 7409 
8 7370 2105 2144 7409 7371 2106 2145 7410 
8 7371 2106 2145 7410 7372 2107 2146 7411 
8 7372 2107 2146 7411 7373 2108 2147 7412 
8 7373 2108 2147 7412 7374 2109 2148 7413 
8 7374 2109 2148 7413 7375 2110 2149 7414 
8 7375 2110 2149 7414 7376 2111 2150 7415 
8 7376 2111 2150 7415 7377 2112 2151 7416 
8 7377 2112 2151 7416 7378 2113 2152 7417 
8 7378 2113 2152 7417 7379 2114 2153 7418 
8 7379 2114 2153 7418 7380 2115 2154 7419 
8 7380 2115 2154 7419 7381 2116 2155 7420 
8 7381 2116 2155 7420 7382 2117 2156 7421 
8 7382 2117 2156 7421 7383 2118 2157 7422 
8 7383 2118 2157 7422 7384 2119 2158 7423 
8 7384 2119 2158 7423 7385 2120 2159 7424 
8 7385 2120 2159 7424 7386 2121 2160 7425 
8 7386 2121 2160 7425 7387 2122 2161 7426 
8 7387 2122 2161 7426 7388 2123 2162 7427 
8 7388 2123 2162 7427 7389 2124 2163 7428 
8 7389 2124 2163 7428 7390 2125 2164 7429 
8 7390 2125 2164 7429 7391 2126 2165 7430 
8 7391 2126 2165 7430 7392 2127 2166 7431 
8 7392 2127 2166 7431 7393 2128 2167 7432 
8 7393 2128 2167 7432 873 159 160 874 
8 739 121 122 740 7394 2129 2168 7433 
8 7394 2129 2168 7433 7395 2130 2169 7434 
8 7395 2130 2169 7434 7396 2131 2170 7435 
8 7396 2131 2170 7435 7397 2132 2171 7436 
8 7397 2132 2171 7436 7398 2133 2172 7437 
8 7398 2133 2172 7437 7399 2134 2173 7438 
8 7399 2134 2173 7438 7400 2135 2174 7439 
8 7400 2135 2174 7439 7401 2136 2175 7440 
8 7401 2136 2175 7440 7402 2137 2176 7441 
8 7402 2137 2176 7441 7403 2138 2177 7442 
8 7403 2138 2177 7442 7404 2139 2178 7443 
8 7404 2139 2178 7443 7405 2140 2179 7444 
8 7405 2140 2179 7444 7406 2141 2180 7445 
8 7406 2141 2180 7445 7407 2142 2181 7446 
8 7407 2142 2181 7446 7408 2143 2182 7447 
8 7408 2143 2182 7447 7409 2144 2183 7448 
8 7409 2144 2183 7448 7410 2145 2184 7449 
8 7410 2145 2184 7449 7411 2146 2185 7450 
8 7411 2146 2185 7450 7412 2147 2186 7451 
8 7412 2147 2186 7451 7413 2148 2187 7452 
8 7413 2148 2187 7452 7414 2149 2188 7453 
8 7414 2149 2188 7453 7415 2150 2189 7454 
8 7415 2150 2189 7454 7416 2151 2190 7455 
8 7416 2151 2190 7455 7417 2152 2191 7456 
8 7417 2152 2191 7456 7418 2153 2192 7457 
8 7418 2153 2192 7457 7419 2154 2193 7458 
8 7419 2154 2193 7458 7420 2155 2194 7459 
8 7420 2155 2194 7459 7421 2156 2195 7460 
8 7421 2156 2195 7460 7422 2157 2196 7461 
8 7422 2157 2196 7461 7423 2158 2197 7462 
8 7423 2158 2197 7462 7424 2159 2198 7463 
8 7424 2159 2198 7463 7425 2160 2199 7464 
8 7425 2160 2199 7464 7426 2161 2200 7465 
8 7426 2161 2200 7465 7427 2162 2201 7466 
8 7427 2162 2201 7466 7428 2163 2202 7467 
8 7428 2163 2202 7467 7429 2164 2203 7468 
8 7429 2164 2203 7468 7430 2165 2204 7469 
8 7430 2165 2204 7469 7431 2166 2205 7470 
8 7431 2166 2205 7470 7432 2167 2206 7471 
8 7432 2167 2206 7471 874 160 161 875 
8 740 122 123 741 7433 2168 2207 7472 
8 7433 2168 2207 7472 7434 2169 2208 7473 
8 7434 2169 2208 7473 7435 2170 2209 7474 
8 7435 2170 2209 7474 7436 2171 2210 7475 
8 7436 2171 2210 7475 7437 2172 2211 7476 
8 7437 2172 2211 7476 7438 2173 2212 7477 
8 7438 2173 2212 7477 7439 2174 2213 7478 
8 7439 2174 2213 7478 7440 2175 2214 7479 
8 7440 2175 2214 7479 7441 2176 2215 7480 
8 7441 2176 2215 7480 7442 2177 2216 7481 
8 7442 2177 2216 7481 7443 2178 2217 7482 
8 7443 2178 2217 7482 7444 2179 2218 7483 
8 7444 2179 2218 7483 7445 2180 2219 7484 
8 7445 2180 2219 7484 7446 2181 2220 7485 
8 7446 2181 2220 7485 7447 2182 2221 7486 
8 7447 2182 2221 7486 7448 2183 2222 7487 
8 7448 2183 2222 7487 7449 2184 2223 7488 
8 7449 2184 2223 7488 7450 2185 2224 7489 
8 7450 2185 2224 7489 7451 2186 2225 7490 
8 7451 2186 2225 7490 7452 2187 2226 7491 
8 7452 2187 2226 7491 7453 2188 2227 7492 
8 7453 2188 2227 7492 7454 2189 2228 7493 
8 7454 2189 2228 7493 7455 2190 2229 7494 
8 7455 2190 2229 7494 7456 2191 2230 7495 
8 7456 2191 2230 7495 7457 2192 2231 7496 
8 7457 2192 2231 7496 7458 2193 2232 7497 
8 7458 2193 2232 7497 7459 2194 2233 7498 
8 7459 2194 2233 7498 7460 2195 2234 7499 
8 7460 2195 2234 7499 7461 2196 2235 7500 
8 7461 2196 2235 7500 7462 2197 2236 7501 
8 7462 2197 2236 7501 7463 2198 2237 7502 
8 7463 2198 2237 7502 7464 2199 2238 7503 
8 7464 2199 2238 7503 7465 2200 2239 7504 
8 7465 2200 2239 7504 7466 2201 2240 7505 
8 7466 2201 2240 7505 7467 2202 2241 7506 
8 7467 2202 2241 7506 7468 2203 2242 7507 
8 7468 2203 2242 7507 7469 2204 2243 7508 
8 7469 2204 2243 7508 7470 2205 2244 7509 
8 7470 2205 2244 7509 7471 2206 2245 7510 
8 7471 2206 2245 7510 875 161 162 876 
8 741 123 124 742 7472 2207 2246 7511 
8 7472 2207 2246 7511 7473 2208 2247 7512 
8 7473 2208 2247 7512 7474 2209 2248 7513 
8 7474 2209 2248 7513 7475 2210 2249 7514 
8 7475 2210 2249 7514 7476 2211 2250 7515 
8 7476 2211 2250 7515 7477 2212 2251 7516 
8 7477 2212 2251 7516 7478 2213 2252 7517 
8 7478 2213 2252 7517 7479 2214 2253 7518 
8 7479 2214 2253 7518 7480 2215 2254 7519 
8 7480 2215 2254 7519 7481 2216 2255 7520 
8 7481 2216 2255 7520 7482 2217 2256 7521 
8 7482 2217 2256 7521 7483 2218 2257 7522 
8 7483 2218 2257 7522 7484 2219 2258 7523 
8 7484 2219 2258 7523 7485 2220 2259 7524 
8 7485 2220 2259 7524 7486 2221 2260 7525 
8 7486 2221 2260 7525 7487 2222 2261 7526 
8 7487 2222 2261 7526 7488 2223 2262 7527 
8 7488 2223 2262 7527 7489 2224 2263 7528 
8 7489 2224 2263 7528 7490 2225 2264 7529 
8 7490 2225 2264 7529 7491 2226 2265 7530 
8 7491 2226 2265 7530 7492 2227 2266 7531 
8 7492 2227 2266 7531 7493 2228 2267 7532 
8 7493 2228 2267 7532 7494 2229 2268 7533 
8 7494 2229 2268 7533 7495 2230 2269 7534 
8 7495 2230 2269 7534 7496 2231 2270 7535 
8 7496 2231 2270 7535 7497 2232 2271 7536 
8 7497 2232 2271 7536 7498 2233 2272 7537 
8 7498 2233 2272 7537 7499 2234 2273 7538 
8 7499 2234 2273 7538 7500 2235 2274 7539 
8 7500 2235 2274 7539 7501 2236 2275 7540 
8 7501 2236 2275 7540 7502 2237 2276 7541 
8 7502 2237 2276 7541 7503 2238 2277 7542 
8 7503 2238 2277 7542 7504 2239 2278 7543 
8 7504 2239 2278 7543 7505 2240 2279 7544 
8 7505 2240 2279 7544 7506 2241 2280 7545 
8 7506 2241 2280 7545 7507 2242 2281 7546 
8 7507 2242 2281 7546 7508 2243 2282 7547 
8 7508 2243 2282 7547 7509 2244 2283 7548 
8 7509 2244 2283 7548 7510 2245 2284 7549 
8 7510 2245 2284 7549 876 162 163 877 
8 742 124 125 743 7511 2246 2285 7550 
8 7511 2246 2285 7550 7512 2247 2286 7551 
8 7512 2247 2286 7551 7513 2248 2287 7552 
8 7513 2248 2287 7552 7514 2249 2288 7553 
8 7514 2249 2288 7553 7515 2250 2289 7554 
8 7515 2250 2289 7554 7516 2251 2290 7555 
8 7516 2251 2290 7555 7517 2252 2291 7556 
8 7517 2252 2291 7556 7518 2253 2292 7557 
8 7518 2253 2292 7557 7519 2254 2293 7558 
8 7519 2254 2293 7558 7520 2255 2294 7559 
8 7520 2255 2294 7559 7521 2256 2295 7560 
8 7521 2256 2295 7560 7522 2257 2296 7561 
8 7522 2257 2296 7561 7523 2258 2297 7562 
8 7523 2258 2297 7562 7524 2259 2298 7563 
8 7524 2259 2298 7563 7525 2260 2299 7564 
8 7525 2260 2299 7564 7526 2261 2300 7565 
8 7526 2261 2300 7565 7527 2262 2301 7566 
8 7527 2262 2301 7566 7528 2263 2302 7567 
8 7528 2263 2302 7567 7529 2264 2303 7568 
8 7529 2264 2303 7568 7530 2265 2304 7569 
8 7530 2265 2304 7569 7531 2266 2305 7570 
8 7531 2266 2305 7570 7532 2267 2306 7571 
8 7532 2267 2306 7571 7533 2268 2307 7572 
8 7533 2268 2307 7572 7534 2269 2308 7573 
8 7534 2269 2308 7573 7535 2270 2309 7574 
8 7535 2270 2309 7574 7536 2271 2310 7575 
8 7536 2271 2310 7575 7537 2272 2311 7576 
8 7537 2272 2311 7576 7538 2273 2312 7577 
8 7538 2273 2312 7577 7539 2274 2313 7578 
8 7539 2274 2313 7578 7540 2275 2314 7579 
8 7540 2275 2314 7579 7541 2276 2315 7580 
8 7541 2276 2315 7580 7542 2277 2316 7581 
8 7542 2277 2316 7581 7543 2278 2317 7582 
8 7543 2278 2317 7582 7544 2279 2318 7583 
8 7544 2279 2318 7583 7545 2280 2319 7584 
8 7545 2280 2319 7584 7546 2281 2320 7585 
8 7546 2281 2320 7585 7547 2282 2321 7586 
8 7547 2282 2321 7586 7548 2283 2322 7587 
8 7548 2283 2322 7587 7549 2284 2323 7588 
8 7549 2284 2323 7588 877 163 164 878 
8 743 125 126 744 7550 2285 2324 7589 
8 7550 2285 2324 7589 7551 2286 2325 7590 
8 7551 2286 2325 7590 7552 2287 2326 7591 
8 7552 2287 2326 7591 7553 2288 2327 7592 
8 7553 2288 2327 7592 7554 2289 2328 7593 
8 7554 2289 2328 7593 7555 2290 2329 7594 
8 7555 2290 2329 7594 7556 2291 2330 7595 
8 7556 2291 2330 7595 7557 2292 2331 7596 
8 7557 2292 2331 7596 7558 2293 2332 7597 
8 7558 2293 2332 7597 7559 2294 2333 7598 
8 7559 2294 2333 7598 7560 2295 2334 7599 
8 7560 2295 2334 7599 7561 2296 2335 7600 
8 7561 2296 2335 7600 7562 2297 2336 7601 
8 7562 2297 2336 7601 7563 2298 2337 7602 
8 7563 2298 2337 7602 7564 2299 2338 7603 
8 7564 2299 2338 7603 7565 2300 2339 7604 
8 7565 2300 2339 7604 7566 2301 2340 7605 
8 7566 2301 2340 7605 7567 2302 2341 7606 
8 7567 2302 2341 7606 7568 2303 2342 7607 
8 7568 2303 2342 7607 7569 2304 2343 7608 
8 7569 2304 2343 7608 7570 2305 2344 7609 
8 7570 2305 2344 7609 7571 2306 2345 7610 
8 7571 2306 2345 7610 7572 2307 2346 7611 
8 7572 2307 2346 7611 7573 2308 2347 7612 
8 7573 2308 2347 7612 7574 2309 2348 7613 
8 7574 2309 2348 7613 7575 2310 2349 7614 
8 7575 2310 2349 7614 7576 2311 2350 7615 
8 7576 2311 2350 7615 7577 2312 2351 7616 
8 7577 2312 2351 7616 7578 2313 2352 7617 
8 7578 2313 2352 7617 7579 2314 2353 7618 
8 7579 2314 2353 7618 7580 2315 2354 7619 
8 7580 2315 2354 7619 7581 2316 2355 7620 
8 7581 2316 2355 7620 7582 2317 2356 7621 
8 7582 2317 2356 7621 7583 2318 2357 7622 
8 7583 2318 2357 7622 7584 2319 2358 7623 
8 7584 2319 2358 7623 7585 2320 2359 7624 
8 7585 2320 2359 7624 7586 2321 2360 7625 
8 7586 2321 2360 7625 7587 2322 2361 7626 
8 7587 2322 2361 7626 7588 2323 2362 7627 
8 7588 2323 2362 7627 878 164 165 879 
8 744 126 127 745 7589 2324 2363 7628 
8 7589 2324 2363 7628 7590 2325 2364 7629 
8 7590 2325 2364 7629 7591 2326 2365 7630 
8 7591 2326 2365 7630 7592 2327 2366 7631 
8 7592 2327 2366 7631 7593 2328 2367 7632 
8 7593 2328 2367 7632 7594 2329 2368 7633 
8 7594 2329 2368 7633 7595 2330 2369 7634 
8 7595 2330 2369 7634 7596 2331 2370 7635 
8 7596 2331 2370 7635 7597 2332 2371 7636 
8 7597 2332 2371 7636 7598 2333 2372 7637 
8 7598 2333 2372 7637 7599 2334 2373 7638 
8 7599 2334 2373 7638 7600 2335 2374 7639 
8 7600 2335 2374 7639 7601 2336 2375 7640 
8 7601 2336 2375 7640 7602 2337 2376 7641 
8 7602 2337 2376 7641 7603 2338 2377 7642 
8 7603 2338 2377 7642 7604 2339 2378 7643 
8 7604 2339 2378 7643 7605 2340 2379 7644 
8 7605 2340 2379 7644 7606 2341 2380 7645 
8 7606 2341 2380 7645 7607 2342 2381 7646 
8 7607 2342 2381 7646 7608 2343 2382 7647 
8 7608 2343 2382 7647 7609 2344 2383 7648 
8 7609 2344 2383 7648 7610 2345 2384 7649 
8 7610 2345 2384 7649 7611 2346 2385 7650 
8 7611 2346 2385 7650 7612 2347 2386 7651 
8 7612 2347 2386 7651 7613 2348 2387 7652 
8 7613 2348 2387 7652 7614 2349 2388 7653 
8 7614 2349 2388 7653 7615 2350 2389 7654 
8 7615 2350 2389 7654 7616 2351 2390 7655 
8 7616 2351 2390 7655 7617 2352 2391 7656 
8 7617 2352 2391 7656 7618 2353 2392 7657 
8 7618 2353 2392 7657 7619 2354 2393 7658 
8 7619 2354 2393 7658 7620 2355 2394 7659 
8 7620 2355 2394 7659 7621 2356 2395 7660 
8 7621 2356 2395 7660 7622 2357 2396 7661 
8 7622 2357 2396 7661 7623 2358 2397 7662 
8 7623 2358 2397 7662 7624 2359 2398 7663 
8 7624 2359 2398 7663 7625 2360 2399 7664 
8 7625 2360 2399 7664 7626 2361 2400 7665 
8 7626 2361 2400 7665 7627 2362 2401 7666 
8 7627 2362 2401 7666 879 165 166 880 
8 745 127 5 142 7628 2363 221 2012 
8 7628 2363 221 2012 7629 2364 222 2013 
8 7629 2364 222 2013 7630 2365 223 2014 
8 7630 2365 223 2014 7631 2366 224 2015 
8 7631 2366 224 2015 7632 2367 225 2016 
8 7632 2367 225 2016 7633 2368 226 2017 
8 7633 2368 226 2017 7634 2369 227 2018 
8 7634 2369 227 2018 7635 2370 228 2019 
8 7635 2370 228 2019 7636 2371 229 2020 
8 7636 2371 229 2020 7637 2372 230 2021 
8 7637 2372 230 2021 7638 2373 231 2022 
8 7638 2373 231 2022 7639 2374 232 2023 
8 7639 2374 232 2023 7640 2375 233 2024 
8 7640 2375 233 2024 7641 2376 234 2025 
8 7641 2376 234 2025 7642 2377 235 2026 
8 7642 2377 235 2026 7643 2378 236 2027 
8 7643 2378 236 2027 7644 2379 237 2028 
8 7644 2379 237 2028 7645 2380 238 2029 
8 7645 2380 238 2029 7646 2381 239 2030 
8 7646 2381 239 2030 7647 2382 240 2031 
8 7647 2382 240 2031 7648 2383 241 2032 
8 7648 2383 241 2032 7649 2384 242 2033 
8 7649 2384 242 2033 7650 2385 243 2034 
8 7650 2385 243 2034 7651 2386 244 2035 
8 7651 2386 244 2035 7652 2387 245 2036 
8 7652 2387 245 2036 7653 2388 246 2037 
8 7653 2388 246 2037 7654 2389 247 2038 
8 7654 2389 247 2038 7655 2390 248 2039 
8 7655 2390 248 2039 7656 2391 249 2040 
8 7656 2391 249 2040 7657 2392 250 2041 
8 7657 2392 250 2041 7658 2393 251 2042 
8 7658 2393 251 2042 7659 2394 252 2043 
8 7659 2394 252 2043 7660 2395 253 2044 
8 7660 2395 253 2044 7661 2396 254 2045 
8 7661 2396 254 2045 7662 2397 255 2046 
8 7662 2397 255 2046 7663 2398 256 2047 
8 7663 2398 256 2047 7664 2399 257 2048 
8 7664 2399 257 2048 7665 2400 258 2049 
8 7665 2400 258 2049 7666 2401 259 2050 
8 7666 2401 259 2050 880 166 7 181 

CELL_TYPES 6400
12
12
12
12
12
12
12
12
12
12
12
12
12
12
12
12
12
12
12
12
12
12
12
12
12
12
12
12
12
12
12
12
12
12
12
12
12
12
12
12
12
12
12
12
12
12
12
12
12
12
12
12
12
12
12
12
12
12
12
12
12
12
12
12
12
12
12
12
12
12
12
12
12
12
12
12
12
12
12
12
12
12
12
12
12
12
12
12
12
12
12
12
12
12
12
12
12
12
12
12
12
12
12
12
12
12
12
12
12
12
12
12
12
12
12
12
12
12
12
12
12
12
12
12
12
12
12
12
12
12
12
12
12
12
12
12
12
12
12
12
12
12
12
12
12
12
12
12
12
12
12
12
12
12
12
12
12
12
12
12
12
12
12
12
12
12
12
12
12
12
12
12
12
12
12
12
12
12
12
12
12
12
12
12
12
12
12
12
12
12
12
12
12
12
12
12
12
12
12
12
12
12
12
12
12
12
12
12
12
12
12
12
12
12
12
12
12
12
12
12
12
12
12
12
12
12
12
12
12
12
12
12
12
12
12
12
12
12
12
12
12
12
12
12
12
12
12
12
12
12
12
12
12
12
12
12
12
12
12
12
12
12
12
12
12
12
12
12
12
12
12
12
12
12
12
12
12
12
12
12
12
12
12
12
12
12
12
12
12
12
12
12
12
12
12
12
12
12
12
12
12
12
12
12
12
12
12
12
12
12
12
12
12
12
12
12
12
12
12
12
12
12
12
12
12
12
12
12
12
12
12
12
12
12
12
12
12
12
12
12
12
12
12
12
12
12
12
12
12
12
12
12
12
12
12
12
12
12
12
12
12
12
12
12
12
12
12
12
12
12
12
12
12
12
12
12
12
12
12
12
12
12
12
12
12
12
12
12
12
12
12
12
12
12
12
12
12
12
12
12
12
12
12
12
12
12
12
12
12
12
12
12
12
12
12
12
12
12
12
12
12
12
12
12
12
12
12
12
12
12
12
12
12
12
12
12
12
12
12
12
12
12
12
12
12
12
12
12
12
12
12
12
12
12
12
12
12
12
12
12
12
12
12
12
12
12
12
12
12
12
12
12
12
12
12
12
12
12
12
12
12
12
12
12
12
12
12
12
12
12
12
12
12
12
12
12
12
12
12
12
12
12
12
12
12
12
12
12
12
12
12
12
12
12
12
12
12
12
12
12
12
12
12
12
12
12
12
12
12
12
12
12
12
12
12
12
12
12
12
12
12
12
12
12
12
12
12
12
12
12
12
12
12
12
12
12
12
12
12
12
12
12
12
12
12
12
12
12
12
12
12
12
12
12
12
12
12
12
12
12
12
12
12
12
12
12
12
12
12
12
12
12
12
12
12
12
12
12
12
12
12
12
12
12
12
12
12
12
12
12
12
12
12
12
12
12
12
12
12
12
12
12
12
12
12
12
12
12
12
12
12
12
12
12
12
12
12
12
12
12
12
12
12
12
12
12
12
12
12
12
12
12
12
12
12
12
12
12
12
12
12
12
12
12
12
12
12
12
12
12
12
12
12
12
12
12
12
12
12
12
12
12
12
12
12
12
12
12
12
12
12
12
12
12
12
12
12
12
12
12
12
12
12
12
12
12
12
12
12
12
12
12
12
12
12
12
12
12
12
12
12
12
12
12
12
12
12
12
12
12
12
12
12
12
12
12
12
12
12
12
12
12
12
12
12
12
12
12
12
12
12
12
12
12
12
12
12
12
12
12
12
12
12
12
12
12
12
12
12
12
12
12
12
12
12
12
12
12
12
12
12
12
12
12
12
12
12
12
12
12
12
12
12
12
12
12
12
12
12
12
12
12
12
12
12
12
12
12
12
12
12
12
12
12
12
12
12
12
12
12
12
12
12
12
12
12
12
12
12
12
12
12
12
12
12
12
12
12
12
12
12
12
12
12
12
12
12
12
12
12
12
12
12
12
12
12
12
12
12
12
12
12
12
12
12
12
12
12
12
12
12
12
12
12
12
12
12
12
12
12
12
12
12
12
12
12
12
12
12
12
12
12
12
12
12
12
12
12
12
12
12
12
12
12
12
12
12
12
12
12
12
12
12
12
12
12
12
12
12
12
12
12
12
12
12
12
12
12
12
12
12
12
12
12
12
12
12
12
12
12
12
12
12
12
12
12
12
12
12
12
12
12
12
12
12
12
12
12
12
12
12
12
12
12
12
12
12
12
12
12
12
12
12
12
12
12
12
12
12
12
12
12
12
12
12
12
12
12
12
12
12
12
12
12
12
12
12
12
12
12
12
12
12
12
12
12
12
12
12
12
12
12
12
12
12
12
12
12
12
12
12
12
12
12
12
12
12
12
12
12
12
12
12
12
12
12
12
12
12
12
12
12
12
12
12
12
12
12
12
12
12
12
12
12
12
12
12
12
12
12
12
12
12
12
12
12
12
12
12
12
12
12
12
12
12
12
12
12
12
12
12
12
12
12
12
12
12
12
12
12
12
12
12
12
12
12
12
12
12
12
12
12
12
12
12
12
12
12
12
12
12
12
12
12
12
12
12
12
12
12
12
12
12
12
12
12
12
12
12
12
12
12
12
12
12
12
12
12
12
12
12
12
12
12
12
12
12
12
12
12
12
12
12
12
12
12
12
12
12
12
12
12
12
12
12
12
12
12
12
12
12
12
12
12
12
12
12
12
12
12
12
12
12
12
12
12
12
12
12
12
12
12
12
12
12
12
12
12
12
12
12
12
12
12
12
12
12
12
12
12
12
12
12
12
12
12
12
12
12
12
12
12
12
12
12
12
12
12
12
12
12
12
12
12
12
12
12
12
12
12
12
12
12
12
12
12
12
12
12
12
12
12
12
12
12
12
12
12
12
12
12
12
12
12
12
12
12
12
12
12
12
12
12
12
12
12
12
12
12
12
12
12
12
12
12
12
12
12
12
12
12
12
12
12
12
12
12
12
12
12
12
12
12
12
12
12
12
12
12
12
12
12
12
12
12
12
12
12
12
12
12
12
12
12
12
12
12
12
12
12
12
12
12
12
12
12
12
12
12
12
12
12
12
12
12
12
12
12
12
12
12
12
12
12
12
12
12
12
12
12
12
12
12
12
12
12
12
12
12
12
12
12
12
12
12
12
12
12
12
12
12
12
12
12
12
12
12
12
12
12
12
12
12
12
12
12
12
12
12
12
12
12
12
12
12
12
12
12
12
12
12
12
12
12
12
12
12
12
12
12
12
12
12
12
12
12
12
12
12
12
12
12
12
12
12
12
12
12
12
12
12
12
12
12
12
12
12
12
12
12
12
12
12
12
12
12
12
12
12
12
12
12
12
12
12
12
12
12
12
12
12
12
12
12
12
12
12
12
12
12
12
12
12
12
12
12
12
12
12
12
12
12
12
12
12
12
12
12
12
12
12
12
12
12
12
12
12
12
12
12
12
12
12
12
12
12
12
12
12
12
12
12
12
12
12
12
12
12
12
12
12
12
12
12
12
12
12
12
12
12
12
12
12
12
12
12
12
12
12
12
12
12
12
12
12
12
12
12
12
12
12
12
12
12
12
12
12
12
12
12
12
12
12
12
12
12
12
12
12
12
12
12
12
12
12
12
12
12
12
12
12
12
12
12
12
12
12
12
12
12
12
12
12
12
12
12
12
12
12
12
12
12
12
12
12
12
12
12
12
12
12
12
12
12
12
12
12
12
12
12
12
12
12
12
12
12
12
12
12
12
12
12
12
12
12
12
12
12
12
12
12
12
12
12
12
12
12
12
12
12
12
12
12
12
12
12
12
12
12
12
12
12
12
12
12
12
12
12
12
12
12
12
12
12
12
12
12
12
12
12
12
12
12
12
12
12
12
12
12
12
12
12
12
12
12
12
12
12
12
12
12
12
12
12
12
12
12
12
12
12
12
12
12
12
12
12
12
12
12
12
12
12
12
12
12
12
12
12
12
12
12
12
12
12
12
12
12
12
12
12
12
12
12
12
12
12
12
12
12
12
12
12
12
12
12
12
12
12
12
12
12
12
12
12
12
12
12
12
12
12
12
12
12
12
12
12
12
12
12
12
12
12
12
12
12
12
12
12
12
12
12
12
12
12
12
12
12
12
12
12
12
12
12
12
12
12
12
12
12
12
12
12
12
12
12
12
12
12
12
12
12
12
12
12
12
12
12
12
12
12
12
12
12
12
12
12
12
12
12
12
12
12
12
12
12
12
12
12
12
12
12
12
12
12
12
12
12
12
12
12
12
12
12
12
12
12
12
12
12
12
12
12
12
12
12
12
12
12
12
12
12
12
12
12
12
12
12
12
12
12
12
12
12
12
12
12
12
12
12
12
12
12
12
12
12
12
12
12
12
12
12
12
12
12
12
12
12
12
12
12
12
12
12
12
12
12
12
12
12
12
12
12
12
12
12
12
12
12
12
12
12
12
12
12
12
12
12
12
12
12
12
12
12
12
12
12
12
12
12
12
12
12
12
12
12
12
12
12
12
12
12
12
12
12
12
12
12
12
12
12
12
12
12
12
12
12
12
12
12
12
12
12
12
12
12
12
12
12
12
12
12
12
12
12
12
12
12
12
12
12
12
12
12
12
12
12
12
12
12
12
12
12
12
12
12
12
12
12
12
12
12
12
12
12
12
12
12
12
12
12
12
12
12
12
12
12
12
12
12
12
12
12
12
12
12
12
12
12
12
12
12
12
12
12
12
12
12
12
12
12
12
12
12
12
12
12
12
12
12
12
12
12
12
12
12
12
12
12
12
12
12
12
12
12
12
12
12
12
12
12
12
12
12
12
12
12
12
12
12
12
12
12
12
12
12
12
12
12
12
12
12
12
12
12
12
12
12
12
12
12
12
12
12
12
12
12
12
12
12
12
12
12
12
12
12
12
12
12
12
12
12
12
12
12
12
12
12
12
12
12
12
12
12
12
12
12
12
12
12
12
12
12
12
12
12
12
12
12
12
12
12
12
12
12
12
12
12
12
12
12
12
12
12
12
12
12
12
12
12
12
12
12
12
12
12
12
12
12
12
12
12
12
12
12
12
12
12
12
12
12
12
12
12
12
12
12
12
12
12
12
12
12
12
12
12
12
12
12
12
12
12
12
12
12
12
12
12
12
12
12
12
12
12
12
12
12
12
12
12
12
12
12
12
12
12
12
12
12
12
12
12
12
12
12
12
12
12
12
12
12
12
12
12
12
12
12
12
12
12
12
12
12
12
12
12
12
12
12
12
12
12
12
12
12
12
12
12
12
12
12
12
12
12
12
12
12
12
12
12
12
12
12
12
12
12
12
12
12
12
12
12
12
12
12
12
12
12
12
12
12
12
12
12
12
12
12
12
12
12
12
12
12
12
12
12
12
12
12
12
12
12
12
12
12
12
12
12
12
12
12
12
12
12
12
12
12
12
12
12
12
12
12
12
12
12
12
12
12
12
12
12
12
12
12
12
12
12
12
12
12
12
12
12
12
12
12
12
12
12
12
12
12
12
12
12
12
12
12
12
12
12
12
12
12
12
12
12
12
12
12
12
12
12
12
12
12
12
12
12
12
12
12
12
12
12
12
12
12
12
12
12
12
12
12
12
12
12
12
12
12
12
12
12
12
12
12
12
12
12
12
12
12
12
12
12
12
12
12
12
12
12
12
12
12
12
12
12
12
12
12
12
12
12
12
12
12
12
12
12
12
12
12
12
12
12
12
12
12
12
12
12
12
12
12
12
12
12
12
12
12
12
12
12
12
12
12
12
12
12
12
12
12
12
12
12
12
12
12
12
12
12
12
12
12
12
12
12
12
12
12
12
12
12
12
12
12
12
12
12
12
12
12
12
12
12
12
12
12
12
12
12
12
12
12
12
12
12
12
12
12
12
12
12
12
12
12
12
12
12
12
12
12
12
12
12
12
12
12
12
12
12
12
12
12
12
12
12
12
12
12
12
12
12
12
12
12
12
12
12
12
12
12
12
12
12
12
12
12
12
12
12
12
12
12
12
12
12
12
12
12
12
12
12
12
12
12
12
12
12
12
12
12
12
12
12
12
12
12
12
12
12
12
12
12
12
12
12
12
12
12
12
12
12
12
12
12
12
12
12
12
12
12
12
12
12
12
12
12
12
12
12
12
12
12
12
12
12
12
12
12
12
12
12
12
12
12
12
12
12
12
12
12
12
12
12
12
12
12
12
12
12
12
12
12
12
12
12
12
12
12
12
12
12
12
12
12
12
12
12
12
12
12
12
12
12
12
12
12
12
12
12
12
12
12
12
12
12
12
12
12
12
12
12
12
12
12
12
12
12
12
12
12
12
12
12
12
12
12
12
12
12
12
12
12
12
12
12
12
12
12
12
12
12
12
12
12
12
12
12
12
12
12
12
12
12
12
12
12
12
12
12
12
12
12
12
12
12
12
12
12
12
12
12
12
12
12
12
12
12
12
12
12
12
12
12
12
12
12
12
12
12
12
12
12
12
12
12
12
12
12
12
12
12
12
12
12
12
12
12
12
12
12
12
12
12
12
12
12
12
12
12
12
12
12
12
12
12
12
12
12
12
12
12
12
12
12
12
12
12
12
12
12
12
12
12
12
12
12
12
12
12
12
12
12
12
12
12
12
12
12
12
12
12
12
12
12
12
12
12
12
12
12
12
12
12
12
12
12
12
12
12
12
12
12
12
12
12
12
12
12
12
12
12
12
12
12
12
12
12
12
12
12
12
12
12
12
12
12
12
12
12
12
12
12
12
12
12
12
12
12
12
12
12
12
12
12
12
12
12
12
12
12
12
12
12
12
12
12
12
12
12
12
12
12
12
12
12
12
12
12
12
12
12
12
12
12
12
12
12
12
12
12
12
12
12
12
12
12
12
12
12
12
12
12
12
12
12
12
12
12
12
12
12
12
12
12
12
12
12
12
12
12
12
12
12
12
12
12
12
12
12
12
12
12
12
12
12
12
12
12
12
12
12
12
12
12
12
12
12
12
12
12
12
12
12
12
12
12
12
12
12
12
12
12
12
12
12
12
12
12
12
12
12
12
12
12
12
12
12
12
12
12
12
12
12
12
12
12
12
12
12
12
12
12
12
12
12
12
12
12
12
12
12
12
12
12
12
12
12
12
12
12
12
12
12
12
12
12
12
12
12
12
12
12
12
12
12
12
12
12
12
12
12
12
12
12
12
12
12
12
12
12
12
12
12
12
12
12
12
12
12
12
12
12
12
12
12
12
12
12
12
12
12
12
12
12
12
12
12
12
12
12
12
12
12
12
12
12
12
12
12
12
12
12
12
12
12
12
12
12
12
12
12
12
12
12
12
12
12
12
12
12
12
12
12
12
12
12
12
12
12
12
12
12
12
12
12
12
12
12
12
12
12
12
12
12
12
12
12
12
12
12
12
12
12
12
12
12
12
12
12
12
12
12
12
12
12
12
12
12
12
12
12
12
12
12
12
12
12
12
12
12
12
12
12
12
12
12
12
12
12
12
12
12
12
12
12
12
12
12
12
12
12
12
12
12
12
12
12
12
12
12
12
12
12
12
12
12
12
12
12
12
12
12
12
12
12
12
12
12
12
12
12
12
12
12
12
12
12
12
12
12
12
12
12
12
12
12
12
12
12
12
12
12
12
12
12
12
12
12
12
12
12
12
12
12
12
12
12
12
12
12
12
12
12
12
12
12
12
12
12
12
12
12
12
12
12
12
12
12
12
12
12
12
12
12
12
12
12
12
12
12
12
12
12
12
12
12
12
12
12
12
12
12
12
12
12
12
12
12
12
12
12
12
12
12
12
12
12
12
12
12
12
12
12
12
12
12
12
12
12
12
12
12
12
12
12
12
12
12
12
12
12
12
12
12
12
12
12
12
12
12
12
12
12
12
12
12
12
12
12
12
12
12
12
12
12
12
12
12
12
12
12
12
12
12
12
12
12
12
12
12
12
12
12
12
12
12
12
12
12
12
12
12
12
12
12
12
12
12
12
12
12
12
12
12
12
12
12
12
12
12
12
12
12
12
12
12
12
12
12
12
12
12
12
12
12
12
12
12
12
12
12
12
12
12
12
12
12
12
12
12
12
12
12
12
12
12
12
12
12
12
12
12
12
12
12
12
12
12
12
12
12
12
12
12
12
12
12
12
12
12
12
12
12
12
12
12
12
12
12
12
12
12
12
12
12
12
12
12
12
12
12
12
12
12
12
12
12
12
12
12
12
12
12
12
12
12
12
12
12
12
12
12
12
12
12
12
12
12
12
12
12
12
12
12
12
12
12
12
12
12
12
12
12
12
12
12
12
12
12
12
12
12
12
12
12
12
12
12
12
12
12
12
12
12
12
12
12
12
12
12
12
12
12
12
12
12
12
12
12
12
12
12
12
12
12
12
12
12
12
12
12
12
12
12
12
12
12
12
12
12
12
12
12
12
12
12
12
12
12
12
12
12
12
12
12
12
12
12
12
12
12
12
12
12
12
12
12
12
12
12
12
12
12
12
12
12
12
12
12
12
12
12
12
12
12
12
12
12
12
12
12
12
12
12
12
12
12
12
12
12
12
12
12
12
12
12
12
12
12
12
12
12
12
12
12
12
12
12
12
12
12
12
12
12
12
12
12
12
12
12
12
12
12
12
12
12
12
12
12
12
12
12
12
12
12
12
12
12
12
12
12
12
12
12
12
12
12
12
12
12
12
12
12
12
12
12
12
12
12
12
12
12
12
12
12
12
12
12
12
12
12
12
12
12
12
12
12
12
12
12
12
12
12
12
12
12
12
12
12
12
12
12
12
12
12
12
12
12
12
12
12
12
12
12
12
12
12
12
12
12
12
12
12
12
12
12
12
12
12
12
12
12
12
12
12
12
12
12
12
12
12
12
12
12
12
12
12
12
12
12
12
12
12
12
12
12
12
12
12
12
12
12
12
12
12
12
12
12
12
12
12
12
12
12
12
12
12
12
12
12
12
12
12
12
12
12
12
12
12
12
12
12
12
12
12
12
12
12
12
12
12
12
12
12
12
12
12
12
12
12
12
12
12
12
12
12
12
12
12
12
12
12
12
12
12
12
12
12
12
12
12
12
12
12
12
12
12
12
12
12
12
12
12
12
12
12
12
12
12
12
12
12
12
12
12
12
12
12
12
12
12
12
12
12
12
12
12
12
12
12
12
12
12
12
12
12
12
12
12
12
12
12
12
12
12
12
12
12
12
12
12
12
12
12
12
12
12
12
12
12
12
12
12
12
12
12
12
12
12
12
12
12
12
12
12
12
12
12
12
12
12
12
12
12
12
12
12
12
12
12
12
12
12
12
12
12
12
12
12
12
12
12
12
12
12
12
12
12
12
12
12
12
12
12
12
12
12
12
12
12
12
12
12
12
12
12
12
12
12
12
12
12
12
12
12
12
12
12
12
12
12
12
12
12
12
12
12
12
12
12
12
12
12
12
12
12
12
12
12
12
12
12
12
12
12
12
12
12
12
12
12
12
12
12
12
12
12
12
12
12
12
12
12
12
12
12
12
12
12
12
12
12
12
12
12
12
12
12
12
12
12
12
12
12
12
12
12
12
12
12
12
12
12
12
12
12
12
12
12
12
12
12
12
12
12
12
12
12
12
12
12
12
12
12
12
12
12
12
12
12
12
12
12
12
12
12
12
12
12
12
12
12
12
12
12
12
12
12
12
12
12
12
12
12
12
12
12
12
12
12
12
12
12
12
12
12
12
12
12
12
12
12
12
12
12
12
12
12
12
12
12
12
12
12
12
12
12
12
12
12
12
12
12
12
12
12
12
12
12
12
12
12
12
12
12
12
12
12
12
12
12
12
12
12
12
12
12
12
12
12
12
12
12
12
12
12
12
12
12
12
12
12
12
12
12
12
12
12
12
12
12
12
12
12
12
12
12
12
12
12
12
12
12
12
12
12
12
12
12
12
12
12
12
12
12
12
12
12
12
12
12
12
12
12
12
12
12
12
12
12
12
12
12
12
12
12
12
12
12
12
12
12
12
12
12
12
12
12
12
12
12
12
12
12
12
12
12
12
12
12
12
12
12
12
12
12
12
12
12
12
12
12
12
12
12
12
12
12
12
12
12
12
12
12
12
12
12
12
12
12
12
12
12
12
12
12
12
12
12
12
12
12
12
12
12
12
12
12
12
12
12
12
12
12
12
12
12
12
12
12
12
12
12
12
12
12
12
12
12
12
12
12
12
12
12
12
12
12
12
12
12
12
12
12
12
12
12
12
12
12
12
12
12
12
12
12
12
12
12
12
12
12
12
12
12
12
12
12
12
12
12
12
12
12
12
12
12
12
12
12
12
12
12
12
12
12
12
12
12
12
12
12
12
12
12
12
12
12
12
12
12
12
12
12
12
12
12
12
12
12
12
12
12
12
12
12
12
12
12
12
12
12
12
12
12
12
12
12
12
12
12
12
12
12
12
12
12
12
12
12
12
12
12
12
12
12
12
12
12
12
12
12
12
12
12
12
12
12
12
12
12
12
12
12
12
12
12
12
12
12
12
12
12
12
12
12
12
12
12
12
12
12
12
12
12
12
12
12
12
12
12
12
12
12
12
12
12
12
12
12
12
12
12
12
12
12
12
12
12
12
12
12
12
12
12
12
12
12
12
12
12
12
12
12
12
12
12
12
12
12
12
12
12
12
12
12
12
12
12
12
12
12
12
12
12
12
12
12
12
12
12
12
12
12
12
12
12
12
12
12
12
12
12
12
12
12
12
12
12
12
12
12
12
12
12
12
12
12
12
12
12
12
12
12
12
12
12
12
12
12
12
12
12
12
12
12
12
12
12
12
12
12
12
12
12
12
12
12
12
12
12
12
12
12
12
12
12
12
12
12
12
12
12
12
12
12
12
12
12
12
12
12
12
12
12
12
12
12
12
12
12
12
12
12
12
12
12
12
12
12
12
12
12
12
12
12
12
12
12
12
12
12
12
12
12
12
12
12
12
12
12
12
12
12
12
12
12
12
12
12
12
12
12
12
12
12
12
12
12
12
12
12
12
12
12
12
12
12
12
12
12
12
12
12
12
12
12
12
12
12
12
12
12
12
12
12
12
12
12
12
12
12
12
12
12
12
12
12
12
12
12
12
12
12
12
12
12
12
12
12
12
12
12
12
12
12
12
12
12
12
12
12
12
12
12
12
12
12
12
12
12
12
12
12
12
12
12
12
12
12
12
12
12
12
12
12
12
12
12
12
12
12
12
12
12
12
12
12
12
12
12
12
12
12
12
12
12
12
12
12
12
12
12
12
12
12
12
12
12
12
12
12
12
12
12
12
12
12
12
12
12
12
12
12
12
12
12
12
12
12
12
12
12
12
12
12
12
12
12
12
12
12
12
12
12
12
12
12
12
12
12
12
12
12
12
12
12
12
12
12
12
12
12
12
12
12
12
12
12
12
12
12
12
12
12
12
12
12
12
12
12
12
12
12
12
12
12
12
12
12
12
12
12
12
12
12
12
12
12
12
12
12
12
12
12
12
12
12
12
12
12
12
12
12
12
12
12
12
12
12
12
12
12
12
12
12
12
12
12
12
12
12
12
12
12
12
12
12
12
12
12
12
12
12
12
12
12
12
12
12
12
12
12
12
12
12
12
12
12
12
12
12
12
12
12
12
12
12
12
12
12
12
12
12
12
12
12
12
12
12
12
12
12
12
12
12
12
12
12
12
12
12
12
12
12
12
12
12
12
12
12
12
12
12
12
12
12
12
12
12
12
12
12
12
12
12
12
12
12
12
12
12
12
12
12
12
12
12
12
12
12
12
12
12
12
12
12
12
12
12
12
12
12
12
12
12
12
12
12
12
12
12
12
12
12
12
12
12
12
12
12
12
12
12
12
12
12
12
12
12
12
12
12
12
12
12
12
12
12
12
12
12
12
12
12
12
12
12
12
12
12
12
12
12
12
12
12
12
12
12
12
12
12
12
12
12
12
12
12
12
12
12
12
12
12
12
12
12
12
12
12
12
12
12
12
12
12
12
12
12
12
12
12
12
12
12
12
12
12
12
12
12
12
12
12
12
12
12
12
12
12
12
12
12
12
12
12
12
12
12
12
12
12
12
12
12
12
12
12
12
12
12
12
12
12
12
12
12
12
12
12
12
12
12
12
12
12
12
12
12
12
12
12
12
12
12
12
12
12
12
12
12
12
12
12
12
12
12
12
12
12
12
12
12
12
12
12
12
12
12
12
12
12
12
12
12
12
12
12
12
12
12
12
12
12
12
12
12
12
12
12
12
12
12
12
12
12
12
12
12
12
12
12
12
12
12
12
12
12
12
12
12
12
12
12
12
12
12
12
12
12
12
12
12
12
12
12
12
12
12
12
12
12
12
12
12
12
12
12
12
12
12
12
12
12
12
12
12
12
12
12
12
12
12
12
12
12
12
12
12
12
12
12
12
12
12
12
12
12
12
12
12
12
12
12
12
12
12
12
12
12
12
12
12
12
12
12
12
12
12
12
12
12
12
12
12
12
12
12
12
12
12
12
12
12
12
12
12
12
12
12
12
12
12
12
12
12
12
12
12
12
12
12
12
12
12
12
12
12
12
12
12
12
12
12
12
12
12
12
12
12
12
12
12
12
12
12
12
12
12
12
12
12
12
12
12
12
12
12
12
12
12
12
12
12
12
12
12
12
12
12
12
12
12
12
12
12
12
12
12
12
12
12
12
12
12
12
12
12
12
12
12
12
12
12
12
12
12
12
12
12
12
12
12
12
12
12
12
12
12
12
12
12
12
12
12
12
12
12
12
12
12
12
12
12
12
12
12
12
12
12
12
12
12
12
12
12
12
12
12
12
12
12
12
12
12
12
12
12
12
12
12
12
12
12
12
12
12
12
12
12
12
12
12
12
12
12
12
12
12
12
12
12
12
12
12
12
12
12
12
12
12
12
12
12
12
12
12
12
12
12
12
12
12
12
12
12
12
12
12
12
12
12
12
12
12
12
12
12
12
12
12
12
12
12
12
12
12
12
12
12
12
12
12
12
12
12
12
12
12
12
12
12
12
12
12
12
12
12
12
12
12
12
12
12
12
12
12
12
12
12
12
12
12
12
12
12
12
12
12
12
12
12
12
12
12
12
12
12
12
12
12
12
12
12
12
12
12
12
12
12
12
12
12
12
12
12
12
12
12
12
12
12
12
12
12
12
12
12
12
12
12
12
12
12
12
12
12
12
12
12
12
12
12
12
12
12
12
12
12
12
12
12
12
12
12
12
12
12
12
12
12
12
12
12
12
12
12
12
12
12
12
12
12
12
12
12
12
12
12
12
12
12
12
12
12
12
12
12
12
12
12
12
12
12
12
12
12
12
12
12
12
12
12
12
12
12
12
12
12
12
12
12
12
12
12
12
12
12
12
12
12
12
12
12
12
12
12
12
12
12
12
12
12
12
12
12
12
12
12
12
12
12
12
12
12
12
12
12
12
12
12
12
12
12
12
12
12
12
12
12
12
12
12
12
12
12
12
12
12
12
12
12
12
12
12
12
12
12
12
12
12
12
12
12
12
12
12
12
12
12
12
12
12
12
12
12
12
12
12
12
12
12
12
12
12
12
12
12
12
12
12
12
12
12
12
12
12
12
12
12
12
12
12
12
12
12
12
12
12
12
12
12
12
12
12
12
12
12
12
12
12
12
12
12
12
12
12
12
12
12
12
12
12
12
12
12
12
12
12
12
12
12
12
12
12
12
12
12
12
12
12
12
12
12
12
12
12
12
12
12
12
12
12
12
12
12
12
12
12
12
12
12
12
12
12
12
12
12
12
12
12
12
12
12
12
12
12
12
12
12
12
12
12
12
12
12
12
12
12
12
12
12
12
12
12
12
12
12
12
12
12
12
12
12
12
12
12
12
12
12
12
12
12
12
12
12
12
12
12
12
12
12
12
12
12
12
12
12
12
12
12
12
12
12
12
12
12
12
12
12
12
12
12
12
12
12
12
12
12
12
12
12
12
12
12
12
12
12
12
12
12
12
12
12
12
12
12
12
12
12
12
12
12
12
12
12
12
12
12
12
12
12
12
12
12
12
12
12
12
12
12
12
12
12
12
12
12
12
12
12
12
12
12
12
12
12
12
12
12
12
12
12
12
12
12
12
12
12
12
12
12
12
12
12
12
12
12
12
12
12
12
12
12
12
12
12
12
12
12
12
12
12
12
12
12
12
12
12
12
12
12
12
12
12
12
12
12
12
12
12
12
12
12
12
12
12
12
12
12
12
12
12
12
12
12
12
12
12
12
12
12
12
12
12
12
12
12
12
12
12
12
12
12
12
12
12
12
12
12
12
12
12
12
12
12
12
12
12
12
12
12
12
12
12
12
12
12
12
12
12
12
12
12
12
12
12
12
12
12
12
12
12
12
12
12
12
12
12
12
12
12
12
12
12
12
12
12
12
12
12
12
12
12
12
12
12
12
12
12
12
12
12
12
12
12
12
12
12
12
12
12
12
12
12
12
12
12

CELL_DATA 6400
SCALARS block_id int 1
LOOKUP_TABLE default
3
3
3
3
3
3
3
3
3
3
3
3
3
3
3
3
3
3
3
3
3
3
3
3
3
3
3
3
3
3
3
3
3
3
3
3
3
3
3
3
3
3
3
3
3
3
3
3
3
3
3
3
3
3
3
3
3
3
3
3
3
3
3
3
3
3
3
3
3
3
3
3
3
3
3
3
3
3
3
3
3
3
3
3
3
3
3
3
3
3
3
3
3
3
3
3
3
3
3
3
3
3
3
3
3
3
3
3
3
3
3
3
3
3
3
3
3
3
3
3
3
3
3
3
3
3
3
3
3
3
3
3
3
3
3
3
3
3
3
3
3
3
3
3
3
3
3
3
3
3
3
3
3
3
3
3
3
3
3
3
3
3
3
3
3
3
3
3
3
3
3
3
3
3
3
3
3
3
3
3
3
3
3
3
3
3
3
3
3
3
3
3
3
3
3
3
3
3
3
3
3
3
3
3
3
3
3
3
3
3
3
3
3
3
3
3
3
3
3
3
3
3
3
3
3
3
3
3
3
3
3
3
3
3
3
3
3
3
3
3
3
3
3
3
3
3
3
3
3
3
3
3
3
3
3
3
3
3
3
3
3
3
3
3
3
3
3
3
3
3
3
3
3
3
3
3
3
3
3
3
3
3
3
3
3
3
3
3
3
3
3
3
3
3
3
3
3
3
3
3
3
3
3
3
3
3
3
3
3
3
3
3
3
3
3
3
3
3
3
3
3
3
3
3
3
3
3
3
3
3
3
3
3
3
3
3
3
3
3
3
3
3
3
3
3
3
3
3
3
3
3
3
3
3
3
3
3
3
3
3
3
3
3
3
3
3
3
3
3
3
3
3
3
3
3
3
3
3
3
3
3
3
3
3
3
3
3
3
3
3
3
3
3
3
3
3
3
3
3
3
3
3
3
3
3
3
3
3
3
3
3
3
3
3
3
3
3
3
3
3
3
3
3
3
3
3
3
3
3
3
3
3
3
3
3
3
3
3
3
3
3
3
3
3
3
3
3
3
3
3
3
3
3
3
3
3
3
3
3
3
3
3
3
3
3
3
3
3
3
3
3
3
3
3
3
3
3
3
3
3
3
3
3
3
3
3
3
3
3
3
3
3
3
3
3
3
3
3
3
3
3
3
3
3
3
3
3
3
3
3
3
3
3
3
3
3
3
3
3
3
3
3
3
3
3
3
3
3
3
3
3
3
3
3
3
3
3
3
3
3
3
3
3
3
3
3
3
3
3
3
3
3
3
3
3
3
3
3
3
3
3
3
3
3
3
3
3
3
3
3
3
3
3
3
3
3
3
3
3
3
3
3
3
3
3
3
3
3
3
3
3
3
3
3
3
3
3
3
3
3
3
3
3
3
3
3
3
3
3
3
3
3
3
3
3
3
3
3
3
3
3
3
3
3
3
3
3
3
3
3
3
3
3
3
3
3
3
3
3
3
3
3
3
3
3
3
3
3
3
3
3
3
3
3
3
3
3
3
3
3
3
3
3
3
3
3
3
3
3
3
3
3
3
3
3
3
3
3
3
3
3
3
3
3
3
3
3
3
3
3
3
3
3
3
3
3
3
3
3
3
3
3
3
3
3
3
3
3
3
3
3
3
3
3
3
3
3
3
3
3
3
3
3
3
3
3
3
3
3
3
3
3
3
3
3
3
3
3
3
3
3
3
3
3
3
3
3
3
3
3
3
3
3
3
3
3
3
3
3
3
3
3
3
3
3
3
3
3
3
3
3
3
3
3
3
3
3
3
3
3
3
3
3
3
3
3
3
3
3
3
3
3
3
3
3
3
3
3
3
3
3
3
3
3
3
3
3
3
3
3
3
3
3
3
3
3
3
3
3
3
3
3
3
3
3
3
3
3
3
3
3
3
3
3
3
3
3
3
3
3
3
3
3
3
3
3
3
3
3
3
3
3
3
3
3
3
3
3
3
3
3
3
3
3
3
3
3
3
3
3
3
3
3
3
3
3
3
3
3
3
3
3
3
3
3
3
3
3
3
3
3
3
3
3
3
3
3
3
3
3
3
3
3
3
3
3
3
3
3
3
3
3
3
3
3
3
3
3
3
3
3
3
3
3
3
3
3
3
3
3
3
3
3
3
3
3
3
3
3
3
3
3
3
3
3
3
3
3
3
3
3
3
3
3
3
3
3
3
3
3
3
3
3
3
3
3
3
3
3
3
3
3
3
3
3
3
3
3
3
3
3
3
3
3
3
3
3
3
3
3
3
3
3
3
3
3
3
3
3
3
3
3
3
3
3
3
3
3
3
3
3
3
3
3
3
3
3
3
3
3
3
3
3
3
3
3
3
3
3
3
3
3
3
3
3
3
3
3
3
3
3
3
3
3
3
3
3
3
3
3
3
3
3
3
3
3
3
3
3
3
3
3
3
3
3
3
3
3
3
3
3
3
3
3
3
3
3
3
3
3
3
3
3
3
3
3
3
3
3
3
3
3
3
3
3
3
3
3
3
3
3
3
3
3
3
3
3
3
3
3
3
3
3
3
3
3
3
3
3
3
3
3
3
3
3
3
3
3
3
3
3
3
3
3
3
3
3
3
3
3
3
3
3
3
3
3
3
3
3
3
3
3
3
3
3
3
3
3
3
3
3
3
3
3
3
3
3
3
3
3
3
3
3
3
3
3
3
3
3
3
3
3
3
3
3
3
3
3
3
3
3
3
3
3
3
3
3
3
3
3
3
3
3
3
3
3
3
3
3
3
3
3
3
3
3
3
3
3
3
3
3
3
3
3
3
3
3
3
3
3
3
3
3
3
3
3
3
3
3
3
3
3
3
3
3
3
3
3
3
3
3
3
3
3
3
3
3
3
3
3
3
3
3
3
3
3
3
3
3
3
3
3
3
3
3
3
3
3
3
3
3
3
3
3
3
3
3
3
3
3
3
3
3
3
3
3
3
3
3
3
3
3
3
3
3
3
3
3
3
3
3
3
3
3
3
3
3
3
3
3
3
3
3
3
3
3
3
3
3
3
3
3
3
3
3
3
3
3
3
3
3
3
3
3
3
3
3
3
3
3
3
3
3
3
3
3
3
3
3
3
3
3
3
3
3
3
3
3
3
3
3
3
3
3
3
3
3
3
3
3
3
3
3
3
3
3
3
3
3
3
3
3
3
3
3
3
3
3
3
3
3
3
3
3
3
3
3
3
3
3
3
3
3
3
3
3
3
3
3
3
3
3
3
3
3
3
3
3
3
3
3
3
3
3
3
3
3
3
3
3
3
3
3
3
3
3
3
3
3
3
3
3
3
3
3
3
3
3
3
3
3
3
3
3
3
3
3
3
3
3
3
3
3
3
3
3
3
3
3
3
3
3
3
3
3
3
3
3
3
3
3
3
3
3
3
3
3
3
3
3
3
3
3
3
3
3
3
3
3
3
3
3
3
3
3
3
3
3
3
3
3
3
3
3
3
3
3
3
3
3
3
3
3
3
3
3
3
3
3
3
3
3
3
3
3
3
3
3
3
3
3
3
3
3
3
3
3
3
3
3
3
3
3
3
3
3
3
3
3
3
3
3
3
3
3
3
3
3
3
3
3
3
3
3
3
3
3
3
3
3
3
3
3
3
3
3
3
3
3
3
3
3
3
3
3
3
3
3
3
3
3
3
3
3
3
3
3
3
3
3
3
3
3
3
3
3
3
3
3
3
3
3
3
3
3
3
3
3
3
3
3
3
3
3
3
3
3
3
3
3
3
3
3
3
3
3
3
3
3
3
3
3
3
3
3
3
3
3
3
3
3
3
3
3
3
3
3
3
3
3
3
3
3
3
3
3
3
3
3
3
3
3
3
3
3
3
3
3
3
3
3
3
3
3
3
3
3
3
3
3
3
3
3
3
3
3
3
3
3
3
3
3
3
3
3
3
3
3
3
3
3
3
3
3
3
3
3
3
3
3
3
3
3
3
3
3
3
3
3
3
3
3
3
3
3
3
3
3
3
3
3
3
3
3
3
3
3
3
3
3
3
3
3
3
3
3
3
3
3
3
3
3
3
3
3
3
3
3
3
3
3
3
3
3
3
3
3
3
3
3
3
3
3
3
3
3
3
3
3
3
3
3
3
3
3
3
3
3
3
3
3
3
3
3
3
3
3
3
3
3
3
3
3
3
3
3
3
3
3
3
3
3
3
3
3
3
3
3
3
3
3
3
3
3
3
3
3
3
3
3
3
3
3
3
3
3
3
3
3
3
3
3
3
3
3
3
3
3
3
3
3
3
3
3
3
3
3
3
3
3
3
3
3
3
3
3
3
3
3
3
3
3
3
3
3
3
3
3
3
3
3
3
3
3
3
3
3
3
3
3
3
3
3
3
3
3
3
3
3
3
3
3
3
3
3
3
3
3
3
3
3
3
3
3
3
3
3
3
3
3
3
3
3
3
3
3
3
3
3
3
3
3
3
3
3
3
3
3
3
3
3
3
3
3
3
3
3
3
3
3
3
3
3
3
3
3
3
3
3
3
3
3
3
3
3
3
3
3
3
3
3
3
3
3
3
3
3
3
3
3
3
3
3
3
3
3
3
3
3
3
3
3
3
3
3
3
3
3
3
3
3
3
3
3
3
3
3
3
3
3
3
3
3
3
3
3
3
3
3
3
3
3
3
3
3
3
3
3
3
3
3
3
3
3
3
3
3
3
3
3
3
3
3
3
3
3
3
3
3
3
3
3
3
3
3
3
3
3
3
3
3
3
3
3
3
3
3
3
3
3
3
3
3
3
3
3
3
3
3
3
3
3
3
3
3
3
3
3
3
3
3
3
3
3
3
3
3
3
3
3
3
3
3
3
3
3
3
3
3
3
3
3
3
3
3
3
3
3
3
3
3
3
3
3
3
3
3
3
3
3
3
3
3
3
3
3
3
3
3
3
3
3
3
3
3
3
3
3
3
3
3
3
3
3
3
3
3
3
3
3
3
3
3
3
3
3
3
3
3
3
3
3
3
3
3
3
3
3
3
3
3
3
3
3
3
3
3
3
3
3
3
3
3
3
3
3
3
3
3
3
3
3
3
3
3
3
3
3
3
3
3
3
3
3
3
3
3
3
3
3
3
3
3
3
3
3
3
3
3
3
3
3
3
3
3
3
3
3
3
3
3
3
3
3
3
3
3
3
3
3
3
3
3
3
3
3
3
3
3
3
3
3
3
3
3
3
3
3
3
3
3
3
3
3
3
3
3
3
3
3
3
3
3
3
3
3
3
3
3
3
3
3
3
3
3
3
3
3
3
3
3
3
3
3
3
3
3
3
3
3
3
3
3
3
3
3
3
3
3
3
3
3
3
3
3
3
3
3
3
3
3
3
3
3
3
3
3
3
3
3
3
3
3
3
3
3
3
3
3
3
3
3
3
3
3
3
3
3
3
3
3
3
3
3
3
3
3
3
3
3
3
3
3
3
3
3
3
3
3
3
3
3
3
3
3
3
3
3
3
3
3
3
3
3
3
3
3
3
3
3
3
3
3
3
3
3
3
3
3
3
3
3
3
3
3
3
3
3
3
3
3
3
3
3
3
3
3
3
3
3
3
3
3
3
3
3
3
3
3
3
3
3
3
3
3
3
3
3
3
3
3
3
3
3
3
3
3
3
3
3
3
3
3
3
3
3
3
3
3
3
3
3
3
3
3
3
3
3
3
3
3
3
3
3
3
3
3
3
3
3
3
3
3
3
3
3
3
3
3
3
3
3
3
3
3
3
3
3
3
3
3
3
3
3
3
3
3
3
3
3
3
3
3
3
3
3
3
3
3
3
3
3
3
3
3
3
3
3
3
3
3
3
3
3
3
3
3
3
3
3
3
3
3
3
3
3
3
3
3
3
3
3
3
3
3
3
3
3
3
3
3
3
3
3
3
3
3
3
3
3
3
3
3
3
3
3
3
3
3
3
3
3
3
3
3
3
3
3
3
3
3
3
3
3
3
3
3
3
3
3
3
3
3
3
3
3
3
3
3
3
3
3
3
3
3
3
3
3
3
3
3
3
3
3
3
3
3
3
3
3
3
3
3
3
3
3
3
3
3
3
3
3
3
3
3
3
3
3
3
3
3
3
3
3
3
3
3
3
3
3
3
3
3
3
3
3
3
3
3
3
3
3
3
3
3
3
3
3
3
3
3
3
3
3
3
3
3
3
3
3
3
3
3
3
3
3
3
3
3
3
3
3
3
3
3
3
3
3
3
3
3
3
3
3
3
3
3
3
3
3
3
3
3
3
3
3
3
3
3
3
3
3
3
3
3
3
3
3
3
3
3
3
3
3
3
3
3
3
3
3
3
3
3
3
3
3
3
3
3
3
3
3
3
3
3
3
3
3
3
3
3
3
3
3
3
3
3
3
3
3
3
3
3
3
3
3
3
3
3
3
3
3
3
3
3
3
3
3
3
3
3
3
3
3
3
3
3
3
3
3
3
3
3
3
3
3
3
3
3
3
3
3
3
3
3
3
3
3
3
3
3
3
3
3
3
3
3
3
3
3
3
3
3
3
3
3
3
3
3
3
3
3
3
3
3
3
3
3
3
3
3
3
3
3
3
3
3
3
3
3
3
3
3
3
3
3
3
3
3
3
3
3
3
3
3
3
3
3
3
3
3
3
3
3
3
3
3
3
3
3
3
3
3
3
3
3
3
3
3
3
3
3
3
3
3
3
3
3
3
3
3
3
3
3
3
3
3
3
3
3
3
3
3
3
3
3
3
3
3
3
3
3
3
3
3
3
3
3
3
3
3
3
3
3
3
3
3
3
3
3
3
3
3
3
3
3
3
3
3
3
3
3
3
3
3
3
3
3
3
3
3
3
3
3
3
3
3
3
3
3
3
3
3
3
3
3
3
3
3
3
3
3
3
3
3
3
3
3
3
3
3
3
3
3
3
3
3
3
3
3
3
3
3
3
3
3
3
3
3
3
3
3
3
3
3
3
3
3
3
3
3
3
3
3
3
3
3
3
3
3
3
3
3
3
3
3
3
3
3
3
3
3
3
3
3
3
3
3
3
3
3
3
3
3
3
3
3
3
3
3
3
3
3
3
3
3
3
3
3
3
3
3
3
3
3
3
3
3
3
3
3
3
3
3
3
3
3
3
3
3
3
3
3
3
3
3
3
3
3
3
3
3
3
3
3
3
3
3
3
3
3
3
3
3
3
3
3
3
3
3
3
3
3
3
3
3
3
3
3
3
3
3
3
3
3
3
3
3
3
3
3
3
3
3
3
3
3
3
3
3
3
3
3
3
3
3
3
3
3
3
3
3
3
3
3
3
3
3
3
3
3
3
3
3
3
3
3
3
3
3
3
3
3
3
3
3
3
3
3
3
3
3
3
3
3
3
3
3
3
3
3
3
3
3
3
3
3
3
3
3
3
3
3
3
3
3
3
3
3
3
3
3
3
3
3
3
3
3
3
3
3
3
3
3
3
3
3
3
3
3
3
3
3
3
3
3
3
3
3
3
3
3
3
3
3
3
3
3
3
3
3
3
3
3
3
3
3
3
3
3
3
3
3
3
3
3
3
3
3
3
3
3
3
3
3
3
3
3
3
3
3
3
3
3
3
3
3
3
3
3
3
3
3
3
3
3
3
3
3
3
3
3
3
3
3
3
3
3
3
3
3
3
3
3
3
3
3
3
3
3
3
3
3
3
3
3
3
3
3
3
3
3
3
3
3
3
3
3
3
3
3
3
3
3
3
3
3
3
3
3
3
3
3
3
3
3
3
3
3
3
3
3
3
3
3
3
3
3
3
3
3
3
3
3
3
3
3
3
3
3
3
3
3
3
3
3
3
3
3
3
3
3
3
3
3
3
3
3
3
3
3
3
3
3
3
3
3
3
3
3
3
3
3
3
3
3
3
3
3
3
3
3
3
3
3
3
3
3
3
3
3
3
3
3
3
3
3
3
3
3
3
3
3
3
3
3
3
3
3
3
3
3
3
3
3
3
3
3
3
3
3
3
3
3
3
3
3
3
3
3
3
3
3
3
3
3
3
3
3
3
3
3
3
3
3
3
3
3
3
3
3
3
3
3
3
3
3
3
3
3
3
3
3
3
3
3
3
3
3
3
3
3
3
3
3
3
3
3
3
3
3
3
3
3
3
3
3
3
3
3
3
3
3
3
3
3
3
3
3
3
3
3
3
3
3
3
3
3
3
3
3
3
3
3
3
3
3
3
3
3
3
3
3
3
3
3
3
3
3
3
3
3
3
3
3
3
3
3
3
3
3
3
3
3
3
3
3
3
3
3
3
3
3
3
3
3
3
3
3
3
3
3
3
3
3
3
3
3
3
3
3
3
3
3
3
3
3
3
3
3
3
3
3
3
3
3
3
3
3
3
3
3
3
3
3
3
3
3
3
3
3
3
3
3
3
3
3
3
3
3
3
3
3
3
3
3
3
3
3
3
3
3
3
3
3
3
3
3
3
3
3
3
3
3
3
3
3
3
3
3
3
3
3
3
3
3
3
3
3
3
3
3
3
3
3
3
3
3
3
3
3
3
3
3
3
3
3
3
3
3
3
3
3
3
3
3
3
3
3
3
3
3
3
3
3
3
3
3
3
3
3
3
3
3
3
3
3
3
3
3
3
3
3
3
3
3
3
3
3
3
3
3
3
3
3
3
3
3
3
3
3
3
3
3
3
3
3
3
3
3
3
3
3
3
3
3
3
3
3
3
3
3
3
3
3
3
3
3
3
3
3
3
3
3
3
3
3
3
3
3
3
3
3
3
3
3
3
3
3
3
3
3
3
3
3
3
3
3
3
3
3
3
3
3
3
3
3
3
3
3
3
3
3
3
3
3
3
3
3
3
3
3
3
3
3
3
3
3
3
3
3
3
3
3
3
3
3
3
3
3
3
3
3
3
3
3
3
3
3
3
3
3
3
3
3
3
3
3
3
3
3
3
3
3
3
3
3
3
3
3
3
3
3
3
3
3
3
3
3
3
3
3
3
3
3
3
3
3
3
3
3
3
3
3
3
3
3
3
3
3
3
3
3
3
3
3
3
3
3
3
3
3
3
3
3
3
3
3
3
3
3
3
3
3
3
3
3
3
3
3
3
3
3
3
3
3
3
3
3
3
3
3
3
3
3
3
3
3
3
3
3
3
3
3
3
3
3
3
3
3
3
3
3
3
3
3
3
3
3
3
3
3
3
3
3
3
3
3
3
3
3
3
3
3
3
3
3
3
3
3
3
3
3
3
3
3
3
3
3
3
3
3
3
3
3
3
3
3
3
3
3
3
3
3
3
3
3
3
3
3
3
3
3
3
3
3
3
3
3
3
3
3
3
3
3
3
3
3
3
3
3
3
3
3
3
3
3
3
3
3
3
3
3
3
3
3
3
3
3
3
3
3
3
3
3
3
3
3
3
3
3
3
3
3
3
3
3
3
3
3
3
3
3
3
3
3
3
3
3
3
3
3
3
3
3
3
3
3
3
3
3
3
3
3
3
3
3
3
3
3
3
3
3
3
3
3
3
3
3
3
3
3
3
3
3
3
3
3
3
3
3
3
3
3
3
3
3
3
3
3
3
3
3
3
3
3
3
3
3
3
3
3
3
3
3
3
3
3
3
3
3
3
3
3
3
3
3
3
3
3
3
3
3
3
3
3
3
3
3
3
3
3
3
3
3
3
3
3
3
3
3
3
3
3
3
3
3
3
3
3
3
3
3
3
3
3
3
3
3
3
3
3
3
3
3
3
3
3
3
3
3
3
3
3
3
3
3
3
3
3
3
3
3
3
3
3
3
3
3
3
3
3
3
3
3
3
3
3
3
3
3
3
3
3
3
3
3
3
3
3
3
3
3
3
3
3
3
3
3
3
3
3
3
3
3
3
3
3
3
3
3
3
3
3
3
3
3
3
3
3
3
3
3
3
3
3
3
3
3
3
3
3
3
3
3
3
3
3
3
3
3
3
3
3
3
3
3
3
3
3
3
3
3
3
3
3
3
3
3
3
3
3
3
3
3
3
3
3
3
3
3
3
3
3
3
3
3
3
3
3
3
3
3
3
3
3
3
3
3
3
3
3
3
3
3
3
3
3
3
3
3
3
3
3
3
3
3
3
3
3
3
3
3
3
3
3
3
3
3
3
3
3
3
3
3
3
3
3
3
3
3
3
3
3
3
3
3
3
3
3
3
3
3
3
3
3
3
3
3
3
3
3
3
3
3
3
3
3
3
3
3
3
3
3
3
3
3
3
3
3
3
3
3
3
3
3
3
3
3
3
3
3
3
3
3
3
3
3
3
3
3
3
3
3
3
3
3
3
3
3
3
3
3
3
3
3
3
3
3
3
3
3
3
3
3
3
3
3
3
3
3
3
3
3
3
3
3
3
3
3
3
3
3
3
3
3
3
3
3
3
3
3
3
3
3
3
3
3
3
3
3
3
3
3
3
3
3
3
3
3
3
3
3
3
3
3
3
3
3
3
3
3
3
3
3
3
3
3
3
3
3
3
3
3
3
3
3
3
3
3
3
3
3
3
3
3
3
3
3
3
3
3
3
3
3
3
3
3
3
3
3
3
3
3
3
3
3
3
3
3
3
3
3
3
3
3
3
3
3
3
3
3
3
3
3
3
3
3
3
3
3
3
3
3
3
3
3
3
3
3
3
3
3
3
3
3
3
3
3
3
3
3
3
3
3
3
3
3
3
3
3
3
3
3
3
3
3
3
3
3
3
3
3
3
3
3
3
3
3
3
3
3
3
3
3
3
3
3
3
3
3
3
3
3
3
3
3
3
3
3
3
3
3
3
3
3
3
3
3
3
3
3
3
3
3
3
3
3
3
3
3
3
3
3
3
3
3
3
3
3
3
3
3
3
3
3
3
3
3
3
3
3
3
3
3
3
3
3
3
3
3
3
3
3
3
3
3
3
3
3
3
3
3
3
3
3
3
3
3
3
3
3
3
3
3
3
3
3
3
3
3
3
3
3
3
3
3
3
3
3
3
3
3
3
3
3
3
3
3
3
3
3
3
3
3
3
3
3
3
3
3
3
3
3
3
3
3
3
3
3
3
3
3
3
3
3
3
3
3
3
3
3
3
3
3
3
3
3
3
3
3
3
3
3
3
3
3
3
3
3
3
3
3
3
3
3
3
3
3
3
3
3
3
3
3
3
3
3
3
3
3
3
3
3
3
3
3
3
3
3
3
3
3
3
3
3
3
3
3
3
3
3
3
3
3
3
3
3
3
3
3
3
3
3
3
3
3
3
3
3
3
3
3
3
3
3
3
3
3
3
3
3
3
3
3
3
3
3
3
3
3
3
3
3
3
3
3
3
3
3
3
3
3
3
3
3
3
3
3
3
3
3
3
3
3
3
3
3
3
3
3
3
3
3
3
3
3
3
3
3
3
3
3
3
3
3
3
3
3
3
3
3
3
3
3
3
3
3
3
3
3
3
3
3
3
3
3
3
3
3
3
3
3
3
3
3
3
3
3
3
3
3
3
3
3
3
3
3
3
3
3
3
3
3
3
3
3
3
3
3
3
3
3
3
3
3
3
3
3
3
3
3
3
3
3
3
3
3
3
3
3
3
3
3
3
3
3
3
3
3
3
3
3
3
3
3
3
3
3
3
3
3
3
3
3
3
3
3
3
3
3
3
3
3
3
3
3
3
3
3
3
3
3
3
3
3
3
3
3
3
3
3
3
3
3
3
3
3
3
3
3
3
3
3
3
3
3
3
3
3
3
3
3
3
3
3
3
3
3
3
3
3
3
3
3
3
3
3
3
3
3
3
3
3
3
3
3
3
3
3
3
3
3
3
3
3
3
3
3
3
3
3
3
3
3
3
3
3
3
3
3
3
3
3
3
3
3
3
3
3
3
3
3
3
3
3
3
3
3
3
3
3
3
3
3
3
3
3
3
3
3
3
3
3
3
3
3
3
3
3
3
3
3
3
3
3
3
3
3
3
3
3
3
3
3
3
3
3
3
3
3
3
3
3
3
3
3
3
3
3
3
3
3
3
3
3
3
3
3
3
3
3
3
3
3
3
3
3
3
3
3
3
3
3
3
3
3
3
3
3
3
3
3
3
3
3
3
3
3
3
3
3
3
3
3
3
3
3
3
3
3
3
3
3
3
3
3
3
3
3
3
3
3
3
3
3
3
3
3
3
3
3
3
3
3
3
3
3
3
3
3
3
3
3
3
3
3
3
3
3
3
3
3
3
3
3
3
3
3
3
3
3
3
3
3
3
3
3
3
3
3
3
3
3
3
3
3
3
3
3
3
3
3
3
3
3
3
3
3
3
3
3
3
3
3
3
3
3
3
3
3
3
3
3
3
3
3
3
3
3
3
3
3
3
3
3
3
3
3
3
3
3
3
3
3
3
3
3
3
3
3
3
3
3
3
3
3
3
3
3
3
3
3
3
3
3
3
3
3
3
3
3
3
3
3
3
3
3
3
3
3
3
3
3
3
3
3
3
3
3
3
3
3
3
3
3
3
3
3
3
3
3
3
3
3
3
3
3
3
3
3
3
3
3
3
3
3
3
3
3
3
3
3
3
3
3
3
3
3
3
3
3
3
3
3
3
3
3
3
3
3
3
3
3
3
3
3
3
3
3
3
3
3
3
3
3
3
3
3
3
3
3
3
3
3
3
3
3
3
3
3
3
3
3
3
3
3
3
3
3
3
3
3
3
3
3
3
3
3
3
3
3
3
3
3
3
3
3
3
3
3
3
3
3
3
3
3
3
3
3
3
3
3
3
3
3
3
3
3
3
3
3
3
3
3
3
3
3
3
3
3
3
3
3
3
3
3
3
3
3
3
3
3
3
3
3
3
3
3
3
3
3
3
3
3
3
3
3
3
3
3
3
3
3
3
3
3
3
3
3
3
3
3
3
3
3
3
3
3
3
3
3
3
3
3
3
3
3
3
3
3
3
3
3
3
3
3
3
3
3
3
3
3
3
3
3
3
3
3
3
3
3
3
3
3
3
3
3
3
3
3
3
3
3
3
3
3
3
3
3
3
3
3
3
3
3
3
3
3
3
3
3
3
3
3
3
3
3
3
3
3
3
3
3
3
3
3
3
3
3
3
3
3
3
3
3
3
3
3
3
3
3
3
3
3
3
3
3
3
3
3
3
3
3
3
3
3
3
3
3
3
3
3
3
3
3
3
3
3
3
3
3
3
3
3
3
3
3
3
3
3
3
3
3
3
3
3
3
3
3
3
3
3
3
3
3
3
3
3
3
3
3
3
3
3
3
3
3
3
3
3
3
3
3
3
3
3
3
3
3
3
3
3
3
3
3
3
3
3
3
3
3
3
3
3
3
3
3
3
3
3
3
3
3
3
3
3
3
3
3
3
3
3
3
3
3
3
3
3
3
3
3
3
3
3
3
3
3
3
3
3
3
3
3
3
3
3
3
3
3
3
3
3
3
3
3
3
3
3
3
3
3
3
3
3
3
3
3
3
3
3
3
3
3
3
3
3
3
3
3
3
3
3
3
3
3
3
3
3
3
3
3
3
3
3
3
3
3
3
3
3
3
3
3
3
3
3
3
3
3
3
3
3
3
3
3
3
3
3
3
3
3
3
3
3
3
3
3
3
3
3
3
3
3
3
3
3
3
3
3
3
3
3
3
3
3
3
3
3
3
3
3
3
3
3
3
3
3
3
3
3
3
3
3
3
3
3
3
3
3
3
3
3
3
3
3
3
3
3
3
3
3
3
3
3
3
3
3
3
3
3
3
3
3
3
3
3
3
3
3
3
3
3
3
3
3
3
3
3
3
3
3
3
3
3
3
3
3
3
3
3
3
3
3
3
3
3
3
3
3
3
3
3
3
3
3
3
3
3
3
3
3
3
3
3
3
3
3
3
3
3
3
3
3
3
3
3
3
3
3
3
3
3
3
3
3
3
3
3
3
3
3
3
3
3
3
3
3
3
3
3
3
3
3
3
3
3
3
3
3
3
3
3
3
3
3
3
3
3
3
3
3
3
3
3
3
3
3
3
3
3
3
3
3
3
3
3
3
3
3
3
3
3
3
3
3
3
3
3
3
3
3
3
3
3
3
3
3
3
3
3
3
3
3
3
3
3
3
3
3
3
3
3
3
3
3
3
3
3
3
3
3
3
3
3
3
3
3
3
3
3
3
3
3
3
3
3
3
3
3
3
3
3
3
3
3
3
3
3
3
3
3
3
3
3
3
3
3
3
3
3
3
3
3
3
3
3
3
3
3
3
3
3
3
3
3
3
3
3
3
3
3
3
3
3
3
3
3
3
3
3
3
3
3
3
3
3
3
3
3
3
3
3
3
3
3
3
3
3
3
3
3
3
3
3
3
3
3
3
3
3
3
3
3
3
3
3
3
3
3
3
3
3
3
3
3
3
3
3
3
3
3
3
3
3
3
3
3
3
3
3
3
3
3
3
3
3
3
3
3
3
3
3
3
3
3
3
3
3
3
