# vtk DataFile Version 3.0
T1_9 Hex Block Boundaries
ASCII
DATASET UNSTRUCTURED_GRID
POINTS 11200 float
0.3999295250105286 0.3000939436657345 1.716385472301303
0.4499797050904843 -0.2179868459487424 1.180508461587745
0.4258437203445317 -0.2620250481216028 1.144271121949214
0.4141253484885541 0.2801788638338616 1.783710090319252
1.830037720303336 0.5108442538268481 1.587851366633172
1.812126922449757 -0.5711356461767322 1.298915730927843
1.791908732527479 -0.6317143370960527 1.287299034969888
1.83281980050582 0.5007708939971897 1.650885278112691
0.4673930531720953 -0.1776055569132534 1.165501735410774
0.4722685011797134 -0.1642025054421125 1.10770779074577
1.822129619066336 -0.5383712108964511 1.258816081022987
1.814178899614104 -0.5645837666776284 1.203324808405811
0.3949790211393319 0.306580450876789 1.703433726957928
0.3647621377901675 0.3419774595419219 1.655586454256499
1.829153425044604 0.5140016119123881 1.569656310500439
1.826048319973588 0.5249261305389323 1.508823676455832
0.3933613251855091 0.3086533133603139 1.714122183790748
0.3557348931748934 0.3513583438284157 1.749797346597279
1.826074731126729 0.5248342459685569 1.58107246878322
1.806251759801394 0.5894527034591572 1.593199926447051
0.4017181093730293 0.2976954158225465 1.716164221227684
0.4038614866002604 0.2947811046200683 1.715651930716084
0.4064037947033406 0.2912661251342575 1.714698401919676
0.4093940245148945 0.2870479623538512 1.713185309555042
0.4129053061718992 0.2819737720694785 1.711088773847928
0.4170015721140007 0.2758798449587282 1.708289905988275
0.421740455386396 0.2685795753412298 1.704639629953224
0.4271684997987858 0.2598597175009138 1.699971272113527
0.4333096222239726 0.2494850121512677 1.694095135225499
0.4401518155718687 0.2372053524876446 1.686800734472802
0.4476323170883987 0.2227673869714131 1.677864834548602
0.4556220347613745 0.205933390784265 1.667062958318469
0.4639085571500534 0.1865176951470172 1.654169093196
0.4721964169852062 0.1644096827633132 1.63900105419038
0.4801071134169106 0.1396322299703106 1.621415067210128
0.4872072183686128 0.1123793858744513 1.601339838360485
0.4930664658856164 0.0829786732785493 1.578893199165013
0.4972952800533055 0.0519365424022856 1.554329714147477
0.4996026299045501 0.01993018295092013 1.528023676128707
0.4998517856584125 -0.01217342901964904 1.500372021009297
0.4981066059658089 -0.04347193454658309 1.471864549920074
0.4946224490123618 -0.07313434851705172 1.44305933525289
0.4897974648097494 -0.1004910118664462 1.41454277797765
0.4840996158539191 -0.1250902151652478 1.386884180533366
0.4779910010336864 -0.1467126542968068 1.360591620070297
0.4718686782734776 -0.1653479678267663 1.336076105279816
0.4660484053322583 -0.1811046213857038 1.313595567904225
0.4608397304482412 -0.193976139873935 1.293124095443519
0.4564733538677689 -0.2040394011182904 1.274588584495312
0.4530197336649402 -0.211596599476803 1.257998698417804
0.4504499472141743 -0.2170134674501737 1.243340334343455
0.4486848031217349 -0.2206398591542563 1.23054930660369
0.4476170058683386 -0.2227981509291846 1.219526842115519
0.4471318881081042 -0.2237701379471393 1.210151589035383
0.4471071861734006 -0.2238194899290588 1.202293729428124
0.4474183113175784 -0.2231968967027242 1.195813949489682
0.4479537730219342 -0.2221202765067013 1.190562474033897
0.4486083130359907 -0.2207953384358524 1.186373948587244
0.4493022295848396 -0.2193798224315357 1.183077812737437
0.4496609956238093 -0.218643520403886 1.179981971936487
0.4491782890035945 -0.2196334780669909 1.179187564520571
0.4484526979026953 -0.2211112338706334 1.178000119983352
0.4473743568565101 -0.22328498567352 1.176249895247617
0.4457987662897856 -0.2264143546123017 1.173722761465205
0.4435533263051205 -0.2307822495853251 1.170180310455156
0.4404655189333605 -0.2366223291043461 1.165415344430505
0.4364236529750884 -0.2439967112972625 1.159349663162665
0.4314644020753796 -0.2526627589134085 1.152147684742833
0.4185391058934775 0.2735416181093627 1.783217976525803
0.4233692040233893 0.2660047313199555 1.78184053310015
0.4284707546656002 0.2577068342056357 1.778663450934165
0.4337746799334489 0.2486755457390894 1.773776941527049
0.4394371277033357 0.2385267506923327 1.767962788028111
0.445431979084555 0.2271350963827841 1.761163688626204
0.4517075764608059 0.2143834540441617 1.753299421767256
0.4581848901225365 0.2001664468970741 1.744277609467335
0.4647567970748002 0.1843939249887939 1.734005385263998
0.4712864807128395 0.1670001589738956 1.722392316363311
0.4776083389062316 0.1479536231635786 1.709355258550212
0.4835318974411725 0.1272670584123775 1.694824259171593
0.4888490153435797 0.1050078101743516 1.678747776815149
0.4933472327522286 0.08129272990691305 1.661117179498276
0.4968209496744562 0.05629337407343317 1.641968620119384
0.4990848857324203 0.0302370109874797 1.621384398995981
0.499988286447631 0.003422486692696256 1.599468578051098
0.4994339381656248 -0.02378531917748558 1.576343770716942
0.4973946499320883 -0.05097609458300336 1.552156737512265
0.4939211691104715 -0.07772952273457631 1.52709169556313
0.4891401753351949 -0.1036430840580057 1.501368228588344
0.4832437036299503 -0.1283570134507996 1.475234670579792
0.4764712893599336 -0.1515754281395319 1.448959809208952
0.469087667063414 -0.1730802143776223 1.422822396539226
0.461359634931742 -0.1927363153524776 1.397099161317712
0.4535430470922296 -0.2104725740667784 1.3720386764996
0.4459021079842728 -0.2262107647641507 1.34780229164283
0.4387402305752838 -0.2398061927364405 1.324434129522746
0.4323446566611565 -0.2511535344297323 1.301972898201541
0.426924333371538 -0.2602606646715325 1.280516394182193
0.4226038260668301 -0.2672190228888588 1.260195033532696
0.419452140817137 -0.2721394891667153 1.24113363564283
0.4174823685315276 -0.2751517253540413 1.223455445363463
0.4166477403326838 -0.2764139295977474 1.207283109854443
0.4168239997687017 -0.2761480639382093 1.192728590468135
0.4178265921745397 -0.2746287291450239 1.179861882590819
0.4194270974091794 -0.2721780850085302 1.168681243134697
0.421417581823411 -0.2690859002811345 1.159118122232241
0.4236080148627267 -0.2656242642230937 1.151040397069013
0.4001138985226124 0.2998480752131596 1.717231376887245
0.4003981424556554 0.2994684082137224 1.718536847480515
0.4008322784167926 0.2988870766346427 1.720533941696305
0.4014859729179522 0.2980084118781302 1.723548394623846
0.402449442017589 0.2967059935689391 1.728007637190788
0.4038256080117051 0.2948302533899408 1.734411187437634
0.4057055381421163 0.2922379446971523 1.743225405971589
0.4081228659227206 0.288852429989822 1.754675828189214
0.41100007128552 0.2847436415502504 1.768482633319147
1.830826864688467 0.5080087606881775 1.588432647717362
1.831814852291871 0.5044345907289198 1.589023006515027
1.833047038606538 0.4999384598695548 1.589559563775249
1.834575422139919 0.4943004449533491 1.589940508481543
1.83645704427634 0.487263208059823 1.590077877216914
1.838754972228549 0.4785186114517666 1.58998609782685
1.841537499675143 0.4676959981560245 1.589584059204147
1.844872357765668 0.4543631729718891 1.588769010402921
1.848819168606902 0.4380269297573195 1.587417149901755
1.853418086623002 0.4181402941354381 1.585384199886349
1.858673921691761 0.394120745741595 1.582502359343764
1.864536394086562 0.3653819159832886 1.578590360557004
1.870877803542649 0.331385204274984 1.573451620832568
1.877473163667608 0.2917094943756279 1.56689184486781
1.883989327484365 0.2461384230995827 1.558736594623015
1.889991955873088 0.1947570695403889 1.548842486458088
1.894979160624855 0.1380358294011385 1.537124754792696
1.898445689571881 0.07683666538108426 1.523774251663209
1.899959491340238 0.01240325227847865 1.509223716255683
1.899241148520811 -0.05369328790725152 1.493996900748864
1.896228902609133 -0.1196488959861524 1.478443489190086
1.891101620621451 -0.1836697304507771 1.46292839333034
1.884245951503581 -0.2441661394282658 1.447803089474561
1.876182300575369 -0.2998997906112223 1.433373464011332
1.867473820875509 -0.3500591917741459 1.419876603077864
1.858644198338779 -0.3942608950714444 1.407469419690559
1.850121490703213 -0.4324932127086628 1.396229102483107
1.842229596450995 -0.4649623891896449 1.385939920755719
1.835201630899514 -0.4919704090132886 1.376102804377882
1.829177898924784 -0.5139145099002866 1.366354047740642
1.824191362539678 -0.5313433750754526 1.35675562376396
1.820213306207998 -0.5448150413711865 1.347430030924152
1.817175687961412 -0.554862531157863 1.338521010158667
1.814983115047739 -0.5619930617832813 1.330191473811008
1.813512844225283 -0.5667195719497113 1.322624752301165
1.812625608332108 -0.5695509752599824 1.315970577355732
1.812174827374339 -0.5709836288648971 1.310312610777256
1.812012767975022 -0.5714977148654566 1.305650977824034
1.812024016760356 -0.5714620478077315 1.301896256098563
1.811860555226321 -0.571980102639865 1.298754672564948
1.811454928880174 -0.57326342115703 1.29850986715826
1.810842317639524 -0.5751956276318997 1.298141176512753
1.809928556491092 -0.5780644685491523 1.297593532877019
1.808590661742501 -0.5822368312454661 1.296796559726751
1.806684150985234 -0.5881260817033226 1.295670630643505
1.804069972022348 -0.5960968423404241 1.294144843824803
1.800669021092259 -0.6062928218935024 1.292189844166364
1.796535578488611 -0.6184333631245417 1.289857116867287
1.834873046782728 0.4931944967162652 1.652371658821052
1.837251607589414 0.4842586497018433 1.653665081838822
1.83999173686787 0.4737407705263483 1.654292376232159
1.84310483092559 0.4614807597502764 1.653760169165086
1.84660438563938 0.4472718997861924 1.652639557931881
1.850505526525467 0.4308470792516121 1.651100331298078
1.854806453716152 0.4119380155482763 1.649068501195774
1.859486152235161 0.3902706228332019 1.646465403552884
1.864498399731823 0.3655757470052016 1.643207164101163
1.869765744547919 0.337603272964151 1.639207880212651
1.875174138124216 0.3061402637861377 1.634381777707057
1.880569402438436 0.271032529437492 1.628646845150991
1.885756887756006 0.2322086770164374 1.62192912030695
1.890505759957308 0.189704720471533 1.614167522137809
1.89455945651362 0.1436815058932608 1.605344613344323
1.897651648199288 0.09443585911858748 1.595512941631554
1.899526779899888 0.04240190849598781 1.584817841493953
1.899963044543202 -0.01184646660683743 1.573452139429024
1.898796839968205 -0.06760525074059737 1.561603934344815
1.895945037483829 -0.1240658060925006 1.549412205860488
1.891419075777352 -0.1803712537697965 1.537011497440354
1.885327278579758 -0.2356713008492628 1.524538453566586
1.87786551181195 -0.2891730086785149 1.512122937849009
1.869297913418477 -0.3401840976445936 1.499879638379151
1.859931302092051 -0.3881436086026783 1.487900112067791
1.850088065463547 -0.4326361744356219 1.476241008551247
1.840086411427119 -0.4733729057331102 1.464845126193157
1.830249610483187 -0.5100845740924574 1.453233919232807
1.820914111858492 -0.5424681618634795 1.44063617914732
1.812411722792808 -0.5702312307162287 1.426515829760172
1.805056980087411 -0.5931013471900528 1.410734067558089
1.79911941981619 -0.6108757833153928 1.393576257613915
1.794744723525635 -0.6236114870476919 1.375776946166274
1.79189203994604 -0.6317616849564087 1.358295084974988
1.790332762876913 -0.6361670437632398 1.342000167963384
1.789768706561903 -0.6377522139614047 1.327420612660891
1.789859031304512 -0.6374986725151782 1.314763191807192
1.790361235321873 -0.6360869095160466 1.303979755332742
1.791090832366111 -0.6340296046834182 1.294901496648966
1.830077292629082 0.510702469549882 1.588739246831623
1.830137272221429 0.5104874868464907 1.590085472927451
1.830227328149157 0.5101645192454484 1.59210781976532
1.830360641846483 0.5096860113641234 1.595103940257991
1.830553913781372 0.5089914322860891 1.599452576989704
1.830825792933779 0.5080126231988109 1.605579948918587
1.831192469137022 0.5066893035942212 1.613862521535784
1.83165986312846 0.5049970843531403 1.62445160125449
1.832214588183311 0.502980727512694 1.637065455141718
0.4508521967232573 -0.2181712784554185 1.180387032811682
0.4520518332610817 -0.21842471562716 1.180220397940503
0.4537003931646739 -0.2187727120926775 1.179992017452083
0.4559641981796535 -0.2192500534250427 1.179679557690105
0.459069706557416 -0.2199038859359445 1.179253088954256
0.4633239442001153 -0.2207977283216858 1.178672927578359
0.4691407164477702 -0.2220164541065217 1.177887247793704
0.4770731876706904 -0.2236721838085556 1.176829824989547
0.487852407547537 -0.2259107032086211 1.175418701349663
0.5024291620752742 -0.2289174224346533 1.173557269519853
0.5220123559684299 -0.2329208945363849 1.171140275382986
0.5480901149558727 -0.2381904773008907 1.168068350746103
0.5824095513494291 -0.2450230618540251 1.164275167454256
0.6268792773476966 -0.2537127020217621 1.159769514684237
0.6833515509747042 -0.2644981763187785 1.154688103045303
0.7532519955782614 -0.2774894686021969 1.149342264446341
0.836969853387668 -0.2931367591705719 1.144193409546737
0.9332807621325936 -0.3125474822642989 1.140618230875296
1.039338473061443 -0.3352188759692123 1.139904810096769
1.150617686515883 -0.3599534593613298 1.143501181707143
1.261192035620147 -0.3864725680778815 1.152322091827934
1.365397995975817 -0.4134357549925707 1.165621722469903
1.458796456372207 -0.4395287191492439 1.18178445843562
1.538325872888909 -0.4650203743079052 1.199256594783169
1.603579888636045 -0.4875552309003738 1.217075615253195
1.655465748098375 -0.5066099778687929 1.233690039543191
1.695735421175699 -0.5221459886490093 1.248193593686047
1.726428024118804 -0.5344531825670226 1.260251506771466
1.749511527025768 -0.543988040204643 1.269920690846097
1.766704907538116 -0.551251432251711 1.277470653436237
1.779421693319739 -0.5567149855478617 1.283251657353182
1.788779995670362 -0.5607863123126053 1.28761517607939
1.79564170254979 -0.5637992545071971 1.290874446176864
1.800659616972644 -0.5660176452955598 1.293290372872514
1.804322201419452 -0.5676449509290442 1.295071224044969
1.806991849737512 -0.5688354241901283 1.296378628378693
1.808935810609995 -0.5697046031300924 1.297335625292413
1.810350324785125 -0.5703382854271856 1.298034628395368
1.811379050705139 -0.5707997915569176 1.298544393514719
0.4007376253289879 0.3001248346433224 1.715990704445794
0.401851943078732 0.3001671976825416 1.715446709270749
0.4033877626089832 0.3002251462997818 1.714697637297769
0.4055030944914667 0.3003041417999419 1.713667243932866
0.4084139056363815 0.3004113273816419 1.712251901470634
0.4124142386084101 0.3005558560159253 1.710311638638367
0.4179023051696724 0.3007491311110563 1.707659053613313
0.4254134218286802 0.3010048345622727 1.704046384169416
0.4356598924778239 0.3013386113083732 1.699151998157375
0.4495761583215413 0.3017674352213841 1.692569511312917
0.4683640106894429 0.3023092587455535 1.683806229295603
0.4935264733352623 0.3029849459986249 1.672303168028024
0.5268692341424216 0.3038269334579875 1.657496153312967
0.5704351688755184 0.3049015666224785 1.638943055117281
0.626323111531825 0.3063506213793787 1.616536149109013
0.6963360305815849 0.3084448108448178 1.590782722659633
0.7814298683547017 0.3116145126699594 1.563056413806717
0.8811544362340579 0.3178079670672666 1.536365199263851
0.9927995669783215 0.3278055789184852 1.514123607529363
1.111374894847694 0.3417412577008139 1.49956926810203
1.230267271008562 0.3587981580830208 1.493248815211235
1.342873668657255 0.3782067085093958 1.494795947719793
1.443969377887432 0.3984951183009749 1.502783788555243
1.530156536359165 0.4195212068754813 1.515008156215961
1.601163143180985 0.4385880519791012 1.527812477421995
1.657882474825204 0.4548716226977258 1.539870423816166
1.702062425959333 0.4682525839048958 1.55047442077648
1.73581899849908 0.478913630537339 1.55933626145017
1.761242244924164 0.4872050605034716 1.566466284462243
1.780186612686019 0.4935355710755064 1.572043707424577
1.794193574622532 0.4983021150897196 1.576316944307024
1.804491312971523 0.501854033362771 1.579541388998986
1.812030920232522 0.5044806132010525 1.581947431169517
1.817534645961867 0.5064119975131512 1.583728216078102
1.821543532181066 0.5078263358671337 1.585038426203394
1.824459005098714 0.5088589278824628 1.585998257413366
1.826576881588393 0.5096111578410212 1.586699206065053
1.82811409708563 0.5101582733262775 1.587209932658491
1.829229187279039 0.5105557426646179 1.587581444987473
0.4267249151547983 -0.2621914799095467 1.144195249577431
0.4279364253973141 -0.2624203222193338 1.144091218265689
0.4296011467624324 -0.2627348187821911 1.143948803216587
0.4318868781700114 -0.2631667308838154 1.143754269221077
0.4350220002367018 -0.2637593394933509 1.143489348239745
0.4393159820307463 -0.2645714064511667 1.143130090055693
0.4451856217722066 -0.2656823216505917 1.142645752261384
0.4531875332858698 -0.2671986545381866 1.14199812273025
0.4640563153399774 -0.2692622623813279 1.141142084353514
0.4787455339249669 -0.2720599403873106 1.140028939194665
0.4984643254592749 -0.2758342548245669 1.138615086636589
0.5246952398918928 -0.2808945273479829 1.136880003263002
0.5591685995927991 -0.2876255994374112 1.134858469422341
0.6037569757158798 -0.2964893569873323 1.132690839139737
0.6602469899791277 -0.3080093132407357 1.130688428022059
0.7299585179530725 -0.3227224389233256 1.129394930908449
0.8132324726756147 -0.341079825325734 1.129600400612025
0.908905657095563 -0.3632896908769974 1.132247750694753
1.014000132396063 -0.3891327877485091 1.138195956484263
1.123880474876519 -0.4178310299105158 1.147890935801557
1.232978155584416 -0.4480708149348425 1.161101645764652
1.335882623060787 -0.4782255087119518 1.176895966660794
1.428367657111998 -0.5067047811508198 1.193898741188137
1.507964314998831 -0.5322769177769472 1.210692349633695
1.57396834192448 -0.5542373224734195 1.226153765928722
1.627043761564663 -0.5723985414504309 1.239607787806898
1.668683446122217 -0.5869630631136977 1.250805978583691
1.700726872382575 -0.5983618229225989 1.259811175064685
1.725022715365065 -0.6071157694961041 1.266865122569375
1.743238613083096 -0.6137422680563578 1.272282294753602
1.756781736993654 -0.6187041401158714 1.27638142358336
1.766788085073731 -0.622389562907294 1.279449380435939
1.774147279894098 -0.6251105240555879 1.281727076490025
1.779541309331233 -0.6271105558120338 1.283408060063369
1.783485137946315 -0.6285759079753958 1.284643275722892
1.786363428165181 -0.6296469725815721 1.285548054418842
1.788461285832567 -0.6304284852726459 1.286209258417283
1.78998884607319 -0.630998002795088 1.286691645047107
1.791100361586739 -0.6314126493109706 1.287043141724612
0.4149368112076451 0.2802201214977419 1.783323266453653
0.4160553664688267 0.2802768477043481 1.782790294318728
0.4175964470638047 0.2803547308250688 1.782056460355823
0.4197181722623206 0.2804614567215191 1.781047023570747
0.4226365048629396 0.2806073340598636 1.779660298372241
0.4266452312096006 0.2808060597872826 1.777758728334509
0.4321417985317653 0.2810756245176713 1.775157730022895
0.4396597934196508 0.2814393557663022 1.77161246036357
0.4499080346638433 0.2819271466405447 1.766803534717091
0.4638144122313095 0.2825771268182305 1.760324508768681
0.4825690471785681 0.2834386173195532 1.751677240908809
0.5076552529623649 0.2845784755400237 1.740286728600097
0.5408475240532884 0.2860949948056045 1.725554711177773
0.5841437538709524 0.2881454220676772 1.706978907460251
0.6395870657448303 0.29099143499234 1.684364139567808
0.7089293091332262 0.295055229303092 1.65812595168378
0.7931109298957015 0.3009528091015061 1.629616259724116
0.8916080926411593 0.3094408424187505 1.60128737813499
1.001845398372217 0.3212150602496681 1.576431538058253
1.119036046168111 0.3365768228783726 1.558346635870692
1.236800401896459 0.3551277400712807 1.549175190210021
1.348533963167683 0.3757265518126915 1.549080924609922
1.44893149985469 0.3967985862050956 1.556331256386158
1.534913679968386 0.4168186174685888 1.56817998056986
1.605665374354126 0.4346838920964545 1.581903438860716
1.66205989929939 0.4498374425650167 1.595450238824863
1.705917959000292 0.4621894504178969 1.60760452795998
1.739396585095737 0.4719553968383881 1.617844982572114
1.764598750492683 0.4795010678506721 1.626107819590581
1.783375914138925 0.4852320191937876 1.632575281323397
1.797260313183317 0.4895297499139641 1.63752912450997
1.807469948961989 0.4927227083092521 1.641265233228228
1.814947002017247 0.4950787016543553 1.644051710839443
1.820406667311526 0.4968084513075199 1.646113295351261
1.824384687201387 0.4980737989710125 1.647629738720398
1.827278621725781 0.4989969760770059 1.648740521841129
1.829381515392885 0.4996692145827419 1.649551696590678
1.830908336254013 0.5001580403996766 1.65014277598005
1.832016233055778 0.5005131349147509 1.650572794111575
0.450773305417117 -0.2163409973244243 1.178018084249315
0.4516583342835103 -0.2144871769412915 1.175711532370414
0.4526253896706824 -0.2124388303146646 1.173611719378997
0.4536596620936489 -0.2102211002470406 1.171726755072094
0.4547467027786701 -0.2078591742308427 1.170059018640424
0.4558735739851311 -0.2053759590166855 1.168607711254332
0.4570275776514346 -0.202794953749007 1.167360297092535
0.4581971523200137 -0.2001383761446818 1.16630255919015
0.4593763928454578 -0.1974166398667946 1.16543913751577
0.4605593879756629 -0.1946408234350717 1.164772525517049
0.4617397529538245 -0.191823878967508 1.164308422283474
0.4629124246028792 -0.1889764195562073 1.164063497855201
0.4640711047718433 -0.1861128950821001 1.164054274768443
0.465208787184396 -0.1832506052552718 1.164290361162864
0.4663183730736998 -0.1804083560534203 1.164772644376432
0.4674696066686631 -0.177403965122106 1.164627950412331
0.4675842299411331 -0.1771016315858145 1.16331777557818
0.4677541007667736 -0.1766524871488284 1.161371981755795
0.4680020515562504 -0.1759945446289197 1.158522901047013
0.4683560539480474 -0.1750502977152959 1.154436669113188
0.4688458138785369 -0.1737342879473489 1.148746761132347
0.4694946654444794 -0.1719731348762833 1.141141472451904
0.4703065886985503 -0.1697401326343674 1.13151356554073
0.4712528862924364 -0.1670949345762701 1.120129723641275
0.42822909087457 -0.2581082054657295 1.138158806525827
0.430835849855628 -0.2537330693448901 1.132461887652724
0.4336269880515766 -0.248932993460726 1.127211962468697
0.4365629542583227 -0.2437473835126147 1.122427490848197
0.4396102086560538 -0.2382076078662914 1.118135803074387
0.4427393559979358 -0.2323399721325047 1.11437252734772
0.4459185930335993 -0.2261782668315752 1.111161247624296
0.4491144829531332 -0.2197639215197523 1.108509144778962
0.4522953586790678 -0.2131405839284799 1.106410570784888
0.4554355350257433 -0.2063455195438345 1.104876559301935
0.4585119614604168 -0.1994161006481705 1.103924736973263
0.4615025653389619 -0.1923938205493025 1.103558009363234
0.4643880396852028 -0.1853206642480392 1.103764004717461
0.4671524518329505 -0.1782374448494561 1.104528192617749
0.4697828368986854 -0.1711843630575617 1.105844656849236
1.812337341115595 -0.5704675901389974 1.295581123690736
1.81264286741651 -0.5694960444155819 1.292329423739762
1.813036768098256 -0.5682407825251307 1.289185992864552
1.813503713703774 -0.5667487889564105 1.286157792057333
1.814032327277342 -0.5650545327609465 1.283248172220596
1.81461448745334 -0.5631821830681384 1.280460713673635
1.815240163689321 -0.5611622381540896 1.277786181765948
1.815898251268875 -0.5590290246843928 1.27521049444878
1.816587023821204 -0.5567867583602923 1.272737505168569
1.817304815538524 -0.5544394618183589 1.270371174246679
1.81804753990131 -0.5519991413577872 1.268110487757605
1.818814626474936 -0.5494663446670607 1.265962418009879
1.819606889099052 -0.5468369762042534 1.26394349392359
1.82042435768257 -0.5441094259034124 1.262069986824008
1.821265500583799 -0.5412872488653164 1.260354278038321
1.822016698662826 -0.5387532451825754 1.258009050248419
1.821846190710688 -0.5393295530507252 1.256791530312671
1.821591023977544 -0.5401907540539578 1.254971926693827
1.821214242545957 -0.5414596865406476 1.252290375418876
1.820668742827991 -0.5432911174408085 1.248419153429746
1.81990110751791 -0.5458570034871962 1.242993507013244
1.81886302031293 -0.5493061284375628 1.235696605982536
1.817532292518591 -0.5536933041432378 1.226409138824532
1.815938707346644 -0.5588975939840339 1.215383010484548
1.792754422406388 -0.6293103291248893 1.280794411749397
1.793710364102268 -0.6265804330754744 1.274435254134786
1.794767170394757 -0.6235468815366947 1.268232540648887
1.795915084785757 -0.6202329543324092 1.262191341483716
1.797142517935899 -0.6166673978961081 1.256310216825309
1.798436182697554 -0.6128843334310252 1.250581760673444
1.799789332706019 -0.6088992258810652 1.245006297936871
1.801199692354549 -0.6047144596111581 1.239594108119952
1.802662693448549 -0.6003391733426714 1.234348518018528
1.804173447219734 -0.5957835863366842 1.229273110358166
1.805731799084073 -0.5910436355951547 1.224384277174241
1.807336054250449 -0.5861196946079847 1.219696250181062
1.80898360990301 -0.581014809194407 1.215221542997209
1.810674497147769 -0.5757236965590479 1.210985875745082
1.812407230951527 -0.570245507299758 1.207013146985767
0.4682478094783569 -0.177844800714532 1.165352770925845
0.4694225398272079 -0.1781733236935801 1.165148510966587
0.4710361897808536 -0.1786240653960765 1.16486881553687
0.4732511788821417 -0.1792417851843726 1.164486549986831
0.4762886317597302 -0.1800870102497978 1.163965456786087
0.4804483607826827 -0.1812410440343934 1.163257649187987
0.4861345558213547 -0.182812086760854 1.162300920303124
0.493887819497862 -0.1849422778466546 1.161016371709928
0.5044232478378743 -0.1878149739573868 1.159307417963839
0.5186721662240137 -0.1916606790249044 1.15706210711847
0.5378211050093178 -0.1967586032504174 1.154161916240962
0.5633347112975312 -0.203428860127168 1.150501439816917
0.5969390275405387 -0.2120083082287137 1.146023711520587
0.6405293062870185 -0.2228024942473916 1.140773217136775
0.6959583479316938 -0.2360098823471895 1.134960053491087
0.7646710464779956 -0.2516258472910998 1.129012768150202
0.8470620079702739 -0.2699372585387671 1.123452453859991
0.941923954562016 -0.2917624105521698 1.119469862441557
1.046516029342737 -0.3163194398809538 1.118349996817557
1.156432607807796 -0.342216325400155 1.121430371805484
1.265890102466827 -0.3690544580357358 1.129209941377651
1.369349774785521 -0.3955237063817548 1.141013261488849
1.462415399639049 -0.4204775903923372 1.155403548122835
1.542085493787936 -0.4443839029630478 1.170754760605885
1.607897427719411 -0.4649957834174815 1.186394557484445
1.660573304107937 -0.4821020875450437 1.200997058483821
1.701702802212047 -0.4958604129709538 1.213774672167808
1.733214449047349 -0.5066528921347562 1.224425754639098
1.757017260008901 -0.5149560995822303 1.232988374372351
1.774809445765636 -0.5212503142030414 1.239689328292776
1.788006816902286 -0.5259687761339312 1.244830150748566
1.797741103555726 -0.5294767453990448 1.248716790832511
1.804891702781976 -0.5320688051529526 1.251623857004015
1.810128757606378 -0.5339754580235042 1.253781228326424
1.813956048496157 -0.5353733020718333 1.255373084971315
1.816748672885182 -0.5363956357950947 1.256542762832422
1.818784013647557 -0.5371420117804455 1.257399613038662
1.820266194001019 -0.5376862159523746 1.258025909300615
1.821344899596421 -0.5380826377823092 1.258482948513847
0.4731262636572977 -0.164414007342973 1.107536178861533
0.4743049468299845 -0.1647047267484948 1.107300821827036
0.4759237393355648 -0.1651041619404438 1.106978455024997
0.4781453154891306 -0.1656526422222795 1.106537690044415
0.4811910102524019 -0.1664051687970726 1.105936504234446
0.4853606785647843 -0.1674364969632281 1.105119249707764
0.4910581368980361 -0.1688477524321057 1.10401337898167
0.49882272814969 -0.170774840943289 1.102526441005109
0.5093665558367341 -0.1733987535238323 1.100544563394912
0.5236147757363921 -0.1769574708948446 1.097934761568881
0.5427422569398561 -0.1817583381929836 1.094555123859802
0.5681930724839519 -0.188188246051936 1.090279079479287
0.6016592521670049 -0.1967164322253577 1.085041678577987
0.6449835091881679 -0.2078811584699407 1.078914645874067
0.6999432155298942 -0.22224772063715 1.072208224320532
0.7678830961188674 -0.2403239507932023 1.06557593741614
0.8492113437711254 -0.2624261787888156 1.060063755861386
0.9428691119244001 -0.2885104242513311 1.057017322353569
1.045997060130889 -0.3180205606251758 1.057784765373493
1.154060957154368 -0.3498376861987833 1.063265334948183
1.261553896141379 -0.3824033182870781 1.073508363278164
1.363086527055229 -0.4140105019377879 1.08761232044146
1.454427685497207 -0.4431545590966285 1.104009358470475
1.533091776356753 -0.4687966591795388 1.120968721981101
1.598353178944592 -0.490453876316552 1.137046003622949
1.650851640232667 -0.5081299058066037 1.151308298931714
1.692053818847962 -0.522162058806113 1.163335852696363
1.723772797213674 -0.533060486601138 1.173096805201573
1.747832674341401 -0.5413831390010587 1.180792781571125
1.765879770996504 -0.5476575771587588 1.186731177248419
1.779303807849322 -0.5523423646774558 1.191240645697903
1.789227126446231 -0.5558151457023826 1.194624814482983
1.796529022803639 -0.5583757959712374 1.197142534040085
1.801883876433104 -0.5602564915231617 1.199003756855465
1.805801155793112 -0.5616338146757397 1.200373274994097
1.8086616129058 -0.5626403701453095 1.201377569974688
1.810747604471078 -0.5633748347196809 1.202112216809809
1.812267351563225 -0.563910158092663 1.202648645431339
1.813373785202611 -0.5643000157940955 1.203039823526686
0.4683977470105569 -0.1749387052525379 1.166439878474297
0.4695583581666958 -0.1717991509751925 1.167858332629684
0.4708733966900639 -0.1681613638430711 1.169948087356653
0.4723300948549926 -0.1640252465148998 1.172933783466626
0.4739066463765884 -0.1594129559355047 1.177056038830151
0.4755775427483223 -0.1543567323878931 1.182557041735151
0.4773223203585938 -0.1488737803895903 1.189666495563989
0.4791349500762844 -0.1429325002069035 1.198591964410562
0.4810211123553124 -0.1364503186821412 1.209532966942146
0.4829974702446757 -0.1292804847501883 1.222672793329352
0.4850860135783437 -0.1212087432105082 1.238165945490675
0.4873025657155807 -0.1119652153439278 1.256121466459548
0.4896880358833905 -0.1010229058811279 1.276456349714012
0.4922339168467319 -0.08778252164140997 1.298933417209068
0.4948142361607867 -0.0718252858860801 1.323246100244611
0.4971783511745491 -0.05304419971454699 1.349090256000722
0.499006946049153 -0.03149710771956284 1.376067906050394
0.4999446986354851 -0.007436283095336142 1.403707947900245
0.4996507159691311 0.0186858778636338 1.431495812687233
0.4978570991767742 0.04624185116631538 1.458908766664712
0.4944209251625744 0.07448455384429754 1.485452339089433
0.489354854497472 0.1026246869898174 1.510692921444724
0.4828336107031806 0.1298911250830073 1.534310484684415
0.4751801081493245 0.155575913364493 1.556153792211446
0.4668046512030254 0.1791463580852867 1.576166900394831
0.4581175248119263 0.2003205767268907 1.594293794962173
0.4494901937224036 0.2189944422751319 1.610537678146647
0.441228204947811 0.2351970900298992 1.62496493563891
0.4335491220022319 0.2490685825452376 1.637668082757131
0.4265949292444869 0.2608002422216881 1.648783848626316
0.4204345074693571 0.2706193358372589 1.658458669074191
0.415079318869463 0.2787636257600023 1.666841646200638
0.4105030342000345 0.2854597325588415 1.674085141536477
0.4066512310187073 0.2909205670126641 1.680329679369938
0.4034546428187364 0.295337690090523 1.685704544143273
0.4008414114965934 0.2988748280290908 1.69033178987195
0.3987362938637724 0.3016775894158917 1.694313852450972
0.3971104972096314 0.3038145042717996 1.697795271174069
0.3958898041270478 0.305403442986892 1.700828588444666
0.3945938669717581 0.3070760168887739 1.70278869763715
0.3940046832236507 0.3078316254023141 1.701803981707905
0.3931106054860213 0.308972574599128 1.700314284915272
0.3917703021843693 0.3106702919919573 1.698091327292037
0.3897974466332186 0.3131420613686751 1.694841127206267
0.386970494306417 0.3166288624497888 1.690227917574344
0.383072430288397 0.3213339589164849 1.683948513641349
0.3779741725252166 0.3273156349823176 1.675871088833694
0.3717500919971813 0.3343678649333504 1.666204298089536
0.4747042250700755 -0.1570219688470984 1.110209605995804
0.4772244670675596 -0.1491871577317691 1.113639442238627
0.4797807149962766 -0.1407496554797263 1.118211412539977
0.4823157372525468 -0.1318010986241474 1.124140900701619
0.4847661104869697 -0.1224819093716909 1.131642285989733
0.4870689838006407 -0.1129770110217614 1.140907946743186
0.4891761877579002 -0.1034729787463739 1.152062707613194
0.4910648693797316 -0.09410257202152948 1.165143272502395
0.4927449832172513 -0.08486684578933452 1.180084915960685
0.4942505295779512 -0.0756069706569097 1.196747396515266
0.4956180493726004 -0.06605111002926918 1.214954522846781
0.496874162308398 -0.05582174155584676 1.234479178715717
0.4980260011913235 -0.04438583262010302 1.254979757276086
0.4990208580969449 -0.03127592019731489 1.276068012993723
0.499731557765123 -0.01638200761944484 1.297476510440385
0.4999999642490214 0.0001890792884436873 1.319024926660636
0.4996663381783413 0.01826336473510343 1.340545079648503
0.498582605296689 0.03762161208090347 1.361872488214965
0.4966239374661883 0.05800573019607142 1.382849636343179
0.4936990464299349 0.07912807058290391 1.403329350820311
0.4897579871735077 0.1006832359420092 1.423178024688934
0.48479687167691 0.1223600964868925 1.442280130451782
0.4788603965248923 0.1438496459502869 1.460548466450577
0.4720478598840652 0.1648357302858635 1.477957708088936
0.4645020213927755 0.1850347862484931 1.494512636813958
0.4563955992920534 0.2042132633960084 1.510232987459784
0.4479095607590677 0.222209417848612 1.525122569343218
0.4392226407745424 0.2389214762867442 1.539180484963949
0.4305058177713473 0.2542926284126685 1.552415841588744
0.421916197025808 0.268303415347773 1.564849678370801
0.4135921472885297 0.2809653638818549 1.576513102868923
0.4056512403074384 0.2923133100579527 1.587446549026708
0.398189677921614 0.3023987109706013 1.597697529154917
0.3912843988540501 0.3112820573265099 1.607320361720502
0.3849944775207578 0.3190286073042959 1.616371695340996
0.3793682799448309 0.3256987997701258 1.624914343152712
0.3744427965745786 0.3313496523212432 1.633005652729377
0.3704249987995593 0.3358352576254413 1.640902805528523
0.3673088734710036 0.3392406099945322 1.64853125549713
1.822908240813103 -0.5357289006359643 1.257627479701335
1.823902051625941 -0.5323356229632062 1.256393649834624
1.825166605419607 -0.5279836852233298 1.255276795348984
1.826761166155475 -0.5224399977291457 1.2546127823148
1.828728175848366 -0.5155125296821073 1.254890979729892
1.831080960613165 -0.5070921268181052 1.256652283977764
1.833828173252833 -0.4970655292666323 1.260239564188894
1.837009373028294 -0.4851767438852918 1.265792175740099
1.840695787334748 -0.4709978003017116 1.273352843046021
1.844967702879811 -0.4539758635999657 1.282940417848111
1.849888697658137 -0.433487849515558 1.294563751962686
1.855508132228703 -0.4087658016934494 1.307970189242196
1.861808037104128 -0.379039235931337 1.32274743687977
1.868658314593811 -0.3436801022758789 1.338413926205216
1.875777141439115 -0.3024235854814266 1.354760019789587
1.882770935037694 -0.2552910409282488 1.371537946092673
1.889160252870126 -0.2026658539977085 1.388463601327327
1.894432847516433 -0.1453413074515197 1.40523143574335
1.898119404303557 -0.0845141195733067 1.421533797209663
1.899875944034663 -0.02170959878347454 1.437082635148087
1.899549796634912 0.04135794367716297 1.451630430165601
1.89720836991155 0.1029578095071048 1.465019928148089
1.893125024383177 0.1614854527662972 1.477385422379137
1.887720265013855 0.2156666651500924 1.488870034318741
1.881476472686327 0.2646624116280162 1.499468166969767
1.874860293089396 0.3080564733903284 1.509119819758808
1.868269581677041 0.345787043686188 1.517814652454751
1.862004871775462 0.3780711135294357 1.525574574629915
1.85626456273828 0.4053168914849224 1.532445275568566
1.851156875725851 0.4280398706357215 1.538499429290926
1.846717792504462 0.4468034290920182 1.543804165173375
1.842933596779183 0.4621641129117249 1.548443737104491
1.839757739550839 0.4746486797239915 1.55248659531693
1.837127290837503 0.4847300554545759 1.55600728506799
1.834972413255709 0.4928246665817968 1.559069134350066
1.833223797542365 0.4992899133021722 1.5617298262207
1.831825663892554 0.504395327600826 1.56411645047553
1.830717819319943 0.5084015887321479 1.566239743784564
1.829843013134501 0.5115412560916196 1.568084068171792
1.829108734329254 0.5141606241257414 1.56877159707955
1.829041285927385 0.5144005091113701 1.567436882170435
1.828940424556281 0.514759004607819 1.565442129151852
1.828791657031528 0.5152872835349409 1.562502460707901
1.828576619666073 0.5160498574862107 1.558258608765228
1.828274702587288 0.517118478958453 1.552310710407415
1.827867672521551 0.518555379059547 1.544311439384336
1.827347972947007 0.520383796026935 1.534130000459662
1.826728608500114 0.522553825254563 1.522042546161483
1.816250265730992 -0.5578842905415435 1.199498863537481
1.818703775637613 -0.5498331436739945 1.19564654439461
1.82159294206159 -0.5401842859916823 1.192034126138107
1.824962436749804 -0.5286889575668843 1.189090318586017
1.828830414471125 -0.5151497107699019 1.187459075145073
1.833162558862754 -0.499514706675088 1.187885946645152
1.837861951081296 -0.4819370894303416 1.191256123913352
1.842798231494765 -0.462703563202948 1.198082847204356
1.847900304423535 -0.4418872868869937 1.208194618786964
1.853198383598307 -0.419112944717247 1.220840141047657
1.85873530848413 -0.393831134365155 1.235236138167072
1.864517221309596 -0.3654797406709186 1.250562073186658
1.870473739538989 -0.3336583568501958 1.26607162594711
1.876436728670871 -0.2983037255816644 1.28140140223238
1.882183116710795 -0.2595893383206987 1.296456690031922
1.887474338478535 -0.2178084731730083 1.311176935467016
1.892074554230134 -0.173360291404288 1.325489372486231
1.895767530209463 -0.1267492832502552 1.339315531228721
1.898374628595644 -0.07857276185351714 1.352576940002044
1.899770989817677 -0.02949738375016554 1.365200137994269
1.899897089605704 0.01977266569572153 1.37712213557073
1.89876368025088 0.06853025580774337 1.388304797283066
1.89645014885781 0.1160893720291898 1.398800740366009
1.893095481343101 0.1618314182081897 1.408703269668619
1.888882465367226 0.2052387425150829 1.418104228449904
1.884017625810577 0.245921725425015 1.427032538497896
1.878712750589509 0.2836164843117242 1.435486688685357
1.873169340146138 0.3181768887543872 1.443453858772871
1.867567474084682 0.3495592069190854 1.450929517108778
1.862058763078091 0.3778056011297717 1.457920043485874
1.856763248101581 0.403026239716727 1.464441283484055
1.851769539806998 0.4253815708795069 1.470515701582352
1.847137449213316 0.4450653357819096 1.476171909024211
1.84290182264868 0.4622907975280387 1.481440489746876
1.839077455195359 0.4772777212411032 1.486356725629189
1.835663483657609 0.4902443106930962 1.490955178072081
1.832661873818349 0.5013485470743461 1.495410265961863
1.830097876463944 0.510628702643226 1.500079511363152
1.827916139003117 0.5183845080371128 1.504636798425247
0.3957748446782171 0.3066251278794081 1.703016034338328
0.3968726881031429 0.3066864951668806 1.702440236513627
0.3983864491013436 0.3067706124088652 1.701647083819473
0.4004723295892694 0.3068855859390412 1.70055566306742
0.4033439666107475 0.3070421284243814 1.699055967101113
0.4072924548403354 0.3072541603095643 1.696999365747532
0.4127123741475714 0.3075393556439577 1.694186814864485
0.4201347468872447 0.3079194536555366 1.690355106717295
0.4302671343971051 0.3084200767988872 1.685162507719033
0.4440393698727902 0.3090698102871008 1.67817719657241
0.4626499965100933 0.3098986351620357 1.668875624006062
0.4876023861894905 0.31093685785474 1.656663822229516
0.520709802953239 0.3122177855302761 1.640942428188287
0.5640350935022227 0.3137899988450063 1.621242264691158
0.6197154524272348 0.315745100837611 1.597451409561689
0.6896147684611781 0.3182580577993248 1.570117441726286
0.7747689676743842 0.3216156125610616 1.540722800021087
0.8747931556993578 0.3276769891028631 1.512379171308936
0.9870145616536492 0.3373088494858256 1.488695411533399
1.106420194631052 0.3506478942135241 1.473130938274307
1.22627044809436 0.3670106939645591 1.466330947757609
1.339829389150007 0.3856941074019219 1.467956399352154
1.441755671382012 0.4052691174325742 1.47648811609424
1.528590257904732 0.4256424461659694 1.489573956033686
1.600031962852572 0.444134979228471 1.503483813901032
1.657009242857548 0.4599205082955056 1.516695029355362
1.701319883032164 0.4728812913455339 1.528366977165195
1.735126211433215 0.4831972830308001 1.53814534746284
1.760553311776501 0.4912122163142325 1.54602260408434
1.779478808840081 0.497325758900614 1.552187973861864
1.793458018170001 0.5019249276605328 1.556912436644689
1.803726640234395 0.5053494523879661 1.560477126786299
1.811239404091112 0.5078800685762016 1.563136532705474
1.816719991882765 0.5097397300872655 1.565104303186142
1.820709719076063 0.5111007778233753 1.566551628971517
1.823609733672333 0.5120939477834807 1.567611544767955
1.825715355890392 0.5128171098134997 1.568385306574694
1.82724297772952 0.5133428436302 1.568948879761475
1.828350625644934 0.5137246132088632 1.569358681358381
0.3655831306065105 0.3420350979550902 1.65522250832607
0.3667164826267809 0.3421142340138828 1.654720200183204
0.3682802350438243 0.3422226071723249 1.654027342165248
0.3704363137300217 0.3423704969691577 1.653072439945024
0.3734061933334634 0.3425713410564786 1.651757896055528
0.3774915678663985 0.3428423120353657 1.649951141882708
0.3831010991955833 0.3432046507448292 1.647473375627887
0.3907840389189853 0.343683399475223 1.644085868811568
0.4012706388104124 0.3443060125321999 1.639474533422086
0.4155172764092286 0.3450992965388333 1.633235021510694
0.4347504145258791 0.3460846440730697 1.624863704133895
0.4604971091329769 0.3472733190638099 1.613765277635075
0.4945804124391701 0.3486675112636854 1.599295981237239
0.5390466793232402 0.3502787633601662 1.580870990103401
0.5959820754131817 0.3521789882886632 1.558168287847699
0.6671748893524583 0.3545899654946799 1.531441669365603
0.7536015818095204 0.3579829235861847 1.501886858866718
0.8547798814736262 0.3631072185301933 1.47188018857617
0.9681652393116525 0.3708432569310008 1.444798939113568
1.088937813343521 0.3818491092412176 1.424212154948881
1.210562151009451 0.3961491393424312 1.412636799183004
1.326159970973015 0.4129505697804077 1.410554528713068
1.430126195661037 0.4308635810467391 1.41637304222882
1.519165103434982 0.4483868818577684 1.427308253509785
1.592375914172139 0.4643419757048909 1.440504986396389
1.650655238305711 0.4780602486055938 1.453771190909646
1.695907062927764 0.489343139320888 1.46578343661414
1.730389880601316 0.4983155294880014 1.475952377971555
1.756301998369213 0.5052728803380491 1.484176593594166
1.77557409659692 0.5105678313946901 1.490619666546999
1.789799820230935 0.514542528147276 1.495555055490386
1.800242777324343 0.5174962393441774 1.499275415106256
1.807878096409036 0.5196751322439142 1.502047831700821
1.813444336947876 0.5212738663364997 1.504096849087554
1.817493595628197 0.5224423556696791 1.505602241994598
1.820434771063756 0.5232939742163436 1.506703505701401
1.822568710525323 0.523913379297812 1.507506639975766
1.82411571823693 0.5243632201470279 1.508091044755795
1.825236571744881 0.5246895639839074 1.508515603234552
0.394581071675322 0.3070924581873584 1.704697641582565
0.3942056751960766 0.3075741953467575 1.705980671775743
0.3938578009673604 0.3080195328500371 1.707283935600916
0.3935475626362374 0.3084158166227484 1.708612241167525
0.3932915702782659 0.3087421913960834 1.709970554580352
0.3931204887905422 0.3089599995033098 1.711362862552861
0.3930983708989227 0.3089881402199977 1.712779936810827
0.3928900547065998 0.3092529788258231 1.714599979109114
0.392168106468441 0.310167980728117 1.715330132865386
0.3910707337097657 0.3115504473367123 1.716435876224886
0.389422381791656 0.3136083681276916 1.718087658980998
0.3869901714239798 0.3166048123785214 1.720505378147934
0.3834946049730785 0.3208299985296613 1.723940734459921
0.3786573933006798 0.3265250044004812 1.728621736786059
0.3723050216492269 0.3337498627037451 1.734648610477567
0.3645162376815329 0.342239554210936 1.741866411411702
0.3610644216046484 0.3458792902896915 1.666723798664746
0.3576342356237465 0.3494248896541552 1.67806590611598
0.3546693440630761 0.3524339035647214 1.689688197857202
0.3523855788466782 0.3547173576537967 1.701623221056454
0.351043084785142 0.3560459979055117 1.713838677124446
0.3509595923184446 0.3561282978923061 1.726193105501295
0.3524619261616271 0.3546414958890679 1.738358565611092
1.828684032119308 0.5156690993969016 1.570792847838657
1.828220808202274 0.5173089848989331 1.571972159920212
1.827765535963353 0.5189152675972609 1.573199121065035
1.827322016431082 0.5204749347155756 1.574488444063898
1.826897054121609 0.5219646185736413 1.575863734214954
1.826505042121032 0.5233347308438344 1.577366171602599
1.82618433076446 0.524452761906448 1.579075192539065
1.825829834530783 0.5256855759275056 1.58123140481162
1.825453560951652 0.5269907078970899 1.581475103243381
1.824879977966162 0.5289735110751406 1.581845434937623
1.824016072652251 0.5319448055082387 1.582400607467584
1.82273822705419 0.5363070622659069 1.583216153314368
1.820897932305269 0.5425224691451371 1.584379148740331
1.81834741721695 0.5510105077958009 1.585969302397489
1.814995069469079 0.561954452962047 1.5880228752987
1.810884039869542 0.5750642603628815 1.590487920946235
1.822733165743415 0.5363242637620715 1.516638692574125
1.819423003414963 0.5474484852891782 1.524845464847346
1.816172619388651 0.5581370136300796 1.533631236577855
1.813060974137982 0.5681635446407788 1.54320840835545
1.81021450449343 0.5771683958105708 1.553820225677762
1.807856512672813 0.5845123942119914 1.56573546259246
1.806373425168217 0.5890797554211005 1.579065633608879
0.3941633134728825 0.3086953263821726 1.713716159107495
0.395269521117549 0.3087530112555822 1.713156494613472
0.3967946109892773 0.30883204064465 1.712385626650666
0.3988958001242426 0.3089399894349589 1.711324943936327
0.4017880581636643 0.3090868436078112 1.709867563378265
0.4057642028162268 0.3092855369683917 1.707869059251463
0.411220992632495 0.3095524199186734 1.705135979187042
0.4186921129469579 0.3099074924105011 1.701412427529653
0.428888208460692 0.3103741752206811 1.696366000591047
0.4427423607105447 0.310978458540055 1.689576355252092
0.4614559224340941 0.311747705839586 1.680533286611999
0.4865334719175125 0.3127106196344258 1.668656936254403
0.5197859443209683 0.3139022193436862 1.653360310315126
0.5632676038200769 0.3153804102167701 1.634180277123813
0.6190978407867983 0.3172602710712307 1.610997541872148
0.6891118781157112 0.3197615629875562 1.584329863745821
0.7743086272599219 0.3232399103371933 1.555599393729739
0.8742701931049401 0.3296136933883719 1.527862316151283
0.9863071113233489 0.3397655427983319 1.504662718960957
1.105411006858728 0.3538408353583997 1.489383035294262
1.224887560565415 0.3710864422079742 1.482642556426904
1.338046110547802 0.3907490058078457 1.484087190189731
1.439594285765731 0.411330955004757 1.492250230225556
1.526085814860344 0.4326962154588033 1.504850517112863
1.59727611229653 0.45203801013162 1.518163047660521
1.65409062730014 0.4685149792636196 1.530757047044119
1.698304732334655 0.4820258861618398 1.541860278240208
1.732058829612396 0.4927711347965982 1.551151895089362
1.757460858007746 0.5011156313319416 1.558632852209544
1.776376710498107 0.5074788828935531 1.564486550030548
1.790354372245822 0.5122652836440793 1.568971783199578
1.800625269412903 0.5158290558882476 1.57235597884535
1.808141786254591 0.5184625896796088 1.574880860328227
1.813626401410685 0.5203979607950459 1.576749240235647
1.817619868266951 0.5218145078656728 1.578123591339951
1.820523116337663 0.5228482561429115 1.57913016768801
1.822631421292784 0.5236010300727474 1.579865067796415
1.82416121143888 0.5241483425998825 1.580400393196298
1.825270581244939 0.5245458206964321 1.580789696471083
0.3565526460863492 0.35142555490966 1.749427814918364
0.3576816381758028 0.3515179095126992 1.748917723634582
0.3592395298334232 0.35164452354346 1.748214016194573
0.3613877400846534 0.3518175620294226 1.747243981841342
0.3643470708021166 0.3520530364550903 1.745908316869407
0.3684183256028372 0.3523716171131827 1.744072053749477
0.374008991386944 0.35279927129108 1.741553008576495
0.3816667730171328 0.353367385954533 1.738107670514721
0.3921198886221451 0.354111873890474 1.733415171491795
0.4063220404439716 0.355070759914348 1.727061540158652
0.4254961664606344 0.3562803241039375 1.718529521913143
0.4511646892360789 0.3577718489088938 1.707204711507686
0.4851446867896119 0.3595753331525006 1.692417208873111
0.5294752806457592 0.3617429408589719 1.673548170304599
0.5862351663001801 0.3644087885772212 1.650235500508836
0.6572075612053772 0.3678908742899902 1.62269475738547
0.743369739533197 0.3728014023365342 1.5921029392569
0.8442460070061928 0.3800700971022207 1.560863751394743
0.957293712414802 0.3907558043563224 1.532450410917115
1.077671333777739 0.4056098060581286 1.51058888327808
1.198791998295303 0.424573750802735 1.497959826656264
1.313724879614109 0.4465686912505322 1.495141754070067
1.416857142750331 0.4697925964287712 1.50053884482385
1.504946578519518 0.4923427127700626 1.511292307977954
1.577180413632679 0.5127564004141382 1.524454852202968
1.634538173000191 0.5302297815998867 1.537760499840571
1.678978304388621 0.5445518056955805 1.549839200742916
1.712782337631852 0.5559111960851192 1.560077101067414
1.738148216531161 0.5647020362042298 1.5683621692303
1.756992947322678 0.5713823888869912 1.574854818800398
1.77089109916225 0.5763913960396551 1.579828794333731
1.781086692469997 0.5801105541874659 1.583578350971062
1.788537225261311 0.5828523137008068 1.586372459776928
1.793966503474561 0.5848630321844356 1.588437397996503
1.797914820895897 0.5863320558249016 1.589954378753639
1.800781907549851 0.5874023738242665 1.591064027759663
1.802861628885521 0.5881806459523843 1.591873205062909
1.804369045188756 0.5887457430038263 1.592461952124024
1.805461033179493 0.5891556264943739 1.592889624172212
0.3939933652863153 0.3078461110853345 1.715090852843668
0.3947892405653833 0.3068247961521492 1.715673738720438
0.3956329362623943 0.3057361276401535 1.716027690631681
0.3964913516119515 0.3046220742115184 1.716242399273715
0.397353485520587 0.3034966351454998 1.716364253133401
0.3982149638086418 0.3023654123719876 1.716419496556589
0.3990741411076859 0.3012305261741625 1.716424390817854
0.3610228666574967 0.34592266440695 1.760169096337245
0.3678217501442854 0.3386844550917489 1.768337263567541
0.3754406464259568 0.3302185957986917 1.774331084434311
0.3833729323969185 0.3209753802169066 1.778512807268373
0.3913289122848089 0.3112260953229795 1.781270865353936
0.3991547481908225 0.3011237071316722 1.782915714289373
0.4067685618933028 0.2907564909941895 1.783681479013205
1.826369420746409 0.5238078353397984 1.582807362015737
1.826833677778625 0.5221863873510679 1.584004487022793
1.827344061695034 0.520397530344673 1.584916523686958
1.827872329662802 0.5185389627154575 1.585666126719858
1.828409017455963 0.516643372440469 1.586309925772553
1.828950053378319 0.5147247921446786 1.586878526637303
1.82949333649736 0.5127904456136971 1.58739021631876
1.807725930056861 0.5849161232185337 1.606701503049841
1.810469945845621 0.5763666234183724 1.617900809810031
1.813888801181184 0.5655150982515226 1.626701344974994
1.817602254226675 0.553463598469717 1.633644374425419
1.821424629773129 0.5407515394862581 1.639228273164504
1.825264238188209 0.5276460652673883 1.643805729457679
1.829072043176005 0.5142911337685062 1.647633650933812
0.4019520661932489 0.297379448656053 1.717004556183668
0.4023119627190009 0.2968923789072148 1.718301466230047
0.4028598277484892 0.2961485424351396 1.720285645473302
0.4036806180847931 0.2950287419603038 1.723281017536731
0.4048813100677065 0.2933788076154406 1.727713292664459
0.4065774587567431 0.2910236588851648 1.734080968649374
0.4088582412191841 0.287810594987668 1.742851446995544
0.4117283321351559 0.2836895847880264 1.754254876352382
0.4150502523649707 0.2788069009400129 1.768019482388519
0.4041313420829809 0.2944110363865606 1.716478246002183
0.404546508030791 0.2938403015927072 1.717753559926153
0.4051786530830768 0.2929680171721542 1.71970492190553
0.4061260900572179 0.2916532169800918 1.722651438526457
0.4075129505593009 0.2897122626442534 1.727013183278447
0.409474021241436 0.2869338354540434 1.73328354074702
0.412114693719639 0.2831280262008128 1.741928104992034
0.4154436516723469 0.2782203664096963 1.753182279677785
0.4193048717144075 0.27236634255459 1.766788732930575
0.4067016849381752 0.2908500291704461 1.715499688177217
0.4071602493801452 0.2902077382233251 1.716736075386025
0.4078591602884234 0.2892246624491455 1.718627330872943
0.4089083282150464 0.2877394292000592 1.721482056996405
0.4104479378246662 0.2855389471429055 1.725705976075518
0.4126333264685386 0.2823716308121417 1.731774632369729
0.4155927575719408 0.2779975896545688 1.740135014902592
0.4193537918666286 0.2722910157296423 1.751009865636458
0.4237640564262731 0.2653752522017652 1.764145491882282
0.4097200083701867 0.286582474588266 1.713953076306833
0.4102219437539728 0.2858635283884818 1.715137127335167
0.4109872998645149 0.2847620749855488 1.716947071840907
0.4121370763445431 0.2830954438032733 1.719676439727787
0.4138263103039282 0.2806203572448672 1.723709447490344
0.416228245728798 0.2770452083280404 1.729492992977389
0.4194887278882261 0.2720830887334196 1.73744040578802
0.4236450483852325 0.2655651953450865 1.747744018055307
0.4285360712487738 0.2575982058141436 1.760139487388658
0.4132595350442706 0.2814543598791699 1.711818867640098
0.4138049585207871 0.2806518417962185 1.712944156539653
0.4146366876717591 0.279421576183 1.714662895930856
0.4158864106393521 0.2775580902180951 1.717251860155483
0.4177230849935028 0.2747861427792727 1.721071511958071
0.4203358955027216 0.2707724782025033 1.726537420441477
0.4238845929392525 0.2651826764114207 1.734026696254304
0.4284104161820442 0.2578071281146579 1.743700011004475
0.4337365813175549 0.2487419908800283 1.755284012430026
0.4173830223062607 0.2753024022606623 1.708978328902745
0.4179702125648691 0.2744100971328828 1.710038659780379
0.4188654031566077 0.2730417075072095 1.711656729948095
0.4202100740096295 0.270967698629969 1.714091074485602
0.422185508307083 0.267879444107774 1.717676550237077
0.4249941050950464 0.2634008554171012 1.722795451397976
0.4288052564422081 0.257149863012859 1.729787327847283
0.4336585263286646 0.2488780475302129 1.738781592611056
0.4393561960106175 0.2386757906179004 1.74949908263149
0.4221466563300798 0.2679406660985478 1.705282734249185
0.4227716918102468 0.2669533603532678 1.706272523070921
0.4237240722278999 0.2654390902158261 1.707781457561265
0.4251536361685581 0.2631432797026239 1.710048614111073
0.4272517051321225 0.2597228916782151 1.713381842376216
0.4302303765483624 0.254758362169045 1.718128951951598
0.4342637159434455 0.2478205500255992 1.724591674945547
0.4393837239836287 0.2386251099492221 1.732869863071282
0.4453670948537034 0.2272622952044011 1.74268269608187
0.4275954344901143 0.2591566020830077 1.700566156556136
0.4282519784769497 0.2580702286792845 1.701480939897565
0.4292515535144388 0.2564041805537516 1.702874019934509
0.4307502744175665 0.2538783194547953 1.704964133332698
0.4329462721971293 0.25011502432003 1.708031214677859
0.4360567052288916 0.2446518951999423 1.712388047878497
0.4402543993958302 0.2370149020897564 1.718299069084406
0.445557887142583 0.2268880102716697 1.725836913552779
0.4517154429888744 0.2143668784242681 1.734723335939576
0.4337510487358276 0.2487167620418248 1.694639871746935
0.4344293342654805 0.2475301063096192 1.695476732554789
0.435460911226896 0.2457107950283045 1.696749629481605
0.4370053368530628 0.2429533608780523 1.698656508592244
0.4392636444549954 0.2388460815255619 1.701449091930574
0.4424528921096066 0.2328850322881332 1.705405405184322
0.4467386593009334 0.2245541589149588 1.710754062725775
0.4521207363933881 0.2135107484954809 1.717543689808722
0.4583175071115664 0.1998626094972225 1.725503121434412
0.4405998057853628 0.2363721877503793 1.687294773344995
0.4412874808788437 0.2350858549968589 1.688052908784041
0.4423319102533146 0.2331147382120093 1.689204554464857
0.4438926000254484 0.2301290065216622 1.690926985565059
0.4461685135904396 0.2256848632064138 1.693444193761019
0.4493702091263033 0.2192405417567253 1.697000681235728
0.4536491310427829 0.2102438248894079 1.701791704814058
0.4589815740817367 0.1983328380613035 1.70784572049222
0.465057663207908 0.183633792891178 1.714902902165427
0.4480763754267114 0.2218728504897812 1.678309296851416
0.4487572289917284 0.2204925155819704 1.678990501985534
0.4497896770442077 0.2183786766707485 1.6800238080276
0.4513290858454436 0.215179126008812 1.681566594722879
0.4535669525886472 0.2104210529377892 1.683816476840073
0.4567009666401455 0.203529425562882 1.686986718539369
0.4608623757812826 0.1939223313319842 1.691242752312619
0.4660008834132429 0.1812268651665011 1.696597433865052
0.4717818554635292 0.1655955339234413 1.702806361895888
0.4560503667054321 0.2049830798574383 1.667460894943509
0.4567061678690159 0.2035177540913773 1.668069964445986
0.4576986935618816 0.2012756962768898 1.668992444116284
0.4591745543642145 0.1978856453217994 1.670367355972765
0.4613117318275965 0.1928509426428185 1.672368292764048
0.4642881237596496 0.1855708439807944 1.675180726573465
0.4682089147314962 0.1754434728508146 1.678944843946249
0.4729961890408078 0.1620944328250432 1.683662874233949
0.4782987983776269 0.145706072181355 1.689109084395974
0.4643080992939701 0.1855208584769399 1.654525773598781
0.4649187964596765 0.1839850882503414 1.655070899383067
0.4658409486143858 0.1816375803462741 1.655895255702015
0.4672077755427337 0.1780923762332641 1.657121870656196
0.4691779819795674 0.1728352430078445 1.65890373162386
0.4719036085035999 0.1652482504636014 1.661403169232895
0.4754592087249521 0.1547208481060079 1.664740820157711
0.479739921453802 0.1408886360339253 1.668913779989282
0.4843879212289868 0.1239691161840757 1.673717997594637
0.4725543503502367 0.1633780461538998 1.639323052183643
0.4731003089979123 0.1617902890351579 1.63981445760512
0.4739223544941111 0.1593662508524251 1.640556533157721
0.475135901622344 0.1557108698502525 1.6416592446809
0.4768750247349807 0.1503004018092152 1.643259233378634
0.4792606189742646 0.1425105578559175 1.645501635624391
0.4823342445446633 0.1317333539371442 1.648495291090681
0.4859675364564333 0.1176246296932115 1.652241441115481
0.4898069325298672 0.1004448547496692 1.656566023908988
0.4804122609253493 0.1385787124799265 1.621710655202978
0.4808764455956181 0.1369592788799815 1.622161253621114
0.4815727403127416 0.1344905044517149 1.622841138507265
0.4825951301275756 0.1307743873132211 1.623851050309419
0.4840488215377065 0.1252866248565968 1.625316921810253
0.4860197361461937 0.1174087563871802 1.627374553956772
0.488515019407477 0.1065508132925898 1.630130922243199
0.4913874842874197 0.0924031400206772 1.633601491529493
0.4943016227541174 0.07527221095893381 1.637648014863689
0.4874508296337444 0.1113179621147204 1.601619363794443
0.4878200481713576 0.1096886530234297 1.602045208220469
0.4883709408932522 0.1072092537565654 1.602687935827022
0.4891735069688731 0.1034856515647161 1.603644088089274
0.4903013657602234 0.09800291186316695 1.605036285256766
0.4918036728047072 0.09016178467510776 1.607001128604416
0.4936545123469408 0.07940543079351765 1.609655385892352
0.4956952450623743 0.06546926013445273 1.61303705583349
0.4976226662928184 0.0486999177784343 1.617039213884857
0.493241144725222 0.08193395602650069 1.579176049250998
0.4935044873081466 0.0803325650450886 1.579606774333744
0.493894402690763 0.07789941585618212 1.580256684385116
0.4944559411517453 0.07425174920324634 1.581223653299414
0.4952311106152827 0.06889228606131156 1.582632917070098
0.4962345685663508 0.06124747308883552 1.584626102937537
0.4974132915404227 0.05079387166698796 1.587329021441742
0.4986066531815264 0.03730154692659568 1.590793605706468
0.4995529819221488 0.02113807589846547 1.594930293866154
0.4973994091154327 0.05092963588735319 1.554631983259352
0.4975548097031501 0.04938837253101207 1.555092072611947
0.4977813539333027 0.04705022504014263 1.555786104242501
0.4980996897305683 0.04355110894468191 1.556818708882681
0.4985217081056148 0.03842013205937964 1.558324107618254
0.499030752564354 0.03111764764654505 1.560454723523327
0.4995522024750901 0.0211564884204955 1.563346825979788
0.4999305883113605 0.00833107860105391 1.567057328848448
0.4999509606463379 -0.007002638702935666 1.571487466636179
0.4996397294165379 0.01897737570289324 1.528355863687319
0.4996929185166153 0.01752104975014999 1.528861331630189
0.4997653914048165 0.01531514133106979 1.52962356084246
0.4998555167698637 0.01201924934147362 1.530757230916336
0.499948236659148 0.00719448826592773 1.532409323672416
0.4999998844318265 0.0003399531734594938 1.534746560473132
0.499919109776946 -0.008993535446408076 1.537917710330925
0.4995591975487927 -0.02099066803144383 1.541984409102342
0.4987513604895282 -0.03531402568165651 1.546837895491874
0.4998293020842038 -0.01306402610291758 1.500739539263341
0.4997919331305241 -0.01442302248676671 1.501298783660703
0.4997284017586339 -0.0164779997500113 1.502142143864597
0.4996179268101594 -0.01954295806469086 1.503396565368972
0.4994226354089504 -0.02402147458376824 1.505224785007699
0.4990766671337836 -0.03037236116331099 1.507811487565925
0.4984763178587466 -0.03900462195670984 1.511321676555841
0.4974853865744273 -0.05008283283613865 1.515824138691253
0.4959777805594114 -0.06329329499528609 1.521199219400964
0.4980337359787552 -0.04429895966096269 1.472269236382445
0.4979200807176811 -0.04555867884495729 1.472885187524838
0.4977424530486275 -0.04745998770685488 1.473814299098762
0.4974644570631505 -0.05029029686594533 1.475196693687086
0.4970298828587572 -0.05441778703154065 1.477212169887952
0.4963555287533841 -0.06025934845273855 1.480065111485998
0.4953290663385059 -0.06818442666932095 1.483938757458495
0.4938249353450871 -0.07833858073401953 1.488910752539332
0.491753862487288 -0.09043306214451362 1.49485092572513
0.494508202430736 -0.07390289391304149 1.443499123186084
0.4943321713478692 -0.07507132855159071 1.444168669212382
0.4940616740084355 -0.07683138861157238 1.445178938145511
0.4936479717933871 -0.07944608199449053 1.446682657759057
0.4930205397512571 -0.08325111040327964 1.448876049235478
0.4920829489743367 -0.08862489113516786 1.45198264925677
0.4907169149335643 -0.09590051823679073 1.456203777546152
0.4888064185424086 -0.105205918045249 1.461626537645574
0.4862922561609889 -0.1162748536780638 1.468111763178823
0.4896491379567087 -0.1012112725848857 1.415011691082194
0.4894219454236909 -0.1023042488740799 1.415725730027746
0.4890755929758925 -0.1039474114890752 1.416803400830194
0.4885515004170464 -0.1063834171299865 1.418407956617445
0.4877677969967977 -0.1099207724358354 1.420749396925883
0.486617644680275 -0.1149054736982603 1.424067463641545
0.4849781547193686 -0.1216395883131646 1.428579040791347
0.4827409195268228 -0.1302351896163154 1.434379901863301
0.479870429443089 -0.1404434795428586 1.441324282440386
0.4839220258683132 -0.1257754860038618 1.387372827450463
0.4836510203596224 -0.1268136053627373 1.388116949160116
0.4832398582150736 -0.1283714899511397 1.389240123877278
0.4826216076698236 -0.1306766383489981 1.39091268079462
0.4817046953967696 -0.1340171124621979 1.393353910665895
0.4803731590972407 -0.1387141954485447 1.396814564191162
0.4784994732984076 -0.1450456964309748 1.401522287383449
0.4759803478044323 -0.153110118881711 1.407579251255773
0.4727986389460794 -0.1626697482961562 1.414836041222936
0.4777864960491032 -0.1473772852006722 1.361087922302002
0.4774751937939812 -0.1483827460030313 1.361843574593893
0.4770043706287398 -0.1498893938912282 1.362983993308257
0.4762992570100305 -0.1521151464243221 1.364682056558801
0.4752589548503926 -0.1553348828644503 1.367160401513837
0.4737582260503926 -0.1598535055905408 1.370673791930354
0.4716636266826664 -0.1659319838504752 1.375453950641311
0.4688740746460058 -0.1736580033423503 1.381605830603346
0.4653866109044432 -0.1827985295096118 1.388979503061697
0.4716376741584118 -0.1660057357877847 1.336564883686948
0.4712865904498254 -0.1669998492878917 1.337308842565439
0.4707566605447635 -0.168487882510115 1.338431297049463
0.4699650603180029 -0.1706834557896455 1.340102273938911
0.4688010260129239 -0.1738551063651274 1.342540881268649
0.4671289123988016 -0.1782991284362117 1.345998221166908
0.4648073604263769 -0.1842664312713093 1.350703502938539
0.461734656562245 -0.1918361460448621 1.356762201201237
0.4579191389691532 -0.2007736590435841 1.364029461033845
0.4657903208640862 -0.1817673705298387 1.314059603064054
0.4653984475431498 -0.1827683917542255 1.314765580046842
0.4648076661698761 -0.1842656600392842 1.315830364585472
0.4639265748436354 -0.186472875115532 1.317415198180797
0.4626336803288721 -0.1896577913647707 1.319728208845326
0.4607815814228897 -0.1941142298272357 1.323008729576622
0.4582191024424189 -0.2000881159810947 1.327476931185128
0.4548416841523805 -0.2076512517598345 1.333237614953181
0.4506672756304739 -0.2165617848924562 1.340159095300227
0.4605539751566057 -0.1946536307584541 1.29354797628151
0.4601202870735576 -0.1956765735169823 1.294192490150921
0.4594668713806328 -0.197205968732422 1.295164132298241
0.4584931885797625 -0.1994592590630034 1.296609913342092
0.4570660703699209 -0.2027081826582207 1.298719909294683
0.4550248621594712 -0.207249547205185 1.301713514071704
0.4522064777224829 -0.2133290920287844 1.30579441093416
0.4485012231718215 -0.2210127888005125 1.311063618396541
0.4439353252887369 -0.2300465756336821 1.317408382649405
0.456160196834246 -0.2047385523640869 1.274959321937145
0.4556850017886954 -0.2057940211591112 1.275522631551604
0.4549692045292779 -0.2073717023366403 1.276371309666114
0.453902883702424 -0.2096954271476221 1.277633459894024
0.4523406364281867 -0.2130444757221904 1.279474848531911
0.4501074393638215 -0.2177229731317845 1.282087266773561
0.4470263949853296 -0.2239808076296272 1.285649948196643
0.442980125976206 -0.2318805899382367 1.290254517434446
0.4380008203247526 -0.2411540615350357 1.295808242406501
0.4526813072314834 -0.2123196507231381 1.258305109434037
0.4521677775230561 -0.2134111078877105 1.258770195138365
0.4513942326489662 -0.2150424300719535 1.259470165245511
0.4502418513758544 -0.217444878692608 1.26051008683113
0.4485534012017508 -0.2209068723927375 1.262025766533703
0.4461394951717383 -0.2257422221205119 1.26417419997284
0.4428084655304045 -0.232208231668493 1.267102124742908
0.4384326145081734 -0.2403681396015857 1.270884977847567
0.4330457489137818 -0.2499427521407688 1.275448096553296
0.4500897100244454 -0.2177596219001829 1.243572899942052
0.4495430760427077 -0.2188858670222002 1.243925341098382
0.448719607851669 -0.2205690674810146 1.244454864336161
0.4474926755463176 -0.22304776468819 1.245240053024004
0.4456945331767009 -0.2266194676024164 1.246382018898811
0.4431227511002337 -0.2316079175187245 1.247996878952859
0.4395717111246175 -0.2382786410465189 1.250191955548714
0.4349029698416351 -0.2466969939478911 1.253020372266662
0.4291495510914256 -0.2565748678222946 1.256423434955032
0.4483074673470435 -0.2214055435640209 1.23070078071679
0.4477349136782553 -0.2225611086275525 1.230929692246597
0.4468723915103087 -0.2242879080687529 1.231272505328131
0.4455871590913364 -0.226830517463837 1.231778816603836
0.443703193733654 -0.2304939822870772 1.232511555179286
0.4410076852142497 -0.2356103172230988 1.233541333369415
0.4372836729246033 -0.2424520352431973 1.234930470752453
0.4323834981779414 -0.2510866593497276 1.236704232897863
0.4263384139437896 -0.2612193652773352 1.238816763897233
0.4472281759729267 -0.2235776344269008 1.21959183732256
0.4466382741609218 -0.2247537587106237 1.219689294032569
0.4457497288365755 -0.2265108810678184 1.219833823308327
0.4444258318422363 -0.2290975337958405 1.220044513306326
0.442485233727527 -0.2328235768411262 1.220344092309068
0.4397085131963239 -0.2380260981965596 1.220755108504452
0.4358715890540445 -0.2449815459488779 1.221291863405029
0.430821169288472 -0.2537579951310179 1.221948704506616
0.4245876966002875 -0.2640554636731878 1.2226905636051
0.4467376490242823 -0.2245561687958208 1.210125905853705
0.4461396957191532 -0.225741825773651 1.210085912826862
0.4452392688292239 -0.2275126227100775 1.210023759817575
0.4438980661506266 -0.2301184626833187 1.209927385994857
0.4419327396721434 -0.2338705915797742 1.20977883034971
0.4391216517658597 -0.2391070365974684 1.209552576135515
0.4352388046635519 -0.2461040083278665 1.209215816236388
0.4301302226672606 -0.2549274240802916 1.208734013790123
0.4238279884251568 -0.2652731351409057 1.208085582932308
0.4467138142051817 -0.224603580110065 1.202174220891925
0.4461173671067645 -0.2257859489997735 1.201992446549549
0.4452195434004275 -0.2275512209906044 1.201717910735205
0.4438828244808498 -0.2301478614519438 1.201307540947509
0.4419251722831214 -0.2338848907102241 1.200703632743453
0.4391270509230309 -0.2390971207431026 1.199835163640226
0.4352655635726971 -0.2460566787708521 1.198627325510353
0.4301906438495691 -0.2548254499540679 1.197024595971537
0.4239379370754089 -0.2650973887239304 1.195027650059858
0.4470320735414933 -0.2239694738690808 1.19559972397087
0.4464466237241407 -0.2251342092293295 1.195275203009842
0.4455656886600212 -0.2268726891649171 1.194787611893117
0.4442547460899038 -0.2294291188506705 1.194063812730473
0.4423360343322721 -0.2331069126628358 1.193008490987434
0.4395957629893759 -0.2382342652973927 1.191509373946747
0.435817932206997 -0.2450769878361028 1.189457020956339
0.4308590564534098 -0.2536936606856337 1.1867853973329
0.424757893228465 -0.2637815993205667 1.183528210699947
0.4475801027961624 -0.2228722763848764 1.190256445001692
0.4470138435097556 -0.2240058564203975 1.189793808199849
0.4461620439066459 -0.2256976530162513 1.189100575128434
0.4448949503789859 -0.2281851948029927 1.18807530986749
0.4430413368865614 -0.2317636162338006 1.186587989632538
0.4403956968650635 -0.2367522548630426 1.184489674572132
0.4367511138240522 -0.2434100749218277 1.181642908757988
0.4319713410121019 -0.2517950764892085 1.177979129240303
0.4260959886607174 -0.2616146181833992 1.173571603122747
0.4482513236462916 -0.2215191884450364 1.185983625222761
0.4477104431311564 -0.2226103301989905 1.185394229327224
0.446897004890095 -0.2242388615299818 1.184512393126893
0.4456873247029442 -0.2266336440141499 1.183210922066131
0.4439183386148211 -0.2300793529229796 1.181328395629549
0.4413945884678194 -0.2348846893080185 1.178683106045418
0.437919640489607 -0.241301447309073 1.175113375398284
0.4333646521367838 -0.2493894109186762 1.170550359984733
0.4277680972713923 -0.2588715027901152 1.165105585384031
0.4489642138485898 -0.2200707492678611 1.182613587066941
0.4484521592502989 -0.2211123263496285 1.181913002237253
0.4476822296345674 -0.2226670637283889 1.180865596700391
0.4465375512709809 -0.2249538070469493 1.179321372009849
0.4448641702282833 -0.2282451972048939 1.177090921998223
0.4424777580662008 -0.2328377839112644 1.173962935089299
0.4391933519267516 -0.2389753117444238 1.169753018846973
0.4348899863923884 -0.2467198811114099 1.164390016415559
0.4296044404974186 -0.2558124795722443 1.15801690704096
1.830886920947027 0.5077922725938758 1.589334570563805
1.830977811920478 0.5074644437355565 1.590702023629297
1.831113971654087 0.5069729107300864 1.592756123208589
1.831314851092126 0.5062468030223621 1.595798945910754
1.831604630334782 0.505197374831979 1.600214642355591
1.832009356286979 0.5037277318928428 1.606435032027061
1.832549803551993 0.5017580362111704 1.614840520869633
1.833229685949016 0.499268292560433 1.625581953902277
1.834023434920547 0.4963445875227985 1.638370092259106
1.831894368530972 0.5041457447459505 1.589933848391789
1.832014772516822 0.50370803317108 1.59131488309131
1.83219528449977 0.5030510400125906 1.59338951626145
1.832461907400136 0.5020789453147699 1.596463037377063
1.832847181760513 0.5006706679180286 1.600923864508134
1.833386610538362 0.4986917341400374 1.607208982610699
1.834109410775671 0.4960267923258386 1.615704061988145
1.835022881812354 0.4926367146549503 1.62656353234117
1.836095555650962 0.488623597383226 1.639497409529755
1.83314565944954 0.4995767214775453 1.590471925708783
1.833295158314817 0.4990278267796199 1.591855268960641
1.833519663490544 0.4982023213459176 1.593933357919684
1.833852086094767 0.4969772990055096 1.597011956864431
1.834334169581489 0.4951949754457606 1.601480039915071
1.83501258139696 0.4926750810786013 1.607775115579429
1.835927914858311 0.4892531050948541 1.616283094698117
1.837095079588589 0.4848521196739667 1.627158018096148
1.838480522664171 0.4795719728939709 1.640108632864662
1.834694216598511 0.4938593331920695 1.590845088867495
1.834874439520376 0.4931893151678428 1.592216361630594
1.83514540062361 0.4921801174071853 1.594275687853166
1.835547298394458 0.4906791464467873 1.597325082296685
1.836131564014943 0.48848826908021 1.601747764096346
1.836956561411165 0.4853766587810016 1.607972798871211
1.838074678840654 0.4811251234406349 1.61637486786208
1.839508552288037 0.4756134937742072 1.627095989209097
1.841222147227331 0.4689359380134109 1.639837404359148
1.836596662908413 0.4867366918515822 1.590968878929754
1.83680859908189 0.4859362918529173 1.592319341233599
1.837127511002744 0.4847292210273733 1.594346904070989
1.837601116017264 0.4829306863443701 1.597348121967631
1.8382908314304 0.4802985826336234 1.601698492378859
1.839267032422639 0.4765466323919992 1.607816846897286
1.840594037351533 0.471395268396836 1.616065824784521
1.842301535045576 0.4646772679717138 1.626576192387001
1.844348810858298 0.4564837053899304 1.639044149494329
1.838916529519878 0.4778973810971439 1.590860607081628
1.839161804809159 0.4769525816389471 1.592185864709344
1.839530958589055 0.4755268255244614 1.594175085681857
1.840079323474922 0.4734004570350682 1.597118424242419
1.840878174925881 0.4702844399748935 1.601382481849744
1.842009234618212 0.4658346154829733 1.607374583433208
1.843547132233205 0.4597106488169136 1.615444340806133
1.845525895428549 0.451701315809012 1.625711441680746
1.847896949453562 0.4419013165868171 1.637869325550554
1.841721160148315 0.466972245066969 1.590438901561876
1.841999950600197 0.4658713249276163 1.591734165663856
1.842419447787345 0.4642095300787296 1.593677928638281
1.843042361331212 0.4617301849994301 1.596553012534212
1.843949270052285 0.4580949670915229 1.600716048238453
1.845232050063505 0.4529001996239074 1.606561883805757
1.846973551227721 0.4457450061034907 1.614426702268827
1.84920929458576 0.4363770092690185 1.624419870512705
1.851880012371411 0.424900375594329 1.636234377009912
1.845077032230077 0.4535313159396971 1.589601169438712
1.8453876101878 0.4522659367742636 1.590861926121124
1.845854680604665 0.4503558676100378 1.592753556113676
1.846547654347868 0.4475060554040862 1.595550722949024
1.847555295193215 0.4433275770854453 1.599599181948254
1.848977979399469 0.437356080438803 1.605280548674036
1.850904412371216 0.4291302432428899 1.612917441797747
1.853368464485986 0.4183601848285749 1.622610018126854
1.856297234538264 0.4051672326910598 1.634053427184519
1.84904251759524 0.4370831471539453 1.588223966936857
1.849381253193791 0.4356476669698844 1.589446239106888
1.849890256004272 0.4334811992940303 1.591279891573969
1.85064451324137 0.4302496891463758 1.593990762252648
1.851739244408872 0.4255134311828458 1.597913066284931
1.853280713464583 0.4187487391039477 1.603414820767016
1.855359935114104 0.4094379325054385 1.610805481423157
1.85800504322692 0.3972620907464877 1.620177670375751
1.861127164106565 0.3823683936017647 1.63123151036327
1.85365583524569 0.4170850678944775 1.586163758786809
1.854016156670344 0.4154804450347388 1.587344711909329
1.854557014370254 0.4130595475848859 1.589116279472816
1.855357183254538 0.4094504023037781 1.591735090266519
1.856515790133609 0.4041646080318287 1.595523535176348
1.858141619659341 0.3966227813561682 1.60083610979213
1.860324167909824 0.3862562616858873 1.60796991671162
1.863083229816731 0.372720791178328 1.617011745922797
1.866313248405778 0.3561948458723316 1.627669331837558
1.858919902169093 0.3929589122549446 1.583253772192205
1.859292406723668 0.3911926069094944 1.584392126069246
1.859850868883251 0.3885288340846241 1.586099842585232
1.86067555424223 0.384559996939761 1.588624314317439
1.861866366402057 0.37875261459393 1.592276295773122
1.863530657569416 0.3704772566566523 1.597397418094011
1.865751853850575 0.3591238355415604 1.604273920258158
1.868537381779456 0.3443369894358075 1.61298924923003
1.871765445949155 0.3263342224647929 1.623261351369288
1.864782244809401 0.3641251005417662 1.579314183757945
1.865154191850417 0.3622150604596088 1.58041086854974
1.865711004895223 0.3593359926500521 1.582056297915386
1.866531449172598 0.3550496565983162 1.584489100546709
1.867712289748003 0.3487846214001005 1.588009216212554
1.869354899608894 0.3398708117934851 1.592946761675005
1.871532935024242 0.3276650462293546 1.599579002879672
1.874240477343334 0.311805295799757 1.607988265375097
1.877341877152472 0.2925532185612922 1.617904782605374
1.871113710265638 0.3300505910567351 1.574150162582295
1.871470213023383 0.3280230954782784 1.575208751566033
1.872002989030881 0.3249687961333931 1.576797420562044
1.872785980967278 0.3204256214683391 1.57914707895001
1.873908586660619 0.3137937511177347 1.582548394207073
1.875461485326895 0.3043749767250548 1.587322121583378
1.877504394681899 0.2915084172902995 1.593739284789384
1.880016836576796 0.2748392322590016 1.601883807404584
1.882854689728137 0.2546725873935021 1.611499396266443
1.877687906339463 0.2903240186196526 1.567569597334899
1.878012044495132 0.2882198295262726 1.568596948275911
1.878495571438228 0.2850513944675684 1.570139267671319
1.879204206868982 0.2803416813227368 1.572421433778779
1.880215937850812 0.2734738313856165 1.575727136160891
1.881606737293114 0.2637347068061098 1.580370646053452
1.883419823128706 0.2504589372467504 1.586619866959265
1.885620979512993 0.2333097319474726 1.594562820270735
1.88806373804268 0.2126387323354892 1.603957049595064
1.884172556177284 0.2447318695006873 1.559399793348586
1.884448700461507 0.2425963823511794 1.560405415935024
1.884859654612731 0.2393825219478614 1.561915788264949
1.885459741352012 0.2346091923641144 1.564152051983376
1.886311789133153 0.2276570745182814 1.567394024186912
1.88747348773708 0.2178158453615335 1.571953414724429
1.888969756494512 0.2044337752182929 1.578099476649963
1.890755171627899 0.1872025383462941 1.585928596119319
1.892689175220204 0.1665160514941558 1.59521505061229
1.89013531412569 0.1933608122033041 1.549499443334046
1.890350887141624 0.1912418178218784 1.550496050842273
1.890670588486793 0.1880548729279461 1.551993811174163
1.891134938966415 0.1833263538649936 1.554213332505445
1.89178890718024 0.1764501064627919 1.557434993382561
1.892669618112852 0.1667381962043808 1.561973675089033
1.893783247418239 0.153573829798465 1.56810653121451
1.895076350640663 0.1366950424975552 1.57594409312117
1.896422453635475 0.1165409230620014 1.585279202782467
1.895077417141042 0.1366802562295462 1.537786496095082
1.895224580436022 0.1346242887150884 1.538791033573794
1.895441467196219 0.1315353710375521 1.54030217462011
1.895753459332312 0.1269595637615025 1.542544580323681
1.896186383523216 0.1203208558068227 1.545805645956861
1.896756289229184 0.1109751714144939 1.550411713882942
1.897452150447049 0.09836282918260338 1.556656585677559
1.898217536286641 0.08228058297565073 1.564670119820693
1.89894863840658 0.06319792793071438 1.574258590310215
1.898496554046552 0.07556946257786716 1.524459331075631
1.89857206666401 0.07364792654303844 1.525499640401182
1.898681824268072 0.07076185126893238 1.527065225226457
1.898836264595185 0.06648871828472032 1.52938967826067
1.89904305202098 0.06029424493084094 1.532772551889083
1.899299579762106 0.05158503384144734 1.537555454720672
1.899581950464132 0.039853768602548 1.544048781307497
1.899836314170269 0.02493769758554258 1.552396676376142
1.899985942511176 0.00730257905540218 1.562406923320113
1.899966609417463 0.01126021756676417 1.509946576200198
1.899976091018773 0.009526959534029638 1.511044413233935
1.899987360626455 0.006923789472344493 1.512696808758873
1.899997496019738 0.003069938055928893 1.515150486005474
1.89999831056234 -0.002515802296086264 1.518721804265529
1.899971689777706 -0.01036761516382084 1.523771257611772
1.89988455354255 -0.02094260278396897 1.530625381581483
1.899688664723591 -0.03439311735852282 1.539431588087191
1.899333827104174 -0.05030827584753193 1.549979930210971
1.899212581008586 -0.0546944379223652 1.494763847178907
1.899168242169648 -0.05621296412029383 1.495928626267835
1.899099343347294 -0.0584943886096563 1.497681647436928
1.898992259138921 -0.06187333134229653 1.500284307044817
1.898826274835018 -0.06677340336620435 1.504071321724516
1.898571356734645 -0.07366622555629664 1.509423138114389
1.898188052013552 -0.0829579929478591 1.516682456544386
1.89763400969689 -0.09478963362437083 1.52600001749531
1.896881848291462 -0.1088079180175095 1.537146812452949
1.896174495066616 -0.1205080647085695 1.479256314351449
1.89609119443042 -0.1218117063519077 1.480490757169343
1.895964297846443 -0.1237711222078259 1.482348488797485
1.895772514288614 -0.1266747151911845 1.485106160002081
1.895486253185852 -0.1308884004959942 1.48911755442061
1.895067253460933 -0.1368211031273105 1.494783805650024
1.894472162301677 -0.1448279519462618 1.502464299266211
1.893663918672832 -0.1550382937135009 1.512313044540614
1.892632723886734 -0.1671564592650265 1.524080999679738
1.891030442741613 -0.1844011226251024 1.463785301589544
1.890921854481293 -0.1855113194550915 1.465086700208929
1.890757326053448 -0.1871807772613343 1.467045111154114
1.890510630212697 -0.189656179582239 1.469951895460013
1.890146517218089 -0.1932512686873342 1.474179254131173
1.889621613710796 -0.1983180939751827 1.480148360218215
1.888890465851643 -0.2051650979472515 1.488234872697112
1.887920104731975 -0.2139102324568593 1.49859623390202
1.886712885304222 -0.2243087109943771 1.510964389940745
1.884164253571807 -0.2447957821596082 1.448698811430393
1.884039788283022 -0.2457518780546917 1.450059221230219
1.883851609968298 -0.2471902526815924 1.452106448443283
1.883570373553902 -0.2493242011336954 1.45514492898684
1.883157252333922 -0.2524255779097925 1.45956330933492
1.882565645799372 -0.2568005036150315 1.465800802042574
1.881748797221873 -0.2627191914477792 1.474247998722201
1.880676398653845 -0.2702890914323798 1.485066119159759
1.879358633325236 -0.2793045591229075 1.497971012195327
1.876092421000453 -0.3004615404100798 1.434299818126305
1.875955577226144 -0.3013147551565747 1.435706862475501
1.875748891907729 -0.3025987506713618 1.437824405887174
1.875440481866833 -0.3045043651182044 1.440967387325137
1.874988507434456 -0.307275131420772 1.445537781326754
1.87434343013397 -0.3111858211978257 1.451989646417485
1.873456789156557 -0.3164799655019969 1.460726300952895
1.872299445137968 -0.3232563953535906 1.471913136104009
1.87088687200217 -0.3313340030405515 1.485254329493315
1.867374208907091 -0.3505901785697333 1.420823275602573
1.867222600222348 -0.3513967424718576 1.422261358475012
1.866993748024554 -0.3526106269501363 1.424425882839948
1.866652572237168 -0.3544123078580995 1.427639016612656
1.866153262458793 -0.3570320859745568 1.432312066690056
1.865442025042547 -0.3607297611871008 1.438909789411997
1.864467074648282 -0.3657354740156044 1.447845250507569
1.863198859566942 -0.3721423371633295 1.45928824656538
1.861657370926769 -0.3797785442530568 1.472936621823731
1.858530349010198 -0.3947972279651545 1.408424882815895
1.858357119590078 -0.3956118368676637 1.409876542720357
1.858095742399686 -0.3968376512846293 1.412061881074138
1.857706320537911 -0.3986566643547241 1.415306565135213
1.857136915663115 -0.401300867033989 1.420026625286418
1.856326857320955 -0.4050314903681503 1.426692611342812
1.855218345394689 -0.4100790171563697 1.43572356075581
1.853779564257547 -0.4165347963160327 1.447293322227101
1.852035376938442 -0.4242226679108784 1.461098757813773
1.849987628791287 -0.4330654485411314 1.397181165745439
1.849783984945978 -0.4339344632986848 1.398627872878966
1.849476780535765 -0.4352419415221877 1.400806104213705
1.849019200584496 -0.4371817760049164 1.404040815706399
1.848350361516923 -0.4400009664548487 1.408747320674274
1.847399251112485 -0.4439773827459781 1.415395669223355
1.846098410042406 -0.4493557275031011 1.42440495488399
1.844411060903637 -0.4562321205452974 1.435949901028847
1.842366963095286 -0.4644177889530016 1.449728981092189
1.842071209055205 -0.4655894867486103 1.38687512405453
1.841830205998233 -0.4665419613212172 1.388296294693118
1.841466520613318 -0.4679753870250229 1.390436133122846
1.840924508030099 -0.4701030367218204 1.393613751954389
1.840131551156859 -0.4731974047244883 1.39823670485488
1.839002400183999 -0.4775668346089694 1.40476555088049
1.837454919394718 -0.4834866374503967 1.413609313912081
1.835441875932422 -0.4910733442924902 1.424934749026593
1.832993842952099 -0.5001334632881836 1.438438796981463
1.835016385230712 -0.4926609131398077 1.377006931354545
1.834734359920558 -0.4937101760424247 1.378380683702854
1.834308406456874 -0.4952903990615849 1.380448553573433
1.833672759090199 -0.49763854550414 1.383517815576021
1.832740963293965 -0.5010593486456962 1.387979584970963
1.831410159764672 -0.5059019036450442 1.394272962657319
1.829578405495556 -0.5124868462168355 1.402781808112243
1.827181047988921 -0.5209696030202182 1.413648923715709
1.82424198682326 -0.5311695425305027 1.426558698596625
1.828965804355173 -0.5146688215740062 1.367213681021383
1.828642620784777 -0.5158159311715034 1.368519212171608
1.828153868632834 -0.5175454975205027 1.370482852848079
1.827423102831481 -0.5201199021751645 1.373393758205573
1.826348867424291 -0.5238794936423348 1.377617042473743
1.824808483704958 -0.5292200933443035 1.383556235082865
1.822676526149478 -0.5365167196132958 1.391550506748397
1.819865931843835 -0.5459742663487984 1.401695012807385
1.816389163990341 -0.5574318921082736 1.413639905080985
1.823954458315311 -0.5321560329383095 1.35755660330771
1.823593160005805 -0.5333928160192852 1.358771876752206
1.823046082792525 -0.535259646728361 1.360596924400648
1.822226629473743 -0.5380427680377291 1.363295812933093
1.821018902921311 -0.5421162832863482 1.367196835293537
1.819280828260773 -0.5479207765030769 1.372651626930279
1.816863529239505 -0.5558838237620449 1.379931604983542
1.813657077017981 -0.5662578179447375 1.389055808140158
1.809662017327069 -0.5788983437916037 1.399613925347235
1.819954672807973 -0.5456783835973026 1.348156019896278
1.819559994682493 -0.5469929936955181 1.349255796470114
1.818961883522474 -0.5489786659728363 1.350903379567366
1.818064982265719 -0.5519416904529754 1.353330658999045
1.81674112839112 -0.5562837242029474 1.356818810106852
1.814832279789859 -0.5624799602063031 1.361653424680418
1.81217144706013 -0.5709943571182954 1.368020704442365
1.808633518238868 -0.5821036901651044 1.375846460745822
1.80421630672527 -0.5956537819468344 1.384651846402414
1.816898358389614 -0.5557699746136573 1.3391521084967
1.816475157539953 -0.5571516054371044 1.340106133037761
1.81583388773819 -0.5592380544477915 1.341530730643005
1.814872513915984 -0.5623501290416995 1.34361906292848
1.813454234021942 -0.5669070916021699 1.346597405773982
1.811411212769094 -0.573401541378587 1.350678309868291
1.808568237618503 -0.5823064822569292 1.355961649428289
1.804798875693537 -0.5938862918912033 1.36229404713367
1.80011417818236 -0.607938199908335 1.369164968153366
1.814691491061057 -0.5629340118269078 1.3307056044218
1.814246709884784 -0.5643658255716552 1.331481059492287
1.813573326389161 -0.5665259916461848 1.332634988504376
1.812565207903491 -0.569743167136487 1.334317552817007
1.81108116345688 -0.5744431466843444 1.336697780961486
1.808950335825182 -0.5811183975051042 1.339919339163622
1.805999183686297 -0.5902261074582945 1.344014162103022
1.802112430034511 -0.6019889524867145 1.348790157170769
1.7973238403104 -0.6161387201376128 1.353770276125722
1.813213050965863 -0.567678026004181 1.323003297961332
1.812756159057249 -0.5691353241549385 1.32357310489361
1.812065266284393 -0.5713312350349945 1.324418385003601
1.811032824639925 -0.5745955251110784 1.325645091765155
1.809517113492062 -0.5793511244317198 1.327368099132951
1.807349370387131 -0.5860786318935206 1.329675330429605
1.804363414147735 -0.5952080132912078 1.332561707330952
1.800458807376828 -0.6069167919411603 1.33584953071172
1.795689913514189 -0.6208845656837876 1.339157775507134
1.812324947790199 -0.5705069614108058 1.316209009978233
1.811867032019687 -0.5719595857061136 1.316567239399321
1.811175286642319 -0.574146314502717 1.317097124043936
1.810143127547919 -0.5773922126180584 1.317862721936159
1.808631146468573 -0.5821110593561301 1.318930817577243
1.806475330711348 -0.5887671771865907 1.320346432182445
1.803517724236659 -0.5977656127322516 1.322089884172643
1.799669107151214 -0.609254474063583 1.324028681722266
1.79499381345737 -0.6228941475489301 1.325906946958589
1.811879626901136 -0.5719196858139615 1.310420372265502
1.811430138987059 -0.5733417488464136 1.310581720690334
1.810751384906917 -0.5754818254807194 1.310819082200215
1.809739187928145 -0.5786570496227578 1.311159098542444
1.808257657357372 -0.5832702238322892 1.311627048027125
1.806147583587982 -0.5897718335934967 1.312233882760837
1.803256717483497 -0.5985525208798153 1.312955009574192
1.799500775366972 -0.6097514812237911 1.31370912126751
1.794944886508503 -0.6230351224432833 1.314359980244593
1.811726531903436 -0.572404474998307 1.305648137883723
1.811290694102586 -0.5737821283887395 1.305642749667973
1.810632560242482 -0.5758555732045085 1.305632145035927
1.809651130527153 -0.5789323753105682 1.30561085105603
1.808214655430299 -0.5834035218337527 1.305567987385365
1.80616872911797 -0.5897070725006764 1.305483459465633
1.803365497712494 -0.5982246994742931 1.305324226184744
1.799722494748292 -0.6090967503590228 1.305045208888834
1.795301255270492 -0.6220074856664786 1.30460240956531
1.811747982317072 -0.5723365775231914 1.301804854183134
1.811327643944936 -0.5736654736707001 1.301665635293688
1.81069284025724 -0.5756660035490266 1.301455284941326
1.809746036001642 -0.5786356319630555 1.301141326658676
1.808359881666576 -0.5829532123419395 1.300681174556597
1.806384868418565 -0.5890446643077107 1.300024520981856
1.803677285376828 -0.5972839857359454 1.29912241709517
1.800155804616114 -0.6078149294874643 1.297945934043809
1.795877505944008 -0.6203417550393252 1.296511897841802
0.4025253150805107 0.2977241722410413 1.715772154679006
0.4036383630279554 0.2977636055674066 1.715231897504543
0.4051724522566345 0.2978175358421482 1.714487961435193
0.4072853439785609 0.2978910328263459 1.713464656770035
0.4101927363271425 0.2979907235451566 1.712059073593639
0.4141883096552741 0.2981250858586783 1.710132206128734
0.4196697329629411 0.2983046719390636 1.707497963080786
0.427171606316173 0.2985421162319128 1.703910300660238
0.4374052406629388 0.2988518548013214 1.699049819525778
0.451303765425223 0.2992496145308801 1.692512928914544
0.4700672683198504 0.2997523232569673 1.683810272273607
0.495196672167763 0.3003805027299223 1.672386539583861
0.5284952785321588 0.301167713621275 1.657680990532429
0.5720036183051675 0.3021838347280228 1.639253561455157
0.6278187265442807 0.303577554537037 1.616995416521831
0.6977430568633464 0.3056301449595198 1.591407290513423
0.7828017527406556 0.3087878920937751 1.563828759852111
0.8823557875637686 0.3149849017540091 1.537310683824
0.9939054178914395 0.3249965485387009 1.515188808069049
1.112397232701779 0.3389505623920214 1.500706073404044
1.231221709769354 0.3560163604337238 1.494411429524617
1.343777654227286 0.3754211582116466 1.495943248229135
1.444836783396579 0.3956962770432633 1.503884688564635
1.531007956503446 0.4166959711205485 1.516043412397495
1.60200087134241 0.4357457949676591 1.528771828924397
1.658708692240121 0.4520220934563936 1.540755375284513
1.702879287479084 0.4654013459270284 1.551292738385288
1.736628446410181 0.4760634512230747 1.560098429235306
1.762046030132994 0.4843570744883652 1.567183139521387
1.780986171719084 0.4906900326665939 1.572725097281161
1.794990028006937 0.4954588382665855 1.576971178720206
1.805285481854095 0.4990126665123676 1.580175145871835
1.812823516717728 0.5016408121088377 1.582565950560471
1.818326104574354 0.5035734037259246 1.584335469157062
1.822334198962605 0.5049886912023408 1.58563740471017
1.825249119428454 0.5060219855121592 1.586591185915327
1.827366628748095 0.5067747641485273 1.587287727634132
1.828903578081855 0.5073222762809635 1.58779524484314
1.830018461875168 0.5077200337224083 1.588164418442528
0.4046675166929315 0.2948074531511862 1.715262784834925
0.4057789211278469 0.2948435680773207 1.714726564968752
0.4073107179291028 0.2948929475444548 1.713988201611372
0.4094204146273747 0.2949602205267208 1.712972581112399
0.4123233574349177 0.2950514301022836 1.711577579538578
0.4163127413887547 0.2951742939684265 1.709665256119774
0.4217855699269799 0.2953383999484108 1.707050951386362
0.429275538842213 0.29555520453449 1.703490521180684
0.4394927473445435 0.2958377903982465 1.698667041210398
0.4533687370523624 0.296200485231663 1.692180057676826
0.4721015868235552 0.2966590616186003 1.683544019043071
0.4971898154689556 0.297233655569336 1.672207902724745
0.5304340946963229 0.2979590250955159 1.657615185560698
0.573872491601718 0.2989088640249805 1.639328777403777
0.6296003757274901 0.3002392549329644 1.617239606881956
0.6994200722406816 0.3022427247569437 1.591842384028727
0.784441137391773 0.3053827730999409 1.564438221014211
0.8837942435376172 0.3115759986938617 1.538131225893983
0.995234616523231 0.3215917968308366 1.516163113066506
1.113631821880745 0.3355512075209765 1.501782942405213
1.232380085460083 0.3526094054071462 1.495540358384023
1.3448803820769 0.371991145099372 1.497077283180004
1.445900044463852 0.3922327334808764 1.504986411077623
1.532056191958631 0.4131845538682178 1.517087813328372
1.6030361524057 0.4322010836939146 1.529744658444216
1.659732869260409 0.4484587727193375 1.541655556613808
1.703894320543695 0.4618285244252053 1.552126454380598
1.73763622738995 0.4724863780170512 1.560875361765754
1.763048242309866 0.4807785609943543 1.567913805860669
1.781984219446674 0.4871114592161072 1.573419310471276
1.795985027132389 0.4918807966100982 1.577637350688897
1.806278286879973 0.4954353421517058 1.580820116354392
1.813814763687745 0.4980641976662507 1.58319508852943
1.819316257705385 0.499997412913141 1.584952889368574
1.823323591230973 0.501413215902825 1.586246209450621
1.826237986946785 0.5024469204576785 1.587193684667512
1.828355136906763 0.5032000188836725 1.58788562733753
1.829891842094902 0.5037477761122203 1.588389798017061
1.83100656132697 0.5041457196800949 1.588756541141387
0.4072082902554546 0.2912898072267238 1.714312269660003
0.4083175596314096 0.2913222616059288 1.713780213117928
0.4098463836381122 0.2913666219955703 1.713047601052222
0.4119519456666658 0.2914270322165763 1.712039918672629
0.4148491447816126 0.2915088932318639 1.710655861567178
0.4188305637642243 0.2916190878729107 1.708758603658319
0.424292374126979 0.2917661465765654 1.706164992029769
0.4317671547126771 0.2919602368982437 1.70263289540872
0.4419635307602784 0.2922129643737452 1.697848037990389
0.455811150182507 0.2925371334838038 1.691413369455055
0.4745057564637751 0.2929472596063716 1.682847550819507
0.4995431671554111 0.2934630429489123 1.671604458251714
0.5327212380944515 0.2941204677396986 1.657132669755558
0.576075601008346 0.2949971523464024 1.638999263115306
0.6317002857316215 0.2962567201187686 1.617096370896691
0.7013981075700049 0.2982030649397639 1.591914082662619
0.7863813550373031 0.3013174659962315 1.564710979826516
0.8855002729600511 0.307494974793431 1.538657597815658
0.9968181341931129 0.3174978100772227 1.51688416265922
1.11511057601695 0.3314399997995504 1.502647043399038
1.23377549254863 0.3484629761201567 1.496493973008061
1.346216389143021 0.3677905056767642 1.49806842095021
1.447195291824634 0.3879666702715003 1.505970948811432
1.533339474735367 0.4088379171394474 1.518033834358237
1.604308847877654 0.4277959283532466 1.530632939765031
1.660996202824772 0.4440168909086052 1.542481085285936
1.705149782868443 0.4573643024425675 1.552892328081215
1.738885372031094 0.4680088602247456 1.561589034235511
1.764292512367002 0.4762932396682768 1.568584267043856
1.783224847853055 0.4826215933571028 1.574055357327842
1.797223005299456 0.4873882923020387 1.578246727679886
1.807514377053626 0.4909413063461018 1.581409225050767
1.815049532104813 0.4935692712996398 1.583769007894814
1.820550115134578 0.4955019678616008 1.585515539725468
1.824556829281536 0.4969174691959508 1.58680056103712
1.827470809612358 0.497950998192197 1.587741955584163
1.829587684545833 0.4987039959896024 1.588429460868616
1.831124210495367 0.4992516961781779 1.588930401519262
1.832238815011644 0.4996496086015585 1.58929479853301
0.4101965074129653 0.287068830071819 1.712802164847533
0.411302977075169 0.2870974318825837 1.71227424101335
0.4128279095543915 0.2871365125414579 1.711547342606022
0.4149280697906501 0.2871897086319352 1.710547553600626
0.4178177825729177 0.2872617518668887 1.709174390782321
0.421788849692983 0.2873586584613754 1.707292148068497
0.4272363901942628 0.2874878687890556 1.70471919163482
0.4346915862083218 0.2876582335238038 1.701215429496367
0.4448612473876445 0.2878798712588611 1.696469286595075
0.45867273534789 0.2881640928473608 1.690087214644113
0.4773190507115335 0.2885242533110755 1.681592266547877
0.5022929632974591 0.288979802564106 1.67044353155713
0.5353893475965533 0.2895682171499899 1.656095215929294
0.5786415701202443 0.2903712870712529 1.63811940121801
0.6341429508343697 0.2915601726166189 1.616410650474801
0.7036978843286466 0.2934495264190854 1.591456044488782
0.7886437092375979 0.2965374378742948 1.564467648958784
0.8874901629599717 0.3026914398784163 1.538699804667812
0.9986719068063865 0.3126635093321217 1.51715305424555
1.116850453260509 0.3265590119099456 1.503095274675849
1.235427003300344 0.3435065776734286 1.497070559356362
1.347807892540966 0.3627313355476226 1.498721946061311
1.448748616939894 0.3827896871151399 1.506654540044599
1.534888589923464 0.403525693890137 1.51871056076835
1.605854195440845 0.4223797162757466 1.531279461260757
1.662537771529393 0.4385289642733774 1.543087195312631
1.706687865499595 0.4518279028938603 1.553455934633868
1.740420530202089 0.462439879978941 1.562113268256968
1.76582539394882 0.4707023351747385 1.569074735436966
1.784756061902455 0.4770158558776024 1.574518305398394
1.798753060926221 0.4817724430513818 1.57868801511142
1.809043667400684 0.4853185074038952 1.581833876908242
1.816578342860884 0.4879416580267262 1.584181103269868
1.822078645109052 0.4898709964243607 1.58591827427023
1.826085210510785 0.4912841422494886 1.587196380390732
1.8289991263697 0.4923160103549784 1.588132697576965
1.831115987533176 0.4930678336899595 1.588816493514981
1.832652528561829 0.4936147005051314 1.589314732418947
1.833767162774213 0.4940120206193152 1.589677166806444
0.4137053917748345 0.2819914338554069 1.710708724531211
0.4148085293380664 0.2820156318407796 1.710185084748967
0.416328831450412 0.2820486777051542 1.709464114322125
0.4184225666792573 0.2820936285011366 1.708472522887072
0.421303379650518 0.2821544513872826 1.707110687586823
0.425262149203705 0.2822361724443984 1.705244079592858
0.4306927543091418 0.2823449863841329 1.702692668719971
0.4381247381176379 0.2824882378204625 1.699218527915439
0.4482627914772001 0.2826743415969624 1.694512970787004
0.4620316281170673 0.2829128878054622 1.688186231783663
0.4806211056267727 0.2832158688346602 1.679766171252424
0.5055205561740608 0.2836023598172462 1.668717691679578
0.5385215780336898 0.2841113474602702 1.654501454967448
0.5816551889571767 0.2848289965790849 1.636695595488648
0.6370142358989741 0.2859343760935516 1.615198252379286
0.7064052889833743 0.2877533288324133 1.590494413229891
0.7913165253563645 0.2908015494721386 1.563743084391607
0.8898458558083853 0.2969137026662008 1.538299943426376
1.00087461922996 0.306828977369222 1.517012273741679
1.1189264194143 0.3206432456146329 1.503162629779806
1.237405815549304 0.3374726976767717 1.497290376247574
1.349722623918929 0.3565457571019559 1.499038186956395
1.450624597821966 0.3764353193812746 1.507015512606194
1.536765985663973 0.3969831739871393 1.519075274235536
1.607732465394152 0.4156914843559317 1.53162396879608
1.66441627217442 0.4317369798088371 1.543401623834536
1.708566364789035 0.4449627204223413 1.553737794637767
1.742299012524151 0.4555233518047128 1.56236446322071
1.767703954670431 0.4637498225628798 1.569299359275417
1.786634821289331 0.4700380771187025 1.574721124989236
1.800632117262407 0.4747768655745293 1.578873596672838
1.810923079895842 0.4783103467363885 1.582006182527796
1.818458132127226 0.4809245701168137 1.584343372167807
1.823958803365115 0.4828475555779884 1.586073055426243
1.827965710209486 0.4842561709867473 1.587345629434973
1.830879930374074 0.4852847994625552 1.588277886357902
1.832997053981774 0.4860343050756788 1.58895871804034
1.834533816770756 0.4865795102793124 1.589454800035004
1.835648634978617 0.4869756387974611 1.589815669413715
0.4177987935064805 0.2758939238542107 1.707913068123191
0.4188979624597427 0.2759131804022366 1.707393867487999
0.4204127515818967 0.2759394557561454 1.706679045502665
0.4224988407059047 0.2759751576147171 1.705695965830703
0.4253690692035197 0.2760233969144802 1.704345907581561
0.429313225961085 0.2760880914614897 1.702495580493446
0.4347237306425446 0.2761740424969858 1.699966649437647
0.4421282066361786 0.2762869108057214 1.696523489604917
0.4522288788596581 0.2764332068466325 1.691860511310951
0.4659474068781477 0.2766205940462031 1.68559204724132
0.4844700689132402 0.2768595242272249 1.677251241083955
0.5092823571479889 0.2771685923540086 1.666309512349987
0.5421723309225372 0.2775883044646607 1.652234981351922
0.5851686710504068 0.2782093235519058 1.63461317077281
0.6403641703315968 0.2792187372997492 1.613347385212212
0.7095683968466763 0.2809535200635035 1.58892205634482
0.7944508266241757 0.2839469862281712 1.562436299707848
0.8926131546201505 0.2899944050695856 1.537368081477437
1.003471925791391 0.2998184047548156 1.516384863576355
1.121384657030467 0.3135045405378312 1.502787553435734
1.239759259701589 0.3301573715688242 1.49710879832811
1.352009745551706 0.3490115386107662 1.498989523203687
1.452874696593449 0.3686621274621875 1.507041646406356
1.539026341101067 0.3889493399976718 1.519128394612857
1.610001304496572 0.4074534578225837 1.531676466492905
1.666691506891987 0.4233513420053514 1.543439845882546
1.710846398553115 0.4364718243416726 1.553755621026898
1.744582717913108 0.4469578986169159 1.562360846149728
1.769990550236882 0.4551316629540281 1.569276080047
1.788923748616061 0.4613826292018416 1.574681178520621
1.802922954864127 0.4660949789828374 1.578820210984527
1.813215491218596 0.4696096652090239 1.581942318915195
1.82075183736801 0.4722104919212924 1.584271526573313
1.826253567496408 0.4741239059948261 1.585995227678378
1.830261333926574 0.4755256720492711 1.587263370826498
1.833176247145843 0.4765493884168181 1.58819237205469
1.835293924363786 0.4772953701203686 1.588870826660986
1.836831126845512 0.4778380430825275 1.589365180023316
1.837946292004443 0.4782323515551006 1.589724796585554
0.4225343433143307 0.2685896152897999 1.704266076852532
0.4236288636721746 0.2686033500846494 1.703751442224227
0.4251371966324246 0.2686220607310008 1.703042951312097
0.4272143346584666 0.2686474300077675 1.702068647215847
0.4300721784819091 0.2686816132282975 1.700730749064875
0.4339992493995523 0.2687272913721587 1.69889726242534
0.4393862754779944 0.2687877104110529 1.696391634592319
0.4467586644389884 0.2688666507890225 1.692980677369102
0.4568158123863207 0.2689684927822247 1.688362106409232
0.4704759052547776 0.2690987327056493 1.682154676543822
0.4889212004235767 0.2692660551236247 1.673897314577745
0.5136329584065676 0.2694883972797933 1.663068711865808
0.5463954716790398 0.2698076817677966 1.649145544384681
0.5892351584623663 0.2703190156603362 1.631722214120424
0.6442452020106465 0.2712174712779328 1.610709003261821
0.7132390024784165 0.2728509172336782 1.586591607930617
0.7981028188305322 0.2757697747959033 1.560401643221829
0.895843057486118 0.2817227293239157 1.535763264596993
1.006514700889076 0.2914108915856934 1.515134101040814
1.124276199097362 0.3049088325226747 1.501837821027249
1.242538833741712 0.3213107511543893 1.496398323578215
1.354721712030383 0.3398612345512043 1.498453361943321
1.455552680578538 0.3591846443420715 1.506615105864971
1.541725671329694 0.3791204833360186 1.51875650161973
1.612718684136979 0.3973472692220071 1.531328220209607
1.669423294634443 0.4130418241254477 1.543098100844237
1.713589509522097 0.4260152847167197 1.553410445228788
1.747334691918281 0.4363958718204877 1.562007617915714
1.772749473217986 0.4444942143858664 1.568913509504049
1.791688135899334 0.4506913011867465 1.574309760778518
1.8056916471185 0.455365137013397 1.578441209874144
1.815987574861143 0.4588522598290503 1.581557188353389
1.823526587043348 0.4614333318673957 1.583881624002253
1.829030407672522 0.4633325688890597 1.58560170247968
1.83303980686393 0.4647241514162978 1.586867143948755
1.835955991174172 0.4657405427476067 1.58779415385108
1.838074653269362 0.4664812551284614 1.588471154516499
1.839612616728539 0.4670201333797712 1.588964452405707
1.840728367931482 0.4674117088378206 1.58932330664134
0.4279585190506836 0.2598653224182134 1.699601050444797
0.4290476582517308 0.2598729730498573 1.699091043818476
0.4305485189877541 0.2598833498160187 1.69838897850519
0.4326153004025907 0.2598973377956243 1.697423594537864
0.4354588216322289 0.2599160411525185 1.696098078931562
0.4393661466732854 0.2599407807066852 1.694281777510389
0.4447260651355268 0.2599730923486767 1.691799991878824
0.4520614568914496 0.2600146885222002 1.68842208737133
0.4620685103897259 0.2600676041088651 1.683849276476179
0.4756615070151835 0.260134938396718 1.677705048047165
0.4940182416090451 0.2602233879973018 1.669534614399668
0.5186153712250763 0.2603500453308841 1.658824726666688
0.5512332411989863 0.2605581013154981 1.645061801214198
0.5938961572790707 0.2609469366037744 1.627850781121946
0.6486982838767846 0.261719209804088 1.607111021393184
0.7174578291953347 0.2632328384749164 1.58333169234086
0.802318819064241 0.2660537318286512 1.557468659588992
0.8995771164033497 0.2718760641160415 1.533319171911341
1.010045223141618 0.2813727992452041 1.513097705607162
1.12764423795673 0.2946070905492509 1.500155833774854
1.245788825098017 0.3106647028072512 1.495006631755738
1.357904350974941 0.3288047175576115 1.497283103126485
1.458706342601389 0.3476892932932014 1.505594939671887
1.544914802860685 0.3671583972775477 1.517823919194353
1.615938457279092 0.3850132191319906 1.530449105383532
1.672668374295288 0.4004308783789089 1.542251618519763
1.716854923770795 0.4132015117351379 1.552582279242034
1.750616197577387 0.4234349417125817 1.561188827646987
1.776043604816174 0.4314270634535692 1.568098966986267
1.794992121789347 0.4375476636161144 1.573496761768557
1.809003294290841 0.4421664685208868 1.577628460485978
1.819305157996376 0.445613998443738 1.580744154676149
1.826848753161259 0.4481665730848051 1.583068148280626
1.832356101757696 0.450045288478237 1.584787794764973
1.836368207927703 0.451422087623818 1.586052876707852
1.839286463859322 0.4524278212513193 1.586979609756829
1.841406706204979 0.4531608510850378 1.587656409065548
1.842945872713976 0.4536941877326945 1.588149565219607
1.844062537867917 0.4540817659476131 1.588508322999155
0.4340952648383082 0.2494857544276296 1.693728235541767
0.4351783271500578 0.2494867157570642 1.693222839824738
0.4366707495594516 0.2494879306457414 1.692527186954075
0.4387258368209941 0.2494894074516639 1.691570721485651
0.4415531903107929 0.2494910949159484 1.69025761328481
0.445438236571569 0.2494928179305966 1.688458576345307
0.4507675935540688 0.2494942295212244 1.686000818016727
0.4580613205580278 0.2494947602610922 1.682656349994028
0.4680120472587684 0.2494938456325806 1.678130047254028
0.481529758481953 0.2494918993183536 1.67205042130958
0.4997873973842733 0.2494933198412107 1.663969461158984
0.5242567114915102 0.2495140308471135 1.65338278274356
0.5567139905492275 0.2495981362968183 1.639787798829364
0.5991816363222154 0.2498488168396578 1.622801814621284
0.6537553790504518 0.2504755445878778 1.602355632712098
0.7222591223633728 0.2518449892563311 1.578944521961705
0.8071412354355014 0.2545358485408654 1.553439865708673
0.9038545301707334 0.2601796707148785 1.529841604126084
1.014104718943862 0.2694128006773044 1.510084814031337
1.131531655084722 0.2822873465566083 1.497554826647045
1.249553437904162 0.2978836630814405 1.492751929002634
1.36160307640514 0.3154813944958009 1.495302708389574
1.46238223045131 0.3337907895097797 1.5038111232788
1.548642167552267 0.3526530758891486 1.516166548691527
1.619710787207009 0.3700214798063816 1.528881581315273
1.676478562164742 0.3850732560683941 1.540749351629296
1.7206959994119 0.3975732070345525 1.551125941216383
1.754481952381544 0.407608503935998 1.559764273290554
1.779928802056847 0.4154565274166779 1.566696298326817
1.798892484683057 0.4214727148701481 1.572109216397863
1.812915400626204 0.42601601265253 1.576251454069832
1.823226306036869 0.4294089941272642 1.579374570388589
1.830776829077975 0.4319221776916582 1.581703845626184
1.836289466256425 0.4337724520210225 1.583427285430012
1.840305595900172 0.4351287182337234 1.584695113342413
1.84322690466863 0.4361196239039614 1.585623844630349
1.845349456873534 0.4368419488300863 1.586302105564645
1.846890367951161 0.4373675544378043 1.586796333430527
1.848008348495407 0.4377495499455019 1.58715587911911
0.4409325981807507 0.2372008653034672 1.686437067252568
0.4420089000777823 0.2371946595840604 1.685936178917107
0.4434919349506478 0.2371860595479607 1.685246807599263
0.4455340144707037 0.2371741347991221 1.684299099113011
0.448343390007363 0.2371575968310017 1.682998207007657
0.4522036771586731 0.2371346676948492 1.681216223268182
0.4574991004101612 0.2371029807429782 1.678782290031411
0.4647466252434882 0.2370595130306125 1.6754711317985
0.474635004114815 0.2370008916486136 1.67099142334071
0.4880695863565419 0.2369245940470742 1.664976961708726
0.5062181561313915 0.2368324216526456 1.656986990361813
0.5305473620055606 0.2367387526989077 1.64652681041966
0.562829476972874 0.2366880746861743 1.633106156177317
0.6050853599495978 0.236786519815777 1.616356669364007
0.6594129965515935 0.2372489450145749 1.596223239371371
0.727642863741623 0.238448499170653 1.573210237175719
0.8125799535392317 0.2409718915470843 1.548095464667336
0.9086835392571223 0.2463797933014512 1.525113285098807
1.018704896491921 0.2552607606258214 1.50588090772217
1.135952984716597 0.2676568099396834 1.493823863286478
1.253849509546735 0.2826467501371406 1.489427947585483
1.365836969600957 0.2995377188705103 1.492311521867611
1.466601662289688 0.3171010527613674 1.501068991182249
1.552931726573583 0.33518173838563 1.513595808103741
1.624062303873204 0.3519200263434852 1.526444020061774
1.68088313289608 0.3664932619436508 1.538416671140251
1.7251443732856 0.3786362206572332 1.548873214171086
1.758965579521597 0.3884083572431773 1.557571241820439
1.784440294432372 0.3960638693702034 1.564547300762814
1.803425718018919 0.4019399008979927 1.569992496517366
1.817465434990302 0.4063814569000447 1.574158327944031
1.82778923026319 0.4097007133213435 1.577298675137268
1.835349585486231 0.4121605285809054 1.579640533717928
1.840869690344025 0.4139721952985365 1.581373165779176
1.844891471442942 0.415300543953991 1.582647712156591
1.847817045147647 0.416271263274597 1.583581354177307
1.849942807550129 0.4169789981574445 1.584263206673604
1.851486130660221 0.4174940572619029 1.584760060916725
1.852605920829743 0.4178684304945824 1.585121527749801
0.4484078818754029 0.2227573223356159 1.677504230316185
0.4494769247788541 0.2227434711120277 1.677007623353498
0.4509498769076883 0.2227244012827961 1.676324235167738
0.4529779836882126 0.2226981801647801 1.67538489347808
0.4557680489338748 0.2226621971582382 1.674095715016537
0.459601750621194 0.2226129585283167 1.672330151583992
0.4648607606729458 0.2225459292456693 1.66991927317258
0.4720587600901722 0.2224554386707173 1.666640538648778
0.4818804120747774 0.2223350548510508 1.662206506600657
0.4952262234803639 0.2221789930871983 1.656256463663464
0.5132586657918526 0.2219860278856714 1.648357329672033
0.5374392583560906 0.2217683982433707 1.638024875096415
0.569536425872138 0.2215701054743755 1.624782494028684
0.6115698857315564 0.2214988915274002 1.608278245350003
0.6656404464765967 0.2217729215017818 1.588473997512584
0.7335857026438006 0.2227688054878754 1.565886671069781
0.81841728439672 0.2250742011978665 1.541249758824949
0.914054892458798 0.2301729357880872 1.518890206191947
1.023841330365373 0.2385908659794257 1.500242708034623
1.140906752229434 0.2503631114600102 1.48872159413426
1.258676755146265 0.2645727267322738 1.484796964986205
1.370605492623836 0.2805633784046465 1.488077050786673
1.471362945296733 0.2971819777414274 1.497142237302169
1.557780866041323 0.3142777384327622 1.509892092813667
1.628990246070535 0.3302177039395544 1.522924783972275
1.685879937693754 0.3441790591031516 1.535050071375889
1.730198877637843 0.3558618053995735 1.545628092441522
1.764066989871359 0.3652923045815966 1.554420187934412
1.789579011419417 0.3726964342328548 1.561467733554369
1.808593636082417 0.378388578545283 1.566966570547458
1.82265594135407 0.3826961394105027 1.571172309350635
1.832997056134977 0.3859180056756362 1.574342174774599
1.840570600474023 0.3883071535339623 1.576705779527259
1.846100698743673 0.3900676015174162 1.578454387299832
1.850130021738516 0.3913588562806752 1.579740647635827
1.853061269531782 0.3923027216827814 1.580682865087757
1.855191289593093 0.3929910268875114 1.581370990219775
1.856737801552424 0.3934920292581263 1.581872428285816
1.857859976632772 0.3938562354916583 1.582237243301841
0.4563921571191681 0.2059175767777568 1.666705157317068
0.457453624519583 0.2058958385735737 1.666212480306944
0.4589160496677392 0.2058659687531799 1.665534605217701
0.4609295646610381 0.2058249996765329 1.664603005811023
0.463699464124572 0.2057689542437121 1.66332471961859
0.4675054110614627 0.2056925615074836 1.661574511382976
0.4727264331421812 0.2055890327081527 1.659185335175257
0.4798728275340691 0.2054499285584342 1.655937359844234
0.4896250778556985 0.2052655837431376 1.651547057283385
0.5028787989110556 0.2050266880374172 1.645659347265349
0.5207911893161327 0.2047285763297232 1.63784918935861
0.5448188257371849 0.2043806722025867 1.627643565587085
0.5767266560365659 0.2040253628248992 1.614580867360909
0.6185337749905648 0.2037701332184539 1.598327724521178
0.6723443145855986 0.2038335171603738 1.578866058230742
0.7400031953943284 0.2045913671410877 1.55672909434593
0.8244680820586209 0.2066247302835817 1.532684317858776
0.9199019616834416 0.2113274123067703 1.51092310354347
1.029453568060499 0.2191518396343333 1.492919744223719
1.146336308615357 0.230128151195032 1.48199742455932
1.263980243337415 0.2433507943484849 1.478610219032897
1.375853970087003 0.258209936431454 1.482354229441349
1.476610921279651 0.2736445786291569 1.491790745298926
1.563133529638553 0.2895100527121786 1.504821209270384
1.634438370572399 0.3044478832377497 1.51809733377628
1.691413234441502 0.3176348542624451 1.530431108454501
1.735804572753925 0.3287311398987173 1.541179758805298
1.769732110731665 0.3377238021351025 1.550106956549164
1.795291686910034 0.3448042800169137 1.557258965275204
1.814343665872162 0.3502588012208809 1.562837220570279
1.828434914240905 0.354392707059882 1.567102614664128
1.838798228552721 0.3574880677027035 1.570316907444518
1.846388668815646 0.3597852551143932 1.572713395247786
1.851931554071953 0.3614789553722196 1.574486233772991
1.855970512387267 0.3627218123978334 1.575790292609293
1.858908996038123 0.3636306076691349 1.576745551955621
1.861044435444581 0.364293517326555 1.577443218811168
1.862594998180885 0.364776134467709 1.577951628218531
1.863720196722898 0.3651270347249024 1.578321532370824
0.4646732861341544 0.1864960688529957 1.653813744985136
0.465727242136204 0.1864663500355845 1.653324519030442
0.4671792199007097 0.1864255505887338 1.652651512074712
0.4691782441412152 0.1863696519296813 1.651726790761932
0.4719281106004937 0.186293286189139 1.65045824783486
0.4757064866390856 0.1861893661274276 1.648721883148456
0.4808897925241882 0.1860487847446449 1.646352450343636
0.487985010020154 0.1858602243544769 1.64313275120451
0.4976685663013138 0.1856105971459125 1.638783134266286
0.5108313947066486 0.1852867330234103 1.632954215494466
0.5286257570804744 0.1848799381630109 1.625229265152353
0.5525037722906645 0.184395789314724 1.61514712145455
0.5842275149370413 0.1838733034221342 1.60226242301888
0.6258160336413406 0.1834168478266245 1.58626247279939
0.6793770437871667 0.1832409782361644 1.567152345103538
0.7467623883341282 0.1837148147415009 1.545485496383707
0.8308668299362584 0.18540488408539 1.522069725570889
0.9261186437680105 0.1895979357482554 1.500949779453137
1.035443584961995 0.1966683139998064 1.483645817879083
1.152147425232383 0.2066433261577786 1.473382637985743
1.269665645864406 0.218638578617767 1.470599118151073
1.381484602786698 0.2321028771837598 1.474877107083787
1.48224192213008 0.2460860230404978 1.484753109829366
1.568878492242401 0.260449381072282 1.49812790415062
1.640289689541284 0.2741588359285597 1.511714722604207
1.697362147202126 0.2863896768777427 1.524321733155698
1.741838049448478 0.2967573328298294 1.535298606910716
1.775835921353695 0.3052031840008504 1.544409349383076
1.801452289581761 0.3118777410040004 1.551704957800912
1.820549146685021 0.3170332248880034 1.557393340475073
1.834675301495721 0.320948006043902 1.561741981041006
1.845065451357809 0.3238833978690827 1.56501854738858
1.852676341603569 0.3260641047248051 1.567461268358281
1.858234711391672 0.3276731474784706 1.569268243604126
1.862285337844318 0.3288545541014807 1.570597407872798
1.865232580766111 0.3297187825957623 1.571571075880528
1.867374576965955 0.3303493956102165 1.572282214072353
1.86893003712775 0.3308086170985788 1.572800465596442
1.870058888125881 0.3311425757595831 1.57317755267364
0.4729561655347487 0.164382306503179 1.638647687667322
0.4740031678365159 0.1643446992847366 1.638161278059219
0.4754454564833222 0.1642930936292088 1.637492279960001
0.4774310224493878 0.1642224264048814 1.636573278131229
0.4801622639797244 0.1641259429229301 1.635312925744655
0.4839149930843804 0.1639947345756013 1.633588340679451
0.4890632175955357 0.1638173495938869 1.63123593940921
0.4961108739753605 0.1635795191447454 1.628041011129305
0.5057307043873452 0.1632645689095561 1.623727656652507
0.5188094595937872 0.1628551275174553 1.617952141834372
0.5364951050927537 0.1623378120532374 1.610306188715343
0.560236052530735 0.1617131417183615 1.600340992541078
0.5917922399397489 0.1610146737306259 1.587628548932744
0.6331831156998828 0.1603402843103895 1.571878831917131
0.6865197145287664 0.1598955431681358 1.553123149544553
0.753659431434893 0.1600361678101748 1.531939231341447
0.8374241551800307 0.161304656401946 1.509181237706216
0.9325265594105077 0.1648607543782954 1.488737294703337
1.041639569280384 0.1709976402834502 1.472179916126307
1.158169862201587 0.1797431326604602 1.462629371105511
1.275559801417681 0.1902461926776345 1.460511911632971
1.387317454514946 0.2020275443768883 1.465393027030056
1.488067045573436 0.2142659940374892 1.475778253398395
1.574815840865329 0.2268274846120324 1.4895650726817
1.646335990173278 0.2390553341650583 1.503536562666872
1.703512750461531 0.2501229013311896 1.516489266471646
1.748081566002905 0.2595974699123962 1.52775953001124
1.782158176753464 0.2673689557643665 1.537109037575341
1.807838945720259 0.273540407642765 1.544593089016563
1.826987145381334 0.2783237926180127 1.550426914913033
1.841153477217991 0.2819650651402176 1.554886003442378
1.85157464177483 0.2847003014087112 1.558245459911639
1.859209231692203 0.2867349900387531 1.560749858086946
1.8647855787419 0.2882377499645294 1.562602441589668
1.868849767043689 0.2893419169960931 1.563965179523345
1.871807197322332 0.290150075233897 1.56496347956522
1.873956822115334 0.2907400226480125 1.565692647946064
1.875517980844234 0.2911697670033468 1.566224073236854
1.876651081638499 0.2914823679915401 1.566610773844014
0.4808627220095375 0.1395993651802777 1.621063139573765
0.4819039226809643 0.1395542343263662 1.620578811350231
0.4833380976463715 0.1394923169017219 1.619912824357597
0.4853123590756182 0.1394075445526372 1.618998192242926
0.4880279182639399 0.1392918213972204 1.617744214026701
0.491759016782892 0.1391344629325068 1.616028981411585
0.4968776333247631 0.1389217033405719 1.613690399993785
0.5038851682373962 0.1386363070225633 1.610516050666522
0.5134513425912324 0.1382578908784728 1.606233594633959
0.5264595601979648 0.1377645379481632 1.600504810706802
0.5440544820557649 0.13713741977015 1.592929893606405
0.5676818649018975 0.1363705268427853 1.583072738501327
0.5991003917206807 0.1354893551961323 1.570523604045882
0.6403301999712124 0.1345810734527244 1.555016878067304
0.6934847850159528 0.1338360553427103 1.536612883207771
0.7604246493950263 0.1335884595046615 1.515917359919356
0.8438877353043823 0.1343452328080743 1.493835960074203
0.9388851711014706 0.1371195399279816 1.474092275707818
1.047807564990194 0.142121629673218 1.458317484979138
1.164170189361547 0.1493842882811044 1.449522883718568
1.281424601201396 0.1581040004747749 1.44812693780308
1.393105233761113 0.1678871271178958 1.453676705710069
1.493826455722981 0.1780642223146288 1.464640348997974
1.580669300783432 0.1885044882806592 1.478909495506182
1.652287280031695 0.1989812798223882 1.4933453151962
1.709564189764197 0.2086645030717389 1.506723046392806
1.754225871370517 0.2170701895122276 1.518358803756886
1.788383252910505 0.224030837961253 1.52800860943136
1.814131259369782 0.2295951439332563 1.53573132194157
1.833333727903866 0.2339281780396862 1.541750280446529
1.847542902570831 0.2372376711371579 1.546350466190965
1.857997352961846 0.2397296765215848 1.549816086657833
1.865657499619603 0.2415866742472922 1.552399621342724
1.871253302861399 0.2429599541729154 1.554310795329256
1.875332209935431 0.24396993838419 1.555716698065018
1.8783007209183 0.2447096773518625 1.556746683161693
1.880458658376154 0.2452499716827674 1.557499050859922
1.882026035879675 0.2456437054381151 1.558047429063963
1.883163780335932 0.2459302026259613 1.558446501173121
0.4879600548342016 0.1123414194899555 1.600988759375373
0.4889973221154279 0.1122892804104642 1.600505703988977
0.490425942320013 0.1122177484106659 1.599841627670363
0.4923924002437284 0.1121198047835207 1.598929872048751
0.4950970594682969 0.1119860759787613 1.597680250946715
0.4988130448687783 0.111804165478002 1.595971662273326
0.5039109061764803 0.1115580382063324 1.593643293525973
0.5108902868865379 0.1112274762917941 1.590484773296139
0.5204188721961513 0.1107882332424099 1.58622706131919
0.53337790895926 0.1102134063137214 1.580537209882915
0.5509100892581342 0.1094777570785894 1.573023756725191
0.5744598172494826 0.1085668905878313 1.563263418901696
0.6057854339257729 0.107495001645636 1.550865305050333
0.6469077181650806 0.1063333844664616 1.535589515579476
0.6999409456622651 0.1052497396814374 1.517527597037744
0.7667449845500238 0.1045470185794683 1.49731640754284
0.8499617339395105 0.1046828399371751 1.475916820665959
0.9449087039937974 0.1065062046286105 1.456883041060075
1.053665756048074 0.1101499389485676 1.441911270641168
1.169863171760114 0.11566007635468 1.433901682144124
1.286964964818732 0.1222982415012161 1.433272230095985
1.398537103961473 0.1297710622485064 1.43954940298809
1.499190153178643 0.1375784351055045 1.451157272636532
1.586085647624232 0.1455869358494841 1.465979382092629
1.657771008407013 0.1540475155593398 1.480962831447708
1.715128463190106 0.1621250220558673 1.494849999609079
1.759870961240246 0.1692832589445488 1.506928779782236
1.79410201561521 0.1752928598581105 1.516945504641786
1.819913253312214 0.1801421756833544 1.524961506781048
1.839167840152257 0.1839431888164584 1.531208917722245
1.853418783083273 0.186859766729264 1.535983734342489
1.863906047814889 0.1890631667616491 1.539581028248781
1.871591603773875 0.1907090081006801 1.542262861229604
1.877206880437579 0.1919282399297518 1.544246888288465
1.881300598839846 0.1928260637562309 1.545706501136707
1.88428030971537 0.1934842616541219 1.546775930832996
1.886446681281995 0.1939653417577924 1.547557187648496
1.888020389101455 0.1943161077660501 1.548126680340603
1.88916287433659 0.1945714431332433 1.548541162110243
0.4938184523427299 0.08293571665216462 1.578542413753805
0.494854424994984 0.08287670490209918 1.578059862258085
0.496281105596454 0.08279573043651389 1.577396644550515
0.4982447044606625 0.08268482366884443 1.576486328049146
0.5009452106656289 0.08253331967086142 1.575239104192099
0.5046552590619391 0.08232706866491592 1.57353449527655
0.5097447879643097 0.08204766639478128 1.571212731293417
0.5167127248883896 0.08167170291501705 1.568065181218645
0.5262260002842705 0.0811706519915146 1.56382571730287
0.5391651925311749 0.08051184650517068 1.558166199388628
0.5566726014677843 0.07966224883434964 1.550702976859836
0.5801926640779387 0.07859673475013862 1.541025043636715
0.6114840880451603 0.07731446040498664 1.528759896630681
0.6525676243384746 0.07586530915820713 1.513693155547803
0.7055555536958991 0.07438679192908736 1.495947940511022
0.7723018916347978 0.07314156011364457 1.47619349813974
0.8553394848887769 0.07252475701812777 1.455447775337445
0.950293833616106 0.07320749826580142 1.437095308133079
1.058909279174229 0.07525244817023731 1.4229056388845
1.174936120734675 0.07873206681392556 1.415671623823608
1.291855148966348 0.08299506525844591 1.415824393173352
1.403269249818568 0.08786512438117045 1.422869286389357
1.503792804460582 0.09302883221231777 1.435179119153609
1.590672955528108 0.09833944233159317 1.450625783924153
1.662372112620943 0.1045606954579689 1.46624724926197
1.719770890575994 0.1108474614133095 1.480737692571661
1.764566096202514 0.1166099008519454 1.493346620472256
1.798850951194499 0.1215525139976026 1.503805490425474
1.824711480979631 0.1255979543223685 1.512176587042775
1.844008446434136 0.128799776588026 1.518701491750895
1.858294361410337 0.131273221017416 1.523688903701079
1.868809698029515 0.1331507672688852 1.527446746024961
1.876517351254951 0.1345579849342889 1.530248562206246
1.88214978652131 0.1356030014195163 1.532321579560788
1.886256696918552 0.1363739021039831 1.533846831870489
1.889246474266807 0.1369397741924733 1.534964481810206
1.891420487100783 0.1373537691135632 1.535781059726839
1.89299997039116 0.137655832082055 1.536376369883724
1.894146808253457 0.1378758306002411 1.536809694030682
0.4980486488268684 0.05188934137603526 1.553979950196393
0.4990864062916464 0.0518245037541757 1.553498917957259
0.5005153664168708 0.05173551142789421 1.552837955740318
0.502481875501618 0.05161356909622831 1.551930996652164
0.5051860967668667 0.05144687662501184 1.550688797741753
0.508900898558648 0.05121971787641302 1.548991756403205
0.5139965452294784 0.05091152329564892 1.546681472748482
0.5209724312302301 0.05049587966806418 1.543551476142897
0.5304961684445131 0.04994007803081678 1.539339068135575
0.5434493022582617 0.04920555491946415 1.533721516614682
0.560975415626502 0.04825087061747577 1.52632360639457
0.5845203529175247 0.04703873989642805 1.516747120114449
0.6158436958195443 0.04555052820749246 1.504638069015761
0.6569650312192284 0.04381011579068247 1.489806900634458
0.7099911020445117 0.04191800634769022 1.472406224362923
0.7767638364380587 0.04008759018235318 1.453133719539722
0.8596937318194884 0.03863737321381917 1.433057577446189
0.9547092051527566 0.03804836818923362 1.415390292234029
1.063199162136718 0.03832046883457153 1.401975337893619
1.179037742244949 0.0395624738309535 1.395499629193596
1.295728821457564 0.04121982620891414 1.396422598914654
1.406917864866422 0.04324505089688598 1.40423087494993
1.507232152571289 0.04552750039298295 1.417246405965468
1.594006810871032 0.04789791158720166 1.433333413353852
1.665647636489617 0.05164511057420502 1.449626850080466
1.723033265102088 0.05592302977759629 1.464762093070157
1.767841035904775 0.06010085138654222 1.477943799845704
1.802150591670683 0.06382098771753304 1.488884252012649
1.828039528738834 0.06693899751463761 1.497644489771224
1.847363965769642 0.06944592046172998 1.504474903084347
1.861674239813367 0.07140343659805597 1.509697190192071
1.872210099076857 0.07290048252408336 1.513632871775709
1.879934479138384 0.07402843832326872 1.516567855668765
1.885580251278426 0.07486922354531768 1.518739789683764
1.889697632185704 0.07549113668583861 1.520338085387191
1.892695536223413 0.07594853254537808 1.521509444907347
1.894875806867381 0.0762836558477047 1.522365395601962
1.896460078662694 0.07652842952528045 1.522989503013748
1.897610565060051 0.07670684206055862 1.523443854668852
0.5003600262865474 0.01987979718880984 1.52767715473068
0.5014031778251569 0.0198105649519058 1.527200688839205
0.5028393612091673 0.01971550917317635 1.526546165787861
0.5048155367041813 0.01958518918363774 1.525648298521301
0.5075326776870948 0.01940690209285921 1.524418965948874
0.5112647197836836 0.01916365764806593 1.522740180294835
0.5163833240642501 0.01883307134172501 1.520455879864573
0.523389686428959 0.01838611852969942 1.517362994484487
0.5329536905976512 0.01778628742763671 1.513203789470946
0.5459596105866433 0.01698938153740524 1.507662742710311
0.5635540326145889 0.01594550900145476 1.500375004980389
0.587185474587908 0.01460456068500377 1.490956872054603
0.6186145582312602 0.01292841647896545 1.479073730799667
0.6598579494164494 0.01091176865008848 1.464559791518164
0.71301243765338 0.008613063530380282 1.447592736245876
0.7799006322512044 0.006189452576244193 1.428889574121986
0.8627973694969925 0.003870532763324546 1.409553584179449
0.9579231354008414 0.001938540127192458 1.392621279585543
1.066297488991677 0.000337153782202931 1.38000143941144
1.181920989943787 -0.0007818713144774375 1.374272938334313
1.298327429833811 -0.001882217176954789 1.375937691914798
1.409210308534107 -0.002876284691566452 1.384467671774629
1.509220004775515 -0.003657767864731618 1.398141486904644
1.59577921842609 -0.004427170376582324 1.414826791105899
1.667268789065034 -0.003376818050788136 1.431769121659299
1.724566367661659 -0.001327425937389352 1.447541011360118
1.769328312255506 0.001068357277243705 1.46129626975366
1.803618153730055 0.003399220144798134 1.472723510110757
1.829502294442801 0.005454789120009539 1.48187966368703
1.848829673550057 0.007160800453239346 1.489022343219779
1.863146329647518 0.00852093726765259 1.494485506251514
1.873689606909981 0.00957587442610878 1.498604022668115
1.881421194768257 0.01037849212464974 1.501676170318108
1.887073406285892 0.01098086671837844 1.503950135355332
1.891196267260056 0.01142858675983011 1.505623858705469
1.894198691876432 0.01175899608268524 1.506850730399476
1.896382616902833 0.01200168850579241 1.507747402471958
1.897969798707893 0.01217926595561246 1.508401311101844
1.899122578631681 0.01230886629501612 1.508877434569481
0.5006161050029346 -0.01222649587326912 1.500031305493305
0.5016686387242534 -0.01229942893981036 1.499562924529566
0.5031175056989411 -0.01239960444652895 1.498919666768979
0.5051108043279443 -0.01253702510521 1.498037499639464
0.5078510124271983 -0.01272519176648012 1.496830060866491
0.5116140374752745 -0.01298224162553173 1.495181823439101
0.5167740883482859 -0.01333223032144512 1.492940170273083
0.5238355788035212 -0.01380664980328746 1.489906847785285
0.5334723198074793 -0.01444570902270398 1.485830838797187
0.546573093254526 -0.0152992374268841 1.480405895647489
0.5642891329978865 -0.01642579977897798 1.473279766490047
0.588072676875001 -0.01788892810707118 1.464085305886429
0.6196851542228526 -0.01974739356538629 1.452508455837763
0.6611380014668921 -0.02203757199917215 1.438406404296225
0.714513051328486 -0.02474568571544815 1.421977697131099
0.7816059287130893 -0.02777394568930898 1.403949638542212
0.8645434634178315 -0.03098862292863786 1.385444922183702
0.9598229770128266 -0.03430516968951847 1.369326425747549
1.068087650325013 -0.0378243096814818 1.357555923363623
1.183465835581097 -0.04134123333832033 1.352602409510681
1.299526812295735 -0.04524074983749189 1.355019874483715
1.410016784455539 -0.04930031989728231 1.364263556830116
1.509619811224287 -0.05319385045525919 1.378572560670725
1.595842746669133 -0.05716996127123371 1.395826469799419
1.667071492814577 -0.0589517557872694 1.413387492959789
1.724186705515036 -0.05930438389422852 1.429765849548671
1.768825334044668 -0.05886912412457703 1.444067463158386
1.803034007720233 -0.05809111161929685 1.455958597571045
1.828865866726114 -0.05723755691596837 1.465492272818379
1.84816017741472 -0.0564460267694131 1.472932912604705
1.86245627072832 -0.05577270737325711 1.478626076804638
1.872986995874816 -0.05522871484259888 1.482919294281246
1.88071109062053 -0.05480355832150825 1.486122591295969
1.886358972099993 -0.0544786055646829 1.488494176533909
1.890479450290684 -0.05423403266080735 1.490240111614925
1.893480669386757 -0.05405197013885456 1.491520160767348
1.895664085856693 -0.05391739937386181 1.492455864044036
1.897251155320317 -0.05381850768342034 1.493138353191313
1.898404036399149 -0.05374611368867125 1.49363536829173
0.4988806837534689 -0.0435276108665345 1.471532537672527
0.4999464776131062 -0.04360414881908547 1.471076221205237
0.501413335770803 -0.04370931674931803 1.47044968104163
0.5034310012754292 -0.04385367159560212 1.469590670330271
0.5062041248066416 -0.0440515052091882 1.468415296070838
0.5100114521778873 -0.0443220977959923 1.466811431546134
0.5152308345276941 -0.04469118104715854 1.464631125976811
0.5223712358233521 -0.04519273784020866 1.461682493440941
0.5321119259394592 -0.04587073558168685 1.457723132531501
0.5453477978946034 -0.04678075953225286 1.452458264723818
0.5632361402998504 -0.04799026878303673 1.445550535698143
0.5872336692658645 -0.04957656993042552 1.436651333466421
0.6191021000031934 -0.05161958041486168 1.425468012966214
0.6608451536820441 -0.05418732844963659 1.411879259947585
0.7145248064915127 -0.05731122487511238 1.396099132013929
0.7819025719645699 -0.06095305322931034 1.378854667508098
0.8649471671184077 -0.06507808510746406 1.361270520147903
0.9604148438202937 -0.06979188427830568 1.34604237327715
1.068572854324662 -0.07522671508847663 1.335168520459242
1.183677598379483 -0.08111553082590435 1.331008694215027
1.299337357516587 -0.0877787513690506 1.334177064319368
1.409354379299398 -0.09486223900839581 1.344110377423055
1.508456057852577 -0.1018239604441717 1.359013752446093
1.594226871623306 -0.1089764794026292 1.37678795107643
1.665081318074918 -0.1136378432226922 1.394918682753939
1.721909899741273 -0.1164874191831615 1.411856365178334
1.766335234955691 -0.1181247569160882 1.42666230382717
1.800388644587182 -0.119009373434245 1.438981898325902
1.826109277170618 -0.1194551751204289 1.448864432020801
1.845324801268519 -0.119659294282777 1.456580543150015
1.859565521765299 -0.1197377778756208 1.462486456225205
1.870057543937178 -0.1197553293931221 1.466941356329931
1.877754690376702 -0.1197462713592995 1.470266096626369
1.883383870168008 -0.1197278396866373 1.472728129013576
1.887491402761031 -0.1197081139015815 1.474541008646359
1.89048368217606 -0.1196904668456248 1.475870385459769
1.892660941865935 -0.1196758562917502 1.476842315525999
1.894243782462529 -0.119664340560299 1.477551347338848
1.895393768580893 -0.1196555150801364 1.478067775956791
0.4954086887242494 -0.0731930249566129 1.442739086525099
0.4964910366580121 -0.07327371813644054 1.442299015565916
0.4979803931835902 -0.07338463273966711 1.44169491565343
0.5000285739183518 -0.07353695287552883 1.440866878642932
0.5028429650879847 -0.07374585867470547 1.439734218105371
0.5067058766194111 -0.07403190019072335 1.438189178931272
0.5119997118278808 -0.07442264695171975 1.43608973308975
0.519239080529843 -0.07495477167164111 1.433251945857812
0.5291099493992585 -0.07567623280800877 1.42944394866093
0.5425145815880884 -0.07664861464824468 1.424384611269426
0.560617360548843 -0.07794847679834774 1.41775369280258
0.5848799173122666 -0.07966696790141785 1.409222887723145
0.617063578848341 -0.08190490950990806 1.398521447152822
0.6591620666210305 -0.08476116464353756 1.385547493056014
0.7132133560369424 -0.08831060950541894 1.370524493113426
0.7809391353408014 -0.0925716965938011 1.354167913960863
0.86414329235923 -0.09760748104348169 1.337586528459333
0.9598218201872245 -0.1037008899976193 1.323318552359256
1.067873932130087 -0.1110025558268268 1.313379235118695
1.182682997328824 -0.1191761362729902 1.310022007373948
1.297897595136056 -0.1284926021365501 1.313927017294697
1.407377826427077 -0.1384716741866334 1.324511322114284
1.505930998172253 -0.1483869621702632 1.339959235822018
1.591123500697158 -0.1585671489602668 1.358183081763118
1.661500014047978 -0.1660609709615304 1.376817010466739
1.717940805129591 -0.1714155101359169 1.394249720816542
1.762061867518606 -0.1751623979115212 1.409502498640701
1.795882839738704 -0.17775742586646 1.422201989562193
1.821429501191606 -0.1795504974775386 1.432394025446405
1.840516774963812 -0.1807930219107179 1.44035467241276
1.854663995250328 -0.1816590018752479 1.446449556313585
1.865088401875793 -0.1822666671171913 1.451048159554684
1.872736934337337 -0.1826959441164988 1.454480909564817
1.878331317058119 -0.1830010128935002 1.457023439202521
1.882414021131952 -0.1832189256183504 1.458895940435657
1.885388628244419 -0.1833752402971299 1.460269280023132
1.887553334362931 -0.1834876665007248 1.461273519556987
1.889127271857586 -0.1835687474867785 1.462006240644917
1.89027095325403 -0.1836273286885887 1.462540008081239
0.4905975434023216 -0.1005535134378341 1.41423722889787
0.4916987555621899 -0.1006394761339029 1.413817437503238
0.4932137717854002 -0.1007576603188207 1.41324129383856
0.4952967791811829 -0.1009200202470638 1.412451757013416
0.4981582909468802 -0.1011428118052272 1.411372049700499
0.5020846829969466 -0.1014480947005265 1.409899710304479
0.5074635342071621 -0.1018655732420758 1.407899819660379
0.5148158404769231 -0.1024349593436943 1.40519787775085
0.5248350826339955 -0.1032085808504492 1.40157432418814
0.538431692772424 -0.1042543641669779 1.396763658082434
0.5567777505054918 -0.105658154880014 1.390464697797498
0.5813399376131367 -0.1075247523144308 1.382370866542775
0.6138785362289165 -0.1099749787610311 1.372233379033935
0.6563755475636569 -0.1131364602990702 1.359967321840696
0.7108421138129363 -0.1171238031746632 1.345799231651934
0.7789564809825134 -0.1220064183562463 1.33042189880979
0.8623552300671952 -0.1279397690535482 1.31491145300772
0.9582545113355158 -0.135368136757666 1.301660575940383
1.066200257895348 -0.14444782992195 1.292680416273959
1.180700067201503 -0.1547692539138013 1.290123067504682
1.295442180497115 -0.1665673049374026 1.294737727091783
1.40434477129233 -0.17924299404222 1.305921310131247
1.502316427359214 -0.1919190047796789 1.321847572528784
1.586846028238998 -0.2048983709625437 1.340441882734054
1.656663404454793 -0.2150885793139695 1.359499172095263
1.71263160898241 -0.2228684095475062 1.377349837963244
1.75636887617973 -0.2286825437229581 1.392980614704167
1.789888022318878 -0.2329683521990393 1.4060018772864
1.815203157168116 -0.2361017148011237 1.41645631600697
1.834116141813229 -0.2383820945868413 1.424624467264743
1.848133988110022 -0.240037875895293 1.43087984208039
1.858463351899908 -0.2412389093467064 1.435600596177532
1.866042587955337 -0.2421097957599412 1.439125236923695
1.871586732538093 -0.2427412659402781 1.441736311396982
1.875633163206306 -0.2431992227521905 1.443659626668732
1.87858166003028 -0.2435314194377273 1.445070468124936
1.880727614777719 -0.2437723780966091 1.446102293199026
1.882288109674362 -0.243947202510689 1.446855257882806
1.883422167984855 -0.2440740597198618 1.44740385523594
0.4849143409480835 -0.1251576139892638 1.386595906419196
0.4860355166843944 -0.1252503141180865 1.386199921260128
0.4875776991672044 -0.1253777721904822 1.385656550350982
0.4896975892161604 -0.1255528989728643 1.384912076974061
0.4926090117012629 -0.1257932691764415 1.383894237980223
0.4966026423787636 -0.1261227611888406 1.382506655596872
0.5020715201715785 -0.12657359299327 1.380622529704176
0.5095433540023655 -0.1271889545721132 1.378078046616968
0.5197194794806651 -0.1280260041502144 1.374667430414289
0.5335187951161268 -0.1291594005167689 1.370142417595351
0.5521212346358872 -0.1306844195130291 1.364222390853791
0.5769984247384118 -0.1327191064495634 1.356623450887362
0.6099091124844715 -0.1354028748213224 1.347118425366152
0.652822669354078 -0.1388890982375059 1.335636703799052
0.7077222045975462 -0.1433268635046716 1.322401863309657
0.776241334845645 -0.1488287049212751 1.308074063918016
0.8598514243909454 -0.1556337339020894 1.293682380540873
0.9559692140170725 -0.1643302361340726 1.281486998247728
1.063807953951338 -0.1750686755683848 1.273474196317699
1.177994778310402 -0.1873658498857299 1.271701164967807
1.292255591186063 -0.2014309631312396 1.276986393751789
1.400565355773274 -0.2165552231896239 1.288707005570625
1.497930861363926 -0.2317315836876623 1.30503191724821
1.581768461654346 -0.2472384929496043 1.323914648907182
1.650976426588876 -0.2599152264138669 1.343307464757566
1.706413853027253 -0.2699629169769552 1.361491610900992
1.749709614076318 -0.2777289036823934 1.377425124881058
1.782874786185901 -0.283622107721437 1.390704718206789
1.807914104249952 -0.2880359926423731 1.401370201913303
1.826616773000666 -0.2913115450099558 1.409705494630673
1.840476826262992 -0.2937266785575777 1.41609031876441
1.850689217963858 -0.2954993495389193 1.420909725927485
1.858182503252693 -0.2967963197557197 1.424508674338674
1.863663905779776 -0.2977430856915517 1.427175246726841
1.867664752968009 -0.2984331312907368 1.429139754310172
1.870580249425625 -0.2989355059577085 1.430581033294875
1.872702375536292 -0.2993009031663569 1.431635273981673
1.874245698452781 -0.2995665310694524 1.43240470758962
1.875367400509093 -0.2997595516669711 1.432965383631887
0.4788202838333636 -0.1467860762043299 1.360322616104764
0.4799613036858434 -0.1468870621988237 1.359953152614764
0.4815304944675671 -0.1470259071462949 1.359446256634458
0.4836870565482618 -0.1472166736580857 1.358751881685999
0.4866481056982028 -0.1474785092265291 1.357802734556708
0.4907085863548111 -0.1478374325662112 1.356509112402804
0.4962669493887572 -0.1483285671523722 1.354753082217379
0.5038575424464837 -0.1489990298987484 1.352382430039708
0.5141894414253915 -0.1499112699101166 1.349206216874391
0.5281898430917343 -0.1511470442388653 1.344994516945306
0.5470463044026973 -0.1528111293597403 1.33948821738722
0.5722351237031492 -0.1550342472416157 1.332426496226929
0.6055132749324246 -0.1579726738311928 1.323603059989536
0.6488374746242465 -0.1618019590439674 1.312958973225881
0.7041632527167062 -0.1666995462174181 1.300709625846851
0.7730807672565932 -0.1728120316139679 1.287474522155235
0.8569025819821344 -0.1804511785818212 1.274224512779567
0.9532265828882585 -0.1903321404861597 1.263100525001675
1.060958429274699 -0.2025897154678526 1.256045145909312
1.174838045994123 -0.2166702563656412 1.25502796150516
1.288626295216359 -0.2327641384778116 1.260934331062565
1.396352350541544 -0.2500625470336397 1.273122647289035
1.493115447845057 -0.2674492980428931 1.289762645910329
1.576264994815331 -0.2851819196653754 1.30884900600371
1.644846906788239 -0.300084276387712 1.32848705753784
1.699726970007021 -0.3121830306706634 1.346918264740484
1.742551183776573 -0.3217270732171325 1.363077753497229
1.775333232574108 -0.3290920914857895 1.376551088478043
1.800070858824687 -0.334682812995622 1.387375389457433
1.818541530086666 -0.3388754147969452 1.395836803006774
1.832226322532476 -0.3419916857615839 1.402319535569116
1.842308051151529 -0.3442929642344466 1.407213717606065
1.849704862875976 -0.3459843987513717 1.410869100145536
1.855115547615986 -0.3472233257234639 1.41357790147688
1.859064826731918 -0.3481285843357788 1.41557380993618
1.861942864904165 -0.3487888552284451 1.417038332538201
1.864037858740082 -0.349269766605406 1.418109720176662
1.86556157084001 -0.3496197213083486 1.418891772918851
1.86666912107034 -0.3498742087217543 1.419461719364554
0.4727116655277437 -0.1654284172383053 1.335827627200642
0.4738713788650918 -0.1655390579878999 1.335486398660406
0.4754660125314087 -0.1656911566516643 1.335018305507769
0.4776571208542476 -0.1659000991722826 1.334377182705708
0.4806649175387163 -0.1661868279906529 1.333500981925065
0.4847883632737759 -0.1665797821877504 1.332307026534262
0.4904309965918299 -0.1671173289878528 1.330686685579491
0.4981333989594013 -0.1678508938147891 1.328499858365221
0.5086119017124501 -0.1688485946397866 1.325571001616751
0.5228014607141324 -0.1701995552723132 1.321689048898506
0.5418967298589937 -0.1720180110455198 1.316616709800354
0.5673783082137043 -0.1744466644046443 1.310116073494774
0.6010014209024656 -0.1776567776639341 1.302000668875243
0.6447108915831563 -0.1818423247262024 1.292220824568746
0.7004365294499169 -0.1872027459601963 1.280979652601264
0.7697281506457614 -0.1939093358707638 1.268850380417306
0.8537495210524195 -0.2023345275948248 1.256738135160882
0.950260411050261 -0.213304442135213 1.246677420282524
1.057886964938336 -0.2269304115337233 1.240551545847591
1.171473286895275 -0.2425944252208073 1.240250124976789
1.284812290226345 -0.2604717187841371 1.246720635193486
1.391983771409976 -0.2796636258919484 1.259304305289682
1.488171771398467 -0.2989639340037224 1.276176862758038
1.570664851352115 -0.3186129878929534 1.295384363159223
1.638635089871802 -0.3354531049222471 1.315179962135955
1.692962037036325 -0.3493500385810358 1.333774505672463
1.735312772185648 -0.3604603230068102 1.350085746965046
1.767706636017897 -0.3691261668993896 1.363690467709902
1.792136412247535 -0.3757595447962953 1.374623211114092
1.810369014754255 -0.3807661147279763 1.383171195766635
1.823873144102274 -0.3845055635896361 1.389721429211566
1.83381968208241 -0.3872771670836616 1.394667362148924
1.841116368446763 -0.3893198619152529 1.398361938824997
1.846453463890516 -0.3908191223558424 1.401100164411625
1.850348956599586 -0.3919162519053048 1.403118019558061
1.853187843829247 -0.3927173572660741 1.404598835249068
1.855254424901242 -0.3933013408743965 1.405682276008089
1.856757563628647 -0.3937265656432732 1.406473223207184
1.857850241683473 -0.394035935386912 1.407049721037332
0.4669036321516484 -0.1811930277798031 1.313367918409621
0.4680800359456005 -0.1813145789263952 1.31305535440146
0.4696973838003438 -0.18148164488783 1.312626634989769
0.4719193300721597 -0.1817110935475119 1.312039518763435
0.4749688515050229 -0.1820258691281455 1.311237252289237
0.4791484908053474 -0.1824570928449726 1.310144242060922
0.4848663235989277 -0.1830466947142941 1.308661216329587
0.4926684909655906 -0.1838507725158435 1.306660231380634
0.5032777948381777 -0.1849434830401996 1.303981139345442
0.517636114874042 -0.186421594133289 1.300431639539143
0.5369444460579036 -0.1884087991271183 1.295795990226375
0.5626872557053131 -0.1910591655527355 1.28985861773547
0.5966182789172132 -0.1945571916438141 1.282451849142646
0.6406718660207208 -0.1991116691657333 1.27353368691212
0.6967551042632065 -0.2049377965744006 1.263292829873522
0.7663821312030997 -0.2122222283715852 1.252253849770642
0.8505806896480832 -0.2213854611856384 1.241252680071882
0.9472537134604456 -0.2333493289739265 1.232229217622292
1.054777443613745 -0.2481952579913091 1.226995378570243
1.168090163792809 -0.2652483585146787 1.227367427553459
1.281013902629261 -0.2846700852209109 1.23434749968339
1.387674714594949 -0.3054823981615921 1.247260899084245
1.48333264260085 -0.326406535018694 1.264293522271563
1.565221852563579 -0.3476687334673181 1.283549891590741
1.632620525103841 -0.3661488762804996 1.303424658079126
1.686425273843095 -0.3815730894311714 1.322107087826676
1.728325563801479 -0.3940169473497036 1.338502883599217
1.760347961435785 -0.4037923549652323 1.352182366909815
1.784481800216176 -0.4113162820884044 1.363177706717085
1.802484723783537 -0.4170187787215666 1.371776209993789
1.815814056163801 -0.4212914524108856 1.378366188716103
1.825629487533122 -0.4244657455306896 1.383342832221379
1.832828885273418 -0.4268093434426034 1.387060831865322
1.838094358485739 -0.4285317137307266 1.389816756522848
1.841937427639964 -0.4297933418819141 1.39184789316451
1.844738107276784 -0.4307152310113687 1.393338625786842
1.846776927764457 -0.4313876395219823 1.394429442777381
1.848259943405244 -0.4318774563628197 1.395225861761021
1.849338059616639 -0.4322339353081869 1.39580641035072
0.4617051586258353 -0.1940733329771725 1.292916397627314
0.4628954623887134 -0.1942069651558797 1.292631233123887
0.4645317203257716 -0.194390599411836 1.292240138199037
0.4667793319124707 -0.1946427378462627 1.291704612451095
0.4698635691596068 -0.1949885284229021 1.290972946901996
0.4740899512192516 -0.1954620356755875 1.289976291824383
0.479870324854316 -0.1961090819909843 1.288624277924193
0.4877554560587026 -0.1969908346034778 1.286800512611478
0.4984735342897499 -0.1981879370817377 1.284359451823451
0.5129722171439167 -0.1998052329181829 1.281126561516144
0.5324578101158651 -0.201976153128908 1.2769064412018
0.5584180578590353 -0.2048659799638465 1.271504513131903
0.5926055250629306 -0.2086714096152689 1.264770623978908
0.6369458936717619 -0.2136134356832496 1.256669650453555
0.6933272937371124 -0.2199180097320107 1.247376230861426
0.7632339510298305 -0.2277791381525558 1.237368626344911
0.8475724715336175 -0.2376531936163635 1.227415957629075
0.9443724742056225 -0.2505397369272767 1.219374595938191
1.051790472947832 -0.266483203531784 1.214979857064731
1.164848621418311 -0.2847568445950221 1.215982151016601
1.277395770415473 -0.3055051029060878 1.223426630984588
1.383598404687431 -0.3276840525088473 1.236623041401165
1.478782315810266 -0.3499615020645072 1.253768934627558
1.560133515771695 -0.3725533065878375 1.27302815933187
1.627018151714064 -0.3923867520202761 1.292926282521759
1.680350451808876 -0.409071723700661 1.311639692589581
1.721841350278109 -0.4226171083958056 1.328067690884378
1.753524939473018 -0.4333095772507605 1.341776940986772
1.777388110156838 -0.4415699462450372 1.352797984192268
1.795180505669492 -0.4478482154083047 1.361417743753559
1.808349334871379 -0.4525622354863578 1.368024800970657
1.818044209754378 -0.4560699548676422 1.373014893757496
1.825154043190559 -0.4586627818438819 1.376743332331788
1.830353515630268 -0.4605700033202354 1.379507275958473
1.834148235343179 -0.4619679580578132 1.381544523622953
1.836913650770238 -0.4629899700945585 1.383039886434666
1.838926831788062 -0.4637356963703577 1.384134195323955
1.840391250322004 -0.4642790824167104 1.384933239095843
1.841455901080264 -0.4646746397929067 1.385515755477878
0.4573465677159973 -0.2041460797513635 1.274398801331648
0.4585474760103063 -0.2042927476468639 1.274138233562561
0.4601981496479193 -0.2044942597437717 1.27378090768159
0.4624653127809487 -0.2047708814443021 1.273291676644905
0.4655759784231377 -0.2051501386633037 1.272623351158875
0.4698379240770575 -0.2056692705704939 1.271713122636809
0.4756658586998185 -0.206378294728892 1.270478594081527
0.483614062250202 -0.2073438335427599 1.268813714772669
0.4944148213956124 -0.2086534911698415 1.266586009532729
0.509020197743522 -0.2104207229078693 1.263636841965526
0.5286405514951953 -0.2127892233334807 1.259789011120326
0.5547661300592439 -0.2159358217913181 1.254866740854565
0.5891485575848956 -0.2200692101895661 1.248735618259225
0.6337067084828142 -0.2254212793949872 1.241366867431287
0.6903137526051007 -0.2322255884583006 1.232922997154259
0.7604301710495118 -0.2406778263733867 1.223841658757843
0.8448574364238546 -0.2512596283430979 1.214831774860877
0.9417379372737403 -0.2650289544468307 1.207676370706683
1.049038175838389 -0.2819857648222029 1.204035697930329
1.161854597992506 -0.301352232697262 1.20560311646838
1.274061761155627 -0.3232468964248584 1.213453054214336
1.379861213233292 -0.3465683389844256 1.226879601301872
1.474633998665681 -0.3699478447257392 1.244092506505734
1.555523547161893 -0.3935960219161909 1.26331132565575
1.621966463438301 -0.4144984207624006 1.283178750968552
1.674892125800508 -0.432176135985853 1.301867696883193
1.71603017720184 -0.4465874400543972 1.318276775233266
1.747421416810194 -0.4580001809811589 1.33197181451773
1.771050812049722 -0.4668387024810979 1.342982487002653
1.788661234481625 -0.4735689009940894 1.3515948842195
1.801691244652346 -0.4786293230503978 1.358196849397564
1.811281799298845 -0.4823987530363185 1.36318350662251
1.818314100664898 -0.4851872235538067 1.366909682064025
1.823456421110319 -0.4872395736422627 1.369672173723855
1.827209263644167 -0.4887445759662608 1.371708515953737
1.829944129624498 -0.4898452204405389 1.373203335048173
1.831935095156335 -0.4906485391718383 1.374297333791772
1.833383397780724 -0.4912340131732615 1.375096215219558
1.834436378237896 -0.4916602794357505 1.37567865987452
0.4538983940400434 -0.2117130349742223 1.257824295483876
0.4551067065396469 -0.2118730833014108 1.257584897112301
0.4567674313136699 -0.2120929480951987 1.257256629711615
0.4590482087847077 -0.2123947073402737 1.256807228533715
0.4621772548102864 -0.2128083325889791 1.256193387716922
0.466463907397979 -0.2133743307134406 1.25535748847491
0.4723248538736056 -0.2141470407805285 1.254223980761294
0.4803168060937973 -0.215198709454112 1.252695693953559
0.4911748894637631 -0.2166241189871877 1.250651370164758
0.5058542229576858 -0.2185455984182914 1.247946015713694
0.525567979819288 -0.2211173764608305 1.244418043714145
0.5518081164309998 -0.2245280100401434 1.239907811936843
0.5863254715577328 -0.2289980578978657 1.234294431471043
0.6310338124654736 -0.2347694857233975 1.227554647550161
0.6877950839160846 -0.242081396530582 1.219840757992959
0.7580518324114589 -0.2511273275182729 1.211555972839652
0.8425161443892321 -0.2624057749921712 1.203356679043425
0.9394308779573692 -0.2770160602809411 1.196961289809348
1.046600778004581 -0.2949074048487177 1.19396035876119
1.159188035126373 -0.3152496600549295 1.195999574192212
1.271092655853903 -0.338124978131162 1.204169949727146
1.376545708231006 -0.3623830556840991 1.217752703193924
1.470973520527972 -0.3866326420709722 1.234971839023665
1.551482196220122 -0.4110835427920123 1.254096287126783
1.617562013465559 -0.4327911628239582 1.273868399074644
1.670153916477148 -0.4512126069916297 1.292467533812931
1.71100263894332 -0.4662705507037905 1.308797824270676
1.742154309560111 -0.4782201448933743 1.322427321051707
1.765592220832296 -0.4874891066401457 1.333385595996609
1.783053641705091 -0.4945555525211257 1.341957331245334
1.79597001871089 -0.4998736163438531 1.348528431624583
1.805475203133901 -0.5038376663682474 1.353492040412954
1.812444073062319 -0.5067716211641504 1.357201208865507
1.817539647925973 -0.5089318974986474 1.359951262542814
1.821258247987026 -0.5105165139519715 1.361978565811415
1.823968141187819 -0.5116756470426067 1.363466847486874
1.825940951569158 -0.5125218120813616 1.364556134291768
1.827376087610032 -0.5131386036569633 1.365351628600786
1.82841953642557 -0.5135877247747805 1.365931643233515
0.4513319736406625 -0.2171395202289406 1.243178882765916
0.4525448608102024 -0.2173127806779946 1.242957268074397
0.4542117785910159 -0.2175507696798844 1.242653408519645
0.4565009229996325 -0.2178773581521181 1.242237458587765
0.4596412375098132 -0.2183249385360683 1.241669371264602
0.4639430042132685 -0.218937255814986 1.240895883031797
0.4698241077921677 -0.219772936621434 1.239847189771593
0.4778427350263196 -0.2209098159244455 1.238433574212768
0.488735735822092 -0.2224498174908857 1.236543194630214
0.5034600914748396 -0.2245241062451273 1.234042516264867
0.5232306818050448 -0.2272973888437606 1.230783078898563
0.5495404558210907 -0.2309698227694097 1.226618834528537
0.5841395846615188 -0.2357735046912026 1.221440354777211
0.6289382125437832 -0.241959700374467 1.215229231913528
0.6857903544297692 -0.2497714728834207 1.208129565294634
0.7561257865772287 -0.2593974401195384 1.200516230207864
0.8405821494863454 -0.271345731679154 1.193000644440221
0.9374915264004956 -0.286743191727822 1.187244159077147
1.044522690017029 -0.3054846089702459 1.184774611556096
1.156895527072167 -0.3266876228040209 1.187198014309031
1.268534918405303 -0.3503912166097302 1.195610153242419
1.373696576147944 -0.375402997255776 1.209281890040542
1.467843281794218 -0.4003195557141642 1.226453603914214
1.548048738892571 -0.4253532503824572 1.245436565763723
1.613841754449764 -0.4476389067852237 1.265053402248002
1.666171074327361 -0.4665901591533214 1.283500172170644
1.706792851529203 -0.4821064904955234 1.299693266096103
1.737757043624694 -0.4944354303195223 1.313206505069971
1.761045381273214 -0.5040079072348861 1.32407049851211
1.778390586538185 -0.5113111270392275 1.332568182695145
1.791218444697743 -0.5168104570164554 1.33908246467795
1.800657198464496 -0.5209113631033491 1.344003214065242
1.80757675644381 -0.5239475938894959 1.347680450443555
1.812636022591985 -0.5261837356158819 1.350406928029053
1.816328047342278 -0.5278243160724916 1.352416937411331
1.819018574528155 -0.529024566976238 1.353892594040451
1.820977316287611 -0.5299008586027212 1.354972695834576
1.822402256882016 -0.5305396752650386 1.35576152493635
1.823438330383623 -0.5310048735754499 1.356336711769276
0.4495684809618721 -0.2207751438754924 1.230398474752365
0.4507835894184439 -0.2209610843631704 1.23019144505489
0.4524534923079949 -0.2212164696334617 1.229907601478465
0.4547466418503374 -0.2215668940587839 1.229519081724774
0.4578923147330863 -0.2220470788274827 1.228988510024814
0.4622012254776902 -0.222703886882833 1.228266193594776
0.4680918076982641 -0.2236000781775267 1.227287040239845
0.4761229281369544 -0.2248188825757223 1.225967447729249
0.4870322349227809 -0.2264691277021761 1.224203303975548
0.5017775768175704 -0.2286905290911827 1.221870492699553
0.5215746172886716 -0.2316579288468213 1.21883136411544
0.5479166981302863 -0.2355826606780256 1.214951112560474
0.5825534194123426 -0.2407077853600947 1.210129883824684
0.6273925476197207 -0.2472930135320903 1.204353555426134
0.6842829494462463 -0.2555840279239751 1.197760005411882
0.7546460139337149 -0.2657625003617734 1.190701603653892
0.8390585024617587 -0.2783403152540597 1.183752144743598
0.9359314794566601 -0.2944609281829417 1.178522462972098
1.042820699219048 -0.3139631933155795 1.176485632294128
1.154996287798955 -0.3359139232330056 1.179214692343594
1.26640705050726 -0.3603054360463391 1.187799937764507
1.3713289480795 -0.3859095700956866 1.20150427599665
1.465253489215286 -0.4113187807840734 1.218586313289964
1.54522654655665 -0.4367503073683286 1.237392538444954
1.610802831718674 -0.4594234823330126 1.256806024536515
1.662935188425835 -0.4787255019288451 1.27504866610227
1.703387688815434 -0.4945428567698391 1.291055326573901
1.734212651514633 -0.5071195828880465 1.304409039926697
1.757390294696339 -0.5168896148857564 1.315142724317932
1.774649735835304 -0.524346592963592 1.323537470646494
1.787412424056732 -0.5299634618789856 1.329972387042342
1.796802369605457 -0.5341530306354265 1.334833014229811
1.803685762153877 -0.5372554888253082 1.338465284224734
1.808718443017126 -0.5395407467648149 1.341158442469757
1.81239103920563 -0.5412175580816256 1.343143927798825
1.815067429034078 -0.5424444316354476 1.344601622353035
1.817015914792035 -0.5433402346241453 1.345668614632589
1.818433433079878 -0.5439933203485486 1.346447900731753
1.819464144690748 -0.5444689380789792 1.347016153757898
0.4485009810437292 -0.2229421016852659 1.219384483265794
0.449716463873049 -0.2231399439364624 1.219189096608978
0.4513868353895031 -0.2234116591720337 1.218921231023777
0.4536805696494989 -0.2237844615561261 1.218554607500179
0.4568269678608601 -0.2242952623328305 1.218053982931132
0.4611367763558705 -0.2249938592061416 1.217372516644551
0.4670284696826045 -0.225946906559842 1.216448882053509
0.475060971037552 -0.2272427235550729 1.215204368427359
0.4859719991798084 -0.2289966584960439 1.213541053761556
0.500719486765888 -0.231356510215974 1.211342381180654
0.5205191511227943 -0.2345066994889488 1.208479407309563
0.5468642485469261 -0.2386690865409378 1.204826443018031
0.581503879606269 -0.2440969371865468 1.200291523161547
0.6263444220362961 -0.2510575013055691 1.194864353495842
0.6832318264476607 -0.2597979632295243 1.188678469804569
0.7535826433972035 -0.2704916634927982 1.182069144222267
0.837924734004799 -0.2836495582081152 1.175579450380979
0.9347388598838339 -0.3004232595015479 1.170775414219867
1.041487756687885 -0.3205960024177461 1.169083690999974
1.153484967372278 -0.3431861916310121 1.172049895738868
1.264701957637176 -0.368138570204176 1.180750584731277
1.369431075936065 -0.3941949586228051 1.194442900486674
1.463185922992572 -0.4199499195409945 1.211404907303504
1.542988707186913 -0.4456270862114173 1.230011574724911
1.608410384176704 -0.4685300095624537 1.249188775744654
1.660404318360483 -0.4880339837645434 1.267190899346015
1.70073919950607 -0.5040212534829986 1.282975949664813
1.731468274340574 -0.5167359809735904 1.296138879996762
1.754570217699498 -0.526615047595426 1.306716019489777
1.771771344117886 -0.534156376878144 1.314986667611698
1.784489932877812 -0.5398374732125159 1.321325628603803
1.793846986719839 -0.5440753702380576 1.326113388917551
1.800706095833826 -0.5472138752754528 1.329691044415296
1.8057209845175 -0.5495258480880452 1.332343656315642
1.809380618062562 -0.5512223608070169 1.334299245805229
1.812047602955338 -0.5524637127361833 1.335735007661413
1.813989284735506 -0.5533701318380315 1.336785967292389
1.815401892389159 -0.5540309862194298 1.337553564745909
1.816429066233167 -0.5545122808336769 1.33811331238205
0.4480151545057098 -0.223922077011011 1.21001580374588
0.4492296397217304 -0.2241308916204534 1.209829448440824
0.45089861159787 -0.2244176624904426 1.209573977148218
0.4531903925583406 -0.2248110985103887 1.209224339877988
0.4563340799449144 -0.2253501328061672 1.208746949335583
0.4606401553470781 -0.2260872742831667 1.208097180996114
0.4665267579692539 -0.2270927778386646 1.207216636913782
0.474552404969775 -0.2284596721007998 1.206030416448223
0.4854543452287258 -0.230309344235349 1.204445428325496
0.5001900114412033 -0.2327970826793152 1.202351035599545
0.5199746292080046 -0.236116176815395 1.199625149368635
0.5463010100776259 -0.2404981973307311 1.196149331769895
0.5809178105721364 -0.2462057129796228 1.191838039261852
0.6257307767255053 -0.2535125601008066 1.186684433345609
0.6825846663048205 -0.2626664651156658 1.180819409227308
0.7528939552939345 -0.2738315401860084 1.174565970469238
0.8371479331709872 -0.2875141495214149 1.168442757871907
0.9338887493923649 -0.3048675578659004 1.163976041812512
1.040503207441953 -0.3256211583396437 1.162554264763467
1.152342052305914 -0.3487483078983762 1.165700214781576
1.263397833590493 -0.3741474461453962 1.174470545963348
1.367975882684452 -0.4005358628417043 1.188118615892476
1.461606231119653 -0.4265152899283473 1.204942446164399
1.541291169615314 -0.4523166233571044 1.223339372880413
1.606611032333469 -0.475322670591011 1.242264037242104
1.658516506231116 -0.4949087788082918 1.260007044078993
1.698777970715805 -0.5109601690621743 1.27555215669107
1.72944830678272 -0.5237241769158009 1.288507819705538
1.752504579197091 -0.5336406647231206 1.298914461356179
1.769670963947004 -0.5412101500891516 1.307049686945777
1.782363558556122 -0.5469122844805322 1.313283770295155
1.79170140311503 -0.5511658182910528 1.317991781495941
1.798546446252228 -0.5543158993418265 1.321509594251953
1.803551105902624 -0.5566364180978977 1.324117731425253
1.80720333935227 -0.558339222266495 1.326040497021883
1.809864991188223 -0.5595851979536193 1.327452156305872
1.81180283956194 -0.5604950136046682 1.328485481985033
1.813212698187243 -0.5611583598211896 1.329240212693953
1.814237904296206 -0.5616414808281351 1.329790590131197
0.4479890594515679 -0.2239786898435449 1.202162885946703
0.4492016044083604 -0.224197476279833 1.201983320471859
0.4508678943180541 -0.2244979301367042 1.201737168401694
0.4531559816030146 -0.224910119276445 1.201400305208061
0.4562946040093215 -0.2254748155468402 1.200940391007703
0.4605937762080519 -0.2262469941803783 1.200314472825865
0.466471045532663 -0.2273001864450394 1.199466364860557
0.474484207684753 -0.2287317076755465 1.198324050994251
0.485369672918215 -0.2306684422297844 1.196798107865165
0.5000839756603235 -0.2332724926545545 1.194782416408849
0.5198414787023088 -0.236745201476187 1.192160159650825
0.546134309360672 -0.2413269105093271 1.188818558523291
0.580710736261103 -0.2472884736134376 1.184677241920324
0.625476436215091 -0.2549093086497 1.179732518823065
0.6822762434733257 -0.2644368326821019 1.174114117403902
0.7525245986079314 -0.2760254224897302 1.168136934572799
0.8366808858066009 -0.2901741251552705 1.162300759385778
0.9333411730312966 -0.3080330671683016 1.158096721802422
1.039830621816968 -0.3292809068088522 1.156882793403735
1.151531520127026 -0.3528501782816633 1.160162776115919
1.262455576189054 -0.3785963247675251 1.168969477653144
1.366918153746585 -0.4052172654173023 1.182554189842125
1.460461026030521 -0.4313257931445686 1.199234393989768
1.540069880242132 -0.4571604112927339 1.217424420965134
1.605330247225187 -0.4801738435213872 1.236098558358064
1.657187492415582 -0.4997509061319653 1.253583898655642
1.697411230589156 -0.5157855553812761 1.268890059373629
1.728052873396355 -0.5285308211093823 1.281639087426793
1.751087787327438 -0.5384297016795744 1.291875610842595
1.768238528689316 -0.5459840921472305 1.299875622017018
1.780919803591344 -0.5516739836451295 1.306004925146998
1.790249531130959 -0.5559179400559271 1.310633217040187
1.79708879247154 -0.5590607103725572 1.314091178423722
1.802089355376322 -0.5613757446559665 1.316654812420418
1.805738698730724 -0.5630744805490282 1.318544717606939
1.80839831863146 -0.5643174643550948 1.319932236395732
1.810334741622416 -0.5652250956866864 1.320947892408324
1.811743603239594 -0.5658868536641021 1.32168972457364
1.812768113949973 -0.5663688232277577 1.322230704523976
0.4482983705497201 -0.2233625937577537 1.195686723090422
0.4495084241107923 -0.22359030041183 1.195512087268435
0.4511712839564347 -0.2239029940179946 1.195272703008621
0.4534546643099091 -0.2243319579835917 1.194945119710786
0.4565868538030692 -0.2249196087908908 1.194497906631207
0.4608772839483534 -0.2257231276445511 1.193889331372156
0.46674276271066 -0.2268189759885003 1.193064827175834
0.4747401827104529 -0.2283083018902289 1.191954496556381
0.4856049032043564 -0.2303229013827724 1.190471622451813
0.5002923307260239 -0.2330309565349598 1.18851344485679
0.5200157528381311 -0.2366409724368223 1.185967111909632
0.5462664815451508 -0.2414010392205612 1.182724189748032
0.5807924534813498 -0.2475892092059822 1.178708451558268
0.6254996595858425 -0.2554894733104793 1.17391910346412
0.682233862912342 -0.265348231133778 1.168485925289893
0.7524108411538529 -0.2773100063852735 1.162719137094791
0.8364671350233882 -0.2918647151724087 1.157104475282125
0.9330459758291879 -0.3101560374640936 1.153102286407022
1.039422632494594 -0.3318160830046996 1.152046994735794
1.151005830926209 -0.3557414131510633 1.155426622051363
1.261824235814948 -0.381749332822507 1.164248256279031
1.366200739617922 -0.408523143933149 1.177762481273855
1.459685119050403 -0.434689404657055 1.194304756163727
1.539249355555105 -0.4604941254769362 1.212301756217598
1.604481871056878 -0.4834486040065742 1.230742926884266
1.656320855579552 -0.5029536150421332 1.247989124513878
1.696533363543804 -0.5189157493393536 1.263073755209314
1.727168555445451 -0.5315954122240024 1.275631338226058
1.750200066878523 -0.5414388072016847 1.285710307419089
1.767349242449631 -0.548948346691244 1.293585113670235
1.780029996778928 -0.5546031054295637 1.299617398736962
1.789359758973435 -0.558820145375957 1.304171874598333
1.796199319275393 -0.5619426176613654 1.307574411397654
1.801200281930117 -0.564242519126693 1.310096827947071
1.804850038913947 -0.5659300621707763 1.311956293718942
1.807510042874859 -0.5671648161151641 1.313321446268254
1.809446801406849 -0.5680664239295188 1.314320727794167
1.810855946200062 -0.5687237863674721 1.315050604198769
1.811880690457488 -0.5692025552062994 1.315582871538212
0.4488318424061423 -0.2222917141847486 1.190437733856224
0.4500391518017254 -0.22252730706837 1.190266537903984
0.4516982404717841 -0.2228508210966959 1.190031878381707
0.4539764544189437 -0.2232946137199769 1.189710777400629
0.4571015939860489 -0.2239025542644579 1.189272442885121
0.4613824567225808 -0.2247337719555418 1.188676002478235
0.4672350468447597 -0.2258673143383008 1.18786803447538
0.4752152745473809 -0.2274077091683485 1.186780148094563
0.4860573555202717 -0.2294910773070545 1.185327564791135
0.5007154688459761 -0.2322909405444341 1.183409958650853
0.5204017378058455 -0.2360220667805214 1.180917400504585
0.5466066143407414 -0.2409392618989012 1.177744753827258
0.5810777625464222 -0.2473266932232777 1.173819114774554
0.6257217355976185 -0.2554719620959818 1.169142379712275
0.6823857531354858 -0.2656198828066803 1.163845329394657
0.7524877730880973 -0.2779053083375757 1.158236187467634
0.8364471018281049 -0.2928079961068422 1.152790622506519
0.9329480164987644 -0.3114631207552073 1.148942375973565
1.039225409599538 -0.3334611460757941 1.14800822126079
1.150709881835429 -0.3576678592638667 1.151463112456077
1.26144469603076 -0.3838681468849431 1.160288284169963
1.365758180349683 -0.4107349932777863 1.173734596842439
1.459205254301498 -0.4369102824349442 1.190153389330304
1.538746697087243 -0.4626470379037435 1.207979883556952
1.603972683445907 -0.4855036703553703 1.226216448528378
1.655813268259851 -0.5049004059661556 1.243253381111949
1.696031881654866 -0.5207583889024597 1.258144631378805
1.726675029039702 -0.5333461181602308 1.270535379041468
1.749714675542686 -0.5431128843001539 1.280477209605407
1.766871273273663 -0.5505610395877117 1.288243123995506
1.779558366237732 -0.5561679873694856 1.29419107829551
1.788893318661785 -0.5603485272605464 1.298681414360787
1.795737009943299 -0.5634435328444725 1.302035802539
1.800741197193575 -0.5657229800134339 1.30452241669918
1.804393437598742 -0.5673954023102848 1.306355443258976
1.807055335462753 -0.5686190389668622 1.30770116860712
1.80899352746674 -0.5695125066800999 1.308686226604194
1.810403751879551 -0.5701639255064747 1.309405716926202
1.811429306384017 -0.5706383631627517 1.309930414773974
0.4494843914914018 -0.2209717811271566 1.186250871086816
0.4506889545307892 -0.2212142483551121 1.186081970253563
0.4523442726179603 -0.2215471938315586 1.185850465638663
0.4546173254729768 -0.2220039104861045 1.18553369748813
0.4577354281135063 -0.2226295325161975 1.185101304675225
0.4620067479769497 -0.2234848842017298 1.184512997952301
0.4678464904298118 -0.2246512614738419 1.183716136587585
0.4758095888140357 -0.2262361268316584 1.182643366340353
0.4866291217190739 -0.2283793493266739 1.181211257223576
0.501258047620358 -0.2312590645662205 1.179321205960456
0.520907335501713 -0.2350954241688014 1.176865402948822
0.5470665975183573 -0.2401489527810162 1.173741197642282
0.5814832764880027 -0.2467089156066321 1.16987836319921
0.6260646065131372 -0.2550656873275715 1.16528129351504
0.6826594993188063 -0.2654621527087279 1.160082430092909
0.75268847140141 -0.2780240347085301 1.154589929354666
0.8365578822842195 -0.2932207120151063 1.149272540266245
0.9329874240952388 -0.3121779585642948 1.145541399591578
1.039179232504271 -0.3344499587001522 1.144700371914722
1.15058179567926 -0.3588768950613913 1.148213620857832
1.261250589732174 -0.3852172779480748 1.157037852891365
1.365517742863744 -0.4121372698405503 1.170424809281068
1.458941321155463 -0.4382943075595309 1.18673920914724
1.538473011357453 -0.4639476526321248 1.204421858205598
1.603704291846947 -0.4866923911582877 1.222487580152932
1.655557002248199 -0.5059689216242194 1.239350819708711
1.695790584012601 -0.5217130330603729 1.254082184162674
1.726448842876085 -0.5342011468800728 1.26633536104718
1.749502223190967 -0.543885346013886 1.276164320068063
1.7666705221567 -0.5512675991648377 1.283840729834473
1.779367168145213 -0.5568233375590885 1.289719432359379
1.78870969482813 -0.5609648419674916 1.294157131702305
1.795559268912862 -0.5640305004407313 1.297472024216603
1.800567959204546 -0.5662881044393142 1.29992927905676
1.804223611197007 -0.5679443838249273 1.301740628787657
1.806888074307972 -0.5691561526385381 1.303070428222467
1.808828184164093 -0.5700409296812999 1.304043826868997
1.810239836907954 -0.5706860016322565 1.304754803679689
1.811266452270107 -0.5711558130597005 1.305273296756238
0.4501764202765832 -0.2195605764437474 1.182955780934904
0.4513783950041442 -0.2198089666413128 1.182788320012327
0.4530301614424662 -0.2201500377816242 1.182558797409534
0.4552983552993261 -0.2206178880884239 1.182244755901497
0.4584098359614882 -0.2212587401129373 1.181816109944496
0.4626721792844878 -0.2221348756728954 1.181232946132708
0.4684998405786581 -0.2233295222016429 1.18044313202814
0.4764468356830626 -0.2249526598326988 1.179379997375597
0.4872451749612827 -0.2271473665144899 1.177961017707583
0.5018466699388634 -0.2300957152948249 1.176088776420153
0.5214612064886794 -0.2340224287047763 1.173656975216901
0.5475776154616631 -0.2391928418204492 1.170564827537567
0.5819431582897305 -0.2459004205034497 1.166744271315688
0.6264657756698562 -0.2544376364141407 1.162201999132041
0.6829961039251555 -0.2650453095623044 1.157072508878207
0.7529572784568597 -0.2778408239749935 1.151665169069083
0.8367459235932502 -0.2932835661598144 1.146444197941976
0.933112008131891 -0.3124898714921628 1.142801846009807
1.039231020271272 -0.3349829702944267 1.142032725647603
1.15056595529832 -0.3595821704148723 1.145592131956063
1.261182314489558 -0.3860250943548101 1.154414467096458
1.365414816493172 -0.4129736942294334 1.167752644555744
1.458823356821508 -0.4391002152372284 1.183982311769671
1.538352286124777 -0.464669221775707 1.201547733285446
1.6035942151144 -0.487303853137652 1.219475622123427
1.655463265589598 -0.5064636449032954 1.236199562955275
1.695714987979985 -0.5220979944605244 1.250803210927002
1.726390670473896 -0.534490541414869 1.262946801794476
1.749459432728645 -0.5440957770042018 1.272686027786395
1.766640590267115 -0.5514151371661636 1.280291382423935
1.779347593903844 -0.5569220740787509 1.286115164100173
1.788698250458253 -0.561026413850977 1.290511149847639
1.795554089252853 -0.5640641489556156 1.293794759075536
1.800567544086932 -0.5663009772340726 1.296228767831199
1.804226786043801 -0.567941905913443 1.298022958686988
1.806893935656368 -0.5691423903513846 1.299340153727621
1.808836045571381 -0.5700189038636931 1.300304325753752
1.810249182114789 -0.5706579404537302 1.30100856588107
1.81127689554601 -0.5711233522210647 1.301522149360969
0.4193454518747392 0.2735808937637466 1.782834320859428
0.4204569349386199 0.2736349199007433 1.782305732344445
0.4219882875045033 0.2737091133215422 1.781577950520519
0.424096626911672 0.2738108467901042 1.780576874386263
0.4269965987309353 0.2739500049794861 1.779201687618709
0.4309802520873496 0.2741397752283854 1.777316014404631
0.4364427612554305 0.2743975701531265 1.774736877188034
0.4439148328922439 0.2747461298109799 1.771221590152817
0.4541017856997849 0.275214885179875 1.766453624718715
0.4679274691424716 0.2758418762004435 1.760030261388653
0.4865777726118319 0.2766771143372403 1.751458065593902
0.5115322910296607 0.2777893671033802 1.74016772528054
0.5445634205526132 0.2792805246485699 1.725567348520567
0.587669998974239 0.2813129507139029 1.707160848029671
0.642900311331301 0.2841539057305288 1.684757295916927
0.7120158359665092 0.288229045336164 1.658771649776183
0.795969632812802 0.2941524179800676 1.630546803288478
0.8942508091257857 0.3026711377633159 1.602514879934045
1.004294822613034 0.3144651537176902 1.577937837873428
1.121322715324501 0.3298196520441812 1.560080500577064
1.238959686231456 0.3483272575714119 1.551061328455093
1.350602679374651 0.3688491076782727 1.551038366794508
1.450943812906035 0.3898222420766299 1.558291843472448
1.536897328493186 0.4097361502161276 1.570098418936504
1.607640005544723 0.4275002954534723 1.583757378248292
1.664037538492545 0.4425650784557252 1.597234461346712
1.707904645674137 0.454843503343721 1.609323929940614
1.741394444205549 0.4645508679899354 1.619509031636192
1.766607655329061 0.4720512108625302 1.627727049571329
1.785394659837154 0.4777477792779519 1.634159475351146
1.799287291993916 0.4820197956036264 1.639086566389045
1.809503593400461 0.4851937173461162 1.642802593493315
1.816985890310977 0.4875357211617842 1.645574162681996
1.822449600923535 0.4892552402765183 1.647624765090892
1.826430742686107 0.4905131042894318 1.649133182367496
1.829327073818786 0.4914309142924651 1.650238121530967
1.831431686342764 0.4920992077790046 1.651045017311749
1.832959807181544 0.4925851787616207 1.651632996494119
1.834068737951596 0.4929382257056126 1.652060793121703
0.4241706535424267 0.2660409311627897 1.781460969328987
0.4252753748747906 0.2660907390403502 1.780938037148804
0.4267973988267529 0.2661591675171491 1.780218068183082
0.4288928999723047 0.2662530449387604 1.779227777400445
0.4317752515491297 0.2663815543130248 1.777867462955466
0.4357348148068718 0.266556990592724 1.77600226834367
0.4411645641250464 0.2667956722070802 1.773451273203516
0.4485924084349309 0.2671190730151262 1.769974551995364
0.4587202367220551 0.2675552901453228 1.765259231224813
0.4724679214823203 0.2681411903858718 1.758907338213467
0.4910171351339094 0.2689261664009043 1.750431426806473
0.5158436500369544 0.2699795014698494 1.739269395038664
0.5487174908511966 0.2714053314450876 1.724837397774111
0.5916379033375996 0.2733703252104516 1.706647124013663
0.6466575579756639 0.2761475552267432 1.68451293849292
0.715546557919594 0.2801681970118738 1.658849024960751
0.7992696170745243 0.2860486809856223 1.630987011667328
0.8973281653581459 0.2945329148695521 1.603334006532087
1.007168535922416 0.306292106410262 1.579114630629971
1.124020403178286 0.3216008276018039 1.561552995437582
1.241515218854519 0.3400448617157433 1.552737815492069
1.353052962185504 0.3604860003646216 1.552819645975147
1.453324384799622 0.3813685044163636 1.560093635612373
1.539238123538903 0.401191417595512 1.571863675165229
1.609963035883907 0.4188720604390947 1.585456624460153
1.666356938287652 0.4338652653151576 1.598859010063171
1.710228233462898 0.4460853255321884 1.610877592802149
1.743725710474875 0.4557467792083922 1.621001485256607
1.768947491121748 0.4632119171380205 1.629169611764892
1.787742591076517 0.4688819752061639 1.635562867126026
1.801642254830979 0.473134281001041 1.640459972078844
1.811864368045276 0.4762936809003011 1.644153438227688
1.819351319907427 0.4786250528026171 1.646908238052783
1.824818680977997 0.4803368231959526 1.64894648185433
1.828802641732569 0.4815890653072512 1.650445842598609
1.831701131966252 0.4825027902640897 1.651544180604397
1.833807383350242 0.4831681332359999 1.652346274878726
1.835336741795981 0.483651972191408 1.652930770326163
1.836446602883122 0.4840034797309583 1.653356042953301
0.429268245998027 0.2577380271906643 1.778289185969823
0.4303674861769851 0.2577809473584714 1.777773575764712
0.4318819323411631 0.2578399329889924 1.777063716267433
0.4339669816943261 0.2579208920210225 1.776087374789695
0.436834954656635 0.258031791267607 1.77474628685961
0.4407748094148252 0.2581833345951801 1.772907554206776
0.4461776808339922 0.2583898044528104 1.770392906168039
0.4535691201332036 0.2586701517068793 1.766965970215988
0.4636480941286614 0.2590494893966304 1.762318574631165
0.4773310304897421 0.2595613987234597 1.756058849185178
0.4957958473075261 0.2602520581989537 1.747707042636566
0.5205147260062055 0.2611882864459644 1.736710320327706
0.5532550833288485 0.2624734471180254 1.722495196721699
0.5960156091259734 0.2642762039545484 1.704583437733324
0.6508514947298638 0.2668751059311834 1.682796454588395
0.7195387975924609 0.2707101288773592 1.657548016771873
0.803050887824248 0.2764083770775714 1.63015640812269
0.9008989747836641 0.2847238404860571 1.602998397256489
1.010538947701912 0.2963347480136486 1.579252869914313
1.127209414835511 0.3115184419771267 1.562093495760824
1.244549860325731 0.3298599355698041 1.553571131935325
1.35596595427175 0.3502185503404562 1.553824906663585
1.456149816583207 0.3710358347950978 1.561165656302258
1.542006645619115 0.3908083242656208 1.572928431520123
1.612698695772961 0.4084509197553425 1.586472566073505
1.669076445084015 0.4234160652735587 1.599809694898632
1.712941981104074 0.4356158172629637 1.611762237268049
1.746439475282231 0.4452627728820008 1.621827216301147
1.771664052899176 0.4527176534848144 1.629946414207999
1.79046296639906 0.4583804959025797 1.636300808162287
1.804366520739075 0.4626277404853282 1.641167941529879
1.814592159913641 0.4657835966537033 1.644838747058886
1.82208211270632 0.4681124877217107 1.647576648673718
1.827551932326998 0.4698225214880748 1.649602412113057
1.831537855910631 0.4710735545721013 1.651092614364676
1.834437891201635 0.4719864235096458 1.652184270943114
1.836545342250747 0.4726511720733193 1.652981502971637
1.838075624397173 0.4731345953445415 1.653562469750584
1.839186191590356 0.4734858121782387 1.65398518563427
0.4345685438720238 0.2487008111853227 1.773408064931822
0.4356627580760334 0.2487355836018724 1.772899901367762
0.4371702494920034 0.2487833850421342 1.77220032803987
0.4392456961916448 0.2488490240633336 1.771238185972105
0.4421004483864336 0.2489389978758009 1.769916680547922
0.446022171644227 0.2490620707451676 1.76810491931936
0.4514003088186674 0.2492300085994016 1.765627352031305
0.458758249023433 0.2494585765424256 1.762251265975356
0.468792292476933 0.2497689916164751 1.757673354488954
0.4824157473153498 0.2501903027774227 1.751508101469903
0.5008031714694403 0.2507637956710526 1.743283838495451
0.5254236044562847 0.2515516049179031 1.732457594804709
0.5580422934423784 0.2526535256882824 1.718467137945709
0.6006576881008201 0.2542369377891939 1.700845597693281
0.655327498873658 0.2565825715884982 1.679423144913306
0.7238332085352951 0.2601368948716496 1.654615143426714
0.807155649468788 0.2655380341309234 1.627728377990876
0.9048140394919912 0.273554968787871 1.601110112320003
1.014271860743048 0.2848833421820893 1.577892328190752
1.130775063822544 0.2998175420792467 1.561194603349426
1.247970417336727 0.3179554788685885 1.553024522172809
1.359269513275275 0.3381619328074992 1.553504401156863
1.459366810330085 0.3588756500317166 1.560957168989056
1.545165346178878 0.3785843496830462 1.57274788651136
1.61582195570224 0.3961918697326747 1.586269143524019
1.672180644984583 0.4111404922906355 1.599559424946198
1.716037699563367 0.423334535452265 1.611458709326219
1.749532905719177 0.432981431074601 1.621473564614087
1.774758446964685 0.4404387892100017 1.629549872948451
1.79355977585771 0.4461049379191116 1.635869575017614
1.807466184833794 0.4503554672702577 1.640709637580491
1.817694598295572 0.4535142230123286 1.64435981819919
1.825187014696753 0.4558455183607362 1.647082261613615
1.830658913189364 0.4575574726542724 1.649096570525615
1.834646534890735 0.4588100059717185 1.650578350912105
1.837547929589781 0.4597240229404914 1.651663854008819
1.839656453006371 0.4603896452699464 1.652456606215869
1.841187571548281 0.4608737269629059 1.653034321343167
1.842298785266343 0.4612254369920561 1.653454681542892
0.4402268034138083 0.2385462065624783 1.767598889857751
0.4413152147035825 0.2385730017078994 1.767097615383665
0.4428146826127783 0.2386098545753988 1.766407565613659
0.4448790609968747 0.2386604997248409 1.765458582209767
0.4477185917194841 0.2387299985457032 1.76415524333259
0.4516194692027193 0.2388252217496778 1.762368535419443
0.4569692207226932 0.2389554799122847 1.759925466046269
0.4642888059367871 0.2391334309489973 1.756596781031406
0.4742715615754666 0.2393764901212321 1.752083802431234
0.4878273872687359 0.2397092711626482 1.746007115474427
0.5061272723453971 0.2401682283627923 1.737902912297232
0.530637103931838 0.2408107434687347 1.727237989457559
0.563120297326456 0.2417326542824254 1.713461562346468
0.6055758885335791 0.2430990100487786 1.696118858089732
0.6600654580245849 0.2451905447188634 1.675050373185709
0.7283776219086259 0.2484564442965453 1.650675674947296
0.8115023550462983 0.2535404458230961 1.624293572836374
0.9089680927351949 0.2612204379748763 1.598225514255666
1.018246398453201 0.2722050306923272 1.575559046604694
1.134590359815968 0.2868057724773641 1.559359473096529
1.251653244000069 0.3046397635627813 1.551587807601313
1.362851243104231 0.3245882058701633 1.552344210936579
1.462879424039066 0.3450985569893883 1.559958278354924
1.548636898571117 0.3646578347210953 1.57182115864739
1.619273721289194 0.3821620665821477 1.585356773754345
1.675626687715206 0.3970427101259035 1.598630161471042
1.719486103291979 0.4091936234399043 1.610499526771349
1.752987550333434 0.4188138351426925 1.620482049699139
1.778220615995042 0.4262549345532645 1.628528830868901
1.797029332815006 0.4319112486288836 1.634823776669383
1.810942328324828 0.4361558360967328 1.639644105277328
1.82117629882486 0.4393109899349094 1.643279053436096
1.828673244665106 0.4416400891257998 1.645989988697023
1.834148751028956 0.4433506947035507 1.647995729790905
1.8381392009008 0.4446023928065769 1.649471195697569
1.84104278711908 0.445515891152283 1.650552079192876
1.843152996482863 0.4461811894934026 1.651341469189842
1.844685403023631 0.4466650684028667 1.651916745926393
1.845797595388057 0.4470166512777745 1.652335342003109
0.446216858001618 0.2271490885250003 1.760804482945393
0.4472986311250912 0.2271683759517458 1.760309702562362
0.4487889266226747 0.2271949279617073 1.759628637180148
0.4508406615269892 0.2272314722368456 1.758692078382004
0.4536628209649449 0.2272817254473146 1.757405909898097
0.457539936522647 0.2273507882939583 1.755642909831271
0.4628573797973798 0.2274456811989151 1.753232532883838
0.4701333935315114 0.2275761718265034 1.749948848315693
0.4800580307236078 0.2277561493509003 1.74549765217807
0.4935374680119361 0.2280061227032695 1.739505473645567
0.5117388920176625 0.2283580679881449 1.731516245643498
0.5361250022640517 0.2288648965595991 1.721006529369196
0.5684576961436603 0.2296184969933697 1.707437241798975
0.6107373933838363 0.2307809467010047 1.690366428873477
0.6650308519247937 0.2326311305025071 1.669646366853184
0.7331354666030142 0.2356172555295692 1.645703237486443
0.8160519797468565 0.2403827961691991 1.61983122327289
0.9133192893475108 0.2477070744738943 1.594329714828988
1.022417792304036 0.2583045591870626 1.572244849768575
1.13860810580723 0.272500276136407 1.556588519587674
1.255550073905519 0.2899328320990701 1.549272981150407
1.366663981487019 0.3095082673310804 1.550371385914855
1.466644128548972 0.3296944343001855 1.558214007981484
1.552383635737796 0.3489886372275051 1.570212734454794
1.623023618799899 0.3662866537209783 1.583819218308354
1.679391975357375 0.3810126620923968 1.597123381550849
1.723272055239463 0.3930504423249925 1.609001509434745
1.756794910060735 0.4025891075761548 1.61898218331628
1.782047650680859 0.4099718874639998 1.627022940511823
1.800873249033123 0.4155866293021269 1.633310960279632
1.814800113503512 0.4198015997000217 1.638124920916304
1.825045152487753 0.4229356358149005 1.641754568614593
1.832550758100994 0.4252496568554537 1.644461328756991
1.838032945514619 0.4269494801861199 1.646463890821472
1.842028498181418 0.4281934560692747 1.647936988738661
1.844935953103508 0.4291014192652576 1.649016135687644
1.847049081762491 0.4297627455492228 1.649804265758499
1.848583681359099 0.4302437717245229 1.650378635061726
1.849697515471393 0.4305933040128777 1.650796580850157
0.4524871703478078 0.2143923432433303 1.752944647767885
0.453561634513039 0.2144046147330428 1.752456001813094
0.4550418343845439 0.2144215431695632 1.751783430734925
0.4570796598795221 0.2144449180881858 1.750858630697233
0.4598827207818608 0.2144772039611513 1.749588731333036
0.4637337336112606 0.214521855267421 1.747848225785762
0.469015725531755 0.214583764739216 1.745468920045188
0.4762440000317101 0.2146700177528123 1.742228092671371
0.4861050855632001 0.2147912321386366 1.737835888471748
0.4995012123679249 0.2149641002907266 1.731924664475395
0.5175956242487171 0.2152163965786426 1.72404603170417
0.5418478758441085 0.2155967172410219 1.713686390026131
0.5740186907052656 0.2161928177774561 1.700318709168965
0.6161106083466557 0.2171629043835373 1.683514685986351
0.6701966772756194 0.2187818584606094 1.663139927871316
0.7380843757195098 0.2214929187189179 1.639629667800858
0.8207863987280444 0.2259332044611805 1.614276673151358
0.9178529313675606 0.2328758895464637 1.589361649883692
1.026773706554617 0.2430341968352142 1.567891714472715
1.142817294563002 0.2567430378822292 1.552825510214216
1.25965049477048 0.2736650464723696 1.546023918212587
1.370697603325497 0.2927399020574332 1.54752830968888
1.470651146784142 0.3124680898024907 1.555664208840948
1.556396379865401 0.3313688375961666 1.567859602417883
1.627063319609611 0.3483458907656206 1.581590799206641
1.683469171658759 0.3628201823227081 1.594971192390018
1.727389230363495 0.3746660343759343 1.60689505129282
1.760949596432438 0.3840611432059964 1.616903090461875
1.786234973660028 0.3913378973272524 1.62496041007335
1.805087616880442 0.3968749678384072 1.631258680191225
1.819036167207306 0.4010333321961125 1.63607917507324
1.82929820233025 0.40412624813845 1.639713125771596
1.83681691651673 0.4064104601650865 1.642422810865486
1.842309098761489 0.4080887022911927 1.644427417180894
1.846312208941198 0.4093170655815381 1.645901975773806
1.849225343699688 0.4102137423564483 1.646982185165588
1.85134272413757 0.4108669119665906 1.647771097539261
1.852880494959334 0.4113420443682952 1.648346047394925
1.853996687695105 0.4116873179663861 1.648764425943113
0.4589588748661046 0.2001706070438472 1.743926999782918
0.4600255741763516 0.2001763882227272 1.743444131292051
0.4614950501064791 0.2001844157233915 1.742779568351758
0.463518104158453 0.2001956127773523 1.741865866908139
0.4663008908634582 0.2002112874186814 1.740611343608228
0.4701242105074857 0.2002333742468146 1.738892131164227
0.4753686231590749 0.2002648008180657 1.736542292653801
0.4825463539349343 0.2003101723790758 1.733342204178116
0.4923402664151454 0.200377072504508 1.72900623749604
0.5056485345727006 0.2004786261318072 1.723172466284473
0.5236304336352092 0.200638607770156 1.715400123817501
0.5477425064046456 0.2009013273171107 1.705185532025592
0.5797446727110783 0.2013500309641185 1.692014076901164
0.6216422373146937 0.2021378952071545 1.675471953971128
0.6755153981577894 0.2035333405945394 1.655439672521798
0.7431825944449593 0.2059703463449577 1.63236397840297
0.825669122747161 0.2100733281653127 1.607539470569991
0.9225367756594542 0.2166015264588306 1.583231593089182
1.031284827163274 0.226259635310458 1.562410892468064
1.147190251614083 0.239388720495037 1.547982971816988
1.263927519006263 0.2556779895753977 1.541754691216775
1.374925341479616 0.2741099446363612 1.54373073922472
1.474873878579422 0.293230790737618 1.552226238634142
1.560648860444424 0.3115944076716315 1.564680437005095
1.631367084726142 0.328121661688058 1.57859115555013
1.687833205391227 0.3422348701783942 1.592093880886441
1.731813267494933 0.3537997525298523 1.604100848422845
1.7654279239189 0.3629810424205807 1.614165715880754
1.790759495256548 0.3700975943535228 1.622262332652584
1.809649845039981 0.3755159240156786 1.62858811801109
1.82362829962177 0.3795869327584439 1.633428103038499
1.83391357348139 0.3826159128040176 1.637075993755114
1.841450087424348 0.3848534977872911 1.639795725684741
1.846955762276997 0.3864978207056613 1.641807614315606
1.850969022947032 0.3877015513386117 1.643287472674107
1.853889751897633 0.3885803636450016 1.644371551063933
1.856012793226956 0.3892205885131925 1.645163293614626
1.857554770118412 0.3896863463574398 1.645740316277452
1.858674080144989 0.3900248331157248 1.646160213888422
0.4655250467809651 0.1843937404532837 1.733658664472192
0.4665838086529939 0.1843935504924142 1.73318119208934
0.4680423210789613 0.1843933892662908 1.732524117845327
0.4700502739759246 0.1843933826217139 1.731620809557237
0.4728123375251843 0.1843937727674965 1.730380707916797
0.4766073615213579 0.1843950915762972 1.728681504510745
0.4818134026054466 0.1843984475524363 1.726359418763182
0.4889395766600695 0.1844061391386836 1.72319780478354
0.4986650720451732 0.184422902946639 1.718915130939387
0.51188404228518 0.1844584619277785 1.713155068298388
0.5297519133151487 0.1845326578285794 1.705484411589069
0.5537224612243417 0.1846853380328751 1.695409490919324
0.5855552001674044 0.1849945754148079 1.682428489209127
0.6272587240766464 0.1856069976744689 1.666142987810924
0.6809209105918 0.1867817244690552 1.646450034856554
0.7483714901043838 0.1889388788432141 1.623810436924662
0.8306483169320551 0.1926837148025991 1.599523950513892
0.927324437494871 0.1987539142348065 1.575844208486965
1.03590841801113 0.2078387542466187 1.555707582048203
1.151686003911115 0.2202822147839576 1.541966723608699
1.268340354359566 0.2358030741885445 1.536371730081942
1.37930556048524 0.2534362123886819 1.538885706709325
1.479269428418872 0.2717869458948672 1.547807825779469
1.565096960227248 0.2894569145837841 1.560583837459027
1.635889840014364 0.305393717058699 1.574729910526742
1.692438356522252 0.3190260676378237 1.588402157077711
1.736498062491975 0.3302121399836692 1.600530661042226
1.770183588943803 0.3391021689602307 1.6106827616634
1.795574827574273 0.3459986498763152 1.618842208952036
1.814513525795387 0.3512527560759638 1.625213424137998
1.828530115305083 0.355202296535546 1.630086368021485
1.838844895986984 0.3581419949003082 1.633758231743937
1.84640392951234 0.360314249604357 1.636495433307473
1.851926621710208 0.3619109205081352 1.638520068364877
1.855952649169465 0.3630799718604401 1.640009233979674
1.858882905941627 0.3639335888797565 1.641100112597329
1.861013032735293 0.3645555305415115 1.641896825115656
1.86256026269737 0.3650080314106384 1.642477480382848
1.863683458103849 0.3653369105344023 1.642900032874109
0.4720491105153416 0.1669960053595452 1.722049171780824
0.4731000870877956 0.1669903634824913 1.721576671558304
0.4745478419158037 0.1669827242498169 1.720926508099931
0.4765409736829105 0.1669724830693612 1.720032807378957
0.479282697031324 0.1669589030821406 1.718806063330629
0.4830499530423543 0.1669412232212301 1.717125435283874
0.48821835630831 0.1669188652662935 1.714829184456459
0.4952940044579073 0.1668919690767816 1.711703505518538
0.5049525453917284 0.1668625672293705 1.70747081041789
0.5180843086528442 0.1668370705689048 1.70178022062174
0.5358411467052693 0.1668313323500332 1.694205999416466
0.559674429119187 0.1668803738992788 1.684264537219511
0.5913436784160795 0.1670561679611599 1.671467164129903
0.6328611475126441 0.1674969459262572 1.655431717392855
0.6863225401935271 0.16844933769374 1.636073432069184
0.75356858815314 0.1703147257685361 1.613869782254403
0.8356488890981901 0.1736726040294185 1.590129135150526
0.9321466473351078 0.1792315116239144 1.567096970012233
1.040578972896077 0.1876585909460329 1.547678148164323
1.156240648993406 0.1992977085476262 1.534672732722886
1.2728248618743 0.213900449073112 1.529771484247923
1.383772646417991 0.2305639936469357 1.532890996912307
1.483770117635837 0.247966798460022 1.542308705058894
1.569670862670604 0.2647721374845968 1.555471778364869
1.640559866656671 0.279964637872944 1.569911281514031
1.69721136235766 0.2929848737888145 1.583802291361118
1.741369170583975 0.3036847071741947 1.59609252539265
1.775141274015821 0.312198289239329 1.606363716679904
1.8006050226624 0.318808739487649 1.614610684659298
1.81960226126121 0.3238484460926033 1.621046143847598
1.833664897241353 0.3276388445404057 1.625966202707308
1.844015227049819 0.3304612448756884 1.629672590975048
1.851601340350385 0.3325474805313402 1.632435072456836
1.857144461725123 0.334081299774451 1.634478205592369
1.861185792339494 0.3352045467270557 1.63598089826083
1.86412745396019 0.3360248472244651 1.637081664482989
1.866266050675728 0.3366225894937798 1.637885601315218
1.867819552257114 0.3370575294526219 1.638471532852451
1.868947380933242 0.3373736730156219 1.638897937352411
0.4783657261545314 0.147945856383022 1.709015333903442
0.4794094398490389 0.1479352576065934 1.708547319960606
0.4808471508417987 0.1479208161199341 1.707903404247059
0.4828264364044942 0.1479012583786436 1.707018408644443
0.4855491501773421 0.1478749466113382 1.705803797996359
0.4892904524337724 0.1478399227515834 1.704140092810653
0.4944236874510197 0.1477940316153255 1.701867461074344
0.5014521626476611 0.1477353658026898 1.698774773902953
0.5110482825444961 0.147663336735121 1.694588199860081
0.5240989273722882 0.1475810368693775 1.688962122106302
0.5417528231940554 0.1475001258999104 1.681478131006439
0.5654594151356966 0.1474502148693976 1.671662677652323
0.5969786564914559 0.1474959463990901 1.659040542918977
0.6383266461813218 0.1477649340807841 1.643246663330464
0.6916066224987786 0.1484877382239548 1.624216124223342
0.7586693283779737 0.1500418121972525 1.60244575657004
0.8405744185325218 0.1529742020871943 1.579256159703618
0.9369133017374628 0.1579569363001884 1.556888567393083
1.045210265914041 0.1656288052408218 1.538219293062999
1.160769197691837 0.1763311685031845 1.525996449853069
1.277294916919144 0.1898522283367225 1.521849074970401
1.388237606288001 0.205361812915508 1.525642363089268
1.48828314906729 0.2216258501057805 1.535626103269438
1.574273750735726 0.2373834110691094 1.549243549768153
1.645276612842304 0.2516667329872155 1.564036903085145
1.702048476276729 0.263933959416972 1.57819826316539
1.746320258753541 0.2740320016430879 1.590692568640716
1.780192628543028 0.2820773254046617 1.60111655520276
1.805740194893775 0.2883305278725574 1.609477251664002
1.824805017374245 0.2931015771876219 1.615996975184897
1.838920761838775 0.2966920444868065 1.620979240844229
1.849312059447022 0.2993667829008208 1.624731418432117
1.856929357301189 0.3013445587398491 1.627527526867464
1.862495988299141 0.3027990284413251 1.629595309929692
1.866554917890204 0.3038643889969344 1.631116045840915
1.869509687093337 0.3046425490680125 1.632230005457271
1.871658012063463 0.3052096612864554 1.633043581350048
1.873218712612592 0.3056223604856523 1.633636550309565
1.874351856531221 0.3059223663136014 1.634068089838185
0.4842847177114799 0.1272560134011459 1.694487152135437
0.4853220919292945 0.1272409011500073 1.694023066889405
0.4867510225707016 0.1272202607335461 1.693384637200809
0.4887181885872171 0.1271922021853241 1.69250730861843
0.4914242477617067 0.1271542518483861 1.69130342099523
0.4951427996651169 0.1271033310524187 1.689654731206529
0.5002452075359054 0.127035788016445 1.687403154601923
0.5072323615726789 0.1269477349225729 1.684340042528155
0.5167738898095822 0.1268359776196913 1.680195091722405
0.5297537810452062 0.1267001831753141 1.674627706153695
0.5473182523887922 0.126547465761297 1.667226598731725
0.5709154171564826 0.126401237632683 1.657528209959359
0.6023060635780461 0.1263173182704378 1.645071001673774
0.6435100960210942 0.126410182973002 1.629507791696114
0.6966374972103044 0.1268904647386401 1.61079515214985
0.7635472636590193 0.1281063347131086 1.589452000260137
0.8453064847922116 0.1305657494601143 1.566814934053146
0.9415119108345708 0.1348971492129215 1.545125130232047
1.049692987049131 0.1417052076043192 1.527233727416572
1.165162549326757 0.1513268231041197 1.515837999223702
1.281638936736101 0.1635909132579891 1.512503260672325
1.392584377027493 0.1777504540177815 1.517038568792127
1.492686875114395 0.1926733499540255 1.527660009299236
1.578778130817464 0.2071889388806266 1.541801211157233
1.649907094133223 0.2203880493679997 1.557011309883577
1.706811927252726 0.2317524274097735 1.571497117834198
1.751209598394563 0.2411255604447509 1.584240140910532
1.785192773201629 0.2486046321882529 1.594852606492567
1.810833023482618 0.2544244585040822 1.6033548614433
1.829972617704025 0.2588687770422368 1.60998015602002
1.844147141621454 0.2622156095856284 1.615040716436482
1.854583793185093 0.264710124681236 1.618850706374528
1.862235619388937 0.2665553588642238 1.621689358861781
1.86782828244214 0.2679127643058397 1.623788368437787
1.871906699143731 0.2689072589896111 1.625331978202167
1.874875981587303 0.2696337952036613 1.626462668630117
1.877035077096649 0.2701633634866461 1.627288468406373
1.878603747044496 0.2705487887418229 1.627890360503816
1.879742774310554 0.2708289967062943 1.628328409144752
0.4895982474697609 0.104993731452941 1.678413006207458
0.4906306225196932 0.1049744480753063 1.677952196750632
0.4920526075828563 0.1049480718461917 1.677318360134361
0.494010161453096 0.1049121334431543 1.676447479992702
0.496702984013319 0.1048633667088556 1.675252657227932
0.500403428993636 0.1047976182097213 1.67361673595
0.5054812880728478 0.104709776778375 1.671383187022096
0.5124355543984767 0.1045939800373612 1.668345603171397
0.5219337169960564 0.1044443581056689 1.664236925973149
0.5348576119307212 0.104256926700921 1.658721270751412
0.5523517272468862 0.1040337417493183 1.651394186624644
0.5758635315354442 0.1037910213043795 1.641801941702805
0.607155007886175 0.1035740232826029 1.629496821157867
0.6482495631083842 0.1034813125361741 1.614150243245672
0.7012625954838448 0.103699548897109 1.595741900064342
0.7680587896890279 0.1045422444759924 1.574815621546775
0.8497090765027796 0.1064718531742753 1.552727996223824
0.9458117429479179 0.1100666325349824 1.531724672910881
1.053898681380184 0.1158919638320031 1.514635376755804
1.169291258647622 0.1242788341436461 1.504108034974432
1.285723445222812 0.1351013831219736 1.501642643608606
1.396673099537504 0.1477063683008935 1.506987583647277
1.496833674456516 0.1610781023122312 1.51831907961273
1.583028235863605 0.1741505670840169 1.533055087777979
1.654287809338884 0.1860841544451303 1.548747045826998
1.711331382943384 0.1963903096733538 1.563613775789652
1.755861135887117 0.2049106854285372 1.576652418716158
1.789961046530271 0.2117215969752513 1.587491028258834
1.815699240892606 0.2170287705604992 1.59616432095885
1.834918031262508 0.2210858120568224 1.602917815496137
1.849154920056687 0.2241433997986455 1.608073790442252
1.859639755211486 0.2264236813557099 1.611954405540581
1.867328301214298 0.228111202904727 1.614845115314052
1.872948670606459 0.2293530172696613 1.616982373439231
1.877047840955111 0.2302630647929049 1.618554018110863
1.880032588110501 0.2309280496266838 1.619705220576172
1.882203165348216 0.2314128334962929 1.620546008282324
1.883780334136252 0.2317657120233189 1.621158840607703
1.88492563764571 0.2320222865498853 1.621604868549005
0.4940941321988285 0.081275838190892 1.660784238303908
0.4951232292835843 0.0812526857147899 1.66032601176995
0.4965406253552297 0.08122097972370343 1.659695819328915
0.4984917874085809 0.08117770087333237 1.658830090245133
0.5011757616593596 0.08111882264612998 1.657642562815472
0.5048640570197727 0.08103914529605664 1.656017004838809
0.5099254121798286 0.08093210868486109 1.653798229453529
0.5168575766758865 0.0807898396696338 1.650781799598684
0.5263266919724632 0.08060365608452714 1.646703569048922
0.5392133425164667 0.08036559165946809 1.64123197937509
0.5566612118542127 0.08007196781553629 1.633969013442969
0.5801178927733566 0.07973056456589736 1.624470430116504
0.6113468781681195 0.07937397864280465 1.61230222504761
0.6523745299199042 0.07908160777297467 1.597154789867931
0.7053198345389975 0.07901152443382395 1.579032156831047
0.7720498459913437 0.07943670311369376 1.558505521342006
0.8536348143548006 0.08076755705754513 1.536955346694523
0.9496698093817578 0.0835262443243555 1.51663675649982
1.057685678041469 0.08823544850464345 1.500363090175481
1.173011479478685 0.09522121359356954 1.490736154048535
1.289399052092283 0.1044090127602782 1.489190229029818
1.40034611484413 0.1152504268270565 1.495408925278728
1.500555912326767 0.1268599379645739 1.507522138734854
1.586845880304389 0.1382893361237209 1.522925315883424
1.658230423263535 0.1487783752445469 1.539166675278901
1.715409417822165 0.1578734703953971 1.554473622387063
1.760069733994738 0.1654155763751235 1.567857531314548
1.794286031609212 0.1714583723910809 1.578962372509179
1.820122470948562 0.176175159980004 1.587838196553421
1.839421053555002 0.1797855558941251 1.5947441293994
1.853720986557024 0.1825091677225092 1.600013890036177
1.864254655945493 0.1845418519384875 1.603978897767424
1.871980494058485 0.1860469605812417 1.606931896623674
1.877629048838503 0.1871549974932518 1.609114961021058
1.881749361305019 0.187967261694923 1.610720198292417
1.884749881789443 0.1885609434178435 1.611895986213075
1.886932182524201 0.1889938282025339 1.612754740415385
1.888518037432758 0.1893089770964666 1.613380687137745
1.889669761007617 0.1895381467635342 1.613836279369972
0.4975670086235063 0.05627406476805883 1.641637192755312
0.4985948738155805 0.05624757553427003 1.641181112303991
0.5000104819905989 0.05621126247212403 1.64055396646314
0.5019590788016535 0.05616161731154426 1.639692572193221
0.5046394162711858 0.05609392879654572 1.638511228155693
0.5083226305560975 0.05600203783307901 1.636894524120349
0.5133770145009714 0.05587802433935781 1.634688483387965
0.5202998331517682 0.05571207224964607 1.631690471912418
0.5297567893684332 0.05549268589067844 1.627639052058206
0.5426282326562892 0.05520775753592107 1.62220675866286
0.5600580537077412 0.05484740408898944 1.615001769844204
0.5834947547327216 0.05440995234185555 1.605589146345932
0.6147035430944274 0.05391345027956791 1.593548556964807
0.6557128953422056 0.05341498491883587 1.578589648162283
0.7086430517415142 0.05303929676443646 1.560741618513872
0.7753594193582491 0.05301237361846617 1.540604638209149
0.8569262526378082 0.05368486359005382 1.519585559662767
0.9529299125561466 0.05551511237948201 1.499952220620209
1.060896194246501 0.05897765986169518 1.484504913098182
1.176160840640018 0.06439320257371625 1.475801803336873
1.29249599006538 0.07174520091484275 1.475212172431263
1.403424054081305 0.08060303782260453 1.482353112468644
1.503663321572695 0.09022740210444903 1.495304220233691
1.5900296028043 0.09980279857658542 1.511433366502826
1.661522850718926 0.1086590321713779 1.528280794807827
1.718824481085704 0.1163829614192092 1.544079058178706
1.763605818299133 0.1228157998019342 1.557851950657416
1.797931611841111 0.1279864852269572 1.569258922689056
1.823861419369956 0.1320322148994066 1.578365845109603
1.843236383952045 0.135134469210724 1.585446415700968
1.857596992412119 0.1374778347690146 1.590846910050536
1.868177856556742 0.1392284428042868 1.594909080395566
1.875939854284313 0.140525628894555 1.597933897498315
1.881615812990785 0.1414811133488608 1.600169828575966
1.885756728687618 0.1421818294284902 1.601813862712056
1.888772651292242 0.1426941432877286 1.603018057271955
1.890966420266332 0.1430677858248189 1.603897576167639
1.892560785884533 0.1433398552032526 1.604538682149195
1.89371880905122 0.1435377265364169 1.605005330802368
0.4998318553328661 0.03021583954428826 1.621054562485988
0.5008608786702067 0.03018677093120976 1.620600738030567
0.502277970324634 0.03014688310537101 1.61997679151375
0.5042284692085125 0.03009227130727377 1.619119943527985
0.5069112503979013 0.03001765838949614 1.6179450756111
0.5105976232080374 0.02991607139914661 1.616337629853235
0.5156561331637877 0.02977839888596253 1.614144880762045
0.5225844276172449 0.0295930564596721 1.611166051928401
0.5320487969988752 0.02934587524401547 1.607142485811896
0.5449304830466092 0.02902063040506344 1.601750901826285
0.5623746686869758 0.0286009944258487 1.594605785171564
0.585831540147068 0.0280750972600158 1.58528162928066
0.6170680686038305 0.02744483713143071 1.573371916527071
0.6581136465369598 0.02674208736712517 1.558605686765774
0.711086843861758 0.02605359816278054 1.541037432130377
0.777846617418009 0.02555171226131496 1.521296440979609
0.8594450338335023 0.02551896644743362 1.500816221392021
0.9554534453175947 0.02634115733384479 1.481877928794202
1.063388016146153 0.02843801803143892 1.467269968441705
1.178589981869681 0.0321232372195574 1.459508446552962
1.294854538762071 0.0374437942668915 1.459899082944188
1.405734441051165 0.04409949533943283 1.467992936824251
1.505969426781463 0.05151384316491702 1.481818189654261
1.592378894851346 0.0590201362722384 1.498712573251471
1.663951510318131 0.06605017112483719 1.516205229328314
1.72135151147921 0.07223764491561956 1.532531140590723
1.766234708540458 0.07742549183610609 1.546724784142143
1.800655334418201 0.0816160373298179 1.558460405904635
1.826667523840411 0.08490674555666457 1.567819793068834
1.846110756537395 0.08743675976987 1.575091762092977
1.860526106054426 0.0893515963728489 1.580635877978859
1.871149853224074 0.09078411788441028 1.584804975273062
1.878944892138448 0.0918467193390981 1.587908928236559
1.884646006501317 0.09263001625013652 1.590203166252426
1.888805908089761 0.0932047813506427 1.591890018371648
1.89183607118665 0.09362519102466194 1.593125578576189
1.894040475286324 0.09393190089384557 1.59402803323833
1.895642754465685 0.09415528570547738 1.594685887683482
1.896806649348272 0.09431777806706805 1.595164754084463
0.5007381535623313 0.003400154534175867 1.599140992832542
0.5017710785915255 0.003369462398610987 1.598690320636595
0.5031934079859064 0.003327307038216701 1.598070806935445
0.5051509333408039 0.003269510031449157 1.597220200746594
0.507843128508039 0.003190390082205665 1.596054136573975
0.5115420960387803 0.00308236708198349 1.594459138236444
0.5166174235646488 0.002935394903628295 1.592284038682552
0.5235681129328172 0.002736422962883816 1.589330325235163
0.5330621799336476 0.002468934750912657 1.585342647631111
0.545982985077797 0.002112881205069938 1.580002575999808
0.5634781425989376 0.001645634914918502 1.572931709581689
0.5870002566911474 0.001044919717976664 1.563714888914046
0.6183179158323915 0.0002955876193126922 1.551960327413912
0.6594598259521016 -0.0005977593643622882 1.537417164270884
0.7125393349105373 -0.001590165226376687 1.520165317703313
0.7794033437749583 -0.00256902174206869 1.500862277274245
0.8610846763194958 -0.003328433500492469 1.480965819749157
0.9571325977870281 -0.003565349649839694 1.462766558980566
1.065048507691908 -0.002924493000597503 1.449036505312361
1.180177730229358 -0.001104488812180611 1.44224635395639
1.296341532382085 0.002007616429904969 1.443637607120277
1.407129459208979 0.006252915362503659 1.452697294841771
1.507310336297874 0.01123438252544903 1.467405431406453
1.593713732933292 0.01645179778650879 1.485072371146553
1.665321348682744 0.02145327894047578 1.503217568813906
1.72278226886901 0.0259281395848471 1.520078675046054
1.767737126883626 0.02972433934124573 1.53470049910658
1.802229011704647 0.0328168112255743 1.546771628144398
1.82830559949467 0.03526013780617609 1.556389456698768
1.847803603007828 0.03714700639908721 1.563857801698698
1.862263679935182 0.03857968210528753 1.569549544563462
1.872922941891653 0.03965399449349918 1.573828710973146
1.880745632122752 0.04045223706494218 1.577014219056248
1.886467975976196 0.04104138246093167 1.579368601408629
1.890644012172572 0.04147406499418285 1.581099653348767
1.893686349426186 0.04179075825299994 1.582367610318817
1.895899893864526 0.04202190740158399 1.583293766676431
1.897509006328904 0.04219031564262545 1.583968936148124
1.898677992735663 0.04231284624303785 1.584460438159156
0.500188936820957 -0.02380829386353291 1.576019514813011
0.5012288215299021 -0.02383988381633631 1.575573492729536
0.5026605720552226 -0.02388331402687713 1.574960471300412
0.5046308315607286 -0.02394294275209951 1.574118935401295
0.5073401996328107 -0.0240247314659501 1.572965554284658
0.5110622566773892 -0.02413670813439517 1.571388313307365
0.5161685002085447 -0.02428965395525492 1.56923811159408
0.5231603481625752 -0.02449784763815174 1.566319370150622
0.5327087715151474 -0.02477989100348249 1.562380913806054
0.5457005529657859 -0.02515941035099664 1.55711025698746
0.5632869080686115 -0.02566518697446681 1.550137433812022
0.5869235338487863 -0.02633001672229402 1.541059122280574
0.6183802893960242 -0.02718673397607208 1.529499755251585
0.6596832118233623 -0.02825956973872503 1.515229707200898
0.7129363168492152 -0.02954834953121119 1.498354524252023
0.7799681680304649 -0.03100509608373227 1.479558400201123
0.8617846017946378 -0.0325075322504944 1.460319497221851
0.9579051101048285 -0.03384382021131249 1.442931540286136
1.065810708866293 -0.03473137278590946 1.430142443474527
1.180849084742426 -0.03488654800179427 1.424370677303616
1.296870544596668 -0.03413025725682828 1.426790136089508
1.407508289558466 -0.03247287494363924 1.436825062804617
1.507568831552133 -0.03011885475281392 1.452412058894901
1.593899811121164 -0.02738655162498069 1.470839936375939
1.66548159450439 -0.02459790983390121 1.489623334404994
1.722951122677 -0.02199876824604274 1.507005670482344
1.767934724088273 -0.01973184598788503 1.522043584471635
1.802463849177026 -0.01784930895517985 1.534440443915386
1.828578540665692 -0.01634169585262049 1.544309134567553
1.848111360271986 -0.0151662171199506 1.551968135194772
1.862601222002623 -0.01426757117369884 1.557803261823303
1.873284917250116 -0.01359041433401254 1.562189385321854
1.881127098334432 -0.01308551308443737 1.565454183235949
1.886864692827256 -0.01271194502474636 1.567867069336311
1.891052499443959 -0.01243710796087329 1.569641137111431
1.894103833470271 -0.01223568801265171 1.570940638048408
1.896324209870422 -0.01208855026826965 1.571889883320374
1.897938480739694 -0.01198128656257934 1.572581927872876
1.899111344564231 -0.01190321338815537 1.573085749845784
0.4981571311646897 -0.05099947043629811 1.55183711453681
0.4992071926697668 -0.05103163375567912 1.551397532023058
0.5006527641085393 -0.0510758945639121 1.550793462269532
0.5026417581588464 -0.05113674814174163 1.549964373606664
0.5053764513000701 -0.05122037889920595 1.54882830627727
0.5091326158323276 -0.05133518791703843 1.54727516115332
0.5142845607276485 -0.05149259546546934 1.545158511522337
0.5213372165184568 -0.05170799006740192 1.542286516855536
0.5309657681425884 -0.05200192223397605 1.538413224490147
0.5440617340389339 -0.05240145711220474 1.533233422549098
0.561781072448681 -0.05294143262547907 1.526387204102974
0.5855831552731482 -0.05366519992303433 1.517484951318626
0.6172385847830028 -0.05462362305101776 1.506169246555854
0.6587684712951475 -0.05587070939554652 1.492233302169812
0.7122630436928837 -0.05745302675082743 1.475808888304748
0.7795258946647426 -0.05939066573733282 1.457605539652386
0.8615278362281287 -0.06165014225124568 1.439117504884324
0.9577506807345643 -0.06411742535358379 1.422633982086314
1.065649229059235 -0.06658940091074786 1.41086876987078
1.180571525210152 -0.06880505252830464 1.40617836810856
1.296399606628092 -0.070519904043758 1.409663020072741
1.406817165760313 -0.07159108155259886 1.420684013695999
1.506677453797719 -0.07202085347197992 1.437139684751844
1.592855004773477 -0.07193365704461559 1.456305056455753
1.664335590166372 -0.0715101903977427 1.475697402980365
1.721747970932292 -0.07092325473044055 1.493571379044431
1.766705651171683 -0.07030197758388042 1.508998634533638
1.801228190300529 -0.06972475990813007 1.521698673868538
1.827346785990448 -0.0692286932562719 1.531800072994262
1.846888263960651 -0.06882350578738303 1.539635569248377
1.861388197000042 -0.06850384479329948 1.545603274956204
1.872081628914676 -0.0682577090674956 1.550088237883024
1.879932430956148 -0.06807141524055153 1.553426293576915
1.885677282929672 -0.0679321409581972 1.555893236296198
1.889871007109545 -0.0678289417971912 1.557707059692685
1.892927064979479 -0.06775292043474232 1.559035724062956
1.895151161292281 -0.06769720653570045 1.560006325394954
1.896768327478715 -0.06765650275321668 1.56071398617207
1.897943424843609 -0.06762683743631438 1.561229214910884
0.494693452011763 -0.07775337301969823 1.526778140658524
0.4957568661522987 -0.07778621260647031 1.526346967856928
0.4972206005113776 -0.07783144379953545 1.525754555514454
0.4992342482530726 -0.07789371079714033 1.524941626246403
0.5020023038135826 -0.07797943517099794 1.52382795845766
0.5058034305387271 -0.0780974076710029 1.52230586317305
0.5110156284911097 -0.07825970448894524 1.520232248456151
0.5181484048011692 -0.07848283844898003 1.517419883433447
0.5278823693340757 -0.07878931645232064 1.513629166083497
0.5411150208488268 -0.07920963969126865 1.508563580009114
0.5590081057776843 -0.07978469427886015 1.501874996451553
0.583025128202975 -0.08056840344412806 1.493189446710328
0.614936760778068 -0.08162979321329916 1.482169618751603
0.6567567901157614 -0.08305308702862335 1.468633086456914
0.7105571201311814 -0.08493265790474687 1.452738194823495
0.7781097678301709 -0.08735872946143904 1.435218002911141
0.8603426454989344 -0.09038991674078711 1.417577912353687
0.9566922074217188 -0.09401433456907672 1.402094270747927
1.064581338368037 -0.09811285190233282 1.391436206611222
1.179356303854739 -0.1024503752885354 1.387888267813056
1.294933177687912 -0.1067176986808124 1.392471063384403
1.405052589884083 -0.1106158544691848 1.404483011054655
1.504623516627588 -0.1139387904270136 1.421789719543685
1.590556590790907 -0.1166090307799903 1.441660715796324
1.661850408188954 -0.1186582498525768 1.46162400830655
1.719130215058257 -0.120180369527292 1.479951593059725
1.763998685094606 -0.1212877246901635 1.495733795582266
1.79846349209005 -0.1220841456163137 1.508707889282212
1.824545815636114 -0.1226541410171083 1.51901841844835
1.844065056285309 -0.1230617199928266 1.527011916048416
1.858551673957002 -0.1233535476100037 1.533098016899795
1.869237345037834 -0.1235629740940612 1.53767111492787
1.877083788397682 -0.1237136333901084 1.54107444328764
1.882826329800594 -0.1238222669121503 1.543589535666975
1.887018950788104 -0.1239007543220133 1.545438771346475
1.890074597658105 -0.1239575190449749 1.546793419503268
1.892298667928635 -0.1239986449346211 1.54778305668914
1.893916001354465 -0.1240284630831533 1.548504644414386
1.895091347961595 -0.1240500994421241 1.549030051973661
0.489924401136278 -0.1036677468143417 1.501062315231202
0.4910041048792342 -0.1037017249423156 1.500641711553474
0.4924900163938283 -0.1037485563641632 1.500063920525137
0.494533787969866 -0.1038130908986615 1.499271214330644
0.4973426297272359 -0.1039020593827126 1.498185509297184
0.5011987376310426 -0.1040247314365034 1.496702064151898
0.506484607295289 -0.1041939434236208 1.494681837994223
0.513715290420868 -0.104427445191639 1.49194315120229
0.5235779141717326 -0.10474980545014 1.488253966415685
0.5369770631470958 -0.1051950320157245 1.483327983293578
0.5550811675162735 -0.1058100575472182 1.476830672922331
0.5793581823276867 -0.1066592688971611 1.468405745831098
0.6115780909719032 -0.1078296403138094 1.457737980454512
0.6537449835450774 -0.1094353813705071 1.444670746852423
0.707908102977199 -0.1116186441501652 1.429389030240631
0.7758017091077416 -0.1145402865687178 1.412647044496248
0.8583035512375374 -0.1183523294572303 1.395955579301933
0.954797695658905 -0.1231471560719155 1.38156880921037
1.062669838687953 -0.1288921864177295 1.372099721349741
1.177262302131282 -0.1353806199862807 1.369750401001872
1.292526982396544 -0.1422399648453632 1.375455901096428
1.402267146730068 -0.1490149825584647 1.388452502134323
1.50145590956196 -0.1552890855237695 1.406579675386317
1.587049057863808 -0.1607789331064379 1.427110930224913
1.658065665064952 -0.1653625685112975 1.447594170552213
1.715132534544531 -0.1690510394278325 1.466325600083221
1.759843879769043 -0.1719372901531283 1.482418294786902
1.79419573841481 -0.1741494900965398 1.495629033448712
1.820198200932647 -0.1758196498737381 1.506118503766893
1.839661549267032 -0.17706685666281 1.514246358028864
1.854109293147342 -0.1779909038931346 1.520432728954675
1.86476803028271 -0.1786716508596247 1.525080282297694
1.872595861237971 -0.1791711075799908 1.528538674119829
1.878325565555305 -0.1795364777491427 1.531094358947845
1.88250934716594 -0.1798031930954755 1.532973445705657
1.885558917242893 -0.1799975683944815 1.534350002811516
1.887778823030561 -0.1801390813647353 1.535355699515647
1.889393306409759 -0.1802420231641539 1.536089045034514
1.890566705358375 -0.1803168659156609 1.536623053049338
0.4840417059678858 -0.1283830736725846 1.474938054005506
0.4851402074057738 -0.1284189872792326 1.474530296134752
0.4866517231434199 -0.1284685051597904 1.473970249557204
0.4887302867278793 -0.1285367813315183 1.473202045836071
0.4915862467463915 -0.1286309822793918 1.472150158110046
0.4955058753502814 -0.1287610141586451 1.47071335514904
0.500876842847216 -0.128940660831659 1.468757394817661
0.5082205580833016 -0.1291891165965116 1.466107128919493
0.5182315739992697 -0.129533214212039 1.462539343552498
0.5318224643896247 -0.130010616828533 1.457779522190637
0.5501690430927136 -0.1306743232658054 1.451508597843637
0.5747438919424512 -0.1315989784186759 1.443390005893985
0.607315525952543 -0.1328889871007378 1.433132559847783
0.649876159085061 -0.1346876927490678 1.420606719503978
0.7044485256304654 -0.1371839389469666 1.406023881621434
0.7727237592610066 -0.1406081233419422 1.390156561906192
0.8555232370673377 -0.1452048478434235 1.374514520569928
0.9521726747620909 -0.15117043003265 1.361319729653193
1.060016049726685 -0.1585591678266584 1.353117003291909
1.174389678263391 -0.1671937418035294 1.352015239937095
1.289282441980507 -0.1766405034765769 1.358858233576162
1.398564844081196 -0.1862905385932324 1.372821455402471
1.497281435078349 -0.1955187041916543 1.391725665418177
1.582441460029061 -0.2038362406082438 1.412858753874918
1.653091839103331 -0.2109664541372828 1.433798518935317
1.70986606333001 -0.2168356079741686 1.452872857930911
1.754352468659415 -0.221515383523451 1.469222012861237
1.788535933248384 -0.2251569394923497 1.482624089829641
1.814414564117882 -0.2279390569829746 1.49325599803724
1.833787945037231 -0.230035665729705 1.501489634683653
1.848170860689011 -0.2315997647949484 1.507754371499373
1.858783146707726 -0.2327579576347124 1.512459842609289
1.866577826948542 -0.2336109188637076 1.51596094957161
1.872283939657996 -0.2342365969685771 1.518548080490367
1.876450966894716 -0.2346942251027914 1.520450283094188
1.879488656285519 -0.2350282152497969 1.521843810523082
1.881700153500359 -0.2352716049714607 1.522861956741957
1.883308689388536 -0.2354487733041304 1.523604427081047
1.88447788333003 -0.2355776366359456 1.524145118246163
0.4772844784562925 -0.1516036625991528 1.448674167381293
0.4784037005738953 -0.1516425735894645 1.448281560590696
0.4799434473570616 -0.151696225561761 1.447742419104492
0.4820603795554372 -0.1517702086503399 1.447003046083448
0.4849683064163424 -0.1518722948031509 1.445990893112188
0.4889579891840849 -0.1520132395201843 1.444608804146231
0.4944227864340304 -0.1522080291545021 1.442728085793259
0.5018910741513536 -0.1524775883774662 1.440181101768275
0.512065504592404 -0.1528512990343582 1.43675471613591
0.5258672942102753 -0.1533707000532581 1.432187750141083
0.544480113556287 -0.1540949068742421 1.426178428939919
0.569381209301066 -0.1551085557257415 1.418411894690619
0.6023368962933769 -0.1565327318733509 1.4086228248773
0.6453256776751685 -0.1585385457926319 1.396709870155297
0.7003406663207798 -0.1613595127925664 1.382910320084341
0.7690256391750663 -0.1652929975373316 1.368011753031149
0.8521408087969217 -0.1706732923239918 1.353516049989931
0.9489489875755409 -0.1777978414076614 1.341602584085952
1.056748911725447 -0.1868058013409745 1.334735803902417
1.170869072630231 -0.1975491619606795 1.334920829074386
1.285335835726967 -0.2095357071513312 1.342904887636422
1.394090180556737 -0.2220079914274437 1.357804520425065
1.492253820875467 -0.2341383479737022 1.377429817069926
1.576896458419701 -0.2452374250208441 1.399094071081043
1.647099428839355 -0.2548762845045681 1.420415539840183
1.703507725729104 -0.2628967316338821 1.439761724014321
1.747706404990186 -0.2693481861093704 1.456304674838963
1.781669843594107 -0.2744032959204635 1.469845684380703
1.8073835046623 -0.2782861285342125 1.480577856566649
1.826634918145246 -0.2812242140501034 1.48888427461426
1.840928557967182 -0.2834228028207068 1.49520207823683
1.851475963708915 -0.2850545437903425 1.499946360777407
1.859223737639906 -0.2862582780905296 1.50347591035924
1.864896065971873 -0.2871423485185378 1.506083910432541
1.869038826350051 -0.287789544969156 1.508001435947784
1.872059119342061 -0.2882622048013754 1.509406216266722
1.874258169944098 -0.2886068071814365 1.51043263022216
1.875857808197777 -0.2888577348563588 1.511181173573301
1.877020645077178 -0.2890402898080078 1.511726324289802
0.4699169358679249 -0.1731115172415102 1.422549362296719
0.471058117541614 -0.1731546463164103 1.422174143690629
0.4726277871583839 -0.1732140966794438 1.421658972745945
0.474785390173023 -0.1732960466900249 1.42095262573901
0.4777484022021264 -0.1734090701142335 1.419985939392528
0.4818123357588594 -0.1735650186868026 1.418666377125218
0.4873765612215804 -0.1737803788380412 1.416871515182117
0.4949768009492041 -0.1740781422807537 1.41444216917225
0.5053242155737689 -0.1744905808243033 1.411176479390321
0.519349041998143 -0.1750633819680862 1.406828081111867
0.5382430406747398 -0.1758618582451835 1.401114215521877
0.5634880366438124 -0.1769803419708825 1.393743570306456
0.5968475158203327 -0.1785556980173048 1.384478328516789
0.6402848928466343 -0.1807850634121173 1.373246199564308
0.6957614533514762 -0.1839438697293025 1.360309580767613
0.7648707440096272 -0.1883926287822923 1.346467614230923
0.8483086737502497 -0.194550597515972 1.333207273699625
0.9452722310359074 -0.2028112564100699 1.322654936478702
1.053012581491958 -0.2133943592294333 1.317182736826898
1.166848939141728 -0.2261796306547602 1.318681880538264
1.280845011250425 -0.2406191053105038 1.327798254944817
1.389014003494248 -0.2558141097404295 1.343591814986713
1.486558641240105 -0.2707440953779673 1.363870385984931
1.570614346930746 -0.2845279744404877 1.385984002269901
1.640302201067688 -0.2965904697196667 1.407602235704216
1.696282854120425 -0.3066914623372951 1.427140327994833
1.740140492241939 -0.3148580541874332 1.443806899093106
1.773839765227183 -0.3212828415451646 1.457428276946865
1.79935309741517 -0.3262330523164204 1.468213624995133
1.818454919796515 -0.3299876629553622 1.476555987394605
1.832638106351685 -0.3328022634592508 1.482898615431719
1.843104622728322 -0.3348939712404764 1.487660374403648
1.850793513215694 -0.3364385494645499 1.491202423304979
1.856423164755658 -0.3375737805194509 1.493819472368241
1.860535093063367 -0.3384052927078962 1.495743607890812
1.863533162260371 -0.3390128137307996 1.497153245701347
1.86571622727297 -0.3394558720606203 1.498183247452553
1.867304379146559 -0.3397785652776704 1.498934446795432
1.868458968384527 -0.3400133706561391 1.499481566173775
0.4622053741160634 -0.1927715987334546 1.396840251330749
0.4633690431431858 -0.1928201954770039 1.396484498905821
0.4649693559642772 -0.1928871479826345 1.395996144178565
0.4671686087712563 -0.1929793788423028 1.395326715144875
0.4701880289715242 -0.1931064654325994 1.394410808972105
0.4743279872340233 -0.1932816100455319 1.393161010010016
0.4799939940896698 -0.1935231069829079 1.39146182699625
0.4877292616059941 -0.1938563652682264 1.389163389361034
0.4982535994812836 -0.1943169047214706 1.386076208138379
0.5125063668152324 -0.1949548532188858 1.381970073290118
0.5316874140557218 -0.1958418147141729 1.376582792994282
0.5572829523686637 -0.1970815121327312 1.369648226699665
0.5910531487923816 -0.1988256121606144 1.36095745795385
0.6349454645016751 -0.2012953133372453 1.350467862338502
0.6908881320542553 -0.2048047086210448 1.338465929449152
0.7604230327563161 -0.2097727112012583 1.325758738303884
0.8441803653279305 -0.2166973675523431 1.313811393848757
0.9412900811354276 -0.2260612224871681 1.304687215269301
1.048954720291992 -0.2381584485203242 1.300654668319711
1.162483228143358 -0.2528936478860992 1.303481626664062
1.275975952433008 -0.2696659516887014 1.313708479612808
1.383518590925394 -0.2874443917278017 1.330341304445946
1.480396726795233 -0.305028085710835 1.351194203867613
1.563814784514388 -0.3213564357821264 1.373665336883021
1.632937377740708 -0.3357166888951119 1.395486499751062
1.688444040568857 -0.3477913319185512 1.415128874391348
1.731920136183487 -0.3575860172289489 1.431842430687563
1.765321400873174 -0.3653118044957446 1.445480335593665
1.790607094181468 -0.3712764607295682 1.456267566619965
1.809537865383046 -0.3758074961712529 1.464605754988994
1.823594069492297 -0.3792081100350026 1.470942446629377
1.833967153683299 -0.3817375484886135 1.475698438993869
1.841587747177196 -0.383606597903543 1.479235612482544
1.84716771407307 -0.38498099238262 1.481848824423372
1.851243624375494 -0.3859880604157601 1.483770067651053
1.85421564869698 -0.3867240619941453 1.48517758535828
1.856379921514179 -0.3872609381489241 1.48620606683644
1.857954530411246 -0.3876520295384395 1.486956191043157
1.859099367646704 -0.3879366427402295 1.487502558136272
0.454405097639299 -0.2105127819090023 1.371795181293521
0.4555910306462754 -0.2105681412096168 1.371460658297434
0.4572216812759733 -0.2106443627007699 1.371001532521283
0.459462166309992 -0.2107492766343416 1.370372318765537
0.4625374240485346 -0.2108936768251619 1.369511690661517
0.4667526275538245 -0.2110923866661583 1.368337775420279
0.4725193520643932 -0.2113658404321559 1.366742570892452
0.4803881976612022 -0.2117422507515301 1.364586242684413
0.4910874873772034 -0.2122607958968842 1.36169258721161
0.5055655242892476 -0.2129764087571756 1.357848664477033
0.5250300210960666 -0.2139671710830701 1.352814130639699
0.5509712982748917 -0.2153459860195018 1.346349340735639
0.5851458970661669 -0.2172783930969614 1.338275372967586
0.6294850429905593 -0.220007586783436 1.32857964183946
0.6858837589094424 -0.2238826505215786 1.317571645847453
0.7558323531386256 -0.2293752304690561 1.306062994047419
0.8398957047581872 -0.2370544530973639 1.295490563135638
0.9371372507899183 -0.2474829511763326 1.287845522437117
1.044711131900737 -0.2610211452403097 1.285282462903273
1.157915507589929 -0.277594387300562 1.28943748866149
1.270886132448715 -0.2965518141180526 1.300741818063456
1.377779986042491 -0.3167406625899776 1.318150258710024
1.473965292487378 -0.3367949457771152 1.339491263879528
1.55671663195104 -0.3554898227110518 1.36222199563375
1.625244205679732 -0.3719865700561478 1.384147049208834
1.680248548884048 -0.3858965928203222 1.403801596372052
1.723317757833791 -0.3972058008016235 1.42048169080715
1.756399448349704 -0.4061423070966828 1.434069115623652
1.781439853592828 -0.413051384284762 1.444804372784358
1.800185552265575 -0.4183055158585983 1.453096239258929
1.814103880238176 -0.4222520745100246 1.4593946575717
1.824375207718227 -0.4251894353999495 1.464120434623856
1.83192122025889 -0.4273609412759676 1.467634446353333
1.837446801441294 -0.4289583263014448 1.470230251819865
1.841483200002466 -0.430129114992947 1.472138591771754
1.844426595486404 -0.4309849597775708 1.473536634926133
1.846570171524632 -0.4316093639392294 1.474558209835765
1.84812983737487 -0.4320642795928386 1.47530332294183
1.849263895473117 -0.4323953779099814 1.475846066313371
0.4467795533812884 -0.2262571658334588 1.347574895765797
0.4479864946316406 -0.2263210242137225 1.347262540731587
0.4496457674475319 -0.2264088915181407 1.346833923611505
0.4519251461763308 -0.2265297344056832 1.346246667524226
0.4550530644462797 -0.2266958669545293 1.345443684682808
0.4593392161993188 -0.2269241319546954 1.3443488599247
0.4652008819645883 -0.2272376147864426 1.342861960499083
0.4731956043267717 -0.227667968753953 1.340853546842339
0.4840596916853023 -0.2282587894076723 1.338161145818644
0.4987498073200093 -0.2290706541233359 1.334589613609996
0.5184809513899314 -0.2301889326815887 1.329921027593768
0.5447471079063647 -0.2317362630688099 1.323942769918505
0.5793010583011365 -0.2338919534391573 1.316506225750963
0.6240582001090266 -0.2369197943639111 1.307628640129811
0.6808815110501707 -0.2412002892088461 1.297641366826612
0.7512117370361587 -0.2472511166062001 1.287357983771395
0.8355511114845614 -0.2557020780449056 1.278182910297798
0.9328993425687069 -0.2671824426095197 1.272029558013525
1.040364206692238 -0.2821051479270587 1.270932747205692
1.153233525113933 -0.3004070869950675 1.276392334722894
1.265677055159462 -0.321387575351106 1.288728924020567
1.371920456290284 -0.3437833237751477 1.306848386192105
1.467412015587495 -0.366082475131476 1.328599159593736
1.549494863219443 -0.3869169427452004 1.351504842163033
1.617424336509885 -0.40533915996995 1.373450150351049
1.671922284022889 -0.4209000036784825 1.393039922582804
1.714580112188896 -0.4335697988025169 1.409619661512819
1.747337832140646 -0.4435931925298414 1.423100978007832
1.77212898282713 -0.4513497560437723 1.433739557713281
1.790686225436393 -0.4572526337228939 1.441950100932027
1.804463902708182 -0.4616889644403207 1.448183371991167
1.814631261369921 -0.4649922780174083 1.452858598626763
1.822100964370837 -0.4674351375393602 1.456334226434708
1.827570828583135 -0.4692326009401649 1.458901320815632
1.831566700944362 -0.4705503054402798 1.460788411109628
1.834480700529241 -0.4715137064212137 1.462170843792619
1.836603002756199 -0.4722166764031039 1.46318101517262
1.838147293481353 -0.4727288899065441 1.463917828943672
1.839270250060055 -0.4731017263453563 1.464454548216163
0.4396313541474278 -0.2398601472867632 1.324222842691595
0.4408569643658785 -0.2399343757495018 1.323932654216716
0.4425416633508311 -0.2400364556615796 1.323534533592996
0.4448555798575028 -0.2401767446999405 1.322989202751424
0.4480302427949662 -0.2403694199992258 1.322243796602918
0.4523793458712062 -0.2406338033424897 1.321227929973482
0.4583252124593933 -0.2409962384017147 1.319849092794413
0.4664315117993867 -0.2414926085365549 1.31798816045786
0.4774415808790177 -0.2421719253503937 1.315496254212058
0.4923194043370531 -0.2431016208835305 1.312195795873775
0.5122862826371593 -0.2443757160625384 1.307890896770543
0.538839166697288 -0.2461279136030746 1.30239532761555
0.5737270212250584 -0.2485521738178905 1.295589757919703
0.6188504130180429 -0.2519325518900469 1.287519701646824
0.6760426715263371 -0.2566782234649704 1.278536148272143
0.7466988535203595 -0.2633462316627243 1.269451812159272
0.8312635078695919 -0.2726152487077569 1.261635600924309
0.9286777581277935 -0.2851644684264546 1.256920733403806
1.036007088503913 -0.301440702294044 1.257221538766086
1.148530778324794 -0.3213777266190022 1.26390337756687
1.260451515400555 -0.3442210057701879 1.277180283740213
1.366060133021112 -0.3686066516249298 1.295914494089981
1.460880337564214 -0.3928981825203208 1.317979806074978
1.542319445362034 -0.4156097022257168 1.340970882185728
1.609674717207902 -0.4357071040718796 1.362855981397497
1.663687445365947 -0.4526957151219964 1.38231159716514
1.705951581865376 -0.466537372171521 1.398733269864423
1.738399499592516 -0.4774941732373882 1.412061910948115
1.762952403985615 -0.4859770808194608 1.422567155468883
1.781329555387326 -0.4924352009758216 1.430668077837204
1.794972835503141 -0.4972903211907553 1.43681468577154
1.805040845093455 -0.500906357862886 1.44142318994421
1.812437621542035 -0.5035810121703482 1.444848383136829
1.817854230286816 -0.5055493480302845 1.447377844448853
1.821811359010206 -0.5069925098752526 1.449237111163328
1.824697249201658 -0.5080477555884415 1.450599106591475
1.826799203371995 -0.5088178178257513 1.451594339486199
1.828328784045531 -0.5093789656965065 1.452320270021187
1.829441116364095 -0.5097874519271994 1.452849079140804
0.4332472983569058 -0.2512159063788672 1.301777481211918
0.4344886203629985 -0.2513016852162012 1.30150913825661
0.4361947059053549 -0.2514196000920477 1.301141062208376
0.4385376555080839 -0.2515815650808128 1.300637018557453
0.4417515885427586 -0.2518038459618755 1.299948286028306
0.4461535413133216 -0.2521085520868603 1.299010093797877
0.4521700452701081 -0.2525257031095577 1.297737485344691
0.4603698695811804 -0.2530959731016825 1.296021399561976
0.471502178453919 -0.2538745277261377 1.293726174846221
0.4865369791590301 -0.2549365917891919 1.290691228605516
0.5067006505393085 -0.2563859570646143 1.286741840944495
0.5334922750299661 -0.258368567214008 1.281716864944233
0.5686570031639251 -0.2610939295121075 1.275524314186489
0.6140819431186479 -0.2648662771815166 1.268235191084261
0.6715739522370608 -0.2701212233219623 1.260216374862883
0.7424874573336687 -0.2774492672206627 1.252275157708674
0.8272157498007137 -0.2875670771621777 1.245740256745464
0.92464801920945 -0.3011880309031741 1.242361274833194
1.031812789147897 -0.3187749910601206 1.243931634309818
1.143983338893813 -0.3402443852198215 1.251686013255181
1.255394247046975 -0.3647836378236146 1.265739639682941
1.360397257242044 -0.3909375011527974 1.284920996178111
1.454585420583843 -0.4169652382778307 1.307138899753097
1.535424093846841 -0.4412879061352256 1.33006677166636
1.602247530502869 -0.462806869045972 1.351761333238176
1.65581327458581 -0.4809968970476624 1.370972849319646
1.69771627222148 -0.4958185824754431 1.387146703242363
1.729880931386212 -0.5075525341608333 1.400251347587084
1.754216547379283 -0.5166382788967933 1.410567790687227
1.772429762050832 -0.5235562002836711 1.418516678479778
1.785950876513212 -0.528757585991523 1.424544608258508
1.79592867663428 -0.5326319169145617 1.429062460338164
1.803259289477727 -0.5354978893857174 1.432419463809492
1.808627611385463 -0.5376071979088108 1.434898190067118
1.812549627626073 -0.5391538388133296 1.436720004164752
1.815410052104601 -0.5402848308596243 1.438054506614143
1.817493577148684 -0.5411102251048593 1.439029642147347
1.81900983797941 -0.5417117322404291 1.439740923547472
1.820112551840779 -0.5421496241600523 1.440259076733873
0.4278361800559951 -0.2603316657898068 1.2803368767533
0.4290900455935711 -0.260429291618059 1.280090406383956
0.4308131908726904 -0.2605634529187683 1.279752400825098
0.4331792793939341 -0.260747667325924 1.279289660871457
0.436424481572182 -0.2610003575673632 1.278657592044332
0.4408684750023194 -0.2613465207509068 1.277797003549376
0.4469411090632964 -0.261819999706851 1.276630426492869
0.4552151600034893 -0.2624664752911094 1.27505873858336
0.4664443443048409 -0.263347579020917 1.27295926423419
0.4816033213070176 -0.2645467602703713 1.27018799628694
0.5019222756825898 -0.2661781317027943 1.266590636049647
0.5289015896269492 -0.2684004628686648 1.262029825660601
0.5642827092765934 -0.2714391615067918 1.256438766431375
0.6099409243600663 -0.2756181718424498 1.249910533327002
0.6676602717952392 -0.2813972435244806 1.2428228544437
0.7387602939352039 -0.2893948773525469 1.235970868605484
0.8235902801029008 -0.3003560734016564 1.230635338395704
0.9209949578892817 -0.315014793238089 1.228475194602507
1.027971831475168 -0.3338350970211341 1.231159254625904
1.139790915553107 -0.3567050436146907 1.239793651523676
1.250717292496909 -0.3827523031133903 1.254403539765358
1.355158493609043 -0.4104403822240348 1.27379728506882
1.448769662405353 -0.4379437675414855 1.295933954109928
1.529066834780304 -0.4636131720760324 1.318579207234478
1.595415325761918 -0.4863050868128247 1.339887763512192
1.648585093283762 -0.5054767232486627 1.358688565335864
1.690170244937396 -0.5210933054680619 1.37447767317904
1.722086903983089 -0.5334542440860567 1.387249055719535
1.746233066483158 -0.5430244764770275 1.397291503855061
1.764303810961909 -0.5503109236484871 1.40502311127909
1.777719028560153 -0.5557893102878361 1.410883070271512
1.787618790205583 -0.5598700009059692 1.415273409586913
1.794892258054627 -0.5628886939274225 1.418534868654959
1.800218928999956 -0.5651104751897423 1.420942673913289
1.804110690242767 -0.5667396512203985 1.422712201672012
1.806949191485966 -0.5679310511672552 1.424008343552802
1.809016863324224 -0.56880057312966 1.424955437657482
1.81052167384007 -0.569434269970165 1.425646272405654
1.811616124246913 -0.5698956187010201 1.426149543769155
0.4235224692692729 -0.2672985189046909 1.260031795372115
0.4247855823428952 -0.267407809213223 1.259807715731225
0.4265212871155281 -0.2675579727551582 1.259500480633346
0.4289043858366487 -0.2677641148062097 1.259079984388678
0.4321725403948786 -0.2680467997249916 1.258505830450015
0.4366473430907558 -0.2684339026334157 1.257724490281807
0.4427610402160085 -0.2689630951928208 1.256666066598391
0.4510892870416824 -0.2696851027561132 1.255241439036049
0.4623890414862611 -0.2706681165780445 1.253340911233733
0.4776382161764147 -0.2720039865827176 1.250836878848674
0.4980695247028728 -0.2738174101073327 1.247594952158734
0.5251838632147952 -0.2762802648865457 1.243500417848149
0.56071921763345 -0.2796339101139275 1.238509442279609
0.6065409658330194 -0.2842212467085602 1.23273328205205
0.664414409840571 -0.290523601005278 1.226554358340928
0.7356305596992319 -0.2991818204577891 1.220746991933754
0.8205026945497751 -0.3109595119631194 1.216533523636057
0.9178393186869429 -0.3265978450250138 1.215472150540446
1.024613500489626 -0.3465478776816563 1.219100996037705
1.136095048690019 -0.3706593691655184 1.228399055651922
1.246577979910268 -0.3979998319465712 1.243311643157819
1.350519721370858 -0.4269628451153261 1.2626440228975
1.443629011042375 -0.4556584609759316 1.284424874333981
1.52346376716348 -0.4823902297306867 1.306529231378282
1.589413147505854 -0.5059895820495449 1.327221783565603
1.642254783962248 -0.5259090889399995 1.345416174553425
1.683579666521073 -0.5421242365114296 1.360660076041524
1.715295255901645 -0.5549531827911728 1.372970441012661
1.739289061091551 -0.5648827372532254 1.382639479772639
1.757245985927842 -0.5724412401773805 1.390077792666794
1.770577053239935 -0.5781234492610882 1.395712425193087
1.78041507075144 -0.5823556418910554 1.399932402451723
1.787643486447088 -0.5854862892738514 1.403066540504196
1.792937418172671 -0.5877904426609855 1.405379987500322
1.79680545800536 -0.5894800327180683 1.407080012025719
1.799626808184603 -0.5907156389461112 1.408325182682993
1.801682102411033 -0.5916174525586918 1.409235018537027
1.803177989020008 -0.5922747078853273 1.409898680843862
1.804266009866224 -0.5927532275997955 1.410382168049902
0.420374955912487 -0.2722274347058474 1.240987109735221
0.4216437262228384 -0.272348333663983 1.24078600213981
0.423387088832285 -0.2725144318837996 1.24051032377837
0.4257805233389597 -0.2727424267325202 1.240133128457196
0.4290625750274308 -0.273055037872581 1.239618298010051
0.4335559624372792 -0.2734830503078946 1.238918059365067
0.4396943313374174 -0.2740680298277934 1.237970181719068
0.448054998302653 -0.2748658691084868 1.236695617611459
0.4593967551814194 -0.2759515324510627 1.234997641144572
0.474699280438376 -0.2774256079401597 1.232764853493739
0.4951964875027803 -0.2794238453461926 1.229882192562265
0.5223890305839811 -0.2821317367896883 1.226256297795093
0.5580118527715451 -0.2858068183541139 1.22186380981318
0.6039227072509924 -0.2908101730864878 1.21682984925466
0.6618728762942722 -0.2976416989348754 1.211534797827679
0.7331320586711608 -0.3069578020534344 1.206722891702738
0.8179865491512207 -0.3195290038490795 1.203547269927549
0.9152179368454914 -0.3360876877666336 1.203455791798235
1.021782365951851 -0.3570550854523791 1.207851440558985
1.132953052747616 -0.3822310476780651 1.217590249181652
1.243051299900428 -0.4106225910410496 1.232550994344647
1.34657766192169 -0.4405666450169173 1.251554941560609
1.439284390972647 -0.4701324228365214 1.272719899078091
1.518760578433155 -0.4976030351250015 1.294045638278722
1.584410243275057 -0.5218076068151905 1.313915958175756
1.637012688570036 -0.5422088729323455 1.33133239450601
1.678152855241057 -0.5587990326800094 1.345893042496373
1.709729036022247 -0.571914945519477 1.357634107462807
1.733619289553144 -0.5820612708521287 1.366846442852122
1.751500139592441 -0.5897819454974805 1.373928325061559
1.764775743885423 -0.595584610765517 1.379290297365353
1.774573539954994 -0.5999058001362321 1.383304714170657
1.781772896892151 -0.6031019441576636 1.386285513860781
1.787045890450539 -0.6054541599162793 1.388485456385337
1.790898871471308 -0.6071789445915884 1.390101934037537
1.793709405570843 -0.6084402825227352 1.391285856659897
1.795756941757894 -0.6093608883378541 1.392150927127358
1.797247266551008 -0.6100318558560772 1.39278194005426
1.798331301288061 -0.6105203743085328 1.393241651102053
0.4184064769866142 -0.2752484575663063 1.223325643610419
0.4196769533795791 -0.275381433000312 1.223147512068335
0.4214225797765374 -0.2755641192302452 1.222903384107948
0.4238190061190959 -0.2758148838581502 1.222569459941398
0.4271049937292623 -0.2761587158123454 1.222113873186875
0.4316035235592222 -0.2766294779368669 1.221494555612314
0.4377485510414358 -0.2772728780693332 1.220656846302129
0.4461177290819975 -0.2781503406876257 1.219531590532569
0.4574701623482478 -0.2793441283725268 1.218034701680912
0.4727857070830893 -0.2809642911622763 1.21607038863262
0.4932980949797384 -0.2831585435773359 1.213541864010139
0.5205070318514081 -0.2861269423797558 1.210375323077203
0.5561450542776074 -0.2901437361509003 1.206564947200001
0.6020650290438179 -0.2955873550773932 1.202245217128613
0.660009641912135 -0.3029725059912312 1.197788145349495
0.7312354213354535 -0.3129626035229824 1.193900085501923
0.8160117136709122 -0.3263205713738299 1.191657245805362
0.913103429445259 -0.3437506044579242 1.19239244458184
1.019457955339855 -0.3656243252795608 1.197375380360147
1.130355709592851 -0.3916787689634084 1.207349451789204
1.240143171569268 -0.4208611401594786 1.222143883002385
1.343356135302306 -0.4514679588176103 1.24061433557252
1.435778738970744 -0.4815549157147334 1.260981960599454
1.515018963118593 -0.5094146599679173 1.281378475537149
1.58048547148598 -0.5338988831533302 1.300307526187202
1.632952512944764 -0.5544962301593 1.316855154057434
1.673995808137879 -0.5712221478920008 1.330664785899222
1.70550408015619 -0.5844317595670508 1.341786710226429
1.729347267104489 -0.5946429759322861 1.350505959664095
1.747195669837768 -0.6024089189243448 1.357204945893952
1.760448942862275 -0.6082434418285726 1.362275029299565
1.770231364270402 -0.6125872474421912 1.366069914644869
1.777420123654326 -0.6157995728961094 1.368887219617493
1.782685802352935 -0.6181634406736332 1.370966269500499
1.78653372736578 -0.6198966599153426 1.372493822603066
1.789340763266397 -0.62116412667105 1.373612580668391
1.791385880308587 -0.622089199890049 1.374430032222827
1.792874530997804 -0.622763430059678 1.375026316153595
1.793957406718741 -0.6232543343750365 1.37546073520799
0.4175701000338691 -0.2765202047356637 1.207169109364196
0.4188381469298683 -0.2766663012075288 1.207012699387577
0.4205803918492979 -0.2768670204965483 1.20679838967955
0.4229721254095912 -0.2771425570752691 1.206505344031834
0.4262516286739083 -0.2775203884667303 1.206105693521966
0.4307412453237665 -0.2780377636515418 1.20556272139104
0.4368741085147148 -0.2787449641597187 1.204828843735766
0.4452268370336542 -0.2797095459570918 1.203844110686636
0.4565572857138492 -0.2810218855329172 1.202536114320852
0.4718438770578082 -0.2828025566399402 1.200823332965645
0.4923187973959992 -0.2852125053214136 1.198625404673162
0.5194801898470253 -0.2884676008088827 1.195885570017428
0.5550590238432607 -0.2928594453837708 1.192612262101367
0.6009063582788527 -0.2987826928508995 1.188945285392141
0.6587621763882041 -0.3067621913922426 1.185243903398219
0.7298785175942512 -0.3174581896494868 1.182172942990765
0.8145183026539785 -0.3316094009447995 1.180730715972961
0.9114402592298948 -0.3498706101946479 1.182139149901116
1.017591021882524 -0.3725436063669471 1.187545517570106
1.128261296854491 -0.3992913735240154 1.197597007587382
1.237819452719636 -0.4290053484602021 1.212090653417022
1.340827338687196 -0.45996134890439 1.229928763478958
1.433088413613651 -0.4902307570794178 1.249439240212246
1.512216989603636 -0.5181454418567798 1.268880917018056
1.577616507038141 -0.5426026433732315 1.286867881928045
1.630050118886172 -0.5631302890147717 1.302560681790609
1.67108186504051 -0.5797716254718303 1.315639977595181
1.702591048962164 -0.5928983718334064 1.326164738131838
1.726441160277767 -0.6030365783931739 1.334411171595988
1.744298598564172 -0.6107421345266163 1.340744523799406
1.757560921509908 -0.616528711125534 1.345536697333617
1.767351436152531 -0.6208354860123785 1.349122997874309
1.774546999851873 -0.6240197548846381 1.351785184194684
1.779818187441102 -0.6263626502001919 1.353749647528859
1.783670463392032 -0.628080344072743 1.355192969238579
1.786480878950423 -0.6293363956519062 1.356250026983912
1.788528592960815 -0.6302531187971234 1.357022401456114
1.790019221594841 -0.630921262190386 1.357585813595747
1.791103593917136 -0.6314077406090972 1.357996293552717
0.4177418896735012 -0.2762647018202549 1.192628327398095
0.4190037801030623 -0.2764250513689648 1.1924907912875
0.4207375570839818 -0.2766453660917246 1.192302384231328
0.4231176755828822 -0.2769478324061292 1.192044837326981
0.4263813108348162 -0.2773626447084686 1.191693739658765
0.4308493618124052 -0.2779307544151653 1.191216994942045
0.4369531252566073 -0.2787074514186397 1.19057311261818
0.4452669609800221 -0.2797670138656459 1.189710036900415
0.4565460827105067 -0.2812087143448183 1.188565317023653
0.4717660542625897 -0.283164635180437 1.187069488286558
0.4921563295922143 -0.285810076341271 1.185155864143031
0.519212995993495 -0.2893777350112381 1.182781491021198
0.5546662930375914 -0.2941768962280993 1.179965577469154
0.6003683449317039 -0.3006170048916516 1.176850160012415
0.6580618508628142 -0.3092283008322751 1.173780224110777
0.7290022750848715 -0.3206582458101593 1.171380909619431
0.8134556121010859 -0.3356064523088167 1.170579942376148
0.9101836947850677 -0.3546603431990814 1.172502479447415
1.016139115088437 -0.3780362007567313 1.178193193353887
1.126624750196715 -0.4053162716861361 1.188223883786493
1.23602680513701 -0.4353428248007919 1.202374071275863
1.338924086567856 -0.4663896989940267 1.219595555629666
1.431127929444499 -0.4965686905876043 1.238313483186933
1.510248312459949 -0.5242741872481439 1.256896652277751
1.575675673205575 -0.5484657899120613 1.274051301770224
1.628157764717343 -0.5687195823553911 1.288997819055609
1.669245592466166 -0.5851087687651062 1.301444849265814
1.700809665847227 -0.5980193902072797 1.311455736784793
1.724708700976972 -0.6079810983062509 1.319297062808974
1.742607241546267 -0.6155473071567792 1.325318117829273
1.755902756957717 -0.6212264740916674 1.329873452618322
1.765719354819757 -0.6254518665064931 1.333282277415215
1.772935027001727 -0.6285752308222858 1.335812628195216
1.7782215079292 -0.6308729509380456 1.337679780327462
1.782085301511572 -0.6325573540779145 1.339051607386988
1.78490433075642 -0.6337889856949377 1.340056312810158
1.78695845569877 -0.6346878582242245 1.340790447903841
1.788453837274661 -0.6353429843640992 1.341325977889227
1.789541723052123 -0.6358199866420825 1.341716153531909
0.4187379463506926 -0.2747563030508557 1.179772399493809
0.4199908488337942 -0.2749316936671372 1.179649664556153
0.421712294686285 -0.2751726900425925 1.179481568058698
0.4240755421666735 -0.2755035835991802 1.179251850812121
0.427316186473774 -0.2759574408472035 1.178938806544405
0.4317530699760333 -0.2765791285021397 1.178513948303761
0.4378148843639446 -0.2774292333209455 1.177940536903077
0.4460728019787216 -0.2785891401585571 1.177172656087209
0.4572783402439702 -0.2801675128205371 1.176155569181879
0.4724031223345084 -0.2823085386162765 1.174829096111892
0.4926729665878282 -0.2852024967041252 1.173136975286772
0.519581526736132 -0.2890993572935543 1.171046573469833
0.5548589499148889 -0.2943259029013206 1.168584736221896
0.6003606326264803 -0.301304769910719 1.165894034945144
0.6578361894198248 -0.310567514361616 1.163306622137664
0.7285507032179803 -0.3227413323461489 1.161414645273924
0.8127807304117846 -0.3384759326550815 1.161088902737784
0.9092984928113893 -0.358279304829834 1.163378251181458
1.015067554067306 -0.3822730119168141 1.169248510712717
1.125403770326482 -0.4099567398609505 1.17921619023774
1.234707027928138 -0.4401312483526355 1.193052194421881
1.337565121662233 -0.4710834928745862 1.209751795671322
1.429788072832943 -0.5009831950417044 1.227819087163551
1.508973694784122 -0.5283021818952425 1.245709387257798
1.574494324312487 -0.5520720161587708 1.26219972048434
1.627079995912544 -0.5719210418238938 1.276555191764253
1.668268431307782 -0.5879523697401544 1.288504272245081
1.699922305461914 -0.6005638646864231 1.298112104695483
1.723897042984077 -0.6102852354722283 1.305636637368743
1.74185690190588 -0.6176637362416059 1.311414011489502
1.755200696616537 -0.6231992624097622 1.315784839442951
1.765054543112893 -0.6273163476025138 1.319055563449636
1.772298537185632 -0.6303589162496605 1.321483413292817
1.777606326872111 -0.6325968294485671 1.32327495200183
1.78148602976896 -0.6342372125889295 1.324591249039174
1.784316871660731 -0.6354365744248308 1.325555304255923
1.786379733545629 -0.6363118628087602 1.326259753433517
1.787881557417867 -0.6369497889943648 1.32677364087617
1.788974182611853 -0.6374142665390644 1.327148057324439
0.4203308102619486 -0.2723165511945375 1.168599274395944
0.4215732095186968 -0.272506926549109 1.168486875117917
0.4232802587820449 -0.2727685275490833 1.168332961110795
0.4256238275395289 -0.273127742981933 1.168122675121149
0.4288376784917944 -0.2736205007576879 1.167836197065154
0.4332382713765052 -0.2742955676249278 1.167447554342378
0.4392512822767852 -0.2752188042004373 1.166923313848064
0.4474441981429876 -0.2764786652220044 1.166221822913296
0.458564270207618 -0.2781931418395656 1.165293686211555
0.4735785890030454 -0.2805184070688634 1.164085122839089
0.4937088288648354 -0.2836594860768211 1.162546999021966
0.520445968955692 -0.2878831618295016 1.160653625465791
0.555520361036296 -0.2935328317781427 1.158436747770143
0.600791837731195 -0.3010427363345966 1.156038644123942
0.6580192507698046 -0.310943163959687 1.15378156820278
0.728480861629603 -0.3238373985144095 1.152233474309489
0.8124682262861288 -0.3403210683458834 1.152224260553513
0.9087683071721989 -0.360819405055149 1.154748788244305
1.014358443301621 -0.3853586663512877 1.160718051018262
1.124567357941642 -0.4133593980261563 1.170611457245858
1.233805243140284 -0.4435877691553758 1.184196481363705
1.336663397765362 -0.4743520349798855 1.200501666989455
1.428944961815792 -0.503886734604906 1.218088554128183
1.508231552090147 -0.5307452825680313 1.235474034903692
1.573875407443251 -0.5540325766215561 1.251484585063968
1.626588484662435 -0.5734286195588577 1.26541583339212
1.667895810620047 -0.5890647917030329 1.277009128144426
1.699653188723218 -0.6013488160034944 1.28632994277672
1.72371374509743 -0.6108085725936045 1.293629448749586
1.741742320352134 -0.6179835283160642 1.299234052189731
1.755139772546803 -0.623363695127983 1.30347424590236
1.765034763355552 -0.627363837683113 1.306647293553106
1.772309894772855 -0.6303192658157987 1.30900270270684
1.77764102508183 -0.632492720154074 1.310740834551599
1.781538102449038 -0.6340856775709993 1.312017927262114
1.784381812913847 -0.6352502791189041 1.312953293206485
1.786454172271336 -0.6361001635104664 1.313636796881834
1.787962986167781 -0.6367195608176427 1.314135417214961
1.789060745248529 -0.6371705436936769 1.314498718669737
0.4223133575743767 -0.2692346739947561 1.15904052202806
0.4235448666490867 -0.2694392292431359 1.158934122776843
0.4252369945244482 -0.269720328130754 1.158788443052968
0.4275601742146332 -0.2701063441394909 1.158589439477442
0.4307462726514278 -0.2706359125777572 1.158318387191717
0.4351092843032332 -0.2713614901303152 1.157950772078071
0.4410717631080815 -0.2723539259911236 1.157455077250502
0.4491973766985017 -0.2737083598582686 1.156792117020314
0.4602289476517543 -0.2755515961159404 1.155915578545099
0.4751288479231329 -0.2780511177180691 1.154775357891501
0.4951144164833522 -0.281425829738382 1.153326384179841
0.5216738030321585 -0.2859582623633317 1.151546858362097
0.5565375278391527 -0.292007203124861 1.149471117359019
0.601570080114951 -0.300017248488922 1.147240837734979
0.6585402143317656 -0.3105164359882838 1.145171836531954
0.7287406538182901 -0.3240838901971284 1.143817007503666
0.8124798402757082 -0.3412622414820942 1.143981174444388
0.9085615446954253 -0.3623968487688369 1.146626395884506
1.013978258785692 -0.3874232807583106 1.152630701757241
1.124071342248273 -0.415688321543175 1.162451790412765
1.233259230940519 -0.4459280234047356 1.175856429112615
1.33613367065294 -0.4764740575541314 1.191895116547651
1.428488212520733 -0.5056252140771489 1.209165940971204
1.507886809151021 -0.532014085348142 1.226224280217274
1.573661408470223 -0.5548159025975424 1.241926981159319
1.626506477252748 -0.5737596680006412 1.255587938607612
1.667935184264167 -0.5890031072036839 1.266955722373078
1.699797221599915 -0.6009626094731201 1.276095325104966
1.723943981032706 -0.6101635911645487 1.283253181300857
1.742041255319485 -0.6171374542886372 1.288749277309728
1.755492166633425 -0.6223642525483546 1.292907571640462
1.765428043614665 -0.6262490064803484 1.296019466400107
1.772734055326443 -0.6291184759359025 1.298329571182548
1.778088297022185 -0.6312283543539597 1.300034331459953
1.782002556220455 -0.632774537260586 1.301286944247508
1.784858978985628 -0.6339048546562698 1.302204406589332
1.786940711755117 -0.6347296807960061 1.302874845759932
1.788456418791262 -0.6353307991673388 1.303363947555146
1.789559236975272 -0.6357684674902703 1.303720321821929
0.4244961615601864 -0.2657824321117033 1.150964571409983
0.425717194804586 -0.265999906515717 1.150860607035238
0.4273949709847015 -0.2662987692275687 1.150718271231376
0.4296985421513286 -0.26670920131095 1.150523851760948
0.4328579517472941 -0.2672723036910299 1.150259070320635
0.4371848218379106 -0.2680438927401969 1.149900006128083
0.4430986985226227 -0.2690993587000445 1.149415921520119
0.451159564071264 -0.2705399243074695 1.148768631121575
0.4621059563259386 -0.2725004094751576 1.147913066271616
0.4768956606905486 -0.2751585754250448 1.146800595301044
0.4967417634523867 -0.2787459253675792 1.145387747459548
0.5231295662344059 -0.2835592514182351 1.143654197136869
0.5577895897348077 -0.2899712156565813 1.141635118916906
0.6025906554946098 -0.2984356087502309 1.139471537661366
0.6593110261610999 -0.3094780535354634 1.137475927758048
0.7292576088452861 -0.323655180456616 1.136193860391992
0.8127557469694934 -0.3414608176953453 1.13641818113181
0.908626279141658 -0.3631672011428473 1.139095346140226
1.013876946269667 -0.3886273350194398 1.145087766887189
1.123861168753347 -0.4171213960274056 1.154843147932443
1.233004313262638 -0.4473589685783351 1.168128869604433
1.335897147953574 -0.4776940492038521 1.184007558056477
1.428322942118978 -0.5064846870732536 1.20109671275018
1.507828371410852 -0.532435986947122 1.217971713952604
1.573726247317506 -0.5547873656737745 1.233504770484053
1.626694886925375 -0.5733124099998255 1.247018578918383
1.668236691724798 -0.5881927032820665 1.258264710091841
1.700195924357511 -0.5998523462423753 1.267307242826439
1.724422551146367 -0.6088143178694544 1.274389635789524
1.742583367167169 -0.615602489592355 1.279828172646565
1.756083662639368 -0.6206876809484523 1.283943169737065
1.766057273992196 -0.6244658988916689 1.287022822876236
1.773391765291786 -0.6272560031746633 1.289309094477328
1.778767309855349 -0.6293071795093678 1.290996331110886
1.782697399494008 -0.6308101704834796 1.292236108890465
1.785565530532402 -0.6319088269315929 1.293144196586508
1.787655893814112 -0.6327105097662833 1.293807802981182
1.78917794605504 -0.6332947442818625 1.294291931737968
1.790285420171462 -0.6337201129003316 1.294644690237027
0.450475807365267 -0.2169597819380606 1.177431518240439
0.4500253698103434 -0.2178925573007569 1.176547154759575
0.4493484844457362 -0.2192850645308977 1.175226549413565
0.4483427588322542 -0.2213340701353571 1.173282502432962
0.4468734496218721 -0.2242857998693812 1.170480143121376
0.444779393708313 -0.2284103564474813 1.166560356031181
0.4418988890221153 -0.2339345461470371 1.161302486347163
0.4381258033104727 -0.2409269193626005 1.154632523072723
0.4334909314886174 -0.2491698463240101 1.14674547971336
0.4513844167948164 -0.2150630332595619 1.175068666373409
0.4509697769104249 -0.2159311471589071 1.174100082307962
0.4503467793643814 -0.2172274805730831 1.172654897944064
0.4494211468221696 -0.2191361056262657 1.170529639788562
0.4480686276264563 -0.2218884966305014 1.16747006068653
0.4461401518643907 -0.2257409242791798 1.163197667246841
0.4434851234403361 -0.230913285211375 1.157479053081428
0.4400024819535936 -0.2374822432828978 1.150243778447404
0.435715625085928 -0.2452588307400552 1.141715011921715
0.4523765960421104 -0.2129681087706637 1.172917425926173
0.4520000522938243 -0.2137661168809971 1.171871930262538
0.4514343308472585 -0.2149582399734609 1.170312971829884
0.450593718460097 -0.2167147915678642 1.168022105644629
0.4493650169686784 -0.219251183633611 1.164727074688503
0.4476118819731398 -0.2228084448948557 1.160130970178264
0.4451954175855447 -0.2275984186255091 1.153987388026803
0.4420200033700562 -0.233705619574574 1.146227130365052
0.4381015362479092 -0.2409710437733586 1.137096917953841
0.4534367093765563 -0.2107015676015735 1.170986783177766
0.4530993295577526 -0.2114261042405009 1.169872962750437
0.452592484177936 -0.2125089251434978 1.168212843599712
0.4518392971025749 -0.2141056972475303 1.165774429831274
0.4507380453403987 -0.2164144507252616 1.162268843858777
0.4491657578736919 -0.2196591039628269 1.157381496283918
0.4469961986860497 -0.2240410640043954 1.150852045969591
0.4441404612594003 -0.2296502790598939 1.14260888872141
0.4406082662968986 -0.236356416606026 1.132915936564062
0.454549563830131 -0.2082899277973797 1.169279720200314
0.4542513252545879 -0.2089395450948684 1.168107065010963
0.4538033772606561 -0.2099106828792251 1.166359713892016
0.4531378055652988 -0.2113436281685954 1.163793689112151
0.4521646751409223 -0.2134176809795857 1.160105035066224
0.4507750797917068 -0.2163373001559842 1.154962309943624
0.4488567819785718 -0.2202897847650699 1.148090202390634
0.4463297670180105 -0.2253657894926567 1.139410609990087
0.4432003093929388 -0.2314594689227541 1.129197394969554
0.455701884683306 -0.2057566336623996 1.1677953626074
0.4554422557102246 -0.2063306853417165 1.166573261472308
0.4550524801094469 -0.2071889001521111 1.164752532518945
0.4544736415627961 -0.2084555327273688 1.162078902374221
0.4536278087579985 -0.2102898264810183 1.158235155426132
0.4524207536906855 -0.2128742859763763 1.152874377524625
0.4507555714507114 -0.2163779443615791 1.145706176956704
0.4485634688088288 -0.2208864288501918 1.136643051487292
0.4458503988851917 -0.2263126638390248 1.125962520062234
0.4568812594447859 -0.2031243825052676 1.166520427419576
0.4566601200806697 -0.2036210566908744 1.165257211868726
0.4563283466942942 -0.2043634996843909 1.163375519237746
0.4558360407573577 -0.2054592513046236 1.160612484275182
0.4551173712431017 -0.2070463194378706 1.156639699015448
0.454093061984189 -0.209283279451139 1.15109690133638
0.4526821550950632 -0.2123178430054553 1.143680087981407
0.4508282023037519 -0.2162265756274362 1.134292055884852
0.4485384365734318 -0.2209372556095089 1.123210866606083
0.4580763247024958 -0.2004147717785635 1.165440063267365
0.4578938291957182 -0.2008313750002284 1.164143156763246
0.4576202541852861 -0.2014539723097913 1.162211654200168
0.4572147218161523 -0.2023726714617822 1.159375777647759
0.4566234981157391 -0.2037031687739433 1.155298126969231
0.4557822422663106 -0.205578568033475 1.14960770850859
0.4546259000878011 -0.2081232590782603 1.141989515041629
0.4531102739496266 -0.2114026481416313 1.132338341868204
0.4512437114940804 -0.2153581037180796 1.120932298522742
0.4592808669735642 -0.1976387746167517 1.164558719250687
0.4591367069176805 -0.1979734435746067 1.16323522401435
0.4589208221657508 -0.1984733709662617 1.161264586142204
0.45860123798997 -0.1992107038139942 1.158371734009053
0.4581361449219487 -0.2002779885959893 1.154212412651037
0.4574759032568346 -0.2017815599586426 1.148407471543717
0.4565710869910783 -0.2038206135889724 1.140633528794916
0.4553895082858587 -0.2064470773422666 1.130779211018664
0.4539405703053632 -0.2096138321553269 1.119122440242371
0.4604888674021535 -0.1948076050843034 1.163878923896181
0.4603825519746444 -0.1950587240738384 1.162536027827279
0.4602235604615728 -0.1954335549389437 1.16053706131529
0.4599886354242442 -0.1959858547970791 1.157603309548804
0.4596476039606864 -0.1967843494112271 1.153385855603104
0.4591651020408566 -0.1979075770853904 1.147500058941421
0.4585067582108349 -0.1994280639102507 1.139616927352051
0.4576517444926786 -0.2013824241655861 1.129620909389127
0.4566100233006651 -0.2037333713984189 1.117789619722136
0.4616943214103996 -0.1919332008209906 1.163406326647265
0.4616259082646873 -0.1920976856154246 1.162051128951462
0.4615237552366921 -0.1923429836313816 1.160034529118075
0.4613731287102357 -0.1927040116451349 1.157075842536543
0.4611550856125231 -0.1932252235442012 1.152823755436338
0.4608477566605016 -0.1939570704588598 1.146890975902879
0.4604304950856411 -0.1949455287899454 1.138946001353397
0.4598919295448715 -0.196212673238746 1.128871624762734
0.4592405336985101 -0.1977324763621483 1.116945664813621
0.462892201415046 -0.1890259502532192 1.163157658400571
0.4628617775582644 -0.1891004359476831 1.161797355699566
0.4628164092608378 -0.1892114460567983 1.159773923185523
0.4627496335188737 -0.1893746991499868 1.156806341305999
0.4626532023986398 -0.1896101640479308 1.152543068848342
0.4625177188794192 -0.189940410978229 1.146596800005496
0.4623345401310589 -0.1903858529455439 1.138636260963557
0.4620993437250948 -0.1909560067890944 1.128544578886974
0.4618166305517277 -0.1916387219375275 1.116599702218202
0.4640760206029497 -0.1861006370255905 1.163149441029895
0.4640833869461633 -0.1860822666472485 1.161791172661557
0.4640943184912181 -0.1860550013952106 1.159771564402666
0.4641103032700568 -0.1860151241124654 1.156810797521067
0.4641331677492539 -0.1859580667651795 1.152559078235128
0.4641648683151405 -0.1858789257069995 1.146631369901637
0.4642069698410255 -0.1857737579719301 1.138698791021296
0.4642597976070915 -0.1856416987797259 1.128646012490179
0.4643215547003245 -0.1854871797205229 1.116750266707947
0.4652384477795614 -0.1831752895662084 1.163391231742785
0.4652829270223961 -0.1830622785323935 1.162042032569633
0.4653489829868298 -0.1828942974319407 1.160036703320061
0.4654456706731043 -0.1826480978594197 1.157098072724408
0.4655842216452338 -0.1822946311743762 1.152879905671168
0.4657768410649336 -0.1818019095817523 1.147001435306541
0.4660336572635908 -0.1811425689823404 1.139137898509945
0.4663576057614474 -0.1803069148658763 1.129176154351182
0.4667388302329468 -0.1793177747820345 1.117391352522629
0.4663720273099518 -0.1802696095929805 1.163883918155991
0.4664524229633449 -0.1800614814768133 1.162550835856478
0.4665716893649058 -0.1797522146822617 1.160570236028924
0.4667460108074893 -0.1792990836432107 1.157669014620036
0.4669953343501927 -0.1786486991140762 1.153506254045983
0.4673410813558858 -0.1777422675592705 1.147707365224342
0.4678005470011691 -0.1765294542715377 1.139953285869398
0.4683777237294574 -0.1749923081567075 1.130133525383215
0.469053590707401 -0.1731725412543625 1.118519623223666
1.812081401076824 -0.5712800585285618 1.295355861140275
1.811691693805409 -0.5725147299392627 1.295014677250113
1.811103082293439 -0.5743740372859344 1.294503477604058
1.810224818122617 -0.5771360474393155 1.293749816452987
1.808937934266609 -0.5811570006222029 1.292664867239799
1.807101728019944 -0.5868417623075852 1.291155698809034
1.804578824888028 -0.594554601501563 1.289154364110824
1.801286450001667 -0.6044559822198248 1.286662310371723
1.797270881661131 -0.6162931829364661 1.283799471607708
1.812397266548846 -0.5702771761233396 1.292046369655957
1.812023345444137 -0.5714641764506125 1.291618319412764
1.811458546742287 -0.5732519889501159 1.290978310974192
1.810615551315617 -0.5759090507493224 1.290037510001456
1.809379496184518 -0.5797807759731262 1.288688782449681
1.807613676821111 -0.5852629364398573 1.286823822028017
1.805182866396381 -0.5927180849863489 1.284371510092843
1.802002064569655 -0.6023192415053998 1.281354088523488
1.798108495851883 -0.6138450509258966 1.277942501367574
1.812801004342522 -0.5689924674858938 1.288851282820592
1.812442131433506 -0.570134571487916 1.288345457610859
1.811900093828666 -0.5718548411831564 1.287589732597555
1.811090957788776 -0.5744122665966268 1.286479823023392
1.809904037667647 -0.5781412317377885 1.284890418371289
1.808206981638226 -0.5834273056308887 1.282695814436682
1.805867597111835 -0.590628589811287 1.279815711509234
1.802800217929341 -0.5999260651404137 1.276281966230012
1.799034930928412 -0.6111245590715078 1.272301841260976
1.813277196518037 -0.5674730989118567 1.285777022342974
1.812932504069268 -0.5685733418742677 1.285201709030394
1.812412010106477 -0.5702303175233155 1.28434222749769
1.811635140000803 -0.5726936606207645 1.283079747919486
1.810495517907659 -0.5762862908635031 1.281271002750042
1.808865632740878 -0.5813820018627032 1.278771196908824
1.806617378873725 -0.5883311616363452 1.27548540637384
1.803666169069428 -0.5973175536976566 1.271444602423884
1.800037270687592 -0.6081658766623665 1.266878367383634
1.813814277075642 -0.5657540787988233 1.282825920353331
1.813482620569662 -0.56681627913525 1.282187928208109
1.812982048556386 -0.5684153419931842 1.281234542258185
1.812235279591196 -0.5707917315500997 1.279833172983803
1.811140357700334 -0.5742564880870266 1.277822855633622
1.809575147766018 -0.5791698317320512 1.275038431293392
1.807416961764992 -0.5858701526150207 1.271366051702901
1.80458461741128 -0.5945370198764119 1.266827201625847
1.801101372612888 -0.605007235471537 1.261661524088597
1.814404265128689 -0.5638590888544428 1.28000037226695
1.814084701517013 -0.5648863647875276 1.279304752075397
1.813602693116922 -0.56643197377972 1.278264795305348
1.812884160814265 -0.5687274644939342 1.276734775998676
1.811831585406013 -0.5720718622044558 1.274536302330587
1.810328528566648 -0.5768106518248921 1.271483018689528
1.808258683363795 -0.5832670429917798 1.267439004896609
1.805546281896293 -0.5916101193619107 1.262409587918525
1.802215728175375 -0.6016796311312566 1.256634422987378
1.815037907381229 -0.5618160768170583 1.277289113038246
1.814730620758432 -0.5628078566284016 1.276537940628474
1.814267422652143 -0.5642992366680022 1.275414552671095
1.813577442124742 -0.566512816110295 1.273760527264561
1.812567598909963 -0.5697355603986042 1.271380508961304
1.811127180538187 -0.5742980457190653 1.268067168847281
1.809146433384868 -0.5805076157741156 1.263661881880552
1.806555574301276 -0.5885209141244899 1.258151341781671
1.803381482717446 -0.5981765100643524 1.251770025871181
1.815704213879967 -0.5596589292591254 1.274677525829625
1.815409603512505 -0.5606138429217666 1.273872068008588
1.814965844932483 -0.5620488334028102 1.27266713536873
1.814305416918054 -0.5641770675441758 1.270891841861824
1.81333989827191 -0.567272705791633 1.268334128094766
1.81196460387588 -0.5716504033951741 1.264765969185187
1.810076632280264 -0.5776006359708064 1.260006398943683
1.807612209219518 -0.5852674691809505 1.254024189475097
1.804600028631688 -0.594490240511525 1.247049980311062
1.816401389504208 -0.5573920537719596 1.272169419975892
1.816119732533325 -0.5583090779344588 1.271310884393071
1.815695834405454 -0.5596861141064907 1.270026248132936
1.815065602290116 -0.5617265961160803 1.268132445968632
1.814145398843547 -0.5646914035610314 1.26540107939684
1.812836761591726 -0.5688785329247016 1.26158385533337
1.811043930358205 -0.5745605204968799 1.256477914986182
1.808709510758689 -0.5818675236615344 1.250034517399275
1.805864385482199 -0.5906384093910092 1.242480666455451
1.817127859199945 -0.5550191462646736 1.269768666772809
1.816859563126269 -0.5558967865328625 1.268858131152841
1.816456123196568 -0.5572136591134794 1.26749546590477
1.81585694987446 -0.559163166699636 1.265485727087121
1.814983280668784 -0.5619925269020195 1.262584587717379
1.813742992104995 -0.5659825686281852 1.258523960983481
1.812047640860198 -0.5713871337840313 1.253079467130253
1.80984631401034 -0.5783219078196191 1.246185267522813
1.807172082649222 -0.5866250702912494 1.238065071377972
1.817879859672336 -0.5525511064133586 1.267473580639981
1.817625817473194 -0.5533862096726325 1.266511155800204
1.817244150456348 -0.554638266830843 1.26507075938903
1.816677931181291 -0.5564900751673888 1.262945788268328
1.815853437746809 -0.5591745720470805 1.259876435954231
1.814684951820804 -0.5629550914913792 1.255575773487414
1.813091071235854 -0.5680674931781998 1.249799825398636
1.81102677232487 -0.5746146006877155 1.242468185259159
1.808526388435422 -0.5824364443728336 1.233803827651674
1.818656672869395 -0.5499889231871532 1.265291395550796
1.818417550547222 -0.5507790130921671 1.264277590332729
1.818058625918327 -0.551962627471196 1.262760385509203
1.817526743377501 -0.5537115192124112 1.260521851844318
1.816753339124658 -0.5562438441729902 1.25728728909113
1.815659204789388 -0.559804931618602 1.252751871520205
1.814170046713113 -0.5646122129478626 1.246653360256874
1.812246541489391 -0.5707559743539107 1.238898727521702
1.809923746878833 -0.5780795273014138 1.229712323000448
1.819459154086226 -0.5473283256079235 1.263238473145223
1.819235669629645 -0.5480706959399654 1.262173575949737
1.818900521002318 -0.5491819407977977 1.260580176472156
1.81840442508766 -0.5508223454277782 1.258229334511546
1.817684066311184 -0.5531948521808375 1.254832038755605
1.816666774462685 -0.5565264952940562 1.25006657580583
1.815285249863066 -0.5610163732285579 1.243654006331
1.813505532285574 -0.5667429697583851 1.235490694993766
1.811362872490645 -0.5735542289647737 1.225804163492295
1.820287433730627 -0.5445673218283549 1.261331030556188
1.820080453935151 -0.5452587006221459 1.260215239125537
1.819770322658783 -0.5462928538533953 1.258546153571069
1.819311739512667 -0.5478181302880859 1.256084166008152
1.818646721288465 -0.550021829155585 1.252526611238379
1.817709121439922 -0.5531125195066973 1.247536055028258
1.816438412624906 -0.5572713903850195 1.240818695524512
1.814805473262833 -0.5625664437346092 1.232262680140189
1.812844984475284 -0.5688523285209837 1.222100843000462
1.821140125347048 -0.5417089193024945 1.259581373972315
1.820950722521595 -0.542345254933626 1.258414794292806
1.820667137921473 -0.5432964957495772 1.256670423663768
1.820248178454261 -0.5446985204999923 1.254098358896105
1.819641270801848 -0.5467225576063011 1.250383017766734
1.818786720509367 -0.5495587090563837 1.245172587022917
1.817630403539099 -0.5533711462763745 1.238160560545948
1.816147248959245 -0.5582195620888828 1.229229733582273
1.814370270839364 -0.56396846516027 1.218620905793952
0.4516443584822176 -0.2165292810300162 1.177896775664383
0.4528419975303947 -0.2167880006246276 1.177730310907289
0.4544877551924663 -0.2171432333351841 1.17750218281157
0.4567476671302269 -0.2176304718054696 1.177190083925053
0.4598477895663859 -0.2182978305256007 1.176764149967597
0.4640956723276274 -0.2192065948984408 1.176180045186929
0.4699011455200168 -0.2204538344066056 1.175400257586484
0.4778197124306716 -0.2221433605459013 1.174344573011349
0.4885801843708242 -0.2244272515709166 1.172936079614493
0.5031319917116613 -0.2274943125008488 1.171078634788602
0.5226825521611944 -0.2315770209331973 1.168667709055535
0.5487185748117275 -0.2369488428991759 1.165605008127683
0.5829860250708458 -0.2439101962652367 1.161825744597826
0.6273931353298752 -0.2527568261336958 1.157340778154756
0.683792887030815 -0.2637255842571891 1.152289392146225
0.7536129152557912 -0.2769190574738539 1.14698570513332
0.8372416640806671 -0.2927784981750183 1.141888726988406
0.9334534763397999 -0.3123959231649354 1.138359433002307
1.03940941582373 -0.3352464845757996 1.137678370654581
1.150593440085386 -0.3601143247872604 1.141284436159927
1.261090006781289 -0.3867014342478696 1.150071203872801
1.365243796284996 -0.4136664602887253 1.163296034061593
1.458618597464616 -0.4397056478386253 1.179355714170422
1.538155151775752 -0.4651021804539427 1.196696698831761
1.603442212636253 -0.4875190779459585 1.214375493712154
1.655375951503638 -0.5064533883856253 1.230857554635032
1.695698042485397 -0.5218791625780234 1.245245895097472
1.726440770410112 -0.5340923602373756 1.25720899114435
1.749568410670545 -0.5435508206045244 1.266803102864845
1.766798554868399 -0.5507541321047261 1.274295180407822
1.779544866052195 -0.5561715382688873 1.280032386773906
1.788926332979111 -0.5602080283804362 1.284363215476857
1.795805798006745 -0.5631949525773827 1.287598291825272
1.80083719998274 -0.5653940949564349 1.289996438434942
1.804509914866654 -0.5670072416825144 1.291764280945223
1.807187129726426 -0.5681873469301275 1.293062192410035
1.809136737763772 -0.5690489724631579 1.294012304909843
1.810555392091794 -0.5696771358112479 1.294706284608553
1.811587203415743 -0.5701346412301356 1.295212415145013
0.452527881779175 -0.2146793669993563 1.17559004208247
0.4537234069909859 -0.2149434364100959 1.175423335085819
0.4553662214114365 -0.215305998500208 1.175194888643091
0.4576220447473079 -0.2158032635047531 1.174882376751977
0.4607165043215765 -0.2164843146503217 1.17445591509809
0.4649566648808752 -0.2174115974664095 1.173871842438591
0.4707513509000397 -0.2186842844937295 1.17309058302362
0.4786553585142643 -0.2204080054995938 1.172034023251006
0.4893962148581822 -0.2227377739262759 1.170624671247958
0.5039219485926817 -0.2258658139120591 1.168766628876893
0.5234384397549111 -0.2300285320189089 1.166355846037689
0.5494309032349695 -0.2355034763764696 1.163294889629456
0.583644171534225 -0.2425945378854194 1.159520396426548
0.6279860990421291 -0.2515990250498473 1.155045402298381
0.6843104461364393 -0.2627516507627646 1.150012211727886
0.754047026926359 -0.2761473338789653 1.144738661448691
0.8375840946743732 -0.2922177799991284 1.139682380485628
0.9336949647631493 -0.3120385306243312 1.13618880206632
1.039548521859675 -0.3350626996718132 1.135532194784535
1.15063763861211 -0.3600564801122927 1.139142507940028
1.261057473323678 -0.3867035326742359 1.147890924677295
1.365160749603556 -0.4136622773164169 1.161038248308936
1.458513757039058 -0.4396402964897874 1.176993449713004
1.538059740317362 -0.4649348388579412 1.194202236230758
1.603382870101432 -0.4872254955413914 1.21174182340751
1.655367468694457 -0.5060308444460768 1.22809358119337
1.69574483034256 -0.5213385365547251 1.242369199426335
1.726540164389436 -0.5334509723528771 1.254239918569172
1.749713971016666 -0.5428274624846674 1.263761108613223
1.766982527496735 -0.5499662756696666 1.271197102331375
1.779759651591863 -0.5553341102542324 1.276891950412946
1.789165209714158 -0.559333131101066 1.281191189785543
1.796063179445517 -0.5622920758124565 1.284402919187222
1.801108610693561 -0.5644705018519501 1.286783918413702
1.804791865217874 -0.5660684060592225 1.288539223424171
1.807476946598634 -0.567237345712542 1.289827997373459
1.809432394610817 -0.5680908185542585 1.290771463459087
1.810855375535734 -0.5687130452235296 1.291460620388516
1.811890378549543 -0.5691662321691687 1.291963252712445
0.4534933717963909 -0.2126349298490882 1.173489716652593
0.4546867171888246 -0.2129043869895042 1.173322336943282
0.4563264983023363 -0.2132743295010609 1.173092982404973
0.458578110369373 -0.213781689241912 1.172779251153405
0.4616667404572959 -0.2144765232148093 1.172351162077498
0.4658989253721214 -0.2154224964658409 1.17176557115674
0.4716825480933884 -0.2167207302774621 1.170980874300825
0.4795715894244342 -0.2184788383312551 1.169920723589252
0.4902922899521064 -0.2208547173047457 1.16850689762845
0.5047912409162667 -0.2240440041300338 1.166643504235042
0.5242727455264846 -0.2282870124750232 1.164226719657531
0.5502204862475755 -0.2338653247756997 1.161159746167422
0.5843781336164636 -0.2410862186274608 1.157380521858917
0.6286531564719121 -0.2502484312528785 1.152904352028956
0.6849001233013352 -0.2615843537010795 1.14787700956798
0.7545511047196397 -0.2751810276870051 1.142620963730688
0.8379945649888579 -0.2914600661773129 1.137593517987501
0.9340034613294087 -0.3114796949153991 1.13412488766354
1.039754472353294 -0.3346711411090404 1.13348435769786
1.150749177974332 -0.3597832591941941 1.13709317215881
1.261093318205646 -0.3864825405596055 1.145799086830654
1.365147455041287 -0.4134278025536171 1.158866595169969
1.458480112883438 -0.439338614038811 1.174716535269518
1.538037261134606 -0.4645260028766355 1.191792989527791
1.603398729676951 -0.486684038433548 1.209195321295848
1.655436573214367 -0.5053538527015636 1.225419790821238
1.695871435869962 -0.5205373704854086 1.239585991496597
1.726721313135464 -0.532543777138131 1.251367453652038
1.749942885964387 -0.5418339580234965 1.260818426820846
1.767251130112264 -0.5489048192127879 1.268200557743297
1.780060058404009 -0.5542204004900203 1.273854806042519
1.789490464201021 -0.5581799068512739 1.278123813748052
1.796407508428026 -0.5611093321601164 1.281313225990091
1.80146739396036 -0.5632658934984051 1.283677849147871
1.805161502959965 -0.5648477046238511 1.285421189200181
1.807854682899483 -0.5660048518313537 1.286701247877204
1.80981614129846 -0.5668497116016389 1.287638377552261
1.811243573610672 -0.5674656644503195 1.288322938462979
1.812281859497848 -0.5679142865691522 1.288822238073059
0.4545261179342526 -0.2104210884818777 1.171603918222537
0.4557172689288784 -0.2106959304046575 1.171435453282923
0.4573539969134181 -0.2110732482665391 1.171204625560962
0.4596013707333165 -0.2115906940218204 1.17088890234928
0.4626841345898864 -0.2122992958669414 1.170458132264151
0.4669082600224538 -0.2132640022649511 1.169869522822284
0.4726807840536901 -0.214587671476124 1.169079520459657
0.4805547640608954 -0.2163800930529581 1.168013177075063
0.4912551772975116 -0.2188019578635382 1.166591413238274
0.5057271627079228 -0.2220522820355126 1.16471811333365
0.5251734261307044 -0.2263752335215382 1.16228943552835
0.5510760903586879 -0.2320563505988691 1.159208996632858
0.5851776308231198 -0.2394061892997477 1.155415908941456
0.6293850962054608 -0.2487247820330652 1.150927818188425
0.6855538369430173 -0.2602420586409087 1.145894361204628
0.7551181756586951 -0.2740370790459351 1.140643461830218
0.8384670739403394 -0.2905209696619395 1.135633097641897
0.9343737282051707 -0.3107339948393654 1.132178720059936
1.040022506401915 -0.3340858773647966 1.131545836846256
1.150923485669678 -0.359308880775658 1.135147264943157
1.261192765019924 -0.386053757933199 1.143806451581633
1.365198606982757 -0.4129802602863923 1.156791798521639
1.458511618587035 -0.4388202754971874 1.172535726894303
1.538080702241738 -0.4638983226390671 1.189479863373872
1.60348156509666 -0.4859210321877167 1.206746640961478
1.655573767891101 -0.5044525334017241 1.222846362520878
1.696067168492366 -0.5195093057129517 1.236905894831249
1.726972483864485 -0.5314074597940109 1.248600676970958
1.750242557792846 -0.5406094974903228 1.257983656980363
1.767591072947323 -0.5476109440467392 1.265313745172333
1.780432257474987 -0.5528731337366143 1.270928831343874
1.789887855226453 -0.5567922555884413 1.275168715374109
1.796824233064062 -0.5596915047230689 1.278336649776564
1.801898766082686 -0.5618257105204094 1.280685524861804
1.805603872713907 -0.5633910641802762 1.282417365737871
1.808305256764587 -0.5645361498742318 1.283689052397517
1.810272803162398 -0.5653721984646768 1.284620097557593
1.811704743748489 -0.5659817321478823 1.285300246594759
1.812746354102598 -0.5664256830965603 1.285796347828676
0.4556115569786019 -0.2080631163323408 1.169935149011451
0.4568005450528936 -0.2083433031192466 1.169765208080967
0.4584342630056832 -0.2087279405544522 1.169532371906768
0.4606774573301656 -0.2092553941132459 1.169213924945817
0.4637544345446339 -0.2099776538794964 1.168779475897854
0.4679705822664393 -0.2109609906311851 1.168186437018241
0.4737321741881237 -0.2123098237059475 1.167389349287078
0.4815912773128362 -0.2141362472569944 1.16631434803202
0.4922716380289998 -0.2166036538758291 1.164881363044617
0.5067169469064545 -0.2199143820269302 1.16299383630422
0.5261283087410298 -0.2243163754508918 1.160547672923401
0.551986269616221 -0.2300990254524655 1.157446688442359
0.5860320737436591 -0.23757604276948 1.153631036755891
0.6301722919261846 -0.2470486270766248 1.149120750136775
0.686262982593793 -0.2587441497878072 1.144069669969784
0.7557406452499608 -0.2727336756680885 1.138811903838726
0.8389949538360923 -0.2894175926210037 1.133807036591854
0.934799795937574 -0.3098177235178741 1.130356311525033
1.040347102715178 -0.3333228383599297 1.12972258434659
1.151155221012793 -0.3586494237967449 1.133310555262418
1.261350400194684 -0.3854340187883488 1.141918660406634
1.365308496596381 -0.412337729338902 1.154819403231204
1.458602134273277 -0.4381048602901065 1.170456516576635
1.538183357883809 -0.4630731122637703 1.187268401119133
1.603623964204801 -0.4849598756689469 1.204401170496922
1.655770911268039 -0.5033523912139674 1.220378415456406
1.696323210981434 -0.5182817672187661 1.234333720984147
1.727284275789752 -0.530071083071683 1.245944102512197
1.750603105747905 -0.5391844776159316 1.25526105093756
1.767992093882615 -0.5461160988649131 1.262540698780029
1.780865691078972 -0.5513245694021628 1.26811788671102
1.790346600015439 -0.5552030512334206 1.272329620109059
1.79730240140509 -0.5580719278697484 1.275476813120196
1.802391649159259 -0.5601836292621406 1.277810490809821
1.806107803427219 -0.5617324135375351 1.279531240722284
1.808817428614344 -0.5628653541200914 1.280794856089761
1.810791090354244 -0.563692529352677 1.281720037318329
1.812227559348398 -0.5642955978302785 1.282395935693513
1.8132725089459 -0.5647348436816644 1.282888956139247
0.4567369275319617 -0.2055837456563572 1.168482485807221
0.4579238199668076 -0.2058692111955261 1.168310698410396
0.4595546199009345 -0.2062610765034477 1.168075346334503
0.4617937601212465 -0.206798410462782 1.167753481897587
0.4648651207282332 -0.2075341509601385 1.16731440786648
0.4690734955144238 -0.2085359242962596 1.166715598936972
0.4748244847667265 -0.2099095245692485 1.165909741561258
0.4826691129333866 -0.2117694704638495 1.164823745010688
0.4933299411360619 -0.2142817495909647 1.163376424986794
0.5077492303914277 -0.2176519497119787 1.161470572205694
0.5271264944385001 -0.222131694055933 1.159001613378785
0.5529406944570128 -0.2280141073809354 1.155873353122235
0.586931806404884 -0.2356159209204101 1.152026851813891
0.6310058494555723 -0.2452393777911176 1.147484555580541
0.6870194812819009 -0.2571092227142256 1.142404806960808
0.7564112506233933 -0.2712885737863263 1.1371285505431
0.8395716628205319 -0.2881669302097146 1.132117851329602
0.9352756934767862 -0.3087473380100137 1.128660368888671
1.040722664965734 -0.3323982631638261 1.128017368637609
1.151438986179988 -0.3578212642167223 1.131585768570553
1.261560831871191 -0.3846401275312141 1.140138475567204
1.365471603404737 -0.4115176553588162 1.152952256420945
1.458745932553975 -0.4372105408677063 1.168481864104507
1.53833921948239 -0.462069323216538 1.185161766426616
1.603819579941766 -0.4838204035576684 1.202162229814981
1.65602131575846 -0.502074122305965 1.218019377087367
1.696632566361475 -0.5168762181100485 1.231872965601593
1.727649428766032 -0.5285567528547855 1.243401266435419
1.751017055703978 -0.5375815211263537 1.2526541676613
1.768446550234743 -0.5444433101038645 1.259884989772862
1.781352586721771 -0.5495980428609352 1.265425549607228
1.790858827710839 -0.5534358621439912 1.269610108439899
1.797834068926155 -0.5562743438326887 1.272737297859253
1.802938043957218 -0.5583635207442391 1.275056329356405
1.80666525548719 -0.5598957185928213 1.276766396662107
1.809383129162264 -0.5610165000905797 1.278022241446505
1.811362911851232 -0.561834790735866 1.278941779255778
1.812803913504214 -0.5624313851704532 1.279613588103035
1.81385220553417 -0.5628659191235129 1.280103645280683
0.4578894997532512 -0.2030065330978192 1.167233480125074
0.4590743933339932 -0.2032971934405604 1.167059516847712
0.4607024076243295 -0.2036961703181758 1.166821197667347
0.4629376739826463 -0.2042432238736628 1.166495299032669
0.4660036625417867 -0.2049922220706761 1.166050759005059
0.4702045303263292 -0.2060122687844113 1.165445006511994
0.4759454205774517 -0.2074100622911847 1.164628863942818
0.4837761547682879 -0.2093029372384951 1.163529793967315
0.4944182054651569 -0.2118592675881837 1.16206536983961
0.5088124352740482 -0.2152878072598263 1.160137544399921
0.5281567884636376 -0.2198437516013947 1.157641063495298
0.5539286410455219 -0.2258238294892763 1.154479530173993
0.5878666638336528 -0.2335476541540032 1.150594783352963
0.6318762389364185 -0.2433183944916031 1.146011693506791
0.6878144879567196 -0.2553581233861893 1.140893345972712
0.7571218401557006 -0.2697221057558878 1.135588072414454
0.8401896838126766 -0.2867888877604961 1.130561184612914
0.9357943733283857 -0.3075425298272065 1.127087389264125
1.04114244033446 -0.331331897708727 1.12642728931723
1.151768160062101 -0.3568444631040119 1.12997034040459
1.261817411419202 -0.3836927164063549 1.138463504140976
1.365681129016094 -0.4105414118141295 1.15118794279537
1.45893600283756 -0.4361594616496492 1.166609206639497
1.538540984308331 -0.4609099421791494 1.183157223624851
1.604060710908136 -0.4825267225173436 1.200026436258791
1.656316856526731 -0.5006430110140366 1.215764985470921
1.696986713168079 -0.5153190386632654 1.22951843956095
1.728059077431582 -0.5268917947875019 1.24096611786141
1.751475259104678 -0.5358287289420354 1.250156214257041
1.768945068376835 -0.5426212928736656 1.257339217823379
1.781883396386392 -0.5477227439678554 1.262843939246612
1.791414857532043 -0.5515202390114124 1.267001928771659
1.798409455194451 -0.5543285738056185 1.270109570818365
1.803528095873535 -0.5563954073665524 1.272414296276025
1.80726631950096 -0.5579111503168309 1.27411393244428
1.8099924086468 -0.5590198682566001 1.275362191674385
1.811978288363429 -0.5598293431614145 1.27627622142633
1.81342380532752 -0.5604195133192996 1.276944039544404
1.814475427200408 -0.56084937141226 1.277431205464105
0.4590577379148001 -0.2003536681810816 1.166173947007632
0.4602407537769969 -0.200649419924349 1.165997532784911
0.4618661480621857 -0.201055365512723 1.165755869775882
0.4640977662492222 -0.2016119414034736 1.165425422057011
0.4671586890233667 -0.2023739247152071 1.16497471394165
0.4713524407369756 -0.2034119252190935 1.164361018944627
0.4770838064422933 -0.2048333356198508 1.163533345106267
0.4849013772716869 -0.2067584234526761 1.162419466372617
0.4955256024974145 -0.2093578200390915 1.160935625142908
0.509895988672164 -0.2128433510214548 1.158982779370391
0.5292089430521355 -0.2174736645889234 1.156454822607752
0.5549402646613996 -0.2235489535118185 1.153254992550029
0.5888272851800216 -0.2313915678860267 1.149325791492721
0.6327746577929213 -0.2413054876359614 1.144694508985907
0.6886398139944712 -0.2535100870236033 1.139529153641381
0.7578648637797717 -0.2680529083286015 1.134185875025899
0.8408420721277687 -0.2853015497095959 1.129133875635246
0.9363493810005076 -0.3062209996427822 1.125635506602989
1.041600329174919 -0.3301412887774277 1.12495146151335
1.152136866285567 -0.3557366549906196 1.128464017079058
1.262114287512747 -0.3826099270157611 1.136893772311237
1.365931080454525 -0.4094279886821547 1.149526399252239
1.459166109540415 -0.4349716149205946 1.164838186178376
1.53878203044727 -0.4596162173536717 1.181254048083809
1.604340138475711 -0.4811019123771871 1.197991704799692
1.65664964649167 -0.4990841382751439 1.213611327016902
1.697377118386142 -0.5136372118010035 1.22726431644549
1.728504116956313 -0.5251048548527149 1.238631063182472
1.751968133265813 -0.5339561236269895 1.247758082193693
1.769477681836116 -0.5406811671329474 1.254893037897233
1.782447853843096 -0.5457306448332362 1.260361734682465
1.792004193801731 -0.5494888032473207 1.264493007683445
1.799017891288103 -0.5522677277165396 1.26758098818254
1.804151006592326 -0.5543127628731229 1.269871320353481
1.807900101193451 -0.5558124516411665 1.271560459393259
1.810634302080065 -0.5569093995106743 1.27280108361655
1.812626202909426 -0.5577102728656048 1.273709568421713
1.814076179768725 -0.5582941747631478 1.274373368373173
1.815131091091406 -0.5587194705346444 1.274857622731416
0.4602357317300654 -0.1976355636195432 1.165308539516006
0.4614170106016554 -0.1979362781083523 1.16512940533508
0.4630399772542584 -0.1983490150159624 1.164884030080896
0.4652682094220624 -0.1989148686712541 1.164548529720571
0.4683244221346206 -0.1996895000723676 1.164090966859427
0.4725115331430506 -0.2007450088977062 1.163468341732159
0.4782340209558444 -0.2021893794824658 1.162627928046235
0.4860392785926901 -0.2041458044847136 1.161497542235905
0.4966467877398681 -0.2067870696334565 1.159992019121558
0.5109947501906373 -0.2103279632595803 1.158011166589712
0.5302780773494395 -0.215030451302482 1.155447855273255
0.5559710061554765 -0.2211980351287858 1.152204792051045
0.5898094972789074 -0.2291556458617903 1.148225021025904
0.6336973772574561 -0.2392079592213375 1.143538231722165
0.689492216696351 -0.2515716404877511 1.138317512905732
0.7586375782821733 -0.2662866779480185 1.132927229385005
0.8415265602630232 -0.2837097808914355 1.127841103866817
0.9369388511524701 -0.304786845085704 1.124309774282576
1.042094777869958 -0.3288299002793544 1.123594766214824
1.152543765070152 -0.3545008414982803 1.127071482707384
1.262450241120874 -0.3813944972601723 1.135433813199461
1.366220282292983 -0.4081800295620653 1.147972045363322
1.4594350711643 -0.4336496614744602 1.163173138788336
1.539061132131057 -0.4581909222774819 1.179456551789932
1.60465656151515 -0.4795489479712836 1.196062301803269
1.657018302161963 -0.4974007058649005 1.211562609972155
1.697802322294308 -0.51183415470778 1.225114742978741
1.728983022947167 -0.5231995368475555 1.236400191049767
1.752494101706276 -0.531967461892135 1.245463809333565
1.770042773555872 -0.5386268104011829 1.25255044569375
1.783044311102334 -0.5436257161469429 1.257982897917889
1.792625165313928 -0.547345596133696 1.262087280913974
1.799657688712756 -0.5500958998427216 1.265155465702767
1.804805074860626 -0.5521197209159149 1.267431302281739
1.808564889929443 -0.5536037853454661 1.269109867002067
1.811307091982122 -0.5546892779915104 1.27034279843175
1.813304932991221 -0.5554817797201191 1.271245695310804
1.814759310679573 -0.5560595808722072 1.27190544518186
1.815817468409249 -0.5564804362395714 1.272386764387587
0.4614176019765388 -0.19486325884241 1.164639748927807
0.4625973019057351 -0.1951687830739843 1.164457635642886
0.46421805697763 -0.1955881005220916 1.164208193237146
0.4664431975124581 -0.1961629418184694 1.163867155154905
0.4694950996962646 -0.1969498221193977 1.163402076034669
0.4736760979347291 -0.1980223266615376 1.162769570608271
0.479390440826413 -0.199488869230328 1.161915250911007
0.4871843416651955 -0.201475602278353 1.160766720715427
0.497776384320997 -0.2041573339382557 1.159237331069944
0.5121035253624162 -0.2077516925189396 1.157225588623934
0.5313592298695481 -0.2125238116497174 1.154623173584796
0.5570161945592563 -0.2187803317111982 1.151332097069061
0.5908089803564623 -0.2268485990077125 1.147295818673614
0.6346404858115097 -0.2370338689219978 1.142546395267529
0.6903682365312418 -0.2495501015696446 1.137262127212176
0.7594369954767362 -0.2644299338413915 1.131815954276057
0.8422406100623536 -0.2820192946292115 1.126686727190935
0.9375606340836691 -0.3032450313606142 1.123114051074299
1.042623944128826 -0.3274020649931529 1.122361007595217
1.152987238035287 -0.3531408720082156 1.125796451491239
1.262823793116836 -0.380049951626026 1.134087291700578
1.366547327390309 -0.4068008737873433 1.14652852824201
1.45974150771706 -0.4321968532154392 1.161617713273579
1.539376901236919 -0.4566373064516044 1.177768434911717
1.605008556122845 -0.4778711564905517 1.19424198028255
1.657421355428409 -0.4955961507116503 1.209622633924981
1.69826081437106 -0.509913417334053 1.22307355639103
1.729494248533083 -0.5211794926263347 1.234277367577177
1.753051588264859 -0.5298664809925013 1.243277283281138
1.770638744611561 -0.5364620284145198 1.250315344574513
1.783671151952936 -0.541411816973625 1.255711343766189
1.793276142913812 -0.5450945174867459 1.259788671593819
1.800327208731491 -0.547817020679663 1.262836932514326
1.80548865488635 -0.5498202348974034 1.265098175553901
1.80925903475183 -0.5512891218040751 1.266766091917276
1.812009123611615 -0.552363486638218 1.267991275085732
1.81401282111676 -0.5531478558797152 1.268888542729676
1.815471538565774 -0.5537197305703812 1.269544211827351
1.816532898202219 -0.5541362724143922 1.270022573183798
0.4625969746094928 -0.192049683528477 1.164173297946669
0.4637752734882236 -0.1923598273545362 1.163987974605309
0.4653940602600126 -0.1927854635368016 1.163734148701174
0.4676164406376918 -0.193368932848972 1.163387140571157
0.470664482415278 -0.1941675678937065 1.162913955483862
0.4748399512655895 -0.1952564606338771 1.162270728003184
0.4805469879832342 -0.1967441781614466 1.161401456477926
0.4883306124751359 -0.1987599551677813 1.160233320334831
0.4989086028825109 -0.2014804376546113 1.15867811204933
0.5132167404893428 -0.2051259496469578 1.156632899705723
0.5324471046826147 -0.2099646181661267 1.153988018929942
0.5580708839468824 -0.2163060287924198 1.150644629511476
0.5918212169457397 -0.2244797582652643 1.146546480068164
0.635599971838394 -0.2347915182971119 1.141727944180482
0.691264432723793 -0.2474525812489092 1.136372621158765
0.7602602840446767 -0.2624884779462836 1.130862311791693
0.8429820026370995 -0.2802345181398371 1.125681555543144
0.9382130810014905 -0.3015986350274775 1.122059626332949
1.043186674992158 -0.3258596395959157 1.121261795833866
1.15346652998009 -0.3516576042250786 1.12465069540563
1.263234405054251 -0.3785766637682915 1.13286593688608
1.366911727366125 -0.4052908984957528 1.145207327475548
1.460084864549388 -0.4306139031002829 1.160183070304227
1.539728583359392 -0.4549568083904801 1.17620057389767
1.605394968394422 -0.4760713112211136 1.192540423826248
1.657857172052563 -0.4936748091221507 1.207799460594974
1.698750481265792 -0.5078808706346362 1.221147116150838
1.730035248909177 -0.5190519595994338 1.232267377368971
1.753637683906937 -0.5276615620318613 1.241201937476402
1.771262391463243 -0.5341961209154539 1.248190064762287
1.784324941817075 -0.5390989639938079 1.253548531425531
1.793953514548378 -0.5427461324843291 1.257597967336261
1.801022705085246 -0.5454420688114895 1.260625666784024
1.806197899985357 -0.5474255919397184 1.262871836573796
1.809978614448493 -0.548879976609195 1.264528746818472
1.812736420668411 -0.5499437096256673 1.265745916923195
1.814745850528853 -0.5507203091265709 1.26663736002605
1.816208817006149 -0.5512865221392468 1.26728880482603
1.817273312345496 -0.5516989434789193 1.267764103171263
0.4637687970868762 -0.1892054379198442 1.163925864361198
0.4649458962474057 -0.1895199596223449 1.163737108379229
0.4665629899753451 -0.1899515822748717 1.163478594103371
0.4687829854377465 -0.1905432233286137 1.163125199170344
0.4718276763851693 -0.1913529873560927 1.162643339564315
0.475998313218989 -0.1924574030894112 1.161988557847747
0.4816989579079088 -0.1939651347807697 1.161103345523798
0.4894735321855626 -0.19600836532801 1.159914191799178
0.5000390777907388 -0.1987654474353883 1.15833127728662
0.514330283110802 -0.2024592258897572 1.156250096144776
0.5335379154995397 -0.2073606128403111 1.153559485628515
0.5591316989621348 -0.2137819111742802 1.150159595436149
0.592843334802771 -0.222054714949572 1.145994327045088
0.6365735564568233 -0.232485056908026 1.141100301112031
0.6921791937917449 -0.2452815554637574 1.135666473134278
0.7611065407810503 -0.2604629349750095 1.130083751451429
0.843750544245063 -0.2783541109137601 1.12484293223968
0.9388966732851914 -0.2998443134913859 1.12116372679183
1.043784051867903 -0.3241973877172711 1.120314213198463
1.153983214328962 -0.3500441446554028 1.123651148494617
1.263683962076118 -0.3769666417983873 1.131786489706263
1.367315508257564 -0.4036415830738265 1.144024930515469
1.460467180779331 -0.4288922123238901 1.158885455643816
1.540118106962749 -0.4531412332796098 1.174769049998635
1.605817449346617 -0.4741421976726969 1.190972867037798
1.658327051595893 -0.4916307001238832 1.20610712873279
1.699272263229791 -0.5057317895007062 1.219348175884506
1.73060663594331 -0.5168133565659635 1.230381765071209
1.754252720507734 -0.525350096420229 1.239248266740971
1.771913818151516 -0.5318272689818716 1.246184235983108
1.785005605183819 -0.5366859595401479 1.2515034030825
1.794657066445993 -0.5402997212557487 1.255523577415832
1.801743859142891 -0.5429706864150866 1.258529672356186
1.806932412986414 -0.5449357052469181 1.260759984531822
1.810723173473492 -0.5463764643378398 1.262405304177281
1.813488484587362 -0.5474302099302092 1.26361402858692
1.815503490983481 -0.5481995117068252 1.264499328468913
1.816970592558355 -0.5487604078593684 1.265146314943325
1.818038140455027 -0.5491689601762726 1.265618378878328
0.4649267910541037 -0.186344889983943 1.163913975287904
0.4661029153313357 -0.1866634913118757 1.163721572170336
0.4677186234410309 -0.1871006907368356 1.163458075694507
0.4699366531838035 -0.1876999413761315 1.163097892221954
0.4729785627827986 -0.1885200641817359 1.162606809860356
0.4771451464828935 -0.1896389406842888 1.161939666298666
0.4828404231860722 -0.1911652603660703 1.161037563077804
0.4906073212458968 -0.1932339960035568 1.159826027446899
0.5011622265224561 -0.1960250483540878 1.158213579656138
0.5154388302762829 -0.1997635743986607 1.156094005875341
0.5346266761575594 -0.2047230253425054 1.153354490442435
0.5601940815984878 -0.211218155026101 1.149894009337542
0.5938713057811715 -0.2195823293391939 1.145656468965371
0.637557844639996 -0.2301217509772101 1.140680645851638
0.6931098480287045 -0.2430424323109195 1.135160876397265
0.761973875470448 -0.2583566470512252 1.129497383202571
0.8445451424295669 -0.2763792144105415 1.124187794514627
0.9396110849891991 -0.2979809598068012 1.12044311891565
1.044416443963059 -0.3224120586458274 1.119534870457269
1.154538248861093 -0.3482953393003584 1.122814327728746
1.264173858811499 -0.3752132931000524 1.130865495113654
1.367760347381886 -0.4018453995860816 1.142998012645744
1.460890286478522 -0.4270237617537978 1.157741755718541
1.540547340955973 -0.4511825018909896 1.173491079643941
1.606277795948147 -0.4720760552636998 1.189556667957352
1.658832661778645 -0.4894565738661044 1.204563000145884
1.699827680351163 -0.503459490141068 1.217694018588115
1.731209787535935 -0.5144575376353384 1.228637697380429
1.754897951126712 -0.5229264070100059 1.237433314099694
1.772594174261806 -0.5293501821373566 1.244314786981425
1.78571420909932 -0.5341678205770327 1.24959278987686
1.795387801528624 -0.5377505390615371 1.253582253634233
1.802491624922516 -0.5403983101743972 1.25656563863346
1.807693111100401 -0.5423461478740513 1.258779260847402
1.811493601594983 -0.5437742596191382 1.26041236909462
1.814266184814049 -0.5448187373415554 1.261612187996251
1.816286596950946 -0.5455812687595321 1.262491005798217
1.817757708695096 -0.5461372334954212 1.263133285018665
1.818828217949434 -0.5465421980106726 1.263601932189051
0.4660639723582319 -0.1834853166533585 1.164147261439817
0.4672393677063112 -0.1838076430616144 1.163951026749206
0.4688540265503171 -0.1842499324509311 1.16368229539661
0.4710705493351143 -0.1848561250685825 1.163314977787219
0.4741103010761947 -0.1856856925659311 1.162814200830297
0.4782736841097297 -0.1868177713423854 1.162133987088295
0.4839647165415499 -0.1883609882582196 1.161214186226712
0.4917254469623532 -0.1904529233819223 1.159979089988441
0.5022716967327104 -0.1932748391089386 1.158335526474908
0.5165362690247082 -0.1970539618719203 1.15617545321226
0.535707587305902 -0.2020659968821994 1.153384259267091
0.5612526360929395 -0.2086278418537958 1.149859590203151
0.5949002411500627 -0.2170743525735923 1.145545204712135
0.6385485645824175 -0.2277117281116747 1.140481919731824
0.6940528436841209 -0.2407434268655947 1.134869426390206
0.7628595339341929 -0.2561756714044068 1.129117389991997
0.8453638703383073 -0.2743135492118092 1.123730813361503
0.9403552056489424 -0.2960098635871121 1.119912940363508
1.045083502199315 -0.3205025608058784 1.118939312905598
1.155131955876242 -0.3464079087748106 1.122156166644741
1.26470493825541 -0.3733115962235801 1.130119319993543
1.368247448532657 -0.3998961101926271 1.142143395533663
1.461355606047226 -0.425001580625301 1.156769269532786
1.541017799284777 -0.4490734077928159 1.172384522214803
1.606777441322088 -0.4698660362667365 1.188309866696734
1.659375261719492 -0.4871462610526326 1.203185045569485
1.700417783183356 -0.5010585926084137 1.216202411127126
1.731845548487689 -0.5119798910551574 1.227052686961226
1.755574037273979 -0.520386560963329 1.235774339325406
1.773303967939077 -0.5267614926641788 1.242598752158112
1.786451138587542 -0.5315416314329124 1.247833538019861
1.796146008749221 -0.5350960220607774 1.251790691495578
1.803266217891853 -0.5377226448732411 1.254750143818039
1.808480154376116 -0.5396548269217971 1.256946154177619
1.812290017488947 -0.541071420449921 1.258566362817689
1.815069609360181 -0.5421074616199211 1.259756766113038
1.817095233836878 -0.5428638323984002 1.260628725761728
1.818570214217712 -0.5434153116301971 1.261266021382147
1.819643581469212 -0.5438170138416041 1.261731049307747
0.4671732448759014 -0.1806454983464156 1.164626645897449
0.4683481725594739 -0.1809711459426946 1.164426445525538
0.4699621394972163 -0.18141797089378 1.164152295524788
0.472177642889216 -0.1820303454387756 1.163777592353467
0.4752158997153283 -0.1828683173850215 1.163266777267103
0.4793769884376296 -0.184012167868136 1.162572961065832
0.4850649740531189 -0.1855703589865166 1.161634888995918
0.4928211456791492 -0.1876828742726586 1.160375368486347
0.5033608606514279 -0.190532126499806 1.158699524742071
0.5176161545947384 -0.1943471379926081 1.156497392042616
0.5367744483710508 -0.1994055470878759 1.153652448333669
0.5623014832604641 -0.2060260495027448 1.150060873600213
0.5959246764441373 -0.2145446715918286 1.145666133541788
0.6395407723036846 -0.2252674065979052 1.140510950172465
0.6950038658765801 -0.2383952015974863 1.134800281866084
0.763759925589836 -0.2539286493805832 1.128953253759696
0.846203921181981 -0.2721635195669597 1.123482710651136
0.9411270221587679 -0.2939350405906395 1.119585130351384
1.045783984583615 -0.3184704889989945 1.118540566708763
1.155763801059207 -0.3443811300683698 1.121690664505897
1.265277251215938 -0.3712588921221482 1.12956287205552
1.368777293596644 -0.3977896281488566 1.141476789287836
1.461863910378343 -0.4228206397952738 1.155984436790602
1.541530398284776 -0.4468085143001484 1.171466568683603
1.607317178899268 -0.4675072306376551 1.187249677584233
1.659955367214005 -0.484695905613112 1.20199004851113
1.70104274756278 -0.4985264944557187 1.214889488484654
1.732513754414324 -0.5093790511313605 1.225642168837421
1.756280508360222 -0.5177302958250054 1.234286123176056
1.774042470466942 -0.5240618624755403 1.241050348636869
1.787215456584284 -0.5288087968891481 1.246239403550007
1.796930587831787 -0.5323381551295341 1.250162282701528
1.804066412577328 -0.5349461193303998 1.25309629851983
1.809292222728649 -0.536864506112822 1.255273561890426
1.813111030333838 -0.5382709606193486 1.256880022862479
1.81589731492362 -0.5392995818996302 1.258060381660459
1.817927919619701 -0.5400505384000227 1.258925019331006
1.81940659865021 -0.5405980783969004 1.259556990471805
1.820482699691178 -0.540996917295645 1.260018149370085
0.4291050636581115 -0.2582827719762056 1.138081536516214
0.4303093694511225 -0.2585227939711324 1.137975593817204
0.4319641520278365 -0.2588526538376146 1.137830581173136
0.4342362520394711 -0.2593056555605387 1.137632496911464
0.4373526844722627 -0.2599271811866928 1.137362745774995
0.4416211758886467 -0.2607788604270798 1.136996951427068
0.4474562245169732 -0.2619439107300242 1.13650379480528
0.4554115465329875 -0.2635340372301014 1.13584438666537
0.4662182225149353 -0.265697767039638 1.134972729518851
0.4808256844251973 -0.2686303861552403 1.133839161950664
0.500438985408242 -0.2725847998842247 1.132399046703584
0.5265368536263058 -0.2778818108704089 1.130630926895061
0.5608474850432744 -0.2849172156814184 1.128568994214889
0.6052447938020842 -0.2941599109203945 1.12635376354925
0.6615211215718202 -0.3061307509338811 1.124297795306901
0.7310081283302199 -0.3213480247213854 1.12294752686167
0.8140634341539097 -0.3402233897880143 1.123097301231325
0.909543213511076 -0.3629069886358449 1.125695326333016
1.014487015244485 -0.3891148193721832 1.131605741645597
1.12427028942947 -0.4180170028496338 1.141277806144683
1.23332584334779 -0.4482793195220854 1.15448074919676
1.336235354297005 -0.4782919632036245 1.170279643721162
1.42875922003304 -0.5065098653084926 1.187294837668333
1.50841394172206 -0.5317571469733469 1.204104275947925
1.574482912273597 -0.5533791340125245 1.219581715321566
1.627621595263377 -0.5712235240959674 1.233050147940485
1.669317944443917 -0.5855120128101856 1.244260450352138
1.701409375624276 -0.5966821586416731 1.253275407607379
1.725744374510825 -0.605253542107573 1.260337050075838
1.74399131961008 -0.6117380201311834 1.265760153714836
1.757558600642065 -0.6165915184618794 1.269863837976168
1.767583461280136 -0.620195377299105 1.272935259329139
1.774956705107312 -0.622855573405592 1.275215581338702
1.780361314541418 -0.6248106643465909 1.27689854177612
1.784313070564973 -0.6262429620629067 1.278135253026978
1.787197273933675 -0.6272898041540481 1.279041149589061
1.789299518991821 -0.6280536150449204 1.279703189608489
1.790830337704976 -0.6286102269303737 1.28018620500202
1.79194426997013 -0.6290154766250584 1.280538168847163
0.4317067955895346 -0.2539153458248234 1.132381674959259
0.4329041720401136 -0.2541659626856416 1.132271696815103
0.4345494124327768 -0.2545103763053091 1.132121158236461
0.436808393031991 -0.2549833555229916 1.131915523976589
0.4399068459177352 -0.2556322775751877 1.131635479001416
0.4441507792773511 -0.2565214823318493 1.131255702297519
0.4499524979342157 -0.2577378291178763 1.130743627434595
0.4578628765933404 -0.2593978818119296 1.130058789363096
0.4686095458755853 -0.2616565223146506 1.129153233539585
0.4831379457302481 -0.2647171358732514 1.127974981675196
0.5026488657129298 -0.2688424831190913 1.126476850832787
0.5286171808549781 -0.2743644598293623 1.124634920090389
0.5627687016216742 -0.2816896221391728 1.122481577407997
0.6069778873299647 -0.2912940778674828 1.120157095505371
0.6630421898055986 -0.3036971942724313 1.1179765368911
0.7323039566901115 -0.3194008266677132 1.116492707734611
0.8151367997787146 -0.3387806351861333 1.116510637748308
0.9104158477011723 -0.3619325447032167 1.118992457701434
1.015198343153971 -0.3885107636523287 1.124816340634935
1.124871386249461 -0.417634323366138 1.134441260436811
1.233870241480774 -0.44794631965469 1.147638289152407
1.336770028640826 -0.4778497231644254 1.163466081575657
1.4293187963413 -0.5058402468549633 1.180533356129096
1.509019205596228 -0.5307943099808049 1.197405613309928
1.575142675040487 -0.5521051463245232 1.212946648253442
1.628336121932678 -0.569654943443472 1.226473187792511
1.670082442185958 -0.5836848529447946 1.237733162172682
1.702216727100488 -0.5946397288897505 1.246788693176361
1.726586962573576 -0.603038567852027 1.253882471239322
1.744862038814889 -0.6093884648993179 1.259330434009648
1.758451299461456 -0.6141390671230829 1.263453074921993
1.768493078151738 -0.617665380167062 1.266538782188004
1.775879198526694 -0.6202677451042986 1.268829783153384
1.781293531221992 -0.6221800351923883 1.270520679055565
1.785252585586021 -0.6235808317993438 1.271763261898491
1.788142238955035 -0.6246045809784603 1.272673488876864
1.790248546296997 -0.6253515138703708 1.273338715185213
1.791782382653628 -0.6258958159160469 1.273824071457585
1.792898552546281 -0.626292101207793 1.274177753140802
0.4344932681322763 -0.2491224167784371 1.127127424676207
0.4356842053557478 -0.2493828512940173 1.12701151282249
0.4373205736862644 -0.2497407500425073 1.126852844933869
0.4395673479951738 -0.2502322391259383 1.126636095215768
0.4426490601356268 -0.2509065443181549 1.12634088318866
0.446870105785965 -0.2518305184933965 1.125940479939487
0.4526407275402091 -0.2530943985555964 1.125400462767455
0.4605091137497439 -0.2548192605899777 1.124677997740249
0.4711996129438834 -0.257165897099332 1.12372217112282
0.4856538285911786 -0.2603452465708694 1.122477464843455
0.5050683804925291 -0.2646293016995589 1.120892741733285
0.5309142422831902 -0.2703604371873306 1.118940144595102
0.5649145445635566 -0.2779555537653069 1.116648986852951
0.6089436520456974 -0.2878980913425613 1.11415869329947
0.6648031057611922 -0.3007070586278583 1.111787559235978
0.7338446456983946 -0.3168704525664195 1.110097575943495
0.8164565770114812 -0.336732028824377 1.1099098483342
0.9115320455720741 -0.3603384109507918 1.112208084329713
1.016145715460958 -0.3872862357712976 1.117892906718644
1.125696834173291 -0.4166452282573024 1.127439718412859
1.234624265693661 -0.4470342498763854 1.14062411994803
1.337498064381237 -0.4768647587365928 1.156496168648161
1.430055416131406 -0.504667910640857 1.17364704635358
1.50978632898256 -0.5293677497543507 1.190622486494463
1.575950988675579 -0.5504023416122564 1.206269741047687
1.629188070817783 -0.5676869474628099 1.219894604022897
1.670975389100618 -0.5814819891638275 1.231239468166567
1.70314549039112 -0.5922401356703666 1.240364850363265
1.727545555995161 -0.6004806158053687 1.247514214037119
1.745844673966891 -0.606706617656572 1.253005325738389
1.759452855057518 -0.611362288562268 1.257160911215516
1.769509282348191 -0.6148169466447049 1.260271453462795
1.776906605747078 -0.6173658138873949 1.26258100788659
1.782329433028369 -0.6192384786664414 1.264285673834605
1.786294886532023 -0.6206100947823749 1.265538427981565
1.789189333290825 -0.6216124437199653 1.266456141492347
1.791299224322354 -0.6223437313068476 1.267126864367045
1.792835729868963 -0.6228766204263437 1.267616248979088
1.793953883900306 -0.6232645934651632 1.267972879200361
0.4374250371594877 -0.2439433023831534 1.122337503359393
0.4386101772309932 -0.2442126564357317 1.122214112992182
0.440238551619956 -0.2445828055410367 1.12204519695928
0.4424743169326509 -0.2450911086301682 1.121814429387511
0.4455409142382998 -0.2457884704790714 1.121500082256314
0.4497412680976214 -0.2467440283585239 1.121073639613486
0.4554837357589097 -0.2480510904035492 1.120498323420963
0.4633140327115775 -0.2498348412538489 1.119728277359107
0.4739534646638959 -0.2522614643738871 1.118708798008219
0.4883400376317736 -0.255548807179819 1.117379803905028
0.5076663861086099 -0.2599773470847559 1.115685005432854
0.5333996205930633 -0.2658991745685672 1.113591319072625
0.5672599597773372 -0.2737409565146779 1.111123795021629
0.6111210417742352 -0.2839934355414588 1.108420275168819
0.6667873912800218 -0.2971763077904101 1.10580253998571
0.7356186333597313 -0.3137663581361538 1.103843645216268
0.8180161181463331 -0.3340798560185757 1.10338478217387
0.9128896225962772 -0.3581196836331255 1.105437324642428
1.017330508237969 -0.3854300338879995 1.110931494615242
1.126750339904501 -0.4150340656973823 1.120365393360863
1.235592615963266 -0.4455255377535564 1.133522448141947
1.33842394618903 -0.4753202567438691 1.149443373283773
1.430972439510115 -0.5029790737964955 1.166697604274895
1.510717002153354 -0.5274682174439664 1.183805214231872
1.576907661668268 -0.5482666704416013 1.199591229557782
1.630175404400537 -0.5653206633040162 1.213346224433533
1.671993087230452 -0.5789092561842544 1.224804477675312
1.704190559927792 -0.5894932356145828 1.234023777076678
1.728613905252166 -0.5975928289897532 1.241248215614419
1.746932073438551 -0.603708222769833 1.246797798007502
1.760555420208473 -0.6082789382896227 1.250998112988909
1.770623698805714 -0.6116693611806239 1.254142415063797
1.778030155854044 -0.61417021230527 1.256477205433452
1.783459954708076 -0.6160072817820018 1.258200604001434
1.787430690663967 -0.6173526697995135 1.259467192704804
1.790329114236939 -0.6183357760640341 1.260395085047491
1.792441993079478 -0.6190529920075247 1.261073277167267
1.793980733590933 -0.6195756145284309 1.261568132043826
1.795100555654768 -0.6199561095799049 1.261928763023606
0.4404686657635515 -0.2384092525999778 1.118039488556573
0.4416487867729384 -0.2386864761980825 1.117907422426493
0.4432702315473373 -0.2390674324692728 1.117726615892237
0.4454964396337436 -0.2395905679435718 1.117479580193795
0.4485498948259005 -0.2403082688008713 1.11714302036748
0.4527322239972643 -0.241291689960106 1.116686337283157
0.4584501172956006 -0.2426368540503451 1.116070007305362
0.4662470839724213 -0.2444725834550628 1.115244636856949
0.4768416917181355 -0.246969846224927 1.114151073921216
0.4911686657392239 -0.2503526447430987 1.112723851189042
0.5104169256382296 -0.2549090607072271 1.110900544452261
0.5360498421434504 -0.2609999857188784 1.108641748763755
0.5697845565758396 -0.2690611207221026 1.105967168270072
0.6134933680614837 -0.2795903609805752 1.103012235887389
0.6689826135748487 -0.2931091098322315 1.100102042530368
0.737618104225312 -0.3100857440494991 1.097821701785105
0.8198122479446527 -0.3308139031255626 1.097035142942801
0.9144896086219828 -0.3552590544315244 1.098785866023482
1.018757038765134 -0.3829190882862278 1.104039399968002
1.128038222776154 -0.4127743433565005 1.113322105250298
1.236782194154834 -0.4433932529766971 1.126428887882554
1.33955387117205 -0.473191864219579 1.142391671328998
1.432074403008926 -0.500754395171094 1.1597556804957
1.511813553992142 -0.5250828753361364 1.177011065420404
1.578012641297508 -0.5456923135114488 1.192956105944684
1.631295787357739 -0.5625570336896737 1.206862484816883
1.673131177305933 -0.575973625095403 1.218453965300887
1.705345876909858 -0.5864110845059092 1.227784379047194
1.729784579364177 -0.5943913824398421 1.235098066142201
1.748115729145196 -0.6004126966361732 1.240717399981932
1.76174965898961 -0.6049109283674869 1.244971196087899
1.771826364845293 -0.608246427631644 1.248155926869672
1.779239416897221 -0.6107061618762744 1.250520968952936
1.784674315770025 -0.6125127196007992 1.25226683723595
1.788648960151214 -0.6138356100738215 1.253550025818779
1.791550354781379 -0.6148022034327437 1.254490133007018
1.793665486895018 -0.6155073408401378 1.255177288261881
1.795205926760374 -0.6160211497970993 1.255678706485134
1.796327026740005 -0.6163952250212049 1.256044136520998
0.4435948361729307 -0.2325464742986457 1.114269259824312
0.4447708243039078 -0.2328303649274892 1.114127654358582
0.4463865518859502 -0.233220475921059 1.1139337727388
0.4486048572319243 -0.2337561751903896 1.113668845605654
0.4516474199638189 -0.2344911043840879 1.113307852417714
0.455814768916846 -0.2354981310564466 1.112817895941369
0.4615121801037886 -0.2368755841932398 1.112156423198408
0.4692812683010025 -0.2387553851581058 1.111270126626697
0.4798382257835619 -0.2413125910615173 1.110094919671829
0.4941148850637542 -0.2447764914403822 1.108559335026966
0.5132968059155384 -0.2494417507826462 1.106594065214015
0.538843835886558 -0.2556769810253939 1.104152518333357
0.572469962899079 -0.2639260064907494 1.101248135665038
0.6160455955307929 -0.2746935663934587 1.098013115137974
0.671377703127894 -0.2885037167176094 1.094775369785007
0.7398364515920662 -0.3058193476396673 1.092132279674883
0.8218430163588696 -0.3269167691276512 1.090971827428164
0.9163344299312036 -0.3517312239301358 1.0923723362391
1.020431268241282 -0.3797216584595843 1.09733857201302
1.129568651982086 -0.4098306016831479 1.106429537784265
1.238201810022138 -0.4406017889345776 1.119455201449402
1.340895805555524 -0.4704474792370576 1.135440356300774
1.433367296521105 -0.4979682259447373 1.152905410428932
1.513079338317942 -0.5221943085921068 1.170308289246049
1.579266431973247 -0.542670662430341 1.18641756130909
1.632546991918345 -0.5593958833363619 1.200483294143984
1.674385010193336 -0.5726824046910336 1.212216723459328
1.706604760893412 -0.5830072817599298 1.221666495486524
1.73104925950955 -0.5908949584717519 1.229076593799743
1.74938603756442 -0.5968427129771264 1.234771581377793
1.763024981282447 -0.6012840012104653 1.239083545356199
1.773105943916249 -0.6045762120290351 1.242312334937291
1.780522493747667 -0.6070034685107872 1.244710390710568
1.785960206391688 -0.6087858902822362 1.246480803815621
1.789937079081271 -0.6100909678655762 1.247782137141686
1.792840214046543 -0.6110444794564799 1.248735601673962
1.794956700035377 -0.611740045462509 1.249432561243229
1.796498183118587 -0.6122468697190733 1.249941159856903
1.797620082925715 -0.6126158576043769 1.250311840460111
0.44677176148016 -0.2263887127615454 1.111050583253096
0.4479445535737387 -0.2266779937628844 1.110898817178468
0.4495558459410134 -0.2270755053937677 1.110691008304992
0.4517679985786938 -0.227621360556699 1.110407021721706
0.4548020497351115 -0.2283702166646006 1.110019996761904
0.4589576431128699 -0.22939633035258 1.109494582330459
0.4646389118683052 -0.2307999035453707 1.108784989608874
0.4723859129141866 -0.2327153843121902 1.107833721147797
0.4829128598090491 -0.2353211782181084 1.106571396206021
0.4971491265624582 -0.2388509344608248 1.104920086285299
0.5162773296331268 -0.2436048000142993 1.102803025320269
0.541754089628889 -0.249957922786334 1.10016574404857
0.5752902623324241 -0.2583612058348428 1.097014642247744
0.6187539201867607 -0.2693257574020164 1.093477891890867
0.6739515755375376 -0.2833790448385896 1.089885576054526
0.7422559480996056 -0.3009812325475908 1.086847083789153
0.824094603003503 -0.322396567115804 1.085274927704835
0.9184144734032422 -0.3475374973519202 1.086283782306936
1.022347688862083 -0.3758320177346745 1.090920303130638
1.131339656573114 -0.4061908371033798 1.099779505503465
1.239852072910977 -0.4371346601290405 1.112689628007973
1.342451798619652 -0.4670686253469976 1.128670426294522
1.434853528947128 -0.494602674533839 1.146217971960127
1.514516287294353 -0.5187872970008495 1.163757025226417
1.580669969648153 -0.539190462626137 1.180024720863154
1.633928729463361 -0.5558304262330517 1.194247672010233
1.675753057207994 -0.5690331796300457 1.206123052292193
1.707964554178361 -0.5792833253082232 1.215693237298897
1.732404326907043 -0.5871083562868474 1.223201178752534
1.750738598409375 -0.5930057414048371 1.228973265669989
1.764376370952183 -0.5974077239333331 1.23334468210443
1.774456945412333 -0.6006698940746857 1.236618597971984
1.781873536072714 -0.6030745327772711 1.239050518156717
1.787311506664368 -0.6048401084088523 1.2408461359325
1.791288727178736 -0.6061327366283297 1.242166116425491
1.79419222375601 -0.6070770987870482 1.243133315887213
1.796309055372153 -0.6077659690089371 1.24384036122531
1.797850845723246 -0.608267907530255 1.24435634855279
1.79897300889522 -0.6086333380713831 1.244732433205792
0.4499660502053298 -0.2199773388354842 1.108390801503752
0.4511365900217534 -0.2202707182477335 1.10822851067447
0.4527447388732272 -0.220673855552698 1.108006275005505
0.4549525026489964 -0.2212274302498556 1.107702543844011
0.4579804430152593 -0.2219868730931832 1.107288548557464
0.462127534668739 -0.2230275024432964 1.106726390891779
0.4677970443474992 -0.2244509546145338 1.105966921590659
0.4755278162788864 -0.2263936247277916 1.104948283621296
0.4860324961660406 -0.2290365155274737 1.103595575742849
0.500238457099154 -0.2326166919872117 1.101824108012207
0.5193258265803175 -0.2374386568365906 1.099549262359443
0.5447483536500791 -0.2438828648674996 1.09670818477451
0.5782138699629338 -0.2524061767036453 1.09329959801172
0.6215877817565724 -0.2635254677954331 1.089446890339828
0.6766751871779398 -0.2777721819875585 1.085481487358669
0.7448496738081022 -0.2956062650128167 1.08202403985655
0.826542862424739 -0.3172849113619234 1.080011206634727
0.9207089368149982 -0.3427050758196099 1.080594382668724
1.02448918232178 -0.3712719364298184 1.084863560625454
1.133337810087129 -0.4018708588424341 1.09345226730285
1.241722913162884 -0.4330019086075272 1.106210012603541
1.34421455064984 -0.4630604748470783 1.122154137888594
1.436527879185915 -0.4906593721283125 1.139757907572024
1.516120601573315 -0.5148613236189385 1.157413170589483
1.582220341216861 -0.5352502196535257 1.173824923933613
1.635438586492804 -0.5518590115764729 1.188195171315894
1.677233152633441 -0.5650246237166427 1.200205834862962
1.709423189607022 -0.575238433881309 1.209892020061507
1.733847732825362 -0.5830313921186422 1.217494897572754
1.752171343498265 -0.5889021565608504 1.223342166209416
1.765801726176766 -0.5932829506450331 1.2277717584607
1.775877231782665 -0.5965287187890161 1.231089942276104
1.783290373948963 -0.5989209078074254 1.23355514304881
1.788726019538976 -0.6006771644484358 1.235375564007235
1.79270168566504 -0.6019628867710877 1.236713912802455
1.795604148220639 -0.6029021667099561 1.237694651730481
1.797720304292359 -0.6035873170793369 1.238411645059719
1.799261656210446 -0.6040865430120911 1.238934923341514
1.800383538994092 -0.6044500008299533 1.239316342358624
0.4531459835645629 -0.2133560652395751 1.10628448754565
0.4543151838034311 -0.2136522863692016 1.106111580926997
0.4559214385444099 -0.2140593229619498 1.105874793574673
0.4581265200277169 -0.2146182476560153 1.105551146017119
0.4611506733928297 -0.2153850288173584 1.1051099438266
0.4652924147440524 -0.2164357281431281 1.104510715300311
0.4709544144728688 -0.2178729895839866 1.103700914737644
0.4786746431149145 -0.2198345908211636 1.102614271288751
0.4891645854778194 -0.2225033989349602 1.10117028377653
0.5033500735245914 -0.2261189711804843 1.09927738095451
0.5224092150295142 -0.2309890573576705 1.096842909181657
0.5477932802275798 -0.2374981954190444 1.093795344902452
0.581207256416663 -0.2461080554233435 1.090125295368237
0.6245136693495766 -0.2573405876162757 1.085950708913884
0.6795154045436935 -0.2717315852359082 1.08160342591884
0.7475854099541926 -0.2897429661125729 1.077714181837432
0.8291571757898247 -0.3116294748581941 1.075242539395099
0.9231895375148668 -0.3372794901516686 1.075375715354194
1.026830441731531 -0.3660833431287273 1.079247033291208
1.135541176815814 -0.3969077380746015 1.087529809582246
1.243795833843287 -0.4282350597448571 1.100097280264356
1.346168758983454 -0.4584490454688355 1.115967336275141
1.438377780687123 -0.4861594822926887 1.133593036106388
1.517881906482182 -0.5104336842254114 1.15133496264874
1.583908838924089 -0.5308643921053022 1.167866558475322
1.637069076404086 -0.5474941482867117 1.182364993032297
1.678818682953991 -0.5606679703522666 1.194496266746933
1.710974669419463 -0.5708830349334912 1.204287397538915
1.735373911310367 -0.5786739954064063 1.211976987546302
1.7536790095142 -0.5845415838221902 1.217893373916074
1.767295996335218 -0.5889191216383435 1.222376693513113
1.777361902484916 -0.5921620134272975 1.225735894163521
1.784768213199284 -0.5945518512264916 1.228232005027091
1.790199026533743 -0.5963062726286785 1.230075503462805
1.794171290121387 -0.5975906051054656 1.23143096558072
1.79707136175534 -0.5985288524544176 1.232424331844358
1.799185848920702 -0.5992132474918683 1.233150610675799
1.800726036711485 -0.5997119264801468 1.23368069882395
1.801847109767028 -0.6000749912105944 1.234067102897087
0.4562858482479016 -0.2065621980959228 1.104742824062836
0.4574545708381575 -0.2068600535328068 1.104559419837495
0.4590601115114728 -0.2072693309748391 1.104308242980269
0.4612641228679608 -0.2078313297167001 1.103964900716888
0.4642866852028471 -0.2086023295032117 1.103496793680461
0.468426055695874 -0.209658830144761 1.102860902122476
0.4740845656018314 -0.2111040736481093 1.102001317274125
0.4817996356674014 -0.213076679223272 1.100847390539332
0.4922819814353557 -0.2157606752078526 1.099313058120111
0.5064563410748328 -0.2193972243718229 1.097299893286261
0.525499268575494 -0.2242962562155548 1.094707197268572
0.5508599641594428 -0.2308452062406625 1.091454685239553
0.5842407992794176 -0.2395094235742487 1.087524597589329
0.6275012998095065 -0.2508152077979445 1.083028917368014
0.6824414874592556 -0.2653029476754175 1.078298963245905
0.7504323501076685 -0.2834384651510453 1.073974115687624
0.8319072496710218 -0.3054782656440871 1.071034968424651
0.9258272046548206 -0.3313086217879492 1.07070261912286
1.029344342142866 -0.3603126407266005 1.074152384942527
1.137925173139829 -0.3913449727991759 1.082097364621717
1.246049146755177 -0.4228735501255664 1.094436183335193
1.348295701550936 -0.4532690793921501 1.110190268622029
1.440387300770894 -0.4811329991954988 1.127795900420439
1.519786719287041 -0.5055300258912726 1.145585337305214
1.585724020374905 -0.5260549319342068 1.162202379844394
1.638810389192456 -0.5427548124221474 1.17680018005872
1.680501106346938 -0.5559798880321978 1.189028782859403
1.712611416633831 -0.566232052611441 1.198906571419845
1.736976008599557 -0.5740497938789858 1.206668804730062
1.755255279569197 -0.5799366966197705 1.212643653759175
1.768853260102264 -0.5843282130139767 1.217172721406995
1.778905326288061 -0.5875812463261109 1.22056701374427
1.786301634625161 -0.5899784624999221 1.223089661687472
1.791725263077332 -0.5917382647718578 1.224953024520632
1.795692388545942 -0.593026529445629 1.22632324680987
1.798588794225967 -0.593967653236017 1.227327521026233
1.80070067861607 -0.594654155590882 1.228061831318569
1.802239019787188 -0.5951543795004091 1.228597815769147
1.803358785138361 -0.5955185773379547 1.228988539950634
0.4593625513369721 -0.1996331304137403 1.103783568498384
0.4605316004648943 -0.1999314655826698 1.103589968655446
0.4621375282028576 -0.2003413981633176 1.103324816629457
0.4643419741019251 -0.2009042950476564 1.102962346845433
0.4673649956068865 -0.2016765311960847 1.102468109604229
0.4715047782168855 -0.2027347529836863 1.101796607766695
0.4771635559423241 -0.2041824090392096 1.100888662948593
0.4848785055597592 -0.2061584430754714 1.099669363402524
0.4953599455433164 -0.2088473721121298 1.098047220580506
0.5095319499987849 -0.2124911145503338 1.095917102896443
0.5285699755184493 -0.2174007526814956 1.093170404565194
0.5539215700569403 -0.2239654693654884 1.089718149377195
0.5872867597002122 -0.2326531744385189 1.085534112674535
0.6305220420324706 -0.243993747750905 1.080723888386539
0.6854240743142431 -0.2585322758818618 1.07561731717766
0.753360767534636 -0.2767401319009385 1.070860751972356
0.8347635808532589 -0.2988793637663604 1.067453410894624
0.9285934293115067 -0.3248401118126925 1.066647470743686
1.032004210985412 -0.3540054817000057 1.069657823997874
1.140465720616177 -0.3852245579716475 1.077236313557862
1.248461895806677 -0.4169543018743367 1.089307986444876
1.350577764436627 -0.4475515623074014 1.104900811324842
1.442542088844728 -0.4756047611058166 1.122438370764304
1.521823652004503 -0.5001693841999886 1.140228572207343
1.587657038241231 -0.5208357701153573 1.15688855310008
1.640655763067138 -0.5376506759238955 1.171549111083894
1.682275317402611 -0.5509666315455675 1.183844828341454
1.714329609564381 -0.5612890769387793 1.193785138722861
1.738651180045202 -0.5691603422073573 1.201601205885307
1.756898043147229 -0.5750875170021585 1.207620130731443
1.770471953164001 -0.5795091054453883 1.212184091972759
1.780506342504009 -0.5827844543658125 1.21560537026093
1.787889774310306 -0.585198158076214 1.21814854747143
1.793304082678336 -0.5869701028592651 1.220027346298347
1.797264493314748 -0.5882672898226593 1.221409077677296
1.800156073875043 -0.5892149570863222 1.222421880039543
1.802264506014074 -0.5899062532244231 1.22316248356435
1.80380037947415 -0.5904099858084598 1.223703096636703
1.804918383788296 -0.5907767498502784 1.224097217442464
0.4623539464793832 -0.1926104339244488 1.10340975796408
0.4635240477891416 -0.1929081918432314 1.103206440122974
0.4651313562934845 -0.1933173279834581 1.10292796824183
0.4673375948458225 -0.1938791313037258 1.102547268372122
0.4703629265259601 -0.1946498741670043 1.102028127443985
0.4745056348927456 -0.1957060826609828 1.101322685096339
0.4801680764492895 -0.1971510536407126 1.100368644628715
0.4878874628846951 -0.199123581608282 1.099087021768526
0.4983740569009972 -0.2018080552888964 1.097381138982541
0.5125516663226197 -0.2054463672037572 1.09513943312838
0.5315950799055731 -0.2103498040200199 1.092245676799162
0.5569506005119201 -0.2169082243562139 1.088602437555505
0.5903162015869373 -0.2255910363804612 1.084175091949835
0.6335453994955537 -0.2369309230378318 1.079062546216115
0.6884311333812382 -0.251477637880044 1.073592227929112
0.7563373436755497 -0.2697094285918942 1.068415616783423
0.8376920897791253 -0.291897122589851 1.064547686552014
0.9314541727621243 -0.3179399940507028 1.063268095116854
1.034777045836794 -0.3472276776654984 1.065827842099168
1.143131883787718 -0.3786097552661135 1.07301542234102
1.25100608916754 -0.4105357356318584 1.084782630814381
1.3529904710242 -0.4413482933039665 1.100166893236061
1.444821389757764 -0.4696189670867638 1.11758372509106
1.523975548399863 -0.4943882101282874 1.135321606223748
1.589693981651134 -0.5152361147637613 1.151975006621656
1.642594059624955 -0.532204602509111 1.166654858018714
1.684132449965106 -0.5456457724390972 1.178981300321019
1.716122186651297 -0.5560674236710438 1.188954750955632
1.740393763774839 -0.5640156259562281 1.196801570587044
1.758602705151264 -0.5700014762829928 1.202846810170917
1.772148282895605 -0.5744673002854408 1.207432205043811
1.782161756425412 -0.5777756963535592 1.210870384227002
1.789529879934864 -0.5802139270893926 1.21342659719662
1.794933058658563 -0.5820039874262727 1.21531529811315
1.798885416557298 -0.583314507854645 1.21670447014258
1.801771187484333 -0.5842719619366075 1.217722819347772
1.803875445378455 -0.5849704289285301 1.218467536674089
1.805408322950405 -0.5854794083848597 1.219011187892176
1.806524180544142 -0.5858500074859829 1.219407546090127
0.4652406604889542 -0.1855362504874061 1.103609113731353
0.4664124132083037 -0.1858325925293662 1.103396689398818
0.4680219232099611 -0.1862397803265705 1.103105736762626
0.4702310763822828 -0.1867989092561356 1.102707956284748
0.4732602478014845 -0.187565991859394 1.102165483387704
0.4774079602370525 -0.1886172206629931 1.101428242364041
0.4830768751474678 -0.1900554552332948 1.100431014544873
0.4908044725185912 -0.1920189602125914 1.099090993671404
0.5013012460900584 -0.1946914991259845 1.097306627212503
0.5154910752241377 -0.1983143040888472 1.094960293938905
0.5345484521794306 -0.2031980872752883 1.091928554411863
0.5599187995715112 -0.2097324861159511 1.088105901757018
0.5932983269423964 -0.2183874851194163 1.083449539468826
0.6365376810642518 -0.2296978275077207 1.078051535681879
0.6914258943851727 -0.2442177253483882 1.072236059835252
0.7593223298212974 -0.2624331144887813 1.066657829881644
0.8406505490949158 -0.2846259232776684 1.062344436982156
0.9343656828842033 -0.3107085698062461 1.060598851645731
1.037618924089895 -0.3400824225266494 1.062703858096951
1.145881139248145 -0.3716026569688849 1.069481544547154
1.253642109599284 -0.403714627663769 1.080910004876206
1.355498279702037 -0.4347471562717476 1.096038740134107
1.447194400867507 -0.4632522890170273 1.113280101144904
1.526216484549723 -0.4882510838884851 1.130908754869665
1.591813526238282 -0.509308805978443 1.147501331076309
1.644608014093813 -0.5264588652754058 1.162152112262654
1.686058648059787 -0.5400505906766281 1.174468319224631
1.717978048553897 -0.5505930315764884 1.184441555223669
1.742194827830805 -0.5586357735861017 1.192292758681515
1.760362002130219 -0.5646942088668441 1.19834392783946
1.773876250595298 -0.5692150139698693 1.202935253995639
1.783866517081232 -0.5725646213707153 1.20637868879683
1.791217604746247 -0.57503350768648 1.208939268087755
1.796608364323641 -0.576846243712648 1.210831459573565
1.800551713910522 -0.5781734691762291 1.212223353449204
1.803430970843278 -0.5791431912034437 1.213243788770883
1.805530537294761 -0.5798506486988326 1.213990088374733
1.807060040246294 -0.5803662063544505 1.214534929374936
1.808173474351614 -0.5807416127926682 1.21493217723644
0.4680066181317906 -0.178451657994653 1.104367169014517
0.4691804479731663 -0.178746111340377 1.10414633300261
0.4707927425870491 -0.1791507010623196 1.103843853101528
0.4730056076080346 -0.1797062633927817 1.103430298470602
0.4760397057033441 -0.1804684618013355 1.102866280571684
0.4801938995669849 -0.1815130329247141 1.102099677532751
0.4858712854096943 -0.1829422356662176 1.101062573921756
0.4936097785603372 -0.1848935834909524 1.099668630745541
0.504120309418494 -0.1875499235987771 1.09781178604634
0.5183270726761283 -0.1911514497008812 1.095368801759364
0.5374045353217372 -0.1960078249652476 1.092209523278763
0.5627975132470295 -0.2025079002118153 1.088220860124626
0.5962006842185806 -0.2111216202731853 1.083352197967279
0.6394619538377035 -0.2223852231333355 1.077688757151649
0.6943663984450245 -0.2368570535946826 1.071550731476338
0.762268506254344 -0.255030924714588 1.065594255112621
0.8435867497890152 -0.2772008700518339 1.060856330686443
0.9372717071859573 -0.3032944373609995 1.058658792168215
1.040471223282201 -0.3327275180142032 1.060311359216914
1.148654751805886 -0.3643638424126981 1.066665959025976
1.256313593856729 -0.3966468371615196 1.077725868773392
1.358049443919641 -0.4278922412871646 1.092554877179468
1.449615598660118 -0.4566318018535653 1.109567052184804
1.528507943095664 -0.4818652998678679 1.127029177204848
1.593984173783209 -0.5031409744908164 1.143505350807352
1.646672597946626 -0.5204818200607502 1.158076898680789
1.688034490022475 -0.5342330692421072 1.170340011167112
1.719882414237128 -0.5449042783946497 1.180277908035122
1.744043302684122 -0.5530482533103652 1.188105597313255
1.762167758072183 -0.5591846630070741 1.194141054750936
1.775649894031 -0.563764668617086 1.198721812536982
1.785616332554564 -0.5671587235148379 1.202158085121816
1.792949904295549 -0.5696607114179094 1.204713773124573
1.798327879954889 -0.5714979523688303 1.206602601435973
1.802261947411876 -0.572843240529464 1.207992168798957
1.805134486603813 -0.5738262325265288 1.209010985542126
1.807229210962032 -0.5745434170335707 1.209756156133522
1.808755228371919 -0.5750660927652486 1.21030020652484
1.809866157590878 -0.5754467014132711 1.210696899606666
0.4706387532493239 -0.1713971365826983 1.105678053743322
0.4718149301928815 -0.1716896019988424 1.105449568720577
0.4734303791787563 -0.1720914566955973 1.1051366080598
0.4756474615293787 -0.1726432632524781 1.10470871309222
0.4786871752801483 -0.1734003160545925 1.104125111308832
0.4828487869725697 -0.1744378663002408 1.103331820551186
0.4885359093474313 -0.1758575330426486 1.102258476208174
0.4962869989273153 -0.177796019643249 1.100815525177694
0.5068135526955249 -0.1804351752703288 1.098892799882661
0.521040235007332 -0.1840140386198314 1.096361935270521
0.5401416603210127 -0.1888410602767482 1.093086618285465
0.565562215312304 -0.1953040801321166 1.088946736181601
0.5989952058548723 -0.2038727082307337 1.083884289323741
0.6422859099153981 -0.2150843131617846 1.077977715123402
0.6972154865306791 -0.2295009663833894 1.071542567798999
0.7651334939255091 -0.2476239730848769 1.065234578679511
0.8464531578074447 -0.2697592119345326 1.060096869854214
0.9401202421367381 -0.2958493492901884 1.057465480801414
1.043278876914725 -0.3253251368018149 1.058671885430671
1.151396640672758 -0.3570595616007027 1.064593700565948
1.258965837893807 -0.3894950858932978 1.075257928479686
1.360592921487259 -0.4209353956856521 1.08974468194049
1.452039356289001 -0.4498928234415562 1.106474662586515
1.530810694446133 -0.4753464709632372 1.123712898753998
1.596173301463715 -0.4968278228555561 1.140016534645519
1.648761406584285 -0.5143494503569203 1.154457881588637
1.690039041389114 -0.5282522934219175 1.166624174129299
1.721818926349695 -0.5390461216884308 1.1764907932914
1.745926521073706 -0.5472866426524906 1.18426636411654
1.764010199670101 -0.5534974981645907 1.190263886645186
1.777461663670204 -0.5581340752151716 1.194817113602922
1.787405336618844 -0.5615706323702323 1.198233446938336
1.794722172563387 -0.5641042903350377 1.200774712068881
1.800087935396694 -0.5659649867553911 1.202653117060095
1.804013137811265 -0.5673275705647096 1.204035155441779
1.806879263372684 -0.5683232730461015 1.205048534605825
1.808969367135857 -0.5690497769788981 1.205789780477279
1.810492060157344 -0.569579274318989 1.206330997750753
1.811600601671466 -0.569964869677692 1.206725646011748
0.4684961764252841 -0.1746749343062395 1.165588091263256
0.4686436028937111 -0.1742790104022903 1.164310928479665
0.4688621943173045 -0.1736900766882271 1.16241429221229
0.4691814741526122 -0.1728257628711115 1.159637545892237
0.4696377319493651 -0.1715820524689463 1.155655896027336
0.470269708387359 -0.1698422838202204 1.150113480696845
0.4711081980270313 -0.1675024350620715 1.142708847937107
0.4721591197056996 -0.1645167641267566 1.133341118411076
0.4733859121085797 -0.1609527204402835 1.122274081576784
0.469679578854014 -0.1714674698230427 1.167036024304465
0.4698610755102687 -0.1709694993860998 1.165803048436776
0.4701300167839273 -0.1702285737434942 1.163972060475075
0.4705224619269721 -0.1691408076786354 1.161291582819979
0.4710824595059271 -0.1675748082076973 1.157448438704495
0.4718564657614566 -0.1653828156705144 1.152099923203648
0.472880244535895 -0.1624323684727653 1.144956600903444
0.4741579786048625 -0.1586638311820018 1.135923502181925
0.4756412981564697 -0.1541601618059229 1.125258026777449
0.471017289145011 -0.1677579009360965 1.169163471516164
0.4712325779984258 -0.1671521984089873 1.167986923042126
0.4715512415492591 -0.1662510950139947 1.166239615118525
0.4720154637959434 -0.1649284752172906 1.163681500716434
0.4726762318615403 -0.163025089581866 1.160013662060912
0.4735862187099719 -0.1603623816485359 1.154909074923651
0.4747837576177019 -0.1567813238316837 1.148091744236668
0.4762681647444695 -0.1522124674622116 1.139471579524183
0.4779764250384346 -0.1467601345988676 1.129295091329417
0.4724952177197739 -0.1635489811400349 1.172194684578458
0.4727420831327525 -0.1628340346343655 1.171086251934373
0.4731070513132069 -0.1617705721004985 1.169439867414202
0.473637763204981 -0.1602100785412153 1.167029122144883
0.474391120528204 -0.157965391032324 1.163571960712555
0.4754245173344125 -0.154827414618151 1.158759602223959
0.4767768860338356 -0.1506114236831951 1.152331108417253
0.4784405729603116 -0.1452398641744364 1.144200644549952
0.4803365888291399 -0.1388407772665719 1.134599911785175
0.4740900987801632 -0.158866542225275 1.176368752669378
0.4743641943531408 -0.1580462309442895 1.175337888014882
0.4747690053861899 -0.1568259912278829 1.17380649585188
0.4753567171350173 -0.1550354523153306 1.171563791831902
0.476188972133905 -0.1524600367901535 1.168347112898305
0.4773265180534476 -0.1488603209823619 1.163868803494648
0.4788075532653407 -0.1440254385032654 1.157885639064977
0.4806166117605536 -0.1378683157937505 1.150317389473936
0.4826590104327163 -0.1305384221143763 1.141379618666559
0.475775363565613 -0.153745905389408 1.181926021610986
0.4760707839222268 -0.1528286906823338 1.180979467806479
0.4765067358372176 -0.151463958424967 1.179573255639195
0.4771388365843628 -0.1494607996195684 1.177513887952943
0.4780321423553835 -0.1465785484821102 1.174560417652484
0.4792493951911173 -0.1425482978114727 1.170449357218353
0.4808270435660008 -0.1371326152874625 1.164958726748726
0.4827416710071452 -0.1302324040829669 1.158017085025005
0.4848841179054745 -0.1220139016793986 1.149825072814962
0.4775300634665575 -0.1482060676410569 1.189094639063429
0.4778401789270988 -0.1472031365254089 1.188236811835603
0.478297500304145 -0.1457103332053235 1.186962510565683
0.4789598281174131 -0.1435182324645137 1.185096713382845
0.4798941460004217 -0.140362418882427 1.182421920047394
0.481163679574631 -0.1359467302225464 1.178701195489602
0.4828020298459161 -0.1300084611733526 1.173736742499527
0.4847777710953395 -0.1224357490761365 1.167468786272982
0.486968803838348 -0.1134080424319569 1.160084491618055
0.4793480664694245 -0.142216142445308 1.198081250481479
0.479666075879031 -0.1411398443063178 1.197315110493165
0.4801347011535874 -0.1395373381864344 1.19617708419562
0.480812585132139 -0.1371833006548157 1.19451118667627
0.4817670101564962 -0.1337929292783085 1.192124037391836
0.4830599643693861 -0.1290467776561951 1.188805896878095
0.4847208554519515 -0.1226608832918153 1.184383443716762
0.486710041870539 -0.1145134714449711 1.178808016480619
0.488894221308348 -0.1047971391370208 1.172251461290517
0.4812352702050576 -0.1356930901360316 1.209083724677657
0.4815546743039343 -0.1345551769945394 1.208409607471156
0.4820249425498599 -0.1328606591877529 1.207408025750436
0.482704217216932 -0.1303711573968296 1.205941585192095
0.4836583794223199 -0.1267855355100701 1.203839997346697
0.4849463215884889 -0.1217664369922757 1.200918669532329
0.4865917709325853 -0.1150149923300892 1.197025185162844
0.488546698505424 -0.1064054668682503 1.192116804661867
0.4906688252208632 -0.09614626335109415 1.186344406323797
0.4832083284198549 -0.1284901215879636 1.222281474251813
0.48352262193819 -0.12730229406424 1.221693832488634
0.4839848877992465 -0.1255333755698091 1.220819965306578
0.4846514699393375 -0.1229347497074745 1.219539179584737
0.4855852811896302 -0.1191928466477236 1.21770130322864
0.4868405114401141 -0.1139575202464851 1.215142375026836
0.4884341207387548 -0.1069210442249772 1.211724591691756
0.4903100486300334 -0.09795946208720366 1.207403712072113
0.4923197533524638 -0.0872998308072203 1.202303467742921
0.4852892544382086 -0.1203924396580101 1.237824905821656
0.4855919862276959 -0.119165527361906 1.237311985174155
0.4860367142000624 -0.1173384525618387 1.236547805959554
0.4866767470915477 -0.1146548901721584 1.235425100301289
0.4875705686544247 -0.1107923308808014 1.233808977530217
0.4887662420456489 -0.105392412613879 1.231549259322432
0.4902731433184774 -0.09814400104244608 1.228513799902438
0.492027853437733 -0.08893026167428457 1.224646911823603
0.4938785315184575 -0.07799997503314945 1.220037436849944
0.4874941583126551 -0.1111280595126 1.255820067695122
0.4877792807116584 -0.1098698016218159 1.255365383961775
0.4881975043343191 -0.1079962812403396 1.254685301887843
0.4887979095175303 -0.1052454448006764 1.25368096738891
0.4896331223941746 -0.1012887232347772 1.252225300400846
0.4907436573543806 -0.09576357745221464 1.25017149967419
0.4921304478226412 -0.0883607510486788 1.247380357444342
0.4937233061682679 -0.07897655947352238 1.24377269828545
0.4953699893529564 -0.06788647618231365 1.239397265015101
0.4898631546525511 -0.1001703035527538 1.276175792228493
0.4901234241573094 -0.09888897356285102 1.275750786383661
0.4905043750907658 -0.0969817406361494 1.275111667461099
0.4910494102065738 -0.09418320835359163 1.274161172410035
0.4918035895543577 -0.09016223877793224 1.272770899775304
0.4927982863429889 -0.08455677960644858 1.270786477077577
0.4940253653807099 -0.07706450778702281 1.268051374187642
0.4954094761464163 -0.06759771404665543 1.264459382666678
0.4968026576333907 -0.05645457792243224 1.260031227787293
0.4923857393485457 -0.08692688701538755 1.298640587201118
0.4926110079165468 -0.08564108172742703 1.298196123446474
0.4929398374129228 -0.08372763397661023 1.29752624486848
0.4934082998593355 -0.0809212557361789 1.2965273579431
0.4940522322418504 -0.07689207902537609 1.295061688620293
0.4948928437025994 -0.07128164737121667 1.292961913592358
0.495913552140107 -0.0637945828717562 1.290055899933982
0.4970369888573557 -0.05435284452181754 1.286223680093071
0.4981248023715658 -0.0432629317347827 1.281483572841453
0.4949354434043853 -0.07098525806182937 1.322912753296694
0.4951148878853615 -0.06972264907665153 1.322406633764186
0.4953758839301868 -0.06784344935501177 1.321643772294292
0.4957455574687621 -0.06508718959969215 1.320506603812584
0.4962490322498696 -0.06113017250971821 1.318839534535919
0.496896664413768 -0.05562108318318845 1.3164553027872
0.4976644250883268 -0.04827131655036148 1.313164717864578
0.4984761801242592 -0.03900638215378481 1.308842387653824
0.4992080848357506 -0.02812984242085309 1.303522313153598
0.4972636711110819 -0.05223831345985169 1.348693557739798
0.4973894719969446 -0.05102659254350372 1.348091580734791
0.4975712424369541 -0.04922254259732923 1.347185136149296
0.4978259731308328 -0.04657574987414951 1.345836118322139
0.4981669316200944 -0.04277508901475507 1.343863339998967
0.4985930422804222 -0.03748303869156266 1.341051750590947
0.4990735873655114 -0.03042292546944147 1.337189521498106
0.4995364692279044 -0.0215247743616265 1.332146014845415
0.4998771559711105 -0.01108282176316511 1.325980474441815
0.4990538347402615 -0.03074524403935853 1.375589548685705
0.4991222263176446 -0.02961423974573701 1.374864170954457
0.4992193274533659 -0.02792960968236173 1.373773148927127
0.499351521809611 -0.0254569767730897 1.372152238393499
0.4995199377997162 -0.02190506198502338 1.369787846208889
0.4997123477570133 -0.0169578742527999 1.366430075110081
0.4998927308070802 -0.01035652867712265 1.361839343986648
0.4999958545221212 -0.002036040445038426 1.355880009823977
0.4999402884920812 0.007727091461513276 1.348645378827154
0.499954325780753 -0.006758116091979907 1.403134603096955
0.4999670819591588 -0.005737330149447511 1.402265730833528
0.49998222597658 -0.00421588751083992 1.400960155375836
0.499996074377047 -0.001981314599587934 1.399023344358593
0.4999984853599226 0.001230706213218532 1.396204235876562
0.4999674257588554 0.005707291832684755 1.392212812518797
0.499863460375464 0.01168421933493901 1.386777916616476
0.4996303907849211 0.01922167016955353 1.379759107740099
0.499211461936362 0.02806984630097168 1.37129044613678
0.4996283962383855 0.01927344474293104 1.430819852503697
0.4995934627251872 0.02015867064706945 1.429795931948419
0.4995384246966325 0.0214793447667036 1.428258484684546
0.4994511531751655 0.02342105018988972 1.425980232848083
0.4993122919270606 0.02621516985536974 1.422669637538361
0.4990923289698528 0.03011390315864415 1.417993431007734
0.498750520211456 0.03532589119614735 1.411646642211802
0.4982406754378368 0.04190739003145109 1.403484283026069
0.4975293996658082 0.04964369515034633 1.393685389278905
0.4978117783186715 0.0467272229776371 1.458128570233216
0.4977425008961702 0.04745948589719415 1.456947034165412
0.497636966528045 0.04855357396490454 1.455173728295085
0.4974771298515622 0.05016478121802152 1.452547962242542
0.4972374225914521 0.05248757543085449 1.448736883722341
0.4968838608479557 0.05573534631478865 1.443363099083366
0.4963764051793532 0.06008713989883892 1.436087244864038
0.4956784280576335 0.06559646300154788 1.426760010229435
0.494775724057238 0.07209010253589493 1.415606896437086
0.4943637065102855 0.07486338013616729 1.484572069226439
0.4942766400326354 0.07543608631184781 1.483239049491276
0.4941449816214117 0.07629375556606649 1.481238809543383
0.4939478030019143 0.07756009224841139 1.478278311993225
0.4936568079212158 0.07939115815401544 1.473984650394271
0.4932367823425328 0.0819602131792302 1.467937581961913
0.4926500521097052 0.08541619375917396 1.459764286235715
0.4918678810276068 0.08981084351798561 1.449311198182518
0.4908890775717711 0.09501533308227536 1.436848980005698
0.4892968997017001 0.1029006508351841 1.509721890405464
0.4892086823890174 0.1033192386499317 1.508251260052431
0.4890753762008678 0.1039484314166388 1.506044506888111
0.4888761651641825 0.1048813383513146 1.502778852038412
0.4885833955721197 0.1062368371668588 1.498044442953733
0.4881636104408181 0.1081493848405308 1.491381338556981
0.487582699146403 0.1107389339532775 1.482385465169063
0.486817482140555 0.1140558594826694 1.470898788145177
0.4858729393359718 0.1180147737405074 1.457233159207859
0.4827835158342716 0.1300771956904808 1.533262773709362
0.482706978588004 0.130360932884205 1.531675505628951
0.482590933819081 0.1307898719153258 1.529293106960465
0.4824170279498294 0.1314298715819715 1.525766883166632
0.4821609226354083 0.1323663276040091 1.520654410394948
0.4817933450084421 0.1336980654518842 1.513460083272341
0.4812848563714061 0.1355171097225551 1.503750569258665
0.4806162611350311 0.1378695380879462 1.491361132893765
0.4797936277433683 0.1407056316458521 1.476636971483518
0.4751419978853829 0.1556922664922275 1.555045862846222
0.4750833167845584 0.1558712356818375 1.55336659349172
0.4749936854117071 0.1561441603743292 1.550844916047704
0.4748584433110619 0.1565549705892312 1.54711074407891
0.4746580709218475 0.1571614320014628 1.54169417350172
0.4743690510624698 0.1580316531397807 1.534068438261398
0.4739677601482765 0.1592311600787542 1.523772752719063
0.4734388812127538 0.1607968462253411 1.510632261243886
0.4727873682104164 0.1627025029330161 1.495015629242659
0.4667772683784891 0.1792176936720143 1.575016454586717
0.4667345435947615 0.1793289318971976 1.573271799519431
0.4666685265992207 0.1795006581651232 1.57065033948626
0.4665679804000296 0.1797618415165955 1.5667656943173
0.4664180584321407 0.1801504781242398 1.561126268594306
0.4662012806357583 0.1807107244564608 1.553179210855269
0.465901065026335 0.1814833259760431 1.542437853388048
0.4655087083489637 0.1824873761422402 1.528711568694044
0.4650322956898387 0.1836980238473959 1.512377337241469
0.4580969185503545 0.200367695037573 1.593116339253508
0.4580641861839611 0.2004425137929212 1.591329767770909
0.4580128848760456 0.2005597100305098 1.588643700388459
0.4579339907991117 0.2007397819835399 1.584660521856216
0.4578158849333904 0.2010089935864977 1.578873265338853
0.4576456711631429 0.2013962255496275 1.570709863634324
0.4574128281738906 0.2019245022823204 1.559663329253121
0.4571154357521305 0.202596837085725 1.545528364620934
0.4567665924862689 0.2033821034124752 1.528683475914277
0.4494699936968939 0.21903589835028 1.609348158946525
0.4494376493057667 0.2191022578306912 1.607542299749325
0.4493867091333412 0.2192067189989984 1.604825571313985
0.4493083086894927 0.2193673716453464 1.600794091839115
0.449191458590243 0.2196065425472793 1.594931847756028
0.4490249343755385 0.2199468306410512 1.586654684921163
0.4488017064384359 0.2204019698141285 1.575441593958022
0.4485255910925465 0.2209633321053106 1.561075046586251
0.4482164631008492 0.221589715928707 1.543929924414327
0.4412001479382909 0.235249717235176 1.623777492678327
0.44115572688007 0.2353330079715064 1.621973716863627
0.4410865272006119 0.2354626839269947 1.619258324420686
0.4409811752122466 0.2356599310625926 1.615225763549931
0.4408259340845418 0.235950197792863 1.609356758332203
0.4406074876254661 0.2363578681753047 1.601061492307971
0.4403190670298099 0.2368947428922765 1.589810550621243
0.4399692117361355 0.2375438753668122 1.575376559815636
0.4395880496177334 0.2382484976516686 1.558127256737975
0.4335043148041575 0.2491465613773908 1.636495577341889
0.4334344538975113 0.2492680769263609 1.634713370653005
0.4333271001871279 0.2494546536816155 1.632028546568267
0.4331655908139851 0.2497350014210487 1.628038148116838
0.4329299389153704 0.2501432949146022 1.622225040174026
0.4326007929233147 0.2507120937691666 1.61399978092901
0.4321680264645705 0.251457346088195 1.602829794989979
0.4316429240935475 0.252357655084945 1.588479786769021
0.4310669707421306 0.2533402193399285 1.571306021914448
0.4265257951158867 0.260913292303709 1.647636864981554
0.4264190162784806 0.2610877679174053 1.645892316771967
0.426256233956321 0.2613534446173882 1.643262322816605
0.4260127983396932 0.2617500633252719 1.639350217670702
0.4256586973918338 0.2623255102628932 1.633645829779918
0.4251639015215011 0.26312669352047 1.625565686194203
0.4245101422392737 0.2641801263077743 1.614579251120361
0.4237083632532543 0.2654641650190253 1.600445829318758
0.4228128867820004 0.2668881090851957 1.58350713944053
0.4203344549021947 0.2707747145175761 1.657345733455745
0.4201807606635051 0.271013151651794 1.655651848012757
0.4199474482479046 0.2713745395391275 1.653096396415811
0.4195994918192216 0.2719122403737113 1.649292126918088
0.4190938907014153 0.2726908703582687 1.643739932591568
0.4183861939339363 0.2737754421519115 1.635867244177457
0.4174458685513487 0.2752070980723609 1.625150497100845
0.4162800121761763 0.2769674194965945 1.61134669312874
0.4149545958594144 0.2789492487445522 1.594781636650166
0.4149442910686175 0.2789645771591126 1.665769196682743
0.4147374666318004 0.2792719709742391 1.66413589178672
0.4144241290970989 0.279736735560618 1.661670145843406
0.4139571606134516 0.2804272974887591 1.657996693145649
0.4132778630175847 0.2814274470260825 1.652631060239778
0.4123234226901547 0.2828239648634395 1.645016117265119
0.4110461639591798 0.2846770997014741 1.634640118413984
0.4094445886487167 0.2869758331746476 1.621261306560199
0.4075942216405746 0.2895979117418049 1.605189233769789
0.410330458601499 0.28570774358404 1.673057855538588
0.4100665261031266 0.2860864277971149 1.671492380360378
0.4096669831747495 0.2866582684949094 1.66912754752113
0.4090713729397457 0.287507585710693 1.665602127507638
0.4082034341996958 0.288738560479155 1.660449195189832
0.4069795436078625 0.2904611008116851 1.65313088013481
0.4053313941655834 0.2927566581715683 1.64315174525332
0.4032447322826442 0.2956242308849168 1.630275275217409
0.4008010765381826 0.2989289163761744 1.614796034667705
0.4064408015286706 0.2912144825600743 1.679350585293401
0.406119191679939 0.2916628227066881 1.677857739870166
0.4056323457890146 0.2923395287156721 1.675601424048699
0.4049059306129538 0.2933448267047807 1.672236062615561
0.4038450344614454 0.2948036433642467 1.667314739172419
0.4023430782079731 0.2968502104060781 1.660322377161918
0.4003077514969359 0.2995892255930901 1.650784278480397
0.3977076088266416 0.3030324370119394 1.638473504384538
0.3946260751320467 0.3070346247996734 1.623671685840002
0.4032074236991406 0.2956751147355855 1.68477532029404
0.4028296596924404 0.2961895765756666 1.683357863891516
0.4022576104078455 0.296966016353673 1.681214627181078
0.4014030939877059 0.2981200364569563 1.678016893506942
0.4001523021244923 0.2997968230393194 1.673339729669181
0.3983748304059444 0.3021547525673476 1.666693936467192
0.3959523756663991 0.3053223152737689 1.657629912455937
0.3928328234080339 0.3093256744165807 1.645935381785967
0.3890969860736245 0.3140119988605876 1.631882927152018
0.4005599235890375 0.2992519801343752 1.689452990823386
0.4001297448744026 0.2998269288552072 1.688111987570288
0.3994779153391255 0.3006948538906286 1.686083909208016
0.3985029401434805 0.3019857723420122 1.683057810202831
0.3970725572697515 0.3038640884725602 1.678632394811547
0.3950325468321567 0.3065114793010205 1.672347153682939
0.3922376380122595 0.3100800466437072 1.663781856127069
0.3886125360778255 0.3146113424578981 1.652744256306384
0.384231456031401 0.3199471646944064 1.639502558256004
0.3984241173481183 0.3020897593685904 1.693484838977256
0.39794685599201 0.3027181854564976 1.692219643023863
0.3972231316772659 0.3036672251997333 1.690306273342987
0.3961391503713773 0.3050799461502564 1.687452152634624
0.3945453612610975 0.3071383367594317 1.683280945596247
0.3922647688902696 0.3100457241883258 1.677363451132848
0.3891254638126571 0.3139767083918558 1.669313350584023
0.3850277413531769 0.318988461215247 1.658964980883038
0.380035813092316 0.3249196527870579 1.646589177754553
0.3967731549456401 0.304254931783337 1.697015436086958
0.3962571671985605 0.3049266427253808 1.695825518602951
0.3954741009020344 0.3059415557189436 1.694026808176894
0.3942998094295004 0.307453509142211 1.691345979313661
0.39257008278739 0.3096590546073241 1.687433525938768
0.3900884026271774 0.3127795359926496 1.68189523019988
0.3866595941616116 0.3170084513743724 1.674385271175694
0.3821617498238124 0.322416496122022 1.664774835431484
0.3766480698840172 0.3288407387363138 1.653350090601893
0.3955298780188691 0.3058694420735398 1.700107019683747
0.3949791736686123 0.3065802543675313 1.69900624522898
0.3941431177561716 0.3076543559344556 1.697342855682813
0.3928888144800833 0.3092545544635272 1.694865006116591
0.3910402424888201 0.3115887173090269 1.691251583559197
0.3883863155479675 0.3148905681265709 1.686142256356773
0.3847166553717977 0.3193635781981681 1.679224571137865
0.3798985969804068 0.3250800763078513 1.670389813909607
0.3739869122216147 0.3318641129844296 1.659913165216069
1.822810603634419 -0.5360610158171023 1.256788066977498
1.82266334011405 -0.5365615137197549 1.255521368914055
1.822443337916943 -0.537308281606648 1.253627504864265
1.82211931202622 -0.5384060940795817 1.250834888505154
1.821651943570883 -0.5399852830266431 1.246799880127864
1.820997765249064 -0.5421872816277173 1.241137840699327
1.82011962622544 -0.5451279259310616 1.233510433868688
1.81900489463083 -0.5488361346613564 1.223781465346695
1.817686142560338 -0.5531880300088374 1.212200925624701
1.82382325880887 -0.5326055107006769 1.255518271098137
1.823704554692943 -0.5330118259411813 1.254197189931175
1.823527526476411 -0.5336171563806429 1.252221779112288
1.823267469145092 -0.5345050470839261 1.249308398317317
1.822893795741281 -0.5357780499879441 1.245097813834127
1.822373628543461 -0.5375446654839754 1.239187256239964
1.821680720238165 -0.539888194826944 1.23122115549514
1.820810134825052 -0.5428170615587852 1.221053767087398
1.819793586466897 -0.5462153531848829 1.208942207864687
1.825111683331996 -0.5281735063082843 1.254362163012547
1.825028983343607 -0.5284591936533388 1.252982028324217
1.824905745460444 -0.528884608952088 1.250918732262325
1.824724914761706 -0.5295081631559871 1.24787664564637
1.824465515716186 -0.5304012550545222 1.243481957446327
1.8241052804495 -0.5316388202879778 1.237316757167817
1.823626978747671 -0.5332771810086968 1.229014416264901
1.82302859481515 -0.535319205602825 1.218429390142512
1.822333562798605 -0.5376804769551146 1.205837009946563
1.826736043145712 -0.5225278347354214 1.253658961777291
1.82669808324583 -0.5226605227745335 1.252220044078137
1.826641224228947 -0.5228592041346444 1.250069658469708
1.82655715010317 -0.5231528331261595 1.246900891419144
1.826435184371042 -0.5235784818844803 1.242326810924903
1.826263065023845 -0.5241785256290564 1.235917111588192
1.826029402333263 -0.5249919344288704 1.227298653282489
1.825728372468805 -0.5260378497440539 1.216332278599725
1.825365690263963 -0.5272949897430358 1.203317548447141
1.828737313560039 -0.5154801134807698 1.253906036650361
1.82875067217083 -0.515432719601381 1.252420339169591
1.828769686766865 -0.5153652512185509 1.250200412450878
1.828795627934606 -0.515273190306085 1.246929985704661
1.828828701413115 -0.5151557922498381 1.242210910448259
1.828866339340639 -0.5150221570259934 1.235601613555818
1.8289008824643 -0.5148994771042644 1.22672164335939
1.828918106059689 -0.5148382957084475 1.215434502955636
1.828899512486565 -0.5149043431816677 1.202057609359577
1.831122770860248 -0.5069411281776496 1.25565147392394
1.831185215398053 -0.5067155181248425 1.25414160450921
1.831277134342987 -0.506383221121592 1.251885059752341
1.831409510847122 -0.5059042527787698 1.248559601048137
1.831594107938778 -0.5052355224693645 1.243758869616143
1.831839778734982 -0.5043440635569238 1.237030810960491
1.832145892404245 -0.5032308996347429 1.227983381749128
1.832494907996731 -0.5019584858999715 1.216471095656971
1.832849633179522 -0.5006616937160562 1.202811102583656
1.833895938846989 -0.4968154535453398 1.25923919049576
1.83399768206354 -0.4964397361075154 1.25772981470076
1.83414864481344 -0.4958816977162616 1.255473635224479
1.834368711226233 -0.4950670062477912 1.252147878878688
1.834681321355155 -0.493907236706896 1.247344904037496
1.835109243282458 -0.4923149140745444 1.240609957974115
1.835665720042741 -0.4902359367293509 1.23154602360569
1.836341898048809 -0.4876969785342503 1.21999961782758
1.837096975063019 -0.4848449377019891 1.206277992648749
1.837097807941014 -0.4848417818827718 1.264808963010137
1.837230986548361 -0.4843368780791691 1.263325571759352
1.837429504479896 -0.4835832146256746 1.261108440601123
1.837720914625607 -0.4824746100558698 1.257840684039011
1.838139197220938 -0.4808785720334275 1.25312236790039
1.838720618252692 -0.4786506005567933 1.246507832883365
1.839493654821845 -0.4756711082997472 1.2376088479806
1.840462692058062 -0.4719078178451084 1.226276856229778
1.841591321400246 -0.4674840257636992 1.212815237466154
1.840803575083579 -0.4705763565676183 1.272405086801678
1.840966018433805 -0.4699404519435685 1.270975269004339
1.841208426157967 -0.468989808893374 1.268838400935
1.841564850905387 -0.4675882903909784 1.265689356644604
1.842077695705637 -0.4655638220316836 1.261143330054436
1.842793052475549 -0.4627241890681625 1.254772100785817
1.843748812127817 -0.4589011082773732 1.246203779567641
1.844954746756969 -0.4540285143246718 1.235298509838098
1.846370958117723 -0.4482345305979684 1.222352242009487
1.84509314551072 -0.4534657581232542 1.282039505035955
1.845282093100427 -0.452696262723526 1.28068026453048
1.845563816858502 -0.4515463512239011 1.278648670170585
1.845977523357003 -0.4498520786455113 1.275654293047532
1.846571638636758 -0.4474070772610758 1.271330484521215
1.847397955532689 -0.4439827736462091 1.265268380007598
1.848497260614542 -0.4393834167347185 1.257111019490232
1.84987592868095 -0.4335423369034816 1.246719788271538
1.851481826905119 -0.4266321062004372 1.234368647006537
1.850027992597799 -0.4328929844724879 1.293710660289094
1.850237575068651 -0.4319963254531431 1.292423102718414
1.850549545831841 -0.4306579708103703 1.290497616669931
1.851006527576769 -0.4286895663170885 1.287657405539095
1.851660366470582 -0.4258565446755147 1.283551614900186
1.852564868261224 -0.4219043947213819 1.277786269936014
1.853759046081758 -0.4166261015238828 1.270012333166817
1.855241184103625 -0.4099756800186056 1.260083960579301
1.85694442335139 -0.4021906488036661 1.248246683710491
1.855655063104166 -0.4080982677944293 1.307152008445198
1.855875869045067 -0.4070929477369483 1.305916904389587
1.856203950318106 -0.4055943838669321 1.304069306663283
1.856683224275346 -0.4033947373174879 1.301342693959584
1.857366192195643 -0.4002383508480877 1.297398136675301
1.85830494325792 -0.3958568519858148 1.291849026623951
1.859533100503513 -0.3900468658158056 1.284345773599817
1.861039873053432 -0.3827930254147855 1.274732890434078
1.862747870242572 -0.3743932174969274 1.263235218102464
1.861952198005204 -0.3783304398862586 1.321940481908962
1.862168617337909 -0.3772637671480773 1.320722012924349
1.862489690434655 -0.3756754748790027 1.318898644215841
1.86295769378101 -0.3733477475264576 1.31620647878905
1.863622547398802 -0.370014743257259 1.312309407403445
1.864533132994322 -0.3653985568763468 1.306827019858503
1.865719227531026 -0.359293297212699 1.299416963797586
1.867166221673683 -0.3516961899733413 1.289926341317526
1.868796028896275 -0.3429304766019671 1.278577555378713
1.868788749463985 -0.3429701434203516 1.337599499452733
1.868984476408656 -0.3419019396616557 1.336369901094721
1.8692746648067 -0.3403118230575284 1.334530220168734
1.869697265938137 -0.3379823118809577 1.331814718625643
1.870296878375481 -0.3346483171030034 1.327885446616335
1.871116801549763 -0.3300330655542366 1.322360907908707
1.872182797845181 -0.3239312903279487 1.314899764529396
1.873480585537288 -0.3163390665343122 1.305353440020702
1.874939026962787 -0.3075769083867925 1.293951212702833
1.875885237049123 -0.3017523600936622 1.353923845842122
1.87604740680835 -0.3007424758969124 1.352661636828825
1.876287765067935 -0.2992392555419708 1.350773656481048
1.876637628496282 -0.297037237922774 1.347987912307418
1.877133676361414 -0.2938861522270486 1.343959146935056
1.87781126282891 -0.2895250776596641 1.338298810742688
1.878690869837836 -0.283761387417135 1.330661368908037
1.879759560776231 -0.2765933894208115 1.320900536570408
1.880957278325799 -0.2683274613492659 1.309256600565658
1.882850947815812 -0.2547002507066699 1.370669129380389
1.882970952321636 -0.2538115484249858 1.369357853591593
1.883148739814781 -0.2524890752784 1.367396933867535
1.883407359287008 -0.2505526459338999 1.364504537637424
1.883773688291674 -0.2477833745450318 1.360323524363463
1.884273386596393 -0.2439543276220002 1.354453107829776
1.884920789282795 -0.2389006645668167 1.346538910436315
1.885705261925028 -0.2326275446915117 1.33643484452413
1.886581407545155 -0.2254118499677449 1.32439556078177
1.889210393194614 -0.2021979219635766 1.387554412620387
1.889285562551539 -0.2014943486434635 1.386182376245403
1.889396859330781 -0.2004480415267811 1.384130979389438
1.889558610861854 -0.1989174841957335 1.381105957104175
1.889787421026252 -0.1967318294834008 1.376734944195201
1.890098926722977 -0.1937161753741563 1.370601074433687
1.890501401751432 -0.1897481472289261 1.362337593739965
1.890987277809338 -0.1848432432202123 1.351796920080007
1.891527343938253 -0.1792322976888834 1.339250231272305
1.894456318570241 -0.1450350524191552 1.404277455413296
1.894491478317363 -0.1445750600339944 1.402837966025881
1.894543477224077 -0.1438920508876148 1.400686030524562
1.894618919443043 -0.1428952745524325 1.397513428485999
1.894725366652707 -0.14147683331099 1.392930576330669
1.894869747231093 -0.13952974747097 1.386502178578159
1.895055304112094 -0.1369865093998691 1.377846849702855
1.895277679761439 -0.1338746652620827 1.366814277222305
1.895522481861719 -0.1303626869841627 1.353693174939692
1.898124489453221 -0.0843998337610267 1.420533925638465
1.898132077713662 -0.08422900305332698 1.419025303652764
1.89814323660309 -0.08397715605379844 1.416770266336057
1.898159285720108 -0.08361360795629257 1.41344619398502
1.898181632338812 -0.08310475348921444 1.408645656582881
1.89821134103291 -0.08242338366615914 1.401914103890098
1.898248392001283 -0.08156562796598765 1.392854581470262
1.898290861204345 -0.08057118386250066 1.381313278479499
1.898334669649849 -0.07953232931541726 1.367596339733254
1.899874855543785 -0.0218046479775344 1.436038877387689
1.899873192248142 -0.02194909514743796 1.434464123044166
1.899870659609833 -0.02216723155109131 1.432110421716823
1.899866822835614 -0.02249366331773346 1.42864131967022
1.899861058695614 -0.0229753575145951 1.423632190795184
1.89985251572712 -0.02367124598058785 1.416609834692633
1.899840128092292 -0.02464542738932179 1.407162035708977
1.89982277203078 -0.02594887809177106 1.39513117344596
1.899799664612212 -0.02758883361554986 1.380839688880152
1.899556435716361 0.04105188094947162 1.450547439404767
1.899566368715199 0.04058965689792441 1.448913554017891
1.899581024285718 0.03989788934974558 1.446471613095197
1.899602206595094 0.03887629226137417 1.442872758892753
1.899631905539437 0.03739696321289421 1.43767691767549
1.899671756618507 0.03531467834906133 1.430394077960193
1.899722034213943 0.03249772488928849 1.420598160082571
1.899780399693425 0.02888498470888126 1.408127855611007
1.899841284301627 0.02455613699438667 1.393319933369155
1.897235563524075 0.1024554825298523 1.463904109922028
1.89727633393474 0.1016976995417945 1.462220740967058
1.897336688762114 0.1005653960274445 1.459704938632907
1.897424375253673 0.09889716676500854 1.455997434019684
1.897548322016913 0.09648976635754997 1.450645160976439
1.897716792492494 0.0931175863784105 1.443143914795282
1.897933734814695 0.08858582083654643 1.433055805796045
1.89819391891175 0.0828236415970242 1.42021615690966
1.898479715684426 0.07599130565872546 1.404973455652074
1.893181634066375 0.1608204272930197 1.47624242810378
1.893266577027542 0.1598173260674629 1.474518053720999
1.893392484291127 0.1583186970348578 1.471940959557161
1.89357576254885 0.1561113092907672 1.46814310950989
1.89383558330154 0.1529270833497228 1.46266037664097
1.894190261840232 0.1484693953330945 1.454976239065692
1.894649878369962 0.1424842019089388 1.444642117188045
1.895206118723483 0.1348839388289547 1.43148936657655
1.895824871526735 0.1258887044241037 1.415875156030197
1.887809210730039 0.2148866987129854 1.487705232294726
1.887942810311706 0.2137097433278977 1.485947887402219
1.88814114849446 0.2119502601153409 1.483321357998571
1.888430533830745 0.209356223448617 1.479450304919403
1.888842180438707 0.2056091602932312 1.473861166449675
1.889406889247849 0.2003534782920136 1.466026476648318
1.890143736282463 0.1932784664496033 1.45548732100507
1.891043791874733 0.1842641761519935 1.442069491769789
1.892056938033112 0.1735524492529652 1.426134845403293
1.881595713351846 0.2638133448044245 1.498287839857045
1.881775000963115 0.2625314365008661 1.496506968684524
1.882041577639233 0.2606135250484309 1.493845034274994
1.88243141914433 0.2577825859502543 1.489921269911688
1.88298782446036 0.2536863463708318 1.484254918570604
1.883754775955656 0.2479271132111159 1.476309810216871
1.884762142098185 0.2401490726911124 1.465618148351859
1.886003413697094 0.2301978125957051 1.451999678163619
1.887415955065777 0.2183138153303204 1.435817563064996
1.875004041005524 0.3071803307731402 1.507930948715222
1.875220383659665 0.3058568653933372 1.506137067555933
1.875542521115225 0.30387523902037 1.503455433714471
1.876014622797025 0.3009469130140294 1.49950208027016
1.876690533735155 0.2967027974081125 1.493791850393046
1.87762633311948 0.2907219678270589 1.485782956840993
1.878862936669153 0.2826198411504496 1.47500135428573
1.880398818210887 0.2722135078794581 1.46126161659785
1.882163930367425 0.2597284132026907 1.444925816800646
1.86842946586713 0.3449220788532003 1.516624224811185
1.868670329627027 0.3436147676869546 1.514827883283451
1.86902950613849 0.3416556959640097 1.512142312373955
1.869557019315278 0.3387572300776998 1.50818259430366
1.870314521915679 0.3345496951310301 1.502462032929334
1.871367740207875 0.3286071975934342 1.494436412168476
1.872767678915373 0.320532572776721 1.483628224135887
1.874519928490185 0.3101208588503729 1.469847967186291
1.876553237392139 0.2975699188997848 1.453454538566032
1.862171257087754 0.3772507371459378 1.524389014832458
1.862422167360954 0.376010079550361 1.522599911072419
1.862796891620958 0.3741492348892843 1.519924915825049
1.863348484824228 0.3713924252111135 1.515980254027669
1.864143266453754 0.3673823506050199 1.510280301569431
1.865253619528288 0.3617027014518417 1.502281356723868
1.866739031834059 0.3539566307165052 1.491505082120844
1.868613607571701 0.3439230945993798 1.477759083732714
1.870810400207696 0.3317655133911 1.461397450033882
1.856428619073281 0.4045648176579483 1.531270019082527
1.856676278121451 0.4034267066791863 1.529496362445054
1.857046727187355 0.4017180135912163 1.526844251172842
1.857593284614569 0.3991830386624604 1.522932875147267
1.858383422601009 0.3954882602590075 1.517280068177031
1.859492400854748 0.3902408494306901 1.509345428904661
1.860985187495819 0.38305879616854 1.49865246143387
1.86288375852743 0.3737164856086194 1.48500743422071
1.865129602566022 0.3623416551168953 1.468758537178608
1.851310956591301 0.4273729652258577 1.53733888485196
1.85154378692964 0.4263631251447404 1.535587361134159
1.851892577172774 0.4248456096199211 1.532968184859659
1.852408319213318 0.4225912070905268 1.529105033264004
1.85315630416097 0.4192989646414539 1.523521195842038
1.854210884058774 0.4146105483932133 1.515681941833384
1.855639218945464 0.4081703057700402 1.505114941358644
1.857470590687868 0.3997535667515697 1.491626434111349
1.859658295499507 0.3894495261016582 1.475557996585444
1.846856121710435 0.446231302243165 1.542661876169258
1.847065371398812 0.445364371251572 1.540937862124816
1.847379323697975 0.4440602929492271 1.538359721856326
1.847844608277364 0.442120134195691 1.534556877291319
1.848521612249435 0.439280956163241 1.52905975810165
1.849480429948242 0.4352264337553558 1.521341378032792
1.850786871256452 0.4296369008659446 1.510935757568246
1.852474598798357 0.4223005685620214 1.497650766251877
1.854508668138175 0.4132765529295244 1.481821274928979
1.843052208111483 0.4616908788099742 1.547322361413577
1.8432318028134 0.4609733511800898 1.545629890908306
1.843501652142544 0.4598929961943891 1.54309888828383
1.843902428546083 0.4582834749396891 1.539365499063058
1.844487367124826 0.455923526392167 1.533968624416511
1.845319375177912 0.4525442663363912 1.526390688879861
1.84645964356402 0.4478690590902329 1.516173854208438
1.847943792029199 0.4417053892604031 1.503128983691979
1.849748850540259 0.4340842076440138 1.487584341520559
1.839854492933269 0.4742735015096264 1.55138809267309
1.840001129719337 0.4737042875386538 1.549730165743148
1.840221765212978 0.4728464489000299 1.547250872132476
1.840550117520596 0.4715667230582151 1.543593866015158
1.841030748135748 0.4696868039658653 1.538307634241686
1.841717130907707 0.4669881359542495 1.530885492561707
1.842662740695522 0.4632428450104814 1.520879469245255
1.843901793689087 0.4582860292776866 1.508104896021582
1.8454210405867 0.4521295083942661 1.492883780866422
1.837201284718738 0.4844495317664742 1.554933008001236
1.837313527429855 0.4840236681446499 1.553311699600875
1.837482633178934 0.4833813010106484 1.550887291279035
1.837734781536455 0.4824217886166579 1.547311512171675
1.838104886116734 0.4810097057593841 1.542143256017385
1.838635477113911 0.4789775482202076 1.534887855400519
1.83937032615649 0.476147784470229 1.525108596170892
1.840339591863224 0.4723876543916483 1.51262675723129
1.841537259530573 0.4676969437162989 1.497758996404701
1.835023996578551 0.4926325622427125 1.558019939495384
1.835102300765495 0.4923407916536346 1.556436588750374
1.83522040151774 0.4919003834660057 1.554069169978594
1.835396777203822 0.4912418748750559 1.550577939559664
1.835656256118479 0.4902713725825983 1.545532904473736
1.83602945196408 0.4888719269107377 1.538452454554889
1.836548574816353 0.4869181057846988 1.528912487786832
1.837237161402946 0.4843134544496845 1.516741569535329
1.838093839060253 0.4810519184138861 1.502251692903114
1.833254231204243 0.4991781577479941 1.560705601508945
1.83330044090965 0.4990084195295929 1.559160118114763
1.8333701552745 0.4987522262102663 1.556849732532153
1.833474311004748 0.4983692007805105 1.553443511395627
1.833627631680019 0.4978047988322988 1.548523207949642
1.833848335765585 0.4969911375575359 1.541621520764907
1.834155746364218 0.4958554300197374 1.532329044422157
1.834564416426315 0.4943412903888518 1.520484086035552
1.835074726122698 0.4924435591482981 1.506395292477097
1.831835970843345 0.5043578940845097 1.563119950916299
1.831851629745943 0.5043010172486992 1.561616428141744
1.831875272433464 0.5042151283408323 1.559369039535366
1.831910636004628 0.5040866305448506 1.556056275885837
1.831962778272077 0.5038971010301554 1.551272178094266
1.832038007462324 0.5036235187264553 1.544563923659477
1.832143097244546 0.5032410760461643 1.535536286408633
1.832283256662164 0.5027305210114424 1.524036627432024
1.832458794180787 0.5020903076443883 1.510370924433919
1.83070976349429 0.5084305962937544 1.565275710846928
1.830697559784045 0.508474536237248 1.563821427664524
1.830679202905541 0.5085406232053364 1.561648214247575
1.830651889966047 0.508638935950328 1.558446039002987
1.830611911331567 0.5087828018830107 1.553824262752943
1.830554786820965 0.5089882924466858 1.547348783898317
1.830475940638457 0.5092717743451882 1.538643831824285
1.830372215925949 0.509644445243224 1.527570676479151
1.830244135987594 0.5101042168851068 1.514433966351686
1.829816899119047 0.5116346597908477 1.567157526861019
1.829777399421928 0.5117759060034655 1.565759912496679
1.829718133207325 0.5119877561165312 1.563671632972785
1.829630279488098 0.5123016199283821 1.560595154361547
1.829502367644726 0.5127582239060469 1.556155955874336
1.829320933537711 0.5134051339066046 1.549938593153521
1.829072918647081 0.5142880201528974 1.541584901716559
1.828750539080114 0.5154331918058187 1.530965718527243
1.8283579351638 0.5168241193331712 1.518378080723894
0.4692505643180391 -0.1751792780394875 1.166288282396045
0.470422649999426 -0.1755096354946882 1.166080408384669
0.4720326880441937 -0.1759628930661449 1.165795762624577
0.4742427717830277 -0.1765840617956629 1.16540672634887
0.4772735646894537 -0.1774340095238371 1.164876395436892
0.4814243023065546 -0.1785944887611677 1.164156028730857
0.4870984021708215 -0.1801742905123689 1.163182309904464
0.4948355197702828 -0.1823163270097964 1.161874926252213
0.5053495828409307 -0.18520491347066 1.16013556491311
0.5195705995300345 -0.1890717340411918 1.157850259294279
0.5386837434943605 -0.1941973272452985 1.154898356042084
0.5641524943458069 -0.2009031640981584 1.151172561817136
0.5977023585633161 -0.2095271952140934 1.146614932921427
0.6412293001854787 -0.2203753429990908 1.141270899794793
0.6965887153165129 -0.2336450571058901 1.13535470829813
0.765230499470876 -0.2493286250709428 1.129303367862986
0.847571886159581 -0.2677034076873404 1.123646142555358
0.9423817348937246 -0.2895721330234792 1.119569062404744
1.046957972731543 -0.314153668930985 1.118365476987932
1.15688246273138 -0.3400512793345782 1.121371020299976
1.266363640031466 -0.3668733093626044 1.129063890421378
1.369857395270887 -0.3933124577877137 1.140772725284851
1.462959417722633 -0.4182237232742056 1.155068278945482
1.542671271105415 -0.4420843322709098 1.170316050135006
1.608521090762064 -0.4626425014376067 1.185836898904993
1.661230893062642 -0.4796949451426433 1.200320808930453
1.702388983901351 -0.4934039383886073 1.212990296845582
1.73392382081415 -0.5041540688843902 1.223548791263482
1.757744810770779 -0.5124225064487637 1.232035567813389
1.775550901065377 -0.5186890776462821 1.23867635814176
1.788758715294487 -0.5233861001288083 1.243770569312289
1.79850074829562 -0.5268777091087319 1.24762170337961
1.805657024302833 -0.529457439985784 1.250502053966072
1.810898212417046 -0.5313548879241675 1.252639506702123
1.814728495267424 -0.5327459042164936 1.254216609577561
1.817523272583523 -0.533763199683049 1.255375411576423
1.81956016481869 -0.5345058693424065 1.256224273563086
1.821043453950708 -0.535047353760375 1.256844715747954
1.822122956542853 -0.5354417825159352 1.257297473839248
0.4704090969560009 -0.1720408378148958 1.167703567219212
0.4715783470262379 -0.1723727212121662 1.167491346709506
0.4731845225875416 -0.1728280761762009 1.167200743921055
0.4753893552710418 -0.1734521233053166 1.166803558039913
0.4784130282740402 -0.1743060126837007 1.16626210467817
0.4825541468218149 -0.1754718738088147 1.165526610408974
0.4882153155968438 -0.1770589942443469 1.164532412421621
0.4959351678544529 -0.1792109278311098 1.163197481717114
0.5064263925218482 -0.1821127960117481 1.161421391408286
0.5206175816474892 -0.1859972531243401 1.159087700450375
0.5396924417023888 -0.1911459282759759 1.156073100924654
0.5651132033214192 -0.1978813771901821 1.1522678817798
0.598604808844044 -0.2065423709143837 1.147612701026735
0.6420640164693904 -0.2174349498351169 1.142153830362014
0.6973491286386553 -0.2307553636798604 1.136110164601725
0.7659155353657402 -0.2464927192704806 1.129928615565412
0.8482074226081945 -0.2649136115234168 1.124148758446453
0.9429646098606492 -0.2868023936547215 1.119952239694713
1.047531445441816 -0.3113808996863313 1.118642779624456
1.15747417648914 -0.3372486308800864 1.121554562352743
1.266990811090305 -0.364026422131131 1.12914038451604
1.370530651342156 -0.3904113365204174 1.140733614726357
1.463679852604679 -0.4152595461233363 1.154914258244002
1.543443932269372 -0.4390598154038776 1.170037565034144
1.609339423211948 -0.4595544781618781 1.185411095936993
1.662088976529844 -0.4765468169716529 1.199745732116151
1.703280017264374 -0.490202658456522 1.212277772393409
1.734841151906127 -0.5009081024540928 1.22271775033665
1.758682531027599 -0.5091403568385104 1.231106991664714
1.776504085550333 -0.5153784355046405 1.237670167243974
1.789723435652111 -0.5200534790024466 1.242704100317754
1.799473967814943 -0.5235283881395163 1.246509244310671
1.806636447924043 -0.5260955707339238 1.249354955426609
1.811882133266859 -0.5279836662843653 1.251466561643486
1.815715659194164 -0.529367753477738 1.253024510383781
1.818512765909616 -0.5303799375457363 1.254169187988727
1.820551326494501 -0.531118848649827 1.255007672645774
1.822035807601138 -0.5316575756606036 1.255620510372973
1.823116160362383 -0.5320499849223531 1.256067706943243
0.4717219867942394 -0.1684036754155719 1.169789619633089
0.4728883069608144 -0.1687364285428837 1.169572312326128
0.4744904947122612 -0.1691929820064511 1.169274736238869
0.4766899100524017 -0.1698186776920565 1.168868007504928
0.4797062429566488 -0.1706748288331955 1.168313524995175
0.48383745157097 -0.1718437824092044 1.167560300539832
0.4894853063245515 -0.1734351109760082 1.166542083229875
0.4971873915798674 -0.1755927331608095 1.165174813301956
0.5076551255483782 -0.1785022214272555 1.163355550561802
0.5218156491766817 -0.1823967567104549 1.160964890541232
0.5408511704086778 -0.1875585261980172 1.15787630662455
0.5662226592368725 -0.1943105668856646 1.153977081951023
0.5996545334724938 -0.202991844306062 1.14920598099884
0.6430444886153662 -0.2139079566387208 1.143609926811095
0.6982540462425899 -0.227253585230116 1.137412903248016
0.7667446192191646 -0.2430146173454619 1.131073187306853
0.8489922243784255 -0.2614455541220116 1.125143232091236
0.9437013844858868 -0.2833091844989455 1.12080131633607
1.048271745164531 -0.3078338987309152 1.11936383698402
1.15824993891856 -0.3336176985376724 1.122164328579378
1.267820139334747 -0.3603028791900352 1.129624718999627
1.371423385537459 -0.3865937860989087 1.141083599723099
1.464634583027513 -0.4113475148795591 1.155132075307274
1.544464310711305 -0.4350671565560917 1.170113080696848
1.610414422383838 -0.4554883952337476 1.185310165867855
1.663209621941093 -0.4724176778311269 1.199461678371033
1.704437300083814 -0.4860213827584766 1.211822644730843
1.736026934089139 -0.4966850043353794 1.222113714699035
1.759889958477121 -0.5048844913027775 1.230379625292295
1.777727657896322 -0.5110973556217546 1.236844225423302
1.79095888735125 -0.5157532595025193 1.241801365731085
1.80071807167753 -0.5192137869740254 1.245547793057705
1.807886805721276 -0.5217702446597239 1.248349212339472
1.813136985338587 -0.5236503868665525 1.250427735161123
1.816973726988141 -0.5250286003181013 1.251961149043735
1.819773126753074 -0.5260364596910793 1.253087725688578
1.821813318403999 -0.5267721937729845 1.253912907165309
1.823298957049652 -0.5273085906627358 1.254515994485123
1.824380129966199 -0.5276992930368009 1.254956059311112
0.4731765316246551 -0.1642674234510537 1.172771120580168
0.4743399241877627 -0.1645999918850781 1.172548056655324
0.4759381321169804 -0.1650562986090216 1.172242586988945
0.4781321475856496 -0.1656816641650057 1.171825052538303
0.4811411730142793 -0.1665373722678255 1.171255810611158
0.4852625278387087 -0.1677057287065997 1.170482490873451
0.4908971603654874 -0.1692962470663449 1.169437031622027
0.4985816235711239 -0.1714527591166218 1.168033050809713
0.5090260901553915 -0.1743607059393237 1.166164721931046
0.5231562868895547 -0.1782530630077683 1.163709215560158
0.5421529793472131 -0.183411688525246 1.160536246386637
0.567475966326242 -0.1901590824442223 1.156529517261919
0.6008492891114707 -0.1988333287492601 1.151625398079732
0.6441718262414965 -0.2097385944486305 1.14587124180518
0.6993087063337017 -0.2230673138725832 1.139496509832787
0.7677279099209482 -0.238802060582097 1.132972264755518
0.8499428539462702 -0.2571837882569573 1.126866795905101
0.9446151617524319 -0.2789500258804463 1.122357103618317
1.049210092482926 -0.3033409474191082 1.120774705169826
1.159249570932104 -0.3289570725481428 1.123453748309958
1.268899477744112 -0.3554750553409335 1.130779645079631
1.372590293122251 -0.3816114446902049 1.142096356511154
1.465883547357584 -0.4062243904660607 1.156007469509377
1.545796280300715 -0.429834825481687 1.17084116750868
1.611811748083904 -0.4501713017474831 1.185842702312084
1.664658851586404 -0.4670375387900163 1.199784801976151
1.705926372475767 -0.480595272940487 1.211946633694057
1.737545824943703 -0.4912257247685609 1.222062440097078
1.761430758196541 -0.4994013676506494 1.230182128152884
1.779284342664741 -0.5055970838002638 1.236529274884584
1.792526979479818 -0.5102406244017237 1.241394600973105
1.802294299065948 -0.5136922078448773 1.245070656976897
1.809468805413174 -0.5162421741335507 1.247818902849389
1.814723064537894 -0.5181175915512749 1.249857660622853
1.818562680630724 -0.519492358105096 1.251361559529905
1.821364100494075 -0.5204976985651656 1.252466348041497
1.823405709089084 -0.5212315894426226 1.253275509824137
1.824892339413118 -0.5217666363279952 1.253866852317652
1.825974205231183 -0.5221563492500713 1.254298324973089
0.4747509772026083 -0.1596539606486224 1.176888775942144
0.475911504050534 -0.1599849291471312 1.176659391231845
0.4775058230693182 -0.1604390486927715 1.176345252079268
0.4796945714787541 -0.1610614264017704 1.175915846010828
0.4826964823784618 -0.1619130566483239 1.175330382498578
0.4868082621817708 -0.1630758547240795 1.174534966201299
0.492430072999207 -0.1646588097372823 1.1734595340181
0.5000974864322114 -0.1668050535942629 1.17201513125165
0.5105194988403892 -0.1696991024341327 1.170092723353296
0.5246205184706912 -0.1735727232473939 1.167565655820761
0.5435800014780972 -0.1787062206591271 1.16429941384826
0.5688567622120453 -0.1854201366880545 1.160173616268338
0.6021747316418607 -0.1940501461752021 1.155121798363608
0.6454343502781735 -0.2048975407674128 1.149191555357887
0.7005048665966289 -0.2181514764564028 1.142618196619971
0.768861453465932 -0.2337910129288197 1.135886901271452
0.8510612732297427 -0.2520419792681249 1.12958507295159
0.945713799515579 -0.2736124168528593 1.12489201537996
1.050361937341995 -0.2977612694133335 1.123156757049775
1.16049660200229 -0.3230975196013466 1.125715895935655
1.270260013145612 -0.3493486633683819 1.132913520947926
1.374069118390663 -0.375250533738009 1.144098653735889
1.467469451575452 -0.3996629048245475 1.157887621400624
1.547486304891654 -0.4231285061656455 1.172591082531737
1.613579603403926 -0.4433684408590516 1.187399613162108
1.666485270944665 -0.4601753667318403 1.201125906419018
1.707795438475076 -0.4736990248315106 1.213077856218363
1.73944523990955 -0.4843111721855418 1.223006466420547
1.763351443727841 -0.4924777057093345 1.230968651237493
1.78121979189092 -0.4986693433283805 1.237188571438443
1.794472613643746 -0.5033113852730906 1.241954060662554
1.804246932966836 -0.5067626883398677 1.245553390866591
1.811426237898654 -0.5093128818811329 1.248243551324951
1.816683779598002 -0.5111886854773087 1.250238811148722
1.820525636940072 -0.5125638408860775 1.251710392268348
1.823328583549401 -0.5135695137427828 1.252791306078277
1.825371229929673 -0.5143036663708569 1.253582904506574
1.826858563214104 -0.5148389096010286 1.254161365154333
1.827940903607869 -0.5152287649709548 1.254583410916152
0.4764197942042656 -0.1545953792478164 1.182384715284736
0.4775775000971598 -0.1549231124698788 1.18214838022074
0.4791679989815921 -0.1553728027481277 1.181824705846475
0.4813515847970562 -0.1559891220129986 1.181382239230283
0.4843465382061619 -0.1568324756348229 1.180778924080465
0.4884489770563236 -0.1579839856928163 1.17995918205149
0.494058312360232 -0.1595515808771892 1.178850738715697
0.5017091846666502 -0.1616769886620625 1.177361792647677
0.5121094858887807 -0.1645428902665762 1.175379751841332
0.5261824085319267 -0.1683786982854352 1.172773706817949
0.5451062471379433 -0.1734617720066497 1.169404414522991
0.5703390452539201 -0.1801090944346581 1.165146886118636
0.6036049306541391 -0.1886522454152638 1.15993137551107
0.6468063392449195 -0.1993881207765733 1.153805539299729
0.7018172298527247 -0.212501608580137 1.147010917771241
0.7701206780471898 -0.227968303809795 1.140048108232354
0.8523247460440371 -0.2459976306986725 1.133527201617417
0.9469754456621019 -0.2672637454370679 1.128635306778344
1.051707530667718 -0.2910527607723448 1.12674133494969
1.161973596864478 -0.3159891489910252 1.129187017183083
1.27188695818004 -0.341867334548548 1.136273290591222
1.375847811387106 -0.3674497918292743 1.147353820631123
1.4693826110285 -0.3915983656437378 1.161056043111904
1.549527357728158 -0.4148805641953777 1.175670290113959
1.615713941274884 -0.4350074714756808 1.190319875661865
1.668687909061024 -0.4517532653358273 1.203858187330529
1.710046412360827 -0.4652490961931944 1.215622538595461
1.74172963476465 -0.4758525322785117 1.225381476000523
1.765658595967992 -0.4840200972406684 1.233199705081866
1.783542295409665 -0.490216917033159 1.239302720082271
1.796805414675865 -0.494865277927424 1.24397614121593
1.806586619048387 -0.4983225887415428 1.247504537985184
1.813770517213738 -0.5008779106316201 1.250140899991122
1.819031116189542 -0.5027578395788855 1.252095816891126
1.822875003244866 -0.5041361944318337 1.253537392523499
1.825679292310628 -0.5051442904355602 1.254596120906229
1.82772282283396 -0.5058802484144884 1.255371387404692
1.829210734342824 -0.5064168216167285 1.255937862292692
1.830293449942287 -0.5068076486942935 1.256351132507396
0.478162466203091 -0.1491087882136758 1.189488468981116
0.4793173160582044 -0.1494315361650817 1.189244298526724
0.4809039555041544 -0.149874398682428 1.188909872496706
0.4830823371651728 -0.1504813761984257 1.18845267575233
0.486070293333678 -0.1513119663515192 1.187829221603268
0.4901633609872772 -0.152446070899312 1.186982028445223
0.4957602135766531 -0.1539899918931955 1.185836318651293
0.5033945837746612 -0.156083312054523 1.184297064126418
0.5137732977512269 -0.1589059290805938 1.182247632454444
0.5278183962599364 -0.1626837202250791 1.179552266693321
0.5467071175957298 -0.167689689898186 1.176066308089704
0.5718969065850686 -0.1742356847459391 1.171659432076481
0.6051123654285999 -0.1826475975419858 1.166257965345003
0.6482583577938088 -0.1932166089048631 1.159909278706194
0.7032141747945067 -0.2061227428185867 1.15286140720365
0.7714715846669019 -0.2213387792393537 1.145631594411519
0.8536975553784983 -0.2390571896254404 1.138856373645225
0.9483609097764114 -0.2599141077774021 1.133738128301472
1.053205081653409 -0.2832322363378763 1.13166807978608
1.163636261401749 -0.3076586464094985 1.133996906714661
1.273734539695374 -0.3330670299617672 1.140984310563384
1.37788040196006 -0.3582518995666325 1.151988582458529
1.471577865657298 -0.3820763482249109 1.165645206224101
1.551877013122415 -0.4051333847657477 1.180222044438529
1.618177554864607 -0.4251174985548558 1.194768303134884
1.671236289316876 -0.4417809505357149 1.208173503614136
1.712655944798446 -0.4552336470820785 1.21980056626344
1.744382334640551 -0.4658173084750301 1.229433320554762
1.768341342540348 -0.4739778459369395 1.237143535712709
1.786245773604756 -0.4801739435104585 1.243158357005757
1.799523120119909 -0.4848242855786281 1.247762069456986
1.809314056689373 -0.4882844123123051 1.251236620400406
1.816504597935835 -0.4908425136813204 1.253832062327685
1.821769722715121 -0.4927248400545704 1.255756243633449
1.825616687598844 -0.4941051238282357 1.257174927597105
1.828423064845084 -0.4951147095841543 1.258216709227104
1.83046800896249 -0.4958517873383035 1.258979486406637
1.831956873759773 -0.4963891873154261 1.259536785893697
1.833040229896318 -0.4967806167579412 1.259943331702874
0.479972871719761 -0.1431625175434306 1.198407375559458
0.4811247214203187 -0.1434784310289734 1.198154177869727
0.4827073140938826 -0.1439119323793742 1.197807361873022
0.4848802493863227 -0.1445061021562669 1.197333185922802
0.4878608971333045 -0.145319196189915 1.196686510524132
0.4919441972201367 -0.1464294497693585 1.19580765262786
0.4975280679136942 -0.1479409498779332 1.194618935227341
0.5051453173577333 -0.1499903705422571 1.193021585774366
0.5155016950566503 -0.1527538568783194 1.190894269237319
0.529518095454829 -0.1564525586793536 1.188095562335895
0.5483707453164705 -0.1613537149391022 1.184474431193594
0.5735166019980747 -0.16776250871077 1.1798941702399
0.6066809731357439 -0.1759976850901832 1.174276193412507
0.6497715717068597 -0.1863436416330908 1.1676669210053
0.7046737019659274 -0.1989753238311116 1.160320924409102
0.7728887726470651 -0.2138638346519131 1.152773282451979
0.855151679129821 -0.2311847813649134 1.145690854688815
0.9498378120125307 -0.2515322769266088 1.140300591096662
1.054819226821964 -0.2742753220949641 1.138018735647215
1.165446874167622 -0.2980903597203465 1.140209979124953
1.275764667005821 -0.3229370736654995 1.147098069265984
1.380130492062014 -0.3476458336939844 1.158046198256509
1.47402188962741 -0.3710801485487087 1.171693660347608
1.554507334179095 -0.3938571233050198 1.186284544066661
1.620950678407542 -0.413643479979012 1.200791801431585
1.674120104777181 -0.4301725371333956 1.214131996204167
1.715623162394311 -0.4435352865003265 1.225686491535485
1.747411090470241 -0.4540589419669462 1.235250160826833
1.771414826170893 -0.4621792134759288 1.242900120508803
1.789351419061978 -0.4683479794693443 1.248865181987803
1.802651712372729 -0.472979514536133 1.253429258928605
1.812458930023637 -0.4764265134439529 1.256873018635436
1.819660975249707 -0.4789753344545041 1.259444952959161
1.824934201859809 -0.4808510295945241 1.261351407678307
1.828786858055462 -0.4822265339111391 1.262756842675159
1.831597224015629 -0.4832326530123707 1.26378878395133
1.833644958903448 -0.4839672032526866 1.264544287260454
1.835135772104635 -0.4845027541622057 1.265096227347147
1.83622048643998 -0.484892826963178 1.265498834678245
0.4818566166045403 -0.1366739503352286 1.209340674661559
0.4830052009561198 -0.1369810621001532 1.209076967941875
0.4845833952677648 -0.1374025075029413 1.208715724412858
0.4867504195942264 -0.1379801835213986 1.208221770837454
0.489723147421216 -0.138770750028233 1.207548036813626
0.4937958795018232 -0.1398503034298066 1.206632264093968
0.4993657281092321 -0.1413200941319905 1.205393378023914
0.5069645186514242 -0.1433130831220901 1.203728207348671
0.5172968629007428 -0.1460006471853601 1.201509872022801
0.5312824543825968 -0.1495979772707282 1.198590227176775
0.5500964746573637 -0.1543651589172294 1.194810590993061
0.5751954326818834 -0.1605992379198941 1.190026459100475
0.608305520140049 -0.1686104771822703 1.184152931357202
0.6513377182029441 -0.1786756440472101 1.17723441179257
0.7061841168501246 -0.1909646893767419 1.169531780120934
0.774356945278228 -0.2054484718713443 1.161599175331629
0.8566691993960175 -0.2222862164773046 1.154137822601914
0.9513840928735992 -0.2420259260226452 1.148410379824139
1.056525747135614 -0.2640920540235589 1.145861336592836
1.167380377820176 -0.2871962137047868 1.14787597198386
1.277954162741713 -0.3113846735859808 1.154649787479659
1.382579335518738 -0.3355266770920096 1.165551323199789
1.476701915904856 -0.3584864948740938 1.179218660137297
1.557413993233269 -0.3809022365024371 1.193871693204763
1.624039715395697 -0.4003981987351867 1.208405764252301
1.677357218040067 -0.4166991968335256 1.221752876054194
1.71897681144837 -0.4298850746495814 1.233304001991219
1.750854198780637 -0.4402730396607707 1.24285990711952
1.774925285124614 -0.4482902042650289 1.25050096571325
1.792911826678972 -0.45438126896658 1.256457591421838
1.806248736210973 -0.4589546630758029 1.261014348386251
1.81608256218833 -0.4623584010273459 1.264452072175144
1.823303815067162 -0.4648751800557614 1.267019182359075
1.828590836045429 -0.4667272269303454 1.268921859917759
1.832453360869794 -0.4680853247833106 1.270324379800614
1.835270765165443 -0.4690786593228889 1.271354092721506
1.837323508946034 -0.4698038332886889 1.272107906242181
1.838817879296151 -0.4703325159574433 1.272658571099635
1.839905116290805 -0.4707175614560333 1.273060220617619
0.4838302035432337 -0.1294963248244564 1.222471613278568
0.4849750583912183 -0.1297927962372775 1.222195618339092
0.4865482319212756 -0.1301996670945195 1.221817500179945
0.4887085127464055 -0.1307574042779055 1.221300407137407
0.4916722106477998 -0.1315207406409453 1.220595002964596
0.4957329013367384 -0.1325631919975527 1.219636003530771
0.5012867838208811 -0.1339825909599159 1.218338334901481
0.5088645717548794 -0.1359074328499933 1.216593635735005
0.5191695926368706 -0.1385033749293448 1.214268459470019
0.5331201903563311 -0.1419784849154824 1.21120665956213
0.5518903880058329 -0.1465843250595254 1.207240374232782
0.5769362266991798 -0.1526083315488573 1.202215581103317
0.6099849644340742 -0.1603508852970811 1.19603935547011
0.6529513864914683 -0.1700800917338618 1.188752765194739
0.7077354237772588 -0.1819606290521083 1.180622675159078
0.7758617830844061 -0.195963945388847 1.172223720205343
0.8582331282414154 -0.212232802382136 1.164295646992084
0.9529793947810162 -0.2312639967203351 1.158149858660933
1.058303831472296 -0.2525456524518896 1.155262550472394
1.169417211875512 -0.2748313174557661 1.157047596085184
1.280287679471742 -0.298248521490588 1.163681521715165
1.385218283381592 -0.3217088157336991 1.17453864990481
1.479617342880265 -0.3440795110106356 1.188250234230709
1.560606700526439 -0.3660151485122595 1.20301222116991
1.62746584669667 -0.3850819167085247 1.217638286380625
1.680980172566959 -0.4010139379501472 1.231063530360407
1.722759722344995 -0.4138925031581531 1.242679511734003
1.754763238606322 -0.4240317100737104 1.252287819370007
1.778931413938908 -0.4318523161460872 1.259970143896446
1.796991294676842 -0.4377910773273567 1.265958553685675
1.810382801163262 -0.4422482693339587 1.270539348665532
1.820256823884784 -0.4455643884187013 1.273995000628636
1.827507424779677 -0.4480156923796187 1.276575338292877
1.832815737087854 -0.4498191397271228 1.278487695569623
1.836693635438092 -0.4511413430582645 1.27989725682863
1.839522099838159 -0.4521082658440994 1.280932067839335
1.841582780075901 -0.4528140571496314 1.28168956148407
1.843082832751056 -0.4533285443437858 1.282242875697406
1.844174132108236 -0.4537032078404953 1.282646429687225
0.485915466294539 -0.1214157054480936 1.237954346803076
0.4870558979455281 -0.1217000053090884 1.237664025357739
0.4886231155367197 -0.1220902036259031 1.237266228202856
0.4907753950692064 -0.1226251310962146 1.236722141673373
0.4937283763370055 -0.1233573163816317 1.235979778619967
0.4977747730503215 -0.1243573236649165 1.234970310426278
0.5033096979280164 -0.1257190777288029 1.233603970797418
0.5108625414024123 -0.1275659697373684 1.231766295442585
0.5211351008078173 -0.1300571231847452 1.229316090942561
0.5350441085391632 -0.1333924745570722 1.226087725890989
0.5537621965031492 -0.1378138655466876 1.221902373094163
0.5787448225209121 -0.1435977853731068 1.216594485174366
0.6117204619627583 -0.1510333703870933 1.21006111277121
0.6546083355936847 -0.1603788732307609 1.202338451039529
0.7093175616027011 -0.1717929420489012 1.193699012763058
0.7773875074315302 -0.1852475494802954 1.184739724917786
0.8598234089526198 -0.2008680626210574 1.17624312493133
0.9545986119049092 -0.2190939319100683 1.169584476983277
1.060126369977219 -0.2394826020963472 1.166275371153406
1.171530898100489 -0.2608341530816568 1.167768061252347
1.282743060553429 -0.283345823535071 1.174229987675059
1.388032749825014 -0.3059753371306971 1.185041492368119
1.482762676936891 -0.3276004337766008 1.198820603317684
1.56409093321633 -0.3488883954122751 1.213739702430379
1.631245520558467 -0.367333026678794 1.228522500315784
1.68501553556931 -0.3827026880827835 1.242095187831868
1.727007142069947 -0.3950969600020567 1.253841500913658
1.75918052783708 -0.4048354519437254 1.263559336732209
1.783481079906322 -0.4123348875301203 1.271329949990094
1.801641935097761 -0.4180224885928557 1.277387443143615
1.815109209310089 -0.4222869153820712 1.282021126160809
1.825039385249281 -0.4254571434746355 1.285516621169648
1.832331217506499 -0.4277991801064888 1.288126618565911
1.837669593362337 -0.4295214194253433 1.290060861846095
1.84156929928763 -0.4307836089927458 1.291486470671465
1.844413520547677 -0.4317063668261817 1.292532992367897
1.84648555411697 -0.4323797539180044 1.293299004157528
1.847993768466407 -0.4328705191719103 1.293858498352088
1.849090925955024 -0.4332278441215642 1.294266528496145
0.4881280885453622 -0.1121624071721826 1.255897994385929
0.4892632191853682 -0.1124333067493381 1.255591347801892
0.4908232952431993 -0.1128051466093839 1.255171118417102
0.4929659758649667 -0.1133149527639768 1.254596249196543
0.4959060942022158 -0.1140128211873525 1.25381171887912
0.4999353256149577 -0.1149660545257304 1.252744635542589
0.5054474736698162 -0.1162642534385891 1.251299843162364
0.5129703333040533 -0.1180251488378687 1.249355848838875
0.5232038558345883 -0.1204005961082839 1.246762502867211
0.5370628278956234 -0.1235814445742827 1.243343148958372
0.5557181979956041 -0.1277985936577272 1.238906106291345
0.5806247077927844 -0.133316063741126 1.233272125783616
0.6135122726402439 -0.1404099123409608 1.226325977106624
0.65630540297976 -0.1493264262672417 1.218097102849904
0.7109241830459072 -0.1602159405473525 1.208862934184006
0.7789254754000383 -0.1730487251269872 1.1992441318961
0.8614312790821907 -0.1879296946210925 1.190069234353271
0.9562332230714733 -0.2052330426688083 1.182793726797374
1.06198861742915 -0.2245892905355157 1.178966751814324
1.173722603809558 -0.2448521773380263 1.180089423810096
1.285329547849705 -0.2662760373893671 1.186328618695784
1.391040772105824 -0.287874569631889 1.197070593695992
1.48616420378677 -0.3085477218680239 1.210914410144027
1.567901480216915 -0.3289711196908481 1.226010624361415
1.635419676549125 -0.3465542950170758 1.240982654299642
1.689508356949546 -0.3611283096155949 1.254739266201879
1.731766611026196 -0.3728289089963107 1.266650689284685
1.764154971141854 -0.3819893912596671 1.27650836319632
1.788623858363236 -0.3890236487670864 1.284392641211179
1.806913595937325 -0.3943466169452671 1.290539634087472
1.820477869859163 -0.3983308246259922 1.295242131439909
1.830480114975777 -0.4012888407605882 1.2987896246475
1.837824980899136 -0.4034719026895001 1.301438418496285
1.84320210244066 -0.4050759959876523 1.30340134112909
1.847129965606117 -0.4062508927732385 1.304848009229215
1.849994567640658 -0.4071094309136542 1.305909918600042
1.852081311269347 -0.4077357185518304 1.306687134951312
1.853600118394234 -0.408192019455523 1.30725476630222
1.854704891747396 -0.4085241667983053 1.307668695128393
0.4905089180833927 -0.1012095955951077 1.276219505731252
0.4916377797085172 -0.1014660964775587 1.275894452901518
0.4931894059348166 -0.1018182058368515 1.275448922200043
0.4953207232183007 -0.1023010052778486 1.274839318040783
0.4982456058451911 -0.102961967065277 1.274007183045625
0.502254493588779 -0.1038648697700634 1.272875015289775
0.5077396303398889 -0.1050946315265754 1.271341532562317
0.5152269071435596 -0.1067628329844445 1.26927723118132
0.5254140674035975 -0.1090133944004401 1.266521713390596
0.5392135615866893 -0.1120271737131586 1.262885638390141
0.5577942991224747 -0.1160229096302583 1.258162405813514
0.5826101111639627 -0.1212505296482148 1.252156624668653
0.6153925362112276 -0.127970883116197 1.244738135219176
0.658072245298891 -0.1364155764640066 1.235927174805301
0.7125821838589329 -0.1467233311620789 1.226004559752087
0.7804997922246316 -0.1588590206699032 1.215615087798716
0.8630786655630364 -0.1729028965217415 1.20563495350043
0.9579020275919294 -0.1891564149591869 1.19761980622592
1.063907783719601 -0.2073249022929933 1.193156810524994
1.176008708646547 -0.2263243580784335 1.193809170095931
1.288063614026631 -0.2464527747262092 1.199750890625576
1.394259595681122 -0.2667908361842549 1.210375524834731
1.48983984456881 -0.2862755702294241 1.224259084117948
1.572057324316462 -0.3055864921964268 1.239531840893989
1.640005170186865 -0.3220427694001907 1.254704607766055
1.694471488084017 -0.3355674943830548 1.26866235626072
1.737046137287514 -0.3463500934680906 1.280757211628666
1.769689674003562 -0.3547447296432683 1.290771562538012
1.794358358259731 -0.3611626136215696 1.298783545682371
1.812801026099789 -0.3660026586034751 1.30503117335672
1.826480367756057 -0.369615980400269 1.309811059414045
1.836568087392461 -0.3722933185355079 1.313417018597678
1.843975842846878 -0.3742662582237625 1.316109419929199
1.849398908140768 -0.3757142933648709 1.318104565453342
1.853360160176831 -0.3767739541829829 1.319574884598712
1.856248931977778 -0.3775477614293291 1.320654068279866
1.858353122769694 -0.3781119387247455 1.321443857287311
1.859884496037533 -0.3785228132832306 1.322020615502011
1.860998305945256 -0.3788217906478483 1.322441157361395
0.4930494768536433 -0.08795807683887871 1.298681884006711
0.4941711558172944 -0.08819930345714627 1.298336614884845
0.4957130984682102 -0.08853047688993364 1.297863281727567
0.4978313896310272 -0.08898460921136941 1.297215487967021
0.5007388013419207 -0.08960637643769571 1.296330980794974
0.504724351160672 -0.09045579339860953 1.295127154812807
0.5101784849159295 -0.09161276390656754 1.293495929922281
0.5176248934921456 -0.0931822563225914 1.291298882244903
0.5277587594974013 -0.09529961292072134 1.288364146111519
0.5414898071390204 -0.09813480506641153 1.284488086910938
0.5599845334572132 -0.1018931677938898 1.279447106072647
0.5846956169740019 -0.1068088250932022 1.273027083200315
0.6173563120918124 -0.1131250991584132 1.265079884712268
0.659904182725797 -0.1210558586702174 1.255613290902168
0.7142867418350147 -0.1307244387873965 1.244908622750932
0.7821048719934494 -0.1420860828861921 1.233633270481998
0.8647583797713103 -0.1551918831876415 1.222710071187077
0.9595943781084484 -0.1702641618191742 1.21381924266388
1.065869268668536 -0.1870831091166938 1.208583500880102
1.178369965682734 -0.2046366398531763 1.208644240240936
1.290920314779611 -0.2232550166695168 1.214189670407838
1.397657878199832 -0.2420957831426577 1.224623967522187
1.493751474415314 -0.2601470270529765 1.238498365273465
1.576513515215412 -0.2780866349032248 1.25392442620427
1.644946006240489 -0.2931480628924922 1.269287664892358
1.699836388468585 -0.30537161388402 1.283444642891747
1.742764947437267 -0.3150152868560144 1.295725474987834
1.775692966674663 -0.3224598643308418 1.305900891908945
1.80058376891228 -0.3281133843497592 1.314045299599415
1.819196053807834 -0.3323548243120778 1.320397862329686
1.833002770199736 -0.33550863015065 1.325258734514237
1.843184951727488 -0.3378383781228128 1.328926017222698
1.85066211339877 -0.3395512188619229 1.331664221409634
1.856135822921666 -0.3408061598738708 1.333693238531604
1.860133841369358 -0.3417232943768788 1.335188427479779
1.863049202984444 -0.3423923450174143 1.336285776374962
1.865172571326806 -0.3428797612781843 1.337088783978039
1.866717745852469 -0.343234514550174 1.337675134612714
1.867841472783506 -0.3434925272575045 1.338102623509549
0.4956239463652783 -0.07198915937818214 1.322979222710527
0.4967377264421524 -0.072214358885635 1.322612819960229
0.4982690214198691 -0.07252355896654107 1.32211040176918
0.5003729906220935 -0.07294759368109426 1.321422623021651
0.5032611931625312 -0.07352819296318983 1.320483226418655
0.507221079180162 -0.07432139921584478 1.319204206027087
0.5126411088941697 -0.07540181228634632 1.31747025941496
0.5200425355352466 -0.07686738308245011 1.31513343486985
0.5301176898612241 -0.07884430941513124 1.312009526895075
0.5437732334861226 -0.08149088164399533 1.307879360409293
0.562172902914152 -0.0849979183451003 1.302500574251966
0.5867679469174298 -0.08958219141872127 1.295637879150914
0.619293288770356 -0.0954673880320547 1.28712194091067
0.6616938215313268 -0.1028468947243426 1.276944135435881
0.7159328769367064 -0.1118252027152771 1.26538204805469
0.7836370658334072 -0.1223439750346324 1.253122171621103
0.8663659472165715 -0.1344205858613595 1.24112989241357
0.9612026275754553 -0.148190823534824 1.23123787112908
1.067760146300421 -0.1635065883837801 1.22509850315207
1.180686783876743 -0.1794362473116842 1.224449431463177
1.293771649164461 -0.1963316175793476 1.229499648310609
1.401097963549882 -0.2134359115892877 1.23966797506978
1.497750961631942 -0.2298033076326453 1.253479866992578
1.581110217486646 -0.2461048247036882 1.26903018215768
1.650065990587201 -0.259507675017938 1.284566183929592
1.705408920673964 -0.2701892469301778 1.298912663436024
1.748711570635966 -0.2784870033933883 1.311374664332213
1.781937945389988 -0.284811421681413 1.321709103932735
1.807060199444371 -0.2895653839210489 1.329985304293621
1.825848290366374 -0.2931033867829798 1.336442809070775
1.839786446019836 -0.2957178476242952 1.341384909740638
1.850065740440723 -0.2976400191111949 1.345113802428809
1.857614028225923 -0.2990481195756476 1.347898062287915
1.863139491577583 -0.3000769791045285 1.349961147241977
1.867174987607286 -0.3008273359732663 1.351481347016076
1.870117390903789 -0.3013738678658229 1.352596956714764
1.872260220608008 -0.3017715488598219 1.353413244429812
1.873819371619554 -0.3020607225063361 1.354009224820935
1.874953121250546 -0.3022708853354767 1.354443681729808
0.497981929785628 -0.05319583530512194 1.34880768884395
0.499087434567263 -0.05340424242328838 1.348419659981412
0.5006075822102308 -0.05369041470737602 1.347887454485429
0.5026965666346982 -0.05408289858931443 1.347158686450346
0.5055646814464304 -0.05462032727195255 1.346162958680726
0.509497739340745 -0.05535456231495692 1.344806664503529
0.5148821225756168 -0.05635461298997312 1.342966979866925
0.5222365250856486 -0.05771101626998631 1.340485975293423
0.5322502679505963 -0.05954027911729013 1.337166424902914
0.5458267528429239 -0.0619882571415299 1.332772585569336
0.5641267271450306 -0.06523021604407883 1.327041796599144
0.5885997888648039 -0.06946416074403669 1.31971535533433
0.6209824143850308 -0.07489223489401756 1.310599588222168
0.6632270035415841 -0.08168482950471231 1.299665387118903
0.7173134288089861 -0.08992453152786573 1.287181929872443
0.7848955108145826 -0.0995360710399143 1.273850547016249
0.8677041211036329 -0.1104987255562558 1.260672536638034
0.9625307605971001 -0.1228522234732382 1.249663243146708
1.069381764809835 -0.1365137044492763 1.242495564087911
1.182755275466014 -0.1506387902922379 1.241022646904333
1.2964050817457 -0.165592582699582 1.245480176071011
1.404355915303285 -0.1807124134914489 1.255305805848983
1.501601182683804 -0.1951354652306384 1.268998733511971
1.585594440928571 -0.209521363454629 1.284639548312256
1.655091822452936 -0.2210086444546712 1.300324773196376
1.710894343024917 -0.2299236134282084 1.314845011085638
1.754571055873218 -0.2366882415651977 1.327477815364183
1.788091980876649 -0.2417420511579121 1.337964451411551
1.813440340815252 -0.2454788271993461 1.346367891331598
1.832398681721485 -0.2482232895134144 1.352927238258812
1.846463192899062 -0.2502304202705787 1.357948407297307
1.856835262785538 -0.2516942859278651 1.361737370944811
1.864451132831013 -0.2527600974147709 1.364566569658284
1.870025535376323 -0.2535352466917064 1.366662900428812
1.874096316205323 -0.2540985826758903 1.368207500041158
1.877064075737963 -0.254507810127691 1.369340913416808
1.879225083690623 -0.2548049805532238 1.370170137945405
1.880797240936273 -0.2550207346768881 1.370775489690218
1.881940283293298 -0.2551773504074462 1.371216719937147
0.4998044202660867 -0.03163590376545292 1.375769616311151
0.5009017024563924 -0.03182668513242278 1.375359903436385
0.5024107896331041 -0.03208868223212347 1.374797803273844
0.5044849262539045 -0.03244803626687977 1.374027854814991
0.507333161958703 -0.03294012350625847 1.372975463364125
0.5112396986472119 -0.0336124058690299 1.371541324824593
0.5165888719872228 -0.03452800622878784 1.369594930269005
0.5238968479989722 -0.03576964738815883 1.366968098020371
0.5338499607905927 -0.03744360962642357 1.363450121822243
0.5473483513969734 -0.03968260028786504 1.358787929582655
0.5655497345996315 -0.042645391591928 1.352697327774466
0.5899019581072295 -0.04650999661126878 1.34489426914465
0.6221429103179642 -0.05145544975782521 1.335157871236429
0.6642323946082784 -0.05762720708530161 1.323434602909083
0.718166927296481 -0.06508364764002983 1.309980439902743
0.7856280337812801 -0.0737302475410162 1.29550681066665
0.8685266409394385 -0.08350481954740693 1.281041884965294
0.9633357410154249 -0.09433938221046671 1.268815067026196
1.070488261607663 -0.1062063826817314 1.260507355624364
1.184322428278268 -0.1183530651054365 1.258107063526821
1.298555320390839 -0.1311530413630357 1.261881377005996
1.407149983797882 -0.1440453926838573 1.271290793312446
1.505001467044302 -0.1562688004086044 1.284808270315655
1.589642949954925 -0.1684666547958018 1.300502957493693
1.659674999579113 -0.1778061145362355 1.316309338972317
1.715919132980146 -0.1847638899776485 1.330982439513048
1.759947194650661 -0.1898441691230143 1.343770671160464
1.793739530535258 -0.1935104129450845 1.354398233510208
1.81929289069147 -0.1961412424650508 1.362920647953265
1.838403487503261 -0.1980257253037389 1.369575761264337
1.852579681626577 -0.1993762850959736 1.374671520411576
1.863032922402913 -0.2003456102387662 1.378517246829923
1.870707391092376 -0.201042603059493 1.381388937010847
1.876323882915112 -0.2015446886732571 1.38351670139621
1.880424781804946 -0.2019069211474223 1.385084358564515
1.883414030796356 -0.2021686158852867 1.386234581369211
1.885590339403595 -0.2023578565277628 1.387076006478316
1.887173370047037 -0.2024948144948281 1.387690184553156
1.888324129030684 -0.2025939895730622 1.388137784835832
0.5007364222554183 -0.007561560695244984 1.403394211293038
0.5018259827956559 -0.007733785933567537 1.402963168066958
0.5033247091847898 -0.007970328078227062 1.402371630759769
0.5053849711367628 -0.008294794097831147 1.40156108529491
0.5082146743359266 -0.008739129359697619 1.400452758262221
0.5120965397321486 -0.009346162201929303 1.39894165435508
0.5174130214527601 -0.01017281927482727 1.396889554023973
0.5246779572041897 -0.01129360199012051 1.394117930455858
0.5345749205228946 -0.01280403995668808 1.390402372571665
0.5480010221818112 -0.0148230305219334 1.385472016494875
0.5661111350109395 -0.01749203912713535 1.379020266026831
0.5903514430475125 -0.02096811861915834 1.370736216507576
0.6224611567325931 -0.02540608666872677 1.360369345340604
0.6644071751830157 -0.03092524969954828 1.347838142136901
0.7182021662170175 -0.03755863312712611 1.333380813413535
0.7855548317479053 -0.04519155693722849 1.317714038275042
0.8685615052900871 -0.05371888511348367 1.301881878884621
0.9633507119590659 -0.06295191952825219 1.288358705030721
1.070809983446448 -0.07290512641368935 1.278818515343187
1.185109862992121 -0.08291884856290313 1.275403904314968
1.299928797228635 -0.09337442404792139 1.278416899535852
1.409166143504555 -0.1038190499937909 1.287344268544353
1.507634643577129 -0.1136259495933832 1.300637344767171
1.592890920987311 -0.1233748592520138 1.316344417395477
1.663423437454548 -0.1303785935349863 1.33224095524598
1.720066088134361 -0.1352405378654323 1.347041968607507
1.764401094118289 -0.138536708020796 1.359965977191919
1.798423854404174 -0.1407446947135743 1.370719239707282
1.824146938145329 -0.1422198788059441 1.379348976294747
1.843380833853675 -0.1432095354193494 1.386091023403656
1.857645716037053 -0.1438790758703178 1.39125472710616
1.868162291571469 -0.1443366697726498 1.395152245089565
1.875881755196242 -0.1446527195756418 1.398062724956096
1.881530085599138 -0.144873164918033 1.400219176123205
1.885653445418209 -0.1450282094730918 1.401807858274717
1.888658500250864 -0.1451380450941239 1.402973389663091
1.890845910022121 -0.1452162736181267 1.403825909026396
1.892436721347563 -0.1452722360325209 1.404448098939676
1.893592924863869 -0.1453123995089811 1.40490147022939
0.500437333249272 0.01857484846325678 1.431167156923457
0.5015200585541189 0.01842219015997051 1.430715498783384
0.5030096508997394 0.01821249247247156 1.430095480138748
0.5050577310104123 0.01792482075625511 1.42924560709132
0.5078712293184995 0.01753084505327555 1.428083016471867
0.5117316070877005 0.01699261501034833 1.426497123781365
0.5170197223801044 0.01625971729358685 1.42434210344643
0.5242474392898159 0.01526627597727373 1.421429166647231
0.5340959913716622 0.01392800897396147 1.417520208660416
0.5474599207333162 0.01214041518757478 1.412326421528765
0.5654917021267065 0.009779984916427951 1.40551833629045
0.589636178196384 0.006711279731579662 1.396757173796429
0.6216339324911517 0.002804259871900933 1.385760918631892
0.6634585758108256 -0.002033929296548299 1.372417140478611
0.717138006685291 -0.007811065893385614 1.356942231479451
0.7844066944491767 -0.01439305638084925 1.340053526667457
0.8675481631072415 -0.02163296035509961 1.322798825331752
0.9623217374897427 -0.02920858390123616 1.307926043023271
1.070090508325413 -0.03716017128065651 1.297085321860304
1.184851674115375 -0.04491965778679873 1.292591056311444
1.300243109429401 -0.05287909735391114 1.294781776974812
1.410099827725511 -0.06069850552192402 1.303172971645321
1.509179488379774 -0.06791829416110547 1.316201840329728
1.594979912853996 -0.07500483467543123 1.331878789945006
1.665953584459504 -0.07954758395035859 1.347833329466266
1.722930746292608 -0.08224181215138915 1.362734619030519
1.767511611898887 -0.0837172191599646 1.375771506987422
1.801710932614367 -0.08445148364713707 1.386632050268893
1.827558752903256 -0.08476716012946385 1.395354632826901
1.846879786887309 -0.08486379134478014 1.402172440275335
1.86120507692762 -0.08485639175844008 1.407395582891284
1.871763302034124 -0.0848068474928842 1.41133848534969
1.879511367480816 -0.08474623464475393 1.414282966800624
1.885179271033788 -0.08468869347634607 1.416464547731675
1.889315982595674 -0.0846395179239814 1.418071624161131
1.892330114747461 -0.0845998327089714 1.419250524935244
1.89452367502782 -0.08456885501010783 1.420112712651727
1.896118634736782 -0.08454519783910654 1.420741867830535
1.897277623322632 -0.08452738864498548 1.421200243027069
0.4986394323144794 0.0461458276199499 1.458565955683218
0.4997164638742245 0.04601375528824349 1.458094691980159
0.5011984974423848 0.04583230269769874 1.457447554656971
0.5032365646720474 0.04558334534129681 1.456560186768956
0.5060368361131474 0.04524235133501658 1.455345784768205
0.5098797980347963 0.04477648692012218 1.453688360805374
0.5151450839345203 0.04414215559374994 1.451434704268043
0.5223430541503385 0.04328248156111513 1.448386008635415
0.5321531747163464 0.04212486789632146 1.444290709247283
0.5454680743146512 0.04057968279736923 1.43884220642283
0.5634385067595166 0.03854181476770569 1.431688099216429
0.5875085481160865 0.03589773566098259 1.422461256017213
0.6194204242855542 0.03254215633753896 1.410846990451117
0.6611541594452638 0.02840808734327918 1.396699786040914
0.714751774500604 0.02351153962746882 1.380210957632727
0.7819715075754314 0.01800362461369568 1.362094458246214
0.865282542348851 0.01206905521405291 1.343389431002334
0.9600520846980586 0.006173919996044947 1.327141677568859
1.068131249103927 0.0002706562223208399 1.314960127434234
1.183340302073476 -0.005160087411518292 1.309345811906759
1.2992751990017 -0.01052693166906311 1.310673773499747
1.409707358594968 -0.01560541022703187 1.318489393460453
1.509345116253572 -0.0201132367741882 1.331218625323238
1.595617738831656 -0.02441273234540183 1.346831268264461
1.666954662661008 -0.02644537019134223 1.362812331808868
1.724189577103369 -0.02697515628514073 1.377785176552715
1.768946904100397 -0.0266611838352297 1.390910140189991
1.803263733850794 -0.02596420583743902 1.401857436924656
1.8291881848238 -0.02516374044881288 1.410656422076658
1.848558381416497 -0.02440643283678507 1.417537138901495
1.862914775328268 -0.02375493487228168 1.422809861171647
1.873492407666143 -0.02322466211681817 1.426790687697346
1.88125239284761 -0.02280801385438731 1.429763582969351
1.886927465781534 -0.02248827989573419 1.431966139966398
1.891068363722261 -0.02224680989108065 1.433588540136143
1.894084831639821 -0.02206652100855541 1.434778549720001
1.89627959993904 -0.0219329584082726 1.435648746527967
1.897875093081191 -0.02183457359897932 1.436283651742184
1.899034227411213 -0.02176239328560577 1.436746142264168
0.4951998752712072 0.07440416316954004 1.485096244332327
0.4962724477288108 0.0742935834835641 1.484606602360208
0.4977486241551292 0.07414162296669087 1.4839340130904
0.4997790196787588 0.07393308922121167 1.483011407795989
0.502569278470924 0.07364740882184297 1.481748240630518
0.5063992229124185 0.07325707099570417 1.480023375161347
0.5116476725233334 0.07272555282740344 1.477676534779288
0.5188240117479963 0.07200528353455696 1.47449927925164
0.5286065978056793 0.07103568362180697 1.470227017042577
0.5418869266753223 0.06974230187456389 1.464535792471573
0.5598148836030712 0.06803861749507714 1.457050611938453
0.5838345791540409 0.06583292404713632 1.447376060892587
0.6156904052906169 0.06304407625604778 1.435164323976446
0.6573687165073093 0.05962954609559808 1.42023550707085
0.7109246084356907 0.05562668181568288 1.402753497339038
0.7781378756342144 0.05119969806878364 1.383425605730713
0.861659076119901 0.04656418281600717 1.363270709165045
0.9564433281011819 0.04233591047652851 1.345650861018192
1.064832796896656 0.03847978552626836 1.332117278374663
1.180469260860921 0.03539524919049251 1.325368777257403
1.296906507337501 0.03264980000835611 1.325815522330635
1.407854476678962 0.03035194473079452 1.333032551594166
1.507979892570086 0.02860225523537915 1.345437274746094
1.594635423365747 0.02712927922875463 1.360956754370258
1.666248884543264 0.0275741507680686 1.376935252164095
1.723662454238872 0.02913062859526052 1.391951551094312
1.768528369337761 0.03113797692709499 1.405139435226112
1.802907069883315 0.03317046155674262 1.41615218358127
1.828864055139 0.03500129008775315 1.425010254969685
1.848249314376893 0.03654052029191131 1.431940222278108
1.862610907958122 0.03777818257512842 1.437251986357317
1.873188521517057 0.03874391467331695 1.441262738311804
1.880945992994517 0.03948193751727139 1.444258048105114
1.886617583265127 0.04003770397394855 1.446477120568015
1.890754843822459 0.04045192532197196 1.448111549003181
1.893767921308215 0.04075832487460414 1.449310244021841
1.895959717117084 0.04098378092518386 1.450186673896208
1.897552697160474 0.04114903639381239 1.45082603076265
1.898709760114236 0.04126982945971176 1.451291689128056
0.49013125853435 0.1025604870853797 1.510324624040285
0.491200531169892 0.1024721410268284 1.50981805218942
0.4926724468474481 0.1023506936282418 1.509121987015386
0.4946973663979373 0.1021839848457538 1.508166834919869
0.4974806284882745 0.1019555309016701 1.506858556295715
0.5013016885699785 0.1016433108174204 1.50507119248191
0.5065389491915291 0.101218079085871 1.502637822002189
0.5137013384657378 0.1006418033782262 1.499340900645887
0.5234667695698292 0.09986615802830576 1.494903451491984
0.536726421390496 0.09883205406147448 1.488984895356029
0.5546302470637753 0.09747157730412939 1.481188403282438
0.5786233472170054 0.09571451186842152 1.471090921871271
0.6104530380043629 0.0935029154015939 1.458311804170978
0.6521122107455536 0.09081685093208064 1.442636407438848
0.7056682530965414 0.08771190134948137 1.424199823354198
0.7729204139908288 0.08436099835137671 1.403700199326894
0.8566942498980276 0.08100245672828361 1.382125909705161
0.9515174066964903 0.07840156858732125 1.363166362849204
1.060216448046886 0.07655498418763959 1.348300683575116
1.176255122255414 0.07578802496959273 1.340432195002271
1.293146475132486 0.0756316518673348 1.340003196179841
1.404542535562564 0.07607406506672315 1.346616691783595
1.505077044267505 0.07703707151664436 1.358684356935224
1.592020468251493 0.07832810652879527 1.374089343837587
1.663826492187903 0.0811255778390074 1.390040786544159
1.721348075596087 0.08461051867021148 1.405075105333236
1.766265616351078 0.08815000341051477 1.418302123908969
1.8006617065866 0.09137077936317022 1.42935960574971
1.826617291923121 0.09410663404414953 1.438259604250264
1.845992148534304 0.09632592792212823 1.445225118124501
1.860340049056263 0.0980695910402919 1.450565265061839
1.87090373858816 0.09940909763498942 1.454597810143987
1.878648517604058 0.1004217829284528 1.4576094163245
1.884309202873376 0.1011786110470492 1.459840448357376
1.88843742772689 0.101739616496949 1.46148353759196
1.891443196000328 0.1021529595289817 1.462688442516
1.893629178251963 0.1024562209108415 1.463569292740792
1.895217587361112 0.1026780241239489 1.464211777704989
1.896371089509145 0.1028398826762338 1.464679639541916
0.4836082133873904 0.1298432116680816 1.533931195971309
0.4846752091439871 0.1297772395159808 1.5334093597947
0.4861442708712452 0.1296865003613959 1.53269209938797
0.4881656484110528 0.1295618817212596 1.531707518372862
0.4909445709668904 0.1293910058292179 1.530358382945823
0.4947603941537776 0.1291573481225147 1.528514309555933
0.4999914653451458 0.1288389275086249 1.526002256209149
0.507146740202146 0.1284071836579169 1.522596251099825
0.5169043242269317 0.1278258707626288 1.518007785302291
0.5301558893464852 0.1270508799224974 1.5118806940564
0.5480524354431834 0.1260321425447108 1.503797508195776
0.572041129835929 0.1247195354849034 1.493308801539095
0.6038731989576446 0.123075925125603 1.480002254316079
0.6455486133484456 0.1211001699644889 1.463629248791432
0.6991466608995723 0.1188605885145425 1.444296133260228
0.7664842771793327 0.1165317223710556 1.422690958259551
0.8505540199810654 0.1143632880804289 1.399764806747031
0.9454474161353095 0.113260750529833 1.37953657604337
1.054459298791133 0.113269440475873 1.363402972716314
1.170878009512592 0.114649436386439 1.354472733984169
1.2881772079521 0.1169055290115457 1.35321723276029
1.39995452286686 0.1199284960992552 1.35926287442555
1.500819897124042 0.1234699962483293 1.371014446190535
1.587959411560025 0.1273989167570753 1.386309442530007
1.659882600993923 0.1324070516285101 1.402227680484345
1.717453486123542 0.1376725635349459 1.417266982747275
1.762378234098399 0.1426068325961976 1.430517444018026
1.796758796962249 0.146897376787635 1.441604132749088
1.822688923783423 0.1504409489426665 1.450532218372576
1.842035946257337 0.153263137678685 1.457521714516543
1.85635758846826 0.1554530895097673 1.462880987077777
1.866898323683686 0.1571209672465683 1.46692813024588
1.87462393032378 0.1583742215170336 1.469950554839132
1.88026906458248 0.1593067417463432 1.472189436639405
1.884384923680017 0.1599957739904007 1.473838135329524
1.887380996242056 0.1605022584644281 1.475047001788341
1.889559454691136 0.1608732030401005 1.475930624555976
1.891142067269541 0.1611441487828409 1.476575034708916
1.892291130394464 0.1613416650738818 1.47704422439853
0.4759536685831673 0.1555434292657705 1.555764808263287
0.477019426874233 0.1554986763635513 1.555229504376302
0.4784870587835736 0.1554370637351342 1.554493518368593
0.4805068448928866 0.1553523661784377 1.553482899708012
0.4832840974177656 0.155236093081482 1.552097559850742
0.4870983338875963 0.1550769097655579 1.550203147717418
0.4923281984707107 0.1548596772352626 1.547621117375162
0.4994831433894844 0.1545647147810131 1.544117887596705
0.5092420795215404 0.1541670292652051 1.539394491301523
0.522497947561262 0.1536363345309049 1.533080557718709
0.5404037246812904 0.1529387959231872 1.524739697212584
0.564409656722593 0.1520421779602905 1.513898162650626
0.596271785247386 0.1509272347832794 1.500114245067979
0.6379976063807151 0.149607979034575 1.483107616074244
0.6916778084042506 0.1481613760325715 1.462957665591935
0.7591451299663557 0.1467597751636002 1.440342979737181
0.8435494231742425 0.1456579094079161 1.416173848750686
0.9385462491670821 0.1458908128306316 1.394788189591676
1.047874195864456 0.1475702343882143 1.377493608725746
1.164651299828639 0.1509030326156562 1.367597266766548
1.282314632365313 0.1553678086166107 1.36559331727972
1.394412256537839 0.1607634201217624 1.371125064786349
1.495538567278113 0.1666834888452356 1.382590653756546
1.582795769689839 0.1730465248390229 1.397783117788423
1.654774823331424 0.1800750665095148 1.413660928478025
1.712349474814167 0.18695587903907 1.428689478935242
1.757248393351309 0.1931486045014583 1.441944371883907
1.791589834218064 0.1984004708564888 1.453041454099938
1.817477810119908 0.2026676872816459 1.461980873853119
1.836785248888252 0.2060287716215356 1.468980373522226
1.851072380086558 0.2086169228781838 1.474347598583
1.861584368304518 0.210577370896003 1.478400668838711
1.869286735448089 0.2120447161965935 1.481427319783518
1.874913461484167 0.2131334401128386 1.483669112656364
1.879014946522677 0.2139362016241672 1.48531975895205
1.8819999109055 0.2145253656328824 1.486529892205798
1.884169851841208 0.2149563510697791 1.487414315028488
1.885745968780531 0.2152708635677568 1.488059212189275
1.886890101064162 0.2154999738375454 1.488528684105753
0.4675781049573575 0.1791274194971225 1.575769357612191
0.4686439122285255 0.1791012662387795 1.575222127550911
0.4701118704525581 0.1790651866045703 1.574469545019413
0.4721324602341166 0.1790154819981803 1.573435828281533
0.4749113034808701 0.1789470602395358 1.572018342946331
0.4787283838947237 0.1788531089078717 1.570079193662035
0.4839630427255673 0.1787244328311421 1.56743491466141
0.4911257496439728 0.1785490206799848 1.563845112702515
0.5008968792096473 0.178311525310667 1.559001448816871
0.5141714384700673 0.1779933800136954 1.552520808075694
0.5321052817719478 0.1775742967611062 1.543949812227183
0.5561526189697645 0.1770366317961342 1.532792870035277
0.5880749369083638 0.1763752487127213 1.518581896105273
0.6298872318776908 0.1756154914598124 1.501008195209848
0.6836904727542331 0.174839785735127 1.480127327628451
0.7513305603261187 0.1742173133195033 1.45661028409562
0.8361025998089582 0.1740067363063106 1.431326388202295
0.9312362887068957 0.1753619955047567 1.408911167200435
1.040882329105088 0.1784787681678607 1.390580786872753
1.157996096816673 0.1835268629901368 1.379826818712888
1.275980939342132 0.1899682058248315 1.377160418431353
1.388340530422207 0.1975216542035252 1.382234917182523
1.489661610824672 0.2056315154392505 1.393442172194939
1.576966659252147 0.214246488970729 1.408534317170119
1.648947775288061 0.223142685537156 1.424358621278972
1.706487961085821 0.2315079473665367 1.43935513600911
1.751334551977785 0.2388513128461869 1.452590786217817
1.785618802892294 0.2449783942398311 1.463675788158755
1.811452423147528 0.2499021312827852 1.472607029922354
1.8307120701547 0.2537507387569571 1.479600523915828
1.844959176155009 0.2566983072338643 1.484963054670714
1.855438710917382 0.2589223464069588 1.489012319805828
1.863115343824048 0.2605822897881773 1.492035844038698
1.868721980321854 0.2618113647515669 1.494275064641085
1.872807957433567 0.2627162089498666 1.495923607312669
1.875781048777673 0.263379521436095 1.497132034257991
1.877941956598884 0.2638643121105373 1.498015085667729
1.879511231037658 0.2642178403370971 1.498658889410902
1.880650199702999 0.2644752272065337 1.499127496215066
0.4588916714927246 0.2003134425946571 1.593889044413642
0.4599586043325641 0.2003035377490344 1.593331786026006
0.4614283533020785 0.2002897659266011 1.592565227676537
0.4634517368323457 0.2002706334605434 1.591512029971766
0.4662348706176536 0.2002440105263946 1.59006738822448
0.4700584505330787 0.2002070165823862 1.588090376558491
0.4753028377211412 0.2001556088429584 1.585393309601185
0.4824799378986949 0.200084390492963 1.581729928879681
0.4922721164403314 0.1999862754162383 1.576783791809313
0.505577082384552 0.1998526290484028 1.570160710200997
0.5235542775110535 0.1996744666622174 1.561392465140501
0.5476625584119877 0.1994460364708897 1.549964272791211
0.5796693002363951 0.1991732756266389 1.535384730104103
0.6215968477029121 0.1988898281539698 1.517319892952745
0.6755551231263746 0.1986817270055757 1.495803871111943
0.7434004411408639 0.1987151715122915 1.471500388902413
0.8285600763675314 0.1992520072257241 1.445237436406994
0.9238570926527692 0.2015498837577671 1.421920942433912
1.033818480666948 0.2058969988601689 1.402676509040739
1.151247017482324 0.2124357579729164 1.391163886574597
1.269515944592267 0.2206152858256993 1.38790818864719
1.382089865713433 0.2300837862134533 1.392568463280278
1.483554084860689 0.2401490088944696 1.403532091167753
1.570857301155609 0.2507773481059026 1.418515391638495
1.64280426701032 0.2613379695782664 1.434265978446264
1.700286440265194 0.2710180435662666 1.449205147463752
1.745066087987748 0.2793752001381874 1.462395880258609
1.779284452084398 0.2862700108691928 1.473445527337165
1.805058753643211 0.2917675585398501 1.482348921833694
1.824267910611916 0.2960410177872936 1.489320548653544
1.838473620971512 0.2993010549221957 1.494666001304427
1.848920085239492 0.3017538123398731 1.49870201055839
1.856570778023545 0.3035806096767376 1.501715311170471
1.862157331543986 0.3049311169259782 1.503946691589692
1.866227907402302 0.3059241858337471 1.505589252561048
1.869189270374113 0.3066515203853178 1.506793135357618
1.871341295089245 0.3071827295822258 1.507672747590847
1.872903866673434 0.3075698918757263 1.508313956002375
1.874037794161404 0.307851638446803 1.508780609266219
0.4502656286520056 0.2189975905677777 1.610127062568048
0.4513344971512807 0.2190018084446427 1.609561607653689
0.4528071323339601 0.2190074285303356 1.60878360656416
0.4548347895125054 0.2190148720901636 1.607714429135115
0.4576242095592947 0.2190245791911504 1.606247467370696
0.4614569752003715 0.2190370720912746 1.604239267904006
0.4667146950311578 0.2190527541863701 1.601498612603403
0.4739110042068518 0.2190719085412573 1.597774308369124
0.4837306252962777 0.2190944938746288 1.592743057755567
0.497074405913167 0.2191202567381589 1.586001246746252
0.5151058515258174 0.2191495987430168 1.577067934199887
0.5392888951947268 0.2191863977535279 1.565411753618549
0.5713970054022772 0.2192451853098069 1.550520974862354
0.6134595555931377 0.2193655217367073 1.532039398755484
0.6675942570078541 0.2196350816029868 1.509981892615666
0.7356654963035051 0.2202164441989374 1.485005036680891
0.821219069613911 0.2213737208912261 1.457896399748856
0.9166980714258874 0.2244515927573172 1.433802712661853
1.02696762044725 0.2298335253300864 1.413762914093138
1.144689798488267 0.2376414124119072 1.401586734962012
1.263211472414228 0.2473149193760253 1.397810801161088
1.375962850310753 0.2584435598672515 1.402096390495907
1.477532424471709 0.2702131443783143 1.412828500808753
1.564802344323251 0.2825985873570988 1.427693362207263
1.636694077070554 0.2946078614595788 1.443351095642714
1.694106724855855 0.3054260743117806 1.458210155372136
1.738814134204406 0.3146567624074872 1.471333442380576
1.77296499242426 0.3222105580764195 1.48232761565738
1.798680315032632 0.328199079528706 1.491186332442856
1.817840232117984 0.3328350409263611 1.498122616828343
1.832006096822025 0.3363610717279363 1.503440528459002
1.842421022076104 0.3390081610447001 1.507455332604923
1.850047143669527 0.3409765060188547 1.510452462562265
1.855614772061518 0.3424298947642611 1.512671602725067
1.859670893474489 0.3434976277262794 1.514304952136329
1.862621285031466 0.3442790920764528 1.515501933507688
1.864765022452343 0.3448495143970481 1.516376393161948
1.86632135521836 0.3452650679457928 1.51701376461858
1.867450599876639 0.3455673627341516 1.517477566565407
0.4420053528065211 0.2352090335370159 1.624549666064805
0.4430767297541627 0.2352253563583324 1.623977705769466
0.4445530181301144 0.2352476001371601 1.623190603976433
0.4465859744765894 0.235277826351538 1.622108689055662
0.4493830486758603 0.2353186740500559 1.62062389327647
0.4532268200965491 0.2353735702149388 1.618590708031964
0.4585002845469947 0.235446703074933 1.615815029148439
0.4657189827040386 0.235543167073156 1.612041608265122
0.47557020678873 0.2356688476200195 1.606941477563679
0.4889581836126509 0.2358304673696739 1.600103166269058
0.5070507202430858 0.2360361127254099 1.591035036638166
0.5313169872819504 0.2362973385500924 1.579191642363512
0.5635364860150982 0.2366352150905902 1.564043793869834
0.6057450992322442 0.2370933677774595 1.545215884014444
0.6600670893777346 0.237759880686354 1.522705540973849
0.7283728097917833 0.238793599513783 1.49716203763712
0.8143127813983091 0.240460892550717 1.469334118088792
0.9099823094195489 0.2441775984546756 1.444578805434939
1.020546005113846 0.25042130002498 1.423854533378889
1.138538318152186 0.2592991964871981 1.411102344610286
1.257283804629479 0.2702427250098897 1.406869082171693
1.370183133873472 0.2827906522466649 1.410815828560955
1.471831024093134 0.2960216405869292 1.421327066650647
1.55905077558272 0.3099126706990175 1.436064493091779
1.630878508477463 0.3231576478764076 1.451612586469832
1.688219944314781 0.3349396896472044 1.466372135069859
1.73285747655803 0.3449054609936035 1.479409062050352
1.766945063977078 0.3530108298570458 1.490331038734386
1.792606150066147 0.3594085019350124 1.49913119532622
1.811721310829036 0.3643456139554306 1.506021101054036
1.825851236383033 0.3680920795272061 1.511302953173532
1.83623786638318 0.3708998938091367 1.515290112046732
1.843842027721575 0.3729851135582466 1.518266273442778
1.849392788748373 0.3745233328878834 1.520469636504507
1.853436054190632 0.375652555923908 1.522091186669318
1.856376703014007 0.3764785528972272 1.523279383718268
1.858513090339791 0.3770812059383522 1.52414732604907
1.86006389536296 0.3775200753330828 1.524779874245255
1.861188994273059 0.3778392318858401 1.525240113566833
0.4343282717990733 0.2490879399814702 1.637249252913907
0.4354025317535968 0.2491144631421669 1.636672304201769
0.4368829668436121 0.2491507162932546 1.635878205370682
0.438921870986564 0.2492001410467788 1.634786469375898
0.4417274485125473 0.2492672243677648 1.633287880935058
0.4455833332117322 0.2493578268832536 1.631235306458172
0.4508739781625061 0.2494792968099469 1.62843234667674
0.4581169135951719 0.2496407208983777 1.62462050449358
0.4680020949753596 0.24985285928948 1.619466232748222
0.4814372209238754 0.2501280930835835 1.612551656700095
0.4995944639811136 0.2504806032527596 1.603376329177003
0.5239482081858605 0.250927801720281 1.591383073165634
0.5562837649497685 0.2514953791998372 1.57602795532766
0.5986429271032294 0.252229273543248 1.556918687472971
0.6531552403648787 0.2532170292474306 1.534037599674902
0.7216948600305606 0.2546145942980871 1.508026452226343
0.8077467701828861 0.256692658975092 1.479678871086854
0.9038638422185962 0.2609204449562061 1.454287113482632
1.014702777506453 0.2678691345568816 1.43298127997013
1.132940811509876 0.2776344245476023 1.419733461644837
1.251884117770077 0.2896404284573879 1.415099956767109
1.364908078495544 0.3033835970660627 1.418740263708591
1.466615332897546 0.3178501058357848 1.429040373535453
1.553778197458375 0.333013877464786 1.443642917237155
1.625540774190034 0.3473005821508867 1.459068032420472
1.682814496468312 0.3598908102669657 1.473713099960538
1.727387934505868 0.3704700828212873 1.486649315456571
1.761418696530894 0.3790339623107387 1.497486552479658
1.787031708110764 0.3857706059324949 1.506217825667086
1.806107547384888 0.3909564533820412 1.513053194036598
1.820206085579861 0.3948845209629438 1.51829272058441
1.83056810367493 0.3978244678668277 1.522247518739662
1.838153216528824 0.4000056033537265 1.525199213834248
1.843689374759711 0.4016133395013647 1.527384232130677
1.847721525337405 0.4027928894172551 1.528992112052268
1.850653758817435 0.4036552952051146 1.530170168777845
1.852783801696065 0.4042842742760226 1.531030614795343
1.854329837576686 0.4047421714762461 1.531657634992616
1.855451360857149 0.405075077944054 1.532113805444898
0.4273761844163793 0.2608258007502839 1.648362429801235
0.4284534569190775 0.2608608623009058 1.647781842817545
0.4299381954434274 0.2609088434498007 1.646982621082272
0.4319832333606659 0.2609743398405958 1.645883664775869
0.434797528813432 0.2610633818938655 1.644374891164676
0.4386657652911509 0.2611838577294284 1.642307928207056
0.4439738399052844 0.2613457402523301 1.639484612928908
0.4512412463238231 0.2615614144915824 1.635643925591597
0.4611605548104652 0.2618456370409802 1.630448722728265
0.4746428512264239 0.2622153710003954 1.62347603534187
0.4928645282702266 0.2626896334489964 1.614218307864026
0.5173049350465065 0.2632903197391192 1.602108746771449
0.5497547706549548 0.2640463988527084 1.586591109035846
0.5922610333925706 0.2650050584517092 1.567258845550278
0.6469574773802811 0.2662527724263492 1.544080670447358
0.7157206140911817 0.2679428034237367 1.51769060544964
0.8015975191494233 0.270348274399012 1.489015407357171
0.8984141403622004 0.2749865863684578 1.462997035825191
1.009504966543775 0.2825085672299347 1.441202521449184
1.12796343782297 0.2930036923974092 1.427531699763555
1.247081023271028 0.3058886355909844 1.42254962362719
1.360211730535838 0.3206240926528905 1.425913316823803
1.461966699742736 0.3361177116862447 1.43601198322604
1.54907420684957 0.3523393811621157 1.450474251855009
1.620776779577592 0.3674891749905919 1.465766356889935
1.677990623373161 0.3807453170033956 1.48028586840771
1.722508637915745 0.3918277257185652 1.493110902136087
1.756490902648947 0.400766157453855 1.503854358511095
1.782063211376464 0.4077788023977511 1.512509386398419
1.801105922588278 0.413166634024738 1.519284456651676
1.81517809775731 0.4172418425386826 1.524477272468132
1.825519481690698 0.4202886509712921 1.528396436334917
1.833088641589309 0.4225472371299781 1.531321254749257
1.838612576538753 0.424211033056439 1.533486171011902
1.842635425318156 0.4254311203411219 1.535079108580636
1.845560615866535 0.4263228227957592 1.536246108857152
1.84768534801198 0.4269729657324011 1.537098401236418
1.849227390701258 0.4274461463949363 1.537719423163656
1.850345919067359 0.4277900882914433 1.538171189013304
0.4212178982407333 0.2706499514591874 1.658035492709875
0.4222982140653395 0.2706919648892475 1.657452412125393
0.4237872770011902 0.2707494957372261 1.656649658641399
0.4258384479975754 0.2708280777710064 1.65554569343182
0.4286614190355857 0.2709349946646151 1.654029807102064
0.4325418918469752 0.2710797755183837 1.651952722466618
0.4378671573056012 0.2712745103885025 1.649114972679084
0.4451585954521418 0.2715342277202796 1.645253646386007
0.4551112734785955 0.2718768583555055 1.64002886236396
0.4686394875273137 0.2723229518419684 1.633013707790971
0.4869235874408769 0.2728952195430616 1.623695022480487
0.5114475007328079 0.2736188330283869 1.611498278361252
0.544006753001548 0.2745249262895673 1.595857104605817
0.5866527493214829 0.2756611670051324 1.576352874426997
0.6415223629715759 0.2771128561082101 1.552942205259615
0.7104931089549429 0.2790314636829882 1.526251135075526
0.7962325757062861 0.2816898808326069 1.49732221825694
0.8936650315360587 0.2866552123218166 1.470780602024194
1.004981174568197 0.2946387131099156 1.448578749029448
1.123633686222184 0.305729897892824 1.434548018077748
1.242902580102052 0.3193380224816528 1.429261979222413
1.3561238278775 0.334894152577574 1.432375103233394
1.457917137121638 0.3512389842773188 1.442281441432441
1.544973572098981 0.3683359404647075 1.456600025054581
1.616623067220356 0.3841972425561013 1.471752403761001
1.673785683637409 0.3979990672717166 1.486139108932714
1.718257192463032 0.4094915561522294 1.498846224978974
1.752199231944336 0.4187338374948572 1.509490174534258
1.777738015616597 0.4259694938717618 1.51806436210737
1.796753554480334 0.4315199874199966 1.524775588199037
1.810804157797326 0.4357133637518913 1.529919029625913
1.821128678317766 0.4388457956068737 1.533800596143018
1.828684806871041 0.441166320889346 1.536697110406518
1.83419875683722 0.4428748772448214 1.538840896700701
1.838214004701587 0.4441272862080211 1.540418156846445
1.841133436997031 0.445042319733568 1.541573577789781
1.843253824253118 0.4457092989673723 1.542417346007524
1.844792597588361 0.4461946259507151 1.543032107953921
1.845908671993943 0.44654733031137 1.543479284809858
0.4158647564216443 0.2787983292203427 1.666417422756151
0.4169479827743038 0.2788459671295282 1.66583283835517
0.4184411680750703 0.2789112245196705 1.665027929772239
0.4204981677535103 0.2790003926842657 1.663920870034709
0.4233293595635332 0.2791217659503155 1.662400532157486
0.4272213946131102 0.2792861924853954 1.660317023360385
0.4325628589982647 0.2795074580318297 1.657469972377143
0.4398768804188036 0.2798026942047172 1.653595124531587
0.4498608297122456 0.2801923334083755 1.648350606727204
0.4634319489599981 0.2806997074345721 1.641306561623805
0.4817741904912862 0.2813503168293939 1.631945530357204
0.5063755957071899 0.2821716793976799 1.619686884419537
0.5390359241094894 0.2831962763989189 1.603956020307316
0.5818102529582684 0.2844717464825074 1.584324133438002
0.6368377001236438 0.2860822453788192 1.560737078817287
0.7059958271704095 0.2881782098354351 1.53381273656422
0.7916263091386807 0.291030872332307 1.504692529514554
0.8895933775293487 0.2962556494491949 1.477720092034957
1.001107272142857 0.3046089700613472 1.455182517267494
1.119928239117882 0.3161840132651581 1.440847850665609
1.239327721008589 0.3303819563337777 1.435297817375999
1.352626622741702 0.3466089034641655 1.438184486093309
1.454452402507631 0.3636504210643776 1.447908105015097
1.541464776660943 0.3814630677795938 1.462081982136298
1.613069661814565 0.3979043258571618 1.477091126600378
1.670190158220073 0.4121487030893056 1.491341226530085
1.714623892103814 0.4239723339861173 1.503926965955751
1.74853347662991 0.4334590781645269 1.514468551021499
1.774045307236906 0.4408736088331338 1.522959678003196
1.7930390370407 0.446554237091292 1.52960540428171
1.807072335649682 0.4508419485140136 1.534698271163165
1.817383326048405 0.4540426118006532 1.538541387890534
1.82492899274798 0.4564124191163038 1.541409001403391
1.830434919391989 0.4581565422946277 1.543531244998078
1.834444053421051 0.4594346038964878 1.545092544811829
1.837358848824737 0.4603681352188089 1.546236194085137
1.839475733315516 0.4610484502092452 1.547071308336014
1.841011867945645 0.4615433894073293 1.547679723396273
1.842125959477127 0.4619030223882835 1.548122253549983
0.4112904114495999 0.2854976337163237 1.673660449033859
0.4123763797008584 0.2855496713673191 1.673075170259979
0.4138734371245866 0.2856209730651402 1.6722692338965
0.415935896142941 0.2857184211398143 1.671160649511591
0.4187747660776842 0.2858510973974689 1.669638045723785
0.4226775699751824 0.2860308734338016 1.667551154690678
0.428034078388381 0.2862728451995087 1.66469903361147
0.4353690105376823 0.2865957559546583 1.660816543157038
0.4453818227467477 0.2870219331314852 1.655560445024007
0.45899240386699 0.2875767761120445 1.64849878107468
0.4773879075779369 0.2882877901156805 1.639110902286627
0.5020599682963772 0.289184070257207 1.626811474453976
0.5348119312418782 0.2902988373313001 1.611019287369778
0.5777017826029329 0.2916794523009582 1.59129699550039
0.6328700525475406 0.2934092445937312 1.567580842071761
0.7021935529195621 0.295638640067483 1.540480389783164
0.7877361037922208 0.2986372051501466 1.511219951993852
0.88616095759847 0.3040656768774014 1.483896410535318
0.9978446127469399 0.3127140603573181 1.461083489258141
1.116808806484618 0.3246814352641439 1.446491839959173
1.236318790960615 0.3393605027200066 1.440711244437394
1.349682901336702 0.3561364747934063 1.443391976679605
1.451535615183397 0.3737485531648146 1.452941677506335
1.538510459135702 0.3921461209940827 1.466971166382839
1.610078268431469 0.4090600230789844 1.481835877651347
1.66716449394954 0.423663307535901 1.495948210814542
1.711567890152372 0.4357542238641274 1.50841167167032
1.745451603084825 0.4454374651267349 1.518850291603162
1.770942034584838 0.4529952562202927 1.527258012364752
1.789918482707386 0.4587797916390812 1.533838076904844
1.80393807728317 0.4631426324236557 1.538880325230591
1.814238350293689 0.4663975193126255 1.542685016310737
1.82177572385849 0.4688064200507293 1.545523787403989
1.827275283495868 0.4705787136180919 1.547624559737349
1.83127955981675 0.4718770657516653 1.549169971544938
1.834190665988196 0.4728252111614206 1.55030191601383
1.836304759732084 0.4735160508876606 1.551128434884261
1.837838789127501 0.4740185687068098 1.55173055268089
1.838951296477281 0.4743836596284712 1.552168477158092
0.4074403705606363 0.2909609406721964 1.679905010165117
0.4085288280873473 0.2910163744819045 1.679319716696298
0.410029394151291 0.2910923417566021 1.678513699563074
0.4120967907591099 0.2911961796748063 1.677404909891351
0.4149425918035411 0.291337575164218 1.675881877755925
0.4188550981001085 0.2915291827580517 1.673794162894122
0.4242251331015529 0.2917870963031123 1.670940531332557
0.4315788258006886 0.2921312758042766 1.667055345396947
0.4416174704319444 0.2925854619161971 1.661794529136601
0.4552632725550426 0.2931765642865695 1.654724733514345
0.4737061596847761 0.293933499396779 1.64532305133218
0.4984408283469449 0.2948863897117468 1.633000614176758
0.5312735872058345 0.2960688156902662 1.617170969531121
0.5742646679952503 0.2975277883939784 1.59738960197352
0.6295553877842252 0.2993461681522788 1.573584108041801
0.699021309958824 0.3016752412897821 1.546355617709863
0.7844909900882792 0.3047833589875248 1.51699682104969
0.883302892092984 0.3103724763807796 1.489390674509878
0.9951294083165902 0.319257254528888 1.466353669224935
1.114213257120994 0.3315435390099468 1.451545227511958
1.233815473030898 0.3466149631145037 1.445563042555853
1.347233983419932 0.3638388773396669 1.448056297531712
1.449109358153759 0.3819158136392614 1.457440965247015
1.536053332626078 0.4007881486516819 1.471328028971893
1.607591438345483 0.4180838087671447 1.486049253536394
1.664650740357888 0.4329752345312585 1.500024881943432
1.709030517348892 0.4452797351783315 1.512367231451668
1.742894172270659 0.4551193679743343 1.52270407102462
1.768368036523392 0.462790794619739 1.5310295018308
1.787331102557317 0.4686575158922053 1.537544896149949
1.801340073661969 0.4730796381163679 1.542537368260176
1.811632024806222 0.4763772243187154 1.546304326146328
1.819162946648405 0.4788168566097949 1.549114810264116
1.824657542786697 0.4806112622936227 1.551194548932852
1.828658024415085 0.4819255200975694 1.552724412869803
1.831566242676164 0.4828851080230809 1.553844914278152
1.833678147459548 0.4835841795541566 1.554663037646615
1.835210522396743 0.4840926188706462 1.555259009963273
1.836321782431383 0.4844619703830526 1.555692443513765
0.4042453741460986 0.2953798825005735 1.685280278524646
0.4053360691746734 0.2954378292288423 1.684695517703904
0.4068397833145009 0.2955172484940531 1.683890183207106
0.4089116021676905 0.2956258123529325 1.68278225295972
0.4117635992848956 0.2957736524002189 1.681260277072947
0.4156847622395475 0.2959739945059535 1.679173807929903
0.4210668403359591 0.2962436561474124 1.676321549263252
0.4284371971040002 0.2966034678516928 1.67243768125372
0.4384987262523105 0.2970781626027652 1.66717772343381
0.452175632796268 0.2976956762363735 1.660107520783899
0.4706602088007083 0.2984858262358924 1.650702679035065
0.4954497087443259 0.2994792990452075 1.638371769620695
0.5283528237409656 0.3007097318002623 1.622524239152743
0.5714314024802407 0.3022238193746549 1.602709565131902
0.6268269511311386 0.3041044707281862 1.578847539018148
0.6964133907442153 0.3065047653658207 1.551530798565633
0.781821135823553 0.3096928597736086 1.52210751486781
0.8809564795135155 0.3154075007196708 1.494276675061146
0.9929007579587846 0.324481331342117 1.471058360011335
1.11208253865387 0.3370271019638324 1.456066747327622
1.231760246327912 0.3524188604128509 1.449907361213806
1.345223192968873 0.3700086762005728 1.452229141329489
1.447117047613146 0.3884650118737598 1.461457187927449
1.534035485032272 0.4077235535155447 1.475204829334006
1.605549533024242 0.4253290774158934 1.489785133524662
1.662587396907267 0.4404535339181912 1.503626873872197
1.706948562081154 0.4529301409784058 1.515850925508297
1.740796498039242 0.4628953883696563 1.526088591095391
1.766257410983793 0.4706578329680306 1.534334010118375
1.785210022428797 0.4765902248050828 1.540786640078224
1.799210690369268 0.4810596192596626 1.545730878973423
1.809496129982122 0.4843911960344569 1.549461322982093
1.81702199618007 0.4868552557200099 1.552244466465983
1.822512696253255 0.4886672151872097 1.554303896292043
1.826510194069133 0.4899940853478993 1.55581876209584
1.829416137445889 0.4909627374962787 1.556928234375441
1.831526314904284 0.4916683239152655 1.557738272229111
1.833057382079143 0.4921814456147961 1.558328330300321
1.834167654537386 0.4925541635307266 1.558757444891923
0.4016335342284706 0.2989183157733562 1.689908248113785
0.402726190760244 0.2989780472562274 1.68932445615116
0.4042326610119348 0.2990599180740734 1.688520413233905
0.4063083462426408 0.2991718366513129 1.687414192458382
0.4091657525274587 0.2993242477607507 1.685894459123555
0.4130944604994212 0.2995307761260903 1.683810890866763
0.4184870155605435 0.2998087405673124 1.680962313071229
0.4258718378628822 0.3001795645499373 1.67708297811012
0.4359531804926912 0.300668641236295 1.671828349486271
0.4496569313726045 0.30130456087097 1.664763936823107
0.4681773436425603 0.3021176692333113 1.655364478841727
0.4930137413873427 0.3031389142335807 1.643036768728048
0.5259766508708099 0.3044018623485946 1.627187065134322
0.5691290033693563 0.3059530369553606 1.607359756299064
0.6246120774316477 0.307875868869677 1.58346747325119
0.6942979527206411 0.3103260296470027 1.556094283845666
0.779651020049261 0.3135725502195784 1.526632578536794
0.8790532121481263 0.3193863272682553 1.498624130701572
0.991092252505109 0.3286128623319572 1.475258386884589
1.110352352673274 0.3413713504896786 1.460110039672786
1.230090577081139 0.3570258130704833 1.453792508400784
1.343589104050787 0.3749150902933159 1.455955474899572
1.445497757087692 0.3936810458419239 1.465033854451873
1.532395271876619 0.4132531252294873 1.478645060583203
1.603890131597717 0.4311092686898016 1.493087654115363
1.660911111819375 0.4464217433815119 1.506799975895156
1.70525765837746 0.4590371214510997 1.518910708443304
1.739093238857676 0.4691036430527528 1.529053930004581
1.764543949586155 0.4769394825428744 1.537223453066651
1.783488303851778 0.4829248441826705 1.543616710938079
1.797482396479022 0.4874323777479033 1.548515414966383
1.807762666725689 0.4907913827403415 1.552211440248445
1.815284510283742 0.493275155174499 1.554968843074938
1.820772104000865 0.4951012801104181 1.557009171446802
1.824767218449219 0.4964383269764334 1.558509942888975
1.8276713416958 0.4974142915602965 1.559609058327837
1.829780135046941 0.4981251325248552 1.560411508613103
1.831310152871539 0.4986420296737614 1.560996020138747
1.832419631891697 0.4990174610919689 1.561421086585054
0.3995296465678109 0.3017218968768619 1.693891250103986
0.4006240346868021 0.3017827569710399 1.69330872790334
0.4021329339837227 0.3018661776655246 1.692506398407823
0.4042120208924954 0.30198021479853 1.691402478901946
0.4070741772582325 0.3021355073425364 1.689885818255673
0.4110094971588189 0.302345922649269 1.687806316280526
0.4164112115800326 0.3026290788437412 1.684963055492812
0.4238086449400718 0.3030067391605115 1.68109055153758
0.4339072032141983 0.3035046519274185 1.675844478641644
0.4476341836675747 0.3041517165774617 1.668790380834184
0.4661854504048719 0.3049784534366134 1.659402633889664
0.4910619726705555 0.3060157686048301 1.647086918187446
0.5240756378081829 0.3072969923487337 1.63124713674
0.5672899945374631 0.3088685448370633 1.611423533837581
0.6228457312009302 0.3108147420410625 1.587522471450067
0.6926129358052603 0.3132944799625719 1.560119964672458
0.7779173678966904 0.3165788179102061 1.530643701044551
0.8775380682243235 0.3224665049087749 1.502502397498551
0.9896522832543422 0.3318124470214578 1.479025863759751
1.108974021422377 0.3447422724867816 1.463754414579579
1.22875988486167 0.3606102478635623 1.457308649079035
1.342286092861974 0.3787441702586973 1.459338403869681
1.444205727583235 0.3977640496533466 1.468287336617033
1.531085298377333 0.4175932188687105 1.481777086981231
1.602563866441578 0.4356557057375798 1.496094124713337
1.659570787057177 0.4511228608481006 1.509685252250849
1.703905399730383 0.4638520030467088 1.521687689425517
1.737731034007155 0.4740012332553317 1.531739525980554
1.76317360821256 0.4818967895374232 1.539835042462036
1.782111415711685 0.4879251024272087 1.546170127316578
1.796100312738828 0.4924634693529888 1.551024083504078
1.806376505357218 0.4958445916875249 1.554686223531708
1.813895177585928 0.4983442259241651 1.557418258556609
1.819380321941902 0.5001817281848949 1.559439751711775
1.823373555751799 0.501526936594667 1.560926623008523
1.826276241419487 0.50250875788603 1.562015524546801
1.828383940329179 0.5032238026108129 1.562810493420866
1.829913127367515 0.5037437172704623 1.563389537779682
1.831021977448029 0.5041213153860765 1.563810615376967
0.3979048655938758 0.3038592176595972 1.697374115380796
0.3990006777671105 0.3039206393844676 1.696793572867093
0.4005115744753603 0.3040048305322965 1.695993939112624
0.4025934576920783 0.3041199177968819 1.694893680244426
0.4054595166432458 0.3042766319220339 1.693381970272374
0.4094002638579236 0.3044889497494642 1.691309127563839
0.4148094864842367 0.3047746175020355 1.68847475512859
0.4222172371600678 0.3051555276117863 1.684613989452406
0.4323298403872279 0.3056575363582091 1.679383187744496
0.4460756974658872 0.3063095867359573 1.672348541017353
0.4646518991464167 0.3071421310501579 1.662984828275782
0.4895606008573726 0.3081858892270571 1.650697515585691
0.5226145437990857 0.3094740246354828 1.634889090202952
0.5658773983134073 0.311053278908372 1.615096409959303
0.6214888741413489 0.313009754603565 1.59121972646359
0.6913169077732128 0.315506963636377 1.563825970838443
0.7765718625813942 0.3188201482991799 1.534367971539994
0.8763639694970161 0.3247720337479666 1.50613907829886
0.9885308466960667 0.3342238313355173 1.482581977535726
1.107894760168779 0.3473061980986634 1.467205368464914
1.227713060216424 0.3633613947691346 1.460637147555381
1.341257182998526 0.3817061078875715 1.462529337722944
1.443182756874803 0.4009412116180278 1.471337317101553
1.530046177036054 0.4209840545578432 1.484690691067944
1.601511081760274 0.4392158740254266 1.498868351625458
1.658506751375788 0.4548086199435353 1.512327887137447
1.70283209641174 0.4676293024506513 1.524214865341114
1.736650153055689 0.4778445432406269 1.534170555338615
1.762086597728952 0.4857874202405562 1.542188967487154
1.781019502190234 0.4918495607200075 1.548463883973661
1.795004517113908 0.4964120865997351 1.553271808766326
1.805277663051577 0.4998104644446859 1.556899234202668
1.812793962496912 0.5023224297150103 1.559605361068742
1.818277270121367 0.5041687505404577 1.561607663528097
1.822269089869845 0.5055202690966768 1.563080398285257
1.825170691423557 0.5065066088467631 1.564158927275402
1.827277562512861 0.5072248907355771 1.564946307330046
1.828806119275989 0.5077471251863619 1.56551981127855
1.829914490822427 0.5081263865041482 1.565936849830026
0.3966849819962336 0.3054482387106827 1.700409138166008
0.3977819347081754 0.3055097708255947 1.699830923968611
0.3992944312436055 0.3055941126727663 1.699034470234118
0.4013785536071066 0.3057094015299931 1.697938543970139
0.4042477353955912 0.3058663800497548 1.696432715774671
0.4081928202003023 0.3060790314809319 1.6943678198172
0.4136080315999155 0.3063650999155392 1.69154411113404
0.4210239873939671 0.3067464502563818 1.687697522248319
0.4311477126312091 0.3072488700128206 1.68248532242611
0.4449084280722752 0.3079011693383114 1.675474640089207
0.4635040933554347 0.3087335975673918 1.666141008413252
0.4884376268040545 0.3097766631311575 1.653890069994655
0.5215221692488108 0.3110635394642557 1.638123268515606
0.5648211028612679 0.3126417582395736 1.618374310812049
0.6204729119361382 0.314599990999938 1.594537249148348
0.6903434343595082 0.317107328142806 1.567169296631861
0.7755474724951619 0.3204445147383435 1.537740824785319
0.8754710717328746 0.326454265016694 1.509446752306318
0.9876718458697842 0.3360014278078379 1.48582148518966
1.107062117353701 0.349220249636828 1.470346891443657
1.226900610320708 0.3654400927033784 1.463659318830543
1.340454753535816 0.3839672520687059 1.465414760206714
1.442381969896489 0.4033863627299593 1.474081323032264
1.529230251773262 0.4236091883172206 1.487297666577906
1.600682808460985 0.4419831893963023 1.501337373037339
1.657668585220449 0.4576811683172742 1.514668363236904
1.701985960790129 0.4705783973476916 1.526443631257173
1.735797608920494 0.480848733700849 1.5363069574273
1.761228930791442 0.4888310421169039 1.544251694253556
1.780157770727493 0.4949213313342223 1.550469349522879
1.79413958498494 0.4995039374698184 1.55523360011814
1.80441022799121 0.502916644449213 1.558828164570903
1.811924582569275 0.5054388420830849 1.561509809701682
1.81740638680469 0.50729247644848 1.563494002578578
1.821397050065385 0.5086492259155749 1.564953411149523
1.824297765345249 0.5096393100393352 1.566022170311599
1.826403959790782 0.5103602738014016 1.566802407278001
1.827932001375651 0.5108844297130714 1.567370699085966
1.829039981727993 0.5112650684208376 1.56778393967242
0.4755590710252736 -0.1572308452296539 1.110034449727562
0.4767337937305084 -0.1575179633055205 1.109794214912441
0.4783472145169159 -0.1579124732681101 1.109465133833474
0.4805615592187539 -0.1584542576001957 1.109015114532022
0.4835975034185899 -0.1591976640699039 1.108401201775157
0.4877541166782812 -0.1602166374697854 1.107566443187411
0.4934341861709859 -0.161611222221686 1.106436529645936
0.5011758393728367 -0.1635159692347067 1.10491660864461
0.5116897531915171 -0.1661101963186772 1.102889580200141
0.5258995733462238 -0.1696299361683823 1.100218156838152
0.5449788434304833 -0.1743804437984535 1.096754783291042
0.5703708749296764 -0.1807467114464734 1.092365671833707
0.6037681615236955 -0.1891967897853598 1.086977030574066
0.6470159290675165 -0.2002694907690314 1.080650392851881
0.701896885722884 -0.2145335559954895 1.073685531649801
0.7697641754149861 -0.2325044894003226 1.066727351973325
0.8510366421877077 -0.2545111413812468 1.060818404888685
0.9446657924045923 -0.2805258360502478 1.057309932609175
1.047798462334078 -0.3100090179813053 1.057567080917331
1.155898646366843 -0.3418530259141054 1.062516177952443
1.263449135729376 -0.3745003446060928 1.072237839377983
1.365045567069678 -0.4062336211901398 1.085858228977794
1.456443458400292 -0.4355302886198678 1.10182808713289
1.535149846737349 -0.4613323436532307 1.118424958007033
1.600437971838317 -0.4831414440153617 1.134204458489656
1.652950279796831 -0.5009517647550426 1.148228439809142
1.694157358268386 -0.5150965381428501 1.160069223317933
1.725875819165843 -0.5260857824660061 1.169686225614495
1.749932426367279 -0.5344795908063097 1.177272726856282
1.767975142404152 -0.5408085815049222 1.183128710344051
1.781394665764528 -0.5455345390511904 1.187576633648034
1.791313826534327 -0.5490380352231639 1.190915120731093
1.798612124788793 -0.5516214061284898 1.193399088528845
1.803963981673542 -0.5535187946705207 1.19523545430177
1.807878823481346 -0.5549083438314742 1.196586722086512
1.810737323916533 -0.5559238062551689 1.197577631620103
1.812821800289989 -0.556664761712353 1.198302490027662
1.814340352304114 -0.5572047884397756 1.198831753125478
1.815445863728831 -0.55759806577385 1.199217700804134
0.4780761112859936 -0.1493936250035945 1.113460931609345
0.4792464844294456 -0.1496774495347188 1.113216073647061
0.480854015639945 -0.1500674626636166 1.112880619791735
0.4830604059829494 -0.1506031168908389 1.112421815893784
0.4860856439056069 -0.151338188595753 1.111795798536841
0.490227913985184 -0.152345865717175 1.110944365122803
0.4958888901040946 -0.1537252095858895 1.109791493341969
0.5036053462639138 -0.1556095186954961 1.108239987946486
0.5140863997899044 -0.1581765654892171 1.106169561962204
0.5282540517050811 -0.1616605624889163 1.103438625190104
0.5472803809213447 -0.1663647744660856 1.099893887064386
0.5726078978064939 -0.1726722864473121 1.095394066462354
0.6059296972976411 -0.1810498085288755 1.089855905373237
0.6490939621633715 -0.1920361348902471 1.083329603141988
0.7038896586526949 -0.2062023437433274 1.076102553099734
0.7716798899424393 -0.2240696719122618 1.068808232727987
0.8528962897505022 -0.2459766276261934 1.062482171588803
0.9465031518906977 -0.2719082865331234 1.05847739665452
1.049655470396826 -0.3013381030568613 1.058173158840145
1.157816185285661 -0.3331673177368876 1.062522176782703
1.265456557193354 -0.3658394414518804 1.071638742074461
1.367154326692896 -0.3976297226864021 1.084681965386982
1.458648025866591 -0.4270030047969286 1.100127979710994
1.537434057270058 -0.4528882477652929 1.116269262769139
1.602782280229787 -0.4747770699064647 1.131666537834734
1.655336736156774 -0.4926577219491081 1.145379324042233
1.696571752872585 -0.5068610661649752 1.156972934727049
1.728307903734642 -0.5178971256059217 1.166397510437664
1.752375257007126 -0.5263272636473435 1.173836572774586
1.770424220463406 -0.5326838510139033 1.179580984668055
1.783847176318672 -0.5374304490639636 1.183945281993347
1.793768061561505 -0.5409492101753579 1.187221542396987
1.801067082626478 -0.5435437784422655 1.18965945941191
1.806419099639918 -0.5454493313011385 1.191461884879206
1.810333805154247 -0.5468448084079359 1.192788212536912
1.8131920310441 -0.5478645605681731 1.193760837652393
1.815276184874966 -0.5486086133375742 1.194472312736501
1.816794416456593 -0.5491508721996815 1.194991792700721
1.817899633724637 -0.5495457567157426 1.195370594486772
0.4806287915711029 -0.1409543528904017 1.118029644654409
0.4817943176372318 -0.1412357643507693 1.117780291783247
0.4833952847034786 -0.1416224872066424 1.117438636114355
0.4855928079935031 -0.1421536610858555 1.116971273715058
0.4886061082892749 -0.1428826476861847 1.116333446952529
0.4927323804025258 -0.1438820839521968 1.115465717326777
0.4983720513564821 -0.1452503143253247 1.1142903596957
0.506060376347273 -0.147119719245644 1.112707834089926
0.5165047180228769 -0.1496669282999338 1.110594635248121
0.5306252204322442 -0.1531247853568902 1.107804778394051
0.54959230091232 -0.1577950094211241 1.104179030833783
0.5748475547880036 -0.1640590942822279 1.099568207873942
0.6080847662766578 -0.1723823761843312 1.093878840439084
0.6511555476695309 -0.1833028929213343 1.087148547072322
0.705856215909006 -0.1973921334452909 1.079650427073006
0.7735617612177533 -0.2151734436874769 1.072003891244896
0.8547194147494843 -0.2369894047197497 1.065234298164286
0.9483096000508558 -0.2628307174399542 1.060693447779295
1.051498469859473 -0.2921766605144417 1.059772879072313
1.15974934683143 -0.3239325362081286 1.063452159685825
1.267520897707015 -0.3565427297244085 1.071882452588382
1.369369462686281 -0.3882804948461634 1.084261171639594
1.461011772685729 -0.4176077003426681 1.099095977258105
1.539928959037059 -0.4434512123534378 1.114699711196518
1.605384087031014 -0.4653020144518351 1.129641964989905
1.65802092456335 -0.4831486627348071 1.142981769700688
1.699317003684369 -0.4973225068199849 1.154277653851313
1.731097226601457 -0.5083337833289662 1.163469620235955
1.755195814612263 -0.5167436914896463 1.170730012491669
1.773266637103248 -0.5230841525060561 1.17633899086458
1.786704752559686 -0.5278181334301292 1.180601664258438
1.79663607845433 -0.5313271639317596 1.183802252960259
1.803942250055228 -0.5339143091466644 1.186184146873126
1.809299139990736 -0.5358142450473975 1.187945274589453
1.81321715003481 -0.5372054988019006 1.189241254489517
1.816077605688111 -0.5382220893511829 1.190191632282005
1.81816325554795 -0.5389637837155856 1.190886825743316
1.81968248511057 -0.5395042876786127 1.191394406351542
1.820788362878622 -0.5398978695209811 1.191764518476038
0.4831598926515668 -0.1320048393772177 1.123955728454715
0.4843201044735166 -0.1322849500029826 1.123701676495535
0.4859138745519327 -0.1326699058092264 1.123353533910343
0.4881016751374431 -0.1331986804994958 1.122877214344391
0.4911018839739203 -0.1339244168275857 1.122227019049891
0.495210607710863 -0.1349194568335674 1.121342206764479
0.5008269006483598 -0.1362817567409197 1.120143252628801
0.5084843425542944 -0.138143187322458 1.118528130907519
0.518888355416888 -0.1406797183055561 1.116369910985081
0.5329570226607289 -0.1441233499909628 1.113517908162634
0.5518589108804486 -0.1487747386445546 1.109806497566096
0.5770345952602598 -0.1550140552391168 1.105077934141699
0.6101786559429622 -0.1633050121018407 1.099227600335331
0.653146656125785 -0.1741836500041102 1.092279255585369
0.7077434716232189 -0.1882190231640396 1.084490086041404
0.7753581347513303 -0.205931535967515 1.076463632087445
0.8564566475912022 -0.2276603807246965 1.069213497139742
0.9500393718825599 -0.2533927563876131 1.064089555287772
1.053287047918785 -0.2826050769060219 1.062496538083113
1.16166499650581 -0.314201583225661 1.06544368892097
1.269617988922461 -0.3466287384093012 1.073123310603766
1.371676815389777 -0.37816596871321 1.084775654540493
1.463530742658828 -0.4072851344985035 1.098943492513692
1.542640213409451 -0.4329249404496872 1.113962037902997
1.608257553223106 -0.4545871600485337 1.128410251304596
1.66102414458033 -0.4722678168730845 1.141346126377525
1.702420175667426 -0.486301671011603 1.152320314604225
1.734275373929425 -0.4971989119922554 1.161261425615409
1.758429154167857 -0.5055184263170808 1.168329430124386
1.776540066239764 -0.511788721390517 1.173792753509318
1.790007022565583 -0.516469095767729 1.177946235168299
1.79995895099632 -0.519937655131912 1.181065574643098
1.807279763771679 -0.5224945148924464 1.183387348423337
1.812647017348415 -0.5243719347371958 1.185104176422354
1.816572340293747 -0.5257465296803358 1.186367612237016
1.819437943053574 -0.5267508380585311 1.187294138328862
1.821527207605328 -0.5274835005364933 1.187971879092019
1.823048971297358 -0.5280173753853713 1.188466706433762
1.824156622098256 -0.5284060988200985 1.188827506158667
0.4856060768154183 -0.122685496680297 1.131453071083157
0.4867606084540242 -0.1229654047392186 1.131193443996563
0.488346687400147 -0.1233500964420921 1.13083760852985
0.4905240990600624 -0.1238785230895106 1.130350673168514
0.4935103202945948 -0.12460379843688 1.129685830300652
0.497600293816797 -0.1255982159345133 1.1287808087962
0.5031916039359261 -0.1269596553363563 1.127553977826303
0.5108160332658144 -0.1288198566993045 1.125900417351598
0.5211769178551662 -0.1313545615585356 1.123689233802437
0.5351901214892737 -0.1347953627761372 1.120764349686053
0.5540222160951778 -0.1394421849172165 1.116952882464202
0.5791126936784133 -0.1456738912271626 1.112087498124239
0.6121570749115337 -0.1539519127023305 1.106051304660966
0.6550154358563505 -0.1648084316483108 1.098853152840611
0.7095024819176575 -0.1788063441401401 1.090733673478587
0.77702355315731 -0.1964569507470865 1.082280824582305
0.8580667656035379 -0.2180874094343486 1.074498300117007
0.9516564147935234 -0.2436713846161815 1.068737900561175
1.054991349551245 -0.2726735958743969 1.066423201060826
1.163540360971367 -0.3039931182427748 1.068599330027927
1.271732584100758 -0.336081864956516 1.075504476284376
1.374068479653696 -0.3672363777135752 1.086423263906754
1.466203591875039 -0.3959540289091557 1.099931552493098
1.545571889928612 -0.4212009802334812 1.114382536210464
1.611410926446812 -0.4425018601183645 1.128359592760608
1.664357707083594 -0.4598671370447214 1.140915553290431
1.705894745361018 -0.4736372605624172 1.151590465298385
1.737857318180119 -0.4843213181528672 1.160300145375103
1.762091268316107 -0.4924729770098908 1.167191758228189
1.780261192674184 -0.4986137256007366 1.172522138904905
1.793771140710209 -0.5031956126243534 1.17657627865758
1.803754153057501 -0.506590132193583 1.179621863137696
1.811097315960475 -0.5090917915445958 1.181889144507573
1.816480573714609 -0.5109283078080924 1.183565859257285
1.820417321276883 -0.5122727291769757 1.184799843560996
1.823291059969874 -0.5132548525678204 1.185704791476638
1.825386107494132 -0.513971242634215 1.186366744808739
1.826911975944861 -0.5144932032681852 1.186850035647975
1.828022536368147 -0.5148732146001128 1.187202410039154
0.487904695470307 -0.1131805741549011 1.140713707185191
0.4890534652355712 -0.1134604643617951 1.140447146333616
0.4906317485767648 -0.1138451415798888 1.140081750928974
0.4927986381556535 -0.11437355393719 1.139581637426553
0.4957707029540123 -0.1150988077059679 1.138898636225152
0.4998417130171327 -0.1160931680651702 1.137968606946793
0.505407772564446 -0.1174544490864122 1.136707361910286
0.5129988560587944 -0.1193142438026891 1.13500649730599
0.5233162046916155 -0.1218479877761468 1.132730402986662
0.5372734642158433 -0.1252866639452711 1.1297166772346
0.5560352452876302 -0.1299290282003807 1.125784088093417
0.5810400703637582 -0.1361517867761724 1.120754543382377
0.6139846912847732 -0.1444125631391605 1.11449782856234
0.6567343288366615 -0.1552371347131918 1.107007341201271
0.7111147232199068 -0.1691783222251189 1.0985077237937
0.7785495166291403 -0.1867328722100441 1.089573827478906
0.8595517371574759 -0.2082092883636199 1.081204548718919
0.9531727571185102 -0.2335611655125437 1.074761484253339
1.056631952145943 -0.2622372737432681 1.07169652986107
1.165401909876024 -0.2931319939413913 1.07309913574097
1.273893537700781 -0.3247092119536125 1.079257519763536
1.376571955297196 -0.3552942016450198 1.089498532404881
1.469053217842883 -0.383423511003414 1.102423367899223
1.548740057412457 -0.4081029069431495 1.116392775003709
1.614852403683224 -0.4288881302000184 1.129984764165191
1.668021911034939 -0.4458079062655685 1.14223994725438
1.709733774449392 -0.4592085457580539 1.152683930169177
1.741829895947238 -0.4695958839664119 1.16121855214113
1.766163876667444 -0.4775151145194008 1.167978714866698
1.784407665915429 -0.4834772075309417 1.173211093442152
1.797971595636018 -0.487923707645783 1.177192559886026
1.807993760977085 -0.491216708371233 1.18018447059355
1.815365165186459 -0.4936428378334992 1.182412231570625
1.820768710448297 -0.4954234832537003 1.184059915528421
1.824719987928637 -0.4967267493519498 1.185272608304093
1.827604108665643 -0.4976786518566844 1.186161963362916
1.829706561307274 -0.4983728998111439 1.186812507218701
1.831237704569658 -0.4988786651864893 1.187287457394295
1.832352018014347 -0.4992468444346468 1.187633735760001
0.4900078485030583 -0.1036753272610108 1.151862362614274
0.4911511428211783 -0.1039535579032462 1.151587388219153
0.4927220314593799 -0.1043359663780818 1.151210400075603
0.4948789585931607 -0.1048612708254418 1.150694320209425
0.4978376460014123 -0.1055822604343212 1.149989344051356
0.5018907727075117 -0.1065707513160838 1.14902909772306
0.5074330720848579 -0.1079239221020449 1.147726356575201
0.5149928542795321 -0.1097724523791968 1.145968612482192
0.5252694525967956 -0.1122904500824983 1.143614759266065
0.539174535058538 -0.115706944279492 1.140495134520789
0.5578710587580291 -0.1203177880661192 1.136419111959639
0.5827969755829586 -0.1264953572158359 1.131196827467213
0.615650801971235 -0.1346908588777826 1.12468405645856
0.658303639478456 -0.1454207415834998 1.116858910808051
0.712593289598946 -0.1592248243589079 1.107931867528146
0.7799630528511697 -0.1765829550413583 1.098469132464446
0.8609524239351226 -0.1977840766068515 1.089472683839157
0.9546411487756796 -0.2227632072999557 1.082325040731623
1.058269382496138 -0.2509577246325136 1.078518831786505
1.167311939536516 -0.281264782631473 1.079197655028179
1.276157975034095 -0.3121693744673015 1.084702656885477
1.379232702973718 -0.3420343153802126 1.094396706130856
1.472108611015206 -0.3694419347627004 1.106892725194824
1.55215474476998 -0.3934410475833224 1.120542651391891
1.618572781605166 -0.4136189439767812 1.133904762776188
1.671989697163522 -0.4300209141921006 1.145997793477825
1.713894659365122 -0.4429963387214867 1.156328296213093
1.746137599765119 -0.4530447202324465 1.164783462496767
1.770581129792228 -0.4606998966330709 1.171487691151398
1.78890556039775 -0.4664598562119062 1.176680396957038
1.802528274528571 -0.4707536455467555 1.180633503832839
1.812592987892781 -0.4739323987975378 1.183604998176282
1.819995029817131 -0.4762736743193742 1.18581797580675
1.825420552535491 -0.4779916338113749 1.187454908137185
1.829387551174006 -0.4792487702992653 1.18865975244589
1.832282893126378 -0.4801668256815237 1.18954336633321
1.834393341807805 -0.4808362898732551 1.190189702373096
1.835930175770492 -0.4813239370362706 1.190661566426703
1.837048534860094 -0.4816788844935695 1.191005577737434
0.4918928393083308 -0.09430113007186092 1.164936339928743
0.4930311551704467 -0.09457416620445185 1.164652283581633
0.4945953407744941 -0.09494945507315006 1.164262781623565
0.4967432666749549 -0.0954650018847399 1.163729468258352
0.4996899104811126 -0.09617262394753885 1.163000777942443
0.5037270002912515 -0.09714280682401953 1.162007935161277
0.5092480884138428 -0.0984709161355875 1.160660457232346
0.516780074831484 -0.1002851635677234 1.158841447784539
0.5270207214218982 -0.1027563113689915 1.156403952765583
0.5408801572707501 -0.1061088772336051 1.153170638145887
0.5595202477542094 -0.1106326831749134 1.148941053449409
0.5843790779435216 -0.1166921514211394 1.143513215243603
0.6171577854046476 -0.1247282319049552 1.1367288346044
0.6597343466766746 -0.1352445946138247 1.12855135811624
0.7139596872361406 -0.1487660449230115 1.1191789894476
0.7812977054578599 -0.1657564301325417 1.109173223479803
0.8623148057822684 -0.1864905082922616 1.099545759703469
0.9561184968675802 -0.210895457221259 1.091709325861859
1.059967499516356 -0.2384125025606845 1.0872076462182
1.169334926576455 -0.2679581388118184 1.087246555268635
1.278583294455631 -0.2980517106761885 1.092221959694351
1.382093604929407 -0.3270996640209141 1.101526149118616
1.475392517290506 -0.3537281599449073 1.113770223757098
1.555815614083487 -0.3770213031101034 1.127281209411352
1.622548329093341 -0.396587965001283 1.140583641591941
1.676215616424569 -0.4124808188367002 1.152665123546417
1.718313044733995 -0.425045422013917 1.163008978628396
1.750700381392176 -0.4347705468987293 1.171487520432811
1.775250405646143 -0.4421762905694371 1.178216821169088
1.793652438906284 -0.4477466302517646 1.183432304997814
1.807331224193216 -0.4518978780401731 1.187404431906043
1.817436205792299 -0.4549703721249639 1.190391032001022
1.824867041196085 -0.4572329254714913 1.192615627363925
1.830313086347361 -0.4588928305645829 1.194261304905519
1.834294677559237 -0.4601072963977968 1.195472632566897
1.837200375771444 -0.4609940669819247 1.196361004023476
1.839318163130634 -0.4616406346442257 1.197010804344629
1.840860191373525 -0.4621115477322883 1.197485178323775
1.841982222834422 -0.4624542755817834 1.197830999462276
0.4935695089212019 -0.08505862224324225 1.179871406631743
0.4947031898206908 -0.0853223530465104 1.17957828303054
0.4962611555856625 -0.08568488112625768 1.179176282214067
0.498400759422289 -0.08618293782393271 1.178625748891837
0.5013363138625486 -0.08686660882264229 1.177873354158306
0.505358706129546 -0.08780402823511206 1.176847917415644
0.5108604609634019 -0.08908738826660616 1.175455693938432
0.5183672809959441 -0.09084064347201787 1.173575396136458
0.5285756502979578 -0.09322889992491078 1.171054224686021
0.542394560587946 -0.09646925884315848 1.167707193058239
0.5609853270345507 -0.1008419999998179 1.163324087464408
0.5857868822249399 -0.1066996030858305 1.157690960492074
0.6185038936214718 -0.1144686748051877 1.15063581512241
0.6610222966263272 -0.124636707527616 1.142108185463891
0.7152072965405828 -0.1377120740911527 1.132295471670781
0.7825443570869887 -0.1541449234626875 1.121757085314333
0.8636271186178871 -0.1742035677569403 1.111518644589271
0.9575899491711527 -0.1978211997889078 1.103028859517456
1.061707538146799 -0.2244612652249995 1.097888949160589
1.171447095031288 -0.2530781438628552 1.097371826136275
1.281139653481934 -0.2822385974377084 1.101928710783638
1.385118107429685 -0.3103963453085103 1.110976011871268
1.47886164924964 -0.3362156742684719 1.123112871852528
1.559673202895322 -0.3588045493515366 1.136629615343379
1.62672432953611 -0.3777808579227622 1.150006958434724
1.680640731338925 -0.3931941961886039 1.162194910122758
1.722926738878424 -0.405379163402299 1.17265087901207
1.755453607774837 -0.4148097673633639 1.181232503775426
1.780105270107646 -0.4219905917226492 1.188049455973926
1.798580551270434 -0.4273912184655 1.193335840667626
1.812311737427958 -0.4314155649810924 1.197363425881629
1.822454012829675 -0.4343938105010412 1.200392408800486
1.829911293530624 -0.4365867177558366 1.202648869921296
1.83537604055863 -0.4381953483089535 1.204318230317798
1.839370830169236 -0.439372168219358 1.205547012232532
1.84228582683059 -0.4402313550287902 1.206448171969112
1.844410155290687 -0.4408577411648218 1.207107301211117
1.845956779547218 -0.4413139050853648 1.20758846026353
1.847082035890358 -0.441645862212748 1.207939204046815
0.4950715511198916 -0.07578978307024115 1.196527141794359
0.4962005275668303 -0.07604121323847868 1.19622471204177
0.4977521907457189 -0.07638687041583565 1.195809878653367
0.4998833771957332 -0.07686180427194493 1.195241659863915
0.502807738540371 -0.07751381705767266 1.194464912963575
0.5068153310406237 -0.07840795169997145 1.193405983563896
0.5122976728964656 -0.0796322440279944 1.191967772764448
0.5197793095187306 -0.08130510397778845 1.190024480583507
0.5299555201880832 -0.08358432833267722 1.187417307745459
0.5437342868454926 -0.08667753980933825 1.183953427036768
0.5622765891300111 -0.0908530112069461 1.179412651888834
0.5870225546078919 -0.09644852308112976 1.173568877025227
0.6196809168066848 -0.1038735781441586 1.166236305660588
0.6621463449679551 -0.113597276132269 1.15735073924328
0.7162993551482797 -0.1261107245923458 1.147089511396703
0.7836481863270633 -0.1418519256687436 1.136011652540724
0.8648148823589917 -0.1610874500696035 1.125159786822099
0.9589614055801297 -0.1837642573564301 1.11602321980804
1.063378238580592 -0.2093773221548445 1.11026620839893
1.173525264701101 -0.2369271892553675 1.10923357839979
1.283699481715766 -0.2650329511982792 1.113433727104947
1.3881826869086 -0.2921965541158004 1.122304508973972
1.482404104140367 -0.3171187301893797 1.134426321851096
1.563632553897969 -0.3389289291564604 1.148044175002844
1.63102532931963 -0.357252163113031 1.161587180962686
1.685209193206316 -0.3721336940194564 1.17396244152855
1.72769789777282 -0.3838961881762514 1.184598912456885
1.760374946905816 -0.3929978891553461 1.193339231599139
1.785136152115275 -0.3999267437263171 1.200287723382194
1.803690476086748 -0.4051367462521102 1.205678877035133
1.817478268881638 -0.4090182598956499 1.209787624440073
1.827660866125991 -0.4118902592603588 1.212878259293862
1.835146758617864 -0.4140045659237561 1.215180901398921
1.840631750087042 -0.4155552831663332 1.216884509382259
1.844640831729849 -0.4166895617787902 1.218138504910782
1.847565899924198 -0.4175175675261732 1.2190581317211
1.849697314378803 -0.4181211365569316 1.219730735429792
1.851248918037606 -0.4185606236327319 1.220221700163003
1.85237766820071 -0.4188804032663876 1.22057956460016
0.4964352359715727 -0.06622409727083879 1.214726848385693
0.4975590646673932 -0.06646204571454167 1.214414177943893
0.4991038291159887 -0.06678921147445752 1.213985222111149
0.5012257982907241 -0.0672388023337249 1.213397539277147
0.504137896818322 -0.06785612049922896 1.21259399085085
0.5081292648162592 -0.06870282838712516 1.211498201897465
0.5135903069900282 -0.069862422327352 1.210009387194218
0.5210442811277858 -0.07144726815317907 1.207996792817243
0.5311851107710209 -0.07360721529160676 1.205295042355722
0.5449196079838646 -0.07653961559934153 1.201702732547228
0.5634082746151706 -0.08049978763744246 1.196988804136326
0.5880923625634441 -0.08580973742473227 1.190913962904229
0.6206847651250996 -0.09286071901489025 1.183277565316523
0.6630892831654742 -0.1021023062309997 1.174000878755769
0.7172026306692483 -0.1140072610649851 1.163251086287593
0.7845573781450976 -0.1290003014125757 1.151588182097497
0.8658062730897779 -0.1473446867956463 1.140075371951501
0.9601417073531139 -0.1689985825251159 1.130248816767901
1.06487267151496 -0.1934847108136206 1.123844145014625
1.17545327140961 -0.2198457041905283 1.122286316556452
1.286145902677626 -0.2467509701213531 1.126145790653488
1.391178438740472 -0.2727533309499096 1.134881012687274
1.485925925982971 -0.2965980508061506 1.147047264880973
1.567618825679632 -0.3174476019232134 1.160835069749446
1.635396883242679 -0.3349456163410691 1.174613222778842
1.689886008389093 -0.3491415819778965 1.187239694284844
1.732608708553616 -0.3603507166340385 1.19811167939558
1.765460958186102 -0.3690163252204167 1.207055850825589
1.79035117298618 -0.3756080421874736 1.214171695230039
1.808999376235682 -0.3805612998290238 1.219695318552468
1.822854908450074 -0.3842495373057898 1.223906269322053
1.833086084171844 -0.3869773072128961 1.227074330182184
1.8406066590985 -0.3889846878770702 1.229434866681691
1.84611632982201 -0.3904565186049195 1.231181360317041
1.850142927856055 -0.3915328082077942 1.232466908370068
1.853080403666275 -0.3923182982250445 1.233409636782766
1.855220592222101 -0.3928907566899499 1.234099094715777
1.856778392881271 -0.3933075109147964 1.234602324965991
1.857911513761981 -0.3936106977592468 1.234969098208369
0.4976870693411322 -0.05598525314086264 1.234242848207084
0.4988051429873848 -0.0562101985066741 1.233918233173543
0.5003421865597073 -0.05651952813559524 1.233472807853947
0.5024538270757377 -0.05694467155496259 1.232862431579765
0.5053521635745044 -0.05752851540912477 1.232027643345887
0.50932529005369 -0.05832945318777738 1.230888906848047
0.5147623290474096 -0.05942658556239441 1.229341158500534
0.5221850357318387 -0.06092641410112702 1.227247905546037
0.5322857121926032 -0.06297105391235075 1.224436171083598
0.5459696878251556 -0.06574781441002728 1.220694675111452
0.5643966483996017 -0.06949925306946951 1.215779895253247
0.5890086637617878 -0.07453164505455703 1.209437521964281
0.6215226300238071 -0.08121765908158164 1.201450184274546
0.6638516763738528 -0.0899862076154195 1.191723088097356
0.7179095705013319 -0.1012890983032317 1.180412803390638
0.7852550785757956 -0.1155327748164952 1.168081915702072
0.8665747561310746 -0.1329689643859729 1.155819003230528
0.9610955744109158 -0.153555537922222 1.145215501218915
1.066149302111684 -0.1768300124537439 1.138089396512109
1.17718706000257 -0.2018669294071135 1.135956306143204
1.288436438372408 -0.2273838910452353 1.139454829241712
1.39406785543254 -0.2519936245759575 1.148063124009825
1.489396558568664 -0.2745043474507808 1.160304339185393
1.571608907196507 -0.2941335286942435 1.174304798003636
1.639822739827794 -0.3105626048283204 1.188364146045695
1.694660662675199 -0.3238579431825065 1.201285166812869
1.737653160471873 -0.334332928147873 1.212430162411776
1.770709025189247 -0.3424160511388445 1.221608878226796
1.795750212177413 -0.3485554149180175 1.228916270899297
1.814508940866889 -0.3531631655526249 1.234590950518431
1.828444648116267 -0.3565908217023614 1.238918127951538
1.838733594121704 -0.3591239224021759 1.242174062836045
1.846295592930608 -0.3609869011996117 1.244600209237913
1.851834859037327 -0.3623521769167016 1.24639525009851
1.855882543642221 -0.3633501438096316 1.24771648739093
1.858835011767237 -0.3640782251890386 1.248685329732032
1.860985841486616 -0.3646086916752325 1.249393830741622
1.8625511855964 -0.3649947769159302 1.24991091405507
1.863689647030766 -0.3652755903453229 1.250287746691388
0.4988342594898946 -0.04454095948025934 1.254733332793943
0.4999460867603584 -0.04475439392267683 1.254394799576739
0.5014747450410528 -0.04504793047338673 1.253930188176909
0.503575159135208 -0.04545141816476345 1.253293383905853
0.5064585219798025 -0.04600559080795376 1.252422229744661
0.5104117739990405 -0.04676591857701623 1.251233525753645
0.5158226136653559 -0.04780755108477339 1.249617260093825
0.5232111082853288 -0.04923168051503218 1.247430321053631
0.5332677020364354 -0.05117334670825745 1.24449099808318
0.5468959512892773 -0.05381053545319944 1.2405767190228
0.5652543934737811 -0.05737370034984184 1.235429809763372
0.5897855886803386 -0.06215372458827261 1.228779074819403
0.6222102236835505 -0.06850423738184108 1.220388599087586
0.6644508712562516 -0.07683147746658028 1.210146225247914
0.7184391300894217 -0.0875616761850795 1.198197843807746
0.7857617904737314 -0.101074675043377 1.185110704151793
0.8671423320670908 -0.117598158932099 1.172003704926428
0.9618464198644215 -0.1370742300391131 1.160531327735079
1.067232592056226 -0.1590405653948751 1.152603059706477
1.178751104167683 -0.1825956637262977 1.149832898209567
1.290593594225822 -0.2065091372773379 1.152931027830046
1.396868721179596 -0.2294698814138391 1.161393434708202
1.492826180088231 -0.250372906937652 1.173705468368763
1.575603119615114 -0.2685145446581556 1.187922715703493
1.644292224672316 -0.2836319857417832 1.202270525398259
1.699511497657149 -0.2958183429625832 1.215493457704346
1.742799492567769 -0.3053879102113464 1.226917610400833
1.776078652274246 -0.3127523139660373 1.236335513459549
1.801285562149305 -0.3183335855288775 1.243837763240113
1.820165707851487 -0.3225152367948202 1.249665775824975
1.834189548277013 -0.3256217014055756 1.254110713177968
1.844542036522757 -0.3279149950638726 1.257455541112082
1.852149623829342 -0.3296001964858299 1.259947968880809
1.857721478999508 -0.3308343672722782 1.261791996416635
1.861792396450417 -0.3317360217414925 1.263149209337844
1.864761392506712 -0.3323935484015305 1.264144350817199
1.8669239604777 -0.332872435421696 1.264872013896188
1.868497630955721 -0.3332208697055104 1.26540302580994
1.869641991169938 -0.3334742305487678 1.265789965395121
0.499824373942095 -0.03142367263225531 1.275810804475924
0.5009298255333755 -0.03162699995475803 1.275457367978375
0.5024499291794233 -0.0319066640653097 1.274972208950486
0.5045388944802536 -0.03229111755955519 1.274307096714275
0.5074069902693232 -0.03281918451229066 1.273396984495087
0.51133997754944 -0.03354372889428978 1.272154745895401
0.5167240929671351 -0.03453635210078458 1.270465067079392
0.5240776595481991 -0.03589342985157435 1.268177747006343
0.5340891793348813 -0.03774349323766113 1.265101726235335
0.5476603127820882 -0.04025578514888097 1.261002354707419
0.5659482797523439 -0.04364910915129559 1.255606838340547
0.5903959252947079 -0.04819900659204618 1.248625964709424
0.6227275401846041 -0.05423923219904093 1.239804064179901
0.664875110020014 -0.06215090701005418 1.229010512352525
0.718788440139676 -0.07232973355206994 1.216379839983992
0.7860834399968851 -0.08512072708823513 1.202484143596519
0.8675225231667261 -0.1007160835588343 1.188474125824605
0.962412724082214 -0.119029206463176 1.176070281428863
1.068141765400576 -0.1395873720294181 1.167277666996652
1.180159843779329 -0.1615097697080256 1.163812777222755
1.292620966954118 -0.1836253196871526 1.166460209209187
1.399568338974955 -0.2047158822092221 1.174734539520937
1.496182008660088 -0.2237842144413546 1.187082384812739
1.579546988510231 -0.2402241985292701 1.201487073534606
1.648729620308465 -0.2538411642295718 1.21609844389877
1.704343490732385 -0.2647604099110581 1.229602157895504
1.747936112062352 -0.2732972250490067 1.241287768693644
1.781444627338328 -0.2798433011363423 1.250930330624995
1.806821175982753 -0.284790194442252 1.258615768698244
1.825825217882294 -0.2884882140959995 1.264587927567447
1.839938734804616 -0.2912305783757006 1.269143513044327
1.850355710301678 -0.2932523188803822 1.27257180227959
1.858009453893309 -0.2947363911821622 1.275126406223054
1.86361423068436 -0.2958223516727712 1.277016342598711
1.867708568704734 -0.2966152014204104 1.27840723761649
1.870694192303835 -0.2971930700879891 1.279426976821317
1.87286854565151 -0.2976137542470718 1.280172544092994
1.874450559255423 -0.2979197240247633 1.280716556997356
1.875600818247393 -0.2981421368360125 1.281112920797512
0.5005305205964355 -0.01652299085137173 1.297208540582543
0.5016298582273516 -0.01671700520370255 1.296840277140863
0.5031417728522654 -0.01698388285896485 1.296334662379739
0.5052197971803584 -0.01735078323329446 1.295641348661804
0.5080733258846518 -0.01785475677733992 1.294692393980628
0.5119870035733891 -0.01854623747801599 1.29339673121386
0.5173456809366744 -0.01949350032189672 1.291633713281506
0.5246660211359323 -0.02078837126621505 1.289245987754094
0.5346346661486948 -0.02255316930066998 1.286033029278783
0.5481514393183207 -0.02494867648887112 1.281747898159574
0.5663722457905253 -0.02818221384511867 1.276102312232673
0.5907401249861874 -0.03251384127445889 1.26878842820401
0.6229827646311517 -0.03825666169810598 1.259529851337784
0.6650412704893759 -0.04576476699000242 1.248176062246251
0.718883409317415 -0.05539967318362253 1.2348483298982
0.7861542420903326 -0.0674656476754869 1.22012142853297
0.867655648421903 -0.08211124893580699 1.205175985663336
0.9627370340102653 -0.09921199466782081 1.191797819189393
1.068816291537318 -0.1182771904314694 1.182088928220351
1.181343730091746 -0.1384442539865109 1.177871901338956
1.294434586598598 -0.1586065563199378 1.180010556463749
1.402064545529929 -0.1776511872181738 1.188042386789735
1.499342094015735 -0.1947043449395785 1.200377932289663
1.583299221132875 -0.2092718271504615 1.214929190849937
1.65297617266741 -0.2212369188518158 1.229770313983297
1.70898303467071 -0.2307616617301701 1.243527393644863
1.752877320981032 -0.2381626967345454 1.255452604033518
1.786611722575801 -0.2438095612792518 1.265302664713157
1.812154488535446 -0.2480599600768368 1.273158005572331
1.831279351531399 -0.2512274103903747 1.279264148173278
1.84547993485515 -0.2535706226436916 1.28392268567222
1.855959264058634 -0.2552948586452961 1.287428654888459
1.863657464323695 -0.2565587076947571 1.290041119680411
1.869293832939841 -0.2574824727191795 1.291973759648789
1.873410564556239 -0.2581563075912948 1.293395965114786
1.876412029818299 -0.2586470822330796 1.294438552162029
1.878597571276766 -0.2590041569678396 1.295200735299192
1.880187476394546 -0.259263736303233 1.295756802245703
1.881343294068367 -0.2594523526034596 1.296161895123475
0.5007947872071837 5.458516465410007e-05 1.318746486444352
0.5018885972783388 -0.0001305214253234514 1.318363753707316
0.503393132649908 -0.000385166970113019 1.317838160809066
0.5054613299753344 -0.0007352706218529553 1.317117280246278
0.5083018160367827 -0.001216179535558259 1.316130320194763
0.5121982556184882 -0.001875988907416958 1.314782326604151
0.5175342831809402 -0.002779762884823085 1.312947377316851
0.5248251023023065 -0.00401491718899055 1.310461021940187
0.5347557128117821 -0.005697713896941329 1.307113297300767
0.5482243060165826 -0.007980618625584416 1.302644937610818
0.5663856090090519 -0.01105954101296097 1.296752003367693
0.5906828433242014 -0.01517893041105418 1.289107609963037
0.6228468409603922 -0.02063067800498021 1.279413835723793
0.6648272750270334 -0.02774048458739743 1.267498909099865
0.7186090622469998 -0.036833020239603 1.253468823918734
0.7858655280870303 -0.04816735935619657 1.237898490281814
0.8674373382993791 -0.06184206417931049 1.221995926074603
0.9627159838444582 -0.07768725090574423 1.207610740881818
1.06914950847319 -0.09518761865057829 1.196942454747573
1.18218816942091 -0.1134960351880963 1.191922878703122
1.295907840518623 -0.1315738449778634 1.193499871380584
1.404215937795174 -0.1484232047970764 1.201238568196121
1.502149138207924 -0.1633069726840236 1.213516611370842
1.586687051950568 -0.1758553063605353 1.228176003756007
1.656845155182423 -0.1860381423282498 1.243215241957491
1.713231501832153 -0.1940584329098926 1.257200229836371
1.757414775078419 -0.2002346472341413 1.269344912304232
1.791363912678148 -0.2049123508074911 1.279386791254109
1.817063546330208 -0.2084125269471514 1.287399972428517
1.836301660178719 -0.2110088163955653 1.29363091830656
1.850583335192034 -0.2129225778930556 1.298385482228434
1.861120389922067 -0.2143268915377648 1.301963943827362
1.868859510385443 -0.2153540359586724 1.3046304054572
1.874524795301969 -0.2161035446698239 1.306602883385243
1.878661911195415 -0.2166495677491621 1.308054281252003
1.881677717087896 -0.2170468480142808 1.309118154611896
1.883873329743886 -0.2173356646234149 1.309895804596365
1.885470297711571 -0.2175454814803525 1.310463081377442
1.88663106064926 -0.2176978573176724 1.310876283776421
0.5004576608513168 0.01813535005367991 1.340256580494213
0.5015468091255882 0.01795914385694004 1.339859944295188
0.503045157505315 0.01771672052236428 1.339315136728967
0.5051051644214234 0.01738340031704433 1.338567716037376
0.5079348443518972 0.01692553781274396 1.337544124575339
0.5118170836826619 0.01629737478113142 1.336145626956606
0.5171345540534588 0.01543705559365031 1.334241152974874
0.5244013046319166 0.01426157357500044 1.331659297929365
0.534301036810961 0.01266072783774864 1.328180804732592
0.5477306553246575 0.01049039138815161 1.323534189278422
0.5658439832390932 0.007566136859968159 1.317399857046309
0.5900845103611952 0.003659314005084045 1.309431661436307
0.622185958881183 -0.001500312646017469 1.299309536655795
0.6641058288739383 -0.00820910874437676 1.286839237038872
0.7178449059250379 -0.01675309742855087 1.272109485618574
0.7851030757442445 -0.02734310728541709 1.255692603888066
0.866757973681105 -0.04002322062031431 1.238821018414349
0.9622416142593072 -0.05457269146075878 1.223405896921826
1.069031097635983 -0.0704466355892839 1.211744034661488
1.182575991357997 -0.08681118399884886 1.205878887381401
1.296912609090233 -0.1026982948475771 1.206846818035943
1.405880552467113 -0.1172328251625146 1.214245400343697
1.504446057426646 -0.1298246491790129 1.226422933933841
1.589538533356234 -0.1402380168460006 1.241153232519272
1.660151119134822 -0.1485362197595024 1.256359571926134
1.716891890273024 -0.154966197610238 1.270547324384352
1.761342019230828 -0.1598484156194202 1.282891514731953
1.79548726176192 -0.1635028707402043 1.293109626110407
1.821328638205686 -0.166211457364631 1.30126864895204
1.840668054489068 -0.1682054540131087 1.307615266645898
1.855021571413212 -0.1696666080212938 1.31245897176602
1.8656092973758 -0.1707339202224957 1.316104772214902
1.873384017051803 -0.1715118403344304 1.318821395379822
1.879074236938365 -0.1720779559546732 1.320830869580791
1.883228775820527 -0.1724895200974207 1.322309361487713
1.886256729221698 -0.1727884815933347 1.32339297563481
1.888460793990774 -0.1730055442969779 1.324184956305871
1.890063632305206 -0.1731630687584286 1.324762608951283
1.89122846373847 -0.173277374624116 1.325183309385501
0.499371196324891 0.03750032432696296 1.361574450288523
0.5004567608649592 0.037333358281328 1.361164613037584
0.5019504055014573 0.03710362243676427 1.360601542402702
0.5040042568113531 0.03678772104448418 1.359828867251949
0.5068259108895133 0.0363537686719061 1.358770374443451
0.5106977280567705 0.03575841971228697 1.357323688610323
0.5160017371400842 0.03494312233567351 1.355352766850292
0.523251223105469 0.03382939575320774 1.352679458490193
0.5331290372328983 0.0323132382295595 1.349075441888797
0.5465312641954944 0.03025901838914559 1.344257233117494
0.5646112225017836 0.02749396677447008 1.337889724237234
0.5888128583677303 0.0238054393707335 1.329607453275233
0.6208725571585272 0.0189451448376387 1.319067779390389
0.6627547788669494 0.01264654847327704 1.306052941202677
0.7164745215275223 0.004663205167584103 1.290632521633263
0.783755828291839 -0.005165795188491847 1.273373526769396
0.8655104754254512 -0.01682742115168601 1.25552959251881
0.9612082720010274 -0.0300466525583292 1.239070722346988
1.068353277881284 -0.04424575243145974 1.226390019869532
1.182393286158455 -0.05860262031517756 1.219644227091394
1.29732522052185 -0.072221668068738 1.21996208574964
1.406922439840477 -0.08435584849558618 1.226978189571541
1.506083591129551 -0.09456935951410227 1.239015209070507
1.59169143549374 -0.1027672797415473 1.253780949277834
1.662720164546593 -0.1091106876210206 1.269124309266168
1.719780405106398 -0.1138922978707626 1.28349012073154
1.764467231285108 -0.1174343373348416 1.296014026413726
1.798783644142399 -0.1200298544278043 1.306392827408565
1.824746805224704 -0.1219198422536847 1.314685682641269
1.844171933539572 -0.1232914105188217 1.321138813403612
1.858585332751035 -0.1242851056323062 1.326064746764782
1.869214677821939 -0.1250045457731304 1.329772710138855
1.87701821259153 -0.1255253278042938 1.33253564351728
1.882728319746695 -0.1259023115863494 1.334579261845931
1.886896545805605 -0.1261752663943296 1.33608274318751
1.889933892504129 -0.126372913773979 1.337184549318529
1.892144384569989 -0.1265160638293673 1.337989723178735
1.893751607735151 -0.1266197417860647 1.338576917574412
1.894919419511583 -0.1266948595459925 1.339004505080019
0.4974106807353433 0.05789162590978502 1.382542637609276
0.4984938710723327 0.05773452436735219 1.382120384464036
0.4999844757552405 0.05751833108745426 1.381540117065381
0.5020344540608263 0.05722101613938477 1.380743632137257
0.5048512024443293 0.05681256135791069 1.379652188519387
0.5087168411173996 0.05625217257841458 1.378159935975304
0.5140131212980947 0.05548477606143067 1.376126067184041
0.5212530137225656 0.05443662808294678 1.373365939318263
0.5311190448331485 0.05301016834580987 1.369642458098036
0.5445070403273188 0.05107851790763805 1.364660443550742
0.5625703203920858 0.04848080616788426 1.358069530332344
0.5867535770302942 0.04502058035476304 1.349485036993194
0.6187956887901296 0.04047159004631118 1.338541502265515
0.6606671544822639 0.03459715640286094 1.324996818902493
0.7143952734801 0.02719047448033649 1.308899764769177
0.7817253066803312 0.01814087531654782 1.290809433086505
0.8635995122786111 0.007519338513404654 1.271997422438063
0.9595217695508591 -0.004343437328751485 1.254489522689258
1.067020129778861 -0.01683530534807346 1.240773542803188
1.181539140504177 -0.02914518579202133 1.233120327872749
1.29703684147664 -0.04045103510771723 1.232754121524336
1.407222905878849 -0.05013702981376786 1.239350699755151
1.506932511850335 -0.05792580542394615 1.251210815934073
1.593006448825186 -0.06386679557438496 1.265978747308427
1.664404081772936 -0.06822082130962677 1.281430268556512
1.721741432931224 -0.07132673493527003 1.295950031879478
1.766628898805099 -0.07350783439780659 1.308634107377332
1.80108699069296 -0.07502906879003342 1.319158123923699
1.827148535494087 -0.07608932528319842 1.327572791873766
1.846641224901197 -0.07683048670997746 1.334123238930364
1.861100663562443 -0.07735104996311863 1.339124445938821
1.871761201556261 -0.07771860501001547 1.342889360566852
1.879585770404965 -0.07797941955047627 1.345694725459893
1.885309996821811 -0.07816528122123473 1.34776961626017
1.889487655276427 -0.07829822854664742 1.349295969258607
1.892531267982147 -0.07839358116386168 1.350414410123736
1.894745894740509 -0.078462131434078 1.351231634553234
1.89635582527294 -0.07851148195424881 1.351827533700359
1.897525391706987 -0.07854707520765536 1.352261395873251
0.4944848539596791 0.07902175641422492 1.403013995705933
0.4955669260742428 0.0788753544905602 1.402580152441715
0.4970562187908714 0.0786738478259741 1.401983811849317
0.4991046957693527 0.07839668184330724 1.401165042680232
0.5019197828739386 0.07801584924294173 1.400042713217523
0.5057836610816488 0.07749329266677282 1.398507677819314
0.5110781909975585 0.0767776483961802 1.396414593857218
0.5183165108162928 0.07580018845131802 1.393572610512017
0.5281813929694915 0.07447010804240484 1.389736197149847
0.5415690285626894 0.07266959973236387 1.38459884636326
0.5596333281844909 0.07024995772436535 1.377795285349515
0.583820114075871 0.06703104494767054 1.368921842482189
0.615870671954622 0.06280852808464855 1.357590172891444
0.6577606401879047 0.05737512894430973 1.34353322516496
0.7115275887991078 0.05056289791342666 1.326777568048842
0.778934711491091 0.04231044030922373 1.307872013174088
0.8609504869170552 0.03274581255105323 1.288102960871264
0.9571083729228809 0.02225488949403227 1.269548743772315
1.064956755845666 0.01148414222578743 1.254789715391174
1.179935173195507 0.00123364500916022 1.246210796257854
1.295963587360516 -0.007748462266497762 1.245133989377852
1.406691352222716 -0.01497843282010062 1.251279844786099
1.506895277753706 -0.02033820290680324 1.262930786444938
1.593379653959059 -0.02402179288049962 1.277670281795326
1.665093579942773 -0.02638917615964748 1.293202628945764
1.722661431555629 -0.02782424689490394 1.307853046501972
1.767710257962546 -0.02865023187676259 1.320678136022735
1.802278167286817 -0.02910308936718978 1.331332058219047
1.828412984800958 -0.02933904569525971 1.339856572832404
1.847953866233702 -0.02945449100407606 1.346495144855592
1.862444640919184 -0.02950580460903163 1.351564659282626
1.873125340919163 -0.02952459364229391 1.355381298797798
1.880962739396012 -0.02952789429362302 1.358225204119428
1.886695021335256 -0.0295245350537665 1.360328487026414
1.890877651225273 -0.02951893155316386 1.361875588590282
1.893924259172832 -0.02951309679663056 1.363009104246047
1.896140628331428 -0.02950788407622104 1.363837235734828
1.897751519593442 -0.029503536683924 1.364441002870744
1.898921567097866 -0.02950007728603412 1.364880528174862
0.4905437500527631 0.1005854147344353 1.422854923769734
0.4916259266719306 0.1004506752948596 1.422410322903805
0.4931155903347625 0.1002651748690463 1.421799043767862
0.4951648773375801 0.1000099607189029 1.420959533900139
0.497981468348639 0.09965920213120023 1.419808412686508
0.5018479027705433 0.09917779192811058 1.418233425289867
0.5071465364251972 0.09851834232600479 1.416084933898914
0.5143911604072464 0.09761745791807623 1.413166181837817
0.5242653774383467 0.09639144034313651 1.40922356777462
0.5376663984557837 0.09473189588904557 1.40393967318398
0.5557493675201628 0.09250253473399347 1.396934744064336
0.5799617044992431 0.08953956545489958 1.387786466746545
0.6120471198998666 0.08566020927271954 1.376083726556072
0.6539855841047968 0.08068566411877312 1.361534174929715
0.7078229225730922 0.07448525850577983 1.344141071567702
0.7753368347168663 0.06704472592638215 1.324440887486116
0.8575174096686166 0.05854678913855398 1.303731864264174
0.9539226910721598 0.04943029086654006 1.28414156271445
1.062117278819562 0.0403744808362548 1.268340249253737
1.177533760300726 0.03216781384131176 1.258826054387455
1.294055088805287 0.02548488591828539 1.257020048898174
1.405274264323763 0.02067867387571893 1.262690441483544
1.505915471486822 0.01771016944697906 1.274104660814229
1.592752391748719 0.01624368596091321 1.288788237727138
1.664728536542271 0.01582314079039633 1.304376008227378
1.722479493456133 0.01602210610988869 1.319134893536965
1.767650105197165 0.01651900682688348 1.332082445542911
1.802295976529742 0.01710751083961924 1.342851277416268
1.828479120637926 0.0176739664612283 1.351473830191732
1.848049054145757 0.01816695843248987 1.358191413588064
1.862556699842492 0.01857151934516679 1.363322308185924
1.873246750729254 0.01889129347518476 1.367185467265263
1.881088964076035 0.01913780792974535 1.370064034988528
1.886823395033385 0.01932462513265911 1.372192839179416
1.891006662275117 0.01946449136750337 1.373758574072042
1.894053095258743 0.01956833642911885 1.374905611426215
1.896268893196613 0.01964496579160293 1.375743512516472
1.897879059513719 0.01970128233739176 1.376354316176775
1.899048361397953 0.01974252299787484 1.376798897641209
0.4855833921077348 0.1222715214449538 1.441949897199587
0.4866667864034223 0.1221494842820749 1.441495378759307
0.4881583540378449 0.1219814162443024 1.440870308099686
0.4902105584560553 0.1217501037829932 1.440011621200939
0.4930315431352497 0.1214320729283601 1.438833834915843
0.4969044823391734 0.1209953986768386 1.437221778966032
0.5022125886632535 0.1203969583286209 1.43502177278413
0.509470766636901 0.1195790330063918 1.432031476033507
0.5193640132877856 0.1184654097897825 1.427989615104954
0.5327912073561684 0.116957472411217 1.422568329877653
0.5509093903183677 0.1149315971204998 1.415373896553457
0.575168110338352 0.1122403149300914 1.405965840248938
0.6073136350563102 0.1087218851342266 1.393910588241183
0.6493296146081737 0.1042247320967682 1.378890416938998
0.7032682664894618 0.09865330402871306 1.360884519241069
0.7709184438385783 0.09203740095244345 1.340415316461204
0.8532871691390745 0.08461072506136719 1.318790158706046
0.9499518755825841 0.07686133286590459 1.298182440106864
1.058489038025298 0.06949809160831756 1.28134916304876
1.17432230039929 0.06329597235469463 1.270899841718279
1.291298873122017 0.05885625200037591 1.268354860637757
1.402959720858103 0.05640387748006193 1.273532194230887
1.50398242402654 0.05574778462894288 1.284687334482356
1.591115979502189 0.0564168493164341 1.299290919560491
1.663302785801183 0.05786480998017582 1.314910742570837
1.721192190826232 0.05962711067607521 1.32975700256353
1.766447687098148 0.06138623374107508 1.342808983114196
1.801142082916849 0.06296609476679127 1.353677925494572
1.827350674604465 0.06429500527728475 1.362386743952536
1.846932217119362 0.0653652532372342 1.369174191652959
1.861443621287936 0.06620178532654863 1.374359483677316
1.872133267045187 0.06684204016986786 1.378263901559059
1.87997309086303 0.06732482449682077 1.381173206796985
1.885704379698067 0.06768502623704402 1.383324625106083
1.889884413603911 0.06795170382022094 1.384906851374029
1.892927848288341 0.06814806854526062 1.386065838433255
1.895141019876721 0.06829208026093918 1.386912358694817
1.89674896757068 0.06839740787788608 1.387529358740124
1.897916439392138 0.0684742643115417 1.387978383742674
0.4796483343662128 0.1437711432350387 1.460211778926481
0.4807338600231391 0.1436629365356518 1.459748263937851
0.4822285913177669 0.1435138495276363 1.459110661946692
0.4842854475552318 0.143308557961929 1.458234519843072
0.4871132096505328 0.1430261418950017 1.457032416262918
0.4909959210728921 0.1426381131144822 1.45538648438597
0.496317961900931 0.1421059322861838 1.453139288616624
0.5035957531486542 0.1413779367092424 1.450083276631315
0.5135161922173664 0.1403858180804154 1.445949970258772
0.5269804277818841 0.1390411387518203 1.440401634010451
0.5451480500382082 0.1372332080949584 1.433031219468259
0.5694713152345416 0.134830816440776 1.423380753702751
0.6016993205355023 0.1316925810216856 1.410994759409821
0.643818987256305 0.1276925085517964 1.395530365503161
0.6978873823254574 0.1227672418116962 1.376942297101949
0.7657014835135921 0.1169863015321107 1.355737576805154
0.8482807966072415 0.1106288204962069 1.333230193945003
0.945217026934132 0.1042260368973614 1.311635992851057
1.054094150294742 0.09851137824610408 1.293795147386861
1.170324853755534 0.0942440760188948 1.282425823206295
1.287721968657886 0.09195381972381268 1.279146627502457
1.399778857175902 0.09174345155287364 1.283826085251172
1.501132449563526 0.09327873473168828 1.294709986890828
1.588512646118333 0.09596268500233042 1.309216975560263
1.660864704811107 0.09916685876365072 1.324850580707021
1.718853793538323 0.1023937123366925 1.339766425396712
1.764162560162555 0.1053320165806819 1.352906866354168
1.798880546606836 0.1078358779045799 1.363862389640299
1.825095395118813 0.1098740940264168 1.372646480257233
1.844674035944213 0.1114805276875148 1.379495128944566
1.859178366757214 0.1127177885251179 1.384728142999609
1.869859596700836 0.11365503367784 1.388668760045499
1.877691146398628 0.1143565776887033 1.391605013750388
1.883414991351417 0.1148771938095931 1.393776233531486
1.887588658156254 0.1152611205285829 1.395372876678715
1.890626817557349 0.1155429788762188 1.396542290556962
1.892835711346145 0.1157492233041898 1.397396315831332
1.894440244261493 0.1158997943152687 1.398018699169769
1.895605020434862 0.1160095139242661 1.398471575392982
0.4728377351217056 0.1647679397443626 1.47761523941889
0.4739261069686495 0.1646744579293586 1.477143661963755
0.4754249880507033 0.1645455811186289 1.476494809791653
0.4774878554412134 0.1643679936368058 1.475602967830648
0.4803242669419324 0.1641234852995051 1.474378948273552
0.4842193242175313 0.1637872038415177 1.472702418801531
0.4895588289230279 0.1633254382160818 1.470412496485176
0.4968610542694882 0.1626928652055215 1.46729682153278
0.5068152298034615 0.1618293752608035 1.463080233129823
0.5203253043975357 0.1606569501908629 1.457415775753542
0.5385540167313505 0.1590778956516846 1.449883865813864
0.5629569066568318 0.1569769414855123 1.440009923416423
0.5952862496115969 0.1542320616720201 1.427317464384595
0.637532014516828 0.1507408060562177 1.411439181702599
0.6917548720138221 0.1464686265318694 1.392305539584695
0.7597572717188578 0.141519941017066 1.370407433780805
0.842567146067776 0.1362133984664711 1.34706340801853
0.939785711632724 0.1311173513005868 1.324528158875139
1.049000392786463 0.1269850048300465 1.305720345773036
1.165611188871579 0.1245580768462673 1.293462171303696
1.283398070378947 0.1242974180455883 1.289467423765087
1.395811135229064 0.1261912060658067 1.293654706074135
1.497452196318375 0.1297725594856553 1.304262120219161
1.585036969804674 0.1343294952110077 1.318659799173746
1.657516810033768 0.1391601036841521 1.33429070699001
1.715574166774472 0.1437391264634135 1.349258894623217
1.760910993915552 0.1477634069548799 1.362471743906575
1.795632968255575 0.1511165064679369 1.373499973539848
1.821839170621881 0.1538055603226984 1.38234793506712
1.841403760742696 0.1559033161991837 1.389248742647793
1.855892772837334 0.1575073644567232 1.394522486884264
1.866559538963578 0.1587161890429641 1.398493994156491
1.874378404287436 0.1596176140921822 1.401453217845786
1.880091602965174 0.1602846975206657 1.403641285864378
1.88425658422512 0.1607756124233175 1.405250168742022
1.88728779365985 0.1611354378356203 1.40642841244722
1.889491201854948 0.1613984063181335 1.407288775525941
1.891091449957602 0.1615901951890499 1.407915691306161
1.892252904224896 0.1617298400646524 1.408371799700265
0.4652942273102783 0.1849781127604126 1.494165077003909
0.4663859802008513 0.1848999067821701 1.493686383044183
0.4678897490710935 0.1847919982404214 1.493027580743261
0.4699596460221658 0.1846431524806617 1.492121824045448
0.4728061126967541 0.1844379614676954 1.490878336480188
0.4767154559595106 0.1841553225597309 1.489174560592524
0.4820751004931236 0.1837664835957447 1.486846488530474
0.4894054446162807 0.1832325920684634 1.483677380673904
0.499398412345579 0.1825018308526244 1.479385951985388
0.512961216030388 0.1815065801687154 1.473616739751088
0.5312602959829005 0.1801618656235729 1.465938504130856
0.5557550527576258 0.1783676004689665 1.455861085819491
0.5882013745989804 0.1760195598206142 1.442888091624838
0.6305922574984657 0.1730361101432276 1.426628765037225
0.6849910580530978 0.1694073324705502 1.406989858023364
0.7532034654401881 0.1652669362085344 1.384445764910708
0.8362622213549481 0.1609666985412916 1.360317743607615
0.9337736734482224 0.1571063361768088 1.336895701942706
1.043324913776325 0.1544557409966496 1.317171618664369
1.160301650469457 0.1537406775477198 1.304066198267812
1.278452452292696 0.15536010739509 1.299384236064545
1.391188189171712 0.1591984407014344 1.303093024655412
1.493080539189165 0.1646680881623476 1.313424623045546
1.580835274924257 0.1709520867700974 1.327704306790301
1.653412485867898 0.1772814217360507 1.343318611018601
1.711512968217189 0.1831056803580154 1.358323478125563
1.75685794699163 0.1881294665906204 1.371593639982891
1.791568618013448 0.1922637395860986 1.382681289046074
1.817754679752462 0.1955511395065771 1.391582093533471
1.837296708924303 0.1981003526363514 1.398526265398555
1.851764168802646 0.2000412560106168 1.403833919140657
1.862411939960948 0.2014993746039487 1.407831130372789
1.870214845026217 0.2025841911774902 1.410809435781463
1.87591503836667 0.2033855960837328 1.413011466292994
1.880069639896778 0.2039745826938361 1.414630462750411
1.883092685314091 0.204405845279398 1.415815978041915
1.885289739235971 0.204720764206079 1.416681541232221
1.886885081725342 0.2049502855892703 1.41731216108575
1.88804277076378 0.2051173136464428 1.417770899719725
0.4571904746374725 0.2041676799044545 1.50988094914355
0.4582860938806181 0.2041047012083957 1.509395966442315
0.4597954180302927 0.2040176962467813 1.508728354796294
0.4618732629098694 0.2038975022268923 1.507810254678638
0.4647310490504332 0.2037314959168686 1.506549461696169
0.4686564192631757 0.2035022911860987 1.504821412499247
0.4740386006770683 0.2031860317131123 1.502459271990282
0.4814003606589546 0.2027502154038552 1.499242321625927
0.4914366431699361 0.2021510921675074 1.49488368633907
0.5050583429045081 0.2013310281740157 1.489020096587447
0.5234361062583596 0.2002170358678504 1.481209551075077
0.5480337264253473 0.1987229633873299 1.470947409401433
0.580611112409835 0.1967603721681887 1.457718628684265
0.6231642821484263 0.1942654186344599 1.441110276582824
0.6777584446543172 0.1912486913731472 1.421006364444402
0.7462004769512554 0.1878682605171649 1.397864906295611
0.8295246024416352 0.1845041746482201 1.373008424617148
0.9273383032597677 0.1817841993413047 1.348758406340466
1.037224971911728 0.1804948003523771 1.328174383498169
1.154554783373285 0.1813497799730035 1.314268874507692
1.273046538259014 0.1846939291341838 1.308932316221133
1.386075758509761 0.1903178943716846 1.31217867261828
1.488188519036126 0.19752331589371 1.322235699165185
1.576084303258594 0.2053960385424322 1.336388018101447
1.648734032734354 0.2131045408775568 1.351970501802672
1.706857531402815 0.2200747469587868 1.366994922052912
1.75219506404823 0.2260181800101163 1.380305950494006
1.786882683230536 0.2308709843467659 1.391438601724211
1.813039932702263 0.2347085309591352 1.400380327495827
1.832553088971457 0.2376726544000449 1.40735838715944
1.846994446468614 0.2399230035573913 1.412692621184503
1.857619964724682 0.241610026637671 1.416709976380379
1.865404588021015 0.2428631580176387 1.419703203231944
1.871090127636689 0.2437877852082298 1.421916113788811
1.875233181947412 0.2444666988158449 1.423542956036761
1.878247238243126 0.2449634361746462 1.424734082996295
1.880437355712145 0.2453259482027848 1.425603635765054
1.882027382412183 0.2455900217248914 1.426237079215152
1.883181017542295 0.2457821138480731 1.426697808918493
0.4487074183398609 0.2221746235459771 1.52476660847782
0.4498073138769106 0.2221264850275228 1.52427612764275
0.4513227551137622 0.2220598542160914 1.523600798248978
0.453409318454116 0.2219675851880796 1.522671861131369
0.4562794820413984 0.2218397611522663 1.521395840263811
0.4602223334026812 0.2216625985439502 1.519646380113338
0.4656290521988655 0.2214169688665003 1.517254109599481
0.4730249807660977 0.2210764669824185 1.513994725154738
0.4831083610474084 0.2206050211556646 1.509576289114826
0.4967941334464872 0.2199543801994902 1.503628420450984
0.5152575969834323 0.2190626032555505 1.495699250444898
0.5399674221188903 0.2178560251070885 1.485270762522646
0.5726879332018454 0.2162598264786947 1.471810540644444
0.6154182202403764 0.214224875804847 1.454884778081024
0.6702246713839419 0.2117782546729532 1.43435575056551
0.7389135806413726 0.2090978002922845 1.410665252307622
0.8225177098749834 0.2065875723245808 1.385135657629506
0.9206421103871705 0.2049008629369888 1.360116422145114
1.030863495016662 0.204841412529754 1.338728866571013
1.148535470174116 0.2071158939675199 1.324070625668796
1.267348643221208 0.212023443083535 1.318112341017925
1.380646777748211 0.219271151912924 1.320912492995319
1.482954414025398 0.2280593734536328 1.330696176052794
1.570967881122129 0.2373837089045098 1.344711561038804
1.643670578180767 0.2463538754490603 1.360246689323382
1.701801731111849 0.2543729930355859 1.37527317923076
1.747120262102889 0.2611583018189043 1.388608290652099
1.781776392057618 0.2666687663592301 1.399771239254657
1.807898791303838 0.2710096853944608 1.408741735775199
1.827378812282212 0.2743532777162656 1.415744032190233
1.841791086273697 0.2768865022912209 1.421097388140896
1.852392280145515 0.2787826693838031 1.425129233969528
1.860157189103294 0.2801895074425942 1.428133155715857
1.86582708810968 0.281226605637309 1.430353817471425
1.869957917548023 0.2819875591652397 1.431986205581744
1.872962520974339 0.2825439995357925 1.433181262246086
1.875145385685467 0.2829498882236472 1.434053579063316
1.876729881636193 0.2832454376759526 1.43468895551692
1.877879317330722 0.2834603515856131 1.435151030340229
0.4400237490559954 0.2388969801811512 1.538821123859691
0.4411282985693396 0.2388629819129967 1.538325845597343
0.4426503717629406 0.2388157663978591 1.537643768520639
0.4447463559101253 0.2387501074372628 1.536705336998544
0.4476298558718742 0.2386586603037555 1.535415945927408
0.4515914988575693 0.238531056410807 1.533647643796154
0.4570245471872595 0.2383526324045052 1.53122879330237
0.4644570956119428 0.2381027087128399 1.527931874655989
0.4745909220150166 0.2377523632901724 1.523460388290143
0.4883453209564166 0.2372619708466454 1.517437513451728
0.5069006186861638 0.2365795529795678 1.509402397430959
0.5317307599094415 0.235642393754507 1.498824771941849
0.5646047842320703 0.2343871726272806 1.485156200713017
0.6075248232466729 0.2327766978337437 1.467943470971495
0.6625577408317888 0.2308512462196797 1.447028409267211
0.7315075718967892 0.2288049986114517 1.422837093594733
0.8154029531682976 0.2270632550686234 1.39669062564616
0.9138434108290826 0.2263036926811768 1.370962878064428
1.024396590232484 0.2273485642322237 1.348830859376907
1.142399064404423 0.2309012259497586 1.333469904342243
1.261515187695904 0.2372211498504811 1.326924624891668
1.375060566593423 0.2459392268994143 1.329295389270488
1.477541925917236 0.2561621331933872 1.338806294918142
1.565654989011019 0.2668018517671747 1.352673644471369
1.638396644177927 0.2769139485430705 1.368143955200501
1.69652537363524 0.2858808966216369 1.3831530845467
1.74181804344681 0.2934256094568105 1.396493748682552
1.776438206740592 0.2995282904619681 1.407670832764583
1.802522929108127 0.304321779152219 1.416656790288259
1.821968081587343 0.3080060687824748 1.423672779588857
1.836350240585796 0.3107929586290228 1.429037126351644
1.846926518168267 0.3128764747399844 1.433077309970886
1.854671390349981 0.3144208734528942 1.436087332905044
1.860325487910919 0.3155585446505458 1.438312349016887
1.864444025834238 0.3163928041334383 1.439947788388467
1.867439162593811 0.3170025546476253 1.44114495186771
1.869614788553619 0.3174471502673575 1.442018705429162
1.871193780700642 0.317770769865418 1.442655050921894
1.872339048322101 0.3180060242075405 1.443117772081063
0.4313103309837096 0.2542779078668249 1.552053587558549
0.4324197295849567 0.2542573754720711 1.551554245549496
0.4339486970054501 0.2542286524125737 1.550866437139427
0.436054455395891 0.2541883402962713 1.549919918636253
0.4389517696996841 0.2541315406788946 1.548619105661774
0.44293285388836 0.2540511266025783 1.546834656728018
0.4483931196971941 0.2539366611520648 1.544392951156158
0.4558635097968618 0.2537728597078587 1.541063638892954
0.4660494735777614 0.2535374901595459 1.536546180905363
0.4798748471787401 0.2531989106297865 1.530458014505209
0.4985252287106309 0.2527142042720187 1.522330214724522
0.523480119106224 0.252030344616353 1.511621410649177
0.5565135179692641 0.2510937730046197 1.49776850729223
0.5996306414180788 0.2498769182287941 1.480300324219501
0.6548984049101434 0.2484303392706805 1.459039426193661
0.7241174182152688 0.2469612592971062 1.434396518518756
0.808310225180194 0.2459130199210715 1.407690095602708
0.90706848151042 0.2459853284343148 1.381314660041477
1.017948985486859 0.2480183119635435 1.358496609212341
1.136271114959838 0.2527138925774746 1.342481477678512
1.255674834935185 0.2602967330944272 1.335381704837971
1.369450764104509 0.2703290397121987 1.337337186597739
1.472090855427224 0.2818326672353407 1.346573047845655
1.560292031412926 0.2936442186526127 1.36027862529826
1.633065041802637 0.3047710623929874 1.375664410106272
1.691187042712438 0.3145780218429394 1.390634955951817
1.736451911535598 0.3227940108718759 1.403961277670082
1.771035651586063 0.3294189452973648 1.415135328813434
1.797083055528113 0.3346107076574928 1.424122710184943
1.816494071780748 0.3385942815623077 1.431141328873868
1.830846960504535 0.3416036593462051 1.436508166461865
1.841399139875354 0.3438512802763526 1.440550273989656
1.849124702764372 0.3455160342505987 1.443561619895153
1.854763614610464 0.3467416103565718 1.44578746312587
1.858870365987653 0.3476398842517165 1.447423366975728
1.8618564415166 0.3482961495037519 1.448620749177917
1.864025149428342 0.3487744923273067 1.449494566037636
1.865598888652732 0.3491225676857097 1.450130883935181
1.866740182866854 0.3493755312210269 1.450593529508437
0.4227241225414926 0.268298001132222 1.564485048907253
0.4238383780399348 0.2682902772546682 1.563982350018258
0.4253742430218418 0.268279147663979 1.563289790810966
0.427489771759372 0.2682629532955676 1.562336545051157
0.4304008863823205 0.2682391218536216 1.561026195173915
0.434401386250965 0.2682036041656831 1.559228210999862
0.4398888354210135 0.2681499672269731 1.556767265471949
0.447397037894722 0.2680680184793162 1.553410557236246
0.4576351482977576 0.2679418031148497 1.548854022314183
0.4715316124877235 0.267747098661018 1.542710045741264
0.4902774184609935 0.2674492750972211 1.534502535194328
0.5153577947989864 0.267003927398429 1.523680163438986
0.5485518930730869 0.2663657905264519 1.509666543756829
0.5918681215916349 0.2655149275738529 1.491973985248869
0.6473732675326516 0.2645096034753316 1.47040701258638
0.7168638132173022 0.2635669754352467 1.445361332714093
0.8013548890778683 0.2631450882289801 1.418151497219118
0.900428637760537 0.2639627231886151 1.39118878990951
1.011629811362982 0.2668762292723051 1.367742565901471
1.130260731505452 0.2725868519321096 1.351120904916269
1.249938779115729 0.2812885044749103 1.343497856967607
1.363932355776044 0.2924820607176375 1.345050576873126
1.466721061063476 0.3051138291177211 1.354007474465948
1.555004146545776 0.3179539400460011 1.367536063103365
1.627806029714527 0.3299681233847316 1.382816450185486
1.685921588629215 0.3405069274656934 1.397726365508476
1.731160605297153 0.3493057672836405 1.411017912485574
1.765710623358429 0.3563827937559254 1.422171435347407
1.791723553858065 0.3619184269127093 1.431146016396065
1.811103080408331 0.3661598313971075 1.438156100708897
1.825428993214088 0.3693605205208337 1.44351687972763
1.835958977184449 0.3717490253515552 1.447554476226305
1.843666762925329 0.3735169624812978 1.450562360792428
1.849291697930354 0.3748178111428038 1.452785505142088
1.853387602990204 0.3757708419784975 1.454419291083559
1.856365341055189 0.3764668569756298 1.455615009285409
1.858527683891067 0.3769740133406325 1.456487521271263
1.860096590245359 0.3773429517993628 1.457122819649012
1.861234228794017 0.3776110110452983 1.45758467171125
0.4144033641001345 0.2809687890791886 1.576146593904325
0.4155223017038326 0.2809732260781094 1.575641222127075
0.4170648152061375 0.2809788046575737 1.574944861994166
0.4191897621151376 0.280985518942331 1.573986207680267
0.4221141833698369 0.2809930067776494 1.572668151153108
0.426133414748917 0.2810001403970639 1.570859170453823
0.4316471124859478 0.2810042816360956 1.568382503521336
0.4391918736432538 0.2810000513326876 1.56500326955029
0.4494804893772908 0.2809774022121508 1.560414385318135
0.4634459615159615 0.2809190409964656 1.554223862582572
0.482284653344189 0.280797971818056 1.545949334071431
0.507487571137891 0.2805775333679055 1.535030648403342
0.5408391417201602 0.28021955866451 1.520879478594747
0.5843511195558303 0.2797101040990068 1.502993063648064
0.6400902136037759 0.2791129216587196 1.481159091098869
0.7098485302314653 0.2786522377303215 1.455758622306355
0.7946331076346345 0.2787974253933434 1.428100907097654
0.8940156299785067 0.2802829517292164 1.400610144054136
1.005528166789825 0.2839789577178354 1.376592220992048
1.124456386624193 0.2905859018195147 1.359410162150679
1.244396788835802 0.3002703803057458 1.351293525419863
1.358597911319751 0.3124790620772391 1.35245459447535
1.461528834207826 0.3260920506226801 1.361127416701959
1.549891674972038 0.3398221212304157 1.374462883936409
1.622723856182715 0.3526001221675547 1.389616369012791
1.680836735404379 0.3637658367530238 1.404443218821475
1.726054766243791 0.373061767857096 1.417679353222878
1.760576112465688 0.3805228901066303 1.42879476702297
1.786559249559175 0.3863497191916926 1.43774230830571
1.805911335751603 0.3908088570425238 1.444732714979977
1.820213622735742 0.3941707306669838 1.450078921194706
1.830724099741762 0.3966777014642805 1.454105609861768
1.838416220372073 0.3985322582436651 1.457105284173941
1.844028812940877 0.3998962051169936 1.459322234027871
1.848115122876605 0.4008950782592079 1.460951344596001
1.851085473784674 0.4016243335665628 1.462143535926212
1.853242169201142 0.4021555597237844 1.463013390377921
1.854806782258478 0.4025419094160506 1.463646689269928
1.85594116954011 0.4028225550850476 1.464107039030004
0.4064654901243654 0.2923251112213154 1.587078649786188
0.4075887551738376 0.2923410769461205 1.586571282388421
0.4091374197117687 0.2923624999869849 1.585872062504303
0.4112710898976363 0.2923909446578147 1.584909307158345
0.4142078521504651 0.2924281481646139 1.583585359950698
0.4182444826594301 0.2924757567844548 1.581767903334719
0.4237826071231142 0.2925347337919028 1.579279010779873
0.431361465790092 0.2926042622242137 1.575882092954765
0.4416973143395531 0.2926798803380739 1.57126755209257
0.4557275321683104 0.2927508153334585 1.565039704545224
0.4746537045831429 0.2927971873734558 1.556710799027108
0.4999725333410597 0.2927894120526577 1.545712989604238
0.53347375843943 0.2926955312763063 1.531447354817153
0.5771726593559108 0.2925063514829124 1.51339749081623
0.6331361255759668 0.2922893242899365 1.491335421708472
0.7031520794341118 0.292273213301104 1.465627857798796
0.788219430708497 0.2929353896014946 1.4375772875399
0.8878991702893143 0.2950222173221435 1.409616814824809
0.9997106258840546 0.2994143629590417 1.385082285427142
1.118923483082238 0.3068103573275214 1.367383992605636
1.239114949514315 0.3173520620128095 1.358800992296306
1.353515616108035 0.3304386914054157 1.359578876780634
1.456585275918908 0.344893572065347 1.367960093664458
1.54502888311704 0.3593814768416911 1.38108438946212
1.617895792628147 0.3728053139456772 1.396088124178384
1.676012372089593 0.3844977097458805 1.410808629292462
1.721216434470541 0.394208897002762 1.423968236759162
1.755715856905862 0.4019893198035574 1.435027723256864
1.781675183932736 0.4080572238913708 1.443933888453186
1.801004860272235 0.412695996312805 1.450893452420256
1.815287600237815 0.416190466577808 1.456216585421974
1.825781794827018 0.4187946557490491 1.460225997053399
1.833460754195311 0.4207201500957847 1.463212742439148
1.839062923740779 0.422135679813063 1.465420030015494
1.843141096391138 0.4231719706248964 1.467041931337309
1.846105159916708 0.423928319647053 1.468228752006504
1.848257033503939 0.4244791397234431 1.469094611260658
1.849817970679337 0.4248796460949578 1.469724942265649
1.850949567191199 0.4251705140050432 1.470183089739665
0.3990065917615163 0.3024184370021157 1.597328720958893
0.4001336615894449 0.3024453142889419 1.596820030264655
0.4016877477962557 0.3024817388354552 1.596118885287572
0.4038291267141011 0.3025307650204184 1.59515332782047
0.4067768244249538 0.3025961233686416 1.593825294438149
0.4108289177750922 0.3026820949690718 1.59200186709367
0.4163888209887164 0.3027930652001974 1.589504223607122
0.4239981915893293 0.3029325527036005 1.586094434320131
0.4343764813287228 0.3031014020120746 1.581460887131888
0.4484651520843179 0.3032950250375843 1.575204873311184
0.4674707276253273 0.3035002604043535 1.566834135727606
0.492895398042872 0.3036941230096165 1.555774242112577
0.5265341728996464 0.3038502496741384 1.541416987549291
0.570406057259971 0.3039633115303978 1.523233699133375
0.626578574276922 0.3041030631107373 1.500981835958983
0.6968360645936309 0.3045005852240746 1.475013960784096
0.7821698660525438 0.3056379998422218 1.446624258496794
0.8821306800813464 0.3082695296753952 1.418250701064861
0.9942255211310211 0.3132825568421676 1.393252596521348
1.113708939034832 0.3213718995125597 1.375080033569246
1.234140267444552 0.3326567344078207 1.366055819419145
1.348733653944646 0.3464951739193867 1.366457191020409
1.451940343324135 0.3616628944793131 1.374537799325772
1.540467662684264 0.3767858061358255 1.387431725308834
1.613375534829636 0.3907456666277512 1.402262012915473
1.671503724408292 0.4028714725156505 1.416852298469887
1.716702055635269 0.4129218331050212 1.429913864401806
1.751187236297452 0.420961390732627 1.440899345614176
1.777129432653434 0.427223891355987 1.449749634014234
1.796442239307441 0.432007013472508 1.456667087836608
1.810709879932598 0.4356076354890467 1.461958584042982
1.821191281606193 0.4382894096267036 1.465944310582284
1.828859772916609 0.4402713652969091 1.468913384469583
1.834453573715942 0.4417278577121748 1.471107527253552
1.83852516275573 0.4427938031560373 1.472719676356367
1.841484106656598 0.4435715865532079 1.473899276940777
1.843632032171868 0.444137882643564 1.474759799846692
1.845189944968846 0.4445495536338854 1.475386192412418
1.846319235318314 0.4448484718348794 1.475841436299579
0.3921034831571957 0.311309282280995 1.606951151436087
0.3932336682726706 0.3113464832138149 1.60644183886894
0.3947922168136793 0.3113971066848344 1.605739743585671
0.3969399732646025 0.3114656218735493 1.604772738163187
0.3998967655688312 0.3115576540079931 1.603442498997383
0.4039617883995357 0.3116799915140527 1.601615709980865
0.4095400062207062 0.3118402814507469 1.599112931693778
0.4171751929315898 0.3120461825095386 1.595695274622073
0.4275896325754058 0.3123036174736648 1.591049627623924
0.4417284586176199 0.3126139312559371 1.584774944576034
0.4608027194973382 0.3129704184364497 1.576375358461881
0.4863197599093518 0.3133564237954581 1.565270972499969
0.5200797294159032 0.3137508650369564 1.550845609665179
0.5641055730109988 0.3141517819512464 1.532559673296589
0.6204660844760989 0.3146302619365436 1.510157074421839
0.6909430247631275 0.315417825756303 1.483976269771152
0.7765213013313983 0.3169981849018953 1.45530133756922
0.87674236502432 0.3201290723443976 1.426570741397521
0.9891018306393877 0.325700083771522 1.401160430833505
1.108840130359019 0.3343996750101315 1.382552667577255
1.229499958529195 0.3463256503631623 1.373108444487438
1.34428007638131 0.3608009934199646 1.373135547063581
1.447623399967763 0.3765627653741463 1.380902333360231
1.53623874955259 0.3922071283430659 1.393543191518893
1.609195011102476 0.4066014152562342 1.408173710659873
1.667343647126065 0.4190744451407927 1.422608077091634
1.712545153339922 0.4293938236903036 1.435548883545097
1.747024233929867 0.437637167885841 1.446441514204901
1.772956284709431 0.4440516048343308 1.45522094467306
1.792257960693366 0.448946756617626 1.462084721868553
1.806515077025114 0.4526293508777944 1.467335830911812
1.816987255914111 0.4553707862441677 1.471291346446845
1.824648022874255 0.4573960052966098 1.474237930825293
1.830235540465439 0.4588837894047308 1.476415397214933
1.834302118631802 0.4599723275961332 1.478015218655017
1.837257122045848 0.4607664019986346 1.479185727908649
1.839401979831113 0.4613444348515426 1.480039558446673
1.840957523377835 0.4617645557050866 1.480661031769319
1.842084994003226 0.4620695550414332 1.48111266363508
0.3858151315914387 0.3190629137977989 1.616002597007965
0.3869475963895013 0.3191098724541347 1.615493380485638
0.388509446701762 0.3191739225251078 1.614791332300118
0.3906619726678325 0.3192608763393421 1.613824263970791
0.3936256385101357 0.3193781607559884 1.612493741290564
0.397700536518912 0.319534952922355 1.610666255931943
0.4032928934218176 0.3197420155329004 1.608162033571898
0.4109482337180993 0.3200109755969736 1.604741609393888
0.4213912276566143 0.320352645776994 1.6000908916956
0.4355701697261538 0.3207741178107161 1.593807184760263
0.4547001077491415 0.3212749855885447 1.585391900607422
0.480293100168171 0.321844818000337 1.574260778671021
0.514154237031976 0.3224677353876458 1.559790935769001
0.5583106366856435 0.3231449554297358 1.541433114982953
0.6148331689494902 0.3239482622498561 1.518918569000824
0.6855023702779108 0.3251080130058781 1.492571525231174
0.77129836089883 0.327106448709562 1.463663990726821
0.8717548989872071 0.3307003318211169 1.434630467621753
0.9843574681127676 0.3367766599861389 1.408856825041338
1.104333457862357 0.3460145349751211 1.389850173343535
1.225209913892021 0.3584914223014262 1.380004519353266
1.340170857018558 0.3735008696192934 1.379657390129819
1.443650703251309 0.3897499430472032 1.387095391991853
1.532358633213734 0.4058136459207286 1.399459086135636
1.605370787635706 0.4205511381504086 1.413862384268905
1.663548630245723 0.4332942000025974 1.42811421786567
1.708762038178019 0.4438199367737357 1.440910817845576
1.743242932782632 0.4522177663254009 1.451691181889449
1.769171588834517 0.4587462334781686 1.460384334540159
1.788467657110939 0.4637247586185294 1.467182536632926
1.802718637744657 0.4674679266575562 1.472384260062386
1.813185009917991 0.4702531867212778 1.476302855034123
1.820840672640014 0.4723100245610353 1.479221996897913
1.826423895420093 0.4738205782364551 1.481379156571402
1.830486960202653 0.4749254931982664 1.482964002994984
1.833439144591011 0.4757313359565031 1.484123497422772
1.83558177111468 0.4763178207047856 1.484969241685685
1.837135567352055 0.4767440086960297 1.485584787532846
1.838261679696807 0.4770533623263874 1.486032079103066
0.3801897939424744 0.3257397893413596 1.624545931952977
0.3813235576984996 0.3257959659042612 1.62403761229543
0.382887349614049 0.3258727061875014 1.623336722452216
0.3850427628169478 0.3259770982248645 1.622371132410546
0.3880107048860257 0.3261182837915705 1.621042462231377
0.392091908724308 0.3263077201145168 1.619217237698098
0.3976935264336868 0.3265591553630257 1.616715658848367
0.4053624033695494 0.3268880390355296 1.613298105050568
0.4158250685003225 0.3273099278714409 1.60865006651908
0.4300323676296346 0.3278375440156325 1.602367938743174
0.4492027105072869 0.3284767363857211 1.593951361228563
0.4748523180777523 0.3292233664625451 1.582812868475295
0.508790943512266 0.33006693286647 1.568324177028115
0.5530501162516078 0.3310119765116515 1.54992762504639
0.6097037341763758 0.3321307244811297 1.527342591558794
0.6805327919035781 0.3336511057122948 1.500878691591645
0.7665147459644648 0.3360509952915555 1.471793435035873
0.8671777320539088 0.3400815880050579 1.442512264781204
0.9799987386667841 0.3466220727985714 1.416423565310367
1.100193274450092 0.3563386430493535 1.397051530010586
1.221273521077474 0.3692888873702725 1.386818087971766
1.336409027523911 0.3847421131680931 1.386090363312775
1.440025155336183 0.4013836215632866 1.393177791599237
1.528830054065228 0.4177755261866184 1.40523392475995
1.601905314567047 0.4327747825584977 1.419377294201366
1.660120719422488 0.4457190844722694 1.433415891640847
1.705354295184919 0.4563954883332689 1.446041795394995
1.739844458583663 0.4649041113812891 1.456688272760538
1.765776051616428 0.4715131075293391 1.465278153512513
1.785071675194803 0.4765497418597168 1.471997764040569
1.799320612400537 0.4803346584643552 1.477140309993213
1.809784357157309 0.4831498366662802 1.481014710730939
1.817437350553845 0.4852280839602235 1.483901054824045
1.82301812425125 0.4867539457342155 1.486033989737332
1.827079064434101 0.4878698017277002 1.487601007413429
1.830029469094241 0.4886834621754628 1.48874741513186
1.832170639081884 0.4892755322410906 1.489583572314208
1.833723263755352 0.4897057099745061 1.490192105326809
1.834848444808979 0.4900179136554372 1.490634272620972
0.3752644785041602 0.3313968289354878 1.632638402457513
0.3763985781105945 0.3314615405873299 1.632131637970438
0.3779629752477368 0.3315500371700656 1.631432821857604
0.3801194252775399 0.3316705943780944 1.630469982367728
0.3830890885657573 0.3318339538868814 1.629144931695399
0.3871730843096545 0.3320537057460282 1.627324419414731
0.3927791560197358 0.3323464008141453 1.624828879244817
0.4004550427876362 0.3327310942286533 1.62141888707597
0.4109286065158883 0.3332278459591353 1.616779987821215
0.4251526347716143 0.3338547664528089 1.610508290607176
0.4443482604951661 0.3346237518616157 1.602102458285811
0.4700353164711502 0.3355368155706416 1.590972788596045
0.5040279536468198 0.336588747655542 1.576486679334368
0.5483623924454458 0.3377872364645949 1.558079086072537
0.6051166098504066 0.3392043199114416 1.535458113811302
0.6760739100941909 0.341063841367137 1.508918372949112
0.7622114155440939 0.3438361556945037 1.479700819369384
0.863053843460497 0.3482625131137222 1.450217734853767
0.9760712184937342 0.3552103043797165 1.423854382990525
1.096467854945872 0.365331856117611 1.404146604405042
1.217741046063146 0.3786689608263891 1.393541333575332
1.333045266233326 0.3944752023601785 1.392436199310691
1.436795730216252 0.4114237687179081 1.399167381208114
1.525698208629277 0.4280710047065471 1.410906129101916
1.598838496737986 0.4432746008192499 1.424779229838151
1.657093804306778 0.4563775555776355 1.438595692625056
1.702349805507858 0.4671743579659323 1.451044060580637
1.736851199309882 0.4757728292226483 1.461551746684282
1.76278734563485 0.4824480651739979 1.470034988468898
1.782083820035494 0.4875331085278814 1.476673756966686
1.796331736981744 0.4913531820791578 1.481755646220321
1.806793656253663 0.4941937772761941 1.485584889109635
1.814444605686009 0.4962903406824812 1.488437811205498
1.820023416054353 0.4978293706916213 1.49054611875761
1.824082607608795 0.4989546785836466 1.492095049427174
1.827031522790552 0.4997751143314223 1.493228205164768
1.829171459673586 0.5003720367566137 1.49405467021801
1.830723084108895 0.5008056874524743 1.494656124558734
1.831847465047046 0.5011203753910012 1.495093126634054
0.3712463735822086 0.3358874154542896 1.640537178577688
0.3723801450980947 0.3359589966527131 1.640032607289287
0.3739442235351655 0.3360569566113288 1.639336746155674
0.3761004264872316 0.3361905280642981 1.638377875018432
0.3790700307501797 0.3363717415726256 1.637058125056418
0.3831543574589362 0.3366159052437628 1.63524464369277
0.3887614969853674 0.336941824654005 1.632758328431921
0.3964397622039038 0.3373714521699207 1.629360261122972
0.4069179421028399 0.3379284562512415 1.624736446821955
0.4211502738671259 0.3386352414825282 1.618483223372088
0.4403600548022329 0.3395084741519288 1.610098912388302
0.4660701639217478 0.34055491421305 1.59899230032728
0.5000986851021453 0.3417732258808712 1.584527208469101
0.5444863120343932 0.3431730111965357 1.566131833752912
0.6013152782314242 0.3448253332983869 1.543503186411034
0.6723717887152976 0.3469500804041272 1.516920309618628
0.7586334810832344 0.3500118366649256 1.48760598567091
0.8596224891165775 0.3547461736078498 1.45795669862899
0.9728025477733119 0.3620159425576007 1.431351556941411
1.093367441516065 0.3724688259815394 1.411335701350227
1.214800513654722 0.3861390266495559 1.400380336874923
1.330242427977661 0.4022681494679835 1.398914510994675
1.434099537239474 0.4195152365321975 1.405302829163757
1.523076128654058 0.4364247916889684 1.416735658587057
1.596262493299217 0.4518482383701009 1.430348748670274
1.654543011698997 0.4651282445368405 1.443952258986299
1.699810409802235 0.476063217423114 1.456231099201547
1.734314952578498 0.4847669868956686 1.46660674021062
1.760249831398228 0.4915210835416114 1.474988842276666
1.779543013850431 0.4966644488901519 1.481551128721684
1.793786985496245 0.5005272706522155 1.486575744378174
1.804245025846578 0.5033989970074544 1.490362409958724
1.81189249535929 0.5055181285499171 1.493183853807211
1.817468341066207 0.5070734662625443 1.495268984673462
1.821525087144022 0.5082105322140447 1.496800904227906
1.824472029124619 0.5090394299675657 1.497921601154339
1.826610397787349 0.5096424351835563 1.498738956765375
1.828160790093188 0.510080455244739 1.49933375968988
1.82928421095225 0.5103982791391195 1.499765908900416
0.368129975000152 0.3392960326076622 1.648166719640639
0.3692634500730343 0.3393721244418613 1.647663629566192
0.3708272392102716 0.3394762979198918 1.646969749063944
0.3729832133622453 0.3396184129761969 1.64601351592208
0.3759527486213896 0.3398113427413778 1.644697254364636
0.3800373360800241 0.34007151527184 1.64288834374992
0.3856453556325545 0.3404191979864114 1.640407926942265
0.3933255920341086 0.3408782094061351 1.637017313878645
0.403807585207201 0.3414745194836912 1.632402626192345
0.4180467264160924 0.3422332329308535 1.626160025659006
0.4372679990170042 0.3431739582412809 1.617787056704063
0.4629965934772152 0.3443063100930103 1.606690594030764
0.4970534730760819 0.3456312370663046 1.592230653122378
0.5414824325349148 0.3471596006111595 1.573828847693074
0.5983684126480242 0.3489626483287553 1.551171962372343
0.6694991184266806 0.3512602588284494 1.524525373827265
0.7558519351219226 0.3545185407450439 1.495096751439927
0.8569467457063222 0.3594774993223203 1.465270667509084
0.9702426442671684 0.3670061981892598 1.438423783008165
1.090925672574396 0.377755590045924 1.418112625391688
1.212468605889011 0.3917542535891064 1.406832047418052
1.328001525098775 0.4082271759168775 1.405039269546792
1.43192430073007 0.4258103693954122 1.411122722991588
1.520940912478109 0.4430270296514834 1.422287518938758
1.594146203427618 0.4587149607896098 1.435675243255956
1.65243102877484 0.4722121208490394 1.449095557766327
1.697694125099119 0.4833189817211806 1.461229285290303
1.732190234967719 0.4921551691788297 1.47149225546584
1.758115407019468 0.4990092892485762 1.479788222140578
1.777399200519308 0.504227148008844 1.48628544207993
1.791634847755471 0.5081448954995295 1.491261357833013
1.802085876782937 0.5110568283744109 1.495011825020664
1.809727632063487 0.5132052419512042 1.497806504173794
1.815298922610453 0.5147818282525319 1.499871923922794
1.819352092629537 0.5159342749383051 1.501389371303826
1.822296258744809 0.5167742834679886 1.502499464408821
1.824432489865361 0.5173853044582114 1.503309063322667
1.825981246486418 0.5178291025574339 1.503898199885639
1.827103421448813 0.5181510879540676 1.504326212872413
0.3941738432803456 0.3076149887011385 1.704125417396806
0.3935498786616661 0.3084128612840066 1.70325468850828
0.3926007415046341 0.3096201830792228 1.701944077795188
0.3911728188933571 0.3114222627864373 1.700003513245902
0.3890599208459907 0.3140579213955787 1.697199412299339
0.3860092417566419 0.3178000397710208 1.693288600402063
0.3817576825081512 0.3228948309372661 1.688099365347608
0.3761170339884997 0.3294479879187211 1.681659466337891
0.3691050666396431 0.3372854129382779 1.674314924161106
0.3937761830988346 0.3081238673392782 1.705486324334142
0.3931172930376706 0.3089640657337584 1.704737050311296
0.3921131987585902 0.3102373919425354 1.70361623552737
0.3905985264850824 0.3121422610087944 1.701972765068806
0.3883484371132794 0.3149372816795009 1.699633841004272
0.3850813914474781 0.3189236930064528 1.696448350604174
0.380493085099664 0.3243840504576941 1.692374589912176
0.3743448810387695 0.3314602691727464 1.687598295700625
0.3666119157883344 0.3399936811207044 1.682602309830246
0.3934044519335432 0.3085983428323433 1.706879212535867
0.3927083889240705 0.3094836365119503 1.706269170155891
0.3916463897116297 0.3108264876516257 1.705364584114999
0.3900416919396609 0.3128377831222544 1.704056455801918
0.3876523838896623 0.3157936498168731 1.702235595378145
0.3841727323562191 0.3200176740649753 1.699843037811545
0.3792680143870716 0.3258155509838167 1.696959547003418
0.3726705362593604 0.333341673668566 1.693906902430141
0.3643462355303981 0.3424205318826949 1.691265278116561
0.3930687555048749 0.3090258135590762 1.708316130651391
0.3923334297873888 0.3099588357689841 1.707873765456114
0.3912112417801677 0.3113739942654479 1.70722714035429
0.3895151721707278 0.3134931110069378 1.706313539616277
0.386989414402429 0.3166057376935313 1.705090154826763
0.3833115902591417 0.3210486330340122 1.703587473119371
0.3781321197252028 0.3271331533674398 1.701993390800546
0.3711812915262611 0.334999177343612 1.700729634991844
0.3624524435821591 0.3444244853974842 1.700416484138653
0.3927879393885477 0.3093826670498828 1.709807741571531
0.3920148347910509 0.3103616749918473 1.709569840491527
0.3908358962384869 0.3118449970922393 1.709234688382434
0.3890563221139918 0.3140623795094438 1.708790498349075
0.3864117013463015 0.3173105687849944 1.708262934717737
0.3825735581590038 0.3219277443737327 1.707765922417709
0.377196296963013 0.3282117510958292 1.707571496436823
0.370036344868809 0.3362634435619368 1.708153070435081
0.3611451427983615 0.345795005506371 1.710101316673551
0.3925979347120263 0.30962374208037 1.711366029191088
0.3917966646924971 0.3106370446933769 1.711380987470706
0.3905769103016777 0.312169308451672 1.711426981928124
0.3887407125533884 0.3144529510172927 1.711548088813082
0.3860231627032284 0.3177831302265696 1.711838808939345
0.3821031550387187 0.3224859359870705 1.712484481804877
0.3766588824151423 0.3288283538531554 1.713805584098172
0.3694954219022706 0.3368577343527429 1.716259786912854
0.3607345596298975 0.3462233058137824 1.720319704185588
0.3925756814033142 0.3096519568333511 1.712993725276103
0.3917753177192914 0.3106639670543533 1.713327205031592
0.3905595762824018 0.312190995024057 1.713847847434279
0.3887353807300938 0.3144595423399154 1.714660608738914
0.386048457139626 0.3177524016276106 1.715925901820242
0.3821985309501887 0.3223728942382061 1.717878203281077
0.3768988926463099 0.3285532296629959 1.720829758396432
0.3700009534764468 0.3363023854011747 1.725123768345896
0.3616636942049724 0.3452526209806556 1.730995260423968
1.828616915048851 0.5159070530610765 1.569973898283507
1.828514549739636 0.516269746151561 1.568738182227928
1.828359179045146 0.5168197188597795 1.566892521300729
1.828125109591775 0.5176470738650032 1.564177588506861
1.827776560689041 0.5188764338420853 1.560272430111033
1.827266788544718 0.520668793843468 1.554833331596273
1.82654133616863 0.5232080433902507 1.547589824716674
1.825549761124427 0.52665736400385 1.538502042620723
1.824269058636161 0.5310765586087152 1.527923165188995
1.828131019213243 0.5176262029604862 1.571221761077268
1.827993361110887 0.5181121318165243 1.570089368477679
1.827782957188905 0.5188539012195241 1.568399389466859
1.827462962617561 0.5199798358224913 1.565919009209916
1.826980335536638 0.5216730422049528 1.562367015883177
1.826262468768315 0.5241806030073984 1.557458046981809
1.825218886052594 0.5278029247719915 1.551002643883375
1.823756076581357 0.5328355117046107 1.54305966157671
1.821814438244057 0.5394368007528137 1.534071236886003
1.827651320058699 0.5193173997553276 1.572524447041978
1.827475652657354 0.519935234760559 1.571506559468514
1.827206119134405 0.5208816637190513 1.569989594503519
1.826794276477067 0.5223242104589539 1.567770256520549
1.826169617943483 0.5245039903576445 1.564611005731395
1.825234427719222 0.5277491764744164 1.560289166975704
1.823865374888803 0.5324612696550487 1.554699315625272
1.821933525096526 0.5390344511534361 1.547997354558835
1.819355928029953 0.5476713581548792 1.540704145007755
1.827180208754984 0.5209725464312203 1.573903515653032
1.82696179305154 0.5217379765081707 1.573021666403865
1.826626275376304 0.5229114260616532 1.571710266308146
1.826113225660308 0.5247002920424619 1.569800133890224
1.825335014525468 0.5274011700292776 1.567102584165109
1.824171130717356 0.5314128294069527 1.563461739452586
1.822471760245196 0.5372118692934089 1.558855653496811
1.820085301830172 0.5452425180254317 1.553526757086321
1.816924720545223 0.5556837853245354 1.548050452457197
1.826724572095632 0.5225679353949755 1.57538893395053
1.82645885756637 0.5234958939841741 1.574674245794318
1.82605096436675 0.524916931462686 1.573615232026602
1.825428477974589 0.5270775855605289 1.572083069564239
1.824487829572688 0.5303244941939619 1.569944561394099
1.823089647560951 0.5351112467114006 1.567114949620929
1.82106668859999 0.541955740879644 1.563652438894591
1.818260914391583 0.5512958884272817 1.559867930516216
1.814603189629507 0.5632185841992084 1.556355101071594
1.826299869159449 0.5240502812794954 1.577032576018984
1.825984039909817 0.5251496885608569 1.576532320536562
1.825500267681921 0.5268288926152175 1.575796269022833
1.82476504528943 0.5293698507572985 1.574744512435046
1.823661628057248 0.5331586778366519 1.573307416867283
1.822038323916976 0.5386801050519303 1.571474103415454
1.819723173405294 0.5464498893519031 1.569371757503172
1.81657155552666 0.5568372231203566 1.567344787000188
1.812554768061172 0.5697763790994238 1.565944699963223
1.825948643525767 0.5252727487766241 1.578936520233029
1.825586409298384 0.5265303140237736 1.578731667078999
1.825033426537676 0.5284438488818728 1.578437855130122
1.824197992491079 0.5313206128059205 1.578036042115117
1.822955861710837 0.5355668358431454 1.57752818990457
1.821153283390948 0.5416646820638309 1.576970922610756
1.818629664269108 0.5500782250201965 1.576523059845011
1.815273300075872 0.5610550377927225 1.576478974811065
1.811108853846679 0.5743558382389009 1.577224483249764
0.3953777570130428 0.3071371567510076 1.704280817345875
0.396476704538188 0.3071986579430317 1.703706486175195
0.3979920777434934 0.3072826940678345 1.702914745028386
0.4000801457251429 0.3073976993244208 1.701825583172929
0.4029542758131985 0.3075541866526237 1.70032910771806
0.4069071691772516 0.3077663554346154 1.698276740575087
0.4123322390749925 0.3080515674132296 1.695470163338383
0.4197615765258721 0.3084316551750473 1.691646525778754
0.4299031369205139 0.3089322020146075 1.686464817183526
0.4436873025969638 0.3095817526654463 1.679494038092085
0.4623131154109128 0.310410255777648 1.670211586721583
0.4872843585653396 0.3114480647091396 1.658024406818399
0.5204142633984128 0.3127286408127185 1.642333498059371
0.5637650146467721 0.3143019393082317 1.622670969871845
0.6194719339219346 0.3162611849453185 1.598922782705448
0.6893953149255239 0.3187853622892584 1.571634263332672
0.7745668001121506 0.3221671544724695 1.542282686672142
0.8745952110764381 0.3282732542615074 1.513976332126918
0.9868044479000894 0.3379725255495187 1.490319085030401
1.106181838373062 0.351402165916913 1.474764507759357
1.225992733627461 0.3678724412347905 1.46795516736333
1.339506991200453 0.3866746358729049 1.46955123161403
1.441389875710758 0.4063714294926861 1.478038970077536
1.528183750641485 0.4268656774503394 1.491073075451153
1.599595769646549 0.4454603622646522 1.504923020868192
1.656554258521826 0.4613280957031557 1.518074478623243
1.700854124218141 0.4743535545682744 1.529692523920207
1.734654925689189 0.4847196213371249 1.539425532608601
1.760079746232641 0.4927727971336092 1.547266352649192
1.779004667325806 0.4989151834113664 1.553403346034827
1.792984193066165 0.5035359303782028 1.558106216604693
1.803253461534924 0.5069764621120321 1.561654710862841
1.810766961409759 0.5095188907910967 1.564302105003864
1.816248262063541 0.5113872402014371 1.566261042634057
1.820238599653622 0.5127546442861582 1.567701896860688
1.823139135852532 0.513752466330851 1.568757101268882
1.825245172237575 0.5144790184881639 1.569527434558029
1.826773129481929 0.5150072316035884 1.570088527941662
1.827881031844977 0.5153907944093704 1.570496523756455
0.3950032208781467 0.3076188605706649 1.705564793594798
0.3961033462634327 0.3076802971690027 1.704991752049134
0.3976202898540412 0.3077642957744706 1.70420188260143
0.3997104909902409 0.3078792126889003 1.703115260827789
0.4025870932074952 0.308035488180688 1.701622345409311
0.4065442811593056 0.3082475406509199 1.69957471481275
0.4119745707192582 0.3085324626005325 1.696774694600698
0.4194108263958667 0.3089121166488098 1.692959986972907
0.4295614963518016 0.309412021896426 1.687790328046599
0.4433574786610078 0.3100606402718352 1.680835636767221
0.461998324105217 0.3108878497505645 1.671574353006585
0.4869881721976052 0.3119240219339883 1.659414472382925
0.5201401639507667 0.3132027915232934 1.643757454614082
0.563515819183085 0.3147754490625718 1.624136758250062
0.619248349759583 0.3167370675579232 1.600436222594027
0.6891947297705601 0.319270927451057 1.573198611153462
0.774381964324456 0.3226760585922051 1.543895688465539
0.8744129464238504 0.3288266603575731 1.515631758147709
0.9866084074903049 0.3385937826666146 1.492005265796857
1.105956055293876 0.3521151872735319 1.476463423861312
1.225726305903099 0.3686944258315832 1.469646138698811
1.339194822229743 0.3876170549533918 1.471212739560268
1.44103343190032 0.4074373258444274 1.479655192084663
1.52778592230954 0.4280540033758965 1.492635400904148
1.599167726921007 0.4467522732733659 1.50642255679672
1.65610694166286 0.462703455845752 1.519511144658668
1.700395644997177 0.4757946590511563 1.531072338483667
1.734190680221751 0.4862116829075994 1.5407574102221
1.759612967849853 0.4943037745947128 1.548559630515733
1.778537156112584 0.5004755357355565 1.554666528751804
1.792516847267142 0.5051182549531267 1.559346460436581
1.802786681820817 0.5085750983391547 1.562877741280655
1.810300858871786 0.5111295659882141 1.565512358679683
1.815782815214354 0.5130067617612052 1.567461886246725
1.819773733929703 0.5143806494578763 1.568895851981215
1.822674754168833 0.5153832085191419 1.569946030848479
1.824781191779036 0.5161132173287448 1.570712710541221
1.826309462254358 0.5166439487958765 1.571271151813096
1.827417614627901 0.517029346030702 1.571677226788191
0.3946561942966469 0.3080641145969255 1.706869108116375
0.3957574873668925 0.3081254116032716 1.706297481020595
0.3972759815049487 0.3082092765518904 1.705509683099425
0.3993682910872762 0.3083239695922891 1.704425860918765
0.40224731066934 0.3084798736552337 1.702936895332429
0.406208764885841 0.3086915309614669 1.70089445437588
0.4116442055036701 0.3089758198875763 1.698101657262795
0.4190872823627594 0.309354577708561 1.694296784787527
0.4292469238414243 0.3098532237553084 1.689140398943492
0.4430545251722172 0.3105000966352912 1.682203435598233
0.4617101197368435 0.3113249617879346 1.672965492679384
0.4867181658644343 0.3123581771115237 1.660835745957645
0.5198916274357058 0.3136336084366458 1.645216315310235
0.5632914080885675 0.3152037539157702 1.62564183612971
0.6190484316340301 0.3171658792866571 1.6019942386452
0.6890163320424225 0.3197078018394688 1.574813427683875
0.7742174489243535 0.3231353561890239 1.545565204178666
0.8742490477725783 0.3293302672169556 1.517349317971325
0.9864288851655253 0.3391657402638737 1.493758283757776
1.10574510219325 0.3527801525135213 1.478232412786338
1.2254732985534 0.3694699141831239 1.471408930528006
1.338894933099007 0.3885146850929699 1.472946238901931
1.440688340459799 0.4084601792306866 1.481342258962821
1.527398757615743 0.4292008253717855 1.4942664793872
1.598749765230151 0.4480041818734805 1.507987961688686
1.655669227818779 0.4640401476948373 1.521010503459227
1.699946376214437 0.4771982528245653 1.532511807597695
1.733735333993657 0.4876671803772665 1.542146257425423
1.759154846115759 0.4957989403031254 1.549907637553689
1.778078115538577 0.5020006600208761 1.555982643923013
1.79205783204334 0.5066657939020832 1.560638235073933
1.802328127790015 0.5101392817364738 1.564151231876852
1.809842904188802 0.5127060359333322 1.566772266598573
1.815325458819718 0.5145922609550548 1.568711783771576
1.819316916560358 0.5159727664827173 1.570138417324238
1.822218390066217 0.5169801607073239 1.571183244459812
1.824325206295565 0.5177136983238659 1.571946031925401
1.825853773777937 0.5182469998393335 1.572501646493744
1.826962164166798 0.5186342697749531 1.572905673844699
0.3943467904043551 0.3084602494305534 1.708198597765009
0.3954492274574988 0.3085213155430065 1.707628564314743
0.3969692455040087 0.3086049131055703 1.706843075026605
0.3990636228060828 0.3087192036419196 1.705762384084565
0.4019449825494074 0.3088745179755301 1.704277852394164
0.405910643647976 0.3090854219708865 1.702241197484598
0.4113511241615322 0.3093686268767167 1.699456476612116
0.4188008664833023 0.3097458808997633 1.69566259943654
0.4289692608695138 0.3102424571458361 1.690521055091165
0.4427881732136293 0.310886518407308 1.683603923426049
0.4614580830442038 0.3117076636962867 1.674392110774189
0.4864837175004758 0.312736196286185 1.662296138536195
0.5196777611700899 0.3140062715808444 1.646719009008492
0.5631005359823138 0.3155714847087712 1.627196433479773
0.6188804845732193 0.3175316867862509 1.603608598631373
0.6888678738285352 0.3200795588749729 1.576492218832434
0.774080352402482 0.3235283280796524 1.54730656338665
0.8741099619273724 0.3297672623399104 1.519146082096025
0.9862717399261023 0.3396716735923596 1.495596721901662
1.105554326734004 0.3533806215894033 1.480091182952567
1.225238657955445 0.370182821694481 1.473263961530285
1.338611971990437 0.3893518248093513 1.474772404479517
1.44035903112288 0.4094246764361149 1.48312070876339
1.527026555086195 0.4302911534228501 1.495986414514322
1.598346076604494 0.4492014334203087 1.509638647910627
1.655245218643534 0.465323842233015 1.522591179106112
1.699510345797525 0.4785502948927775 1.534028777982697
1.733292855997016 0.4890723150733317 1.543609226426845
1.758709304055523 0.4972446909206188 1.551326941929611
1.777631433454097 0.5034771057499943 1.557367789022616
1.791611008706205 0.5081652138004287 1.561997270086659
1.801881640943226 0.5116557672432331 1.565490630647106
1.809396924203196 0.5142351214748354 1.568097064548781
1.814880008892198 0.5161306075743252 1.570025812954668
1.818871955717307 0.5175179008540457 1.571444553585744
1.821773845960538 0.5185302546631042 1.572483616845854
1.823881014018427 0.519267412415845 1.573242210494248
1.825409859165242 0.5198033499273733 1.573794778055772
1.826518473438144 0.5201925407558827 1.574196597372348
0.3940915989945295 0.3087863756952742 1.709558266279243
0.3951951431911742 0.3088470809573575 1.708990071805235
0.3967166411858364 0.3089302233277053 1.708207218164031
0.3988130210706706 0.3090438591556793 1.707130114513926
0.4016966059118169 0.3091982703942472 1.705650677727762
0.4056663720169567 0.3094079204109006 1.703620633813694
0.4111117169777743 0.3096894045283775 1.700845162964981
0.4185678804739369 0.3100642970540907 1.697063877945122
0.4287446873263187 0.3105576593715867 1.69193933515183
0.4425744354942723 0.3111974042544968 1.685044934631666
0.4612579984755128 0.3120128879917696 1.675863100747071
0.4863003022982311 0.3130343004160764 1.663805932988626
0.5195136184522817 0.3142961537435215 1.648277619071815
0.5629577203686121 0.3158530145507026 1.628814852598526
0.6187583294024649 0.317807823712579 1.605296289980271
0.6887623127317275 0.3203585802010055 1.578255032368577
0.7739826041734063 0.3238267079090285 1.549143057285998
0.8740066001170296 0.3301090301102506 1.521048487333922
0.9861469679114839 0.3400829028142474 1.497549815370718
1.105392933823508 0.3538881834950038 1.482071121167612
1.225030976699978 0.3708051486206729 1.475244064170813
1.338354082304915 0.3901009663953378 1.476724716221244
1.440053319742703 0.4103038506288231 1.485023955017845
1.526676941019991 0.431298482652857 1.497827995664391
1.597964127784554 0.450318033439393 1.511406301936254
1.654842242338414 0.4665290480836569 1.524283540848365
1.699094763607907 0.4798257530940483 1.535652302520341
1.732870359240685 0.4904024445643266 1.545174179228717
1.758283377473634 0.4986167008782861 1.552844397028384
1.777204085535906 0.5048807968427732 1.558848000718583
1.791183307106461 0.5095926300073663 1.563448961174717
1.801454116561567 0.5131008151155144 1.566920841575483
1.808969788413909 0.5156931911496956 1.569511285294042
1.814453315841074 0.5175982504073742 1.571428229543119
1.818445687793078 0.5189925603410144 1.572838311468639
1.821347947975278 0.5200100413763483 1.573871047876493
1.823455433538314 0.5207509422670782 1.574625035674118
1.824984531560148 0.5212896046588424 1.575174255244482
1.826093351604224 0.5216807813172606 1.575573647361496
0.3939212797999979 0.3090037896982672 1.710952188177436
0.3950258688693096 0.3090639340806813 1.710386191159463
0.3965487689594813 0.3091463357185641 1.709606454304528
0.3986470388311071 0.3092589314537527 1.708533607175508
0.4015326617646468 0.3094119530193222 1.707060228952427
0.4055063472493 0.3096195912611684 1.705038013641739
0.4109562571383228 0.3098983810721251 1.702273517001542
0.4184184272546949 0.3102696006008154 1.698507171464414
0.4286030731169748 0.3107579989910389 1.693402808533746
0.4424428642536329 0.3113911243941138 1.686535410949396
0.4611389880645312 0.3121979714547661 1.67738923600191
0.4861964651543791 0.3132085214602103 1.665378314893507
0.5194269678163445 0.3144577171234246 1.649908471258069
0.5628897520414764 0.3160009394420116 1.630517320295183
0.6187075048856024 0.3179448998411841 1.60708230168551
0.68872365646377 0.3204935773496826 1.580132352996813
0.7739464096441486 0.323977762502188 1.551111094793968
0.873959403117268 0.3303018208524338 1.523098816115755
0.9860734659199291 0.3403450695719066 1.499665218499966
1.105278527901197 0.3542483877063271 1.484224195977804
1.2248668924318 0.3712825626849219 1.477404315084186
1.338137237821373 0.3907080306056621 1.478859935291947
1.439786736336665 0.411043992132456 1.487109119689308
1.526365254998086 0.4321693674931139 1.499847629799093
1.59761909793717 0.4513009972640863 1.5133456843738
1.654475329610864 0.4676033342430919 1.526140243602388
1.69871452592023 0.4809727576480671 1.537432865126136
1.732482625596036 0.4916062035901956 1.546889600667148
1.75789175434407 0.4998640303539784 1.554506775767034
1.776810685062125 0.5061611365825158 1.560468655586275
1.790789282778257 0.510897713223445 1.565037583596844
1.801060066119807 0.5144243007609157 1.56848529213125
1.808575975169844 0.5170302745423244 1.571057714710045
1.814059833338606 0.518945333946369 1.57296133980792
1.818052548271535 0.5203469741942528 1.57436164181056
1.82095511822595 0.521369812381235 1.575387226696927
1.823062877126433 0.522114625174126 1.576136004870699
1.824592196120187 0.5226561344762897 1.576681435331896
1.825701198605512 0.5230493861461252 1.577078079001144
0.393899840655171 0.3090312842272984 1.71237128332016
0.3950053574882122 0.3090905230797748 1.711808047926197
0.3965295082211019 0.3091716971964292 1.711032189558841
0.3986294529843188 0.3092825927363455 1.709964656371131
0.4015167752346145 0.309433377529913 1.708498850992161
0.4054940114564606 0.3096377176639811 1.706486399667705
0.4109479214000586 0.3099121425171734 1.703735607964707
0.4184153213854047 0.3102774360164497 1.69998792522603
0.4286067405987287 0.3107578594180824 1.694908794074214
0.4424551169767085 0.3113803927436625 1.688075208464472
0.4611618192407154 0.312173451871397 1.678973781162143
0.4862317963826768 0.3131666208620317 1.667021076783683
0.519475846414872 0.3143953207957256 1.651625317459229
0.5629527420543375 0.3159154909216161 1.632325112715185
0.6187817103666262 0.3178385579428376 1.608997272365636
0.688802715542266 0.3203754738212722 1.582165901762796
0.7740192405378592 0.3238682110924893 1.553264742436603
0.8740126935510015 0.3302285578306701 1.525363865094922
0.9860929363593641 0.3403376879605489 1.502021946049692
1.105250766579307 0.354338033370776 1.486639912006123
1.22478473590262 0.3714893762999074 1.479842498830637
1.337999091254 0.3910450570475721 1.481281270154713
1.439596704578825 0.4115152084359125 1.489481975867615
1.526129222234021 0.4327719150901106 1.502151171464684
1.597348974488885 0.4520172851082338 1.515560551110947
1.654182641464897 0.4684131525592427 1.528261716789418
1.69840789462705 0.481857650141776 1.53946717845815
1.73216797256709 0.4925500178270686 1.548848634048534
1.757572779646807 0.5008532697631244 1.556404087238981
1.776489588586461 0.5071848965350271 1.562317164806637
1.790467296074458 0.5119473999892689 1.566848477289071
1.800737849674527 0.5154933002311743 1.570267715978567
1.808253842628738 0.5181135595640398 1.572818864560062
1.813737917183115 0.5200391330951326 1.574706738774666
1.817730890801664 0.5214484831411185 1.576095458472169
1.820633708512728 0.5224769577431542 1.577112564715744
1.822741694963555 0.5232258881817257 1.577855160862334
1.824271201910132 0.5237703931725092 1.578396091411414
1.825380362573423 0.5241658288799822 1.578789468795671
0.3618884670274093 0.3459401812800762 1.666359865150957
0.3630260365572175 0.346023786651906 1.665857552041566
0.3645956065603871 0.3461383006554019 1.665164682781107
0.3667597206994873 0.3462945979026025 1.664209719582484
0.3697406024155437 0.3465069141562004 1.662895069328074
0.3738410750797444 0.3467934685641251 1.661088081805285
0.3794711899412804 0.3471768304753383 1.658609852985826
0.3871820072561847 0.3476837049667814 1.655221489822253
0.3977060097326143 0.3483435053328898 1.650608561706715
0.4120022193331389 0.3491852372023128 1.644366117041645
0.4312998538297476 0.3502325549476489 1.635989500682298
0.4571285249745695 0.3514988140307034 1.624881527088199
0.4913126453260186 0.3529880156999167 1.610395308983774
0.5358976478520924 0.3547136006800253 1.59194089670236
0.5929653277801659 0.3567509429664318 1.569188537797559
0.6642957410041016 0.3593296311574021 1.542381415601245
0.7508543391220845 0.3629363259196084 1.512702972771288
0.8521474959426226 0.3683442382992021 1.482518958541729
0.9656209990813964 0.3764605963579556 1.455203104406076
1.086447147274847 0.3879605030559302 1.434332403204823
1.208084434517884 0.4028614097421403 1.422442793724896
1.323652155873154 0.4203348944761345 1.420039839502965
1.427549916315195 0.4389372489760695 1.425552626359817
1.516493989005971 0.4571139985899227 1.436211952235159
1.589598685757787 0.4736488886588071 1.449170645914815
1.647773736978537 0.4878553205855578 1.462238975461471
1.692931669000872 0.4995330346406695 1.474091738604857
1.727334974292032 0.508815307825049 1.484135352182184
1.753182645817881 0.516010521654837 1.492263035595191
1.772404053157693 0.5214850976604968 1.49863290101681
1.786590793034823 0.5255938401140444 1.50351343338633
1.797004245752391 0.5286467125691857 1.507193048113912
1.804617502994158 0.5308985157493901 1.509935416234949
1.810167362468569 0.5325506100084623 1.511962376419871
1.814204533605998 0.5337580111852217 1.513451628451618
1.817136843148475 0.5346379525670171 1.514541125682951
1.81926428732796 0.5352779335201564 1.515335694287334
1.820806552479748 0.5357426996503459 1.515913870160471
1.821923933552773 0.5360798715305573 1.516333910010399
0.3584612623304271 0.3494885228732632 1.677701782314155
0.359602952059935 0.349575900978195 1.677199199959048
0.3611782120518547 0.3496955916456261 1.676505942294143
0.3633501616940013 0.3498589726613211 1.67555042022172
0.3663418194735079 0.3500809439708257 1.674234954196961
0.3704570449058217 0.350380587507148 1.672426774933621
0.376107265048064 0.3507815673111627 1.669946784646695
0.3838452926165566 0.3513119260834184 1.666555791864702
0.3944057786804861 0.3520026357404212 1.661938884004265
0.4087502608490234 0.352884388311446 1.65569033617597
0.428110622134088 0.3539824871080067 1.647304229301256
0.4540187837321855 0.3553117063353218 1.636181328367283
0.4883002772779161 0.3568772089902798 1.621671463190447
0.5329992841379275 0.3586939141418238 1.603179602311942
0.5901928299826605 0.3608407599343004 1.580368604126125
0.6616523348901827 0.3635562525308531 1.553471957191614
0.7483319288455075 0.3673450400043179 1.523662431871271
0.8497264707365523 0.373008377472795 1.493297474308386
0.9632721052824654 0.3814855925517129 1.465749740149687
1.084133623197073 0.3934737274215508 1.444605956039232
1.205763821473811 0.4089858273170319 1.432421278448181
1.321280297138007 0.4271566646104488 1.42972348187125
1.425088329116666 0.4464842627500057 1.434960021187105
1.513917289807636 0.4653552226943552 1.44537331855293
1.586897510444083 0.482510386505097 1.45812163697545
1.644952440463813 0.4972417083524878 1.471016080882011
1.690003376141489 0.5093455378380937 1.482729177366326
1.724316676960799 0.5189631591750886 1.492663243306345
1.750091679029652 0.5264162986967609 1.500706634455625
1.769256135187796 0.5320859419171929 1.507012615733826
1.783399176482962 0.5363404091220911 1.511845289393189
1.793779614586962 0.5395011754382698 1.515489364809604
1.801368190833378 0.5418323452712939 1.518205514277857
1.806899761873241 0.5435425479357888 1.520213228895003
1.810923451018646 0.5447923463480436 1.521688401539915
1.813845863465087 0.545703145916991 1.522767626936996
1.815966067223305 0.5463655464666424 1.523554716643752
1.817503045070921 0.5468465809516749 1.524127454879421
1.818616573386422 0.5471955453806138 1.524543545659641
0.3554987355191601 0.3524999089469953 1.689323678443676
0.3566436968039914 0.3525905514761339 1.68882054375903
0.3582234796363773 0.3527147221343127 1.688126506681186
0.3604016612876859 0.3528842362276192 1.687169889270256
0.3634018983209316 0.3531145707623293 1.685852870851885
0.3675288765318387 0.3534255592312956 1.684042491740897
0.373195123420192 0.3538418231469683 1.681559366939294
0.3809548523148215 0.3543925796766925 1.678163882318525
0.3915444440360744 0.3551101837814212 1.673540491184149
0.4059274339293141 0.3560268486342411 1.667282511404863
0.42533780433802 0.3571694180237905 1.658882556555684
0.4513092449859142 0.358554104204326 1.64773915588618
0.4856680257164913 0.3601874602823081 1.63319875403453
0.5304570408631472 0.3620863892458274 1.614661352948771
0.5877490511997039 0.3643341743826378 1.591782948318282
0.6593079736386285 0.3671792036336806 1.564788525844725
0.7460782415666168 0.3711451032178479 1.534842227608261
0.8475449192255793 0.3770620797490687 1.504296017915955
0.9611358217700555 0.3859023669176304 1.476524492842533
1.082008812816778 0.3983855972536352 1.455126230222214
1.203610893370555 0.4145206342699659 1.442675675815738
1.319057547620849 0.4334048745763455 1.439720443558934
1.422759381791691 0.453476642628836 1.444722311341875
1.511458743746461 0.4730617273163317 1.454931051349764
1.584302005051895 0.4908563101483748 1.467507065368171
1.642226350837723 0.5061296701964745 1.48026044114511
1.687161769455456 0.5186741586889411 1.491860860072432
1.721378306449197 0.5286389604066061 1.501706814760866
1.7470753932742 0.5363593573704531 1.509682511871342
1.766178898342689 0.5422312577804307 1.515937223077862
1.780275232512671 0.5466368948757855 1.520731495482653
1.790620416162163 0.5499096279086618 1.52434705309022
1.798182657071769 0.5523231815236912 1.527042160184734
1.803694724756236 0.5540937128158693 1.529034424695404
1.807704043150563 0.5553875352037817 1.53049829129101
1.810615910632208 0.5563303796736448 1.531569265463948
1.812728402750651 0.557016063361547 1.532350345422218
1.814259750960215 0.5575139938693757 1.532918713218592
1.815369178578591 0.5578752050165213 1.533331628291877
0.3532162954906641 0.3547853143659518 1.701258100121678
0.3543630956812528 0.3548786430629978 1.700754122237172
0.3559454302768055 0.3550065043746013 1.7000589045366
0.3581271366132822 0.3551810793155026 1.699100640995481
0.3611322435958388 0.3554183303632328 1.697781314416948
0.3652659094526116 0.3557387296412503 1.695967701904743
0.3709412985594799 0.3561677253719255 1.693480035922854
0.378713431782625 0.3567355714497581 1.690078154962425
0.3893196846938216 0.3574758898040034 1.68544572557977
0.4037247263961701 0.3584223715544047 1.679174927850372
0.4231637047717595 0.3596035148576281 1.670756715942944
0.4491712110521501 0.3610373533069716 1.659587223598422
0.4835736978590519 0.3627325890173928 1.645009467009765
0.5284128708696598 0.3647092675666679 1.626418714463036
0.5857583315340807 0.3670564003023442 1.603464847870326
0.6573687660022501 0.3700334244029517 1.576365923662083
0.7441820834429964 0.3741833066268654 1.546280090466285
0.8456768694943879 0.3803643891315965 1.515557437590469
0.9592751151765457 0.3895800431433277 1.487578348333038
1.080128815654821 0.4025705711290352 1.465955923979068
1.201678808159593 0.4193394055585479 1.453283878638715
1.317037239134625 0.4389462443806108 1.450126389529417
1.420618650522545 0.4597699745450059 1.454954022736848
1.509177243865009 0.4800759338650177 1.465018051412141
1.581874678742229 0.4985158500843277 1.477476503025042
1.639661398692552 0.5143363792760762 1.490135918966853
1.684475755692448 0.5273258693005061 1.501662373792523
1.718591219730277 0.537641419274501 1.511450958370595
1.744207088657237 0.545631923991457 1.519382762951975
1.763247143639874 0.5517083045858296 1.525604293452692
1.777294900225112 0.5562668117883621 1.530373728103198
1.787603441218501 0.5596527934705073 1.533970838333159
1.79513832389052 0.5621496849060659 1.536652327037832
1.800630138058221 0.5639812498457197 1.538634585478668
1.804624537524044 0.565319614298186 1.54009112370044
1.807525460801195 0.5662948820086606 1.541156744771748
1.809629951058058 0.567004124403524 1.541933922260426
1.811155458958586 0.5675191511461746 1.542499450068174
1.812260633318419 0.567892753730828 1.542910299017427
0.3518736699496717 0.3561153271794402 1.713472749456639
0.3530202991200506 0.3562105507038502 1.712967653344689
0.3546024194675376 0.35634102330746 1.712270876001535
0.3567838509964966 0.3565191937936479 1.711310445973143
0.3597886209901657 0.3567613866149728 1.709988097780868
0.3639218624654676 0.3570885611021126 1.708170277142869
0.3695967242449092 0.3575268189189044 1.705676745115343
0.3773681983714348 0.3581072737430908 1.702266678149535
0.387973618318417 0.3588646752453565 1.697622817333236
0.4023775660668533 0.3598341682853825 1.691336046072892
0.4218150338131323 0.3610461192745537 1.682895501417263
0.4478202892639528 0.3625209961442672 1.671694817493354
0.4822191923257154 0.3642708096618467 1.657073634084373
0.5270524375882449 0.366320464466925 1.638422884238737
0.5843881265303972 0.3687666640652846 1.615387374337276
0.6559831159495766 0.3718813605853784 1.588180290873363
0.7427735693574486 0.3762268247087495 1.557957181502911
0.8442366484087741 0.3826873344142863 1.527070905422215
0.9577924189676656 0.3922934349195803 1.498912633071435
1.078588739167812 0.4058019416904351 1.47711351452888
1.200059760141719 0.4232083661205899 1.464286523008707
1.315312247085298 0.443534755667387 1.461007984029169
1.418762124357511 0.4651025515057728 1.46574966600225
1.507173159331175 0.4861192264923733 1.475756208578983
1.579720615866617 0.5051941582725035 1.488176900711475
1.637367112060391 0.5215526175423615 1.500811115278568
1.682058723934737 0.534979440579118 1.512320196696738
1.716071984382127 0.5456396706626486 1.522096413496908
1.741605853985863 0.5538956250153485 1.530019212030052
1.760581907990063 0.5601729797086239 1.536234102807084
1.774580694157629 0.5648817506416725 1.540998615871354
1.784852310251762 0.5683790602767174 1.544592074475077
1.79235963192709 0.5709578796925225 1.547270856796632
1.797831046199042 0.5728494489144496 1.549251113756663
1.801810420997603 0.5742316056800676 1.550706173240218
1.804700323855941 0.5752387509901976 1.551770703926955
1.806796757217559 0.5759711558196142 1.552547078868076
1.808316385184865 0.5765029908436644 1.553112018024819
1.809417277738462 0.5768887759656701 1.553522433523089
0.3517881579280283 0.3561981662776564 1.725826204204005
0.3529320146449774 0.3562941420353203 1.725319762425699
0.3545103399056533 0.3564256661314034 1.724621112233944
0.3566865770534218 0.356605311766676 1.72365808577901
0.3596842661750885 0.3568495836167912 1.722332127018119
0.3638078687568573 0.3571797028838639 1.720509294639412
0.3694696695910045 0.35762216174425 1.718008806302595
0.3772235417768521 0.3582086555785604 1.714589085127182
0.3878054225887624 0.3589748200125853 1.709931838889037
0.4021782069682378 0.3599571495502 1.703626537650129
0.4215749919959313 0.3611880750417858 1.69516040176092
0.4475280990010454 0.362691210364634 1.683924543637934
0.4818617550703391 0.3644833025989273 1.669255401805259
0.5266158653425589 0.3665962729567235 1.650540169193214
0.5838592484893836 0.3691369761410206 1.627419948709284
0.6553515498447618 0.3723915810652771 1.600105688794232
0.7420337856919004 0.3769411411124969 1.569754670120503
0.843388834736877 0.3836920980278871 1.538728554093978
0.9568405540356318 0.3936956799031517 1.510435989883161
1.077535444265171 0.407718451679305 1.488531168916079
1.198900473872958 0.4257441452900307 1.475646732368751
1.314034054029107 0.4467579720955481 1.47236548976836
1.417349392313477 0.4690285888725562 1.477150063656793
1.505615839737706 0.4907116059213544 1.487226962715966
1.578019142547531 0.5103791059646233 1.49972745589246
1.635532033881147 0.5272380709402915 1.512438258469189
1.680107165940597 0.5410710697258002 1.524014103353848
1.714023621350558 0.5520510701144793 1.53384509762684
1.739479888871036 0.5605531203433355 1.541811088127679
1.758395395536551 0.5670167150766964 1.548059136646959
1.772347858755431 0.5718646924528505 1.552848640762672
1.782584545327317 0.5754651179064364 1.556460696946662
1.79006579337767 0.5781198079689082 1.55915319634028
1.795517906491285 0.580066939552842 1.561143507463604
1.799483063635578 0.5814896431937084 1.562605902288473
1.802362536498018 0.5825263008811767 1.563675767724127
1.804451343462609 0.5832801482962773 1.564456013785268
1.805965404966321 0.5838275419709619 1.565023758976906
1.80706224335476 0.5842246034939862 1.565436203440515
0.3532862555717925 0.3547107328254722 1.737990533170931
0.3544242780087448 0.3548058540771583 1.737482527245249
0.3559945926591628 0.3549362329051114 1.7367817033028
0.3581598427328133 0.3551143609565196 1.735815666773688
0.3611425076687981 0.355356659187204 1.734485530189565
0.3652456137144136 0.3556842777933349 1.732656910868489
0.3708795774596044 0.3561236994604465 1.730148412232717
0.3785958597615707 0.3567067551644229 1.726717613979921
0.3891273910428787 0.3574695278540546 1.722045082414181
0.4034334682979362 0.3584495458002026 1.715718755751047
0.4227432038721452 0.3596813012420346 1.707223834314318
0.4485850064972633 0.3611921217046951 1.695948882919748
0.4827801873908864 0.3630048773137105 1.681227321557012
0.5273680993314638 0.3651607360185677 1.662443248761277
0.5844209756298634 0.3677792504110096 1.639235607543409
0.6557070017044198 0.3711623143283401 1.611816182264636
0.7421804703900584 0.3759082793414991 1.581349265012051
0.8433394044467634 0.3829397909191458 1.550213027133012
0.9566194122009547 0.3933189258785124 1.521842683777253
1.077170001003433 0.4078117850561968 1.499923008199045
1.198410877466217 0.4263847506883803 1.487108267211773
1.313428179993748 0.4479885469891218 1.483981519633739
1.416626234939794 0.4708483995029467 1.48898302692253
1.504773432198895 0.4930801956669573 1.499305504329508
1.577060521262193 0.5132292845990479 1.51204889780406
1.634466602404976 0.5304910770224429 1.524978904276695
1.678948851537363 0.5446486724881566 1.536740315816411
1.712788132145476 0.555882906842588 1.546721470303075
1.738182494514726 0.5645798847309046 1.554805142112118
1.757049657793397 0.5711905958907584 1.56114333693422
1.770965098037094 0.5761483159423204 1.566000775271992
1.781173840066253 0.5798299134179954 1.56966343045772
1.788634207692943 0.5825442578625114 1.572393301257924
1.79407085060106 0.5845350411961995 1.574411047545367
1.79802460107799 0.5859895795563049 1.575893494302782
1.800895698586072 0.587049396082319 1.576977969219891
1.802978376466813 0.5878200635527357 1.577768835451411
1.804487960864215 0.5883796567997581 1.578344289964488
1.805581535919287 0.5887855583161876 1.578762320998143
0.3936388214554328 0.3082993322133181 1.715773274844591
0.3930921190491056 0.3089960937317555 1.716813460278267
0.3922533006412903 0.3100602330774031 1.718381536273483
0.3909764104227632 0.311668808983079 1.720706296884432
0.3890565859651896 0.3140620526537886 1.724068126565155
0.3862254420952721 0.317537254315634 1.728756156450181
0.3821728422054298 0.3224033478123694 1.734966116802239
0.3766233152165998 0.3288690901183292 1.74263991619074
0.3694847324089675 0.3368694591628539 1.751320179108068
0.3945537061343382 0.3071276167583409 1.716455218465295
0.3941868652571011 0.3075983017813656 1.717648592628805
0.393615897399813 0.3083285995721771 1.719451583874547
0.3927290499120979 0.309457417676715 1.722131867460841
0.3913583564123254 0.3111890693232063 1.726020762307967
0.3892626009326693 0.3138066721966464 1.731465675745514
0.3861258805066753 0.3176583139207043 1.738711521214983
0.3816058754971358 0.3230742264342121 1.747707207546142
0.3754725201939908 0.3301823535247957 1.757919261717812
0.3955017427121923 0.3059058213104465 1.716856851658168
0.395293427549633 0.3061749600082656 1.71812573837492
0.394961492814435 0.3066030319383568 1.72004833683432
0.3944290847447913 0.3072876455495506 1.72291722122516
0.393570906894307 0.3083860263474867 1.727100867360477
0.3921893263745378 0.3101411489594476 1.732998830017221
0.3899964960056201 0.3128941244308342 1.740921011649721
0.3866364780769369 0.3170366442862123 1.750879533594288
0.3817997691280905 0.3228450654628885 1.762369155637674
0.3964471649183722 0.3046795782919902 1.717093021302758
0.3963732066721757 0.3047757881335338 1.718397653885523
0.3962463331592848 0.3049407212194218 1.720379551946241
0.3960232671415065 0.3052303587170958 1.723346878100507
0.3956234876919727 0.3057483540208181 1.727693533210417
0.3949031999422205 0.306678109221044 1.733858944253459
0.3936275966631802 0.3083136635719681 1.74221068196323
0.3914712610917446 0.3110470249644563 1.752832117402966
0.3881015296928453 0.3152414989338705 1.765281272158616
0.3973816351757128 0.3034597766180497 1.717222495868416
0.3974198931775776 0.3034096710830471 1.718541233702661
0.3974663466034272 0.3033488145975261 1.720548965876413
0.3975091166492563 0.3032927664497259 1.723563257134957
0.3975123781793343 0.3032884916943107 1.727994534884354
0.3973918458306561 0.3034464052634403 1.734310260635396
0.3969827811133224 0.3039813670268821 1.742922316194697
0.3960237316391305 0.3052297560504512 1.753975476035543
0.3942063134186257 0.3075733773604216 1.767094086339149
0.3983025022139089 0.3022500897107213 1.717277612194466
0.3984337213890532 0.3020770922464501 1.7185982797183
0.3986255255422691 0.3018239393854466 1.720612647488807
0.3988949663545317 0.3014677525325338 1.723643540427986
0.399249686058373 0.300997820892927 1.728111366155792
0.3996677592488577 0.3004424773846021 1.734501638354903
0.4000661442003872 0.2999117874719749 1.743256560786687
0.4002726445225065 0.2996361294085865 1.754565941896751
0.4000417185874843 0.2999443671575981 1.768107999741483
0.399212215554642 0.301047516103279 1.717278048428534
0.3994230911785236 0.3007676748478679 1.718593748651124
0.3997405919400417 0.3003455662323402 1.720603686959484
0.4002084916585075 0.2997218096909571 1.723633230878192
0.400876052511583 0.2988283629823826 1.728108116838493
0.4017839606779008 0.2976065337689666 1.734523996736475
0.4029364685777652 0.2960442573165026 1.743340509508042
0.4042654220322067 0.2942268997714549 1.754773752368622
0.4056125431960609 0.2923670036136494 1.768534335416734
1.826160023135959 0.5245373955220104 1.583239725465882
1.825837414092254 0.5256592496112393 1.583896157393065
1.825343269352842 0.5273725992400625 1.584879337697996
1.824593208181233 0.5299618232098009 1.586321761765471
1.823470554449361 0.5338118080907184 1.588373111626353
1.821826135569028 0.5393972943559875 1.591159437197872
1.819494792614648 0.5472098400514384 1.594701723409737
1.816343646977261 0.5575801874943949 1.598808524992325
1.812357309598055 0.5704041477298695 1.603017789492516
1.826672161576714 0.5227511104929351 1.584585569229713
1.826422248550476 0.5236236047016603 1.585468088287449
1.8260367373979 0.524966420901538 1.586791599545484
1.825445117648033 0.5270199539447247 1.588738699527351
1.824545195500949 0.5301270970016014 1.591521730217343
1.823197072025576 0.5347451224259154 1.595333901693264
1.82122900764202 0.5414100212631867 1.600246352286439
1.818473298837536 0.5505949244370737 1.606063276431863
1.814848735604021 0.5624268630474777 1.612223701694385
1.827227416960207 0.5208069470637567 1.585591152681718
1.827046065997474 0.5214427889271198 1.586616097027538
1.826764173619333 0.5224294817310927 1.588155200134935
1.826326551136709 0.5239572864404413 1.590425817847572
1.825649777884894 0.526310552725077 1.593687978912613
1.824613049603858 0.5298935068636419 1.598195758951373
1.82305633489566 0.5352247277525051 1.604088377692846
1.820803593526084 0.5428390030234009 1.611227121668297
1.817733135152391 0.5530335964206848 1.619063540699392
1.827795338620416 0.5188102827801487 1.586405989101476
1.827674871288617 0.519234507964445 1.587530025465953
1.827485779395635 0.5198996398418326 1.589219168338642
1.827188035846809 0.5209450940926701 1.591715899110113
1.826718518155495 0.5225890975027427 1.59531638321528
1.825980949386132 0.5251604344196721 1.600324608378042
1.824839478629993 0.5291132077678236 1.606943549621835
1.823131331199368 0.5349692127591631 1.615103695608311
1.820721460985102 0.5431144178800773 1.624306419348981
1.828366410149055 0.5167941366149573 1.587098362391847
1.828298949033938 0.5170327478625867 1.588295869197061
1.828191257005306 0.5174134103502696 1.590095950328529
1.828017723230355 0.5180261701464984 1.592759880526155
1.827735771731288 0.519020094153177 1.596611667412192
1.827276600997473 0.5206343561925802 1.601995674205246
1.82653690804411 0.5232235019125208 1.609170436243681
1.825383605243273 0.5272329685347953 1.618134136873256
1.823691873441633 0.5330552130350933 1.628450059884042
1.828937066381568 0.5147709360643069 1.587705081988215
1.828915458800838 0.514847699771748 1.588959893779849
1.8288786925436 0.5149782882422813 1.590846088768747
1.828814649412922 0.5152056749431547 1.593639437017467
1.82870096142994 0.5156090603026225 1.597685830547169
1.828497854253023 0.5163288742584811 1.603362407919244
1.828140281907737 0.5175934882388308 1.61097500095743
1.82753731337358 0.5197184599648338 1.620583377697765
1.826593915117833 0.5230244532098353 1.631813634842139
1.829507119563423 0.5127412689336482 1.588249147634686
1.829527028592481 0.5126702264131446 1.589552329199199
1.829554700371399 0.5125714659926578 1.591510715658486
1.82959072511013 0.5124428631485911 1.594411820525319
1.829632286173046 0.5122944532142962 1.59861923669125
1.829668812451967 0.5121639836434703 1.604536730760383
1.829675995084033 0.5121383235164032 1.612509020250561
1.82961195294684 0.5123670666963184 1.622647528704518
1.829423865784864 0.5130382331734179 1.634632794756716
0.3947966262759798 0.3078865748736801 1.714687010574354
0.3959045430709625 0.3079421297396226 1.714130369175381
0.3974319349897062 0.3080182229069248 1.713363692835647
0.3995360672624759 0.3081221284364371 1.71230888459967
0.402432557903601 0.3082634457032087 1.710859477543386
0.4064141512921614 0.3084545481964051 1.708872077775161
0.4118781193121218 0.308711083794463 1.706154296269427
0.419358615813582 0.3090521154424415 1.702451763758343
0.4295685752420081 0.3094993977206756 1.697433876753527
0.4434361921038074 0.3100790265113158 1.690683521941491
0.4621685442374967 0.3108154709259078 1.681692950126254
0.4872666798053299 0.3117344662778994 1.669889547418978
0.5205457767452493 0.3128763888018444 1.654681203354241
0.5640531005354729 0.3142942005021477 1.635617698699895
0.6199054208131769 0.3161089093557145 1.612578934904184
0.68993430032192 0.3185493058477798 1.58607912608717
0.7751265230922315 0.3219859898268363 1.557530903681524
0.8750623237550407 0.3283441813169514 1.529982011472618
0.9870485948754729 0.3384972642670222 1.506955222283254
1.106079415348993 0.3525916263181276 1.491808501405254
1.22547222377429 0.3698623983571547 1.485148508028679
1.338548133460088 0.389551062876987 1.4866161662575
1.440024506346826 0.410158267986062 1.494751121101292
1.526461268180912 0.4315442966135177 1.507285174123225
1.597613997325579 0.4509050024383997 1.520500840041995
1.654404387924641 0.467400567060276 1.532988117474971
1.698604376804558 0.4809287236297626 1.543989173481215
1.732351047575532 0.4916891285435822 1.553191095926068
1.757749761939613 0.5000463991503866 1.560597699396303
1.776664641899306 0.5064200490697723 1.566392170327229
1.790642531153143 0.5112146957156201 1.570831513146266
1.800914259721683 0.514784891243468 1.574180875859554
1.808431789245164 0.5174233448100098 1.576679679132047
1.813917406758462 0.5193624334157165 1.578528739566838
1.817911804630372 0.5207817975775748 1.579888874157012
1.820815843299274 0.5218176418354852 1.580885049867199
1.822924798558494 0.5225719701880901 1.581612367562103
1.824455126021529 0.5231204406552534 1.582142181388241
1.825564931776829 0.5235187766998672 1.582527488384801
0.3955934623147338 0.3068637091167244 1.71527169705437
0.3967026627872535 0.3069171270798611 1.714717559104559
0.3982317670464832 0.3069902787024065 1.713954356587367
0.4003381877667581 0.3070901424479902 1.712904359872959
0.4032376668591862 0.3072259151317671 1.711461636877314
0.407223213018742 0.3074094396721449 1.709483465074445
0.4126923377546809 0.3076556630661981 1.706778410756076
0.4201794924851406 0.3079827455566817 1.703093366676806
0.4303977966536161 0.308411208456032 1.698099348071853
0.4442760947246816 0.3089661771494694 1.691381533817221
0.4630211892344968 0.3096703993115414 1.682434737194418
0.4881347013040462 0.3105481878581617 1.670688830117862
0.5214291079475449 0.3116404394981607 1.655557039852904
0.5649519316656736 0.3130000357888493 1.636590220239442
0.6208160641097279 0.3147523533524054 1.613670062269901
0.6908479192773374 0.3171337539175528 1.58730881292068
0.7760285335069053 0.3205266239257559 1.558911115347934
0.8759337078632398 0.326861462204427 1.531516222687101
0.9878683440582486 0.3369995531633473 1.508628690688819
1.106829064896869 0.3510865690299898 1.493585661016215
1.226144268392179 0.3683475307559573 1.486983882391651
1.339146378503586 0.3880205715834038 1.488461991353987
1.440561457265385 0.408607971688289 1.496565885271328
1.526955562899353 0.4299682626200801 1.509038905868291
1.598081510609908 0.4493082603115695 1.522172171941779
1.654856943861869 0.465790421738093 1.534572040129471
1.699050186929823 0.4793106424004182 1.545491245008562
1.732795353976806 0.4900668309405534 1.554622412932093
1.758195287235447 0.4984221907294534 1.561970980148033
1.777112655203638 0.5047952551749202 1.567719593347386
1.791093406445485 0.509590008564018 1.572123636573759
1.801367892710271 0.5131606201646305 1.575446321806077
1.808887870225591 0.5157995927364164 1.577925230612361
1.814375556979502 0.5177391934027034 1.5797595932025
1.818371646347565 0.5191590207012018 1.581108945863822
1.821277038969435 0.5201952553105071 1.582097247266981
1.823387068411311 0.5209499049917634 1.582818836972257
1.824918233913324 0.5214986339131539 1.583344493866709
1.826028687281023 0.5218971736471557 1.583726788655262
0.3964379542969609 0.305773572861188 1.715627176660298
0.39754821243277 0.3058249683005325 1.7150751651049
0.3990787185275678 0.3058953373932825 1.714314917011262
0.4011870033605059 0.3059913790047039 1.713269016403993
0.4040888919910439 0.3061219122155259 1.711831993549259
0.4080776053075981 0.3062982822459498 1.709861699413621
0.4135508286836032 0.306534780214023 1.707167523095244
0.421043228239264 0.3068487286272519 1.703497445078289
0.4312679493780195 0.3072595911164601 1.698523909249298
0.4451545800825571 0.3077913683115511 1.69183398179888
0.4639093813708595 0.3084654777999645 1.682924791255122
0.4890343773731758 0.3093051798260419 1.671228372327868
0.5223399394015228 0.3103511926583884 1.656162553655298
0.5658735763420317 0.3116570721624765 1.637279247963201
0.6217448358397105 0.3133521197307781 1.614461825743735
0.6917756506654986 0.315679368707261 1.588221022828619
0.7769421066546239 0.3190312566378298 1.559954732180123
0.8768158078906564 0.3253423522295461 1.532695155801054
0.9886995675201559 0.3354609771981557 1.509930173708386
1.107592447290947 0.349531368946204 1.49497821500509
1.226833214076617 0.366769832146587 1.488427092990207
1.339765339459348 0.386412122393081 1.489914123162046
1.441123267335032 0.4069635711415862 1.497990823488587
1.527479113558073 0.4282817987272636 1.510410844477522
1.598582048593365 0.4475874969672339 1.52347408933442
1.655345609602699 0.4640454493851744 1.535800712599918
1.699534569890898 0.4775493479917894 1.546651971576127
1.733280161014238 0.4882949182325131 1.555724825842258
1.758682792338841 0.4966435563623036 1.563025823004625
1.777603767683692 0.5030124552609565 1.568737015049612
1.791588219319053 0.5078046688600493 1.57311235679766
1.801866085429836 0.511373752660191 1.576413414853422
1.809388969818336 0.5140118217934966 1.578876235296199
1.814879062031473 0.5159508989396743 1.580698736739179
1.818877089991006 0.5173704314506038 1.582039404456067
1.821784016430372 0.5184065069463888 1.583021372930623
1.823895250929538 0.5191610794349295 1.5837383628149
1.825427349850179 0.5197097770018144 1.584260685975214
1.826538520055329 0.5201083105471731 1.584640567944775
0.3972970769202515 0.3046581197332257 1.715843233028133
0.3984082673090052 0.3047075880185149 1.715293100008906
0.399940003045624 0.3047753068557218 1.714535464988028
0.4020499170595874 0.3048677085843862 1.713493190440496
0.4049538952522593 0.3049932545278912 1.712061221528668
0.4089453424105185 0.3051628182662954 1.71009791893445
0.4144220826677861 0.3053900702063437 1.707413408387559
0.4219189528971365 0.3056915446336474 1.703756645534132
0.4321490300485094 0.3060857767942403 1.698801384112857
0.4460427345802119 0.306595528408012 1.69213631117144
0.4648056211647605 0.3072411670303254 1.683260727164038
0.4899400186865555 0.3080451558101416 1.671608644744065
0.523254633271129 0.3090475109944602 1.656602023418069
0.5667967671937411 0.3103029787930743 1.63779389807078
0.6226729702812493 0.311944457016068 1.615069317794077
0.692701100496038 0.3142210226073593 1.588937889579376
0.7778527508180274 0.3175340152681865 1.56079163962584
0.8776953176831859 0.3238214159153444 1.533656736410841
0.9895293454933723 0.3339182139859674 1.511005344736428
1.108356216607993 0.3479668632560894 1.496138424096715
1.227524690001641 0.3651759333867091 1.489635239288003
1.340389128547105 0.3847794165724074 1.491132151388103
1.441692222977708 0.4052864653443623 1.499185728068429
1.528012110510455 0.4265542603816408 1.511559060808659
1.599093958119056 0.4458187633126715 1.524560841698785
1.65584720296572 0.4622470552087585 1.536823508030754
1.700033110942552 0.4757304206110982 1.547615683766734
1.733780083404259 0.4864621656835648 1.55663801582415
1.759186143476814 0.4948016790879283 1.56389792230184
1.778111277171634 0.5011646274243412 1.569576874722015
1.79209984093446 0.5059529829700492 1.573927544808947
1.802381391836038 0.5095195716419636 1.577210047922593
1.809907407718004 0.512156029885853 1.579659088714897
1.815400069687655 0.5140940690641543 1.581471446117144
1.819400157107477 0.5155129296197015 1.582804696273632
1.822308705218966 0.5165485728735516 1.583781262356061
1.824421208651239 0.5173028701502189 1.584494332918298
1.825954287561385 0.5178513922384222 1.585013818566932
1.827066208378543 0.5182498152748458 1.585391648853165
0.3981598529443883 0.3035313363941589 1.715966311758038
0.3992718967298934 0.3035789505483397 1.715417884297514
0.4008047538771354 0.3036441203878429 1.714662624127339
0.4029161496170489 0.3037330216248504 1.713623647581183
0.4058220168072947 0.3038537730416181 1.712196281606189
0.4098159266392781 0.304016796197271 1.710239352215565
0.4152958206228128 0.3042351671439211 1.707563661766017
0.4227966796907592 0.3045246688199222 1.703919062959038
0.4330314485281909 0.3049030066149623 1.698980539484961
0.4469314581510336 0.3053916083722318 1.692338208406287
0.4657014408652567 0.3060100049516235 1.683493451167015
0.4908439633903723 0.3067800531702958 1.671882139883948
0.5241664088255203 0.307740648925157 1.656930026107136
0.5677157208615717 0.3089481213547329 1.638191341253489
0.6235956951493283 0.3105387203378973 1.615552828780701
0.6936203907315089 0.3127671102134961 1.589523252828982
0.778757207005269 0.316042717151837 1.561489406055049
0.8785692655554049 0.3223065040372738 1.534472160382741
0.9903546627665188 0.3323799425515636 1.511928621566986
1.109116997640355 0.3464034914386077 1.497143116216608
1.228214764629131 0.3635786940267345 1.490686563926586
1.341013110783377 0.3831382082939309 1.49219454795435
1.442262907018111 0.4035954995943477 1.500228243311196
1.52854829217824 0.4248076176116672 1.512559557303475
1.599610255675741 0.4440266163708719 1.525505936958534
1.656354153385887 0.4604218389379213 1.537711093168298
1.700537773346202 0.473882036696179 1.548450264778575
1.734286721320818 0.4845979473144225 1.55742737804184
1.759696663154837 0.4929268299505619 1.564650581123478
1.778626296618747 0.4992827084533689 1.570300789453505
1.792619227635114 0.5040663787428216 1.574629499215801
1.802904652247362 0.5076298650786688 1.577895510443505
1.810433938777291 0.51026426817258 1.580332319710232
1.815929272230972 0.5122009464163834 1.582135683273893
1.819931494058459 0.5136188977777716 1.583462364133994
1.822841718282734 0.5146539370801281 1.584434150261927
1.824955530222886 0.5154078346539029 1.585143756471909
1.826489617995269 0.515956090571113 1.585660736248909
1.827602310356521 0.5163543374706031 1.586036756139111
0.3990219393659259 0.3023988071789987 1.716022686387582
0.4001347821016943 0.3024446240326714 1.715475836856399
0.4016686859578837 0.3025073237082528 1.714722775753844
0.4037814617857118 0.3025928329280507 1.713686855088139
0.4066890799011744 0.3027089398142849 1.712263759125199
0.410685265995512 0.3028656290605348 1.710312746484004
0.4161680646122644 0.3030754026921201 1.707645251833588
0.4236725828614714 0.303353320717841 1.704011967384428
0.4339115860134397 0.3037163375515782 1.699089049769814
0.4478173839722643 0.3041844636759073 1.692467900244658
0.4665937979193625 0.3047765654144972 1.683651919915188
0.4917435819842537 0.3055140450690452 1.672078758681099
0.5250730747826009 0.3064343269252714 1.657177696639669
0.5686287349035231 0.3075956437276495 1.638504234388245
0.6245117875248939 0.3091374086271331 1.615946824976304
0.6945326957686464 0.311319525091682 1.590013605360381
0.7796548795631815 0.3145588902315775 1.562086606745926
0.8794371072773056 0.3207991318309405 1.535181962361823
0.991174863874052 0.3308481054228332 1.512742198258903
1.109873872173521 0.3448441279432829 1.498035622944383
1.228902177450444 0.3619822531835092 1.491624940503136
1.341635629635994 0.3814941274209068 1.493145055402254
1.442833244472283 0.4018978755911134 1.501161406543754
1.529085150975467 0.4230506363235613 1.513454245379498
1.600128070051166 0.4422211082078322 1.526349732508912
1.656863297027361 0.458580863164281 1.53850212350842
1.701045162759106 0.4720160356632874 1.549192737292661
1.734796501900869 0.4827146909027494 1.558128494304887
1.760210642610877 0.4910318763120048 1.565318179849988
1.779145015040456 0.4973798913509919 1.570942176929718
1.793142492217367 0.5021582890763295 1.575250887858612
1.803431923095947 0.5057182416066819 1.578501897936298
1.810964577964683 0.5083502736280955 1.58092759333092
1.816462654315758 0.5102853612529978 1.582722792871441
1.820467063246749 0.511702234380225 1.584043516082404
1.823379001850379 0.5127365474115667 1.585010970886906
1.8254941501178 0.5134899565826097 1.585717440558844
1.827029267063599 0.514037881650069 1.586232153349348
1.828142745691717 0.5144359056144335 1.586606536607471
0.3998816947039274 0.3012626511588225 1.716028637377061
0.4009952953801832 0.3013067170950164 1.715483264468862
0.402530189822276 0.3013670107988919 1.714732262899735
0.4046442692267004 0.3014492166172928 1.713699205891598
0.4075535345312318 0.3015608013873073 1.712280115593223
0.4115518569422937 0.3017113254389794 1.710334657256925
0.417037373556068 0.3019127332057949 1.707674862656605
0.424545304386908 0.3021793850965074 1.704052217853416
0.4347881900706407 0.3025275621326093 1.699144007609071
0.4486994027338713 0.3029757494799974 1.692542800469867
0.4674817585493838 0.3035423261185241 1.683753970000818
0.4926381420896649 0.3042483958514234 1.672216877044053
0.525974180290586 0.305129445393018 1.657364139070539
0.5695355823001003 0.3062461496592634 1.638752546526219
0.6254212585408184 0.307740749756301 1.616272308644382
0.6954382099239265 0.3098781536221665 1.59043109846961
0.7805460521123816 0.3130822100728197 1.562606572827282
0.8802991010545271 0.3192990010559906 1.535810559154716
0.9919900858681973 0.3293226915130795 1.513471387879536
1.110626767622519 0.3432893499143757 1.498841834144347
1.229586604586774 0.3603879639876847 1.492476486947915
1.342256086076177 0.3798494276557133 1.494009636544104
1.443402357542487 0.400196786787452 1.50201070777755
1.529621532783554 0.4212874378556447 1.514267917486627
1.600646019907167 0.4404071190834584 1.527116096147836
1.657373073097179 0.4567296032189263 1.539219473512853
1.701553582055143 0.4701383404105652 1.54986503708748
1.735307620096906 0.4808186726330747 1.558762472669732
1.760726197412987 0.4891233522257388 1.565921142511618
1.779665489106966 0.495462900772236 1.571520915342357
1.793667647826034 0.5002355792247981 1.575811164935471
1.80396118566468 0.5037916693167449 1.579048341724117
1.811497283309394 0.5064210894284001 1.581463798444515
1.816998157116832 0.5083544112318705 1.583251483568513
1.821004793493558 0.5097700771106748 1.584566727768497
1.823918475839852 0.5108035704549027 1.585530202272388
1.826034981806475 0.5115564235195423 1.586233791840888
1.827571143580622 0.5121039682601417 1.586746424504595
1.828685419894655 0.5125017332928509 1.58711930709009
0.3618435062335679 0.3459873487691243 1.759792830911322
0.3629762126176172 0.3460762165078825 1.75927358404877
0.3645388646190463 0.3461980392288767 1.758557433559211
0.3666931192606349 0.3463645190161987 1.757570532408026
0.3696600197584866 0.3465910864717675 1.756212049590669
0.3737406030063438 0.3468976579513837 1.754345075856654
0.3793424921349524 0.347309341891752 1.75178489927017
0.3870133019390472 0.3478566015914046 1.748284911386154
0.3974807425149334 0.3485745818187877 1.743520586342934
0.4116972402482064 0.3495011388796752 1.737073968347691
0.4308832180566248 0.3506737540824444 1.728424162388559
0.4565567802522773 0.3521275689989651 1.716954696772927
0.4905283273738499 0.3539007446374384 1.701997405805129
0.534827671711582 0.3560593843573437 1.682942197755588
0.5915217109736812 0.3587572450865121 1.659446365448106
0.6623799518354604 0.362333867570246 1.631757815779763
0.7483648050625352 0.3674162246765027 1.601096516678778
0.8489863203932183 0.3749305277793057 1.569909828321824
0.9616933610315687 0.3859064852897853 1.541698466403741
1.081651315814143 0.4010456971784948 1.520184223929629
1.202303550749403 0.4202387280674098 1.508009943754432
1.316767646631123 0.442376300663563 1.505698406441047
1.41947859204431 0.4656560548776654 1.511601541557405
1.507223511306277 0.4881966394134999 1.522824085954984
1.579196195241303 0.5085631545460539 1.536398917559702
1.636367061889808 0.5259748189552266 1.55005270948349
1.68067897250472 0.5402353177951148 1.562416228474657
1.714397721207323 0.5515407394196356 1.572881256973985
1.73970820800105 0.5602876328841904 1.581343763799362
1.758517708482594 0.566933878286464 1.587972794512984
1.772393945490016 0.5719172690359255 1.59305028668384
1.782576250807121 0.5756176012005679 1.59687769426257
1.790018845938705 0.5783457307009169 1.599729814094637
1.795443680299326 0.5803467158508216 1.60183782662629
1.799389657286595 0.5818088429079981 1.603386629077257
1.802255684955552 0.5828743155760195 1.604519717477319
1.804335078324231 0.5836491934895954 1.605346122277862
1.80584257211248 0.5842119313284615 1.605947500312257
1.806934838306674 0.5846201764686932 1.60638442704908
0.3686430393076637 0.3387455330880727 1.767955986647781
0.3697764002152771 0.3388294380375521 1.767429951721857
0.3713396087489416 0.3389444543550683 1.766704628455949
0.3734941468387584 0.3391016385972675 1.76570536533437
0.3764607526457769 0.3393155923295664 1.764330291115925
0.3805399661724439 0.3396051861853223 1.762441163522301
0.3861386002452062 0.3399943041370099 1.759851621385498
0.393803006960976 0.3405120762468469 1.756313111729857
0.4042589514627528 0.3411924725022493 1.751498982129615
0.4184559643107278 0.3420728424066796 1.744989311666594
0.4376103391714682 0.343191739939457 1.736262088632205
0.4632345847602455 0.3445883666568165 1.724701845738812
0.4971320851100672 0.3463096192885511 1.709645554523827
0.5413246696388284 0.3484362477539404 1.690495043281604
0.597871143735543 0.3511416547760763 1.666928841573526
0.6685335574610688 0.3547848630029355 1.639225756454938
0.7542675533455601 0.3600019498020702 1.608641549401717
0.8545772162846059 0.3677059337814927 1.577652311573971
0.9669094409631716 0.3788856947006588 1.549764161980324
1.086439732256194 0.3941841208494243 1.528670533442806
1.2066408042804 0.4134395764206822 1.516959164976361
1.320674037498085 0.4355216090589797 1.515094503240724
1.42301507106996 0.4586441792649435 1.521389394582476
1.510472622234554 0.4809655571940268 1.53293457316476
1.582240532500983 0.5010930776945903 1.546765989482104
1.639275655734734 0.5182774407610394 1.560620290013696
1.683503036380568 0.5323397728119765 1.573139052404664
1.717172214142178 0.5434822723294215 1.583723492591089
1.742455598475278 0.552100556450165 1.592277310376048
1.761251723216871 0.5586481442086378 1.598975752503349
1.775122590608211 0.5635573728223867 1.604105715861841
1.78530395491723 0.5672027541927283 1.607972577870334
1.79274789665457 0.5698906078387784 1.610854259676886
1.7981750764511 0.5718622794673291 1.612984321535667
1.802123702019029 0.5733031925562918 1.614549526843631
1.804992303761479 0.5743533723982123 1.615694787859873
1.807074022641269 0.5751172579765657 1.616530206755795
1.808583522638863 0.5756721127198872 1.617138251622794
1.809677470755898 0.5760747123789035 1.617580101303317
0.3762610817230656 0.3302757892834608 1.773946313924472
0.3773930252983709 0.3303543542508796 1.773415589968836
0.3789539542393081 0.3304620577733998 1.772683988048057
0.3811049030860401 0.3306092726394135 1.771676349899104
0.3840659457279183 0.3308097261418129 1.77029016975845
0.3881366557971605 0.331081196551085 1.768386422922253
0.3937224398775508 0.3314463043142074 1.76577784327867
0.4013676568184084 0.3319328314039388 1.762214921307513
0.4117952776513267 0.3325736173928202 1.757370178574485
0.4259510391862824 0.3334056501187796 1.750823394314215
0.4450463083835036 0.3344688492525582 1.742053496540543
0.4705875681051825 0.3358069252446522 1.730448413901727
0.5043715039418922 0.3374759991078253 1.715352744121956
0.5484134415578495 0.3395716369163776 1.69618227215635
0.6047669831967004 0.3422860327283532 1.672637301649275
0.6751908237753236 0.34599490448836 1.645024996578689
0.7606383919204058 0.3513380949007392 1.614629455644876
0.8606117174113651 0.3592080285456056 1.58394205406933
0.9725580563827454 0.3705454368367187 1.556456164862122
1.091663348578563 0.3859305512533371 1.535818808526405
1.21142802432651 0.4051515909707907 1.524551732782248
1.325054109909504 0.4270649604064279 1.523062508886855
1.427053980612214 0.4499120279181317 1.529638080453401
1.514254183737545 0.4719010319339921 1.541374185436342
1.585845716663724 0.4916886692472973 1.555327825204597
1.642770121776362 0.5085605135583804 1.569258432694594
1.686933911038528 0.5223555646711779 1.581825241166024
1.72057037809615 0.5332807590028633 1.592440990855708
1.74583985861563 0.5417285840537582 1.601016217267518
1.764632727557806 0.5481458320880324 1.607730004855404
1.778505867838464 0.5529571978433078 1.612871386269339
1.788691997007694 0.5565300578867571 1.616746947115423
1.79614151367843 0.5591646838694168 1.619635369061296
1.801574151693955 0.5610975450743995 1.621770666408587
1.80552770812927 0.5625103022124632 1.623339949384804
1.808400552241103 0.5635401266515455 1.624488381066802
1.810485812905584 0.5642893357901313 1.625326257494465
1.81199820487444 0.564833628396928 1.62593620227983
1.813094478869385 0.5652286372128658 1.626379514388927
0.3841916800369816 0.321028844791884 1.778125856034815
0.3853210816115908 0.3211022931818474 1.777592243262744
0.3868781992387179 0.3212029994094776 1.776856841958859
0.3890234795302179 0.3213406917200977 1.775844239821477
0.3919761506668621 0.3215282785505368 1.774451639645694
0.3960345874976664 0.3217825275237762 1.772539698260517
0.4016025075760606 0.3221249119455797 1.769920867714935
0.4092219475442372 0.3225820314654367 1.76634550331091
0.4196127369755641 0.3231858266967414 1.761486370322459
0.4337165145292236 0.3239732293415859 1.754924298031419
0.4527395672135573 0.3249858928471636 1.74614078665204
0.4781825163265455 0.3262723949207874 1.734528998932927
0.5118360225307496 0.3278982446719208 1.719442967288298
0.5557102250520422 0.3299734459222332 1.700313722554219
0.6118554192435314 0.3327075701053947 1.676863254101008
0.6820290370569784 0.3364901589335503 1.649424428284743
0.7671839628582792 0.3419605407989962 1.619303254151545
0.8668208814338059 0.3499857980725621 1.588995792634076
0.9783870323894391 0.3614550917189117 1.561969402663238
1.097077596658049 0.3768857655452176 1.541812621773941
1.216419109930126 0.3960195159033985 1.530975193602684
1.329652552392088 0.417705835425381 1.52981068359258
1.431325544893276 0.4402199355016037 1.536590506724045
1.518281391706269 0.4618247175376976 1.54842879776143
1.589707668291613 0.4812285898613156 1.562415529969175
1.646530453095904 0.4977524368889751 1.576341008019584
1.690637851551994 0.5112524276023277 1.588886182562542
1.724247173518313 0.5219390438693419 1.599476337655738
1.749506980794958 0.5302003665728456 1.608028030888579
1.768299772042631 0.5364753029068668 1.614722517105958
1.7821775528403 0.5411799372341063 1.619849068202508
1.792370199017484 0.544673744083736 1.623713693905084
1.799826583525903 0.5472503435103535 1.626594300741579
1.805265629367425 0.5491408823970482 1.628724116629749
1.809224812927386 0.550522917216599 1.630289623719592
1.812102409108249 0.5515305131955927 1.631435490573692
1.814191583962216 0.5522636810913105 1.632271646929506
1.815707140058656 0.5527964168218529 1.632880453782519
1.816805938459525 0.553183110884073 1.633323022505546
0.3921456326022822 0.3112761598334058 1.78088279715558
0.3932720237092815 0.3113449422228636 1.780347768452033
0.3948247007855403 0.3114392755135834 1.77961059416867
0.3969634719960861 0.3115683097220133 1.778595812919635
0.39990665919459 0.3117442235274347 1.777200613518441
0.4039513659819324 0.3119828964637736 1.775285708625699
0.4094995475562006 0.3123048146224734 1.772663768716846
0.4170908541265565 0.3127356037142151 1.769085670206986
0.4274419512547925 0.3133065620947639 1.76422527029821
0.4414904482284129 0.314054856591064 1.757665507724524
0.4604377852771726 0.3150241545929721 1.748891717071987
0.4857792110639955 0.31626805895566 1.737303683026849
0.5193001681537889 0.3178613027282272 1.722266180078523
0.5630066963441358 0.3199275461041058 1.703226308241179
0.6189469178848551 0.3226920364522884 1.679927412826708
0.6888777466265066 0.3265554353667139 1.652725713879317
0.7737514260365171 0.3321532852300196 1.622943987052314
0.8730662146594018 0.3403245711050396 1.59307498950233
0.9842676089987487 0.3519060280480601 1.566550623683255
1.102558261286513 0.3673540167841913 1.54689298591286
1.221489480310204 0.386367917480748 1.536476584759504
1.334340495449264 0.407795113028994 1.535603913497822
1.435694063974959 0.4299482348976245 1.542538484263095
1.522410576486049 0.4511464228578814 1.554421929809453
1.593674736661453 0.4701497305764761 1.568384923505669
1.650397733339857 0.4863134373720622 1.582253688129115
1.694449743157198 0.4995097617377518 1.594733314171855
1.728032435041271 0.509951739488984 1.605262144420379
1.753282817111302 0.5180222835550687 1.613762158240597
1.772075642139285 0.5241518707178566 1.620415681946583
1.785958109684256 0.5287475989054677 1.625511009924767
1.79615728995696 0.5321607857668114 1.629352446193551
1.803620549219419 0.5346782187372604 1.632216155341866
1.809066006095281 0.5365256046502264 1.634333802456273
1.813030819674848 0.5378763087037735 1.635890632164515
1.815913171305217 0.5388612292904447 1.637030353428721
1.818006264071605 0.5395780275073129 1.637862180550571
1.819524988331655 0.5400989640835755 1.638467951208286
1.820626315014497 0.540477165035124 1.638908397496103
0.3999694018357523 0.3011707144570756 1.782527398259103
0.4010927427649369 0.3012353051242139 1.781992145917418
0.4026409388980186 0.3013239196800111 1.781254837328636
0.4047731673582187 0.3014451965074271 1.780240126539932
0.407706860475107 0.3016106718581762 1.7788454104923
0.4117378796291487 0.301835455185974 1.776931756810217
0.4172664764522876 0.3021391914288092 1.774312452347931
0.4248300145322023 0.3025467150482002 1.770739414856873
0.4351421704099459 0.3030888873832451 1.765888261407173
0.4491368124117824 0.3038033112182132 1.759344867289075
0.46801098175015 0.3047358012825562 1.750599374532367
0.493255201029788 0.3059449261821764 1.73905923764123
0.5266505187035049 0.3075142046130099 1.724100921382353
0.5701997390806113 0.3095799070606121 1.705188116032534
0.6259493998795094 0.312381160893852 1.682085098156995
0.6956557813574162 0.3163273575033891 1.655169438632026
0.7802693541496086 0.3220479295873283 1.625776601344784
0.8792839086885137 0.3303526086563531 1.596390009487549
0.9901408338460497 0.3420267258344954 1.570399341050782
1.108048303992433 0.3574689945827871 1.551254964475433
1.226581345524108 0.3763409578143338 1.541254515561922
1.339057357822399 0.3974915998812183 1.540652075154785
1.440094919142047 0.4192725838033185 1.547708847273775
1.526572599613362 0.4400588190109603 1.559600198583834
1.597673368305945 0.4586604120838073 1.573502576100468
1.654294457455125 0.4744652949120541 1.587281324467838
1.69828875026097 0.4873603752653656 1.599667153072799
1.731842637013814 0.4975603801270844 1.610111729428657
1.757081733921901 0.5054426040409201 1.618542027632969
1.775873088170623 0.5114289093178835 1.625140718720925
1.789759069009357 0.5159173767591342 1.630194329398105
1.79996389073916 0.5192512079122514 1.634004730771459
1.80743335810045 0.5217104203186589 1.636845724937807
1.812884733884987 0.5235153506767365 1.638946917975007
1.816854817566786 0.524835231423321 1.64049192730818
1.81974166305077 0.5257978427370669 1.641623205160266
1.821838484473502 0.5264985338200545 1.642449027432182
1.823360240516473 0.5270078582573807 1.643050541777669
1.824463997365101 0.5273776991287676 1.64348797849819
0.407581361203912 0.2908006726328017 1.783293621099886
0.4087019502219513 0.2908613986673643 1.782759112961551
0.4102460884446966 0.2909447438832484 1.782022998785275
0.4123723741495394 0.2910588790057532 1.781010180463143
0.4152974267031342 0.2912147524798304 1.779618441234344
0.4193159713245749 0.2914267774088606 1.77770944354642
0.4248267149906226 0.2917138370520108 1.775097407857704
0.4323649556063078 0.292100067111133 1.771535707070366
0.4426416985014354 0.2926159672874813 1.766702245847207
0.4565875115709812 0.2932995984990028 1.760186484317752
0.4753956213431818 0.2941988204237538 1.751484125766079
0.5005525495927475 0.2953768157403466 1.740011089891291
0.5338357307624592 0.2969251400072999 1.725156222735195
0.5772453638975334 0.2989913905081996 1.706400126540994
0.6328265240098938 0.3018267940504936 1.683527559939627
0.7023340768918792 0.305847583037862 1.656935763748382
0.7867148521860038 0.3116759400398821 1.627969670404502
0.8854555061779277 0.3200930272545725 1.599098826875038
0.9959905932914337 0.3318358883721489 1.573665857701061
1.113531816862397 0.3472505382134922 1.555045955051637
1.231677115411829 0.3659655729206379 1.545459227392136
1.343782453416896 0.386834275495937 1.545113641506362
1.444503501342725 0.4082469789699351 1.552272141129884
1.530738669866843 0.4286317535913393 1.564148017986978
1.601670771610043 0.4468454874940636 1.577966739104016
1.658184285826034 0.4623060324275619 1.591634745729846
1.702115553392202 0.4749132454058312 1.603909242402111
1.735636055297851 0.4848827090057482 1.614255353187523
1.760860121903284 0.4925858959314574 1.622604762491844
1.779647054248949 0.4984361939386899 1.629140027587745
1.7935342818629 0.5028229631550412 1.634145415402559
1.803743036134664 0.5060816177285979 1.637919914365459
1.811217439854686 0.5084857098601465 1.640734580176035
1.816673796942482 0.5102504646033381 1.642816654328731
1.820648464165144 0.5115411876724263 1.644347886337157
1.82353930309291 0.5124827012567832 1.645469288140943
1.825639489819075 0.5131681632569124 1.646288059500067
1.827164014476437 0.5136665102734868 1.646884554763678
1.828270011191713 0.5140284492780328 1.647318426574322

CELLS 11200 56000
4 0 928 107 20 
4 0 1630 251 20 
4 1630 1631 251 252 
4 253 1631 1632 252 
4 253 254 1632 1633 
4 254 255 1633 1634 
4 255 256 1634 1635 
4 256 257 1635 1636 
4 1637 257 258 1636 
4 1637 1638 258 259 
4 1638 1639 259 260 
4 261 1639 1640 260 
4 261 262 1640 1641 
4 262 263 1641 1642 
4 263 264 1642 1643 
4 264 265 1643 1644 
4 1645 265 266 1644 
4 1645 1646 266 267 
4 1646 1647 267 268 
4 269 1647 1648 268 
4 269 270 1648 1649 
4 270 271 1649 1650 
4 271 272 1650 1651 
4 272 273 1651 1652 
4 1653 273 274 1652 
4 1653 1654 274 275 
4 1654 1655 275 276 
4 277 1655 1656 276 
4 277 278 1656 1657 
4 278 279 1657 1658 
4 279 280 1658 1659 
4 280 281 1659 1660 
4 1661 281 282 1660 
4 1661 1662 282 283 
4 1662 1663 283 284 
4 285 1663 1664 284 
4 285 286 1664 1665 
4 286 287 1665 1666 
4 287 288 1666 1667 
4 288 289 1667 1668 
4 1279 4 203 116 
4 4 289 116 1668 
4 928 929 107 108 
4 1279 1280 203 204 
4 109 929 930 108 
4 205 1280 1281 204 
4 109 110 930 931 
4 205 206 1281 1282 
4 110 111 931 932 
4 206 207 1282 1283 
4 933 111 112 932 
4 207 208 1283 1284 
4 933 934 112 113 
4 1285 208 209 1284 
4 934 935 113 114 
4 1285 1286 209 210 
4 935 936 114 115 
4 1286 1287 210 211 
4 936 3 115 68 
4 3151 329 3 68 
4 3151 3152 329 330 
4 3152 3153 330 331 
4 3153 3154 331 332 
4 333 3154 3155 332 
4 333 334 3155 3156 
4 3157 334 335 3156 
4 3157 3158 335 336 
4 3158 3159 336 337 
4 3159 3160 337 338 
4 3160 3161 338 339 
4 3161 3162 339 340 
4 341 3162 3163 340 
4 341 342 3163 3164 
4 3165 342 343 3164 
4 3165 3166 343 344 
4 3166 3167 344 345 
4 3167 3168 345 346 
4 3168 3169 346 347 
4 3169 3170 347 348 
4 349 3170 3171 348 
4 349 350 3171 3172 
4 3173 350 351 3172 
4 3173 3174 351 352 
4 3174 3175 352 353 
4 3175 3176 353 354 
4 3176 3177 354 355 
4 3177 3178 355 356 
4 357 3178 3179 356 
4 357 358 3179 3180 
4 3181 358 359 3180 
4 3181 3182 359 360 
4 3182 3183 360 361 
4 3183 3184 361 362 
4 3184 3185 362 363 
4 3185 3186 363 364 
4 365 3186 3187 364 
4 365 366 3187 3188 
4 3189 366 367 3188 
4 7 1287 211 164 
4 3189 7 367 164 
4 21 928 937 20 
4 21 1630 1669 20 
4 1669 1630 1631 1670 
4 1670 1631 1632 1671 
4 1671 1632 1633 1672 
4 1673 1672 1633 1634 
4 1674 1673 1634 1635 
4 1675 1674 1635 1636 
4 1637 1676 1675 1636 
4 1637 1638 1677 1676 
4 1677 1638 1639 1678 
4 1678 1639 1640 1679 
4 1679 1640 1641 1680 
4 1681 1680 1641 1642 
4 1682 1681 1642 1643 
4 1683 1682 1643 1644 
4 1645 1684 1683 1644 
4 1645 1646 1685 1684 
4 1685 1646 1647 1686 
4 1686 1647 1648 1687 
4 1687 1648 1649 1688 
4 1689 1688 1649 1650 
4 1690 1689 1650 1651 
4 1691 1690 1651 1652 
4 1653 1692 1691 1652 
4 1653 1654 1693 1692 
4 1693 1654 1655 1694 
4 1694 1655 1656 1695 
4 1695 1656 1657 1696 
4 1697 1696 1657 1658 
4 1698 1697 1658 1659 
4 1699 1698 1659 1660 
4 1661 1700 1699 1660 
4 1661 1662 1701 1700 
4 1701 1662 1663 1702 
4 1702 1663 1664 1703 
4 1703 1664 1665 1704 
4 1705 1704 1665 1666 
4 1706 1705 1666 1667 
4 1707 1706 1667 1668 
4 117 1279 1288 116 
4 117 116 1707 1668 
4 928 937 938 929 
4 1279 1288 1289 1280 
4 930 929 938 939 
4 1280 1289 1290 1281 
4 931 930 939 940 
4 1282 1281 1290 1291 
4 941 932 931 940 
4 1283 1282 1291 1292 
4 941 942 933 932 
4 1293 1284 1283 1292 
4 933 942 943 934 
4 1293 1294 1285 1284 
4 934 943 944 935 
4 1285 1294 1295 1286 
4 935 944 945 936 
4 1286 1295 1296 1287 
4 69 936 945 68 
4 69 3190 3151 68 
4 3191 3190 3151 3152 
4 3191 3152 3153 3192 
4 3193 3192 3153 3154 
4 3194 3193 3154 3155 
4 3195 3194 3155 3156 
4 3157 3196 3195 3156 
4 3157 3158 3197 3196 
4 3197 3158 3159 3198 
4 3199 3198 3159 3160 
4 3199 3160 3161 3200 
4 3201 3200 3161 3162 
4 3202 3201 3162 3163 
4 3203 3202 3163 3164 
4 3165 3204 3203 3164 
4 3165 3166 3205 3204 
4 3205 3166 3167 3206 
4 3207 3206 3167 3168 
4 3207 3168 3169 3208 
4 3209 3208 3169 3170 
4 3210 3209 3170 3171 
4 3211 3210 3171 3172 
4 3173 3212 3211 3172 
4 3173 3174 3213 3212 
4 3213 3174 3175 3214 
4 3215 3214 3175 3176 
4 3215 3176 3177 3216 
4 3217 3216 3177 3178 
4 3218 3217 3178 3179 
4 3219 3218 3179 3180 
4 3181 3220 3219 3180 
4 3181 3182 3221 3220 
4 3221 3182 3183 3222 
4 3223 3222 3183 3184 
4 3223 3184 3185 3224 
4 3225 3224 3185 3186 
4 3226 3225 3186 3187 
4 3227 3226 3187 3188 
4 3189 3228 3227 3188 
4 165 1287 1296 164 
4 3189 165 164 3228 
4 21 22 937 946 
4 21 22 1669 1708 
4 1669 1709 1670 1708 
4 1709 1670 1671 1710 
4 1710 1671 1711 1672 
4 1712 1711 1672 1673 
4 1674 1712 1673 1713 
4 1714 1713 1674 1675 
4 1676 1714 1675 1715 
4 1677 1716 1715 1676 
4 1677 1717 1678 1716 
4 1717 1678 1679 1718 
4 1718 1679 1719 1680 
4 1720 1719 1680 1681 
4 1682 1720 1681 1721 
4 1722 1721 1682 1683 
4 1684 1722 1683 1723 
4 1685 1724 1723 1684 
4 1685 1725 1686 1724 
4 1725 1686 1687 1726 
4 1726 1687 1727 1688 
4 1728 1727 1688 1689 
4 1690 1728 1689 1729 
4 1730 1729 1690 1691 
4 1692 1730 1691 1731 
4 1693 1732 1731 1692 
4 1693 1733 1694 1732 
4 1733 1694 1695 1734 
4 1734 1695 1735 1696 
4 1736 1735 1696 1697 
4 1698 1736 1697 1737 
4 1738 1737 1698 1699 
4 1700 1738 1699 1739 
4 1701 1740 1739 1700 
4 1701 1702 1741 1740 
4 1741 1702 1703 1742 
4 1742 1703 1704 1743 
4 1744 1743 1704 1705 
4 1744 1705 1706 1745 
4 1746 1745 1706 1707 
4 117 118 1288 1297 
4 117 118 1746 1707 
4 938 937 946 947 
4 1288 1297 1298 1289 
4 939 938 947 948 
4 1290 1289 1298 1299 
4 949 940 939 948 
4 1291 1290 1299 1300 
4 949 950 941 940 
4 1301 1292 1291 1300 
4 941 950 951 942 
4 1301 1302 1293 1292 
4 943 942 951 952 
4 1293 1302 1303 1294 
4 944 943 952 953 
4 1294 1303 1304 1295 
4 945 944 953 954 
4 1296 1295 1304 1305 
4 69 70 945 954 
4 69 70 3190 3229 
4 3229 3190 3191 3230 
4 3231 3230 3191 3192 
4 3231 3192 3193 3232 
4 3233 3232 3193 3194 
4 3234 3233 3194 3195 
4 3235 3234 3195 3196 
4 3197 3236 3235 3196 
4 3197 3198 3237 3236 
4 3237 3198 3199 3238 
4 3239 3238 3199 3200 
4 3239 3200 3201 3240 
4 3241 3240 3201 3202 
4 3242 3241 3202 3203 
4 3243 3242 3203 3204 
4 3205 3244 3243 3204 
4 3205 3206 3245 3244 
4 3245 3206 3207 3246 
4 3246 3207 3208 3247 
4 3248 3247 3208 3209 
4 3248 3209 3210 3249 
4 3250 3249 3210 3211 
4 3251 3250 3211 3212 
4 3213 3252 3251 3212 
4 3213 3214 3253 3252 
4 3253 3214 3215 3254 
4 3254 3215 3216 3255 
4 3256 3255 3216 3217 
4 3256 3217 3218 3257 
4 3258 3257 3218 3219 
4 3259 3258 3219 3220 
4 3221 3260 3259 3220 
4 3221 3222 3261 3260 
4 3261 3222 3223 3262 
4 3262 3223 3224 3263 
4 3264 3263 3224 3225 
4 3264 3225 3226 3265 
4 3266 3265 3226 3227 
4 3267 3266 3227 3228 
4 165 166 1296 1305 
4 165 166 3267 3228 
4 22 23 946 955 
4 22 23 1747 1708 
4 1709 1748 1747 1708 
4 1709 1710 1749 1748 
4 1749 1710 1711 1750 
4 1750 1711 1712 1751 
4 1752 1751 1712 1713 
4 1752 1713 1714 1753 
4 1754 1753 1714 1715 
4 1755 1754 1715 1716 
4 1717 1756 1755 1716 
4 1717 1718 1757 1756 
4 1757 1718 1719 1758 
4 1758 1719 1720 1759 
4 1760 1759 1720 1721 
4 1760 1721 1722 1761 
4 1762 1761 1722 1723 
4 1763 1762 1723 1724 
4 1725 1764 1763 1724 
4 1725 1726 1765 1764 
4 1765 1726 1727 1766 
4 1766 1727 1728 1767 
4 1768 1767 1728 1729 
4 1768 1729 1730 1769 
4 1770 1769 1730 1731 
4 1771 1770 1731 1732 
4 1733 1772 1771 1732 
4 1733 1734 1773 1772 
4 1773 1734 1735 1774 
4 1774 1735 1736 1775 
4 1775 1736 1737 1776 
4 1776 1737 1738 1777 
4 1778 1777 1738 1739 
4 1779 1778 1739 1740 
4 1741 1780 1779 1740 
4 1741 1742 1781 1780 
4 1781 1742 1743 1782 
4 1782 1743 1744 1783 
4 1783 1744 1745 1784 
4 1784 1745 1746 1785 
4 118 119 1297 1306 
4 118 119 1785 1746 
4 947 946 955 956 
4 1298 1297 1306 1307 
4 957 948 947 956 
4 1299 1298 1307 1308 
4 957 958 949 948 
4 1309 1300 1299 1308 
4 949 958 959 950 
4 1309 1310 1301 1300 
4 951 950 959 960 
4 1301 1310 1311 1302 
4 952 951 960 961 
4 1302 1311 1312 1303 
4 953 952 961 962 
4 1304 1303 1312 1313 
4 954 953 962 963 
4 1305 1304 1313 1314 
4 70 71 954 963 
4 3229 70 71 3268 
4 3229 3230 3269 3268 
4 3269 3230 3231 3270 
4 3270 3231 3232 3271 
4 3272 3271 3232 3233 
4 3272 3233 3234 3273 
4 3274 3273 3234 3235 
4 3275 3274 3235 3236 
4 3237 3276 3275 3236 
4 3237 3238 3277 3276 
4 3277 3238 3239 3278 
4 3278 3239 3240 3279 
4 3280 3279 3240 3241 
4 3280 3241 3242 3281 
4 3282 3281 3242 3243 
4 3283 3282 3243 3244 
4 3245 3284 3283 3244 
4 3245 3246 3285 3284 
4 3285 3246 3247 3286 
4 3286 3247 3248 3287 
4 3288 3287 3248 3249 
4 3288 3249 3250 3289 
4 3290 3289 3250 3251 
4 3291 3290 3251 3252 
4 3253 3292 3291 3252 
4 3253 3254 3293 3292 
4 3293 3254 3255 3294 
4 3294 3255 3256 3295 
4 3296 3295 3256 3257 
4 3296 3257 3258 3297 
4 3298 3297 3258 3259 
4 3299 3298 3259 3260 
4 3261 3300 3299 3260 
4 3261 3262 3301 3300 
4 3301 3262 3263 3302 
4 3302 3263 3264 3303 
4 3304 3303 3264 3265 
4 3304 3265 3266 3305 
4 3306 3305 3266 3267 
4 166 167 1305 1314 
4 166 167 3306 3267 
4 23 24 955 964 
4 23 24 1786 1747 
4 1787 1786 1747 1748 
4 1749 1788 1787 1748 
4 1749 1750 1789 1788 
4 1789 1750 1751 1790 
4 1790 1751 1752 1791 
4 1791 1752 1753 1792 
4 1792 1753 1754 1793 
4 1794 1793 1754 1755 
4 1795 1794 1755 1756 
4 1757 1796 1795 1756 
4 1757 1758 1797 1796 
4 1797 1758 1759 1798 
4 1798 1759 1760 1799 
4 1799 1760 1761 1800 
4 1800 1761 1762 1801 
4 1802 1801 1762 1763 
4 1803 1802 1763 1764 
4 1765 1804 1803 1764 
4 1765 1766 1805 1804 
4 1805 1766 1767 1806 
4 1806 1767 1768 1807 
4 1808 1807 1768 1769 
4 1809 1808 1769 1770 
4 1810 1809 1770 1771 
4 1811 1810 1771 1772 
4 1773 1812 1811 1772 
4 1773 1774 1813 1812 
4 1813 1774 1775 1814 
4 1814 1775 1776 1815 
4 1816 1815 1776 1777 
4 1817 1816 1777 1778 
4 1818 1817 1778 1779 
4 1819 1818 1779 1780 
4 1781 1820 1819 1780 
4 1781 1782 1821 1820 
4 1821 1782 1783 1822 
4 1822 1783 1784 1823 
4 1824 1823 1784 1785 
4 119 120 1306 1315 
4 120 119 1824 1785 
4 965 956 955 964 
4 1307 1306 1315 1316 
4 965 966 957 956 
4 1317 1308 1307 1316 
4 957 966 967 958 
4 1317 1318 1309 1308 
4 959 958 967 968 
4 1309 1318 1319 1310 
4 960 959 968 969 
4 1310 1319 1320 1311 
4 961 960 969 970 
4 1312 1311 1320 1321 
4 962 961 970 971 
4 1313 1312 1321 1322 
4 963 962 971 972 
4 1314 1313 1322 1323 
4 71 72 963 972 
4 71 72 3307 3268 
4 3269 3308 3307 3268 
4 3269 3270 3309 3308 
4 3309 3270 3271 3310 
4 3310 3271 3272 3311 
4 3312 3311 3272 3273 
4 3312 3273 3274 3313 
4 3314 3313 3274 3275 
4 3315 3314 3275 3276 
4 3277 3316 3315 3276 
4 3277 3278 3317 3316 
4 3317 3278 3279 3318 
4 3318 3279 3280 3319 
4 3320 3319 3280 3281 
4 3320 3281 3282 3321 
4 3322 3321 3282 3283 
4 3323 3322 3283 3284 
4 3285 3324 3323 3284 
4 3285 3286 3325 3324 
4 3325 3286 3287 3326 
4 3326 3287 3288 3327 
4 3328 3327 3288 3289 
4 3328 3289 3290 3329 
4 3330 3329 3290 3291 
4 3331 3330 3291 3292 
4 3293 3332 3331 3292 
4 3293 3294 3333 3332 
4 3333 3294 3295 3334 
4 3334 3295 3296 3335 
4 3336 3335 3296 3297 
4 3336 3297 3298 3337 
4 3338 3337 3298 3299 
4 3339 3338 3299 3300 
4 3301 3340 3339 3300 
4 3301 3302 3341 3340 
4 3341 3302 3303 3342 
4 3342 3303 3304 3343 
4 3343 3304 3305 3344 
4 3345 3344 3305 3306 
4 167 168 1314 1323 
4 167 168 3345 3306 
4 973 24 25 964 
4 1825 24 25 1786 
4 1826 1825 1786 1787 
4 1827 1826 1787 1788 
4 1789 1828 1827 1788 
4 1789 1790 1829 1828 
4 1829 1790 1791 1830 
4 1830 1791 1792 1831 
4 1832 1831 1792 1793 
4 1833 1832 1793 1794 
4 1834 1833 1794 1795 
4 1835 1834 1795 1796 
4 1797 1836 1835 1796 
4 1797 1798 1837 1836 
4 1837 1798 1838 1799 
4 1838 1799 1800 1839 
4 1839 1800 1840 1801 
4 1841 1840 1801 1802 
4 1803 1841 1802 1842 
4 1843 1842 1803 1804 
4 1844 1805 1843 1804 
4 1805 1806 1845 1844 
4 1845 1806 1846 1807 
4 1846 1807 1808 1847 
4 1809 1847 1808 1848 
4 1849 1848 1809 1810 
4 1811 1849 1810 1850 
4 1851 1850 1811 1812 
4 1852 1813 1851 1812 
4 1813 1814 1853 1852 
4 1853 1814 1854 1815 
4 1854 1815 1816 1855 
4 1817 1855 1816 1856 
4 1857 1856 1817 1818 
4 1819 1857 1818 1858 
4 1859 1858 1819 1820 
4 1860 1821 1859 1820 
4 1821 1822 1861 1860 
4 1861 1822 1862 1823 
4 1862 1823 1824 1863 
4 120 121 1315 1324 
4 120 1863 1824 121 
4 973 974 965 964 
4 1325 1316 1315 1324 
4 965 974 975 966 
4 1325 1326 1317 1316 
4 967 966 975 976 
4 1317 1326 1327 1318 
4 968 967 976 977 
4 1318 1327 1328 1319 
4 969 968 977 978 
4 1320 1319 1328 1329 
4 970 969 978 979 
4 1321 1320 1329 1330 
4 971 970 979 980 
4 1322 1321 1330 1331 
4 981 972 971 980 
4 1323 1322 1331 1332 
4 981 72 73 972 
4 72 73 3346 3307 
4 3347 3346 3307 3308 
4 3309 3348 3347 3308 
4 3309 3310 3349 3348 
4 3349 3310 3311 3350 
4 3350 3311 3312 3351 
4 3351 3312 3313 3352 
4 3353 3352 3313 3314 
4 3353 3314 3315 3354 
4 3355 3354 3315 3316 
4 3317 3356 3355 3316 
4 3317 3318 3357 3356 
4 3357 3318 3319 3358 
4 3358 3319 3320 3359 
4 3359 3320 3321 3360 
4 3361 3360 3321 3322 
4 3361 3322 3323 3362 
4 3363 3362 3323 3324 
4 3325 3364 3363 3324 
4 3325 3326 3365 3364 
4 3365 3326 3327 3366 
4 3366 3327 3328 3367 
4 3367 3328 3329 3368 
4 3369 3368 3329 3330 
4 3369 3330 3331 3370 
4 3371 3370 3331 3332 
4 3333 3372 3371 3332 
4 3333 3334 3373 3372 
4 3373 3334 3335 3374 
4 3374 3335 3336 3375 
4 3376 3375 3336 3337 
4 3377 3376 3337 3338 
4 3378 3377 3338 3339 
4 3379 3378 3339 3340 
4 3341 3380 3379 3340 
4 3341 3342 3381 3380 
4 3381 3342 3343 3382 
4 3382 3343 3344 3383 
4 3384 3383 3344 3345 
4 168 169 1323 1332 
4 168 3384 3345 169 
4 973 982 25 26 
4 1825 1864 25 26 
4 1865 1864 1825 1826 
4 1827 1865 1826 1866 
4 1867 1866 1827 1828 
4 1868 1829 1867 1828 
4 1829 1830 1869 1868 
4 1869 1830 1831 1870 
4 1871 1870 1831 1832 
4 1871 1832 1833 1872 
4 1873 1872 1833 1834 
4 1873 1834 1835 1874 
4 1875 1874 1835 1836 
4 1837 1876 1875 1836 
4 1837 1838 1877 1876 
4 1877 1838 1839 1878 
4 1879 1878 1839 1840 
4 1879 1840 1841 1880 
4 1881 1880 1841 1842 
4 1881 1842 1843 1882 
4 1883 1882 1843 1844 
4 1845 1884 1883 1844 
4 1845 1846 1885 1884 
4 1885 1846 1847 1886 
4 1887 1886 1847 1848 
4 1887 1848 1849 1888 
4 1889 1888 1849 1850 
4 1889 1850 1851 1890 
4 1891 1890 1851 1852 
4 1853 1892 1891 1852 
4 1853 1854 1893 1892 
4 1893 1854 1855 1894 
4 1895 1894 1855 1856 
4 1895 1856 1857 1896 
4 1897 1896 1857 1858 
4 1897 1858 1859 1898 
4 1899 1898 1859 1860 
4 1861 1900 1899 1860 
4 1861 1862 1901 1900 
4 1901 1862 1863 1902 
4 1333 121 122 1324 
4 1902 1863 121 122 
4 973 982 983 974 
4 1333 1334 1325 1324 
4 974 983 984 975 
4 1325 1334 1335 1326 
4 976 975 984 985 
4 1326 1335 1336 1327 
4 976 985 986 977 
4 1328 1327 1336 1337 
4 978 977 986 987 
4 1329 1328 1337 1338 
4 979 978 987 988 
4 1330 1329 1338 1339 
4 989 980 979 988 
4 1331 1330 1339 1340 
4 989 990 981 980 
4 1341 1332 1331 1340 
4 981 990 73 74 
4 3385 73 74 3346 
4 3386 3385 3346 3347 
4 3387 3386 3347 3348 
4 3349 3388 3387 3348 
4 3349 3350 3389 3388 
4 3389 3350 3351 3390 
4 3390 3351 3352 3391 
4 3392 3391 3352 3353 
4 3393 3392 3353 3354 
4 3394 3393 3354 3355 
4 3395 3394 3355 3356 
4 3357 3396 3395 3356 
4 3357 3358 3397 3396 
4 3397 3358 3359 3398 
4 3398 3359 3360 3399 
4 3400 3399 3360 3361 
4 3401 3400 3361 3362 
4 3402 3401 3362 3363 
4 3403 3402 3363 3364 
4 3365 3404 3403 3364 
4 3365 3366 3405 3404 
4 3405 3366 3367 3406 
4 3407 3406 3367 3368 
4 3407 3368 3369 3408 
4 3409 3408 3369 3370 
4 3409 3370 3371 3410 
4 3411 3410 3371 3372 
4 3373 3412 3411 3372 
4 3373 3374 3413 3412 
4 3413 3374 3375 3414 
4 3415 3414 3375 3376 
4 3415 3376 3377 3416 
4 3417 3416 3377 3378 
4 3417 3378 3379 3418 
4 3419 3418 3379 3380 
4 3381 3420 3419 3380 
4 3381 3382 3421 3420 
4 3421 3382 3383 3422 
4 3423 3422 3383 3384 
4 1341 169 170 1332 
4 3423 3384 169 170 
4 982 991 26 27 
4 1903 1864 26 27 
4 1903 1864 1865 1904 
4 1905 1904 1865 1866 
4 1906 1905 1866 1867 
4 1907 1906 1867 1868 
4 1869 1908 1907 1868 
4 1869 1870 1909 1908 
4 1909 1870 1871 1910 
4 1910 1871 1872 1911 
4 1911 1872 1873 1912 
4 1913 1912 1873 1874 
4 1914 1913 1874 1875 
4 1915 1914 1875 1876 
4 1877 1916 1915 1876 
4 1877 1878 1917 1916 
4 1917 1878 1879 1918 
4 1918 1879 1880 1919 
4 1919 1880 1881 1920 
4 1921 1920 1881 1882 
4 1922 1921 1882 1883 
4 1923 1922 1883 1884 
4 1885 1924 1923 1884 
4 1885 1886 1925 1924 
4 1925 1886 1887 1926 
4 1926 1887 1888 1927 
4 1927 1888 1889 1928 
4 1929 1928 1889 1890 
4 1930 1929 1890 1891 
4 1931 1930 1891 1892 
4 1893 1932 1931 1892 
4 1893 1894 1933 1932 
4 1933 1894 1895 1934 
4 1934 1895 1896 1935 
4 1935 1896 1897 1936 
4 1937 1936 1897 1898 
4 1938 1937 1898 1899 
4 1939 1938 1899 1900 
4 1901 1940 1939 1900 
4 1901 1902 1941 1940 
4 1333 1342 122 123 
4 1941 1902 122 123 
4 982 991 992 983 
4 1333 1342 1343 1334 
4 984 983 992 993 
4 1334 1343 1344 1335 
4 984 993 994 985 
4 1336 1335 1344 1345 
4 986 985 994 995 
4 1337 1336 1345 1346 
4 987 986 995 996 
4 1338 1337 1346 1347 
4 997 988 987 996 
4 1339 1338 1347 1348 
4 997 998 989 988 
4 1349 1340 1339 1348 
4 989 998 999 990 
4 1349 1350 1341 1340 
4 990 999 74 75 
4 3424 3385 74 75 
4 3425 3424 3385 3386 
4 3425 3386 3387 3426 
4 3427 3426 3387 3388 
4 3389 3428 3427 3388 
4 3389 3390 3429 3428 
4 3429 3390 3391 3430 
4 3431 3430 3391 3392 
4 3431 3392 3393 3432 
4 3433 3432 3393 3394 
4 3433 3394 3395 3434 
4 3435 3434 3395 3396 
4 3397 3436 3435 3396 
4 3397 3398 3437 3436 
4 3437 3398 3399 3438 
4 3439 3438 3399 3400 
4 3439 3400 3401 3440 
4 3441 3440 3401 3402 
4 3442 3441 3402 3403 
4 3443 3442 3403 3404 
4 3405 3444 3443 3404 
4 3405 3406 3445 3444 
4 3445 3406 3407 3446 
4 3447 3446 3407 3408 
4 3447 3408 3409 3448 
4 3449 3448 3409 3410 
4 3450 3449 3410 3411 
4 3451 3450 3411 3412 
4 3413 3452 3451 3412 
4 3413 3414 3453 3452 
4 3453 3414 3415 3454 
4 3455 3454 3415 3416 
4 3455 3416 3417 3456 
4 3457 3456 3417 3418 
4 3458 3457 3418 3419 
4 3459 3458 3419 3420 
4 3421 3460 3459 3420 
4 3421 3422 3461 3460 
4 3461 3422 3423 3462 
4 1341 1350 170 171 
4 3462 3423 170 171 
4 991 1000 27 28 
4 1942 1903 27 28 
4 1942 1903 1904 1943 
4 1943 1904 1905 1944 
4 1945 1944 1905 1906 
4 1946 1945 1906 1907 
4 1947 1946 1907 1908 
4 1909 1948 1947 1908 
4 1909 1910 1949 1948 
4 1949 1910 1911 1950 
4 1950 1911 1912 1951 
4 1951 1912 1913 1952 
4 1953 1952 1913 1914 
4 1954 1953 1914 1915 
4 1955 1954 1915 1916 
4 1917 1956 1955 1916 
4 1917 1918 1957 1956 
4 1957 1918 1919 1958 
4 1958 1919 1920 1959 
4 1959 1920 1921 1960 
4 1961 1960 1921 1922 
4 1962 1961 1922 1923 
4 1963 1962 1923 1924 
4 1925 1964 1963 1924 
4 1925 1965 1926 1964 
4 1965 1926 1927 1966 
4 1966 1927 1967 1928 
4 1968 1967 1928 1929 
4 1930 1968 1929 1969 
4 1970 1969 1930 1931 
4 1932 1970 1931 1971 
4 1933 1972 1971 1932 
4 1933 1973 1934 1972 
4 1973 1934 1935 1974 
4 1974 1935 1975 1936 
4 1976 1975 1936 1937 
4 1938 1976 1937 1977 
4 1978 1977 1938 1939 
4 1940 1978 1939 1979 
4 1941 1980 1979 1940 
4 1342 1351 123 124 
4 1941 124 123 1980 
4 992 991 1000 1001 
4 1342 1351 1352 1343 
4 992 1001 1002 993 
4 1344 1343 1352 1353 
4 994 993 1002 1003 
4 1345 1344 1353 1354 
4 995 994 1003 1004 
4 1346 1345 1354 1355 
4 1005 996 995 1004 
4 1347 1346 1355 1356 
4 1005 1006 997 996 
4 1357 1348 1347 1356 
4 997 1006 1007 998 
4 1357 1358 1349 1348 
4 998 1007 1008 999 
4 1349 1358 1359 1350 
4 999 1008 75 76 
4 3463 3424 75 76 
4 3463 3424 3425 3464 
4 3465 3464 3425 3426 
4 3466 3465 3426 3427 
4 3467 3466 3427 3428 
4 3429 3468 3467 3428 
4 3429 3430 3469 3468 
4 3469 3430 3431 3470 
4 3471 3470 3431 3432 
4 3471 3432 3433 3472 
4 3473 3472 3433 3434 
4 3474 3473 3434 3435 
4 3475 3474 3435 3436 
4 3437 3476 3475 3436 
4 3437 3438 3477 3476 
4 3477 3438 3439 3478 
4 3479 3478 3439 3440 
4 3479 3440 3441 3480 
4 3481 3480 3441 3442 
4 3482 3481 3442 3443 
4 3483 3482 3443 3444 
4 3445 3484 3483 3444 
4 3445 3446 3485 3484 
4 3485 3446 3447 3486 
4 3487 3486 3447 3448 
4 3487 3448 3449 3488 
4 3489 3488 3449 3450 
4 3490 3489 3450 3451 
4 3491 3490 3451 3452 
4 3453 3492 3491 3452 
4 3453 3454 3493 3492 
4 3493 3454 3455 3494 
4 3495 3494 3455 3456 
4 3495 3456 3457 3496 
4 3497 3496 3457 3458 
4 3498 3497 3458 3459 
4 3499 3498 3459 3460 
4 3461 3500 3499 3460 
4 3461 3462 3501 3500 
4 1350 1359 171 172 
4 3501 3462 171 172 
4 29 1000 1009 28 
4 29 1981 1942 28 
4 1981 1942 1943 1982 
4 1982 1943 1983 1944 
4 1984 1983 1944 1945 
4 1946 1984 1945 1985 
4 1986 1985 1946 1947 
4 1948 1986 1947 1987 
4 1949 1988 1987 1948 
4 1949 1989 1950 1988 
4 1989 1950 1951 1990 
4 1990 1951 1991 1952 
4 1992 1991 1952 1953 
4 1954 1992 1953 1993 
4 1994 1993 1954 1955 
4 1956 1994 1955 1995 
4 1957 1996 1995 1956 
4 1957 1958 1997 1996 
4 1997 1958 1959 1998 
4 1998 1959 1960 1999 
4 2000 1999 1960 1961 
4 2000 1961 1962 2001 
4 2002 2001 1962 1963 
4 2003 2002 1963 1964 
4 1965 2004 2003 1964 
4 1965 1966 2005 2004 
4 2005 1966 1967 2006 
4 2006 1967 1968 2007 
4 2008 2007 1968 1969 
4 2008 1969 1970 2009 
4 2010 2009 1970 1971 
4 2011 2010 1971 1972 
4 1973 2012 2011 1972 
4 1973 1974 2013 2012 
4 2013 1974 1975 2014 
4 2014 1975 1976 2015 
4 2016 2015 1976 1977 
4 2016 1977 1978 2017 
4 2018 2017 1978 1979 
4 2019 2018 1979 1980 
4 125 1351 1360 124 
4 125 124 2019 1980 
4 1000 1009 1010 1001 
4 1352 1351 1360 1361 
4 1002 1001 1010 1011 
4 1353 1352 1361 1362 
4 1003 1002 1011 1012 
4 1354 1353 1362 1363 
4 1013 1004 1003 1012 
4 1355 1354 1363 1364 
4 1013 1014 1005 1004 
4 1365 1356 1355 1364 
4 1005 1014 1015 1006 
4 1365 1366 1357 1356 
4 1006 1015 1016 1007 
4 1357 1366 1367 1358 
4 1007 1016 1017 1008 
4 1359 1358 1367 1368 
4 77 1008 1017 76 
4 77 3502 3463 76 
4 3502 3463 3464 3503 
4 3504 3503 3464 3465 
4 3504 3465 3466 3505 
4 3506 3505 3466 3467 
4 3507 3506 3467 3468 
4 3469 3508 3507 3468 
4 3469 3470 3509 3508 
4 3509 3470 3471 3510 
4 3510 3471 3472 3511 
4 3512 3511 3472 3473 
4 3512 3473 3474 3513 
4 3514 3513 3474 3475 
4 3515 3514 3475 3476 
4 3477 3516 3515 3476 
4 3477 3478 3517 3516 
4 3517 3478 3479 3518 
4 3518 3479 3480 3519 
4 3520 3519 3480 3481 
4 3520 3481 3482 3521 
4 3522 3521 3482 3483 
4 3523 3522 3483 3484 
4 3485 3524 3523 3484 
4 3485 3486 3525 3524 
4 3525 3486 3487 3526 
4 3526 3487 3488 3527 
4 3528 3527 3488 3489 
4 3528 3489 3490 3529 
4 3530 3529 3490 3491 
4 3531 3530 3491 3492 
4 3493 3532 3531 3492 
4 3493 3494 3533 3532 
4 3533 3494 3495 3534 
4 3534 3495 3496 3535 
4 3536 3535 3496 3497 
4 3536 3497 3498 3537 
4 3538 3537 3498 3499 
4 3539 3538 3499 3500 
4 3501 3540 3539 3500 
4 173 1359 1368 172 
4 3501 173 172 3540 
4 29 30 1009 1018 
4 29 30 1981 2020 
4 1981 1982 2021 2020 
4 2021 1982 1983 2022 
4 2022 1983 1984 2023 
4 2024 2023 1984 1985 
4 2024 1985 1986 2025 
4 2026 2025 1986 1987 
4 2027 2026 1987 1988 
4 1989 2028 2027 1988 
4 1989 1990 2029 2028 
4 2029 1990 1991 2030 
4 2030 1991 1992 2031 
4 2031 1992 1993 2032 
4 2032 1993 1994 2033 
4 2034 2033 1994 1995 
4 2035 2034 1995 1996 
4 1997 2036 2035 1996 
4 1997 1998 2037 2036 
4 2037 1998 1999 2038 
4 2038 1999 2000 2039 
4 2039 2000 2001 2040 
4 2040 2001 2002 2041 
4 2042 2041 2002 2003 
4 2043 2042 2003 2004 
4 2005 2044 2043 2004 
4 2005 2006 2045 2044 
4 2045 2006 2007 2046 
4 2046 2007 2008 2047 
4 2047 2008 2009 2048 
4 2048 2009 2010 2049 
4 2050 2049 2010 2011 
4 2051 2050 2011 2012 
4 2013 2052 2051 2012 
4 2013 2014 2053 2052 
4 2053 2014 2015 2054 
4 2054 2015 2016 2055 
4 2055 2016 2017 2056 
4 2056 2017 2018 2057 
4 2058 2057 2018 2019 
4 125 126 1360 1369 
4 125 126 2058 2019 
4 1010 1009 1018 1019 
4 1361 1360 1369 1370 
4 1011 1010 1019 1020 
4 1361 1370 1371 1362 
4 1021 1012 1011 1020 
4 1363 1362 1371 1372 
4 1021 1022 1013 1012 
4 1373 1364 1363 1372 
4 1013 1022 1023 1014 
4 1373 1374 1365 1364 
4 1014 1023 1024 1015 
4 1365 1374 1375 1366 
4 1015 1024 1025 1016 
4 1367 1366 1375 1376 
4 1016 1025 1026 1017 
4 1367 1376 1377 1368 
4 77 78 1017 1026 
4 77 78 3541 3502 
4 3541 3502 3503 3542 
4 3542 3503 3504 3543 
4 3544 3543 3504 3505 
4 3544 3505 3506 3545 
4 3546 3545 3506 3507 
4 3547 3546 3507 3508 
4 3509 3548 3547 3508 
4 3509 3510 3549 3548 
4 3549 3510 3511 3550 
4 3550 3511 3512 3551 
4 3552 3551 3512 3513 
4 3552 3513 3514 3553 
4 3554 3553 3514 3515 
4 3555 3554 3515 3516 
4 3517 3556 3555 3516 
4 3517 3518 3557 3556 
4 3557 3518 3519 3558 
4 3558 3519 3520 3559 
4 3560 3559 3520 3521 
4 3560 3521 3522 3561 
4 3562 3561 3522 3523 
4 3563 3562 3523 3524 
4 3525 3564 3563 3524 
4 3525 3526 3565 3564 
4 3565 3526 3527 3566 
4 3566 3527 3528 3567 
4 3568 3567 3528 3529 
4 3568 3529 3530 3569 
4 3570 3569 3530 3531 
4 3571 3570 3531 3532 
4 3533 3572 3571 3532 
4 3533 3534 3573 3572 
4 3573 3534 3535 3574 
4 3574 3535 3536 3575 
4 3576 3575 3536 3537 
4 3576 3537 3538 3577 
4 3578 3577 3538 3539 
4 3579 3578 3539 3540 
4 173 174 1368 1377 
4 173 174 3579 3540 
4 30 31 1018 1027 
4 30 31 2059 2020 
4 2021 2060 2059 2020 
4 2021 2022 2061 2060 
4 2061 2022 2062 2023 
4 2062 2023 2024 2063 
4 2063 2024 2064 2025 
4 2065 2064 2025 2026 
4 2027 2065 2026 2066 
4 2067 2066 2027 2028 
4 2068 2029 2067 2028 
4 2029 2030 2069 2068 
4 2069 2030 2070 2031 
4 2070 2031 2032 2071 
4 2071 2032 2072 2033 
4 2073 2072 2033 2034 
4 2035 2073 2034 2074 
4 2075 2074 2035 2036 
4 2076 2037 2075 2036 
4 2037 2038 2077 2076 
4 2077 2038 2078 2039 
4 2078 2039 2040 2079 
4 2079 2040 2080 2041 
4 2081 2080 2041 2042 
4 2043 2081 2042 2082 
4 2083 2082 2043 2044 
4 2084 2045 2083 2044 
4 2045 2046 2085 2084 
4 2085 2046 2086 2047 
4 2086 2047 2048 2087 
4 2087 2048 2088 2049 
4 2089 2088 2049 2050 
4 2051 2089 2050 2090 
4 2091 2090 2051 2052 
4 2092 2053 2091 2052 
4 2053 2054 2093 2092 
4 2093 2054 2094 2055 
4 2094 2055 2056 2095 
4 2095 2056 2096 2057 
4 2097 2096 2057 2058 
4 126 127 1369 1378 
4 126 127 2097 2058 
4 1019 1018 1027 1028 
4 1369 1378 1379 1370 
4 1029 1020 1019 1028 
4 1371 1370 1379 1380 
4 1029 1030 1021 1020 
4 1381 1372 1371 1380 
4 1021 1030 1031 1022 
4 1381 1382 1373 1372 
4 1022 1031 1032 1023 
4 1373 1382 1383 1374 
4 1023 1032 1033 1024 
4 1375 1374 1383 1384 
4 1024 1033 1034 1025 
4 1375 1384 1385 1376 
4 1026 1025 1034 1035 
4 1377 1376 1385 1386 
4 78 79 1026 1035 
4 3541 78 79 3580 
4 3541 3542 3581 3580 
4 3581 3542 3543 3582 
4 3582 3543 3544 3583 
4 3584 3583 3544 3545 
4 3584 3545 3546 3585 
4 3586 3585 3546 3547 
4 3587 3586 3547 3548 
4 3549 3588 3587 3548 
4 3549 3550 3589 3588 
4 3589 3550 3551 3590 
4 3590 3551 3552 3591 
4 3592 3591 3552 3553 
4 3592 3553 3554 3593 
4 3594 3593 3554 3555 
4 3595 3594 3555 3556 
4 3557 3596 3595 3556 
4 3557 3558 3597 3596 
4 3597 3558 3559 3598 
4 3598 3559 3560 3599 
4 3599 3560 3561 3600 
4 3601 3600 3561 3562 
4 3601 3562 3563 3602 
4 3603 3602 3563 3564 
4 3565 3604 3603 3564 
4 3565 3566 3605 3604 
4 3605 3566 3567 3606 
4 3606 3567 3568 3607 
4 3607 3568 3569 3608 
4 3609 3608 3569 3570 
4 3609 3570 3571 3610 
4 3611 3610 3571 3572 
4 3573 3612 3611 3572 
4 3573 3574 3613 3612 
4 3613 3574 3575 3614 
4 3614 3575 3576 3615 
4 3615 3576 3577 3616 
4 3617 3616 3577 3578 
4 3617 3578 3579 3618 
4 174 175 1377 1386 
4 174 175 3618 3579 
4 31 32 1027 1036 
4 31 32 2098 2059 
4 2099 2098 2059 2060 
4 2100 2061 2099 2060 
4 2061 2062 2101 2100 
4 2101 2062 2102 2063 
4 2102 2063 2064 2103 
4 2065 2103 2064 2104 
4 2105 2104 2065 2066 
4 2067 2105 2066 2106 
4 2107 2106 2067 2068 
4 2108 2069 2107 2068 
4 2069 2070 2109 2108 
4 2109 2070 2110 2071 
4 2110 2071 2072 2111 
4 2073 2111 2072 2112 
4 2113 2112 2073 2074 
4 2075 2113 2074 2114 
4 2115 2114 2075 2076 
4 2116 2077 2115 2076 
4 2077 2078 2117 2116 
4 2117 2078 2118 2079 
4 2118 2079 2080 2119 
4 2081 2119 2080 2120 
4 2121 2120 2081 2082 
4 2083 2121 2082 2122 
4 2123 2122 2083 2084 
4 2124 2085 2123 2084 
4 2085 2086 2125 2124 
4 2125 2086 2087 2126 
4 2127 2126 2087 2088 
4 2127 2088 2089 2128 
4 2129 2128 2089 2090 
4 2129 2090 2091 2130 
4 2131 2130 2091 2092 
4 2093 2132 2131 2092 
4 2093 2094 2133 2132 
4 2133 2094 2095 2134 
4 2135 2134 2095 2096 
4 2135 2096 2097 2136 
4 127 128 1378 1387 
4 128 127 2136 2097 
4 1037 1028 1027 1036 
4 1379 1378 1387 1388 
4 1037 1038 1029 1028 
4 1389 1380 1379 1388 
4 1029 1038 1039 1030 
4 1389 1390 1381 1380 
4 1030 1039 1040 1031 
4 1381 1390 1391 1382 
4 1031 1040 1041 1032 
4 1383 1382 1391 1392 
4 1032 1041 1042 1033 
4 1383 1392 1393 1384 
4 1034 1033 1042 1043 
4 1385 1384 1393 1394 
4 1035 1034 1043 1044 
4 1385 1394 1395 1386 
4 79 80 1035 1044 
4 79 80 3619 3580 
4 3581 3620 3619 3580 
4 3581 3582 3621 3620 
4 3621 3582 3583 3622 
4 3622 3583 3584 3623 
4 3623 3584 3585 3624 
4 3625 3624 3585 3586 
4 3625 3586 3587 3626 
4 3627 3626 3587 3588 
4 3589 3628 3627 3588 
4 3589 3590 3629 3628 
4 3629 3590 3591 3630 
4 3630 3591 3592 3631 
4 3632 3631 3592 3593 
4 3633 3632 3593 3594 
4 3634 3633 3594 3595 
4 3635 3634 3595 3596 
4 3597 3636 3635 3596 
4 3597 3598 3637 3636 
4 3637 3598 3599 3638 
4 3638 3599 3600 3639 
4 3640 3639 3600 3601 
4 3641 3640 3601 3602 
4 3642 3641 3602 3603 
4 3643 3642 3603 3604 
4 3605 3644 3643 3604 
4 3605 3606 3645 3644 
4 3645 3606 3607 3646 
4 3646 3607 3608 3647 
4 3648 3647 3608 3609 
4 3649 3648 3609 3610 
4 3650 3649 3610 3611 
4 3651 3650 3611 3612 
4 3613 3652 3651 3612 
4 3613 3614 3653 3652 
4 3653 3614 3615 3654 
4 3654 3615 3616 3655 
4 3656 3655 3616 3617 
4 3657 3656 3617 3618 
4 175 176 1386 1395 
4 175 176 3657 3618 
4 1045 32 33 1036 
4 2137 32 33 2098 
4 2137 2098 2099 2138 
4 2139 2138 2099 2100 
4 2101 2140 2139 2100 
4 2101 2102 2141 2140 
4 2141 2102 2103 2142 
4 2143 2142 2103 2104 
4 2143 2104 2105 2144 
4 2145 2144 2105 2106 
4 2145 2106 2107 2146 
4 2147 2146 2107 2108 
4 2109 2148 2147 2108 
4 2109 2110 2149 2148 
4 2149 2110 2111 2150 
4 2151 2150 2111 2112 
4 2151 2112 2113 2152 
4 2153 2152 2113 2114 
4 2153 2114 2115 2154 
4 2155 2154 2115 2116 
4 2117 2156 2155 2116 
4 2117 2157 2118 2156 
4 2157 2118 2119 2158 
4 2158 2119 2159 2120 
4 2159 2120 2121 2160 
4 2160 2121 2161 2122 
4 2162 2161 2122 2123 
4 2124 2162 2123 2163 
4 2125 2164 2163 2124 
4 2125 2165 2126 2164 
4 2165 2126 2127 2166 
4 2166 2127 2167 2128 
4 2167 2128 2129 2168 
4 2168 2129 2169 2130 
4 2170 2169 2130 2131 
4 2132 2170 2131 2171 
4 2133 2172 2171 2132 
4 2133 2173 2134 2172 
4 2173 2134 2135 2174 
4 2174 2135 2175 2136 
4 128 129 1387 1396 
4 128 2175 2136 129 
4 1045 1046 1037 1036 
4 1397 1388 1387 1396 
4 1037 1046 1047 1038 
4 1397 1398 1389 1388 
4 1038 1047 1048 1039 
4 1389 1398 1399 1390 
4 1040 1039 1048 1049 
4 1390 1399 1400 1391 
4 1041 1040 1049 1050 
4 1391 1400 1401 1392 
4 1042 1041 1050 1051 
4 1393 1392 1401 1402 
4 1043 1042 1051 1052 
4 1394 1393 1402 1403 
4 1053 1044 1043 1052 
4 1395 1394 1403 1404 
4 1053 80 81 1044 
4 80 81 3658 3619 
4 3659 3658 3619 3620 
4 3621 3660 3659 3620 
4 3621 3622 3661 3660 
4 3661 3622 3623 3662 
4 3663 3662 3623 3624 
4 3663 3624 3625 3664 
4 3665 3664 3625 3626 
4 3665 3626 3627 3666 
4 3667 3666 3627 3628 
4 3629 3668 3667 3628 
4 3629 3630 3669 3668 
4 3669 3630 3631 3670 
4 3671 3670 3631 3632 
4 3671 3632 3633 3672 
4 3673 3672 3633 3634 
4 3673 3634 3635 3674 
4 3675 3674 3635 3636 
4 3637 3676 3675 3636 
4 3637 3638 3677 3676 
4 3677 3638 3639 3678 
4 3679 3678 3639 3640 
4 3679 3640 3641 3680 
4 3681 3680 3641 3642 
4 3681 3642 3643 3682 
4 3683 3682 3643 3644 
4 3645 3684 3683 3644 
4 3645 3646 3685 3684 
4 3685 3646 3647 3686 
4 3687 3686 3647 3648 
4 3687 3648 3649 3688 
4 3689 3688 3649 3650 
4 3689 3650 3651 3690 
4 3691 3690 3651 3652 
4 3653 3692 3691 3652 
4 3653 3654 3693 3692 
4 3693 3654 3655 3694 
4 3695 3694 3655 3656 
4 3695 3656 3657 3696 
4 176 177 1395 1404 
4 176 3696 3657 177 
4 1045 1054 33 34 
4 2137 2176 33 34 
4 2176 2137 2177 2138 
4 2178 2177 2138 2139 
4 2140 2178 2139 2179 
4 2141 2180 2179 2140 
4 2141 2181 2142 2180 
4 2181 2142 2143 2182 
4 2182 2143 2183 2144 
4 2183 2144 2145 2184 
4 2184 2145 2185 2146 
4 2186 2185 2146 2147 
4 2148 2186 2147 2187 
4 2149 2188 2187 2148 
4 2149 2150 2189 2188 
4 2189 2150 2151 2190 
4 2190 2151 2152 2191 
4 2191 2152 2153 2192 
4 2193 2192 2153 2154 
4 2194 2193 2154 2155 
4 2195 2194 2155 2156 
4 2157 2196 2195 2156 
4 2157 2158 2197 2196 
4 2197 2158 2159 2198 
4 2198 2159 2160 2199 
4 2199 2160 2161 2200 
4 2201 2200 2161 2162 
4 2202 2201 2162 2163 
4 2203 2202 2163 2164 
4 2165 2204 2203 2164 
4 2165 2166 2205 2204 
4 2205 2166 2167 2206 
4 2206 2167 2168 2207 
4 2207 2168 2169 2208 
4 2209 2208 2169 2170 
4 2210 2209 2170 2171 
4 2211 2210 2171 2172 
4 2173 2212 2211 2172 
4 2173 2174 2213 2212 
4 2213 2174 2175 2214 
4 1405 129 130 1396 
4 2214 2175 129 130 
4 1045 1054 1055 1046 
4 1405 1406 1397 1396 
4 1046 1055 1056 1047 
4 1397 1406 1407 1398 
4 1048 1047 1056 1057 
4 1398 1407 1408 1399 
4 1049 1048 1057 1058 
4 1399 1408 1409 1400 
4 1050 1049 1058 1059 
4 1401 1400 1409 1410 
4 1051 1050 1059 1060 
4 1402 1401 1410 1411 
4 1061 1052 1051 1060 
4 1403 1402 1411 1412 
4 1061 1062 1053 1052 
4 1413 1404 1403 1412 
4 1053 1062 81 82 
4 3697 81 82 3658 
4 3698 3697 3658 3659 
4 3699 3698 3659 3660 
4 3661 3700 3699 3660 
4 3661 3662 3701 3700 
4 3701 3662 3663 3702 
4 3703 3702 3663 3664 
4 3703 3664 3665 3704 
4 3705 3704 3665 3666 
4 3706 3705 3666 3667 
4 3707 3706 3667 3668 
4 3669 3708 3707 3668 
4 3669 3670 3709 3708 
4 3709 3670 3671 3710 
4 3711 3710 3671 3672 
4 3711 3672 3673 3712 
4 3713 3712 3673 3674 
4 3714 3713 3674 3675 
4 3715 3714 3675 3676 
4 3677 3716 3715 3676 
4 3677 3678 3717 3716 
4 3717 3678 3679 3718 
4 3719 3718 3679 3680 
4 3719 3680 3681 3720 
4 3721 3720 3681 3682 
4 3722 3721 3682 3683 
4 3723 3722 3683 3684 
4 3685 3724 3723 3684 
4 3685 3686 3725 3724 
4 3725 3686 3687 3726 
4 3727 3726 3687 3688 
4 3727 3688 3689 3728 
4 3729 3728 3689 3690 
4 3730 3729 3690 3691 
4 3731 3730 3691 3692 
4 3693 3732 3731 3692 
4 3693 3694 3733 3732 
4 3733 3694 3695 3734 
4 3735 3734 3695 3696 
4 1413 177 178 1404 
4 3735 3696 177 178 
4 1054 1063 34 35 
4 2215 2176 34 35 
4 2215 2176 2177 2216 
4 2217 2216 2177 2178 
4 2218 2217 2178 2179 
4 2219 2218 2179 2180 
4 2181 2220 2219 2180 
4 2181 2221 2182 2220 
4 2221 2182 2183 2222 
4 2222 2183 2223 2184 
4 2224 2223 2184 2185 
4 2186 2224 2185 2225 
4 2226 2225 2186 2187 
4 2188 2226 2187 2227 
4 2189 2228 2227 2188 
4 2189 2229 2190 2228 
4 2229 2190 2191 2230 
4 2230 2191 2231 2192 
4 2232 2231 2192 2193 
4 2194 2232 2193 2233 
4 2234 2233 2194 2195 
4 2196 2234 2195 2235 
4 2197 2236 2235 2196 
4 2197 2237 2198 2236 
4 2237 2198 2199 2238 
4 2238 2199 2239 2200 
4 2240 2239 2200 2201 
4 2202 2240 2201 2241 
4 2242 2241 2202 2203 
4 2204 2242 2203 2243 
4 2205 2244 2243 2204 
4 2205 2245 2206 2244 
4 2245 2206 2207 2246 
4 2246 2207 2247 2208 
4 2248 2247 2208 2209 
4 2210 2248 2209 2249 
4 2250 2249 2210 2211 
4 2212 2250 2211 2251 
4 2213 2252 2251 2212 
4 2213 2214 2253 2252 
4 1405 1414 130 131 
4 2253 2214 130 131 
4 1054 1063 1064 1055 
4 1405 1414 1415 1406 
4 1056 1055 1064 1065 
4 1406 1415 1416 1407 
4 1057 1056 1065 1066 
4 1407 1416 1417 1408 
4 1058 1057 1066 1067 
4 1409 1408 1417 1418 
4 1059 1058 1067 1068 
4 1410 1409 1418 1419 
4 1069 1060 1059 1068 
4 1411 1410 1419 1420 
4 1069 1070 1061 1060 
4 1421 1412 1411 1420 
4 1061 1070 1071 1062 
4 1421 1422 1413 1412 
4 1062 1071 82 83 
4 3736 3697 82 83 
4 3737 3736 3697 3698 
4 3738 3737 3698 3699 
4 3739 3738 3699 3700 
4 3701 3740 3739 3700 
4 3701 3702 3741 3740 
4 3741 3702 3703 3742 
4 3743 3742 3703 3704 
4 3743 3704 3705 3744 
4 3745 3744 3705 3706 
4 3746 3745 3706 3707 
4 3747 3746 3707 3708 
4 3709 3748 3747 3708 
4 3709 3710 3749 3748 
4 3749 3710 3711 3750 
4 3751 3750 3711 3712 
4 3751 3712 3713 3752 
4 3753 3752 3713 3714 
4 3754 3753 3714 3715 
4 3755 3754 3715 3716 
4 3717 3756 3755 3716 
4 3717 3718 3757 3756 
4 3757 3718 3719 3758 
4 3758 3719 3720 3759 
4 3760 3759 3720 3721 
4 3760 3721 3722 3761 
4 3762 3761 3722 3723 
4 3763 3762 3723 3724 
4 3725 3764 3763 3724 
4 3725 3726 3765 3764 
4 3765 3726 3727 3766 
4 3766 3727 3728 3767 
4 3768 3767 3728 3729 
4 3768 3729 3730 3769 
4 3770 3769 3730 3731 
4 3771 3770 3731 3732 
4 3733 3772 3771 3732 
4 3733 3734 3773 3772 
4 3773 3734 3735 3774 
4 1413 1422 178 179 
4 3774 3735 178 179 
4 1063 1072 35 36 
4 2254 2215 35 36 
4 2254 2215 2216 2255 
4 2256 2255 2216 2217 
4 2256 2217 2218 2257 
4 2258 2257 2218 2219 
4 2259 2258 2219 2220 
4 2221 2260 2259 2220 
4 2221 2222 2261 2260 
4 2261 2222 2223 2262 
4 2262 2223 2224 2263 
4 2264 2263 2224 2225 
4 2264 2225 2226 2265 
4 2266 2265 2226 2227 
4 2267 2266 2227 2228 
4 2229 2268 2267 2228 
4 2229 2230 2269 2268 
4 2269 2230 2231 2270 
4 2270 2231 2232 2271 
4 2272 2271 2232 2233 
4 2272 2233 2234 2273 
4 2274 2273 2234 2235 
4 2275 2274 2235 2236 
4 2237 2276 2275 2236 
4 2237 2238 2277 2276 
4 2277 2238 2239 2278 
4 2278 2239 2240 2279 
4 2280 2279 2240 2241 
4 2280 2241 2242 2281 
4 2282 2281 2242 2243 
4 2283 2282 2243 2244 
4 2245 2284 2283 2244 
4 2245 2246 2285 2284 
4 2285 2246 2247 2286 
4 2286 2247 2248 2287 
4 2287 2248 2249 2288 
4 2288 2249 2250 2289 
4 2290 2289 2250 2251 
4 2291 2290 2251 2252 
4 2253 2292 2291 2252 
4 1414 1423 131 132 
4 2253 132 131 2292 
4 1064 1063 1072 1073 
4 1414 1423 1424 1415 
4 1065 1064 1073 1074 
4 1415 1424 1425 1416 
4 1066 1065 1074 1075 
4 1417 1416 1425 1426 
4 1067 1066 1075 1076 
4 1418 1417 1426 1427 
4 1077 1068 1067 1076 
4 1419 1418 1427 1428 
4 1077 1078 1069 1068 
4 1429 1420 1419 1428 
4 1069 1078 1079 1070 
4 1429 1430 1421 1420 
4 1070 1079 1080 1071 
4 1421 1430 1431 1422 
4 1071 1080 83 84 
4 3775 3736 83 84 
4 3776 3775 3736 3737 
4 3776 3737 3738 3777 
4 3778 3777 3738 3739 
4 3779 3778 3739 3740 
4 3741 3780 3779 3740 
4 3741 3742 3781 3780 
4 3781 3742 3743 3782 
4 3782 3743 3744 3783 
4 3784 3783 3744 3745 
4 3784 3745 3746 3785 
4 3786 3785 3746 3747 
4 3787 3786 3747 3748 
4 3749 3788 3787 3748 
4 3749 3750 3789 3788 
4 3789 3750 3751 3790 
4 3790 3751 3752 3791 
4 3792 3791 3752 3753 
4 3792 3753 3754 3793 
4 3794 3793 3754 3755 
4 3795 3794 3755 3756 
4 3757 3796 3795 3756 
4 3757 3758 3797 3796 
4 3797 3758 3759 3798 
4 3798 3759 3760 3799 
4 3800 3799 3760 3761 
4 3800 3761 3762 3801 
4 3802 3801 3762 3763 
4 3803 3802 3763 3764 
4 3765 3804 3803 3764 
4 3765 3766 3805 3804 
4 3805 3766 3767 3806 
4 3806 3767 3768 3807 
4 3808 3807 3768 3769 
4 3808 3769 3770 3809 
4 3810 3809 3770 3771 
4 3811 3810 3771 3772 
4 3773 3812 3811 3772 
4 3773 3774 3813 3812 
4 1422 1431 179 180 
4 3813 3774 179 180 
4 37 1072 1081 36 
4 37 2254 2293 36 
4 2293 2254 2255 2294 
4 2294 2255 2256 2295 
4 2295 2256 2257 2296 
4 2296 2257 2258 2297 
4 2298 2297 2258 2259 
4 2299 2298 2259 2260 
4 2261 2300 2299 2260 
4 2261 2262 2301 2300 
4 2301 2262 2263 2302 
4 2302 2263 2264 2303 
4 2303 2264 2265 2304 
4 2304 2265 2266 2305 
4 2306 2305 2266 2267 
4 2307 2306 2267 2268 
4 2269 2308 2307 2268 
4 2269 2270 2309 2308 
4 2309 2270 2271 2310 
4 2310 2271 2272 2311 
4 2311 2272 2273 2312 
4 2312 2273 2274 2313 
4 2314 2313 2274 2275 
4 2315 2314 2275 2276 
4 2277 2316 2315 2276 
4 2277 2278 2317 2316 
4 2317 2278 2318 2279 
4 2318 2279 2280 2319 
4 2319 2280 2320 2281 
4 2321 2320 2281 2282 
4 2283 2321 2282 2322 
4 2323 2322 2283 2284 
4 2324 2285 2323 2284 
4 2285 2286 2325 2324 
4 2325 2286 2326 2287 
4 2326 2287 2288 2327 
4 2327 2288 2328 2289 
4 2329 2328 2289 2290 
4 2291 2329 2290 2330 
4 2331 2330 2291 2292 
4 133 1423 1432 132 
4 133 132 2331 2292 
4 1073 1072 1081 1082 
4 1423 1432 1433 1424 
4 1074 1073 1082 1083 
4 1425 1424 1433 1434 
4 1075 1074 1083 1084 
4 1426 1425 1434 1435 
4 1085 1076 1075 1084 
4 1427 1426 1435 1436 
4 1085 1086 1077 1076 
4 1437 1428 1427 1436 
4 1077 1086 1087 1078 
4 1437 1438 1429 1428 
4 1078 1087 1088 1079 
4 1429 1438 1439 1430 
4 1080 1079 1088 1089 
4 1430 1439 1440 1431 
4 85 1080 1089 84 
4 85 3814 3775 84 
4 3814 3775 3776 3815 
4 3816 3815 3776 3777 
4 3816 3777 3778 3817 
4 3818 3817 3778 3779 
4 3819 3818 3779 3780 
4 3781 3820 3819 3780 
4 3781 3782 3821 3820 
4 3821 3782 3783 3822 
4 3822 3783 3784 3823 
4 3824 3823 3784 3785 
4 3824 3785 3786 3825 
4 3826 3825 3786 3787 
4 3827 3826 3787 3788 
4 3789 3828 3827 3788 
4 3789 3790 3829 3828 
4 3829 3790 3791 3830 
4 3830 3791 3792 3831 
4 3832 3831 3792 3793 
4 3832 3793 3794 3833 
4 3834 3833 3794 3795 
4 3835 3834 3795 3796 
4 3797 3836 3835 3796 
4 3797 3798 3837 3836 
4 3837 3798 3799 3838 
4 3838 3799 3800 3839 
4 3840 3839 3800 3801 
4 3840 3801 3802 3841 
4 3842 3841 3802 3803 
4 3843 3842 3803 3804 
4 3805 3844 3843 3804 
4 3805 3806 3845 3844 
4 3845 3806 3807 3846 
4 3846 3807 3808 3847 
4 3848 3847 3808 3809 
4 3848 3809 3810 3849 
4 3850 3849 3810 3811 
4 3851 3850 3811 3812 
4 3813 3852 3851 3812 
4 181 1431 1440 180 
4 3813 181 180 3852 
4 37 38 1081 1090 
4 37 38 2293 2332 
4 2293 2294 2333 2332 
4 2333 2294 2334 2295 
4 2334 2295 2296 2335 
4 2335 2296 2336 2297 
4 2337 2336 2297 2298 
4 2299 2337 2298 2338 
4 2339 2338 2299 2300 
4 2340 2301 2339 2300 
4 2301 2302 2341 2340 
4 2341 2302 2342 2303 
4 2342 2303 2304 2343 
4 2343 2304 2344 2305 
4 2345 2344 2305 2306 
4 2307 2345 2306 2346 
4 2347 2346 2307 2308 
4 2348 2309 2347 2308 
4 2309 2310 2349 2348 
4 2349 2310 2350 2311 
4 2350 2311 2312 2351 
4 2351 2312 2352 2313 
4 2353 2352 2313 2314 
4 2315 2353 2314 2354 
4 2355 2354 2315 2316 
4 2356 2317 2355 2316 
4 2317 2318 2357 2356 
4 2357 2318 2358 2319 
4 2358 2319 2320 2359 
4 2321 2359 2320 2360 
4 2361 2360 2321 2322 
4 2323 2361 2322 2362 
4 2363 2362 2323 2324 
4 2364 2325 2363 2324 
4 2325 2326 2365 2364 
4 2365 2326 2366 2327 
4 2366 2327 2328 2367 
4 2329 2367 2328 2368 
4 2369 2368 2329 2330 
4 2331 2369 2330 2370 
4 133 134 1432 1441 
4 133 134 2370 2331 
4 1082 1081 1090 1091 
4 1433 1432 1441 1442 
4 1083 1082 1091 1092 
4 1434 1433 1442 1443 
4 1093 1084 1083 1092 
4 1435 1434 1443 1444 
4 1093 1094 1085 1084 
4 1445 1436 1435 1444 
4 1085 1094 1095 1086 
4 1445 1446 1437 1436 
4 1086 1095 1096 1087 
4 1437 1446 1447 1438 
4 1088 1087 1096 1097 
4 1438 1447 1448 1439 
4 1089 1088 1097 1098 
4 1439 1448 1449 1440 
4 85 86 1089 1098 
4 85 86 3853 3814 
4 3853 3814 3815 3854 
4 3854 3815 3816 3855 
4 3855 3816 3817 3856 
4 3857 3856 3817 3818 
4 3857 3818 3819 3858 
4 3859 3858 3819 3820 
4 3821 3860 3859 3820 
4 3821 3822 3861 3860 
4 3861 3822 3823 3862 
4 3862 3823 3824 3863 
4 3863 3824 3825 3864 
4 3865 3864 3825 3826 
4 3865 3826 3827 3866 
4 3867 3866 3827 3828 
4 3829 3868 3867 3828 
4 3829 3830 3869 3868 
4 3869 3830 3831 3870 
4 3870 3831 3832 3871 
4 3871 3832 3833 3872 
4 3873 3872 3833 3834 
4 3873 3834 3835 3874 
4 3875 3874 3835 3836 
4 3837 3876 3875 3836 
4 3837 3838 3877 3876 
4 3877 3838 3839 3878 
4 3878 3839 3840 3879 
4 3879 3840 3841 3880 
4 3881 3880 3841 3842 
4 3881 3842 3843 3882 
4 3883 3882 3843 3844 
4 3845 3884 3883 3844 
4 3845 3846 3885 3884 
4 3885 3846 3847 3886 
4 3886 3847 3848 3887 
4 3888 3887 3848 3849 
4 3889 3888 3849 3850 
4 3890 3889 3850 3851 
4 3891 3890 3851 3852 
4 181 182 1440 1449 
4 181 182 3891 3852 
4 38 39 1090 1099 
4 38 39 2371 2332 
4 2372 2333 2371 2332 
4 2333 2334 2373 2372 
4 2373 2334 2374 2335 
4 2374 2335 2336 2375 
4 2337 2375 2336 2376 
4 2377 2376 2337 2338 
4 2339 2377 2338 2378 
4 2379 2378 2339 2340 
4 2380 2341 2379 2340 
4 2341 2342 2381 2380 
4 2381 2342 2343 2382 
4 2383 2382 2343 2344 
4 2383 2344 2345 2384 
4 2385 2384 2345 2346 
4 2385 2346 2347 2386 
4 2387 2386 2347 2348 
4 2349 2388 2387 2348 
4 2349 2350 2389 2388 
4 2389 2350 2351 2390 
4 2391 2390 2351 2352 
4 2391 2352 2353 2392 
4 2393 2392 2353 2354 
4 2393 2354 2355 2394 
4 2395 2394 2355 2356 
4 2357 2396 2395 2356 
4 2357 2358 2397 2396 
4 2397 2358 2359 2398 
4 2399 2398 2359 2360 
4 2399 2360 2361 2400 
4 2401 2400 2361 2362 
4 2401 2362 2363 2402 
4 2403 2402 2363 2364 
4 2365 2404 2403 2364 
4 2365 2366 2405 2404 
4 2405 2366 2367 2406 
4 2407 2406 2367 2368 
4 2407 2368 2369 2408 
4 2409 2408 2369 2370 
4 134 135 1441 1450 
4 134 135 2409 2370 
4 1091 1090 1099 1100 
4 1442 1441 1450 1451 
4 1101 1092 1091 1100 
4 1443 1442 1451 1452 
4 1101 1102 1093 1092 
4 1453 1444 1443 1452 
4 1093 1102 1103 1094 
4 1453 1454 1445 1444 
4 1094 1103 1104 1095 
4 1445 1454 1455 1446 
4 1096 1095 1104 1105 
4 1446 1455 1456 1447 
4 1097 1096 1105 1106 
4 1447 1456 1457 1448 
4 1098 1097 1106 1107 
4 1449 1448 1457 1458 
4 86 87 1098 1107 
4 3853 86 87 3892 
4 3853 3854 3893 3892 
4 3893 3854 3855 3894 
4 3894 3855 3856 3895 
4 3896 3895 3856 3857 
4 3897 3896 3857 3858 
4 3898 3897 3858 3859 
4 3899 3898 3859 3860 
4 3861 3900 3899 3860 
4 3861 3862 3901 3900 
4 3901 3862 3863 3902 
4 3902 3863 3864 3903 
4 3904 3903 3864 3865 
4 3905 3904 3865 3866 
4 3906 3905 3866 3867 
4 3907 3906 3867 3868 
4 3869 3908 3907 3868 
4 3869 3870 3909 3908 
4 3909 3870 3871 3910 
4 3910 3871 3872 3911 
4 3912 3911 3872 3873 
4 3913 3912 3873 3874 
4 3914 3913 3874 3875 
4 3915 3914 3875 3876 
4 3877 3916 3915 3876 
4 3877 3878 3917 3916 
4 3917 3878 3879 3918 
4 3919 3918 3879 3880 
4 3919 3880 3881 3920 
4 3921 3920 3881 3882 
4 3921 3882 3883 3922 
4 3923 3922 3883 3884 
4 3885 3924 3923 3884 
4 3885 3886 3925 3924 
4 3925 3886 3887 3926 
4 3927 3926 3887 3888 
4 3927 3888 3889 3928 
4 3929 3928 3889 3890 
4 3929 3890 3891 3930 
4 182 183 1449 1458 
4 182 183 3930 3891 
4 39 40 1099 1108 
4 39 40 2410 2371 
4 2411 2410 2371 2372 
4 2373 2412 2411 2372 
4 2373 2413 2374 2412 
4 2413 2374 2375 2414 
4 2414 2375 2415 2376 
4 2415 2376 2377 2416 
4 2416 2377 2417 2378 
4 2418 2417 2378 2379 
4 2380 2418 2379 2419 
4 2381 2420 2419 2380 
4 2381 2421 2382 2420 
4 2421 2382 2383 2422 
4 2422 2383 2423 2384 
4 2423 2384 2385 2424 
4 2424 2385 2425 2386 
4 2426 2425 2386 2387 
4 2388 2426 2387 2427 
4 2389 2428 2427 2388 
4 2389 2429 2390 2428 
4 2429 2390 2391 2430 
4 2430 2391 2431 2392 
4 2431 2392 2393 2432 
4 2432 2393 2433 2394 
4 2434 2433 2394 2395 
4 2396 2434 2395 2435 
4 2397 2436 2435 2396 
4 2397 2437 2398 2436 
4 2437 2398 2399 2438 
4 2438 2399 2439 2400 
4 2439 2400 2401 2440 
4 2440 2401 2441 2402 
4 2442 2441 2402 2403 
4 2404 2442 2403 2443 
4 2405 2444 2443 2404 
4 2405 2406 2445 2444 
4 2445 2406 2407 2446 
4 2446 2407 2408 2447 
4 2447 2408 2409 2448 
4 135 136 1450 1459 
4 136 135 2448 2409 
4 1109 1100 1099 1108 
4 1451 1450 1459 1460 
4 1109 1110 1101 1100 
4 1461 1452 1451 1460 
4 1101 1110 1111 1102 
4 1461 1462 1453 1452 
4 1103 1102 1111 1112 
4 1453 1462 1463 1454 
4 1103 1112 1113 1104 
4 1455 1454 1463 1464 
4 1105 1104 1113 1114 
4 1456 1455 1464 1465 
4 1105 1114 1115 1106 
4 1457 1456 1465 1466 
4 1107 1106 1115 1116 
4 1458 1457 1466 1467 
4 87 88 1107 1116 
4 87 88 3931 3892 
4 3893 3932 3931 3892 
4 3893 3894 3933 3932 
4 3933 3894 3895 3934 
4 3935 3934 3895 3896 
4 3935 3896 3897 3936 
4 3937 3936 3897 3898 
4 3937 3898 3899 3938 
4 3939 3938 3899 3900 
4 3901 3940 3939 3900 
4 3901 3902 3941 3940 
4 3941 3902 3903 3942 
4 3943 3942 3903 3904 
4 3943 3904 3905 3944 
4 3945 3944 3905 3906 
4 3945 3906 3907 3946 
4 3947 3946 3907 3908 
4 3909 3948 3947 3908 
4 3909 3910 3949 3948 
4 3949 3910 3911 3950 
4 3951 3950 3911 3912 
4 3951 3912 3913 3952 
4 3953 3952 3913 3914 
4 3954 3953 3914 3915 
4 3955 3954 3915 3916 
4 3917 3956 3955 3916 
4 3917 3918 3957 3956 
4 3957 3918 3919 3958 
4 3959 3958 3919 3920 
4 3959 3920 3921 3960 
4 3961 3960 3921 3922 
4 3962 3961 3922 3923 
4 3963 3962 3923 3924 
4 3925 3964 3963 3924 
4 3925 3926 3965 3964 
4 3965 3926 3927 3966 
4 3967 3966 3927 3928 
4 3967 3928 3929 3968 
4 3969 3968 3929 3930 
4 183 184 1458 1467 
4 183 184 3969 3930 
4 1117 40 41 1108 
4 2449 40 41 2410 
4 2450 2449 2410 2411 
4 2451 2450 2411 2412 
4 2413 2452 2451 2412 
4 2413 2414 2453 2452 
4 2453 2414 2415 2454 
4 2454 2415 2416 2455 
4 2455 2416 2417 2456 
4 2457 2456 2417 2418 
4 2458 2457 2418 2419 
4 2459 2458 2419 2420 
4 2421 2460 2459 2420 
4 2421 2422 2461 2460 
4 2461 2422 2423 2462 
4 2462 2423 2424 2463 
4 2463 2424 2425 2464 
4 2465 2464 2425 2426 
4 2466 2465 2426 2427 
4 2467 2466 2427 2428 
4 2429 2468 2467 2428 
4 2429 2430 2469 2468 
4 2469 2430 2431 2470 
4 2470 2431 2432 2471 
4 2471 2432 2433 2472 
4 2473 2472 2433 2434 
4 2474 2473 2434 2435 
4 2475 2474 2435 2436 
4 2437 2476 2475 2436 
4 2437 2477 2438 2476 
4 2477 2438 2439 2478 
4 2478 2439 2479 2440 
4 2480 2479 2440 2441 
4 2442 2480 2441 2481 
4 2482 2481 2442 2443 
4 2444 2482 2443 2483 
4 2445 2484 2483 2444 
4 2445 2485 2446 2484 
4 2485 2446 2447 2486 
4 2486 2447 2487 2448 
4 136 137 1459 1468 
4 136 2487 2448 137 
4 1117 1118 1109 1108 
4 1469 1460 1459 1468 
4 1109 1118 1119 1110 
4 1469 1470 1461 1460 
4 1111 1110 1119 1120 
4 1461 1470 1471 1462 
4 1111 1120 1121 1112 
4 1463 1462 1471 1472 
4 1113 1112 1121 1122 
4 1464 1463 1472 1473 
4 1113 1122 1123 1114 
4 1465 1464 1473 1474 
4 1115 1114 1123 1124 
4 1466 1465 1474 1475 
4 1125 1116 1115 1124 
4 1467 1466 1475 1476 
4 1125 88 89 1116 
4 88 89 3970 3931 
4 3971 3970 3931 3932 
4 3933 3972 3971 3932 
4 3933 3934 3973 3972 
4 3973 3934 3935 3974 
4 3975 3974 3935 3936 
4 3975 3936 3937 3976 
4 3977 3976 3937 3938 
4 3978 3977 3938 3939 
4 3979 3978 3939 3940 
4 3941 3980 3979 3940 
4 3941 3942 3981 3980 
4 3981 3942 3943 3982 
4 3983 3982 3943 3944 
4 3983 3944 3945 3984 
4 3985 3984 3945 3946 
4 3986 3985 3946 3947 
4 3987 3986 3947 3948 
4 3949 3988 3987 3948 
4 3949 3950 3989 3988 
4 3989 3950 3951 3990 
4 3991 3990 3951 3952 
4 3991 3952 3953 3992 
4 3993 3992 3953 3954 
4 3994 3993 3954 3955 
4 3995 3994 3955 3956 
4 3957 3996 3995 3956 
4 3957 3958 3997 3996 
4 3997 3958 3959 3998 
4 3999 3998 3959 3960 
4 3999 3960 3961 4000 
4 4001 4000 3961 3962 
4 4002 4001 3962 3963 
4 4003 4002 3963 3964 
4 3965 4004 4003 3964 
4 3965 3966 4005 4004 
4 4005 3966 3967 4006 
4 4007 4006 3967 3968 
4 4007 3968 3969 4008 
4 184 185 1467 1476 
4 184 4008 3969 185 
4 1117 1126 41 42 
4 2449 2488 41 42 
4 2450 2488 2449 2489 
4 2490 2489 2450 2451 
4 2452 2490 2451 2491 
4 2453 2492 2491 2452 
4 2453 2493 2454 2492 
4 2493 2454 2455 2494 
4 2494 2455 2495 2456 
4 2496 2495 2456 2457 
4 2458 2496 2457 2497 
4 2498 2497 2458 2459 
4 2460 2498 2459 2499 
4 2461 2500 2499 2460 
4 2461 2501 2462 2500 
4 2501 2462 2463 2502 
4 2502 2463 2503 2464 
4 2504 2503 2464 2465 
4 2466 2504 2465 2505 
4 2506 2505 2466 2467 
4 2468 2506 2467 2507 
4 2469 2508 2507 2468 
4 2469 2470 2509 2508 
4 2509 2470 2471 2510 
4 2510 2471 2472 2511 
4 2512 2511 2472 2473 
4 2512 2473 2474 2513 
4 2514 2513 2474 2475 
4 2515 2514 2475 2476 
4 2477 2516 2515 2476 
4 2477 2478 2517 2516 
4 2517 2478 2479 2518 
4 2518 2479 2480 2519 
4 2520 2519 2480 2481 
4 2520 2481 2482 2521 
4 2522 2521 2482 2483 
4 2523 2522 2483 2484 
4 2485 2524 2523 2484 
4 2485 2486 2525 2524 
4 2525 2486 2487 2526 
4 1477 137 138 1468 
4 2526 2487 137 138 
4 1117 1126 1127 1118 
4 1477 1478 1469 1468 
4 1119 1118 1127 1128 
4 1469 1478 1479 1470 
4 1119 1128 1129 1120 
4 1471 1470 1479 1480 
4 1121 1120 1129 1130 
4 1472 1471 1480 1481 
4 1121 1130 1131 1122 
4 1473 1472 1481 1482 
4 1123 1122 1131 1132 
4 1474 1473 1482 1483 
4 1133 1124 1123 1132 
4 1475 1474 1483 1484 
4 1133 1134 1125 1124 
4 1485 1476 1475 1484 
4 1125 1134 89 90 
4 3970 4009 89 90 
4 4010 4009 3970 3971 
4 4011 4010 3971 3972 
4 3973 4012 4011 3972 
4 3973 3974 4013 4012 
4 4013 3974 3975 4014 
4 4014 3975 3976 4015 
4 4016 4015 3976 3977 
4 4017 4016 3977 3978 
4 4018 4017 3978 3979 
4 4019 4018 3979 3980 
4 3981 4020 4019 3980 
4 3981 3982 4021 4020 
4 4021 3982 3983 4022 
4 4022 3983 3984 4023 
4 4024 4023 3984 3985 
4 4025 4024 3985 3986 
4 4026 4025 3986 3987 
4 4027 4026 3987 3988 
4 3989 4028 4027 3988 
4 3989 3990 4029 4028 
4 4029 3990 3991 4030 
4 4030 3991 3992 4031 
4 4032 4031 3992 3993 
4 4033 4032 3993 3994 
4 4034 4033 3994 3995 
4 4035 4034 3995 3996 
4 3997 4036 4035 3996 
4 3997 3998 4037 4036 
4 4037 3998 3999 4038 
4 4038 3999 4000 4039 
4 4040 4039 4000 4001 
4 4041 4040 4001 4002 
4 4042 4041 4002 4003 
4 4043 4042 4003 4004 
4 4005 4044 4043 4004 
4 4005 4006 4045 4044 
4 4045 4006 4007 4046 
4 4046 4007 4008 4047 
4 1485 185 186 1476 
4 4047 4008 185 186 
4 1126 1135 42 43 
4 2527 2488 42 43 
4 2528 2527 2488 2489 
4 2528 2489 2490 2529 
4 2530 2529 2490 2491 
4 2531 2530 2491 2492 
4 2493 2532 2531 2492 
4 2493 2494 2533 2532 
4 2533 2494 2495 2534 
4 2534 2495 2496 2535 
4 2536 2535 2496 2497 
4 2536 2497 2498 2537 
4 2538 2537 2498 2499 
4 2539 2538 2499 2500 
4 2501 2540 2539 2500 
4 2501 2502 2541 2540 
4 2541 2502 2503 2542 
4 2542 2503 2504 2543 
4 2543 2504 2505 2544 
4 2544 2505 2506 2545 
4 2546 2545 2506 2507 
4 2547 2546 2507 2508 
4 2509 2548 2547 2508 
4 2509 2510 2549 2548 
4 2549 2510 2511 2550 
4 2550 2511 2512 2551 
4 2551 2512 2513 2552 
4 2552 2513 2514 2553 
4 2554 2553 2514 2515 
4 2555 2554 2515 2516 
4 2517 2556 2555 2516 
4 2517 2518 2557 2556 
4 2557 2518 2519 2558 
4 2558 2519 2520 2559 
4 2559 2520 2521 2560 
4 2560 2521 2522 2561 
4 2562 2561 2522 2523 
4 2563 2562 2523 2524 
4 2525 2564 2563 2524 
4 2525 2526 2565 2564 
4 1477 1486 138 139 
4 2565 2526 138 139 
4 1127 1126 1135 1136 
4 1477 1486 1487 1478 
4 1127 1136 1137 1128 
4 1479 1478 1487 1488 
4 1129 1128 1137 1138 
4 1480 1479 1488 1489 
4 1129 1138 1139 1130 
4 1481 1480 1489 1490 
4 1131 1130 1139 1140 
4 1482 1481 1490 1491 
4 1141 1132 1131 1140 
4 1483 1482 1491 1492 
4 1141 1142 1133 1132 
4 1493 1484 1483 1492 
4 1133 1142 1143 1134 
4 1493 1494 1485 1484 
4 1134 1143 90 91 
4 4048 4009 90 91 
4 4048 4009 4010 4049 
4 4050 4049 4010 4011 
4 4051 4050 4011 4012 
4 4013 4052 4051 4012 
4 4013 4014 4053 4052 
4 4053 4014 4015 4054 
4 4054 4015 4016 4055 
4 4056 4055 4016 4017 
4 4056 4017 4018 4057 
4 4058 4057 4018 4019 
4 4059 4058 4019 4020 
4 4021 4060 4059 4020 
4 4021 4022 4061 4060 
4 4061 4022 4023 4062 
4 4062 4023 4024 4063 
4 4064 4063 4024 4025 
4 4064 4025 4026 4065 
4 4066 4065 4026 4027 
4 4067 4066 4027 4028 
4 4029 4068 4067 4028 
4 4029 4030 4069 4068 
4 4069 4030 4031 4070 
4 4070 4031 4032 4071 
4 4072 4071 4032 4033 
4 4072 4033 4034 4073 
4 4074 4073 4034 4035 
4 4075 4074 4035 4036 
4 4037 4076 4075 4036 
4 4037 4038 4077 4076 
4 4077 4038 4039 4078 
4 4078 4039 4040 4079 
4 4080 4079 4040 4041 
4 4080 4041 4042 4081 
4 4082 4081 4042 4043 
4 4083 4082 4043 4044 
4 4045 4084 4083 4044 
4 4045 4046 4085 4084 
4 4085 4046 4047 4086 
4 1485 1494 186 187 
4 4086 4047 186 187 
4 1135 1144 43 44 
4 2566 2527 43 44 
4 2566 2527 2528 2567 
4 2567 2528 2529 2568 
4 2568 2529 2530 2569 
4 2570 2569 2530 2531 
4 2571 2570 2531 2532 
4 2533 2572 2571 2532 
4 2533 2534 2573 2572 
4 2573 2534 2574 2535 
4 2574 2535 2536 2575 
4 2575 2536 2576 2537 
4 2577 2576 2537 2538 
4 2539 2577 2538 2578 
4 2579 2578 2539 2540 
4 2580 2541 2579 2540 
4 2541 2542 2581 2580 
4 2581 2542 2582 2543 
4 2582 2543 2544 2583 
4 2583 2544 2584 2545 
4 2585 2584 2545 2546 
4 2547 2585 2546 2586 
4 2587 2586 2547 2548 
4 2588 2549 2587 2548 
4 2549 2550 2589 2588 
4 2589 2550 2590 2551 
4 2590 2551 2552 2591 
4 2591 2552 2592 2553 
4 2593 2592 2553 2554 
4 2555 2593 2554 2594 
4 2595 2594 2555 2556 
4 2596 2557 2595 2556 
4 2557 2558 2597 2596 
4 2597 2558 2598 2559 
4 2598 2559 2560 2599 
4 2599 2560 2600 2561 
4 2601 2600 2561 2562 
4 2563 2601 2562 2602 
4 2603 2602 2563 2564 
4 2604 2565 2603 2564 
4 1486 1495 139 140 
4 2565 140 139 2604 
4 1135 1144 1145 1136 
4 1486 1495 1496 1487 
4 1137 1136 1145 1146 
4 1488 1487 1496 1497 
4 1138 1137 1146 1147 
4 1488 1497 1498 1489 
4 1139 1138 1147 1148 
4 1490 1489 1498 1499 
4 1149 1140 1139 1148 
4 1491 1490 1499 1500 
4 1149 1150 1141 1140 
4 1501 1492 1491 1500 
4 1141 1150 1151 1142 
4 1501 1502 1493 1492 
4 1142 1151 1152 1143 
4 1493 1502 1503 1494 
4 1143 1152 91 92 
4 4087 4048 91 92 
4 4088 4087 4048 4049 
4 4088 4049 4050 4089 
4 4090 4089 4050 4051 
4 4091 4090 4051 4052 
4 4053 4092 4091 4052 
4 4053 4054 4093 4092 
4 4093 4054 4055 4094 
4 4094 4055 4056 4095 
4 4096 4095 4056 4057 
4 4096 4057 4058 4097 
4 4098 4097 4058 4059 
4 4099 4098 4059 4060 
4 4061 4100 4099 4060 
4 4061 4062 4101 4100 
4 4101 4062 4063 4102 
4 4102 4063 4064 4103 
4 4104 4103 4064 4065 
4 4104 4065 4066 4105 
4 4106 4105 4066 4067 
4 4107 4106 4067 4068 
4 4069 4108 4107 4068 
4 4069 4070 4109 4108 
4 4109 4070 4071 4110 
4 4110 4071 4072 4111 
4 4111 4072 4073 4112 
4 4113 4112 4073 4074 
4 4114 4113 4074 4075 
4 4115 4114 4075 4076 
4 4077 4116 4115 4076 
4 4077 4078 4117 4116 
4 4117 4078 4079 4118 
4 4118 4079 4080 4119 
4 4119 4080 4081 4120 
4 4121 4120 4081 4082 
4 4122 4121 4082 4083 
4 4123 4122 4083 4084 
4 4085 4124 4123 4084 
4 4085 4086 4125 4124 
4 1494 1503 187 188 
4 4125 4086 187 188 
4 45 1144 1153 44 
4 45 2566 2605 44 
4 2605 2566 2606 2567 
4 2606 2567 2568 2607 
4 2607 2568 2608 2569 
4 2609 2608 2569 2570 
4 2571 2609 2570 2610 
4 2611 2610 2571 2572 
4 2612 2573 2611 2572 
4 2573 2574 2613 2612 
4 2613 2574 2614 2575 
4 2614 2575 2576 2615 
4 2577 2615 2576 2616 
4 2617 2616 2577 2578 
4 2579 2617 2578 2618 
4 2619 2618 2579 2580 
4 2620 2581 2619 2580 
4 2581 2582 2621 2620 
4 2621 2582 2622 2583 
4 2622 2583 2584 2623 
4 2585 2623 2584 2624 
4 2625 2624 2585 2586 
4 2587 2625 2586 2626 
4 2627 2626 2587 2588 
4 2628 2589 2627 2588 
4 2589 2590 2629 2628 
4 2629 2590 2630 2591 
4 2630 2591 2592 2631 
4 2593 2631 2592 2632 
4 2633 2632 2593 2594 
4 2595 2633 2594 2634 
4 2635 2634 2595 2596 
4 2636 2597 2635 2596 
4 2597 2598 2637 2636 
4 2637 2598 2599 2638 
4 2639 2638 2599 2600 
4 2639 2600 2601 2640 
4 2641 2640 2601 2602 
4 2641 2602 2603 2642 
4 2643 2642 2603 2604 
4 141 1495 1504 140 
4 141 140 2643 2604 
4 1145 1144 1153 1154 
4 1496 1495 1504 1505 
4 1146 1145 1154 1155 
4 1496 1505 1506 1497 
4 1147 1146 1155 1156 
4 1498 1497 1506 1507 
4 1157 1148 1147 1156 
4 1499 1498 1507 1508 
4 1157 1158 1149 1148 
4 1509 1500 1499 1508 
4 1149 1158 1159 1150 
4 1509 1510 1501 1500 
4 1150 1159 1160 1151 
4 1501 1510 1511 1502 
4 1151 1160 1161 1152 
4 1502 1511 1512 1503 
4 93 1152 1161 92 
4 93 4126 4087 92 
4 4126 4087 4088 4127 
4 4127 4088 4089 4128 
4 4129 4128 4089 4090 
4 4130 4129 4090 4091 
4 4131 4130 4091 4092 
4 4093 4132 4131 4092 
4 4093 4094 4133 4132 
4 4133 4094 4095 4134 
4 4134 4095 4096 4135 
4 4135 4096 4097 4136 
4 4137 4136 4097 4098 
4 4138 4137 4098 4099 
4 4139 4138 4099 4100 
4 4101 4140 4139 4100 
4 4101 4102 4141 4140 
4 4141 4102 4103 4142 
4 4142 4103 4104 4143 
4 4144 4143 4104 4105 
4 4145 4144 4105 4106 
4 4146 4145 4106 4107 
4 4147 4146 4107 4108 
4 4109 4148 4147 4108 
4 4109 4110 4149 4148 
4 4149 4110 4111 4150 
4 4150 4111 4112 4151 
4 4152 4151 4112 4113 
4 4153 4152 4113 4114 
4 4154 4153 4114 4115 
4 4155 4154 4115 4116 
4 4117 4156 4155 4116 
4 4117 4118 4157 4156 
4 4157 4118 4119 4158 
4 4158 4119 4120 4159 
4 4160 4159 4120 4121 
4 4161 4160 4121 4122 
4 4162 4161 4122 4123 
4 4163 4162 4123 4124 
4 4125 4164 4163 4124 
4 189 1503 1512 188 
4 4125 189 188 4164 
4 45 46 1153 1162 
4 45 46 2605 2644 
4 2605 2606 2645 2644 
4 2645 2606 2607 2646 
4 2647 2646 2607 2608 
4 2647 2608 2609 2648 
4 2649 2648 2609 2610 
4 2649 2610 2611 2650 
4 2651 2650 2611 2612 
4 2613 2652 2651 2612 
4 2613 2614 2653 2652 
4 2653 2614 2615 2654 
4 2655 2654 2615 2616 
4 2655 2616 2617 2656 
4 2657 2656 2617 2618 
4 2657 2618 2619 2658 
4 2659 2658 2619 2620 
4 2621 2660 2659 2620 
4 2621 2622 2661 2660 
4 2661 2622 2623 2662 
4 2663 2662 2623 2624 
4 2663 2624 2625 2664 
4 2665 2664 2625 2626 
4 2665 2626 2627 2666 
4 2667 2666 2627 2628 
4 2629 2668 2667 2628 
4 2629 2669 2630 2668 
4 2669 2630 2631 2670 
4 2670 2631 2671 2632 
4 2671 2632 2633 2672 
4 2672 2633 2673 2634 
4 2674 2673 2634 2635 
4 2636 2674 2635 2675 
4 2637 2676 2675 2636 
4 2637 2677 2638 2676 
4 2677 2638 2639 2678 
4 2678 2639 2679 2640 
4 2679 2640 2641 2680 
4 2680 2641 2681 2642 
4 2682 2681 2642 2643 
4 141 142 1504 1513 
4 141 142 2682 2643 
4 1154 1153 1162 1163 
4 1504 1513 1514 1505 
4 1155 1154 1163 1164 
4 1506 1505 1514 1515 
4 1165 1156 1155 1164 
4 1507 1506 1515 1516 
4 1165 1166 1157 1156 
4 1517 1508 1507 1516 
4 1157 1166 1167 1158 
4 1517 1518 1509 1508 
4 1158 1167 1168 1159 
4 1509 1518 1519 1510 
4 1159 1168 1169 1160 
4 1510 1519 1520 1511 
4 1161 1160 1169 1170 
4 1512 1511 1520 1521 
4 93 94 1161 1170 
4 93 94 4126 4165 
4 4165 4126 4127 4166 
4 4166 4127 4128 4167 
4 4168 4167 4128 4129 
4 4169 4168 4129 4130 
4 4170 4169 4130 4131 
4 4171 4170 4131 4132 
4 4133 4172 4171 4132 
4 4133 4134 4173 4172 
4 4173 4134 4135 4174 
4 4175 4174 4135 4136 
4 4175 4136 4137 4176 
4 4177 4176 4137 4138 
4 4177 4138 4139 4178 
4 4179 4178 4139 4140 
4 4141 4180 4179 4140 
4 4141 4142 4181 4180 
4 4181 4142 4143 4182 
4 4183 4182 4143 4144 
4 4183 4144 4145 4184 
4 4185 4184 4145 4146 
4 4185 4146 4147 4186 
4 4187 4186 4147 4148 
4 4149 4188 4187 4148 
4 4149 4150 4189 4188 
4 4189 4150 4151 4190 
4 4191 4190 4151 4152 
4 4191 4152 4153 4192 
4 4193 4192 4153 4154 
4 4193 4154 4155 4194 
4 4195 4194 4155 4156 
4 4157 4196 4195 4156 
4 4157 4158 4197 4196 
4 4197 4158 4159 4198 
4 4199 4198 4159 4160 
4 4199 4160 4161 4200 
4 4201 4200 4161 4162 
4 4201 4162 4163 4202 
4 4203 4202 4163 4164 
4 189 190 1512 1521 
4 189 190 4203 4164 
4 46 47 1162 1171 
4 46 47 2683 2644 
4 2645 2684 2683 2644 
4 2645 2685 2646 2684 
4 2685 2646 2647 2686 
4 2686 2647 2687 2648 
4 2687 2648 2649 2688 
4 2688 2649 2689 2650 
4 2690 2689 2650 2651 
4 2652 2690 2651 2691 
4 2653 2692 2691 2652 
4 2653 2693 2654 2692 
4 2693 2654 2655 2694 
4 2694 2655 2695 2656 
4 2695 2656 2657 2696 
4 2696 2657 2697 2658 
4 2698 2697 2658 2659 
4 2660 2698 2659 2699 
4 2661 2700 2699 2660 
4 2661 2662 2701 2700 
4 2701 2662 2663 2702 
4 2702 2663 2664 2703 
4 2703 2664 2665 2704 
4 2705 2704 2665 2666 
4 2706 2705 2666 2667 
4 2707 2706 2667 2668 
4 2669 2708 2707 2668 
4 2669 2670 2709 2708 
4 2709 2670 2671 2710 
4 2710 2671 2672 2711 
4 2711 2672 2673 2712 
4 2713 2712 2673 2674 
4 2714 2713 2674 2675 
4 2715 2714 2675 2676 
4 2677 2716 2715 2676 
4 2677 2678 2717 2716 
4 2717 2678 2679 2718 
4 2718 2679 2680 2719 
4 2719 2680 2681 2720 
4 2721 2720 2681 2682 
4 142 143 1513 1522 
4 142 143 2721 2682 
4 1163 1162 1171 1172 
4 1514 1513 1522 1523 
4 1173 1164 1163 1172 
4 1515 1514 1523 1524 
4 1173 1174 1165 1164 
4 1525 1516 1515 1524 
4 1165 1174 1175 1166 
4 1525 1526 1517 1516 
4 1166 1175 1176 1167 
4 1517 1526 1527 1518 
4 1167 1176 1177 1168 
4 1518 1527 1528 1519 
4 1169 1168 1177 1178 
4 1519 1528 1529 1520 
4 1170 1169 1178 1179 
4 1520 1529 1530 1521 
4 94 95 1170 1179 
4 4165 94 95 4204 
4 4165 4166 4205 4204 
4 4205 4166 4167 4206 
4 4206 4167 4168 4207 
4 4207 4168 4169 4208 
4 4208 4169 4170 4209 
4 4210 4209 4170 4171 
4 4211 4210 4171 4172 
4 4173 4212 4211 4172 
4 4173 4174 4213 4212 
4 4213 4174 4175 4214 
4 4214 4175 4176 4215 
4 4215 4176 4177 4216 
4 4216 4177 4178 4217 
4 4218 4217 4178 4179 
4 4219 4218 4179 4180 
4 4181 4220 4219 4180 
4 4181 4182 4221 4220 
4 4221 4182 4183 4222 
4 4222 4183 4184 4223 
4 4223 4184 4185 4224 
4 4224 4185 4186 4225 
4 4226 4225 4186 4187 
4 4227 4226 4187 4188 
4 4189 4228 4227 4188 
4 4189 4190 4229 4228 
4 4229 4190 4191 4230 
4 4230 4191 4192 4231 
4 4231 4192 4193 4232 
4 4232 4193 4194 4233 
4 4234 4233 4194 4195 
4 4235 4234 4195 4196 
4 4197 4236 4235 4196 
4 4197 4198 4237 4236 
4 4237 4198 4199 4238 
4 4238 4199 4200 4239 
4 4239 4200 4201 4240 
4 4241 4240 4201 4202 
4 4242 4241 4202 4203 
4 190 191 1521 1530 
4 190 191 4242 4203 
4 47 48 1171 1180 
4 47 48 2722 2683 
4 2723 2722 2683 2684 
4 2685 2724 2723 2684 
4 2685 2686 2725 2724 
4 2725 2686 2687 2726 
4 2726 2687 2688 2727 
4 2727 2688 2689 2728 
4 2729 2728 2689 2690 
4 2730 2729 2690 2691 
4 2731 2730 2691 2692 
4 2693 2732 2731 2692 
4 2693 2733 2694 2732 
4 2733 2694 2695 2734 
4 2734 2695 2735 2696 
4 2736 2735 2696 2697 
4 2698 2736 2697 2737 
4 2738 2737 2698 2699 
4 2700 2738 2699 2739 
4 2701 2740 2739 2700 
4 2701 2741 2702 2740 
4 2741 2702 2703 2742 
4 2742 2703 2743 2704 
4 2744 2743 2704 2705 
4 2706 2744 2705 2745 
4 2746 2745 2706 2707 
4 2708 2746 2707 2747 
4 2709 2748 2747 2708 
4 2709 2749 2710 2748 
4 2749 2710 2711 2750 
4 2750 2711 2751 2712 
4 2752 2751 2712 2713 
4 2714 2752 2713 2753 
4 2754 2753 2714 2715 
4 2716 2754 2715 2755 
4 2717 2756 2755 2716 
4 2717 2757 2718 2756 
4 2757 2718 2719 2758 
4 2758 2719 2759 2720 
4 2760 2759 2720 2721 
4 143 144 1522 1531 
4 144 143 2760 2721 
4 1181 1172 1171 1180 
4 1523 1522 1531 1532 
4 1181 1182 1173 1172 
4 1533 1524 1523 1532 
4 1173 1182 1183 1174 
4 1533 1534 1525 1524 
4 1174 1183 1184 1175 
4 1525 1534 1535 1526 
4 1175 1184 1185 1176 
4 1526 1535 1536 1527 
4 1177 1176 1185 1186 
4 1527 1536 1537 1528 
4 1178 1177 1186 1187 
4 1528 1537 1538 1529 
4 1179 1178 1187 1188 
4 1530 1529 1538 1539 
4 95 96 1179 1188 
4 95 96 4243 4204 
4 4205 4244 4243 4204 
4 4205 4206 4245 4244 
4 4245 4206 4207 4246 
4 4246 4207 4208 4247 
4 4247 4208 4209 4248 
4 4249 4248 4209 4210 
4 4250 4249 4210 4211 
4 4251 4250 4211 4212 
4 4213 4252 4251 4212 
4 4213 4214 4253 4252 
4 4253 4214 4215 4254 
4 4254 4215 4216 4255 
4 4255 4216 4217 4256 
4 4257 4256 4217 4218 
4 4258 4257 4218 4219 
4 4259 4258 4219 4220 
4 4221 4260 4259 4220 
4 4221 4222 4261 4260 
4 4261 4222 4223 4262 
4 4262 4223 4224 4263 
4 4263 4224 4225 4264 
4 4265 4264 4225 4226 
4 4266 4265 4226 4227 
4 4267 4266 4227 4228 
4 4229 4268 4267 4228 
4 4229 4230 4269 4268 
4 4269 4230 4231 4270 
4 4270 4231 4232 4271 
4 4272 4271 4232 4233 
4 4273 4272 4233 4234 
4 4274 4273 4234 4235 
4 4275 4274 4235 4236 
4 4237 4276 4275 4236 
4 4237 4238 4277 4276 
4 4277 4238 4239 4278 
4 4278 4239 4240 4279 
4 4280 4279 4240 4241 
4 4281 4280 4241 4242 
4 191 192 1530 1539 
4 191 192 4281 4242 
4 1189 48 49 1180 
4 2722 48 49 2761 
4 2762 2761 2722 2723 
4 2724 2762 2723 2763 
4 2725 2764 2763 2724 
4 2725 2726 2765 2764 
4 2765 2726 2727 2766 
4 2766 2727 2728 2767 
4 2768 2767 2728 2729 
4 2768 2729 2730 2769 
4 2770 2769 2730 2731 
4 2771 2770 2731 2732 
4 2733 2772 2771 2732 
4 2733 2734 2773 2772 
4 2773 2734 2735 2774 
4 2774 2735 2736 2775 
4 2776 2775 2736 2737 
4 2776 2737 2738 2777 
4 2778 2777 2738 2739 
4 2779 2778 2739 2740 
4 2741 2780 2779 2740 
4 2741 2742 2781 2780 
4 2781 2742 2743 2782 
4 2782 2743 2744 2783 
4 2784 2783 2744 2745 
4 2784 2745 2746 2785 
4 2786 2785 2746 2747 
4 2787 2786 2747 2748 
4 2749 2788 2787 2748 
4 2749 2750 2789 2788 
4 2789 2750 2751 2790 
4 2790 2751 2752 2791 
4 2792 2791 2752 2753 
4 2792 2753 2754 2793 
4 2794 2793 2754 2755 
4 2795 2794 2755 2756 
4 2757 2796 2795 2756 
4 2757 2758 2797 2796 
4 2797 2758 2759 2798 
4 2798 2759 2760 2799 
4 144 145 1531 1540 
4 144 2799 2760 145 
4 1189 1190 1181 1180 
4 1541 1532 1531 1540 
4 1181 1190 1191 1182 
4 1541 1542 1533 1532 
4 1182 1191 1192 1183 
4 1533 1542 1543 1534 
4 1183 1192 1193 1184 
4 1534 1543 1544 1535 
4 1185 1184 1193 1194 
4 1535 1544 1545 1536 
4 1186 1185 1194 1195 
4 1536 1545 1546 1537 
4 1187 1186 1195 1196 
4 1538 1537 1546 1547 
4 1197 1188 1187 1196 
4 1539 1538 1547 1548 
4 1197 96 97 1188 
4 96 97 4282 4243 
4 4283 4282 4243 4244 
4 4245 4284 4283 4244 
4 4245 4246 4285 4284 
4 4285 4246 4247 4286 
4 4286 4247 4248 4287 
4 4288 4287 4248 4249 
4 4289 4288 4249 4250 
4 4290 4289 4250 4251 
4 4291 4290 4251 4252 
4 4253 4292 4291 4252 
4 4253 4254 4293 4292 
4 4293 4254 4255 4294 
4 4294 4255 4256 4295 
4 4296 4295 4256 4257 
4 4297 4296 4257 4258 
4 4298 4297 4258 4259 
4 4299 4298 4259 4260 
4 4261 4300 4299 4260 
4 4261 4262 4301 4300 
4 4301 4262 4263 4302 
4 4302 4263 4264 4303 
4 4304 4303 4264 4265 
4 4304 4265 4266 4305 
4 4306 4305 4266 4267 
4 4307 4306 4267 4268 
4 4269 4308 4307 4268 
4 4269 4270 4309 4308 
4 4309 4270 4271 4310 
4 4310 4271 4272 4311 
4 4312 4311 4272 4273 
4 4312 4273 4274 4313 
4 4314 4313 4274 4275 
4 4315 4314 4275 4276 
4 4277 4316 4315 4276 
4 4277 4278 4317 4316 
4 4317 4278 4279 4318 
4 4318 4279 4280 4319 
4 4320 4319 4280 4281 
4 192 193 1539 1548 
4 192 4320 4281 193 
4 1189 1198 49 50 
4 2800 49 50 2761 
4 2800 2761 2762 2801 
4 2802 2801 2762 2763 
4 2803 2802 2763 2764 
4 2765 2804 2803 2764 
4 2765 2766 2805 2804 
4 2805 2766 2767 2806 
4 2806 2767 2768 2807 
4 2807 2768 2769 2808 
4 2808 2769 2770 2809 
4 2810 2809 2770 2771 
4 2811 2810 2771 2772 
4 2773 2812 2811 2772 
4 2773 2774 2813 2812 
4 2813 2774 2775 2814 
4 2814 2775 2776 2815 
4 2815 2776 2777 2816 
4 2816 2777 2778 2817 
4 2818 2817 2778 2779 
4 2819 2818 2779 2780 
4 2781 2820 2819 2780 
4 2781 2782 2821 2820 
4 2821 2782 2783 2822 
4 2822 2783 2784 2823 
4 2823 2784 2785 2824 
4 2824 2785 2786 2825 
4 2826 2825 2786 2787 
4 2827 2826 2787 2788 
4 2789 2828 2827 2788 
4 2789 2790 2829 2828 
4 2829 2790 2830 2791 
4 2830 2791 2792 2831 
4 2831 2792 2832 2793 
4 2833 2832 2793 2794 
4 2795 2833 2794 2834 
4 2835 2834 2795 2796 
4 2836 2797 2835 2796 
4 2797 2798 2837 2836 
4 2837 2798 2838 2799 
4 1549 145 146 1540 
4 2838 2799 145 146 
4 1189 1198 1199 1190 
4 1549 1550 1541 1540 
4 1190 1199 1200 1191 
4 1541 1550 1551 1542 
4 1191 1200 1201 1192 
4 1542 1551 1552 1543 
4 1193 1192 1201 1202 
4 1543 1552 1553 1544 
4 1194 1193 1202 1203 
4 1544 1553 1554 1545 
4 1195 1194 1203 1204 
4 1546 1545 1554 1555 
4 1205 1196 1195 1204 
4 1547 1546 1555 1556 
4 1205 1206 1197 1196 
4 1557 1548 1547 1556 
4 1197 1206 97 98 
4 4282 97 98 4321 
4 4322 4321 4282 4283 
4 4323 4322 4283 4284 
4 4285 4324 4323 4284 
4 4285 4286 4325 4324 
4 4325 4286 4287 4326 
4 4326 4287 4288 4327 
4 4328 4327 4288 4289 
4 4328 4289 4290 4329 
4 4330 4329 4290 4291 
4 4331 4330 4291 4292 
4 4293 4332 4331 4292 
4 4293 4294 4333 4332 
4 4333 4294 4295 4334 
4 4334 4295 4296 4335 
4 4336 4335 4296 4297 
4 4336 4297 4298 4337 
4 4338 4337 4298 4299 
4 4339 4338 4299 4300 
4 4301 4340 4339 4300 
4 4301 4302 4341 4340 
4 4341 4302 4303 4342 
4 4342 4303 4304 4343 
4 4344 4343 4304 4305 
4 4344 4305 4306 4345 
4 4346 4345 4306 4307 
4 4347 4346 4307 4308 
4 4309 4348 4347 4308 
4 4309 4310 4349 4348 
4 4349 4310 4311 4350 
4 4350 4311 4312 4351 
4 4352 4351 4312 4313 
4 4352 4313 4314 4353 
4 4354 4353 4314 4315 
4 4355 4354 4315 4316 
4 4317 4356 4355 4316 
4 4317 4318 4357 4356 
4 4357 4318 4319 4358 
4 4358 4319 4320 4359 
4 1557 193 194 1548 
4 4359 4320 193 194 
4 1198 1207 50 51 
4 2839 2800 50 51 
4 2839 2800 2840 2801 
4 2841 2840 2801 2802 
4 2803 2841 2802 2842 
4 2843 2842 2803 2804 
4 2844 2805 2843 2804 
4 2805 2806 2845 2844 
4 2845 2806 2846 2807 
4 2846 2807 2808 2847 
4 2847 2808 2848 2809 
4 2849 2848 2809 2810 
4 2811 2849 2810 2850 
4 2851 2850 2811 2812 
4 2852 2813 2851 2812 
4 2813 2814 2853 2852 
4 2853 2814 2854 2815 
4 2854 2815 2816 2855 
4 2855 2816 2856 2817 
4 2857 2856 2817 2818 
4 2819 2857 2818 2858 
4 2859 2858 2819 2820 
4 2860 2821 2859 2820 
4 2821 2822 2861 2860 
4 2861 2822 2862 2823 
4 2862 2823 2824 2863 
4 2863 2824 2864 2825 
4 2865 2864 2825 2826 
4 2827 2865 2826 2866 
4 2867 2866 2827 2828 
4 2868 2829 2867 2828 
4 2829 2830 2869 2868 
4 2869 2830 2870 2831 
4 2870 2831 2832 2871 
4 2833 2871 2832 2872 
4 2873 2872 2833 2834 
4 2835 2873 2834 2874 
4 2875 2874 2835 2836 
4 2876 2837 2875 2836 
4 2837 2838 2877 2876 
4 1549 1558 146 147 
4 2877 2838 146 147 
4 1199 1198 1207 1208 
4 1549 1558 1559 1550 
4 1200 1199 1208 1209 
4 1550 1559 1560 1551 
4 1201 1200 1209 1210 
4 1552 1551 1560 1561 
4 1202 1201 1210 1211 
4 1553 1552 1561 1562 
4 1203 1202 1211 1212 
4 1554 1553 1562 1563 
4 1213 1204 1203 1212 
4 1555 1554 1563 1564 
4 1213 1214 1205 1204 
4 1565 1556 1555 1564 
4 1205 1214 1215 1206 
4 1565 1566 1557 1556 
4 1206 1215 98 99 
4 4360 4321 98 99 
4 4360 4321 4322 4361 
4 4362 4361 4322 4323 
4 4363 4362 4323 4324 
4 4325 4364 4363 4324 
4 4325 4326 4365 4364 
4 4365 4326 4327 4366 
4 4366 4327 4328 4367 
4 4367 4328 4329 4368 
4 4369 4368 4329 4330 
4 4370 4369 4330 4331 
4 4371 4370 4331 4332 
4 4333 4372 4371 4332 
4 4333 4334 4373 4372 
4 4373 4334 4335 4374 
4 4374 4335 4336 4375 
4 4375 4336 4337 4376 
4 4377 4376 4337 4338 
4 4378 4377 4338 4339 
4 4379 4378 4339 4340 
4 4341 4380 4379 4340 
4 4341 4342 4381 4380 
4 4381 4342 4343 4382 
4 4382 4343 4344 4383 
4 4383 4344 4345 4384 
4 4385 4384 4345 4346 
4 4386 4385 4346 4347 
4 4387 4386 4347 4348 
4 4349 4388 4387 4348 
4 4349 4350 4389 4388 
4 4389 4350 4351 4390 
4 4390 4351 4352 4391 
4 4391 4352 4353 4392 
4 4393 4392 4353 4354 
4 4394 4393 4354 4355 
4 4395 4394 4355 4356 
4 4357 4396 4395 4356 
4 4357 4358 4397 4396 
4 4397 4358 4359 4398 
4 1557 1566 194 195 
4 4398 4359 194 195 
4 1207 1216 51 52 
4 2878 2839 51 52 
4 2878 2839 2840 2879 
4 2841 2879 2840 2880 
4 2881 2880 2841 2842 
4 2843 2881 2842 2882 
4 2883 2882 2843 2844 
4 2884 2845 2883 2844 
4 2845 2846 2885 2884 
4 2885 2846 2886 2847 
4 2886 2847 2848 2887 
4 2849 2887 2848 2888 
4 2889 2888 2849 2850 
4 2851 2889 2850 2890 
4 2891 2890 2851 2852 
4 2892 2853 2891 2852 
4 2853 2854 2893 2892 
4 2893 2854 2855 2894 
4 2895 2894 2855 2856 
4 2895 2856 2857 2896 
4 2897 2896 2857 2858 
4 2897 2858 2859 2898 
4 2899 2898 2859 2860 
4 2861 2900 2899 2860 
4 2861 2862 2901 2900 
4 2901 2862 2863 2902 
4 2903 2902 2863 2864 
4 2903 2864 2865 2904 
4 2905 2904 2865 2866 
4 2905 2866 2867 2906 
4 2907 2906 2867 2868 
4 2869 2908 2907 2868 
4 2869 2870 2909 2908 
4 2909 2870 2871 2910 
4 2911 2910 2871 2872 
4 2911 2872 2873 2912 
4 2913 2912 2873 2874 
4 2913 2874 2875 2914 
4 2915 2914 2875 2876 
4 2877 2916 2915 2876 
4 1558 1567 147 148 
4 2877 148 147 2916 
4 1208 1207 1216 1217 
4 1558 1567 1568 1559 
4 1209 1208 1217 1218 
4 1560 1559 1568 1569 
4 1210 1209 1218 1219 
4 1561 1560 1569 1570 
4 1211 1210 1219 1220 
4 1562 1561 1570 1571 
4 1221 1212 1211 1220 
4 1563 1562 1571 1572 
4 1221 1222 1213 1212 
4 1573 1564 1563 1572 
4 1213 1222 1223 1214 
4 1573 1574 1565 1564 
4 1215 1214 1223 1224 
4 1565 1574 1575 1566 
4 1215 1224 99 100 
4 4399 4360 99 100 
4 4400 4399 4360 4361 
4 4401 4400 4361 4362 
4 4402 4401 4362 4363 
4 4403 4402 4363 4364 
4 4365 4404 4403 4364 
4 4365 4366 4405 4404 
4 4405 4366 4367 4406 
4 4406 4367 4368 4407 
4 4408 4407 4368 4369 
4 4409 4408 4369 4370 
4 4410 4409 4370 4371 
4 4411 4410 4371 4372 
4 4373 4412 4411 4372 
4 4373 4374 4413 4412 
4 4413 4374 4375 4414 
4 4414 4375 4376 4415 
4 4416 4415 4376 4377 
4 4417 4416 4377 4378 
4 4418 4417 4378 4379 
4 4419 4418 4379 4380 
4 4381 4420 4419 4380 
4 4381 4382 4421 4420 
4 4421 4382 4383 4422 
4 4422 4383 4384 4423 
4 4424 4423 4384 4385 
4 4425 4424 4385 4386 
4 4426 4425 4386 4387 
4 4427 4426 4387 4388 
4 4389 4428 4427 4388 
4 4389 4390 4429 4428 
4 4429 4390 4391 4430 
4 4431 4430 4391 4392 
4 4431 4392 4393 4432 
4 4433 4432 4393 4394 
4 4433 4394 4395 4434 
4 4435 4434 4395 4396 
4 4397 4436 4435 4396 
4 4397 4398 4437 4436 
4 1566 1575 195 196 
4 4437 4398 195 196 
4 53 1216 1225 52 
4 53 2878 2917 52 
4 2917 2878 2879 2918 
4 2919 2918 2879 2880 
4 2919 2880 2881 2920 
4 2921 2920 2881 2882 
4 2921 2882 2883 2922 
4 2923 2922 2883 2884 
4 2885 2924 2923 2884 
4 2885 2925 2886 2924 
4 2925 2886 2887 2926 
4 2926 2887 2927 2888 
4 2927 2888 2889 2928 
4 2928 2889 2929 2890 
4 2930 2929 2890 2891 
4 2892 2930 2891 2931 
4 2893 2932 2931 2892 
4 2893 2933 2894 2932 
4 2933 2894 2895 2934 
4 2934 2895 2935 2896 
4 2935 2896 2897 2936 
4 2936 2897 2937 2898 
4 2938 2937 2898 2899 
4 2900 2938 2899 2939 
4 2901 2940 2939 2900 
4 2901 2941 2902 2940 
4 2941 2902 2903 2942 
4 2942 2903 2943 2904 
4 2943 2904 2905 2944 
4 2944 2905 2945 2906 
4 2946 2945 2906 2907 
4 2908 2946 2907 2947 
4 2909 2948 2947 2908 
4 2909 2949 2910 2948 
4 2949 2910 2911 2950 
4 2950 2911 2951 2912 
4 2951 2912 2913 2952 
4 2952 2913 2953 2914 
4 2954 2953 2914 2915 
4 2916 2954 2915 2955 
4 149 1567 1576 148 
4 149 148 2955 2916 
4 1217 1216 1225 1226 
4 1568 1567 1576 1577 
4 1218 1217 1226 1227 
4 1569 1568 1577 1578 
4 1219 1218 1227 1228 
4 1570 1569 1578 1579 
4 1229 1220 1219 1228 
4 1571 1570 1579 1580 
4 1229 1230 1221 1220 
4 1581 1572 1571 1580 
4 1221 1230 1231 1222 
4 1581 1582 1573 1572 
4 1223 1222 1231 1232 
4 1573 1582 1583 1574 
4 1224 1223 1232 1233 
4 1574 1583 1584 1575 
4 101 1224 1233 100 
4 101 4438 4399 100 
4 4439 4438 4399 4400 
4 4439 4400 4401 4440 
4 4441 4440 4401 4402 
4 4441 4402 4403 4442 
4 4443 4442 4403 4404 
4 4405 4444 4443 4404 
4 4405 4406 4445 4444 
4 4445 4406 4407 4446 
4 4447 4446 4407 4408 
4 4447 4408 4409 4448 
4 4449 4448 4409 4410 
4 4449 4410 4411 4450 
4 4451 4450 4411 4412 
4 4413 4452 4451 4412 
4 4413 4414 4453 4452 
4 4453 4414 4415 4454 
4 4455 4454 4415 4416 
4 4455 4416 4417 4456 
4 4457 4456 4417 4418 
4 4457 4418 4419 4458 
4 4459 4458 4419 4420 
4 4421 4460 4459 4420 
4 4421 4422 4461 4460 
4 4461 4422 4423 4462 
4 4462 4423 4424 4463 
4 4463 4424 4425 4464 
4 4464 4425 4426 4465 
4 4466 4465 4426 4427 
4 4467 4466 4427 4428 
4 4429 4468 4467 4428 
4 4429 4430 4469 4468 
4 4469 4430 4431 4470 
4 4470 4431 4432 4471 
4 4471 4432 4433 4472 
4 4472 4433 4434 4473 
4 4474 4473 4434 4435 
4 4475 4474 4435 4436 
4 4437 4476 4475 4436 
4 197 1575 1584 196 
4 4437 197 196 4476 
4 53 54 1225 1234 
4 53 54 2917 2956 
4 2917 2918 2957 2956 
4 2957 2918 2919 2958 
4 2958 2919 2920 2959 
4 2959 2920 2921 2960 
4 2961 2960 2921 2922 
4 2962 2961 2922 2923 
4 2963 2962 2923 2924 
4 2925 2964 2963 2924 
4 2925 2926 2965 2964 
4 2965 2926 2927 2966 
4 2966 2927 2928 2967 
4 2967 2928 2929 2968 
4 2969 2968 2929 2930 
4 2970 2969 2930 2931 
4 2971 2970 2931 2932 
4 2933 2972 2971 2932 
4 2933 2934 2973 2972 
4 2973 2934 2935 2974 
4 2974 2935 2936 2975 
4 2975 2936 2937 2976 
4 2977 2976 2937 2938 
4 2978 2977 2938 2939 
4 2979 2978 2939 2940 
4 2941 2980 2979 2940 
4 2941 2942 2981 2980 
4 2981 2942 2943 2982 
4 2982 2943 2944 2983 
4 2983 2944 2945 2984 
4 2985 2984 2945 2946 
4 2986 2985 2946 2947 
4 2987 2986 2947 2948 
4 2949 2988 2987 2948 
4 2949 2989 2950 2988 
4 2989 2950 2951 2990 
4 2990 2951 2991 2952 
4 2992 2991 2952 2953 
4 2954 2992 2953 2993 
4 2994 2993 2954 2955 
4 149 150 1576 1585 
4 149 150 2994 2955 
4 1226 1225 1234 1235 
4 1577 1576 1585 1586 
4 1227 1226 1235 1236 
4 1578 1577 1586 1587 
4 1237 1228 1227 1236 
4 1579 1578 1587 1588 
4 1237 1238 1229 1228 
4 1589 1580 1579 1588 
4 1229 1238 1239 1230 
4 1589 1590 1581 1580 
4 1230 1239 1240 1231 
4 1581 1590 1591 1582 
4 1232 1231 1240 1241 
4 1582 1591 1592 1583 
4 1232 1241 1242 1233 
4 1584 1583 1592 1593 
4 101 102 1233 1242 
4 101 102 4438 4477 
4 4477 4438 4439 4478 
4 4478 4439 4440 4479 
4 4479 4440 4441 4480 
4 4480 4441 4442 4481 
4 4482 4481 4442 4443 
4 4483 4482 4443 4444 
4 4445 4484 4483 4444 
4 4445 4446 4485 4484 
4 4485 4446 4447 4486 
4 4486 4447 4448 4487 
4 4487 4448 4449 4488 
4 4488 4449 4450 4489 
4 4490 4489 4450 4451 
4 4491 4490 4451 4452 
4 4453 4492 4491 4452 
4 4453 4454 4493 4492 
4 4493 4454 4455 4494 
4 4494 4455 4456 4495 
4 4495 4456 4457 4496 
4 4497 4496 4457 4458 
4 4498 4497 4458 4459 
4 4499 4498 4459 4460 
4 4461 4500 4499 4460 
4 4461 4462 4501 4500 
4 4501 4462 4463 4502 
4 4502 4463 4464 4503 
4 4503 4464 4465 4504 
4 4505 4504 4465 4466 
4 4506 4505 4466 4467 
4 4507 4506 4467 4468 
4 4469 4508 4507 4468 
4 4469 4470 4509 4508 
4 4509 4470 4471 4510 
4 4510 4471 4472 4511 
4 4511 4472 4473 4512 
4 4513 4512 4473 4474 
4 4514 4513 4474 4475 
4 4515 4514 4475 4476 
4 197 198 1584 1593 
4 197 198 4515 4476 
4 54 55 1234 1243 
4 54 55 2995 2956 
4 2957 2996 2995 2956 
4 2957 2997 2958 2996 
4 2997 2958 2959 2998 
4 2998 2959 2999 2960 
4 3000 2999 2960 2961 
4 2962 3000 2961 3001 
4 3002 3001 2962 2963 
4 2964 3002 2963 3003 
4 2965 3004 3003 2964 
4 2965 3005 2966 3004 
4 3005 2966 2967 3006 
4 3006 2967 3007 2968 
4 3008 3007 2968 2969 
4 2970 3008 2969 3009 
4 3010 3009 2970 2971 
4 2972 3010 2971 3011 
4 2973 3012 3011 2972 
4 2973 3013 2974 3012 
4 3013 2974 2975 3014 
4 3014 2975 3015 2976 
4 3016 3015 2976 2977 
4 2978 3016 2977 3017 
4 3018 3017 2978 2979 
4 2980 3018 2979 3019 
4 2981 3020 3019 2980 
4 2981 2982 3021 3020 
4 3021 2982 2983 3022 
4 3022 2983 2984 3023 
4 3024 3023 2984 2985 
4 3024 2985 2986 3025 
4 3026 3025 2986 2987 
4 3027 3026 2987 2988 
4 2989 3028 3027 2988 
4 2989 2990 3029 3028 
4 3029 2990 2991 3030 
4 3030 2991 2992 3031 
4 3032 3031 2992 2993 
4 3032 2993 2994 3033 
4 150 151 1585 1594 
4 150 151 3033 2994 
4 1235 1234 1243 1244 
4 1586 1585 1594 1595 
4 1245 1236 1235 1244 
4 1587 1586 1595 1596 
4 1245 1246 1237 1236 
4 1597 1588 1587 1596 
4 1237 1246 1247 1238 
4 1597 1598 1589 1588 
4 1238 1247 1248 1239 
4 1589 1598 1599 1590 
4 1240 1239 1248 1249 
4 1590 1599 1600 1591 
4 1240 1249 1250 1241 
4 1592 1591 1600 1601 
4 1242 1241 1250 1251 
4 1593 1592 1601 1602 
4 102 103 1242 1251 
4 4477 102 103 4516 
4 4477 4478 4517 4516 
4 4517 4478 4479 4518 
4 4518 4479 4480 4519 
4 4519 4480 4481 4520 
4 4521 4520 4481 4482 
4 4522 4521 4482 4483 
4 4523 4522 4483 4484 
4 4485 4524 4523 4484 
4 4485 4486 4525 4524 
4 4525 4486 4487 4526 
4 4526 4487 4488 4527 
4 4528 4527 4488 4489 
4 4529 4528 4489 4490 
4 4530 4529 4490 4491 
4 4531 4530 4491 4492 
4 4493 4532 4531 4492 
4 4493 4494 4533 4532 
4 4533 4494 4495 4534 
4 4534 4495 4496 4535 
4 4536 4535 4496 4497 
4 4537 4536 4497 4498 
4 4538 4537 4498 4499 
4 4539 4538 4499 4500 
4 4501 4540 4539 4500 
4 4501 4502 4541 4540 
4 4541 4502 4503 4542 
4 4542 4503 4504 4543 
4 4544 4543 4504 4505 
4 4545 4544 4505 4506 
4 4546 4545 4506 4507 
4 4547 4546 4507 4508 
4 4509 4548 4547 4508 
4 4509 4510 4549 4548 
4 4549 4510 4511 4550 
4 4550 4511 4512 4551 
4 4552 4551 4512 4513 
4 4553 4552 4513 4514 
4 4554 4553 4514 4515 
4 198 199 1593 1602 
4 198 199 4554 4515 
4 55 56 1243 1252 
4 55 56 3034 2995 
4 3035 3034 2995 2996 
4 2997 3036 3035 2996 
4 2997 2998 3037 3036 
4 3037 2998 2999 3038 
4 3038 2999 3000 3039 
4 3040 3039 3000 3001 
4 3040 3001 3002 3041 
4 3042 3041 3002 3003 
4 3043 3042 3003 3004 
4 3005 3044 3043 3004 
4 3005 3006 3045 3044 
4 3045 3006 3007 3046 
4 3046 3007 3008 3047 
4 3048 3047 3008 3009 
4 3048 3009 3010 3049 
4 3050 3049 3010 3011 
4 3051 3050 3011 3012 
4 3013 3052 3051 3012 
4 3013 3014 3053 3052 
4 3053 3014 3015 3054 
4 3054 3015 3016 3055 
4 3056 3055 3016 3017 
4 3056 3017 3018 3057 
4 3058 3057 3018 3019 
4 3059 3058 3019 3020 
4 3021 3060 3059 3020 
4 3021 3022 3061 3060 
4 3061 3022 3023 3062 
4 3062 3023 3024 3063 
4 3064 3063 3024 3025 
4 3064 3025 3026 3065 
4 3066 3065 3026 3027 
4 3067 3066 3027 3028 
4 3029 3068 3067 3028 
4 3029 3030 3069 3068 
4 3069 3030 3031 3070 
4 3070 3031 3032 3071 
4 3072 3071 3032 3033 
4 151 152 1594 1603 
4 152 151 3072 3033 
4 1253 1244 1243 1252 
4 1595 1594 1603 1604 
4 1253 1254 1245 1244 
4 1605 1596 1595 1604 
4 1245 1254 1255 1246 
4 1605 1606 1597 1596 
4 1246 1255 1256 1247 
4 1597 1606 1607 1598 
4 1248 1247 1256 1257 
4 1598 1607 1608 1599 
4 1248 1257 1258 1249 
4 1600 1599 1608 1609 
4 1250 1249 1258 1259 
4 1601 1600 1609 1610 
4 1251 1250 1259 1260 
4 1602 1601 1610 1611 
4 103 104 1251 1260 
4 103 104 4555 4516 
4 4517 4556 4555 4516 
4 4517 4518 4557 4556 
4 4557 4518 4519 4558 
4 4558 4519 4520 4559 
4 4560 4559 4520 4521 
4 4560 4521 4522 4561 
4 4562 4561 4522 4523 
4 4563 4562 4523 4524 
4 4525 4564 4563 4524 
4 4525 4526 4565 4564 
4 4565 4526 4527 4566 
4 4566 4527 4528 4567 
4 4568 4567 4528 4529 
4 4568 4529 4530 4569 
4 4570 4569 4530 4531 
4 4571 4570 4531 4532 
4 4533 4572 4571 4532 
4 4533 4534 4573 4572 
4 4573 4534 4535 4574 
4 4574 4535 4536 4575 
4 4576 4575 4536 4537 
4 4576 4537 4538 4577 
4 4578 4577 4538 4539 
4 4579 4578 4539 4540 
4 4541 4580 4579 4540 
4 4541 4542 4581 4580 
4 4581 4542 4543 4582 
4 4582 4543 4544 4583 
4 4584 4583 4544 4545 
4 4584 4545 4546 4585 
4 4586 4585 4546 4547 
4 4587 4586 4547 4548 
4 4549 4588 4587 4548 
4 4549 4550 4589 4588 
4 4589 4550 4551 4590 
4 4590 4551 4552 4591 
4 4592 4591 4552 4553 
4 4592 4553 4554 4593 
4 199 200 1602 1611 
4 199 200 4593 4554 
4 1261 56 57 1252 
4 56 57 3034 3073 
4 3074 3073 3034 3035 
4 3075 3074 3035 3036 
4 3037 3076 3075 3036 
4 3037 3038 3077 3076 
4 3077 3038 3039 3078 
4 3078 3039 3040 3079 
4 3080 3079 3040 3041 
4 3080 3041 3042 3081 
4 3082 3081 3042 3043 
4 3083 3082 3043 3044 
4 3045 3084 3083 3044 
4 3045 3046 3085 3084 
4 3085 3046 3047 3086 
4 3086 3047 3048 3087 
4 3087 3048 3049 3088 
4 3089 3088 3049 3050 
4 3089 3050 3051 3090 
4 3091 3090 3051 3052 
4 3053 3092 3091 3052 
4 3053 3054 3093 3092 
4 3093 3054 3055 3094 
4 3094 3055 3056 3095 
4 3095 3056 3057 3096 
4 3097 3096 3057 3058 
4 3097 3058 3059 3098 
4 3099 3098 3059 3060 
4 3061 3100 3099 3060 
4 3061 3062 3101 3100 
4 3101 3062 3063 3102 
4 3102 3063 3064 3103 
4 3103 3064 3065 3104 
4 3105 3104 3065 3066 
4 3105 3066 3067 3106 
4 3107 3106 3067 3068 
4 3069 3108 3107 3068 
4 3069 3070 3109 3108 
4 3109 3070 3071 3110 
4 3110 3071 3072 3111 
4 152 153 1603 1612 
4 152 3111 3072 153 
4 1261 1262 1253 1252 
4 1613 1604 1603 1612 
4 1253 1262 1263 1254 
4 1613 1614 1605 1604 
4 1254 1263 1264 1255 
4 1605 1614 1615 1606 
4 1256 1255 1264 1265 
4 1606 1615 1616 1607 
4 1256 1265 1266 1257 
4 1608 1607 1616 1617 
4 1258 1257 1266 1267 
4 1609 1608 1617 1618 
4 1259 1258 1267 1268 
4 1610 1609 1618 1619 
4 1269 1260 1259 1268 
4 1611 1610 1619 1620 
4 1269 104 105 1260 
4 104 105 4594 4555 
4 4595 4594 4555 4556 
4 4557 4596 4595 4556 
4 4557 4558 4597 4596 
4 4597 4558 4559 4598 
4 4598 4559 4560 4599 
4 4600 4599 4560 4561 
4 4600 4561 4562 4601 
4 4602 4601 4562 4563 
4 4603 4602 4563 4564 
4 4565 4604 4603 4564 
4 4565 4566 4605 4604 
4 4605 4566 4567 4606 
4 4606 4567 4568 4607 
4 4608 4607 4568 4569 
4 4608 4569 4570 4609 
4 4610 4609 4570 4571 
4 4611 4610 4571 4572 
4 4573 4612 4611 4572 
4 4573 4574 4613 4612 
4 4613 4574 4575 4614 
4 4614 4575 4576 4615 
4 4616 4615 4576 4577 
4 4616 4577 4578 4617 
4 4618 4617 4578 4579 
4 4619 4618 4579 4580 
4 4581 4620 4619 4580 
4 4581 4582 4621 4620 
4 4621 4582 4583 4622 
4 4622 4583 4584 4623 
4 4623 4584 4585 4624 
4 4625 4624 4585 4586 
4 4626 4625 4586 4587 
4 4627 4626 4587 4588 
4 4589 4628 4627 4588 
4 4589 4590 4629 4628 
4 4629 4590 4591 4630 
4 4630 4591 4592 4631 
4 4631 4592 4593 4632 
4 200 201 1611 1620 
4 200 4632 4593 201 
4 1261 1270 57 58 
4 3112 57 58 3073 
4 3113 3112 3073 3074 
4 3113 3074 3075 3114 
4 3115 3114 3075 3076 
4 3077 3116 3115 3076 
4 3077 3078 3117 3116 
4 3117 3078 3118 3079 
4 3118 3079 3080 3119 
4 3119 3080 3120 3081 
4 3121 3120 3081 3082 
4 3083 3121 3082 3122 
4 3123 3122 3083 3084 
4 3124 3085 3123 3084 
4 3085 3086 3125 3124 
4 3125 3086 3126 3087 
4 3126 3087 3088 3127 
4 3089 3127 3088 3128 
4 3129 3128 3089 3090 
4 3091 3129 3090 3130 
4 3131 3130 3091 3092 
4 3132 3093 3131 3092 
4 3093 3094 3133 3132 
4 3133 3094 3134 3095 
4 3134 3095 3096 3135 
4 3097 3135 3096 3136 
4 3137 3136 3097 3098 
4 3099 3137 3098 3138 
4 3139 3138 3099 3100 
4 3140 3101 3139 3100 
4 3101 3102 3141 3140 
4 3141 3102 3142 3103 
4 3142 3103 3104 3143 
4 3105 3143 3104 3144 
4 3145 3144 3105 3106 
4 3107 3145 3106 3146 
4 3147 3146 3107 3108 
4 3148 3109 3147 3108 
4 3109 3110 3149 3148 
4 3149 3110 3111 3150 
4 1621 153 154 1612 
4 3150 3111 153 154 
4 1261 1270 1271 1262 
4 1621 1622 1613 1612 
4 1262 1271 1272 1263 
4 1613 1622 1623 1614 
4 1263 1272 1273 1264 
4 1615 1614 1623 1624 
4 1264 1273 1274 1265 
4 1615 1624 1625 1616 
4 1266 1265 1274 1275 
4 1617 1616 1625 1626 
4 1267 1266 1275 1276 
4 1617 1626 1627 1618 
4 1277 1268 1267 1276 
4 1619 1618 1627 1628 
4 1277 1278 1269 1268 
4 1629 1620 1619 1628 
4 1269 1278 105 106 
4 4633 4594 105 106 
4 4634 4633 4594 4595 
4 4635 4634 4595 4596 
4 4597 4636 4635 4596 
4 4597 4598 4637 4636 
4 4637 4598 4599 4638 
4 4638 4599 4600 4639 
4 4639 4600 4601 4640 
4 4641 4640 4601 4602 
4 4642 4641 4602 4603 
4 4643 4642 4603 4604 
4 4605 4644 4643 4604 
4 4605 4606 4645 4644 
4 4645 4606 4607 4646 
4 4646 4607 4608 4647 
4 4647 4608 4609 4648 
4 4649 4648 4609 4610 
4 4650 4649 4610 4611 
4 4651 4650 4611 4612 
4 4613 4652 4651 4612 
4 4613 4614 4653 4652 
4 4653 4614 4615 4654 
4 4654 4615 4616 4655 
4 4656 4655 4616 4617 
4 4657 4656 4617 4618 
4 4658 4657 4618 4619 
4 4659 4658 4619 4620 
4 4621 4660 4659 4620 
4 4621 4622 4661 4660 
4 4661 4622 4623 4662 
4 4662 4623 4624 4663 
4 4664 4663 4624 4625 
4 4665 4664 4625 4626 
4 4666 4665 4626 4627 
4 4667 4666 4627 4628 
4 4629 4668 4667 4628 
4 4629 4630 4669 4668 
4 4669 4630 4631 4670 
4 4670 4631 4632 4671 
4 1629 201 202 1620 
4 4671 4632 201 202 
4 1270 1 58 59 
4 1 3112 58 212 
4 213 3112 3113 212 
4 213 214 3113 3114 
4 214 215 3114 3115 
4 215 216 3115 3116 
4 3117 216 217 3116 
4 3117 3118 217 218 
4 3118 3119 218 219 
4 3119 3120 219 220 
4 221 3120 3121 220 
4 221 222 3121 3122 
4 222 223 3122 3123 
4 223 224 3123 3124 
4 3125 224 225 3124 
4 3125 3126 225 226 
4 3126 3127 226 227 
4 3127 3128 227 228 
4 229 3128 3129 228 
4 229 230 3129 3130 
4 230 231 3130 3131 
4 231 232 3131 3132 
4 3133 232 233 3132 
4 3133 3134 233 234 
4 3134 3135 234 235 
4 3135 3136 235 236 
4 237 3136 3137 236 
4 237 238 3137 3138 
4 238 239 3138 3139 
4 239 240 3139 3140 
4 3141 240 241 3140 
4 3141 3142 241 242 
4 3142 3143 242 243 
4 3143 3144 243 244 
4 245 3144 3145 244 
4 245 246 3145 3146 
4 246 247 3146 3147 
4 247 248 3147 3148 
4 3149 248 249 3148 
4 3149 3150 249 250 
4 155 1621 154 5 
4 3150 154 250 5 
4 1270 1271 59 60 
4 1621 1622 155 156 
4 61 1271 1272 60 
4 157 1622 1623 156 
4 61 62 1272 1273 
4 157 158 1623 1624 
4 62 63 1273 1274 
4 158 159 1624 1625 
4 63 64 1274 1275 
4 159 160 1625 1626 
4 64 65 1275 1276 
4 160 161 1626 1627 
4 1277 65 66 1276 
4 161 162 1627 1628 
4 1277 1278 66 67 
4 1629 162 163 1628 
4 1278 2 106 67 
4 2 4633 106 290 
4 4634 4633 290 291 
4 4635 4634 291 292 
4 293 4636 4635 292 
4 293 294 4637 4636 
4 4637 294 295 4638 
4 4638 295 296 4639 
4 4639 296 297 4640 
4 4641 4640 297 298 
4 4642 4641 298 299 
4 4643 4642 299 300 
4 301 4644 4643 300 
4 301 302 4645 4644 
4 4645 302 303 4646 
4 4646 303 304 4647 
4 4647 304 305 4648 
4 4649 4648 305 306 
4 4650 4649 306 307 
4 4651 4650 307 308 
4 309 4652 4651 308 
4 309 310 4653 4652 
4 4653 310 4654 311 
4 4654 311 312 4655 
4 313 4655 312 4656 
4 4657 4656 313 314 
4 315 4657 314 4658 
4 4659 4658 315 316 
4 4660 317 4659 316 
4 317 318 4661 4660 
4 4661 318 4662 319 
4 4662 319 320 4663 
4 321 4663 320 4664 
4 4665 4664 321 322 
4 323 4665 322 4666 
4 4667 4666 323 324 
4 4668 325 4667 324 
4 325 326 4669 4668 
4 4669 326 4670 327 
4 4670 327 328 4671 
4 1629 202 163 6 
4 4671 328 202 6 
4 4672 1 368 59 
4 1 368 212 4942 
4 4943 213 4942 212 
4 213 4944 4943 214 
4 214 4945 4944 215 
4 216 215 4946 4945 
4 217 216 4947 4946 
4 4947 218 217 4948 
4 4948 219 218 4949 
4 4949 220 219 4950 
4 4951 4950 221 220 
4 221 4952 4951 222 
4 222 4953 4952 223 
4 224 223 4954 4953 
4 225 224 4955 4954 
4 4955 226 225 4956 
4 4956 227 226 4957 
4 4957 228 227 4958 
4 4959 4958 229 228 
4 229 4960 4959 230 
4 230 4961 4960 231 
4 232 231 4962 4961 
4 233 232 4963 4962 
4 4963 234 233 4964 
4 4964 235 234 4965 
4 4965 236 235 4966 
4 4967 4966 237 236 
4 237 4968 238 4967 
4 238 4969 4968 239 
4 239 4970 240 4969 
4 241 240 4971 4970 
4 4971 241 4972 242 
4 4972 243 242 4973 
4 244 4973 243 4974 
4 4975 4974 245 244 
4 245 4976 246 4975 
4 246 4976 247 4977 
4 247 4978 248 4977 
4 4979 248 4978 249 
4 4979 249 4980 250 
4 4807 155 407 5 
4 407 250 4980 5 
4 4672 4673 59 60 
4 4807 4808 155 156 
4 61 4673 4674 60 
4 157 4808 4809 156 
4 61 62 4674 4675 
4 157 158 4809 4810 
4 62 63 4675 4676 
4 158 159 4810 4811 
4 63 64 4676 4677 
4 159 160 4811 4812 
4 64 65 4677 4678 
4 160 161 4812 4813 
4 4679 65 66 4678 
4 161 162 4813 4814 
4 4679 4680 66 67 
4 4815 162 163 4814 
4 2 4680 392 67 
4 2 392 290 5527 
4 5527 5528 290 291 
4 5528 5529 291 292 
4 293 5529 5530 292 
4 293 294 5530 5531 
4 294 295 5531 5532 
4 295 296 5532 5533 
4 296 297 5533 5534 
4 5535 297 298 5534 
4 5535 5536 298 299 
4 5536 5537 299 300 
4 301 5537 5538 300 
4 301 302 5538 5539 
4 302 303 5539 5540 
4 303 304 5540 5541 
4 304 305 5541 5542 
4 5543 305 306 5542 
4 5543 5544 306 307 
4 5544 5545 307 308 
4 309 5545 5546 308 
4 309 310 5546 5547 
4 310 311 5547 5548 
4 311 312 5548 5549 
4 312 313 5549 5550 
4 5551 313 314 5550 
4 5551 5552 314 315 
4 5552 5553 315 316 
4 317 5553 5554 316 
4 317 318 5554 5555 
4 318 319 5555 5556 
4 319 320 5556 5557 
4 320 321 5557 5558 
4 5559 321 322 5558 
4 5559 5560 322 323 
4 5560 5561 323 324 
4 325 5561 5562 324 
4 325 326 5562 5563 
4 326 327 5563 5564 
4 327 328 5564 5565 
4 4815 431 163 6 
4 431 328 5565 6 
4 4672 4681 368 369 
4 368 369 4981 4942 
4 4982 4943 4981 4942 
4 4943 4944 4983 4982 
4 4983 4944 4984 4945 
4 4984 4945 4946 4985 
4 4947 4985 4946 4986 
4 4987 4986 4947 4948 
4 4949 4987 4948 4988 
4 4989 4988 4949 4950 
4 4990 4951 4989 4950 
4 4951 4952 4991 4990 
4 4991 4952 4992 4953 
4 4992 4953 4954 4993 
4 4955 4993 4954 4994 
4 4995 4994 4955 4956 
4 4957 4995 4956 4996 
4 4997 4996 4957 4958 
4 4998 4959 4997 4958 
4 4959 4960 4999 4998 
4 4999 4960 5000 4961 
4 5000 4961 4962 5001 
4 4963 5001 4962 5002 
4 5003 5002 4963 4964 
4 4965 5003 4964 5004 
4 5005 5004 4965 4966 
4 5006 4967 5005 4966 
4 4967 4968 5007 5006 
4 5007 4968 4969 5008 
4 5009 5008 4969 4970 
4 5009 4970 4971 5010 
4 5011 5010 4971 4972 
4 5011 4972 4973 5012 
4 5013 5012 4973 4974 
4 4975 5014 5013 4974 
4 4975 4976 5015 5014 
4 5015 4976 4977 5016 
4 5017 5016 4977 4978 
4 5017 4978 4979 5018 
4 5019 5018 4979 4980 
4 4807 4816 407 408 
4 407 408 5019 4980 
4 4672 4681 4682 4673 
4 4807 4816 4817 4808 
4 4674 4673 4682 4683 
4 4808 4817 4818 4809 
4 4674 4683 4684 4675 
4 4809 4818 4819 4810 
4 4676 4675 4684 4685 
4 4810 4819 4820 4811 
4 4677 4676 4685 4686 
4 4812 4811 4820 4821 
4 4687 4678 4677 4686 
4 4813 4812 4821 4822 
4 4687 4688 4679 4678 
4 4823 4814 4813 4822 
4 4679 4688 4689 4680 
4 4823 4824 4815 4814 
4 4680 4689 392 393 
4 5527 392 393 5566 
4 5527 5528 5567 5566 
4 5567 5528 5529 5568 
4 5568 5529 5530 5569 
4 5569 5530 5531 5570 
4 5571 5570 5531 5532 
4 5572 5571 5532 5533 
4 5573 5572 5533 5534 
4 5535 5574 5573 5534 
4 5535 5536 5575 5574 
4 5575 5536 5537 5576 
4 5576 5537 5538 5577 
4 5577 5538 5539 5578 
4 5579 5578 5539 5540 
4 5580 5579 5540 5541 
4 5581 5580 5541 5542 
4 5543 5582 5581 5542 
4 5543 5544 5583 5582 
4 5583 5544 5545 5584 
4 5585 5584 5545 5546 
4 5585 5546 5547 5586 
4 5587 5586 5547 5548 
4 5588 5587 5548 5549 
4 5589 5588 5549 5550 
4 5551 5590 5589 5550 
4 5551 5552 5591 5590 
4 5591 5552 5553 5592 
4 5593 5592 5553 5554 
4 5593 5554 5555 5594 
4 5595 5594 5555 5556 
4 5596 5595 5556 5557 
4 5597 5596 5557 5558 
4 5559 5598 5597 5558 
4 5559 5560 5599 5598 
4 5599 5560 5561 5600 
4 5601 5600 5561 5562 
4 5601 5562 5563 5602 
4 5603 5602 5563 5564 
4 5604 5603 5564 5565 
4 4815 4824 431 432 
4 431 432 5604 5565 
4 4681 4690 369 370 
4 369 370 4981 5020 
4 5021 5020 4981 4982 
4 4983 5022 5021 4982 
4 4983 4984 5023 5022 
4 5023 4984 4985 5024 
4 5025 5024 4985 4986 
4 5025 4986 4987 5026 
4 5027 5026 4987 4988 
4 5027 4988 4989 5028 
4 5029 5028 4989 4990 
4 4991 5030 5029 4990 
4 4991 4992 5031 5030 
4 5031 4992 4993 5032 
4 5033 5032 4993 4994 
4 5033 4994 4995 5034 
4 5035 5034 4995 4996 
4 5035 4996 4997 5036 
4 5037 5036 4997 4998 
4 4999 5038 5037 4998 
4 4999 5000 5039 5038 
4 5039 5000 5001 5040 
4 5040 5001 5002 5041 
4 5041 5002 5003 5042 
4 5042 5003 5004 5043 
4 5044 5043 5004 5005 
4 5045 5044 5005 5006 
4 5007 5046 5045 5006 
4 5007 5008 5047 5046 
4 5047 5008 5009 5048 
4 5048 5009 5010 5049 
4 5049 5010 5011 5050 
4 5050 5011 5012 5051 
4 5052 5051 5012 5013 
4 5053 5052 5013 5014 
4 5015 5054 5053 5014 
4 5015 5016 5055 5054 
4 5055 5016 5017 5056 
4 5056 5017 5018 5057 
4 5057 5018 5019 5058 
4 4816 4825 408 409 
4 408 5058 5019 409 
4 4682 4681 4690 4691 
4 4817 4816 4825 4826 
4 4682 4691 4692 4683 
4 4817 4826 4827 4818 
4 4684 4683 4692 4693 
4 4819 4818 4827 4828 
4 4685 4684 4693 4694 
4 4820 4819 4828 4829 
4 4695 4686 4685 4694 
4 4821 4820 4829 4830 
4 4695 4696 4687 4686 
4 4831 4822 4821 4830 
4 4687 4696 4697 4688 
4 4831 4832 4823 4822 
4 4688 4697 4698 4689 
4 4823 4832 4833 4824 
4 4689 4698 393 394 
4 393 394 5605 5566 
4 5567 5606 5605 5566 
4 5567 5568 5607 5606 
4 5607 5568 5569 5608 
4 5609 5608 5569 5570 
4 5609 5570 5571 5610 
4 5611 5610 5571 5572 
4 5612 5611 5572 5573 
4 5613 5612 5573 5574 
4 5575 5614 5613 5574 
4 5575 5576 5615 5614 
4 5615 5576 5577 5616 
4 5617 5616 5577 5578 
4 5618 5617 5578 5579 
4 5619 5618 5579 5580 
4 5620 5619 5580 5581 
4 5621 5620 5581 5582 
4 5583 5622 5621 5582 
4 5583 5584 5623 5622 
4 5623 5584 5585 5624 
4 5625 5624 5585 5586 
4 5626 5625 5586 5587 
4 5627 5626 5587 5588 
4 5628 5627 5588 5589 
4 5629 5628 5589 5590 
4 5591 5630 5629 5590 
4 5591 5592 5631 5630 
4 5631 5592 5593 5632 
4 5633 5632 5593 5594 
4 5634 5633 5594 5595 
4 5635 5634 5595 5596 
4 5636 5635 5596 5597 
4 5637 5636 5597 5598 
4 5599 5638 5637 5598 
4 5599 5600 5639 5638 
4 5639 5600 5601 5640 
4 5641 5640 5601 5602 
4 5642 5641 5602 5603 
4 5643 5642 5603 5604 
4 4824 4833 432 433 
4 432 5643 5604 433 
4 4690 4699 370 371 
4 5059 370 371 5020 
4 5060 5059 5020 5021 
4 5061 5060 5021 5022 
4 5023 5062 5061 5022 
4 5023 5024 5063 5062 
4 5063 5024 5025 5064 
4 5064 5025 5026 5065 
4 5065 5026 5027 5066 
4 5066 5027 5028 5067 
4 5068 5067 5028 5029 
4 5069 5068 5029 5030 
4 5031 5070 5069 5030 
4 5031 5071 5032 5070 
4 5071 5032 5033 5072 
4 5072 5033 5073 5034 
4 5073 5034 5035 5074 
4 5074 5035 5075 5036 
4 5076 5075 5036 5037 
4 5038 5076 5037 5077 
4 5039 5078 5077 5038 
4 5039 5079 5040 5078 
4 5079 5040 5041 5080 
4 5080 5041 5081 5042 
4 5081 5042 5043 5082 
4 5044 5082 5043 5083 
4 5084 5083 5044 5045 
4 5046 5084 5045 5085 
4 5047 5086 5085 5046 
4 5047 5087 5048 5086 
4 5087 5048 5049 5088 
4 5088 5049 5089 5050 
4 5089 5050 5051 5090 
4 5052 5090 5051 5091 
4 5092 5091 5052 5053 
4 5054 5092 5053 5093 
4 5055 5094 5093 5054 
4 5055 5095 5056 5094 
4 5095 5056 5057 5096 
4 5096 5057 5097 5058 
4 4825 4834 409 410 
4 5097 5058 409 410 
4 4691 4690 4699 4700 
4 4825 4834 4835 4826 
4 4692 4691 4700 4701 
4 4827 4826 4835 4836 
4 4693 4692 4701 4702 
4 4828 4827 4836 4837 
4 4703 4694 4693 4702 
4 4829 4828 4837 4838 
4 4703 4704 4695 4694 
4 4839 4830 4829 4838 
4 4695 4704 4705 4696 
4 4839 4840 4831 4830 
4 4696 4705 4706 4697 
4 4831 4840 4841 4832 
4 4697 4706 4707 4698 
4 4833 4832 4841 4842 
4 4698 4707 394 395 
4 5644 394 395 5605 
4 5645 5644 5605 5606 
4 5607 5646 5645 5606 
4 5607 5608 5647 5646 
4 5647 5608 5609 5648 
4 5648 5609 5610 5649 
4 5650 5649 5610 5611 
4 5650 5611 5612 5651 
4 5652 5651 5612 5613 
4 5653 5652 5613 5614 
4 5615 5654 5653 5614 
4 5615 5616 5655 5654 
4 5655 5616 5617 5656 
4 5656 5617 5618 5657 
4 5658 5657 5618 5619 
4 5658 5619 5620 5659 
4 5660 5659 5620 5621 
4 5661 5660 5621 5622 
4 5623 5662 5661 5622 
4 5623 5624 5663 5662 
4 5663 5624 5625 5664 
4 5664 5625 5626 5665 
4 5666 5665 5626 5627 
4 5666 5627 5628 5667 
4 5668 5667 5628 5629 
4 5669 5668 5629 5630 
4 5631 5670 5669 5630 
4 5631 5632 5671 5670 
4 5671 5632 5633 5672 
4 5672 5633 5634 5673 
4 5674 5673 5634 5635 
4 5674 5635 5636 5675 
4 5676 5675 5636 5637 
4 5677 5676 5637 5638 
4 5639 5678 5677 5638 
4 5639 5640 5679 5678 
4 5679 5640 5641 5680 
4 5680 5641 5642 5681 
4 5682 5681 5642 5643 
4 4833 4842 433 434 
4 5682 5643 434 433 
4 4699 4708 371 372 
4 5098 5059 371 372 
4 5060 5098 5059 5099 
4 5100 5099 5060 5061 
4 5062 5100 5061 5101 
4 5063 5102 5101 5062 
4 5063 5103 5064 5102 
4 5103 5064 5065 5104 
4 5104 5065 5105 5066 
4 5106 5105 5066 5067 
4 5068 5106 5067 5107 
4 5108 5107 5068 5069 
4 5070 5108 5069 5109 
4 5071 5110 5109 5070 
4 5071 5111 5072 5110 
4 5111 5072 5073 5112 
4 5112 5073 5113 5074 
4 5114 5113 5074 5075 
4 5076 5114 5075 5115 
4 5116 5115 5076 5077 
4 5078 5116 5077 5117 
4 5079 5118 5117 5078 
4 5079 5119 5080 5118 
4 5119 5080 5081 5120 
4 5120 5081 5121 5082 
4 5122 5121 5082 5083 
4 5084 5122 5083 5123 
4 5124 5123 5084 5085 
4 5086 5124 5085 5125 
4 5087 5126 5125 5086 
4 5087 5127 5088 5126 
4 5127 5088 5089 5128 
4 5128 5089 5129 5090 
4 5130 5129 5090 5091 
4 5092 5130 5091 5131 
4 5132 5131 5092 5093 
4 5094 5132 5093 5133 
4 5095 5134 5133 5094 
4 5095 5096 5135 5134 
4 5135 5096 5097 5136 
4 4834 4843 410 411 
4 5136 5097 410 411 
4 4700 4699 4708 4709 
4 4835 4834 4843 4844 
4 4701 4700 4709 4710 
4 4836 4835 4844 4845 
4 4711 4702 4701 4710 
4 4837 4836 4845 4846 
4 4711 4712 4703 4702 
4 4847 4838 4837 4846 
4 4703 4712 4713 4704 
4 4847 4848 4839 4838 
4 4704 4713 4714 4705 
4 4839 4848 4849 4840 
4 4705 4714 4715 4706 
4 4841 4840 4849 4850 
4 4707 4706 4715 4716 
4 4841 4850 4851 4842 
4 4707 4716 395 396 
4 5683 5644 395 396 
4 5684 5683 5644 5645 
4 5685 5684 5645 5646 
4 5647 5686 5685 5646 
4 5647 5648 5687 5686 
4 5687 5648 5649 5688 
4 5688 5649 5650 5689 
4 5690 5689 5650 5651 
4 5690 5651 5652 5691 
4 5692 5691 5652 5653 
4 5693 5692 5653 5654 
4 5655 5694 5693 5654 
4 5655 5656 5695 5694 
4 5695 5656 5657 5696 
4 5696 5657 5658 5697 
4 5698 5697 5658 5659 
4 5698 5659 5660 5699 
4 5700 5699 5660 5661 
4 5701 5700 5661 5662 
4 5663 5702 5701 5662 
4 5663 5664 5703 5702 
4 5703 5664 5665 5704 
4 5704 5665 5666 5705 
4 5706 5705 5666 5667 
4 5706 5667 5668 5707 
4 5708 5707 5668 5669 
4 5709 5708 5669 5670 
4 5671 5710 5709 5670 
4 5671 5672 5711 5710 
4 5711 5672 5673 5712 
4 5712 5673 5674 5713 
4 5714 5713 5674 5675 
4 5715 5714 5675 5676 
4 5716 5715 5676 5677 
4 5717 5716 5677 5678 
4 5679 5718 5717 5678 
4 5679 5680 5719 5718 
4 5719 5680 5681 5720 
4 5720 5681 5682 5721 
4 4842 4851 434 435 
4 5721 5682 434 435 
4 373 4708 4717 372 
4 373 5137 5098 372 
4 5138 5137 5098 5099 
4 5138 5099 5100 5139 
4 5140 5139 5100 5101 
4 5141 5140 5101 5102 
4 5103 5142 5141 5102 
4 5103 5104 5143 5142 
4 5143 5104 5105 5144 
4 5144 5105 5106 5145 
4 5146 5145 5106 5107 
4 5146 5107 5108 5147 
4 5148 5147 5108 5109 
4 5149 5148 5109 5110 
4 5111 5150 5149 5110 
4 5111 5112 5151 5150 
4 5151 5112 5113 5152 
4 5152 5113 5114 5153 
4 5154 5153 5114 5115 
4 5154 5115 5116 5155 
4 5156 5155 5116 5117 
4 5157 5156 5117 5118 
4 5119 5158 5157 5118 
4 5119 5120 5159 5158 
4 5159 5120 5121 5160 
4 5160 5121 5122 5161 
4 5162 5161 5122 5123 
4 5162 5123 5124 5163 
4 5164 5163 5124 5125 
4 5165 5164 5125 5126 
4 5127 5166 5165 5126 
4 5127 5128 5167 5166 
4 5167 5128 5129 5168 
4 5168 5129 5130 5169 
4 5170 5169 5130 5131 
4 5170 5131 5132 5171 
4 5172 5171 5132 5133 
4 5173 5172 5133 5134 
4 5135 5174 5173 5134 
4 5135 5136 5175 5174 
4 4843 4852 411 412 
4 5175 5136 411 412 
4 4709 4708 4717 4718 
4 4844 4843 4852 4853 
4 4719 4710 4709 4718 
4 4845 4844 4853 4854 
4 4719 4720 4711 4710 
4 4855 4846 4845 4854 
4 4711 4720 4721 4712 
4 4855 4856 4847 4846 
4 4712 4721 4722 4713 
4 4847 4856 4857 4848 
4 4713 4722 4723 4714 
4 4848 4857 4858 4849 
4 4715 4714 4723 4724 
4 4850 4849 4858 4859 
4 4716 4715 4724 4725 
4 4851 4850 4859 4860 
4 397 4716 4725 396 
4 397 5722 5683 396 
4 5723 5722 5683 5684 
4 5724 5723 5684 5685 
4 5725 5724 5685 5686 
4 5687 5726 5725 5686 
4 5687 5688 5727 5726 
4 5727 5688 5689 5728 
4 5728 5689 5690 5729 
4 5730 5729 5690 5691 
4 5731 5730 5691 5692 
4 5732 5731 5692 5693 
4 5733 5732 5693 5694 
4 5695 5734 5733 5694 
4 5695 5696 5735 5734 
4 5735 5696 5697 5736 
4 5736 5697 5698 5737 
4 5738 5737 5698 5699 
4 5739 5738 5699 5700 
4 5740 5739 5700 5701 
4 5741 5740 5701 5702 
4 5703 5742 5741 5702 
4 5703 5704 5743 5742 
4 5743 5704 5705 5744 
4 5744 5705 5706 5745 
4 5745 5706 5707 5746 
4 5747 5746 5707 5708 
4 5747 5708 5709 5748 
4 5749 5748 5709 5710 
4 5711 5750 5749 5710 
4 5711 5712 5751 5750 
4 5751 5712 5713 5752 
4 5752 5713 5714 5753 
4 5753 5714 5715 5754 
4 5755 5754 5715 5716 
4 5755 5716 5717 5756 
4 5757 5756 5717 5718 
4 5719 5758 5757 5718 
4 5719 5720 5759 5758 
4 5759 5720 5721 5760 
4 4851 4860 435 436 
4 5760 5721 435 436 
4 373 374 4717 4726 
4 373 374 5137 5176 
4 5176 5137 5138 5177 
4 5178 5177 5138 5139 
4 5178 5139 5140 5179 
4 5180 5179 5140 5141 
4 5181 5180 5141 5142 
4 5143 5182 5181 5142 
4 5143 5144 5183 5182 
4 5183 5144 5145 5184 
4 5184 5145 5146 5185 
4 5186 5185 5146 5147 
4 5186 5147 5148 5187 
4 5188 5187 5148 5149 
4 5189 5188 5149 5150 
4 5151 5190 5189 5150 
4 5151 5152 5191 5190 
4 5191 5152 5153 5192 
4 5192 5153 5154 5193 
4 5194 5193 5154 5155 
4 5194 5155 5156 5195 
4 5196 5195 5156 5157 
4 5197 5196 5157 5158 
4 5159 5198 5197 5158 
4 5159 5160 5199 5198 
4 5199 5160 5161 5200 
4 5200 5161 5162 5201 
4 5201 5162 5163 5202 
4 5203 5202 5163 5164 
4 5204 5203 5164 5165 
4 5205 5204 5165 5166 
4 5167 5206 5205 5166 
4 5167 5168 5207 5206 
4 5207 5168 5169 5208 
4 5208 5169 5170 5209 
4 5209 5170 5171 5210 
4 5211 5210 5171 5172 
4 5212 5211 5172 5173 
4 5213 5212 5173 5174 
4 5175 5214 5213 5174 
4 413 4852 4861 412 
4 5175 413 412 5214 
4 4727 4718 4717 4726 
4 4853 4852 4861 4862 
4 4727 4728 4719 4718 
4 4863 4854 4853 4862 
4 4719 4728 4729 4720 
4 4863 4864 4855 4854 
4 4720 4729 4730 4721 
4 4855 4864 4865 4856 
4 4721 4730 4731 4722 
4 4856 4865 4866 4857 
4 4723 4722 4731 4732 
4 4858 4857 4866 4867 
4 4723 4732 4733 4724 
4 4859 4858 4867 4868 
4 4725 4724 4733 4734 
4 4860 4859 4868 4869 
4 397 398 4725 4734 
4 397 398 5761 5722 
4 5761 5722 5723 5762 
4 5763 5762 5723 5724 
4 5763 5724 5725 5764 
4 5765 5764 5725 5726 
4 5727 5766 5765 5726 
4 5727 5728 5767 5766 
4 5767 5728 5729 5768 
4 5768 5729 5730 5769 
4 5769 5730 5731 5770 
4 5771 5770 5731 5732 
4 5771 5732 5733 5772 
4 5773 5772 5733 5734 
4 5735 5774 5773 5734 
4 5735 5736 5775 5774 
4 5775 5736 5737 5776 
4 5777 5776 5737 5738 
4 5777 5738 5739 5778 
4 5779 5778 5739 5740 
4 5779 5740 5741 5780 
4 5781 5780 5741 5742 
4 5743 5782 5781 5742 
4 5743 5744 5783 5782 
4 5783 5744 5745 5784 
4 5785 5784 5745 5746 
4 5785 5746 5747 5786 
4 5787 5786 5747 5748 
4 5787 5748 5749 5788 
4 5789 5788 5749 5750 
4 5751 5790 5789 5750 
4 5751 5752 5791 5790 
4 5791 5752 5753 5792 
4 5793 5792 5753 5754 
4 5793 5754 5755 5794 
4 5795 5794 5755 5756 
4 5795 5756 5757 5796 
4 5797 5796 5757 5758 
4 5759 5798 5797 5758 
4 5759 5760 5799 5798 
4 437 4860 4869 436 
4 5799 5760 437 436 
4 4735 374 375 4726 
4 5215 374 375 5176 
4 5215 5176 5177 5216 
4 5216 5177 5178 5217 
4 5217 5178 5179 5218 
4 5219 5218 5179 5180 
4 5220 5219 5180 5181 
4 5221 5220 5181 5182 
4 5183 5222 5221 5182 
4 5183 5184 5223 5222 
4 5223 5184 5185 5224 
4 5224 5185 5186 5225 
4 5225 5186 5187 5226 
4 5227 5226 5187 5188 
4 5228 5227 5188 5189 
4 5229 5228 5189 5190 
4 5191 5230 5229 5190 
4 5191 5192 5231 5230 
4 5231 5192 5232 5193 
4 5232 5193 5194 5233 
4 5233 5194 5234 5195 
4 5235 5234 5195 5196 
4 5197 5235 5196 5236 
4 5237 5236 5197 5198 
4 5238 5199 5237 5198 
4 5199 5200 5239 5238 
4 5239 5200 5240 5201 
4 5240 5201 5202 5241 
4 5203 5241 5202 5242 
4 5243 5242 5203 5204 
4 5205 5243 5204 5244 
4 5245 5244 5205 5206 
4 5246 5207 5245 5206 
4 5207 5208 5247 5246 
4 5247 5208 5248 5209 
4 5248 5209 5210 5249 
4 5211 5249 5210 5250 
4 5251 5250 5211 5212 
4 5213 5251 5212 5252 
4 5253 5252 5213 5214 
4 413 414 4861 4870 
4 413 414 5253 5214 
4 4735 4736 4727 4726 
4 4871 4862 4861 4870 
4 4727 4736 4737 4728 
4 4871 4872 4863 4862 
4 4728 4737 4738 4729 
4 4863 4872 4873 4864 
4 4729 4738 4739 4730 
4 4864 4873 4874 4865 
4 4731 4730 4739 4740 
4 4866 4865 4874 4875 
4 4731 4740 4741 4732 
4 4867 4866 4875 4876 
4 4733 4732 4741 4742 
4 4868 4867 4876 4877 
4 4743 4734 4733 4742 
4 4869 4868 4877 4878 
4 4743 398 399 4734 
4 398 399 5800 5761 
4 5801 5800 5761 5762 
4 5801 5762 5763 5802 
4 5803 5802 5763 5764 
4 5803 5764 5765 5804 
4 5805 5804 5765 5766 
4 5767 5806 5805 5766 
4 5767 5768 5807 5806 
4 5807 5768 5769 5808 
4 5808 5769 5770 5809 
4 5809 5770 5771 5810 
4 5811 5810 5771 5772 
4 5812 5811 5772 5773 
4 5813 5812 5773 5774 
4 5775 5814 5813 5774 
4 5775 5776 5815 5814 
4 5815 5776 5777 5816 
4 5816 5777 5778 5817 
4 5817 5778 5779 5818 
4 5819 5818 5779 5780 
4 5820 5819 5780 5781 
4 5821 5820 5781 5782 
4 5783 5822 5821 5782 
4 5783 5784 5823 5822 
4 5823 5784 5785 5824 
4 5824 5785 5786 5825 
4 5825 5786 5787 5826 
4 5827 5826 5787 5788 
4 5828 5827 5788 5789 
4 5829 5828 5789 5790 
4 5791 5830 5829 5790 
4 5791 5792 5831 5830 
4 5831 5792 5793 5832 
4 5832 5793 5794 5833 
4 5833 5794 5795 5834 
4 5835 5834 5795 5796 
4 5836 5835 5796 5797 
4 5837 5836 5797 5798 
4 5799 5838 5837 5798 
4 437 438 4869 4878 
4 5799 438 437 5838 
4 4735 4744 375 376 
4 5215 375 376 5254 
4 5215 5216 5255 5254 
4 5255 5216 5256 5217 
4 5256 5217 5218 5257 
4 5219 5257 5218 5258 
4 5259 5258 5219 5220 
4 5221 5259 5220 5260 
4 5261 5260 5221 5222 
4 5262 5223 5261 5222 
4 5223 5224 5263 5262 
4 5263 5224 5225 5264 
4 5265 5264 5225 5226 
4 5265 5226 5227 5266 
4 5267 5266 5227 5228 
4 5267 5228 5229 5268 
4 5269 5268 5229 5230 
4 5231 5270 5269 5230 
4 5231 5232 5271 5270 
4 5271 5232 5233 5272 
4 5273 5272 5233 5234 
4 5273 5234 5235 5274 
4 5275 5274 5235 5236 
4 5275 5236 5237 5276 
4 5277 5276 5237 5238 
4 5239 5278 5277 5238 
4 5239 5240 5279 5278 
4 5279 5240 5241 5280 
4 5281 5280 5241 5242 
4 5281 5242 5243 5282 
4 5283 5282 5243 5244 
4 5283 5244 5245 5284 
4 5285 5284 5245 5246 
4 5247 5286 5285 5246 
4 5247 5248 5287 5286 
4 5287 5248 5249 5288 
4 5289 5288 5249 5250 
4 5289 5250 5251 5290 
4 5291 5290 5251 5252 
4 5291 5252 5253 5292 
4 4879 414 415 4870 
4 414 415 5292 5253 
4 4735 4744 4745 4736 
4 4879 4880 4871 4870 
4 4736 4745 4746 4737 
4 4871 4880 4881 4872 
4 4737 4746 4747 4738 
4 4872 4881 4882 4873 
4 4739 4738 4747 4748 
4 4874 4873 4882 4883 
4 4739 4748 4749 4740 
4 4875 4874 4883 4884 
4 4741 4740 4749 4750 
4 4876 4875 4884 4885 
4 4751 4742 4741 4750 
4 4877 4876 4885 4886 
4 4751 4752 4743 4742 
4 4887 4878 4877 4886 
4 4743 4752 399 400 
4 5839 5800 399 400 
4 5839 5800 5801 5840 
4 5841 5840 5801 5802 
4 5841 5802 5803 5842 
4 5843 5842 5803 5804 
4 5844 5843 5804 5805 
4 5845 5844 5805 5806 
4 5807 5846 5845 5806 
4 5807 5808 5847 5846 
4 5847 5808 5809 5848 
4 5849 5848 5809 5810 
4 5849 5810 5811 5850 
4 5851 5850 5811 5812 
4 5852 5851 5812 5813 
4 5853 5852 5813 5814 
4 5815 5854 5853 5814 
4 5815 5816 5855 5854 
4 5855 5816 5817 5856 
4 5857 5856 5817 5818 
4 5857 5818 5819 5858 
4 5859 5858 5819 5820 
4 5860 5859 5820 5821 
4 5861 5860 5821 5822 
4 5823 5862 5861 5822 
4 5823 5824 5863 5862 
4 5863 5824 5825 5864 
4 5865 5864 5825 5826 
4 5865 5826 5827 5866 
4 5867 5866 5827 5828 
4 5868 5867 5828 5829 
4 5869 5868 5829 5830 
4 5831 5870 5869 5830 
4 5831 5832 5871 5870 
4 5871 5832 5833 5872 
4 5873 5872 5833 5834 
4 5874 5873 5834 5835 
4 5875 5874 5835 5836 
4 5876 5875 5836 5837 
4 5877 5876 5837 5838 
4 4887 438 439 4878 
4 438 439 5877 5838 
4 4744 4753 376 377 
4 376 377 5293 5254 
4 5255 5294 5293 5254 
4 5255 5256 5295 5294 
4 5295 5256 5257 5296 
4 5296 5257 5258 5297 
4 5297 5258 5259 5298 
4 5298 5259 5260 5299 
4 5300 5299 5260 5261 
4 5301 5300 5261 5262 
4 5263 5302 5301 5262 
4 5263 5264 5303 5302 
4 5303 5264 5265 5304 
4 5304 5265 5266 5305 
4 5305 5266 5267 5306 
4 5306 5267 5268 5307 
4 5308 5307 5268 5269 
4 5309 5308 5269 5270 
4 5271 5310 5309 5270 
4 5271 5272 5311 5310 
4 5311 5272 5273 5312 
4 5312 5273 5274 5313 
4 5313 5274 5275 5314 
4 5314 5275 5276 5315 
4 5316 5315 5276 5277 
4 5317 5316 5277 5278 
4 5279 5318 5317 5278 
4 5279 5280 5319 5318 
4 5319 5280 5281 5320 
4 5320 5281 5282 5321 
4 5321 5282 5283 5322 
4 5322 5283 5284 5323 
4 5324 5323 5284 5285 
4 5325 5324 5285 5286 
4 5287 5326 5325 5286 
4 5287 5327 5288 5326 
4 5327 5288 5289 5328 
4 5328 5289 5329 5290 
4 5329 5290 5291 5330 
4 5330 5291 5331 5292 
4 4879 4888 415 416 
4 415 416 5331 5292 
4 4744 4753 4754 4745 
4 4879 4888 4889 4880 
4 4745 4754 4755 4746 
4 4880 4889 4890 4881 
4 4747 4746 4755 4756 
4 4882 4881 4890 4891 
4 4747 4756 4757 4748 
4 4882 4891 4892 4883 
4 4749 4748 4757 4758 
4 4884 4883 4892 4893 
4 4759 4750 4749 4758 
4 4885 4884 4893 4894 
4 4759 4760 4751 4750 
4 4895 4886 4885 4894 
4 4751 4760 4761 4752 
4 4895 4896 4887 4886 
4 4752 4761 400 401 
4 5839 400 401 5878 
4 5839 5840 5879 5878 
4 5879 5840 5841 5880 
4 5881 5880 5841 5842 
4 5882 5881 5842 5843 
4 5883 5882 5843 5844 
4 5884 5883 5844 5845 
4 5885 5884 5845 5846 
4 5847 5886 5885 5846 
4 5847 5848 5887 5886 
4 5887 5848 5849 5888 
4 5889 5888 5849 5850 
4 5890 5889 5850 5851 
4 5891 5890 5851 5852 
4 5892 5891 5852 5853 
4 5893 5892 5853 5854 
4 5855 5894 5893 5854 
4 5855 5856 5895 5894 
4 5895 5856 5857 5896 
4 5897 5896 5857 5858 
4 5898 5897 5858 5859 
4 5899 5898 5859 5860 
4 5900 5899 5860 5861 
4 5901 5900 5861 5862 
4 5863 5902 5901 5862 
4 5863 5864 5903 5902 
4 5903 5864 5865 5904 
4 5904 5865 5866 5905 
4 5906 5905 5866 5867 
4 5906 5867 5868 5907 
4 5908 5907 5868 5869 
4 5909 5908 5869 5870 
4 5871 5910 5909 5870 
4 5871 5872 5911 5910 
4 5911 5872 5873 5912 
4 5912 5873 5874 5913 
4 5914 5913 5874 5875 
4 5914 5875 5876 5915 
4 5916 5915 5876 5877 
4 4887 4896 439 440 
4 439 440 5916 5877 
4 4753 4762 377 378 
4 5332 377 378 5293 
4 5294 5332 5293 5333 
4 5295 5334 5333 5294 
4 5295 5335 5296 5334 
4 5335 5296 5297 5336 
4 5336 5297 5337 5298 
4 5337 5298 5299 5338 
4 5300 5338 5299 5339 
4 5340 5339 5300 5301 
4 5302 5340 5301 5341 
4 5303 5342 5341 5302 
4 5303 5343 5304 5342 
4 5343 5304 5305 5344 
4 5344 5305 5345 5306 
4 5345 5306 5307 5346 
4 5308 5346 5307 5347 
4 5348 5347 5308 5309 
4 5310 5348 5309 5349 
4 5311 5350 5349 5310 
4 5311 5351 5312 5350 
4 5351 5312 5313 5352 
4 5352 5313 5353 5314 
4 5353 5314 5315 5354 
4 5316 5354 5315 5355 
4 5356 5355 5316 5317 
4 5318 5356 5317 5357 
4 5319 5358 5357 5318 
4 5319 5359 5320 5358 
4 5359 5320 5321 5360 
4 5360 5321 5361 5322 
4 5362 5361 5322 5323 
4 5324 5362 5323 5363 
4 5364 5363 5324 5325 
4 5326 5364 5325 5365 
4 5327 5366 5365 5326 
4 5327 5367 5328 5366 
4 5367 5328 5329 5368 
4 5368 5329 5369 5330 
4 5370 5369 5330 5331 
4 4888 4897 416 417 
4 416 5370 5331 417 
4 4753 4762 4763 4754 
4 4888 4897 4898 4889 
4 4755 4754 4763 4764 
4 4890 4889 4898 4899 
4 4755 4764 4765 4756 
4 4890 4899 4900 4891 
4 4757 4756 4765 4766 
4 4892 4891 4900 4901 
4 4767 4758 4757 4766 
4 4893 4892 4901 4902 
4 4767 4768 4759 4758 
4 4903 4894 4893 4902 
4 4759 4768 4769 4760 
4 4903 4904 4895 4894 
4 4761 4760 4769 4770 
4 4895 4904 4905 4896 
4 4761 4770 401 402 
4 401 402 5917 5878 
4 5879 5918 5917 5878 
4 5879 5880 5919 5918 
4 5919 5880 5881 5920 
4 5920 5881 5882 5921 
4 5922 5921 5882 5883 
4 5922 5883 5884 5923 
4 5924 5923 5884 5885 
4 5925 5924 5885 5886 
4 5887 5926 5925 5886 
4 5887 5888 5927 5926 
4 5927 5888 5889 5928 
4 5928 5889 5890 5929 
4 5930 5929 5890 5891 
4 5930 5891 5892 5931 
4 5932 5931 5892 5893 
4 5933 5932 5893 5894 
4 5895 5934 5933 5894 
4 5895 5896 5935 5934 
4 5935 5896 5897 5936 
4 5936 5897 5898 5937 
4 5938 5937 5898 5899 
4 5938 5899 5900 5939 
4 5940 5939 5900 5901 
4 5941 5940 5901 5902 
4 5903 5942 5941 5902 
4 5903 5904 5943 5942 
4 5943 5904 5905 5944 
4 5944 5905 5906 5945 
4 5946 5945 5906 5907 
4 5946 5907 5908 5947 
4 5948 5947 5908 5909 
4 5949 5948 5909 5910 
4 5911 5950 5949 5910 
4 5911 5912 5951 5950 
4 5951 5912 5913 5952 
4 5952 5913 5914 5953 
4 5954 5953 5914 5915 
4 5954 5915 5916 5955 
4 4896 4905 440 441 
4 440 5955 5916 441 
4 4762 4771 378 379 
4 5332 5371 378 379 
4 5372 5371 5332 5333 
4 5334 5372 5333 5373 
4 5335 5374 5373 5334 
4 5335 5375 5336 5374 
4 5375 5336 5337 5376 
4 5376 5337 5377 5338 
4 5378 5377 5338 5339 
4 5340 5378 5339 5379 
4 5380 5379 5340 5341 
4 5342 5380 5341 5381 
4 5343 5382 5381 5342 
4 5343 5383 5344 5382 
4 5383 5344 5345 5384 
4 5384 5345 5385 5346 
4 5386 5385 5346 5347 
4 5348 5386 5347 5387 
4 5388 5387 5348 5349 
4 5350 5388 5349 5389 
4 5351 5390 5389 5350 
4 5351 5352 5391 5390 
4 5391 5352 5353 5392 
4 5392 5353 5354 5393 
4 5394 5393 5354 5355 
4 5394 5355 5356 5395 
4 5396 5395 5356 5357 
4 5397 5396 5357 5358 
4 5359 5398 5397 5358 
4 5359 5360 5399 5398 
4 5399 5360 5361 5400 
4 5400 5361 5362 5401 
4 5402 5401 5362 5363 
4 5402 5363 5364 5403 
4 5404 5403 5364 5365 
4 5405 5404 5365 5366 
4 5367 5406 5405 5366 
4 5367 5368 5407 5406 
4 5407 5368 5369 5408 
4 5408 5369 5370 5409 
4 4897 4906 417 418 
4 5409 5370 417 418 
4 4763 4762 4771 4772 
4 4898 4897 4906 4907 
4 4763 4772 4773 4764 
4 4898 4907 4908 4899 
4 4765 4764 4773 4774 
4 4900 4899 4908 4909 
4 4775 4766 4765 4774 
4 4901 4900 4909 4910 
4 4775 4776 4767 4766 
4 4911 4902 4901 4910 
4 4767 4776 4777 4768 
4 4911 4912 4903 4902 
4 4769 4768 4777 4778 
4 4903 4912 4913 4904 
4 4769 4778 4779 4770 
4 4904 4913 4914 4905 
4 4770 4779 402 403 
4 5917 5956 402 403 
4 5957 5956 5917 5918 
4 5919 5958 5957 5918 
4 5919 5920 5959 5958 
4 5959 5920 5921 5960 
4 5960 5921 5922 5961 
4 5962 5961 5922 5923 
4 5962 5923 5924 5963 
4 5964 5963 5924 5925 
4 5965 5964 5925 5926 
4 5927 5966 5965 5926 
4 5927 5928 5967 5966 
4 5967 5928 5929 5968 
4 5968 5929 5930 5969 
4 5970 5969 5930 5931 
4 5971 5970 5931 5932 
4 5972 5971 5932 5933 
4 5973 5972 5933 5934 
4 5935 5974 5973 5934 
4 5935 5936 5975 5974 
4 5975 5936 5937 5976 
4 5976 5937 5938 5977 
4 5978 5977 5938 5939 
4 5979 5978 5939 5940 
4 5980 5979 5940 5941 
4 5981 5980 5941 5942 
4 5943 5982 5981 5942 
4 5943 5944 5983 5982 
4 5983 5944 5945 5984 
4 5984 5945 5946 5985 
4 5986 5985 5946 5947 
4 5987 5986 5947 5948 
4 5988 5987 5948 5949 
4 5989 5988 5949 5950 
4 5951 5990 5989 5950 
4 5951 5952 5991 5990 
4 5991 5952 5953 5992 
4 5992 5953 5954 5993 
4 5994 5993 5954 5955 
4 4905 4914 441 442 
4 5994 5955 442 441 
4 4771 4780 379 380 
4 5410 5371 379 380 
4 5410 5371 5372 5411 
4 5412 5411 5372 5373 
4 5413 5412 5373 5374 
4 5375 5414 5413 5374 
4 5375 5376 5415 5414 
4 5415 5376 5377 5416 
4 5416 5377 5378 5417 
4 5418 5417 5378 5379 
4 5418 5379 5380 5419 
4 5420 5419 5380 5381 
4 5421 5420 5381 5382 
4 5383 5422 5421 5382 
4 5383 5384 5423 5422 
4 5423 5384 5385 5424 
4 5424 5385 5386 5425 
4 5426 5425 5386 5387 
4 5426 5387 5388 5427 
4 5428 5427 5388 5389 
4 5429 5428 5389 5390 
4 5391 5430 5429 5390 
4 5391 5392 5431 5430 
4 5431 5392 5393 5432 
4 5432 5393 5394 5433 
4 5434 5433 5394 5395 
4 5434 5395 5396 5435 
4 5436 5435 5396 5397 
4 5437 5436 5397 5398 
4 5399 5438 5437 5398 
4 5399 5400 5439 5438 
4 5439 5400 5401 5440 
4 5440 5401 5402 5441 
4 5442 5441 5402 5403 
4 5442 5403 5404 5443 
4 5444 5443 5404 5405 
4 5445 5444 5405 5406 
4 5407 5446 5445 5406 
4 5407 5408 5447 5446 
4 5447 5408 5409 5448 
4 4906 4915 418 419 
4 5448 5409 418 419 
4 4771 4780 4781 4772 
4 4906 4915 4916 4907 
4 4773 4772 4781 4782 
4 4908 4907 4916 4917 
4 4783 4774 4773 4782 
4 4909 4908 4917 4918 
4 4783 4784 4775 4774 
4 4919 4910 4909 4918 
4 4775 4784 4785 4776 
4 4919 4920 4911 4910 
4 4777 4776 4785 4786 
4 4911 4920 4921 4912 
4 4777 4786 4787 4778 
4 4912 4921 4922 4913 
4 4779 4778 4787 4788 
4 4914 4913 4922 4923 
4 4779 4788 403 404 
4 5995 5956 403 404 
4 5996 5995 5956 5957 
4 5997 5996 5957 5958 
4 5959 5998 5997 5958 
4 5959 5960 5999 5998 
4 5999 5960 5961 6000 
4 6000 5961 5962 6001 
4 6001 5962 5963 6002 
4 6003 6002 5963 5964 
4 6003 5964 5965 6004 
4 6005 6004 5965 5966 
4 5967 6006 6005 5966 
4 5967 5968 6007 6006 
4 6007 5968 5969 6008 
4 6008 5969 5970 6009 
4 6009 5970 5971 6010 
4 6011 6010 5971 5972 
4 6011 5972 5973 6012 
4 6013 6012 5973 5974 
4 5975 6014 6013 5974 
4 5975 5976 6015 6014 
4 6015 5976 5977 6016 
4 6016 5977 5978 6017 
4 6017 5978 5979 6018 
4 6019 6018 5979 5980 
4 6019 5980 5981 6020 
4 6021 6020 5981 5982 
4 5983 6022 6021 5982 
4 5983 5984 6023 6022 
4 6023 5984 5985 6024 
4 6024 5985 5986 6025 
4 6025 5986 5987 6026 
4 6027 6026 5987 5988 
4 6027 5988 5989 6028 
4 6029 6028 5989 5990 
4 5991 6030 6029 5990 
4 5991 5992 6031 6030 
4 6031 5992 5993 6032 
4 6033 6032 5993 5994 
4 4914 4923 442 443 
4 6033 5994 442 443 
4 381 4780 4789 380 
4 381 5449 5410 380 
4 5450 5449 5410 5411 
4 5450 5411 5412 5451 
4 5452 5451 5412 5413 
4 5453 5452 5413 5414 
4 5415 5454 5453 5414 
4 5415 5416 5455 5454 
4 5455 5416 5417 5456 
4 5456 5417 5418 5457 
4 5458 5457 5418 5419 
4 5459 5458 5419 5420 
4 5460 5459 5420 5421 
4 5461 5460 5421 5422 
4 5423 5462 5461 5422 
4 5423 5424 5463 5462 
4 5463 5424 5425 5464 
4 5464 5425 5426 5465 
4 5466 5465 5426 5427 
4 5467 5466 5427 5428 
4 5468 5467 5428 5429 
4 5469 5468 5429 5430 
4 5431 5470 5469 5430 
4 5431 5432 5471 5470 
4 5471 5432 5433 5472 
4 5472 5433 5434 5473 
4 5474 5473 5434 5435 
4 5475 5474 5435 5436 
4 5476 5475 5436 5437 
4 5477 5476 5437 5438 
4 5439 5478 5477 5438 
4 5439 5440 5479 5478 
4 5479 5440 5441 5480 
4 5480 5441 5442 5481 
4 5482 5481 5442 5443 
4 5483 5482 5443 5444 
4 5484 5483 5444 5445 
4 5485 5484 5445 5446 
4 5447 5486 5485 5446 
4 5447 5448 5487 5486 
4 4915 4924 419 420 
4 5487 5448 419 420 
4 4781 4780 4789 4790 
4 4916 4915 4924 4925 
4 4791 4782 4781 4790 
4 4917 4916 4925 4926 
4 4791 4792 4783 4782 
4 4927 4918 4917 4926 
4 4783 4792 4793 4784 
4 4927 4928 4919 4918 
4 4784 4793 4794 4785 
4 4919 4928 4929 4920 
4 4785 4794 4795 4786 
4 4920 4929 4930 4921 
4 4786 4795 4796 4787 
4 4922 4921 4930 4931 
4 4788 4787 4796 4797 
4 4922 4931 4932 4923 
4 405 4788 4797 404 
4 405 6034 5995 404 
4 6035 6034 5995 5996 
4 6035 5996 5997 6036 
4 6037 6036 5997 5998 
4 5999 6038 6037 5998 
4 5999 6000 6039 6038 
4 6039 6000 6001 6040 
4 6041 6040 6001 6002 
4 6041 6002 6003 6042 
4 6043 6042 6003 6004 
4 6043 6004 6005 6044 
4 6045 6044 6005 6006 
4 6007 6046 6045 6006 
4 6007 6008 6047 6046 
4 6047 6008 6009 6048 
4 6049 6048 6009 6010 
4 6049 6010 6011 6050 
4 6051 6050 6011 6012 
4 6051 6012 6013 6052 
4 6053 6052 6013 6014 
4 6015 6054 6053 6014 
4 6015 6016 6055 6054 
4 6055 6016 6017 6056 
4 6057 6056 6017 6018 
4 6057 6018 6019 6058 
4 6059 6058 6019 6020 
4 6059 6020 6021 6060 
4 6061 6060 6021 6022 
4 6023 6062 6061 6022 
4 6023 6024 6063 6062 
4 6063 6024 6025 6064 
4 6064 6025 6026 6065 
4 6065 6026 6027 6066 
4 6067 6066 6027 6028 
4 6068 6067 6028 6029 
4 6069 6068 6029 6030 
4 6031 6070 6069 6030 
4 6031 6032 6071 6070 
4 6071 6032 6033 6072 
4 4923 4932 443 444 
4 6072 6033 443 444 
4 381 382 4789 4798 
4 381 382 5488 5449 
4 5488 5449 5450 5489 
4 5489 5450 5490 5451 
4 5491 5490 5451 5452 
4 5453 5491 5452 5492 
4 5493 5492 5453 5454 
4 5494 5455 5493 5454 
4 5455 5456 5495 5494 
4 5495 5456 5496 5457 
4 5496 5457 5458 5497 
4 5459 5497 5458 5498 
4 5499 5498 5459 5460 
4 5461 5499 5460 5500 
4 5501 5500 5461 5462 
4 5502 5463 5501 5462 
4 5463 5464 5503 5502 
4 5503 5464 5504 5465 
4 5504 5465 5466 5505 
4 5467 5505 5466 5506 
4 5507 5506 5467 5468 
4 5469 5507 5468 5508 
4 5509 5508 5469 5470 
4 5510 5471 5509 5470 
4 5471 5472 5511 5510 
4 5511 5472 5512 5473 
4 5512 5473 5474 5513 
4 5475 5513 5474 5514 
4 5515 5514 5475 5476 
4 5477 5515 5476 5516 
4 5517 5516 5477 5478 
4 5518 5479 5517 5478 
4 5479 5480 5519 5518 
4 5519 5480 5481 5520 
4 5521 5520 5481 5482 
4 5521 5482 5483 5522 
4 5523 5522 5483 5484 
4 5523 5484 5485 5524 
4 5525 5524 5485 5486 
4 5487 5526 5525 5486 
4 421 4924 4933 420 
4 5487 421 420 5526 
4 4799 4790 4789 4798 
4 4925 4924 4933 4934 
4 4799 4800 4791 4790 
4 4935 4926 4925 4934 
4 4791 4800 4801 4792 
4 4935 4936 4927 4926 
4 4792 4801 4802 4793 
4 4927 4936 4937 4928 
4 4793 4802 4803 4794 
4 4928 4937 4938 4929 
4 4794 4803 4804 4795 
4 4930 4929 4938 4939 
4 4796 4795 4804 4805 
4 4930 4939 4940 4931 
4 4797 4796 4805 4806 
4 4932 4931 4940 4941 
4 405 406 4797 4806 
4 405 406 6073 6034 
4 6073 6034 6035 6074 
4 6075 6074 6035 6036 
4 6076 6075 6036 6037 
4 6077 6076 6037 6038 
4 6039 6078 6077 6038 
4 6039 6040 6079 6078 
4 6079 6040 6041 6080 
4 6080 6041 6042 6081 
4 6081 6042 6043 6082 
4 6083 6082 6043 6044 
4 6084 6083 6044 6045 
4 6085 6084 6045 6046 
4 6047 6086 6085 6046 
4 6047 6048 6087 6086 
4 6087 6048 6049 6088 
4 6088 6049 6050 6089 
4 6089 6050 6051 6090 
4 6091 6090 6051 6052 
4 6092 6091 6052 6053 
4 6093 6092 6053 6054 
4 6055 6094 6093 6054 
4 6055 6056 6095 6094 
4 6095 6056 6057 6096 
4 6097 6096 6057 6058 
4 6097 6058 6059 6098 
4 6099 6098 6059 6060 
4 6100 6099 6060 6061 
4 6101 6100 6061 6062 
4 6063 6102 6101 6062 
4 6063 6064 6103 6102 
4 6103 6064 6065 6104 
4 6105 6104 6065 6066 
4 6105 6066 6067 6106 
4 6107 6106 6067 6068 
4 6108 6107 6068 6069 
4 6109 6108 6069 6070 
4 6071 6110 6109 6070 
4 6071 6072 6111 6110 
4 445 4932 4941 444 
4 6111 6072 445 444 
4 382 383 8 4798 
4 446 382 5488 8 
4 446 5488 447 5489 
4 5489 448 5490 447 
4 5491 448 5490 449 
4 5491 450 5492 449 
4 5493 450 5492 451 
4 5494 451 5493 452 
4 453 5495 452 5494 
4 5495 454 5496 453 
4 454 5496 455 5497 
4 5497 456 5498 455 
4 5499 456 5498 457 
4 5499 458 5500 457 
4 5501 458 5500 459 
4 5502 459 5501 460 
4 461 5503 460 5502 
4 5503 462 5504 461 
4 5504 463 462 5505 
4 5505 464 5506 463 
4 464 5507 5506 465 
4 465 5507 466 5508 
4 466 5509 5508 467 
4 5510 467 5509 468 
4 469 468 5511 5510 
4 5511 470 5512 469 
4 5512 471 470 5513 
4 5513 472 5514 471 
4 472 5515 5514 473 
4 473 5515 474 5516 
4 474 5517 5516 475 
4 5518 475 5517 476 
4 477 476 5519 5518 
4 5519 478 5520 477 
4 5521 5520 479 478 
4 5521 480 5522 479 
4 480 5523 5522 481 
4 481 5523 482 5524 
4 482 5525 5524 483 
4 5526 483 5525 484 
4 421 422 10 4933 
4 421 10 484 5526 
4 4799 383 384 4798 
4 422 423 4933 4934 
4 4799 4800 384 385 
4 4935 423 424 4934 
4 4800 4801 385 386 
4 4935 4936 424 425 
4 4801 4802 386 387 
4 4936 4937 425 426 
4 4802 4803 387 388 
4 4937 4938 426 427 
4 389 4803 4804 388 
4 4938 4939 427 428 
4 389 390 4804 4805 
4 429 4939 4940 428 
4 390 391 4805 4806 
4 429 430 4940 4941 
4 406 391 9 4806 
4 485 406 9 6073 
4 485 486 6073 6074 
4 486 487 6074 6075 
4 487 488 6075 6076 
4 488 489 6076 6077 
4 489 490 6077 6078 
4 6079 490 491 6078 
4 6079 6080 491 492 
4 493 6080 6081 492 
4 493 494 6081 6082 
4 494 495 6082 6083 
4 495 496 6083 6084 
4 496 497 6084 6085 
4 497 498 6085 6086 
4 6087 498 499 6086 
4 6087 6088 499 500 
4 501 6088 6089 500 
4 501 502 6089 6090 
4 502 503 6090 6091 
4 503 504 6091 6092 
4 504 505 6092 6093 
4 505 506 6093 6094 
4 6095 506 507 6094 
4 6095 6096 507 508 
4 509 6096 6097 508 
4 509 510 6097 6098 
4 510 511 6098 6099 
4 511 512 6099 6100 
4 512 513 6100 6101 
4 513 514 6101 6102 
4 6103 514 515 6102 
4 6103 6104 515 516 
4 517 6104 6105 516 
4 517 518 6105 6106 
4 518 519 6106 6107 
4 519 520 6107 6108 
4 520 521 6108 6109 
4 521 522 6109 6110 
4 6111 522 523 6110 
4 445 430 11 4941 
4 6111 445 11 523 
4 6112 8 383 524 
4 446 8 6814 524 
4 446 447 6814 6815 
4 6816 447 448 6815 
4 6816 6817 448 449 
4 6817 6818 449 450 
4 6818 6819 450 451 
4 6819 6820 451 452 
4 453 6820 6821 452 
4 453 454 6821 6822 
4 454 455 6822 6823 
4 6824 455 456 6823 
4 6824 6825 456 457 
4 6825 6826 457 458 
4 6826 6827 458 459 
4 6827 6828 459 460 
4 461 6828 6829 460 
4 461 462 6829 6830 
4 462 463 6830 6831 
4 6832 463 464 6831 
4 6832 6833 464 465 
4 6833 6834 465 466 
4 6834 6835 466 467 
4 6835 6836 467 468 
4 469 6836 6837 468 
4 469 470 6837 6838 
4 470 471 6838 6839 
4 6840 471 472 6839 
4 6840 6841 472 473 
4 6841 6842 473 474 
4 6842 6843 474 475 
4 6843 6844 475 476 
4 477 6844 6845 476 
4 477 478 6845 6846 
4 478 479 6846 6847 
4 6848 479 480 6847 
4 6848 6849 480 481 
4 6849 6850 481 482 
4 6850 6851 482 483 
4 6851 6852 483 484 
4 422 10 611 6463 
4 10 6852 611 484 
4 6112 6113 383 384 
4 6464 422 423 6463 
4 6113 6114 384 385 
4 6464 6465 423 424 
4 6114 6115 385 386 
4 6465 6466 424 425 
4 6115 6116 386 387 
4 6466 6467 425 426 
4 6116 6117 387 388 
4 6467 6468 426 427 
4 389 6117 6118 388 
4 6468 6469 427 428 
4 389 390 6118 6119 
4 429 6469 6470 428 
4 6120 390 391 6119 
4 429 430 6470 6471 
4 6120 391 9 572 
4 485 9 8335 572 
4 485 486 8336 8335 
4 8336 486 487 8337 
4 8338 8337 487 488 
4 8339 8338 488 489 
4 8340 8339 489 490 
4 8341 8340 490 491 
4 8342 8341 491 492 
4 493 8343 8342 492 
4 493 494 8344 8343 
4 8344 494 495 8345 
4 8346 8345 495 496 
4 8347 8346 496 497 
4 8348 8347 497 498 
4 8349 8348 498 499 
4 8350 8349 499 500 
4 501 8351 8350 500 
4 501 502 8352 8351 
4 8352 502 503 8353 
4 8354 8353 503 504 
4 8355 8354 504 505 
4 8356 8355 505 506 
4 8357 8356 506 507 
4 8358 8357 507 508 
4 509 8359 8358 508 
4 509 510 8360 8359 
4 8360 510 511 8361 
4 8362 8361 511 512 
4 8363 8362 512 513 
4 8364 8363 513 514 
4 8365 8364 514 515 
4 8366 8365 515 516 
4 517 8367 8366 516 
4 517 518 8368 8367 
4 8368 518 519 8369 
4 8369 519 520 8370 
4 8371 8370 520 521 
4 8371 521 522 8372 
4 8373 8372 522 523 
4 430 11 659 6471 
4 659 11 8373 523 
4 525 6121 6112 524 
4 525 6853 6814 524 
4 6854 6853 6814 6815 
4 6816 6855 6854 6815 
4 6816 6817 6856 6855 
4 6856 6817 6818 6857 
4 6857 6818 6819 6858 
4 6859 6858 6819 6820 
4 6859 6820 6821 6860 
4 6861 6860 6821 6822 
4 6862 6861 6822 6823 
4 6824 6863 6862 6823 
4 6824 6825 6864 6863 
4 6864 6825 6865 6826 
4 6865 6826 6827 6866 
4 6866 6827 6867 6828 
4 6867 6828 6829 6868 
4 6868 6829 6869 6830 
4 6870 6869 6830 6831 
4 6871 6832 6870 6831 
4 6832 6833 6872 6871 
4 6872 6833 6873 6834 
4 6873 6834 6835 6874 
4 6874 6835 6875 6836 
4 6875 6836 6837 6876 
4 6838 6876 6837 6877 
4 6878 6877 6838 6839 
4 6879 6840 6878 6839 
4 6840 6841 6880 6879 
4 6880 6841 6881 6842 
4 6881 6842 6843 6882 
4 6882 6843 6883 6844 
4 6883 6844 6845 6884 
4 6846 6884 6845 6885 
4 6886 6885 6846 6847 
4 6887 6848 6886 6847 
4 6848 6849 6888 6887 
4 6888 6849 6889 6850 
4 6889 6850 6851 6890 
4 6890 6851 6891 6852 
4 6472 6463 611 612 
4 6891 6852 611 612 
4 6112 6121 6122 6113 
4 6472 6473 6464 6463 
4 6113 6122 6123 6114 
4 6464 6473 6474 6465 
4 6114 6123 6124 6115 
4 6466 6465 6474 6475 
4 6115 6124 6125 6116 
4 6466 6475 6476 6467 
4 6116 6125 6126 6117 
4 6468 6467 6476 6477 
4 6118 6117 6126 6127 
4 6468 6477 6478 6469 
4 6128 6119 6118 6127 
4 6470 6469 6478 6479 
4 6128 6129 6120 6119 
4 6480 6471 6470 6479 
4 6120 6129 572 573 
4 573 8335 8374 572 
4 8336 8375 8374 8335 
4 8336 8337 8376 8375 
4 8376 8337 8338 8377 
4 8377 8338 8339 8378 
4 8379 8378 8339 8340 
4 8379 8340 8341 8380 
4 8381 8380 8341 8342 
4 8382 8381 8342 8343 
4 8344 8383 8382 8343 
4 8344 8345 8384 8383 
4 8384 8345 8346 8385 
4 8385 8346 8347 8386 
4 8387 8386 8347 8348 
4 8387 8348 8349 8388 
4 8389 8388 8349 8350 
4 8390 8389 8350 8351 
4 8352 8391 8390 8351 
4 8352 8353 8392 8391 
4 8392 8353 8354 8393 
4 8393 8354 8355 8394 
4 8395 8394 8355 8356 
4 8395 8356 8357 8396 
4 8397 8396 8357 8358 
4 8398 8397 8358 8359 
4 8360 8399 8398 8359 
4 8360 8361 8400 8399 
4 8400 8361 8362 8401 
4 8401 8362 8363 8402 
4 8402 8363 8364 8403 
4 8403 8364 8365 8404 
4 8405 8404 8365 8366 
4 8406 8405 8366 8367 
4 8368 8407 8406 8367 
4 8368 8369 8408 8407 
4 8408 8369 8370 8409 
4 8409 8370 8371 8410 
4 8410 8371 8372 8411 
4 8411 8372 8373 8412 
4 6480 660 659 6471 
4 8412 8373 659 660 
4 525 526 6130 6121 
4 525 526 6892 6853 
4 6854 6892 6853 6893 
4 6894 6893 6854 6855 
4 6895 6856 6894 6855 
4 6856 6857 6896 6895 
4 6896 6857 6858 6897 
4 6897 6858 6859 6898 
4 6899 6898 6859 6860 
4 6900 6899 6860 6861 
4 6901 6900 6861 6862 
4 6902 6901 6862 6863 
4 6864 6903 6902 6863 
4 6864 6865 6904 6903 
4 6904 6865 6866 6905 
4 6905 6866 6867 6906 
4 6907 6906 6867 6868 
4 6908 6907 6868 6869 
4 6909 6908 6869 6870 
4 6910 6909 6870 6871 
4 6872 6911 6910 6871 
4 6872 6873 6912 6911 
4 6912 6873 6874 6913 
4 6913 6874 6875 6914 
4 6915 6914 6875 6876 
4 6916 6915 6876 6877 
4 6917 6916 6877 6878 
4 6918 6917 6878 6879 
4 6880 6919 6918 6879 
4 6880 6881 6920 6919 
4 6920 6881 6882 6921 
4 6921 6882 6883 6922 
4 6923 6922 6883 6884 
4 6924 6923 6884 6885 
4 6925 6924 6885 6886 
4 6926 6925 6886 6887 
4 6888 6927 6926 6887 
4 6888 6889 6928 6927 
4 6928 6889 6929 6890 
4 6929 6890 6891 6930 
4 613 6481 6472 612 
4 613 6930 6891 612 
4 6121 6130 6131 6122 
4 6472 6481 6482 6473 
4 6122 6131 6132 6123 
4 6474 6473 6482 6483 
4 6123 6132 6133 6124 
4 6474 6483 6484 6475 
4 6124 6133 6134 6125 
4 6476 6475 6484 6485 
4 6126 6125 6134 6135 
4 6476 6485 6486 6477 
4 6136 6127 6126 6135 
4 6478 6477 6486 6487 
4 6136 6137 6128 6127 
4 6488 6479 6478 6487 
4 6128 6137 6138 6129 
4 6488 6489 6480 6479 
4 573 6129 6138 574 
4 573 574 8413 8374 
4 8414 8413 8374 8375 
4 8376 8415 8414 8375 
4 8376 8377 8416 8415 
4 8416 8377 8378 8417 
4 8417 8378 8379 8418 
4 8418 8379 8380 8419 
4 8419 8380 8381 8420 
4 8421 8420 8381 8382 
4 8422 8421 8382 8383 
4 8384 8423 8422 8383 
4 8384 8385 8424 8423 
4 8424 8385 8386 8425 
4 8425 8386 8387 8426 
4 8426 8387 8388 8427 
4 8427 8388 8389 8428 
4 8429 8428 8389 8390 
4 8430 8429 8390 8391 
4 8392 8431 8430 8391 
4 8392 8393 8432 8431 
4 8432 8393 8394 8433 
4 8433 8394 8395 8434 
4 8435 8434 8395 8396 
4 8436 8435 8396 8397 
4 8437 8436 8397 8398 
4 8438 8437 8398 8399 
4 8400 8439 8438 8399 
4 8400 8401 8440 8439 
4 8440 8401 8402 8441 
4 8441 8402 8403 8442 
4 8443 8442 8403 8404 
4 8444 8443 8404 8405 
4 8445 8444 8405 8406 
4 8446 8445 8406 8407 
4 8408 8447 8446 8407 
4 8408 8409 8448 8447 
4 8448 8409 8410 8449 
4 8449 8410 8411 8450 
4 8451 8450 8411 8412 
4 6480 6489 661 660 
4 661 8451 8412 660 
4 526 527 6139 6130 
4 526 527 6931 6892 
4 6932 6931 6892 6893 
4 6894 6932 6893 6933 
4 6934 6933 6894 6895 
4 6935 6896 6934 6895 
4 6896 6897 6936 6935 
4 6936 6897 6937 6898 
4 6937 6898 6899 6938 
4 6900 6938 6899 6939 
4 6940 6939 6900 6901 
4 6902 6940 6901 6941 
4 6942 6941 6902 6903 
4 6943 6904 6942 6903 
4 6904 6905 6944 6943 
4 6944 6905 6945 6906 
4 6945 6906 6907 6946 
4 6908 6946 6907 6947 
4 6948 6947 6908 6909 
4 6910 6948 6909 6949 
4 6950 6949 6910 6911 
4 6951 6912 6950 6911 
4 6912 6913 6952 6951 
4 6952 6913 6953 6914 
4 6953 6914 6915 6954 
4 6916 6954 6915 6955 
4 6956 6955 6916 6917 
4 6918 6956 6917 6957 
4 6958 6957 6918 6919 
4 6959 6920 6958 6919 
4 6920 6921 6960 6959 
4 6960 6921 6922 6961 
4 6962 6961 6922 6923 
4 6962 6923 6924 6963 
4 6964 6963 6924 6925 
4 6964 6925 6926 6965 
4 6966 6965 6926 6927 
4 6928 6967 6966 6927 
4 6928 6929 6968 6967 
4 6968 6929 6930 6969 
4 613 614 6490 6481 
4 613 6969 6930 614 
4 6131 6130 6139 6140 
4 6481 6490 6491 6482 
4 6132 6131 6140 6141 
4 6482 6491 6492 6483 
4 6133 6132 6141 6142 
4 6484 6483 6492 6493 
4 6134 6133 6142 6143 
4 6485 6484 6493 6494 
4 6144 6135 6134 6143 
4 6486 6485 6494 6495 
4 6144 6145 6136 6135 
4 6496 6487 6486 6495 
4 6136 6145 6146 6137 
4 6496 6497 6488 6487 
4 6137 6146 6147 6138 
4 6488 6497 6498 6489 
4 575 6138 6147 574 
4 574 575 8452 8413 
4 8453 8452 8413 8414 
4 8454 8453 8414 8415 
4 8416 8455 8454 8415 
4 8416 8417 8456 8455 
4 8456 8417 8418 8457 
4 8457 8418 8419 8458 
4 8459 8458 8419 8420 
4 8460 8459 8420 8421 
4 8461 8460 8421 8422 
4 8462 8461 8422 8423 
4 8424 8463 8462 8423 
4 8424 8425 8464 8463 
4 8464 8425 8426 8465 
4 8465 8426 8427 8466 
4 8467 8466 8427 8428 
4 8468 8467 8428 8429 
4 8469 8468 8429 8430 
4 8470 8469 8430 8431 
4 8432 8471 8470 8431 
4 8432 8433 8472 8471 
4 8472 8433 8434 8473 
4 8473 8434 8435 8474 
4 8475 8474 8435 8436 
4 8476 8475 8436 8437 
4 8477 8476 8437 8438 
4 8478 8477 8438 8439 
4 8440 8479 8478 8439 
4 8440 8441 8480 8479 
4 8480 8441 8442 8481 
4 8481 8442 8443 8482 
4 8483 8482 8443 8444 
4 8484 8483 8444 8445 
4 8485 8484 8445 8446 
4 8486 8485 8446 8447 
4 8448 8487 8486 8447 
4 8448 8449 8488 8487 
4 8488 8449 8450 8489 
4 8489 8450 8451 8490 
4 661 6489 6498 662 
4 661 662 8490 8451 
4 6139 527 528 6148 
4 6970 527 528 6931 
4 6970 6931 6932 6971 
4 6972 6971 6932 6933 
4 6972 6933 6934 6973 
4 6974 6973 6934 6935 
4 6936 6975 6974 6935 
4 6936 6937 6976 6975 
4 6976 6937 6938 6977 
4 6978 6977 6938 6939 
4 6978 6939 6940 6979 
4 6980 6979 6940 6941 
4 6980 6941 6942 6981 
4 6982 6981 6942 6943 
4 6944 6983 6982 6943 
4 6944 6945 6984 6983 
4 6984 6945 6946 6985 
4 6986 6985 6946 6947 
4 6986 6947 6948 6987 
4 6988 6987 6948 6949 
4 6988 6949 6950 6989 
4 6990 6989 6950 6951 
4 6952 6991 6990 6951 
4 6952 6953 6992 6991 
4 6992 6953 6954 6993 
4 6993 6954 6955 6994 
4 6994 6955 6956 6995 
4 6996 6995 6956 6957 
4 6997 6996 6957 6958 
4 6998 6997 6958 6959 
4 6960 6999 6998 6959 
4 6960 6961 7000 6999 
4 7000 6961 6962 7001 
4 7001 6962 6963 7002 
4 7002 6963 6964 7003 
4 7004 7003 6964 6965 
4 7005 7004 6965 6966 
4 7006 7005 6966 6967 
4 6968 7007 7006 6967 
4 6968 6969 7008 7007 
4 614 615 6499 6490 
4 7008 6969 615 614 
4 6140 6139 6148 6149 
4 6490 6499 6500 6491 
4 6141 6140 6149 6150 
4 6492 6491 6500 6501 
4 6142 6141 6150 6151 
4 6493 6492 6501 6502 
4 6152 6143 6142 6151 
4 6494 6493 6502 6503 
4 6152 6153 6144 6143 
4 6504 6495 6494 6503 
4 6144 6153 6154 6145 
4 6504 6505 6496 6495 
4 6145 6154 6155 6146 
4 6496 6505 6506 6497 
4 6147 6146 6155 6156 
4 6497 6506 6507 6498 
4 575 6147 6156 576 
4 8491 575 576 8452 
4 8492 8491 8452 8453 
4 8493 8492 8453 8454 
4 8494 8493 8454 8455 
4 8456 8495 8494 8455 
4 8456 8457 8496 8495 
4 8496 8457 8458 8497 
4 8498 8497 8458 8459 
4 8498 8459 8460 8499 
4 8500 8499 8460 8461 
4 8500 8461 8462 8501 
4 8502 8501 8462 8463 
4 8464 8503 8502 8463 
4 8464 8465 8504 8503 
4 8504 8465 8466 8505 
4 8506 8505 8466 8467 
4 8506 8467 8468 8507 
4 8508 8507 8468 8469 
4 8508 8469 8470 8509 
4 8510 8509 8470 8471 
4 8472 8511 8510 8471 
4 8472 8473 8512 8511 
4 8512 8473 8474 8513 
4 8514 8513 8474 8475 
4 8514 8475 8476 8515 
4 8516 8515 8476 8477 
4 8516 8477 8478 8517 
4 8518 8517 8478 8479 
4 8480 8519 8518 8479 
4 8480 8481 8520 8519 
4 8520 8481 8482 8521 
4 8522 8521 8482 8483 
4 8522 8483 8484 8523 
4 8524 8523 8484 8485 
4 8524 8485 8486 8525 
4 8526 8525 8486 8487 
4 8488 8527 8526 8487 
4 8488 8489 8528 8527 
4 8528 8489 8490 8529 
4 662 6498 6507 663 
4 8529 8490 663 662 
4 6148 528 529 6157 
4 7009 6970 528 529 
4 7009 6970 6971 7010 
4 7010 6971 6972 7011 
4 7012 7011 6972 6973 
4 7013 7012 6973 6974 
4 7014 7013 6974 6975 
4 6976 7015 7014 6975 
4 6976 6977 7016 7015 
4 7016 6977 6978 7017 
4 7017 6978 6979 7018 
4 7018 6979 6980 7019 
4 7020 7019 6980 6981 
4 7021 7020 6981 6982 
4 7022 7021 6982 6983 
4 6984 7023 7022 6983 
4 6984 6985 7024 7023 
4 7024 6985 6986 7025 
4 7025 6986 6987 7026 
4 7026 6987 6988 7027 
4 7027 6988 6989 7028 
4 7029 7028 6989 6990 
4 7030 7029 6990 6991 
4 6992 7031 7030 6991 
4 6992 6993 7032 7031 
4 7032 6993 6994 7033 
4 7033 6994 6995 7034 
4 7034 6995 6996 7035 
4 7035 6996 6997 7036 
4 7037 7036 6997 6998 
4 7038 7037 6998 6999 
4 7000 7039 7038 6999 
4 7000 7001 7040 7039 
4 7040 7001 7002 7041 
4 7041 7002 7003 7042 
4 7042 7003 7004 7043 
4 7043 7004 7005 7044 
4 7045 7044 7005 7006 
4 7046 7045 7006 7007 
4 7008 7047 7046 7007 
4 615 616 6508 6499 
4 7008 615 616 7047 
4 6149 6148 6157 6158 
4 6500 6499 6508 6509 
4 6150 6149 6158 6159 
4 6501 6500 6509 6510 
4 6160 6151 6150 6159 
4 6502 6501 6510 6511 
4 6160 6161 6152 6151 
4 6512 6503 6502 6511 
4 6152 6161 6162 6153 
4 6512 6513 6504 6503 
4 6153 6162 6163 6154 
4 6504 6513 6514 6505 
4 6155 6154 6163 6164 
4 6505 6514 6515 6506 
4 6156 6155 6164 6165 
4 6506 6515 6516 6507 
4 577 6156 6165 576 
4 8491 8530 576 577 
4 8530 8491 8492 8531 
4 8532 8531 8492 8493 
4 8533 8532 8493 8494 
4 8534 8533 8494 8495 
4 8496 8535 8534 8495 
4 8496 8497 8536 8535 
4 8536 8497 8498 8537 
4 8537 8498 8499 8538 
4 8538 8499 8500 8539 
4 8540 8539 8500 8501 
4 8541 8540 8501 8502 
4 8542 8541 8502 8503 
4 8504 8543 8542 8503 
4 8504 8505 8544 8543 
4 8544 8505 8506 8545 
4 8545 8506 8507 8546 
4 8546 8507 8508 8547 
4 8548 8547 8508 8509 
4 8549 8548 8509 8510 
4 8550 8549 8510 8511 
4 8512 8551 8550 8511 
4 8512 8513 8552 8551 
4 8552 8513 8514 8553 
4 8553 8514 8515 8554 
4 8554 8515 8516 8555 
4 8556 8555 8516 8517 
4 8557 8556 8517 8518 
4 8558 8557 8518 8519 
4 8520 8559 8558 8519 
4 8520 8521 8560 8559 
4 8560 8521 8522 8561 
4 8561 8522 8523 8562 
4 8562 8523 8524 8563 
4 8564 8563 8524 8525 
4 8565 8564 8525 8526 
4 8566 8565 8526 8527 
4 8528 8567 8566 8527 
4 8528 8529 8568 8567 
4 664 663 6507 6516 
4 8568 8529 663 664 
4 6157 529 530 6166 
4 7048 7009 529 530 
4 7048 7009 7010 7049 
4 7049 7010 7011 7050 
4 7050 7011 7012 7051 
4 7051 7012 7013 7052 
4 7053 7052 7013 7014 
4 7054 7053 7014 7015 
4 7016 7055 7054 7015 
4 7016 7056 7017 7055 
4 7056 7017 7018 7057 
4 7057 7018 7058 7019 
4 7059 7058 7019 7020 
4 7021 7059 7020 7060 
4 7061 7060 7021 7022 
4 7023 7061 7022 7062 
4 7024 7063 7062 7023 
4 7024 7064 7025 7063 
4 7064 7025 7026 7065 
4 7065 7026 7066 7027 
4 7067 7066 7027 7028 
4 7029 7067 7028 7068 
4 7069 7068 7029 7030 
4 7031 7069 7030 7070 
4 7032 7071 7070 7031 
4 7032 7072 7033 7071 
4 7072 7033 7034 7073 
4 7073 7034 7074 7035 
4 7075 7074 7035 7036 
4 7037 7075 7036 7076 
4 7077 7076 7037 7038 
4 7039 7077 7038 7078 
4 7040 7079 7078 7039 
4 7040 7080 7041 7079 
4 7080 7041 7042 7081 
4 7081 7042 7082 7043 
4 7083 7082 7043 7044 
4 7045 7083 7044 7084 
4 7085 7084 7045 7046 
4 7047 7085 7046 7086 
4 6508 616 617 6517 
4 616 617 7086 7047 
4 6158 6157 6166 6167 
4 6509 6508 6517 6518 
4 6168 6159 6158 6167 
4 6510 6509 6518 6519 
4 6168 6169 6160 6159 
4 6520 6511 6510 6519 
4 6160 6169 6170 6161 
4 6520 6521 6512 6511 
4 6161 6170 6171 6162 
4 6512 6521 6522 6513 
4 6162 6171 6172 6163 
4 6513 6522 6523 6514 
4 6164 6163 6172 6173 
4 6514 6523 6524 6515 
4 6165 6164 6173 6174 
4 6515 6524 6525 6516 
4 578 577 6165 6174 
4 8569 8530 577 578 
4 8569 8530 8531 8570 
4 8570 8531 8532 8571 
4 8572 8571 8532 8533 
4 8573 8572 8533 8534 
4 8574 8573 8534 8535 
4 8536 8575 8574 8535 
4 8536 8537 8576 8575 
4 8576 8537 8538 8577 
4 8577 8538 8539 8578 
4 8578 8539 8540 8579 
4 8580 8579 8540 8541 
4 8581 8580 8541 8542 
4 8582 8581 8542 8543 
4 8544 8583 8582 8543 
4 8544 8545 8584 8583 
4 8584 8545 8546 8585 
4 8585 8546 8547 8586 
4 8586 8547 8548 8587 
4 8588 8587 8548 8549 
4 8589 8588 8549 8550 
4 8590 8589 8550 8551 
4 8552 8591 8590 8551 
4 8552 8553 8592 8591 
4 8592 8553 8554 8593 
4 8594 8593 8554 8555 
4 8595 8594 8555 8556 
4 8596 8595 8556 8557 
4 8597 8596 8557 8558 
4 8598 8597 8558 8559 
4 8560 8599 8598 8559 
4 8560 8561 8600 8599 
4 8600 8561 8562 8601 
4 8602 8601 8562 8563 
4 8603 8602 8563 8564 
4 8604 8603 8564 8565 
4 8605 8604 8565 8566 
4 8606 8605 8566 8567 
4 8568 8607 8606 8567 
4 664 6516 6525 665 
4 8568 664 665 8607 
4 6166 530 531 6175 
4 7048 530 531 7087 
4 7048 7049 7088 7087 
4 7088 7049 7050 7089 
4 7089 7050 7051 7090 
4 7091 7090 7051 7052 
4 7091 7052 7053 7092 
4 7093 7092 7053 7054 
4 7094 7093 7054 7055 
4 7056 7095 7094 7055 
4 7056 7057 7096 7095 
4 7096 7057 7058 7097 
4 7097 7058 7059 7098 
4 7099 7098 7059 7060 
4 7099 7060 7061 7100 
4 7101 7100 7061 7062 
4 7102 7101 7062 7063 
4 7064 7103 7102 7063 
4 7064 7065 7104 7103 
4 7104 7065 7066 7105 
4 7105 7066 7067 7106 
4 7107 7106 7067 7068 
4 7107 7068 7069 7108 
4 7109 7108 7069 7070 
4 7110 7109 7070 7071 
4 7072 7111 7110 7071 
4 7072 7073 7112 7111 
4 7112 7073 7074 7113 
4 7113 7074 7075 7114 
4 7115 7114 7075 7076 
4 7115 7076 7077 7116 
4 7117 7116 7077 7078 
4 7118 7117 7078 7079 
4 7080 7119 7118 7079 
4 7080 7081 7120 7119 
4 7120 7081 7082 7121 
4 7121 7082 7083 7122 
4 7122 7083 7084 7123 
4 7123 7084 7085 7124 
4 7124 7085 7086 7125 
4 6517 617 618 6526 
4 618 617 7125 7086 
4 6176 6167 6166 6175 
4 6518 6517 6526 6527 
4 6176 6177 6168 6167 
4 6528 6519 6518 6527 
4 6168 6177 6178 6169 
4 6528 6529 6520 6519 
4 6169 6178 6179 6170 
4 6520 6529 6530 6521 
4 6170 6179 6180 6171 
4 6521 6530 6531 6522 
4 6172 6171 6180 6181 
4 6522 6531 6532 6523 
4 6173 6172 6181 6182 
4 6523 6532 6533 6524 
4 6174 6173 6182 6183 
4 6525 6524 6533 6534 
4 578 579 6174 6183 
4 8608 8569 578 579 
4 8608 8569 8570 8609 
4 8610 8609 8570 8571 
4 8611 8610 8571 8572 
4 8612 8611 8572 8573 
4 8613 8612 8573 8574 
4 8614 8613 8574 8575 
4 8576 8615 8614 8575 
4 8576 8577 8616 8615 
4 8616 8577 8578 8617 
4 8618 8617 8578 8579 
4 8619 8618 8579 8580 
4 8620 8619 8580 8581 
4 8621 8620 8581 8582 
4 8622 8621 8582 8583 
4 8584 8623 8622 8583 
4 8584 8585 8624 8623 
4 8624 8585 8586 8625 
4 8625 8586 8587 8626 
4 8627 8626 8587 8588 
4 8627 8588 8589 8628 
4 8629 8628 8589 8590 
4 8630 8629 8590 8591 
4 8592 8631 8630 8591 
4 8592 8593 8632 8631 
4 8632 8593 8594 8633 
4 8633 8594 8595 8634 
4 8635 8634 8595 8596 
4 8635 8596 8597 8636 
4 8637 8636 8597 8598 
4 8638 8637 8598 8599 
4 8600 8639 8638 8599 
4 8600 8601 8640 8639 
4 8640 8601 8602 8641 
4 8641 8602 8603 8642 
4 8643 8642 8603 8604 
4 8643 8604 8605 8644 
4 8645 8644 8605 8606 
4 8646 8645 8606 8607 
4 666 665 6525 6534 
4 665 666 8646 8607 
4 6184 6175 531 532 
4 7126 7087 531 532 
4 7088 7127 7126 7087 
4 7088 7089 7128 7127 
4 7128 7089 7090 7129 
4 7129 7090 7091 7130 
4 7130 7091 7092 7131 
4 7131 7092 7093 7132 
4 7132 7093 7094 7133 
4 7134 7133 7094 7095 
4 7096 7135 7134 7095 
4 7096 7097 7136 7135 
4 7136 7097 7098 7137 
4 7137 7098 7099 7138 
4 7138 7099 7100 7139 
4 7139 7100 7101 7140 
4 7140 7101 7102 7141 
4 7142 7141 7102 7103 
4 7104 7143 7142 7103 
4 7104 7105 7144 7143 
4 7144 7105 7106 7145 
4 7145 7106 7107 7146 
4 7146 7107 7108 7147 
4 7147 7108 7109 7148 
4 7148 7109 7110 7149 
4 7150 7149 7110 7111 
4 7112 7151 7150 7111 
4 7112 7113 7152 7151 
4 7152 7113 7114 7153 
4 7153 7114 7115 7154 
4 7155 7154 7115 7116 
4 7156 7155 7116 7117 
4 7157 7156 7117 7118 
4 7158 7157 7118 7119 
4 7120 7159 7158 7119 
4 7120 7121 7160 7159 
4 7160 7121 7122 7161 
4 7161 7122 7123 7162 
4 7163 7162 7123 7124 
4 7164 7163 7124 7125 
4 6526 618 619 6535 
4 618 7164 7125 619 
4 6184 6185 6176 6175 
4 6536 6527 6526 6535 
4 6176 6185 6186 6177 
4 6536 6537 6528 6527 
4 6177 6186 6187 6178 
4 6528 6537 6538 6529 
4 6178 6187 6188 6179 
4 6529 6538 6539 6530 
4 6180 6179 6188 6189 
4 6530 6539 6540 6531 
4 6181 6180 6189 6190 
4 6531 6540 6541 6532 
4 6182 6181 6190 6191 
4 6533 6532 6541 6542 
4 6192 6183 6182 6191 
4 6534 6533 6542 6543 
4 6192 580 579 6183 
4 8608 8647 579 580 
4 8608 8609 8648 8647 
4 8648 8609 8610 8649 
4 8649 8610 8611 8650 
4 8651 8650 8611 8612 
4 8651 8612 8613 8652 
4 8653 8652 8613 8614 
4 8654 8653 8614 8615 
4 8616 8655 8654 8615 
4 8616 8617 8656 8655 
4 8656 8617 8618 8657 
4 8657 8618 8619 8658 
4 8658 8619 8620 8659 
4 8659 8620 8621 8660 
4 8661 8660 8621 8622 
4 8662 8661 8622 8623 
4 8624 8663 8662 8623 
4 8624 8625 8664 8663 
4 8664 8625 8626 8665 
4 8665 8626 8627 8666 
4 8666 8627 8628 8667 
4 8667 8628 8629 8668 
4 8669 8668 8629 8630 
4 8670 8669 8630 8631 
4 8632 8671 8670 8631 
4 8632 8633 8672 8671 
4 8672 8633 8634 8673 
4 8673 8634 8635 8674 
4 8674 8635 8636 8675 
4 8675 8636 8637 8676 
4 8677 8676 8637 8638 
4 8678 8677 8638 8639 
4 8640 8679 8678 8639 
4 8640 8641 8680 8679 
4 8680 8641 8642 8681 
4 8681 8642 8643 8682 
4 8682 8643 8644 8683 
4 8683 8644 8645 8684 
4 8685 8684 8645 8646 
4 667 666 6534 6543 
4 667 666 8685 8646 
4 533 6193 6184 532 
4 533 7165 7126 532 
4 7166 7165 7126 7127 
4 7128 7167 7166 7127 
4 7128 7129 7168 7167 
4 7168 7129 7130 7169 
4 7169 7130 7131 7170 
4 7171 7170 7131 7132 
4 7172 7171 7132 7133 
4 7173 7172 7133 7134 
4 7174 7173 7134 7135 
4 7136 7175 7174 7135 
4 7136 7137 7176 7175 
4 7176 7137 7138 7177 
4 7177 7138 7139 7178 
4 7179 7178 7139 7140 
4 7180 7179 7140 7141 
4 7181 7180 7141 7142 
4 7182 7181 7142 7143 
4 7144 7183 7182 7143 
4 7144 7145 7184 7183 
4 7184 7145 7185 7146 
4 7185 7146 7147 7186 
4 7186 7147 7187 7148 
4 7188 7187 7148 7149 
4 7150 7188 7149 7189 
4 7190 7189 7150 7151 
4 7191 7152 7190 7151 
4 7152 7153 7192 7191 
4 7192 7153 7193 7154 
4 7193 7154 7155 7194 
4 7156 7194 7155 7195 
4 7196 7195 7156 7157 
4 7158 7196 7157 7197 
4 7198 7197 7158 7159 
4 7199 7160 7198 7159 
4 7160 7161 7200 7199 
4 7200 7161 7201 7162 
4 7201 7162 7163 7202 
4 7164 7202 7163 7203 
4 6544 6535 619 620 
4 7203 7164 619 620 
4 6184 6193 6194 6185 
4 6544 6545 6536 6535 
4 6185 6194 6195 6186 
4 6536 6545 6546 6537 
4 6186 6195 6196 6187 
4 6537 6546 6547 6538 
4 6188 6187 6196 6197 
4 6538 6547 6548 6539 
4 6189 6188 6197 6198 
4 6539 6548 6549 6540 
4 6190 6189 6198 6199 
4 6541 6540 6549 6550 
4 6200 6191 6190 6199 
4 6542 6541 6550 6551 
4 6200 6201 6192 6191 
4 6552 6543 6542 6551 
4 6192 6201 580 581 
4 581 8647 8686 580 
4 8648 8687 8686 8647 
4 8648 8649 8688 8687 
4 8688 8649 8650 8689 
4 8689 8650 8651 8690 
4 8691 8690 8651 8652 
4 8692 8691 8652 8653 
4 8693 8692 8653 8654 
4 8694 8693 8654 8655 
4 8656 8695 8694 8655 
4 8656 8657 8696 8695 
4 8696 8657 8658 8697 
4 8697 8658 8659 8698 
4 8699 8698 8659 8660 
4 8700 8699 8660 8661 
4 8701 8700 8661 8662 
4 8702 8701 8662 8663 
4 8664 8703 8702 8663 
4 8664 8665 8704 8703 
4 8704 8665 8666 8705 
4 8705 8666 8667 8706 
4 8707 8706 8667 8668 
4 8708 8707 8668 8669 
4 8709 8708 8669 8670 
4 8710 8709 8670 8671 
4 8672 8711 8710 8671 
4 8672 8673 8712 8711 
4 8712 8673 8674 8713 
4 8713 8674 8675 8714 
4 8715 8714 8675 8676 
4 8716 8715 8676 8677 
4 8717 8716 8677 8678 
4 8718 8717 8678 8679 
4 8680 8719 8718 8679 
4 8680 8681 8720 8719 
4 8720 8681 8682 8721 
4 8721 8682 8683 8722 
4 8723 8722 8683 8684 
4 8724 8723 8684 8685 
4 6552 668 667 6543 
4 8724 8685 667 668 
4 533 534 6202 6193 
4 533 534 7204 7165 
4 7166 7204 7165 7205 
4 7206 7205 7166 7167 
4 7207 7168 7206 7167 
4 7168 7169 7208 7207 
4 7208 7169 7209 7170 
4 7209 7170 7171 7210 
4 7172 7210 7171 7211 
4 7212 7211 7172 7173 
4 7174 7212 7173 7213 
4 7214 7213 7174 7175 
4 7215 7176 7214 7175 
4 7176 7177 7216 7215 
4 7216 7177 7178 7217 
4 7218 7217 7178 7179 
4 7218 7179 7180 7219 
4 7220 7219 7180 7181 
4 7220 7181 7182 7221 
4 7222 7221 7182 7183 
4 7184 7223 7222 7183 
4 7184 7185 7224 7223 
4 7224 7185 7186 7225 
4 7226 7225 7186 7187 
4 7226 7187 7188 7227 
4 7228 7227 7188 7189 
4 7228 7189 7190 7229 
4 7230 7229 7190 7191 
4 7192 7231 7230 7191 
4 7192 7193 7232 7231 
4 7232 7193 7194 7233 
4 7234 7233 7194 7195 
4 7234 7195 7196 7235 
4 7236 7235 7196 7197 
4 7236 7197 7198 7237 
4 7238 7237 7198 7199 
4 7200 7239 7238 7199 
4 7200 7201 7240 7239 
4 7240 7201 7202 7241 
4 7242 7241 7202 7203 
4 621 6553 6544 620 
4 621 7242 7203 620 
4 6194 6193 6202 6203 
4 6544 6553 6554 6545 
4 6194 6203 6204 6195 
4 6545 6554 6555 6546 
4 6196 6195 6204 6205 
4 6547 6546 6555 6556 
4 6196 6205 6206 6197 
4 6548 6547 6556 6557 
4 6198 6197 6206 6207 
4 6549 6548 6557 6558 
4 6208 6199 6198 6207 
4 6550 6549 6558 6559 
4 6208 6209 6200 6199 
4 6560 6551 6550 6559 
4 6200 6209 6210 6201 
4 6560 6561 6552 6551 
4 581 6201 6210 582 
4 581 582 8725 8686 
4 8726 8725 8686 8687 
4 8688 8727 8726 8687 
4 8688 8689 8728 8727 
4 8728 8689 8690 8729 
4 8729 8690 8691 8730 
4 8731 8730 8691 8692 
4 8732 8731 8692 8693 
4 8733 8732 8693 8694 
4 8734 8733 8694 8695 
4 8696 8735 8734 8695 
4 8696 8697 8736 8735 
4 8736 8697 8698 8737 
4 8737 8698 8699 8738 
4 8739 8738 8699 8700 
4 8740 8739 8700 8701 
4 8741 8740 8701 8702 
4 8742 8741 8702 8703 
4 8704 8743 8742 8703 
4 8704 8705 8744 8743 
4 8744 8705 8706 8745 
4 8745 8706 8707 8746 
4 8747 8746 8707 8708 
4 8748 8747 8708 8709 
4 8749 8748 8709 8710 
4 8750 8749 8710 8711 
4 8712 8751 8750 8711 
4 8712 8713 8752 8751 
4 8752 8713 8714 8753 
4 8754 8753 8714 8715 
4 8754 8715 8716 8755 
4 8756 8755 8716 8717 
4 8756 8717 8718 8757 
4 8758 8757 8718 8719 
4 8720 8759 8758 8719 
4 8720 8721 8760 8759 
4 8760 8721 8722 8761 
4 8762 8761 8722 8723 
4 8762 8723 8724 8763 
4 6552 6561 669 668 
4 669 8763 8724 668 
4 6202 534 535 6211 
4 534 535 7243 7204 
4 7244 7243 7204 7205 
4 7244 7205 7206 7245 
4 7246 7245 7206 7207 
4 7208 7247 7246 7207 
4 7208 7209 7248 7247 
4 7248 7209 7210 7249 
4 7250 7249 7210 7211 
4 7250 7211 7212 7251 
4 7252 7251 7212 7213 
4 7253 7252 7213 7214 
4 7254 7253 7214 7215 
4 7216 7255 7254 7215 
4 7216 7217 7256 7255 
4 7256 7217 7218 7257 
4 7258 7257 7218 7219 
4 7258 7219 7220 7259 
4 7260 7259 7220 7221 
4 7261 7260 7221 7222 
4 7262 7261 7222 7223 
4 7224 7263 7262 7223 
4 7224 7225 7264 7263 
4 7264 7225 7226 7265 
4 7266 7265 7226 7227 
4 7266 7227 7228 7267 
4 7268 7267 7228 7229 
4 7269 7268 7229 7230 
4 7270 7269 7230 7231 
4 7232 7271 7270 7231 
4 7232 7233 7272 7271 
4 7272 7233 7234 7273 
4 7274 7273 7234 7235 
4 7274 7235 7236 7275 
4 7276 7275 7236 7237 
4 7277 7276 7237 7238 
4 7278 7277 7238 7239 
4 7240 7279 7278 7239 
4 7240 7241 7280 7279 
4 7280 7241 7242 7281 
4 621 622 6562 6553 
4 621 7281 7242 622 
4 6202 6211 6212 6203 
4 6553 6562 6563 6554 
4 6204 6203 6212 6213 
4 6555 6554 6563 6564 
4 6204 6213 6214 6205 
4 6556 6555 6564 6565 
4 6206 6205 6214 6215 
4 6557 6556 6565 6566 
4 6216 6207 6206 6215 
4 6558 6557 6566 6567 
4 6216 6217 6208 6207 
4 6568 6559 6558 6567 
4 6208 6217 6218 6209 
4 6568 6569 6560 6559 
4 6210 6209 6218 6219 
4 6560 6569 6570 6561 
4 583 6210 6219 582 
4 582 583 8764 8725 
4 8764 8725 8726 8765 
4 8766 8765 8726 8727 
4 8728 8767 8766 8727 
4 8728 8729 8768 8767 
4 8768 8729 8730 8769 
4 8770 8769 8730 8731 
4 8770 8731 8732 8771 
4 8772 8771 8732 8733 
4 8772 8733 8734 8773 
4 8774 8773 8734 8735 
4 8736 8775 8774 8735 
4 8736 8737 8776 8775 
4 8776 8737 8738 8777 
4 8778 8777 8738 8739 
4 8778 8739 8740 8779 
4 8780 8779 8740 8741 
4 8780 8741 8742 8781 
4 8782 8781 8742 8743 
4 8744 8783 8782 8743 
4 8744 8745 8784 8783 
4 8784 8745 8746 8785 
4 8785 8746 8747 8786 
4 8786 8747 8748 8787 
4 8788 8787 8748 8749 
4 8789 8788 8749 8750 
4 8790 8789 8750 8751 
4 8752 8791 8790 8751 
4 8752 8753 8792 8791 
4 8792 8753 8754 8793 
4 8793 8754 8755 8794 
4 8794 8755 8756 8795 
4 8796 8795 8756 8757 
4 8797 8796 8757 8758 
4 8798 8797 8758 8759 
4 8760 8799 8798 8759 
4 8760 8761 8800 8799 
4 8800 8761 8762 8801 
4 8801 8762 8763 8802 
4 669 6561 6570 670 
4 669 670 8802 8763 
4 535 536 6220 6211 
4 535 536 7243 7282 
4 7282 7243 7244 7283 
4 7283 7244 7245 7284 
4 7285 7284 7245 7246 
4 7286 7285 7246 7247 
4 7248 7287 7286 7247 
4 7248 7249 7288 7287 
4 7288 7249 7250 7289 
4 7289 7250 7251 7290 
4 7290 7251 7252 7291 
4 7291 7252 7253 7292 
4 7293 7292 7253 7254 
4 7294 7293 7254 7255 
4 7256 7295 7294 7255 
4 7256 7257 7296 7295 
4 7296 7257 7258 7297 
4 7297 7258 7259 7298 
4 7298 7259 7260 7299 
4 7299 7260 7261 7300 
4 7301 7300 7261 7262 
4 7302 7301 7262 7263 
4 7264 7303 7302 7263 
4 7264 7265 7304 7303 
4 7304 7265 7266 7305 
4 7305 7266 7267 7306 
4 7306 7267 7268 7307 
4 7307 7268 7269 7308 
4 7309 7308 7269 7270 
4 7310 7309 7270 7271 
4 7272 7311 7310 7271 
4 7272 7312 7273 7311 
4 7312 7273 7274 7313 
4 7313 7274 7314 7275 
4 7315 7314 7275 7276 
4 7277 7315 7276 7316 
4 7317 7316 7277 7278 
4 7279 7317 7278 7318 
4 7280 7319 7318 7279 
4 7280 7320 7281 7319 
4 622 623 6571 6562 
4 7320 7281 623 622 
4 6212 6211 6220 6221 
4 6563 6562 6571 6572 
4 6212 6221 6222 6213 
4 6564 6563 6572 6573 
4 6214 6213 6222 6223 
4 6565 6564 6573 6574 
4 6224 6215 6214 6223 
4 6566 6565 6574 6575 
4 6224 6225 6216 6215 
4 6576 6567 6566 6575 
4 6216 6225 6226 6217 
4 6576 6577 6568 6567 
4 6218 6217 6226 6227 
4 6568 6577 6578 6569 
4 6218 6227 6228 6219 
4 6569 6578 6579 6570 
4 583 6219 6228 584 
4 583 584 8764 8803 
4 8804 8803 8764 8765 
4 8805 8804 8765 8766 
4 8806 8805 8766 8767 
4 8768 8807 8806 8767 
4 8768 8769 8808 8807 
4 8808 8769 8770 8809 
4 8809 8770 8771 8810 
4 8810 8771 8772 8811 
4 8812 8811 8772 8773 
4 8813 8812 8773 8774 
4 8814 8813 8774 8775 
4 8776 8815 8814 8775 
4 8776 8777 8816 8815 
4 8816 8777 8778 8817 
4 8817 8778 8779 8818 
4 8818 8779 8780 8819 
4 8820 8819 8780 8781 
4 8821 8820 8781 8782 
4 8822 8821 8782 8783 
4 8784 8823 8822 8783 
4 8784 8785 8824 8823 
4 8824 8785 8786 8825 
4 8825 8786 8787 8826 
4 8826 8787 8788 8827 
4 8828 8827 8788 8789 
4 8829 8828 8789 8790 
4 8830 8829 8790 8791 
4 8792 8831 8830 8791 
4 8792 8793 8832 8831 
4 8832 8793 8794 8833 
4 8833 8794 8795 8834 
4 8834 8795 8796 8835 
4 8836 8835 8796 8797 
4 8837 8836 8797 8798 
4 8838 8837 8798 8799 
4 8800 8839 8838 8799 
4 8800 8801 8840 8839 
4 8840 8801 8802 8841 
4 670 6570 6579 671 
4 8841 8802 671 670 
4 6220 536 537 6229 
4 7321 7282 536 537 
4 7321 7282 7322 7283 
4 7323 7322 7283 7284 
4 7285 7323 7284 7324 
4 7325 7324 7285 7286 
4 7287 7325 7286 7326 
4 7288 7327 7326 7287 
4 7288 7328 7289 7327 
4 7328 7289 7290 7329 
4 7329 7290 7330 7291 
4 7331 7330 7291 7292 
4 7293 7331 7292 7332 
4 7333 7332 7293 7294 
4 7295 7333 7294 7334 
4 7296 7335 7334 7295 
4 7296 7336 7297 7335 
4 7336 7297 7298 7337 
4 7337 7298 7338 7299 
4 7339 7338 7299 7300 
4 7301 7339 7300 7340 
4 7341 7340 7301 7302 
4 7303 7341 7302 7342 
4 7304 7343 7342 7303 
4 7304 7305 7344 7343 
4 7344 7305 7306 7345 
4 7345 7306 7307 7346 
4 7347 7346 7307 7308 
4 7347 7308 7309 7348 
4 7349 7348 7309 7310 
4 7350 7349 7310 7311 
4 7312 7351 7350 7311 
4 7312 7313 7352 7351 
4 7352 7313 7314 7353 
4 7353 7314 7315 7354 
4 7355 7354 7315 7316 
4 7355 7316 7317 7356 
4 7357 7356 7317 7318 
4 7358 7357 7318 7319 
4 7320 7359 7358 7319 
4 6571 623 624 6580 
4 7320 623 624 7359 
4 6220 6229 6230 6221 
4 6572 6571 6580 6581 
4 6222 6221 6230 6231 
4 6573 6572 6581 6582 
4 6232 6223 6222 6231 
4 6574 6573 6582 6583 
4 6232 6233 6224 6223 
4 6584 6575 6574 6583 
4 6224 6233 6234 6225 
4 6584 6585 6576 6575 
4 6225 6234 6235 6226 
4 6576 6585 6586 6577 
4 6226 6235 6236 6227 
4 6577 6586 6587 6578 
4 6228 6227 6236 6237 
4 6579 6578 6587 6588 
4 585 6228 6237 584 
4 8842 584 585 8803 
4 8842 8803 8804 8843 
4 8844 8843 8804 8805 
4 8845 8844 8805 8806 
4 8846 8845 8806 8807 
4 8808 8847 8846 8807 
4 8808 8809 8848 8847 
4 8848 8809 8810 8849 
4 8850 8849 8810 8811 
4 8851 8850 8811 8812 
4 8852 8851 8812 8813 
4 8853 8852 8813 8814 
4 8854 8853 8814 8815 
4 8816 8855 8854 8815 
4 8816 8817 8856 8855 
4 8856 8817 8818 8857 
4 8858 8857 8818 8819 
4 8859 8858 8819 8820 
4 8860 8859 8820 8821 
4 8861 8860 8821 8822 
4 8862 8861 8822 8823 
4 8824 8863 8862 8823 
4 8824 8825 8864 8863 
4 8864 8825 8826 8865 
4 8866 8865 8826 8827 
4 8867 8866 8827 8828 
4 8868 8867 8828 8829 
4 8869 8868 8829 8830 
4 8870 8869 8830 8831 
4 8832 8871 8870 8831 
4 8832 8833 8872 8871 
4 8872 8833 8834 8873 
4 8874 8873 8834 8835 
4 8875 8874 8835 8836 
4 8876 8875 8836 8837 
4 8877 8876 8837 8838 
4 8878 8877 8838 8839 
4 8840 8879 8878 8839 
4 8840 8841 8880 8879 
4 672 671 6579 6588 
4 8880 8841 671 672 
4 6229 537 538 6238 
4 7360 7321 537 538 
4 7360 7321 7322 7361 
4 7361 7322 7323 7362 
4 7363 7362 7323 7324 
4 7363 7324 7325 7364 
4 7365 7364 7325 7326 
4 7366 7365 7326 7327 
4 7328 7367 7366 7327 
4 7328 7329 7368 7367 
4 7368 7329 7330 7369 
4 7369 7330 7331 7370 
4 7371 7370 7331 7332 
4 7371 7332 7333 7372 
4 7373 7372 7333 7334 
4 7374 7373 7334 7335 
4 7336 7375 7374 7335 
4 7336 7337 7376 7375 
4 7376 7337 7338 7377 
4 7377 7338 7339 7378 
4 7378 7339 7340 7379 
4 7379 7340 7341 7380 
4 7380 7341 7342 7381 
4 7382 7381 7342 7343 
4 7344 7383 7382 7343 
4 7344 7345 7384 7383 
4 7384 7345 7346 7385 
4 7385 7346 7347 7386 
4 7386 7347 7348 7387 
4 7387 7348 7349 7388 
4 7388 7349 7350 7389 
4 7390 7389 7350 7351 
4 7352 7391 7390 7351 
4 7352 7353 7392 7391 
4 7392 7353 7354 7393 
4 7393 7354 7355 7394 
4 7394 7355 7356 7395 
4 7395 7356 7357 7396 
4 7396 7357 7358 7397 
4 7398 7397 7358 7359 
4 624 625 6589 6580 
4 624 625 7398 7359 
4 6230 6229 6238 6239 
4 6581 6580 6589 6590 
4 6240 6231 6230 6239 
4 6582 6581 6590 6591 
4 6240 6241 6232 6231 
4 6592 6583 6582 6591 
4 6232 6241 6242 6233 
4 6592 6593 6584 6583 
4 6233 6242 6243 6234 
4 6584 6593 6594 6585 
4 6234 6243 6244 6235 
4 6585 6594 6595 6586 
4 6236 6235 6244 6245 
4 6587 6586 6595 6596 
4 6237 6236 6245 6246 
4 6587 6596 6597 6588 
4 586 585 6237 6246 
4 8881 8842 585 586 
4 8881 8842 8843 8882 
4 8883 8882 8843 8844 
4 8883 8844 8845 8884 
4 8885 8884 8845 8846 
4 8886 8885 8846 8847 
4 8848 8887 8886 8847 
4 8848 8849 8888 8887 
4 8888 8849 8850 8889 
4 8889 8850 8851 8890 
4 8891 8890 8851 8852 
4 8891 8852 8853 8892 
4 8893 8892 8853 8854 
4 8894 8893 8854 8855 
4 8856 8895 8894 8855 
4 8856 8857 8896 8895 
4 8896 8857 8858 8897 
4 8897 8858 8859 8898 
4 8899 8898 8859 8860 
4 8899 8860 8861 8900 
4 8901 8900 8861 8862 
4 8902 8901 8862 8863 
4 8864 8903 8902 8863 
4 8864 8865 8904 8903 
4 8904 8865 8866 8905 
4 8905 8866 8867 8906 
4 8907 8906 8867 8868 
4 8907 8868 8869 8908 
4 8909 8908 8869 8870 
4 8910 8909 8870 8871 
4 8872 8911 8910 8871 
4 8872 8873 8912 8911 
4 8912 8873 8874 8913 
4 8913 8874 8875 8914 
4 8914 8875 8876 8915 
4 8915 8876 8877 8916 
4 8917 8916 8877 8878 
4 8918 8917 8878 8879 
4 8880 8919 8918 8879 
4 672 6588 6597 673 
4 8880 672 673 8919 
4 6238 538 539 6247 
4 7360 538 539 7399 
4 7360 7361 7400 7399 
4 7400 7361 7362 7401 
4 7401 7362 7363 7402 
4 7402 7363 7364 7403 
4 7403 7364 7365 7404 
4 7404 7365 7366 7405 
4 7406 7405 7366 7367 
4 7368 7407 7406 7367 
4 7368 7369 7408 7407 
4 7408 7369 7370 7409 
4 7409 7370 7371 7410 
4 7411 7410 7371 7372 
4 7412 7411 7372 7373 
4 7413 7412 7373 7374 
4 7414 7413 7374 7375 
4 7376 7415 7414 7375 
4 7376 7377 7416 7415 
4 7416 7377 7378 7417 
4 7417 7378 7379 7418 
4 7419 7418 7379 7380 
4 7420 7419 7380 7381 
4 7421 7420 7381 7382 
4 7422 7421 7382 7383 
4 7384 7423 7422 7383 
4 7384 7385 7424 7423 
4 7424 7385 7386 7425 
4 7425 7386 7387 7426 
4 7427 7426 7387 7388 
4 7428 7427 7388 7389 
4 7429 7428 7389 7390 
4 7430 7429 7390 7391 
4 7392 7431 7430 7391 
4 7392 7393 7432 7431 
4 7432 7393 7394 7433 
4 7433 7394 7395 7434 
4 7435 7434 7395 7396 
4 7436 7435 7396 7397 
4 7437 7436 7397 7398 
4 6589 625 626 6598 
4 626 625 7437 7398 
4 6248 6239 6238 6247 
4 6590 6589 6598 6599 
4 6248 6249 6240 6239 
4 6600 6591 6590 6599 
4 6240 6249 6250 6241 
4 6600 6601 6592 6591 
4 6241 6250 6251 6242 
4 6592 6601 6602 6593 
4 6242 6251 6252 6243 
4 6593 6602 6603 6594 
4 6244 6243 6252 6253 
4 6595 6594 6603 6604 
4 6245 6244 6253 6254 
4 6595 6604 6605 6596 
4 6246 6245 6254 6255 
4 6597 6596 6605 6606 
4 586 587 6246 6255 
4 8920 8881 586 587 
4 8920 8881 8882 8921 
4 8921 8882 8883 8922 
4 8922 8883 8884 8923 
4 8923 8884 8885 8924 
4 8925 8924 8885 8886 
4 8926 8925 8886 8887 
4 8888 8927 8926 8887 
4 8888 8889 8928 8927 
4 8928 8889 8890 8929 
4 8929 8890 8891 8930 
4 8930 8891 8892 8931 
4 8931 8892 8893 8932 
4 8933 8932 8893 8894 
4 8934 8933 8894 8895 
4 8896 8935 8934 8895 
4 8896 8897 8936 8935 
4 8936 8897 8898 8937 
4 8937 8898 8899 8938 
4 8938 8899 8900 8939 
4 8939 8900 8901 8940 
4 8941 8940 8901 8902 
4 8942 8941 8902 8903 
4 8904 8943 8942 8903 
4 8904 8905 8944 8943 
4 8944 8905 8906 8945 
4 8945 8906 8907 8946 
4 8947 8946 8907 8908 
4 8948 8947 8908 8909 
4 8949 8948 8909 8910 
4 8950 8949 8910 8911 
4 8912 8951 8950 8911 
4 8912 8913 8952 8951 
4 8952 8913 8914 8953 
4 8953 8914 8915 8954 
4 8955 8954 8915 8916 
4 8956 8955 8916 8917 
4 8957 8956 8917 8918 
4 8958 8957 8918 8919 
4 674 673 6597 6606 
4 673 674 8958 8919 
4 6256 6247 539 540 
4 7399 7438 539 540 
4 7400 7439 7438 7399 
4 7400 7401 7440 7439 
4 7440 7401 7441 7402 
4 7441 7402 7403 7442 
4 7442 7403 7443 7404 
4 7444 7443 7404 7405 
4 7406 7444 7405 7445 
4 7446 7445 7406 7407 
4 7447 7408 7446 7407 
4 7408 7409 7448 7447 
4 7448 7409 7449 7410 
4 7449 7410 7411 7450 
4 7412 7450 7411 7451 
4 7452 7451 7412 7413 
4 7414 7452 7413 7453 
4 7454 7453 7414 7415 
4 7455 7416 7454 7415 
4 7416 7417 7456 7455 
4 7456 7417 7457 7418 
4 7457 7418 7419 7458 
4 7420 7458 7419 7459 
4 7460 7459 7420 7421 
4 7422 7460 7421 7461 
4 7462 7461 7422 7423 
4 7463 7424 7462 7423 
4 7424 7425 7464 7463 
4 7464 7425 7465 7426 
4 7465 7426 7427 7466 
4 7428 7466 7427 7467 
4 7468 7467 7428 7429 
4 7430 7468 7429 7469 
4 7470 7469 7430 7431 
4 7471 7432 7470 7431 
4 7432 7433 7472 7471 
4 7472 7433 7434 7473 
4 7474 7473 7434 7435 
4 7474 7435 7436 7475 
4 7476 7475 7436 7437 
4 6598 626 627 6607 
4 626 7476 7437 627 
4 6256 6257 6248 6247 
4 6608 6599 6598 6607 
4 6248 6257 6258 6249 
4 6608 6609 6600 6599 
4 6249 6258 6259 6250 
4 6600 6609 6610 6601 
4 6250 6259 6260 6251 
4 6601 6610 6611 6602 
4 6252 6251 6260 6261 
4 6603 6602 6611 6612 
4 6253 6252 6261 6262 
4 6603 6612 6613 6604 
4 6254 6253 6262 6263 
4 6605 6604 6613 6614 
4 6264 6255 6254 6263 
4 6606 6605 6614 6615 
4 6264 588 587 6255 
4 8920 8959 587 588 
4 8920 8921 8960 8959 
4 8960 8921 8922 8961 
4 8961 8922 8923 8962 
4 8963 8962 8923 8924 
4 8964 8963 8924 8925 
4 8965 8964 8925 8926 
4 8966 8965 8926 8927 
4 8928 8967 8966 8927 
4 8928 8929 8968 8967 
4 8968 8929 8930 8969 
4 8969 8930 8931 8970 
4 8971 8970 8931 8932 
4 8972 8971 8932 8933 
4 8973 8972 8933 8934 
4 8974 8973 8934 8935 
4 8936 8975 8974 8935 
4 8936 8937 8976 8975 
4 8976 8937 8938 8977 
4 8977 8938 8939 8978 
4 8979 8978 8939 8940 
4 8980 8979 8940 8941 
4 8981 8980 8941 8942 
4 8982 8981 8942 8943 
4 8944 8983 8982 8943 
4 8944 8945 8984 8983 
4 8984 8945 8946 8985 
4 8985 8946 8947 8986 
4 8987 8986 8947 8948 
4 8988 8987 8948 8949 
4 8989 8988 8949 8950 
4 8990 8989 8950 8951 
4 8952 8991 8990 8951 
4 8952 8953 8992 8991 
4 8992 8953 8954 8993 
4 8993 8954 8955 8994 
4 8995 8994 8955 8956 
4 8996 8995 8956 8957 
4 8997 8996 8957 8958 
4 675 674 6606 6615 
4 675 674 8997 8958 
4 541 6265 6256 540 
4 541 7477 7438 540 
4 7478 7477 7438 7439 
4 7440 7479 7478 7439 
4 7440 7441 7480 7479 
4 7480 7441 7442 7481 
4 7482 7481 7442 7443 
4 7482 7443 7444 7483 
4 7484 7483 7444 7445 
4 7484 7445 7446 7485 
4 7486 7485 7446 7447 
4 7448 7487 7486 7447 
4 7448 7449 7488 7487 
4 7488 7449 7450 7489 
4 7490 7489 7450 7451 
4 7490 7451 7452 7491 
4 7492 7491 7452 7453 
4 7492 7453 7454 7493 
4 7494 7493 7454 7455 
4 7456 7495 7494 7455 
4 7456 7457 7496 7495 
4 7496 7457 7458 7497 
4 7498 7497 7458 7459 
4 7498 7459 7460 7499 
4 7500 7499 7460 7461 
4 7500 7461 7462 7501 
4 7502 7501 7462 7463 
4 7464 7503 7502 7463 
4 7464 7465 7504 7503 
4 7504 7465 7466 7505 
4 7506 7505 7466 7467 
4 7506 7467 7468 7507 
4 7508 7507 7468 7469 
4 7509 7508 7469 7470 
4 7510 7509 7470 7471 
4 7472 7511 7510 7471 
4 7472 7473 7512 7511 
4 7512 7473 7474 7513 
4 7514 7513 7474 7475 
4 7514 7475 7476 7515 
4 6616 6607 627 628 
4 7515 7476 627 628 
4 6256 6265 6266 6257 
4 6616 6617 6608 6607 
4 6257 6266 6267 6258 
4 6608 6617 6618 6609 
4 6258 6267 6268 6259 
4 6609 6618 6619 6610 
4 6259 6268 6269 6260 
4 6610 6619 6620 6611 
4 6261 6260 6269 6270 
4 6611 6620 6621 6612 
4 6262 6261 6270 6271 
4 6612 6621 6622 6613 
4 6272 6263 6262 6271 
4 6614 6613 6622 6623 
4 6272 6273 6264 6263 
4 6624 6615 6614 6623 
4 6264 6273 589 588 
4 589 8959 8998 588 
4 8960 8999 8998 8959 
4 8960 8961 9000 8999 
4 9000 8961 8962 9001 
4 9001 8962 8963 9002 
4 9003 9002 8963 8964 
4 9004 9003 8964 8965 
4 9005 9004 8965 8966 
4 9006 9005 8966 8967 
4 8968 9007 9006 8967 
4 8968 8969 9008 9007 
4 9008 8969 8970 9009 
4 9010 9009 8970 8971 
4 9010 8971 8972 9011 
4 9012 9011 8972 8973 
4 9012 8973 8974 9013 
4 9014 9013 8974 8975 
4 8976 9015 9014 8975 
4 8976 8977 9016 9015 
4 9016 8977 8978 9017 
4 9018 9017 8978 8979 
4 9018 8979 8980 9019 
4 9020 9019 8980 8981 
4 9020 8981 8982 9021 
4 9022 9021 8982 8983 
4 8984 9023 9022 8983 
4 8984 8985 9024 9023 
4 9024 8985 8986 9025 
4 9026 9025 8986 8987 
4 9026 8987 8988 9027 
4 9028 9027 8988 8989 
4 9028 8989 8990 9029 
4 9030 9029 8990 8991 
4 8992 9031 9030 8991 
4 8992 8993 9032 9031 
4 9032 8993 8994 9033 
4 9034 9033 8994 8995 
4 9034 8995 8996 9035 
4 9036 9035 8996 8997 
4 6624 676 675 6615 
4 9036 8997 675 676 
4 541 542 6274 6265 
4 541 542 7516 7477 
4 7517 7516 7477 7478 
4 7518 7517 7478 7479 
4 7480 7519 7518 7479 
4 7480 7481 7520 7519 
4 7520 7481 7482 7521 
4 7522 7521 7482 7483 
4 7522 7483 7484 7523 
4 7524 7523 7484 7485 
4 7525 7524 7485 7486 
4 7526 7525 7486 7487 
4 7488 7527 7526 7487 
4 7488 7489 7528 7527 
4 7528 7489 7490 7529 
4 7530 7529 7490 7491 
4 7530 7491 7492 7531 
4 7532 7531 7492 7493 
4 7533 7532 7493 7494 
4 7534 7533 7494 7495 
4 7496 7535 7534 7495 
4 7496 7497 7536 7535 
4 7536 7497 7498 7537 
4 7537 7498 7499 7538 
4 7538 7499 7500 7539 
4 7539 7500 7501 7540 
4 7541 7540 7501 7502 
4 7542 7541 7502 7503 
4 7504 7543 7542 7503 
4 7504 7505 7544 7543 
4 7544 7505 7506 7545 
4 7545 7506 7507 7546 
4 7546 7507 7508 7547 
4 7547 7508 7509 7548 
4 7549 7548 7509 7510 
4 7550 7549 7510 7511 
4 7512 7551 7550 7511 
4 7512 7513 7552 7551 
4 7552 7513 7514 7553 
4 7553 7514 7515 7554 
4 629 6625 6616 628 
4 629 7554 7515 628 
4 6265 6274 6275 6266 
4 6616 6625 6626 6617 
4 6266 6275 6276 6267 
4 6617 6626 6627 6618 
4 6267 6276 6277 6268 
4 6618 6627 6628 6619 
4 6269 6268 6277 6278 
4 6619 6628 6629 6620 
4 6270 6269 6278 6279 
4 6620 6629 6630 6621 
4 6280 6271 6270 6279 
4 6622 6621 6630 6631 
4 6280 6281 6272 6271 
4 6632 6623 6622 6631 
4 6272 6281 6282 6273 
4 6632 6633 6624 6623 
4 589 6273 6282 590 
4 589 590 9037 8998 
4 9038 9037 8998 8999 
4 9000 9039 9038 8999 
4 9000 9001 9040 9039 
4 9040 9001 9002 9041 
4 9041 9002 9003 9042 
4 9042 9003 9004 9043 
4 9044 9043 9004 9005 
4 9045 9044 9005 9006 
4 9046 9045 9006 9007 
4 9008 9047 9046 9007 
4 9008 9009 9048 9047 
4 9048 9009 9010 9049 
4 9049 9010 9011 9050 
4 9050 9011 9012 9051 
4 9052 9051 9012 9013 
4 9053 9052 9013 9014 
4 9054 9053 9014 9015 
4 9016 9055 9054 9015 
4 9016 9017 9056 9055 
4 9056 9017 9018 9057 
4 9057 9018 9019 9058 
4 9058 9019 9020 9059 
4 9060 9059 9020 9021 
4 9061 9060 9021 9022 
4 9062 9061 9022 9023 
4 9024 9063 9062 9023 
4 9024 9025 9064 9063 
4 9064 9025 9026 9065 
4 9065 9026 9027 9066 
4 9066 9027 9028 9067 
4 9068 9067 9028 9029 
4 9069 9068 9029 9030 
4 9070 9069 9030 9031 
4 9032 9071 9070 9031 
4 9032 9033 9072 9071 
4 9072 9033 9034 9073 
4 9073 9034 9035 9074 
4 9074 9035 9036 9075 
4 6624 6633 677 676 
4 677 9075 9036 676 
4 542 543 6283 6274 
4 542 543 7555 7516 
4 7555 7516 7517 7556 
4 7557 7556 7517 7518 
4 7558 7557 7518 7519 
4 7520 7559 7558 7519 
4 7520 7521 7560 7559 
4 7560 7521 7522 7561 
4 7561 7522 7523 7562 
4 7562 7523 7524 7563 
4 7563 7524 7525 7564 
4 7565 7564 7525 7526 
4 7566 7565 7526 7527 
4 7528 7567 7566 7527 
4 7528 7568 7529 7567 
4 7568 7529 7530 7569 
4 7569 7530 7570 7531 
4 7571 7570 7531 7532 
4 7533 7571 7532 7572 
4 7573 7572 7533 7534 
4 7535 7573 7534 7574 
4 7536 7575 7574 7535 
4 7536 7576 7537 7575 
4 7576 7537 7538 7577 
4 7577 7538 7578 7539 
4 7579 7578 7539 7540 
4 7541 7579 7540 7580 
4 7581 7580 7541 7542 
4 7543 7581 7542 7582 
4 7544 7583 7582 7543 
4 7544 7584 7545 7583 
4 7584 7545 7546 7585 
4 7585 7546 7586 7547 
4 7587 7586 7547 7548 
4 7549 7587 7548 7588 
4 7589 7588 7549 7550 
4 7551 7589 7550 7590 
4 7552 7591 7590 7551 
4 7552 7592 7553 7591 
4 7592 7553 7554 7593 
4 629 630 6634 6625 
4 629 7593 7554 630 
4 6274 6283 6284 6275 
4 6625 6634 6635 6626 
4 6275 6284 6285 6276 
4 6626 6635 6636 6627 
4 6277 6276 6285 6286 
4 6627 6636 6637 6628 
4 6278 6277 6286 6287 
4 6628 6637 6638 6629 
4 6288 6279 6278 6287 
4 6630 6629 6638 6639 
4 6288 6289 6280 6279 
4 6640 6631 6630 6639 
4 6280 6289 6290 6281 
4 6640 6641 6632 6631 
4 6281 6290 6291 6282 
4 6632 6641 6642 6633 
4 591 590 6282 6291 
4 590 591 9076 9037 
4 9077 9076 9037 9038 
4 9078 9077 9038 9039 
4 9040 9079 9078 9039 
4 9040 9041 9080 9079 
4 9080 9041 9042 9081 
4 9081 9042 9043 9082 
4 9082 9043 9044 9083 
4 9084 9083 9044 9045 
4 9085 9084 9045 9046 
4 9086 9085 9046 9047 
4 9048 9087 9086 9047 
4 9048 9049 9088 9087 
4 9088 9049 9050 9089 
4 9089 9050 9051 9090 
4 9090 9051 9052 9091 
4 9092 9091 9052 9053 
4 9093 9092 9053 9054 
4 9094 9093 9054 9055 
4 9056 9095 9094 9055 
4 9056 9057 9096 9095 
4 9096 9057 9058 9097 
4 9097 9058 9059 9098 
4 9098 9059 9060 9099 
4 9100 9099 9060 9061 
4 9101 9100 9061 9062 
4 9102 9101 9062 9063 
4 9064 9103 9102 9063 
4 9064 9065 9104 9103 
4 9104 9065 9066 9105 
4 9105 9066 9067 9106 
4 9107 9106 9067 9068 
4 9107 9068 9069 9108 
4 9109 9108 9069 9070 
4 9110 9109 9070 9071 
4 9072 9111 9110 9071 
4 9072 9073 9112 9111 
4 9112 9073 9074 9113 
4 9113 9074 9075 9114 
4 677 6633 6642 678 
4 677 678 9114 9075 
4 543 544 6292 6283 
4 7594 543 544 7555 
4 7595 7594 7555 7556 
4 7557 7595 7556 7596 
4 7597 7596 7557 7558 
4 7559 7597 7558 7598 
4 7560 7599 7598 7559 
4 7560 7561 7600 7599 
4 7600 7561 7562 7601 
4 7601 7562 7563 7602 
4 7603 7602 7563 7564 
4 7603 7564 7565 7604 
4 7605 7604 7565 7566 
4 7606 7605 7566 7567 
4 7568 7607 7606 7567 
4 7568 7569 7608 7607 
4 7608 7569 7570 7609 
4 7609 7570 7571 7610 
4 7611 7610 7571 7572 
4 7611 7572 7573 7612 
4 7613 7612 7573 7574 
4 7614 7613 7574 7575 
4 7576 7615 7614 7575 
4 7576 7577 7616 7615 
4 7616 7577 7578 7617 
4 7617 7578 7579 7618 
4 7619 7618 7579 7580 
4 7619 7580 7581 7620 
4 7621 7620 7581 7582 
4 7622 7621 7582 7583 
4 7584 7623 7622 7583 
4 7584 7585 7624 7623 
4 7624 7585 7586 7625 
4 7625 7586 7587 7626 
4 7627 7626 7587 7588 
4 7627 7588 7589 7628 
4 7629 7628 7589 7590 
4 7630 7629 7590 7591 
4 7592 7631 7630 7591 
4 7592 7593 7632 7631 
4 630 631 6643 6634 
4 7632 7593 631 630 
4 6283 6292 6293 6284 
4 6634 6643 6644 6635 
4 6285 6284 6293 6294 
4 6635 6644 6645 6636 
4 6286 6285 6294 6295 
4 6636 6645 6646 6637 
4 6296 6287 6286 6295 
4 6638 6637 6646 6647 
4 6296 6297 6288 6287 
4 6648 6639 6638 6647 
4 6288 6297 6298 6289 
4 6648 6649 6640 6639 
4 6289 6298 6299 6290 
4 6640 6649 6650 6641 
4 6291 6290 6299 6300 
4 6641 6650 6651 6642 
4 591 6291 6300 592 
4 9115 591 592 9076 
4 9115 9076 9077 9116 
4 9117 9116 9077 9078 
4 9118 9117 9078 9079 
4 9080 9119 9118 9079 
4 9080 9081 9120 9119 
4 9120 9081 9082 9121 
4 9121 9082 9083 9122 
4 9123 9122 9083 9084 
4 9123 9084 9085 9124 
4 9125 9124 9085 9086 
4 9126 9125 9086 9087 
4 9088 9127 9126 9087 
4 9088 9089 9128 9127 
4 9128 9089 9090 9129 
4 9129 9090 9091 9130 
4 9131 9130 9091 9092 
4 9131 9092 9093 9132 
4 9133 9132 9093 9094 
4 9134 9133 9094 9095 
4 9096 9135 9134 9095 
4 9096 9097 9136 9135 
4 9136 9097 9098 9137 
4 9137 9098 9099 9138 
4 9139 9138 9099 9100 
4 9139 9100 9101 9140 
4 9141 9140 9101 9102 
4 9142 9141 9102 9103 
4 9104 9143 9142 9103 
4 9104 9105 9144 9143 
4 9144 9105 9106 9145 
4 9145 9106 9107 9146 
4 9147 9146 9107 9108 
4 9147 9108 9109 9148 
4 9149 9148 9109 9110 
4 9150 9149 9110 9111 
4 9112 9151 9150 9111 
4 9112 9113 9152 9151 
4 9152 9113 9114 9153 
4 678 6642 6651 679 
4 9153 9114 679 678 
4 6292 544 545 6301 
4 7633 7594 544 545 
4 7633 7594 7595 7634 
4 7634 7595 7596 7635 
4 7635 7596 7597 7636 
4 7636 7597 7598 7637 
4 7638 7637 7598 7599 
4 7600 7639 7638 7599 
4 7600 7601 7640 7639 
4 7640 7601 7602 7641 
4 7641 7602 7603 7642 
4 7642 7603 7604 7643 
4 7643 7604 7605 7644 
4 7644 7605 7606 7645 
4 7646 7645 7606 7607 
4 7608 7647 7646 7607 
4 7608 7609 7648 7647 
4 7648 7609 7610 7649 
4 7649 7610 7611 7650 
4 7650 7611 7612 7651 
4 7651 7612 7613 7652 
4 7652 7613 7614 7653 
4 7654 7653 7614 7615 
4 7616 7655 7654 7615 
4 7616 7617 7656 7655 
4 7656 7617 7618 7657 
4 7657 7618 7619 7658 
4 7658 7619 7620 7659 
4 7659 7620 7621 7660 
4 7660 7621 7622 7661 
4 7662 7661 7622 7623 
4 7624 7663 7662 7623 
4 7624 7625 7664 7663 
4 7664 7625 7626 7665 
4 7665 7626 7627 7666 
4 7667 7666 7627 7628 
4 7668 7667 7628 7629 
4 7669 7668 7629 7630 
4 7670 7669 7630 7631 
4 7632 7671 7670 7631 
4 6643 631 632 6652 
4 7632 631 632 7671 
4 6293 6292 6301 6302 
4 6644 6643 6652 6653 
4 6294 6293 6302 6303 
4 6645 6644 6653 6654 
4 6304 6295 6294 6303 
4 6646 6645 6654 6655 
4 6304 6305 6296 6295 
4 6656 6647 6646 6655 
4 6296 6305 6306 6297 
4 6656 6657 6648 6647 
4 6297 6306 6307 6298 
4 6648 6657 6658 6649 
4 6299 6298 6307 6308 
4 6649 6658 6659 6650 
4 6300 6299 6308 6309 
4 6651 6650 6659 6660 
4 593 592 6300 6309 
4 9115 9154 592 593 
4 9155 9154 9115 9116 
4 9155 9116 9117 9156 
4 9157 9156 9117 9118 
4 9158 9157 9118 9119 
4 9120 9159 9158 9119 
4 9120 9121 9160 9159 
4 9160 9121 9122 9161 
4 9161 9122 9123 9162 
4 9163 9162 9123 9124 
4 9163 9124 9125 9164 
4 9165 9164 9125 9126 
4 9166 9165 9126 9127 
4 9128 9167 9166 9127 
4 9128 9129 9168 9167 
4 9168 9129 9130 9169 
4 9169 9130 9131 9170 
4 9170 9131 9132 9171 
4 9171 9132 9133 9172 
4 9173 9172 9133 9134 
4 9174 9173 9134 9135 
4 9136 9175 9174 9135 
4 9136 9137 9176 9175 
4 9176 9137 9138 9177 
4 9177 9138 9139 9178 
4 9178 9139 9140 9179 
4 9179 9140 9141 9180 
4 9181 9180 9141 9142 
4 9182 9181 9142 9143 
4 9144 9183 9182 9143 
4 9144 9145 9184 9183 
4 9184 9145 9146 9185 
4 9185 9146 9147 9186 
4 9186 9147 9148 9187 
4 9187 9148 9149 9188 
4 9189 9188 9149 9150 
4 9190 9189 9150 9151 
4 9152 9191 9190 9151 
4 9152 9153 9192 9191 
4 680 679 6651 6660 
4 9192 9153 679 680 
4 6301 545 546 6310 
4 7672 7633 545 546 
4 7672 7633 7634 7673 
4 7673 7634 7635 7674 
4 7675 7674 7635 7636 
4 7676 7675 7636 7637 
4 7677 7676 7637 7638 
4 7678 7677 7638 7639 
4 7640 7679 7678 7639 
4 7640 7641 7680 7679 
4 7680 7641 7642 7681 
4 7681 7642 7643 7682 
4 7683 7682 7643 7644 
4 7684 7683 7644 7645 
4 7685 7684 7645 7646 
4 7686 7685 7646 7647 
4 7648 7687 7686 7647 
4 7648 7649 7688 7687 
4 7688 7649 7650 7689 
4 7689 7650 7651 7690 
4 7691 7690 7651 7652 
4 7692 7691 7652 7653 
4 7693 7692 7653 7654 
4 7694 7693 7654 7655 
4 7656 7695 7694 7655 
4 7656 7657 7696 7695 
4 7696 7657 7697 7658 
4 7697 7658 7659 7698 
4 7698 7659 7699 7660 
4 7700 7699 7660 7661 
4 7662 7700 7661 7701 
4 7702 7701 7662 7663 
4 7703 7664 7702 7663 
4 7664 7665 7704 7703 
4 7704 7665 7705 7666 
4 7705 7666 7667 7706 
4 7668 7706 7667 7707 
4 7708 7707 7668 7669 
4 7670 7708 7669 7709 
4 7710 7709 7670 7671 
4 6652 632 633 6661 
4 632 633 7710 7671 
4 6302 6301 6310 6311 
4 6653 6652 6661 6662 
4 6312 6303 6302 6311 
4 6654 6653 6662 6663 
4 6312 6313 6304 6303 
4 6664 6655 6654 6663 
4 6304 6313 6314 6305 
4 6664 6665 6656 6655 
4 6305 6314 6315 6306 
4 6656 6665 6666 6657 
4 6307 6306 6315 6316 
4 6657 6666 6667 6658 
4 6308 6307 6316 6317 
4 6659 6658 6667 6668 
4 6309 6308 6317 6318 
4 6660 6659 6668 6669 
4 594 593 6309 6318 
4 9193 9154 593 594 
4 9193 9154 9155 9194 
4 9194 9155 9156 9195 
4 9195 9156 9157 9196 
4 9197 9196 9157 9158 
4 9198 9197 9158 9159 
4 9160 9199 9198 9159 
4 9160 9161 9200 9199 
4 9200 9161 9162 9201 
4 9201 9162 9163 9202 
4 9202 9163 9164 9203 
4 9204 9203 9164 9165 
4 9204 9165 9166 9205 
4 9206 9205 9166 9167 
4 9168 9207 9206 9167 
4 9168 9169 9208 9207 
4 9208 9169 9170 9209 
4 9209 9170 9171 9210 
4 9210 9171 9172 9211 
4 9212 9211 9172 9173 
4 9212 9173 9174 9213 
4 9214 9213 9174 9175 
4 9176 9215 9214 9175 
4 9176 9177 9216 9215 
4 9216 9177 9178 9217 
4 9217 9178 9179 9218 
4 9218 9179 9180 9219 
4 9220 9219 9180 9181 
4 9220 9181 9182 9221 
4 9222 9221 9182 9183 
4 9184 9223 9222 9183 
4 9184 9185 9224 9223 
4 9224 9185 9186 9225 
4 9225 9186 9187 9226 
4 9226 9187 9188 9227 
4 9228 9227 9188 9189 
4 9228 9189 9190 9229 
4 9230 9229 9190 9191 
4 9192 9231 9230 9191 
4 680 6660 6669 681 
4 9192 680 681 9231 
4 6310 546 547 6319 
4 7672 546 547 7711 
4 7672 7673 7712 7711 
4 7712 7673 7713 7674 
4 7713 7674 7675 7714 
4 7676 7714 7675 7715 
4 7716 7715 7676 7677 
4 7678 7716 7677 7717 
4 7718 7717 7678 7679 
4 7719 7680 7718 7679 
4 7680 7681 7720 7719 
4 7720 7681 7721 7682 
4 7721 7682 7683 7722 
4 7684 7722 7683 7723 
4 7724 7723 7684 7685 
4 7686 7724 7685 7725 
4 7726 7725 7686 7687 
4 7727 7688 7726 7687 
4 7688 7689 7728 7727 
4 7728 7689 7690 7729 
4 7730 7729 7690 7691 
4 7730 7691 7692 7731 
4 7732 7731 7692 7693 
4 7732 7693 7694 7733 
4 7734 7733 7694 7695 
4 7696 7735 7734 7695 
4 7696 7697 7736 7735 
4 7736 7697 7698 7737 
4 7738 7737 7698 7699 
4 7738 7699 7700 7739 
4 7740 7739 7700 7701 
4 7740 7701 7702 7741 
4 7742 7741 7702 7703 
4 7704 7743 7742 7703 
4 7704 7705 7744 7743 
4 7744 7705 7706 7745 
4 7746 7745 7706 7707 
4 7746 7707 7708 7747 
4 7748 7747 7708 7709 
4 7748 7709 7710 7749 
4 6661 633 634 6670 
4 634 633 7749 7710 
4 6320 6311 6310 6319 
4 6662 6661 6670 6671 
4 6320 6321 6312 6311 
4 6672 6663 6662 6671 
4 6312 6321 6322 6313 
4 6672 6673 6664 6663 
4 6313 6322 6323 6314 
4 6664 6673 6674 6665 
4 6315 6314 6323 6324 
4 6665 6674 6675 6666 
4 6316 6315 6324 6325 
4 6667 6666 6675 6676 
4 6317 6316 6325 6326 
4 6668 6667 6676 6677 
4 6318 6317 6326 6327 
4 6669 6668 6677 6678 
4 595 594 6318 6327 
4 9232 9193 594 595 
4 9232 9193 9194 9233 
4 9233 9194 9195 9234 
4 9235 9234 9195 9196 
4 9236 9235 9196 9197 
4 9237 9236 9197 9198 
4 9238 9237 9198 9199 
4 9200 9239 9238 9199 
4 9200 9201 9240 9239 
4 9240 9201 9202 9241 
4 9241 9202 9203 9242 
4 9243 9242 9203 9204 
4 9244 9243 9204 9205 
4 9245 9244 9205 9206 
4 9246 9245 9206 9207 
4 9208 9247 9246 9207 
4 9208 9209 9248 9247 
4 9248 9209 9210 9249 
4 9249 9210 9211 9250 
4 9251 9250 9211 9212 
4 9252 9251 9212 9213 
4 9253 9252 9213 9214 
4 9254 9253 9214 9215 
4 9216 9255 9254 9215 
4 9216 9217 9256 9255 
4 9256 9217 9218 9257 
4 9257 9218 9219 9258 
4 9259 9258 9219 9220 
4 9260 9259 9220 9221 
4 9261 9260 9221 9222 
4 9262 9261 9222 9223 
4 9224 9263 9262 9223 
4 9224 9225 9264 9263 
4 9264 9225 9226 9265 
4 9266 9265 9226 9227 
4 9266 9227 9228 9267 
4 9268 9267 9228 9229 
4 9268 9229 9230 9269 
4 9270 9269 9230 9231 
4 682 681 6669 6678 
4 681 682 9270 9231 
4 6328 6319 547 548 
4 7711 7750 547 548 
4 7712 7751 7750 7711 
4 7712 7713 7752 7751 
4 7752 7713 7714 7753 
4 7754 7753 7714 7715 
4 7754 7715 7716 7755 
4 7756 7755 7716 7717 
4 7756 7717 7718 7757 
4 7758 7757 7718 7719 
4 7720 7759 7758 7719 
4 7720 7721 7760 7759 
4 7760 7721 7722 7761 
4 7762 7761 7722 7723 
4 7762 7723 7724 7763 
4 7764 7763 7724 7725 
4 7765 7764 7725 7726 
4 7766 7765 7726 7727 
4 7728 7767 7766 7727 
4 7728 7729 7768 7767 
4 7768 7729 7730 7769 
4 7770 7769 7730 7731 
4 7770 7731 7732 7771 
4 7772 7771 7732 7733 
4 7773 7772 7733 7734 
4 7774 7773 7734 7735 
4 7736 7775 7774 7735 
4 7736 7737 7776 7775 
4 7776 7737 7738 7777 
4 7778 7777 7738 7739 
4 7778 7739 7740 7779 
4 7780 7779 7740 7741 
4 7781 7780 7741 7742 
4 7782 7781 7742 7743 
4 7744 7783 7782 7743 
4 7744 7745 7784 7783 
4 7784 7745 7746 7785 
4 7786 7785 7746 7747 
4 7786 7747 7748 7787 
4 7788 7787 7748 7749 
4 6670 634 635 6679 
4 634 7788 7749 635 
4 6328 6329 6320 6319 
4 6680 6671 6670 6679 
4 6320 6329 6330 6321 
4 6680 6681 6672 6671 
4 6321 6330 6331 6322 
4 6672 6681 6682 6673 
4 6323 6322 6331 6332 
4 6673 6682 6683 6674 
4 6323 6332 6333 6324 
4 6674 6683 6684 6675 
4 6325 6324 6333 6334 
4 6676 6675 6684 6685 
4 6326 6325 6334 6335 
4 6677 6676 6685 6686 
4 6336 6327 6326 6335 
4 6678 6677 6686 6687 
4 6336 596 595 6327 
4 9232 9271 595 596 
4 9232 9233 9272 9271 
4 9272 9233 9234 9273 
4 9274 9273 9234 9235 
4 9274 9235 9236 9275 
4 9276 9275 9236 9237 
4 9276 9237 9238 9277 
4 9278 9277 9238 9239 
4 9240 9279 9278 9239 
4 9240 9241 9280 9279 
4 9280 9241 9242 9281 
4 9282 9281 9242 9243 
4 9282 9243 9244 9283 
4 9284 9283 9244 9245 
4 9284 9245 9246 9285 
4 9286 9285 9246 9247 
4 9248 9287 9286 9247 
4 9248 9249 9288 9287 
4 9288 9249 9250 9289 
4 9290 9289 9250 9251 
4 9290 9251 9252 9291 
4 9292 9291 9252 9253 
4 9292 9253 9254 9293 
4 9294 9293 9254 9255 
4 9256 9295 9294 9255 
4 9256 9257 9296 9295 
4 9296 9257 9258 9297 
4 9298 9297 9258 9259 
4 9298 9259 9260 9299 
4 9300 9299 9260 9261 
4 9301 9300 9261 9262 
4 9302 9301 9262 9263 
4 9264 9303 9302 9263 
4 9264 9265 9304 9303 
4 9304 9265 9266 9305 
4 9306 9305 9266 9267 
4 9306 9267 9268 9307 
4 9308 9307 9268 9269 
4 9309 9308 9269 9270 
4 683 682 6678 6687 
4 683 682 9309 9270 
4 549 6337 6328 548 
4 549 7789 7750 548 
4 7790 7789 7750 7751 
4 7752 7791 7790 7751 
4 7752 7753 7792 7791 
4 7792 7753 7754 7793 
4 7793 7754 7755 7794 
4 7794 7755 7756 7795 
4 7795 7756 7757 7796 
4 7797 7796 7757 7758 
4 7798 7797 7758 7759 
4 7760 7799 7798 7759 
4 7760 7761 7800 7799 
4 7800 7761 7762 7801 
4 7801 7762 7763 7802 
4 7802 7763 7764 7803 
4 7803 7764 7765 7804 
4 7805 7804 7765 7766 
4 7806 7805 7766 7767 
4 7768 7807 7806 7767 
4 7768 7769 7808 7807 
4 7808 7769 7770 7809 
4 7809 7770 7771 7810 
4 7810 7771 7772 7811 
4 7811 7772 7773 7812 
4 7813 7812 7773 7774 
4 7814 7813 7774 7775 
4 7776 7815 7814 7775 
4 7776 7777 7816 7815 
4 7816 7777 7778 7817 
4 7817 7778 7779 7818 
4 7818 7779 7780 7819 
4 7819 7780 7781 7820 
4 7821 7820 7781 7782 
4 7822 7821 7782 7783 
4 7784 7823 7822 7783 
4 7784 7824 7785 7823 
4 7824 7785 7786 7825 
4 7825 7786 7826 7787 
4 7827 7826 7787 7788 
4 6688 6679 635 636 
4 7827 7788 635 636 
4 6328 6337 6338 6329 
4 6688 6689 6680 6679 
4 6329 6338 6339 6330 
4 6680 6689 6690 6681 
4 6331 6330 6339 6340 
4 6681 6690 6691 6682 
4 6331 6340 6341 6332 
4 6682 6691 6692 6683 
4 6333 6332 6341 6342 
4 6684 6683 6692 6693 
4 6334 6333 6342 6343 
4 6685 6684 6693 6694 
4 6344 6335 6334 6343 
4 6686 6685 6694 6695 
4 6344 6345 6336 6335 
4 6696 6687 6686 6695 
4 6336 6345 597 596 
4 597 9271 9310 596 
4 9272 9311 9310 9271 
4 9272 9273 9312 9311 
4 9312 9273 9274 9313 
4 9314 9313 9274 9275 
4 9314 9275 9276 9315 
4 9316 9315 9276 9277 
4 9317 9316 9277 9278 
4 9318 9317 9278 9279 
4 9280 9319 9318 9279 
4 9280 9281 9320 9319 
4 9320 9281 9282 9321 
4 9322 9321 9282 9283 
4 9322 9283 9284 9323 
4 9324 9323 9284 9285 
4 9325 9324 9285 9286 
4 9326 9325 9286 9287 
4 9288 9327 9326 9287 
4 9288 9289 9328 9327 
4 9328 9289 9290 9329 
4 9329 9290 9291 9330 
4 9330 9291 9292 9331 
4 9332 9331 9292 9293 
4 9333 9332 9293 9294 
4 9334 9333 9294 9295 
4 9296 9335 9334 9295 
4 9296 9297 9336 9335 
4 9336 9297 9298 9337 
4 9337 9298 9299 9338 
4 9338 9299 9300 9339 
4 9340 9339 9300 9301 
4 9341 9340 9301 9302 
4 9342 9341 9302 9303 
4 9304 9343 9342 9303 
4 9304 9305 9344 9343 
4 9344 9305 9306 9345 
4 9345 9306 9307 9346 
4 9346 9307 9308 9347 
4 9348 9347 9308 9309 
4 6696 684 683 6687 
4 9348 9309 683 684 
4 549 550 6346 6337 
4 549 550 7828 7789 
4 7829 7828 7789 7790 
4 7791 7829 7790 7830 
4 7792 7831 7830 7791 
4 7792 7832 7793 7831 
4 7832 7793 7794 7833 
4 7833 7794 7834 7795 
4 7835 7834 7795 7796 
4 7797 7835 7796 7836 
4 7837 7836 7797 7798 
4 7799 7837 7798 7838 
4 7800 7839 7838 7799 
4 7800 7840 7801 7839 
4 7840 7801 7802 7841 
4 7841 7802 7842 7803 
4 7843 7842 7803 7804 
4 7805 7843 7804 7844 
4 7845 7844 7805 7806 
4 7807 7845 7806 7846 
4 7808 7847 7846 7807 
4 7808 7848 7809 7847 
4 7848 7809 7810 7849 
4 7849 7810 7850 7811 
4 7851 7850 7811 7812 
4 7813 7851 7812 7852 
4 7853 7852 7813 7814 
4 7815 7853 7814 7854 
4 7816 7855 7854 7815 
4 7816 7817 7856 7855 
4 7856 7817 7818 7857 
4 7857 7818 7819 7858 
4 7859 7858 7819 7820 
4 7859 7820 7821 7860 
4 7861 7860 7821 7822 
4 7862 7861 7822 7823 
4 7824 7863 7862 7823 
4 7824 7825 7864 7863 
4 7864 7825 7826 7865 
4 7865 7826 7827 7866 
4 637 6697 6688 636 
4 637 7866 7827 636 
4 6337 6346 6347 6338 
4 6688 6697 6698 6689 
4 6339 6338 6347 6348 
4 6689 6698 6699 6690 
4 6339 6348 6349 6340 
4 6690 6699 6700 6691 
4 6341 6340 6349 6350 
4 6692 6691 6700 6701 
4 6342 6341 6350 6351 
4 6693 6692 6701 6702 
4 6352 6343 6342 6351 
4 6694 6693 6702 6703 
4 6352 6353 6344 6343 
4 6704 6695 6694 6703 
4 6344 6353 6354 6345 
4 6704 6705 6696 6695 
4 597 6345 6354 598 
4 597 598 9349 9310 
4 9350 9349 9310 9311 
4 9312 9351 9350 9311 
4 9312 9313 9352 9351 
4 9352 9313 9314 9353 
4 9353 9314 9315 9354 
4 9354 9315 9316 9355 
4 9356 9355 9316 9317 
4 9357 9356 9317 9318 
4 9358 9357 9318 9319 
4 9320 9359 9358 9319 
4 9320 9321 9360 9359 
4 9360 9321 9322 9361 
4 9361 9322 9323 9362 
4 9363 9362 9323 9324 
4 9363 9324 9325 9364 
4 9365 9364 9325 9326 
4 9366 9365 9326 9327 
4 9328 9367 9366 9327 
4 9328 9329 9368 9367 
4 9368 9329 9330 9369 
4 9369 9330 9331 9370 
4 9371 9370 9331 9332 
4 9371 9332 9333 9372 
4 9373 9372 9333 9334 
4 9374 9373 9334 9335 
4 9336 9375 9374 9335 
4 9336 9337 9376 9375 
4 9376 9337 9338 9377 
4 9377 9338 9339 9378 
4 9379 9378 9339 9340 
4 9379 9340 9341 9380 
4 9381 9380 9341 9342 
4 9382 9381 9342 9343 
4 9344 9383 9382 9343 
4 9344 9345 9384 9383 
4 9384 9345 9346 9385 
4 9385 9346 9347 9386 
4 9387 9386 9347 9348 
4 6696 6705 685 684 
4 685 9387 9348 684 
4 550 551 6355 6346 
4 550 551 7867 7828 
4 7867 7828 7829 7868 
4 7869 7868 7829 7830 
4 7870 7869 7830 7831 
4 7832 7871 7870 7831 
4 7832 7833 7872 7871 
4 7872 7833 7834 7873 
4 7873 7834 7835 7874 
4 7875 7874 7835 7836 
4 7875 7836 7837 7876 
4 7877 7876 7837 7838 
4 7878 7877 7838 7839 
4 7840 7879 7878 7839 
4 7840 7841 7880 7879 
4 7880 7841 7842 7881 
4 7881 7842 7843 7882 
4 7883 7882 7843 7844 
4 7883 7844 7845 7884 
4 7885 7884 7845 7846 
4 7886 7885 7846 7847 
4 7848 7887 7886 7847 
4 7848 7849 7888 7887 
4 7888 7849 7850 7889 
4 7889 7850 7851 7890 
4 7890 7851 7852 7891 
4 7891 7852 7853 7892 
4 7892 7853 7854 7893 
4 7894 7893 7854 7855 
4 7856 7895 7894 7855 
4 7856 7857 7896 7895 
4 7896 7857 7858 7897 
4 7897 7858 7859 7898 
4 7898 7859 7860 7899 
4 7899 7860 7861 7900 
4 7900 7861 7862 7901 
4 7902 7901 7862 7863 
4 7864 7903 7902 7863 
4 7864 7865 7904 7903 
4 7904 7865 7866 7905 
4 637 638 6706 6697 
4 637 7905 7866 638 
4 6347 6346 6355 6356 
4 6697 6706 6707 6698 
4 6347 6356 6357 6348 
4 6698 6707 6708 6699 
4 6349 6348 6357 6358 
4 6700 6699 6708 6709 
4 6350 6349 6358 6359 
4 6701 6700 6709 6710 
4 6360 6351 6350 6359 
4 6702 6701 6710 6711 
4 6360 6361 6352 6351 
4 6712 6703 6702 6711 
4 6352 6361 6362 6353 
4 6712 6713 6704 6703 
4 6353 6362 6363 6354 
4 6704 6713 6714 6705 
4 599 598 6354 6363 
4 598 599 9388 9349 
4 9389 9388 9349 9350 
4 9390 9389 9350 9351 
4 9352 9391 9390 9351 
4 9352 9353 9392 9391 
4 9392 9353 9354 9393 
4 9393 9354 9355 9394 
4 9395 9394 9355 9356 
4 9395 9356 9357 9396 
4 9397 9396 9357 9358 
4 9398 9397 9358 9359 
4 9360 9399 9398 9359 
4 9360 9361 9400 9399 
4 9400 9361 9362 9401 
4 9401 9362 9363 9402 
4 9403 9402 9363 9364 
4 9403 9364 9365 9404 
4 9405 9404 9365 9366 
4 9406 9405 9366 9367 
4 9368 9407 9406 9367 
4 9368 9369 9408 9407 
4 9408 9369 9370 9409 
4 9409 9370 9371 9410 
4 9411 9410 9371 9372 
4 9411 9372 9373 9412 
4 9413 9412 9373 9374 
4 9414 9413 9374 9375 
4 9376 9415 9414 9375 
4 9376 9377 9416 9415 
4 9416 9377 9378 9417 
4 9417 9378 9379 9418 
4 9419 9418 9379 9380 
4 9419 9380 9381 9420 
4 9421 9420 9381 9382 
4 9422 9421 9382 9383 
4 9384 9423 9422 9383 
4 9384 9385 9424 9423 
4 9424 9385 9386 9425 
4 9425 9386 9387 9426 
4 686 6705 6714 685 
4 685 686 9426 9387 
4 551 552 6364 6355 
4 7867 551 552 7906 
4 7906 7867 7868 7907 
4 7907 7868 7869 7908 
4 7908 7869 7870 7909 
4 7910 7909 7870 7871 
4 7872 7911 7910 7871 
4 7872 7873 7912 7911 
4 7912 7873 7874 7913 
4 7913 7874 7875 7914 
4 7914 7875 7876 7915 
4 7915 7876 7877 7916 
4 7916 7877 7878 7917 
4 7918 7917 7878 7879 
4 7880 7919 7918 7879 
4 7880 7881 7920 7919 
4 7920 7881 7882 7921 
4 7921 7882 7883 7922 
4 7923 7922 7883 7884 
4 7924 7923 7884 7885 
4 7925 7924 7885 7886 
4 7926 7925 7886 7887 
4 7888 7927 7926 7887 
4 7888 7889 7928 7927 
4 7928 7889 7890 7929 
4 7929 7890 7891 7930 
4 7931 7930 7891 7892 
4 7932 7931 7892 7893 
4 7933 7932 7893 7894 
4 7934 7933 7894 7895 
4 7896 7935 7934 7895 
4 7896 7897 7936 7935 
4 7936 7897 7898 7937 
4 7937 7898 7899 7938 
4 7939 7938 7899 7900 
4 7940 7939 7900 7901 
4 7941 7940 7901 7902 
4 7942 7941 7902 7903 
4 7904 7943 7942 7903 
4 7904 7905 7944 7943 
4 6706 638 639 6715 
4 7944 7905 639 638 
4 6355 6364 6365 6356 
4 6706 6715 6716 6707 
4 6356 6365 6366 6357 
4 6708 6707 6716 6717 
4 6358 6357 6366 6367 
4 6708 6717 6718 6709 
4 6368 6359 6358 6367 
4 6710 6709 6718 6719 
4 6368 6369 6360 6359 
4 6720 6711 6710 6719 
4 6360 6369 6370 6361 
4 6720 6721 6712 6711 
4 6361 6370 6371 6362 
4 6712 6721 6722 6713 
4 6362 6371 6372 6363 
4 6714 6713 6722 6723 
4 599 6363 6372 600 
4 599 600 9388 9427 
4 9427 9388 9389 9428 
4 9429 9428 9389 9390 
4 9430 9429 9390 9391 
4 9392 9431 9430 9391 
4 9392 9393 9432 9431 
4 9432 9393 9394 9433 
4 9433 9394 9395 9434 
4 9434 9395 9396 9435 
4 9435 9396 9397 9436 
4 9437 9436 9397 9398 
4 9438 9437 9398 9399 
4 9400 9439 9438 9399 
4 9400 9401 9440 9439 
4 9440 9401 9402 9441 
4 9441 9402 9403 9442 
4 9442 9403 9404 9443 
4 9443 9404 9405 9444 
4 9445 9444 9405 9406 
4 9446 9445 9406 9407 
4 9408 9447 9446 9407 
4 9408 9409 9448 9447 
4 9448 9409 9410 9449 
4 9449 9410 9411 9450 
4 9450 9411 9412 9451 
4 9451 9412 9413 9452 
4 9453 9452 9413 9414 
4 9454 9453 9414 9415 
4 9416 9455 9454 9415 
4 9416 9417 9456 9455 
4 9456 9417 9418 9457 
4 9457 9418 9419 9458 
4 9458 9419 9420 9459 
4 9460 9459 9420 9421 
4 9460 9421 9422 9461 
4 9462 9461 9422 9423 
4 9424 9463 9462 9423 
4 9424 9425 9464 9463 
4 9464 9425 9426 9465 
4 686 6714 6723 687 
4 686 9465 9426 687 
4 552 553 6373 6364 
4 7945 7906 552 553 
4 7945 7906 7907 7946 
4 7947 7946 7907 7908 
4 7948 7947 7908 7909 
4 7949 7948 7909 7910 
4 7950 7949 7910 7911 
4 7912 7951 7950 7911 
4 7912 7913 7952 7951 
4 7952 7913 7953 7914 
4 7953 7914 7915 7954 
4 7954 7915 7955 7916 
4 7956 7955 7916 7917 
4 7918 7956 7917 7957 
4 7958 7957 7918 7919 
4 7959 7920 7958 7919 
4 7920 7921 7960 7959 
4 7960 7921 7961 7922 
4 7961 7922 7923 7962 
4 7924 7962 7923 7963 
4 7964 7963 7924 7925 
4 7926 7964 7925 7965 
4 7966 7965 7926 7927 
4 7967 7928 7966 7927 
4 7928 7929 7968 7967 
4 7968 7929 7969 7930 
4 7969 7930 7931 7970 
4 7932 7970 7931 7971 
4 7972 7971 7932 7933 
4 7934 7972 7933 7973 
4 7974 7973 7934 7935 
4 7975 7936 7974 7935 
4 7936 7937 7976 7975 
4 7976 7937 7977 7938 
4 7977 7938 7939 7978 
4 7940 7978 7939 7979 
4 7980 7979 7940 7941 
4 7942 7980 7941 7981 
4 7982 7981 7942 7943 
4 7983 7944 7982 7943 
4 639 640 6724 6715 
4 7944 639 640 7983 
4 6364 6373 6374 6365 
4 6716 6715 6724 6725 
4 6366 6365 6374 6375 
4 6716 6725 6726 6717 
4 6376 6367 6366 6375 
4 6718 6717 6726 6727 
4 6376 6377 6368 6367 
4 6728 6719 6718 6727 
4 6368 6377 6378 6369 
4 6728 6729 6720 6719 
4 6369 6378 6379 6370 
4 6720 6729 6730 6721 
4 6370 6379 6380 6371 
4 6722 6721 6730 6731 
4 6371 6380 6381 6372 
4 6722 6731 6732 6723 
4 601 600 6372 6381 
4 9427 600 601 9466 
4 9466 9427 9428 9467 
4 9468 9467 9428 9429 
4 9468 9429 9430 9469 
4 9470 9469 9430 9431 
4 9432 9471 9470 9431 
4 9432 9433 9472 9471 
4 9472 9433 9434 9473 
4 9473 9434 9435 9474 
4 9474 9435 9436 9475 
4 9476 9475 9436 9437 
4 9476 9437 9438 9477 
4 9478 9477 9438 9439 
4 9440 9479 9478 9439 
4 9440 9441 9480 9479 
4 9480 9441 9442 9481 
4 9481 9442 9443 9482 
4 9482 9443 9444 9483 
4 9484 9483 9444 9445 
4 9484 9445 9446 9485 
4 9486 9485 9446 9447 
4 9448 9487 9486 9447 
4 9448 9449 9488 9487 
4 9488 9449 9450 9489 
4 9489 9450 9451 9490 
4 9491 9490 9451 9452 
4 9492 9491 9452 9453 
4 9493 9492 9453 9454 
4 9494 9493 9454 9455 
4 9456 9495 9494 9455 
4 9456 9457 9496 9495 
4 9496 9457 9458 9497 
4 9497 9458 9459 9498 
4 9499 9498 9459 9460 
4 9500 9499 9460 9461 
4 9501 9500 9461 9462 
4 9502 9501 9462 9463 
4 9464 9503 9502 9463 
4 9464 9465 9504 9503 
4 688 6723 6732 687 
4 9504 9465 687 688 
4 553 554 6382 6373 
4 7984 7945 553 554 
4 7984 7945 7946 7985 
4 7986 7985 7946 7947 
4 7986 7947 7948 7987 
4 7988 7987 7948 7949 
4 7988 7949 7950 7989 
4 7990 7989 7950 7951 
4 7952 7991 7990 7951 
4 7952 7953 7992 7991 
4 7992 7953 7954 7993 
4 7994 7993 7954 7955 
4 7994 7955 7956 7995 
4 7996 7995 7956 7957 
4 7996 7957 7958 7997 
4 7998 7997 7958 7959 
4 7960 7999 7998 7959 
4 7960 7961 8000 7999 
4 8000 7961 7962 8001 
4 8002 8001 7962 7963 
4 8002 7963 7964 8003 
4 8004 8003 7964 7965 
4 8004 7965 7966 8005 
4 8006 8005 7966 7967 
4 7968 8007 8006 7967 
4 7968 7969 8008 8007 
4 8008 7969 7970 8009 
4 8010 8009 7970 7971 
4 8010 7971 7972 8011 
4 8012 8011 7972 7973 
4 8012 7973 7974 8013 
4 8014 8013 7974 7975 
4 7976 8015 8014 7975 
4 7976 7977 8016 8015 
4 8016 7977 7978 8017 
4 8018 8017 7978 7979 
4 8018 7979 7980 8019 
4 8020 8019 7980 7981 
4 8021 8020 7981 7982 
4 8022 8021 7982 7983 
4 6724 640 641 6733 
4 640 641 8022 7983 
4 6374 6373 6382 6383 
4 6724 6733 6734 6725 
4 6384 6375 6374 6383 
4 6726 6725 6734 6735 
4 6384 6385 6376 6375 
4 6736 6727 6726 6735 
4 6376 6385 6386 6377 
4 6736 6737 6728 6727 
4 6377 6386 6387 6378 
4 6728 6737 6738 6729 
4 6378 6387 6388 6379 
4 6730 6729 6738 6739 
4 6379 6388 6389 6380 
4 6730 6739 6740 6731 
4 6380 6389 6390 6381 
4 6732 6731 6740 6741 
4 602 601 6381 6390 
4 9505 9466 601 602 
4 9505 9466 9467 9506 
4 9507 9506 9467 9468 
4 9508 9507 9468 9469 
4 9509 9508 9469 9470 
4 9510 9509 9470 9471 
4 9472 9511 9510 9471 
4 9472 9473 9512 9511 
4 9512 9473 9474 9513 
4 9513 9474 9475 9514 
4 9515 9514 9475 9476 
4 9516 9515 9476 9477 
4 9517 9516 9477 9478 
4 9518 9517 9478 9479 
4 9480 9519 9518 9479 
4 9480 9481 9520 9519 
4 9520 9481 9482 9521 
4 9522 9521 9482 9483 
4 9522 9483 9484 9523 
4 9524 9523 9484 9485 
4 9524 9485 9486 9525 
4 9526 9525 9486 9487 
4 9488 9527 9526 9487 
4 9488 9489 9528 9527 
4 9528 9489 9490 9529 
4 9530 9529 9490 9491 
4 9530 9491 9492 9531 
4 9532 9531 9492 9493 
4 9532 9493 9494 9533 
4 9534 9533 9494 9495 
4 9496 9535 9534 9495 
4 9496 9497 9536 9535 
4 9536 9497 9498 9537 
4 9538 9537 9498 9499 
4 9538 9499 9500 9539 
4 9540 9539 9500 9501 
4 9540 9501 9502 9541 
4 9542 9541 9502 9503 
4 9504 9543 9542 9503 
4 688 6732 6741 689 
4 9504 688 689 9543 
4 6382 554 555 6391 
4 7984 554 555 8023 
4 7984 7985 8024 8023 
4 8024 7985 7986 8025 
4 8026 8025 7986 7987 
4 8026 7987 7988 8027 
4 8028 8027 7988 7989 
4 8029 8028 7989 7990 
4 8030 8029 7990 7991 
4 7992 8031 8030 7991 
4 7992 7993 8032 8031 
4 8032 7993 7994 8033 
4 8034 8033 7994 7995 
4 8034 7995 7996 8035 
4 8036 8035 7996 7997 
4 8037 8036 7997 7998 
4 8038 8037 7998 7999 
4 8000 8039 8038 7999 
4 8000 8001 8040 8039 
4 8040 8001 8002 8041 
4 8042 8041 8002 8003 
4 8042 8003 8004 8043 
4 8044 8043 8004 8005 
4 8045 8044 8005 8006 
4 8046 8045 8006 8007 
4 8008 8047 8046 8007 
4 8008 8009 8048 8047 
4 8048 8009 8010 8049 
4 8049 8010 8011 8050 
4 8050 8011 8012 8051 
4 8051 8012 8013 8052 
4 8053 8052 8013 8014 
4 8054 8053 8014 8015 
4 8016 8055 8054 8015 
4 8016 8017 8056 8055 
4 8056 8017 8018 8057 
4 8057 8018 8019 8058 
4 8058 8019 8020 8059 
4 8059 8020 8021 8060 
4 8061 8060 8021 8022 
4 641 642 6742 6733 
4 642 641 8061 8022 
4 6392 6383 6382 6391 
4 6734 6733 6742 6743 
4 6392 6393 6384 6383 
4 6744 6735 6734 6743 
4 6384 6393 6394 6385 
4 6744 6745 6736 6735 
4 6385 6394 6395 6386 
4 6736 6745 6746 6737 
4 6387 6386 6395 6396 
4 6737 6746 6747 6738 
4 6388 6387 6396 6397 
4 6738 6747 6748 6739 
4 6389 6388 6397 6398 
4 6740 6739 6748 6749 
4 6390 6389 6398 6399 
4 6741 6740 6749 6750 
4 603 602 6390 6399 
4 9544 9505 602 603 
4 9544 9505 9506 9545 
4 9546 9545 9506 9507 
4 9546 9507 9508 9547 
4 9548 9547 9508 9509 
4 9548 9509 9510 9549 
4 9550 9549 9510 9511 
4 9512 9551 9550 9511 
4 9512 9513 9552 9551 
4 9552 9513 9514 9553 
4 9554 9553 9514 9515 
4 9554 9515 9516 9555 
4 9556 9555 9516 9517 
4 9557 9556 9517 9518 
4 9558 9557 9518 9519 
4 9520 9559 9558 9519 
4 9520 9521 9560 9559 
4 9560 9521 9522 9561 
4 9562 9561 9522 9523 
4 9562 9523 9524 9563 
4 9564 9563 9524 9525 
4 9565 9564 9525 9526 
4 9566 9565 9526 9527 
4 9528 9567 9566 9527 
4 9528 9529 9568 9567 
4 9568 9529 9530 9569 
4 9570 9569 9530 9531 
4 9570 9531 9532 9571 
4 9572 9571 9532 9533 
4 9573 9572 9533 9534 
4 9574 9573 9534 9535 
4 9536 9575 9574 9535 
4 9536 9537 9576 9575 
4 9576 9537 9538 9577 
4 9578 9577 9538 9539 
4 9578 9539 9540 9579 
4 9580 9579 9540 9541 
4 9581 9580 9541 9542 
4 9582 9581 9542 9543 
4 690 6741 6750 689 
4 689 690 9582 9543 
4 6400 6391 555 556 
4 8062 8023 555 556 
4 8024 8063 8062 8023 
4 8024 8025 8064 8063 
4 8064 8025 8026 8065 
4 8065 8026 8027 8066 
4 8066 8027 8028 8067 
4 8067 8028 8029 8068 
4 8069 8068 8029 8030 
4 8070 8069 8030 8031 
4 8032 8071 8070 8031 
4 8032 8033 8072 8071 
4 8072 8033 8034 8073 
4 8073 8034 8035 8074 
4 8074 8035 8036 8075 
4 8075 8036 8037 8076 
4 8077 8076 8037 8038 
4 8078 8077 8038 8039 
4 8040 8079 8078 8039 
4 8040 8080 8041 8079 
4 8080 8041 8042 8081 
4 8081 8042 8082 8043 
4 8083 8082 8043 8044 
4 8045 8083 8044 8084 
4 8085 8084 8045 8046 
4 8047 8085 8046 8086 
4 8048 8087 8086 8047 
4 8048 8088 8049 8087 
4 8088 8049 8050 8089 
4 8089 8050 8090 8051 
4 8091 8090 8051 8052 
4 8053 8091 8052 8092 
4 8093 8092 8053 8054 
4 8055 8093 8054 8094 
4 8056 8095 8094 8055 
4 8056 8096 8057 8095 
4 8096 8057 8058 8097 
4 8097 8058 8098 8059 
4 8099 8098 8059 8060 
4 8061 8099 8060 8100 
4 6742 642 643 6751 
4 642 8100 8061 643 
4 6400 6401 6392 6391 
4 6752 6743 6742 6751 
4 6392 6401 6402 6393 
4 6752 6753 6744 6743 
4 6393 6402 6403 6394 
4 6744 6753 6754 6745 
4 6395 6394 6403 6404 
4 6745 6754 6755 6746 
4 6396 6395 6404 6405 
4 6746 6755 6756 6747 
4 6397 6396 6405 6406 
4 6748 6747 6756 6757 
4 6398 6397 6406 6407 
4 6749 6748 6757 6758 
4 6408 6399 6398 6407 
4 6750 6749 6758 6759 
4 6408 604 603 6399 
4 9544 9583 603 604 
4 9544 9545 9584 9583 
4 9584 9545 9546 9585 
4 9585 9546 9547 9586 
4 9586 9547 9548 9587 
4 9588 9587 9548 9549 
4 9589 9588 9549 9550 
4 9590 9589 9550 9551 
4 9552 9591 9590 9551 
4 9552 9553 9592 9591 
4 9592 9553 9554 9593 
4 9593 9554 9555 9594 
4 9594 9555 9556 9595 
4 9596 9595 9556 9557 
4 9597 9596 9557 9558 
4 9598 9597 9558 9559 
4 9560 9599 9598 9559 
4 9560 9561 9600 9599 
4 9600 9561 9562 9601 
4 9601 9562 9563 9602 
4 9602 9563 9564 9603 
4 9604 9603 9564 9565 
4 9605 9604 9565 9566 
4 9606 9605 9566 9567 
4 9568 9607 9606 9567 
4 9568 9569 9608 9607 
4 9608 9569 9570 9609 
4 9609 9570 9571 9610 
4 9610 9571 9572 9611 
4 9612 9611 9572 9573 
4 9613 9612 9573 9574 
4 9614 9613 9574 9575 
4 9576 9615 9614 9575 
4 9576 9577 9616 9615 
4 9616 9577 9578 9617 
4 9617 9578 9579 9618 
4 9619 9618 9579 9580 
4 9619 9580 9581 9620 
4 9621 9620 9581 9582 
4 691 690 6750 6759 
4 691 690 9621 9582 
4 557 6409 6400 556 
4 557 8101 8062 556 
4 8063 8101 8062 8102 
4 8064 8103 8102 8063 
4 8064 8104 8065 8103 
4 8104 8065 8066 8105 
4 8105 8066 8106 8067 
4 8107 8106 8067 8068 
4 8069 8107 8068 8108 
4 8109 8108 8069 8070 
4 8071 8109 8070 8110 
4 8072 8111 8110 8071 
4 8072 8073 8112 8111 
4 8112 8073 8074 8113 
4 8113 8074 8075 8114 
4 8115 8114 8075 8076 
4 8115 8076 8077 8116 
4 8117 8116 8077 8078 
4 8118 8117 8078 8079 
4 8080 8119 8118 8079 
4 8080 8081 8120 8119 
4 8120 8081 8082 8121 
4 8121 8082 8083 8122 
4 8123 8122 8083 8084 
4 8123 8084 8085 8124 
4 8125 8124 8085 8086 
4 8126 8125 8086 8087 
4 8088 8127 8126 8087 
4 8088 8089 8128 8127 
4 8128 8089 8090 8129 
4 8129 8090 8091 8130 
4 8131 8130 8091 8092 
4 8131 8092 8093 8132 
4 8133 8132 8093 8094 
4 8134 8133 8094 8095 
4 8096 8135 8134 8095 
4 8096 8097 8136 8135 
4 8136 8097 8098 8137 
4 8137 8098 8099 8138 
4 8139 8138 8099 8100 
4 6760 6751 643 644 
4 8139 8100 643 644 
4 6400 6409 6410 6401 
4 6760 6761 6752 6751 
4 6401 6410 6411 6402 
4 6752 6761 6762 6753 
4 6403 6402 6411 6412 
4 6753 6762 6763 6754 
4 6404 6403 6412 6413 
4 6754 6763 6764 6755 
4 6405 6404 6413 6414 
4 6756 6755 6764 6765 
4 6406 6405 6414 6415 
4 6757 6756 6765 6766 
4 6416 6407 6406 6415 
4 6758 6757 6766 6767 
4 6416 6417 6408 6407 
4 6768 6759 6758 6767 
4 6408 6417 605 604 
4 605 9583 9622 604 
4 9584 9623 9622 9583 
4 9584 9585 9624 9623 
4 9624 9585 9586 9625 
4 9625 9586 9587 9626 
4 9627 9626 9587 9588 
4 9627 9588 9589 9628 
4 9629 9628 9589 9590 
4 9630 9629 9590 9591 
4 9592 9631 9630 9591 
4 9592 9593 9632 9631 
4 9632 9593 9594 9633 
4 9633 9594 9595 9634 
4 9635 9634 9595 9596 
4 9635 9596 9597 9636 
4 9637 9636 9597 9598 
4 9638 9637 9598 9599 
4 9600 9639 9638 9599 
4 9600 9601 9640 9639 
4 9640 9601 9602 9641 
4 9641 9602 9603 9642 
4 9643 9642 9603 9604 
4 9643 9604 9605 9644 
4 9645 9644 9605 9606 
4 9646 9645 9606 9607 
4 9608 9647 9646 9607 
4 9608 9609 9648 9647 
4 9648 9609 9610 9649 
4 9649 9610 9611 9650 
4 9651 9650 9611 9612 
4 9651 9612 9613 9652 
4 9653 9652 9613 9614 
4 9654 9653 9614 9615 
4 9616 9655 9654 9615 
4 9616 9617 9656 9655 
4 9656 9617 9618 9657 
4 9657 9618 9619 9658 
4 9659 9658 9619 9620 
4 9659 9620 9621 9660 
4 6768 691 692 6759 
4 9660 9621 691 692 
4 557 558 6418 6409 
4 557 558 8140 8101 
4 8141 8140 8101 8102 
4 8142 8141 8102 8103 
4 8104 8143 8142 8103 
4 8104 8105 8144 8143 
4 8144 8105 8106 8145 
4 8145 8106 8107 8146 
4 8146 8107 8108 8147 
4 8147 8108 8109 8148 
4 8149 8148 8109 8110 
4 8150 8149 8110 8111 
4 8112 8151 8150 8111 
4 8112 8113 8152 8151 
4 8152 8113 8114 8153 
4 8153 8114 8115 8154 
4 8154 8115 8116 8155 
4 8155 8116 8117 8156 
4 8157 8156 8117 8118 
4 8158 8157 8118 8119 
4 8120 8159 8158 8119 
4 8120 8121 8160 8159 
4 8160 8121 8122 8161 
4 8161 8122 8123 8162 
4 8162 8123 8124 8163 
4 8163 8124 8125 8164 
4 8165 8164 8125 8126 
4 8166 8165 8126 8127 
4 8128 8167 8166 8127 
4 8128 8129 8168 8167 
4 8168 8129 8130 8169 
4 8169 8130 8131 8170 
4 8170 8131 8132 8171 
4 8171 8132 8133 8172 
4 8173 8172 8133 8134 
4 8174 8173 8134 8135 
4 8136 8175 8174 8135 
4 8136 8137 8176 8175 
4 8176 8137 8138 8177 
4 8177 8138 8139 8178 
4 645 6769 6760 644 
4 645 8178 8139 644 
4 6409 6418 6419 6410 
4 6760 6769 6770 6761 
4 6411 6410 6419 6420 
4 6761 6770 6771 6762 
4 6412 6411 6420 6421 
4 6762 6771 6772 6763 
4 6413 6412 6421 6422 
4 6764 6763 6772 6773 
4 6414 6413 6422 6423 
4 6765 6764 6773 6774 
4 6424 6415 6414 6423 
4 6766 6765 6774 6775 
4 6424 6425 6416 6415 
4 6776 6767 6766 6775 
4 6416 6425 6426 6417 
4 6776 6777 6768 6767 
4 605 6417 6426 606 
4 605 606 9661 9622 
4 9662 9661 9622 9623 
4 9624 9663 9662 9623 
4 9624 9625 9664 9663 
4 9664 9625 9626 9665 
4 9665 9626 9627 9666 
4 9667 9666 9627 9628 
4 9667 9628 9629 9668 
4 9669 9668 9629 9630 
4 9670 9669 9630 9631 
4 9632 9671 9670 9631 
4 9632 9633 9672 9671 
4 9672 9633 9634 9673 
4 9673 9634 9635 9674 
4 9675 9674 9635 9636 
4 9675 9636 9637 9676 
4 9677 9676 9637 9638 
4 9678 9677 9638 9639 
4 9640 9679 9678 9639 
4 9640 9641 9680 9679 
4 9680 9641 9642 9681 
4 9681 9642 9643 9682 
4 9682 9643 9644 9683 
4 9683 9644 9645 9684 
4 9685 9684 9645 9646 
4 9686 9685 9646 9647 
4 9648 9687 9686 9647 
4 9648 9649 9688 9687 
4 9688 9649 9650 9689 
4 9689 9650 9651 9690 
4 9690 9651 9652 9691 
4 9691 9652 9653 9692 
4 9693 9692 9653 9654 
4 9694 9693 9654 9655 
4 9656 9695 9694 9655 
4 9656 9657 9696 9695 
4 9696 9657 9658 9697 
4 9697 9658 9659 9698 
4 9698 9659 9660 9699 
4 6768 6777 693 692 
4 693 9699 9660 692 
4 558 559 6427 6418 
4 558 559 8179 8140 
4 8180 8179 8140 8141 
4 8181 8180 8141 8142 
4 8182 8181 8142 8143 
4 8144 8183 8182 8143 
4 8144 8145 8184 8183 
4 8184 8145 8146 8185 
4 8185 8146 8147 8186 
4 8187 8186 8147 8148 
4 8188 8187 8148 8149 
4 8189 8188 8149 8150 
4 8190 8189 8150 8151 
4 8152 8191 8190 8151 
4 8152 8153 8192 8191 
4 8192 8153 8154 8193 
4 8193 8154 8155 8194 
4 8195 8194 8155 8156 
4 8196 8195 8156 8157 
4 8197 8196 8157 8158 
4 8198 8197 8158 8159 
4 8160 8199 8198 8159 
4 8160 8161 8200 8199 
4 8200 8161 8162 8201 
4 8201 8162 8163 8202 
4 8203 8202 8163 8164 
4 8204 8203 8164 8165 
4 8205 8204 8165 8166 
4 8206 8205 8166 8167 
4 8168 8207 8206 8167 
4 8168 8169 8208 8207 
4 8208 8169 8209 8170 
4 8209 8170 8171 8210 
4 8210 8171 8211 8172 
4 8212 8211 8172 8173 
4 8174 8212 8173 8213 
4 8214 8213 8174 8175 
4 8215 8176 8214 8175 
4 8176 8177 8216 8215 
4 8216 8177 8217 8178 
4 645 646 6778 6769 
4 645 8217 8178 646 
4 6418 6427 6428 6419 
4 6769 6778 6779 6770 
4 6420 6419 6428 6429 
4 6770 6779 6780 6771 
4 6421 6420 6429 6430 
4 6771 6780 6781 6772 
4 6422 6421 6430 6431 
4 6773 6772 6781 6782 
4 6432 6423 6422 6431 
4 6774 6773 6782 6783 
4 6432 6433 6424 6423 
4 6784 6775 6774 6783 
4 6424 6433 6434 6425 
4 6784 6785 6776 6775 
4 6425 6434 6435 6426 
4 6776 6785 6786 6777 
4 607 606 6426 6435 
4 606 607 9700 9661 
4 9701 9700 9661 9662 
4 9702 9701 9662 9663 
4 9664 9703 9702 9663 
4 9664 9665 9704 9703 
4 9704 9665 9666 9705 
4 9705 9666 9667 9706 
4 9706 9667 9668 9707 
4 9707 9668 9669 9708 
4 9709 9708 9669 9670 
4 9710 9709 9670 9671 
4 9672 9711 9710 9671 
4 9672 9673 9712 9711 
4 9712 9673 9674 9713 
4 9713 9674 9675 9714 
4 9714 9675 9676 9715 
4 9716 9715 9676 9677 
4 9716 9677 9678 9717 
4 9718 9717 9678 9679 
4 9680 9719 9718 9679 
4 9680 9681 9720 9719 
4 9720 9681 9682 9721 
4 9721 9682 9683 9722 
4 9722 9683 9684 9723 
4 9724 9723 9684 9685 
4 9724 9685 9686 9725 
4 9726 9725 9686 9687 
4 9688 9727 9726 9687 
4 9688 9689 9728 9727 
4 9728 9689 9690 9729 
4 9729 9690 9691 9730 
4 9730 9691 9692 9731 
4 9732 9731 9692 9693 
4 9732 9693 9694 9733 
4 9734 9733 9694 9695 
4 9696 9735 9734 9695 
4 9696 9697 9736 9735 
4 9736 9697 9698 9737 
4 9737 9698 9699 9738 
4 694 6777 6786 693 
4 693 694 9738 9699 
4 559 560 6436 6427 
4 8179 559 560 8218 
4 8180 8218 8179 8219 
4 8220 8219 8180 8181 
4 8182 8220 8181 8221 
4 8222 8221 8182 8183 
4 8223 8184 8222 8183 
4 8184 8185 8224 8223 
4 8224 8185 8225 8186 
4 8225 8186 8187 8226 
4 8188 8226 8187 8227 
4 8228 8227 8188 8189 
4 8190 8228 8189 8229 
4 8230 8229 8190 8191 
4 8231 8192 8230 8191 
4 8192 8193 8232 8231 
4 8232 8193 8233 8194 
4 8233 8194 8195 8234 
4 8196 8234 8195 8235 
4 8236 8235 8196 8197 
4 8198 8236 8197 8237 
4 8238 8237 8198 8199 
4 8239 8200 8238 8199 
4 8200 8201 8240 8239 
4 8240 8201 8202 8241 
4 8242 8241 8202 8203 
4 8242 8203 8204 8243 
4 8244 8243 8204 8205 
4 8244 8205 8206 8245 
4 8246 8245 8206 8207 
4 8208 8247 8246 8207 
4 8208 8209 8248 8247 
4 8248 8209 8210 8249 
4 8250 8249 8210 8211 
4 8250 8211 8212 8251 
4 8252 8251 8212 8213 
4 8252 8213 8214 8253 
4 8254 8253 8214 8215 
4 8216 8255 8254 8215 
4 8216 8217 8256 8255 
4 646 647 6787 6778 
4 8256 8217 647 646 
4 6428 6427 6436 6437 
4 6778 6787 6788 6779 
4 6429 6428 6437 6438 
4 6779 6788 6789 6780 
4 6430 6429 6438 6439 
4 6781 6780 6789 6790 
4 6440 6431 6430 6439 
4 6782 6781 6790 6791 
4 6440 6441 6432 6431 
4 6792 6783 6782 6791 
4 6432 6441 6442 6433 
4 6792 6793 6784 6783 
4 6433 6442 6443 6434 
4 6784 6793 6794 6785 
4 6434 6443 6444 6435 
4 6785 6794 6795 6786 
4 607 6435 6444 608 
4 607 608 9700 9739 
4 9740 9739 9700 9701 
4 9740 9701 9702 9741 
4 9742 9741 9702 9703 
4 9704 9743 9742 9703 
4 9704 9705 9744 9743 
4 9744 9705 9706 9745 
4 9745 9706 9707 9746 
4 9747 9746 9707 9708 
4 9748 9747 9708 9709 
4 9749 9748 9709 9710 
4 9750 9749 9710 9711 
4 9712 9751 9750 9711 
4 9712 9713 9752 9751 
4 9752 9713 9714 9753 
4 9753 9714 9715 9754 
4 9755 9754 9715 9716 
4 9756 9755 9716 9717 
4 9757 9756 9717 9718 
4 9758 9757 9718 9719 
4 9720 9759 9758 9719 
4 9720 9721 9760 9759 
4 9760 9721 9722 9761 
4 9761 9722 9723 9762 
4 9763 9762 9723 9724 
4 9764 9763 9724 9725 
4 9765 9764 9725 9726 
4 9766 9765 9726 9727 
4 9728 9767 9766 9727 
4 9728 9729 9768 9767 
4 9768 9729 9730 9769 
4 9769 9730 9731 9770 
4 9771 9770 9731 9732 
4 9772 9771 9732 9733 
4 9773 9772 9733 9734 
4 9774 9773 9734 9735 
4 9736 9775 9774 9735 
4 9736 9737 9776 9775 
4 9776 9737 9738 9777 
4 694 6786 6795 695 
4 694 9777 9738 695 
4 6436 560 561 6445 
4 8257 8218 560 561 
4 8258 8257 8218 8219 
4 8258 8219 8220 8259 
4 8260 8259 8220 8221 
4 8260 8221 8222 8261 
4 8262 8261 8222 8223 
4 8224 8263 8262 8223 
4 8224 8225 8264 8263 
4 8264 8225 8226 8265 
4 8266 8265 8226 8227 
4 8266 8227 8228 8267 
4 8268 8267 8228 8229 
4 8268 8229 8230 8269 
4 8270 8269 8230 8231 
4 8232 8271 8270 8231 
4 8232 8233 8272 8271 
4 8272 8233 8234 8273 
4 8273 8234 8235 8274 
4 8274 8235 8236 8275 
4 8276 8275 8236 8237 
4 8277 8276 8237 8238 
4 8278 8277 8238 8239 
4 8240 8279 8278 8239 
4 8240 8241 8280 8279 
4 8280 8241 8242 8281 
4 8281 8242 8243 8282 
4 8282 8243 8244 8283 
4 8284 8283 8244 8245 
4 8285 8284 8245 8246 
4 8286 8285 8246 8247 
4 8248 8287 8286 8247 
4 8248 8249 8288 8287 
4 8288 8249 8250 8289 
4 8289 8250 8251 8290 
4 8290 8251 8252 8291 
4 8292 8291 8252 8253 
4 8293 8292 8253 8254 
4 8294 8293 8254 8255 
4 8256 8295 8294 8255 
4 647 648 6796 6787 
4 8256 647 648 8295 
4 6437 6436 6445 6446 
4 6787 6796 6797 6788 
4 6438 6437 6446 6447 
4 6789 6788 6797 6798 
4 6448 6439 6438 6447 
4 6790 6789 6798 6799 
4 6448 6449 6440 6439 
4 6800 6791 6790 6799 
4 6440 6449 6450 6441 
4 6800 6801 6792 6791 
4 6441 6450 6451 6442 
4 6792 6801 6802 6793 
4 6442 6451 6452 6443 
4 6793 6802 6803 6794 
4 6444 6443 6452 6453 
4 6794 6803 6804 6795 
4 609 608 6444 6453 
4 9778 608 609 9739 
4 9778 9739 9740 9779 
4 9780 9779 9740 9741 
4 9780 9741 9742 9781 
4 9782 9781 9742 9743 
4 9744 9783 9782 9743 
4 9744 9745 9784 9783 
4 9784 9745 9746 9785 
4 9786 9785 9746 9747 
4 9786 9747 9748 9787 
4 9788 9787 9748 9749 
4 9788 9749 9750 9789 
4 9790 9789 9750 9751 
4 9752 9791 9790 9751 
4 9752 9753 9792 9791 
4 9792 9753 9754 9793 
4 9794 9793 9754 9755 
4 9794 9755 9756 9795 
4 9796 9795 9756 9757 
4 9796 9757 9758 9797 
4 9798 9797 9758 9759 
4 9760 9799 9798 9759 
4 9760 9761 9800 9799 
4 9800 9761 9762 9801 
4 9802 9801 9762 9763 
4 9802 9763 9764 9803 
4 9804 9803 9764 9765 
4 9804 9765 9766 9805 
4 9806 9805 9766 9767 
4 9768 9807 9806 9767 
4 9768 9769 9808 9807 
4 9808 9769 9770 9809 
4 9810 9809 9770 9771 
4 9810 9771 9772 9811 
4 9812 9811 9772 9773 
4 9813 9812 9773 9774 
4 9814 9813 9774 9775 
4 9776 9815 9814 9775 
4 9776 9777 9816 9815 
4 696 6795 6804 695 
4 9816 9777 695 696 
4 6445 561 562 6454 
4 8296 8257 561 562 
4 8296 8257 8258 8297 
4 8297 8258 8259 8298 
4 8298 8259 8260 8299 
4 8300 8299 8260 8261 
4 8301 8300 8261 8262 
4 8302 8301 8262 8263 
4 8264 8303 8302 8263 
4 8264 8265 8304 8303 
4 8304 8265 8266 8305 
4 8305 8266 8267 8306 
4 8306 8267 8268 8307 
4 8308 8307 8268 8269 
4 8309 8308 8269 8270 
4 8310 8309 8270 8271 
4 8272 8311 8310 8271 
4 8272 8273 8312 8311 
4 8312 8273 8274 8313 
4 8313 8274 8275 8314 
4 8314 8275 8276 8315 
4 8316 8315 8276 8277 
4 8317 8316 8277 8278 
4 8318 8317 8278 8279 
4 8280 8319 8318 8279 
4 8280 8281 8320 8319 
4 8320 8281 8282 8321 
4 8321 8282 8283 8322 
4 8322 8283 8284 8323 
4 8324 8323 8284 8285 
4 8325 8324 8285 8286 
4 8326 8325 8286 8287 
4 8288 8327 8326 8287 
4 8288 8289 8328 8327 
4 8328 8289 8290 8329 
4 8329 8290 8291 8330 
4 8330 8291 8292 8331 
4 8332 8331 8292 8293 
4 8333 8332 8293 8294 
4 8334 8333 8294 8295 
4 648 649 6805 6796 
4 648 649 8334 8295 
4 6446 6445 6454 6455 
4 6797 6796 6805 6806 
4 6456 6447 6446 6455 
4 6798 6797 6806 6807 
4 6456 6457 6448 6447 
4 6808 6799 6798 6807 
4 6448 6457 6458 6449 
4 6808 6809 6800 6799 
4 6450 6449 6458 6459 
4 6800 6809 6810 6801 
4 6450 6459 6460 6451 
4 6801 6810 6811 6802 
4 6452 6451 6460 6461 
4 6803 6802 6811 6812 
4 6452 6461 6462 6453 
4 6804 6803 6812 6813 
4 610 609 6453 6462 
4 9817 9778 609 610 
4 9818 9817 9778 9779 
4 9818 9779 9780 9819 
4 9820 9819 9780 9781 
4 9821 9820 9781 9782 
4 9822 9821 9782 9783 
4 9784 9823 9822 9783 
4 9784 9785 9824 9823 
4 9824 9785 9786 9825 
4 9826 9825 9786 9787 
4 9826 9787 9788 9827 
4 9828 9827 9788 9789 
4 9829 9828 9789 9790 
4 9830 9829 9790 9791 
4 9792 9831 9830 9791 
4 9792 9793 9832 9831 
4 9832 9793 9794 9833 
4 9834 9833 9794 9795 
4 9834 9795 9796 9835 
4 9836 9835 9796 9797 
4 9837 9836 9797 9798 
4 9838 9837 9798 9799 
4 9800 9839 9838 9799 
4 9800 9801 9840 9839 
4 9840 9801 9802 9841 
4 9841 9802 9803 9842 
4 9842 9803 9804 9843 
4 9844 9843 9804 9805 
4 9845 9844 9805 9806 
4 9846 9845 9806 9807 
4 9808 9847 9846 9807 
4 9808 9809 9848 9847 
4 9848 9809 9810 9849 
4 9849 9810 9811 9850 
4 9850 9811 9812 9851 
4 9852 9851 9812 9813 
4 9853 9852 9813 9814 
4 9854 9853 9814 9815 
4 9816 9855 9854 9815 
4 696 6804 6813 697 
4 9816 696 697 9855 
4 12 6454 562 563 
4 8296 12 698 562 
4 8296 8297 698 699 
4 8297 8298 699 700 
4 701 8298 8299 700 
4 701 702 8299 8300 
4 702 703 8300 8301 
4 703 704 8301 8302 
4 704 705 8302 8303 
4 8304 705 706 8303 
4 8304 8305 706 707 
4 8305 8306 707 708 
4 709 8306 8307 708 
4 709 710 8307 8308 
4 710 711 8308 8309 
4 711 712 8309 8310 
4 712 713 8310 8311 
4 8312 713 714 8311 
4 8312 8313 714 715 
4 8313 8314 715 716 
4 717 8314 8315 716 
4 717 718 8315 8316 
4 718 719 8316 8317 
4 719 720 8317 8318 
4 720 721 8318 8319 
4 8320 721 722 8319 
4 8320 8321 722 723 
4 8321 8322 723 724 
4 725 8322 8323 724 
4 725 726 8323 8324 
4 726 727 8324 8325 
4 727 728 8325 8326 
4 728 729 8326 8327 
4 8328 729 730 8327 
4 8328 8329 730 731 
4 8329 8330 731 732 
4 733 8330 8331 732 
4 733 734 8331 8332 
4 734 735 8332 8333 
4 735 736 8333 8334 
4 6805 649 650 14 
4 736 649 8334 14 
4 6455 563 6454 564 
4 650 6805 651 6806 
4 565 564 6456 6455 
4 652 6807 6806 651 
4 6456 566 6457 565 
4 653 6808 652 6807 
4 6458 6457 567 566 
4 6808 654 653 6809 
4 567 6458 568 6459 
4 6809 655 6810 654 
4 6460 6459 569 568 
4 6811 6810 656 655 
4 569 6460 570 6461 
4 656 6811 657 6812 
4 570 6462 6461 571 
4 6813 6812 658 657 
4 610 571 6462 13 
4 9817 737 610 13 
4 9817 9818 737 738 
4 9818 9819 738 739 
4 9819 9820 739 740 
4 741 9820 9821 740 
4 741 742 9821 9822 
4 742 743 9822 9823 
4 9824 743 744 9823 
4 9824 9825 744 745 
4 9825 9826 745 746 
4 9826 9827 746 747 
4 9827 9828 747 748 
4 749 9828 9829 748 
4 749 750 9829 9830 
4 750 751 9830 9831 
4 9832 751 752 9831 
4 9832 9833 752 753 
4 9833 9834 753 754 
4 9834 9835 754 755 
4 9835 9836 755 756 
4 757 9836 9837 756 
4 757 758 9837 9838 
4 758 759 9838 9839 
4 9840 759 760 9839 
4 9840 9841 760 761 
4 9841 9842 761 762 
4 9842 9843 762 763 
4 9843 9844 763 764 
4 765 9844 9845 764 
4 765 766 9845 9846 
4 766 767 9846 9847 
4 9848 767 768 9847 
4 9848 9849 768 769 
4 9849 9850 769 770 
4 9850 9851 770 771 
4 9851 9852 771 772 
4 773 9852 9853 772 
4 773 774 9853 9854 
4 774 775 9854 9855 
4 15 658 697 6813 
4 15 775 697 9855 
4 776 12 563 9856 
4 9982 776 698 12 
4 9982 699 698 9983 
4 700 9983 699 9984 
4 9985 9984 701 700 
4 701 9986 702 9985 
4 702 9987 9986 703 
4 9987 703 9988 704 
4 704 9989 9988 705 
4 9989 705 9990 706 
4 9990 707 706 9991 
4 708 9991 707 9992 
4 9993 9992 709 708 
4 709 9994 710 9993 
4 710 9995 9994 711 
4 9995 711 9996 712 
4 712 9997 9996 713 
4 9997 713 9998 714 
4 9998 715 714 9999 
4 716 9999 715 10000 
4 10001 10000 717 716 
4 717 10002 10001 718 
4 718 10003 10002 719 
4 10003 720 719 10004 
4 721 720 10005 10004 
4 10005 722 721 10006 
4 10006 723 722 10007 
4 10007 724 723 10008 
4 10009 10008 725 724 
4 725 10010 10009 726 
4 726 10011 10010 727 
4 10011 728 727 10012 
4 729 728 10013 10012 
4 10013 730 729 10014 
4 10014 731 730 10015 
4 10015 732 731 10016 
4 10017 10016 733 732 
4 733 10018 10017 734 
4 734 10019 10018 735 
4 10019 736 735 10020 
4 799 650 9919 14 
4 799 736 14 10020 
4 9857 564 563 9856 
4 651 650 9919 9920 
4 9857 9858 565 564 
4 9921 652 651 9920 
4 565 9858 9859 566 
4 9921 9922 653 652 
4 566 9859 9860 567 
4 653 9922 9923 654 
4 567 9860 9861 568 
4 654 9923 9924 655 
4 569 568 9861 9862 
4 656 655 9924 9925 
4 570 569 9862 9863 
4 656 9925 9926 657 
4 571 570 9863 9864 
4 658 657 9926 9927 
4 792 13 571 9864 
4 792 737 10255 13 
4 737 738 10255 10256 
4 10257 738 739 10256 
4 10257 10258 739 740 
4 741 10258 10259 740 
4 741 742 10259 10260 
4 742 743 10260 10261 
4 743 744 10261 10262 
4 744 745 10262 10263 
4 745 746 10263 10264 
4 10265 746 747 10264 
4 10265 10266 747 748 
4 749 10266 10267 748 
4 749 750 10267 10268 
4 750 751 10268 10269 
4 751 752 10269 10270 
4 752 753 10270 10271 
4 753 754 10271 10272 
4 10273 754 755 10272 
4 10273 10274 755 756 
4 757 10274 10275 756 
4 757 758 10275 10276 
4 758 759 10276 10277 
4 759 760 10277 10278 
4 760 761 10278 10279 
4 761 762 10279 10280 
4 10281 762 763 10280 
4 10281 10282 763 764 
4 765 10282 10283 764 
4 765 766 10283 10284 
4 766 767 10284 10285 
4 767 768 10285 10286 
4 768 769 10286 10287 
4 769 770 10287 10288 
4 10289 770 771 10288 
4 10289 10290 771 772 
4 773 10290 10291 772 
4 773 774 10291 10292 
4 774 775 10292 10293 
4 15 815 658 9927 
4 15 815 775 10293 
4 9865 776 777 9856 
4 10021 776 777 9982 
4 10022 10021 9982 9983 
4 10023 10022 9983 9984 
4 9985 10024 10023 9984 
4 9985 9986 10025 10024 
4 10025 9986 9987 10026 
4 10027 10026 9987 9988 
4 10027 9988 9989 10028 
4 10029 10028 9989 9990 
4 10030 10029 9990 9991 
4 10031 10030 9991 9992 
4 9993 10032 10031 9992 
4 9993 10033 9994 10032 
4 10033 9994 9995 10034 
4 10034 9995 10035 9996 
4 10036 10035 9996 9997 
4 9998 10036 9997 10037 
4 10038 10037 9998 9999 
4 10000 10038 9999 10039 
4 10001 10040 10039 10000 
4 10001 10041 10002 10040 
4 10041 10002 10003 10042 
4 10042 10003 10043 10004 
4 10044 10043 10004 10005 
4 10006 10044 10005 10045 
4 10046 10045 10006 10007 
4 10008 10046 10007 10047 
4 10009 10048 10047 10008 
4 10009 10049 10010 10048 
4 10049 10010 10011 10050 
4 10050 10011 10051 10012 
4 10052 10051 10012 10013 
4 10014 10052 10013 10053 
4 10054 10053 10014 10015 
4 10016 10054 10015 10055 
4 10017 10056 10055 10016 
4 10017 10057 10018 10056 
4 10057 10018 10019 10058 
4 10058 10019 10059 10020 
4 799 800 9919 9928 
4 799 10059 10020 800 
4 9865 9866 9857 9856 
4 9929 9920 9919 9928 
4 9857 9866 9867 9858 
4 9929 9930 9921 9920 
4 9858 9867 9868 9859 
4 9921 9930 9931 9922 
4 9860 9859 9868 9869 
4 9922 9931 9932 9923 
4 9860 9869 9870 9861 
4 9924 9923 9932 9933 
4 9862 9861 9870 9871 
4 9925 9924 9933 9934 
4 9863 9862 9871 9872 
4 9926 9925 9934 9935 
4 9873 9864 9863 9872 
4 9927 9926 9935 9936 
4 9873 792 793 9864 
4 792 793 10294 10255 
4 10295 10294 10255 10256 
4 10257 10296 10295 10256 
4 10257 10258 10297 10296 
4 10297 10258 10259 10298 
4 10298 10259 10260 10299 
4 10300 10299 10260 10261 
4 10300 10261 10262 10301 
4 10302 10301 10262 10263 
4 10303 10302 10263 10264 
4 10265 10304 10303 10264 
4 10265 10266 10305 10304 
4 10305 10266 10267 10306 
4 10306 10267 10268 10307 
4 10308 10307 10268 10269 
4 10308 10269 10270 10309 
4 10310 10309 10270 10271 
4 10311 10310 10271 10272 
4 10273 10312 10311 10272 
4 10273 10274 10313 10312 
4 10313 10274 10275 10314 
4 10314 10275 10276 10315 
4 10316 10315 10276 10277 
4 10316 10277 10278 10317 
4 10318 10317 10278 10279 
4 10319 10318 10279 10280 
4 10281 10320 10319 10280 
4 10281 10282 10321 10320 
4 10321 10282 10283 10322 
4 10322 10283 10284 10323 
4 10324 10323 10284 10285 
4 10324 10285 10286 10325 
4 10326 10325 10286 10287 
4 10327 10326 10287 10288 
4 10289 10328 10327 10288 
4 10289 10290 10329 10328 
4 10329 10290 10291 10330 
4 10330 10291 10292 10331 
4 10332 10331 10292 10293 
4 815 816 9927 9936 
4 815 10332 10293 816 
4 9865 9874 777 778 
4 10021 10060 777 778 
4 10022 10060 10021 10061 
4 10062 10061 10022 10023 
4 10024 10062 10023 10063 
4 10025 10064 10063 10024 
4 10025 10026 10065 10064 
4 10065 10026 10027 10066 
4 10066 10027 10028 10067 
4 10068 10067 10028 10029 
4 10068 10029 10030 10069 
4 10070 10069 10030 10031 
4 10071 10070 10031 10032 
4 10033 10072 10071 10032 
4 10033 10034 10073 10072 
4 10073 10034 10035 10074 
4 10074 10035 10036 10075 
4 10076 10075 10036 10037 
4 10076 10037 10038 10077 
4 10078 10077 10038 10039 
4 10079 10078 10039 10040 
4 10041 10080 10079 10040 
4 10041 10042 10081 10080 
4 10081 10042 10043 10082 
4 10082 10043 10044 10083 
4 10084 10083 10044 10045 
4 10084 10045 10046 10085 
4 10086 10085 10046 10047 
4 10087 10086 10047 10048 
4 10049 10088 10087 10048 
4 10049 10050 10089 10088 
4 10089 10050 10051 10090 
4 10090 10051 10052 10091 
4 10092 10091 10052 10053 
4 10092 10053 10054 10093 
4 10094 10093 10054 10055 
4 10095 10094 10055 10056 
4 10057 10096 10095 10056 
4 10057 10058 10097 10096 
4 10097 10058 10059 10098 
4 9937 800 801 9928 
4 10098 10059 800 801 
4 9865 9874 9875 9866 
4 9937 9938 9929 9928 
4 9866 9875 9876 9867 
4 9929 9938 9939 9930 
4 9868 9867 9876 9877 
4 9930 9939 9940 9931 
4 9868 9877 9878 9869 
4 9932 9931 9940 9941 
4 9870 9869 9878 9879 
4 9933 9932 9941 9942 
4 9871 9870 9879 9880 
4 9934 9933 9942 9943 
4 9881 9872 9871 9880 
4 9935 9934 9943 9944 
4 9881 9882 9873 9872 
4 9945 9936 9935 9944 
4 9873 9882 793 794 
4 10294 793 794 10333 
4 10334 10333 10294 10295 
4 10335 10334 10295 10296 
4 10297 10336 10335 10296 
4 10297 10298 10337 10336 
4 10337 10298 10299 10338 
4 10338 10299 10300 10339 
4 10340 10339 10300 10301 
4 10340 10301 10302 10341 
4 10342 10341 10302 10303 
4 10343 10342 10303 10304 
4 10305 10344 10343 10304 
4 10305 10306 10345 10344 
4 10345 10306 10307 10346 
4 10346 10307 10308 10347 
4 10348 10347 10308 10309 
4 10348 10309 10310 10349 
4 10350 10349 10310 10311 
4 10351 10350 10311 10312 
4 10313 10352 10351 10312 
4 10313 10314 10353 10352 
4 10353 10314 10315 10354 
4 10354 10315 10316 10355 
4 10356 10355 10316 10317 
4 10356 10317 10318 10357 
4 10358 10357 10318 10319 
4 10359 10358 10319 10320 
4 10321 10360 10359 10320 
4 10321 10322 10361 10360 
4 10361 10322 10323 10362 
4 10362 10323 10324 10363 
4 10364 10363 10324 10325 
4 10364 10325 10326 10365 
4 10366 10365 10326 10327 
4 10367 10366 10327 10328 
4 10329 10368 10367 10328 
4 10329 10330 10369 10368 
4 10369 10330 10331 10370 
4 10370 10331 10332 10371 
4 9945 816 817 9936 
4 10371 10332 817 816 
4 9874 9883 778 779 
4 10099 10060 778 779 
4 10100 10099 10060 10061 
4 10100 10061 10062 10101 
4 10102 10101 10062 10063 
4 10103 10102 10063 10064 
4 10065 10104 10103 10064 
4 10065 10066 10105 10104 
4 10105 10066 10067 10106 
4 10106 10067 10068 10107 
4 10108 10107 10068 10069 
4 10108 10069 10070 10109 
4 10110 10109 10070 10071 
4 10111 10110 10071 10072 
4 10073 10112 10111 10072 
4 10073 10074 10113 10112 
4 10113 10074 10075 10114 
4 10114 10075 10076 10115 
4 10116 10115 10076 10077 
4 10116 10077 10078 10117 
4 10118 10117 10078 10079 
4 10119 10118 10079 10080 
4 10081 10120 10119 10080 
4 10081 10082 10121 10120 
4 10121 10082 10083 10122 
4 10122 10083 10084 10123 
4 10124 10123 10084 10085 
4 10124 10085 10086 10125 
4 10126 10125 10086 10087 
4 10127 10126 10087 10088 
4 10089 10128 10127 10088 
4 10089 10090 10129 10128 
4 10129 10090 10091 10130 
4 10130 10091 10092 10131 
4 10131 10092 10093 10132 
4 10133 10132 10093 10094 
4 10133 10094 10095 10134 
4 10135 10134 10095 10096 
4 10097 10136 10135 10096 
4 10097 10098 10137 10136 
4 9937 9946 801 802 
4 10137 10098 801 802 
4 9874 9883 9884 9875 
4 9937 9946 9947 9938 
4 9875 9884 9885 9876 
4 9939 9938 9947 9948 
4 9877 9876 9885 9886 
4 9939 9948 9949 9940 
4 9877 9886 9887 9878 
4 9941 9940 9949 9950 
4 9879 9878 9887 9888 
4 9941 9950 9951 9942 
4 9889 9880 9879 9888 
4 9943 9942 9951 9952 
4 9889 9890 9881 9880 
4 9953 9944 9943 9952 
4 9881 9890 9891 9882 
4 9953 9954 9945 9944 
4 9882 9891 794 795 
4 10372 10333 794 795 
4 10372 10333 10334 10373 
4 10374 10373 10334 10335 
4 10375 10374 10335 10336 
4 10337 10376 10375 10336 
4 10337 10338 10377 10376 
4 10377 10338 10339 10378 
4 10378 10339 10340 10379 
4 10380 10379 10340 10341 
4 10380 10341 10342 10381 
4 10382 10381 10342 10343 
4 10383 10382 10343 10344 
4 10345 10384 10383 10344 
4 10345 10346 10385 10384 
4 10385 10346 10347 10386 
4 10386 10347 10348 10387 
4 10387 10348 10349 10388 
4 10389 10388 10349 10350 
4 10389 10350 10351 10390 
4 10391 10390 10351 10352 
4 10353 10392 10391 10352 
4 10353 10354 10393 10392 
4 10393 10354 10355 10394 
4 10394 10355 10356 10395 
4 10395 10356 10357 10396 
4 10397 10396 10357 10358 
4 10397 10358 10359 10398 
4 10399 10398 10359 10360 
4 10361 10400 10399 10360 
4 10361 10362 10401 10400 
4 10401 10362 10363 10402 
4 10402 10363 10364 10403 
4 10403 10364 10365 10404 
4 10405 10404 10365 10366 
4 10405 10366 10367 10406 
4 10407 10406 10367 10368 
4 10369 10408 10407 10368 
4 10369 10370 10409 10408 
4 10409 10370 10371 10410 
4 9945 9954 817 818 
4 10410 10371 817 818 
4 9883 9892 779 780 
4 10138 10099 779 780 
4 10138 10099 10100 10139 
4 10139 10100 10101 10140 
4 10141 10140 10101 10102 
4 10141 10102 10103 10142 
4 10143 10142 10103 10104 
4 10105 10144 10143 10104 
4 10105 10106 10145 10144 
4 10145 10106 10107 10146 
4 10146 10107 10108 10147 
4 10147 10108 10109 10148 
4 10149 10148 10109 10110 
4 10149 10110 10111 10150 
4 10151 10150 10111 10112 
4 10113 10152 10151 10112 
4 10113 10114 10153 10152 
4 10153 10114 10115 10154 
4 10154 10115 10116 10155 
4 10155 10116 10117 10156 
4 10157 10156 10117 10118 
4 10157 10118 10119 10158 
4 10159 10158 10119 10120 
4 10121 10160 10159 10120 
4 10121 10122 10161 10160 
4 10161 10122 10162 10123 
4 10162 10123 10124 10163 
4 10163 10124 10164 10125 
4 10165 10164 10125 10126 
4 10127 10165 10126 10166 
4 10167 10166 10127 10128 
4 10168 10129 10167 10128 
4 10129 10130 10169 10168 
4 10169 10130 10170 10131 
4 10170 10131 10132 10171 
4 10133 10171 10132 10172 
4 10173 10172 10133 10134 
4 10135 10173 10134 10174 
4 10175 10174 10135 10136 
4 10176 10137 10175 10136 
4 9946 9955 802 803 
4 10137 802 803 10176 
4 9883 9892 9893 9884 
4 9947 9946 9955 9956 
4 9885 9884 9893 9894 
4 9947 9956 9957 9948 
4 9885 9894 9895 9886 
4 9949 9948 9957 9958 
4 9887 9886 9895 9896 
4 9949 9958 9959 9950 
4 9897 9888 9887 9896 
4 9951 9950 9959 9960 
4 9897 9898 9889 9888 
4 9961 9952 9951 9960 
4 9889 9898 9899 9890 
4 9961 9962 9953 9952 
4 9890 9899 9900 9891 
4 9953 9962 9963 9954 
4 9891 9900 795 796 
4 10411 10372 795 796 
4 10411 10372 10373 10412 
4 10413 10412 10373 10374 
4 10413 10374 10375 10414 
4 10415 10414 10375 10376 
4 10377 10416 10415 10376 
4 10377 10378 10417 10416 
4 10417 10378 10379 10418 
4 10418 10379 10380 10419 
4 10420 10419 10380 10381 
4 10421 10420 10381 10382 
4 10422 10421 10382 10383 
4 10423 10422 10383 10384 
4 10385 10424 10423 10384 
4 10385 10386 10425 10424 
4 10425 10386 10387 10426 
4 10426 10387 10388 10427 
4 10428 10427 10388 10389 
4 10429 10428 10389 10390 
4 10430 10429 10390 10391 
4 10431 10430 10391 10392 
4 10393 10432 10431 10392 
4 10393 10394 10433 10432 
4 10433 10394 10395 10434 
4 10434 10395 10396 10435 
4 10436 10435 10396 10397 
4 10437 10436 10397 10398 
4 10438 10437 10398 10399 
4 10439 10438 10399 10400 
4 10401 10440 10439 10400 
4 10401 10402 10441 10440 
4 10441 10402 10403 10442 
4 10442 10403 10404 10443 
4 10444 10443 10404 10405 
4 10445 10444 10405 10406 
4 10446 10445 10406 10407 
4 10447 10446 10407 10408 
4 10409 10448 10447 10408 
4 10409 10410 10449 10448 
4 9954 9963 818 819 
4 10449 10410 818 819 
4 781 9892 9901 780 
4 781 10138 10177 780 
4 10177 10138 10178 10139 
4 10178 10139 10140 10179 
4 10141 10179 10140 10180 
4 10181 10180 10141 10142 
4 10143 10181 10142 10182 
4 10183 10182 10143 10144 
4 10184 10145 10183 10144 
4 10145 10146 10185 10184 
4 10185 10146 10186 10147 
4 10186 10147 10148 10187 
4 10149 10187 10148 10188 
4 10189 10188 10149 10150 
4 10151 10189 10150 10190 
4 10191 10190 10151 10152 
4 10192 10153 10191 10152 
4 10153 10154 10193 10192 
4 10193 10154 10155 10194 
4 10195 10194 10155 10156 
4 10195 10156 10157 10196 
4 10197 10196 10157 10158 
4 10197 10158 10159 10198 
4 10199 10198 10159 10160 
4 10161 10200 10199 10160 
4 10161 10162 10201 10200 
4 10201 10162 10163 10202 
4 10203 10202 10163 10164 
4 10203 10164 10165 10204 
4 10205 10204 10165 10166 
4 10205 10166 10167 10206 
4 10207 10206 10167 10168 
4 10169 10208 10207 10168 
4 10169 10170 10209 10208 
4 10209 10170 10171 10210 
4 10211 10210 10171 10172 
4 10211 10172 10173 10212 
4 10213 10212 10173 10174 
4 10213 10174 10175 10214 
4 10215 10214 10175 10176 
4 9955 9964 803 804 
4 804 803 10215 10176 
4 9893 9892 9901 9902 
4 9955 9964 9965 9956 
4 9893 9902 9903 9894 
4 9957 9956 9965 9966 
4 9895 9894 9903 9904 
4 9957 9966 9967 9958 
4 9905 9896 9895 9904 
4 9959 9958 9967 9968 
4 9905 9906 9897 9896 
4 9969 9960 9959 9968 
4 9897 9906 9907 9898 
4 9969 9970 9961 9960 
4 9898 9907 9908 9899 
4 9961 9970 9971 9962 
4 9899 9908 9909 9900 
4 9963 9962 9971 9972 
4 797 9900 9909 796 
4 797 10450 10411 796 
4 10451 10450 10411 10412 
4 10451 10412 10413 10452 
4 10453 10452 10413 10414 
4 10453 10414 10415 10454 
4 10455 10454 10415 10416 
4 10417 10456 10455 10416 
4 10417 10418 10457 10456 
4 10457 10418 10419 10458 
4 10459 10458 10419 10420 
4 10459 10420 10421 10460 
4 10461 10460 10421 10422 
4 10461 10422 10423 10462 
4 10463 10462 10423 10424 
4 10425 10464 10463 10424 
4 10425 10426 10465 10464 
4 10465 10426 10427 10466 
4 10467 10466 10427 10428 
4 10467 10428 10429 10468 
4 10469 10468 10429 10430 
4 10469 10430 10431 10470 
4 10471 10470 10431 10432 
4 10433 10472 10471 10432 
4 10433 10434 10473 10472 
4 10473 10434 10435 10474 
4 10475 10474 10435 10436 
4 10475 10436 10437 10476 
4 10477 10476 10437 10438 
4 10477 10438 10439 10478 
4 10479 10478 10439 10440 
4 10441 10480 10479 10440 
4 10441 10442 10481 10480 
4 10481 10442 10443 10482 
4 10483 10482 10443 10444 
4 10483 10444 10445 10484 
4 10485 10484 10445 10446 
4 10486 10485 10446 10447 
4 10487 10486 10447 10448 
4 10449 10488 10487 10448 
4 9963 9972 819 820 
4 10449 820 819 10488 
4 781 782 9901 9910 
4 781 782 10177 10216 
4 10177 10178 10217 10216 
4 10217 10178 10179 10218 
4 10219 10218 10179 10180 
4 10219 10180 10181 10220 
4 10221 10220 10181 10182 
4 10221 10182 10183 10222 
4 10223 10222 10183 10184 
4 10185 10224 10223 10184 
4 10185 10225 10186 10224 
4 10225 10186 10187 10226 
4 10226 10187 10227 10188 
4 10227 10188 10189 10228 
4 10228 10189 10229 10190 
4 10230 10229 10190 10191 
4 10192 10230 10191 10231 
4 10193 10232 10231 10192 
4 10193 10233 10194 10232 
4 10233 10194 10195 10234 
4 10234 10195 10235 10196 
4 10235 10196 10197 10236 
4 10236 10197 10237 10198 
4 10238 10237 10198 10199 
4 10200 10238 10199 10239 
4 10201 10240 10239 10200 
4 10201 10241 10202 10240 
4 10241 10202 10203 10242 
4 10242 10203 10243 10204 
4 10243 10204 10205 10244 
4 10244 10205 10245 10206 
4 10246 10245 10206 10207 
4 10208 10246 10207 10247 
4 10209 10248 10247 10208 
4 10209 10249 10210 10248 
4 10249 10210 10211 10250 
4 10250 10211 10251 10212 
4 10251 10212 10213 10252 
4 10252 10213 10253 10214 
4 10254 10253 10214 10215 
4 805 9964 9973 804 
4 805 10254 10215 804 
4 9901 9910 9911 9902 
4 9965 9964 9973 9974 
4 9903 9902 9911 9912 
4 9965 9974 9975 9966 
4 9913 9904 9903 9912 
4 9967 9966 9975 9976 
4 9913 9914 9905 9904 
4 9977 9968 9967 9976 
4 9905 9914 9915 9906 
4 9977 9978 9969 9968 
4 9906 9915 9916 9907 
4 9969 9978 9979 9970 
4 9908 9907 9916 9917 
4 9971 9970 9979 9980 
4 9909 9908 9917 9918 
4 9971 9980 9981 9972 
4 797 798 9909 9918 
4 797 798 10450 10489 
4 10489 10450 10451 10490 
4 10491 10490 10451 10452 
4 10491 10452 10453 10492 
4 10493 10492 10453 10454 
4 10494 10493 10454 10455 
4 10495 10494 10455 10456 
4 10457 10496 10495 10456 
4 10457 10458 10497 10496 
4 10497 10458 10459 10498 
4 10499 10498 10459 10460 
4 10499 10460 10461 10500 
4 10501 10500 10461 10462 
4 10502 10501 10462 10463 
4 10503 10502 10463 10464 
4 10465 10504 10503 10464 
4 10465 10466 10505 10504 
4 10505 10466 10467 10506 
4 10507 10506 10467 10468 
4 10507 10468 10469 10508 
4 10509 10508 10469 10470 
4 10510 10509 10470 10471 
4 10511 10510 10471 10472 
4 10473 10512 10511 10472 
4 10473 10474 10513 10512 
4 10513 10474 10475 10514 
4 10515 10514 10475 10476 
4 10515 10476 10477 10516 
4 10517 10516 10477 10478 
4 10518 10517 10478 10479 
4 10519 10518 10479 10480 
4 10481 10520 10519 10480 
4 10481 10482 10521 10520 
4 10521 10482 10483 10522 
4 10523 10522 10483 10484 
4 10523 10484 10485 10524 
4 10525 10524 10485 10486 
4 10526 10525 10486 10487 
4 10527 10526 10487 10488 
4 821 9972 9981 820 
4 821 820 10527 10488 
4 782 783 9910 16 
4 782 822 16 10216 
4 10217 822 823 10216 
4 10217 10218 823 824 
4 10218 10219 824 825 
4 10219 10220 825 826 
4 10220 10221 826 827 
4 10221 10222 827 828 
4 829 10222 10223 828 
4 829 830 10223 10224 
4 10225 830 831 10224 
4 10225 10226 831 832 
4 10226 10227 832 833 
4 10227 10228 833 834 
4 10228 10229 834 835 
4 10229 10230 835 836 
4 837 10230 10231 836 
4 837 838 10231 10232 
4 10233 838 839 10232 
4 10233 10234 839 840 
4 10234 10235 840 841 
4 10235 10236 841 842 
4 10236 10237 842 843 
4 10237 10238 843 844 
4 845 10238 10239 844 
4 845 846 10239 10240 
4 10241 846 847 10240 
4 10241 10242 847 848 
4 10242 10243 848 849 
4 10243 10244 849 850 
4 10244 10245 850 851 
4 10245 10246 851 852 
4 853 10246 10247 852 
4 853 854 10247 10248 
4 10249 854 855 10248 
4 10249 10250 855 856 
4 10250 10251 856 857 
4 10251 10252 857 858 
4 10252 10253 858 859 
4 10253 10254 859 860 
4 805 806 18 9973 
4 805 18 10254 860 
4 783 784 9910 9911 
4 806 807 9973 9974 
4 784 785 9911 9912 
4 807 808 9974 9975 
4 9913 785 786 9912 
4 808 809 9975 9976 
4 9913 9914 786 787 
4 9977 809 810 9976 
4 9914 9915 787 788 
4 9977 9978 810 811 
4 789 9915 9916 788 
4 9978 9979 811 812 
4 789 790 9916 9917 
4 813 9979 9980 812 
4 790 791 9917 9918 
4 813 814 9980 9981 
4 798 791 17 9918 
4 10489 798 17 861 
4 861 10490 862 10489 
4 862 10491 10490 863 
4 10491 863 10492 864 
4 864 10493 10492 865 
4 866 10493 865 10494 
4 10494 867 866 10495 
4 868 10495 867 10496 
4 10497 10496 869 868 
4 869 10498 870 10497 
4 870 10499 10498 871 
4 10499 871 10500 872 
4 872 10501 10500 873 
4 874 10501 873 10502 
4 10502 875 874 10503 
4 876 10503 875 10504 
4 10505 877 10504 876 
4 877 10506 878 10505 
4 878 10507 879 10506 
4 880 10507 879 10508 
4 880 10509 881 10508 
4 882 10509 881 10510 
4 10510 882 10511 883 
4 884 10511 883 10512 
4 10513 885 10512 884 
4 885 10514 10513 886 
4 886 10515 887 10514 
4 10515 888 887 10516 
4 888 10517 889 10516 
4 10517 890 889 10518 
4 10518 890 10519 891 
4 10519 892 891 10520 
4 10521 893 10520 892 
4 893 10522 10521 894 
4 894 10523 895 10522 
4 10523 896 895 10524 
4 896 10525 897 10524 
4 10525 898 897 10526 
4 10526 898 10527 899 
4 821 814 9981 19 
4 821 10527 19 899 
4 16 783 10528 900 
4 16 10654 822 900 
4 822 823 10654 10655 
4 823 824 10655 10656 
4 824 825 10656 10657 
4 10658 825 826 10657 
4 10658 10659 826 827 
4 10659 10660 827 828 
4 829 10660 10661 828 
4 829 830 10661 10662 
4 830 831 10662 10663 
4 831 832 10663 10664 
4 832 833 10664 10665 
4 10666 833 834 10665 
4 10666 10667 834 835 
4 10667 10668 835 836 
4 837 10668 10669 836 
4 837 838 10669 10670 
4 838 839 10670 10671 
4 839 840 10671 10672 
4 840 841 10672 10673 
4 10674 841 842 10673 
4 10674 10675 842 843 
4 10675 10676 843 844 
4 845 10676 10677 844 
4 845 846 10677 10678 
4 846 847 10678 10679 
4 847 848 10679 10680 
4 848 849 10680 10681 
4 10682 849 850 10681 
4 10682 10683 850 851 
4 10683 10684 851 852 
4 853 10684 10685 852 
4 853 854 10685 10686 
4 854 855 10686 10687 
4 855 856 10687 10688 
4 856 857 10688 10689 
4 10690 857 858 10689 
4 10690 10691 858 859 
4 10691 10692 859 860 
4 806 18 914 10591 
4 10692 18 914 860 
4 783 784 10528 10529 
4 806 807 10591 10592 
4 10530 784 785 10529 
4 807 808 10592 10593 
4 10530 10531 785 786 
4 10594 808 809 10593 
4 10531 10532 786 787 
4 10594 10595 809 810 
4 10532 10533 787 788 
4 10595 10596 810 811 
4 789 10533 10534 788 
4 10596 10597 811 812 
4 789 790 10534 10535 
4 813 10597 10598 812 
4 790 791 10535 10536 
4 813 814 10598 10599 
4 791 17 10536 907 
4 861 17 10927 907 
4 861 862 10927 10928 
4 862 863 10928 10929 
4 10930 863 864 10929 
4 10930 10931 864 865 
4 10931 10932 865 866 
4 10932 10933 866 867 
4 10933 10934 867 868 
4 869 10934 10935 868 
4 869 870 10935 10936 
4 870 871 10936 10937 
4 10938 871 872 10937 
4 10938 10939 872 873 
4 10939 10940 873 874 
4 10940 10941 874 875 
4 10941 10942 875 876 
4 877 10942 10943 876 
4 877 878 10943 10944 
4 878 879 10944 10945 
4 10946 879 880 10945 
4 10946 10947 880 881 
4 10947 10948 881 882 
4 10948 10949 882 883 
4 10949 10950 883 884 
4 885 10950 10951 884 
4 885 886 10951 10952 
4 886 887 10952 10953 
4 10954 887 888 10953 
4 10954 10955 888 889 
4 10955 10956 889 890 
4 10956 10957 890 891 
4 10957 10958 891 892 
4 893 10958 10959 892 
4 893 894 10959 10960 
4 894 895 10960 10961 
4 10962 895 896 10961 
4 10962 10963 896 897 
4 10963 10964 897 898 
4 10964 10965 898 899 
4 814 19 921 10599 
4 921 10965 19 899 
4 901 10528 10537 900 
4 901 10693 10654 900 
4 10694 10693 10654 10655 
4 10695 10694 10655 10656 
4 10696 10695 10656 10657 
4 10658 10697 10696 10657 
4 10658 10659 10698 10697 
4 10698 10659 10660 10699 
4 10699 10660 10661 10700 
4 10700 10661 10662 10701 
4 10702 10701 10662 10663 
4 10703 10702 10663 10664 
4 10704 10703 10664 10665 
4 10666 10705 10704 10665 
4 10666 10706 10667 10705 
4 10706 10667 10668 10707 
4 10707 10668 10708 10669 
4 10709 10708 10669 10670 
4 10671 10709 10670 10710 
4 10711 10710 10671 10672 
4 10673 10711 10672 10712 
4 10674 10713 10712 10673 
4 10674 10714 10675 10713 
4 10714 10675 10676 10715 
4 10715 10676 10716 10677 
4 10717 10716 10677 10678 
4 10679 10717 10678 10718 
4 10719 10718 10679 10680 
4 10681 10719 10680 10720 
4 10682 10721 10720 10681 
4 10682 10722 10683 10721 
4 10722 10683 10684 10723 
4 10723 10684 10724 10685 
4 10725 10724 10685 10686 
4 10687 10725 10686 10726 
4 10727 10726 10687 10688 
4 10689 10727 10688 10728 
4 10690 10729 10728 10689 
4 10690 10730 10691 10729 
4 10730 10691 10692 10731 
4 10591 10600 914 915 
4 10731 10692 914 915 
4 10538 10529 10528 10537 
4 10592 10591 10600 10601 
4 10538 10539 10530 10529 
4 10602 10593 10592 10601 
4 10530 10539 10540 10531 
4 10602 10603 10594 10593 
4 10531 10540 10541 10532 
4 10594 10603 10604 10595 
4 10533 10532 10541 10542 
4 10595 10604 10605 10596 
4 10533 10542 10543 10534 
4 10597 10596 10605 10606 
4 10535 10534 10543 10544 
4 10598 10597 10606 10607 
4 10536 10535 10544 10545 
4 10599 10598 10607 10608 
4 908 907 10536 10545 
4 10966 10927 907 908 
4 10967 10966 10927 10928 
4 10968 10967 10928 10929 
4 10930 10969 10968 10929 
4 10930 10931 10970 10969 
4 10970 10931 10932 10971 
4 10971 10932 10933 10972 
4 10973 10972 10933 10934 
4 10974 10973 10934 10935 
4 10975 10974 10935 10936 
4 10976 10975 10936 10937 
4 10938 10977 10976 10937 
4 10938 10939 10978 10977 
4 10978 10939 10940 10979 
4 10979 10940 10941 10980 
4 10981 10980 10941 10942 
4 10982 10981 10942 10943 
4 10983 10982 10943 10944 
4 10984 10983 10944 10945 
4 10946 10985 10984 10945 
4 10946 10947 10986 10985 
4 10986 10947 10948 10987 
4 10987 10948 10949 10988 
4 10989 10988 10949 10950 
4 10990 10989 10950 10951 
4 10991 10990 10951 10952 
4 10992 10991 10952 10953 
4 10954 10993 10992 10953 
4 10954 10955 10994 10993 
4 10994 10955 10956 10995 
4 10995 10956 10957 10996 
4 10997 10996 10957 10958 
4 10997 10958 10959 10998 
4 10999 10998 10959 10960 
4 11000 10999 10960 10961 
4 10962 11001 11000 10961 
4 10962 10963 11002 11001 
4 11002 10963 10964 11003 
4 11003 10964 10965 11004 
4 922 921 10599 10608 
4 11004 10965 921 922 
4 901 902 10546 10537 
4 901 902 10732 10693 
4 10733 10732 10693 10694 
4 10695 10733 10694 10734 
4 10735 10734 10695 10696 
4 10697 10735 10696 10736 
4 10698 10737 10736 10697 
4 10698 10699 10738 10737 
4 10738 10699 10700 10739 
4 10739 10700 10701 10740 
4 10741 10740 10701 10702 
4 10741 10702 10703 10742 
4 10743 10742 10703 10704 
4 10744 10743 10704 10705 
4 10706 10745 10744 10705 
4 10706 10707 10746 10745 
4 10746 10707 10708 10747 
4 10747 10708 10709 10748 
4 10749 10748 10709 10710 
4 10749 10710 10711 10750 
4 10751 10750 10711 10712 
4 10752 10751 10712 10713 
4 10714 10753 10752 10713 
4 10714 10715 10754 10753 
4 10754 10715 10716 10755 
4 10755 10716 10717 10756 
4 10757 10756 10717 10718 
4 10757 10718 10719 10758 
4 10759 10758 10719 10720 
4 10760 10759 10720 10721 
4 10722 10761 10760 10721 
4 10722 10723 10762 10761 
4 10762 10723 10724 10763 
4 10763 10724 10725 10764 
4 10765 10764 10725 10726 
4 10765 10726 10727 10766 
4 10767 10766 10727 10728 
4 10768 10767 10728 10729 
4 10730 10769 10768 10729 
4 10730 10731 10770 10769 
4 10609 10600 915 916 
4 10770 10731 915 916 
4 10546 10547 10538 10537 
4 10610 10601 10600 10609 
4 10538 10547 10548 10539 
4 10610 10611 10602 10601 
4 10539 10548 10549 10540 
4 10602 10611 10612 10603 
4 10541 10540 10549 10550 
4 10603 10612 10613 10604 
4 10541 10550 10551 10542 
4 10605 10604 10613 10614 
4 10543 10542 10551 10552 
4 10606 10605 10614 10615 
4 10544 10543 10552 10553 
4 10607 10606 10615 10616 
4 10554 10545 10544 10553 
4 10608 10607 10616 10617 
4 10554 909 908 10545 
4 909 11005 10966 908 
4 11005 10966 10967 11006 
4 11007 11006 10967 10968 
4 11008 11007 10968 10969 
4 10970 11009 11008 10969 
4 10970 10971 11010 11009 
4 11010 10971 10972 11011 
4 11011 10972 10973 11012 
4 11013 11012 10973 10974 
4 11013 10974 10975 11014 
4 11015 11014 10975 10976 
4 11016 11015 10976 10977 
4 10978 11017 11016 10977 
4 10978 10979 11018 11017 
4 11018 10979 10980 11019 
4 11019 10980 10981 11020 
4 11021 11020 10981 10982 
4 11021 10982 10983 11022 
4 11023 11022 10983 10984 
4 11024 11023 10984 10985 
4 10986 11025 11024 10985 
4 10986 10987 11026 11025 
4 11026 10987 10988 11027 
4 11027 10988 10989 11028 
4 11029 11028 10989 10990 
4 11029 10990 10991 11030 
4 11031 11030 10991 10992 
4 11032 11031 10992 10993 
4 10994 11033 11032 10993 
4 10994 10995 11034 11033 
4 11034 10995 10996 11035 
4 11035 10996 10997 11036 
4 11037 11036 10997 10998 
4 11037 10998 10999 11038 
4 11039 11038 10999 11000 
4 11040 11039 11000 11001 
4 11002 11041 11040 11001 
4 11002 11003 11042 11041 
4 11042 11003 11004 11043 
4 923 922 10608 10617 
4 11043 11004 922 923 
4 10546 902 903 10555 
4 10771 902 903 10732 
4 10771 10732 10733 10772 
4 10773 10772 10733 10734 
4 10773 10734 10735 10774 
4 10775 10774 10735 10736 
4 10776 10775 10736 10737 
4 10738 10777 10776 10737 
4 10738 10739 10778 10777 
4 10778 10739 10740 10779 
4 10779 10740 10741 10780 
4 10781 10780 10741 10742 
4 10781 10742 10743 10782 
4 10783 10782 10743 10744 
4 10784 10783 10744 10745 
4 10746 10785 10784 10745 
4 10746 10747 10786 10785 
4 10786 10747 10748 10787 
4 10787 10748 10749 10788 
4 10789 10788 10749 10750 
4 10789 10750 10751 10790 
4 10791 10790 10751 10752 
4 10792 10791 10752 10753 
4 10754 10793 10792 10753 
4 10754 10755 10794 10793 
4 10794 10755 10756 10795 
4 10795 10756 10757 10796 
4 10797 10796 10757 10758 
4 10797 10758 10759 10798 
4 10799 10798 10759 10760 
4 10800 10799 10760 10761 
4 10762 10801 10800 10761 
4 10762 10763 10802 10801 
4 10802 10763 10764 10803 
4 10803 10764 10765 10804 
4 10804 10765 10766 10805 
4 10806 10805 10766 10767 
4 10807 10806 10767 10768 
4 10808 10807 10768 10769 
4 10770 10809 10808 10769 
4 917 10609 10618 916 
4 10770 917 916 10809 
4 10546 10555 10556 10547 
4 10618 10619 10610 10609 
4 10547 10556 10557 10548 
4 10610 10619 10620 10611 
4 10548 10557 10558 10549 
4 10612 10611 10620 10621 
4 10550 10549 10558 10559 
4 10612 10621 10622 10613 
4 10551 10550 10559 10560 
4 10614 10613 10622 10623 
4 10552 10551 10560 10561 
4 10614 10623 10624 10615 
4 10562 10553 10552 10561 
4 10616 10615 10624 10625 
4 10562 10563 10554 10553 
4 10626 10617 10616 10625 
4 10554 10563 909 910 
4 909 910 11044 11005 
4 11045 11044 11005 11006 
4 11045 11006 11007 11046 
4 11047 11046 11007 11008 
4 11048 11047 11008 11009 
4 11010 11049 11048 11009 
4 11010 11011 11050 11049 
4 11050 11011 11012 11051 
4 11051 11012 11013 11052 
4 11053 11052 11013 11014 
4 11053 11014 11015 11054 
4 11055 11054 11015 11016 
4 11056 11055 11016 11017 
4 11018 11057 11056 11017 
4 11018 11019 11058 11057 
4 11058 11019 11020 11059 
4 11059 11020 11021 11060 
4 11060 11021 11022 11061 
4 11062 11061 11022 11023 
4 11063 11062 11023 11024 
4 11064 11063 11024 11025 
4 11026 11065 11064 11025 
4 11026 11027 11066 11065 
4 11066 11027 11028 11067 
4 11067 11028 11029 11068 
4 11068 11029 11030 11069 
4 11070 11069 11030 11031 
4 11071 11070 11031 11032 
4 11072 11071 11032 11033 
4 11034 11073 11072 11033 
4 11034 11035 11074 11073 
4 11074 11035 11036 11075 
4 11075 11036 11037 11076 
4 11076 11037 11038 11077 
4 11078 11077 11038 11039 
4 11079 11078 11039 11040 
4 11080 11079 11040 11041 
4 11042 11081 11080 11041 
4 11042 11043 11082 11081 
4 10626 924 923 10617 
4 11082 11043 923 924 
4 10555 903 904 10564 
4 10810 10771 903 904 
4 10810 10771 10772 10811 
4 10811 10772 10773 10812 
4 10812 10773 10774 10813 
4 10814 10813 10774 10775 
4 10815 10814 10775 10776 
4 10816 10815 10776 10777 
4 10778 10817 10816 10777 
4 10778 10779 10818 10817 
4 10818 10779 10780 10819 
4 10819 10780 10781 10820 
4 10820 10781 10782 10821 
4 10822 10821 10782 10783 
4 10823 10822 10783 10784 
4 10824 10823 10784 10785 
4 10786 10825 10824 10785 
4 10786 10787 10826 10825 
4 10826 10787 10788 10827 
4 10827 10788 10789 10828 
4 10828 10789 10790 10829 
4 10830 10829 10790 10791 
4 10831 10830 10791 10792 
4 10832 10831 10792 10793 
4 10794 10833 10832 10793 
4 10794 10795 10834 10833 
4 10834 10795 10835 10796 
4 10835 10796 10797 10836 
4 10836 10797 10837 10798 
4 10838 10837 10798 10799 
4 10800 10838 10799 10839 
4 10840 10839 10800 10801 
4 10841 10802 10840 10801 
4 10802 10803 10842 10841 
4 10842 10803 10843 10804 
4 10843 10804 10805 10844 
4 10806 10844 10805 10845 
4 10846 10845 10806 10807 
4 10808 10846 10807 10847 
4 10848 10847 10808 10809 
4 917 918 10627 10618 
4 917 918 10848 10809 
4 10555 10564 10565 10556 
4 10618 10627 10628 10619 
4 10556 10565 10566 10557 
4 10620 10619 10628 10629 
4 10558 10557 10566 10567 
4 10620 10629 10630 10621 
4 10559 10558 10567 10568 
4 10622 10621 10630 10631 
4 10560 10559 10568 10569 
4 10622 10631 10632 10623 
4 10570 10561 10560 10569 
4 10624 10623 10632 10633 
4 10570 10571 10562 10561 
4 10634 10625 10624 10633 
4 10562 10571 10572 10563 
4 10634 10635 10626 10625 
4 10563 10572 911 910 
4 910 911 11083 11044 
4 11083 11044 11045 11084 
4 11084 11045 11046 11085 
4 11086 11085 11046 11047 
4 11087 11086 11047 11048 
4 11088 11087 11048 11049 
4 11050 11089 11088 11049 
4 11050 11051 11090 11089 
4 11090 11051 11052 11091 
4 11091 11052 11053 11092 
4 11093 11092 11053 11054 
4 11094 11093 11054 11055 
4 11095 11094 11055 11056 
4 11096 11095 11056 11057 
4 11058 11097 11096 11057 
4 11058 11059 11098 11097 
4 11098 11059 11060 11099 
4 11099 11060 11061 11100 
4 11101 11100 11061 11062 
4 11102 11101 11062 11063 
4 11103 11102 11063 11064 
4 11104 11103 11064 11065 
4 11066 11105 11104 11065 
4 11066 11067 11106 11105 
4 11106 11067 11068 11107 
4 11107 11068 11069 11108 
4 11109 11108 11069 11070 
4 11110 11109 11070 11071 
4 11111 11110 11071 11072 
4 11112 11111 11072 11073 
4 11074 11113 11112 11073 
4 11074 11075 11114 11113 
4 11114 11075 11076 11115 
4 11115 11076 11077 11116 
4 11117 11116 11077 11078 
4 11118 11117 11078 11079 
4 11119 11118 11079 11080 
4 11120 11119 11080 11081 
4 11082 11121 11120 11081 
4 10626 10635 925 924 
4 11082 925 924 11121 
4 10564 904 905 10573 
4 10810 904 905 10849 
4 10810 10811 10850 10849 
4 10850 10811 10851 10812 
4 10851 10812 10813 10852 
4 10814 10852 10813 10853 
4 10854 10853 10814 10815 
4 10816 10854 10815 10855 
4 10856 10855 10816 10817 
4 10857 10818 10856 10817 
4 10818 10819 10858 10857 
4 10858 10819 10859 10820 
4 10859 10820 10821 10860 
4 10822 10860 10821 10861 
4 10862 10861 10822 10823 
4 10824 10862 10823 10863 
4 10864 10863 10824 10825 
4 10865 10826 10864 10825 
4 10826 10827 10866 10865 
4 10866 10827 10828 10867 
4 10868 10867 10828 10829 
4 10868 10829 10830 10869 
4 10870 10869 10830 10831 
4 10870 10831 10832 10871 
4 10872 10871 10832 10833 
4 10834 10873 10872 10833 
4 10834 10835 10874 10873 
4 10874 10835 10836 10875 
4 10876 10875 10836 10837 
4 10876 10837 10838 10877 
4 10878 10877 10838 10839 
4 10878 10839 10840 10879 
4 10880 10879 10840 10841 
4 10842 10881 10880 10841 
4 10842 10843 10882 10881 
4 10882 10843 10844 10883 
4 10884 10883 10844 10845 
4 10884 10845 10846 10885 
4 10886 10885 10846 10847 
4 10886 10847 10848 10887 
4 10636 918 919 10627 
4 918 919 10887 10848 
4 10564 10573 10574 10565 
4 10628 10627 10636 10637 
4 10566 10565 10574 10575 
4 10628 10637 10638 10629 
4 10567 10566 10575 10576 
4 10630 10629 10638 10639 
4 10568 10567 10576 10577 
4 10630 10639 10640 10631 
4 10578 10569 10568 10577 
4 10632 10631 10640 10641 
4 10578 10579 10570 10569 
4 10642 10633 10632 10641 
4 10570 10579 10580 10571 
4 10642 10643 10634 10633 
4 10571 10580 10581 10572 
4 10634 10643 10644 10635 
4 912 10572 10581 911 
4 11122 11083 911 912 
4 11122 11083 11084 11123 
4 11124 11123 11084 11085 
4 11124 11085 11086 11125 
4 11126 11125 11086 11087 
4 11126 11087 11088 11127 
4 11128 11127 11088 11089 
4 11090 11129 11128 11089 
4 11090 11091 11130 11129 
4 11130 11091 11092 11131 
4 11132 11131 11092 11093 
4 11132 11093 11094 11133 
4 11134 11133 11094 11095 
4 11134 11095 11096 11135 
4 11136 11135 11096 11097 
4 11098 11137 11136 11097 
4 11098 11099 11138 11137 
4 11138 11099 11100 11139 
4 11140 11139 11100 11101 
4 11140 11101 11102 11141 
4 11142 11141 11102 11103 
4 11142 11103 11104 11143 
4 11144 11143 11104 11105 
4 11106 11145 11144 11105 
4 11106 11107 11146 11145 
4 11146 11107 11108 11147 
4 11148 11147 11108 11109 
4 11148 11109 11110 11149 
4 11150 11149 11110 11111 
4 11150 11111 11112 11151 
4 11152 11151 11112 11113 
4 11114 11153 11152 11113 
4 11114 11115 11154 11153 
4 11154 11115 11116 11155 
4 11155 11116 11117 11156 
4 11156 11117 11118 11157 
4 11157 11118 11119 11158 
4 11159 11158 11119 11120 
4 11160 11159 11120 11121 
4 925 10635 10644 926 
4 925 926 11160 11121 
4 10582 10573 905 906 
4 905 906 10888 10849 
4 10850 10889 10888 10849 
4 10850 10851 10890 10889 
4 10890 10851 10852 10891 
4 10892 10891 10852 10853 
4 10892 10853 10854 10893 
4 10894 10893 10854 10855 
4 10894 10855 10856 10895 
4 10896 10895 10856 10857 
4 10858 10897 10896 10857 
4 10858 10859 10898 10897 
4 10898 10859 10860 10899 
4 10899 10860 10861 10900 
4 10900 10861 10862 10901 
4 10901 10862 10863 10902 
4 10903 10902 10863 10864 
4 10904 10903 10864 10865 
4 10866 10905 10904 10865 
4 10866 10867 10906 10905 
4 10906 10867 10868 10907 
4 10907 10868 10869 10908 
4 10908 10869 10870 10909 
4 10909 10870 10871 10910 
4 10911 10910 10871 10872 
4 10912 10911 10872 10873 
4 10874 10913 10912 10873 
4 10874 10875 10914 10913 
4 10914 10875 10876 10915 
4 10915 10876 10877 10916 
4 10916 10877 10878 10917 
4 10917 10878 10879 10918 
4 10919 10918 10879 10880 
4 10920 10919 10880 10881 
4 10882 10921 10920 10881 
4 10882 10883 10922 10921 
4 10922 10883 10884 10923 
4 10923 10884 10885 10924 
4 10924 10885 10886 10925 
4 10925 10886 10887 10926 
4 10636 919 920 10645 
4 919 920 10926 10887 
4 10574 10573 10582 10583 
4 10636 10645 10646 10637 
4 10575 10574 10583 10584 
4 10638 10637 10646 10647 
4 10576 10575 10584 10585 
4 10638 10647 10648 10639 
4 10586 10577 10576 10585 
4 10640 10639 10648 10649 
4 10586 10587 10578 10577 
4 10650 10641 10640 10649 
4 10578 10587 10588 10579 
4 10650 10651 10642 10641 
4 10579 10588 10589 10580 
4 10642 10651 10652 10643 
4 10581 10580 10589 10590 
4 10643 10652 10653 10644 
4 912 10581 10590 913 
4 11122 912 913 11161 
4 11122 11123 11162 11161 
4 11162 11123 11124 11163 
4 11163 11124 11125 11164 
4 11164 11125 11126 11165 
4 11165 11126 11127 11166 
4 11167 11166 11127 11128 
4 11168 11167 11128 11129 
4 11130 11169 11168 11129 
4 11130 11131 11170 11169 
4 11170 11131 11132 11171 
4 11171 11132 11133 11172 
4 11172 11133 11134 11173 
4 11173 11134 11135 11174 
4 11175 11174 11135 11136 
4 11176 11175 11136 11137 
4 11138 11177 11176 11137 
4 11138 11139 11178 11177 
4 11178 11139 11140 11179 
4 11179 11140 11141 11180 
4 11180 11141 11142 11181 
4 11181 11142 11143 11182 
4 11183 11182 11143 11144 
4 11184 11183 11144 11145 
4 11146 11185 11184 11145 
4 11146 11147 11186 11185 
4 11186 11147 11148 11187 
4 11187 11148 11149 11188 
4 11188 11149 11150 11189 
4 11190 11189 11150 11151 
4 11191 11190 11151 11152 
4 11192 11191 11152 11153 
4 11154 11193 11192 11153 
4 11154 11155 11194 11193 
4 11194 11155 11156 11195 
4 11195 11156 11157 11196 
4 11196 11157 11158 11197 
4 11198 11197 11158 11159 
4 11199 11198 11159 11160 
4 926 10644 10653 927 
4 926 927 11199 11160 
4 0 10582 906 107 
4 0 10888 906 251 
4 10889 251 10888 252 
4 252 253 10890 10889 
4 10890 254 10891 253 
4 10892 10891 254 255 
4 10892 256 10893 255 
4 257 10894 10893 256 
4 257 10894 258 10895 
4 259 10896 10895 258 
4 10897 259 10896 260 
4 260 10898 261 10897 
4 10898 262 10899 261 
4 10899 262 10900 263 
4 10900 264 10901 263 
4 265 10901 264 10902 
4 10903 265 10902 266 
4 10904 267 10903 266 
4 10905 267 10904 268 
4 268 10906 269 10905 
4 10906 270 10907 269 
4 10907 271 270 10908 
4 271 10908 272 10909 
4 10909 273 272 10910 
4 10911 273 10910 274 
4 10912 10911 275 274 
4 10913 275 10912 276 
4 277 276 10914 10913 
4 10914 278 10915 277 
4 10915 279 278 10916 
4 279 10916 280 10917 
4 10917 281 280 10918 
4 10919 281 10918 282 
4 10920 10919 283 282 
4 10921 283 10920 284 
4 285 284 10922 10921 
4 10922 286 10923 285 
4 10923 287 286 10924 
4 287 10924 288 10925 
4 10925 289 288 10926 
4 10645 920 4 203 
4 289 920 10926 4 
4 10582 10583 107 108 
4 10645 10646 203 204 
4 109 10583 10584 108 
4 205 10646 10647 204 
4 109 110 10584 10585 
4 205 206 10647 10648 
4 10586 110 111 10585 
4 206 207 10648 10649 
4 10586 10587 111 112 
4 10650 207 208 10649 
4 10587 10588 112 113 
4 10650 10651 208 209 
4 10588 10589 113 114 
4 10651 10652 209 210 
4 10589 10590 114 115 
4 10652 10653 210 211 
4 913 10590 3 115 
4 329 3 913 11161 
4 11162 329 330 11161 
4 11162 11163 330 331 
4 11163 11164 331 332 
4 333 11164 11165 332 
4 333 334 11165 11166 
4 334 335 11166 11167 
4 335 336 11167 11168 
4 336 337 11168 11169 
4 11170 337 338 11169 
4 11170 11171 338 339 
4 11171 11172 339 340 
4 341 11172 11173 340 
4 341 342 11173 11174 
4 342 343 11174 11175 
4 343 344 11175 11176 
4 344 345 11176 11177 
4 11178 345 346 11177 
4 11178 11179 346 347 
4 11179 11180 347 348 
4 349 11180 11181 348 
4 349 350 11181 11182 
4 350 351 11182 11183 
4 351 352 11183 11184 
4 352 353 11184 11185 
4 11186 353 354 11185 
4 11186 11187 354 355 
4 11187 11188 355 356 
4 357 11188 11189 356 
4 357 358 11189 11190 
4 358 359 11190 11191 
4 359 360 11191 11192 
4 360 361 11192 11193 
4 11194 361 362 11193 
4 11194 11195 362 363 
4 11195 11196 363 364 
4 365 11196 11197 364 
4 365 366 11197 11198 
4 366 367 11198 11199 
4 7 927 10653 211 
4 7 367 927 11199 

CELL_TYPES 11200
9
9
9
9
9
9
9
9
9
9
9
9
9
9
9
9
9
9
9
9
9
9
9
9
9
9
9
9
9
9
9
9
9
9
9
9
9
9
9
9
9
9
9
9
9
9
9
9
9
9
9
9
9
9
9
9
9
9
9
9
9
9
9
9
9
9
9
9
9
9
9
9
9
9
9
9
9
9
9
9
9
9
9
9
9
9
9
9
9
9
9
9
9
9
9
9
9
9
9
9
9
9
9
9
9
9
9
9
9
9
9
9
9
9
9
9
9
9
9
9
9
9
9
9
9
9
9
9
9
9
9
9
9
9
9
9
9
9
9
9
9
9
9
9
9
9
9
9
9
9
9
9
9
9
9
9
9
9
9
9
9
9
9
9
9
9
9
9
9
9
9
9
9
9
9
9
9
9
9
9
9
9
9
9
9
9
9
9
9
9
9
9
9
9
9
9
9
9
9
9
9
9
9
9
9
9
9
9
9
9
9
9
9
9
9
9
9
9
9
9
9
9
9
9
9
9
9
9
9
9
9
9
9
9
9
9
9
9
9
9
9
9
9
9
9
9
9
9
9
9
9
9
9
9
9
9
9
9
9
9
9
9
9
9
9
9
9
9
9
9
9
9
9
9
9
9
9
9
9
9
9
9
9
9
9
9
9
9
9
9
9
9
9
9
9
9
9
9
9
9
9
9
9
9
9
9
9
9
9
9
9
9
9
9
9
9
9
9
9
9
9
9
9
9
9
9
9
9
9
9
9
9
9
9
9
9
9
9
9
9
9
9
9
9
9
9
9
9
9
9
9
9
9
9
9
9
9
9
9
9
9
9
9
9
9
9
9
9
9
9
9
9
9
9
9
9
9
9
9
9
9
9
9
9
9
9
9
9
9
9
9
9
9
9
9
9
9
9
9
9
9
9
9
9
9
9
9
9
9
9
9
9
9
9
9
9
9
9
9
9
9
9
9
9
9
9
9
9
9
9
9
9
9
9
9
9
9
9
9
9
9
9
9
9
9
9
9
9
9
9
9
9
9
9
9
9
9
9
9
9
9
9
9
9
9
9
9
9
9
9
9
9
9
9
9
9
9
9
9
9
9
9
9
9
9
9
9
9
9
9
9
9
9
9
9
9
9
9
9
9
9
9
9
9
9
9
9
9
9
9
9
9
9
9
9
9
9
9
9
9
9
9
9
9
9
9
9
9
9
9
9
9
9
9
9
9
9
9
9
9
9
9
9
9
9
9
9
9
9
9
9
9
9
9
9
9
9
9
9
9
9
9
9
9
9
9
9
9
9
9
9
9
9
9
9
9
9
9
9
9
9
9
9
9
9
9
9
9
9
9
9
9
9
9
9
9
9
9
9
9
9
9
9
9
9
9
9
9
9
9
9
9
9
9
9
9
9
9
9
9
9
9
9
9
9
9
9
9
9
9
9
9
9
9
9
9
9
9
9
9
9
9
9
9
9
9
9
9
9
9
9
9
9
9
9
9
9
9
9
9
9
9
9
9
9
9
9
9
9
9
9
9
9
9
9
9
9
9
9
9
9
9
9
9
9
9
9
9
9
9
9
9
9
9
9
9
9
9
9
9
9
9
9
9
9
9
9
9
9
9
9
9
9
9
9
9
9
9
9
9
9
9
9
9
9
9
9
9
9
9
9
9
9
9
9
9
9
9
9
9
9
9
9
9
9
9
9
9
9
9
9
9
9
9
9
9
9
9
9
9
9
9
9
9
9
9
9
9
9
9
9
9
9
9
9
9
9
9
9
9
9
9
9
9
9
9
9
9
9
9
9
9
9
9
9
9
9
9
9
9
9
9
9
9
9
9
9
9
9
9
9
9
9
9
9
9
9
9
9
9
9
9
9
9
9
9
9
9
9
9
9
9
9
9
9
9
9
9
9
9
9
9
9
9
9
9
9
9
9
9
9
9
9
9
9
9
9
9
9
9
9
9
9
9
9
9
9
9
9
9
9
9
9
9
9
9
9
9
9
9
9
9
9
9
9
9
9
9
9
9
9
9
9
9
9
9
9
9
9
9
9
9
9
9
9
9
9
9
9
9
9
9
9
9
9
9
9
9
9
9
9
9
9
9
9
9
9
9
9
9
9
9
9
9
9
9
9
9
9
9
9
9
9
9
9
9
9
9
9
9
9
9
9
9
9
9
9
9
9
9
9
9
9
9
9
9
9
9
9
9
9
9
9
9
9
9
9
9
9
9
9
9
9
9
9
9
9
9
9
9
9
9
9
9
9
9
9
9
9
9
9
9
9
9
9
9
9
9
9
9
9
9
9
9
9
9
9
9
9
9
9
9
9
9
9
9
9
9
9
9
9
9
9
9
9
9
9
9
9
9
9
9
9
9
9
9
9
9
9
9
9
9
9
9
9
9
9
9
9
9
9
9
9
9
9
9
9
9
9
9
9
9
9
9
9
9
9
9
9
9
9
9
9
9
9
9
9
9
9
9
9
9
9
9
9
9
9
9
9
9
9
9
9
9
9
9
9
9
9
9
9
9
9
9
9
9
9
9
9
9
9
9
9
9
9
9
9
9
9
9
9
9
9
9
9
9
9
9
9
9
9
9
9
9
9
9
9
9
9
9
9
9
9
9
9
9
9
9
9
9
9
9
9
9
9
9
9
9
9
9
9
9
9
9
9
9
9
9
9
9
9
9
9
9
9
9
9
9
9
9
9
9
9
9
9
9
9
9
9
9
9
9
9
9
9
9
9
9
9
9
9
9
9
9
9
9
9
9
9
9
9
9
9
9
9
9
9
9
9
9
9
9
9
9
9
9
9
9
9
9
9
9
9
9
9
9
9
9
9
9
9
9
9
9
9
9
9
9
9
9
9
9
9
9
9
9
9
9
9
9
9
9
9
9
9
9
9
9
9
9
9
9
9
9
9
9
9
9
9
9
9
9
9
9
9
9
9
9
9
9
9
9
9
9
9
9
9
9
9
9
9
9
9
9
9
9
9
9
9
9
9
9
9
9
9
9
9
9
9
9
9
9
9
9
9
9
9
9
9
9
9
9
9
9
9
9
9
9
9
9
9
9
9
9
9
9
9
9
9
9
9
9
9
9
9
9
9
9
9
9
9
9
9
9
9
9
9
9
9
9
9
9
9
9
9
9
9
9
9
9
9
9
9
9
9
9
9
9
9
9
9
9
9
9
9
9
9
9
9
9
9
9
9
9
9
9
9
9
9
9
9
9
9
9
9
9
9
9
9
9
9
9
9
9
9
9
9
9
9
9
9
9
9
9
9
9
9
9
9
9
9
9
9
9
9
9
9
9
9
9
9
9
9
9
9
9
9
9
9
9
9
9
9
9
9
9
9
9
9
9
9
9
9
9
9
9
9
9
9
9
9
9
9
9
9
9
9
9
9
9
9
9
9
9
9
9
9
9
9
9
9
9
9
9
9
9
9
9
9
9
9
9
9
9
9
9
9
9
9
9
9
9
9
9
9
9
9
9
9
9
9
9
9
9
9
9
9
9
9
9
9
9
9
9
9
9
9
9
9
9
9
9
9
9
9
9
9
9
9
9
9
9
9
9
9
9
9
9
9
9
9
9
9
9
9
9
9
9
9
9
9
9
9
9
9
9
9
9
9
9
9
9
9
9
9
9
9
9
9
9
9
9
9
9
9
9
9
9
9
9
9
9
9
9
9
9
9
9
9
9
9
9
9
9
9
9
9
9
9
9
9
9
9
9
9
9
9
9
9
9
9
9
9
9
9
9
9
9
9
9
9
9
9
9
9
9
9
9
9
9
9
9
9
9
9
9
9
9
9
9
9
9
9
9
9
9
9
9
9
9
9
9
9
9
9
9
9
9
9
9
9
9
9
9
9
9
9
9
9
9
9
9
9
9
9
9
9
9
9
9
9
9
9
9
9
9
9
9
9
9
9
9
9
9
9
9
9
9
9
9
9
9
9
9
9
9
9
9
9
9
9
9
9
9
9
9
9
9
9
9
9
9
9
9
9
9
9
9
9
9
9
9
9
9
9
9
9
9
9
9
9
9
9
9
9
9
9
9
9
9
9
9
9
9
9
9
9
9
9
9
9
9
9
9
9
9
9
9
9
9
9
9
9
9
9
9
9
9
9
9
9
9
9
9
9
9
9
9
9
9
9
9
9
9
9
9
9
9
9
9
9
9
9
9
9
9
9
9
9
9
9
9
9
9
9
9
9
9
9
9
9
9
9
9
9
9
9
9
9
9
9
9
9
9
9
9
9
9
9
9
9
9
9
9
9
9
9
9
9
9
9
9
9
9
9
9
9
9
9
9
9
9
9
9
9
9
9
9
9
9
9
9
9
9
9
9
9
9
9
9
9
9
9
9
9
9
9
9
9
9
9
9
9
9
9
9
9
9
9
9
9
9
9
9
9
9
9
9
9
9
9
9
9
9
9
9
9
9
9
9
9
9
9
9
9
9
9
9
9
9
9
9
9
9
9
9
9
9
9
9
9
9
9
9
9
9
9
9
9
9
9
9
9
9
9
9
9
9
9
9
9
9
9
9
9
9
9
9
9
9
9
9
9
9
9
9
9
9
9
9
9
9
9
9
9
9
9
9
9
9
9
9
9
9
9
9
9
9
9
9
9
9
9
9
9
9
9
9
9
9
9
9
9
9
9
9
9
9
9
9
9
9
9
9
9
9
9
9
9
9
9
9
9
9
9
9
9
9
9
9
9
9
9
9
9
9
9
9
9
9
9
9
9
9
9
9
9
9
9
9
9
9
9
9
9
9
9
9
9
9
9
9
9
9
9
9
9
9
9
9
9
9
9
9
9
9
9
9
9
9
9
9
9
9
9
9
9
9
9
9
9
9
9
9
9
9
9
9
9
9
9
9
9
9
9
9
9
9
9
9
9
9
9
9
9
9
9
9
9
9
9
9
9
9
9
9
9
9
9
9
9
9
9
9
9
9
9
9
9
9
9
9
9
9
9
9
9
9
9
9
9
9
9
9
9
9
9
9
9
9
9
9
9
9
9
9
9
9
9
9
9
9
9
9
9
9
9
9
9
9
9
9
9
9
9
9
9
9
9
9
9
9
9
9
9
9
9
9
9
9
9
9
9
9
9
9
9
9
9
9
9
9
9
9
9
9
9
9
9
9
9
9
9
9
9
9
9
9
9
9
9
9
9
9
9
9
9
9
9
9
9
9
9
9
9
9
9
9
9
9
9
9
9
9
9
9
9
9
9
9
9
9
9
9
9
9
9
9
9
9
9
9
9
9
9
9
9
9
9
9
9
9
9
9
9
9
9
9
9
9
9
9
9
9
9
9
9
9
9
9
9
9
9
9
9
9
9
9
9
9
9
9
9
9
9
9
9
9
9
9
9
9
9
9
9
9
9
9
9
9
9
9
9
9
9
9
9
9
9
9
9
9
9
9
9
9
9
9
9
9
9
9
9
9
9
9
9
9
9
9
9
9
9
9
9
9
9
9
9
9
9
9
9
9
9
9
9
9
9
9
9
9
9
9
9
9
9
9
9
9
9
9
9
9
9
9
9
9
9
9
9
9
9
9
9
9
9
9
9
9
9
9
9
9
9
9
9
9
9
9
9
9
9
9
9
9
9
9
9
9
9
9
9
9
9
9
9
9
9
9
9
9
9
9
9
9
9
9
9
9
9
9
9
9
9
9
9
9
9
9
9
9
9
9
9
9
9
9
9
9
9
9
9
9
9
9
9
9
9
9
9
9
9
9
9
9
9
9
9
9
9
9
9
9
9
9
9
9
9
9
9
9
9
9
9
9
9
9
9
9
9
9
9
9
9
9
9
9
9
9
9
9
9
9
9
9
9
9
9
9
9
9
9
9
9
9
9
9
9
9
9
9
9
9
9
9
9
9
9
9
9
9
9
9
9
9
9
9
9
9
9
9
9
9
9
9
9
9
9
9
9
9
9
9
9
9
9
9
9
9
9
9
9
9
9
9
9
9
9
9
9
9
9
9
9
9
9
9
9
9
9
9
9
9
9
9
9
9
9
9
9
9
9
9
9
9
9
9
9
9
9
9
9
9
9
9
9
9
9
9
9
9
9
9
9
9
9
9
9
9
9
9
9
9
9
9
9
9
9
9
9
9
9
9
9
9
9
9
9
9
9
9
9
9
9
9
9
9
9
9
9
9
9
9
9
9
9
9
9
9
9
9
9
9
9
9
9
9
9
9
9
9
9
9
9
9
9
9
9
9
9
9
9
9
9
9
9
9
9
9
9
9
9
9
9
9
9
9
9
9
9
9
9
9
9
9
9
9
9
9
9
9
9
9
9
9
9
9
9
9
9
9
9
9
9
9
9
9
9
9
9
9
9
9
9
9
9
9
9
9
9
9
9
9
9
9
9
9
9
9
9
9
9
9
9
9
9
9
9
9
9
9
9
9
9
9
9
9
9
9
9
9
9
9
9
9
9
9
9
9
9
9
9
9
9
9
9
9
9
9
9
9
9
9
9
9
9
9
9
9
9
9
9
9
9
9
9
9
9
9
9
9
9
9
9
9
9
9
9
9
9
9
9
9
9
9
9
9
9
9
9
9
9
9
9
9
9
9
9
9
9
9
9
9
9
9
9
9
9
9
9
9
9
9
9
9
9
9
9
9
9
9
9
9
9
9
9
9
9
9
9
9
9
9
9
9
9
9
9
9
9
9
9
9
9
9
9
9
9
9
9
9
9
9
9
9
9
9
9
9
9
9
9
9
9
9
9
9
9
9
9
9
9
9
9
9
9
9
9
9
9
9
9
9
9
9
9
9
9
9
9
9
9
9
9
9
9
9
9
9
9
9
9
9
9
9
9
9
9
9
9
9
9
9
9
9
9
9
9
9
9
9
9
9
9
9
9
9
9
9
9
9
9
9
9
9
9
9
9
9
9
9
9
9
9
9
9
9
9
9
9
9
9
9
9
9
9
9
9
9
9
9
9
9
9
9
9
9
9
9
9
9
9
9
9
9
9
9
9
9
9
9
9
9
9
9
9
9
9
9
9
9
9
9
9
9
9
9
9
9
9
9
9
9
9
9
9
9
9
9
9
9
9
9
9
9
9
9
9
9
9
9
9
9
9
9
9
9
9
9
9
9
9
9
9
9
9
9
9
9
9
9
9
9
9
9
9
9
9
9
9
9
9
9
9
9
9
9
9
9
9
9
9
9
9
9
9
9
9
9
9
9
9
9
9
9
9
9
9
9
9
9
9
9
9
9
9
9
9
9
9
9
9
9
9
9
9
9
9
9
9
9
9
9
9
9
9
9
9
9
9
9
9
9
9
9
9
9
9
9
9
9
9
9
9
9
9
9
9
9
9
9
9
9
9
9
9
9
9
9
9
9
9
9
9
9
9
9
9
9
9
9
9
9
9
9
9
9
9
9
9
9
9
9
9
9
9
9
9
9
9
9
9
9
9
9
9
9
9
9
9
9
9
9
9
9
9
9
9
9
9
9
9
9
9
9
9
9
9
9
9
9
9
9
9
9
9
9
9
9
9
9
9
9
9
9
9
9
9
9
9
9
9
9
9
9
9
9
9
9
9
9
9
9
9
9
9
9
9
9
9
9
9
9
9
9
9
9
9
9
9
9
9
9
9
9
9
9
9
9
9
9
9
9
9
9
9
9
9
9
9
9
9
9
9
9
9
9
9
9
9
9
9
9
9
9
9
9
9
9
9
9
9
9
9
9
9
9
9
9
9
9
9
9
9
9
9
9
9
9
9
9
9
9
9
9
9
9
9
9
9
9
9
9
9
9
9
9
9
9
9
9
9
9
9
9
9
9
9
9
9
9
9
9
9
9
9
9
9
9
9
9
9
9
9
9
9
9
9
9
9
9
9
9
9
9
9
9
9
9
9
9
9
9
9
9
9
9
9
9
9
9
9
9
9
9
9
9
9
9
9
9
9
9
9
9
9
9
9
9
9
9
9
9
9
9
9
9
9
9
9
9
9
9
9
9
9
9
9
9
9
9
9
9
9
9
9
9
9
9
9
9
9
9
9
9
9
9
9
9
9
9
9
9
9
9
9
9
9
9
9
9
9
9
9
9
9
9
9
9
9
9
9
9
9
9
9
9
9
9
9
9
9
9
9
9
9
9
9
9
9
9
9
9
9
9
9
9
9
9
9
9
9
9
9
9
9
9
9
9
9
9
9
9
9
9
9
9
9
9
9
9
9
9
9
9
9
9
9
9
9
9
9
9
9
9
9
9
9
9
9
9
9
9
9
9
9
9
9
9
9
9
9
9
9
9
9
9
9
9
9
9
9
9
9
9
9
9
9
9
9
9
9
9
9
9
9
9
9
9
9
9
9
9
9
9
9
9
9
9
9
9
9
9
9
9
9
9
9
9
9
9
9
9
9
9
9
9
9
9
9
9
9
9
9
9
9
9
9
9
9
9
9
9
9
9
9
9
9
9
9
9
9
9
9
9
9
9
9
9
9
9
9
9
9
9
9
9
9
9
9
9
9
9
9
9
9
9
9
9
9
9
9
9
9
9
9
9
9
9
9
9
9
9
9
9
9
9
9
9
9
9
9
9
9
9
9
9
9
9
9
9
9
9
9
9
9
9
9
9
9
9
9
9
9
9
9
9
9
9
9
9
9
9
9
9
9
9
9
9
9
9
9
9
9
9
9
9
9
9
9
9
9
9
9
9
9
9
9
9
9
9
9
9
9
9
9
9
9
9
9
9
9
9
9
9
9
9
9
9
9
9
9
9
9
9
9
9
9
9
9
9
9
9
9
9
9
9
9
9
9
9
9
9
9
9
9
9
9
9
9
9
9
9
9
9
9
9
9
9
9
9
9
9
9
9
9
9
9
9
9
9
9
9
9
9
9
9
9
9
9
9
9
9
9
9
9
9
9
9
9
9
9
9
9
9
9
9
9
9
9
9
9
9
9
9
9
9
9
9
9
9
9
9
9
9
9
9
9
9
9
9
9
9
9
9
9
9
9
9
9
9
9
9
9
9
9
9
9
9
9
9
9
9
9
9
9
9
9
9
9
9
9
9
9
9
9
9
9
9
9
9
9
9
9
9
9
9
9
9
9
9
9
9
9
9
9
9
9
9
9
9
9
9
9
9
9
9
9
9
9
9
9
9
9
9
9
9
9
9
9
9
9
9
9
9
9
9
9
9
9
9
9
9
9
9
9
9
9
9
9
9
9
9
9
9
9
9
9
9
9
9
9
9
9
9
9
9
9
9
9
9
9
9
9
9
9
9
9
9
9
9
9
9
9
9
9
9
9
9
9
9
9
9
9
9
9
9
9
9
9
9
9
9
9
9
9
9
9
9
9
9
9
9
9
9
9
9
9
9
9
9
9
9
9
9
9
9
9
9
9
9
9
9
9
9
9
9
9
9
9
9
9
9
9
9
9
9
9
9
9
9
9
9
9
9
9
9
9
9
9
9
9
9
9
9
9
9
9
9
9
9
9
9
9
9
9
9
9
9
9
9
9
9
9
9
9
9
9
9
9
9
9
9
9
9
9
9
9
9
9
9
9
9
9
9
9
9
9
9
9
9
9
9
9
9
9
9
9
9
9
9
9
9
9
9
9
9
9
9
9
9
9
9
9
9
9
9
9
9
9
9
9
9
9
9
9
9
9
9
9
9
9
9
9
9
9
9
9
9
9
9
9
9
9
9
9
9
9
9
9
9
9
9
9
9
9
9
9
9
9
9
9
9
9
9
9
9
9
9
9
9
9
9
9
9
9
9
9
9
9
9
9
9
9
9
9
9
9
9
9
9
9
9
9
9
9
9
9
9
9
9
9
9
9
9
9
9
9
9
9
9
9
9
9
9
9
9
9
9
9
9
9
9
9
9
9
9
9
9
9
9
9
9
9
9
9
9
9
9
9
9
9
9
9
9
9
9
9
9
9
9
9
9
9
9
9
9
9
9
9
9
9
9
9
9
9
9
9
9
9
9
9
9
9
9
9
9
9
9
9
9
9
9
9
9
9
9
9
9
9
9
9
9
9
9
9
9
9
9
9
9
9
9
9
9
9
9
9
9
9
9
9
9
9
9
9
9
9
9
9
9
9
9
9
9
9
9
9
9
9
9
9
9
9
9
9
9
9
9
9
9
9
9
9
9
9
9
9
9
9
9
9
9
9
9
9
9
9
9
9
9
9
9
9
9
9
9
9
9
9
9
9
9
9
9
9
9
9
9
9
9
9
9
9
9
9
9
9
9
9
9
9
9
9
9
9
9
9
9
9
9
9
9
9
9
9
9
9
9
9
9
9
9
9
9
9
9
9
9
9
9
9
9
9
9
9
9
9
9
9
9
9
9
9
9
9
9
9
9
9
9
9
9
9
9
9
9
9
9
9
9
9
9
9
9
9
9
9
9
9
9
9
9
9
9
9
9
9
9
9
9
9
9
9
9
9
9
9
9
9
9
9
9
9
9
9
9
9
9
9
9
9
9
9
9
9
9
9
9
9
9
9
9
9
9
9
9
9
9
9
9
9
9
9
9
9
9
9
9
9
9
9
9
9
9
9
9
9
9
9
9
9
9
9
9
9
9
9
9
9
9
9
9
9
9
9
9
9
9
9
9
9
9
9
9
9
9
9
9
9
9
9
9
9
9
9
9
9
9
9
9
9
9
9
9
9
9
9
9
9
9
9
9
9
9
9
9
9
9
9
9
9
9
9
9
9
9
9
9
9
9
9
9
9
9
9
9
9
9
9
9
9
9
9
9
9
9
9
9
9
9
9
9
9
9
9
9
9
9
9
9
9
9
9
9
9
9
9
9
9
9
9
9
9
9
9
9
9
9
9
9
9
9
9
9
9
9
9
9
9
9
9
9
9
9
9
9
9
9
9
9
9
9
9
9
9
9
9
9
9
9
9
9
9
9
9
9
9
9
9
9
9
9
9
9
9
9
9
9
9
9
9
9
9
9
9
9
9
9
9
9
9
9
9
9
9
9
9
9
9
9
9
9
9
9
9
9
9
9
9
9
9
9
9
9
9
9
9
9
9
9
9
9
9
9
9
9
9
9
9
9
9
9
9
9
9
9
9
9
9
9
9
9
9
9
9
9
9
9
9
9
9
9
9
9
9
9
9
9
9
9
9
9
9
9
9
9
9
9
9
9
9
9
9
9
9
9
9
9
9
9
9
9
9
9
9
9
9
9
9
9
9
9
9
9
9
9
9
9
9
9
9
9
9
9
9
9
9
9
9
9
9
9
9
9
9
9
9
9
9
9
9
9
9
9
9
9
9
9
9
9
9
9
9
9
9
9
9
9
9
9
9
9
9
9
9
9
9
9
9
9
9
9
9
9
9
9
9
9
9
9
9
9
9
9
9
9
9
9
9
9
9
9
9
9
9
9
9
9
9
9
9
9
9
9
9
9
9
9
9
9
9
9
9
9
9
9
9
9
9
9
9
9
9
9
9
9
9
9
9
9
9
9
9
9
9
9
9
9
9
9
9
9
9
9
9
9
9
9
9
9
9
9
9
9
9
9
9
9
9
9
9
9
9
9
9
9
9
9
9
9
9
9
9
9
9
9
9
9
9
9
9
9
9
9
9
9
9
9
9
9
9
9
9
9
9
9
9
9
9
9
9
9
9
9
9
9
9
9
9
9
9
9
9
9
9
9
9
9
9
9
9
9
9
9
9
9
9
9
9
9
9
9
9
9
9
9
9
9
9
9
9
9
9
9
9
9
9
9
9
9
9
9
9
9
9
9
9
9
9
9
9
9
9
9
9
9
9
9
9
9
9
9
9
9
9
9
9
9
9
9
9
9
9
9
9
9
9
9
9
9
9
9
9
9
9
9
9
9
9
9
9
9
9
9
9
9
9
9
9
9
9
9
9
9
9
9
9
9
9
9
9
9
9
9
9
9
9
9
9
9
9
9
9
9
9
9
9
9
9
9
9
9
9
9
9
9
9
9
9
9
9
9
9
9
9
9
9
9
9
9
9
9
9
9
9
9
9
9
9
9
9
9
9
9
9
9
9
9
9
9
9
9
9
9
9
9
9
9
9
9
9
9
9
9
9
9
9
9
9
9
9
9
9
9
9
9
9
9
9
9
9
9
9
9
9
9
9
9
9
9
9
9
9
9
9
9
9
9
9
9
9
9
9
9
9
9
9
9
9
9
9
9
9
9
9
9
9
9
9
9
9
9
9
9
9
9
9
9
9
9
9
9
9
9
9
9
9
9
9
9
9
9
9
9
9
9
9
9
9
9
9
9
9
9
9
9
9
9
9
9
9
9
9
9
9
9
9
9
9
9
9
9
9
9
9
9
9
9
9
9
9
9
9
9
9
9
9
9
9
9
9
9
9
9
9
9
9
9
9
9
9
9
9
9
9
9
9
9
9
9
9
9
9
9
9
9
9
9
9
9
9
9
9
9
9
9
9
9
9
9
9
9
9
9
9
9
9
9
9
9
9
9
9
9
9
9
9
9
9
9
9
9
9
9
9
9
9
9
9
9
9
9
9
9
9
9
9
9
9
9
9
9
9
9
9
9
9
9
9
9
9
9
9
9
9
9
9
9
9
9
9
9
9
9
9
9
9
9
9
9
9
9
9
9
9
9
9
9
9
9
9
9
9
9
9
9
9
9
9
9
9
9
9
9
9
9
9
9
9
9
9
9
9
9
9
9
9
9
9
9
9
9
9
9
9
9
9
9
9
9
9
9
9
9
9
9
9
9
9
9
9
9
9
9
9
9
9
9
9
9
9
9
9
9
9
9
9
9
9
9
9
9
9
9
9
9
9
9
9
9
9
9
9
9
9
9
9
9
9
9
9
9
9
9
9
9
9
9
9
9
9
9
9
9
9
9
9
9
9
9
9
9
9
9
9
9
9
9
9
9
9
9
9
9
9
9
9
9
9
9
9
9
9
9
9
9
9
9
9
9
9
9
9
9
9
9
9
9
9
9
9
9
9
9
9
9
9
9
9
9
9
9
9
9
9
9
9
9
9
9
9
9
9
9
9
9
9
9
9
9
9
9
9
9
9
9
9
9
9
9
9
9
9
9
9
9
9
9
9
9
9
9
9
9
9
9
9
9
9
9
9
9
9
9
9
9
9
9
9
9
9
9
9
9
9
9
9
9
9
9
9
9
9
9
9
9
9
9
9
9
9
9
9
9
9
9
9
9
9
9
9
9
9
9
9
9
9
9
9
9
9
9
9
9
9
9
9
9
9
9
9
9
9
9
9
9
9
9
9
9
9
9
9
9
9
9
9
9
9
9
9
9
9
9
9
9
9
9
9
9
9
9
9
9
9
9
9
9
9
9
9
9
9
9
9
9
9
9
9
9
9
9
9
9
9
9
9
9
9
9
9
9
9
9
9
9
9
9
9
9
9
9
9
9
9
9
9
9
9
9
9
9
9
9
9
9
9
9
9
9
9
9
9
9
9
9
9
9
9
9
9
9
9
9
9
9
9
9
9
9
9
9
9
9
9
9
9
9
9
9
9
9
9
9
9
9
9
9
9
9
9
9
9
9
9
9
9
9
9
9
9
9
9
9
9
9
9
9
9
9
9
9
9
9
9
9
9
9
9
9
9
9
9
9
9
9
9
9
9
9
9
9
9
9
9
9
9
9
9
9
9
9
9
9
9
9
9
9
9
9
9
9
9
9
9
9
9
9
9
9
9
9
9
9
9
9
9
9
9
9
9
9
9
9
9
9
9
9
9
9
9
9
9
9
9
9
9
9
9
9
9
9
9
9
9
9
9
9
9
9
9
9
9
9
9
9
9
9
9
9
9
9
9
9
9
9
9
9
9
9
9
9
9
9
9
9
9
9
9
9
9
9
9
9
9
9
9
9
9
9
9
9
9
9
9
9
9
9
9
9
9
9
9
9
9
9
9
9
9
9
9
9
9
9
9
9
9
9
9
9
9
9
9
9
9
9
9
9
9
9
9
9
9
9
9
9
9
9
9
9
9
9
9
9
9
9
9
9
9
9
9
9
9
9
9
9
9
9
9
9
9
9
9
9
9
9
9
9
9
9
9
9
9
9
9
9
9
9
9
9
9
9
9
9
9
9
9
9
9
9
9
9
9
9
9
9
9
9
9
9
9
9
9
9
9
9
9
9
9
9
9
9
9
9
9
9
9
9
9
9
9
9
9
9
9
9
9
9
9
9
9
9
9
9
9
9
9
9
9
9
9
9
9
9
9
9
9
9
9
9
9
9
9
9
9
9
9
9
9
9
9
9
9
9
9
9
9
9
9
9
9
9
9
9
9
9
9
9
9
9
9
9
9
9
9
9
9
9
9
9
9
9
9
9
9
9
9
9
9
9
9
9
9
9
9
9
9
9
9
9
9
9
9
9
9
9
9
9
9
9
9
9
9
9
9
9
9
9
9
9
9
9
9
9
9
9
9
9
9
9
9
9
9
9
9
9
9
9
9
9
9
9
9
9
9
9
9
9
9
9
9
9
9
9
9
9
9
9
9
9
9
9
9
9
9
9
9
9
9
9
9
9
9
9
9
9
9
9
9
9
9
9
9
9
9
9
9
9
9
9
9
9
9
9
9
9
9
9
9
9
9
9
9
9
9
9
9
9
9
9
9
9
9
9
9
9
9
9
9
9
9
9
9
9
9
9
9
9
9
9
9
9
9
9
9
9
9
9
9
9
9
9
9
9
9
9
9
9
9
9
9
9
9
9
9
9
9
9
9
9
9
9
9
9
9
9
9
9
9
9
9
9
9
9
9
9
9
9
9
9
9
9
9
9
9
9
9
9
9
9
9
9
9
9
9
9
9
9
9
9
9
9
9
9
9
9
9
9
9
9
9
9
9
9
9
9
9
9
9
9
9
9
9
9
9
9
9
9
9
9
9
9
9
9
9
9
9
9
9
9
9
9
9
9
9
9
9
9
9
9
9
9
9
9
9
9
9
9
9
9
9
9
9
9
9
9
9
9
9
9
9
9
9
9
9
9
9
9
9
9
9
9
9
9
9
9
9
9
9
9
9
9
9
9
9
9
9
9
9
9
9
9
9
9
9
9
9
9
9
9
9
9
9
9
9
9
9
9
9
9
9
9
9
9
9
9
9
9
9
9
9
9
9
9
9
9
9
9
9
9
9
9
9
9
9
9
9
9
9
9
9
9
9
9
9
9
9
9
9
9
9
9
9
9
9
9
9
9
9
9
9
9
9
9
9
9
9
9
9
9
9
9
9
9
9
9
9
9
9
9
9
9
9
9
9
9
9
9
9
9
9
9
9
9
9
9
9
9
9
9
9
9
9
9
9
9
9
9
9
9
9
9
9
9
9
9
9
9
9
9
9
9
9
9
9
9
9
9
9
9
9
9
9
9
9
9
9
9
9
9
9
9
9
9
9
9
9
9
9
9
9
9
9
9
9
9
9
9
9
9
9
9
9
9
9
9
9
9
9
9
9
9
9
9
9
9
9
9
9
9
9
9
9
9
9
9
9
9
9
9
9
9
9
9
9
9
9
9
9
9
9
9
9
9
9
9
9
9
9
9
9
9
9
9
9
9
9
9
9
9
9
9
9
9
9
9
9
9
9
9
9
9
9
9
9
9
9
9
9
9
9
9
9
9
9
9
9
9
9
9
9
9
9
9
9
9
9
9
9
9
9
9
9
9
9
9
9
9
9
9
9
9
9
9
9
9
9
9
9
9
9
9
9
9
9
9
9
9
9
9
9
9
9
9
9
9
9
9
9
9
9
9
9
9
9
9
9
9
9
9
9
9
9
9
9
9
9
9
9
9
9
9
9
9
9
9
9
9
9
9
9
9
9
9
9
9
9
9
9
9
9
9
9
9
9
9
9
9
9
9
9
9
9
9
9
9
9
9
9
9
9
9
9
9
9
9
9
9
9
9
9
9
9
9
9
9
9
9
9
9
9
9
9
9
9
9
9
9
9
9
9
9
9
9
9
9
9
9
9
9
9
9
9
9
9
9
9
9
9
9
9
9
9
9
9
9
9
9
9
9
9
9
9
9
9
9
9
9
9
9
9
9
9
9
9
9
9
9
9
9
9
9
9
9
9
9
9
9
9
9
9
9
9
9
9
9
9
9
9
9
9
9
9
9
9
9
9
9
9
9
9
9
9
9
9
9
9
9
9
9
9
9
9
9
9
9
9
9
9
9
9
9
9
9
9
9
9
9
9
9
9
9
9
9
9
9
9
9
9
9
9
9
9
9
9
9
9
9
9
9
9
9
9
9
9
9
9
9
9
9
9
9
9
9
9
9
9
9
9
9
9
9
9
9
9
9
9
9
9
9
9
9
9
9
9
9
9
9
9
9
9
9
9
9
9
9
9
9
9
9
9
9
9
9
9
9
9
9
9
9
9
9
9
9
9
9
9
9
9
9
9
9
9
9
9
9
9
9
9
9
9
9
9
9
9
9
9
9
9
9
9
9
9
9
9
9
9
9
9
9
9
9
9
9
9
9
9
9
9
9
9
9
9
9
9
9
9
9
9
9
9
9
9
9
9
9
9
9
9
9
9
9
9
9
9
9
9
9
9
9
9
9
9
9
9
9
9
9
9
9
9
9
9
9
9
9
9
9
9
9
9
9
9
9
9
9
9
9
9
9
9
9
9
9
9
9
9
9
9
9
9
9
9
9
9
9
9
9
9
9
9
9
9
9
9
9
9
9
9
9
9
9
9
9
9
9
9
9
9
9
9
9
9
9
9
9
9
9
9
9
9
9
9
9
9
9
9
9
9
9
9
9
9
9
9
9
9
9
9
9
9
9
9
9
9
9
9
9
9
9
9
9
9
9
9
9
9
9
9
9
9
9
9
9
9
9
9
9
9
9
9
9
9
9
9
9
9
9
9
9
9
9
9
9
9
9
9
9
9
9
9
9
9
9
9
9
9
9
9
9
9
9
9
9
9
9
9
9
9
9
9
9
9
9
9
9
9
9
9
9
9
9
9
9
9
9
9
9
9
9
9
9
9
9
9
9
9
9
9
9
9
9
9
9
9
9
9
9
9
9
9
9
9
9
9
9
9
9
9
9
9
9
9
9
9
9
9
9
9
9
9
9
9
9
9
9
9
9
9
9
9
9
9
9
9
9
9
9
9
9
9
9
9
9
9
9
9
9
9
9
9
9
9
9
9
9
9
9
9
9
9
9
9
9
9
9
9
9
9
9
9
9
9
9
9
9
9
9
9
9
9
9
9
9
9
9
9
9
9
9
9
9
9
9
9
9
9
9
9
9
9
9
9
9
9
9
9
9
9
9
9
9
9
9
9
9
9
9
9
9
9
9
9
9
9
9
9
9
9
9
9
9
9
9
9
9
9
9
9
9
9
9
9
9
9
9
9
9
9
9
9
9
9
9
9
9
9
9
9
9
9
9
9
9
9
9
9
9
9
9
9
9
9
9
9
9
9
9
9
9
9
9
9
9
9
9
9
9
9
9
9
9
9
9
9
9
9
9
9
9
9
9
9
9
9
9
9
9
9
9
9
9
9
9
9
9
9
9
9
9
9
9
9
9
9
9
9
9
9
9
9
9
9
9
9
9
9
9
9
9
9
9
9
9
9
9
9
9
9
9
9
9
9
9
9
9
9
9
9
9
9
9
9
9
9
9
9
9
9
9
9
9
9
9
9
9
9
9
9
9
9
9
9
9
9
9
9
9
9
9
9
9
9
9
9
9
9
9
9
9
9
9
9
9
9
9
9
9
9
9
9
9
9
9
9
9
9
9
9
9
9
9
9
9
9
9
9
9
9
9
9
9
9
9
9
9
9
9
9
9
9
9
9
9
9
9
9
9
9
9
9
9
9
9
9
9
9
9
9
9
9
9
9
9
9
9
9
9
9
9
9
9
9
9
9
9
9
9
9
9
9
9
9
9
9
9
9
9
9
9
9
9
9
9
9
9
9
9
9
9
9
9
9
9
9
9
9
9
9
9
9
9
9
9
9
9
9
9
9
9
9
9
9
9
9
9
9
9
9
9
9
9
9
9
9
9
9
9
9
9
9
9
9
9
9
9
9
9
9
9
9
9
9
9
9
9
9
9
9
9
9
9
9
9
9
9
9
9
9
9
9
9
9
9
9
9
9
9
9
9
9
9
9
9
9
9
9
9
9
9
9
9
9
9
9
9
9
9
9
9
9
9
9
9
9
9
9
9
9
9
9
9
9
9
9
9
9
9
9
9
9
9
9
9
9
9
9
9
9
9
9
9
9
9
9
9
9
9
9
9
9
9
9
9
9
9
9
9
9
9
9
9
9
9
9
9
9
9
9
9
9
9
9
9
9
9
9
9
9
9
9
9
9
9
9
9
9
9
9
9
9
9
9
9
9
9
9
9
9
9
9
9
9
9
9
9
9
9
9
9
9
9
9
9
9
9
9
9
9
9
9
9
9
9
9
9
9
9
9
9
9
9
9
9
9
9
9
9
9
9
9
9
9
9
9
9
9
9
9
9
9
9
9
9
9
9
9
9
9
9
9
9
9
9
9
9
9
9
9
9
9
9
9
9
9
9
9
9
9
9
9
9
9
9
9
9
9
9
9
9
9
9
9
9
9
9
9
9
9
9
9
9
9
9
9
9
9
9
9
9
9
9
9
9
9
9
9
9
9
9
9
9
9
9
9
9
9
9
9
9
9
9
9
9
9
9
9
9
9
9
9
9
9
9
9
9
9
9
9
9
9
9
9
9
9
9
9
9
9
9
9
9
9
9
9
9
9
9
9
9
9
9
9
9
9
9
9
9
9
9
9
9
9
9
9
9
9
9
9
9
9
9
9
9
9
9
9
9
9
9
9
9
9
9
9
9
9
9
9
9
9
9
9
9
9
9
9
9
9
9
9
9
9
9
9
9
9
9
9
9
9
9
9
9
9
9
9
9
9
9
9
9
9
9
9
9
9
9
9
9
9
9
9
9
9
9
9
9
9
9
9
9
9
9
9
9
9
9
9
9
9
9
9
9
9
9
9
9
9
9
9
9
9
9
9
9
9
9
9
9
9
9
9
9
9
9
9
9
9
9
9
9
9
9
9
9
9
9
9
9
9
9
9
9
9
9
9
9
9
9
9
9
9
9
9
9
9
9
9
9
9
9
9
9
9
9
9
9
9
9
9
9
9
9
9
9
9
9
9
9
9
9
9
9
9
9
9
9
9
9
9
9
9
9
9
9
9
9
9
9
9
9
9
9
9
9
9
9
9
9
9
9
9
9
9
9
9
9
9
9
9
9
9
9
9
9
9
9
9
9
9
9
9
9
9
9
9
9
9
9
9
9
9
9
9
9
9
9
9
9
9
9
9
9
9
9
9
9
9
9
9
9
9
9
9
9
9
9
9
9
9
9
9
9
9
9
9
9
9
9
9
9
9
9
9
9
9
9
9
9
9
9
9
9
9
9
9
9
9
9
9
9
9
9
9
9
9
9
9
9
9
9
9
9
9
9
9
9
9
9
9
9
9
9
9
9
9
9
9
9
9
9
9
9
9
9
9
9
9
9
9
9
9
9
9
9
9
9
9
9
9
9
9
9
9
9
9
9
9
9
9
9
9
9
9
9
9
9
9
9
9
9
9
9
9
9
9
9
9
9
9
9
9
9
9
9
9
9
9
9
9
9
9
9
9
9
9
9
9
9
9
9
9
9
9
9
9
9
9
9
9
9
9
9
9
9
9
9
9
9
9
9
9
9
9
9
9
9
9
9
9
9
9
9
9
9
9
9
9
9
9
9
9
9
9
9
9
9
9
9
9
9
9
9
9
9
9
9
9
9
9
9
9
9
9
9
9
9
9
9
9
9
9
9
9
9
9
9
9
9
9
9
9
9
9
9
9
9
9
9
9
9
9
9
9
9
9
9
9
9
9
9
9
9
9
9
9
9
9
9
9
9
9
9
9
9
9
9
9
9
9
9
9
9
9
9
9
9
9
9
9
9
9
9
9
9
9
9
9
9
9
9
9
9
9
9
9
9
9
9
9
9
9
9
9
9
9
9
9
9
9
9
9
9
9
9
9
9
9
9
9
9
9
9
9
9
9
9
9
9
9
9
9
9
9
9
9
9
9
9
9
9
9
9
9
9
9
9
9
9
9
9
9
9
9
9
9
9
9
9
9
9
9
9
9
9
9
9
9
9
9
9
9
9
9
9
9
9
9
9
9
9
9
9
9
9
9
9
9
9
9
9
9
9
9
9
9
9
9
9
9
9
9
9
9
9
9
9
9
9
9
9
9
9
9
9
9
9
9
9
9
9
9
9
9
9
9
9
9
9
9
9
9
9
9
9
9
9
9
9
9
9
9
9
9
9
9
9
9
9
9
9
9
9
9
9
9
9
9
9
9
9
9
9
9
9
9
9
9
9
9
9
9
9
9
9
9
9
9
9
9
9
9
9
9
9
9
9
9
9
9
9
9
9
9
9
9
9
9
9
9
9
9
9
9
9
9
9
9
9
9
9
9
9
9
9
9
9
9
9
9
9
9
9
9
9
9
9
9
9
9
9
9
9
9
9
9
9
9
9
9
9
9
9
9
9
9
9
9
9
9
9
9
9
9
9
9
9
9
9
9
9
9
9
9
9
9
9
9
9
9
9
9
9
9
9
9
9
9
9
9
9
9
9
9
9
9
9
9
9
9
9
9
9
9
9
9
9
9
9
9
9
9
9
9
9
9
9
9
9
9
9
9
9
9
9
9
9
9
9
9
9
9
9
9
9
9
9
9
9
9
9
9
9
9
9
9
9
9
9
9
9
9
9
9
9
9
9
9
9
9
9
9
9
9
9
9
9
9
9
9
9
9
9
9
9
9
9
9
9
9
9
9
9
9
9
9
9
9
9
9
9
9
9
9
9
9
9
9
9
9
9
9
9
9
9
9
9
9
9
9
9
9
9
9
9
9
9
9
9
9
9
9
9
9
9
9
9
9
9
9
9
9
9
9
9
9
9
9
9
9
9
9
9
9
9
9
9
9
9
9
9
9
9
9
9
9
9
9
9
9
9
9
9
9
9
9
9
9
9
9
9
9
9
9
9
9
9
9
9
9
9
9
9
9
9
9
9
9
9
9
9
9
9
9
9
9
9
9
9
9
9
9
9
9
9
9
9
9
9
9
9
9
9
9
9
9
9
9
9
9
9
9
9
9
9
9
9
9
9
9
9
9
9
9
9
9
9
9
9
9
9
9
9
9
9
9
9
9
9
9
9
9
9
9
9
9
9
9
9
9
9
9
9
9
9
9
9
9
9
9
9
9
9
9
9
9
9
9
9
9
9
9
9
9
9
9
9
9
9
9
9
9
9
9
9
9
9
9
9
9
9
9
9
9
9
9
9
9
9
9
9
9
9
9
9
9
9
9
9
9
9
9
9
9
9
9
9
9
9
9
9
9
9
9
9
9
9
9
9
9
9
9
9
9
9
9
9
9
9
9
9
9
9
9
9
9
9
9
9
9
9
9
9
9
9
9
9
9
9
9
9
9
9
9
9
9
9
9
9
9
9
9
9
9
9
9
9
9
9
9
9
9
9
9
9
9
9
9
9
9
9
9
9
9
9
9
9
9
9
9
9
9
9
9
9
9
9
9
9
9
9
9
9
9
9
9
9
9
9
9
9
9
9
9
9
9
9
9
9
9
9
9
9
9
9
9
9
9
9
9
9
9
9
9
9
9
9
9
9
9
9
9
9
9
9
9
9
9
9
9
9
9
9
9
9
9
9
9
9
9
9
9
9
9
9
9
9
9
9
9
9
9
9
9
9
9
9
9
9
9
9
9
9
9
9
9
9
9
9
9
9
9
9
9
9
9
9
9
9
9
9
9
9
9
9
9
9
9
9
9
9
9
9
9
9
9
9
9
9
9
9
9
9
9
9
9
9
9
9
9
9
9
9
9
9
9
9
9
9
9
9
9
9
9
9
9
9
9
9
9
9
9
9
9
9
9
9
9
9
9
9
9
9
9
9
9
9
9
9
9
9
9
9
9
9
9
9
9
9
9
9
9
9
9
9
9
9
9
9
9
9
9
9
9
9
9
9
9
9
9
9
9
9
9
9
9
9
9
9
9
9
9
9
9
9
9
9
9
9
9
9
9
9
9
9
9
9
9
9
9
9
9
9
9
9
9
9
9
9
9
9
9
9
9
9
9
9
9
9
9
9
9
9
9
9
9
9
9
9
9
9
9
9
9
9
9
9
9
9
9
9
9
9
9
9
9
9
9
9
9
9
9
9
9
9
9
9
9
9
9
9
9
9
9
9
9
9
9
9
9
9
9
9
9
9
9
9
9
9
9
9
9
9
9
9
9
9
9
9
9
9
9
9
9
9
9
9
9
9
9
9
9
9
9
9
9
9
9
9
9
9
9
9
9
9
9
9
9
9
9
9
9
9
9
9
9
9
9
9
9
9
9
9
9
9
9
9
9
9
9
9
9
9
9
9
9
9
9
9
9
9
9
9
9
9
9
9
9
9
9
9
9
9
9
9
9
9
9
9
9
9
9
9
9
9
9
9
9
9
9
9
9
9
9
9
9
9
9
9
9
9
9
9
9
9
9
9
9
9
9
9
9
9
9
9
9
9
9
9
9
9
9
9
9
9
9
9
9
9
9
9
9
9
9
9
9
9
9
9
9
9
9
9
9
9
9
9
9
9
9
9
9
9
9
9
9
9
9
9
9
9
9
9
9
9
9
9
9
9
9
9
9
9
9
9
9
9
9
9
9
9
9
9
9
9
9
9
9
9
9
9
9
9
9
9
9
9
9
9
9
9
9
9
9
9
9
9
9
9
9
9
9
9
9
9
9
9
9
9
9
9
9
9
9
9
9
9
9
9
9
9
9
9
9
9
9
9
9
9
9
9
9
9
9
9
9
9
9
9
9
9
9
9
9
9
9
9
9
9
9
9
9
9
9
9
9
9
9
9
9
9
9
9
9
9
9
9
9
9
9
9
9
9
9
9
9
9
9
9
9
9
9
9
9
9
9
9
9
9
9
9
9
9
9
9
9
9
9
9
9
9
9
9
9
9
9
9
9
9
9
9
9
9
9
9
9
9
9
9
9
9
9
9
9
9
9
9
9
9
9
9
9
9
9
9
9
9
9
9
9
9
9
9
9
9
9
9
9
9
9
9
9
9
9
9
9
9
9
9
9
9
9
9
9
9
9
9
9
9
9
9
9
9
9
9
9
9
9
9
9
9
9
9
9
9
9
9
9
9
9
9
9
9
9
9
9
9
9
9
9
9
9
9
9
9
9
9
9
9
9
9
9
9
9
9
9
9
9
9
9
9
9
9
9
9
9
9
9
9
9
9
9
9
9
9
9
9
9
9
9
9
9
9
9
9
9
9
9
9
9
9
9
9
9
9
9
9
9
9
9
9
9
9
9
9
9
9
9
9
9
9
9
9
9
9
9
9
9
9
9
9
9
9
9
9
9
9
9
9
9
9
9
9
9
9
9
9
9
9
9
9
9
9
9
9
9
9
9
9
9
9
9
9
9
9
9
9
9
9
9
9
9
9
9
9
9
9
9
9
9
9
9
9
9
9
9
9
9
9
9
9
9
9
9
9
9
9
9
9
9
9
9
9
9
9
9
9
9
9
9
9
9
9
9
9
9
9
9
9
9
9
9
9
9
9
9
9
9
9
9
9
9
9
9
9
9
9
9
9
9
9
9
9
9
9
9
9
9
9
9
9
9
9
9
9
9
9
9
9
9
9
9
9
9
9
9
9
9
9
9
9
9
9
9
9
9
9
9
9
9
9
9
9
9
9
9
9
9
9
9
9
9
9
9
9
9
9
9
9
9
9
9
9
9
9
9
9
9
9
9
9
9
9
9
9
9
9
9
9
9
9
9
9
9
9
9
9
9
9
9
9
9
9
9
9
9
9
9
9
9
9
9
9
9
9
9
9
9
9
9
9
9
9
9
9
9
9
9
9
9
9
9
9
9
9
9
9
9
9
9
9
9
9
9
9
9
9
9
9
9
9
9
9
9
9
9
9
9
9
9
9
9
9
9
9
9
9
9
9
9
9
9
9
9
9
9
9
9
9
9
9
9
9
9
9
9
9
9
9
9
9
9
9
9
9
9
9
9
9
9
9
9
9
9
9
9
9
9
9
9
9
9
9
9
9
9
9
9
9
9
9
9
9
9
9
9
9
9
9
9
9
9
9
9
9
9
9
9
9
9
9
9
9
9
9
9
9
9
9
9
9
9
9
9
9
9
9
9
9
9
9
9
9
9
9
9
9
9
9
9
9
9
9
9
9
9
9
9
9
9
9
9
9
9
9
9
9
9
9
9
9
9
9
9
9
9
9
9
9
9
9
9
9
9
9
9
9
9
9
9
9
9
9
9
9
9
9
9
9
9
9
9
9
9
9
9
9
9
9
9
9
9
9
9
9
9
9
9
9
9
9
9
9
9
9
9
9
9
9
9
9
9
9
9
9
9
9
9
9
9
9
9
9
9
9
9
9
9
9
9
9
9
9
9
9
9
9
9
9
9
9
9
9
9
9
9
9
9
9
9
9
9
9
9
9
9
9
9
9
9
9
9
9
9
9
9
9
9
9
9
9
9
9
9
9
9
9
9
9
9
9
9
9
9
9
9
9
9
9
9
9
9
9
9
9
9
9
9
9
9
9
9
9
9
9
9
9
9
9
9
9
9
9
9
9
9
9
9
9
9
9
9
9
9
9
9
9
9
9
9
9
9
9
9
9
9
9
9
9
9
9
9
9
9
9
9
9
9
9
9
9
9
9
9
9
9
9
9
9
9
9
9
9
9
9
9
9
9
9
9
9
9
9
9
9
9
9
9
9
9
9
9
9
9
9
9
9
9
9
9
9
9
9
9
9
9
9
9
9
9
9
9
9
9
9
9
9
9
9
9
9
9
9
9
9
9
9
9
9
9
9
9
9
9
9
9
9
9
9
9
9
9
9
9
9
9
9
9
9
9
9
9
9
9
9
9
9
9
9
9
9
9
9
9
9
9
9
9
9
9
9
9
9
9
9
9
9
9
9
9
9
9
9
9
9
9
9
9
9
9
9
9
9
9
9
9
9
9
9
9
9
9
9
9
9
9
9
9
9
9
9
9
9
9
9
9
9
9
9
9
9
9
9
9
9
9
9
9
9
9
9
9
9
9
9
9
9
9
9
9
9
9
9
9
9
9
9
9
9
9
9
9
9
9
9
9
9
9
9
9
9
9
9
9
9
9
9
9
9
9
9
9
9
9
9
9
9
9
9
9
9
9
9
9
9
9
9
9
9
9
9
9
9
9
9
9
9
9
9
9
9
9
9
9
9
9
9
9
9
9
9
9
9
9
9
9
9

CELL_DATA 11200
SCALARS region_id int 1
LOOKUP_TABLE default
2
2
2
2
2
2
2
2
2
2
2
2
2
2
2
2
2
2
2
2
2
2
2
2
2
2
2
2
2
2
2
2
2
2
2
2
2
2
2
2
2
2
2
2
2
2
2
2
2
2
2
2
2
2
2
2
2
2
2
2
2
2
2
2
2
2
2
2
2
2
2
2
2
2
2
2
2
2
2
2
2
2
2
2
2
2
2
2
2
2
2
2
2
2
2
2
2
2
2
2
2
2
2
2
2
2
2
2
2
2
2
2
2
2
2
2
2
2
2
2
2
2
2
2
2
2
2
2
2
2
2
2
2
2
2
2
2
2
2
2
2
2
2
2
2
2
2
2
2
2
2
2
2
2
2
2
2
2
2
2
2
2
2
2
2
2
2
2
2
2
2
2
2
2
2
2
2
2
2
2
2
2
2
2
2
2
2
2
2
2
2
2
2
2
2
2
2
2
2
2
2
2
2
2
2
2
2
2
2
2
2
2
2
2
2
2
2
2
2
2
2
2
2
2
2
2
2
2
2
2
2
2
2
2
2
2
2
2
2
2
2
2
2
2
2
2
2
2
2
2
2
2
2
2
2
2
2
2
2
2
2
2
2
2
2
2
2
2
2
2
2
2
2
2
2
2
2
2
2
2
2
2
2
2
2
2
2
2
2
2
2
2
2
2
2
2
2
2
2
2
2
2
2
2
2
2
2
2
2
2
2
2
2
2
2
2
2
2
2
2
2
2
2
2
2
2
2
2
2
2
2
2
2
2
2
2
2
2
2
2
2
2
2
2
2
2
2
2
2
2
2
2
2
2
2
2
2
2
2
2
2
2
2
2
2
2
2
2
2
2
2
2
2
2
2
2
2
2
2
2
2
2
2
2
2
2
2
2
2
2
2
2
2
2
2
2
2
2
2
2
2
2
2
2
2
2
2
2
2
2
2
2
2
2
2
2
2
2
2
2
2
2
2
2
2
2
2
2
2
2
2
2
2
2
2
2
2
2
2
2
2
2
2
2
2
2
2
2
2
2
2
2
2
2
2
2
2
2
2
2
2
2
2
2
2
2
2
2
2
2
2
2
2
2
2
2
2
2
2
2
2
2
2
2
2
2
2
2
2
2
2
2
2
2
2
2
2
2
2
2
2
2
2
2
2
2
2
2
2
2
2
2
2
2
2
2
2
2
2
2
2
2
2
2
2
2
2
2
2
2
2
2
2
2
2
2
2
2
2
2
2
2
2
2
2
2
2
2
2
2
2
2
2
2
2
2
2
2
2
2
2
2
2
2
2
2
2
2
2
2
2
2
2
2
2
2
2
2
2
2
2
2
2
2
2
2
2
2
2
2
2
2
2
2
2
2
2
2
2
2
2
2
2
2
2
2
2
2
2
2
2
2
2
2
2
2
2
2
2
2
2
2
2
2
2
2
2
2
2
2
2
2
2
2
2
2
2
2
2
2
2
2
2
2
2
2
2
2
2
2
2
2
2
2
2
2
2
2
2
2
2
2
2
2
2
2
2
2
2
2
2
2
2
2
2
2
2
2
2
2
2
2
2
2
2
2
2
2
2
2
2
2
2
2
2
2
2
2
2
2
2
2
2
2
2
2
2
2
2
2
2
2
2
2
2
2
2
2
2
2
2
2
2
2
2
2
2
2
2
2
2
2
2
2
2
2
2
2
2
2
2
2
2
2
2
2
2
2
2
2
2
2
2
2
2
2
2
2
2
2
2
2
2
2
2
2
2
2
2
2
2
2
2
2
2
2
2
2
2
2
2
2
2
2
2
2
2
2
2
2
2
2
2
2
2
2
2
2
2
2
2
2
2
2
2
2
2
2
2
2
2
2
2
2
2
2
2
2
2
2
2
2
2
2
2
2
2
2
2
2
2
2
2
2
2
2
2
2
2
2
2
2
2
2
2
2
2
2
2
2
2
2
2
2
2
2
2
2
2
2
2
2
2
2
2
2
2
2
2
2
2
2
2
2
2
2
2
2
2
2
2
2
2
2
2
2
2
2
2
2
2
2
2
2
2
2
2
2
2
2
2
2
2
2
2
2
2
2
2
2
2
2
2
2
2
2
2
2
2
2
2
2
2
2
2
2
2
2
2
2
2
2
2
2
2
2
2
2
2
2
2
2
2
2
2
2
2
2
2
2
2
2
2
2
2
2
2
2
2
2
2
2
2
2
2
2
2
2
2
2
2
2
2
2
2
2
2
2
2
2
2
2
2
2
2
2
2
2
2
2
2
2
2
2
2
2
2
2
2
2
2
2
2
2
2
2
2
2
2
2
2
2
2
2
2
2
2
2
2
2
2
2
2
2
2
2
2
2
2
2
2
2
2
2
2
2
2
2
2
2
2
2
2
2
2
2
2
2
2
2
2
2
2
2
2
2
2
2
2
2
2
2
2
2
2
2
2
2
2
2
2
2
2
2
2
2
2
2
2
2
2
2
2
2
2
2
2
2
2
2
2
2
2
2
2
2
2
2
2
2
2
2
2
2
2
2
2
2
2
2
2
2
2
2
2
2
2
2
2
2
2
2
2
2
2
2
2
2
2
2
2
2
2
2
2
2
2
2
2
2
2
2
2
2
2
2
2
2
2
2
2
2
2
2
2
2
2
2
2
2
2
2
2
2
2
2
2
2
2
2
2
2
2
2
2
2
2
2
2
2
2
2
2
2
2
2
2
2
2
2
2
2
2
2
2
2
2
2
2
2
2
2
2
2
2
2
2
2
2
2
2
2
2
2
2
2
2
2
2
2
2
2
2
2
2
2
2
2
2
2
2
2
2
2
2
2
2
2
2
2
2
2
2
2
2
2
2
2
2
2
2
2
2
2
2
2
2
2
2
2
2
2
2
2
2
2
2
2
2
2
2
2
2
2
2
2
2
2
2
2
2
2
2
2
2
2
2
2
2
2
2
2
2
2
2
2
2
2
2
2
2
2
2
2
2
2
2
2
2
2
2
2
2
2
2
2
2
2
2
2
2
2
2
2
2
2
2
2
2
2
2
2
2
2
2
2
2
2
2
2
2
2
2
2
2
2
2
2
2
2
2
2
2
2
2
2
2
2
2
2
2
2
2
2
2
2
2
2
2
2
2
2
2
2
2
2
2
2
2
2
2
2
2
2
2
2
2
2
2
2
2
2
2
2
2
2
2
2
2
2
2
2
2
2
2
2
2
2
2
2
2
2
2
2
2
2
2
2
2
2
2
2
2
2
2
2
2
2
2
2
2
2
2
2
2
2
2
2
2
2
2
2
2
2
2
2
2
2
2
2
2
2
2
2
2
2
2
2
2
2
2
2
2
2
2
2
2
2
2
2
2
2
2
2
2
2
2
2
2
2
2
2
2
2
2
2
2
2
2
2
2
2
2
2
2
2
2
2
2
2
2
2
2
2
2
2
2
2
2
2
2
2
2
2
2
2
2
2
2
2
2
2
2
2
2
2
2
2
2
2
2
2
2
2
2
2
2
2
2
2
2
2
2
2
2
2
2
2
2
2
2
2
2
2
2
2
2
2
2
2
2
2
2
2
2
2
2
2
2
2
2
2
2
2
2
2
2
2
2
2
2
2
2
2
2
2
2
2
2
2
2
2
2
2
2
2
2
2
2
2
2
2
2
2
2
2
2
2
2
2
2
2
2
2
2
2
2
2
2
2
2
2
2
2
2
2
2
2
2
2
2
2
2
2
2
2
2
2
2
2
2
2
2
2
2
2
2
2
2
2
2
2
2
2
2
2
2
2
2
2
2
2
2
2
2
2
2
2
2
2
2
2
2
2
2
2
2
2
2
2
2
2
2
2
2
2
2
2
2
2
2
2
2
2
2
2
2
2
2
2
2
2
2
2
2
2
2
2
2
2
2
2
2
2
2
2
2
2
2
2
2
2
2
2
2
2
2
2
2
2
2
2
2
2
2
2
2
2
2
2
2
2
2
2
2
2
2
2
2
2
2
2
2
2
2
2
2
2
2
2
2
2
2
2
2
2
2
2
2
2
2
2
2
2
2
2
2
2
2
2
2
2
2
2
2
2
2
2
2
2
2
2
2
2
2
2
2
2
2
2
2
2
2
2
2
2
2
2
2
2
2
2
2
2
2
2
2
2
2
2
2
2
2
2
2
2
2
2
2
2
2
2
2
2
2
2
2
2
2
2
2
2
2
2
2
2
2
2
2
2
2
2
2
2
2
2
2
2
2
2
2
2
2
2
2
2
2
2
2
2
2
2
2
2
2
2
2
2
2
2
2
2
2
2
2
2
2
2
2
2
2
2
2
2
2
2
2
2
2
2
2
2
2
2
2
2
2
2
2
2
2
2
2
2
2
2
2
2
2
2
2
2
2
2
2
2
2
2
2
2
2
2
2
2
2
2
2
2
2
2
2
2
2
2
2
2
2
2
2
2
2
2
2
2
2
2
2
2
2
2
2
2
2
2
2
2
2
2
2
2
2
2
2
2
2
2
2
2
2
2
2
2
2
2
2
2
2
2
2
2
2
2
2
2
2
2
2
2
2
2
2
2
2
2
2
2
2
2
2
2
2
2
2
2
2
2
2
2
2
2
2
2
2
2
2
2
2
2
2
2
2
2
2
2
2
2
2
2
2
2
2
2
2
2
2
2
2
2
2
2
2
2
2
2
2
2
2
2
2
2
2
2
2
2
2
2
2
2
2
2
2
2
2
2
2
2
2
2
2
2
2
2
2
2
2
2
2
2
2
2
2
2
2
2
2
2
2
2
2
2
2
2
2
2
2
2
2
2
2
2
2
2
2
2
2
2
2
2
2
2
2
2
2
2
2
2
2
2
2
2
2
2
2
2
2
2
2
2
2
2
2
2
2
2
2
2
2
2
2
2
2
2
2
2
2
2
2
2
2
2
2
2
2
2
2
2
2
2
2
2
2
2
2
2
2
2
2
2
2
2
2
2
2
2
2
2
2
2
2
2
2
2
2
2
2
2
2
2
2
2
2
2
2
2
2
2
2
2
2
2
2
2
2
2
2
2
2
2
2
2
2
2
2
2
2
2
2
2
2
2
2
2
2
2
2
2
2
2
2
2
2
2
2
2
2
2
2
2
2
2
2
2
2
2
2
2
2
2
2
2
2
2
2
2
2
2
2
2
2
2
2
2
2
2
2
2
2
2
2
2
2
2
2
2
2
2
2
2
2
2
2
2
2
2
2
2
2
2
2
2
2
2
2
2
2
2
2
2
2
2
2
2
2
2
2
2
2
2
2
2
2
2
2
2
2
2
2
2
2
2
2
2
2
2
2
2
2
2
2
2
2
2
2
2
2
2
2
2
2
2
2
2
2
2
2
2
2
2
2
2
2
2
2
2
2
2
2
2
2
2
2
2
2
2
2
2
2
2
2
2
2
2
2
2
2
2
2
2
2
2
2
2
2
2
2
2
2
2
2
2
2
2
2
2
2
2
2
2
2
2
2
2
2
2
2
2
2
2
2
2
2
2
2
2
2
2
2
2
2
2
2
2
2
2
2
2
2
2
2
2
2
2
2
2
2
2
2
2
2
2
2
2
2
2
2
2
2
2
2
2
2
2
2
2
2
2
2
2
2
2
2
2
2
2
2
2
2
2
2
2
2
2
2
2
2
2
2
2
2
2
2
2
2
2
2
2
2
2
2
2
2
2
2
2
2
2
2
2
2
2
2
2
2
2
2
2
2
2
2
2
2
2
2
2
2
2
2
2
2
2
2
2
2
2
2
2
2
2
2
2
2
2
2
2
2
2
2
2
2
2
2
2
2
2
2
2
2
2
2
2
2
2
2
2
2
2
2
2
2
2
2
2
2
2
2
2
2
2
2
2
2
2
2
2
2
2
2
2
2
2
2
2
2
2
2
2
2
2
2
2
2
2
2
2
2
2
2
2
2
2
2
2
2
2
2
2
2
2
2
2
2
2
2
2
2
2
2
2
2
2
2
2
2
2
2
2
2
2
2
2
2
2
2
2
2
2
2
2
2
2
2
2
2
2
2
2
2
2
2
2
2
2
2
2
2
2
2
2
2
2
2
2
2
2
2
2
2
2
2
2
2
2
2
2
2
2
2
2
2
2
2
2
2
2
2
2
2
2
2
2
2
2
2
2
2
2
2
2
2
2
2
2
2
2
2
2
2
2
2
2
2
2
2
2
2
2
2
2
2
2
2
2
2
2
2
2
2
2
2
2
2
2
2
2
2
2
2
2
2
2
2
2
2
2
2
2
2
2
2
2
2
2
2
2
2
2
2
2
2
2
2
2
2
2
2
2
2
2
2
2
2
2
2
2
2
2
2
2
2
2
2
2
2
2
2
2
2
2
2
2
2
2
2
2
2
2
2
2
2
2
2
2
2
2
2
2
2
2
2
2
2
2
2
2
2
2
2
2
2
2
2
2
2
2
2
2
2
2
2
2
2
2
2
2
2
2
2
2
2
2
2
2
2
2
2
2
2
2
2
2
2
2
2
2
2
2
2
2
2
2
2
2
2
2
2
2
2
2
2
2
2
2
2
2
2
2
2
2
2
2
2
2
2
2
2
2
2
2
2
2
2
2
2
2
2
2
2
2
2
2
2
2
2
2
2
2
2
2
2
2
2
2
2
2
2
2
2
2
2
2
2
2
2
2
2
2
2
2
2
2
2
2
2
2
2
2
2
2
2
2
2
2
2
2
2
2
2
2
2
2
2
2
2
2
2
2
2
2
2
2
2
2
2
2
2
2
2
2
2
2
2
2
2
2
2
2
2
2
2
2
2
2
2
2
2
2
2
2
2
2
2
2
2
2
2
2
2
2
2
2
2
2
2
2
2
2
2
2
2
2
2
2
2
2
2
2
2
2
2
2
2
2
2
2
2
2
2
2
2
2
2
2
2
2
2
2
2
2
2
2
2
2
2
2
2
2
2
2
2
2
2
2
2
2
2
2
2
2
2
2
2
2
2
2
2
2
2
2
2
2
2
2
2
2
2
2
2
2
2
2
2
2
2
2
2
2
2
2
2
2
2
2
2
2
2
2
2
2
2
2
2
2
2
2
2
2
2
2
2
2
2
2
2
2
2
2
2
2
2
2
2
2
2
2
2
2
2
2
2
2
2
2
2
2
2
2
2
2
2
2
2
2
2
2
2
2
2
2
2
2
2
2
2
2
2
2
2
2
2
2
2
2
2
2
2
2
2
2
2
2
2
2
2
2
2
2
2
2
2
2
2
2
2
2
2
2
2
2
2
2
2
2
2
2
2
2
2
2
2
2
2
2
2
2
2
2
2
2
2
2
2
2
2
2
2
2
2
2
2
2
2
2
2
2
2
2
2
2
2
2
2
2
2
2
2
2
2
2
2
2
2
2
2
2
2
2
2
2
2
2
2
2
2
2
2
2
2
2
2
2
2
2
2
2
2
2
2
2
2
2
2
2
2
2
2
2
2
2
2
2
2
2
2
2
2
2
2
2
2
2
2
2
2
2
2
2
2
2
2
2
2
2
2
2
2
2
2
2
2
2
2
2
2
2
2
2
2
2
2
2
2
2
2
2
2
2
2
2
2
2
2
2
2
2
2
2
2
2
2
2
2
2
2
2
2
2
2
2
2
2
2
2
2
2
2
2
2
2
2
2
2
2
2
2
2
2
2
2
2
2
2
2
2
2
2
2
2
2
2
2
2
2
2
2
2
2
2
2
2
2
2
2
2
2
2
2
2
2
2
2
2
2
2
2
2
2
2
2
2
2
2
2
2
2
2
2
2
2
2
2
2
2
2
2
2
2
2
2
2
2
2
2
2
2
2
2
2
2
2
2
2
2
2
2
2
2
2
2
2
2
2
2
2
2
2
2
2
2
2
2
2
2
2
2
2
2
2
2
2
2
2
2
2
2
2
2
2
2
2
2
2
2
2
2
2
2
2
2
2
2
2
2
2
2
2
2
2
2
2
2
2
2
2
2
2
2
2
2
2
2
2
2
2
2
2
2
2
2
2
2
2
2
2
2
2
2
2
2
2
2
2
2
2
2
2
2
2
2
2
2
2
2
2
2
2
2
2
2
2
2
2
2
2
2
2
2
2
2
2
2
2
2
2
2
2
2
2
2
2
2
2
2
2
2
2
2
2
2
2
2
2
2
2
2
2
2
2
2
2
2
2
2
2
2
2
2
2
2
2
2
2
2
2
2
2
2
2
2
2
2
2
2
2
2
2
2
2
2
2
2
2
2
2
2
2
2
2
2
2
2
2
2
2
2
2
2
2
2
2
2
2
2
2
2
2
2
2
2
2
2
2
2
2
2
2
2
2
2
2
2
2
2
2
2
2
2
2
2
2
2
2
2
2
2
2
2
2
2
2
2
2
2
2
2
2
2
2
2
2
2
2
2
2
2
2
2
2
2
2
2
2
2
2
2
2
2
2
2
2
2
2
2
2
2
2
2
2
2
2
2
2
2
2
2
2
2
2
2
2
2
2
2
2
2
2
2
2
2
2
2
2
2
2
2
2
2
2
2
2
2
2
2
2
2
2
2
2
2
2
2
2
2
2
2
2
2
2
2
2
2
2
2
2
2
2
2
2
2
2
2
2
2
2
2
2
2
2
2
2
2
2
2
2
2
2
2
2
2
2
2
2
2
2
2
2
2
2
2
2
2
2
2
2
2
2
2
2
2
2
2
2
2
2
2
2
2
2
2
2
2
2
2
2
2
2
2
2
2
2
2
2
2
2
2
2
2
2
2
2
2
2
2
2
2
2
2
2
2
2
2
2
2
2
2
2
2
2
2
2
2
2
2
2
2
2
2
2
2
2
2
2
2
2
2
2
2
2
2
2
2
2
2
2
2
2
2
2
2
2
2
2
2
2
2
2
2
2
2
2
2
2
2
2
2
2
2
2
2
2
2
2
2
2
2
2
2
2
2
2
2
2
2
2
2
2
2
2
2
2
2
2
2
2
2
2
2
2
2
2
2
2
2
2
2
2
2
2
2
2
2
2
2
2
2
2
2
2
2
2
2
2
2
2
2
2
2
2
2
2
2
2
2
2
2
2
2
2
2
2
2
3
3
3
3
3
3
3
3
3
3
3
3
3
3
3
3
3
3
3
3
3
3
3
3
3
3
3
3
3
3
3
3
3
3
3
3
3
3
3
3
3
3
3
3
3
3
3
3
3
3
3
3
3
3
3
3
3
3
3
3
3
3
3
3
3
3
3
3
3
3
3
3
3
3
3
3
3
3
3
3
3
3
3
3
3
3
3
3
3
3
3
3
3
3
3
3
3
3
3
3
3
3
3
3
3
3
3
3
3
3
3
3
3
3
3
3
3
3
3
3
3
3
3
3
3
3
3
3
3
3
3
3
3
3
3
3
3
3
3
3
3
3
3
3
3
3
3
3
3
3
3
3
3
3
3
3
3
3
3
3
3
3
3
3
3
3
3
3
3
3
3
3
3
3
3
3
3
3
3
3
3
3
3
3
3
3
3
3
3
3
3
3
3
3
3
3
3
3
3
3
3
3
3
3
3
3
3
3
3
3
3
3
3
3
3
3
3
3
3
3
3
3
3
3
3
3
3
3
3
3
3
3
3
3
3
3
3
3
3
3
3
3
3
3
3
3
3
3
3
3
3
3
3
3
3
3
3
3
3
3
3
3
3
3
3
3
3
3
3
3
3
3
3
3
3
3
3
3
3
3
3
3
3
3
3
3
3
3
3
3
3
3
3
3
3
3
3
3
3
3
3
3
3
3
3
3
3
3
3
3
3
3
3
3
3
3
3
3
3
3
3
3
3
3
3
3
3
3
3
3
3
3
3
3
3
3
3
3
3
3
3
3
3
3
3
3
3
3
3
3
3
3
3
3
3
3
3
3
3
3
3
3
3
3
3
3
3
3
3
3
3
3
3
3
3
3
3
3
3
3
3
3
3
3
3
3
3
3
3
3
3
3
3
3
3
3
3
3
3
3
3
3
3
3
3
3
3
3
3
3
3
3
3
3
3
3
3
3
3
3
3
3
3
3
3
3
3
3
3
3
3
3
3
3
3
3
3
3
3
3
3
3
3
3
3
3
3
3
3
3
3
3
3
3
3
3
3
3
3
3
3
3
3
3
3
3
3
3
3
3
3
3
3
3
3
3
3
3
3
3
3
3
3
3
3
3
3
3
3
3
3
3
3
3
3
3
3
3
3
3
3
3
3
3
3
3
3
3
3
3
3
3
3
3
3
3
3
3
3
3
3
3
3
3
3
3
3
3
3
3
3
3
3
3
3
3
3
3
3
3
3
3
3
3
3
3
3
3
3
3
3
3
3
3
3
3
3
3
3
3
3
3
3
3
3
3
3
3
3
3
3
3
3
3
3
3
3
3
3
3
3
3
3
3
3
3
3
3
3
3
3
3
3
3
3
3
3
3
3
3
3
3
3
3
3
3
3
3
3
3
3
3
3
3
3
3
3
3
3
3
3
3
3
3
3
3
3
3
3
3
3
3
3
3
3
3
3
3
3
3
3
3
3
3
3
3
3
3
3
3
3
3
3
3
3
3
3
3
3
3
3
3
3
3
3
3
3
3
3
3
3
3
3
3
3
3
3
3
3
3
3
3
3
3
3
3
3
3
3
3
3
3
3
3
3
3
3
3
3
3
3
3
3
3
3
3
3
3
3
3
3
3
3
3
3
3
3
3
3
3
3
3
3
3
3
3
3
3
3
3
3
3
3
3
3
3
3
3
3
3
3
3
3
3
3
3
3
3
3
3
3
3
3
3
3
3
3
3
3
3
3
3
3
3
3
3
3
3
3
3
3
3
3
3
3
3
3
3
3
3
3
3
3
3
3
3
3
3
3
3
3
3
3
3
3
3
3
3
3
3
3
3
3
3
3
3
3
3
3
3
3
3
3
3
3
3
3
3
3
3
3
3
3
3
3
3
3
3
3
3
3
3
3
3
3
3
3
3
3
3
3
3
3
3
3
3
3
3
3
3
3
3
3
3
3
3
3
3
3
3
3
3
3
3
3
3
3
3
3
3
3
3
3
3
3
3
3
3
3
3
3
3
3
3
3
3
3
3
3
3
3
3
3
3
3
3
3
3
3
3
3
3
3
3
3
3
3
3
3
3
3
3
3
3
3
3
3
3
3
3
3
3
3
3
3
3
3
3
3
3
3
3
3
3
3
3
3
3
3
3
3
3
3
3
3
3
3
3
3
3
3
3
3
3
3
3
3
3
3
3
3
3
3
3
3
3
3
3
3
3
3
3
3
3
3
3
3
3
3
3
3
3
3
3
3
3
3
3
3
3
3
3
3
3
3
3
3
3
3
3
3
3
3
3
3
3
3
3
3
3
3
3
3
3
3
3
3
3
3
3
3
3
3
3
3
3
3
3
3
3
3
3
3
3
3
3
3
3
3
3
3
3
3
3
3
3
3
3
3
3
3
3
3
3
3
3
3
3
3
3
3
3
3
3
3
3
3
3
3
3
3
3
3
3
3
3
3
3
3
3
3
3
3
3
3
3
3
3
3
3
3
3
3
3
3
3
3
3
3
3
3
3
3
3
3
3
3
3
3
3
3
3
3
3
3
3
3
3
3
3
3
3
3
3
3
3
3
3
3
3
3
3
3
3
3
3
3
3
3
3
3
3
3
3
3
3
3
3
3
3
3
3
3
3
3
3
3
3
3
3
3
3
3
3
3
3
3
3
3
3
3
3
3
3
3
3
3
3
3
3
3
3
3
3
3
3
3
3
3
3
3
3
3
3
3
3
3
3
3
3
3
3
3
3
3
3
3
3
3
3
3
3
3
3
3
3
3
3
3
3
3
3
3
3
3
3
3
3
3
3
3
3
3
3
3
3
3
3
3
3
3
3
3
3
3
3
3
3
3
3
3
3
3
3
3
3
3
3
3
3
3
3
3
3
3
3
3
3
3
3
3
3
3
3
3
3
3
3
3
3
3
3
3
3
3
3
3
3
3
3
3
3
3
3
3
3
3
3
3
3
3
3
3
3
3
3
3
3
3
3
3
3
3
3
3
3
3
3
3
3
3
3
3
3
3
3
3
3
3
3
3
3
3
3
3
3
3
3
3
3
3
3
3
3
3
3
3
3
3
3
3
3
3
3
3
3
3
3
3
3
3
3
3
3
3
3
3
3
3
3
3
3
3
3
3
3
3
3
3
3
3
3
3
3
3
3
3
3
3
3
3
3
3
3
3
3
3
3
3
3
3
3
3
3
3
3
3
3
3
3
3
3
3
3
3
3
3
3
3
3
3
3
3
3
3
3
3
3
3
3
3
3
3
3
3
3
3
3
3
3
3
3
3
3
3
3
3
3
3
3
3
3
3
3
3
3
3
3
3
3
3
3
3
3
3
3
3
3
3
3
3
3
3
3
3
3
3
3
3
3
3
3
3
3
3
3
3
3
3
3
3
3
3
3
3
3
3
3
3
3
3
3
3
3
3
3
3
3
3
3
3
3
3
3
3
3
3
3
3
3
3
3
3
3
3
3
3
3
3
3
3
3
3
3
3
3
3
3
3
3
3
3
3
3
3
3
3
3
3
3
3
3
3
3
3
3
3
3
3
3
3
3
3
3
3
3
3
3
3
3
3
3
3
3
3
3
3
3
3
3
3
3
3
3
3
3
3
3
3
3
3
3
3
3
3
3
3
3
3
3
4
4
4
4
4
4
4
4
4
4
4
4
4
4
4
4
4
4
4
4
4
4
4
4
4
4
4
4
4
4
4
4
4
4
4
4
4
4
4
4
4
4
4
4
4
4
4
4
4
4
4
4
4
4
4
4
4
4
4
4
4
4
4
4
4
4
4
4
4
4
4
4
4
4
4
4
4
4
4
4
4
4
4
4
4
4
4
4
4
4
4
4
4
4
4
4
4
4
4
4
4
4
4
4
4
4
4
4
4
4
4
4
4
4
4
4
4
4
4
4
4
4
4
4
4
4
4
4
4
4
4
4
4
4
4
4
4
4
4
4
4
4
4
4
4
4
4
4
4
4
4
4
4
4
4
4
4
4
4
4
4
4
4
4
4
4
4
4
4
4
4
4
4
4
4
4
4
4
4
4
4
4
4
4
4
4
4
4
4
4
4
4
4
4
4
4
4
4
4
4
4
4
4
4
4
4
4
4
4
4
4
4
4
4
4
4
4
4
4
4
4
4
4
4
4
4
4
4
4
4
4
4
4
4
4
4
4
4
4
4
4
4
4
4
4
4
4
4
4
4
4
4
4
4
4
4
4
4
4
4
4
4
4
4
4
4
4
4
4
4
4
4
4
4
4
4
4
4
4
4
4
4
4
4
4
4
4
4
4
4
4
4
4
4
4
4
4
4
4
4
4
4
4
4
4
4
4
4
4
4
4
4
4
4
4
4
4
4
4
4
4
4
4
4
4
4
4
4
4
4
4
4
4
4
4
4
4
4
4
4
4
4
4
4
4
4
4
4
4
4
4
4
4
4
4
4
4
4
4
4
4
4
4
4
4
4
4
4
4
4
4
4
4
4
4
4
4
4
4
4
4
4
4
4
4
4
4
4
4
4
4
4
4
4
4
4
4
4
4
4
4
4
4
4
4
4
4
4
4
4
4
4
4
4
4
4
4
4
4
4
4
4
4
4
4
4
4
4
4
4
4
4
4
4
4
4
4
4
4
4
4
4
4
4
4
4
4
4
4
4
4
4
4
4
4
4
4
4
4
4
4
4
4
4
4
4
4
4
4
4
4
4
4
4
4
4
4
4
4
4
4
4
4
4
4
4
4
4
4
4
4
4
4
4
4
4
4
4
4
4
4
4
4
4
4
4
4
4
4
4
4
4
4
4
4
4
4
4
4
4
4
4
4
4
4
4
4
4
4
4
4
4
4
4
4
4
4
4
4
4
4
4
4
4
4
4
4
4
4
4
4
4
4
4
4
4
4
4
4
4
4
4
4
4
4
4
4
4
4
4
4
4
4
4
4
4
4
4
4
4
4
4
4
4
4
4
4
4
4
4
4
4
4
4
4
4
4
4
4
4
4
4
4
4
4
4
4
4
4
4
4
4
4
4
4
4
4
4
4
4
4
4
4
4
4
4
4
4
4
4
4
4
4
4
4
4
4
4
4
4
4
4
4
4
4
4
4
4
4
4
4
4
4
4
4
4
4
4
4
4
4
4
4
4
4
4
4
4
4
4
4
4
4
4
4
4
4
4
4
4
4
4
4
4
4
4
4
4
4
4
4
4
4
4
4
4
4
4
4
4
4
4
4
4
4
4
4
4
4
4
4
4
4
4
4
4
4
4
4
4
4
4
4
4
4
4
4
4
4
4
4
4
4
4
4
4
4
4
4
4
4
4
4
4
4
4
4
4
4
4
4
4
4
4
4
4
4
4
4
4
4
4
4
4
4
4
4
4
4
4
4
4
4
4
4
4
4
4
4
4
4
4
4
4
4
4
4
4
4
4
4
4
4
4
4
4
4
4
4
4
4
4
4
4
4
4
4
4
4
4
4
4
4
4
4
4
4
4
4
4
4
4
4
4
4
4
4
4
4
4
4
4
4
4
4
4
4
4
4
4
4
4
4
4
4
4
4
4
4
4
4
4
4
4
4
4
4
4
4
4
4
4
4
4
4
4
4
4
4
4
4
4
4
4
4
4
4
4
4
4
4
4
4
4
4
4
4
4
4
4
4
4
4
4
4
4
4
4
4
4
4
4
4
4
4
4
4
4
4
4
4
4
4
4
4
4
4
4
4
4
4
4
4
4
4
4
4
4
4
4
4
4
4
4
4
4
4
4
4
4
4
4
4
4
4
4
4
4
4
4
4
4
4
4
4
4
4
4
4
4
4
4
4
4
4
4
4
4
4
4
4
4
4
4
4
4
4
4
4
4
4
4
4
4
4
4
4
4
4
4
4
4
4
4
4
4
4
4
4
4
4
4
4
4
4
4
4
4
4
4
4
4
4
4
4
4
4
4
4
4
4
4
4
4
4
4
4
4
4
4
4
4
4
4
4
4
4
4
4
4
4
4
4
4
4
4
4
4
4
4
4
4
4
4
4
4
4
4
4
4
4
4
4
4
4
4
4
4
4
4
4
4
4
4
4
4
4
4
4
4
4
4
4
4
4
4
4
4
4
4
4
4
4
4
4
4
4
4
4
4
4
4
4
4
4
4
4
4
4
4
4
4
4
4
4
4
4
4
4
4
4
4
4
4
4
4
4
4
4
4
4
4
4
4
4
4
4
4
4
4
4
4
4
4
4
4
4
4
4
4
4
4
4
4
4
4
4
4
4
4
4
4
4
4
4
4
4
4
4
4
4
4
4
4
4
4
4
4
4
4
4
4
4
4
4
4
4
4
4
4
4
4
4
4
4
4
4
4
4
4
4
4
4
4
4
4
4
4
4
4
4
4
4
4
4
4
4
4
4
4
4
4
4
4
4
4
4
4
4
4
4
4
4
4
4
4
4
4
4
4
4
4
4
4
4
4
4
4
4
4
4
4
4
4
4
4
4
4
4
4
4
4
4
4
4
4
4
4
4
4
4
4
4
4
4
4
4
4
4
4
4
4
4
4
4
4
4
4
4
4
4
4
4
4
4
4
4
4
4
4
4
4
4
4
4
4
4
4
4
4
4
4
4
4
4
4
4
4
4
4
4
4
4
4
4
4
4
4
4
4
4
4
4
4
4
4
4
4
4
4
4
4
4
4
4
4
4
4
4
4
4
4
4
4
4
4
4
4
4
4
4
4
4
4
4
4
4
4
4
4
4
4
4
4
4
4
4
4
4
4
4
4
4
4
4
4
4
4
4
4
4
4
4
4
4
4
4
4
4
4
4
4
4
4
4
4
4
4
4
4
4
4
4
4
4
4
4
4
4
4
4
4
4
4
4
4
4
4
4
4
4
4
4
4
4
4
4
4
4
4
4
4
4
4
4
4
4
4
4
4
4
4
4
4
4
4
4
4
4
4
4
4
4
4
4
4
4
4
4
4
4
4
4
4
4
4
4
4
4
4
4
4
4
4
4
4
4
4
4
4
4
4
4
4
4
4
4
4
4
4
4
4
4
4
4
4
4
4
4
4
4
4
4
4
4
4
4
4
4
4
4
4
4
4
4
4
4
4
4
4
4
4
4
4
4
4
4
4
4
4
4
4
4
4
4
4
4
4
4
4
4
4
4
4
4
4
4
4
4
4
4
4
4
4
4
4
4
4
4
4
4
4
4
4
4
4
4
4
4
4
4
4
4
4
4
4
4
4
4
4
4
4
4
4
4
4
4
4
4
4
4
4
4
4
4
4
4
4
4
4
4
4
4
4
4
4
4
4
4
4
4
4
4
4
4
4
4
4
4
4
4
4
4
4
4
4
4
4
4
4
4
4
4
4
4
4
4
4
4
4
4
4
4
4
4
4
4
4
4
4
4
4
4
4
4
4
4
4
4
4
4
4
4
4
4
4
4
4
4
4
4
4
4
4
4
4
4
4
4
4
4
4
4
4
4
4
4
4
4
4
4
4
4
4
4
4
4
4
4
4
4
4
4
4
4
4
4
4
4
4
4
4
4
4
4
4
4
4
4
4
4
4
4
4
4
4
4
4
4
4
4
4
4
4
4
4
4
4
4
4
4
4
4
4
4
4
4
4
4
4
4
4
4
4
4
4
4
4
4
4
4
4
4
4
4
4
4
4
4
4
4
4
4
4
4
4
4
4
4
4
4
4
4
4
4
4
4
4
4
4
4
4
4
4
4
4
4
4
4
4
4
4
4
4
4
4
4
4
4
4
4
4
4
4
4
4
4
4
4
4
4
4
4
4
4
4
4
4
4
4
4
4
4
4
4
4
4
4
4
4
4
4
4
4
4
4
4
4
4
4
4
4
4
4
4
4
4
4
4
4
4
4
4
4
4
4
4
4
4
4
4
4
4
4
4
4
4
4
4
4
4
4
4
4
4
4
4
4
4
4
4
4
4
4
4
4
4
4
4
4
4
4
4
4
4
4
4
4
4
4
4
4
4
4
4
4
4
4
4
4
4
4
4
4
4
4
4
4
4
4
4
4
4
4
4
4
4
4
4
4
4
4
4
4
4
4
4
4
4
4
4
4
4
4
4
4
4
4
4
4
4
4
4
4
4
4
4
4
4
4
4
4
4
4
4
4
4
4
4
4
4
4
4
4
4
4
4
4
4
4
4
4
4
4
4
4
4
4
4
4
4
4
4
4
4
4
4
4
4
4
4
4
4
4
4
4
4
4
4
4
4
4
4
4
4
4
4
4
4
4
4
4
4
4
4
4
4
4
4
4
4
4
4
4
4
4
4
4
4
4
4
4
4
4
4
4
4
4
4
4
4
4
4
4
4
4
4
4
4
4
4
4
4
4
4
4
4
4
4
4
4
4
4
4
4
4
4
4
4
4
4
4
4
4
4
4
4
4
4
4
4
4
4
4
4
4
4
4
4
4
4
4
4
4
4
4
4
4
4
4
4
4
4
4
4
4
4
4
4
4
4
4
4
4
4
4
4
4
4
4
4
4
4
4
4
4
4
4
4
4
4
4
4
4
4
4
4
4
4
4
4
4
4
4
4
4
4
4
4
4
4
4
4
4
4
4
4
4
4
4
4
4
4
4
4
4
4
4
4
4
4
4
4
4
4
4
4
4
4
4
4
4
4
4
4
4
4
4
4
4
4
4
4
4
4
4
4
4
4
4
4
4
4
4
4
4
4
4
4
4
4
4
4
4
4
4
4
4
4
4
4
4
4
4
4
4
4
4
4
4
4
4
4
4
4
4
4
4
4
4
4
4
4
4
4
4
4
4
4
4
4
4
4
4
4
4
4
4
4
4
4
4
4
4
4
4
4
4
4
4
4
4
4
4
4
4
4
4
4
4
4
4
4
4
4
4
4
4
4
4
4
4
4
4
4
4
4
4
4
4
4
4
4
4
4
4
4
4
4
4
4
4
4
4
4
4
4
4
4
4
4
4
4
4
4
4
4
4
4
4
4
4
4
4
4
4
4
4
4
4
4
4
4
4
4
4
4
4
4
4
4
4
4
4
4
4
4
4
4
4
4
4
4
4
4
4
4
4
4
4
4
4
4
4
4
4
4
4
4
4
4
4
4
4
4
4
4
4
4
4
4
4
4
4
4
4
4
4
4
4
4
4
4
4
4
4
4
4
4
4
4
4
4
4
4
4
4
4
4
4
4
4
4
4
4
4
4
4
4
4
4
4
4
4
4
4
4
4
4
4
4
4
4
4
4
4
4
4
4
4
4
4
4
4
4
4
4
4
4
4
4
4
4
4
4
4
4
4
4
4
4
4
4
4
4
4
4
4
4
4
4
4
4
4
4
4
4
4
4
4
4
4
4
4
4
4
4
4
4
4
4
4
4
4
4
4
4
4
4
4
4
4
4
4
4
4
4
4
4
4
4
4
4
4
4
4
4
4
4
4
4
4
4
4
4
4
4
4
4
4
4
4
4
4
4
4
4
4
4
4
4
4
4
4
4
4
4
4
4
4
4
4
4
4
4
4
4
4
4
4
4
4
4
4
4
4
4
4
4
4
4
4
4
4
4
4
4
4
4
4
4
4
4
4
4
4
4
4
4
4
4
4
4
4
4
4
4
4
4
4
4
4
4
4
4
4
4
4
4
4
4
4
4
4
4
4
4
4
4
4
4
4
4
4
4
4
4
4
4
4
4
4
4
4
4
4
4
4
4
4
4
4
4
4
4
4
4
4
4
4
4
4
4
4
4
4
4
4
4
4
4
4
4
4
4
4
4
4
4
4
4
4
4
4
4
4
4
4
4
4
4
4
4
4
4
4
4
4
4
4
4
4
4
4
4
4
4
4
4
4
4
4
4
4
4
4
4
4
4
4
4
4
4
4
4
4
4
4
4
4
4
4
4
4
4
4
4
4
4
4
4
4
4
4
4
4
4
4
4
4
4
4
4
4
4
4
4
4
4
4
4
4
4
4
4
4
4
4
4
4
4
4
4
4
4
4
4
4
4
4
4
4
4
4
4
4
4
4
4
4
4
4
4
4
4
4
4
4
4
4
4
4
4
4
4
4
4
4
4
4
4
4
4
4
4
4
4
4
4
4
4
4
4
4
4
4
4
4
4
4
4
4
4
4
4
4
4
4
4
4
4
4
4
4
4
4
4
4
4
4
4
4
4
4
4
4
4
4
4
4
4
4
4
4
4
4
4
4
4
4
4
4
4
4
4
4
4
4
4
4
4
4
4
4
4
4
4
4
4
4
4
4
4
4
4
4
4
4
4
4
4
4
4
4
4
4
4
4
4
4
4
4
4
4
4
4
4
4
4
4
4
4
4
4
4
4
4
4
4
4
4
4
4
4
4
4
4
4
4
4
4
4
4
4
4
4
4
4
4
4
4
4
4
4
4
4
4
4
4
4
4
4
4
4
4
4
4
4
4
4
4
4
4
4
4
4
4
4
4
4
4
4
4
4
4
4
4
4
4
4
4
4
4
4
4
4
4
4
4
4
4
4
4
4
4
4
4
4
4
4
4
4
4
4
4
4
4
4
4
4
4
4
4
4
4
4
4
4
4
4
4
4
4
4
4
4
4
4
4
4
4
4
4
4
4
4
4
4
4
4
4
4
4
4
4
4
4
4
4
4
4
4
4
4
4
4
4
4
4
4
4
4
4
4
4
4
4
4
4
4
4
4
4
4
4
4
4
4
4
4
4
4
4
4
4
4
4
4
4
4
4
4
4
4
4
4
4
4
4
4
4
4
4
4
4
4
4
4
4
4
4
4
4
4
4
4
4
4
4
4
4
4
4
4
4
4
4
4
4
4
4
4
4
4
4
4
4
4
4
4
4
4
4
4
4
4
4
4
4
4
4
4
4
4
4
4
4
4
4
4
4
4
4
4
4
4
4
4
4
4
4
4
4
4
4
4
4
4
4
4
4
4
4
4
4
4
4
4
4
4
4
4
4
4
4
4
4
4
4
4
4
4
4
4
4
4
4
4
4
4
4
4
4
4
4
4
4
4
4
4
4
4
4
4
4
4
4
4
4
4
4
4
4
4
4
4
4
4
4
4
4
4
4
4
4
4
4
4
4
4
4
4
4
4
4
4
4
4
4
4
4
4
4
4
4
4
4
4
4
4
4
4
4
4
4
4
4
4
4
4
4
4
4
4
4
4
4
4
4
4
4
4
4
4
4
4
4
4
4
4
4
4
4
4
4
4
4
4
4
4
4
4
4
4
4
4
4
4
4
4
4
4
4
4
4
4
4
4
4
4
4
4
4
4
4
4
4
4
4
4
4
4
4
4
4
4
4
4
4
4
4
4
4
4
4
4
4
4
4
4
4
4
4
4
4
4
4
4
4
4
4
4
4
4
4
4
4
4
4
4
4
4
4
4
4
4
4
4
4
4
4
4
4
4
4
4
4
4
4
4
4
4
4
4
4
4
4
4
4
4
4
4
4
4
4
4
4
4
4
4
4
4
4
4
4
4
4
4
4
4
4
4
4
4
4
4
4
4
4
4
4
4
4
4
4
4
4
4
4
4
4
4
4
4
4
4
4
4
4
4
4
4
4
4
4
4
4
4
4
4
4
4
4
4
4
4
4
4
4
4
4
4
4
4
4
4
4
4
4
4
4
4
4
4
4
4
4
4
4
4
4
4
4
4
4
4
4
4
4
4
4
4
4
4
4
4
4
4
4
4
4
4
4
4
4
4
4
4
4
4
4
4
4
4
4
4
4
4
4
4
4
4
4
4
4
4
4
4
4
4
4
4
4
4
4
4
4
4
4
4
4
4
4
4
4
4
4
4
4
4
4
4
4
4
4
4
4
4
4
4
4
4
4
4
4
4
4
4
4
4
4
4
4
4
4
4
4
4
4
4
4
4
4
4
4
4
4
4
4
4
4
4
4
4
4
4
4
4
4
4
4
4
4
4
4
4
4
4
4
4
4
4
4
4
4
4
4
4
4
4
4
4
4
4
4
4
4
4
4
4
4
4
4
4
4
4
4
4
4
4
4
4
4
4
4
4
4
4
4
4
4
4
4
4
4
4
4
4
4
4
4
4
4
4
4
4
4
4
4
4
4
4
4
4
4
4
4
4
4
4
4
4
4
4
4
4
4
4
4
4
4
4
4
4
4
4
4
4
4
4
4
4
4
4
4
4
4
4
4
4
4
4
4
4
4
4
4
4
4
4
4
4
4
4
4
4
4
4
4
4
4
4
4
4
4
4
4
4
4
4
4
4
4
4
4
4
4
4
4
4
4
4
4
4
4
4
4
4
4
4
4
4
4
4
4
4
4
4
4
4
4
4
4
4
4
4
4
4
4
4
4
4
4
4
4
4
4
4
4
4
4
4
4
4
4
4
4
4
4
4
4
4
4
4
4
4
4
4
4
4
4
4
4
4
4
4
4
4
4
4
4
4
4
4
4
4
4
4
4
4
4
4
4
4
4
4
4
4
4
4
4
4
4
4
4
4
4
4
4
4
4
4
4
4
4
4
4
4
4
4
4
4
4
4
4
4
4
4
4
4
4
4
4
4
4
4
4
4
4
4
4
4
4
4
4
4
4
4
4
4
4
4
4
4
4
4
4
4
4
4
4
4
4
4
4
4
4
4
4
4
4
4
4
4
4
4
4
4
4
4
4
4
4
4
4
4
4
4
4
4
4
4
4
4
4
4
4
4
4
4
5
5
5
5
5
5
5
5
5
5
5
5
5
5
5
5
5
5
5
5
5
5
5
5
5
5
5
5
5
5
5
5
5
5
5
5
5
5
5
5
5
5
5
5
5
5
5
5
5
5
5
5
5
5
5
5
5
5
5
5
5
5
5
5
5
5
5
5
5
5
5
5
5
5
5
5
5
5
5
5
5
5
5
5
5
5
5
5
5
5
5
5
5
5
5
5
5
5
5
5
5
5
5
5
5
5
5
5
5
5
5
5
5
5
5
5
5
5
5
5
5
5
5
5
5
5
5
5
5
5
5
5
5
5
5
5
5
5
5
5
5
5
5
5
5
5
5
5
5
5
5
5
5
5
5
5
5
5
5
5
5
5
5
5
5
5
5
5
5
5
5
5
5
5
5
5
5
5
5
5
5
5
5
5
5
5
5
5
5
5
5
5
5
5
5
5
5
5
5
5
5
5
5
5
5
5
5
5
5
5
5
5
5
5
5
5
5
5
5
5
5
5
5
5
5
5
5
5
5
5
5
5
5
5
5
5
5
5
5
5
5
5
5
5
5
5
5
5
5
5
5
5
5
5
5
5
5
5
5
5
5
5
5
5
5
5
5
5
5
5
5
5
5
5
5
5
5
5
5
5
5
5
5
5
5
5
5
5
5
5
5
5
5
5
5
5
5
5
5
5
5
5
5
5
5
5
5
5
5
5
5
5
5
5
5
5
5
5
5
5
5
5
5
5
5
5
5
5
5
5
5
5
5
5
5
5
5
5
5
5
5
5
5
5
5
5
5
5
5
5
5
5
5
5
5
5
5
5
5
5
5
5
5
5
5
5
5
5
5
5
5
5
5
5
5
5
5
5
5
5
5
5
5
5
5
5
5
5
5
5
5
5
5
5
5
5
5
5
5
5
5
5
5
5
5
5
5
5
5
5
5
5
5
5
5
5
5
5
5
5
5
5
5
5
5
5
5
5
5
5
5
5
5
5
5
5
5
5
5
5
5
5
5
5
5
5
5
5
5
5
5
5
5
5
5
5
5
5
5
5
5
5
5
5
5
5
5
5
5
5
5
5
5
5
5
5
5
5
5
5
5
5
5
5
5
5
5
5
5
5
5
5
5
5
5
5
5
5
5
5
5
5
5
5
5
5
5
5
5
5
5
5
5
5
5
5
5
5
5
5
5
5
5
5
5
5
5
5
5
5
5
5
5
5
5
5
5
5
5
5
5
5
5
5
5
5
5
5
5
5
5
5
5
5
5
5
5
5
5
5
5
5
5
5
5
5
5
5
5
5
5
5
5
5
5
5
5
5
5
5
5
5
5
5
5
5
5
5
5
5
5
5
5
5
5
5
5
5
5
5
5
5
5
5
5
5
5
5
5
5
5
5
5
5
5
5
5
5
5
5
5
5
5
5
5
5
5
5
5
5
5
5
5
5
5
5
5
5
5
5
5
5
5
5
5
5
5
5
5
5
5
5
5
5
5
5
5
5
5
5
5
5
5
5
5
5
5
5
5
5
5
5
5
5
5
5
5
5
5
5
5
5
5
5
5
5
5
5
5
5
5
5
5
5
5
5
5
5
5
5
5
5
5
5
5
5
5
5
5
5
5
5
5
5
5
5
5
5
5
5
5
5
5
5
5
5
5
5
5
5
5
5
5
5
5
5
5
5
5
5
5
5
5
5
5
5
5
5
5
5
5
5
5
5
5
5
5
5
5
5
5
5
5
5
5
5
5
5
5
5
5
5
5
5
5
5
5
5
5
5
5
5
5
5
5
5
5
5
5
5
5
5
5
5
5
5
5
5
5
5
6
6
6
6
6
6
6
6
6
6
6
6
6
6
6
6
6
6
6
6
6
6
6
6
6
6
6
6
6
6
6
6
6
6
6
6
6
6
6
6
6
6
6
6
6
6
6
6
6
6
6
6
6
6
6
6
6
6
6
6
6
6
6
6
6
6
6
6
6
6
6
6
6
6
6
6
6
6
6
6
6
6
6
6
6
6
6
6
6
6
6
6
6
6
6
6
6
6
6
6
6
6
6
6
6
6
6
6
6
6
6
6
6
6
6
6
6
6
6
6
6
6
6
6
6
6
6
6
6
6
6
6
6
6
6
6
6
6
6
6
6
6
6
6
6
6
6
6
6
6
6
6
6
6
6
6
6
6
6
6
6
6
6
6
6
6
6
6
6
6
6
6
6
6
6
6
6
6
6
6
6
6
6
6
6
6
6
6
6
6
6
6
6
6
6
6
6
6
6
6
6
6
6
6
6
6
6
6
6
6
6
6
6
6
6
6
6
6
6
6
6
6
6
6
6
6
6
6
6
6
6
6
6
6
6
6
6
6
6
6
6
6
6
6
6
6
6
6
6
6
6
6
6
6
6
6
6
6
6
6
6
6
6
6
6
6
6
6
6
6
6
6
6
6
6
6
6
6
6
6
6
6
6
6
6
6
6
6
6
6
6
6
6
6
6
6
6
6
6
6
6
6
6
6
6
6
6
6
6
6
6
6
6
6
6
6
6
6
6
6
6
6
6
6
6
6
6
6
6
6
6
6
6
6
6
6
6
6
6
6
6
6
6
6
6
6
6
6
6
6
6
6
6
6
6
6
6
6
6
6
6
6
6
6
6
6
6
6
6
6
6
6
6
6
6
6
6
6
6
6
6
6
6
6
6
6
6
6
6
6
6
6
6
6
6
6
6
6
6
6
6
6
6
6
6
6
6
6
6
6
6
6
6
6
6
6
6
6
6
6
6
6
6
6
6
6
6
6
6
6
6
6
6
6
6
6
6
6
6
6
6
6
6
6
6
6
6
6
6
6
6
6
6
6
6
6
6
6
6
6
6
6
6
6
6
6
6
6
6
6
6
6
6
6
6
6
6
6
6
6
6
6
6
6
6
6
6
6
6
6
6
6
6
6
6
6
6
6
6
6
6
6
6
6
6
6
6
6
6
6
6
6
6
6
6
6
6
6
6
6
6
6
6
6
6
6
6
6
6
6
6
6
6
6
6
6
6
6
6
6
6
6
6
6
6
6
6
6
6
6
6
6
6
6
6
6
6
6
6
6
6
6
6
6
6
6
6
6
6
6
6
6
6
6
6
6
6
6
6
6
6
6
6
6
6
6
6
6
6
6
6
6
6
6
6
6
6
6
6
6
6
6
6
6
6
6
6
6
6
6
6
6
6
6
6
6
6
6
6
6
6
6
6
6
6
6
6
6
6
6
6
6
6
6
6
6
6
6
6
6
6
6
6
6
6
6
6
6
6
6
6
6
6
6
6
6
6
6
6
6
6
6
6
6
6
6
6
6
6
6
6
6
6
6
6
6
6
6
6
6
6
6
6
6
6
6
6
6
6
6
6
6
6
6
6
6
6
6
6
6
6
6
6
6
6
6
6
6
6
6
6
6
6
6
6
6
6
6
6
6
6
6
6
6
6
6
6
6
6
6
6
6
6
6
6
6
6
6
6
6
6
6
6
6
6
6
6
6
6
6
6
6
6
6
6
6
6
6
6
6
6
6
6
6
6
6
6
6
6
6
6
6
6
6
6
6
6
6
6
6
6
6
6
6
6
6
6
6
6
6
6
6
6
6
6
6
6
6
6
6
