# vtk DataFile Version 3.0
T1_9 Hex Mesh with Blade
ASCII
DATASET UNSTRUCTURED_GRID
POINTS 5983 float
0.46551163012949 0.1824799227701086 0.0
0.1824799227701087 -0.46551163012949 0.0
0.4963993110939297 -0.05989761218506126 2.5
0.05989761218506134 0.4963993110939297 2.5
1.679350330330893 0.8886970110327037 0.0
0.888697011032704 -1.679350330330893 0.0
1.662343710718029 -0.9201159148917888 2.5
0.920115914891789 1.662343710718029 2.5
0.3949790211393319 0.306580450876789 1.703433726957928
0.3647621377901675 0.3419774595419219 1.655586454256499
1.829153425044604 0.5140016119123881 1.569656310500439
1.826048319973588 0.5249261305389323 1.508823676455832
0.3933613251855091 0.3086533133603139 1.714122183790748
0.3557348931748934 0.3513583438284157 1.749797346597279
1.826074731126729 0.5248342459685569 1.58107246878322
1.806251759801394 0.5894527034591572 1.593199926447051
0.1909349933832086 -0.4621080266580035 0.0726246603395464
0.1995972025568293 -0.4584331540491896 0.1452107282356188
0.2084615063029782 -0.4544709015876521 0.2177539279780569
0.2175228247122137 -0.4502041989244653 0.2902563770553362
0.2267751015197126 -0.4456153647830425 0.362719168305872
0.2362097576105046 -0.4406869074633222 0.4351313143849594
0.2458190459058747 -0.4353998124367138 0.5074965077819937
0.2555934873096102 -0.429734766158048 0.579813607105206
0.265520904136587 -0.4236728094490952 0.6520707368476764
0.2755912517787155 -0.4171923560457941 0.7242811384446984
0.2857885584338971 -0.4102741764579815 0.7964254927293191
0.2960994139014042 -0.4028959382858617 0.8685136871072998
0.3065054415912978 -0.3950372315047324 0.9405320976329214
0.3169895008121879 -0.3866751302771357 1.012487870318142
0.327529292130226 -0.3777890453635112 1.084365474312292
0.3381045420619382 -0.3683548813808323 1.156176829602377
0.348688363370109 -0.3583523758122371 1.227903242385945
0.3592551396755626 -0.3477581697339288 1.299549922819067
0.369775278635272 -0.3365505063288524 1.371111266990047
0.3802161074305267 -0.3247086565682815 1.442577791841738
0.3905439573931757 -0.3122105336846875 1.513951317481612
0.4007214017987578 -0.2990357138210058 1.585227117781609
0.4107073927497253 -0.2851656317663873 1.656395492677603
0.4204585930021489 -0.270581912866794 1.727451974579295
0.4299284314398016 -0.2552675926154979 1.798391706760072
0.4390676451400858 -0.2392061934631705 1.869214663383783
0.4478219910829289 -0.222385845553446 1.939908834414999
0.4561345337038838 -0.2047957205674486 2.010468144256783
0.4639447098540006 -0.1864277506126359 2.080886107919704
0.4711882636888569 -0.1672770760202374 2.151155722130943
0.4777972284127364 -0.1473424871552922 2.221269525529813
0.4836999280248546 -0.126626930898409 2.29121955137515
0.4888210175976322 -0.10513806520388 2.360997255854377
0.4930815774781654 -0.08288882887122956 2.430593529553351
0.462108027463755 0.1909349914330988 0.0726246437975453
0.4584331557514892 0.1995971986470023 0.1452106958631177
0.4544709024672173 0.2084615043854214 0.2177539124637545
0.4502042008137094 0.2175228208020693 0.2902563461074836
0.445615365708022 0.2267750997021185 0.3627191542164793
0.4406869095177596 0.2362097537776245 0.435131285250806
0.4353998133650663 0.2458190442615572 0.5074964955107197
0.4297347683415762 0.2555934836383976 0.5798135801705995
0.4236728129411774 0.2655208985645199 0.6520706966024237
0.4171923583048825 0.2755912483588884 0.7242811140928853
0.4102741794144167 0.2857885541896787 0.7964254628875611
0.4028959405461372 0.2960994108258973 0.8685136657200326
0.395037233519094 0.306505438995103 0.9405320797454231
0.3866751324398184 0.3169894981740703 1.012487852275639
0.3777890476010562 0.327529289549327 1.084365456755526
0.3683548833190621 0.3381045399502942 1.156176815283215
0.3583523796780195 0.3486883593971851 1.227903215466459
0.3477581759547784 0.359255133653794 1.299549881942685
0.3365505099517445 0.3697752753379013 1.371111244501976
0.3247086604815829 0.380216104088525 1.442577768869585
0.3122105368674097 0.3905439548488285 1.513951299792315
0.2990357165302662 0.4007213997769901 1.585227103508583
0.2851656342711018 0.410707391010632 1.65639548015518
0.2705819178298883 0.4204585898081994 1.727451951003299
0.2552675988042639 0.4299284277652564 1.798391678793144
0.2392061975857072 0.4390676428941076 1.869214645638706
0.2223858498242 0.4478219889620969 1.939908816881863
0.204795723515034 0.4561345323804741 2.010468132699597
0.1864277563397529 0.4639447075526627 2.08088608644317
0.1672770816063739 0.4711882617057161 2.151155702066855
0.1473424914097163 0.4777972271007626 2.221269510871138
0.1266269380830013 0.4836999261440131 2.291219527590268
0.1051380746169299 0.4888210155730264 2.360997225862081
0.08288883421813531 0.4930815765793308 2.430593513127072
0.904553003227066 -1.670863182236606 0.07201938174420996
0.9208501830241971 -1.661937077577019 0.1438862136084337
0.9375833741504619 -1.652554787569107 0.2155923394430659
0.954747566628985 -1.642698083464205 0.2871333789518707
0.9723368368593097 -1.632348303851654 0.3585040575453177
0.9903426900184058 -1.621487362185734 0.4296920021369696
1.008757333619225 -1.610095820524472 0.5006912286827789
1.027572850218898 -1.598153292676879 0.5714984514692245
1.046777436470918 -1.585640850853784 0.6420992605634759
1.066360874428225 -1.572537565493941 0.7124889525252531
1.086311364718995 -1.5588224813247 0.7826606126784835
1.106614159282228 -1.544475643018377 0.8526008340042762
1.12725680021377 -1.529474424687368 0.9223080145113666
1.14822189763051 -1.513798660061083 0.9917676764846012
1.169493174567654 -1.497426333426993 1.06097326633876
1.191052641386537 -1.48033560885601 1.129916633926995
1.212879723902297 -1.462505618706345 1.198585579042027
1.234955004688132 -1.443913448166709 1.266975785682424
1.257254082008686 -1.424539252766815 1.335071746604506
1.27975538381275 -1.404359664403397 1.402871024464659
1.302431073218971 -1.383355778140468 1.470356623587698
1.325256767047654 -1.36150446594763 1.537526373946081
1.348201566607611 -1.338787677414803 1.604363330079239
1.371237736842886 -1.315183249003324 1.670864369618842
1.394331597893354 -1.290673972975788 1.737013679923476
1.417451665137765 -1.265239379089632 1.802806357858625
1.440561735227339 -1.238863106400275 1.868228591044141
1.46362629121797 -1.211527130961776 1.933273104365676
1.486606761237769 -1.183216060930163 1.997928535515981
1.509463524228933 -1.153914978853862 2.062185100225678
1.532155721617906 -1.123609698300283 2.126034017883771
1.55463973153491 -1.092288979407008 2.189463163638908
1.57687239738804 -1.059940258579056 2.252466095837215
1.598806784504333 -1.02655578281156 2.315029972512056
1.620396200627173 -0.9921270394430153 2.377146806167939
1.641591919101822 -0.9566482532992655 2.438806870022389
1.670863184219149 0.9045529995649707 0.07201936535675746
1.661937081690945 0.9208501755994427 0.1438861813364875
1.652554789636838 0.9375833705059445 0.2155923240423302
1.642698087843506 0.9547475590941457 0.2871333479689112
1.632348305959136 0.9723368333212932 0.3585040433763279
1.621487366794244 0.9903426824728938 0.4296919726807669
1.610095822614669 1.008757330283023 0.5006912159763219
1.59815329746682 1.027572842769246 0.5714984237638249
1.585640852856344 1.046777433437474 0.6420992495381078
1.572537570404465 1.06636086718679 0.7124889267808648
1.558822488645963 1.086311354213215 0.7826605761139052
1.544475647974048 1.106614152365713 0.8526008104173949
1.529474430918975 1.127256791758656 0.9223079862343647
1.513798664970603 1.148221891157873 0.9917676552369331
1.497426338101431 1.169493168582476 1.060973247036211
1.480335613611256 1.191052635476337 1.12991661518369
1.462505629023794 1.212879711461387 1.198585540208157
1.443913452641645 1.234954999456023 1.266975769591993
1.424539261319331 1.257254072318207 1.335071717214577
1.404359668453399 1.279755379368417 1.402871011158124
1.383355786531276 1.302431064306812 1.470356597218042
1.361504469409168 1.325256763491438 1.537526363536169
1.338787685487701 1.348201558591082 1.604363306837111
1.315183259766355 1.371237726519835 1.670864339940358
1.290673980555197 1.394331590877415 1.737013659897198
1.26523938596747 1.4174516589985 1.802806340437599
1.238863113291828 1.440561729300699 1.868228574302455
1.211527139452692 1.463626284189553 1.933273084573049
1.183216066921893 1.486606756468847 1.997928522107534
1.15391499062347 1.509463515231613 2.062185074928039
1.123609703164464 1.532155718050749 2.126034007836743
1.092288990351867 1.554639723845058 2.189463141903345
1.059940272561899 1.576872387989068 2.252466069124665
1.026555792693662 1.59880677815927 2.315029954341846
0.9921270469482182 1.62039619603193 2.377146792878722
0.9566482618742749 1.64159191410468 2.438806855392591
0.1829066441783813 -0.4663040301808188 0.0
0.1834930748910249 -0.4673919915495401 0.0
0.184298748950684 -0.4688848002551212 0.0
0.1854051694503377 -0.4709312960525041 0.0
0.1869237176582618 -0.4737334467253619 0.0
0.189006219390729 -0.4775639199252268 0.0
0.1918588850515469 -0.4827882545773993 0.0
0.1957603327835694 -0.4898917372193742 0.0
0.2010841916668429 -0.4995100097336309 0.0
0.2083259566854735 -0.5124601313506583 0.0
0.2181319157939234 -0.5297650132929763 0.0
0.2313240294161414 -0.552658209731241 0.0
0.8530152635535153 -1.586046698063087 0.0
0.8629416722066576 -1.610533362108734 0.0
0.8701871594059856 -1.629056825497068 0.0
0.8754616972110566 -1.642925064743334 0.0
0.8792964677867279 -1.653227936863957 0.0
0.8820829797360781 -1.660838200395594 0.0
0.8841074814990639 -1.666435780377073 0.0
0.8855784002546578 -1.670540161276372 0.0
0.8866472029379795 -1.673542764600035 0.0
0.8874239164723503 -1.675735705745232 0.0
0.8879884340867616 -1.677335384385586 0.0
0.8883987483566418 -1.678501213953192 0.0
0.4663040275963395 0.1829066427860483 0.0
0.4673919895892556 0.1834930738338292 0.0
0.4688847990690564 0.184298748310091 0.0
0.4709312957832683 0.1854051693046317 0.0
0.4737334474651065 0.186923718059692 0.0
0.4775639216429843 0.1890062203263421 0.0
0.4827882546489476 0.191858885090712 0.0
0.4898917372679054 0.1957603328103128 0.0
0.499510009758803 0.2010841916808374 0.0
0.5124601313570836 0.208325956689087 0.0
0.5297650133876732 0.2181319158479807 0.0
0.5526582097617536 0.2313240294338861 0.0
1.58604669807645 0.8530152635590399 0.0
1.610533362108953 0.8629416722067438 0.0
1.629056825454697 0.8701871593896726 0.0
1.642925064756607 0.8754616972160418 0.0
1.653227936876324 0.8792964677912871 0.0
1.660838200400185 0.8820829797377471 0.0
1.666435767941723 0.8841074770251548 0.0
1.670540127615451 0.8855783882383388 0.0
1.673542742519694 0.8866471951008789 0.0
1.675735692051474 0.8874239116324254 0.0
1.677335353900395 0.8879884233453518 0.0
1.678501201127602 0.8883987438477727 0.0
0.4971949817391957 -0.06031805593262293 2.5
0.4982901430136223 -0.06089833072898654 2.5
0.499796358606449 -0.06169938534520028 2.5
0.5018657442230623 -0.06280558074605472 2.5
0.5047045904496998 -0.06433368875879156 2.5
0.5085913192217625 -0.06644572396616669 2.5
0.513897987790038 -0.06936640365407953 2.5
0.5211161661868662 -0.07340773734791983 2.5
0.5308839966502442 -0.07900229906098849 2.5
0.5440102204477154 -0.08674765281812236 2.5
0.5614846231825965 -0.09746191283943734 2.5
0.5844582882462518 -0.1122454210556417 2.5
1.561893266220962 -0.9002511042525669 2.5
1.588372591077379 -0.9069731818203138 2.5
1.6083993549983 -0.9113411510749654 2.5
1.623368032893555 -0.9142094588241592 2.5
1.634461428130119 -0.9161188986796196 2.5
1.642632782870205 -0.9174086224202241 2.5
1.648625402314225 -0.9182918983548509 2.5
1.65300632306236 -0.9189042708746855 2.5
1.656201669852136 -0.9193332151532227 2.5
1.658528470200682 -0.9196361898878727 2.5
1.660220814995028 -0.9198515970156019 2.5
1.66145059658049 -0.9200055132131038 2.5
0.06031805581515454 0.4971949815171463 2.5
0.06089833065621461 0.4982901428764945 2.5
0.06169938531470937 0.4997963585492402 2.5
0.06280556171161836 0.501865708719426 2.5
0.06433368128110664 0.5047045766134857 2.5
0.06644571193935753 0.508591297208731 2.5
0.06936640714861605 0.5138979940932291 2.5
0.07340774001636793 0.5211161709068125 2.5
0.07900230065884725 0.5308839994044741 2.5
0.08674765333595671 0.5440102213108042 2.5
0.09746191738485152 0.5614846304403538 2.5
0.112245423201432 0.5844582914941457 2.5
0.9002511034059049 1.561893263136167 2.5
0.9069731818204141 1.588372591077807 2.5
0.9113411510750045 1.608399354998491 2.5
0.914209456974125 1.623368022637904 2.5
0.9161188984590923 1.634461426784452 2.5
0.9174086224173614 1.642632782851344 2.5
0.9182918963442059 1.64862538825297 2.5
0.9189042659513312 1.653006287013636 2.5
0.9193332121401614 1.656201647009893 2.5
0.9196361881134364 1.658528456393481 2.5
0.9198515931884952 1.660220784633617 2.5
0.9200055116458263 1.661450583967927 2.5
0.3945938669717581 0.3070760168887739 1.70278869763715
0.3940046832236507 0.3078316254023141 1.701803981707905
0.3931106054860213 0.308972574599128 1.700314284915272
0.3917703021843693 0.3106702919919573 1.698091327292037
0.3897974466332186 0.3131420613686751 1.694841127206267
0.386970494306417 0.3166288624497888 1.690227917574344
0.383072430288397 0.3213339589164849 1.683948513641349
0.3779741725252166 0.3273156349823176 1.675871088833694
0.3717500919971813 0.3343678649333504 1.666204298089536
1.829108734329254 0.5141606241257414 1.56877159707955
1.829041285927385 0.5144005091113701 1.567436882170435
1.828940424556281 0.514759004607819 1.565442129151852
1.828791657031528 0.5152872835349409 1.562502460707901
1.828576619666073 0.5160498574862107 1.558258608765228
1.828274702587288 0.517118478958453 1.552310710407415
1.827867672521551 0.518555379059547 1.544311439384336
1.827347972947007 0.520383796026935 1.534130000459662
1.826728608500114 0.522553825254563 1.522042546161483
0.3957748446782171 0.3066251278794081 1.703016034338328
0.3968726881031429 0.3066864951668806 1.702440236513627
0.3983864491013436 0.3067706124088652 1.701647083819473
0.4004723295892694 0.3068855859390412 1.70055566306742
0.4033439666107475 0.3070421284243814 1.699055967101113
0.4072924548403354 0.3072541603095643 1.696999365747532
0.4127123741475714 0.3075393556439577 1.694186814864485
0.4201347468872447 0.3079194536555366 1.690355106717295
0.4302671343971051 0.3084200767988872 1.685162507719033
0.4440393698727902 0.3090698102871008 1.67817719657241
0.4626499965100933 0.3098986351620357 1.668875624006062
0.4876023861894905 0.31093685785474 1.656663822229516
0.520709802953239 0.3122177855302761 1.640942428188287
0.5640350935022227 0.3137899988450063 1.621242264691158
0.6197154524272348 0.315745100837611 1.597451409561689
0.6896147684611781 0.3182580577993248 1.570117441726286
0.7747689676743842 0.3216156125610616 1.540722800021087
0.8747931556993578 0.3276769891028631 1.512379171308936
0.9870145616536492 0.3373088494858256 1.488695411533399
1.106420194631052 0.3506478942135241 1.473130938274307
1.22627044809436 0.3670106939645591 1.466330947757609
1.339829389150007 0.3856941074019219 1.467956399352154
1.441755671382012 0.4052691174325742 1.47648811609424
1.528590257904732 0.4256424461659694 1.489573956033686
1.600031962852572 0.444134979228471 1.503483813901032
1.657009242857548 0.4599205082955056 1.516695029355362
1.701319883032164 0.4728812913455339 1.528366977165195
1.735126211433215 0.4831972830308001 1.53814534746284
1.760553311776501 0.4912122163142325 1.54602260408434
1.779478808840081 0.497325758900614 1.552187973861864
1.793458018170001 0.5019249276605328 1.556912436644689
1.803726640234395 0.5053494523879661 1.560477126786299
1.811239404091112 0.5078800685762016 1.563136532705474
1.816719991882765 0.5097397300872655 1.565104303186142
1.820709719076063 0.5111007778233753 1.566551628971517
1.823609733672333 0.5120939477834807 1.567611544767955
1.825715355890392 0.5128171098134997 1.568385306574694
1.82724297772952 0.5133428436302 1.568948879761475
1.828350625644934 0.5137246132088632 1.569358681358381
0.3655831306065105 0.3420350979550902 1.65522250832607
0.3667164826267809 0.3421142340138828 1.654720200183204
0.3682802350438243 0.3422226071723249 1.654027342165248
0.3704363137300217 0.3423704969691577 1.653072439945024
0.3734061933334634 0.3425713410564786 1.651757896055528
0.3774915678663985 0.3428423120353657 1.649951141882708
0.3831010991955833 0.3432046507448292 1.647473375627887
0.3907840389189853 0.343683399475223 1.644085868811568
0.4012706388104124 0.3443060125321999 1.639474533422086
0.4155172764092286 0.3450992965388333 1.633235021510694
0.4347504145258791 0.3460846440730697 1.624863704133895
0.4604971091329769 0.3472733190638099 1.613765277635075
0.4945804124391701 0.3486675112636854 1.599295981237239
0.5390466793232402 0.3502787633601662 1.580870990103401
0.5959820754131817 0.3521789882886632 1.558168287847699
0.6671748893524583 0.3545899654946799 1.531441669365603
0.7536015818095204 0.3579829235861847 1.501886858866718
0.8547798814736262 0.3631072185301933 1.47188018857617
0.9681652393116525 0.3708432569310008 1.444798939113568
1.088937813343521 0.3818491092412176 1.424212154948881
1.210562151009451 0.3961491393424312 1.412636799183004
1.326159970973015 0.4129505697804077 1.410554528713068
1.430126195661037 0.4308635810467391 1.41637304222882
1.519165103434982 0.4483868818577684 1.427308253509785
1.592375914172139 0.4643419757048909 1.440504986396389
1.650655238305711 0.4780602486055938 1.453771190909646
1.695907062927764 0.489343139320888 1.46578343661414
1.730389880601316 0.4983155294880014 1.475952377971555
1.756301998369213 0.5052728803380491 1.484176593594166
1.77557409659692 0.5105678313946901 1.490619666546999
1.789799820230935 0.514542528147276 1.495555055490386
1.800242777324343 0.5174962393441774 1.499275415106256
1.807878096409036 0.5196751322439142 1.502047831700821
1.813444336947876 0.5212738663364997 1.504096849087554
1.817493595628197 0.5224423556696791 1.505602241994598
1.820434771063756 0.5232939742163436 1.506703505701401
1.822568710525323 0.523913379297812 1.507506639975766
1.82411571823693 0.5243632201470279 1.508091044755795
1.825236571744881 0.5246895639839074 1.508515603234552
0.394581071675322 0.3070924581873584 1.704697641582565
0.3942056751960766 0.3075741953467575 1.705980671775743
0.3938578009673604 0.3080195328500371 1.707283935600916
0.3935475626362374 0.3084158166227484 1.708612241167525
0.3932915702782659 0.3087421913960834 1.709970554580352
0.3931204887905422 0.3089599995033098 1.711362862552861
0.3930983708989227 0.3089881402199977 1.712779936810827
0.3928900547065998 0.3092529788258231 1.714599979109114
0.392168106468441 0.310167980728117 1.715330132865386
0.3910707337097657 0.3115504473367123 1.716435876224886
0.389422381791656 0.3136083681276916 1.718087658980998
0.3869901714239798 0.3166048123785214 1.720505378147934
0.3834946049730785 0.3208299985296613 1.723940734459921
0.3786573933006798 0.3265250044004812 1.728621736786059
0.3723050216492269 0.3337498627037451 1.734648610477567
0.3645162376815329 0.342239554210936 1.741866411411702
0.3610644216046484 0.3458792902896915 1.666723798664746
0.3576342356237465 0.3494248896541552 1.67806590611598
0.3546693440630761 0.3524339035647214 1.689688197857202
0.3523855788466782 0.3547173576537967 1.701623221056454
0.351043084785142 0.3560459979055117 1.713838677124446
0.3509595923184446 0.3561282978923061 1.726193105501295
0.3524619261616271 0.3546414958890679 1.738358565611092
1.828684032119308 0.5156690993969016 1.570792847838657
1.828220808202274 0.5173089848989331 1.571972159920212
1.827765535963353 0.5189152675972609 1.573199121065035
1.827322016431082 0.5204749347155756 1.574488444063898
1.826897054121609 0.5219646185736413 1.575863734214954
1.826505042121032 0.5233347308438344 1.577366171602599
1.82618433076446 0.524452761906448 1.579075192539065
1.825829834530783 0.5256855759275056 1.58123140481162
1.825453560951652 0.5269907078970899 1.581475103243381
1.824879977966162 0.5289735110751406 1.581845434937623
1.824016072652251 0.5319448055082387 1.582400607467584
1.82273822705419 0.5363070622659069 1.583216153314368
1.820897932305269 0.5425224691451371 1.584379148740331
1.81834741721695 0.5510105077958009 1.585969302397489
1.814995069469079 0.561954452962047 1.5880228752987
1.810884039869542 0.5750642603628815 1.590487920946235
1.822733165743415 0.5363242637620715 1.516638692574125
1.819423003414963 0.5474484852891782 1.524845464847346
1.816172619388651 0.5581370136300796 1.533631236577855
1.813060974137982 0.5681635446407788 1.54320840835545
1.81021450449343 0.5771683958105708 1.553820225677762
1.807856512672813 0.5845123942119914 1.56573546259246
1.806373425168217 0.5890797554211005 1.579065633608879
0.3941633134728825 0.3086953263821726 1.713716159107495
0.395269521117549 0.3087530112555822 1.713156494613472
0.3967946109892773 0.30883204064465 1.712385626650666
0.3988958001242426 0.3089399894349589 1.711324943936327
0.4017880581636643 0.3090868436078112 1.709867563378265
0.4057642028162268 0.3092855369683917 1.707869059251463
0.411220992632495 0.3095524199186734 1.705135979187042
0.4186921129469579 0.3099074924105011 1.701412427529653
0.428888208460692 0.3103741752206811 1.696366000591047
0.4427423607105447 0.310978458540055 1.689576355252092
0.4614559224340941 0.311747705839586 1.680533286611999
0.4865334719175125 0.3127106196344258 1.668656936254403
0.5197859443209683 0.3139022193436862 1.653360310315126
0.5632676038200769 0.3153804102167701 1.634180277123813
0.6190978407867983 0.3172602710712307 1.610997541872148
0.6891118781157112 0.3197615629875562 1.584329863745821
0.7743086272599219 0.3232399103371933 1.555599393729739
0.8742701931049401 0.3296136933883719 1.527862316151283
0.9863071113233489 0.3397655427983319 1.504662718960957
1.105411006858728 0.3538408353583997 1.489383035294262
1.224887560565415 0.3710864422079742 1.482642556426904
1.338046110547802 0.3907490058078457 1.484087190189731
1.439594285765731 0.411330955004757 1.492250230225556
1.526085814860344 0.4326962154588033 1.504850517112863
1.59727611229653 0.45203801013162 1.518163047660521
1.65409062730014 0.4685149792636196 1.530757047044119
1.698304732334655 0.4820258861618398 1.541860278240208
1.732058829612396 0.4927711347965982 1.551151895089362
1.757460858007746 0.5011156313319416 1.558632852209544
1.776376710498107 0.5074788828935531 1.564486550030548
1.790354372245822 0.5122652836440793 1.568971783199578
1.800625269412903 0.5158290558882476 1.57235597884535
1.808141786254591 0.5184625896796088 1.574880860328227
1.813626401410685 0.5203979607950459 1.576749240235647
1.817619868266951 0.5218145078656728 1.578123591339951
1.820523116337663 0.5228482561429115 1.57913016768801
1.822631421292784 0.5236010300727474 1.579865067796415
1.82416121143888 0.5241483425998825 1.580400393196298
1.825270581244939 0.5245458206964321 1.580789696471083
0.3565526460863492 0.35142555490966 1.749427814918364
0.3576816381758028 0.3515179095126992 1.748917723634582
0.3592395298334232 0.35164452354346 1.748214016194573
0.3613877400846534 0.3518175620294226 1.747243981841342
0.3643470708021166 0.3520530364550903 1.745908316869407
0.3684183256028372 0.3523716171131827 1.744072053749477
0.374008991386944 0.35279927129108 1.741553008576495
0.3816667730171328 0.353367385954533 1.738107670514721
0.3921198886221451 0.354111873890474 1.733415171491795
0.4063220404439716 0.355070759914348 1.727061540158652
0.4254961664606344 0.3562803241039375 1.718529521913143
0.4511646892360789 0.3577718489088938 1.707204711507686
0.4851446867896119 0.3595753331525006 1.692417208873111
0.5294752806457592 0.3617429408589719 1.673548170304599
0.5862351663001801 0.3644087885772212 1.650235500508836
0.6572075612053772 0.3678908742899902 1.62269475738547
0.743369739533197 0.3728014023365342 1.5921029392569
0.8442460070061928 0.3800700971022207 1.560863751394743
0.957293712414802 0.3907558043563224 1.532450410917115
1.077671333777739 0.4056098060581286 1.51058888327808
1.198791998295303 0.424573750802735 1.497959826656264
1.313724879614109 0.4465686912505322 1.495141754070067
1.416857142750331 0.4697925964287712 1.50053884482385
1.504946578519518 0.4923427127700626 1.511292307977954
1.577180413632679 0.5127564004141382 1.524454852202968
1.634538173000191 0.5302297815998867 1.537760499840571
1.678978304388621 0.5445518056955805 1.549839200742916
1.712782337631852 0.5559111960851192 1.560077101067414
1.738148216531161 0.5647020362042298 1.5683621692303
1.756992947322678 0.5713823888869912 1.574854818800398
1.77089109916225 0.5763913960396551 1.579828794333731
1.781086692469997 0.5801105541874659 1.583578350971062
1.788537225261311 0.5828523137008068 1.586372459776928
1.793966503474561 0.5848630321844356 1.588437397996503
1.797914820895897 0.5863320558249016 1.589954378753639
1.800781907549851 0.5874023738242665 1.591064027759663
1.802861628885521 0.5881806459523843 1.591873205062909
1.804369045188756 0.5887457430038263 1.592461952124024
1.805461033179493 0.5891556264943739 1.592889624172212
0.4628939414348974 0.1913733314106221 0.07262448196927868
0.4592123886911756 0.2000473149749512 0.1452106243712889
0.4552431767663184 0.2089234647085603 0.2177539285326241
0.4509692248418439 0.217996675455745 0.2902564508889147
0.4463728676477236 0.2272608985942489 0.3627193357248654
0.4414365953074535 0.2367075190047604 0.4351315337898135
0.4361414005001443 0.2463287943839787 0.5074968060289209
0.430467971154089 0.2561152219529527 0.5798139501114369
0.4243973470784064 0.2660546100646153 0.6520711141369282
0.4179079465837167 0.2761369112355881 0.7242815677618009
0.4109805328257933 0.2863461177269945 0.796425949479988
0.4035927846840351 0.2966688195877368 0.8685141787674472
0.3957242983085628 0.3070866207642041 0.9405326215558021
0.3873521611118023 0.3175823654113743 1.012488388687612
0.3784557673650361 0.3281337250582779 1.084365994284763
0.369011046188563 0.3387204284589656 1.156177354910515
0.3589977434545731 0.3493155589620637 1.227903744507174
0.3483925087660155 0.3598934946765089 1.299550404242663
0.3371735870452324 0.370424629555438 1.371111764260534
0.3253202723516383 0.380876269941905 1.442578285905987
0.3128104803202569 0.3912147380003459 1.513951827493962
0.2996238078682237 0.4014025948259956 1.585227634720909
0.2857416923482893 0.4113987806941257 1.65639603989586
0.2711457729570904 0.4211599441734659 1.727452555099944
0.2558190953169648 0.4306395096219121 1.798392333672295
0.2397451880407768 0.4397882160334055 1.869215371791301
0.2229121882990538 0.4485518044885368 1.93990963517344
0.2053092754110796 0.4568733482077013 2.010469059645494
0.1869283822715301 0.4646922771872233 2.080887141440126
0.1677646421691021 0.4719443435318679 2.151156894139763
0.1478168261989723 0.478561581635383 2.22127087352226
0.1270878909174834 0.4844723260683056 2.2912210405004
0.1055854537786539 0.489601241895718 2.360998896620133
0.08332242385535346 0.4938694195827449 2.430595318329525
0.4639745505319642 0.1919765754402765 0.07262433881799396
0.4602838107174039 0.2006667350453978 0.1452106301493689
0.4563050285342526 0.2095591504769856 0.2177540767796898
0.4520211196761022 0.2186487011159527 0.2902567334817147
0.4474144161189976 0.2279293219394646 0.3627197430267176
0.4424674077400047 0.2373923779505886 0.4351320552725194
0.4371610857906858 0.2470301095656827 0.5074974298852395
0.4314761384038623 0.2568329949485615 0.5798146636342203
0.425393608347339 0.2667888204027367 0.6520719044167378
0.4188919140661891 0.2768875214608072 0.7242824208346682
0.4119518253351695 0.2871130656586134 0.7964268520686646
0.4045510241290852 0.2974520244786256 0.8685151172492883
0.3966691150356335 0.3078859778362873 0.9405335834155828
0.3882831916367038 0.3183977503058013 1.012489361846328
0.3793726598394336 0.3289649889455692 1.084366968626423
0.3699134566399164 0.3395674041607813 1.15617832122193
0.3598853428722927 0.3501780547768098 1.227904696522837
0.3492649796688614 0.3607713000737325 1.299551337701887
0.3380306265665104 0.3713175136863546 1.371112677856776
0.3261615938818962 0.3817839819126788 1.442579181855422
0.3136358116471899 0.3921370104585095 1.513952711077388
0.3004328926634627 0.4023391441443085 1.585228514823682
0.2865342909472903 0.4123493078635 1.656396929345219
0.2719216604400525 0.4221241378947272 1.727453470178347
0.2565780601430455 0.4316170485611374 1.798393293759855
0.2404870287984348 0.4407787722265458 1.869216398370351
0.2236367134562794 0.4495550440456634 1.939910751693984
0.2060162981600248 0.4578889354198857 2.010470289771994
0.1876177158001189 0.4657198776639532 2.080888507296141
0.1684360939072198 0.472983627449164 2.151158414081245
0.1484701909314322 0.4796122270571238 2.221272559386465
0.1277229427965456 0.4855340222053643 2.2912228943282
0.1062019371003616 0.490673692255048 2.36100090682321
0.08392004272549486 0.4949523447843458 2.430597455364198
0.465459429766694 0.192806518590175 0.07262429792704111
0.4617560642777716 0.2015188751188624 0.1452108380226869
0.4577641327637236 0.2104336079873268 0.2177545212929652
0.4534665462993629 0.2195455752863681 0.2902574001507691
0.4488456332689089 0.2288486894229643 0.3627206152082682
0.4438838834193679 0.2383342880688528 0.4351331150083293
0.4385622862707051 0.2479945878827196 0.5074986573736556
0.4328615304845908 0.2578200408461314 0.5798160377435677
0.4267626631569647 0.2677984029941413 0.6520734036351037
0.4202441032051087 0.2779195865536439 0.7242840221033559
0.4132866297914605 0.2881675251659437 0.7964285331581261
0.4058679294612458 0.2985287648859056 0.8685168553450284
0.3979676187149774 0.3089848527434738 0.9405353571029917
0.3895627999488557 0.319518586558106 1.012491150187637
0.3806328953875444 0.3301075799748274 1.084368753250748
0.3711538531943585 0.3407315184117755 1.156180084866598
0.3611054550806325 0.35136342730186 1.227906425838679
0.3504643783427812 0.3619776403815597 1.299553021955767
0.3392089028919378 0.3725445037607576 1.371114310235432
0.3273183616405738 0.3830312766497497 1.442580760249638
0.314770704631181 0.3934042426398814 1.513954237454193
0.3015455666590328 0.4036259247581506 1.585229995976645
0.2876244247337321 0.4136552273985309 1.656398377371895
0.2729889530788452 0.423448770641743 1.727454901826565
0.2576222290063964 0.4329599557691038 1.798394729958971
0.2415078050030028 0.4421395068266479 1.86921786288942
0.2246338413754446 0.4509331516773831 1.939912271002386
0.206989528209651 0.4592839600997308 2.010471890674061
0.1885667977879775 0.4671313661158261 2.08089021457669
0.1693607689621898 0.4744111335690577 2.151160247514496
0.1493701818678685 0.4810553164567446 2.221274530035749
0.1285979429628493 0.4869922766449861 2.291225000133417
0.1070515975316337 0.4921467138961576 2.361003127435703
0.08474395777918439 0.4964397599543713 2.430599746312436
0.4674980547172808 0.1939478812064104 0.07262453583661926
0.4637773524766406 0.2026906545093396 0.1452115007599081
0.4597673706789239 0.2116359645380939 0.2177555860704294
0.4554510143857209 0.2207786400741101 0.2902588408006498
0.4508106074124867 0.230112562472172 0.362722402449201
0.4458286397205701 0.2396290318466675 0.4351352175846318
0.4404860988858058 0.2493202322141889 0.5075010413373984
0.4347636747625049 0.2591765796176616 0.5798186671450861
0.4286424208829809 0.2691857885912887 0.6520762418103193
0.4221007573536942 0.2793377394248435 0.7242870300807478
0.4151194767756344 0.2896163193762447 0.7964316728891454
0.4076762725648073 0.3000080397488583 0.8685200877704993
0.3997507781758267 0.3104944026779015 0.9405386448564956
0.3913201087388295 0.3210581695346225 1.012494456326906
0.3823637094979163 0.3316769084879369 1.084372044112263
0.3728575445954958 0.3423302710752603 1.156183328059568
0.3627814250014897 0.352991237457056 1.22790959408797
0.3521120508068971 0.3636341069182163 1.299556091317182
0.340827730442279 0.3742291885194431 1.371117261884717
0.3289078283222879 0.3847437051376855 1.442583581564771
0.3163303223863475 0.3951439109430591 1.513956921156729
0.303074877939244 0.4053923001099781 1.585232541177873
0.2891230037347227 0.4154477500818273 1.656400790254767
0.2744564018804407 0.4252668599935482 1.727457194776742
0.2590581746885433 0.4348030146202702 1.798396920964056
0.2429118931880342 0.4440069280729286 1.86921997374596
0.2260057352882109 0.4528243197974934 1.939914327210498
0.2083288985300109 0.4611982589855789 2.010473918272486
0.1898733132341601 0.4690681850539375 2.080892237018927
0.1706340849036236 0.4763698733733821 2.151162281691636
0.1506099267754892 0.4830353956695886 2.221276581346927
0.1298037027716037 0.4889931375388779 2.29122705659967
0.1082228976797516 0.4941678281744883 2.361005152799697
0.08588024318098425 0.4984806337235889 2.430601672235789
0.4702936015577686 0.1955166119118174 0.07262541613781232
0.4665491214417412 0.2043009869370526 0.1452131206175647
0.4625143933953479 0.2132881090733383 0.2177579026334983
0.4581723148510755 0.22247276675782 0.2902618063199328
0.4535052040407448 0.2318487986386532 0.3627259646267278
0.4484955519578844 0.2414074532624819 0.435139321098538
0.4431243443260835 0.2511408698352455 0.5075056268717154
0.4373722735110661 0.2610394151293087 0.5798236723095478
0.431220402798584 0.2710907468708595 0.6520816028742649
0.4246471549403216 0.2812847016645956 0.7242926798047461
0.4176333419963008 0.2916051034449625 0.7964375448954311
0.4101566679209045 0.3020384161563936 0.868526113906346
0.4021967905386196 0.3125660808457276 0.9405447588607208
0.3937308436251449 0.3231708094334254 1.012500592087917
0.3847383051438605 0.3338301084711101 1.084378139554775
0.3751951623587846 0.3445235838289831 1.156189322387682
0.3650812674738133 0.3552241546564373 1.22791543303926
0.3543733529617469 0.365906074149179 1.299561724709279
0.3430497673808968 0.3765396019455532 1.371122646066991
0.3310899192372751 0.3870919126972152 1.442588680913626
0.3184718255135092 0.3975292219838768 1.513961706904779
0.3051751939320722 0.4078139864075915 1.585236992879267
0.2911815771019715 0.4179050486809609 1.656404896770616
0.276472715435054 0.427758981626473 1.727460953137758
0.2610317452626489 0.4373291499926794 1.798400335627742
0.244842262426929 0.4465662570331067 1.869223054230934
0.2278924678589644 0.4554160136218656 1.939917088114113
0.2101715677558111 0.4638214912045209 2.010476375086226
0.1916714876513232 0.471722139721951 2.080894402049029
0.1723873120785723 0.4790537534859843 2.151164158848323
0.1523177141304842 0.4857484315995402 2.22127815966744
0.1314654955352757 0.4917345951129384 2.291228302499184
0.1098380536613735 0.4969370162380425 2.361006000967142
0.08744800474088885 0.5012769105984985 2.430602015322645
0.4741208587413691 0.1976709978803722 0.07262766303539864
0.4703438198294161 0.2065121254908504 0.1452166752488385
0.466275225922319 0.2155562702946428 0.2177626844490774
0.4618979651638339 0.2247981652023311 0.2902677275765037
0.4571943494180661 0.2342315901533022 0.3627329308337732
0.4521468724737684 0.2438477229654963 0.4351472330355047
0.4467365190413625 0.2536386413988864 0.5075143792864478
0.4409439865628649 0.2635946447877297 0.5798331551265232
0.4347503534097503 0.273703313269458 0.6520917035093732
0.4281340478498207 0.2839544238416706 0.7243032802270988
0.4210759105068226 0.294331714266693 0.7964485274992639
0.4135536618446054 0.3048215841988027 0.8685373579296263
0.4055469951389959 0.3154053919342298 0.9405561453289063
0.3970330718954482 0.3260657826772434 1.012512001425231
0.3879914170149211 0.3367801800044832 1.08438945685388
0.3783980516631301 0.3475281287383843 1.156200433624537
0.3682328865575004 0.3582824664907902 1.227926232237797
0.3574727005855968 0.3690173855017534 1.299572110572061
0.3460958991282462 0.3797030803153555 1.37113252532993
0.3340819527028756 0.390306662526756 1.442597970415297
0.3214089331972996 0.4007942981377365 1.513970331997172
0.3080566074711742 0.4111283960067426 1.585244889492978
0.2940065887640564 0.4212677554241507 1.656412012859752
0.2792406700410879 0.4311689176539514 1.727467247225863
0.2637420337097087 0.440785224856654 1.798405775944088
0.2474943084380274 0.4500673705419665 1.86922761564737
0.2304857246030755 0.4589610593467243 1.939920752474167
0.2127054973524764 0.4674093714631665 2.010479125768045
0.1941455417925546 0.475351777028141 2.080896218763651
0.1748009088311099 0.48272410208873 2.151165010960916
0.1546702105965163 0.4894584889140249 2.221277997858911
0.1337561565550514 0.4954834125019841 2.291227048759568
0.1120660161850758 0.5007237089121723 2.361003536799633
0.08961223841607127 0.5051006658044543 2.430598168351206
0.479348898441061 0.2006263483019901 0.07263268499506592
0.4755273793019681 0.209544624615252 0.1452240370849459
0.4714125540530935 0.2186662534499211 0.217772234952498
0.4669873003063351 0.2279858913037191 0.2902793048104585
0.4622339236074884 0.2374972374540148 0.3627463626839977
0.457134924138066 0.2471913728458788 0.4351623398329654
0.4516712880587863 0.2570602911070811 0.5075309720791286
0.4458237227920514 0.2670941994669394 0.5798510372340271
0.4395733305352574 0.2772805724064727 0.6521106735744107
0.4328985506081481 0.2876091058592891 0.7243231282592366
0.425780266217288 0.2980634208331888 0.7964690426877727
0.4181962242340962 0.3086298301656979 0.8685583238050942
0.4101261702212819 0.3192895807429714 0.9405773463755213
0.4015473076326731 0.3300252284495432 1.012533219811832
0.3924392294376544 0.3408140860696522 1.084410479537871
0.3827780072510192 0.3516356177501155 1.15622104716305
0.3725436355089126 0.3624625533937062 1.227946232523969
0.3617129603238797 0.3732690059236654 1.299591298215318
0.350264468148678 0.3840250856951494 1.371150710238183
0.338177717217116 0.3946978236297897 1.442614974666282
0.3254308570636998 0.4052533239913361 1.513985987696271
0.3120037372577846 0.415653937212474 1.585259041708246
0.2978780549132171 0.4258584108489851 1.656424521778258
0.2830356749595554 0.4358232512517584 1.727477986363246
0.267459841802288 0.4455017785865654 1.798414631254136
0.2511342268281071 0.4548446824425374 1.869234481668381
0.2340470968221841 0.4637976690184721 1.939925533350145
0.2161876738402371 0.4723038408335553 2.010481728367614
0.1975478516589173 0.4803027062273162 2.080896546289414
0.1781226262798696 0.4877301452494411 2.151162954673802
0.1579105156100336 0.4945183695820695 2.221273426671154
0.1369140901342884 0.5005959378780597 2.291219796683712
0.1151404297064318 0.5058877825670438 2.360993388073637
0.09260173791527568 0.5103152977046395 2.430584840485251
0.4864681846485345 0.2046726799631752 0.07263619199493476
0.482586377620761 0.2136950871552088 0.1452295137391013
0.4784089453680848 0.2229212474485623 0.2177795479960143
0.4739187550296068 0.2323457146332036 0.2902883091569558
0.4690981075105321 0.2419620797796222 0.3627569023759472
0.4639295156357189 0.2517612940878146 0.435174252022073
0.4583939715018941 0.2617352388461928 0.5075440846877671
0.4524721999666571 0.271873998510241 0.5798651713932523
0.4461453392374422 0.2821649068916237 0.6521256480769461
0.4393918471972289 0.2925975525787234 0.7243387542177782
0.4321926678628992 0.3031554016452866 0.7964851346084861
0.4245255867277718 0.3138246524715769 0.8685746929846083
0.4163704223323127 0.324586404802597 0.9405938101355871
0.4077044366120889 0.3354230972870428 1.012549597094832
0.3985073153759529 0.3463118969637394 1.084426600623504
0.388755198628006 0.35723216281168 1.15623674650428
0.3784281928138693 0.3681564835491524 1.227961361728477
0.3675032328807916 0.3790588690978475 1.299605719504485
0.3559589114455689 0.3899093203854992 1.371164302118737
0.3437749004524568 0.4006747636585059 1.442627635019977
0.3309294482944874 0.4113212238625872 1.51399763003942
0.317402508682445 0.4218109764937851 1.585269597845785
0.3031758828858108 0.432102703044233 1.656433943074764
0.2882315226044228 0.442152866228828 1.727486239455294
0.2725527442901777 0.4519147597917528 1.798421694535699
0.256123264391883 0.4613390710873813 1.869240337502912
0.2389313852096788 0.4703715114722044 1.939930166087529
0.2209663242108019 0.4789552166670885 2.010485111674326
0.2022199325132454 0.4870297499293412 2.080898630684807
0.1826871187122832 0.4945310681233344 2.151163652249277
0.1623662614058503 0.5013914814759334 2.221272592768507
0.1412597331113617 0.5075396677433154 2.291217208687951
0.1193743497216796 0.5129006974134246 2.360988721216727
0.09672197852365139 0.5173961183780758 2.430577641245438
0.4961231495576415 0.2102009958170254 0.07264155444867831
0.492159850384193 0.2193631330433286 0.1452375015056701
0.4878978985127167 0.2287294586562781 0.217789969755372
0.483320154055657 0.2382943874907493 0.2903009583380547
0.4784089192316098 0.2480513646328724 0.3627715585134772
0.4731467318852348 0.257991166915458 0.4351906861858851
0.4675146004699032 0.2681055250161006 0.5075620564206568
0.4614932820100414 0.2783843593566819 0.5798844320624197
0.4550639720684974 0.288814816468673 0.652145946927219
0.448205162657631 0.2993863427398843 0.7243598312525973
0.4408978886264309 0.3100821994051091 0.7965067355147021
0.4331199965327461 0.3208884347008606 0.8685965602862794
0.4248514117408367 0.3317859556595369 0.9406156956008751
0.4160694833073248 0.342757048907962 1.01257125578915
0.4067540294352266 0.3537786926731677 1.084447803885977
0.3968812892453892 0.3648301120241554 1.156257272211549
0.3864315253197873 0.3758837152297622 1.22798101153871
0.3753817967096423 0.3869133835612437 1.299624309831437
0.3637108416146759 0.3978889820707003 1.371181671412204
0.3513984856701794 0.4087773087664645 1.442643647484697
0.3384231091550103 0.4195442952265221 1.514012170096938
0.3247648021270458 0.4301521307559075 1.585282573055786
0.310405499282228 0.4405594237864524 1.656445285079969
0.2953272595671686 0.4507225949670733 1.727495897361427
0.279513483687824 0.460594920057419 1.798429629212567
0.2629479329663771 0.4701271016578358 1.869246510060391
0.2456189377416675 0.4792648773825468 1.939934534040786
0.2275156864277117 0.4879514473520091 2.010487610756512
0.208629946538764 0.4961264688959663 2.080899156935677
0.1889564797342131 0.5037260226955059 2.151162040393626
0.1684934450407516 0.5106825721122984 2.221268590656942
0.1472429141075271 0.516924975546495 2.291210448091175
0.12521131134894 0.5223785092065353 2.360978684921315
0.1024100140507057 0.5269649471942397 2.430563627321526
0.5091437766299052 0.2177295272176381 0.07264985156519577
0.5050711191945252 0.2270773811569404 0.145249264166189
0.500695938221921 0.2366298159641444 0.2178049203710122
0.4960010973064001 0.2463810599962347 0.2903188002511775
0.4909689140865484 0.2563243631673154 0.3627919779472863
0.4855819741725618 0.2664502703619525 0.4352133596153973
0.4798213227909884 0.2767503126136784 0.5075866466408618
0.4736677753340428 0.2872141939043029 0.5799105927819328
0.4671026195687696 0.2978288148013071 0.6521733309461225
0.4601044090727399 0.3085834362859119 0.7243880810881751
0.4526543155009044 0.3194610530986459 0.796535503338805
0.444730282552012 0.3304475203315816 0.8686254961899492
0.4363123927844855 0.3415234975599165 0.9406444640919374
0.4273781256879318 0.3526710789913954 1.012599527812006
0.4179074884287191 0.3638670040933358 1.084475273932175
0.40787686390752 0.375090332882781 1.156283645145139
0.397266731416701 0.3863132498300459 1.228006025168222
0.3860543223753396 0.3975094821673676 1.299647722449243
0.3742185726266288 0.4086487336953112 1.3712032708501
0.361739512554743 0.4196976534621664 1.442663255265067
0.3485956948313111 0.4306220718296372 1.514029633123447
0.3347673831569253 0.4413840886286 1.585297766330279
0.3202366768120342 0.4519422423478026 1.656458111585386
0.3049857595791116 0.4622529264004778 1.727506277715363
0.2889981208716003 0.4722694229934812 1.798437492350587
0.2722575529968184 0.4819424866713002 1.869251776034872
0.2547523880974423 0.4912179235524019 1.93993710687772
0.2364717351032506 0.5000390538797413 2.010487352243562
0.2174072038788406 0.5083456955462927 2.080895860798315
0.1975533089787987 0.5160741300704861 2.151155401687391
0.1769078610797618 0.5231570610443058 2.221258170198088
0.1554724714602765 0.5295236237114511 2.291195632451398
0.1332529806918373 0.535099404049376 2.360958642059572
0.1102600492498059 0.539806512224918 2.430537259146349
0.5265717995274882 0.2279345294839819 0.07266277866179366
0.5223538633111409 0.2375260551647148 0.1452667184633877
0.5178285974247737 0.2473223436968699 0.2178264946329558
0.5129788929864492 0.2573173762323931 0.2903440645806002
0.5077871121517677 0.2675041452554765 0.3628204825993403
0.5022359287526976 0.2778728916665411 0.4352446449300137
0.4963064625313474 0.2884148862006256 0.5076202381304353
0.489979632510116 0.2991195523434149 0.5799460073908885
0.4832368748382777 0.3099734738271512 0.6522100879937298
0.4760568514426771 0.3209656753489699 0.7244256901213073
0.4684209404902508 0.3320788127159587 0.79657349042426
0.4603072397138166 0.3432984993992046 0.8686633885462747
0.4516960628046888 0.3546050859566144 0.9406818116983512
0.4425650839861562 0.3659804313435013 1.012635892776957
0.4328945787272078 0.3774009832899883 1.084510252640973
0.422661137024976 0.3888456079068647 1.156316850529189
0.4118455356403954 0.4002862239044414 1.228037115632131
0.4004252419918405 0.4116963856681367 1.299676384663794
0.3883794551651916 0.4230456186251513 1.371229230475857
0.3756884715821818 0.4343004130677416 1.442686280950055
0.3623310615906599 0.4454265054427827 1.514049523896664
0.3482877001124829 0.4563859206758858 1.585314353082213
0.3335406769438142 0.467137151380294 1.656471254489956
0.3180723059484136 0.4776366035782024 1.727515849960601
0.3018661500229753 0.4878376190530324 1.798443364912722
0.2849059905174752 0.4976910738442468 1.869253791906165
0.2671800993507342 0.5071429206175677 1.939935068247696
0.2486774101808045 0.5161366955487516 2.010480982739819
0.2293892463674463 0.5246124874044518 2.080884768322771
0.2093097107036216 0.5325069029349054 2.151139035279928
0.1884360624560329 0.5397530237128573 2.221235770898177
0.1667692090047149 0.5462804115070824 2.291166179067267
0.1443141210581965 0.5520151218288039 2.360920792158633
0.1210804124339438 0.5568797678529769 2.43048928716419
0.5496671513303839 0.2416761291791805 0.07268290266613464
0.5452589091638018 0.2515818777956299 0.1452927060196935
0.5405376149371577 0.2616920421484057 0.2178577423692291
0.5354862351818063 0.2720002817689613 0.2903799444922261
0.5300872312456454 0.2824992564322619 0.3628603461071961
0.5243234341889895 0.2931788172492164 0.435287836104726
0.5181761040631288 0.3040299037402796 0.5076660877826646
0.5116263385251403 0.3150415852578183 0.5799938415056399
0.5046558100574149 0.3262000485741703 0.652259242152615
0.4972433650446428 0.337494027076871 0.724475494088511
0.4893706909851423 0.3489057591156581 0.7966233021696928
0.4810161259642987 0.3604205678319808 0.8687125744493185
0.472160319798054 0.3720184328616201 0.9407297742270306
0.4627812331111005 0.3836809397080841 1.012682056435256
0.4528595164246253 0.3953841967753027 1.084554091862901
0.4423720520866746 0.4071068585297578 1.156357865974685
0.4313000160769991 0.4188205477730461 1.228074870131741
0.4196211898295766 0.4304986446861314 1.299710479469589
0.4073151111973712 0.4421104995238677 1.371259316965458
0.3943624077742995 0.4536224580965236 1.442712063185774
0.3807421088018934 0.46500019921357 1.51407073938817
0.3664349263704221 0.4762057202888266 1.585330771075792
0.3514233464318668 0.4871975291822115 1.656482668502156
0.3356897879974664 0.4979321263709337 1.727522052284206
0.3192178318497666 0.5083630130858683 1.798444122022202
0.3019911552259344 0.5184413082715666 1.869248806028686
0.2839978458867348 0.528113245412515 1.939923955313432
0.2652264931023405 0.5373227339322926 2.010463218444221
0.2456679203607909 0.5460103101863402 2.080859635201
0.2253155585544463 0.5541131016662842 2.151105562682611
0.2041658063784559 0.5615647811815564 2.221192668140644
0.1822185075610594 0.5682955660552282 2.291111763245333
0.1594773511104055 0.574232223538751 2.360852911337431
0.1359504394932566 0.5792981212101583 2.430405241645534
0.956492981504095 1.640703433821255 2.438789651607371
0.991925942255816 1.61951881040233 2.377117229893079
1.026310420456372 1.597943234751809 2.314988866773416
1.059652408596464 1.576025126159295 2.252414364278275
1.091960546538594 1.553810845042465 2.189401819466943
1.12324272972347 1.531346992982904 2.12596407372812
1.153511578783057 1.508676369126746 2.06210757607443
1.18277831965498 1.485842315055825 1.997844543147386
1.211057143079988 1.462885343224919 1.933183671264307
1.238362909604081 1.439844819494722 1.868134754593332
1.264710945909667 1.416759062479852 1.802709111135986
1.290119166518201 1.393663357255565 1.736913987152235
1.314603842560515 1.370593707459049 1.670763123943289
1.338185313173074 1.347581431074488 1.604261395293261
1.360880699071964 1.324660082913051 1.537424553808571
1.382712030019686 1.301857242234246 1.470255628681043
1.403697255660421 1.279203746220378 1.402771562020749
1.423859403441095 1.256723870993726 1.334974408767746
1.443217272603385 1.234445415608962 1.266881175201268
1.461794150456531 1.212389882356361 1.198494192310082
1.479609804898595 1.190581633930821 1.129828914747236
1.496687088881618 1.169040083260889 1.060889648283391
1.51304680853791 1.147785764972369 0.991688512040185
1.528710756400103 1.126836663349348 0.9222336238118434
1.543700907779997 1.106209055681651 0.8525315185116888
1.55803741302841 1.085920314382855 0.7825965888829103
1.571742871994172 1.065982915725698 0.7124304517695543
1.584837238766656 1.046411603501846 0.6420464528479808
1.597341469008046 1.027218174443607 0.5714514449613319
1.609276506373602 1.008412876025817 0.5006501494520404
1.620661282523125 0.9900075072758948 0.4296569161683023
1.6315162225399 0.9720100096701957 0.358475009421052
1.641860778440539 0.9544281831335708 0.2871103726411234
1.651713080144785 0.9372705540949473 0.2155753824012757
1.661091846204517 0.9205430592888227 0.1438752307382443
1.670015319106088 0.9042507409545837 0.07201433230987958
0.9562772048889168 1.639482464618468 2.438766863693224
0.9916472687597238 1.618313063304505 2.377077463576487
1.025971002582081 1.596756489630022 2.314933254929525
1.059254682473481 1.574860729310807 2.25234416057672
1.09150716066331 1.5526716872096 2.189318368990047
1.122736479712847 1.530235499509661 2.125868786606123
1.152955338556586 1.507594508342716 2.062001897260509
1.182174987083183 1.484791612460162 1.997729929741931
1.210409587440117 1.461866908972052 1.933061568717377
1.237673930518111 1.438859380091815 1.868006578068857
1.263983240895936 1.415806996338999 1.802576230261239
1.28935530478475 1.392744735334114 1.736777712471274
1.313806250745337 1.369708328465733 1.670624699521409
1.337356262688178 1.346728863828811 1.604121990101999
1.360022305754209 1.323839696079975 1.53728526038828
1.38182625208148 1.301068243528789 1.470117458639404
1.40278590244954 1.278445204799989 1.402635448584981
1.422924140837838 1.255994750643499 1.334841205350786
1.442259636690982 1.233744590294958 1.266751659916143
1.46081555758364 1.211716162083101 1.198369068673006
1.478611567148808 1.189933775370458 1.129708816612103
1.495670426718813 1.168416807859408 1.060775141976017
1.512012866045865 1.147185767043282 0.991580100714819
1.527660615053887 1.126258620739911 0.9221317504684873
1.542635600293886 1.105651637591403 0.8524365692085887
1.556957937391504 1.085382185124346 0.7825088962722415
1.570650203497023 1.065462743366063 0.7123502971174145
1.583732343056619 1.045908060843862 0.6419740691798409
1.596225313272003 1.026729944434309 0.5713870189073511
1.608150070149958 1.007938655378323 0.5005938231112104
1.619525568296842 0.989546007875956 0.4296087890279313
1.630372264628057 0.9715599639340962 0.3584351393667268
1.640709651788041 0.9539883467699155 0.2870787772038805
1.650555908367326 0.936839709142843 0.2155520397811161
1.659929808367073 0.9201200192561863 0.1438600804193313
1.668849655941201 0.9038343553532935 0.07200727570128129
0.9559764180205044 1.637805977156118 2.438737195144823
0.9912602724666055 1.616657441460271 2.377024482153186
1.025500760466258 1.595126917106323 2.314858510693999
1.058704545442125 1.573261795355023 2.252249369240073
1.090880769159983 1.55110735648371 2.189205371728361
1.122037674270943 1.528709098586385 2.125739514004948
1.152188065516069 1.506108737160241 2.061858327940467
1.181343224184076 1.483348563728578 1.99757405932288
1.209517271920422 1.460468105800215 1.932895377215545
1.236724902964775 1.437505819392039 1.867832004353997
1.262981200904123 1.414499197520729 1.802395151137542
1.288303775167341 1.391482795979782 1.736591924074486
1.312708558103012 1.368491972572272 1.670435907147743
1.336215520166581 1.345557499864484 1.603931796343546
1.358841412647554 1.322712457751311 1.537095163260264
1.380607891097027 1.299984043539198 1.469928845346951
1.401532551764717 1.277402765573769 1.402449598985904
1.421638081544988 1.254992649854318 1.334659289931276
1.440942971561755 1.232781282229692 1.26657474595202
1.459470224889639 1.210790013138436 1.198198121145998
1.47723936187829 1.189043078674332 1.129544704956537
1.494273017926028 1.167559808146583 1.060618642972892
1.510591817747781 1.146360671802927 0.9914319044540548
1.526217405117107 1.12546361488998 0.921992464472019
1.541171639425832 1.104884894246496 0.8523067228291104
1.555474588387833 1.08464187079678 0.7823889455474137
1.56914879774288 1.064747029855892 0.7122406275369495
1.582214198435009 1.04521512662076 0.6418750000180009
1.594691749513655 1.026057982085568 0.5712988057651902
1.606602423678173 1.007285876601445 0.5005166604923966
1.617965206778317 0.9889106454288799 0.4295428130027826
1.628800599189278 0.9709402789964354 0.3583804289794687
1.639128149112065 0.9533826327390001 0.287035356218294
1.648966101764976 0.9362462958031634 0.2155198781255971
1.658333307122244 0.9195372798208024 0.1438390950661697
1.667248153893521 0.9032607126722112 0.07199733158793659
0.9555553977897933 1.63550668584287 2.438699569160334
0.9907213033554435 1.614386697760661 2.376954882424865
1.02484792214297 1.592891818653449 2.31475905277736
1.057942444765022 1.571068626158256 2.252122395475355
1.090014406229287 1.548961545695742 2.189053396432665
1.121072320016927 1.526615201999215 2.12556517429797
1.151129132780422 1.5040704528022 2.061664327240425
1.180196166087148 1.481368758344991 1.997363124970123
1.208287483706522 1.458548866241253 1.932670215896429
1.235417645428665 1.43564851191598 1.867595267155482
1.261601539977353 1.412704534344543 1.80214940489674
1.286856533193612 1.389750911398546 1.736339625860447
1.311198287470858 1.366822488934412 1.670179390280636
1.334646479913388 1.343949606996534 1.603673254055162
1.357217568071608 1.3211649687546 1.536836646056502
1.378932910152626 1.298495468383537 1.469672252359744
1.399809821653375 1.275971353193478 1.402196682643382
1.419870718989742 1.253616450520474 1.334411653076027
1.439133848531017 1.231458176866159 1.266333850220183
1.457621987559863 1.209517761991271 1.197965288130604
1.475354459687368 1.187819341416134 1.129321125405718
1.492353727342114 1.166382178020807 1.060405380689724
1.508640270875693 1.145226690977959 0.9912299044362125
1.524235615559823 1.124370794639759 0.921802558528319
1.539161528287409 1.103830729780118 0.8521296355885932
1.553438010624896 1.083623848462426 0.7822253011151525
1.567087564772883 1.063762643494521 0.7120909532760938
1.580130102664171 1.044261879527337 0.6417397325167096
1.592586585379808 1.025133397265047 0.5711782943386179
1.604478008008503 1.006387503653488 0.5004111707453618
1.61582339875106 0.9880360632587553 0.4294525305365399
1.626643317117905 0.9700871059199816 0.3583054613598502
1.636957387072347 0.9525485316969775 0.2869757354319633
1.646783944830507 0.9354289800763114 0.2154755626364582
1.656141944252414 0.9187345226618997 0.1438099710861893
1.66504988978778 0.9024703557866024 0.07198321441877154
0.95496293492643 1.632358241945589 2.438653828753879
0.9899678669394305 1.611277207590291 2.376865359705392
1.023939126783363 1.589830979448225 2.314628625035381
1.056884619521978 1.568065024228268 2.251954249781017
1.088814411453845 1.546022600116686 2.188850955161782
1.119737380216805 1.523747139290647 2.125332028319577
1.149666660812887 1.501278328058194 2.061404159001406
1.178613624762939 1.478656491228906 1.997079650827182
1.206592252237573 1.455919310933887 1.932367125340236
1.233616915383472 1.433103537888212 1.867276175123504
1.259702233299338 1.41024511704382 1.801817812617697
1.284865236155969 1.387377236026341 1.735998885903524
1.309121215094793 1.364534040432669 1.66983268735223
1.332489444402682 1.341745278428958 1.603323582497538
1.3549859785722 1.319043137494405 1.536486806105204
1.376631768090834 1.296454096631922 1.4693248381136
1.397443743557423 1.27400804554541 1.401854088309289
1.417443950678288 1.251728539242427 1.334076068823011
1.436650300316346 1.229642762070178 1.266007273517808
1.455085260228603 1.207771778254264 1.197649525164622
1.472767884199651 1.186139585406735 1.129017803568552
1.489720397330917 1.164765355307202 1.060115953788334
1.505963081718471 1.14366943717636 0.9909556637655664
1.521517299713008 1.122869703152362 0.9215446404885458
1.53640469081151 1.102382372218331 0.8518890298668458
1.550645165181345 1.082224784645271 0.7820028597946704
1.564261164538456 1.0624094439307 0.7118873959887412
1.577272573854721 1.042951128225927 0.6415556546589135
1.589700356046491 1.023861705857622 0.5710141718937976
1.601565535909805 1.005151520893114 0.5002673652170547
1.612887198695866 0.986832478801552 0.4293292941225507
1.623685984002679 0.9689126641808324 0.3582029397174324
1.633981618716126 0.9514000390067521 0.2868939711568785
1.643792562932513 0.93430331250365 0.2154144982181491
1.653137912171712 0.9176286391576693 0.1437694507692819
1.662036328930479 0.9013813097349195 0.0719629861868093
0.9541235863427839 1.628056496670582 2.438602211926953
0.9889095708949692 1.607028412846773 2.376753922882227
1.022669607252076 1.585648345445929 2.314461262553072
1.05541256290229 1.563960249358562 2.251735277791691
1.08714921677164 1.542005794270575 2.188585010967225
1.117888931653201 1.519826789254232 2.12502398007459
1.147645088822637 1.497461325924351 2.061059001488815
1.176429118401125 1.474948183051145 1.996702427345208
1.20425487825693 1.452323591490348 1.931962845162545
1.231136477570013 1.429622960214882 1.866849748655219
1.257088161834685 1.406881015499746 1.801373998041208
1.282126498626737 1.384129867227777 1.735542241409711
1.30626626884665 1.361402705535192 1.6693675447911
1.329526194285568 1.338728470504674 1.60285401639348
1.351921777152256 1.316138645226475 1.536016628295094
1.373473409791255 1.293659141180741 1.468857580954005
1.394197496032445 1.271319359061645 1.401393012923692
1.414115574423014 1.249142481145252 1.333624159058065
1.433245096728196 1.227155374000716 1.26556725117772
1.451608107134266 1.205378875057418 1.197223851608389
1.469223289941637 1.183836793065301 1.128608696575381
1.48611254508447 1.162548175000386 1.059725394420749
1.502295882691513 1.141533274410851 0.9905854113595614
1.517794441279699 1.120809905859809 0.9211962429184545
1.532629684900176 1.100394258881805 0.8515638346328486
1.546821397296207 1.080303658213795 0.7817020264554014
1.560391935917421 1.060550622706073 0.7116119031473739
1.573361147155733 1.041149949940031 0.6413063112696893
1.585749994657598 1.022113547117878 0.5707916238974259
1.597579542022065 1.003451810298708 0.5000721023793558
1.608868950677952 0.985176702244123 0.4291616572849066
1.619638967976372 0.967296383815517 0.3580631247026528
1.62990945987932 0.9498189030683379 0.2867820337365817
1.639699054369445 0.9327530659918143 0.2153303584093802
1.64902703938938 0.9161051417189696 0.1437128956035175
1.657912292535514 0.8998805513370496 0.07193367269448081
0.9529246418764881 1.622196734389619 2.438552295354642
0.987414202689219 1.601240230919738 2.37662252321494
1.020888434374539 1.579949668750954 2.314253615050617
1.053357490294265 1.558366954943024 2.251457189563832
1.084833095767215 1.536531607263854 2.188242725909704
1.115325251704376 1.514483235624372 2.124624057743053
1.144847654496517 1.492257770236976 2.060608176765962
1.173411796314377 1.469891893692449 1.996207505326559
1.201031353518326 1.447419868188685 1.931430589669682
1.227720064898818 1.424875281657895 1.866286794499315
1.25349165736941 1.402291205372821 1.800786778621229
1.27836206099179 1.379698284572277 1.734936923616984
1.302345356032074 1.35712841006555 1.668749992906826
1.325459507695242 1.334609422045844 1.60222974942808
1.347719262890072 1.312171844220181 1.53539081221446
1.36914425162262 1.289840814247644 1.468235005131695
1.389750158480922 1.267645065700077 1.400778100834148
1.40955782989955 1.24560727169218 1.333020959325837
1.428584090936083 1.223753864617491 1.264979457839067
1.446850407521843 1.202105371599588 1.196654805646662
1.464374959096435 1.180685343115038 1.12806140851032
1.48117920094366 1.159512655331156 1.059202553174514
1.497282770672952 1.138607431117189 0.9900894044047742
1.512706499584337 1.11798740663206 0.9207291699834972
1.527471610148838 1.097668731740939 0.8511275226231763
1.54159771100853 1.07766871094502 0.7812980463537289
1.555107041788772 1.057999885255671 0.7112415794176014
1.56801939307138 1.038677080417872 0.6409707373993703
1.580355726174179 1.019712258573779 0.570491671511964
1.592137154210078 1.001115888854348 0.4998084307306927
1.60338293905722 0.9829000145723692 0.4289347234565208
1.614113971707386 0.9650729030682079 0.3578731891587755
1.624350304653953 0.9476427223293227 0.2866291674802018
1.634110791975337 0.9306184128431546 0.215214449312455
1.643414981579294 0.9140064024714849 0.1436336525949636
1.652282042443532 0.8978122921980405 0.07189063033503307
0.9512258731735852 1.614202494570662 2.438458633841564
0.9853155555339028 1.593349338006997 2.376419090405482
1.018404797555505 1.572185658896555 2.313948042993037
1.050505334315943 1.550750478169125 2.251057769667816
1.081630016176089 1.529080347536707 2.187758223763167
1.111789565586235 1.507211900322946 2.124063554236329
1.140997985223708 1.485178185044407 2.059980889008781
1.169266756774254 1.463013122438395 1.995522658723051
1.196609243643544 1.440748405929934 1.930697283441831
1.223038641586316 1.418415264475675 1.865513899728738
1.248567956518457 1.39604463662529 1.799982855983771
1.273212255144685 1.373665287643239 1.734110149555584
1.296984683135159 1.351307442937927 1.667908122609698
1.319902205388292 1.328997535394832 1.601380069128276
1.341978576629796 1.306764858990437 1.534540135901787
1.363232428323876 1.284633559916728 1.467389648402104
1.383678505853779 1.262631513181071 1.399943898863553
1.403336752042933 1.240780736396612 1.332203257343596
1.422223175102916 1.219107099333451 1.264183139424067
1.440358486613159 1.197630726598184 1.195884295408954
1.457760208201339 1.176374831028262 1.127320702139288
1.474449215372382 1.155358064983167 1.058495228948579
1.490444660662504 1.134600378716738 0.9894186493071575
1.505766975640457 1.114119404254851 0.920097797211476
1.520437069111682 1.093931238297426 0.8505379905764556
1.534474323657495 1.074053157710077 0.7807524801780299
1.547900827715214 1.054497732748614 0.7107417826400803
1.560736302582724 1.035279826524014 0.6405182116106567
1.573001710318172 1.016411474826539 0.5700876275630087
1.584718232700851 0.997903245163138 0.4994538004030394
1.595905267007111 0.979767289547 0.4286301719555041
1.606583895524012 0.9620120191968741 0.3576191215149643
1.616774417512647 0.9446457641725098 0.2864257369379961
1.626495984669377 0.9276776465672679 0.2150615644767803
1.63576848532383 0.9111143082039235 0.14353098175864
1.644611468254914 0.894961591994772 0.07183760619646568
0.9487706097244724 1.603378835388181 2.438344618903403
0.982326177839222 1.582669720857232 2.376158094952696
1.014901987284953 1.561680894539915 2.313550614199054
1.046511705313404 1.540447454534757 2.250535240900369
1.077169510927036 1.519001968858043 2.187122471975749
1.106886932082425 1.497377110984509 2.123326796749968
1.13567824428153 1.475602125684023 2.059155456307237
1.163554804023889 1.453707309644489 1.994620836822685
1.190529471198037 1.431721001501481 1.9297311478529
1.216614654966661 1.409671359571932 1.864495192035633
1.24182235845206 1.387586552208724 1.798922885340086
1.266166473427127 1.365492906220081 1.733019703738491
1.289658889768465 1.343418486723474 1.666797426246
1.312315239404801 1.32138790127942 1.600258725887964
1.334147962387213 1.299428845754263 1.533417128222568
1.355174371445084 1.277564176854262 1.466273305252957
1.375407974952309 1.255820649080843 1.398841921222908
1.394867526618374 1.23421942331627 1.331122705954754
1.41356796095765 1.212785630679781 1.263130472449955
1.43152899752414 1.191538866212852 1.194865371260791
1.44876729299722 1.170501896409502 1.126340818691189
1.465302959598256 1.149693076930314 1.057559137678721
1.48115451075125 1.129132128278676 0.9885305890172663
1.496341850404125 1.108836543520126 0.9192615161941936
1.510885472362422 1.08882234839572 0.8497567708563447
1.524804459183741 1.069106783270718 0.78002916535925
1.538120697118298 1.049702458558108 0.7100787924985946
1.550853813038521 1.030624289218888 0.639917567773334
1.563024766372771 1.011884412298631 0.5695509678607863
1.574654825484769 0.9934935305176157 0.4989823940354662
1.585763562092299 0.9754639457206873 0.4282249359642554
1.596372306207257 0.957804266642951 0.357280629095508
1.606501677776714 0.9405230456314282 0.2861542286025925
1.616171216057646 0.9236296533739683 0.214856957653288
1.625401253069361 0.907131023425596 0.1433928766075043
1.634211832991405 0.8910333273695212 0.07176529203213822
0.9451839055470115 1.588818557282445 2.438214685010372
0.9780344955693554 1.56831031342437 2.375833530961549
1.009934017600192 1.54756187477214 2.313045960103492
1.040898358832936 1.526603056502509 2.249865902353912
1.070943139071521 1.505461143891677 2.186304411362639
1.100080669344923 1.484163624055699 2.122376283092461
1.128325347284227 1.462734810459749 2.05808878807785
1.155688172488248 1.441200337299906 1.993454158115617
1.182181194751862 1.41958425341171 1.928480253504363
1.20781568232003 1.39791080701031 1.863175387168721
1.232602249467725 1.376204648096079 1.797548875102583
1.25655320289816 1.35448901153412 1.731605492514506
1.279678765049355 1.332789222100365 1.665356275609628
1.30199281638509 1.311127571641007 1.598803088291101
1.323506082077911 1.28952972257726 1.53195865355008
1.344234161830363 1.268016888717925 1.464822802730179
1.36418896280011 1.246614389849645 1.397409395449008
1.38338770096794 1.225342287439944 1.329717341429026
1.401843924424605 1.204224758739798 1.261760682947103
1.419576070746311 1.183280712754918 1.193538802162566
1.436599678990296 1.162532333917117 1.125064397099373
1.452933873343721 1.141997589310344 1.056339088874109
1.468596338961313 1.12169589684536 0.9873724789065916
1.483606294240972 1.101644565762548 0.918170278401329
1.497983691947107 1.08185952770935 0.8487367367256043
1.511747221755244 1.062357975152346 0.7790840990672349
1.524918502313987 1.043152573087855 0.7092119086147486
1.537517032241256 1.024258308034843 0.6391315640715467
1.549563760793696 1.005687455536851 0.5688480431814885
1.561080061235324 0.9874509033213912 0.4983642675401856
1.572085723895047 0.969561159022883 0.4276928685003667
1.582602391680073 0.9520271013756628 0.3568354337332844
1.592651091739269 0.9348575862632443 0.285796285300495
1.602251856965514 0.9180623230167722 0.2145862260361031
1.611425585269097 0.9016486406379663 0.1432089037238565
1.620192953433119 0.8856231541650572 0.07166722107147083
0.9398899765380608 1.569404349575509 2.438083566544837
0.9718253995241783 1.549175709842906 2.375448690317284
1.002849362384836 1.528756093665077 2.312427322218443
1.032980041208277 1.508168313237289 2.249034209107314
1.062234377549917 1.4874327871204 2.185280846747319
1.090625217580662 1.466570366828451 2.121182184805275
1.118166715807865 1.445599138559875 2.056745329985427
1.14486909054906 1.424538905396658 1.991982154991167
1.170743102855137 1.403408392226596 1.926899950254589
1.195798376045563 1.38222701908752 1.861506314734616
1.220043620560989 1.361015104362351 1.7958097404343
1.243489035832303 1.339792082751928 1.729814075210737
1.266142669945881 1.318579907219215 1.663529394778297
1.288016148634225 1.297398018487376 1.596956532636759
1.309118009642519 1.276269563982579 1.530107201004618
1.32946167867991 1.255213721076306 1.462980178010254
1.34905703992204 1.234254018344854 1.395588320554909
1.367919368476643 1.213409139912735 1.327929516396628
1.386060465786669 1.192702057453492 1.26001684922548
1.403497152225843 1.172150808712097 1.1918487430769
1.420243557060139 1.151776832165217 1.123437000035383
1.436317554838516 1.131597593644911 1.054782362785988
1.451735781330116 1.111632117646177 0.9858936058679441
1.466516583124808 1.091897472641911 0.9167756450137604
1.480679221616891 1.072409466202203 0.8474319696122157
1.494241881247623 1.053185228086657 0.7778741076101575
1.507225831376122 1.034237496077742 0.7081009047692904
1.519650397258614 1.015581354275063 0.6381231030852907
1.53153650274279 0.9972292658224886 0.5679450448720996
1.542905640425078 0.9791923694349449 0.4975690399464672
1.553777863706118 0.9614834533263887 0.4270071349597162
1.564175196729614 0.9441117624388012 0.3562603457824648
1.574119166882016 0.9270865638755379 0.2853324416030645
1.583630416370241 0.9104180244222424 0.2142336891897639
1.59273054309695 0.8941140040523836 0.1429672104974619
1.601441007850419 0.8781817097859845 0.07153539420104799
0.9320122014972351 1.543829503690454 2.437984405295309
0.9627869222691459 1.523987573182555 2.375026043080952
0.9927042423336194 1.504013411426747 2.311708159844975
1.021784208990131 1.483920793237425 2.248046008575421
1.050044513462225 1.463721489201004 2.184051174146671
1.07749788836939 1.443428156839939 2.119738400228782
1.104157534276643 1.423051317419341 2.055114261342319
1.130032179206305 1.402603773445227 1.99018992529969
1.155130586299381 1.382097917278067 1.924971780742296
1.179460049098128 1.361547459130086 1.859466404267064
1.203026720580146 1.34096760982489 1.793681178768993
1.225838065126092 1.320373329185299 1.727618755000208
1.247899372256547 1.299782589471047 1.66128800276608
1.269219450529713 1.279211459752608 1.594688485667078
1.289804135409378 1.258680092079754 1.527830687749858
1.309664182800705 1.238205229382068 1.460712115410654
1.328807006478005 1.217808236459107 1.393344423217622
1.347245513194949 1.197506124619934 1.325724272884316
1.364989377930555 1.177320383240225 1.257863600949888
1.38205344781572 1.157267970948673 1.18975968032975
1.398450131792501 1.137369390876606 1.121423236039135
1.414195773475664 1.117641474114274 1.052853949366925
1.429305719731242 1.098102741548004 0.984059592932488
1.443797240559712 1.078769949752435 0.9150441140739141
1.45768873764282 1.059658743258896 0.8458100730009224
1.470997761465724 1.040786169318559 0.7763681179308626
1.483745133957409 1.02216505960418 0.7067162349353917
1.495949947813968 1.0038106283545 0.636864354816076
1.507633072995601 0.9857355885261925 0.566816032392643
1.518816124004288 0.9679514142724559 0.496572817665529
1.529519452000184 0.9504712712252803 0.426146030702852
1.539765521647701 0.9333048943182458 0.3555359757791121
1.54957644610728 0.9164621002354689 0.2847457343196044
1.558973586558491 0.8999536650667638 0.2137849070773573
1.567979369756356 0.8837881509738886 0.1426559633073587
1.576616187723167 0.8679735422923567 0.07136065487835713
0.191373331510098 -0.4628939399702324 0.07262448827941803
0.2000473174654253 -0.4592123909074685 0.1452106323630009
0.2089234673467126 -0.4552431811343695 0.2177539286875399
0.2179966739340179 -0.4509692201695937 0.2902564592408202
0.2272609026101933 -0.4463728726554796 0.3627193404153634
0.2367075211623129 -0.441436594565087 0.4351315486282897
0.2463287933346736 -0.4361413976214077 0.5074968110205735
0.2561152213738819 -0.4304679718245126 0.5798139446740375
0.2660546095484814 -0.4243973466792742 0.6520711130407236
0.2761369121482017 -0.4179079473471844 0.7242815693247606
0.2863461158494973 -0.4109805301961099 0.7964259503775811
0.296668819077629 -0.4035927842258285 0.8685141781783356
0.3070866217795308 -0.3957242994768902 0.9405326216689183
0.3175823658891725 -0.3873521633226487 1.012488382889901
0.3281337286199492 -0.3784557708895676 1.084365995681995
0.3387204275012421 -0.3690110447167986 1.156177356451011
0.3493155564616512 -0.3589977423900735 1.227903739405636
0.3598934973946787 -0.3483925112993004 1.299550404807153
0.3704246284099226 -0.3371735859095477 1.371111764379871
0.3808762683758184 -0.3253202720270314 1.442578282216956
0.3912147395765571 -0.3128104834290734 1.513951821996612
0.4014025931236456 -0.299623808606776 1.585227627651144
0.4113987816290981 -0.2857416915746912 1.656396044809323
0.4211599432164392 -0.2711457724320333 1.72745255433407
0.4306395095032527 -0.2558190964536363 1.798392329874576
0.4397882174500025 -0.2397451863200608 1.86921538028757
0.4485518013241669 -0.2229121873842286 1.939909631037428
0.4568733473979744 -0.2053092757274227 2.010469057019031
0.4646922637090892 -0.1869283711502998 2.080887147586931
0.4719443491360729 -0.1677646445146429 2.151156897859719
0.4785615804717949 -0.1478168281713016 2.221270865734204
0.4844723307923148 -0.1270878925284314 2.291221043972955
0.4896012434535798 -0.1055854517329674 2.360998904953899
0.4938694196685978 -0.08332242454253197 2.430595316532107
0.191976571394101 -0.4639745478030687 0.07262432149655301
0.2006667352454545 -0.4602838103980146 0.1452106326857977
0.2095591504026746 -0.4563050298837455 0.2177540711969511
0.2186487028713894 -0.4520211202468054 0.2902567419895
0.2279293142921923 -0.4474144034378076 0.3627197458991532
0.2373923801122471 -0.4424674110290921 0.4351320551383361
0.2470301115548563 -0.4371610872254584 0.5074974352558261
0.2568329941118402 -0.4314761378261802 0.5798146614483352
0.2667888212976836 -0.4253936076849388 0.6520719112299272
0.2768875203954074 -0.4188919119248395 0.7242824235163453
0.2871130618743605 -0.4119518202830219 0.7964268529939983
0.2974520279561241 -0.4045510263614232 0.8685151244119033
0.3078859747963982 -0.3966691126467135 0.9405335791875091
0.3183977500474574 -0.3882831913632566 1.012489361771166
0.3289649934429859 -0.3793726672379418 1.084366960237744
0.339567409983784 -0.3699134612055578 1.156178326816573
0.3501780520905289 -0.3598853402227314 1.227904696130899
0.3607712991707294 -0.3492649781056842 1.299551339923596
0.3713175155321057 -0.3380306257351486 1.371112686460882
0.3817839871938922 -0.3261615980526567 1.442579184232041
0.3921370130931016 -0.3136358144696378 1.51395270958058
0.4023391406152875 -0.3004328936273689 1.585228501995352
0.4123493037346775 -0.2865342892464615 1.65639692383392
0.4221241409877307 -0.2719216605957774 1.727453477469925
0.4316170437441186 -0.2565780573493199 1.798393290828002
0.4407787761030652 -0.2404870308274081 1.869216401046935
0.4495550472573923 -0.2236367162965294 1.939910750133051
0.4578889346867905 -0.2060162983114265 2.010470287797409
0.4657198761890253 -0.1876177126237604 2.08088851373683
0.4729836319198404 -0.1684360922364603 2.151158427388047
0.4796122266598187 -0.1484701909283222 2.221272558681184
0.4855340189501383 -0.127722940636747 2.29122289492308
0.490673693383596 -0.1062019357614639 2.361000912452672
0.4949523424462688 -0.08392004195772607 2.430597453888225
0.1928065181220303 -0.4654594306239986 0.07262429143782612
0.2015188776986851 -0.4617560687414818 0.1452108379875
0.2104336072288606 -0.4577641309904618 0.2177545232156675
0.2195455768849467 -0.4534665490522489 0.2902573994830804
0.2288486911243509 -0.4488456354947721 0.3627206167825464
0.2383342927140016 -0.4438838862816838 0.4351331302820527
0.2479945887352777 -0.4385622880201724 0.5074986554932637
0.2578200394848476 -0.4328615263941154 0.5798160457041357
0.2677984054318195 -0.4267626667614842 0.6520734025520064
0.2779195886410407 -0.4202441064263555 0.7242840203558829
0.2881675248160048 -0.4132866296043173 0.7964285322460712
0.2985287638033909 -0.4058679294991762 0.8685168505319585
0.30898485067621 -0.3979676140803638 0.9405353647754386
0.319518584221935 -0.3895627987752891 1.012491145002694
0.3301075764961631 -0.3806328929399377 1.084368748471303
0.3407315215872601 -0.3711538568005219 1.156180084115275
0.3513634244080363 -0.3611054522901732 1.227906425199013
0.3619776414401886 -0.3504643796221085 1.299553021202317
0.3725445039334896 -0.3392089027965917 1.371114311097067
0.3830312275600759 -0.3273183196990712 1.442580748436119
0.3934042424123883 -0.3147707053408324 1.513954234508296
0.4036259183307936 -0.3015455650565338 1.585229983349405
0.413655227570749 -0.2876244263970091 1.656398372583523
0.4234487671421221 -0.2729889519149277 1.727454896657872
0.4329599580860994 -0.2576222299619892 1.798394732571063
0.4421395078524527 -0.2415078070985631 1.869217858857159
0.4509331487621083 -0.2246338398943536 1.939912269102237
0.4592839579127364 -0.2069895237597436 2.010471899363363
0.4671313663579907 -0.1885667987364896 2.080890212266734
0.4744111284484981 -0.1693607710832109 2.151160231672144
0.4810553122872691 -0.1493701753200216 2.221274541384779
0.4869922703448002 -0.1285979377864616 2.291225004086173
0.4921467155128708 -0.1070515950060801 2.361003137211752
0.4964397555546556 -0.08474395608143703 2.430599744221049
0.1939478813787257 -0.4674980560706234 0.07262453183980389
0.2026906529419414 -0.4637773504215794 0.1452114983046879
0.2116359669674406 -0.4597673741368239 0.217755588284822
0.2207786400228423 -0.4554510161634369 0.2902588338277667
0.230112563171464 -0.4508106075283437 0.3627224060636722
0.2396290516336842 -0.4458286552749976 0.4351352699172789
0.2493202325318202 -0.4404861010866434 0.5075010349518566
0.2591765801454462 -0.4347636777199105 0.5798186590687473
0.2691857881849542 -0.428642421339095 0.6520762381725587
0.279337737436088 -0.4221007558574277 0.7242870261103351
0.2896163227599725 -0.4151194805646363 0.7964316746398825
0.3000080435970015 -0.4076762786984584 0.8685200827387529
0.3104944024912314 -0.3997507771450157 0.940538647685629
0.3210581672055026 -0.3913201059812083 1.012494456665144
0.3316769121648878 -0.3823637134314087 1.084372044538052
0.3423302682559735 -0.3728575419705601 1.156183326765356
0.3529912395067742 -0.3627814249467791 1.227909601363404
0.363634108835621 -0.3521120527723501 1.299556091129419
0.3742291875102722 -0.3408277306359968 1.371117258057219
0.3847437026715876 -0.3289078260558734 1.442583581483083
0.3951439089885347 -0.316330322965487 1.513956913654809
0.405392302229827 -0.3030748774755975 1.585232548492922
0.4154477476502721 -0.2891230027219867 1.656400787040389
0.4252668530654756 -0.2744563944071124 1.727457200593154
0.4348030220259079 -0.2590581806611083 1.798396920371532
0.444006925326859 -0.2429118876430785 1.869219984295147
0.4528243270671462 -0.2260057400685483 1.939914328721508
0.4611982638708555 -0.2083288996763762 2.010473925031866
0.4690681857551284 -0.1898733094414114 2.080892249533965
0.4763698794874089 -0.170634092236688 2.151162271975536
0.4830354071976168 -0.1506099325561411 2.221276585530934
0.4889931354669464 -0.1298037036992862 2.291227050400182
0.4941678285742247 -0.1082228974437245 2.361005154119692
0.4984806303535041 -0.08588023994665642 2.430601676013179
0.1955166123024659 -0.4702936030284744 0.07262541318345417
0.2043009848127471 -0.4665491168414639 0.1452131242055746
0.2132881085823262 -0.4625143963958744 0.2177578882788384
0.2224727553966203 -0.4581723023831193 0.2902617847682157
0.2318488010786559 -0.453505208750584 0.3627259611933015
0.2414074484582958 -0.4484955526026075 0.4351392921920655
0.2511408707230399 -0.4431243447477944 0.5075056300329641
0.2610394168061917 -0.4373722802273216 0.5798236564549097
0.2710907411298224 -0.4312203947865608 0.6520816037482752
0.2812847008402999 -0.4246471544995015 0.7242926775283176
0.2916051033110574 -0.4176333436423399 0.7964375384669684
0.3020384203675718 -0.4101566710933223 0.8685261208364753
0.3125660730564203 -0.4021967804944016 0.9405447617907564
0.3231708147324854 -0.3937308469474859 1.012500601490433
0.3338301082630678 -0.3847383066471636 1.08437813364085
0.3445235789336027 -0.3751951585378653 1.156189317652181
0.3552241693388435 -0.3650812823020927 1.22791543407824
0.3659060740549546 -0.354373353410096 1.299561722914876
0.37653960040091 -0.3430497657740209 1.371122646457568
0.3870919364547776 -0.3310899414834006 1.442588680471927
0.3975292262462325 -0.318471828426055 1.513961709851478
0.4078139879240188 -0.3051751933186105 1.585236998991744
0.4179050320448212 -0.2911815579028111 1.65640491315553
0.4277589772605068 -0.2764727157866563 1.727460941101169
0.4373291529658504 -0.2610317456223448 1.798400341645758
0.4465662580941773 -0.2448422619654188 1.869223058050362
0.4554160068432718 -0.2278924664198614 1.939917077632046
0.4638214892453119 -0.2101715698086343 2.010476364944435
0.4717221348213022 -0.1916714887994433 2.080894388963937
0.4790537536205509 -0.1723873050060445 2.151164179549825
0.485748427910116 -0.1523177131134833 2.221278155910202
0.4917345969539708 -0.131465493577339 2.291228311221768
0.4969370080580667 -0.1098380471057562 2.361006005930616
0.5012769155579956 -0.08744801056377663 2.430602006877323
0.1976709999276736 -0.4741208668617675 0.0726276460005787
0.2065121296468876 -0.4703438281620541 0.1452166706865352
0.2155562691510441 -0.4662752233036318 0.2177626871635413
0.2247981646370654 -0.4618979646333798 0.2902677261840908
0.2342315898284154 -0.4571943455217344 0.3627329433704635
0.2438477257811214 -0.4521468721828202 0.435147249544377
0.2536386420623062 -0.4467365199905946 0.5075143793221576
0.2635946439285206 -0.4409439883711528 0.5798331442575233
0.273703311134831 -0.4347503472565876 0.652091715222922
0.283954425041861 -0.4281340479303157 0.724303285512774
0.2943317085336257 -0.4210759042150133 0.7964485241538601
0.3048215873580566 -0.4135536668976869 0.8685373537570495
0.3154053930299505 -0.4055469937653443 0.9405561545595122
0.3260657845149718 -0.3970330741121381 1.012512001019236
0.3367801777247562 -0.3879914163427583 1.084389450592421
0.3475281298804092 -0.378398054620083 1.156200427784052
0.358282463883672 -0.3682328837716142 1.227926232554524
0.3690173849573603 -0.3574726998262919 1.299572111283273
0.3797030805992456 -0.3460958992078619 1.371132525962334
0.3903066541807291 -0.3340819427884117 1.442597977277013
0.4007942999368395 -0.3214089346848498 1.513970332425024
0.4111283984861479 -0.3080566099002532 1.585244888647753
0.4212677659000169 -0.2940065936929152 1.656412024978675
0.4311689146143468 -0.2792406714271826 1.727467235351042
0.4407852314926411 -0.2637420424256856 1.798405765310213
0.4500673706238438 -0.2474943114520356 1.869227606773952
0.4589610619613687 -0.2304857246430686 1.939920758058308
0.4674093779353637 -0.212705500399398 2.010479130293345
0.4753517764931137 -0.1941455468133501 2.080896203103848
0.4827241067070852 -0.1748009131888517 2.15116500719493
0.4894584921664199 -0.154670211403354 2.221278001457502
0.4954834015357927 -0.1337561472454308 2.291227056040409
0.5007237055283669 -0.1120660175305808 2.361003527447111
0.5051006534983461 -0.08961224204465101 2.430598138882944
0.2006263501630745 -0.4793489017304714 0.07263268497971043
0.2095446244198715 -0.4755273728224642 0.1452240601272656
0.2186662570781848 -0.4714125643363719 0.2177722189430201
0.2279858903705632 -0.4669873075568851 0.2902792724945405
0.2374972403007392 -0.4622339318996531 0.3627463483509252
0.2471913740622886 -0.4571349238196294 0.4351623476027525
0.2570602969387665 -0.451671293871285 0.5075309814622511
0.2670941918244276 -0.4458237196287392 0.5798510103497195
0.2772805754406348 -0.439573335456594 0.6521106706183483
0.2876091074445385 -0.4328985526927871 0.7243231281979379
0.2980634169712909 -0.4257802617894216 0.796469041136274
0.3086298348738441 -0.4181962297061843 0.8685583247491885
0.3192895840665302 -0.4101261713853296 0.9405773558537891
0.3300252342059776 -0.4015473134658027 1.012533222325414
0.3408141166053978 -0.3924392679326423 1.084410463450588
0.3516356224552797 -0.3827780170709814 1.156221031170417
0.3624625607447367 -0.3725436384925038 1.227946247754034
0.3732690035077015 -0.3617129577302688 1.299591298798822
0.3840250847777832 -0.3502644672075775 1.371150710412949
0.3946978376938489 -0.3381777334668322 1.44261496477197
0.405253327314483 -0.3254308589038507 1.513985991381529
0.4156539356807664 -0.3120037317163664 1.585259054835142
0.4258584522426181 -0.2978780944354877 1.656424507894086
0.4358232471203629 -0.2830356698075223 1.727477991771834
0.4455017740063615 -0.2674598391973145 1.798414628177682
0.454844685781941 -0.2511342321874731 1.869234473298067
0.4637976673403342 -0.2340470978381385 1.93992552669061
0.4723038357219831 -0.2161876712121907 2.010481725377359
0.4803027093865686 -0.1975478576203066 2.080896535375285
0.4877301444501073 -0.1781226285990717 2.151162946524514
0.4945183833521688 -0.1579105279371404 2.221273416866557
0.5005959363507637 -0.1369140873437198 2.291219801848084
0.5058877799006328 -0.1151404288296305 2.360993386076135
0.5103152970911561 -0.09260173908894748 2.430584836273944
0.2046726794040815 -0.4864681809767833 0.07263620207578508
0.2136950970597888 -0.4825863894148369 0.1452295323623604
0.2229212430756068 -0.4784089372037446 0.2177795516605974
0.2323457213949122 -0.4739187634588878 0.2902883175857476
0.2419620759825818 -0.4690981051665221 0.362756889692315
0.251761290577984 -0.4639295084527058 0.435174259154171
0.2617352331337565 -0.4583939644143844 0.5075440806842535
0.2718739949676336 -0.4524721940646275 0.5798651748786363
0.2821649071783616 -0.4461453391269746 0.6521256498271505
0.2925975464063236 -0.4393918403858526 0.7243387499517889
0.3031554013571283 -0.432192667557891 0.7964851344080004
0.3138246452140009 -0.4245255769693795 0.8685746961274265
0.3245864129921465 -0.4163704345440941 0.9405938014441819
0.3354231006870675 -0.4077044435576047 1.012549586763825
0.3463119002444725 -0.3985073190160119 1.084426600572685
0.3572321988734266 -0.3887552345191491 1.156236755345214
0.3681565413221901 -0.3784282513831061 1.227961365777976
0.3790588667653295 -0.3675032315466014 1.299605716259434
0.3899093238018564 -0.3559589150661536 1.371164301137533
0.4006747649825661 -0.3437749020341129 1.442627633949218
0.4113212193571855 -0.3309294431020998 1.513997633472654
0.4218109844521415 -0.3174025160148174 1.585269596823871
0.4321026686754143 -0.3031758475247323 1.656433961703916
0.4421528621755919 -0.2882315143451098 1.727486254325401
0.4519147476479869 -0.2725527278659087 1.798421714670837
0.4613390592437211 -0.2561232467124239 1.86924036272984
0.4703715126675428 -0.238931378273871 1.939930188968443
0.4789552178099468 -0.2209663297683511 2.010485097995192
0.4870297472633992 -0.2022199203275553 2.080898660212991
0.4945310715877649 -0.1826871301818564 2.151163626399617
0.5013914829253225 -0.1623662637395736 2.221272588877612
0.507539663814787 -0.1412597364959158 2.291217192395117
0.51290070466641 -0.1193743560716743 2.360988715880249
0.517396119522892 -0.09672197818231401 2.430577644017423
0.2102009960990378 -0.4961231529278333 0.07264154376633664
0.2193631194296124 -0.4921598359144807 0.1452374704168055
0.2287294505693228 -0.4878978868037955 0.2177899644199266
0.2382943769555051 -0.4833201284963178 0.2903009908648996
0.2480513480405129 -0.4784088979145378 0.3627715441476451
0.2579911676065492 -0.4731467310812322 0.4351906927080951
0.2681055180151472 -0.467514588471671 0.5075620634923533
0.2783843624530866 -0.4614932844519585 0.5798844385421775
0.2888148102613497 -0.4550639632700147 0.652145948612462
0.2993863503487322 -0.4482051679709795 0.7243598470074242
0.310082200947828 -0.4408978895028102 0.7965067391522068
0.3208884381438765 -0.4331200040270157 0.8685965490661185
0.3317859486509634 -0.4248514024223885 0.9406156991627899
0.342757039619711 -0.4160694719509614 1.012571258299831
0.3537787553240501 -0.406754085615265 1.084447847048504
0.3648301226820262 -0.3968812995630916 1.156257275796901
0.3758837095857294 -0.3864315196388963 1.227981010968653
0.3869133857219946 -0.3753817990232956 1.299624309381389
0.3978889815544868 -0.3637108415428006 1.371181670050921
0.4087773255997731 -0.3513985003085254 1.442643651398817
0.4195442978092714 -0.3384231113361769 1.514012170657554
0.4301521251623823 -0.3247647974820448 1.585282572098486
0.4405595586967654 -0.3104055945731355 1.656445347268952
0.4507226034779113 -0.2953272729965221 1.727495878428056
0.4605949125464485 -0.2795134843241838 1.798429609457571
0.4701270941659081 -0.2629479226397281 1.869246523105399
0.4792648639835217 -0.2456189252912941 1.939934540689014
0.4879514604222431 -0.2275156998177231 2.010487599900629
0.4961264683682648 -0.2086299459029484 2.080899157672992
0.5037260108714283 -0.1889564584427078 2.151162077213745
0.5106825685955192 -0.168493438972141 2.221268600991008
0.5169249720693527 -0.1472429088740716 2.29121045632189
0.5223785041491489 -0.1252113013548204 2.360978703592124
0.5269649414926894 -0.1024100073025162 2.430563636316313
0.2177295252574898 -0.5091437750041554 0.07264984516930056
0.2270773800778498 -0.505071112968543 0.1452492802673858
0.2366298204417431 -0.5006959462306136 0.2178049175299973
0.2463810553938728 -0.496001084434504 0.2903188206045085
0.2563243611789475 -0.4909689129921191 0.3627919711476812
0.2664502683604248 -0.4855819728031664 0.4352133541031697
0.2767503202231606 -0.4798213287530504 0.5075866635681542
0.2872142025080599 -0.4736677816893197 0.579910611781923
0.2978288163356813 -0.4671026197035982 0.652173337511302
0.3085834309271571 -0.4601043994795221 0.7243880901721678
0.3194610430377475 -0.4526543073104758 0.7965354884559139
0.3304475171066024 -0.4447302751282265 0.8686255079084328
0.3415234994867792 -0.4363123978354207 0.9406444548870796
0.3526710800528939 -0.4273781284554232 1.012599522716872
0.3638669972428782 -0.4179074815485274 1.084475271649779
0.3750903275726811 -0.4078768577058308 1.156283646748982
0.3863132337592234 -0.3972667139154156 1.228006027591493
0.397509501780718 -0.3860543407688449 1.299647726913749
0.4086487346876552 -0.3742185740015744 1.371203269601216
0.419697603966349 -0.3617394595884222 1.442663273361816
0.430622047493843 -0.3485956733248551 1.514029630236722
0.4413840812322239 -0.3347673756137263 1.585297769090115
0.4519422489367024 -0.3202366783608053 1.656458123981521
0.4622529292236642 -0.3049857606813565 1.7275062814681
0.4722694349675982 -0.2889981310319251 1.798437491312952
0.4819424810785574 -0.2722575470102205 1.86925178046229
0.4912179263565318 -0.2547523927334008 1.939937099855354
0.5000390645472603 -0.2364717454399757 2.010487345628871
0.508345691470785 -0.217407195506349 2.080895875856335
0.5160741238747706 -0.197553308742339 2.151155390318136
0.5231570575712212 -0.1769078602500044 2.221258165988259
0.5295236352759739 -0.1554724715626933 2.291195652900722
0.5350993988315663 -0.1332529787820881 2.360958638204148
0.5398065044464899 -0.1102600431597738 2.430537262531177
0.2279345271607607 -0.5265717922336993 0.07266279073988385
0.2375260535315896 -0.5223538574084798 0.1452667299672467
0.2473223440257332 -0.5178285958522428 0.2178265020686415
0.2573173848260548 -0.5129789100497901 0.2903440512431793
0.2675041614322156 -0.5077871308087543 0.3628205020277342
0.2778728984741818 -0.5022359413566997 0.4352446355242695
0.2884148878482099 -0.4963064652915248 0.5076202366223098
0.2991195502705016 -0.4899796297325456 0.5799460072051457
0.3099734732217934 -0.4832368757083132 0.6522100823585736
0.3209656730133379 -0.476056847079085 0.7244256946583943
0.3320788088561297 -0.4684209351274271 0.7965734922236833
0.34329850886053 -0.4603072497360404 0.8686633932688972
0.354605090675246 -0.4516960732395918 0.9406817958710784
0.365980430008143 -0.4425650835100458 1.012635889411602
0.3774009707879645 -0.4328945640360599 1.084510255252221
0.3888456090944847 -0.4226611388613844 1.156316848780783
0.4002862543891817 -0.4118455659204318 1.228037120688356
0.4116963847899873 -0.4004252414433327 1.299676383605425
0.423045617588931 -0.3883794545615974 1.371229229198661
0.4343003955266654 -0.3756884555370485 1.442686278537526
0.4454264846474574 -0.3623310428325357 1.514049521942215
0.4563859283018796 -0.3482877061409347 1.585314355707105
0.4671371547563007 -0.333540676369139 1.656471264809635
0.4776366062495542 -0.3180722993947284 1.727515875359235
0.4878376306394047 -0.3018661658192043 1.798443347521488
0.4976910819177627 -0.284905995102538 1.869253797438466
0.5071429279325566 -0.2671801077486592 1.939935060958786
0.5161367003422066 -0.2486774174464073 2.010480972874884
0.5246124928356267 -0.229389249461709 2.080884770942731
0.5325069258091119 -0.2093097192194959 2.151139057130367
0.539753032765182 -0.1884360632869315 2.221235785779712
0.5462804015656713 -0.1667692037808654 2.291166174842422
0.5520151254700858 -0.1443141183211016 2.360920805783456
0.5568797743017665 -0.1210804171767971 2.430489285637994
0.2416761257567521 -0.54966714579141 0.07268290208604866
0.2515818749458537 -0.5452589073244413 0.1452926963330228
0.2616920390397179 -0.5405376117651486 0.2178577364492768
0.2720002818802832 -0.535486237667302 0.290379936523138
0.28249924272386 -0.5300872099054055 0.3628603497552943
0.2931788142761586 -0.5243234326780785 0.4352878267786714
0.3040299094240186 -0.5181761093054353 0.507666096777632
0.3150415826747641 -0.5116263318346205 0.5799938520984205
0.3262000439295391 -0.5046558037446883 0.6522592428049279
0.3374940213509161 -0.4972433596791654 0.724475487705589
0.3489057681928095 -0.4893707006506319 0.7966233074026602
0.3604205627574374 -0.4810161218354149 0.8687125680447085
0.3720184374867659 -0.4721603218378775 0.94072978496065
0.3836809360009746 -0.4627812290179083 1.012682055976488
0.3953842049100322 -0.4528595238727199 1.084554096821131
0.4071068535671472 -0.4423720465801765 1.156357866380251
0.4188205442061823 -0.4313000124182957 1.228074869826836
0.430498647832825 -0.4196211924254282 1.29971048136288
0.4421105557508998 -0.4073151489486851 1.371259371470624
0.453622454062383 -0.3943624048258948 1.442712060326298
0.4650001797987968 -0.3807420920404385 1.514070734620639
0.476205650801714 -0.3664348738275001 1.585330737729653
0.4871975386549015 -0.3514233538837964 1.656482671553723
0.4979321329560041 -0.3356897954237804 1.727522047688402
0.5083630231189163 -0.3192178394746354 1.798444124687213
0.5184413140963653 -0.3019911628864466 1.869248798373197
0.5281132350480177 -0.2839978378199794 1.939923954312078
0.5373227252918847 -0.2652264876351261 2.010463214713372
0.5460103133248596 -0.2456679202153209 2.080859642043134
0.5541131207161454 -0.2253155695236678 2.151105571652043
0.5615647971263642 -0.2041658119988133 2.221192684101567
0.5682955759191031 -0.1822185189333745 2.291111752060777
0.5742322235650488 -0.1594773453412517 2.360852926277168
0.579298129289202 -0.135950443325514 2.430405245879009
1.640703432338968 -0.9564929833924334 2.438789648270582
1.619518809871112 -0.9919259400051308 2.377117233145394
1.597943240407347 -1.026310416911499 2.314988874934023
1.57602513197457 -1.059652410428103 2.252414364857725
1.553810841901627 -1.091960537158492 2.189401831552033
1.531346992207308 -1.123242732579115 2.125964068837059
1.508676362995579 -1.153511580081071 2.062107568842523
1.485842315427473 -1.182778320194428 1.997844542705496
1.462885343697614 -1.211057139271692 1.933183677337751
1.439844820551539 -1.238362896498181 1.868134774796309
1.416759064922391 -1.264710943129383 1.80270911813759
1.393663353502434 -1.290119165177555 1.736913984074514
1.37059370712305 -1.314603841839791 1.67076312447643
1.347581428944181 -1.338185309186315 1.604261397595836
1.324660084381449 -1.360880702983923 1.537424550810643
1.301857237665516 -1.382712030823808 1.470255619871666
1.279203750475649 -1.403697262419277 1.402771560588925
1.256723868730732 -1.423859396276598 1.334974413968612
1.234445429939944 -1.443217295213747 1.266881173911115
1.212389878518471 -1.461794146793827 1.198494189134088
1.190581636966477 -1.479609810199183 1.129828914517931
1.169040084704456 -1.496687090770405 1.060889649137455
1.14778576520984 -1.51304680863692 0.9916885124712294
1.126836664671985 -1.528710758137184 0.9222336248727142
1.106209055591722 -1.543700907984586 0.8525315180319579
1.085920314277832 -1.558037413679944 0.7825965878071941
1.065982916563229 -1.571742873206735 0.7124304525693781
1.046411602586737 -1.58483723833628 0.6420464507852613
1.027218175530107 -1.597341467794802 0.571451449634228
1.00841287678204 -1.609276507909763 0.5006501498634791
0.9900075102521393 -1.620661278171649 0.4296569309248849
0.972010008939769 -1.631516224898043 0.3584750040954285
0.9544281825289701 -1.641860773618041 0.2871103766865218
0.937270555082947 -1.651713082780808 0.2155753824809128
0.9205430576127558 -1.661091847937655 0.1438752224015746
0.9042507403662994 -1.67001531858748 0.07201433079302405
1.639482463837442 -0.9562772047005017 2.438766863755269
1.618313063464754 -0.9916472668196812 2.377077466622541
1.596756491214071 -1.025971002815613 2.31493325534209
1.57486072915448 -1.059254672871254 2.252344175128786
1.552671681093446 -1.091507161253585 2.18931836395035
1.530235499596669 -1.122736472601535 2.125868797377918
1.507594504059019 -1.152955334620478 2.062001899426765
1.484791614139215 -1.182174986294854 1.997729932520576
1.461866909322564 -1.21040958729117 1.933061569304769
1.438859378218097 -1.237673926301482 1.86800658204105
1.415806989864892 -1.263983243235454 1.802576218893788
1.392744729815591 -1.289355302126627 1.736777708910036
1.369708327978816 -1.313806251614575 1.670624697611094
1.346728856554079 -1.337356261015778 1.604121981426489
1.323839692747726 -1.360022297870558 1.537285265838928
1.301068247566966 -1.38182625920632 1.470117455844339
1.278445204513301 -1.402785902559619 1.402635447926638
1.255994749316933 -1.422924137653855 1.334841207064223
1.233744598887844 -1.442259654584455 1.266751653480357
1.211716165886532 -1.460815557236295 1.198369076948864
1.189933776294503 -1.478611570080095 1.129708814859504
1.168416809395343 -1.495670428545821 1.060775143114107
1.147185767394498 -1.512012865643617 0.9915801020398513
1.126258622423803 -1.527660615682457 0.9221317537848563
1.105651640832745 -1.542635604038086 0.8524365727838445
1.085382182628403 -1.556957939338056 0.7825088873179828
1.065462742140686 -1.570650204008209 0.712350293147247
1.045908059843565 -1.583732347114885 0.6419740613760577
1.026729944679846 -1.596225314104809 0.5713870186061004
1.007938655245014 -1.608150070579896 0.500593822176346
0.9895460107488305 -1.619525569136284 0.429608797039765
0.971559961078989 -1.630372262423363 0.3584351328053603
0.9539883404800794 -1.640709655071737 0.2870787517906384
0.9368397041064118 -1.650555906312447 0.2155520247929679
0.9201200197523056 -1.659929807798969 0.1438600829604292
0.9038343562255868 -1.668849652293541 0.07200728384953864
1.637805977046651 -0.9559764175466856 2.438737195843774
1.616657461691603 -0.9912602716543 2.377024491370561
1.595126919943923 -1.025500778246301 2.314858484801713
1.573261794531073 -1.058704539238487 2.252249378230595
1.55110736457222 -1.090880758563616 2.189205393327083
1.528709099826272 -1.122037671594174 2.125739519002396
1.506108738699054 -1.152188068955988 2.06185832413539
1.483348563123882 -1.181343222281895 1.997574061559767
1.460468104979194 -1.209517273145133 1.932895374550116
1.437505823969654 -1.236724906862864 1.867832003948529
1.414499198013558 -1.262981199405338 1.802395153903278
1.391482801302146 -1.288303776344917 1.736591929491234
1.36849197351449 -1.312708557843907 1.670435908852719
1.345557503599131 -1.336215530766077 1.603931787290287
1.32271244995301 -1.358841404034198 1.537095162550955
1.299984040938714 -1.380607883433796 1.469928851313734
1.277402760657748 -1.401532549753785 1.402449592892908
1.25499264872367 -1.421638080577004 1.334659289087771
1.232781284943062 -1.440942974537828 1.266574747406406
1.210790021213983 -1.459470237154874 1.198198121941044
1.189043079206931 -1.477239364263493 1.129544703053728
1.16755980636541 -1.494273010029291 1.060618648971214
1.146360672532252 -1.510591817751711 0.9914319061560389
1.125463619184917 -1.526217412996053 0.9219924651153028
1.104884895308559 -1.541171641905108 0.8523067224478529
1.084641868795886 -1.555474583795891 0.7823889459461264
1.064747029508189 -1.569148801279809 0.7122406222389119
1.04521512306913 -1.582214192944002 0.6418749967065346
1.026057980392724 -1.594691749063884 0.5712988013485942
1.007285879885633 -1.606602424178683 0.5005166698661621
0.9889106486041606 -1.617965208661144 0.4295428206707991
0.9709402751600236 -1.62880059621914 0.3583804201807139
0.953382637045778 -1.639128151761128 0.2870353674147516
0.9362462939755161 -1.648966101230942 0.2155198724165616
0.9195372766512184 -1.658333305113679 0.1438390862135758
0.903260711111146 -1.667248149799366 0.07199733121591251
1.635506691595626 -0.9555554005978741 2.438699566555112
1.614386698427949 -0.9907212995120244 2.376954888621998
1.592891803469095 -1.02484792050467 2.314759047766188
1.571068628155574 -1.057942425659524 2.252122425889561
1.548961544604702 -1.090014406617096 2.189053395093281
1.526615205347536 -1.121072324850646 2.125565169614395
1.504070456160813 -1.151129130365975 2.061664333798465
1.481368758648457 -1.180196168087086 1.997363122293767
1.458548862524408 -1.20828748417384 1.932670211263591
1.435648505791532 -1.235417644137814 1.867595261969246
1.412704537218854 -1.261601546038995 1.8021493997457
1.389750914144953 -1.286856532363245 1.736339630714391
1.366822490631078 -1.311198289419519 1.670179389960373
1.34394960661465 -1.334646479624132 1.603673253877505
1.321164968920868 -1.357217566424421 1.536836648587274
1.298495466192792 -1.378932908402653 1.469672251010956
1.275971370071445 -1.399809839014996 1.402196689583236
1.253616450899356 -1.419870718587291 1.33441165432218
1.231458144439288 -1.439133814652452 1.266333830631858
1.209517762078771 -1.457621989231036 1.197965286146107
1.187819339705761 -1.475354460141015 1.129321121135546
1.16638218055928 -1.492353725355386 1.060405388923396
1.145226687175042 -1.508640262955048 0.9912299054983509
1.124370794369481 -1.524235617200329 0.921802555818505
1.103830733428141 -1.539161535691842 0.8521296356349922
1.083623850081373 -1.553438009292808 0.7822253070254204
1.063762642749453 -1.567087566676229 0.7120909488917835
1.044261879297711 -1.580130101795284 0.6417397329373642
1.025133397030454 -1.592586586182901 0.5711782926577347
1.006387504513349 -1.604478009912448 0.5004111710025814
0.9880360456501135 -1.615823383817475 0.4294524936461111
0.970087104966324 -1.626643319191222 0.3583054556359061
0.9525485288320147 -1.636957394453147 0.2869757163427528
0.9354289853152029 -1.646783946387729 0.2154755789601281
0.9187345127268607 -1.656141944471836 0.1438099347930608
0.9024703563344639 -1.665049889347769 0.07198321706654492
1.632358246817406 -0.9549629387012841 2.438653824409292
1.611277217693796 -0.989967870888131 2.376865357708457
1.589830983471243 -1.023939121683082 2.314628634923218
1.568065024019656 -1.056884611545318 2.251954261892664
1.546022588436584 -1.08881442632528 2.188850924372911
1.523747138240515 -1.119737378261286 2.125332030452437
1.501278328056698 -1.149666668656824 2.06140414721578
1.478656490210436 -1.17861362910837 1.997079643362104
1.455919306299472 -1.206592246430387 1.932367128955008
1.433103549325349 -1.233616921256903 1.867276179819629
1.410245117460273 -1.259702230286576 1.801817817490832
1.387377239354911 -1.284865239222818 1.735998885994158
1.364534041291008 -1.309121213198683 1.669832691259959
1.341745281808158 -1.332489441279003 1.60332359200742
1.319043138371164 -1.354985977968053 1.53648680835402
1.296454104068565 -1.376631776814844 1.469324838917231
1.274008047466658 -1.397443736016719 1.401854101906379
1.251728541827246 -1.417443951366606 1.334076072784623
1.229642807211246 -1.43665035118906 1.266007295911916
1.207771762531773 -1.455085242902185 1.197649515164561
1.186139576459884 -1.472767877656256 1.129017792655517
1.16476534929305 -1.489720391513552 1.060115947650965
1.143669440426212 -1.505963082266456 0.9909556707022746
1.122869702810885 -1.52151729615144 0.9215446441262293
1.102382369151907 -1.536404681087179 0.8518890342210894
1.082224787224133 -1.550645161043717 0.7820028717359995
1.062409441247592 -1.564261160236033 0.7118873939836884
1.042951130988167 -1.577272562744887 0.6415556762620158
1.023861702625834 -1.589700346685936 0.5710141740101582
1.005151518768946 -1.601565533148857 0.5002673621871192
0.9868324912201835 -1.612887204972591 0.4293293254277855
0.9689126613207228 -1.623685972332332 0.3582029451460125
0.9514000473991552 -1.633981626404633 0.2868939896878814
0.9343033151310638 -1.643792569730359 0.2154144985759435
0.9176286383073968 -1.653137907358329 0.1437694540618736
0.901381305794176 -1.662036325069298 0.07196297662701828
1.628056498465058 -0.9541235846498186 2.438602215137017
1.607028411966473 -0.9889095585801191 2.37675394163632
1.585648355646638 -1.022669587952595 2.314461297653327
1.563960251452496 -1.055412567999738 2.251735271220495
1.542005789138734 -1.087149208520245 2.188585019979145
1.51982679331383 -1.117888927145728 2.125023990168025
1.497461324381759 -1.147645086323548 2.061059003880209
1.474948183817542 -1.176429111492622 1.996702438426472
1.452323590337122 -1.204254884269811 1.931962835017066
1.42962296073114 -1.231136478151468 1.866849748406856
1.40688100910817 -1.257088163590809 1.801373987434939
1.384129862447748 -1.282126491544954 1.735542245102169
1.361402697091745 -1.306266272810716 1.66936752699163
1.338728470463975 -1.329526194753886 1.602854015675015
1.316138647729839 -1.351921783756025 1.536016623216776
1.293659135041132 -1.373473408759838 1.468857571845488
1.271319359920556 -1.394197497421765 1.401393012594746
1.249142482617433 -1.41411557468652 1.333624161494293
1.227155378737478 -1.433245107990921 1.265567245697568
1.205378880859624 -1.451608115660074 1.197223852507925
1.183836790631019 -1.469223280580645 1.128608703413672
1.162548171655443 -1.486112540845598 1.059725392296628
1.141533271196797 -1.502295877862648 0.9905854099373373
1.120809907603308 -1.517794438765271 0.9211962503623589
1.100394260032554 -1.53262968780303 0.8515638339139259
1.080303661953495 -1.54682139684345 0.7817020368978311
1.060550624616917 -1.560391936607419 0.7116119075214528
1.041149947134623 -1.573361146344602 0.641306304312747
1.022113546950281 -1.585750003524571 0.5707916123217791
1.003451809531331 -1.59757954089352 0.5000721014559584
0.9851766999136873 -1.608868948544159 0.4291616526231584
0.9672963972159908 -1.619638974620423 0.3580631600265224
0.9498189003547428 -1.6299094530854 0.2867820333247961
0.932753065158113 -1.639699073597152 0.2153303303017579
0.9161051442385589 -1.649027033426556 0.1437129126869544
0.8998805473273246 -1.657912282289653 0.07193367162075859
1.622196735624641 -0.9529246419267483 2.438552295689879
1.60124024724592 -0.9874141977031563 2.376622538049632
1.57994967575863 -1.020888439034973 2.314253611508279
1.558366948044548 -1.05335749805965 2.251457173246708
1.536531596866789 -1.084833092874969 2.188242722885806
1.51448324336608 -1.115325247829949 2.124624069951548
1.492257770431437 -1.144847654718576 2.060608176605671
1.469891895567695 -1.173411795141787 1.996207508960776
1.447419876789375 -1.201031360689328 1.931430588380063
1.424875274526306 -1.227720065263764 1.866286785529921
1.402291211944171 -1.253491662736574 1.800786779165151
1.379698297183498 -1.278362065512719 1.73493693430057
1.357128406369575 -1.302345358866935 1.668749983491093
1.334609437129009 -1.325459521709694 1.602229752975513
1.312171848009085 -1.347719268326478 1.535390810835991
1.289840819158913 -1.36914425788755 1.46823500497664
1.267645068792828 -1.389750161937838 1.400778101741407
1.245607273666485 -1.409557832548026 1.333020959522655
1.223753883769325 -1.428584116567919 1.26497946193535
1.20210536619703 -1.446850397413958 1.196654807688701
1.180685340164308 -1.464374953719879 1.128061409097704
1.159512614338195 -1.481179141885908 1.059202536494248
1.138607429768326 -1.4972827723 0.9900893991338755
1.11798740661529 -1.512706501668365 0.9207291672885665
1.097668733171196 -1.5274716105435 0.8511275257712756
1.077668712646341 -1.541597708076002 0.7812980545579246
1.057999884618749 -1.555107034926314 0.711241586310547
1.038677084853417 -1.568019397607489 0.6409707443104631
1.019712254103486 -1.580355713469156 0.5704916743622659
1.001115883820395 -1.592137141157671 0.499808431901235
0.9829000162169179 -1.603382947903796 0.4289347173684346
0.9650728996257971 -1.614113966837411 0.3578731841713667
0.947642713396691 -1.624350288268207 0.2866291586090997
0.9306184112620266 -1.634110792794985 0.2152144426918379
0.9140064128787803 -1.643414993312635 0.1436336744862213
0.8978122931452637 -1.652282041998315 0.07189063449828836
1.614202498678607 -0.9512258766386338 2.43845862984559
1.593349340304021 -0.985315560783323 2.376419083199334
1.572185658335898 -1.01840480161739 2.313948036329617
1.550750475949393 -1.050505318455255 2.251057792937379
1.5290803379606 -1.08162998962452 2.18775825779702
1.507211896445719 -1.111789561479235 2.124063557325439
1.48517817873521 -1.14099798827916 2.059980878514433
1.463013120314998 -1.169266762039112 1.995522648601687
1.440748397005848 -1.196609236558536 1.930697284164093
1.418415270852905 -1.223038638693428 1.865513911671075
1.396044647274409 -1.248567957633161 1.799982868087635
1.373665290171501 -1.273212253938639 1.734110154797228
1.351307447297207 -1.296984670790056 1.667908146748216
1.32899752660086 -1.319902195017046 1.601380070137001
1.306764861578328 -1.341978579781737 1.534540135745558
1.284633549824664 -1.363232411757309 1.467389653844986
1.262631510893919 -1.383678502858932 1.39994389879177
1.240780731375439 -1.403336759355509 1.332203237793293
1.219107189142309 -1.422223300553829 1.264183151272325
1.197630719711987 -1.440358473048641 1.195884298992885
1.176374830859599 -1.457760208109092 1.127320701891665
1.155358072439723 -1.47444922076789 1.05849523890421
1.134600376063529 -1.490444653223025 0.9894186526521959
1.114119401743664 -1.505766961649443 0.9200978090327592
1.093931236522412 -1.520437068878178 0.8505379863316104
1.074053154856429 -1.534474327786596 0.7807524673273908
1.054497731276341 -1.5479008193853 0.7107417892029055
1.0352798281492 -1.560736301499514 0.6405182176279839
1.016411465584501 -1.573001711726302 0.5700875984598961
0.9979032446718807 -1.584718233004315 0.4994537985112291
0.9797672903177221 -1.595905266638596 0.4286301748706883
0.9620120115678257 -1.606583885667181 0.3576191094030912
0.9446457727135094 -1.616774428656471 0.2864257511361401
0.9276776495379679 -1.62649599202213 0.2150615650185173
0.9111143038302743 -1.635768469086949 0.1435309880926725
0.8949615946015868 -1.644611460186162 0.07183762721597348
1.603378834440236 -0.9487706078666394 2.438344621491281
1.582669707127474 -0.9823261791298079 2.376158086317965
1.561680867155458 -1.014901984231557 2.313550603254347
1.540447456049947 -1.04651170535864 2.25053524184529
1.519001971598296 -1.077169513529003 2.18712247000756
1.497377098172248 -1.106886934394971 2.123326782173758
1.475602138393543 -1.135678248502985 2.059155461886782
1.453707312815993 -1.163554805341158 1.994620838116939
1.431721002001022 -1.190529467410998 1.929731154145291
1.409671342705529 -1.216614644538865 1.864495187015426
1.38758655962203 -1.241822369796835 1.798922878261269
1.365492907808126 -1.266166469879528 1.733019711169327
1.343418478646509 -1.289658883431384 1.666797423387473
1.321387884142474 -1.312315213073053 1.600258736572839
1.299428850155627 -1.334147967804759 1.533417127885187
1.277564173205769 -1.355174362958299 1.466273310745597
1.255820642875331 -1.375407967647213 1.398841919899589
1.234219422147985 -1.39486752366587 1.331122707747366
1.212785613349 -1.413567941241537 1.263130464154572
1.191538861562582 -1.431528991332985 1.194865369762461
1.17050189770931 -1.448767293899571 1.126340820352571
1.149693077726297 -1.465302956647388 1.057559143410808
1.12913212102876 -1.48115451051466 0.988530572026115
1.108836543315082 -1.496341857110275 0.9192615069242369
1.08882235159272 -1.51088548640525 0.8497567608159151
1.069106784333744 -1.524804461259568 0.7800291655029568
1.04970245843616 -1.538120696381999 0.7100787931152008
1.030624285568663 -1.550853807700155 0.639917564243791
1.011884410098079 -1.563024764167958 0.5695509642065766
0.9934935350140714 -1.574654829461869 0.4989824026238751
0.9754639646339753 -1.585763579294926 0.4282249732917934
0.9578042669515607 -1.596372313758806 0.3572806200764661
0.9405230404540345 -1.606501673336497 0.2861542170306086
0.9236296520085061 -1.616171236610148 0.2148569248082566
0.9071310227241628 -1.625401256260243 0.1433928696318656
0.8910333246243174 -1.634211829738997 0.07176528637590385
1.588818559547581 -0.9451839039535053 2.438214688527485
1.568310326006544 -0.9780345004981749 2.375833529580295
1.547561847579142 -1.009934008369213 2.313045958164833
1.526603066182227 -1.040898332644646 2.249865950821462
1.505461145569639 -1.070943141269845 2.186304409233678
1.484163619929947 -1.100080671259553 2.122376276401777
1.462734809482293 -1.12832534550046 2.058088789892787
1.441200334299354 -1.155688168488095 1.993454161064761
1.419584252213909 -1.182181198079302 1.928480247014178
1.397910805454499 -1.207815672135732 1.86317540065649
1.376204648155045 -1.232602253153014 1.797548869649359
1.354489022081838 -1.256553208016858 1.731605500029396
1.332789227120968 -1.27967876964522 1.665356276492429
1.311127569751036 -1.301992816157557 1.598803085579742
1.289529730028047 -1.323506093071169 1.531958650375751
1.26801689776566 -1.344234169569283 1.464822807861419
1.246614405804693 -1.364188980106337 1.397409400941416
1.225342286173716 -1.383387700154574 1.329717340081094
1.204224795376447 -1.401843995987694 1.261760659126262
1.183280709407721 -1.419576065834468 1.193538801734668
1.162532337324899 -1.436599684660747 1.125064396985354
1.141997592980296 -1.45293388229671 1.05633908530501
1.121695896566002 -1.468596333046021 0.987372486156573
1.101644570272641 -1.483606309051192 0.9181702699323155
1.081859527457405 -1.497983699543604 0.8487367259912535
1.06235798163922 -1.511747239355573 0.7790840931688275
1.043152578701826 -1.524918512918492 0.7092119101803875
1.024258305161272 -1.537517035546381 0.639131551431398
1.005687455029032 -1.549563761026852 0.5688480413615471
0.9874509002365228 -1.561080071550609 0.498364244275078
0.96956116294447 -1.572085726125092 0.4276928779591455
0.9520271081384845 -1.582602402422643 0.3568354413302954
0.9348575727204755 -1.592651087891182 0.2857962446657522
0.9180623164570618 -1.602251842123414 0.2145862238020246
0.9016486539239892 -1.611425592635426 0.1432089413188142
0.8856231592343051 -1.620192958332107 0.07166723290156579
1.569404344225615 -0.9398899764712891 2.438083564111155
1.549175711144556 -0.9718253993228192 2.375448691387963
1.528756097930045 -1.002849358554001 2.312427331266149
1.508168313313125 -1.032980058811577 2.249034180764883
1.487432793034802 -1.062234375463813 2.18528085512595
1.466570372777847 -1.090625218174343 2.121182189465435
1.445599129060345 -1.118166718539622 2.056745315853622
1.424538902125802 -1.144869090409098 1.991982151539089
1.40340839447527 -1.170743113841821 1.926899935890712
1.382227018480731 -1.195798365780065 1.861506329767199
1.361015107835316 -1.220043618651643 1.795809748168373
1.339792074951325 -1.24348903502097 1.729814064931667
1.318579915758045 -1.266142668788834 1.663529409846472
1.297398019152349 -1.288016157054607 1.596956521257838
1.276269599677241 -1.309118055078467 1.530107196293264
1.255213703119 -1.329461662466397 1.462980168849153
1.234254018687992 -1.349057040101813 1.395588320950944
1.213409143273661 -1.367919372979022 1.327929516684279
1.192702067236255 -1.386060480634139 1.260016848615736
1.172150807354191 -1.403497150967802 1.191848741895167
1.151776841497364 -1.420243571155345 1.123437001489878
1.131597591437127 -1.43631755044394 1.054782363680335
1.111632122161684 -1.451735793289946 0.9858936004286556
1.0918974787701 -1.466516591120571 0.9167756495359686
1.072409464694362 -1.480679219516356 0.8474319685361029
1.053185231095767 -1.49424188001151 0.7778741174281298
1.034237500461889 -1.507225844382484 0.7081008993353499
1.015581366048607 -1.519650404605146 0.6381231271173265
0.9972292675714387 -1.53153649922005 0.5679450549179998
0.9791923741664509 -1.542905650986126 0.4975690400173655
0.9614834551043405 -1.553777862271749 0.4270071426159053
0.9441117578087139 -1.564175200976187 0.35626032459773
0.927086562177091 -1.574119172871384 0.2853324273348457
0.9104180261328463 -1.583630428577494 0.2142336775938003
0.894114004793712 -1.592730551397189 0.1429672010034164
0.8781817079429218 -1.601440996299005 0.07153540461630026
1.543829509543749 -0.9320122085576162 2.437984396758768
1.5239875783033 -0.9627869376814235 2.375026020803018
1.504013427943018 -0.9927042408398499 2.311708174470262
1.483920778755659 -1.021784213064969 2.248045989883152
1.463721488600833 -1.050044523797078 2.184051156694287
1.44342814359432 -1.077497884431811 2.119738393267577
1.423051319673853 -1.104157542451751 2.055114250627851
1.402603768919316 -1.130032171086892 1.990189932932728
1.38209791969388 -1.155130592328471 1.924971774244113
1.361547450940826 -1.179460043657344 1.859466401701231
1.340967612331177 -1.203026718939967 1.793681184949213
1.320373328007923 -1.22583805473038 1.72761876926654
1.299782576122762 -1.247899356221899 1.661288005755582
1.279211463289921 -1.269219455415698 1.594688484269402
1.25868004265586 -1.289804091948951 1.527830664857183
1.23820523574436 -1.309664194515239 1.460712109857285
1.217808261080103 -1.328807030386217 1.393344436025793
1.197506124928299 -1.347245513735637 1.3257242727214
1.177320388357046 -1.364989379441107 1.257863609618093
1.157267984050434 -1.382053464812723 1.18975968475291
1.137369395256567 -1.398450135954217 1.121423240122572
1.117641475912546 -1.414195777966058 1.052853947250099
1.09810273697102 -1.429305715897798 0.9840595870818364
1.078769946983449 -1.443797227900476 0.9150441248897021
1.059658736391894 -1.457688734555719 0.845810059215524
1.040786167676571 -1.470997759792423 0.7763681158046359
1.022165056099206 -1.483745135183227 0.7067162233184782
1.003810633769358 -1.495949953719932 0.6368643622410928
0.9857355862608611 -1.507633074640627 0.5668160232453218
0.9679514025250202 -1.518816111886512 0.4965727985405
0.9504712683369585 -1.529519434140004 0.4261460471997958
0.933304894326912 -1.539765524857961 0.3555359711325121
0.9164620885999187 -1.549576431508615 0.284745716283151
0.899953674108191 -1.558973589853056 0.2137849338375414
0.8837881512054351 -1.567979358637995 0.1426559810864483
0.8679735389023634 -1.576616185880491 0.07136064511910678
0.3953901061481309 0.3071208261055673 1.70237170640589
0.3964884670585883 0.3071823732625636 1.701796896172254
0.3980029885953523 0.3072667351424323 1.701005074859665
0.4000899261972691 0.3073820353066339 1.699915472352703
0.4029630353644106 0.3075390195140955 1.698418229907581
0.406913545784596 0.3077516374586939 1.696364934146166
0.4123362254022103 0.3080375888388301 1.693556813633751
0.4197623511504835 0.3084186378350929 1.689730967439614
0.4298997140195073 0.3089204149007307 1.684546026863748
0.4436784516771108 0.3095714643531895 1.677570504739978
0.462297357121084 0.3104016553857468 1.668281067481605
0.4872598691576741 0.3114410784180458 1.656083672693603
0.5203790311896704 0.3127227256126123 1.64037828104967
0.5637171181472342 0.3142948909845161 1.620694016204652
0.6194102751219028 0.3162492185930703 1.596916044675884
0.6893215904682707 0.3187616479673197 1.569587908446328
0.7744877428002708 0.3221215342446475 1.540188194423205
0.8746888028366496 0.3281755208511564 1.511771209353745
0.9870702762526473 0.337794189170582 1.488018048852563
1.106024188440197 0.3510559545124487 1.472443626201597
1.22594501794709 0.3673956086694561 1.465565387049643
1.339568180691322 0.3860588626431144 1.467130983082084
1.441548683802099 0.4056166142036096 1.47561962755105
1.528424526994181 0.4259447066861014 1.488672468098934
1.599909951998953 0.4444112271873991 1.502575627592863
1.656914466778123 0.460173430999049 1.515787908861758
1.701242186525673 0.4731139581770473 1.527463697241952
1.735059369636116 0.4834129141644196 1.537246348912752
1.760493611940213 0.4914140230249421 1.545127327798259
1.779423905512754 0.4975166366239428 1.551295644199811
1.793406413688412 0.502107356050268 1.556022335928771
1.803677259083804 0.505525432483856 1.559588636140958
1.811191584335714 0.5080512046852868 1.562249224305188
1.816673226649564 0.5099072483670403 1.564217824203397
1.820663698427618 0.5112656235040811 1.565665743890195
1.823564221914412 0.5122568216584895 1.566726084134697
1.82567016674984 0.5129785274497983 1.567500132825895
1.827198030903701 0.5135032022161686 1.568063918884666
1.828305836740351 0.5138841957626339 1.568473864994355
0.3948015163028759 0.3078766337567265 1.701388086627332
0.3959007108123296 0.3079384514364411 1.700814776554799
0.397416395977961 0.3080231814978376 1.700025001801146
0.3995049536109664 0.3081389794001599 1.698938182907923
0.4023803080969367 0.3082966295490482 1.697444713080394
0.4063339127372289 0.3085101264556838 1.695396503085973
0.411760823676586 0.3087972156331659 1.692595188029576
0.4191926738594879 0.3091796967071272 1.688778355634158
0.4293376701546163 0.3096832034145623 1.683605181869592
0.4431263851976413 0.3103362159899469 1.676644706943807
0.4617579782386671 0.3111684233897478 1.667373948671639
0.4867360285344431 0.3122095752119564 1.655198750008267
0.5198732741954496 0.3134921738987871 1.6395180358511
0.5632310416710812 0.3150640474075149 1.619858399713937
0.6189439887602429 0.3170168821123218 1.596100530642262
0.688874016254033 0.3195280687287508 1.568781824698167
0.7740588667186787 0.3228909696575374 1.539374975023084
0.8745191748838063 0.3289327884580178 1.510849874877243
0.9871335722784231 0.3385297122970705 1.486993050606167
1.10542016472729 0.3516754542249821 1.471402226699565
1.225447099118076 0.3679790547227237 1.464405807160995
1.339167484417865 0.386610969703738 1.465881201912902
1.441230590447493 0.4061419963710995 1.474305217245248
1.52817021313988 0.4264017272795215 1.487308765336138
1.599722550945353 0.4448285238029641 1.501202381520544
1.656769028566728 0.4605552876839392 1.514416900189412
1.701123144694911 0.4734650872804773 1.526099100558965
1.734957276973108 0.4837383004504441 1.535888669423557
1.760402680948279 0.4917185201952264 1.543775648986945
1.779340483031624 0.4978046289029689 1.549948702657915
1.793328112527747 0.5023825778174232 1.554678956682501
1.803602478272012 0.5057909308110987 1.558247864778026
1.811119228257629 0.5083093874791939 1.560910332056487
1.816602539990691 0.5101599761492446 1.562880273646917
1.820594158077943 0.5115143100343781 1.564329145801263
1.823495465456114 0.5125025285423451 1.565390159445275
1.825601945583555 0.5132220456446938 1.566164683801133
1.827130171960921 0.5137451162410833 1.566728804560804
1.828238221778078 0.5141249363005467 1.56713898620825
0.3939083369068846 0.3090178805857964 1.69990006192255
0.3950087918017141 0.3090801067952033 1.699329033700681
0.3965262367469903 0.3091653927955109 1.69854237214108
0.3986172450107945 0.3092819421097828 1.697459788025524
0.4014959969914424 0.3094405972806096 1.695972058203462
0.4054542852490513 0.30965542004132 1.693931587238795
0.4108876036874205 0.3099442241863667 1.691140629942144
0.4183281269524303 0.310328861123654 1.687337519654637
0.4284846964976225 0.3108349662771385 1.682182264932753
0.4422885521682079 0.3114909171484155 1.675244715245869
0.4609394222873772 0.3123261200587159 1.666002434903664
0.4859411219227551 0.313369792458757 1.653861112109808
0.5191059610644618 0.3146536699738555 1.638218126926473
0.5624938744784649 0.3162248380452577 1.618596268775149
0.6182373133451765 0.3181749995598996 1.594869473669562
0.6881963984565244 0.3206836925987353 1.567565850880472
0.7734104178958614 0.3240503156838861 1.53814917347742
0.8742404458897618 0.3300722764983147 1.509468161943015
0.9871847200760899 0.3396334364312675 1.485458427914863
1.104515066894726 0.3526088427094793 1.469838973099647
1.224698085245876 0.3688566760842021 1.462666058987019
1.338562647392807 0.3874401326691446 1.464006989108474
1.440749157320184 0.4069299433335909 1.47233500379206
1.527785692052005 0.4270875055441751 1.485265516519128
1.599438522379804 0.4454537768730227 1.499145452066019
1.656548506803148 0.4611269051525855 1.51236417513101
1.70094285214785 0.473990399044481 1.524056809564731
1.734802960512613 0.484224919733482 1.533857441591072
1.760265537187965 0.4921737925945097 1.541753963242802
1.779214918946837 0.4982351582640274 1.54793453310899
1.793210457330432 0.5027939746489377 1.552670435163307
1.803490263895353 0.506187766195096 1.556243478466128
1.81101076361578 0.5086952703949944 1.558908927091216
1.816496658552635 0.5105376935731057 1.560880999208868
1.820490051683289 0.511885978938445 1.562331385440119
1.823392574038889 0.5128697381970315 1.563393470871548
1.825499884744394 0.5135859799571292 1.564168753270578
1.827028673997874 0.5141066500250784 1.564733408224755
1.828137103626257 0.5144847140849002 1.56514396637034
0.3925693698512809 0.3107160469038691 1.697679610983875
0.3936716970703732 0.3107788899727575 1.697112004066339
0.3951917573231183 0.3108650154302911 1.696330010666603
0.3972864093656244 0.3109826993691678 1.695253777124032
0.4001702157389782 0.3111428721037237 1.693774656177555
0.4041354761632544 0.3113596967847672 1.691745793985558
0.4095783403010905 0.3116510900684638 1.688970376685589
0.4170317967146133 0.3120389809360153 1.685187859381585
0.4272056449417913 0.3125490058789879 1.680059505654477
0.4410321410026463 0.3132093838375342 1.673156389840773
0.4597118978893946 0.3140490867711669 1.663956914973248
0.4847491394018098 0.3150965126526574 1.651866568614483
0.5179556190513439 0.3163822076798305 1.636280462892581
0.5613892963882898 0.3179520784333795 1.616715752159673
0.6171794171403452 0.3198977577640831 1.593036333322529
0.6871834335605029 0.3224018909828171 1.565756479117976
0.7724426715623207 0.3257728376068257 1.5363266463681
0.8737773796555475 0.3317627807342517 1.507428308501904
0.9871690872802256 0.3412653917657535 1.483197333641299
1.103194857764366 0.3539991433263938 1.467524849111994
1.223599807055986 0.3701616440688032 1.460092804186659
1.337671512875337 0.3886708213556432 1.4612365188415
1.440036967979155 0.4080974918339372 1.469424074355031
1.527217023764666 0.4281048709378255 1.482247697263661
1.599016461934901 0.4463792538925797 1.49610774424805
1.656220016916508 0.4619717239741716 1.509333666954538
1.700674185686782 0.4747660196719319 1.521042827337563
1.734573220425916 0.4849429502599312 1.53086079942481
1.760061678547661 0.4928452845955767 1.53877222655192
1.7790285800056 0.4988699760262673 1.544964524010928
1.793036114329307 0.503400464574569 1.549709237665084
1.803324186939134 0.506772711852137 1.553288734999417
1.810850390367355 0.5092640194603746 1.555958840175191
1.816340218626184 0.5110943716411719 1.557934243042083
1.820336317285283 0.5124337177315932 1.559386998835477
1.823240693599883 0.5134108877299874 1.560450763649225
1.82534927324632 0.5141222902834676 1.561227235272997
1.826878923773078 0.5146394140123 1.561792729447463
1.82798793559813 0.5150148841073293 1.562203879904137
0.3905984464584625 0.3131884932602538 1.694433089142756
0.3917034827634719 0.313252266470243 1.693870503191981
0.3932273299311953 0.3133396580132319 1.693095361196124
0.3953272624500211 0.3134590537447373 1.692028449320117
0.3982184002885224 0.3136215170258639 1.690561966542253
0.4021937847771744 0.3138413651361616 1.688550149330384
0.4076505277042415 0.3141366719457611 1.685797554119886
0.4151228176072558 0.3145294869162938 1.682045288466058
0.4253218773623742 0.3150454535498972 1.67695646860448
0.4391814930691871 0.3157125588415909 1.670103984998798
0.4579036505826177 0.316559126701504 1.66096750255399
0.4829933008193565 0.3176123192393504 1.648952264139773
0.516261571661905 0.3189008650972082 1.633450128840289
0.5597637611996267 0.320468813179604 1.613970085235238
0.6156246037483463 0.3224075061444079 1.590361422109779
0.685697553573791 0.3249039368441007 1.563118223823628
0.7710261593253499 0.3282794831120618 1.533671470167697
0.873002128563064 0.3342187185779136 1.504485942027967
0.9869593777701078 0.3436264656646291 1.479944182876544
1.101345912120488 0.3560348740075777 1.464168621092108
1.222050073268941 0.37206898693318 1.456365669352698
1.336405207536009 0.3904658948953802 1.457227048302052
1.439018629741188 0.4097969260337338 1.465213640848241
1.526403316731485 0.4295889071096964 1.477883687894559
1.598407438659701 0.4477246968982095 1.491714113955114
1.655743438435973 0.4631970862407322 1.504951257330739
1.700283387049517 0.4758892825179561 1.516685658678324
1.734238856353545 0.4859817395256527 1.52653004822658
1.759765157064675 0.4938160717130113 1.534464173029627
1.778757830808092 0.4997873096204872 1.540674333495957
1.792783085232661 0.5042765795240272 1.545432476860207
1.803083403102239 0.5076175149671757 1.549021818731525
1.810618073435903 0.5100853020396836 1.551699033451404
1.816113750054765 0.5118981350302868 1.553679526914483
1.820113877274822 0.513224512668337 1.555135908263822
1.823021018024948 0.5141921264990648 1.556202245657413
1.825131492426607 0.5148965126207652 1.556980541140797
1.826662431072465 0.5154084954629436 1.55754732407905
1.827772315195929 0.5157802058496361 1.557959385316816
0.3877741725883647 0.3166763188166977 1.689825098959388
0.3888829806131565 0.3167414868240933 1.689269655065182
0.3904121064439674 0.316830777902335 1.688504259769966
0.3925194093579586 0.3169527436711141 1.687450610333719
0.3954207955098125 0.3171186494195514 1.686002111196001
0.399410356195505 0.3173430479059012 1.684014552876633
0.4048865724238669 0.3176442566452313 1.681294446598721
0.4123853530440996 0.3180445195116792 1.677585260323976
0.4226199847567817 0.3185695132288759 1.672552762827602
0.4365265157198244 0.3192469113977499 1.665772457317832
0.4553090464623126 0.3201041120970387 1.656725852347114
0.4804738344065121 0.3211664709567086 1.644817919883059
0.513831518761799 0.3224600037430831 1.629436006020929
0.557434095078648 0.3240258752093835 1.610077636493912
0.6134002372075983 0.3259546541903918 1.586571492975228
0.68357743570359 0.3284391209230267 1.559383085569578
0.7690106060087081 0.3318189776519189 1.52991574052098
0.8717060649477052 0.337680039763995 1.500381801908935
0.9862959900260875 0.3469372349896233 1.47542275561318
1.098909792639717 0.3589414430130055 1.459441822242248
1.21998453964642 0.3747873453177629 1.451127407320751
1.334699093434753 0.3930183201540194 1.45159864589448
1.437633102597199 0.4122071873669291 1.459306910793889
1.525293829750724 0.4317010769234075 1.471762332204789
1.597565272705298 0.4496303418062657 1.485547278279223
1.655077865770169 0.4649268115483855 1.498799960445149
1.699734409281271 0.4774712432205396 1.510571029212035
1.733767853595094 0.4874424474857137 1.520454081056883
1.759347113105767 0.4951797036320963 1.528421531362627
1.778376190823338 0.5010749142805401 1.534657971931586
1.792426639029361 0.5055057054027681 1.539435903857507
1.802744446016934 0.5088022945780514 1.543039770963144
1.810291248528167 0.5112368112324567 1.545727488562241
1.815795325850775 0.5130248851039136 1.547715511227112
1.819801251376093 0.5143329472083413 1.549177261159693
1.82271237804611 0.5152870715875516 1.550247412410843
1.824825588876963 0.515981557210946 1.551028414825686
1.826358391071163 0.5164862883631076 1.551597112871548
1.827469539470245 0.5168526967334933 1.552010529163961
0.3838796455258672 0.3213829188511019 1.683552807004707
0.3849934252988889 0.3214501473062065 1.683007084281634
0.3865295223878231 0.321542246751523 1.682254956795454
0.3886465792529528 0.3216680164831126 1.681219363385849
0.3915615591459792 0.32183902585045 1.679795351898173
0.395569973196878 0.322070185984432 1.677840832881374
0.4010721680479937 0.3223801935357237 1.675164986801669
0.4086064215198084 0.3227916134090642 1.671514509466303
0.4188889080213631 0.3233302282638988 1.666558806273645
0.4328589247533016 0.3240233375314578 1.659876981156285
0.4517237700629791 0.3248970968488376 1.650953125106752
0.476992013203162 0.3259743393567499 1.639191955352306
0.5104744067964455 0.327277175271693 1.623974839998493
0.5542193716014941 0.3288424118312089 1.604783913011782
0.6103379695653864 0.330758906237979 1.581420025444181
0.6806689168667376 0.3332266045734875 1.554309938058284
0.766255298160973 0.3366098724560778 1.524819328584633
0.8695782256120366 0.3423551547718419 1.494919541210389
0.9847219850283425 0.3513821556386168 1.469437334987955
1.095979980413129 0.3629435048880453 1.453050191425569
1.217452869599308 0.378524086899329 1.444067088493487
1.332571016085231 0.3965182115719017 1.444025739030498
1.43587735586969 0.415502128773317 1.45136592673276
1.523882063727302 0.4346037593936979 1.463533508805882
1.596468756067787 0.4522319113272698 1.477246939563181
1.654196852143995 0.4672771747970823 1.490517651681568
1.699000089299731 0.4796138600430843 1.502338428716873
1.73313414867439 0.4894164294294231 1.512274986897164
1.758783082339773 0.4970196684482091 1.520288927310432
1.77786073222352 0.5028104481583889 1.526562186147357
1.791945128411468 0.5071611922374486 1.531367917862588
1.802286663929169 0.5103972276718841 1.534992231370463
1.809850007073475 0.5127863942152356 1.537694757040658
1.815365578482067 0.5145407629789625 1.539693409726126
1.819379459217404 0.5158239158696887 1.541162748622399
1.822296066883669 0.5167597081993717 1.54223829743333
1.824413047836324 0.5174407469133312 1.543023134988843
1.825948422356771 0.5179356335265676 1.54359454941759
1.827061319111992 0.5182948470138716 1.544009889812652
0.3787856860134685 0.3273667489002988 1.675484502197837
0.3799055498284882 0.3274369253295351 1.674951247277714
0.3814502022794238 0.3275330472678271 1.674216138258495
0.3835792671717805 0.3276642737637394 1.673203708410398
0.3865110399007535 0.3278426201900416 1.671811117018772
0.3905428354023942 0.3280835305543922 1.669899000387984
0.3960773956849667 0.3284062808040888 1.667279974448208
0.403656084409741 0.3288339602547499 1.663704896079014
0.4139989175422417 0.3293926131640451 1.658847871664254
0.4280496587681874 0.3301091773850721 1.652292685445748
0.4470202702241091 0.3310082811544406 1.64352684172306
0.4724232235627509 0.3321094546288921 1.631954886494013
0.5060707785818915 0.3334294762306251 1.616950739295893
0.5500083649385904 0.3349988608080639 1.597977058278722
0.6063383442603972 0.3369031695901589 1.574799243191838
0.6768869159088693 0.3393503522907036 1.547794451147191
0.7626881567156737 0.3427360090725996 1.518279932301746
0.8662291177004408 0.34831930220103 1.488091152960379
0.9815780305434301 0.3570147350424604 1.462017330074364
1.094434516163197 0.3683389795735603 1.444682475305886
1.214707029148845 0.3834102661836429 1.435065613188484
1.330191813542839 0.4010833539236428 1.434395831188081
1.433861644623615 0.4197854223464097 1.441279063307758
1.5222499579253 0.4384048659451585 1.453082948286625
1.595152902733747 0.4556099282476906 1.466684093156902
1.653111532128904 0.4703104115117395 1.479969708127417
1.698080158169242 0.4823671454826401 1.491851866209355
1.732332373460317 0.4919454543473282 1.501857120074714
1.758065610836115 0.4993721088579927 1.509931593925316
1.777203281415781 0.5050261684917603 1.516253131483022
1.791330239634029 0.5092725865109766 1.5210954689188
1.80170182251475 0.5124299538018751 1.524746780404891
1.809286256709671 0.5147603405160889 1.527468898728072
1.814816556986176 0.5164710977857909 1.529481638346591
1.818840669157324 0.5177220621123544 1.530961047424099
1.821764346134158 0.5186341889938499 1.532043766881807
1.823886200866923 0.5192978823299493 1.532833704638638
1.825424907454379 0.5197800787305316 1.533408735167243
1.826540073136851 0.5201300227072867 1.533826639402488
0.3725663778228749 0.3344218838938663 1.665828559692459
0.3736930086286868 0.3344960486514754 1.665310130606688
0.3752472173084819 0.3345976197589279 1.664595261152935
0.3773897570148672 0.3347362515363749 1.663610383130742
0.3803404682425744 0.3349245800398166 1.66225517123902
0.3843987811313814 0.3351788018563814 1.660393511484349
0.3899702860906469 0.3355190344821091 1.657842120119226
0.3976000847028844 0.3359691787841437 1.654356828703757
0.4080129682583907 0.3365558056715558 1.649617379842526
0.4221584674787941 0.3373056377571886 1.643213200727219
0.4412549514316029 0.3382416348693239 1.634635979256724
0.466820970559766 0.3393793560089258 1.623290246084473
0.500672665873574 0.3407288148656014 1.608541319574124
0.5448543468891781 0.3423120346697016 1.589828989074733
0.6014596285939857 0.3442090260229523 1.56687671799168
0.6722978164475683 0.3466354771875712 1.54000265427024
0.7583819122655382 0.3500235722118121 1.51046611242261
0.861316726200173 0.3553966917118486 1.480200789312427
0.9761712790853105 0.3636535546461729 1.453554011631836
1.092908475357194 0.3748577357747834 1.434732113338639
1.212223643228163 0.3893928430853202 1.424362826740016
1.327910760010381 0.406660895563647 1.422988793303002
1.431835415222156 0.4250006443233884 1.429349307859524
1.52059086906606 0.4430766670498145 1.440729640007516
1.593730885276504 0.4597202719602945 1.454161533378393
1.651890533191533 0.4739741074692729 1.467449185999413
1.697018972395383 0.4856752593775417 1.479398448340081
1.731393639005414 0.4949728942372281 1.489483861450345
1.75721845342979 0.5021808729077042 1.497630518246608
1.776423394351144 0.5076668905847965 1.504010222345358
1.790599056025438 0.5117857658386522 1.508896919742113
1.801005503520755 0.5148473271956542 1.512581067655975
1.808614642776876 0.5171063301827598 1.515327074764133
1.814162309774468 0.5187642354798094 1.517357021066172
1.81819854271327 0.5199762533933848 1.518848747523999
1.82113062358095 0.5208597821619477 1.519940247700122
1.823258287573271 0.5215025353875223 1.52073643668702
1.824800974283083 0.5219694243580328 1.521315903259927
1.825918855047267 0.5223081949197711 1.52173695512274
0.3941738432803456 0.3076149887011385 1.704125417396806
0.3935498786616661 0.3084128612840066 1.70325468850828
0.3926007415046341 0.3096201830792228 1.701944077795188
0.3911728188933571 0.3114222627864373 1.700003513245902
0.3890599208459907 0.3140579213955787 1.697199412299339
0.3860092417566419 0.3178000397710208 1.693288600402063
0.3817576825081512 0.3228948309372661 1.688099365347608
0.3761170339884997 0.3294479879187211 1.681659466337891
0.3691050666396431 0.3372854129382779 1.674314924161106
0.3937761830988346 0.3081238673392782 1.705486324334142
0.3931172930376706 0.3089640657337584 1.704737050311296
0.3921131987585902 0.3102373919425354 1.70361623552737
0.3905985264850824 0.3121422610087944 1.701972765068806
0.3883484371132794 0.3149372816795009 1.699633841004272
0.3850813914474781 0.3189236930064528 1.696448350604174
0.380493085099664 0.3243840504576941 1.692374589912176
0.3743448810387695 0.3314602691727464 1.687598295700625
0.3666119157883344 0.3399936811207044 1.682602309830246
0.3934044519335432 0.3085983428323433 1.706879212535867
0.3927083889240705 0.3094836365119503 1.706269170155891
0.3916463897116297 0.3108264876516257 1.705364584114999
0.3900416919396609 0.3128377831222544 1.704056455801918
0.3876523838896623 0.3157936498168731 1.702235595378145
0.3841727323562191 0.3200176740649753 1.699843037811545
0.3792680143870716 0.3258155509838167 1.696959547003418
0.3726705362593604 0.333341673668566 1.693906902430141
0.3643462355303981 0.3424205318826949 1.691265278116561
0.3930687555048749 0.3090258135590762 1.708316130651391
0.3923334297873888 0.3099588357689841 1.707873765456114
0.3912112417801677 0.3113739942654479 1.70722714035429
0.3895151721707278 0.3134931110069378 1.706313539616277
0.386989414402429 0.3166057376935313 1.705090154826763
0.3833115902591417 0.3210486330340122 1.703587473119371
0.3781321197252028 0.3271331533674398 1.701993390800546
0.3711812915262611 0.334999177343612 1.700729634991844
0.3624524435821591 0.3444244853974842 1.700416484138653
0.3927879393885477 0.3093826670498828 1.709807741571531
0.3920148347910509 0.3103616749918473 1.709569840491527
0.3908358962384869 0.3118449970922393 1.709234688382434
0.3890563221139918 0.3140623795094438 1.708790498349075
0.3864117013463015 0.3173105687849944 1.708262934717737
0.3825735581590038 0.3219277443737327 1.707765922417709
0.377196296963013 0.3282117510958292 1.707571496436823
0.370036344868809 0.3362634435619368 1.708153070435081
0.3611451427983615 0.345795005506371 1.710101316673551
0.3925979347120263 0.30962374208037 1.711366029191088
0.3917966646924971 0.3106370446933769 1.711380987470706
0.3905769103016777 0.312169308451672 1.711426981928124
0.3887407125533884 0.3144529510172927 1.711548088813082
0.3860231627032284 0.3177831302265696 1.711838808939345
0.3821031550387187 0.3224859359870705 1.712484481804877
0.3766588824151423 0.3288283538531554 1.713805584098172
0.3694954219022706 0.3368577343527429 1.716259786912854
0.3607345596298975 0.3462233058137824 1.720319704185588
0.3925756814033142 0.3096519568333511 1.712993725276103
0.3917753177192914 0.3106639670543533 1.713327205031592
0.3905595762824018 0.312190995024057 1.713847847434279
0.3887353807300938 0.3144595423399154 1.714660608738914
0.386048457139626 0.3177524016276106 1.715925901820242
0.3821985309501887 0.3223728942382061 1.717878203281077
0.3768988926463099 0.3285532296629959 1.720829758396432
0.3700009534764468 0.3363023854011747 1.725123768345896
0.3616636942049724 0.3452526209806556 1.730995260423968
1.828616915048851 0.5159070530610765 1.569973898283507
1.828514549739636 0.516269746151561 1.568738182227928
1.828359179045146 0.5168197188597795 1.566892521300729
1.828125109591775 0.5176470738650032 1.564177588506861
1.827776560689041 0.5188764338420853 1.560272430111033
1.827266788544718 0.520668793843468 1.554833331596273
1.82654133616863 0.5232080433902507 1.547589824716674
1.825549761124427 0.52665736400385 1.538502042620723
1.824269058636161 0.5310765586087152 1.527923165188995
1.828131019213243 0.5176262029604862 1.571221761077268
1.827993361110887 0.5181121318165243 1.570089368477679
1.827782957188905 0.5188539012195241 1.568399389466859
1.827462962617561 0.5199798358224913 1.565919009209916
1.826980335536638 0.5216730422049528 1.562367015883177
1.826262468768315 0.5241806030073984 1.557458046981809
1.825218886052594 0.5278029247719915 1.551002643883375
1.823756076581357 0.5328355117046107 1.54305966157671
1.821814438244057 0.5394368007528137 1.534071236886003
1.827651320058699 0.5193173997553276 1.572524447041978
1.827475652657354 0.519935234760559 1.571506559468514
1.827206119134405 0.5208816637190513 1.569989594503519
1.826794276477067 0.5223242104589539 1.567770256520549
1.826169617943483 0.5245039903576445 1.564611005731395
1.825234427719222 0.5277491764744164 1.560289166975704
1.823865374888803 0.5324612696550487 1.554699315625272
1.821933525096526 0.5390344511534361 1.547997354558835
1.819355928029953 0.5476713581548792 1.540704145007755
1.827180208754984 0.5209725464312203 1.573903515653032
1.82696179305154 0.5217379765081707 1.573021666403865
1.826626275376304 0.5229114260616532 1.571710266308146
1.826113225660308 0.5247002920424619 1.569800133890224
1.825335014525468 0.5274011700292776 1.567102584165109
1.824171130717356 0.5314128294069527 1.563461739452586
1.822471760245196 0.5372118692934089 1.558855653496811
1.820085301830172 0.5452425180254317 1.553526757086321
1.816924720545223 0.5556837853245354 1.548050452457197
1.826724572095632 0.5225679353949755 1.57538893395053
1.82645885756637 0.5234958939841741 1.574674245794318
1.82605096436675 0.524916931462686 1.573615232026602
1.825428477974589 0.5270775855605289 1.572083069564239
1.824487829572688 0.5303244941939619 1.569944561394099
1.823089647560951 0.5351112467114006 1.567114949620929
1.82106668859999 0.541955740879644 1.563652438894591
1.818260914391583 0.5512958884272817 1.559867930516216
1.814603189629507 0.5632185841992084 1.556355101071594
1.826299869159449 0.5240502812794954 1.577032576018984
1.825984039909817 0.5251496885608569 1.576532320536562
1.825500267681921 0.5268288926152175 1.575796269022833
1.82476504528943 0.5293698507572985 1.574744512435046
1.823661628057248 0.5331586778366519 1.573307416867283
1.822038323916976 0.5386801050519303 1.571474103415454
1.819723173405294 0.5464498893519031 1.569371757503172
1.81657155552666 0.5568372231203566 1.567344787000188
1.812554768061172 0.5697763790994238 1.565944699963223
1.825948643525767 0.5252727487766241 1.578936520233029
1.825586409298384 0.5265303140237736 1.578731667078999
1.825033426537676 0.5284438488818728 1.578437855130122
1.824197992491079 0.5313206128059205 1.578036042115117
1.822955861710837 0.5355668358431454 1.57752818990457
1.821153283390948 0.5416646820638309 1.576970922610756
1.818629664269108 0.5500782250201965 1.576523059845011
1.815273300075872 0.5610550377927225 1.576478974811065
1.811108853846679 0.5743558382389009 1.577224483249764
0.3953777570130428 0.3071371567510076 1.704280817345875
0.396476704538188 0.3071986579430317 1.703706486175195
0.3979920777434934 0.3072826940678345 1.702914745028386
0.4000801457251429 0.3073976993244208 1.701825583172929
0.4029542758131985 0.3075541866526237 1.70032910771806
0.4069071691772516 0.3077663554346154 1.698276740575087
0.4123322390749925 0.3080515674132296 1.695470163338383
0.4197615765258721 0.3084316551750473 1.691646525778754
0.4299031369205139 0.3089322020146075 1.686464817183526
0.4436873025969638 0.3095817526654463 1.679494038092085
0.4623131154109128 0.310410255777648 1.670211586721583
0.4872843585653396 0.3114480647091396 1.658024406818399
0.5204142633984128 0.3127286408127185 1.642333498059371
0.5637650146467721 0.3143019393082317 1.622670969871845
0.6194719339219346 0.3162611849453185 1.598922782705448
0.6893953149255239 0.3187853622892584 1.571634263332672
0.7745668001121506 0.3221671544724695 1.542282686672142
0.8745952110764381 0.3282732542615074 1.513976332126918
0.9868044479000894 0.3379725255495187 1.490319085030401
1.106181838373062 0.351402165916913 1.474764507759357
1.225992733627461 0.3678724412347905 1.46795516736333
1.339506991200453 0.3866746358729049 1.46955123161403
1.441389875710758 0.4063714294926861 1.478038970077536
1.528183750641485 0.4268656774503394 1.491073075451153
1.599595769646549 0.4454603622646522 1.504923020868192
1.656554258521826 0.4613280957031557 1.518074478623243
1.700854124218141 0.4743535545682744 1.529692523920207
1.734654925689189 0.4847196213371249 1.539425532608601
1.760079746232641 0.4927727971336092 1.547266352649192
1.779004667325806 0.4989151834113664 1.553403346034827
1.792984193066165 0.5035359303782028 1.558106216604693
1.803253461534924 0.5069764621120321 1.561654710862841
1.810766961409759 0.5095188907910967 1.564302105003864
1.816248262063541 0.5113872402014371 1.566261042634057
1.820238599653622 0.5127546442861582 1.567701896860688
1.823139135852532 0.513752466330851 1.568757101268882
1.825245172237575 0.5144790184881639 1.569527434558029
1.826773129481929 0.5150072316035884 1.570088527941662
1.827881031844977 0.5153907944093704 1.570496523756455
0.3950032208781467 0.3076188605706649 1.705564793594798
0.3961033462634327 0.3076802971690027 1.704991752049134
0.3976202898540412 0.3077642957744706 1.70420188260143
0.3997104909902409 0.3078792126889003 1.703115260827789
0.4025870932074952 0.308035488180688 1.701622345409311
0.4065442811593056 0.3082475406509199 1.69957471481275
0.4119745707192582 0.3085324626005325 1.696774694600698
0.4194108263958667 0.3089121166488098 1.692959986972907
0.4295614963518016 0.309412021896426 1.687790328046599
0.4433574786610078 0.3100606402718352 1.680835636767221
0.461998324105217 0.3108878497505645 1.671574353006585
0.4869881721976052 0.3119240219339883 1.659414472382925
0.5201401639507667 0.3132027915232934 1.643757454614082
0.563515819183085 0.3147754490625718 1.624136758250062
0.619248349759583 0.3167370675579232 1.600436222594027
0.6891947297705601 0.319270927451057 1.573198611153462
0.774381964324456 0.3226760585922051 1.543895688465539
0.8744129464238504 0.3288266603575731 1.515631758147709
0.9866084074903049 0.3385937826666146 1.492005265796857
1.105956055293876 0.3521151872735319 1.476463423861312
1.225726305903099 0.3686944258315832 1.469646138698811
1.339194822229743 0.3876170549533918 1.471212739560268
1.44103343190032 0.4074373258444274 1.479655192084663
1.52778592230954 0.4280540033758965 1.492635400904148
1.599167726921007 0.4467522732733659 1.50642255679672
1.65610694166286 0.462703455845752 1.519511144658668
1.700395644997177 0.4757946590511563 1.531072338483667
1.734190680221751 0.4862116829075994 1.5407574102221
1.759612967849853 0.4943037745947128 1.548559630515733
1.778537156112584 0.5004755357355565 1.554666528751804
1.792516847267142 0.5051182549531267 1.559346460436581
1.802786681820817 0.5085750983391547 1.562877741280655
1.810300858871786 0.5111295659882141 1.565512358679683
1.815782815214354 0.5130067617612052 1.567461886246725
1.819773733929703 0.5143806494578763 1.568895851981215
1.822674754168833 0.5153832085191419 1.569946030848479
1.824781191779036 0.5161132173287448 1.570712710541221
1.826309462254358 0.5166439487958765 1.571271151813096
1.827417614627901 0.517029346030702 1.571677226788191
0.3946561942966469 0.3080641145969255 1.706869108116375
0.3957574873668925 0.3081254116032716 1.706297481020595
0.3972759815049487 0.3082092765518904 1.705509683099425
0.3993682910872762 0.3083239695922891 1.704425860918765
0.40224731066934 0.3084798736552337 1.702936895332429
0.406208764885841 0.3086915309614669 1.70089445437588
0.4116442055036701 0.3089758198875763 1.698101657262795
0.4190872823627594 0.309354577708561 1.694296784787527
0.4292469238414243 0.3098532237553084 1.689140398943492
0.4430545251722172 0.3105000966352912 1.682203435598233
0.4617101197368435 0.3113249617879346 1.672965492679384
0.4867181658644343 0.3123581771115237 1.660835745957645
0.5198916274357058 0.3136336084366458 1.645216315310235
0.5632914080885675 0.3152037539157702 1.62564183612971
0.6190484316340301 0.3171658792866571 1.6019942386452
0.6890163320424225 0.3197078018394688 1.574813427683875
0.7742174489243535 0.3231353561890239 1.545565204178666
0.8742490477725783 0.3293302672169556 1.517349317971325
0.9864288851655253 0.3391657402638737 1.493758283757776
1.10574510219325 0.3527801525135213 1.478232412786338
1.2254732985534 0.3694699141831239 1.471408930528006
1.338894933099007 0.3885146850929699 1.472946238901931
1.440688340459799 0.4084601792306866 1.481342258962821
1.527398757615743 0.4292008253717855 1.4942664793872
1.598749765230151 0.4480041818734805 1.507987961688686
1.655669227818779 0.4640401476948373 1.521010503459227
1.699946376214437 0.4771982528245653 1.532511807597695
1.733735333993657 0.4876671803772665 1.542146257425423
1.759154846115759 0.4957989403031254 1.549907637553689
1.778078115538577 0.5020006600208761 1.555982643923013
1.79205783204334 0.5066657939020832 1.560638235073933
1.802328127790015 0.5101392817364738 1.564151231876852
1.809842904188802 0.5127060359333322 1.566772266598573
1.815325458819718 0.5145922609550548 1.568711783771576
1.819316916560358 0.5159727664827173 1.570138417324238
1.822218390066217 0.5169801607073239 1.571183244459812
1.824325206295565 0.5177136983238659 1.571946031925401
1.825853773777937 0.5182469998393335 1.572501646493744
1.826962164166798 0.5186342697749531 1.572905673844699
0.3943467904043551 0.3084602494305534 1.708198597765009
0.3954492274574988 0.3085213155430065 1.707628564314743
0.3969692455040087 0.3086049131055703 1.706843075026605
0.3990636228060828 0.3087192036419196 1.705762384084565
0.4019449825494074 0.3088745179755301 1.704277852394164
0.405910643647976 0.3090854219708865 1.702241197484598
0.4113511241615322 0.3093686268767167 1.699456476612116
0.4188008664833023 0.3097458808997633 1.69566259943654
0.4289692608695138 0.3102424571458361 1.690521055091165
0.4427881732136293 0.310886518407308 1.683603923426049
0.4614580830442038 0.3117076636962867 1.674392110774189
0.4864837175004758 0.312736196286185 1.662296138536195
0.5196777611700899 0.3140062715808444 1.646719009008492
0.5631005359823138 0.3155714847087712 1.627196433479773
0.6188804845732193 0.3175316867862509 1.603608598631373
0.6888678738285352 0.3200795588749729 1.576492218832434
0.774080352402482 0.3235283280796524 1.54730656338665
0.8741099619273724 0.3297672623399104 1.519146082096025
0.9862717399261023 0.3396716735923596 1.495596721901662
1.105554326734004 0.3533806215894033 1.480091182952567
1.225238657955445 0.370182821694481 1.473263961530285
1.338611971990437 0.3893518248093513 1.474772404479517
1.44035903112288 0.4094246764361149 1.48312070876339
1.527026555086195 0.4302911534228501 1.495986414514322
1.598346076604494 0.4492014334203087 1.509638647910627
1.655245218643534 0.465323842233015 1.522591179106112
1.699510345797525 0.4785502948927775 1.534028777982697
1.733292855997016 0.4890723150733317 1.543609226426845
1.758709304055523 0.4972446909206188 1.551326941929611
1.777631433454097 0.5034771057499943 1.557367789022616
1.791611008706205 0.5081652138004287 1.561997270086659
1.801881640943226 0.5116557672432331 1.565490630647106
1.809396924203196 0.5142351214748354 1.568097064548781
1.814880008892198 0.5161306075743252 1.570025812954668
1.818871955717307 0.5175179008540457 1.571444553585744
1.821773845960538 0.5185302546631042 1.572483616845854
1.823881014018427 0.519267412415845 1.573242210494248
1.825409859165242 0.5198033499273733 1.573794778055772
1.826518473438144 0.5201925407558827 1.574196597372348
0.3940915989945295 0.3087863756952742 1.709558266279243
0.3951951431911742 0.3088470809573575 1.708990071805235
0.3967166411858364 0.3089302233277053 1.708207218164031
0.3988130210706706 0.3090438591556793 1.707130114513926
0.4016966059118169 0.3091982703942472 1.705650677727762
0.4056663720169567 0.3094079204109006 1.703620633813694
0.4111117169777743 0.3096894045283775 1.700845162964981
0.4185678804739369 0.3100642970540907 1.697063877945122
0.4287446873263187 0.3105576593715867 1.69193933515183
0.4425744354942723 0.3111974042544968 1.685044934631666
0.4612579984755128 0.3120128879917696 1.675863100747071
0.4863003022982311 0.3130343004160764 1.663805932988626
0.5195136184522817 0.3142961537435215 1.648277619071815
0.5629577203686121 0.3158530145507026 1.628814852598526
0.6187583294024649 0.317807823712579 1.605296289980271
0.6887623127317275 0.3203585802010055 1.578255032368577
0.7739826041734063 0.3238267079090285 1.549143057285998
0.8740066001170296 0.3301090301102506 1.521048487333922
0.9861469679114839 0.3400829028142474 1.497549815370718
1.105392933823508 0.3538881834950038 1.482071121167612
1.225030976699978 0.3708051486206729 1.475244064170813
1.338354082304915 0.3901009663953378 1.476724716221244
1.440053319742703 0.4103038506288231 1.485023955017845
1.526676941019991 0.431298482652857 1.497827995664391
1.597964127784554 0.450318033439393 1.511406301936254
1.654842242338414 0.4665290480836569 1.524283540848365
1.699094763607907 0.4798257530940483 1.535652302520341
1.732870359240685 0.4904024445643266 1.545174179228717
1.758283377473634 0.4986167008782861 1.552844397028384
1.777204085535906 0.5048807968427732 1.558848000718583
1.791183307106461 0.5095926300073663 1.563448961174717
1.801454116561567 0.5131008151155144 1.566920841575483
1.808969788413909 0.5156931911496956 1.569511285294042
1.814453315841074 0.5175982504073742 1.571428229543119
1.818445687793078 0.5189925603410144 1.572838311468639
1.821347947975278 0.5200100413763483 1.573871047876493
1.823455433538314 0.5207509422670782 1.574625035674118
1.824984531560148 0.5212896046588424 1.575174255244482
1.826093351604224 0.5216807813172606 1.575573647361496
0.3939212797999979 0.3090037896982672 1.710952188177436
0.3950258688693096 0.3090639340806813 1.710386191159463
0.3965487689594813 0.3091463357185641 1.709606454304528
0.3986470388311071 0.3092589314537527 1.708533607175508
0.4015326617646468 0.3094119530193222 1.707060228952427
0.4055063472493 0.3096195912611684 1.705038013641739
0.4109562571383228 0.3098983810721251 1.702273517001542
0.4184184272546949 0.3102696006008154 1.698507171464414
0.4286030731169748 0.3107579989910389 1.693402808533746
0.4424428642536329 0.3113911243941138 1.686535410949396
0.4611389880645312 0.3121979714547661 1.67738923600191
0.4861964651543791 0.3132085214602103 1.665378314893507
0.5194269678163445 0.3144577171234246 1.649908471258069
0.5628897520414764 0.3160009394420116 1.630517320295183
0.6187075048856024 0.3179448998411841 1.60708230168551
0.68872365646377 0.3204935773496826 1.580132352996813
0.7739464096441486 0.323977762502188 1.551111094793968
0.873959403117268 0.3303018208524338 1.523098816115755
0.9860734659199291 0.3403450695719066 1.499665218499966
1.105278527901197 0.3542483877063271 1.484224195977804
1.2248668924318 0.3712825626849219 1.477404315084186
1.338137237821373 0.3907080306056621 1.478859935291947
1.439786736336665 0.411043992132456 1.487109119689308
1.526365254998086 0.4321693674931139 1.499847629799093
1.59761909793717 0.4513009972640863 1.5133456843738
1.654475329610864 0.4676033342430919 1.526140243602388
1.69871452592023 0.4809727576480671 1.537432865126136
1.732482625596036 0.4916062035901956 1.546889600667148
1.75789175434407 0.4998640303539784 1.554506775767034
1.776810685062125 0.5061611365825158 1.560468655586275
1.790789282778257 0.510897713223445 1.565037583596844
1.801060066119807 0.5144243007609157 1.56848529213125
1.808575975169844 0.5170302745423244 1.571057714710045
1.814059833338606 0.518945333946369 1.57296133980792
1.818052548271535 0.5203469741942528 1.57436164181056
1.82095511822595 0.521369812381235 1.575387226696927
1.823062877126433 0.522114625174126 1.576136004870699
1.824592196120187 0.5226561344762897 1.576681435331896
1.825701198605512 0.5230493861461252 1.577078079001144
0.393899840655171 0.3090312842272984 1.71237128332016
0.3950053574882122 0.3090905230797748 1.711808047926197
0.3965295082211019 0.3091716971964292 1.711032189558841
0.3986294529843188 0.3092825927363455 1.709964656371131
0.4015167752346145 0.309433377529913 1.708498850992161
0.4054940114564606 0.3096377176639811 1.706486399667705
0.4109479214000586 0.3099121425171734 1.703735607964707
0.4184153213854047 0.3102774360164497 1.69998792522603
0.4286067405987287 0.3107578594180824 1.694908794074214
0.4424551169767085 0.3113803927436625 1.688075208464472
0.4611618192407154 0.312173451871397 1.678973781162143
0.4862317963826768 0.3131666208620317 1.667021076783683
0.519475846414872 0.3143953207957256 1.651625317459229
0.5629527420543375 0.3159154909216161 1.632325112715185
0.6187817103666262 0.3178385579428376 1.608997272365636
0.688802715542266 0.3203754738212722 1.582165901762796
0.7740192405378592 0.3238682110924893 1.553264742436603
0.8740126935510015 0.3302285578306701 1.525363865094922
0.9860929363593641 0.3403376879605489 1.502021946049692
1.105250766579307 0.354338033370776 1.486639912006123
1.22478473590262 0.3714893762999074 1.479842498830637
1.337999091254 0.3910450570475721 1.481281270154713
1.439596704578825 0.4115152084359125 1.489481975867615
1.526129222234021 0.4327719150901106 1.502151171464684
1.597348974488885 0.4520172851082338 1.515560551110947
1.654182641464897 0.4684131525592427 1.528261716789418
1.69840789462705 0.481857650141776 1.53946717845815
1.73216797256709 0.4925500178270686 1.548848634048534
1.757572779646807 0.5008532697631244 1.556404087238981
1.776489588586461 0.5071848965350271 1.562317164806637
1.790467296074458 0.5119473999892689 1.566848477289071
1.800737849674527 0.5154933002311743 1.570267715978567
1.808253842628738 0.5181135595640398 1.572818864560062
1.813737917183115 0.5200391330951326 1.574706738774666
1.817730890801664 0.5214484831411185 1.576095458472169
1.820633708512728 0.5224769577431542 1.577112564715744
1.822741694963555 0.5232258881817257 1.577855160862334
1.824271201910132 0.5237703931725092 1.578396091411414
1.825380362573423 0.5241658288799822 1.578789468795671
0.3618884670274093 0.3459401812800762 1.666359865150957
0.3630260365572175 0.346023786651906 1.665857552041566
0.3645956065603871 0.3461383006554019 1.665164682781107
0.3667597206994873 0.3462945979026025 1.664209719582484
0.3697406024155437 0.3465069141562004 1.662895069328074
0.3738410750797444 0.3467934685641251 1.661088081805285
0.3794711899412804 0.3471768304753383 1.658609852985826
0.3871820072561847 0.3476837049667814 1.655221489822253
0.3977060097326143 0.3483435053328898 1.650608561706715
0.4120022193331389 0.3491852372023128 1.644366117041645
0.4312998538297476 0.3502325549476489 1.635989500682298
0.4571285249745695 0.3514988140307034 1.624881527088199
0.4913126453260186 0.3529880156999167 1.610395308983774
0.5358976478520924 0.3547136006800253 1.59194089670236
0.5929653277801659 0.3567509429664318 1.569188537797559
0.6642957410041016 0.3593296311574021 1.542381415601245
0.7508543391220845 0.3629363259196084 1.512702972771288
0.8521474959426226 0.3683442382992021 1.482518958541729
0.9656209990813964 0.3764605963579556 1.455203104406076
1.086447147274847 0.3879605030559302 1.434332403204823
1.208084434517884 0.4028614097421403 1.422442793724896
1.323652155873154 0.4203348944761345 1.420039839502965
1.427549916315195 0.4389372489760695 1.425552626359817
1.516493989005971 0.4571139985899227 1.436211952235159
1.589598685757787 0.4736488886588071 1.449170645914815
1.647773736978537 0.4878553205855578 1.462238975461471
1.692931669000872 0.4995330346406695 1.474091738604857
1.727334974292032 0.508815307825049 1.484135352182184
1.753182645817881 0.516010521654837 1.492263035595191
1.772404053157693 0.5214850976604968 1.49863290101681
1.786590793034823 0.5255938401140444 1.50351343338633
1.797004245752391 0.5286467125691857 1.507193048113912
1.804617502994158 0.5308985157493901 1.509935416234949
1.810167362468569 0.5325506100084623 1.511962376419871
1.814204533605998 0.5337580111852217 1.513451628451618
1.817136843148475 0.5346379525670171 1.514541125682951
1.81926428732796 0.5352779335201564 1.515335694287334
1.820806552479748 0.5357426996503459 1.515913870160471
1.821923933552773 0.5360798715305573 1.516333910010399
0.3584612623304271 0.3494885228732632 1.677701782314155
0.359602952059935 0.349575900978195 1.677199199959048
0.3611782120518547 0.3496955916456261 1.676505942294143
0.3633501616940013 0.3498589726613211 1.67555042022172
0.3663418194735079 0.3500809439708257 1.674234954196961
0.3704570449058217 0.350380587507148 1.672426774933621
0.376107265048064 0.3507815673111627 1.669946784646695
0.3838452926165566 0.3513119260834184 1.666555791864702
0.3944057786804861 0.3520026357404212 1.661938884004265
0.4087502608490234 0.352884388311446 1.65569033617597
0.428110622134088 0.3539824871080067 1.647304229301256
0.4540187837321855 0.3553117063353218 1.636181328367283
0.4883002772779161 0.3568772089902798 1.621671463190447
0.5329992841379275 0.3586939141418238 1.603179602311942
0.5901928299826605 0.3608407599343004 1.580368604126125
0.6616523348901827 0.3635562525308531 1.553471957191614
0.7483319288455075 0.3673450400043179 1.523662431871271
0.8497264707365523 0.373008377472795 1.493297474308386
0.9632721052824654 0.3814855925517129 1.465749740149687
1.084133623197073 0.3934737274215508 1.444605956039232
1.205763821473811 0.4089858273170319 1.432421278448181
1.321280297138007 0.4271566646104488 1.42972348187125
1.425088329116666 0.4464842627500057 1.434960021187105
1.513917289807636 0.4653552226943552 1.44537331855293
1.586897510444083 0.482510386505097 1.45812163697545
1.644952440463813 0.4972417083524878 1.471016080882011
1.690003376141489 0.5093455378380937 1.482729177366326
1.724316676960799 0.5189631591750886 1.492663243306345
1.750091679029652 0.5264162986967609 1.500706634455625
1.769256135187796 0.5320859419171929 1.507012615733826
1.783399176482962 0.5363404091220911 1.511845289393189
1.793779614586962 0.5395011754382698 1.515489364809604
1.801368190833378 0.5418323452712939 1.518205514277857
1.806899761873241 0.5435425479357888 1.520213228895003
1.810923451018646 0.5447923463480436 1.521688401539915
1.813845863465087 0.545703145916991 1.522767626936996
1.815966067223305 0.5463655464666424 1.523554716643752
1.817503045070921 0.5468465809516749 1.524127454879421
1.818616573386422 0.5471955453806138 1.524543545659641
0.3554987355191601 0.3524999089469953 1.689323678443676
0.3566436968039914 0.3525905514761339 1.68882054375903
0.3582234796363773 0.3527147221343127 1.688126506681186
0.3604016612876859 0.3528842362276192 1.687169889270256
0.3634018983209316 0.3531145707623293 1.685852870851885
0.3675288765318387 0.3534255592312956 1.684042491740897
0.373195123420192 0.3538418231469683 1.681559366939294
0.3809548523148215 0.3543925796766925 1.678163882318525
0.3915444440360744 0.3551101837814212 1.673540491184149
0.4059274339293141 0.3560268486342411 1.667282511404863
0.42533780433802 0.3571694180237905 1.658882556555684
0.4513092449859142 0.358554104204326 1.64773915588618
0.4856680257164913 0.3601874602823081 1.63319875403453
0.5304570408631472 0.3620863892458274 1.614661352948771
0.5877490511997039 0.3643341743826378 1.591782948318282
0.6593079736386285 0.3671792036336806 1.564788525844725
0.7460782415666168 0.3711451032178479 1.534842227608261
0.8475449192255793 0.3770620797490687 1.504296017915955
0.9611358217700555 0.3859023669176304 1.476524492842533
1.082008812816778 0.3983855972536352 1.455126230222214
1.203610893370555 0.4145206342699659 1.442675675815738
1.319057547620849 0.4334048745763455 1.439720443558934
1.422759381791691 0.453476642628836 1.444722311341875
1.511458743746461 0.4730617273163317 1.454931051349764
1.584302005051895 0.4908563101483748 1.467507065368171
1.642226350837723 0.5061296701964745 1.48026044114511
1.687161769455456 0.5186741586889411 1.491860860072432
1.721378306449197 0.5286389604066061 1.501706814760866
1.7470753932742 0.5363593573704531 1.509682511871342
1.766178898342689 0.5422312577804307 1.515937223077862
1.780275232512671 0.5466368948757855 1.520731495482653
1.790620416162163 0.5499096279086618 1.52434705309022
1.798182657071769 0.5523231815236912 1.527042160184734
1.803694724756236 0.5540937128158693 1.529034424695404
1.807704043150563 0.5553875352037817 1.53049829129101
1.810615910632208 0.5563303796736448 1.531569265463948
1.812728402750651 0.557016063361547 1.532350345422218
1.814259750960215 0.5575139938693757 1.532918713218592
1.815369178578591 0.5578752050165213 1.533331628291877
0.3532162954906641 0.3547853143659518 1.701258100121678
0.3543630956812528 0.3548786430629978 1.700754122237172
0.3559454302768055 0.3550065043746013 1.7000589045366
0.3581271366132822 0.3551810793155026 1.699100640995481
0.3611322435958388 0.3554183303632328 1.697781314416948
0.3652659094526116 0.3557387296412503 1.695967701904743
0.3709412985594799 0.3561677253719255 1.693480035922854
0.378713431782625 0.3567355714497581 1.690078154962425
0.3893196846938216 0.3574758898040034 1.68544572557977
0.4037247263961701 0.3584223715544047 1.679174927850372
0.4231637047717595 0.3596035148576281 1.670756715942944
0.4491712110521501 0.3610373533069716 1.659587223598422
0.4835736978590519 0.3627325890173928 1.645009467009765
0.5284128708696598 0.3647092675666679 1.626418714463036
0.5857583315340807 0.3670564003023442 1.603464847870326
0.6573687660022501 0.3700334244029517 1.576365923662083
0.7441820834429964 0.3741833066268654 1.546280090466285
0.8456768694943879 0.3803643891315965 1.515557437590469
0.9592751151765457 0.3895800431433277 1.487578348333038
1.080128815654821 0.4025705711290352 1.465955923979068
1.201678808159593 0.4193394055585479 1.453283878638715
1.317037239134625 0.4389462443806108 1.450126389529417
1.420618650522545 0.4597699745450059 1.454954022736848
1.509177243865009 0.4800759338650177 1.465018051412141
1.581874678742229 0.4985158500843277 1.477476503025042
1.639661398692552 0.5143363792760762 1.490135918966853
1.684475755692448 0.5273258693005061 1.501662373792523
1.718591219730277 0.537641419274501 1.511450958370595
1.744207088657237 0.545631923991457 1.519382762951975
1.763247143639874 0.5517083045858296 1.525604293452692
1.777294900225112 0.5562668117883621 1.530373728103198
1.787603441218501 0.5596527934705073 1.533970838333159
1.79513832389052 0.5621496849060659 1.536652327037832
1.800630138058221 0.5639812498457197 1.538634585478668
1.804624537524044 0.565319614298186 1.54009112370044
1.807525460801195 0.5662948820086606 1.541156744771748
1.809629951058058 0.567004124403524 1.541933922260426
1.811155458958586 0.5675191511461746 1.542499450068174
1.812260633318419 0.567892753730828 1.542910299017427
0.3518736699496717 0.3561153271794402 1.713472749456639
0.3530202991200506 0.3562105507038502 1.712967653344689
0.3546024194675376 0.35634102330746 1.712270876001535
0.3567838509964966 0.3565191937936479 1.711310445973143
0.3597886209901657 0.3567613866149728 1.709988097780868
0.3639218624654676 0.3570885611021126 1.708170277142869
0.3695967242449092 0.3575268189189044 1.705676745115343
0.3773681983714348 0.3581072737430908 1.702266678149535
0.387973618318417 0.3588646752453565 1.697622817333236
0.4023775660668533 0.3598341682853825 1.691336046072892
0.4218150338131323 0.3610461192745537 1.682895501417263
0.4478202892639528 0.3625209961442672 1.671694817493354
0.4822191923257154 0.3642708096618467 1.657073634084373
0.5270524375882449 0.366320464466925 1.638422884238737
0.5843881265303972 0.3687666640652846 1.615387374337276
0.6559831159495766 0.3718813605853784 1.588180290873363
0.7427735693574486 0.3762268247087495 1.557957181502911
0.8442366484087741 0.3826873344142863 1.527070905422215
0.9577924189676656 0.3922934349195803 1.498912633071435
1.078588739167812 0.4058019416904351 1.47711351452888
1.200059760141719 0.4232083661205899 1.464286523008707
1.315312247085298 0.443534755667387 1.461007984029169
1.418762124357511 0.4651025515057728 1.46574966600225
1.507173159331175 0.4861192264923733 1.475756208578983
1.579720615866617 0.5051941582725035 1.488176900711475
1.637367112060391 0.5215526175423615 1.500811115278568
1.682058723934737 0.534979440579118 1.512320196696738
1.716071984382127 0.5456396706626486 1.522096413496908
1.741605853985863 0.5538956250153485 1.530019212030052
1.760581907990063 0.5601729797086239 1.536234102807084
1.774580694157629 0.5648817506416725 1.540998615871354
1.784852310251762 0.5683790602767174 1.544592074475077
1.79235963192709 0.5709578796925225 1.547270856796632
1.797831046199042 0.5728494489144496 1.549251113756663
1.801810420997603 0.5742316056800676 1.550706173240218
1.804700323855941 0.5752387509901976 1.551770703926955
1.806796757217559 0.5759711558196142 1.552547078868076
1.808316385184865 0.5765029908436644 1.553112018024819
1.809417277738462 0.5768887759656701 1.553522433523089
0.3517881579280283 0.3561981662776564 1.725826204204005
0.3529320146449774 0.3562941420353203 1.725319762425699
0.3545103399056533 0.3564256661314034 1.724621112233944
0.3566865770534218 0.356605311766676 1.72365808577901
0.3596842661750885 0.3568495836167912 1.722332127018119
0.3638078687568573 0.3571797028838639 1.720509294639412
0.3694696695910045 0.35762216174425 1.718008806302595
0.3772235417768521 0.3582086555785604 1.714589085127182
0.3878054225887624 0.3589748200125853 1.709931838889037
0.4021782069682378 0.3599571495502 1.703626537650129
0.4215749919959313 0.3611880750417858 1.69516040176092
0.4475280990010454 0.362691210364634 1.683924543637934
0.4818617550703391 0.3644833025989273 1.669255401805259
0.5266158653425589 0.3665962729567235 1.650540169193214
0.5838592484893836 0.3691369761410206 1.627419948709284
0.6553515498447618 0.3723915810652771 1.600105688794232
0.7420337856919004 0.3769411411124969 1.569754670120503
0.843388834736877 0.3836920980278871 1.538728554093978
0.9568405540356318 0.3936956799031517 1.510435989883161
1.077535444265171 0.407718451679305 1.488531168916079
1.198900473872958 0.4257441452900307 1.475646732368751
1.314034054029107 0.4467579720955481 1.47236548976836
1.417349392313477 0.4690285888725562 1.477150063656793
1.505615839737706 0.4907116059213544 1.487226962715966
1.578019142547531 0.5103791059646233 1.49972745589246
1.635532033881147 0.5272380709402915 1.512438258469189
1.680107165940597 0.5410710697258002 1.524014103353848
1.714023621350558 0.5520510701144793 1.53384509762684
1.739479888871036 0.5605531203433355 1.541811088127679
1.758395395536551 0.5670167150766964 1.548059136646959
1.772347858755431 0.5718646924528505 1.552848640762672
1.782584545327317 0.5754651179064364 1.556460696946662
1.79006579337767 0.5781198079689082 1.55915319634028
1.795517906491285 0.580066939552842 1.561143507463604
1.799483063635578 0.5814896431937084 1.562605902288473
1.802362536498018 0.5825263008811767 1.563675767724127
1.804451343462609 0.5832801482962773 1.564456013785268
1.805965404966321 0.5838275419709619 1.565023758976906
1.80706224335476 0.5842246034939862 1.565436203440515
0.3532862555717925 0.3547107328254722 1.737990533170931
0.3544242780087448 0.3548058540771583 1.737482527245249
0.3559945926591628 0.3549362329051114 1.7367817033028
0.3581598427328133 0.3551143609565196 1.735815666773688
0.3611425076687981 0.355356659187204 1.734485530189565
0.3652456137144136 0.3556842777933349 1.732656910868489
0.3708795774596044 0.3561236994604465 1.730148412232717
0.3785958597615707 0.3567067551644229 1.726717613979921
0.3891273910428787 0.3574695278540546 1.722045082414181
0.4034334682979362 0.3584495458002026 1.715718755751047
0.4227432038721452 0.3596813012420346 1.707223834314318
0.4485850064972633 0.3611921217046951 1.695948882919748
0.4827801873908864 0.3630048773137105 1.681227321557012
0.5273680993314638 0.3651607360185677 1.662443248761277
0.5844209756298634 0.3677792504110096 1.639235607543409
0.6557070017044198 0.3711623143283401 1.611816182264636
0.7421804703900584 0.3759082793414991 1.581349265012051
0.8433394044467634 0.3829397909191458 1.550213027133012
0.9566194122009547 0.3933189258785124 1.521842683777253
1.077170001003433 0.4078117850561968 1.499923008199045
1.198410877466217 0.4263847506883803 1.487108267211773
1.313428179993748 0.4479885469891218 1.483981519633739
1.416626234939794 0.4708483995029467 1.48898302692253
1.504773432198895 0.4930801956669573 1.499305504329508
1.577060521262193 0.5132292845990479 1.51204889780406
1.634466602404976 0.5304910770224429 1.524978904276695
1.678948851537363 0.5446486724881566 1.536740315816411
1.712788132145476 0.555882906842588 1.546721470303075
1.738182494514726 0.5645798847309046 1.554805142112118
1.757049657793397 0.5711905958907584 1.56114333693422
1.770965098037094 0.5761483159423204 1.566000775271992
1.781173840066253 0.5798299134179954 1.56966343045772
1.788634207692943 0.5825442578625114 1.572393301257924
1.79407085060106 0.5845350411961995 1.574411047545367
1.79802460107799 0.5859895795563049 1.575893494302782
1.800895698586072 0.587049396082319 1.576977969219891
1.802978376466813 0.5878200635527357 1.577768835451411
1.804487960864215 0.5883796567997581 1.578344289964488
1.805581535919287 0.5887855583161876 1.578762320998143
0.3936923615253503 0.3092952522478019 1.714194419385138
0.3947989859040567 0.3093532912511031 1.713635402064478
0.3963246794347574 0.3094328075155339 1.712865402721411
0.3984267173659237 0.3095414201085999 1.711805890324037
0.4013201546944641 0.3096891784046317 1.710350083410314
0.4052979355803562 0.3098890880253177 1.708353671966047
0.410756964466838 0.3101575876228844 1.705623348129822
0.4182311130342402 0.3105147927788171 1.70190337390334
0.4284312169535713 0.3109844284206014 1.696861575752755
0.4422906082595723 0.3115920021056632 1.690077400105624
0.4610106664974497 0.3123655215303988 1.681040824700754
0.4860959812105619 0.3133335284703669 1.669171406291568
0.5193571138564257 0.314530993025616 1.653881034937081
0.5628476008407782 0.3160159037651089 1.634704531137111
0.6186859436183489 0.3179038427194059 1.611519436328025
0.6887071070512516 0.3204161231017262 1.584839629381251
0.7739119280184528 0.3239117119526937 1.556084182019497
0.8740415506557068 0.3303076853643372 1.528247042555126
0.9862045599336724 0.3404888864999664 1.504959046041968
1.104824062966234 0.3545288209873877 1.48965697960895
1.224377514086965 0.3717958861397698 1.48283280834081
1.337607489278258 0.3914881397745695 1.484218225085754
1.439215494692894 0.4121040541066801 1.492344385148152
1.525753019196351 0.4334730529304645 1.504922546784807
1.596987666411028 0.4528342314342692 1.518240578940423
1.653826796845578 0.4693268607734589 1.530847284940096
1.698053622254374 0.4828495565078041 1.541964674784996
1.731813749900585 0.493603303908648 1.551269157125115
1.757218341294826 0.5019537928854175 1.55876075809936
1.776134978050732 0.5083211971211354 1.564622794104795
1.790112595978337 0.5131104624399417 1.569114359512848
1.800383095157332 0.5166762001546712 1.572503266945499
1.807899116451729 0.5193110969287248 1.575031617527839
1.813383244302662 0.5212474112441996 1.576902529352999
1.817376262732365 0.5226646016545559 1.578278711828438
1.820279138912165 0.5236988024119171 1.579286615342613
1.82238712702224 0.5244518857794211 1.580022468052688
1.823916666575214 0.5249994119250188 1.580558479429568
1.825025835211525 0.5253970420702867 1.580948275888908
0.3929708715696891 0.3102106532195801 1.714925296057559
0.3940781449092305 0.3102692432622536 1.7143672610285
0.3956047523135795 0.3103495142754787 1.713598592223884
0.397708072453531 0.3104591567253331 1.712540874715998
0.4006032984656384 0.3106083127673282 1.711087476213979
0.4045835564149782 0.3108101057909954 1.709094272083651
0.4100459822277199 0.3110811188437227 1.706368174288199
0.4175247278312107 0.3114416334786876 1.702653683746627
0.4277309420302451 0.3119155474179354 1.697618843002475
0.4415982559683217 0.3125285410245885 1.690843212088046
0.4603282433733026 0.3133087172421712 1.681816593969315
0.4854254240730547 0.3142846443204796 1.669957820251635
0.518699837911444 0.3154912575358652 1.654677082844943
0.562203940288027 0.3169866478351743 1.635506060884929
0.6180548833525715 0.3188871596308734 1.61231746043566
0.6880871928750026 0.3214164704323469 1.585619224720028
0.7733045320328776 0.3249386721538251 1.556825700573935
0.8736835795141026 0.3313682608599782 1.528838160841954
0.986034572293465 0.3415933245934423 1.50541546817191
1.103939578571451 0.355582247874748 1.490076779899504
1.223607638987344 0.3728824972566729 1.483124940797856
1.336944073273196 0.3926205027349517 1.484419955707526
1.43864121523712 0.4132886594711349 1.492489719233762
1.525247279122819 0.4346641324962876 1.505033782834752
1.596547807406665 0.4540547922123072 1.518359843921526
1.653423439928635 0.4705713544441601 1.530985832364668
1.69766901111003 0.4841121197534071 1.542124831249949
1.731437972092042 0.4948789235417844 1.551449002265369
1.75684618309685 0.5032386088252453 1.558956889205811
1.775763848167593 0.5096124047862587 1.56483169832115
1.789741292692177 0.5144060857984873 1.56933296879078
1.800011125924754 0.5179748685607357 1.572729105460689
1.807526340385936 0.5206118663201234 1.5752627734997
1.81300968081752 0.5225496316381355 1.577137563433672
1.817002001015607 0.5239678267468217 1.578516559172904
1.819904286773509 0.5250027235353696 1.579526495286365
1.822011791293931 0.5257562899754432 1.580263812945468
1.82354094203752 0.526304151605772 1.58080087807024
1.824649802708602 0.5267020146985614 1.581191431534952
0.3918741822941409 0.311593740670507 1.716032139032635
0.392982423228307 0.3116531816840977 1.715475596398543
0.394510394358347 0.3117346184004496 1.714708949177145
0.396615629559827 0.3118458517104926 1.713653958936889
0.3995135295713829 0.3119971673636349 1.712204220201076
0.4034974943831246 0.3122018711866602 1.710215890304688
0.4089650094608508 0.3124767702061202 1.707496215761423
0.4164506516396379 0.31284240400587 1.703790061485867
0.4266660477518678 0.313322940003266 1.698765800065856
0.440545291888983 0.3139443290126445 1.692003167072256
0.4592902722902405 0.3147348265225214 1.682991704859798
0.4844054385018964 0.315723045907804 1.671149150961329
0.5177000924487942 0.3169438676494222 1.655883128413843
0.561225112291053 0.3184555249477785 1.636720558018196
0.6170956404913797 0.3203754947405737 1.613526814455374
0.6871454680874576 0.3229310192481383 1.586800832855011
0.7723822389566403 0.3264939799305692 1.55794978032906
0.8731214385056094 0.3329735369634262 1.529740365055521
0.9857453114620252 0.3432624311165018 1.506114787888784
1.102627235965135 0.3571806344834316 1.490714885359302
1.222462335214431 0.3745317455059223 1.483570159697538
1.335954106621341 0.3943396209974947 1.484728424372965
1.437781287686177 0.4150874248195009 1.492712672605738
1.524487575229728 0.4364742835249371 1.505204479077409
1.595883904708084 0.4559091862362112 1.51854184472162
1.652812429318855 0.4724618695911078 1.531196692155132
1.697084981055669 0.4860300110835107 1.542368323166687
1.730866489314395 0.4968166515541023 1.551722324789254
1.756279686577842 0.5051903396870636 1.559254925946759
1.775198607128098 0.5115738856072551 1.565149135163346
1.789175600536354 0.5163743125268343 1.569665153369089
1.799444304505268 0.519947753278739 1.573072278978244
1.806958217918879 0.5225879685320713 1.57561403155702
1.812440312912475 0.5245279581834299 1.577494718480272
1.816431539670254 0.5259476948410228 1.578877992423101
1.819332906452407 0.5269836604762679 1.57989101976993
1.821439661323316 0.5277379693194808 1.580630565473019
1.822968211110943 0.528286346925847 1.581169233304454
1.824076596827042 0.5286845685634691 1.581560938176308
0.3902268224250842 0.3136526130342883 1.717685572954214
0.3913364762981265 0.3137133593164934 1.717131268329049
0.3928664413673465 0.3137965843524581 1.716367652859704
0.394974480375344 0.3139102587396214 1.715316752963414
0.3978763008544676 0.3140648891009992 1.713872503610538
0.4018657088222666 0.3142740622155533 1.711891485547972
0.4073407099765196 0.3145549305867588 1.709181447996699
0.4148365174029366 0.3149284328849586 1.705487803511397
0.4250654809322337 0.3154191555848945 1.70047942272953
0.4389624087905146 0.3160534707898441 1.693736309631592
0.4577297047739139 0.3168598774589215 1.684747624336344
0.4828717920891218 0.3178670638390553 1.672929476785591
0.5161969863200606 0.319109819195451 1.657685656192678
0.5597539440656726 0.3206465547213707 1.638535970230078
0.6156548857755363 0.3225963825301544 1.615334820094142
0.6857323630387728 0.3251918253467884 1.588567640337782
0.7709993268213452 0.3288164529426185 1.559630818744528
0.8722361799150224 0.3353682061750601 1.531103418224242
0.9852397342922423 0.3457462112349686 1.507177641287298
1.100725496310566 0.3595727434866967 1.491672813768628
1.220795707019173 0.3770007493996043 1.484240889615522
1.334506702995178 0.3969138807618775 1.485195165362532
1.436517503338166 0.4177814697666735 1.493051409076009
1.523366113195594 0.4391886954637846 1.505463862894573
1.594897117685628 0.4586886035164645 1.518816191554595
1.651899674676453 0.475294819126664 1.531513358265728
1.696209653407197 0.4889037580179719 1.542733495047776
1.730008246632412 0.4997200749793643 1.552132053281256
1.755427925274194 0.5081147725757079 1.559701651805534
1.774348145121586 0.5145129800391938 1.565624937187332
1.788324112356953 0.5193235695835854 1.570163073291931
1.798590908076644 0.5229040380901626 1.573586685905473
1.806102735271023 0.5255491139177678 1.576140570777948
1.811582875725041 0.5274924675176629 1.57803010847448
1.815572405848061 0.5289145377755499 1.579419804152919
1.818472356705235 0.5299521228724677 1.580437471826832
1.82057796194369 0.5307075574879973 1.581180362230865
1.822105593253881 0.5312567181273622 1.581721436077574
1.823213254910427 0.5316554843051959 1.582114869492903
0.3877960193114066 0.3166504953833004 1.720105715067009
0.3889076727995896 0.3167132212771934 1.71955470172782
0.390440465280547 0.3167991591505098 1.718795545137216
0.3925524882564572 0.3169165376535638 1.717750661511143
0.395459891390012 0.3170761996390146 1.716314487046308
0.3994570684803708 0.3172921602107333 1.714344226178177
0.4049427829181503 0.3175820996168049 1.711648369220272
0.4124531827296155 0.3179675682139319 1.707973137279163
0.4227016955833384 0.3184737983386706 1.70298813895258
0.4366242239259782 0.319127812930634 1.696273782052201
0.4554240248485372 0.3199584970633084 1.68731867952133
0.4806056525030628 0.32099465975704 1.675536570087315
0.5139762291440251 0.3222709302876203 1.660325635329219
0.5575814523029315 0.3238458976588046 1.641195256724316
0.6135294471565519 0.3258409339940324 1.617983723498298
0.6836506679329459 0.3284961795791616 1.591156612487927
0.7689644993055436 0.3322124048438533 1.562094417651409
0.8708410732396757 0.3388640735627139 1.533131173690423
0.9843376278920615 0.3493585951492677 1.508773212124626
1.098066067993782 0.3630799240911374 1.493083931913525
1.218449425331963 0.3806218188259698 1.485233669417627
1.332454026713841 0.4006903071594295 1.485890007317594
1.434711204124905 0.4217344139451966 1.493558367112105
1.521753067638344 0.4431784719310615 1.505852149483678
1.593463573326644 0.4627709024081075 1.519222188720736
1.650564241405656 0.4794543250711494 1.53197954623761
1.694923177480937 0.4931225841226105 1.543270108997825
1.72874348230838 0.5039822868111156 1.55273381977051
1.754170763298876 0.5124078187274553 1.56035769035394
1.773091784793171 0.5188276064400266 1.566323697013586
1.787065590527059 0.5236531878408225 1.570894358979052
1.797329186431047 0.5272440421887238 1.574342228614539
1.804837702207497 0.5298963116351924 1.576913968434999
1.810314814322823 0.5318446500052835 1.578816533759727
1.814301749948704 0.5332701818908769 1.58021568255807
1.817199553324363 0.5343101715545154 1.581240181353621
1.819303424541886 0.5350672791469265 1.581987995672881
1.820829676017748 0.5356176043704485 1.582532611568358
1.821936253167234 0.5360171810691793 1.58292858967553
0.384302346690401 0.3208778303323548 1.72354453793314
0.3854167017190626 0.3209435031383167 1.722998228451637
0.3869533258619958 0.3210334806839678 1.722245444913518
0.3890707650596421 0.321156377109095 1.721209161149823
0.391985783096902 0.3213235382580736 1.719784530658738
0.3959935956776733 0.3215496212261082 1.717829650984293
0.4014940351380378 0.3218530992591935 1.715154074715723
0.4090245854624775 0.3222564456863416 1.711505184046352
0.4193002458194688 0.3227858739599956 1.706553651814601
0.4332585734082546 0.3234693981458033 1.699880478657454
0.4521042394216943 0.324336508592975 1.69097352100801
0.4773423309858192 0.3254162037032802 1.679243166070985
0.5107787887045885 0.3267428244119978 1.664079630119827
0.5544557106582456 0.3283750326800566 1.644977444521259
0.6104757922995663 0.3304371218026896 1.621751898025475
0.6806659670775601 0.3331798005278956 1.594840150936196
0.766052098661519 0.3370284312672163 1.565599877063976
0.8686536931870849 0.3438097082947319 1.536079018105192
0.982718632834401 0.3544412387171016 1.511124325874408
1.094538899337576 0.3680700103280137 1.495104789449773
1.215303586541216 0.385775574633907 1.486664595279102
1.329669849766294 0.4060666112828218 1.486899161465013
1.432231918570861 0.4273631947272337 1.49429970296497
1.51951887772697 0.4488737071927032 1.50642040671935
1.591449024391481 0.4685917927767807 1.519806922257228
1.648668747118192 0.485382229383209 1.532646129501866
1.69308583877177 0.4991336995781334 1.54403550431023
1.726930636185352 0.5100547314875478 1.553591575184981
1.752365143765768 0.5185240802551851 1.561292729784739
1.771285252763588 0.5249746503063284 1.567319707398914
1.78525477870139 0.529821676366167 1.571936843402184
1.795513095225401 0.5334274188838743 1.575419393709263
1.803016448604075 0.5360900180136622 1.578016669487365
1.808488964996989 0.5380455242458329 1.579937869978721
1.81247202229147 0.5394760395564803 1.581350541952115
1.815366646313491 0.5405194943960502 1.58238481330734
1.817467966937507 0.5412790150539386 1.583139671744616
1.81899219837475 0.5418310214450314 1.583689354769934
1.820097193457311 0.5422317691297676 1.584088973112952
0.3794675120603651 0.3265759233288258 1.728230292214691
0.380585279136286 0.3266458532873525 1.727690437780222
0.3821267663155261 0.3267416690753023 1.726946400691226
0.3842511141457425 0.3268725443130945 1.725921920837581
0.3871758957601225 0.3270505561999539 1.724513137634148
0.3911974206778577 0.3272912975766237 1.722579377103007
0.3967169620468273 0.3276144012297976 1.719931654739286
0.4042738369559926 0.3280436970963758 1.71631895521486
0.414585260021759 0.3286068525648809 1.71141342760974
0.4285912311366765 0.3293333551622351 1.704796911834817
0.4474987296851858 0.3302536251793319 1.695956267662429
0.4728142279810659 0.3313969508740604 1.684297342614254
0.5063430372999537 0.3327971610009267 1.669199497279
0.5501235154828773 0.3345126657740316 1.650136954123267
0.6062517349594602 0.3366711630220229 1.6268934533824
0.676548876263183 0.3395372277344504 1.599867052267112
0.7620446837198775 0.3435699433758443 1.570383883421974
0.8652815809986676 0.3505038141765838 1.540222539871768
0.9798646490232673 0.3612691987501892 1.514494041204244
1.090209129265417 0.3748749314110321 1.497882440044306
1.211371578869022 0.3928058418917496 1.48864812832169
1.326125117946409 0.4134024469946297 1.488311910364625
1.429017387674939 0.4350452097012295 1.495346612108712
1.516584346149901 0.4566728917127594 1.507224817323537
1.588747103562046 0.4765505127748866 1.520617021553844
1.646091127123158 0.4934811755739331 1.533560604940398
1.690566445691853 0.5073436124964787 1.545082095585302
1.724433052043869 0.5183473196615862 1.554763484778549
1.749870991334868 0.5268761579313752 1.562570159774906
1.768786229669488 0.5333687265346805 1.56868063526282
1.782747819228132 0.5382451142901186 1.573361513082717
1.792997684912708 0.5418712946967372 1.576891667208289
1.800493230806304 0.5445481022715809 1.579524008358145
1.805958996556813 0.54651348339582 1.581470802960629
1.809936453016915 0.5479508729002636 1.582902049384726
1.812826536111358 0.5489991127999054 1.583949743672909
1.814924241215489 0.549761968762999 1.584714277127143
1.816445624967522 0.5503163007924154 1.585270919415803
1.817548399022693 0.5507186696409566 1.585675536973194
0.3731178492572482 0.3338050560880319 1.734263340867703
0.3742395356855754 0.3338808583142795 1.733731867461579
0.3757866533602864 0.3339847318363853 1.732999187648482
0.3779190645429651 0.3341266267041872 1.731990037221815
0.38085533511903 0.3343196373952865 1.730601838056041
0.3848931352009279 0.3345806623175047 1.72869551555261
0.3904355622244592 0.3349309585335475 1.726083992437719
0.3980243104803792 0.3353962683892346 1.722518347882342
0.4083795684446835 0.3360063291893847 1.717672671656533
0.4224447973976671 0.336792736197369 1.711129932221157
0.4414305975189056 0.3377872912296117 1.702375757353502
0.4668463539841379 0.3390197182537875 1.69081018765243
0.5004982594016244 0.3405229902403629 1.675798594184614
0.5444218835643344 0.3423545881007316 1.656788916164359
0.600706170894814 0.3446455711449617 1.633523912654033
0.6711633840529877 0.34767736279359 1.606350638722139
0.7568199584847727 0.3519526785920236 1.576553857843373
0.8602666806391184 0.3590415892958452 1.545776403556395
0.9750699458410862 0.3698935500199709 1.519132683918606
1.08724988818767 0.3838315194377661 1.501281006822004
1.206915356851812 0.4018599270878781 1.491250460322155
1.321985640515868 0.4228526073692701 1.490188438215937
1.425157171485724 0.4449435534889983 1.496752278375843
1.512995320674622 0.4667676877392821 1.508310861841736
1.585343505880205 0.4868297504612153 1.521681126264605
1.642783307283951 0.5039307125201548 1.534746528898751
1.687298343850326 0.5179313876846308 1.546433575821135
1.721173844555583 0.5290396373443008 1.556275229344836
1.746605685455224 0.5376444129026778 1.564217983764821
1.76550878109045 0.5441909295079953 1.570436562225743
1.779456789951443 0.5491051970992735 1.575200125853469
1.789693793120788 0.5527578266354205 1.5787920914759
1.797178083481892 0.5554530638023516 1.581469984729038
1.80263440673643 0.5574312758734122 1.583450034220768
1.806604171413394 0.5588776095187281 1.584905416041918
1.809488093989948 0.5599320822886761 1.585970551415491
1.811580935279476 0.5606992867663755 1.586747655203349
1.813098511921422 0.5612566533943711 1.587313338477064
1.814198330589735 0.561661139193631 1.587724449941294
0.3653317458044277 0.3423002566684567 1.741488610916454
0.366457388083713 0.3423836394860986 1.740967269832778
0.3680102651614315 0.3424979223081888 1.740248322029077
0.3701510341643767 0.3426540651169108 1.739257709003171
0.3730993710229686 0.3428664892643309 1.737894406250327
0.3771544972312691 0.343153802377844 1.736021278613104
0.3827216404579846 0.3435393982868433 1.733453565129995
0.3903453571051983 0.3440515540778336 1.729944895834762
0.4007495671411846 0.3447227822949442 1.725171738940867
0.4148823394783335 0.345587524612661 1.718718479204165
0.4339595742402377 0.34667953015543 1.710069337082107
0.4594958391236531 0.3480291660480831 1.698617445928809
0.4933009405704103 0.3496681173300531 1.683711393960634
0.5374102107734253 0.3516518572357183 1.6647674324962
0.5939062803593212 0.3541138926692624 1.641478694994035
0.6645886748815947 0.3573541704193243 1.61413017575255
0.7504676720107757 0.3619277223771603 1.583955966710374
0.8532492114595087 0.369140177887236 1.552760049169522
0.9676357336806373 0.3799774301652841 1.525166828553455
1.083799625825201 0.3944142246806366 1.505480713446321
1.202489236450409 0.4126940515756352 1.494423619559249
1.317663477478794 0.4341635426978397 1.49251059324786
1.420950186611469 0.456793569911835 1.498514064614429
1.508983818907364 0.4789216250681152 1.509686164230201
1.581382467633243 0.4991718630037812 1.522985328960349
1.638841196064607 0.5164605721122254 1.536177275963063
1.683351768399375 0.5306192562745747 1.548055459449358
1.717209889890629 0.5418494075766588 1.558087182955114
1.742619226389802 0.5505438045001025 1.566193049107268
1.761499389541131 0.5571544850112519 1.572541838239102
1.775426386314084 0.5621140389945202 1.577405232816331
1.78564522072828 0.5657984022685525 1.581071912345636
1.793114373135851 0.5685158075427404 1.583804895273879
1.798558365108433 0.5705094821558543 1.585825170584827
1.802518270487874 0.5719666094661005 1.587309747982437
1.805394396377684 0.573028612252041 1.588395979725805
1.807481136827408 0.5738010748731772 1.589188286589589
1.80899396971762 0.574362113600418 1.589764902825316
1.810090124464733 0.5747691627509194 1.590183865916632
0.3949709725741916 0.3076598410684759 1.703709299116017
0.3960704816118863 0.3077215499318143 1.703135956343494
0.3975866720495318 0.3078058725126311 1.702345556893522
0.3996758761127364 0.3079212597728374 1.701258221737648
0.4025515912098221 0.3080782647714922 1.699764211626926
0.406506648760314 0.3082911179805067 1.697715167958263
0.4119346823968295 0.3085772180112987 1.694913041138655
0.4193680430949234 0.3089584298933797 1.691095293346466
0.4295149401945557 0.30946037587131 1.685921289192025
0.4433060864737649 0.3101114917484664 1.678960330448361
0.4619407797991473 0.3109416854086673 1.669690069862123
0.4869228935601026 0.3119810614859325 1.657517360818077
0.5200654343241475 0.3132627418574096 1.641842524592364
0.5634299791331305 0.3148363563874434 1.62219594749828
0.6191507590810397 0.3167951499797212 1.598460663942966
0.6890872257445678 0.3193190878683548 1.571177914225835
0.7742717646987187 0.3227035529564749 1.541821062963811
0.8744772920036464 0.3288041055587048 1.513440146866879
0.98684335179824 0.3384934304732078 1.489712800433533
1.10576556096035 0.3518489126501849 1.47414764077687
1.225648119370586 0.3682995820000288 1.467259396908896
1.339227547675926 0.3870860044838995 1.468794846402457
1.44116524851684 0.406770349157431 1.477238799492522
1.528000801727835 0.4272241377886086 1.490239425206894
1.599456426401928 0.4457974046630532 1.504082260895749
1.656441637979623 0.4616458366548049 1.517234413408954
1.700757878482444 0.4746543901954398 1.52885599438802
1.73456880170051 0.4850061144923736 1.538593036002204
1.760000089181293 0.4930475675482583 1.54643738873165
1.77892922655587 0.4991806302810706 1.552577183577059
1.792911573431795 0.5037941349406968 1.557282172017405
1.80318269317373 0.5072291176411763 1.560832195591936
1.810697464686535 0.5097673666521924 1.563480709839482
1.816179602830624 0.5116325868423514 1.565440432940663
1.820170518160327 0.5129976734085002 1.566881847373277
1.823071440203422 0.5139937834967542 1.567937451427088
1.825177709881197 0.5147190688371249 1.568708054577149
1.826705840930309 0.5152463591257632 1.569269346953749
1.827813851238616 0.5156292456172884 1.569677478041391
0.3943476471015698 0.3084579464330171 1.70283967049516
0.3954480536874377 0.3085199702855049 1.702267827522109
0.3969654938381163 0.308604727281281 1.701479486684333
0.3990564371346656 0.3087206993865665 1.700394944654028
0.4019345702130039 0.3088784900649721 1.698904717840332
0.4058929373774938 0.3090923784602264 1.696860777366685
0.4113255109714082 0.3093798265802305 1.694065474706729
0.4187650100104378 0.3097627454349479 1.690256765623865
0.4289200917024133 0.3102667725446414 1.68509455879265
0.4427219372133921 0.3109202899851032 1.678148683912348
0.4613702418028923 0.3117530240894458 1.668897142962388
0.4863690398556831 0.3127947243452032 1.656746669333262
0.5195310293091662 0.3140779919357594 1.641096543610827
0.5629167979255248 0.3156519322248674 1.621474572391712
0.6186590141995947 0.3176098025905735 1.597759290524951
0.6886158689262031 0.32013303462215 1.570485710704096
0.7738207936929604 0.323521152419478 1.541121212275457
0.8742864416908197 0.3296124425896145 1.512629996587876
0.9868813882678558 0.3392850757957285 1.488797493698132
1.105131383275026 0.3525294426709993 1.473214628700935
1.22512161266971 0.3689496217097963 1.466206873466048
1.338799539061189 0.3877115425442162 1.467650639421016
1.440820540144026 0.4073766151488458 1.476028561438472
1.527720243307698 0.4277693559923475 1.488978845668962
1.599242387038844 0.4463099113211794 1.50281126121234
1.65626862116974 0.4621290367444981 1.515964898887699
1.700610076703333 0.4751119689949162 1.527592282121407
1.734436750923389 0.4854420443412125 1.537335762142755
1.759878111710009 0.4934657997004748 1.545185747025065
1.778813835756854 0.4995847954275418 1.551330000188396
1.792800556895885 0.5041873636759046 1.556038341687078
1.803074610486949 0.507613987838344 1.559590817562206
1.810591356312444 0.5101459292489612 1.562241096193355
1.816074822112901 0.5120064340801215 1.56420207635738
1.820066627926184 0.5133680200635006 1.565644381196001
1.822968143605429 0.514361544487962 1.566700613270316
1.825074807819417 0.5150849276728856 1.567471658973159
1.826603197374422 0.5156108215901369 1.568033261744434
1.827711375399583 0.5159926857003926 1.568441610938313
0.3933994762774943 0.3096656204180825 1.701530734611324
0.3945012393558909 0.3097281237937197 1.700961168724263
0.3960205686775071 0.3098135420745101 1.700175953507523
0.3981141418549994 0.3099304044606507 1.699095652612759
0.4009959322880841 0.3100893910739944 1.697611170871568
0.4049593072607469 0.3103048550918671 1.695574980506255
0.4103987534012845 0.3105943547464245 1.692790042838842
0.4178475498209645 0.310979870549 1.688995064588859
0.4280150372132807 0.3114870621969962 1.683850783229051
0.4418331155027235 0.3121442277160206 1.676927834725745
0.4605020978928647 0.3129808125861091 1.66770475923633
0.4855262883991676 0.3140260169628463 1.655588120833813
0.5187179554014492 0.3153116334064587 1.639975639770907
0.5621362366078216 0.3168859416663297 1.620391233949508
0.6179114798199891 0.3188421759827379 1.596706641416193
0.6878999750455119 0.3213639444083848 1.569447454949529
0.7731366433574768 0.3247570182414863 1.540071989983991
0.8739740735058119 0.3308330331449738 1.511421014696437
0.9868942520109518 0.3404777182036607 1.487432638464536
1.104181255051556 0.3535594686089771 1.471818574674201
1.224329788074059 0.3699326688130685 1.464631708377591
1.33815355342296 0.3886568176932005 1.46593818677629
1.440298682794218 0.4082922416429552 1.474217438243847
1.527295437326655 0.4285940226224322 1.487092560455932
1.598917140701278 0.4470847552615436 1.500909548484633
1.656005208559325 0.4628595842519615 1.514065932545553
1.70038493108736 0.4758039720975079 1.525702587630947
1.73423565132119 0.4861015688278827 1.53545622868403
1.759692461257605 0.4940988162680351 1.543315067210811
1.778638320314665 0.5001967624025171 1.549466318608595
1.792631787572072 0.5047829751148475 1.554179921497861
1.802910373318771 0.5081971034465222 1.557736246113049
1.81043017326042 0.5107196172261091 1.560389295334475
1.815915695667647 0.5125730752251267 1.562352250958555
1.819908882972837 0.5139294302227012 1.563795956344235
1.822811321293112 0.5149190910243939 1.564853177294521
1.824918599995079 0.5156396319891908 1.565624920598305
1.826447393300008 0.5161634394453639 1.566187013283489
1.827555834188809 0.516543775914731 1.566595707157858
0.3919729898090096 0.3114682364261187 1.699592675796151
0.3930767677318446 0.3115314708336581 1.69902651669791
0.3945989042808896 0.3116178971466632 1.698245977977838
0.3966963872498582 0.3117361170571952 1.69717202302024
0.3995836180689944 0.3118969277141171 1.695696138202478
0.4035544468713176 0.3121147960489961 1.693671546214451
0.409004130499478 0.3124074278188504 1.690902122193392
0.4164667898734852 0.3127969114899846 1.687127698797737
0.4266527977479979 0.3133089436028461 1.682010257719442
0.4404951490223011 0.3139716981905313 1.675121648406565
0.4591951177649672 0.3148141974250613 1.665941228154576
0.4842574722340593 0.3158648063854356 1.653875326721624
0.5174939289080859 0.3171540772142839 1.638319358237261
0.560961569792256 0.3187289988694499 1.61879146107297
0.6167873682493796 0.3206826886690433 1.595153248800658
0.686824750873912 0.3232019182092738 1.567916260143085
0.7721105474777367 0.3266017506303461 1.538525268580118
0.8734567911029316 0.332652973823674 1.509650375285715
0.986819799569894 0.3422510788040962 1.485435153705795
1.1027933482736 0.3551033087128163 1.469763148927296
1.223166895862426 0.3714051288502533 1.462312122946373
1.337199871242905 0.3900717424983087 1.463416109963377
1.439524515308563 0.4096619954319758 1.471549934538188
1.526664353559009 0.4298307918463295 1.484314051593341
1.598430757915284 0.4482459551358983 1.498107815435977
1.655609519433211 0.4639543188517867 1.511268670901183
1.700045873493897 0.4768412728155703 1.522919703784608
1.733932464361213 0.4870906792505442 1.532689031240075
1.759412469607507 0.4950486968429189 1.540561520831668
1.778373619039989 0.5011155406702464 1.546723559921254
1.792377299705885 0.5056776111697673 1.551445275086086
1.802662764752634 0.5090733065163445 1.555007536816388
1.810187210109046 0.511581919252581 1.557664862848892
1.815675866505669 0.5134249896569608 1.559630870305586
1.819671162909349 0.5147736352519051 1.561076741268723
1.822575012670848 0.5157576026135349 1.562135492747657
1.824683233497272 0.5164739556568922 1.562908316827
1.826212647567575 0.5169946889608898 1.563471169399915
1.827321493983806 0.5173727747389376 1.563880398485407
0.389862169941055 0.314104711802953 1.696792241492314
0.3909688642868247 0.3141690607268386 1.696231068852486
0.3924950670500629 0.3142570236887052 1.695457375396543
0.3945982178649538 0.3143773144989024 1.694392709956245
0.3974933427807132 0.3145409095483965 1.692929410754323
0.4014749981179451 0.3147624525485356 1.690921800097808
0.4069395708142032 0.3150598780521051 1.688175092737576
0.4144224235750437 0.3154554477911217 1.684430772985648
0.4246354627281748 0.3159749286672389 1.679352649965432
0.4385133321512771 0.316646327541116 1.672514359872772
0.4572587964360234 0.3174980526055759 1.663396473299714
0.4823774416630455 0.3185572317791153 1.651405003720276
0.5156803782144553 0.3198525496066703 1.635932027838515
0.559221922324622 0.3214289997641532 1.61648727208089
0.6151242942131889 0.3233793670054609 1.592917577960301
0.6852366175238451 0.3258948790206334 1.565713940380238
0.7705976854181245 0.3293041305311734 1.536301303305455
0.8725926171098091 0.3353159898748877 1.507128271578088
0.9865180742333629 0.3448372678758783 1.482592078617248
1.100841719406739 0.3573831628624496 1.466807809800251
1.221518650012047 0.3735787926764262 1.458976401344469
1.335837450696512 0.3921593639654415 1.459788364090034
1.438410122236822 0.4116818378309859 1.467712174788172
1.525752991287915 0.431661606353902 1.480315033682238
1.597720525934763 0.4499629728673501 1.494073014958526
1.655026967570857 0.4655727252382389 1.50724013261487
1.699544052778767 0.4783753122619456 1.518912539763446
1.733482360259157 0.4885543742979901 1.528705326419239
1.75899612091255 0.4964553522183521 1.536598279113366
1.777979682220712 0.5024770863165722 1.54277651142535
1.791998413033921 0.507004198221687 1.547510416499662
1.802294055261275 0.510373230598832 1.551081607681696
1.809825394094365 0.5128617503103309 1.553745371560757
1.815318713080351 0.5146898136615631 1.555715976805623
1.819317154663058 0.5160273253548237 1.557165113142706
1.822223114204407 0.5170030723607371 1.558226174486196
1.824332746718311 0.517713379884748 1.559000631085813
1.825863093643757 0.5182296760792489 1.559564632612901
1.826972551524917 0.5186045136665685 1.55997467169639
0.3868143767946705 0.317848078442879 1.692886617383029
0.387925136396176 0.3179141190765123 1.692332513969166
0.3894570134482798 0.3180044142283997 1.691568525563337
0.3915680837828075 0.3181278518200988 1.690517031329703
0.3944742553741796 0.3182956826438219 1.689071578096861
0.3984710847532036 0.318522827380132 1.687088048801194
0.4039565679053791 0.3188275785180084 1.684373560234886
0.4114678494818056 0.31923248406391 1.680671943436244
0.4217190603298417 0.3197634564466842 1.675649607084403
0.4356472823577297 0.3204483099605316 1.668882735092686
0.4544575737740107 0.3213146117840626 1.65985364139728
0.4796569739432587 0.3223877254349481 1.647967925453884
0.5130561567699876 0.3236936017596777 1.632612977743821
0.5567060146721969 0.3252742083879518 1.613286646368984
0.6127223797133795 0.3272215491836059 1.589814858202799
0.6829479545992334 0.3297328443607986 1.562659457065874
0.7684224245479314 0.3331557947710845 1.533217188941011
0.8711489265028902 0.3391071050038574 1.50367824549334
0.9857081400111132 0.3485043860835634 1.478706992504129
1.098248598221802 0.3606756053424191 1.462700583366806
1.219301560764792 0.3767181801634045 1.454340305314388
1.333982277469543 0.3951736393940166 1.454744748067559
1.436874501040504 0.4145968158102641 1.462374162312808
1.524489772182797 0.4343187119908896 1.474748569750407
1.596718494113965 0.452450910326716 1.488450067847267
1.654193989693186 0.4679169060895967 1.501623990521882
1.698819986976699 0.4805981728699651 1.51332630782623
1.732829244666794 0.4906769775819255 1.523152611192267
1.758389960590232 0.498497124031921 1.531075013864891
1.777405033584859 0.5044551684810406 1.537276635015354
1.791445094623731 0.5089330429877796 1.542028184428613
1.80175524594905 0.5122645834674745 1.545612319378044
1.809296456447808 0.5147248815331246 1.548285425628896
1.814796476254109 0.5165318835490905 1.550262709174556
1.818799451710024 0.5178537786075109 1.551716592374891
1.821708461203261 0.5188180004948977 1.552781014183254
1.823820140093625 0.5195198347743948 1.553557847546585
1.825351843407372 0.5200299135867956 1.554123523136539
1.826462193396101 0.520400200671475 1.554534743268119
0.3825666353264522 0.3229447249445244 1.68770441951904
0.3836827670031154 0.3230132965251989 1.687159896507696
0.385222155299461 0.323107080574397 1.686409061682649
0.3873437297591475 0.3232352335114605 1.685375419624595
0.3902645867712229 0.3234094218585133 1.683954156412067
0.3942816364321128 0.3236449988017484 1.682003272320885
0.3997950698343768 0.3239608155051689 1.679332465459024
0.4073444892927299 0.3243798981088343 1.675688754006174
0.4176471404046961 0.3249284602741889 1.670742080846554
0.4316436073157894 0.3256341614482919 1.664072100839495
0.450542411733208 0.3265235112237977 1.655163518148977
0.4758531377192502 0.3276194917427062 1.643421408629684
0.509386688839068 0.328944216013607 1.628226853005051
0.5531902691682634 0.3305352031824359 1.609061622793072
0.6093716897029713 0.3324828361819321 1.585723259438564
0.679764233575516 0.3349918732560604 1.558633939727639
0.7654049569384245 0.3384358325450417 1.529151938478018
0.8687765193875059 0.3442981951114116 1.49922053759612
0.9838987448358041 0.3535031419789326 1.473696644901472
1.095078505360204 0.3652765538047834 1.457254482331689
1.216536423100134 0.3811085378908978 1.448194750934193
1.331622918000805 0.3993895604831299 1.448056540449244
1.434884559176375 0.4186725369023611 1.455290403188702
1.522837069711432 0.4380626038474833 1.467353200915793
1.595371260173004 0.455948959171354 1.480964354361061
1.653051019838645 0.4712110273381755 1.494141538204041
1.697812636277413 0.4837232132222653 1.505882211853138
1.731912579998942 0.4936639506375216 1.515753407578794
1.757534590185279 0.5013736516717133 1.523715824720683
1.776591463102786 0.5072451211670543 1.529949436924835
1.790660154368294 0.5116562969957983 1.534725207804638
1.80098994889243 0.5149371693158142 1.538327150429509
1.808544609823945 0.5173593902973725 1.541013128173718
1.814053804673514 0.5191380094697089 1.542999622161822
1.81806301290559 0.5204388772559556 1.544460057124075
1.820976229802631 0.5213875910135378 1.545529120099103
1.823090740620152 0.522078029356441 1.546309237774282
1.824624327154573 0.5225797495214469 1.546877227854807
1.825735920058385 0.5229439209154433 1.547290081591361
0.3769306518465333 0.3295005727061767 1.681273496007261
0.3780533871708123 0.3295728116591172 1.680741191742474
0.379602032491289 0.3296716512486126 1.6800071344526
0.3817365907664551 0.3298066507641276 1.678996263589099
0.3846756616501893 0.3299900888408277 1.677605857517166
0.3887178770469912 0.3302379774088187 1.675696619741187
0.394266253059927 0.3305700192800367 1.673081544338642
0.4018636010399291 0.331010022598516 1.669511721996604
0.412231315223816 0.3315847874180714 1.664661615130123
0.4263147959769997 0.3323219890745549 1.658115324148707
0.4453276086630523 0.3332469685241753 1.649360627578748
0.470783595852199 0.3343797330117731 1.637801961936122
0.5044953955513506 0.3357373191462307 1.622812373649882
0.5485071662481554 0.3373510155157805 1.60385307933464
0.6049175677481 0.3393081991284705 1.580685228035283
0.6755465288491104 0.3418222649835646 1.553679990294973
0.7614208731917285 0.3452995872620968 1.524146017865878
0.865032820107684 0.3510394480692253 1.493887760156455
0.9803818539793399 0.3599646453550663 1.467726535149041
1.093205126549115 0.3715724623763021 1.450283929818959
1.213436688021408 0.3869723914790784 1.44054265504646
1.328891219466569 0.4050244852413957 1.439726845024725
1.432510838783222 0.4241200479077232 1.446459356823487
1.520836238940662 0.443115945401655 1.458120071338444
1.593672467374407 0.4606583167117897 1.471588570985958
1.651567279279739 0.4756428183307891 1.484757082843284
1.696479463770413 0.4879297096725644 1.496541114841131
1.730684505165529 0.4976891966165721 1.506467365776653
1.756379921591978 0.5052553581405633 1.514480073090517
1.775488074338097 0.5110150677831609 1.520754329477918
1.789592499365724 0.5153405356719895 1.525561046353055
1.799947114400714 0.5185565049351177 1.529185812389256
1.80751892284778 0.5209300602105762 1.531888317809565
1.813039892553418 0.5226724621384753 1.533886651921776
1.817057141121298 0.523946530538584 1.535355515191361
1.819975808808104 0.5248754969716762 1.536430551275583
1.82209400200861 0.5255514343302523 1.537214896958939
1.823630046018096 0.5260425243931046 1.537785867051901
1.824743266634191 0.526398921823997 1.538200824320359
0.3699239004071732 0.3373416719429794 1.6739395575139
0.3710540360794744 0.3374189351068732 1.673421681819487
0.3726130941420819 0.3375247017507984 1.672707438538938
0.374762319666978 0.3376691031467227 1.671723459968165
0.3777220662074193 0.3378652718502454 1.670369496795102
0.381792988661119 0.338130169950184 1.668509447410224
0.3873814754728999 0.3384847314785029 1.665960200761905
0.3950342384035904 0.3389539700415273 1.662477663327079
0.4054778385052453 0.3395657147888039 1.657741643952336
0.4196638992698279 0.3403480253537847 1.651341505889626
0.4388129061113376 0.3413251917596256 1.642768671466043
0.4644452928497316 0.3425138714215912 1.631426822547508
0.4983779698314068 0.3439249050831631 1.616679470189678
0.5426540542799787 0.3455814431480808 1.597963379585559
0.5993630504806574 0.3475659264465742 1.574996301921968
0.6703070190678735 0.3501004740590304 1.548088391765967
0.7564900197115586 0.3536301669295494 1.518488731245896
0.8595196481192071 0.3592150461785868 1.488104426170914
0.9744112762770458 0.3677691944342227 1.461305386051078
1.091150321457808 0.3793505914992177 1.44230083654848
1.210439319404473 0.3943303525338922 1.431727861157808
1.326096582724766 0.4121056935523598 1.430133655797311
1.429962790746363 0.4309690808681643 1.436277258350336
1.51864065096994 0.4495431202309356 1.447457482084756
1.591695503479767 0.4666313801711884 1.460711606364908
1.649772075643405 0.4812598702083349 1.473847430755594
1.694826073000071 0.4932644812798109 1.485672136369104
1.729137937991331 0.5028007160820185 1.495658578986547
1.754912012969725 0.5101921598027247 1.503728481940055
1.774077139307513 0.5158169357190592 1.510049731459882
1.788222258391087 0.5200395023058326 1.514892521650227
1.798605625333936 0.5231778533042424 1.518544008974481
1.806197536678807 0.5254933711411838 1.52126591090551
1.811732430746252 0.5271926690280649 1.523278157897035
1.815759249562261 0.5284348903616072 1.524756930922206
1.818684438630962 0.5293404172550158 1.525838991270609
1.820807056197939 0.5299991577492502 1.526628308687359
1.822346064147337 0.5304776507792511 1.527202781959465
1.823461255066348 0.5308248414732125 1.527620211130622
0.3945742020570387 0.3081687013057777 1.705071150247798
0.3956749333633561 0.3082303659466975 1.704499093050937
0.3971927534143534 0.3083146782819787 1.703710559318112
0.3992841727224487 0.3084300150074541 1.702625755262839
0.4021624770445758 0.3085868598954302 1.701135293330038
0.4061219776238306 0.3087996624184909 1.699090971290484
0.4115554401715593 0.309085559187044 1.696295378181332
0.4189959990041706 0.3094664488846365 1.692486528051439
0.4291523800597012 0.3099679150128851 1.687324538261277
0.442955838744676 0.3106182355897433 1.680379589477982
0.4616061895216652 0.3114473104341964 1.671130406640732
0.4866076862491972 0.3124852200942472 1.658984870344899
0.5197732426430983 0.3137652252058867 1.643343750765183
0.5631637349704837 0.3153382458833609 1.623738752978602
0.6189112457084902 0.3172993515381146 1.600050774244567
0.688871859325141 0.319832820890308 1.57281845392712
0.7740733163507885 0.3232404994713415 1.543509612503149
0.8742817242169486 0.329386958899734 1.515169489397583
0.9866308167761711 0.3391470441920773 1.491471837713475
1.105519858007019 0.3525972443081415 1.475918528582431
1.225362868143862 0.3691604607301442 1.469021564390422
1.338897482699767 0.3880719513131253 1.470526797450805
1.440791455139032 0.407884977221703 1.47892485529588
1.527585976929376 0.4284664429222796 1.491871265944348
1.59901119562621 0.4471483665450642 1.505651087249338
1.655976545605336 0.4630847097444446 1.518740182200775
1.700280851158717 0.476162733880991 1.53030477051627
1.734085216769979 0.4865684153496773 1.539993763809636
1.759513249388142 0.4946511286968991 1.547799437660985
1.778441036764519 0.5008153587367685 1.553909078310095
1.792423043476749 0.5054521843856334 1.558591082690041
1.80269433583147 0.5089044839237563 1.562123861625602
1.810209478465372 0.5114555145610596 1.564759573715105
1.815692043641849 0.5133301274662931 1.566709870050343
1.81968336455911 0.5147020949818656 1.568144382258487
1.822584641268817 0.5157032327764615 1.569194950565064
1.824691218114427 0.5164321865556306 1.569961893667026
1.826219590568528 0.5169621478405036 1.570520527877114
1.827327798549014 0.5173469800878095 1.570926734368255
0.393915997828908 0.3090091560480558 1.704322970993195
0.3950176910944814 0.3090711689074563 1.703752406100242
0.3965368506498133 0.309155959827442 1.702965918523798
0.3986301329372601 0.309271941890631 1.701883891006961
0.4015110340574001 0.3094296554882485 1.700397187611528
0.4054740690624195 0.3096435998098943 1.698357937102683
0.4109123885064131 0.3099309864060806 1.695569122008432
0.4183595135558575 0.3103137646195141 1.691769245613703
0.4285246492088298 0.3108175368779236 1.68661896201389
0.4423395539924907 0.3114705273424389 1.679688970498502
0.4610044730157298 0.3123024401115419 1.670458330661104
0.4860238428901325 0.3133429717280162 1.65833478452977
0.5192102676343119 0.3146248158817938 1.642718043338996
0.5626235933440692 0.3161983002202947 1.623137173571251
0.6183942676752567 0.3181584725751413 1.599468549374751
0.6883770321551722 0.320691108892458 1.572244519302949
0.7736006579700855 0.3241023733551404 1.542926864795309
0.8740701486608524 0.3302418164023103 1.514473630540066
0.9866441609711705 0.3399897596799784 1.490668803986916
1.104856135929031 0.35333350812559 1.475096128571688
1.224808385576066 0.3698718766253392 1.468078165511931
1.338442729657799 0.3887660902085153 1.469490268738194
1.44042061464349 0.40856790951021 1.477821076219661
1.527279543359231 0.4290963688425345 1.490716364337948
1.598770762085149 0.4477533294488144 1.504485190983044
1.655776073217239 0.4636671749058735 1.517575313088982
1.700104304179 0.4767252626858425 1.529145355073527
1.733923129818631 0.4871138614623081 1.538840525933886
1.759360072967114 0.4951824420692535 1.54665163861092
1.778293466703803 0.501335330723283 1.552765595038905
1.792279056536303 0.505963272080255 1.557450847518719
1.802552662408863 0.5094087409286566 1.560986001494472
1.810069303217995 0.511954592400372 1.563623421288459
1.815552835929789 0.5138253184171113 1.565574933102917
1.819544777790019 0.5151943910160053 1.567010305193297
1.822446447897189 0.5161933845649883 1.568061479196996
1.824553271061659 0.5169207571215423 1.568828848440214
1.826081793071388 0.5174495550894986 1.569387781091677
1.827190088774965 0.5178335339185913 1.569794196923755
0.3929129398954127 0.3102828738225621 1.703203819599562
0.3940160862324346 0.3103454202914677 1.702635516752254
0.3955372696501699 0.3104309445814655 1.701852130835065
0.3976333675174107 0.3105479156992269 1.700774312289749
0.4005181945776403 0.3107069608418582 1.699293306744113
0.404486575026845 0.3109226558186349 1.697261744971794
0.409932243518803 0.3112123272423216 1.69448320649523
0.4173893098704464 0.3115980028593626 1.690696937091183
0.4275677101154471 0.3121053152021527 1.68556440601625
0.4413999748885468 0.3127624072773972 1.678657101341877
0.4600870190747184 0.3135986847596108 1.669454594284022
0.4851335842786963 0.3146432558077554 1.657364423637874
0.5183518466173979 0.3159279407120894 1.641784705414968
0.5618001432432359 0.3175021441687358 1.622240519592408
0.6176064913469761 0.3194608450183439 1.59860139837746
0.6876235970546449 0.3219920486857531 1.57139016592827
0.7728816688117727 0.3254084435871735 1.542059453309092
0.873725120774574 0.3315362048144637 1.513441705806997
0.9866198057722259 0.3412632640043877 1.489477294940757
1.103862084510054 0.354451755646993 1.473870363801008
1.223974838915606 0.3709520640500709 1.46667048753476
1.337756596157825 0.3898197888667759 1.467942583549109
1.439859185920392 0.409604463871781 1.476172371334346
1.526815116863275 0.4300542820609734 1.488990814818414
1.59840475878327 0.4486732438505158 1.502742956748376
1.655470035997011 0.4645531603044284 1.515834838506835
1.69983439899654 0.4775813454689063 1.527413405818393
1.733675193281848 0.4879443981120799 1.53711818120167
1.759125744231122 0.4959918778949497 1.544937736199058
1.778067735933656 0.5021278479781481 1.551058388323814
1.792058839512706 0.5067425423191332 1.555748680037961
1.802336015548089 0.510177828721446 1.559287519737861
1.809854974374117 0.5127159606223111 1.561927590830646
1.815340008171479 0.5145808935096605 1.563880990823285
1.81933291638373 0.515945651479858 1.565317699585302
1.822235201081008 0.5169414491541255 1.566369815847151
1.824342410910797 0.5176664649141663 1.567137848541722
1.825871169305719 0.5181935288863017 1.56769724626097
1.826979605048535 0.5185762355854928 1.568103988607597
0.3913998063471266 0.3121883439162261 1.701562833501583
0.3925051102935219 0.3122517103743225 1.700997908625385
0.394029300142153 0.312338361641981 1.700219154627659
0.3961295825736439 0.3124568533668402 1.699147621828169
0.3990202478458354 0.312617946527498 1.69767512587942
0.4029965822216768 0.3128363367231019 1.695655047621935
0.4084531948357769 0.3131295291679467 1.692891858778062
0.4159250801653794 0.3135196767941069 1.689125915121302
0.4261232779737404 0.3140324660120697 1.684019905272603
0.4399814949812103 0.3146959268559369 1.6771464986167
0.4587016870750311 0.3155390238790111 1.667986035777732
0.4837891173232126 0.3165899819524142 1.655945760014742
0.5170554184408004 0.3178792957075398 1.640421415654451
0.5605567898511348 0.3194549459161113 1.620932140696402
0.6164177110036951 0.3214117384111017 1.597337257155974
0.6864878085066849 0.3239409342544933 1.570145361704937
0.7717990759267594 0.3273649431019378 1.540795403904772
0.8731556110299035 0.3334736641508888 1.511945881847635
0.9864886085478374 0.3431649928488537 1.487748001492046
1.102408573376274 0.3561355651123234 1.472077589514728
1.222749353435815 0.3725786448907498 1.464608349314657
1.336742213087359 0.3914064737796696 1.465672929168001
1.439024627479437 0.4111653501033959 1.473752889133442
1.526122889750208 0.4315010431778868 1.486456951286753
1.597854993780131 0.4500624321981371 1.500183328104931
1.65500777459139 0.4658916142943378 1.513277708042837
1.699425301510286 0.4788754467145515 1.524869166069897
1.73329867704164 0.4892007835293648 1.534588521386494
1.758769550878638 0.4972171917157162 1.542420910428669
1.777724457911312 0.503328285747856 1.548551749694958
1.791723882661254 0.5079235192331624 1.553249713095632
1.802006467363954 0.5113438544170948 1.556794167015358
1.809528949740812 0.5138706547908432 1.559438278861423
1.815016272721187 0.5157270854102012 1.561394558183509
1.819010659700415 0.5170855116154417 1.56283330647174
1.821913888643998 0.5180766195090987 1.563886861360251
1.82402169538154 0.5187981768366181 1.564655907645792
1.825550821092627 0.519322696257295 1.565216016395243
1.826659476454491 0.5197035361385202 1.565623258293405
0.3891519443696918 0.3149842879987475 1.699227536104838
0.390260371417365 0.3150489164515529 1.698667544341453
0.3917889160385999 0.3151373023031817 1.697895554908104
0.3938952645770852 0.3152581365004312 1.696833202140917
0.396794401240486 0.3154223871639691 1.695373134407201
0.4007822879541186 0.3156449401035789 1.693369828450169
0.4062548166414108 0.3159435810283445 1.690629059661364
0.4137482867861875 0.3163406696772254 1.686892806223249
0.4239753779387744 0.3168619987489033 1.681825539726004
0.4378715672421037 0.3175354614176708 1.675001658230775
0.4566404234695738 0.3183894000862973 1.6659026310164
0.4817881194061469 0.3194507534462442 1.65393527586083
0.5151257053985187 0.320748048371357 1.638491878411212
0.5587065068464474 0.3223271017292826 1.619082895714155
0.6146500150004636 0.324282330968742 1.595552716666206
0.6848012162065371 0.3268096141835511 1.568389105821935
0.770193815548925 0.3302455501352218 1.539010957752457
0.8722065803866726 0.3363240936863193 1.509850673257616
0.9860989665312289 0.3459549948058783 1.485320335856853
1.100358289048309 0.3586374610400886 1.469527757082393
1.221006417978801 0.3749968401379511 1.461668606084674
1.335287150867596 0.3937661650056042 1.462432034547142
1.43781718779983 0.4134871772628322 1.470293934759181
1.525116345343071 0.4336626444055897 1.482830290193804
1.597045478609097 0.4521374890791652 1.496516012521635
1.654320666783148 0.4678917808592477 1.509612903382074
1.698813433526288 0.4808109066198449 1.521222916855243
1.732733435662464 0.4910816014717172 1.530963635866577
1.758233682270939 0.4990531761853694 1.538814940528061
1.777207410412495 0.5051284621656357 1.54496083505979
1.791219042114642 0.5096957228202346 1.54967015335344
1.80150960379447 0.5130945862549711 1.553222924855961
1.809037306319629 0.5156051221791594 1.555873027267423
1.814528034550315 0.5174493534800971 1.557833577643031
1.818524630053119 0.5187986966486378 1.559275352716861
1.821429275343342 0.5197830778647347 1.560331043589652
1.82353798183685 0.5204996750679193 1.561101595434053
1.825067664794764 0.5210205452041962 1.56166276082318
1.826176656247508 0.5213987078465859 1.562070745414319
0.3858879950310212 0.3189721244236274 1.696047164477718
0.3870007776719849 0.3190386892628111 1.695494146426405
0.388535402245804 0.3191297370249521 1.694731720077366
0.3906502306089653 0.3192541707331363 1.693682345147941
0.3935612272353791 0.3194232794235765 1.69223984739792
0.3975653108688868 0.3196522543151575 1.690260253348837
0.4030601997986566 0.3199593251609768 1.687551181665545
0.410584066432148 0.3203672025836247 1.683856905103858
0.4208519683922448 0.3209018982692592 1.678844417069622
0.4348019985785405 0.3215911848465287 1.672090560910288
0.4536402026328383 0.3224625887008239 1.663078401986144
0.478874352165362 0.3235412586411232 1.651214152793674
0.5123151157622502 0.3248528960979157 1.635885193346952
0.5560122643647377 0.3264401062438329 1.616589661239652
0.612078579204445 0.3283964997697976 1.593150733888116
0.6823521196721928 0.3309242271091821 1.566026548418429
0.7678670179024019 0.3343799799443931 1.536607439199317
0.8706234076019801 0.3404125486890767 1.50706170243761
0.9851504695968915 0.3499436980401109 1.482077064515573
1.097615829474795 0.3622799240580342 1.46604495667486
1.218644924187015 0.3785218376018054 1.457639852096035
1.333289364177587 0.3972087526094187 1.457979556163015
1.436137067284926 0.4168762695900925 1.465532760726813
1.523704064084651 0.4368375528879797 1.477828887566222
1.595887335871554 0.455184087468143 1.491449202454967
1.653323206246175 0.4708299943005809 1.50454607870095
1.69791648649818 0.4836569907026285 1.516180890316008
1.731899818542024 0.4938506647065002 1.525951326746706
1.7574405464154 0.5017594239792731 1.533829273438688
1.776440528696074 0.5077847221570895 1.539996489605955
1.790469352744112 0.5123130203203781 1.544721933943646
1.80077123499945 0.5156820185976505 1.548286536026496
1.808306391493841 0.5181699527938279 1.550945166648937
1.813802007830263 0.5199972414885707 1.552911800484942
1.81780178895529 0.5213339749601367 1.554357888121959
1.820708487219094 0.5223090201960746 1.555416622952962
1.822818504727773 0.5230187344351933 1.556189320615538
1.824349004887704 0.5235345411811029 1.556751992133556
1.825458493356587 0.5239089894733258 1.557161035416046
0.3813037875887887 0.3244346258713022 1.691980320793179
0.3824223332433835 0.3245041221877625 1.691436719058617
0.3839650157915512 0.3245992007835968 1.690687205836488
0.386091104138542 0.3247290945295092 1.689655354473569
0.3890178850622179 0.3249055847234539 1.68823658047738
0.3930435719507231 0.3251443517580642 1.686289003269641
0.3985683752129758 0.3254643256279718 1.68362272939988
0.4061330511979003 0.32588881563392 1.679985129259402
0.416455986410034 0.3264442778242003 1.675046599106676
0.4304790274274503 0.3271584837941054 1.668387278746129
0.4494119496635896 0.3280580069559478 1.659492375538575
0.4747652940991333 0.329165665362472 1.647767253744582
0.5083500710120714 0.330503295517817 1.632592600489613
0.552212228321796 0.3321089055331825 1.613449769651798
0.6084561168381355 0.3340745522032834 1.590133025240663
0.6789096584241507 0.3366103994363924 1.563060066010249
0.7646035689186053 0.3401003900847624 1.533582184045242
0.8680221547646643 0.3460667877608558 1.503615238359394
0.9831207235042577 0.3554404261695118 1.478047183346575
1.094219571238127 0.3674225292300988 1.461549672736173
1.215659245963454 0.3835092903906349 1.452415527447878
1.330710222523536 0.4020868573932528 1.452184816233542
1.433922849037603 0.4216830258516661 1.459318041340464
1.521818718620568 0.441377724622884 1.471282129405083
1.594296127023769 0.459538530054068 1.484796561166789
1.651923642913637 0.4750322189540225 1.497884907674312
1.696640299665623 0.4877325886458641 1.509549256172598
1.730703428743728 0.4978218521973951 1.519358029322597
1.756296317326594 0.5056461785291183 1.52727113925836
1.775330745254541 0.5116046368426845 1.533466769279903
1.789382445382542 0.5160810079605657 1.538213804044592
1.799699555242793 0.5194102871388658 1.541794282763449
1.807244823922255 0.5218682036264118 1.544464371312505
1.812747117754665 0.5236730112466332 1.546439182266939
1.816751276955322 0.5249930234415034 1.547891067075256
1.819660812757906 0.5259556939307388 1.5489538930205
1.821772652712175 0.5266562876306352 1.549729473770671
1.823304296415194 0.5271653863602195 1.550294167965603
1.824414486092929 0.52753491468604 1.550704632320485
0.3751606079691987 0.3315139936244662 1.687212808699955
0.3762862540665735 0.3315877903644086 1.686681159832402
0.377838889204155 0.3316887842606391 1.68594803888837
0.3799789241171262 0.3318267068825644 1.684938430781976
0.3829253212050177 0.3320140732146855 1.683549768325088
0.386977940303108 0.3322673267590357 1.681642827112669
0.3925402008667553 0.3326064739498096 1.679030867779401
0.4001562347545584 0.3330558183996475 1.675465188121839
0.4105488607951973 0.333642662541889 1.670620493563718
0.4246650804303388 0.3343950900670837 1.664081088011733
0.4437200821045272 0.3353387651302237 1.655334855984181
0.4692289969841815 0.3364937473062762 1.64378599957536
0.5030047753093114 0.3378769357336337 1.628806539854396
0.54709021987573 0.3395201018526878 1.609856189949843
0.6035800618496279 0.341512562161449 1.586691936246296
0.6742879241976769 0.3440738880589616 1.55967927350729
0.7602330751124198 0.3476228620286229 1.530119004759991
0.8639129106608661 0.3535013356444736 1.499785684352039
0.9792580740292568 0.3626434768175119 1.473534131761409
1.092043236058312 0.374530100093643 1.455984593619916
1.212227989895493 0.3902633222913112 1.446123922689614
1.327645571268747 0.4087078592216076 1.445170630573884
1.431207728389911 0.4282166432176661 1.451763135911913
1.519462901106862 0.4476116611489081 1.463292012652735
1.592225487769586 0.4655140509591837 1.476638456320453
1.650050275605451 0.4808032743719217 1.489699032875491
1.694900764539235 0.4933380275969339 1.501392482998436
1.729054380556944 0.5032931386118584 1.511245710302752
1.754708567621698 0.5110101966372838 1.519201253740053
1.773784605416148 0.5168843373732133 1.525431723910757
1.787864515766699 0.5212954976695685 1.530205428721308
1.798200695691681 0.5245750424236483 1.533805588480434
1.805758776801924 0.5269954449298158 1.536489901930182
1.811269608875489 0.5287721940747321 1.538474868445287
1.815279408533236 0.5300713554522052 1.539933950905661
1.818192624644912 0.5310186049420044 1.541001852552016
1.820306843447365 0.5317078380958311 1.541781006781756
1.821839990143403 0.5322085840891155 1.542348204813895
1.822951108905444 0.5325719877724495 1.542760425966027
0.3674332780894914 0.3400517604190045 1.682227138697433
0.3685669095252446 0.3401315214462905 1.681709522054226
0.3701307776031222 0.3402407232334075 1.680995645755786
0.3722866166259145 0.3403898102475426 1.680012148042097
0.3752553490972623 0.340592332790391 1.678658828174408
0.3793387680428613 0.3408658583534586 1.676799577987855
0.3849441270901965 0.3412319600110145 1.67425135217038
0.3926196627862958 0.341716490143223 1.670770047757607
0.4030937109407772 0.3423482099251097 1.666035405507612
0.4173199215854669 0.3431560958339104 1.659636573508443
0.4365208816686352 0.3441652675322739 1.651064492630335
0.4622187695540136 0.3453929322112936 1.639721832763377
0.4962311408610903 0.346850234241547 1.624970122345286
0.5405997470041844 0.3485610916093844 1.606243067438016
0.5974096996541126 0.3506104821396028 1.583252896013977
0.668455624923968 0.3532278611284875 1.556302351570579
0.7547323403992077 0.3568732776452765 1.526631437159528
0.8578501428231952 0.3626467166516494 1.49612235144294
0.9727706714060567 0.3714817594832339 1.469169534326431
1.089501953553039 0.3834346737704664 1.449986576280517
1.20875379255117 0.3988660093072269 1.439220332742047
1.324369166842503 0.4171673198572107 1.437421461967478
1.428164399525154 0.4365814098839806 1.443366648899536
1.516752387093221 0.4556844343318216 1.454365920035189
1.589710710594124 0.4732482584065879 1.467460164290257
1.647694220736912 0.4882795281224597 1.480459715850861
1.692665422179946 0.5006116080179313 1.49217272580252
1.72690775360138 0.5104060089529373 1.502070438617779
1.752625760353228 0.5179963411271149 1.510071519681528
1.771747009555199 0.523771756356994 1.516340354694346
1.78585851004031 0.5281070017334708 1.521143765376527
1.796216509009728 0.5313288665545699 1.524765960642412
1.80378948024115 0.5337058717394698 1.527466232910737
1.809310352275881 0.5354502177931055 1.529462595499289
1.813326846087312 0.5367253286689194 1.530929748149883
1.816244464106679 0.5376548059163566 1.532003332050598
1.81836154813035 0.538330954429813 1.532786479171061
1.819896517898498 0.5388220844520164 1.533356468053665
1.821008772381343 0.5391784398378011 1.533770642457048
0.3942033427626329 0.3086431053743414 1.706465078230468
0.3953052790563201 0.3087046469199174 1.70589441920994
0.3968246992016479 0.3087888474876106 1.705107933788901
0.398918295731455 0.3089039908905571 1.704025896848586
0.401799116600047 0.3090605059494907 1.702539340140564
0.4057630068892917 0.3092729662317165 1.700500148984925
0.4112017963407421 0.3095582995745888 1.697711695069351
0.4186494115523073 0.3099383824151062 1.693912565237928
0.4288150794052555 0.3104387232727742 1.688763701272843
0.4426305760704281 0.3110874018074901 1.681836251904687
0.4612962033944804 0.3119142690225677 1.672610119265697
0.486316556814538 0.312949352625952 1.660494326470494
0.5195043727419224 0.3142261150171406 1.644890278354455
0.5629198811636581 0.3157966505389602 1.625330819051667
0.6186928534580427 0.3177582065530132 1.60169491400397
0.688676007054263 0.3202996283298613 1.574518317705364
0.773892433175843 0.3237296900490839 1.545262883796849
0.8741017474579245 0.3299220033892059 1.516968527970054
0.986432073051891 0.3397535496518495 1.49330469372967
1.105286364084452 0.3532999741077756 1.47776601751498
1.225088555247131 0.3699776218037423 1.470861789105912
1.338577363480798 0.3890162584709596 1.47233684918164
1.440426816989013 0.4089601032955427 1.48068787088375
1.527179732473213 0.4296711710919275 1.493578067550861
1.598574052025398 0.4484636057796169 1.507292130298824
1.655519129443581 0.4644895000760965 1.520315143912125
1.6998111564869 0.4776384055362451 1.531819844377318
1.733608688549839 0.4880991934560057 1.541458227871912
1.759033248922832 0.4962240774615214 1.549223083429478
1.777959518299655 0.5024201792925436 1.555300852829641
1.79194105766241 0.5070808593159574 1.559958532796394
1.802212426973137 0.510550876253376 1.563473042795762
1.809727869546626 0.513114986156073 1.566095181381771
1.815210809149491 0.5149992114295293 1.568035476203503
1.819202497017574 0.5163782210168285 1.569462661308669
1.822104100128763 0.5173845042750674 1.57050788144113
1.824210963357099 0.5181172129031115 1.571270935896435
1.825739562309793 0.5186499072497501 1.571826744657682
1.826847956931656 0.5190367310205468 1.572230905060429
0.3935080043519925 0.3095286747471089 1.705856111518473
0.3946109559751463 0.3095905920812749 1.705286918949594
0.3961317903700224 0.3096753075359966 1.704502441341528
0.3982273529316391 0.3097911461785641 1.703423129060568
0.4011109215618135 0.3099485981874091 1.701940256931702
0.4050785322357377 0.3101622884090464 1.699906039813494
0.410522443578169 0.3104492283702192 1.697124226770355
0.4179769833243159 0.3108313491711868 1.693333881679973
0.4281518837588922 0.3113341810719545 1.688196464670226
0.4419794537345426 0.3119857498386515 1.681283619756889
0.4606604543886277 0.3128156985934151 1.672075552086023
0.4856996833034575 0.3138536473874119 1.659981108221533
0.5189095694432914 0.3151324538023204 1.644400594363266
0.5623492802206334 0.3167035700564552 1.624864146367164
0.6181469038629669 0.3186642020050924 1.601246173230842
0.6881537639227763 0.3212047418206944 1.574076093382556
0.7733940033526124 0.3246384720862853 1.544809714449442
0.8738653169353681 0.3308262506887205 1.516398476533578
0.9864166516792708 0.34065053586879 1.492624591682796
1.104589168138414 0.3540955997194159 1.477064227236391
1.224502361841648 0.3707545630379933 1.470037098518999
1.338092340303754 0.3897837380719592 1.471417417737644
1.440026512704415 0.4097250622959953 1.479700005574525
1.526844252910166 0.430391774031622 1.492538464226093
1.598304179175879 0.4491675492235107 1.506241191200354
1.655288249972106 0.4651782346781057 1.519265022711801
1.699602980742554 0.4783132856243112 1.530775059271239
1.73341373037518 0.4887618745794226 1.540419557773017
1.758846072957544 0.4968764381604961 1.548189820440899
1.777776992852665 0.5030641131877758 1.554271890261521
1.791761341606075 0.5077181033295839 1.558932811077729
1.802034416546273 0.5111829233944427 1.562449692635087
1.809550890087783 0.513743060838349 1.565073537289872
1.815034443535856 0.5156242851746905 1.567015046700837
1.819026487443389 0.5170010475671091 1.568443091075687
1.82192828707012 0.5180056586529743 1.5694889164629
1.824035250837223 0.5187371292753366 1.570252396595291
1.825563892156589 0.5192689095669684 1.570808503461577
1.826672295798821 0.5196550606006609 1.571212872852444
0.3924470992403827 0.3108719506785098 1.704953157361582
0.393551583432899 0.3109344474724435 1.704386184729063
0.3950745530986394 0.3110199569284529 1.703604746621123
0.3971730849157311 0.3111368679952576 1.702529559088315
0.4000608049480898 0.3112957656348896 1.701052264988394
0.4040340385685421 0.3115113547705439 1.699025578165332
0.4094856950201477 0.3118007767164083 1.69625381915357
0.4169507122219912 0.3121860490166811 1.692476774313515
0.4271395934729907 0.3126927389087894 1.687356689009993
0.440985464952996 0.3133487943154963 1.680465957905786
0.459689802047806 0.3141835457578433 1.671285246142441
0.4847577386443115 0.3152259941701825 1.659223134687243
0.5180012819333777 0.3165080721588802 1.643678268263848
0.5614780437469793 0.3180802399376689 1.624176683266132
0.6173136076741674 0.3200396104536833 1.60058588798496
0.687357174089315 0.3225788872679035 1.573425700067488
0.772634326001325 0.32601817299615 1.544142761476944
0.8734816803642136 0.3321982480362361 1.51556086501253
0.9863491801225434 0.3420092458046274 1.491622454242929
1.103545478521798 0.3553070924058447 1.47602384733098
1.223621637555598 0.3719377361601215 1.468811447609034
1.337360886967671 0.3909526311304559 1.470048858158221
1.439420604368012 0.410890283164549 1.478228192582659
1.526335515176978 0.431491618850903 1.490988427739228
1.597892896872529 0.4502420798095503 1.504673610430052
1.654935190380812 0.4662299470434595 1.51769862720098
1.699284007349454 0.4793443510825521 1.529216820412625
1.733114711116685 0.4897748170543867 1.538870688773568
1.75855886427788 0.4978740690088164 1.546649243533911
1.777496876118249 0.5040492482714293 1.552737911364013
1.791485528136246 0.5086933195754584 1.557403806319743
1.801761226784928 0.5121504341355911 1.560924329019846
1.80927929334227 0.5147046808623505 1.563550793959556
1.814763800319862 0.516581454472427 1.565494169490357
1.818756401168272 0.5179548834866414 1.566923534581952
1.821658511476085 0.518957013746327 1.56797029065508
1.82376563709246 0.5196866473798436 1.568734425627299
1.825294349602727 0.5202170711479532 1.569290991315265
1.826402772054439 0.5206022236440938 1.569695682525372
0.3908440239100729 0.3128839029786394 1.703647463155009
0.391950782194198 0.3129472967775971 1.703083800752015
0.3934769216567799 0.3130340355455882 1.70230689501085
0.3955798635182677 0.3131526079781649 1.701237858136308
0.3984737531669791 0.3133137464018991 1.699768881808664
0.4024553482296898 0.3135322829617345 1.697753424061573
0.4079185315000268 0.3138255626350164 1.694996657624956
0.415399157554055 0.3142157442669019 1.691239446389492
0.4256088932932001 0.3147284646610515 1.686145206855519
0.4394821093167346 0.3153915707061756 1.679287453230502
0.4582213903490327 0.3162339394387082 1.67014753647138
0.4833324419138182 0.3172836531897697 1.658133640251655
0.5166267418094791 0.3185712539368974 1.64264192750271
0.5601596991347013 0.3201456876906237 1.623192310090345
0.616053248370662 0.3221038716592795 1.599641982490072
0.6861533632841028 0.3246419007478955 1.572496405288296
0.7714873702670729 0.3280900563917353 1.543188506372784
0.8728518640444253 0.3342574480198565 1.514365026641378
0.9861531641549758 0.3440443941499984 1.490184824017791
1.102018486444881 0.357136973424287 1.474515954887635
1.22232599512671 0.3737258028430381 1.467028304389098
1.336278592093955 0.3927198572179244 1.46805304250392
1.438518773958223 0.4126525588432176 1.476078447376566
1.525575533234446 0.4331600688503009 1.488721488555296
1.597273343988191 0.4518722612715612 1.502379050634242
1.654400099418446 0.4678262531815371 1.515405282081293
1.698798716515306 0.4809103166052848 1.52693550134464
1.732658783459466 0.4913142849004403 1.5366033686012
1.758120435879835 0.4993912024288999 1.544394364268305
1.77706902151723 0.5055481738597107 1.550492950056158
1.791064125639541 0.5101777983169553 1.555166329554924
1.80134377850647 0.5136236910849662 1.558692334380603
1.808864258171482 0.5161693586924151 1.561322746072528
1.814350217652599 0.5180396496534224 1.563268933309086
1.818343672743677 0.519408222784703 1.564700288890855
1.821246264288172 0.5204067385317114 1.565748447992785
1.823353644631923 0.521133695275737 1.566513570393087
1.824882473194949 0.5216621419504922 1.56707082812427
1.825990930972997 0.5220458388760725 1.567476004862002
0.3884570636302385 0.3158407867690506 1.701830149481498
0.3895671115348788 0.3159055727036282 1.701271313085771
0.3910978395448 0.3159942198716925 1.700501015170278
0.3932071704177566 0.3161153739418533 1.69944094531735
0.3961100071183188 0.3162799976680309 1.697984095243312
0.4001037387469505 0.3165031289175257 1.695985008000091
0.4055836753721287 0.3168024361075242 1.693250098269714
0.4130870231028207 0.3172003168661068 1.689521800453653
0.4233271765076382 0.3177225483299456 1.684465237378461
0.4372403779569637 0.3183968723016695 1.677655553180146
0.456030928374335 0.3192515436212296 1.668575093712402
0.4812055223876293 0.320313328479954 1.656631452802579
0.5145750846413314 0.3216107308249366 1.641217153145044
0.5581920640528057 0.323190427102315 1.621843132578213
0.6141732451304383 0.3251489393662104 1.598351470395998
0.684359722985096 0.3276872045028846 1.571226574973603
0.7697804028378028 0.3311503918825969 1.541881251701378
0.8718082137410064 0.3372976903005168 1.512731797278229
0.9856656926079662 0.3470418354817135 1.488205463868887
1.099859757351302 0.3598660897791305 1.472403021185166
1.220478874284221 0.3763955703235516 1.464515245726803
1.334721752608564 0.3953607446928994 1.465229810473261
1.437209493717782 0.4152876693795531 1.473029816940711
1.524465285074214 0.4356658733832179 1.485499760849145
1.596356223469804 0.4543206964754677 1.499112993998573
1.653600248548063 0.4702251772572382 1.512139151329734
1.698068701507281 0.4832655624562948 1.523686141419346
1.731970359663319 0.4936316839709342 1.533374140796641
1.757457035893447 0.5016768247912652 1.541183196948659
1.776420872643469 0.5078079391501915 1.547296238934423
1.790425353439042 0.5124170652274996 1.551980549268204
1.800710791279961 0.5158470412830888 1.55551456857304
1.808234823115421 0.5183805416818471 1.558150753117127
1.813722934092246 0.520241638330404 1.560101054006125
1.81771766349074 0.521603323606473 1.561535322049403
1.820620979663534 0.5225967115432733 1.562585534064331
1.822728749069984 0.5233198700228264 1.563352101207986
1.824257760143183 0.5238455108485751 1.563910371416403
1.825366279314156 0.5242271416986102 1.564316258424536
0.3849806751014624 0.3200663938873119 1.699442589874694
0.3860953081114931 0.3201333353589267 1.698890562125891
0.3876324387081295 0.3202249386588804 1.698129586708178
0.389750695491476 0.3203500972295492 1.697082167203405
0.392666051199218 0.3205201345251204 1.695642423579986
0.3966767879531528 0.3207504249839557 1.693666429429269
0.4021802465029079 0.3210591544193368 1.690962349751363
0.4097155713412624 0.3214691333030529 1.687274832441719
0.4199986602307531 0.3220064279816865 1.682271402999708
0.433968517365637 0.3226987330745274 1.675529496256109
0.4528320727633487 0.3235735230103124 1.666532844278479
0.4780977427642521 0.3246557745430737 1.654688174823048
0.5115761270224153 0.3259711155413649 1.639382810278013
0.5553160144684756 0.3275629130867332 1.620114905106236
0.6114272557587925 0.3295269248620149 1.596705011515439
0.6817436489016132 0.3320707297494965 1.569607539553163
0.7672942288683324 0.3355606351253532 1.540206599597748
0.8700767580689974 0.3416777347626012 1.510649047219467
0.9845692692301652 0.3513480353859769 1.485646696840713
1.096958403031812 0.3638566039321806 1.469585865765101
1.217963470183938 0.3803067674408078 1.461134744765335
1.332572010459035 0.3992351151214774 1.461410163307402
1.43537570251319 0.4191573583488152 1.468888752759929
1.522894884844617 0.4393680117621322 1.481108690301028
1.595032969443767 0.4579380608330255 1.49464970646856
1.652429313702969 0.4737718410033954 1.507671019995635
1.696989861717296 0.4867511976371365 1.519239427744668
1.730947196133055 0.4970650612111536 1.528954774627196
1.75646784333957 0.5050665912949915 1.536788801621518
1.77545264316246 0.5111623273964954 1.542921978359122
1.78947014997723 0.515743449210261 1.547621565457843
1.799763697008326 0.5191516956453689 1.551166803624596
1.807292747390418 0.5216685900019316 1.55381107445335
1.812783920331607 0.5235171387052553 1.55576713823128
1.816780477061928 0.5248694230947613 1.557205485651914
1.819684841837172 0.5258558113340437 1.558258572014235
1.821793181512985 0.5265737840936263 1.559027161001279
1.823322466653668 0.5270955933139676 1.559586847250645
1.824431084947004 0.5274744022151538 1.559993726996877
0.3800802716516124 0.3258666745555082 1.696565835531429
0.3812009675166303 0.3259369092043446 1.696022979337882
0.3827465783561712 0.3260330313227115 1.695274561640758
0.3848766797473471 0.326164321886625 1.694244181100218
0.3878086869926551 0.326342663190249 1.69282747623183
0.3918420879687439 0.3265839781568612 1.690882581369561
0.3973769919156449 0.3269072755858979 1.688220014400153
0.4049552148532073 0.3273360796303551 1.684587398658839
0.4152961536188715 0.3278970371565747 1.679655483642385
0.4293427676103625 0.3286179940543208 1.673004766697471
0.4483059319743958 0.3295255865947 1.664120803171026
0.4736970155683704 0.3306425414768013 1.652409071481883
0.507327062032133 0.3319906444022962 1.63724973693281
0.5512409231044552 0.3336086299482543 1.618123455585326
0.6075397299274439 0.335590855387263 1.594821335529063
0.6780465999276724 0.338153505888196 1.567756738376206
0.7637865895801745 0.3416916515472933 1.538274477056077
0.8672464524199835 0.3477666559830892 1.508263913320137
0.9823174349641118 0.3573161603627517 1.482645299662043
1.093333176173787 0.3695167837929845 1.466088786576312
1.214753716830086 0.3858703256887374 1.456879991877496
1.329769015118728 0.4047579646361056 1.456559604731539
1.432932681249476 0.4246814751186105 1.463597117730992
1.520771930710316 0.4446945073972687 1.475468334219697
1.593192401085191 0.4631423455044708 1.488891662030352
1.650767384061338 0.4788785712478623 1.501896054208013
1.695438724226296 0.4917762026322385 1.513488078899117
1.729464678898987 0.5020212730235569 1.523237570534337
1.755028120067911 0.5099659117545932 1.531103773880183
1.774039827925622 0.5160157120718203 1.537263223046913
1.788074315704082 0.5205605592090234 1.541982856522308
1.798378568217106 0.5239406917619038 1.545542852923649
1.80591431306933 0.526436112562492 1.54819777022628
1.811409607220292 0.528268438027095 1.550161420908318
1.815408644153518 0.5296085676833184 1.551605135548171
1.818314445064088 0.5305859044880586 1.552661999959321
1.820423574766611 0.5312971701729708 1.553433243332716
1.821953247066478 0.5318140224323245 1.553994785950256
1.823062012826695 0.5321891796902974 1.554402965189341
0.3734880808010942 0.3333963588007453 1.693521721551836
0.3746162397652369 0.3334714651858381 1.692990475462899
0.3761723152874829 0.3335742767135009 1.692257953984276
0.3783170735371898 0.3337146625049044 1.691249139157273
0.3812697569858572 0.3339053450250928 1.689861589107885
0.3853313815750393 0.3341631149831339 1.687956044456207
0.3909056170522522 0.3345082539965005 1.685345991377282
0.398537763562226 0.3349654800998441 1.681782806298186
0.4089518667229434 0.3355625301352347 1.676941293420368
0.4230963012741205 0.3363278466681381 1.670405778451888
0.4421876415007894 0.3372874168889559 1.661664034290366
0.467742102807619 0.3384614489517507 1.650119790891158
0.5015728360815179 0.3398669765132442 1.635143852505739
0.5457214466985856 0.3415366174601368 1.616194183878808
0.6022791052455404 0.3435623466969806 1.593023770454369
0.6730538898782255 0.3461706640876071 1.565992813432879
0.7590584768329223 0.3497935578672245 1.536395189137846
0.8627964710379149 0.3558159067568559 1.505977064120333
0.9781303016978438 0.3651835169930317 1.479628622300607
1.090872128805684 0.3773608410272991 1.461970317678774
1.211006612352411 0.393442198833112 1.451993873495031
1.326384833491684 0.4122961906238649 1.450911476767915
1.429887586268488 0.4322362085044001 1.45737545104945
1.518070766220058 0.45204798431407 1.468785109725534
1.590757998602569 0.4703266485894174 1.482021552538369
1.648511152616332 0.485934740427555 1.494984769063256
1.693298503840926 0.4987291342184342 1.506596406039278
1.727399467112742 0.5088893274386393 1.516383590579129
1.753011421870541 0.5167646750405483 1.524287374995732
1.772054551233119 0.52275890831343 1.530478161223307
1.786109334570278 0.5272600295918742 1.535221924138033
1.796426614954342 0.5306063334187913 1.538799753142975
1.803970621395919 0.533075937060984 1.541467549528013
1.809471058602061 0.5348887634589091 1.543440374585852
1.813473220044647 0.5362142841778246 1.544890571087934
1.816380846156715 0.5371807401703264 1.545951989431629
1.818490989647153 0.5378839412182232 1.54672642513046
1.820021165720133 0.5383948312200348 1.547290194207334
1.821130129588581 0.5387655948866128 1.547699927606333
0.3651696968487619 0.3424801783308443 1.690890088888114
0.366306234591436 0.3425620884044189 1.690372432433991
0.3678741009260508 0.34267424922915 1.689658516713599
0.3700354391259635 0.3428273723055654 1.688674938225258
0.373011627065991 0.3430353735652031 1.687321497345102
0.3771054644153845 0.343316334870099 1.685461980962941
0.3827248669118201 0.3436923963543896 1.682913332211569
0.3904193596277322 0.3441901401131134 1.679431297090913
0.4009187552694841 0.3448391548272459 1.674695380211331
0.4151783835326674 0.3456692483717328 1.66829430556792
0.434422563453963 0.3467063427490027 1.659718288388281
0.4601748833134996 0.3479682846876665 1.648368732261967
0.4942533395017217 0.3494668088675087 1.633604985684241
0.5386984223078939 0.3512270709048859 1.614857569359682
0.5955913215277384 0.35333737180058 1.591833472157055
0.6667201957806292 0.3560353852363349 1.564828754924921
0.753071909204677 0.3597970279880336 1.535075784561793
0.8562607979790071 0.3657628795779173 1.504434014715457
0.9711956703310877 0.3748864886976625 1.477324903046511
1.087907331303029 0.3872226864202603 1.457968348796367
1.207112443478279 0.4031212319146713 1.447021549713485
1.322677964054305 0.421967221097407 1.44503728464888
1.426395300931631 0.4419524122415326 1.450807215193205
1.514887271597783 0.4616048330406389 1.461649599111909
1.587743623386796 0.4796632607934869 1.474606497058554
1.645629374454401 0.4951140221382685 1.487489402153374
1.690513854309122 0.5077875592772746 1.499106950775871
1.724683473877903 0.5178514029412614 1.508928865817782
1.750342907153564 0.5256494614010447 1.516871153186441
1.769418346978015 0.531582295982084 1.523095199747691
1.783494763604355 0.5360353390605705 1.527864949614071
1.793826297212258 0.5393445386573202 1.531462098502034
1.801379514527775 0.5417858578810335 1.534143870659406
1.806885765250947 0.543577330323046 1.536126642977948
1.810891494806805 0.5448868523985431 1.537583851236614
1.813801221259534 0.545841389717284 1.538650179434449
1.815912538460489 0.5465357537763234 1.53942804360107
1.817443300554353 0.5470401074770336 1.539994192463159
1.818552495911616 0.5474060524277238 1.540405578871983
0.3938684944492775 0.3090704390545405 1.707903158468705
0.3949715975695968 0.3091317660244308 1.707334061560724
0.3964925712090528 0.3092157210583235 1.70654984065337
0.3985882768956925 0.3093304925837422 1.705470873637058
0.4014714999864656 0.3094864596316017 1.703988666196416
0.4054396693951635 0.3096982211872765 1.701955148327522
0.4108836055867552 0.3099825431883412 1.699174612359456
0.4183380287276288 0.3103612181363667 1.695386261581969
0.4285126414954462 0.3108596361907096 1.690251954394344
0.442339706748091 0.3115056315157411 1.683343923142807
0.4610199698806575 0.312328961316484 1.674143383497433
0.4860583126773322 0.3133595734409971 1.662060650598509
0.5192671927359418 0.3146312095429747 1.646497968986858
0.5627062364445247 0.3161970551328212 1.626989210439116
0.6185027354962764 0.3181569516996226 1.60341156740888
0.6885060496105198 0.3207046571516624 1.576297592086858
0.7737346399697024 0.3241564617549408 1.547102642290734
0.8739420693334331 0.3303950181774957 1.51886062969517
0.9862511254066704 0.3402993566961343 1.495236133206467
1.105068514172811 0.353944294488602 1.479715925311005
1.224828208441434 0.3707390265500198 1.472806578868859
1.338269952704872 0.3899075819784403 1.474251796654252
1.440073935608521 0.4099849869795953 1.482554574805234
1.526784606026221 0.430828044472652 1.495386216652279
1.598147494237349 0.449733264876789 1.509031185121853
1.655071858967982 0.4658507256344052 1.521984400082218
1.699351242182122 0.4790722398426798 1.533425623289588
1.733141647973933 0.4895895421833341 1.543010209980547
1.758562505862704 0.497757711917807 1.550731578850195
1.777487079475739 0.5039865482839665 1.556775332009425
1.79146801694923 0.5086717363810003 1.561407011844249
1.801739362063796 0.5121599616010307 1.564901971449952
1.8092550293282 0.5147375155382335 1.567509571107987
1.814738287708268 0.5166316225684491 1.569439144989581
1.818730301747772 0.5180178715788789 1.570858470860751
1.821632201397425 0.5190294446924913 1.57189795159344
1.823739329065092 0.5197660140086681 1.572656831055724
1.825268138692147 0.520301517906195 1.573209605156991
1.82637670838167 0.5206903890284125 1.573611567106197
0.3931339158232946 0.3100037560830113 1.707461833369811
0.3942380653341214 0.3100654861726574 1.706894154301456
0.3957604971692918 0.3101499923858808 1.706111871688757
0.3978582297561306 0.3102655092315828 1.705035534447203
0.4007442942862766 0.3104224817388601 1.703556877929275
0.4047162910161874 0.3106355640344852 1.701528156084382
0.4101655075943852 0.3109216143184262 1.698754012921973
0.4176270704400215 0.3113024868857644 1.69497410671268
0.427811203437054 0.3118036011760483 1.6898507823085
0.4416507199273051 0.3124527456323311 1.682956726876128
0.4603468417335936 0.3132794710713931 1.673773406647039
0.4854046639150155 0.3143133153199987 1.661710898544779
0.5186363395430553 0.3155874065004075 1.646170283323847
0.5621004122161196 0.3171542805309207 1.626682639734484
0.6179224792944392 0.3191137534810692 1.603120561124165
0.6879505108812328 0.3216612091652553 1.576010240980713
0.7732041092156083 0.3251176355807285 1.546801044028387
0.8736741533075632 0.3313551735616138 1.518437225855571
0.9862001859583065 0.3412582717387323 1.494698791828859
1.104331143391946 0.3548081060548118 1.479153824950393
1.224203785593654 0.3715914480087258 1.472119254843181
1.337748397717697 0.3907594029065378 1.473468025247603
1.439638184790935 0.4108439037704472 1.481701348870224
1.52641435909846 0.4316520608098945 1.494480961153959
1.597842687567595 0.4505495962549381 1.508114652660804
1.654805263499456 0.4666596821711669 1.521068881238048
1.699106274887752 0.4798738556721603 1.5325156900173
1.732908767778688 0.4903841785027658 1.542106639784485
1.758336363892609 0.4985460966837426 1.549833635057777
1.777264694951313 0.5047696142651656 1.555881869727594
1.791247714422672 0.5094504512559436 1.560516933514942
1.80152019130541 0.5129352202803994 1.564014374436784
1.809036447233172 0.5155100870615775 1.566623762855863
1.814519983941695 0.5174021366701977 1.568554612706734
1.818512102349476 0.5187868282473002 1.569974842961642
1.82141401126127 0.5197972318688003 1.571014961934272
1.823521100688966 0.5205329286343329 1.571774290966355
1.825049850575481 0.5210677838944698 1.572327380557948
1.826158354277091 0.521456174663434 1.572729563996063
0.3920128546943888 0.3114193721487812 1.706816784470207
0.3931185820272188 0.3114817270276287 1.706251249821652
0.394643213265212 0.3115670876391077 1.705471898799904
0.3967440040258193 0.3116837602476011 1.704399538968229
0.3996343574643002 0.3118422924638822 1.702926253020701
0.403612133319524 0.3120574253896585 1.700904784894934
0.4090693275202944 0.3123461614140075 1.698140310411917
0.4165416840937224 0.3127304539745279 1.69437317590446
0.4267402216629124 0.3132357734164287 1.689266461757445
0.4405985979291328 0.3138898459516856 1.682393542585656
0.4593187755255732 0.3147219161288316 1.673236262585378
0.4844062040181605 0.3157609039558881 1.661204336228608
0.5176726211472196 0.3170390049189695 1.645697079605997
0.5611749859837786 0.3186077575061769 1.626241338001899
0.6170363725870477 0.3205669152428351 1.602702732879617
0.6871026231214349 0.3231142994581371 1.57559781613423
0.7723948858469898 0.3265780132706196 1.546366862701397
0.8732425557396208 0.3328133795132352 1.517824584043483
0.9860800183567329 0.3427124983719869 1.49391524927641
1.103228269073274 0.356124905392162 1.478327022480144
1.223266568505973 0.3728913651941237 1.47110328789778
1.336962655867268 0.392058817678237 1.472306201666361
1.438979212036217 0.4121545142283126 1.480434373545124
1.525853087785122 0.4329117683355636 1.493134950906861
1.59737821968329 0.4517976807188471 1.506750908242617
1.654397533602245 0.4678968769526051 1.519706412644022
1.698730789015592 0.4811003073339067 1.531161605879178
1.732551377545071 0.491600434068019 1.540762192539602
1.757989104439512 0.4997532147926637 1.548497733520712
1.776923108767881 0.5059689496941171 1.554552783779658
1.790909285468233 0.5106434126753707 1.559192997495639
1.80118348691295 0.5141231135075531 1.562694216195689
1.808700645469187 0.5166940363815838 1.565306328728787
1.814184613407285 0.518583064060297 1.567239122160796
1.818176897731744 0.5199654666045351 1.568660730230868
1.821078826794603 0.5209741503847107 1.569701821709083
1.823185862984492 0.521708563344872 1.570461835868112
1.824714525928934 0.5222424638010428 1.571015406334089
1.825822932344835 0.5226301471885916 1.571417927421706
0.3903184532229079 0.3135392002934881 1.705905533079857
0.3914265189970348 0.3136025276448879 1.705343193233914
0.3929544114295477 0.3136892184909142 1.704568209742725
0.3950597391253223 0.313807691714977 1.703501775412549
0.3979564596438763 0.3139686554579538 1.702036490294746
0.4019428197172305 0.3141869904129946 1.700025828299345
0.4074118743168135 0.3144799269365321 1.697275757114372
0.4149002945807543 0.3148695824737323 1.693527647667124
0.4251202977102364 0.3153815226767924 1.688445675104713
0.4390068261861723 0.3160434024030153 1.681604236206367
0.4577629925358685 0.3168840301819179 1.672485734304661
0.4828948472876222 0.3179314189534531 1.660499336172101
0.5162136117797615 0.3192163730321172 1.645041714207731
0.5597740021446134 0.3207889201886463 1.625633378875251
0.6156954133096643 0.3227486753178582 1.602129519250764
0.6858204365367455 0.3252970518911567 1.575032256502013
0.7711720754263713 0.3287727880324855 1.545768256054433
0.8725401205308517 0.3350040838827016 1.516972296554763
0.9858064412267935 0.3448933152334602 1.492810912006769
1.101615008048052 0.3581156467301122 1.477144318111782
1.221888231585148 0.3748581662788159 1.469638861912089
1.3358003389104 0.3940261059329085 1.470624082897347
1.437998491074042 0.4141397208673744 1.478594910354311
1.525014203125358 0.4348251974599688 1.491176489639426
1.596678143773299 0.4536936026792684 1.504764105296445
1.653779216743418 0.4697769666706675 1.517720642351428
1.698159175341502 0.4829650071741348 1.529187973029484
1.732006113235089 0.4934505841506955 1.538802792480206
1.757458669333119 0.5015903254719372 1.546551034146825
1.776401020044722 0.5077949414793316 1.552616241322687
1.790391863909579 0.5124602856782363 1.557264139885286
1.800668626836955 0.5159327266450977 1.560770999682405
1.808187133192428 0.5184979938288509 1.563387181338181
1.813671749877569 0.5203826837429594 1.565322878440258
1.817664287883262 0.5217617977746678 1.566746545058478
1.820566252608874 0.5227680089190984 1.56778908952279
1.822673214025704 0.5235005749282888 1.56855012726787
1.82420175096225 0.5240331009088217 1.56910441612236
1.825310015105664 0.5244197654403089 1.569507441594436
0.3877951064197172 0.3166529342708623 1.704685568011865
0.388906549916089 0.3167177793003864 1.704127881950541
0.3904391564208132 0.3168065470815997 1.70335926044155
0.3925510477192635 0.3169278344722333 1.702301457172962
0.3954569893865302 0.3170926022632014 1.700847825437489
0.3994557922729066 0.317315958995222 1.698852902303759
0.4049420624857133 0.3176154994709919 1.696123807612074
0.4124538366830977 0.3180136204296348 1.692403403174228
0.4227051098364617 0.3185360751407018 1.687357455584437
0.4366327548609087 0.3192104691938537 1.680561844535919
0.4554416609150957 0.3200650300867995 1.671499776351391
0.4806389137675339 0.3211264902128647 1.659579598450333
0.5140352061085381 0.3224236363318694 1.644194092760828
0.5576822405106692 0.324004254346699 1.624854469838598
0.6136942157989285 0.3259676703141697 1.60140060721145
0.6839087832900874 0.3285204570034114 1.574313441408333
0.7693506167832631 0.3320169362576054 1.544999650593799
0.8713876886261744 0.3382413303847475 1.515859545872485
0.9852061531395473 0.3481088093151485 1.491335956883577
1.099332574709903 0.3610860871483764 1.475522901411188
1.219921826836273 0.3777969828338192 1.467606707239233
1.334127053664147 0.3969687768119972 1.468273365001696
1.436573244710746 0.4171114640629375 1.476012852716919
1.523786661591315 0.4377009451180678 1.488417759721537
1.595640304936765 0.456543147985387 1.501959315178933
1.652853902890856 0.4726039994811783 1.514915033402068
1.697298603111198 0.4857706746954926 1.526398958244507
1.73118233350974 0.4962361994237044 1.536034009162659
1.756655742019263 0.5043579851615162 1.543800516556514
1.775609905509563 0.5105472718041791 1.549880403063898
1.789607392643451 0.515200022746005 1.554539433736662
1.799887819505274 0.518662420954746 1.558054473880562
1.807408261905826 0.5212198527959853 1.560676558886357
1.812893814130978 0.5230985252770216 1.56261646886566
1.816886719725544 0.5244730721769307 1.564043121810423
1.819788737367311 0.5254758457827426 1.565087773569499
1.821895591705481 0.5262058417967903 1.565850295346935
1.823423946975871 0.526736453612716 1.566405625320168
1.824532005501136 0.5271216981763315 1.566809381447804
0.3841206274248529 0.3210975609509497 1.703187703545283
0.3852367695841848 0.3211647681415909 1.702636578242457
0.3867759412519252 0.3212567705120694 1.701876925408313
0.3888969852057125 0.3213824465860725 1.700831288718385
0.3918158066858048 0.321553154969441 1.699394082398032
0.3958320116560536 0.3217843797553394 1.697421341775896
0.4013424103017291 0.3220943016073221 1.694721807605025
0.4088869947281435 0.3225058013366044 1.691040439341637
0.4191823316796469 0.3230450066683369 1.686045238914137
0.4331681375751594 0.3237395785961731 1.679314161534813
0.4520520172028054 0.3246170520733899 1.670331517441855
0.4773428478125789 0.3257024558810652 1.65850444720567
0.5108510402796002 0.3270217698794762 1.643220154976006
0.5546245706860263 0.3286195524378235 1.623976573565919
0.6107706371567787 0.3305945586128576 1.600591733192139
0.6811194697608343 0.3331604966012971 1.573516337816991
0.766695891167781 0.3366938644304457 1.544128528039252
0.8694964375642875 0.342907749032098 1.514554288740293
0.9839486989351891 0.3527315982641162 1.489530454259735
1.096258392556074 0.3654281203816835 1.473438991526755
1.21723836668834 0.3821020567488523 1.464942438336587
1.331811402049673 0.4012864720246815 1.465156324262436
1.434572220882555 0.4214767144802619 1.472564471592701
1.522045013551656 0.441948240447056 1.484712877612119
1.594139214436219 0.4607516737822218 1.498178753650073
1.651497106272135 0.4767815180391134 1.511127886632353
1.696025749620758 0.4899198610509258 1.522632505116468
1.729957705259097 0.5003591338991706 1.532294711033327
1.75545872540664 0.5084574656283353 1.540086241828537
1.774428672060443 0.5146267026099018 1.546186407067402
1.788435100172101 0.5192629449079211 1.550860874471775
1.798720484105887 0.5227121472077476 1.554387277135891
1.806243552807059 0.5252592617310191 1.557017566592644
1.811730372263262 0.5271299956480101 1.558963331286936
1.815723769708982 0.5284985073466477 1.560394132646442
1.818625848173688 0.5294967317607369 1.561441709794805
1.82073254411073 0.5302233222839065 1.562206290099849
1.822260639074318 0.5307513945769693 1.56276306284701
1.823368405219839 0.5311347532534285 1.56316783049651
0.3789455650593798 0.3271847220761911 1.701600109425388
0.3800679025664346 0.3272555532363771 1.701057817237078
0.3816157457643402 0.3273525218546192 1.700310238852828
0.3837489023268486 0.3274849472525347 1.699280979983659
0.3866848117826785 0.3276648071366627 1.697865881143296
0.3907241480206246 0.3279082004074645 1.695922993524867
0.3962667206299701 0.3282342418747451 1.693263232927581
0.403855210422565 0.3286666470602845 1.689634373822644
0.4142097704550109 0.32923227208749 1.684707409733019
0.4282741784327437 0.329959109937518 1.678063057702084
0.4472601002985752 0.330874028892347 1.669187053978035
0.4726794644709064 0.3319999867849857 1.657484804548515
0.5063431953318027 0.3333592862394341 1.642335808678473
0.5502952551918151 0.3349920391999532 1.623219776568726
0.6066340323398144 0.3369959371289711 1.599924788353673
0.6771788567565811 0.3395940387264855 1.572860099612683
0.7629504375478897 0.3431931009211425 1.543364704810099
0.8664394873950753 0.34939313946805 1.513302637063159
0.9814741500551584 0.3591374960630518 1.487628044927413
1.09240153024133 0.3715768649163432 1.471010909055269
1.213800670780177 0.3882170976706937 1.461730433014459
1.328780081545658 0.4074334287954712 1.461327345088337
1.431895676399274 0.4277010592372386 1.468278737405768
1.519679642869641 0.4480469604283992 1.480067603967963
1.592044464005996 0.4667942285153095 1.49340970541429
1.649567992319552 0.4827832449168922 1.506338667279133
1.694194848451465 0.4958864080547534 1.517865337084682
1.728184247783918 0.5062937905373059 1.527561028538565
1.753718691667329 0.5143637601253951 1.535384526538762
1.772708003519663 0.5205087132594244 1.541510957554503
1.786725511915733 0.5251248933251502 1.546205541039826
1.79701707418545 0.5285580025452746 1.549746788732483
1.804543415528354 0.5310924937914306 1.552387805481759
1.810031796682161 0.5329534867643996 1.554341223181295
1.814025773978579 0.5343145743583261 1.555777442441566
1.816927885358042 0.5353071901390991 1.556828835324741
1.819034337605433 0.5360295738537574 1.557596096632798
1.820562062393067 0.5365545033272348 1.55815474504983
1.821669421622742 0.5369355243363348 1.55856082525011
0.3720001170283863 0.3350546699876894 1.700344570731741
0.3731300470171738 0.3351308755688729 1.699813460082598
0.3746885450503115 0.3352352157453025 1.699081165212056
0.3768366272942218 0.3353776776495825 1.698072633302632
0.3797936718037153 0.3355711719271311 1.696685506411286
0.3838616944497378 0.3358327713763151 1.694780384916981
0.3894443519250145 0.3361830348265785 1.692170924338664
0.3970878186351385 0.3366470652532715 1.688608445313651
0.4075169948059119 0.3372530492066393 1.683767694674623
0.4216811963972752 0.3380298737360934 1.677232824849232
0.4407979279936032 0.3390040608913596 1.668491265469401
0.4663840890531712 0.3401963792288167 1.65694602453354
0.5002528091540186 0.3416247037603385 1.641966490664175
0.5444447217175644 0.3433233868798483 1.623008677930832
0.6010481406534456 0.345388284977505 1.599821787014216
0.6718670106694536 0.3480538376477367 1.572761270581266
0.7579092703224153 0.3517657662665326 1.543115277273829
0.8616867332434426 0.3579513763719669 1.512603495397668
0.976994941506874 0.3675666818222232 1.486153844256919
1.089683815167867 0.3800580632124136 1.468388915227442
1.209762482889261 0.3965103065520716 1.458306126286623
1.325098708501136 0.4157948358710188 1.457110258193954
1.428541134341805 0.4361849634499948 1.463465184472762
1.516652254608035 0.4564298469641526 1.474776220399592
1.589264326890473 0.4750986955636822 1.48792200588796
1.64694606329153 0.4910371606527322 1.500804703045151
1.691670433463831 0.504100476936982 1.512348435690051
1.72571883779696 0.5144730619216237 1.522080634458873
1.751288607462373 0.5225123440715106 1.529941216244274
1.770298847263545 0.5286309603548756 1.536098813149237
1.784328507812357 0.5332252618991346 1.540817496281019
1.794626885891445 0.536640718625308 1.544376599215275
1.80215681278239 0.5391612895599662 1.547030532393081
1.807646849984989 0.541011489941304 1.548993159643998
1.811641368723341 0.542364318245774 1.550435888744982
1.814543401331052 0.5433506719228599 1.551491856324452
1.816649466821714 0.5440683439257143 1.552262323618102
1.81817667038805 0.5445897431003784 1.55282320807496
1.819283478114334 0.544968131513725 1.553230847956011
0.363277242101058 0.3444854472631252 1.700041053488591
0.3644156350961026 0.3445691606387529 1.699523042808311
0.3659860551211686 0.3446838081862953 1.6988086518646
0.3681509077920986 0.3448403296575446 1.69782439488646
0.3711318279563894 0.3450529606053462 1.696470018363009
0.3752323768146055 0.3453402198823414 1.694609104993399
0.3808607805640168 0.3457247676596468 1.692058498751761
0.3885674258006518 0.3462338537456872 1.68857364769123
0.3990830696788351 0.3468978722903889 1.683833643124065
0.4133641001274013 0.3477475197392799 1.677426567227559
0.4326359058019981 0.3488097275693499 1.668841659123201
0.458422888113915 0.350103432043468 1.657478802712222
0.4925431337533684 0.3516417506681205 1.64269498719764
0.5370360700173077 0.3534521602674529 1.623917493229436
0.5939798923758897 0.3556276489215872 1.600848482529087
0.6651581384164115 0.3584152441813696 1.573778323687114
0.751552209707617 0.3623071964985148 1.543933615143011
0.8547830916061766 0.3684839426321563 1.513153814585693
0.9697086016431125 0.3779173095956468 1.485890558745644
1.086382889944847 0.3906587245058582 1.466372480594292
1.205528893142839 0.4070454570257576 1.455267716288783
1.321036257211065 0.4264552413362969 1.453129212714145
1.424670106757461 0.4470284742947355 1.458759879339807
1.513062148476266 0.4672449638407791 1.46948207259649
1.58581360925426 0.4858105087631435 1.482335667488532
1.643599330704892 0.5016911766532662 1.495131440356116
1.688395292818947 0.5147146301472142 1.506677880919135
1.722490784653828 0.5250546222378505 1.516443375642718
1.748090541482604 0.5330656141847505 1.524341887094256
1.767119325156528 0.5391598430430838 1.530532563254485
1.781160016908105 0.5437336763752781 1.535277214106618
1.791464605147368 0.5471324413360044 1.538855672946914
1.798997712804242 0.5496397227758133 1.541523630188166
1.804489080213171 0.5514795330599518 1.54349624715619
1.808483853519657 0.5528243530253953 1.54494602017469
1.811385548416363 0.5538045969047953 1.546006920400281
1.813490996949395 0.5545176470282441 1.54678083028121
1.815017477480141 0.5550355660468829 1.54734410386974
1.816123560300426 0.5554113480810156 1.547753401490862
0.3935884768003386 0.3094270565790764 1.70939608933447
0.3946926874858854 0.3094880399062069 1.708828781650487
0.3962151397215919 0.3095715630950613 1.70804712730763
0.3983128470152757 0.3096857127970956 1.706971651832753
0.4011982995287964 0.3098408216800612 1.705494406870658
0.4051705666659047 0.3100513902343622 1.703467322753162
0.410619366703307 0.3103340741622534 1.700695789674913
0.4180802087552091 0.3107105006154638 1.696919693711757
0.4282632329931955 0.3112058810677325 1.691801939155407
0.4421011378339105 0.3118477387005547 1.684916004424204
0.4607950472570093 0.3126656747406447 1.675744611604528
0.4858500491913122 0.3136895199916622 1.663699581237816
0.5190781861268071 0.3149533920835743 1.648184280064913
0.5625385226742461 0.3165114830803633 1.628733501758347
0.6183556626578429 0.3184667683061185 1.605222871895958
0.688375626443825 0.3210183981439648 1.578181336820248
0.7736122873230175 0.3244909761810592 1.549057049144579
0.873813790449904 0.3307761702226426 1.520876975048034
0.9860979751344858 0.3407549210536372 1.497300048549425
1.104875391637001 0.3545012375726242 1.481804274048771
1.224590228217167 0.3714163498113985 1.474893455936135
1.337983179009147 0.390718233222305 1.47630993776914
1.439740423941873 0.4109325482721178 1.484563380810417
1.526408052505244 0.4319104591792585 1.497333712020306
1.59773885819016 0.4509312317223836 1.510905359817988
1.654641973006028 0.4671427440871222 1.523783937715706
1.698908266369587 0.4804390170692401 1.535156947323202
1.732691188127714 0.4910145976882408 1.544683498787689
1.758108061755443 0.499227456420009 1.552357814762479
1.777030721769653 0.5054901165172199 1.558364675775869
1.791010892316414 0.5102006399244382 1.562968104004991
1.801282089045971 0.5137076955962581 1.566441788933268
1.808797888554783 0.5162991564189101 1.569033549308973
1.8142813973082 0.5182034872929454 1.570951432553557
1.818273687373292 0.5195972265032965 1.572362181624168
1.821175846828371 0.5206142730206089 1.573395395220328
1.823283211935941 0.5213548375751649 1.574149713331318
1.824812212768459 0.5218932482946463 1.574699170463543
1.825920943277092 0.5222842377837831 1.575098728344749
0.3928161168840317 0.3104063794386044 1.709159173156961
0.3939213704650697 0.3104677945488987 1.708593207608492
0.395445277162476 0.3105519074568419 1.707813384928281
0.3975450068567696 0.31066685596024 1.706740393143822
0.4004333054944167 0.3108230436503596 1.705266494365807
0.4044093843284264 0.3110350334183234 1.703243932409547
0.4098634576159304 0.3113195824991681 1.700478411999001
0.4173314314052933 0.3116983921770653 1.696710240427363
0.4275239659000958 0.3121967186374802 1.691602760443262
0.4413743084104163 0.3128420607936297 1.684729844407369
0.4600840566312082 0.3136638365371678 1.675574387722103
0.4851585068084608 0.3146914973024512 1.663547882850441
0.5184093955767789 0.3159585834880741 1.64805243740341
0.561894697213268 0.3175186925774224 1.62861994994237
0.617737358338854 0.3194748445047256 1.605121394540808
0.6877820915081448 0.322027933801399 1.578079366500162
0.7730441011768648 0.3255074403076094 1.548936156170562
0.8735081725998778 0.3317967037156779 1.520628023461174
0.9860048904759308 0.341781908584068 1.496932146975992
1.104091069176892 0.3554410089230555 1.481407778945322
1.223920866039751 0.372353503853479 1.474369093828332
1.337418597428372 0.3916649087946022 1.475687539824648
1.439263022353694 0.4118969650668692 1.483870965023254
1.52599713790707 0.4328502536841589 1.496589632576278
1.597393501570454 0.4518729547003515 1.510150798023023
1.6543342905547 0.468085417468324 1.523031299266481
1.6986213372109 0.4813812372479694 1.534410777221196
1.732415373910748 0.4919553400402549 1.543944469219494
1.757838063602345 0.5001662274899499 1.551625055503965
1.776763680107536 0.5064268340430206 1.557636909892364
1.790745274053075 0.5111354613765678 1.562244117564366
1.801017079627985 0.5146408870362229 1.565720583272331
1.80853306299265 0.517231008609614 1.568314356173529
1.814016542029682 0.5191342713029561 1.57023368085124
1.818008704851124 0.5205271761749637 1.571645455797401
1.820910700934439 0.5215435801192492 1.572679396431631
1.823017899662114 0.5222836551761464 1.573434228666219
1.824546746375106 0.5228216954558458 1.573984048247224
1.825655341500999 0.5232124062381232 1.574383861576379
0.3916382998613951 0.3118901930353658 1.708825512979822
0.3927451236160924 0.3119522798339184 1.708261576861231
0.3942712208567079 0.3120373103232222 1.707484523801074
0.3963739975689581 0.3121535022271565 1.70641528750336
0.3992665863628344 0.3123113698613986 1.704946448252171
0.403248412851335 0.3125255750169448 1.70293072386581
0.4087104426391286 0.312813034416307 1.70017429442769
0.4161891846759785 0.3131955688590663 1.696418103879616
0.4263960915592704 0.3136985110327721 1.691326157396046
0.4402652521529876 0.3143493329746974 1.684472921954602
0.4589990008658835 0.3151771848213141 1.675341552979063
0.4841029815518627 0.3162109509060574 1.663343042941288
0.5173885146524865 0.3174832988167105 1.647877588246458
0.5609119792101063 0.3190469170526616 1.628472696323418
0.616793852123549 0.3210048743339267 1.604992285956702
0.6868768299718864 0.3235606876963036 1.577949317866664
0.7721779215776124 0.3270512306313076 1.548777187146123
0.8730201536980166 0.3333461965268527 1.520280908790833
0.9858228914258286 0.3433392232941223 1.496406196208169
1.102919592452308 0.3568731113876579 1.480832545613432
1.222917784391053 0.3737823570228899 1.4736004694684
1.336569468391164 0.393108905337352 1.474770433596311
1.438542278868903 0.4133685458226008 1.482847631567864
1.525375045752049 0.4342866178482908 1.495487561180631
1.596867956852623 0.4533123274818585 1.509032010803383
1.653864342629583 0.4695265512353048 1.521915035520435
1.698182073242761 0.4828220804668811 1.533304144378901
1.73199257004741 0.4933943282530289 1.542848587897454
1.757423882480939 0.501602562552092 1.5505386513268
1.776353883547205 0.5078603301086108 1.556558065868021
1.790337585786907 0.5125662987549624 1.561171000818998
1.800610288696795 0.5160694189214172 1.564651682496716
1.808126537256351 0.5186576351934991 1.56724850744923
1.813609964024659 0.5205593717979121 1.569170018447823
1.817601930073133 0.5219510808569339 1.570583349555317
1.820503676430217 0.5229665614834869 1.571618393099935
1.822610621863657 0.5237059317195734 1.572374005277891
1.824139234420554 0.5242434376522999 1.572924374714931
1.825247624097284 0.5246337457891852 1.573324575575192
0.3898603817739261 0.3141083420174952 1.708383547144616
0.3909695281308261 0.3141714775436467 1.707822634628916
0.392498867322594 0.3142579412056049 1.707049707906187
0.3946061561577131 0.3143760764406952 1.705986066599383
0.3975051029086829 0.3145365714736287 1.704524764839757
0.401495451897481 0.3147542471555234 1.702519226602641
0.4069692910471568 0.3150462732657596 1.699776339559877
0.414464033257736 0.3154346680391852 1.696037995451013
0.4246923249996232 0.3159449016567152 1.69096918489862
0.4385895347442177 0.3166044326888649 1.684145258031911
0.4573591403278831 0.3174420391541874 1.675049752439618
0.4825073768862579 0.3184857816596919 1.663092905851068
0.5158450487631345 0.3197670345183397 1.647672049183144
0.5594262771617264 0.3213371166306361 1.628308114726212
0.6153679358561828 0.3232991336226367 1.604854457210356
0.6855096191435812 0.3258604814603394 1.577809608383157
0.7708705302802665 0.3293690994193453 1.548593637018533
0.8722347070414923 0.3356719767050191 1.519829034506746
0.9854602440248872 0.3456728603204455 1.495689978677243
1.10120801805041 0.3590353356811103 1.480028665662051
1.221444663786815 0.3759416430382633 1.472508210640621
1.335315340401165 0.3952926528215135 1.473456239345542
1.437471367087843 0.415595221651695 1.48137417469239
1.52444649977539 0.4364652637869539 1.493895189470049
1.596077120631902 0.4554955385451961 1.507412574156012
1.653153019076169 0.471712976005143 1.520298333629698
1.697514732776056 0.4850088262438446 1.531701335352752
1.731348863865624 0.4955790450055187 1.541261605949267
1.756792565993784 0.5037839633887891 1.548965713834286
1.775728860674774 0.5100380193781382 1.554996364991864
1.789715575711131 0.514740432630308 1.559617824686123
1.799989544124877 0.5182404278841284 1.563104786203105
1.807506146442752 0.5208260385435622 1.565706158926467
1.812989470434952 0.5227256747597131 1.567630928175513
1.816981127751968 0.5241157301001931 1.569046578474401
1.819882492008548 0.5251299289908479 1.570083265635352
1.821989053411609 0.5258683178019462 1.570840040015712
1.823517312606379 0.5264050777219292 1.571391228692024
1.824625393096324 0.5267948224468557 1.57179200685379
0.3872181488298225 0.3173577265708658 1.707859221836353
0.3883306412406964 0.3174225022382218 1.707302715798844
0.3898646547793057 0.3175112084871483 1.706535802480873
0.3919784552083938 0.3176323874558648 1.705480314506342
0.3948865885604264 0.3177970017347457 1.704029996091347
0.398889261589595 0.3180201314242692 1.702039300186102
0.4043802038444634 0.3183193513998129 1.699316144090462
0.4118981573860445 0.3187170133745404 1.695603799002406
0.4221575369611238 0.3192388438267926 1.690568688038922
0.4360956315152654 0.3199123456779047 1.683787441691697
0.4549176846021483 0.3207658206008736 1.674744141902964
0.4801309525318816 0.3218261838687167 1.662847903131421
0.5135457132817697 0.3231229503533393 1.647491837900339
0.5572130541576755 0.3247054191843495 1.628187219683021
0.6132447580171231 0.3266766799594818 1.604771886733348
0.6834756680340083 0.3292497258466109 1.577723172295078
0.7689270804712237 0.3327887366115928 1.548441557394711
0.8709633535055747 0.3391024802068152 1.519311461572554
0.984735142598059 0.3491075087867563 1.49479175464621
1.098788866180412 0.3622528700693028 1.478969987868622
1.219345661791254 0.3791594445754097 1.471028547312712
1.333512513696612 0.3985505250380376 1.471651367692808
1.435917573507479 0.4189197950308864 1.479334761353019
1.523089702920299 0.4397293327743214 1.491678766397551
1.594907219866915 0.4587662353394636 1.505151679572331
1.652091450025831 0.4749894206120593 1.518038952594811
1.696513270893444 0.4882871690106827 1.529461029199507
1.730379762322275 0.4988558436244487 1.539043815148214
1.755840429297872 0.507057160034357 1.54676812721218
1.77478531388466 0.5133068094850097 1.552815021222052
1.788776100082729 0.5180048264067822 1.557448831984224
1.799051731022103 0.5215008672972273 1.560944902064133
1.806568741435552 0.5240831313719232 1.563552874226293
1.812051849666208 0.525980041589099 1.565482372217143
1.816043015087222 0.5273679340230335 1.566901388110561
1.818943794991786 0.5283804463492208 1.567940459965776
1.821049778253209 0.5291175374914443 1.56869892007433
1.822577509826782 0.5296533069290645 1.569251296595234
1.823685130929043 0.5300423009774817 1.569652911477308
0.3833833067670556 0.3219767714604796 1.707366778286887
0.3845004364012854 0.3220441013720239 1.706816491511147
0.3860409362368347 0.3221363025587566 1.706058065097242
0.3881637849469934 0.3222622308856551 1.705014083321393
0.3910847077835686 0.3224332811840962 1.703579263296418
0.3951045586580551 0.3226649585932119 1.701609509885182
0.4006193954621893 0.3229754881894325 1.698914190051211
0.4081698589325829 0.3233877915649317 1.695238517842885
0.4184729164412693 0.3239280788735494 1.690250930017638
0.4324686806397658 0.3246240563580372 1.683529849280049
0.4513650908096912 0.3255035005923191 1.674560098113485
0.476671172727976 0.3265918374400403 1.662749154567732
0.510196926812002 0.3279160241340393 1.647484085458115
0.5539896862920389 0.3295224733850937 1.628262367018132
0.6101543736854241 0.3315141172795882 1.604899678976513
0.6805186361586489 0.3341117365164445 1.577843072545819
0.7661044068515613 0.3377026654094547 1.548465029778818
0.8689087558836786 0.3440312404771422 1.518871343018606
0.9833100215827402 0.3540288035048872 1.493825000889719
1.095533304619322 0.3669339821197395 1.477704513380693
1.216484700051181 0.3838508841846168 1.469167493948426
1.331021370776964 0.4033080406791767 1.469327606657012
1.43374006331129 0.423780200710358 1.476674724443766
1.521168084157532 0.4445237403747185 1.488761282536072
1.593220157878036 0.4635696271088768 1.502160561296514
1.650541205541362 0.4798027958481235 1.515044517350361
1.695039286511457 0.4931058695587973 1.526490840577156
1.728946930933355 0.5036750123207704 1.53610407900179
1.754429145810787 0.5118735606639762 1.543856222364969
1.773384859119513 0.5181188801362769 1.549925662843811
1.787380670541926 0.5228121722035373 1.554576679061082
1.797658232245525 0.5263037623444319 1.558085458544014
1.805175569587832 0.5288821523260346 1.560702645030007
1.810658218482956 0.5307758461018972 1.562638745948673
1.814648590106098 0.5321611511862312 1.564062460189916
1.817548479417144 0.5331716245278978 1.565104859531235
1.819653602099128 0.5339071337125192 1.565865670448556
1.821180558245084 0.5344416871659652 1.566419702291881
1.8222875094652 0.5348297541668677 1.566822482301869
0.3780103688925725 0.3282636256612795 1.707178517745478
0.379133578840881 0.3283348684036604 1.706636622712155
0.3806825999952541 0.3284324281060233 1.705889647070638
0.382817360902177 0.3285656490646811 1.704861188063254
0.3857551697300058 0.3287465975268762 1.703447273370678
0.3897977398997468 0.3289914682521753 1.701505766154784
0.3953442894438379 0.3293195181318887 1.698847982330407
0.4029380600468652 0.3297546338103368 1.695221749216587
0.4132995673548516 0.3303239204013128 1.690298204264222
0.4273729456314438 0.3310556403852281 1.683658158786193
0.4463701567689745 0.3319771603478355 1.67478737939871
0.4718032395341247 0.3331121605787928 1.663091035253322
0.5054827105032027 0.3344842976823681 1.647947854741446
0.5494518504504645 0.3361360404629177 1.628836374067383
0.6058069493774524 0.3381698583586375 1.605541869051087
0.676364999615687 0.3408168154235539 1.578469825044384
0.7621443206915406 0.3444959100242141 1.548954259230238
0.8656419213716454 0.3508447373623408 1.518835328813306
0.9806244736864673 0.3608101714592297 1.493103068546918
1.091453026625013 0.3735145233805831 1.476428914037891
1.212825179108822 0.3904652015428189 1.467086565331897
1.327766817039031 0.4100303108989461 1.466615842594863
1.430834774699225 0.4306583488104312 1.473499385273041
1.518565141537353 0.4513498741645754 1.485224931197533
1.590876323025401 0.4704066888292413 1.498503340731983
1.648350310696249 0.4866564461205574 1.511371901960186
1.692934316357299 0.4999713476194076 1.522845481944129
1.726888476244273 0.5105458230298077 1.532497028616163
1.75239494439006 0.518744764752294 1.540285235229962
1.771362635188417 0.5249876145601436 1.546384241243425
1.785363743970968 0.5296771743390585 1.551057941628327
1.795643045023089 0.5331647774113067 1.554583518315733
1.803160298623932 0.5357394560229708 1.557212893694159
1.808641997911135 0.5376299359088466 1.559157729292757
1.812631084354042 0.5390125800943599 1.560587655750611
1.815529629196255 0.5400209111790155 1.561634451172426
1.817633493337666 0.5407547308392057 1.562398364726123
1.819159335695761 0.5412879679920173 1.562954578667973
1.820265335616297 0.5416750202225251 1.563358892614752
0.3708556489842262 0.3363195339672974 1.707767929980633
0.3719862468552091 0.3363965565421983 1.70723669747552
0.3735456522954283 0.3365020392650886 1.706504269869717
0.3756949756694483 0.3366460605228368 1.705495529298413
0.3786535165903734 0.3368416936590153 1.704108164858078
0.3827240494840277 0.3371062129788527 1.702202526539731
0.3883098303013124 0.3374604578193452 1.699592394257222
0.3959574614043254 0.3379298871877369 1.696028901447438
0.4063921330604485 0.3385431737626255 1.691186588764717
0.420563440462299 0.3393297918500234 1.684649251227047
0.4396891086122343 0.340317128867598 1.675903759945225
0.4652860758726244 0.3415271373277302 1.664352176408596
0.4991670526244572 0.3429795772362634 1.64936232251063
0.5433719315916604 0.3447118502682098 1.630388112398694
0.59998713447232 0.3468254080911919 1.607175320890295
0.6708145017020503 0.3495639507671904 1.58007540407837
0.7568600030095207 0.3533873515752666 1.550372324548773
0.8606467536726634 0.3597638841041224 1.519761705737123
0.9759056414029856 0.3696569073921527 1.493212192802441
1.08852510123296 0.3824914925493341 1.475350915587755
1.208538178400247 0.3993400329807427 1.465181925232117
1.323827791713293 0.4190755729862277 1.463900954254452
1.427208645247837 0.4399315228038408 1.470180033471209
1.515248368380835 0.4606212088612921 1.481426559878575
1.587786695198761 0.4796890922604378 1.494513341294699
1.645398578766481 0.4959646593859855 1.507342933292226
1.690061392390253 0.5093020415264237 1.518841356747048
1.724058423520596 0.5198909340225413 1.528536524969712
1.749586945736148 0.5280971149719649 1.5363678025126
1.768565015130907 0.5343423415967109 1.542502765518502
1.782570094568455 0.5390314829380142 1.547204276007347
1.792849972977563 0.5425173223244792 1.550750518361185
1.800366117689439 0.5450897654062115 1.553394908595829
1.805845973027722 0.5469780037406211 1.555350503624015
1.809833008588528 0.5483586248621094 1.556788076386496
1.812729564116317 0.5493652298304494 1.5578402758809
1.814831636294872 0.5500976304358907 1.55860799756426
1.816355929086807 0.5506297255208925 1.559166884811923
1.817460625516881 0.5510158743519749 1.55957307426794
0.3619701722335326 0.3458569347262289 1.709725418911357
0.3631088960770453 0.3459419783479897 1.709206751065479
0.3646797735470421 0.3460584675102821 1.708491464910672
0.3668452603955439 0.3462175168862305 1.7075059535354
0.3698269603013861 0.3464336194833343 1.706149858365103
0.3739288353593234 0.3467256304292146 1.704286457967086
0.3795589122389755 0.3471166675120144 1.701732418043578
0.3872678120557584 0.3476345734932622 1.698242747525235
0.3977864536418209 0.3483105334301836 1.693495956906826
0.4120713637757221 0.3491762381995538 1.687079283786516
0.4313480109055858 0.3502599580447781 1.678480764261431
0.4571407021159594 0.3515824043219231 1.667098547179399
0.4912670530405645 0.3531592551007687 1.652287151454781
0.5357656516499346 0.355021900795718 1.633470667381612
0.5927130121152318 0.3572699333553901 1.610347051894772
0.663890747436809 0.3601611884933955 1.583202309821433
0.7502785276440151 0.3642044743982228 1.553259678610381
0.8535080048371911 0.3706182284687994 1.522342129148936
0.9683890081925581 0.3803890430985064 1.494935514692926
1.085000209593589 0.3935610625712802 1.475280285168632
1.204070229835621 0.4104561331265172 1.464056183207862
1.319509575293566 0.4304437669239917 1.461813542150878
1.423054894598942 0.4516138379971034 1.467361275168754
1.511344901095636 0.4723994295539824 1.47801999992012
1.583990884698008 0.4914749340622947 1.490822639659754
1.641676683582242 0.5077871504506472 1.503576580734122
1.68638448486422 0.5211615413349748 1.515089280920427
1.720406249349381 0.5317783672499818 1.52482809988259
1.745946689638649 0.5400027825373039 1.532705901709234
1.764929111976832 0.5462587682279043 1.538880756060213
1.778934309489765 0.5509536624296119 1.543613474123453
1.789212127655369 0.5544421960717671 1.547183022081737
1.796725257362741 0.5570155899993652 1.549844374973113
1.802201839021894 0.5589038499281407 1.551812124689227
1.806185727940882 0.560284050278663 1.553258326017124
1.809079444104204 0.5612900610092395 1.554316613072543
1.811179062568145 0.5620218414932123 1.555088615224221
1.812701289846779 0.5625533577027626 1.555650499538499
1.813804280795472 0.5629390000489156 1.556058785765804
0.3933992081852313 0.3096677522749457 1.710955940492394
0.394504431560792 0.3097281950832372 1.7103907595228
0.3960282395592569 0.3098110055673159 1.70961212412965
0.3981277741488044 0.309924154777354 1.708540769753118
0.4010151849307039 0.3100779283071571 1.707069395801915
0.404991248284118 0.3102865615406801 1.705049888800288
0.4104444557077317 0.3105666567910672 1.702288980411627
0.4179110902075391 0.3109395590406481 1.69852734700805
0.428101668921762 0.3114302086324174 1.693429134072546
0.4419492458697375 0.3120657163416949 1.686569312693995
0.4606552228105192 0.3128754292582872 1.677432406895857
0.48572477098882 0.3138889972942931 1.665432074183235
0.5189693223996523 0.3151410299146362 1.649973230277525
0.5624474158417776 0.316686625999903 1.630591516900511
0.618280690414676 0.3186326248532526 1.607161299184897
0.6883118538651457 0.3211842650717547 1.580207393481302
0.7735502646372768 0.3246756175699346 1.551169748665324
0.8737396207451122 0.331007287878747 1.523066991582167
0.9859934121379691 0.3410619203026125 1.499551213008328
1.104726179583081 0.3549127844123679 1.484090223758607
1.224392588586613 0.3719519805771395 1.47718487664965
1.337734184276699 0.3913910196828528 1.478575712759271
1.43944287658972 0.4117460176751048 1.486779469544708
1.526066420488884 0.4328618852490783 1.499485435380432
1.59736431048348 0.4520013649663766 1.512978302995373
1.654245488221593 0.46830987667213 1.525775677966694
1.698498119800452 0.4816835285530244 1.537073892052015
1.732273097533226 0.4923195746154942 1.546536438227709
1.757685623624629 0.5005788833934616 1.554158635589769
1.776606088540523 0.5068767455701615 1.560124496716245
1.790585278507766 0.5116136571688982 1.564696445619901
1.800856165833701 0.5151403384655663 1.568146377600264
1.808371977584621 0.5177462994704991 1.570720426403818
1.813855647835131 0.5196612936071715 1.572625221066597
1.817848148725963 0.5210628456266436 1.574026358002343
1.820750520199257 0.5220856019202031 1.575052542551677
1.822858087600143 0.5228303351286009 1.575801741262925
1.824387254295962 0.5233717780711752 1.576347473562776
1.825496127058976 0.523764977551345 1.57674433026451
0.3925986439426177 0.3106813930773568 1.710971805999016
0.3937048566227991 0.3107423008320674 1.710407860480512
0.3952300462354381 0.3108257462883541 1.709630907686863
0.3973315038983078 0.3109397574390295 1.708561832369597
0.4002216361837003 0.3110946966406239 1.707093518483165
0.4042013175408927 0.3113048740688084 1.705078150255758
0.4096595499068132 0.3115870047897744 1.702322723327042
0.4171329825100699 0.311962528419074 1.698568288208736
0.4273326257169465 0.3124564575939933 1.693479362377457
0.4411920508909584 0.313095920102202 1.686631226569844
0.4599130988066802 0.3139101341963239 1.677508472444975
0.4850011154261957 0.3149284484098927 1.665524307267132
0.5182672109498664 0.3161849952384345 1.650082257706202
0.5617688333371981 0.3177344210124789 1.630714950051098
0.6176260564421715 0.3196837545785974 1.607292036440353
0.6876804596079401 0.3222401478612858 1.580332031284592
0.7729430586827098 0.3257427021958105 1.551269254340505
0.8733936423513626 0.3320857806642647 1.523030747068597
0.9858545395920963 0.3421569079137242 1.499389872497058
1.103890634333557 0.3559306494949518 1.483895835931023
1.223673714591636 0.3729778939508574 1.476859979789947
1.337121963451539 0.3924380634560701 1.478151799127907
1.438919345635615 0.4128225341857743 1.486286041162352
1.525610580117749 0.4339248215160608 1.498942027614818
1.596974398283757 0.45307635397115 1.512426595668389
1.653892957049042 0.4693944791992808 1.525228112579585
1.698165681513848 0.4827747886714173 1.536534821624185
1.731950979550876 0.493415008123358 1.546006234068397
1.757368540771603 0.5016767273884725 1.553636102584983
1.776291270539046 0.5079758711568498 1.559608056907773
1.790271308299059 0.51271339051526 1.564184628558819
1.80054234371954 0.5162403023719997 1.567637977004564
1.808057980662388 0.5188462964145938 1.570214511944817
1.813541347148014 0.5207612290459879 1.572121097771166
1.817533514103061 0.5221626823573237 1.57352351725113
1.820435567778585 0.523185332020269 1.57455061640532
1.822542853930522 0.523929965289736 1.575300465749992
1.824071781778362 0.5244713207035216 1.575846659785815
1.825180456773552 0.5248644465386197 1.57624384387549
0.391379950099814 0.3122141862189569 1.711019175627549
0.392487648933923 0.3122758182106825 1.710457099777467
0.3940149148668546 0.3123602529925049 1.709682693331974
0.3961192638236516 0.3124756075962782 1.708617066987487
0.3990134903705351 0.3126323644041217 1.707153383944942
0.4029986164266759 0.3128449518812312 1.705144278974007
0.4084644164484325 0.3131302624179673 1.702397147089179
0.415948095220013 0.3135098873227035 1.698653604897686
0.4261614140221481 0.3140089589962395 1.693578732583995
0.4400387371791341 0.3146546427720057 1.68674827897721
0.4587825891081102 0.3154759740565399 1.677646937006083
0.4838986124469118 0.3165018551806537 1.665687230268076
0.5171974774415847 0.3177657007434647 1.650270578589185
0.5607350359224821 0.3193214663781167 1.630925035417109
0.6166290278118316 0.3212764525954173 1.607513103901952
0.6867192756239703 0.3238406945000054 1.58054373631591
0.7720190638712415 0.3273609282225539 1.551442707558571
0.872846340274309 0.3337208947947758 1.523004370675647
0.9856063095856412 0.3438150908264699 1.49917520664934
1.102645154334519 0.357479063065271 1.483625136140569
1.222598861816574 0.3745394440530926 1.476391873451641
1.336203433067882 0.3940325465307246 1.477533704324135
1.438130977992831 0.4144625373308 1.485562438331886
1.524922111064148 0.435546366839152 1.498142135975578
1.596382572567989 0.4547162428976755 1.511613238440512
1.653355931701638 0.4710492347461286 1.524420613200695
1.697658085522666 0.484439999813536 1.5357400140327
1.731458462067918 0.4950868974718309 1.54522479201093
1.75688334056455 0.503352575575128 1.55286626341823
1.775809323262224 0.5096539103856209 1.558847448815633
1.789790539776697 0.5143925458117287 1.563431029958518
1.800061734819068 0.5179199562816075 1.566889561424194
1.807577065997987 0.5205261127198062 1.569469869164798
1.813059945710677 0.5224410357812028 1.571379173665533
1.817051589125733 0.5238424013082469 1.572783540065499
1.819953149450042 0.5248649348038292 1.573812027714635
1.822060001388076 0.525609449881329 1.574562864862486
1.823588561783078 0.5261506969400371 1.575109759939869
1.824696933275169 0.5265437288750492 1.575507441106045
0.3895453124993385 0.3144986540388175 1.711142336132925
0.3906552030705712 0.3145614161598306 1.710583050090314
0.3921855330205601 0.3146473953020997 1.709812443122747
0.3942941515426451 0.3147648482462532 1.708751963030219
0.3971944299699575 0.3149244457553378 1.707295189602572
0.4011876078816475 0.3151408051073133 1.70529542991102
0.4066646122854099 0.3154310994587893 1.702560674626826
0.414163479548506 0.3158171670438331 1.698833384811618
0.4243971010648611 0.3163243442493349 1.693779479741297
0.4383010464187133 0.3169798815354624 1.686975405584671
0.4570789028385664 0.3178125719397759 1.677906004006266
0.4822368275635655 0.3188506779783833 1.66598277345228
0.5155849394012735 0.3201265559011623 1.650603979653854
0.5591768305294587 0.3216931213317393 1.631290831831564
0.6151268350374898 0.3236580485269636 1.607895128974981
0.685272040477208 0.3262356472654449 1.580911499225451
0.7706285721583894 0.3297840929700556 1.551752909042628
0.8719762914076177 0.336168623700107 1.52302897778151
0.985150615969105 0.3462932635779899 1.498921306227423
1.100829702510423 0.359808986995703 1.483273606972986
1.221024546466914 0.376891223310338 1.475746041008908
1.334850835324734 0.3964356592394156 1.476663761610058
1.436963378179106 0.4169356240004612 1.484534354734856
1.523897782823494 0.4379965345765686 1.496998746553847
1.59549532413 0.4571938998326266 1.510447653809445
1.652546418869907 0.4735496705668355 1.523262791529153
1.696890256048367 0.4869567799747873 1.534600715309349
1.730711903437898 0.4976143592234105 1.544105280948171
1.756147013719385 0.5058865620116986 1.551764020551696
1.775077456166684 0.5121916664331367 1.557758977905346
1.789060197774505 0.5169323576952713 1.562353029949283
1.799331487436872 0.5204608098709382 1.565819309338051
1.806846271306096 0.5230674320785874 1.568405259142008
1.812328365280286 0.5249825068209583 1.570318630200908
1.816319187838332 0.5263838637349324 1.571725909125221
1.819219985058784 0.5274063136736283 1.57275647402768
1.821326170510699 0.5281507180245322 1.573508788997785
1.822854169683031 0.5286918512662429 1.574056732870684
1.823962079235412 0.5290847779322764 1.57445515766834
0.3868300034419912 0.3178301157898743 1.711436052856022
0.3879430383142197 0.3178946399297736 1.710880842866509
0.3894777682375564 0.3179830281953772 1.71011578705633
0.3915925243632405 0.3181037570210821 1.709062825658527
0.3945015156962211 0.3182677932791816 1.707616146914303
0.3985062941505609 0.3184900578140155 1.705630040228992
0.4039994698714019 0.318788170473329 1.702913365927908
0.4115202991825921 0.3191843767915036 1.699209818305692
0.4217833447326984 0.3197043685772052 1.694186541337013
0.4357259839473284 0.3203755871479796 1.687420997512097
0.4545534485137314 0.3212265417345888 1.678398240509102
0.479772802476984 0.3222846214168538 1.666528259857597
0.5131935857570636 0.3235806693168 1.65120469014234
0.5568663525769859 0.32516606572032 1.631938694921991
0.6129006260308201 0.3271489646252497 1.608566353201142
0.6831292493421631 0.32974986027357 1.581561242248947
0.76857131267833 0.3333437380188642 1.552317487470289
0.8705895575785131 0.3397630604343934 1.523203581956619
0.9843005903500852 0.3499240799477879 1.498694861624692
1.098271227977385 0.3632564264764029 1.482872562914468
1.21878893575611 0.3803755798273442 1.474915665240835
1.332913934145794 0.3999997926923179 1.475505346326246
1.435276596939411 0.4206063871091104 1.483143357763596
1.52240771656892 0.4416436913795664 1.495436179839915
1.5941899302541 0.460881271045335 1.508847977128754
1.651345766741537 0.4772714143215193 1.521672243707015
1.695745626142919 0.4907038317046907 1.533036256582109
1.729595665710978 0.5013784133364961 1.542569335973447
1.755044227009651 0.5096613576126854 1.550253160187132
1.773980328092547 0.5159729504102525 1.556268197061442
1.787964791311172 0.5207174113282446 1.56087754417404
1.798235909414791 0.5242479694298429 1.564355152275515
1.80574969793567 0.5268557103601387 1.566949355981089
1.811230516732416 0.5287713320991305 1.568868677628876
1.81522005534039 0.5301729162973241 1.570280218899466
1.818119680252072 0.5311954201016184 1.571313823801234
1.820224852462555 0.5319397912743632 1.57206830142175
1.821752004220055 0.5324808519943437 1.572617779974005
1.822859219622686 0.5328736931107612 1.573017292789885
0.3829130747300854 0.3225349146108939 1.712085972065113
0.3840304407980014 0.3226021660772429 1.711536538016488
0.3855712407229906 0.3226942858421973 1.71077934826501
0.3876944777177481 0.3228200938735611 1.709737040641663
0.3906155366071798 0.3229910202327764 1.708304665146374
0.3946363989510783 0.3232224738568747 1.706337903335643
0.4001520568726514 0.3235327840120322 1.703646846530893
0.407703503701981 0.323944871153267 1.69997693540409
0.4180077093519262 0.3244850517556795 1.694997046769076
0.4320047068622317 0.3251811785465193 1.688286078074174
0.4509022438903725 0.326061508845037 1.679329372544959
0.4762089856283803 0.3271523271985923 1.667534758713577
0.5097341163705471 0.3284824080811885 1.652289261805084
0.5535244269426011 0.3301009289519595 1.633089716089933
0.6096829640164335 0.3321165871825633 1.609749759217701
0.6800360482366415 0.334758506222171 1.582712886743961
0.7656045314958683 0.338425672411798 1.553346264021616
0.8683886158599986 0.3448923953692263 1.523736223046939
0.9827193433539732 0.3550894376329734 1.49867321278836
1.094841999081795 0.3682286428053552 1.482533248316053
1.215755901117569 0.385410402409546 1.47396984027293
1.330251718236387 0.4051574231349374 1.474093804411307
1.432926906681035 0.4259239882660515 1.481399303021507
1.520310828545906 0.4469479332354142 1.493443122196867
1.592322250946054 0.4662422281609605 1.5067925164438
1.64960814412347 0.4826829780016195 1.51962503446781
1.694077249984582 0.4961538901454255 1.531023912468004
1.727961943757456 0.5068551784782391 1.540596500276601
1.753426455155003 0.5151556197956422 1.548315508234997
1.77236879607306 0.521478258203009 1.554358862117177
1.78635464876903 0.5262295080895177 1.558989837107234
1.796624882363161 0.5297641540069751 1.562483486595702
1.804136855743466 0.5323743084560113 1.565089385875779
1.809615604861017 0.5342913202650491 1.567017141945622
1.813603149378828 0.5356936798245443 1.568434725236268
1.816500994737079 0.5367165924181473 1.569472639224084
1.818604649758905 0.5374611595470472 1.570230181918457
1.820130544124926 0.5380022946540921 1.57078183512138
1.821236736237251 0.5383951434809724 1.571182889316616
0.3774727948646083 0.3288803405171068 1.713412837374559
0.3785957888372178 0.3289517308592343 1.712871243987385
0.3801444944370223 0.3290495180974441 1.712124731851593
0.3822788044967288 0.3291830499580278 1.711096885392343
0.3852156760631679 0.3293644683453162 1.709683923599861
0.3892576459340957 0.3296099553955415 1.707743418130954
0.3948029294087707 0.3299389497365155 1.70508712888547
0.4023948881146516 0.3303754758084257 1.701462865124221
0.4127538276260872 0.3309469315523528 1.696541851273633
0.4268235574688206 0.3316820017305603 1.689904923345455
0.4458155872290066 0.3326088956469342 1.681037797941428
0.4712413522253477 0.3337526623605658 1.669345328528095
0.5049104371223445 0.3351394227164048 1.654205482194725
0.5488655596313421 0.3368153179062225 1.635095467075967
0.6052016364422866 0.3388895154355607 1.611798148792944
0.6757351842125937 0.341602567239804 1.584715716141792
0.7614848072309491 0.3453863331869654 1.555178245139226
0.864957230035235 0.3519141644866178 1.525003768697883
0.9798603043458622 0.3621330058010334 1.499220644095912
1.090570192418431 0.3751329279288652 1.482503713206813
1.211902931512339 0.3924191476913169 1.47312224275356
1.326800551815905 0.4123512057428317 1.472613636409139
1.429818999034431 0.4333514247509635 1.479463024952361
1.517496680940974 0.4543952173098043 1.491159259998267
1.589756340881708 0.4737652719662974 1.504404962073366
1.647183253156427 0.4902777262309791 1.517239586666681
1.691726750837772 0.5038053940564593 1.528681666937509
1.725647692359324 0.5145474923760084 1.538306089103296
1.751127829759859 0.5228756831010157 1.546072098413147
1.770075189867472 0.5292165783752518 1.552153577156026
1.784060887525512 0.5339795986916762 1.556813781611022
1.794328671412222 0.5375217432979209 1.560329151798328
1.801837391396216 0.5401366376755973 1.562950901968558
1.80731281777542 0.5420566233782276 1.564890093409582
1.811297313665157 0.543460836708495 1.566315869012418
1.814192511557593 0.5444848919003646 1.567359624916162
1.816293947491422 0.5452301545316156 1.568121322007619
1.817818023982164 0.5457717037715867 1.568675921783215
1.818922749139094 0.5461647909904499 1.569079063717276
0.3703140996951177 0.3369141208216095 1.715874430535882
0.371443839213025 0.3369915485718112 1.715342885693227
0.3730020545530623 0.3370976107343872 1.714610057448983
0.3751497349685206 0.3372424352189834 1.713600742826027
0.3781058048237876 0.3374392169137612 1.712212657771833
0.3821734566207313 0.3377053168053651 1.710305796909822
0.387755007373335 0.3380618446560872 1.707694055005407
0.3953968582742621 0.338534561293252 1.704128274187765
0.4058236900226037 0.3391526527038766 1.699282681185929
0.4199844283783872 0.3399463444005484 1.692740583284744
0.4390959808684815 0.3409442987983232 1.683988146886763
0.4646743429449057 0.3421704497326025 1.672426349845715
0.498531123913146 0.3436477985712803 1.657421416490152
0.5427056117052548 0.3454185218085322 1.638425124449482
0.5992834738954258 0.3475919053439402 1.615180402105408
0.6700670840466026 0.3504225820802409 1.58803572524477
0.7560642310715562 0.3543849164717016 1.558272820356659
0.8598138135538775 0.3609856818158376 1.527566268563601
0.9749856151904016 0.371191010429378 1.500929223013977
1.087508228010452 0.3843995794147408 1.482996396086782
1.207438449901586 0.4016671176688466 1.472779631315023
1.322672627652326 0.4218669896665369 1.471463206840494
1.425989110353996 0.4431940079488237 1.477722403957141
1.513958413899818 0.4643280328226819 1.488960972035117
1.586425733160687 0.4837916879432129 1.502040905043911
1.643971060450408 0.5004000877137258 1.514862495497097
1.688575500798102 0.5140073204151487 1.52635280122122
1.722523928809668 0.5248088268527353 1.536040530752441
1.748013471015193 0.5331788835703174 1.543865442859417
1.766961155579141 0.5395483468094848 1.549995217140198
1.780943025131859 0.5443305106533859 1.554692638718569
1.791205438127917 0.5478853674841621 1.558235735260307
1.798708572018917 0.5505086672965285 1.560877743365067
1.804178815401468 0.5524341960932552 1.562831556450468
1.808158786511408 0.5538420622619149 1.56426780766514
1.811050171321695 0.5548685187046756 1.565319032260708
1.813148473462467 0.5556153575367961 1.566086038799748
1.814670018181575 0.5561579369377895 1.566644402687649
1.815772721403118 0.556551693213709 1.567050210236251
0.3615583353644166 0.3462856951463491 1.719943162583103
0.3626953425025216 0.3463713749540044 1.719423596306579
0.3642638607164204 0.3464887586357923 1.718707079724521
0.3664261106849864 0.3466490549663738 1.717719854822807
0.3694032764237258 0.3468669190319447 1.716361420824843
0.3734992323448526 0.3471613921179951 1.714494661958429
0.379121116347152 0.3475559425446609 1.71193601455002
0.3868189309887178 0.348078876613751 1.708439934577506
0.3973226872727593 0.3487621110116761 1.703684222947763
0.4115877844314423 0.3496384216492578 1.697255121505998
0.4308383890849978 0.3507377947503184 1.688639304483978
0.456597415068403 0.3520835587235104 1.677233060356272
0.4906811406746179 0.3536954430224815 1.662388454485396
0.535127476291502 0.3556107929105536 1.643526595880617
0.5920128924433216 0.3579382547613763 1.620342140030087
0.6631206473355586 0.3609482410607941 1.593118472640202
0.7494338025982743 0.3651660754139268 1.5630785417102
0.8526004310354615 0.3718450481529852 1.532033318633448
0.9673869838044965 0.3819808707952076 1.504508119020305
1.083898871140654 0.3956042622581895 1.484759312648092
1.202870121018202 0.4130172519838482 1.473479212345009
1.318229816383933 0.4335805124928465 1.471211742644767
1.42168295216258 0.4553360400569505 1.476764451270351
1.5098721957763 0.4766741306465613 1.487447820292904
1.582416365231496 0.4962416457491207 1.500280819016527
1.64000668100247 0.5129685584366044 1.513063423453531
1.684630627317611 0.5266793614501212 1.524600671248708
1.718582420544392 0.5375611650876926 1.534359320012009
1.744066624595302 0.545989675184982 1.542252549664447
1.763005114709626 0.5524002600093223 1.548439121375299
1.776976685026076 0.5572108157940467 1.553180595932589
1.787229142530053 0.5607850956718489 1.556756615559827
1.794723346055694 0.5634216283815809 1.559422714841317
1.800185919430695 0.565356154828986 1.561393926767007
1.804159495309107 0.5667701391711792 1.56284264454542
1.807045650877084 0.5678007527726293 1.563902755427031
1.809139744152659 0.5685504173576176 1.564676076707926
1.810657940280658 0.569094915481219 1.565238915068342
1.811758000621238 0.5694899722608314 1.565647889379185
0.393377573961107 0.3096953416741823 1.712585593565662
0.3944836467686044 0.3097549077390505 1.712023084794011
0.3960085954013622 0.3098365307405242 1.71124820451278
0.3981096547561302 0.3099480362018103 1.710181993379453
0.4009985656638078 0.3100996505127372 1.708717955411116
0.4049778920397432 0.3103050973024955 1.706707895158471
0.410434718635063 0.3105809833322127 1.703960251117667
0.4179060663962659 0.3109481821129824 1.700216679432627
0.428102727618279 0.3114311996673956 1.695142891639315
0.4419579790249347 0.3120565503388983 1.688315765975629
0.4606733343519605 0.3128531393305581 1.679222133885702
0.4857538491799209 0.3138502899633606 1.667278072514202
0.519010046238482 0.3150832079341291 1.651890788857427
0.5624999642676983 0.3166077182756953 1.632596839379756
0.6183418829346125 0.3185355314473167 1.609269915129845
0.6883752375330858 0.3210790056164268 1.582430073682428
0.7736049923669921 0.3245834611273963 1.553507625606799
0.87377203820795 0.3309582198943724 1.525510616903286
0.9859865016977879 0.3410873339723116 1.502082230595541
1.104667156063816 0.3550436238758665 1.486677473682503
1.224279586622475 0.3722083660429343 1.479793586059619
1.337566054025657 0.3917861551609962 1.48116819423654
1.439223744275868 0.4122835340715049 1.489325461858999
1.525802168580121 0.4335382004585189 1.501965079609876
1.5970663738022 0.4527980698821356 1.515372544523265
1.653924972871399 0.4692056855534102 1.528079655837297
1.69816339124927 0.4826589182278115 1.539293478710627
1.731929970846684 0.4933574374985715 1.548683051722375
1.757337782965608 0.5016649073944819 1.556245381421073
1.776255763881827 0.5079993620528193 1.562163884714475
1.790233751506597 0.5127637497293351 1.566699318964933
1.800504160500024 0.5163108931279088 1.570121610840609
1.808019857630487 0.5189319861698657 1.572675000304714
1.813503594831778 0.5208581157639178 1.574564499586752
1.817496236951951 0.5222678291845223 1.575954386986277
1.820398769252218 0.5232965518186758 1.5769723359088
1.822506501088245 0.5240456428224955 1.57771553064003
1.824035806416378 0.5245902546820632 1.578256891176858
1.825144801380303 0.5249857644041968 1.57865057523274
0.392577826073279 0.3107077218882432 1.712919883087519
0.3936847640946479 0.3107677979227942 1.712358475711069
0.3952109242138085 0.310850118104672 1.711585091568886
0.3973136737366271 0.3109625724621922 1.710520903200611
0.4002049991635526 0.3111154721624071 1.709059566916239
0.4041874984581004 0.3113226362901639 1.70705316582089
0.4096487604819521 0.3116007996831597 1.704310338682778
0.4171261106667439 0.3119709638928791 1.700573057408313
0.4273307698830957 0.312457753267705 1.695507322791522
0.4411964552309182 0.3130877692144239 1.688690217860862
0.4599250339812751 0.3138898865783267 1.679608511268537
0.4850216527689514 0.3148932696112389 1.667677680180773
0.5182964604179737 0.3161328321321327 1.652303383423255
0.5618063914790464 0.3176642023498584 1.633019034466157
0.6176682997283958 0.3195995189910559 1.60969355101337
0.6877207769886897 0.3221532802658449 1.582840800173553
0.7729709388140464 0.325675939848641 1.553885830780661
0.8733953886828251 0.3320725085651801 1.525744442401509
0.9858093617035373 0.3422312653771499 1.502184373881866
1.103786173459712 0.3561233132888068 1.486742430337276
1.2235157137403 0.3733089687752459 1.479726571947803
1.336909878559577 0.3929209797316438 1.481003179062965
1.438657307166129 0.4134603725131422 1.489094011981428
1.525304418773576 0.4347128156836019 1.501688173219954
1.596634889872058 0.4539948334382152 1.515092344749606
1.65353063946134 0.470420518220877 1.52780840061158
1.697788593240129 0.4838872453226659 1.539034966587107
1.731564808704449 0.4945953155852274 1.548436955892814
1.756976976001735 0.5029093355814129 1.556009805530082
1.775896615365433 0.5092482068203025 1.561936622634369
1.789874943612626 0.5140155476367839 1.566478374729097
1.800145093177447 0.5175646601111374 1.569905357428083
1.807660297366838 0.5201870661678941 1.572462180838266
1.813143487136164 0.522114072099874 1.574354170580821
1.817135611160788 0.5235243716012872 1.575745853560538
1.820037687831912 0.5245534862173977 1.576765091954005
1.8221450357092 0.525302839551406 1.577509210286405
1.823674026331075 0.5258476269304748 1.578051231084239
1.82478276759439 0.5262432536480086 1.578445386514757
0.3913630070019711 0.3122353280004733 1.713441755486702
0.3924712405989152 0.3122961959586541 1.712882018701058
0.3939992157786899 0.3123795989959056 1.712110903943769
0.3961044989725744 0.3124935275670596 1.711049783849539
0.3989994471335249 0.3126484249136436 1.709592545871131
0.402986708203264 0.3128582595849925 1.70759169565235
0.4084546333302394 0.3131399667889702 1.704856176195459
0.4159410092679175 0.3135147501458562 1.701128438856333
0.4261577091334788 0.3140074231831956 1.696074924126438
0.4400391257800726 0.3146447305178849 1.689273027222866
0.4587876803614143 0.3154555126981435 1.680209424082793
0.4839086897019813 0.3164687024177556 1.668298685538154
0.5172117844392056 0.3177187746787269 1.652944126971882
0.5607522829855338 0.3192610527558231 1.633674399902496
0.6166449130856747 0.3212083073859582 1.610351184532358
0.6867269289563239 0.3237782642468535 1.583478955398989
0.7720084330667984 0.3273291741022463 1.554474771094871
0.8728043638701842 0.3337582189059193 1.526120627847686
0.9855071933480384 0.3439597357860183 1.502362347936984
1.102476374327666 0.3577614028095268 1.486858303568415
1.222376867109989 0.3749796364505307 1.479643018820518
1.335928489063884 0.3946443539211048 1.480771352469722
1.437807176530022 0.4152481923445602 1.488761478185096
1.524555136185055 0.436499208998465 1.501286253645649
1.595982310203174 0.4558146916138091 1.514684614757583
1.652932168949329 0.4722678969833444 1.527413880284442
1.697218461459423 0.4857553029555082 1.538659645123612
1.731008546943935 0.4964780871140592 1.548080439758307
1.756426883679543 0.5048022481743996 1.555669258605586
1.77534877693166 0.5111479901713664 1.561608710850091
1.789327460630513 0.5159199467961058 1.566160071190283
1.799597114623962 0.5194721512997135 1.56959419076939
1.807111504871347 0.522096628688762 1.572156240240191
1.812593820396044 0.5240250234635806 1.574052020911769
1.816585128981921 0.5254362561040631 1.575446437482205
1.819486494349785 0.5264659978120458 1.576467639182943
1.821593245901224 0.5272157729074637 1.577213163886795
1.823121749492273 0.5277608439604725 1.577756190142689
1.824230099177167 0.5281566608667029 1.578151063439329
0.3895401609279049 0.3145047704398292 1.714256360178777
0.3906502969649916 0.3145668655620219 1.713699124522088
0.3921809396114931 0.3146519470699554 1.712931407482294
0.3942899496313735 0.3147681616107251 1.711874881388378
0.3971902338022794 0.314926158031829 1.710423780060343
0.4011845111600353 0.3151401392154058 1.708431241817463
0.4066622689899013 0.3154273541425175 1.70570666614096
0.4141619835743016 0.3158093267046375 1.701993223294198
0.4243965094247186 0.3163111755645672 1.696958014142348
0.4383012684215439 0.3169598849142721 1.69017890471639
0.4570795501336213 0.3177842704154716 1.681142437673148
0.4822369974017908 0.318812939855192 1.669261835027658
0.5155825738413483 0.3200797196574687 1.653936914142387
0.5591693090783268 0.3216394612259951 1.634689208584803
0.6151088312411046 0.3236058399381372 1.611369568278725
0.6852362669791847 0.3262013680858485 1.584468398369754
0.7705655856710382 0.3297959884238922 1.555390773617711
0.8718749258538137 0.336272242371855 1.526732234097143
0.9849788506776141 0.346532783868633 1.502680939277342
1.100573616597328 0.3602145802038601 1.487070697751043
1.220715153021843 0.377483347537161 1.479558542024858
1.334489442301467 0.3972285880220872 1.48046575974171
1.436553955241403 0.4179303399017036 1.488305286319395
1.523445702400446 0.4391834498277031 1.500725297870371
1.595009317819924 0.4585486050556494 1.514113146525464
1.652035329184416 0.4750431398336862 1.52686139235962
1.696361279232438 0.4885618651918026 1.538135605839289
1.730170552977667 0.4993070925507101 1.547584483606772
1.755597215908128 0.5076468208991338 1.555197227582106
1.774521945714417 0.5140031735075801 1.561155640678804
1.788500834849587 0.5187822996274335 1.565721432672192
1.798769542735916 0.5223393337530219 1.569166277710952
1.806282583438923 0.524967064195631 1.57173618370664
1.811763504211348 0.5268976519733827 1.573637664716826
1.815753534591672 0.5283103659622181 1.575036192389761
1.81865379616033 0.5293411086381696 1.576060347095945
1.82075962828744 0.5300915607446524 1.576807987314368
1.822287384320993 0.5306370898324212 1.577352526130206
1.823395134968399 0.5310332158087019 1.577748479418528
0.3868551646612157 0.3177990044472186 1.715524355064464
0.3879680135103627 0.3178629905556196 1.714970791566321
0.3895024647463766 0.3179506595067532 1.714208063263906
0.3916168031052922 0.3180703998403778 1.713158282745389
0.3945247323145453 0.3182331792290604 1.711716193002991
0.3985290675926756 0.3184535673592749 1.709735861410025
0.404020953364134 0.3187493036320255 1.707027359690533
0.4115398756914638 0.3191424204431068 1.703334915891234
0.421800140326648 0.3196585317432952 1.698326604754128
0.4357387170039405 0.3203250278244271 1.691580990657814
0.454560254211938 0.3211707449049936 1.682584432030669
0.4797710262182098 0.3222238605103905 1.670748187273301
0.5131792510490755 0.3235172661110281 1.655466959347798
0.556834879908387 0.3251050850552428 1.636251853986144
0.6128451727707102 0.3271022267081022 1.612937829227148
0.683041872871518 0.3297381254723322 1.585994614964455
0.7684433431671583 0.3333999198177062 1.556809643531654
0.8704137204880787 0.3399423400806392 1.527734981926267
0.9840379551327944 0.350278808921312 1.503262374734259
1.097904481031754 0.3638170597819604 1.487466103791528
1.21836774355354 0.381163541556247 1.479521853159638
1.332440878886453 0.4010301956799819 1.480106402574915
1.434755383898723 0.4218784913657426 1.487725280151974
1.521843151634326 0.4431436036453508 1.499989808237169
1.593589334882335 0.4625805220846128 1.513358295936687
1.650716888121668 0.4791357995728552 1.52613267991987
1.695095259639074 0.4927011035254965 1.537448011140494
1.728929432563161 0.5034800249353347 1.546937948771949
1.754366450531529 0.5118433170802333 1.55458583663842
1.773294252386775 0.5182158514421175 1.560572165055022
1.787272786502783 0.5230059885504019 1.565159230340518
1.797539699121861 0.5265704897886103 1.568619896648037
1.805050500266833 0.5292032821787902 1.571201396843225
1.810529205335646 0.5311373037971462 1.573111292344286
1.814517247654162 0.5325523515323962 1.574515889667347
1.817415813606737 0.5335846809236335 1.575544404745385
1.819520244703627 0.5343362129524459 1.57629516899481
1.821046868016853 0.534882477401647 1.576841941603347
1.822153714829359 0.5352791030587349 1.577239489950047
0.3830078628664313 0.322421597110877 1.717480513501249
0.3841244161161749 0.322488460947948 1.716932189876027
0.3856640784259227 0.3225800695558783 1.716176580504031
0.3877857225137779 0.3227051819984778 1.715136426677193
0.3907041678870578 0.3228752551256555 1.71370719919068
0.3947223495310773 0.3231054280320946 1.711744291440327
0.4002337535717295 0.323414200129566 1.709058738429516
0.4077793006357764 0.3238244070562778 1.705396282142443
0.4180753871931753 0.3243624656019333 1.700426395588924
0.4320612657825306 0.3250564562221768 1.693728653823623
0.4509436936115255 0.3259353608939785 1.684789175273853
0.4762301563073426 0.327026838415685 1.673016449744328
0.509728284560475 0.3283624801498756 1.657797924780287
0.5534842145210179 0.3299952943688813 1.638629870861217
0.6095993542988388 0.33204174895615 1.615324585657545
0.6799001082434158 0.3347409220455717 1.588322256194455
0.7654085197350122 0.3385045244263579 1.558985040893596
0.8681317215373378 0.3451347580594502 1.529380306049126
0.9823566457119773 0.3555581010117478 1.504327024186607
1.094350530889108 0.3689557216327222 1.488199137812326
1.21520666172451 0.3864197904571622 1.47964651510083
1.329648734303863 0.4064656953592773 1.479775073048249
1.432273407915144 0.4275282785556972 1.487080348161252
1.51961071495308 0.4488284631818636 1.499120290826181
1.591581271868041 0.4683649540471158 1.512453071081841
1.648832952415703 0.4850066615469187 1.525261191200722
1.693274462477313 0.4986393354040579 1.536633840486118
1.727137633578693 0.5094676001445962 1.546181990154903
1.752585724567101 0.5178657604441096 1.553880033648744
1.771515762224406 0.5242624599846167 1.559906327341159
1.785492508434346 0.5290691786735358 1.564523899285392
1.795756072219605 0.532645012539512 1.568007274776022
1.80326318057921 0.535285543806787 1.570605425678998
1.808738402457828 0.5372248521638647 1.572527409311941
1.812723395695122 0.5386435173047451 1.57394072797254
1.815619399799616 0.5396783227812624 1.574975509183359
1.81772173508182 0.5404315514118658 1.575730763270657
1.819246675854789 0.5409789790825522 1.57628074647928
1.820352187267072 0.541376400943868 1.576680587498516
0.3777115800700602 0.328605033929694 1.720437350859978
0.3788328854720054 0.3286761706026566 1.719896208213425
0.3803792536122688 0.3287736326069047 1.719150355728922
0.3825103296165844 0.3289067335814971 1.718123397220137
0.3854424199988594 0.3290876640426125 1.716711803245523
0.3894785884649752 0.3293324286380507 1.714772785107297
0.3950154842724421 0.3296606801615992 1.712118705507936
0.4025959784240648 0.3300964997007538 1.708497389814134
0.4129393658536017 0.3306675839980336 1.703580243544451
0.4269881628137538 0.3314031671932241 1.696948253604372
0.4459523321735107 0.33233265056363 1.688087252693594
0.4713416028004688 0.3334831620133213 1.676401999336287
0.5049637014709918 0.3348845739697495 1.66127007807579
0.5488606356883172 0.3365882148288203 1.642167512385478
0.6051265361816102 0.3387122845743133 1.618875575614155
0.6755795665921165 0.3415085942044562 1.591793890674641
0.7612419765287264 0.3454225362342384 1.562249791820743
0.8646350653292835 0.3521603023835611 1.532041018768084
0.9794120886972025 0.3626637491941622 1.506236803954003
1.089966794662247 0.3759851257126519 1.489517193791338
1.211234476768171 0.3936220598549174 1.480147869874555
1.326072535081906 0.4139240294385505 1.479661123334022
1.429033910116875 0.4352891516175918 1.486539884625165
1.516657152713618 0.456670876237594 1.498268727914663
1.588866607494553 0.4763376214564439 1.511537140021175
1.646249189761534 0.4930966273763711 1.524384697745897
1.690755319896623 0.5068227893351899 1.535833302092408
1.724646025104886 0.5177206280911458 1.545460483116284
1.750102404386163 0.526168581843263 1.553227246271398
1.769031530136424 0.5326001655404583 1.559308531246122
1.783003464397044 0.5374310509999691 1.563968171489226
1.793260993643669 0.5410235452337601 1.567482899744989
1.800762131719417 0.5436755447565853 1.570104054200237
1.806231993529927 0.5456227464770164 1.572042744402763
1.810212421966822 0.5470468510508244 1.573468119268231
1.813104656820159 0.5480854057584676 1.574511563842063
1.815203944794635 0.5488412209881127 1.575273025984757
1.816726459946403 0.5493904343024927 1.575827448707651
1.817830058750128 0.5497890872541712 1.576230460088311
0.370817566522 0.3363586144783982 1.724738218612238
0.3719444603561319 0.336435827688943 1.724206393074896
0.3734987533227334 0.3365416204316663 1.723473201178949
0.3756410325327458 0.3366861023541756 1.722463367423467
0.3785894576131535 0.3368825195526862 1.721074663599379
0.382647193260444 0.3371481398301745 1.719166660861505
0.3882149065623927 0.337504297089177 1.71655345770752
0.3958379628936141 0.3379769284302732 1.712985597627598
0.4062394628142805 0.3385956913938588 1.708137021842729
0.420366374488178 0.3393916664838942 1.701590595850991
0.4394333447949464 0.3403951710583095 1.692831857246756
0.4649539968088938 0.34163295135371 1.681260834095461
0.4987377161947704 0.3431327556607282 1.666242456452662
0.5428230444599393 0.3449434614322669 1.647226630241677
0.5992959821050751 0.3471847853731604 1.623954440849777
0.6699625135562443 0.3501241449212944 1.596772765087861
0.7558370213914347 0.3542505070937584 1.56696344795119
0.8594803893418568 0.3611052467802969 1.536183554272084
0.9745067657782347 0.371650480399372 1.509495171889564
1.086888112885632 0.3852511084137393 1.491544081762449
1.206705932495518 0.4029401586781633 1.481351139460221
1.321868523126078 0.4235902804902011 1.480085545835964
1.425114906377746 0.4453612749269912 1.486418760551117
1.513015218230191 0.4669049654975902 1.49774260154486
1.585416651246345 0.4867284988299625 1.510900972532283
1.642901969250603 0.5036364574671671 1.523788054317976
1.687454607012665 0.517484889250917 1.535330764045754
1.721360310217105 0.5284755358180978 1.545059200709775
1.74681578403013 0.5369909082840095 1.552915079292266
1.765737010940513 0.5434702992557906 1.55906806920732
1.77969871984327 0.5483346479916905 1.563782715265501
1.789945986109916 0.5519504216881614 1.56733849840703
1.79743784796768 0.5546185768312443 1.569989798945395
1.80289976932462 0.5565769816878005 1.571950392822369
1.806873626278406 0.558008860397595 1.573391578419111
1.80976053679301 0.5590528095951014 1.574446385936805
1.811855577075602 0.5598123707215444 1.575215991328749
1.81337474407876 0.5603641866413891 1.575776237758343
1.814475722947279 0.5607646458812996 1.576183408123089
0.3624843739184476 0.3453147272949485 1.730618010329651
0.3636171194050693 0.3454000250065624 1.730097456139481
0.3651797764445055 0.3455169109726516 1.729379582434752
0.3673339752704491 0.3456765646203992 1.728390471963755
0.3702999942575367 0.3458936544162243 1.727029477079291
0.3743810108018273 0.3461871739159163 1.725159025610413
0.3799824071089906 0.3465807526753439 1.722595336588657
0.387652492226402 0.347102916473271 1.719092265340792
0.3981190125756494 0.3477861281147882 1.714326865286303
0.4123346173505187 0.348664211503102 1.707884348486917
0.4315203722355168 0.349769141651616 1.6992500157363
0.4571960535039098 0.3511276625422663 1.687818350302382
0.4911753336018702 0.3527651132311757 1.672939206795018
0.5354954081658633 0.3547269843386381 1.654031155879355
0.5922344846254356 0.3571336655359773 1.630786809081963
0.6631817612326785 0.360269923474728 1.603489118187909
0.7493301846564409 0.3646769791082926 1.573364488451405
0.8523520179247607 0.3716380278582602 1.54221741952591
0.9669771202552517 0.3821494884064345 1.514619330371624
1.08334157214912 0.3962196460549252 1.494847935261138
1.2021854960841 0.4141245576717769 1.48360969994109
1.317454110857034 0.4352162713754441 1.481437288042446
1.420816460366303 0.457494960385611 1.487126889116694
1.508914449164973 0.4793165856689637 1.497967054676275
1.581370039061212 0.499308776009366 1.510952653578523
1.638878840338997 0.5163899214850937 1.523870252384039
1.68343186530493 0.5303860158720795 1.535520262894438
1.717324770573992 0.541491399224657 1.545369335789258
1.742761767461417 0.5500915124575164 1.553332985269607
1.761663431067054 0.5566317664389548 1.559573265019517
1.775606833738806 0.5615391639837831 1.564355090752383
1.785838053792149 0.5651851518471251 1.567961100325534
1.793316408521896 0.5678744378396171 1.570649315214873
1.798767249572401 0.5698475978033459 1.572636743963196
1.802732185423998 0.5712897802328999 1.574097305313248
1.805612004724076 0.5723409219717158 1.575166040125271
1.807701465622279 0.5731055060126543 1.575945627465098
1.809216280620282 0.5736608311700467 1.576513012966088
1.810313882266093 0.5740637397192301 1.576925281882028

CELLS 4928 37440
8 8 348 2503 252 270 2629 3526 2152 
8 270 2629 3526 2152 271 2630 3527 2153 
8 271 2630 3527 2153 272 2631 3528 2154 
8 272 2631 3528 2154 273 2632 3529 2155 
8 273 2632 3529 2155 274 2633 3530 2156 
8 274 2633 3530 2156 275 2634 3531 2157 
8 275 2634 3531 2157 276 2635 3532 2158 
8 276 2635 3532 2158 277 2636 3533 2159 
8 277 2636 3533 2159 278 2637 3534 2160 
8 278 2637 3534 2160 279 2638 3535 2161 
8 279 2638 3535 2161 280 2639 3536 2162 
8 280 2639 3536 2162 281 2640 3537 2163 
8 281 2640 3537 2163 282 2641 3538 2164 
8 282 2641 3538 2164 283 2642 3539 2165 
8 283 2642 3539 2165 284 2643 3540 2166 
8 284 2643 3540 2166 285 2644 3541 2167 
8 285 2644 3541 2167 286 2645 3542 2168 
8 286 2645 3542 2168 287 2646 3543 2169 
8 287 2646 3543 2169 288 2647 3544 2170 
8 288 2647 3544 2170 289 2648 3545 2171 
8 289 2648 3545 2171 290 2649 3546 2172 
8 290 2649 3546 2172 291 2650 3547 2173 
8 291 2650 3547 2173 292 2651 3548 2174 
8 292 2651 3548 2174 293 2652 3549 2175 
8 293 2652 3549 2175 294 2653 3550 2176 
8 294 2653 3550 2176 295 2654 3551 2177 
8 295 2654 3551 2177 296 2655 3552 2178 
8 296 2655 3552 2178 297 2656 3553 2179 
8 297 2656 3553 2179 298 2657 3554 2180 
8 298 2657 3554 2180 299 2658 3555 2181 
8 299 2658 3555 2181 300 2659 3556 2182 
8 300 2659 3556 2182 301 2660 3557 2183 
8 301 2660 3557 2183 302 2661 3558 2184 
8 302 2661 3558 2184 303 2662 3559 2185 
8 303 2662 3559 2185 304 2663 3560 2186 
8 304 2663 3560 2186 305 2664 3561 2187 
8 305 2664 3561 2187 306 2665 3562 2188 
8 306 2665 3562 2188 307 2666 3563 2189 
8 307 2666 3563 2189 308 2667 3564 2190 
8 308 2667 3564 2190 10 371 2566 261 
8 252 2503 2504 253 2152 3526 3565 2191 
8 2152 3526 3565 2191 2153 3527 3566 2192 
8 2153 3527 3566 2192 2154 3528 3567 2193 
8 2154 3528 3567 2193 2155 3529 3568 2194 
8 2155 3529 3568 2194 2156 3530 3569 2195 
8 2156 3530 3569 2195 2157 3531 3570 2196 
8 2157 3531 3570 2196 2158 3532 3571 2197 
8 2158 3532 3571 2197 2159 3533 3572 2198 
8 2159 3533 3572 2198 2160 3534 3573 2199 
8 2160 3534 3573 2199 2161 3535 3574 2200 
8 2161 3535 3574 2200 2162 3536 3575 2201 
8 2162 3536 3575 2201 2163 3537 3576 2202 
8 2163 3537 3576 2202 2164 3538 3577 2203 
8 2164 3538 3577 2203 2165 3539 3578 2204 
8 2165 3539 3578 2204 2166 3540 3579 2205 
8 2166 3540 3579 2205 2167 3541 3580 2206 
8 2167 3541 3580 2206 2168 3542 3581 2207 
8 2168 3542 3581 2207 2169 3543 3582 2208 
8 2169 3543 3582 2208 2170 3544 3583 2209 
8 2170 3544 3583 2209 2171 3545 3584 2210 
8 2171 3545 3584 2210 2172 3546 3585 2211 
8 2172 3546 3585 2211 2173 3547 3586 2212 
8 2173 3547 3586 2212 2174 3548 3587 2213 
8 2174 3548 3587 2213 2175 3549 3588 2214 
8 2175 3549 3588 2214 2176 3550 3589 2215 
8 2176 3550 3589 2215 2177 3551 3590 2216 
8 2177 3551 3590 2216 2178 3552 3591 2217 
8 2178 3552 3591 2217 2179 3553 3592 2218 
8 2179 3553 3592 2218 2180 3554 3593 2219 
8 2180 3554 3593 2219 2181 3555 3594 2220 
8 2181 3555 3594 2220 2182 3556 3595 2221 
8 2182 3556 3595 2221 2183 3557 3596 2222 
8 2183 3557 3596 2222 2184 3558 3597 2223 
8 2184 3558 3597 2223 2185 3559 3598 2224 
8 2185 3559 3598 2224 2186 3560 3599 2225 
8 2186 3560 3599 2225 2187 3561 3600 2226 
8 2187 3561 3600 2226 2188 3562 3601 2227 
8 2188 3562 3601 2227 2189 3563 3602 2228 
8 2189 3563 3602 2228 2190 3564 3603 2229 
8 2190 3564 3603 2229 261 2566 2567 262 
8 253 2504 2505 254 2191 3565 3604 2230 
8 2191 3565 3604 2230 2192 3566 3605 2231 
8 2192 3566 3605 2231 2193 3567 3606 2232 
8 2193 3567 3606 2232 2194 3568 3607 2233 
8 2194 3568 3607 2233 2195 3569 3608 2234 
8 2195 3569 3608 2234 2196 3570 3609 2235 
8 2196 3570 3609 2235 2197 3571 3610 2236 
8 2197 3571 3610 2236 2198 3572 3611 2237 
8 2198 3572 3611 2237 2199 3573 3612 2238 
8 2199 3573 3612 2238 2200 3574 3613 2239 
8 2200 3574 3613 2239 2201 3575 3614 2240 
8 2201 3575 3614 2240 2202 3576 3615 2241 
8 2202 3576 3615 2241 2203 3577 3616 2242 
8 2203 3577 3616 2242 2204 3578 3617 2243 
8 2204 3578 3617 2243 2205 3579 3618 2244 
8 2205 3579 3618 2244 2206 3580 3619 2245 
8 2206 3580 3619 2245 2207 3581 3620 2246 
8 2207 3581 3620 2246 2208 3582 3621 2247 
8 2208 3582 3621 2247 2209 3583 3622 2248 
8 2209 3583 3622 2248 2210 3584 3623 2249 
8 2210 3584 3623 2249 2211 3585 3624 2250 
8 2211 3585 3624 2250 2212 3586 3625 2251 
8 2212 3586 3625 2251 2213 3587 3626 2252 
8 2213 3587 3626 2252 2214 3588 3627 2253 
8 2214 3588 3627 2253 2215 3589 3628 2254 
8 2215 3589 3628 2254 2216 3590 3629 2255 
8 2216 3590 3629 2255 2217 3591 3630 2256 
8 2217 3591 3630 2256 2218 3592 3631 2257 
8 2218 3592 3631 2257 2219 3593 3632 2258 
8 2219 3593 3632 2258 2220 3594 3633 2259 
8 2220 3594 3633 2259 2221 3595 3634 2260 
8 2221 3595 3634 2260 2222 3596 3635 2261 
8 2222 3596 3635 2261 2223 3597 3636 2262 
8 2223 3597 3636 2262 2224 3598 3637 2263 
8 2224 3598 3637 2263 2225 3599 3638 2264 
8 2225 3599 3638 2264 2226 3600 3639 2265 
8 2226 3600 3639 2265 2227 3601 3640 2266 
8 2227 3601 3640 2266 2228 3602 3641 2267 
8 2228 3602 3641 2267 2229 3603 3642 2268 
8 2229 3603 3642 2268 262 2567 2568 263 
8 254 2505 2506 255 2230 3604 3643 2269 
8 2230 3604 3643 2269 2231 3605 3644 2270 
8 2231 3605 3644 2270 2232 3606 3645 2271 
8 2232 3606 3645 2271 2233 3607 3646 2272 
8 2233 3607 3646 2272 2234 3608 3647 2273 
8 2234 3608 3647 2273 2235 3609 3648 2274 
8 2235 3609 3648 2274 2236 3610 3649 2275 
8 2236 3610 3649 2275 2237 3611 3650 2276 
8 2237 3611 3650 2276 2238 3612 3651 2277 
8 2238 3612 3651 2277 2239 3613 3652 2278 
8 2239 3613 3652 2278 2240 3614 3653 2279 
8 2240 3614 3653 2279 2241 3615 3654 2280 
8 2241 3615 3654 2280 2242 3616 3655 2281 
8 2242 3616 3655 2281 2243 3617 3656 2282 
8 2243 3617 3656 2282 2244 3618 3657 2283 
8 2244 3618 3657 2283 2245 3619 3658 2284 
8 2245 3619 3658 2284 2246 3620 3659 2285 
8 2246 3620 3659 2285 2247 3621 3660 2286 
8 2247 3621 3660 2286 2248 3622 3661 2287 
8 2248 3622 3661 2287 2249 3623 3662 2288 
8 2249 3623 3662 2288 2250 3624 3663 2289 
8 2250 3624 3663 2289 2251 3625 3664 2290 
8 2251 3625 3664 2290 2252 3626 3665 2291 
8 2252 3626 3665 2291 2253 3627 3666 2292 
8 2253 3627 3666 2292 2254 3628 3667 2293 
8 2254 3628 3667 2293 2255 3629 3668 2294 
8 2255 3629 3668 2294 2256 3630 3669 2295 
8 2256 3630 3669 2295 2257 3631 3670 2296 
8 2257 3631 3670 2296 2258 3632 3671 2297 
8 2258 3632 3671 2297 2259 3633 3672 2298 
8 2259 3633 3672 2298 2260 3634 3673 2299 
8 2260 3634 3673 2299 2261 3635 3674 2300 
8 2261 3635 3674 2300 2262 3636 3675 2301 
8 2262 3636 3675 2301 2263 3637 3676 2302 
8 2263 3637 3676 2302 2264 3638 3677 2303 
8 2264 3638 3677 2303 2265 3639 3678 2304 
8 2265 3639 3678 2304 2266 3640 3679 2305 
8 2266 3640 3679 2305 2267 3641 3680 2306 
8 2267 3641 3680 2306 2268 3642 3681 2307 
8 2268 3642 3681 2307 263 2568 2569 264 
8 255 2506 2507 256 2269 3643 3682 2308 
8 2269 3643 3682 2308 2270 3644 3683 2309 
8 2270 3644 3683 2309 2271 3645 3684 2310 
8 2271 3645 3684 2310 2272 3646 3685 2311 
8 2272 3646 3685 2311 2273 3647 3686 2312 
8 2273 3647 3686 2312 2274 3648 3687 2313 
8 2274 3648 3687 2313 2275 3649 3688 2314 
8 2275 3649 3688 2314 2276 3650 3689 2315 
8 2276 3650 3689 2315 2277 3651 3690 2316 
8 2277 3651 3690 2316 2278 3652 3691 2317 
8 2278 3652 3691 2317 2279 3653 3692 2318 
8 2279 3653 3692 2318 2280 3654 3693 2319 
8 2280 3654 3693 2319 2281 3655 3694 2320 
8 2281 3655 3694 2320 2282 3656 3695 2321 
8 2282 3656 3695 2321 2283 3657 3696 2322 
8 2283 3657 3696 2322 2284 3658 3697 2323 
8 2284 3658 3697 2323 2285 3659 3698 2324 
8 2285 3659 3698 2324 2286 3660 3699 2325 
8 2286 3660 3699 2325 2287 3661 3700 2326 
8 2287 3661 3700 2326 2288 3662 3701 2327 
8 2288 3662 3701 2327 2289 3663 3702 2328 
8 2289 3663 3702 2328 2290 3664 3703 2329 
8 2290 3664 3703 2329 2291 3665 3704 2330 
8 2291 3665 3704 2330 2292 3666 3705 2331 
8 2292 3666 3705 2331 2293 3667 3706 2332 
8 2293 3667 3706 2332 2294 3668 3707 2333 
8 2294 3668 3707 2333 2295 3669 3708 2334 
8 2295 3669 3708 2334 2296 3670 3709 2335 
8 2296 3670 3709 2335 2297 3671 3710 2336 
8 2297 3671 3710 2336 2298 3672 3711 2337 
8 2298 3672 3711 2337 2299 3673 3712 2338 
8 2299 3673 3712 2338 2300 3674 3713 2339 
8 2300 3674 3713 2339 2301 3675 3714 2340 
8 2301 3675 3714 2340 2302 3676 3715 2341 
8 2302 3676 3715 2341 2303 3677 3716 2342 
8 2303 3677 3716 2342 2304 3678 3717 2343 
8 2304 3678 3717 2343 2305 3679 3718 2344 
8 2305 3679 3718 2344 2306 3680 3719 2345 
8 2306 3680 3719 2345 2307 3681 3720 2346 
8 2307 3681 3720 2346 264 2569 2570 265 
8 256 2507 2508 257 2308 3682 3721 2347 
8 2308 3682 3721 2347 2309 3683 3722 2348 
8 2309 3683 3722 2348 2310 3684 3723 2349 
8 2310 3684 3723 2349 2311 3685 3724 2350 
8 2311 3685 3724 2350 2312 3686 3725 2351 
8 2312 3686 3725 2351 2313 3687 3726 2352 
8 2313 3687 3726 2352 2314 3688 3727 2353 
8 2314 3688 3727 2353 2315 3689 3728 2354 
8 2315 3689 3728 2354 2316 3690 3729 2355 
8 2316 3690 3729 2355 2317 3691 3730 2356 
8 2317 3691 3730 2356 2318 3692 3731 2357 
8 2318 3692 3731 2357 2319 3693 3732 2358 
8 2319 3693 3732 2358 2320 3694 3733 2359 
8 2320 3694 3733 2359 2321 3695 3734 2360 
8 2321 3695 3734 2360 2322 3696 3735 2361 
8 2322 3696 3735 2361 2323 3697 3736 2362 
8 2323 3697 3736 2362 2324 3698 3737 2363 
8 2324 3698 3737 2363 2325 3699 3738 2364 
8 2325 3699 3738 2364 2326 3700 3739 2365 
8 2326 3700 3739 2365 2327 3701 3740 2366 
8 2327 3701 3740 2366 2328 3702 3741 2367 
8 2328 3702 3741 2367 2329 3703 3742 2368 
8 2329 3703 3742 2368 2330 3704 3743 2369 
8 2330 3704 3743 2369 2331 3705 3744 2370 
8 2331 3705 3744 2370 2332 3706 3745 2371 
8 2332 3706 3745 2371 2333 3707 3746 2372 
8 2333 3707 3746 2372 2334 3708 3747 2373 
8 2334 3708 3747 2373 2335 3709 3748 2374 
8 2335 3709 3748 2374 2336 3710 3749 2375 
8 2336 3710 3749 2375 2337 3711 3750 2376 
8 2337 3711 3750 2376 2338 3712 3751 2377 
8 2338 3712 3751 2377 2339 3713 3752 2378 
8 2339 3713 3752 2378 2340 3714 3753 2379 
8 2340 3714 3753 2379 2341 3715 3754 2380 
8 2341 3715 3754 2380 2342 3716 3755 2381 
8 2342 3716 3755 2381 2343 3717 3756 2382 
8 2343 3717 3756 2382 2344 3718 3757 2383 
8 2344 3718 3757 2383 2345 3719 3758 2384 
8 2345 3719 3758 2384 2346 3720 3759 2385 
8 2346 3720 3759 2385 265 2570 2571 266 
8 257 2508 2509 258 2347 3721 3760 2386 
8 2347 3721 3760 2386 2348 3722 3761 2387 
8 2348 3722 3761 2387 2349 3723 3762 2388 
8 2349 3723 3762 2388 2350 3724 3763 2389 
8 2350 3724 3763 2389 2351 3725 3764 2390 
8 2351 3725 3764 2390 2352 3726 3765 2391 
8 2352 3726 3765 2391 2353 3727 3766 2392 
8 2353 3727 3766 2392 2354 3728 3767 2393 
8 2354 3728 3767 2393 2355 3729 3768 2394 
8 2355 3729 3768 2394 2356 3730 3769 2395 
8 2356 3730 3769 2395 2357 3731 3770 2396 
8 2357 3731 3770 2396 2358 3732 3771 2397 
8 2358 3732 3771 2397 2359 3733 3772 2398 
8 2359 3733 3772 2398 2360 3734 3773 2399 
8 2360 3734 3773 2399 2361 3735 3774 2400 
8 2361 3735 3774 2400 2362 3736 3775 2401 
8 2362 3736 3775 2401 2363 3737 3776 2402 
8 2363 3737 3776 2402 2364 3738 3777 2403 
8 2364 3738 3777 2403 2365 3739 3778 2404 
8 2365 3739 3778 2404 2366 3740 3779 2405 
8 2366 3740 3779 2405 2367 3741 3780 2406 
8 2367 3741 3780 2406 2368 3742 3781 2407 
8 2368 3742 3781 2407 2369 3743 3782 2408 
8 2369 3743 3782 2408 2370 3744 3783 2409 
8 2370 3744 3783 2409 2371 3745 3784 2410 
8 2371 3745 3784 2410 2372 3746 3785 2411 
8 2372 3746 3785 2411 2373 3747 3786 2412 
8 2373 3747 3786 2412 2374 3748 3787 2413 
8 2374 3748 3787 2413 2375 3749 3788 2414 
8 2375 3749 3788 2414 2376 3750 3789 2415 
8 2376 3750 3789 2415 2377 3751 3790 2416 
8 2377 3751 3790 2416 2378 3752 3791 2417 
8 2378 3752 3791 2417 2379 3753 3792 2418 
8 2379 3753 3792 2418 2380 3754 3793 2419 
8 2380 3754 3793 2419 2381 3755 3794 2420 
8 2381 3755 3794 2420 2382 3756 3795 2421 
8 2382 3756 3795 2421 2383 3757 3796 2422 
8 2383 3757 3796 2422 2384 3758 3797 2423 
8 2384 3758 3797 2423 2385 3759 3798 2424 
8 2385 3759 3798 2424 266 2571 2572 267 
8 258 2509 2510 259 2386 3760 3799 2425 
8 2386 3760 3799 2425 2387 3761 3800 2426 
8 2387 3761 3800 2426 2388 3762 3801 2427 
8 2388 3762 3801 2427 2389 3763 3802 2428 
8 2389 3763 3802 2428 2390 3764 3803 2429 
8 2390 3764 3803 2429 2391 3765 3804 2430 
8 2391 3765 3804 2430 2392 3766 3805 2431 
8 2392 3766 3805 2431 2393 3767 3806 2432 
8 2393 3767 3806 2432 2394 3768 3807 2433 
8 2394 3768 3807 2433 2395 3769 3808 2434 
8 2395 3769 3808 2434 2396 3770 3809 2435 
8 2396 3770 3809 2435 2397 3771 3810 2436 
8 2397 3771 3810 2436 2398 3772 3811 2437 
8 2398 3772 3811 2437 2399 3773 3812 2438 
8 2399 3773 3812 2438 2400 3774 3813 2439 
8 2400 3774 3813 2439 2401 3775 3814 2440 
8 2401 3775 3814 2440 2402 3776 3815 2441 
8 2402 3776 3815 2441 2403 3777 3816 2442 
8 2403 3777 3816 2442 2404 3778 3817 2443 
8 2404 3778 3817 2443 2405 3779 3818 2444 
8 2405 3779 3818 2444 2406 3780 3819 2445 
8 2406 3780 3819 2445 2407 3781 3820 2446 
8 2407 3781 3820 2446 2408 3782 3821 2447 
8 2408 3782 3821 2447 2409 3783 3822 2448 
8 2409 3783 3822 2448 2410 3784 3823 2449 
8 2410 3784 3823 2449 2411 3785 3824 2450 
8 2411 3785 3824 2450 2412 3786 3825 2451 
8 2412 3786 3825 2451 2413 3787 3826 2452 
8 2413 3787 3826 2452 2414 3788 3827 2453 
8 2414 3788 3827 2453 2415 3789 3828 2454 
8 2415 3789 3828 2454 2416 3790 3829 2455 
8 2416 3790 3829 2455 2417 3791 3830 2456 
8 2417 3791 3830 2456 2418 3792 3831 2457 
8 2418 3792 3831 2457 2419 3793 3832 2458 
8 2419 3793 3832 2458 2420 3794 3833 2459 
8 2420 3794 3833 2459 2421 3795 3834 2460 
8 2421 3795 3834 2460 2422 3796 3835 2461 
8 2422 3796 3835 2461 2423 3797 3836 2462 
8 2423 3797 3836 2462 2424 3798 3837 2463 
8 2424 3798 3837 2463 267 2572 2573 268 
8 259 2510 2511 260 2425 3799 3838 2464 
8 2425 3799 3838 2464 2426 3800 3839 2465 
8 2426 3800 3839 2465 2427 3801 3840 2466 
8 2427 3801 3840 2466 2428 3802 3841 2467 
8 2428 3802 3841 2467 2429 3803 3842 2468 
8 2429 3803 3842 2468 2430 3804 3843 2469 
8 2430 3804 3843 2469 2431 3805 3844 2470 
8 2431 3805 3844 2470 2432 3806 3845 2471 
8 2432 3806 3845 2471 2433 3807 3846 2472 
8 2433 3807 3846 2472 2434 3808 3847 2473 
8 2434 3808 3847 2473 2435 3809 3848 2474 
8 2435 3809 3848 2474 2436 3810 3849 2475 
8 2436 3810 3849 2475 2437 3811 3850 2476 
8 2437 3811 3850 2476 2438 3812 3851 2477 
8 2438 3812 3851 2477 2439 3813 3852 2478 
8 2439 3813 3852 2478 2440 3814 3853 2479 
8 2440 3814 3853 2479 2441 3815 3854 2480 
8 2441 3815 3854 2480 2442 3816 3855 2481 
8 2442 3816 3855 2481 2443 3817 3856 2482 
8 2443 3817 3856 2482 2444 3818 3857 2483 
8 2444 3818 3857 2483 2445 3819 3858 2484 
8 2445 3819 3858 2484 2446 3820 3859 2485 
8 2446 3820 3859 2485 2447 3821 3860 2486 
8 2447 3821 3860 2486 2448 3822 3861 2487 
8 2448 3822 3861 2487 2449 3823 3862 2488 
8 2449 3823 3862 2488 2450 3824 3863 2489 
8 2450 3824 3863 2489 2451 3825 3864 2490 
8 2451 3825 3864 2490 2452 3826 3865 2491 
8 2452 3826 3865 2491 2453 3827 3866 2492 
8 2453 3827 3866 2492 2454 3828 3867 2493 
8 2454 3828 3867 2493 2455 3829 3868 2494 
8 2455 3829 3868 2494 2456 3830 3869 2495 
8 2456 3830 3869 2495 2457 3831 3870 2496 
8 2457 3831 3870 2496 2458 3832 3871 2497 
8 2458 3832 3871 2497 2459 3833 3872 2498 
8 2459 3833 3872 2498 2460 3834 3873 2499 
8 2460 3834 3873 2499 2461 3835 3874 2500 
8 2461 3835 3874 2500 2462 3836 3875 2501 
8 2462 3836 3875 2501 2463 3837 3876 2502 
8 2463 3837 3876 2502 268 2573 2574 269 
8 260 2511 364 9 2464 3838 2902 309 
8 2464 3838 2902 309 2465 3839 2903 310 
8 2465 3839 2903 310 2466 3840 2904 311 
8 2466 3840 2904 311 2467 3841 2905 312 
8 2467 3841 2905 312 2468 3842 2906 313 
8 2468 3842 2906 313 2469 3843 2907 314 
8 2469 3843 2907 314 2470 3844 2908 315 
8 2470 3844 2908 315 2471 3845 2909 316 
8 2471 3845 2909 316 2472 3846 2910 317 
8 2472 3846 2910 317 2473 3847 2911 318 
8 2473 3847 2911 318 2474 3848 2912 319 
8 2474 3848 2912 319 2475 3849 2913 320 
8 2475 3849 2913 320 2476 3850 2914 321 
8 2476 3850 2914 321 2477 3851 2915 322 
8 2477 3851 2915 322 2478 3852 2916 323 
8 2478 3852 2916 323 2479 3853 2917 324 
8 2479 3853 2917 324 2480 3854 2918 325 
8 2480 3854 2918 325 2481 3855 2919 326 
8 2481 3855 2919 326 2482 3856 2920 327 
8 2482 3856 2920 327 2483 3857 2921 328 
8 2483 3857 2921 328 2484 3858 2922 329 
8 2484 3858 2922 329 2485 3859 2923 330 
8 2485 3859 2923 330 2486 3860 2924 331 
8 2486 3860 2924 331 2487 3861 2925 332 
8 2487 3861 2925 332 2488 3862 2926 333 
8 2488 3862 2926 333 2489 3863 2927 334 
8 2489 3863 2927 334 2490 3864 2928 335 
8 2490 3864 2928 335 2491 3865 2929 336 
8 2491 3865 2929 336 2492 3866 2930 337 
8 2492 3866 2930 337 2493 3867 2931 338 
8 2493 3867 2931 338 2494 3868 2932 339 
8 2494 3868 2932 339 2495 3869 2933 340 
8 2495 3869 2933 340 2496 3870 2934 341 
8 2496 3870 2934 341 2497 3871 2935 342 
8 2497 3871 2935 342 2498 3872 2936 343 
8 2498 3872 2936 343 2499 3873 2937 344 
8 2499 3873 2937 344 2500 3874 2938 345 
8 2500 3874 2938 345 2501 3875 2939 346 
8 2501 3875 2939 346 2502 3876 2940 347 
8 2502 3876 2940 347 269 2574 387 11 
8 348 349 2512 2503 2629 2668 3877 3526 
8 2629 2668 3877 3526 2630 2669 3878 3527 
8 2630 2669 3878 3527 2631 2670 3879 3528 
8 2631 2670 3879 3528 2632 2671 3880 3529 
8 2632 2671 3880 3529 2633 2672 3881 3530 
8 2633 2672 3881 3530 2634 2673 3882 3531 
8 2634 2673 3882 3531 2635 2674 3883 3532 
8 2635 2674 3883 3532 2636 2675 3884 3533 
8 2636 2675 3884 3533 2637 2676 3885 3534 
8 2637 2676 3885 3534 2638 2677 3886 3535 
8 2638 2677 3886 3535 2639 2678 3887 3536 
8 2639 2678 3887 3536 2640 2679 3888 3537 
8 2640 2679 3888 3537 2641 2680 3889 3538 
8 2641 2680 3889 3538 2642 2681 3890 3539 
8 2642 2681 3890 3539 2643 2682 3891 3540 
8 2643 2682 3891 3540 2644 2683 3892 3541 
8 2644 2683 3892 3541 2645 2684 3893 3542 
8 2645 2684 3893 3542 2646 2685 3894 3543 
8 2646 2685 3894 3543 2647 2686 3895 3544 
8 2647 2686 3895 3544 2648 2687 3896 3545 
8 2648 2687 3896 3545 2649 2688 3897 3546 
8 2649 2688 3897 3546 2650 2689 3898 3547 
8 2650 2689 3898 3547 2651 2690 3899 3548 
8 2651 2690 3899 3548 2652 2691 3900 3549 
8 2652 2691 3900 3549 2653 2692 3901 3550 
8 2653 2692 3901 3550 2654 2693 3902 3551 
8 2654 2693 3902 3551 2655 2694 3903 3552 
8 2655 2694 3903 3552 2656 2695 3904 3553 
8 2656 2695 3904 3553 2657 2696 3905 3554 
8 2657 2696 3905 3554 2658 2697 3906 3555 
8 2658 2697 3906 3555 2659 2698 3907 3556 
8 2659 2698 3907 3556 2660 2699 3908 3557 
8 2660 2699 3908 3557 2661 2700 3909 3558 
8 2661 2700 3909 3558 2662 2701 3910 3559 
8 2662 2701 3910 3559 2663 2702 3911 3560 
8 2663 2702 3911 3560 2664 2703 3912 3561 
8 2664 2703 3912 3561 2665 2704 3913 3562 
8 2665 2704 3913 3562 2666 2705 3914 3563 
8 2666 2705 3914 3563 2667 2706 3915 3564 
8 2667 2706 3915 3564 371 372 2575 2566 
8 2503 2512 2513 2504 3526 3877 3916 3565 
8 3526 3877 3916 3565 3527 3878 3917 3566 
8 3527 3878 3917 3566 3528 3879 3918 3567 
8 3528 3879 3918 3567 3529 3880 3919 3568 
8 3529 3880 3919 3568 3530 3881 3920 3569 
8 3530 3881 3920 3569 3531 3882 3921 3570 
8 3531 3882 3921 3570 3532 3883 3922 3571 
8 3532 3883 3922 3571 3533 3884 3923 3572 
8 3533 3884 3923 3572 3534 3885 3924 3573 
8 3534 3885 3924 3573 3535 3886 3925 3574 
8 3535 3886 3925 3574 3536 3887 3926 3575 
8 3536 3887 3926 3575 3537 3888 3927 3576 
8 3537 3888 3927 3576 3538 3889 3928 3577 
8 3538 3889 3928 3577 3539 3890 3929 3578 
8 3539 3890 3929 3578 3540 3891 3930 3579 
8 3540 3891 3930 3579 3541 3892 3931 3580 
8 3541 3892 3931 3580 3542 3893 3932 3581 
8 3542 3893 3932 3581 3543 3894 3933 3582 
8 3543 3894 3933 3582 3544 3895 3934 3583 
8 3544 3895 3934 3583 3545 3896 3935 3584 
8 3545 3896 3935 3584 3546 3897 3936 3585 
8 3546 3897 3936 3585 3547 3898 3937 3586 
8 3547 3898 3937 3586 3548 3899 3938 3587 
8 3548 3899 3938 3587 3549 3900 3939 3588 
8 3549 3900 3939 3588 3550 3901 3940 3589 
8 3550 3901 3940 3589 3551 3902 3941 3590 
8 3551 3902 3941 3590 3552 3903 3942 3591 
8 3552 3903 3942 3591 3553 3904 3943 3592 
8 3553 3904 3943 3592 3554 3905 3944 3593 
8 3554 3905 3944 3593 3555 3906 3945 3594 
8 3555 3906 3945 3594 3556 3907 3946 3595 
8 3556 3907 3946 3595 3557 3908 3947 3596 
8 3557 3908 3947 3596 3558 3909 3948 3597 
8 3558 3909 3948 3597 3559 3910 3949 3598 
8 3559 3910 3949 3598 3560 3911 3950 3599 
8 3560 3911 3950 3599 3561 3912 3951 3600 
8 3561 3912 3951 3600 3562 3913 3952 3601 
8 3562 3913 3952 3601 3563 3914 3953 3602 
8 3563 3914 3953 3602 3564 3915 3954 3603 
8 3564 3915 3954 3603 2566 2575 2576 2567 
8 2504 2513 2514 2505 3565 3916 3955 3604 
8 3565 3916 3955 3604 3566 3917 3956 3605 
8 3566 3917 3956 3605 3567 3918 3957 3606 
8 3567 3918 3957 3606 3568 3919 3958 3607 
8 3568 3919 3958 3607 3569 3920 3959 3608 
8 3569 3920 3959 3608 3570 3921 3960 3609 
8 3570 3921 3960 3609 3571 3922 3961 3610 
8 3571 3922 3961 3610 3572 3923 3962 3611 
8 3572 3923 3962 3611 3573 3924 3963 3612 
8 3573 3924 3963 3612 3574 3925 3964 3613 
8 3574 3925 3964 3613 3575 3926 3965 3614 
8 3575 3926 3965 3614 3576 3927 3966 3615 
8 3576 3927 3966 3615 3577 3928 3967 3616 
8 3577 3928 3967 3616 3578 3929 3968 3617 
8 3578 3929 3968 3617 3579 3930 3969 3618 
8 3579 3930 3969 3618 3580 3931 3970 3619 
8 3580 3931 3970 3619 3581 3932 3971 3620 
8 3581 3932 3971 3620 3582 3933 3972 3621 
8 3582 3933 3972 3621 3583 3934 3973 3622 
8 3583 3934 3973 3622 3584 3935 3974 3623 
8 3584 3935 3974 3623 3585 3936 3975 3624 
8 3585 3936 3975 3624 3586 3937 3976 3625 
8 3586 3937 3976 3625 3587 3938 3977 3626 
8 3587 3938 3977 3626 3588 3939 3978 3627 
8 3588 3939 3978 3627 3589 3940 3979 3628 
8 3589 3940 3979 3628 3590 3941 3980 3629 
8 3590 3941 3980 3629 3591 3942 3981 3630 
8 3591 3942 3981 3630 3592 3943 3982 3631 
8 3592 3943 3982 3631 3593 3944 3983 3632 
8 3593 3944 3983 3632 3594 3945 3984 3633 
8 3594 3945 3984 3633 3595 3946 3985 3634 
8 3595 3946 3985 3634 3596 3947 3986 3635 
8 3596 3947 3986 3635 3597 3948 3987 3636 
8 3597 3948 3987 3636 3598 3949 3988 3637 
8 3598 3949 3988 3637 3599 3950 3989 3638 
8 3599 3950 3989 3638 3600 3951 3990 3639 
8 3600 3951 3990 3639 3601 3952 3991 3640 
8 3601 3952 3991 3640 3602 3953 3992 3641 
8 3602 3953 3992 3641 3603 3954 3993 3642 
8 3603 3954 3993 3642 2567 2576 2577 2568 
8 2505 2514 2515 2506 3604 3955 3994 3643 
8 3604 3955 3994 3643 3605 3956 3995 3644 
8 3605 3956 3995 3644 3606 3957 3996 3645 
8 3606 3957 3996 3645 3607 3958 3997 3646 
8 3607 3958 3997 3646 3608 3959 3998 3647 
8 3608 3959 3998 3647 3609 3960 3999 3648 
8 3609 3960 3999 3648 3610 3961 4000 3649 
8 3610 3961 4000 3649 3611 3962 4001 3650 
8 3611 3962 4001 3650 3612 3963 4002 3651 
8 3612 3963 4002 3651 3613 3964 4003 3652 
8 3613 3964 4003 3652 3614 3965 4004 3653 
8 3614 3965 4004 3653 3615 3966 4005 3654 
8 3615 3966 4005 3654 3616 3967 4006 3655 
8 3616 3967 4006 3655 3617 3968 4007 3656 
8 3617 3968 4007 3656 3618 3969 4008 3657 
8 3618 3969 4008 3657 3619 3970 4009 3658 
8 3619 3970 4009 3658 3620 3971 4010 3659 
8 3620 3971 4010 3659 3621 3972 4011 3660 
8 3621 3972 4011 3660 3622 3973 4012 3661 
8 3622 3973 4012 3661 3623 3974 4013 3662 
8 3623 3974 4013 3662 3624 3975 4014 3663 
8 3624 3975 4014 3663 3625 3976 4015 3664 
8 3625 3976 4015 3664 3626 3977 4016 3665 
8 3626 3977 4016 3665 3627 3978 4017 3666 
8 3627 3978 4017 3666 3628 3979 4018 3667 
8 3628 3979 4018 3667 3629 3980 4019 3668 
8 3629 3980 4019 3668 3630 3981 4020 3669 
8 3630 3981 4020 3669 3631 3982 4021 3670 
8 3631 3982 4021 3670 3632 3983 4022 3671 
8 3632 3983 4022 3671 3633 3984 4023 3672 
8 3633 3984 4023 3672 3634 3985 4024 3673 
8 3634 3985 4024 3673 3635 3986 4025 3674 
8 3635 3986 4025 3674 3636 3987 4026 3675 
8 3636 3987 4026 3675 3637 3988 4027 3676 
8 3637 3988 4027 3676 3638 3989 4028 3677 
8 3638 3989 4028 3677 3639 3990 4029 3678 
8 3639 3990 4029 3678 3640 3991 4030 3679 
8 3640 3991 4030 3679 3641 3992 4031 3680 
8 3641 3992 4031 3680 3642 3993 4032 3681 
8 3642 3993 4032 3681 2568 2577 2578 2569 
8 2506 2515 2516 2507 3643 3994 4033 3682 
8 3643 3994 4033 3682 3644 3995 4034 3683 
8 3644 3995 4034 3683 3645 3996 4035 3684 
8 3645 3996 4035 3684 3646 3997 4036 3685 
8 3646 3997 4036 3685 3647 3998 4037 3686 
8 3647 3998 4037 3686 3648 3999 4038 3687 
8 3648 3999 4038 3687 3649 4000 4039 3688 
8 3649 4000 4039 3688 3650 4001 4040 3689 
8 3650 4001 4040 3689 3651 4002 4041 3690 
8 3651 4002 4041 3690 3652 4003 4042 3691 
8 3652 4003 4042 3691 3653 4004 4043 3692 
8 3653 4004 4043 3692 3654 4005 4044 3693 
8 3654 4005 4044 3693 3655 4006 4045 3694 
8 3655 4006 4045 3694 3656 4007 4046 3695 
8 3656 4007 4046 3695 3657 4008 4047 3696 
8 3657 4008 4047 3696 3658 4009 4048 3697 
8 3658 4009 4048 3697 3659 4010 4049 3698 
8 3659 4010 4049 3698 3660 4011 4050 3699 
8 3660 4011 4050 3699 3661 4012 4051 3700 
8 3661 4012 4051 3700 3662 4013 4052 3701 
8 3662 4013 4052 3701 3663 4014 4053 3702 
8 3663 4014 4053 3702 3664 4015 4054 3703 
8 3664 4015 4054 3703 3665 4016 4055 3704 
8 3665 4016 4055 3704 3666 4017 4056 3705 
8 3666 4017 4056 3705 3667 4018 4057 3706 
8 3667 4018 4057 3706 3668 4019 4058 3707 
8 3668 4019 4058 3707 3669 4020 4059 3708 
8 3669 4020 4059 3708 3670 4021 4060 3709 
8 3670 4021 4060 3709 3671 4022 4061 3710 
8 3671 4022 4061 3710 3672 4023 4062 3711 
8 3672 4023 4062 3711 3673 4024 4063 3712 
8 3673 4024 4063 3712 3674 4025 4064 3713 
8 3674 4025 4064 3713 3675 4026 4065 3714 
8 3675 4026 4065 3714 3676 4027 4066 3715 
8 3676 4027 4066 3715 3677 4028 4067 3716 
8 3677 4028 4067 3716 3678 4029 4068 3717 
8 3678 4029 4068 3717 3679 4030 4069 3718 
8 3679 4030 4069 3718 3680 4031 4070 3719 
8 3680 4031 4070 3719 3681 4032 4071 3720 
8 3681 4032 4071 3720 2569 2578 2579 2570 
8 2507 2516 2517 2508 3682 4033 4072 3721 
8 3682 4033 4072 3721 3683 4034 4073 3722 
8 3683 4034 4073 3722 3684 4035 4074 3723 
8 3684 4035 4074 3723 3685 4036 4075 3724 
8 3685 4036 4075 3724 3686 4037 4076 3725 
8 3686 4037 4076 3725 3687 4038 4077 3726 
8 3687 4038 4077 3726 3688 4039 4078 3727 
8 3688 4039 4078 3727 3689 4040 4079 3728 
8 3689 4040 4079 3728 3690 4041 4080 3729 
8 3690 4041 4080 3729 3691 4042 4081 3730 
8 3691 4042 4081 3730 3692 4043 4082 3731 
8 3692 4043 4082 3731 3693 4044 4083 3732 
8 3693 4044 4083 3732 3694 4045 4084 3733 
8 3694 4045 4084 3733 3695 4046 4085 3734 
8 3695 4046 4085 3734 3696 4047 4086 3735 
8 3696 4047 4086 3735 3697 4048 4087 3736 
8 3697 4048 4087 3736 3698 4049 4088 3737 
8 3698 4049 4088 3737 3699 4050 4089 3738 
8 3699 4050 4089 3738 3700 4051 4090 3739 
8 3700 4051 4090 3739 3701 4052 4091 3740 
8 3701 4052 4091 3740 3702 4053 4092 3741 
8 3702 4053 4092 3741 3703 4054 4093 3742 
8 3703 4054 4093 3742 3704 4055 4094 3743 
8 3704 4055 4094 3743 3705 4056 4095 3744 
8 3705 4056 4095 3744 3706 4057 4096 3745 
8 3706 4057 4096 3745 3707 4058 4097 3746 
8 3707 4058 4097 3746 3708 4059 4098 3747 
8 3708 4059 4098 3747 3709 4060 4099 3748 
8 3709 4060 4099 3748 3710 4061 4100 3749 
8 3710 4061 4100 3749 3711 4062 4101 3750 
8 3711 4062 4101 3750 3712 4063 4102 3751 
8 3712 4063 4102 3751 3713 4064 4103 3752 
8 3713 4064 4103 3752 3714 4065 4104 3753 
8 3714 4065 4104 3753 3715 4066 4105 3754 
8 3715 4066 4105 3754 3716 4067 4106 3755 
8 3716 4067 4106 3755 3717 4068 4107 3756 
8 3717 4068 4107 3756 3718 4069 4108 3757 
8 3718 4069 4108 3757 3719 4070 4109 3758 
8 3719 4070 4109 3758 3720 4071 4110 3759 
8 3720 4071 4110 3759 2570 2579 2580 2571 
8 2508 2517 2518 2509 3721 4072 4111 3760 
8 3721 4072 4111 3760 3722 4073 4112 3761 
8 3722 4073 4112 3761 3723 4074 4113 3762 
8 3723 4074 4113 3762 3724 4075 4114 3763 
8 3724 4075 4114 3763 3725 4076 4115 3764 
8 3725 4076 4115 3764 3726 4077 4116 3765 
8 3726 4077 4116 3765 3727 4078 4117 3766 
8 3727 4078 4117 3766 3728 4079 4118 3767 
8 3728 4079 4118 3767 3729 4080 4119 3768 
8 3729 4080 4119 3768 3730 4081 4120 3769 
8 3730 4081 4120 3769 3731 4082 4121 3770 
8 3731 4082 4121 3770 3732 4083 4122 3771 
8 3732 4083 4122 3771 3733 4084 4123 3772 
8 3733 4084 4123 3772 3734 4085 4124 3773 
8 3734 4085 4124 3773 3735 4086 4125 3774 
8 3735 4086 4125 3774 3736 4087 4126 3775 
8 3736 4087 4126 3775 3737 4088 4127 3776 
8 3737 4088 4127 3776 3738 4089 4128 3777 
8 3738 4089 4128 3777 3739 4090 4129 3778 
8 3739 4090 4129 3778 3740 4091 4130 3779 
8 3740 4091 4130 3779 3741 4092 4131 3780 
8 3741 4092 4131 3780 3742 4093 4132 3781 
8 3742 4093 4132 3781 3743 4094 4133 3782 
8 3743 4094 4133 3782 3744 4095 4134 3783 
8 3744 4095 4134 3783 3745 4096 4135 3784 
8 3745 4096 4135 3784 3746 4097 4136 3785 
8 3746 4097 4136 3785 3747 4098 4137 3786 
8 3747 4098 4137 3786 3748 4099 4138 3787 
8 3748 4099 4138 3787 3749 4100 4139 3788 
8 3749 4100 4139 3788 3750 4101 4140 3789 
8 3750 4101 4140 3789 3751 4102 4141 3790 
8 3751 4102 4141 3790 3752 4103 4142 3791 
8 3752 4103 4142 3791 3753 4104 4143 3792 
8 3753 4104 4143 3792 3754 4105 4144 3793 
8 3754 4105 4144 3793 3755 4106 4145 3794 
8 3755 4106 4145 3794 3756 4107 4146 3795 
8 3756 4107 4146 3795 3757 4108 4147 3796 
8 3757 4108 4147 3796 3758 4109 4148 3797 
8 3758 4109 4148 3797 3759 4110 4149 3798 
8 3759 4110 4149 3798 2571 2580 2581 2572 
8 2509 2518 2519 2510 3760 4111 4150 3799 
8 3760 4111 4150 3799 3761 4112 4151 3800 
8 3761 4112 4151 3800 3762 4113 4152 3801 
8 3762 4113 4152 3801 3763 4114 4153 3802 
8 3763 4114 4153 3802 3764 4115 4154 3803 
8 3764 4115 4154 3803 3765 4116 4155 3804 
8 3765 4116 4155 3804 3766 4117 4156 3805 
8 3766 4117 4156 3805 3767 4118 4157 3806 
8 3767 4118 4157 3806 3768 4119 4158 3807 
8 3768 4119 4158 3807 3769 4120 4159 3808 
8 3769 4120 4159 3808 3770 4121 4160 3809 
8 3770 4121 4160 3809 3771 4122 4161 3810 
8 3771 4122 4161 3810 3772 4123 4162 3811 
8 3772 4123 4162 3811 3773 4124 4163 3812 
8 3773 4124 4163 3812 3774 4125 4164 3813 
8 3774 4125 4164 3813 3775 4126 4165 3814 
8 3775 4126 4165 3814 3776 4127 4166 3815 
8 3776 4127 4166 3815 3777 4128 4167 3816 
8 3777 4128 4167 3816 3778 4129 4168 3817 
8 3778 4129 4168 3817 3779 4130 4169 3818 
8 3779 4130 4169 3818 3780 4131 4170 3819 
8 3780 4131 4170 3819 3781 4132 4171 3820 
8 3781 4132 4171 3820 3782 4133 4172 3821 
8 3782 4133 4172 3821 3783 4134 4173 3822 
8 3783 4134 4173 3822 3784 4135 4174 3823 
8 3784 4135 4174 3823 3785 4136 4175 3824 
8 3785 4136 4175 3824 3786 4137 4176 3825 
8 3786 4137 4176 3825 3787 4138 4177 3826 
8 3787 4138 4177 3826 3788 4139 4178 3827 
8 3788 4139 4178 3827 3789 4140 4179 3828 
8 3789 4140 4179 3828 3790 4141 4180 3829 
8 3790 4141 4180 3829 3791 4142 4181 3830 
8 3791 4142 4181 3830 3792 4143 4182 3831 
8 3792 4143 4182 3831 3793 4144 4183 3832 
8 3793 4144 4183 3832 3794 4145 4184 3833 
8 3794 4145 4184 3833 3795 4146 4185 3834 
8 3795 4146 4185 3834 3796 4147 4186 3835 
8 3796 4147 4186 3835 3797 4148 4187 3836 
8 3797 4148 4187 3836 3798 4149 4188 3837 
8 3798 4149 4188 3837 2572 2581 2582 2573 
8 2510 2519 2520 2511 3799 4150 4189 3838 
8 3799 4150 4189 3838 3800 4151 4190 3839 
8 3800 4151 4190 3839 3801 4152 4191 3840 
8 3801 4152 4191 3840 3802 4153 4192 3841 
8 3802 4153 4192 3841 3803 4154 4193 3842 
8 3803 4154 4193 3842 3804 4155 4194 3843 
8 3804 4155 4194 3843 3805 4156 4195 3844 
8 3805 4156 4195 3844 3806 4157 4196 3845 
8 3806 4157 4196 3845 3807 4158 4197 3846 
8 3807 4158 4197 3846 3808 4159 4198 3847 
8 3808 4159 4198 3847 3809 4160 4199 3848 
8 3809 4160 4199 3848 3810 4161 4200 3849 
8 3810 4161 4200 3849 3811 4162 4201 3850 
8 3811 4162 4201 3850 3812 4163 4202 3851 
8 3812 4163 4202 3851 3813 4164 4203 3852 
8 3813 4164 4203 3852 3814 4165 4204 3853 
8 3814 4165 4204 3853 3815 4166 4205 3854 
8 3815 4166 4205 3854 3816 4167 4206 3855 
8 3816 4167 4206 3855 3817 4168 4207 3856 
8 3817 4168 4207 3856 3818 4169 4208 3857 
8 3818 4169 4208 3857 3819 4170 4209 3858 
8 3819 4170 4209 3858 3820 4171 4210 3859 
8 3820 4171 4210 3859 3821 4172 4211 3860 
8 3821 4172 4211 3860 3822 4173 4212 3861 
8 3822 4173 4212 3861 3823 4174 4213 3862 
8 3823 4174 4213 3862 3824 4175 4214 3863 
8 3824 4175 4214 3863 3825 4176 4215 3864 
8 3825 4176 4215 3864 3826 4177 4216 3865 
8 3826 4177 4216 3865 3827 4178 4217 3866 
8 3827 4178 4217 3866 3828 4179 4218 3867 
8 3828 4179 4218 3867 3829 4180 4219 3868 
8 3829 4180 4219 3868 3830 4181 4220 3869 
8 3830 4181 4220 3869 3831 4182 4221 3870 
8 3831 4182 4221 3870 3832 4183 4222 3871 
8 3832 4183 4222 3871 3833 4184 4223 3872 
8 3833 4184 4223 3872 3834 4185 4224 3873 
8 3834 4185 4224 3873 3835 4186 4225 3874 
8 3835 4186 4225 3874 3836 4187 4226 3875 
8 3836 4187 4226 3875 3837 4188 4227 3876 
8 3837 4188 4227 3876 2573 2582 2583 2574 
8 2511 2520 365 364 3838 4189 2941 2902 
8 3838 4189 2941 2902 3839 4190 2942 2903 
8 3839 4190 2942 2903 3840 4191 2943 2904 
8 3840 4191 2943 2904 3841 4192 2944 2905 
8 3841 4192 2944 2905 3842 4193 2945 2906 
8 3842 4193 2945 2906 3843 4194 2946 2907 
8 3843 4194 2946 2907 3844 4195 2947 2908 
8 3844 4195 2947 2908 3845 4196 2948 2909 
8 3845 4196 2948 2909 3846 4197 2949 2910 
8 3846 4197 2949 2910 3847 4198 2950 2911 
8 3847 4198 2950 2911 3848 4199 2951 2912 
8 3848 4199 2951 2912 3849 4200 2952 2913 
8 3849 4200 2952 2913 3850 4201 2953 2914 
8 3850 4201 2953 2914 3851 4202 2954 2915 
8 3851 4202 2954 2915 3852 4203 2955 2916 
8 3852 4203 2955 2916 3853 4204 2956 2917 
8 3853 4204 2956 2917 3854 4205 2957 2918 
8 3854 4205 2957 2918 3855 4206 2958 2919 
8 3855 4206 2958 2919 3856 4207 2959 2920 
8 3856 4207 2959 2920 3857 4208 2960 2921 
8 3857 4208 2960 2921 3858 4209 2961 2922 
8 3858 4209 2961 2922 3859 4210 2962 2923 
8 3859 4210 2962 2923 3860 4211 2963 2924 
8 3860 4211 2963 2924 3861 4212 2964 2925 
8 3861 4212 2964 2925 3862 4213 2965 2926 
8 3862 4213 2965 2926 3863 4214 2966 2927 
8 3863 4214 2966 2927 3864 4215 2967 2928 
8 3864 4215 2967 2928 3865 4216 2968 2929 
8 3865 4216 2968 2929 3866 4217 2969 2930 
8 3866 4217 2969 2930 3867 4218 2970 2931 
8 3867 4218 2970 2931 3868 4219 2971 2932 
8 3868 4219 2971 2932 3869 4220 2972 2933 
8 3869 4220 2972 2933 3870 4221 2973 2934 
8 3870 4221 2973 2934 3871 4222 2974 2935 
8 3871 4222 2974 2935 3872 4223 2975 2936 
8 3872 4223 2975 2936 3873 4224 2976 2937 
8 3873 4224 2976 2937 3874 4225 2977 2938 
8 3874 4225 2977 2938 3875 4226 2978 2939 
8 3875 4226 2978 2939 3876 4227 2979 2940 
8 3876 4227 2979 2940 2574 2583 388 387 
8 349 350 2521 2512 2668 2707 4228 3877 
8 2668 2707 4228 3877 2669 2708 4229 3878 
8 2669 2708 4229 3878 2670 2709 4230 3879 
8 2670 2709 4230 3879 2671 2710 4231 3880 
8 2671 2710 4231 3880 2672 2711 4232 3881 
8 2672 2711 4232 3881 2673 2712 4233 3882 
8 2673 2712 4233 3882 2674 2713 4234 3883 
8 2674 2713 4234 3883 2675 2714 4235 3884 
8 2675 2714 4235 3884 2676 2715 4236 3885 
8 2676 2715 4236 3885 2677 2716 4237 3886 
8 2677 2716 4237 3886 2678 2717 4238 3887 
8 2678 2717 4238 3887 2679 2718 4239 3888 
8 2679 2718 4239 3888 2680 2719 4240 3889 
8 2680 2719 4240 3889 2681 2720 4241 3890 
8 2681 2720 4241 3890 2682 2721 4242 3891 
8 2682 2721 4242 3891 2683 2722 4243 3892 
8 2683 2722 4243 3892 2684 2723 4244 3893 
8 2684 2723 4244 3893 2685 2724 4245 3894 
8 2685 2724 4245 3894 2686 2725 4246 3895 
8 2686 2725 4246 3895 2687 2726 4247 3896 
8 2687 2726 4247 3896 2688 2727 4248 3897 
8 2688 2727 4248 3897 2689 2728 4249 3898 
8 2689 2728 4249 3898 2690 2729 4250 3899 
8 2690 2729 4250 3899 2691 2730 4251 3900 
8 2691 2730 4251 3900 2692 2731 4252 3901 
8 2692 2731 4252 3901 2693 2732 4253 3902 
8 2693 2732 4253 3902 2694 2733 4254 3903 
8 2694 2733 4254 3903 2695 2734 4255 3904 
8 2695 2734 4255 3904 2696 2735 4256 3905 
8 2696 2735 4256 3905 2697 2736 4257 3906 
8 2697 2736 4257 3906 2698 2737 4258 3907 
8 2698 2737 4258 3907 2699 2738 4259 3908 
8 2699 2738 4259 3908 2700 2739 4260 3909 
8 2700 2739 4260 3909 2701 2740 4261 3910 
8 2701 2740 4261 3910 2702 2741 4262 3911 
8 2702 2741 4262 3911 2703 2742 4263 3912 
8 2703 2742 4263 3912 2704 2743 4264 3913 
8 2704 2743 4264 3913 2705 2744 4265 3914 
8 2705 2744 4265 3914 2706 2745 4266 3915 
8 2706 2745 4266 3915 372 373 2584 2575 
8 2512 2521 2522 2513 3877 4228 4267 3916 
8 3877 4228 4267 3916 3878 4229 4268 3917 
8 3878 4229 4268 3917 3879 4230 4269 3918 
8 3879 4230 4269 3918 3880 4231 4270 3919 
8 3880 4231 4270 3919 3881 4232 4271 3920 
8 3881 4232 4271 3920 3882 4233 4272 3921 
8 3882 4233 4272 3921 3883 4234 4273 3922 
8 3883 4234 4273 3922 3884 4235 4274 3923 
8 3884 4235 4274 3923 3885 4236 4275 3924 
8 3885 4236 4275 3924 3886 4237 4276 3925 
8 3886 4237 4276 3925 3887 4238 4277 3926 
8 3887 4238 4277 3926 3888 4239 4278 3927 
8 3888 4239 4278 3927 3889 4240 4279 3928 
8 3889 4240 4279 3928 3890 4241 4280 3929 
8 3890 4241 4280 3929 3891 4242 4281 3930 
8 3891 4242 4281 3930 3892 4243 4282 3931 
8 3892 4243 4282 3931 3893 4244 4283 3932 
8 3893 4244 4283 3932 3894 4245 4284 3933 
8 3894 4245 4284 3933 3895 4246 4285 3934 
8 3895 4246 4285 3934 3896 4247 4286 3935 
8 3896 4247 4286 3935 3897 4248 4287 3936 
8 3897 4248 4287 3936 3898 4249 4288 3937 
8 3898 4249 4288 3937 3899 4250 4289 3938 
8 3899 4250 4289 3938 3900 4251 4290 3939 
8 3900 4251 4290 3939 3901 4252 4291 3940 
8 3901 4252 4291 3940 3902 4253 4292 3941 
8 3902 4253 4292 3941 3903 4254 4293 3942 
8 3903 4254 4293 3942 3904 4255 4294 3943 
8 3904 4255 4294 3943 3905 4256 4295 3944 
8 3905 4256 4295 3944 3906 4257 4296 3945 
8 3906 4257 4296 3945 3907 4258 4297 3946 
8 3907 4258 4297 3946 3908 4259 4298 3947 
8 3908 4259 4298 3947 3909 4260 4299 3948 
8 3909 4260 4299 3948 3910 4261 4300 3949 
8 3910 4261 4300 3949 3911 4262 4301 3950 
8 3911 4262 4301 3950 3912 4263 4302 3951 
8 3912 4263 4302 3951 3913 4264 4303 3952 
8 3913 4264 4303 3952 3914 4265 4304 3953 
8 3914 4265 4304 3953 3915 4266 4305 3954 
8 3915 4266 4305 3954 2575 2584 2585 2576 
8 2513 2522 2523 2514 3916 4267 4306 3955 
8 3916 4267 4306 3955 3917 4268 4307 3956 
8 3917 4268 4307 3956 3918 4269 4308 3957 
8 3918 4269 4308 3957 3919 4270 4309 3958 
8 3919 4270 4309 3958 3920 4271 4310 3959 
8 3920 4271 4310 3959 3921 4272 4311 3960 
8 3921 4272 4311 3960 3922 4273 4312 3961 
8 3922 4273 4312 3961 3923 4274 4313 3962 
8 3923 4274 4313 3962 3924 4275 4314 3963 
8 3924 4275 4314 3963 3925 4276 4315 3964 
8 3925 4276 4315 3964 3926 4277 4316 3965 
8 3926 4277 4316 3965 3927 4278 4317 3966 
8 3927 4278 4317 3966 3928 4279 4318 3967 
8 3928 4279 4318 3967 3929 4280 4319 3968 
8 3929 4280 4319 3968 3930 4281 4320 3969 
8 3930 4281 4320 3969 3931 4282 4321 3970 
8 3931 4282 4321 3970 3932 4283 4322 3971 
8 3932 4283 4322 3971 3933 4284 4323 3972 
8 3933 4284 4323 3972 3934 4285 4324 3973 
8 3934 4285 4324 3973 3935 4286 4325 3974 
8 3935 4286 4325 3974 3936 4287 4326 3975 
8 3936 4287 4326 3975 3937 4288 4327 3976 
8 3937 4288 4327 3976 3938 4289 4328 3977 
8 3938 4289 4328 3977 3939 4290 4329 3978 
8 3939 4290 4329 3978 3940 4291 4330 3979 
8 3940 4291 4330 3979 3941 4292 4331 3980 
8 3941 4292 4331 3980 3942 4293 4332 3981 
8 3942 4293 4332 3981 3943 4294 4333 3982 
8 3943 4294 4333 3982 3944 4295 4334 3983 
8 3944 4295 4334 3983 3945 4296 4335 3984 
8 3945 4296 4335 3984 3946 4297 4336 3985 
8 3946 4297 4336 3985 3947 4298 4337 3986 
8 3947 4298 4337 3986 3948 4299 4338 3987 
8 3948 4299 4338 3987 3949 4300 4339 3988 
8 3949 4300 4339 3988 3950 4301 4340 3989 
8 3950 4301 4340 3989 3951 4302 4341 3990 
8 3951 4302 4341 3990 3952 4303 4342 3991 
8 3952 4303 4342 3991 3953 4304 4343 3992 
8 3953 4304 4343 3992 3954 4305 4344 3993 
8 3954 4305 4344 3993 2576 2585 2586 2577 
8 2514 2523 2524 2515 3955 4306 4345 3994 
8 3955 4306 4345 3994 3956 4307 4346 3995 
8 3956 4307 4346 3995 3957 4308 4347 3996 
8 3957 4308 4347 3996 3958 4309 4348 3997 
8 3958 4309 4348 3997 3959 4310 4349 3998 
8 3959 4310 4349 3998 3960 4311 4350 3999 
8 3960 4311 4350 3999 3961 4312 4351 4000 
8 3961 4312 4351 4000 3962 4313 4352 4001 
8 3962 4313 4352 4001 3963 4314 4353 4002 
8 3963 4314 4353 4002 3964 4315 4354 4003 
8 3964 4315 4354 4003 3965 4316 4355 4004 
8 3965 4316 4355 4004 3966 4317 4356 4005 
8 3966 4317 4356 4005 3967 4318 4357 4006 
8 3967 4318 4357 4006 3968 4319 4358 4007 
8 3968 4319 4358 4007 3969 4320 4359 4008 
8 3969 4320 4359 4008 3970 4321 4360 4009 
8 3970 4321 4360 4009 3971 4322 4361 4010 
8 3971 4322 4361 4010 3972 4323 4362 4011 
8 3972 4323 4362 4011 3973 4324 4363 4012 
8 3973 4324 4363 4012 3974 4325 4364 4013 
8 3974 4325 4364 4013 3975 4326 4365 4014 
8 3975 4326 4365 4014 3976 4327 4366 4015 
8 3976 4327 4366 4015 3977 4328 4367 4016 
8 3977 4328 4367 4016 3978 4329 4368 4017 
8 3978 4329 4368 4017 3979 4330 4369 4018 
8 3979 4330 4369 4018 3980 4331 4370 4019 
8 3980 4331 4370 4019 3981 4332 4371 4020 
8 3981 4332 4371 4020 3982 4333 4372 4021 
8 3982 4333 4372 4021 3983 4334 4373 4022 
8 3983 4334 4373 4022 3984 4335 4374 4023 
8 3984 4335 4374 4023 3985 4336 4375 4024 
8 3985 4336 4375 4024 3986 4337 4376 4025 
8 3986 4337 4376 4025 3987 4338 4377 4026 
8 3987 4338 4377 4026 3988 4339 4378 4027 
8 3988 4339 4378 4027 3989 4340 4379 4028 
8 3989 4340 4379 4028 3990 4341 4380 4029 
8 3990 4341 4380 4029 3991 4342 4381 4030 
8 3991 4342 4381 4030 3992 4343 4382 4031 
8 3992 4343 4382 4031 3993 4344 4383 4032 
8 3993 4344 4383 4032 2577 2586 2587 2578 
8 2515 2524 2525 2516 3994 4345 4384 4033 
8 3994 4345 4384 4033 3995 4346 4385 4034 
8 3995 4346 4385 4034 3996 4347 4386 4035 
8 3996 4347 4386 4035 3997 4348 4387 4036 
8 3997 4348 4387 4036 3998 4349 4388 4037 
8 3998 4349 4388 4037 3999 4350 4389 4038 
8 3999 4350 4389 4038 4000 4351 4390 4039 
8 4000 4351 4390 4039 4001 4352 4391 4040 
8 4001 4352 4391 4040 4002 4353 4392 4041 
8 4002 4353 4392 4041 4003 4354 4393 4042 
8 4003 4354 4393 4042 4004 4355 4394 4043 
8 4004 4355 4394 4043 4005 4356 4395 4044 
8 4005 4356 4395 4044 4006 4357 4396 4045 
8 4006 4357 4396 4045 4007 4358 4397 4046 
8 4007 4358 4397 4046 4008 4359 4398 4047 
8 4008 4359 4398 4047 4009 4360 4399 4048 
8 4009 4360 4399 4048 4010 4361 4400 4049 
8 4010 4361 4400 4049 4011 4362 4401 4050 
8 4011 4362 4401 4050 4012 4363 4402 4051 
8 4012 4363 4402 4051 4013 4364 4403 4052 
8 4013 4364 4403 4052 4014 4365 4404 4053 
8 4014 4365 4404 4053 4015 4366 4405 4054 
8 4015 4366 4405 4054 4016 4367 4406 4055 
8 4016 4367 4406 4055 4017 4368 4407 4056 
8 4017 4368 4407 4056 4018 4369 4408 4057 
8 4018 4369 4408 4057 4019 4370 4409 4058 
8 4019 4370 4409 4058 4020 4371 4410 4059 
8 4020 4371 4410 4059 4021 4372 4411 4060 
8 4021 4372 4411 4060 4022 4373 4412 4061 
8 4022 4373 4412 4061 4023 4374 4413 4062 
8 4023 4374 4413 4062 4024 4375 4414 4063 
8 4024 4375 4414 4063 4025 4376 4415 4064 
8 4025 4376 4415 4064 4026 4377 4416 4065 
8 4026 4377 4416 4065 4027 4378 4417 4066 
8 4027 4378 4417 4066 4028 4379 4418 4067 
8 4028 4379 4418 4067 4029 4380 4419 4068 
8 4029 4380 4419 4068 4030 4381 4420 4069 
8 4030 4381 4420 4069 4031 4382 4421 4070 
8 4031 4382 4421 4070 4032 4383 4422 4071 
8 4032 4383 4422 4071 2578 2587 2588 2579 
8 2516 2525 2526 2517 4033 4384 4423 4072 
8 4033 4384 4423 4072 4034 4385 4424 4073 
8 4034 4385 4424 4073 4035 4386 4425 4074 
8 4035 4386 4425 4074 4036 4387 4426 4075 
8 4036 4387 4426 4075 4037 4388 4427 4076 
8 4037 4388 4427 4076 4038 4389 4428 4077 
8 4038 4389 4428 4077 4039 4390 4429 4078 
8 4039 4390 4429 4078 4040 4391 4430 4079 
8 4040 4391 4430 4079 4041 4392 4431 4080 
8 4041 4392 4431 4080 4042 4393 4432 4081 
8 4042 4393 4432 4081 4043 4394 4433 4082 
8 4043 4394 4433 4082 4044 4395 4434 4083 
8 4044 4395 4434 4083 4045 4396 4435 4084 
8 4045 4396 4435 4084 4046 4397 4436 4085 
8 4046 4397 4436 4085 4047 4398 4437 4086 
8 4047 4398 4437 4086 4048 4399 4438 4087 
8 4048 4399 4438 4087 4049 4400 4439 4088 
8 4049 4400 4439 4088 4050 4401 4440 4089 
8 4050 4401 4440 4089 4051 4402 4441 4090 
8 4051 4402 4441 4090 4052 4403 4442 4091 
8 4052 4403 4442 4091 4053 4404 4443 4092 
8 4053 4404 4443 4092 4054 4405 4444 4093 
8 4054 4405 4444 4093 4055 4406 4445 4094 
8 4055 4406 4445 4094 4056 4407 4446 4095 
8 4056 4407 4446 4095 4057 4408 4447 4096 
8 4057 4408 4447 4096 4058 4409 4448 4097 
8 4058 4409 4448 4097 4059 4410 4449 4098 
8 4059 4410 4449 4098 4060 4411 4450 4099 
8 4060 4411 4450 4099 4061 4412 4451 4100 
8 4061 4412 4451 4100 4062 4413 4452 4101 
8 4062 4413 4452 4101 4063 4414 4453 4102 
8 4063 4414 4453 4102 4064 4415 4454 4103 
8 4064 4415 4454 4103 4065 4416 4455 4104 
8 4065 4416 4455 4104 4066 4417 4456 4105 
8 4066 4417 4456 4105 4067 4418 4457 4106 
8 4067 4418 4457 4106 4068 4419 4458 4107 
8 4068 4419 4458 4107 4069 4420 4459 4108 
8 4069 4420 4459 4108 4070 4421 4460 4109 
8 4070 4421 4460 4109 4071 4422 4461 4110 
8 4071 4422 4461 4110 2579 2588 2589 2580 
8 2517 2526 2527 2518 4072 4423 4462 4111 
8 4072 4423 4462 4111 4073 4424 4463 4112 
8 4073 4424 4463 4112 4074 4425 4464 4113 
8 4074 4425 4464 4113 4075 4426 4465 4114 
8 4075 4426 4465 4114 4076 4427 4466 4115 
8 4076 4427 4466 4115 4077 4428 4467 4116 
8 4077 4428 4467 4116 4078 4429 4468 4117 
8 4078 4429 4468 4117 4079 4430 4469 4118 
8 4079 4430 4469 4118 4080 4431 4470 4119 
8 4080 4431 4470 4119 4081 4432 4471 4120 
8 4081 4432 4471 4120 4082 4433 4472 4121 
8 4082 4433 4472 4121 4083 4434 4473 4122 
8 4083 4434 4473 4122 4084 4435 4474 4123 
8 4084 4435 4474 4123 4085 4436 4475 4124 
8 4085 4436 4475 4124 4086 4437 4476 4125 
8 4086 4437 4476 4125 4087 4438 4477 4126 
8 4087 4438 4477 4126 4088 4439 4478 4127 
8 4088 4439 4478 4127 4089 4440 4479 4128 
8 4089 4440 4479 4128 4090 4441 4480 4129 
8 4090 4441 4480 4129 4091 4442 4481 4130 
8 4091 4442 4481 4130 4092 4443 4482 4131 
8 4092 4443 4482 4131 4093 4444 4483 4132 
8 4093 4444 4483 4132 4094 4445 4484 4133 
8 4094 4445 4484 4133 4095 4446 4485 4134 
8 4095 4446 4485 4134 4096 4447 4486 4135 
8 4096 4447 4486 4135 4097 4448 4487 4136 
8 4097 4448 4487 4136 4098 4449 4488 4137 
8 4098 4449 4488 4137 4099 4450 4489 4138 
8 4099 4450 4489 4138 4100 4451 4490 4139 
8 4100 4451 4490 4139 4101 4452 4491 4140 
8 4101 4452 4491 4140 4102 4453 4492 4141 
8 4102 4453 4492 4141 4103 4454 4493 4142 
8 4103 4454 4493 4142 4104 4455 4494 4143 
8 4104 4455 4494 4143 4105 4456 4495 4144 
8 4105 4456 4495 4144 4106 4457 4496 4145 
8 4106 4457 4496 4145 4107 4458 4497 4146 
8 4107 4458 4497 4146 4108 4459 4498 4147 
8 4108 4459 4498 4147 4109 4460 4499 4148 
8 4109 4460 4499 4148 4110 4461 4500 4149 
8 4110 4461 4500 4149 2580 2589 2590 2581 
8 2518 2527 2528 2519 4111 4462 4501 4150 
8 4111 4462 4501 4150 4112 4463 4502 4151 
8 4112 4463 4502 4151 4113 4464 4503 4152 
8 4113 4464 4503 4152 4114 4465 4504 4153 
8 4114 4465 4504 4153 4115 4466 4505 4154 
8 4115 4466 4505 4154 4116 4467 4506 4155 
8 4116 4467 4506 4155 4117 4468 4507 4156 
8 4117 4468 4507 4156 4118 4469 4508 4157 
8 4118 4469 4508 4157 4119 4470 4509 4158 
8 4119 4470 4509 4158 4120 4471 4510 4159 
8 4120 4471 4510 4159 4121 4472 4511 4160 
8 4121 4472 4511 4160 4122 4473 4512 4161 
8 4122 4473 4512 4161 4123 4474 4513 4162 
8 4123 4474 4513 4162 4124 4475 4514 4163 
8 4124 4475 4514 4163 4125 4476 4515 4164 
8 4125 4476 4515 4164 4126 4477 4516 4165 
8 4126 4477 4516 4165 4127 4478 4517 4166 
8 4127 4478 4517 4166 4128 4479 4518 4167 
8 4128 4479 4518 4167 4129 4480 4519 4168 
8 4129 4480 4519 4168 4130 4481 4520 4169 
8 4130 4481 4520 4169 4131 4482 4521 4170 
8 4131 4482 4521 4170 4132 4483 4522 4171 
8 4132 4483 4522 4171 4133 4484 4523 4172 
8 4133 4484 4523 4172 4134 4485 4524 4173 
8 4134 4485 4524 4173 4135 4486 4525 4174 
8 4135 4486 4525 4174 4136 4487 4526 4175 
8 4136 4487 4526 4175 4137 4488 4527 4176 
8 4137 4488 4527 4176 4138 4489 4528 4177 
8 4138 4489 4528 4177 4139 4490 4529 4178 
8 4139 4490 4529 4178 4140 4491 4530 4179 
8 4140 4491 4530 4179 4141 4492 4531 4180 
8 4141 4492 4531 4180 4142 4493 4532 4181 
8 4142 4493 4532 4181 4143 4494 4533 4182 
8 4143 4494 4533 4182 4144 4495 4534 4183 
8 4144 4495 4534 4183 4145 4496 4535 4184 
8 4145 4496 4535 4184 4146 4497 4536 4185 
8 4146 4497 4536 4185 4147 4498 4537 4186 
8 4147 4498 4537 4186 4148 4499 4538 4187 
8 4148 4499 4538 4187 4149 4500 4539 4188 
8 4149 4500 4539 4188 2581 2590 2591 2582 
8 2519 2528 2529 2520 4150 4501 4540 4189 
8 4150 4501 4540 4189 4151 4502 4541 4190 
8 4151 4502 4541 4190 4152 4503 4542 4191 
8 4152 4503 4542 4191 4153 4504 4543 4192 
8 4153 4504 4543 4192 4154 4505 4544 4193 
8 4154 4505 4544 4193 4155 4506 4545 4194 
8 4155 4506 4545 4194 4156 4507 4546 4195 
8 4156 4507 4546 4195 4157 4508 4547 4196 
8 4157 4508 4547 4196 4158 4509 4548 4197 
8 4158 4509 4548 4197 4159 4510 4549 4198 
8 4159 4510 4549 4198 4160 4511 4550 4199 
8 4160 4511 4550 4199 4161 4512 4551 4200 
8 4161 4512 4551 4200 4162 4513 4552 4201 
8 4162 4513 4552 4201 4163 4514 4553 4202 
8 4163 4514 4553 4202 4164 4515 4554 4203 
8 4164 4515 4554 4203 4165 4516 4555 4204 
8 4165 4516 4555 4204 4166 4517 4556 4205 
8 4166 4517 4556 4205 4167 4518 4557 4206 
8 4167 4518 4557 4206 4168 4519 4558 4207 
8 4168 4519 4558 4207 4169 4520 4559 4208 
8 4169 4520 4559 4208 4170 4521 4560 4209 
8 4170 4521 4560 4209 4171 4522 4561 4210 
8 4171 4522 4561 4210 4172 4523 4562 4211 
8 4172 4523 4562 4211 4173 4524 4563 4212 
8 4173 4524 4563 4212 4174 4525 4564 4213 
8 4174 4525 4564 4213 4175 4526 4565 4214 
8 4175 4526 4565 4214 4176 4527 4566 4215 
8 4176 4527 4566 4215 4177 4528 4567 4216 
8 4177 4528 4567 4216 4178 4529 4568 4217 
8 4178 4529 4568 4217 4179 4530 4569 4218 
8 4179 4530 4569 4218 4180 4531 4570 4219 
8 4180 4531 4570 4219 4181 4532 4571 4220 
8 4181 4532 4571 4220 4182 4533 4572 4221 
8 4182 4533 4572 4221 4183 4534 4573 4222 
8 4183 4534 4573 4222 4184 4535 4574 4223 
8 4184 4535 4574 4223 4185 4536 4575 4224 
8 4185 4536 4575 4224 4186 4537 4576 4225 
8 4186 4537 4576 4225 4187 4538 4577 4226 
8 4187 4538 4577 4226 4188 4539 4578 4227 
8 4188 4539 4578 4227 2582 2591 2592 2583 
8 2520 2529 366 365 4189 4540 2980 2941 
8 4189 4540 2980 2941 4190 4541 2981 2942 
8 4190 4541 2981 2942 4191 4542 2982 2943 
8 4191 4542 2982 2943 4192 4543 2983 2944 
8 4192 4543 2983 2944 4193 4544 2984 2945 
8 4193 4544 2984 2945 4194 4545 2985 2946 
8 4194 4545 2985 2946 4195 4546 2986 2947 
8 4195 4546 2986 2947 4196 4547 2987 2948 
8 4196 4547 2987 2948 4197 4548 2988 2949 
8 4197 4548 2988 2949 4198 4549 2989 2950 
8 4198 4549 2989 2950 4199 4550 2990 2951 
8 4199 4550 2990 2951 4200 4551 2991 2952 
8 4200 4551 2991 2952 4201 4552 2992 2953 
8 4201 4552 2992 2953 4202 4553 2993 2954 
8 4202 4553 2993 2954 4203 4554 2994 2955 
8 4203 4554 2994 2955 4204 4555 2995 2956 
8 4204 4555 2995 2956 4205 4556 2996 2957 
8 4205 4556 2996 2957 4206 4557 2997 2958 
8 4206 4557 2997 2958 4207 4558 2998 2959 
8 4207 4558 2998 2959 4208 4559 2999 2960 
8 4208 4559 2999 2960 4209 4560 3000 2961 
8 4209 4560 3000 2961 4210 4561 3001 2962 
8 4210 4561 3001 2962 4211 4562 3002 2963 
8 4211 4562 3002 2963 4212 4563 3003 2964 
8 4212 4563 3003 2964 4213 4564 3004 2965 
8 4213 4564 3004 2965 4214 4565 3005 2966 
8 4214 4565 3005 2966 4215 4566 3006 2967 
8 4215 4566 3006 2967 4216 4567 3007 2968 
8 4216 4567 3007 2968 4217 4568 3008 2969 
8 4217 4568 3008 2969 4218 4569 3009 2970 
8 4218 4569 3009 2970 4219 4570 3010 2971 
8 4219 4570 3010 2971 4220 4571 3011 2972 
8 4220 4571 3011 2972 4221 4572 3012 2973 
8 4221 4572 3012 2973 4222 4573 3013 2974 
8 4222 4573 3013 2974 4223 4574 3014 2975 
8 4223 4574 3014 2975 4224 4575 3015 2976 
8 4224 4575 3015 2976 4225 4576 3016 2977 
8 4225 4576 3016 2977 4226 4577 3017 2978 
8 4226 4577 3017 2978 4227 4578 3018 2979 
8 4227 4578 3018 2979 2583 2592 389 388 
8 350 351 2530 2521 2707 2746 4579 4228 
8 2707 2746 4579 4228 2708 2747 4580 4229 
8 2708 2747 4580 4229 2709 2748 4581 4230 
8 2709 2748 4581 4230 2710 2749 4582 4231 
8 2710 2749 4582 4231 2711 2750 4583 4232 
8 2711 2750 4583 4232 2712 2751 4584 4233 
8 2712 2751 4584 4233 2713 2752 4585 4234 
8 2713 2752 4585 4234 2714 2753 4586 4235 
8 2714 2753 4586 4235 2715 2754 4587 4236 
8 2715 2754 4587 4236 2716 2755 4588 4237 
8 2716 2755 4588 4237 2717 2756 4589 4238 
8 2717 2756 4589 4238 2718 2757 4590 4239 
8 2718 2757 4590 4239 2719 2758 4591 4240 
8 2719 2758 4591 4240 2720 2759 4592 4241 
8 2720 2759 4592 4241 2721 2760 4593 4242 
8 2721 2760 4593 4242 2722 2761 4594 4243 
8 2722 2761 4594 4243 2723 2762 4595 4244 
8 2723 2762 4595 4244 2724 2763 4596 4245 
8 2724 2763 4596 4245 2725 2764 4597 4246 
8 2725 2764 4597 4246 2726 2765 4598 4247 
8 2726 2765 4598 4247 2727 2766 4599 4248 
8 2727 2766 4599 4248 2728 2767 4600 4249 
8 2728 2767 4600 4249 2729 2768 4601 4250 
8 2729 2768 4601 4250 2730 2769 4602 4251 
8 2730 2769 4602 4251 2731 2770 4603 4252 
8 2731 2770 4603 4252 2732 2771 4604 4253 
8 2732 2771 4604 4253 2733 2772 4605 4254 
8 2733 2772 4605 4254 2734 2773 4606 4255 
8 2734 2773 4606 4255 2735 2774 4607 4256 
8 2735 2774 4607 4256 2736 2775 4608 4257 
8 2736 2775 4608 4257 2737 2776 4609 4258 
8 2737 2776 4609 4258 2738 2777 4610 4259 
8 2738 2777 4610 4259 2739 2778 4611 4260 
8 2739 2778 4611 4260 2740 2779 4612 4261 
8 2740 2779 4612 4261 2741 2780 4613 4262 
8 2741 2780 4613 4262 2742 2781 4614 4263 
8 2742 2781 4614 4263 2743 2782 4615 4264 
8 2743 2782 4615 4264 2744 2783 4616 4265 
8 2744 2783 4616 4265 2745 2784 4617 4266 
8 2745 2784 4617 4266 373 374 2593 2584 
8 2521 2530 2531 2522 4228 4579 4618 4267 
8 4228 4579 4618 4267 4229 4580 4619 4268 
8 4229 4580 4619 4268 4230 4581 4620 4269 
8 4230 4581 4620 4269 4231 4582 4621 4270 
8 4231 4582 4621 4270 4232 4583 4622 4271 
8 4232 4583 4622 4271 4233 4584 4623 4272 
8 4233 4584 4623 4272 4234 4585 4624 4273 
8 4234 4585 4624 4273 4235 4586 4625 4274 
8 4235 4586 4625 4274 4236 4587 4626 4275 
8 4236 4587 4626 4275 4237 4588 4627 4276 
8 4237 4588 4627 4276 4238 4589 4628 4277 
8 4238 4589 4628 4277 4239 4590 4629 4278 
8 4239 4590 4629 4278 4240 4591 4630 4279 
8 4240 4591 4630 4279 4241 4592 4631 4280 
8 4241 4592 4631 4280 4242 4593 4632 4281 
8 4242 4593 4632 4281 4243 4594 4633 4282 
8 4243 4594 4633 4282 4244 4595 4634 4283 
8 4244 4595 4634 4283 4245 4596 4635 4284 
8 4245 4596 4635 4284 4246 4597 4636 4285 
8 4246 4597 4636 4285 4247 4598 4637 4286 
8 4247 4598 4637 4286 4248 4599 4638 4287 
8 4248 4599 4638 4287 4249 4600 4639 4288 
8 4249 4600 4639 4288 4250 4601 4640 4289 
8 4250 4601 4640 4289 4251 4602 4641 4290 
8 4251 4602 4641 4290 4252 4603 4642 4291 
8 4252 4603 4642 4291 4253 4604 4643 4292 
8 4253 4604 4643 4292 4254 4605 4644 4293 
8 4254 4605 4644 4293 4255 4606 4645 4294 
8 4255 4606 4645 4294 4256 4607 4646 4295 
8 4256 4607 4646 4295 4257 4608 4647 4296 
8 4257 4608 4647 4296 4258 4609 4648 4297 
8 4258 4609 4648 4297 4259 4610 4649 4298 
8 4259 4610 4649 4298 4260 4611 4650 4299 
8 4260 4611 4650 4299 4261 4612 4651 4300 
8 4261 4612 4651 4300 4262 4613 4652 4301 
8 4262 4613 4652 4301 4263 4614 4653 4302 
8 4263 4614 4653 4302 4264 4615 4654 4303 
8 4264 4615 4654 4303 4265 4616 4655 4304 
8 4265 4616 4655 4304 4266 4617 4656 4305 
8 4266 4617 4656 4305 2584 2593 2594 2585 
8 2522 2531 2532 2523 4267 4618 4657 4306 
8 4267 4618 4657 4306 4268 4619 4658 4307 
8 4268 4619 4658 4307 4269 4620 4659 4308 
8 4269 4620 4659 4308 4270 4621 4660 4309 
8 4270 4621 4660 4309 4271 4622 4661 4310 
8 4271 4622 4661 4310 4272 4623 4662 4311 
8 4272 4623 4662 4311 4273 4624 4663 4312 
8 4273 4624 4663 4312 4274 4625 4664 4313 
8 4274 4625 4664 4313 4275 4626 4665 4314 
8 4275 4626 4665 4314 4276 4627 4666 4315 
8 4276 4627 4666 4315 4277 4628 4667 4316 
8 4277 4628 4667 4316 4278 4629 4668 4317 
8 4278 4629 4668 4317 4279 4630 4669 4318 
8 4279 4630 4669 4318 4280 4631 4670 4319 
8 4280 4631 4670 4319 4281 4632 4671 4320 
8 4281 4632 4671 4320 4282 4633 4672 4321 
8 4282 4633 4672 4321 4283 4634 4673 4322 
8 4283 4634 4673 4322 4284 4635 4674 4323 
8 4284 4635 4674 4323 4285 4636 4675 4324 
8 4285 4636 4675 4324 4286 4637 4676 4325 
8 4286 4637 4676 4325 4287 4638 4677 4326 
8 4287 4638 4677 4326 4288 4639 4678 4327 
8 4288 4639 4678 4327 4289 4640 4679 4328 
8 4289 4640 4679 4328 4290 4641 4680 4329 
8 4290 4641 4680 4329 4291 4642 4681 4330 
8 4291 4642 4681 4330 4292 4643 4682 4331 
8 4292 4643 4682 4331 4293 4644 4683 4332 
8 4293 4644 4683 4332 4294 4645 4684 4333 
8 4294 4645 4684 4333 4295 4646 4685 4334 
8 4295 4646 4685 4334 4296 4647 4686 4335 
8 4296 4647 4686 4335 4297 4648 4687 4336 
8 4297 4648 4687 4336 4298 4649 4688 4337 
8 4298 4649 4688 4337 4299 4650 4689 4338 
8 4299 4650 4689 4338 4300 4651 4690 4339 
8 4300 4651 4690 4339 4301 4652 4691 4340 
8 4301 4652 4691 4340 4302 4653 4692 4341 
8 4302 4653 4692 4341 4303 4654 4693 4342 
8 4303 4654 4693 4342 4304 4655 4694 4343 
8 4304 4655 4694 4343 4305 4656 4695 4344 
8 4305 4656 4695 4344 2585 2594 2595 2586 
8 2523 2532 2533 2524 4306 4657 4696 4345 
8 4306 4657 4696 4345 4307 4658 4697 4346 
8 4307 4658 4697 4346 4308 4659 4698 4347 
8 4308 4659 4698 4347 4309 4660 4699 4348 
8 4309 4660 4699 4348 4310 4661 4700 4349 
8 4310 4661 4700 4349 4311 4662 4701 4350 
8 4311 4662 4701 4350 4312 4663 4702 4351 
8 4312 4663 4702 4351 4313 4664 4703 4352 
8 4313 4664 4703 4352 4314 4665 4704 4353 
8 4314 4665 4704 4353 4315 4666 4705 4354 
8 4315 4666 4705 4354 4316 4667 4706 4355 
8 4316 4667 4706 4355 4317 4668 4707 4356 
8 4317 4668 4707 4356 4318 4669 4708 4357 
8 4318 4669 4708 4357 4319 4670 4709 4358 
8 4319 4670 4709 4358 4320 4671 4710 4359 
8 4320 4671 4710 4359 4321 4672 4711 4360 
8 4321 4672 4711 4360 4322 4673 4712 4361 
8 4322 4673 4712 4361 4323 4674 4713 4362 
8 4323 4674 4713 4362 4324 4675 4714 4363 
8 4324 4675 4714 4363 4325 4676 4715 4364 
8 4325 4676 4715 4364 4326 4677 4716 4365 
8 4326 4677 4716 4365 4327 4678 4717 4366 
8 4327 4678 4717 4366 4328 4679 4718 4367 
8 4328 4679 4718 4367 4329 4680 4719 4368 
8 4329 4680 4719 4368 4330 4681 4720 4369 
8 4330 4681 4720 4369 4331 4682 4721 4370 
8 4331 4682 4721 4370 4332 4683 4722 4371 
8 4332 4683 4722 4371 4333 4684 4723 4372 
8 4333 4684 4723 4372 4334 4685 4724 4373 
8 4334 4685 4724 4373 4335 4686 4725 4374 
8 4335 4686 4725 4374 4336 4687 4726 4375 
8 4336 4687 4726 4375 4337 4688 4727 4376 
8 4337 4688 4727 4376 4338 4689 4728 4377 
8 4338 4689 4728 4377 4339 4690 4729 4378 
8 4339 4690 4729 4378 4340 4691 4730 4379 
8 4340 4691 4730 4379 4341 4692 4731 4380 
8 4341 4692 4731 4380 4342 4693 4732 4381 
8 4342 4693 4732 4381 4343 4694 4733 4382 
8 4343 4694 4733 4382 4344 4695 4734 4383 
8 4344 4695 4734 4383 2586 2595 2596 2587 
8 2524 2533 2534 2525 4345 4696 4735 4384 
8 4345 4696 4735 4384 4346 4697 4736 4385 
8 4346 4697 4736 4385 4347 4698 4737 4386 
8 4347 4698 4737 4386 4348 4699 4738 4387 
8 4348 4699 4738 4387 4349 4700 4739 4388 
8 4349 4700 4739 4388 4350 4701 4740 4389 
8 4350 4701 4740 4389 4351 4702 4741 4390 
8 4351 4702 4741 4390 4352 4703 4742 4391 
8 4352 4703 4742 4391 4353 4704 4743 4392 
8 4353 4704 4743 4392 4354 4705 4744 4393 
8 4354 4705 4744 4393 4355 4706 4745 4394 
8 4355 4706 4745 4394 4356 4707 4746 4395 
8 4356 4707 4746 4395 4357 4708 4747 4396 
8 4357 4708 4747 4396 4358 4709 4748 4397 
8 4358 4709 4748 4397 4359 4710 4749 4398 
8 4359 4710 4749 4398 4360 4711 4750 4399 
8 4360 4711 4750 4399 4361 4712 4751 4400 
8 4361 4712 4751 4400 4362 4713 4752 4401 
8 4362 4713 4752 4401 4363 4714 4753 4402 
8 4363 4714 4753 4402 4364 4715 4754 4403 
8 4364 4715 4754 4403 4365 4716 4755 4404 
8 4365 4716 4755 4404 4366 4717 4756 4405 
8 4366 4717 4756 4405 4367 4718 4757 4406 
8 4367 4718 4757 4406 4368 4719 4758 4407 
8 4368 4719 4758 4407 4369 4720 4759 4408 
8 4369 4720 4759 4408 4370 4721 4760 4409 
8 4370 4721 4760 4409 4371 4722 4761 4410 
8 4371 4722 4761 4410 4372 4723 4762 4411 
8 4372 4723 4762 4411 4373 4724 4763 4412 
8 4373 4724 4763 4412 4374 4725 4764 4413 
8 4374 4725 4764 4413 4375 4726 4765 4414 
8 4375 4726 4765 4414 4376 4727 4766 4415 
8 4376 4727 4766 4415 4377 4728 4767 4416 
8 4377 4728 4767 4416 4378 4729 4768 4417 
8 4378 4729 4768 4417 4379 4730 4769 4418 
8 4379 4730 4769 4418 4380 4731 4770 4419 
8 4380 4731 4770 4419 4381 4732 4771 4420 
8 4381 4732 4771 4420 4382 4733 4772 4421 
8 4382 4733 4772 4421 4383 4734 4773 4422 
8 4383 4734 4773 4422 2587 2596 2597 2588 
8 2525 2534 2535 2526 4384 4735 4774 4423 
8 4384 4735 4774 4423 4385 4736 4775 4424 
8 4385 4736 4775 4424 4386 4737 4776 4425 
8 4386 4737 4776 4425 4387 4738 4777 4426 
8 4387 4738 4777 4426 4388 4739 4778 4427 
8 4388 4739 4778 4427 4389 4740 4779 4428 
8 4389 4740 4779 4428 4390 4741 4780 4429 
8 4390 4741 4780 4429 4391 4742 4781 4430 
8 4391 4742 4781 4430 4392 4743 4782 4431 
8 4392 4743 4782 4431 4393 4744 4783 4432 
8 4393 4744 4783 4432 4394 4745 4784 4433 
8 4394 4745 4784 4433 4395 4746 4785 4434 
8 4395 4746 4785 4434 4396 4747 4786 4435 
8 4396 4747 4786 4435 4397 4748 4787 4436 
8 4397 4748 4787 4436 4398 4749 4788 4437 
8 4398 4749 4788 4437 4399 4750 4789 4438 
8 4399 4750 4789 4438 4400 4751 4790 4439 
8 4400 4751 4790 4439 4401 4752 4791 4440 
8 4401 4752 4791 4440 4402 4753 4792 4441 
8 4402 4753 4792 4441 4403 4754 4793 4442 
8 4403 4754 4793 4442 4404 4755 4794 4443 
8 4404 4755 4794 4443 4405 4756 4795 4444 
8 4405 4756 4795 4444 4406 4757 4796 4445 
8 4406 4757 4796 4445 4407 4758 4797 4446 
8 4407 4758 4797 4446 4408 4759 4798 4447 
8 4408 4759 4798 4447 4409 4760 4799 4448 
8 4409 4760 4799 4448 4410 4761 4800 4449 
8 4410 4761 4800 4449 4411 4762 4801 4450 
8 4411 4762 4801 4450 4412 4763 4802 4451 
8 4412 4763 4802 4451 4413 4764 4803 4452 
8 4413 4764 4803 4452 4414 4765 4804 4453 
8 4414 4765 4804 4453 4415 4766 4805 4454 
8 4415 4766 4805 4454 4416 4767 4806 4455 
8 4416 4767 4806 4455 4417 4768 4807 4456 
8 4417 4768 4807 4456 4418 4769 4808 4457 
8 4418 4769 4808 4457 4419 4770 4809 4458 
8 4419 4770 4809 4458 4420 4771 4810 4459 
8 4420 4771 4810 4459 4421 4772 4811 4460 
8 4421 4772 4811 4460 4422 4773 4812 4461 
8 4422 4773 4812 4461 2588 2597 2598 2589 
8 2526 2535 2536 2527 4423 4774 4813 4462 
8 4423 4774 4813 4462 4424 4775 4814 4463 
8 4424 4775 4814 4463 4425 4776 4815 4464 
8 4425 4776 4815 4464 4426 4777 4816 4465 
8 4426 4777 4816 4465 4427 4778 4817 4466 
8 4427 4778 4817 4466 4428 4779 4818 4467 
8 4428 4779 4818 4467 4429 4780 4819 4468 
8 4429 4780 4819 4468 4430 4781 4820 4469 
8 4430 4781 4820 4469 4431 4782 4821 4470 
8 4431 4782 4821 4470 4432 4783 4822 4471 
8 4432 4783 4822 4471 4433 4784 4823 4472 
8 4433 4784 4823 4472 4434 4785 4824 4473 
8 4434 4785 4824 4473 4435 4786 4825 4474 
8 4435 4786 4825 4474 4436 4787 4826 4475 
8 4436 4787 4826 4475 4437 4788 4827 4476 
8 4437 4788 4827 4476 4438 4789 4828 4477 
8 4438 4789 4828 4477 4439 4790 4829 4478 
8 4439 4790 4829 4478 4440 4791 4830 4479 
8 4440 4791 4830 4479 4441 4792 4831 4480 
8 4441 4792 4831 4480 4442 4793 4832 4481 
8 4442 4793 4832 4481 4443 4794 4833 4482 
8 4443 4794 4833 4482 4444 4795 4834 4483 
8 4444 4795 4834 4483 4445 4796 4835 4484 
8 4445 4796 4835 4484 4446 4797 4836 4485 
8 4446 4797 4836 4485 4447 4798 4837 4486 
8 4447 4798 4837 4486 4448 4799 4838 4487 
8 4448 4799 4838 4487 4449 4800 4839 4488 
8 4449 4800 4839 4488 4450 4801 4840 4489 
8 4450 4801 4840 4489 4451 4802 4841 4490 
8 4451 4802 4841 4490 4452 4803 4842 4491 
8 4452 4803 4842 4491 4453 4804 4843 4492 
8 4453 4804 4843 4492 4454 4805 4844 4493 
8 4454 4805 4844 4493 4455 4806 4845 4494 
8 4455 4806 4845 4494 4456 4807 4846 4495 
8 4456 4807 4846 4495 4457 4808 4847 4496 
8 4457 4808 4847 4496 4458 4809 4848 4497 
8 4458 4809 4848 4497 4459 4810 4849 4498 
8 4459 4810 4849 4498 4460 4811 4850 4499 
8 4460 4811 4850 4499 4461 4812 4851 4500 
8 4461 4812 4851 4500 2589 2598 2599 2590 
8 2527 2536 2537 2528 4462 4813 4852 4501 
8 4462 4813 4852 4501 4463 4814 4853 4502 
8 4463 4814 4853 4502 4464 4815 4854 4503 
8 4464 4815 4854 4503 4465 4816 4855 4504 
8 4465 4816 4855 4504 4466 4817 4856 4505 
8 4466 4817 4856 4505 4467 4818 4857 4506 
8 4467 4818 4857 4506 4468 4819 4858 4507 
8 4468 4819 4858 4507 4469 4820 4859 4508 
8 4469 4820 4859 4508 4470 4821 4860 4509 
8 4470 4821 4860 4509 4471 4822 4861 4510 
8 4471 4822 4861 4510 4472 4823 4862 4511 
8 4472 4823 4862 4511 4473 4824 4863 4512 
8 4473 4824 4863 4512 4474 4825 4864 4513 
8 4474 4825 4864 4513 4475 4826 4865 4514 
8 4475 4826 4865 4514 4476 4827 4866 4515 
8 4476 4827 4866 4515 4477 4828 4867 4516 
8 4477 4828 4867 4516 4478 4829 4868 4517 
8 4478 4829 4868 4517 4479 4830 4869 4518 
8 4479 4830 4869 4518 4480 4831 4870 4519 
8 4480 4831 4870 4519 4481 4832 4871 4520 
8 4481 4832 4871 4520 4482 4833 4872 4521 
8 4482 4833 4872 4521 4483 4834 4873 4522 
8 4483 4834 4873 4522 4484 4835 4874 4523 
8 4484 4835 4874 4523 4485 4836 4875 4524 
8 4485 4836 4875 4524 4486 4837 4876 4525 
8 4486 4837 4876 4525 4487 4838 4877 4526 
8 4487 4838 4877 4526 4488 4839 4878 4527 
8 4488 4839 4878 4527 4489 4840 4879 4528 
8 4489 4840 4879 4528 4490 4841 4880 4529 
8 4490 4841 4880 4529 4491 4842 4881 4530 
8 4491 4842 4881 4530 4492 4843 4882 4531 
8 4492 4843 4882 4531 4493 4844 4883 4532 
8 4493 4844 4883 4532 4494 4845 4884 4533 
8 4494 4845 4884 4533 4495 4846 4885 4534 
8 4495 4846 4885 4534 4496 4847 4886 4535 
8 4496 4847 4886 4535 4497 4848 4887 4536 
8 4497 4848 4887 4536 4498 4849 4888 4537 
8 4498 4849 4888 4537 4499 4850 4889 4538 
8 4499 4850 4889 4538 4500 4851 4890 4539 
8 4500 4851 4890 4539 2590 2599 2600 2591 
8 2528 2537 2538 2529 4501 4852 4891 4540 
8 4501 4852 4891 4540 4502 4853 4892 4541 
8 4502 4853 4892 4541 4503 4854 4893 4542 
8 4503 4854 4893 4542 4504 4855 4894 4543 
8 4504 4855 4894 4543 4505 4856 4895 4544 
8 4505 4856 4895 4544 4506 4857 4896 4545 
8 4506 4857 4896 4545 4507 4858 4897 4546 
8 4507 4858 4897 4546 4508 4859 4898 4547 
8 4508 4859 4898 4547 4509 4860 4899 4548 
8 4509 4860 4899 4548 4510 4861 4900 4549 
8 4510 4861 4900 4549 4511 4862 4901 4550 
8 4511 4862 4901 4550 4512 4863 4902 4551 
8 4512 4863 4902 4551 4513 4864 4903 4552 
8 4513 4864 4903 4552 4514 4865 4904 4553 
8 4514 4865 4904 4553 4515 4866 4905 4554 
8 4515 4866 4905 4554 4516 4867 4906 4555 
8 4516 4867 4906 4555 4517 4868 4907 4556 
8 4517 4868 4907 4556 4518 4869 4908 4557 
8 4518 4869 4908 4557 4519 4870 4909 4558 
8 4519 4870 4909 4558 4520 4871 4910 4559 
8 4520 4871 4910 4559 4521 4872 4911 4560 
8 4521 4872 4911 4560 4522 4873 4912 4561 
8 4522 4873 4912 4561 4523 4874 4913 4562 
8 4523 4874 4913 4562 4524 4875 4914 4563 
8 4524 4875 4914 4563 4525 4876 4915 4564 
8 4525 4876 4915 4564 4526 4877 4916 4565 
8 4526 4877 4916 4565 4527 4878 4917 4566 
8 4527 4878 4917 4566 4528 4879 4918 4567 
8 4528 4879 4918 4567 4529 4880 4919 4568 
8 4529 4880 4919 4568 4530 4881 4920 4569 
8 4530 4881 4920 4569 4531 4882 4921 4570 
8 4531 4882 4921 4570 4532 4883 4922 4571 
8 4532 4883 4922 4571 4533 4884 4923 4572 
8 4533 4884 4923 4572 4534 4885 4924 4573 
8 4534 4885 4924 4573 4535 4886 4925 4574 
8 4535 4886 4925 4574 4536 4887 4926 4575 
8 4536 4887 4926 4575 4537 4888 4927 4576 
8 4537 4888 4927 4576 4538 4889 4928 4577 
8 4538 4889 4928 4577 4539 4890 4929 4578 
8 4539 4890 4929 4578 2591 2600 2601 2592 
8 2529 2538 367 366 4540 4891 3019 2980 
8 4540 4891 3019 2980 4541 4892 3020 2981 
8 4541 4892 3020 2981 4542 4893 3021 2982 
8 4542 4893 3021 2982 4543 4894 3022 2983 
8 4543 4894 3022 2983 4544 4895 3023 2984 
8 4544 4895 3023 2984 4545 4896 3024 2985 
8 4545 4896 3024 2985 4546 4897 3025 2986 
8 4546 4897 3025 2986 4547 4898 3026 2987 
8 4547 4898 3026 2987 4548 4899 3027 2988 
8 4548 4899 3027 2988 4549 4900 3028 2989 
8 4549 4900 3028 2989 4550 4901 3029 2990 
8 4550 4901 3029 2990 4551 4902 3030 2991 
8 4551 4902 3030 2991 4552 4903 3031 2992 
8 4552 4903 3031 2992 4553 4904 3032 2993 
8 4553 4904 3032 2993 4554 4905 3033 2994 
8 4554 4905 3033 2994 4555 4906 3034 2995 
8 4555 4906 3034 2995 4556 4907 3035 2996 
8 4556 4907 3035 2996 4557 4908 3036 2997 
8 4557 4908 3036 2997 4558 4909 3037 2998 
8 4558 4909 3037 2998 4559 4910 3038 2999 
8 4559 4910 3038 2999 4560 4911 3039 3000 
8 4560 4911 3039 3000 4561 4912 3040 3001 
8 4561 4912 3040 3001 4562 4913 3041 3002 
8 4562 4913 3041 3002 4563 4914 3042 3003 
8 4563 4914 3042 3003 4564 4915 3043 3004 
8 4564 4915 3043 3004 4565 4916 3044 3005 
8 4565 4916 3044 3005 4566 4917 3045 3006 
8 4566 4917 3045 3006 4567 4918 3046 3007 
8 4567 4918 3046 3007 4568 4919 3047 3008 
8 4568 4919 3047 3008 4569 4920 3048 3009 
8 4569 4920 3048 3009 4570 4921 3049 3010 
8 4570 4921 3049 3010 4571 4922 3050 3011 
8 4571 4922 3050 3011 4572 4923 3051 3012 
8 4572 4923 3051 3012 4573 4924 3052 3013 
8 4573 4924 3052 3013 4574 4925 3053 3014 
8 4574 4925 3053 3014 4575 4926 3054 3015 
8 4575 4926 3054 3015 4576 4927 3055 3016 
8 4576 4927 3055 3016 4577 4928 3056 3017 
8 4577 4928 3056 3017 4578 4929 3057 3018 
8 4578 4929 3057 3018 2592 2601 390 389 
8 351 352 2539 2530 2746 2785 4930 4579 
8 2746 2785 4930 4579 2747 2786 4931 4580 
8 2747 2786 4931 4580 2748 2787 4932 4581 
8 2748 2787 4932 4581 2749 2788 4933 4582 
8 2749 2788 4933 4582 2750 2789 4934 4583 
8 2750 2789 4934 4583 2751 2790 4935 4584 
8 2751 2790 4935 4584 2752 2791 4936 4585 
8 2752 2791 4936 4585 2753 2792 4937 4586 
8 2753 2792 4937 4586 2754 2793 4938 4587 
8 2754 2793 4938 4587 2755 2794 4939 4588 
8 2755 2794 4939 4588 2756 2795 4940 4589 
8 2756 2795 4940 4589 2757 2796 4941 4590 
8 2757 2796 4941 4590 2758 2797 4942 4591 
8 2758 2797 4942 4591 2759 2798 4943 4592 
8 2759 2798 4943 4592 2760 2799 4944 4593 
8 2760 2799 4944 4593 2761 2800 4945 4594 
8 2761 2800 4945 4594 2762 2801 4946 4595 
8 2762 2801 4946 4595 2763 2802 4947 4596 
8 2763 2802 4947 4596 2764 2803 4948 4597 
8 2764 2803 4948 4597 2765 2804 4949 4598 
8 2765 2804 4949 4598 2766 2805 4950 4599 
8 2766 2805 4950 4599 2767 2806 4951 4600 
8 2767 2806 4951 4600 2768 2807 4952 4601 
8 2768 2807 4952 4601 2769 2808 4953 4602 
8 2769 2808 4953 4602 2770 2809 4954 4603 
8 2770 2809 4954 4603 2771 2810 4955 4604 
8 2771 2810 4955 4604 2772 2811 4956 4605 
8 2772 2811 4956 4605 2773 2812 4957 4606 
8 2773 2812 4957 4606 2774 2813 4958 4607 
8 2774 2813 4958 4607 2775 2814 4959 4608 
8 2775 2814 4959 4608 2776 2815 4960 4609 
8 2776 2815 4960 4609 2777 2816 4961 4610 
8 2777 2816 4961 4610 2778 2817 4962 4611 
8 2778 2817 4962 4611 2779 2818 4963 4612 
8 2779 2818 4963 4612 2780 2819 4964 4613 
8 2780 2819 4964 4613 2781 2820 4965 4614 
8 2781 2820 4965 4614 2782 2821 4966 4615 
8 2782 2821 4966 4615 2783 2822 4967 4616 
8 2783 2822 4967 4616 2784 2823 4968 4617 
8 2784 2823 4968 4617 374 375 2602 2593 
8 2530 2539 2540 2531 4579 4930 4969 4618 
8 4579 4930 4969 4618 4580 4931 4970 4619 
8 4580 4931 4970 4619 4581 4932 4971 4620 
8 4581 4932 4971 4620 4582 4933 4972 4621 
8 4582 4933 4972 4621 4583 4934 4973 4622 
8 4583 4934 4973 4622 4584 4935 4974 4623 
8 4584 4935 4974 4623 4585 4936 4975 4624 
8 4585 4936 4975 4624 4586 4937 4976 4625 
8 4586 4937 4976 4625 4587 4938 4977 4626 
8 4587 4938 4977 4626 4588 4939 4978 4627 
8 4588 4939 4978 4627 4589 4940 4979 4628 
8 4589 4940 4979 4628 4590 4941 4980 4629 
8 4590 4941 4980 4629 4591 4942 4981 4630 
8 4591 4942 4981 4630 4592 4943 4982 4631 
8 4592 4943 4982 4631 4593 4944 4983 4632 
8 4593 4944 4983 4632 4594 4945 4984 4633 
8 4594 4945 4984 4633 4595 4946 4985 4634 
8 4595 4946 4985 4634 4596 4947 4986 4635 
8 4596 4947 4986 4635 4597 4948 4987 4636 
8 4597 4948 4987 4636 4598 4949 4988 4637 
8 4598 4949 4988 4637 4599 4950 4989 4638 
8 4599 4950 4989 4638 4600 4951 4990 4639 
8 4600 4951 4990 4639 4601 4952 4991 4640 
8 4601 4952 4991 4640 4602 4953 4992 4641 
8 4602 4953 4992 4641 4603 4954 4993 4642 
8 4603 4954 4993 4642 4604 4955 4994 4643 
8 4604 4955 4994 4643 4605 4956 4995 4644 
8 4605 4956 4995 4644 4606 4957 4996 4645 
8 4606 4957 4996 4645 4607 4958 4997 4646 
8 4607 4958 4997 4646 4608 4959 4998 4647 
8 4608 4959 4998 4647 4609 4960 4999 4648 
8 4609 4960 4999 4648 4610 4961 5000 4649 
8 4610 4961 5000 4649 4611 4962 5001 4650 
8 4611 4962 5001 4650 4612 4963 5002 4651 
8 4612 4963 5002 4651 4613 4964 5003 4652 
8 4613 4964 5003 4652 4614 4965 5004 4653 
8 4614 4965 5004 4653 4615 4966 5005 4654 
8 4615 4966 5005 4654 4616 4967 5006 4655 
8 4616 4967 5006 4655 4617 4968 5007 4656 
8 4617 4968 5007 4656 2593 2602 2603 2594 
8 2531 2540 2541 2532 4618 4969 5008 4657 
8 4618 4969 5008 4657 4619 4970 5009 4658 
8 4619 4970 5009 4658 4620 4971 5010 4659 
8 4620 4971 5010 4659 4621 4972 5011 4660 
8 4621 4972 5011 4660 4622 4973 5012 4661 
8 4622 4973 5012 4661 4623 4974 5013 4662 
8 4623 4974 5013 4662 4624 4975 5014 4663 
8 4624 4975 5014 4663 4625 4976 5015 4664 
8 4625 4976 5015 4664 4626 4977 5016 4665 
8 4626 4977 5016 4665 4627 4978 5017 4666 
8 4627 4978 5017 4666 4628 4979 5018 4667 
8 4628 4979 5018 4667 4629 4980 5019 4668 
8 4629 4980 5019 4668 4630 4981 5020 4669 
8 4630 4981 5020 4669 4631 4982 5021 4670 
8 4631 4982 5021 4670 4632 4983 5022 4671 
8 4632 4983 5022 4671 4633 4984 5023 4672 
8 4633 4984 5023 4672 4634 4985 5024 4673 
8 4634 4985 5024 4673 4635 4986 5025 4674 
8 4635 4986 5025 4674 4636 4987 5026 4675 
8 4636 4987 5026 4675 4637 4988 5027 4676 
8 4637 4988 5027 4676 4638 4989 5028 4677 
8 4638 4989 5028 4677 4639 4990 5029 4678 
8 4639 4990 5029 4678 4640 4991 5030 4679 
8 4640 4991 5030 4679 4641 4992 5031 4680 
8 4641 4992 5031 4680 4642 4993 5032 4681 
8 4642 4993 5032 4681 4643 4994 5033 4682 
8 4643 4994 5033 4682 4644 4995 5034 4683 
8 4644 4995 5034 4683 4645 4996 5035 4684 
8 4645 4996 5035 4684 4646 4997 5036 4685 
8 4646 4997 5036 4685 4647 4998 5037 4686 
8 4647 4998 5037 4686 4648 4999 5038 4687 
8 4648 4999 5038 4687 4649 5000 5039 4688 
8 4649 5000 5039 4688 4650 5001 5040 4689 
8 4650 5001 5040 4689 4651 5002 5041 4690 
8 4651 5002 5041 4690 4652 5003 5042 4691 
8 4652 5003 5042 4691 4653 5004 5043 4692 
8 4653 5004 5043 4692 4654 5005 5044 4693 
8 4654 5005 5044 4693 4655 5006 5045 4694 
8 4655 5006 5045 4694 4656 5007 5046 4695 
8 4656 5007 5046 4695 2594 2603 2604 2595 
8 2532 2541 2542 2533 4657 5008 5047 4696 
8 4657 5008 5047 4696 4658 5009 5048 4697 
8 4658 5009 5048 4697 4659 5010 5049 4698 
8 4659 5010 5049 4698 4660 5011 5050 4699 
8 4660 5011 5050 4699 4661 5012 5051 4700 
8 4661 5012 5051 4700 4662 5013 5052 4701 
8 4662 5013 5052 4701 4663 5014 5053 4702 
8 4663 5014 5053 4702 4664 5015 5054 4703 
8 4664 5015 5054 4703 4665 5016 5055 4704 
8 4665 5016 5055 4704 4666 5017 5056 4705 
8 4666 5017 5056 4705 4667 5018 5057 4706 
8 4667 5018 5057 4706 4668 5019 5058 4707 
8 4668 5019 5058 4707 4669 5020 5059 4708 
8 4669 5020 5059 4708 4670 5021 5060 4709 
8 4670 5021 5060 4709 4671 5022 5061 4710 
8 4671 5022 5061 4710 4672 5023 5062 4711 
8 4672 5023 5062 4711 4673 5024 5063 4712 
8 4673 5024 5063 4712 4674 5025 5064 4713 
8 4674 5025 5064 4713 4675 5026 5065 4714 
8 4675 5026 5065 4714 4676 5027 5066 4715 
8 4676 5027 5066 4715 4677 5028 5067 4716 
8 4677 5028 5067 4716 4678 5029 5068 4717 
8 4678 5029 5068 4717 4679 5030 5069 4718 
8 4679 5030 5069 4718 4680 5031 5070 4719 
8 4680 5031 5070 4719 4681 5032 5071 4720 
8 4681 5032 5071 4720 4682 5033 5072 4721 
8 4682 5033 5072 4721 4683 5034 5073 4722 
8 4683 5034 5073 4722 4684 5035 5074 4723 
8 4684 5035 5074 4723 4685 5036 5075 4724 
8 4685 5036 5075 4724 4686 5037 5076 4725 
8 4686 5037 5076 4725 4687 5038 5077 4726 
8 4687 5038 5077 4726 4688 5039 5078 4727 
8 4688 5039 5078 4727 4689 5040 5079 4728 
8 4689 5040 5079 4728 4690 5041 5080 4729 
8 4690 5041 5080 4729 4691 5042 5081 4730 
8 4691 5042 5081 4730 4692 5043 5082 4731 
8 4692 5043 5082 4731 4693 5044 5083 4732 
8 4693 5044 5083 4732 4694 5045 5084 4733 
8 4694 5045 5084 4733 4695 5046 5085 4734 
8 4695 5046 5085 4734 2595 2604 2605 2596 
8 2533 2542 2543 2534 4696 5047 5086 4735 
8 4696 5047 5086 4735 4697 5048 5087 4736 
8 4697 5048 5087 4736 4698 5049 5088 4737 
8 4698 5049 5088 4737 4699 5050 5089 4738 
8 4699 5050 5089 4738 4700 5051 5090 4739 
8 4700 5051 5090 4739 4701 5052 5091 4740 
8 4701 5052 5091 4740 4702 5053 5092 4741 
8 4702 5053 5092 4741 4703 5054 5093 4742 
8 4703 5054 5093 4742 4704 5055 5094 4743 
8 4704 5055 5094 4743 4705 5056 5095 4744 
8 4705 5056 5095 4744 4706 5057 5096 4745 
8 4706 5057 5096 4745 4707 5058 5097 4746 
8 4707 5058 5097 4746 4708 5059 5098 4747 
8 4708 5059 5098 4747 4709 5060 5099 4748 
8 4709 5060 5099 4748 4710 5061 5100 4749 
8 4710 5061 5100 4749 4711 5062 5101 4750 
8 4711 5062 5101 4750 4712 5063 5102 4751 
8 4712 5063 5102 4751 4713 5064 5103 4752 
8 4713 5064 5103 4752 4714 5065 5104 4753 
8 4714 5065 5104 4753 4715 5066 5105 4754 
8 4715 5066 5105 4754 4716 5067 5106 4755 
8 4716 5067 5106 4755 4717 5068 5107 4756 
8 4717 5068 5107 4756 4718 5069 5108 4757 
8 4718 5069 5108 4757 4719 5070 5109 4758 
8 4719 5070 5109 4758 4720 5071 5110 4759 
8 4720 5071 5110 4759 4721 5072 5111 4760 
8 4721 5072 5111 4760 4722 5073 5112 4761 
8 4722 5073 5112 4761 4723 5074 5113 4762 
8 4723 5074 5113 4762 4724 5075 5114 4763 
8 4724 5075 5114 4763 4725 5076 5115 4764 
8 4725 5076 5115 4764 4726 5077 5116 4765 
8 4726 5077 5116 4765 4727 5078 5117 4766 
8 4727 5078 5117 4766 4728 5079 5118 4767 
8 4728 5079 5118 4767 4729 5080 5119 4768 
8 4729 5080 5119 4768 4730 5081 5120 4769 
8 4730 5081 5120 4769 4731 5082 5121 4770 
8 4731 5082 5121 4770 4732 5083 5122 4771 
8 4732 5083 5122 4771 4733 5084 5123 4772 
8 4733 5084 5123 4772 4734 5085 5124 4773 
8 4734 5085 5124 4773 2596 2605 2606 2597 
8 2534 2543 2544 2535 4735 5086 5125 4774 
8 4735 5086 5125 4774 4736 5087 5126 4775 
8 4736 5087 5126 4775 4737 5088 5127 4776 
8 4737 5088 5127 4776 4738 5089 5128 4777 
8 4738 5089 5128 4777 4739 5090 5129 4778 
8 4739 5090 5129 4778 4740 5091 5130 4779 
8 4740 5091 5130 4779 4741 5092 5131 4780 
8 4741 5092 5131 4780 4742 5093 5132 4781 
8 4742 5093 5132 4781 4743 5094 5133 4782 
8 4743 5094 5133 4782 4744 5095 5134 4783 
8 4744 5095 5134 4783 4745 5096 5135 4784 
8 4745 5096 5135 4784 4746 5097 5136 4785 
8 4746 5097 5136 4785 4747 5098 5137 4786 
8 4747 5098 5137 4786 4748 5099 5138 4787 
8 4748 5099 5138 4787 4749 5100 5139 4788 
8 4749 5100 5139 4788 4750 5101 5140 4789 
8 4750 5101 5140 4789 4751 5102 5141 4790 
8 4751 5102 5141 4790 4752 5103 5142 4791 
8 4752 5103 5142 4791 4753 5104 5143 4792 
8 4753 5104 5143 4792 4754 5105 5144 4793 
8 4754 5105 5144 4793 4755 5106 5145 4794 
8 4755 5106 5145 4794 4756 5107 5146 4795 
8 4756 5107 5146 4795 4757 5108 5147 4796 
8 4757 5108 5147 4796 4758 5109 5148 4797 
8 4758 5109 5148 4797 4759 5110 5149 4798 
8 4759 5110 5149 4798 4760 5111 5150 4799 
8 4760 5111 5150 4799 4761 5112 5151 4800 
8 4761 5112 5151 4800 4762 5113 5152 4801 
8 4762 5113 5152 4801 4763 5114 5153 4802 
8 4763 5114 5153 4802 4764 5115 5154 4803 
8 4764 5115 5154 4803 4765 5116 5155 4804 
8 4765 5116 5155 4804 4766 5117 5156 4805 
8 4766 5117 5156 4805 4767 5118 5157 4806 
8 4767 5118 5157 4806 4768 5119 5158 4807 
8 4768 5119 5158 4807 4769 5120 5159 4808 
8 4769 5120 5159 4808 4770 5121 5160 4809 
8 4770 5121 5160 4809 4771 5122 5161 4810 
8 4771 5122 5161 4810 4772 5123 5162 4811 
8 4772 5123 5162 4811 4773 5124 5163 4812 
8 4773 5124 5163 4812 2597 2606 2607 2598 
8 2535 2544 2545 2536 4774 5125 5164 4813 
8 4774 5125 5164 4813 4775 5126 5165 4814 
8 4775 5126 5165 4814 4776 5127 5166 4815 
8 4776 5127 5166 4815 4777 5128 5167 4816 
8 4777 5128 5167 4816 4778 5129 5168 4817 
8 4778 5129 5168 4817 4779 5130 5169 4818 
8 4779 5130 5169 4818 4780 5131 5170 4819 
8 4780 5131 5170 4819 4781 5132 5171 4820 
8 4781 5132 5171 4820 4782 5133 5172 4821 
8 4782 5133 5172 4821 4783 5134 5173 4822 
8 4783 5134 5173 4822 4784 5135 5174 4823 
8 4784 5135 5174 4823 4785 5136 5175 4824 
8 4785 5136 5175 4824 4786 5137 5176 4825 
8 4786 5137 5176 4825 4787 5138 5177 4826 
8 4787 5138 5177 4826 4788 5139 5178 4827 
8 4788 5139 5178 4827 4789 5140 5179 4828 
8 4789 5140 5179 4828 4790 5141 5180 4829 
8 4790 5141 5180 4829 4791 5142 5181 4830 
8 4791 5142 5181 4830 4792 5143 5182 4831 
8 4792 5143 5182 4831 4793 5144 5183 4832 
8 4793 5144 5183 4832 4794 5145 5184 4833 
8 4794 5145 5184 4833 4795 5146 5185 4834 
8 4795 5146 5185 4834 4796 5147 5186 4835 
8 4796 5147 5186 4835 4797 5148 5187 4836 
8 4797 5148 5187 4836 4798 5149 5188 4837 
8 4798 5149 5188 4837 4799 5150 5189 4838 
8 4799 5150 5189 4838 4800 5151 5190 4839 
8 4800 5151 5190 4839 4801 5152 5191 4840 
8 4801 5152 5191 4840 4802 5153 5192 4841 
8 4802 5153 5192 4841 4803 5154 5193 4842 
8 4803 5154 5193 4842 4804 5155 5194 4843 
8 4804 5155 5194 4843 4805 5156 5195 4844 
8 4805 5156 5195 4844 4806 5157 5196 4845 
8 4806 5157 5196 4845 4807 5158 5197 4846 
8 4807 5158 5197 4846 4808 5159 5198 4847 
8 4808 5159 5198 4847 4809 5160 5199 4848 
8 4809 5160 5199 4848 4810 5161 5200 4849 
8 4810 5161 5200 4849 4811 5162 5201 4850 
8 4811 5162 5201 4850 4812 5163 5202 4851 
8 4812 5163 5202 4851 2598 2607 2608 2599 
8 2536 2545 2546 2537 4813 5164 5203 4852 
8 4813 5164 5203 4852 4814 5165 5204 4853 
8 4814 5165 5204 4853 4815 5166 5205 4854 
8 4815 5166 5205 4854 4816 5167 5206 4855 
8 4816 5167 5206 4855 4817 5168 5207 4856 
8 4817 5168 5207 4856 4818 5169 5208 4857 
8 4818 5169 5208 4857 4819 5170 5209 4858 
8 4819 5170 5209 4858 4820 5171 5210 4859 
8 4820 5171 5210 4859 4821 5172 5211 4860 
8 4821 5172 5211 4860 4822 5173 5212 4861 
8 4822 5173 5212 4861 4823 5174 5213 4862 
8 4823 5174 5213 4862 4824 5175 5214 4863 
8 4824 5175 5214 4863 4825 5176 5215 4864 
8 4825 5176 5215 4864 4826 5177 5216 4865 
8 4826 5177 5216 4865 4827 5178 5217 4866 
8 4827 5178 5217 4866 4828 5179 5218 4867 
8 4828 5179 5218 4867 4829 5180 5219 4868 
8 4829 5180 5219 4868 4830 5181 5220 4869 
8 4830 5181 5220 4869 4831 5182 5221 4870 
8 4831 5182 5221 4870 4832 5183 5222 4871 
8 4832 5183 5222 4871 4833 5184 5223 4872 
8 4833 5184 5223 4872 4834 5185 5224 4873 
8 4834 5185 5224 4873 4835 5186 5225 4874 
8 4835 5186 5225 4874 4836 5187 5226 4875 
8 4836 5187 5226 4875 4837 5188 5227 4876 
8 4837 5188 5227 4876 4838 5189 5228 4877 
8 4838 5189 5228 4877 4839 5190 5229 4878 
8 4839 5190 5229 4878 4840 5191 5230 4879 
8 4840 5191 5230 4879 4841 5192 5231 4880 
8 4841 5192 5231 4880 4842 5193 5232 4881 
8 4842 5193 5232 4881 4843 5194 5233 4882 
8 4843 5194 5233 4882 4844 5195 5234 4883 
8 4844 5195 5234 4883 4845 5196 5235 4884 
8 4845 5196 5235 4884 4846 5197 5236 4885 
8 4846 5197 5236 4885 4847 5198 5237 4886 
8 4847 5198 5237 4886 4848 5199 5238 4887 
8 4848 5199 5238 4887 4849 5200 5239 4888 
8 4849 5200 5239 4888 4850 5201 5240 4889 
8 4850 5201 5240 4889 4851 5202 5241 4890 
8 4851 5202 5241 4890 2599 2608 2609 2600 
8 2537 2546 2547 2538 4852 5203 5242 4891 
8 4852 5203 5242 4891 4853 5204 5243 4892 
8 4853 5204 5243 4892 4854 5205 5244 4893 
8 4854 5205 5244 4893 4855 5206 5245 4894 
8 4855 5206 5245 4894 4856 5207 5246 4895 
8 4856 5207 5246 4895 4857 5208 5247 4896 
8 4857 5208 5247 4896 4858 5209 5248 4897 
8 4858 5209 5248 4897 4859 5210 5249 4898 
8 4859 5210 5249 4898 4860 5211 5250 4899 
8 4860 5211 5250 4899 4861 5212 5251 4900 
8 4861 5212 5251 4900 4862 5213 5252 4901 
8 4862 5213 5252 4901 4863 5214 5253 4902 
8 4863 5214 5253 4902 4864 5215 5254 4903 
8 4864 5215 5254 4903 4865 5216 5255 4904 
8 4865 5216 5255 4904 4866 5217 5256 4905 
8 4866 5217 5256 4905 4867 5218 5257 4906 
8 4867 5218 5257 4906 4868 5219 5258 4907 
8 4868 5219 5258 4907 4869 5220 5259 4908 
8 4869 5220 5259 4908 4870 5221 5260 4909 
8 4870 5221 5260 4909 4871 5222 5261 4910 
8 4871 5222 5261 4910 4872 5223 5262 4911 
8 4872 5223 5262 4911 4873 5224 5263 4912 
8 4873 5224 5263 4912 4874 5225 5264 4913 
8 4874 5225 5264 4913 4875 5226 5265 4914 
8 4875 5226 5265 4914 4876 5227 5266 4915 
8 4876 5227 5266 4915 4877 5228 5267 4916 
8 4877 5228 5267 4916 4878 5229 5268 4917 
8 4878 5229 5268 4917 4879 5230 5269 4918 
8 4879 5230 5269 4918 4880 5231 5270 4919 
8 4880 5231 5270 4919 4881 5232 5271 4920 
8 4881 5232 5271 4920 4882 5233 5272 4921 
8 4882 5233 5272 4921 4883 5234 5273 4922 
8 4883 5234 5273 4922 4884 5235 5274 4923 
8 4884 5235 5274 4923 4885 5236 5275 4924 
8 4885 5236 5275 4924 4886 5237 5276 4925 
8 4886 5237 5276 4925 4887 5238 5277 4926 
8 4887 5238 5277 4926 4888 5239 5278 4927 
8 4888 5239 5278 4927 4889 5240 5279 4928 
8 4889 5240 5279 4928 4890 5241 5280 4929 
8 4890 5241 5280 4929 2600 2609 2610 2601 
8 2538 2547 368 367 4891 5242 3058 3019 
8 4891 5242 3058 3019 4892 5243 3059 3020 
8 4892 5243 3059 3020 4893 5244 3060 3021 
8 4893 5244 3060 3021 4894 5245 3061 3022 
8 4894 5245 3061 3022 4895 5246 3062 3023 
8 4895 5246 3062 3023 4896 5247 3063 3024 
8 4896 5247 3063 3024 4897 5248 3064 3025 
8 4897 5248 3064 3025 4898 5249 3065 3026 
8 4898 5249 3065 3026 4899 5250 3066 3027 
8 4899 5250 3066 3027 4900 5251 3067 3028 
8 4900 5251 3067 3028 4901 5252 3068 3029 
8 4901 5252 3068 3029 4902 5253 3069 3030 
8 4902 5253 3069 3030 4903 5254 3070 3031 
8 4903 5254 3070 3031 4904 5255 3071 3032 
8 4904 5255 3071 3032 4905 5256 3072 3033 
8 4905 5256 3072 3033 4906 5257 3073 3034 
8 4906 5257 3073 3034 4907 5258 3074 3035 
8 4907 5258 3074 3035 4908 5259 3075 3036 
8 4908 5259 3075 3036 4909 5260 3076 3037 
8 4909 5260 3076 3037 4910 5261 3077 3038 
8 4910 5261 3077 3038 4911 5262 3078 3039 
8 4911 5262 3078 3039 4912 5263 3079 3040 
8 4912 5263 3079 3040 4913 5264 3080 3041 
8 4913 5264 3080 3041 4914 5265 3081 3042 
8 4914 5265 3081 3042 4915 5266 3082 3043 
8 4915 5266 3082 3043 4916 5267 3083 3044 
8 4916 5267 3083 3044 4917 5268 3084 3045 
8 4917 5268 3084 3045 4918 5269 3085 3046 
8 4918 5269 3085 3046 4919 5270 3086 3047 
8 4919 5270 3086 3047 4920 5271 3087 3048 
8 4920 5271 3087 3048 4921 5272 3088 3049 
8 4921 5272 3088 3049 4922 5273 3089 3050 
8 4922 5273 3089 3050 4923 5274 3090 3051 
8 4923 5274 3090 3051 4924 5275 3091 3052 
8 4924 5275 3091 3052 4925 5276 3092 3053 
8 4925 5276 3092 3053 4926 5277 3093 3054 
8 4926 5277 3093 3054 4927 5278 3094 3055 
8 4927 5278 3094 3055 4928 5279 3095 3056 
8 4928 5279 3095 3056 4929 5280 3096 3057 
8 4929 5280 3096 3057 2601 2610 391 390 
8 352 353 2548 2539 2785 2824 5281 4930 
8 2785 2824 5281 4930 2786 2825 5282 4931 
8 2786 2825 5282 4931 2787 2826 5283 4932 
8 2787 2826 5283 4932 2788 2827 5284 4933 
8 2788 2827 5284 4933 2789 2828 5285 4934 
8 2789 2828 5285 4934 2790 2829 5286 4935 
8 2790 2829 5286 4935 2791 2830 5287 4936 
8 2791 2830 5287 4936 2792 2831 5288 4937 
8 2792 2831 5288 4937 2793 2832 5289 4938 
8 2793 2832 5289 4938 2794 2833 5290 4939 
8 2794 2833 5290 4939 2795 2834 5291 4940 
8 2795 2834 5291 4940 2796 2835 5292 4941 
8 2796 2835 5292 4941 2797 2836 5293 4942 
8 2797 2836 5293 4942 2798 2837 5294 4943 
8 2798 2837 5294 4943 2799 2838 5295 4944 
8 2799 2838 5295 4944 2800 2839 5296 4945 
8 2800 2839 5296 4945 2801 2840 5297 4946 
8 2801 2840 5297 4946 2802 2841 5298 4947 
8 2802 2841 5298 4947 2803 2842 5299 4948 
8 2803 2842 5299 4948 2804 2843 5300 4949 
8 2804 2843 5300 4949 2805 2844 5301 4950 
8 2805 2844 5301 4950 2806 2845 5302 4951 
8 2806 2845 5302 4951 2807 2846 5303 4952 
8 2807 2846 5303 4952 2808 2847 5304 4953 
8 2808 2847 5304 4953 2809 2848 5305 4954 
8 2809 2848 5305 4954 2810 2849 5306 4955 
8 2810 2849 5306 4955 2811 2850 5307 4956 
8 2811 2850 5307 4956 2812 2851 5308 4957 
8 2812 2851 5308 4957 2813 2852 5309 4958 
8 2813 2852 5309 4958 2814 2853 5310 4959 
8 2814 2853 5310 4959 2815 2854 5311 4960 
8 2815 2854 5311 4960 2816 2855 5312 4961 
8 2816 2855 5312 4961 2817 2856 5313 4962 
8 2817 2856 5313 4962 2818 2857 5314 4963 
8 2818 2857 5314 4963 2819 2858 5315 4964 
8 2819 2858 5315 4964 2820 2859 5316 4965 
8 2820 2859 5316 4965 2821 2860 5317 4966 
8 2821 2860 5317 4966 2822 2861 5318 4967 
8 2822 2861 5318 4967 2823 2862 5319 4968 
8 2823 2862 5319 4968 375 376 2611 2602 
8 2539 2548 2549 2540 4930 5281 5320 4969 
8 4930 5281 5320 4969 4931 5282 5321 4970 
8 4931 5282 5321 4970 4932 5283 5322 4971 
8 4932 5283 5322 4971 4933 5284 5323 4972 
8 4933 5284 5323 4972 4934 5285 5324 4973 
8 4934 5285 5324 4973 4935 5286 5325 4974 
8 4935 5286 5325 4974 4936 5287 5326 4975 
8 4936 5287 5326 4975 4937 5288 5327 4976 
8 4937 5288 5327 4976 4938 5289 5328 4977 
8 4938 5289 5328 4977 4939 5290 5329 4978 
8 4939 5290 5329 4978 4940 5291 5330 4979 
8 4940 5291 5330 4979 4941 5292 5331 4980 
8 4941 5292 5331 4980 4942 5293 5332 4981 
8 4942 5293 5332 4981 4943 5294 5333 4982 
8 4943 5294 5333 4982 4944 5295 5334 4983 
8 4944 5295 5334 4983 4945 5296 5335 4984 
8 4945 5296 5335 4984 4946 5297 5336 4985 
8 4946 5297 5336 4985 4947 5298 5337 4986 
8 4947 5298 5337 4986 4948 5299 5338 4987 
8 4948 5299 5338 4987 4949 5300 5339 4988 
8 4949 5300 5339 4988 4950 5301 5340 4989 
8 4950 5301 5340 4989 4951 5302 5341 4990 
8 4951 5302 5341 4990 4952 5303 5342 4991 
8 4952 5303 5342 4991 4953 5304 5343 4992 
8 4953 5304 5343 4992 4954 5305 5344 4993 
8 4954 5305 5344 4993 4955 5306 5345 4994 
8 4955 5306 5345 4994 4956 5307 5346 4995 
8 4956 5307 5346 4995 4957 5308 5347 4996 
8 4957 5308 5347 4996 4958 5309 5348 4997 
8 4958 5309 5348 4997 4959 5310 5349 4998 
8 4959 5310 5349 4998 4960 5311 5350 4999 
8 4960 5311 5350 4999 4961 5312 5351 5000 
8 4961 5312 5351 5000 4962 5313 5352 5001 
8 4962 5313 5352 5001 4963 5314 5353 5002 
8 4963 5314 5353 5002 4964 5315 5354 5003 
8 4964 5315 5354 5003 4965 5316 5355 5004 
8 4965 5316 5355 5004 4966 5317 5356 5005 
8 4966 5317 5356 5005 4967 5318 5357 5006 
8 4967 5318 5357 5006 4968 5319 5358 5007 
8 4968 5319 5358 5007 2602 2611 2612 2603 
8 2540 2549 2550 2541 4969 5320 5359 5008 
8 4969 5320 5359 5008 4970 5321 5360 5009 
8 4970 5321 5360 5009 4971 5322 5361 5010 
8 4971 5322 5361 5010 4972 5323 5362 5011 
8 4972 5323 5362 5011 4973 5324 5363 5012 
8 4973 5324 5363 5012 4974 5325 5364 5013 
8 4974 5325 5364 5013 4975 5326 5365 5014 
8 4975 5326 5365 5014 4976 5327 5366 5015 
8 4976 5327 5366 5015 4977 5328 5367 5016 
8 4977 5328 5367 5016 4978 5329 5368 5017 
8 4978 5329 5368 5017 4979 5330 5369 5018 
8 4979 5330 5369 5018 4980 5331 5370 5019 
8 4980 5331 5370 5019 4981 5332 5371 5020 
8 4981 5332 5371 5020 4982 5333 5372 5021 
8 4982 5333 5372 5021 4983 5334 5373 5022 
8 4983 5334 5373 5022 4984 5335 5374 5023 
8 4984 5335 5374 5023 4985 5336 5375 5024 
8 4985 5336 5375 5024 4986 5337 5376 5025 
8 4986 5337 5376 5025 4987 5338 5377 5026 
8 4987 5338 5377 5026 4988 5339 5378 5027 
8 4988 5339 5378 5027 4989 5340 5379 5028 
8 4989 5340 5379 5028 4990 5341 5380 5029 
8 4990 5341 5380 5029 4991 5342 5381 5030 
8 4991 5342 5381 5030 4992 5343 5382 5031 
8 4992 5343 5382 5031 4993 5344 5383 5032 
8 4993 5344 5383 5032 4994 5345 5384 5033 
8 4994 5345 5384 5033 4995 5346 5385 5034 
8 4995 5346 5385 5034 4996 5347 5386 5035 
8 4996 5347 5386 5035 4997 5348 5387 5036 
8 4997 5348 5387 5036 4998 5349 5388 5037 
8 4998 5349 5388 5037 4999 5350 5389 5038 
8 4999 5350 5389 5038 5000 5351 5390 5039 
8 5000 5351 5390 5039 5001 5352 5391 5040 
8 5001 5352 5391 5040 5002 5353 5392 5041 
8 5002 5353 5392 5041 5003 5354 5393 5042 
8 5003 5354 5393 5042 5004 5355 5394 5043 
8 5004 5355 5394 5043 5005 5356 5395 5044 
8 5005 5356 5395 5044 5006 5357 5396 5045 
8 5006 5357 5396 5045 5007 5358 5397 5046 
8 5007 5358 5397 5046 2603 2612 2613 2604 
8 2541 2550 2551 2542 5008 5359 5398 5047 
8 5008 5359 5398 5047 5009 5360 5399 5048 
8 5009 5360 5399 5048 5010 5361 5400 5049 
8 5010 5361 5400 5049 5011 5362 5401 5050 
8 5011 5362 5401 5050 5012 5363 5402 5051 
8 5012 5363 5402 5051 5013 5364 5403 5052 
8 5013 5364 5403 5052 5014 5365 5404 5053 
8 5014 5365 5404 5053 5015 5366 5405 5054 
8 5015 5366 5405 5054 5016 5367 5406 5055 
8 5016 5367 5406 5055 5017 5368 5407 5056 
8 5017 5368 5407 5056 5018 5369 5408 5057 
8 5018 5369 5408 5057 5019 5370 5409 5058 
8 5019 5370 5409 5058 5020 5371 5410 5059 
8 5020 5371 5410 5059 5021 5372 5411 5060 
8 5021 5372 5411 5060 5022 5373 5412 5061 
8 5022 5373 5412 5061 5023 5374 5413 5062 
8 5023 5374 5413 5062 5024 5375 5414 5063 
8 5024 5375 5414 5063 5025 5376 5415 5064 
8 5025 5376 5415 5064 5026 5377 5416 5065 
8 5026 5377 5416 5065 5027 5378 5417 5066 
8 5027 5378 5417 5066 5028 5379 5418 5067 
8 5028 5379 5418 5067 5029 5380 5419 5068 
8 5029 5380 5419 5068 5030 5381 5420 5069 
8 5030 5381 5420 5069 5031 5382 5421 5070 
8 5031 5382 5421 5070 5032 5383 5422 5071 
8 5032 5383 5422 5071 5033 5384 5423 5072 
8 5033 5384 5423 5072 5034 5385 5424 5073 
8 5034 5385 5424 5073 5035 5386 5425 5074 
8 5035 5386 5425 5074 5036 5387 5426 5075 
8 5036 5387 5426 5075 5037 5388 5427 5076 
8 5037 5388 5427 5076 5038 5389 5428 5077 
8 5038 5389 5428 5077 5039 5390 5429 5078 
8 5039 5390 5429 5078 5040 5391 5430 5079 
8 5040 5391 5430 5079 5041 5392 5431 5080 
8 5041 5392 5431 5080 5042 5393 5432 5081 
8 5042 5393 5432 5081 5043 5394 5433 5082 
8 5043 5394 5433 5082 5044 5395 5434 5083 
8 5044 5395 5434 5083 5045 5396 5435 5084 
8 5045 5396 5435 5084 5046 5397 5436 5085 
8 5046 5397 5436 5085 2604 2613 2614 2605 
8 2542 2551 2552 2543 5047 5398 5437 5086 
8 5047 5398 5437 5086 5048 5399 5438 5087 
8 5048 5399 5438 5087 5049 5400 5439 5088 
8 5049 5400 5439 5088 5050 5401 5440 5089 
8 5050 5401 5440 5089 5051 5402 5441 5090 
8 5051 5402 5441 5090 5052 5403 5442 5091 
8 5052 5403 5442 5091 5053 5404 5443 5092 
8 5053 5404 5443 5092 5054 5405 5444 5093 
8 5054 5405 5444 5093 5055 5406 5445 5094 
8 5055 5406 5445 5094 5056 5407 5446 5095 
8 5056 5407 5446 5095 5057 5408 5447 5096 
8 5057 5408 5447 5096 5058 5409 5448 5097 
8 5058 5409 5448 5097 5059 5410 5449 5098 
8 5059 5410 5449 5098 5060 5411 5450 5099 
8 5060 5411 5450 5099 5061 5412 5451 5100 
8 5061 5412 5451 5100 5062 5413 5452 5101 
8 5062 5413 5452 5101 5063 5414 5453 5102 
8 5063 5414 5453 5102 5064 5415 5454 5103 
8 5064 5415 5454 5103 5065 5416 5455 5104 
8 5065 5416 5455 5104 5066 5417 5456 5105 
8 5066 5417 5456 5105 5067 5418 5457 5106 
8 5067 5418 5457 5106 5068 5419 5458 5107 
8 5068 5419 5458 5107 5069 5420 5459 5108 
8 5069 5420 5459 5108 5070 5421 5460 5109 
8 5070 5421 5460 5109 5071 5422 5461 5110 
8 5071 5422 5461 5110 5072 5423 5462 5111 
8 5072 5423 5462 5111 5073 5424 5463 5112 
8 5073 5424 5463 5112 5074 5425 5464 5113 
8 5074 5425 5464 5113 5075 5426 5465 5114 
8 5075 5426 5465 5114 5076 5427 5466 5115 
8 5076 5427 5466 5115 5077 5428 5467 5116 
8 5077 5428 5467 5116 5078 5429 5468 5117 
8 5078 5429 5468 5117 5079 5430 5469 5118 
8 5079 5430 5469 5118 5080 5431 5470 5119 
8 5080 5431 5470 5119 5081 5432 5471 5120 
8 5081 5432 5471 5120 5082 5433 5472 5121 
8 5082 5433 5472 5121 5083 5434 5473 5122 
8 5083 5434 5473 5122 5084 5435 5474 5123 
8 5084 5435 5474 5123 5085 5436 5475 5124 
8 5085 5436 5475 5124 2605 2614 2615 2606 
8 2543 2552 2553 2544 5086 5437 5476 5125 
8 5086 5437 5476 5125 5087 5438 5477 5126 
8 5087 5438 5477 5126 5088 5439 5478 5127 
8 5088 5439 5478 5127 5089 5440 5479 5128 
8 5089 5440 5479 5128 5090 5441 5480 5129 
8 5090 5441 5480 5129 5091 5442 5481 5130 
8 5091 5442 5481 5130 5092 5443 5482 5131 
8 5092 5443 5482 5131 5093 5444 5483 5132 
8 5093 5444 5483 5132 5094 5445 5484 5133 
8 5094 5445 5484 5133 5095 5446 5485 5134 
8 5095 5446 5485 5134 5096 5447 5486 5135 
8 5096 5447 5486 5135 5097 5448 5487 5136 
8 5097 5448 5487 5136 5098 5449 5488 5137 
8 5098 5449 5488 5137 5099 5450 5489 5138 
8 5099 5450 5489 5138 5100 5451 5490 5139 
8 5100 5451 5490 5139 5101 5452 5491 5140 
8 5101 5452 5491 5140 5102 5453 5492 5141 
8 5102 5453 5492 5141 5103 5454 5493 5142 
8 5103 5454 5493 5142 5104 5455 5494 5143 
8 5104 5455 5494 5143 5105 5456 5495 5144 
8 5105 5456 5495 5144 5106 5457 5496 5145 
8 5106 5457 5496 5145 5107 5458 5497 5146 
8 5107 5458 5497 5146 5108 5459 5498 5147 
8 5108 5459 5498 5147 5109 5460 5499 5148 
8 5109 5460 5499 5148 5110 5461 5500 5149 
8 5110 5461 5500 5149 5111 5462 5501 5150 
8 5111 5462 5501 5150 5112 5463 5502 5151 
8 5112 5463 5502 5151 5113 5464 5503 5152 
8 5113 5464 5503 5152 5114 5465 5504 5153 
8 5114 5465 5504 5153 5115 5466 5505 5154 
8 5115 5466 5505 5154 5116 5467 5506 5155 
8 5116 5467 5506 5155 5117 5468 5507 5156 
8 5117 5468 5507 5156 5118 5469 5508 5157 
8 5118 5469 5508 5157 5119 5470 5509 5158 
8 5119 5470 5509 5158 5120 5471 5510 5159 
8 5120 5471 5510 5159 5121 5472 5511 5160 
8 5121 5472 5511 5160 5122 5473 5512 5161 
8 5122 5473 5512 5161 5123 5474 5513 5162 
8 5123 5474 5513 5162 5124 5475 5514 5163 
8 5124 5475 5514 5163 2606 2615 2616 2607 
8 2544 2553 2554 2545 5125 5476 5515 5164 
8 5125 5476 5515 5164 5126 5477 5516 5165 
8 5126 5477 5516 5165 5127 5478 5517 5166 
8 5127 5478 5517 5166 5128 5479 5518 5167 
8 5128 5479 5518 5167 5129 5480 5519 5168 
8 5129 5480 5519 5168 5130 5481 5520 5169 
8 5130 5481 5520 5169 5131 5482 5521 5170 
8 5131 5482 5521 5170 5132 5483 5522 5171 
8 5132 5483 5522 5171 5133 5484 5523 5172 
8 5133 5484 5523 5172 5134 5485 5524 5173 
8 5134 5485 5524 5173 5135 5486 5525 5174 
8 5135 5486 5525 5174 5136 5487 5526 5175 
8 5136 5487 5526 5175 5137 5488 5527 5176 
8 5137 5488 5527 5176 5138 5489 5528 5177 
8 5138 5489 5528 5177 5139 5490 5529 5178 
8 5139 5490 5529 5178 5140 5491 5530 5179 
8 5140 5491 5530 5179 5141 5492 5531 5180 
8 5141 5492 5531 5180 5142 5493 5532 5181 
8 5142 5493 5532 5181 5143 5494 5533 5182 
8 5143 5494 5533 5182 5144 5495 5534 5183 
8 5144 5495 5534 5183 5145 5496 5535 5184 
8 5145 5496 5535 5184 5146 5497 5536 5185 
8 5146 5497 5536 5185 5147 5498 5537 5186 
8 5147 5498 5537 5186 5148 5499 5538 5187 
8 5148 5499 5538 5187 5149 5500 5539 5188 
8 5149 5500 5539 5188 5150 5501 5540 5189 
8 5150 5501 5540 5189 5151 5502 5541 5190 
8 5151 5502 5541 5190 5152 5503 5542 5191 
8 5152 5503 5542 5191 5153 5504 5543 5192 
8 5153 5504 5543 5192 5154 5505 5544 5193 
8 5154 5505 5544 5193 5155 5506 5545 5194 
8 5155 5506 5545 5194 5156 5507 5546 5195 
8 5156 5507 5546 5195 5157 5508 5547 5196 
8 5157 5508 5547 5196 5158 5509 5548 5197 
8 5158 5509 5548 5197 5159 5510 5549 5198 
8 5159 5510 5549 5198 5160 5511 5550 5199 
8 5160 5511 5550 5199 5161 5512 5551 5200 
8 5161 5512 5551 5200 5162 5513 5552 5201 
8 5162 5513 5552 5201 5163 5514 5553 5202 
8 5163 5514 5553 5202 2607 2616 2617 2608 
8 2545 2554 2555 2546 5164 5515 5554 5203 
8 5164 5515 5554 5203 5165 5516 5555 5204 
8 5165 5516 5555 5204 5166 5517 5556 5205 
8 5166 5517 5556 5205 5167 5518 5557 5206 
8 5167 5518 5557 5206 5168 5519 5558 5207 
8 5168 5519 5558 5207 5169 5520 5559 5208 
8 5169 5520 5559 5208 5170 5521 5560 5209 
8 5170 5521 5560 5209 5171 5522 5561 5210 
8 5171 5522 5561 5210 5172 5523 5562 5211 
8 5172 5523 5562 5211 5173 5524 5563 5212 
8 5173 5524 5563 5212 5174 5525 5564 5213 
8 5174 5525 5564 5213 5175 5526 5565 5214 
8 5175 5526 5565 5214 5176 5527 5566 5215 
8 5176 5527 5566 5215 5177 5528 5567 5216 
8 5177 5528 5567 5216 5178 5529 5568 5217 
8 5178 5529 5568 5217 5179 5530 5569 5218 
8 5179 5530 5569 5218 5180 5531 5570 5219 
8 5180 5531 5570 5219 5181 5532 5571 5220 
8 5181 5532 5571 5220 5182 5533 5572 5221 
8 5182 5533 5572 5221 5183 5534 5573 5222 
8 5183 5534 5573 5222 5184 5535 5574 5223 
8 5184 5535 5574 5223 5185 5536 5575 5224 
8 5185 5536 5575 5224 5186 5537 5576 5225 
8 5186 5537 5576 5225 5187 5538 5577 5226 
8 5187 5538 5577 5226 5188 5539 5578 5227 
8 5188 5539 5578 5227 5189 5540 5579 5228 
8 5189 5540 5579 5228 5190 5541 5580 5229 
8 5190 5541 5580 5229 5191 5542 5581 5230 
8 5191 5542 5581 5230 5192 5543 5582 5231 
8 5192 5543 5582 5231 5193 5544 5583 5232 
8 5193 5544 5583 5232 5194 5545 5584 5233 
8 5194 5545 5584 5233 5195 5546 5585 5234 
8 5195 5546 5585 5234 5196 5547 5586 5235 
8 5196 5547 5586 5235 5197 5548 5587 5236 
8 5197 5548 5587 5236 5198 5549 5588 5237 
8 5198 5549 5588 5237 5199 5550 5589 5238 
8 5199 5550 5589 5238 5200 5551 5590 5239 
8 5200 5551 5590 5239 5201 5552 5591 5240 
8 5201 5552 5591 5240 5202 5553 5592 5241 
8 5202 5553 5592 5241 2608 2617 2618 2609 
8 2546 2555 2556 2547 5203 5554 5593 5242 
8 5203 5554 5593 5242 5204 5555 5594 5243 
8 5204 5555 5594 5243 5205 5556 5595 5244 
8 5205 5556 5595 5244 5206 5557 5596 5245 
8 5206 5557 5596 5245 5207 5558 5597 5246 
8 5207 5558 5597 5246 5208 5559 5598 5247 
8 5208 5559 5598 5247 5209 5560 5599 5248 
8 5209 5560 5599 5248 5210 5561 5600 5249 
8 5210 5561 5600 5249 5211 5562 5601 5250 
8 5211 5562 5601 5250 5212 5563 5602 5251 
8 5212 5563 5602 5251 5213 5564 5603 5252 
8 5213 5564 5603 5252 5214 5565 5604 5253 
8 5214 5565 5604 5253 5215 5566 5605 5254 
8 5215 5566 5605 5254 5216 5567 5606 5255 
8 5216 5567 5606 5255 5217 5568 5607 5256 
8 5217 5568 5607 5256 5218 5569 5608 5257 
8 5218 5569 5608 5257 5219 5570 5609 5258 
8 5219 5570 5609 5258 5220 5571 5610 5259 
8 5220 5571 5610 5259 5221 5572 5611 5260 
8 5221 5572 5611 5260 5222 5573 5612 5261 
8 5222 5573 5612 5261 5223 5574 5613 5262 
8 5223 5574 5613 5262 5224 5575 5614 5263 
8 5224 5575 5614 5263 5225 5576 5615 5264 
8 5225 5576 5615 5264 5226 5577 5616 5265 
8 5226 5577 5616 5265 5227 5578 5617 5266 
8 5227 5578 5617 5266 5228 5579 5618 5267 
8 5228 5579 5618 5267 5229 5580 5619 5268 
8 5229 5580 5619 5268 5230 5581 5620 5269 
8 5230 5581 5620 5269 5231 5582 5621 5270 
8 5231 5582 5621 5270 5232 5583 5622 5271 
8 5232 5583 5622 5271 5233 5584 5623 5272 
8 5233 5584 5623 5272 5234 5585 5624 5273 
8 5234 5585 5624 5273 5235 5586 5625 5274 
8 5235 5586 5625 5274 5236 5587 5626 5275 
8 5236 5587 5626 5275 5237 5588 5627 5276 
8 5237 5588 5627 5276 5238 5589 5628 5277 
8 5238 5589 5628 5277 5239 5590 5629 5278 
8 5239 5590 5629 5278 5240 5591 5630 5279 
8 5240 5591 5630 5279 5241 5592 5631 5280 
8 5241 5592 5631 5280 2609 2618 2619 2610 
8 2547 2556 369 368 5242 5593 3097 3058 
8 5242 5593 3097 3058 5243 5594 3098 3059 
8 5243 5594 3098 3059 5244 5595 3099 3060 
8 5244 5595 3099 3060 5245 5596 3100 3061 
8 5245 5596 3100 3061 5246 5597 3101 3062 
8 5246 5597 3101 3062 5247 5598 3102 3063 
8 5247 5598 3102 3063 5248 5599 3103 3064 
8 5248 5599 3103 3064 5249 5600 3104 3065 
8 5249 5600 3104 3065 5250 5601 3105 3066 
8 5250 5601 3105 3066 5251 5602 3106 3067 
8 5251 5602 3106 3067 5252 5603 3107 3068 
8 5252 5603 3107 3068 5253 5604 3108 3069 
8 5253 5604 3108 3069 5254 5605 3109 3070 
8 5254 5605 3109 3070 5255 5606 3110 3071 
8 5255 5606 3110 3071 5256 5607 3111 3072 
8 5256 5607 3111 3072 5257 5608 3112 3073 
8 5257 5608 3112 3073 5258 5609 3113 3074 
8 5258 5609 3113 3074 5259 5610 3114 3075 
8 5259 5610 3114 3075 5260 5611 3115 3076 
8 5260 5611 3115 3076 5261 5612 3116 3077 
8 5261 5612 3116 3077 5262 5613 3117 3078 
8 5262 5613 3117 3078 5263 5614 3118 3079 
8 5263 5614 3118 3079 5264 5615 3119 3080 
8 5264 5615 3119 3080 5265 5616 3120 3081 
8 5265 5616 3120 3081 5266 5617 3121 3082 
8 5266 5617 3121 3082 5267 5618 3122 3083 
8 5267 5618 3122 3083 5268 5619 3123 3084 
8 5268 5619 3123 3084 5269 5620 3124 3085 
8 5269 5620 3124 3085 5270 5621 3125 3086 
8 5270 5621 3125 3086 5271 5622 3126 3087 
8 5271 5622 3126 3087 5272 5623 3127 3088 
8 5272 5623 3127 3088 5273 5624 3128 3089 
8 5273 5624 3128 3089 5274 5625 3129 3090 
8 5274 5625 3129 3090 5275 5626 3130 3091 
8 5275 5626 3130 3091 5276 5627 3131 3092 
8 5276 5627 3131 3092 5277 5628 3132 3093 
8 5277 5628 3132 3093 5278 5629 3133 3094 
8 5278 5629 3133 3094 5279 5630 3134 3095 
8 5279 5630 3134 3095 5280 5631 3135 3096 
8 5280 5631 3135 3096 2610 2619 392 391 
8 353 354 2557 2548 2824 2863 5632 5281 
8 2824 2863 5632 5281 2825 2864 5633 5282 
8 2825 2864 5633 5282 2826 2865 5634 5283 
8 2826 2865 5634 5283 2827 2866 5635 5284 
8 2827 2866 5635 5284 2828 2867 5636 5285 
8 2828 2867 5636 5285 2829 2868 5637 5286 
8 2829 2868 5637 5286 2830 2869 5638 5287 
8 2830 2869 5638 5287 2831 2870 5639 5288 
8 2831 2870 5639 5288 2832 2871 5640 5289 
8 2832 2871 5640 5289 2833 2872 5641 5290 
8 2833 2872 5641 5290 2834 2873 5642 5291 
8 2834 2873 5642 5291 2835 2874 5643 5292 
8 2835 2874 5643 5292 2836 2875 5644 5293 
8 2836 2875 5644 5293 2837 2876 5645 5294 
8 2837 2876 5645 5294 2838 2877 5646 5295 
8 2838 2877 5646 5295 2839 2878 5647 5296 
8 2839 2878 5647 5296 2840 2879 5648 5297 
8 2840 2879 5648 5297 2841 2880 5649 5298 
8 2841 2880 5649 5298 2842 2881 5650 5299 
8 2842 2881 5650 5299 2843 2882 5651 5300 
8 2843 2882 5651 5300 2844 2883 5652 5301 
8 2844 2883 5652 5301 2845 2884 5653 5302 
8 2845 2884 5653 5302 2846 2885 5654 5303 
8 2846 2885 5654 5303 2847 2886 5655 5304 
8 2847 2886 5655 5304 2848 2887 5656 5305 
8 2848 2887 5656 5305 2849 2888 5657 5306 
8 2849 2888 5657 5306 2850 2889 5658 5307 
8 2850 2889 5658 5307 2851 2890 5659 5308 
8 2851 2890 5659 5308 2852 2891 5660 5309 
8 2852 2891 5660 5309 2853 2892 5661 5310 
8 2853 2892 5661 5310 2854 2893 5662 5311 
8 2854 2893 5662 5311 2855 2894 5663 5312 
8 2855 2894 5663 5312 2856 2895 5664 5313 
8 2856 2895 5664 5313 2857 2896 5665 5314 
8 2857 2896 5665 5314 2858 2897 5666 5315 
8 2858 2897 5666 5315 2859 2898 5667 5316 
8 2859 2898 5667 5316 2860 2899 5668 5317 
8 2860 2899 5668 5317 2861 2900 5669 5318 
8 2861 2900 5669 5318 2862 2901 5670 5319 
8 2862 2901 5670 5319 376 377 2620 2611 
8 2548 2557 2558 2549 5281 5632 5671 5320 
8 5281 5632 5671 5320 5282 5633 5672 5321 
8 5282 5633 5672 5321 5283 5634 5673 5322 
8 5283 5634 5673 5322 5284 5635 5674 5323 
8 5284 5635 5674 5323 5285 5636 5675 5324 
8 5285 5636 5675 5324 5286 5637 5676 5325 
8 5286 5637 5676 5325 5287 5638 5677 5326 
8 5287 5638 5677 5326 5288 5639 5678 5327 
8 5288 5639 5678 5327 5289 5640 5679 5328 
8 5289 5640 5679 5328 5290 5641 5680 5329 
8 5290 5641 5680 5329 5291 5642 5681 5330 
8 5291 5642 5681 5330 5292 5643 5682 5331 
8 5292 5643 5682 5331 5293 5644 5683 5332 
8 5293 5644 5683 5332 5294 5645 5684 5333 
8 5294 5645 5684 5333 5295 5646 5685 5334 
8 5295 5646 5685 5334 5296 5647 5686 5335 
8 5296 5647 5686 5335 5297 5648 5687 5336 
8 5297 5648 5687 5336 5298 5649 5688 5337 
8 5298 5649 5688 5337 5299 5650 5689 5338 
8 5299 5650 5689 5338 5300 5651 5690 5339 
8 5300 5651 5690 5339 5301 5652 5691 5340 
8 5301 5652 5691 5340 5302 5653 5692 5341 
8 5302 5653 5692 5341 5303 5654 5693 5342 
8 5303 5654 5693 5342 5304 5655 5694 5343 
8 5304 5655 5694 5343 5305 5656 5695 5344 
8 5305 5656 5695 5344 5306 5657 5696 5345 
8 5306 5657 5696 5345 5307 5658 5697 5346 
8 5307 5658 5697 5346 5308 5659 5698 5347 
8 5308 5659 5698 5347 5309 5660 5699 5348 
8 5309 5660 5699 5348 5310 5661 5700 5349 
8 5310 5661 5700 5349 5311 5662 5701 5350 
8 5311 5662 5701 5350 5312 5663 5702 5351 
8 5312 5663 5702 5351 5313 5664 5703 5352 
8 5313 5664 5703 5352 5314 5665 5704 5353 
8 5314 5665 5704 5353 5315 5666 5705 5354 
8 5315 5666 5705 5354 5316 5667 5706 5355 
8 5316 5667 5706 5355 5317 5668 5707 5356 
8 5317 5668 5707 5356 5318 5669 5708 5357 
8 5318 5669 5708 5357 5319 5670 5709 5358 
8 5319 5670 5709 5358 2611 2620 2621 2612 
8 2549 2558 2559 2550 5320 5671 5710 5359 
8 5320 5671 5710 5359 5321 5672 5711 5360 
8 5321 5672 5711 5360 5322 5673 5712 5361 
8 5322 5673 5712 5361 5323 5674 5713 5362 
8 5323 5674 5713 5362 5324 5675 5714 5363 
8 5324 5675 5714 5363 5325 5676 5715 5364 
8 5325 5676 5715 5364 5326 5677 5716 5365 
8 5326 5677 5716 5365 5327 5678 5717 5366 
8 5327 5678 5717 5366 5328 5679 5718 5367 
8 5328 5679 5718 5367 5329 5680 5719 5368 
8 5329 5680 5719 5368 5330 5681 5720 5369 
8 5330 5681 5720 5369 5331 5682 5721 5370 
8 5331 5682 5721 5370 5332 5683 5722 5371 
8 5332 5683 5722 5371 5333 5684 5723 5372 
8 5333 5684 5723 5372 5334 5685 5724 5373 
8 5334 5685 5724 5373 5335 5686 5725 5374 
8 5335 5686 5725 5374 5336 5687 5726 5375 
8 5336 5687 5726 5375 5337 5688 5727 5376 
8 5337 5688 5727 5376 5338 5689 5728 5377 
8 5338 5689 5728 5377 5339 5690 5729 5378 
8 5339 5690 5729 5378 5340 5691 5730 5379 
8 5340 5691 5730 5379 5341 5692 5731 5380 
8 5341 5692 5731 5380 5342 5693 5732 5381 
8 5342 5693 5732 5381 5343 5694 5733 5382 
8 5343 5694 5733 5382 5344 5695 5734 5383 
8 5344 5695 5734 5383 5345 5696 5735 5384 
8 5345 5696 5735 5384 5346 5697 5736 5385 
8 5346 5697 5736 5385 5347 5698 5737 5386 
8 5347 5698 5737 5386 5348 5699 5738 5387 
8 5348 5699 5738 5387 5349 5700 5739 5388 
8 5349 5700 5739 5388 5350 5701 5740 5389 
8 5350 5701 5740 5389 5351 5702 5741 5390 
8 5351 5702 5741 5390 5352 5703 5742 5391 
8 5352 5703 5742 5391 5353 5704 5743 5392 
8 5353 5704 5743 5392 5354 5705 5744 5393 
8 5354 5705 5744 5393 5355 5706 5745 5394 
8 5355 5706 5745 5394 5356 5707 5746 5395 
8 5356 5707 5746 5395 5357 5708 5747 5396 
8 5357 5708 5747 5396 5358 5709 5748 5397 
8 5358 5709 5748 5397 2612 2621 2622 2613 
8 2550 2559 2560 2551 5359 5710 5749 5398 
8 5359 5710 5749 5398 5360 5711 5750 5399 
8 5360 5711 5750 5399 5361 5712 5751 5400 
8 5361 5712 5751 5400 5362 5713 5752 5401 
8 5362 5713 5752 5401 5363 5714 5753 5402 
8 5363 5714 5753 5402 5364 5715 5754 5403 
8 5364 5715 5754 5403 5365 5716 5755 5404 
8 5365 5716 5755 5404 5366 5717 5756 5405 
8 5366 5717 5756 5405 5367 5718 5757 5406 
8 5367 5718 5757 5406 5368 5719 5758 5407 
8 5368 5719 5758 5407 5369 5720 5759 5408 
8 5369 5720 5759 5408 5370 5721 5760 5409 
8 5370 5721 5760 5409 5371 5722 5761 5410 
8 5371 5722 5761 5410 5372 5723 5762 5411 
8 5372 5723 5762 5411 5373 5724 5763 5412 
8 5373 5724 5763 5412 5374 5725 5764 5413 
8 5374 5725 5764 5413 5375 5726 5765 5414 
8 5375 5726 5765 5414 5376 5727 5766 5415 
8 5376 5727 5766 5415 5377 5728 5767 5416 
8 5377 5728 5767 5416 5378 5729 5768 5417 
8 5378 5729 5768 5417 5379 5730 5769 5418 
8 5379 5730 5769 5418 5380 5731 5770 5419 
8 5380 5731 5770 5419 5381 5732 5771 5420 
8 5381 5732 5771 5420 5382 5733 5772 5421 
8 5382 5733 5772 5421 5383 5734 5773 5422 
8 5383 5734 5773 5422 5384 5735 5774 5423 
8 5384 5735 5774 5423 5385 5736 5775 5424 
8 5385 5736 5775 5424 5386 5737 5776 5425 
8 5386 5737 5776 5425 5387 5738 5777 5426 
8 5387 5738 5777 5426 5388 5739 5778 5427 
8 5388 5739 5778 5427 5389 5740 5779 5428 
8 5389 5740 5779 5428 5390 5741 5780 5429 
8 5390 5741 5780 5429 5391 5742 5781 5430 
8 5391 5742 5781 5430 5392 5743 5782 5431 
8 5392 5743 5782 5431 5393 5744 5783 5432 
8 5393 5744 5783 5432 5394 5745 5784 5433 
8 5394 5745 5784 5433 5395 5746 5785 5434 
8 5395 5746 5785 5434 5396 5747 5786 5435 
8 5396 5747 5786 5435 5397 5748 5787 5436 
8 5397 5748 5787 5436 2613 2622 2623 2614 
8 2551 2560 2561 2552 5398 5749 5788 5437 
8 5398 5749 5788 5437 5399 5750 5789 5438 
8 5399 5750 5789 5438 5400 5751 5790 5439 
8 5400 5751 5790 5439 5401 5752 5791 5440 
8 5401 5752 5791 5440 5402 5753 5792 5441 
8 5402 5753 5792 5441 5403 5754 5793 5442 
8 5403 5754 5793 5442 5404 5755 5794 5443 
8 5404 5755 5794 5443 5405 5756 5795 5444 
8 5405 5756 5795 5444 5406 5757 5796 5445 
8 5406 5757 5796 5445 5407 5758 5797 5446 
8 5407 5758 5797 5446 5408 5759 5798 5447 
8 5408 5759 5798 5447 5409 5760 5799 5448 
8 5409 5760 5799 5448 5410 5761 5800 5449 
8 5410 5761 5800 5449 5411 5762 5801 5450 
8 5411 5762 5801 5450 5412 5763 5802 5451 
8 5412 5763 5802 5451 5413 5764 5803 5452 
8 5413 5764 5803 5452 5414 5765 5804 5453 
8 5414 5765 5804 5453 5415 5766 5805 5454 
8 5415 5766 5805 5454 5416 5767 5806 5455 
8 5416 5767 5806 5455 5417 5768 5807 5456 
8 5417 5768 5807 5456 5418 5769 5808 5457 
8 5418 5769 5808 5457 5419 5770 5809 5458 
8 5419 5770 5809 5458 5420 5771 5810 5459 
8 5420 5771 5810 5459 5421 5772 5811 5460 
8 5421 5772 5811 5460 5422 5773 5812 5461 
8 5422 5773 5812 5461 5423 5774 5813 5462 
8 5423 5774 5813 5462 5424 5775 5814 5463 
8 5424 5775 5814 5463 5425 5776 5815 5464 
8 5425 5776 5815 5464 5426 5777 5816 5465 
8 5426 5777 5816 5465 5427 5778 5817 5466 
8 5427 5778 5817 5466 5428 5779 5818 5467 
8 5428 5779 5818 5467 5429 5780 5819 5468 
8 5429 5780 5819 5468 5430 5781 5820 5469 
8 5430 5781 5820 5469 5431 5782 5821 5470 
8 5431 5782 5821 5470 5432 5783 5822 5471 
8 5432 5783 5822 5471 5433 5784 5823 5472 
8 5433 5784 5823 5472 5434 5785 5824 5473 
8 5434 5785 5824 5473 5435 5786 5825 5474 
8 5435 5786 5825 5474 5436 5787 5826 5475 
8 5436 5787 5826 5475 2614 2623 2624 2615 
8 2552 2561 2562 2553 5437 5788 5827 5476 
8 5437 5788 5827 5476 5438 5789 5828 5477 
8 5438 5789 5828 5477 5439 5790 5829 5478 
8 5439 5790 5829 5478 5440 5791 5830 5479 
8 5440 5791 5830 5479 5441 5792 5831 5480 
8 5441 5792 5831 5480 5442 5793 5832 5481 
8 5442 5793 5832 5481 5443 5794 5833 5482 
8 5443 5794 5833 5482 5444 5795 5834 5483 
8 5444 5795 5834 5483 5445 5796 5835 5484 
8 5445 5796 5835 5484 5446 5797 5836 5485 
8 5446 5797 5836 5485 5447 5798 5837 5486 
8 5447 5798 5837 5486 5448 5799 5838 5487 
8 5448 5799 5838 5487 5449 5800 5839 5488 
8 5449 5800 5839 5488 5450 5801 5840 5489 
8 5450 5801 5840 5489 5451 5802 5841 5490 
8 5451 5802 5841 5490 5452 5803 5842 5491 
8 5452 5803 5842 5491 5453 5804 5843 5492 
8 5453 5804 5843 5492 5454 5805 5844 5493 
8 5454 5805 5844 5493 5455 5806 5845 5494 
8 5455 5806 5845 5494 5456 5807 5846 5495 
8 5456 5807 5846 5495 5457 5808 5847 5496 
8 5457 5808 5847 5496 5458 5809 5848 5497 
8 5458 5809 5848 5497 5459 5810 5849 5498 
8 5459 5810 5849 5498 5460 5811 5850 5499 
8 5460 5811 5850 5499 5461 5812 5851 5500 
8 5461 5812 5851 5500 5462 5813 5852 5501 
8 5462 5813 5852 5501 5463 5814 5853 5502 
8 5463 5814 5853 5502 5464 5815 5854 5503 
8 5464 5815 5854 5503 5465 5816 5855 5504 
8 5465 5816 5855 5504 5466 5817 5856 5505 
8 5466 5817 5856 5505 5467 5818 5857 5506 
8 5467 5818 5857 5506 5468 5819 5858 5507 
8 5468 5819 5858 5507 5469 5820 5859 5508 
8 5469 5820 5859 5508 5470 5821 5860 5509 
8 5470 5821 5860 5509 5471 5822 5861 5510 
8 5471 5822 5861 5510 5472 5823 5862 5511 
8 5472 5823 5862 5511 5473 5824 5863 5512 
8 5473 5824 5863 5512 5474 5825 5864 5513 
8 5474 5825 5864 5513 5475 5826 5865 5514 
8 5475 5826 5865 5514 2615 2624 2625 2616 
8 2553 2562 2563 2554 5476 5827 5866 5515 
8 5476 5827 5866 5515 5477 5828 5867 5516 
8 5477 5828 5867 5516 5478 5829 5868 5517 
8 5478 5829 5868 5517 5479 5830 5869 5518 
8 5479 5830 5869 5518 5480 5831 5870 5519 
8 5480 5831 5870 5519 5481 5832 5871 5520 
8 5481 5832 5871 5520 5482 5833 5872 5521 
8 5482 5833 5872 5521 5483 5834 5873 5522 
8 5483 5834 5873 5522 5484 5835 5874 5523 
8 5484 5835 5874 5523 5485 5836 5875 5524 
8 5485 5836 5875 5524 5486 5837 5876 5525 
8 5486 5837 5876 5525 5487 5838 5877 5526 
8 5487 5838 5877 5526 5488 5839 5878 5527 
8 5488 5839 5878 5527 5489 5840 5879 5528 
8 5489 5840 5879 5528 5490 5841 5880 5529 
8 5490 5841 5880 5529 5491 5842 5881 5530 
8 5491 5842 5881 5530 5492 5843 5882 5531 
8 5492 5843 5882 5531 5493 5844 5883 5532 
8 5493 5844 5883 5532 5494 5845 5884 5533 
8 5494 5845 5884 5533 5495 5846 5885 5534 
8 5495 5846 5885 5534 5496 5847 5886 5535 
8 5496 5847 5886 5535 5497 5848 5887 5536 
8 5497 5848 5887 5536 5498 5849 5888 5537 
8 5498 5849 5888 5537 5499 5850 5889 5538 
8 5499 5850 5889 5538 5500 5851 5890 5539 
8 5500 5851 5890 5539 5501 5852 5891 5540 
8 5501 5852 5891 5540 5502 5853 5892 5541 
8 5502 5853 5892 5541 5503 5854 5893 5542 
8 5503 5854 5893 5542 5504 5855 5894 5543 
8 5504 5855 5894 5543 5505 5856 5895 5544 
8 5505 5856 5895 5544 5506 5857 5896 5545 
8 5506 5857 5896 5545 5507 5858 5897 5546 
8 5507 5858 5897 5546 5508 5859 5898 5547 
8 5508 5859 5898 5547 5509 5860 5899 5548 
8 5509 5860 5899 5548 5510 5861 5900 5549 
8 5510 5861 5900 5549 5511 5862 5901 5550 
8 5511 5862 5901 5550 5512 5863 5902 5551 
8 5512 5863 5902 5551 5513 5864 5903 5552 
8 5513 5864 5903 5552 5514 5865 5904 5553 
8 5514 5865 5904 5553 2616 2625 2626 2617 
8 2554 2563 2564 2555 5515 5866 5905 5554 
8 5515 5866 5905 5554 5516 5867 5906 5555 
8 5516 5867 5906 5555 5517 5868 5907 5556 
8 5517 5868 5907 5556 5518 5869 5908 5557 
8 5518 5869 5908 5557 5519 5870 5909 5558 
8 5519 5870 5909 5558 5520 5871 5910 5559 
8 5520 5871 5910 5559 5521 5872 5911 5560 
8 5521 5872 5911 5560 5522 5873 5912 5561 
8 5522 5873 5912 5561 5523 5874 5913 5562 
8 5523 5874 5913 5562 5524 5875 5914 5563 
8 5524 5875 5914 5563 5525 5876 5915 5564 
8 5525 5876 5915 5564 5526 5877 5916 5565 
8 5526 5877 5916 5565 5527 5878 5917 5566 
8 5527 5878 5917 5566 5528 5879 5918 5567 
8 5528 5879 5918 5567 5529 5880 5919 5568 
8 5529 5880 5919 5568 5530 5881 5920 5569 
8 5530 5881 5920 5569 5531 5882 5921 5570 
8 5531 5882 5921 5570 5532 5883 5922 5571 
8 5532 5883 5922 5571 5533 5884 5923 5572 
8 5533 5884 5923 5572 5534 5885 5924 5573 
8 5534 5885 5924 5573 5535 5886 5925 5574 
8 5535 5886 5925 5574 5536 5887 5926 5575 
8 5536 5887 5926 5575 5537 5888 5927 5576 
8 5537 5888 5927 5576 5538 5889 5928 5577 
8 5538 5889 5928 5577 5539 5890 5929 5578 
8 5539 5890 5929 5578 5540 5891 5930 5579 
8 5540 5891 5930 5579 5541 5892 5931 5580 
8 5541 5892 5931 5580 5542 5893 5932 5581 
8 5542 5893 5932 5581 5543 5894 5933 5582 
8 5543 5894 5933 5582 5544 5895 5934 5583 
8 5544 5895 5934 5583 5545 5896 5935 5584 
8 5545 5896 5935 5584 5546 5897 5936 5585 
8 5546 5897 5936 5585 5547 5898 5937 5586 
8 5547 5898 5937 5586 5548 5899 5938 5587 
8 5548 5899 5938 5587 5549 5900 5939 5588 
8 5549 5900 5939 5588 5550 5901 5940 5589 
8 5550 5901 5940 5589 5551 5902 5941 5590 
8 5551 5902 5941 5590 5552 5903 5942 5591 
8 5552 5903 5942 5591 5553 5904 5943 5592 
8 5553 5904 5943 5592 2617 2626 2627 2618 
8 2555 2564 2565 2556 5554 5905 5944 5593 
8 5554 5905 5944 5593 5555 5906 5945 5594 
8 5555 5906 5945 5594 5556 5907 5946 5595 
8 5556 5907 5946 5595 5557 5908 5947 5596 
8 5557 5908 5947 5596 5558 5909 5948 5597 
8 5558 5909 5948 5597 5559 5910 5949 5598 
8 5559 5910 5949 5598 5560 5911 5950 5599 
8 5560 5911 5950 5599 5561 5912 5951 5600 
8 5561 5912 5951 5600 5562 5913 5952 5601 
8 5562 5913 5952 5601 5563 5914 5953 5602 
8 5563 5914 5953 5602 5564 5915 5954 5603 
8 5564 5915 5954 5603 5565 5916 5955 5604 
8 5565 5916 5955 5604 5566 5917 5956 5605 
8 5566 5917 5956 5605 5567 5918 5957 5606 
8 5567 5918 5957 5606 5568 5919 5958 5607 
8 5568 5919 5958 5607 5569 5920 5959 5608 
8 5569 5920 5959 5608 5570 5921 5960 5609 
8 5570 5921 5960 5609 5571 5922 5961 5610 
8 5571 5922 5961 5610 5572 5923 5962 5611 
8 5572 5923 5962 5611 5573 5924 5963 5612 
8 5573 5924 5963 5612 5574 5925 5964 5613 
8 5574 5925 5964 5613 5575 5926 5965 5614 
8 5575 5926 5965 5614 5576 5927 5966 5615 
8 5576 5927 5966 5615 5577 5928 5967 5616 
8 5577 5928 5967 5616 5578 5929 5968 5617 
8 5578 5929 5968 5617 5579 5930 5969 5618 
8 5579 5930 5969 5618 5580 5931 5970 5619 
8 5580 5931 5970 5619 5581 5932 5971 5620 
8 5581 5932 5971 5620 5582 5933 5972 5621 
8 5582 5933 5972 5621 5583 5934 5973 5622 
8 5583 5934 5973 5622 5584 5935 5974 5623 
8 5584 5935 5974 5623 5585 5936 5975 5624 
8 5585 5936 5975 5624 5586 5937 5976 5625 
8 5586 5937 5976 5625 5587 5938 5977 5626 
8 5587 5938 5977 5626 5588 5939 5978 5627 
8 5588 5939 5978 5627 5589 5940 5979 5628 
8 5589 5940 5979 5628 5590 5941 5980 5629 
8 5590 5941 5980 5629 5591 5942 5981 5630 
8 5591 5942 5981 5630 5592 5943 5982 5631 
8 5592 5943 5982 5631 2618 2627 2628 2619 
8 2556 2565 370 369 5593 5944 3136 3097 
8 5593 5944 3136 3097 5594 5945 3137 3098 
8 5594 5945 3137 3098 5595 5946 3138 3099 
8 5595 5946 3138 3099 5596 5947 3139 3100 
8 5596 5947 3139 3100 5597 5948 3140 3101 
8 5597 5948 3140 3101 5598 5949 3141 3102 
8 5598 5949 3141 3102 5599 5950 3142 3103 
8 5599 5950 3142 3103 5600 5951 3143 3104 
8 5600 5951 3143 3104 5601 5952 3144 3105 
8 5601 5952 3144 3105 5602 5953 3145 3106 
8 5602 5953 3145 3106 5603 5954 3146 3107 
8 5603 5954 3146 3107 5604 5955 3147 3108 
8 5604 5955 3147 3108 5605 5956 3148 3109 
8 5605 5956 3148 3109 5606 5957 3149 3110 
8 5606 5957 3149 3110 5607 5958 3150 3111 
8 5607 5958 3150 3111 5608 5959 3151 3112 
8 5608 5959 3151 3112 5609 5960 3152 3113 
8 5609 5960 3152 3113 5610 5961 3153 3114 
8 5610 5961 3153 3114 5611 5962 3154 3115 
8 5611 5962 3154 3115 5612 5963 3155 3116 
8 5612 5963 3155 3116 5613 5964 3156 3117 
8 5613 5964 3156 3117 5614 5965 3157 3118 
8 5614 5965 3157 3118 5615 5966 3158 3119 
8 5615 5966 3158 3119 5616 5967 3159 3120 
8 5616 5967 3159 3120 5617 5968 3160 3121 
8 5617 5968 3160 3121 5618 5969 3161 3122 
8 5618 5969 3161 3122 5619 5970 3162 3123 
8 5619 5970 3162 3123 5620 5971 3163 3124 
8 5620 5971 3163 3124 5621 5972 3164 3125 
8 5621 5972 3164 3125 5622 5973 3165 3126 
8 5622 5973 3165 3126 5623 5974 3166 3127 
8 5623 5974 3166 3127 5624 5975 3167 3128 
8 5624 5975 3167 3128 5625 5976 3168 3129 
8 5625 5976 3168 3129 5626 5977 3169 3130 
8 5626 5977 3169 3130 5627 5978 3170 3131 
8 5627 5978 3170 3131 5628 5979 3171 3132 
8 5628 5979 3171 3132 5629 5980 3172 3133 
8 5629 5980 3172 3133 5630 5981 3173 3134 
8 5630 5981 3173 3134 5631 5982 3174 3135 
8 5631 5982 3174 3135 2619 2628 393 392 
8 354 12 355 2557 2863 394 3175 5632 
8 2863 394 3175 5632 2864 395 3176 5633 
8 2864 395 3176 5633 2865 396 3177 5634 
8 2865 396 3177 5634 2866 397 3178 5635 
8 2866 397 3178 5635 2867 398 3179 5636 
8 2867 398 3179 5636 2868 399 3180 5637 
8 2868 399 3180 5637 2869 400 3181 5638 
8 2869 400 3181 5638 2870 401 3182 5639 
8 2870 401 3182 5639 2871 402 3183 5640 
8 2871 402 3183 5640 2872 403 3184 5641 
8 2872 403 3184 5641 2873 404 3185 5642 
8 2873 404 3185 5642 2874 405 3186 5643 
8 2874 405 3186 5643 2875 406 3187 5644 
8 2875 406 3187 5644 2876 407 3188 5645 
8 2876 407 3188 5645 2877 408 3189 5646 
8 2877 408 3189 5646 2878 409 3190 5647 
8 2878 409 3190 5647 2879 410 3191 5648 
8 2879 410 3191 5648 2880 411 3192 5649 
8 2880 411 3192 5649 2881 412 3193 5650 
8 2881 412 3193 5650 2882 413 3194 5651 
8 2882 413 3194 5651 2883 414 3195 5652 
8 2883 414 3195 5652 2884 415 3196 5653 
8 2884 415 3196 5653 2885 416 3197 5654 
8 2885 416 3197 5654 2886 417 3198 5655 
8 2886 417 3198 5655 2887 418 3199 5656 
8 2887 418 3199 5656 2888 419 3200 5657 
8 2888 419 3200 5657 2889 420 3201 5658 
8 2889 420 3201 5658 2890 421 3202 5659 
8 2890 421 3202 5659 2891 422 3203 5660 
8 2891 422 3203 5660 2892 423 3204 5661 
8 2892 423 3204 5661 2893 424 3205 5662 
8 2893 424 3205 5662 2894 425 3206 5663 
8 2894 425 3206 5663 2895 426 3207 5664 
8 2895 426 3207 5664 2896 427 3208 5665 
8 2896 427 3208 5665 2897 428 3209 5666 
8 2897 428 3209 5666 2898 429 3210 5667 
8 2898 429 3210 5667 2899 430 3211 5668 
8 2899 430 3211 5668 2900 431 3212 5669 
8 2900 431 3212 5669 2901 432 3213 5670 
8 2901 432 3213 5670 377 14 378 2620 
8 2557 355 356 2558 5632 3175 3214 5671 
8 5632 3175 3214 5671 5633 3176 3215 5672 
8 5633 3176 3215 5672 5634 3177 3216 5673 
8 5634 3177 3216 5673 5635 3178 3217 5674 
8 5635 3178 3217 5674 5636 3179 3218 5675 
8 5636 3179 3218 5675 5637 3180 3219 5676 
8 5637 3180 3219 5676 5638 3181 3220 5677 
8 5638 3181 3220 5677 5639 3182 3221 5678 
8 5639 3182 3221 5678 5640 3183 3222 5679 
8 5640 3183 3222 5679 5641 3184 3223 5680 
8 5641 3184 3223 5680 5642 3185 3224 5681 
8 5642 3185 3224 5681 5643 3186 3225 5682 
8 5643 3186 3225 5682 5644 3187 3226 5683 
8 5644 3187 3226 5683 5645 3188 3227 5684 
8 5645 3188 3227 5684 5646 3189 3228 5685 
8 5646 3189 3228 5685 5647 3190 3229 5686 
8 5647 3190 3229 5686 5648 3191 3230 5687 
8 5648 3191 3230 5687 5649 3192 3231 5688 
8 5649 3192 3231 5688 5650 3193 3232 5689 
8 5650 3193 3232 5689 5651 3194 3233 5690 
8 5651 3194 3233 5690 5652 3195 3234 5691 
8 5652 3195 3234 5691 5653 3196 3235 5692 
8 5653 3196 3235 5692 5654 3197 3236 5693 
8 5654 3197 3236 5693 5655 3198 3237 5694 
8 5655 3198 3237 5694 5656 3199 3238 5695 
8 5656 3199 3238 5695 5657 3200 3239 5696 
8 5657 3200 3239 5696 5658 3201 3240 5697 
8 5658 3201 3240 5697 5659 3202 3241 5698 
8 5659 3202 3241 5698 5660 3203 3242 5699 
8 5660 3203 3242 5699 5661 3204 3243 5700 
8 5661 3204 3243 5700 5662 3205 3244 5701 
8 5662 3205 3244 5701 5663 3206 3245 5702 
8 5663 3206 3245 5702 5664 3207 3246 5703 
8 5664 3207 3246 5703 5665 3208 3247 5704 
8 5665 3208 3247 5704 5666 3209 3248 5705 
8 5666 3209 3248 5705 5667 3210 3249 5706 
8 5667 3210 3249 5706 5668 3211 3250 5707 
8 5668 3211 3250 5707 5669 3212 3251 5708 
8 5669 3212 3251 5708 5670 3213 3252 5709 
8 5670 3213 3252 5709 2620 378 379 2621 
8 2558 356 357 2559 5671 3214 3253 5710 
8 5671 3214 3253 5710 5672 3215 3254 5711 
8 5672 3215 3254 5711 5673 3216 3255 5712 
8 5673 3216 3255 5712 5674 3217 3256 5713 
8 5674 3217 3256 5713 5675 3218 3257 5714 
8 5675 3218 3257 5714 5676 3219 3258 5715 
8 5676 3219 3258 5715 5677 3220 3259 5716 
8 5677 3220 3259 5716 5678 3221 3260 5717 
8 5678 3221 3260 5717 5679 3222 3261 5718 
8 5679 3222 3261 5718 5680 3223 3262 5719 
8 5680 3223 3262 5719 5681 3224 3263 5720 
8 5681 3224 3263 5720 5682 3225 3264 5721 
8 5682 3225 3264 5721 5683 3226 3265 5722 
8 5683 3226 3265 5722 5684 3227 3266 5723 
8 5684 3227 3266 5723 5685 3228 3267 5724 
8 5685 3228 3267 5724 5686 3229 3268 5725 
8 5686 3229 3268 5725 5687 3230 3269 5726 
8 5687 3230 3269 5726 5688 3231 3270 5727 
8 5688 3231 3270 5727 5689 3232 3271 5728 
8 5689 3232 3271 5728 5690 3233 3272 5729 
8 5690 3233 3272 5729 5691 3234 3273 5730 
8 5691 3234 3273 5730 5692 3235 3274 5731 
8 5692 3235 3274 5731 5693 3236 3275 5732 
8 5693 3236 3275 5732 5694 3237 3276 5733 
8 5694 3237 3276 5733 5695 3238 3277 5734 
8 5695 3238 3277 5734 5696 3239 3278 5735 
8 5696 3239 3278 5735 5697 3240 3279 5736 
8 5697 3240 3279 5736 5698 3241 3280 5737 
8 5698 3241 3280 5737 5699 3242 3281 5738 
8 5699 3242 3281 5738 5700 3243 3282 5739 
8 5700 3243 3282 5739 5701 3244 3283 5740 
8 5701 3244 3283 5740 5702 3245 3284 5741 
8 5702 3245 3284 5741 5703 3246 3285 5742 
8 5703 3246 3285 5742 5704 3247 3286 5743 
8 5704 3247 3286 5743 5705 3248 3287 5744 
8 5705 3248 3287 5744 5706 3249 3288 5745 
8 5706 3249 3288 5745 5707 3250 3289 5746 
8 5707 3250 3289 5746 5708 3251 3290 5747 
8 5708 3251 3290 5747 5709 3252 3291 5748 
8 5709 3252 3291 5748 2621 379 380 2622 
8 2559 357 358 2560 5710 3253 3292 5749 
8 5710 3253 3292 5749 5711 3254 3293 5750 
8 5711 3254 3293 5750 5712 3255 3294 5751 
8 5712 3255 3294 5751 5713 3256 3295 5752 
8 5713 3256 3295 5752 5714 3257 3296 5753 
8 5714 3257 3296 5753 5715 3258 3297 5754 
8 5715 3258 3297 5754 5716 3259 3298 5755 
8 5716 3259 3298 5755 5717 3260 3299 5756 
8 5717 3260 3299 5756 5718 3261 3300 5757 
8 5718 3261 3300 5757 5719 3262 3301 5758 
8 5719 3262 3301 5758 5720 3263 3302 5759 
8 5720 3263 3302 5759 5721 3264 3303 5760 
8 5721 3264 3303 5760 5722 3265 3304 5761 
8 5722 3265 3304 5761 5723 3266 3305 5762 
8 5723 3266 3305 5762 5724 3267 3306 5763 
8 5724 3267 3306 5763 5725 3268 3307 5764 
8 5725 3268 3307 5764 5726 3269 3308 5765 
8 5726 3269 3308 5765 5727 3270 3309 5766 
8 5727 3270 3309 5766 5728 3271 3310 5767 
8 5728 3271 3310 5767 5729 3272 3311 5768 
8 5729 3272 3311 5768 5730 3273 3312 5769 
8 5730 3273 3312 5769 5731 3274 3313 5770 
8 5731 3274 3313 5770 5732 3275 3314 5771 
8 5732 3275 3314 5771 5733 3276 3315 5772 
8 5733 3276 3315 5772 5734 3277 3316 5773 
8 5734 3277 3316 5773 5735 3278 3317 5774 
8 5735 3278 3317 5774 5736 3279 3318 5775 
8 5736 3279 3318 5775 5737 3280 3319 5776 
8 5737 3280 3319 5776 5738 3281 3320 5777 
8 5738 3281 3320 5777 5739 3282 3321 5778 
8 5739 3282 3321 5778 5740 3283 3322 5779 
8 5740 3283 3322 5779 5741 3284 3323 5780 
8 5741 3284 3323 5780 5742 3285 3324 5781 
8 5742 3285 3324 5781 5743 3286 3325 5782 
8 5743 3286 3325 5782 5744 3287 3326 5783 
8 5744 3287 3326 5783 5745 3288 3327 5784 
8 5745 3288 3327 5784 5746 3289 3328 5785 
8 5746 3289 3328 5785 5747 3290 3329 5786 
8 5747 3290 3329 5786 5748 3291 3330 5787 
8 5748 3291 3330 5787 2622 380 381 2623 
8 2560 358 359 2561 5749 3292 3331 5788 
8 5749 3292 3331 5788 5750 3293 3332 5789 
8 5750 3293 3332 5789 5751 3294 3333 5790 
8 5751 3294 3333 5790 5752 3295 3334 5791 
8 5752 3295 3334 5791 5753 3296 3335 5792 
8 5753 3296 3335 5792 5754 3297 3336 5793 
8 5754 3297 3336 5793 5755 3298 3337 5794 
8 5755 3298 3337 5794 5756 3299 3338 5795 
8 5756 3299 3338 5795 5757 3300 3339 5796 
8 5757 3300 3339 5796 5758 3301 3340 5797 
8 5758 3301 3340 5797 5759 3302 3341 5798 
8 5759 3302 3341 5798 5760 3303 3342 5799 
8 5760 3303 3342 5799 5761 3304 3343 5800 
8 5761 3304 3343 5800 5762 3305 3344 5801 
8 5762 3305 3344 5801 5763 3306 3345 5802 
8 5763 3306 3345 5802 5764 3307 3346 5803 
8 5764 3307 3346 5803 5765 3308 3347 5804 
8 5765 3308 3347 5804 5766 3309 3348 5805 
8 5766 3309 3348 5805 5767 3310 3349 5806 
8 5767 3310 3349 5806 5768 3311 3350 5807 
8 5768 3311 3350 5807 5769 3312 3351 5808 
8 5769 3312 3351 5808 5770 3313 3352 5809 
8 5770 3313 3352 5809 5771 3314 3353 5810 
8 5771 3314 3353 5810 5772 3315 3354 5811 
8 5772 3315 3354 5811 5773 3316 3355 5812 
8 5773 3316 3355 5812 5774 3317 3356 5813 
8 5774 3317 3356 5813 5775 3318 3357 5814 
8 5775 3318 3357 5814 5776 3319 3358 5815 
8 5776 3319 3358 5815 5777 3320 3359 5816 
8 5777 3320 3359 5816 5778 3321 3360 5817 
8 5778 3321 3360 5817 5779 3322 3361 5818 
8 5779 3322 3361 5818 5780 3323 3362 5819 
8 5780 3323 3362 5819 5781 3324 3363 5820 
8 5781 3324 3363 5820 5782 3325 3364 5821 
8 5782 3325 3364 5821 5783 3326 3365 5822 
8 5783 3326 3365 5822 5784 3327 3366 5823 
8 5784 3327 3366 5823 5785 3328 3367 5824 
8 5785 3328 3367 5824 5786 3329 3368 5825 
8 5786 3329 3368 5825 5787 3330 3369 5826 
8 5787 3330 3369 5826 2623 381 382 2624 
8 2561 359 360 2562 5788 3331 3370 5827 
8 5788 3331 3370 5827 5789 3332 3371 5828 
8 5789 3332 3371 5828 5790 3333 3372 5829 
8 5790 3333 3372 5829 5791 3334 3373 5830 
8 5791 3334 3373 5830 5792 3335 3374 5831 
8 5792 3335 3374 5831 5793 3336 3375 5832 
8 5793 3336 3375 5832 5794 3337 3376 5833 
8 5794 3337 3376 5833 5795 3338 3377 5834 
8 5795 3338 3377 5834 5796 3339 3378 5835 
8 5796 3339 3378 5835 5797 3340 3379 5836 
8 5797 3340 3379 5836 5798 3341 3380 5837 
8 5798 3341 3380 5837 5799 3342 3381 5838 
8 5799 3342 3381 5838 5800 3343 3382 5839 
8 5800 3343 3382 5839 5801 3344 3383 5840 
8 5801 3344 3383 5840 5802 3345 3384 5841 
8 5802 3345 3384 5841 5803 3346 3385 5842 
8 5803 3346 3385 5842 5804 3347 3386 5843 
8 5804 3347 3386 5843 5805 3348 3387 5844 
8 5805 3348 3387 5844 5806 3349 3388 5845 
8 5806 3349 3388 5845 5807 3350 3389 5846 
8 5807 3350 3389 5846 5808 3351 3390 5847 
8 5808 3351 3390 5847 5809 3352 3391 5848 
8 5809 3352 3391 5848 5810 3353 3392 5849 
8 5810 3353 3392 5849 5811 3354 3393 5850 
8 5811 3354 3393 5850 5812 3355 3394 5851 
8 5812 3355 3394 5851 5813 3356 3395 5852 
8 5813 3356 3395 5852 5814 3357 3396 5853 
8 5814 3357 3396 5853 5815 3358 3397 5854 
8 5815 3358 3397 5854 5816 3359 3398 5855 
8 5816 3359 3398 5855 5817 3360 3399 5856 
8 5817 3360 3399 5856 5818 3361 3400 5857 
8 5818 3361 3400 5857 5819 3362 3401 5858 
8 5819 3362 3401 5858 5820 3363 3402 5859 
8 5820 3363 3402 5859 5821 3364 3403 5860 
8 5821 3364 3403 5860 5822 3365 3404 5861 
8 5822 3365 3404 5861 5823 3366 3405 5862 
8 5823 3366 3405 5862 5824 3367 3406 5863 
8 5824 3367 3406 5863 5825 3368 3407 5864 
8 5825 3368 3407 5864 5826 3369 3408 5865 
8 5826 3369 3408 5865 2624 382 383 2625 
8 2562 360 361 2563 5827 3370 3409 5866 
8 5827 3370 3409 5866 5828 3371 3410 5867 
8 5828 3371 3410 5867 5829 3372 3411 5868 
8 5829 3372 3411 5868 5830 3373 3412 5869 
8 5830 3373 3412 5869 5831 3374 3413 5870 
8 5831 3374 3413 5870 5832 3375 3414 5871 
8 5832 3375 3414 5871 5833 3376 3415 5872 
8 5833 3376 3415 5872 5834 3377 3416 5873 
8 5834 3377 3416 5873 5835 3378 3417 5874 
8 5835 3378 3417 5874 5836 3379 3418 5875 
8 5836 3379 3418 5875 5837 3380 3419 5876 
8 5837 3380 3419 5876 5838 3381 3420 5877 
8 5838 3381 3420 5877 5839 3382 3421 5878 
8 5839 3382 3421 5878 5840 3383 3422 5879 
8 5840 3383 3422 5879 5841 3384 3423 5880 
8 5841 3384 3423 5880 5842 3385 3424 5881 
8 5842 3385 3424 5881 5843 3386 3425 5882 
8 5843 3386 3425 5882 5844 3387 3426 5883 
8 5844 3387 3426 5883 5845 3388 3427 5884 
8 5845 3388 3427 5884 5846 3389 3428 5885 
8 5846 3389 3428 5885 5847 3390 3429 5886 
8 5847 3390 3429 5886 5848 3391 3430 5887 
8 5848 3391 3430 5887 5849 3392 3431 5888 
8 5849 3392 3431 5888 5850 3393 3432 5889 
8 5850 3393 3432 5889 5851 3394 3433 5890 
8 5851 3394 3433 5890 5852 3395 3434 5891 
8 5852 3395 3434 5891 5853 3396 3435 5892 
8 5853 3396 3435 5892 5854 3397 3436 5893 
8 5854 3397 3436 5893 5855 3398 3437 5894 
8 5855 3398 3437 5894 5856 3399 3438 5895 
8 5856 3399 3438 5895 5857 3400 3439 5896 
8 5857 3400 3439 5896 5858 3401 3440 5897 
8 5858 3401 3440 5897 5859 3402 3441 5898 
8 5859 3402 3441 5898 5860 3403 3442 5899 
8 5860 3403 3442 5899 5861 3404 3443 5900 
8 5861 3404 3443 5900 5862 3405 3444 5901 
8 5862 3405 3444 5901 5863 3406 3445 5902 
8 5863 3406 3445 5902 5864 3407 3446 5903 
8 5864 3407 3446 5903 5865 3408 3447 5904 
8 5865 3408 3447 5904 2625 383 384 2626 
8 2563 361 362 2564 5866 3409 3448 5905 
8 5866 3409 3448 5905 5867 3410 3449 5906 
8 5867 3410 3449 5906 5868 3411 3450 5907 
8 5868 3411 3450 5907 5869 3412 3451 5908 
8 5869 3412 3451 5908 5870 3413 3452 5909 
8 5870 3413 3452 5909 5871 3414 3453 5910 
8 5871 3414 3453 5910 5872 3415 3454 5911 
8 5872 3415 3454 5911 5873 3416 3455 5912 
8 5873 3416 3455 5912 5874 3417 3456 5913 
8 5874 3417 3456 5913 5875 3418 3457 5914 
8 5875 3418 3457 5914 5876 3419 3458 5915 
8 5876 3419 3458 5915 5877 3420 3459 5916 
8 5877 3420 3459 5916 5878 3421 3460 5917 
8 5878 3421 3460 5917 5879 3422 3461 5918 
8 5879 3422 3461 5918 5880 3423 3462 5919 
8 5880 3423 3462 5919 5881 3424 3463 5920 
8 5881 3424 3463 5920 5882 3425 3464 5921 
8 5882 3425 3464 5921 5883 3426 3465 5922 
8 5883 3426 3465 5922 5884 3427 3466 5923 
8 5884 3427 3466 5923 5885 3428 3467 5924 
8 5885 3428 3467 5924 5886 3429 3468 5925 
8 5886 3429 3468 5925 5887 3430 3469 5926 
8 5887 3430 3469 5926 5888 3431 3470 5927 
8 5888 3431 3470 5927 5889 3432 3471 5928 
8 5889 3432 3471 5928 5890 3433 3472 5929 
8 5890 3433 3472 5929 5891 3434 3473 5930 
8 5891 3434 3473 5930 5892 3435 3474 5931 
8 5892 3435 3474 5931 5893 3436 3475 5932 
8 5893 3436 3475 5932 5894 3437 3476 5933 
8 5894 3437 3476 5933 5895 3438 3477 5934 
8 5895 3438 3477 5934 5896 3439 3478 5935 
8 5896 3439 3478 5935 5897 3440 3479 5936 
8 5897 3440 3479 5936 5898 3441 3480 5937 
8 5898 3441 3480 5937 5899 3442 3481 5938 
8 5899 3442 3481 5938 5900 3443 3482 5939 
8 5900 3443 3482 5939 5901 3444 3483 5940 
8 5901 3444 3483 5940 5902 3445 3484 5941 
8 5902 3445 3484 5941 5903 3446 3485 5942 
8 5903 3446 3485 5942 5904 3447 3486 5943 
8 5904 3447 3486 5943 2626 384 385 2627 
8 2564 362 363 2565 5905 3448 3487 5944 
8 5905 3448 3487 5944 5906 3449 3488 5945 
8 5906 3449 3488 5945 5907 3450 3489 5946 
8 5907 3450 3489 5946 5908 3451 3490 5947 
8 5908 3451 3490 5947 5909 3452 3491 5948 
8 5909 3452 3491 5948 5910 3453 3492 5949 
8 5910 3453 3492 5949 5911 3454 3493 5950 
8 5911 3454 3493 5950 5912 3455 3494 5951 
8 5912 3455 3494 5951 5913 3456 3495 5952 
8 5913 3456 3495 5952 5914 3457 3496 5953 
8 5914 3457 3496 5953 5915 3458 3497 5954 
8 5915 3458 3497 5954 5916 3459 3498 5955 
8 5916 3459 3498 5955 5917 3460 3499 5956 
8 5917 3460 3499 5956 5918 3461 3500 5957 
8 5918 3461 3500 5957 5919 3462 3501 5958 
8 5919 3462 3501 5958 5920 3463 3502 5959 
8 5920 3463 3502 5959 5921 3464 3503 5960 
8 5921 3464 3503 5960 5922 3465 3504 5961 
8 5922 3465 3504 5961 5923 3466 3505 5962 
8 5923 3466 3505 5962 5924 3467 3506 5963 
8 5924 3467 3506 5963 5925 3468 3507 5964 
8 5925 3468 3507 5964 5926 3469 3508 5965 
8 5926 3469 3508 5965 5927 3470 3509 5966 
8 5927 3470 3509 5966 5928 3471 3510 5967 
8 5928 3471 3510 5967 5929 3472 3511 5968 
8 5929 3472 3511 5968 5930 3473 3512 5969 
8 5930 3473 3512 5969 5931 3474 3513 5970 
8 5931 3474 3513 5970 5932 3475 3514 5971 
8 5932 3475 3514 5971 5933 3476 3515 5972 
8 5933 3476 3515 5972 5934 3477 3516 5973 
8 5934 3477 3516 5973 5935 3478 3517 5974 
8 5935 3478 3517 5974 5936 3479 3518 5975 
8 5936 3479 3518 5975 5937 3480 3519 5976 
8 5937 3480 3519 5976 5938 3481 3520 5977 
8 5938 3481 3520 5977 5939 3482 3521 5978 
8 5939 3482 3521 5978 5940 3483 3522 5979 
8 5940 3483 3522 5979 5941 3484 3523 5980 
8 5941 3484 3523 5980 5942 3485 3524 5981 
8 5942 3485 3524 5981 5943 3486 3525 5982 
8 5943 3486 3525 5982 2627 385 386 2628 
8 2565 363 13 370 5944 3487 433 3136 
8 5944 3487 433 3136 5945 3488 434 3137 
8 5945 3488 434 3137 5946 3489 435 3138 
8 5946 3489 435 3138 5947 3490 436 3139 
8 5947 3490 436 3139 5948 3491 437 3140 
8 5948 3491 437 3140 5949 3492 438 3141 
8 5949 3492 438 3141 5950 3493 439 3142 
8 5950 3493 439 3142 5951 3494 440 3143 
8 5951 3494 440 3143 5952 3495 441 3144 
8 5952 3495 441 3144 5953 3496 442 3145 
8 5953 3496 442 3145 5954 3497 443 3146 
8 5954 3497 443 3146 5955 3498 444 3147 
8 5955 3498 444 3147 5956 3499 445 3148 
8 5956 3499 445 3148 5957 3500 446 3149 
8 5957 3500 446 3149 5958 3501 447 3150 
8 5958 3501 447 3150 5959 3502 448 3151 
8 5959 3502 448 3151 5960 3503 449 3152 
8 5960 3503 449 3152 5961 3504 450 3153 
8 5961 3504 450 3153 5962 3505 451 3154 
8 5962 3505 451 3154 5963 3506 452 3155 
8 5963 3506 452 3155 5964 3507 453 3156 
8 5964 3507 453 3156 5965 3508 454 3157 
8 5965 3508 454 3157 5966 3509 455 3158 
8 5966 3509 455 3158 5967 3510 456 3159 
8 5967 3510 456 3159 5968 3511 457 3160 
8 5968 3511 457 3160 5969 3512 458 3161 
8 5969 3512 458 3161 5970 3513 459 3162 
8 5970 3513 459 3162 5971 3514 460 3163 
8 5971 3514 460 3163 5972 3515 461 3164 
8 5972 3515 461 3164 5973 3516 462 3165 
8 5973 3516 462 3165 5974 3517 463 3166 
8 5974 3517 463 3166 5975 3518 464 3167 
8 5975 3518 464 3167 5976 3519 465 3168 
8 5976 3519 465 3168 5977 3520 466 3169 
8 5977 3520 466 3169 5978 3521 467 3170 
8 5978 3521 467 3170 5979 3522 468 3171 
8 5979 3522 468 3171 5980 3523 469 3172 
8 5980 3523 469 3172 5981 3524 470 3173 
8 5981 3524 470 3173 5982 3525 471 3174 
8 5982 3525 471 3174 2628 386 15 393 
4 0 50 472 180 
4 50 51 473 472 
4 51 52 474 473 
4 52 53 475 474 
4 53 54 476 475 
4 54 55 477 476 
4 55 56 478 477 
4 56 57 479 478 
4 57 58 480 479 
4 58 59 481 480 
4 59 60 482 481 
4 60 61 483 482 
4 61 62 484 483 
4 62 63 485 484 
4 63 64 486 485 
4 64 65 487 486 
4 65 66 488 487 
4 66 67 489 488 
4 67 68 490 489 
4 68 69 491 490 
4 69 70 492 491 
4 70 71 493 492 
4 71 72 494 493 
4 72 73 495 494 
4 73 74 496 495 
4 74 75 497 496 
4 75 76 498 497 
4 76 77 499 498 
4 77 78 500 499 
4 78 79 501 500 
4 79 80 502 501 
4 80 81 503 502 
4 81 82 504 503 
4 82 83 505 504 
4 83 3 228 505 
4 180 472 506 181 
4 472 473 507 506 
4 473 474 508 507 
4 474 475 509 508 
4 475 476 510 509 
4 476 477 511 510 
4 477 478 512 511 
4 478 479 513 512 
4 479 480 514 513 
4 480 481 515 514 
4 481 482 516 515 
4 482 483 517 516 
4 483 484 518 517 
4 484 485 519 518 
4 485 486 520 519 
4 486 487 521 520 
4 487 488 522 521 
4 488 489 523 522 
4 489 490 524 523 
4 490 491 525 524 
4 491 492 526 525 
4 492 493 527 526 
4 493 494 528 527 
4 494 495 529 528 
4 495 496 530 529 
4 496 497 531 530 
4 497 498 532 531 
4 498 499 533 532 
4 499 500 534 533 
4 500 501 535 534 
4 501 502 536 535 
4 502 503 537 536 
4 503 504 538 537 
4 504 505 539 538 
4 505 228 229 539 
4 181 506 540 182 
4 506 507 541 540 
4 507 508 542 541 
4 508 509 543 542 
4 509 510 544 543 
4 510 511 545 544 
4 511 512 546 545 
4 512 513 547 546 
4 513 514 548 547 
4 514 515 549 548 
4 515 516 550 549 
4 516 517 551 550 
4 517 518 552 551 
4 518 519 553 552 
4 519 520 554 553 
4 520 521 555 554 
4 521 522 556 555 
4 522 523 557 556 
4 523 524 558 557 
4 524 525 559 558 
4 525 526 560 559 
4 526 527 561 560 
4 527 528 562 561 
4 528 529 563 562 
4 529 530 564 563 
4 530 531 565 564 
4 531 532 566 565 
4 532 533 567 566 
4 533 534 568 567 
4 534 535 569 568 
4 535 536 570 569 
4 536 537 571 570 
4 537 538 572 571 
4 538 539 573 572 
4 539 229 230 573 
4 182 540 574 183 
4 540 541 575 574 
4 541 542 576 575 
4 542 543 577 576 
4 543 544 578 577 
4 544 545 579 578 
4 545 546 580 579 
4 546 547 581 580 
4 547 548 582 581 
4 548 549 583 582 
4 549 550 584 583 
4 550 551 585 584 
4 551 552 586 585 
4 552 553 587 586 
4 553 554 588 587 
4 554 555 589 588 
4 555 556 590 589 
4 556 557 591 590 
4 557 558 592 591 
4 558 559 593 592 
4 559 560 594 593 
4 560 561 595 594 
4 561 562 596 595 
4 562 563 597 596 
4 563 564 598 597 
4 564 565 599 598 
4 565 566 600 599 
4 566 567 601 600 
4 567 568 602 601 
4 568 569 603 602 
4 569 570 604 603 
4 570 571 605 604 
4 571 572 606 605 
4 572 573 607 606 
4 573 230 231 607 
4 183 574 608 184 
4 574 575 609 608 
4 575 576 610 609 
4 576 577 611 610 
4 577 578 612 611 
4 578 579 613 612 
4 579 580 614 613 
4 580 581 615 614 
4 581 582 616 615 
4 582 583 617 616 
4 583 584 618 617 
4 584 585 619 618 
4 585 586 620 619 
4 586 587 621 620 
4 587 588 622 621 
4 588 589 623 622 
4 589 590 624 623 
4 590 591 625 624 
4 591 592 626 625 
4 592 593 627 626 
4 593 594 628 627 
4 594 595 629 628 
4 595 596 630 629 
4 596 597 631 630 
4 597 598 632 631 
4 598 599 633 632 
4 599 600 634 633 
4 600 601 635 634 
4 601 602 636 635 
4 602 603 637 636 
4 603 604 638 637 
4 604 605 639 638 
4 605 606 640 639 
4 606 607 641 640 
4 607 231 232 641 
4 184 608 642 185 
4 608 609 643 642 
4 609 610 644 643 
4 610 611 645 644 
4 611 612 646 645 
4 612 613 647 646 
4 613 614 648 647 
4 614 615 649 648 
4 615 616 650 649 
4 616 617 651 650 
4 617 618 652 651 
4 618 619 653 652 
4 619 620 654 653 
4 620 621 655 654 
4 621 622 656 655 
4 622 623 657 656 
4 623 624 658 657 
4 624 625 659 658 
4 625 626 660 659 
4 626 627 661 660 
4 627 628 662 661 
4 628 629 663 662 
4 629 630 664 663 
4 630 631 665 664 
4 631 632 666 665 
4 632 633 667 666 
4 633 634 668 667 
4 634 635 669 668 
4 635 636 670 669 
4 636 637 671 670 
4 637 638 672 671 
4 638 639 673 672 
4 639 640 674 673 
4 640 641 675 674 
4 641 232 233 675 
4 185 642 676 186 
4 642 643 677 676 
4 643 644 678 677 
4 644 645 679 678 
4 645 646 680 679 
4 646 647 681 680 
4 647 648 682 681 
4 648 649 683 682 
4 649 650 684 683 
4 650 651 685 684 
4 651 652 686 685 
4 652 653 687 686 
4 653 654 688 687 
4 654 655 689 688 
4 655 656 690 689 
4 656 657 691 690 
4 657 658 692 691 
4 658 659 693 692 
4 659 660 694 693 
4 660 661 695 694 
4 661 662 696 695 
4 662 663 697 696 
4 663 664 698 697 
4 664 665 699 698 
4 665 666 700 699 
4 666 667 701 700 
4 667 668 702 701 
4 668 669 703 702 
4 669 670 704 703 
4 670 671 705 704 
4 671 672 706 705 
4 672 673 707 706 
4 673 674 708 707 
4 674 675 709 708 
4 675 233 234 709 
4 186 676 710 187 
4 676 677 711 710 
4 677 678 712 711 
4 678 679 713 712 
4 679 680 714 713 
4 680 681 715 714 
4 681 682 716 715 
4 682 683 717 716 
4 683 684 718 717 
4 684 685 719 718 
4 685 686 720 719 
4 686 687 721 720 
4 687 688 722 721 
4 688 689 723 722 
4 689 690 724 723 
4 690 691 725 724 
4 691 692 726 725 
4 692 693 727 726 
4 693 694 728 727 
4 694 695 729 728 
4 695 696 730 729 
4 696 697 731 730 
4 697 698 732 731 
4 698 699 733 732 
4 699 700 734 733 
4 700 701 735 734 
4 701 702 736 735 
4 702 703 737 736 
4 703 704 738 737 
4 704 705 739 738 
4 705 706 740 739 
4 706 707 741 740 
4 707 708 742 741 
4 708 709 743 742 
4 709 234 235 743 
4 187 710 744 188 
4 710 711 745 744 
4 711 712 746 745 
4 712 713 747 746 
4 713 714 748 747 
4 714 715 749 748 
4 715 716 750 749 
4 716 717 751 750 
4 717 718 752 751 
4 718 719 753 752 
4 719 720 754 753 
4 720 721 755 754 
4 721 722 756 755 
4 722 723 757 756 
4 723 724 758 757 
4 724 725 759 758 
4 725 726 760 759 
4 726 727 761 760 
4 727 728 762 761 
4 728 729 763 762 
4 729 730 764 763 
4 730 731 765 764 
4 731 732 766 765 
4 732 733 767 766 
4 733 734 768 767 
4 734 735 769 768 
4 735 736 770 769 
4 736 737 771 770 
4 737 738 772 771 
4 738 739 773 772 
4 739 740 774 773 
4 740 741 775 774 
4 741 742 776 775 
4 742 743 777 776 
4 743 235 236 777 
4 188 744 778 189 
4 744 745 779 778 
4 745 746 780 779 
4 746 747 781 780 
4 747 748 782 781 
4 748 749 783 782 
4 749 750 784 783 
4 750 751 785 784 
4 751 752 786 785 
4 752 753 787 786 
4 753 754 788 787 
4 754 755 789 788 
4 755 756 790 789 
4 756 757 791 790 
4 757 758 792 791 
4 758 759 793 792 
4 759 760 794 793 
4 760 761 795 794 
4 761 762 796 795 
4 762 763 797 796 
4 763 764 798 797 
4 764 765 799 798 
4 765 766 800 799 
4 766 767 801 800 
4 767 768 802 801 
4 768 769 803 802 
4 769 770 804 803 
4 770 771 805 804 
4 771 772 806 805 
4 772 773 807 806 
4 773 774 808 807 
4 774 775 809 808 
4 775 776 810 809 
4 776 777 811 810 
4 777 236 237 811 
4 189 778 812 190 
4 778 779 813 812 
4 779 780 814 813 
4 780 781 815 814 
4 781 782 816 815 
4 782 783 817 816 
4 783 784 818 817 
4 784 785 819 818 
4 785 786 820 819 
4 786 787 821 820 
4 787 788 822 821 
4 788 789 823 822 
4 789 790 824 823 
4 790 791 825 824 
4 791 792 826 825 
4 792 793 827 826 
4 793 794 828 827 
4 794 795 829 828 
4 795 796 830 829 
4 796 797 831 830 
4 797 798 832 831 
4 798 799 833 832 
4 799 800 834 833 
4 800 801 835 834 
4 801 802 836 835 
4 802 803 837 836 
4 803 804 838 837 
4 804 805 839 838 
4 805 806 840 839 
4 806 807 841 840 
4 807 808 842 841 
4 808 809 843 842 
4 809 810 844 843 
4 810 811 845 844 
4 811 237 238 845 
4 190 812 846 191 
4 812 813 847 846 
4 813 814 848 847 
4 814 815 849 848 
4 815 816 850 849 
4 816 817 851 850 
4 817 818 852 851 
4 818 819 853 852 
4 819 820 854 853 
4 820 821 855 854 
4 821 822 856 855 
4 822 823 857 856 
4 823 824 858 857 
4 824 825 859 858 
4 825 826 860 859 
4 826 827 861 860 
4 827 828 862 861 
4 828 829 863 862 
4 829 830 864 863 
4 830 831 865 864 
4 831 832 866 865 
4 832 833 867 866 
4 833 834 868 867 
4 834 835 869 868 
4 835 836 870 869 
4 836 837 871 870 
4 837 838 872 871 
4 838 839 873 872 
4 839 840 874 873 
4 840 841 875 874 
4 841 842 876 875 
4 842 843 877 876 
4 843 844 878 877 
4 844 845 879 878 
4 845 238 239 879 
4 7 155 880 251 
4 155 154 881 880 
4 154 153 882 881 
4 153 152 883 882 
4 152 151 884 883 
4 151 150 885 884 
4 150 149 886 885 
4 149 148 887 886 
4 148 147 888 887 
4 147 146 889 888 
4 146 145 890 889 
4 145 144 891 890 
4 144 143 892 891 
4 143 142 893 892 
4 142 141 894 893 
4 141 140 895 894 
4 140 139 896 895 
4 139 138 897 896 
4 138 137 898 897 
4 137 136 899 898 
4 136 135 900 899 
4 135 134 901 900 
4 134 133 902 901 
4 133 132 903 902 
4 132 131 904 903 
4 131 130 905 904 
4 130 129 906 905 
4 129 128 907 906 
4 128 127 908 907 
4 127 126 909 908 
4 126 125 910 909 
4 125 124 911 910 
4 124 123 912 911 
4 123 122 913 912 
4 122 121 914 913 
4 121 120 915 914 
4 120 4 203 915 
4 251 880 916 250 
4 880 881 917 916 
4 881 882 918 917 
4 882 883 919 918 
4 883 884 920 919 
4 884 885 921 920 
4 885 886 922 921 
4 886 887 923 922 
4 887 888 924 923 
4 888 889 925 924 
4 889 890 926 925 
4 890 891 927 926 
4 891 892 928 927 
4 892 893 929 928 
4 893 894 930 929 
4 894 895 931 930 
4 895 896 932 931 
4 896 897 933 932 
4 897 898 934 933 
4 898 899 935 934 
4 899 900 936 935 
4 900 901 937 936 
4 901 902 938 937 
4 902 903 939 938 
4 903 904 940 939 
4 904 905 941 940 
4 905 906 942 941 
4 906 907 943 942 
4 907 908 944 943 
4 908 909 945 944 
4 909 910 946 945 
4 910 911 947 946 
4 911 912 948 947 
4 912 913 949 948 
4 913 914 950 949 
4 914 915 951 950 
4 915 203 202 951 
4 250 916 952 249 
4 916 917 953 952 
4 917 918 954 953 
4 918 919 955 954 
4 919 920 956 955 
4 920 921 957 956 
4 921 922 958 957 
4 922 923 959 958 
4 923 924 960 959 
4 924 925 961 960 
4 925 926 962 961 
4 926 927 963 962 
4 927 928 964 963 
4 928 929 965 964 
4 929 930 966 965 
4 930 931 967 966 
4 931 932 968 967 
4 932 933 969 968 
4 933 934 970 969 
4 934 935 971 970 
4 935 936 972 971 
4 936 937 973 972 
4 937 938 974 973 
4 938 939 975 974 
4 939 940 976 975 
4 940 941 977 976 
4 941 942 978 977 
4 942 943 979 978 
4 943 944 980 979 
4 944 945 981 980 
4 945 946 982 981 
4 946 947 983 982 
4 947 948 984 983 
4 948 949 985 984 
4 949 950 986 985 
4 950 951 987 986 
4 951 202 201 987 
4 249 952 988 248 
4 952 953 989 988 
4 953 954 990 989 
4 954 955 991 990 
4 955 956 992 991 
4 956 957 993 992 
4 957 958 994 993 
4 958 959 995 994 
4 959 960 996 995 
4 960 961 997 996 
4 961 962 998 997 
4 962 963 999 998 
4 963 964 1000 999 
4 964 965 1001 1000 
4 965 966 1002 1001 
4 966 967 1003 1002 
4 967 968 1004 1003 
4 968 969 1005 1004 
4 969 970 1006 1005 
4 970 971 1007 1006 
4 971 972 1008 1007 
4 972 973 1009 1008 
4 973 974 1010 1009 
4 974 975 1011 1010 
4 975 976 1012 1011 
4 976 977 1013 1012 
4 977 978 1014 1013 
4 978 979 1015 1014 
4 979 980 1016 1015 
4 980 981 1017 1016 
4 981 982 1018 1017 
4 982 983 1019 1018 
4 983 984 1020 1019 
4 984 985 1021 1020 
4 985 986 1022 1021 
4 986 987 1023 1022 
4 987 201 200 1023 
4 248 988 1024 247 
4 988 989 1025 1024 
4 989 990 1026 1025 
4 990 991 1027 1026 
4 991 992 1028 1027 
4 992 993 1029 1028 
4 993 994 1030 1029 
4 994 995 1031 1030 
4 995 996 1032 1031 
4 996 997 1033 1032 
4 997 998 1034 1033 
4 998 999 1035 1034 
4 999 1000 1036 1035 
4 1000 1001 1037 1036 
4 1001 1002 1038 1037 
4 1002 1003 1039 1038 
4 1003 1004 1040 1039 
4 1004 1005 1041 1040 
4 1005 1006 1042 1041 
4 1006 1007 1043 1042 
4 1007 1008 1044 1043 
4 1008 1009 1045 1044 
4 1009 1010 1046 1045 
4 1010 1011 1047 1046 
4 1011 1012 1048 1047 
4 1012 1013 1049 1048 
4 1013 1014 1050 1049 
4 1014 1015 1051 1050 
4 1015 1016 1052 1051 
4 1016 1017 1053 1052 
4 1017 1018 1054 1053 
4 1018 1019 1055 1054 
4 1019 1020 1056 1055 
4 1020 1021 1057 1056 
4 1021 1022 1058 1057 
4 1022 1023 1059 1058 
4 1023 200 199 1059 
4 247 1024 1060 246 
4 1024 1025 1061 1060 
4 1025 1026 1062 1061 
4 1026 1027 1063 1062 
4 1027 1028 1064 1063 
4 1028 1029 1065 1064 
4 1029 1030 1066 1065 
4 1030 1031 1067 1066 
4 1031 1032 1068 1067 
4 1032 1033 1069 1068 
4 1033 1034 1070 1069 
4 1034 1035 1071 1070 
4 1035 1036 1072 1071 
4 1036 1037 1073 1072 
4 1037 1038 1074 1073 
4 1038 1039 1075 1074 
4 1039 1040 1076 1075 
4 1040 1041 1077 1076 
4 1041 1042 1078 1077 
4 1042 1043 1079 1078 
4 1043 1044 1080 1079 
4 1044 1045 1081 1080 
4 1045 1046 1082 1081 
4 1046 1047 1083 1082 
4 1047 1048 1084 1083 
4 1048 1049 1085 1084 
4 1049 1050 1086 1085 
4 1050 1051 1087 1086 
4 1051 1052 1088 1087 
4 1052 1053 1089 1088 
4 1053 1054 1090 1089 
4 1054 1055 1091 1090 
4 1055 1056 1092 1091 
4 1056 1057 1093 1092 
4 1057 1058 1094 1093 
4 1058 1059 1095 1094 
4 1059 199 198 1095 
4 246 1060 1096 245 
4 1060 1061 1097 1096 
4 1061 1062 1098 1097 
4 1062 1063 1099 1098 
4 1063 1064 1100 1099 
4 1064 1065 1101 1100 
4 1065 1066 1102 1101 
4 1066 1067 1103 1102 
4 1067 1068 1104 1103 
4 1068 1069 1105 1104 
4 1069 1070 1106 1105 
4 1070 1071 1107 1106 
4 1071 1072 1108 1107 
4 1072 1073 1109 1108 
4 1073 1074 1110 1109 
4 1074 1075 1111 1110 
4 1075 1076 1112 1111 
4 1076 1077 1113 1112 
4 1077 1078 1114 1113 
4 1078 1079 1115 1114 
4 1079 1080 1116 1115 
4 1080 1081 1117 1116 
4 1081 1082 1118 1117 
4 1082 1083 1119 1118 
4 1083 1084 1120 1119 
4 1084 1085 1121 1120 
4 1085 1086 1122 1121 
4 1086 1087 1123 1122 
4 1087 1088 1124 1123 
4 1088 1089 1125 1124 
4 1089 1090 1126 1125 
4 1090 1091 1127 1126 
4 1091 1092 1128 1127 
4 1092 1093 1129 1128 
4 1093 1094 1130 1129 
4 1094 1095 1131 1130 
4 1095 198 197 1131 
4 245 1096 1132 244 
4 1096 1097 1133 1132 
4 1097 1098 1134 1133 
4 1098 1099 1135 1134 
4 1099 1100 1136 1135 
4 1100 1101 1137 1136 
4 1101 1102 1138 1137 
4 1102 1103 1139 1138 
4 1103 1104 1140 1139 
4 1104 1105 1141 1140 
4 1105 1106 1142 1141 
4 1106 1107 1143 1142 
4 1107 1108 1144 1143 
4 1108 1109 1145 1144 
4 1109 1110 1146 1145 
4 1110 1111 1147 1146 
4 1111 1112 1148 1147 
4 1112 1113 1149 1148 
4 1113 1114 1150 1149 
4 1114 1115 1151 1150 
4 1115 1116 1152 1151 
4 1116 1117 1153 1152 
4 1117 1118 1154 1153 
4 1118 1119 1155 1154 
4 1119 1120 1156 1155 
4 1120 1121 1157 1156 
4 1121 1122 1158 1157 
4 1122 1123 1159 1158 
4 1123 1124 1160 1159 
4 1124 1125 1161 1160 
4 1125 1126 1162 1161 
4 1126 1127 1163 1162 
4 1127 1128 1164 1163 
4 1128 1129 1165 1164 
4 1129 1130 1166 1165 
4 1130 1131 1167 1166 
4 1131 197 196 1167 
4 244 1132 1168 243 
4 1132 1133 1169 1168 
4 1133 1134 1170 1169 
4 1134 1135 1171 1170 
4 1135 1136 1172 1171 
4 1136 1137 1173 1172 
4 1137 1138 1174 1173 
4 1138 1139 1175 1174 
4 1139 1140 1176 1175 
4 1140 1141 1177 1176 
4 1141 1142 1178 1177 
4 1142 1143 1179 1178 
4 1143 1144 1180 1179 
4 1144 1145 1181 1180 
4 1145 1146 1182 1181 
4 1146 1147 1183 1182 
4 1147 1148 1184 1183 
4 1148 1149 1185 1184 
4 1149 1150 1186 1185 
4 1150 1151 1187 1186 
4 1151 1152 1188 1187 
4 1152 1153 1189 1188 
4 1153 1154 1190 1189 
4 1154 1155 1191 1190 
4 1155 1156 1192 1191 
4 1156 1157 1193 1192 
4 1157 1158 1194 1193 
4 1158 1159 1195 1194 
4 1159 1160 1196 1195 
4 1160 1161 1197 1196 
4 1161 1162 1198 1197 
4 1162 1163 1199 1198 
4 1163 1164 1200 1199 
4 1164 1165 1201 1200 
4 1165 1166 1202 1201 
4 1166 1167 1203 1202 
4 1167 196 195 1203 
4 243 1168 1204 242 
4 1168 1169 1205 1204 
4 1169 1170 1206 1205 
4 1170 1171 1207 1206 
4 1171 1172 1208 1207 
4 1172 1173 1209 1208 
4 1173 1174 1210 1209 
4 1174 1175 1211 1210 
4 1175 1176 1212 1211 
4 1176 1177 1213 1212 
4 1177 1178 1214 1213 
4 1178 1179 1215 1214 
4 1179 1180 1216 1215 
4 1180 1181 1217 1216 
4 1181 1182 1218 1217 
4 1182 1183 1219 1218 
4 1183 1184 1220 1219 
4 1184 1185 1221 1220 
4 1185 1186 1222 1221 
4 1186 1187 1223 1222 
4 1187 1188 1224 1223 
4 1188 1189 1225 1224 
4 1189 1190 1226 1225 
4 1190 1191 1227 1226 
4 1191 1192 1228 1227 
4 1192 1193 1229 1228 
4 1193 1194 1230 1229 
4 1194 1195 1231 1230 
4 1195 1196 1232 1231 
4 1196 1197 1233 1232 
4 1197 1198 1234 1233 
4 1198 1199 1235 1234 
4 1199 1200 1236 1235 
4 1200 1201 1237 1236 
4 1201 1202 1238 1237 
4 1202 1203 1239 1238 
4 1203 195 194 1239 
4 242 1204 1240 241 
4 1204 1205 1241 1240 
4 1205 1206 1242 1241 
4 1206 1207 1243 1242 
4 1207 1208 1244 1243 
4 1208 1209 1245 1244 
4 1209 1210 1246 1245 
4 1210 1211 1247 1246 
4 1211 1212 1248 1247 
4 1212 1213 1249 1248 
4 1213 1214 1250 1249 
4 1214 1215 1251 1250 
4 1215 1216 1252 1251 
4 1216 1217 1253 1252 
4 1217 1218 1254 1253 
4 1218 1219 1255 1254 
4 1219 1220 1256 1255 
4 1220 1221 1257 1256 
4 1221 1222 1258 1257 
4 1222 1223 1259 1258 
4 1223 1224 1260 1259 
4 1224 1225 1261 1260 
4 1225 1226 1262 1261 
4 1226 1227 1263 1262 
4 1227 1228 1264 1263 
4 1228 1229 1265 1264 
4 1229 1230 1266 1265 
4 1230 1231 1267 1266 
4 1231 1232 1268 1267 
4 1232 1233 1269 1268 
4 1233 1234 1270 1269 
4 1234 1235 1271 1270 
4 1235 1236 1272 1271 
4 1236 1237 1273 1272 
4 1237 1238 1274 1273 
4 1238 1239 1275 1274 
4 1239 194 193 1275 
4 241 1240 1276 240 
4 1240 1241 1277 1276 
4 1241 1242 1278 1277 
4 1242 1243 1279 1278 
4 1243 1244 1280 1279 
4 1244 1245 1281 1280 
4 1245 1246 1282 1281 
4 1246 1247 1283 1282 
4 1247 1248 1284 1283 
4 1248 1249 1285 1284 
4 1249 1250 1286 1285 
4 1250 1251 1287 1286 
4 1251 1252 1288 1287 
4 1252 1253 1289 1288 
4 1253 1254 1290 1289 
4 1254 1255 1291 1290 
4 1255 1256 1292 1291 
4 1256 1257 1293 1292 
4 1257 1258 1294 1293 
4 1258 1259 1295 1294 
4 1259 1260 1296 1295 
4 1260 1261 1297 1296 
4 1261 1262 1298 1297 
4 1262 1263 1299 1298 
4 1263 1264 1300 1299 
4 1264 1265 1301 1300 
4 1265 1266 1302 1301 
4 1266 1267 1303 1302 
4 1267 1268 1304 1303 
4 1268 1269 1305 1304 
4 1269 1270 1306 1305 
4 1270 1271 1307 1306 
4 1271 1272 1308 1307 
4 1272 1273 1309 1308 
4 1273 1274 1310 1309 
4 1274 1275 1311 1310 
4 1275 193 192 1311 
4 1 156 1312 16 
4 16 1312 1313 17 
4 17 1313 1314 18 
4 18 1314 1315 19 
4 19 1315 1316 20 
4 20 1316 1317 21 
4 21 1317 1318 22 
4 22 1318 1319 23 
4 23 1319 1320 24 
4 24 1320 1321 25 
4 25 1321 1322 26 
4 26 1322 1323 27 
4 27 1323 1324 28 
4 28 1324 1325 29 
4 29 1325 1326 30 
4 30 1326 1327 31 
4 31 1327 1328 32 
4 32 1328 1329 33 
4 33 1329 1330 34 
4 34 1330 1331 35 
4 35 1331 1332 36 
4 36 1332 1333 37 
4 37 1333 1334 38 
4 38 1334 1335 39 
4 39 1335 1336 40 
4 40 1336 1337 41 
4 41 1337 1338 42 
4 42 1338 1339 43 
4 43 1339 1340 44 
4 44 1340 1341 45 
4 45 1341 1342 46 
4 46 1342 1343 47 
4 47 1343 1344 48 
4 48 1344 1345 49 
4 49 1345 204 2 
4 156 157 1346 1312 
4 1312 1346 1347 1313 
4 1313 1347 1348 1314 
4 1314 1348 1349 1315 
4 1315 1349 1350 1316 
4 1316 1350 1351 1317 
4 1317 1351 1352 1318 
4 1318 1352 1353 1319 
4 1319 1353 1354 1320 
4 1320 1354 1355 1321 
4 1321 1355 1356 1322 
4 1322 1356 1357 1323 
4 1323 1357 1358 1324 
4 1324 1358 1359 1325 
4 1325 1359 1360 1326 
4 1326 1360 1361 1327 
4 1327 1361 1362 1328 
4 1328 1362 1363 1329 
4 1329 1363 1364 1330 
4 1330 1364 1365 1331 
4 1331 1365 1366 1332 
4 1332 1366 1367 1333 
4 1333 1367 1368 1334 
4 1334 1368 1369 1335 
4 1335 1369 1370 1336 
4 1336 1370 1371 1337 
4 1337 1371 1372 1338 
4 1338 1372 1373 1339 
4 1339 1373 1374 1340 
4 1340 1374 1375 1341 
4 1341 1375 1376 1342 
4 1342 1376 1377 1343 
4 1343 1377 1378 1344 
4 1344 1378 1379 1345 
4 1345 1379 205 204 
4 157 158 1380 1346 
4 1346 1380 1381 1347 
4 1347 1381 1382 1348 
4 1348 1382 1383 1349 
4 1349 1383 1384 1350 
4 1350 1384 1385 1351 
4 1351 1385 1386 1352 
4 1352 1386 1387 1353 
4 1353 1387 1388 1354 
4 1354 1388 1389 1355 
4 1355 1389 1390 1356 
4 1356 1390 1391 1357 
4 1357 1391 1392 1358 
4 1358 1392 1393 1359 
4 1359 1393 1394 1360 
4 1360 1394 1395 1361 
4 1361 1395 1396 1362 
4 1362 1396 1397 1363 
4 1363 1397 1398 1364 
4 1364 1398 1399 1365 
4 1365 1399 1400 1366 
4 1366 1400 1401 1367 
4 1367 1401 1402 1368 
4 1368 1402 1403 1369 
4 1369 1403 1404 1370 
4 1370 1404 1405 1371 
4 1371 1405 1406 1372 
4 1372 1406 1407 1373 
4 1373 1407 1408 1374 
4 1374 1408 1409 1375 
4 1375 1409 1410 1376 
4 1376 1410 1411 1377 
4 1377 1411 1412 1378 
4 1378 1412 1413 1379 
4 1379 1413 206 205 
4 158 159 1414 1380 
4 1380 1414 1415 1381 
4 1381 1415 1416 1382 
4 1382 1416 1417 1383 
4 1383 1417 1418 1384 
4 1384 1418 1419 1385 
4 1385 1419 1420 1386 
4 1386 1420 1421 1387 
4 1387 1421 1422 1388 
4 1388 1422 1423 1389 
4 1389 1423 1424 1390 
4 1390 1424 1425 1391 
4 1391 1425 1426 1392 
4 1392 1426 1427 1393 
4 1393 1427 1428 1394 
4 1394 1428 1429 1395 
4 1395 1429 1430 1396 
4 1396 1430 1431 1397 
4 1397 1431 1432 1398 
4 1398 1432 1433 1399 
4 1399 1433 1434 1400 
4 1400 1434 1435 1401 
4 1401 1435 1436 1402 
4 1402 1436 1437 1403 
4 1403 1437 1438 1404 
4 1404 1438 1439 1405 
4 1405 1439 1440 1406 
4 1406 1440 1441 1407 
4 1407 1441 1442 1408 
4 1408 1442 1443 1409 
4 1409 1443 1444 1410 
4 1410 1444 1445 1411 
4 1411 1445 1446 1412 
4 1412 1446 1447 1413 
4 1413 1447 207 206 
4 159 160 1448 1414 
4 1414 1448 1449 1415 
4 1415 1449 1450 1416 
4 1416 1450 1451 1417 
4 1417 1451 1452 1418 
4 1418 1452 1453 1419 
4 1419 1453 1454 1420 
4 1420 1454 1455 1421 
4 1421 1455 1456 1422 
4 1422 1456 1457 1423 
4 1423 1457 1458 1424 
4 1424 1458 1459 1425 
4 1425 1459 1460 1426 
4 1426 1460 1461 1427 
4 1427 1461 1462 1428 
4 1428 1462 1463 1429 
4 1429 1463 1464 1430 
4 1430 1464 1465 1431 
4 1431 1465 1466 1432 
4 1432 1466 1467 1433 
4 1433 1467 1468 1434 
4 1434 1468 1469 1435 
4 1435 1469 1470 1436 
4 1436 1470 1471 1437 
4 1437 1471 1472 1438 
4 1438 1472 1473 1439 
4 1439 1473 1474 1440 
4 1440 1474 1475 1441 
4 1441 1475 1476 1442 
4 1442 1476 1477 1443 
4 1443 1477 1478 1444 
4 1444 1478 1479 1445 
4 1445 1479 1480 1446 
4 1446 1480 1481 1447 
4 1447 1481 208 207 
4 160 161 1482 1448 
4 1448 1482 1483 1449 
4 1449 1483 1484 1450 
4 1450 1484 1485 1451 
4 1451 1485 1486 1452 
4 1452 1486 1487 1453 
4 1453 1487 1488 1454 
4 1454 1488 1489 1455 
4 1455 1489 1490 1456 
4 1456 1490 1491 1457 
4 1457 1491 1492 1458 
4 1458 1492 1493 1459 
4 1459 1493 1494 1460 
4 1460 1494 1495 1461 
4 1461 1495 1496 1462 
4 1462 1496 1497 1463 
4 1463 1497 1498 1464 
4 1464 1498 1499 1465 
4 1465 1499 1500 1466 
4 1466 1500 1501 1467 
4 1467 1501 1502 1468 
4 1468 1502 1503 1469 
4 1469 1503 1504 1470 
4 1470 1504 1505 1471 
4 1471 1505 1506 1472 
4 1472 1506 1507 1473 
4 1473 1507 1508 1474 
4 1474 1508 1509 1475 
4 1475 1509 1510 1476 
4 1476 1510 1511 1477 
4 1477 1511 1512 1478 
4 1478 1512 1513 1479 
4 1479 1513 1514 1480 
4 1480 1514 1515 1481 
4 1481 1515 209 208 
4 161 162 1516 1482 
4 1482 1516 1517 1483 
4 1483 1517 1518 1484 
4 1484 1518 1519 1485 
4 1485 1519 1520 1486 
4 1486 1520 1521 1487 
4 1487 1521 1522 1488 
4 1488 1522 1523 1489 
4 1489 1523 1524 1490 
4 1490 1524 1525 1491 
4 1491 1525 1526 1492 
4 1492 1526 1527 1493 
4 1493 1527 1528 1494 
4 1494 1528 1529 1495 
4 1495 1529 1530 1496 
4 1496 1530 1531 1497 
4 1497 1531 1532 1498 
4 1498 1532 1533 1499 
4 1499 1533 1534 1500 
4 1500 1534 1535 1501 
4 1501 1535 1536 1502 
4 1502 1536 1537 1503 
4 1503 1537 1538 1504 
4 1504 1538 1539 1505 
4 1505 1539 1540 1506 
4 1506 1540 1541 1507 
4 1507 1541 1542 1508 
4 1508 1542 1543 1509 
4 1509 1543 1544 1510 
4 1510 1544 1545 1511 
4 1511 1545 1546 1512 
4 1512 1546 1547 1513 
4 1513 1547 1548 1514 
4 1514 1548 1549 1515 
4 1515 1549 210 209 
4 162 163 1550 1516 
4 1516 1550 1551 1517 
4 1517 1551 1552 1518 
4 1518 1552 1553 1519 
4 1519 1553 1554 1520 
4 1520 1554 1555 1521 
4 1521 1555 1556 1522 
4 1522 1556 1557 1523 
4 1523 1557 1558 1524 
4 1524 1558 1559 1525 
4 1525 1559 1560 1526 
4 1526 1560 1561 1527 
4 1527 1561 1562 1528 
4 1528 1562 1563 1529 
4 1529 1563 1564 1530 
4 1530 1564 1565 1531 
4 1531 1565 1566 1532 
4 1532 1566 1567 1533 
4 1533 1567 1568 1534 
4 1534 1568 1569 1535 
4 1535 1569 1570 1536 
4 1536 1570 1571 1537 
4 1537 1571 1572 1538 
4 1538 1572 1573 1539 
4 1539 1573 1574 1540 
4 1540 1574 1575 1541 
4 1541 1575 1576 1542 
4 1542 1576 1577 1543 
4 1543 1577 1578 1544 
4 1544 1578 1579 1545 
4 1545 1579 1580 1546 
4 1546 1580 1581 1547 
4 1547 1581 1582 1548 
4 1548 1582 1583 1549 
4 1549 1583 211 210 
4 163 164 1584 1550 
4 1550 1584 1585 1551 
4 1551 1585 1586 1552 
4 1552 1586 1587 1553 
4 1553 1587 1588 1554 
4 1554 1588 1589 1555 
4 1555 1589 1590 1556 
4 1556 1590 1591 1557 
4 1557 1591 1592 1558 
4 1558 1592 1593 1559 
4 1559 1593 1594 1560 
4 1560 1594 1595 1561 
4 1561 1595 1596 1562 
4 1562 1596 1597 1563 
4 1563 1597 1598 1564 
4 1564 1598 1599 1565 
4 1565 1599 1600 1566 
4 1566 1600 1601 1567 
4 1567 1601 1602 1568 
4 1568 1602 1603 1569 
4 1569 1603 1604 1570 
4 1570 1604 1605 1571 
4 1571 1605 1606 1572 
4 1572 1606 1607 1573 
4 1573 1607 1608 1574 
4 1574 1608 1609 1575 
4 1575 1609 1610 1576 
4 1576 1610 1611 1577 
4 1577 1611 1612 1578 
4 1578 1612 1613 1579 
4 1579 1613 1614 1580 
4 1580 1614 1615 1581 
4 1581 1615 1616 1582 
4 1582 1616 1617 1583 
4 1583 1617 212 211 
4 164 165 1618 1584 
4 1584 1618 1619 1585 
4 1585 1619 1620 1586 
4 1586 1620 1621 1587 
4 1587 1621 1622 1588 
4 1588 1622 1623 1589 
4 1589 1623 1624 1590 
4 1590 1624 1625 1591 
4 1591 1625 1626 1592 
4 1592 1626 1627 1593 
4 1593 1627 1628 1594 
4 1594 1628 1629 1595 
4 1595 1629 1630 1596 
4 1596 1630 1631 1597 
4 1597 1631 1632 1598 
4 1598 1632 1633 1599 
4 1599 1633 1634 1600 
4 1600 1634 1635 1601 
4 1601 1635 1636 1602 
4 1602 1636 1637 1603 
4 1603 1637 1638 1604 
4 1604 1638 1639 1605 
4 1605 1639 1640 1606 
4 1606 1640 1641 1607 
4 1607 1641 1642 1608 
4 1608 1642 1643 1609 
4 1609 1643 1644 1610 
4 1610 1644 1645 1611 
4 1611 1645 1646 1612 
4 1612 1646 1647 1613 
4 1613 1647 1648 1614 
4 1614 1648 1649 1615 
4 1615 1649 1650 1616 
4 1616 1650 1651 1617 
4 1617 1651 213 212 
4 165 166 1652 1618 
4 1618 1652 1653 1619 
4 1619 1653 1654 1620 
4 1620 1654 1655 1621 
4 1621 1655 1656 1622 
4 1622 1656 1657 1623 
4 1623 1657 1658 1624 
4 1624 1658 1659 1625 
4 1625 1659 1660 1626 
4 1626 1660 1661 1627 
4 1627 1661 1662 1628 
4 1628 1662 1663 1629 
4 1629 1663 1664 1630 
4 1630 1664 1665 1631 
4 1631 1665 1666 1632 
4 1632 1666 1667 1633 
4 1633 1667 1668 1634 
4 1634 1668 1669 1635 
4 1635 1669 1670 1636 
4 1636 1670 1671 1637 
4 1637 1671 1672 1638 
4 1638 1672 1673 1639 
4 1639 1673 1674 1640 
4 1640 1674 1675 1641 
4 1641 1675 1676 1642 
4 1642 1676 1677 1643 
4 1643 1677 1678 1644 
4 1644 1678 1679 1645 
4 1645 1679 1680 1646 
4 1646 1680 1681 1647 
4 1647 1681 1682 1648 
4 1648 1682 1683 1649 
4 1649 1683 1684 1650 
4 1650 1684 1685 1651 
4 1651 1685 214 213 
4 166 167 1686 1652 
4 1652 1686 1687 1653 
4 1653 1687 1688 1654 
4 1654 1688 1689 1655 
4 1655 1689 1690 1656 
4 1656 1690 1691 1657 
4 1657 1691 1692 1658 
4 1658 1692 1693 1659 
4 1659 1693 1694 1660 
4 1660 1694 1695 1661 
4 1661 1695 1696 1662 
4 1662 1696 1697 1663 
4 1663 1697 1698 1664 
4 1664 1698 1699 1665 
4 1665 1699 1700 1666 
4 1666 1700 1701 1667 
4 1667 1701 1702 1668 
4 1668 1702 1703 1669 
4 1669 1703 1704 1670 
4 1670 1704 1705 1671 
4 1671 1705 1706 1672 
4 1672 1706 1707 1673 
4 1673 1707 1708 1674 
4 1674 1708 1709 1675 
4 1675 1709 1710 1676 
4 1676 1710 1711 1677 
4 1677 1711 1712 1678 
4 1678 1712 1713 1679 
4 1679 1713 1714 1680 
4 1680 1714 1715 1681 
4 1681 1715 1716 1682 
4 1682 1716 1717 1683 
4 1683 1717 1718 1684 
4 1684 1718 1719 1685 
4 1685 1719 215 214 
4 6 227 1720 119 
4 119 1720 1721 118 
4 118 1721 1722 117 
4 117 1722 1723 116 
4 116 1723 1724 115 
4 115 1724 1725 114 
4 114 1725 1726 113 
4 113 1726 1727 112 
4 112 1727 1728 111 
4 111 1728 1729 110 
4 110 1729 1730 109 
4 109 1730 1731 108 
4 108 1731 1732 107 
4 107 1732 1733 106 
4 106 1733 1734 105 
4 105 1734 1735 104 
4 104 1735 1736 103 
4 103 1736 1737 102 
4 102 1737 1738 101 
4 101 1738 1739 100 
4 100 1739 1740 99 
4 99 1740 1741 98 
4 98 1741 1742 97 
4 97 1742 1743 96 
4 96 1743 1744 95 
4 95 1744 1745 94 
4 94 1745 1746 93 
4 93 1746 1747 92 
4 92 1747 1748 91 
4 91 1748 1749 90 
4 90 1749 1750 89 
4 89 1750 1751 88 
4 88 1751 1752 87 
4 87 1752 1753 86 
4 86 1753 1754 85 
4 85 1754 1755 84 
4 84 1755 179 5 
4 227 226 1756 1720 
4 1720 1756 1757 1721 
4 1721 1757 1758 1722 
4 1722 1758 1759 1723 
4 1723 1759 1760 1724 
4 1724 1760 1761 1725 
4 1725 1761 1762 1726 
4 1726 1762 1763 1727 
4 1727 1763 1764 1728 
4 1728 1764 1765 1729 
4 1729 1765 1766 1730 
4 1730 1766 1767 1731 
4 1731 1767 1768 1732 
4 1732 1768 1769 1733 
4 1733 1769 1770 1734 
4 1734 1770 1771 1735 
4 1735 1771 1772 1736 
4 1736 1772 1773 1737 
4 1737 1773 1774 1738 
4 1738 1774 1775 1739 
4 1739 1775 1776 1740 
4 1740 1776 1777 1741 
4 1741 1777 1778 1742 
4 1742 1778 1779 1743 
4 1743 1779 1780 1744 
4 1744 1780 1781 1745 
4 1745 1781 1782 1746 
4 1746 1782 1783 1747 
4 1747 1783 1784 1748 
4 1748 1784 1785 1749 
4 1749 1785 1786 1750 
4 1750 1786 1787 1751 
4 1751 1787 1788 1752 
4 1752 1788 1789 1753 
4 1753 1789 1790 1754 
4 1754 1790 1791 1755 
4 1755 1791 178 179 
4 226 225 1792 1756 
4 1756 1792 1793 1757 
4 1757 1793 1794 1758 
4 1758 1794 1795 1759 
4 1759 1795 1796 1760 
4 1760 1796 1797 1761 
4 1761 1797 1798 1762 
4 1762 1798 1799 1763 
4 1763 1799 1800 1764 
4 1764 1800 1801 1765 
4 1765 1801 1802 1766 
4 1766 1802 1803 1767 
4 1767 1803 1804 1768 
4 1768 1804 1805 1769 
4 1769 1805 1806 1770 
4 1770 1806 1807 1771 
4 1771 1807 1808 1772 
4 1772 1808 1809 1773 
4 1773 1809 1810 1774 
4 1774 1810 1811 1775 
4 1775 1811 1812 1776 
4 1776 1812 1813 1777 
4 1777 1813 1814 1778 
4 1778 1814 1815 1779 
4 1779 1815 1816 1780 
4 1780 1816 1817 1781 
4 1781 1817 1818 1782 
4 1782 1818 1819 1783 
4 1783 1819 1820 1784 
4 1784 1820 1821 1785 
4 1785 1821 1822 1786 
4 1786 1822 1823 1787 
4 1787 1823 1824 1788 
4 1788 1824 1825 1789 
4 1789 1825 1826 1790 
4 1790 1826 1827 1791 
4 1791 1827 177 178 
4 225 224 1828 1792 
4 1792 1828 1829 1793 
4 1793 1829 1830 1794 
4 1794 1830 1831 1795 
4 1795 1831 1832 1796 
4 1796 1832 1833 1797 
4 1797 1833 1834 1798 
4 1798 1834 1835 1799 
4 1799 1835 1836 1800 
4 1800 1836 1837 1801 
4 1801 1837 1838 1802 
4 1802 1838 1839 1803 
4 1803 1839 1840 1804 
4 1804 1840 1841 1805 
4 1805 1841 1842 1806 
4 1806 1842 1843 1807 
4 1807 1843 1844 1808 
4 1808 1844 1845 1809 
4 1809 1845 1846 1810 
4 1810 1846 1847 1811 
4 1811 1847 1848 1812 
4 1812 1848 1849 1813 
4 1813 1849 1850 1814 
4 1814 1850 1851 1815 
4 1815 1851 1852 1816 
4 1816 1852 1853 1817 
4 1817 1853 1854 1818 
4 1818 1854 1855 1819 
4 1819 1855 1856 1820 
4 1820 1856 1857 1821 
4 1821 1857 1858 1822 
4 1822 1858 1859 1823 
4 1823 1859 1860 1824 
4 1824 1860 1861 1825 
4 1825 1861 1862 1826 
4 1826 1862 1863 1827 
4 1827 1863 176 177 
4 224 223 1864 1828 
4 1828 1864 1865 1829 
4 1829 1865 1866 1830 
4 1830 1866 1867 1831 
4 1831 1867 1868 1832 
4 1832 1868 1869 1833 
4 1833 1869 1870 1834 
4 1834 1870 1871 1835 
4 1835 1871 1872 1836 
4 1836 1872 1873 1837 
4 1837 1873 1874 1838 
4 1838 1874 1875 1839 
4 1839 1875 1876 1840 
4 1840 1876 1877 1841 
4 1841 1877 1878 1842 
4 1842 1878 1879 1843 
4 1843 1879 1880 1844 
4 1844 1880 1881 1845 
4 1845 1881 1882 1846 
4 1846 1882 1883 1847 
4 1847 1883 1884 1848 
4 1848 1884 1885 1849 
4 1849 1885 1886 1850 
4 1850 1886 1887 1851 
4 1851 1887 1888 1852 
4 1852 1888 1889 1853 
4 1853 1889 1890 1854 
4 1854 1890 1891 1855 
4 1855 1891 1892 1856 
4 1856 1892 1893 1857 
4 1857 1893 1894 1858 
4 1858 1894 1895 1859 
4 1859 1895 1896 1860 
4 1860 1896 1897 1861 
4 1861 1897 1898 1862 
4 1862 1898 1899 1863 
4 1863 1899 175 176 
4 223 222 1900 1864 
4 1864 1900 1901 1865 
4 1865 1901 1902 1866 
4 1866 1902 1903 1867 
4 1867 1903 1904 1868 
4 1868 1904 1905 1869 
4 1869 1905 1906 1870 
4 1870 1906 1907 1871 
4 1871 1907 1908 1872 
4 1872 1908 1909 1873 
4 1873 1909 1910 1874 
4 1874 1910 1911 1875 
4 1875 1911 1912 1876 
4 1876 1912 1913 1877 
4 1877 1913 1914 1878 
4 1878 1914 1915 1879 
4 1879 1915 1916 1880 
4 1880 1916 1917 1881 
4 1881 1917 1918 1882 
4 1882 1918 1919 1883 
4 1883 1919 1920 1884 
4 1884 1920 1921 1885 
4 1885 1921 1922 1886 
4 1886 1922 1923 1887 
4 1887 1923 1924 1888 
4 1888 1924 1925 1889 
4 1889 1925 1926 1890 
4 1890 1926 1927 1891 
4 1891 1927 1928 1892 
4 1892 1928 1929 1893 
4 1893 1929 1930 1894 
4 1894 1930 1931 1895 
4 1895 1931 1932 1896 
4 1896 1932 1933 1897 
4 1897 1933 1934 1898 
4 1898 1934 1935 1899 
4 1899 1935 174 175 
4 222 221 1936 1900 
4 1900 1936 1937 1901 
4 1901 1937 1938 1902 
4 1902 1938 1939 1903 
4 1903 1939 1940 1904 
4 1904 1940 1941 1905 
4 1905 1941 1942 1906 
4 1906 1942 1943 1907 
4 1907 1943 1944 1908 
4 1908 1944 1945 1909 
4 1909 1945 1946 1910 
4 1910 1946 1947 1911 
4 1911 1947 1948 1912 
4 1912 1948 1949 1913 
4 1913 1949 1950 1914 
4 1914 1950 1951 1915 
4 1915 1951 1952 1916 
4 1916 1952 1953 1917 
4 1917 1953 1954 1918 
4 1918 1954 1955 1919 
4 1919 1955 1956 1920 
4 1920 1956 1957 1921 
4 1921 1957 1958 1922 
4 1922 1958 1959 1923 
4 1923 1959 1960 1924 
4 1924 1960 1961 1925 
4 1925 1961 1962 1926 
4 1926 1962 1963 1927 
4 1927 1963 1964 1928 
4 1928 1964 1965 1929 
4 1929 1965 1966 1930 
4 1930 1966 1967 1931 
4 1931 1967 1968 1932 
4 1932 1968 1969 1933 
4 1933 1969 1970 1934 
4 1934 1970 1971 1935 
4 1935 1971 173 174 
4 221 220 1972 1936 
4 1936 1972 1973 1937 
4 1937 1973 1974 1938 
4 1938 1974 1975 1939 
4 1939 1975 1976 1940 
4 1940 1976 1977 1941 
4 1941 1977 1978 1942 
4 1942 1978 1979 1943 
4 1943 1979 1980 1944 
4 1944 1980 1981 1945 
4 1945 1981 1982 1946 
4 1946 1982 1983 1947 
4 1947 1983 1984 1948 
4 1948 1984 1985 1949 
4 1949 1985 1986 1950 
4 1950 1986 1987 1951 
4 1951 1987 1988 1952 
4 1952 1988 1989 1953 
4 1953 1989 1990 1954 
4 1954 1990 1991 1955 
4 1955 1991 1992 1956 
4 1956 1992 1993 1957 
4 1957 1993 1994 1958 
4 1958 1994 1995 1959 
4 1959 1995 1996 1960 
4 1960 1996 1997 1961 
4 1961 1997 1998 1962 
4 1962 1998 1999 1963 
4 1963 1999 2000 1964 
4 1964 2000 2001 1965 
4 1965 2001 2002 1966 
4 1966 2002 2003 1967 
4 1967 2003 2004 1968 
4 1968 2004 2005 1969 
4 1969 2005 2006 1970 
4 1970 2006 2007 1971 
4 1971 2007 172 173 
4 220 219 2008 1972 
4 1972 2008 2009 1973 
4 1973 2009 2010 1974 
4 1974 2010 2011 1975 
4 1975 2011 2012 1976 
4 1976 2012 2013 1977 
4 1977 2013 2014 1978 
4 1978 2014 2015 1979 
4 1979 2015 2016 1980 
4 1980 2016 2017 1981 
4 1981 2017 2018 1982 
4 1982 2018 2019 1983 
4 1983 2019 2020 1984 
4 1984 2020 2021 1985 
4 1985 2021 2022 1986 
4 1986 2022 2023 1987 
4 1987 2023 2024 1988 
4 1988 2024 2025 1989 
4 1989 2025 2026 1990 
4 1990 2026 2027 1991 
4 1991 2027 2028 1992 
4 1992 2028 2029 1993 
4 1993 2029 2030 1994 
4 1994 2030 2031 1995 
4 1995 2031 2032 1996 
4 1996 2032 2033 1997 
4 1997 2033 2034 1998 
4 1998 2034 2035 1999 
4 1999 2035 2036 2000 
4 2000 2036 2037 2001 
4 2001 2037 2038 2002 
4 2002 2038 2039 2003 
4 2003 2039 2040 2004 
4 2004 2040 2041 2005 
4 2005 2041 2042 2006 
4 2006 2042 2043 2007 
4 2007 2043 171 172 
4 219 218 2044 2008 
4 2008 2044 2045 2009 
4 2009 2045 2046 2010 
4 2010 2046 2047 2011 
4 2011 2047 2048 2012 
4 2012 2048 2049 2013 
4 2013 2049 2050 2014 
4 2014 2050 2051 2015 
4 2015 2051 2052 2016 
4 2016 2052 2053 2017 
4 2017 2053 2054 2018 
4 2018 2054 2055 2019 
4 2019 2055 2056 2020 
4 2020 2056 2057 2021 
4 2021 2057 2058 2022 
4 2022 2058 2059 2023 
4 2023 2059 2060 2024 
4 2024 2060 2061 2025 
4 2025 2061 2062 2026 
4 2026 2062 2063 2027 
4 2027 2063 2064 2028 
4 2028 2064 2065 2029 
4 2029 2065 2066 2030 
4 2030 2066 2067 2031 
4 2031 2067 2068 2032 
4 2032 2068 2069 2033 
4 2033 2069 2070 2034 
4 2034 2070 2071 2035 
4 2035 2071 2072 2036 
4 2036 2072 2073 2037 
4 2037 2073 2074 2038 
4 2038 2074 2075 2039 
4 2039 2075 2076 2040 
4 2040 2076 2077 2041 
4 2041 2077 2078 2042 
4 2042 2078 2079 2043 
4 2043 2079 170 171 
4 218 217 2080 2044 
4 2044 2080 2081 2045 
4 2045 2081 2082 2046 
4 2046 2082 2083 2047 
4 2047 2083 2084 2048 
4 2048 2084 2085 2049 
4 2049 2085 2086 2050 
4 2050 2086 2087 2051 
4 2051 2087 2088 2052 
4 2052 2088 2089 2053 
4 2053 2089 2090 2054 
4 2054 2090 2091 2055 
4 2055 2091 2092 2056 
4 2056 2092 2093 2057 
4 2057 2093 2094 2058 
4 2058 2094 2095 2059 
4 2059 2095 2096 2060 
4 2060 2096 2097 2061 
4 2061 2097 2098 2062 
4 2062 2098 2099 2063 
4 2063 2099 2100 2064 
4 2064 2100 2101 2065 
4 2065 2101 2102 2066 
4 2066 2102 2103 2067 
4 2067 2103 2104 2068 
4 2068 2104 2105 2069 
4 2069 2105 2106 2070 
4 2070 2106 2107 2071 
4 2071 2107 2108 2072 
4 2072 2108 2109 2073 
4 2073 2109 2110 2074 
4 2074 2110 2111 2075 
4 2075 2111 2112 2076 
4 2076 2112 2113 2077 
4 2077 2113 2114 2078 
4 2078 2114 2115 2079 
4 2079 2115 169 170 
4 217 216 2116 2080 
4 2080 2116 2117 2081 
4 2081 2117 2118 2082 
4 2082 2118 2119 2083 
4 2083 2119 2120 2084 
4 2084 2120 2121 2085 
4 2085 2121 2122 2086 
4 2086 2122 2123 2087 
4 2087 2123 2124 2088 
4 2088 2124 2125 2089 
4 2089 2125 2126 2090 
4 2090 2126 2127 2091 
4 2091 2127 2128 2092 
4 2092 2128 2129 2093 
4 2093 2129 2130 2094 
4 2094 2130 2131 2095 
4 2095 2131 2132 2096 
4 2096 2132 2133 2097 
4 2097 2133 2134 2098 
4 2098 2134 2135 2099 
4 2099 2135 2136 2100 
4 2100 2136 2137 2101 
4 2101 2137 2138 2102 
4 2102 2138 2139 2103 
4 2103 2139 2140 2104 
4 2104 2140 2141 2105 
4 2105 2141 2142 2106 
4 2106 2142 2143 2107 
4 2107 2143 2144 2108 
4 2108 2144 2145 2109 
4 2109 2145 2146 2110 
4 2110 2146 2147 2111 
4 2111 2147 2148 2112 
4 2112 2148 2149 2113 
4 2113 2149 2150 2114 
4 2114 2150 2151 2115 
4 2115 2151 168 169 

CELL_TYPES 4928
12
12
12
12
12
12
12
12
12
12
12
12
12
12
12
12
12
12
12
12
12
12
12
12
12
12
12
12
12
12
12
12
12
12
12
12
12
12
12
12
12
12
12
12
12
12
12
12
12
12
12
12
12
12
12
12
12
12
12
12
12
12
12
12
12
12
12
12
12
12
12
12
12
12
12
12
12
12
12
12
12
12
12
12
12
12
12
12
12
12
12
12
12
12
12
12
12
12
12
12
12
12
12
12
12
12
12
12
12
12
12
12
12
12
12
12
12
12
12
12
12
12
12
12
12
12
12
12
12
12
12
12
12
12
12
12
12
12
12
12
12
12
12
12
12
12
12
12
12
12
12
12
12
12
12
12
12
12
12
12
12
12
12
12
12
12
12
12
12
12
12
12
12
12
12
12
12
12
12
12
12
12
12
12
12
12
12
12
12
12
12
12
12
12
12
12
12
12
12
12
12
12
12
12
12
12
12
12
12
12
12
12
12
12
12
12
12
12
12
12
12
12
12
12
12
12
12
12
12
12
12
12
12
12
12
12
12
12
12
12
12
12
12
12
12
12
12
12
12
12
12
12
12
12
12
12
12
12
12
12
12
12
12
12
12
12
12
12
12
12
12
12
12
12
12
12
12
12
12
12
12
12
12
12
12
12
12
12
12
12
12
12
12
12
12
12
12
12
12
12
12
12
12
12
12
12
12
12
12
12
12
12
12
12
12
12
12
12
12
12
12
12
12
12
12
12
12
12
12
12
12
12
12
12
12
12
12
12
12
12
12
12
12
12
12
12
12
12
12
12
12
12
12
12
12
12
12
12
12
12
12
12
12
12
12
12
12
12
12
12
12
12
12
12
12
12
12
12
12
12
12
12
12
12
12
12
12
12
12
12
12
12
12
12
12
12
12
12
12
12
12
12
12
12
12
12
12
12
12
12
12
12
12
12
12
12
12
12
12
12
12
12
12
12
12
12
12
12
12
12
12
12
12
12
12
12
12
12
12
12
12
12
12
12
12
12
12
12
12
12
12
12
12
12
12
12
12
12
12
12
12
12
12
12
12
12
12
12
12
12
12
12
12
12
12
12
12
12
12
12
12
12
12
12
12
12
12
12
12
12
12
12
12
12
12
12
12
12
12
12
12
12
12
12
12
12
12
12
12
12
12
12
12
12
12
12
12
12
12
12
12
12
12
12
12
12
12
12
12
12
12
12
12
12
12
12
12
12
12
12
12
12
12
12
12
12
12
12
12
12
12
12
12
12
12
12
12
12
12
12
12
12
12
12
12
12
12
12
12
12
12
12
12
12
12
12
12
12
12
12
12
12
12
12
12
12
12
12
12
12
12
12
12
12
12
12
12
12
12
12
12
12
12
12
12
12
12
12
12
12
12
12
12
12
12
12
12
12
12
12
12
12
12
12
12
12
12
12
12
12
12
12
12
12
12
12
12
12
12
12
12
12
12
12
12
12
12
12
12
12
12
12
12
12
12
12
12
12
12
12
12
12
12
12
12
12
12
12
12
12
12
12
12
12
12
12
12
12
12
12
12
12
12
12
12
12
12
12
12
12
12
12
12
12
12
12
12
12
12
12
12
12
12
12
12
12
12
12
12
12
12
12
12
12
12
12
12
12
12
12
12
12
12
12
12
12
12
12
12
12
12
12
12
12
12
12
12
12
12
12
12
12
12
12
12
12
12
12
12
12
12
12
12
12
12
12
12
12
12
12
12
12
12
12
12
12
12
12
12
12
12
12
12
12
12
12
12
12
12
12
12
12
12
12
12
12
12
12
12
12
12
12
12
12
12
12
12
12
12
12
12
12
12
12
12
12
12
12
12
12
12
12
12
12
12
12
12
12
12
12
12
12
12
12
12
12
12
12
12
12
12
12
12
12
12
12
12
12
12
12
12
12
12
12
12
12
12
12
12
12
12
12
12
12
12
12
12
12
12
12
12
12
12
12
12
12
12
12
12
12
12
12
12
12
12
12
12
12
12
12
12
12
12
12
12
12
12
12
12
12
12
12
12
12
12
12
12
12
12
12
12
12
12
12
12
12
12
12
12
12
12
12
12
12
12
12
12
12
12
12
12
12
12
12
12
12
12
12
12
12
12
12
12
12
12
12
12
12
12
12
12
12
12
12
12
12
12
12
12
12
12
12
12
12
12
12
12
12
12
12
12
12
12
12
12
12
12
12
12
12
12
12
12
12
12
12
12
12
12
12
12
12
12
12
12
12
12
12
12
12
12
12
12
12
12
12
12
12
12
12
12
12
12
12
12
12
12
12
12
12
12
12
12
12
12
12
12
12
12
12
12
12
12
12
12
12
12
12
12
12
12
12
12
12
12
12
12
12
12
12
12
12
12
12
12
12
12
12
12
12
12
12
12
12
12
12
12
12
12
12
12
12
12
12
12
12
12
12
12
12
12
12
12
12
12
12
12
12
12
12
12
12
12
12
12
12
12
12
12
12
12
12
12
12
12
12
12
12
12
12
12
12
12
12
12
12
12
12
12
12
12
12
12
12
12
12
12
12
12
12
12
12
12
12
12
12
12
12
12
12
12
12
12
12
12
12
12
12
12
12
12
12
12
12
12
12
12
12
12
12
12
12
12
12
12
12
12
12
12
12
12
12
12
12
12
12
12
12
12
12
12
12
12
12
12
12
12
12
12
12
12
12
12
12
12
12
12
12
12
12
12
12
12
12
12
12
12
12
12
12
12
12
12
12
12
12
12
12
12
12
12
12
12
12
12
12
12
12
12
12
12
12
12
12
12
12
12
12
12
12
12
12
12
12
12
12
12
12
12
12
12
12
12
12
12
12
12
12
12
12
12
12
12
12
12
12
12
12
12
12
12
12
12
12
12
12
12
12
12
12
12
12
12
12
12
12
12
12
12
12
12
12
12
12
12
12
12
12
12
12
12
12
12
12
12
12
12
12
12
12
12
12
12
12
12
12
12
12
12
12
12
12
12
12
12
12
12
12
12
12
12
12
12
12
12
12
12
12
12
12
12
12
12
12
12
12
12
12
12
12
12
12
12
12
12
12
12
12
12
12
12
12
12
12
12
12
12
12
12
12
12
12
12
12
12
12
12
12
12
12
12
12
12
12
12
12
12
12
12
12
12
12
12
12
12
12
12
12
12
12
12
12
12
12
12
12
12
12
12
12
12
12
12
12
12
12
12
12
12
12
12
12
12
12
12
12
12
12
12
12
12
12
12
12
12
12
12
12
12
12
12
12
12
12
12
12
12
12
12
12
12
12
12
12
12
12
12
12
12
12
12
12
12
12
12
12
12
12
12
12
12
12
12
12
12
12
12
12
12
12
12
12
12
12
12
12
12
12
12
12
12
12
12
12
12
12
12
12
12
12
12
12
12
12
12
12
12
12
12
12
12
12
12
12
12
12
12
12
12
12
12
12
12
12
12
12
12
12
12
12
12
12
12
12
12
12
12
12
12
12
12
12
12
12
12
12
12
12
12
12
12
12
12
12
12
12
12
12
12
12
12
12
12
12
12
12
12
12
12
12
12
12
12
12
12
12
12
12
12
12
12
12
12
12
12
12
12
12
12
12
12
12
12
12
12
12
12
12
12
12
12
12
12
12
12
12
12
12
12
12
12
12
12
12
12
12
12
12
12
12
12
12
12
12
12
12
12
12
12
12
12
12
12
12
12
12
12
12
12
12
12
12
12
12
12
12
12
12
12
12
12
12
12
12
12
12
12
12
12
12
12
12
12
12
12
12
12
12
12
12
12
12
12
12
12
12
12
12
12
12
12
12
12
12
12
12
12
12
12
12
12
12
12
12
12
12
12
12
12
12
12
12
12
12
12
12
12
12
12
12
12
12
12
12
12
12
12
12
12
12
12
12
12
12
12
12
12
12
12
12
12
12
12
12
12
12
12
12
12
12
12
12
12
12
12
12
12
12
12
12
12
12
12
12
12
12
12
12
12
12
12
12
12
12
12
12
12
12
12
12
12
12
12
12
12
12
12
12
12
12
12
12
12
12
12
12
12
12
12
12
12
12
12
12
12
12
12
12
12
12
12
12
12
12
12
12
12
12
12
12
12
12
12
12
12
12
12
12
12
12
12
12
12
12
12
12
12
12
12
12
12
12
12
12
12
12
12
12
12
12
12
12
12
12
12
12
12
12
12
12
12
12
12
12
12
12
12
12
12
12
12
12
12
12
12
12
12
12
12
12
12
12
12
12
12
12
12
12
12
12
12
12
12
12
12
12
12
12
12
12
12
12
12
12
12
12
12
12
12
12
12
12
12
12
12
12
12
12
12
12
12
12
12
12
12
12
12
12
12
12
12
12
12
12
12
12
12
12
12
12
12
12
12
12
12
12
12
12
12
12
12
12
12
12
12
12
12
12
12
12
12
12
12
12
12
12
12
12
12
12
12
12
12
12
12
12
12
12
12
12
12
12
12
12
12
12
12
12
12
12
12
12
12
12
12
12
12
12
12
12
12
12
12
12
12
12
12
12
12
12
12
12
12
12
12
12
12
12
12
12
12
12
12
12
12
12
12
12
12
12
12
12
12
12
12
12
12
12
12
12
12
12
12
12
12
12
12
12
12
12
12
12
12
12
12
12
12
12
12
12
12
12
12
12
12
12
12
12
12
12
12
12
12
12
12
12
12
12
12
12
12
12
12
12
12
12
12
12
12
12
12
12
12
12
12
12
12
12
12
12
12
12
12
12
12
12
12
12
12
12
12
12
12
12
12
12
12
12
12
12
12
12
12
12
12
12
12
12
12
12
12
12
12
12
12
12
12
12
12
12
12
12
12
12
12
12
12
12
12
12
12
12
12
12
12
12
12
12
12
12
12
12
12
12
12
12
12
12
12
12
12
12
12
12
12
12
12
12
12
12
12
12
12
12
12
12
12
12
12
12
12
12
12
12
12
12
12
12
12
12
12
12
12
12
12
12
12
12
12
12
12
12
12
12
12
12
12
12
12
12
12
12
12
12
12
12
12
12
12
12
12
12
12
12
12
12
12
12
12
12
12
12
12
12
12
12
12
12
12
12
12
12
12
12
12
12
12
12
12
12
12
12
12
12
12
12
12
12
12
12
12
12
12
12
12
12
12
12
12
12
12
12
12
12
12
12
12
12
12
12
12
12
12
12
12
12
12
12
12
12
12
12
12
12
12
12
12
12
12
12
12
12
12
12
12
12
12
12
12
12
12
12
12
12
12
12
12
12
12
12
12
12
12
12
12
12
12
12
12
12
12
12
12
12
12
12
12
12
12
12
12
12
12
12
12
12
12
12
12
12
12
12
12
12
12
12
12
12
12
12
12
12
12
12
12
12
12
12
12
12
12
12
12
12
12
12
12
12
12
12
12
12
12
12
12
12
12
12
12
12
12
12
12
12
12
12
12
12
12
12
12
12
12
12
12
12
12
12
12
12
12
12
12
12
12
12
12
12
12
12
12
12
12
12
12
12
12
12
12
12
12
12
12
12
12
12
12
12
12
12
12
12
12
12
12
12
12
12
12
12
12
12
12
12
12
12
12
12
12
12
12
12
12
12
12
12
12
12
12
12
12
12
12
12
12
12
12
12
12
12
12
12
12
12
12
12
12
12
12
12
12
12
12
12
12
12
12
12
12
12
12
12
12
12
12
12
12
12
12
12
12
12
12
12
12
12
12
12
12
12
12
12
12
12
12
12
12
12
12
12
12
12
12
12
12
12
12
12
12
12
12
12
12
12
12
12
12
12
12
12
12
12
12
12
12
12
12
12
12
12
12
12
12
12
12
12
12
12
12
12
12
12
12
12
12
12
12
12
12
12
12
12
12
12
12
12
12
12
12
12
12
12
12
12
12
12
12
12
12
12
12
12
12
12
12
12
12
12
12
12
12
12
12
12
12
12
12
12
12
12
12
12
12
12
12
12
12
12
12
12
12
12
12
12
12
12
12
12
12
12
12
12
12
12
12
12
12
12
12
12
12
12
12
12
12
12
12
12
12
12
12
12
12
12
12
12
12
12
12
12
12
12
12
12
12
12
12
12
12
12
12
12
12
12
12
12
12
12
12
12
12
12
12
12
12
12
12
12
12
12
12
12
12
12
12
12
12
12
12
12
12
12
12
12
12
12
12
12
12
12
12
12
12
12
12
12
12
12
12
12
12
12
12
12
12
12
12
12
12
12
12
12
12
12
12
12
12
12
12
12
12
12
12
12
12
12
12
12
12
12
12
12
12
12
12
12
12
12
12
12
12
12
12
12
12
12
12
12
12
12
12
12
12
12
12
12
12
12
12
12
12
12
12
12
12
12
12
12
12
12
12
12
12
12
12
12
12
12
12
12
12
12
12
12
12
12
12
12
12
12
12
12
12
12
12
12
12
12
12
12
12
12
12
12
12
12
12
12
12
12
12
12
12
12
12
12
12
12
12
12
12
12
12
12
12
12
12
12
12
12
12
12
12
12
12
12
12
12
12
12
12
12
12
12
12
12
12
12
12
12
12
12
12
12
12
12
12
12
12
12
12
12
12
12
12
12
12
12
12
12
12
12
12
12
12
12
12
12
12
12
12
12
12
12
12
12
12
12
12
12
12
12
12
12
12
12
12
12
12
12
12
12
12
12
12
12
12
12
12
12
12
12
12
12
12
12
12
12
12
12
12
12
12
12
12
12
12
12
12
12
12
12
12
12
12
12
12
12
12
12
12
12
12
12
12
12
12
12
12
12
12
12
12
12
12
12
12
12
12
12
12
12
12
12
12
12
12
12
12
12
12
12
12
12
12
12
12
12
12
12
12
12
12
12
12
12
12
12
12
12
12
12
12
12
12
12
12
12
12
12
12
12
12
12
12
12
12
12
12
12
12
12
12
12
12
12
12
12
12
12
12
12
12
12
12
12
12
12
12
12
12
12
12
12
12
12
12
12
12
12
12
12
12
12
12
12
12
12
12
12
12
12
12
12
12
12
12
12
12
12
12
12
12
12
12
12
12
12
12
12
12
12
12
12
12
12
12
12
12
12
12
12
12
12
12
12
12
12
12
12
12
12
12
12
12
12
12
12
12
12
12
12
12
12
12
12
12
12
12
12
12
12
12
12
12
12
12
12
12
12
12
12
12
12
12
12
12
12
12
12
12
12
12
12
12
12
12
12
12
12
12
12
12
12
12
12
12
12
12
12
12
12
12
12
12
12
12
12
12
12
12
12
12
12
12
12
12
12
12
12
12
12
12
12
12
12
12
12
12
12
9
9
9
9
9
9
9
9
9
9
9
9
9
9
9
9
9
9
9
9
9
9
9
9
9
9
9
9
9
9
9
9
9
9
9
9
9
9
9
9
9
9
9
9
9
9
9
9
9
9
9
9
9
9
9
9
9
9
9
9
9
9
9
9
9
9
9
9
9
9
9
9
9
9
9
9
9
9
9
9
9
9
9
9
9
9
9
9
9
9
9
9
9
9
9
9
9
9
9
9
9
9
9
9
9
9
9
9
9
9
9
9
9
9
9
9
9
9
9
9
9
9
9
9
9
9
9
9
9
9
9
9
9
9
9
9
9
9
9
9
9
9
9
9
9
9
9
9
9
9
9
9
9
9
9
9
9
9
9
9
9
9
9
9
9
9
9
9
9
9
9
9
9
9
9
9
9
9
9
9
9
9
9
9
9
9
9
9
9
9
9
9
9
9
9
9
9
9
9
9
9
9
9
9
9
9
9
9
9
9
9
9
9
9
9
9
9
9
9
9
9
9
9
9
9
9
9
9
9
9
9
9
9
9
9
9
9
9
9
9
9
9
9
9
9
9
9
9
9
9
9
9
9
9
9
9
9
9
9
9
9
9
9
9
9
9
9
9
9
9
9
9
9
9
9
9
9
9
9
9
9
9
9
9
9
9
9
9
9
9
9
9
9
9
9
9
9
9
9
9
9
9
9
9
9
9
9
9
9
9
9
9
9
9
9
9
9
9
9
9
9
9
9
9
9
9
9
9
9
9
9
9
9
9
9
9
9
9
9
9
9
9
9
9
9
9
9
9
9
9
9
9
9
9
9
9
9
9
9
9
9
9
9
9
9
9
9
9
9
9
9
9
9
9
9
9
9
9
9
9
9
9
9
9
9
9
9
9
9
9
9
9
9
9
9
9
9
9
9
9
9
9
9
9
9
9
9
9
9
9
9
9
9
9
9
9
9
9
9
9
9
9
9
9
9
9
9
9
9
9
9
9
9
9
9
9
9
9
9
9
9
9
9
9
9
9
9
9
9
9
9
9
9
9
9
9
9
9
9
9
9
9
9
9
9
9
9
9
9
9
9
9
9
9
9
9
9
9
9
9
9
9
9
9
9
9
9
9
9
9
9
9
9
9
9
9
9
9
9
9
9
9
9
9
9
9
9
9
9
9
9
9
9
9
9
9
9
9
9
9
9
9
9
9
9
9
9
9
9
9
9
9
9
9
9
9
9
9
9
9
9
9
9
9
9
9
9
9
9
9
9
9
9
9
9
9
9
9
9
9
9
9
9
9
9
9
9
9
9
9
9
9
9
9
9
9
9
9
9
9
9
9
9
9
9
9
9
9
9
9
9
9
9
9
9
9
9
9
9
9
9
9
9
9
9
9
9
9
9
9
9
9
9
9
9
9
9
9
9
9
9
9
9
9
9
9
9
9
9
9
9
9
9
9
9
9
9
9
9
9
9
9
9
9
9
9
9
9
9
9
9
9
9
9
9
9
9
9
9
9
9
9
9
9
9
9
9
9
9
9
9
9
9
9
9
9
9
9
9
9
9
9
9
9
9
9
9
9
9
9
9
9
9
9
9
9
9
9
9
9
9
9
9
9
9
9
9
9
9
9
9
9
9
9
9
9
9
9
9
9
9
9
9
9
9
9
9
9
9
9
9
9
9
9
9
9
9
9
9
9
9
9
9
9
9
9
9
9
9
9
9
9
9
9
9
9
9
9
9
9
9
9
9
9
9
9
9
9
9
9
9
9
9
9
9
9
9
9
9
9
9
9
9
9
9
9
9
9
9
9
9
9
9
9
9
9
9
9
9
9
9
9
9
9
9
9
9
9
9
9
9
9
9
9
9
9
9
9
9
9
9
9
9
9
9
9
9
9
9
9
9
9
9
9
9
9
9
9
9
9
9
9
9
9
9
9
9
9
9
9
9
9
9
9
9
9
9
9
9
9
9
9
9
9
9
9
9
9
9
9
9
9
9
9
9
9
9
9
9
9
9
9
9
9
9
9
9
9
9
9
9
9
9
9
9
9
9
9
9
9
9
9
9
9
9
9
9
9
9
9
9
9
9
9
9
9
9
9
9
9
9
9
9
9
9
9
9
9
9
9
9
9
9
9
9
9
9
9
9
9
9
9
9
9
9
9
9
9
9
9
9
9
9
9
9
9
9
9
9
9
9
9
9
9
9
9
9
9
9
9
9
9
9
9
9
9
9
9
9
9
9
9
9
9
9
9
9
9
9
9
9
9
9
9
9
9
9
9
9
9
9
9
9
9
9
9
9
9
9
9
9
9
9
9
9
9
9
9
9
9
9
9
9
9
9
9
9
9
9
9
9
9
9
9
9
9
9
9
9
9
9
9
9
9
9
9
9
9
9
9
9
9
9
9
9
9
9
9
9
9
9
9
9
9
9
9
9
9
9
9
9
9
9
9
9
9
9
9
9
9
9
9
9
9
9
9
9
9
9
9
9
9
9
9
9
9
9
9
9
9
9
9
9
9
9
9
9
9
9
9
9
9
9
9
9
9
9
9
9
9
9
9
9
9
9
9
9
9
9
9
9
9
9
9
9
9
9
9
9
9
9
9
9
9
9
9
9
9
9
9
9
9
9
9
9
9
9
9
9
9
9
9
9
9
9
9
9
9
9
9
9
9
9
9
9
9
9
9
9
9
9
9
9
9
9
9
9
9
9
9
9
9
9
9
9
9
9
9
9
9
9
9
9
9
9
9
9
9
9
9
9
9
9
9
9
9
9
9
9
9
9
9
9
9
9
9
9
9
9
9
9
9
9
9
9
9
9
9
9
9
9
9
9
9
9
9
9
9
9
9
9
9
9
9
9
9
9
9
9
9
9
9
9
9
9
9
9
9
9
9
9
9
9
9
9
9
9
9
9
9
9
9
9
9
9
9
9
9
9
9
9
9
9
9
9
9
9
9
9
9
9
9
9
9
9
9
9
9
9
9
9
9
9
9
9
9
9
9
9
9
9
9
9
9
9
9
9
9
9
9
9
9
9
9
9
9
9
9
9
9
9
9
9
9
9
9
9
9
9
9
9
9
9
9
9
9
9
9
9
9
9
9
9
9
9
9
9
9
9
9
9
9
9
9
9
9
9
9
9
9
9
9
9
9
9
9
9
9
9
9
9
9
9
9
9
9
9
9
9
9
9
9
9
9
9
9
9
9
9
9
9
9
9
9
9
9
9
9
9
9
9
9
9
9
9
9
9
9
9
9
9
9
9
9
9
9
9
9
9
9
9
9
9
9
9
9
9
9
9
9
9
9
9
9
9
9
9
9
9
9
9
9
9
9
9
9
9
9
9
9
9
9
9
9
9
9
9
9
9
9
9
9
9
9
9
9
9
9
9
9
9
9
9
9
9
9
9
9
9
9
9
9
9
9
9
9
9
9
9
9
9
9
9
9
9
9
9
9
9
9
9
9
9
9
9
9
9
9
9
9
9
9
9
9
9
9
9
9
9
9
9
9
9
9
9
9
9
9
9
9
9
9
9
9
9
9
9
9
9
9
9
9
9
9
9
9
9
9
9
9
9
9
9
9
9
9
9
9
9
9
9
9
9
9
9
9
9
9
9
9
9
9
9
9
9
9
9
9
9
9
9
9
9
9
9
9
9
9
9
9
9
9
9
9
9
9
9
9
9
9
9
9
9
9
9
9
9
9
9
9
9
9
9
9
9
9
9
9
9
9
9
9
9
9
9
9
9
9
9
9
9
9
9
9
9
9
9
9
9
9
9
9
9
9
9
9
9
9
9
9
9
9
9
9
9
9
9
9
9
9
9
9
9
9
9
9
9
9
9
9
9
9
9
9
9
9
9
9
9
9
9
9
9
9
9
9
9
9
9
9
9
9
9
9
9
9
9
9
9
9
9
9
9
9
9
9
9
9

CELL_DATA 4928
SCALARS region_id int 1
LOOKUP_TABLE default
5
5
5
5
5
5
5
5
5
5
5
5
5
5
5
5
5
5
5
5
5
5
5
5
5
5
5
5
5
5
5
5
5
5
5
5
5
5
5
5
5
5
5
5
5
5
5
5
5
5
5
5
5
5
5
5
5
5
5
5
5
5
5
5
5
5
5
5
5
5
5
5
5
5
5
5
5
5
5
5
5
5
5
5
5
5
5
5
5
5
5
5
5
5
5
5
5
5
5
5
5
5
5
5
5
5
5
5
5
5
5
5
5
5
5
5
5
5
5
5
5
5
5
5
5
5
5
5
5
5
5
5
5
5
5
5
5
5
5
5
5
5
5
5
5
5
5
5
5
5
5
5
5
5
5
5
5
5
5
5
5
5
5
5
5
5
5
5
5
5
5
5
5
5
5
5
5
5
5
5
5
5
5
5
5
5
5
5
5
5
5
5
5
5
5
5
5
5
5
5
5
5
5
5
5
5
5
5
5
5
5
5
5
5
5
5
5
5
5
5
5
5
5
5
5
5
5
5
5
5
5
5
5
5
5
5
5
5
5
5
5
5
5
5
5
5
5
5
5
5
5
5
5
5
5
5
5
5
5
5
5
5
5
5
5
5
5
5
5
5
5
5
5
5
5
5
5
5
5
5
5
5
5
5
5
5
5
5
5
5
5
5
5
5
5
5
5
5
5
5
5
5
5
5
5
5
5
5
5
5
5
5
5
5
5
5
5
5
5
5
5
5
5
5
5
5
5
5
5
5
5
5
5
5
5
5
5
5
5
5
5
5
5
5
5
5
5
5
5
5
5
5
5
5
5
5
5
5
5
5
5
5
5
5
5
5
5
5
5
5
5
5
5
5
5
5
5
5
5
5
5
5
5
5
5
5
5
5
5
5
5
5
5
5
5
5
5
5
5
5
5
5
5
5
5
5
5
5
5
5
5
5
5
5
5
5
5
5
5
5
5
5
5
5
5
5
5
5
5
5
5
5
5
5
5
5
5
5
5
5
5
5
5
5
5
5
5
5
5
5
5
5
5
5
5
5
5
5
5
5
5
5
5
5
5
5
5
5
5
5
5
5
5
5
5
5
5
5
5
5
5
5
5
5
5
5
5
5
5
5
5
5
5
5
5
5
5
5
5
5
5
5
5
5
5
5
5
5
5
5
5
5
5
5
5
5
5
5
5
5
5
5
5
5
5
5
5
5
5
5
5
5
5
5
5
5
5
5
5
5
5
5
5
5
5
5
5
5
5
5
5
5
5
5
5
5
5
5
5
5
5
5
5
5
5
5
5
5
5
5
5
5
5
5
5
5
5
5
5
5
5
5
5
5
5
5
5
5
5
5
5
5
5
5
5
5
5
5
5
5
5
5
5
5
5
5
5
5
5
5
5
5
5
5
5
5
5
5
5
5
5
5
5
5
5
5
5
5
5
5
5
5
5
5
5
5
5
5
5
5
5
5
5
5
5
5
5
5
5
5
5
5
5
5
5
5
5
5
5
5
5
5
5
5
5
5
5
5
5
5
5
5
5
5
5
5
5
5
5
5
5
5
5
5
5
5
5
5
5
5
5
5
5
5
5
5
5
5
5
5
5
5
5
5
5
5
5
5
5
5
5
5
5
5
5
5
5
5
5
5
5
5
5
5
5
5
5
5
5
5
5
5
5
5
5
5
5
5
5
5
5
5
5
5
5
5
5
5
5
5
5
5
5
5
5
5
5
5
5
5
5
5
5
5
5
5
5
5
5
5
5
5
5
5
5
5
5
5
5
5
5
5
5
5
5
5
5
5
5
5
5
5
5
5
5
5
5
5
5
5
5
5
5
5
5
5
5
5
5
5
5
5
5
5
5
5
5
5
5
5
5
5
5
5
5
5
5
5
5
5
5
5
5
5
5
5
5
5
5
5
5
5
5
5
5
5
5
5
5
5
5
5
5
5
5
5
5
5
5
5
5
5
5
5
5
5
5
5
5
5
5
5
5
5
5
5
5
5
5
5
5
5
5
5
5
5
5
5
5
5
5
5
5
5
5
5
5
5
5
5
5
5
5
5
5
5
5
5
5
5
5
5
5
5
5
5
5
5
5
5
5
5
5
5
5
5
5
5
5
5
5
5
5
5
5
5
5
5
5
5
5
5
5
5
5
5
5
5
5
5
5
5
5
5
5
5
5
5
5
5
5
5
5
5
5
5
5
5
5
5
5
5
5
5
5
5
5
5
5
5
5
5
5
5
5
5
5
5
5
5
5
5
5
5
5
5
5
5
5
5
5
5
5
5
5
5
5
5
5
5
5
5
5
5
5
5
5
5
5
5
5
5
5
5
5
5
5
5
5
5
5
5
5
5
5
5
5
5
5
5
5
5
5
5
5
5
5
5
5
5
5
5
5
5
5
5
5
5
5
5
5
5
5
5
5
5
5
5
5
5
5
5
5
5
5
5
5
5
5
5
5
5
5
5
5
5
5
5
5
5
5
5
5
5
5
5
5
5
5
5
5
5
5
5
5
5
5
5
5
5
5
5
5
5
5
5
5
5
5
5
5
5
5
5
5
5
5
5
5
5
5
5
5
5
5
5
5
5
5
5
5
5
5
5
5
5
5
5
5
5
5
5
5
5
5
5
5
5
5
5
5
5
5
5
5
5
5
5
5
5
5
5
5
5
5
5
5
5
5
5
5
5
5
5
5
5
5
5
5
5
5
5
5
5
5
5
5
5
5
5
5
5
5
5
5
5
5
5
5
5
5
5
5
5
5
5
5
5
5
5
5
5
5
5
5
5
5
5
5
5
5
5
5
5
5
5
5
5
5
5
5
5
5
5
5
5
5
5
5
5
5
5
5
5
5
5
5
5
5
5
5
5
5
5
5
5
5
5
5
5
5
5
5
5
5
5
5
5
5
5
5
5
5
5
5
5
5
5
5
5
5
5
5
5
5
5
5
5
5
5
5
5
5
5
5
5
5
5
5
5
5
5
5
5
5
5
5
5
5
5
5
5
5
5
5
5
5
5
5
5
5
5
5
5
5
5
5
5
5
5
5
5
5
5
5
5
5
5
5
5
5
5
5
5
5
5
5
5
5
5
5
5
5
5
5
5
5
5
5
5
5
5
5
5
5
5
5
5
5
5
5
5
5
5
5
5
5
5
5
5
5
5
5
5
5
5
5
5
5
5
5
5
5
5
5
5
5
5
5
5
5
5
5
5
5
5
5
5
5
5
5
5
5
5
5
5
5
5
5
5
5
5
5
5
5
5
5
5
5
5
5
5
5
5
5
5
5
5
5
5
5
5
5
5
5
5
5
5
5
5
5
5
5
5
5
5
5
5
5
5
5
5
5
5
5
5
5
5
5
5
5
5
5
5
5
5
5
5
5
5
5
5
5
5
5
5
5
5
5
5
5
5
5
5
5
5
5
5
5
5
5
5
5
5
5
5
5
5
5
5
5
5
5
5
5
5
5
5
5
5
5
5
5
5
5
5
5
5
5
5
5
5
5
5
5
5
5
5
5
5
5
5
5
5
5
5
5
5
5
5
5
5
5
5
5
5
5
5
5
5
5
5
5
5
5
5
5
5
5
5
5
5
5
5
5
5
5
5
5
5
5
5
5
5
5
5
5
5
5
5
5
5
5
5
5
5
5
5
5
5
5
5
5
5
5
5
5
5
5
5
5
5
5
5
5
5
5
5
5
5
5
5
5
5
5
5
5
5
5
5
5
5
5
5
5
5
5
5
5
5
5
5
5
5
5
5
5
5
5
5
5
5
5
5
5
5
5
5
5
5
5
5
5
5
5
5
5
5
5
5
5
5
5
5
5
5
5
5
5
5
5
5
5
5
5
5
5
5
5
5
5
5
5
5
5
5
5
5
5
5
5
5
5
5
5
5
5
5
5
5
5
5
5
5
5
5
5
5
5
5
5
5
5
5
5
5
5
5
5
5
5
5
5
5
5
5
5
5
5
5
5
5
5
5
5
5
5
5
5
5
5
5
5
5
5
5
5
5
5
5
5
5
5
5
5
5
5
5
5
5
5
5
5
5
5
5
5
5
5
5
5
5
5
5
5
5
5
5
5
5
5
5
5
5
5
5
5
5
5
5
5
5
5
5
5
5
5
5
5
5
5
5
5
5
5
5
5
5
5
5
5
5
5
5
5
5
5
5
5
5
5
5
5
5
5
5
5
5
5
5
5
5
5
5
5
5
5
5
5
5
5
5
5
5
5
5
5
5
5
5
5
5
5
5
5
5
5
5
5
5
5
5
5
5
5
5
5
5
5
5
5
5
5
5
5
5
5
5
5
5
5
5
5
5
5
5
5
5
5
5
5
5
5
5
5
5
5
5
5
5
5
5
5
5
5
5
5
5
5
5
5
5
5
5
5
5
5
5
5
5
5
5
5
5
5
5
5
5
5
5
5
5
5
5
5
5
5
5
5
5
5
5
5
5
5
5
5
5
5
5
5
5
5
5
5
5
5
5
5
5
5
5
5
5
5
5
5
5
5
5
5
5
5
5
5
5
5
5
5
5
5
5
5
5
5
5
5
5
5
5
5
5
5
5
5
5
5
5
5
5
5
5
5
5
5
5
5
5
5
5
5
5
5
5
5
5
5
5
5
5
5
5
5
5
5
5
5
5
5
5
5
5
5
5
5
5
5
5
5
5
5
5
5
5
5
5
5
5
5
5
5
5
5
5
5
5
5
5
5
5
5
5
5
5
5
5
5
5
5
5
5
5
5
5
5
5
5
5
5
5
5
5
5
5
5
5
5
5
5
5
5
5
5
5
5
5
5
5
5
5
5
5
5
5
5
5
5
5
5
5
5
5
5
5
5
5
5
5
5
5
5
5
5
5
5
5
5
5
5
5
5
5
5
5
5
5
5
5
5
5
5
5
5
5
5
5
5
5
5
5
5
5
5
5
5
5
5
5
5
5
5
5
5
5
5
5
5
5
5
5
5
5
5
5
5
5
5
5
5
5
5
5
5
5
5
5
5
5
5
5
5
5
5
5
5
5
5
5
5
5
5
5
5
5
5
5
5
5
5
5
5
5
5
5
5
5
5
5
5
5
5
5
5
5
5
5
5
5
5
5
5
5
5
5
5
5
5
5
5
5
5
5
5
5
5
5
5
5
5
5
5
5
5
5
5
5
5
5
5
5
5
5
5
5
5
5
5
5
5
5
5
5
5
5
5
5
5
5
5
5
5
5
5
5
5
5
5
5
5
5
5
5
5
5
5
5
5
5
5
5
5
5
5
5
5
5
5
5
5
5
5
5
5
5
5
5
5
5
5
5
5
5
5
5
5
5
5
5
5
5
5
5
5
5
5
5
5
5
5
5
5
5
5
5
5
5
5
5
5
5
5
5
5
5
5
5
5
5
5
5
5
5
5
5
5
5
5
5
5
5
5
5
5
5
5
5
5
5
5
5
5
5
5
5
5
5
5
5
5
5
5
5
5
5
5
5
5
5
5
5
5
5
5
5
5
5
5
5
5
5
5
5
5
5
5
5
5
5
5
5
5
5
5
5
5
5
5
5
5
5
5
5
5
5
5
5
5
5
5
5
5
5
5
5
5
5
5
5
5
5
5
5
5
5
5
5
5
5
5
5
5
5
5
5
5
5
5
5
5
5
5
5
5
5
5
5
5
5
5
5
5
5
5
5
5
5
5
5
5
5
5
5
5
5
5
5
5
5
5
5
5
5
5
5
5
5
5
5
5
5
5
5
5
5
5
5
5
5
5
5
5
5
5
5
5
5
5
5
5
5
5
5
5
5
5
5
5
5
5
5
5
5
5
5
5
5
5
5
5
5
5
5
5
5
5
5
5
5
5
5
5
5
5
5
5
5
5
5
5
5
5
5
5
5
5
5
5
5
5
5
5
5
5
5
5
5
5
5
5
5
5
5
5
5
5
5
5
5
5
5
5
5
5
5
5
5
5
5
5
5
5
5
5
5
5
5
5
5
5
5
5
5
5
5
5
5
5
5
5
5
5
5
5
5
5
5
5
5
5
5
5
5
5
5
5
5
5
5
5
5
5
5
5
5
5
5
5
5
5
5
5
5
5
5
5
5
5
5
5
5
5
5
5
5
5
5
5
5
5
5
5
5
5
5
5
5
5
5
5
5
5
5
5
5
5
5
5
5
5
5
5
5
5
5
5
5
5
5
5
5
5
5
5
5
5
5
5
5
5
5
5
5
5
5
5
5
5
5
5
5
5
5
5
5
5
5
5
5
5
5
5
5
5
5
5
5
5
5
5
5
5
5
5
5
5
5
5
5
5
5
5
5
5
5
5
5
5
5
5
5
5
5
5
5
5
5
5
5
5
5
5
5
5
5
5
5
5
5
5
5
5
5
5
5
5
5
5
5
5
5
5
5
5
5
5
5
5
5
5
5
5
5
5
5
5
5
5
5
5
5
5
5
5
5
5
5
5
5
5
5
5
5
5
5
5
5
5
5
5
5
5
5
5
5
5
5
5
5
5
5
5
5
5
5
5
5
5
5
5
5
5
5
5
5
5
5
5
5
5
5
5
5
5
5
5
5
5
5
5
5
5
5
5
5
5
5
5
5
5
5
5
5
5
5
5
5
5
5
5
5
5
5
5
5
5
5
5
5
5
5
5
5
5
5
5
5
5
5
5
5
5
5
5
5
5
5
5
5
5
5
5
5
5
5
5
5
5
5
5
5
5
5
5
5
5
5
5
5
5
5
5
5
5
5
5
5
5
5
5
5
5
5
5
5
5
5
5
5
5
5
5
5
5
5
5
5
5
5
5
5
5
5
5
5
5
5
5
5
5
5
5
5
5
5
5
5
5
5
5
5
5
5
5
5
5
5
5
5
5
5
5
5
5
5
5
5
5
5
5
5
5
5
5
5
5
5
5
5
5
5
5
5
5
5
5
5
5
5
5
5
5
5
5
5
5
5
5
5
5
5
5
5
5
5
5
5
5
5
5
5
5
5
5
5
5
5
5
5
5
5
5
5
5
5
5
5
5
5
5
5
5
5
5
5
5
5
5
5
5
5
5
5
5
5
5
5
5
5
5
5
5
5
5
5
5
5
5
5
5
5
5
5
5
5
5
5
5
5
5
5
5
5
5
5
5
5
5
5
5
5
5
5
5
5
5
5
5
5
5
5
5
5
5
5
5
5
5
5
5
5
5
5
5
5
5
5
5
5
5
5
5
5
5
5
5
5
5
5
5
5
5
5
5
5
5
5
5
5
5
5
-1
-1
-1
-1
-1
-1
-1
-1
-1
-1
-1
-1
-1
-1
-1
-1
-1
-1
-1
-1
-1
-1
-1
-1
-1
-1
-1
-1
-1
-1
-1
-1
-1
-1
-1
-1
-1
-1
-1
-1
-1
-1
-1
-1
-1
-1
-1
-1
-1
-1
-1
-1
-1
-1
-1
-1
-1
-1
-1
-1
-1
-1
-1
-1
-1
-1
-1
-1
-1
-1
-1
-1
-1
-1
-1
-1
-1
-1
-1
-1
-1
-1
-1
-1
-1
-1
-1
-1
-1
-1
-1
-1
-1
-1
-1
-1
-1
-1
-1
-1
-1
-1
-1
-1
-1
-1
-1
-1
-1
-1
-1
-1
-1
-1
-1
-1
-1
-1
-1
-1
-1
-1
-1
-1
-1
-1
-1
-1
-1
-1
-1
-1
-1
-1
-1
-1
-1
-1
-1
-1
-1
-1
-1
-1
-1
-1
-1
-1
-1
-1
-1
-1
-1
-1
-1
-1
-1
-1
-1
-1
-1
-1
-1
-1
-1
-1
-1
-1
-1
-1
-1
-1
-1
-1
-1
-1
-1
-1
-1
-1
-1
-1
-1
-1
-1
-1
-1
-1
-1
-1
-1
-1
-1
-1
-1
-1
-1
-1
-1
-1
-1
-1
-1
-1
-1
-1
-1
-1
-1
-1
-1
-1
-1
-1
-1
-1
-1
-1
-1
-1
-1
-1
-1
-1
-1
-1
-1
-1
-1
-1
-1
-1
-1
-1
-1
-1
-1
-1
-1
-1
-1
-1
-1
-1
-1
-1
-1
-1
-1
-1
-1
-1
-1
-1
-1
-1
-1
-1
-1
-1
-1
-1
-1
-1
-1
-1
-1
-1
-1
-1
-1
-1
-1
-1
-1
-1
-1
-1
-1
-1
-1
-1
-1
-1
-1
-1
-1
-1
-1
-1
-1
-1
-1
-1
-1
-1
-1
-1
-1
-1
-1
-1
-1
-1
-1
-1
-1
-1
-1
-1
-1
-1
-1
-1
-1
-1
-1
-1
-1
-1
-1
-1
-1
-1
-1
-1
-1
-1
-1
-1
-1
-1
-1
-1
-1
-1
-1
-1
-1
-1
-1
-1
-1
-1
-1
-1
-1
-1
-1
-1
-1
-1
-1
-1
-1
-1
-1
-1
-1
-1
-1
-1
-1
-1
-1
-1
-1
-1
-1
-1
-1
-1
-1
-1
-1
-1
-1
-1
-1
-1
-1
-1
-1
-1
-1
-1
-1
-1
-1
-1
-1
-1
-1
-1
-1
-1
-1
-1
-1
-1
-1
-1
-1
-1
-1
-1
-1
-1
-1
-1
-1
-1
-1
-1
-1
-1
-1
-1
-1
-1
-1
-1
-1
-1
-1
-1
-1
-1
-1
-1
-1
-1
-1
-1
-1
-1
-1
-1
-1
-1
-1
-1
-1
-1
-1
-1
-1
-1
-1
-1
-1
-1
-1
-1
-1
-1
-1
-1
-1
-1
-1
-1
-1
-1
-1
-1
-1
-1
-1
-1
-1
-1
-1
-1
-1
-1
-1
-1
-1
-1
-1
-1
-1
-1
-1
-1
-1
-1
-1
-1
-1
-1
-1
-1
-1
-1
-1
-1
-1
-1
-1
-1
-1
-1
-1
-1
-1
-1
-1
-1
-1
-1
-1
-1
-1
-1
-1
-1
-1
-1
-1
-1
-1
-1
-1
-1
-1
-1
-1
-1
-1
-1
-1
-1
-1
-1
-1
-1
-1
-1
-1
-1
-1
-1
-1
-1
-1
-1
-1
-1
-1
-1
-1
-1
-1
-1
-1
-1
-1
-1
-1
-1
-1
-1
-1
-1
-1
-1
-1
-1
-1
-1
-1
-1
-1
-1
-1
-1
-1
-1
-1
-1
-1
-1
-1
-1
-1
-1
-1
-1
-1
-1
-1
-1
-1
-1
-1
-1
-1
-1
-1
-1
-1
-1
-1
-1
-1
-1
-1
-1
-1
-1
-1
-1
-1
-1
-1
-1
-1
-1
-1
-1
-1
-1
-1
-1
-1
-1
-1
-1
-1
-1
-1
-1
-1
-1
-1
-1
-1
-1
-1
-1
-1
-1
-1
-1
-1
-1
-1
-1
-1
-1
-1
-1
-1
-1
-1
-1
-1
-1
-1
-1
-1
-1
-1
-1
-1
-1
-1
-1
-1
-1
-1
-1
-1
-1
-1
-1
-1
-1
-1
-1
-1
-1
-1
-1
-1
-1
-1
-1
-1
-1
-1
-1
-1
-1
-1
-1
-1
-1
-1
-1
-1
-1
-1
-1
-1
-1
-1
-1
-1
-1
-1
-1
-1
-1
-1
-1
-1
-1
-1
-1
-1
-1
-1
-1
-1
-1
-1
-1
-1
-1
-1
-1
-1
-1
-1
-1
-1
-1
-1
-1
-1
-1
-1
-1
-1
-1
-1
-1
-1
-1
-1
-1
-1
-1
-1
-1
-1
-1
-1
-1
-1
-1
-1
-1
-1
-1
-1
-1
-1
-1
-1
-1
-1
-1
-1
-1
-1
-1
-1
-1
-1
-1
-1
-1
-1
-1
-1
-1
-1
-1
-1
-1
-1
-1
-1
-1
-1
-1
-1
-1
-1
-1
-1
-1
-1
-1
-1
-1
-1
-1
-1
-1
-1
-1
-1
-1
-1
-1
-1
-1
-1
-1
-1
-1
-1
-1
-1
-1
-1
-1
-1
-1
-1
-1
-1
-1
-1
-1
-1
-1
-1
-1
-1
-1
-1
-1
-1
-1
-1
-1
-1
-1
-1
-1
-1
-1
-1
-1
-1
-1
-1
-1
-1
-1
-1
-1
-1
-1
-1
-1
-1
-1
-1
-1
-1
-1
-1
-1
-1
-1
-1
-1
-1
-1
-1
-1
-1
-1
-1
-1
-1
-1
-1
-1
-1
-1
-1
-1
-1
-1
-1
-1
-1
-1
-1
-1
-1
-1
-1
-1
-1
-1
-1
-1
-1
-1
-1
-1
-1
-1
-1
-1
-1
-1
-1
-1
-1
-1
-1
-1
-1
-1
-1
-1
-1
-1
-1
-1
-1
-1
-1
-1
-1
-1
-1
-1
-1
-1
-1
-1
-1
-1
-1
-1
-1
-1
-1
-1
-1
-1
-1
-1
-1
-1
-1
-1
-1
-1
-1
-1
-1
-1
-1
-1
-1
-1
-1
-1
-1
-1
-1
-1
-1
-1
-1
-1
-1
-1
-1
-1
-1
-1
-1
-1
-1
-1
-1
-1
-1
-1
-1
-1
-1
-1
-1
-1
-1
-1
-1
-1
-1
-1
-1
-1
-1
-1
-1
-1
-1
-1
-1
-1
-1
-1
-1
-1
-1
-1
-1
-1
-1
-1
-1
-1
-1
-1
-1
-1
-1
-1
-1
-1
-1
-1
-1
-1
-1
-1
-1
-1
-1
-1
-1
-1
-1
-1
-1
-1
-1
-1
-1
-1
-1
-1
-1
-1
-1
-1
-1
-1
-1
-1
-1
-1
-1
-1
-1
-1
-1
-1
-1
-1
-1
-1
-1
-1
-1
-1
-1
-1
-1
-1
-1
-1
-1
-1
-1
-1
-1
-1
-1
-1
-1
-1
-1
-1
-1
-1
-1
-1
-1
-1
-1
-1
-1
-1
-1
-1
-1
-1
-1
-1
-1
-1
-1
-1
-1
-1
-1
-1
-1
-1
-1
-1
-1
-1
-1
-1
-1
-1
-1
-1
-1
-1
-1
-1
-1
-1
-1
-1
-1
-1
-1
-1
-1
-1
-1
-1
-1
-1
-1
-1
-1
-1
-1
-1
-1
-1
-1
-1
-1
-1
-1
-1
-1
-1
-1
-1
-1
-1
-1
-1
-1
-1
-1
-1
-1
-1
-1
-1
-1
-1
-1
-1
-1
-1
-1
-1
-1
-1
-1
-1
-1
-1
-1
-1
-1
-1
-1
-1
-1
-1
-1
-1
-1
-1
-1
-1
-1
-1
-1
-1
-1
-1
-1
-1
-1
-1
-1
-1
-1
-1
-1
-1
-1
-1
-1
-1
-1
-1
-1
-1
-1
-1
-1
-1
-1
-1
-1
-1
-1
-1
-1
-1
-1
-1
-1
-1
-1
-1
-1
-1
-1
-1
-1
-1
-1
-1
-1
-1
-1
-1
-1
-1
-1
-1
-1
-1
-1
-1
-1
-1
-1
-1
-1
-1
-1
-1
-1
-1
-1
-1
-1
-1
-1
-1
-1
-1
-1
-1
-1
-1
-1
-1
-1
-1
-1
-1
-1
-1
-1
-1
-1
-1
-1
-1
-1
-1
-1
-1
-1
-1
-1
-1
-1
-1
-1
-1
-1
-1
-1
-1
-1
-1
-1
-1
-1
-1
-1
-1
-1
-1
-1
-1
-1
-1
-1
-1
-1
-1
-1
-1
-1
-1
-1
-1
-1
-1
-1
-1
-1
-1
-1
-1
-1
-1
-1
-1
-1
-1
-1
-1
-1
-1
-1
-1
-1
-1
-1
-1
-1
-1
-1
-1
-1
-1
-1
-1
-1
-1
-1
-1
-1
-1
-1
-1
-1
-1
-1
-1
-1
-1
-1
-1
-1
-1
-1
-1
-1
-1
-1
-1
-1
-1
-1
-1
-1
-1
-1
-1
-1
-1
-1
-1
-1
-1
-1
-1
-1
-1
-1
-1
-1
-1
-1
-1
-1
-1
-1
-1
-1
-1
-1
-1
-1
-1
-1
-1
-1
-1
-1
-1
-1
-1
-1
-1
-1
-1
-1
-1
-1
-1
-1
-1
-1
-1
-1
-1
-1
-1
-1
-1
-1
-1
-1
-1
-1
-1
-1
-1
-1
-1
-1
-1
-1
-1
-1
-1
-1
-1
-1
-1
-1
-1
-1
-1
-1
-1
-1
-1
-1
-1
-1
-1
-1
-1
-1
-1
-1
-1
-1
-1
-1
-1
-1
-1
-1
-1
-1
-1
-1
-1
-1
-1
-1
-1
-1
-1
-1
-1
-1
-1
-1
-1
-1
-1
-1
-1
-1
-1
-1
-1
-1
-1
-1
-1
-1
-1
-1
-1
-1
-1
-1
-1
-1
-1
-1
-1
-1
-1
-1
-1
-1
-1
-1
-1
-1
-1
-1
-1
-1
-1
-1
-1
-1
-1
-1
-1
-1
-1
-1
-1
-1
-1
-1
-1
-1
-1
-1
-1
-1
-1
-1
-1
-1
-1
-1
-1
-1
-1
-1
-1
-1
-1
-1
-1
-1
-1
-1
-1
-1
-1
-1
-1
-1
-1
-1
-1
-1
-1
-1
-1
-1
-1
-1
-1
-1
-1
-1
-1
-1
-1
-1
-1
-1
-1
-1
-1
-1
-1
-1
-1
-1
-1
-1
-1
-1
-1
-1
-1
-1
-1
-1
-1
-1
-1
-1
-1
-1
-1
-1
-1
-1
-1
-1
-1
-1
-1
-1
-1
-1
-1
-1
-1
-1
-1
-1
-1
-1
-1
-1
-1
-1
-1
-1
-1
-1
-1
-1
-1
-1
-1
-1
-1
-1
-1
-1
-1
-1
-1
-1
-1
-1
-1
-1
-1
-1
-1
-1
-1
-1
-1
-1
-1
-1
-1
-1
-1
-1
-1
-1
-1
-1
-1
-1
-1
SCALARS cell_type int 1
LOOKUP_TABLE default
0
0
0
0
0
0
0
0
0
0
0
0
0
0
0
0
0
0
0
0
0
0
0
0
0
0
0
0
0
0
0
0
0
0
0
0
0
0
0
0
0
0
0
0
0
0
0
0
0
0
0
0
0
0
0
0
0
0
0
0
0
0
0
0
0
0
0
0
0
0
0
0
0
0
0
0
0
0
0
0
0
0
0
0
0
0
0
0
0
0
0
0
0
0
0
0
0
0
0
0
0
0
0
0
0
0
0
0
0
0
0
0
0
0
0
0
0
0
0
0
0
0
0
0
0
0
0
0
0
0
0
0
0
0
0
0
0
0
0
0
0
0
0
0
0
0
0
0
0
0
0
0
0
0
0
0
0
0
0
0
0
0
0
0
0
0
0
0
0
0
0
0
0
0
0
0
0
0
0
0
0
0
0
0
0
0
0
0
0
0
0
0
0
0
0
0
0
0
0
0
0
0
0
0
0
0
0
0
0
0
0
0
0
0
0
0
0
0
0
0
0
0
0
0
0
0
0
0
0
0
0
0
0
0
0
0
0
0
0
0
0
0
0
0
0
0
0
0
0
0
0
0
0
0
0
0
0
0
0
0
0
0
0
0
0
0
0
0
0
0
0
0
0
0
0
0
0
0
0
0
0
0
0
0
0
0
0
0
0
0
0
0
0
0
0
0
0
0
0
0
0
0
0
0
0
0
0
0
0
0
0
0
0
0
0
0
0
0
0
0
0
0
0
0
0
0
0
0
0
0
0
0
0
0
0
0
0
0
0
0
0
0
0
0
0
0
0
0
0
0
0
0
0
0
0
0
0
0
0
0
0
0
0
0
0
0
0
0
0
0
0
0
0
0
0
0
0
0
0
0
0
0
0
0
0
0
0
0
0
0
0
0
0
0
0
0
0
0
0
0
0
0
0
0
0
0
0
0
0
0
0
0
0
0
0
0
0
0
0
0
0
0
0
0
0
0
0
0
0
0
0
0
0
0
0
0
0
0
0
0
0
0
0
0
0
0
0
0
0
0
0
0
0
0
0
0
0
0
0
0
0
0
0
0
0
0
0
0
0
0
0
0
0
0
0
0
0
0
0
0
0
0
0
0
0
0
0
0
0
0
0
0
0
0
0
0
0
0
0
0
0
0
0
0
0
0
0
0
0
0
0
0
0
0
0
0
0
0
0
0
0
0
0
0
0
0
0
0
0
0
0
0
0
0
0
0
0
0
0
0
0
0
0
0
0
0
0
0
0
0
0
0
0
0
0
0
0
0
0
0
0
0
0
0
0
0
0
0
0
0
0
0
0
0
0
0
0
0
0
0
0
0
0
0
0
0
0
0
0
0
0
0
0
0
0
0
0
0
0
0
0
0
0
0
0
0
0
0
0
0
0
0
0
0
0
0
0
0
0
0
0
0
0
0
0
0
0
0
0
0
0
0
0
0
0
0
0
0
0
0
0
0
0
0
0
0
0
0
0
0
0
0
0
0
0
0
0
0
0
0
0
0
0
0
0
0
0
0
0
0
0
0
0
0
0
0
0
0
0
0
0
0
0
0
0
0
0
0
0
0
0
0
0
0
0
0
0
0
0
0
0
0
0
0
0
0
0
0
0
0
0
0
0
0
0
0
0
0
0
0
0
0
0
0
0
0
0
0
0
0
0
0
0
0
0
0
0
0
0
0
0
0
0
0
0
0
0
0
0
0
0
0
0
0
0
0
0
0
0
0
0
0
0
0
0
0
0
0
0
0
0
0
0
0
0
0
0
0
0
0
0
0
0
0
0
0
0
0
0
0
0
0
0
0
0
0
0
0
0
0
0
0
0
0
0
0
0
0
0
0
0
0
0
0
0
0
0
0
0
0
0
0
0
0
0
0
0
0
0
0
0
0
0
0
0
0
0
0
0
0
0
0
0
0
0
0
0
0
0
0
0
0
0
0
0
0
0
0
0
0
0
0
0
0
0
0
0
0
0
0
0
0
0
0
0
0
0
0
0
0
0
0
0
0
0
0
0
0
0
0
0
0
0
0
0
0
0
0
0
0
0
0
0
0
0
0
0
0
0
0
0
0
0
0
0
0
0
0
0
0
0
0
0
0
0
0
0
0
0
0
0
0
0
0
0
0
0
0
0
0
0
0
0
0
0
0
0
0
0
0
0
0
0
0
0
0
0
0
0
0
0
0
0
0
0
0
0
0
0
0
0
0
0
0
0
0
0
0
0
0
0
0
0
0
0
0
0
0
0
0
0
0
0
0
0
0
0
0
0
0
0
0
0
0
0
0
0
0
0
0
0
0
0
0
0
0
0
0
0
0
0
0
0
0
0
0
0
0
0
0
0
0
0
0
0
0
0
0
0
0
0
0
0
0
0
0
0
0
0
0
0
0
0
0
0
0
0
0
0
0
0
0
0
0
0
0
0
0
0
0
0
0
0
0
0
0
0
0
0
0
0
0
0
0
0
0
0
0
0
0
0
0
0
0
0
0
0
0
0
0
0
0
0
0
0
0
0
0
0
0
0
0
0
0
0
0
0
0
0
0
0
0
0
0
0
0
0
0
0
0
0
0
0
0
0
0
0
0
0
0
0
0
0
0
0
0
0
0
0
0
0
0
0
0
0
0
0
0
0
0
0
0
0
0
0
0
0
0
0
0
0
0
0
0
0
0
0
0
0
0
0
0
0
0
0
0
0
0
0
0
0
0
0
0
0
0
0
0
0
0
0
0
0
0
0
0
0
0
0
0
0
0
0
0
0
0
0
0
0
0
0
0
0
0
0
0
0
0
0
0
0
0
0
0
0
0
0
0
0
0
0
0
0
0
0
0
0
0
0
0
0
0
0
0
0
0
0
0
0
0
0
0
0
0
0
0
0
0
0
0
0
0
0
0
0
0
0
0
0
0
0
0
0
0
0
0
0
0
0
0
0
0
0
0
0
0
0
0
0
0
0
0
0
0
0
0
0
0
0
0
0
0
0
0
0
0
0
0
0
0
0
0
0
0
0
0
0
0
0
0
0
0
0
0
0
0
0
0
0
0
0
0
0
0
0
0
0
0
0
0
0
0
0
0
0
0
0
0
0
0
0
0
0
0
0
0
0
0
0
0
0
0
0
0
0
0
0
0
0
0
0
0
0
0
0
0
0
0
0
0
0
0
0
0
0
0
0
0
0
0
0
0
0
0
0
0
0
0
0
0
0
0
0
0
0
0
0
0
0
0
0
0
0
0
0
0
0
0
0
0
0
0
0
0
0
0
0
0
0
0
0
0
0
0
0
0
0
0
0
0
0
0
0
0
0
0
0
0
0
0
0
0
0
0
0
0
0
0
0
0
0
0
0
0
0
0
0
0
0
0
0
0
0
0
0
0
0
0
0
0
0
0
0
0
0
0
0
0
0
0
0
0
0
0
0
0
0
0
0
0
0
0
0
0
0
0
0
0
0
0
0
0
0
0
0
0
0
0
0
0
0
0
0
0
0
0
0
0
0
0
0
0
0
0
0
0
0
0
0
0
0
0
0
0
0
0
0
0
0
0
0
0
0
0
0
0
0
0
0
0
0
0
0
0
0
0
0
0
0
0
0
0
0
0
0
0
0
0
0
0
0
0
0
0
0
0
0
0
0
0
0
0
0
0
0
0
0
0
0
0
0
0
0
0
0
0
0
0
0
0
0
0
0
0
0
0
0
0
0
0
0
0
0
0
0
0
0
0
0
0
0
0
0
0
0
0
0
0
0
0
0
0
0
0
0
0
0
0
0
0
0
0
0
0
0
0
0
0
0
0
0
0
0
0
0
0
0
0
0
0
0
0
0
0
0
0
0
0
0
0
0
0
0
0
0
0
0
0
0
0
0
0
0
0
0
0
0
0
0
0
0
0
0
0
0
0
0
0
0
0
0
0
0
0
0
0
0
0
0
0
0
0
0
0
0
0
0
0
0
0
0
0
0
0
0
0
0
0
0
0
0
0
0
0
0
0
0
0
0
0
0
0
0
0
0
0
0
0
0
0
0
0
0
0
0
0
0
0
0
0
0
0
0
0
0
0
0
0
0
0
0
0
0
0
0
0
0
0
0
0
0
0
0
0
0
0
0
0
0
0
0
0
0
0
0
0
0
0
0
0
0
0
0
0
0
0
0
0
0
0
0
0
0
0
0
0
0
0
0
0
0
0
0
0
0
0
0
0
0
0
0
0
0
0
0
0
0
0
0
0
0
0
0
0
0
0
0
0
0
0
0
0
0
0
0
0
0
0
0
0
0
0
0
0
0
0
0
0
0
0
0
0
0
0
0
0
0
0
0
0
0
0
0
0
0
0
0
0
0
0
0
0
0
0
0
0
0
0
0
0
0
0
0
0
0
0
0
0
0
0
0
0
0
0
0
0
0
0
0
0
0
0
0
0
0
0
0
0
0
0
0
0
0
0
0
0
0
0
0
0
0
0
0
0
0
0
0
0
0
0
0
0
0
0
0
0
0
0
0
0
0
0
0
0
0
0
0
0
0
0
0
0
0
0
0
0
0
0
0
0
0
0
0
0
0
0
0
0
0
0
0
0
0
0
0
0
0
0
0
0
0
0
0
0
0
0
0
0
0
0
0
0
0
0
0
0
0
0
0
0
0
0
0
0
0
0
0
0
0
0
0
0
0
0
0
0
0
0
0
0
0
0
0
0
0
0
0
0
0
0
0
0
0
0
0
0
0
0
0
0
0
0
0
0
0
0
0
0
0
0
0
0
0
0
0
0
0
0
0
0
0
0
0
0
0
0
0
0
0
0
0
0
0
0
0
0
0
0
0
0
0
0
0
0
0
0
0
0
0
0
0
0
0
0
0
0
0
0
0
0
0
0
0
0
0
0
0
0
0
0
0
0
0
0
0
0
0
0
0
0
0
0
0
0
0
0
0
0
0
0
0
0
0
0
0
0
0
0
0
0
0
0
0
0
0
0
0
0
0
0
0
0
0
0
0
0
0
0
0
0
0
0
0
0
0
0
0
0
0
0
0
0
0
0
0
0
0
0
0
0
0
0
0
0
0
0
0
0
0
0
0
0
0
0
0
0
0
0
0
0
0
0
0
0
0
0
0
0
0
0
0
0
0
0
0
0
0
0
0
0
0
0
0
0
0
0
0
0
0
0
0
0
0
0
0
0
0
0
0
0
0
0
0
0
0
0
0
0
0
0
0
0
0
0
0
0
0
0
0
0
0
0
0
0
0
0
0
0
0
0
0
0
0
0
0
0
0
0
0
0
0
0
0
0
0
0
0
0
0
0
0
0
0
0
0
0
0
0
0
0
0
0
0
0
0
0
0
0
0
0
0
0
0
0
0
0
0
0
0
0
0
0
0
0
0
0
0
0
0
0
0
0
0
0
0
0
0
0
0
0
0
0
0
0
0
0
0
0
0
0
0
0
0
0
0
0
0
0
0
0
0
0
0
0
0
0
0
0
0
0
0
0
0
0
0
0
0
0
0
0
0
0
0
0
0
0
0
0
0
0
0
0
0
0
0
0
0
0
0
0
0
0
0
0
0
0
0
0
0
0
0
0
0
0
0
0
0
0
0
0
0
0
0
0
0
0
0
0
0
0
0
0
0
0
0
0
0
0
0
0
0
0
0
0
0
0
0
0
0
0
0
0
0
0
0
0
0
0
0
0
0
0
0
0
0
0
0
0
0
0
0
0
0
0
0
0
0
0
0
0
0
0
0
0
0
0
0
0
0
0
0
0
0
0
0
0
0
0
0
0
0
0
0
0
0
0
0
0
0
0
0
0
0
0
0
0
0
0
0
0
0
0
0
0
0
0
0
0
0
0
0
0
0
0
0
0
0
0
0
0
0
0
0
0
0
0
0
0
0
0
0
0
0
0
0
0
0
0
0
0
0
0
0
0
0
0
0
0
0
0
0
0
0
0
0
0
0
0
0
0
0
0
0
0
0
0
0
0
0
0
0
0
0
0
0
0
0
0
0
0
0
0
0
0
0
0
0
0
0
0
0
0
0
0
0
0
0
0
0
0
0
0
0
0
0
0
0
0
0
0
0
0
0
0
0
0
0
0
0
0
0
0
0
0
0
0
0
0
0
0
0
0
0
0
0
0
0
0
0
0
0
0
0
0
0
0
0
0
0
0
0
0
0
0
0
0
0
0
0
0
0
0
0
0
0
0
0
0
0
0
0
0
0
0
0
0
0
0
0
0
0
0
0
0
0
0
0
0
0
0
0
0
0
0
0
0
0
0
0
0
0
0
0
0
0
0
0
0
0
0
0
0
0
0
0
0
0
0
0
0
0
0
0
0
0
0
0
0
0
0
0
0
0
0
0
0
0
0
0
0
0
0
0
0
0
0
0
0
0
0
0
0
0
0
0
0
0
0
0
0
0
0
0
0
0
0
0
0
0
0
0
0
0
0
0
0
0
0
0
0
0
0
0
0
0
0
0
0
0
0
0
0
0
0
0
0
0
0
0
0
0
0
0
0
0
0
0
0
0
0
0
0
0
0
0
0
0
0
0
0
0
0
0
0
0
0
0
0
0
0
0
0
0
0
0
0
0
0
0
0
0
0
0
0
0
0
0
0
0
0
0
0
0
0
0
0
0
0
0
0
0
0
0
0
0
0
0
0
0
0
0
0
0
0
0
0
0
0
0
0
0
0
0
0
0
0
0
0
0
0
0
0
0
0
0
0
0
0
0
0
0
0
0
0
0
0
0
0
0
0
0
0
0
0
0
0
0
0
0
0
0
0
0
0
0
0
0
0
0
0
0
0
0
0
0
0
0
0
0
0
0
0
0
0
0
0
0
0
0
0
0
0
0
0
0
0
0
0
0
0
0
0
0
0
0
0
0
0
0
0
0
0
0
0
0
0
0
0
0
0
0
0
0
0
0
0
0
0
0
0
0
0
0
0
0
0
0
0
0
0
0
0
0
0
0
0
0
0
0
0
0
0
0
0
0
0
0
0
0
0
0
0
0
0
0
0
0
0
0
0
0
0
0
0
0
0
0
0
0
0
0
0
0
0
0
0
0
0
0
0
0
0
0
0
0
0
0
0
0
0
0
0
0
0
0
0
0
0
0
0
0
0
0
0
0
0
0
0
0
0
0
0
0
0
0
0
0
0
0
0
0
0
0
0
0
0
0
0
0
0
0
0
0
0
0
0
0
0
0
0
0
0
0
0
0
0
0
0
0
0
0
0
0
0
0
0
0
0
0
0
0
0
0
0
0
0
0
0
0
0
1
1
1
1
1
1
1
1
1
1
1
1
1
1
1
1
1
1
1
1
1
1
1
1
1
1
1
1
1
1
1
1
1
1
1
1
1
1
1
1
1
1
1
1
1
1
1
1
1
1
1
1
1
1
1
1
1
1
1
1
1
1
1
1
1
1
1
1
1
1
1
1
1
1
1
1
1
1
1
1
1
1
1
1
1
1
1
1
1
1
1
1
1
1
1
1
1
1
1
1
1
1
1
1
1
1
1
1
1
1
1
1
1
1
1
1
1
1
1
1
1
1
1
1
1
1
1
1
1
1
1
1
1
1
1
1
1
1
1
1
1
1
1
1
1
1
1
1
1
1
1
1
1
1
1
1
1
1
1
1
1
1
1
1
1
1
1
1
1
1
1
1
1
1
1
1
1
1
1
1
1
1
1
1
1
1
1
1
1
1
1
1
1
1
1
1
1
1
1
1
1
1
1
1
1
1
1
1
1
1
1
1
1
1
1
1
1
1
1
1
1
1
1
1
1
1
1
1
1
1
1
1
1
1
1
1
1
1
1
1
1
1
1
1
1
1
1
1
1
1
1
1
1
1
1
1
1
1
1
1
1
1
1
1
1
1
1
1
1
1
1
1
1
1
1
1
1
1
1
1
1
1
1
1
1
1
1
1
1
1
1
1
1
1
1
1
1
1
1
1
1
1
1
1
1
1
1
1
1
1
1
1
1
1
1
1
1
1
1
1
1
1
1
1
1
1
1
1
1
1
1
1
1
1
1
1
1
1
1
1
1
1
1
1
1
1
1
1
1
1
1
1
1
1
1
1
1
1
1
1
1
1
1
1
1
1
1
1
1
1
1
1
1
1
1
1
1
1
1
1
1
1
1
1
1
1
1
1
1
1
1
1
1
1
1
1
1
1
1
1
1
1
1
1
1
1
1
1
1
1
1
1
1
1
1
1
1
1
1
1
1
1
1
1
1
1
1
1
1
1
1
1
1
1
1
1
1
1
1
1
1
1
1
1
1
1
1
1
1
1
1
1
1
1
1
1
1
1
1
1
1
1
1
1
1
1
1
1
1
1
1
1
1
1
1
1
1
1
1
1
1
1
1
1
1
1
1
1
1
1
1
1
1
1
1
1
1
1
1
1
1
1
1
1
1
1
1
1
1
1
1
1
1
1
1
1
1
1
1
1
1
1
1
1
1
1
1
1
1
1
1
1
1
1
1
1
1
1
1
1
1
1
1
1
1
1
1
1
1
1
1
1
1
1
1
1
1
1
1
1
1
1
1
1
1
1
1
1
1
1
1
1
1
1
1
1
1
1
1
1
1
1
1
1
1
1
1
1
1
1
1
1
1
1
1
1
1
1
1
1
1
1
1
1
1
1
1
1
1
1
1
1
1
1
1
1
1
1
1
1
1
1
1
1
1
1
1
1
1
1
1
1
1
1
1
1
1
1
1
1
1
1
1
1
1
1
1
1
1
1
1
1
1
1
1
1
1
1
1
1
1
1
1
1
1
1
1
1
1
1
1
1
1
1
1
1
1
1
1
1
1
1
1
1
1
1
1
1
1
1
1
1
1
1
1
1
1
1
1
1
1
1
1
1
1
1
1
1
1
1
1
1
1
1
1
1
1
1
1
1
1
1
1
1
1
1
1
1
1
1
1
1
1
1
1
1
1
1
1
1
1
1
1
1
1
1
1
1
1
1
1
1
1
1
1
1
1
1
1
1
1
1
1
1
1
1
1
1
1
1
1
1
1
1
1
1
1
1
1
1
1
1
1
1
1
1
1
1
1
1
1
1
1
1
1
1
1
1
1
1
1
1
1
1
1
1
1
1
1
1
1
1
1
1
1
1
1
1
1
1
1
1
1
1
1
1
1
1
1
1
1
1
1
1
1
1
1
1
1
1
1
1
1
1
1
1
1
1
1
1
1
1
1
1
1
1
1
1
1
1
1
1
1
1
1
1
1
1
1
1
1
1
1
1
1
1
1
1
1
1
1
1
1
1
1
1
1
1
1
1
1
1
1
1
1
1
1
1
1
1
1
1
1
1
1
1
1
1
1
1
1
1
1
1
1
1
1
1
1
1
1
1
1
1
1
1
1
1
1
1
1
1
1
1
1
1
1
1
1
1
1
1
1
1
1
1
1
1
1
1
1
1
1
1
1
1
1
1
1
1
1
1
1
1
1
1
1
1
1
1
1
1
1
1
1
1
1
1
1
1
1
1
1
1
1
1
1
1
1
1
1
1
1
1
1
1
1
1
1
1
1
1
1
1
1
1
1
1
1
1
1
1
1
1
1
1
1
1
1
1
1
1
1
1
1
1
1
1
1
1
1
1
1
1
1
1
1
1
1
1
1
1
1
1
1
1
1
1
1
1
1
1
1
1
1
1
1
1
1
1
1
1
1
1
1
1
1
1
1
1
1
1
1
1
1
1
1
1
1
1
1
1
1
1
1
1
1
1
1
1
1
1
1
1
1
1
1
1
1
1
1
1
1
1
1
1
1
1
1
1
1
1
1
1
1
1
1
1
1
1
1
1
1
1
1
1
1
1
1
1
1
1
1
1
1
1
1
1
1
1
1
1
1
1
1
1
1
1
1
1
1
1
1
1
1
1
1
1
1
1
1
1
1
1
1
1
1
1
1
1
1
1
1
1
1
1
1
1
1
1
1
1
1
1
1
1
1
1
1
1
1
1
1
1
1
1
1
1
1
1
1
1
1
1
1
1
1
1
1
1
1
1
1
1
1
1
1
1
1
1
1
1
1
1
1
1
1
1
1
1
1
1
1
1
1
1
1
1
1
1
1
1
1
1
1
1
1
1
1
1
1
1
1
1
1
1
1
1
1
1
1
1
1
1
1
1
1
1
1
1
1
1
1
1
1
1
1
1
1
1
1
1
1
1
1
1
1
1
1
1
1
1
1
1
1
1
1
1
1
1
1
1
1
1
1
1
1
1
1
1
1
1
1
1
1
1
1
1
1
1
1
1
1
1
1
1
1
1
1
1
1
1
1
1
1
1
1
1
1
1
1
1
1
1
1
1
1
1
1
1
1
1
1
1
1
1
1
1
1
1
1
1
1
1
1
1
1
1
1
1
1
1
1
1
1
1
1
1
1
1
1
1
1
1
1
1
1
1
1
1
1
1
1
1
1
1
1
1
1
1
1
1
1
1
1
1
1
1
1
1
1
1
1
1
1
1
1
1
1
1
1
1
1
1
1
1
1
1
1
1
1
1
1
1
1
1
1
1
1
1
1
1
1
1
1
1
1
1
1
1
1
1
1
1
1
1
1
1
1
1
1
1
1
1
1
1
1
1
1
1
1
1
1
1
1
1
1
1
1
1
1
1
1
1
1
1
1
1
1
1
1
1
1
1
1
1
1
1
1
1
1
1
1
1
1
1
1
1
1
1
1
1
1
1
1
1
1
1
1
1
1
1
1
1
1
1
1
1
1
1
1
1
1
1
1
1
1
1
1
1
1
1
1
1
1
1
1
1
1
1
1
1
1
1
1
1
1
1
1
1
1
1
1
1
1
1
1
1
1
1
1
1
1
1
1
1
1
1
1
1
1
1
1
1
1
1
1
1
1
1
1
1
1
1
1
1
1
1
1
1
1
1
1
1
1
1
1
1
1
1
1
1
1
1
1
1
1
1
1
1
1
1
1
1
1
1
1
1
1
1
1
1
1
1
1
1
1
1
1
1
1
1
1
1
1
1
1
1
1
1
1
1
1
1
1
1
1
1
1
1
1
1
1
1
1
1
1
1
1
1
1
1
1
1
1
1
1
1
1
1
1
1
1
1
1
1
1
1
1
1
1
1
1
1
1
1
1
1
1
1
1
1
1
1
1
1
1
1
1
1
1
1
1
1
1
1
1
1
1
1
1
1
1
1
1
1
1
1
