[dtoo] host uc2n601.localdomain, job 6875491, 1 cores
[dtoo] repo /pfs/work9/workspace/scratch/st_ac136362-hex3d/domain_partition_3D
[dtoo] image /pfs/work9/workspace/scratch/st_ac136362-eigenfreq/enroot-images/dtOO.sqsh
[dtoo] container dtOO already unpacked, skipping
[dtoo] preflight ok
[dtoo] rootfs lock free
[dtoo] lock probe rc=0 (0 free, 1 busy, 124 stuck)
[dtoo] container step starting at 2026-09-12T08:43:28+02:00
[dtoo] container env ready, exporting
[dtoo] progress log: /repo/experimentell/hex3d_algohex/logs/export_progress_manual.log
[dtoo] case source: /dtOO/build/test/tistos
[dtoo] exporting machine_0001 2026-09-12T08:43:30+02:00
[sampler] draw skipped: all 64 machines carry params.json (export pass, scipy not needed here)
[sampler] exporting 1 meshes (dtOO, container only)
Warning : Gmsh has aleady been initialized
Warning : Gmsh has aleady been initialized
Warning : Gmsh has aleady been initialized
Warning : Gmsh has aleady been initialized
Warning : Gmsh has aleady been initialized
Warning : Gmsh has aleady been initialized
Warning : Gmsh has aleady been initialized
Warning : Gmsh has aleady been initialized
Warning : Gmsh has aleady been initialized
Warning : Gmsh has aleady been initialized
Warning : Gmsh has aleady been initialized
Warning : Gmsh has aleady been initialized
Warning : Gmsh has aleady been initialized
Warning : Gmsh has aleady been initialized
Warning : Gmsh has aleady been initialized
[dtoo] applied 30 parameter overrides
Warning : Gmsh has aleady been initialized
Warning : Gmsh has aleady been initialized
Warning : Gmsh has aleady been initialized
Warning : Gmsh has aleady been initialized
Warning : Gmsh has aleady been initialized
Warning : Gmsh has aleady been initialized
[dtoo] plugin ru_adjustDomain applied
[dtoo] makeGrid on ruWithRounding_mechMesh ...
Debug   : Decoded option name 'General' . 'ExpertMode' (index 0)
Debug   : Decoded option name 'Mesh' . 'LcIntegrationPrecision' (index 0)
Debug   : Decoded option name 'Mesh' . 'SecondOrderLinear' (index 0)
Debug   : Decoded option name 'Mesh' . 'Algorithm' (index 0)
Debug   : Decoded option name 'Mesh' . 'CharacteristicLengthMin' (index 0)
Debug   : Decoded option name 'Mesh' . 'CharacteristicLengthMax' (index 0)
Debug   : Decoded option name 'Mesh' . 'MeshSizeExtendFromBoundary' (index 0)
Debug   : Decoded option name 'Mesh' . 'MeshSizeFromPoints' (index 0)
Debug   : Decoded option name 'Mesh' . 'MeshSizeFromCurvature' (index 0)
Info    : Meshing vertex 1 ( dtGmshVertex )
Info    : Meshing vertex 2 ( dtGmshVertex )
Info    : Meshing vertex 3 ( dtGmshVertex )
Info    : Meshing vertex 4 ( dtGmshVertex )
Info    : Meshing vertex 5 ( dtGmshVertex )
Info    : Meshing vertex 6 ( dtGmshVertex )
Info    : Meshing vertex 7 ( dtGmshVertex )
Info    : Meshing vertex 8 ( dtGmshVertex )
Info    : Meshing vertex 9 ( dtGmshVertex )
Info    : Meshing vertex 10 ( dtGmshVertex )
Info    : Meshing vertex 11 ( dtGmshVertex )
Info    : Meshing vertex 12 ( dtGmshVertex )
Info    : Meshing vertex 13 ( dtGmshVertex )
Info    : Meshing vertex 14 ( dtGmshVertex )
Info    : Meshing vertex 15 ( dtGmshVertex )
Info    : Meshing vertex 16 ( dtGmshVertex )
Info    : Meshing vertex 17 ( dtGmshVertex )
Info    : Meshing vertex 18 ( dtGmshVertex )
Info    : Meshing vertex 19 ( dtGmshVertex )
Info    : Meshing vertex 20 ( dtGmshVertex )
Info    : Meshing vertex 21 ( dtGmshVertex )
Info    : Meshing vertex 22 ( dtGmshVertex )
Info    : Meshing vertex 23 ( dtGmshVertex )
Info    : Meshing vertex 24 ( dtGmshVertex )
Info    : Meshing vertex 25 ( dtGmshVertex )
Info    : Meshing vertex 26 ( dtGmshVertex )
Info    : Meshing curve 1 (Unknown)
Debug   : Meshing curve 1 (Unknown): 11 interior vertices
Info    : Meshing curve 2 (Unknown)
Debug   : Meshing curve 2 (Unknown): 45 interior vertices
Info    : Meshing curve 3 (Unknown)
Debug   : Meshing curve 3 (Unknown): 11 interior vertices
Info    : Meshing curve 4 (Unknown)
Debug   : Meshing curve 4 (Unknown): 45 interior vertices
Info    : Meshing curve 5 (Unknown)
Debug   : Meshing curve 5 (Unknown): 5 interior vertices
Info    : Meshing curve 6 (Unknown)
Debug   : Meshing curve 6 (Unknown): 45 interior vertices
Info    : Meshing curve 7 (Unknown)
Debug   : Meshing curve 7 (Unknown): 5 interior vertices
Info    : Meshing curve 8 (Unknown)
Debug   : Meshing curve 8 (Unknown): 5 interior vertices
Info    : Meshing curve 9 (Unknown)
Debug   : Meshing curve 9 (Unknown): 45 interior vertices
Info    : Meshing curve 10 (Unknown)
Debug   : Meshing curve 10 (Unknown): 5 interior vertices
Info    : Meshing curve 11 (Unknown)
Debug   : Meshing curve 11 (Unknown): 34 interior vertices
Info    : Meshing curve 12 (Unknown)
Debug   : Meshing curve 12 (Unknown): 34 interior vertices
Info    : Meshing curve 13 (Unknown)
Debug   : Meshing curve 13 (Unknown): 54 interior vertices
Info    : Meshing curve 14 (Unknown)
Debug   : Meshing curve 14 (Unknown): 27 interior vertices
Info    : Meshing curve 15 (Unknown)
Debug   : Meshing curve 15 (Unknown): 24 interior vertices
Info    : Meshing curve 16 (Unknown)
Debug   : Meshing curve 16 (Unknown): 42 interior vertices
Info    : Meshing curve 17 (Unknown)
Debug   : Meshing curve 17 (Unknown): 27 interior vertices
Info    : Meshing curve 18 (Unknown)
Debug   : Meshing curve 18 (Unknown): 27 interior vertices
Info    : Meshing curve 19 (Unknown)
Debug   : Meshing curve 19 (Unknown): 23 interior vertices
Info    : Meshing curve 20 (Unknown)
Debug   : Meshing curve 20 (Unknown): 58 interior vertices
Info    : Meshing curve 21 (Unknown)
Debug   : Meshing curve 21 (Unknown): 15 interior vertices
Info    : Meshing curve 22 (Unknown)
Debug   : Meshing curve 22 (Unknown): 41 interior vertices
Info    : Meshing curve 23 (Unknown)
Debug   : Meshing curve 23 (Unknown): 11 interior vertices
Info    : Meshing curve 24 (Unknown)
Debug   : Meshing curve 24 (Unknown): 11 interior vertices
Info    : Meshing curve 25 (Unknown)
Debug   : Meshing curve 25 (Unknown): 6 interior vertices
Info    : Meshing curve 26 (Unknown)
Debug   : Meshing curve 26 (Unknown): 160 interior vertices
Info    : Meshing curve 27 (Unknown)
Debug   : Meshing curve 27 (Unknown): 6 interior vertices
Info    : Meshing curve 28 (Unknown)
Debug   : Meshing curve 28 (Unknown): 22 interior vertices
Info    : Meshing curve 29 (Unknown)
Debug   : Meshing curve 29 (Unknown): 5 interior vertices
Info    : Meshing curve 30 (Unknown)
Debug   : Meshing curve 30 (Unknown): 60 interior vertices
Info    : Meshing curve 31 (Unknown)
Debug   : Meshing curve 31 (Unknown): 5 interior vertices
Info    : Meshing curve 32 (Unknown)
Debug   : Meshing curve 32 (Unknown): 15 interior vertices
Info    : Meshing curve 33 (Unknown)
Debug   : Meshing curve 33 (Unknown): 22 interior vertices
Info    : Meshing curve 34 (Unknown)
Debug   : Meshing curve 34 (Unknown): 42 interior vertices
Info    : Meshing curve 35 (Unknown)
Debug   : Meshing curve 35 (Unknown): 14 interior vertices
Info    : Meshing curve 36 (Unknown)
Debug   : Meshing curve 36 (Unknown): 15 interior vertices
Info    : Meshing curve 37 (Unknown)
Debug   : Meshing curve 37 (Unknown): 6 interior vertices
Info    : Meshing curve 38 (Unknown)
Debug   : Meshing curve 38 (Unknown): 162 interior vertices
Info    : Meshing curve 39 (Unknown)
Debug   : Meshing curve 39 (Unknown): 7 interior vertices
Info    : Meshing curve 40 (Unknown)
Debug   : Meshing curve 40 (Unknown): 26 interior vertices
Info    : Meshing curve 41 (Unknown)
Debug   : Meshing curve 41 (Unknown): 6 interior vertices
Info    : Meshing curve 42 (Unknown)
Debug   : Meshing curve 42 (Unknown): 7 interior vertices
Info    : Meshing surface 1 (Parametric surface, MeshAdapt)
Debug   : Recovering 4 model edges
Debug   : Recovering 116 mesh edges (0 not recovered)
Debug   : Boundary edges recovered for surface 1
Debug   : Computing mesh size field at mesh nodes 116
Debug   : Delaunizing the initial mesh
Debug   : Starting to add internal nodes
Debug   :  iter   1 minL    0.353/   0.700 maxL    4.138/   1.400 -- Small/Large/Total (   146/   676/  1333):    421 splits,    216 swaps,     53 collapses,   1202 moves
Debug   :  iter   2 minL    0.413/   0.700 maxL    2.174/   1.400 -- Small/Large/Total (   371/     7/  2476):    676 splits,    872 swaps,    295 collapses,   2693 moves
Debug   :  iter   3 minL    0.570/   0.700 maxL    1.382/   1.400 -- Small/Large/Total (    28/     0/  2071):      7 splits,     20 swaps,    142 collapses,    882 moves
Debug   :  iter   4 minL    0.570/   0.700 maxL    1.382/   1.400 -- Small/Large/Total (    25/     0/  2071):      0 splits,      0 swaps,      0 collapses,     93 moves
Debug   :  ---------------------------------------
Debug   :  CPU Report 
Debug   :  ---------------------------------------
Debug   :  CPU SWAP     4.12600E-03 sec (  4 %)
Debug   :  CPU SPLIT    1.32300E-02 sec ( 11 %) 
Debug   :  CPU COLLAPS  3.62570E-02 sec ( 31 %) 
Debug   :  CPU SMOOTH   6.26870E-02 sec ( 54 %) 
Debug   :  ---------------------------------------
Debug   :  CPU TOTAL    1.16300E-01 sec 
Debug   :  ---------------------------------------
Debug   :  iter   1 minL    0.570/   0.700 maxL    1.382/   1.400 -- Small/Large/Total (    21/     0/  2071):      0 splits,      0 swaps,      0 collapses,     55 moves
Debug   :  ---------------------------------------
Debug   :  CPU Report 
Debug   :  ---------------------------------------
Debug   :  CPU SWAP     7.67000E-04 sec (  6 %)
Debug   :  CPU SPLIT    6.15800E-03 sec ( 45 %) 
Debug   :  CPU COLLAPS  3.04500E-03 sec ( 22 %) 
Debug   :  CPU SMOOTH   3.65400E-03 sec ( 27 %) 
Debug   :  ---------------------------------------
Debug   :  CPU TOTAL    1.36240E-02 sec 
Debug   :  ---------------------------------------
Debug   : Type 23 1342 triangles generated, 614 internal nodes
Info    : Meshing surface 2 (Parametric surface, MeshAdapt)
Debug   : Recovering 4 model edges
Debug   : Recovering 104 mesh edges (0 not recovered)
Debug   : Boundary edges recovered for surface 2
Debug   : Computing mesh size field at mesh nodes 104
Debug   : Delaunizing the initial mesh
Debug   : Starting to add internal nodes
Debug   :  iter   1 minL    0.533/   0.700 maxL    1.546/   1.400 -- Small/Large/Total (   153/    97/  1141):    373 splits,    277 swaps,     61 collapses,   1083 moves
Debug   :  iter   2 minL    0.533/   0.700 maxL    1.358/   1.400 -- Small/Large/Total (    22/     0/  1084):     97 splits,    121 swaps,    116 collapses,    612 moves
Debug   :  iter   3 minL    0.624/   0.700 maxL    1.358/   1.400 -- Small/Large/Total (    15/     0/  1078):      0 splits,      1 swaps,      2 collapses,     51 moves
Debug   :  iter   4 minL    0.624/   0.700 maxL    1.358/   1.400 -- Small/Large/Total (    15/     0/  1078):      0 splits,      0 swaps,      0 collapses,     31 moves
Debug   :  ---------------------------------------
Debug   :  CPU Report 
Debug   :  ---------------------------------------
Debug   :  CPU SWAP     1.58600E-03 sec (  3 %)
Debug   :  CPU SPLIT    8.37800E-03 sec ( 17 %) 
Debug   :  CPU COLLAPS  1.75920E-02 sec ( 35 %) 
Debug   :  CPU SMOOTH   2.25640E-02 sec ( 45 %) 
Debug   :  ---------------------------------------
Debug   :  CPU TOTAL    5.01200E-02 sec 
Debug   :  ---------------------------------------
Debug   :  iter   1 minL    0.624/   0.700 maxL    1.298/   1.400 -- Small/Large/Total (    15/     0/  1078):      0 splits,      0 swaps,      0 collapses,     27 moves
Debug   :  ---------------------------------------
Debug   :  CPU Report 
Debug   :  ---------------------------------------
Debug   :  CPU SWAP     3.74000E-04 sec (  5 %)
Debug   :  CPU SPLIT    3.92900E-03 sec ( 50 %) 
Debug   :  CPU COLLAPS  1.94300E-03 sec ( 25 %) 
Debug   :  CPU SMOOTH   1.64600E-03 sec ( 21 %) 
Debug   :  ---------------------------------------
Debug   :  CPU TOTAL    7.89200E-03 sec 
Debug   :  ---------------------------------------
Debug   : Type 23 684 triangles generated, 291 internal nodes
Info    : Meshing surface 3 (Parametric surface, MeshAdapt)
Debug   : Recovering 4 model edges
Debug   : Recovering 104 mesh edges (0 not recovered)
Debug   : Boundary edges recovered for surface 3
Debug   : Computing mesh size field at mesh nodes 104
Debug   : Delaunizing the initial mesh
Debug   : Starting to add internal nodes
Debug   :  iter   1 minL    0.533/   0.700 maxL    1.546/   1.400 -- Small/Large/Total (   153/   105/  1141):    373 splits,    275 swaps,     61 collapses,   1089 moves
Debug   :  iter   2 minL    0.533/   0.700 maxL    1.358/   1.400 -- Small/Large/Total (    22/     0/  1096):    105 splits,    125 swaps,    120 collapses,    630 moves
Debug   :  iter   3 minL    0.624/   0.700 maxL    1.358/   1.400 -- Small/Large/Total (    15/     0/  1090):      0 splits,      1 swaps,      2 collapses,     53 moves
Debug   :  iter   4 minL    0.624/   0.700 maxL    1.298/   1.400 -- Small/Large/Total (    15/     0/  1090):      0 splits,      0 swaps,      0 collapses,     30 moves
Debug   :  ---------------------------------------
Debug   :  CPU Report 
Debug   :  ---------------------------------------
Debug   :  CPU SWAP     1.95700E-03 sec (  4 %)
Debug   :  CPU SPLIT    6.26700E-03 sec ( 14 %) 
Debug   :  CPU COLLAPS  1.31310E-02 sec ( 29 %) 
Debug   :  CPU SMOOTH   2.32560E-02 sec ( 52 %) 
Debug   :  ---------------------------------------
Debug   :  CPU TOTAL    4.46110E-02 sec 
Debug   :  ---------------------------------------
Debug   :  iter   1 minL    0.624/   0.700 maxL    1.298/   1.400 -- Small/Large/Total (    15/     0/  1090):      0 splits,      0 swaps,      0 collapses,     26 moves
Debug   :  ---------------------------------------
Debug   :  CPU Report 
Debug   :  ---------------------------------------
Debug   :  CPU SWAP     3.81000E-04 sec (  6 %)
Debug   :  CPU SPLIT    2.83200E-03 sec ( 45 %) 
Debug   :  CPU COLLAPS  1.41000E-03 sec ( 23 %) 
Debug   :  CPU SMOOTH   1.62400E-03 sec ( 26 %) 
Debug   :  ---------------------------------------
Debug   :  CPU TOTAL    6.24700E-03 sec 
Debug   :  ---------------------------------------
Debug   : Type 23 692 triangles generated, 295 internal nodes
Info    : Meshing surface 4 (Parametric surface, MeshAdapt)
Debug   : Recovering 4 model edges
Debug   : Recovering 59 mesh edges (0 not recovered)
Debug   : Boundary edges recovered for surface 4
Debug   : Computing mesh size field at mesh nodes 59
Debug   : Delaunizing the initial mesh
Debug   : Starting to add internal nodes
Debug   :  iter   1 minL    0.388/   0.700 maxL    6.144/   1.400 -- Small/Large/Total (    27/   215/   598):    211 splits,    348 swaps,     50 collapses,    567 moves
Debug   :  iter   2 minL    0.615/   0.700 maxL    1.376/   1.400 -- Small/Large/Total (    32/     0/  1039):    216 splits,    110 swaps,     69 collapses,    874 moves
Debug   :  iter   3 minL    0.578/   0.700 maxL    1.415/   1.400 -- Small/Large/Total (    25/     1/  1033):      0 splits,      0 swaps,      2 collapses,    127 moves
Debug   :  iter   4 minL    0.578/   0.700 maxL    1.385/   1.400 -- Small/Large/Total (    24/     0/  1036):      1 splits,      1 swaps,      0 collapses,     45 moves
Debug   :  iter   5 minL    0.578/   0.700 maxL    1.385/   1.400 -- Small/Large/Total (    24/     0/  1036):      0 splits,      0 swaps,      0 collapses,     29 moves
Debug   :  ---------------------------------------
Debug   :  CPU Report 
Debug   :  ---------------------------------------
Debug   :  CPU SWAP     2.42800E-03 sec (  3 %)
Debug   :  CPU SPLIT    8.40000E-03 sec ( 11 %) 
Debug   :  CPU COLLAPS  1.47470E-02 sec ( 20 %) 
Debug   :  CPU SMOOTH   4.97700E-02 sec ( 66 %) 
Debug   :  ---------------------------------------
Debug   :  CPU TOTAL    7.53450E-02 sec 
Debug   :  ---------------------------------------
Debug   :  iter   1 minL    0.578/   0.700 maxL    1.385/   1.400 -- Small/Large/Total (    24/     0/  1036):      0 splits,      0 swaps,      0 collapses,     27 moves
Debug   :  ---------------------------------------
Debug   :  CPU Report 
Debug   :  ---------------------------------------
Debug   :  CPU SWAP     4.08000E-04 sec (  3 %)
Debug   :  CPU SPLIT    3.65200E-03 sec ( 30 %) 
Debug   :  CPU COLLAPS  1.82800E-03 sec ( 15 %) 
Debug   :  CPU SMOOTH   6.31100E-03 sec ( 52 %) 
Debug   :  ---------------------------------------
Debug   :  CPU TOTAL    1.21990E-02 sec 
Debug   :  ---------------------------------------
Debug   : Type 23 671 triangles generated, 307 internal nodes
Info    : Meshing surface 5 (Parametric surface, MeshAdapt)
Debug   : Recovering 4 model edges
Debug   : Recovering 59 mesh edges (0 not recovered)
Debug   : Boundary edges recovered for surface 5
Debug   : Computing mesh size field at mesh nodes 59
Debug   : Delaunizing the initial mesh
Debug   : Starting to add internal nodes
Debug   :  iter   1 minL    0.386/   0.700 maxL    5.738/   1.400 -- Small/Large/Total (    37/   208/   577):    206 splits,    337 swaps,     52 collapses,    542 moves
Debug   :  iter   2 minL    0.543/   0.700 maxL    1.661/   1.400 -- Small/Large/Total (    44/    16/   991):    211 splits,    112 swaps,     73 collapses,    822 moves
Debug   :  iter   3 minL    0.587/   0.700 maxL    1.379/   1.400 -- Small/Large/Total (    22/     0/  1009):     18 splits,     10 swaps,     12 collapses,    281 moves
Debug   :  iter   4 minL    0.587/   0.700 maxL    1.377/   1.400 -- Small/Large/Total (    17/     0/  1000):      0 splits,      0 swaps,      3 collapses,     84 moves
Debug   :  iter   5 minL    0.587/   0.700 maxL    1.377/   1.400 -- Small/Large/Total (    17/     0/  1000):      0 splits,      0 swaps,      0 collapses,     50 moves
Debug   :  ---------------------------------------
Debug   :  CPU Report 
Debug   :  ---------------------------------------
Debug   :  CPU SWAP     2.40800E-03 sec (  3 %)
Debug   :  CPU SPLIT    7.29200E-03 sec ( 10 %) 
Debug   :  CPU COLLAPS  1.31510E-02 sec ( 18 %) 
Debug   :  CPU SMOOTH   5.00420E-02 sec ( 69 %) 
Debug   :  ---------------------------------------
Debug   :  CPU TOTAL    7.28930E-02 sec 
Debug   :  ---------------------------------------
Debug   :  iter   1 minL    0.587/   0.700 maxL    1.377/   1.400 -- Small/Large/Total (    17/     0/  1000):      0 splits,      0 swaps,      0 collapses,     44 moves
Debug   :  ---------------------------------------
Debug   :  CPU Report 
Debug   :  ---------------------------------------
Debug   :  CPU SWAP     3.95000E-04 sec (  4 %)
Debug   :  CPU SPLIT    3.06800E-03 sec ( 30 %) 
Debug   :  CPU COLLAPS  1.51000E-03 sec ( 15 %) 
Debug   :  CPU SMOOTH   5.24100E-03 sec ( 51 %) 
Debug   :  ---------------------------------------
Debug   :  CPU TOTAL    1.02140E-02 sec 
Debug   :  ---------------------------------------
Debug   : Type 23 647 triangles generated, 295 internal nodes
Info    : Meshing surface 6 (Parametric surface, MeshAdapt)
Debug   : Recovering 10 model edges
Debug   : Recovering 369 mesh edges (0 not recovered)
Debug   : Boundary edges recovered for surface 6
Debug   : Computing mesh size field at mesh nodes 369
Debug   : Delaunizing the initial mesh
Debug   : Starting to add internal nodes
Debug   :  iter   1 minL    0.067/   0.700 maxL   10.378/   1.400 -- Small/Large/Total (   494/  2808/  4869):   1448 splits,   1008 swaps,     71 collapses,   3933 moves
Debug   :  iter   2 minL    0.039/   0.700 maxL    7.461/   1.400 -- Small/Large/Total (  1817/  2441/ 10443):   2815 splits,   1481 swaps,    957 collapses,   9443 moves
Debug   :  iter   3 minL    0.059/   0.700 maxL    7.266/   1.400 -- Small/Large/Total (  2516/   982/ 11163):   2563 splits,   4117 swaps,   2323 collapses,  11932 moves
Debug   :  iter   4 minL    0.160/   0.700 maxL    4.308/   1.400 -- Small/Large/Total (   793/    96/ 10161):   1148 splits,   2155 swaps,   1482 collapses,   7426 moves
Debug   :  iter   5 minL    0.320/   0.700 maxL    1.908/   1.400 -- Small/Large/Total (   503/    22/ 10020):    106 splits,    139 swaps,    153 collapses,   2555 moves
Debug   :  iter   6 minL    0.295/   0.700 maxL    1.672/   1.400 -- Small/Large/Total (   454/     9/ 10008):     26 splits,     23 swaps,     30 collapses,   1104 moves
Debug   :  iter   7 minL    0.295/   0.700 maxL    1.689/   1.400 -- Small/Large/Total (   457/     8/  9996):     10 splits,     12 swaps,     14 collapses,    610 moves
Debug   :  iter   8 minL    0.295/   0.700 maxL    1.738/   1.400 -- Small/Large/Total (   437/    12/  9996):     10 splits,      6 swaps,     10 collapses,    428 moves
Debug   :  iter   9 minL    0.295/   0.700 maxL    1.869/   1.400 -- Small/Large/Total (   440/    14/  9999):     12 splits,     12 swaps,     11 collapses,    456 moves
Debug   :  iter  10 minL    0.295/   0.700 maxL    1.721/   1.400 -- Small/Large/Total (   432/     4/  9999):     15 splits,     19 swaps,     15 collapses,    402 moves
Debug   :  iter  11 minL    0.295/   0.700 maxL    1.426/   1.400 -- Small/Large/Total (   427/     3/  9993):      4 splits,      7 swaps,      6 collapses,    329 moves
Debug   :  ---------------------------------------
Debug   :  CPU Report 
Debug   :  ---------------------------------------
Debug   :  CPU SWAP     6.88800E-02 sec (  4 %)
Debug   :  CPU SPLIT    1.64970E-01 sec ( 10 %) 
Debug   :  CPU COLLAPS  3.49572E-01 sec ( 22 %) 
Debug   :  CPU SMOOTH   1.00049E+00 sec ( 63 %) 
Debug   :  ---------------------------------------
Debug   :  CPU TOTAL    1.58391E+00 sec 
Debug   :  ---------------------------------------
Debug   :  iter   1 minL    0.295/   0.700 maxL    1.399/   1.400 -- Small/Large/Total (   427/     0/  9993):      0 splits,      0 swaps,      0 collapses,    129 moves
Debug   :  ---------------------------------------
Debug   :  CPU Report 
Debug   :  ---------------------------------------
Debug   :  CPU SWAP     4.77200E-03 sec (  5 %)
Debug   :  CPU SPLIT    2.63410E-02 sec ( 29 %) 
Debug   :  CPU COLLAPS  1.26750E-02 sec ( 14 %) 
Debug   :  CPU SMOOTH   4.72150E-02 sec ( 52 %) 
Debug   :  ---------------------------------------
Debug   :  CPU TOTAL    9.10030E-02 sec 
Debug   :  ---------------------------------------
Debug   : Type 23 6539 triangles generated, 3085 internal nodes
Info    : Meshing surface 7 (Parametric surface, MeshAdapt)
Debug   : Recovering 4 model edges
Debug   : Recovering 141 mesh edges (0 not recovered)
Debug   : Boundary edges recovered for surface 7
Debug   : Computing mesh size field at mesh nodes 141
Debug   : Delaunizing the initial mesh
Debug   : Starting to add internal nodes
Debug   :  iter   1 minL    0.129/   0.700 maxL    5.657/   1.400 -- Small/Large/Total (   178/   623/  1530):    511 splits,    609 swaps,     94 collapses,   1407 moves
Debug   :  iter   2 minL    0.323/   0.700 maxL    2.762/   1.400 -- Small/Large/Total (   214/   115/  2169):    632 splits,    753 swaps,    419 collapses,   2452 moves
Debug   :  iter   3 minL    0.452/   0.700 maxL    1.569/   1.400 -- Small/Large/Total (   102/     7/  2355):    142 splits,     97 swaps,     80 collapses,   1205 moves
Debug   :  iter   4 minL    0.483/   0.700 maxL    1.490/   1.400 -- Small/Large/Total (    84/     1/  2349):      9 splits,      9 swaps,     11 collapses,    441 moves
Debug   :  iter   5 minL    0.483/   0.700 maxL    1.391/   1.400 -- Small/Large/Total (    83/     0/  2352):      1 splits,      1 swaps,      0 collapses,    183 moves
Debug   :  iter   6 minL    0.483/   0.700 maxL    1.391/   1.400 -- Small/Large/Total (    84/     0/  2352):      0 splits,      0 swaps,      0 collapses,    152 moves
Debug   :  ---------------------------------------
Debug   :  CPU Report 
Debug   :  ---------------------------------------
Debug   :  CPU SWAP     7.49600E-03 sec (  0 %)
Debug   :  CPU SPLIT    5.02372E-01 sec (  5 %) 
Debug   :  CPU COLLAPS  1.20092E+00 sec ( 12 %) 
Debug   :  CPU SMOOTH   8.29700E+00 sec ( 83 %) 
Debug   :  ---------------------------------------
Debug   :  CPU TOTAL    1.00078E+01 sec 
Debug   :  ---------------------------------------
Debug   :  iter   1 minL    0.483/   0.700 maxL    1.391/   1.400 -- Small/Large/Total (    84/     0/  2352):      0 splits,      0 swaps,      0 collapses,    129 moves
Debug   :  ---------------------------------------
Debug   :  CPU Report 
Debug   :  ---------------------------------------
Debug   :  CPU SWAP     9.50000E-04 sec (  0 %)
Debug   :  CPU SPLIT    1.94927E-01 sec ( 17 %) 
Debug   :  CPU COLLAPS  9.73690E-02 sec (  8 %) 
Debug   :  CPU SMOOTH   8.62851E-01 sec ( 75 %) 
Debug   :  ---------------------------------------
Debug   :  CPU TOTAL    1.15610E+00 sec 
Debug   :  ---------------------------------------
Debug   : Type 23 1521 triangles generated, 691 internal nodes
Info    : Meshing surface 8 (Parametric surface, MeshAdapt)
Debug   : Recovering 4 model edges
Debug   : Recovering 103 mesh edges (0 not recovered)
Debug   : Boundary edges recovered for surface 8
Debug   : Computing mesh size field at mesh nodes 103
Debug   : Delaunizing the initial mesh
Debug   : Starting to add internal nodes
Debug   :  iter   1 minL    0.217/   0.700 maxL    4.548/   1.400 -- Small/Large/Total (   141/   391/  1133):    366 splits,    305 swaps,     56 collapses,    991 moves
Debug   :  iter   2 minL    0.274/   0.700 maxL    2.145/   1.400 -- Small/Large/Total (   154/    34/  1520):    402 splits,    331 swaps,    273 collapses,   1613 moves
Debug   :  iter   3 minL    0.526/   0.700 maxL    1.435/   1.400 -- Small/Large/Total (    77/     1/  1499):     47 splits,     33 swaps,     54 collapses,    783 moves
Debug   :  iter   4 minL    0.508/   0.700 maxL    1.371/   1.400 -- Small/Large/Total (    67/     0/  1490):      4 splits,      5 swaps,      7 collapses,    301 moves
Debug   :  iter   5 minL    0.508/   0.700 maxL    1.368/   1.400 -- Small/Large/Total (    65/     0/  1490):      0 splits,      1 swaps,      0 collapses,    125 moves
Debug   :  ---------------------------------------
Debug   :  CPU Report 
Debug   :  ---------------------------------------
Debug   :  CPU SWAP     3.97000E-03 sec (  0 %)
Debug   :  CPU SPLIT    2.66405E-01 sec (  4 %) 
Debug   :  CPU COLLAPS  7.04868E-01 sec ( 12 %) 
Debug   :  CPU SMOOTH   4.99789E+00 sec ( 84 %) 
Debug   :  ---------------------------------------
Debug   :  CPU TOTAL    5.97314E+00 sec 
Debug   :  ---------------------------------------
Debug   :  iter   1 minL    0.508/   0.700 maxL    1.368/   1.400 -- Small/Large/Total (    64/     0/  1490):      0 splits,      0 swaps,      0 collapses,     94 moves
Debug   :  ---------------------------------------
Debug   :  CPU Report 
Debug   :  ---------------------------------------
Debug   :  CPU SWAP     6.01000E-04 sec (  0 %)
Debug   :  CPU SPLIT    1.19770E-01 sec ( 16 %) 
Debug   :  CPU COLLAPS  5.94510E-02 sec (  8 %) 
Debug   :  CPU SMOOTH   5.72141E-01 sec ( 76 %) 
Debug   :  ---------------------------------------
Debug   :  CPU TOTAL    7.51963E-01 sec 
Debug   :  ---------------------------------------
Debug   : Type 23 959 triangles generated, 429 internal nodes
Info    : Meshing surface 9 (Parametric surface, MeshAdapt)
Debug   : Recovering 4 model edges
Debug   : Recovering 234 mesh edges (0 not recovered)
Debug   : Boundary edges recovered for surface 9
Debug   : Computing mesh size field at mesh nodes 234
Debug   : Delaunizing the initial mesh
Debug   : Starting to add internal nodes
Debug   :  iter   1 minL    0.308/   0.700 maxL    2.108/   1.400 -- Small/Large/Total (   193/   349/  2853):    908 splits,    626 swaps,    112 collapses,   2495 moves
Debug   :  iter   2 minL    0.511/   0.700 maxL    1.470/   1.400 -- Small/Large/Total (   124/     8/  3354):    426 splits,    230 swaps,    259 collapses,   2375 moves
Debug   :  iter   3 minL    0.576/   0.700 maxL    1.426/   1.400 -- Small/Large/Total (    85/     1/  3375):     22 splits,     15 swaps,     15 collapses,    589 moves
Debug   :  iter   4 minL    0.576/   0.700 maxL    1.391/   1.400 -- Small/Large/Total (    81/     0/  3375):      3 splits,      4 swaps,      3 collapses,    159 moves
Debug   :  iter   5 minL    0.576/   0.700 maxL    1.391/   1.400 -- Small/Large/Total (    79/     0/  3375):      0 splits,      1 swaps,      0 collapses,     89 moves
Debug   :  ---------------------------------------
Debug   :  CPU Report 
Debug   :  ---------------------------------------
Debug   :  CPU SWAP     8.24000E-03 sec (  0 %)
Debug   :  CPU SPLIT    5.75115E-01 sec (  4 %) 
Debug   :  CPU COLLAPS  1.10249E+00 sec (  8 %) 
Debug   :  CPU SMOOTH   1.19841E+01 sec ( 88 %) 
Debug   :  ---------------------------------------
Debug   :  CPU TOTAL    1.36699E+01 sec 
Debug   :  ---------------------------------------
Debug   :  iter   1 minL    0.576/   0.700 maxL    1.391/   1.400 -- Small/Large/Total (    79/     0/  3375):      0 splits,      0 swaps,      0 collapses,     36 moves
Debug   :  ---------------------------------------
Debug   :  CPU Report 
Debug   :  ---------------------------------------
Debug   :  CPU SWAP     1.42300E-03 sec (  0 %)
Debug   :  CPU SPLIT    2.59795E-01 sec ( 16 %) 
Debug   :  CPU COLLAPS  1.30179E-01 sec (  8 %) 
Debug   :  CPU SMOOTH   1.27781E+00 sec ( 77 %) 
Debug   :  ---------------------------------------
Debug   :  CPU TOTAL    1.66921E+00 sec 
Debug   :  ---------------------------------------
Debug   : Type 23 2172 triangles generated, 970 internal nodes
Info    : Meshing surface 10 (Parametric surface, MeshAdapt)
Debug   : Recovering 4 model edges
Debug   : Recovering 70 mesh edges (0 not recovered)
Debug   : Boundary edges recovered for surface 10
Debug   : Computing mesh size field at mesh nodes 70
Debug   : Delaunizing the initial mesh
Debug   : Starting to add internal nodes
Debug   :  iter   1 minL    0.207/   0.700 maxL    4.112/   1.400 -- Small/Large/Total (    62/   110/   659):    235 splits,    250 swaps,     61 collapses,    639 moves
Debug   :  iter   2 minL    0.531/   0.700 maxL    1.474/   1.400 -- Small/Large/Total (    51/     2/   827):    126 splits,     85 swaps,     70 collapses,    647 moves
Debug   :  iter   3 minL    0.552/   0.700 maxL    1.391/   1.400 -- Small/Large/Total (    32/     0/   806):      2 splits,      4 swaps,      9 collapses,    241 moves
Debug   :  iter   4 minL    0.552/   0.700 maxL    1.375/   1.400 -- Small/Large/Total (    28/     0/   809):      1 splits,      1 swaps,      0 collapses,    139 moves
Debug   :  iter   5 minL    0.552/   0.700 maxL    1.375/   1.400 -- Small/Large/Total (    28/     0/   809):      0 splits,      0 swaps,      0 collapses,     79 moves
Debug   :  ---------------------------------------
Debug   :  CPU Report 
Debug   :  ---------------------------------------
Debug   :  CPU SWAP     2.08100E-03 sec (  0 %)
Debug   :  CPU SPLIT    1.33449E-01 sec (  5 %) 
Debug   :  CPU COLLAPS  2.97131E-01 sec ( 12 %) 
Debug   :  CPU SMOOTH   2.00171E+00 sec ( 82 %) 
Debug   :  ---------------------------------------
Debug   :  CPU TOTAL    2.43437E+00 sec 
Debug   :  ---------------------------------------
Debug   :  iter   1 minL    0.552/   0.700 maxL    1.375/   1.400 -- Small/Large/Total (    28/     0/   809):      0 splits,      0 swaps,      0 collapses,     70 moves
Debug   :  ---------------------------------------
Debug   :  CPU Report 
Debug   :  ---------------------------------------
Debug   :  CPU SWAP     3.28000E-04 sec (  0 %)
Debug   :  CPU SPLIT    5.82200E-02 sec ( 16 %) 
Debug   :  CPU COLLAPS  2.90510E-02 sec (  8 %) 
Debug   :  CPU SMOOTH   2.81363E-01 sec ( 76 %) 
Debug   :  ---------------------------------------
Debug   :  CPU TOTAL    3.68962E-01 sec 
Debug   :  ---------------------------------------
Debug   : Type 23 516 triangles generated, 224 internal nodes
Info    : Meshing surface 11 (Parametric surface, MeshAdapt)
Debug   : Recovering 4 model edges
Debug   : Recovering 234 mesh edges (0 not recovered)
Debug   : Boundary edges recovered for surface 11
Debug   : Computing mesh size field at mesh nodes 234
Debug   : Delaunizing the initial mesh
Debug   : Starting to add internal nodes
Debug   :  iter   1 minL    0.333/   0.700 maxL    2.095/   1.400 -- Small/Large/Total (   168/   343/  2865):    920 splits,    631 swaps,    120 collapses,   2535 moves
Debug   :  iter   2 minL    0.530/   0.700 maxL    1.448/   1.400 -- Small/Large/Total (   101/     5/  3369):    414 splits,    191 swaps,    246 collapses,   2449 moves
Debug   :  iter   3 minL    0.535/   0.700 maxL    1.409/   1.400 -- Small/Large/Total (    66/     2/  3363):     15 splits,     14 swaps,     17 collapses,    600 moves
Debug   :  iter   4 minL    0.535/   0.700 maxL    1.383/   1.400 -- Small/Large/Total (    62/     0/  3360):      3 splits,      4 swaps,      4 collapses,    233 moves
Debug   :  iter   5 minL    0.535/   0.700 maxL    1.381/   1.400 -- Small/Large/Total (    59/     0/  3354):      0 splits,      0 swaps,      2 collapses,    143 moves
Debug   :  iter   6 minL    0.535/   0.700 maxL    1.419/   1.400 -- Small/Large/Total (    60/     1/  3354):      0 splits,      0 swaps,      0 collapses,     96 moves
Debug   :  ---------------------------------------
Debug   :  CPU Report 
Debug   :  ---------------------------------------
Debug   :  CPU SWAP     9.57000E-03 sec (  0 %)
Debug   :  CPU SPLIT    6.89705E-01 sec (  4 %) 
Debug   :  CPU COLLAPS  1.20315E+00 sec (  8 %) 
Debug   :  CPU SMOOTH   1.37526E+01 sec ( 88 %) 
Debug   :  ---------------------------------------
Debug   :  CPU TOTAL    1.56550E+01 sec 
Debug   :  ---------------------------------------
Debug   :  iter   1 minL    0.535/   0.700 maxL    1.381/   1.400 -- Small/Large/Total (    59/     0/  3354):      1 splits,      1 swaps,      1 collapses,     78 moves
Debug   :  iter   2 minL    0.535/   0.700 maxL    1.381/   1.400 -- Small/Large/Total (    59/     0/  3354):      0 splits,      0 swaps,      0 collapses,     59 moves
Debug   :  ---------------------------------------
Debug   :  CPU Report 
Debug   :  ---------------------------------------
Debug   :  CPU SWAP     2.85600E-03 sec (  0 %)
Debug   :  CPU SPLIT    3.83950E-01 sec ( 12 %) 
Debug   :  CPU COLLAPS  2.55274E-01 sec (  8 %) 
Debug   :  CPU SMOOTH   2.62827E+00 sec ( 80 %) 
Debug   :  ---------------------------------------
Debug   :  CPU TOTAL    3.27035E+00 sec 
Debug   :  ---------------------------------------
Debug   : Type 23 2158 triangles generated, 963 internal nodes
Info    : Meshing surface 12 (Parametric surface, MeshAdapt)
Debug   : Recovering 4 model edges
Debug   : Recovering 70 mesh edges (0 not recovered)
Debug   : Boundary edges recovered for surface 12
Debug   : Computing mesh size field at mesh nodes 70
Debug   : Delaunizing the initial mesh
Debug   : Starting to add internal nodes
Debug   :  iter   1 minL    0.377/   0.700 maxL    3.344/   1.400 -- Small/Large/Total (    36/   120/   617):    235 splits,    242 swaps,     75 collapses,    633 moves
Debug   :  iter   2 minL    0.553/   0.700 maxL    1.779/   1.400 -- Small/Large/Total (    30/     6/   779):    134 splits,     92 swaps,     80 collapses,    599 moves
Debug   :  iter   3 minL    0.557/   0.700 maxL    1.334/   1.400 -- Small/Large/Total (    26/     0/   788):      8 splits,      6 swaps,      5 collapses,    173 moves
Debug   :  iter   4 minL    0.557/   0.700 maxL    1.329/   1.400 -- Small/Large/Total (    25/     0/   782):      0 splits,      0 swaps,      2 collapses,     69 moves
Debug   :  iter   5 minL    0.557/   0.700 maxL    1.329/   1.400 -- Small/Large/Total (    21/     0/   779):      0 splits,      0 swaps,      1 collapses,     53 moves
Debug   :  iter   6 minL    0.557/   0.700 maxL    1.329/   1.400 -- Small/Large/Total (    21/     0/   779):      0 splits,      0 swaps,      0 collapses,     35 moves
Debug   :  ---------------------------------------
Debug   :  CPU Report 
Debug   :  ---------------------------------------
Debug   :  CPU SWAP     2.34000E-03 sec (  0 %)
Debug   :  CPU SPLIT    1.55828E-01 sec (  6 %) 
Debug   :  CPU COLLAPS  3.20935E-01 sec ( 12 %) 
Debug   :  CPU SMOOTH   2.19178E+00 sec ( 82 %) 
Debug   :  ---------------------------------------
Debug   :  CPU TOTAL    2.67089E+00 sec 
Debug   :  ---------------------------------------
Debug   :  iter   1 minL    0.557/   0.700 maxL    1.329/   1.400 -- Small/Large/Total (    21/     0/   779):      0 splits,      0 swaps,      0 collapses,     30 moves
Debug   :  ---------------------------------------
Debug   :  CPU Report 
Debug   :  ---------------------------------------
Debug   :  CPU SWAP     3.14000E-04 sec (  0 %)
Debug   :  CPU SPLIT    5.64810E-02 sec ( 17 %) 
Debug   :  CPU COLLAPS  2.80220E-02 sec (  8 %) 
Debug   :  CPU SMOOTH   2.48747E-01 sec ( 75 %) 
Debug   :  ---------------------------------------
Debug   :  CPU TOTAL    3.33564E-01 sec 
Debug   :  ---------------------------------------
Debug   : Type 23 496 triangles generated, 214 internal nodes
Info    : Meshing surface 13 (Parametric surface, MeshAdapt)
Debug   : Recovering 4 model edges
Debug   : Recovering 142 mesh edges (0 not recovered)
Debug   : Boundary edges recovered for surface 13
Debug   : Computing mesh size field at mesh nodes 142
Debug   : Delaunizing the initial mesh
Debug   : Starting to add internal nodes
Debug   :  iter   1 minL    0.254/   0.700 maxL    5.519/   1.400 -- Small/Large/Total (   131/   427/  1472):    517 splits,    822 swaps,    120 collapses,   1463 moves
Debug   :  iter   2 minL    0.436/   0.700 maxL    2.331/   1.400 -- Small/Large/Total (   108/   112/  2066):    448 splits,    377 swaps,    250 collapses,   1906 moves
Debug   :  iter   3 minL    0.443/   0.700 maxL    1.465/   1.400 -- Small/Large/Total (    75/     3/  2351):    131 splits,     77 swaps,     36 collapses,    948 moves
Debug   :  iter   4 minL    0.443/   0.700 maxL    1.382/   1.400 -- Small/Large/Total (    68/     0/  2351):      3 splits,      2 swaps,      3 collapses,    251 moves
Debug   :  iter   5 minL    0.443/   0.700 maxL    1.382/   1.400 -- Small/Large/Total (    68/     0/  2351):      0 splits,      0 swaps,      0 collapses,    116 moves
Debug   :  ---------------------------------------
Debug   :  CPU Report 
Debug   :  ---------------------------------------
Debug   :  CPU SWAP     6.19200E-03 sec (  0 %)
Debug   :  CPU SPLIT    3.86609E-01 sec (  5 %) 
Debug   :  CPU COLLAPS  8.94056E-01 sec ( 11 %) 
Debug   :  CPU SMOOTH   7.04290E+00 sec ( 85 %) 
Debug   :  ---------------------------------------
Debug   :  CPU TOTAL    8.32975E+00 sec 
Debug   :  ---------------------------------------
Debug   :  iter   1 minL    0.443/   0.700 maxL    1.382/   1.400 -- Small/Large/Total (    66/     0/  2351):      0 splits,      0 swaps,      0 collapses,     96 moves
Debug   :  ---------------------------------------
Debug   :  CPU Report 
Debug   :  ---------------------------------------
Debug   :  CPU SWAP     9.69000E-04 sec (  0 %)
Debug   :  CPU SPLIT    1.90883E-01 sec ( 15 %) 
Debug   :  CPU COLLAPS  9.52430E-02 sec (  8 %) 
Debug   :  CPU SMOOTH   9.66181E-01 sec ( 77 %) 
Debug   :  ---------------------------------------
Debug   :  CPU TOTAL    1.25328E+00 sec 
Debug   :  ---------------------------------------
Debug   : Type 23 1520 triangles generated, 690 internal nodes
Info    : Meshing surface 14 (Parametric surface, MeshAdapt)
Debug   : Recovering 4 model edges
Debug   : Recovering 98 mesh edges (0 not recovered)
Debug   : Boundary edges recovered for surface 14
Debug   : Computing mesh size field at mesh nodes 98
Debug   : Delaunizing the initial mesh
Debug   : Starting to add internal nodes
Debug   :  iter   1 minL    0.142/   0.700 maxL    4.692/   1.400 -- Small/Large/Total (    60/   301/  1027):    347 splits,    446 swaps,     69 collapses,    945 moves
Debug   :  iter   2 minL    0.384/   0.700 maxL    2.610/   1.400 -- Small/Large/Total (    89/    25/  1600):    328 splits,    265 swaps,    137 collapses,   1410 moves
Debug   :  iter   3 minL    0.556/   0.700 maxL    1.397/   1.400 -- Small/Large/Total (    65/     0/  1645):     41 splits,     13 swaps,     26 collapses,    575 moves
Debug   :  iter   4 minL    0.551/   0.700 maxL    1.397/   1.400 -- Small/Large/Total (    59/     0/  1639):      0 splits,      1 swaps,      2 collapses,    245 moves
Debug   :  iter   5 minL    0.551/   0.700 maxL    1.397/   1.400 -- Small/Large/Total (    58/     0/  1639):      0 splits,      0 swaps,      0 collapses,    172 moves
Debug   :  ---------------------------------------
Debug   :  CPU Report 
Debug   :  ---------------------------------------
Debug   :  CPU SWAP     4.14900E-03 sec (  0 %)
Debug   :  CPU SPLIT    2.67050E-01 sec (  4 %) 
Debug   :  CPU COLLAPS  5.63469E-01 sec (  9 %) 
Debug   :  CPU SMOOTH   5.75901E+00 sec ( 87 %) 
Debug   :  ---------------------------------------
Debug   :  CPU TOTAL    6.59368E+00 sec 
Debug   :  ---------------------------------------
Debug   :  iter   1 minL    0.551/   0.700 maxL    1.397/   1.400 -- Small/Large/Total (    58/     0/  1639):      0 splits,      0 swaps,      0 collapses,    149 moves
Debug   :  ---------------------------------------
Debug   :  CPU Report 
Debug   :  ---------------------------------------
Debug   :  CPU SWAP     6.70000E-04 sec (  0 %)
Debug   :  CPU SPLIT    1.28707E-01 sec ( 16 %) 
Debug   :  CPU COLLAPS  6.42030E-02 sec (  8 %) 
Debug   :  CPU SMOOTH   6.20374E-01 sec ( 76 %) 
Debug   :  ---------------------------------------
Debug   :  CPU TOTAL    8.13954E-01 sec 
Debug   :  ---------------------------------------
Debug   : Type 23 1060 triangles generated, 482 internal nodes
Info    : Meshing surface 15 (Parametric surface, MeshAdapt)
Debug   : Recovering 4 model edges
Debug   : Recovering 221 mesh edges (0 not recovered)
Debug   : Boundary edges recovered for surface 15
Debug   : Computing mesh size field at mesh nodes 221
Debug   : Delaunizing the initial mesh
Debug   : Starting to add internal nodes
Debug   :  iter   1 minL    0.276/   0.700 maxL    3.243/   1.400 -- Small/Large/Total (   331/   915/  2662):    872 splits,    536 swaps,    131 collapses,   2231 moves
Debug   :  iter   2 minL    0.471/   0.700 maxL    1.716/   1.400 -- Small/Large/Total (   263/    22/  3775):   1048 splits,    599 swaps,    677 collapses,   3924 moves
Debug   :  iter   3 minL    0.532/   0.700 maxL    1.576/   1.400 -- Small/Large/Total (   161/    13/  3715):     29 splits,     39 swaps,     49 collapses,   1021 moves
Debug   :  iter   4 minL    0.489/   0.700 maxL    1.972/   1.400 -- Small/Large/Total (   154/     5/  3721):     15 splits,     10 swaps,     13 collapses,    434 moves
Debug   :  iter   5 minL    0.443/   0.700 maxL    1.619/   1.400 -- Small/Large/Total (   150/     6/  3703):      6 splits,      3 swaps,     12 collapses,    235 moves
Debug   :  iter   6 minL    0.489/   0.700 maxL    1.385/   1.400 -- Small/Large/Total (   146/     0/  3700):      6 splits,      6 swaps,      7 collapses,    148 moves
Debug   :  iter   7 minL    0.489/   0.700 maxL    1.506/   1.400 -- Small/Large/Total (   143/     1/  3697):      0 splits,      0 swaps,      1 collapses,     72 moves
Debug   :  iter   8 minL    0.489/   0.700 maxL    1.385/   1.400 -- Small/Large/Total (   143/     0/  3691):      1 splits,      0 swaps,      3 collapses,     36 moves
Debug   :  iter   9 minL    0.489/   0.700 maxL    1.385/   1.400 -- Small/Large/Total (   143/     0/  3691):      0 splits,      0 swaps,      0 collapses,     23 moves
Debug   :  ---------------------------------------
Debug   :  CPU Report 
Debug   :  ---------------------------------------
Debug   :  CPU SWAP     1.63200E-02 sec (  0 %)
Debug   :  CPU SPLIT    1.31560E+00 sec (  5 %) 
Debug   :  CPU COLLAPS  2.59673E+00 sec (  9 %) 
Debug   :  CPU SMOOTH   2.52667E+01 sec ( 87 %) 
Debug   :  ---------------------------------------
Debug   :  CPU TOTAL    2.91953E+01 sec 
Debug   :  ---------------------------------------
Debug   :  iter   1 minL    0.489/   0.700 maxL    1.385/   1.400 -- Small/Large/Total (   143/     0/  3691):      0 splits,      0 swaps,      0 collapses,     20 moves
Debug   :  ---------------------------------------
Debug   :  CPU Report 
Debug   :  ---------------------------------------
Debug   :  CPU SWAP     1.61700E-03 sec (  0 %)
Debug   :  CPU SPLIT    3.20653E-01 sec ( 13 %) 
Debug   :  CPU COLLAPS  1.60146E-01 sec (  7 %) 
Debug   :  CPU SMOOTH   1.90057E+00 sec ( 80 %) 
Debug   :  ---------------------------------------
Debug   :  CPU TOTAL    2.38298E+00 sec 
Debug   :  ---------------------------------------
Debug   : Type 23 2387 triangles generated, 1084 internal nodes
Info    : Meshing surface 16 (Parametric surface, MeshAdapt)
Debug   : Recovering 4 model edges
Debug   : Recovering 78 mesh edges (0 not recovered)
Debug   : Boundary edges recovered for surface 16
Debug   : Computing mesh size field at mesh nodes 78
Debug   : Delaunizing the initial mesh
Debug   : Starting to add internal nodes
Debug   :  iter   1 minL    0.395/   0.700 maxL    4.435/   1.400 -- Small/Large/Total (    71/   144/   780):    265 splits,    293 swaps,     56 collapses,    748 moves
Debug   :  iter   2 minL    0.389/   0.700 maxL    1.885/   1.400 -- Small/Large/Total (    66/     7/   984):    168 splits,    126 swaps,    100 collapses,    814 moves
Debug   :  iter   3 minL    0.549/   0.700 maxL    1.363/   1.400 -- Small/Large/Total (    47/     0/   981):     10 splits,      9 swaps,     11 collapses,    326 moves
Debug   :  iter   4 minL    0.504/   0.700 maxL    1.385/   1.400 -- Small/Large/Total (    43/     0/   969):      0 splits,      0 swaps,      4 collapses,    144 moves
Debug   :  iter   5 minL    0.549/   0.700 maxL    1.385/   1.400 -- Small/Large/Total (    42/     0/   966):      0 splits,      0 swaps,      1 collapses,     96 moves
Debug   :  iter   6 minL    0.547/   0.700 maxL    1.385/   1.400 -- Small/Large/Total (    41/     0/   966):      0 splits,      0 swaps,      0 collapses,     50 moves
Debug   :  ---------------------------------------
Debug   :  CPU Report 
Debug   :  ---------------------------------------
Debug   :  CPU SWAP     2.94900E-03 sec (  0 %)
Debug   :  CPU SPLIT    2.14287E-01 sec (  4 %) 
Debug   :  CPU COLLAPS  4.43657E-01 sec (  7 %) 
Debug   :  CPU SMOOTH   5.35549E+00 sec ( 89 %) 
Debug   :  ---------------------------------------
Debug   :  CPU TOTAL    6.01639E+00 sec 
Debug   :  ---------------------------------------
Debug   :  iter   1 minL    0.547/   0.700 maxL    1.385/   1.400 -- Small/Large/Total (    41/     0/   966):      0 splits,      0 swaps,      0 collapses,     27 moves
Debug   :  ---------------------------------------
Debug   :  CPU Report 
Debug   :  ---------------------------------------
Debug   :  CPU SWAP     3.93000E-04 sec (  0 %)
Debug   :  CPU SPLIT    7.74160E-02 sec ( 10 %) 
Debug   :  CPU COLLAPS  3.86230E-02 sec (  5 %) 
Debug   :  CPU SMOOTH   6.63385E-01 sec ( 85 %) 
Debug   :  ---------------------------------------
Debug   :  CPU TOTAL    7.79817E-01 sec 
Debug   :  ---------------------------------------
Debug   : Type 23 618 triangles generated, 271 internal nodes
Info    : Meshing surface 17 (Parametric surface, MeshAdapt)
Debug   : Recovering 4 model edges
Debug   : Recovering 220 mesh edges (0 not recovered)
Debug   : Boundary edges recovered for surface 17
Debug   : Computing mesh size field at mesh nodes 220
Debug   : Delaunizing the initial mesh
Debug   : Starting to add internal nodes
Debug   :  iter   1 minL    0.246/   0.700 maxL    3.037/   1.400 -- Small/Large/Total (   304/   943/  2636):    862 splits,    480 swaps,    129 collapses,   2076 moves
Debug   :  iter   2 minL    0.447/   0.700 maxL    1.622/   1.400 -- Small/Large/Total (   243/    35/  3725):   1038 splits,    594 swaps,    675 collapses,   3756 moves
Debug   :  iter   3 minL    0.498/   0.700 maxL    1.845/   1.400 -- Small/Large/Total (   166/    11/  3656):     45 splits,     41 swaps,     68 collapses,   1115 moves
Debug   :  iter   4 minL    0.540/   0.700 maxL    1.507/   1.400 -- Small/Large/Total (   134/     7/  3641):     14 splits,      9 swaps,     19 collapses,    439 moves
Debug   :  iter   5 minL    0.540/   0.700 maxL    1.498/   1.400 -- Small/Large/Total (   132/     3/  3635):      8 splits,      6 swaps,     10 collapses,    260 moves
Debug   :  iter   6 minL    0.540/   0.700 maxL    1.386/   1.400 -- Small/Large/Total (   128/     0/  3638):      4 splits,      3 swaps,      3 collapses,    163 moves
Debug   :  iter   7 minL    0.540/   0.700 maxL    1.386/   1.400 -- Small/Large/Total (   127/     0/  3638):      0 splits,      0 swaps,      0 collapses,     61 moves
Debug   :  ---------------------------------------
Debug   :  CPU Report 
Debug   :  ---------------------------------------
Debug   :  CPU SWAP     1.29460E-02 sec (  0 %)
Debug   :  CPU SPLIT    9.99652E-01 sec (  4 %) 
Debug   :  CPU COLLAPS  2.12976E+00 sec ( 10 %) 
Debug   :  CPU SMOOTH   1.92507E+01 sec ( 86 %) 
Debug   :  ---------------------------------------
Debug   :  CPU TOTAL    2.23931E+01 sec 
Debug   :  ---------------------------------------
Debug   :  iter   1 minL    0.540/   0.700 maxL    1.386/   1.400 -- Small/Large/Total (   127/     0/  3638):      0 splits,      0 swaps,      0 collapses,     39 moves
Debug   :  ---------------------------------------
Debug   :  CPU Report 
Debug   :  ---------------------------------------
Debug   :  CPU SWAP     1.60100E-03 sec (  0 %)
Debug   :  CPU SPLIT    3.12533E-01 sec ( 14 %) 
Debug   :  CPU COLLAPS  1.57462E-01 sec (  7 %) 
Debug   :  CPU SMOOTH   1.78705E+00 sec ( 79 %) 
Debug   :  ---------------------------------------
Debug   :  CPU TOTAL    2.25864E+00 sec 
Debug   :  ---------------------------------------
Debug   : Type 23 2352 triangles generated, 1067 internal nodes
Info    : Meshing surface 18 (Parametric surface, MeshAdapt)
Debug   : Recovering 4 model edges
Debug   : Recovering 74 mesh edges (0 not recovered)
Debug   : Boundary edges recovered for surface 18
Debug   : Computing mesh size field at mesh nodes 74
Debug   : Delaunizing the initial mesh
Debug   : Starting to add internal nodes
Debug   :  iter   1 minL    0.246/   0.700 maxL    3.286/   1.400 -- Small/Large/Total (    48/   105/   703):    249 splits,    266 swaps,     63 collapses,    638 moves
Debug   :  iter   2 minL    0.442/   0.700 maxL    1.373/   1.400 -- Small/Large/Total (    34/     0/   859):    121 splits,     60 swaps,     69 collapses,    608 moves
Debug   :  iter   3 minL    0.460/   0.700 maxL    1.452/   1.400 -- Small/Large/Total (    17/     1/   847):      2 splits,      3 swaps,      6 collapses,    202 moves
Debug   :  iter   4 minL    0.460/   0.700 maxL    1.373/   1.400 -- Small/Large/Total (    20/     0/   853):      2 splits,      2 swaps,      0 collapses,    111 moves
Debug   :  iter   5 minL    0.460/   0.700 maxL    1.373/   1.400 -- Small/Large/Total (    20/     0/   853):      0 splits,      0 swaps,      0 collapses,     35 moves
Debug   :  ---------------------------------------
Debug   :  CPU Report 
Debug   :  ---------------------------------------
Debug   :  CPU SWAP     2.14000E-03 sec (  0 %)
Debug   :  CPU SPLIT    1.56940E-01 sec (  4 %) 
Debug   :  CPU COLLAPS  3.10512E-01 sec (  9 %) 
Debug   :  CPU SMOOTH   3.11161E+00 sec ( 87 %) 
Debug   :  ---------------------------------------
Debug   :  CPU TOTAL    3.58120E+00 sec 
Debug   :  ---------------------------------------
Debug   :  iter   1 minL    0.460/   0.700 maxL    1.373/   1.400 -- Small/Large/Total (    20/     0/   853):      0 splits,      0 swaps,      0 collapses,     25 moves
Debug   :  ---------------------------------------
Debug   :  CPU Report 
Debug   :  ---------------------------------------
Debug   :  CPU SWAP     3.41000E-04 sec (  0 %)
Debug   :  CPU SPLIT    6.94900E-02 sec ( 11 %) 
Debug   :  CPU COLLAPS  3.47310E-02 sec (  6 %) 
Debug   :  CPU SMOOTH   5.12001E-01 sec ( 83 %) 
Debug   :  ---------------------------------------
Debug   :  CPU TOTAL    6.16563E-01 sec 
Debug   :  ---------------------------------------
Debug   : Type 23 544 triangles generated, 236 internal nodes
Info    : Meshing surface 19 (Parametric surface, MeshAdapt)
Debug   : Recovering 6 model edges
Debug   : Recovering 60 mesh edges (0 not recovered)
Debug   : Boundary edges recovered for surface 19
Debug   : Computing mesh size field at mesh nodes 60
Debug   : Delaunizing the initial mesh
Debug   : Starting to add internal nodes
Debug   :  iter   1 minL    0.579/   0.700 maxL    1.413/   1.400 -- Small/Large/Total (     9/     1/   249):     79 splits,     40 swaps,     35 collapses,    195 moves
Debug   :  iter   2 minL    0.615/   0.700 maxL    1.328/   1.400 -- Small/Large/Total (    11/     0/   249):      1 splits,      2 swaps,      1 collapses,     63 moves
Debug   :  iter   3 minL    0.615/   0.700 maxL    1.328/   1.400 -- Small/Large/Total (     9/     0/   249):      0 splits,      0 swaps,      0 collapses,     39 moves
Debug   :  ---------------------------------------
Debug   :  CPU Report 
Debug   :  ---------------------------------------
Debug   :  CPU SWAP     3.25000E-04 sec (  0 %)
Debug   :  CPU SPLIT    8.73400E-03 sec ( 13 %) 
Debug   :  CPU COLLAPS  1.59490E-02 sec ( 23 %) 
Debug   :  CPU SMOOTH   4.42840E-02 sec ( 64 %) 
Debug   :  ---------------------------------------
Debug   :  CPU TOTAL    6.92920E-02 sec 
Debug   :  ---------------------------------------
Debug   :  iter   1 minL    0.612/   0.700 maxL    1.328/   1.400 -- Small/Large/Total (     9/     0/   249):      0 splits,      0 swaps,      0 collapses,     23 moves
Debug   :  ---------------------------------------
Debug   :  CPU Report 
Debug   :  ---------------------------------------
Debug   :  CPU SWAP     7.60000E-05 sec (  0 %)
Debug   :  CPU SPLIT    4.56000E-03 sec ( 26 %) 
Debug   :  CPU COLLAPS  2.25700E-03 sec ( 13 %) 
Debug   :  CPU SMOOTH   1.08170E-02 sec ( 61 %) 
Debug   :  ---------------------------------------
Debug   :  CPU TOTAL    1.77100E-02 sec 
Debug   :  ---------------------------------------
Debug   : Type 23 146 triangles generated, 44 internal nodes
Info    : Tetrahedrizing 13514 nodes...
Info    : Done tetrahedrizing 13522 nodes (Wall 0.238121s, CPU 0.224662s)
Debug   : Points have been tetrahedralized
Info    : Reconstructing mesh...
Info    :  - Creating surface mesh
Info    :  - Identifying boundary edges
Debug   :   27024 (40536) subfaces (segments)
Info    :  - Recovering boundary
Debug   : Statistics:
Debug   :   Input points: 13522
Debug   :   Input facets: 19
Debug   :   Input segments: 0
Debug   :  Mesh points: 13522
Debug   :   Mesh tetrahedra: 57017
Debug   :   Mesh faces: 127546
Debug   :   Mesh faces on facets: 27024
Debug   :   Mesh edges on segments: 40536
Debug   : Writing to GRegion...
Info    : Done reconstructing mesh (Wall 0.682197s, CPU 0.522211s)
Debug   : start with a non classified tet
Debug   : Found 57017 tets with 19 faces (Wall 0.0532353s, CPU 0.053124s)
Info    : Found volume 1
Debug   : All 57017 tets were connected
Info    : It. 0 - 0 nodes created - worst tet radius 55.4794 (nodes removed 0 0)
Info    : It. 500 - 500 nodes created - worst tet radius 2.72682 (nodes removed 0 0)
Info    : It. 1000 - 1000 nodes created - worst tet radius 2.24317 (nodes removed 0 0)
Info    : It. 1500 - 1500 nodes created - worst tet radius 2.04484 (nodes removed 0 0)
Info    : It. 2000 - 2000 nodes created - worst tet radius 1.85397 (nodes removed 0 0)
Info    : It. 2500 - 2500 nodes created - worst tet radius 1.7395 (nodes removed 0 0)
Info    : It. 3000 - 3000 nodes created - worst tet radius 1.65055 (nodes removed 0 0)
Info    : It. 3500 - 3500 nodes created - worst tet radius 1.57695 (nodes removed 0 0)
Info    : It. 4000 - 4000 nodes created - worst tet radius 1.51816 (nodes removed 0 0)
Info    : It. 4500 - 4500 nodes created - worst tet radius 1.46508 (nodes removed 0 0)
Info    : It. 5000 - 5000 nodes created - worst tet radius 1.42115 (nodes removed 0 0)
Info    : It. 5500 - 5500 nodes created - worst tet radius 1.37854 (nodes removed 0 0)
Info    : It. 6000 - 6000 nodes created - worst tet radius 1.34449 (nodes removed 0 0)
Info    : It. 6500 - 6500 nodes created - worst tet radius 1.31217 (nodes removed 0 0)
Info    : It. 7000 - 7000 nodes created - worst tet radius 1.28166 (nodes removed 0 0)
Info    : It. 7500 - 7500 nodes created - worst tet radius 1.25545 (nodes removed 0 0)
Info    : It. 8000 - 8000 nodes created - worst tet radius 1.23061 (nodes removed 0 0)
Info    : It. 8500 - 8500 nodes created - worst tet radius 1.21032 (nodes removed 0 0)
Info    : It. 9000 - 9000 nodes created - worst tet radius 1.18998 (nodes removed 0 0)
Info    : It. 9500 - 9500 nodes created - worst tet radius 1.17011 (nodes removed 0 0)
Info    : It. 10000 - 10000 nodes created - worst tet radius 1.15273 (nodes removed 0 0)
Info    : It. 10500 - 10500 nodes created - worst tet radius 1.13675 (nodes removed 0 0)
Info    : It. 11000 - 11000 nodes created - worst tet radius 1.12123 (nodes removed 0 0)
Info    : It. 11500 - 11500 nodes created - worst tet radius 1.10708 (nodes removed 0 0)
Info    : It. 12000 - 12000 nodes created - worst tet radius 1.09248 (nodes removed 0 0)
Info    : It. 12500 - 12500 nodes created - worst tet radius 1.08019 (nodes removed 0 0)
Info    : It. 13000 - 13000 nodes created - worst tet radius 1.06754 (nodes removed 0 0)
Info    : It. 13500 - 13500 nodes created - worst tet radius 1.1426 (nodes removed 0 0)
Info    : It. 14000 - 14000 nodes created - worst tet radius 1.04332 (nodes removed 0 0)
Info    : It. 14500 - 14500 nodes created - worst tet radius 1.03302 (nodes removed 0 0)
Info    : It. 15000 - 15000 nodes created - worst tet radius 1.02239 (nodes removed 0 0)
Info    : It. 15500 - 15500 nodes created - worst tet radius 1.01284 (nodes removed 0 0)
Info    : It. 16000 - 16000 nodes created - worst tet radius 1.00352 (nodes removed 0 0)
Info    : 3D refinement terminated (29691 nodes total):
Info    :  - 3 Delaunay cavities modified for star shapeness
Info    :  - 0 nodes could not be inserted
Info    :  - 143442 tetrahedra created in 0.936428 sec. (153179 tets/s)
Info    : 0 node relocations
Info    : dtOptimizeMeshGRegion()() volume 1
Info    : dtOptimizeMeshGRegion()() volume 1 : Optimize gmsh
Info    : Optimizing volume 1
Info    : Optimization starts (volume = 2.05253) with worst = 0.00154479 / average = 0.757155:
Info    : 0.00 < quality < 0.10 :       358 elements
Info    : 0.10 < quality < 0.20 :      1035 elements
Info    : 0.20 < quality < 0.30 :      1825 elements
Info    : 0.30 < quality < 0.40 :      2797 elements
Info    : 0.40 < quality < 0.50 :      4672 elements
Info    : 0.50 < quality < 0.60 :      8725 elements
Info    : 0.60 < quality < 0.70 :     19399 elements
Info    : 0.70 < quality < 0.80 :     35991 elements
Info    : 0.80 < quality < 0.90 :     47027 elements
Info    : 0.90 < quality < 1.00 :     21613 elements
Info    : 3166 edge swaps, 83 node relocations (volume = 2.05253): worst = 0.139058 / average = 0.770368 (Wall 0.106544s, CPU 0.066034s)
Info    : 3188 edge swaps, 86 node relocations (volume = 2.05253): worst = 0.139058 / average = 0.770452 (Wall 0.122448s, CPU 0.081899s)
Info    : No ill-shaped tets in the mesh :-)
Info    : 0.00 < quality < 0.10 :         0 elements
Info    : 0.10 < quality < 0.20 :         1 elements
Info    : 0.20 < quality < 0.30 :         6 elements
Info    : 0.30 < quality < 0.40 :      2778 elements
Info    : 0.40 < quality < 0.50 :      4507 elements
Info    : 0.50 < quality < 0.60 :      8758 elements
Info    : 0.60 < quality < 0.70 :     19356 elements
Info    : 0.70 < quality < 0.80 :     36223 elements
Info    : 0.80 < quality < 0.90 :     47431 elements
Info    : 0.90 < quality < 1.00 :     21571 elements
Info    : dtOptimizeMeshGRegion()() volume 1 : Optimize netgen
Info    : Extract outter faces of tetrahedra
Info    : Optimizing volume 2
Info    : CalcLocalH: 29691 Points 140642 Elements 27024 Surface Elements 
Info    : Remove Illegal Elements 
Info    : 996 illegal tets 
Info    : SplitImprove 
Info    : badmax = 58.5979 
Info    : 191 splits performed 
Info    : SwapImprove  
Info    : 160 swaps performed 
Info    : SwapImprove2  
Info    : 12 swaps performed 
Info    : 489 illegal tets 
Info    : SplitImprove 
Info    : badmax = 1765.85 
Info    : 110 splits performed 
Info    : SwapImprove  
Info    : 72 swaps performed 
Info    : SwapImprove2  
Info    : 28 swaps performed 
Info    : 110 illegal tets 
Info    : SplitImprove 
Info    : badmax = 4885.66 
Info    : 32 splits performed 
Info    : SwapImprove  
Info    : 17 swaps performed 
Info    : SwapImprove2  
Info    : 2 swaps performed 
Info    : 30 illegal tets 
Info    : SplitImprove 
Info    : badmax = 1148.67 
Info    : 10 splits performed 
Info    : SwapImprove  
Info    : 0 swaps performed 
Info    : SwapImprove2  
Info    : 4 swaps performed 
Info    : 4 illegal tets 
Info    : SplitImprove 
Info    : badmax = 1162.67 
Info    : 3 splits performed 
Info    : SwapImprove  
Info    : 0 swaps performed 
Info    : SwapImprove2  
Info    : 0 swaps performed 
Info    : 0 illegal tets 
Info    : Volume Optimization 
Info    : CombineImprove 
Info    : 1004 elements combined 
Info    : ImproveMesh 
Info    : Total badness = 195109 
Info    : Total badness = 185306 
Info    : SplitImprove 
Info    : badmax = 36.059 
Info    : 1 splits performed 
Info    : ImproveMesh 
Info    : Total badness = 185311 
Info    : Total badness = 183996 
Info    : SwapImprove  
Info    : 8037 swaps performed 
Info    : SwapImprove2  
Info    : 0 swaps performed 
Info    : ImproveMesh 
Info    : Total badness = 169901 
Info    : Total badness = 166070 
Info    : CombineImprove 
Info    : 189 elements combined 
Info    : ImproveMesh 
Info    : Total badness = 164388 
Info    : Total badness = 163934 
Info    : SplitImprove 
Info    : badmax = 23.7503 
Info    : 1 splits performed 
Info    : ImproveMesh 
Info    : Total badness = 163938 
Info    : Total badness = 163850 
Info    : SwapImprove  
Info    : 1183 swaps performed 
Info    : SwapImprove2  
Info    : 0 swaps performed 
Info    : ImproveMesh 
Info    : Total badness = 162884 
Info    : Total badness = 162159 
Info    : CombineImprove 
Info    : 53 elements combined 
Info    : ImproveMesh 
Info    : Total badness = 161722 
Info    : Total badness = 161618 
Info    : SplitImprove 
Info    : badmax = 19.5852 
Info    : 0 splits performed 
Info    : ImproveMesh 
Info    : Total badness = 161618 
Info    : Total badness = 161593 
Info    : SwapImprove  
Info    : 411 swaps performed 
Info    : SwapImprove2  
Info    : 0 swaps performed 
Info    : ImproveMesh 
Info    : Total badness = 161389 
Info    : Total badness = 161135 
Info    : dtOptimizeMeshGRegion()() volume 1
Info    : dtOptimizeMeshGRegion()() volume 1 : Optimize gmsh
Info    : Optimizing volume 1
Info    : Optimization starts (volume = 2.05253) with worst = 0.221195 / average = 0.842143:
Info    : 0.00 < quality < 0.10 :         0 elements
Info    : 0.10 < quality < 0.20 :         0 elements
Info    : 0.20 < quality < 0.30 :         4 elements
Info    : 0.30 < quality < 0.40 :        25 elements
Info    : 0.40 < quality < 0.50 :       229 elements
Info    : 0.50 < quality < 0.60 :      1722 elements
Info    : 0.60 < quality < 0.70 :      8885 elements
Info    : 0.70 < quality < 0.80 :     25797 elements
Info    : 0.80 < quality < 0.90 :     52320 elements
Info    : 0.90 < quality < 1.00 :     40011 elements
Info    : 2 edge swaps, 1 node relocations (volume = 2.05253): worst = 0.256286 / average = 0.842135 (Wall 0.0232595s, CPU 0.023201s)
Info    : 3 edge swaps, 1 node relocations (volume = 2.05253): worst = 0.303483 / average = 0.842143 (Wall 0.0333215s, CPU 0.03324s)
Info    : No ill-shaped tets in the mesh :-)
Info    : 0.00 < quality < 0.10 :         0 elements
Info    : 0.10 < quality < 0.20 :         0 elements
Info    : 0.20 < quality < 0.30 :         0 elements
Info    : 0.30 < quality < 0.40 :        25 elements
Info    : 0.40 < quality < 0.50 :       238 elements
Info    : 0.50 < quality < 0.60 :      1721 elements
Info    : 0.60 < quality < 0.70 :      8880 elements
Info    : 0.70 < quality < 0.80 :     25799 elements
Info    : 0.80 < quality < 0.90 :     52319 elements
Info    : 0.90 < quality < 1.00 :     40012 elements
Info    : dtOptimizeMeshGRegion()() volume 1 : Optimize netgen
Info    : Extract outter faces of tetrahedra
Info    : Optimizing volume 2
Info    : CalcLocalH: 28793 Points 128994 Elements 27024 Surface Elements 
Info    : Remove Illegal Elements 
Info    : 4 illegal tets 
Info    : SplitImprove 
Info    : badmax = 13.5775 
Info    : 1 splits performed 
Info    : SwapImprove  
Info    : 1 swaps performed 
Info    : SwapImprove2  
Info    : 0 swaps performed 
Info    : 0 illegal tets 
Info    : Volume Optimization 
Info    : CombineImprove 
Info    : 16 elements combined 
Info    : ImproveMesh 
Info    : Total badness = 161015 
Info    : Total badness = 160980 
Info    : SplitImprove 
Info    : badmax = 13.7996 
Info    : 0 splits performed 
Info    : ImproveMesh 
Info    : Total badness = 160980 
Info    : Total badness = 160970 
Info    : SwapImprove  
Info    : 178 swaps performed 
Info    : SwapImprove2  
Info    : 0 swaps performed 
Info    : ImproveMesh 
Info    : Total badness = 160891 
Info    : Total badness = 160773 
Info    : CombineImprove 
Info    : 10 elements combined 
Info    : ImproveMesh 
Info    : Total badness = 160688 
Info    : Total badness = 160670 
Info    : SplitImprove 
Info    : badmax = 13.5699 
Info    : 0 splits performed 
Info    : ImproveMesh 
Info    : Total badness = 160670 
Info    : Total badness = 160666 
Info    : SwapImprove  
Info    : 77 swaps performed 
Info    : SwapImprove2  
Info    : 0 swaps performed 
Info    : ImproveMesh 
Info    : Total badness = 160634 
Info    : Total badness = 160586 
Info    : CombineImprove 
Info    : 1 elements combined 
Info    : ImproveMesh 
Info    : Total badness = 160579 
Info    : Total badness = 160574 
Info    : SplitImprove 
Info    : badmax = 13.5699 
Info    : 0 splits performed 
Info    : ImproveMesh 
Info    : Total badness = 160574 
Info    : Total badness = 160572 
Info    : SwapImprove  
Info    : 37 swaps performed 
Info    : SwapImprove2  
Info    : 0 swaps performed 
Info    : ImproveMesh 
Info    : Total badness = 160562 
Info    : Total badness = 160541 
Info    : dtOptimizeMeshGRegion()() volume 1
Info    : dtOptimizeMeshGRegion()() volume 1 : Optimize gmsh
Info    : Optimizing volume 1
Info    : Optimization starts (volume = 2.05253) with worst = 0.318308 / average = 0.843433:
Info    : 0.00 < quality < 0.10 :         0 elements
Info    : 0.10 < quality < 0.20 :         0 elements
Info    : 0.20 < quality < 0.30 :         0 elements
Info    : 0.30 < quality < 0.40 :        23 elements
Info    : 0.40 < quality < 0.50 :       190 elements
Info    : 0.50 < quality < 0.60 :      1595 elements
Info    : 0.60 < quality < 0.70 :      8656 elements
Info    : 0.70 < quality < 0.80 :     25555 elements
Info    : 0.80 < quality < 0.90 :     52285 elements
Info    : 0.90 < quality < 1.00 :     40499 elements
Info    : No ill-shaped tets in the mesh :-)
Info    : 0.00 < quality < 0.10 :         0 elements
Info    : 0.10 < quality < 0.20 :         0 elements
Info    : 0.20 < quality < 0.30 :         0 elements
Info    : 0.30 < quality < 0.40 :        23 elements
Info    : 0.40 < quality < 0.50 :       190 elements
Info    : 0.50 < quality < 0.60 :      1595 elements
Info    : 0.60 < quality < 0.70 :      8656 elements
Info    : 0.70 < quality < 0.80 :     25555 elements
Info    : 0.80 < quality < 0.90 :     52285 elements
Info    : 0.90 < quality < 1.00 :     40499 elements
Info    : dtOptimizeMeshGRegion()() volume 1 : Optimize netgen
Info    : Extract outter faces of tetrahedra
Info    : Optimizing volume 2
Info    : CalcLocalH: 28767 Points 128803 Elements 27024 Surface Elements 
Info    : Remove Illegal Elements 
Info    : 0 illegal tets 
Info    : Volume Optimization 
Info    : CombineImprove 
Info    : 1 elements combined 
Info    : ImproveMesh 
Info    : Total badness = 160532 
Info    : Total badness = 160530 
Info    : SplitImprove 
Info    : badmax = 13.5699 
Info    : 0 splits performed 
Info    : ImproveMesh 
Info    : Total badness = 160530 
Info    : Total badness = 160529 
Info    : SwapImprove  
Info    : 11 swaps performed 
Info    : SwapImprove2  
Info    : 0 swaps performed 
Info    : ImproveMesh 
Info    : Total badness = 160527 
Info    : Total badness = 160521 
Info    : CombineImprove 
Info    : 4 elements combined 
Info    : ImproveMesh 
Info    : Total badness = 160487 
Info    : Total badness = 160484 
Info    : SplitImprove 
Info    : badmax = 13.5699 
Info    : 0 splits performed 
Info    : ImproveMesh 
Info    : Total badness = 160484 
Info    : Total badness = 160483 
Info    : SwapImprove  
Info    : 11 swaps performed 
Info    : SwapImprove2  
Info    : 0 swaps performed 
Info    : ImproveMesh 
Info    : Total badness = 160482 
Info    : Total badness = 160476 
Info    : CombineImprove 
Info    : 1 elements combined 
Info    : ImproveMesh 
Info    : Total badness = 160468 
Info    : Total badness = 160467 
Info    : SplitImprove 
Info    : badmax = 13.5699 
Info    : 0 splits performed 
Info    : ImproveMesh 
Info    : Total badness = 160467 
Info    : Total badness = 160467 
Info    : SwapImprove  
Info    : 7 swaps performed 
Info    : SwapImprove2  
Info    : 0 swaps performed 
Info    : ImproveMesh 
Info    : Total badness = 160466 
Info    : Total badness = 160461 
Info    : Meshing order 2 (curvilinear off)...
Info    : [  0%] Meshing curve 1 order 2
Info    : [ 10%] Meshing curve 2 order 2
Info    : [ 10%] Meshing curve 3 order 2
Info    : [ 10%] Meshing curve 4 order 2
Info    : [ 10%] Meshing curve 5 order 2
Info    : [ 10%] Meshing curve 6 order 2
Info    : [ 10%] Meshing curve 7 order 2
Info    : [ 20%] Meshing curve 8 order 2
Info    : [ 20%] Meshing curve 9 order 2
Info    : [ 20%] Meshing curve 10 order 2
Info    : [ 20%] Meshing curve 11 order 2
Info    : [ 20%] Meshing curve 12 order 2
Info    : [ 20%] Meshing curve 13 order 2
Info    : [ 30%] Meshing curve 14 order 2
Info    : [ 30%] Meshing curve 15 order 2
Info    : [ 30%] Meshing curve 16 order 2
Info    : [ 30%] Meshing curve 17 order 2
Info    : [ 30%] Meshing curve 18 order 2
Info    : [ 30%] Meshing curve 19 order 2
Info    : [ 40%] Meshing curve 20 order 2
Info    : [ 40%] Meshing curve 21 order 2
Info    : [ 40%] Meshing curve 22 order 2
Info    : [ 40%] Meshing curve 23 order 2
Info    : [ 40%] Meshing curve 24 order 2
Info    : [ 40%] Meshing curve 25 order 2
Info    : [ 50%] Meshing curve 26 order 2
Info    : [ 50%] Meshing curve 27 order 2
Info    : [ 50%] Meshing curve 28 order 2
Info    : [ 50%] Meshing curve 29 order 2
Info    : [ 50%] Meshing curve 30 order 2
Info    : [ 50%] Meshing curve 31 order 2
Info    : [ 60%] Meshing curve 32 order 2
Info    : [ 60%] Meshing curve 33 order 2
Info    : [ 60%] Meshing curve 34 order 2
Info    : [ 60%] Meshing curve 35 order 2
Info    : [ 60%] Meshing curve 36 order 2
Info    : [ 60%] Meshing curve 37 order 2
Info    : [ 60%] Meshing curve 38 order 2
Info    : [ 70%] Meshing curve 39 order 2
Info    : [ 70%] Meshing curve 40 order 2
Info    : [ 70%] Meshing curve 41 order 2
Info    : [ 70%] Meshing curve 42 order 2
Info    : [ 70%] Meshing surface 1 order 2
Info    : [ 70%] Meshing surface 2 order 2
Info    : [ 80%] Meshing surface 3 order 2
Info    : [ 80%] Meshing surface 4 order 2
Info    : [ 80%] Meshing surface 5 order 2
Info    : [ 80%] Meshing surface 6 order 2
Info    : [ 80%] Meshing surface 7 order 2
Info    : [ 80%] Meshing surface 8 order 2
Info    : [ 90%] Meshing surface 9 order 2
Info    : [ 90%] Meshing surface 10 order 2
Info    : [ 90%] Meshing surface 11 order 2
Info    : [ 90%] Meshing surface 12 order 2
Info    : [ 90%] Meshing surface 13 order 2
Info    : [ 90%] Meshing surface 14 order 2
Info    : [100%] Meshing surface 15 order 2
Info    : [100%] Meshing surface 16 order 2
Info    : [100%] Meshing surface 17 order 2
Info    : [100%] Meshing surface 18 order 2
Info    : [100%] Meshing surface 19 order 2
Info    : [100%] Meshing volume 1 order 2
Info    : Done meshing order 2 (Wall 0.836277s, CPU 0.75333s)
Debug   : Renumbering for potentially partial mesh save
[dtoo] mesh written: /repo/data/dataset/sobol/machine_0001/mesh.msh.part
[sampler] machine_0001 mesh OK
[dtoo] exporting machine_0002 2026-09-12T08:48:01+02:00
[sampler] draw skipped: all 64 machines carry params.json (export pass, scipy not needed here)
[sampler] exporting 1 meshes (dtOO, container only)
Warning : Gmsh has aleady been initialized
Warning : Gmsh has aleady been initialized
Warning : Gmsh has aleady been initialized
Warning : Gmsh has aleady been initialized
Warning : Gmsh has aleady been initialized
Warning : Gmsh has aleady been initialized
Warning : Gmsh has aleady been initialized
Warning : Gmsh has aleady been initialized
Warning : Gmsh has aleady been initialized
Warning : Gmsh has aleady been initialized
Warning : Gmsh has aleady been initialized
Warning : Gmsh has aleady been initialized
Warning : Gmsh has aleady been initialized
Warning : Gmsh has aleady been initialized
Warning : Gmsh has aleady been initialized
[dtoo] applied 30 parameter overrides
Warning : Gmsh has aleady been initialized
Warning : Gmsh has aleady been initialized
Warning : Gmsh has aleady been initialized
Warning : Gmsh has aleady been initialized
Warning : Gmsh has aleady been initialized
Warning : Gmsh has aleady been initialized
[dtoo] plugin ru_adjustDomain applied
[dtoo] makeGrid on ruWithRounding_mechMesh ...
Debug   : Decoded option name 'General' . 'ExpertMode' (index 0)
Debug   : Decoded option name 'Mesh' . 'LcIntegrationPrecision' (index 0)
Debug   : Decoded option name 'Mesh' . 'SecondOrderLinear' (index 0)
Debug   : Decoded option name 'Mesh' . 'Algorithm' (index 0)
Debug   : Decoded option name 'Mesh' . 'CharacteristicLengthMin' (index 0)
Debug   : Decoded option name 'Mesh' . 'CharacteristicLengthMax' (index 0)
Debug   : Decoded option name 'Mesh' . 'MeshSizeExtendFromBoundary' (index 0)
Debug   : Decoded option name 'Mesh' . 'MeshSizeFromPoints' (index 0)
Debug   : Decoded option name 'Mesh' . 'MeshSizeFromCurvature' (index 0)
Info    : Meshing vertex 1 ( dtGmshVertex )
Info    : Meshing vertex 2 ( dtGmshVertex )
Info    : Meshing vertex 3 ( dtGmshVertex )
Info    : Meshing vertex 4 ( dtGmshVertex )
Info    : Meshing vertex 5 ( dtGmshVertex )
Info    : Meshing vertex 6 ( dtGmshVertex )
Info    : Meshing vertex 7 ( dtGmshVertex )
Info    : Meshing vertex 8 ( dtGmshVertex )
Info    : Meshing vertex 9 ( dtGmshVertex )
Info    : Meshing vertex 10 ( dtGmshVertex )
Info    : Meshing vertex 11 ( dtGmshVertex )
Info    : Meshing vertex 12 ( dtGmshVertex )
Info    : Meshing vertex 13 ( dtGmshVertex )
Info    : Meshing vertex 14 ( dtGmshVertex )
Info    : Meshing vertex 15 ( dtGmshVertex )
Info    : Meshing vertex 16 ( dtGmshVertex )
Info    : Meshing vertex 17 ( dtGmshVertex )
Info    : Meshing vertex 18 ( dtGmshVertex )
Info    : Meshing vertex 19 ( dtGmshVertex )
Info    : Meshing vertex 20 ( dtGmshVertex )
Info    : Meshing vertex 21 ( dtGmshVertex )
Info    : Meshing vertex 22 ( dtGmshVertex )
Info    : Meshing vertex 23 ( dtGmshVertex )
Info    : Meshing vertex 24 ( dtGmshVertex )
Info    : Meshing vertex 25 ( dtGmshVertex )
Info    : Meshing vertex 26 ( dtGmshVertex )
Info    : Meshing curve 1 (Unknown)
Debug   : Meshing curve 1 (Unknown): 11 interior vertices
Info    : Meshing curve 2 (Unknown)
Debug   : Meshing curve 2 (Unknown): 45 interior vertices
Info    : Meshing curve 3 (Unknown)
Debug   : Meshing curve 3 (Unknown): 11 interior vertices
Info    : Meshing curve 4 (Unknown)
Debug   : Meshing curve 4 (Unknown): 45 interior vertices
Info    : Meshing curve 5 (Unknown)
Debug   : Meshing curve 5 (Unknown): 5 interior vertices
Info    : Meshing curve 6 (Unknown)
Debug   : Meshing curve 6 (Unknown): 45 interior vertices
Info    : Meshing curve 7 (Unknown)
Debug   : Meshing curve 7 (Unknown): 5 interior vertices
Info    : Meshing curve 8 (Unknown)
Debug   : Meshing curve 8 (Unknown): 5 interior vertices
Info    : Meshing curve 9 (Unknown)
Debug   : Meshing curve 9 (Unknown): 45 interior vertices
Info    : Meshing curve 10 (Unknown)
Debug   : Meshing curve 10 (Unknown): 5 interior vertices
Info    : Meshing curve 11 (Unknown)
Debug   : Meshing curve 11 (Unknown): 34 interior vertices
Info    : Meshing curve 12 (Unknown)
Debug   : Meshing curve 12 (Unknown): 34 interior vertices
Info    : Meshing curve 13 (Unknown)
Debug   : Meshing curve 13 (Unknown): 67 interior vertices
Info    : Meshing curve 14 (Unknown)
Debug   : Meshing curve 14 (Unknown): 28 interior vertices
Info    : Meshing curve 15 (Unknown)
Debug   : Meshing curve 15 (Unknown): 26 interior vertices
Info    : Meshing curve 16 (Unknown)
Debug   : Meshing curve 16 (Unknown): 54 interior vertices
Info    : Meshing curve 17 (Unknown)
Debug   : Meshing curve 17 (Unknown): 24 interior vertices
Info    : Meshing curve 18 (Unknown)
Debug   : Meshing curve 18 (Unknown): 25 interior vertices
Info    : Meshing curve 19 (Unknown)
Debug   : Meshing curve 19 (Unknown): 28 interior vertices
Info    : Meshing curve 20 (Unknown)
Debug   : Meshing curve 20 (Unknown): 50 interior vertices
Info    : Meshing curve 21 (Unknown)
Debug   : Meshing curve 21 (Unknown): 18 interior vertices
Info    : Meshing curve 22 (Unknown)
Debug   : Meshing curve 22 (Unknown): 43 interior vertices
Info    : Meshing curve 23 (Unknown)
Debug   : Meshing curve 23 (Unknown): 13 interior vertices
Info    : Meshing curve 24 (Unknown)
Debug   : Meshing curve 24 (Unknown): 14 interior vertices
Info    : Meshing curve 25 (Unknown)
Debug   : Meshing curve 25 (Unknown): 6 interior vertices
Info    : Meshing curve 26 (Unknown)
Debug   : Meshing curve 26 (Unknown): 158 interior vertices
Info    : Meshing curve 27 (Unknown)
Debug   : Meshing curve 27 (Unknown): 6 interior vertices
Info    : Meshing curve 28 (Unknown)
Debug   : Meshing curve 28 (Unknown): 20 interior vertices
Info    : Meshing curve 29 (Unknown)
Debug   : Meshing curve 29 (Unknown): 6 interior vertices
Info    : Meshing curve 30 (Unknown)
Debug   : Meshing curve 30 (Unknown): 51 interior vertices
Info    : Meshing curve 31 (Unknown)
Debug   : Meshing curve 31 (Unknown): 7 interior vertices
Info    : Meshing curve 32 (Unknown)
Debug   : Meshing curve 32 (Unknown): 12 interior vertices
Info    : Meshing curve 33 (Unknown)
Debug   : Meshing curve 33 (Unknown): 27 interior vertices
Info    : Meshing curve 34 (Unknown)
Debug   : Meshing curve 34 (Unknown): 44 interior vertices
Info    : Meshing curve 35 (Unknown)
Debug   : Meshing curve 35 (Unknown): 18 interior vertices
Info    : Meshing curve 36 (Unknown)
Debug   : Meshing curve 36 (Unknown): 13 interior vertices
Info    : Meshing curve 37 (Unknown)
Debug   : Meshing curve 37 (Unknown): 5 interior vertices
Info    : Meshing curve 38 (Unknown)
Debug   : Meshing curve 38 (Unknown): 155 interior vertices
Info    : Meshing curve 39 (Unknown)
Debug   : Meshing curve 39 (Unknown): 8 interior vertices
Info    : Meshing curve 40 (Unknown)
Debug   : Meshing curve 40 (Unknown): 25 interior vertices
Info    : Meshing curve 41 (Unknown)
Debug   : Meshing curve 41 (Unknown): 5 interior vertices
Info    : Meshing curve 42 (Unknown)
Debug   : Meshing curve 42 (Unknown): 8 interior vertices
Info    : Meshing surface 1 (Parametric surface, MeshAdapt)
Debug   : Recovering 4 model edges
Debug   : Recovering 116 mesh edges (0 not recovered)
Debug   : Boundary edges recovered for surface 1
Debug   : Computing mesh size field at mesh nodes 116
Debug   : Delaunizing the initial mesh
Debug   : Starting to add internal nodes
Debug   :  iter   1 minL    0.353/   0.700 maxL    4.138/   1.400 -- Small/Large/Total (   146/   676/  1333):    421 splits,    216 swaps,     53 collapses,   1202 moves
Debug   :  iter   2 minL    0.413/   0.700 maxL    2.174/   1.400 -- Small/Large/Total (   371/     7/  2476):    676 splits,    872 swaps,    295 collapses,   2693 moves
Debug   :  iter   3 minL    0.570/   0.700 maxL    1.382/   1.400 -- Small/Large/Total (    28/     0/  2071):      7 splits,     20 swaps,    142 collapses,    882 moves
Debug   :  iter   4 minL    0.570/   0.700 maxL    1.382/   1.400 -- Small/Large/Total (    25/     0/  2071):      0 splits,      0 swaps,      0 collapses,     93 moves
Debug   :  ---------------------------------------
Debug   :  CPU Report 
Debug   :  ---------------------------------------
Debug   :  CPU SWAP     4.19100E-03 sec (  4 %)
Debug   :  CPU SPLIT    1.06810E-02 sec ( 10 %) 
Debug   :  CPU COLLAPS  3.13610E-02 sec ( 29 %) 
Debug   :  CPU SMOOTH   6.34010E-02 sec ( 58 %) 
Debug   :  ---------------------------------------
Debug   :  CPU TOTAL    1.09634E-01 sec 
Debug   :  ---------------------------------------
Debug   :  iter   1 minL    0.570/   0.700 maxL    1.382/   1.400 -- Small/Large/Total (    21/     0/  2071):      0 splits,      0 swaps,      0 collapses,     55 moves
Debug   :  ---------------------------------------
Debug   :  CPU Report 
Debug   :  ---------------------------------------
Debug   :  CPU SWAP     7.64000E-04 sec (  6 %)
Debug   :  CPU SPLIT    5.24100E-03 sec ( 43 %) 
Debug   :  CPU COLLAPS  2.55500E-03 sec ( 21 %) 
Debug   :  CPU SMOOTH   3.58800E-03 sec ( 30 %) 
Debug   :  ---------------------------------------
Debug   :  CPU TOTAL    1.21480E-02 sec 
Debug   :  ---------------------------------------
Debug   : Type 23 1342 triangles generated, 614 internal nodes
Info    : Meshing surface 2 (Parametric surface, MeshAdapt)
Debug   : Recovering 4 model edges
Debug   : Recovering 104 mesh edges (0 not recovered)
Debug   : Boundary edges recovered for surface 2
Debug   : Computing mesh size field at mesh nodes 104
Debug   : Delaunizing the initial mesh
Debug   : Starting to add internal nodes
Debug   :  iter   1 minL    0.533/   0.700 maxL    1.546/   1.400 -- Small/Large/Total (   153/    97/  1141):    373 splits,    277 swaps,     61 collapses,   1083 moves
Debug   :  iter   2 minL    0.533/   0.700 maxL    1.358/   1.400 -- Small/Large/Total (    22/     0/  1084):     97 splits,    121 swaps,    116 collapses,    612 moves
Debug   :  iter   3 minL    0.624/   0.700 maxL    1.358/   1.400 -- Small/Large/Total (    15/     0/  1078):      0 splits,      1 swaps,      2 collapses,     51 moves
Debug   :  iter   4 minL    0.624/   0.700 maxL    1.358/   1.400 -- Small/Large/Total (    15/     0/  1078):      0 splits,      0 swaps,      0 collapses,     31 moves
Debug   :  ---------------------------------------
Debug   :  CPU Report 
Debug   :  ---------------------------------------
Debug   :  CPU SWAP     1.92900E-03 sec (  4 %)
Debug   :  CPU SPLIT    7.74800E-03 sec ( 16 %) 
Debug   :  CPU COLLAPS  1.61780E-02 sec ( 33 %) 
Debug   :  CPU SMOOTH   2.30270E-02 sec ( 47 %) 
Debug   :  ---------------------------------------
Debug   :  CPU TOTAL    4.88820E-02 sec 
Debug   :  ---------------------------------------
Debug   :  iter   1 minL    0.624/   0.700 maxL    1.298/   1.400 -- Small/Large/Total (    15/     0/  1078):      0 splits,      0 swaps,      0 collapses,     27 moves
Debug   :  ---------------------------------------
Debug   :  CPU Report 
Debug   :  ---------------------------------------
Debug   :  CPU SWAP     3.74000E-04 sec (  5 %)
Debug   :  CPU SPLIT    3.57200E-03 sec ( 49 %) 
Debug   :  CPU COLLAPS  1.77700E-03 sec ( 24 %) 
Debug   :  CPU SMOOTH   1.63500E-03 sec ( 22 %) 
Debug   :  ---------------------------------------
Debug   :  CPU TOTAL    7.35800E-03 sec 
Debug   :  ---------------------------------------
Debug   : Type 23 684 triangles generated, 291 internal nodes
Info    : Meshing surface 3 (Parametric surface, MeshAdapt)
Debug   : Recovering 4 model edges
Debug   : Recovering 104 mesh edges (0 not recovered)
Debug   : Boundary edges recovered for surface 3
Debug   : Computing mesh size field at mesh nodes 104
Debug   : Delaunizing the initial mesh
Debug   : Starting to add internal nodes
Debug   :  iter   1 minL    0.533/   0.700 maxL    1.546/   1.400 -- Small/Large/Total (   153/   105/  1141):    373 splits,    275 swaps,     61 collapses,   1089 moves
Debug   :  iter   2 minL    0.533/   0.700 maxL    1.358/   1.400 -- Small/Large/Total (    22/     0/  1096):    105 splits,    125 swaps,    120 collapses,    630 moves
Debug   :  iter   3 minL    0.624/   0.700 maxL    1.358/   1.400 -- Small/Large/Total (    15/     0/  1090):      0 splits,      1 swaps,      2 collapses,     53 moves
Debug   :  iter   4 minL    0.624/   0.700 maxL    1.298/   1.400 -- Small/Large/Total (    15/     0/  1090):      0 splits,      0 swaps,      0 collapses,     30 moves
Debug   :  ---------------------------------------
Debug   :  CPU Report 
Debug   :  ---------------------------------------
Debug   :  CPU SWAP     1.96500E-03 sec (  4 %)
Debug   :  CPU SPLIT    6.25500E-03 sec ( 14 %) 
Debug   :  CPU COLLAPS  1.30850E-02 sec ( 29 %) 
Debug   :  CPU SMOOTH   2.30890E-02 sec ( 52 %) 
Debug   :  ---------------------------------------
Debug   :  CPU TOTAL    4.43940E-02 sec 
Debug   :  ---------------------------------------
Debug   :  iter   1 minL    0.624/   0.700 maxL    1.298/   1.400 -- Small/Large/Total (    15/     0/  1090):      0 splits,      0 swaps,      0 collapses,     26 moves
Debug   :  ---------------------------------------
Debug   :  CPU Report 
Debug   :  ---------------------------------------
Debug   :  CPU SWAP     3.81000E-04 sec (  6 %)
Debug   :  CPU SPLIT    2.81100E-03 sec ( 45 %) 
Debug   :  CPU COLLAPS  1.38500E-03 sec ( 22 %) 
Debug   :  CPU SMOOTH   1.63400E-03 sec ( 26 %) 
Debug   :  ---------------------------------------
Debug   :  CPU TOTAL    6.21100E-03 sec 
Debug   :  ---------------------------------------
Debug   : Type 23 692 triangles generated, 295 internal nodes
Info    : Meshing surface 4 (Parametric surface, MeshAdapt)
Debug   : Recovering 4 model edges
Debug   : Recovering 59 mesh edges (0 not recovered)
Debug   : Boundary edges recovered for surface 4
Debug   : Computing mesh size field at mesh nodes 59
Debug   : Delaunizing the initial mesh
Debug   : Starting to add internal nodes
Debug   :  iter   1 minL    0.388/   0.700 maxL    6.144/   1.400 -- Small/Large/Total (    27/   215/   598):    211 splits,    348 swaps,     50 collapses,    567 moves
Debug   :  iter   2 minL    0.615/   0.700 maxL    1.376/   1.400 -- Small/Large/Total (    32/     0/  1039):    216 splits,    110 swaps,     69 collapses,    874 moves
Debug   :  iter   3 minL    0.578/   0.700 maxL    1.415/   1.400 -- Small/Large/Total (    25/     1/  1033):      0 splits,      0 swaps,      2 collapses,    127 moves
Debug   :  iter   4 minL    0.578/   0.700 maxL    1.385/   1.400 -- Small/Large/Total (    24/     0/  1036):      1 splits,      1 swaps,      0 collapses,     45 moves
Debug   :  iter   5 minL    0.578/   0.700 maxL    1.385/   1.400 -- Small/Large/Total (    24/     0/  1036):      0 splits,      0 swaps,      0 collapses,     29 moves
Debug   :  ---------------------------------------
Debug   :  CPU Report 
Debug   :  ---------------------------------------
Debug   :  CPU SWAP     2.43500E-03 sec (  3 %)
Debug   :  CPU SPLIT    6.69500E-03 sec (  9 %) 
Debug   :  CPU COLLAPS  1.16420E-02 sec ( 16 %) 
Debug   :  CPU SMOOTH   4.99810E-02 sec ( 71 %) 
Debug   :  ---------------------------------------
Debug   :  CPU TOTAL    7.07530E-02 sec 
Debug   :  ---------------------------------------
Debug   :  iter   1 minL    0.578/   0.700 maxL    1.385/   1.400 -- Small/Large/Total (    24/     0/  1036):      0 splits,      0 swaps,      0 collapses,     27 moves
Debug   :  ---------------------------------------
Debug   :  CPU Report 
Debug   :  ---------------------------------------
Debug   :  CPU SWAP     4.08000E-04 sec (  4 %)
Debug   :  CPU SPLIT    2.89000E-03 sec ( 26 %) 
Debug   :  CPU COLLAPS  1.43200E-03 sec ( 13 %) 
Debug   :  CPU SMOOTH   6.34400E-03 sec ( 57 %) 
Debug   :  ---------------------------------------
Debug   :  CPU TOTAL    1.10740E-02 sec 
Debug   :  ---------------------------------------
Debug   : Type 23 671 triangles generated, 307 internal nodes
Info    : Meshing surface 5 (Parametric surface, MeshAdapt)
Debug   : Recovering 4 model edges
Debug   : Recovering 59 mesh edges (0 not recovered)
Debug   : Boundary edges recovered for surface 5
Debug   : Computing mesh size field at mesh nodes 59
Debug   : Delaunizing the initial mesh
Debug   : Starting to add internal nodes
Debug   :  iter   1 minL    0.386/   0.700 maxL    5.738/   1.400 -- Small/Large/Total (    37/   208/   577):    206 splits,    337 swaps,     52 collapses,    542 moves
Debug   :  iter   2 minL    0.543/   0.700 maxL    1.661/   1.400 -- Small/Large/Total (    44/    16/   991):    211 splits,    112 swaps,     73 collapses,    822 moves
Debug   :  iter   3 minL    0.587/   0.700 maxL    1.379/   1.400 -- Small/Large/Total (    22/     0/  1009):     18 splits,     10 swaps,     12 collapses,    281 moves
Debug   :  iter   4 minL    0.587/   0.700 maxL    1.377/   1.400 -- Small/Large/Total (    17/     0/  1000):      0 splits,      0 swaps,      3 collapses,     84 moves
Debug   :  iter   5 minL    0.587/   0.700 maxL    1.377/   1.400 -- Small/Large/Total (    17/     0/  1000):      0 splits,      0 swaps,      0 collapses,     50 moves
Debug   :  ---------------------------------------
Debug   :  CPU Report 
Debug   :  ---------------------------------------
Debug   :  CPU SWAP     2.40200E-03 sec (  3 %)
Debug   :  CPU SPLIT    6.72400E-03 sec (  9 %) 
Debug   :  CPU COLLAPS  1.23680E-02 sec ( 17 %) 
Debug   :  CPU SMOOTH   4.98890E-02 sec ( 70 %) 
Debug   :  ---------------------------------------
Debug   :  CPU TOTAL    7.13830E-02 sec 
Debug   :  ---------------------------------------
Debug   :  iter   1 minL    0.587/   0.700 maxL    1.377/   1.400 -- Small/Large/Total (    17/     0/  1000):      0 splits,      0 swaps,      0 collapses,     44 moves
Debug   :  ---------------------------------------
Debug   :  CPU Report 
Debug   :  ---------------------------------------
Debug   :  CPU SWAP     3.94000E-04 sec (  4 %)
Debug   :  CPU SPLIT    2.86700E-03 sec ( 29 %) 
Debug   :  CPU COLLAPS  1.43300E-03 sec ( 14 %) 
Debug   :  CPU SMOOTH   5.21400E-03 sec ( 53 %) 
Debug   :  ---------------------------------------
Debug   :  CPU TOTAL    9.90800E-03 sec 
Debug   :  ---------------------------------------
Debug   : Type 23 647 triangles generated, 295 internal nodes
Info    : Meshing surface 6 (Parametric surface, MeshAdapt)
Debug   : Recovering 10 model edges
Debug   : Recovering 392 mesh edges (0 not recovered)
Debug   : Boundary edges recovered for surface 6
Debug   : Computing mesh size field at mesh nodes 392
Debug   : Delaunizing the initial mesh
Debug   : Starting to add internal nodes
Debug   :  iter   1 minL    0.081/   0.700 maxL   11.117/   1.400 -- Small/Large/Total (   562/  3008/  5212):   1540 splits,    993 swaps,     64 collapses,   4123 moves
Debug   :  iter   2 minL    0.042/   0.700 maxL    6.653/   1.400 -- Small/Large/Total (  2059/  2850/ 11194):   3011 splits,   1673 swaps,   1017 collapses,   9812 moves
Debug   :  iter   3 minL    0.077/   0.700 maxL    7.618/   1.400 -- Small/Large/Total (  2795/  1151/ 12007):   2976 splits,   4132 swaps,   2705 collapses,  13249 moves
Debug   :  iter   4 minL    0.165/   0.700 maxL    5.540/   1.400 -- Small/Large/Total (  1105/   205/ 10648):   1298 splits,   2523 swaps,   1751 collapses,   8685 moves
Debug   :  iter   5 minL    0.328/   0.700 maxL    1.994/   1.400 -- Small/Large/Total (   527/    44/ 10237):    229 splits,    353 swaps,    366 collapses,   3532 moves
Debug   :  iter   6 minL    0.367/   0.700 maxL    1.568/   1.400 -- Small/Large/Total (   435/    18/ 10195):     47 splits,     54 swaps,     61 collapses,   1574 moves
Debug   :  iter   7 minL    0.377/   0.700 maxL    1.950/   1.400 -- Small/Large/Total (   427/     9/ 10201):     21 splits,     22 swaps,     19 collapses,    858 moves
Debug   :  iter   8 minL    0.372/   0.700 maxL    1.722/   1.400 -- Small/Large/Total (   426/     4/ 10204):     12 splits,      9 swaps,     11 collapses,    534 moves
Debug   :  iter   9 minL    0.372/   0.700 maxL    1.570/   1.400 -- Small/Large/Total (   417/     7/ 10195):      6 splits,      6 swaps,      9 collapses,    405 moves
Debug   :  iter  10 minL    0.372/   0.700 maxL    1.537/   1.400 -- Small/Large/Total (   419/     3/ 10201):      7 splits,     11 swaps,      5 collapses,    350 moves
Debug   :  iter  11 minL    0.372/   0.700 maxL    1.666/   1.400 -- Small/Large/Total (   416/     1/ 10201):      3 splits,      1 swaps,      3 collapses,    312 moves
Debug   :  ---------------------------------------
Debug   :  CPU Report 
Debug   :  ---------------------------------------
Debug   :  CPU SWAP     7.32270E-02 sec (  4 %)
Debug   :  CPU SPLIT    1.61706E-01 sec (  9 %) 
Debug   :  CPU COLLAPS  3.73209E-01 sec ( 22 %) 
Debug   :  CPU SMOOTH   1.09885E+00 sec ( 64 %) 
Debug   :  ---------------------------------------
Debug   :  CPU TOTAL    1.70699E+00 sec 
Debug   :  ---------------------------------------
Debug   :  iter   1 minL    0.372/   0.700 maxL    2.635/   1.400 -- Small/Large/Total (   419/     7/ 10207):      4 splits,      3 swaps,      3 collapses,    210 moves
Debug   :  iter   2 minL    0.372/   0.700 maxL    1.420/   1.400 -- Small/Large/Total (   423/     1/ 10216):      7 splits,      4 swaps,      4 collapses,    179 moves
Debug   :  iter   3 minL    0.372/   0.700 maxL    1.400/   1.400 -- Small/Large/Total (   424/     0/ 10219):      1 splits,      1 swaps,      0 collapses,    141 moves
Debug   :  iter   4 minL    0.372/   0.700 maxL    1.400/   1.400 -- Small/Large/Total (   423/     0/ 10219):      0 splits,      0 swaps,      0 collapses,     80 moves
Debug   :  ---------------------------------------
Debug   :  CPU Report 
Debug   :  ---------------------------------------
Debug   :  CPU SWAP     1.96010E-02 sec (  6 %)
Debug   :  CPU SPLIT    6.22520E-02 sec ( 19 %) 
Debug   :  CPU COLLAPS  4.78550E-02 sec ( 14 %) 
Debug   :  CPU SMOOTH   2.04096E-01 sec ( 61 %) 
Debug   :  ---------------------------------------
Debug   :  CPU TOTAL    3.33804E-01 sec 
Debug   :  ---------------------------------------
Debug   : Type 23 6682 triangles generated, 3145 internal nodes
Info    : Meshing surface 7 (Parametric surface, MeshAdapt)
Debug   : Recovering 4 model edges
Debug   : Recovering 143 mesh edges (0 not recovered)
Debug   : Boundary edges recovered for surface 7
Debug   : Computing mesh size field at mesh nodes 143
Debug   : Delaunizing the initial mesh
Debug   : Starting to add internal nodes
Debug   :  iter   1 minL    0.279/   0.700 maxL    5.692/   1.400 -- Small/Large/Total (   148/   631/  1558):    519 splits,    626 swaps,     94 collapses,   1399 moves
Debug   :  iter   2 minL    0.279/   0.700 maxL    2.656/   1.400 -- Small/Large/Total (   180/   138/  2296):    637 splits,    711 swaps,    391 collapses,   2426 moves
Debug   :  iter   3 minL    0.428/   0.700 maxL    1.534/   1.400 -- Small/Large/Total (    94/     3/  2521):    162 splits,    103 swaps,     87 collapses,   1162 moves
Debug   :  iter   4 minL    0.428/   0.700 maxL    1.619/   1.400 -- Small/Large/Total (    84/     1/  2518):      3 splits,      5 swaps,      4 collapses,    348 moves
Debug   :  iter   5 minL    0.428/   0.700 maxL    1.389/   1.400 -- Small/Large/Total (    80/     0/  2518):      1 splits,      0 swaps,      1 collapses,    192 moves
Debug   :  iter   6 minL    0.428/   0.700 maxL    1.389/   1.400 -- Small/Large/Total (    80/     0/  2518):      0 splits,      0 swaps,      0 collapses,    141 moves
Debug   :  ---------------------------------------
Debug   :  CPU Report 
Debug   :  ---------------------------------------
Debug   :  CPU SWAP     7.48200E-03 sec (  0 %)
Debug   :  CPU SPLIT    5.40566E-01 sec (  5 %) 
Debug   :  CPU COLLAPS  1.23102E+00 sec ( 11 %) 
Debug   :  CPU SMOOTH   9.27046E+00 sec ( 84 %) 
Debug   :  ---------------------------------------
Debug   :  CPU TOTAL    1.10495E+01 sec 
Debug   :  ---------------------------------------
Debug   :  iter   1 minL    0.428/   0.700 maxL    1.389/   1.400 -- Small/Large/Total (    80/     0/  2518):      0 splits,      0 swaps,      0 collapses,    111 moves
Debug   :  ---------------------------------------
Debug   :  CPU Report 
Debug   :  ---------------------------------------
Debug   :  CPU SWAP     1.05300E-03 sec (  0 %)
Debug   :  CPU SPLIT    2.12376E-01 sec ( 17 %) 
Debug   :  CPU COLLAPS  1.06415E-01 sec (  9 %) 
Debug   :  CPU SMOOTH   9.08613E-01 sec ( 74 %) 
Debug   :  ---------------------------------------
Debug   :  CPU TOTAL    1.22846E+00 sec 
Debug   :  ---------------------------------------
Debug   : Type 23 1631 triangles generated, 745 internal nodes
Info    : Meshing surface 8 (Parametric surface, MeshAdapt)
Debug   : Recovering 4 model edges
Debug   : Recovering 126 mesh edges (0 not recovered)
Debug   : Boundary edges recovered for surface 8
Debug   : Computing mesh size field at mesh nodes 126
Debug   : Delaunizing the initial mesh
Debug   : Starting to add internal nodes
Debug   :  iter   1 minL    0.153/   0.700 maxL    5.383/   1.400 -- Small/Large/Total (   126/   532/  1404):    460 splits,    615 swaps,     75 collapses,   1322 moves
Debug   :  iter   2 minL    0.336/   0.700 maxL    2.496/   1.400 -- Small/Large/Total (   221/    80/  2214):    573 splits,    462 swaps,    303 collapses,   2247 moves
Debug   :  iter   3 minL    0.481/   0.700 maxL    1.450/   1.400 -- Small/Large/Total (   124/     1/  2265):    118 splits,     87 swaps,    101 collapses,   1133 moves
Debug   :  iter   4 minL    0.481/   0.700 maxL    1.379/   1.400 -- Small/Large/Total (   103/     0/  2250):      2 splits,      2 swaps,      7 collapses,    358 moves
Debug   :  iter   5 minL    0.481/   0.700 maxL    1.396/   1.400 -- Small/Large/Total (   105/     0/  2253):      1 splits,      0 swaps,      0 collapses,    210 moves
Debug   :  iter   6 minL    0.481/   0.700 maxL    1.397/   1.400 -- Small/Large/Total (   105/     0/  2253):      0 splits,      0 swaps,      0 collapses,    159 moves
Debug   :  ---------------------------------------
Debug   :  CPU Report 
Debug   :  ---------------------------------------
Debug   :  CPU SWAP     7.04800E-03 sec (  0 %)
Debug   :  CPU SPLIT    4.89866E-01 sec (  6 %) 
Debug   :  CPU COLLAPS  1.09609E+00 sec ( 13 %) 
Debug   :  CPU SMOOTH   6.67115E+00 sec ( 81 %) 
Debug   :  ---------------------------------------
Debug   :  CPU TOTAL    8.26415E+00 sec 
Debug   :  ---------------------------------------
Debug   :  iter   1 minL    0.481/   0.700 maxL    1.397/   1.400 -- Small/Large/Total (   105/     0/  2253):      0 splits,      0 swaps,      0 collapses,    125 moves
Debug   :  ---------------------------------------
Debug   :  CPU Report 
Debug   :  ---------------------------------------
Debug   :  CPU SWAP     9.41000E-04 sec (  0 %)
Debug   :  CPU SPLIT    1.88340E-01 sec ( 18 %) 
Debug   :  CPU COLLAPS  9.51410E-02 sec (  9 %) 
Debug   :  CPU SMOOTH   7.78385E-01 sec ( 73 %) 
Debug   :  ---------------------------------------
Debug   :  CPU TOTAL    1.06281E+00 sec 
Debug   :  ---------------------------------------
Debug   : Type 23 1460 triangles generated, 668 internal nodes
Info    : Meshing surface 9 (Parametric surface, MeshAdapt)
Debug   : Recovering 4 model edges
Debug   : Recovering 224 mesh edges (0 not recovered)
Debug   : Boundary edges recovered for surface 9
Debug   : Computing mesh size field at mesh nodes 224
Debug   : Delaunizing the initial mesh
Debug   : Starting to add internal nodes
Debug   :  iter   1 minL    0.325/   0.700 maxL    2.690/   1.400 -- Small/Large/Total (   360/   810/  2905):    893 splits,    472 swaps,     73 collapses,   2235 moves
Debug   :  iter   2 minL    0.465/   0.700 maxL    1.747/   1.400 -- Small/Large/Total (   216/    18/  3640):    909 splits,    466 swaps,    664 collapses,   3660 moves
Debug   :  iter   3 minL    0.550/   0.700 maxL    1.490/   1.400 -- Small/Large/Total (   118/     5/  3574):     21 splits,     24 swaps,     43 collapses,    933 moves
Debug   :  iter   4 minL    0.587/   0.700 maxL    1.372/   1.400 -- Small/Large/Total (   109/     0/  3559):      5 splits,      3 swaps,     10 collapses,    285 moves
Debug   :  iter   5 minL    0.587/   0.700 maxL    1.532/   1.400 -- Small/Large/Total (   110/     1/  3556):      1 splits,      0 swaps,      2 collapses,    113 moves
Debug   :  iter   6 minL    0.587/   0.700 maxL    1.424/   1.400 -- Small/Large/Total (   108/     1/  3556):      1 splits,      1 swaps,      1 collapses,     63 moves
Debug   :  iter   7 minL    0.587/   0.700 maxL    1.372/   1.400 -- Small/Large/Total (   109/     0/  3553):      1 splits,      4 swaps,      2 collapses,     45 moves
Debug   :  iter   8 minL    0.587/   0.700 maxL    1.372/   1.400 -- Small/Large/Total (   109/     0/  3553):      0 splits,      0 swaps,      0 collapses,     39 moves
Debug   :  ---------------------------------------
Debug   :  CPU Report 
Debug   :  ---------------------------------------
Debug   :  CPU SWAP     1.40490E-02 sec (  0 %)
Debug   :  CPU SPLIT    1.04582E+00 sec (  4 %) 
Debug   :  CPU COLLAPS  2.07842E+00 sec (  9 %) 
Debug   :  CPU SMOOTH   2.09436E+01 sec ( 87 %) 
Debug   :  ---------------------------------------
Debug   :  CPU TOTAL    2.40819E+01 sec 
Debug   :  ---------------------------------------
Debug   :  iter   1 minL    0.587/   0.700 maxL    1.372/   1.400 -- Small/Large/Total (   109/     0/  3553):      0 splits,      0 swaps,      0 collapses,     25 moves
Debug   :  ---------------------------------------
Debug   :  CPU Report 
Debug   :  ---------------------------------------
Debug   :  CPU SWAP     1.54600E-03 sec (  0 %)
Debug   :  CPU SPLIT    2.78794E-01 sec ( 13 %) 
Debug   :  CPU COLLAPS  1.39651E-01 sec (  7 %) 
Debug   :  CPU SMOOTH   1.68684E+00 sec ( 80 %) 
Debug   :  ---------------------------------------
Debug   :  CPU TOTAL    2.10683E+00 sec 
Debug   :  ---------------------------------------
Debug   : Type 23 2294 triangles generated, 1036 internal nodes
Info    : Meshing surface 10 (Parametric surface, MeshAdapt)
Debug   : Recovering 4 model edges
Debug   : Recovering 71 mesh edges (0 not recovered)
Debug   : Boundary edges recovered for surface 10
Debug   : Computing mesh size field at mesh nodes 71
Debug   : Delaunizing the initial mesh
Debug   : Starting to add internal nodes
Debug   :  iter   1 minL    0.317/   0.700 maxL    5.732/   1.400 -- Small/Large/Total (    65/   138/   682):    241 splits,    252 swaps,     60 collapses,    659 moves
Debug   :  iter   2 minL    0.424/   0.700 maxL    3.145/   1.400 -- Small/Large/Total (    66/     8/   871):    153 splits,    121 swaps,     90 collapses,    756 moves
Debug   :  iter   3 minL    0.537/   0.700 maxL    1.781/   1.400 -- Small/Large/Total (    47/     2/   880):     15 splits,      8 swaps,     12 collapses,    302 moves
Debug   :  iter   4 minL    0.514/   0.700 maxL    1.544/   1.400 -- Small/Large/Total (    38/     1/   868):      3 splits,      4 swaps,      7 collapses,    161 moves
Debug   :  iter   5 minL    0.514/   0.700 maxL    1.387/   1.400 -- Small/Large/Total (    35/     0/   865):      1 splits,      1 swaps,      2 collapses,    106 moves
Debug   :  iter   6 minL    0.514/   0.700 maxL    1.387/   1.400 -- Small/Large/Total (    35/     0/   865):      0 splits,      0 swaps,      0 collapses,     88 moves
Debug   :  ---------------------------------------
Debug   :  CPU Report 
Debug   :  ---------------------------------------
Debug   :  CPU SWAP     2.65800E-03 sec (  0 %)
Debug   :  CPU SPLIT    1.75244E-01 sec (  3 %) 
Debug   :  CPU COLLAPS  3.59229E-01 sec (  5 %) 
Debug   :  CPU SMOOTH   6.18185E+00 sec ( 92 %) 
Debug   :  ---------------------------------------
Debug   :  CPU TOTAL    6.71898E+00 sec 
Debug   :  ---------------------------------------
Debug   :  iter   1 minL    0.514/   0.700 maxL    1.387/   1.400 -- Small/Large/Total (    35/     0/   865):      0 splits,      0 swaps,      0 collapses,     81 moves
Debug   :  ---------------------------------------
Debug   :  CPU Report 
Debug   :  ---------------------------------------
Debug   :  CPU SWAP     3.53000E-04 sec (  0 %)
Debug   :  CPU SPLIT    6.32060E-02 sec (  9 %) 
Debug   :  CPU COLLAPS  3.18360E-02 sec (  4 %) 
Debug   :  CPU SMOOTH   6.28134E-01 sec ( 87 %) 
Debug   :  ---------------------------------------
Debug   :  CPU TOTAL    7.23529E-01 sec 
Debug   :  ---------------------------------------
Debug   : Type 23 553 triangles generated, 242 internal nodes
Info    : Meshing surface 11 (Parametric surface, MeshAdapt)
Debug   : Recovering 4 model edges
Debug   : Recovering 226 mesh edges (0 not recovered)
Debug   : Boundary edges recovered for surface 11
Debug   : Computing mesh size field at mesh nodes 226
Debug   : Delaunizing the initial mesh
Debug   : Starting to add internal nodes
Debug   :  iter   1 minL    0.299/   0.700 maxL    2.686/   1.400 -- Small/Large/Total (   331/   690/  2945):    895 splits,    543 swaps,     63 collapses,   2345 moves
Debug   :  iter   2 minL    0.494/   0.700 maxL    1.586/   1.400 -- Small/Large/Total (   196/    15/  3596):    776 splits,    432 swaps,    559 collapses,   3371 moves
Debug   :  iter   3 minL    0.502/   0.700 maxL    1.580/   1.400 -- Small/Large/Total (   120/     6/  3518):     16 splits,     16 swaps,     42 collapses,    837 moves
Debug   :  iter   4 minL    0.502/   0.700 maxL    1.396/   1.400 -- Small/Large/Total (   114/     0/  3527):      7 splits,      6 swaps,      4 collapses,    259 moves
Debug   :  iter   5 minL    0.502/   0.700 maxL    1.396/   1.400 -- Small/Large/Total (   110/     0/  3518):      0 splits,      1 swaps,      3 collapses,     71 moves
Debug   :  iter   6 minL    0.502/   0.700 maxL    1.396/   1.400 -- Small/Large/Total (   108/     0/  3518):      0 splits,      0 swaps,      0 collapses,     31 moves
Debug   :  ---------------------------------------
Debug   :  CPU Report 
Debug   :  ---------------------------------------
Debug   :  CPU SWAP     1.08540E-02 sec (  0 %)
Debug   :  CPU SPLIT    7.51176E-01 sec (  4 %) 
Debug   :  CPU COLLAPS  1.62680E+00 sec (  9 %) 
Debug   :  CPU SMOOTH   1.57099E+01 sec ( 87 %) 
Debug   :  ---------------------------------------
Debug   :  CPU TOTAL    1.80988E+01 sec 
Debug   :  ---------------------------------------
Debug   :  iter   1 minL    0.502/   0.700 maxL    1.396/   1.400 -- Small/Large/Total (   108/     0/  3518):      0 splits,      0 swaps,      0 collapses,     26 moves
Debug   :  ---------------------------------------
Debug   :  CPU Report 
Debug   :  ---------------------------------------
Debug   :  CPU SWAP     1.55300E-03 sec (  0 %)
Debug   :  CPU SPLIT    2.74833E-01 sec ( 14 %) 
Debug   :  CPU COLLAPS  1.36575E-01 sec (  7 %) 
Debug   :  CPU SMOOTH   1.50056E+00 sec ( 78 %) 
Debug   :  ---------------------------------------
Debug   :  CPU TOTAL    1.91352E+00 sec 
Debug   :  ---------------------------------------
Debug   : Type 23 2270 triangles generated, 1023 internal nodes
Info    : Meshing surface 12 (Parametric surface, MeshAdapt)
Debug   : Recovering 4 model edges
Debug   : Recovering 68 mesh edges (0 not recovered)
Debug   : Boundary edges recovered for surface 12
Debug   : Computing mesh size field at mesh nodes 68
Debug   : Delaunizing the initial mesh
Debug   : Starting to add internal nodes
Debug   :  iter   1 minL    0.205/   0.700 maxL    5.527/   1.400 -- Small/Large/Total (    52/   114/   649):    226 splits,    230 swaps,     54 collapses,    618 moves
Debug   :  iter   2 minL    0.318/   0.700 maxL    2.566/   1.400 -- Small/Large/Total (    65/    17/   823):    132 splits,    101 swaps,     74 collapses,    678 moves
Debug   :  iter   3 minL    0.527/   0.700 maxL    1.372/   1.400 -- Small/Large/Total (    52/     0/   826):     24 splits,     25 swaps,     23 collapses,    290 moves
Debug   :  iter   4 minL    0.527/   0.700 maxL    1.372/   1.400 -- Small/Large/Total (    46/     0/   823):      1 splits,      1 swaps,      2 collapses,    126 moves
Debug   :  iter   5 minL    0.527/   0.700 maxL    1.375/   1.400 -- Small/Large/Total (    46/     0/   823):      0 splits,      0 swaps,      0 collapses,     53 moves
Debug   :  ---------------------------------------
Debug   :  CPU Report 
Debug   :  ---------------------------------------
Debug   :  CPU SWAP     2.17400E-03 sec (  0 %)
Debug   :  CPU SPLIT    1.35072E-01 sec (  2 %) 
Debug   :  CPU COLLAPS  3.13329E-01 sec (  5 %) 
Debug   :  CPU SMOOTH   5.53502E+00 sec ( 92 %) 
Debug   :  ---------------------------------------
Debug   :  CPU TOTAL    5.98560E+00 sec 
Debug   :  ---------------------------------------
Debug   :  iter   1 minL    0.527/   0.700 maxL    1.375/   1.400 -- Small/Large/Total (    46/     0/   823):      0 splits,      0 swaps,      0 collapses,     35 moves
Debug   :  ---------------------------------------
Debug   :  CPU Report 
Debug   :  ---------------------------------------
Debug   :  CPU SWAP     3.37000E-04 sec (  0 %)
Debug   :  CPU SPLIT    6.01060E-02 sec (  8 %) 
Debug   :  CPU COLLAPS  2.97920E-02 sec (  4 %) 
Debug   :  CPU SMOOTH   6.57683E-01 sec ( 88 %) 
Debug   :  ---------------------------------------
Debug   :  CPU TOTAL    7.47918E-01 sec 
Debug   :  ---------------------------------------
Debug   : Type 23 526 triangles generated, 230 internal nodes
Info    : Meshing surface 13 (Parametric surface, MeshAdapt)
Debug   : Recovering 4 model edges
Debug   : Recovering 144 mesh edges (0 not recovered)
Debug   : Boundary edges recovered for surface 13
Debug   : Computing mesh size field at mesh nodes 144
Debug   : Delaunizing the initial mesh
Debug   : Starting to add internal nodes
Debug   :  iter   1 minL    0.165/   0.700 maxL    5.272/   1.400 -- Small/Large/Total (   161/   568/  1545):    524 splits,    656 swaps,    104 collapses,   1441 moves
Debug   :  iter   2 minL    0.440/   0.700 maxL    2.729/   1.400 -- Small/Large/Total (    99/    99/  2121):    574 splits,    653 swaps,    382 collapses,   2239 moves
Debug   :  iter   3 minL    0.440/   0.700 maxL    1.521/   1.400 -- Small/Large/Total (    78/     6/  2376):    120 splits,     60 swaps,     35 collapses,    884 moves
Debug   :  iter   4 minL    0.440/   0.700 maxL    1.389/   1.400 -- Small/Large/Total (    74/     0/  2382):      7 splits,      9 swaps,      5 collapses,    316 moves
Debug   :  iter   5 minL    0.440/   0.700 maxL    1.361/   1.400 -- Small/Large/Total (    69/     0/  2379):      0 splits,      1 swaps,      1 collapses,    131 moves
Debug   :  iter   6 minL    0.440/   0.700 maxL    1.361/   1.400 -- Small/Large/Total (    67/     0/  2379):      0 splits,      0 swaps,      0 collapses,     73 moves
Debug   :  ---------------------------------------
Debug   :  CPU Report 
Debug   :  ---------------------------------------
Debug   :  CPU SWAP     7.50500E-03 sec (  0 %)
Debug   :  CPU SPLIT    5.03488E-01 sec (  5 %) 
Debug   :  CPU COLLAPS  1.11630E+00 sec ( 11 %) 
Debug   :  CPU SMOOTH   8.11303E+00 sec ( 83 %) 
Debug   :  ---------------------------------------
Debug   :  CPU TOTAL    9.74032E+00 sec 
Debug   :  ---------------------------------------
Debug   :  iter   1 minL    0.440/   0.700 maxL    1.361/   1.400 -- Small/Large/Total (    67/     0/  2379):      0 splits,      0 swaps,      0 collapses,     44 moves
Debug   :  ---------------------------------------
Debug   :  CPU Report 
Debug   :  ---------------------------------------
Debug   :  CPU SWAP     9.99000E-04 sec (  0 %)
Debug   :  CPU SPLIT    1.95764E-01 sec ( 17 %) 
Debug   :  CPU COLLAPS  9.82540E-02 sec (  9 %) 
Debug   :  CPU SMOOTH   8.41317E-01 sec ( 74 %) 
Debug   :  ---------------------------------------
Debug   :  CPU TOTAL    1.13633E+00 sec 
Debug   :  ---------------------------------------
Debug   : Type 23 1538 triangles generated, 698 internal nodes
Info    : Meshing surface 14 (Parametric surface, MeshAdapt)
Debug   : Recovering 4 model edges
Debug   : Recovering 110 mesh edges (0 not recovered)
Debug   : Boundary edges recovered for surface 14
Debug   : Computing mesh size field at mesh nodes 110
Debug   : Delaunizing the initial mesh
Debug   : Starting to add internal nodes
Debug   :  iter   1 minL    0.208/   0.700 maxL    4.186/   1.400 -- Small/Large/Total (   151/   427/  1213):    396 splits,    400 swaps,     64 collapses,   1082 moves
Debug   :  iter   2 minL    0.234/   0.700 maxL    2.627/   1.400 -- Small/Large/Total (   202/    71/  1756):    450 splits,    316 swaps,    269 collapses,   1761 moves
Debug   :  iter   3 minL    0.466/   0.700 maxL    1.428/   1.400 -- Small/Large/Total (    79/     1/  1777):     93 splits,     65 swaps,     86 collapses,   1015 moves
Debug   :  iter   4 minL    0.452/   0.700 maxL    1.364/   1.400 -- Small/Large/Total (    78/     0/  1768):      2 splits,      1 swaps,      5 collapses,    344 moves
Debug   :  iter   5 minL    0.451/   0.700 maxL    1.364/   1.400 -- Small/Large/Total (    77/     0/  1768):      0 splits,      1 swaps,      0 collapses,    196 moves
Debug   :  ---------------------------------------
Debug   :  CPU Report 
Debug   :  ---------------------------------------
Debug   :  CPU SWAP     4.86600E-03 sec (  0 %)
Debug   :  CPU SPLIT    3.07085E-01 sec (  4 %) 
Debug   :  CPU COLLAPS  8.14233E-01 sec ( 12 %) 
Debug   :  CPU SMOOTH   5.70642E+00 sec ( 84 %) 
Debug   :  ---------------------------------------
Debug   :  CPU TOTAL    6.83261E+00 sec 
Debug   :  ---------------------------------------
Debug   :  iter   1 minL    0.451/   0.700 maxL    1.364/   1.400 -- Small/Large/Total (    77/     0/  1768):      0 splits,      0 swaps,      0 collapses,    152 moves
Debug   :  ---------------------------------------
Debug   :  CPU Report 
Debug   :  ---------------------------------------
Debug   :  CPU SWAP     7.35000E-04 sec (  0 %)
Debug   :  CPU SPLIT    1.42823E-01 sec ( 16 %) 
Debug   :  CPU COLLAPS  7.11140E-02 sec (  8 %) 
Debug   :  CPU SMOOTH   7.00023E-01 sec ( 77 %) 
Debug   :  ---------------------------------------
Debug   :  CPU TOTAL    9.14695E-01 sec 
Debug   :  ---------------------------------------
Debug   : Type 23 1142 triangles generated, 517 internal nodes
Info    : Meshing surface 15 (Parametric surface, MeshAdapt)
Debug   : Recovering 4 model edges
Debug   : Recovering 216 mesh edges (0 not recovered)
Debug   : Boundary edges recovered for surface 15
Debug   : Computing mesh size field at mesh nodes 216
Debug   : Delaunizing the initial mesh
Debug   : Starting to add internal nodes
Debug   :  iter   1 minL    0.320/   0.700 maxL    3.408/   1.400 -- Small/Large/Total (   192/   631/  2601):    842 splits,    577 swaps,    118 collapses,   2232 moves
Debug   :  iter   2 minL    0.522/   0.700 maxL    1.790/   1.400 -- Small/Large/Total (   174/    11/  3441):    712 splits,    369 swaps,    432 collapses,   3038 moves
Debug   :  iter   3 minL    0.564/   0.700 maxL    1.465/   1.400 -- Small/Large/Total (   118/     4/  3402):     16 splits,     14 swaps,     29 collapses,    675 moves
Debug   :  iter   4 minL    0.564/   0.700 maxL    1.630/   1.400 -- Small/Large/Total (   112/     2/  3399):      6 splits,      5 swaps,      7 collapses,    255 moves
Debug   :  iter   5 minL    0.564/   0.700 maxL    1.393/   1.400 -- Small/Large/Total (   108/     0/  3393):      2 splits,      3 swaps,      4 collapses,    174 moves
Debug   :  iter   6 minL    0.564/   0.700 maxL    1.393/   1.400 -- Small/Large/Total (   108/     0/  3396):      2 splits,      2 swaps,      1 collapses,     92 moves
Debug   :  iter   7 minL    0.564/   0.700 maxL    1.393/   1.400 -- Small/Large/Total (   107/     0/  3393):      0 splits,      0 swaps,      1 collapses,     48 moves
Debug   :  iter   8 minL    0.564/   0.700 maxL    1.393/   1.400 -- Small/Large/Total (   107/     0/  3393):      0 splits,      0 swaps,      0 collapses,     33 moves
Debug   :  ---------------------------------------
Debug   :  CPU Report 
Debug   :  ---------------------------------------
Debug   :  CPU SWAP     1.31680E-02 sec (  0 %)
Debug   :  CPU SPLIT    1.06799E+00 sec (  5 %) 
Debug   :  CPU COLLAPS  1.92403E+00 sec (  8 %) 
Debug   :  CPU SMOOTH   1.97864E+01 sec ( 87 %) 
Debug   :  ---------------------------------------
Debug   :  CPU TOTAL    2.27916E+01 sec 
Debug   :  ---------------------------------------
Debug   :  iter   1 minL    0.564/   0.700 maxL    1.393/   1.400 -- Small/Large/Total (   107/     0/  3393):      0 splits,      0 swaps,      0 collapses,     32 moves
Debug   :  ---------------------------------------
Debug   :  CPU Report 
Debug   :  ---------------------------------------
Debug   :  CPU SWAP     1.47700E-03 sec (  0 %)
Debug   :  CPU SPLIT    2.92114E-01 sec ( 15 %) 
Debug   :  CPU COLLAPS  1.44541E-01 sec (  7 %) 
Debug   :  CPU SMOOTH   1.56676E+00 sec ( 78 %) 
Debug   :  ---------------------------------------
Debug   :  CPU TOTAL    2.00489E+00 sec 
Debug   :  ---------------------------------------
Debug   : Type 23 2190 triangles generated, 988 internal nodes
Info    : Meshing surface 16 (Parametric surface, MeshAdapt)
Debug   : Recovering 4 model edges
Debug   : Recovering 71 mesh edges (0 not recovered)
Debug   : Boundary edges recovered for surface 16
Debug   : Computing mesh size field at mesh nodes 71
Debug   : Delaunizing the initial mesh
Debug   : Starting to add internal nodes
Debug   :  iter   1 minL    0.273/   0.700 maxL    4.634/   1.400 -- Small/Large/Total (    60/   104/   700):    239 splits,    235 swaps,     52 collapses,    654 moves
Debug   :  iter   2 minL    0.438/   0.700 maxL    2.276/   1.400 -- Small/Large/Total (    54/     4/   841):    126 splits,     72 swaps,     79 collapses,    626 moves
Debug   :  iter   3 minL    0.480/   0.700 maxL    1.342/   1.400 -- Small/Large/Total (    44/     0/   844):      6 splits,      5 swaps,      5 collapses,    183 moves
Debug   :  iter   4 minL    0.465/   0.700 maxL    1.341/   1.400 -- Small/Large/Total (    44/     0/   841):      0 splits,      1 swaps,      1 collapses,     89 moves
Debug   :  iter   5 minL    0.465/   0.700 maxL    1.341/   1.400 -- Small/Large/Total (    44/     0/   841):      1 splits,      0 swaps,      1 collapses,     66 moves
Debug   :  iter   6 minL    0.465/   0.700 maxL    1.341/   1.400 -- Small/Large/Total (    44/     0/   841):      0 splits,      0 swaps,      0 collapses,     37 moves
Debug   :  ---------------------------------------
Debug   :  CPU Report 
Debug   :  ---------------------------------------
Debug   :  CPU SWAP     2.48800E-03 sec (  0 %)
Debug   :  CPU SPLIT    1.99426E-01 sec (  1 %) 
Debug   :  CPU COLLAPS  4.05847E-01 sec (  2 %) 
Debug   :  CPU SMOOTH   1.57057E+01 sec ( 96 %) 
Debug   :  ---------------------------------------
Debug   :  CPU TOTAL    1.63135E+01 sec 
Debug   :  ---------------------------------------
Debug   :  iter   1 minL    0.465/   0.700 maxL    1.341/   1.400 -- Small/Large/Total (    41/     0/   841):      0 splits,      1 swaps,      0 collapses,     42 moves
Debug   :  ---------------------------------------
Debug   :  CPU Report 
Debug   :  ---------------------------------------
Debug   :  CPU SWAP     3.43000E-04 sec (  0 %)
Debug   :  CPU SPLIT    7.24790E-02 sec (  3 %) 
Debug   :  CPU COLLAPS  3.60670E-02 sec (  2 %) 
Debug   :  CPU SMOOTH   2.02560E+00 sec ( 95 %) 
Debug   :  ---------------------------------------
Debug   :  CPU TOTAL    2.13449E+00 sec 
Debug   :  ---------------------------------------
Debug   : Type 23 537 triangles generated, 234 internal nodes
Info    : Meshing surface 17 (Parametric surface, MeshAdapt)
Debug   : Recovering 4 model edges
Debug   : Recovering 215 mesh edges (0 not recovered)
Debug   : Boundary edges recovered for surface 17
Debug   : Computing mesh size field at mesh nodes 215
Debug   : Delaunizing the initial mesh
Debug   : Starting to add internal nodes
Debug   :  iter   1 minL    0.269/   0.700 maxL    3.293/   1.400 -- Small/Large/Total (   238/   661/  2599):    843 splits,    570 swaps,    119 collapses,   2270 moves
Debug   :  iter   2 minL    0.531/   0.700 maxL    1.778/   1.400 -- Small/Large/Total (   206/    13/  3505):    746 splits,    382 swaps,    444 collapses,   3133 moves
Debug   :  iter   3 minL    0.531/   0.700 maxL    1.633/   1.400 -- Small/Large/Total (   112/     5/  3445):     17 splits,     15 swaps,     37 collapses,    727 moves
Debug   :  iter   4 minL    0.531/   0.700 maxL    1.390/   1.400 -- Small/Large/Total (   103/     0/  3445):      9 splits,     11 swaps,      9 collapses,    320 moves
Debug   :  iter   5 minL    0.531/   0.700 maxL    1.490/   1.400 -- Small/Large/Total (   100/     1/  3439):      0 splits,      1 swaps,      2 collapses,    111 moves
Debug   :  iter   6 minL    0.531/   0.700 maxL    1.417/   1.400 -- Small/Large/Total (   101/     1/  3445):      2 splits,      1 swaps,      0 collapses,     47 moves
Debug   :  iter   7 minL    0.531/   0.700 maxL    1.390/   1.400 -- Small/Large/Total (   101/     0/  3448):      1 splits,      1 swaps,      0 collapses,     40 moves
Debug   :  iter   8 minL    0.531/   0.700 maxL    1.390/   1.400 -- Small/Large/Total (   101/     0/  3448):      0 splits,      0 swaps,      0 collapses,     20 moves
Debug   :  ---------------------------------------
Debug   :  CPU Report 
Debug   :  ---------------------------------------
Debug   :  CPU SWAP     1.26950E-02 sec (  0 %)
Debug   :  CPU SPLIT    1.09546E+00 sec (  5 %) 
Debug   :  CPU COLLAPS  1.98761E+00 sec (  9 %) 
Debug   :  CPU SMOOTH   1.85755E+01 sec ( 86 %) 
Debug   :  ---------------------------------------
Debug   :  CPU TOTAL    2.16712E+01 sec 
Debug   :  ---------------------------------------
Debug   :  iter   1 minL    0.531/   0.700 maxL    1.390/   1.400 -- Small/Large/Total (   101/     0/  3448):      0 splits,      0 swaps,      0 collapses,     20 moves
Debug   :  ---------------------------------------
Debug   :  CPU Report 
Debug   :  ---------------------------------------
Debug   :  CPU SWAP     1.50700E-03 sec (  0 %)
Debug   :  CPU SPLIT    2.96688E-01 sec ( 15 %) 
Debug   :  CPU COLLAPS  1.47508E-01 sec (  8 %) 
Debug   :  CPU SMOOTH   1.50126E+00 sec ( 77 %) 
Debug   :  ---------------------------------------
Debug   :  CPU TOTAL    1.94696E+00 sec 
Debug   :  ---------------------------------------
Debug   : Type 23 2227 triangles generated, 1007 internal nodes
Info    : Meshing surface 18 (Parametric surface, MeshAdapt)
Debug   : Recovering 4 model edges
Debug   : Recovering 73 mesh edges (0 not recovered)
Debug   : Boundary edges recovered for surface 18
Debug   : Computing mesh size field at mesh nodes 73
Debug   : Delaunizing the initial mesh
Debug   : Starting to add internal nodes
Debug   :  iter   1 minL    0.388/   0.700 maxL    4.001/   1.400 -- Small/Large/Total (    59/   114/   725):    244 splits,    255 swaps,     50 collapses,    684 moves
Debug   :  iter   2 minL    0.315/   0.700 maxL    2.796/   1.400 -- Small/Large/Total (    64/     7/   902):    131 splits,     76 swaps,     72 collapses,    681 moves
Debug   :  iter   3 minL    0.461/   0.700 maxL    1.386/   1.400 -- Small/Large/Total (    56/     0/   911):     12 splits,      9 swaps,      9 collapses,    237 moves
Debug   :  iter   4 minL    0.466/   0.700 maxL    1.386/   1.400 -- Small/Large/Total (    56/     0/   905):      0 splits,      0 swaps,      2 collapses,    117 moves
Debug   :  iter   5 minL    0.466/   0.700 maxL    1.386/   1.400 -- Small/Large/Total (    54/     0/   905):      0 splits,      0 swaps,      0 collapses,     86 moves
Debug   :  ---------------------------------------
Debug   :  CPU Report 
Debug   :  ---------------------------------------
Debug   :  CPU SWAP     2.30200E-03 sec (  0 %)
Debug   :  CPU SPLIT    1.74020E-01 sec (  1 %) 
Debug   :  CPU COLLAPS  3.65578E-01 sec (  2 %) 
Debug   :  CPU SMOOTH   1.42307E+01 sec ( 96 %) 
Debug   :  ---------------------------------------
Debug   :  CPU TOTAL    1.47726E+01 sec 
Debug   :  ---------------------------------------
Debug   :  iter   1 minL    0.466/   0.700 maxL    1.386/   1.400 -- Small/Large/Total (    54/     0/   905):      0 splits,      0 swaps,      0 collapses,     50 moves
Debug   :  ---------------------------------------
Debug   :  CPU Report 
Debug   :  ---------------------------------------
Debug   :  CPU SWAP     3.86000E-04 sec (  0 %)
Debug   :  CPU SPLIT    7.72960E-02 sec (  3 %) 
Debug   :  CPU COLLAPS  3.90830E-02 sec (  1 %) 
Debug   :  CPU SMOOTH   2.56351E+00 sec ( 96 %) 
Debug   :  ---------------------------------------
Debug   :  CPU TOTAL    2.68028E+00 sec 
Debug   :  ---------------------------------------
Debug   : Type 23 579 triangles generated, 254 internal nodes
Info    : Meshing surface 19 (Parametric surface, MeshAdapt)
Debug   : Recovering 6 model edges
Debug   : Recovering 71 mesh edges (0 not recovered)
Debug   : Boundary edges recovered for surface 19
Debug   : Computing mesh size field at mesh nodes 71
Debug   : Delaunizing the initial mesh
Debug   : Starting to add internal nodes
Debug   :  iter   1 minL    0.625/   0.700 maxL    1.948/   1.400 -- Small/Large/Total (    18/    15/   358):    131 splits,     95 swaps,     58 collapses,    321 moves
Debug   :  iter   2 minL    0.515/   0.700 maxL    1.284/   1.400 -- Small/Large/Total (    12/     0/   373):     16 splits,      7 swaps,     11 collapses,    149 moves
Debug   :  iter   3 minL    0.669/   0.700 maxL    1.292/   1.400 -- Small/Large/Total (     7/     0/   364):      0 splits,      0 swaps,      3 collapses,     55 moves
Debug   :  iter   4 minL    0.669/   0.700 maxL    1.290/   1.400 -- Small/Large/Total (     6/     0/   364):      0 splits,      0 swaps,      0 collapses,     46 moves
Debug   :  ---------------------------------------
Debug   :  CPU Report 
Debug   :  ---------------------------------------
Debug   :  CPU SWAP     6.82000E-04 sec (  0 %)
Debug   :  CPU SPLIT    1.62650E-02 sec ( 12 %) 
Debug   :  CPU COLLAPS  2.89400E-02 sec ( 21 %) 
Debug   :  CPU SMOOTH   9.38760E-02 sec ( 67 %) 
Debug   :  ---------------------------------------
Debug   :  CPU TOTAL    1.39763E-01 sec 
Debug   :  ---------------------------------------
Debug   :  iter   1 minL    0.669/   0.700 maxL    1.290/   1.400 -- Small/Large/Total (     6/     0/   364):      0 splits,      0 swaps,      0 collapses,     39 moves
Debug   :  ---------------------------------------
Debug   :  CPU Report 
Debug   :  ---------------------------------------
Debug   :  CPU SWAP     1.29000E-04 sec (  1 %)
Debug   :  CPU SPLIT    7.00300E-03 sec ( 29 %) 
Debug   :  CPU COLLAPS  3.47700E-03 sec ( 15 %) 
Debug   :  CPU SMOOTH   1.33380E-02 sec ( 56 %) 
Debug   :  ---------------------------------------
Debug   :  CPU TOTAL    2.39470E-02 sec 
Debug   :  ---------------------------------------
Debug   : Type 23 219 triangles generated, 75 internal nodes
Info    : Tetrahedrizing 13944 nodes...
Info    : Done tetrahedrizing 13952 nodes (Wall 0.258289s, CPU 0.240948s)
Debug   : Points have been tetrahedralized
Info    : Reconstructing mesh...
Info    :  - Creating surface mesh
Info    :  - Identifying boundary edges
Debug   :   27884 (41826) subfaces (segments)
Info    :  - Recovering boundary
Debug   : Statistics:
Debug   :   Input points: 13952
Debug   :   Input facets: 19
Debug   :   Input segments: 0
Debug   :  Mesh points: 13952
Debug   :   Mesh tetrahedra: 58234
Debug   :   Mesh faces: 130410
Debug   :   Mesh faces on facets: 27884
Debug   :   Mesh edges on segments: 41826
Debug   : Writing to GRegion...
Info    : Done reconstructing mesh (Wall 0.581279s, CPU 0.543331s)
Debug   : start with a non classified tet
Debug   : Found 58234 tets with 19 faces (Wall 0.0545095s, CPU 0.054401s)
Info    : Found volume 1
Debug   : All 58234 tets were connected
Info    : It. 0 - 0 nodes created - worst tet radius 56.7032 (nodes removed 0 0)
Info    : It. 500 - 499 nodes created - worst tet radius 2.74159 (nodes removed 0 1)
Info    : It. 1000 - 999 nodes created - worst tet radius 2.24471 (nodes removed 0 1)
Info    : It. 1500 - 1497 nodes created - worst tet radius 1.99015 (nodes removed 0 3)
Info    : It. 2000 - 1997 nodes created - worst tet radius 2.05961 (nodes removed 0 3)
Info    : It. 2500 - 2497 nodes created - worst tet radius 1.7297 (nodes removed 0 3)
Info    : It. 3000 - 2997 nodes created - worst tet radius 1.64037 (nodes removed 0 3)
Info    : It. 3500 - 3496 nodes created - worst tet radius 1.56884 (nodes removed 0 4)
Info    : It. 4000 - 3996 nodes created - worst tet radius 1.50518 (nodes removed 0 4)
Info    : It. 4500 - 4496 nodes created - worst tet radius 1.45525 (nodes removed 0 4)
Info    : It. 5000 - 4996 nodes created - worst tet radius 1.41098 (nodes removed 0 4)
Info    : It. 5500 - 5496 nodes created - worst tet radius 1.37387 (nodes removed 0 4)
Info    : It. 6000 - 5996 nodes created - worst tet radius 1.33953 (nodes removed 0 4)
Info    : It. 6500 - 6496 nodes created - worst tet radius 1.3265 (nodes removed 0 4)
Info    : It. 7000 - 6996 nodes created - worst tet radius 1.28138 (nodes removed 0 4)
Info    : It. 7500 - 7496 nodes created - worst tet radius 1.2557 (nodes removed 0 4)
Info    : It. 8000 - 7996 nodes created - worst tet radius 1.23303 (nodes removed 0 4)
Info    : It. 8500 - 8496 nodes created - worst tet radius 1.20902 (nodes removed 0 4)
Info    : It. 9000 - 8996 nodes created - worst tet radius 1.20187 (nodes removed 0 4)
Info    : It. 9500 - 9496 nodes created - worst tet radius 1.1696 (nodes removed 0 4)
Info    : It. 10000 - 9996 nodes created - worst tet radius 1.15131 (nodes removed 0 4)
Info    : It. 10500 - 10496 nodes created - worst tet radius 1.13522 (nodes removed 0 4)
Info    : It. 11000 - 10996 nodes created - worst tet radius 1.11876 (nodes removed 0 4)
Info    : It. 11500 - 11496 nodes created - worst tet radius 1.10356 (nodes removed 0 4)
Info    : It. 12000 - 11996 nodes created - worst tet radius 1.0896 (nodes removed 0 4)
Info    : It. 12500 - 12496 nodes created - worst tet radius 1.07766 (nodes removed 0 4)
Info    : It. 13000 - 12996 nodes created - worst tet radius 1.0643 (nodes removed 0 4)
Info    : It. 13500 - 13496 nodes created - worst tet radius 1.05275 (nodes removed 0 4)
Info    : It. 14000 - 13996 nodes created - worst tet radius 1.04076 (nodes removed 0 4)
Info    : It. 14500 - 14496 nodes created - worst tet radius 1.02944 (nodes removed 0 4)
Info    : It. 15000 - 14996 nodes created - worst tet radius 1.01932 (nodes removed 0 4)
Info    : It. 15500 - 15496 nodes created - worst tet radius 1.00863 (nodes removed 0 4)
Info    : 3D refinement terminated (29897 nodes total):
Info    :  - 6 Delaunay cavities modified for star shapeness
Info    :  - 4 nodes could not be inserted
Info    :  - 143271 tetrahedra created in 0.898632 sec. (159432 tets/s)
Info    : 0 node relocations
Info    : dtOptimizeMeshGRegion()() volume 1
Info    : dtOptimizeMeshGRegion()() volume 1 : Optimize gmsh
Info    : Optimizing volume 1
Info    : Optimization starts (volume = 2.03657) with worst = 0.000970218 / average = 0.757019:
Info    : 0.00 < quality < 0.10 :       359 elements
Info    : 0.10 < quality < 0.20 :      1005 elements
Info    : 0.20 < quality < 0.30 :      1848 elements
Info    : 0.30 < quality < 0.40 :      2860 elements
Info    : 0.40 < quality < 0.50 :      4587 elements
Info    : 0.50 < quality < 0.60 :      8680 elements
Info    : 0.60 < quality < 0.70 :     19388 elements
Info    : 0.70 < quality < 0.80 :     36307 elements
Info    : 0.80 < quality < 0.90 :     46713 elements
Info    : 0.90 < quality < 1.00 :     21524 elements
Info    : 3163 edge swaps, 69 node relocations (volume = 2.03657): worst = 0.149159 / average = 0.770204 (Wall 0.0655211s, CPU 0.065385s)
Info    : 3191 edge swaps, 69 node relocations (volume = 2.03657): worst = 0.239792 / average = 0.770303 (Wall 0.0814757s, CPU 0.081301s)
Info    : No ill-shaped tets in the mesh :-)
Info    : 0.00 < quality < 0.10 :         0 elements
Info    : 0.10 < quality < 0.20 :         0 elements
Info    : 0.20 < quality < 0.30 :         5 elements
Info    : 0.30 < quality < 0.40 :      2781 elements
Info    : 0.40 < quality < 0.50 :      4426 elements
Info    : 0.50 < quality < 0.60 :      8729 elements
Info    : 0.60 < quality < 0.70 :     19427 elements
Info    : 0.70 < quality < 0.80 :     36520 elements
Info    : 0.80 < quality < 0.90 :     47179 elements
Info    : 0.90 < quality < 1.00 :     21388 elements
Info    : dtOptimizeMeshGRegion()() volume 1 : Optimize netgen
Info    : Extract outter faces of tetrahedra
Info    : Optimizing volume 2
Info    : CalcLocalH: 29897 Points 140455 Elements 27884 Surface Elements 
Info    : Remove Illegal Elements 
Info    : 1091 illegal tets 
Info    : SplitImprove 
Info    : badmax = 25.6411 
Info    : 230 splits performed 
Info    : SwapImprove  
Info    : 145 swaps performed 
Info    : SwapImprove2  
Info    : 6 swaps performed 
Info    : 458 illegal tets 
Info    : SplitImprove 
Info    : badmax = 98.1303 
Info    : 107 splits performed 
Info    : SwapImprove  
Info    : 65 swaps performed 
Info    : SwapImprove2  
Info    : 28 swaps performed 
Info    : 101 illegal tets 
Info    : SplitImprove 
Info    : badmax = 1483.36 
Info    : 34 splits performed 
Info    : SwapImprove  
Info    : 7 swaps performed 
Info    : SwapImprove2  
Info    : 7 swaps performed 
Info    : 19 illegal tets 
Info    : SplitImprove 
Info    : badmax = 789.831 
Info    : 5 splits performed 
Info    : SwapImprove  
Info    : 3 swaps performed 
Info    : SwapImprove2  
Info    : 0 swaps performed 
Info    : 4 illegal tets 
Info    : SplitImprove 
Info    : badmax = 789.831 
Info    : 2 splits performed 
Info    : SwapImprove  
Info    : 0 swaps performed 
Info    : SwapImprove2  
Info    : 0 swaps performed 
Info    : 0 illegal tets 
Info    : Volume Optimization 
Info    : CombineImprove 
Info    : 1040 elements combined 
Info    : ImproveMesh 
Info    : Total badness = 194616 
Info    : Total badness = 185127 
Info    : SplitImprove 
Info    : badmax = 30.8678 
Info    : 4 splits performed 
Info    : ImproveMesh 
Info    : Total badness = 185145 
Info    : Total badness = 183858 
Info    : SwapImprove  
Info    : 7890 swaps performed 
Info    : SwapImprove2  
Info    : 0 swaps performed 
Info    : ImproveMesh 
Info    : Total badness = 169884 
Info    : Total badness = 166141 
Info    : CombineImprove 
Info    : 200 elements combined 
Info    : ImproveMesh 
Info    : Total badness = 164329 
Info    : Total badness = 163870 
Info    : SplitImprove 
Info    : badmax = 17.9962 
Info    : 0 splits performed 
Info    : ImproveMesh 
Info    : Total badness = 163870 
Info    : Total badness = 163786 
Info    : SwapImprove  
Info    : 1229 swaps performed 
Info    : SwapImprove2  
Info    : 0 swaps performed 
Info    : ImproveMesh 
Info    : Total badness = 162856 
Info    : Total badness = 162137 
Info    : CombineImprove 
Info    : 54 elements combined 
Info    : ImproveMesh 
Info    : Total badness = 161674 
Info    : Total badness = 161574 
Info    : SplitImprove 
Info    : badmax = 17.9346 
Info    : 0 splits performed 
Info    : ImproveMesh 
Info    : Total badness = 161574 
Info    : Total badness = 161552 
Info    : SwapImprove  
Info    : 390 swaps performed 
Info    : SwapImprove2  
Info    : 0 swaps performed 
Info    : ImproveMesh 
Info    : Total badness = 161354 
Info    : Total badness = 161116 
Info    : dtOptimizeMeshGRegion()() volume 1
Info    : dtOptimizeMeshGRegion()() volume 1 : Optimize gmsh
Info    : Optimizing volume 1
Info    : Optimization starts (volume = 2.03657) with worst = 0.253254 / average = 0.840853:
Info    : 0.00 < quality < 0.10 :         0 elements
Info    : 0.10 < quality < 0.20 :         0 elements
Info    : 0.20 < quality < 0.30 :         4 elements
Info    : 0.30 < quality < 0.40 :        14 elements
Info    : 0.40 < quality < 0.50 :       205 elements
Info    : 0.50 < quality < 0.60 :      1823 elements
Info    : 0.60 < quality < 0.70 :      8841 elements
Info    : 0.70 < quality < 0.80 :     26471 elements
Info    : 0.80 < quality < 0.90 :     52494 elements
Info    : 0.90 < quality < 1.00 :     38946 elements
Info    : 2 edge swaps, 0 node relocations (volume = 2.03657): worst = 0.253254 / average = 0.840856 (Wall 0.0231465s, CPU 0.02309s)
Info    : No ill-shaped tets in the mesh :-)
Info    : 0.00 < quality < 0.10 :         0 elements
Info    : 0.10 < quality < 0.20 :         0 elements
Info    : 0.20 < quality < 0.30 :         2 elements
Info    : 0.30 < quality < 0.40 :        15 elements
Info    : 0.40 < quality < 0.50 :       205 elements
Info    : 0.50 < quality < 0.60 :      1823 elements
Info    : 0.60 < quality < 0.70 :      8843 elements
Info    : 0.70 < quality < 0.80 :     26469 elements
Info    : 0.80 < quality < 0.90 :     52494 elements
Info    : 0.90 < quality < 1.00 :     38946 elements
Info    : dtOptimizeMeshGRegion()() volume 1 : Optimize netgen
Info    : Extract outter faces of tetrahedra
Info    : Optimizing volume 2
Info    : CalcLocalH: 28985 Points 128797 Elements 27884 Surface Elements 
Info    : Remove Illegal Elements 
Info    : 2 illegal tets 
Info    : SplitImprove 
Info    : badmax = 10.6413 
Info    : 1 splits performed 
Info    : SwapImprove  
Info    : 0 swaps performed 
Info    : SwapImprove2  
Info    : 0 swaps performed 
Info    : 0 illegal tets 
Info    : Volume Optimization 
Info    : CombineImprove 
Info    : 14 elements combined 
Info    : ImproveMesh 
Info    : Total badness = 161004 
Info    : Total badness = 160967 
Info    : SplitImprove 
Info    : badmax = 10.6413 
Info    : 0 splits performed 
Info    : ImproveMesh 
Info    : Total badness = 160967 
Info    : Total badness = 160959 
Info    : SwapImprove  
Info    : 158 swaps performed 
Info    : SwapImprove2  
Info    : 0 swaps performed 
Info    : ImproveMesh 
Info    : Total badness = 160887 
Info    : Total badness = 160787 
Info    : CombineImprove 
Info    : 4 elements combined 
Info    : ImproveMesh 
Info    : Total badness = 160753 
Info    : Total badness = 160743 
Info    : SplitImprove 
Info    : badmax = 10.6413 
Info    : 0 splits performed 
Info    : ImproveMesh 
Info    : Total badness = 160743 
Info    : Total badness = 160739 
Info    : SwapImprove  
Info    : 65 swaps performed 
Info    : SwapImprove2  
Info    : 0 swaps performed 
Info    : ImproveMesh 
Info    : Total badness = 160705 
Info    : Total badness = 160671 
Info    : CombineImprove 
Info    : 2 elements combined 
Info    : ImproveMesh 
Info    : Total badness = 160651 
Info    : Total badness = 160646 
Info    : SplitImprove 
Info    : badmax = 10.6413 
Info    : 0 splits performed 
Info    : ImproveMesh 
Info    : Total badness = 160646 
Info    : Total badness = 160645 
Info    : SwapImprove  
Info    : 42 swaps performed 
Info    : SwapImprove2  
Info    : 0 swaps performed 
Info    : ImproveMesh 
Info    : Total badness = 160628 
Info    : Total badness = 160605 
Info    : dtOptimizeMeshGRegion()() volume 1
Info    : dtOptimizeMeshGRegion()() volume 1 : Optimize gmsh
Info    : Optimizing volume 1
Info    : Optimization starts (volume = 2.03657) with worst = 0.25162 / average = 0.842002:
Info    : 0.00 < quality < 0.10 :         0 elements
Info    : 0.10 < quality < 0.20 :         0 elements
Info    : 0.20 < quality < 0.30 :         2 elements
Info    : 0.30 < quality < 0.40 :         9 elements
Info    : 0.40 < quality < 0.50 :       176 elements
Info    : 0.50 < quality < 0.60 :      1719 elements
Info    : 0.60 < quality < 0.70 :      8597 elements
Info    : 0.70 < quality < 0.80 :     26209 elements
Info    : 0.80 < quality < 0.90 :     52588 elements
Info    : 0.90 < quality < 1.00 :     39346 elements
Info    : 1 edge swaps, 3 node relocations (volume = 2.03657): worst = 0.253929 / average = 0.841997 (Wall 0.0215974s, CPU 0.021548s)
Info    : No ill-shaped tets in the mesh :-)
Info    : 0.00 < quality < 0.10 :         0 elements
Info    : 0.10 < quality < 0.20 :         0 elements
Info    : 0.20 < quality < 0.30 :         2 elements
Info    : 0.30 < quality < 0.40 :        10 elements
Info    : 0.40 < quality < 0.50 :       177 elements
Info    : 0.50 < quality < 0.60 :      1719 elements
Info    : 0.60 < quality < 0.70 :      8597 elements
Info    : 0.70 < quality < 0.80 :     26208 elements
Info    : 0.80 < quality < 0.90 :     52585 elements
Info    : 0.90 < quality < 1.00 :     39348 elements
Info    : dtOptimizeMeshGRegion()() volume 1 : Optimize netgen
Info    : Extract outter faces of tetrahedra
Info    : Optimizing volume 2
Info    : CalcLocalH: 28966 Points 128646 Elements 27884 Surface Elements 
Info    : Remove Illegal Elements 
Info    : 0 illegal tets 
Info    : Volume Optimization 
Info    : CombineImprove 
Info    : 3 elements combined 
Info    : ImproveMesh 
Info    : Total badness = 160579 
Info    : Total badness = 160573 
Info    : SplitImprove 
Info    : badmax = 10.6413 
Info    : 0 splits performed 
Info    : ImproveMesh 
Info    : Total badness = 160573 
Info    : Total badness = 160572 
Info    : SwapImprove  
Info    : 21 swaps performed 
Info    : SwapImprove2  
Info    : 0 swaps performed 
Info    : ImproveMesh 
Info    : Total badness = 160560 
Info    : Total badness = 160550 
Info    : CombineImprove 
Info    : 1 elements combined 
Info    : ImproveMesh 
Info    : Total badness = 160541 
Info    : Total badness = 160539 
Info    : SplitImprove 
Info    : badmax = 10.6413 
Info    : 0 splits performed 
Info    : ImproveMesh 
Info    : Total badness = 160539 
Info    : Total badness = 160539 
Info    : SwapImprove  
Info    : 7 swaps performed 
Info    : SwapImprove2  
Info    : 0 swaps performed 
Info    : ImproveMesh 
Info    : Total badness = 160534 
Info    : Total badness = 160531 
Info    : CombineImprove 
Info    : 3 elements combined 
Info    : ImproveMesh 
Info    : Total badness = 160505 
Info    : Total badness = 160502 
Info    : SplitImprove 
Info    : badmax = 10.6413 
Info    : 0 splits performed 
Info    : ImproveMesh 
Info    : Total badness = 160502 
Info    : Total badness = 160502 
Info    : SwapImprove  
Info    : 11 swaps performed 
Info    : SwapImprove2  
Info    : 0 swaps performed 
Info    : ImproveMesh 
Info    : Total badness = 160495 
Info    : Total badness = 160489 
Info    : Meshing order 2 (curvilinear off)...
Info    : [  0%] Meshing curve 1 order 2
Info    : [ 10%] Meshing curve 2 order 2
Info    : [ 10%] Meshing curve 3 order 2
Info    : [ 10%] Meshing curve 4 order 2
Info    : [ 10%] Meshing curve 5 order 2
Info    : [ 10%] Meshing curve 6 order 2
Info    : [ 10%] Meshing curve 7 order 2
Info    : [ 20%] Meshing curve 8 order 2
Info    : [ 20%] Meshing curve 9 order 2
Info    : [ 20%] Meshing curve 10 order 2
Info    : [ 20%] Meshing curve 11 order 2
Info    : [ 20%] Meshing curve 12 order 2
Info    : [ 20%] Meshing curve 13 order 2
Info    : [ 30%] Meshing curve 14 order 2
Info    : [ 30%] Meshing curve 15 order 2
Info    : [ 30%] Meshing curve 16 order 2
Info    : [ 30%] Meshing curve 17 order 2
Info    : [ 30%] Meshing curve 18 order 2
Info    : [ 30%] Meshing curve 19 order 2
Info    : [ 40%] Meshing curve 20 order 2
Info    : [ 40%] Meshing curve 21 order 2
Info    : [ 40%] Meshing curve 22 order 2
Info    : [ 40%] Meshing curve 23 order 2
Info    : [ 40%] Meshing curve 24 order 2
Info    : [ 40%] Meshing curve 25 order 2
Info    : [ 50%] Meshing curve 26 order 2
Info    : [ 50%] Meshing curve 27 order 2
Info    : [ 50%] Meshing curve 28 order 2
Info    : [ 50%] Meshing curve 29 order 2
Info    : [ 50%] Meshing curve 30 order 2
Info    : [ 50%] Meshing curve 31 order 2
Info    : [ 60%] Meshing curve 32 order 2
Info    : [ 60%] Meshing curve 33 order 2
Info    : [ 60%] Meshing curve 34 order 2
Info    : [ 60%] Meshing curve 35 order 2
Info    : [ 60%] Meshing curve 36 order 2
Info    : [ 60%] Meshing curve 37 order 2
Info    : [ 60%] Meshing curve 38 order 2
Info    : [ 70%] Meshing curve 39 order 2
Info    : [ 70%] Meshing curve 40 order 2
Info    : [ 70%] Meshing curve 41 order 2
Info    : [ 70%] Meshing curve 42 order 2
Info    : [ 70%] Meshing surface 1 order 2
Info    : [ 70%] Meshing surface 2 order 2
Info    : [ 80%] Meshing surface 3 order 2
Info    : [ 80%] Meshing surface 4 order 2
Info    : [ 80%] Meshing surface 5 order 2
Info    : [ 80%] Meshing surface 6 order 2
Info    : [ 80%] Meshing surface 7 order 2
Info    : [ 80%] Meshing surface 8 order 2
Info    : [ 90%] Meshing surface 9 order 2
Info    : [ 90%] Meshing surface 10 order 2
Info    : [ 90%] Meshing surface 11 order 2
Info    : [ 90%] Meshing surface 12 order 2
Info    : [ 90%] Meshing surface 13 order 2
Info    : [ 90%] Meshing surface 14 order 2
Info    : [100%] Meshing surface 15 order 2
Info    : [100%] Meshing surface 16 order 2
Info    : [100%] Meshing surface 17 order 2
Info    : [100%] Meshing surface 18 order 2
Info    : [100%] Meshing surface 19 order 2
Info    : [100%] Meshing volume 1 order 2
Info    : Done meshing order 2 (Wall 0.756155s, CPU 0.754858s)
Debug   : Renumbering for potentially partial mesh save
[dtoo] mesh written: /repo/data/dataset/sobol/machine_0002/mesh.msh.part
[sampler] machine_0002 mesh OK
[dtoo] exporting machine_0003 2026-09-12T08:52:23+02:00
[sampler] draw skipped: all 64 machines carry params.json (export pass, scipy not needed here)
[sampler] exporting 1 meshes (dtOO, container only)
Warning : Gmsh has aleady been initialized
Warning : Gmsh has aleady been initialized
Warning : Gmsh has aleady been initialized
Warning : Gmsh has aleady been initialized
Warning : Gmsh has aleady been initialized
Warning : Gmsh has aleady been initialized
Warning : Gmsh has aleady been initialized
Warning : Gmsh has aleady been initialized
Warning : Gmsh has aleady been initialized
Warning : Gmsh has aleady been initialized
Warning : Gmsh has aleady been initialized
Warning : Gmsh has aleady been initialized
Warning : Gmsh has aleady been initialized
Warning : Gmsh has aleady been initialized
Warning : Gmsh has aleady been initialized
[dtoo] applied 30 parameter overrides
Warning : Gmsh has aleady been initialized
Warning : Gmsh has aleady been initialized
Warning : Gmsh has aleady been initialized
Warning : Gmsh has aleady been initialized
Warning : Gmsh has aleady been initialized
Warning : Gmsh has aleady been initialized
[dtoo] plugin ru_adjustDomain applied
[dtoo] makeGrid on ruWithRounding_mechMesh ...
Debug   : Decoded option name 'General' . 'ExpertMode' (index 0)
Debug   : Decoded option name 'Mesh' . 'LcIntegrationPrecision' (index 0)
Debug   : Decoded option name 'Mesh' . 'SecondOrderLinear' (index 0)
Debug   : Decoded option name 'Mesh' . 'Algorithm' (index 0)
Debug   : Decoded option name 'Mesh' . 'CharacteristicLengthMin' (index 0)
Debug   : Decoded option name 'Mesh' . 'CharacteristicLengthMax' (index 0)
Debug   : Decoded option name 'Mesh' . 'MeshSizeExtendFromBoundary' (index 0)
Debug   : Decoded option name 'Mesh' . 'MeshSizeFromPoints' (index 0)
Debug   : Decoded option name 'Mesh' . 'MeshSizeFromCurvature' (index 0)
Info    : Meshing vertex 1 ( dtGmshVertex )
Info    : Meshing vertex 2 ( dtGmshVertex )
Info    : Meshing vertex 3 ( dtGmshVertex )
Info    : Meshing vertex 4 ( dtGmshVertex )
Info    : Meshing vertex 5 ( dtGmshVertex )
Info    : Meshing vertex 6 ( dtGmshVertex )
Info    : Meshing vertex 7 ( dtGmshVertex )
Info    : Meshing vertex 8 ( dtGmshVertex )
Info    : Meshing vertex 9 ( dtGmshVertex )
Info    : Meshing vertex 10 ( dtGmshVertex )
Info    : Meshing vertex 11 ( dtGmshVertex )
Info    : Meshing vertex 12 ( dtGmshVertex )
Info    : Meshing vertex 13 ( dtGmshVertex )
Info    : Meshing vertex 14 ( dtGmshVertex )
Info    : Meshing vertex 15 ( dtGmshVertex )
Info    : Meshing vertex 16 ( dtGmshVertex )
Info    : Meshing vertex 17 ( dtGmshVertex )
Info    : Meshing vertex 18 ( dtGmshVertex )
Info    : Meshing vertex 19 ( dtGmshVertex )
Info    : Meshing vertex 20 ( dtGmshVertex )
Info    : Meshing vertex 21 ( dtGmshVertex )
Info    : Meshing vertex 22 ( dtGmshVertex )
Info    : Meshing vertex 23 ( dtGmshVertex )
Info    : Meshing vertex 24 ( dtGmshVertex )
Info    : Meshing vertex 25 ( dtGmshVertex )
Info    : Meshing vertex 26 ( dtGmshVertex )
Info    : Meshing curve 1 (Unknown)
Debug   : Meshing curve 1 (Unknown): 11 interior vertices
Info    : Meshing curve 2 (Unknown)
Debug   : Meshing curve 2 (Unknown): 45 interior vertices
Info    : Meshing curve 3 (Unknown)
Debug   : Meshing curve 3 (Unknown): 11 interior vertices
Info    : Meshing curve 4 (Unknown)
Debug   : Meshing curve 4 (Unknown): 45 interior vertices
Info    : Meshing curve 5 (Unknown)
Debug   : Meshing curve 5 (Unknown): 5 interior vertices
Info    : Meshing curve 6 (Unknown)
Debug   : Meshing curve 6 (Unknown): 45 interior vertices
Info    : Meshing curve 7 (Unknown)
Debug   : Meshing curve 7 (Unknown): 5 interior vertices
Info    : Meshing curve 8 (Unknown)
Debug   : Meshing curve 8 (Unknown): 5 interior vertices
Info    : Meshing curve 9 (Unknown)
Debug   : Meshing curve 9 (Unknown): 45 interior vertices
Info    : Meshing curve 10 (Unknown)
Debug   : Meshing curve 10 (Unknown): 5 interior vertices
Info    : Meshing curve 11 (Unknown)
Debug   : Meshing curve 11 (Unknown): 34 interior vertices
Info    : Meshing curve 12 (Unknown)
Debug   : Meshing curve 12 (Unknown): 34 interior vertices
Info    : Meshing curve 13 (Unknown)
Debug   : Meshing curve 13 (Unknown): 56 interior vertices
Info    : Meshing curve 14 (Unknown)
Debug   : Meshing curve 14 (Unknown): 24 interior vertices
Info    : Meshing curve 15 (Unknown)
Debug   : Meshing curve 15 (Unknown): 19 interior vertices
Info    : Meshing curve 16 (Unknown)
Debug   : Meshing curve 16 (Unknown): 38 interior vertices
Info    : Meshing curve 17 (Unknown)
Debug   : Meshing curve 17 (Unknown): 23 interior vertices
Info    : Meshing curve 18 (Unknown)
Debug   : Meshing curve 18 (Unknown): 24 interior vertices
Info    : Meshing curve 19 (Unknown)
Debug   : Meshing curve 19 (Unknown): 22 interior vertices
Info    : Meshing curve 20 (Unknown)
Debug   : Meshing curve 20 (Unknown): 85 interior vertices
Info    : Meshing curve 21 (Unknown)
Debug   : Meshing curve 21 (Unknown): 18 interior vertices
Info    : Meshing curve 22 (Unknown)
Debug   : Meshing curve 22 (Unknown): 33 interior vertices
Info    : Meshing curve 23 (Unknown)
Debug   : Meshing curve 23 (Unknown): 13 interior vertices
Info    : Meshing curve 24 (Unknown)
Debug   : Meshing curve 24 (Unknown): 13 interior vertices
Info    : Meshing curve 25 (Unknown)
Debug   : Meshing curve 25 (Unknown): 4 interior vertices
Info    : Meshing curve 26 (Unknown)
Debug   : Meshing curve 26 (Unknown): 156 interior vertices
Info    : Meshing curve 27 (Unknown)
Debug   : Meshing curve 27 (Unknown): 5 interior vertices
Info    : Meshing curve 28 (Unknown)
Debug   : Meshing curve 28 (Unknown): 19 interior vertices
Info    : Meshing curve 29 (Unknown)
Debug   : Meshing curve 29 (Unknown): 4 interior vertices
Info    : Meshing curve 30 (Unknown)
Debug   : Meshing curve 30 (Unknown): 90 interior vertices
Info    : Meshing curve 31 (Unknown)
Debug   : Meshing curve 31 (Unknown): 5 interior vertices
Info    : Meshing curve 32 (Unknown)
Debug   : Meshing curve 32 (Unknown): 13 interior vertices
Info    : Meshing curve 33 (Unknown)
Debug   : Meshing curve 33 (Unknown): 20 interior vertices
Info    : Meshing curve 34 (Unknown)
Debug   : Meshing curve 34 (Unknown): 33 interior vertices
Info    : Meshing curve 35 (Unknown)
Debug   : Meshing curve 35 (Unknown): 18 interior vertices
Info    : Meshing curve 36 (Unknown)
Debug   : Meshing curve 36 (Unknown): 13 interior vertices
Info    : Meshing curve 37 (Unknown)
Debug   : Meshing curve 37 (Unknown): 6 interior vertices
Info    : Meshing curve 38 (Unknown)
Debug   : Meshing curve 38 (Unknown): 156 interior vertices
Info    : Meshing curve 39 (Unknown)
Debug   : Meshing curve 39 (Unknown): 8 interior vertices
Info    : Meshing curve 40 (Unknown)
Debug   : Meshing curve 40 (Unknown): 25 interior vertices
Info    : Meshing curve 41 (Unknown)
Debug   : Meshing curve 41 (Unknown): 6 interior vertices
Info    : Meshing curve 42 (Unknown)
Debug   : Meshing curve 42 (Unknown): 8 interior vertices
Info    : Meshing surface 1 (Parametric surface, MeshAdapt)
Debug   : Recovering 4 model edges
Debug   : Recovering 116 mesh edges (0 not recovered)
Debug   : Boundary edges recovered for surface 1
Debug   : Computing mesh size field at mesh nodes 116
Debug   : Delaunizing the initial mesh
Debug   : Starting to add internal nodes
Debug   :  iter   1 minL    0.353/   0.700 maxL    4.138/   1.400 -- Small/Large/Total (   146/   676/  1333):    421 splits,    216 swaps,     53 collapses,   1202 moves
Debug   :  iter   2 minL    0.413/   0.700 maxL    2.174/   1.400 -- Small/Large/Total (   371/     7/  2476):    676 splits,    872 swaps,    295 collapses,   2693 moves
Debug   :  iter   3 minL    0.570/   0.700 maxL    1.382/   1.400 -- Small/Large/Total (    28/     0/  2071):      7 splits,     20 swaps,    142 collapses,    882 moves
Debug   :  iter   4 minL    0.570/   0.700 maxL    1.382/   1.400 -- Small/Large/Total (    25/     0/  2071):      0 splits,      0 swaps,      0 collapses,     93 moves
Debug   :  ---------------------------------------
Debug   :  CPU Report 
Debug   :  ---------------------------------------
Debug   :  CPU SWAP     4.17000E-03 sec (  4 %)
Debug   :  CPU SPLIT    1.01570E-02 sec ( 10 %) 
Debug   :  CPU COLLAPS  2.91490E-02 sec ( 27 %) 
Debug   :  CPU SMOOTH   6.31590E-02 sec ( 59 %) 
Debug   :  ---------------------------------------
Debug   :  CPU TOTAL    1.06635E-01 sec 
Debug   :  ---------------------------------------
Debug   :  iter   1 minL    0.570/   0.700 maxL    1.382/   1.400 -- Small/Large/Total (    21/     0/  2071):      0 splits,      0 swaps,      0 collapses,     55 moves
Debug   :  ---------------------------------------
Debug   :  CPU Report 
Debug   :  ---------------------------------------
Debug   :  CPU SWAP     7.62000E-04 sec (  6 %)
Debug   :  CPU SPLIT    4.93900E-03 sec ( 42 %) 
Debug   :  CPU COLLAPS  2.44600E-03 sec ( 21 %) 
Debug   :  CPU SMOOTH   3.61400E-03 sec ( 31 %) 
Debug   :  ---------------------------------------
Debug   :  CPU TOTAL    1.17610E-02 sec 
Debug   :  ---------------------------------------
Debug   : Type 23 1342 triangles generated, 614 internal nodes
Info    : Meshing surface 2 (Parametric surface, MeshAdapt)
Debug   : Recovering 4 model edges
Debug   : Recovering 104 mesh edges (0 not recovered)
Debug   : Boundary edges recovered for surface 2
Debug   : Computing mesh size field at mesh nodes 104
Debug   : Delaunizing the initial mesh
Debug   : Starting to add internal nodes
Debug   :  iter   1 minL    0.533/   0.700 maxL    1.546/   1.400 -- Small/Large/Total (   153/    97/  1141):    373 splits,    277 swaps,     61 collapses,   1083 moves
Debug   :  iter   2 minL    0.533/   0.700 maxL    1.358/   1.400 -- Small/Large/Total (    22/     0/  1084):     97 splits,    121 swaps,    116 collapses,    612 moves
Debug   :  iter   3 minL    0.624/   0.700 maxL    1.358/   1.400 -- Small/Large/Total (    15/     0/  1078):      0 splits,      1 swaps,      2 collapses,     51 moves
Debug   :  iter   4 minL    0.624/   0.700 maxL    1.358/   1.400 -- Small/Large/Total (    15/     0/  1078):      0 splits,      0 swaps,      0 collapses,     31 moves
Debug   :  ---------------------------------------
Debug   :  CPU Report 
Debug   :  ---------------------------------------
Debug   :  CPU SWAP     1.95000E-03 sec (  4 %)
Debug   :  CPU SPLIT    8.27400E-03 sec ( 16 %) 
Debug   :  CPU COLLAPS  1.72280E-02 sec ( 34 %) 
Debug   :  CPU SMOOTH   2.30620E-02 sec ( 46 %) 
Debug   :  ---------------------------------------
Debug   :  CPU TOTAL    5.05140E-02 sec 
Debug   :  ---------------------------------------
Debug   :  iter   1 minL    0.624/   0.700 maxL    1.298/   1.400 -- Small/Large/Total (    15/     0/  1078):      0 splits,      0 swaps,      0 collapses,     27 moves
Debug   :  ---------------------------------------
Debug   :  CPU Report 
Debug   :  ---------------------------------------
Debug   :  CPU SWAP     3.75000E-04 sec (  5 %)
Debug   :  CPU SPLIT    3.86800E-03 sec ( 50 %) 
Debug   :  CPU COLLAPS  1.91900E-03 sec ( 25 %) 
Debug   :  CPU SMOOTH   1.62200E-03 sec ( 21 %) 
Debug   :  ---------------------------------------
Debug   :  CPU TOTAL    7.78400E-03 sec 
Debug   :  ---------------------------------------
Debug   : Type 23 684 triangles generated, 291 internal nodes
Info    : Meshing surface 3 (Parametric surface, MeshAdapt)
Debug   : Recovering 4 model edges
Debug   : Recovering 104 mesh edges (0 not recovered)
Debug   : Boundary edges recovered for surface 3
Debug   : Computing mesh size field at mesh nodes 104
Debug   : Delaunizing the initial mesh
Debug   : Starting to add internal nodes
Debug   :  iter   1 minL    0.533/   0.700 maxL    1.546/   1.400 -- Small/Large/Total (   153/   105/  1141):    373 splits,    275 swaps,     61 collapses,   1089 moves
Debug   :  iter   2 minL    0.533/   0.700 maxL    1.358/   1.400 -- Small/Large/Total (    22/     0/  1096):    105 splits,    125 swaps,    120 collapses,    630 moves
Debug   :  iter   3 minL    0.624/   0.700 maxL    1.358/   1.400 -- Small/Large/Total (    15/     0/  1090):      0 splits,      1 swaps,      2 collapses,     53 moves
Debug   :  iter   4 minL    0.624/   0.700 maxL    1.298/   1.400 -- Small/Large/Total (    15/     0/  1090):      0 splits,      0 swaps,      0 collapses,     30 moves
Debug   :  ---------------------------------------
Debug   :  CPU Report 
Debug   :  ---------------------------------------
Debug   :  CPU SWAP     1.97100E-03 sec (  4 %)
Debug   :  CPU SPLIT    6.89100E-03 sec ( 15 %) 
Debug   :  CPU COLLAPS  1.45330E-02 sec ( 31 %) 
Debug   :  CPU SMOOTH   2.30470E-02 sec ( 50 %) 
Debug   :  ---------------------------------------
Debug   :  CPU TOTAL    4.64420E-02 sec 
Debug   :  ---------------------------------------
Debug   :  iter   1 minL    0.624/   0.700 maxL    1.298/   1.400 -- Small/Large/Total (    15/     0/  1090):      0 splits,      0 swaps,      0 collapses,     26 moves
Debug   :  ---------------------------------------
Debug   :  CPU Report 
Debug   :  ---------------------------------------
Debug   :  CPU SWAP     3.79000E-04 sec (  6 %)
Debug   :  CPU SPLIT    3.15200E-03 sec ( 47 %) 
Debug   :  CPU COLLAPS  1.57000E-03 sec ( 23 %) 
Debug   :  CPU SMOOTH   1.62300E-03 sec ( 24 %) 
Debug   :  ---------------------------------------
Debug   :  CPU TOTAL    6.72400E-03 sec 
Debug   :  ---------------------------------------
Debug   : Type 23 692 triangles generated, 295 internal nodes
Info    : Meshing surface 4 (Parametric surface, MeshAdapt)
Debug   : Recovering 4 model edges
Debug   : Recovering 59 mesh edges (0 not recovered)
Debug   : Boundary edges recovered for surface 4
Debug   : Computing mesh size field at mesh nodes 59
Debug   : Delaunizing the initial mesh
Debug   : Starting to add internal nodes
Debug   :  iter   1 minL    0.388/   0.700 maxL    6.144/   1.400 -- Small/Large/Total (    27/   215/   598):    211 splits,    348 swaps,     50 collapses,    567 moves
Debug   :  iter   2 minL    0.615/   0.700 maxL    1.376/   1.400 -- Small/Large/Total (    32/     0/  1039):    216 splits,    110 swaps,     69 collapses,    874 moves
Debug   :  iter   3 minL    0.578/   0.700 maxL    1.415/   1.400 -- Small/Large/Total (    25/     1/  1033):      0 splits,      0 swaps,      2 collapses,    127 moves
Debug   :  iter   4 minL    0.578/   0.700 maxL    1.385/   1.400 -- Small/Large/Total (    24/     0/  1036):      1 splits,      1 swaps,      0 collapses,     45 moves
Debug   :  iter   5 minL    0.578/   0.700 maxL    1.385/   1.400 -- Small/Large/Total (    24/     0/  1036):      0 splits,      0 swaps,      0 collapses,     29 moves
Debug   :  ---------------------------------------
Debug   :  CPU Report 
Debug   :  ---------------------------------------
Debug   :  CPU SWAP     2.43500E-03 sec (  3 %)
Debug   :  CPU SPLIT    8.00500E-03 sec ( 11 %) 
Debug   :  CPU COLLAPS  1.40900E-02 sec ( 19 %) 
Debug   :  CPU SMOOTH   4.99660E-02 sec ( 67 %) 
Debug   :  ---------------------------------------
Debug   :  CPU TOTAL    7.44960E-02 sec 
Debug   :  ---------------------------------------
Debug   :  iter   1 minL    0.578/   0.700 maxL    1.385/   1.400 -- Small/Large/Total (    24/     0/  1036):      0 splits,      0 swaps,      0 collapses,     27 moves
Debug   :  ---------------------------------------
Debug   :  CPU Report 
Debug   :  ---------------------------------------
Debug   :  CPU SWAP     4.08000E-04 sec (  3 %)
Debug   :  CPU SPLIT    3.46700E-03 sec ( 29 %) 
Debug   :  CPU COLLAPS  1.74500E-03 sec ( 15 %) 
Debug   :  CPU SMOOTH   6.36400E-03 sec ( 53 %) 
Debug   :  ---------------------------------------
Debug   :  CPU TOTAL    1.19840E-02 sec 
Debug   :  ---------------------------------------
Debug   : Type 23 671 triangles generated, 307 internal nodes
Info    : Meshing surface 5 (Parametric surface, MeshAdapt)
Debug   : Recovering 4 model edges
Debug   : Recovering 59 mesh edges (0 not recovered)
Debug   : Boundary edges recovered for surface 5
Debug   : Computing mesh size field at mesh nodes 59
Debug   : Delaunizing the initial mesh
Debug   : Starting to add internal nodes
Debug   :  iter   1 minL    0.386/   0.700 maxL    5.738/   1.400 -- Small/Large/Total (    37/   208/   577):    206 splits,    337 swaps,     52 collapses,    542 moves
Debug   :  iter   2 minL    0.543/   0.700 maxL    1.661/   1.400 -- Small/Large/Total (    44/    16/   991):    211 splits,    112 swaps,     73 collapses,    822 moves
Debug   :  iter   3 minL    0.587/   0.700 maxL    1.379/   1.400 -- Small/Large/Total (    22/     0/  1009):     18 splits,     10 swaps,     12 collapses,    281 moves
Debug   :  iter   4 minL    0.587/   0.700 maxL    1.377/   1.400 -- Small/Large/Total (    17/     0/  1000):      0 splits,      0 swaps,      3 collapses,     84 moves
Debug   :  iter   5 minL    0.587/   0.700 maxL    1.377/   1.400 -- Small/Large/Total (    17/     0/  1000):      0 splits,      0 swaps,      0 collapses,     50 moves
Debug   :  ---------------------------------------
Debug   :  CPU Report 
Debug   :  ---------------------------------------
Debug   :  CPU SWAP     2.40400E-03 sec (  3 %)
Debug   :  CPU SPLIT    6.97400E-03 sec ( 10 %) 
Debug   :  CPU COLLAPS  1.27570E-02 sec ( 18 %) 
Debug   :  CPU SMOOTH   5.00040E-02 sec ( 69 %) 
Debug   :  ---------------------------------------
Debug   :  CPU TOTAL    7.21390E-02 sec 
Debug   :  ---------------------------------------
Debug   :  iter   1 minL    0.587/   0.700 maxL    1.377/   1.400 -- Small/Large/Total (    17/     0/  1000):      0 splits,      0 swaps,      0 collapses,     44 moves
Debug   :  ---------------------------------------
Debug   :  CPU Report 
Debug   :  ---------------------------------------
Debug   :  CPU SWAP     3.96000E-04 sec (  4 %)
Debug   :  CPU SPLIT    2.98800E-03 sec ( 30 %) 
Debug   :  CPU COLLAPS  1.50000E-03 sec ( 15 %) 
Debug   :  CPU SMOOTH   5.24000E-03 sec ( 52 %) 
Debug   :  ---------------------------------------
Debug   :  CPU TOTAL    1.01240E-02 sec 
Debug   :  ---------------------------------------
Debug   : Type 23 647 triangles generated, 295 internal nodes
Info    : Meshing surface 6 (Parametric surface, MeshAdapt)
Debug   : Recovering 10 model edges
Debug   : Recovering 352 mesh edges (0 not recovered)
Debug   : Boundary edges recovered for surface 6
Debug   : Computing mesh size field at mesh nodes 352
Debug   : Delaunizing the initial mesh
Debug   : Starting to add internal nodes
Debug   :  iter   1 minL    0.084/   0.700 maxL   11.334/   1.400 -- Small/Large/Total (   483/  2676/  4649):   1380 splits,    994 swaps,     65 collapses,   3662 moves
Debug   :  iter   2 minL    0.045/   0.700 maxL    6.504/   1.400 -- Small/Large/Total (  1679/  2262/  9827):   2678 splits,   1707 swaps,    952 collapses,   8892 moves
Debug   :  iter   3 minL    0.070/   0.700 maxL    7.861/   1.400 -- Small/Large/Total (  2066/   850/ 10535):   2385 splits,   3368 swaps,   2149 collapses,  10874 moves
Debug   :  iter   4 minL    0.117/   0.700 maxL    5.103/   1.400 -- Small/Large/Total (   854/   162/  9833):    999 splits,   1942 swaps,   1233 collapses,   6747 moves
Debug   :  iter   5 minL    0.403/   0.700 maxL    1.754/   1.400 -- Small/Large/Total (   445/    17/  9533):    177 splits,    261 swaps,    277 collapses,   2660 moves
Debug   :  iter   6 minL    0.395/   0.700 maxL    1.708/   1.400 -- Small/Large/Total (   389/    14/  9488):     20 splits,     19 swaps,     35 collapses,    957 moves
Debug   :  iter   7 minL    0.403/   0.700 maxL    1.635/   1.400 -- Small/Large/Total (   377/     6/  9497):     18 splits,     13 swaps,     15 collapses,    593 moves
Debug   :  iter   8 minL    0.388/   0.700 maxL    1.725/   1.400 -- Small/Large/Total (   365/     8/  9500):      7 splits,     10 swaps,      6 collapses,    409 moves
Debug   :  iter   9 minL    0.403/   0.700 maxL    1.479/   1.400 -- Small/Large/Total (   363/     5/  9500):      9 splits,      7 swaps,      9 collapses,    360 moves
Debug   :  iter  10 minL    0.403/   0.700 maxL    1.733/   1.400 -- Small/Large/Total (   362/     2/  9503):      5 splits,      5 swaps,      4 collapses,    303 moves
Debug   :  iter  11 minL    0.403/   0.700 maxL    1.389/   1.400 -- Small/Large/Total (   361/     0/  9506):      2 splits,      1 swaps,      1 collapses,    284 moves
Debug   :  ---------------------------------------
Debug   :  CPU Report 
Debug   :  ---------------------------------------
Debug   :  CPU SWAP     6.40330E-02 sec (  4 %)
Debug   :  CPU SPLIT    1.53517E-01 sec ( 10 %) 
Debug   :  CPU COLLAPS  3.22227E-01 sec ( 22 %) 
Debug   :  CPU SMOOTH   9.28927E-01 sec ( 63 %) 
Debug   :  ---------------------------------------
Debug   :  CPU TOTAL    1.46870E+00 sec 
Debug   :  ---------------------------------------
Debug   :  iter   1 minL    0.403/   0.700 maxL    1.389/   1.400 -- Small/Large/Total (   364/     0/  9509):      0 splits,      0 swaps,      0 collapses,    145 moves
Debug   :  ---------------------------------------
Debug   :  CPU Report 
Debug   :  ---------------------------------------
Debug   :  CPU SWAP     4.50100E-03 sec (  5 %)
Debug   :  CPU SPLIT    2.45610E-02 sec ( 29 %) 
Debug   :  CPU COLLAPS  1.18820E-02 sec ( 14 %) 
Debug   :  CPU SMOOTH   4.52140E-02 sec ( 52 %) 
Debug   :  ---------------------------------------
Debug   :  CPU TOTAL    8.61580E-02 sec 
Debug   :  ---------------------------------------
Debug   : Type 23 6222 triangles generated, 2935 internal nodes
Info    : Meshing surface 7 (Parametric surface, MeshAdapt)
Debug   : Recovering 4 model edges
Debug   : Recovering 162 mesh edges (0 not recovered)
Debug   : Boundary edges recovered for surface 7
Debug   : Computing mesh size field at mesh nodes 162
Debug   : Delaunizing the initial mesh
Debug   : Starting to add internal nodes
Debug   :  iter   1 minL    0.068/   0.700 maxL    6.233/   1.400 -- Small/Large/Total (   232/   792/  1836):    597 splits,    608 swaps,     92 collapses,   1467 moves
Debug   :  iter   2 minL    0.105/   0.700 maxL    3.206/   1.400 -- Small/Large/Total (   577/   218/  2814):    800 splits,    887 swaps,    474 collapses,   2975 moves
Debug   :  iter   3 minL    0.393/   0.700 maxL    1.895/   1.400 -- Small/Large/Total (   182/    20/  2577):    261 splits,    383 swaps,    340 collapses,   1777 moves
Debug   :  iter   4 minL    0.527/   0.700 maxL    1.675/   1.400 -- Small/Large/Total (   121/     3/  2547):     27 splits,     31 swaps,     37 collapses,    584 moves
Debug   :  iter   5 minL    0.532/   0.700 maxL    1.363/   1.400 -- Small/Large/Total (   114/     0/  2541):      5 splits,      2 swaps,      7 collapses,    234 moves
Debug   :  iter   6 minL    0.532/   0.700 maxL    1.423/   1.400 -- Small/Large/Total (   113/     1/  2541):      0 splits,      2 swaps,      0 collapses,    103 moves
Debug   :  ---------------------------------------
Debug   :  CPU Report 
Debug   :  ---------------------------------------
Debug   :  CPU SWAP     8.99800E-03 sec (  0 %)
Debug   :  CPU SPLIT    6.02229E-01 sec (  4 %) 
Debug   :  CPU COLLAPS  1.71454E+00 sec ( 13 %) 
Debug   :  CPU SMOOTH   1.11704E+01 sec ( 83 %) 
Debug   :  ---------------------------------------
Debug   :  CPU TOTAL    1.34961E+01 sec 
Debug   :  ---------------------------------------
Debug   :  iter   1 minL    0.532/   0.700 maxL    1.363/   1.400 -- Small/Large/Total (   114/     0/  2544):      1 splits,      0 swaps,      0 collapses,     68 moves
Debug   :  iter   2 minL    0.532/   0.700 maxL    1.363/   1.400 -- Small/Large/Total (   113/     0/  2544):      0 splits,      0 swaps,      0 collapses,     51 moves
Debug   :  ---------------------------------------
Debug   :  CPU Report 
Debug   :  ---------------------------------------
Debug   :  CPU SWAP     2.11200E-03 sec (  0 %)
Debug   :  CPU SPLIT    3.27460E-01 sec ( 13 %) 
Debug   :  CPU COLLAPS  2.17998E-01 sec (  9 %) 
Debug   :  CPU SMOOTH   1.90454E+00 sec ( 78 %) 
Debug   :  ---------------------------------------
Debug   :  CPU TOTAL    2.45211E+00 sec 
Debug   :  ---------------------------------------
Debug   : Type 23 1642 triangles generated, 741 internal nodes
Info    : Meshing surface 8 (Parametric surface, MeshAdapt)
Debug   : Recovering 4 model edges
Debug   : Recovering 108 mesh edges (0 not recovered)
Debug   : Boundary edges recovered for surface 8
Debug   : Computing mesh size field at mesh nodes 108
Debug   : Delaunizing the initial mesh
Debug   : Starting to add internal nodes
Debug   :  iter   1 minL    0.226/   0.700 maxL    4.414/   1.400 -- Small/Large/Total (   112/   378/  1167):    383 splits,    446 swaps,     65 collapses,   1056 moves
Debug   :  iter   2 minL    0.297/   0.700 maxL    2.117/   1.400 -- Small/Large/Total (   160/    71/  1671):    408 splits,    280 swaps,    240 collapses,   1655 moves
Debug   :  iter   3 minL    0.434/   0.700 maxL    1.596/   1.400 -- Small/Large/Total (    87/     3/  1719):    101 splits,     80 swaps,     85 collapses,    947 moves
Debug   :  iter   4 minL    0.427/   0.700 maxL    1.369/   1.400 -- Small/Large/Total (    74/     0/  1707):      3 splits,      0 swaps,      7 collapses,    329 moves
Debug   :  iter   5 minL    0.442/   0.700 maxL    1.369/   1.400 -- Small/Large/Total (    75/     0/  1707):      0 splits,      0 swaps,      0 collapses,    155 moves
Debug   :  ---------------------------------------
Debug   :  CPU Report 
Debug   :  ---------------------------------------
Debug   :  CPU SWAP     4.77600E-03 sec (  0 %)
Debug   :  CPU SPLIT    3.14184E-01 sec (  6 %) 
Debug   :  CPU COLLAPS  8.06051E-01 sec ( 14 %) 
Debug   :  CPU SMOOTH   4.48829E+00 sec ( 80 %) 
Debug   :  ---------------------------------------
Debug   :  CPU TOTAL    5.61330E+00 sec 
Debug   :  ---------------------------------------
Debug   :  iter   1 minL    0.442/   0.700 maxL    1.369/   1.400 -- Small/Large/Total (    75/     0/  1707):      0 splits,      0 swaps,      0 collapses,    124 moves
Debug   :  ---------------------------------------
Debug   :  CPU Report 
Debug   :  ---------------------------------------
Debug   :  CPU SWAP     6.93000E-04 sec (  0 %)
Debug   :  CPU SPLIT    1.47915E-01 sec ( 18 %) 
Debug   :  CPU COLLAPS  7.47290E-02 sec (  9 %) 
Debug   :  CPU SMOOTH   6.02712E-01 sec ( 73 %) 
Debug   :  ---------------------------------------
Debug   :  CPU TOTAL    8.26049E-01 sec 
Debug   :  ---------------------------------------
Debug   : Type 23 1102 triangles generated, 498 internal nodes
Info    : Meshing surface 9 (Parametric surface, MeshAdapt)
Debug   : Recovering 4 model edges
Debug   : Recovering 254 mesh edges (0 not recovered)
Debug   : Boundary edges recovered for surface 9
Debug   : Computing mesh size field at mesh nodes 254
Debug   : Delaunizing the initial mesh
Debug   : Starting to add internal nodes
Debug   :  iter   1 minL    0.479/   0.700 maxL    2.021/   1.400 -- Small/Large/Total (   150/   191/  2803):    980 splits,    481 swaps,    214 collapses,   2601 moves
Debug   :  iter   2 minL    0.540/   0.700 maxL    1.515/   1.400 -- Small/Large/Total (   103/     7/  3073):    217 splits,    142 swaps,    127 collapses,   1803 moves
Debug   :  iter   3 minL    0.592/   0.700 maxL    1.413/   1.400 -- Small/Large/Total (    78/     1/  3067):     10 splits,     10 swaps,     12 collapses,    501 moves
Debug   :  iter   4 minL    0.592/   0.700 maxL    1.382/   1.400 -- Small/Large/Total (    77/     0/  3067):      1 splits,      1 swaps,      1 collapses,    167 moves
Debug   :  iter   5 minL    0.592/   0.700 maxL    1.382/   1.400 -- Small/Large/Total (    78/     0/  3067):      0 splits,      0 swaps,      0 collapses,     89 moves
Debug   :  ---------------------------------------
Debug   :  CPU Report 
Debug   :  ---------------------------------------
Debug   :  CPU SWAP     7.31800E-03 sec (  0 %)
Debug   :  CPU SPLIT    5.52145E-01 sec (  4 %) 
Debug   :  CPU COLLAPS  1.07348E+00 sec (  7 %) 
Debug   :  CPU SMOOTH   1.31541E+01 sec ( 89 %) 
Debug   :  ---------------------------------------
Debug   :  CPU TOTAL    1.47871E+01 sec 
Debug   :  ---------------------------------------
Debug   :  iter   1 minL    0.592/   0.700 maxL    1.382/   1.400 -- Small/Large/Total (    78/     0/  3067):      0 splits,      0 swaps,      0 collapses,     60 moves
Debug   :  ---------------------------------------
Debug   :  CPU Report 
Debug   :  ---------------------------------------
Debug   :  CPU SWAP     1.26900E-03 sec (  0 %)
Debug   :  CPU SPLIT    2.43429E-01 sec ( 13 %) 
Debug   :  CPU COLLAPS  1.21727E-01 sec (  6 %) 
Debug   :  CPU SMOOTH   1.51667E+00 sec ( 81 %) 
Debug   :  ---------------------------------------
Debug   :  CPU TOTAL    1.88310E+00 sec 
Debug   :  ---------------------------------------
Debug   : Type 23 1960 triangles generated, 854 internal nodes
Info    : Meshing surface 10 (Parametric surface, MeshAdapt)
Debug   : Recovering 4 model edges
Debug   : Recovering 64 mesh edges (0 not recovered)
Debug   : Boundary edges recovered for surface 10
Debug   : Computing mesh size field at mesh nodes 64
Debug   : Delaunizing the initial mesh
Debug   : Starting to add internal nodes
Debug   :  iter   1 minL    0.379/   0.700 maxL    4.034/   1.400 -- Small/Large/Total (    43/    80/   587):    207 splits,    209 swaps,     53 collapses,    572 moves
Debug   :  iter   2 minL    0.505/   0.700 maxL    1.795/   1.400 -- Small/Large/Total (    37/     5/   689):     94 splits,     47 swaps,     60 collapses,    523 moves
Debug   :  iter   3 minL    0.513/   0.700 maxL    1.301/   1.400 -- Small/Large/Total (    28/     0/   689):      7 splits,      4 swaps,      7 collapses,    164 moves
Debug   :  iter   4 minL    0.513/   0.700 maxL    1.301/   1.400 -- Small/Large/Total (    28/     0/   689):      0 splits,      0 swaps,      0 collapses,     52 moves
Debug   :  ---------------------------------------
Debug   :  CPU Report 
Debug   :  ---------------------------------------
Debug   :  CPU SWAP     1.48100E-03 sec (  0 %)
Debug   :  CPU SPLIT    9.60620E-02 sec (  4 %) 
Debug   :  CPU COLLAPS  2.38775E-01 sec ( 10 %) 
Debug   :  CPU SMOOTH   2.04727E+00 sec ( 86 %) 
Debug   :  ---------------------------------------
Debug   :  CPU TOTAL    2.38358E+00 sec 
Debug   :  ---------------------------------------
Debug   :  iter   1 minL    0.513/   0.700 maxL    1.301/   1.400 -- Small/Large/Total (    28/     0/   689):      0 splits,      0 swaps,      0 collapses,     40 moves
Debug   :  ---------------------------------------
Debug   :  CPU Report 
Debug   :  ---------------------------------------
Debug   :  CPU SWAP     2.76000E-04 sec (  0 %)
Debug   :  CPU SPLIT    5.38140E-02 sec ( 13 %) 
Debug   :  CPU COLLAPS  2.70220E-02 sec (  7 %) 
Debug   :  CPU SMOOTH   3.22082E-01 sec ( 80 %) 
Debug   :  ---------------------------------------
Debug   :  CPU TOTAL    4.03194E-01 sec 
Debug   :  ---------------------------------------
Debug   : Type 23 438 triangles generated, 188 internal nodes
Info    : Meshing surface 11 (Parametric surface, MeshAdapt)
Debug   : Recovering 4 model edges
Debug   : Recovering 259 mesh edges (0 not recovered)
Debug   : Boundary edges recovered for surface 11
Debug   : Computing mesh size field at mesh nodes 259
Debug   : Delaunizing the initial mesh
Debug   : Starting to add internal nodes
Debug   :  iter   1 minL    0.471/   0.700 maxL    2.008/   1.400 -- Small/Large/Total (   172/   114/  2843):    998 splits,    495 swaps,    222 collapses,   2703 moves
Debug   :  iter   2 minL    0.564/   0.700 maxL    1.558/   1.400 -- Small/Large/Total (    95/     8/  2987):    141 splits,    102 swaps,     93 collapses,   1570 moves
Debug   :  iter   3 minL    0.566/   0.700 maxL    1.420/   1.400 -- Small/Large/Total (    73/     1/  2984):     11 splits,     11 swaps,     12 collapses,    395 moves
Debug   :  iter   4 minL    0.573/   0.700 maxL    1.385/   1.400 -- Small/Large/Total (    72/     0/  2984):      2 splits,      4 swaps,      2 collapses,    159 moves
Debug   :  iter   5 minL    0.573/   0.700 maxL    1.385/   1.400 -- Small/Large/Total (    71/     0/  2987):      1 splits,      2 swaps,      0 collapses,    106 moves
Debug   :  iter   6 minL    0.573/   0.700 maxL    1.385/   1.400 -- Small/Large/Total (    71/     0/  2987):      0 splits,      0 swaps,      0 collapses,     48 moves
Debug   :  ---------------------------------------
Debug   :  CPU Report 
Debug   :  ---------------------------------------
Debug   :  CPU SWAP     8.34800E-03 sec (  0 %)
Debug   :  CPU SPLIT    6.63773E-01 sec (  4 %) 
Debug   :  CPU COLLAPS  1.17966E+00 sec (  7 %) 
Debug   :  CPU SMOOTH   1.42336E+01 sec ( 88 %) 
Debug   :  ---------------------------------------
Debug   :  CPU TOTAL    1.60854E+01 sec 
Debug   :  ---------------------------------------
Debug   :  iter   1 minL    0.573/   0.700 maxL    1.385/   1.400 -- Small/Large/Total (    71/     0/  2987):      0 splits,      0 swaps,      0 collapses,     42 moves
Debug   :  ---------------------------------------
Debug   :  CPU Report 
Debug   :  ---------------------------------------
Debug   :  CPU SWAP     1.22400E-03 sec (  0 %)
Debug   :  CPU SPLIT    2.34291E-01 sec ( 13 %) 
Debug   :  CPU COLLAPS  1.17840E-01 sec (  7 %) 
Debug   :  CPU SMOOTH   1.43482E+00 sec ( 80 %) 
Debug   :  ---------------------------------------
Debug   :  CPU TOTAL    1.78817E+00 sec 
Debug   :  ---------------------------------------
Debug   : Type 23 1905 triangles generated, 824 internal nodes
Info    : Meshing surface 12 (Parametric surface, MeshAdapt)
Debug   : Recovering 4 model edges
Debug   : Recovering 59 mesh edges (0 not recovered)
Debug   : Boundary edges recovered for surface 12
Debug   : Computing mesh size field at mesh nodes 59
Debug   : Delaunizing the initial mesh
Debug   : Starting to add internal nodes
Debug   :  iter   1 minL    0.337/   0.700 maxL    3.843/   1.400 -- Small/Large/Total (    30/    66/   487):    189 splits,    163 swaps,     65 collapses,    474 moves
Debug   :  iter   2 minL    0.555/   0.700 maxL    1.521/   1.400 -- Small/Large/Total (    27/     1/   598):     71 splits,     46 swaps,     34 collapses,    366 moves
Debug   :  iter   3 minL    0.560/   0.700 maxL    1.345/   1.400 -- Small/Large/Total (    21/     0/   592):      1 splits,      1 swaps,      3 collapses,     54 moves
Debug   :  iter   4 minL    0.560/   0.700 maxL    1.345/   1.400 -- Small/Large/Total (    19/     0/   589):      0 splits,      0 swaps,      1 collapses,     26 moves
Debug   :  iter   5 minL    0.560/   0.700 maxL    1.385/   1.400 -- Small/Large/Total (    18/     0/   592):      1 splits,      0 swaps,      0 collapses,     17 moves
Debug   :  iter   6 minL    0.560/   0.700 maxL    1.385/   1.400 -- Small/Large/Total (    18/     0/   592):      0 splits,      0 swaps,      0 collapses,      4 moves
Debug   :  ---------------------------------------
Debug   :  CPU Report 
Debug   :  ---------------------------------------
Debug   :  CPU SWAP     1.70000E-03 sec (  0 %)
Debug   :  CPU SPLIT    1.26613E-01 sec (  5 %) 
Debug   :  CPU COLLAPS  2.40316E-01 sec (  9 %) 
Debug   :  CPU SMOOTH   2.37162E+00 sec ( 87 %) 
Debug   :  ---------------------------------------
Debug   :  CPU TOTAL    2.74025E+00 sec 
Debug   :  ---------------------------------------
Debug   :  iter   1 minL    0.560/   0.700 maxL    1.385/   1.400 -- Small/Large/Total (    18/     0/   592):      0 splits,      0 swaps,      0 collapses,      2 moves
Debug   :  ---------------------------------------
Debug   :  CPU Report 
Debug   :  ---------------------------------------
Debug   :  CPU SWAP     2.34000E-04 sec (  0 %)
Debug   :  CPU SPLIT    4.51470E-02 sec ( 12 %) 
Debug   :  CPU COLLAPS  2.26850E-02 sec (  6 %) 
Debug   :  CPU SMOOTH   2.97139E-01 sec ( 81 %) 
Debug   :  ---------------------------------------
Debug   :  CPU TOTAL    3.65205E-01 sec 
Debug   :  ---------------------------------------
Debug   : Type 23 375 triangles generated, 159 internal nodes
Info    : Meshing surface 13 (Parametric surface, MeshAdapt)
Debug   : Recovering 4 model edges
Debug   : Recovering 165 mesh edges (0 not recovered)
Debug   : Boundary edges recovered for surface 13
Debug   : Computing mesh size field at mesh nodes 165
Debug   : Delaunizing the initial mesh
Debug   : Starting to add internal nodes
Debug   :  iter   1 minL    0.106/   0.700 maxL    5.185/   1.400 -- Small/Large/Total (   300/   543/  1809):    610 splits,    943 swaps,    116 collapses,   1605 moves
Debug   :  iter   2 minL    0.444/   0.700 maxL    2.001/   1.400 -- Small/Large/Total (   167/    91/  2250):    577 splits,    711 swaps,    430 collapses,   2296 moves
Debug   :  iter   3 minL    0.447/   0.700 maxL    1.716/   1.400 -- Small/Large/Total (   118/     8/  2451):    119 splits,     65 swaps,     52 collapses,    995 moves
Debug   :  iter   4 minL    0.447/   0.700 maxL    1.398/   1.400 -- Small/Large/Total (   111/     0/  2454):      9 splits,      4 swaps,      8 collapses,    293 moves
Debug   :  iter   5 minL    0.447/   0.700 maxL    1.398/   1.400 -- Small/Large/Total (   112/     0/  2454):      0 splits,      1 swaps,      0 collapses,    114 moves
Debug   :  ---------------------------------------
Debug   :  CPU Report 
Debug   :  ---------------------------------------
Debug   :  CPU SWAP     7.16800E-03 sec (  0 %)
Debug   :  CPU SPLIT    4.45162E-01 sec (  4 %) 
Debug   :  CPU COLLAPS  1.16012E+00 sec ( 11 %) 
Debug   :  CPU SMOOTH   8.53249E+00 sec ( 84 %) 
Debug   :  ---------------------------------------
Debug   :  CPU TOTAL    1.01449E+01 sec 
Debug   :  ---------------------------------------
Debug   :  iter   1 minL    0.447/   0.700 maxL    1.398/   1.400 -- Small/Large/Total (   111/     0/  2454):      0 splits,      0 swaps,      0 collapses,     80 moves
Debug   :  ---------------------------------------
Debug   :  CPU Report 
Debug   :  ---------------------------------------
Debug   :  CPU SWAP     1.01300E-03 sec (  0 %)
Debug   :  CPU SPLIT    2.07849E-01 sec ( 16 %) 
Debug   :  CPU COLLAPS  1.04498E-01 sec (  8 %) 
Debug   :  CPU SMOOTH   1.02057E+00 sec ( 77 %) 
Debug   :  ---------------------------------------
Debug   :  CPU TOTAL    1.33393E+00 sec 
Debug   :  ---------------------------------------
Debug   : Type 23 1581 triangles generated, 709 internal nodes
Info    : Meshing surface 14 (Parametric surface, MeshAdapt)
Debug   : Recovering 4 model edges
Debug   : Recovering 88 mesh edges (0 not recovered)
Debug   : Boundary edges recovered for surface 14
Debug   : Computing mesh size field at mesh nodes 88
Debug   : Delaunizing the initial mesh
Debug   : Starting to add internal nodes
Debug   :  iter   1 minL    0.245/   0.700 maxL    5.508/   1.400 -- Small/Large/Total (    86/   258/   890):    302 splits,    322 swaps,     63 collapses,    830 moves
Debug   :  iter   2 minL    0.258/   0.700 maxL    1.801/   1.400 -- Small/Large/Total (    89/    36/  1289):    272 splits,    166 swaps,    139 collapses,   1189 moves
Debug   :  iter   3 minL    0.513/   0.700 maxL    1.304/   1.400 -- Small/Large/Total (    53/     0/  1307):     47 splits,     23 swaps,     41 collapses,    541 moves
Debug   :  iter   4 minL    0.513/   0.700 maxL    1.332/   1.400 -- Small/Large/Total (    50/     0/  1307):      1 splits,      3 swaps,      1 collapses,    193 moves
Debug   :  iter   5 minL    0.513/   0.700 maxL    1.341/   1.400 -- Small/Large/Total (    49/     0/  1307):      0 splits,      0 swaps,      0 collapses,     98 moves
Debug   :  ---------------------------------------
Debug   :  CPU Report 
Debug   :  ---------------------------------------
Debug   :  CPU SWAP     3.28300E-03 sec (  0 %)
Debug   :  CPU SPLIT    2.30353E-01 sec (  5 %) 
Debug   :  CPU COLLAPS  5.33897E-01 sec ( 12 %) 
Debug   :  CPU SMOOTH   3.61303E+00 sec ( 82 %) 
Debug   :  ---------------------------------------
Debug   :  CPU TOTAL    4.38056E+00 sec 
Debug   :  ---------------------------------------
Debug   :  iter   1 minL    0.513/   0.700 maxL    1.341/   1.400 -- Small/Large/Total (    49/     0/  1307):      0 splits,      0 swaps,      0 collapses,     72 moves
Debug   :  ---------------------------------------
Debug   :  CPU Report 
Debug   :  ---------------------------------------
Debug   :  CPU SWAP     5.28000E-04 sec (  0 %)
Debug   :  CPU SPLIT    1.08026E-01 sec ( 18 %) 
Debug   :  CPU COLLAPS  5.41640E-02 sec (  9 %) 
Debug   :  CPU SMOOTH   4.52140E-01 sec ( 74 %) 
Debug   :  ---------------------------------------
Debug   :  CPU TOTAL    6.14858E-01 sec 
Debug   :  ---------------------------------------
Debug   : Type 23 842 triangles generated, 378 internal nodes
Info    : Meshing surface 15 (Parametric surface, MeshAdapt)
Debug   : Recovering 4 model edges
Debug   : Recovering 207 mesh edges (0 not recovered)
Debug   : Boundary edges recovered for surface 15
Debug   : Computing mesh size field at mesh nodes 207
Debug   : Delaunizing the initial mesh
Debug   : Starting to add internal nodes
Debug   :  iter   1 minL    0.320/   0.700 maxL    3.556/   1.400 -- Small/Large/Total (   126/   685/  2385):    802 splits,    781 swaps,    144 collapses,   2118 moves
Debug   :  iter   2 minL    0.349/   0.700 maxL    1.779/   1.400 -- Small/Large/Total (   159/    25/  3534):    751 splits,    338 swaps,    368 collapses,   3078 moves
Debug   :  iter   3 minL    0.349/   0.700 maxL    1.565/   1.400 -- Small/Large/Total (   111/    12/  3477):     26 splits,     34 swaps,     45 collapses,    858 moves
Debug   :  iter   4 minL    0.349/   0.700 maxL    1.589/   1.400 -- Small/Large/Total (    96/    12/  3462):     15 splits,     19 swaps,     20 collapses,    454 moves
Debug   :  iter   5 minL    0.349/   0.700 maxL    1.518/   1.400 -- Small/Large/Total (    90/     7/  3453):     13 splits,     11 swaps,     16 collapses,    325 moves
Debug   :  iter   6 minL    0.349/   0.700 maxL    1.724/   1.400 -- Small/Large/Total (    84/     8/  3453):      8 splits,      8 swaps,      8 collapses,    244 moves
Debug   :  iter   7 minL    0.349/   0.700 maxL    1.577/   1.400 -- Small/Large/Total (    90/     1/  3456):      8 splits,     12 swaps,      7 collapses,    196 moves
Debug   :  iter   8 minL    0.349/   0.700 maxL    1.677/   1.400 -- Small/Large/Total (    78/     5/  3441):      1 splits,      3 swaps,      6 collapses,    125 moves
Debug   :  iter   9 minL    0.349/   0.700 maxL    1.532/   1.400 -- Small/Large/Total (    77/     5/  3444):      6 splits,      6 swaps,      5 collapses,    144 moves
Debug   :  iter  10 minL    0.349/   0.700 maxL    1.514/   1.400 -- Small/Large/Total (    75/     3/  3450):      6 splits,      5 swaps,      4 collapses,    137 moves
Debug   :  iter  11 minL    0.349/   0.700 maxL    1.401/   1.400 -- Small/Large/Total (    74/     1/  3453):      4 splits,      5 swaps,      3 collapses,    161 moves
Debug   :  ---------------------------------------
Debug   :  CPU Report 
Debug   :  ---------------------------------------
Debug   :  CPU SWAP     1.93230E-02 sec (  0 %)
Debug   :  CPU SPLIT    1.70191E+00 sec (  5 %) 
Debug   :  CPU COLLAPS  2.85124E+00 sec (  9 %) 
Debug   :  CPU SMOOTH   2.72624E+01 sec ( 86 %) 
Debug   :  ---------------------------------------
Debug   :  CPU TOTAL    3.18349E+01 sec 
Debug   :  ---------------------------------------
Debug   :  iter   1 minL    0.349/   0.700 maxL    1.455/   1.400 -- Small/Large/Total (    77/     1/  3456):      1 splits,      0 swaps,      1 collapses,     57 moves
Debug   :  iter   2 minL    0.349/   0.700 maxL    1.492/   1.400 -- Small/Large/Total (    78/     1/  3459):      1 splits,      1 swaps,      0 collapses,     48 moves
Debug   :  iter   3 minL    0.349/   0.700 maxL    1.395/   1.400 -- Small/Large/Total (    78/     0/  3462):      1 splits,      1 swaps,      0 collapses,     49 moves
Debug   :  iter   4 minL    0.349/   0.700 maxL    1.395/   1.400 -- Small/Large/Total (    77/     0/  3462):      0 splits,      0 swaps,      0 collapses,     32 moves
Debug   :  ---------------------------------------
Debug   :  CPU Report 
Debug   :  ---------------------------------------
Debug   :  CPU SWAP     5.93300E-03 sec (  0 %)
Debug   :  CPU SPLIT    7.60352E-01 sec (  9 %) 
Debug   :  CPU COLLAPS  6.10335E-01 sec (  7 %) 
Debug   :  CPU SMOOTH   6.77306E+00 sec ( 83 %) 
Debug   :  ---------------------------------------
Debug   :  CPU TOTAL    8.14968E+00 sec 
Debug   :  ---------------------------------------
Debug   : Type 23 2239 triangles generated, 1017 internal nodes
Info    : Meshing surface 16 (Parametric surface, MeshAdapt)
Debug   : Recovering 4 model edges
Debug   : Recovering 71 mesh edges (0 not recovered)
Debug   : Boundary edges recovered for surface 16
Debug   : Computing mesh size field at mesh nodes 71
Debug   : Delaunizing the initial mesh
Debug   : Starting to add internal nodes
Debug   :  iter   1 minL    0.340/   0.700 maxL    3.488/   1.400 -- Small/Large/Total (    49/    99/   670):    239 splits,    257 swaps,     62 collapses,    652 moves
Debug   :  iter   2 minL    0.480/   0.700 maxL    1.590/   1.400 -- Small/Large/Total (    67/     5/   841):    125 splits,     84 swaps,     68 collapses,    629 moves
Debug   :  iter   3 minL    0.540/   0.700 maxL    1.455/   1.400 -- Small/Large/Total (    46/     2/   835):      5 splits,      8 swaps,      7 collapses,    237 moves
Debug   :  iter   4 minL    0.560/   0.700 maxL    1.398/   1.400 -- Small/Large/Total (    48/     0/   838):      2 splits,      1 swaps,      1 collapses,    122 moves
Debug   :  iter   5 minL    0.560/   0.700 maxL    1.398/   1.400 -- Small/Large/Total (    43/     0/   835):      0 splits,      0 swaps,      1 collapses,     78 moves
Debug   :  iter   6 minL    0.560/   0.700 maxL    1.398/   1.400 -- Small/Large/Total (    43/     0/   835):      0 splits,      0 swaps,      0 collapses,     58 moves
Debug   :  ---------------------------------------
Debug   :  CPU Report 
Debug   :  ---------------------------------------
Debug   :  CPU SWAP     2.47300E-03 sec (  0 %)
Debug   :  CPU SPLIT    1.99379E-01 sec (  3 %) 
Debug   :  CPU COLLAPS  3.97184E-01 sec (  7 %) 
Debug   :  CPU SMOOTH   5.43706E+00 sec ( 90 %) 
Debug   :  ---------------------------------------
Debug   :  CPU TOTAL    6.03609E+00 sec 
Debug   :  ---------------------------------------
Debug   :  iter   1 minL    0.560/   0.700 maxL    1.398/   1.400 -- Small/Large/Total (    43/     0/   835):      0 splits,      0 swaps,      0 collapses,     46 moves
Debug   :  ---------------------------------------
Debug   :  CPU Report 
Debug   :  ---------------------------------------
Debug   :  CPU SWAP     3.34000E-04 sec (  0 %)
Debug   :  CPU SPLIT    7.06190E-02 sec (  8 %) 
Debug   :  CPU COLLAPS  3.54050E-02 sec (  4 %) 
Debug   :  CPU SMOOTH   7.99056E-01 sec ( 88 %) 
Debug   :  ---------------------------------------
Debug   :  CPU TOTAL    9.05414E-01 sec 
Debug   :  ---------------------------------------
Debug   : Type 23 533 triangles generated, 232 internal nodes
Info    : Meshing surface 17 (Parametric surface, MeshAdapt)
Debug   : Recovering 4 model edges
Debug   : Recovering 207 mesh edges (0 not recovered)
Debug   : Boundary edges recovered for surface 17
Debug   : Computing mesh size field at mesh nodes 207
Debug   : Delaunizing the initial mesh
Debug   : Starting to add internal nodes
Debug   :  iter   1 minL    0.285/   0.700 maxL    3.953/   1.400 -- Small/Large/Total (   164/   708/  2442):    806 splits,    803 swaps,    129 collapses,   2142 moves
Debug   :  iter   2 minL    0.462/   0.700 maxL    1.757/   1.400 -- Small/Large/Total (   155/    26/  3534):    778 splits,    366 swaps,    414 collapses,   3102 moves
Debug   :  iter   3 minL    0.546/   0.700 maxL    1.682/   1.400 -- Small/Large/Total (   113/    19/  3531):     31 splits,     44 swaps,     32 collapses,    848 moves
Debug   :  iter   4 minL    0.571/   0.700 maxL    1.613/   1.400 -- Small/Large/Total (   107/     3/  3531):     21 splits,     14 swaps,     21 collapses,    383 moves
Debug   :  iter   5 minL    0.571/   0.700 maxL    1.448/   1.400 -- Small/Large/Total (   106/     2/  3534):      3 splits,      4 swaps,      2 collapses,    213 moves
Debug   :  iter   6 minL    0.571/   0.700 maxL    1.456/   1.400 -- Small/Large/Total (   106/     1/  3531):      3 splits,      3 swaps,      4 collapses,    126 moves
Debug   :  iter   7 minL    0.571/   0.700 maxL    1.393/   1.400 -- Small/Large/Total (   108/     0/  3528):      1 splits,      1 swaps,      2 collapses,     51 moves
Debug   :  iter   8 minL    0.571/   0.700 maxL    1.393/   1.400 -- Small/Large/Total (   108/     0/  3528):      0 splits,      0 swaps,      0 collapses,     33 moves
Debug   :  ---------------------------------------
Debug   :  CPU Report 
Debug   :  ---------------------------------------
Debug   :  CPU SWAP     1.32370E-02 sec (  0 %)
Debug   :  CPU SPLIT    1.11386E+00 sec (  5 %) 
Debug   :  CPU COLLAPS  2.03804E+00 sec (  9 %) 
Debug   :  CPU SMOOTH   1.95605E+01 sec ( 86 %) 
Debug   :  ---------------------------------------
Debug   :  CPU TOTAL    2.27256E+01 sec 
Debug   :  ---------------------------------------
Debug   :  iter   1 minL    0.571/   0.700 maxL    1.393/   1.400 -- Small/Large/Total (   108/     0/  3528):      0 splits,      0 swaps,      0 collapses,     28 moves
Debug   :  ---------------------------------------
Debug   :  CPU Report 
Debug   :  ---------------------------------------
Debug   :  CPU SWAP     1.47800E-03 sec (  0 %)
Debug   :  CPU SPLIT    3.06418E-01 sec ( 14 %) 
Debug   :  CPU COLLAPS  1.54202E-01 sec (  7 %) 
Debug   :  CPU SMOOTH   1.71393E+00 sec ( 79 %) 
Debug   :  ---------------------------------------
Debug   :  CPU TOTAL    2.17602E+00 sec 
Debug   :  ---------------------------------------
Debug   : Type 23 2283 triangles generated, 1039 internal nodes
Info    : Meshing surface 18 (Parametric surface, MeshAdapt)
Debug   : Recovering 4 model edges
Debug   : Recovering 72 mesh edges (0 not recovered)
Debug   : Boundary edges recovered for surface 18
Debug   : Computing mesh size field at mesh nodes 72
Debug   : Delaunizing the initial mesh
Debug   : Starting to add internal nodes
Debug   :  iter   1 minL    0.384/   0.700 maxL    4.395/   1.400 -- Small/Large/Total (    34/   111/   660):    243 splits,    261 swaps,     70 collapses,    647 moves
Debug   :  iter   2 minL    0.505/   0.700 maxL    1.526/   1.400 -- Small/Large/Total (    47/     2/   849):    123 splits,     82 swaps,     60 collapses,    580 moves
Debug   :  iter   3 minL    0.481/   0.700 maxL    1.417/   1.400 -- Small/Large/Total (    38/     1/   849):      5 splits,      8 swaps,      5 collapses,    192 moves
Debug   :  iter   4 minL    0.505/   0.700 maxL    1.303/   1.400 -- Small/Large/Total (    35/     0/   852):      1 splits,      0 swaps,      0 collapses,     68 moves
Debug   :  iter   5 minL    0.505/   0.700 maxL    1.303/   1.400 -- Small/Large/Total (    35/     0/   852):      0 splits,      0 swaps,      0 collapses,     46 moves
Debug   :  ---------------------------------------
Debug   :  CPU Report 
Debug   :  ---------------------------------------
Debug   :  CPU SWAP     2.05300E-03 sec (  0 %)
Debug   :  CPU SPLIT    1.60087E-01 sec (  3 %) 
Debug   :  CPU COLLAPS  3.36335E-01 sec (  7 %) 
Debug   :  CPU SMOOTH   4.46010E+00 sec ( 90 %) 
Debug   :  ---------------------------------------
Debug   :  CPU TOTAL    4.95857E+00 sec 
Debug   :  ---------------------------------------
Debug   :  iter   1 minL    0.505/   0.700 maxL    1.303/   1.400 -- Small/Large/Total (    35/     0/   852):      0 splits,      0 swaps,      0 collapses,     29 moves
Debug   :  ---------------------------------------
Debug   :  CPU Report 
Debug   :  ---------------------------------------
Debug   :  CPU SWAP     3.26000E-04 sec (  0 %)
Debug   :  CPU SPLIT    7.25720E-02 sec (  9 %) 
Debug   :  CPU COLLAPS  3.61780E-02 sec (  4 %) 
Debug   :  CPU SMOOTH   7.04893E-01 sec ( 87 %) 
Debug   :  ---------------------------------------
Debug   :  CPU TOTAL    8.13969E-01 sec 
Debug   :  ---------------------------------------
Debug   : Type 23 544 triangles generated, 237 internal nodes
Info    : Meshing surface 19 (Parametric surface, MeshAdapt)
Debug   : Recovering 6 model edges
Debug   : Recovering 68 mesh edges (0 not recovered)
Debug   : Boundary edges recovered for surface 19
Debug   : Computing mesh size field at mesh nodes 68
Debug   : Delaunizing the initial mesh
Debug   : Starting to add internal nodes
Debug   :  iter   1 minL    0.478/   0.700 maxL    1.404/   1.400 -- Small/Large/Total (    17/     1/   208):     32 splits,     22 swaps,      7 collapses,     50 moves
Debug   :  iter   2 minL    0.474/   0.700 maxL    1.404/   1.400 -- Small/Large/Total (    14/     1/   205):      1 splits,      2 swaps,      2 collapses,     23 moves
Debug   :  iter   3 minL    0.478/   0.700 maxL    1.404/   1.400 -- Small/Large/Total (    13/     1/   202):      1 splits,      1 swaps,      2 collapses,     10 moves
Debug   :  iter   4 minL    0.478/   0.700 maxL    1.404/   1.400 -- Small/Large/Total (    12/     1/   199):      1 splits,      1 swaps,      2 collapses,     13 moves
Debug   :  iter   5 minL    0.478/   0.700 maxL    1.404/   1.400 -- Small/Large/Total (    12/     1/   199):      1 splits,      1 swaps,      1 collapses,     10 moves
Debug   :  iter   6 minL    0.478/   0.700 maxL    1.404/   1.400 -- Small/Large/Total (    12/     1/   199):      1 splits,      1 swaps,      1 collapses,      9 moves
Debug   :  iter   7 minL    0.478/   0.700 maxL    1.404/   1.400 -- Small/Large/Total (    12/     1/   199):      1 splits,      1 swaps,      1 collapses,      9 moves
Debug   :  iter   8 minL    0.478/   0.700 maxL    1.404/   1.400 -- Small/Large/Total (    12/     1/   199):      1 splits,      1 swaps,      1 collapses,      8 moves
Debug   :  iter   9 minL    0.478/   0.700 maxL    1.404/   1.400 -- Small/Large/Total (    12/     1/   199):      1 splits,      1 swaps,      1 collapses,      1 moves
Debug   :  iter  10 minL    0.478/   0.700 maxL    1.404/   1.400 -- Small/Large/Total (    12/     1/   199):      1 splits,      1 swaps,      1 collapses,      1 moves
Debug   :  iter  11 minL    0.478/   0.700 maxL    1.404/   1.400 -- Small/Large/Total (    12/     1/   199):      1 splits,      1 swaps,      1 collapses,      1 moves
Debug   :  ---------------------------------------
Debug   :  CPU Report 
Debug   :  ---------------------------------------
Debug   :  CPU SWAP     6.35000E-04 sec (  1 %)
Debug   :  CPU SPLIT    2.00660E-02 sec ( 24 %) 
Debug   :  CPU COLLAPS  2.74410E-02 sec ( 33 %) 
Debug   :  CPU SMOOTH   3.52640E-02 sec ( 42 %) 
Debug   :  ---------------------------------------
Debug   :  CPU TOTAL    8.34060E-02 sec 
Debug   :  ---------------------------------------
Debug   :  iter   1 minL    0.478/   0.700 maxL    1.404/   1.400 -- Small/Large/Total (    12/     1/   199):      1 splits,      1 swaps,      1 collapses,      1 moves
Debug   :  iter   2 minL    0.478/   0.700 maxL    1.404/   1.400 -- Small/Large/Total (    12/     1/   199):      1 splits,      1 swaps,      1 collapses,      1 moves
Debug   :  iter   3 minL    0.478/   0.700 maxL    1.404/   1.400 -- Small/Large/Total (    12/     1/   199):      1 splits,      1 swaps,      1 collapses,      1 moves
Debug   :  iter   4 minL    0.478/   0.700 maxL    1.404/   1.400 -- Small/Large/Total (    12/     1/   199):      1 splits,      1 swaps,      1 collapses,      1 moves
Debug   :  iter   5 minL    0.478/   0.700 maxL    1.404/   1.400 -- Small/Large/Total (    12/     1/   199):      1 splits,      1 swaps,      1 collapses,      1 moves
Debug   :  iter   6 minL    0.478/   0.700 maxL    1.404/   1.400 -- Small/Large/Total (    12/     1/   199):      1 splits,      1 swaps,      1 collapses,      1 moves
Debug   :  iter   7 minL    0.478/   0.700 maxL    1.404/   1.400 -- Small/Large/Total (    12/     1/   199):      1 splits,      1 swaps,      1 collapses,      1 moves
Debug   :  iter   8 minL    0.478/   0.700 maxL    1.404/   1.400 -- Small/Large/Total (    12/     1/   199):      1 splits,      1 swaps,      1 collapses,      1 moves
Debug   :  iter   9 minL    0.478/   0.700 maxL    1.404/   1.400 -- Small/Large/Total (    12/     1/   199):      1 splits,      1 swaps,      1 collapses,      1 moves
Debug   :  iter  10 minL    0.478/   0.700 maxL    1.404/   1.400 -- Small/Large/Total (    12/     1/   199):      1 splits,      1 swaps,      1 collapses,      1 moves
Debug   :  iter  11 minL    0.478/   0.700 maxL    1.404/   1.400 -- Small/Large/Total (    12/     1/   199):      1 splits,      1 swaps,      1 collapses,      1 moves
Debug   :  ---------------------------------------
Debug   :  CPU Report 
Debug   :  ---------------------------------------
Debug   :  CPU SWAP     5.46000E-04 sec (  1 %)
Debug   :  CPU SPLIT    1.97760E-02 sec ( 25 %) 
Debug   :  CPU COLLAPS  2.10200E-02 sec ( 27 %) 
Debug   :  CPU SMOOTH   3.64820E-02 sec ( 47 %) 
Debug   :  ---------------------------------------
Debug   :  CPU TOTAL    7.78240E-02 sec 
Debug   :  ---------------------------------------
Debug   : Type 23 110 triangles generated, 22 internal nodes
Info    : Tetrahedrizing 12908 nodes...
Info    : Done tetrahedrizing 12916 nodes (Wall 0.264328s, CPU 0.217436s)
Debug   : Points have been tetrahedralized
Info    : Reconstructing mesh...
Info    :  - Creating surface mesh
Info    :  - Identifying boundary edges
Debug   :   25812 (38718) subfaces (segments)
Info    :  - Recovering boundary
Debug   : Statistics:
Debug   :   Input points: 12916
Debug   :   Input facets: 19
Debug   :   Input segments: 0
Debug   :  Mesh points: 12916
Debug   :   Mesh tetrahedra: 54240
Debug   :   Mesh faces: 121386
Debug   :   Mesh faces on facets: 25812
Debug   :   Mesh edges on segments: 38718
Debug   : Writing to GRegion...
Info    : Done reconstructing mesh (Wall 0.577641s, CPU 0.493713s)
Debug   : start with a non classified tet
Debug   : Found 54240 tets with 19 faces (Wall 0.0469535s, CPU 0.04678s)
Info    : Found volume 1
Debug   : All 54240 tets were connected
Info    : It. 0 - 0 nodes created - worst tet radius 60.4582 (nodes removed 0 0)
Info    : It. 500 - 500 nodes created - worst tet radius 2.63042 (nodes removed 0 0)
Info    : It. 1000 - 1000 nodes created - worst tet radius 2.18962 (nodes removed 0 0)
Info    : It. 1500 - 1500 nodes created - worst tet radius 1.94141 (nodes removed 0 0)
Info    : It. 2000 - 2000 nodes created - worst tet radius 1.78536 (nodes removed 0 0)
Info    : It. 2500 - 2500 nodes created - worst tet radius 1.68152 (nodes removed 0 0)
Info    : It. 3000 - 3000 nodes created - worst tet radius 1.58915 (nodes removed 0 0)
Info    : It. 3500 - 3500 nodes created - worst tet radius 1.51834 (nodes removed 0 0)
Info    : It. 4000 - 4000 nodes created - worst tet radius 1.46037 (nodes removed 0 0)
Info    : It. 4500 - 4500 nodes created - worst tet radius 1.41254 (nodes removed 0 0)
Info    : It. 5000 - 5000 nodes created - worst tet radius 1.37046 (nodes removed 0 0)
Info    : It. 5500 - 5500 nodes created - worst tet radius 1.33461 (nodes removed 0 0)
Info    : It. 6000 - 5999 nodes created - worst tet radius 1.29988 (nodes removed 0 1)
Info    : It. 6500 - 6499 nodes created - worst tet radius 1.26836 (nodes removed 0 1)
Info    : It. 7000 - 6998 nodes created - worst tet radius 1.30605 (nodes removed 0 2)
Info    : It. 7500 - 7498 nodes created - worst tet radius 1.26208 (nodes removed 0 2)
Info    : It. 8000 - 7998 nodes created - worst tet radius 1.19026 (nodes removed 0 2)
Info    : It. 8500 - 8498 nodes created - worst tet radius 1.16905 (nodes removed 0 2)
Info    : It. 9000 - 8998 nodes created - worst tet radius 1.14971 (nodes removed 0 2)
Info    : It. 9500 - 9498 nodes created - worst tet radius 1.13013 (nodes removed 0 2)
Info    : It. 10000 - 9998 nodes created - worst tet radius 1.11132 (nodes removed 0 2)
Info    : It. 10500 - 10498 nodes created - worst tet radius 1.09586 (nodes removed 0 2)
Info    : It. 11000 - 10998 nodes created - worst tet radius 1.0795 (nodes removed 0 2)
Info    : It. 11500 - 11498 nodes created - worst tet radius 1.06526 (nodes removed 0 2)
Info    : It. 12000 - 11998 nodes created - worst tet radius 1.14017 (nodes removed 0 2)
Info    : It. 12500 - 12498 nodes created - worst tet radius 1.03732 (nodes removed 0 2)
Info    : It. 13000 - 12998 nodes created - worst tet radius 1.0246 (nodes removed 0 2)
Info    : It. 13500 - 13498 nodes created - worst tet radius 1.01418 (nodes removed 0 2)
Info    : It. 14000 - 13998 nodes created - worst tet radius 1.00232 (nodes removed 0 2)
Info    : 3D refinement terminated (27011 nodes total):
Info    :  - 4 Delaunay cavities modified for star shapeness
Info    :  - 2 nodes could not be inserted
Info    :  - 128404 tetrahedra created in 0.723963 sec. (177362 tets/s)
Info    : 0 node relocations
Info    : dtOptimizeMeshGRegion()() volume 1
Info    : dtOptimizeMeshGRegion()() volume 1 : Optimize gmsh
Info    : Optimizing volume 1
Info    : Optimization starts (volume = 2.02537) with worst = 0.00557066 / average = 0.759342:
Info    : 0.00 < quality < 0.10 :       290 elements
Info    : 0.10 < quality < 0.20 :       915 elements
Info    : 0.20 < quality < 0.30 :      1603 elements
Info    : 0.30 < quality < 0.40 :      2497 elements
Info    : 0.40 < quality < 0.50 :      4051 elements
Info    : 0.50 < quality < 0.60 :      7636 elements
Info    : 0.60 < quality < 0.70 :     16850 elements
Info    : 0.70 < quality < 0.80 :     32354 elements
Info    : 0.80 < quality < 0.90 :     42538 elements
Info    : 0.90 < quality < 1.00 :     19670 elements
Info    : 2754 edge swaps, 80 node relocations (volume = 2.02537): worst = 0.137366 / average = 0.772125 (Wall 0.0628336s, CPU 0.057888s)
Info    : 2784 edge swaps, 84 node relocations (volume = 2.02537): worst = 0.137366 / average = 0.77221 (Wall 0.0759736s, CPU 0.070998s)
Info    : No ill-shaped tets in the mesh :-)
Info    : 0.00 < quality < 0.10 :         0 elements
Info    : 0.10 < quality < 0.20 :         3 elements
Info    : 0.20 < quality < 0.30 :         6 elements
Info    : 0.30 < quality < 0.40 :      2465 elements
Info    : 0.40 < quality < 0.50 :      3890 elements
Info    : 0.50 < quality < 0.60 :      7620 elements
Info    : 0.60 < quality < 0.70 :     16874 elements
Info    : 0.70 < quality < 0.80 :     32672 elements
Info    : 0.80 < quality < 0.90 :     42855 elements
Info    : 0.90 < quality < 1.00 :     19557 elements
Info    : dtOptimizeMeshGRegion()() volume 1 : Optimize netgen
Info    : Extract outter faces of tetrahedra
Info    : Optimizing volume 2
Info    : CalcLocalH: 27011 Points 125969 Elements 25812 Surface Elements 
Info    : Remove Illegal Elements 
Info    : 1141 illegal tets 
Info    : SplitImprove 
Info    : badmax = 77.92 
Info    : 205 splits performed 
Info    : SwapImprove  
Info    : 188 swaps performed 
Info    : SwapImprove2  
Info    : 11 swaps performed 
Info    : 709 illegal tets 
Info    : SplitImprove 
Info    : badmax = 77.92 
Info    : 160 splits performed 
Info    : SwapImprove  
Info    : 101 swaps performed 
Info    : SwapImprove2  
Info    : 74 swaps performed 
Info    : 159 illegal tets 
Info    : SplitImprove 
Info    : badmax = 4992.38 
Info    : 52 splits performed 
Info    : SwapImprove  
Info    : 25 swaps performed 
Info    : SwapImprove2  
Info    : 18 swaps performed 
Info    : 24 illegal tets 
Info    : SplitImprove 
Info    : badmax = 3378.38 
Info    : 10 splits performed 
Info    : SwapImprove  
Info    : 5 swaps performed 
Info    : SwapImprove2  
Info    : 0 swaps performed 
Info    : 2 illegal tets 
Info    : SplitImprove 
Info    : badmax = 1315.27 
Info    : 2 splits performed 
Info    : SwapImprove  
Info    : 0 swaps performed 
Info    : SwapImprove2  
Info    : 0 swaps performed 
Info    : 0 illegal tets 
Info    : Volume Optimization 
Info    : CombineImprove 
Info    : 942 elements combined 
Info    : ImproveMesh 
Info    : Total badness = 176729 
Info    : Total badness = 168189 
Info    : SplitImprove 
Info    : badmax = 77.92 
Info    : 5 splits performed 
Info    : ImproveMesh 
Info    : Total badness = 168219 
Info    : Total badness = 167084 
Info    : SwapImprove  
Info    : 7296 swaps performed 
Info    : SwapImprove2  
Info    : 0 swaps performed 
Info    : ImproveMesh 
Info    : Total badness = 154185 
Info    : Total badness = 150779 
Info    : CombineImprove 
Info    : 199 elements combined 
Info    : ImproveMesh 
Info    : Total badness = 148964 
Info    : Total badness = 148527 
Info    : SplitImprove 
Info    : badmax = 36.0961 
Info    : 1 splits performed 
Info    : ImproveMesh 
Info    : Total badness = 148534 
Info    : Total badness = 148456 
Info    : SwapImprove  
Info    : 1043 swaps performed 
Info    : SwapImprove2  
Info    : 0 swaps performed 
Info    : ImproveMesh 
Info    : Total badness = 147634 
Info    : Total badness = 147002 
Info    : CombineImprove 
Info    : 49 elements combined 
Info    : ImproveMesh 
Info    : Total badness = 146581 
Info    : Total badness = 146491 
Info    : SplitImprove 
Info    : badmax = 25.9038 
Info    : 0 splits performed 
Info    : ImproveMesh 
Info    : Total badness = 146491 
Info    : Total badness = 146471 
Info    : SwapImprove  
Info    : 308 swaps performed 
Info    : SwapImprove2  
Info    : 0 swaps performed 
Info    : ImproveMesh 
Info    : Total badness = 146332 
Info    : Total badness = 146138 
Info    : dtOptimizeMeshGRegion()() volume 1
Info    : dtOptimizeMeshGRegion()() volume 1 : Optimize gmsh
Info    : Optimizing volume 1
Info    : Optimization starts (volume = 2.02537) with worst = 0.182714 / average = 0.838418:
Info    : 0.00 < quality < 0.10 :         0 elements
Info    : 0.10 < quality < 0.20 :         8 elements
Info    : 0.20 < quality < 0.30 :        87 elements
Info    : 0.30 < quality < 0.40 :       281 elements
Info    : 0.40 < quality < 0.50 :       673 elements
Info    : 0.50 < quality < 0.60 :      1964 elements
Info    : 0.60 < quality < 0.70 :      7798 elements
Info    : 0.70 < quality < 0.80 :     22865 elements
Info    : 0.80 < quality < 0.90 :     45964 elements
Info    : 0.90 < quality < 1.00 :     36112 elements
Info    : 20 edge swaps, 21 node relocations (volume = 2.02537): worst = 0.185393 / average = 0.838497 (Wall 0.0211579s, CPU 0.021113s)
Info    : 25 edge swaps, 27 node relocations (volume = 2.02537): worst = 0.185393 / average = 0.838515 (Wall 0.0301243s, CPU 0.03006s)
Info    : No ill-shaped tets in the mesh :-)
Info    : 0.00 < quality < 0.10 :         0 elements
Info    : 0.10 < quality < 0.20 :         3 elements
Info    : 0.20 < quality < 0.30 :        58 elements
Info    : 0.30 < quality < 0.40 :       295 elements
Info    : 0.40 < quality < 0.50 :       664 elements
Info    : 0.50 < quality < 0.60 :      1967 elements
Info    : 0.60 < quality < 0.70 :      7805 elements
Info    : 0.70 < quality < 0.80 :     22871 elements
Info    : 0.80 < quality < 0.90 :     45962 elements
Info    : 0.90 < quality < 1.00 :     36113 elements
Info    : dtOptimizeMeshGRegion()() volume 1 : Optimize netgen
Info    : Extract outter faces of tetrahedra
Info    : Optimizing volume 2
Info    : CalcLocalH: 26256 Points 115748 Elements 25812 Surface Elements 
Info    : Remove Illegal Elements 
Info    : 35 illegal tets 
Info    : SplitImprove 
Info    : badmax = 28.7018 
Info    : 14 splits performed 
Info    : SwapImprove  
Info    : 1 swaps performed 
Info    : SwapImprove2  
Info    : 0 swaps performed 
Info    : 0 illegal tets 
Info    : Volume Optimization 
Info    : CombineImprove 
Info    : 28 elements combined 
Info    : ImproveMesh 
Info    : Total badness = 146065 
Info    : Total badness = 146000 
Info    : SplitImprove 
Info    : badmax = 26.3198 
Info    : 0 splits performed 
Info    : ImproveMesh 
Info    : Total badness = 146000 
Info    : Total badness = 145992 
Info    : SwapImprove  
Info    : 140 swaps performed 
Info    : SwapImprove2  
Info    : 0 swaps performed 
Info    : ImproveMesh 
Info    : Total badness = 145910 
Info    : Total badness = 145829 
Info    : CombineImprove 
Info    : 3 elements combined 
Info    : ImproveMesh 
Info    : Total badness = 145797 
Info    : Total badness = 145787 
Info    : SplitImprove 
Info    : badmax = 26.0128 
Info    : 0 splits performed 
Info    : ImproveMesh 
Info    : Total badness = 145787 
Info    : Total badness = 145784 
Info    : SwapImprove  
Info    : 45 swaps performed 
Info    : SwapImprove2  
Info    : 0 swaps performed 
Info    : ImproveMesh 
Info    : Total badness = 145776 
Info    : Total badness = 145750 
Info    : CombineImprove 
Info    : 2 elements combined 
Info    : ImproveMesh 
Info    : Total badness = 145735 
Info    : Total badness = 145731 
Info    : SplitImprove 
Info    : badmax = 26.0264 
Info    : 0 splits performed 
Info    : ImproveMesh 
Info    : Total badness = 145731 
Info    : Total badness = 145729 
Info    : SwapImprove  
Info    : 22 swaps performed 
Info    : SwapImprove2  
Info    : 0 swaps performed 
Info    : ImproveMesh 
Info    : Total badness = 145720 
Info    : Total badness = 145706 
Info    : dtOptimizeMeshGRegion()() volume 1
Info    : dtOptimizeMeshGRegion()() volume 1 : Optimize gmsh
Info    : Optimizing volume 1
Info    : Optimization starts (volume = 2.02537) with worst = 0.16961 / average = 0.839336:
Info    : 0.00 < quality < 0.10 :         0 elements
Info    : 0.10 < quality < 0.20 :         4 elements
Info    : 0.20 < quality < 0.30 :        66 elements
Info    : 0.30 < quality < 0.40 :       285 elements
Info    : 0.40 < quality < 0.50 :       661 elements
Info    : 0.50 < quality < 0.60 :      1892 elements
Info    : 0.60 < quality < 0.70 :      7683 elements
Info    : 0.70 < quality < 0.80 :     22702 elements
Info    : 0.80 < quality < 0.90 :     45982 elements
Info    : 0.90 < quality < 1.00 :     36334 elements
Info    : 12 edge swaps, 9 node relocations (volume = 2.02537): worst = 0.185386 / average = 0.83939 (Wall 0.019646s, CPU 0.019608s)
Info    : 13 edge swaps, 13 node relocations (volume = 2.02537): worst = 0.185386 / average = 0.839398 (Wall 0.0281095s, CPU 0.028055s)
Info    : No ill-shaped tets in the mesh :-)
Info    : 0.00 < quality < 0.10 :         0 elements
Info    : 0.10 < quality < 0.20 :         3 elements
Info    : 0.20 < quality < 0.30 :        46 elements
Info    : 0.30 < quality < 0.40 :       289 elements
Info    : 0.40 < quality < 0.50 :       658 elements
Info    : 0.50 < quality < 0.60 :      1900 elements
Info    : 0.60 < quality < 0.70 :      7688 elements
Info    : 0.70 < quality < 0.80 :     22706 elements
Info    : 0.80 < quality < 0.90 :     45984 elements
Info    : 0.90 < quality < 1.00 :     36334 elements
Info    : dtOptimizeMeshGRegion()() volume 1 : Optimize netgen
Info    : Extract outter faces of tetrahedra
Info    : Optimizing volume 2
Info    : CalcLocalH: 26237 Points 115612 Elements 25812 Surface Elements 
Info    : Remove Illegal Elements 
Info    : 28 illegal tets 
Info    : SplitImprove 
Info    : badmax = 27.3474 
Info    : 9 splits performed 
Info    : SwapImprove  
Info    : 3 swaps performed 
Info    : SwapImprove2  
Info    : 1 swaps performed 
Info    : 0 illegal tets 
Info    : Volume Optimization 
Info    : CombineImprove 
Info    : 8 elements combined 
Info    : ImproveMesh 
Info    : Total badness = 145750 
Info    : Total badness = 145726 
Info    : SplitImprove 
Info    : badmax = 26.0044 
Info    : 0 splits performed 
Info    : ImproveMesh 
Info    : Total badness = 145726 
Info    : Total badness = 145723 
Info    : SwapImprove  
Info    : 24 swaps performed 
Info    : SwapImprove2  
Info    : 0 swaps performed 
Info    : ImproveMesh 
Info    : Total badness = 145709 
Info    : Total badness = 145695 
Info    : CombineImprove 
Info    : 0 elements combined 
Info    : ImproveMesh 
Info    : Total badness = 145695 
Info    : Total badness = 145694 
Info    : SplitImprove 
Info    : badmax = 25.9862 
Info    : 0 splits performed 
Info    : ImproveMesh 
Info    : Total badness = 145694 
Info    : Total badness = 145693 
Info    : SwapImprove  
Info    : 9 swaps performed 
Info    : SwapImprove2  
Info    : 0 swaps performed 
Info    : ImproveMesh 
Info    : Total badness = 145686 
Info    : Total badness = 145678 
Info    : CombineImprove 
Info    : 0 elements combined 
Info    : ImproveMesh 
Info    : Total badness = 145678 
Info    : Total badness = 145678 
Info    : SplitImprove 
Info    : badmax = 25.9875 
Info    : 0 splits performed 
Info    : ImproveMesh 
Info    : Total badness = 145678 
Info    : Total badness = 145677 
Info    : SwapImprove  
Info    : 9 swaps performed 
Info    : SwapImprove2  
Info    : 0 swaps performed 
Info    : ImproveMesh 
Info    : Total badness = 145676 
Info    : Total badness = 145671 
Info    : Meshing order 2 (curvilinear off)...
Info    : [  0%] Meshing curve 1 order 2
Info    : [ 10%] Meshing curve 2 order 2
Info    : [ 10%] Meshing curve 3 order 2
Info    : [ 10%] Meshing curve 4 order 2
Info    : [ 10%] Meshing curve 5 order 2
Info    : [ 10%] Meshing curve 6 order 2
Info    : [ 10%] Meshing curve 7 order 2
Info    : [ 20%] Meshing curve 8 order 2
Info    : [ 20%] Meshing curve 9 order 2
Info    : [ 20%] Meshing curve 10 order 2
Info    : [ 20%] Meshing curve 11 order 2
Info    : [ 20%] Meshing curve 12 order 2
Info    : [ 20%] Meshing curve 13 order 2
Info    : [ 30%] Meshing curve 14 order 2
Info    : [ 30%] Meshing curve 15 order 2
Info    : [ 30%] Meshing curve 16 order 2
Info    : [ 30%] Meshing curve 17 order 2
Info    : [ 30%] Meshing curve 18 order 2
Info    : [ 30%] Meshing curve 19 order 2
Info    : [ 40%] Meshing curve 20 order 2
Info    : [ 40%] Meshing curve 21 order 2
Info    : [ 40%] Meshing curve 22 order 2
Info    : [ 40%] Meshing curve 23 order 2
Info    : [ 40%] Meshing curve 24 order 2
Info    : [ 40%] Meshing curve 25 order 2
Info    : [ 50%] Meshing curve 26 order 2
Info    : [ 50%] Meshing curve 27 order 2
Info    : [ 50%] Meshing curve 28 order 2
Info    : [ 50%] Meshing curve 29 order 2
Info    : [ 50%] Meshing curve 30 order 2
Info    : [ 50%] Meshing curve 31 order 2
Info    : [ 60%] Meshing curve 32 order 2
Info    : [ 60%] Meshing curve 33 order 2
Info    : [ 60%] Meshing curve 34 order 2
Info    : [ 60%] Meshing curve 35 order 2
Info    : [ 60%] Meshing curve 36 order 2
Info    : [ 60%] Meshing curve 37 order 2
Info    : [ 60%] Meshing curve 38 order 2
Info    : [ 70%] Meshing curve 39 order 2
Info    : [ 70%] Meshing curve 40 order 2
Info    : [ 70%] Meshing curve 41 order 2
Info    : [ 70%] Meshing curve 42 order 2
Info    : [ 70%] Meshing surface 1 order 2
Info    : [ 70%] Meshing surface 2 order 2
Info    : [ 80%] Meshing surface 3 order 2
Info    : [ 80%] Meshing surface 4 order 2
Info    : [ 80%] Meshing surface 5 order 2
Info    : [ 80%] Meshing surface 6 order 2
Info    : [ 80%] Meshing surface 7 order 2
Info    : [ 80%] Meshing surface 8 order 2
Info    : [ 90%] Meshing surface 9 order 2
Info    : [ 90%] Meshing surface 10 order 2
Info    : [ 90%] Meshing surface 11 order 2
Info    : [ 90%] Meshing surface 12 order 2
Info    : [ 90%] Meshing surface 13 order 2
Info    : [ 90%] Meshing surface 14 order 2
Info    : [100%] Meshing surface 15 order 2
Info    : [100%] Meshing surface 16 order 2
Info    : [100%] Meshing surface 17 order 2
Info    : [100%] Meshing surface 18 order 2
Info    : [100%] Meshing surface 19 order 2
Info    : [100%] Meshing volume 1 order 2
Info    : Done meshing order 2 (Wall 0.656521s, CPU 0.640096s)
Debug   : Renumbering for potentially partial mesh save
[dtoo] mesh written: /repo/data/dataset/sobol/machine_0003/mesh.msh.part
[sampler] machine_0003 mesh OK
[dtoo] exporting machine_0004 2026-09-12T08:56:15+02:00
[sampler] draw skipped: all 64 machines carry params.json (export pass, scipy not needed here)
[sampler] exporting 1 meshes (dtOO, container only)
Warning : Gmsh has aleady been initialized
Warning : Gmsh has aleady been initialized
Warning : Gmsh has aleady been initialized
Warning : Gmsh has aleady been initialized
Warning : Gmsh has aleady been initialized
Warning : Gmsh has aleady been initialized
Warning : Gmsh has aleady been initialized
Warning : Gmsh has aleady been initialized
Warning : Gmsh has aleady been initialized
Warning : Gmsh has aleady been initialized
Warning : Gmsh has aleady been initialized
Warning : Gmsh has aleady been initialized
Warning : Gmsh has aleady been initialized
Warning : Gmsh has aleady been initialized
Warning : Gmsh has aleady been initialized
[dtoo] applied 30 parameter overrides
Warning : Gmsh has aleady been initialized
Warning : Gmsh has aleady been initialized
Warning : Gmsh has aleady been initialized
Warning : Gmsh has aleady been initialized
Warning : Gmsh has aleady been initialized
Warning : Gmsh has aleady been initialized
[dtoo] plugin ru_adjustDomain applied
[dtoo] makeGrid on ruWithRounding_mechMesh ...
Debug   : Decoded option name 'General' . 'ExpertMode' (index 0)
Debug   : Decoded option name 'Mesh' . 'LcIntegrationPrecision' (index 0)
Debug   : Decoded option name 'Mesh' . 'SecondOrderLinear' (index 0)
Debug   : Decoded option name 'Mesh' . 'Algorithm' (index 0)
Debug   : Decoded option name 'Mesh' . 'CharacteristicLengthMin' (index 0)
Debug   : Decoded option name 'Mesh' . 'CharacteristicLengthMax' (index 0)
Debug   : Decoded option name 'Mesh' . 'MeshSizeExtendFromBoundary' (index 0)
Debug   : Decoded option name 'Mesh' . 'MeshSizeFromPoints' (index 0)
Debug   : Decoded option name 'Mesh' . 'MeshSizeFromCurvature' (index 0)
Info    : Meshing vertex 1 ( dtGmshVertex )
Info    : Meshing vertex 2 ( dtGmshVertex )
Info    : Meshing vertex 3 ( dtGmshVertex )
Info    : Meshing vertex 4 ( dtGmshVertex )
Info    : Meshing vertex 5 ( dtGmshVertex )
Info    : Meshing vertex 6 ( dtGmshVertex )
Info    : Meshing vertex 7 ( dtGmshVertex )
Info    : Meshing vertex 8 ( dtGmshVertex )
Info    : Meshing vertex 9 ( dtGmshVertex )
Info    : Meshing vertex 10 ( dtGmshVertex )
Info    : Meshing vertex 11 ( dtGmshVertex )
Info    : Meshing vertex 12 ( dtGmshVertex )
Info    : Meshing vertex 13 ( dtGmshVertex )
Info    : Meshing vertex 14 ( dtGmshVertex )
Info    : Meshing vertex 15 ( dtGmshVertex )
Info    : Meshing vertex 16 ( dtGmshVertex )
Info    : Meshing vertex 17 ( dtGmshVertex )
Info    : Meshing vertex 18 ( dtGmshVertex )
Info    : Meshing vertex 19 ( dtGmshVertex )
Info    : Meshing vertex 20 ( dtGmshVertex )
Info    : Meshing vertex 21 ( dtGmshVertex )
Info    : Meshing vertex 22 ( dtGmshVertex )
Info    : Meshing vertex 23 ( dtGmshVertex )
Info    : Meshing vertex 24 ( dtGmshVertex )
Info    : Meshing vertex 25 ( dtGmshVertex )
Info    : Meshing vertex 26 ( dtGmshVertex )
Info    : Meshing curve 1 (Unknown)
Debug   : Meshing curve 1 (Unknown): 11 interior vertices
Info    : Meshing curve 2 (Unknown)
Debug   : Meshing curve 2 (Unknown): 45 interior vertices
Info    : Meshing curve 3 (Unknown)
Debug   : Meshing curve 3 (Unknown): 11 interior vertices
Info    : Meshing curve 4 (Unknown)
Debug   : Meshing curve 4 (Unknown): 45 interior vertices
Info    : Meshing curve 5 (Unknown)
Debug   : Meshing curve 5 (Unknown): 5 interior vertices
Info    : Meshing curve 6 (Unknown)
Debug   : Meshing curve 6 (Unknown): 45 interior vertices
Info    : Meshing curve 7 (Unknown)
Debug   : Meshing curve 7 (Unknown): 5 interior vertices
Info    : Meshing curve 8 (Unknown)
Debug   : Meshing curve 8 (Unknown): 5 interior vertices
Info    : Meshing curve 9 (Unknown)
Debug   : Meshing curve 9 (Unknown): 45 interior vertices
Info    : Meshing curve 10 (Unknown)
Debug   : Meshing curve 10 (Unknown): 5 interior vertices
Info    : Meshing curve 11 (Unknown)
Debug   : Meshing curve 11 (Unknown): 34 interior vertices
Info    : Meshing curve 12 (Unknown)
Debug   : Meshing curve 12 (Unknown): 34 interior vertices
Info    : Meshing curve 13 (Unknown)
Debug   : Meshing curve 13 (Unknown): 72 interior vertices
Info    : Meshing curve 14 (Unknown)
Debug   : Meshing curve 14 (Unknown): 28 interior vertices
Info    : Meshing curve 15 (Unknown)
Debug   : Meshing curve 15 (Unknown): 27 interior vertices
Info    : Meshing curve 16 (Unknown)
Debug   : Meshing curve 16 (Unknown): 61 interior vertices
Info    : Meshing curve 17 (Unknown)
Debug   : Meshing curve 17 (Unknown): 28 interior vertices
Info    : Meshing curve 18 (Unknown)
Debug   : Meshing curve 18 (Unknown): 29 interior vertices
Info    : Meshing curve 19 (Unknown)
Debug   : Meshing curve 19 (Unknown): 33 interior vertices
Info    : Meshing curve 20 (Unknown)
Debug   : Meshing curve 20 (Unknown): 44 interior vertices
Info    : Meshing curve 21 (Unknown)
Debug   : Meshing curve 21 (Unknown): 15 interior vertices
Info    : Meshing curve 22 (Unknown)
Debug   : Meshing curve 22 (Unknown): 41 interior vertices
Info    : Meshing curve 23 (Unknown)
Debug   : Meshing curve 23 (Unknown): 15 interior vertices
Info    : Meshing curve 24 (Unknown)
Debug   : Meshing curve 24 (Unknown): 13 interior vertices
Info    : Meshing curve 25 (Unknown)
Debug   : Meshing curve 25 (Unknown): 6 interior vertices
Info    : Meshing curve 26 (Unknown)
Debug   : Meshing curve 26 (Unknown): 159 interior vertices
Info    : Meshing curve 27 (Unknown)
Debug   : Meshing curve 27 (Unknown): 6 interior vertices
Info    : Meshing curve 28 (Unknown)
Debug   : Meshing curve 28 (Unknown): 27 interior vertices
Info    : Meshing curve 29 (Unknown)
Debug   : Meshing curve 29 (Unknown): 7 interior vertices
Info    : Meshing curve 30 (Unknown)
Debug   : Meshing curve 30 (Unknown): 44 interior vertices
Info    : Meshing curve 31 (Unknown)
Debug   : Meshing curve 31 (Unknown): 6 interior vertices
Info    : Meshing curve 32 (Unknown)
Debug   : Meshing curve 32 (Unknown): 12 interior vertices
Info    : Meshing curve 33 (Unknown)
Debug   : Meshing curve 33 (Unknown): 32 interior vertices
Info    : Meshing curve 34 (Unknown)
Debug   : Meshing curve 34 (Unknown): 44 interior vertices
Info    : Meshing curve 35 (Unknown)
Debug   : Meshing curve 35 (Unknown): 14 interior vertices
Info    : Meshing curve 36 (Unknown)
Debug   : Meshing curve 36 (Unknown): 13 interior vertices
Info    : Meshing curve 37 (Unknown)
Debug   : Meshing curve 37 (Unknown): 6 interior vertices
Info    : Meshing curve 38 (Unknown)
Debug   : Meshing curve 38 (Unknown): 163 interior vertices
Info    : Meshing curve 39 (Unknown)
Debug   : Meshing curve 39 (Unknown): 7 interior vertices
Info    : Meshing curve 40 (Unknown)
Debug   : Meshing curve 40 (Unknown): 19 interior vertices
Info    : Meshing curve 41 (Unknown)
Debug   : Meshing curve 41 (Unknown): 6 interior vertices
Info    : Meshing curve 42 (Unknown)
Debug   : Meshing curve 42 (Unknown): 8 interior vertices
Info    : Meshing surface 1 (Parametric surface, MeshAdapt)
Debug   : Recovering 4 model edges
Debug   : Recovering 116 mesh edges (0 not recovered)
Debug   : Boundary edges recovered for surface 1
Debug   : Computing mesh size field at mesh nodes 116
Debug   : Delaunizing the initial mesh
Debug   : Starting to add internal nodes
Debug   :  iter   1 minL    0.353/   0.700 maxL    4.138/   1.400 -- Small/Large/Total (   146/   676/  1333):    421 splits,    216 swaps,     53 collapses,   1202 moves
Debug   :  iter   2 minL    0.413/   0.700 maxL    2.174/   1.400 -- Small/Large/Total (   371/     7/  2476):    676 splits,    872 swaps,    295 collapses,   2693 moves
Debug   :  iter   3 minL    0.570/   0.700 maxL    1.382/   1.400 -- Small/Large/Total (    28/     0/  2071):      7 splits,     20 swaps,    142 collapses,    882 moves
Debug   :  iter   4 minL    0.570/   0.700 maxL    1.382/   1.400 -- Small/Large/Total (    25/     0/  2071):      0 splits,      0 swaps,      0 collapses,     93 moves
Debug   :  ---------------------------------------
Debug   :  CPU Report 
Debug   :  ---------------------------------------
Debug   :  CPU SWAP     4.18600E-03 sec (  4 %)
Debug   :  CPU SPLIT    1.14000E-02 sec ( 10 %) 
Debug   :  CPU COLLAPS  3.10140E-02 sec ( 28 %) 
Debug   :  CPU SMOOTH   6.40000E-02 sec ( 58 %) 
Debug   :  ---------------------------------------
Debug   :  CPU TOTAL    1.10600E-01 sec 
Debug   :  ---------------------------------------
Debug   :  iter   1 minL    0.570/   0.700 maxL    1.382/   1.400 -- Small/Large/Total (    21/     0/  2071):      0 splits,      0 swaps,      0 collapses,     55 moves
Debug   :  ---------------------------------------
Debug   :  CPU Report 
Debug   :  ---------------------------------------
Debug   :  CPU SWAP     7.61000E-04 sec (  6 %)
Debug   :  CPU SPLIT    5.21100E-03 sec ( 43 %) 
Debug   :  CPU COLLAPS  2.55400E-03 sec ( 21 %) 
Debug   :  CPU SMOOTH   3.63800E-03 sec ( 30 %) 
Debug   :  ---------------------------------------
Debug   :  CPU TOTAL    1.21640E-02 sec 
Debug   :  ---------------------------------------
Debug   : Type 23 1342 triangles generated, 614 internal nodes
Info    : Meshing surface 2 (Parametric surface, MeshAdapt)
Debug   : Recovering 4 model edges
Debug   : Recovering 104 mesh edges (0 not recovered)
Debug   : Boundary edges recovered for surface 2
Debug   : Computing mesh size field at mesh nodes 104
Debug   : Delaunizing the initial mesh
Debug   : Starting to add internal nodes
Debug   :  iter   1 minL    0.533/   0.700 maxL    1.546/   1.400 -- Small/Large/Total (   153/    97/  1141):    373 splits,    277 swaps,     61 collapses,   1083 moves
Debug   :  iter   2 minL    0.533/   0.700 maxL    1.358/   1.400 -- Small/Large/Total (    22/     0/  1084):     97 splits,    121 swaps,    116 collapses,    612 moves
Debug   :  iter   3 minL    0.624/   0.700 maxL    1.358/   1.400 -- Small/Large/Total (    15/     0/  1078):      0 splits,      1 swaps,      2 collapses,     51 moves
Debug   :  iter   4 minL    0.624/   0.700 maxL    1.358/   1.400 -- Small/Large/Total (    15/     0/  1078):      0 splits,      0 swaps,      0 collapses,     31 moves
Debug   :  ---------------------------------------
Debug   :  CPU Report 
Debug   :  ---------------------------------------
Debug   :  CPU SWAP     1.98000E-03 sec (  4 %)
Debug   :  CPU SPLIT    8.18100E-03 sec ( 16 %) 
Debug   :  CPU COLLAPS  1.61900E-02 sec ( 32 %) 
Debug   :  CPU SMOOTH   2.34800E-02 sec ( 47 %) 
Debug   :  ---------------------------------------
Debug   :  CPU TOTAL    4.98310E-02 sec 
Debug   :  ---------------------------------------
Debug   :  iter   1 minL    0.624/   0.700 maxL    1.298/   1.400 -- Small/Large/Total (    15/     0/  1078):      0 splits,      0 swaps,      0 collapses,     27 moves
Debug   :  ---------------------------------------
Debug   :  CPU Report 
Debug   :  ---------------------------------------
Debug   :  CPU SWAP     3.76000E-04 sec (  5 %)
Debug   :  CPU SPLIT    4.53300E-03 sec ( 55 %) 
Debug   :  CPU COLLAPS  1.62500E-03 sec ( 20 %) 
Debug   :  CPU SMOOTH   1.63700E-03 sec ( 20 %) 
Debug   :  ---------------------------------------
Debug   :  CPU TOTAL    8.17100E-03 sec 
Debug   :  ---------------------------------------
Debug   : Type 23 684 triangles generated, 291 internal nodes
Info    : Meshing surface 3 (Parametric surface, MeshAdapt)
Debug   : Recovering 4 model edges
Debug   : Recovering 104 mesh edges (0 not recovered)
Debug   : Boundary edges recovered for surface 3
Debug   : Computing mesh size field at mesh nodes 104
Debug   : Delaunizing the initial mesh
Debug   : Starting to add internal nodes
Debug   :  iter   1 minL    0.533/   0.700 maxL    1.546/   1.400 -- Small/Large/Total (   153/   105/  1141):    373 splits,    275 swaps,     61 collapses,   1089 moves
Debug   :  iter   2 minL    0.533/   0.700 maxL    1.358/   1.400 -- Small/Large/Total (    22/     0/  1096):    105 splits,    125 swaps,    120 collapses,    630 moves
Debug   :  iter   3 minL    0.624/   0.700 maxL    1.358/   1.400 -- Small/Large/Total (    15/     0/  1090):      0 splits,      1 swaps,      2 collapses,     53 moves
Debug   :  iter   4 minL    0.624/   0.700 maxL    1.298/   1.400 -- Small/Large/Total (    15/     0/  1090):      0 splits,      0 swaps,      0 collapses,     30 moves
Debug   :  ---------------------------------------
Debug   :  CPU Report 
Debug   :  ---------------------------------------
Debug   :  CPU SWAP     1.97500E-03 sec (  4 %)
Debug   :  CPU SPLIT    6.76300E-03 sec ( 15 %) 
Debug   :  CPU COLLAPS  1.42820E-02 sec ( 31 %) 
Debug   :  CPU SMOOTH   2.33330E-02 sec ( 50 %) 
Debug   :  ---------------------------------------
Debug   :  CPU TOTAL    4.63530E-02 sec 
Debug   :  ---------------------------------------
Debug   :  iter   1 minL    0.624/   0.700 maxL    1.298/   1.400 -- Small/Large/Total (    15/     0/  1090):      0 splits,      0 swaps,      0 collapses,     26 moves
Debug   :  ---------------------------------------
Debug   :  CPU Report 
Debug   :  ---------------------------------------
Debug   :  CPU SWAP     3.79000E-04 sec (  6 %)
Debug   :  CPU SPLIT    3.07000E-03 sec ( 47 %) 
Debug   :  CPU COLLAPS  1.53000E-03 sec ( 23 %) 
Debug   :  CPU SMOOTH   1.61900E-03 sec ( 25 %) 
Debug   :  ---------------------------------------
Debug   :  CPU TOTAL    6.59800E-03 sec 
Debug   :  ---------------------------------------
Debug   : Type 23 692 triangles generated, 295 internal nodes
Info    : Meshing surface 4 (Parametric surface, MeshAdapt)
Debug   : Recovering 4 model edges
Debug   : Recovering 59 mesh edges (0 not recovered)
Debug   : Boundary edges recovered for surface 4
Debug   : Computing mesh size field at mesh nodes 59
Debug   : Delaunizing the initial mesh
Debug   : Starting to add internal nodes
Debug   :  iter   1 minL    0.388/   0.700 maxL    6.144/   1.400 -- Small/Large/Total (    27/   215/   598):    211 splits,    348 swaps,     50 collapses,    567 moves
Debug   :  iter   2 minL    0.615/   0.700 maxL    1.376/   1.400 -- Small/Large/Total (    32/     0/  1039):    216 splits,    110 swaps,     69 collapses,    874 moves
Debug   :  iter   3 minL    0.578/   0.700 maxL    1.415/   1.400 -- Small/Large/Total (    25/     1/  1033):      0 splits,      0 swaps,      2 collapses,    127 moves
Debug   :  iter   4 minL    0.578/   0.700 maxL    1.385/   1.400 -- Small/Large/Total (    24/     0/  1036):      1 splits,      1 swaps,      0 collapses,     45 moves
Debug   :  iter   5 minL    0.578/   0.700 maxL    1.385/   1.400 -- Small/Large/Total (    24/     0/  1036):      0 splits,      0 swaps,      0 collapses,     29 moves
Debug   :  ---------------------------------------
Debug   :  CPU Report 
Debug   :  ---------------------------------------
Debug   :  CPU SWAP     2.44600E-03 sec (  3 %)
Debug   :  CPU SPLIT    7.20100E-03 sec ( 10 %) 
Debug   :  CPU COLLAPS  1.24820E-02 sec ( 17 %) 
Debug   :  CPU SMOOTH   4.97580E-02 sec ( 69 %) 
Debug   :  ---------------------------------------
Debug   :  CPU TOTAL    7.18870E-02 sec 
Debug   :  ---------------------------------------
Debug   :  iter   1 minL    0.578/   0.700 maxL    1.385/   1.400 -- Small/Large/Total (    24/     0/  1036):      0 splits,      0 swaps,      0 collapses,     27 moves
Debug   :  ---------------------------------------
Debug   :  CPU Report 
Debug   :  ---------------------------------------
Debug   :  CPU SWAP     4.08000E-04 sec (  4 %)
Debug   :  CPU SPLIT    3.09800E-03 sec ( 27 %) 
Debug   :  CPU COLLAPS  1.54600E-03 sec ( 14 %) 
Debug   :  CPU SMOOTH   6.37700E-03 sec ( 56 %) 
Debug   :  ---------------------------------------
Debug   :  CPU TOTAL    1.14290E-02 sec 
Debug   :  ---------------------------------------
Debug   : Type 23 671 triangles generated, 307 internal nodes
Info    : Meshing surface 5 (Parametric surface, MeshAdapt)
Debug   : Recovering 4 model edges
Debug   : Recovering 59 mesh edges (0 not recovered)
Debug   : Boundary edges recovered for surface 5
Debug   : Computing mesh size field at mesh nodes 59
Debug   : Delaunizing the initial mesh
Debug   : Starting to add internal nodes
Debug   :  iter   1 minL    0.386/   0.700 maxL    5.738/   1.400 -- Small/Large/Total (    37/   208/   577):    206 splits,    337 swaps,     52 collapses,    542 moves
Debug   :  iter   2 minL    0.543/   0.700 maxL    1.661/   1.400 -- Small/Large/Total (    44/    16/   991):    211 splits,    112 swaps,     73 collapses,    822 moves
Debug   :  iter   3 minL    0.587/   0.700 maxL    1.379/   1.400 -- Small/Large/Total (    22/     0/  1009):     18 splits,     10 swaps,     12 collapses,    281 moves
Debug   :  iter   4 minL    0.587/   0.700 maxL    1.377/   1.400 -- Small/Large/Total (    17/     0/  1000):      0 splits,      0 swaps,      3 collapses,     84 moves
Debug   :  iter   5 minL    0.587/   0.700 maxL    1.377/   1.400 -- Small/Large/Total (    17/     0/  1000):      0 splits,      0 swaps,      0 collapses,     50 moves
Debug   :  ---------------------------------------
Debug   :  CPU Report 
Debug   :  ---------------------------------------
Debug   :  CPU SWAP     2.40400E-03 sec (  3 %)
Debug   :  CPU SPLIT    6.75500E-03 sec (  9 %) 
Debug   :  CPU COLLAPS  1.23500E-02 sec ( 17 %) 
Debug   :  CPU SMOOTH   4.98760E-02 sec ( 70 %) 
Debug   :  ---------------------------------------
Debug   :  CPU TOTAL    7.13850E-02 sec 
Debug   :  ---------------------------------------
Debug   :  iter   1 minL    0.587/   0.700 maxL    1.377/   1.400 -- Small/Large/Total (    17/     0/  1000):      0 splits,      0 swaps,      0 collapses,     44 moves
Debug   :  ---------------------------------------
Debug   :  CPU Report 
Debug   :  ---------------------------------------
Debug   :  CPU SWAP     3.94000E-04 sec (  4 %)
Debug   :  CPU SPLIT    2.88700E-03 sec ( 29 %) 
Debug   :  CPU COLLAPS  1.44200E-03 sec ( 15 %) 
Debug   :  CPU SMOOTH   5.20900E-03 sec ( 52 %) 
Debug   :  ---------------------------------------
Debug   :  CPU TOTAL    9.93200E-03 sec 
Debug   :  ---------------------------------------
Debug   : Type 23 647 triangles generated, 295 internal nodes
Info    : Meshing surface 6 (Parametric surface, MeshAdapt)
Debug   : Recovering 10 model edges
Debug   : Recovering 413 mesh edges (0 not recovered)
Debug   : Boundary edges recovered for surface 6
Debug   : Computing mesh size field at mesh nodes 413
Debug   : Delaunizing the initial mesh
Debug   : Starting to add internal nodes
Debug   :  iter   1 minL    0.058/   0.700 maxL   12.552/   1.400 -- Small/Large/Total (   681/  2900/  5350):   1624 splits,   1126 swaps,    116 collapses,   4329 moves
Debug   :  iter   2 minL    0.037/   0.700 maxL    7.568/   1.400 -- Small/Large/Total (  1966/  2997/ 11149):   2939 splits,   2157 swaps,   1006 collapses,   9960 moves
Debug   :  iter   3 minL    0.053/   0.700 maxL    8.214/   1.400 -- Small/Large/Total (  2832/  1148/ 12700):   3136 splits,   3615 swaps,   2619 collapses,  13433 moves
Debug   :  iter   4 minL    0.129/   0.700 maxL    5.218/   1.400 -- Small/Large/Total (  1584/   282/ 11320):   1286 splits,   2663 swaps,   1746 collapses,   8851 moves
Debug   :  iter   5 minL    0.323/   0.700 maxL    3.809/   1.400 -- Small/Large/Total (   676/    53/ 10639):    318 splits,    566 swaps,    545 collapses,   3995 moves
Debug   :  iter   6 minL    0.329/   0.700 maxL    1.920/   1.400 -- Small/Large/Total (   561/    20/ 10585):     55 splits,     62 swaps,     73 collapses,   1690 moves
Debug   :  iter   7 minL    0.329/   0.700 maxL    1.608/   1.400 -- Small/Large/Total (   539/    15/ 10546):     21 splits,     16 swaps,     34 collapses,    950 moves
Debug   :  iter   8 minL    0.329/   0.700 maxL    1.809/   1.400 -- Small/Large/Total (   537/     5/ 10549):     18 splits,     15 swaps,     17 collapses,    669 moves
Debug   :  iter   9 minL    0.329/   0.700 maxL    1.473/   1.400 -- Small/Large/Total (   533/     4/ 10549):      7 splits,      5 swaps,      7 collapses,    431 moves
Debug   :  iter  10 minL    0.329/   0.700 maxL    1.458/   1.400 -- Small/Large/Total (   533/     2/ 10552):      4 splits,      2 swaps,      3 collapses,    293 moves
Debug   :  iter  11 minL    0.329/   0.700 maxL    1.514/   1.400 -- Small/Large/Total (   531/     2/ 10552):      2 splits,      4 swaps,      2 collapses,    320 moves
Debug   :  ---------------------------------------
Debug   :  CPU Report 
Debug   :  ---------------------------------------
Debug   :  CPU SWAP     7.62220E-02 sec (  4 %)
Debug   :  CPU SPLIT    1.76138E-01 sec ( 10 %) 
Debug   :  CPU COLLAPS  4.07777E-01 sec ( 22 %) 
Debug   :  CPU SMOOTH   1.16751E+00 sec ( 64 %) 
Debug   :  ---------------------------------------
Debug   :  CPU TOTAL    1.82765E+00 sec 
Debug   :  ---------------------------------------
Debug   :  iter   1 minL    0.329/   0.700 maxL    1.542/   1.400 -- Small/Large/Total (   532/     1/ 10558):      2 splits,      2 swaps,      1 collapses,    195 moves
Debug   :  iter   2 minL    0.329/   0.700 maxL    1.448/   1.400 -- Small/Large/Total (   533/     1/ 10561):      1 splits,      1 swaps,      0 collapses,    126 moves
Debug   :  iter   3 minL    0.329/   0.700 maxL    1.389/   1.400 -- Small/Large/Total (   535/     0/ 10564):      1 splits,      2 swaps,      0 collapses,     92 moves
Debug   :  iter   4 minL    0.329/   0.700 maxL    1.389/   1.400 -- Small/Large/Total (   534/     0/ 10564):      0 splits,      0 swaps,      0 collapses,     57 moves
Debug   :  ---------------------------------------
Debug   :  CPU Report 
Debug   :  ---------------------------------------
Debug   :  CPU SWAP     2.02940E-02 sec (  6 %)
Debug   :  CPU SPLIT    6.75310E-02 sec ( 19 %) 
Debug   :  CPU COLLAPS  5.21420E-02 sec ( 14 %) 
Debug   :  CPU SMOOTH   2.24488E-01 sec ( 62 %) 
Debug   :  ---------------------------------------
Debug   :  CPU TOTAL    3.64455E-01 sec 
Debug   :  ---------------------------------------
Debug   : Type 23 6905 triangles generated, 3246 internal nodes
Info    : Meshing surface 7 (Parametric surface, MeshAdapt)
Debug   : Recovering 4 model edges
Debug   : Recovering 137 mesh edges (0 not recovered)
Debug   : Boundary edges recovered for surface 7
Debug   : Computing mesh size field at mesh nodes 137
Debug   : Delaunizing the initial mesh
Debug   : Starting to add internal nodes
Debug   :  iter   1 minL    0.184/   0.700 maxL    7.585/   1.400 -- Small/Large/Total (   107/   565/  1477):    494 splits,    724 swaps,     92 collapses,   1433 moves
Debug   :  iter   2 minL    0.400/   0.700 maxL    3.360/   1.400 -- Small/Large/Total (   131/   142/  2353):    574 splits,    449 swaps,    282 collapses,   2295 moves
Debug   :  iter   3 minL    0.598/   0.700 maxL    1.783/   1.400 -- Small/Large/Total (    81/    28/  2641):    149 splits,     80 swaps,     53 collapses,   1086 moves
Debug   :  iter   4 minL    0.564/   0.700 maxL    1.514/   1.400 -- Small/Large/Total (    78/     4/  2713):     28 splits,     11 swaps,      4 collapses,    421 moves
Debug   :  iter   5 minL    0.474/   0.700 maxL    1.396/   1.400 -- Small/Large/Total (    77/     0/  2725):      5 splits,      4 swaps,      1 collapses,    275 moves
Debug   :  iter   6 minL    0.571/   0.700 maxL    1.396/   1.400 -- Small/Large/Total (    76/     0/  2725):      0 splits,      1 swaps,      0 collapses,    187 moves
Debug   :  ---------------------------------------
Debug   :  CPU Report 
Debug   :  ---------------------------------------
Debug   :  CPU SWAP     7.83300E-03 sec (  0 %)
Debug   :  CPU SPLIT    5.65476E-01 sec (  5 %) 
Debug   :  CPU COLLAPS  1.14323E+00 sec ( 10 %) 
Debug   :  CPU SMOOTH   9.18563E+00 sec ( 84 %) 
Debug   :  ---------------------------------------
Debug   :  CPU TOTAL    1.09022E+01 sec 
Debug   :  ---------------------------------------
Debug   :  iter   1 minL    0.572/   0.700 maxL    1.396/   1.400 -- Small/Large/Total (    76/     0/  2725):      0 splits,      0 swaps,      0 collapses,    151 moves
Debug   :  ---------------------------------------
Debug   :  CPU Report 
Debug   :  ---------------------------------------
Debug   :  CPU SWAP     1.13600E-03 sec (  0 %)
Debug   :  CPU SPLIT    2.35217E-01 sec ( 16 %) 
Debug   :  CPU COLLAPS  1.17730E-01 sec (  8 %) 
Debug   :  CPU SMOOTH   1.08449E+00 sec ( 75 %) 
Debug   :  ---------------------------------------
Debug   :  CPU TOTAL    1.43857E+00 sec 
Debug   :  ---------------------------------------
Debug   : Type 23 1771 triangles generated, 818 internal nodes
Info    : Meshing surface 8 (Parametric surface, MeshAdapt)
Debug   : Recovering 4 model edges
Debug   : Recovering 137 mesh edges (0 not recovered)
Debug   : Boundary edges recovered for surface 8
Debug   : Computing mesh size field at mesh nodes 137
Debug   : Delaunizing the initial mesh
Debug   : Starting to add internal nodes
Debug   :  iter   1 minL    0.164/   0.700 maxL    5.342/   1.400 -- Small/Large/Total (   144/   640/  1543):    501 splits,    512 swaps,     77 collapses,   1357 moves
Debug   :  iter   2 minL    0.330/   0.700 maxL    2.271/   1.400 -- Small/Large/Total (   317/   138/  2386):    655 splits,    694 swaps,    374 collapses,   2543 moves
Debug   :  iter   3 minL    0.440/   0.700 maxL    1.467/   1.400 -- Small/Large/Total (   114/     2/  2518):    191 splits,    115 swaps,    147 collapses,   1585 moves
Debug   :  iter   4 minL    0.510/   0.700 maxL    1.369/   1.400 -- Small/Large/Total (    92/     0/  2509):      4 splits,      4 swaps,      7 collapses,    525 moves
Debug   :  iter   5 minL    0.510/   0.700 maxL    1.369/   1.400 -- Small/Large/Total (    91/     0/  2503):      0 splits,      0 swaps,      2 collapses,    309 moves
Debug   :  iter   6 minL    0.510/   0.700 maxL    1.369/   1.400 -- Small/Large/Total (    90/     0/  2503):      0 splits,      0 swaps,      0 collapses,    235 moves
Debug   :  ---------------------------------------
Debug   :  CPU Report 
Debug   :  ---------------------------------------
Debug   :  CPU SWAP     7.86300E-03 sec (  0 %)
Debug   :  CPU SPLIT    5.40435E-01 sec (  5 %) 
Debug   :  CPU COLLAPS  1.29144E+00 sec ( 12 %) 
Debug   :  CPU SMOOTH   8.88307E+00 sec ( 83 %) 
Debug   :  ---------------------------------------
Debug   :  CPU TOTAL    1.07228E+01 sec 
Debug   :  ---------------------------------------
Debug   :  iter   1 minL    0.510/   0.700 maxL    1.369/   1.400 -- Small/Large/Total (    90/     0/  2503):      0 splits,      0 swaps,      0 collapses,    195 moves
Debug   :  ---------------------------------------
Debug   :  CPU Report 
Debug   :  ---------------------------------------
Debug   :  CPU SWAP     1.05500E-03 sec (  0 %)
Debug   :  CPU SPLIT    2.10591E-01 sec ( 16 %) 
Debug   :  CPU COLLAPS  1.05083E-01 sec (  8 %) 
Debug   :  CPU SMOOTH   1.03445E+00 sec ( 77 %) 
Debug   :  ---------------------------------------
Debug   :  CPU TOTAL    1.35118E+00 sec 
Debug   :  ---------------------------------------
Debug   : Type 23 1623 triangles generated, 744 internal nodes
Info    : Meshing surface 9 (Parametric surface, MeshAdapt)
Debug   : Recovering 4 model edges
Debug   : Recovering 219 mesh edges (0 not recovered)
Debug   : Boundary edges recovered for surface 9
Debug   : Computing mesh size field at mesh nodes 219
Debug   : Delaunizing the initial mesh
Debug   : Starting to add internal nodes
Debug   :  iter   1 minL    0.274/   0.700 maxL    3.028/   1.400 -- Small/Large/Total (   306/  1032/  2760):    868 splits,    452 swaps,     93 collapses,   2217 moves
Debug   :  iter   2 minL    0.467/   0.700 maxL    1.578/   1.400 -- Small/Large/Total (   218/    25/  3822):   1084 splits,    544 swaps,    730 collapses,   4017 moves
Debug   :  iter   3 minL    0.516/   0.700 maxL    1.431/   1.400 -- Small/Large/Total (   107/     5/  3735):     29 splits,     24 swaps,     58 collapses,   1059 moves
Debug   :  iter   4 minL    0.516/   0.700 maxL    1.423/   1.400 -- Small/Large/Total (   101/     1/  3723):      5 splits,      4 swaps,      9 collapses,    427 moves
Debug   :  iter   5 minL    0.516/   0.700 maxL    1.507/   1.400 -- Small/Large/Total (    96/     1/  3720):      1 splits,      0 swaps,      2 collapses,    158 moves
Debug   :  iter   6 minL    0.516/   0.700 maxL    1.378/   1.400 -- Small/Large/Total (    99/     0/  3720):      1 splits,      1 swaps,      1 collapses,    132 moves
Debug   :  iter   7 minL    0.516/   0.700 maxL    1.378/   1.400 -- Small/Large/Total (    99/     0/  3720):      0 splits,      1 swaps,      0 collapses,    114 moves
Debug   :  ---------------------------------------
Debug   :  CPU Report 
Debug   :  ---------------------------------------
Debug   :  CPU SWAP     1.31710E-02 sec (  0 %)
Debug   :  CPU SPLIT    9.35117E-01 sec (  4 %) 
Debug   :  CPU COLLAPS  1.99239E+00 sec (  8 %) 
Debug   :  CPU SMOOTH   2.05083E+01 sec ( 87 %) 
Debug   :  ---------------------------------------
Debug   :  CPU TOTAL    2.34490E+01 sec 
Debug   :  ---------------------------------------
Debug   :  iter   1 minL    0.516/   0.700 maxL    1.378/   1.400 -- Small/Large/Total (    99/     0/  3720):      0 splits,      0 swaps,      0 collapses,     90 moves
Debug   :  ---------------------------------------
Debug   :  CPU Report 
Debug   :  ---------------------------------------
Debug   :  CPU SWAP     1.64300E-03 sec (  0 %)
Debug   :  CPU SPLIT    2.92654E-01 sec ( 13 %) 
Debug   :  CPU COLLAPS  1.46345E-01 sec (  6 %) 
Debug   :  CPU SMOOTH   1.83082E+00 sec ( 81 %) 
Debug   :  ---------------------------------------
Debug   :  CPU TOTAL    2.27146E+00 sec 
Debug   :  ---------------------------------------
Debug   : Type 23 2407 triangles generated, 1095 internal nodes
Info    : Meshing surface 10 (Parametric surface, MeshAdapt)
Debug   : Recovering 4 model edges
Debug   : Recovering 80 mesh edges (0 not recovered)
Debug   : Boundary edges recovered for surface 10
Debug   : Computing mesh size field at mesh nodes 80
Debug   : Delaunizing the initial mesh
Debug   : Starting to add internal nodes
Debug   :  iter   1 minL    0.224/   0.700 maxL    5.842/   1.400 -- Small/Large/Total (    84/   177/   802):    272 splits,    276 swaps,     57 collapses,    734 moves
Debug   :  iter   2 minL    0.355/   0.700 maxL    2.319/   1.400 -- Small/Large/Total (    74/    13/  1027):    208 splits,    222 swaps,    133 collapses,    944 moves
Debug   :  iter   3 minL    0.474/   0.700 maxL    1.633/   1.400 -- Small/Large/Total (    52/     4/  1024):     16 splits,     17 swaps,     17 collapses,    353 moves
Debug   :  iter   4 minL    0.474/   0.700 maxL    1.363/   1.400 -- Small/Large/Total (    56/     0/  1030):      4 splits,      2 swaps,      2 collapses,    178 moves
Debug   :  iter   5 minL    0.474/   0.700 maxL    1.436/   1.400 -- Small/Large/Total (    48/     1/  1021):      0 splits,      0 swaps,      3 collapses,    115 moves
Debug   :  iter   6 minL    0.474/   0.700 maxL    1.363/   1.400 -- Small/Large/Total (    47/     0/  1024):      1 splits,      0 swaps,      0 collapses,     77 moves
Debug   :  iter   7 minL    0.474/   0.700 maxL    1.363/   1.400 -- Small/Large/Total (    47/     0/  1024):      0 splits,      0 swaps,      0 collapses,     44 moves
Debug   :  ---------------------------------------
Debug   :  CPU Report 
Debug   :  ---------------------------------------
Debug   :  CPU SWAP     3.62800E-03 sec (  0 %)
Debug   :  CPU SPLIT    2.41894E-01 sec (  5 %) 
Debug   :  CPU COLLAPS  5.06452E-01 sec ( 10 %) 
Debug   :  CPU SMOOTH   4.26074E+00 sec ( 85 %) 
Debug   :  ---------------------------------------
Debug   :  CPU TOTAL    5.01272E+00 sec 
Debug   :  ---------------------------------------
Debug   :  iter   1 minL    0.474/   0.700 maxL    1.363/   1.400 -- Small/Large/Total (    47/     0/  1024):      0 splits,      0 swaps,      0 collapses,     25 moves
Debug   :  ---------------------------------------
Debug   :  CPU Report 
Debug   :  ---------------------------------------
Debug   :  CPU SWAP     4.21000E-04 sec (  0 %)
Debug   :  CPU SPLIT    7.47420E-02 sec ( 13 %) 
Debug   :  CPU COLLAPS  3.73050E-02 sec (  6 %) 
Debug   :  CPU SMOOTH   4.64039E-01 sec ( 80 %) 
Debug   :  ---------------------------------------
Debug   :  CPU TOTAL    5.76507E-01 sec 
Debug   :  ---------------------------------------
Debug   : Type 23 656 triangles generated, 289 internal nodes
Info    : Meshing surface 11 (Parametric surface, MeshAdapt)
Debug   : Recovering 4 model edges
Debug   : Recovering 220 mesh edges (0 not recovered)
Debug   : Boundary edges recovered for surface 11
Debug   : Computing mesh size field at mesh nodes 220
Debug   : Delaunizing the initial mesh
Debug   : Starting to add internal nodes
Debug   :  iter   1 minL    0.295/   0.700 maxL    2.874/   1.400 -- Small/Large/Total (   298/   974/  2747):    869 splits,    479 swaps,     99 collapses,   2160 moves
Debug   :  iter   2 minL    0.456/   0.700 maxL    1.668/   1.400 -- Small/Large/Total (   241/    34/  3791):   1021 splits,    450 swaps,    673 collapses,   3850 moves
Debug   :  iter   3 minL    0.521/   0.700 maxL    1.577/   1.400 -- Small/Large/Total (   147/    10/  3737):     38 splits,     32 swaps,     56 collapses,   1116 moves
Debug   :  iter   4 minL    0.531/   0.700 maxL    1.540/   1.400 -- Small/Large/Total (   131/     3/  3737):     10 splits,     14 swaps,     10 collapses,    435 moves
Debug   :  iter   5 minL    0.547/   0.700 maxL    1.431/   1.400 -- Small/Large/Total (   127/     2/  3737):      4 splits,      4 swaps,      4 collapses,    237 moves
Debug   :  iter   6 minL    0.547/   0.700 maxL    1.649/   1.400 -- Small/Large/Total (   122/     3/  3740):      2 splits,      1 swaps,      1 collapses,    125 moves
Debug   :  iter   7 minL    0.547/   0.700 maxL    1.490/   1.400 -- Small/Large/Total (   124/     4/  3746):      3 splits,      3 swaps,      1 collapses,    105 moves
Debug   :  iter   8 minL    0.547/   0.700 maxL    1.397/   1.400 -- Small/Large/Total (   125/     0/  3758):      4 splits,      2 swaps,      0 collapses,     81 moves
Debug   :  iter   9 minL    0.547/   0.700 maxL    1.417/   1.400 -- Small/Large/Total (   123/     1/  3755):      0 splits,      0 swaps,      1 collapses,     50 moves
Debug   :  iter  10 minL    0.547/   0.700 maxL    1.397/   1.400 -- Small/Large/Total (   123/     0/  3758):      1 splits,      0 swaps,      0 collapses,     57 moves
Debug   :  iter  11 minL    0.547/   0.700 maxL    1.397/   1.400 -- Small/Large/Total (   123/     0/  3758):      0 splits,      0 swaps,      0 collapses,     45 moves
Debug   :  ---------------------------------------
Debug   :  CPU Report 
Debug   :  ---------------------------------------
Debug   :  CPU SWAP     1.97210E-02 sec (  0 %)
Debug   :  CPU SPLIT    1.50699E+00 sec (  5 %) 
Debug   :  CPU COLLAPS  2.86705E+00 sec (  9 %) 
Debug   :  CPU SMOOTH   2.75626E+01 sec ( 86 %) 
Debug   :  ---------------------------------------
Debug   :  CPU TOTAL    3.19564E+01 sec 
Debug   :  ---------------------------------------
Debug   :  iter   1 minL    0.547/   0.700 maxL    1.397/   1.400 -- Small/Large/Total (   123/     0/  3758):      0 splits,      0 swaps,      0 collapses,     30 moves
Debug   :  ---------------------------------------
Debug   :  CPU Report 
Debug   :  ---------------------------------------
Debug   :  CPU SWAP     1.65500E-03 sec (  0 %)
Debug   :  CPU SPLIT    2.92761E-01 sec ( 13 %) 
Debug   :  CPU COLLAPS  1.46497E-01 sec (  7 %) 
Debug   :  CPU SMOOTH   1.80432E+00 sec ( 80 %) 
Debug   :  ---------------------------------------
Debug   :  CPU TOTAL    2.24523E+00 sec 
Debug   :  ---------------------------------------
Debug   : Type 23 2432 triangles generated, 1107 internal nodes
Info    : Meshing surface 12 (Parametric surface, MeshAdapt)
Debug   : Recovering 4 model edges
Debug   : Recovering 77 mesh edges (0 not recovered)
Debug   : Boundary edges recovered for surface 12
Debug   : Computing mesh size field at mesh nodes 77
Debug   : Delaunizing the initial mesh
Debug   : Starting to add internal nodes
Debug   :  iter   1 minL    0.207/   0.700 maxL    4.948/   1.400 -- Small/Large/Total (    65/   136/   763):    259 splits,    278 swaps,     55 collapses,    703 moves
Debug   :  iter   2 minL    0.460/   0.700 maxL    2.433/   1.400 -- Small/Large/Total (    58/    14/   943):    151 splits,     90 swaps,     91 collapses,    742 moves
Debug   :  iter   3 minL    0.439/   0.700 maxL    1.342/   1.400 -- Small/Large/Total (    42/     0/   949):     19 splits,      7 swaps,     17 collapses,    311 moves
Debug   :  iter   4 minL    0.482/   0.700 maxL    1.319/   1.400 -- Small/Large/Total (    35/     0/   943):      1 splits,      0 swaps,      3 collapses,    138 moves
Debug   :  iter   5 minL    0.482/   0.700 maxL    1.319/   1.400 -- Small/Large/Total (    35/     0/   943):      1 splits,      0 swaps,      1 collapses,     61 moves
Debug   :  iter   6 minL    0.482/   0.700 maxL    1.319/   1.400 -- Small/Large/Total (    35/     0/   943):      0 splits,      0 swaps,      0 collapses,     26 moves
Debug   :  ---------------------------------------
Debug   :  CPU Report 
Debug   :  ---------------------------------------
Debug   :  CPU SWAP     2.81200E-03 sec (  0 %)
Debug   :  CPU SPLIT    1.86771E-01 sec (  5 %) 
Debug   :  CPU COLLAPS  3.73273E-01 sec (  9 %) 
Debug   :  CPU SMOOTH   3.52769E+00 sec ( 86 %) 
Debug   :  ---------------------------------------
Debug   :  CPU TOTAL    4.09055E+00 sec 
Debug   :  ---------------------------------------
Debug   :  iter   1 minL    0.482/   0.700 maxL    1.319/   1.400 -- Small/Large/Total (    35/     0/   943):      0 splits,      0 swaps,      0 collapses,     19 moves
Debug   :  ---------------------------------------
Debug   :  CPU Report 
Debug   :  ---------------------------------------
Debug   :  CPU SWAP     3.83000E-04 sec (  0 %)
Debug   :  CPU SPLIT    6.77630E-02 sec ( 12 %) 
Debug   :  CPU COLLAPS  3.39280E-02 sec (  6 %) 
Debug   :  CPU SMOOTH   4.83612E-01 sec ( 83 %) 
Debug   :  ---------------------------------------
Debug   :  CPU TOTAL    5.85686E-01 sec 
Debug   :  ---------------------------------------
Debug   : Type 23 603 triangles generated, 264 internal nodes
Info    : Meshing surface 13 (Parametric surface, MeshAdapt)
Debug   : Recovering 4 model edges
Debug   : Recovering 138 mesh edges (0 not recovered)
Debug   : Boundary edges recovered for surface 13
Debug   : Computing mesh size field at mesh nodes 138
Debug   : Delaunizing the initial mesh
Debug   : Starting to add internal nodes
Debug   :  iter   1 minL    0.300/   0.700 maxL    6.326/   1.400 -- Small/Large/Total (   113/   610/  1473):    500 splits,    678 swaps,    100 collapses,   1422 moves
Debug   :  iter   2 minL    0.358/   0.700 maxL    2.685/   1.400 -- Small/Large/Total (   120/   139/  2364):    612 splits,    558 swaps,    315 collapses,   2349 moves
Debug   :  iter   3 minL    0.389/   0.700 maxL    1.497/   1.400 -- Small/Large/Total (    82/     5/  2655):    143 splits,     68 swaps,     46 collapses,   1050 moves
Debug   :  iter   4 minL    0.389/   0.700 maxL    1.472/   1.400 -- Small/Large/Total (    64/     2/  2643):      5 splits,      6 swaps,      9 collapses,    404 moves
Debug   :  iter   5 minL    0.389/   0.700 maxL    1.472/   1.400 -- Small/Large/Total (    60/     1/  2640):      2 splits,      1 swaps,      3 collapses,    225 moves
Debug   :  iter   6 minL    0.389/   0.700 maxL    1.472/   1.400 -- Small/Large/Total (    57/     1/  2634):      1 splits,      1 swaps,      3 collapses,    191 moves
Debug   :  iter   7 minL    0.389/   0.700 maxL    1.472/   1.400 -- Small/Large/Total (    57/     1/  2634):      1 splits,      1 swaps,      1 collapses,    163 moves
Debug   :  iter   8 minL    0.389/   0.700 maxL    1.472/   1.400 -- Small/Large/Total (    57/     2/  2634):      1 splits,      1 swaps,      1 collapses,    129 moves
Debug   :  iter   9 minL    0.389/   0.700 maxL    1.472/   1.400 -- Small/Large/Total (    54/     1/  2637):      2 splits,      2 swaps,      1 collapses,    114 moves
Debug   :  iter  10 minL    0.389/   0.700 maxL    1.472/   1.400 -- Small/Large/Total (    53/     1/  2634):      1 splits,      3 swaps,      2 collapses,     82 moves
Debug   :  iter  11 minL    0.389/   0.700 maxL    1.472/   1.400 -- Small/Large/Total (    53/     1/  2634):      1 splits,      1 swaps,      1 collapses,     91 moves
Debug   :  ---------------------------------------
Debug   :  CPU Report 
Debug   :  ---------------------------------------
Debug   :  CPU SWAP     1.41160E-02 sec (  0 %)
Debug   :  CPU SPLIT    1.22571E+00 sec (  7 %) 
Debug   :  CPU COLLAPS  2.06880E+00 sec ( 11 %) 
Debug   :  CPU SMOOTH   1.54214E+01 sec ( 82 %) 
Debug   :  ---------------------------------------
Debug   :  CPU TOTAL    1.87300E+01 sec 
Debug   :  ---------------------------------------
Debug   :  iter   1 minL    0.389/   0.700 maxL    1.472/   1.400 -- Small/Large/Total (    53/     1/  2634):      1 splits,      1 swaps,      1 collapses,     52 moves
Debug   :  iter   2 minL    0.389/   0.700 maxL    1.472/   1.400 -- Small/Large/Total (    53/     1/  2634):      1 splits,      1 swaps,      1 collapses,     44 moves
Debug   :  iter   3 minL    0.389/   0.700 maxL    1.472/   1.400 -- Small/Large/Total (    53/     1/  2634):      1 splits,      1 swaps,      1 collapses,     19 moves
Debug   :  iter   4 minL    0.389/   0.700 maxL    1.472/   1.400 -- Small/Large/Total (    53/     1/  2634):      1 splits,      1 swaps,      1 collapses,     10 moves
Debug   :  iter   5 minL    0.389/   0.700 maxL    1.472/   1.400 -- Small/Large/Total (    53/     1/  2634):      1 splits,      1 swaps,      1 collapses,      4 moves
Debug   :  iter   6 minL    0.389/   0.700 maxL    1.472/   1.400 -- Small/Large/Total (    53/     1/  2634):      1 splits,      1 swaps,      1 collapses,      4 moves
Debug   :  iter   7 minL    0.389/   0.700 maxL    1.472/   1.400 -- Small/Large/Total (    53/     1/  2634):      1 splits,      1 swaps,      1 collapses,      4 moves
Debug   :  iter   8 minL    0.389/   0.700 maxL    1.472/   1.400 -- Small/Large/Total (    53/     1/  2634):      1 splits,      1 swaps,      1 collapses,      4 moves
Debug   :  iter   9 minL    0.389/   0.700 maxL    1.472/   1.400 -- Small/Large/Total (    53/     1/  2634):      1 splits,      1 swaps,      1 collapses,      4 moves
Debug   :  iter  10 minL    0.389/   0.700 maxL    1.472/   1.400 -- Small/Large/Total (    53/     1/  2634):      1 splits,      1 swaps,      1 collapses,      4 moves
Debug   :  iter  11 minL    0.389/   0.700 maxL    1.472/   1.400 -- Small/Large/Total (    53/     1/  2634):      1 splits,      1 swaps,      1 collapses,      5 moves
Debug   :  ---------------------------------------
Debug   :  CPU Report 
Debug   :  ---------------------------------------
Debug   :  CPU SWAP     1.33810E-02 sec (  0 %)
Debug   :  CPU SPLIT    1.44809E+00 sec (  9 %) 
Debug   :  CPU COLLAPS  1.45690E+00 sec (  9 %) 
Debug   :  CPU SMOOTH   1.30689E+01 sec ( 82 %) 
Debug   :  ---------------------------------------
Debug   :  CPU TOTAL    1.59873E+01 sec 
Debug   :  ---------------------------------------
Debug   : Type 23 1710 triangles generated, 787 internal nodes
Info    : Meshing surface 14 (Parametric surface, MeshAdapt)
Debug   : Recovering 4 model edges
Debug   : Recovering 122 mesh edges (0 not recovered)
Debug   : Boundary edges recovered for surface 14
Debug   : Computing mesh size field at mesh nodes 122
Debug   : Delaunizing the initial mesh
Debug   : Starting to add internal nodes
Debug   :  iter   1 minL    0.237/   0.700 maxL    4.096/   1.400 -- Small/Large/Total (   180/   536/  1363):    443 splits,    409 swaps,     69 collapses,   1202 moves
Debug   :  iter   2 minL    0.271/   0.700 maxL    2.345/   1.400 -- Small/Large/Total (   212/   104/  1957):    553 splits,    361 swaps,    355 collapses,   2150 moves
Debug   :  iter   3 minL    0.499/   0.700 maxL    1.492/   1.400 -- Small/Large/Total (    89/     2/  2026):    128 splits,     82 swaps,    105 collapses,   1249 moves
Debug   :  iter   4 minL    0.504/   0.700 maxL    1.418/   1.400 -- Small/Large/Total (    85/     1/  2023):      4 splits,      5 swaps,      5 collapses,    436 moves
Debug   :  iter   5 minL    0.513/   0.700 maxL    1.372/   1.400 -- Small/Large/Total (    84/     0/  2026):      1 splits,      1 swaps,      0 collapses,    201 moves
Debug   :  iter   6 minL    0.513/   0.700 maxL    1.372/   1.400 -- Small/Large/Total (    85/     0/  2026):      0 splits,      0 swaps,      0 collapses,    145 moves
Debug   :  ---------------------------------------
Debug   :  CPU Report 
Debug   :  ---------------------------------------
Debug   :  CPU SWAP     6.27900E-03 sec (  0 %)
Debug   :  CPU SPLIT    4.29583E-01 sec (  4 %) 
Debug   :  CPU COLLAPS  1.05521E+00 sec ( 10 %) 
Debug   :  CPU SMOOTH   8.75961E+00 sec ( 85 %) 
Debug   :  ---------------------------------------
Debug   :  CPU TOTAL    1.02507E+01 sec 
Debug   :  ---------------------------------------
Debug   :  iter   1 minL    0.513/   0.700 maxL    1.372/   1.400 -- Small/Large/Total (    84/     0/  2026):      0 splits,      0 swaps,      0 collapses,    127 moves
Debug   :  ---------------------------------------
Debug   :  CPU Report 
Debug   :  ---------------------------------------
Debug   :  CPU SWAP     8.49000E-04 sec (  0 %)
Debug   :  CPU SPLIT    1.62632E-01 sec ( 13 %) 
Debug   :  CPU COLLAPS  8.16420E-02 sec (  6 %) 
Debug   :  CPU SMOOTH   1.05419E+00 sec ( 81 %) 
Debug   :  ---------------------------------------
Debug   :  CPU TOTAL    1.29931E+00 sec 
Debug   :  ---------------------------------------
Debug   : Type 23 1310 triangles generated, 595 internal nodes
Info    : Meshing surface 15 (Parametric surface, MeshAdapt)
Debug   : Recovering 4 model edges
Debug   : Recovering 224 mesh edges (0 not recovered)
Debug   : Boundary edges recovered for surface 15
Debug   : Computing mesh size field at mesh nodes 224
Debug   : Delaunizing the initial mesh
Debug   : Starting to add internal nodes
Debug   :  iter   1 minL    0.298/   0.700 maxL    3.321/   1.400 -- Small/Large/Total (   334/   944/  2782):    886 splits,    541 swaps,    107 collapses,   2283 moves
Debug   :  iter   2 minL    0.418/   0.700 maxL    1.769/   1.400 -- Small/Large/Total (   267/    36/  3796):   1040 splits,    508 swaps,    702 collapses,   4001 moves
Debug   :  iter   3 minL    0.513/   0.700 maxL    1.766/   1.400 -- Small/Large/Total (   153/     8/  3721):     46 splits,     43 swaps,     71 collapses,   1143 moves
Debug   :  iter   4 minL    0.483/   0.700 maxL    1.866/   1.400 -- Small/Large/Total (   137/     3/  3715):      9 splits,     11 swaps,     11 collapses,    384 moves
Debug   :  iter   5 minL    0.563/   0.700 maxL    1.395/   1.400 -- Small/Large/Total (   136/     0/  3718):      3 splits,      2 swaps,      2 collapses,    106 moves
Debug   :  iter   6 minL    0.563/   0.700 maxL    1.437/   1.400 -- Small/Large/Total (   136/     1/  3721):      1 splits,      0 swaps,      0 collapses,     53 moves
Debug   :  iter   7 minL    0.563/   0.700 maxL    1.395/   1.400 -- Small/Large/Total (   136/     0/  3721):      1 splits,      0 swaps,      1 collapses,     27 moves
Debug   :  iter   8 minL    0.563/   0.700 maxL    1.395/   1.400 -- Small/Large/Total (   136/     0/  3721):      0 splits,      0 swaps,      0 collapses,     28 moves
Debug   :  ---------------------------------------
Debug   :  CPU Report 
Debug   :  ---------------------------------------
Debug   :  CPU SWAP     1.48660E-02 sec (  0 %)
Debug   :  CPU SPLIT    1.19613E+00 sec (  4 %) 
Debug   :  CPU COLLAPS  2.45451E+00 sec (  8 %) 
Debug   :  CPU SMOOTH   2.69091E+01 sec ( 88 %) 
Debug   :  ---------------------------------------
Debug   :  CPU TOTAL    3.05746E+01 sec 
Debug   :  ---------------------------------------
Debug   :  iter   1 minL    0.563/   0.700 maxL    1.395/   1.400 -- Small/Large/Total (   136/     0/  3721):      0 splits,      0 swaps,      0 collapses,     17 moves
Debug   :  ---------------------------------------
Debug   :  CPU Report 
Debug   :  ---------------------------------------
Debug   :  CPU SWAP     1.64800E-03 sec (  0 %)
Debug   :  CPU SPLIT    3.23105E-01 sec ( 12 %) 
Debug   :  CPU COLLAPS  1.61497E-01 sec (  6 %) 
Debug   :  CPU SMOOTH   2.15793E+00 sec ( 82 %) 
Debug   :  ---------------------------------------
Debug   :  CPU TOTAL    2.64418E+00 sec 
Debug   :  ---------------------------------------
Debug   : Type 23 2406 triangles generated, 1092 internal nodes
Info    : Meshing surface 16 (Parametric surface, MeshAdapt)
Debug   : Recovering 4 model edges
Debug   : Recovering 70 mesh edges (0 not recovered)
Debug   : Boundary edges recovered for surface 16
Debug   : Computing mesh size field at mesh nodes 70
Debug   : Delaunizing the initial mesh
Debug   : Starting to add internal nodes
Debug   :  iter   1 minL    0.266/   0.700 maxL    4.264/   1.400 -- Small/Large/Total (    60/   112/   674):    232 splits,    281 swaps,     53 collapses,    660 moves
Debug   :  iter   2 minL    0.295/   0.700 maxL    2.247/   1.400 -- Small/Large/Total (    45/    11/   845):    125 splits,     68 swaps,     68 collapses,    666 moves
Debug   :  iter   3 minL    0.520/   0.700 maxL    1.380/   1.400 -- Small/Large/Total (    24/     0/   827):     15 splits,     10 swaps,     21 collapses,    237 moves
Debug   :  iter   4 minL    0.520/   0.700 maxL    1.380/   1.400 -- Small/Large/Total (    23/     0/   827):      0 splits,      0 swaps,      0 collapses,     64 moves
Debug   :  ---------------------------------------
Debug   :  CPU Report 
Debug   :  ---------------------------------------
Debug   :  CPU SWAP     1.90800E-03 sec (  0 %)
Debug   :  CPU SPLIT    1.23528E-01 sec (  2 %) 
Debug   :  CPU COLLAPS  2.95587E-01 sec (  4 %) 
Debug   :  CPU SMOOTH   6.46795E+00 sec ( 94 %) 
Debug   :  ---------------------------------------
Debug   :  CPU TOTAL    6.88897E+00 sec 
Debug   :  ---------------------------------------
Debug   :  iter   1 minL    0.520/   0.700 maxL    1.380/   1.400 -- Small/Large/Total (    23/     0/   827):      0 splits,      0 swaps,      0 collapses,     51 moves
Debug   :  ---------------------------------------
Debug   :  CPU Report 
Debug   :  ---------------------------------------
Debug   :  CPU SWAP     3.36000E-04 sec (  0 %)
Debug   :  CPU SPLIT    7.04230E-02 sec (  8 %) 
Debug   :  CPU COLLAPS  3.51110E-02 sec (  4 %) 
Debug   :  CPU SMOOTH   7.66086E-01 sec ( 88 %) 
Debug   :  ---------------------------------------
Debug   :  CPU TOTAL    8.71956E-01 sec 
Debug   :  ---------------------------------------
Debug   : Type 23 528 triangles generated, 230 internal nodes
Info    : Meshing surface 17 (Parametric surface, MeshAdapt)
Debug   : Recovering 4 model edges
Debug   : Recovering 222 mesh edges (0 not recovered)
Debug   : Boundary edges recovered for surface 17
Debug   : Computing mesh size field at mesh nodes 222
Debug   : Delaunizing the initial mesh
Debug   : Starting to add internal nodes
Debug   :  iter   1 minL    0.302/   0.700 maxL    5.026/   1.400 -- Small/Large/Total (   317/   915/  2682):    867 splits,    542 swaps,    120 collapses,   2276 moves
Debug   :  iter   2 minL    0.291/   0.700 maxL    2.768/   1.400 -- Small/Large/Total (   248/    52/  3759):   1007 splits,    534 swaps,    648 collapses,   3883 moves
Debug   :  iter   3 minL    0.291/   0.700 maxL    1.655/   1.400 -- Small/Large/Total (   145/    12/  3693):     58 splits,     41 swaps,     80 collapses,   1151 moves
Debug   :  iter   4 minL    0.291/   0.700 maxL    1.652/   1.400 -- Small/Large/Total (   124/     7/  3690):     12 splits,      9 swaps,     13 collapses,    364 moves
Debug   :  iter   5 minL    0.291/   0.700 maxL    1.392/   1.400 -- Small/Large/Total (   127/     0/  3696):      7 splits,      5 swaps,      5 collapses,    140 moves
Debug   :  iter   6 minL    0.291/   0.700 maxL    1.422/   1.400 -- Small/Large/Total (   124/     1/  3693):      0 splits,      0 swaps,      1 collapses,     54 moves
Debug   :  iter   7 minL    0.291/   0.700 maxL    1.392/   1.400 -- Small/Large/Total (   125/     0/  3696):      1 splits,      1 swaps,      0 collapses,     44 moves
Debug   :  iter   8 minL    0.291/   0.700 maxL    1.392/   1.400 -- Small/Large/Total (   125/     0/  3696):      0 splits,      0 swaps,      0 collapses,     21 moves
Debug   :  ---------------------------------------
Debug   :  CPU Report 
Debug   :  ---------------------------------------
Debug   :  CPU SWAP     1.50680E-02 sec (  0 %)
Debug   :  CPU SPLIT    1.19708E+00 sec (  4 %) 
Debug   :  CPU COLLAPS  2.38856E+00 sec (  8 %) 
Debug   :  CPU SMOOTH   2.51932E+01 sec ( 87 %) 
Debug   :  ---------------------------------------
Debug   :  CPU TOTAL    2.87939E+01 sec 
Debug   :  ---------------------------------------
Debug   :  iter   1 minL    0.291/   0.700 maxL    1.392/   1.400 -- Small/Large/Total (   125/     0/  3696):      0 splits,      0 swaps,      0 collapses,     20 moves
Debug   :  ---------------------------------------
Debug   :  CPU Report 
Debug   :  ---------------------------------------
Debug   :  CPU SWAP     1.64900E-03 sec (  0 %)
Debug   :  CPU SPLIT    3.24882E-01 sec ( 13 %) 
Debug   :  CPU COLLAPS  1.61523E-01 sec (  6 %) 
Debug   :  CPU SMOOTH   2.01863E+00 sec ( 81 %) 
Debug   :  ---------------------------------------
Debug   :  CPU TOTAL    2.50669E+00 sec 
Debug   :  ---------------------------------------
Debug   : Type 23 2390 triangles generated, 1085 internal nodes
Info    : Meshing surface 18 (Parametric surface, MeshAdapt)
Debug   : Recovering 4 model edges
Debug   : Recovering 71 mesh edges (0 not recovered)
Debug   : Boundary edges recovered for surface 18
Debug   : Computing mesh size field at mesh nodes 71
Debug   : Delaunizing the initial mesh
Debug   : Starting to add internal nodes
Debug   :  iter   1 minL    0.428/   0.700 maxL    4.790/   1.400 -- Small/Large/Total (    53/   108/   646):    236 splits,    261 swaps,     67 collapses,    624 moves
Debug   :  iter   2 minL    0.480/   0.700 maxL    2.320/   1.400 -- Small/Large/Total (    44/     9/   820):    120 splits,     40 swaps,     62 collapses,    593 moves
Debug   :  iter   3 minL    0.480/   0.700 maxL    1.300/   1.400 -- Small/Large/Total (    35/     0/   832):     14 splits,      6 swaps,     10 collapses,    205 moves
Debug   :  iter   4 minL    0.480/   0.700 maxL    1.294/   1.400 -- Small/Large/Total (    32/     0/   832):      1 splits,      0 swaps,      1 collapses,     77 moves
Debug   :  iter   5 minL    0.480/   0.700 maxL    1.294/   1.400 -- Small/Large/Total (    29/     0/   829):      0 splits,      0 swaps,      1 collapses,     54 moves
Debug   :  iter   6 minL    0.480/   0.700 maxL    1.294/   1.400 -- Small/Large/Total (    29/     0/   829):      0 splits,      0 swaps,      0 collapses,     36 moves
Debug   :  ---------------------------------------
Debug   :  CPU Report 
Debug   :  ---------------------------------------
Debug   :  CPU SWAP     2.42400E-03 sec (  0 %)
Debug   :  CPU SPLIT    1.95405E-01 sec (  3 %) 
Debug   :  CPU COLLAPS  3.87423E-01 sec (  6 %) 
Debug   :  CPU SMOOTH   6.44018E+00 sec ( 92 %) 
Debug   :  ---------------------------------------
Debug   :  CPU TOTAL    7.02543E+00 sec 
Debug   :  ---------------------------------------
Debug   :  iter   1 minL    0.480/   0.700 maxL    1.294/   1.400 -- Small/Large/Total (    29/     0/   829):      0 splits,      0 swaps,      0 collapses,     29 moves
Debug   :  ---------------------------------------
Debug   :  CPU Report 
Debug   :  ---------------------------------------
Debug   :  CPU SWAP     3.99000E-04 sec (  0 %)
Debug   :  CPU SPLIT    7.13900E-02 sec (  9 %) 
Debug   :  CPU COLLAPS  3.56070E-02 sec (  4 %) 
Debug   :  CPU SMOOTH   6.91500E-01 sec ( 87 %) 
Debug   :  ---------------------------------------
Debug   :  CPU TOTAL    7.98896E-01 sec 
Debug   :  ---------------------------------------
Debug   : Type 23 529 triangles generated, 230 internal nodes
Info    : Meshing surface 19 (Parametric surface, MeshAdapt)
Debug   : Recovering 6 model edges
Debug   : Recovering 62 mesh edges (0 not recovered)
Debug   : Boundary edges recovered for surface 19
Debug   : Computing mesh size field at mesh nodes 62
Debug   : Delaunizing the initial mesh
Debug   : Starting to add internal nodes
Debug   :  iter   1 minL    0.578/   0.700 maxL    1.632/   1.400 -- Small/Large/Total (     8/     6/   307):    106 splits,     70 swaps,     44 collapses,    272 moves
Debug   :  iter   2 minL    0.615/   0.700 maxL    1.375/   1.400 -- Small/Large/Total (     3/     0/   313):      6 splits,      6 swaps,      4 collapses,    131 moves
Debug   :  iter   3 minL    0.617/   0.700 maxL    1.375/   1.400 -- Small/Large/Total (     3/     0/   313):      0 splits,      0 swaps,      0 collapses,     38 moves
Debug   :  ---------------------------------------
Debug   :  CPU Report 
Debug   :  ---------------------------------------
Debug   :  CPU SWAP     4.55000E-04 sec (  0 %)
Debug   :  CPU SPLIT    1.06030E-02 sec ( 11 %) 
Debug   :  CPU COLLAPS  1.91900E-02 sec ( 19 %) 
Debug   :  CPU SMOOTH   6.83360E-02 sec ( 69 %) 
Debug   :  ---------------------------------------
Debug   :  CPU TOTAL    9.85840E-02 sec 
Debug   :  ---------------------------------------
Debug   :  iter   1 minL    0.617/   0.700 maxL    1.375/   1.400 -- Small/Large/Total (     3/     0/   313):      0 splits,      0 swaps,      0 collapses,     24 moves
Debug   :  ---------------------------------------
Debug   :  CPU Report 
Debug   :  ---------------------------------------
Debug   :  CPU SWAP     1.07000E-04 sec (  0 %)
Debug   :  CPU SPLIT    6.22200E-03 sec ( 24 %) 
Debug   :  CPU COLLAPS  3.02500E-03 sec ( 12 %) 
Debug   :  CPU SMOOTH   1.65120E-02 sec ( 64 %) 
Debug   :  ---------------------------------------
Debug   :  CPU TOTAL    2.58660E-02 sec 
Debug   :  ---------------------------------------
Debug   : Type 23 188 triangles generated, 64 internal nodes
Info    : Tetrahedrizing 14749 nodes...
Info    : Done tetrahedrizing 14757 nodes (Wall 0.265401s, CPU 0.256041s)
Debug   : Points have been tetrahedralized
Info    : Reconstructing mesh...
Info    :  - Creating surface mesh
Info    :  - Identifying boundary edges
Debug   :   29494 (44241) subfaces (segments)
Info    :  - Recovering boundary
Debug   : Statistics:
Debug   :   Input points: 14757
Debug   :   Input facets: 19
Debug   :   Input segments: 0
Debug   :  Mesh points: 14757
Debug   :   Mesh tetrahedra: 62044
Debug   :   Mesh faces: 138835
Debug   :   Mesh faces on facets: 29494
Debug   :   Mesh edges on segments: 44241
Debug   : Writing to GRegion...
Info    : Done reconstructing mesh (Wall 0.608699s, CPU 0.57772s)
Debug   : start with a non classified tet
Debug   : Found 62044 tets with 19 faces (Wall 0.0587965s, CPU 0.058691s)
Info    : Found volume 1
Debug   : All 62044 tets were connected
Info    : It. 0 - 0 nodes created - worst tet radius 55.361 (nodes removed 0 0)
Info    : It. 500 - 499 nodes created - worst tet radius 2.80147 (nodes removed 0 1)
Info    : It. 1000 - 999 nodes created - worst tet radius 2.30361 (nodes removed 0 1)
Info    : It. 1500 - 1499 nodes created - worst tet radius 2.04903 (nodes removed 0 1)
Info    : It. 2000 - 1999 nodes created - worst tet radius 1.88398 (nodes removed 0 1)
Info    : It. 2500 - 2499 nodes created - worst tet radius 1.8767 (nodes removed 0 1)
Info    : It. 3000 - 2998 nodes created - worst tet radius 1.68519 (nodes removed 0 2)
Info    : It. 3500 - 3497 nodes created - worst tet radius 1.61026 (nodes removed 0 3)
Info    : It. 4000 - 3997 nodes created - worst tet radius 1.54774 (nodes removed 0 3)
Info    : It. 4500 - 4497 nodes created - worst tet radius 1.49544 (nodes removed 0 3)
Info    : It. 5000 - 4997 nodes created - worst tet radius 1.4522 (nodes removed 0 3)
Info    : It. 5500 - 5497 nodes created - worst tet radius 1.41142 (nodes removed 0 3)
Info    : It. 6000 - 5997 nodes created - worst tet radius 1.37526 (nodes removed 0 3)
Info    : It. 6500 - 6497 nodes created - worst tet radius 1.34463 (nodes removed 0 3)
Info    : It. 7000 - 6997 nodes created - worst tet radius 1.31331 (nodes removed 0 3)
Info    : It. 7500 - 7497 nodes created - worst tet radius 1.28667 (nodes removed 0 3)
Info    : It. 8000 - 7997 nodes created - worst tet radius 1.26296 (nodes removed 0 3)
Info    : It. 8500 - 8497 nodes created - worst tet radius 1.24206 (nodes removed 0 3)
Info    : It. 9000 - 8997 nodes created - worst tet radius 1.21859 (nodes removed 0 3)
Info    : It. 9500 - 9496 nodes created - worst tet radius 1.19924 (nodes removed 0 4)
Info    : It. 10000 - 9996 nodes created - worst tet radius 1.18084 (nodes removed 0 4)
Info    : It. 10500 - 10496 nodes created - worst tet radius 1.16382 (nodes removed 0 4)
Info    : It. 11000 - 10996 nodes created - worst tet radius 1.148 (nodes removed 0 4)
Info    : It. 11500 - 11496 nodes created - worst tet radius 1.13368 (nodes removed 0 4)
Info    : It. 12000 - 11996 nodes created - worst tet radius 1.11779 (nodes removed 0 4)
Info    : It. 12500 - 12496 nodes created - worst tet radius 1.10493 (nodes removed 0 4)
Info    : It. 13000 - 12996 nodes created - worst tet radius 1.09126 (nodes removed 0 4)
Info    : It. 13500 - 13496 nodes created - worst tet radius 1.0794 (nodes removed 0 4)
Info    : It. 14000 - 13996 nodes created - worst tet radius 1.06819 (nodes removed 0 4)
Info    : It. 14500 - 14496 nodes created - worst tet radius 1.05578 (nodes removed 0 4)
Info    : It. 15000 - 14996 nodes created - worst tet radius 1.04547 (nodes removed 0 4)
Info    : It. 15500 - 15496 nodes created - worst tet radius 1.0354 (nodes removed 0 4)
Info    : It. 16000 - 15996 nodes created - worst tet radius 1.06411 (nodes removed 0 4)
Info    : It. 16500 - 16496 nodes created - worst tet radius 1.01547 (nodes removed 0 4)
Info    : It. 17000 - 16996 nodes created - worst tet radius 1.00565 (nodes removed 0 4)
Info    : 3D refinement terminated (32067 nodes total):
Info    :  - 5 Delaunay cavities modified for star shapeness
Info    :  - 4 nodes could not be inserted
Info    :  - 154473 tetrahedra created in 0.995421 sec. (155183 tets/s)
Info    : 0 node relocations
Info    : dtOptimizeMeshGRegion()() volume 1
Info    : dtOptimizeMeshGRegion()() volume 1 : Optimize gmsh
Info    : Optimizing volume 1
Info    : Optimization starts (volume = 2.03763) with worst = 0.000716184 / average = 0.756888:
Info    : 0.00 < quality < 0.10 :       383 elements
Info    : 0.10 < quality < 0.20 :      1079 elements
Info    : 0.20 < quality < 0.30 :      1905 elements
Info    : 0.30 < quality < 0.40 :      3034 elements
Info    : 0.40 < quality < 0.50 :      5081 elements
Info    : 0.50 < quality < 0.60 :      9438 elements
Info    : 0.60 < quality < 0.70 :     21028 elements
Info    : 0.70 < quality < 0.80 :     39012 elements
Info    : 0.80 < quality < 0.90 :     50447 elements
Info    : 0.90 < quality < 1.00 :     23066 elements
Info    : 3324 edge swaps, 81 node relocations (volume = 2.03763): worst = 0.194229 / average = 0.769832 (Wall 0.0705729s, CPU 0.07043s)
Info    : 3356 edge swaps, 85 node relocations (volume = 2.03763): worst = 0.261819 / average = 0.769931 (Wall 0.0886829s, CPU 0.088499s)
Info    : 3358 edge swaps, 85 node relocations (volume = 2.03763): worst = 0.261819 / average = 0.769936 (Wall 0.10596s, CPU 0.105739s)
Info    : No ill-shaped tets in the mesh :-)
Info    : 0.00 < quality < 0.10 :         0 elements
Info    : 0.10 < quality < 0.20 :         0 elements
Info    : 0.20 < quality < 0.30 :         3 elements
Info    : 0.30 < quality < 0.40 :      2985 elements
Info    : 0.40 < quality < 0.50 :      4875 elements
Info    : 0.50 < quality < 0.60 :      9382 elements
Info    : 0.60 < quality < 0.70 :     21096 elements
Info    : 0.70 < quality < 0.80 :     39289 elements
Info    : 0.80 < quality < 0.90 :     50875 elements
Info    : 0.90 < quality < 1.00 :     22993 elements
Info    : dtOptimizeMeshGRegion()() volume 1 : Optimize netgen
Info    : Extract outter faces of tetrahedra
Info    : Optimizing volume 2
Info    : CalcLocalH: 32067 Points 151501 Elements 29494 Surface Elements 
Info    : Remove Illegal Elements 
Info    : 631 illegal tets 
Info    : SplitImprove 
Info    : badmax = 23.4127 
Info    : 124 splits performed 
Info    : SwapImprove  
Info    : 93 swaps performed 
Info    : SwapImprove2  
Info    : 8 swaps performed 
Info    : 303 illegal tets 
Info    : SplitImprove 
Info    : badmax = 290.391 
Info    : 74 splits performed 
Info    : SwapImprove  
Info    : 44 swaps performed 
Info    : SwapImprove2  
Info    : 20 swaps performed 
Info    : 41 illegal tets 
Info    : SplitImprove 
Info    : badmax = 1717.05 
Info    : 13 splits performed 
Info    : SwapImprove  
Info    : 5 swaps performed 
Info    : SwapImprove2  
Info    : 3 swaps performed 
Info    : 8 illegal tets 
Info    : SplitImprove 
Info    : badmax = 789.831 
Info    : 3 splits performed 
Info    : SwapImprove  
Info    : 0 swaps performed 
Info    : SwapImprove2  
Info    : 1 swaps performed 
Info    : 0 illegal tets 
Info    : Volume Optimization 
Info    : CombineImprove 
Info    : 1045 elements combined 
Info    : ImproveMesh 
Info    : Total badness = 208656 
Info    : Total badness = 198433 
Info    : SplitImprove 
Info    : badmax = 28.7876 
Info    : 1 splits performed 
Info    : ImproveMesh 
Info    : Total badness = 198436 
Info    : Total badness = 197018 
Info    : SwapImprove  
Info    : 8742 swaps performed 
Info    : SwapImprove2  
Info    : 0 swaps performed 
Info    : ImproveMesh 
Info    : Total badness = 181439 
Info    : Total badness = 177408 
Info    : CombineImprove 
Info    : 218 elements combined 
Info    : ImproveMesh 
Info    : Total badness = 175450 
Info    : Total badness = 174946 
Info    : SplitImprove 
Info    : badmax = 16.7642 
Info    : 1 splits performed 
Info    : ImproveMesh 
Info    : Total badness = 174951 
Info    : Total badness = 174854 
Info    : SwapImprove  
Info    : 1256 swaps performed 
Info    : SwapImprove2  
Info    : 0 swaps performed 
Info    : ImproveMesh 
Info    : Total badness = 173865 
Info    : Total badness = 173168 
Info    : CombineImprove 
Info    : 67 elements combined 
Info    : ImproveMesh 
Info    : Total badness = 172595 
Info    : Total badness = 172478 
Info    : SplitImprove 
Info    : badmax = 15.2875 
Info    : 0 splits performed 
Info    : ImproveMesh 
Info    : Total badness = 172478 
Info    : Total badness = 172453 
Info    : SwapImprove  
Info    : 383 swaps performed 
Info    : SwapImprove2  
Info    : 0 swaps performed 
Info    : ImproveMesh 
Info    : Total badness = 172267 
Info    : Total badness = 172043 
Info    : dtOptimizeMeshGRegion()() volume 1
Info    : dtOptimizeMeshGRegion()() volume 1 : Optimize gmsh
Info    : Optimizing volume 1
Info    : Optimization starts (volume = 2.03763) with worst = 0.265714 / average = 0.842467:
Info    : 0.00 < quality < 0.10 :         0 elements
Info    : 0.10 < quality < 0.20 :         0 elements
Info    : 0.20 < quality < 0.30 :         4 elements
Info    : 0.30 < quality < 0.40 :        17 elements
Info    : 0.40 < quality < 0.50 :       185 elements
Info    : 0.50 < quality < 0.60 :      1875 elements
Info    : 0.60 < quality < 0.70 :      9080 elements
Info    : 0.70 < quality < 0.80 :     28021 elements
Info    : 0.80 < quality < 0.90 :     55992 elements
Info    : 0.90 < quality < 1.00 :     42799 elements
Info    : 2 edge swaps, 1 node relocations (volume = 2.03763): worst = 0.296047 / average = 0.842462 (Wall 0.0252672s, CPU 0.025203s)
Info    : No ill-shaped tets in the mesh :-)
Info    : 0.00 < quality < 0.10 :         0 elements
Info    : 0.10 < quality < 0.20 :         0 elements
Info    : 0.20 < quality < 0.30 :         1 elements
Info    : 0.30 < quality < 0.40 :        18 elements
Info    : 0.40 < quality < 0.50 :       187 elements
Info    : 0.50 < quality < 0.60 :      1873 elements
Info    : 0.60 < quality < 0.70 :      9089 elements
Info    : 0.70 < quality < 0.80 :     28017 elements
Info    : 0.80 < quality < 0.90 :     55991 elements
Info    : 0.90 < quality < 1.00 :     42799 elements
Info    : dtOptimizeMeshGRegion()() volume 1 : Optimize netgen
Info    : Extract outter faces of tetrahedra
Info    : Optimizing volume 2
Info    : CalcLocalH: 30953 Points 137975 Elements 29494 Surface Elements 
Info    : Remove Illegal Elements 
Info    : 0 illegal tets 
Info    : Volume Optimization 
Info    : CombineImprove 
Info    : 17 elements combined 
Info    : ImproveMesh 
Info    : Total badness = 171911 
Info    : Total badness = 171870 
Info    : SplitImprove 
Info    : badmax = 13.1939 
Info    : 0 splits performed 
Info    : ImproveMesh 
Info    : Total badness = 171870 
Info    : Total badness = 171861 
Info    : SwapImprove  
Info    : 185 swaps performed 
Info    : SwapImprove2  
Info    : 0 swaps performed 
Info    : ImproveMesh 
Info    : Total badness = 171787 
Info    : Total badness = 171684 
Info    : CombineImprove 
Info    : 11 elements combined 
Info    : ImproveMesh 
Info    : Total badness = 171593 
Info    : Total badness = 171576 
Info    : SplitImprove 
Info    : badmax = 13.0989 
Info    : 0 splits performed 
Info    : ImproveMesh 
Info    : Total badness = 171576 
Info    : Total badness = 171572 
Info    : SwapImprove  
Info    : 85 swaps performed 
Info    : SwapImprove2  
Info    : 0 swaps performed 
Info    : ImproveMesh 
Info    : Total badness = 171540 
Info    : Total badness = 171493 
Info    : CombineImprove 
Info    : 2 elements combined 
Info    : ImproveMesh 
Info    : Total badness = 171477 
Info    : Total badness = 171471 
Info    : SplitImprove 
Info    : badmax = 13.0971 
Info    : 0 splits performed 
Info    : ImproveMesh 
Info    : Total badness = 171471 
Info    : Total badness = 171469 
Info    : SwapImprove  
Info    : 32 swaps performed 
Info    : SwapImprove2  
Info    : 0 swaps performed 
Info    : ImproveMesh 
Info    : Total badness = 171455 
Info    : Total badness = 171436 
Info    : dtOptimizeMeshGRegion()() volume 1
Info    : dtOptimizeMeshGRegion()() volume 1 : Optimize gmsh
Info    : Optimizing volume 1
Info    : Optimization starts (volume = 2.03763) with worst = 0.296026 / average = 0.84367:
Info    : 0.00 < quality < 0.10 :         0 elements
Info    : 0.10 < quality < 0.20 :         0 elements
Info    : 0.20 < quality < 0.30 :         2 elements
Info    : 0.30 < quality < 0.40 :        15 elements
Info    : 0.40 < quality < 0.50 :       168 elements
Info    : 0.50 < quality < 0.60 :      1765 elements
Info    : 0.60 < quality < 0.70 :      8821 elements
Info    : 0.70 < quality < 0.80 :     27710 elements
Info    : 0.80 < quality < 0.90 :     55931 elements
Info    : 0.90 < quality < 1.00 :     43340 elements
Info    : No ill-shaped tets in the mesh :-)
Info    : 0.00 < quality < 0.10 :         0 elements
Info    : 0.10 < quality < 0.20 :         0 elements
Info    : 0.20 < quality < 0.30 :         2 elements
Info    : 0.30 < quality < 0.40 :        15 elements
Info    : 0.40 < quality < 0.50 :       168 elements
Info    : 0.50 < quality < 0.60 :      1765 elements
Info    : 0.60 < quality < 0.70 :      8821 elements
Info    : 0.70 < quality < 0.80 :     27710 elements
Info    : 0.80 < quality < 0.90 :     55931 elements
Info    : 0.90 < quality < 1.00 :     43340 elements
Info    : dtOptimizeMeshGRegion()() volume 1 : Optimize netgen
Info    : Extract outter faces of tetrahedra
Info    : Optimizing volume 2
Info    : CalcLocalH: 30923 Points 137752 Elements 29494 Surface Elements 
Info    : Remove Illegal Elements 
Info    : 0 illegal tets 
Info    : Volume Optimization 
Info    : CombineImprove 
Info    : 4 elements combined 
Info    : ImproveMesh 
Info    : Total badness = 171402 
Info    : Total badness = 171396 
Info    : SplitImprove 
Info    : badmax = 13.0957 
Info    : 0 splits performed 
Info    : ImproveMesh 
Info    : Total badness = 171396 
Info    : Total badness = 171395 
Info    : SwapImprove  
Info    : 22 swaps performed 
Info    : SwapImprove2  
Info    : 0 swaps performed 
Info    : ImproveMesh 
Info    : Total badness = 171390 
Info    : Total badness = 171379 
Info    : CombineImprove 
Info    : 1 elements combined 
Info    : ImproveMesh 
Info    : Total badness = 171372 
Info    : Total badness = 171370 
Info    : SplitImprove 
Info    : badmax = 13.0963 
Info    : 0 splits performed 
Info    : ImproveMesh 
Info    : Total badness = 171370 
Info    : Total badness = 171370 
Info    : SwapImprove  
Info    : 17 swaps performed 
Info    : SwapImprove2  
Info    : 0 swaps performed 
Info    : ImproveMesh 
Info    : Total badness = 171367 
Info    : Total badness = 171357 
Info    : CombineImprove 
Info    : 1 elements combined 
Info    : ImproveMesh 
Info    : Total badness = 171350 
Info    : Total badness = 171348 
Info    : SplitImprove 
Info    : badmax = 13.0962 
Info    : 0 splits performed 
Info    : ImproveMesh 
Info    : Total badness = 171348 
Info    : Total badness = 171348 
Info    : SwapImprove  
Info    : 7 swaps performed 
Info    : SwapImprove2  
Info    : 0 swaps performed 
Info    : ImproveMesh 
Info    : Total badness = 171347 
Info    : Total badness = 171342 
Info    : Meshing order 2 (curvilinear off)...
Info    : [  0%] Meshing curve 1 order 2
Info    : [ 10%] Meshing curve 2 order 2
Info    : [ 10%] Meshing curve 3 order 2
Info    : [ 10%] Meshing curve 4 order 2
Info    : [ 10%] Meshing curve 5 order 2
Info    : [ 10%] Meshing curve 6 order 2
Info    : [ 10%] Meshing curve 7 order 2
Info    : [ 20%] Meshing curve 8 order 2
Info    : [ 20%] Meshing curve 9 order 2
Info    : [ 20%] Meshing curve 10 order 2
Info    : [ 20%] Meshing curve 11 order 2
Info    : [ 20%] Meshing curve 12 order 2
Info    : [ 20%] Meshing curve 13 order 2
Info    : [ 30%] Meshing curve 14 order 2
Info    : [ 30%] Meshing curve 15 order 2
Info    : [ 30%] Meshing curve 16 order 2
Info    : [ 30%] Meshing curve 17 order 2
Info    : [ 30%] Meshing curve 18 order 2
Info    : [ 30%] Meshing curve 19 order 2
Info    : [ 40%] Meshing curve 20 order 2
Info    : [ 40%] Meshing curve 21 order 2
Info    : [ 40%] Meshing curve 22 order 2
Info    : [ 40%] Meshing curve 23 order 2
Info    : [ 40%] Meshing curve 24 order 2
Info    : [ 40%] Meshing curve 25 order 2
Info    : [ 50%] Meshing curve 26 order 2
Info    : [ 50%] Meshing curve 27 order 2
Info    : [ 50%] Meshing curve 28 order 2
Info    : [ 50%] Meshing curve 29 order 2
Info    : [ 50%] Meshing curve 30 order 2
Info    : [ 50%] Meshing curve 31 order 2
Info    : [ 60%] Meshing curve 32 order 2
Info    : [ 60%] Meshing curve 33 order 2
Info    : [ 60%] Meshing curve 34 order 2
Info    : [ 60%] Meshing curve 35 order 2
Info    : [ 60%] Meshing curve 36 order 2
Info    : [ 60%] Meshing curve 37 order 2
Info    : [ 60%] Meshing curve 38 order 2
Info    : [ 70%] Meshing curve 39 order 2
Info    : [ 70%] Meshing curve 40 order 2
Info    : [ 70%] Meshing curve 41 order 2
Info    : [ 70%] Meshing curve 42 order 2
Info    : [ 70%] Meshing surface 1 order 2
Info    : [ 70%] Meshing surface 2 order 2
Info    : [ 80%] Meshing surface 3 order 2
Info    : [ 80%] Meshing surface 4 order 2
Info    : [ 80%] Meshing surface 5 order 2
Info    : [ 80%] Meshing surface 6 order 2
Info    : [ 80%] Meshing surface 7 order 2
Info    : [ 80%] Meshing surface 8 order 2
Info    : [ 90%] Meshing surface 9 order 2
Info    : [ 90%] Meshing surface 10 order 2
Info    : [ 90%] Meshing surface 11 order 2
Info    : [ 90%] Meshing surface 12 order 2
Info    : [ 90%] Meshing surface 13 order 2
Info    : [ 90%] Meshing surface 14 order 2
Info    : [100%] Meshing surface 15 order 2
Info    : [100%] Meshing surface 16 order 2
Info    : [100%] Meshing surface 17 order 2
Info    : [100%] Meshing surface 18 order 2
Info    : [100%] Meshing surface 19 order 2
Info    : [100%] Meshing volume 1 order 2
Info    : Done meshing order 2 (Wall 0.819534s, CPU 0.817078s)
Debug   : Renumbering for potentially partial mesh save
[dtoo] mesh written: /repo/data/dataset/sobol/machine_0004/mesh.msh.part
[sampler] machine_0004 mesh OK
[dtoo] exporting machine_0005 2026-09-12T09:01:26+02:00
[sampler] draw skipped: all 64 machines carry params.json (export pass, scipy not needed here)
[sampler] exporting 1 meshes (dtOO, container only)
Warning : Gmsh has aleady been initialized
Warning : Gmsh has aleady been initialized
Warning : Gmsh has aleady been initialized
Warning : Gmsh has aleady been initialized
Warning : Gmsh has aleady been initialized
Warning : Gmsh has aleady been initialized
Warning : Gmsh has aleady been initialized
Warning : Gmsh has aleady been initialized
Warning : Gmsh has aleady been initialized
Warning : Gmsh has aleady been initialized
Warning : Gmsh has aleady been initialized
Warning : Gmsh has aleady been initialized
Warning : Gmsh has aleady been initialized
Warning : Gmsh has aleady been initialized
Warning : Gmsh has aleady been initialized
[dtoo] applied 30 parameter overrides
Warning : Gmsh has aleady been initialized
Warning : Gmsh has aleady been initialized
Warning : Gmsh has aleady been initialized
Warning : Gmsh has aleady been initialized
Warning : Gmsh has aleady been initialized
Warning : Gmsh has aleady been initialized
[dtoo] plugin ru_adjustDomain applied
[dtoo] makeGrid on ruWithRounding_mechMesh ...
Debug   : Decoded option name 'General' . 'ExpertMode' (index 0)
Debug   : Decoded option name 'Mesh' . 'LcIntegrationPrecision' (index 0)
Debug   : Decoded option name 'Mesh' . 'SecondOrderLinear' (index 0)
Debug   : Decoded option name 'Mesh' . 'Algorithm' (index 0)
Debug   : Decoded option name 'Mesh' . 'CharacteristicLengthMin' (index 0)
Debug   : Decoded option name 'Mesh' . 'CharacteristicLengthMax' (index 0)
Debug   : Decoded option name 'Mesh' . 'MeshSizeExtendFromBoundary' (index 0)
Debug   : Decoded option name 'Mesh' . 'MeshSizeFromPoints' (index 0)
Debug   : Decoded option name 'Mesh' . 'MeshSizeFromCurvature' (index 0)
Info    : Meshing vertex 1 ( dtGmshVertex )
Info    : Meshing vertex 2 ( dtGmshVertex )
Info    : Meshing vertex 3 ( dtGmshVertex )
Info    : Meshing vertex 4 ( dtGmshVertex )
Info    : Meshing vertex 5 ( dtGmshVertex )
Info    : Meshing vertex 6 ( dtGmshVertex )
Info    : Meshing vertex 7 ( dtGmshVertex )
Info    : Meshing vertex 8 ( dtGmshVertex )
Info    : Meshing vertex 9 ( dtGmshVertex )
Info    : Meshing vertex 10 ( dtGmshVertex )
Info    : Meshing vertex 11 ( dtGmshVertex )
Info    : Meshing vertex 12 ( dtGmshVertex )
Info    : Meshing vertex 13 ( dtGmshVertex )
Info    : Meshing vertex 14 ( dtGmshVertex )
Info    : Meshing vertex 15 ( dtGmshVertex )
Info    : Meshing vertex 16 ( dtGmshVertex )
Info    : Meshing vertex 17 ( dtGmshVertex )
Info    : Meshing vertex 18 ( dtGmshVertex )
Info    : Meshing vertex 19 ( dtGmshVertex )
Info    : Meshing vertex 20 ( dtGmshVertex )
Info    : Meshing vertex 21 ( dtGmshVertex )
Info    : Meshing vertex 22 ( dtGmshVertex )
Info    : Meshing vertex 23 ( dtGmshVertex )
Info    : Meshing vertex 24 ( dtGmshVertex )
Info    : Meshing vertex 25 ( dtGmshVertex )
Info    : Meshing vertex 26 ( dtGmshVertex )
Info    : Meshing curve 1 (Unknown)
Debug   : Meshing curve 1 (Unknown): 11 interior vertices
Info    : Meshing curve 2 (Unknown)
Debug   : Meshing curve 2 (Unknown): 45 interior vertices
Info    : Meshing curve 3 (Unknown)
Debug   : Meshing curve 3 (Unknown): 11 interior vertices
Info    : Meshing curve 4 (Unknown)
Debug   : Meshing curve 4 (Unknown): 45 interior vertices
Info    : Meshing curve 5 (Unknown)
Debug   : Meshing curve 5 (Unknown): 5 interior vertices
Info    : Meshing curve 6 (Unknown)
Debug   : Meshing curve 6 (Unknown): 45 interior vertices
Info    : Meshing curve 7 (Unknown)
Debug   : Meshing curve 7 (Unknown): 5 interior vertices
Info    : Meshing curve 8 (Unknown)
Debug   : Meshing curve 8 (Unknown): 5 interior vertices
Info    : Meshing curve 9 (Unknown)
Debug   : Meshing curve 9 (Unknown): 45 interior vertices
Info    : Meshing curve 10 (Unknown)
Debug   : Meshing curve 10 (Unknown): 5 interior vertices
Info    : Meshing curve 11 (Unknown)
Debug   : Meshing curve 11 (Unknown): 34 interior vertices
Info    : Meshing curve 12 (Unknown)
Debug   : Meshing curve 12 (Unknown): 34 interior vertices
Info    : Meshing curve 13 (Unknown)
Debug   : Meshing curve 13 (Unknown): 44 interior vertices
Info    : Meshing curve 14 (Unknown)
Debug   : Meshing curve 14 (Unknown): 27 interior vertices
Info    : Meshing curve 15 (Unknown)
Debug   : Meshing curve 15 (Unknown): 26 interior vertices
Info    : Meshing curve 16 (Unknown)
Debug   : Meshing curve 16 (Unknown): 37 interior vertices
Info    : Meshing curve 17 (Unknown)
Debug   : Meshing curve 17 (Unknown): 24 interior vertices
Info    : Meshing curve 18 (Unknown)
Debug   : Meshing curve 18 (Unknown): 25 interior vertices
Info    : Meshing curve 19 (Unknown)
Debug   : Meshing curve 19 (Unknown): 21 interior vertices
Info    : Meshing curve 20 (Unknown)
Debug   : Meshing curve 20 (Unknown): 54 interior vertices
Info    : Meshing curve 21 (Unknown)
Debug   : Meshing curve 21 (Unknown): 16 interior vertices
Info    : Meshing curve 22 (Unknown)
Debug   : Meshing curve 22 (Unknown): 53 interior vertices
Info    : Meshing curve 23 (Unknown)
Debug   : Meshing curve 23 (Unknown): 13 interior vertices
Info    : Meshing curve 24 (Unknown)
Debug   : Meshing curve 24 (Unknown): 14 interior vertices
Info    : Meshing curve 25 (Unknown)
Debug   : Meshing curve 25 (Unknown): 5 interior vertices
Info    : Meshing curve 26 (Unknown)
Debug   : Meshing curve 26 (Unknown): 158 interior vertices
Info    : Meshing curve 27 (Unknown)
Debug   : Meshing curve 27 (Unknown): 7 interior vertices
Info    : Meshing curve 28 (Unknown)
Debug   : Meshing curve 28 (Unknown): 19 interior vertices
Info    : Meshing curve 29 (Unknown)
Debug   : Meshing curve 29 (Unknown): 5 interior vertices
Info    : Meshing curve 30 (Unknown)
Debug   : Meshing curve 30 (Unknown): 55 interior vertices
Info    : Meshing curve 31 (Unknown)
Debug   : Meshing curve 31 (Unknown): 7 interior vertices
Info    : Meshing curve 32 (Unknown)
Debug   : Meshing curve 32 (Unknown): 13 interior vertices
Info    : Meshing curve 33 (Unknown)
Debug   : Meshing curve 33 (Unknown): 21 interior vertices
Info    : Meshing curve 34 (Unknown)
Debug   : Meshing curve 34 (Unknown): 54 interior vertices
Info    : Meshing curve 35 (Unknown)
Debug   : Meshing curve 35 (Unknown): 16 interior vertices
Info    : Meshing curve 36 (Unknown)
Debug   : Meshing curve 36 (Unknown): 14 interior vertices
Info    : Meshing curve 37 (Unknown)
Debug   : Meshing curve 37 (Unknown): 4 interior vertices
Info    : Meshing curve 38 (Unknown)
Debug   : Meshing curve 38 (Unknown): 156 interior vertices
Info    : Meshing curve 39 (Unknown)
Debug   : Meshing curve 39 (Unknown): 7 interior vertices
Info    : Meshing curve 40 (Unknown)
Debug   : Meshing curve 40 (Unknown): 24 interior vertices
Info    : Meshing curve 41 (Unknown)
Debug   : Meshing curve 41 (Unknown): 4 interior vertices
Info    : Meshing curve 42 (Unknown)
Debug   : Meshing curve 42 (Unknown): 7 interior vertices
Info    : Meshing surface 1 (Parametric surface, MeshAdapt)
Debug   : Recovering 4 model edges
Debug   : Recovering 116 mesh edges (0 not recovered)
Debug   : Boundary edges recovered for surface 1
Debug   : Computing mesh size field at mesh nodes 116
Debug   : Delaunizing the initial mesh
Debug   : Starting to add internal nodes
Debug   :  iter   1 minL    0.353/   0.700 maxL    4.138/   1.400 -- Small/Large/Total (   146/   676/  1333):    421 splits,    216 swaps,     53 collapses,   1202 moves
Debug   :  iter   2 minL    0.413/   0.700 maxL    2.174/   1.400 -- Small/Large/Total (   371/     7/  2476):    676 splits,    872 swaps,    295 collapses,   2693 moves
Debug   :  iter   3 minL    0.570/   0.700 maxL    1.382/   1.400 -- Small/Large/Total (    28/     0/  2071):      7 splits,     20 swaps,    142 collapses,    882 moves
Debug   :  iter   4 minL    0.570/   0.700 maxL    1.382/   1.400 -- Small/Large/Total (    25/     0/  2071):      0 splits,      0 swaps,      0 collapses,     93 moves
Debug   :  ---------------------------------------
Debug   :  CPU Report 
Debug   :  ---------------------------------------
Debug   :  CPU SWAP     3.19000E-03 sec (  3 %)
Debug   :  CPU SPLIT    1.00940E-02 sec (  9 %) 
Debug   :  CPU COLLAPS  3.29040E-02 sec ( 30 %) 
Debug   :  CPU SMOOTH   6.32860E-02 sec ( 58 %) 
Debug   :  ---------------------------------------
Debug   :  CPU TOTAL    1.09474E-01 sec 
Debug   :  ---------------------------------------
Debug   :  iter   1 minL    0.570/   0.700 maxL    1.382/   1.400 -- Small/Large/Total (    21/     0/  2071):      0 splits,      0 swaps,      0 collapses,     55 moves
Debug   :  ---------------------------------------
Debug   :  CPU Report 
Debug   :  ---------------------------------------
Debug   :  CPU SWAP     7.63000E-04 sec (  6 %)
Debug   :  CPU SPLIT    5.45100E-03 sec ( 44 %) 
Debug   :  CPU COLLAPS  2.67400E-03 sec ( 21 %) 
Debug   :  CPU SMOOTH   3.60200E-03 sec ( 29 %) 
Debug   :  ---------------------------------------
Debug   :  CPU TOTAL    1.24900E-02 sec 
Debug   :  ---------------------------------------
Debug   : Type 23 1342 triangles generated, 614 internal nodes
Info    : Meshing surface 2 (Parametric surface, MeshAdapt)
Debug   : Recovering 4 model edges
Debug   : Recovering 104 mesh edges (0 not recovered)
Debug   : Boundary edges recovered for surface 2
Debug   : Computing mesh size field at mesh nodes 104
Debug   : Delaunizing the initial mesh
Debug   : Starting to add internal nodes
Debug   :  iter   1 minL    0.533/   0.700 maxL    1.546/   1.400 -- Small/Large/Total (   153/    97/  1141):    373 splits,    277 swaps,     61 collapses,   1083 moves
Debug   :  iter   2 minL    0.533/   0.700 maxL    1.358/   1.400 -- Small/Large/Total (    22/     0/  1084):     97 splits,    121 swaps,    116 collapses,    612 moves
Debug   :  iter   3 minL    0.624/   0.700 maxL    1.358/   1.400 -- Small/Large/Total (    15/     0/  1078):      0 splits,      1 swaps,      2 collapses,     51 moves
Debug   :  iter   4 minL    0.624/   0.700 maxL    1.358/   1.400 -- Small/Large/Total (    15/     0/  1078):      0 splits,      0 swaps,      0 collapses,     31 moves
Debug   :  ---------------------------------------
Debug   :  CPU Report 
Debug   :  ---------------------------------------
Debug   :  CPU SWAP     1.95300E-03 sec (  4 %)
Debug   :  CPU SPLIT    7.80800E-03 sec ( 16 %) 
Debug   :  CPU COLLAPS  1.63920E-02 sec ( 33 %) 
Debug   :  CPU SMOOTH   2.30990E-02 sec ( 47 %) 
Debug   :  ---------------------------------------
Debug   :  CPU TOTAL    4.92520E-02 sec 
Debug   :  ---------------------------------------
Debug   :  iter   1 minL    0.624/   0.700 maxL    1.298/   1.400 -- Small/Large/Total (    15/     0/  1078):      0 splits,      0 swaps,      0 collapses,     27 moves
Debug   :  ---------------------------------------
Debug   :  CPU Report 
Debug   :  ---------------------------------------
Debug   :  CPU SWAP     3.73000E-04 sec (  5 %)
Debug   :  CPU SPLIT    3.67700E-03 sec ( 49 %) 
Debug   :  CPU COLLAPS  1.82300E-03 sec ( 24 %) 
Debug   :  CPU SMOOTH   1.64300E-03 sec ( 22 %) 
Debug   :  ---------------------------------------
Debug   :  CPU TOTAL    7.51600E-03 sec 
Debug   :  ---------------------------------------
Debug   : Type 23 684 triangles generated, 291 internal nodes
Info    : Meshing surface 3 (Parametric surface, MeshAdapt)
Debug   : Recovering 4 model edges
Debug   : Recovering 104 mesh edges (0 not recovered)
Debug   : Boundary edges recovered for surface 3
Debug   : Computing mesh size field at mesh nodes 104
Debug   : Delaunizing the initial mesh
Debug   : Starting to add internal nodes
Debug   :  iter   1 minL    0.533/   0.700 maxL    1.546/   1.400 -- Small/Large/Total (   153/   105/  1141):    373 splits,    275 swaps,     61 collapses,   1089 moves
Debug   :  iter   2 minL    0.533/   0.700 maxL    1.358/   1.400 -- Small/Large/Total (    22/     0/  1096):    105 splits,    125 swaps,    120 collapses,    630 moves
Debug   :  iter   3 minL    0.624/   0.700 maxL    1.358/   1.400 -- Small/Large/Total (    15/     0/  1090):      0 splits,      1 swaps,      2 collapses,     53 moves
Debug   :  iter   4 minL    0.624/   0.700 maxL    1.298/   1.400 -- Small/Large/Total (    15/     0/  1090):      0 splits,      0 swaps,      0 collapses,     30 moves
Debug   :  ---------------------------------------
Debug   :  CPU Report 
Debug   :  ---------------------------------------
Debug   :  CPU SWAP     1.97500E-03 sec (  4 %)
Debug   :  CPU SPLIT    6.31200E-03 sec ( 14 %) 
Debug   :  CPU COLLAPS  1.32360E-02 sec ( 30 %) 
Debug   :  CPU SMOOTH   2.32430E-02 sec ( 52 %) 
Debug   :  ---------------------------------------
Debug   :  CPU TOTAL    4.47660E-02 sec 
Debug   :  ---------------------------------------
Debug   :  iter   1 minL    0.624/   0.700 maxL    1.298/   1.400 -- Small/Large/Total (    15/     0/  1090):      0 splits,      0 swaps,      0 collapses,     26 moves
Debug   :  ---------------------------------------
Debug   :  CPU Report 
Debug   :  ---------------------------------------
Debug   :  CPU SWAP     3.81000E-04 sec (  6 %)
Debug   :  CPU SPLIT    2.84500E-03 sec ( 45 %) 
Debug   :  CPU COLLAPS  1.42900E-03 sec ( 23 %) 
Debug   :  CPU SMOOTH   1.62500E-03 sec ( 26 %) 
Debug   :  ---------------------------------------
Debug   :  CPU TOTAL    6.28000E-03 sec 
Debug   :  ---------------------------------------
Debug   : Type 23 692 triangles generated, 295 internal nodes
Info    : Meshing surface 4 (Parametric surface, MeshAdapt)
Debug   : Recovering 4 model edges
Debug   : Recovering 59 mesh edges (0 not recovered)
Debug   : Boundary edges recovered for surface 4
Debug   : Computing mesh size field at mesh nodes 59
Debug   : Delaunizing the initial mesh
Debug   : Starting to add internal nodes
Debug   :  iter   1 minL    0.388/   0.700 maxL    6.144/   1.400 -- Small/Large/Total (    27/   215/   598):    211 splits,    348 swaps,     50 collapses,    567 moves
Debug   :  iter   2 minL    0.615/   0.700 maxL    1.376/   1.400 -- Small/Large/Total (    32/     0/  1039):    216 splits,    110 swaps,     69 collapses,    874 moves
Debug   :  iter   3 minL    0.578/   0.700 maxL    1.415/   1.400 -- Small/Large/Total (    25/     1/  1033):      0 splits,      0 swaps,      2 collapses,    127 moves
Debug   :  iter   4 minL    0.578/   0.700 maxL    1.385/   1.400 -- Small/Large/Total (    24/     0/  1036):      1 splits,      1 swaps,      0 collapses,     45 moves
Debug   :  iter   5 minL    0.578/   0.700 maxL    1.385/   1.400 -- Small/Large/Total (    24/     0/  1036):      0 splits,      0 swaps,      0 collapses,     29 moves
Debug   :  ---------------------------------------
Debug   :  CPU Report 
Debug   :  ---------------------------------------
Debug   :  CPU SWAP     2.43400E-03 sec (  3 %)
Debug   :  CPU SPLIT    6.95500E-03 sec ( 10 %) 
Debug   :  CPU COLLAPS  1.21680E-02 sec ( 17 %) 
Debug   :  CPU SMOOTH   5.04670E-02 sec ( 70 %) 
Debug   :  ---------------------------------------
Debug   :  CPU TOTAL    7.20240E-02 sec 
Debug   :  ---------------------------------------
Debug   :  iter   1 minL    0.578/   0.700 maxL    1.385/   1.400 -- Small/Large/Total (    24/     0/  1036):      0 splits,      0 swaps,      0 collapses,     27 moves
Debug   :  ---------------------------------------
Debug   :  CPU Report 
Debug   :  ---------------------------------------
Debug   :  CPU SWAP     4.08000E-04 sec (  4 %)
Debug   :  CPU SPLIT    2.98900E-03 sec ( 27 %) 
Debug   :  CPU COLLAPS  1.48300E-03 sec ( 13 %) 
Debug   :  CPU SMOOTH   6.37800E-03 sec ( 57 %) 
Debug   :  ---------------------------------------
Debug   :  CPU TOTAL    1.12580E-02 sec 
Debug   :  ---------------------------------------
Debug   : Type 23 671 triangles generated, 307 internal nodes
Info    : Meshing surface 5 (Parametric surface, MeshAdapt)
Debug   : Recovering 4 model edges
Debug   : Recovering 59 mesh edges (0 not recovered)
Debug   : Boundary edges recovered for surface 5
Debug   : Computing mesh size field at mesh nodes 59
Debug   : Delaunizing the initial mesh
Debug   : Starting to add internal nodes
Debug   :  iter   1 minL    0.386/   0.700 maxL    5.738/   1.400 -- Small/Large/Total (    37/   208/   577):    206 splits,    337 swaps,     52 collapses,    542 moves
Debug   :  iter   2 minL    0.543/   0.700 maxL    1.661/   1.400 -- Small/Large/Total (    44/    16/   991):    211 splits,    112 swaps,     73 collapses,    822 moves
Debug   :  iter   3 minL    0.587/   0.700 maxL    1.379/   1.400 -- Small/Large/Total (    22/     0/  1009):     18 splits,     10 swaps,     12 collapses,    281 moves
Debug   :  iter   4 minL    0.587/   0.700 maxL    1.377/   1.400 -- Small/Large/Total (    17/     0/  1000):      0 splits,      0 swaps,      3 collapses,     84 moves
Debug   :  iter   5 minL    0.587/   0.700 maxL    1.377/   1.400 -- Small/Large/Total (    17/     0/  1000):      0 splits,      0 swaps,      0 collapses,     50 moves
Debug   :  ---------------------------------------
Debug   :  CPU Report 
Debug   :  ---------------------------------------
Debug   :  CPU SWAP     2.40200E-03 sec (  3 %)
Debug   :  CPU SPLIT    6.60100E-03 sec (  9 %) 
Debug   :  CPU COLLAPS  1.21030E-02 sec ( 17 %) 
Debug   :  CPU SMOOTH   5.02880E-02 sec ( 70 %) 
Debug   :  ---------------------------------------
Debug   :  CPU TOTAL    7.13940E-02 sec 
Debug   :  ---------------------------------------
Debug   :  iter   1 minL    0.587/   0.700 maxL    1.377/   1.400 -- Small/Large/Total (    17/     0/  1000):      0 splits,      0 swaps,      0 collapses,     44 moves
Debug   :  ---------------------------------------
Debug   :  CPU Report 
Debug   :  ---------------------------------------
Debug   :  CPU SWAP     3.95000E-04 sec (  4 %)
Debug   :  CPU SPLIT    2.82700E-03 sec ( 28 %) 
Debug   :  CPU COLLAPS  1.63800E-03 sec ( 16 %) 
Debug   :  CPU SMOOTH   5.28700E-03 sec ( 52 %) 
Debug   :  ---------------------------------------
Debug   :  CPU TOTAL    1.01470E-02 sec 
Debug   :  ---------------------------------------
Debug   : Type 23 647 triangles generated, 295 internal nodes
Info    : Meshing surface 6 (Parametric surface, MeshAdapt)
Debug   : Recovering 10 model edges
Debug   : Recovering 351 mesh edges (0 not recovered)
Debug   : Boundary edges recovered for surface 6
Debug   : Computing mesh size field at mesh nodes 351
Debug   : Delaunizing the initial mesh
Debug   : Starting to add internal nodes
Debug   :  iter   1 minL    0.074/   0.700 maxL   11.657/   1.400 -- Small/Large/Total (   442/  2711/  4629):   1376 splits,    932 swaps,     67 collapses,   3611 moves
Debug   :  iter   2 minL    0.069/   0.700 maxL    6.199/   1.400 -- Small/Large/Total (  1806/  2559/ 10446):   2711 splits,   1344 swaps,    772 collapses,   8861 moves
Debug   :  iter   3 minL    0.057/   0.700 maxL    7.596/   1.400 -- Small/Large/Total (  2572/   939/ 11001):   2636 splits,   3808 swaps,   2451 collapses,  12050 moves
Debug   :  iter   4 minL    0.243/   0.700 maxL    4.590/   1.400 -- Small/Large/Total (   891/   161/  9870):   1105 splits,   2148 swaps,   1482 collapses,   7565 moves
Debug   :  iter   5 minL    0.390/   0.700 maxL    1.737/   1.400 -- Small/Large/Total (   444/    20/  9648):    179 splits,    242 swaps,    253 collapses,   2953 moves
Debug   :  iter   6 minL    0.386/   0.700 maxL    1.641/   1.400 -- Small/Large/Total (   393/    11/  9606):     27 splits,     31 swaps,     41 collapses,   1220 moves
Debug   :  iter   7 minL    0.386/   0.700 maxL    1.861/   1.400 -- Small/Large/Total (   395/    11/  9600):     14 splits,     13 swaps,     16 collapses,    667 moves
Debug   :  iter   8 minL    0.386/   0.700 maxL    1.736/   1.400 -- Small/Large/Total (   383/     5/  9594):     11 splits,      9 swaps,     13 collapses,    539 moves
Debug   :  iter   9 minL    0.386/   0.700 maxL    1.686/   1.400 -- Small/Large/Total (   378/     4/  9585):      5 splits,      4 swaps,      8 collapses,    377 moves
Debug   :  iter  10 minL    0.386/   0.700 maxL    1.434/   1.400 -- Small/Large/Total (   378/     1/  9588):      4 splits,      1 swaps,      3 collapses,    289 moves
Debug   :  iter  11 minL    0.386/   0.700 maxL    1.440/   1.400 -- Small/Large/Total (   375/     2/  9585):      1 splits,      1 swaps,      2 collapses,    264 moves
Debug   :  ---------------------------------------
Debug   :  CPU Report 
Debug   :  ---------------------------------------
Debug   :  CPU SWAP     6.75690E-02 sec (  4 %)
Debug   :  CPU SPLIT    1.56514E-01 sec ( 10 %) 
Debug   :  CPU COLLAPS  3.52163E-01 sec ( 23 %) 
Debug   :  CPU SMOOTH   9.79878E-01 sec ( 63 %) 
Debug   :  ---------------------------------------
Debug   :  CPU TOTAL    1.55612E+00 sec 
Debug   :  ---------------------------------------
Debug   :  iter   1 minL    0.386/   0.700 maxL    1.390/   1.400 -- Small/Large/Total (   373/     0/  9591):      0 splits,      0 swaps,      0 collapses,    151 moves
Debug   :  ---------------------------------------
Debug   :  CPU Report 
Debug   :  ---------------------------------------
Debug   :  CPU SWAP     4.55700E-03 sec (  5 %)
Debug   :  CPU SPLIT    2.46030E-02 sec ( 28 %) 
Debug   :  CPU COLLAPS  1.17480E-02 sec ( 14 %) 
Debug   :  CPU SMOOTH   4.60980E-02 sec ( 53 %) 
Debug   :  ---------------------------------------
Debug   :  CPU TOTAL    8.70060E-02 sec 
Debug   :  ---------------------------------------
Debug   : Type 23 6277 triangles generated, 2963 internal nodes
Info    : Meshing surface 7 (Parametric surface, MeshAdapt)
Debug   : Recovering 4 model edges
Debug   : Recovering 148 mesh edges (0 not recovered)
Debug   : Boundary edges recovered for surface 7
Debug   : Computing mesh size field at mesh nodes 148
Debug   : Delaunizing the initial mesh
Debug   : Starting to add internal nodes
Debug   :  iter   1 minL    0.156/   0.700 maxL    7.007/   1.400 -- Small/Large/Total (   172/   656/  1571):    539 splits,    605 swaps,    113 collapses,   1444 moves
Debug   :  iter   2 minL    0.209/   0.700 maxL    3.004/   1.400 -- Small/Large/Total (   231/    78/  2198):    662 splits,    917 swaps,    453 collapses,   2464 moves
Debug   :  iter   3 minL    0.438/   0.700 maxL    1.524/   1.400 -- Small/Large/Total (   109/     3/  2243):    105 splits,     79 swaps,     90 collapses,   1055 moves
Debug   :  iter   4 minL    0.438/   0.700 maxL    1.392/   1.400 -- Small/Large/Total (    92/     0/  2234):      5 splits,     10 swaps,      8 collapses,    347 moves
Debug   :  iter   5 minL    0.438/   0.700 maxL    1.392/   1.400 -- Small/Large/Total (    77/     0/  2225):      1 splits,      2 swaps,      4 collapses,    140 moves
Debug   :  iter   6 minL    0.438/   0.700 maxL    1.392/   1.400 -- Small/Large/Total (    75/     0/  2222):      0 splits,      0 swaps,      1 collapses,     69 moves
Debug   :  iter   7 minL    0.438/   0.700 maxL    1.392/   1.400 -- Small/Large/Total (    74/     0/  2222):      0 splits,      0 swaps,      0 collapses,     47 moves
Debug   :  ---------------------------------------
Debug   :  CPU Report 
Debug   :  ---------------------------------------
Debug   :  CPU SWAP     9.24100E-03 sec (  0 %)
Debug   :  CPU SPLIT    5.98457E-01 sec (  5 %) 
Debug   :  CPU COLLAPS  1.39071E+00 sec ( 12 %) 
Debug   :  CPU SMOOTH   9.27572E+00 sec ( 82 %) 
Debug   :  ---------------------------------------
Debug   :  CPU TOTAL    1.12741E+01 sec 
Debug   :  ---------------------------------------
Debug   :  iter   1 minL    0.438/   0.700 maxL    1.392/   1.400 -- Small/Large/Total (    74/     0/  2222):      0 splits,      0 swaps,      0 collapses,     33 moves
Debug   :  ---------------------------------------
Debug   :  CPU Report 
Debug   :  ---------------------------------------
Debug   :  CPU SWAP     9.22000E-04 sec (  0 %)
Debug   :  CPU SPLIT    1.87390E-01 sec ( 18 %) 
Debug   :  CPU COLLAPS  9.35690E-02 sec (  9 %) 
Debug   :  CPU SMOOTH   7.41931E-01 sec ( 72 %) 
Debug   :  ---------------------------------------
Debug   :  CPU TOTAL    1.02381E+00 sec 
Debug   :  ---------------------------------------
Debug   : Type 23 1432 triangles generated, 643 internal nodes
Info    : Meshing surface 8 (Parametric surface, MeshAdapt)
Debug   : Recovering 4 model edges
Debug   : Recovering 96 mesh edges (0 not recovered)
Debug   : Boundary edges recovered for surface 8
Debug   : Computing mesh size field at mesh nodes 96
Debug   : Delaunizing the initial mesh
Debug   : Starting to add internal nodes
Debug   :  iter   1 minL    0.237/   0.700 maxL    4.555/   1.400 -- Small/Large/Total (    95/   300/   975):    334 splits,    395 swaps,     72 collapses,    908 moves
Debug   :  iter   2 minL    0.276/   0.700 maxL    2.358/   1.400 -- Small/Large/Total (    91/    54/  1431):    318 splits,    226 swaps,    166 collapses,   1327 moves
Debug   :  iter   3 minL    0.543/   0.700 maxL    1.399/   1.400 -- Small/Large/Total (    56/     0/  1494):     71 splits,     37 swaps,     50 collapses,    727 moves
Debug   :  iter   4 minL    0.543/   0.700 maxL    1.438/   1.400 -- Small/Large/Total (    52/     2/  1494):      2 splits,      2 swaps,      2 collapses,    278 moves
Debug   :  iter   5 minL    0.543/   0.700 maxL    1.361/   1.400 -- Small/Large/Total (    50/     0/  1497):      2 splits,      2 swaps,      1 collapses,    219 moves
Debug   :  iter   6 minL    0.543/   0.700 maxL    1.361/   1.400 -- Small/Large/Total (    48/     0/  1494):      0 splits,      0 swaps,      1 collapses,    152 moves
Debug   :  iter   7 minL    0.543/   0.700 maxL    1.361/   1.400 -- Small/Large/Total (    48/     0/  1494):      0 splits,      0 swaps,      0 collapses,    108 moves
Debug   :  ---------------------------------------
Debug   :  CPU Report 
Debug   :  ---------------------------------------
Debug   :  CPU SWAP     5.08900E-03 sec (  0 %)
Debug   :  CPU SPLIT    3.92166E-01 sec (  6 %) 
Debug   :  CPU COLLAPS  7.84580E-01 sec ( 12 %) 
Debug   :  CPU SMOOTH   5.58744E+00 sec ( 83 %) 
Debug   :  ---------------------------------------
Debug   :  CPU TOTAL    6.76928E+00 sec 
Debug   :  ---------------------------------------
Debug   :  iter   1 minL    0.543/   0.700 maxL    1.361/   1.400 -- Small/Large/Total (    48/     0/  1494):      0 splits,      0 swaps,      0 collapses,     73 moves
Debug   :  ---------------------------------------
Debug   :  CPU Report 
Debug   :  ---------------------------------------
Debug   :  CPU SWAP     6.10000E-04 sec (  0 %)
Debug   :  CPU SPLIT    1.26381E-01 sec ( 14 %) 
Debug   :  CPU COLLAPS  6.29550E-02 sec (  7 %) 
Debug   :  CPU SMOOTH   6.90078E-01 sec ( 78 %) 
Debug   :  ---------------------------------------
Debug   :  CPU TOTAL    8.80024E-01 sec 
Debug   :  ---------------------------------------
Debug   : Type 23 964 triangles generated, 435 internal nodes
Info    : Meshing surface 9 (Parametric surface, MeshAdapt)
Debug   : Recovering 4 model edges
Debug   : Recovering 228 mesh edges (0 not recovered)
Debug   : Boundary edges recovered for surface 9
Debug   : Computing mesh size field at mesh nodes 228
Debug   : Delaunizing the initial mesh
Debug   : Starting to add internal nodes
Debug   :  iter   1 minL    0.260/   0.700 maxL    2.558/   1.400 -- Small/Large/Total (    96/   390/  2643):    897 splits,    656 swaps,    167 collapses,   2389 moves
Debug   :  iter   2 minL    0.438/   0.700 maxL    1.560/   1.400 -- Small/Large/Total (   122/    12/  3339):    453 splits,    210 swaps,    221 collapses,   2259 moves
Debug   :  iter   3 minL    0.562/   0.700 maxL    1.463/   1.400 -- Small/Large/Total (    86/     3/  3318):     15 splits,     13 swaps,     22 collapses,    565 moves
Debug   :  iter   4 minL    0.582/   0.700 maxL    1.437/   1.400 -- Small/Large/Total (    81/     2/  3321):      3 splits,      6 swaps,      2 collapses,    174 moves
Debug   :  iter   5 minL    0.582/   0.700 maxL    1.380/   1.400 -- Small/Large/Total (    79/     0/  3321):      2 splits,      1 swaps,      2 collapses,     77 moves
Debug   :  iter   6 minL    0.582/   0.700 maxL    1.446/   1.400 -- Small/Large/Total (    78/     2/  3321):      0 splits,      0 swaps,      0 collapses,     55 moves
Debug   :  ---------------------------------------
Debug   :  CPU Report 
Debug   :  ---------------------------------------
Debug   :  CPU SWAP     9.42500E-03 sec (  0 %)
Debug   :  CPU SPLIT    6.90682E-01 sec (  5 %) 
Debug   :  CPU COLLAPS  1.21851E+00 sec (  9 %) 
Debug   :  CPU SMOOTH   1.18549E+01 sec ( 86 %) 
Debug   :  ---------------------------------------
Debug   :  CPU TOTAL    1.37735E+01 sec 
Debug   :  ---------------------------------------
Debug   :  iter   1 minL    0.582/   0.700 maxL    1.446/   1.400 -- Small/Large/Total (    80/     1/  3324):      2 splits,      0 swaps,      1 collapses,     26 moves
Debug   :  iter   2 minL    0.582/   0.700 maxL    1.446/   1.400 -- Small/Large/Total (    80/     1/  3324):      1 splits,      0 swaps,      1 collapses,     26 moves
Debug   :  iter   3 minL    0.582/   0.700 maxL    1.446/   1.400 -- Small/Large/Total (    80/     1/  3324):      1 splits,      0 swaps,      1 collapses,     26 moves
Debug   :  iter   4 minL    0.582/   0.700 maxL    1.446/   1.400 -- Small/Large/Total (    80/     1/  3324):      1 splits,      0 swaps,      1 collapses,     26 moves
Debug   :  iter   5 minL    0.582/   0.700 maxL    1.446/   1.400 -- Small/Large/Total (    80/     1/  3324):      1 splits,      0 swaps,      1 collapses,     22 moves
Debug   :  iter   6 minL    0.582/   0.700 maxL    1.446/   1.400 -- Small/Large/Total (    80/     1/  3324):      1 splits,      0 swaps,      1 collapses,     22 moves
Debug   :  iter   7 minL    0.582/   0.700 maxL    1.446/   1.400 -- Small/Large/Total (    80/     1/  3324):      1 splits,      0 swaps,      1 collapses,     22 moves
Debug   :  iter   8 minL    0.582/   0.700 maxL    1.446/   1.400 -- Small/Large/Total (    80/     1/  3324):      1 splits,      0 swaps,      1 collapses,     22 moves
Debug   :  iter   9 minL    0.582/   0.700 maxL    1.446/   1.400 -- Small/Large/Total (    80/     1/  3324):      1 splits,      0 swaps,      1 collapses,     15 moves
Debug   :  iter  10 minL    0.582/   0.700 maxL    1.446/   1.400 -- Small/Large/Total (    80/     1/  3324):      1 splits,      0 swaps,      1 collapses,     14 moves
Debug   :  iter  11 minL    0.582/   0.700 maxL    1.446/   1.400 -- Small/Large/Total (    80/     1/  3324):      1 splits,      0 swaps,      1 collapses,     14 moves
Debug   :  ---------------------------------------
Debug   :  CPU Report 
Debug   :  ---------------------------------------
Debug   :  CPU SWAP     1.68150E-02 sec (  0 %)
Debug   :  CPU SPLIT    1.67005E+00 sec (  9 %) 
Debug   :  CPU COLLAPS  1.66513E+00 sec (  9 %) 
Debug   :  CPU SMOOTH   1.48788E+01 sec ( 82 %) 
Debug   :  ---------------------------------------
Debug   :  CPU TOTAL    1.82308E+01 sec 
Debug   :  ---------------------------------------
Debug   : Type 23 2140 triangles generated, 957 internal nodes
Info    : Meshing surface 10 (Parametric surface, MeshAdapt)
Debug   : Recovering 4 model edges
Debug   : Recovering 68 mesh edges (0 not recovered)
Debug   : Boundary edges recovered for surface 10
Debug   : Computing mesh size field at mesh nodes 68
Debug   : Delaunizing the initial mesh
Debug   : Starting to add internal nodes
Debug   :  iter   1 minL    0.306/   0.700 maxL    4.443/   1.400 -- Small/Large/Total (    51/   117/   649):    225 splits,    241 swaps,     53 collapses,    621 moves
Debug   :  iter   2 minL    0.428/   0.700 maxL    2.568/   1.400 -- Small/Large/Total (    60/    10/   832):    129 splits,     57 swaps,     68 collapses,    650 moves
Debug   :  iter   3 minL    0.474/   0.700 maxL    1.430/   1.400 -- Small/Large/Total (    27/     1/   811):     14 splits,     10 swaps,     21 collapses,    238 moves
Debug   :  iter   4 minL    0.474/   0.700 maxL    1.460/   1.400 -- Small/Large/Total (    22/     1/   811):      2 splits,      1 swaps,      2 collapses,    117 moves
Debug   :  iter   5 minL    0.474/   0.700 maxL    1.350/   1.400 -- Small/Large/Total (    24/     0/   817):      2 splits,      2 swaps,      0 collapses,     88 moves
Debug   :  iter   6 minL    0.474/   0.700 maxL    1.350/   1.400 -- Small/Large/Total (    25/     0/   817):      0 splits,      0 swaps,      0 collapses,     37 moves
Debug   :  ---------------------------------------
Debug   :  CPU Report 
Debug   :  ---------------------------------------
Debug   :  CPU SWAP     2.41100E-03 sec (  0 %)
Debug   :  CPU SPLIT    1.71592E-01 sec (  5 %) 
Debug   :  CPU COLLAPS  3.53073E-01 sec (  9 %) 
Debug   :  CPU SMOOTH   3.23277E+00 sec ( 86 %) 
Debug   :  ---------------------------------------
Debug   :  CPU TOTAL    3.75985E+00 sec 
Debug   :  ---------------------------------------
Debug   :  iter   1 minL    0.474/   0.700 maxL    1.350/   1.400 -- Small/Large/Total (    25/     0/   817):      0 splits,      0 swaps,      0 collapses,     17 moves
Debug   :  ---------------------------------------
Debug   :  CPU Report 
Debug   :  ---------------------------------------
Debug   :  CPU SWAP     3.32000E-04 sec (  0 %)
Debug   :  CPU SPLIT    6.26270E-02 sec ( 14 %) 
Debug   :  CPU COLLAPS  3.12660E-02 sec (  7 %) 
Debug   :  CPU SMOOTH   3.60503E-01 sec ( 79 %) 
Debug   :  ---------------------------------------
Debug   :  CPU TOTAL    4.54728E-01 sec 
Debug   :  ---------------------------------------
Debug   : Type 23 522 triangles generated, 228 internal nodes
Info    : Meshing surface 11 (Parametric surface, MeshAdapt)
Debug   : Recovering 4 model edges
Debug   : Recovering 229 mesh edges (0 not recovered)
Debug   : Boundary edges recovered for surface 11
Debug   : Computing mesh size field at mesh nodes 229
Debug   : Delaunizing the initial mesh
Debug   : Starting to add internal nodes
Debug   :  iter   1 minL    0.366/   0.700 maxL    2.324/   1.400 -- Small/Large/Total (   102/   370/  2645):    895 splits,    650 swaps,    165 collapses,   2428 moves
Debug   :  iter   2 minL    0.413/   0.700 maxL    1.628/   1.400 -- Small/Large/Total (   110/     7/  3356):    420 splits,    196 swaps,    183 collapses,   2292 moves
Debug   :  iter   3 minL    0.413/   0.700 maxL    1.431/   1.400 -- Small/Large/Total (    82/     2/  3344):     10 splits,     16 swaps,     14 collapses,    492 moves
Debug   :  iter   4 minL    0.413/   0.700 maxL    1.442/   1.400 -- Small/Large/Total (    81/     2/  3344):      5 splits,      5 swaps,      5 collapses,    150 moves
Debug   :  iter   5 minL    0.413/   0.700 maxL    1.425/   1.400 -- Small/Large/Total (    77/     1/  3341):      2 splits,      3 swaps,      3 collapses,     86 moves
Debug   :  iter   6 minL    0.413/   0.700 maxL    1.462/   1.400 -- Small/Large/Total (    76/     3/  3341):      1 splits,      1 swaps,      1 collapses,     53 moves
Debug   :  iter   7 minL    0.413/   0.700 maxL    1.392/   1.400 -- Small/Large/Total (    77/     0/  3341):      3 splits,      0 swaps,      3 collapses,     42 moves
Debug   :  iter   8 minL    0.413/   0.700 maxL    1.392/   1.400 -- Small/Large/Total (    77/     0/  3341):      0 splits,      0 swaps,      0 collapses,     32 moves
Debug   :  ---------------------------------------
Debug   :  CPU Report 
Debug   :  ---------------------------------------
Debug   :  CPU SWAP     1.22480E-02 sec (  0 %)
Debug   :  CPU SPLIT    9.50099E-01 sec (  5 %) 
Debug   :  CPU COLLAPS  1.50805E+00 sec (  9 %) 
Debug   :  CPU SMOOTH   1.51995E+01 sec ( 86 %) 
Debug   :  ---------------------------------------
Debug   :  CPU TOTAL    1.76699E+01 sec 
Debug   :  ---------------------------------------
Debug   :  iter   1 minL    0.413/   0.700 maxL    1.392/   1.400 -- Small/Large/Total (    77/     0/  3341):      0 splits,      0 swaps,      0 collapses,     32 moves
Debug   :  ---------------------------------------
Debug   :  CPU Report 
Debug   :  ---------------------------------------
Debug   :  CPU SWAP     1.39600E-03 sec (  0 %)
Debug   :  CPU SPLIT    2.55357E-01 sec ( 15 %) 
Debug   :  CPU COLLAPS  1.28756E-01 sec (  8 %) 
Debug   :  CPU SMOOTH   1.30345E+00 sec ( 77 %) 
Debug   :  ---------------------------------------
Debug   :  CPU TOTAL    1.68896E+00 sec 
Debug   :  ---------------------------------------
Debug   : Type 23 2151 triangles generated, 962 internal nodes
Info    : Meshing surface 12 (Parametric surface, MeshAdapt)
Debug   : Recovering 4 model edges
Debug   : Recovering 67 mesh edges (0 not recovered)
Debug   : Boundary edges recovered for surface 12
Debug   : Computing mesh size field at mesh nodes 67
Debug   : Delaunizing the initial mesh
Debug   : Starting to add internal nodes
Debug   :  iter   1 minL    0.370/   0.700 maxL    4.131/   1.400 -- Small/Large/Total (    49/    93/   632):    220 splits,    232 swaps,     53 collapses,    583 moves
Debug   :  iter   2 minL    0.409/   0.700 maxL    2.354/   1.400 -- Small/Large/Total (    55/     8/   767):    105 splits,     45 swaps,     60 collapses,    549 moves
Debug   :  iter   3 minL    0.515/   0.700 maxL    1.483/   1.400 -- Small/Large/Total (    36/     1/   752):      9 splits,      9 swaps,     14 collapses,    220 moves
Debug   :  iter   4 minL    0.515/   0.700 maxL    1.356/   1.400 -- Small/Large/Total (    34/     0/   752):      1 splits,      1 swaps,      1 collapses,     72 moves
Debug   :  iter   5 minL    0.515/   0.700 maxL    1.356/   1.400 -- Small/Large/Total (    34/     0/   752):      0 splits,      0 swaps,      0 collapses,     43 moves
Debug   :  ---------------------------------------
Debug   :  CPU Report 
Debug   :  ---------------------------------------
Debug   :  CPU SWAP     1.92800E-03 sec (  0 %)
Debug   :  CPU SPLIT    1.29810E-01 sec (  4 %) 
Debug   :  CPU COLLAPS  2.85166E-01 sec ( 10 %) 
Debug   :  CPU SMOOTH   2.55032E+00 sec ( 86 %) 
Debug   :  ---------------------------------------
Debug   :  CPU TOTAL    2.96722E+00 sec 
Debug   :  ---------------------------------------
Debug   :  iter   1 minL    0.515/   0.700 maxL    1.356/   1.400 -- Small/Large/Total (    34/     0/   752):      0 splits,      0 swaps,      0 collapses,     28 moves
Debug   :  ---------------------------------------
Debug   :  CPU Report 
Debug   :  ---------------------------------------
Debug   :  CPU SWAP     3.04000E-04 sec (  0 %)
Debug   :  CPU SPLIT    5.68170E-02 sec ( 13 %) 
Debug   :  CPU COLLAPS  2.85550E-02 sec (  7 %) 
Debug   :  CPU SMOOTH   3.47271E-01 sec ( 80 %) 
Debug   :  ---------------------------------------
Debug   :  CPU TOTAL    4.32947E-01 sec 
Debug   :  ---------------------------------------
Debug   : Type 23 479 triangles generated, 207 internal nodes
Info    : Meshing surface 13 (Parametric surface, MeshAdapt)
Debug   : Recovering 4 model edges
Debug   : Recovering 150 mesh edges (0 not recovered)
Debug   : Boundary edges recovered for surface 13
Debug   : Computing mesh size field at mesh nodes 150
Debug   : Delaunizing the initial mesh
Debug   : Starting to add internal nodes
Debug   :  iter   1 minL    0.233/   0.700 maxL    4.363/   1.400 -- Small/Large/Total (   165/   365/  1509):    547 splits,    963 swaps,    143 collapses,   1543 moves
Debug   :  iter   2 minL    0.425/   0.700 maxL    1.859/   1.400 -- Small/Large/Total (    87/    51/  2064):    396 splits,    303 swaps,    211 collapses,   1797 moves
Debug   :  iter   3 minL    0.425/   0.700 maxL    1.413/   1.400 -- Small/Large/Total (    77/     2/  2190):     67 splits,     33 swaps,     25 collapses,    674 moves
Debug   :  iter   4 minL    0.425/   0.700 maxL    1.398/   1.400 -- Small/Large/Total (    72/     0/  2193):      2 splits,      5 swaps,      1 collapses,    259 moves
Debug   :  iter   5 minL    0.425/   0.700 maxL    1.398/   1.400 -- Small/Large/Total (    74/     0/  2193):      0 splits,      0 swaps,      0 collapses,    177 moves
Debug   :  ---------------------------------------
Debug   :  CPU Report 
Debug   :  ---------------------------------------
Debug   :  CPU SWAP     5.33100E-03 sec (  0 %)
Debug   :  CPU SPLIT    3.84746E-01 sec (  5 %) 
Debug   :  CPU COLLAPS  8.79492E-01 sec ( 11 %) 
Debug   :  CPU SMOOTH   6.66873E+00 sec ( 84 %) 
Debug   :  ---------------------------------------
Debug   :  CPU TOTAL    7.93830E+00 sec 
Debug   :  ---------------------------------------
Debug   :  iter   1 minL    0.425/   0.700 maxL    1.398/   1.400 -- Small/Large/Total (    74/     0/  2193):      0 splits,      0 swaps,      0 collapses,    137 moves
Debug   :  ---------------------------------------
Debug   :  CPU Report 
Debug   :  ---------------------------------------
Debug   :  CPU SWAP     9.00000E-04 sec (  0 %)
Debug   :  CPU SPLIT    1.81377E-01 sec ( 17 %) 
Debug   :  CPU COLLAPS  9.07810E-02 sec (  9 %) 
Debug   :  CPU SMOOTH   7.91368E-01 sec ( 74 %) 
Debug   :  ---------------------------------------
Debug   :  CPU TOTAL    1.06443E+00 sec 
Debug   :  ---------------------------------------
Debug   : Type 23 1412 triangles generated, 632 internal nodes
Info    : Meshing surface 14 (Parametric surface, MeshAdapt)
Debug   : Recovering 4 model edges
Debug   : Recovering 89 mesh edges (0 not recovered)
Debug   : Boundary edges recovered for surface 14
Debug   : Computing mesh size field at mesh nodes 89
Debug   : Delaunizing the initial mesh
Debug   : Starting to add internal nodes
Debug   :  iter   1 minL    0.230/   0.700 maxL    4.338/   1.400 -- Small/Large/Total (    68/   233/   889):    305 splits,    334 swaps,     67 collapses,    829 moves
Debug   :  iter   2 minL    0.397/   0.700 maxL    1.874/   1.400 -- Small/Large/Total (    78/    43/  1234):    248 splits,    167 swaps,    133 collapses,   1109 moves
Debug   :  iter   3 minL    0.463/   0.700 maxL    1.365/   1.400 -- Small/Large/Total (    33/     0/  1297):     57 splits,     26 swaps,     36 collapses,    564 moves
Debug   :  iter   4 minL    0.463/   0.700 maxL    1.365/   1.400 -- Small/Large/Total (    31/     0/  1291):      0 splits,      0 swaps,      2 collapses,    151 moves
Debug   :  iter   5 minL    0.463/   0.700 maxL    1.365/   1.400 -- Small/Large/Total (    31/     0/  1291):      0 splits,      0 swaps,      0 collapses,     87 moves
Debug   :  ---------------------------------------
Debug   :  CPU Report 
Debug   :  ---------------------------------------
Debug   :  CPU SWAP     3.26900E-03 sec (  0 %)
Debug   :  CPU SPLIT    2.24907E-01 sec (  5 %) 
Debug   :  CPU COLLAPS  5.06484E-01 sec ( 12 %) 
Debug   :  CPU SMOOTH   3.64384E+00 sec ( 83 %) 
Debug   :  ---------------------------------------
Debug   :  CPU TOTAL    4.37850E+00 sec 
Debug   :  ---------------------------------------
Debug   :  iter   1 minL    0.463/   0.700 maxL    1.365/   1.400 -- Small/Large/Total (    31/     0/  1291):      0 splits,      0 swaps,      0 collapses,     58 moves
Debug   :  ---------------------------------------
Debug   :  CPU Report 
Debug   :  ---------------------------------------
Debug   :  CPU SWAP     5.30000E-04 sec (  0 %)
Debug   :  CPU SPLIT    1.06324E-01 sec ( 16 %) 
Debug   :  CPU COLLAPS  5.37510E-02 sec (  8 %) 
Debug   :  CPU SMOOTH   4.83959E-01 sec ( 75 %) 
Debug   :  ---------------------------------------
Debug   :  CPU TOTAL    6.44564E-01 sec 
Debug   :  ---------------------------------------
Debug   : Type 23 831 triangles generated, 372 internal nodes
Info    : Meshing surface 15 (Parametric surface, MeshAdapt)
Debug   : Recovering 4 model edges
Debug   : Recovering 225 mesh edges (0 not recovered)
Debug   : Boundary edges recovered for surface 15
Debug   : Computing mesh size field at mesh nodes 225
Debug   : Delaunizing the initial mesh
Debug   : Starting to add internal nodes
Debug   :  iter   1 minL    0.419/   0.700 maxL    2.602/   1.400 -- Small/Large/Total (   170/   427/  2661):    879 splits,    652 swaps,    141 collapses,   2256 moves
Debug   :  iter   2 minL    0.444/   0.700 maxL    1.645/   1.400 -- Small/Large/Total (   125/    16/  3306):    474 splits,    218 swaps,    259 collapses,   2402 moves
Debug   :  iter   3 minL    0.534/   0.700 maxL    1.589/   1.400 -- Small/Large/Total (    84/     7/  3297):     20 splits,     25 swaps,     23 collapses,    665 moves
Debug   :  iter   4 minL    0.534/   0.700 maxL    1.411/   1.400 -- Small/Large/Total (    71/     1/  3291):      8 splits,      7 swaps,     10 collapses,    250 moves
Debug   :  iter   5 minL    0.534/   0.700 maxL    1.461/   1.400 -- Small/Large/Total (    72/     1/  3285):      1 splits,      0 swaps,      3 collapses,    131 moves
Debug   :  iter   6 minL    0.534/   0.700 maxL    1.429/   1.400 -- Small/Large/Total (    72/     1/  3285):      1 splits,      2 swaps,      1 collapses,     69 moves
Debug   :  iter   7 minL    0.534/   0.700 maxL    1.388/   1.400 -- Small/Large/Total (    70/     0/  3285):      1 splits,      1 swaps,      1 collapses,     56 moves
Debug   :  iter   8 minL    0.534/   0.700 maxL    1.388/   1.400 -- Small/Large/Total (    70/     0/  3285):      0 splits,      0 swaps,      0 collapses,     29 moves
Debug   :  ---------------------------------------
Debug   :  CPU Report 
Debug   :  ---------------------------------------
Debug   :  CPU SWAP     1.23700E-02 sec (  0 %)
Debug   :  CPU SPLIT    1.04282E+00 sec (  6 %) 
Debug   :  CPU COLLAPS  1.74878E+00 sec (  9 %) 
Debug   :  CPU SMOOTH   1.59529E+01 sec ( 85 %) 
Debug   :  ---------------------------------------
Debug   :  CPU TOTAL    1.87569E+01 sec 
Debug   :  ---------------------------------------
Debug   :  iter   1 minL    0.534/   0.700 maxL    1.388/   1.400 -- Small/Large/Total (    70/     0/  3285):      0 splits,      0 swaps,      0 collapses,     26 moves
Debug   :  ---------------------------------------
Debug   :  CPU Report 
Debug   :  ---------------------------------------
Debug   :  CPU SWAP     1.41200E-03 sec (  0 %)
Debug   :  CPU SPLIT    2.83530E-01 sec ( 16 %) 
Debug   :  CPU COLLAPS  1.40677E-01 sec (  8 %) 
Debug   :  CPU SMOOTH   1.37702E+00 sec ( 76 %) 
Debug   :  ---------------------------------------
Debug   :  CPU TOTAL    1.80263E+00 sec 
Debug   :  ---------------------------------------
Debug   : Type 23 2115 triangles generated, 946 internal nodes
Info    : Meshing surface 16 (Parametric surface, MeshAdapt)
Debug   : Recovering 4 model edges
Debug   : Recovering 70 mesh edges (0 not recovered)
Debug   : Boundary edges recovered for surface 16
Debug   : Computing mesh size field at mesh nodes 70
Debug   : Delaunizing the initial mesh
Debug   : Starting to add internal nodes
Debug   :  iter   1 minL    0.409/   0.700 maxL    3.743/   1.400 -- Small/Large/Total (    70/    91/   698):    238 splits,    233 swaps,     51 collapses,    677 moves
Debug   :  iter   2 minL    0.458/   0.700 maxL    1.394/   1.400 -- Small/Large/Total (    40/     0/   827):    108 splits,     65 swaps,     65 collapses,    622 moves
Debug   :  iter   3 minL    0.458/   0.700 maxL    1.394/   1.400 -- Small/Large/Total (    36/     0/   821):      3 splits,      1 swaps,      5 collapses,    150 moves
Debug   :  iter   4 minL    0.458/   0.700 maxL    1.394/   1.400 -- Small/Large/Total (    33/     0/   818):      0 splits,      0 swaps,      1 collapses,     54 moves
Debug   :  iter   5 minL    0.458/   0.700 maxL    1.394/   1.400 -- Small/Large/Total (    33/     0/   818):      0 splits,      0 swaps,      0 collapses,     40 moves
Debug   :  ---------------------------------------
Debug   :  CPU Report 
Debug   :  ---------------------------------------
Debug   :  CPU SWAP     2.05500E-03 sec (  0 %)
Debug   :  CPU SPLIT    1.55388E-01 sec (  3 %) 
Debug   :  CPU COLLAPS  3.30368E-01 sec (  7 %) 
Debug   :  CPU SMOOTH   4.57485E+00 sec ( 90 %) 
Debug   :  ---------------------------------------
Debug   :  CPU TOTAL    5.06266E+00 sec 
Debug   :  ---------------------------------------
Debug   :  iter   1 minL    0.458/   0.700 maxL    1.394/   1.400 -- Small/Large/Total (    33/     0/   818):      0 splits,      0 swaps,      0 collapses,     33 moves
Debug   :  ---------------------------------------
Debug   :  CPU Report 
Debug   :  ---------------------------------------
Debug   :  CPU SWAP     3.30000E-04 sec (  0 %)
Debug   :  CPU SPLIT    6.83050E-02 sec (  9 %) 
Debug   :  CPU COLLAPS  3.43240E-02 sec (  5 %) 
Debug   :  CPU SMOOTH   6.41424E-01 sec ( 86 %) 
Debug   :  ---------------------------------------
Debug   :  CPU TOTAL    7.44383E-01 sec 
Debug   :  ---------------------------------------
Debug   : Type 23 522 triangles generated, 227 internal nodes
Info    : Meshing surface 17 (Parametric surface, MeshAdapt)
Debug   : Recovering 4 model edges
Debug   : Recovering 224 mesh edges (0 not recovered)
Debug   : Boundary edges recovered for surface 17
Debug   : Computing mesh size field at mesh nodes 224
Debug   : Delaunizing the initial mesh
Debug   : Starting to add internal nodes
Debug   :  iter   1 minL    0.482/   0.700 maxL    2.679/   1.400 -- Small/Large/Total (   128/   416/  2653):    877 splits,    655 swaps,    141 collapses,   2371 moves
Debug   :  iter   2 minL    0.561/   0.700 maxL    1.808/   1.400 -- Small/Large/Total (   127/    19/  3346):    463 splits,    228 swaps,    232 collapses,   2442 moves
Debug   :  iter   3 minL    0.538/   0.700 maxL    1.440/   1.400 -- Small/Large/Total (    68/     3/  3325):     24 splits,     21 swaps,     31 collapses,    670 moves
Debug   :  iter   4 minL    0.472/   0.700 maxL    1.539/   1.400 -- Small/Large/Total (    66/     2/  3328):      4 splits,      7 swaps,      3 collapses,    240 moves
Debug   :  iter   5 minL    0.472/   0.700 maxL    1.391/   1.400 -- Small/Large/Total (    67/     0/  3334):      2 splits,      1 swaps,      0 collapses,     90 moves
Debug   :  iter   6 minL    0.472/   0.700 maxL    1.391/   1.400 -- Small/Large/Total (    66/     0/  3334):      0 splits,      0 swaps,      0 collapses,     38 moves
Debug   :  ---------------------------------------
Debug   :  CPU Report 
Debug   :  ---------------------------------------
Debug   :  CPU SWAP     9.69400E-03 sec (  0 %)
Debug   :  CPU SPLIT    7.66684E-01 sec (  5 %) 
Debug   :  CPU COLLAPS  1.35841E+00 sec (  9 %) 
Debug   :  CPU SMOOTH   1.35373E+01 sec ( 86 %) 
Debug   :  ---------------------------------------
Debug   :  CPU TOTAL    1.56721E+01 sec 
Debug   :  ---------------------------------------
Debug   :  iter   1 minL    0.472/   0.700 maxL    1.391/   1.400 -- Small/Large/Total (    66/     0/  3334):      0 splits,      0 swaps,      0 collapses,     30 moves
Debug   :  ---------------------------------------
Debug   :  CPU Report 
Debug   :  ---------------------------------------
Debug   :  CPU SWAP     1.42500E-03 sec (  0 %)
Debug   :  CPU SPLIT    2.84456E-01 sec ( 17 %) 
Debug   :  CPU COLLAPS  1.43256E-01 sec (  8 %) 
Debug   :  CPU SMOOTH   1.26928E+00 sec ( 75 %) 
Debug   :  ---------------------------------------
Debug   :  CPU TOTAL    1.69841E+00 sec 
Debug   :  ---------------------------------------
Debug   : Type 23 2148 triangles generated, 963 internal nodes
Info    : Meshing surface 18 (Parametric surface, MeshAdapt)
Debug   : Recovering 4 model edges
Debug   : Recovering 71 mesh edges (0 not recovered)
Debug   : Boundary edges recovered for surface 18
Debug   : Computing mesh size field at mesh nodes 71
Debug   : Delaunizing the initial mesh
Debug   : Starting to add internal nodes
Debug   :  iter   1 minL    0.407/   0.700 maxL    3.069/   1.400 -- Small/Large/Total (    44/    83/   658):    238 splits,    237 swaps,     65 collapses,    637 moves
Debug   :  iter   2 minL    0.549/   0.700 maxL    1.501/   1.400 -- Small/Large/Total (    45/     3/   814):     95 splits,     56 swaps,     43 collapses,    559 moves
Debug   :  iter   3 minL    0.556/   0.700 maxL    1.437/   1.400 -- Small/Large/Total (    37/     1/   823):      7 splits,      6 swaps,      4 collapses,    200 moves
Debug   :  iter   4 minL    0.556/   0.700 maxL    1.376/   1.400 -- Small/Large/Total (    35/     0/   826):      2 splits,      1 swaps,      1 collapses,    116 moves
Debug   :  iter   5 minL    0.556/   0.700 maxL    1.376/   1.400 -- Small/Large/Total (    36/     0/   829):      1 splits,      0 swaps,      0 collapses,     70 moves
Debug   :  iter   6 minL    0.556/   0.700 maxL    1.376/   1.400 -- Small/Large/Total (    36/     0/   829):      0 splits,      0 swaps,      0 collapses,     52 moves
Debug   :  ---------------------------------------
Debug   :  CPU Report 
Debug   :  ---------------------------------------
Debug   :  CPU SWAP     2.37300E-03 sec (  0 %)
Debug   :  CPU SPLIT    1.91446E-01 sec (  4 %) 
Debug   :  CPU COLLAPS  3.82836E-01 sec (  8 %) 
Debug   :  CPU SMOOTH   4.38279E+00 sec ( 88 %) 
Debug   :  ---------------------------------------
Debug   :  CPU TOTAL    4.95944E+00 sec 
Debug   :  ---------------------------------------
Debug   :  iter   1 minL    0.556/   0.700 maxL    1.376/   1.400 -- Small/Large/Total (    36/     0/   829):      0 splits,      0 swaps,      0 collapses,     27 moves
Debug   :  ---------------------------------------
Debug   :  CPU Report 
Debug   :  ---------------------------------------
Debug   :  CPU SWAP     3.35000E-04 sec (  0 %)
Debug   :  CPU SPLIT    7.05800E-02 sec ( 10 %) 
Debug   :  CPU COLLAPS  3.53480E-02 sec (  5 %) 
Debug   :  CPU SMOOTH   6.28112E-01 sec ( 86 %) 
Debug   :  ---------------------------------------
Debug   :  CPU TOTAL    7.34375E-01 sec 
Debug   :  ---------------------------------------
Debug   : Type 23 529 triangles generated, 230 internal nodes
Info    : Meshing surface 19 (Parametric surface, MeshAdapt)
Debug   : Recovering 6 model edges
Debug   : Recovering 66 mesh edges (0 not recovered)
Debug   : Boundary edges recovered for surface 19
Debug   : Computing mesh size field at mesh nodes 66
Debug   : Delaunizing the initial mesh
Debug   : Starting to add internal nodes
Debug   :  iter   1 minL    0.488/   0.700 maxL    1.282/   1.400 -- Small/Large/Total (    22/     0/   186):     42 splits,     22 swaps,     23 collapses,    102 moves
Debug   :  iter   2 minL    0.488/   0.700 maxL    1.282/   1.400 -- Small/Large/Total (    21/     0/   186):      0 splits,      0 swaps,      0 collapses,      3 moves
Debug   :  ---------------------------------------
Debug   :  CPU Report 
Debug   :  ---------------------------------------
Debug   :  CPU SWAP     1.56000E-04 sec (  0 %)
Debug   :  CPU SPLIT    4.51400E-03 sec ( 13 %) 
Debug   :  CPU COLLAPS  7.84300E-03 sec ( 23 %) 
Debug   :  CPU SMOOTH   2.19750E-02 sec ( 64 %) 
Debug   :  ---------------------------------------
Debug   :  CPU TOTAL    3.44880E-02 sec 
Debug   :  ---------------------------------------
Debug   :  iter   1 minL    0.488/   0.700 maxL    1.282/   1.400 -- Small/Large/Total (    21/     0/   186):      0 splits,      0 swaps,      0 collapses,      0 moves
Debug   :  ---------------------------------------
Debug   :  CPU Report 
Debug   :  ---------------------------------------
Debug   :  CPU SWAP     4.70000E-05 sec (  0 %)
Debug   :  CPU SPLIT    2.85700E-03 sec ( 27 %) 
Debug   :  CPU COLLAPS  1.43200E-03 sec ( 14 %) 
Debug   :  CPU SMOOTH   6.06600E-03 sec ( 58 %) 
Debug   :  ---------------------------------------
Debug   :  CPU TOTAL    1.04020E-02 sec 
Debug   :  ---------------------------------------
Debug   : Type 23 102 triangles generated, 19 internal nodes
Info    : Tetrahedrizing 12832 nodes...
Info    : Done tetrahedrizing 12840 nodes (Wall 0.261846s, CPU 0.218375s)
Debug   : Points have been tetrahedralized
Info    : Reconstructing mesh...
Info    :  - Creating surface mesh
Info    :  - Identifying boundary edges
Debug   :   25660 (38490) subfaces (segments)
Info    :  - Recovering boundary
Debug   : Statistics:
Debug   :   Input points: 12840
Debug   :   Input facets: 19
Debug   :   Input segments: 0
Debug   :  Mesh points: 12840
Debug   :   Mesh tetrahedra: 53545
Debug   :   Mesh faces: 119920
Debug   :   Mesh faces on facets: 25660
Debug   :   Mesh edges on segments: 38490
Debug   : Writing to GRegion...
Info    : Done reconstructing mesh (Wall 0.558853s, CPU 0.491697s)
Debug   : start with a non classified tet
Debug   : Found 53545 tets with 19 faces (Wall 0.0479631s, CPU 0.047872s)
Info    : Found volume 1
Debug   : All 53545 tets were connected
Info    : It. 0 - 0 nodes created - worst tet radius 62.1765 (nodes removed 0 0)
Info    : It. 500 - 499 nodes created - worst tet radius 2.60674 (nodes removed 0 1)
Info    : It. 1000 - 998 nodes created - worst tet radius 2.12962 (nodes removed 0 2)
Info    : It. 1500 - 1498 nodes created - worst tet radius 1.8859 (nodes removed 0 2)
Info    : It. 2000 - 1997 nodes created - worst tet radius 1.72651 (nodes removed 0 3)
Info    : It. 2500 - 2497 nodes created - worst tet radius 1.62704 (nodes removed 0 3)
Info    : It. 3000 - 2997 nodes created - worst tet radius 1.53979 (nodes removed 0 3)
Info    : It. 3500 - 3497 nodes created - worst tet radius 1.47532 (nodes removed 0 3)
Info    : It. 4000 - 3997 nodes created - worst tet radius 1.41401 (nodes removed 0 3)
Info    : It. 4500 - 4496 nodes created - worst tet radius 1.36211 (nodes removed 0 4)
Info    : It. 5000 - 4996 nodes created - worst tet radius 1.31841 (nodes removed 0 4)
Info    : It. 5500 - 5496 nodes created - worst tet radius 1.28214 (nodes removed 0 4)
Info    : It. 6000 - 5996 nodes created - worst tet radius 1.24938 (nodes removed 0 4)
Info    : It. 6500 - 6496 nodes created - worst tet radius 1.21931 (nodes removed 0 4)
Info    : It. 7000 - 6996 nodes created - worst tet radius 1.19674 (nodes removed 0 4)
Info    : It. 7500 - 7496 nodes created - worst tet radius 1.17408 (nodes removed 0 4)
Info    : It. 8000 - 7996 nodes created - worst tet radius 1.15192 (nodes removed 0 4)
Info    : It. 8500 - 8496 nodes created - worst tet radius 1.16111 (nodes removed 0 4)
Info    : It. 9000 - 8996 nodes created - worst tet radius 1.112 (nodes removed 0 4)
Info    : It. 9500 - 9496 nodes created - worst tet radius 1.09348 (nodes removed 0 4)
Info    : It. 10000 - 9996 nodes created - worst tet radius 1.07809 (nodes removed 0 4)
Info    : It. 10500 - 10496 nodes created - worst tet radius 1.06235 (nodes removed 0 4)
Info    : It. 11000 - 10995 nodes created - worst tet radius 1.04628 (nodes removed 0 5)
Info    : It. 11500 - 11495 nodes created - worst tet radius 1.03238 (nodes removed 0 5)
Info    : It. 12000 - 11995 nodes created - worst tet radius 1.01971 (nodes removed 0 5)
Info    : It. 12500 - 12495 nodes created - worst tet radius 1.00667 (nodes removed 0 5)
Info    : 3D refinement terminated (25640 nodes total):
Info    :  - 5 Delaunay cavities modified for star shapeness
Info    :  - 5 nodes could not be inserted
Info    :  - 120091 tetrahedra created in 0.675867 sec. (177684 tets/s)
Info    : 0 node relocations
Info    : dtOptimizeMeshGRegion()() volume 1
Info    : dtOptimizeMeshGRegion()() volume 1 : Optimize gmsh
Info    : Optimizing volume 1
Info    : Optimization starts (volume = 2.0087) with worst = 0.00229033 / average = 0.755511:
Info    : 0.00 < quality < 0.10 :       287 elements
Info    : 0.10 < quality < 0.20 :       926 elements
Info    : 0.20 < quality < 0.30 :      1607 elements
Info    : 0.30 < quality < 0.40 :      2442 elements
Info    : 0.40 < quality < 0.50 :      3790 elements
Info    : 0.50 < quality < 0.60 :      7447 elements
Info    : 0.60 < quality < 0.70 :     16545 elements
Info    : 0.70 < quality < 0.80 :     30214 elements
Info    : 0.80 < quality < 0.90 :     38677 elements
Info    : 0.90 < quality < 1.00 :     18156 elements
Info    : 2779 edge swaps, 80 node relocations (volume = 2.0087): worst = 0.0294408 / average = 0.76937 (Wall 0.0542928s, CPU 0.054196s)
Info    : 2827 edge swaps, 84 node relocations (volume = 2.0087): worst = 0.107109 / average = 0.769551 (Wall 0.0666969s, CPU 0.066561s)
Info    : 2834 edge swaps, 84 node relocations (volume = 2.0087): worst = 0.186459 / average = 0.769571 (Wall 0.0782006s, CPU 0.078032s)
Info    : 2835 edge swaps, 84 node relocations (volume = 2.0087): worst = 0.186459 / average = 0.769577 (Wall 0.0895274s, CPU 0.08933s)
Info    : No ill-shaped tets in the mesh :-)
Info    : 0.00 < quality < 0.10 :         0 elements
Info    : 0.10 < quality < 0.20 :         1 elements
Info    : 0.20 < quality < 0.30 :         8 elements
Info    : 0.30 < quality < 0.40 :      2397 elements
Info    : 0.40 < quality < 0.50 :      3626 elements
Info    : 0.50 < quality < 0.60 :      7416 elements
Info    : 0.60 < quality < 0.70 :     16548 elements
Info    : 0.70 < quality < 0.80 :     30403 elements
Info    : 0.80 < quality < 0.90 :     39058 elements
Info    : 0.90 < quality < 1.00 :     18128 elements
Info    : dtOptimizeMeshGRegion()() volume 1 : Optimize netgen
Info    : Extract outter faces of tetrahedra
Info    : Optimizing volume 2
Info    : CalcLocalH: 25640 Points 117585 Elements 25660 Surface Elements 
Info    : Remove Illegal Elements 
Info    : 1524 illegal tets 
Info    : SplitImprove 
Info    : badmax = 40.0506 
Info    : 284 splits performed 
Info    : SwapImprove  
Info    : 257 swaps performed 
Info    : SwapImprove2  
Info    : 17 swaps performed 
Info    : 858 illegal tets 
Info    : SplitImprove 
Info    : badmax = 130.642 
Info    : 203 splits performed 
Info    : SwapImprove  
Info    : 86 swaps performed 
Info    : SwapImprove2  
Info    : 81 swaps performed 
Info    : 189 illegal tets 
Info    : SplitImprove 
Info    : badmax = 6093.7 
Info    : 69 splits performed 
Info    : SwapImprove  
Info    : 19 swaps performed 
Info    : SwapImprove2  
Info    : 23 swaps performed 
Info    : 19 illegal tets 
Info    : SplitImprove 
Info    : badmax = 789.831 
Info    : 6 splits performed 
Info    : SwapImprove  
Info    : 3 swaps performed 
Info    : SwapImprove2  
Info    : 0 swaps performed 
Info    : 6 illegal tets 
Info    : SplitImprove 
Info    : badmax = 789.831 
Info    : 2 splits performed 
Info    : SwapImprove  
Info    : 1 swaps performed 
Info    : SwapImprove2  
Info    : 0 swaps performed 
Info    : 0 illegal tets 
Info    : Volume Optimization 
Info    : CombineImprove 
Info    : 852 elements combined 
Info    : ImproveMesh 
Info    : Total badness = 168039 
Info    : Total badness = 160106 
Info    : SplitImprove 
Info    : badmax = 49.6903 
Info    : 7 splits performed 
Info    : ImproveMesh 
Info    : Total badness = 160147 
Info    : Total badness = 159091 
Info    : SwapImprove  
Info    : 6871 swaps performed 
Info    : SwapImprove2  
Info    : 0 swaps performed 
Info    : ImproveMesh 
Info    : Total badness = 147009 
Info    : Total badness = 143736 
Info    : CombineImprove 
Info    : 205 elements combined 
Info    : ImproveMesh 
Info    : Total badness = 141900 
Info    : Total badness = 141489 
Info    : SplitImprove 
Info    : badmax = 33.7672 
Info    : 0 splits performed 
Info    : ImproveMesh 
Info    : Total badness = 141489 
Info    : Total badness = 141413 
Info    : SwapImprove  
Info    : 1142 swaps performed 
Info    : SwapImprove2  
Info    : 0 swaps performed 
Info    : ImproveMesh 
Info    : Total badness = 140526 
Info    : Total badness = 139837 
Info    : CombineImprove 
Info    : 41 elements combined 
Info    : ImproveMesh 
Info    : Total badness = 139489 
Info    : Total badness = 139404 
Info    : SplitImprove 
Info    : badmax = 33.7672 
Info    : 0 splits performed 
Info    : ImproveMesh 
Info    : Total badness = 139404 
Info    : Total badness = 139383 
Info    : SwapImprove  
Info    : 383 swaps performed 
Info    : SwapImprove2  
Info    : 0 swaps performed 
Info    : ImproveMesh 
Info    : Total badness = 139173 
Info    : Total badness = 138928 
Info    : dtOptimizeMeshGRegion()() volume 1
Info    : dtOptimizeMeshGRegion()() volume 1 : Optimize gmsh
Info    : Optimizing volume 1
Info    : Optimization starts (volume = 2.0087) with worst = 0.19489 / average = 0.833748:
Info    : 0.00 < quality < 0.10 :         0 elements
Info    : 0.10 < quality < 0.20 :         1 elements
Info    : 0.20 < quality < 0.30 :        10 elements
Info    : 0.30 < quality < 0.40 :        96 elements
Info    : 0.40 < quality < 0.50 :       573 elements
Info    : 0.50 < quality < 0.60 :      2391 elements
Info    : 0.60 < quality < 0.70 :      8937 elements
Info    : 0.70 < quality < 0.80 :     22242 elements
Info    : 0.80 < quality < 0.90 :     42275 elements
Info    : 0.90 < quality < 1.00 :     32725 elements
Info    : 10 edge swaps, 0 node relocations (volume = 2.0087): worst = 0.208577 / average = 0.833752 (Wall 0.0192166s, CPU 0.019167s)
Info    : 12 edge swaps, 0 node relocations (volume = 2.0087): worst = 0.208577 / average = 0.83376 (Wall 0.0269677s, CPU 0.026898s)
Info    : No ill-shaped tets in the mesh :-)
Info    : 0.00 < quality < 0.10 :         0 elements
Info    : 0.10 < quality < 0.20 :         0 elements
Info    : 0.20 < quality < 0.30 :         2 elements
Info    : 0.30 < quality < 0.40 :       102 elements
Info    : 0.40 < quality < 0.50 :       573 elements
Info    : 0.50 < quality < 0.60 :      2392 elements
Info    : 0.60 < quality < 0.70 :      8938 elements
Info    : 0.70 < quality < 0.80 :     22242 elements
Info    : 0.80 < quality < 0.90 :     42275 elements
Info    : 0.90 < quality < 1.00 :     32723 elements
Info    : dtOptimizeMeshGRegion()() volume 1 : Optimize netgen
Info    : Extract outter faces of tetrahedra
Info    : Optimizing volume 2
Info    : CalcLocalH: 25113 Points 109248 Elements 25660 Surface Elements 
Info    : Remove Illegal Elements 
Info    : 8 illegal tets 
Info    : SplitImprove 
Info    : badmax = 33.7672 
Info    : 4 splits performed 
Info    : SwapImprove  
Info    : 0 swaps performed 
Info    : SwapImprove2  
Info    : 0 swaps performed 
Info    : 0 illegal tets 
Info    : Volume Optimization 
Info    : CombineImprove 
Info    : 18 elements combined 
Info    : ImproveMesh 
Info    : Total badness = 138810 
Info    : Total badness = 138747 
Info    : SplitImprove 
Info    : badmax = 33.7672 
Info    : 0 splits performed 
Info    : ImproveMesh 
Info    : Total badness = 138747 
Info    : Total badness = 138739 
Info    : SwapImprove  
Info    : 170 swaps performed 
Info    : SwapImprove2  
Info    : 0 swaps performed 
Info    : ImproveMesh 
Info    : Total badness = 138635 
Info    : Total badness = 138525 
Info    : CombineImprove 
Info    : 6 elements combined 
Info    : ImproveMesh 
Info    : Total badness = 138469 
Info    : Total badness = 138457 
Info    : SplitImprove 
Info    : badmax = 33.7672 
Info    : 0 splits performed 
Info    : ImproveMesh 
Info    : Total badness = 138457 
Info    : Total badness = 138454 
Info    : SwapImprove  
Info    : 87 swaps performed 
Info    : SwapImprove2  
Info    : 0 swaps performed 
Info    : ImproveMesh 
Info    : Total badness = 138399 
Info    : Total badness = 138345 
Info    : CombineImprove 
Info    : 1 elements combined 
Info    : ImproveMesh 
Info    : Total badness = 138337 
Info    : Total badness = 138333 
Info    : SplitImprove 
Info    : badmax = 33.7672 
Info    : 0 splits performed 
Info    : ImproveMesh 
Info    : Total badness = 138333 
Info    : Total badness = 138331 
Info    : SwapImprove  
Info    : 43 swaps performed 
Info    : SwapImprove2  
Info    : 0 swaps performed 
Info    : ImproveMesh 
Info    : Total badness = 138315 
Info    : Total badness = 138290 
Info    : dtOptimizeMeshGRegion()() volume 1
Info    : dtOptimizeMeshGRegion()() volume 1 : Optimize gmsh
Info    : Optimizing volume 1
Info    : Optimization starts (volume = 2.0087) with worst = 0.208577 / average = 0.835465:
Info    : 0.00 < quality < 0.10 :         0 elements
Info    : 0.10 < quality < 0.20 :         0 elements
Info    : 0.20 < quality < 0.30 :         4 elements
Info    : 0.30 < quality < 0.40 :        86 elements
Info    : 0.40 < quality < 0.50 :       531 elements
Info    : 0.50 < quality < 0.60 :      2201 elements
Info    : 0.60 < quality < 0.70 :      8681 elements
Info    : 0.70 < quality < 0.80 :     22073 elements
Info    : 0.80 < quality < 0.90 :     42443 elements
Info    : 0.90 < quality < 1.00 :     33063 elements
Info    : 3 edge swaps, 0 node relocations (volume = 2.0087): worst = 0.208577 / average = 0.835464 (Wall 0.017707s, CPU 0.017669s)
Info    : No ill-shaped tets in the mesh :-)
Info    : 0.00 < quality < 0.10 :         0 elements
Info    : 0.10 < quality < 0.20 :         0 elements
Info    : 0.20 < quality < 0.30 :         1 elements
Info    : 0.30 < quality < 0.40 :        88 elements
Info    : 0.40 < quality < 0.50 :       531 elements
Info    : 0.50 < quality < 0.60 :      2203 elements
Info    : 0.60 < quality < 0.70 :      8683 elements
Info    : 0.70 < quality < 0.80 :     22069 elements
Info    : 0.80 < quality < 0.90 :     42443 elements
Info    : 0.90 < quality < 1.00 :     33063 elements
Info    : dtOptimizeMeshGRegion()() volume 1 : Optimize netgen
Info    : Extract outter faces of tetrahedra
Info    : Optimizing volume 2
Info    : CalcLocalH: 25092 Points 109081 Elements 25660 Surface Elements 
Info    : Remove Illegal Elements 
Info    : 4 illegal tets 
Info    : SplitImprove 
Info    : badmax = 33.7672 
Info    : 2 splits performed 
Info    : SwapImprove  
Info    : 0 swaps performed 
Info    : SwapImprove2  
Info    : 0 swaps performed 
Info    : 0 illegal tets 
Info    : Volume Optimization 
Info    : CombineImprove 
Info    : 4 elements combined 
Info    : ImproveMesh 
Info    : Total badness = 138277 
Info    : Total badness = 138267 
Info    : SplitImprove 
Info    : badmax = 33.7672 
Info    : 0 splits performed 
Info    : ImproveMesh 
Info    : Total badness = 138267 
Info    : Total badness = 138266 
Info    : SwapImprove  
Info    : 33 swaps performed 
Info    : SwapImprove2  
Info    : 0 swaps performed 
Info    : ImproveMesh 
Info    : Total badness = 138255 
Info    : Total badness = 138232 
Info    : CombineImprove 
Info    : 1 elements combined 
Info    : ImproveMesh 
Info    : Total badness = 138225 
Info    : Total badness = 138223 
Info    : SplitImprove 
Info    : badmax = 33.7672 
Info    : 0 splits performed 
Info    : ImproveMesh 
Info    : Total badness = 138223 
Info    : Total badness = 138222 
Info    : SwapImprove  
Info    : 20 swaps performed 
Info    : SwapImprove2  
Info    : 0 swaps performed 
Info    : ImproveMesh 
Info    : Total badness = 138212 
Info    : Total badness = 138203 
Info    : CombineImprove 
Info    : 0 elements combined 
Info    : ImproveMesh 
Info    : Total badness = 138203 
Info    : Total badness = 138202 
Info    : SplitImprove 
Info    : badmax = 33.7672 
Info    : 0 splits performed 
Info    : ImproveMesh 
Info    : Total badness = 138202 
Info    : Total badness = 138202 
Info    : SwapImprove  
Info    : 7 swaps performed 
Info    : SwapImprove2  
Info    : 0 swaps performed 
Info    : ImproveMesh 
Info    : Total badness = 138201 
Info    : Total badness = 138198 
Info    : Meshing order 2 (curvilinear off)...
Info    : [  0%] Meshing curve 1 order 2
Info    : [ 10%] Meshing curve 2 order 2
Info    : [ 10%] Meshing curve 3 order 2
Info    : [ 10%] Meshing curve 4 order 2
Info    : [ 10%] Meshing curve 5 order 2
Info    : [ 10%] Meshing curve 6 order 2
Info    : [ 10%] Meshing curve 7 order 2
Info    : [ 20%] Meshing curve 8 order 2
Info    : [ 20%] Meshing curve 9 order 2
Info    : [ 20%] Meshing curve 10 order 2
Info    : [ 20%] Meshing curve 11 order 2
Info    : [ 20%] Meshing curve 12 order 2
Info    : [ 20%] Meshing curve 13 order 2
Info    : [ 30%] Meshing curve 14 order 2
Info    : [ 30%] Meshing curve 15 order 2
Info    : [ 30%] Meshing curve 16 order 2
Info    : [ 30%] Meshing curve 17 order 2
Info    : [ 30%] Meshing curve 18 order 2
Info    : [ 30%] Meshing curve 19 order 2
Info    : [ 40%] Meshing curve 20 order 2
Info    : [ 40%] Meshing curve 21 order 2
Info    : [ 40%] Meshing curve 22 order 2
Info    : [ 40%] Meshing curve 23 order 2
Info    : [ 40%] Meshing curve 24 order 2
Info    : [ 40%] Meshing curve 25 order 2
Info    : [ 50%] Meshing curve 26 order 2
Info    : [ 50%] Meshing curve 27 order 2
Info    : [ 50%] Meshing curve 28 order 2
Info    : [ 50%] Meshing curve 29 order 2
Info    : [ 50%] Meshing curve 30 order 2
Info    : [ 50%] Meshing curve 31 order 2
Info    : [ 60%] Meshing curve 32 order 2
Info    : [ 60%] Meshing curve 33 order 2
Info    : [ 60%] Meshing curve 34 order 2
Info    : [ 60%] Meshing curve 35 order 2
Info    : [ 60%] Meshing curve 36 order 2
Info    : [ 60%] Meshing curve 37 order 2
Info    : [ 60%] Meshing curve 38 order 2
Info    : [ 70%] Meshing curve 39 order 2
Info    : [ 70%] Meshing curve 40 order 2
Info    : [ 70%] Meshing curve 41 order 2
Info    : [ 70%] Meshing curve 42 order 2
Info    : [ 70%] Meshing surface 1 order 2
Info    : [ 70%] Meshing surface 2 order 2
Info    : [ 80%] Meshing surface 3 order 2
Info    : [ 80%] Meshing surface 4 order 2
Info    : [ 80%] Meshing surface 5 order 2
Info    : [ 80%] Meshing surface 6 order 2
Info    : [ 80%] Meshing surface 7 order 2
Info    : [ 80%] Meshing surface 8 order 2
Info    : [ 90%] Meshing surface 9 order 2
Info    : [ 90%] Meshing surface 10 order 2
Info    : [ 90%] Meshing surface 11 order 2
Info    : [ 90%] Meshing surface 12 order 2
Info    : [ 90%] Meshing surface 13 order 2
Info    : [ 90%] Meshing surface 14 order 2
Info    : [100%] Meshing surface 15 order 2
Info    : [100%] Meshing surface 16 order 2
Info    : [100%] Meshing surface 17 order 2
Info    : [100%] Meshing surface 18 order 2
Info    : [100%] Meshing surface 19 order 2
Info    : [100%] Meshing volume 1 order 2
Info    : Done meshing order 2 (Wall 0.644258s, CPU 0.643113s)
Debug   : Renumbering for potentially partial mesh save
[dtoo] mesh written: /repo/data/dataset/sobol/machine_0005/mesh.msh.part
[sampler] machine_0005 mesh OK
[dtoo] exporting machine_0006 2026-09-12T09:04:57+02:00
[sampler] draw skipped: all 64 machines carry params.json (export pass, scipy not needed here)
[sampler] exporting 1 meshes (dtOO, container only)
Warning : Gmsh has aleady been initialized
Warning : Gmsh has aleady been initialized
Warning : Gmsh has aleady been initialized
Warning : Gmsh has aleady been initialized
Warning : Gmsh has aleady been initialized
Warning : Gmsh has aleady been initialized
Warning : Gmsh has aleady been initialized
Warning : Gmsh has aleady been initialized
Warning : Gmsh has aleady been initialized
Warning : Gmsh has aleady been initialized
Warning : Gmsh has aleady been initialized
Warning : Gmsh has aleady been initialized
Warning : Gmsh has aleady been initialized
Warning : Gmsh has aleady been initialized
Warning : Gmsh has aleady been initialized
[dtoo] applied 30 parameter overrides
Warning : Gmsh has aleady been initialized
Warning : Gmsh has aleady been initialized
Warning : Gmsh has aleady been initialized
Warning : Gmsh has aleady been initialized
Warning : Gmsh has aleady been initialized
Warning : Gmsh has aleady been initialized
[dtoo] plugin ru_adjustDomain applied
[dtoo] makeGrid on ruWithRounding_mechMesh ...
Debug   : Decoded option name 'General' . 'ExpertMode' (index 0)
Debug   : Decoded option name 'Mesh' . 'LcIntegrationPrecision' (index 0)
Debug   : Decoded option name 'Mesh' . 'SecondOrderLinear' (index 0)
Debug   : Decoded option name 'Mesh' . 'Algorithm' (index 0)
Debug   : Decoded option name 'Mesh' . 'CharacteristicLengthMin' (index 0)
Debug   : Decoded option name 'Mesh' . 'CharacteristicLengthMax' (index 0)
Debug   : Decoded option name 'Mesh' . 'MeshSizeExtendFromBoundary' (index 0)
Debug   : Decoded option name 'Mesh' . 'MeshSizeFromPoints' (index 0)
Debug   : Decoded option name 'Mesh' . 'MeshSizeFromCurvature' (index 0)
Info    : Meshing vertex 1 ( dtGmshVertex )
Info    : Meshing vertex 2 ( dtGmshVertex )
Info    : Meshing vertex 3 ( dtGmshVertex )
Info    : Meshing vertex 4 ( dtGmshVertex )
Info    : Meshing vertex 5 ( dtGmshVertex )
Info    : Meshing vertex 6 ( dtGmshVertex )
Info    : Meshing vertex 7 ( dtGmshVertex )
Info    : Meshing vertex 8 ( dtGmshVertex )
Info    : Meshing vertex 9 ( dtGmshVertex )
Info    : Meshing vertex 10 ( dtGmshVertex )
Info    : Meshing vertex 11 ( dtGmshVertex )
Info    : Meshing vertex 12 ( dtGmshVertex )
Info    : Meshing vertex 13 ( dtGmshVertex )
Info    : Meshing vertex 14 ( dtGmshVertex )
Info    : Meshing vertex 15 ( dtGmshVertex )
Info    : Meshing vertex 16 ( dtGmshVertex )
Info    : Meshing vertex 17 ( dtGmshVertex )
Info    : Meshing vertex 18 ( dtGmshVertex )
Info    : Meshing vertex 19 ( dtGmshVertex )
Info    : Meshing vertex 20 ( dtGmshVertex )
Info    : Meshing vertex 21 ( dtGmshVertex )
Info    : Meshing vertex 22 ( dtGmshVertex )
Info    : Meshing vertex 23 ( dtGmshVertex )
Info    : Meshing vertex 24 ( dtGmshVertex )
Info    : Meshing vertex 25 ( dtGmshVertex )
Info    : Meshing vertex 26 ( dtGmshVertex )
Info    : Meshing curve 1 (Unknown)
Debug   : Meshing curve 1 (Unknown): 11 interior vertices
Info    : Meshing curve 2 (Unknown)
Debug   : Meshing curve 2 (Unknown): 45 interior vertices
Info    : Meshing curve 3 (Unknown)
Debug   : Meshing curve 3 (Unknown): 11 interior vertices
Info    : Meshing curve 4 (Unknown)
Debug   : Meshing curve 4 (Unknown): 45 interior vertices
Info    : Meshing curve 5 (Unknown)
Debug   : Meshing curve 5 (Unknown): 5 interior vertices
Info    : Meshing curve 6 (Unknown)
Debug   : Meshing curve 6 (Unknown): 45 interior vertices
Info    : Meshing curve 7 (Unknown)
Debug   : Meshing curve 7 (Unknown): 5 interior vertices
Info    : Meshing curve 8 (Unknown)
Debug   : Meshing curve 8 (Unknown): 5 interior vertices
Info    : Meshing curve 9 (Unknown)
Debug   : Meshing curve 9 (Unknown): 45 interior vertices
Info    : Meshing curve 10 (Unknown)
Debug   : Meshing curve 10 (Unknown): 5 interior vertices
Info    : Meshing curve 11 (Unknown)
Debug   : Meshing curve 11 (Unknown): 34 interior vertices
Info    : Meshing curve 12 (Unknown)
Debug   : Meshing curve 12 (Unknown): 34 interior vertices
Info    : Meshing curve 13 (Unknown)
Debug   : Meshing curve 13 (Unknown): 76 interior vertices
Info    : Meshing curve 14 (Unknown)
Debug   : Meshing curve 14 (Unknown): 27 interior vertices
Info    : Meshing curve 15 (Unknown)
Debug   : Meshing curve 15 (Unknown): 24 interior vertices
Info    : Meshing curve 16 (Unknown)
Debug   : Meshing curve 16 (Unknown): 56 interior vertices
Info    : Meshing curve 17 (Unknown)
Debug   : Meshing curve 17 (Unknown): 28 interior vertices
Info    : Meshing curve 18 (Unknown)
Debug   : Meshing curve 18 (Unknown): 29 interior vertices
Info    : Meshing curve 19 (Unknown)
Debug   : Meshing curve 19 (Unknown): 32 interior vertices
Info    : Meshing curve 20 (Unknown)
Debug   : Meshing curve 20 (Unknown): 102 interior vertices
Info    : Meshing curve 21 (Unknown)
Debug   : Meshing curve 21 (Unknown): 18 interior vertices
Info    : Meshing curve 22 (Unknown)
Debug   : Meshing curve 22 (Unknown): 34 interior vertices
Info    : Meshing curve 23 (Unknown)
Debug   : Meshing curve 23 (Unknown): 15 interior vertices
Info    : Meshing curve 24 (Unknown)
Debug   : Meshing curve 24 (Unknown): 11 interior vertices
Info    : Meshing curve 25 (Unknown)
Debug   : Meshing curve 25 (Unknown): 6 interior vertices
Info    : Meshing curve 26 (Unknown)
Debug   : Meshing curve 26 (Unknown): 177 interior vertices
Info    : Meshing curve 27 (Unknown)
Debug   : Meshing curve 27 (Unknown): 4 interior vertices
Info    : Meshing curve 28 (Unknown)
Debug   : Meshing curve 28 (Unknown): 27 interior vertices
Info    : Meshing curve 29 (Unknown)
Debug   : Meshing curve 29 (Unknown): 6 interior vertices
Info    : Meshing curve 30 (Unknown)
Debug   : Meshing curve 30 (Unknown): 101 interior vertices
Info    : Meshing curve 31 (Unknown)
Debug   : Meshing curve 31 (Unknown): 4 interior vertices
Info    : Meshing curve 32 (Unknown)
Debug   : Meshing curve 32 (Unknown): 14 interior vertices
Info    : Meshing curve 33 (Unknown)
Debug   : Meshing curve 33 (Unknown): 30 interior vertices
Info    : Meshing curve 34 (Unknown)
Debug   : Meshing curve 34 (Unknown): 34 interior vertices
Info    : Meshing curve 35 (Unknown)
Debug   : Meshing curve 35 (Unknown): 18 interior vertices
Info    : Meshing curve 36 (Unknown)
Debug   : Meshing curve 36 (Unknown): 14 interior vertices
Info    : Meshing curve 37 (Unknown)
Debug   : Meshing curve 37 (Unknown): 7 interior vertices
Info    : Meshing curve 38 (Unknown)
Debug   : Meshing curve 38 (Unknown): 157 interior vertices
Info    : Meshing curve 39 (Unknown)
Debug   : Meshing curve 39 (Unknown): 8 interior vertices
Info    : Meshing curve 40 (Unknown)
Debug   : Meshing curve 40 (Unknown): 21 interior vertices
Info    : Meshing curve 41 (Unknown)
Debug   : Meshing curve 41 (Unknown): 7 interior vertices
Info    : Meshing curve 42 (Unknown)
Debug   : Meshing curve 42 (Unknown): 8 interior vertices
Info    : Meshing surface 1 (Parametric surface, MeshAdapt)
Debug   : Recovering 4 model edges
Debug   : Recovering 116 mesh edges (0 not recovered)
Debug   : Boundary edges recovered for surface 1
Debug   : Computing mesh size field at mesh nodes 116
Debug   : Delaunizing the initial mesh
Debug   : Starting to add internal nodes
Debug   :  iter   1 minL    0.353/   0.700 maxL    4.138/   1.400 -- Small/Large/Total (   146/   676/  1333):    421 splits,    216 swaps,     53 collapses,   1202 moves
Debug   :  iter   2 minL    0.413/   0.700 maxL    2.174/   1.400 -- Small/Large/Total (   371/     7/  2476):    676 splits,    872 swaps,    295 collapses,   2693 moves
Debug   :  iter   3 minL    0.570/   0.700 maxL    1.382/   1.400 -- Small/Large/Total (    28/     0/  2071):      7 splits,     20 swaps,    142 collapses,    882 moves
Debug   :  iter   4 minL    0.570/   0.700 maxL    1.382/   1.400 -- Small/Large/Total (    25/     0/  2071):      0 splits,      0 swaps,      0 collapses,     93 moves
Debug   :  ---------------------------------------
Debug   :  CPU Report 
Debug   :  ---------------------------------------
Debug   :  CPU SWAP     4.17800E-03 sec (  4 %)
Debug   :  CPU SPLIT    1.12120E-02 sec ( 10 %) 
Debug   :  CPU COLLAPS  3.23840E-02 sec ( 29 %) 
Debug   :  CPU SMOOTH   6.36300E-02 sec ( 57 %) 
Debug   :  ---------------------------------------
Debug   :  CPU TOTAL    1.11404E-01 sec 
Debug   :  ---------------------------------------
Debug   :  iter   1 minL    0.570/   0.700 maxL    1.382/   1.400 -- Small/Large/Total (    21/     0/  2071):      0 splits,      0 swaps,      0 collapses,     55 moves
Debug   :  ---------------------------------------
Debug   :  CPU Report 
Debug   :  ---------------------------------------
Debug   :  CPU SWAP     7.66000E-04 sec (  6 %)
Debug   :  CPU SPLIT    5.54800E-03 sec ( 44 %) 
Debug   :  CPU COLLAPS  2.74700E-03 sec ( 22 %) 
Debug   :  CPU SMOOTH   3.60800E-03 sec ( 28 %) 
Debug   :  ---------------------------------------
Debug   :  CPU TOTAL    1.26690E-02 sec 
Debug   :  ---------------------------------------
Debug   : Type 23 1342 triangles generated, 614 internal nodes
Info    : Meshing surface 2 (Parametric surface, MeshAdapt)
Debug   : Recovering 4 model edges
Debug   : Recovering 104 mesh edges (0 not recovered)
Debug   : Boundary edges recovered for surface 2
Debug   : Computing mesh size field at mesh nodes 104
Debug   : Delaunizing the initial mesh
Debug   : Starting to add internal nodes
Debug   :  iter   1 minL    0.533/   0.700 maxL    1.546/   1.400 -- Small/Large/Total (   153/    97/  1141):    373 splits,    277 swaps,     61 collapses,   1083 moves
Debug   :  iter   2 minL    0.533/   0.700 maxL    1.358/   1.400 -- Small/Large/Total (    22/     0/  1084):     97 splits,    121 swaps,    116 collapses,    612 moves
Debug   :  iter   3 minL    0.624/   0.700 maxL    1.358/   1.400 -- Small/Large/Total (    15/     0/  1078):      0 splits,      1 swaps,      2 collapses,     51 moves
Debug   :  iter   4 minL    0.624/   0.700 maxL    1.358/   1.400 -- Small/Large/Total (    15/     0/  1078):      0 splits,      0 swaps,      0 collapses,     31 moves
Debug   :  ---------------------------------------
Debug   :  CPU Report 
Debug   :  ---------------------------------------
Debug   :  CPU SWAP     1.95500E-03 sec (  4 %)
Debug   :  CPU SPLIT    8.04800E-03 sec ( 16 %) 
Debug   :  CPU COLLAPS  1.67130E-02 sec ( 34 %) 
Debug   :  CPU SMOOTH   2.31140E-02 sec ( 46 %) 
Debug   :  ---------------------------------------
Debug   :  CPU TOTAL    4.98300E-02 sec 
Debug   :  ---------------------------------------
Debug   :  iter   1 minL    0.624/   0.700 maxL    1.298/   1.400 -- Small/Large/Total (    15/     0/  1078):      0 splits,      0 swaps,      0 collapses,     27 moves
Debug   :  ---------------------------------------
Debug   :  CPU Report 
Debug   :  ---------------------------------------
Debug   :  CPU SWAP     3.77000E-04 sec (  5 %)
Debug   :  CPU SPLIT    3.69100E-03 sec ( 49 %) 
Debug   :  CPU COLLAPS  1.84400E-03 sec ( 24 %) 
Debug   :  CPU SMOOTH   1.64700E-03 sec ( 22 %) 
Debug   :  ---------------------------------------
Debug   :  CPU TOTAL    7.55900E-03 sec 
Debug   :  ---------------------------------------
Debug   : Type 23 684 triangles generated, 291 internal nodes
Info    : Meshing surface 3 (Parametric surface, MeshAdapt)
Debug   : Recovering 4 model edges
Debug   : Recovering 104 mesh edges (0 not recovered)
Debug   : Boundary edges recovered for surface 3
Debug   : Computing mesh size field at mesh nodes 104
Debug   : Delaunizing the initial mesh
Debug   : Starting to add internal nodes
Debug   :  iter   1 minL    0.533/   0.700 maxL    1.546/   1.400 -- Small/Large/Total (   153/   105/  1141):    373 splits,    275 swaps,     61 collapses,   1089 moves
Debug   :  iter   2 minL    0.533/   0.700 maxL    1.358/   1.400 -- Small/Large/Total (    22/     0/  1096):    105 splits,    125 swaps,    120 collapses,    630 moves
Debug   :  iter   3 minL    0.624/   0.700 maxL    1.358/   1.400 -- Small/Large/Total (    15/     0/  1090):      0 splits,      1 swaps,      2 collapses,     53 moves
Debug   :  iter   4 minL    0.624/   0.700 maxL    1.298/   1.400 -- Small/Large/Total (    15/     0/  1090):      0 splits,      0 swaps,      0 collapses,     30 moves
Debug   :  ---------------------------------------
Debug   :  CPU Report 
Debug   :  ---------------------------------------
Debug   :  CPU SWAP     1.97400E-03 sec (  4 %)
Debug   :  CPU SPLIT    6.71500E-03 sec ( 15 %) 
Debug   :  CPU COLLAPS  1.41210E-02 sec ( 31 %) 
Debug   :  CPU SMOOTH   2.31180E-02 sec ( 50 %) 
Debug   :  ---------------------------------------
Debug   :  CPU TOTAL    4.59280E-02 sec 
Debug   :  ---------------------------------------
Debug   :  iter   1 minL    0.624/   0.700 maxL    1.298/   1.400 -- Small/Large/Total (    15/     0/  1090):      0 splits,      0 swaps,      0 collapses,     26 moves
Debug   :  ---------------------------------------
Debug   :  CPU Report 
Debug   :  ---------------------------------------
Debug   :  CPU SWAP     3.81000E-04 sec (  6 %)
Debug   :  CPU SPLIT    3.01900E-03 sec ( 46 %) 
Debug   :  CPU COLLAPS  1.49400E-03 sec ( 23 %) 
Debug   :  CPU SMOOTH   1.63000E-03 sec ( 25 %) 
Debug   :  ---------------------------------------
Debug   :  CPU TOTAL    6.52400E-03 sec 
Debug   :  ---------------------------------------
Debug   : Type 23 692 triangles generated, 295 internal nodes
Info    : Meshing surface 4 (Parametric surface, MeshAdapt)
Debug   : Recovering 4 model edges
Debug   : Recovering 59 mesh edges (0 not recovered)
Debug   : Boundary edges recovered for surface 4
Debug   : Computing mesh size field at mesh nodes 59
Debug   : Delaunizing the initial mesh
Debug   : Starting to add internal nodes
Debug   :  iter   1 minL    0.388/   0.700 maxL    6.144/   1.400 -- Small/Large/Total (    27/   215/   598):    211 splits,    348 swaps,     50 collapses,    567 moves
Debug   :  iter   2 minL    0.615/   0.700 maxL    1.376/   1.400 -- Small/Large/Total (    32/     0/  1039):    216 splits,    110 swaps,     69 collapses,    874 moves
Debug   :  iter   3 minL    0.578/   0.700 maxL    1.415/   1.400 -- Small/Large/Total (    25/     1/  1033):      0 splits,      0 swaps,      2 collapses,    127 moves
Debug   :  iter   4 minL    0.578/   0.700 maxL    1.385/   1.400 -- Small/Large/Total (    24/     0/  1036):      1 splits,      1 swaps,      0 collapses,     45 moves
Debug   :  iter   5 minL    0.578/   0.700 maxL    1.385/   1.400 -- Small/Large/Total (    24/     0/  1036):      0 splits,      0 swaps,      0 collapses,     29 moves
Debug   :  ---------------------------------------
Debug   :  CPU Report 
Debug   :  ---------------------------------------
Debug   :  CPU SWAP     2.45600E-03 sec (  3 %)
Debug   :  CPU SPLIT    8.52900E-03 sec ( 11 %) 
Debug   :  CPU COLLAPS  1.50240E-02 sec ( 20 %) 
Debug   :  CPU SMOOTH   4.98780E-02 sec ( 66 %) 
Debug   :  ---------------------------------------
Debug   :  CPU TOTAL    7.58870E-02 sec 
Debug   :  ---------------------------------------
Debug   :  iter   1 minL    0.578/   0.700 maxL    1.385/   1.400 -- Small/Large/Total (    24/     0/  1036):      0 splits,      0 swaps,      0 collapses,     27 moves
Debug   :  ---------------------------------------
Debug   :  CPU Report 
Debug   :  ---------------------------------------
Debug   :  CPU SWAP     4.08000E-04 sec (  3 %)
Debug   :  CPU SPLIT    3.73600E-03 sec ( 30 %) 
Debug   :  CPU COLLAPS  1.87800E-03 sec ( 15 %) 
Debug   :  CPU SMOOTH   6.33200E-03 sec ( 51 %) 
Debug   :  ---------------------------------------
Debug   :  CPU TOTAL    1.23540E-02 sec 
Debug   :  ---------------------------------------
Debug   : Type 23 671 triangles generated, 307 internal nodes
Info    : Meshing surface 5 (Parametric surface, MeshAdapt)
Debug   : Recovering 4 model edges
Debug   : Recovering 59 mesh edges (0 not recovered)
Debug   : Boundary edges recovered for surface 5
Debug   : Computing mesh size field at mesh nodes 59
Debug   : Delaunizing the initial mesh
Debug   : Starting to add internal nodes
Debug   :  iter   1 minL    0.386/   0.700 maxL    5.738/   1.400 -- Small/Large/Total (    37/   208/   577):    206 splits,    337 swaps,     52 collapses,    542 moves
Debug   :  iter   2 minL    0.543/   0.700 maxL    1.661/   1.400 -- Small/Large/Total (    44/    16/   991):    211 splits,    112 swaps,     73 collapses,    822 moves
Debug   :  iter   3 minL    0.587/   0.700 maxL    1.379/   1.400 -- Small/Large/Total (    22/     0/  1009):     18 splits,     10 swaps,     12 collapses,    281 moves
Debug   :  iter   4 minL    0.587/   0.700 maxL    1.377/   1.400 -- Small/Large/Total (    17/     0/  1000):      0 splits,      0 swaps,      3 collapses,     84 moves
Debug   :  iter   5 minL    0.587/   0.700 maxL    1.377/   1.400 -- Small/Large/Total (    17/     0/  1000):      0 splits,      0 swaps,      0 collapses,     50 moves
Debug   :  ---------------------------------------
Debug   :  CPU Report 
Debug   :  ---------------------------------------
Debug   :  CPU SWAP     2.40700E-03 sec (  3 %)
Debug   :  CPU SPLIT    7.60100E-03 sec ( 10 %) 
Debug   :  CPU COLLAPS  1.38500E-02 sec ( 19 %) 
Debug   :  CPU SMOOTH   4.97490E-02 sec ( 68 %) 
Debug   :  ---------------------------------------
Debug   :  CPU TOTAL    7.36070E-02 sec 
Debug   :  ---------------------------------------
Debug   :  iter   1 minL    0.587/   0.700 maxL    1.377/   1.400 -- Small/Large/Total (    17/     0/  1000):      0 splits,      0 swaps,      0 collapses,     44 moves
Debug   :  ---------------------------------------
Debug   :  CPU Report 
Debug   :  ---------------------------------------
Debug   :  CPU SWAP     3.96000E-04 sec (  4 %)
Debug   :  CPU SPLIT    3.27000E-03 sec ( 31 %) 
Debug   :  CPU COLLAPS  1.62700E-03 sec ( 15 %) 
Debug   :  CPU SMOOTH   5.21700E-03 sec ( 50 %) 
Debug   :  ---------------------------------------
Debug   :  CPU TOTAL    1.05100E-02 sec 
Debug   :  ---------------------------------------
Debug   : Type 23 647 triangles generated, 295 internal nodes
Info    : Meshing surface 6 (Parametric surface, MeshAdapt)
Debug   : Recovering 10 model edges
Debug   : Recovering 408 mesh edges (0 not recovered)
Debug   : Boundary edges recovered for surface 6
Debug   : Computing mesh size field at mesh nodes 408
Debug   : Delaunizing the initial mesh
Debug   : Starting to add internal nodes
Debug   :  iter   1 minL    0.072/   0.700 maxL   10.655/   1.400 -- Small/Large/Total (   691/  2842/  5310):   1604 splits,   1334 swaps,    106 collapses,   4330 moves
Debug   :  iter   2 minL    0.053/   0.700 maxL    6.264/   1.400 -- Small/Large/Total (  2006/  2296/ 10341):   2883 splits,   2611 swaps,   1206 collapses,  10157 moves
Debug   :  iter   3 minL    0.048/   0.700 maxL    6.787/   1.400 -- Small/Large/Total (  2113/   744/ 11208):   2488 splits,   3738 swaps,   2199 collapses,  11738 moves
Debug   :  iter   4 minL    0.270/   0.700 maxL    5.131/   1.400 -- Small/Large/Total (   881/   136/ 10560):    850 splits,   1542 swaps,   1066 collapses,   6447 moves
Debug   :  iter   5 minL    0.310/   0.700 maxL    2.085/   1.400 -- Small/Large/Total (   620/    23/ 10449):    149 splits,    200 swaps,    186 collapses,   2524 moves
Debug   :  iter   6 minL    0.310/   0.700 maxL    1.783/   1.400 -- Small/Large/Total (   580/    15/ 10413):     24 splits,     31 swaps,     36 collapses,   1192 moves
Debug   :  iter   7 minL    0.310/   0.700 maxL    1.608/   1.400 -- Small/Large/Total (   552/     5/ 10395):     18 splits,     18 swaps,     24 collapses,    815 moves
Debug   :  iter   8 minL    0.310/   0.700 maxL    1.794/   1.400 -- Small/Large/Total (   552/     9/ 10374):      7 splits,      9 swaps,     14 collapses,    598 moves
Debug   :  iter   9 minL    0.310/   0.700 maxL    1.651/   1.400 -- Small/Large/Total (   549/     4/ 10374):     10 splits,      9 swaps,     10 collapses,    498 moves
Debug   :  iter  10 minL    0.310/   0.700 maxL    1.580/   1.400 -- Small/Large/Total (   539/     3/ 10371):      4 splits,      4 swaps,      5 collapses,    398 moves
Debug   :  iter  11 minL    0.310/   0.700 maxL    1.799/   1.400 -- Small/Large/Total (   538/     6/ 10368):      3 splits,      5 swaps,      4 collapses,    380 moves
Debug   :  ---------------------------------------
Debug   :  CPU Report 
Debug   :  ---------------------------------------
Debug   :  CPU SWAP     7.15670E-02 sec (  4 %)
Debug   :  CPU SPLIT    1.63404E-01 sec ( 10 %) 
Debug   :  CPU COLLAPS  3.41335E-01 sec ( 21 %) 
Debug   :  CPU SMOOTH   1.04255E+00 sec ( 64 %) 
Debug   :  ---------------------------------------
Debug   :  CPU TOTAL    1.61886E+00 sec 
Debug   :  ---------------------------------------
Debug   :  iter   1 minL    0.310/   0.700 maxL    1.527/   1.400 -- Small/Large/Total (   540/     1/ 10377):      4 splits,      4 swaps,      1 collapses,    169 moves
Debug   :  iter   2 minL    0.310/   0.700 maxL    1.527/   1.400 -- Small/Large/Total (   539/     1/ 10374):      1 splits,      1 swaps,      2 collapses,    106 moves
Debug   :  iter   3 minL    0.310/   0.700 maxL    1.527/   1.400 -- Small/Large/Total (   538/     1/ 10374):      1 splits,      1 swaps,      1 collapses,     68 moves
Debug   :  iter   4 minL    0.310/   0.700 maxL    1.527/   1.400 -- Small/Large/Total (   538/     1/ 10374):      1 splits,      1 swaps,      1 collapses,     48 moves
Debug   :  iter   5 minL    0.310/   0.700 maxL    1.527/   1.400 -- Small/Large/Total (   538/     1/ 10374):      1 splits,      1 swaps,      1 collapses,     41 moves
Debug   :  iter   6 minL    0.310/   0.700 maxL    1.527/   1.400 -- Small/Large/Total (   538/     1/ 10374):      1 splits,      1 swaps,      1 collapses,     34 moves
Debug   :  iter   7 minL    0.310/   0.700 maxL    1.527/   1.400 -- Small/Large/Total (   538/     1/ 10374):      1 splits,      1 swaps,      1 collapses,     27 moves
Debug   :  iter   8 minL    0.310/   0.700 maxL    1.527/   1.400 -- Small/Large/Total (   538/     1/ 10374):      1 splits,      1 swaps,      1 collapses,     27 moves
Debug   :  iter   9 minL    0.310/   0.700 maxL    1.527/   1.400 -- Small/Large/Total (   538/     1/ 10374):      1 splits,      1 swaps,      1 collapses,     25 moves
Debug   :  iter  10 minL    0.310/   0.700 maxL    1.527/   1.400 -- Small/Large/Total (   537/     1/ 10374):      1 splits,      1 swaps,      1 collapses,     23 moves
Debug   :  iter  11 minL    0.310/   0.700 maxL    1.527/   1.400 -- Small/Large/Total (   537/     1/ 10374):      1 splits,      1 swaps,      1 collapses,     20 moves
Debug   :  ---------------------------------------
Debug   :  CPU Report 
Debug   :  ---------------------------------------
Debug   :  CPU SWAP     5.95750E-02 sec (  6 %)
Debug   :  CPU SPLIT    1.75742E-01 sec ( 17 %) 
Debug   :  CPU COLLAPS  1.68757E-01 sec ( 16 %) 
Debug   :  CPU SMOOTH   6.52557E-01 sec ( 62 %) 
Debug   :  ---------------------------------------
Debug   :  CPU TOTAL    1.05663E+00 sec 
Debug   :  ---------------------------------------
Debug   : Type 23 6780 triangles generated, 3186 internal nodes
Info    : Meshing surface 7 (Parametric surface, MeshAdapt)
Debug   : Recovering 4 model edges
Debug   : Recovering 190 mesh edges (0 not recovered)
Debug   : Boundary edges recovered for surface 7
Debug   : Computing mesh size field at mesh nodes 190
Debug   : Delaunizing the initial mesh
Debug   : Starting to add internal nodes
Debug   :  iter   1 minL    0.035/   0.700 maxL    9.201/   1.400 -- Small/Large/Total (   248/   921/  2180):    711 splits,    900 swaps,    110 collapses,   1741 moves
Debug   :  iter   2 minL    0.095/   0.700 maxL    4.085/   1.400 -- Small/Large/Total (   460/   334/  3302):    933 splits,   1048 swaps,    559 collapses,   3458 moves
Debug   :  iter   3 minL    0.203/   0.700 maxL    2.011/   1.400 -- Small/Large/Total (   226/    41/  3287):    367 splits,    498 swaps,    372 collapses,   2051 moves
Debug   :  iter   4 minL    0.513/   0.700 maxL    1.406/   1.400 -- Small/Large/Total (   100/     1/  3245):     47 splits,     39 swaps,     61 collapses,    957 moves
Debug   :  iter   5 minL    0.534/   0.700 maxL    1.448/   1.400 -- Small/Large/Total (    82/     1/  3224):      1 splits,      2 swaps,      8 collapses,    473 moves
Debug   :  iter   6 minL    0.534/   0.700 maxL    1.399/   1.400 -- Small/Large/Total (    80/     0/  3221):      1 splits,      2 swaps,      2 collapses,    255 moves
Debug   :  iter   7 minL    0.534/   0.700 maxL    1.399/   1.400 -- Small/Large/Total (    80/     0/  3221):      0 splits,      0 swaps,      0 collapses,    184 moves
Debug   :  ---------------------------------------
Debug   :  CPU Report 
Debug   :  ---------------------------------------
Debug   :  CPU SWAP     1.32180E-02 sec (  0 %)
Debug   :  CPU SPLIT    8.71207E-01 sec (  5 %) 
Debug   :  CPU COLLAPS  2.11457E+00 sec ( 12 %) 
Debug   :  CPU SMOOTH   1.44526E+01 sec ( 83 %) 
Debug   :  ---------------------------------------
Debug   :  CPU TOTAL    1.74516E+01 sec 
Debug   :  ---------------------------------------
Debug   :  iter   1 minL    0.534/   0.700 maxL    1.399/   1.400 -- Small/Large/Total (    80/     0/  3221):      0 splits,      0 swaps,      0 collapses,    168 moves
Debug   :  ---------------------------------------
Debug   :  CPU Report 
Debug   :  ---------------------------------------
Debug   :  CPU SWAP     1.36800E-03 sec (  0 %)
Debug   :  CPU SPLIT    2.71710E-01 sec ( 16 %) 
Debug   :  CPU COLLAPS  1.34990E-01 sec (  8 %) 
Debug   :  CPU SMOOTH   1.26043E+00 sec ( 76 %) 
Debug   :  ---------------------------------------
Debug   :  CPU TOTAL    1.66849E+00 sec 
Debug   :  ---------------------------------------
Debug   : Type 23 2084 triangles generated, 948 internal nodes
Info    : Meshing surface 8 (Parametric surface, MeshAdapt)
Debug   : Recovering 4 model edges
Debug   : Recovering 138 mesh edges (0 not recovered)
Debug   : Boundary edges recovered for surface 8
Debug   : Computing mesh size field at mesh nodes 138
Debug   : Delaunizing the initial mesh
Debug   : Starting to add internal nodes
Debug   :  iter   1 minL    0.223/   0.700 maxL    5.137/   1.400 -- Small/Large/Total (   159/   640/  1578):    507 splits,    443 swaps,     72 collapses,   1418 moves
Debug   :  iter   2 minL    0.244/   0.700 maxL    2.278/   1.400 -- Small/Large/Total (   327/   168/  2358):    659 splits,    604 swaps,    399 collapses,   2492 moves
Debug   :  iter   3 minL    0.460/   0.700 maxL    1.497/   1.400 -- Small/Large/Total (   129/     4/  2334):    187 splits,    152 swaps,    195 collapses,   1608 moves
Debug   :  iter   4 minL    0.460/   0.700 maxL    1.446/   1.400 -- Small/Large/Total (    88/     1/  2304):      4 splits,      4 swaps,     14 collapses,    509 moves
Debug   :  iter   5 minL    0.460/   0.700 maxL    1.356/   1.400 -- Small/Large/Total (    80/     0/  2304):      1 splits,      2 swaps,      1 collapses,    279 moves
Debug   :  iter   6 minL    0.460/   0.700 maxL    1.356/   1.400 -- Small/Large/Total (    79/     0/  2304):      0 splits,      0 swaps,      0 collapses,    200 moves
Debug   :  ---------------------------------------
Debug   :  CPU Report 
Debug   :  ---------------------------------------
Debug   :  CPU SWAP     7.92800E-03 sec (  0 %)
Debug   :  CPU SPLIT    4.86525E-01 sec (  5 %) 
Debug   :  CPU COLLAPS  1.26869E+00 sec ( 12 %) 
Debug   :  CPU SMOOTH   9.01253E+00 sec ( 84 %) 
Debug   :  ---------------------------------------
Debug   :  CPU TOTAL    1.07757E+01 sec 
Debug   :  ---------------------------------------
Debug   :  iter   1 minL    0.460/   0.700 maxL    1.356/   1.400 -- Small/Large/Total (    79/     0/  2304):      0 splits,      0 swaps,      0 collapses,    171 moves
Debug   :  ---------------------------------------
Debug   :  CPU Report 
Debug   :  ---------------------------------------
Debug   :  CPU SWAP     9.66000E-04 sec (  0 %)
Debug   :  CPU SPLIT    1.82073E-01 sec ( 16 %) 
Debug   :  CPU COLLAPS  9.08300E-02 sec (  8 %) 
Debug   :  CPU SMOOTH   8.93955E-01 sec ( 77 %) 
Debug   :  ---------------------------------------
Debug   :  CPU TOTAL    1.16782E+00 sec 
Debug   :  ---------------------------------------
Debug   : Type 23 1490 triangles generated, 677 internal nodes
Info    : Meshing surface 9 (Parametric surface, MeshAdapt)
Debug   : Recovering 4 model edges
Debug   : Recovering 293 mesh edges (0 not recovered)
Debug   : Boundary edges recovered for surface 9
Debug   : Computing mesh size field at mesh nodes 293
Debug   : Delaunizing the initial mesh
Debug   : Starting to add internal nodes
Debug   :  iter   1 minL    0.297/   0.700 maxL    2.159/   1.400 -- Small/Large/Total (   404/   719/  3223):   1129 splits,    241 swaps,    249 collapses,   2722 moves
Debug   :  iter   2 minL    0.338/   0.700 maxL    1.511/   1.400 -- Small/Large/Total (   192/     6/  3781):    837 splits,    381 swaps,    651 collapses,   3594 moves
Debug   :  iter   3 minL    0.531/   0.700 maxL    1.396/   1.400 -- Small/Large/Total (   104/     0/  3703):     13 splits,     22 swaps,     39 collapses,    817 moves
Debug   :  iter   4 minL    0.549/   0.700 maxL    1.444/   1.400 -- Small/Large/Total (    99/     1/  3703):      2 splits,      2 swaps,      2 collapses,    253 moves
Debug   :  iter   5 minL    0.549/   0.700 maxL    1.392/   1.400 -- Small/Large/Total (    94/     0/  3700):      2 splits,      1 swaps,      3 collapses,    106 moves
Debug   :  iter   6 minL    0.549/   0.700 maxL    1.392/   1.400 -- Small/Large/Total (    93/     0/  3700):      0 splits,      0 swaps,      0 collapses,     67 moves
Debug   :  ---------------------------------------
Debug   :  CPU Report 
Debug   :  ---------------------------------------
Debug   :  CPU SWAP     1.12550E-02 sec (  0 %)
Debug   :  CPU SPLIT    8.34262E-01 sec (  4 %) 
Debug   :  CPU COLLAPS  1.92362E+00 sec ( 10 %) 
Debug   :  CPU SMOOTH   1.72588E+01 sec ( 86 %) 
Debug   :  ---------------------------------------
Debug   :  CPU TOTAL    2.00279E+01 sec 
Debug   :  ---------------------------------------
Debug   :  iter   1 minL    0.549/   0.700 maxL    1.392/   1.400 -- Small/Large/Total (    93/     0/  3700):      0 splits,      0 swaps,      0 collapses,     44 moves
Debug   :  ---------------------------------------
Debug   :  CPU Report 
Debug   :  ---------------------------------------
Debug   :  CPU SWAP     1.64400E-03 sec (  0 %)
Debug   :  CPU SPLIT    2.94950E-01 sec ( 15 %) 
Debug   :  CPU COLLAPS  1.48555E-01 sec (  7 %) 
Debug   :  CPU SMOOTH   1.56221E+00 sec ( 78 %) 
Debug   :  ---------------------------------------
Debug   :  CPU TOTAL    2.00735E+00 sec 
Debug   :  ---------------------------------------
Debug   : Type 23 2369 triangles generated, 1039 internal nodes
Info    : Meshing surface 10 (Parametric surface, MeshAdapt)
Debug   : Recovering 4 model edges
Debug   : Recovering 79 mesh edges (0 not recovered)
Debug   : Boundary edges recovered for surface 10
Debug   : Computing mesh size field at mesh nodes 79
Debug   : Delaunizing the initial mesh
Debug   : Starting to add internal nodes
Debug   :  iter   1 minL    0.147/   0.700 maxL    5.237/   1.400 -- Small/Large/Total (    71/   170/   776):    270 splits,    292 swaps,     63 collapses,    740 moves
Debug   :  iter   2 minL    0.499/   0.700 maxL    2.790/   1.400 -- Small/Large/Total (    69/    10/  1028):    189 splits,    165 swaps,    105 collapses,    875 moves
Debug   :  iter   3 minL    0.508/   0.700 maxL    1.588/   1.400 -- Small/Large/Total (    54/     1/  1019):     11 splits,     11 swaps,     14 collapses,    341 moves
Debug   :  iter   4 minL    0.508/   0.700 maxL    1.370/   1.400 -- Small/Large/Total (    45/     0/  1013):      2 splits,      1 swaps,      4 collapses,    182 moves
Debug   :  iter   5 minL    0.508/   0.700 maxL    1.370/   1.400 -- Small/Large/Total (    45/     0/  1013):      0 splits,      0 swaps,      0 collapses,    106 moves
Debug   :  ---------------------------------------
Debug   :  CPU Report 
Debug   :  ---------------------------------------
Debug   :  CPU SWAP     2.66100E-03 sec (  0 %)
Debug   :  CPU SPLIT    1.56204E-01 sec (  5 %) 
Debug   :  CPU COLLAPS  3.67807E-01 sec ( 12 %) 
Debug   :  CPU SMOOTH   2.63769E+00 sec ( 83 %) 
Debug   :  ---------------------------------------
Debug   :  CPU TOTAL    3.16436E+00 sec 
Debug   :  ---------------------------------------
Debug   :  iter   1 minL    0.508/   0.700 maxL    1.370/   1.400 -- Small/Large/Total (    45/     0/  1013):      0 splits,      0 swaps,      0 collapses,     87 moves
Debug   :  ---------------------------------------
Debug   :  CPU Report 
Debug   :  ---------------------------------------
Debug   :  CPU SWAP     4.10000E-04 sec (  0 %)
Debug   :  CPU SPLIT    7.03700E-02 sec ( 16 %) 
Debug   :  CPU COLLAPS  3.50090E-02 sec (  8 %) 
Debug   :  CPU SMOOTH   3.33145E-01 sec ( 76 %) 
Debug   :  ---------------------------------------
Debug   :  CPU TOTAL    4.38934E-01 sec 
Debug   :  ---------------------------------------
Debug   : Type 23 649 triangles generated, 286 internal nodes
Info    : Meshing surface 11 (Parametric surface, MeshAdapt)
Debug   : Recovering 4 model edges
Debug   : Recovering 292 mesh edges (0 not recovered)
Debug   : Boundary edges recovered for surface 11
Debug   : Computing mesh size field at mesh nodes 292
Debug   : Delaunizing the initial mesh
Debug   : Starting to add internal nodes
Debug   :  iter   1 minL    0.333/   0.700 maxL    2.179/   1.400 -- Small/Large/Total (   243/   350/  2954):   1124 splits,    376 swaps,    333 collapses,   2782 moves
Debug   :  iter   2 minL    0.505/   0.700 maxL    1.537/   1.400 -- Small/Large/Total (   127/     5/  3380):    407 splits,    217 swaps,    265 collapses,   2265 moves
Debug   :  iter   3 minL    0.572/   0.700 maxL    1.549/   1.400 -- Small/Large/Total (    93/     1/  3353):      7 splits,     16 swaps,     16 collapses,    632 moves
Debug   :  iter   4 minL    0.572/   0.700 maxL    1.391/   1.400 -- Small/Large/Total (    84/     0/  3350):      4 splits,      3 swaps,      5 collapses,    267 moves
Debug   :  iter   5 minL    0.572/   0.700 maxL    1.391/   1.400 -- Small/Large/Total (    82/     0/  3347):      0 splits,      2 swaps,      1 collapses,    132 moves
Debug   :  iter   6 minL    0.572/   0.700 maxL    1.391/   1.400 -- Small/Large/Total (    82/     0/  3347):      0 splits,      0 swaps,      0 collapses,     88 moves
Debug   :  ---------------------------------------
Debug   :  CPU Report 
Debug   :  ---------------------------------------
Debug   :  CPU SWAP     9.70000E-03 sec (  0 %)
Debug   :  CPU SPLIT    7.45619E-01 sec (  4 %) 
Debug   :  CPU COLLAPS  1.51236E+00 sec (  8 %) 
Debug   :  CPU SMOOTH   1.56029E+01 sec ( 87 %) 
Debug   :  ---------------------------------------
Debug   :  CPU TOTAL    1.78706E+01 sec 
Debug   :  ---------------------------------------
Debug   :  iter   1 minL    0.572/   0.700 maxL    1.391/   1.400 -- Small/Large/Total (    82/     0/  3347):      0 splits,      0 swaps,      0 collapses,     62 moves
Debug   :  ---------------------------------------
Debug   :  CPU Report 
Debug   :  ---------------------------------------
Debug   :  CPU SWAP     1.42500E-03 sec (  0 %)
Debug   :  CPU SPLIT    2.60676E-01 sec ( 14 %) 
Debug   :  CPU COLLAPS  1.30638E-01 sec (  7 %) 
Debug   :  CPU SMOOTH   1.45310E+00 sec ( 79 %) 
Debug   :  ---------------------------------------
Debug   :  CPU TOTAL    1.84583E+00 sec 
Debug   :  ---------------------------------------
Debug   : Type 23 2134 triangles generated, 922 internal nodes
Info    : Meshing surface 12 (Parametric surface, MeshAdapt)
Debug   : Recovering 4 model edges
Debug   : Recovering 75 mesh edges (0 not recovered)
Debug   : Boundary edges recovered for surface 12
Debug   : Computing mesh size field at mesh nodes 75
Debug   : Delaunizing the initial mesh
Debug   : Starting to add internal nodes
Debug   :  iter   1 minL    0.319/   0.700 maxL    4.691/   1.400 -- Small/Large/Total (    58/   128/   711):    253 splits,    259 swaps,     65 collapses,    686 moves
Debug   :  iter   2 minL    0.454/   0.700 maxL    2.310/   1.400 -- Small/Large/Total (    70/     9/   915):    144 splits,    111 swaps,     76 collapses,    758 moves
Debug   :  iter   3 minL    0.483/   0.700 maxL    1.536/   1.400 -- Small/Large/Total (    48/     2/   918):     13 splits,     12 swaps,     12 collapses,    304 moves
Debug   :  iter   4 minL    0.490/   0.700 maxL    1.378/   1.400 -- Small/Large/Total (    48/     0/   921):      2 splits,      1 swaps,      1 collapses,    100 moves
Debug   :  iter   5 minL    0.490/   0.700 maxL    1.378/   1.400 -- Small/Large/Total (    47/     0/   918):      0 splits,      0 swaps,      1 collapses,     65 moves
Debug   :  iter   6 minL    0.490/   0.700 maxL    1.378/   1.400 -- Small/Large/Total (    47/     0/   918):      0 splits,      0 swaps,      0 collapses,     41 moves
Debug   :  ---------------------------------------
Debug   :  CPU Report 
Debug   :  ---------------------------------------
Debug   :  CPU SWAP     2.71200E-03 sec (  0 %)
Debug   :  CPU SPLIT    1.70627E-01 sec (  6 %) 
Debug   :  CPU COLLAPS  3.52372E-01 sec ( 11 %) 
Debug   :  CPU SMOOTH   2.56747E+00 sec ( 83 %) 
Debug   :  ---------------------------------------
Debug   :  CPU TOTAL    3.09318E+00 sec 
Debug   :  ---------------------------------------
Debug   :  iter   1 minL    0.490/   0.700 maxL    1.378/   1.400 -- Small/Large/Total (    47/     0/   918):      0 splits,      0 swaps,      0 collapses,     28 moves
Debug   :  ---------------------------------------
Debug   :  CPU Report 
Debug   :  ---------------------------------------
Debug   :  CPU SWAP     3.73000E-04 sec (  0 %)
Debug   :  CPU SPLIT    6.28970E-02 sec ( 14 %) 
Debug   :  CPU COLLAPS  3.13790E-02 sec (  7 %) 
Debug   :  CPU SMOOTH   3.40912E-01 sec ( 78 %) 
Debug   :  ---------------------------------------
Debug   :  CPU TOTAL    4.35561E-01 sec 
Debug   :  ---------------------------------------
Debug   : Type 23 587 triangles generated, 257 internal nodes
Info    : Meshing surface 13 (Parametric surface, MeshAdapt)
Debug   : Recovering 4 model edges
Debug   : Recovering 187 mesh edges (0 not recovered)
Debug   : Boundary edges recovered for surface 13
Debug   : Computing mesh size field at mesh nodes 187
Debug   : Delaunizing the initial mesh
Debug   : Starting to add internal nodes
Debug   :  iter   1 minL    0.081/   0.700 maxL    8.550/   1.400 -- Small/Large/Total (   245/   947/  2141):    698 splits,    866 swaps,    108 collapses,   1571 moves
Debug   :  iter   2 minL    0.052/   0.700 maxL    5.147/   1.400 -- Small/Large/Total (   500/   270/  3158):    967 splits,   1382 swaps,    628 collapses,   3408 moves
Debug   :  iter   3 minL    0.398/   0.700 maxL    1.512/   1.400 -- Small/Large/Total (   187/    11/  3200):    303 splits,    383 swaps,    289 collapses,   1978 moves
Debug   :  iter   4 minL    0.445/   0.700 maxL    1.852/   1.400 -- Small/Large/Total (   115/     7/  3119):     11 splits,     20 swaps,     38 collapses,    721 moves
Debug   :  iter   5 minL    0.445/   0.700 maxL    1.404/   1.400 -- Small/Large/Total (    99/     1/  3104):      7 splits,      5 swaps,     12 collapses,    359 moves
Debug   :  iter   6 minL    0.445/   0.700 maxL    1.387/   1.400 -- Small/Large/Total (   102/     0/  3107):      2 splits,      0 swaps,      1 collapses,    267 moves
Debug   :  iter   7 minL    0.445/   0.700 maxL    1.387/   1.400 -- Small/Large/Total (   102/     0/  3107):      0 splits,      0 swaps,      0 collapses,    194 moves
Debug   :  ---------------------------------------
Debug   :  CPU Report 
Debug   :  ---------------------------------------
Debug   :  CPU SWAP     1.29770E-02 sec (  0 %)
Debug   :  CPU SPLIT    8.28261E-01 sec (  5 %) 
Debug   :  CPU COLLAPS  2.07569E+00 sec ( 13 %) 
Debug   :  CPU SMOOTH   1.36747E+01 sec ( 82 %) 
Debug   :  ---------------------------------------
Debug   :  CPU TOTAL    1.65916E+01 sec 
Debug   :  ---------------------------------------
Debug   :  iter   1 minL    0.445/   0.700 maxL    1.387/   1.400 -- Small/Large/Total (   102/     0/  3107):      0 splits,      0 swaps,      0 collapses,    166 moves
Debug   :  ---------------------------------------
Debug   :  CPU Report 
Debug   :  ---------------------------------------
Debug   :  CPU SWAP     1.32500E-03 sec (  0 %)
Debug   :  CPU SPLIT    2.59107E-01 sec ( 16 %) 
Debug   :  CPU COLLAPS  1.28265E-01 sec (  8 %) 
Debug   :  CPU SMOOTH   1.22231E+00 sec ( 76 %) 
Debug   :  ---------------------------------------
Debug   :  CPU TOTAL    1.61100E+00 sec 
Debug   :  ---------------------------------------
Debug   : Type 23 2009 triangles generated, 912 internal nodes
Info    : Meshing surface 14 (Parametric surface, MeshAdapt)
Debug   : Recovering 4 model edges
Debug   : Recovering 118 mesh edges (0 not recovered)
Debug   : Boundary edges recovered for surface 14
Debug   : Computing mesh size field at mesh nodes 118
Debug   : Delaunizing the initial mesh
Debug   : Starting to add internal nodes
Debug   :  iter   1 minL    0.180/   0.700 maxL    4.823/   1.400 -- Small/Large/Total (   117/   471/  1307):    427 splits,    500 swaps,     69 collapses,   1153 moves
Debug   :  iter   2 minL    0.354/   0.700 maxL    2.398/   1.400 -- Small/Large/Total (   167/    82/  1967):    487 splits,    442 swaps,    267 collapses,   1939 moves
Debug   :  iter   3 minL    0.502/   0.700 maxL    1.588/   1.400 -- Small/Large/Total (   105/     3/  2081):    111 splits,     62 swaps,     73 collapses,   1024 moves
Debug   :  iter   4 minL    0.520/   0.700 maxL    1.377/   1.400 -- Small/Large/Total (    88/     0/  2066):      3 splits,      1 swaps,      8 collapses,    394 moves
Debug   :  iter   5 minL    0.520/   0.700 maxL    1.377/   1.400 -- Small/Large/Total (    88/     0/  2066):      0 splits,      0 swaps,      0 collapses,    194 moves
Debug   :  ---------------------------------------
Debug   :  CPU Report 
Debug   :  ---------------------------------------
Debug   :  CPU SWAP     5.04000E-03 sec (  0 %)
Debug   :  CPU SPLIT    3.27899E-01 sec (  4 %) 
Debug   :  CPU COLLAPS  7.80392E-01 sec (  9 %) 
Debug   :  CPU SMOOTH   7.36275E+00 sec ( 87 %) 
Debug   :  ---------------------------------------
Debug   :  CPU TOTAL    8.47608E+00 sec 
Debug   :  ---------------------------------------
Debug   :  iter   1 minL    0.520/   0.700 maxL    1.377/   1.400 -- Small/Large/Total (    88/     0/  2066):      0 splits,      0 swaps,      0 collapses,    149 moves
Debug   :  ---------------------------------------
Debug   :  CPU Report 
Debug   :  ---------------------------------------
Debug   :  CPU SWAP     8.65000E-04 sec (  0 %)
Debug   :  CPU SPLIT    1.58049E-01 sec ( 12 %) 
Debug   :  CPU COLLAPS  7.84750E-02 sec (  6 %) 
Debug   :  CPU SMOOTH   1.04401E+00 sec ( 81 %) 
Debug   :  ---------------------------------------
Debug   :  CPU TOTAL    1.28140E+00 sec 
Debug   :  ---------------------------------------
Debug   : Type 23 1338 triangles generated, 611 internal nodes
Info    : Meshing surface 15 (Parametric surface, MeshAdapt)
Debug   : Recovering 4 model edges
Debug   : Recovering 210 mesh edges (0 not recovered)
Debug   : Boundary edges recovered for surface 15
Debug   : Computing mesh size field at mesh nodes 210
Debug   : Delaunizing the initial mesh
Debug   : Starting to add internal nodes
Debug   :  iter   1 minL    0.203/   0.700 maxL    3.701/   1.400 -- Small/Large/Total (   247/   897/  2475):    815 splits,    582 swaps,    129 collapses,   2018 moves
Debug   :  iter   2 minL    0.457/   0.700 maxL    2.098/   1.400 -- Small/Large/Total (   244/    59/  3717):    986 splits,    625 swaps,    572 collapses,   3735 moves
Debug   :  iter   3 minL    0.507/   0.700 maxL    1.642/   1.400 -- Small/Large/Total (   158/    10/  3684):     71 splits,     53 swaps,     82 collapses,   1225 moves
Debug   :  iter   4 minL    0.507/   0.700 maxL    1.704/   1.400 -- Small/Large/Total (   141/    15/  3660):     11 splits,     14 swaps,     19 collapses,    511 moves
Debug   :  iter   5 minL    0.507/   0.700 maxL    1.488/   1.400 -- Small/Large/Total (   133/     6/  3660):     15 splits,     12 swaps,     15 collapses,    324 moves
Debug   :  iter   6 minL    0.507/   0.700 maxL    1.479/   1.400 -- Small/Large/Total (   139/     2/  3663):      6 splits,      7 swaps,      5 collapses,    225 moves
Debug   :  iter   7 minL    0.507/   0.700 maxL    1.511/   1.400 -- Small/Large/Total (   133/     6/  3645):      2 splits,      2 swaps,      8 collapses,    198 moves
Debug   :  iter   8 minL    0.507/   0.700 maxL    1.565/   1.400 -- Small/Large/Total (   143/     6/  3654):      8 splits,      7 swaps,      5 collapses,    169 moves
Debug   :  iter   9 minL    0.507/   0.700 maxL    1.739/   1.400 -- Small/Large/Total (   137/     5/  3666):      7 splits,      5 swaps,      3 collapses,    135 moves
Debug   :  iter  10 minL    0.507/   0.700 maxL    1.409/   1.400 -- Small/Large/Total (   142/     1/  3675):      5 splits,      4 swaps,      2 collapses,    102 moves
Debug   :  iter  11 minL    0.507/   0.700 maxL    1.396/   1.400 -- Small/Large/Total (   136/     0/  3672):      1 splits,      2 swaps,      2 collapses,     68 moves
Debug   :  ---------------------------------------
Debug   :  CPU Report 
Debug   :  ---------------------------------------
Debug   :  CPU SWAP     2.13930E-02 sec (  0 %)
Debug   :  CPU SPLIT    1.79758E+00 sec (  5 %) 
Debug   :  CPU COLLAPS  3.33130E+00 sec (  9 %) 
Debug   :  CPU SMOOTH   3.11006E+01 sec ( 86 %) 
Debug   :  ---------------------------------------
Debug   :  CPU TOTAL    3.62508E+01 sec 
Debug   :  ---------------------------------------
Debug   :  iter   1 minL    0.507/   0.700 maxL    1.396/   1.400 -- Small/Large/Total (   138/     0/  3672):      0 splits,      0 swaps,      0 collapses,     35 moves
Debug   :  ---------------------------------------
Debug   :  CPU Report 
Debug   :  ---------------------------------------
Debug   :  CPU SWAP     1.62900E-03 sec (  0 %)
Debug   :  CPU SPLIT    3.18404E-01 sec ( 13 %) 
Debug   :  CPU COLLAPS  1.59346E-01 sec (  6 %) 
Debug   :  CPU SMOOTH   1.97421E+00 sec ( 80 %) 
Debug   :  ---------------------------------------
Debug   :  CPU TOTAL    2.45359E+00 sec 
Debug   :  ---------------------------------------
Debug   : Type 23 2378 triangles generated, 1085 internal nodes
Info    : Meshing surface 16 (Parametric surface, MeshAdapt)
Debug   : Recovering 4 model edges
Debug   : Recovering 74 mesh edges (0 not recovered)
Debug   : Boundary edges recovered for surface 16
Debug   : Computing mesh size field at mesh nodes 74
Debug   : Delaunizing the initial mesh
Debug   : Starting to add internal nodes
Debug   :  iter   1 minL    0.234/   0.700 maxL    4.549/   1.400 -- Small/Large/Total (    55/   121/   718):    246 splits,    311 swaps,     55 collapses,    698 moves
Debug   :  iter   2 minL    0.458/   0.700 maxL    2.598/   1.400 -- Small/Large/Total (    45/     7/   928):    143 splits,     83 swaps,     73 collapses,    696 moves
Debug   :  iter   3 minL    0.560/   0.700 maxL    1.341/   1.400 -- Small/Large/Total (    43/     0/   937):      9 splits,      4 swaps,      6 collapses,    167 moves
Debug   :  iter   4 minL    0.560/   0.700 maxL    1.341/   1.400 -- Small/Large/Total (    42/     0/   934):      0 splits,      0 swaps,      1 collapses,     42 moves
Debug   :  iter   5 minL    0.560/   0.700 maxL    1.363/   1.400 -- Small/Large/Total (    42/     0/   931):      0 splits,      0 swaps,      1 collapses,     33 moves
Debug   :  iter   6 minL    0.560/   0.700 maxL    1.363/   1.400 -- Small/Large/Total (    42/     0/   931):      0 splits,      0 swaps,      0 collapses,     16 moves
Debug   :  ---------------------------------------
Debug   :  CPU Report 
Debug   :  ---------------------------------------
Debug   :  CPU SWAP     2.74700E-03 sec (  0 %)
Debug   :  CPU SPLIT    2.01171E-01 sec (  3 %) 
Debug   :  CPU COLLAPS  4.00610E-01 sec (  6 %) 
Debug   :  CPU SMOOTH   5.76954E+00 sec ( 91 %) 
Debug   :  ---------------------------------------
Debug   :  CPU TOTAL    6.37407E+00 sec 
Debug   :  ---------------------------------------
Debug   :  iter   1 minL    0.560/   0.700 maxL    1.363/   1.400 -- Small/Large/Total (    41/     0/   931):      0 splits,      0 swaps,      0 collapses,     10 moves
Debug   :  ---------------------------------------
Debug   :  CPU Report 
Debug   :  ---------------------------------------
Debug   :  CPU SWAP     3.75000E-04 sec (  0 %)
Debug   :  CPU SPLIT    7.40350E-02 sec (  9 %) 
Debug   :  CPU COLLAPS  3.72130E-02 sec (  4 %) 
Debug   :  CPU SMOOTH   7.15530E-01 sec ( 87 %) 
Debug   :  ---------------------------------------
Debug   :  CPU TOTAL    8.27153E-01 sec 
Debug   :  ---------------------------------------
Debug   : Type 23 596 triangles generated, 262 internal nodes
Info    : Meshing surface 17 (Parametric surface, MeshAdapt)
Debug   : Recovering 4 model edges
Debug   : Recovering 210 mesh edges (0 not recovered)
Debug   : Boundary edges recovered for surface 17
Debug   : Computing mesh size field at mesh nodes 210
Debug   : Delaunizing the initial mesh
Debug   : Starting to add internal nodes
Debug   :  iter   1 minL    0.235/   0.700 maxL    3.938/   1.400 -- Small/Large/Total (   248/   891/  2466):    810 splits,    589 swaps,    127 collapses,   2005 moves
Debug   :  iter   2 minL    0.464/   0.700 maxL    1.979/   1.400 -- Small/Large/Total (   259/    41/  3747):    987 splits,    634 swaps,    560 collapses,   3688 moves
srun: forcing job termination
srun: got SIGCONT
srun: Job step aborted: Waiting up to 32 seconds for job step to finish.
[2026-09-12T09:08:28.102] error: *** STEP 6875491.1 ON uc2n601 CANCELLED AT 2026-09-12T09:08:28 DUE to SIGNAL Killed ***
srun: error: uc2n601: task 0: Killed
[dtoo] container step rc=124 after 1500s
[dtoo] step hit the 1500 s bound -- stall, not a value error
[dtoo] stage file      /pfs/work9/workspace/scratch/st_ac136362-hex3d/domain_partition_3D/experimentell/hex3d_algohex/logs/stage_6875491.txt

[dtoo] ================ yield summary ================
[dtoo] wall            1500s
[dtoo] machines        5 exported, 59 failed, 0 not attempted
[dtoo] mesh.msh        367M dataset total
[dtoo] yield           5 / 64 attempted; with MISS >= 1, resubmit to finish
[dtoo] feed these into batch_samples.slurm:
[dtoo]   NS="2000 8000" CANDS="data/dataset/sobol/machine_00*" \
[dtoo]       sbatch experimentell/hex3d_algohex/scripts/batch_samples.slurm
[dtoo] ============================================
[dtoo] keep this log:  git add experimentell/hex3d_algohex/logs && git commit -m 'cluster: dtOO export job 6875491 log'
[dtoo] log file:       /pfs/work9/workspace/scratch/st_ac136362-hex3d/domain_partition_3D/experimentell/hex3d_algohex/logs/batch_dtoo_export_6875491.log
