[dtoo] host uc2n601.localdomain, job 6877061, 1 cores, parallelism 48
[dtoo] repo /pfs/work9/workspace/scratch/st_ac136362-hex3d/domain_partition_3D
[dtoo] image /pfs/work9/workspace/scratch/st_ac136362-eigenfreq/enroot-images/dtOO.sqsh
[dtoo] container dtOO already unpacked, skipping
[dtoo] preflight ok
[dtoo] rootfs lock free
[dtoo] lock probe rc=0 (0 free, 1 busy, 124 stuck)
[dtoo] container step starting at 2026-09-12T10:43:28+02:00
[dtoo] container env ready, exporting
[dtoo] progress log: /repo/experimentell/hex3d_algohex/logs/export_progress_6877061.log (parallel=48)
[dtoo] case source: /dtOO/build/test/tistos
[dtoo] machine_0001 mesh.msh present, skipping
[dtoo] machine_0002 mesh.msh present, skipping
[dtoo] machine_0003 mesh.msh present, skipping
[dtoo] machine_0004 mesh.msh present, skipping
[dtoo] machine_0005 mesh.msh present, skipping
[dtoo] machine_0007 mesh.msh present, skipping
[dtoo] machine_0009 mesh.msh present, skipping
[dtoo] machine_0010 mesh.msh present, skipping
[dtoo] machine_0011 mesh.msh present, skipping
[dtoo] machine_0012 mesh.msh present, skipping
[dtoo] machine_0013 mesh.msh present, skipping
[dtoo] machine_0014 mesh.msh present, skipping
[dtoo] machine_0015 mesh.msh present, skipping
[dtoo] machine_0016 mesh.msh present, skipping
[dtoo] machine_0017 mesh.msh present, skipping
[dtoo] machine_0018 mesh.msh present, skipping
[dtoo] machine_0019 mesh.msh present, skipping
[dtoo] machine_0021 mesh.msh present, skipping
[dtoo] machine_0022 mesh.msh present, skipping
[dtoo] machine_0023 mesh.msh present, skipping
[dtoo] machine_0025 mesh.msh present, skipping
[dtoo] machine_0027 mesh.msh present, skipping
[dtoo] machine_0028 mesh.msh present, skipping
[dtoo] machine_0029 mesh.msh present, skipping
[dtoo] machine_0030 mesh.msh present, skipping
[dtoo] machine_0031 mesh.msh present, skipping
[dtoo] machine_0032 mesh.msh present, skipping
[dtoo] machine_0033 mesh.msh present, skipping
[dtoo] machine_0034 mesh.msh present, skipping
[dtoo] machine_0035 mesh.msh present, skipping
[dtoo] machine_0036 mesh.msh present, skipping
[dtoo] machine_0037 mesh.msh present, skipping
[dtoo] machine_0038 mesh.msh present, skipping
[dtoo] machine_0039 mesh.msh present, skipping
[dtoo] machine_0040 mesh.msh present, skipping
[dtoo] machine_0041 mesh.msh present, skipping
[dtoo] machine_0042 mesh.msh present, skipping
[dtoo] machine_0043 mesh.msh present, skipping
[dtoo] machine_0044 mesh.msh present, skipping
[dtoo] machine_0045 mesh.msh present, skipping
[dtoo] machine_0046 mesh.msh present, skipping
[dtoo] machine_0047 mesh.msh present, skipping
[dtoo] machine_0048 mesh.msh present, skipping
[dtoo] machine_0049 mesh.msh present, skipping
[dtoo] machine_0050 mesh.msh present, skipping
[dtoo] machine_0051 mesh.msh present, skipping
[dtoo] machine_0052 mesh.msh present, skipping
[dtoo] machine_0053 mesh.msh present, skipping
[dtoo] machine_0054 mesh.msh present, skipping
[dtoo] machine_0055 mesh.msh present, skipping
[dtoo] machine_0056 mesh.msh present, skipping
[dtoo] machine_0057 mesh.msh present, skipping
[dtoo] machine_0058 mesh.msh present, skipping
[dtoo] machine_0060 mesh.msh present, skipping
[dtoo] machine_0061 mesh.msh present, skipping
[dtoo] machine_0062 mesh.msh present, skipping
[dtoo] machine_0063 mesh.msh present, skipping
[dtoo] machine_0064 mesh.msh present, skipping
[dtoo] pending: 6 machines, parallel=48
[dtoo] exporting machine_0008 2026-09-12T10:43:31+02:00
[dtoo] exporting machine_0020 2026-09-12T10:43:31+02:00
[dtoo] exporting machine_0024 2026-09-12T10:43:31+02:00
[dtoo] exporting machine_0026 2026-09-12T10:43:31+02:00
[dtoo] exporting machine_0059 2026-09-12T10:43:31+02:00
[dtoo] exporting machine_0006 2026-09-12T10:43:31+02:00
[sampler] draw skipped: all 64 machines carry params.json (export pass, scipy not needed here)
[sampler] draw skipped: all 64 machines carry params.json (export pass, scipy not needed here)
[sampler] draw skipped: all 64 machines carry params.json (export pass, scipy not needed here)
[sampler] draw skipped: all 64 machines carry params.json (export pass, scipy not needed here)
[sampler] draw skipped: all 64 machines carry params.json (export pass, scipy not needed here)
[sampler] draw skipped: all 64 machines carry params.json (export pass, scipy not needed here)
[sampler] exporting 1 meshes (dtOO, container only)[sampler] exporting 1 meshes (dtOO, container only)

[sampler] exporting 1 meshes (dtOO, container only)
[sampler] exporting 1 meshes (dtOO, container only)
[sampler] exporting 1 meshes (dtOO, container only)
[sampler] exporting 1 meshes (dtOO, container only)
Warning : Gmsh has aleady been initialized
Warning : Gmsh has aleady been initialized
Warning : Gmsh has aleady been initialized
Warning : Gmsh has aleady been initialized
Warning : Gmsh has aleady been initialized
Warning : Gmsh has aleady been initialized
Warning : Gmsh has aleady been initialized
Warning : Gmsh has aleady been initialized
Warning : Gmsh has aleady been initialized
Warning : Gmsh has aleady been initialized
Warning : Gmsh has aleady been initialized
Warning : Gmsh has aleady been initialized
Warning : Gmsh has aleady been initialized
Warning : Gmsh has aleady been initialized
Warning : Gmsh has aleady been initialized
Warning : Gmsh has aleady been initialized
Warning : Gmsh has aleady been initialized
Warning : Gmsh has aleady been initialized
Warning : Gmsh has aleady been initialized
Warning : Gmsh has aleady been initialized
Warning : Gmsh has aleady been initialized
Warning : Gmsh has aleady been initialized
Warning : Gmsh has aleady been initialized
Warning : Gmsh has aleady been initialized
Warning : Gmsh has aleady been initialized
Warning : Gmsh has aleady been initialized
Warning : Gmsh has aleady been initialized
Warning : Gmsh has aleady been initialized
Warning : Gmsh has aleady been initialized
Warning : Gmsh has aleady been initialized
Warning : Gmsh has aleady been initialized
Warning : Gmsh has aleady been initialized
Warning : Gmsh has aleady been initialized
Warning : Gmsh has aleady been initialized
Warning : Gmsh has aleady been initialized
Warning : Gmsh has aleady been initialized
Warning : Gmsh has aleady been initialized
Warning : Gmsh has aleady been initialized
Warning : Gmsh has aleady been initialized
Warning : Gmsh has aleady been initialized
Warning : Gmsh has aleady been initialized
Warning : Gmsh has aleady been initialized
Warning : Gmsh has aleady been initialized
Warning : Gmsh has aleady been initialized
Warning : Gmsh has aleady been initialized
Warning : Gmsh has aleady been initialized
Warning : Gmsh has aleady been initialized
Warning : Gmsh has aleady been initialized
Warning : Gmsh has aleady been initialized
Warning : Gmsh has aleady been initialized
Warning : Gmsh has aleady been initialized
Warning : Gmsh has aleady been initialized
Warning : Gmsh has aleady been initialized
Warning : Gmsh has aleady been initialized
Warning : Gmsh has aleady been initialized
Warning : Gmsh has aleady been initialized
Warning : Gmsh has aleady been initialized
Warning : Gmsh has aleady been initialized
Warning : Gmsh has aleady been initialized
Warning : Gmsh has aleady been initialized
Warning : Gmsh has aleady been initialized
Warning : Gmsh has aleady been initialized
Warning : Gmsh has aleady been initialized
Warning : Gmsh has aleady been initialized
Warning : Gmsh has aleady been initialized
Warning : Gmsh has aleady been initialized
Warning : Gmsh has aleady been initialized
Warning : Gmsh has aleady been initialized
Warning : Gmsh has aleady been initialized
Warning : Gmsh has aleady been initialized
Warning : Gmsh has aleady been initialized
Warning : Gmsh has aleady been initialized
Warning : Gmsh has aleady been initialized
Warning : Gmsh has aleady been initialized
Warning : Gmsh has aleady been initialized
Warning : Gmsh has aleady been initialized
Warning : Gmsh has aleady been initialized
Warning : Gmsh has aleady been initialized
Warning : Gmsh has aleady been initialized
Warning : Gmsh has aleady been initialized
Warning : Gmsh has aleady been initialized
Warning : Gmsh has aleady been initialized
Warning : Gmsh has aleady been initialized
Warning : Gmsh has aleady been initialized
Warning : Gmsh has aleady been initialized
Warning : Gmsh has aleady been initialized
Warning : Gmsh has aleady been initialized
Warning : Gmsh has aleady been initialized
Warning : Gmsh has aleady been initialized
Warning : Gmsh has aleady been initialized
[dtoo] applied 30 parameter overrides
[dtoo] applied 30 parameter overrides
[dtoo] applied 30 parameter overrides
[dtoo] applied 30 parameter overrides[dtoo] applied 30 parameter overrides

[dtoo] applied 30 parameter overrides
Warning : Gmsh has aleady been initialized
Warning : Gmsh has aleady been initialized
Warning : Gmsh has aleady been initialized
Warning : Gmsh has aleady been initialized
Warning : Gmsh has aleady been initialized
Warning : Gmsh has aleady been initialized
Warning : Gmsh has aleady been initialized
Warning : Gmsh has aleady been initialized
Warning : Gmsh has aleady been initialized
Warning : Gmsh has aleady been initialized
Warning : Gmsh has aleady been initialized
Warning : Gmsh has aleady been initialized
Warning : Gmsh has aleady been initialized
Warning : Gmsh has aleady been initialized
Warning : Gmsh has aleady been initialized
Warning : Gmsh has aleady been initialized
Warning : Gmsh has aleady been initialized
Warning : Gmsh has aleady been initialized
Warning : Gmsh has aleady been initialized
Warning : Gmsh has aleady been initialized
Warning : Gmsh has aleady been initialized
Warning : Gmsh has aleady been initialized
Warning : Gmsh has aleady been initialized
Warning : Gmsh has aleady been initialized
Warning : Gmsh has aleady been initialized
Warning : Gmsh has aleady been initialized
[dtoo] plugin ru_adjustDomain applied
[dtoo] makeGrid on ruWithRounding_mechMesh ...
Debug   : Decoded option name 'General' . 'ExpertMode' (index 0)
Debug   : Decoded option name 'Mesh' . 'LcIntegrationPrecision' (index 0)
Debug   : Decoded option name 'Mesh' . 'SecondOrderLinear' (index 0)
Debug   : Decoded option name 'Mesh' . 'Algorithm' (index 0)
Debug   : Decoded option name 'Mesh' . 'CharacteristicLengthMin' (index 0)
Debug   : Decoded option name 'Mesh' . 'CharacteristicLengthMax' (index 0)
Debug   : Decoded option name 'Mesh' . 'MeshSizeExtendFromBoundary' (index 0)
Debug   : Decoded option name 'Mesh' . 'MeshSizeFromPoints' (index 0)
Debug   : Decoded option name 'Mesh' . 'MeshSizeFromCurvature' (index 0)
Info    : Meshing vertex 1 ( dtGmshVertex )
Info    : Meshing vertex 2 ( dtGmshVertex )
Info    : Meshing vertex 3 ( dtGmshVertex )
Info    : Meshing vertex 4 ( dtGmshVertex )
Info    : Meshing vertex 5 ( dtGmshVertex )
Info    : Meshing vertex 6 ( dtGmshVertex )
Info    : Meshing vertex 7 ( dtGmshVertex )
Info    : Meshing vertex 8 ( dtGmshVertex )
Info    : Meshing vertex 9 ( dtGmshVertex )
Info    : Meshing vertex 10 ( dtGmshVertex )
Info    : Meshing vertex 11 ( dtGmshVertex )
Info    : Meshing vertex 12 ( dtGmshVertex )
Info    : Meshing vertex 13 ( dtGmshVertex )
Info    : Meshing vertex 14 ( dtGmshVertex )
Info    : Meshing vertex 15 ( dtGmshVertex )
Info    : Meshing vertex 16 ( dtGmshVertex )
Info    : Meshing vertex 17 ( dtGmshVertex )
Info    : Meshing vertex 18 ( dtGmshVertex )
Info    : Meshing vertex 19 ( dtGmshVertex )
Info    : Meshing vertex 20 ( dtGmshVertex )
Info    : Meshing vertex 21 ( dtGmshVertex )
Info    : Meshing vertex 22 ( dtGmshVertex )
Info    : Meshing vertex 23 ( dtGmshVertex )
Info    : Meshing vertex 24 ( dtGmshVertex )
Info    : Meshing vertex 25 ( dtGmshVertex )
Info    : Meshing vertex 26 ( dtGmshVertex )
Info    : Meshing curve 1 (Unknown)
Warning : Gmsh has aleady been initialized
Warning : Gmsh has aleady been initialized
Warning : Gmsh has aleady been initialized
Debug   : Meshing curve 1 (Unknown): 11 interior vertices
Warning : Gmsh has aleady been initialized
Warning : Gmsh has aleady been initialized
Warning : Gmsh has aleady been initialized
Warning : Gmsh has aleady been initialized
Warning : Gmsh has aleady been initialized
Info    : Meshing curve 2 (Unknown)
Debug   : Meshing curve 2 (Unknown): 45 interior vertices
Info    : Meshing curve 3 (Unknown)
Debug   : Meshing curve 3 (Unknown): 11 interior vertices
Info    : Meshing curve 4 (Unknown)
Debug   : Meshing curve 4 (Unknown): 45 interior vertices
Info    : Meshing curve 5 (Unknown)
Debug   : Meshing curve 5 (Unknown): 5 interior vertices
Info    : Meshing curve 6 (Unknown)
Debug   : Meshing curve 6 (Unknown): 45 interior vertices
Info    : Meshing curve 7 (Unknown)
Debug   : Meshing curve 7 (Unknown): 5 interior vertices
Info    : Meshing curve 8 (Unknown)
Debug   : Meshing curve 8 (Unknown): 5 interior vertices
Info    : Meshing curve 9 (Unknown)
Debug   : Meshing curve 9 (Unknown): 45 interior vertices
Info    : Meshing curve 10 (Unknown)
Debug   : Meshing curve 10 (Unknown): 5 interior vertices
Info    : Meshing curve 11 (Unknown)
Debug   : Meshing curve 11 (Unknown): 34 interior vertices
Info    : Meshing curve 12 (Unknown)
Debug   : Meshing curve 12 (Unknown): 34 interior vertices
Info    : Meshing curve 13 (Unknown)
Warning : Gmsh has aleady been initialized
Warning : Gmsh has aleady been initialized
Debug   : Meshing curve 13 (Unknown): 48 interior vertices
Info    : Meshing curve 14 (Unknown)
Debug   : Meshing curve 14 (Unknown): 26 interior vertices
Info    : Meshing curve 15 (Unknown)
Debug   : Meshing curve 15 (Unknown): 24 interior vertices
Info    : Meshing curve 16 (Unknown)
Debug   : Meshing curve 16 (Unknown): 33 interior vertices
Info    : Meshing curve 17 (Unknown)
Debug   : Meshing curve 17 (Unknown): 26 interior vertices
Info    : Meshing curve 18 (Unknown)
Debug   : Meshing curve 18 (Unknown): 27 interior vertices
Info    : Meshing curve 19 (Unknown)
Debug   : Meshing curve 19 (Unknown): 24 interior vertices
Info    : Meshing curve 20 (Unknown)
Debug   : Meshing curve 20 (Unknown): 57 interior vertices
Info    : Meshing curve 21 (Unknown)
Debug   : Meshing curve 21 (Unknown): 21 interior vertices
Info    : Meshing curve 22 (Unknown)
Debug   : Meshing curve 22 (Unknown): 35 interior vertices
Info    : Meshing curve 23 (Unknown)
Debug   : Meshing curve 23 (Unknown): 13 interior vertices
Info    : Meshing curve 24 (Unknown)
Debug   : Meshing curve 24 (Unknown): 12 interior vertices
Info    : Meshing curve 25 (Unknown)
Debug   : Meshing curve 25 (Unknown): 4 interior vertices
Info    : Meshing curve 26 (Unknown)
Debug   : Meshing curve 26 (Unknown): 153 interior vertices
Info    : Meshing curve 27 (Unknown)
[dtoo] plugin ru_adjustDomain applied
[dtoo] makeGrid on ruWithRounding_mechMesh ...
Debug   : Decoded option name 'General' . 'ExpertMode' (index 0)
Debug   : Decoded option name 'Mesh' . 'LcIntegrationPrecision' (index 0)
Debug   : Decoded option name 'Mesh' . 'SecondOrderLinear' (index 0)
Debug   : Decoded option name 'Mesh' . 'Algorithm' (index 0)
Debug   : Decoded option name 'Mesh' . 'CharacteristicLengthMin' (index 0)
Debug   : Decoded option name 'Mesh' . 'CharacteristicLengthMax' (index 0)
Debug   : Decoded option name 'Mesh' . 'MeshSizeExtendFromBoundary' (index 0)
Debug   : Decoded option name 'Mesh' . 'MeshSizeFromPoints' (index 0)
Debug   : Decoded option name 'Mesh' . 'MeshSizeFromCurvature' (index 0)
Debug   : Meshing curve 27 (Unknown): 5 interior vertices
Info    : Meshing curve 28 (Unknown)
Info    : Meshing vertex 1 ( dtGmshVertex )
Info    : Meshing vertex 2 ( dtGmshVertex )
Info    : Meshing vertex 3 ( dtGmshVertex )
Info    : Meshing vertex 4 ( dtGmshVertex )
Info    : Meshing vertex 5 ( dtGmshVertex )
Info    : Meshing vertex 6 ( dtGmshVertex )
Info    : Meshing vertex 7 ( dtGmshVertex )
Info    : Meshing vertex 8 ( dtGmshVertex )
Info    : Meshing vertex 9 ( dtGmshVertex )
Info    : Meshing vertex 10 ( dtGmshVertex )
Info    : Meshing vertex 11 ( dtGmshVertex )
Info    : Meshing vertex 12 ( dtGmshVertex )
Info    : Meshing vertex 13 ( dtGmshVertex )
Info    : Meshing vertex 14 ( dtGmshVertex )
Info    : Meshing vertex 15 ( dtGmshVertex )
Info    : Meshing vertex 16 ( dtGmshVertex )
Info    : Meshing vertex 17 ( dtGmshVertex )
Info    : Meshing vertex 18 ( dtGmshVertex )
Info    : Meshing vertex 19 ( dtGmshVertex )
Info    : Meshing vertex 20 ( dtGmshVertex )
Info    : Meshing vertex 21 ( dtGmshVertex )
Info    : Meshing vertex 22 ( dtGmshVertex )
Info    : Meshing vertex 23 ( dtGmshVertex )
Info    : Meshing vertex 24 ( dtGmshVertex )
Info    : Meshing vertex 25 ( dtGmshVertex )
Info    : Meshing vertex 26 ( dtGmshVertex )
Info    : Meshing curve 1 (Unknown)
Debug   : Meshing curve 1 (Unknown): 11 interior vertices
[dtoo] plugin ru_adjustDomain appliedInfo    : Meshing curve 2 (Unknown)

[dtoo] makeGrid on ruWithRounding_mechMesh ...
Debug   : Meshing curve 2 (Unknown): 45 interior vertices
Info    : Meshing curve 3 (Unknown)
Debug   : Decoded option name 'General' . 'ExpertMode' (index 0)
Debug   : Decoded option name 'Mesh' . 'LcIntegrationPrecision' (index 0)
Debug   : Decoded option name 'Mesh' . 'SecondOrderLinear' (index 0)
Debug   : Decoded option name 'Mesh' . 'Algorithm' (index 0)
Debug   : Decoded option name 'Mesh' . 'CharacteristicLengthMin' (index 0)
Debug   : Decoded option name 'Mesh' . 'CharacteristicLengthMax' (index 0)
Debug   : Decoded option name 'Mesh' . 'MeshSizeExtendFromBoundary' (index 0)
Debug   : Decoded option name 'Mesh' . 'MeshSizeFromPoints' (index 0)
Debug   : Decoded option name 'Mesh' . 'MeshSizeFromCurvature' (index 0)
Debug   : Meshing curve 3 (Unknown): 11 interior vertices
Info    : Meshing curve 4 (Unknown)
Debug   : Meshing curve 4 (Unknown): 45 interior vertices
Info    : Meshing curve 5 (Unknown)
Debug   : Meshing curve 5 (Unknown): 5 interior vertices
Info    : Meshing curve 6 (Unknown)
Debug   : Meshing curve 28 (Unknown): 21 interior vertices
Debug   : Meshing curve 6 (Unknown): 45 interior vertices
Info    : Meshing curve 7 (Unknown)
Debug   : Meshing curve 7 (Unknown): 5 interior vertices
Info    : Meshing curve 8 (Unknown)
Info    : Meshing curve 29 (Unknown)
Debug   : Meshing curve 8 (Unknown): 5 interior vertices
Info    : Meshing curve 9 (Unknown)
Debug   : Meshing curve 9 (Unknown): 45 interior vertices
Info    : Meshing curve 10 (Unknown)
Debug   : Meshing curve 10 (Unknown): 5 interior vertices
Info    : Meshing curve 11 (Unknown)
Debug   : Meshing curve 11 (Unknown): 34 interior vertices
Info    : Meshing curve 12 (Unknown)
Debug   : Meshing curve 12 (Unknown): 34 interior vertices
Info    : Meshing curve 13 (Unknown)
Debug   : Meshing curve 29 (Unknown): 4 interior vertices
Info    : Meshing curve 30 (Unknown)
Info    : Meshing vertex 1 ( dtGmshVertex )
Info    : Meshing vertex 2 ( dtGmshVertex )
Info    : Meshing vertex 3 ( dtGmshVertex )
Info    : Meshing vertex 4 ( dtGmshVertex )
Info    : Meshing vertex 5 ( dtGmshVertex )
Info    : Meshing vertex 6 ( dtGmshVertex )
Info    : Meshing vertex 7 ( dtGmshVertex )
Info    : Meshing vertex 8 ( dtGmshVertex )
Info    : Meshing vertex 9 ( dtGmshVertex )
Info    : Meshing vertex 10 ( dtGmshVertex )
Info    : Meshing vertex 11 ( dtGmshVertex )
Info    : Meshing vertex 12 ( dtGmshVertex )
Info    : Meshing vertex 13 ( dtGmshVertex )
Info    : Meshing vertex 14 ( dtGmshVertex )
Info    : Meshing vertex 15 ( dtGmshVertex )
Info    : Meshing vertex 16 ( dtGmshVertex )
Info    : Meshing vertex 17 ( dtGmshVertex )
Info    : Meshing vertex 18 ( dtGmshVertex )
Info    : Meshing vertex 19 ( dtGmshVertex )
Info    : Meshing vertex 20 ( dtGmshVertex )
Info    : Meshing vertex 21 ( dtGmshVertex )
Info    : Meshing vertex 22 ( dtGmshVertex )
Info    : Meshing vertex 23 ( dtGmshVertex )
Info    : Meshing vertex 24 ( dtGmshVertex )
Info    : Meshing vertex 25 ( dtGmshVertex )
Info    : Meshing vertex 26 ( dtGmshVertex )
Info    : Meshing curve 1 (Unknown)
Debug   : Meshing curve 13 (Unknown): 53 interior vertices
Debug   : Meshing curve 1 (Unknown): 11 interior vertices
Info    : Meshing curve 2 (Unknown)
Info    : Meshing curve 14 (Unknown)
Debug   : Meshing curve 2 (Unknown): 45 interior vertices
Info    : Meshing curve 3 (Unknown)
Debug   : Meshing curve 3 (Unknown): 11 interior vertices
Info    : Meshing curve 4 (Unknown)
Debug   : Meshing curve 4 (Unknown): 45 interior vertices
Info    : Meshing curve 5 (Unknown)
Debug   : Meshing curve 5 (Unknown): 5 interior vertices
Info    : Meshing curve 6 (Unknown)
Debug   : Meshing curve 6 (Unknown): 45 interior vertices
Info    : Meshing curve 7 (Unknown)
Debug   : Meshing curve 7 (Unknown): 5 interior vertices
Info    : Meshing curve 8 (Unknown)
Debug   : Meshing curve 8 (Unknown): 5 interior vertices
Info    : Meshing curve 9 (Unknown)
Debug   : Meshing curve 9 (Unknown): 45 interior vertices
Info    : Meshing curve 10 (Unknown)
Debug   : Meshing curve 10 (Unknown): 5 interior vertices
Info    : Meshing curve 11 (Unknown)
Debug   : Meshing curve 11 (Unknown): 34 interior vertices
Info    : Meshing curve 12 (Unknown)
Debug   : Meshing curve 12 (Unknown): 34 interior vertices
Info    : Meshing curve 13 (Unknown)
Debug   : Meshing curve 30 (Unknown): 61 interior vertices
Info    : Meshing curve 31 (Unknown)
Debug   : Meshing curve 14 (Unknown): 25 interior vertices
Info    : Meshing curve 15 (Unknown)
Debug   : Meshing curve 13 (Unknown): 61 interior vertices
Info    : Meshing curve 14 (Unknown)
Debug   : Meshing curve 31 (Unknown): 4 interior vertices
Info    : Meshing curve 32 (Unknown)
Debug   : Meshing curve 15 (Unknown): 22 interior vertices
Info    : Meshing curve 16 (Unknown)
Debug   : Meshing curve 14 (Unknown): 25 interior vertices
Info    : Meshing curve 15 (Unknown)
Debug   : Meshing curve 32 (Unknown): 15 interior vertices
Info    : Meshing curve 33 (Unknown)
Debug   : Meshing curve 16 (Unknown): 37 interior vertices
Info    : Meshing curve 17 (Unknown)
Debug   : Meshing curve 15 (Unknown): 23 interior vertices
Info    : Meshing curve 16 (Unknown)
Debug   : Meshing curve 33 (Unknown): 23 interior vertices
[dtoo] plugin ru_adjustDomain applied
[dtoo] makeGrid on ruWithRounding_mechMesh ...
Debug   : Meshing curve 17 (Unknown): 22 interior vertices
Debug   : Decoded option name 'General' . 'ExpertMode' (index 0)
Debug   : Decoded option name 'Mesh' . 'LcIntegrationPrecision' (index 0)
Debug   : Decoded option name 'Mesh' . 'SecondOrderLinear' (index 0)
Debug   : Decoded option name 'Mesh' . 'Algorithm' (index 0)
Debug   : Decoded option name 'Mesh' . 'CharacteristicLengthMin' (index 0)
Debug   : Decoded option name 'Mesh' . 'CharacteristicLengthMax' (index 0)
Debug   : Decoded option name 'Mesh' . 'MeshSizeExtendFromBoundary' (index 0)
Debug   : Decoded option name 'Mesh' . 'MeshSizeFromPoints' (index 0)
Debug   : Decoded option name 'Mesh' . 'MeshSizeFromCurvature' (index 0)
Info    : Meshing curve 18 (Unknown)
Info    : Meshing curve 34 (Unknown)
Debug   : Meshing curve 16 (Unknown): 52 interior vertices
Info    : Meshing curve 17 (Unknown)
Debug   : Meshing curve 18 (Unknown): 23 interior vertices
Info    : Meshing curve 19 (Unknown)
Debug   : Meshing curve 34 (Unknown): 35 interior vertices
Info    : Meshing curve 35 (Unknown)
Info    : Meshing vertex 1 ( dtGmshVertex )
Info    : Meshing vertex 2 ( dtGmshVertex )
Info    : Meshing vertex 3 ( dtGmshVertex )
Info    : Meshing vertex 4 ( dtGmshVertex )
Info    : Meshing vertex 5 ( dtGmshVertex )
Info    : Meshing vertex 6 ( dtGmshVertex )
Info    : Meshing vertex 7 ( dtGmshVertex )
Info    : Meshing vertex 8 ( dtGmshVertex )
Info    : Meshing vertex 9 ( dtGmshVertex )
Info    : Meshing vertex 10 ( dtGmshVertex )
Info    : Meshing vertex 11 ( dtGmshVertex )
Info    : Meshing vertex 12 ( dtGmshVertex )
Info    : Meshing vertex 13 ( dtGmshVertex )
Info    : Meshing vertex 14 ( dtGmshVertex )
Info    : Meshing vertex 15 ( dtGmshVertex )
Info    : Meshing vertex 16 ( dtGmshVertex )
Info    : Meshing vertex 17 ( dtGmshVertex )
Info    : Meshing vertex 18 ( dtGmshVertex )
Info    : Meshing vertex 19 ( dtGmshVertex )
Info    : Meshing vertex 20 ( dtGmshVertex )
Info    : Meshing vertex 21 ( dtGmshVertex )
Info    : Meshing vertex 22 ( dtGmshVertex )
Info    : Meshing vertex 23 ( dtGmshVertex )
Info    : Meshing vertex 24 ( dtGmshVertex )
Info    : Meshing vertex 25 ( dtGmshVertex )
Info    : Meshing vertex 26 ( dtGmshVertex )
Info    : Meshing curve 1 (Unknown)
Debug   : Meshing curve 1 (Unknown): 11 interior vertices
Info    : Meshing curve 2 (Unknown)
Debug   : Meshing curve 2 (Unknown): 45 interior vertices
Info    : Meshing curve 3 (Unknown)
Debug   : Meshing curve 3 (Unknown): 11 interior vertices
Info    : Meshing curve 4 (Unknown)
Debug   : Meshing curve 4 (Unknown): 45 interior vertices
Info    : Meshing curve 5 (Unknown)
Debug   : Meshing curve 5 (Unknown): 5 interior vertices
Info    : Meshing curve 6 (Unknown)
Debug   : Meshing curve 6 (Unknown): 45 interior vertices
Info    : Meshing curve 7 (Unknown)
Debug   : Meshing curve 7 (Unknown): 5 interior vertices
Info    : Meshing curve 8 (Unknown)
Debug   : Meshing curve 8 (Unknown): 5 interior vertices
Info    : Meshing curve 9 (Unknown)
Debug   : Meshing curve 9 (Unknown): 45 interior vertices
Info    : Meshing curve 10 (Unknown)
Debug   : Meshing curve 10 (Unknown): 5 interior vertices
Info    : Meshing curve 11 (Unknown)
Debug   : Meshing curve 11 (Unknown): 34 interior vertices
Info    : Meshing curve 12 (Unknown)
Debug   : Meshing curve 12 (Unknown): 34 interior vertices
Info    : Meshing curve 13 (Unknown)
Debug   : Meshing curve 17 (Unknown): 28 interior vertices
Info    : Meshing curve 18 (Unknown)
Debug   : Meshing curve 19 (Unknown): 20 interior vertices
Info    : Meshing curve 20 (Unknown)
Debug   : Meshing curve 35 (Unknown): 21 interior vertices
Info    : Meshing curve 36 (Unknown)
Debug   : Meshing curve 13 (Unknown): 63 interior vertices
Info    : Meshing curve 14 (Unknown)
Debug   : Meshing curve 18 (Unknown): 29 interior vertices
Info    : Meshing curve 19 (Unknown)
Debug   : Meshing curve 36 (Unknown): 14 interior vertices
Info    : Meshing curve 37 (Unknown)
Debug   : Meshing curve 20 (Unknown): 71 interior vertices
Info    : Meshing curve 21 (Unknown)
Debug   : Meshing curve 14 (Unknown): 22 interior vertices
Info    : Meshing curve 15 (Unknown)
[dtoo] plugin ru_adjustDomain applied
[dtoo] makeGrid on ruWithRounding_mechMesh ...
Debug   : Decoded option name 'General' . 'ExpertMode' (index 0)
Debug   : Decoded option name 'Mesh' . 'LcIntegrationPrecision' (index 0)
Debug   : Decoded option name 'Mesh' . 'SecondOrderLinear' (index 0)
Debug   : Decoded option name 'Mesh' . 'Algorithm' (index 0)
Debug   : Decoded option name 'Mesh' . 'CharacteristicLengthMin' (index 0)
Debug   : Decoded option name 'Mesh' . 'CharacteristicLengthMax' (index 0)
Debug   : Decoded option name 'Mesh' . 'MeshSizeExtendFromBoundary' (index 0)
Debug   : Decoded option name 'Mesh' . 'MeshSizeFromPoints' (index 0)
Debug   : Decoded option name 'Mesh' . 'MeshSizeFromCurvature' (index 0)
Debug   : Meshing curve 19 (Unknown): 26 interior vertices
Info    : Meshing curve 20 (Unknown)
Debug   : Meshing curve 37 (Unknown): 5 interior vertices
Debug   : Meshing curve 21 (Unknown): 16 interior vertices
Info    : Meshing curve 38 (Unknown)
Info    : Meshing curve 22 (Unknown)
Debug   : Meshing curve 15 (Unknown): 18 interior vertices
Info    : Meshing curve 16 (Unknown)
[dtoo] plugin ru_adjustDomain applied
[dtoo] makeGrid on ruWithRounding_mechMesh ...
Debug   : Meshing curve 20 (Unknown): 53 interior vertices
Debug   : Decoded option name 'General' . 'ExpertMode' (index 0)
Debug   : Decoded option name 'Mesh' . 'LcIntegrationPrecision' (index 0)
Debug   : Decoded option name 'Mesh' . 'SecondOrderLinear' (index 0)
Debug   : Decoded option name 'Mesh' . 'Algorithm' (index 0)
Debug   : Decoded option name 'Mesh' . 'CharacteristicLengthMin' (index 0)
Debug   : Decoded option name 'Mesh' . 'CharacteristicLengthMax' (index 0)
Debug   : Decoded option name 'Mesh' . 'MeshSizeExtendFromBoundary' (index 0)
Debug   : Decoded option name 'Mesh' . 'MeshSizeFromPoints' (index 0)
Debug   : Decoded option name 'Mesh' . 'MeshSizeFromCurvature' (index 0)
Info    : Meshing curve 21 (Unknown)
Info    : Meshing vertex 1 ( dtGmshVertex )
Info    : Meshing vertex 2 ( dtGmshVertex )
Info    : Meshing vertex 3 ( dtGmshVertex )
Info    : Meshing vertex 4 ( dtGmshVertex )
Info    : Meshing vertex 5 ( dtGmshVertex )
Info    : Meshing vertex 6 ( dtGmshVertex )
Info    : Meshing vertex 7 ( dtGmshVertex )
Info    : Meshing vertex 8 ( dtGmshVertex )
Info    : Meshing vertex 9 ( dtGmshVertex )
Info    : Meshing vertex 10 ( dtGmshVertex )
Info    : Meshing vertex 11 ( dtGmshVertex )
Info    : Meshing vertex 12 ( dtGmshVertex )
Info    : Meshing vertex 13 ( dtGmshVertex )
Info    : Meshing vertex 14 ( dtGmshVertex )
Info    : Meshing vertex 15 ( dtGmshVertex )
Info    : Meshing vertex 16 ( dtGmshVertex )
Info    : Meshing vertex 17 ( dtGmshVertex )
Info    : Meshing vertex 18 ( dtGmshVertex )
Info    : Meshing vertex 19 ( dtGmshVertex )
Info    : Meshing vertex 20 ( dtGmshVertex )
Info    : Meshing vertex 21 ( dtGmshVertex )
Info    : Meshing vertex 22 ( dtGmshVertex )
Info    : Meshing vertex 23 ( dtGmshVertex )
Info    : Meshing vertex 24 ( dtGmshVertex )
Info    : Meshing vertex 25 ( dtGmshVertex )
Info    : Meshing vertex 26 ( dtGmshVertex )
Info    : Meshing curve 1 (Unknown)
Debug   : Meshing curve 1 (Unknown): 11 interior vertices
Info    : Meshing curve 2 (Unknown)
Debug   : Meshing curve 2 (Unknown): 45 interior vertices
Info    : Meshing curve 3 (Unknown)
Debug   : Meshing curve 3 (Unknown): 11 interior vertices
Info    : Meshing curve 4 (Unknown)
Debug   : Meshing curve 4 (Unknown): 45 interior vertices
Info    : Meshing curve 5 (Unknown)
Debug   : Meshing curve 5 (Unknown): 5 interior vertices
Info    : Meshing curve 6 (Unknown)
Debug   : Meshing curve 6 (Unknown): 45 interior vertices
Debug   : Meshing curve 22 (Unknown): 45 interior vertices
Info    : Meshing curve 7 (Unknown)
Debug   : Meshing curve 7 (Unknown): 5 interior vertices
Info    : Meshing curve 8 (Unknown)
Debug   : Meshing curve 8 (Unknown): 5 interior vertices
Info    : Meshing curve 23 (Unknown)
Info    : Meshing curve 9 (Unknown)
Debug   : Meshing curve 9 (Unknown): 45 interior vertices
Info    : Meshing curve 10 (Unknown)
Debug   : Meshing curve 10 (Unknown): 5 interior vertices
Info    : Meshing curve 11 (Unknown)
Debug   : Meshing curve 11 (Unknown): 34 interior vertices
Info    : Meshing curve 12 (Unknown)
Debug   : Meshing curve 12 (Unknown): 34 interior vertices
Info    : Meshing curve 13 (Unknown)
Debug   : Meshing curve 16 (Unknown): 39 interior vertices
Info    : Meshing curve 17 (Unknown)
Debug   : Meshing curve 38 (Unknown): 158 interior vertices
Info    : Meshing curve 39 (Unknown)
Debug   : Meshing curve 21 (Unknown): 20 interior vertices
Info    : Meshing curve 22 (Unknown)
Debug   : Meshing curve 23 (Unknown): 12 interior vertices
Info    : Meshing curve 24 (Unknown)
Info    : Meshing vertex 1 ( dtGmshVertex )
Info    : Meshing vertex 2 ( dtGmshVertex )
Info    : Meshing vertex 3 ( dtGmshVertex )
Info    : Meshing vertex 4 ( dtGmshVertex )
Info    : Meshing vertex 5 ( dtGmshVertex )
Info    : Meshing vertex 6 ( dtGmshVertex )
Info    : Meshing vertex 7 ( dtGmshVertex )
Info    : Meshing vertex 8 ( dtGmshVertex )
Info    : Meshing vertex 9 ( dtGmshVertex )
Info    : Meshing vertex 10 ( dtGmshVertex )
Info    : Meshing vertex 11 ( dtGmshVertex )
Info    : Meshing vertex 12 ( dtGmshVertex )
Info    : Meshing vertex 13 ( dtGmshVertex )
Info    : Meshing vertex 14 ( dtGmshVertex )
Info    : Meshing vertex 15 ( dtGmshVertex )
Info    : Meshing vertex 16 ( dtGmshVertex )
Info    : Meshing vertex 17 ( dtGmshVertex )
Info    : Meshing vertex 18 ( dtGmshVertex )
Info    : Meshing vertex 19 ( dtGmshVertex )
Info    : Meshing vertex 20 ( dtGmshVertex )
Info    : Meshing vertex 21 ( dtGmshVertex )
Info    : Meshing vertex 22 ( dtGmshVertex )
Info    : Meshing vertex 23 ( dtGmshVertex )
Info    : Meshing vertex 24 ( dtGmshVertex )
Info    : Meshing vertex 25 ( dtGmshVertex )
Info    : Meshing vertex 26 ( dtGmshVertex )
Info    : Meshing curve 1 (Unknown)
Debug   : Meshing curve 1 (Unknown): 11 interior vertices
Info    : Meshing curve 2 (Unknown)
Debug   : Meshing curve 2 (Unknown): 45 interior vertices
Info    : Meshing curve 3 (Unknown)
Debug   : Meshing curve 3 (Unknown): 11 interior vertices
Info    : Meshing curve 4 (Unknown)
Debug   : Meshing curve 4 (Unknown): 45 interior vertices
Info    : Meshing curve 5 (Unknown)
Debug   : Meshing curve 5 (Unknown): 5 interior vertices
Info    : Meshing curve 6 (Unknown)
Debug   : Meshing curve 6 (Unknown): 45 interior vertices
Info    : Meshing curve 7 (Unknown)
Debug   : Meshing curve 7 (Unknown): 5 interior vertices
Info    : Meshing curve 8 (Unknown)
Debug   : Meshing curve 8 (Unknown): 5 interior vertices
Info    : Meshing curve 9 (Unknown)
Debug   : Meshing curve 9 (Unknown): 45 interior vertices
Info    : Meshing curve 10 (Unknown)
Debug   : Meshing curve 10 (Unknown): 5 interior vertices
Info    : Meshing curve 11 (Unknown)
Debug   : Meshing curve 11 (Unknown): 34 interior vertices
Info    : Meshing curve 12 (Unknown)
Debug   : Meshing curve 13 (Unknown): 55 interior vertices
Debug   : Meshing curve 12 (Unknown): 34 interior vertices
Info    : Meshing curve 13 (Unknown)
Info    : Meshing curve 14 (Unknown)
Debug   : Meshing curve 39 (Unknown): 8 interior vertices
Debug   : Meshing curve 17 (Unknown): 26 interior vertices
Info    : Meshing curve 18 (Unknown)
Info    : Meshing curve 40 (Unknown)
Debug   : Meshing curve 22 (Unknown): 40 interior vertices
Debug   : Meshing curve 24 (Unknown): 11 interior vertices
Info    : Meshing curve 23 (Unknown)
Info    : Meshing curve 25 (Unknown)
Debug   : Meshing curve 14 (Unknown): 25 interior vertices
Info    : Meshing curve 15 (Unknown)
Debug   : Meshing curve 13 (Unknown): 76 interior vertices
Info    : Meshing curve 14 (Unknown)
Debug   : Meshing curve 40 (Unknown): 23 interior vertices
Debug   : Meshing curve 18 (Unknown): 28 interior vertices
Info    : Meshing curve 19 (Unknown)
Info    : Meshing curve 41 (Unknown)
Debug   : Meshing curve 25 (Unknown): 5 interior vertices
Info    : Meshing curve 26 (Unknown)
Debug   : Meshing curve 23 (Unknown): 15 interior vertices
Info    : Meshing curve 24 (Unknown)
Debug   : Meshing curve 15 (Unknown): 24 interior vertices
Info    : Meshing curve 16 (Unknown)
Debug   : Meshing curve 14 (Unknown): 27 interior vertices
Info    : Meshing curve 15 (Unknown)
Debug   : Meshing curve 41 (Unknown): 5 interior vertices
Debug   : Meshing curve 19 (Unknown): 23 interior vertices
Info    : Meshing curve 20 (Unknown)
Info    : Meshing curve 42 (Unknown)
Debug   : Meshing curve 24 (Unknown): 15 interior vertices
Info    : Meshing curve 25 (Unknown)
Debug   : Meshing curve 15 (Unknown): 24 interior vertices
Info    : Meshing curve 16 (Unknown)
Debug   : Meshing curve 26 (Unknown): 157 interior vertices
Debug   : Meshing curve 16 (Unknown): 51 interior vertices
Info    : Meshing curve 17 (Unknown)
Info    : Meshing curve 27 (Unknown)
Debug   : Meshing curve 42 (Unknown): 9 interior vertices
Debug   : Meshing curve 20 (Unknown): 58 interior vertices
Debug   : Meshing curve 25 (Unknown): 5 interior vertices
Info    : Meshing curve 21 (Unknown)
Info    : Meshing curve 26 (Unknown)
Debug   : Meshing curve 16 (Unknown): 56 interior vertices
Info    : Meshing curve 17 (Unknown)
Debug   : Meshing curve 27 (Unknown): 3 interior vertices
Info    : Meshing curve 28 (Unknown)
Debug   : Meshing curve 17 (Unknown): 27 interior vertices
Info    : Meshing curve 18 (Unknown)
Debug   : Meshing curve 21 (Unknown): 14 interior vertices
Info    : Meshing curve 22 (Unknown)
Debug   : Meshing curve 17 (Unknown): 28 interior vertices
Info    : Meshing curve 18 (Unknown)
Debug   : Meshing curve 28 (Unknown): 24 interior vertices
Info    : Meshing curve 29 (Unknown)
Debug   : Meshing curve 26 (Unknown): 163 interior vertices
Info    : Meshing curve 27 (Unknown)
Debug   : Meshing curve 18 (Unknown): 27 interior vertices
Info    : Meshing curve 19 (Unknown)
Info    : Meshing surface 1 (Parametric surface, MeshAdapt)
Debug   : Meshing curve 22 (Unknown): 43 interior vertices
Debug   : Meshing curve 29 (Unknown): 5 interior vertices
Info    : Meshing curve 23 (Unknown)
Info    : Meshing curve 30 (Unknown)
Debug   : Meshing curve 18 (Unknown): 29 interior vertices
Debug   : Meshing curve 27 (Unknown): 6 interior vertices
Info    : Meshing curve 19 (Unknown)
Info    : Meshing curve 28 (Unknown)
Debug   : Meshing curve 19 (Unknown): 26 interior vertices
Info    : Meshing curve 20 (Unknown)
Debug   : Meshing curve 23 (Unknown): 15 interior vertices
Info    : Meshing curve 24 (Unknown)
Debug   : Meshing curve 28 (Unknown): 20 interior vertices
Debug   : Meshing curve 19 (Unknown): 32 interior vertices
Info    : Meshing curve 20 (Unknown)
Info    : Meshing curve 29 (Unknown)
Debug   : Meshing curve 30 (Unknown): 73 interior vertices
Info    : Meshing curve 31 (Unknown)
Debug   : Meshing curve 20 (Unknown): 51 interior vertices
Info    : Meshing curve 21 (Unknown)
Debug   : Meshing curve 24 (Unknown): 14 interior vertices
Debug   : Meshing curve 29 (Unknown): 5 interior vertices
Info    : Meshing curve 25 (Unknown)
Info    : Meshing curve 30 (Unknown)
Debug   : Meshing curve 31 (Unknown): 2 interior vertices
Info    : Meshing curve 32 (Unknown)
Debug   : Meshing curve 20 (Unknown): 102 interior vertices
Debug   : Meshing curve 21 (Unknown): 19 interior vertices
Info    : Meshing curve 21 (Unknown)
Info    : Meshing curve 22 (Unknown)
Debug   : Meshing curve 25 (Unknown): 4 interior vertices
Info    : Meshing curve 26 (Unknown)
Debug   : Meshing curve 32 (Unknown): 14 interior vertices
Debug   : Meshing curve 30 (Unknown): 53 interior vertices
Info    : Meshing curve 33 (Unknown)
Info    : Meshing curve 31 (Unknown)
Debug   : Meshing curve 21 (Unknown): 18 interior vertices
Info    : Meshing curve 22 (Unknown)
Debug   : Meshing curve 22 (Unknown): 39 interior vertices
Info    : Meshing curve 23 (Unknown)
Debug   : Meshing curve 31 (Unknown): 6 interior vertices
Info    : Meshing curve 32 (Unknown)
Debug   : Meshing curve 33 (Unknown): 18 interior vertices
Info    : Meshing curve 34 (Unknown)
Debug   : Meshing curve 26 (Unknown): 157 interior vertices
Info    : Meshing curve 27 (Unknown)
Debug   : Meshing curve 23 (Unknown): 13 interior vertices
Info    : Meshing curve 24 (Unknown)
Debug   : Meshing curve 22 (Unknown): 34 interior vertices
Info    : Meshing curve 23 (Unknown)
Debug   : Meshing curve 32 (Unknown): 11 interior vertices
Info    : Meshing curve 33 (Unknown)
Debug   : Meshing curve 34 (Unknown): 46 interior vertices
Info    : Meshing curve 35 (Unknown)
Debug   : Meshing curve 27 (Unknown): 6 interior vertices
Info    : Meshing curve 28 (Unknown)
Debug   : Meshing curve 23 (Unknown): 15 interior vertices
Info    : Meshing curve 24 (Unknown)
Debug   : Meshing curve 24 (Unknown): 13 interior vertices
Info    : Meshing curve 25 (Unknown)
Debug   : Meshing curve 33 (Unknown): 25 interior vertices
Info    : Meshing curve 34 (Unknown)
Debug   : Meshing curve 35 (Unknown): 16 interior vertices
Info    : Meshing curve 36 (Unknown)
Debug   : Recovering 4 model edges
Debug   : Recovering 116 mesh edges (0 not recovered)
Debug   : Meshing curve 28 (Unknown): 21 interior vertices
Info    : Meshing curve 29 (Unknown)
Debug   : Boundary edges recovered for surface 1
Debug   : Meshing curve 24 (Unknown): 11 interior vertices
Debug   : Meshing curve 25 (Unknown): 5 interior vertices
Info    : Meshing curve 25 (Unknown)
Info    : Meshing curve 26 (Unknown)
Debug   : Meshing curve 34 (Unknown): 40 interior vertices
Debug   : Computing mesh size field at mesh nodes 116
Debug   : Delaunizing the initial mesh
Info    : Meshing curve 35 (Unknown)
Debug   : Meshing curve 36 (Unknown): 16 interior vertices
Info    : Meshing curve 37 (Unknown)
Debug   : Meshing curve 29 (Unknown): 4 interior vertices
Debug   : Meshing curve 25 (Unknown): 6 interior vertices
Info    : Meshing curve 30 (Unknown)
Info    : Meshing curve 26 (Unknown)
Debug   : Starting to add internal nodes
Debug   : Meshing curve 35 (Unknown): 19 interior vertices
Debug   : Meshing curve 26 (Unknown): 163 interior vertices
Info    : Meshing curve 36 (Unknown)
Debug   : Meshing curve 37 (Unknown): 5 interior vertices
Info    : Meshing curve 27 (Unknown)
Info    : Meshing curve 38 (Unknown)
Debug   : Meshing curve 30 (Unknown): 61 interior vertices
Info    : Meshing curve 31 (Unknown)
Debug   : Meshing curve 27 (Unknown): 4 interior vertices
Debug   : Meshing curve 26 (Unknown): 177 interior vertices
Debug   : Meshing curve 36 (Unknown): 13 interior vertices
Info    : Meshing curve 28 (Unknown)
Info    : Meshing curve 27 (Unknown)
Info    : Meshing curve 37 (Unknown)
Debug   : Meshing curve 31 (Unknown): 6 interior vertices
Info    : Meshing curve 32 (Unknown)
Debug   : Meshing curve 38 (Unknown): 165 interior vertices
Info    : Meshing curve 39 (Unknown)
Debug   : Meshing curve 28 (Unknown): 19 interior vertices
Info    : Meshing curve 29 (Unknown)
Debug   : Meshing curve 27 (Unknown): 4 interior vertices
Debug   : Meshing curve 37 (Unknown): 7 interior vertices
Info    : Meshing curve 28 (Unknown)
Info    : Meshing curve 38 (Unknown)
Debug   : Meshing curve 32 (Unknown): 12 interior vertices
Info    : Meshing curve 33 (Unknown)
Debug   : Meshing curve 39 (Unknown): 7 interior vertices
Debug   : Meshing curve 29 (Unknown): 5 interior vertices
Info    : Meshing curve 40 (Unknown)
Info    : Meshing curve 30 (Unknown)
Debug   : Meshing curve 28 (Unknown): 27 interior vertices
Info    : Meshing curve 29 (Unknown)
Debug   : Meshing curve 33 (Unknown): 21 interior vertices
Debug   : Meshing curve 38 (Unknown): 163 interior vertices
Info    : Meshing curve 34 (Unknown)
Debug   : Meshing curve 29 (Unknown): 6 interior vertices
Info    : Meshing curve 39 (Unknown)
Info    : Meshing curve 30 (Unknown)
Debug   : Meshing curve 40 (Unknown): 24 interior vertices
Debug   : Meshing curve 30 (Unknown): 53 interior vertices
Info    : Meshing curve 41 (Unknown)
Info    : Meshing curve 31 (Unknown)
Debug   : Meshing curve 39 (Unknown): 9 interior vertices
Info    : Meshing curve 40 (Unknown)
Debug   : Meshing curve 31 (Unknown): 4 interior vertices
Debug   : Meshing curve 41 (Unknown): 5 interior vertices
Debug   : Meshing curve 34 (Unknown): 43 interior vertices
Info    : Meshing curve 32 (Unknown)
Info    : Meshing curve 35 (Unknown)
Info    : Meshing curve 42 (Unknown)
Debug   : Meshing curve 30 (Unknown): 101 interior vertices
Info    : Meshing curve 31 (Unknown)
Debug   :  iter   1 minL    0.353/   0.700 maxL    4.138/   1.400 -- Small/Large/Total (   146/   676/  1333):    421 splits,    216 swaps,     53 collapses,   1202 moves
Debug   : Meshing curve 32 (Unknown): 13 interior vertices
Debug   : Meshing curve 40 (Unknown): 28 interior vertices
Info    : Meshing curve 33 (Unknown)
Debug   : Meshing curve 42 (Unknown): 9 interior vertices
Info    : Meshing curve 41 (Unknown)
Debug   : Meshing curve 35 (Unknown): 14 interior vertices
Info    : Meshing surface 1 (Parametric surface, MeshAdapt)
Info    : Meshing curve 36 (Unknown)
Debug   : Meshing curve 31 (Unknown): 4 interior vertices
Info    : Meshing curve 32 (Unknown)
Debug   : Meshing curve 33 (Unknown): 26 interior vertices
Debug   : Meshing curve 41 (Unknown): 6 interior vertices
Info    : Meshing curve 34 (Unknown)
Debug   : Meshing curve 36 (Unknown): 12 interior vertices
Info    : Meshing curve 42 (Unknown)
Info    : Meshing curve 37 (Unknown)
Debug   : Meshing curve 32 (Unknown): 14 interior vertices
Info    : Meshing curve 33 (Unknown)
Debug   : Recovering 4 model edges
Debug   : Recovering 116 mesh edges (0 not recovered)
Debug   : Boundary edges recovered for surface 1
Debug   : Computing mesh size field at mesh nodes 116
Debug   : Delaunizing the initial mesh
Debug   : Starting to add internal nodes
Debug   : Meshing curve 42 (Unknown): 9 interior vertices
Debug   :  iter   2 minL    0.413/   0.700 maxL    2.174/   1.400 -- Small/Large/Total (   371/     7/  2476):    676 splits,    872 swaps,    295 collapses,   2693 moves
Debug   : Meshing curve 37 (Unknown): 6 interior vertices
Info    : Meshing surface 1 (Parametric surface, MeshAdapt)
Debug   : Meshing curve 34 (Unknown): 41 interior vertices
Info    : Meshing curve 38 (Unknown)
Debug   : Meshing curve 33 (Unknown): 30 interior vertices
Info    : Meshing curve 35 (Unknown)
Info    : Meshing curve 34 (Unknown)
Debug   :  iter   3 minL    0.570/   0.700 maxL    1.382/   1.400 -- Small/Large/Total (    28/     0/  2071):      7 splits,     20 swaps,    142 collapses,    882 moves
Debug   :  iter   1 minL    0.353/   0.700 maxL    4.138/   1.400 -- Small/Large/Total (   146/   676/  1333):    421 splits,    216 swaps,     53 collapses,   1202 moves
Debug   : Meshing curve 35 (Unknown): 19 interior vertices
Info    : Meshing curve 36 (Unknown)
Debug   : Meshing curve 34 (Unknown): 34 interior vertices
Debug   :  iter   4 minL    0.570/   0.700 maxL    1.382/   1.400 -- Small/Large/Total (    25/     0/  2071):      0 splits,      0 swaps,      0 collapses,     93 moves
Info    : Meshing curve 35 (Unknown)
Debug   :  ---------------------------------------
Debug   :  CPU Report 
Debug   :  ---------------------------------------
Debug   :  CPU SWAP     4.14100E-03 sec (  4 %)
Debug   :  CPU SPLIT    1.06160E-02 sec ( 10 %) 
Debug   :  CPU COLLAPS  3.32860E-02 sec ( 30 %) 
Debug   :  CPU SMOOTH   6.31350E-02 sec ( 57 %) 
Debug   :  ---------------------------------------
Debug   :  CPU TOTAL    1.11178E-01 sec 
Debug   :  ---------------------------------------
Debug   : Recovering 4 model edges
Debug   : Recovering 116 mesh edges (0 not recovered)
Debug   : Boundary edges recovered for surface 1
Debug   : Computing mesh size field at mesh nodes 116
Debug   : Delaunizing the initial mesh
Debug   : Meshing curve 38 (Unknown): 155 interior vertices
Debug   : Starting to add internal nodes
Info    : Meshing curve 39 (Unknown)
Debug   : Meshing curve 36 (Unknown): 15 interior vertices
Debug   :  iter   1 minL    0.570/   0.700 maxL    1.382/   1.400 -- Small/Large/Total (    21/     0/  2071):      0 splits,      0 swaps,      0 collapses,     55 moves
Info    : Meshing curve 37 (Unknown)
Debug   : Meshing curve 35 (Unknown): 18 interior vertices
Debug   :  ---------------------------------------
Debug   :  CPU Report 
Debug   :  ---------------------------------------
Debug   :  CPU SWAP     7.69000E-04 sec (  6 %)
Debug   :  CPU SPLIT    5.55200E-03 sec ( 44 %) 
Debug   :  CPU COLLAPS  2.74500E-03 sec ( 22 %) 
Debug   :  CPU SMOOTH   3.65900E-03 sec ( 29 %) 
Debug   :  ---------------------------------------
Debug   :  CPU TOTAL    1.27250E-02 sec 
Debug   :  ---------------------------------------
Info    : Meshing curve 36 (Unknown)
Debug   : Meshing curve 39 (Unknown): 7 interior vertices
Info    : Meshing curve 40 (Unknown)
Debug   :  iter   1 minL    0.353/   0.700 maxL    4.138/   1.400 -- Small/Large/Total (   146/   676/  1333):    421 splits,    216 swaps,     53 collapses,   1202 moves
Debug   : Meshing curve 37 (Unknown): 6 interior vertices
Info    : Meshing curve 38 (Unknown)
Debug   : Meshing curve 36 (Unknown): 14 interior vertices
Info    : Meshing curve 37 (Unknown)
Debug   :  iter   2 minL    0.413/   0.700 maxL    2.174/   1.400 -- Small/Large/Total (   371/     7/  2476):    676 splits,    872 swaps,    295 collapses,   2693 moves
Debug   : Type 23 1342 triangles generated, 614 internal nodes
Info    : Meshing surface 2 (Parametric surface, MeshAdapt)
Debug   : Meshing curve 40 (Unknown): 22 interior vertices
Info    : Meshing curve 41 (Unknown)
Debug   : Meshing curve 37 (Unknown): 7 interior vertices
Debug   :  iter   3 minL    0.570/   0.700 maxL    1.382/   1.400 -- Small/Large/Total (    28/     0/  2071):      7 splits,     20 swaps,    142 collapses,    882 moves
Info    : Meshing curve 38 (Unknown)
Debug   :  iter   4 minL    0.570/   0.700 maxL    1.382/   1.400 -- Small/Large/Total (    25/     0/  2071):      0 splits,      0 swaps,      0 collapses,     93 moves
Debug   : Meshing curve 38 (Unknown): 162 interior vertices
Info    : Meshing curve 39 (Unknown)
Debug   : Meshing curve 41 (Unknown): 6 interior vertices
Debug   :  ---------------------------------------
Debug   :  CPU Report 
Debug   :  ---------------------------------------
Debug   :  CPU SWAP     4.21600E-03 sec (  4 %)
Debug   :  CPU SPLIT    1.09770E-02 sec ( 10 %) 
Debug   :  CPU COLLAPS  3.26160E-02 sec ( 29 %) 
Debug   :  CPU SMOOTH   6.44160E-02 sec ( 57 %) 
Debug   :  ---------------------------------------
Debug   :  CPU TOTAL    1.12225E-01 sec 
Debug   :  ---------------------------------------
Info    : Meshing curve 42 (Unknown)
Debug   : Recovering 4 model edges
Debug   : Recovering 104 mesh edges (0 not recovered)
Debug   : Boundary edges recovered for surface 2
Debug   : Computing mesh size field at mesh nodes 104
Debug   : Delaunizing the initial mesh
Debug   :  iter   2 minL    0.413/   0.700 maxL    2.174/   1.400 -- Small/Large/Total (   371/     7/  2476):    676 splits,    872 swaps,    295 collapses,   2693 moves
Debug   : Starting to add internal nodes
Debug   :  iter   1 minL    0.570/   0.700 maxL    1.382/   1.400 -- Small/Large/Total (    21/     0/  2071):      0 splits,      0 swaps,      0 collapses,     55 moves
Debug   :  ---------------------------------------
Debug   :  CPU Report 
Debug   :  ---------------------------------------
Debug   :  CPU SWAP     7.65000E-04 sec (  6 %)
Debug   :  CPU SPLIT    5.32500E-03 sec ( 43 %) 
Debug   :  CPU COLLAPS  2.63500E-03 sec ( 21 %) 
Debug   :  CPU SMOOTH   3.69100E-03 sec ( 30 %) 
Debug   :  ---------------------------------------
Debug   :  CPU TOTAL    1.24160E-02 sec 
Debug   :  ---------------------------------------
Debug   : Meshing curve 39 (Unknown): 8 interior vertices
Debug   : Type 23 1342 triangles generated, 614 internal nodes
Info    : Meshing curve 40 (Unknown)
Debug   : Meshing curve 38 (Unknown): 157 interior vertices
Info    : Meshing surface 2 (Parametric surface, MeshAdapt)
Info    : Meshing curve 39 (Unknown)
Debug   : Meshing curve 42 (Unknown): 7 interior vertices
Info    : Meshing surface 1 (Parametric surface, MeshAdapt)
Debug   :  iter   3 minL    0.570/   0.700 maxL    1.382/   1.400 -- Small/Large/Total (    28/     0/  2071):      7 splits,     20 swaps,    142 collapses,    882 moves
Debug   :  iter   1 minL    0.533/   0.700 maxL    1.546/   1.400 -- Small/Large/Total (   153/    97/  1141):    373 splits,    277 swaps,     61 collapses,   1083 moves
Debug   :  iter   4 minL    0.570/   0.700 maxL    1.382/   1.400 -- Small/Large/Total (    25/     0/  2071):      0 splits,      0 swaps,      0 collapses,     93 moves
Debug   :  ---------------------------------------
Debug   :  CPU Report 
Debug   :  ---------------------------------------
Debug   :  CPU SWAP     4.20500E-03 sec (  4 %)
Debug   :  CPU SPLIT    1.05290E-02 sec ( 10 %) 
Debug   :  CPU COLLAPS  3.00110E-02 sec ( 27 %) 
Debug   :  CPU SMOOTH   6.53490E-02 sec ( 59 %) 
Debug   :  ---------------------------------------
Debug   :  CPU TOTAL    1.10094E-01 sec 
Debug   :  ---------------------------------------
Debug   : Meshing curve 40 (Unknown): 28 interior vertices
Info    : Meshing curve 41 (Unknown)
Debug   : Meshing curve 39 (Unknown): 8 interior vertices
Debug   :  iter   2 minL    0.533/   0.700 maxL    1.358/   1.400 -- Small/Large/Total (    22/     0/  1084):     97 splits,    121 swaps,    116 collapses,    612 moves
Info    : Meshing curve 40 (Unknown)
Debug   :  iter   3 minL    0.624/   0.700 maxL    1.358/   1.400 -- Small/Large/Total (    15/     0/  1078):      0 splits,      1 swaps,      2 collapses,     51 moves
Debug   :  iter   1 minL    0.570/   0.700 maxL    1.382/   1.400 -- Small/Large/Total (    21/     0/  2071):      0 splits,      0 swaps,      0 collapses,     55 moves
Debug   : Recovering 4 model edges
Debug   : Recovering 104 mesh edges (0 not recovered)
Debug   : Boundary edges recovered for surface 2
Debug   : Computing mesh size field at mesh nodes 104
Debug   : Delaunizing the initial mesh
Debug   : Starting to add internal nodes
Debug   :  iter   4 minL    0.624/   0.700 maxL    1.358/   1.400 -- Small/Large/Total (    15/     0/  1078):      0 splits,      0 swaps,      0 collapses,     31 moves
Debug   :  ---------------------------------------
Debug   :  CPU Report 
Debug   :  ---------------------------------------
Debug   :  CPU SWAP     7.68000E-04 sec (  6 %)
Debug   :  CPU SPLIT    5.13800E-03 sec ( 42 %) 
Debug   :  CPU COLLAPS  2.51200E-03 sec ( 21 %) 
Debug   :  CPU SMOOTH   3.70100E-03 sec ( 31 %) 
Debug   :  ---------------------------------------
Debug   :  CPU TOTAL    1.21190E-02 sec 
Debug   :  ---------------------------------------
Debug   :  ---------------------------------------
Debug   :  CPU Report 
Debug   :  ---------------------------------------
Debug   :  CPU SWAP     1.92600E-03 sec (  4 %)
Debug   :  CPU SPLIT    7.51000E-03 sec ( 16 %) 
Debug   :  CPU COLLAPS  1.57560E-02 sec ( 33 %) 
Debug   :  CPU SMOOTH   2.31250E-02 sec ( 48 %) 
Debug   :  ---------------------------------------
Debug   :  CPU TOTAL    4.83170E-02 sec 
Debug   :  ---------------------------------------
Debug   : Type 23 1342 triangles generated, 614 internal nodes
Debug   : Recovering 4 model edges
Debug   : Recovering 116 mesh edges (0 not recovered)
Debug   : Boundary edges recovered for surface 1
Debug   : Computing mesh size field at mesh nodes 116
Debug   : Delaunizing the initial mesh
Info    : Meshing surface 2 (Parametric surface, MeshAdapt)
Debug   : Starting to add internal nodes
Debug   : Meshing curve 41 (Unknown): 6 interior vertices
Debug   :  iter   1 minL    0.624/   0.700 maxL    1.298/   1.400 -- Small/Large/Total (    15/     0/  1078):      0 splits,      0 swaps,      0 collapses,     27 moves
Debug   : Meshing curve 40 (Unknown): 21 interior vertices
Info    : Meshing curve 42 (Unknown)
Debug   :  ---------------------------------------
Debug   :  CPU Report 
Debug   :  ---------------------------------------
Debug   :  CPU SWAP     3.77000E-04 sec (  5 %)
Debug   :  CPU SPLIT    3.47800E-03 sec ( 48 %) 
Debug   :  CPU COLLAPS  1.72700E-03 sec ( 24 %) 
Debug   :  CPU SMOOTH   1.65600E-03 sec ( 23 %) 
Debug   :  ---------------------------------------
Debug   :  CPU TOTAL    7.23800E-03 sec 
Debug   :  ---------------------------------------
Info    : Meshing curve 41 (Unknown)
Debug   : Type 23 684 triangles generated, 291 internal nodes
Info    : Meshing surface 3 (Parametric surface, MeshAdapt)
Debug   :  iter   1 minL    0.533/   0.700 maxL    1.546/   1.400 -- Small/Large/Total (   153/    97/  1141):    373 splits,    277 swaps,     61 collapses,   1083 moves
Debug   : Meshing curve 42 (Unknown): 8 interior vertices
Debug   : Meshing curve 41 (Unknown): 7 interior vertices
Info    : Meshing surface 1 (Parametric surface, MeshAdapt)
Debug   :  iter   1 minL    0.353/   0.700 maxL    4.138/   1.400 -- Small/Large/Total (   146/   676/  1333):    421 splits,    216 swaps,     53 collapses,   1202 moves
Info    : Meshing curve 42 (Unknown)
Debug   :  iter   2 minL    0.533/   0.700 maxL    1.358/   1.400 -- Small/Large/Total (    22/     0/  1084):     97 splits,    121 swaps,    116 collapses,    612 moves
Debug   : Recovering 4 model edges
Debug   : Recovering 104 mesh edges (0 not recovered)
Debug   : Boundary edges recovered for surface 2
Debug   : Computing mesh size field at mesh nodes 104
Debug   : Delaunizing the initial mesh
Debug   : Starting to add internal nodes
Debug   :  iter   3 minL    0.624/   0.700 maxL    1.358/   1.400 -- Small/Large/Total (    15/     0/  1078):      0 splits,      1 swaps,      2 collapses,     51 moves
Debug   :  iter   4 minL    0.624/   0.700 maxL    1.358/   1.400 -- Small/Large/Total (    15/     0/  1078):      0 splits,      0 swaps,      0 collapses,     31 moves
Debug   : Recovering 4 model edges
Debug   : Recovering 104 mesh edges (0 not recovered)
Debug   : Boundary edges recovered for surface 3
Debug   : Computing mesh size field at mesh nodes 104
Debug   : Delaunizing the initial mesh
Debug   : Starting to add internal nodes
Debug   :  ---------------------------------------
Debug   :  CPU Report 
Debug   :  ---------------------------------------
Debug   :  CPU SWAP     1.96500E-03 sec (  4 %)
Debug   :  CPU SPLIT    8.43400E-03 sec ( 16 %) 
Debug   :  CPU COLLAPS  1.75230E-02 sec ( 34 %) 
Debug   :  CPU SMOOTH   2.33680E-02 sec ( 46 %) 
Debug   :  ---------------------------------------
Debug   :  CPU TOTAL    5.12900E-02 sec 
Debug   :  ---------------------------------------
Debug   : Meshing curve 42 (Unknown): 8 interior vertices
Info    : Meshing surface 1 (Parametric surface, MeshAdapt)
Debug   :  iter   1 minL    0.624/   0.700 maxL    1.298/   1.400 -- Small/Large/Total (    15/     0/  1078):      0 splits,      0 swaps,      0 collapses,     27 moves
Debug   :  ---------------------------------------
Debug   :  CPU Report 
Debug   :  ---------------------------------------
Debug   :  CPU SWAP     3.77000E-04 sec (  5 %)
Debug   :  CPU SPLIT    3.91200E-03 sec ( 49 %) 
Debug   :  CPU COLLAPS  1.94900E-03 sec ( 25 %) 
Debug   :  CPU SMOOTH   1.66800E-03 sec ( 21 %) 
Debug   :  ---------------------------------------
Debug   :  CPU TOTAL    7.90600E-03 sec 
Debug   :  ---------------------------------------
Debug   : Type 23 684 triangles generated, 291 internal nodes
Debug   :  iter   1 minL    0.533/   0.700 maxL    1.546/   1.400 -- Small/Large/Total (   153/    97/  1141):    373 splits,    277 swaps,     61 collapses,   1083 moves
Info    : Meshing surface 3 (Parametric surface, MeshAdapt)
Debug   : Recovering 4 model edges
Debug   : Recovering 116 mesh edges (0 not recovered)
Debug   : Boundary edges recovered for surface 1
Debug   : Computing mesh size field at mesh nodes 116
Debug   : Delaunizing the initial mesh
Debug   : Starting to add internal nodes
Debug   :  iter   1 minL    0.533/   0.700 maxL    1.546/   1.400 -- Small/Large/Total (   153/   105/  1141):    373 splits,    275 swaps,     61 collapses,   1089 moves
Debug   :  iter   2 minL    0.533/   0.700 maxL    1.358/   1.400 -- Small/Large/Total (    22/     0/  1084):     97 splits,    121 swaps,    116 collapses,    612 moves
Debug   :  iter   2 minL    0.533/   0.700 maxL    1.358/   1.400 -- Small/Large/Total (    22/     0/  1096):    105 splits,    125 swaps,    120 collapses,    630 moves
Debug   :  iter   3 minL    0.624/   0.700 maxL    1.358/   1.400 -- Small/Large/Total (    15/     0/  1078):      0 splits,      1 swaps,      2 collapses,     51 moves
Debug   :  iter   2 minL    0.413/   0.700 maxL    2.174/   1.400 -- Small/Large/Total (   371/     7/  2476):    676 splits,    872 swaps,    295 collapses,   2693 moves
Debug   :  iter   3 minL    0.624/   0.700 maxL    1.358/   1.400 -- Small/Large/Total (    15/     0/  1090):      0 splits,      1 swaps,      2 collapses,     53 moves
Debug   :  iter   4 minL    0.624/   0.700 maxL    1.358/   1.400 -- Small/Large/Total (    15/     0/  1078):      0 splits,      0 swaps,      0 collapses,     31 moves
Debug   :  ---------------------------------------
Debug   :  CPU Report 
Debug   :  ---------------------------------------
Debug   :  CPU SWAP     1.94800E-03 sec (  4 %)
Debug   :  CPU SPLIT    8.05600E-03 sec ( 16 %) 
Debug   :  CPU COLLAPS  1.70080E-02 sec ( 34 %) 
Debug   :  CPU SMOOTH   2.36730E-02 sec ( 47 %) 
Debug   :  ---------------------------------------
Debug   :  CPU TOTAL    5.06850E-02 sec 
Debug   :  ---------------------------------------
Debug   :  iter   4 minL    0.624/   0.700 maxL    1.298/   1.400 -- Small/Large/Total (    15/     0/  1090):      0 splits,      0 swaps,      0 collapses,     30 moves
Debug   : Recovering 4 model edges
Debug   : Recovering 116 mesh edges (0 not recovered)
Debug   : Boundary edges recovered for surface 1
Debug   : Computing mesh size field at mesh nodes 116
Debug   : Delaunizing the initial mesh
Debug   :  ---------------------------------------
Debug   :  CPU Report 
Debug   :  ---------------------------------------
Debug   :  CPU SWAP     1.98100E-03 sec (  4 %)
Debug   :  CPU SPLIT    6.27700E-03 sec ( 14 %) 
Debug   :  CPU COLLAPS  1.32410E-02 sec ( 30 %) 
Debug   :  CPU SMOOTH   2.31690E-02 sec ( 52 %) 
Debug   :  ---------------------------------------
Debug   :  CPU TOTAL    4.46680E-02 sec 
Debug   :  ---------------------------------------
Debug   :  iter   1 minL    0.353/   0.700 maxL    4.138/   1.400 -- Small/Large/Total (   146/   676/  1333):    421 splits,    216 swaps,     53 collapses,   1202 moves
Debug   : Starting to add internal nodes
Debug   : Recovering 4 model edges
Debug   : Recovering 104 mesh edges (0 not recovered)
Debug   : Boundary edges recovered for surface 3
Debug   : Computing mesh size field at mesh nodes 104
Debug   : Delaunizing the initial mesh
Debug   : Starting to add internal nodes
Debug   :  iter   1 minL    0.624/   0.700 maxL    1.298/   1.400 -- Small/Large/Total (    15/     0/  1078):      0 splits,      0 swaps,      0 collapses,     27 moves
Debug   :  ---------------------------------------
Debug   :  CPU Report 
Debug   :  ---------------------------------------
Debug   :  CPU SWAP     3.76000E-04 sec (  5 %)
Debug   :  CPU SPLIT    3.77800E-03 sec ( 49 %) 
Debug   :  CPU COLLAPS  1.85500E-03 sec ( 24 %) 
Debug   :  CPU SMOOTH   1.66500E-03 sec ( 22 %) 
Debug   :  ---------------------------------------
Debug   :  CPU TOTAL    7.67400E-03 sec 
Debug   :  ---------------------------------------
Debug   :  iter   1 minL    0.624/   0.700 maxL    1.298/   1.400 -- Small/Large/Total (    15/     0/  1090):      0 splits,      0 swaps,      0 collapses,     26 moves
Debug   : Type 23 684 triangles generated, 291 internal nodes
Debug   :  iter   3 minL    0.570/   0.700 maxL    1.382/   1.400 -- Small/Large/Total (    28/     0/  2071):      7 splits,     20 swaps,    142 collapses,    882 moves
Debug   :  ---------------------------------------
Debug   :  CPU Report 
Debug   :  ---------------------------------------
Debug   :  CPU SWAP     3.81000E-04 sec (  6 %)
Debug   :  CPU SPLIT    2.85500E-03 sec ( 46 %) 
Debug   :  CPU COLLAPS  1.38800E-03 sec ( 22 %) 
Debug   :  CPU SMOOTH   1.63100E-03 sec ( 26 %) 
Debug   :  ---------------------------------------
Debug   :  CPU TOTAL    6.25500E-03 sec 
Debug   :  ---------------------------------------
Debug   : Type 23 692 triangles generated, 295 internal nodes
Info    : Meshing surface 3 (Parametric surface, MeshAdapt)
Info    : Meshing surface 4 (Parametric surface, MeshAdapt)
Debug   :  iter   4 minL    0.570/   0.700 maxL    1.382/   1.400 -- Small/Large/Total (    25/     0/  2071):      0 splits,      0 swaps,      0 collapses,     93 moves
Debug   :  ---------------------------------------
Debug   :  CPU Report 
Debug   :  ---------------------------------------
Debug   :  CPU SWAP     4.18800E-03 sec (  4 %)
Debug   :  CPU SPLIT    1.03740E-02 sec ( 10 %) 
Debug   :  CPU COLLAPS  2.84010E-02 sec ( 27 %) 
Debug   :  CPU SMOOTH   6.41010E-02 sec ( 60 %) 
Debug   :  ---------------------------------------
Debug   :  CPU TOTAL    1.07064E-01 sec 
Debug   :  ---------------------------------------
Debug   :  iter   1 minL    0.533/   0.700 maxL    1.546/   1.400 -- Small/Large/Total (   153/   105/  1141):    373 splits,    275 swaps,     61 collapses,   1089 moves
Debug   :  iter   1 minL    0.353/   0.700 maxL    4.138/   1.400 -- Small/Large/Total (   146/   676/  1333):    421 splits,    216 swaps,     53 collapses,   1202 moves
Debug   :  iter   1 minL    0.570/   0.700 maxL    1.382/   1.400 -- Small/Large/Total (    21/     0/  2071):      0 splits,      0 swaps,      0 collapses,     55 moves
Debug   :  iter   2 minL    0.533/   0.700 maxL    1.358/   1.400 -- Small/Large/Total (    22/     0/  1096):    105 splits,    125 swaps,    120 collapses,    630 moves
Debug   :  ---------------------------------------
Debug   :  CPU Report 
Debug   :  ---------------------------------------
Debug   :  CPU SWAP     7.68000E-04 sec (  7 %)
Debug   :  CPU SPLIT    4.88200E-03 sec ( 42 %) 
Debug   :  CPU COLLAPS  2.38000E-03 sec ( 20 %) 
Debug   :  CPU SMOOTH   3.69100E-03 sec ( 31 %) 
Debug   :  ---------------------------------------
Debug   :  CPU TOTAL    1.17210E-02 sec 
Debug   :  ---------------------------------------
Debug   : Type 23 1342 triangles generated, 614 internal nodes
Debug   :  iter   3 minL    0.624/   0.700 maxL    1.358/   1.400 -- Small/Large/Total (    15/     0/  1090):      0 splits,      1 swaps,      2 collapses,     53 moves
Info    : Meshing surface 2 (Parametric surface, MeshAdapt)
Debug   : Recovering 4 model edges
Debug   : Recovering 104 mesh edges (0 not recovered)
Debug   : Boundary edges recovered for surface 3
Debug   : Computing mesh size field at mesh nodes 104
Debug   : Delaunizing the initial mesh
Debug   : Recovering 4 model edges
Debug   : Recovering 59 mesh edges (0 not recovered)
Debug   : Boundary edges recovered for surface 4
Debug   : Computing mesh size field at mesh nodes 59
Debug   : Delaunizing the initial mesh
Debug   : Starting to add internal nodes
Debug   : Starting to add internal nodes
Debug   :  iter   4 minL    0.624/   0.700 maxL    1.298/   1.400 -- Small/Large/Total (    15/     0/  1090):      0 splits,      0 swaps,      0 collapses,     30 moves
Debug   :  ---------------------------------------
Debug   :  CPU Report 
Debug   :  ---------------------------------------
Debug   :  CPU SWAP     1.98700E-03 sec (  4 %)
Debug   :  CPU SPLIT    6.55900E-03 sec ( 14 %) 
Debug   :  CPU COLLAPS  1.36480E-02 sec ( 30 %) 
Debug   :  CPU SMOOTH   2.34980E-02 sec ( 51 %) 
Debug   :  ---------------------------------------
Debug   :  CPU TOTAL    4.56920E-02 sec 
Debug   :  ---------------------------------------
Debug   :  iter   2 minL    0.413/   0.700 maxL    2.174/   1.400 -- Small/Large/Total (   371/     7/  2476):    676 splits,    872 swaps,    295 collapses,   2693 moves
Debug   :  iter   1 minL    0.624/   0.700 maxL    1.298/   1.400 -- Small/Large/Total (    15/     0/  1090):      0 splits,      0 swaps,      0 collapses,     26 moves
Debug   :  ---------------------------------------
Debug   :  CPU Report 
Debug   :  ---------------------------------------
Debug   :  CPU SWAP     3.81000E-04 sec (  6 %)
Debug   :  CPU SPLIT    2.96200E-03 sec ( 46 %) 
Debug   :  CPU COLLAPS  1.47800E-03 sec ( 23 %) 
Debug   :  CPU SMOOTH   1.67800E-03 sec ( 26 %) 
Debug   :  ---------------------------------------
Debug   :  CPU TOTAL    6.49900E-03 sec 
Debug   :  ---------------------------------------
Debug   : Type 23 692 triangles generated, 295 internal nodes
Info    : Meshing surface 4 (Parametric surface, MeshAdapt)
Debug   :  iter   1 minL    0.388/   0.700 maxL    6.144/   1.400 -- Small/Large/Total (    27/   215/   598):    211 splits,    348 swaps,     50 collapses,    567 moves
Debug   :  iter   1 minL    0.533/   0.700 maxL    1.546/   1.400 -- Small/Large/Total (   153/   105/  1141):    373 splits,    275 swaps,     61 collapses,   1089 moves
Debug   :  iter   3 minL    0.570/   0.700 maxL    1.382/   1.400 -- Small/Large/Total (    28/     0/  2071):      7 splits,     20 swaps,    142 collapses,    882 moves
Debug   : Recovering 4 model edges
Debug   : Recovering 104 mesh edges (0 not recovered)
Debug   : Boundary edges recovered for surface 2
Debug   : Computing mesh size field at mesh nodes 104
Debug   : Delaunizing the initial mesh
Debug   : Starting to add internal nodes
Debug   :  iter   2 minL    0.533/   0.700 maxL    1.358/   1.400 -- Small/Large/Total (    22/     0/  1096):    105 splits,    125 swaps,    120 collapses,    630 moves
Debug   :  iter   2 minL    0.413/   0.700 maxL    2.174/   1.400 -- Small/Large/Total (   371/     7/  2476):    676 splits,    872 swaps,    295 collapses,   2693 moves
Debug   :  iter   2 minL    0.615/   0.700 maxL    1.376/   1.400 -- Small/Large/Total (    32/     0/  1039):    216 splits,    110 swaps,     69 collapses,    874 moves
Debug   :  iter   4 minL    0.570/   0.700 maxL    1.382/   1.400 -- Small/Large/Total (    25/     0/  2071):      0 splits,      0 swaps,      0 collapses,     93 moves
Debug   :  iter   3 minL    0.624/   0.700 maxL    1.358/   1.400 -- Small/Large/Total (    15/     0/  1090):      0 splits,      1 swaps,      2 collapses,     53 moves
Debug   :  ---------------------------------------
Debug   :  CPU Report 
Debug   :  ---------------------------------------
Debug   :  CPU SWAP     3.25100E-03 sec (  3 %)
Debug   :  CPU SPLIT    1.18150E-02 sec ( 10 %) 
Debug   :  CPU COLLAPS  3.46790E-02 sec ( 31 %) 
Debug   :  CPU SMOOTH   6.36160E-02 sec ( 56 %) 
Debug   :  ---------------------------------------
Debug   :  CPU TOTAL    1.13361E-01 sec 
Debug   :  ---------------------------------------
Debug   :  iter   4 minL    0.624/   0.700 maxL    1.298/   1.400 -- Small/Large/Total (    15/     0/  1090):      0 splits,      0 swaps,      0 collapses,     30 moves
Debug   :  ---------------------------------------
Debug   :  CPU Report 
Debug   :  ---------------------------------------
Debug   :  CPU SWAP     1.98300E-03 sec (  4 %)
Debug   :  CPU SPLIT    7.02100E-03 sec ( 15 %) 
Debug   :  CPU COLLAPS  1.49080E-02 sec ( 31 %) 
Debug   :  CPU SMOOTH   2.38060E-02 sec ( 50 %) 
Debug   :  ---------------------------------------
Debug   :  CPU TOTAL    4.77180E-02 sec 
Debug   :  ---------------------------------------
Debug   : Recovering 4 model edges
Debug   : Recovering 59 mesh edges (0 not recovered)
Debug   : Boundary edges recovered for surface 4
Debug   : Computing mesh size field at mesh nodes 59
Debug   : Delaunizing the initial mesh
Debug   : Starting to add internal nodes
Debug   :  iter   3 minL    0.578/   0.700 maxL    1.415/   1.400 -- Small/Large/Total (    25/     1/  1033):      0 splits,      0 swaps,      2 collapses,    127 moves
Debug   :  iter   1 minL    0.533/   0.700 maxL    1.546/   1.400 -- Small/Large/Total (   153/    97/  1141):    373 splits,    277 swaps,     61 collapses,   1083 moves
Debug   :  iter   1 minL    0.624/   0.700 maxL    1.298/   1.400 -- Small/Large/Total (    15/     0/  1090):      0 splits,      0 swaps,      0 collapses,     26 moves
Debug   :  iter   3 minL    0.570/   0.700 maxL    1.382/   1.400 -- Small/Large/Total (    28/     0/  2071):      7 splits,     20 swaps,    142 collapses,    882 moves
Debug   :  ---------------------------------------
Debug   :  CPU Report 
Debug   :  ---------------------------------------
Debug   :  CPU SWAP     3.82000E-04 sec (  6 %)
Debug   :  CPU SPLIT    3.22200E-03 sec ( 47 %) 
Debug   :  CPU COLLAPS  1.60400E-03 sec ( 23 %) 
Debug   :  CPU SMOOTH   1.65700E-03 sec ( 24 %) 
Debug   :  ---------------------------------------
Debug   :  CPU TOTAL    6.86500E-03 sec 
Debug   :  ---------------------------------------
Debug   :  iter   1 minL    0.570/   0.700 maxL    1.382/   1.400 -- Small/Large/Total (    21/     0/  2071):      0 splits,      0 swaps,      0 collapses,     55 moves
Debug   : Type 23 692 triangles generated, 295 internal nodes
Debug   :  iter   4 minL    0.578/   0.700 maxL    1.385/   1.400 -- Small/Large/Total (    24/     0/  1036):      1 splits,      1 swaps,      0 collapses,     45 moves
Debug   :  ---------------------------------------
Debug   :  CPU Report 
Debug   :  ---------------------------------------
Debug   :  CPU SWAP     7.73000E-04 sec (  6 %)
Debug   :  CPU SPLIT    5.87300E-03 sec ( 45 %) 
Debug   :  CPU COLLAPS  2.91700E-03 sec ( 22 %) 
Debug   :  CPU SMOOTH   3.56900E-03 sec ( 27 %) 
Debug   :  ---------------------------------------
Debug   :  CPU TOTAL    1.31320E-02 sec 
Debug   :  ---------------------------------------
Info    : Meshing surface 4 (Parametric surface, MeshAdapt)
Debug   : Type 23 1342 triangles generated, 614 internal nodes
Debug   :  iter   4 minL    0.570/   0.700 maxL    1.382/   1.400 -- Small/Large/Total (    25/     0/  2071):      0 splits,      0 swaps,      0 collapses,     93 moves
Info    : Meshing surface 2 (Parametric surface, MeshAdapt)
Debug   :  iter   2 minL    0.533/   0.700 maxL    1.358/   1.400 -- Small/Large/Total (    22/     0/  1084):     97 splits,    121 swaps,    116 collapses,    612 moves
Debug   :  iter   5 minL    0.578/   0.700 maxL    1.385/   1.400 -- Small/Large/Total (    24/     0/  1036):      0 splits,      0 swaps,      0 collapses,     29 moves
Debug   :  ---------------------------------------
Debug   :  CPU Report 
Debug   :  ---------------------------------------
Debug   :  CPU SWAP     4.21800E-03 sec (  4 %)
Debug   :  CPU SPLIT    1.08500E-02 sec ( 10 %) 
Debug   :  CPU COLLAPS  3.27700E-02 sec ( 29 %) 
Debug   :  CPU SMOOTH   6.43430E-02 sec ( 57 %) 
Debug   :  ---------------------------------------
Debug   :  CPU TOTAL    1.12181E-01 sec 
Debug   :  ---------------------------------------
Debug   :  iter   1 minL    0.388/   0.700 maxL    6.144/   1.400 -- Small/Large/Total (    27/   215/   598):    211 splits,    348 swaps,     50 collapses,    567 moves
Debug   :  iter   3 minL    0.624/   0.700 maxL    1.358/   1.400 -- Small/Large/Total (    15/     0/  1078):      0 splits,      1 swaps,      2 collapses,     51 moves
Debug   :  ---------------------------------------
Debug   :  CPU Report 
Debug   :  ---------------------------------------
Debug   :  CPU SWAP     2.45600E-03 sec (  3 %)
Debug   :  CPU SPLIT    6.83700E-03 sec ( 10 %) 
Debug   :  CPU COLLAPS  1.20720E-02 sec ( 17 %) 
Debug   :  CPU SMOOTH   5.03220E-02 sec ( 70 %) 
Debug   :  ---------------------------------------
Debug   :  CPU TOTAL    7.16870E-02 sec 
Debug   :  ---------------------------------------
Debug   :  iter   4 minL    0.624/   0.700 maxL    1.358/   1.400 -- Small/Large/Total (    15/     0/  1078):      0 splits,      0 swaps,      0 collapses,     31 moves
Debug   :  ---------------------------------------
Debug   :  CPU Report 
Debug   :  ---------------------------------------
Debug   :  CPU SWAP     1.95900E-03 sec (  4 %)
Debug   :  CPU SPLIT    8.01200E-03 sec ( 16 %) 
Debug   :  CPU COLLAPS  1.67470E-02 sec ( 34 %) 
Debug   :  CPU SMOOTH   2.32720E-02 sec ( 47 %) 
Debug   :  ---------------------------------------
Debug   :  CPU TOTAL    4.99900E-02 sec 
Debug   :  ---------------------------------------
Debug   :  iter   1 minL    0.570/   0.700 maxL    1.382/   1.400 -- Small/Large/Total (    21/     0/  2071):      0 splits,      0 swaps,      0 collapses,     55 moves
Debug   :  iter   1 minL    0.578/   0.700 maxL    1.385/   1.400 -- Small/Large/Total (    24/     0/  1036):      0 splits,      0 swaps,      0 collapses,     27 moves
Debug   :  ---------------------------------------
Debug   :  CPU Report 
Debug   :  ---------------------------------------
Debug   :  CPU SWAP     7.70000E-04 sec (  6 %)
Debug   :  CPU SPLIT    5.60500E-03 sec ( 44 %) 
Debug   :  CPU COLLAPS  2.77800E-03 sec ( 22 %) 
Debug   :  CPU SMOOTH   3.68600E-03 sec ( 29 %) 
Debug   :  ---------------------------------------
Debug   :  CPU TOTAL    1.28390E-02 sec 
Debug   :  ---------------------------------------
Debug   : Type 23 1342 triangles generated, 614 internal nodes
Debug   :  iter   1 minL    0.624/   0.700 maxL    1.298/   1.400 -- Small/Large/Total (    15/     0/  1078):      0 splits,      0 swaps,      0 collapses,     27 moves
Debug   :  ---------------------------------------
Debug   :  CPU Report 
Debug   :  ---------------------------------------
Debug   :  CPU SWAP     4.09000E-04 sec (  4 %)
Debug   :  CPU SPLIT    2.93500E-03 sec ( 26 %) 
Debug   :  CPU COLLAPS  1.48000E-03 sec ( 13 %) 
Debug   :  CPU SMOOTH   6.40500E-03 sec ( 57 %) 
Debug   :  ---------------------------------------
Debug   :  CPU TOTAL    1.12290E-02 sec 
Debug   :  ---------------------------------------
Debug   : Type 23 671 triangles generated, 307 internal nodes
Debug   :  iter   2 minL    0.615/   0.700 maxL    1.376/   1.400 -- Small/Large/Total (    32/     0/  1039):    216 splits,    110 swaps,     69 collapses,    874 moves
Debug   :  ---------------------------------------
Debug   :  CPU Report 
Debug   :  ---------------------------------------
Debug   :  CPU SWAP     3.77000E-04 sec (  5 %)
Debug   :  CPU SPLIT    3.71000E-03 sec ( 49 %) 
Debug   :  CPU COLLAPS  1.83700E-03 sec ( 24 %) 
Debug   :  CPU SMOOTH   1.66000E-03 sec ( 22 %) 
Debug   :  ---------------------------------------
Debug   :  CPU TOTAL    7.58400E-03 sec 
Debug   :  ---------------------------------------
Info    : Meshing surface 2 (Parametric surface, MeshAdapt)
Debug   : Type 23 684 triangles generated, 291 internal nodes
Debug   : Recovering 4 model edges
Debug   : Recovering 59 mesh edges (0 not recovered)
Debug   : Boundary edges recovered for surface 4
Debug   : Computing mesh size field at mesh nodes 59
Debug   : Delaunizing the initial mesh
Debug   : Starting to add internal nodes
Info    : Meshing surface 5 (Parametric surface, MeshAdapt)
Info    : Meshing surface 3 (Parametric surface, MeshAdapt)
Debug   : Recovering 4 model edges
Debug   : Recovering 104 mesh edges (0 not recovered)
Debug   : Boundary edges recovered for surface 2
Debug   : Computing mesh size field at mesh nodes 104
Debug   : Delaunizing the initial mesh
Debug   :  iter   3 minL    0.578/   0.700 maxL    1.415/   1.400 -- Small/Large/Total (    25/     1/  1033):      0 splits,      0 swaps,      2 collapses,    127 moves
Debug   : Starting to add internal nodes
Debug   :  iter   4 minL    0.578/   0.700 maxL    1.385/   1.400 -- Small/Large/Total (    24/     0/  1036):      1 splits,      1 swaps,      0 collapses,     45 moves
Debug   :  iter   1 minL    0.388/   0.700 maxL    6.144/   1.400 -- Small/Large/Total (    27/   215/   598):    211 splits,    348 swaps,     50 collapses,    567 moves
Debug   :  iter   5 minL    0.578/   0.700 maxL    1.385/   1.400 -- Small/Large/Total (    24/     0/  1036):      0 splits,      0 swaps,      0 collapses,     29 moves
Debug   :  iter   1 minL    0.533/   0.700 maxL    1.546/   1.400 -- Small/Large/Total (   153/    97/  1141):    373 splits,    277 swaps,     61 collapses,   1083 moves
Debug   : Recovering 4 model edges
Debug   : Recovering 104 mesh edges (0 not recovered)
Debug   : Boundary edges recovered for surface 2
Debug   : Computing mesh size field at mesh nodes 104
Debug   : Delaunizing the initial mesh
Debug   : Recovering 4 model edges
Debug   : Recovering 59 mesh edges (0 not recovered)
Debug   : Boundary edges recovered for surface 5
Debug   : Computing mesh size field at mesh nodes 59
Debug   : Delaunizing the initial mesh
Debug   :  ---------------------------------------
Debug   :  CPU Report 
Debug   :  ---------------------------------------
Debug   :  CPU SWAP     2.46100E-03 sec (  3 %)
Debug   :  CPU SPLIT    7.55400E-03 sec ( 10 %) 
Debug   :  CPU COLLAPS  1.33110E-02 sec ( 18 %) 
Debug   :  CPU SMOOTH   5.03480E-02 sec ( 68 %) 
Debug   :  ---------------------------------------
Debug   :  CPU TOTAL    7.36740E-02 sec 
Debug   :  ---------------------------------------
Debug   : Starting to add internal nodes
Debug   : Starting to add internal nodes
Debug   : Recovering 4 model edges
Debug   : Recovering 104 mesh edges (0 not recovered)
Debug   : Boundary edges recovered for surface 3
Debug   : Computing mesh size field at mesh nodes 104
Debug   : Delaunizing the initial mesh
Debug   : Starting to add internal nodes
Debug   :  iter   2 minL    0.615/   0.700 maxL    1.376/   1.400 -- Small/Large/Total (    32/     0/  1039):    216 splits,    110 swaps,     69 collapses,    874 moves
Debug   :  iter   1 minL    0.578/   0.700 maxL    1.385/   1.400 -- Small/Large/Total (    24/     0/  1036):      0 splits,      0 swaps,      0 collapses,     27 moves
Debug   :  iter   2 minL    0.533/   0.700 maxL    1.358/   1.400 -- Small/Large/Total (    22/     0/  1084):     97 splits,    121 swaps,    116 collapses,    612 moves
Debug   :  ---------------------------------------
Debug   :  CPU Report 
Debug   :  ---------------------------------------
Debug   :  CPU SWAP     4.11000E-04 sec (  3 %)
Debug   :  CPU SPLIT    3.27100E-03 sec ( 28 %) 
Debug   :  CPU COLLAPS  1.63600E-03 sec ( 14 %) 
Debug   :  CPU SMOOTH   6.42600E-03 sec ( 55 %) 
Debug   :  ---------------------------------------
Debug   :  CPU TOTAL    1.17440E-02 sec 
Debug   :  ---------------------------------------
Debug   : Type 23 671 triangles generated, 307 internal nodes
Debug   :  iter   3 minL    0.624/   0.700 maxL    1.358/   1.400 -- Small/Large/Total (    15/     0/  1078):      0 splits,      1 swaps,      2 collapses,     51 moves
Debug   :  iter   3 minL    0.578/   0.700 maxL    1.415/   1.400 -- Small/Large/Total (    25/     1/  1033):      0 splits,      0 swaps,      2 collapses,    127 moves
Info    : Meshing surface 5 (Parametric surface, MeshAdapt)
Debug   :  iter   1 minL    0.386/   0.700 maxL    5.738/   1.400 -- Small/Large/Total (    37/   208/   577):    206 splits,    337 swaps,     52 collapses,    542 moves
Debug   :  iter   4 minL    0.624/   0.700 maxL    1.358/   1.400 -- Small/Large/Total (    15/     0/  1078):      0 splits,      0 swaps,      0 collapses,     31 moves
Debug   :  iter   1 minL    0.533/   0.700 maxL    1.546/   1.400 -- Small/Large/Total (   153/    97/  1141):    373 splits,    277 swaps,     61 collapses,   1083 moves
Debug   :  ---------------------------------------
Debug   :  CPU Report 
Debug   :  ---------------------------------------
Debug   :  CPU SWAP     1.96800E-03 sec (  4 %)
Debug   :  CPU SPLIT    7.87600E-03 sec ( 16 %) 
Debug   :  CPU COLLAPS  1.64780E-02 sec ( 33 %) 
Debug   :  CPU SMOOTH   2.33100E-02 sec ( 47 %) 
Debug   :  ---------------------------------------
Debug   :  CPU TOTAL    4.96320E-02 sec 
Debug   :  ---------------------------------------
Debug   :  iter   1 minL    0.533/   0.700 maxL    1.546/   1.400 -- Small/Large/Total (   153/   105/  1141):    373 splits,    275 swaps,     61 collapses,   1089 moves
Debug   :  iter   4 minL    0.578/   0.700 maxL    1.385/   1.400 -- Small/Large/Total (    24/     0/  1036):      1 splits,      1 swaps,      0 collapses,     45 moves
Debug   :  iter   1 minL    0.624/   0.700 maxL    1.298/   1.400 -- Small/Large/Total (    15/     0/  1078):      0 splits,      0 swaps,      0 collapses,     27 moves
Debug   :  ---------------------------------------
Debug   :  CPU Report 
Debug   :  ---------------------------------------
Debug   :  CPU SWAP     3.76000E-04 sec (  5 %)
Debug   :  CPU SPLIT    3.64100E-03 sec ( 49 %) 
Debug   :  CPU COLLAPS  1.82500E-03 sec ( 24 %) 
Debug   :  CPU SMOOTH   1.65700E-03 sec ( 22 %) 
Debug   :  ---------------------------------------
Debug   :  CPU TOTAL    7.49900E-03 sec 
Debug   :  ---------------------------------------
Debug   : Type 23 684 triangles generated, 291 internal nodes
Debug   :  iter   2 minL    0.533/   0.700 maxL    1.358/   1.400 -- Small/Large/Total (    22/     0/  1084):     97 splits,    121 swaps,    116 collapses,    612 moves
Debug   :  iter   2 minL    0.533/   0.700 maxL    1.358/   1.400 -- Small/Large/Total (    22/     0/  1096):    105 splits,    125 swaps,    120 collapses,    630 moves
Info    : Meshing surface 3 (Parametric surface, MeshAdapt)
Debug   :  iter   5 minL    0.578/   0.700 maxL    1.385/   1.400 -- Small/Large/Total (    24/     0/  1036):      0 splits,      0 swaps,      0 collapses,     29 moves
Debug   :  iter   2 minL    0.543/   0.700 maxL    1.661/   1.400 -- Small/Large/Total (    44/    16/   991):    211 splits,    112 swaps,     73 collapses,    822 moves
Debug   :  iter   3 minL    0.624/   0.700 maxL    1.358/   1.400 -- Small/Large/Total (    15/     0/  1078):      0 splits,      1 swaps,      2 collapses,     51 moves
Debug   :  iter   3 minL    0.624/   0.700 maxL    1.358/   1.400 -- Small/Large/Total (    15/     0/  1090):      0 splits,      1 swaps,      2 collapses,     53 moves
Debug   :  ---------------------------------------
Debug   :  CPU Report 
Debug   :  ---------------------------------------
Debug   :  CPU SWAP     2.45600E-03 sec (  3 %)
Debug   :  CPU SPLIT    8.41000E-03 sec ( 11 %) 
Debug   :  CPU COLLAPS  1.46990E-02 sec ( 19 %) 
Debug   :  CPU SMOOTH   5.02400E-02 sec ( 66 %) 
Debug   :  ---------------------------------------
Debug   :  CPU TOTAL    7.58050E-02 sec 
Debug   :  ---------------------------------------
Debug   :  iter   4 minL    0.624/   0.700 maxL    1.358/   1.400 -- Small/Large/Total (    15/     0/  1078):      0 splits,      0 swaps,      0 collapses,     31 moves
Debug   :  iter   4 minL    0.624/   0.700 maxL    1.298/   1.400 -- Small/Large/Total (    15/     0/  1090):      0 splits,      0 swaps,      0 collapses,     30 moves
Debug   :  ---------------------------------------
Debug   :  CPU Report 
Debug   :  ---------------------------------------
Debug   :  CPU SWAP     1.95900E-03 sec (  4 %)
Debug   :  CPU SPLIT    8.13900E-03 sec ( 16 %) 
Debug   :  CPU COLLAPS  1.68220E-02 sec ( 33 %) 
Debug   :  CPU SMOOTH   2.34290E-02 sec ( 47 %) 
Debug   :  ---------------------------------------
Debug   :  CPU TOTAL    5.03490E-02 sec 
Debug   :  ---------------------------------------
Debug   : Recovering 4 model edges
Debug   : Recovering 59 mesh edges (0 not recovered)
Debug   : Boundary edges recovered for surface 5
Debug   : Computing mesh size field at mesh nodes 59
Debug   : Delaunizing the initial mesh
Debug   : Starting to add internal nodes
Debug   :  ---------------------------------------
Debug   :  CPU Report 
Debug   :  ---------------------------------------
Debug   :  CPU SWAP     1.98300E-03 sec (  4 %)
Debug   :  CPU SPLIT    7.12700E-03 sec ( 15 %) 
Debug   :  CPU COLLAPS  1.50100E-02 sec ( 32 %) 
Debug   :  CPU SMOOTH   2.33410E-02 sec ( 49 %) 
Debug   :  ---------------------------------------
Debug   :  CPU TOTAL    4.74610E-02 sec 
Debug   :  ---------------------------------------
Debug   :  iter   3 minL    0.587/   0.700 maxL    1.379/   1.400 -- Small/Large/Total (    22/     0/  1009):     18 splits,     10 swaps,     12 collapses,    281 moves
Debug   :  iter   1 minL    0.578/   0.700 maxL    1.385/   1.400 -- Small/Large/Total (    24/     0/  1036):      0 splits,      0 swaps,      0 collapses,     27 moves
Debug   :  iter   1 minL    0.624/   0.700 maxL    1.298/   1.400 -- Small/Large/Total (    15/     0/  1078):      0 splits,      0 swaps,      0 collapses,     27 moves
Debug   :  iter   1 minL    0.624/   0.700 maxL    1.298/   1.400 -- Small/Large/Total (    15/     0/  1090):      0 splits,      0 swaps,      0 collapses,     26 moves
Debug   :  ---------------------------------------
Debug   :  CPU Report 
Debug   :  ---------------------------------------
Debug   :  CPU SWAP     3.76000E-04 sec (  5 %)
Debug   :  CPU SPLIT    3.74800E-03 sec ( 49 %) 
Debug   :  CPU COLLAPS  1.85300E-03 sec ( 24 %) 
Debug   :  CPU SMOOTH   1.67500E-03 sec ( 22 %) 
Debug   :  ---------------------------------------
Debug   :  CPU TOTAL    7.65200E-03 sec 
Debug   :  ---------------------------------------
Debug   :  iter   4 minL    0.587/   0.700 maxL    1.377/   1.400 -- Small/Large/Total (    17/     0/  1000):      0 splits,      0 swaps,      3 collapses,     84 moves
Debug   :  ---------------------------------------
Debug   :  CPU Report 
Debug   :  ---------------------------------------
Debug   :  CPU SWAP     3.80000E-04 sec (  6 %)
Debug   :  CPU SPLIT    3.21900E-03 sec ( 47 %) 
Debug   :  CPU COLLAPS  1.60400E-03 sec ( 23 %) 
Debug   :  CPU SMOOTH   1.64400E-03 sec ( 24 %) 
Debug   :  ---------------------------------------
Debug   :  CPU TOTAL    6.84700E-03 sec 
Debug   :  ---------------------------------------
Debug   : Type 23 684 triangles generated, 291 internal nodes
Debug   : Type 23 692 triangles generated, 295 internal nodes
Debug   :  ---------------------------------------
Debug   :  CPU Report 
Debug   :  ---------------------------------------
Debug   :  CPU SWAP     4.09000E-04 sec (  3 %)
Debug   :  CPU SPLIT    3.68500E-03 sec ( 30 %) 
Debug   :  CPU COLLAPS  1.83200E-03 sec ( 15 %) 
Debug   :  CPU SMOOTH   6.37800E-03 sec ( 52 %) 
Debug   :  ---------------------------------------
Debug   :  CPU TOTAL    1.23040E-02 sec 
Debug   :  ---------------------------------------
Debug   : Type 23 671 triangles generated, 307 internal nodes
Info    : Meshing surface 3 (Parametric surface, MeshAdapt)
Info    : Meshing surface 4 (Parametric surface, MeshAdapt)
Info    : Meshing surface 5 (Parametric surface, MeshAdapt)
Debug   :  iter   5 minL    0.587/   0.700 maxL    1.377/   1.400 -- Small/Large/Total (    17/     0/  1000):      0 splits,      0 swaps,      0 collapses,     50 moves
Debug   : Recovering 4 model edges
Debug   : Recovering 104 mesh edges (0 not recovered)
Debug   : Boundary edges recovered for surface 3
Debug   : Computing mesh size field at mesh nodes 104
Debug   : Delaunizing the initial mesh
Debug   : Starting to add internal nodes
Debug   :  ---------------------------------------
Debug   :  CPU Report 
Debug   :  ---------------------------------------
Debug   :  CPU SWAP     2.41300E-03 sec (  3 %)
Debug   :  CPU SPLIT    6.84600E-03 sec ( 10 %) 
Debug   :  CPU COLLAPS  1.25910E-02 sec ( 17 %) 
Debug   :  CPU SMOOTH   5.01550E-02 sec ( 70 %) 
Debug   :  ---------------------------------------
Debug   :  CPU TOTAL    7.20050E-02 sec 
Debug   :  ---------------------------------------
Debug   :  iter   1 minL    0.386/   0.700 maxL    5.738/   1.400 -- Small/Large/Total (    37/   208/   577):    206 splits,    337 swaps,     52 collapses,    542 moves
Debug   :  iter   1 minL    0.587/   0.700 maxL    1.377/   1.400 -- Small/Large/Total (    17/     0/  1000):      0 splits,      0 swaps,      0 collapses,     44 moves
Debug   :  ---------------------------------------
Debug   :  CPU Report 
Debug   :  ---------------------------------------
Debug   :  CPU SWAP     3.96000E-04 sec (  4 %)
Debug   :  CPU SPLIT    2.93700E-03 sec ( 29 %) 
Debug   :  CPU COLLAPS  1.45800E-03 sec ( 14 %) 
Debug   :  CPU SMOOTH   5.28200E-03 sec ( 52 %) 
Debug   :  ---------------------------------------
Debug   :  CPU TOTAL    1.00730E-02 sec 
Debug   :  ---------------------------------------
Debug   : Type 23 647 triangles generated, 295 internal nodes
Debug   :  iter   2 minL    0.543/   0.700 maxL    1.661/   1.400 -- Small/Large/Total (    44/    16/   991):    211 splits,    112 swaps,     73 collapses,    822 moves
Debug   :  iter   1 minL    0.533/   0.700 maxL    1.546/   1.400 -- Small/Large/Total (   153/   105/  1141):    373 splits,    275 swaps,     61 collapses,   1089 moves
Info    : Meshing surface 6 (Parametric surface, MeshAdapt)
Debug   : Recovering 4 model edges
Debug   : Recovering 59 mesh edges (0 not recovered)
Debug   : Boundary edges recovered for surface 4
Debug   : Computing mesh size field at mesh nodes 59
Debug   : Delaunizing the initial mesh
Debug   : Starting to add internal nodes
Debug   : Recovering 4 model edges
Debug   : Recovering 59 mesh edges (0 not recovered)
Debug   : Boundary edges recovered for surface 5
Debug   : Computing mesh size field at mesh nodes 59
Debug   : Delaunizing the initial mesh
Debug   : Recovering 4 model edges
Debug   : Recovering 104 mesh edges (0 not recovered)
Debug   : Boundary edges recovered for surface 3
Debug   : Computing mesh size field at mesh nodes 104
Debug   : Delaunizing the initial mesh
Debug   : Starting to add internal nodes
Debug   : Starting to add internal nodes
Debug   :  iter   3 minL    0.587/   0.700 maxL    1.379/   1.400 -- Small/Large/Total (    22/     0/  1009):     18 splits,     10 swaps,     12 collapses,    281 moves
Debug   :  iter   2 minL    0.533/   0.700 maxL    1.358/   1.400 -- Small/Large/Total (    22/     0/  1096):    105 splits,    125 swaps,    120 collapses,    630 moves
Debug   :  iter   3 minL    0.624/   0.700 maxL    1.358/   1.400 -- Small/Large/Total (    15/     0/  1090):      0 splits,      1 swaps,      2 collapses,     53 moves
Debug   :  iter   4 minL    0.587/   0.700 maxL    1.377/   1.400 -- Small/Large/Total (    17/     0/  1000):      0 splits,      0 swaps,      3 collapses,     84 moves
Debug   :  iter   4 minL    0.624/   0.700 maxL    1.298/   1.400 -- Small/Large/Total (    15/     0/  1090):      0 splits,      0 swaps,      0 collapses,     30 moves
Debug   :  iter   1 minL    0.388/   0.700 maxL    6.144/   1.400 -- Small/Large/Total (    27/   215/   598):    211 splits,    348 swaps,     50 collapses,    567 moves
Debug   :  ---------------------------------------
Debug   :  CPU Report 
Debug   :  ---------------------------------------
Debug   :  CPU SWAP     1.98800E-03 sec (  4 %)
Debug   :  CPU SPLIT    6.37300E-03 sec ( 14 %) 
Debug   :  CPU COLLAPS  1.35900E-02 sec ( 30 %) 
Debug   :  CPU SMOOTH   2.33650E-02 sec ( 52 %) 
Debug   :  ---------------------------------------
Debug   :  CPU TOTAL    4.53160E-02 sec 
Debug   :  ---------------------------------------
Debug   :  iter   1 minL    0.386/   0.700 maxL    5.738/   1.400 -- Small/Large/Total (    37/   208/   577):    206 splits,    337 swaps,     52 collapses,    542 moves
Debug   :  iter   1 minL    0.533/   0.700 maxL    1.546/   1.400 -- Small/Large/Total (   153/   105/  1141):    373 splits,    275 swaps,     61 collapses,   1089 moves
Debug   :  iter   5 minL    0.587/   0.700 maxL    1.377/   1.400 -- Small/Large/Total (    17/     0/  1000):      0 splits,      0 swaps,      0 collapses,     50 moves
Debug   :  iter   1 minL    0.624/   0.700 maxL    1.298/   1.400 -- Small/Large/Total (    15/     0/  1090):      0 splits,      0 swaps,      0 collapses,     26 moves
Debug   :  ---------------------------------------
Debug   :  CPU Report 
Debug   :  ---------------------------------------
Debug   :  CPU SWAP     2.41700E-03 sec (  3 %)
Debug   :  CPU SPLIT    7.22200E-03 sec ( 10 %) 
Debug   :  CPU COLLAPS  1.35880E-02 sec ( 19 %) 
Debug   :  CPU SMOOTH   5.00990E-02 sec ( 68 %) 
Debug   :  ---------------------------------------
Debug   :  CPU TOTAL    7.33260E-02 sec 
Debug   :  ---------------------------------------
Debug   :  ---------------------------------------
Debug   :  CPU Report 
Debug   :  ---------------------------------------
Debug   :  CPU SWAP     3.82000E-04 sec (  6 %)
Debug   :  CPU SPLIT    2.91900E-03 sec ( 46 %) 
Debug   :  CPU COLLAPS  1.46700E-03 sec ( 23 %) 
Debug   :  CPU SMOOTH   1.64400E-03 sec ( 26 %) 
Debug   :  ---------------------------------------
Debug   :  CPU TOTAL    6.41200E-03 sec 
Debug   :  ---------------------------------------
Debug   : Type 23 692 triangles generated, 295 internal nodes
Debug   :  iter   2 minL    0.533/   0.700 maxL    1.358/   1.400 -- Small/Large/Total (    22/     0/  1096):    105 splits,    125 swaps,    120 collapses,    630 moves
Info    : Meshing surface 4 (Parametric surface, MeshAdapt)
Debug   :  iter   1 minL    0.587/   0.700 maxL    1.377/   1.400 -- Small/Large/Total (    17/     0/  1000):      0 splits,      0 swaps,      0 collapses,     44 moves
Debug   :  iter   2 minL    0.615/   0.700 maxL    1.376/   1.400 -- Small/Large/Total (    32/     0/  1039):    216 splits,    110 swaps,     69 collapses,    874 moves
Debug   :  iter   3 minL    0.624/   0.700 maxL    1.358/   1.400 -- Small/Large/Total (    15/     0/  1090):      0 splits,      1 swaps,      2 collapses,     53 moves
Debug   :  iter   2 minL    0.543/   0.700 maxL    1.661/   1.400 -- Small/Large/Total (    44/    16/   991):    211 splits,    112 swaps,     73 collapses,    822 moves
Debug   :  ---------------------------------------
Debug   :  CPU Report 
Debug   :  ---------------------------------------
Debug   :  CPU SWAP     3.96000E-04 sec (  4 %)
Debug   :  CPU SPLIT    3.11200E-03 sec ( 30 %) 
Debug   :  CPU COLLAPS  1.56700E-03 sec ( 15 %) 
Debug   :  CPU SMOOTH   5.22900E-03 sec ( 51 %) 
Debug   :  ---------------------------------------
Debug   :  CPU TOTAL    1.03040E-02 sec 
Debug   :  ---------------------------------------
Debug   : Type 23 647 triangles generated, 295 internal nodes
Debug   :  iter   4 minL    0.624/   0.700 maxL    1.298/   1.400 -- Small/Large/Total (    15/     0/  1090):      0 splits,      0 swaps,      0 collapses,     30 moves
Debug   :  ---------------------------------------
Debug   :  CPU Report 
Debug   :  ---------------------------------------
Debug   :  CPU SWAP     1.98400E-03 sec (  4 %)
Debug   :  CPU SPLIT    6.84000E-03 sec ( 15 %) 
Debug   :  CPU COLLAPS  1.42780E-02 sec ( 31 %) 
Debug   :  CPU SMOOTH   2.33090E-02 sec ( 50 %) 
Debug   :  ---------------------------------------
Debug   :  CPU TOTAL    4.64110E-02 sec 
Debug   :  ---------------------------------------
Info    : Meshing surface 6 (Parametric surface, MeshAdapt)
Debug   :  iter   3 minL    0.578/   0.700 maxL    1.415/   1.400 -- Small/Large/Total (    25/     1/  1033):      0 splits,      0 swaps,      2 collapses,    127 moves
Debug   :  iter   3 minL    0.587/   0.700 maxL    1.379/   1.400 -- Small/Large/Total (    22/     0/  1009):     18 splits,     10 swaps,     12 collapses,    281 moves
Debug   :  iter   1 minL    0.624/   0.700 maxL    1.298/   1.400 -- Small/Large/Total (    15/     0/  1090):      0 splits,      0 swaps,      0 collapses,     26 moves
Debug   :  ---------------------------------------
Debug   :  CPU Report 
Debug   :  ---------------------------------------
Debug   :  CPU SWAP     3.82000E-04 sec (  6 %)
Debug   :  CPU SPLIT    3.05700E-03 sec ( 46 %) 
Debug   :  CPU COLLAPS  1.53100E-03 sec ( 23 %) 
Debug   :  CPU SMOOTH   1.64100E-03 sec ( 25 %) 
Debug   :  ---------------------------------------
Debug   :  CPU TOTAL    6.61100E-03 sec 
Debug   :  ---------------------------------------
Debug   : Type 23 692 triangles generated, 295 internal nodes
Debug   :  iter   4 minL    0.578/   0.700 maxL    1.385/   1.400 -- Small/Large/Total (    24/     0/  1036):      1 splits,      1 swaps,      0 collapses,     45 moves
Debug   :  iter   4 minL    0.587/   0.700 maxL    1.377/   1.400 -- Small/Large/Total (    17/     0/  1000):      0 splits,      0 swaps,      3 collapses,     84 moves
Info    : Meshing surface 4 (Parametric surface, MeshAdapt)
Debug   : Recovering 4 model edges
Debug   : Recovering 59 mesh edges (0 not recovered)
Debug   : Boundary edges recovered for surface 4
Debug   : Computing mesh size field at mesh nodes 59
Debug   : Delaunizing the initial mesh
Debug   : Starting to add internal nodes
Debug   :  iter   5 minL    0.587/   0.700 maxL    1.377/   1.400 -- Small/Large/Total (    17/     0/  1000):      0 splits,      0 swaps,      0 collapses,     50 moves
Debug   :  iter   5 minL    0.578/   0.700 maxL    1.385/   1.400 -- Small/Large/Total (    24/     0/  1036):      0 splits,      0 swaps,      0 collapses,     29 moves
Debug   :  ---------------------------------------
Debug   :  CPU Report 
Debug   :  ---------------------------------------
Debug   :  CPU SWAP     2.41500E-03 sec (  3 %)
Debug   :  CPU SPLIT    6.89100E-03 sec ( 10 %) 
Debug   :  CPU COLLAPS  1.24300E-02 sec ( 17 %) 
Debug   :  CPU SMOOTH   4.99280E-02 sec ( 70 %) 
Debug   :  ---------------------------------------
Debug   :  CPU TOTAL    7.16640E-02 sec 
Debug   :  ---------------------------------------
Debug   :  ---------------------------------------
Debug   :  CPU Report 
Debug   :  ---------------------------------------
Debug   :  CPU SWAP     2.45800E-03 sec (  3 %)
Debug   :  CPU SPLIT    7.97700E-03 sec ( 11 %) 
Debug   :  CPU COLLAPS  1.39210E-02 sec ( 19 %) 
Debug   :  CPU SMOOTH   5.05160E-02 sec ( 67 %) 
Debug   :  ---------------------------------------
Debug   :  CPU TOTAL    7.48720E-02 sec 
Debug   :  ---------------------------------------
Debug   :  iter   1 minL    0.587/   0.700 maxL    1.377/   1.400 -- Small/Large/Total (    17/     0/  1000):      0 splits,      0 swaps,      0 collapses,     44 moves
Debug   :  iter   1 minL    0.578/   0.700 maxL    1.385/   1.400 -- Small/Large/Total (    24/     0/  1036):      0 splits,      0 swaps,      0 collapses,     27 moves
Debug   :  ---------------------------------------
Debug   :  CPU Report 
Debug   :  ---------------------------------------
Debug   :  CPU SWAP     3.96000E-04 sec (  4 %)
Debug   :  CPU SPLIT    2.94500E-03 sec ( 29 %) 
Debug   :  CPU COLLAPS  1.46000E-03 sec ( 15 %) 
Debug   :  CPU SMOOTH   5.23400E-03 sec ( 52 %) 
Debug   :  ---------------------------------------
Debug   :  CPU TOTAL    1.00350E-02 sec 
Debug   :  ---------------------------------------
Debug   :  iter   1 minL    0.388/   0.700 maxL    6.144/   1.400 -- Small/Large/Total (    27/   215/   598):    211 splits,    348 swaps,     50 collapses,    567 moves
Debug   : Type 23 647 triangles generated, 295 internal nodes
Debug   :  ---------------------------------------
Debug   :  CPU Report 
Debug   :  ---------------------------------------
Debug   :  CPU SWAP     4.11000E-04 sec (  3 %)
Debug   :  CPU SPLIT    3.48300E-03 sec ( 29 %) 
Debug   :  CPU COLLAPS  1.72800E-03 sec ( 14 %) 
Debug   :  CPU SMOOTH   6.38700E-03 sec ( 53 %) 
Debug   :  ---------------------------------------
Debug   :  CPU TOTAL    1.20090E-02 sec 
Debug   :  ---------------------------------------
Debug   : Recovering 4 model edges
Debug   : Recovering 59 mesh edges (0 not recovered)
Debug   : Boundary edges recovered for surface 4
Debug   : Computing mesh size field at mesh nodes 59
Debug   : Delaunizing the initial mesh
Debug   : Type 23 671 triangles generated, 307 internal nodes
Debug   : Starting to add internal nodes
Info    : Meshing surface 6 (Parametric surface, MeshAdapt)
Info    : Meshing surface 5 (Parametric surface, MeshAdapt)
Debug   :  iter   2 minL    0.615/   0.700 maxL    1.376/   1.400 -- Small/Large/Total (    32/     0/  1039):    216 splits,    110 swaps,     69 collapses,    874 moves
Debug   :  iter   1 minL    0.388/   0.700 maxL    6.144/   1.400 -- Small/Large/Total (    27/   215/   598):    211 splits,    348 swaps,     50 collapses,    567 moves
Debug   :  iter   3 minL    0.578/   0.700 maxL    1.415/   1.400 -- Small/Large/Total (    25/     1/  1033):      0 splits,      0 swaps,      2 collapses,    127 moves
Debug   : Recovering 10 model edges
Debug   : Recovering 352 mesh edges (0 not recovered)
Debug   : Boundary edges recovered for surface 6
Debug   : Computing mesh size field at mesh nodes 352
Debug   : Delaunizing the initial mesh
Debug   : Recovering 4 model edges
Debug   : Recovering 59 mesh edges (0 not recovered)
Debug   : Boundary edges recovered for surface 5
Debug   : Computing mesh size field at mesh nodes 59
Debug   : Delaunizing the initial mesh
Debug   : Starting to add internal nodes
Debug   :  iter   4 minL    0.578/   0.700 maxL    1.385/   1.400 -- Small/Large/Total (    24/     0/  1036):      1 splits,      1 swaps,      0 collapses,     45 moves
Debug   : Starting to add internal nodes
Debug   :  iter   2 minL    0.615/   0.700 maxL    1.376/   1.400 -- Small/Large/Total (    32/     0/  1039):    216 splits,    110 swaps,     69 collapses,    874 moves
Debug   :  iter   5 minL    0.578/   0.700 maxL    1.385/   1.400 -- Small/Large/Total (    24/     0/  1036):      0 splits,      0 swaps,      0 collapses,     29 moves
Debug   :  ---------------------------------------
Debug   :  CPU Report 
Debug   :  ---------------------------------------
Debug   :  CPU SWAP     2.46500E-03 sec (  3 %)
Debug   :  CPU SPLIT    8.31600E-03 sec ( 11 %) 
Debug   :  CPU COLLAPS  1.46300E-02 sec ( 19 %) 
Debug   :  CPU SMOOTH   5.03820E-02 sec ( 66 %) 
Debug   :  ---------------------------------------
Debug   :  CPU TOTAL    7.57930E-02 sec 
Debug   :  ---------------------------------------
Debug   :  iter   3 minL    0.578/   0.700 maxL    1.415/   1.400 -- Small/Large/Total (    25/     1/  1033):      0 splits,      0 swaps,      2 collapses,    127 moves
Debug   :  iter   1 minL    0.386/   0.700 maxL    5.738/   1.400 -- Small/Large/Total (    37/   208/   577):    206 splits,    337 swaps,     52 collapses,    542 moves
Debug   :  iter   1 minL    0.578/   0.700 maxL    1.385/   1.400 -- Small/Large/Total (    24/     0/  1036):      0 splits,      0 swaps,      0 collapses,     27 moves
Debug   :  iter   4 minL    0.578/   0.700 maxL    1.385/   1.400 -- Small/Large/Total (    24/     0/  1036):      1 splits,      1 swaps,      0 collapses,     45 moves
Debug   :  ---------------------------------------
Debug   :  CPU Report 
Debug   :  ---------------------------------------
Debug   :  CPU SWAP     4.14000E-04 sec (  3 %)
Debug   :  CPU SPLIT    3.61300E-03 sec ( 29 %) 
Debug   :  CPU COLLAPS  1.81800E-03 sec ( 15 %) 
Debug   :  CPU SMOOTH   6.42100E-03 sec ( 52 %) 
Debug   :  ---------------------------------------
Debug   :  CPU TOTAL    1.22660E-02 sec 
Debug   :  ---------------------------------------
Debug   : Type 23 671 triangles generated, 307 internal nodes
Debug   :  iter   5 minL    0.578/   0.700 maxL    1.385/   1.400 -- Small/Large/Total (    24/     0/  1036):      0 splits,      0 swaps,      0 collapses,     29 moves
Info    : Meshing surface 5 (Parametric surface, MeshAdapt)
Debug   :  iter   2 minL    0.543/   0.700 maxL    1.661/   1.400 -- Small/Large/Total (    44/    16/   991):    211 splits,    112 swaps,     73 collapses,    822 moves
Debug   :  ---------------------------------------
Debug   :  CPU Report 
Debug   :  ---------------------------------------
Debug   :  CPU SWAP     2.45700E-03 sec (  3 %)
Debug   :  CPU SPLIT    8.50700E-03 sec ( 11 %) 
Debug   :  CPU COLLAPS  1.49040E-02 sec ( 20 %) 
Debug   :  CPU SMOOTH   5.02690E-02 sec ( 66 %) 
Debug   :  ---------------------------------------
Debug   :  CPU TOTAL    7.61370E-02 sec 
Debug   :  ---------------------------------------
Debug   : Recovering 10 model edges
Debug   : Recovering 350 mesh edges (0 not recovered)
Debug   : Boundary edges recovered for surface 6
Debug   : Computing mesh size field at mesh nodes 350
Debug   : Delaunizing the initial mesh
Debug   :  iter   3 minL    0.587/   0.700 maxL    1.379/   1.400 -- Small/Large/Total (    22/     0/  1009):     18 splits,     10 swaps,     12 collapses,    281 moves
Debug   : Starting to add internal nodes
Debug   :  iter   1 minL    0.578/   0.700 maxL    1.385/   1.400 -- Small/Large/Total (    24/     0/  1036):      0 splits,      0 swaps,      0 collapses,     27 moves
Debug   :  ---------------------------------------
Debug   :  CPU Report 
Debug   :  ---------------------------------------
Debug   :  CPU SWAP     4.08000E-04 sec (  3 %)
Debug   :  CPU SPLIT    3.71100E-03 sec ( 30 %) 
Debug   :  CPU COLLAPS  1.86200E-03 sec ( 15 %) 
Debug   :  CPU SMOOTH   6.40600E-03 sec ( 52 %) 
Debug   :  ---------------------------------------
Debug   :  CPU TOTAL    1.23870E-02 sec 
Debug   :  ---------------------------------------
Debug   : Type 23 671 triangles generated, 307 internal nodes
Debug   :  iter   4 minL    0.587/   0.700 maxL    1.377/   1.400 -- Small/Large/Total (    17/     0/  1000):      0 splits,      0 swaps,      3 collapses,     84 moves
Info    : Meshing surface 5 (Parametric surface, MeshAdapt)
Debug   : Recovering 4 model edges
Debug   : Recovering 59 mesh edges (0 not recovered)
Debug   : Boundary edges recovered for surface 5
Debug   : Computing mesh size field at mesh nodes 59
Debug   : Delaunizing the initial mesh
Debug   : Starting to add internal nodes
Debug   :  iter   5 minL    0.587/   0.700 maxL    1.377/   1.400 -- Small/Large/Total (    17/     0/  1000):      0 splits,      0 swaps,      0 collapses,     50 moves
Debug   :  ---------------------------------------
Debug   :  CPU Report 
Debug   :  ---------------------------------------
Debug   :  CPU SWAP     2.42000E-03 sec (  3 %)
Debug   :  CPU SPLIT    5.94300E-03 sec (  8 %) 
Debug   :  CPU COLLAPS  1.24140E-02 sec ( 17 %) 
Debug   :  CPU SMOOTH   5.01990E-02 sec ( 71 %) 
Debug   :  ---------------------------------------
Debug   :  CPU TOTAL    7.09760E-02 sec 
Debug   :  ---------------------------------------
Debug   :  iter   1 minL    0.587/   0.700 maxL    1.377/   1.400 -- Small/Large/Total (    17/     0/  1000):      0 splits,      0 swaps,      0 collapses,     44 moves
Debug   :  ---------------------------------------
Debug   :  CPU Report 
Debug   :  ---------------------------------------
Debug   :  CPU SWAP     3.98000E-04 sec (  4 %)
Debug   :  CPU SPLIT    2.91800E-03 sec ( 29 %) 
Debug   :  CPU COLLAPS  1.45800E-03 sec ( 15 %) 
Debug   :  CPU SMOOTH   5.25600E-03 sec ( 52 %) 
Debug   :  ---------------------------------------
Debug   :  CPU TOTAL    1.00300E-02 sec 
Debug   :  ---------------------------------------
Debug   : Type 23 647 triangles generated, 295 internal nodes
Debug   :  iter   1 minL    0.386/   0.700 maxL    5.738/   1.400 -- Small/Large/Total (    37/   208/   577):    206 splits,    337 swaps,     52 collapses,    542 moves
Info    : Meshing surface 6 (Parametric surface, MeshAdapt)
Debug   : Recovering 4 model edges
Debug   : Recovering 59 mesh edges (0 not recovered)
Debug   : Boundary edges recovered for surface 5
Debug   : Computing mesh size field at mesh nodes 59
Debug   : Delaunizing the initial mesh
Debug   : Starting to add internal nodes
Debug   :  iter   1 minL    0.082/   0.700 maxL   10.622/   1.400 -- Small/Large/Total (   477/  2737/  4664):   1380 splits,    964 swaps,     60 collapses,   3689 moves
Debug   : Recovering 10 model edges
Debug   : Recovering 386 mesh edges (0 not recovered)
Debug   : Boundary edges recovered for surface 6
Debug   : Computing mesh size field at mesh nodes 386
Debug   : Delaunizing the initial mesh
Debug   :  iter   2 minL    0.543/   0.700 maxL    1.661/   1.400 -- Small/Large/Total (    44/    16/   991):    211 splits,    112 swaps,     73 collapses,    822 moves
Debug   : Starting to add internal nodes
Debug   :  iter   1 minL    0.386/   0.700 maxL    5.738/   1.400 -- Small/Large/Total (    37/   208/   577):    206 splits,    337 swaps,     52 collapses,    542 moves
Debug   :  iter   3 minL    0.587/   0.700 maxL    1.379/   1.400 -- Small/Large/Total (    22/     0/  1009):     18 splits,     10 swaps,     12 collapses,    281 moves
Debug   :  iter   4 minL    0.587/   0.700 maxL    1.377/   1.400 -- Small/Large/Total (    17/     0/  1000):      0 splits,      0 swaps,      3 collapses,     84 moves
Debug   :  iter   5 minL    0.587/   0.700 maxL    1.377/   1.400 -- Small/Large/Total (    17/     0/  1000):      0 splits,      0 swaps,      0 collapses,     50 moves
Debug   :  iter   2 minL    0.543/   0.700 maxL    1.661/   1.400 -- Small/Large/Total (    44/    16/   991):    211 splits,    112 swaps,     73 collapses,    822 moves
Debug   :  ---------------------------------------
Debug   :  CPU Report 
Debug   :  ---------------------------------------
Debug   :  CPU SWAP     2.22400E-03 sec (  3 %)
Debug   :  CPU SPLIT    6.51000E-03 sec (  9 %) 
Debug   :  CPU COLLAPS  1.20010E-02 sec ( 17 %) 
Debug   :  CPU SMOOTH   4.96020E-02 sec ( 71 %) 
Debug   :  ---------------------------------------
Debug   :  CPU TOTAL    7.03370E-02 sec 
Debug   :  ---------------------------------------
Debug   :  iter   3 minL    0.587/   0.700 maxL    1.379/   1.400 -- Small/Large/Total (    22/     0/  1009):     18 splits,     10 swaps,     12 collapses,    281 moves
Debug   :  iter   1 minL    0.587/   0.700 maxL    1.377/   1.400 -- Small/Large/Total (    17/     0/  1000):      0 splits,      0 swaps,      0 collapses,     44 moves
Debug   :  iter   1 minL    0.076/   0.700 maxL    9.960/   1.400 -- Small/Large/Total (   441/  2731/  4621):   1372 splits,    945 swaps,     65 collapses,   3591 moves
Debug   :  ---------------------------------------
Debug   :  CPU Report 
Debug   :  ---------------------------------------
Debug   :  CPU SWAP     3.98000E-04 sec (  4 %)
Debug   :  CPU SPLIT    2.79300E-03 sec ( 28 %) 
Debug   :  CPU COLLAPS  1.38700E-03 sec ( 14 %) 
Debug   :  CPU SMOOTH   5.25100E-03 sec ( 53 %) 
Debug   :  ---------------------------------------
Debug   :  CPU TOTAL    9.82900E-03 sec 
Debug   :  ---------------------------------------
Debug   : Type 23 647 triangles generated, 295 internal nodes
Debug   :  iter   4 minL    0.587/   0.700 maxL    1.377/   1.400 -- Small/Large/Total (    17/     0/  1000):      0 splits,      0 swaps,      3 collapses,     84 moves
Info    : Meshing surface 6 (Parametric surface, MeshAdapt)
Debug   :  iter   5 minL    0.587/   0.700 maxL    1.377/   1.400 -- Small/Large/Total (    17/     0/  1000):      0 splits,      0 swaps,      0 collapses,     50 moves
Debug   :  ---------------------------------------
Debug   :  CPU Report 
Debug   :  ---------------------------------------
Debug   :  CPU SWAP     2.41700E-03 sec (  3 %)
Debug   :  CPU SPLIT    7.52000E-03 sec ( 10 %) 
Debug   :  CPU COLLAPS  1.36840E-02 sec ( 19 %) 
Debug   :  CPU SMOOTH   5.02390E-02 sec ( 68 %) 
Debug   :  ---------------------------------------
Debug   :  CPU TOTAL    7.38600E-02 sec 
Debug   :  ---------------------------------------
Debug   :  iter   1 minL    0.587/   0.700 maxL    1.377/   1.400 -- Small/Large/Total (    17/     0/  1000):      0 splits,      0 swaps,      0 collapses,     44 moves
Debug   :  ---------------------------------------
Debug   :  CPU Report 
Debug   :  ---------------------------------------
Debug   :  CPU SWAP     3.96000E-04 sec (  4 %)
Debug   :  CPU SPLIT    3.23200E-03 sec ( 31 %) 
Debug   :  CPU COLLAPS  1.61900E-03 sec ( 15 %) 
Debug   :  CPU SMOOTH   5.26300E-03 sec ( 50 %) 
Debug   :  ---------------------------------------
Debug   :  CPU TOTAL    1.05100E-02 sec 
Debug   :  ---------------------------------------
Debug   : Type 23 647 triangles generated, 295 internal nodes
Info    : Meshing surface 6 (Parametric surface, MeshAdapt)
Debug   : Recovering 10 model edges
Debug   : Recovering 364 mesh edges (0 not recovered)
Debug   : Boundary edges recovered for surface 6
Debug   : Computing mesh size field at mesh nodes 364
Debug   : Delaunizing the initial mesh
Debug   :  iter   1 minL    0.059/   0.700 maxL   13.914/   1.400 -- Small/Large/Total (   604/  2804/  5068):   1516 splits,    983 swaps,     84 collapses,   4033 moves
Debug   : Starting to add internal nodes
Debug   : Recovering 10 model edges
Debug   : Recovering 377 mesh edges (0 not recovered)
Debug   : Boundary edges recovered for surface 6
Debug   : Computing mesh size field at mesh nodes 377
Debug   : Delaunizing the initial mesh
Debug   : Starting to add internal nodes
Debug   :  iter   1 minL    0.068/   0.700 maxL   12.771/   1.400 -- Small/Large/Total (   553/  2645/  4772):   1428 splits,   1002 swaps,     80 collapses,   3831 moves
Debug   : Recovering 10 model edges
Debug   : Recovering 408 mesh edges (0 not recovered)
Debug   : Boundary edges recovered for surface 6
Debug   : Computing mesh size field at mesh nodes 408
Debug   : Delaunizing the initial mesh
Debug   :  iter   2 minL    0.042/   0.700 maxL    6.175/   1.400 -- Small/Large/Total (  1749/  2469/ 10370):   2738 splits,   1453 swaps,    836 collapses,   9011 moves
Debug   : Starting to add internal nodes
Debug   :  iter   2 minL    0.066/   0.700 maxL    6.493/   1.400 -- Small/Large/Total (  1811/  2468/ 10285):   2743 splits,   1514 swaps,    855 collapses,   9039 moves
Debug   :  iter   1 minL    0.082/   0.700 maxL   10.350/   1.400 -- Small/Large/Total (   502/  2889/  4999):   1480 splits,   1063 swaps,     65 collapses,   3963 moves
Debug   :  iter   1 minL    0.072/   0.700 maxL   10.655/   1.400 -- Small/Large/Total (   691/  2842/  5310):   1604 splits,   1334 swaps,    106 collapses,   4330 moves
Debug   :  iter   2 minL    0.046/   0.700 maxL    7.523/   1.400 -- Small/Large/Total (  1896/  2841/ 10522):   2819 splits,   2101 swaps,   1001 collapses,   9667 moves
Debug   :  iter   2 minL    0.032/   0.700 maxL    7.123/   1.400 -- Small/Large/Total (  1624/  2449/  9767):   2663 splits,   2196 swaps,    998 collapses,   9077 moves
Debug   :  iter   3 minL    0.026/   0.700 maxL    7.629/   1.400 -- Small/Large/Total (  2503/   960/ 11063):   2568 splits,   3780 swaps,   2337 collapses,  11765 moves
Debug   :  iter   2 minL    0.055/   0.700 maxL    5.571/   1.400 -- Small/Large/Total (  2033/  2500/ 10846):   2895 splits,   1660 swaps,    946 collapses,   9689 moves
Debug   :  iter   3 minL    0.056/   0.700 maxL    6.701/   1.400 -- Small/Large/Total (  2420/   886/ 10894):   2563 splits,   3903 swaps,   2360 collapses,  11746 moves
Debug   :  iter   2 minL    0.053/   0.700 maxL    6.264/   1.400 -- Small/Large/Total (  2006/  2296/ 10341):   2883 splits,   2611 swaps,   1206 collapses,  10157 moves
Debug   :  iter   3 minL    0.050/   0.700 maxL    8.043/   1.400 -- Small/Large/Total (  2571/  1041/ 12049):   2978 splits,   3845 swaps,   2469 collapses,  12812 moves
Debug   :  iter   4 minL    0.073/   0.700 maxL    4.665/   1.400 -- Small/Large/Total (   889/   139/  9908):   1135 splits,   2186 swaps,   1520 collapses,   7360 moves
Debug   :  iter   3 minL    0.058/   0.700 maxL    7.042/   1.400 -- Small/Large/Total (  2313/   830/ 11219):   2602 splits,   3201 swaps,   2118 collapses,  11408 moves
Debug   :  iter   4 minL    0.225/   0.700 maxL    4.590/   1.400 -- Small/Large/Total (   756/   112/  9808):   1044 splits,   2046 swaps,   1406 collapses,   7169 moves
Debug   :  iter   5 minL    0.377/   0.700 maxL    1.811/   1.400 -- Small/Large/Total (   427/    28/  9629):    158 splits,    244 swaps,    251 collapses,   2717 moves
Debug   :  iter   5 minL    0.392/   0.700 maxL    1.890/   1.400 -- Small/Large/Total (   486/    23/  9700):    119 splits,    163 swaps,    155 collapses,   2457 moves
Debug   :  iter   3 minL    0.082/   0.700 maxL    7.307/   1.400 -- Small/Large/Total (  2580/   958/ 11260):   2626 splits,   4146 swaps,   2488 collapses,  12435 moves
Debug   :  iter   6 minL    0.386/   0.700 maxL    1.812/   1.400 -- Small/Large/Total (   383/    15/  9602):     31 splits,     22 swaps,     40 collapses,   1223 moves
Debug   :  iter   3 minL    0.048/   0.700 maxL    6.787/   1.400 -- Small/Large/Total (  2113/   744/ 11208):   2488 splits,   3738 swaps,   2199 collapses,  11738 moves
Debug   :  iter   4 minL    0.121/   0.700 maxL    5.730/   1.400 -- Small/Large/Total (  1400/   242/ 10945):   1169 splits,   2424 swaps,   1537 collapses,   8175 moves
Debug   :  iter   6 minL    0.374/   0.700 maxL    1.792/   1.400 -- Small/Large/Total (   434/    14/  9670):     26 splits,     29 swaps,     36 collapses,   1030 moves
Debug   :  iter   4 minL    0.163/   0.700 maxL    5.477/   1.400 -- Small/Large/Total (  1204/   257/ 10217):    943 splits,   1909 swaps,   1277 collapses,   7001 moves
Debug   :  iter   7 minL    0.391/   0.700 maxL    1.736/   1.400 -- Small/Large/Total (   390/    11/  9623):     17 splits,     15 swaps,     10 collapses,    656 moves
Debug   :  iter   7 minL    0.392/   0.700 maxL    1.714/   1.400 -- Small/Large/Total (   401/    17/  9640):     15 splits,     19 swaps,     25 collapses,    691 moves
Debug   :  iter   5 minL    0.379/   0.700 maxL    1.779/   1.400 -- Small/Large/Total (   624/    17/ 10405):    271 splits,    455 swaps,    451 collapses,   3481 moves
Debug   :  iter   5 minL    0.344/   0.700 maxL    1.666/   1.400 -- Small/Large/Total (   534/    19/  9773):    308 splits,    530 swaps,    456 collapses,   3274 moves
Debug   :  iter   8 minL    0.391/   0.700 maxL    1.810/   1.400 -- Small/Large/Total (   381/     6/  9629):     12 splits,      8 swaps,     10 collapses,    476 moves
Debug   :  iter   4 minL    0.297/   0.700 maxL    4.720/   1.400 -- Small/Large/Total (   747/   112/ 10141):   1140 splits,   2138 swaps,   1513 collapses,   7704 moves
Debug   :  iter   8 minL    0.392/   0.700 maxL    1.521/   1.400 -- Small/Large/Total (   407/     4/  9643):     19 splits,     14 swaps,     18 collapses,    484 moves
Debug   :  iter   4 minL    0.270/   0.700 maxL    5.131/   1.400 -- Small/Large/Total (   881/   136/ 10560):    850 splits,   1542 swaps,   1066 collapses,   6447 moves
Debug   :  iter   6 minL    0.373/   0.700 maxL    1.767/   1.400 -- Small/Large/Total (   545/    13/ 10318):     20 splits,     31 swaps,     49 collapses,   1272 moves
Debug   :  iter   9 minL    0.376/   0.700 maxL    1.585/   1.400 -- Small/Large/Total (   384/     1/  9623):      7 splits,      3 swaps,      9 collapses,    374 moves
Debug   :  iter   6 minL    0.344/   0.700 maxL    1.780/   1.400 -- Small/Large/Total (   456/    12/  9719):     22 splits,     25 swaps,     40 collapses,   1144 moves
Debug   :  iter   9 minL    0.392/   0.700 maxL    2.230/   1.400 -- Small/Large/Total (   403/     6/  9637):      4 splits,      4 swaps,      6 collapses,    310 moves
Debug   :  iter   5 minL    0.323/   0.700 maxL    2.033/   1.400 -- Small/Large/Total (   488/    15/ 10030):    127 splits,    105 swaps,    164 collapses,   2540 moves
Debug   :  iter   5 minL    0.310/   0.700 maxL    2.085/   1.400 -- Small/Large/Total (   620/    23/ 10449):    149 splits,    200 swaps,    186 collapses,   2524 moves
Debug   :  iter  10 minL    0.395/   0.700 maxL    1.494/   1.400 -- Small/Large/Total (   381/     1/  9620):      1 splits,      1 swaps,      2 collapses,    247 moves
Debug   :  iter   7 minL    0.372/   0.700 maxL    1.612/   1.400 -- Small/Large/Total (   521/    12/ 10324):     16 splits,     26 swaps,     14 collapses,    812 moves
Debug   :  iter   7 minL    0.344/   0.700 maxL    1.595/   1.400 -- Small/Large/Total (   438/     5/  9725):     13 splits,     10 swaps,     11 collapses,    652 moves
Debug   :  iter  10 minL    0.392/   0.700 maxL    1.483/   1.400 -- Small/Large/Total (   400/     3/  9637):      6 splits,      3 swaps,      6 collapses,    280 moves
Debug   :  iter   6 minL    0.323/   0.700 maxL    1.730/   1.400 -- Small/Large/Total (   435/    11/  9982):     19 splits,     25 swaps,     35 collapses,   1109 moves
Debug   :  iter   6 minL    0.310/   0.700 maxL    1.783/   1.400 -- Small/Large/Total (   580/    15/ 10413):     24 splits,     31 swaps,     36 collapses,   1192 moves
Debug   :  iter   8 minL    0.344/   0.700 maxL    1.565/   1.400 -- Small/Large/Total (   423/     2/  9710):      6 splits,      5 swaps,     11 collapses,    429 moves
Debug   :  iter   8 minL    0.372/   0.700 maxL    1.586/   1.400 -- Small/Large/Total (   521/     5/ 10315):     12 splits,      7 swaps,     15 collapses,    513 moves
Debug   :  iter  11 minL    0.396/   0.700 maxL    1.399/   1.400 -- Small/Large/Total (   379/     0/  9620):      1 splits,      3 swaps,      1 collapses,    235 moves
Debug   :  iter  11 minL    0.392/   0.700 maxL    1.394/   1.400 -- Small/Large/Total (   399/     0/  9643):      4 splits,      4 swaps,      2 collapses,    297 moves
Debug   :  iter   7 minL    0.323/   0.700 maxL    1.836/   1.400 -- Small/Large/Total (   426/     3/  9982):     12 splits,     10 swaps,     12 collapses,    697 moves
Debug   :  iter   7 minL    0.310/   0.700 maxL    1.608/   1.400 -- Small/Large/Total (   552/     5/ 10395):     18 splits,     18 swaps,     24 collapses,    815 moves
Debug   :  iter   9 minL    0.344/   0.700 maxL    1.399/   1.400 -- Small/Large/Total (   424/     0/  9710):      2 splits,      1 swaps,      2 collapses,    259 moves
Debug   :  iter   9 minL    0.372/   0.700 maxL    1.420/   1.400 -- Small/Large/Total (   514/     2/ 10306):      6 splits,      2 swaps,      9 collapses,    352 moves
Debug   :  ---------------------------------------
Debug   :  CPU Report 
Debug   :  ---------------------------------------
Debug   :  CPU SWAP     6.74390E-02 sec (  4 %)
Debug   :  CPU SPLIT    1.60564E-01 sec ( 10 %) 
Debug   :  CPU COLLAPS  3.61778E-01 sec ( 23 %) 
Debug   :  CPU SMOOTH   9.67884E-01 sec ( 62 %) 
Debug   :  ---------------------------------------
Debug   :  CPU TOTAL    1.55766E+00 sec 
Debug   :  ---------------------------------------
Debug   :  iter   8 minL    0.320/   0.700 maxL    1.838/   1.400 -- Small/Large/Total (   420/     5/  9973):      3 splits,      4 swaps,      6 collapses,    378 moves
Debug   :  ---------------------------------------
Debug   :  CPU Report 
Debug   :  ---------------------------------------
Debug   :  CPU SWAP     6.61310E-02 sec (  4 %)
Debug   :  CPU SPLIT    1.55369E-01 sec ( 10 %) 
Debug   :  CPU COLLAPS  3.33270E-01 sec ( 22 %) 
Debug   :  CPU SMOOTH   9.65424E-01 sec ( 64 %) 
Debug   :  ---------------------------------------
Debug   :  CPU TOTAL    1.52019E+00 sec 
Debug   :  ---------------------------------------
Debug   :  iter   8 minL    0.310/   0.700 maxL    1.794/   1.400 -- Small/Large/Total (   552/     9/ 10374):      7 splits,      9 swaps,     14 collapses,    598 moves
Debug   :  iter  10 minL    0.344/   0.700 maxL    1.399/   1.400 -- Small/Large/Total (   418/     0/  9710):      0 splits,      0 swaps,      0 collapses,    170 moves
Debug   :  iter  10 minL    0.372/   0.700 maxL    1.396/   1.400 -- Small/Large/Total (   514/     0/ 10306):      4 splits,      4 swaps,      4 collapses,    312 moves
Debug   :  ---------------------------------------
Debug   :  CPU Report 
Debug   :  ---------------------------------------
Debug   :  CPU SWAP     5.75070E-02 sec (  4 %)
Debug   :  CPU SPLIT    1.34285E-01 sec ( 10 %) 
Debug   :  CPU COLLAPS  3.09132E-01 sec ( 22 %) 
Debug   :  CPU SMOOTH   8.89070E-01 sec ( 64 %) 
Debug   :  ---------------------------------------
Debug   :  CPU TOTAL    1.38999E+00 sec 
Debug   :  ---------------------------------------
Debug   :  iter   9 minL    0.320/   0.700 maxL    1.838/   1.400 -- Small/Large/Total (   421/     2/  9979):      5 splits,      4 swaps,      3 collapses,    293 moves
Debug   :  iter   1 minL    0.396/   0.700 maxL    1.399/   1.400 -- Small/Large/Total (   379/     0/  9620):      0 splits,      0 swaps,      0 collapses,    118 moves
Debug   :  iter   1 minL    0.392/   0.700 maxL    1.403/   1.400 -- Small/Large/Total (   401/     1/  9640):      3 splits,      0 swaps,      1 collapses,    182 moves
Debug   :  ---------------------------------------
Debug   :  CPU Report 
Debug   :  ---------------------------------------
Debug   :  CPU SWAP     4.51500E-03 sec (  5 %)
Debug   :  CPU SPLIT    2.51750E-02 sec ( 29 %) 
Debug   :  CPU COLLAPS  1.21180E-02 sec ( 14 %) 
Debug   :  CPU SMOOTH   4.58970E-02 sec ( 52 %) 
Debug   :  ---------------------------------------
Debug   :  CPU TOTAL    8.77050E-02 sec 
Debug   :  ---------------------------------------
Debug   : Type 23 6296 triangles generated, 2972 internal nodes
Debug   :  iter   9 minL    0.310/   0.700 maxL    1.651/   1.400 -- Small/Large/Total (   549/     4/ 10374):     10 splits,      9 swaps,     10 collapses,    498 moves
Info    : Meshing surface 7 (Parametric surface, MeshAdapt)
Debug   :  iter  10 minL    0.320/   0.700 maxL    1.838/   1.400 -- Small/Large/Total (   422/     2/  9979):      2 splits,      2 swaps,      2 collapses,    235 moves
Debug   :  iter   1 minL    0.344/   0.700 maxL    1.399/   1.400 -- Small/Large/Total (   417/     0/  9710):      0 splits,      0 swaps,      0 collapses,    139 moves
Debug   :  iter   2 minL    0.392/   0.700 maxL    1.394/   1.400 -- Small/Large/Total (   404/     0/  9643):      1 splits,      0 swaps,      0 collapses,     99 moves
Debug   :  iter  11 minL    0.372/   0.700 maxL    1.396/   1.400 -- Small/Large/Total (   516/     0/ 10306):      1 splits,      0 swaps,      1 collapses,    267 moves
Debug   :  ---------------------------------------
Debug   :  CPU Report 
Debug   :  ---------------------------------------
Debug   :  CPU SWAP     4.60500E-03 sec (  5 %)
Debug   :  CPU SPLIT    2.56520E-02 sec ( 29 %) 
Debug   :  CPU COLLAPS  1.22920E-02 sec ( 14 %) 
Debug   :  CPU SMOOTH   4.72620E-02 sec ( 53 %) 
Debug   :  ---------------------------------------
Debug   :  CPU TOTAL    8.98110E-02 sec 
Debug   :  ---------------------------------------
Debug   : Type 23 6352 triangles generated, 2994 internal nodes
Debug   :  iter  10 minL    0.310/   0.700 maxL    1.580/   1.400 -- Small/Large/Total (   539/     3/ 10371):      4 splits,      4 swaps,      5 collapses,    398 moves
Info    : Meshing surface 7 (Parametric surface, MeshAdapt)
Debug   :  iter   3 minL    0.392/   0.700 maxL    1.394/   1.400 -- Small/Large/Total (   404/     0/  9643):      0 splits,      0 swaps,      0 collapses,     77 moves
Debug   :  iter  11 minL    0.320/   0.700 maxL    1.838/   1.400 -- Small/Large/Total (   421/     2/  9979):      2 splits,      2 swaps,      2 collapses,    234 moves
Debug   :  ---------------------------------------
Debug   :  CPU Report 
Debug   :  ---------------------------------------
Debug   :  CPU SWAP     1.35850E-02 sec (  6 %)
Debug   :  CPU SPLIT    4.97490E-02 sec ( 21 %) 
Debug   :  CPU COLLAPS  3.55630E-02 sec ( 15 %) 
Debug   :  CPU SMOOTH   1.33496E-01 sec ( 57 %) 
Debug   :  ---------------------------------------
Debug   :  CPU TOTAL    2.32393E-01 sec 
Debug   :  ---------------------------------------
Debug   : Type 23 6312 triangles generated, 2981 internal nodes
Info    : Meshing surface 7 (Parametric surface, MeshAdapt)
Debug   :  ---------------------------------------
Debug   :  CPU Report 
Debug   :  ---------------------------------------
Debug   :  CPU SWAP     7.36560E-02 sec (  4 %)
Debug   :  CPU SPLIT    1.71372E-01 sec ( 10 %) 
Debug   :  CPU COLLAPS  3.81165E-01 sec ( 22 %) 
Debug   :  CPU SMOOTH   1.11118E+00 sec ( 64 %) 
Debug   :  ---------------------------------------
Debug   :  CPU TOTAL    1.73737E+00 sec 
Debug   :  ---------------------------------------
Debug   :  iter  11 minL    0.310/   0.700 maxL    1.799/   1.400 -- Small/Large/Total (   538/     6/ 10368):      3 splits,      5 swaps,      4 collapses,    380 moves
Debug   :  ---------------------------------------
Debug   :  CPU Report 
Debug   :  ---------------------------------------
Debug   :  CPU SWAP     7.11200E-02 sec (  4 %)
Debug   :  CPU SPLIT    1.64935E-01 sec ( 10 %) 
Debug   :  CPU COLLAPS  3.56696E-01 sec ( 22 %) 
Debug   :  CPU SMOOTH   1.01341E+00 sec ( 63 %) 
Debug   :  ---------------------------------------
Debug   :  CPU TOTAL    1.60616E+00 sec 
Debug   :  ---------------------------------------
Debug   :  iter   1 minL    0.372/   0.700 maxL    1.396/   1.400 -- Small/Large/Total (   515/     0/ 10306):      0 splits,      0 swaps,      0 collapses,    110 moves
Debug   :  ---------------------------------------
Debug   :  CPU Report 
Debug   :  ---------------------------------------
Debug   :  CPU SWAP     4.87900E-03 sec (  5 %)
Debug   :  CPU SPLIT    2.77670E-02 sec ( 28 %) 
Debug   :  CPU COLLAPS  1.32550E-02 sec ( 13 %) 
Debug   :  CPU SMOOTH   5.27740E-02 sec ( 53 %) 
Debug   :  ---------------------------------------
Debug   :  CPU TOTAL    9.86750E-02 sec 
Debug   :  ---------------------------------------
Debug   :  ---------------------------------------
Debug   :  CPU Report 
Debug   :  ---------------------------------------
Debug   :  CPU SWAP     7.20210E-02 sec (  4 %)
Debug   :  CPU SPLIT    1.63694E-01 sec ( 10 %) 
Debug   :  CPU COLLAPS  3.40777E-01 sec ( 21 %) 
Debug   :  CPU SMOOTH   1.05444E+00 sec ( 65 %) 
Debug   :  ---------------------------------------
Debug   :  CPU TOTAL    1.63094E+00 sec 
Debug   :  ---------------------------------------
Debug   : Type 23 6742 triangles generated, 3178 internal nodes
Info    : Meshing surface 7 (Parametric surface, MeshAdapt)
Debug   :  iter   1 minL    0.320/   0.700 maxL    1.838/   1.400 -- Small/Large/Total (   419/     2/  9979):      2 splits,      2 swaps,      2 collapses,    130 moves
Debug   :  iter   1 minL    0.310/   0.700 maxL    1.527/   1.400 -- Small/Large/Total (   540/     1/ 10377):      4 splits,      4 swaps,      1 collapses,    169 moves
Debug   :  iter   2 minL    0.320/   0.700 maxL    1.838/   1.400 -- Small/Large/Total (   418/     2/  9979):      2 splits,      2 swaps,      2 collapses,    109 moves
Debug   :  iter   3 minL    0.320/   0.700 maxL    1.838/   1.400 -- Small/Large/Total (   418/     2/  9979):      2 splits,      2 swaps,      2 collapses,     71 moves
Debug   :  iter   2 minL    0.310/   0.700 maxL    1.527/   1.400 -- Small/Large/Total (   539/     1/ 10374):      1 splits,      1 swaps,      2 collapses,    106 moves
Debug   :  iter   4 minL    0.320/   0.700 maxL    1.838/   1.400 -- Small/Large/Total (   418/     2/  9979):      2 splits,      2 swaps,      2 collapses,     50 moves
Debug   :  iter   3 minL    0.310/   0.700 maxL    1.527/   1.400 -- Small/Large/Total (   538/     1/ 10374):      1 splits,      1 swaps,      1 collapses,     68 moves
Debug   :  iter   5 minL    0.320/   0.700 maxL    1.838/   1.400 -- Small/Large/Total (   417/     2/  9979):      2 splits,      2 swaps,      2 collapses,     38 moves
Debug   :  iter   4 minL    0.310/   0.700 maxL    1.527/   1.400 -- Small/Large/Total (   538/     1/ 10374):      1 splits,      1 swaps,      1 collapses,     48 moves
Debug   :  iter   6 minL    0.320/   0.700 maxL    1.838/   1.400 -- Small/Large/Total (   417/     2/  9979):      2 splits,      2 swaps,      2 collapses,     31 moves
Debug   :  iter   5 minL    0.310/   0.700 maxL    1.527/   1.400 -- Small/Large/Total (   538/     1/ 10374):      1 splits,      1 swaps,      1 collapses,     41 moves
Debug   :  iter   7 minL    0.320/   0.700 maxL    1.838/   1.400 -- Small/Large/Total (   417/     2/  9979):      2 splits,      2 swaps,      2 collapses,     24 moves
Debug   :  iter   6 minL    0.310/   0.700 maxL    1.527/   1.400 -- Small/Large/Total (   538/     1/ 10374):      1 splits,      1 swaps,      1 collapses,     34 moves
Debug   : Recovering 4 model edges
Debug   : Recovering 141 mesh edges (0 not recovered)
Debug   : Boundary edges recovered for surface 7
Debug   : Computing mesh size field at mesh nodes 141
Debug   : Delaunizing the initial mesh
Debug   :  iter   8 minL    0.320/   0.700 maxL    1.838/   1.400 -- Small/Large/Total (   417/     2/  9979):      2 splits,      2 swaps,      2 collapses,     18 moves
Debug   :  iter   7 minL    0.310/   0.700 maxL    1.527/   1.400 -- Small/Large/Total (   538/     1/ 10374):      1 splits,      1 swaps,      1 collapses,     27 moves
Debug   :  iter   9 minL    0.320/   0.700 maxL    1.838/   1.400 -- Small/Large/Total (   417/     2/  9979):      2 splits,      2 swaps,      2 collapses,     18 moves
Debug   : Recovering 4 model edges
Debug   : Recovering 142 mesh edges (0 not recovered)
Debug   : Boundary edges recovered for surface 7
Debug   : Computing mesh size field at mesh nodes 142
Debug   : Delaunizing the initial mesh
Debug   :  iter   8 minL    0.310/   0.700 maxL    1.527/   1.400 -- Small/Large/Total (   538/     1/ 10374):      1 splits,      1 swaps,      1 collapses,     27 moves
Debug   : Starting to add internal nodes
Debug   :  iter  10 minL    0.320/   0.700 maxL    1.838/   1.400 -- Small/Large/Total (   417/     2/  9979):      2 splits,      2 swaps,      2 collapses,     18 moves
Debug   :  iter   9 minL    0.310/   0.700 maxL    1.527/   1.400 -- Small/Large/Total (   538/     1/ 10374):      1 splits,      1 swaps,      1 collapses,     25 moves
Debug   : Starting to add internal nodes
Debug   : Recovering 4 model edges
Debug   : Recovering 156 mesh edges (0 not recovered)
Debug   : Boundary edges recovered for surface 7
Debug   : Computing mesh size field at mesh nodes 156
Debug   : Delaunizing the initial mesh
Debug   :  iter  11 minL    0.320/   0.700 maxL    1.838/   1.400 -- Small/Large/Total (   417/     2/  9979):      2 splits,      2 swaps,      2 collapses,     19 moves
Debug   :  iter  10 minL    0.310/   0.700 maxL    1.527/   1.400 -- Small/Large/Total (   537/     1/ 10374):      1 splits,      1 swaps,      1 collapses,     23 moves
Debug   : Recovering 4 model edges
Debug   : Recovering 143 mesh edges (0 not recovered)
Debug   : Boundary edges recovered for surface 7
Debug   : Computing mesh size field at mesh nodes 143
Debug   : Delaunizing the initial mesh
Debug   :  ---------------------------------------
Debug   :  CPU Report 
Debug   :  ---------------------------------------
Debug   :  CPU SWAP     5.73980E-02 sec (  6 %)
Debug   :  CPU SPLIT    1.73564E-01 sec ( 18 %) 
Debug   :  CPU COLLAPS  1.63148E-01 sec ( 17 %) 
Debug   :  CPU SMOOTH   5.85279E-01 sec ( 60 %) 
Debug   :  ---------------------------------------
Debug   :  CPU TOTAL    9.79389E-01 sec 
Debug   :  ---------------------------------------
Debug   : Type 23 6527 triangles generated, 3075 internal nodes
Info    : Meshing surface 7 (Parametric surface, MeshAdapt)
Debug   :  iter  11 minL    0.310/   0.700 maxL    1.527/   1.400 -- Small/Large/Total (   537/     1/ 10374):      1 splits,      1 swaps,      1 collapses,     20 moves
Debug   : Starting to add internal nodes
Debug   : Starting to add internal nodes
Debug   :  ---------------------------------------
Debug   :  CPU Report 
Debug   :  ---------------------------------------
Debug   :  CPU SWAP     5.96870E-02 sec (  6 %)
Debug   :  CPU SPLIT    1.75691E-01 sec ( 17 %) 
Debug   :  CPU COLLAPS  1.64865E-01 sec ( 16 %) 
Debug   :  CPU SMOOTH   6.56469E-01 sec ( 62 %) 
Debug   :  ---------------------------------------
Debug   :  CPU TOTAL    1.05671E+00 sec 
Debug   :  ---------------------------------------
Debug   : Type 23 6780 triangles generated, 3186 internal nodes
Info    : Meshing surface 7 (Parametric surface, MeshAdapt)
Debug   : Recovering 4 model edges
Debug   : Recovering 139 mesh edges (0 not recovered)
Debug   : Boundary edges recovered for surface 7
Debug   : Computing mesh size field at mesh nodes 139
Debug   : Delaunizing the initial mesh
Debug   : Starting to add internal nodes
Debug   : Recovering 4 model edges
Debug   : Recovering 190 mesh edges (0 not recovered)
Debug   : Boundary edges recovered for surface 7
Debug   : Computing mesh size field at mesh nodes 190
Debug   : Delaunizing the initial mesh
Debug   : Starting to add internal nodes
Debug   :  iter   1 minL    0.116/   0.700 maxL    6.907/   1.400 -- Small/Large/Total (   148/   643/  1500):    511 splits,    596 swaps,    104 collapses,   1370 moves
Debug   :  iter   1 minL    0.123/   0.700 maxL    5.422/   1.400 -- Small/Large/Total (   143/   607/  1481):    514 splits,    648 swaps,    114 collapses,   1378 moves
Debug   :  iter   1 minL    0.129/   0.700 maxL    8.157/   1.400 -- Small/Large/Total (   151/   691/  1546):    521 splits,    543 swaps,    100 collapses,   1440 moves
Debug   :  iter   1 minL    0.131/   0.700 maxL    6.345/   1.400 -- Small/Large/Total (   231/   550/  1671):    567 splits,    694 swaps,    113 collapses,   1603 moves
Debug   :  iter   1 minL    0.176/   0.700 maxL    8.055/   1.400 -- Small/Large/Total (   139/   645/  1499):    505 splits,    524 swaps,     97 collapses,   1436 moves
Debug   :  iter   1 minL    0.035/   0.700 maxL    9.201/   1.400 -- Small/Large/Total (   248/   921/  2180):    711 splits,    900 swaps,    110 collapses,   1741 moves
Debug   :  iter   2 minL    0.232/   0.700 maxL    2.570/   1.400 -- Small/Large/Total (   199/   108/  2129):    622 splits,    689 swaps,    406 collapses,   2267 moves
Debug   :  iter   2 minL    0.220/   0.700 maxL    2.596/   1.400 -- Small/Large/Total (   168/   169/  2319):    654 splits,    759 swaps,    381 collapses,   2539 moves
Debug   :  iter   2 minL    0.235/   0.700 maxL    2.560/   1.400 -- Small/Large/Total (   225/   101/  2115):    579 splits,    639 swaps,    431 collapses,   2305 moves
Debug   :  iter   2 minL    0.295/   0.700 maxL    2.734/   1.400 -- Small/Large/Total (   197/   176/  2353):    695 splits,    850 swaps,    426 collapses,   2584 moves
Debug   :  iter   2 minL    0.344/   0.700 maxL    3.451/   1.400 -- Small/Large/Total (   170/   152/  2348):    647 splits,    715 swaps,    364 collapses,   2555 moves
Debug   :  iter   3 minL    0.486/   0.700 maxL    1.564/   1.400 -- Small/Large/Total (    93/     6/  2219):    128 splits,     77 swaps,     98 collapses,    932 moves
Debug   :  iter   3 minL    0.461/   0.700 maxL    1.569/   1.400 -- Small/Large/Total (    99/     7/  2202):    120 splits,     86 swaps,     91 collapses,   1000 moves
Debug   :  iter   3 minL    0.507/   0.700 maxL    1.671/   1.400 -- Small/Large/Total (   108/    15/  2598):    185 splits,    123 swaps,     92 collapses,   1427 moves
Debug   :  iter   3 minL    0.505/   0.700 maxL    1.589/   1.400 -- Small/Large/Total (   106/     4/  2623):    200 splits,    126 swaps,    110 collapses,   1380 moves
Debug   :  iter   4 minL    0.495/   0.700 maxL    1.385/   1.400 -- Small/Large/Total (    82/     0/  2222):      7 splits,      6 swaps,      6 collapses,    274 moves
Debug   :  iter   4 minL    0.464/   0.700 maxL    1.384/   1.400 -- Small/Large/Total (    74/     0/  2187):      7 splits,     11 swaps,     12 collapses,    372 moves
Debug   :  iter   4 minL    0.521/   0.700 maxL    1.394/   1.400 -- Small/Large/Total (    90/     0/  2589):     15 splits,     12 swaps,     18 collapses,    548 moves
Debug   :  iter   3 minL    0.521/   0.700 maxL    1.509/   1.400 -- Small/Large/Total (    91/     2/  2573):    172 splits,    126 swaps,     97 collapses,   1313 moves
Debug   :  iter   4 minL    0.531/   0.700 maxL    1.385/   1.400 -- Small/Large/Total (    95/     0/  2632):      6 splits,     11 swaps,      3 collapses,    376 moves
Debug   :  iter   5 minL    0.495/   0.700 maxL    1.385/   1.400 -- Small/Large/Total (    83/     0/  2219):      0 splits,      0 swaps,      1 collapses,    136 moves
Debug   :  iter   5 minL    0.464/   0.700 maxL    1.384/   1.400 -- Small/Large/Total (    70/     0/  2184):      0 splits,      0 swaps,      1 collapses,    175 moves
Debug   :  iter   5 minL    0.517/   0.700 maxL    1.394/   1.400 -- Small/Large/Total (    89/     0/  2586):      0 splits,      0 swaps,      1 collapses,    242 moves
Debug   :  iter   4 minL    0.523/   0.700 maxL    1.371/   1.400 -- Small/Large/Total (    86/     0/  2576):      4 splits,      3 swaps,      3 collapses,    380 moves
Debug   :  iter   2 minL    0.095/   0.700 maxL    4.085/   1.400 -- Small/Large/Total (   460/   334/  3302):    933 splits,   1048 swaps,    559 collapses,   3458 moves
Debug   :  iter   5 minL    0.531/   0.700 maxL    1.385/   1.400 -- Small/Large/Total (    95/     0/  2632):      0 splits,      0 swaps,      0 collapses,    162 moves
Debug   :  iter   6 minL    0.464/   0.700 maxL    1.384/   1.400 -- Small/Large/Total (    70/     0/  2184):      0 splits,      0 swaps,      0 collapses,    124 moves
Debug   :  iter   6 minL    0.495/   0.700 maxL    1.385/   1.400 -- Small/Large/Total (    82/     0/  2216):      0 splits,      0 swaps,      1 collapses,    106 moves
Debug   :  ---------------------------------------
Debug   :  CPU Report 
Debug   :  ---------------------------------------
Debug   :  CPU SWAP     7.40900E-03 sec (  0 %)
Debug   :  CPU SPLIT    5.04292E-01 sec (  5 %) 
Debug   :  CPU COLLAPS  1.24340E+00 sec ( 12 %) 
Debug   :  CPU SMOOTH   8.60612E+00 sec ( 83 %) 
Debug   :  ---------------------------------------
Debug   :  CPU TOTAL    1.03612E+01 sec 
Debug   :  ---------------------------------------
Debug   :  ---------------------------------------
Debug   :  CPU Report 
Debug   :  ---------------------------------------
Debug   :  CPU SWAP     7.24400E-03 sec (  0 %)
Debug   :  CPU SPLIT    4.49631E-01 sec (  4 %) 
Debug   :  CPU COLLAPS  1.17875E+00 sec ( 11 %) 
Debug   :  CPU SMOOTH   8.66408E+00 sec ( 84 %) 
Debug   :  ---------------------------------------
Debug   :  CPU TOTAL    1.02997E+01 sec 
Debug   :  ---------------------------------------
Debug   :  iter   6 minL    0.518/   0.700 maxL    1.394/   1.400 -- Small/Large/Total (    89/     0/  2586):      0 splits,      0 swaps,      0 collapses,    178 moves
Debug   :  iter   5 minL    0.523/   0.700 maxL    1.361/   1.400 -- Small/Large/Total (    86/     0/  2576):      0 splits,      0 swaps,      0 collapses,    173 moves
Debug   :  iter   7 minL    0.495/   0.700 maxL    1.385/   1.400 -- Small/Large/Total (    81/     0/  2213):      0 splits,      0 swaps,      1 collapses,     77 moves
Debug   :  ---------------------------------------
Debug   :  CPU Report 
Debug   :  ---------------------------------------
Debug   :  CPU SWAP     8.84400E-03 sec (  0 %)
Debug   :  CPU SPLIT    5.62149E-01 sec (  5 %) 
Debug   :  CPU COLLAPS  1.29807E+00 sec ( 11 %) 
Debug   :  CPU SMOOTH   9.44171E+00 sec ( 83 %) 
Debug   :  ---------------------------------------
Debug   :  CPU TOTAL    1.13108E+01 sec 
Debug   :  ---------------------------------------
Debug   :  ---------------------------------------
Debug   :  CPU Report 
Debug   :  ---------------------------------------
Debug   :  CPU SWAP     6.99900E-03 sec (  0 %)
Debug   :  CPU SPLIT    4.47667E-01 sec (  4 %) 
Debug   :  CPU COLLAPS  1.11582E+00 sec ( 11 %) 
Debug   :  CPU SMOOTH   8.51979E+00 sec ( 84 %) 
Debug   :  ---------------------------------------
Debug   :  CPU TOTAL    1.00903E+01 sec 
Debug   :  ---------------------------------------
Debug   :  iter   1 minL    0.464/   0.700 maxL    1.384/   1.400 -- Small/Large/Total (    70/     0/  2184):      0 splits,      0 swaps,      0 collapses,    109 moves
Debug   :  iter   1 minL    0.531/   0.700 maxL    1.385/   1.400 -- Small/Large/Total (    95/     0/  2632):      0 splits,      0 swaps,      0 collapses,    120 moves
Debug   :  ---------------------------------------
Debug   :  CPU Report 
Debug   :  ---------------------------------------
Debug   :  CPU SWAP     8.91000E-04 sec (  0 %)
Debug   :  CPU SPLIT    1.86092E-01 sec ( 17 %) 
Debug   :  CPU COLLAPS  9.32710E-02 sec (  9 %) 
Debug   :  CPU SMOOTH   8.12694E-01 sec ( 74 %) 
Debug   :  ---------------------------------------
Debug   :  CPU TOTAL    1.09295E+00 sec 
Debug   :  ---------------------------------------
Debug   : Type 23 1404 triangles generated, 625 internal nodes
Info    : Meshing surface 8 (Parametric surface, MeshAdapt)
Debug   :  iter   8 minL    0.495/   0.700 maxL    1.385/   1.400 -- Small/Large/Total (    81/     0/  2213):      0 splits,      0 swaps,      0 collapses,     60 moves
Debug   :  ---------------------------------------
Debug   :  CPU Report 
Debug   :  ---------------------------------------
Debug   :  CPU SWAP     1.11000E-03 sec (  0 %)
Debug   :  CPU SPLIT    2.21754E-01 sec ( 17 %) 
Debug   :  CPU COLLAPS  1.11840E-01 sec (  8 %) 
Debug   :  CPU SMOOTH   1.00504E+00 sec ( 75 %) 
Debug   :  ---------------------------------------
Debug   :  CPU TOTAL    1.33974E+00 sec 
Debug   :  ---------------------------------------
Debug   : Type 23 1707 triangles generated, 783 internal nodes
Info    : Meshing surface 8 (Parametric surface, MeshAdapt)
Debug   :  iter   3 minL    0.203/   0.700 maxL    2.011/   1.400 -- Small/Large/Total (   226/    41/  3287):    367 splits,    498 swaps,    372 collapses,   2051 moves
Debug   :  iter   1 minL    0.518/   0.700 maxL    1.394/   1.400 -- Small/Large/Total (    89/     0/  2586):      0 splits,      0 swaps,      0 collapses,    106 moves
Debug   :  iter   1 minL    0.523/   0.700 maxL    1.361/   1.400 -- Small/Large/Total (    86/     0/  2576):      0 splits,      0 swaps,      0 collapses,    127 moves
Debug   :  ---------------------------------------
Debug   :  CPU Report 
Debug   :  ---------------------------------------
Debug   :  CPU SWAP     9.34300E-03 sec (  0 %)
Debug   :  CPU SPLIT    7.15316E-01 sec (  6 %) 
Debug   :  CPU COLLAPS  1.48612E+00 sec ( 12 %) 
Debug   :  CPU SMOOTH   1.05234E+01 sec ( 83 %) 
Debug   :  ---------------------------------------
Debug   :  CPU TOTAL    1.27342E+01 sec 
Debug   :  ---------------------------------------
Debug   :  ---------------------------------------
Debug   :  CPU Report 
Debug   :  ---------------------------------------
Debug   :  CPU SWAP     1.08800E-03 sec (  0 %)
Debug   :  CPU SPLIT    2.22214E-01 sec ( 17 %) 
Debug   :  CPU COLLAPS  1.11756E-01 sec (  8 %) 
Debug   :  CPU SMOOTH   1.00344E+00 sec ( 75 %) 
Debug   :  ---------------------------------------
Debug   :  CPU TOTAL    1.33850E+00 sec 
Debug   :  ---------------------------------------
Debug   : Type 23 1677 triangles generated, 769 internal nodes
Info    : Meshing surface 8 (Parametric surface, MeshAdapt)
Debug   :  ---------------------------------------
Debug   :  CPU Report 
Debug   :  ---------------------------------------
Debug   :  CPU SWAP     1.08900E-03 sec (  0 %)
Debug   :  CPU SPLIT    2.20575E-01 sec ( 17 %) 
Debug   :  CPU COLLAPS  1.10839E-01 sec (  9 %) 
Debug   :  CPU SMOOTH   9.61423E-01 sec ( 74 %) 
Debug   :  ---------------------------------------
Debug   :  CPU TOTAL    1.29393E+00 sec 
Debug   :  ---------------------------------------
Debug   : Type 23 1671 triangles generated, 767 internal nodes
Info    : Meshing surface 8 (Parametric surface, MeshAdapt)
Debug   : Recovering 4 model edges
Debug   : Recovering 100 mesh edges (0 not recovered)
Debug   : Boundary edges recovered for surface 8
Debug   : Computing mesh size field at mesh nodes 100
Debug   : Delaunizing the initial mesh
Debug   : Starting to add internal nodes
Debug   : Recovering 4 model edges
Debug   : Recovering 121 mesh edges (0 not recovered)
Debug   : Boundary edges recovered for surface 8
Debug   : Computing mesh size field at mesh nodes 121
Debug   : Delaunizing the initial mesh
Debug   : Starting to add internal nodes
Debug   : Recovering 4 model edges
Debug   : Recovering 101 mesh edges (0 not recovered)
Debug   : Boundary edges recovered for surface 8
Debug   : Computing mesh size field at mesh nodes 101
Debug   : Delaunizing the initial mesh
Debug   : Starting to add internal nodes
Debug   :  iter   1 minL    0.495/   0.700 maxL    1.385/   1.400 -- Small/Large/Total (    81/     0/  2213):      0 splits,      0 swaps,      0 collapses,     37 moves
Debug   :  iter   4 minL    0.513/   0.700 maxL    1.406/   1.400 -- Small/Large/Total (   100/     1/  3245):     47 splits,     39 swaps,     61 collapses,    957 moves
Debug   :  ---------------------------------------
Debug   :  CPU Report 
Debug   :  ---------------------------------------
Debug   :  CPU SWAP     9.15000E-04 sec (  0 %)
Debug   :  CPU SPLIT    1.95233E-01 sec ( 17 %) 
Debug   :  CPU COLLAPS  9.75410E-02 sec (  8 %) 
Debug   :  CPU SMOOTH   8.71360E-01 sec ( 75 %) 
Debug   :  ---------------------------------------
Debug   :  CPU TOTAL    1.16505E+00 sec 
Debug   :  ---------------------------------------
Debug   : Type 23 1428 triangles generated, 644 internal nodes
Info    : Meshing surface 8 (Parametric surface, MeshAdapt)
Debug   : Recovering 4 model edges
Debug   : Recovering 111 mesh edges (0 not recovered)
Debug   : Boundary edges recovered for surface 8
Debug   : Computing mesh size field at mesh nodes 111
Debug   : Delaunizing the initial mesh
Debug   : Starting to add internal nodes
Debug   :  iter   1 minL    0.160/   0.700 maxL    4.481/   1.400 -- Small/Large/Total (   123/   357/  1070):    354 splits,    299 swaps,     63 collapses,    967 moves
Debug   : Recovering 4 model edges
Debug   : Recovering 119 mesh edges (0 not recovered)
Debug   : Boundary edges recovered for surface 8
Debug   : Computing mesh size field at mesh nodes 119
Debug   : Delaunizing the initial mesh
Debug   : Starting to add internal nodes
Debug   :  iter   1 minL    0.245/   0.700 maxL    4.936/   1.400 -- Small/Large/Total (   104/   381/  1075):    354 splits,    344 swaps,     62 collapses,    956 moves
Debug   :  iter   1 minL    0.196/   0.700 maxL    4.003/   1.400 -- Small/Large/Total (   102/   473/  1334):    438 splits,    642 swaps,     73 collapses,   1213 moves
Debug   :  iter   5 minL    0.534/   0.700 maxL    1.448/   1.400 -- Small/Large/Total (    82/     1/  3224):      1 splits,      2 swaps,      8 collapses,    473 moves
Debug   :  iter   2 minL    0.226/   0.700 maxL    1.806/   1.400 -- Small/Large/Total (   170/    24/  1457):    375 splits,    305 swaps,    246 collapses,   1593 moves
Debug   :  iter   1 minL    0.217/   0.700 maxL    5.771/   1.400 -- Small/Large/Total (   108/   464/  1200):    396 splits,    383 swaps,     69 collapses,   1083 moves
Debug   :  iter   1 minL    0.117/   0.700 maxL    6.061/   1.400 -- Small/Large/Total (   130/   454/  1264):    427 splits,    527 swaps,     84 collapses,   1183 moves
Debug   :  iter   6 minL    0.534/   0.700 maxL    1.399/   1.400 -- Small/Large/Total (    80/     0/  3221):      1 splits,      2 swaps,      2 collapses,    255 moves
Debug   :  iter   2 minL    0.274/   0.700 maxL    2.469/   1.400 -- Small/Large/Total (   166/    90/  1528):    388 splits,    305 swaps,    237 collapses,   1584 moves
Debug   :  iter   3 minL    0.493/   0.700 maxL    1.387/   1.400 -- Small/Large/Total (    85/     0/  1412):     31 splits,     27 swaps,     46 collapses,    827 moves
Debug   :  iter   2 minL    0.353/   0.700 maxL    2.242/   1.400 -- Small/Large/Total (   142/    52/  2114):    504 splits,    394 swaps,    244 collapses,   2015 moves
Debug   :  iter   4 minL    0.491/   0.700 maxL    1.423/   1.400 -- Small/Large/Total (    82/     1/  1403):      0 splits,      0 swaps,      3 collapses,    304 moves
Debug   :  iter   3 minL    0.538/   0.700 maxL    1.473/   1.400 -- Small/Large/Total (    88/     3/  1591):    108 splits,     73 swaps,     87 collapses,   1005 moves
Debug   :  iter   5 minL    0.491/   0.700 maxL    1.387/   1.400 -- Small/Large/Total (    77/     0/  1403):      1 splits,      0 swaps,      1 collapses,    192 moves
Debug   :  iter   3 minL    0.474/   0.700 maxL    1.391/   1.400 -- Small/Large/Total (   125/     0/  2219):     79 splits,     40 swaps,     44 collapses,    839 moves
Debug   :  iter   7 minL    0.534/   0.700 maxL    1.399/   1.400 -- Small/Large/Total (    80/     0/  3221):      0 splits,      0 swaps,      0 collapses,    184 moves
Debug   :  iter   4 minL    0.495/   0.700 maxL    1.465/   1.400 -- Small/Large/Total (    69/     1/  1579):      3 splits,      2 swaps,      7 collapses,    402 moves
Debug   :  iter   2 minL    0.307/   0.700 maxL    2.262/   1.400 -- Small/Large/Total (   276/    98/  1902):    473 splits,    384 swaps,    239 collapses,   1782 moves
Debug   :  iter   2 minL    0.167/   0.700 maxL    2.711/   1.400 -- Small/Large/Total (   192/   118/  1984):    470 splits,    432 swaps,    230 collapses,   1935 moves
Debug   :  iter   6 minL    0.491/   0.700 maxL    1.387/   1.400 -- Small/Large/Total (    77/     0/  1403):      0 splits,      0 swaps,      0 collapses,    159 moves
Debug   :  iter   5 minL    0.543/   0.700 maxL    1.375/   1.400 -- Small/Large/Total (    64/     0/  1579):      2 splits,      1 swaps,      2 collapses,    274 moves
Debug   :  ---------------------------------------
Debug   :  CPU Report 
Debug   :  ---------------------------------------
Debug   :  CPU SWAP     1.32000E-02 sec (  0 %)
Debug   :  CPU SPLIT    8.81165E-01 sec (  5 %) 
Debug   :  CPU COLLAPS  2.13379E+00 sec ( 12 %) 
Debug   :  CPU SMOOTH   1.45619E+01 sec ( 83 %) 
Debug   :  ---------------------------------------
Debug   :  CPU TOTAL    1.75901E+01 sec 
Debug   :  ---------------------------------------
Debug   :  iter   4 minL    0.481/   0.700 maxL    1.421/   1.400 -- Small/Large/Total (   113/     1/  2210):      1 splits,      0 swaps,      4 collapses,    345 moves
Debug   :  ---------------------------------------
Debug   :  CPU Report 
Debug   :  ---------------------------------------
Debug   :  CPU SWAP     4.34400E-03 sec (  0 %)
Debug   :  CPU SPLIT    3.13702E-01 sec (  5 %) 
Debug   :  CPU COLLAPS  7.40247E-01 sec ( 13 %) 
Debug   :  CPU SMOOTH   4.84897E+00 sec ( 82 %) 
Debug   :  ---------------------------------------
Debug   :  CPU TOTAL    5.90727E+00 sec 
Debug   :  ---------------------------------------
Debug   :  iter   6 minL    0.543/   0.700 maxL    1.392/   1.400 -- Small/Large/Total (    62/     0/  1579):      0 splits,      0 swaps,      0 collapses,    184 moves
Debug   :  iter   3 minL    0.451/   0.700 maxL    1.651/   1.400 -- Small/Large/Total (   105/     3/  2071):    144 splits,    123 swaps,    115 collapses,   1195 moves
Debug   :  iter   3 minL    0.455/   0.700 maxL    1.478/   1.400 -- Small/Large/Total (   101/     3/  1851):    128 splits,    117 swaps,    145 collapses,   1179 moves
Debug   :  iter   1 minL    0.491/   0.700 maxL    1.387/   1.400 -- Small/Large/Total (    77/     0/  1403):      0 splits,      0 swaps,      0 collapses,    130 moves
Debug   :  ---------------------------------------
Debug   :  CPU Report 
Debug   :  ---------------------------------------
Debug   :  CPU SWAP     4.86900E-03 sec (  0 %)
Debug   :  CPU SPLIT    3.48894E-01 sec (  6 %) 
Debug   :  CPU COLLAPS  8.40938E-01 sec ( 13 %) 
Debug   :  CPU SMOOTH   5.07084E+00 sec ( 81 %) 
Debug   :  ---------------------------------------
Debug   :  CPU TOTAL    6.26554E+00 sec 
Debug   :  ---------------------------------------
Debug   :  iter   5 minL    0.470/   0.700 maxL    1.391/   1.400 -- Small/Large/Total (   110/     0/  2210):      1 splits,      1 swaps,      1 collapses,    244 moves
Debug   :  ---------------------------------------
Debug   :  CPU Report 
Debug   :  ---------------------------------------
Debug   :  CPU SWAP     5.75000E-04 sec (  0 %)
Debug   :  CPU SPLIT    1.14635E-01 sec ( 15 %) 
Debug   :  CPU COLLAPS  5.72440E-02 sec (  7 %) 
Debug   :  CPU SMOOTH   6.13720E-01 sec ( 78 %) 
Debug   :  ---------------------------------------
Debug   :  CPU TOTAL    7.86174E-01 sec 
Debug   :  ---------------------------------------
Debug   : Type 23 902 triangles generated, 402 internal nodes
Info    : Meshing surface 9 (Parametric surface, MeshAdapt)
Debug   :  iter   4 minL    0.451/   0.700 maxL    1.404/   1.400 -- Small/Large/Total (    86/     1/  2059):      4 splits,      3 swaps,      8 collapses,    452 moves
Debug   :  iter   1 minL    0.534/   0.700 maxL    1.399/   1.400 -- Small/Large/Total (    80/     0/  3221):      0 splits,      0 swaps,      0 collapses,    168 moves
Debug   :  iter   4 minL    0.473/   0.700 maxL    1.414/   1.400 -- Small/Large/Total (    73/     1/  1833):      5 splits,      7 swaps,     11 collapses,    449 moves
Debug   :  iter   1 minL    0.543/   0.700 maxL    1.392/   1.400 -- Small/Large/Total (    62/     0/  1579):      0 splits,      0 swaps,      0 collapses,    132 moves
Debug   :  iter   6 minL    0.475/   0.700 maxL    1.417/   1.400 -- Small/Large/Total (   110/     1/  2210):      0 splits,      0 swaps,      0 collapses,    215 moves
Debug   :  ---------------------------------------
Debug   :  CPU Report 
Debug   :  ---------------------------------------
Debug   :  CPU SWAP     6.53000E-04 sec (  0 %)
Debug   :  CPU SPLIT    1.31818E-01 sec ( 16 %) 
Debug   :  CPU COLLAPS  6.59150E-02 sec (  8 %) 
Debug   :  CPU SMOOTH   6.18149E-01 sec ( 76 %) 
Debug   :  ---------------------------------------
Debug   :  CPU TOTAL    8.16535E-01 sec 
Debug   :  ---------------------------------------
Debug   : Type 23 1019 triangles generated, 460 internal nodes
Debug   :  iter   5 minL    0.451/   0.700 maxL    1.345/   1.400 -- Small/Large/Total (    88/     0/  2062):      1 splits,      0 swaps,      0 collapses,    266 moves
Info    : Meshing surface 9 (Parametric surface, MeshAdapt)
Debug   :  ---------------------------------------
Debug   :  CPU Report 
Debug   :  ---------------------------------------
Debug   :  CPU SWAP     1.37900E-03 sec (  0 %)
Debug   :  CPU SPLIT    2.77331E-01 sec ( 16 %) 
Debug   :  CPU COLLAPS  1.39748E-01 sec (  8 %) 
Debug   :  CPU SMOOTH   1.28623E+00 sec ( 75 %) 
Debug   :  ---------------------------------------
Debug   :  CPU TOTAL    1.70469E+00 sec 
Debug   :  ---------------------------------------
Debug   : Type 23 2084 triangles generated, 948 internal nodes
Info    : Meshing surface 8 (Parametric surface, MeshAdapt)
Debug   :  ---------------------------------------
Debug   :  CPU Report 
Debug   :  ---------------------------------------
Debug   :  CPU SWAP     6.62700E-03 sec (  0 %)
Debug   :  CPU SPLIT    4.96847E-01 sec (  6 %) 
Debug   :  CPU COLLAPS  1.03886E+00 sec ( 13 %) 
Debug   :  CPU SMOOTH   6.37966E+00 sec ( 81 %) 
Debug   :  ---------------------------------------
Debug   :  CPU TOTAL    7.92199E+00 sec 
Debug   :  ---------------------------------------
Debug   :  iter   5 minL    0.466/   0.700 maxL    1.374/   1.400 -- Small/Large/Total (    71/     0/  1827):      1 splits,      0 swaps,      3 collapses,    252 moves
Debug   : Recovering 4 model edges
Debug   : Recovering 240 mesh edges (0 not recovered)
Debug   : Boundary edges recovered for surface 9
Debug   : Computing mesh size field at mesh nodes 240
Debug   : Delaunizing the initial mesh
Debug   :  iter   6 minL    0.451/   0.700 maxL    1.345/   1.400 -- Small/Large/Total (    86/     0/  2062):      0 splits,      0 swaps,      0 collapses,    237 moves
Debug   : Starting to add internal nodes
Debug   :  iter   6 minL    0.466/   0.700 maxL    1.374/   1.400 -- Small/Large/Total (    70/     0/  1824):      0 splits,      0 swaps,      1 collapses,    159 moves
Debug   :  ---------------------------------------
Debug   :  CPU Report 
Debug   :  ---------------------------------------
Debug   :  CPU SWAP     6.40100E-03 sec (  0 %)
Debug   :  CPU SPLIT    4.64886E-01 sec (  7 %) 
Debug   :  CPU COLLAPS  1.04698E+00 sec ( 15 %) 
Debug   :  CPU SMOOTH   5.53509E+00 sec ( 78 %) 
Debug   :  ---------------------------------------
Debug   :  CPU TOTAL    7.05336E+00 sec 
Debug   :  ---------------------------------------
Debug   : Recovering 4 model edges
Debug   : Recovering 223 mesh edges (0 not recovered)
Debug   : Boundary edges recovered for surface 9
Debug   : Computing mesh size field at mesh nodes 223
Debug   : Delaunizing the initial mesh
Debug   :  iter   1 minL    0.479/   0.700 maxL    1.391/   1.400 -- Small/Large/Total (   111/     0/  2216):      2 splits,      1 swaps,      0 collapses,    149 moves
Debug   : Recovering 4 model edges
Debug   : Recovering 138 mesh edges (0 not recovered)
Debug   : Boundary edges recovered for surface 8
Debug   : Computing mesh size field at mesh nodes 138
Debug   : Delaunizing the initial mesh
Debug   : Starting to add internal nodes
Debug   : Starting to add internal nodes
Debug   :  iter   1 minL    0.451/   0.700 maxL    1.345/   1.400 -- Small/Large/Total (    86/     0/  2062):      0 splits,      0 swaps,      0 collapses,    183 moves
Debug   :  iter   7 minL    0.466/   0.700 maxL    1.374/   1.400 -- Small/Large/Total (    70/     0/  1824):      0 splits,      0 swaps,      0 collapses,    114 moves
Debug   :  iter   2 minL    0.479/   0.700 maxL    1.391/   1.400 -- Small/Large/Total (   111/     0/  2216):      0 splits,      0 swaps,      0 collapses,     90 moves
Debug   :  ---------------------------------------
Debug   :  CPU Report 
Debug   :  ---------------------------------------
Debug   :  CPU SWAP     6.58800E-03 sec (  0 %)
Debug   :  CPU SPLIT    5.00101E-01 sec (  5 %) 
Debug   :  CPU COLLAPS  1.11314E+00 sec ( 12 %) 
Debug   :  CPU SMOOTH   7.47570E+00 sec ( 82 %) 
Debug   :  ---------------------------------------
Debug   :  CPU TOTAL    9.09552E+00 sec 
Debug   :  ---------------------------------------
Debug   :  ---------------------------------------
Debug   :  CPU Report 
Debug   :  ---------------------------------------
Debug   :  CPU SWAP     8.58000E-04 sec (  0 %)
Debug   :  CPU SPLIT    1.81766E-01 sec ( 21 %) 
Debug   :  CPU COLLAPS  9.06570E-02 sec ( 10 %) 
Debug   :  CPU SMOOTH   5.98062E-01 sec ( 69 %) 
Debug   :  ---------------------------------------
Debug   :  CPU TOTAL    8.71343E-01 sec 
Debug   :  ---------------------------------------
Debug   : Type 23 1335 triangles generated, 609 internal nodes
Info    : Meshing surface 9 (Parametric surface, MeshAdapt)
Debug   :  ---------------------------------------
Debug   :  CPU Report 
Debug   :  ---------------------------------------
Debug   :  CPU SWAP     1.85200E-03 sec (  0 %)
Debug   :  CPU SPLIT    2.94144E-01 sec ( 14 %) 
Debug   :  CPU COLLAPS  1.97821E-01 sec (  9 %) 
Debug   :  CPU SMOOTH   1.66927E+00 sec ( 77 %) 
Debug   :  ---------------------------------------
Debug   :  CPU TOTAL    2.16308E+00 sec 
Debug   :  ---------------------------------------
Debug   : Type 23 1437 triangles generated, 659 internal nodes
Info    : Meshing surface 9 (Parametric surface, MeshAdapt)
Debug   :  iter   1 minL    0.466/   0.700 maxL    1.374/   1.400 -- Small/Large/Total (    70/     0/  1824):      0 splits,      0 swaps,      0 collapses,     77 moves
Debug   :  iter   1 minL    0.223/   0.700 maxL    5.137/   1.400 -- Small/Large/Total (   159/   640/  1578):    507 splits,    443 swaps,     72 collapses,   1418 moves
Debug   :  ---------------------------------------
Debug   :  CPU Report 
Debug   :  ---------------------------------------
Debug   :  CPU SWAP     7.66000E-04 sec (  0 %)
Debug   :  CPU SPLIT    1.58203E-01 sec ( 15 %) 
Debug   :  CPU COLLAPS  7.91420E-02 sec (  8 %) 
Debug   :  CPU SMOOTH   7.91529E-01 sec ( 77 %) 
Debug   :  ---------------------------------------
Debug   :  CPU TOTAL    1.02964E+00 sec 
Debug   :  ---------------------------------------
Debug   : Type 23 1179 triangles generated, 535 internal nodes
Debug   : Recovering 4 model edges
Debug   : Recovering 229 mesh edges (0 not recovered)
Debug   : Boundary edges recovered for surface 9
Debug   : Computing mesh size field at mesh nodes 229
Debug   : Delaunizing the initial mesh
Info    : Meshing surface 9 (Parametric surface, MeshAdapt)
Debug   : Recovering 4 model edges
Debug   : Recovering 231 mesh edges (0 not recovered)
Debug   : Boundary edges recovered for surface 9
Debug   : Computing mesh size field at mesh nodes 231
Debug   : Delaunizing the initial mesh
Debug   : Starting to add internal nodes
Debug   : Starting to add internal nodes
Debug   : Recovering 4 model edges
Debug   : Recovering 227 mesh edges (0 not recovered)
Debug   : Boundary edges recovered for surface 9
Debug   : Computing mesh size field at mesh nodes 227
Debug   : Delaunizing the initial mesh
Debug   : Starting to add internal nodes
Debug   :  iter   1 minL    0.276/   0.700 maxL    2.378/   1.400 -- Small/Large/Total (   330/   646/  2790):    910 splits,    363 swaps,    139 collapses,   2331 moves
Debug   :  iter   1 minL    0.294/   0.700 maxL    2.525/   1.400 -- Small/Large/Total (   377/   734/  2870):    880 splits,    396 swaps,     71 collapses,   2106 moves
Debug   :  iter   2 minL    0.244/   0.700 maxL    2.278/   1.400 -- Small/Large/Total (   327/   168/  2358):    659 splits,    604 swaps,    399 collapses,   2492 moves
Debug   :  iter   3 minL    0.460/   0.700 maxL    1.497/   1.400 -- Small/Large/Total (   129/     4/  2334):    187 splits,    152 swaps,    195 collapses,   1608 moves
Debug   :  iter   1 minL    0.305/   0.700 maxL    2.549/   1.400 -- Small/Large/Total (   312/   741/  2816):    909 splits,    381 swaps,    122 collapses,   2294 moves
Debug   :  iter   1 minL    0.288/   0.700 maxL    2.813/   1.400 -- Small/Large/Total (   354/   885/  2925):    922 splits,    407 swaps,    100 collapses,   2286 moves
Debug   :  iter   4 minL    0.460/   0.700 maxL    1.446/   1.400 -- Small/Large/Total (    88/     1/  2304):      4 splits,      4 swaps,     14 collapses,    509 moves
Debug   :  iter   1 minL    0.247/   0.700 maxL    3.193/   1.400 -- Small/Large/Total (   303/   945/  2797):    904 splits,    405 swaps,    122 collapses,   2218 moves
Debug   :  iter   5 minL    0.460/   0.700 maxL    1.356/   1.400 -- Small/Large/Total (    80/     0/  2304):      1 splits,      2 swaps,      1 collapses,    279 moves
Debug   :  iter   2 minL    0.532/   0.700 maxL    1.535/   1.400 -- Small/Large/Total (   186/     3/  3437):    825 splits,    387 swaps,    636 collapses,   3400 moves
Debug   :  iter   2 minL    0.463/   0.700 maxL    1.496/   1.400 -- Small/Large/Total (   154/    10/  3303):    718 splits,    377 swaps,    547 collapses,   3098 moves
Debug   :  iter   6 minL    0.460/   0.700 maxL    1.356/   1.400 -- Small/Large/Total (    79/     0/  2304):      0 splits,      0 swaps,      0 collapses,    200 moves
Debug   :  ---------------------------------------
Debug   :  CPU Report 
Debug   :  ---------------------------------------
Debug   :  CPU SWAP     7.61500E-03 sec (  0 %)
Debug   :  CPU SPLIT    4.92488E-01 sec (  5 %) 
Debug   :  CPU COLLAPS  1.28512E+00 sec ( 12 %) 
Debug   :  CPU SMOOTH   9.07172E+00 sec ( 84 %) 
Debug   :  ---------------------------------------
Debug   :  CPU TOTAL    1.08569E+01 sec 
Debug   :  ---------------------------------------
Debug   :  iter   3 minL    0.532/   0.700 maxL    1.452/   1.400 -- Small/Large/Total (   114/     2/  3368):      5 splits,     15 swaps,     28 collapses,    712 moves
Debug   :  iter   1 minL    0.460/   0.700 maxL    1.356/   1.400 -- Small/Large/Total (    79/     0/  2304):      0 splits,      0 swaps,      0 collapses,    171 moves
Debug   :  iter   3 minL    0.509/   0.700 maxL    1.419/   1.400 -- Small/Large/Total (   113/     1/  3270):     14 splits,     20 swaps,     25 collapses,    723 moves
Debug   :  ---------------------------------------
Debug   :  CPU Report 
Debug   :  ---------------------------------------
Debug   :  CPU SWAP     9.71000E-04 sec (  0 %)
Debug   :  CPU SPLIT    1.84665E-01 sec ( 16 %) 
Debug   :  CPU COLLAPS  9.29320E-02 sec (  8 %) 
Debug   :  CPU SMOOTH   9.04274E-01 sec ( 76 %) 
Debug   :  ---------------------------------------
Debug   :  CPU TOTAL    1.18284E+00 sec 
Debug   :  ---------------------------------------
Debug   : Type 23 1490 triangles generated, 677 internal nodes
Info    : Meshing surface 9 (Parametric surface, MeshAdapt)
Debug   :  iter   2 minL    0.481/   0.700 maxL    1.608/   1.400 -- Small/Large/Total (   177/    17/  3428):    806 splits,    430 swaps,    602 collapses,   3354 moves
Debug   :  iter   4 minL    0.532/   0.700 maxL    1.398/   1.400 -- Small/Large/Total (   109/     0/  3371):      3 splits,      3 swaps,      2 collapses,    235 moves
Debug   :  iter   2 minL    0.397/   0.700 maxL    1.572/   1.400 -- Small/Large/Total (   210/    36/  3678):    950 splits,    524 swaps,    699 collapses,   3712 moves
Debug   :  iter   4 minL    0.509/   0.700 maxL    1.386/   1.400 -- Small/Large/Total (   108/     0/  3267):      2 splits,      3 swaps,      3 collapses,    210 moves
Debug   : Recovering 4 model edges
Debug   : Recovering 293 mesh edges (0 not recovered)
Debug   : Boundary edges recovered for surface 9
Debug   : Computing mesh size field at mesh nodes 293
Debug   : Delaunizing the initial mesh
Debug   : Starting to add internal nodes
Debug   :  iter   3 minL    0.525/   0.700 maxL    1.780/   1.400 -- Small/Large/Total (    98/     6/  3380):     20 splits,     36 swaps,     36 collapses,    889 moves
Debug   :  iter   5 minL    0.532/   0.700 maxL    1.398/   1.400 -- Small/Large/Total (   108/     0/  3371):      1 splits,      1 swaps,      1 collapses,    102 moves
Debug   :  iter   2 minL    0.488/   0.700 maxL    1.751/   1.400 -- Small/Large/Total (   236/    29/  3754):   1003 splits,    599 swaps,    684 collapses,   3891 moves
Debug   :  iter   5 minL    0.509/   0.700 maxL    1.386/   1.400 -- Small/Large/Total (   108/     0/  3267):      0 splits,      0 swaps,      0 collapses,     81 moves
Debug   :  ---------------------------------------
Debug   :  CPU Report 
Debug   :  ---------------------------------------
Debug   :  CPU SWAP     8.45000E-03 sec (  0 %)
Debug   :  CPU SPLIT    5.98589E-01 sec (  3 %) 
Debug   :  CPU COLLAPS  1.44641E+00 sec (  8 %) 
Debug   :  CPU SMOOTH   1.50604E+01 sec ( 88 %) 
Debug   :  ---------------------------------------
Debug   :  CPU TOTAL    1.71139E+01 sec 
Debug   :  ---------------------------------------
Debug   :  iter   3 minL    0.551/   0.700 maxL    1.542/   1.400 -- Small/Large/Total (   114/     9/  3606):     42 splits,     37 swaps,     66 collapses,   1133 moves
Debug   :  iter   4 minL    0.549/   0.700 maxL    1.438/   1.400 -- Small/Large/Total (    73/     1/  3362):      7 splits,      4 swaps,     13 collapses,    317 moves
Debug   :  iter   6 minL    0.532/   0.700 maxL    1.398/   1.400 -- Small/Large/Total (   106/     0/  3371):      0 splits,      0 swaps,      0 collapses,     55 moves
Debug   :  ---------------------------------------
Debug   :  CPU Report 
Debug   :  ---------------------------------------
Debug   :  CPU SWAP     1.03050E-02 sec (  0 %)
Debug   :  CPU SPLIT    7.35501E-01 sec (  4 %) 
Debug   :  CPU COLLAPS  1.65503E+00 sec (  9 %) 
Debug   :  CPU SMOOTH   1.56019E+01 sec ( 87 %) 
Debug   :  ---------------------------------------
Debug   :  CPU TOTAL    1.80027E+01 sec 
Debug   :  ---------------------------------------
Debug   :  iter   1 minL    0.509/   0.700 maxL    1.386/   1.400 -- Small/Large/Total (   108/     0/  3267):      0 splits,      0 swaps,      0 collapses,     68 moves
Debug   :  iter   3 minL    0.488/   0.700 maxL    1.703/   1.400 -- Small/Large/Total (   134/    11/  3673):     31 splits,     41 swaps,     58 collapses,   1164 moves
Debug   :  iter   5 minL    0.549/   0.700 maxL    1.452/   1.400 -- Small/Large/Total (    70/     1/  3365):      2 splits,      2 swaps,      1 collapses,    123 moves
Debug   :  iter   4 minL    0.395/   0.700 maxL    1.496/   1.400 -- Small/Large/Total (   109/     2/  3618):     10 splits,     14 swaps,      6 collapses,    380 moves
Debug   :  ---------------------------------------
Debug   :  CPU Report 
Debug   :  ---------------------------------------
Debug   :  CPU SWAP     1.42200E-03 sec (  0 %)
Debug   :  CPU SPLIT    2.69016E-01 sec ( 14 %) 
Debug   :  CPU COLLAPS  1.32827E-01 sec (  7 %) 
Debug   :  CPU SMOOTH   1.52444E+00 sec ( 79 %) 
Debug   :  ---------------------------------------
Debug   :  CPU TOTAL    1.92770E+00 sec 
Debug   :  ---------------------------------------
Debug   : Type 23 2098 triangles generated, 930 internal nodes
Info    : Meshing surface 10 (Parametric surface, MeshAdapt)
Debug   : Recovering 4 model edges
Debug   : Recovering 70 mesh edges (0 not recovered)
Debug   : Boundary edges recovered for surface 10
Debug   : Computing mesh size field at mesh nodes 70
Debug   : Delaunizing the initial mesh
Debug   : Starting to add internal nodes
Debug   :  iter   1 minL    0.532/   0.700 maxL    1.398/   1.400 -- Small/Large/Total (   106/     0/  3371):      0 splits,      0 swaps,      0 collapses,     37 moves
Debug   :  iter   1 minL    0.297/   0.700 maxL    2.159/   1.400 -- Small/Large/Total (   404/   719/  3223):   1129 splits,    241 swaps,    249 collapses,   2722 moves
Debug   :  iter   6 minL    0.549/   0.700 maxL    1.388/   1.400 -- Small/Large/Total (    71/     0/  3368):      1 splits,      0 swaps,      0 collapses,     70 moves
Debug   :  ---------------------------------------
Debug   :  CPU Report 
Debug   :  ---------------------------------------
Debug   :  CPU SWAP     1.47000E-03 sec (  0 %)
Debug   :  CPU SPLIT    2.67895E-01 sec ( 14 %) 
Debug   :  CPU COLLAPS  1.36407E-01 sec (  7 %) 
Debug   :  CPU SMOOTH   1.51003E+00 sec ( 79 %) 
Debug   :  ---------------------------------------
Debug   :  CPU TOTAL    1.91580E+00 sec 
Debug   :  ---------------------------------------
Debug   : Type 23 2173 triangles generated, 976 internal nodes
Info    : Meshing surface 10 (Parametric surface, MeshAdapt)
Debug   :  iter   1 minL    0.258/   0.700 maxL    3.961/   1.400 -- Small/Large/Total (    51/    99/   686):    236 splits,    232 swaps,     53 collapses,    650 moves
Debug   :  iter   4 minL    0.511/   0.700 maxL    1.473/   1.400 -- Small/Large/Total (   119/     3/  3670):     13 splits,     12 swaps,     14 collapses,    435 moves
Debug   : Recovering 4 model edges
Debug   : Recovering 68 mesh edges (0 not recovered)
Debug   : Boundary edges recovered for surface 10
Debug   : Computing mesh size field at mesh nodes 68
Debug   : Delaunizing the initial mesh
Debug   : Starting to add internal nodes
Debug   :  iter   5 minL    0.549/   0.700 maxL    1.463/   1.400 -- Small/Large/Total (   103/     2/  3618):      3 splits,      2 swaps,      3 collapses,    201 moves
Debug   :  iter   2 minL    0.505/   0.700 maxL    2.002/   1.400 -- Small/Large/Total (    36/     2/   806):    116 splits,     72 swaps,     76 collapses,    610 moves
Debug   :  iter   3 minL    0.604/   0.700 maxL    1.370/   1.400 -- Small/Large/Total (    29/     0/   806):      6 splits,      5 swaps,      6 collapses,    186 moves
Debug   :  iter   4 minL    0.604/   0.700 maxL    1.370/   1.400 -- Small/Large/Total (    25/     0/   803):      0 splits,      0 swaps,      1 collapses,     74 moves
Debug   :  iter   1 minL    0.430/   0.700 maxL    4.296/   1.400 -- Small/Large/Total (    58/    99/   646):    227 splits,    221 swaps,     56 collapses,    629 moves
Debug   :  iter   7 minL    0.549/   0.700 maxL    1.388/   1.400 -- Small/Large/Total (    71/     0/  3368):      0 splits,      0 swaps,      0 collapses,     46 moves
Debug   :  iter   5 minL    0.604/   0.700 maxL    1.370/   1.400 -- Small/Large/Total (    25/     0/   803):      0 splits,      0 swaps,      0 collapses,     38 moves
Debug   :  ---------------------------------------
Debug   :  CPU Report 
Debug   :  ---------------------------------------
Debug   :  CPU SWAP     2.06000E-03 sec (  0 %)
Debug   :  CPU SPLIT    1.35890E-01 sec (  4 %) 
Debug   :  CPU COLLAPS  2.91264E-01 sec (  9 %) 
Debug   :  CPU SMOOTH   2.83655E+00 sec ( 87 %) 
Debug   :  ---------------------------------------
Debug   :  CPU TOTAL    3.26576E+00 sec 
Debug   :  ---------------------------------------
Debug   :  iter   2 minL    0.498/   0.700 maxL    2.292/   1.400 -- Small/Large/Total (    58/     5/   784):    118 splits,     67 swaps,     72 collapses,    588 moves
Debug   :  ---------------------------------------
Debug   :  CPU Report 
Debug   :  ---------------------------------------
Debug   :  CPU SWAP     1.19280E-02 sec (  0 %)
Debug   :  CPU SPLIT    9.11941E-01 sec (  4 %) 
Debug   :  CPU COLLAPS  1.86978E+00 sec (  9 %) 
Debug   :  CPU SMOOTH   1.75140E+01 sec ( 86 %) 
Debug   :  ---------------------------------------
Debug   :  CPU TOTAL    2.03076E+01 sec 
Debug   :  ---------------------------------------
Debug   :  iter   6 minL    0.549/   0.700 maxL    1.392/   1.400 -- Small/Large/Total (   101/     0/  3615):      2 splits,      0 swaps,      3 collapses,    116 moves
Debug   :  iter   5 minL    0.475/   0.700 maxL    1.448/   1.400 -- Small/Large/Total (   114/     1/  3673):      3 splits,      2 swaps,      2 collapses,    160 moves
Debug   :  iter   1 minL    0.604/   0.700 maxL    1.370/   1.400 -- Small/Large/Total (    25/     0/   803):      0 splits,      0 swaps,      0 collapses,     29 moves
Debug   :  iter   3 minL    0.522/   0.700 maxL    1.381/   1.400 -- Small/Large/Total (    31/     0/   766):      7 splits,      3 swaps,     13 collapses,    194 moves
Debug   :  ---------------------------------------
Debug   :  CPU Report 
Debug   :  ---------------------------------------
Debug   :  CPU SWAP     3.27000E-04 sec (  0 %)
Debug   :  CPU SPLIT    5.91230E-02 sec ( 11 %) 
Debug   :  CPU COLLAPS  2.95840E-02 sec (  5 %) 
Debug   :  CPU SMOOTH   4.56360E-01 sec ( 84 %) 
Debug   :  ---------------------------------------
Debug   :  CPU TOTAL    5.45394E-01 sec 
Debug   :  ---------------------------------------
Debug   : Type 23 512 triangles generated, 222 internal nodes
Info    : Meshing surface 11 (Parametric surface, MeshAdapt)
Debug   :  iter   4 minL    0.540/   0.700 maxL    1.381/   1.400 -- Small/Large/Total (    33/     0/   766):      2 splits,      1 swaps,      2 collapses,    118 moves
Debug   :  iter   5 minL    0.540/   0.700 maxL    1.381/   1.400 -- Small/Large/Total (    33/     0/   766):      0 splits,      0 swaps,      0 collapses,     87 moves
Debug   :  ---------------------------------------
Debug   :  CPU Report 
Debug   :  ---------------------------------------
Debug   :  CPU SWAP     1.64000E-03 sec (  0 %)
Debug   :  CPU SPLIT    1.32934E-01 sec (  4 %) 
Debug   :  CPU COLLAPS  3.01628E-01 sec ( 10 %) 
Debug   :  CPU SMOOTH   2.72740E+00 sec ( 86 %) 
Debug   :  ---------------------------------------
Debug   :  CPU TOTAL    3.16360E+00 sec 
Debug   :  ---------------------------------------
Debug   :  iter   1 minL    0.540/   0.700 maxL    1.381/   1.400 -- Small/Large/Total (    33/     0/   766):      0 splits,      0 swaps,      0 collapses,     68 moves
Debug   :  iter   1 minL    0.549/   0.700 maxL    1.388/   1.400 -- Small/Large/Total (    71/     0/  3368):      0 splits,      0 swaps,      0 collapses,     40 moves
Debug   :  ---------------------------------------
Debug   :  CPU Report 
Debug   :  ---------------------------------------
Debug   :  CPU SWAP     3.11000E-04 sec (  0 %)
Debug   :  CPU SPLIT    5.75060E-02 sec ( 14 %) 
Debug   :  CPU COLLAPS  2.90090E-02 sec (  7 %) 
Debug   :  CPU SMOOTH   3.17057E-01 sec ( 79 %) 
Debug   :  ---------------------------------------
Debug   :  CPU TOTAL    4.03883E-01 sec 
Debug   :  ---------------------------------------
Debug   : Type 23 488 triangles generated, 211 internal nodes
Info    : Meshing surface 11 (Parametric surface, MeshAdapt)
Debug   : Recovering 4 model edges
Debug   : Recovering 241 mesh edges (0 not recovered)
Debug   : Boundary edges recovered for surface 11
Debug   : Computing mesh size field at mesh nodes 241
Debug   : Delaunizing the initial mesh
Debug   :  iter   7 minL    0.549/   0.700 maxL    1.554/   1.400 -- Small/Large/Total (    98/     2/  3609):      0 splits,      0 swaps,      2 collapses,     76 moves
Debug   :  iter   6 minL    0.511/   0.700 maxL    1.411/   1.400 -- Small/Large/Total (   110/     1/  3670):      2 splits,      1 swaps,      3 collapses,     84 moves
Debug   : Starting to add internal nodes
Debug   :  ---------------------------------------
Debug   :  CPU Report 
Debug   :  ---------------------------------------
Debug   :  CPU SWAP     1.47600E-03 sec (  0 %)
Debug   :  CPU SPLIT    2.80501E-01 sec ( 15 %) 
Debug   :  CPU COLLAPS  1.39414E-01 sec (  8 %) 
Debug   :  CPU SMOOTH   1.42483E+00 sec ( 77 %) 
Debug   :  ---------------------------------------
Debug   :  CPU TOTAL    1.84623E+00 sec 
Debug   :  ---------------------------------------
Debug   : Type 23 2169 triangles generated, 971 internal nodes
Info    : Meshing surface 10 (Parametric surface, MeshAdapt)
Debug   : Recovering 4 model edges
Debug   : Recovering 66 mesh edges (0 not recovered)
Debug   : Boundary edges recovered for surface 10
Debug   : Computing mesh size field at mesh nodes 66
Debug   : Delaunizing the initial mesh
Debug   : Starting to add internal nodes
Debug   : Recovering 4 model edges
Debug   : Recovering 226 mesh edges (0 not recovered)
Debug   : Boundary edges recovered for surface 11
Debug   : Computing mesh size field at mesh nodes 226
Debug   : Delaunizing the initial mesh
Debug   :  iter   2 minL    0.338/   0.700 maxL    1.511/   1.400 -- Small/Large/Total (   192/     6/  3781):    837 splits,    381 swaps,    651 collapses,   3594 moves
Debug   : Starting to add internal nodes
Debug   :  iter   8 minL    0.549/   0.700 maxL    1.463/   1.400 -- Small/Large/Total (    98/     1/  3612):      2 splits,      1 swaps,      1 collapses,     60 moves
Debug   :  iter   7 minL    0.511/   0.700 maxL    1.381/   1.400 -- Small/Large/Total (   109/     0/  3673):      2 splits,      0 swaps,      1 collapses,     53 moves
Debug   :  iter   1 minL    0.327/   0.700 maxL    4.366/   1.400 -- Small/Large/Total (    55/    84/   612):    219 splits,    198 swaps,     58 collapses,    597 moves
Debug   :  iter   2 minL    0.520/   0.700 maxL    1.624/   1.400 -- Small/Large/Total (    47/     2/   735):     98 splits,     76 swaps,     57 collapses,    524 moves
Debug   :  iter   3 minL    0.547/   0.700 maxL    1.344/   1.400 -- Small/Large/Total (    36/     0/   735):      3 splits,      6 swaps,      3 collapses,    164 moves
Debug   :  iter   3 minL    0.531/   0.700 maxL    1.396/   1.400 -- Small/Large/Total (   104/     0/  3703):     13 splits,     22 swaps,     39 collapses,    817 moves
Debug   :  iter   4 minL    0.547/   0.700 maxL    1.344/   1.400 -- Small/Large/Total (    37/     0/   738):      1 splits,      0 swaps,      0 collapses,     55 moves
Debug   :  iter   9 minL    0.549/   0.700 maxL    1.392/   1.400 -- Small/Large/Total (    99/     0/  3615):      1 splits,      1 swaps,      0 collapses,     50 moves
Debug   :  iter   8 minL    0.511/   0.700 maxL    1.381/   1.400 -- Small/Large/Total (   107/     0/  3670):      0 splits,      1 swaps,      1 collapses,     32 moves
Debug   :  iter   5 minL    0.547/   0.700 maxL    1.344/   1.400 -- Small/Large/Total (    37/     0/   738):      0 splits,      0 swaps,      0 collapses,     28 moves
Debug   :  ---------------------------------------
Debug   :  CPU Report 
Debug   :  ---------------------------------------
Debug   :  CPU SWAP     1.85900E-03 sec (  0 %)
Debug   :  CPU SPLIT    1.31347E-01 sec (  4 %) 
Debug   :  CPU COLLAPS  2.94598E-01 sec (  8 %) 
Debug   :  CPU SMOOTH   3.12753E+00 sec ( 88 %) 
Debug   :  ---------------------------------------
Debug   :  CPU TOTAL    3.55534E+00 sec 
Debug   :  ---------------------------------------
Debug   :  iter   1 minL    0.547/   0.700 maxL    1.344/   1.400 -- Small/Large/Total (    37/     0/   738):      0 splits,      0 swaps,      0 collapses,     26 moves
Debug   :  iter   1 minL    0.295/   0.700 maxL    2.443/   1.400 -- Small/Large/Total (   339/   572/  2825):    915 splits,    377 swaps,    133 collapses,   2397 moves
Debug   :  ---------------------------------------
Debug   :  CPU Report 
Debug   :  ---------------------------------------
Debug   :  CPU SWAP     2.96000E-04 sec (  0 %)
Debug   :  CPU SPLIT    5.82600E-02 sec ( 12 %) 
Debug   :  CPU COLLAPS  2.92030E-02 sec (  6 %) 
Debug   :  CPU SMOOTH   3.80106E-01 sec ( 81 %) 
Debug   :  ---------------------------------------
Debug   :  CPU TOTAL    4.67865E-01 sec 
Debug   :  ---------------------------------------
Debug   : Type 23 470 triangles generated, 203 internal nodes
Info    : Meshing surface 11 (Parametric surface, MeshAdapt)
Debug   :  iter   4 minL    0.549/   0.700 maxL    1.444/   1.400 -- Small/Large/Total (    99/     1/  3703):      2 splits,      2 swaps,      2 collapses,    253 moves
Debug   :  iter   1 minL    0.235/   0.700 maxL    2.462/   1.400 -- Small/Large/Total (   319/   591/  2819):    891 splits,    425 swaps,    101 collapses,   2306 moves
Debug   :  iter  10 minL    0.549/   0.700 maxL    1.392/   1.400 -- Small/Large/Total (    99/     0/  3615):      0 splits,      0 swaps,      0 collapses,     37 moves
Debug   :  iter   9 minL    0.511/   0.700 maxL    1.381/   1.400 -- Small/Large/Total (   108/     0/  3670):      0 splits,      0 swaps,      0 collapses,     29 moves
Debug   : Recovering 4 model edges
Debug   : Recovering 232 mesh edges (0 not recovered)
Debug   : Boundary edges recovered for surface 11
Debug   : Computing mesh size field at mesh nodes 232
Debug   : Delaunizing the initial mesh
Debug   :  ---------------------------------------
Debug   :  CPU Report 
Debug   :  ---------------------------------------
Debug   :  CPU SWAP     1.69630E-02 sec (  0 %)
Debug   :  CPU SPLIT    1.31907E+00 sec (  5 %) 
Debug   :  CPU COLLAPS  2.49169E+00 sec (  9 %) 
Debug   :  CPU SMOOTH   2.51734E+01 sec ( 87 %) 
Debug   :  ---------------------------------------
Debug   :  CPU TOTAL    2.90011E+01 sec 
Debug   :  ---------------------------------------
Debug   : Starting to add internal nodes
Debug   :  ---------------------------------------
Debug   :  CPU Report 
Debug   :  ---------------------------------------
Debug   :  CPU SWAP     1.64150E-02 sec (  0 %)
Debug   :  CPU SPLIT    1.20425E+00 sec (  4 %) 
Debug   :  CPU COLLAPS  2.35547E+00 sec (  8 %) 
Debug   :  CPU SMOOTH   2.47674E+01 sec ( 87 %) 
Debug   :  ---------------------------------------
Debug   :  CPU TOTAL    2.83435E+01 sec 
Debug   :  ---------------------------------------
Debug   :  iter   5 minL    0.549/   0.700 maxL    1.392/   1.400 -- Small/Large/Total (    94/     0/  3700):      2 splits,      1 swaps,      3 collapses,    106 moves
Debug   :  iter   1 minL    0.549/   0.700 maxL    1.392/   1.400 -- Small/Large/Total (    99/     0/  3615):      0 splits,      0 swaps,      0 collapses,     36 moves
Debug   :  iter   1 minL    0.511/   0.700 maxL    1.381/   1.400 -- Small/Large/Total (   108/     0/  3670):      0 splits,      0 swaps,      0 collapses,     24 moves
Debug   :  iter   6 minL    0.549/   0.700 maxL    1.392/   1.400 -- Small/Large/Total (    93/     0/  3700):      0 splits,      0 swaps,      0 collapses,     67 moves
Debug   :  ---------------------------------------
Debug   :  CPU Report 
Debug   :  ---------------------------------------
Debug   :  CPU SWAP     1.59700E-03 sec (  0 %)
Debug   :  CPU SPLIT    2.79980E-01 sec ( 13 %) 
Debug   :  CPU COLLAPS  1.39938E-01 sec (  7 %) 
Debug   :  CPU SMOOTH   1.72281E+00 sec ( 80 %) 
Debug   :  ---------------------------------------
Debug   :  CPU TOTAL    2.14433E+00 sec 
Debug   :  ---------------------------------------
Debug   : Type 23 2333 triangles generated, 1052 internal nodes
Info    : Meshing surface 10 (Parametric surface, MeshAdapt)
Debug   :  ---------------------------------------
Debug   :  CPU Report 
Debug   :  ---------------------------------------
Debug   :  CPU SWAP     1.61300E-03 sec (  0 %)
Debug   :  CPU SPLIT    2.86480E-01 sec ( 13 %) 
Debug   :  CPU COLLAPS  1.44277E-01 sec (  7 %) 
Debug   :  CPU SMOOTH   1.77009E+00 sec ( 80 %) 
Debug   :  ---------------------------------------
Debug   :  CPU TOTAL    2.20246E+00 sec 
Debug   :  ---------------------------------------
Debug   : Type 23 2371 triangles generated, 1073 internal nodes
Info    : Meshing surface 10 (Parametric surface, MeshAdapt)
Debug   : Recovering 4 model edges
Debug   : Recovering 69 mesh edges (0 not recovered)
Debug   : Boundary edges recovered for surface 10
Debug   : Computing mesh size field at mesh nodes 69
Debug   : Delaunizing the initial mesh
Debug   : Starting to add internal nodes
Debug   :  ---------------------------------------
Debug   :  CPU Report 
Debug   :  ---------------------------------------
Debug   :  CPU SWAP     1.12860E-02 sec (  0 %)
Debug   :  CPU SPLIT    8.42399E-01 sec (  4 %) 
Debug   :  CPU COLLAPS  1.93729E+00 sec ( 10 %) 
Debug   :  CPU SMOOTH   1.74423E+01 sec ( 86 %) 
Debug   :  ---------------------------------------
Debug   :  CPU TOTAL    2.02333E+01 sec 
Debug   :  ---------------------------------------
Debug   : Recovering 4 model edges
Debug   : Recovering 66 mesh edges (0 not recovered)
Debug   : Boundary edges recovered for surface 10
Debug   : Computing mesh size field at mesh nodes 66
Debug   : Delaunizing the initial mesh
Debug   :  iter   2 minL    0.449/   0.700 maxL    1.615/   1.400 -- Small/Large/Total (   152/     9/  3197):    636 splits,    395 swaps,    512 collapses,   2985 moves
Debug   : Starting to add internal nodes
Debug   :  iter   2 minL    0.458/   0.700 maxL    1.547/   1.400 -- Small/Large/Total (   179/     5/  3323):    653 splits,    389 swaps,    485 collapses,   3049 moves
Debug   :  iter   1 minL    0.353/   0.700 maxL    3.542/   1.400 -- Small/Large/Total (    40/    87/   576):    219 splits,    220 swaps,     70 collapses,    598 moves
Debug   :  iter   1 minL    0.291/   0.700 maxL    2.504/   1.400 -- Small/Large/Total (   303/   646/  2798):    910 splits,    401 swaps,    131 collapses,   2345 moves
Debug   :  iter   2 minL    0.545/   0.700 maxL    1.894/   1.400 -- Small/Large/Total (    27/     7/   726):    102 splits,     40 swaps,     52 collapses,    475 moves
Debug   :  iter   3 minL    0.552/   0.700 maxL    1.402/   1.400 -- Small/Large/Total (    21/     1/   723):      8 splits,      2 swaps,      9 collapses,    164 moves
Debug   :  iter   1 minL    0.549/   0.700 maxL    1.392/   1.400 -- Small/Large/Total (    93/     0/  3700):      0 splits,      0 swaps,      0 collapses,     44 moves
Debug   :  iter   4 minL    0.552/   0.700 maxL    1.387/   1.400 -- Small/Large/Total (    19/     0/   720):      1 splits,      0 swaps,      2 collapses,     56 moves
Debug   :  iter   3 minL    0.559/   0.700 maxL    1.596/   1.400 -- Small/Large/Total (    84/     6/  3152):     13 splits,     23 swaps,     28 collapses,    743 moves
Debug   :  iter   1 minL    0.262/   0.700 maxL    6.489/   1.400 -- Small/Large/Total (    60/   111/   648):    229 splits,    218 swaps,     58 collapses,    616 moves
Debug   :  iter   3 minL    0.462/   0.700 maxL    1.513/   1.400 -- Small/Large/Total (   106/     1/  3239):      7 splits,     13 swaps,     35 collapses,    794 moves
Debug   :  iter   5 minL    0.552/   0.700 maxL    1.387/   1.400 -- Small/Large/Total (    19/     0/   720):      0 splits,      0 swaps,      0 collapses,     21 moves
Debug   :  ---------------------------------------
Debug   :  CPU Report 
Debug   :  ---------------------------------------
Debug   :  CPU SWAP     1.84300E-03 sec (  0 %)
Debug   :  CPU SPLIT    1.26586E-01 sec (  5 %) 
Debug   :  CPU COLLAPS  2.73257E-01 sec ( 11 %) 
Debug   :  CPU SMOOTH   2.13687E+00 sec ( 84 %) 
Debug   :  ---------------------------------------
Debug   :  CPU TOTAL    2.53855E+00 sec 
Debug   :  ---------------------------------------
Debug   :  ---------------------------------------
Debug   :  CPU Report 
Debug   :  ---------------------------------------
Debug   :  CPU SWAP     1.63000E-03 sec (  0 %)
Debug   :  CPU SPLIT    2.97278E-01 sec ( 15 %) 
Debug   :  CPU COLLAPS  1.48318E-01 sec (  7 %) 
Debug   :  CPU SMOOTH   1.56235E+00 sec ( 78 %) 
Debug   :  ---------------------------------------
Debug   :  CPU TOTAL    2.00957E+00 sec 
Debug   :  ---------------------------------------
Debug   : Type 23 2369 triangles generated, 1039 internal nodes
Info    : Meshing surface 10 (Parametric surface, MeshAdapt)
Debug   :  iter   1 minL    0.552/   0.700 maxL    1.387/   1.400 -- Small/Large/Total (    19/     0/   720):      0 splits,      0 swaps,      0 collapses,      9 moves
Debug   : Recovering 4 model edges
Debug   : Recovering 79 mesh edges (0 not recovered)
Debug   : Boundary edges recovered for surface 10
Debug   : Computing mesh size field at mesh nodes 79
Debug   : Delaunizing the initial mesh
Debug   : Starting to add internal nodes
Debug   :  ---------------------------------------
Debug   :  CPU Report 
Debug   :  ---------------------------------------
Debug   :  CPU SWAP     2.93000E-04 sec (  0 %)
Debug   :  CPU SPLIT    5.57740E-02 sec ( 14 %) 
Debug   :  CPU COLLAPS  2.79050E-02 sec (  7 %) 
Debug   :  CPU SMOOTH   3.02148E-01 sec ( 78 %) 
Debug   :  ---------------------------------------
Debug   :  CPU TOTAL    3.86120E-01 sec 
Debug   :  ---------------------------------------
Debug   : Type 23 458 triangles generated, 197 internal nodes
Info    : Meshing surface 11 (Parametric surface, MeshAdapt)
Debug   :  iter   2 minL    0.384/   0.700 maxL    2.888/   1.400 -- Small/Large/Total (    61/    15/   798):    126 splits,    100 swaps,     76 collapses,    660 moves
Debug   :  iter   4 minL    0.559/   0.700 maxL    1.400/   1.400 -- Small/Large/Total (    78/     1/  3149):      6 splits,      4 swaps,      7 collapses,    281 moves
Debug   :  iter   3 minL    0.443/   0.700 maxL    1.356/   1.400 -- Small/Large/Total (    45/     0/   789):     18 splits,     13 swaps,     21 collapses,    234 moves
Debug   :  iter   4 minL    0.462/   0.700 maxL    1.376/   1.400 -- Small/Large/Total (    96/     0/  3227):      2 splits,      5 swaps,      6 collapses,    256 moves
Debug   :  iter   1 minL    0.147/   0.700 maxL    5.237/   1.400 -- Small/Large/Total (    71/   170/   776):    270 splits,    292 swaps,     63 collapses,    740 moves
Debug   : Recovering 4 model edges
Debug   : Recovering 229 mesh edges (0 not recovered)
Debug   : Boundary edges recovered for surface 11
Debug   : Computing mesh size field at mesh nodes 229
Debug   : Delaunizing the initial mesh
Debug   :  iter   4 minL    0.525/   0.700 maxL    1.356/   1.400 -- Small/Large/Total (    37/     0/   777):      0 splits,      0 swaps,      4 collapses,     73 moves
Debug   : Starting to add internal nodes
Debug   :  iter   2 minL    0.499/   0.700 maxL    2.790/   1.400 -- Small/Large/Total (    69/    10/  1028):    189 splits,    165 swaps,    105 collapses,    875 moves
Debug   :  iter   5 minL    0.525/   0.700 maxL    1.356/   1.400 -- Small/Large/Total (    36/     0/   774):      0 splits,      0 swaps,      1 collapses,     25 moves
Debug   :  iter   3 minL    0.508/   0.700 maxL    1.588/   1.400 -- Small/Large/Total (    54/     1/  1019):     11 splits,     11 swaps,     14 collapses,    341 moves
Debug   :  iter   5 minL    0.559/   0.700 maxL    1.380/   1.400 -- Small/Large/Total (    77/     0/  3152):      1 splits,      2 swaps,      0 collapses,    104 moves
Debug   :  iter   4 minL    0.508/   0.700 maxL    1.370/   1.400 -- Small/Large/Total (    45/     0/  1013):      2 splits,      1 swaps,      4 collapses,    182 moves
Debug   :  iter   5 minL    0.462/   0.700 maxL    1.376/   1.400 -- Small/Large/Total (    94/     0/  3224):      0 splits,      0 swaps,      1 collapses,     99 moves
Debug   :  iter   2 minL    0.448/   0.700 maxL    1.697/   1.400 -- Small/Large/Total (   148/    19/  3311):    706 splits,    386 swaps,    535 collapses,   3134 moves
Debug   :  iter   6 minL    0.525/   0.700 maxL    1.356/   1.400 -- Small/Large/Total (    36/     0/   774):      0 splits,      0 swaps,      0 collapses,      6 moves
Debug   :  iter   5 minL    0.508/   0.700 maxL    1.370/   1.400 -- Small/Large/Total (    45/     0/  1013):      0 splits,      0 swaps,      0 collapses,    106 moves
Debug   :  ---------------------------------------
Debug   :  CPU Report 
Debug   :  ---------------------------------------
Debug   :  CPU SWAP     2.38200E-03 sec (  0 %)
Debug   :  CPU SPLIT    1.71662E-01 sec (  3 %) 
Debug   :  CPU COLLAPS  3.70236E-01 sec (  6 %) 
Debug   :  CPU SMOOTH   5.92732E+00 sec ( 92 %) 
Debug   :  ---------------------------------------
Debug   :  CPU TOTAL    6.47160E+00 sec 
Debug   :  ---------------------------------------
Debug   :  ---------------------------------------
Debug   :  CPU Report 
Debug   :  ---------------------------------------
Debug   :  CPU SWAP     2.71800E-03 sec (  0 %)
Debug   :  CPU SPLIT    1.57028E-01 sec (  5 %) 
Debug   :  CPU COLLAPS  3.68638E-01 sec ( 12 %) 
Debug   :  CPU SMOOTH   2.63733E+00 sec ( 83 %) 
Debug   :  ---------------------------------------
Debug   :  CPU TOTAL    3.16572E+00 sec 
Debug   :  ---------------------------------------
Debug   :  iter   1 minL    0.508/   0.700 maxL    1.370/   1.400 -- Small/Large/Total (    45/     0/  1013):      0 splits,      0 swaps,      0 collapses,     87 moves
Debug   :  iter   1 minL    0.525/   0.700 maxL    1.356/   1.400 -- Small/Large/Total (    36/     0/   774):      0 splits,      0 swaps,      0 collapses,      0 moves
Debug   :  ---------------------------------------
Debug   :  CPU Report 
Debug   :  ---------------------------------------
Debug   :  CPU SWAP     4.14000E-04 sec (  0 %)
Debug   :  CPU SPLIT    7.03440E-02 sec ( 16 %) 
Debug   :  CPU COLLAPS  3.51130E-02 sec (  8 %) 
Debug   :  CPU SMOOTH   3.33180E-01 sec ( 76 %) 
Debug   :  ---------------------------------------
Debug   :  CPU TOTAL    4.39051E-01 sec 
Debug   :  ---------------------------------------
Debug   : Type 23 649 triangles generated, 286 internal nodes
Info    : Meshing surface 11 (Parametric surface, MeshAdapt)
Debug   :  ---------------------------------------
Debug   :  CPU Report 
Debug   :  ---------------------------------------
Debug   :  CPU SWAP     3.13000E-04 sec (  0 %)
Debug   :  CPU SPLIT    6.02030E-02 sec (  9 %) 
Debug   :  CPU COLLAPS  3.11410E-02 sec (  4 %) 
Debug   :  CPU SMOOTH   6.16139E-01 sec ( 87 %) 
Debug   :  ---------------------------------------
Debug   :  CPU TOTAL    7.07796E-01 sec 
Debug   :  ---------------------------------------
Debug   : Type 23 493 triangles generated, 213 internal nodes
Info    : Meshing surface 11 (Parametric surface, MeshAdapt)
Debug   :  iter   6 minL    0.559/   0.700 maxL    1.380/   1.400 -- Small/Large/Total (    77/     0/  3152):      0 splits,      0 swaps,      0 collapses,     52 moves
Debug   :  iter   6 minL    0.462/   0.700 maxL    1.376/   1.400 -- Small/Large/Total (    94/     0/  3224):      0 splits,      0 swaps,      0 collapses,     58 moves
Debug   :  ---------------------------------------
Debug   :  CPU Report 
Debug   :  ---------------------------------------
Debug   :  CPU SWAP     9.54100E-03 sec (  0 %)
Debug   :  CPU SPLIT    7.01166E-01 sec (  4 %) 
Debug   :  CPU COLLAPS  1.53092E+00 sec (  9 %) 
Debug   :  CPU SMOOTH   1.54671E+01 sec ( 87 %) 
Debug   :  ---------------------------------------
Debug   :  CPU TOTAL    1.77087E+01 sec 
Debug   :  ---------------------------------------
Debug   :  iter   3 minL    0.531/   0.700 maxL    1.535/   1.400 -- Small/Large/Total (    87/     5/  3302):     28 splits,     20 swaps,     31 collapses,    772 moves
Debug   :  ---------------------------------------
Debug   :  CPU Report 
Debug   :  ---------------------------------------
Debug   :  CPU SWAP     9.78000E-03 sec (  0 %)
Debug   :  CPU SPLIT    7.02684E-01 sec (  4 %) 
Debug   :  CPU COLLAPS  1.53649E+00 sec (  9 %) 
Debug   :  CPU SMOOTH   1.45827E+01 sec ( 87 %) 
Debug   :  ---------------------------------------
Debug   :  CPU TOTAL    1.68316E+01 sec 
Debug   :  ---------------------------------------
Debug   : Recovering 4 model edges
Debug   : Recovering 231 mesh edges (0 not recovered)
Debug   : Boundary edges recovered for surface 11
Debug   : Computing mesh size field at mesh nodes 231
Debug   : Delaunizing the initial mesh
Debug   : Recovering 4 model edges
Debug   : Recovering 292 mesh edges (0 not recovered)
Debug   : Boundary edges recovered for surface 11
Debug   : Computing mesh size field at mesh nodes 292
Debug   : Delaunizing the initial mesh
Debug   : Starting to add internal nodes
Debug   :  iter   1 minL    0.232/   0.700 maxL    3.000/   1.400 -- Small/Large/Total (   343/   884/  2828):    905 splits,    447 swaps,    114 collapses,   2232 moves
Debug   : Starting to add internal nodes
Debug   :  iter   1 minL    0.559/   0.700 maxL    1.380/   1.400 -- Small/Large/Total (    77/     0/  3152):      0 splits,      0 swaps,      0 collapses,     38 moves
Debug   :  iter   4 minL    0.531/   0.700 maxL    1.402/   1.400 -- Small/Large/Total (    82/     2/  3302):      5 splits,      4 swaps,      5 collapses,    242 moves
Debug   :  iter   1 minL    0.462/   0.700 maxL    1.376/   1.400 -- Small/Large/Total (    94/     0/  3224):      0 splits,      0 swaps,      0 collapses,     54 moves
Debug   :  ---------------------------------------
Debug   :  CPU Report 
Debug   :  ---------------------------------------
Debug   :  CPU SWAP     1.33500E-03 sec (  0 %)
Debug   :  CPU SPLIT    2.50715E-01 sec ( 14 %) 
Debug   :  CPU COLLAPS  1.24739E-01 sec (  7 %) 
Debug   :  CPU SMOOTH   1.36220E+00 sec ( 78 %) 
Debug   :  ---------------------------------------
Debug   :  CPU TOTAL    1.73899E+00 sec 
Debug   :  ---------------------------------------
Debug   : Type 23 2021 triangles generated, 891 internal nodes
Info    : Meshing surface 12 (Parametric surface, MeshAdapt)
Debug   : Recovering 4 model edges
Debug   : Recovering 69 mesh edges (0 not recovered)
Debug   : Boundary edges recovered for surface 12
Debug   : Computing mesh size field at mesh nodes 69
Debug   : Delaunizing the initial mesh
Debug   :  ---------------------------------------
Debug   :  CPU Report 
Debug   :  ---------------------------------------
Debug   :  CPU SWAP     1.38400E-03 sec (  0 %)
Debug   :  CPU SPLIT    2.53359E-01 sec ( 14 %) 
Debug   :  CPU COLLAPS  1.27502E-01 sec (  7 %) 
Debug   :  CPU SMOOTH   1.47435E+00 sec ( 79 %) 
Debug   :  ---------------------------------------
Debug   :  CPU TOTAL    1.85659E+00 sec 
Debug   :  ---------------------------------------
Debug   : Type 23 2074 triangles generated, 925 internal nodes
Debug   : Starting to add internal nodes
Info    : Meshing surface 12 (Parametric surface, MeshAdapt)
Debug   : Recovering 4 model edges
Debug   : Recovering 68 mesh edges (0 not recovered)
Debug   : Boundary edges recovered for surface 12
Debug   : Computing mesh size field at mesh nodes 68
Debug   : Delaunizing the initial mesh
Debug   : Starting to add internal nodes
Debug   :  iter   5 minL    0.531/   0.700 maxL    1.397/   1.400 -- Small/Large/Total (    76/     0/  3296):      2 splits,      2 swaps,      4 collapses,    176 moves
Debug   :  iter   1 minL    0.295/   0.700 maxL    4.895/   1.400 -- Small/Large/Total (    60/   116/   639):    227 splits,    224 swaps,     59 collapses,    614 moves
Debug   :  iter   1 minL    0.322/   0.700 maxL    4.263/   1.400 -- Small/Large/Total (    60/    84/   619):    226 splits,    206 swaps,     64 collapses,    597 moves
Debug   :  iter   2 minL    0.464/   0.700 maxL    2.331/   1.400 -- Small/Large/Total (    59/     5/   819):    134 splits,     83 swaps,     74 collapses,    647 moves
Debug   :  iter   2 minL    0.459/   0.700 maxL    2.061/   1.400 -- Small/Large/Total (    38/     6/   754):     95 splits,     63 swaps,     50 collapses,    567 moves
Debug   :  iter   3 minL    0.504/   0.700 maxL    1.410/   1.400 -- Small/Large/Total (    36/     1/   819):     10 splits,     12 swaps,     10 collapses,    208 moves
Debug   :  iter   1 minL    0.295/   0.700 maxL    2.797/   1.400 -- Small/Large/Total (   311/   769/  2868):    920 splits,    476 swaps,    117 collapses,   2400 moves
Debug   :  iter   6 minL    0.531/   0.700 maxL    1.606/   1.400 -- Small/Large/Total (    75/     1/  3293):      0 splits,      1 swaps,      1 collapses,     79 moves
Debug   :  iter   4 minL    0.509/   0.700 maxL    1.369/   1.400 -- Small/Large/Total (    31/     0/   816):      1 splits,      1 swaps,      2 collapses,    105 moves
Debug   :  iter   3 minL    0.459/   0.700 maxL    1.388/   1.400 -- Small/Large/Total (    30/     0/   760):     10 splits,      9 swaps,      8 collapses,    249 moves
Debug   :  iter   5 minL    0.509/   0.700 maxL    1.369/   1.400 -- Small/Large/Total (    31/     0/   816):      0 splits,      0 swaps,      0 collapses,     53 moves
Debug   :  ---------------------------------------
Debug   :  CPU Report 
Debug   :  ---------------------------------------
Debug   :  CPU SWAP     2.08700E-03 sec (  0 %)
Debug   :  CPU SPLIT    1.34515E-01 sec (  4 %) 
Debug   :  CPU COLLAPS  2.93231E-01 sec ( 10 %) 
Debug   :  CPU SMOOTH   2.62219E+00 sec ( 86 %) 
Debug   :  ---------------------------------------
Debug   :  CPU TOTAL    3.05202E+00 sec 
Debug   :  ---------------------------------------
Debug   :  iter   4 minL    0.459/   0.700 maxL    1.365/   1.400 -- Small/Large/Total (    26/     0/   757):      0 splits,      0 swaps,      1 collapses,     56 moves
Debug   :  iter   1 minL    0.509/   0.700 maxL    1.369/   1.400 -- Small/Large/Total (    31/     0/   816):      0 splits,      0 swaps,      0 collapses,     41 moves
Debug   :  iter   5 minL    0.459/   0.700 maxL    1.365/   1.400 -- Small/Large/Total (    26/     0/   757):      0 splits,      0 swaps,      0 collapses,     24 moves
Debug   :  ---------------------------------------
Debug   :  CPU Report 
Debug   :  ---------------------------------------
Debug   :  CPU SWAP     3.31000E-04 sec (  0 %)
Debug   :  CPU SPLIT    6.01000E-02 sec ( 15 %) 
Debug   :  CPU COLLAPS  3.00780E-02 sec (  8 %) 
Debug   :  CPU SMOOTH   3.09752E-01 sec ( 77 %) 
Debug   :  ---------------------------------------
Debug   :  CPU TOTAL    4.00261E-01 sec 
Debug   :  ---------------------------------------
Debug   : Type 23 521 triangles generated, 227 internal nodes
Info    : Meshing surface 13 (Parametric surface, MeshAdapt)
Debug   :  ---------------------------------------
Debug   :  CPU Report 
Debug   :  ---------------------------------------
Debug   :  CPU SWAP     1.89500E-03 sec (  0 %)
Debug   :  CPU SPLIT    1.27755E-01 sec (  4 %) 
Debug   :  CPU COLLAPS  2.80896E-01 sec (  8 %) 
Debug   :  CPU SMOOTH   2.97004E+00 sec ( 88 %) 
Debug   :  ---------------------------------------
Debug   :  CPU TOTAL    3.38059E+00 sec 
Debug   :  ---------------------------------------
Debug   :  iter   1 minL    0.333/   0.700 maxL    2.179/   1.400 -- Small/Large/Total (   243/   350/  2954):   1124 splits,    376 swaps,    333 collapses,   2782 moves
Debug   :  iter   2 minL    0.368/   0.700 maxL    1.793/   1.400 -- Small/Large/Total (   221/    27/  3653):    963 splits,    569 swaps,    688 collapses,   3654 moves
Debug   :  iter   7 minL    0.531/   0.700 maxL    1.397/   1.400 -- Small/Large/Total (    79/     0/  3293):      1 splits,      0 swaps,      1 collapses,     58 moves
Debug   :  iter   1 minL    0.459/   0.700 maxL    1.365/   1.400 -- Small/Large/Total (    26/     0/   757):      0 splits,      0 swaps,      0 collapses,     10 moves
Debug   :  ---------------------------------------
Debug   :  CPU Report 
Debug   :  ---------------------------------------
Debug   :  CPU SWAP     3.04000E-04 sec (  0 %)
Debug   :  CPU SPLIT    5.61950E-02 sec ( 10 %) 
Debug   :  CPU COLLAPS  2.81530E-02 sec (  5 %) 
Debug   :  CPU SMOOTH   4.55207E-01 sec ( 84 %) 
Debug   :  ---------------------------------------
Debug   :  CPU TOTAL    5.39859E-01 sec 
Debug   :  ---------------------------------------
Debug   : Type 23 482 triangles generated, 208 internal nodes
Info    : Meshing surface 13 (Parametric surface, MeshAdapt)
Debug   : Recovering 4 model edges
Debug   : Recovering 157 mesh edges (0 not recovered)
Debug   : Boundary edges recovered for surface 13
Debug   : Computing mesh size field at mesh nodes 157
Debug   : Delaunizing the initial mesh
Debug   : Starting to add internal nodes
Debug   : Recovering 4 model edges
Debug   : Recovering 144 mesh edges (0 not recovered)
Debug   : Boundary edges recovered for surface 13
Debug   : Computing mesh size field at mesh nodes 144
Debug   : Delaunizing the initial mesh
Debug   : Starting to add internal nodes
Debug   :  iter   8 minL    0.531/   0.700 maxL    1.397/   1.400 -- Small/Large/Total (    76/     0/  3290):      0 splits,      0 swaps,      1 collapses,     41 moves
Debug   :  iter   3 minL    0.507/   0.700 maxL    1.632/   1.400 -- Small/Large/Total (   151/     9/  3590):     32 splits,     44 swaps,     53 collapses,    999 moves
Debug   :  iter   9 minL    0.531/   0.700 maxL    1.397/   1.400 -- Small/Large/Total (    76/     0/  3290):      0 splits,      0 swaps,      0 collapses,     31 moves
Debug   :  iter   1 minL    0.185/   0.700 maxL    3.953/   1.400 -- Small/Large/Total (   245/   424/  1607):    578 splits,    827 swaps,    146 collapses,   1572 moves
Debug   :  iter   2 minL    0.467/   0.700 maxL    1.626/   1.400 -- Small/Large/Total (   199/    14/  3633):    856 splits,    529 swaps,    601 collapses,   3562 moves
Debug   :  ---------------------------------------
Debug   :  CPU Report 
Debug   :  ---------------------------------------
Debug   :  CPU SWAP     1.42470E-02 sec (  0 %)
Debug   :  CPU SPLIT    1.16592E+00 sec (  5 %) 
Debug   :  CPU COLLAPS  2.10977E+00 sec (  9 %) 
Debug   :  CPU SMOOTH   1.90562E+01 sec ( 85 %) 
Debug   :  ---------------------------------------
Debug   :  CPU TOTAL    2.23461E+01 sec 
Debug   :  ---------------------------------------
Debug   :  iter   2 minL    0.505/   0.700 maxL    1.537/   1.400 -- Small/Large/Total (   127/     5/  3380):    407 splits,    217 swaps,    265 collapses,   2265 moves
Debug   :  iter   1 minL    0.121/   0.700 maxL   17.755/   1.400 -- Small/Large/Total (   195/   620/  1542):    527 splits,    754 swaps,    108 collapses,   1444 moves
Debug   :  iter   4 minL    0.552/   0.700 maxL    1.403/   1.400 -- Small/Large/Total (   135/     1/  3578):     10 splits,     15 swaps,     14 collapses,    447 moves
Debug   :  iter   3 minL    0.526/   0.700 maxL    1.644/   1.400 -- Small/Large/Total (    99/     4/  3564):     20 splits,     25 swaps,     43 collapses,    949 moves
Debug   :  iter   2 minL    0.430/   0.700 maxL    2.145/   1.400 -- Small/Large/Total (   109/    59/  2024):    447 splits,    432 swaps,    308 collapses,   1906 moves
Debug   :  iter   1 minL    0.531/   0.700 maxL    1.397/   1.400 -- Small/Large/Total (    76/     0/  3290):      0 splits,      0 swaps,      0 collapses,     28 moves
Debug   :  iter   3 minL    0.572/   0.700 maxL    1.549/   1.400 -- Small/Large/Total (    93/     1/  3353):      7 splits,     16 swaps,     16 collapses,    632 moves
Debug   :  ---------------------------------------
Debug   :  CPU Report 
Debug   :  ---------------------------------------
Debug   :  CPU SWAP     1.41800E-03 sec (  0 %)
Debug   :  CPU SPLIT    2.75703E-01 sec ( 15 %) 
Debug   :  CPU COLLAPS  1.38078E-01 sec (  7 %) 
Debug   :  CPU SMOOTH   1.42708E+00 sec ( 77 %) 
Debug   :  ---------------------------------------
Debug   :  CPU TOTAL    1.84228E+00 sec 
Debug   :  ---------------------------------------
Debug   : Type 23 2116 triangles generated, 943 internal nodes
Info    : Meshing surface 12 (Parametric surface, MeshAdapt)
Debug   :  iter   5 minL    0.552/   0.700 maxL    1.692/   1.400 -- Small/Large/Total (   124/     3/  3569):      1 splits,      2 swaps,      4 collapses,    173 moves
Debug   :  iter   3 minL    0.563/   0.700 maxL    1.442/   1.400 -- Small/Large/Total (    89/     3/  2165):     77 splits,     53 swaps,     30 collapses,    760 moves
Debug   : Recovering 4 model edges
Debug   : Recovering 59 mesh edges (0 not recovered)
Debug   : Boundary edges recovered for surface 12
Debug   : Computing mesh size field at mesh nodes 59
Debug   : Delaunizing the initial mesh
Debug   : Starting to add internal nodes
Debug   :  iter   4 minL    0.526/   0.700 maxL    1.449/   1.400 -- Small/Large/Total (    87/     2/  3561):      5 splits,      7 swaps,      6 collapses,    323 moves
Debug   :  iter   4 minL    0.538/   0.700 maxL    1.460/   1.400 -- Small/Large/Total (    82/     3/  2168):      3 splits,      3 swaps,      2 collapses,    288 moves
Debug   :  iter   2 minL    0.323/   0.700 maxL    9.293/   1.400 -- Small/Large/Total (   138/   150/  2208):    623 splits,    867 swaps,    401 collapses,   2398 moves
Debug   :  iter   1 minL    0.429/   0.700 maxL    3.472/   1.400 -- Small/Large/Total (    39/    54/   538):    193 splits,    154 swaps,     52 collapses,    519 moves
Debug   :  iter   4 minL    0.572/   0.700 maxL    1.391/   1.400 -- Small/Large/Total (    84/     0/  3350):      4 splits,      3 swaps,      5 collapses,    267 moves
Debug   :  iter   2 minL    0.565/   0.700 maxL    1.395/   1.400 -- Small/Large/Total (    29/     0/   610):     58 splits,     31 swaps,     34 collapses,    357 moves
Debug   :  iter   5 minL    0.538/   0.700 maxL    1.397/   1.400 -- Small/Large/Total (    74/     0/  2162):      3 splits,      1 swaps,      5 collapses,    159 moves
Debug   :  iter   6 minL    0.552/   0.700 maxL    1.393/   1.400 -- Small/Large/Total (   128/     0/  3575):      3 splits,      2 swaps,      1 collapses,    128 moves
Debug   :  iter   3 minL    0.589/   0.700 maxL    1.395/   1.400 -- Small/Large/Total (    18/     0/   601):      0 splits,      1 swaps,      3 collapses,     90 moves
Debug   :  iter   4 minL    0.589/   0.700 maxL    1.395/   1.400 -- Small/Large/Total (    18/     0/   601):      0 splits,      0 swaps,      0 collapses,     42 moves
Debug   :  iter   5 minL    0.526/   0.700 maxL    1.393/   1.400 -- Small/Large/Total (    89/     0/  3570):      4 splits,      4 swaps,      1 collapses,    164 moves
Debug   :  iter   3 minL    0.523/   0.700 maxL    2.548/   1.400 -- Small/Large/Total (    60/    50/  2433):    152 splits,    108 swaps,     77 collapses,   1264 moves
Debug   :  ---------------------------------------
Debug   :  CPU Report 
Debug   :  ---------------------------------------
Debug   :  CPU SWAP     1.24000E-03 sec (  0 %)
Debug   :  CPU SPLIT    8.47130E-02 sec (  4 %) 
Debug   :  CPU COLLAPS  1.91431E-01 sec (  8 %) 
Debug   :  CPU SMOOTH   2.07060E+00 sec ( 88 %) 
Debug   :  ---------------------------------------
Debug   :  CPU TOTAL    2.34798E+00 sec 
Debug   :  ---------------------------------------
Debug   :  iter   1 minL    0.589/   0.700 maxL    1.395/   1.400 -- Small/Large/Total (    18/     0/   601):      0 splits,      0 swaps,      0 collapses,     40 moves
Debug   :  iter   6 minL    0.538/   0.700 maxL    1.397/   1.400 -- Small/Large/Total (    74/     0/  2162):      0 splits,      0 swaps,      0 collapses,    103 moves
Debug   :  ---------------------------------------
Debug   :  CPU Report 
Debug   :  ---------------------------------------
Debug   :  CPU SWAP     2.40000E-04 sec (  0 %)
Debug   :  CPU SPLIT    4.61720E-02 sec ( 17 %) 
Debug   :  CPU COLLAPS  2.31240E-02 sec (  8 %) 
Debug   :  CPU SMOOTH   2.05875E-01 sec ( 75 %) 
Debug   :  ---------------------------------------
Debug   :  CPU TOTAL    2.75411E-01 sec 
Debug   :  ---------------------------------------
Debug   : Type 23 381 triangles generated, 162 internal nodes
Info    : Meshing surface 13 (Parametric surface, MeshAdapt)
Debug   :  ---------------------------------------
Debug   :  CPU Report 
Debug   :  ---------------------------------------
Debug   :  CPU SWAP     7.03300E-03 sec (  0 %)
Debug   :  CPU SPLIT    4.81119E-01 sec (  5 %) 
Debug   :  CPU COLLAPS  1.09686E+00 sec ( 12 %) 
Debug   :  CPU SMOOTH   7.70461E+00 sec ( 83 %) 
Debug   :  ---------------------------------------
Debug   :  CPU TOTAL    9.28962E+00 sec 
Debug   :  ---------------------------------------
Debug   :  iter   5 minL    0.572/   0.700 maxL    1.391/   1.400 -- Small/Large/Total (    82/     0/  3347):      0 splits,      2 swaps,      1 collapses,    132 moves
Debug   :  iter   4 minL    0.554/   0.700 maxL    1.422/   1.400 -- Small/Large/Total (    60/     3/  2547):     52 splits,     32 swaps,     14 collapses,    533 moves
Debug   : Recovering 4 model edges
Debug   : Recovering 143 mesh edges (0 not recovered)
Debug   : Boundary edges recovered for surface 13
Debug   : Computing mesh size field at mesh nodes 143
Debug   : Delaunizing the initial mesh
Debug   :  iter   7 minL    0.552/   0.700 maxL    1.440/   1.400 -- Small/Large/Total (   123/     2/  3572):      1 splits,      1 swaps,      2 collapses,     61 moves
Debug   : Starting to add internal nodes
Debug   :  iter   6 minL    0.526/   0.700 maxL    1.393/   1.400 -- Small/Large/Total (    90/     0/  3570):      0 splits,      0 swaps,      0 collapses,     77 moves
Debug   :  iter   1 minL    0.538/   0.700 maxL    1.397/   1.400 -- Small/Large/Total (    74/     0/  2162):      0 splits,      0 swaps,      0 collapses,     70 moves
Debug   :  iter   5 minL    0.554/   0.700 maxL    1.460/   1.400 -- Small/Large/Total (    55/     4/  2544):      3 splits,      2 swaps,      4 collapses,    254 moves
Debug   :  ---------------------------------------
Debug   :  CPU Report 
Debug   :  ---------------------------------------
Debug   :  CPU SWAP     8.82000E-04 sec (  0 %)
Debug   :  CPU SPLIT    1.79480E-01 sec ( 18 %) 
Debug   :  CPU COLLAPS  8.95770E-02 sec (  9 %) 
Debug   :  CPU SMOOTH   7.39916E-01 sec ( 73 %) 
Debug   :  ---------------------------------------
Debug   :  CPU TOTAL    1.00986E+00 sec 
Debug   :  ---------------------------------------
Debug   : Type 23 1389 triangles generated, 617 internal nodes
Info    : Meshing surface 14 (Parametric surface, MeshAdapt)
Debug   :  ---------------------------------------
Debug   :  CPU Report 
Debug   :  ---------------------------------------
Debug   :  CPU SWAP     1.09730E-02 sec (  0 %)
Debug   :  CPU SPLIT    7.34499E-01 sec (  4 %) 
Debug   :  CPU COLLAPS  1.63288E+00 sec (  9 %) 
Debug   :  CPU SMOOTH   1.53335E+01 sec ( 87 %) 
Debug   :  ---------------------------------------
Debug   :  CPU TOTAL    1.77118E+01 sec 
Debug   :  ---------------------------------------
Debug   :  iter   6 minL    0.572/   0.700 maxL    1.391/   1.400 -- Small/Large/Total (    82/     0/  3347):      0 splits,      0 swaps,      0 collapses,     88 moves
Debug   : Recovering 4 model edges
Debug   : Recovering 89 mesh edges (0 not recovered)
Debug   : Boundary edges recovered for surface 14
Debug   : Computing mesh size field at mesh nodes 89
Debug   : Delaunizing the initial mesh
Debug   : Starting to add internal nodes
Debug   :  ---------------------------------------
Debug   :  CPU Report 
Debug   :  ---------------------------------------
Debug   :  CPU SWAP     9.72600E-03 sec (  0 %)
Debug   :  CPU SPLIT    7.49149E-01 sec (  4 %) 
Debug   :  CPU COLLAPS  1.52693E+00 sec (  8 %) 
Debug   :  CPU SMOOTH   1.57545E+01 sec ( 87 %) 
Debug   :  ---------------------------------------
Debug   :  CPU TOTAL    1.80404E+01 sec 
Debug   :  ---------------------------------------
Debug   :  iter   6 minL    0.554/   0.700 maxL    1.383/   1.400 -- Small/Large/Total (    56/     0/  2547):      4 splits,      3 swaps,      3 collapses,    202 moves
Debug   :  iter   8 minL    0.552/   0.700 maxL    1.438/   1.400 -- Small/Large/Total (   124/     1/  3575):      2 splits,      0 swaps,      1 collapses,     44 moves
Debug   :  iter   1 minL    0.212/   0.700 maxL    4.763/   1.400 -- Small/Large/Total (    42/   226/   877):    311 splits,    423 swaps,     77 collapses,    823 moves
Debug   :  iter   1 minL    0.208/   0.700 maxL    4.171/   1.400 -- Small/Large/Total (   211/   368/  1483):    519 splits,    824 swaps,    119 collapses,   1427 moves
Debug   :  iter   1 minL    0.526/   0.700 maxL    1.393/   1.400 -- Small/Large/Total (    88/     0/  3573):      1 splits,      2 swaps,      0 collapses,     64 moves
Debug   :  iter   7 minL    0.554/   0.700 maxL    1.383/   1.400 -- Small/Large/Total (    56/     0/  2547):      0 splits,      0 swaps,      0 collapses,    122 moves
Debug   :  iter   2 minL    0.497/   0.700 maxL    2.084/   1.400 -- Small/Large/Total (    74/    23/  1381):    244 splits,    169 swaps,     76 collapses,   1103 moves
Debug   :  ---------------------------------------
Debug   :  CPU Report 
Debug   :  ---------------------------------------
Debug   :  CPU SWAP     9.95500E-03 sec (  0 %)
Debug   :  CPU SPLIT    6.52751E-01 sec (  5 %) 
Debug   :  CPU COLLAPS  1.35955E+00 sec ( 10 %) 
Debug   :  CPU SMOOTH   1.09348E+01 sec ( 84 %) 
Debug   :  ---------------------------------------
Debug   :  CPU TOTAL    1.29570E+01 sec 
Debug   :  ---------------------------------------
Debug   :  iter   1 minL    0.572/   0.700 maxL    1.391/   1.400 -- Small/Large/Total (    82/     0/  3347):      0 splits,      0 swaps,      0 collapses,     62 moves
Debug   :  iter   9 minL    0.552/   0.700 maxL    1.394/   1.400 -- Small/Large/Total (   126/     0/  3578):      1 splits,      0 swaps,      0 collapses,     29 moves
Debug   :  iter   3 minL    0.457/   0.700 maxL    1.370/   1.400 -- Small/Large/Total (    62/     0/  1411):     32 splits,     11 swaps,     22 collapses,    529 moves
Debug   :  ---------------------------------------
Debug   :  CPU Report 
Debug   :  ---------------------------------------
Debug   :  CPU SWAP     1.41900E-03 sec (  0 %)
Debug   :  CPU SPLIT    2.64202E-01 sec ( 14 %) 
Debug   :  CPU COLLAPS  1.33580E-01 sec (  7 %) 
Debug   :  CPU SMOOTH   1.46017E+00 sec ( 79 %) 
Debug   :  ---------------------------------------
Debug   :  CPU TOTAL    1.85937E+00 sec 
Debug   :  ---------------------------------------
Debug   : Type 23 2134 triangles generated, 922 internal nodes
Info    : Meshing surface 12 (Parametric surface, MeshAdapt)
Debug   :  iter   2 minL    0.526/   0.700 maxL    1.393/   1.400 -- Small/Large/Total (    88/     0/  3573):      0 splits,      0 swaps,      0 collapses,     34 moves
Debug   :  iter   4 minL    0.450/   0.700 maxL    1.370/   1.400 -- Small/Large/Total (    52/     0/  1396):      0 splits,      0 swaps,      5 collapses,    270 moves
Debug   : Recovering 4 model edges
Debug   : Recovering 75 mesh edges (0 not recovered)
Debug   : Boundary edges recovered for surface 12
Debug   : Computing mesh size field at mesh nodes 75
Debug   : Delaunizing the initial mesh
Debug   : Starting to add internal nodes
Debug   :  iter   1 minL    0.554/   0.700 maxL    1.383/   1.400 -- Small/Large/Total (    56/     0/  2547):      0 splits,      0 swaps,      0 collapses,     93 moves
Debug   :  iter   2 minL    0.401/   0.700 maxL    2.022/   1.400 -- Small/Large/Total (    93/    68/  1945):    388 splits,    352 swaps,    234 collapses,   1779 moves
Debug   :  iter   5 minL    0.448/   0.700 maxL    1.370/   1.400 -- Small/Large/Total (    51/     0/  1393):      0 splits,      0 swaps,      1 collapses,    133 moves
Debug   :  ---------------------------------------
Debug   :  CPU Report 
Debug   :  ---------------------------------------
Debug   :  CPU SWAP     3.11500E-03 sec (  0 %)
Debug   :  CPU SPLIT    4.04529E-01 sec ( 11 %) 
Debug   :  CPU COLLAPS  2.71880E-01 sec (  8 %) 
Debug   :  CPU SMOOTH   2.91975E+00 sec ( 81 %) 
Debug   :  ---------------------------------------
Debug   :  CPU TOTAL    3.59927E+00 sec 
Debug   :  ---------------------------------------
Debug   : Type 23 2305 triangles generated, 1038 internal nodes
Info    : Meshing surface 12 (Parametric surface, MeshAdapt)
Debug   :  ---------------------------------------
Debug   :  CPU Report 
Debug   :  ---------------------------------------
Debug   :  CPU SWAP     1.08800E-03 sec (  0 %)
Debug   :  CPU SPLIT    2.18010E-01 sec ( 17 %) 
Debug   :  CPU COLLAPS  1.09142E-01 sec (  9 %) 
Debug   :  CPU SMOOTH   9.48086E-01 sec ( 74 %) 
Debug   :  ---------------------------------------
Debug   :  CPU TOTAL    1.27633E+00 sec 
Debug   :  ---------------------------------------
Debug   : Type 23 1650 triangles generated, 754 internal nodes
Info    : Meshing surface 14 (Parametric surface, MeshAdapt)
Debug   :  iter   1 minL    0.319/   0.700 maxL    4.691/   1.400 -- Small/Large/Total (    58/   128/   711):    253 splits,    259 swaps,     65 collapses,    686 moves
Debug   :  iter  10 minL    0.552/   0.700 maxL    1.394/   1.400 -- Small/Large/Total (   126/     0/  3578):      0 splits,      0 swaps,      0 collapses,     20 moves
Debug   :  iter   3 minL    0.401/   0.700 maxL    1.454/   1.400 -- Small/Large/Total (    71/     2/  2080):     86 splits,     36 swaps,     41 collapses,    794 moves
Debug   : Recovering 4 model edges
Debug   : Recovering 63 mesh edges (0 not recovered)
Debug   : Boundary edges recovered for surface 12
Debug   : Computing mesh size field at mesh nodes 63
Debug   : Delaunizing the initial mesh
Debug   :  iter   6 minL    0.448/   0.700 maxL    1.370/   1.400 -- Small/Large/Total (    51/     0/  1393):      0 splits,      0 swaps,      0 collapses,     37 moves
Debug   : Starting to add internal nodes
Debug   : Recovering 4 model edges
Debug   : Recovering 89 mesh edges (0 not recovered)
Debug   : Boundary edges recovered for surface 14
Debug   : Computing mesh size field at mesh nodes 89
Debug   : Delaunizing the initial mesh
Debug   : Starting to add internal nodes
Debug   :  ---------------------------------------
Debug   :  CPU Report 
Debug   :  ---------------------------------------
Debug   :  CPU SWAP     4.02000E-03 sec (  0 %)
Debug   :  CPU SPLIT    2.86423E-01 sec (  6 %) 
Debug   :  CPU COLLAPS  5.13177E-01 sec ( 11 %) 
Debug   :  CPU SMOOTH   3.89318E+00 sec ( 83 %) 
Debug   :  ---------------------------------------
Debug   :  CPU TOTAL    4.69680E+00 sec 
Debug   :  ---------------------------------------
Debug   :  iter   2 minL    0.454/   0.700 maxL    2.310/   1.400 -- Small/Large/Total (    70/     9/   915):    144 splits,    111 swaps,     76 collapses,    758 moves
Debug   :  ---------------------------------------
Debug   :  CPU Report 
Debug   :  ---------------------------------------
Debug   :  CPU SWAP     1.76510E-02 sec (  0 %)
Debug   :  CPU SPLIT    1.30797E+00 sec (  5 %) 
Debug   :  CPU COLLAPS  2.47859E+00 sec (  9 %) 
Debug   :  CPU SMOOTH   2.35651E+01 sec ( 86 %) 
Debug   :  ---------------------------------------
Debug   :  CPU TOTAL    2.73693E+01 sec 
Debug   :  ---------------------------------------
Debug   :  iter   3 minL    0.483/   0.700 maxL    1.536/   1.400 -- Small/Large/Total (    48/     2/   918):     13 splits,     12 swaps,     12 collapses,    304 moves
Debug   :  iter   4 minL    0.401/   0.700 maxL    1.394/   1.400 -- Small/Large/Total (    66/     0/  2080):      3 splits,      3 swaps,      3 collapses,    224 moves
Debug   :  iter   4 minL    0.490/   0.700 maxL    1.378/   1.400 -- Small/Large/Total (    48/     0/   921):      2 splits,      1 swaps,      1 collapses,    100 moves
Debug   :  iter   1 minL    0.448/   0.700 maxL    1.370/   1.400 -- Small/Large/Total (    51/     0/  1393):      0 splits,      0 swaps,      0 collapses,     20 moves
Debug   :  ---------------------------------------
Debug   :  CPU Report 
Debug   :  ---------------------------------------
Debug   :  CPU SWAP     5.66000E-04 sec (  0 %)
Debug   :  CPU SPLIT    1.10187E-01 sec ( 13 %) 
Debug   :  CPU COLLAPS  5.49940E-02 sec (  7 %) 
Debug   :  CPU SMOOTH   6.50774E-01 sec ( 80 %) 
Debug   :  ---------------------------------------
Debug   :  CPU TOTAL    8.16521E-01 sec 
Debug   :  ---------------------------------------
Debug   : Type 23 899 triangles generated, 406 internal nodes
Info    : Meshing surface 15 (Parametric surface, MeshAdapt)
Debug   :  iter   5 minL    0.490/   0.700 maxL    1.378/   1.400 -- Small/Large/Total (    47/     0/   918):      0 splits,      0 swaps,      1 collapses,     65 moves
Debug   :  iter   5 minL    0.401/   0.700 maxL    1.385/   1.400 -- Small/Large/Total (    68/     0/  2077):      0 splits,      0 swaps,      1 collapses,    139 moves
Debug   :  iter   1 minL    0.193/   0.700 maxL    4.850/   1.400 -- Small/Large/Total (    66/   262/   886):    306 splits,    339 swaps,     69 collapses,    808 moves
Debug   :  iter   6 minL    0.490/   0.700 maxL    1.378/   1.400 -- Small/Large/Total (    47/     0/   918):      0 splits,      0 swaps,      0 collapses,     41 moves
Debug   :  ---------------------------------------
Debug   :  CPU Report 
Debug   :  ---------------------------------------
Debug   :  CPU SWAP     2.74200E-03 sec (  0 %)
Debug   :  CPU SPLIT    1.71247E-01 sec (  6 %) 
Debug   :  CPU COLLAPS  3.53460E-01 sec ( 11 %) 
Debug   :  CPU SMOOTH   2.57025E+00 sec ( 83 %) 
Debug   :  ---------------------------------------
Debug   :  CPU TOTAL    3.09770E+00 sec 
Debug   :  ---------------------------------------
Debug   :  iter   1 minL    0.301/   0.700 maxL    4.440/   1.400 -- Small/Large/Total (    44/    68/   579):    207 splits,    200 swaps,     55 collapses,    583 moves
Debug   :  iter   1 minL    0.490/   0.700 maxL    1.378/   1.400 -- Small/Large/Total (    47/     0/   918):      0 splits,      0 swaps,      0 collapses,     28 moves
Debug   :  iter   6 minL    0.401/   0.700 maxL    1.385/   1.400 -- Small/Large/Total (    68/     0/  2077):      0 splits,      0 swaps,      0 collapses,     92 moves
Debug   :  iter   1 minL    0.552/   0.700 maxL    1.394/   1.400 -- Small/Large/Total (   126/     0/  3578):      0 splits,      0 swaps,      0 collapses,     19 moves
Debug   :  ---------------------------------------
Debug   :  CPU Report 
Debug   :  ---------------------------------------
Debug   :  CPU SWAP     3.74000E-04 sec (  0 %)
Debug   :  CPU SPLIT    6.24280E-02 sec ( 14 %) 
Debug   :  CPU COLLAPS  3.12660E-02 sec (  7 %) 
Debug   :  CPU SMOOTH   3.38318E-01 sec ( 78 %) 
Debug   :  ---------------------------------------
Debug   :  CPU TOTAL    4.32386E-01 sec 
Debug   :  ---------------------------------------
Debug   : Type 23 587 triangles generated, 257 internal nodes
Info    : Meshing surface 13 (Parametric surface, MeshAdapt)
Debug   : Recovering 4 model edges
Debug   : Recovering 227 mesh edges (0 not recovered)
Debug   : Boundary edges recovered for surface 15
Debug   : Computing mesh size field at mesh nodes 227
Debug   : Delaunizing the initial mesh
Debug   :  ---------------------------------------
Debug   :  CPU Report 
Debug   :  ---------------------------------------
Debug   :  CPU SWAP     6.61800E-03 sec (  0 %)
Debug   :  CPU SPLIT    4.81842E-01 sec (  6 %) 
Debug   :  CPU COLLAPS  1.04003E+00 sec ( 12 %) 
Debug   :  CPU SMOOTH   7.19239E+00 sec ( 82 %) 
Debug   :  ---------------------------------------
Debug   :  CPU TOTAL    8.72088E+00 sec 
Debug   :  ---------------------------------------
Debug   :  iter   2 minL    0.510/   0.700 maxL    2.557/   1.400 -- Small/Large/Total (    40/     9/   657):     77 splits,     30 swaps,     51 collapses,    441 moves
Debug   :  iter   2 minL    0.473/   0.700 maxL    2.025/   1.400 -- Small/Large/Total (    84/    45/  1309):    267 splits,    192 swaps,    126 collapses,   1112 moves
Debug   : Starting to add internal nodes
Debug   :  ---------------------------------------
Debug   :  CPU Report 
Debug   :  ---------------------------------------
Debug   :  CPU SWAP     1.58500E-03 sec (  0 %)
Debug   :  CPU SPLIT    2.75022E-01 sec ( 13 %) 
Debug   :  CPU COLLAPS  1.36774E-01 sec (  7 %) 
Debug   :  CPU SMOOTH   1.66851E+00 sec ( 80 %) 
Debug   :  ---------------------------------------
Debug   :  CPU TOTAL    2.08189E+00 sec 
Debug   :  ---------------------------------------
Debug   : Type 23 2309 triangles generated, 1041 internal nodes
Info    : Meshing surface 12 (Parametric surface, MeshAdapt)
Debug   : Recovering 4 model edges
Debug   : Recovering 187 mesh edges (0 not recovered)
Debug   : Boundary edges recovered for surface 13
Debug   : Computing mesh size field at mesh nodes 187
Debug   : Delaunizing the initial mesh
Debug   : Recovering 4 model edges
Debug   : Recovering 65 mesh edges (0 not recovered)
Debug   : Boundary edges recovered for surface 12
Debug   : Computing mesh size field at mesh nodes 65
Debug   : Delaunizing the initial mesh
Debug   : Starting to add internal nodes
Debug   :  iter   3 minL    0.561/   0.700 maxL    1.379/   1.400 -- Small/Large/Total (    31/     0/   663):     12 splits,      8 swaps,     10 collapses,    181 moves
Debug   : Starting to add internal nodes
Debug   :  iter   3 minL    0.503/   0.700 maxL    1.386/   1.400 -- Small/Large/Total (    44/     0/  1372):     56 splits,     24 swaps,     35 collapses,    515 moves
Debug   :  iter   1 minL    0.401/   0.700 maxL    1.385/   1.400 -- Small/Large/Total (    68/     0/  2077):      0 splits,      0 swaps,      0 collapses,     71 moves
Debug   :  ---------------------------------------
Debug   :  CPU Report 
Debug   :  ---------------------------------------
Debug   :  CPU SWAP     8.63000E-04 sec (  0 %)
Debug   :  CPU SPLIT    1.82127E-01 sec ( 18 %) 
Debug   :  CPU COLLAPS  9.18780E-02 sec (  9 %) 
Debug   :  CPU SMOOTH   7.25575E-01 sec ( 73 %) 
Debug   :  ---------------------------------------
Debug   :  CPU TOTAL    1.00044E+00 sec 
Debug   :  ---------------------------------------
Debug   : Type 23 1337 triangles generated, 598 internal nodes
Info    : Meshing surface 14 (Parametric surface, MeshAdapt)
Debug   :  iter   4 minL    0.561/   0.700 maxL    1.379/   1.400 -- Small/Large/Total (    31/     0/   660):      0 splits,      0 swaps,      1 collapses,     46 moves
Debug   :  iter   1 minL    0.402/   0.700 maxL    3.747/   1.400 -- Small/Large/Total (    51/    86/   562):    215 splits,    210 swaps,     70 collapses,    558 moves
Debug   :  iter   4 minL    0.523/   0.700 maxL    1.391/   1.400 -- Small/Large/Total (    42/     0/  1372):      2 splits,      0 swaps,      2 collapses,    178 moves
Debug   : Recovering 4 model edges
Debug   : Recovering 88 mesh edges (0 not recovered)
Debug   : Boundary edges recovered for surface 14
Debug   : Computing mesh size field at mesh nodes 88
Debug   : Delaunizing the initial mesh
Debug   :  iter   2 minL    0.533/   0.700 maxL    2.146/   1.400 -- Small/Large/Total (    36/     8/   700):     93 splits,     40 swaps,     47 collapses,    507 moves
Debug   : Starting to add internal nodes
Debug   :  iter   5 minL    0.561/   0.700 maxL    1.379/   1.400 -- Small/Large/Total (    31/     0/   660):      0 splits,      0 swaps,      0 collapses,     31 moves
Debug   :  iter   3 minL    0.533/   0.700 maxL    1.466/   1.400 -- Small/Large/Total (    23/     1/   706):     10 splits,      3 swaps,      8 collapses,    174 moves
Debug   :  ---------------------------------------
Debug   :  CPU Report 
Debug   :  ---------------------------------------
Debug   :  CPU SWAP     1.67600E-03 sec (  0 %)
Debug   :  CPU SPLIT    1.18531E-01 sec (  2 %) 
Debug   :  CPU COLLAPS  2.59098E-01 sec (  5 %) 
Debug   :  CPU SMOOTH   5.06597E+00 sec ( 93 %) 
Debug   :  ---------------------------------------
Debug   :  CPU TOTAL    5.44528E+00 sec 
Debug   :  ---------------------------------------
Debug   :  iter   5 minL    0.523/   0.700 maxL    1.391/   1.400 -- Small/Large/Total (    41/     0/  1372):      0 splits,      0 swaps,      0 collapses,     76 moves
Debug   :  iter   4 minL    0.533/   0.700 maxL    1.370/   1.400 -- Small/Large/Total (    24/     0/   712):      4 splits,      2 swaps,      2 collapses,    106 moves
Debug   :  ---------------------------------------
Debug   :  CPU Report 
Debug   :  ---------------------------------------
Debug   :  CPU SWAP     3.44200E-03 sec (  0 %)
Debug   :  CPU SPLIT    2.35226E-01 sec (  4 %) 
Debug   :  CPU COLLAPS  5.25348E-01 sec (  9 %) 
Debug   :  CPU SMOOTH   4.88374E+00 sec ( 86 %) 
Debug   :  ---------------------------------------
Debug   :  CPU TOTAL    5.64776E+00 sec 
Debug   :  ---------------------------------------
Debug   :  iter   5 minL    0.533/   0.700 maxL    1.370/   1.400 -- Small/Large/Total (    24/     0/   712):      0 splits,      0 swaps,      0 collapses,     45 moves
Debug   :  ---------------------------------------
Debug   :  CPU Report 
Debug   :  ---------------------------------------
Debug   :  CPU SWAP     1.80400E-03 sec (  0 %)
Debug   :  CPU SPLIT    1.22676E-01 sec (  5 %) 
Debug   :  CPU COLLAPS  2.67697E-01 sec ( 12 %) 
Debug   :  CPU SMOOTH   1.87888E+00 sec ( 83 %) 
Debug   :  ---------------------------------------
Debug   :  CPU TOTAL    2.27105E+00 sec 
Debug   :  ---------------------------------------
Debug   :  iter   1 minL    0.561/   0.700 maxL    1.379/   1.400 -- Small/Large/Total (    31/     0/   660):      0 splits,      0 swaps,      0 collapses,     28 moves
Debug   :  ---------------------------------------
Debug   :  CPU Report 
Debug   :  ---------------------------------------
Debug   :  CPU SWAP     2.65000E-04 sec (  0 %)
Debug   :  CPU SPLIT    5.13330E-02 sec (  7 %) 
Debug   :  CPU COLLAPS  2.57330E-02 sec (  3 %) 
Debug   :  CPU SMOOTH   6.85836E-01 sec ( 90 %) 
Debug   :  ---------------------------------------
Debug   :  CPU TOTAL    7.63167E-01 sec 
Debug   :  ---------------------------------------
Debug   : Type 23 419 triangles generated, 179 internal nodes
Info    : Meshing surface 13 (Parametric surface, MeshAdapt)
Debug   :  iter   1 minL    0.533/   0.700 maxL    1.370/   1.400 -- Small/Large/Total (    24/     0/   712):      0 splits,      0 swaps,      0 collapses,     27 moves
Debug   :  iter   1 minL    0.252/   0.700 maxL    4.581/   1.400 -- Small/Large/Total (    88/   298/   893):    304 splits,    259 swaps,     64 collapses,    854 moves
Debug   :  ---------------------------------------
Debug   :  CPU Report 
Debug   :  ---------------------------------------
Debug   :  CPU SWAP     2.91000E-04 sec (  0 %)
Debug   :  CPU SPLIT    5.47060E-02 sec ( 16 %) 
Debug   :  CPU COLLAPS  2.73770E-02 sec (  8 %) 
Debug   :  CPU SMOOTH   2.52195E-01 sec ( 75 %) 
Debug   :  ---------------------------------------
Debug   :  CPU TOTAL    3.34569E-01 sec 
Debug   :  ---------------------------------------
Debug   : Type 23 453 triangles generated, 195 internal nodes
Info    : Meshing surface 13 (Parametric surface, MeshAdapt)
Debug   :  iter   1 minL    0.523/   0.700 maxL    1.391/   1.400 -- Small/Large/Total (    41/     0/  1372):      0 splits,      0 swaps,      0 collapses,     43 moves
Debug   :  ---------------------------------------
Debug   :  CPU Report 
Debug   :  ---------------------------------------
Debug   :  CPU SWAP     5.64000E-04 sec (  0 %)
Debug   :  CPU SPLIT    1.12112E-01 sec ( 12 %) 
Debug   :  CPU COLLAPS  5.66680E-02 sec (  6 %) 
Debug   :  CPU SMOOTH   7.96937E-01 sec ( 82 %) 
Debug   :  ---------------------------------------
Debug   :  CPU TOTAL    9.66281E-01 sec 
Debug   :  ---------------------------------------
Debug   : Type 23 885 triangles generated, 399 internal nodes
Info    : Meshing surface 15 (Parametric surface, MeshAdapt)
Debug   : Recovering 4 model edges
Debug   : Recovering 141 mesh edges (0 not recovered)
Debug   : Boundary edges recovered for surface 13
Debug   : Computing mesh size field at mesh nodes 141
Debug   : Delaunizing the initial mesh
Debug   : Starting to add internal nodes
Debug   :  iter   1 minL    0.081/   0.700 maxL    8.550/   1.400 -- Small/Large/Total (   245/   947/  2141):    698 splits,    866 swaps,    108 collapses,   1571 moves
Debug   : Recovering 4 model edges
Debug   : Recovering 143 mesh edges (0 not recovered)
Debug   : Boundary edges recovered for surface 13
Debug   : Computing mesh size field at mesh nodes 143
Debug   : Delaunizing the initial mesh
Debug   : Starting to add internal nodes
Debug   :  iter   2 minL    0.214/   0.700 maxL    2.211/   1.400 -- Small/Large/Total (   113/    41/  1217):    300 splits,    223 swaps,    192 collapses,   1272 moves
Debug   :  iter   1 minL    0.269/   0.700 maxL    3.615/   1.400 -- Small/Large/Total (   291/   819/  2773):    900 splits,    540 swaps,    126 collapses,   2366 moves
Debug   :  iter   3 minL    0.557/   0.700 maxL    1.487/   1.400 -- Small/Large/Total (    45/     2/  1250):     55 splits,     37 swaps,     44 collapses,    669 moves
Debug   : Recovering 4 model edges
Debug   : Recovering 210 mesh edges (0 not recovered)
Debug   : Boundary edges recovered for surface 15
Debug   : Computing mesh size field at mesh nodes 210
Debug   : Delaunizing the initial mesh
Debug   : Starting to add internal nodes
Debug   :  iter   4 minL    0.557/   0.700 maxL    1.347/   1.400 -- Small/Large/Total (    35/     0/  1241):      2 splits,      2 swaps,      5 collapses,    224 moves
Debug   :  iter   1 minL    0.116/   0.700 maxL    4.668/   1.400 -- Small/Large/Total (   158/   533/  1527):    510 splits,    656 swaps,     94 collapses,   1471 moves
Debug   :  iter   5 minL    0.557/   0.700 maxL    1.347/   1.400 -- Small/Large/Total (    32/     0/  1238):      0 splits,      0 swaps,      1 collapses,     91 moves
Debug   :  iter   1 minL    0.261/   0.700 maxL    8.317/   1.400 -- Small/Large/Total (   152/   540/  1528):    518 splits,    679 swaps,    103 collapses,   1498 moves
Debug   :  iter   6 minL    0.557/   0.700 maxL    1.347/   1.400 -- Small/Large/Total (    32/     0/  1238):      0 splits,      0 swaps,      0 collapses,     53 moves
Debug   :  ---------------------------------------
Debug   :  CPU Report 
Debug   :  ---------------------------------------
Debug   :  CPU SWAP     3.80400E-03 sec (  0 %)
Debug   :  CPU SPLIT    2.78919E-01 sec (  5 %) 
Debug   :  CPU COLLAPS  6.36542E-01 sec ( 11 %) 
Debug   :  CPU SMOOTH   4.91210E+00 sec ( 84 %) 
Debug   :  ---------------------------------------
Debug   :  CPU TOTAL    5.83137E+00 sec 
Debug   :  ---------------------------------------
Debug   :  iter   1 minL    0.557/   0.700 maxL    1.347/   1.400 -- Small/Large/Total (    32/     0/  1238):      0 splits,      0 swaps,      0 collapses,     35 moves
Debug   :  ---------------------------------------
Debug   :  CPU Report 
Debug   :  ---------------------------------------
Debug   :  CPU SWAP     5.11000E-04 sec (  0 %)
Debug   :  CPU SPLIT    1.04723E-01 sec ( 14 %) 
Debug   :  CPU COLLAPS  5.24720E-02 sec (  7 %) 
Debug   :  CPU SMOOTH   6.17944E-01 sec ( 80 %) 
Debug   :  ---------------------------------------
Debug   :  CPU TOTAL    7.75650E-01 sec 
Debug   :  ---------------------------------------
Debug   : Type 23 796 triangles generated, 355 internal nodes
Info    : Meshing surface 15 (Parametric surface, MeshAdapt)
Debug   :  iter   2 minL    0.052/   0.700 maxL    5.147/   1.400 -- Small/Large/Total (   500/   270/  3158):    967 splits,   1382 swaps,    628 collapses,   3408 moves
Debug   :  iter   2 minL    0.425/   0.700 maxL    2.142/   1.400 -- Small/Large/Total (   100/   107/  2208):    548 splits,    549 swaps,    321 collapses,   2221 moves
Debug   :  iter   2 minL    0.525/   0.700 maxL    3.183/   1.400 -- Small/Large/Total (   109/   124/  2239):    548 splits,    568 swaps,    311 collapses,   2221 moves
Debug   :  iter   1 minL    0.349/   0.700 maxL    4.267/   1.400 -- Small/Large/Total (   173/   648/  2493):    828 splits,    785 swaps,    136 collapses,   2190 moves
Debug   : Recovering 4 model edges
Debug   : Recovering 215 mesh edges (0 not recovered)
Debug   : Boundary edges recovered for surface 15
Debug   : Computing mesh size field at mesh nodes 215
Debug   : Delaunizing the initial mesh
Debug   :  iter   3 minL    0.469/   0.700 maxL    1.444/   1.400 -- Small/Large/Total (    88/     1/  2436):    118 splits,     66 swaps,     42 collapses,    933 moves
Debug   : Starting to add internal nodes
Debug   :  iter   3 minL    0.510/   0.700 maxL    1.495/   1.400 -- Small/Large/Total (   102/     3/  2536):    134 splits,     72 swaps,     35 collapses,    978 moves
Debug   :  iter   3 minL    0.398/   0.700 maxL    1.512/   1.400 -- Small/Large/Total (   187/    11/  3200):    303 splits,    383 swaps,    289 collapses,   1978 moves
Debug   :  iter   4 minL    0.469/   0.700 maxL    1.381/   1.400 -- Small/Large/Total (    75/     0/  2427):      1 splits,      3 swaps,      4 collapses,    222 moves
Debug   :  iter   2 minL    0.450/   0.700 maxL    1.835/   1.400 -- Small/Large/Total (   233/    37/  3736):    907 splits,    515 swaps,    586 collapses,   3685 moves
Debug   :  iter   4 minL    0.505/   0.700 maxL    1.413/   1.400 -- Small/Large/Total (    91/     1/  2527):      3 splits,      3 swaps,      6 collapses,    326 moves
Debug   :  iter   5 minL    0.469/   0.700 maxL    1.381/   1.400 -- Small/Large/Total (    74/     0/  2427):      0 splits,      0 swaps,      0 collapses,     98 moves
Debug   :  iter   4 minL    0.445/   0.700 maxL    1.852/   1.400 -- Small/Large/Total (   115/     7/  3119):     11 splits,     20 swaps,     38 collapses,    721 moves
Debug   :  ---------------------------------------
Debug   :  CPU Report 
Debug   :  ---------------------------------------
Debug   :  CPU SWAP     5.90700E-03 sec (  0 %)
Debug   :  CPU SPLIT    4.12837E-01 sec (  5 %) 
Debug   :  CPU COLLAPS  9.86423E-01 sec ( 11 %) 
Debug   :  CPU SMOOTH   7.37583E+00 sec ( 84 %) 
Debug   :  ---------------------------------------
Debug   :  CPU TOTAL    8.78100E+00 sec 
Debug   :  ---------------------------------------
Debug   :  iter   5 minL    0.461/   0.700 maxL    1.394/   1.400 -- Small/Large/Total (    89/     0/  2524):      1 splits,      0 swaps,      2 collapses,    172 moves
Debug   :  iter   5 minL    0.445/   0.700 maxL    1.404/   1.400 -- Small/Large/Total (    99/     1/  3104):      7 splits,      5 swaps,     12 collapses,    359 moves
Debug   :  iter   1 minL    0.469/   0.700 maxL    1.381/   1.400 -- Small/Large/Total (    74/     0/  2427):      0 splits,      0 swaps,      0 collapses,     81 moves
Debug   :  iter   6 minL    0.494/   0.700 maxL    1.394/   1.400 -- Small/Large/Total (    88/     0/  2521):      0 splits,      0 swaps,      1 collapses,    135 moves
Debug   :  ---------------------------------------
Debug   :  CPU Report 
Debug   :  ---------------------------------------
Debug   :  CPU SWAP     1.01400E-03 sec (  0 %)
Debug   :  CPU SPLIT    2.02642E-01 sec ( 17 %) 
Debug   :  CPU COLLAPS  1.02237E-01 sec (  8 %) 
Debug   :  CPU SMOOTH   8.99388E-01 sec ( 75 %) 
Debug   :  ---------------------------------------
Debug   :  CPU TOTAL    1.20528E+00 sec 
Debug   :  ---------------------------------------
Debug   : Type 23 1571 triangles generated, 716 internal nodes
Info    : Meshing surface 14 (Parametric surface, MeshAdapt)
Debug   :  iter   1 minL    0.297/   0.700 maxL    2.682/   1.400 -- Small/Large/Total (   195/   687/  2590):    844 splits,    644 swaps,    123 collapses,   2135 moves
Debug   :  iter   2 minL    0.405/   0.700 maxL    2.203/   1.400 -- Small/Large/Total (   205/    74/  3555):    699 splits,    406 swaps,    345 collapses,   2928 moves
Debug   :  iter   3 minL    0.503/   0.700 maxL    1.549/   1.400 -- Small/Large/Total (   131/     3/  3676):     45 splits,     43 swaps,     65 collapses,   1087 moves
Debug   :  iter   7 minL    0.494/   0.700 maxL    1.394/   1.400 -- Small/Large/Total (    86/     0/  2521):      0 splits,      0 swaps,      0 collapses,     91 moves
Debug   :  iter   6 minL    0.445/   0.700 maxL    1.387/   1.400 -- Small/Large/Total (   102/     0/  3107):      2 splits,      0 swaps,      1 collapses,    267 moves
Debug   : Recovering 4 model edges
Debug   : Recovering 105 mesh edges (0 not recovered)
Debug   : Boundary edges recovered for surface 14
Debug   : Computing mesh size field at mesh nodes 105
Debug   : Delaunizing the initial mesh
Debug   : Starting to add internal nodes
Debug   :  ---------------------------------------
Debug   :  CPU Report 
Debug   :  ---------------------------------------
Debug   :  CPU SWAP     8.85400E-03 sec (  0 %)
Debug   :  CPU SPLIT    6.43609E-01 sec (  6 %) 
Debug   :  CPU COLLAPS  1.29167E+00 sec ( 11 %) 
Debug   :  CPU SMOOTH   9.46801E+00 sec ( 83 %) 
Debug   :  ---------------------------------------
Debug   :  CPU TOTAL    1.14121E+01 sec 
Debug   :  ---------------------------------------
Debug   :  iter   7 minL    0.445/   0.700 maxL    1.387/   1.400 -- Small/Large/Total (   102/     0/  3107):      0 splits,      0 swaps,      0 collapses,    194 moves
Debug   :  iter   1 minL    0.494/   0.700 maxL    1.394/   1.400 -- Small/Large/Total (    86/     0/  2521):      0 splits,      0 swaps,      0 collapses,     71 moves
Debug   :  iter   4 minL    0.579/   0.700 maxL    1.421/   1.400 -- Small/Large/Total (   112/     2/  3652):      5 splits,      4 swaps,     13 collapses,    398 moves
Debug   :  ---------------------------------------
Debug   :  CPU Report 
Debug   :  ---------------------------------------
Debug   :  CPU SWAP     1.06100E-03 sec (  0 %)
Debug   :  CPU SPLIT    2.10940E-01 sec ( 18 %) 
Debug   :  CPU COLLAPS  1.05246E-01 sec (  9 %) 
Debug   :  CPU SMOOTH   8.74302E-01 sec ( 73 %) 
Debug   :  ---------------------------------------
Debug   :  CPU TOTAL    1.19155E+00 sec 
Debug   :  ---------------------------------------
Debug   : Type 23 1633 triangles generated, 746 internal nodes
Debug   :  ---------------------------------------
Debug   :  CPU Report 
Debug   :  ---------------------------------------
Debug   :  CPU SWAP     1.31300E-02 sec (  0 %)
Debug   :  CPU SPLIT    8.45686E-01 sec (  5 %) 
Debug   :  CPU COLLAPS  2.10381E+00 sec ( 12 %) 
Debug   :  CPU SMOOTH   1.39138E+01 sec ( 82 %) 
Debug   :  ---------------------------------------
Debug   :  CPU TOTAL    1.68765E+01 sec 
Debug   :  ---------------------------------------
Info    : Meshing surface 14 (Parametric surface, MeshAdapt)
Debug   :  iter   3 minL    0.440/   0.700 maxL    1.668/   1.400 -- Small/Large/Total (   116/    11/  3534):     83 splits,     42 swaps,     90 collapses,   1123 moves
Debug   :  iter   1 minL    0.232/   0.700 maxL    5.576/   1.400 -- Small/Large/Total (   147/   441/  1137):    372 splits,    258 swaps,     62 collapses,   1056 moves
Debug   : Recovering 4 model edges
Debug   : Recovering 109 mesh edges (0 not recovered)
Debug   : Boundary edges recovered for surface 14
Debug   : Computing mesh size field at mesh nodes 109
Debug   : Delaunizing the initial mesh
Debug   : Starting to add internal nodes
Debug   :  iter   1 minL    0.445/   0.700 maxL    1.387/   1.400 -- Small/Large/Total (   102/     0/  3107):      0 splits,      0 swaps,      0 collapses,    166 moves
Debug   :  iter   5 minL    0.572/   0.700 maxL    1.559/   1.400 -- Small/Large/Total (   105/     3/  3646):      2 splits,      0 swaps,      4 collapses,    154 moves
Debug   :  iter   4 minL    0.440/   0.700 maxL    1.578/   1.400 -- Small/Large/Total (   110/    14/  3537):     13 splits,      8 swaps,     12 collapses,    389 moves
Debug   :  ---------------------------------------
Debug   :  CPU Report 
Debug   :  ---------------------------------------
Debug   :  CPU SWAP     1.32700E-03 sec (  0 %)
Debug   :  CPU SPLIT    2.62881E-01 sec ( 16 %) 
Debug   :  CPU COLLAPS  1.32265E-01 sec (  8 %) 
Debug   :  CPU SMOOTH   1.24031E+00 sec ( 76 %) 
Debug   :  ---------------------------------------
Debug   :  CPU TOTAL    1.63679E+00 sec 
Debug   :  ---------------------------------------
Debug   : Type 23 2009 triangles generated, 912 internal nodes
Info    : Meshing surface 14 (Parametric surface, MeshAdapt)
Debug   :  iter   2 minL    0.454/   0.700 maxL    1.805/   1.400 -- Small/Large/Total (   178/    34/  3499):    732 splits,    332 swaps,    429 collapses,   3049 moves
Debug   :  iter   2 minL    0.293/   0.700 maxL    1.956/   1.400 -- Small/Large/Total (   212/    37/  1647):    449 splits,    374 swaps,    279 collapses,   1734 moves
Debug   :  iter   1 minL    0.181/   0.700 maxL    4.723/   1.400 -- Small/Large/Total (   100/   400/  1160):    388 splits,    437 swaps,     73 collapses,   1111 moves
Debug   : Recovering 4 model edges
Debug   : Recovering 118 mesh edges (0 not recovered)
Debug   : Boundary edges recovered for surface 14
Debug   : Computing mesh size field at mesh nodes 118
Debug   : Delaunizing the initial mesh
Debug   : Starting to add internal nodes
Debug   :  iter   3 minL    0.525/   0.700 maxL    1.447/   1.400 -- Small/Large/Total (    43/     1/  1518):     41 splits,     33 swaps,     84 collapses,    842 moves
Debug   :  iter   6 minL    0.572/   0.700 maxL    1.397/   1.400 -- Small/Large/Total (   105/     0/  3649):      3 splits,      0 swaps,      2 collapses,     84 moves
Debug   :  iter   4 minL    0.545/   0.700 maxL    1.397/   1.400 -- Small/Large/Total (    34/     0/  1506):      1 splits,      1 swaps,      5 collapses,    223 moves
Debug   :  iter   5 minL    0.440/   0.700 maxL    1.616/   1.400 -- Small/Large/Total (   112/     6/  3552):     15 splits,     11 swaps,     10 collapses,    272 moves
Debug   :  iter   3 minL    0.550/   0.700 maxL    1.799/   1.400 -- Small/Large/Total (   109/     8/  3475):     36 splits,     28 swaps,     44 collapses,    856 moves
Debug   :  iter   5 minL    0.545/   0.700 maxL    1.397/   1.400 -- Small/Large/Total (    31/     0/  1503):      0 splits,      2 swaps,      1 collapses,    164 moves
Debug   :  iter   2 minL    0.188/   0.700 maxL    2.480/   1.400 -- Small/Large/Total (   204/    75/  1769):    425 splits,    305 swaps,    222 collapses,   1686 moves
Debug   :  iter   1 minL    0.180/   0.700 maxL    4.823/   1.400 -- Small/Large/Total (   117/   471/  1307):    427 splits,    500 swaps,     69 collapses,   1153 moves
Debug   :  iter   6 minL    0.545/   0.700 maxL    1.397/   1.400 -- Small/Large/Total (    31/     0/  1503):      0 splits,      0 swaps,      0 collapses,    125 moves
Debug   :  ---------------------------------------
Debug   :  CPU Report 
Debug   :  ---------------------------------------
Debug   :  CPU SWAP     4.80100E-03 sec (  0 %)
Debug   :  CPU SPLIT    3.48232E-01 sec (  4 %) 
Debug   :  CPU COLLAPS  8.70234E-01 sec ( 11 %) 
Debug   :  CPU SMOOTH   6.88752E+00 sec ( 85 %) 
Debug   :  ---------------------------------------
Debug   :  CPU TOTAL    8.11079E+00 sec 
Debug   :  ---------------------------------------
Debug   :  iter   3 minL    0.479/   0.700 maxL    1.446/   1.400 -- Small/Large/Total (   109/     1/  1781):    105 splits,     79 swaps,    101 collapses,    994 moves
Debug   :  iter   7 minL    0.572/   0.700 maxL    1.397/   1.400 -- Small/Large/Total (   103/     0/  3649):      0 splits,      0 swaps,      0 collapses,     50 moves
Debug   :  iter   6 minL    0.440/   0.700 maxL    1.674/   1.400 -- Small/Large/Total (   106/     2/  3546):      6 splits,      9 swaps,      8 collapses,    174 moves
Debug   :  iter   4 minL    0.565/   0.700 maxL    1.487/   1.400 -- Small/Large/Total (   104/     8/  3478):     11 splits,      4 swaps,     10 collapses,    319 moves
Debug   :  iter   4 minL    0.474/   0.700 maxL    1.380/   1.400 -- Small/Large/Total (    93/     0/  1778):      4 splits,      6 swaps,      5 collapses,    367 moves
Debug   :  iter   1 minL    0.545/   0.700 maxL    1.397/   1.400 -- Small/Large/Total (    31/     0/  1503):      0 splits,      0 swaps,      0 collapses,    112 moves
Debug   :  ---------------------------------------
Debug   :  CPU Report 
Debug   :  ---------------------------------------
Debug   :  CPU SWAP     1.20560E-02 sec (  0 %)
Debug   :  CPU SPLIT    1.03010E+00 sec (  4 %) 
Debug   :  CPU COLLAPS  2.10517E+00 sec (  8 %) 
Debug   :  CPU SMOOTH   2.18502E+01 sec ( 87 %) 
Debug   :  ---------------------------------------
Debug   :  CPU TOTAL    2.49975E+01 sec 
Debug   :  ---------------------------------------
Debug   :  ---------------------------------------
Debug   :  CPU Report 
Debug   :  ---------------------------------------
Debug   :  CPU SWAP     6.26000E-04 sec (  0 %)
Debug   :  CPU SPLIT    1.25489E-01 sec ( 14 %) 
Debug   :  CPU COLLAPS  6.31130E-02 sec (  7 %) 
Debug   :  CPU SMOOTH   6.97347E-01 sec ( 79 %) 
Debug   :  ---------------------------------------
Debug   :  CPU TOTAL    8.86575E-01 sec 
Debug   :  ---------------------------------------
Debug   : Type 23 967 triangles generated, 432 internal nodes
Info    : Meshing surface 15 (Parametric surface, MeshAdapt)
Debug   :  iter   5 minL    0.474/   0.700 maxL    1.399/   1.400 -- Small/Large/Total (    92/     0/  1775):      0 splits,      0 swaps,      1 collapses,    147 moves
Debug   :  iter   2 minL    0.354/   0.700 maxL    2.398/   1.400 -- Small/Large/Total (   167/    82/  1967):    487 splits,    442 swaps,    267 collapses,   1939 moves
Debug   :  iter   7 minL    0.440/   0.700 maxL    1.559/   1.400 -- Small/Large/Total (    96/     1/  3543):      2 splits,      1 swaps,      3 collapses,     89 moves
Debug   :  iter   6 minL    0.474/   0.700 maxL    1.399/   1.400 -- Small/Large/Total (    92/     0/  1775):      0 splits,      0 swaps,      0 collapses,     96 moves
Debug   : Recovering 4 model edges
Debug   : Recovering 223 mesh edges (0 not recovered)
Debug   : Boundary edges recovered for surface 15
Debug   : Computing mesh size field at mesh nodes 223
Debug   : Delaunizing the initial mesh
Debug   :  iter   5 minL    0.534/   0.700 maxL    1.570/   1.400 -- Small/Large/Total (    96/     3/  3481):      8 splits,      9 swaps,      7 collapses,    176 moves
Debug   :  ---------------------------------------
Debug   :  CPU Report 
Debug   :  ---------------------------------------
Debug   :  CPU SWAP     5.60700E-03 sec (  0 %)
Debug   :  CPU SPLIT    3.90363E-01 sec (  5 %) 
Debug   :  CPU COLLAPS  9.00151E-01 sec ( 12 %) 
Debug   :  CPU SMOOTH   6.31893E+00 sec ( 83 %) 
Debug   :  ---------------------------------------
Debug   :  CPU TOTAL    7.61505E+00 sec 
Debug   :  ---------------------------------------
Debug   : Starting to add internal nodes
Debug   :  iter   3 minL    0.502/   0.700 maxL    1.588/   1.400 -- Small/Large/Total (   105/     3/  2081):    111 splits,     62 swaps,     73 collapses,   1024 moves
Debug   :  iter   1 minL    0.572/   0.700 maxL    1.397/   1.400 -- Small/Large/Total (   103/     0/  3649):      0 splits,      0 swaps,      0 collapses,     32 moves
Debug   :  iter   1 minL    0.474/   0.700 maxL    1.399/   1.400 -- Small/Large/Total (    92/     0/  1775):      0 splits,      0 swaps,      0 collapses,     75 moves
Debug   :  ---------------------------------------
Debug   :  CPU Report 
Debug   :  ---------------------------------------
Debug   :  CPU SWAP     7.43000E-04 sec (  0 %)
Debug   :  CPU SPLIT    1.49363E-01 sec ( 15 %) 
Debug   :  CPU COLLAPS  7.42040E-02 sec (  8 %) 
Debug   :  CPU SMOOTH   7.39583E-01 sec ( 77 %) 
Debug   :  ---------------------------------------
Debug   :  CPU TOTAL    9.63893E-01 sec 
Debug   :  ---------------------------------------
Debug   : Type 23 1147 triangles generated, 520 internal nodes
Info    : Meshing surface 15 (Parametric surface, MeshAdapt)
Debug   :  iter   4 minL    0.520/   0.700 maxL    1.377/   1.400 -- Small/Large/Total (    88/     0/  2066):      3 splits,      1 swaps,      8 collapses,    394 moves
Debug   :  ---------------------------------------
Debug   :  CPU Report 
Debug   :  ---------------------------------------
Debug   :  CPU SWAP     1.59500E-03 sec (  0 %)
Debug   :  CPU SPLIT    3.23026E-01 sec ( 13 %) 
Debug   :  CPU COLLAPS  1.62518E-01 sec (  7 %) 
Debug   :  CPU SMOOTH   1.91738E+00 sec ( 80 %) 
Debug   :  ---------------------------------------
Debug   :  CPU TOTAL    2.40452E+00 sec 
Debug   :  ---------------------------------------
Debug   : Type 23 2357 triangles generated, 1066 internal nodes
Info    : Meshing surface 16 (Parametric surface, MeshAdapt)
Debug   :  iter   8 minL    0.440/   0.700 maxL    1.408/   1.400 -- Small/Large/Total (    96/     1/  3537):      1 splits,      1 swaps,      3 collapses,     43 moves
Debug   :  iter   6 minL    0.578/   0.700 maxL    1.394/   1.400 -- Small/Large/Total (    96/     0/  3478):      3 splits,      2 swaps,      4 collapses,    116 moves
Debug   : Recovering 4 model edges
Debug   : Recovering 71 mesh edges (0 not recovered)
Debug   : Boundary edges recovered for surface 16
Debug   : Computing mesh size field at mesh nodes 71
Debug   : Delaunizing the initial mesh
Debug   : Starting to add internal nodes
Debug   :  iter   5 minL    0.520/   0.700 maxL    1.377/   1.400 -- Small/Large/Total (    88/     0/  2066):      0 splits,      0 swaps,      0 collapses,    194 moves
Debug   : Recovering 4 model edges
Debug   : Recovering 221 mesh edges (0 not recovered)
Debug   : Boundary edges recovered for surface 15
Debug   : Computing mesh size field at mesh nodes 221
Debug   : Delaunizing the initial mesh
Debug   :  ---------------------------------------
Debug   :  CPU Report 
Debug   :  ---------------------------------------
Debug   :  CPU SWAP     5.59100E-03 sec (  0 %)
Debug   :  CPU SPLIT    3.30359E-01 sec (  4 %) 
Debug   :  CPU COLLAPS  7.91489E-01 sec (  9 %) 
Debug   :  CPU SMOOTH   7.41910E+00 sec ( 87 %) 
Debug   :  ---------------------------------------
Debug   :  CPU TOTAL    8.54654E+00 sec 
Debug   :  ---------------------------------------
Debug   : Starting to add internal nodes
Debug   :  iter   1 minL    0.404/   0.700 maxL    2.853/   1.400 -- Small/Large/Total (    49/    79/   643):    239 splits,    245 swaps,     71 collapses,    637 moves
Debug   :  iter   7 minL    0.578/   0.700 maxL    1.394/   1.400 -- Small/Large/Total (    93/     0/  3478):      0 splits,      0 swaps,      0 collapses,     53 moves
Debug   :  iter   9 minL    0.440/   0.700 maxL    1.511/   1.400 -- Small/Large/Total (    94/     2/  3534):      1 splits,      1 swaps,      2 collapses,     52 moves
Debug   :  iter   2 minL    0.463/   0.700 maxL    1.526/   1.400 -- Small/Large/Total (    44/     3/   802):     93 splits,     55 swaps,     40 collapses,    507 moves
Debug   :  iter   1 minL    0.520/   0.700 maxL    1.377/   1.400 -- Small/Large/Total (    88/     0/  2066):      0 splits,      0 swaps,      0 collapses,    149 moves
Debug   :  ---------------------------------------
Debug   :  CPU Report 
Debug   :  ---------------------------------------
Debug   :  CPU SWAP     1.19040E-02 sec (  0 %)
Debug   :  CPU SPLIT    1.00335E+00 sec (  5 %) 
Debug   :  CPU COLLAPS  1.92169E+00 sec (  9 %) 
Debug   :  CPU SMOOTH   1.74193E+01 sec ( 86 %) 
Debug   :  ---------------------------------------
Debug   :  CPU TOTAL    2.03563E+01 sec 
Debug   :  ---------------------------------------
Debug   :  iter   3 minL    0.463/   0.700 maxL    1.409/   1.400 -- Small/Large/Total (    43/     1/   805):      4 splits,      3 swaps,      3 collapses,    155 moves
Debug   :  ---------------------------------------
Debug   :  CPU Report 
Debug   :  ---------------------------------------
Debug   :  CPU SWAP     8.69000E-04 sec (  0 %)
Debug   :  CPU SPLIT    1.59480E-01 sec ( 12 %) 
Debug   :  CPU COLLAPS  7.97040E-02 sec (  6 %) 
Debug   :  CPU SMOOTH   1.05851E+00 sec ( 82 %) 
Debug   :  ---------------------------------------
Debug   :  CPU TOTAL    1.29856E+00 sec 
Debug   :  ---------------------------------------
Debug   : Type 23 1338 triangles generated, 611 internal nodes
Info    : Meshing surface 15 (Parametric surface, MeshAdapt)
Debug   :  iter   4 minL    0.463/   0.700 maxL    1.387/   1.400 -- Small/Large/Total (    45/     0/   808):      1 splits,      1 swaps,      0 collapses,     61 moves
Debug   :  iter   5 minL    0.463/   0.700 maxL    1.387/   1.400 -- Small/Large/Total (    45/     0/   808):      0 splits,      0 swaps,      0 collapses,     30 moves
Debug   :  ---------------------------------------
Debug   :  CPU Report 
Debug   :  ---------------------------------------
Debug   :  CPU SWAP     2.00100E-03 sec (  0 %)
Debug   :  CPU SPLIT    1.46082E-01 sec (  4 %) 
Debug   :  CPU COLLAPS  3.05594E-01 sec (  8 %) 
Debug   :  CPU SMOOTH   3.17528E+00 sec ( 87 %) 
Debug   :  ---------------------------------------
Debug   :  CPU TOTAL    3.62896E+00 sec 
Debug   :  ---------------------------------------
Debug   :  iter  10 minL    0.440/   0.700 maxL    1.387/   1.400 -- Small/Large/Total (    94/     0/  3537):      2 splits,      1 swaps,      1 collapses,     52 moves
Debug   :  iter   1 minL    0.306/   0.700 maxL    4.348/   1.400 -- Small/Large/Total (   211/   772/  2654):    872 splits,    705 swaps,    135 collapses,   2324 moves
Debug   : Recovering 4 model edges
Debug   : Recovering 210 mesh edges (0 not recovered)
Debug   : Boundary edges recovered for surface 15
Debug   : Computing mesh size field at mesh nodes 210
Debug   : Delaunizing the initial mesh
Debug   :  iter   1 minL    0.463/   0.700 maxL    1.387/   1.400 -- Small/Large/Total (    45/     0/   808):      0 splits,      0 swaps,      0 collapses,     26 moves
Debug   : Starting to add internal nodes
Debug   :  ---------------------------------------
Debug   :  CPU Report 
Debug   :  ---------------------------------------
Debug   :  CPU SWAP     3.27000E-04 sec (  0 %)
Debug   :  CPU SPLIT    6.51370E-02 sec ( 12 %) 
Debug   :  CPU COLLAPS  3.25450E-02 sec (  6 %) 
Debug   :  CPU SMOOTH   4.42786E-01 sec ( 82 %) 
Debug   :  ---------------------------------------
Debug   :  CPU TOTAL    5.40795E-01 sec 
Debug   :  ---------------------------------------
Debug   : Type 23 515 triangles generated, 223 internal nodes
Info    : Meshing surface 17 (Parametric surface, MeshAdapt)
Debug   :  iter   1 minL    0.578/   0.700 maxL    1.394/   1.400 -- Small/Large/Total (    93/     0/  3478):      0 splits,      0 swaps,      0 collapses,     19 moves
Debug   :  ---------------------------------------
Debug   :  CPU Report 
Debug   :  ---------------------------------------
Debug   :  CPU SWAP     1.49600E-03 sec (  0 %)
Debug   :  CPU SPLIT    3.19032E-01 sec ( 15 %) 
Debug   :  CPU COLLAPS  1.59540E-01 sec (  8 %) 
Debug   :  CPU SMOOTH   1.59648E+00 sec ( 77 %) 
Debug   :  ---------------------------------------
Debug   :  CPU TOTAL    2.07655E+00 sec 
Debug   :  ---------------------------------------
Debug   : Type 23 2247 triangles generated, 1017 internal nodes
Info    : Meshing surface 16 (Parametric surface, MeshAdapt)
Debug   :  iter   1 minL    0.162/   0.700 maxL    3.802/   1.400 -- Small/Large/Total (   256/   754/  2686):    869 splits,    657 swaps,    120 collapses,   2286 moves
Debug   : Recovering 4 model edges
Debug   : Recovering 228 mesh edges (0 not recovered)
Debug   : Boundary edges recovered for surface 17
Debug   : Computing mesh size field at mesh nodes 228
Debug   : Delaunizing the initial mesh
Debug   : Recovering 4 model edges
Debug   : Recovering 70 mesh edges (0 not recovered)
Debug   : Boundary edges recovered for surface 16
Debug   : Computing mesh size field at mesh nodes 70
Debug   : Delaunizing the initial mesh
Debug   : Starting to add internal nodes
Debug   : Starting to add internal nodes
Debug   :  iter  11 minL    0.440/   0.700 maxL    1.375/   1.400 -- Small/Large/Total (    95/     0/  3537):      0 splits,      2 swaps,      0 collapses,     38 moves
Debug   :  ---------------------------------------
Debug   :  CPU Report 
Debug   :  ---------------------------------------
Debug   :  CPU SWAP     1.84490E-02 sec (  0 %)
Debug   :  CPU SPLIT    1.58643E+00 sec (  5 %) 
Debug   :  CPU COLLAPS  2.75216E+00 sec (  9 %) 
Debug   :  CPU SMOOTH   2.56205E+01 sec ( 85 %) 
Debug   :  ---------------------------------------
Debug   :  CPU TOTAL    2.99775E+01 sec 
Debug   :  ---------------------------------------
Debug   :  iter   1 minL    0.373/   0.700 maxL    4.794/   1.400 -- Small/Large/Total (    46/   112/   668):    235 splits,    268 swaps,     58 collapses,    629 moves
Debug   :  iter   1 minL    0.203/   0.700 maxL    3.701/   1.400 -- Small/Large/Total (   247/   897/  2475):    815 splits,    582 swaps,    129 collapses,   2018 moves
Debug   :  iter   2 minL    0.434/   0.700 maxL    2.191/   1.400 -- Small/Large/Total (    54/     7/   848):    124 splits,     63 swaps,     64 collapses,    613 moves
Debug   :  iter   1 minL    0.440/   0.700 maxL    1.375/   1.400 -- Small/Large/Total (    95/     0/  3537):      0 splits,      0 swaps,      0 collapses,     25 moves
Debug   :  iter   3 minL    0.507/   0.700 maxL    1.396/   1.400 -- Small/Large/Total (    41/     0/   836):      8 splits,      6 swaps,     12 collapses,    222 moves
Debug   :  ---------------------------------------
Debug   :  CPU Report 
Debug   :  ---------------------------------------
Debug   :  CPU SWAP     1.52300E-03 sec (  0 %)
Debug   :  CPU SPLIT    3.05367E-01 sec ( 14 %) 
Debug   :  CPU COLLAPS  1.54812E-01 sec (  7 %) 
Debug   :  CPU SMOOTH   1.72519E+00 sec ( 79 %) 
Debug   :  ---------------------------------------
Debug   :  CPU TOTAL    2.18689E+00 sec 
Debug   :  ---------------------------------------
Debug   : Type 23 2288 triangles generated, 1040 internal nodes
Info    : Meshing surface 16 (Parametric surface, MeshAdapt)
Debug   :  iter   4 minL    0.507/   0.700 maxL    1.396/   1.400 -- Small/Large/Total (    37/     0/   830):      0 splits,      0 swaps,      2 collapses,     97 moves
Debug   : Recovering 4 model edges
Debug   : Recovering 72 mesh edges (0 not recovered)
Debug   : Boundary edges recovered for surface 16
Debug   : Computing mesh size field at mesh nodes 72
Debug   : Delaunizing the initial mesh
Debug   : Starting to add internal nodes
Debug   :  iter   5 minL    0.507/   0.700 maxL    1.396/   1.400 -- Small/Large/Total (    37/     0/   830):      0 splits,      0 swaps,      0 collapses,     46 moves
Debug   :  iter   2 minL    0.486/   0.700 maxL    2.127/   1.400 -- Small/Large/Total (   190/    31/  3725):    872 splits,    373 swaps,    515 collapses,   3502 moves
Debug   :  iter   2 minL    0.386/   0.700 maxL    1.761/   1.400 -- Small/Large/Total (   221/    43/  3745):    839 splits,    497 swaps,    486 collapses,   3501 moves
Debug   :  ---------------------------------------
Debug   :  CPU Report 
Debug   :  ---------------------------------------
Debug   :  CPU SWAP     2.13800E-03 sec (  0 %)
Debug   :  CPU SPLIT    1.61704E-01 sec (  3 %) 
Debug   :  CPU COLLAPS  3.36841E-01 sec (  6 %) 
Debug   :  CPU SMOOTH   4.73557E+00 sec ( 90 %) 
Debug   :  ---------------------------------------
Debug   :  CPU TOTAL    5.23626E+00 sec 
Debug   :  ---------------------------------------
Debug   :  iter   1 minL    0.269/   0.700 maxL    3.453/   1.400 -- Small/Large/Total (   314/   785/  2754):    889 splits,    482 swaps,    122 collapses,   2294 moves
Debug   :  iter   1 minL    0.507/   0.700 maxL    1.396/   1.400 -- Small/Large/Total (    37/     0/   830):      0 splits,      0 swaps,      0 collapses,     44 moves
Debug   :  ---------------------------------------
Debug   :  CPU Report 
Debug   :  ---------------------------------------
Debug   :  CPU SWAP     3.39000E-04 sec (  0 %)
Debug   :  CPU SPLIT    7.13860E-02 sec (  9 %) 
Debug   :  CPU COLLAPS  3.61520E-02 sec (  4 %) 
Debug   :  CPU SMOOTH   7.04021E-01 sec ( 87 %) 
Debug   :  ---------------------------------------
Debug   :  CPU TOTAL    8.11898E-01 sec 
Debug   :  ---------------------------------------
Debug   : Type 23 530 triangles generated, 231 internal nodes
Info    : Meshing surface 17 (Parametric surface, MeshAdapt)
Debug   : Recovering 4 model edges
Debug   : Recovering 215 mesh edges (0 not recovered)
Debug   : Boundary edges recovered for surface 17
Debug   : Computing mesh size field at mesh nodes 215
Debug   : Delaunizing the initial mesh
Debug   :  iter   3 minL    0.386/   0.700 maxL    1.571/   1.400 -- Small/Large/Total (   141/     9/  3715):     47 splits,     29 swaps,     57 collapses,   1076 moves
Debug   : Starting to add internal nodes
Debug   :  iter   3 minL    0.576/   0.700 maxL    1.747/   1.400 -- Small/Large/Total (   131/    16/  3677):     36 splits,     30 swaps,     52 collapses,    919 moves
Debug   :  iter   2 minL    0.457/   0.700 maxL    2.098/   1.400 -- Small/Large/Total (   244/    59/  3717):    986 splits,    625 swaps,    572 collapses,   3735 moves
Debug   :  iter   4 minL    0.386/   0.700 maxL    1.449/   1.400 -- Small/Large/Total (   126/     5/  3709):     13 splits,      9 swaps,     15 collapses,    417 moves
Debug   :  iter   4 minL    0.572/   0.700 maxL    1.610/   1.400 -- Small/Large/Total (   116/    10/  3671):     18 splits,     17 swaps,     20 collapses,    438 moves
Debug   :  iter   3 minL    0.507/   0.700 maxL    1.642/   1.400 -- Small/Large/Total (   158/    10/  3684):     71 splits,     53 swaps,     82 collapses,   1225 moves
Debug   :  iter   2 minL    0.441/   0.700 maxL    1.916/   1.400 -- Small/Large/Total (   223/    49/  3684):    878 splits,    494 swaps,    568 collapses,   3615 moves
Debug   :  iter   5 minL    0.386/   0.700 maxL    1.449/   1.400 -- Small/Large/Total (   119/     1/  3709):      5 splits,      4 swaps,      5 collapses,    245 moves
Debug   :  iter   1 minL    0.041/   0.700 maxL    2.750/   1.400 -- Small/Large/Total (   221/   700/  2608):    846 splits,    646 swaps,    119 collapses,   2153 moves
Debug   :  iter   5 minL    0.564/   0.700 maxL    1.757/   1.400 -- Small/Large/Total (   113/    10/  3692):     11 splits,     13 swaps,      4 collapses,    267 moves
Debug   :  iter   6 minL    0.386/   0.700 maxL    1.393/   1.400 -- Small/Large/Total (   117/     0/  3706):      1 splits,      0 swaps,      2 collapses,     98 moves
Debug   :  iter   4 minL    0.507/   0.700 maxL    1.704/   1.400 -- Small/Large/Total (   141/    15/  3660):     11 splits,     14 swaps,     19 collapses,    511 moves
Debug   :  iter   3 minL    0.531/   0.700 maxL    1.847/   1.400 -- Small/Large/Total (   122/    11/  3615):     58 splits,     39 swaps,     81 collapses,   1144 moves
Debug   :  iter   6 minL    0.516/   0.700 maxL    1.421/   1.400 -- Small/Large/Total (   113/     1/  3698):     11 splits,      9 swaps,      9 collapses,    178 moves
Debug   :  iter   7 minL    0.386/   0.700 maxL    1.393/   1.400 -- Small/Large/Total (   117/     0/  3706):      0 splits,      0 swaps,      0 collapses,     32 moves
Debug   :  iter   5 minL    0.507/   0.700 maxL    1.488/   1.400 -- Small/Large/Total (   133/     6/  3660):     15 splits,     12 swaps,     15 collapses,    324 moves
Debug   :  ---------------------------------------
Debug   :  CPU Report 
Debug   :  ---------------------------------------
Debug   :  CPU SWAP     1.31660E-02 sec (  0 %)
Debug   :  CPU SPLIT    1.04433E+00 sec (  5 %) 
Debug   :  CPU COLLAPS  2.09441E+00 sec ( 10 %) 
Debug   :  CPU SMOOTH   1.88103E+01 sec ( 86 %) 
Debug   :  ---------------------------------------
Debug   :  CPU TOTAL    2.19622E+01 sec 
Debug   :  ---------------------------------------
Debug   :  iter   1 minL    0.296/   0.700 maxL    4.642/   1.400 -- Small/Large/Total (    48/   100/   690):    244 splits,    284 swaps,     61 collapses,    667 moves
Debug   :  iter   2 minL    0.407/   0.700 maxL    1.638/   1.400 -- Small/Large/Total (   185/    30/  3514):    747 splits,    346 swaps,    445 collapses,   2984 moves
Debug   :  iter   4 minL    0.554/   0.700 maxL    1.563/   1.400 -- Small/Large/Total (   106/     6/  3609):     13 splits,     10 swaps,     15 collapses,    412 moves
Debug   :  iter   7 minL    0.572/   0.700 maxL    1.637/   1.400 -- Small/Large/Total (   115/     4/  3692):      1 splits,      3 swaps,      3 collapses,    133 moves
Debug   :  iter   6 minL    0.507/   0.700 maxL    1.479/   1.400 -- Small/Large/Total (   139/     2/  3663):      6 splits,      7 swaps,      5 collapses,    225 moves
Debug   :  iter   1 minL    0.386/   0.700 maxL    1.393/   1.400 -- Small/Large/Total (   117/     0/  3706):      0 splits,      0 swaps,      0 collapses,     28 moves
Debug   :  iter   5 minL    0.556/   0.700 maxL    1.436/   1.400 -- Small/Large/Total (   106/     1/  3624):      9 splits,      7 swaps,      4 collapses,    226 moves
Debug   :  ---------------------------------------
Debug   :  CPU Report 
Debug   :  ---------------------------------------
Debug   :  CPU SWAP     1.63500E-03 sec (  0 %)
Debug   :  CPU SPLIT    3.31983E-01 sec ( 15 %) 
Debug   :  CPU COLLAPS  1.67037E-01 sec (  7 %) 
Debug   :  CPU SMOOTH   1.77397E+00 sec ( 78 %) 
Debug   :  ---------------------------------------
Debug   :  CPU TOTAL    2.27462E+00 sec 
Debug   :  ---------------------------------------
Debug   : Type 23 2397 triangles generated, 1089 internal nodes
Info    : Meshing surface 16 (Parametric surface, MeshAdapt)
Debug   :  iter   3 minL    0.511/   0.700 maxL    1.808/   1.400 -- Small/Large/Total (   108/    17/  3466):     30 splits,     26 swaps,     46 collapses,    857 moves
Debug   : Recovering 4 model edges
Debug   : Recovering 80 mesh edges (0 not recovered)
Debug   : Boundary edges recovered for surface 16
Debug   : Computing mesh size field at mesh nodes 80
Debug   : Delaunizing the initial mesh
Debug   : Starting to add internal nodes
Debug   :  iter   8 minL    0.572/   0.700 maxL    1.441/   1.400 -- Small/Large/Total (   114/     1/  3698):      6 splits,      3 swaps,      4 collapses,    118 moves
Debug   :  iter   7 minL    0.507/   0.700 maxL    1.511/   1.400 -- Small/Large/Total (   133/     6/  3645):      2 splits,      2 swaps,      8 collapses,    198 moves
Debug   :  iter   2 minL    0.416/   0.700 maxL    2.594/   1.400 -- Small/Large/Total (    67/     7/   855):    123 splits,     73 swaps,     68 collapses,    608 moves
Debug   :  iter   6 minL    0.556/   0.700 maxL    1.395/   1.400 -- Small/Large/Total (   104/     0/  3627):      1 splits,      2 swaps,      0 collapses,    122 moves
Debug   :  iter   4 minL    0.599/   0.700 maxL    1.886/   1.400 -- Small/Large/Total (    89/     9/  3472):     17 splits,     12 swaps,     15 collapses,    421 moves
Debug   :  iter   9 minL    0.577/   0.700 maxL    1.398/   1.400 -- Small/Large/Total (   112/     0/  3698):      1 splits,      0 swaps,      1 collapses,     48 moves
Debug   :  iter   8 minL    0.507/   0.700 maxL    1.565/   1.400 -- Small/Large/Total (   143/     6/  3654):      8 splits,      7 swaps,      5 collapses,    169 moves
Debug   :  iter   7 minL    0.556/   0.700 maxL    1.395/   1.400 -- Small/Large/Total (   105/     0/  3627):      0 splits,      0 swaps,      0 collapses,     47 moves
Debug   :  iter   5 minL    0.599/   0.700 maxL    1.430/   1.400 -- Small/Large/Total (    84/     1/  3475):      9 splits,      7 swaps,      8 collapses,    221 moves
Debug   :  ---------------------------------------
Debug   :  CPU Report 
Debug   :  ---------------------------------------
Debug   :  CPU SWAP     1.26790E-02 sec (  0 %)
Debug   :  CPU SPLIT    1.00861E+00 sec (  4 %) 
Debug   :  CPU COLLAPS  2.07989E+00 sec (  8 %) 
Debug   :  CPU SMOOTH   2.21769E+01 sec ( 88 %) 
Debug   :  ---------------------------------------
Debug   :  CPU TOTAL    2.52781E+01 sec 
Debug   :  ---------------------------------------
Debug   :  iter  10 minL    0.577/   0.700 maxL    1.398/   1.400 -- Small/Large/Total (   109/     0/  3695):      0 splits,      0 swaps,      1 collapses,     19 moves
Debug   :  iter   3 minL    0.508/   0.700 maxL    1.458/   1.400 -- Small/Large/Total (    53/     1/   849):     10 splits,      4 swaps,     12 collapses,    201 moves
Debug   :  iter   9 minL    0.507/   0.700 maxL    1.739/   1.400 -- Small/Large/Total (   137/     5/  3666):      7 splits,      5 swaps,      3 collapses,    135 moves
Debug   :  iter   6 minL    0.598/   0.700 maxL    1.426/   1.400 -- Small/Large/Total (    88/     1/  3478):      2 splits,      2 swaps,      1 collapses,     71 moves
Debug   :  iter   1 minL    0.556/   0.700 maxL    1.395/   1.400 -- Small/Large/Total (   103/     0/  3627):      0 splits,      0 swaps,      0 collapses,     26 moves
Debug   :  iter   1 minL    0.311/   0.700 maxL    4.207/   1.400 -- Small/Large/Total (    93/   115/   802):    276 splits,    299 swaps,     61 collapses,    766 moves
Debug   :  iter  10 minL    0.507/   0.700 maxL    1.409/   1.400 -- Small/Large/Total (   142/     1/  3675):      5 splits,      4 swaps,      2 collapses,    102 moves
Debug   :  ---------------------------------------
Debug   :  CPU Report 
Debug   :  ---------------------------------------
Debug   :  CPU SWAP     1.58600E-03 sec (  0 %)
Debug   :  CPU SPLIT    3.15114E-01 sec ( 13 %) 
Debug   :  CPU COLLAPS  1.57518E-01 sec (  6 %) 
Debug   :  CPU SMOOTH   1.96616E+00 sec ( 81 %) 
Debug   :  ---------------------------------------
Debug   :  CPU TOTAL    2.44038E+00 sec 
Debug   :  ---------------------------------------
Debug   : Type 23 2342 triangles generated, 1058 internal nodes
Info    : Meshing surface 18 (Parametric surface, MeshAdapt)
Debug   :  iter  11 minL    0.577/   0.700 maxL    1.398/   1.400 -- Small/Large/Total (   109/     0/  3695):      0 splits,      0 swaps,      0 collapses,     15 moves
Debug   : Recovering 4 model edges
Debug   : Recovering 67 mesh edges (0 not recovered)
Debug   : Boundary edges recovered for surface 18
Debug   : Computing mesh size field at mesh nodes 67
Debug   : Delaunizing the initial mesh
Debug   : Starting to add internal nodes
Debug   :  iter   7 minL    0.598/   0.700 maxL    1.969/   1.400 -- Small/Large/Total (    87/     4/  3478):      1 splits,      2 swaps,      1 collapses,     53 moves
Debug   :  ---------------------------------------
Debug   :  CPU Report 
Debug   :  ---------------------------------------
Debug   :  CPU SWAP     1.94820E-02 sec (  0 %)
Debug   :  CPU SPLIT    1.61794E+00 sec (  4 %) 
Debug   :  CPU COLLAPS  2.94057E+00 sec (  8 %) 
Debug   :  CPU SMOOTH   3.32963E+01 sec ( 88 %) 
Debug   :  ---------------------------------------
Debug   :  CPU TOTAL    3.78743E+01 sec 
Debug   :  ---------------------------------------
Debug   :  iter   4 minL    0.508/   0.700 maxL    1.359/   1.400 -- Small/Large/Total (    48/     0/   846):      1 splits,      1 swaps,      2 collapses,     95 moves
Debug   :  iter   1 minL    0.386/   0.700 maxL    3.628/   1.400 -- Small/Large/Total (    58/    79/   647):    222 splits,    211 swaps,     50 collapses,    581 moves
Debug   :  iter   2 minL    0.472/   0.700 maxL    1.355/   1.400 -- Small/Large/Total (    36/     0/   761):     94 splits,     51 swaps,     56 collapses,    520 moves
Debug   :  iter   8 minL    0.598/   0.700 maxL    1.399/   1.400 -- Small/Large/Total (    85/     0/  3478):      4 splits,      1 swaps,      4 collapses,     66 moves
Debug   :  iter  11 minL    0.507/   0.700 maxL    1.396/   1.400 -- Small/Large/Total (   136/     0/  3672):      1 splits,      2 swaps,      2 collapses,     68 moves
Debug   :  iter   3 minL    0.472/   0.700 maxL    1.374/   1.400 -- Small/Large/Total (    25/     0/   746):      0 splits,      0 swaps,      5 collapses,    137 moves
Debug   :  iter   2 minL    0.409/   0.700 maxL    1.423/   1.400 -- Small/Large/Total (    55/     3/   952):    145 splits,    146 swaps,     95 collapses,    763 moves
Debug   :  iter   4 minL    0.472/   0.700 maxL    1.374/   1.400 -- Small/Large/Total (    26/     0/   746):      0 splits,      2 swaps,      0 collapses,     47 moves
Debug   :  ---------------------------------------
Debug   :  CPU Report 
Debug   :  ---------------------------------------
Debug   :  CPU SWAP     1.57000E-03 sec (  0 %)
Debug   :  CPU SPLIT    1.11425E-01 sec (  4 %) 
Debug   :  CPU COLLAPS  2.55246E-01 sec (  8 %) 
Debug   :  CPU SMOOTH   2.72177E+00 sec ( 88 %) 
Debug   :  ---------------------------------------
Debug   :  CPU TOTAL    3.09001E+00 sec 
Debug   :  ---------------------------------------
Debug   :  iter   1 minL    0.577/   0.700 maxL    1.398/   1.400 -- Small/Large/Total (   109/     0/  3695):      0 splits,      0 swaps,      0 collapses,     12 moves
Debug   :  iter   1 minL    0.472/   0.700 maxL    1.374/   1.400 -- Small/Large/Total (    26/     0/   746):      0 splits,      0 swaps,      0 collapses,     28 moves
Debug   :  ---------------------------------------
Debug   :  CPU Report 
Debug   :  ---------------------------------------
Debug   :  CPU SWAP     2.99000E-04 sec (  0 %)
Debug   :  CPU SPLIT    6.11180E-02 sec ( 11 %) 
Debug   :  CPU COLLAPS  3.05110E-02 sec (  5 %) 
Debug   :  CPU SMOOTH   4.88022E-01 sec ( 84 %) 
Debug   :  ---------------------------------------
Debug   :  CPU TOTAL    5.79950E-01 sec 
Debug   :  ---------------------------------------
Debug   : Type 23 475 triangles generated, 205 internal nodes
Info    : Meshing surface 19 (Parametric surface, MeshAdapt)
Debug   : Recovering 6 model edges
Debug   : Recovering 59 mesh edges (0 not recovered)
Debug   : Boundary edges recovered for surface 19
Debug   : Computing mesh size field at mesh nodes 59
Debug   : Delaunizing the initial mesh
Debug   : Starting to add internal nodes
Debug   :  ---------------------------------------
Debug   :  CPU Report 
Debug   :  ---------------------------------------
Debug   :  CPU SWAP     1.61400E-03 sec (  0 %)
Debug   :  CPU SPLIT    3.11964E-01 sec ( 12 %) 
Debug   :  CPU COLLAPS  1.57870E-01 sec (  6 %) 
Debug   :  CPU SMOOTH   2.15330E+00 sec ( 82 %) 
Debug   :  ---------------------------------------
Debug   :  CPU TOTAL    2.62475E+00 sec 
Debug   :  ---------------------------------------
Debug   : Type 23 2389 triangles generated, 1084 internal nodes
Debug   :  iter   1 minL    0.582/   0.700 maxL    1.477/   1.400 -- Small/Large/Total (    14/     2/   286):    105 splits,     67 swaps,     48 collapses,    244 moves
Debug   :  iter   2 minL    0.627/   0.700 maxL    1.411/   1.400 -- Small/Large/Total (    12/     1/   298):      6 splits,      4 swaps,      2 collapses,     75 moves
Info    : Meshing surface 16 (Parametric surface, MeshAdapt)
Debug   :  iter   3 minL    0.615/   0.700 maxL    1.383/   1.400 -- Small/Large/Total (    13/     0/   304):      2 splits,      1 swaps,      0 collapses,     46 moves
Debug   :  iter   4 minL    0.615/   0.700 maxL    1.383/   1.400 -- Small/Large/Total (    13/     0/   304):      0 splits,      0 swaps,      0 collapses,     16 moves
Debug   :  ---------------------------------------
Debug   :  CPU Report 
Debug   :  ---------------------------------------
Debug   :  CPU SWAP     5.40000E-04 sec (  0 %)
Debug   :  CPU SPLIT    1.34750E-02 sec ( 11 %) 
Debug   :  CPU COLLAPS  2.52990E-02 sec ( 21 %) 
Debug   :  CPU SMOOTH   8.25920E-02 sec ( 68 %) 
Debug   :  ---------------------------------------
Debug   :  CPU TOTAL    1.21906E-01 sec 
Debug   :  ---------------------------------------
Debug   :  iter   1 minL    0.615/   0.700 maxL    1.383/   1.400 -- Small/Large/Total (    13/     0/   304):      0 splits,      0 swaps,      0 collapses,     16 moves
Debug   :  ---------------------------------------
Debug   :  CPU Report 
Debug   :  ---------------------------------------
Debug   :  CPU SWAP     1.04000E-04 sec (  0 %)
Debug   :  CPU SPLIT    6.04600E-03 sec ( 24 %) 
Debug   :  CPU COLLAPS  3.03300E-03 sec ( 12 %) 
Debug   :  CPU SMOOTH   1.59160E-02 sec ( 63 %) 
Debug   :  ---------------------------------------
Debug   :  CPU TOTAL    2.50990E-02 sec 
Debug   :  ---------------------------------------
Debug   : Type 23 183 triangles generated, 63 internal nodes
Debug   :  iter   9 minL    0.598/   0.700 maxL    1.407/   1.400 -- Small/Large/Total (    85/     1/  3475):      0 splits,      1 swaps,      1 collapses,     43 moves
Info    : Tetrahedrizing 12985 nodes...
Info    : Done tetrahedrizing 12993 nodes (Wall 0.239568s, CPU 0.230458s)
Debug   : Points have been tetrahedralized
Info    : Reconstructing mesh...
Debug   : Recovering 4 model edges
Debug   : Recovering 80 mesh edges (0 not recovered)
Debug   : Boundary edges recovered for surface 16
Debug   : Computing mesh size field at mesh nodes 80
Debug   : Delaunizing the initial mesh
Debug   : Starting to add internal nodes
Info    :  - Creating surface mesh
Info    :  - Identifying boundary edges
Debug   :   25966 (38949) subfaces (segments)
Info    :  - Recovering boundary
Debug   : Statistics:
Debug   :   Input points: 12993
Debug   :   Input facets: 19
Debug   :   Input segments: 0
Debug   :  Mesh points: 12993
Debug   :   Mesh tetrahedra: 55395
Debug   :   Mesh faces: 123773
Debug   :   Mesh faces on facets: 25966
Debug   :   Mesh edges on segments: 38949
Debug   : Writing to GRegion...
Info    : Done reconstructing mesh (Wall 0.635614s, CPU 0.515308s)
Debug   :  iter   3 minL    0.474/   0.700 maxL    1.365/   1.400 -- Small/Large/Total (    53/     0/   958):      8 splits,      4 swaps,      6 collapses,    251 moves
Debug   : start with a non classified tet
Debug   : Found 55395 tets with 19 faces (Wall 0.0510544s, CPU 0.050963s)
Info    : Found volume 1
Debug   : All 55395 tets were connected
Info    : It. 0 - 0 nodes created - worst tet radius 53.3078 (nodes removed 0 0)
Info    : It. 500 - 500 nodes created - worst tet radius 2.70877 (nodes removed 0 0)
Info    : It. 1000 - 1000 nodes created - worst tet radius 2.25004 (nodes removed 0 0)
Debug   :  ---------------------------------------
Debug   :  CPU Report 
Debug   :  ---------------------------------------
Debug   :  CPU SWAP     2.14560E-02 sec (  0 %)
Debug   :  CPU SPLIT    1.81107E+00 sec (  5 %) 
Debug   :  CPU COLLAPS  3.36083E+00 sec (  9 %) 
Debug   :  CPU SMOOTH   3.13191E+01 sec ( 86 %) 
Debug   :  ---------------------------------------
Debug   :  CPU TOTAL    3.65125E+01 sec 
Debug   :  ---------------------------------------
Info    : It. 1500 - 1500 nodes created - worst tet radius 2.0164 (nodes removed 0 0)
Info    : It. 2000 - 2000 nodes created - worst tet radius 1.85907 (nodes removed 0 0)
Info    : It. 2500 - 2500 nodes created - worst tet radius 1.73803 (nodes removed 0 0)
Info    : It. 3000 - 3000 nodes created - worst tet radius 1.64688 (nodes removed 0 0)
Info    : It. 3500 - 3500 nodes created - worst tet radius 1.57498 (nodes removed 0 0)
Info    : It. 4000 - 4000 nodes created - worst tet radius 1.52021 (nodes removed 0 0)
Info    : It. 4500 - 4500 nodes created - worst tet radius 1.47266 (nodes removed 0 0)
Debug   :  iter   5 minL    0.508/   0.700 maxL    1.359/   1.400 -- Small/Large/Total (    48/     0/   846):      0 splits,      0 swaps,      0 collapses,     60 moves
Info    : It. 5000 - 5000 nodes created - worst tet radius 1.42509 (nodes removed 0 0)
Info    : It. 5500 - 5500 nodes created - worst tet radius 1.38366 (nodes removed 0 0)
Info    : It. 6000 - 6000 nodes created - worst tet radius 1.34877 (nodes removed 0 0)
Info    : It. 6500 - 6500 nodes created - worst tet radius 1.32093 (nodes removed 0 0)
Info    : It. 7000 - 7000 nodes created - worst tet radius 1.29179 (nodes removed 0 0)
Info    : It. 7500 - 7500 nodes created - worst tet radius 1.26464 (nodes removed 0 0)
Info    : It. 8000 - 8000 nodes created - worst tet radius 1.23855 (nodes removed 0 0)
Info    : It. 8500 - 8500 nodes created - worst tet radius 1.21549 (nodes removed 0 0)
Debug   :  ---------------------------------------
Debug   :  CPU Report 
Debug   :  ---------------------------------------
Debug   :  CPU SWAP     2.46900E-03 sec (  0 %)
Debug   :  CPU SPLIT    1.59819E-01 sec (  1 %) 
Debug   :  CPU COLLAPS  3.54378E-01 sec (  1 %) 
Debug   :  CPU SMOOTH   3.06407E+01 sec ( 98 %) 
Debug   :  ---------------------------------------
Debug   :  CPU TOTAL    3.11574E+01 sec 
Debug   :  ---------------------------------------
Info    : It. 9000 - 9000 nodes created - worst tet radius 1.19476 (nodes removed 0 0)
Info    : It. 9500 - 9500 nodes created - worst tet radius 1.1755 (nodes removed 0 0)
Info    : It. 10000 - 10000 nodes created - worst tet radius 1.15657 (nodes removed 0 0)
Info    : It. 10500 - 10500 nodes created - worst tet radius 1.13992 (nodes removed 0 0)
Info    : It. 11000 - 11000 nodes created - worst tet radius 1.12415 (nodes removed 0 0)
Info    : It. 11500 - 11499 nodes created - worst tet radius 1.10768 (nodes removed 0 1)
Info    : It. 12000 - 11999 nodes created - worst tet radius 1.09426 (nodes removed 0 1)
Info    : It. 12500 - 12499 nodes created - worst tet radius 1.08193 (nodes removed 0 1)
Info    : It. 13000 - 12999 nodes created - worst tet radius 1.06916 (nodes removed 0 1)
Info    : It. 13500 - 13499 nodes created - worst tet radius 1.05685 (nodes removed 0 1)
Info    : It. 14000 - 13999 nodes created - worst tet radius 1.04481 (nodes removed 0 1)
Info    : It. 14500 - 14499 nodes created - worst tet radius 1.03422 (nodes removed 0 1)
Info    : It. 15000 - 14998 nodes created - worst tet radius 1.02326 (nodes removed 0 2)
Info    : It. 15500 - 15498 nodes created - worst tet radius 1.01257 (nodes removed 0 2)
Info    : It. 16000 - 15998 nodes created - worst tet radius 1.00277 (nodes removed 0 2)
Info    : 3D refinement terminated (29130 nodes total):
Info    :  - 5 Delaunay cavities modified for star shapeness
Info    :  - 2 nodes could not be inserted
Info    :  - 141917 tetrahedra created in 0.903715 sec. (157037 tets/s)
Info    : 0 node relocations
Info    : dtOptimizeMeshGRegion()() volume 1
Info    : dtOptimizeMeshGRegion()() volume 1 : Optimize gmsh
Info    : Optimizing volume 1
Debug   :  iter  10 minL    0.598/   0.700 maxL    1.399/   1.400 -- Small/Large/Total (    85/     0/  3478):      1 splits,      2 swaps,      0 collapses,     38 moves
Info    : Optimization starts (volume = 2.04048) with worst = 0.0033203 / average = 0.755516:
Info    : 0.00 < quality < 0.10 :       342 elements
Info    : 0.10 < quality < 0.20 :      1080 elements
Info    : 0.20 < quality < 0.30 :      1799 elements
Info    : 0.30 < quality < 0.40 :      2888 elements
Info    : 0.40 < quality < 0.50 :      4633 elements
Info    : 0.50 < quality < 0.60 :      8835 elements
Info    : 0.60 < quality < 0.70 :     19202 elements
Info    : 0.70 < quality < 0.80 :     36126 elements
Info    : 0.80 < quality < 0.90 :     45925 elements
Info    : 0.90 < quality < 1.00 :     21087 elements
Info    : 3173 edge swaps, 75 node relocations (volume = 2.04048): worst = 0.168063 / average = 0.769154 (Wall 0.0882305s, CPU 0.065919s)
Info    : 3196 edge swaps, 79 node relocations (volume = 2.04048): worst = 0.240418 / average = 0.769248 (Wall 0.103806s, CPU 0.081456s)
Info    : 3197 edge swaps, 79 node relocations (volume = 2.04048): worst = 0.293412 / average = 0.769253 (Wall 0.118749s, CPU 0.096366s)
Debug   :  iter   1 minL    0.329/   0.700 maxL    4.780/   1.400 -- Small/Large/Total (    65/   139/   796):    274 splits,    317 swaps,     61 collapses,    771 moves
Info    : No ill-shaped tets in the mesh :-)
Info    : 0.00 < quality < 0.10 :         0 elements
Info    : 0.10 < quality < 0.20 :         0 elements
Info    : 0.20 < quality < 0.30 :         1 elements
Info    : 0.30 < quality < 0.40 :      2804 elements
Info    : 0.40 < quality < 0.50 :      4472 elements
Info    : 0.50 < quality < 0.60 :      8741 elements
Info    : 0.60 < quality < 0.70 :     19276 elements
Info    : 0.70 < quality < 0.80 :     36371 elements
Info    : 0.80 < quality < 0.90 :     46376 elements
Info    : 0.90 < quality < 1.00 :     21012 elements
Info    : dtOptimizeMeshGRegion()() volume 1 : Optimize netgen
Debug   :  iter   2 minL    0.502/   0.700 maxL    1.465/   1.400 -- Small/Large/Total (    61/     1/  1000):    170 splits,    126 swaps,    102 collapses,    804 moves
Debug   :  iter   4 minL    0.486/   0.700 maxL    1.365/   1.400 -- Small/Large/Total (    48/     0/   958):      1 splits,      2 swaps,      1 collapses,     89 moves
Debug   :  iter   1 minL    0.507/   0.700 maxL    1.396/   1.400 -- Small/Large/Total (   138/     0/  3672):      0 splits,      0 swaps,      0 collapses,     35 moves
Debug   :  iter   3 minL    0.502/   0.700 maxL    1.355/   1.400 -- Small/Large/Total (    47/     0/   988):      1 splits,      0 swaps,      5 collapses,    203 moves
Info    : Extract outter faces of tetrahedra
Debug   :  ---------------------------------------
Debug   :  CPU Report 
Debug   :  ---------------------------------------
Debug   :  CPU SWAP     1.63200E-03 sec (  0 %)
Debug   :  CPU SPLIT    3.22929E-01 sec ( 13 %) 
Debug   :  CPU COLLAPS  1.60692E-01 sec (  6 %) 
Debug   :  CPU SMOOTH   1.99799E+00 sec ( 80 %) 
Debug   :  ---------------------------------------
Debug   :  CPU TOTAL    2.48324E+00 sec 
Debug   :  ---------------------------------------
Debug   : Type 23 2378 triangles generated, 1085 internal nodes
Info    : Meshing surface 16 (Parametric surface, MeshAdapt)
Info    : Optimizing volume 2
Debug   :  iter   4 minL    0.502/   0.700 maxL    1.355/   1.400 -- Small/Large/Total (    41/     0/   985):      0 splits,      0 swaps,      1 collapses,     59 moves
Debug   :  iter  11 minL    0.598/   0.700 maxL    1.399/   1.400 -- Small/Large/Total (    85/     0/  3478):      0 splits,      0 swaps,      0 collapses,     25 moves
Debug   : Recovering 4 model edges
Debug   : Recovering 74 mesh edges (0 not recovered)
Debug   : Boundary edges recovered for surface 16
Debug   : Computing mesh size field at mesh nodes 74
Debug   : Delaunizing the initial mesh
Info    : CalcLocalH: 29130 Points 139053 Elements 25966 Surface Elements 
Debug   : Starting to add internal nodes
Info    : Remove Illegal Elements 
Info    : 613 illegal tets 
Info    : SplitImprove 
Info    : badmax = 21.5018 
Info    : 117 splits performed 
Info    : SwapImprove  
Info    : 104 swaps performed 
Info    : SwapImprove2  
Info    : 8 swaps performed 
Info    : 298 illegal tets 
Info    : SplitImprove 
Info    : badmax = 352.799 
Info    : 72 splits performed 
Info    : SwapImprove  
Info    : 30 swaps performed 
Info    : SwapImprove2  
Info    : 15 swaps performed 
Info    : 78 illegal tets 
Info    : SplitImprove 
Info    : badmax = 1717.05 
Info    : 26 splits performed 
Info    : SwapImprove  
Info    : 9 swaps performed 
Info    : SwapImprove2  
Info    : 3 swaps performed 
Info    : 14 illegal tets 
Info    : SplitImprove 
Info    : badmax = 789.831 
Info    : 4 splits performed 
Info    : SwapImprove  
Debug   :  iter   5 minL    0.502/   0.700 maxL    1.355/   1.400 -- Small/Large/Total (    40/     0/   985):      0 splits,      0 swaps,      0 collapses,     44 moves
Info    : 1 swaps performed 
Info    : SwapImprove2  
Info    : 0 swaps performed 
Info    : 5 illegal tets 
Info    : SplitImprove 
Info    : badmax = 789.831 
Info    : 1 splits performed 
Info    : SwapImprove  
Info    : 0 swaps performed 
Info    : SwapImprove2  
Info    : 1 swaps performed 
Info    : 2 illegal tets 
Info    : SplitImprove 
Info    : badmax = 789.831 
Info    : 1 splits performed 
Info    : SwapImprove  
Info    : 0 swaps performed 
Info    : SwapImprove2  
Info    : 0 swaps performed 
Debug   :  ---------------------------------------
Debug   :  CPU Report 
Debug   :  ---------------------------------------
Debug   :  CPU SWAP     1.79930E-02 sec (  0 %)
Debug   :  CPU SPLIT    1.64447E+00 sec (  5 %) 
Debug   :  CPU COLLAPS  2.85721E+00 sec (  9 %) 
Debug   :  CPU SMOOTH   2.65458E+01 sec ( 85 %) 
Debug   :  ---------------------------------------
Debug   :  CPU TOTAL    3.10655E+01 sec 
Debug   :  ---------------------------------------
Debug   :  ---------------------------------------
Debug   :  CPU Report 
Debug   :  ---------------------------------------
Debug   :  CPU SWAP     2.85000E-03 sec (  0 %)
Debug   :  CPU SPLIT    1.95084E-01 sec (  4 %) 
Debug   :  CPU COLLAPS  4.19927E-01 sec (  8 %) 
Debug   :  CPU SMOOTH   4.48452E+00 sec ( 88 %) 
Debug   :  ---------------------------------------
Debug   :  CPU TOTAL    5.10238E+00 sec 
Debug   :  ---------------------------------------
Info    : 0 illegal tets 
Info    : Volume Optimization 
Info    : CombineImprove 
Info    : 1000 elements combined 
Info    : ImproveMesh 
Info    : Total badness = 191829 
Debug   :  iter   5 minL    0.486/   0.700 maxL    1.495/   1.400 -- Small/Large/Total (    49/     1/   958):      1 splits,      3 swaps,      1 collapses,     58 moves
Debug   :  iter   1 minL    0.508/   0.700 maxL    1.359/   1.400 -- Small/Large/Total (    48/     0/   846):      0 splits,      0 swaps,      0 collapses,     43 moves
Debug   :  iter   1 minL    0.502/   0.700 maxL    1.355/   1.400 -- Small/Large/Total (    40/     0/   985):      0 splits,      0 swaps,      0 collapses,     32 moves
Debug   :  ---------------------------------------
Debug   :  CPU Report 
Debug   :  ---------------------------------------
Debug   :  CPU SWAP     3.92000E-04 sec (  0 %)
Debug   :  CPU SPLIT    7.12480E-02 sec (  1 %) 
Debug   :  CPU COLLAPS  3.57910E-02 sec (  1 %) 
Debug   :  CPU SMOOTH   4.70604E+00 sec ( 98 %) 
Debug   :  ---------------------------------------
Debug   :  CPU TOTAL    4.81347E+00 sec 
Debug   :  ---------------------------------------
Debug   : Type 23 540 triangles generated, 235 internal nodes
Info    : Meshing surface 17 (Parametric surface, MeshAdapt)
Info    : Total badness = 182356 
Info    : SplitImprove 
Info    : badmax = 37.4816 
Info    : 3 splits performed 
Info    : ImproveMesh 
Info    : Total badness = 182371 
Debug   :  ---------------------------------------
Debug   :  CPU Report 
Debug   :  ---------------------------------------
Debug   :  CPU SWAP     4.10000E-04 sec (  0 %)
Debug   :  CPU SPLIT    8.65590E-02 sec ( 11 %) 
Debug   :  CPU COLLAPS  4.33530E-02 sec (  5 %) 
Debug   :  CPU SMOOTH   6.62547E-01 sec ( 84 %) 
Debug   :  ---------------------------------------
Debug   :  CPU TOTAL    7.92869E-01 sec 
Debug   :  ---------------------------------------
Debug   : Type 23 630 triangles generated, 276 internal nodes
Info    : Meshing surface 17 (Parametric surface, MeshAdapt)
Info    : Total badness = 181023 
Info    : SwapImprove  
Debug   :  iter   1 minL    0.234/   0.700 maxL    4.549/   1.400 -- Small/Large/Total (    55/   121/   718):    246 splits,    311 swaps,     55 collapses,    698 moves
Info    : 8215 swaps performed 
Info    : SwapImprove2  
Info    : 0 swaps performed 
Info    : ImproveMesh 
Info    : Total badness = 166246 
Debug   : Recovering 4 model edges
Debug   : Recovering 211 mesh edges (0 not recovered)
Debug   : Boundary edges recovered for surface 17
Debug   : Computing mesh size field at mesh nodes 211
Debug   : Delaunizing the initial mesh
Debug   :  iter   1 minL    0.598/   0.700 maxL    1.399/   1.400 -- Small/Large/Total (    85/     0/  3478):      0 splits,      0 swaps,      0 collapses,     20 moves
Debug   : Recovering 4 model edges
Debug   : Recovering 222 mesh edges (0 not recovered)
Debug   : Boundary edges recovered for surface 17
Debug   : Computing mesh size field at mesh nodes 222
Debug   : Delaunizing the initial mesh
Debug   : Starting to add internal nodes
Info    : Total badness = 162416 
Info    : CombineImprove 
Debug   :  iter   2 minL    0.458/   0.700 maxL    2.598/   1.400 -- Small/Large/Total (    45/     7/   928):    143 splits,     83 swaps,     73 collapses,    696 moves
Debug   : Starting to add internal nodes
Info    : 226 elements combined 
Info    : ImproveMesh 
Info    : Total badness = 160411 
Debug   :  ---------------------------------------
Debug   :  CPU Report 
Debug   :  ---------------------------------------
Debug   :  CPU SWAP     1.51300E-03 sec (  0 %)
Debug   :  CPU SPLIT    3.12861E-01 sec ( 14 %) 
Debug   :  CPU COLLAPS  1.58772E-01 sec (  7 %) 
Debug   :  CPU SMOOTH   1.77472E+00 sec ( 79 %) 
Debug   :  ---------------------------------------
Debug   :  CPU TOTAL    2.24786E+00 sec 
Debug   :  ---------------------------------------
Debug   : Type 23 2247 triangles generated, 1017 internal nodes
Info    : Meshing surface 18 (Parametric surface, MeshAdapt)
Info    : Total badness = 159914 
Info    : SplitImprove 
Info    : badmax = 17.4263 
Debug   :  iter   6 minL    0.486/   0.700 maxL    1.365/   1.400 -- Small/Large/Total (    46/     0/   955):      1 splits,      2 swaps,      2 collapses,     64 moves
Info    : 0 splits performed 
Debug   :  iter   3 minL    0.560/   0.700 maxL    1.341/   1.400 -- Small/Large/Total (    43/     0/   937):      9 splits,      4 swaps,      6 collapses,    167 moves
Info    : ImproveMesh 
Info    : Total badness = 159914 
Debug   : Recovering 4 model edges
Debug   : Recovering 74 mesh edges (0 not recovered)
Debug   : Boundary edges recovered for surface 18
Debug   : Computing mesh size field at mesh nodes 74
Debug   : Delaunizing the initial mesh
Debug   : Starting to add internal nodes
Info    : Total badness = 159826 
Info    : SwapImprove  
Info    : 1117 swaps performed 
Info    : SwapImprove2  
Debug   :  iter   4 minL    0.560/   0.700 maxL    1.341/   1.400 -- Small/Large/Total (    42/     0/   934):      0 splits,      0 swaps,      1 collapses,     42 moves
Info    : 0 swaps performed 
Info    : ImproveMesh 
Info    : Total badness = 158990 
Info    : Total badness = 158351 
Info    : CombineImprove 
Debug   :  iter   5 minL    0.560/   0.700 maxL    1.363/   1.400 -- Small/Large/Total (    42/     0/   931):      0 splits,      0 swaps,      1 collapses,     33 moves
Info    : 62 elements combined 
Info    : ImproveMesh 
Info    : Total badness = 157829 
Info    : Total badness = 157722 
Info    : SplitImprove 
Info    : badmax = 17.5752 
Info    : 0 splits performed 
Info    : ImproveMesh 
Info    : Total badness = 157722 
Debug   :  iter   1 minL    0.409/   0.700 maxL    3.417/   1.400 -- Small/Large/Total (    53/   105/   706):    246 splits,    301 swaps,     59 collapses,    677 moves
Info    : Total badness = 157699 
Info    : SwapImprove  
Debug   :  iter   6 minL    0.560/   0.700 maxL    1.363/   1.400 -- Small/Large/Total (    42/     0/   931):      0 splits,      0 swaps,      0 collapses,     16 moves
Debug   :  ---------------------------------------
Debug   :  CPU Report 
Debug   :  ---------------------------------------
Debug   :  CPU SWAP     2.78300E-03 sec (  0 %)
Debug   :  CPU SPLIT    2.02525E-01 sec (  3 %) 
Debug   :  CPU COLLAPS  4.02132E-01 sec (  6 %) 
Debug   :  CPU SMOOTH   5.79197E+00 sec ( 91 %) 
Debug   :  ---------------------------------------
Debug   :  CPU TOTAL    6.39941E+00 sec 
Debug   :  ---------------------------------------
Info    : 354 swaps performed 
Info    : SwapImprove2  
Debug   :  iter   7 minL    0.486/   0.700 maxL    1.365/   1.400 -- Small/Large/Total (    46/     0/   955):      0 splits,      0 swaps,      0 collapses,     13 moves
Info    : 0 swaps performed 
Info    : ImproveMesh 
Info    : Total badness = 157533 
Debug   :  ---------------------------------------
Debug   :  CPU Report 
Debug   :  ---------------------------------------
Debug   :  CPU SWAP     3.46400E-03 sec (  0 %)
Debug   :  CPU SPLIT    2.72135E-01 sec (  1 %) 
Debug   :  CPU COLLAPS  5.09061E-01 sec (  2 %) 
Debug   :  CPU SMOOTH   2.40015E+01 sec ( 97 %) 
Debug   :  ---------------------------------------
Debug   :  CPU TOTAL    2.47861E+01 sec 
Debug   :  ---------------------------------------
Debug   :  iter   2 minL    0.490/   0.700 maxL    1.996/   1.400 -- Small/Large/Total (    43/     5/   895):    118 splits,     70 swaps,     55 collapses,    654 moves
Info    : Total badness = 157325 
Debug   :  iter   1 minL    0.361/   0.700 maxL    4.819/   1.400 -- Small/Large/Total (   162/   631/  2483):    820 splits,    736 swaps,    132 collapses,   2138 moves
Debug   :  iter   1 minL    0.560/   0.700 maxL    1.363/   1.400 -- Small/Large/Total (    41/     0/   931):      0 splits,      0 swaps,      0 collapses,     10 moves
Debug   :  ---------------------------------------
Debug   :  CPU Report 
Debug   :  ---------------------------------------
Debug   :  CPU SWAP     3.81000E-04 sec (  0 %)
Debug   :  CPU SPLIT    7.43870E-02 sec (  9 %) 
Debug   :  CPU COLLAPS  3.72930E-02 sec (  5 %) 
Debug   :  CPU SMOOTH   7.14858E-01 sec ( 86 %) 
Debug   :  ---------------------------------------
Debug   :  CPU TOTAL    8.26919E-01 sec 
Debug   :  ---------------------------------------
Debug   : Type 23 596 triangles generated, 262 internal nodes
Info    : Meshing surface 17 (Parametric surface, MeshAdapt)
Debug   :  iter   3 minL    0.534/   0.700 maxL    1.464/   1.400 -- Small/Large/Total (    38/     1/   895):     10 splits,      9 swaps,     10 collapses,    250 moves
Debug   :  iter   1 minL    0.298/   0.700 maxL    3.859/   1.400 -- Small/Large/Total (   246/   872/  2643):    873 splits,    688 swaps,    139 collapses,   2279 moves
Debug   :  iter   4 minL    0.534/   0.700 maxL    1.336/   1.400 -- Small/Large/Total (    36/     0/   895):      1 splits,      1 swaps,      1 collapses,    104 moves
Debug   : Recovering 4 model edges
Debug   : Recovering 210 mesh edges (0 not recovered)
Debug   : Boundary edges recovered for surface 17
Debug   : Computing mesh size field at mesh nodes 210
Debug   : Delaunizing the initial mesh
Debug   :  iter   5 minL    0.534/   0.700 maxL    1.336/   1.400 -- Small/Large/Total (    35/     0/   895):      0 splits,      0 swaps,      0 collapses,     66 moves
Info    : dtOptimizeMeshGRegion()() volume 1
Info    : dtOptimizeMeshGRegion()() volume 1 : Optimize gmsh
Info    : Optimizing volume 1
Debug   : Starting to add internal nodes
Info    : Optimization starts (volume = 2.04048) with worst = 0.269142 / average = 0.843359:
Info    : 0.00 < quality < 0.10 :         0 elements
Info    : 0.10 < quality < 0.20 :         0 elements
Info    : 0.20 < quality < 0.30 :         2 elements
Info    : 0.30 < quality < 0.40 :        23 elements
Info    : 0.40 < quality < 0.50 :       173 elements
Info    : 0.50 < quality < 0.60 :      1670 elements
Info    : 0.60 < quality < 0.70 :      8429 elements
Info    : 0.70 < quality < 0.80 :     24906 elements
Info    : 0.80 < quality < 0.90 :     51516 elements
Info    : 0.90 < quality < 1.00 :     39494 elements
Info    : 2 edge swaps, 0 node relocations (volume = 2.04048): worst = 0.279077 / average = 0.843355 (Wall 0.0227645s, CPU 0.022711s)
Info    : 3 edge swaps, 0 node relocations (volume = 2.04048): worst = 0.304145 / average = 0.843355 (Wall 0.0324902s, CPU 0.032417s)
Debug   :  ---------------------------------------
Debug   :  CPU Report 
Debug   :  ---------------------------------------
Debug   :  CPU SWAP     2.28700E-03 sec (  0 %)
Debug   :  CPU SPLIT    1.76443E-01 sec (  4 %) 
Debug   :  CPU COLLAPS  3.54935E-01 sec (  7 %) 
Debug   :  CPU SMOOTH   4.47854E+00 sec ( 89 %) 
Debug   :  ---------------------------------------
Debug   :  CPU TOTAL    5.01220E+00 sec 
Debug   :  ---------------------------------------
Info    : No ill-shaped tets in the mesh :-)
Info    : 0.00 < quality < 0.10 :         0 elements
Info    : 0.10 < quality < 0.20 :         0 elements
Info    : 0.20 < quality < 0.30 :         0 elements
Info    : 0.30 < quality < 0.40 :        25 elements
Info    : 0.40 < quality < 0.50 :       175 elements
Info    : 0.50 < quality < 0.60 :      1669 elements
Info    : 0.60 < quality < 0.70 :      8431 elements
Info    : 0.70 < quality < 0.80 :     24903 elements
Info    : 0.80 < quality < 0.90 :     51517 elements
Info    : 0.90 < quality < 1.00 :     39494 elements
Info    : dtOptimizeMeshGRegion()() volume 1 : Optimize netgen
Debug   :  iter   1 minL    0.486/   0.700 maxL    1.365/   1.400 -- Small/Large/Total (    46/     0/   955):      0 splits,      0 swaps,      0 collapses,      8 moves
Debug   :  ---------------------------------------
Debug   :  CPU Report 
Debug   :  ---------------------------------------
Debug   :  CPU SWAP     3.96000E-04 sec (  0 %)
Debug   :  CPU SPLIT    8.32910E-02 sec (  3 %) 
Debug   :  CPU COLLAPS  4.16390E-02 sec (  1 %) 
Debug   :  CPU SMOOTH   2.73130E+00 sec ( 96 %) 
Debug   :  ---------------------------------------
Debug   :  CPU TOTAL    2.85662E+00 sec 
Debug   :  ---------------------------------------
Debug   : Type 23 610 triangles generated, 266 internal nodes
Info    : Meshing surface 17 (Parametric surface, MeshAdapt)
Debug   :  iter   1 minL    0.534/   0.700 maxL    1.336/   1.400 -- Small/Large/Total (    35/     0/   895):      0 splits,      0 swaps,      0 collapses,     58 moves
Debug   :  ---------------------------------------
Debug   :  CPU Report 
Debug   :  ---------------------------------------
Debug   :  CPU SWAP     3.63000E-04 sec (  0 %)
Debug   :  CPU SPLIT    7.97150E-02 sec ( 11 %) 
Debug   :  CPU COLLAPS  3.97470E-02 sec (  5 %) 
Debug   :  CPU SMOOTH   6.21659E-01 sec ( 84 %) 
Debug   :  ---------------------------------------
Debug   :  CPU TOTAL    7.41484E-01 sec 
Debug   :  ---------------------------------------
Debug   : Type 23 572 triangles generated, 250 internal nodes
Info    : Meshing surface 19 (Parametric surface, MeshAdapt)
Debug   : Recovering 6 model edges
Debug   : Recovering 60 mesh edges (0 not recovered)
Debug   : Boundary edges recovered for surface 19
Debug   : Computing mesh size field at mesh nodes 60
Debug   : Delaunizing the initial mesh
Debug   : Starting to add internal nodes
Debug   :  iter   1 minL    0.552/   0.700 maxL    1.464/   1.400 -- Small/Large/Total (    17/     1/   207):     66 splits,     34 swaps,     36 collapses,    157 moves
Debug   :  iter   2 minL    0.552/   0.700 maxL    1.349/   1.400 -- Small/Large/Total (    16/     0/   207):      1 splits,      1 swaps,      1 collapses,     28 moves
Debug   :  iter   3 minL    0.552/   0.700 maxL    1.349/   1.400 -- Small/Large/Total (    16/     0/   207):      0 splits,      0 swaps,      0 collapses,     12 moves
Debug   :  ---------------------------------------
Debug   :  CPU Report 
Debug   :  ---------------------------------------
Debug   :  CPU SWAP     2.68000E-04 sec (  0 %)
Debug   :  CPU SPLIT    6.88500E-03 sec ( 12 %) 
Debug   :  CPU COLLAPS  1.31090E-02 sec ( 22 %) 
Debug   :  CPU SMOOTH   3.80210E-02 sec ( 65 %) 
Debug   :  ---------------------------------------
Debug   :  CPU TOTAL    5.82830E-02 sec 
Debug   :  ---------------------------------------
Debug   :  iter   1 minL    0.552/   0.700 maxL    1.349/   1.400 -- Small/Large/Total (    16/     0/   207):      0 splits,      0 swaps,      0 collapses,     12 moves
Debug   :  ---------------------------------------
Debug   :  CPU Report 
Debug   :  ---------------------------------------
Debug   :  CPU SWAP     6.10000E-05 sec (  1 %)
Debug   :  CPU SPLIT    3.50700E-03 sec ( 30 %) 
Debug   :  CPU COLLAPS  1.77400E-03 sec ( 15 %) 
Debug   :  CPU SMOOTH   6.52200E-03 sec ( 55 %) 
Debug   :  ---------------------------------------
Debug   :  CPU TOTAL    1.18640E-02 sec 
Debug   :  ---------------------------------------
Debug   : Type 23 118 triangles generated, 30 internal nodes
Info    : Tetrahedrizing 13069 nodes...
Info    : Done tetrahedrizing 13077 nodes (Wall 0.233342s, CPU 0.218995s)
Debug   : Points have been tetrahedralized
Info    : Reconstructing mesh...
Info    :  - Creating surface mesh
Info    :  - Identifying boundary edges
Debug   :   26134 (39201) subfaces (segments)
Info    :  - Recovering boundary
Debug   : Statistics:
Debug   :   Input points: 13077
Debug   :   Input facets: 19
Debug   :   Input segments: 0
Debug   :  Mesh points: 13077
Debug   :   Mesh tetrahedra: 55928
Debug   :   Mesh faces: 124923
Debug   :   Mesh faces on facets: 26134
Debug   :   Mesh edges on segments: 39201
Debug   : Writing to GRegion...
Info    : Done reconstructing mesh (Wall 0.536482s, CPU 0.500619s)
Debug   : start with a non classified tet
Debug   : Recovering 4 model edges
Debug   : Recovering 219 mesh edges (0 not recovered)
Debug   : Boundary edges recovered for surface 17
Debug   : Computing mesh size field at mesh nodes 219
Debug   : Delaunizing the initial mesh
Debug   : Found 55928 tets with 19 faces (Wall 0.0528055s, CPU 0.052709s)
Info    : Found volume 1
Debug   : All 55928 tets were connected
Info    : It. 0 - 0 nodes created - worst tet radius 55.049 (nodes removed 0 0)
Info    : It. 500 - 497 nodes created - worst tet radius 2.73833 (nodes removed 0 3)
Info    : It. 1000 - 997 nodes created - worst tet radius 2.24711 (nodes removed 0 3)
Info    : It. 1500 - 1497 nodes created - worst tet radius 2.35674 (nodes removed 0 3)
Info    : It. 2000 - 1997 nodes created - worst tet radius 1.85218 (nodes removed 0 3)
Info    : It. 2500 - 2497 nodes created - worst tet radius 1.72961 (nodes removed 0 3)
Info    : It. 3000 - 2997 nodes created - worst tet radius 1.64165 (nodes removed 0 3)
Debug   : Starting to add internal nodes
Info    : It. 3500 - 3497 nodes created - worst tet radius 1.56828 (nodes removed 0 3)
Info    : It. 4000 - 3997 nodes created - worst tet radius 1.51151 (nodes removed 0 3)
Info    : It. 4500 - 4497 nodes created - worst tet radius 1.46228 (nodes removed 0 3)
Info    : It. 5000 - 4997 nodes created - worst tet radius 1.41856 (nodes removed 0 3)
Info    : It. 5500 - 5497 nodes created - worst tet radius 1.37817 (nodes removed 0 3)
Info    : It. 6000 - 5997 nodes created - worst tet radius 1.3415 (nodes removed 0 3)
Info    : It. 6500 - 6497 nodes created - worst tet radius 1.30883 (nodes removed 0 3)
Info    : It. 7000 - 6997 nodes created - worst tet radius 1.28077 (nodes removed 0 3)
Info    : It. 7500 - 7497 nodes created - worst tet radius 1.2543 (nodes removed 0 3)
Info    : It. 8000 - 7997 nodes created - worst tet radius 1.23153 (nodes removed 0 3)
Info    : It. 8500 - 8497 nodes created - worst tet radius 1.20981 (nodes removed 0 3)
Info    : It. 9000 - 8997 nodes created - worst tet radius 1.18851 (nodes removed 0 3)
Info    : It. 9500 - 9497 nodes created - worst tet radius 1.16895 (nodes removed 0 3)
Info    : It. 10000 - 9997 nodes created - worst tet radius 1.15145 (nodes removed 0 3)
Info    : It. 10500 - 10497 nodes created - worst tet radius 1.13409 (nodes removed 0 3)
Info    : It. 11000 - 10997 nodes created - worst tet radius 1.11927 (nodes removed 0 3)
Info    : It. 11500 - 11497 nodes created - worst tet radius 1.10371 (nodes removed 0 3)
Debug   :  iter   2 minL    0.473/   0.700 maxL    2.110/   1.400 -- Small/Large/Total (   178/    51/  3551):    710 splits,    404 swaps,    354 collapses,   2993 moves
Info    : It. 12000 - 11997 nodes created - worst tet radius 1.08975 (nodes removed 0 3)
Info    : It. 12500 - 12497 nodes created - worst tet radius 1.07581 (nodes removed 0 3)
Info    : It. 13000 - 12997 nodes created - worst tet radius 1.06283 (nodes removed 0 3)
Info    : It. 13500 - 13497 nodes created - worst tet radius 1.05038 (nodes removed 0 3)
Info    : It. 14000 - 13997 nodes created - worst tet radius 1.03915 (nodes removed 0 3)
Info    : It. 14500 - 14497 nodes created - worst tet radius 1.02866 (nodes removed 0 3)
Info    : It. 15000 - 14997 nodes created - worst tet radius 1.01763 (nodes removed 0 3)
Info    : It. 15500 - 15497 nodes created - worst tet radius 1.007 (nodes removed 0 3)
Info    : 3D refinement terminated (28942 nodes total):
Info    :  - 1 Delaunay cavities modified for star shapeness
Info    :  - 3 nodes could not be inserted
Info    :  - 140358 tetrahedra created in 0.88546 sec. (158514 tets/s)
Info    : 0 node relocations
Info    : dtOptimizeMeshGRegion()() volume 1
Info    : dtOptimizeMeshGRegion()() volume 1 : Optimize gmsh
Info    : Optimizing volume 1
Info    : Optimization starts (volume = 2.03352) with worst = 0.000882193 / average = 0.756738:
Info    : 0.00 < quality < 0.10 :       346 elements
Info    : 0.10 < quality < 0.20 :      1054 elements
Info    : 0.20 < quality < 0.30 :      1756 elements
Info    : 0.30 < quality < 0.40 :      2888 elements
Info    : 0.40 < quality < 0.50 :      4515 elements
Info    : 0.50 < quality < 0.60 :      8509 elements
Info    : 0.60 < quality < 0.70 :     18913 elements
Info    : 0.70 < quality < 0.80 :     35354 elements
Info    : 0.80 < quality < 0.90 :     45900 elements
Info    : 0.90 < quality < 1.00 :     21123 elements
Info    : 3114 edge swaps, 87 node relocations (volume = 2.03352): worst = 0.136776 / average = 0.770151 (Wall 0.0648355s, CPU 0.064716s)
Info    : 3153 edge swaps, 89 node relocations (volume = 2.03352): worst = 0.166776 / average = 0.770291 (Wall 0.0808163s, CPU 0.080663s)
Info    : 3154 edge swaps, 89 node relocations (volume = 2.03352): worst = 0.166776 / average = 0.770297 (Wall 0.0958247s, CPU 0.095642s)
Info    : No ill-shaped tets in the mesh :-)
Info    : 0.00 < quality < 0.10 :         0 elements
Info    : 0.10 < quality < 0.20 :         1 elements
Info    : 0.20 < quality < 0.30 :        11 elements
Info    : 0.30 < quality < 0.40 :      2809 elements
Info    : 0.40 < quality < 0.50 :      4343 elements
Info    : 0.50 < quality < 0.60 :      8485 elements
Info    : 0.60 < quality < 0.70 :     18918 elements
Info    : 0.70 < quality < 0.80 :     35642 elements
Info    : 0.80 < quality < 0.90 :     46241 elements
Info    : 0.90 < quality < 1.00 :     21104 elements
Info    : dtOptimizeMeshGRegion()() volume 1 : Optimize netgen
Info    : Extract outter faces of tetrahedra
Info    : Optimizing volume 2
Info    : CalcLocalH: 28066 Points 126214 Elements 25966 Surface Elements 
Info    : Remove Illegal Elements 
Info    : 3 illegal tets 
Info    : SplitImprove 
Info    : badmax = 14.9329 
Info    : 1 splits performed 
Info    : SwapImprove  
Info    : 0 swaps performed 
Debug   :  iter   1 minL    0.235/   0.700 maxL    3.938/   1.400 -- Small/Large/Total (   248/   891/  2466):    810 splits,    589 swaps,    127 collapses,   2005 moves
Info    : SwapImprove2  
Info    : 0 swaps performed 
Info    : 0 illegal tets 
Info    : Volume Optimization 
Info    : CombineImprove 
Info    : 12 elements combined 
Info    : ImproveMesh 
Info    : Total badness = 157229 
Info    : Total badness = 157203 
Info    : SplitImprove 
Info    : badmax = 18.9677 
Info    : 0 splits performed 
Info    : ImproveMesh 
Info    : Total badness = 157203 
Info    : Total badness = 157195 
Info    : SwapImprove  
Info    : Extract outter faces of tetrahedra
Debug   :  iter   3 minL    0.494/   0.700 maxL    1.604/   1.400 -- Small/Large/Total (   119/    15/  3527):     55 splits,     34 swaps,     63 collapses,    943 moves
Info    : 137 swaps performed 
Info    : SwapImprove2  
Info    : Optimizing volume 2
Info    : CalcLocalH: 28942 Points 137554 Elements 26134 Surface Elements 
Info    : Remove Illegal Elements 
Info    : 995 illegal tets 
Info    : SplitImprove 
Info    : badmax = 38.5564 
Info    : 0 swaps performed 
Info    : ImproveMesh 
Info    : 189 splits performed 
Info    : Total badness = 157136 
Info    : SwapImprove  
Info    : 174 swaps performed 
Info    : SwapImprove2  
Info    : 16 swaps performed 
Info    : 506 illegal tets 
Info    : SplitImprove 
Info    : badmax = 103.453 
Info    : 125 splits performed 
Info    : SwapImprove  
Info    : 60 swaps performed 
Info    : SwapImprove2  
Debug   :  iter   2 minL    0.441/   0.700 maxL    1.871/   1.400 -- Small/Large/Total (   189/    42/  3762):    929 splits,    462 swaps,    556 collapses,   3658 moves
Info    : 33 swaps performed 
Info    : 91 illegal tets 
Info    : SplitImprove 
Info    : badmax = 1989.09 
Info    : 33 splits performed 
Info    : SwapImprove  
Info    : 8 swaps performed 
Info    : SwapImprove2  
Info    : Total badness = 157056 
Info    : CombineImprove 
Info    : 11 swaps performed 
Info    : 7 illegal tets 
Info    : SplitImprove 
Info    : badmax = 2637.61 
Info    : 3 splits performed 
Info    : SwapImprove  
Info    : 1 swaps performed 
Info    : SwapImprove2  
Info    : 0 swaps performed 
Info    : 3 illegal tets 
Info    : SplitImprove 
Info    : badmax = 764.863 
Info    : 1 splits performed 
Info    : SwapImprove  
Info    : 0 swaps performed 
Info    : SwapImprove2  
Info    : 0 swaps performed 
Info    : 0 illegal tets 
Info    : Volume Optimization 
Info    : CombineImprove 
Info    : 9 elements combined 
Info    : ImproveMesh 
Info    : Total badness = 156976 
Info    : Total badness = 156961 
Info    : SplitImprove 
Info    : badmax = 17.3263 
Info    : 1036 elements combined 
Info    : ImproveMesh 
Info    : 0 splits performed 
Info    : Total badness = 190480 
Info    : ImproveMesh 
Info    : Total badness = 156961 
Info    : Total badness = 156957 
Info    : SwapImprove  
Debug   :  iter   1 minL    0.225/   0.700 maxL    5.905/   1.400 -- Small/Large/Total (   284/   813/  2646):    856 splits,    630 swaps,    119 collapses,   2221 moves
Info    : Total badness = 181166 
Info    : SplitImprove 
Info    : badmax = 21.3087 
Info    : 0 splits performed 
Info    : ImproveMesh 
Info    : 61 swaps performed 
Info    : Total badness = 181166 
Info    : SwapImprove2  
Info    : 0 swaps performed 
Info    : ImproveMesh 
Info    : Total badness = 156938 
Debug   :  iter   4 minL    0.471/   0.700 maxL    1.575/   1.400 -- Small/Large/Total (   124/     8/  3539):     16 splits,     16 swaps,     12 collapses,    375 moves
Info    : Total badness = 179885 
Info    : SwapImprove  
Info    : Total badness = 156900 
Info    : CombineImprove 
Info    : 8099 swaps performed 
Info    : SwapImprove2  
Info    : 3 elements combined 
Info    : ImproveMesh 
Info    : Total badness = 156875 
Info    : Total badness = 156869 
Info    : SplitImprove 
Info    : badmax = 14.9329 
Info    : 0 splits performed 
Info    : 0 swaps performed 
Info    : ImproveMesh 
Info    : ImproveMesh 
Info    : Total badness = 156869 
Info    : Total badness = 165647 
Info    : Total badness = 156867 
Info    : SwapImprove  
Info    : Total badness = 161817 
Info    : CombineImprove 
Info    : 31 swaps performed 
Info    : SwapImprove2  
Debug   :  iter   3 minL    0.497/   0.700 maxL    1.585/   1.400 -- Small/Large/Total (   146/    18/  3768):     49 splits,     40 swaps,     47 collapses,   1027 moves
Info    : 229 elements combined 
Info    : ImproveMesh 
Info    : Total badness = 159792 
Info    : 0 swaps performed 
Info    : ImproveMesh 
Info    : Total badness = 156842 
Info    : Total badness = 156824 
Info    : Total badness = 159302 
Info    : SplitImprove 
Info    : badmax = 19.4007 
Info    : 0 splits performed 
Info    : ImproveMesh 
Info    : Total badness = 159302 
Debug   :  iter   5 minL    0.471/   0.700 maxL    1.649/   1.400 -- Small/Large/Total (   111/    11/  3539):     11 splits,      7 swaps,     11 collapses,    218 moves
Info    : Total badness = 159217 
Info    : SwapImprove  
Info    : 1236 swaps performed 
Info    : SwapImprove2  
Debug   :  iter   2 minL    0.464/   0.700 maxL    1.979/   1.400 -- Small/Large/Total (   259/    41/  3747):    987 splits,    634 swaps,    560 collapses,   3688 moves
Info    : 0 swaps performed 
Info    : ImproveMesh 
Info    : Total badness = 158260 
Info    : Total badness = 157532 
Info    : CombineImprove 
Info    : 58 elements combined 
Info    : ImproveMesh 
Info    : Total badness = 157060 
Info    : Total badness = 156956 
Info    : SplitImprove 
Info    : badmax = 17.1419 
Info    : 0 splits performed 
Info    : ImproveMesh 
Info    : Total badness = 156956 
Debug   :  iter   4 minL    0.497/   0.700 maxL    2.071/   1.400 -- Small/Large/Total (   135/    14/  3771):     22 splits,     23 swaps,     21 collapses,    487 moves
Debug   :  iter   6 minL    0.471/   0.700 maxL    1.398/   1.400 -- Small/Large/Total (   109/     0/  3557):     12 splits,      6 swaps,      6 collapses,    162 moves
Info    : Total badness = 156933 
Info    : SwapImprove  
Info    : dtOptimizeMeshGRegion()() volume 1
Info    : dtOptimizeMeshGRegion()() volume 1 : Optimize gmsh
Info    : Optimizing volume 1
Info    : Optimization starts (volume = 2.04048) with worst = 0.306361 / average = 0.844386:
Info    : 0.00 < quality < 0.10 :         0 elements
Info    : 0.10 < quality < 0.20 :         0 elements
Info    : 0.20 < quality < 0.30 :         0 elements
Info    : 0.30 < quality < 0.40 :        19 elements
Info    : 0.40 < quality < 0.50 :       161 elements
Info    : 0.50 < quality < 0.60 :      1571 elements
Info    : 0.60 < quality < 0.70 :      8253 elements
Info    : 0.70 < quality < 0.80 :     24669 elements
Info    : 0.80 < quality < 0.90 :     51451 elements
Info    : 0.90 < quality < 1.00 :     39909 elements
Info    : No ill-shaped tets in the mesh :-)
Info    : 0.00 < quality < 0.10 :         0 elements
Info    : 0.10 < quality < 0.20 :         0 elements
Info    : 0.20 < quality < 0.30 :         0 elements
Info    : 0.30 < quality < 0.40 :        19 elements
Info    : 0.40 < quality < 0.50 :       161 elements
Info    : 0.50 < quality < 0.60 :      1571 elements
Info    : 0.60 < quality < 0.70 :      8253 elements
Info    : 0.70 < quality < 0.80 :     24669 elements
Info    : 0.80 < quality < 0.90 :     51451 elements
Info    : 0.90 < quality < 1.00 :     39909 elements
Info    : dtOptimizeMeshGRegion()() volume 1 : Optimize netgen
Info    : 355 swaps performed 
Info    : SwapImprove2  
Info    : 0 swaps performed 
Info    : ImproveMesh 
Info    : Total badness = 156792 
Info    : Total badness = 156581 
Debug   :  iter   2 minL    0.420/   0.700 maxL    3.177/   1.400 -- Small/Large/Total (   229/    42/  3735):    915 splits,    547 swaps,    552 collapses,   3617 moves
Debug   :  iter   3 minL    0.490/   0.700 maxL    1.558/   1.400 -- Small/Large/Total (   174/    10/  3690):     51 splits,     40 swaps,     70 collapses,   1131 moves
Info    : Extract outter faces of tetrahedra
Debug   :  iter   7 minL    0.471/   0.700 maxL    1.398/   1.400 -- Small/Large/Total (   106/     0/  3551):      0 splits,      1 swaps,      2 collapses,     78 moves
Info    : Optimizing volume 2
Info    : CalcLocalH: 28043 Points 126033 Elements 25966 Surface Elements 
Info    : Remove Illegal Elements 
Debug   :  iter   5 minL    0.497/   0.700 maxL    1.531/   1.400 -- Small/Large/Total (   135/     5/  3765):     14 splits,     16 swaps,     16 collapses,    315 moves
Info    : 0 illegal tets 
Info    : Volume Optimization 
Info    : CombineImprove 
Info    : 2 elements combined 
Info    : ImproveMesh 
Info    : Total badness = 156809 
Info    : Total badness = 156806 
Info    : SplitImprove 
Info    : badmax = 14.9329 
Info    : 0 splits performed 
Info    : ImproveMesh 
Info    : Total badness = 156806 
Info    : dtOptimizeMeshGRegion()() volume 1
Info    : dtOptimizeMeshGRegion()() volume 1 : Optimize gmsh
Info    : Optimizing volume 1
Info    : Total badness = 156805 
Info    : SwapImprove  
Info    : Optimization starts (volume = 2.03352) with worst = 0.232657 / average = 0.842336:
Info    : 0.00 < quality < 0.10 :         0 elements
Info    : 0.10 < quality < 0.20 :         0 elements
Info    : 0.20 < quality < 0.30 :         4 elements
Info    : 0.30 < quality < 0.40 :        24 elements
Info    : 0.40 < quality < 0.50 :       191 elements
Info    : 0.50 < quality < 0.60 :      1745 elements
Info    : 0.60 < quality < 0.70 :      8498 elements
Info    : 0.70 < quality < 0.80 :     25238 elements
Info    : 0.80 < quality < 0.90 :     50688 elements
Info    : 0.90 < quality < 1.00 :     39063 elements
Info    : 3 edge swaps, 1 node relocations (volume = 2.03352): worst = 0.289145 / average = 0.84235 (Wall 0.0225759s, CPU 0.022523s)
Info    : 4 edge swaps, 1 node relocations (volume = 2.03352): worst = 0.289145 / average = 0.842343 (Wall 0.032284s, CPU 0.032212s)
Info    : No ill-shaped tets in the mesh :-)
Info    : 0.00 < quality < 0.10 :         0 elements
Info    : 0.10 < quality < 0.20 :         0 elements
Info    : 0.20 < quality < 0.30 :         1 elements
Info    : 0.30 < quality < 0.40 :        27 elements
Info    : 0.40 < quality < 0.50 :       192 elements
Info    : 0.50 < quality < 0.60 :      1738 elements
Info    : 0.60 < quality < 0.70 :      8495 elements
Info    : 0.70 < quality < 0.80 :     25238 elements
Info    : 0.80 < quality < 0.90 :     50692 elements
Info    : 0.90 < quality < 1.00 :     39064 elements
Info    : dtOptimizeMeshGRegion()() volume 1 : Optimize netgen
Info    : 14 swaps performed 
Info    : SwapImprove2  
Info    : 0 swaps performed 
Info    : ImproveMesh 
Info    : Total badness = 156803 
Debug   :  iter   3 minL    0.390/   0.700 maxL    1.905/   1.400 -- Small/Large/Total (   123/    22/  3681):     48 splits,     42 swaps,     66 collapses,   1043 moves
Info    : Total badness = 156793 
Info    : CombineImprove 
Debug   :  iter   8 minL    0.471/   0.700 maxL    1.398/   1.400 -- Small/Large/Total (   108/     0/  3551):      0 splits,      0 swaps,      0 collapses,     72 moves
Info    : 0 elements combined 
Info    : ImproveMesh 
Info    : Total badness = 156793 
Info    : Total badness = 156792 
Info    : SplitImprove 
Info    : badmax = 14.9329 
Info    : 0 splits performed 
Debug   :  iter   4 minL    0.515/   0.700 maxL    1.626/   1.400 -- Small/Large/Total (   156/    15/  3651):     11 splits,     16 swaps,     24 collapses,    511 moves
Info    : ImproveMesh 
Info    : Total badness = 156792 
Info    : Total badness = 156792 
Info    : SwapImprove  
Debug   :  iter   6 minL    0.497/   0.700 maxL    1.475/   1.400 -- Small/Large/Total (   123/     3/  3753):      6 splits,      7 swaps,     10 collapses,    220 moves
Info    : 6 swaps performed 
Debug   :  ---------------------------------------
Debug   :  CPU Report 
Debug   :  ---------------------------------------
Debug   :  CPU SWAP     1.48140E-02 sec (  0 %)
Debug   :  CPU SPLIT    1.12745E+00 sec (  5 %) 
Debug   :  CPU COLLAPS  2.02309E+00 sec (  9 %) 
Debug   :  CPU SMOOTH   1.91123E+01 sec ( 86 %) 
Debug   :  ---------------------------------------
Debug   :  CPU TOTAL    2.22776E+01 sec 
Debug   :  ---------------------------------------
Info    : SwapImprove2  
Info    : 0 swaps performed 
Info    : ImproveMesh 
Info    : Total badness = 156789 
Info    : Total badness = 156786 
Info    : CombineImprove 
Info    : 0 elements combined 
Info    : ImproveMesh 
Info    : Total badness = 156786 
Info    : Total badness = 156785 
Info    : SplitImprove 
Info    : badmax = 14.9329 
Info    : 0 splits performed 
Info    : ImproveMesh 
Info    : Total badness = 156785 
Debug   :  iter   4 minL    0.390/   0.700 maxL    1.630/   1.400 -- Small/Large/Total (   117/     9/  3684):     23 splits,     18 swaps,     22 collapses,    440 moves
Info    : Total badness = 156785 
Info    : SwapImprove  
Info    : Extract outter faces of tetrahedra
Info    : 7 swaps performed 
Info    : SwapImprove2  
Info    : Optimizing volume 2
Info    : CalcLocalH: 27970 Points 125450 Elements 26134 Surface Elements 
Info    : Remove Illegal Elements 
Info    : 4 illegal tets 
Info    : SplitImprove 
Info    : badmax = 17.1419 
Info    : 2 splits performed 
Info    : SwapImprove  
Info    : 0 swaps performed 
Info    : SwapImprove2  
Info    : 0 swaps performed 
Info    : 0 illegal tets 
Info    : Volume Optimization 
Info    : CombineImprove 
Info    : 0 swaps performed 
Info    : ImproveMesh 
Debug   :  iter   5 minL    0.515/   0.700 maxL    1.664/   1.400 -- Small/Large/Total (   147/     9/  3651):     16 splits,     21 swaps,     16 collapses,    354 moves
Info    : Total badness = 156781 
Info    : Total badness = 156777 
Debug   :  iter   7 minL    0.497/   0.700 maxL    1.515/   1.400 -- Small/Large/Total (   125/     2/  3753):      3 splits,      2 swaps,      3 collapses,    135 moves
Info    : 22 elements combined 
Info    : ImproveMesh 
Info    : Total badness = 156417 
Debug   :  iter   1 minL    0.471/   0.700 maxL    1.398/   1.400 -- Small/Large/Total (   108/     0/  3551):      0 splits,      0 swaps,      0 collapses,     40 moves
Info    : Total badness = 156381 
Info    : SplitImprove 
Info    : badmax = 17.1419 
Info    : 0 splits performed 
Info    : ImproveMesh 
Info    : Total badness = 156381 
Info    : Total badness = 156372 
Info    : SwapImprove  
Debug   :  ---------------------------------------
Debug   :  CPU Report 
Debug   :  ---------------------------------------
Debug   :  CPU SWAP     1.73900E-03 sec (  0 %)
Debug   :  CPU SPLIT    3.11053E-01 sec ( 14 %) 
Debug   :  CPU COLLAPS  1.55411E-01 sec (  7 %) 
Debug   :  CPU SMOOTH   1.72579E+00 sec ( 79 %) 
Debug   :  ---------------------------------------
Debug   :  CPU TOTAL    2.19399E+00 sec 
Debug   :  ---------------------------------------
Debug   : Type 23 2297 triangles generated, 1044 internal nodes
Info    : 142 swaps performed 
Info    : SwapImprove2  
Info    : Meshing surface 18 (Parametric surface, MeshAdapt)
Debug   :  iter   5 minL    0.390/   0.700 maxL    1.393/   1.400 -- Small/Large/Total (   117/     0/  3666):     11 splits,     11 swaps,     17 collapses,    284 moves
Info    : 0 swaps performed 
Info    : ImproveMesh 
Info    : Total badness = 156304 
Debug   : Recovering 4 model edges
Debug   : Recovering 71 mesh edges (0 not recovered)
Debug   : Boundary edges recovered for surface 18
Debug   : Computing mesh size field at mesh nodes 71
Debug   : Delaunizing the initial mesh
Info    : Total badness = 156216 
Info    : CombineImprove 
Debug   : Starting to add internal nodes
Info    : 7 elements combined 
Info    : ImproveMesh 
Info    : Total badness = 156159 
Info    : Total badness = 156147 
Info    : SplitImprove 
Info    : badmax = 17.1419 
Debug   :  iter   6 minL    0.515/   0.700 maxL    1.503/   1.400 -- Small/Large/Total (   150/     3/  3660):      9 splits,     10 swaps,      6 collapses,    236 moves
Info    : 0 splits performed 
Info    : ImproveMesh 
Info    : Total badness = 156147 
Info    : Total badness = 156143 
Info    : SwapImprove  
Debug   :  iter   8 minL    0.497/   0.700 maxL    1.399/   1.400 -- Small/Large/Total (   125/     0/  3753):      2 splits,      0 swaps,      2 collapses,     93 moves
Info    : 68 swaps performed 
Info    : SwapImprove2  
Info    : Meshing order 2 (curvilinear off)...
Info    : [  0%] Meshing curve 1 order 2
Info    : [ 10%] Meshing curve 2 order 2
Info    : [ 10%] Meshing curve 3 order 2
Info    : [ 10%] Meshing curve 4 order 2
Info    : [ 10%] Meshing curve 5 order 2
Info    : [ 10%] Meshing curve 6 order 2
Info    : [ 10%] Meshing curve 7 order 2
Info    : [ 20%] Meshing curve 8 order 2
Info    : [ 20%] Meshing curve 9 order 2
Info    : [ 20%] Meshing curve 10 order 2
Info    : [ 20%] Meshing curve 11 order 2
Info    : [ 20%] Meshing curve 12 order 2
Info    : [ 20%] Meshing curve 13 order 2
Info    : [ 30%] Meshing curve 14 order 2
Info    : [ 30%] Meshing curve 15 order 2
Info    : [ 30%] Meshing curve 16 order 2
Info    : [ 30%] Meshing curve 17 order 2
Info    : [ 30%] Meshing curve 18 order 2
Info    : [ 30%] Meshing curve 19 order 2
Info    : [ 40%] Meshing curve 20 order 2
Info    : [ 40%] Meshing curve 21 order 2
Info    : [ 40%] Meshing curve 22 order 2
Info    : [ 40%] Meshing curve 23 order 2
Info    : [ 40%] Meshing curve 24 order 2
Info    : [ 40%] Meshing curve 25 order 2
Info    : [ 50%] Meshing curve 26 order 2
Info    : [ 50%] Meshing curve 27 order 2
Info    : [ 50%] Meshing curve 28 order 2
Info    : [ 50%] Meshing curve 29 order 2
Info    : [ 50%] Meshing curve 30 order 2
Info    : [ 50%] Meshing curve 31 order 2
Info    : [ 60%] Meshing curve 32 order 2
Info    : [ 60%] Meshing curve 33 order 2
Info    : [ 60%] Meshing curve 34 order 2
Info    : [ 60%] Meshing curve 35 order 2
Info    : [ 60%] Meshing curve 36 order 2
Info    : [ 60%] Meshing curve 37 order 2
Info    : [ 60%] Meshing curve 38 order 2
Info    : [ 70%] Meshing curve 39 order 2
Info    : [ 70%] Meshing curve 40 order 2
Info    : [ 70%] Meshing curve 41 order 2
Info    : [ 70%] Meshing curve 42 order 2
Info    : [ 70%] Meshing surface 1 order 2
Info    : [ 70%] Meshing surface 2 order 2
Info    : [ 80%] Meshing surface 3 order 2
Info    : [ 80%] Meshing surface 4 order 2
Info    : [ 80%] Meshing surface 5 order 2
Info    : [ 80%] Meshing surface 6 order 2
Info    : [ 80%] Meshing surface 7 order 2
Info    : [ 80%] Meshing surface 8 order 2
Info    : [ 90%] Meshing surface 9 order 2
Info    : [ 90%] Meshing surface 10 order 2
Info    : [ 90%] Meshing surface 11 order 2
Info    : [ 90%] Meshing surface 12 order 2
Info    : [ 90%] Meshing surface 13 order 2
Info    : [ 90%] Meshing surface 14 order 2
Info    : [100%] Meshing surface 15 order 2
Info    : [100%] Meshing surface 16 order 2
Info    : [100%] Meshing surface 17 order 2
Info    : [100%] Meshing surface 18 order 2
Info    : [100%] Meshing surface 19 order 2
Info    : [100%] Meshing volume 1 order 2
Info    : 0 swaps performed 
Info    : ImproveMesh 
Info    : Total badness = 156108 
Debug   :  iter   6 minL    0.390/   0.700 maxL    1.637/   1.400 -- Small/Large/Total (   105/     2/  3657):      0 splits,      4 swaps,      3 collapses,    177 moves
Info    : Total badness = 156063 
Info    : CombineImprove 
Info    : Done meshing order 2 (Wall 0.770274s, CPU 0.739666s)
Info    : 4 elements combined 
Info    : ImproveMesh 
Info    : Total badness = 156029 
Debug   : Renumbering for potentially partial mesh save
Info    : Total badness = 156022 
Info    : SplitImprove 
Info    : badmax = 17.1419 
Info    : 0 splits performed 
Info    : ImproveMesh 
Info    : Total badness = 156022 
Info    : Total badness = 156021 
Info    : SwapImprove  
Info    : 47 swaps performed 
Info    : SwapImprove2  
Debug   :  iter   7 minL    0.515/   0.700 maxL    1.603/   1.400 -- Small/Large/Total (   149/     1/  3663):      3 splits,      1 swaps,      2 collapses,    129 moves
Info    : 0 swaps performed 
Info    : ImproveMesh 
Info    : Total badness = 156002 
Debug   :  iter   9 minL    0.497/   0.700 maxL    1.399/   1.400 -- Small/Large/Total (   125/     0/  3753):      0 splits,      0 swaps,      0 collapses,     72 moves
Info    : Total badness = 155974 
Debug   :  iter   7 minL    0.390/   0.700 maxL    1.452/   1.400 -- Small/Large/Total (   105/     2/  3654):      2 splits,      0 swaps,      3 collapses,     94 moves
[dtoo] mesh written: /repo/data/dataset/sobol/machine_0020/mesh.msh.part
[sampler] machine_0020 mesh OK
Debug   :  ---------------------------------------
Debug   :  CPU Report 
Debug   :  ---------------------------------------
Debug   :  CPU SWAP     1.98730E-02 sec (  0 %)
Debug   :  CPU SPLIT    1.35172E+00 sec (  5 %) 
Debug   :  CPU COLLAPS  2.51049E+00 sec (  8 %) 
Debug   :  CPU SMOOTH   2.57963E+01 sec ( 87 %) 
Debug   :  ---------------------------------------
Debug   :  CPU TOTAL    2.96783E+01 sec 
Debug   :  ---------------------------------------
Debug   :  iter   8 minL    0.515/   0.700 maxL    1.430/   1.400 -- Small/Large/Total (   148/     1/  3660):      1 splits,      2 swaps,      2 collapses,     87 moves
Info    : dtOptimizeMeshGRegion()() volume 1
Info    : dtOptimizeMeshGRegion()() volume 1 : Optimize gmsh
Info    : Optimizing volume 1
Info    : Optimization starts (volume = 2.03352) with worst = 0.289145 / average = 0.843562:
Info    : 0.00 < quality < 0.10 :         0 elements
Info    : 0.10 < quality < 0.20 :         0 elements
Info    : 0.20 < quality < 0.30 :         1 elements
Info    : 0.30 < quality < 0.40 :        15 elements
Info    : 0.40 < quality < 0.50 :       156 elements
Info    : 0.50 < quality < 0.60 :      1656 elements
Info    : 0.60 < quality < 0.70 :      8253 elements
Info    : 0.70 < quality < 0.80 :     25063 elements
Info    : 0.80 < quality < 0.90 :     50586 elements
Info    : 0.90 < quality < 1.00 :     39498 elements
Info    : No ill-shaped tets in the mesh :-)
Info    : 0.00 < quality < 0.10 :         0 elements
Info    : 0.10 < quality < 0.20 :         0 elements
Info    : 0.20 < quality < 0.30 :         1 elements
Info    : 0.30 < quality < 0.40 :        15 elements
Info    : 0.40 < quality < 0.50 :       156 elements
Info    : 0.50 < quality < 0.60 :      1656 elements
Info    : 0.60 < quality < 0.70 :      8253 elements
Info    : 0.70 < quality < 0.80 :     25063 elements
Info    : 0.80 < quality < 0.90 :     50586 elements
Info    : 0.90 < quality < 1.00 :     39498 elements
Info    : dtOptimizeMeshGRegion()() volume 1 : Optimize netgen
Debug   :  iter   8 minL    0.390/   0.700 maxL    1.391/   1.400 -- Small/Large/Total (   105/     0/  3657):      2 splits,      0 swaps,      1 collapses,     60 moves
Debug   :  iter   1 minL    0.497/   0.700 maxL    1.399/   1.400 -- Small/Large/Total (   125/     0/  3753):      0 splits,      0 swaps,      0 collapses,     66 moves
Info    : Extract outter faces of tetrahedra
Debug   :  ---------------------------------------
Debug   :  CPU Report 
Debug   :  ---------------------------------------
Debug   :  CPU SWAP     1.67100E-03 sec (  0 %)
Debug   :  CPU SPLIT    3.29113E-01 sec ( 13 %) 
Debug   :  CPU COLLAPS  1.64395E-01 sec (  7 %) 
Debug   :  CPU SMOOTH   1.97757E+00 sec ( 80 %) 
Debug   :  ---------------------------------------
Debug   :  CPU TOTAL    2.47275E+00 sec 
Debug   :  ---------------------------------------
Debug   : Type 23 2428 triangles generated, 1104 internal nodes
Info    : Meshing surface 18 (Parametric surface, MeshAdapt)
Debug   :  iter   9 minL    0.515/   0.700 maxL    1.371/   1.400 -- Small/Large/Total (   149/     0/  3663):      1 splits,      3 swaps,      0 collapses,     65 moves
Info    : Optimizing volume 2
Info    : CalcLocalH: 27939 Points 125228 Elements 26134 Surface Elements 
Info    : Remove Illegal Elements 
Info    : 0 illegal tets 
Info    : Volume Optimization 
Info    : CombineImprove 
Debug   :  iter   9 minL    0.390/   0.700 maxL    1.391/   1.400 -- Small/Large/Total (   105/     0/  3657):      0 splits,      0 swaps,      0 collapses,     48 moves
Debug   : Recovering 4 model edges
Debug   : Recovering 82 mesh edges (0 not recovered)
Debug   : Boundary edges recovered for surface 18
Debug   : Computing mesh size field at mesh nodes 82
Debug   : Delaunizing the initial mesh
Debug   : Starting to add internal nodes
Info    : 4 elements combined 
Info    : ImproveMesh 
Info    : Total badness = 155941 
Info    : Total badness = 155935 
Info    : SplitImprove 
Info    : badmax = 17.1419 
Info    : 0 splits performed 
Info    : ImproveMesh 
Info    : Total badness = 155935 
Info    : Total badness = 155934 
Info    : SwapImprove  
Debug   :  ---------------------------------------
Debug   :  CPU Report 
Debug   :  ---------------------------------------
Debug   :  CPU SWAP     1.86770E-02 sec (  0 %)
Debug   :  CPU SPLIT    1.36703E+00 sec (  5 %) 
Debug   :  CPU COLLAPS  2.57385E+00 sec ( 10 %) 
Debug   :  CPU SMOOTH   2.19961E+01 sec ( 85 %) 
Debug   :  ---------------------------------------
Debug   :  CPU TOTAL    2.59557E+01 sec 
Debug   :  ---------------------------------------
Info    : 21 swaps performed 
Info    : SwapImprove2  
Info    : 0 swaps performed 
Info    : ImproveMesh 
Info    : Total badness = 155929 
Info    : Total badness = 155918 
Info    : CombineImprove 
Info    : 0 elements combined 
Info    : ImproveMesh 
Info    : Total badness = 155918 
Debug   :  iter   1 minL    0.331/   0.700 maxL    3.577/   1.400 -- Small/Large/Total (    73/   154/   803):    277 splits,    339 swaps,     63 collapses,    782 moves
Debug   :  iter  10 minL    0.515/   0.700 maxL    1.371/   1.400 -- Small/Large/Total (   149/     0/  3663):      0 splits,      0 swaps,      0 collapses,     45 moves
Info    : Total badness = 155917 
Info    : SplitImprove 
Info    : badmax = 17.1419 
Info    : 0 splits performed 
Info    : ImproveMesh 
Info    : Total badness = 155917 
Info    : Total badness = 155916 
Info    : SwapImprove  
Info    : 4 swaps performed 
Info    : SwapImprove2  
Debug   :  ---------------------------------------
Debug   :  CPU Report 
Debug   :  ---------------------------------------
Debug   :  CPU SWAP     2.15370E-02 sec (  0 %)
Debug   :  CPU SPLIT    1.50462E+00 sec (  5 %) 
Debug   :  CPU COLLAPS  2.78804E+00 sec (  9 %) 
Debug   :  CPU SMOOTH   2.60053E+01 sec ( 86 %) 
Debug   :  ---------------------------------------
Debug   :  CPU TOTAL    3.03195E+01 sec 
Debug   :  ---------------------------------------
Debug   :  iter   2 minL    0.453/   0.700 maxL    1.590/   1.400 -- Small/Large/Total (    54/     7/  1040):    169 splits,    115 swaps,     90 collapses,    823 moves
Info    : 0 swaps performed 
Info    : ImproveMesh 
Info    : Total badness = 155916 
Info    : Total badness = 155913 
Info    : CombineImprove 
Debug   :  iter   1 minL    0.390/   0.700 maxL    1.391/   1.400 -- Small/Large/Total (   106/     0/  3657):      0 splits,      0 swaps,      0 collapses,     45 moves
Debug   :  iter   3 minL    0.516/   0.700 maxL    1.406/   1.400 -- Small/Large/Total (    43/     1/  1043):     10 splits,      8 swaps,      9 collapses,    263 moves
Info    : 0 elements combined 
Info    : ImproveMesh 
Info    : Total badness = 155913 
Info    : Total badness = 155913 
Info    : SplitImprove 
Info    : badmax = 17.1419 
Info    : 0 splits performed 
Info    : ImproveMesh 
Info    : Total badness = 155913 
Info    : Total badness = 155912 
Info    : SwapImprove  
Debug   :  iter   4 minL    0.516/   0.700 maxL    1.397/   1.400 -- Small/Large/Total (    41/     0/  1043):      2 splits,      0 swaps,      2 collapses,     99 moves
Debug   :  ---------------------------------------
Debug   :  CPU Report 
Debug   :  ---------------------------------------
Debug   :  CPU SWAP     1.94300E-03 sec (  0 %)
Debug   :  CPU SPLIT    3.25424E-01 sec ( 15 %) 
Debug   :  CPU COLLAPS  1.61133E-01 sec (  7 %) 
Debug   :  CPU SMOOTH   1.67376E+00 sec ( 77 %) 
Debug   :  ---------------------------------------
Debug   :  CPU TOTAL    2.16226E+00 sec 
Debug   :  ---------------------------------------
Debug   : Type 23 2365 triangles generated, 1074 internal nodes
Info    : Meshing surface 18 (Parametric surface, MeshAdapt)
Info    : 6 swaps performed 
Info    : SwapImprove2  
Info    : 0 swaps performed 
Info    : ImproveMesh 
Debug   :  iter   5 minL    0.516/   0.700 maxL    1.397/   1.400 -- Small/Large/Total (    41/     0/  1040):      0 splits,      0 swaps,      1 collapses,     75 moves
Info    : Total badness = 155909 
Debug   : Recovering 4 model edges
Debug   : Recovering 78 mesh edges (0 not recovered)
Debug   : Boundary edges recovered for surface 18
Debug   : Computing mesh size field at mesh nodes 78
Debug   : Delaunizing the initial mesh
Debug   : Starting to add internal nodes
Info    : Total badness = 155906 
Debug   :  iter   6 minL    0.516/   0.700 maxL    1.397/   1.400 -- Small/Large/Total (    41/     0/  1040):      0 splits,      0 swaps,      0 collapses,     57 moves
Debug   :  iter   1 minL    0.221/   0.700 maxL    4.659/   1.400 -- Small/Large/Total (    51/    95/   682):    236 splits,    265 swaps,     55 collapses,    628 moves
Debug   :  iter   1 minL    0.515/   0.700 maxL    1.371/   1.400 -- Small/Large/Total (   149/     0/  3663):      0 splits,      0 swaps,      0 collapses,     40 moves
Debug   :  ---------------------------------------
Debug   :  CPU Report 
Debug   :  ---------------------------------------
Debug   :  CPU SWAP     3.12500E-03 sec (  0 %)
Debug   :  CPU SPLIT    2.54162E-01 sec (  5 %) 
Debug   :  CPU COLLAPS  5.06124E-01 sec ( 10 %) 
Debug   :  CPU SMOOTH   4.10413E+00 sec ( 84 %) 
Debug   :  ---------------------------------------
Debug   :  CPU TOTAL    4.86754E+00 sec 
Debug   :  ---------------------------------------
Debug   :  iter   1 minL    0.516/   0.700 maxL    1.397/   1.400 -- Small/Large/Total (    41/     0/  1040):      0 splits,      0 swaps,      0 collapses,     37 moves
Debug   :  ---------------------------------------
Debug   :  CPU Report 
Debug   :  ---------------------------------------
Debug   :  CPU SWAP     2.04800E-03 sec (  0 %)
Debug   :  CPU SPLIT    3.24827E-01 sec ( 14 %) 
Debug   :  CPU COLLAPS  1.61609E-01 sec (  7 %) 
Debug   :  CPU SMOOTH   1.90011E+00 sec ( 80 %) 
Debug   :  ---------------------------------------
Debug   :  CPU TOTAL    2.38859E+00 sec 
Debug   :  ---------------------------------------
Debug   : Type 23 2372 triangles generated, 1082 internal nodes
Debug   :  ---------------------------------------
Debug   :  CPU Report 
Debug   :  ---------------------------------------
Debug   :  CPU SWAP     4.23000E-04 sec (  0 %)
Debug   :  CPU SPLIT    9.27500E-02 sec ( 16 %) 
Debug   :  CPU COLLAPS  4.67730E-02 sec (  8 %) 
Debug   :  CPU SMOOTH   4.52528E-01 sec ( 76 %) 
Debug   :  ---------------------------------------
Debug   :  CPU TOTAL    5.92474E-01 sec 
Debug   :  ---------------------------------------
Debug   : Type 23 666 triangles generated, 293 internal nodes
Info    : Meshing surface 18 (Parametric surface, MeshAdapt)
Info    : Meshing surface 19 (Parametric surface, MeshAdapt)
Debug   : Recovering 6 model edges
Debug   : Recovering 75 mesh edges (0 not recovered)
Debug   : Boundary edges recovered for surface 19
Debug   : Computing mesh size field at mesh nodes 75
Debug   : Delaunizing the initial mesh
Debug   : Starting to add internal nodes
Debug   :  iter   1 minL    0.580/   0.700 maxL    1.978/   1.400 -- Small/Large/Total (    15/    12/   351):    121 splits,     90 swaps,     53 collapses,    292 moves
Debug   :  iter   2 minL    0.580/   0.700 maxL    1.327/   1.400 -- Small/Large/Total (     9/     0/   369):     12 splits,      4 swaps,      6 collapses,    130 moves
Debug   :  iter   3 minL    0.580/   0.700 maxL    1.327/   1.400 -- Small/Large/Total (     8/     0/   369):      0 splits,      1 swaps,      0 collapses,     71 moves
Debug   :  ---------------------------------------
Debug   :  CPU Report 
Debug   :  ---------------------------------------
Debug   :  CPU SWAP     5.32000E-04 sec (  0 %)
Debug   :  CPU SPLIT    1.25660E-02 sec ( 11 %) 
Debug   :  CPU COLLAPS  2.41740E-02 sec ( 20 %) 
Debug   :  CPU SMOOTH   8.19310E-02 sec ( 69 %) 
Debug   :  ---------------------------------------
Debug   :  CPU TOTAL    1.19203E-01 sec 
Debug   :  ---------------------------------------
Debug   :  iter   1 minL    0.580/   0.700 maxL    1.327/   1.400 -- Small/Large/Total (     8/     0/   369):      0 splits,      0 swaps,      0 collapses,     46 moves
Debug   :  ---------------------------------------
Debug   :  CPU Report 
Debug   :  ---------------------------------------
Debug   :  CPU SWAP     1.25000E-04 sec (  0 %)
Debug   :  CPU SPLIT    6.99900E-03 sec ( 25 %) 
Debug   :  CPU COLLAPS  3.66800E-03 sec ( 13 %) 
Debug   :  CPU SMOOTH   1.69740E-02 sec ( 61 %) 
Debug   :  ---------------------------------------
Debug   :  CPU TOTAL    2.77660E-02 sec 
Debug   :  ---------------------------------------
Debug   : Type 23 221 triangles generated, 74 internal nodes
Info    : Tetrahedrizing 14174 nodes...
Debug   : Recovering 4 model edges
Debug   : Recovering 72 mesh edges (0 not recovered)
Debug   : Boundary edges recovered for surface 18
Debug   : Computing mesh size field at mesh nodes 72
Debug   : Delaunizing the initial mesh
Info    : Done tetrahedrizing 14182 nodes (Wall 0.260844s, CPU 0.251402s)
Debug   : Points have been tetrahedralized
Info    : Reconstructing mesh...
Debug   : Starting to add internal nodes
Info    :  - Creating surface mesh
Info    :  - Identifying boundary edges
Debug   :   28344 (42516) subfaces (segments)
Info    :  - Recovering boundary
Debug   : Statistics:
Debug   :   Input points: 14182
Debug   :   Input facets: 19
Debug   :   Input segments: 0
Debug   :  Mesh points: 14182
Debug   :   Mesh tetrahedra: 60341
Debug   :   Mesh faces: 134854
Debug   :   Mesh faces on facets: 28344
Debug   :   Mesh edges on segments: 42516
Debug   : Writing to GRegion...
Info    : Done reconstructing mesh (Wall 0.612739s, CPU 0.575592s)
Debug   : start with a non classified tet
Debug   : Found 60341 tets with 19 faces (Wall 0.0558479s, CPU 0.055737s)
Info    : Found volume 1
Debug   : All 60341 tets were connected
Info    : It. 0 - 0 nodes created - worst tet radius 58.0545 (nodes removed 0 0)
Info    : Meshing order 2 (curvilinear off)...
Info    : [  0%] Meshing curve 1 order 2
Info    : [ 10%] Meshing curve 2 order 2
Info    : [ 10%] Meshing curve 3 order 2
Info    : [ 10%] Meshing curve 4 order 2
Info    : [ 10%] Meshing curve 5 order 2
Info    : [ 10%] Meshing curve 6 order 2
Info    : [ 10%] Meshing curve 7 order 2
Info    : [ 20%] Meshing curve 8 order 2
Info    : [ 20%] Meshing curve 9 order 2
Info    : [ 20%] Meshing curve 10 order 2
Info    : [ 20%] Meshing curve 11 order 2
Info    : [ 20%] Meshing curve 12 order 2
Info    : [ 20%] Meshing curve 13 order 2
Info    : [ 30%] Meshing curve 14 order 2
Info    : [ 30%] Meshing curve 15 order 2
Info    : [ 30%] Meshing curve 16 order 2
Info    : [ 30%] Meshing curve 17 order 2
Info    : [ 30%] Meshing curve 18 order 2
Info    : [ 30%] Meshing curve 19 order 2
Info    : [ 40%] Meshing curve 20 order 2
Info    : [ 40%] Meshing curve 21 order 2
Info    : [ 40%] Meshing curve 22 order 2
Info    : [ 40%] Meshing curve 23 order 2
Info    : [ 40%] Meshing curve 24 order 2
Info    : [ 40%] Meshing curve 25 order 2
Info    : [ 50%] Meshing curve 26 order 2
Info    : [ 50%] Meshing curve 27 order 2
Info    : [ 50%] Meshing curve 28 order 2
Info    : [ 50%] Meshing curve 29 order 2
Info    : [ 50%] Meshing curve 30 order 2
Info    : [ 50%] Meshing curve 31 order 2
Info    : [ 60%] Meshing curve 32 order 2
Info    : [ 60%] Meshing curve 33 order 2
Info    : [ 60%] Meshing curve 34 order 2
Info    : [ 60%] Meshing curve 35 order 2
Info    : [ 60%] Meshing curve 36 order 2
Info    : [ 60%] Meshing curve 37 order 2
Info    : [ 60%] Meshing curve 38 order 2
Info    : [ 70%] Meshing curve 39 order 2
Info    : [ 70%] Meshing curve 40 order 2
Info    : [ 70%] Meshing curve 41 order 2
Info    : [ 70%] Meshing curve 42 order 2
Info    : [ 70%] Meshing surface 1 order 2
Info    : [ 70%] Meshing surface 2 order 2
Info    : [ 80%] Meshing surface 3 order 2
Info    : [ 80%] Meshing surface 4 order 2
Info    : [ 80%] Meshing surface 5 order 2
Info    : [ 80%] Meshing surface 6 order 2
Info    : [ 80%] Meshing surface 7 order 2
Info    : [ 80%] Meshing surface 8 order 2
Info    : [ 90%] Meshing surface 9 order 2
Info    : [ 90%] Meshing surface 10 order 2
Info    : [ 90%] Meshing surface 11 order 2
Info    : [ 90%] Meshing surface 12 order 2
Info    : [ 90%] Meshing surface 13 order 2
Info    : [ 90%] Meshing surface 14 order 2
Info    : [100%] Meshing surface 15 order 2
Info    : [100%] Meshing surface 16 order 2
Info    : [100%] Meshing surface 17 order 2
Info    : [100%] Meshing surface 18 order 2
Info    : [100%] Meshing surface 19 order 2
Info    : [100%] Meshing volume 1 order 2
Info    : It. 500 - 499 nodes created - worst tet radius 2.77752 (nodes removed 0 1)
Info    : It. 1000 - 998 nodes created - worst tet radius 2.26595 (nodes removed 0 2)
Info    : It. 1500 - 1498 nodes created - worst tet radius 2.03744 (nodes removed 0 2)
Info    : It. 2000 - 1998 nodes created - worst tet radius 1.86995 (nodes removed 0 2)
Info    : It. 2500 - 2498 nodes created - worst tet radius 1.75562 (nodes removed 0 2)
Info    : It. 3000 - 2998 nodes created - worst tet radius 1.71729 (nodes removed 0 2)
Info    : It. 3500 - 3498 nodes created - worst tet radius 1.59006 (nodes removed 0 2)
Info    : It. 4000 - 3998 nodes created - worst tet radius 1.52889 (nodes removed 0 2)
Info    : It. 4500 - 4498 nodes created - worst tet radius 1.48218 (nodes removed 0 2)
Info    : It. 5000 - 4998 nodes created - worst tet radius 1.47643 (nodes removed 0 2)
Info    : It. 5500 - 5497 nodes created - worst tet radius 1.39616 (nodes removed 0 3)
Info    : It. 6000 - 5997 nodes created - worst tet radius 1.36148 (nodes removed 0 3)
Info    : It. 6500 - 6497 nodes created - worst tet radius 1.33125 (nodes removed 0 3)
Info    : It. 7000 - 6997 nodes created - worst tet radius 1.30114 (nodes removed 0 3)
Info    : It. 7500 - 7497 nodes created - worst tet radius 1.2761 (nodes removed 0 3)
Info    : It. 8000 - 7997 nodes created - worst tet radius 1.2505 (nodes removed 0 3)
Info    : It. 8500 - 8497 nodes created - worst tet radius 1.22795 (nodes removed 0 3)
Info    : It. 9000 - 8997 nodes created - worst tet radius 1.20631 (nodes removed 0 3)
Info    : It. 9500 - 9497 nodes created - worst tet radius 1.18598 (nodes removed 0 3)
Info    : It. 10000 - 9997 nodes created - worst tet radius 1.16781 (nodes removed 0 3)
Info    : It. 10500 - 10497 nodes created - worst tet radius 1.15052 (nodes removed 0 3)
Info    : It. 11000 - 10997 nodes created - worst tet radius 1.13316 (nodes removed 0 3)
Info    : It. 11500 - 11497 nodes created - worst tet radius 1.11873 (nodes removed 0 3)
Info    : It. 12000 - 11997 nodes created - worst tet radius 1.10498 (nodes removed 0 3)
Info    : It. 12500 - 12497 nodes created - worst tet radius 1.09093 (nodes removed 0 3)
Info    : It. 13000 - 12997 nodes created - worst tet radius 1.07736 (nodes removed 0 3)
Info    : It. 13500 - 13497 nodes created - worst tet radius 1.06592 (nodes removed 0 3)
Info    : It. 14000 - 13997 nodes created - worst tet radius 1.05332 (nodes removed 0 3)
Info    : It. 14500 - 14497 nodes created - worst tet radius 1.04204 (nodes removed 0 3)
Info    : Done meshing order 2 (Wall 0.726767s, CPU 0.725634s)
Info    : It. 15000 - 14997 nodes created - worst tet radius 1.09005 (nodes removed 0 3)
Debug   : Renumbering for potentially partial mesh save
Info    : It. 15500 - 15497 nodes created - worst tet radius 1.02252 (nodes removed 0 3)
Info    : It. 16000 - 15997 nodes created - worst tet radius 1.01308 (nodes removed 0 3)
Info    : It. 16500 - 16497 nodes created - worst tet radius 1.00354 (nodes removed 0 3)
Info    : 3D refinement terminated (30874 nodes total):
Info    :  - 7 Delaunay cavities modified for star shapeness
Info    :  - 3 nodes could not be inserted
Info    :  - 148804 tetrahedra created in 0.939689 sec. (158354 tets/s)
Info    : 0 node relocations
Debug   :  iter   1 minL    0.452/   0.700 maxL    4.320/   1.400 -- Small/Large/Total (    59/    94/   684):    241 splits,    272 swaps,     60 collapses,    635 moves
Info    : dtOptimizeMeshGRegion()() volume 1
Info    : dtOptimizeMeshGRegion()() volume 1 : Optimize gmsh
Info    : Optimizing volume 1
Info    : Optimization starts (volume = 2.05451) with worst = 0.00159364 / average = 0.756484:
Info    : 0.00 < quality < 0.10 :       369 elements
Info    : 0.10 < quality < 0.20 :      1048 elements
Info    : 0.20 < quality < 0.30 :      1820 elements
Info    : 0.30 < quality < 0.40 :      2967 elements
Info    : 0.40 < quality < 0.50 :      4857 elements
Info    : 0.50 < quality < 0.60 :      9101 elements
Info    : 0.60 < quality < 0.70 :     20197 elements
Info    : 0.70 < quality < 0.80 :     37955 elements
Info    : 0.80 < quality < 0.90 :     48386 elements
Info    : 0.90 < quality < 1.00 :     22104 elements
Debug   :  iter   2 minL    0.360/   0.700 maxL    1.967/   1.400 -- Small/Large/Total (    59/     5/   820):    106 splits,     52 swaps,     60 collapses,    559 moves
Info    : 3184 edge swaps, 90 node relocations (volume = 2.05451): worst = 0.101645 / average = 0.769406 (Wall 0.0670991s, CPU 0.066963s)
Info    : 3217 edge swaps, 93 node relocations (volume = 2.05451): worst = 0.222551 / average = 0.769533 (Wall 0.0840725s, CPU 0.083904s)
Info    : 3218 edge swaps, 93 node relocations (volume = 2.05451): worst = 0.222551 / average = 0.769531 (Wall 0.100214s, CPU 0.100009s)
Info    : No ill-shaped tets in the mesh :-)
Info    : 0.00 < quality < 0.10 :         0 elements
Info    : 0.10 < quality < 0.20 :         0 elements
Info    : 0.20 < quality < 0.30 :         6 elements
Info    : 0.30 < quality < 0.40 :      2902 elements
Info    : 0.40 < quality < 0.50 :      4686 elements
Info    : 0.50 < quality < 0.60 :      9050 elements
Info    : 0.60 < quality < 0.70 :     20214 elements
Info    : 0.70 < quality < 0.80 :     38254 elements
Info    : 0.80 < quality < 0.90 :     48822 elements
Info    : 0.90 < quality < 1.00 :     22010 elements
Info    : dtOptimizeMeshGRegion()() volume 1 : Optimize netgen
Debug   :  iter   2 minL    0.531/   0.700 maxL    2.650/   1.400 -- Small/Large/Total (    41/     7/   849):    102 splits,     42 swaps,     47 collapses,    606 moves
Debug   :  iter   3 minL    0.531/   0.700 maxL    1.369/   1.400 -- Small/Large/Total (    40/     0/   870):     14 splits,      8 swaps,      7 collapses,    263 moves
[dtoo] mesh written: /repo/data/dataset/sobol/machine_0026/mesh.msh.part
[sampler] machine_0026 mesh OK
Debug   :  iter   4 minL    0.531/   0.700 maxL    1.374/   1.400 -- Small/Large/Total (    40/     0/   870):      0 splits,      0 swaps,      0 collapses,    119 moves
Debug   :  ---------------------------------------
Debug   :  CPU Report 
Debug   :  ---------------------------------------
Debug   :  CPU SWAP     2.04800E-03 sec (  0 %)
Debug   :  CPU SPLIT    1.24128E-01 sec (  3 %) 
Debug   :  CPU COLLAPS  2.78822E-01 sec (  7 %) 
Debug   :  CPU SMOOTH   3.55166E+00 sec ( 90 %) 
Debug   :  ---------------------------------------
Debug   :  CPU TOTAL    3.95666E+00 sec 
Debug   :  ---------------------------------------
Debug   :  iter   1 minL    0.248/   0.700 maxL    4.664/   1.400 -- Small/Large/Total (    75/   103/   792):    269 splits,    296 swaps,     56 collapses,    732 moves
Info    : Extract outter faces of tetrahedra
Debug   :  iter   3 minL    0.559/   0.700 maxL    1.397/   1.400 -- Small/Large/Total (    41/     0/   811):      9 splits,      6 swaps,     12 collapses,    243 moves
Info    : Optimizing volume 2
Info    : CalcLocalH: 30874 Points 145945 Elements 28344 Surface Elements 
Info    : Remove Illegal Elements 
Info    : 1068 illegal tets 
Info    : SplitImprove 
Info    : badmax = 26.9324 
Info    : 192 splits performed 
Info    : SwapImprove  
Info    : 193 swaps performed 
Info    : SwapImprove2  
Info    : 20 swaps performed 
Info    : 592 illegal tets 
Info    : SplitImprove 
Info    : badmax = 348.262 
Info    : 130 splits performed 
Info    : SwapImprove  
Info    : 68 swaps performed 
Info    : SwapImprove2  
Debug   :  iter   1 minL    0.531/   0.700 maxL    1.374/   1.400 -- Small/Large/Total (    41/     0/   870):      0 splits,      0 swaps,      0 collapses,    100 moves
Info    : 45 swaps performed 
Info    : 178 illegal tets 
Info    : SplitImprove 
Info    : badmax = 8406.17 
Info    : 45 splits performed 
Info    : SwapImprove  
Info    : 22 swaps performed 
Info    : SwapImprove2  
Info    : 7 swaps performed 
Info    : 59 illegal tets 
Info    : SplitImprove 
Info    : badmax = 789.831 
Info    : 15 splits performed 
Info    : SwapImprove  
Info    : 4 swaps performed 
Debug   :  ---------------------------------------
Debug   :  CPU Report 
Debug   :  ---------------------------------------
Debug   :  CPU SWAP     3.52000E-04 sec (  0 %)
Debug   :  CPU SPLIT    7.09170E-02 sec (  9 %) 
Debug   :  CPU COLLAPS  3.54040E-02 sec (  5 %) 
Debug   :  CPU SMOOTH   6.47990E-01 sec ( 86 %) 
Debug   :  ---------------------------------------
Debug   :  CPU TOTAL    7.54663E-01 sec 
Debug   :  ---------------------------------------
Debug   : Type 23 556 triangles generated, 243 internal nodes
Info    : SwapImprove2  
Info    : 6 swaps performed 
Info    : Meshing surface 19 (Parametric surface, MeshAdapt)
Info    : 14 illegal tets 
Info    : SplitImprove 
Info    : badmax = 789.831 
Info    : 4 splits performed 
Info    : SwapImprove  
Info    : 1 swaps performed 
Info    : SwapImprove2  
Info    : 0 swaps performed 
Debug   : Recovering 6 model edges
Debug   : Recovering 66 mesh edges (0 not recovered)
Debug   : Boundary edges recovered for surface 19
Debug   : Computing mesh size field at mesh nodes 66
Debug   : Delaunizing the initial mesh
Info    : 5 illegal tets 
Debug   : Starting to add internal nodes
Info    : SplitImprove 
Info    : badmax = 789.831 
Info    : 2 splits performed 
Info    : SwapImprove  
Info    : 0 swaps performed 
Debug   :  iter   1 minL    0.516/   0.700 maxL    1.738/   1.400 -- Small/Large/Total (    13/     6/   318):    118 splits,     56 swaps,     55 collapses,    296 moves
Info    : SwapImprove2  
Debug   :  iter   2 minL    0.624/   0.700 maxL    1.570/   1.400 -- Small/Large/Total (     4/     2/   330):      7 splits,      5 swaps,      3 collapses,    116 moves
Info    : 1 swaps performed 
Debug   :  iter   3 minL    0.628/   0.700 maxL    1.332/   1.400 -- Small/Large/Total (     5/     0/   333):      2 splits,      1 swaps,      1 collapses,     73 moves
Info    : 0 illegal tets 
Info    : Volume Optimization 
Info    : CombineImprove 
Debug   :  iter   4 minL    0.628/   0.700 maxL    1.332/   1.400 -- Small/Large/Total (     5/     0/   333):      0 splits,      0 swaps,      0 collapses,     42 moves
Debug   :  ---------------------------------------
Debug   :  CPU Report 
Debug   :  ---------------------------------------
Debug   :  CPU SWAP     5.74000E-04 sec (  0 %)
Debug   :  CPU SPLIT    1.49600E-02 sec ( 13 %) 
Debug   :  CPU COLLAPS  2.62260E-02 sec ( 22 %) 
Debug   :  CPU SMOOTH   7.63160E-02 sec ( 65 %) 
Debug   :  ---------------------------------------
Debug   :  CPU TOTAL    1.18076E-01 sec 
Debug   :  ---------------------------------------
Debug   :  iter   1 minL    0.628/   0.700 maxL    1.332/   1.400 -- Small/Large/Total (     5/     0/   333):      0 splits,      0 swaps,      0 collapses,     34 moves
Debug   :  ---------------------------------------
Debug   :  CPU Report 
Debug   :  ---------------------------------------
Debug   :  CPU SWAP     1.09000E-04 sec (  0 %)
Debug   :  CPU SPLIT    6.53000E-03 sec ( 27 %) 
Debug   :  CPU COLLAPS  3.24700E-03 sec ( 14 %) 
Debug   :  CPU SMOOTH   1.40750E-02 sec ( 59 %) 
Debug   :  ---------------------------------------
Debug   :  CPU TOTAL    2.39610E-02 sec 
Debug   :  ---------------------------------------
Debug   : Type 23 200 triangles generated, 68 internal nodes
Info    : Tetrahedrizing 14791 nodes...
Info    : Done tetrahedrizing 14799 nodes (Wall 0.262361s, CPU 0.251986s)
Debug   : Points have been tetrahedralized
Info    : Reconstructing mesh...
Info    : 1073 elements combined 
Info    : ImproveMesh 
Info    : Total badness = 203083 
Info    :  - Creating surface mesh
Info    :  - Identifying boundary edges
Debug   :   29578 (44367) subfaces (segments)
Info    :  - Recovering boundary
Debug   :  iter   2 minL    0.478/   0.700 maxL    2.097/   1.400 -- Small/Large/Total (    74/     6/   966):    131 splits,     78 swaps,     73 collapses,    704 moves
Debug   : Statistics:
Debug   :   Input points: 14799
Debug   :   Input facets: 19
Debug   :   Input segments: 0
Debug   :  Mesh points: 14799
Debug   :   Mesh tetrahedra: 62405
Debug   :   Mesh faces: 139599
Debug   :   Mesh faces on facets: 29578
Debug   :   Mesh edges on segments: 44367
Debug   : Writing to GRegion...
Info    : Done reconstructing mesh (Wall 0.632655s, CPU 0.603639s)
Info    : Total badness = 192998 
Info    : SplitImprove 
Info    : badmax = 33.1016 
Debug   : start with a non classified tet
Info    : 1 splits performed 
Info    : ImproveMesh 
Info    : Total badness = 193005 
Debug   : Found 62405 tets with 19 faces (Wall 0.0595775s, CPU 0.059467s)
Info    : Found volume 1
Debug   : All 62405 tets were connected
Info    : It. 0 - 0 nodes created - worst tet radius 62.4055 (nodes removed 0 0)
Info    : It. 500 - 499 nodes created - worst tet radius 2.83367 (nodes removed 0 1)
Info    : It. 1000 - 998 nodes created - worst tet radius 2.30367 (nodes removed 0 2)
Info    : It. 1500 - 1498 nodes created - worst tet radius 2.06547 (nodes removed 0 2)
Info    : It. 2000 - 1998 nodes created - worst tet radius 1.90585 (nodes removed 0 2)
Info    : It. 2500 - 2497 nodes created - worst tet radius 1.79889 (nodes removed 0 3)
Info    : It. 3000 - 2997 nodes created - worst tet radius 1.70713 (nodes removed 0 3)
Info    : Total badness = 191630 
Info    : SwapImprove  
Info    : It. 3500 - 3497 nodes created - worst tet radius 1.63265 (nodes removed 0 3)
Info    : It. 4000 - 3997 nodes created - worst tet radius 1.57311 (nodes removed 0 3)
Info    : It. 4500 - 4497 nodes created - worst tet radius 1.51307 (nodes removed 0 3)
Info    : It. 5000 - 4997 nodes created - worst tet radius 1.48742 (nodes removed 0 3)
Info    : It. 5500 - 5497 nodes created - worst tet radius 1.42348 (nodes removed 0 3)
Info    : It. 6000 - 5997 nodes created - worst tet radius 1.38925 (nodes removed 0 3)
Info    : It. 6500 - 6497 nodes created - worst tet radius 1.35675 (nodes removed 0 3)
Info    : It. 7000 - 6997 nodes created - worst tet radius 1.32764 (nodes removed 0 3)
Info    : It. 7500 - 7497 nodes created - worst tet radius 1.29902 (nodes removed 0 3)
Info    : It. 8000 - 7997 nodes created - worst tet radius 1.27512 (nodes removed 0 3)
Info    : It. 8500 - 8497 nodes created - worst tet radius 1.25275 (nodes removed 0 3)
Info    : It. 9000 - 8997 nodes created - worst tet radius 1.23157 (nodes removed 0 3)
Info    : It. 9500 - 9497 nodes created - worst tet radius 1.21176 (nodes removed 0 3)
Info    : It. 10000 - 9996 nodes created - worst tet radius 1.19361 (nodes removed 0 4)
Info    : It. 10500 - 10496 nodes created - worst tet radius 1.18931 (nodes removed 0 4)
Info    : It. 11000 - 10996 nodes created - worst tet radius 1.16152 (nodes removed 0 4)
Info    : It. 11500 - 11496 nodes created - worst tet radius 1.1453 (nodes removed 0 4)
Info    : It. 12000 - 11995 nodes created - worst tet radius 1.13032 (nodes removed 0 5)
Info    : 8512 swaps performed 
Info    : SwapImprove2  
Info    : It. 12500 - 12495 nodes created - worst tet radius 1.1165 (nodes removed 0 5)
Info    : It. 13000 - 12995 nodes created - worst tet radius 1.10354 (nodes removed 0 5)
Debug   :  iter   4 minL    0.560/   0.700 maxL    1.397/   1.400 -- Small/Large/Total (    34/     0/   805):      0 splits,      0 swaps,      2 collapses,    107 moves
Info    : It. 13500 - 13495 nodes created - worst tet radius 1.09109 (nodes removed 0 5)
Info    : It. 14000 - 13995 nodes created - worst tet radius 1.08001 (nodes removed 0 5)
Info    : It. 14500 - 14495 nodes created - worst tet radius 1.06837 (nodes removed 0 5)
Info    : It. 15000 - 14995 nodes created - worst tet radius 1.058 (nodes removed 0 5)
Info    : It. 15500 - 15495 nodes created - worst tet radius 1.04704 (nodes removed 0 5)
Info    : It. 16000 - 15995 nodes created - worst tet radius 1.04234 (nodes removed 0 5)
Info    : It. 16500 - 16495 nodes created - worst tet radius 1.02802 (nodes removed 0 5)
Info    : It. 17000 - 16995 nodes created - worst tet radius 1.03036 (nodes removed 0 5)
Info    : It. 17500 - 17495 nodes created - worst tet radius 1.00933 (nodes removed 0 5)
Info    : It. 18000 - 17995 nodes created - worst tet radius 1.0008 (nodes removed 0 5)
Info    : 3D refinement terminated (32840 nodes total):
Info    :  - 8 Delaunay cavities modified for star shapeness
Info    :  - 5 nodes could not be inserted
Info    :  - 159083 tetrahedra created in 1.04064 sec. (152870 tets/s)
Info    : 0 node relocations
Info    : 0 swaps performed 
Info    : ImproveMesh 
Info    : Total badness = 176572 
Info    : dtOptimizeMeshGRegion()() volume 1
Info    : dtOptimizeMeshGRegion()() volume 1 : Optimize gmsh
Info    : Optimizing volume 1
Debug   :  iter   3 minL    0.512/   0.700 maxL    1.364/   1.400 -- Small/Large/Total (    48/     0/   954):      7 splits,      7 swaps,     11 collapses,    275 moves
Info    : Optimization starts (volume = 2.04643) with worst = 0.00114677 / average = 0.759169:
Info    : 0.00 < quality < 0.10 :       375 elements
Info    : 0.10 < quality < 0.20 :      1091 elements
Info    : 0.20 < quality < 0.30 :      1853 elements
Info    : 0.30 < quality < 0.40 :      2972 elements
Info    : 0.40 < quality < 0.50 :      5073 elements
Info    : 0.50 < quality < 0.60 :      9635 elements
Info    : 0.60 < quality < 0.70 :     21185 elements
Info    : 0.70 < quality < 0.80 :     40211 elements
Info    : 0.80 < quality < 0.90 :     52746 elements
Info    : 0.90 < quality < 1.00 :     23942 elements
Info    : 3278 edge swaps, 98 node relocations (volume = 2.04643): worst = 0.0879708 / average = 0.771593 (Wall 0.0723824s, CPU 0.072248s)
Info    : 3302 edge swaps, 101 node relocations (volume = 2.04643): worst = 0.0879708 / average = 0.771656 (Wall 0.091454s, CPU 0.091282s)
Info    : No ill-shaped tets in the mesh :-)
Info    : 0.00 < quality < 0.10 :         1 elements
Info    : 0.10 < quality < 0.20 :         0 elements
Info    : 0.20 < quality < 0.30 :         7 elements
Info    : 0.30 < quality < 0.40 :      2928 elements
Info    : 0.40 < quality < 0.50 :      4939 elements
Info    : 0.50 < quality < 0.60 :      9601 elements
Info    : 0.60 < quality < 0.70 :     21099 elements
Info    : 0.70 < quality < 0.80 :     40510 elements
Info    : 0.80 < quality < 0.90 :     53163 elements
Info    : 0.90 < quality < 1.00 :     23884 elements
Info    : dtOptimizeMeshGRegion()() volume 1 : Optimize netgen
Info    : Total badness = 172519 
Info    : CombineImprove 
Info    : 213 elements combined 
Info    : ImproveMesh 
Info    : Total badness = 170644 
Info    : Total badness = 170158 
Info    : SplitImprove 
Info    : badmax = 18.0941 
Info    : 0 splits performed 
Info    : ImproveMesh 
Info    : Total badness = 170158 
Info    : Total badness = 170068 
Info    : SwapImprove  
Debug   :  iter   4 minL    0.515/   0.700 maxL    1.364/   1.400 -- Small/Large/Total (    44/     0/   954):      0 splits,      0 swaps,      0 collapses,    121 moves
Info    : 1307 swaps performed 
Info    : SwapImprove2  
Debug   :  ---------------------------------------
Debug   :  CPU Report 
Debug   :  ---------------------------------------
Debug   :  CPU SWAP     2.38100E-03 sec (  0 %)
Debug   :  CPU SPLIT    1.49276E-01 sec (  1 %) 
Debug   :  CPU COLLAPS  3.51373E-01 sec (  3 %) 
Debug   :  CPU SMOOTH   1.12638E+01 sec ( 96 %) 
Debug   :  ---------------------------------------
Debug   :  CPU TOTAL    1.17669E+01 sec 
Debug   :  ---------------------------------------
Info    : 0 swaps performed 
Info    : ImproveMesh 
Info    : Total badness = 169018 
Debug   :  iter   5 minL    0.560/   0.700 maxL    1.397/   1.400 -- Small/Large/Total (    33/     0/   805):      0 splits,      0 swaps,      0 collapses,     63 moves
Info    : Extract outter faces of tetrahedra
Debug   :  ---------------------------------------
Debug   :  CPU Report 
Debug   :  ---------------------------------------
Debug   :  CPU SWAP     2.36500E-03 sec (  0 %)
Debug   :  CPU SPLIT    1.57417E-01 sec (  1 %) 
Debug   :  CPU COLLAPS  3.33367E-01 sec (  1 %) 
Debug   :  CPU SMOOTH   2.42369E+01 sec ( 98 %) 
Debug   :  ---------------------------------------
Debug   :  CPU TOTAL    2.47301E+01 sec 
Debug   :  ---------------------------------------
Info    : Total badness = 168236 
Info    : CombineImprove 
Info    : Optimizing volume 2
Info    : 65 elements combined 
Info    : ImproveMesh 
Info    : Total badness = 167690 
Info    : CalcLocalH: 32840 Points 156155 Elements 29578 Surface Elements 
Info    : Remove Illegal Elements 
Info    : 924 illegal tets 
Info    : SplitImprove 
Info    : badmax = 136.837 
Info    : 202 splits performed 
Info    : SwapImprove  
Info    : 111 swaps performed 
Info    : SwapImprove2  
Info    : 4 swaps performed 
Info    : 380 illegal tets 
Info    : SplitImprove 
Info    : badmax = 261.515 
Info    : 85 splits performed 
Info    : SwapImprove  
Info    : 47 swaps performed 
Info    : SwapImprove2  
Info    : Total badness = 167577 
Info    : SplitImprove 
Info    : badmax = 18.0941 
Info    : 11 swaps performed 
Info    : 108 illegal tets 
Info    : SplitImprove 
Info    : badmax = 427.92 
Info    : 0 splits performed 
Info    : ImproveMesh 
Info    : 29 splits performed 
Info    : Total badness = 167577 
Info    : SwapImprove  
Info    : 13 swaps performed 
Info    : SwapImprove2  
Info    : 3 swaps performed 
Info    : 35 illegal tets 
Info    : SplitImprove 
Info    : badmax = 815.151 
Info    : 11 splits performed 
Info    : SwapImprove  
Info    : 5 swaps performed 
Info    : SwapImprove2  
Info    : 0 swaps performed 
Info    : 2 illegal tets 
Info    : SplitImprove 
Info    : badmax = 815.151 
Info    : 1 splits performed 
Info    : SwapImprove  
Info    : 0 swaps performed 
Info    : SwapImprove2  
Info    : Total badness = 167552 
Info    : SwapImprove  
Info    : 0 swaps performed 
Info    : 0 illegal tets 
Info    : Volume Optimization 
Info    : CombineImprove 
Debug   :  iter   1 minL    0.515/   0.700 maxL    1.364/   1.400 -- Small/Large/Total (    44/     0/   954):      0 splits,      0 swaps,      0 collapses,     84 moves
Info    : 459 swaps performed 
Info    : SwapImprove2  
Info    : 1131 elements combined 
Info    : ImproveMesh 
Info    : Total badness = 214733 
Debug   :  ---------------------------------------
Debug   :  CPU Report 
Debug   :  ---------------------------------------
Debug   :  CPU SWAP     4.01000E-04 sec (  0 %)
Debug   :  CPU SPLIT    8.48600E-02 sec (  4 %) 
Debug   :  CPU COLLAPS  4.30720E-02 sec (  2 %) 
Debug   :  CPU SMOOTH   1.77251E+00 sec ( 93 %) 
Debug   :  ---------------------------------------
Debug   :  CPU TOTAL    1.90084E+00 sec 
Debug   :  ---------------------------------------
Debug   : Type 23 610 triangles generated, 267 internal nodes
Info    : Meshing surface 19 (Parametric surface, MeshAdapt)
Debug   : Recovering 6 model edges
Debug   : Recovering 68 mesh edges (0 not recovered)
Debug   : Boundary edges recovered for surface 19
Debug   : Computing mesh size field at mesh nodes 68
Debug   : Delaunizing the initial mesh
Debug   : Starting to add internal nodes
Debug   :  iter   1 minL    0.589/   0.700 maxL    1.364/   1.400 -- Small/Large/Total (     6/     0/   271):     80 splits,     43 swaps,     34 collapses,    177 moves
Debug   :  iter   2 minL    0.645/   0.700 maxL    1.409/   1.400 -- Small/Large/Total (     3/     1/   268):      0 splits,      2 swaps,      1 collapses,     53 moves
Info    : 0 swaps performed 
Debug   :  iter   3 minL    0.589/   0.700 maxL    1.436/   1.400 -- Small/Large/Total (     5/     2/   271):      1 splits,      1 swaps,      0 collapses,     54 moves
Info    : ImproveMesh 
Debug   :  iter   4 minL    0.632/   0.700 maxL    1.409/   1.400 -- Small/Large/Total (     4/     1/   274):      2 splits,      1 swaps,      1 collapses,     49 moves
Info    : Total badness = 167341 
Debug   :  iter   5 minL    0.589/   0.700 maxL    1.364/   1.400 -- Small/Large/Total (     6/     0/   277):      1 splits,      1 swaps,      0 collapses,     25 moves
Debug   :  iter   6 minL    0.637/   0.700 maxL    1.409/   1.400 -- Small/Large/Total (     4/     1/   274):      0 splits,      0 swaps,      1 collapses,     18 moves
Debug   :  iter   7 minL    0.589/   0.700 maxL    1.364/   1.400 -- Small/Large/Total (     6/     0/   277):      1 splits,      1 swaps,      0 collapses,     10 moves
Debug   :  iter   8 minL    0.637/   0.700 maxL    1.409/   1.400 -- Small/Large/Total (     4/     1/   274):      0 splits,      0 swaps,      1 collapses,      8 moves
Debug   :  iter   9 minL    0.589/   0.700 maxL    1.364/   1.400 -- Small/Large/Total (     6/     0/   277):      1 splits,      1 swaps,      0 collapses,      8 moves
Debug   :  iter  10 minL    0.637/   0.700 maxL    1.409/   1.400 -- Small/Large/Total (     4/     1/   274):      0 splits,      0 swaps,      1 collapses,      0 moves
Debug   :  iter  11 minL    0.589/   0.700 maxL    1.364/   1.400 -- Small/Large/Total (     6/     0/   277):      1 splits,      1 swaps,      0 collapses,      2 moves
Debug   :  ---------------------------------------
Debug   :  CPU Report 
Debug   :  ---------------------------------------
Debug   :  CPU SWAP     9.79000E-04 sec (  0 %)
Debug   :  CPU SPLIT    3.23200E-02 sec ( 15 %) 
Debug   :  CPU COLLAPS  4.52660E-02 sec ( 22 %) 
Debug   :  CPU SMOOTH   1.30723E-01 sec ( 62 %) 
Debug   :  ---------------------------------------
Debug   :  CPU TOTAL    2.09288E-01 sec 
Debug   :  ---------------------------------------
Debug   :  iter   1 minL    0.589/   0.700 maxL    1.364/   1.400 -- Small/Large/Total (     6/     0/   277):      1 splits,      1 swaps,      0 collapses,      2 moves
Debug   :  iter   2 minL    0.637/   0.700 maxL    1.409/   1.400 -- Small/Large/Total (     4/     1/   274):      0 splits,      0 swaps,      1 collapses,      0 moves
Debug   :  iter   3 minL    0.589/   0.700 maxL    1.364/   1.400 -- Small/Large/Total (     6/     0/   277):      1 splits,      1 swaps,      0 collapses,      2 moves
Debug   :  iter   4 minL    0.637/   0.700 maxL    1.409/   1.400 -- Small/Large/Total (     4/     1/   274):      0 splits,      0 swaps,      1 collapses,      0 moves
Debug   :  iter   5 minL    0.589/   0.700 maxL    1.364/   1.400 -- Small/Large/Total (     6/     0/   277):      1 splits,      1 swaps,      0 collapses,      2 moves
Debug   :  iter   6 minL    0.637/   0.700 maxL    1.409/   1.400 -- Small/Large/Total (     4/     1/   274):      0 splits,      0 swaps,      1 collapses,      0 moves
Debug   :  iter   7 minL    0.589/   0.700 maxL    1.364/   1.400 -- Small/Large/Total (     6/     0/   277):      1 splits,      1 swaps,      0 collapses,      2 moves
Debug   :  iter   8 minL    0.637/   0.700 maxL    1.409/   1.400 -- Small/Large/Total (     4/     1/   274):      0 splits,      0 swaps,      1 collapses,      0 moves
Info    : Total badness = 204137 
Info    : SplitImprove 
Debug   :  iter   9 minL    0.589/   0.700 maxL    1.364/   1.400 -- Small/Large/Total (     6/     0/   277):      1 splits,      1 swaps,      0 collapses,      2 moves
Info    : badmax = 31.9603 
Info    : Total badness = 167064 
Debug   :  iter  10 minL    0.637/   0.700 maxL    1.409/   1.400 -- Small/Large/Total (     4/     1/   274):      0 splits,      0 swaps,      1 collapses,      0 moves
Info    : 1 splits performed 
Debug   :  iter  11 minL    0.589/   0.700 maxL    1.364/   1.400 -- Small/Large/Total (     6/     0/   277):      1 splits,      1 swaps,      0 collapses,      2 moves
Info    : ImproveMesh 
Info    : Total badness = 204141 
Debug   :  ---------------------------------------
Debug   :  CPU Report 
Debug   :  ---------------------------------------
Debug   :  CPU SWAP     9.58000E-04 sec (  0 %)
Debug   :  CPU SPLIT    3.33690E-02 sec ( 16 %) 
Debug   :  CPU COLLAPS  3.45600E-02 sec ( 17 %) 
Debug   :  CPU SMOOTH   1.35476E-01 sec ( 66 %) 
Debug   :  ---------------------------------------
Debug   :  CPU TOTAL    2.04363E-01 sec 
Debug   :  ---------------------------------------
Debug   : Type 23 160 triangles generated, 47 internal nodes
Info    : Tetrahedrizing 13965 nodes...
Info    : Done tetrahedrizing 13973 nodes (Wall 0.248315s, CPU 0.237962s)
Debug   : Points have been tetrahedralized
Info    : Reconstructing mesh...
Info    :  - Creating surface mesh
Info    :  - Identifying boundary edges
Debug   :   27926 (41889) subfaces (segments)
Info    :  - Recovering boundary
Info    : Total badness = 202700 
Info    : SwapImprove  
Debug   : Statistics:
Debug   :   Input points: 13973
Debug   :   Input facets: 19
Debug   :   Input segments: 0
Debug   :  Mesh points: 13973
Debug   :   Mesh tetrahedra: 58928
Debug   :   Mesh faces: 131819
Debug   :   Mesh faces on facets: 27926
Debug   :   Mesh edges on segments: 41889
Debug   : Writing to GRegion...
Info    : Done reconstructing mesh (Wall 0.578051s, CPU 0.550138s)
Debug   :  iter   1 minL    0.560/   0.700 maxL    1.397/   1.400 -- Small/Large/Total (    33/     0/   805):      0 splits,      0 swaps,      0 collapses,     56 moves
Debug   :  ---------------------------------------
Debug   :  CPU Report 
Debug   :  ---------------------------------------
Debug   :  CPU SWAP     3.29000E-04 sec (  0 %)
Debug   :  CPU SPLIT    6.76810E-02 sec (  2 %) 
Debug   :  CPU COLLAPS  3.41160E-02 sec (  1 %) 
Debug   :  CPU SMOOTH   2.72992E+00 sec ( 96 %) 
Debug   :  ---------------------------------------
Debug   :  CPU TOTAL    2.83204E+00 sec 
Debug   :  ---------------------------------------
Debug   : Type 23 513 triangles generated, 222 internal nodes
Debug   : start with a non classified tet
Info    : Meshing surface 19 (Parametric surface, MeshAdapt)
Debug   : Found 58928 tets with 19 faces (Wall 0.0636023s, CPU 0.058495s)
Info    : Found volume 1
Info    : 8949 swaps performed 
Info    : SwapImprove2  
Debug   : Recovering 6 model edges
Debug   : Recovering 74 mesh edges (0 not recovered)
Debug   : Boundary edges recovered for surface 19
Debug   : Computing mesh size field at mesh nodes 74
Debug   : Delaunizing the initial mesh
Debug   : Starting to add internal nodes
Debug   : All 58928 tets were connected
Info    : It. 0 - 0 nodes created - worst tet radius 52.6674 (nodes removed 0 0)
Debug   :  iter   1 minL    0.510/   0.700 maxL    1.380/   1.400 -- Small/Large/Total (    14/     0/   340):    106 splits,     59 swaps,     41 collapses,    269 moves
Debug   :  iter   2 minL    0.609/   0.700 maxL    1.380/   1.400 -- Small/Large/Total (    10/     0/   337):      2 splits,      1 swaps,      3 collapses,     85 moves
Debug   :  iter   3 minL    0.609/   0.700 maxL    1.380/   1.400 -- Small/Large/Total (    10/     0/   337):      0 splits,      1 swaps,      0 collapses,     43 moves
Debug   :  ---------------------------------------
Debug   :  CPU Report 
Debug   :  ---------------------------------------
Debug   :  CPU SWAP     4.60000E-04 sec (  0 %)
Debug   :  CPU SPLIT    1.15730E-02 sec ( 11 %) 
Debug   :  CPU COLLAPS  2.08070E-02 sec ( 21 %) 
Debug   :  CPU SMOOTH   6.86060E-02 sec ( 68 %) 
Debug   :  ---------------------------------------
Debug   :  CPU TOTAL    1.01446E-01 sec 
Debug   :  ---------------------------------------
Debug   :  iter   1 minL    0.609/   0.700 maxL    1.380/   1.400 -- Small/Large/Total (    10/     0/   337):      0 splits,      0 swaps,      0 collapses,     36 moves
Debug   :  ---------------------------------------
Debug   :  CPU Report 
Debug   :  ---------------------------------------
Debug   :  CPU SWAP     1.12000E-04 sec (  0 %)
Debug   :  CPU SPLIT    6.53800E-03 sec ( 26 %) 
Debug   :  CPU COLLAPS  3.26500E-03 sec ( 13 %) 
Debug   :  CPU SMOOTH   1.49600E-02 sec ( 60 %) 
Debug   :  ---------------------------------------
Debug   :  CPU TOTAL    2.48750E-02 sec 
Debug   :  ---------------------------------------
Debug   : Type 23 200 triangles generated, 64 internal nodes
Info    : It. 500 - 500 nodes created - worst tet radius 2.74297 (nodes removed 0 0)
Info    : Tetrahedrizing 13311 nodes...
Info    : It. 1000 - 1000 nodes created - worst tet radius 2.23836 (nodes removed 0 0)
Info    : It. 1500 - 1500 nodes created - worst tet radius 2.21306 (nodes removed 0 0)
Info    : It. 2000 - 2000 nodes created - worst tet radius 1.86323 (nodes removed 0 0)
Info    : It. 2500 - 2500 nodes created - worst tet radius 1.9597 (nodes removed 0 0)
Info    : 0 swaps performed 
Info    : It. 3000 - 3000 nodes created - worst tet radius 1.65845 (nodes removed 0 0)
Info    : ImproveMesh 
Info    : Total badness = 186892 
Info    : It. 3500 - 3500 nodes created - worst tet radius 1.58583 (nodes removed 0 0)
Info    : It. 4000 - 4000 nodes created - worst tet radius 1.52297 (nodes removed 0 0)
Info    : Done tetrahedrizing 13319 nodes (Wall 0.237551s, CPU 0.227165s)
Debug   : Points have been tetrahedralized
Info    : Reconstructing mesh...
Info    : It. 4500 - 4500 nodes created - worst tet radius 1.47192 (nodes removed 0 0)
Info    : It. 5000 - 5000 nodes created - worst tet radius 1.42629 (nodes removed 0 0)
Info    : It. 5500 - 5500 nodes created - worst tet radius 1.38516 (nodes removed 0 0)
Info    : It. 6000 - 6000 nodes created - worst tet radius 1.34973 (nodes removed 0 0)
Info    : It. 6500 - 6500 nodes created - worst tet radius 1.3204 (nodes removed 0 0)
Info    : It. 7000 - 7000 nodes created - worst tet radius 1.29074 (nodes removed 0 0)
Info    : It. 7500 - 7500 nodes created - worst tet radius 1.26501 (nodes removed 0 0)
Info    :  - Creating surface mesh
Info    :  - Identifying boundary edges
Debug   :   26618 (39927) subfaces (segments)
Info    :  - Recovering boundary
Info    : It. 8000 - 8000 nodes created - worst tet radius 1.2412 (nodes removed 0 0)
Info    : It. 8500 - 8500 nodes created - worst tet radius 1.21986 (nodes removed 0 0)
Error   : PLC Error:  A segment and a facet intersect at point
Info    : It. 9000 - 9000 nodes created - worst tet radius 1.19772 (nodes removed 0 0)
Info    : It. 9500 - 9500 nodes created - worst tet radius 1.17819 (nodes removed 0 0)
Info    : It. 10000 - 10000 nodes created - worst tet radius 1.16025 (nodes removed 0 0)
Info    : It. 10500 - 10500 nodes created - worst tet radius 1.14406 (nodes removed 0 0)
Info    : It. 11000 - 11000 nodes created - worst tet radius 1.12849 (nodes removed 0 0)
Info    : It. 11500 - 11500 nodes created - worst tet radius 1.11356 (nodes removed 0 0)
Info    : It. 12000 - 12000 nodes created - worst tet radius 1.09943 (nodes removed 0 0)
Info    : It. 12500 - 12500 nodes created - worst tet radius 1.08703 (nodes removed 0 0)
Info    : It. 13000 - 13000 nodes created - worst tet radius 1.07393 (nodes removed 0 0)
Info    : It. 13500 - 13499 nodes created - worst tet radius 1.06152 (nodes removed 0 1)
Info    : It. 14000 - 13999 nodes created - worst tet radius 1.05 (nodes removed 0 1)
Info    : Total badness = 182810 
Info    : CombineImprove 
Info    : It. 14500 - 14499 nodes created - worst tet radius 1.03838 (nodes removed 0 1)
Info    : It. 15000 - 14999 nodes created - worst tet radius 1.02732 (nodes removed 0 1)
Info    : It. 15500 - 15499 nodes created - worst tet radius 1.01694 (nodes removed 0 1)
Info    : It. 16000 - 15999 nodes created - worst tet radius 1.00693 (nodes removed 0 1)
Info    : 3D refinement terminated (30315 nodes total):
Info    :  - 5 Delaunay cavities modified for star shapeness
Info    :  - 1 nodes could not be inserted
Info    :  - 146004 tetrahedra created in 0.995263 sec. (146698 tets/s)
Info    : 1 node relocations
[sampler] machine_0059 export FAILED: Exception
[sampler] yield note: 1 failures recorded in export_error.txt; a resubmit retries them, .part tearing excluded by rename-on-success
[dtoo] machine_0059 produced no mesh (see export_error.txt)
Info    : dtOptimizeMeshGRegion()() volume 1
Info    : dtOptimizeMeshGRegion()() volume 1 : Optimize gmsh
Info    : Optimizing volume 1
Info    : 242 elements combined 
Info    : dtOptimizeMeshGRegion()() volume 1
Info    : dtOptimizeMeshGRegion()() volume 1 : Optimize gmsh
Info    : Optimizing volume 1
Info    : ImproveMesh 
Info    : Total badness = 180601 
Info    : Optimization starts (volume = 2.06024) with worst = 0.00312124 / average = 0.755522:
Info    : 0.00 < quality < 0.10 :       356 elements
Info    : 0.10 < quality < 0.20 :      1067 elements
Info    : 0.20 < quality < 0.30 :      1897 elements
Info    : 0.30 < quality < 0.40 :      3003 elements
Info    : 0.40 < quality < 0.50 :      4735 elements
Info    : 0.50 < quality < 0.60 :      9016 elements
Info    : 0.60 < quality < 0.70 :     20077 elements
Info    : 0.70 < quality < 0.80 :     36798 elements
Info    : 0.80 < quality < 0.90 :     47432 elements
Info    : 0.90 < quality < 1.00 :     21623 elements
Info    : Optimization starts (volume = 2.05451) with worst = 0.207033 / average = 0.841167:
Info    : 0.00 < quality < 0.10 :         0 elements
Info    : 0.10 < quality < 0.20 :         0 elements
Info    : 0.20 < quality < 0.30 :         5 elements
Info    : 0.30 < quality < 0.40 :        32 elements
Info    : 0.40 < quality < 0.50 :       215 elements
Info    : 0.50 < quality < 0.60 :      1871 elements
Info    : 0.60 < quality < 0.70 :      9380 elements
Info    : 0.70 < quality < 0.80 :     27086 elements
Info    : 0.80 < quality < 0.90 :     53733 elements
Info    : 0.90 < quality < 1.00 :     41240 elements
Info    : 4 edge swaps, 0 node relocations (volume = 2.05451): worst = 0.207033 / average = 0.84117 (Wall 0.023874s, CPU 0.02381s)
Info    : 3260 edge swaps, 101 node relocations (volume = 2.06024): worst = 0.126042 / average = 0.768984 (Wall 0.0692274s, CPU 0.069091s)
Info    : No ill-shaped tets in the mesh :-)
Info    : 0.00 < quality < 0.10 :         0 elements
Info    : 0.10 < quality < 0.20 :         0 elements
Info    : 0.20 < quality < 0.30 :         1 elements
Info    : 0.30 < quality < 0.40 :        36 elements
Info    : 0.40 < quality < 0.50 :       213 elements
Info    : 0.50 < quality < 0.60 :      1873 elements
Info    : 0.60 < quality < 0.70 :      9379 elements
Info    : 0.70 < quality < 0.80 :     27089 elements
Info    : 0.80 < quality < 0.90 :     53731 elements
Info    : 0.90 < quality < 1.00 :     41240 elements
Info    : dtOptimizeMeshGRegion()() volume 1 : Optimize netgen
Info    : 3280 edge swaps, 101 node relocations (volume = 2.06024): worst = 0.232397 / average = 0.76905 (Wall 0.0862519s, CPU 0.086081s)
Info    : No ill-shaped tets in the mesh :-)
Info    : 0.00 < quality < 0.10 :         0 elements
Info    : 0.10 < quality < 0.20 :         0 elements
Info    : 0.20 < quality < 0.30 :         5 elements
Info    : 0.30 < quality < 0.40 :      2958 elements
Info    : 0.40 < quality < 0.50 :      4538 elements
Info    : 0.50 < quality < 0.60 :      9014 elements
Info    : 0.60 < quality < 0.70 :     20144 elements
Info    : 0.70 < quality < 0.80 :     37034 elements
Info    : 0.80 < quality < 0.90 :     47823 elements
Info    : 0.90 < quality < 1.00 :     21584 elements
Info    : dtOptimizeMeshGRegion()() volume 1 : Optimize netgen
Info    : Total badness = 180075 
Info    : SplitImprove 
Info    : badmax = 21.7983 
Info    : 0 splits performed 
Info    : ImproveMesh 
Info    : Total badness = 180075 
Info    : Total badness = 179978 
Info    : SwapImprove  
Info    : 1304 swaps performed 
Info    : SwapImprove2  
Info    : 0 swaps performed 
Info    : ImproveMesh 
Info    : Total badness = 178987 
Info    : Total badness = 178244 
Info    : CombineImprove 
Info    : Extract outter faces of tetrahedra
Info    : 61 elements combined 
Info    : ImproveMesh 
Info    : Total badness = 177733 
Info    : Optimizing volume 2
Info    : CalcLocalH: 30315 Points 143100 Elements 27926 Surface Elements 
Info    : Total badness = 177627 
Info    : SplitImprove 
Info    : badmax = 21.7983 
Info    : 0 splits performed 
Info    : Remove Illegal Elements 
Info    : ImproveMesh 
Info    : 1055 illegal tets 
Info    : SplitImprove 
Info    : Total badness = 177627 
Info    : badmax = 36.7155 
Info    : 221 splits performed 
Info    : SwapImprove  
Info    : 161 swaps performed 
Info    : SwapImprove2  
Info    : 9 swaps performed 
Info    : 448 illegal tets 
Info    : SplitImprove 
Info    : badmax = 72.2567 
Info    : 106 splits performed 
Info    : SwapImprove  
Info    : 56 swaps performed 
Info    : SwapImprove2  
Info    : 21 swaps performed 
Info    : 96 illegal tets 
Info    : SplitImprove 
Info    : badmax = 789.831 
Info    : 28 splits performed 
Info    : SwapImprove  
Info    : 10 swaps performed 
Info    : SwapImprove2  
Info    : 6 swaps performed 
Info    : 22 illegal tets 
Info    : SplitImprove 
Info    : Total badness = 177602 
Info    : SwapImprove  
Info    : badmax = 789.831 
Info    : 6 splits performed 
Info    : SwapImprove  
Info    : 5 swaps performed 
Info    : SwapImprove2  
Info    : 0 swaps performed 
Info    : 2 illegal tets 
Info    : SplitImprove 
Info    : badmax = 789.831 
Info    : 1 splits performed 
Info    : SwapImprove  
Info    : 0 swaps performed 
Info    : SwapImprove2  
Info    : 0 swaps performed 
Info    : 0 illegal tets 
Info    : Volume Optimization 
Info    : CombineImprove 
Info    : 407 swaps performed 
Info    : SwapImprove2  
Info    : 1109 elements combined 
Info    : ImproveMesh 
Info    : Total badness = 197796 
Info    : 0 swaps performed 
Info    : ImproveMesh 
Info    : Total badness = 177447 
Info    : Total badness = 177208 
Info    : Total badness = 188115 
Info    : SplitImprove 
Info    : badmax = 36.9895 
Info    : 2 splits performed 
Info    : ImproveMesh 
Info    : Total badness = 188125 
Info    : Extract outter faces of tetrahedra
Info    : Total badness = 186820 
Info    : SwapImprove  
Info    : Optimizing volume 2
Info    : CalcLocalH: 29912 Points 133562 Elements 28344 Surface Elements 
Info    : Remove Illegal Elements 
Info    : 4 illegal tets 
Info    : SplitImprove 
Info    : badmax = 18.0941 
Info    : 2 splits performed 
Info    : SwapImprove  
Info    : 0 swaps performed 
Info    : SwapImprove2  
Info    : 0 swaps performed 
Info    : 0 illegal tets 
Info    : Volume Optimization 
Info    : CombineImprove 
Info    : 8146 swaps performed 
Info    : SwapImprove2  
Info    : 16 elements combined 
Info    : ImproveMesh 
Info    : Total badness = 166956 
Info    : 0 swaps performed 
Info    : ImproveMesh 
Info    : Total badness = 172295 
Info    : Total badness = 166910 
Info    : SplitImprove 
Info    : badmax = 18.0941 
Info    : 0 splits performed 
Info    : ImproveMesh 
Info    : Total badness = 166910 
Info    : Total badness = 168417 
Info    : CombineImprove 
Info    : Total badness = 166901 
Info    : SwapImprove  
Info    : 239 elements combined 
Info    : ImproveMesh 
Info    : Total badness = 166287 
Info    : 190 swaps performed 
Info    : SwapImprove2  
Info    : Total badness = 165788 
Info    : dtOptimizeMeshGRegion()() volume 1
Info    : dtOptimizeMeshGRegion()() volume 1 : Optimize gmsh
Info    : Optimizing volume 1
Info    : SplitImprove 
Info    : badmax = 28.4803 
Info    : 0 splits performed 
Info    : ImproveMesh 
Info    : Total badness = 165788 
Info    : 0 swaps performed 
Info    : ImproveMesh 
Info    : Total badness = 166832 
Info    : Optimization starts (volume = 2.04643) with worst = 0.235516 / average = 0.844384:
Info    : 0.00 < quality < 0.10 :         0 elements
Info    : 0.10 < quality < 0.20 :         0 elements
Info    : 0.20 < quality < 0.30 :         1 elements
Info    : 0.30 < quality < 0.40 :        15 elements
Info    : 0.40 < quality < 0.50 :       170 elements
Info    : 0.50 < quality < 0.60 :      1758 elements
Info    : 0.60 < quality < 0.70 :      9007 elements
Info    : 0.70 < quality < 0.80 :     27919 elements
Info    : 0.80 < quality < 0.90 :     59068 elements
Info    : 0.90 < quality < 1.00 :     44605 elements
Info    : No ill-shaped tets in the mesh :-)
Info    : 0.00 < quality < 0.10 :         0 elements
Info    : 0.10 < quality < 0.20 :         0 elements
Info    : 0.20 < quality < 0.30 :         1 elements
Info    : 0.30 < quality < 0.40 :        15 elements
Info    : 0.40 < quality < 0.50 :       170 elements
Info    : 0.50 < quality < 0.60 :      1758 elements
Info    : 0.60 < quality < 0.70 :      9007 elements
Info    : 0.70 < quality < 0.80 :     27919 elements
Info    : 0.80 < quality < 0.90 :     59068 elements
Info    : 0.90 < quality < 1.00 :     44605 elements
Info    : dtOptimizeMeshGRegion()() volume 1 : Optimize netgen
Info    : Total badness = 166722 
Info    : CombineImprove 
Info    : Total badness = 165699 
Info    : SwapImprove  
Info    : 6 elements combined 
Info    : ImproveMesh 
Info    : Total badness = 166667 
Info    : 1225 swaps performed 
Info    : SwapImprove2  
Info    : Total badness = 166653 
Info    : SplitImprove 
Info    : badmax = 18.0941 
Info    : 0 splits performed 
Info    : ImproveMesh 
Info    : Total badness = 166653 
Info    : 0 swaps performed 
Info    : ImproveMesh 
Info    : Total badness = 164773 
Info    : Total badness = 166649 
Info    : SwapImprove  
Info    : Total badness = 164046 
Info    : CombineImprove 
Info    : 92 swaps performed 
Info    : SwapImprove2  
Info    : 64 elements combined 
Info    : ImproveMesh 
Info    : Total badness = 163496 
Info    : Extract outter faces of tetrahedra
Info    : 0 swaps performed 
Info    : ImproveMesh 
Info    : Total badness = 166605 
Info    : Total badness = 163385 
Info    : SplitImprove 
Info    : badmax = 14.6056 
Info    : 0 splits performed 
Info    : ImproveMesh 
Info    : Total badness = 163385 
Info    : Total badness = 166553 
Info    : CombineImprove 
Info    : Optimizing volume 2
Info    : CalcLocalH: 31735 Points 142543 Elements 29578 Surface Elements 
Info    : Remove Illegal Elements 
Info    : 0 illegal tets 
Info    : Volume Optimization 
Info    : CombineImprove 
Info    : Total badness = 163361 
Info    : SwapImprove  
Info    : 7 elements combined 
Info    : ImproveMesh 
Info    : Total badness = 166494 
Info    : Total badness = 166484 
Info    : SplitImprove 
Info    : badmax = 18.0941 
Info    : 18 elements combined 
Info    : ImproveMesh 
Info    : Total badness = 177051 
Info    : 0 splits performed 
Info    : ImproveMesh 
Info    : Total badness = 166484 
Info    : 423 swaps performed 
Info    : SwapImprove2  
Info    : Total badness = 166482 
Info    : SwapImprove  
Info    : Total badness = 177016 
Info    : SplitImprove 
Info    : badmax = 21.7983 
Info    : 0 splits performed 
Info    : ImproveMesh 
Info    : Total badness = 177016 
Info    : 0 swaps performed 
Info    : ImproveMesh 
Info    : Total badness = 163169 
Info    : 54 swaps performed 
Info    : SwapImprove2  
Info    : Total badness = 177007 
Info    : SwapImprove  
Info    : Total badness = 162911 
Info    : 0 swaps performed 
Info    : ImproveMesh 
Info    : Total badness = 166458 
Info    : 176 swaps performed 
Info    : SwapImprove2  
Info    : Total badness = 166426 
Info    : 0 swaps performed 
Info    : ImproveMesh 
Info    : Total badness = 176954 
Info    : Total badness = 176853 
Info    : CombineImprove 
Info    : 7 elements combined 
Info    : ImproveMesh 
Info    : Total badness = 176802 
Info    : Total badness = 176788 
Info    : SplitImprove 
Info    : badmax = 21.7983 
Info    : 0 splits performed 
Info    : ImproveMesh 
Info    : Total badness = 176788 
Info    : Total badness = 176784 
Info    : SwapImprove  
Info    : dtOptimizeMeshGRegion()() volume 1
Info    : dtOptimizeMeshGRegion()() volume 1 : Optimize gmsh
Info    : Optimizing volume 1
Info    : Optimization starts (volume = 2.06024) with worst = 0.214138 / average = 0.841099:
Info    : 0.00 < quality < 0.10 :         0 elements
Info    : 0.10 < quality < 0.20 :         0 elements
Info    : 0.20 < quality < 0.30 :         3 elements
Info    : 0.30 < quality < 0.40 :        22 elements
Info    : 0.40 < quality < 0.50 :       205 elements
Info    : 0.50 < quality < 0.60 :      1887 elements
Info    : 0.60 < quality < 0.70 :      8940 elements
Info    : 0.70 < quality < 0.80 :     26582 elements
Info    : 0.80 < quality < 0.90 :     52724 elements
Info    : 0.90 < quality < 1.00 :     39915 elements
Info    : 2 edge swaps, 1 node relocations (volume = 2.06024): worst = 0.214624 / average = 0.841098 (Wall 0.0244826s, CPU 0.024424s)
Info    : No ill-shaped tets in the mesh :-)
Info    : 0.00 < quality < 0.10 :         0 elements
Info    : 0.10 < quality < 0.20 :         0 elements
Info    : 0.20 < quality < 0.30 :         1 elements
Info    : 0.30 < quality < 0.40 :        22 elements
Info    : 0.40 < quality < 0.50 :       204 elements
Info    : 0.50 < quality < 0.60 :      1891 elements
Info    : 0.60 < quality < 0.70 :      8940 elements
Info    : 0.70 < quality < 0.80 :     26584 elements
Info    : 0.80 < quality < 0.90 :     52723 elements
Info    : 0.90 < quality < 1.00 :     39914 elements
Info    : dtOptimizeMeshGRegion()() volume 1 : Optimize netgen
Info    : 60 swaps performed 
Info    : SwapImprove2  
Info    : 0 swaps performed 
Info    : ImproveMesh 
Info    : Total badness = 176767 
Info    : Total badness = 176732 
Info    : CombineImprove 
Info    : dtOptimizeMeshGRegion()() volume 1
Info    : dtOptimizeMeshGRegion()() volume 1 : Optimize gmsh
Info    : Optimizing volume 1
Info    : Optimization starts (volume = 2.05451) with worst = 0.31744 / average = 0.842586:
Info    : 0.00 < quality < 0.10 :         0 elements
Info    : 0.10 < quality < 0.20 :         0 elements
Info    : 0.20 < quality < 0.30 :         0 elements
Info    : 0.30 < quality < 0.40 :        20 elements
Info    : 0.40 < quality < 0.50 :       185 elements
Info    : 0.50 < quality < 0.60 :      1752 elements
Info    : 0.60 < quality < 0.70 :      9095 elements
Info    : 0.70 < quality < 0.80 :     26789 elements
Info    : 0.80 < quality < 0.90 :     53755 elements
Info    : 0.90 < quality < 1.00 :     41770 elements
Info    : No ill-shaped tets in the mesh :-)
Info    : 0.00 < quality < 0.10 :         0 elements
Info    : 0.10 < quality < 0.20 :         0 elements
Info    : 0.20 < quality < 0.30 :         0 elements
Info    : 0.30 < quality < 0.40 :        20 elements
Info    : 0.40 < quality < 0.50 :       185 elements
Info    : 0.50 < quality < 0.60 :      1752 elements
Info    : 0.60 < quality < 0.70 :      9095 elements
Info    : 0.70 < quality < 0.80 :     26789 elements
Info    : 0.80 < quality < 0.90 :     53755 elements
Info    : 0.90 < quality < 1.00 :     41770 elements
Info    : dtOptimizeMeshGRegion()() volume 1 : Optimize netgen
Info    : 3 elements combined 
Info    : ImproveMesh 
Info    : Total badness = 176710 
Info    : Total badness = 176705 
Info    : SplitImprove 
Info    : badmax = 21.7983 
Info    : 0 splits performed 
Info    : ImproveMesh 
Info    : Total badness = 176705 
Info    : Total badness = 176703 
Info    : SwapImprove  
Info    : 29 swaps performed 
Info    : SwapImprove2  
Info    : 0 swaps performed 
Info    : ImproveMesh 
Info    : Total badness = 176694 
Info    : Total badness = 176674 
Info    : Extract outter faces of tetrahedra
Info    : Optimizing volume 2
Info    : CalcLocalH: 29885 Points 133366 Elements 28344 Surface Elements 
Info    : Remove Illegal Elements 
Info    : 0 illegal tets 
Info    : Volume Optimization 
Info    : CombineImprove 
Info    : 4 elements combined 
Info    : Extract outter faces of tetrahedra
Info    : ImproveMesh 
Info    : Total badness = 166395 
Info    : Total badness = 166390 
Info    : SplitImprove 
Info    : badmax = 18.0941 
Info    : 0 splits performed 
Info    : ImproveMesh 
Info    : Total badness = 166390 
Info    : Optimizing volume 2
Info    : CalcLocalH: 29267 Points 130279 Elements 27926 Surface Elements 
Info    : Remove Illegal Elements 
Info    : 0 illegal tets 
Info    : Volume Optimization 
Info    : CombineImprove 
Info    : Total badness = 166389 
Info    : SwapImprove  
Info    : 16 elements combined 
Info    : ImproveMesh 
Info    : Total badness = 162779 
Info    : 30 swaps performed 
Info    : SwapImprove2  
Info    : Total badness = 162740 
Info    : SplitImprove 
Info    : badmax = 14.6056 
Info    : 0 splits performed 
Info    : ImproveMesh 
Info    : Total badness = 162740 
Info    : 0 swaps performed 
Info    : ImproveMesh 
Info    : Total badness = 166371 
Info    : Total badness = 162731 
Info    : SwapImprove  
Info    : Total badness = 166354 
Info    : CombineImprove 
Info    : 0 elements combined 
Info    : ImproveMesh 
Info    : Total badness = 166354 
Info    : 156 swaps performed 
Info    : SwapImprove2  
Info    : Total badness = 166352 
Info    : SplitImprove 
Info    : badmax = 18.0941 
Info    : 0 splits performed 
Info    : ImproveMesh 
Info    : Total badness = 166352 
Info    : 0 swaps performed 
Info    : ImproveMesh 
Info    : Total badness = 162660 
Info    : dtOptimizeMeshGRegion()() volume 1
Info    : dtOptimizeMeshGRegion()() volume 1 : Optimize gmsh
Info    : Optimizing volume 1
Info    : Total badness = 166352 
Info    : SwapImprove  
Info    : Optimization starts (volume = 2.04643) with worst = 0.235516 / average = 0.845411:
Info    : 0.00 < quality < 0.10 :         0 elements
Info    : 0.10 < quality < 0.20 :         0 elements
Info    : 0.20 < quality < 0.30 :         1 elements
Info    : 0.30 < quality < 0.40 :        15 elements
Info    : 0.40 < quality < 0.50 :       157 elements
Info    : 0.50 < quality < 0.60 :      1662 elements
Info    : 0.60 < quality < 0.70 :      8762 elements
Info    : 0.70 < quality < 0.80 :     27713 elements
Info    : 0.80 < quality < 0.90 :     59075 elements
Info    : 0.90 < quality < 1.00 :     44961 elements
Info    : No ill-shaped tets in the mesh :-)
Info    : 0.00 < quality < 0.10 :         0 elements
Info    : 0.10 < quality < 0.20 :         0 elements
Info    : 0.20 < quality < 0.30 :         1 elements
Info    : 0.30 < quality < 0.40 :        15 elements
Info    : 0.40 < quality < 0.50 :       157 elements
Info    : 0.50 < quality < 0.60 :      1662 elements
Info    : 0.60 < quality < 0.70 :      8762 elements
Info    : 0.70 < quality < 0.80 :     27713 elements
Info    : 0.80 < quality < 0.90 :     59075 elements
Info    : 0.90 < quality < 1.00 :     44961 elements
Info    : dtOptimizeMeshGRegion()() volume 1 : Optimize netgen
Info    : Total badness = 162566 
Info    : CombineImprove 
Info    : 17 swaps performed 
Info    : SwapImprove2  
Info    : 10 elements combined 
Info    : ImproveMesh 
Info    : Total badness = 162487 
Info    : 0 swaps performed 
Info    : ImproveMesh 
Info    : Total badness = 166348 
Info    : Total badness = 162471 
Info    : SplitImprove 
Info    : badmax = 14.6056 
Info    : 0 splits performed 
Info    : ImproveMesh 
Info    : Total badness = 162471 
Info    : Total badness = 166339 
Info    : CombineImprove 
Info    : Total badness = 162467 
Info    : SwapImprove  
Info    : 0 elements combined 
Info    : ImproveMesh 
Info    : Total badness = 166339 
Info    : 61 swaps performed 
Info    : SwapImprove2  
Info    : Total badness = 166338 
Info    : SplitImprove 
Info    : badmax = 18.0941 
Info    : 0 splits performed 
Info    : ImproveMesh 
Info    : Total badness = 166338 
Info    : Total badness = 166338 
Info    : SwapImprove  
Info    : 0 swaps performed 
Info    : ImproveMesh 
Info    : Total badness = 162448 
Info    : Extract outter faces of tetrahedra
Info    : Total badness = 162414 
Info    : CombineImprove 
Info    : 8 swaps performed 
Info    : SwapImprove2  
Info    : Optimizing volume 2
Info    : CalcLocalH: 31707 Points 142346 Elements 29578 Surface Elements 
Info    : Remove Illegal Elements 
Info    : 0 illegal tets 
Info    : Volume Optimization 
Info    : CombineImprove 
Info    : 7 elements combined 
Info    : ImproveMesh 
Info    : Total badness = 162353 
Info    : 0 swaps performed 
Info    : ImproveMesh 
Info    : Total badness = 166337 
Info    : Total badness = 166332 
Info    : Total badness = 162345 
Info    : SplitImprove 
Info    : badmax = 14.6056 
Info    : 0 splits performed 
Info    : ImproveMesh 
Info    : Total badness = 162345 
Info    : 4 elements combined 
Info    : ImproveMesh 
Info    : Total badness = 176645 
Info    : Total badness = 162343 
Info    : SwapImprove  
Info    : Total badness = 176640 
Info    : SplitImprove 
Info    : badmax = 21.7983 
Info    : 0 splits performed 
Info    : ImproveMesh 
Info    : Total badness = 176640 
Info    : Total badness = 176638 
Info    : SwapImprove  
Info    : 35 swaps performed 
Info    : SwapImprove2  
Info    : 0 swaps performed 
Info    : ImproveMesh 
Info    : Total badness = 162332 
Info    : 19 swaps performed 
Info    : SwapImprove2  
Info    : Total badness = 162313 
Info    : 0 swaps performed 
Info    : ImproveMesh 
Info    : Total badness = 176631 
Info    : Total badness = 176621 
Info    : CombineImprove 
Info    : 0 elements combined 
Info    : ImproveMesh 
Info    : Total badness = 176621 
Info    : Total badness = 176620 
Info    : SplitImprove 
Info    : badmax = 21.7983 
Info    : 0 splits performed 
Info    : ImproveMesh 
Info    : Total badness = 176620 
Info    : Total badness = 176620 
Info    : SwapImprove  
Info    : 13 swaps performed 
Info    : SwapImprove2  
Info    : 0 swaps performed 
Info    : ImproveMesh 
Info    : Total badness = 176619 
Info    : Total badness = 176611 
Info    : CombineImprove 
Info    : Meshing order 2 (curvilinear off)...
Info    : [  0%] Meshing curve 1 order 2
Info    : [ 10%] Meshing curve 2 order 2
Info    : [ 10%] Meshing curve 3 order 2
Info    : [ 10%] Meshing curve 4 order 2
Info    : [ 10%] Meshing curve 5 order 2
Info    : [ 10%] Meshing curve 6 order 2
Info    : [ 10%] Meshing curve 7 order 2
Info    : [ 20%] Meshing curve 8 order 2
Info    : [ 20%] Meshing curve 9 order 2
Info    : [ 20%] Meshing curve 10 order 2
Info    : [ 20%] Meshing curve 11 order 2
Info    : [ 20%] Meshing curve 12 order 2
Info    : [ 20%] Meshing curve 13 order 2
Info    : [ 30%] Meshing curve 14 order 2
Info    : [ 30%] Meshing curve 15 order 2
Info    : [ 30%] Meshing curve 16 order 2
Info    : [ 30%] Meshing curve 17 order 2
Info    : [ 30%] Meshing curve 18 order 2
Info    : [ 30%] Meshing curve 19 order 2
Info    : [ 40%] Meshing curve 20 order 2
Info    : [ 40%] Meshing curve 21 order 2
Info    : [ 40%] Meshing curve 22 order 2
Info    : [ 40%] Meshing curve 23 order 2
Info    : [ 40%] Meshing curve 24 order 2
Info    : [ 40%] Meshing curve 25 order 2
Info    : [ 50%] Meshing curve 26 order 2
Info    : [ 50%] Meshing curve 27 order 2
Info    : [ 50%] Meshing curve 28 order 2
Info    : [ 50%] Meshing curve 29 order 2
Info    : [ 50%] Meshing curve 30 order 2
Info    : [ 50%] Meshing curve 31 order 2
Info    : [ 60%] Meshing curve 32 order 2
Info    : [ 60%] Meshing curve 33 order 2
Info    : [ 60%] Meshing curve 34 order 2
Info    : [ 60%] Meshing curve 35 order 2
Info    : [ 60%] Meshing curve 36 order 2
Info    : [ 60%] Meshing curve 37 order 2
Info    : [ 60%] Meshing curve 38 order 2
Info    : [ 70%] Meshing curve 39 order 2
Info    : [ 70%] Meshing curve 40 order 2
Info    : [ 70%] Meshing curve 41 order 2
Info    : [ 70%] Meshing curve 42 order 2
Info    : [ 70%] Meshing surface 1 order 2
Info    : [ 70%] Meshing surface 2 order 2
Info    : [ 80%] Meshing surface 3 order 2
Info    : [ 80%] Meshing surface 4 order 2
Info    : [ 80%] Meshing surface 5 order 2
Info    : [ 80%] Meshing surface 6 order 2
Info    : [ 80%] Meshing surface 7 order 2
Info    : [ 80%] Meshing surface 8 order 2
Info    : [ 90%] Meshing surface 9 order 2
Info    : [ 90%] Meshing surface 10 order 2
Info    : [ 90%] Meshing surface 11 order 2
Info    : [ 90%] Meshing surface 12 order 2
Info    : [ 90%] Meshing surface 13 order 2
Info    : [ 90%] Meshing surface 14 order 2
Info    : [100%] Meshing surface 15 order 2
Info    : [100%] Meshing surface 16 order 2
Info    : [100%] Meshing surface 17 order 2
Info    : [100%] Meshing surface 18 order 2
Info    : [100%] Meshing surface 19 order 2
Info    : [100%] Meshing volume 1 order 2
Info    : 2 elements combined 
Info    : ImproveMesh 
Info    : Total badness = 176595 
Info    : Total badness = 176593 
Info    : SplitImprove 
Info    : dtOptimizeMeshGRegion()() volume 1
Info    : dtOptimizeMeshGRegion()() volume 1 : Optimize gmsh
Info    : Optimizing volume 1
Info    : badmax = 21.7983 
Info    : 0 splits performed 
Info    : ImproveMesh 
Info    : Total badness = 176593 
Info    : Optimization starts (volume = 2.06024) with worst = 0.214482 / average = 0.842272:
Info    : 0.00 < quality < 0.10 :         0 elements
Info    : 0.10 < quality < 0.20 :         0 elements
Info    : 0.20 < quality < 0.30 :         1 elements
Info    : 0.30 < quality < 0.40 :        20 elements
Info    : 0.40 < quality < 0.50 :       180 elements
Info    : 0.50 < quality < 0.60 :      1781 elements
Info    : 0.60 < quality < 0.70 :      8712 elements
Info    : 0.70 < quality < 0.80 :     26363 elements
Info    : 0.80 < quality < 0.90 :     52662 elements
Info    : 0.90 < quality < 1.00 :     40331 elements
Info    : No ill-shaped tets in the mesh :-)
Info    : 0.00 < quality < 0.10 :         0 elements
Info    : 0.10 < quality < 0.20 :         0 elements
Info    : 0.20 < quality < 0.30 :         1 elements
Info    : 0.30 < quality < 0.40 :        20 elements
Info    : 0.40 < quality < 0.50 :       180 elements
Info    : 0.50 < quality < 0.60 :      1781 elements
Info    : 0.60 < quality < 0.70 :      8712 elements
Info    : 0.70 < quality < 0.80 :     26363 elements
Info    : 0.80 < quality < 0.90 :     52662 elements
Info    : 0.90 < quality < 1.00 :     40331 elements
Info    : dtOptimizeMeshGRegion()() volume 1 : Optimize netgen
Info    : Total badness = 176592 
Info    : SwapImprove  
Info    : Done meshing order 2 (Wall 0.781148s, CPU 0.779621s)
Debug   : Renumbering for potentially partial mesh save
Info    : 6 swaps performed 
Info    : SwapImprove2  
Info    : 0 swaps performed 
Info    : ImproveMesh 
Info    : Total badness = 176592 
Info    : Total badness = 176588 
Info    : Extract outter faces of tetrahedra
Info    : Optimizing volume 2
Info    : CalcLocalH: 29234 Points 130050 Elements 27926 Surface Elements 
Info    : Remove Illegal Elements 
Info    : 0 illegal tets 
Info    : Volume Optimization 
Info    : CombineImprove 
[dtoo] mesh written: /repo/data/dataset/sobol/machine_0008/mesh.msh.part
[sampler] machine_0008 mesh OK
Info    : 1 elements combined 
Info    : ImproveMesh 
Info    : Total badness = 162305 
Info    : Total badness = 162302 
Info    : SplitImprove 
Info    : badmax = 14.6056 
Info    : 0 splits performed 
Info    : ImproveMesh 
Info    : Total badness = 162302 
Info    : Total badness = 162301 
Info    : SwapImprove  
Info    : 13 swaps performed 
Info    : SwapImprove2  
Info    : 0 swaps performed 
Info    : ImproveMesh 
Info    : Total badness = 162298 
Info    : Total badness = 162290 
Info    : CombineImprove 
Info    : 1 elements combined 
Info    : ImproveMesh 
Info    : Total badness = 162281 
Info    : Total badness = 162280 
Info    : SplitImprove 
Info    : badmax = 14.6056 
Info    : 0 splits performed 
Info    : ImproveMesh 
Info    : Total badness = 162280 
Info    : Total badness = 162279 
Info    : SwapImprove  
Info    : 7 swaps performed 
Info    : SwapImprove2  
Info    : Meshing order 2 (curvilinear off)...
Info    : [  0%] Meshing curve 1 order 2
Info    : [ 10%] Meshing curve 2 order 2
Info    : [ 10%] Meshing curve 3 order 2
Info    : [ 10%] Meshing curve 4 order 2
Info    : [ 10%] Meshing curve 5 order 2
Info    : [ 10%] Meshing curve 6 order 2
Info    : [ 10%] Meshing curve 7 order 2
Info    : [ 20%] Meshing curve 8 order 2
Info    : [ 20%] Meshing curve 9 order 2
Info    : [ 20%] Meshing curve 10 order 2
Info    : [ 20%] Meshing curve 11 order 2
Info    : [ 20%] Meshing curve 12 order 2
Info    : [ 20%] Meshing curve 13 order 2
Info    : [ 30%] Meshing curve 14 order 2
Info    : [ 30%] Meshing curve 15 order 2
Info    : [ 30%] Meshing curve 16 order 2
Info    : [ 30%] Meshing curve 17 order 2
Info    : [ 30%] Meshing curve 18 order 2
Info    : [ 30%] Meshing curve 19 order 2
Info    : [ 40%] Meshing curve 20 order 2
Info    : [ 40%] Meshing curve 21 order 2
Info    : [ 40%] Meshing curve 22 order 2
Info    : [ 40%] Meshing curve 23 order 2
Info    : [ 40%] Meshing curve 24 order 2
Info    : [ 40%] Meshing curve 25 order 2
Info    : [ 50%] Meshing curve 26 order 2
Info    : [ 50%] Meshing curve 27 order 2
Info    : [ 50%] Meshing curve 28 order 2
Info    : [ 50%] Meshing curve 29 order 2
Info    : [ 50%] Meshing curve 30 order 2
Info    : [ 50%] Meshing curve 31 order 2
Info    : [ 60%] Meshing curve 32 order 2
Info    : [ 60%] Meshing curve 33 order 2
Info    : [ 60%] Meshing curve 34 order 2
Info    : [ 60%] Meshing curve 35 order 2
Info    : [ 60%] Meshing curve 36 order 2
Info    : [ 60%] Meshing curve 37 order 2
Info    : [ 60%] Meshing curve 38 order 2
Info    : [ 70%] Meshing curve 39 order 2
Info    : [ 70%] Meshing curve 40 order 2
Info    : [ 70%] Meshing curve 41 order 2
Info    : [ 70%] Meshing curve 42 order 2
Info    : [ 70%] Meshing surface 1 order 2
Info    : [ 70%] Meshing surface 2 order 2
Info    : [ 80%] Meshing surface 3 order 2
Info    : [ 80%] Meshing surface 4 order 2
Info    : [ 80%] Meshing surface 5 order 2
Info    : [ 80%] Meshing surface 6 order 2
Info    : [ 80%] Meshing surface 7 order 2
Info    : [ 80%] Meshing surface 8 order 2
Info    : [ 90%] Meshing surface 9 order 2
Info    : [ 90%] Meshing surface 10 order 2
Info    : [ 90%] Meshing surface 11 order 2
Info    : [ 90%] Meshing surface 12 order 2
Info    : [ 90%] Meshing surface 13 order 2
Info    : [ 90%] Meshing surface 14 order 2
Info    : [100%] Meshing surface 15 order 2
Info    : [100%] Meshing surface 16 order 2
Info    : [100%] Meshing surface 17 order 2
Info    : [100%] Meshing surface 18 order 2
Info    : [100%] Meshing surface 19 order 2
Info    : [100%] Meshing volume 1 order 2
Info    : 0 swaps performed 
Info    : ImproveMesh 
Info    : Total badness = 162279 
Info    : Total badness = 162275 
Info    : CombineImprove 
Info    : 0 elements combined 
Info    : ImproveMesh 
Info    : Total badness = 162275 
Info    : Total badness = 162275 
Info    : SplitImprove 
Info    : badmax = 14.6056 
Info    : Done meshing order 2 (Wall 0.882909s, CPU 0.876241s)
Info    : 0 splits performed 
Info    : ImproveMesh 
Info    : Total badness = 162275 
Debug   : Renumbering for potentially partial mesh save
Info    : Total badness = 162274 
Info    : SwapImprove  
Info    : 5 swaps performed 
Info    : SwapImprove2  
Info    : 0 swaps performed 
Info    : ImproveMesh 
Info    : Total badness = 162274 
Info    : Total badness = 162271 
[dtoo] mesh written: /repo/data/dataset/sobol/machine_0006/mesh.msh.part
[sampler] machine_0006 mesh OK
Info    : Meshing order 2 (curvilinear off)...
Info    : [  0%] Meshing curve 1 order 2
Info    : [ 10%] Meshing curve 2 order 2
Info    : [ 10%] Meshing curve 3 order 2
Info    : [ 10%] Meshing curve 4 order 2
Info    : [ 10%] Meshing curve 5 order 2
Info    : [ 10%] Meshing curve 6 order 2
Info    : [ 10%] Meshing curve 7 order 2
Info    : [ 20%] Meshing curve 8 order 2
Info    : [ 20%] Meshing curve 9 order 2
Info    : [ 20%] Meshing curve 10 order 2
Info    : [ 20%] Meshing curve 11 order 2
Info    : [ 20%] Meshing curve 12 order 2
Info    : [ 20%] Meshing curve 13 order 2
Info    : [ 30%] Meshing curve 14 order 2
Info    : [ 30%] Meshing curve 15 order 2
Info    : [ 30%] Meshing curve 16 order 2
Info    : [ 30%] Meshing curve 17 order 2
Info    : [ 30%] Meshing curve 18 order 2
Info    : [ 30%] Meshing curve 19 order 2
Info    : [ 40%] Meshing curve 20 order 2
Info    : [ 40%] Meshing curve 21 order 2
Info    : [ 40%] Meshing curve 22 order 2
Info    : [ 40%] Meshing curve 23 order 2
Info    : [ 40%] Meshing curve 24 order 2
Info    : [ 40%] Meshing curve 25 order 2
Info    : [ 50%] Meshing curve 26 order 2
Info    : [ 50%] Meshing curve 27 order 2
Info    : [ 50%] Meshing curve 28 order 2
Info    : [ 50%] Meshing curve 29 order 2
Info    : [ 50%] Meshing curve 30 order 2
Info    : [ 50%] Meshing curve 31 order 2
Info    : [ 60%] Meshing curve 32 order 2
Info    : [ 60%] Meshing curve 33 order 2
Info    : [ 60%] Meshing curve 34 order 2
Info    : [ 60%] Meshing curve 35 order 2
Info    : [ 60%] Meshing curve 36 order 2
Info    : [ 60%] Meshing curve 37 order 2
Info    : [ 60%] Meshing curve 38 order 2
Info    : [ 70%] Meshing curve 39 order 2
Info    : [ 70%] Meshing curve 40 order 2
Info    : [ 70%] Meshing curve 41 order 2
Info    : [ 70%] Meshing curve 42 order 2
Info    : [ 70%] Meshing surface 1 order 2
Info    : [ 70%] Meshing surface 2 order 2
Info    : [ 80%] Meshing surface 3 order 2
Info    : [ 80%] Meshing surface 4 order 2
Info    : [ 80%] Meshing surface 5 order 2
Info    : [ 80%] Meshing surface 6 order 2
Info    : [ 80%] Meshing surface 7 order 2
Info    : [ 80%] Meshing surface 8 order 2
Info    : [ 90%] Meshing surface 9 order 2
Info    : [ 90%] Meshing surface 10 order 2
Info    : [ 90%] Meshing surface 11 order 2
Info    : [ 90%] Meshing surface 12 order 2
Info    : [ 90%] Meshing surface 13 order 2
Info    : [ 90%] Meshing surface 14 order 2
Info    : [100%] Meshing surface 15 order 2
Info    : [100%] Meshing surface 16 order 2
Info    : [100%] Meshing surface 17 order 2
Info    : [100%] Meshing surface 18 order 2
Info    : [100%] Meshing surface 19 order 2
Info    : [100%] Meshing volume 1 order 2
Info    : Done meshing order 2 (Wall 0.766846s, CPU 0.765595s)
Debug   : Renumbering for potentially partial mesh save
[dtoo] mesh written: /repo/data/dataset/sobol/machine_0024/mesh.msh.part
[sampler] machine_0024 mesh OK
[dtoo] pass complete (xargs rc=123; 0 = all ok, 123 = at least one failed)
srun: error: uc2n601: task 0: Exited with exit code 1
[dtoo] container step rc=1 after 333s
[dtoo] stage file      /pfs/work9/workspace/scratch/st_ac136362-hex3d/domain_partition_3D/experimentell/hex3d_algohex/logs/stage_6877061.txt

[dtoo] ================ yield summary ================
[dtoo] wall            333s
[dtoo] machines        63 exported, 1 failed, 0 not attempted
[dtoo] mesh.msh        4.0G dataset total
[dtoo] yield           63 / 64 attempted; with MISS >= 1, resubmit to finish
[dtoo] feed these into batch_samples.slurm:
[dtoo]   NS="2000 8000" CANDS="data/dataset/sobol/machine_00*" \
[dtoo]       sbatch experimentell/hex3d_algohex/scripts/batch_samples.slurm
[dtoo] ============================================
[dtoo] keep this log:  git add experimentell/hex3d_algohex/logs && git commit -m 'cluster: dtOO export job 6877061 log'
[dtoo] log file:       /pfs/work9/workspace/scratch/st_ac136362-hex3d/domain_partition_3D/experimentell/hex3d_algohex/logs/batch_dtoo_export_6877061.log
