[dtoo] progress log: /repo/experimentell/hex3d_algohex/logs/export_progress_6880160.log (parallel=48)
[dtoo] case source: /dtOO/build/test/tistos
[dtoo] machine_0002 mesh.msh present, skipping
[dtoo] machine_0003 mesh.msh present, skipping
[dtoo] machine_0004 mesh.msh present, skipping
[dtoo] machine_0005 mesh.msh present, skipping
[dtoo] machine_0006 mesh.msh present, skipping
[dtoo] machine_0007 mesh.msh present, skipping
[dtoo] machine_0008 mesh.msh present, skipping
[dtoo] machine_0009 mesh.msh present, skipping
[dtoo] machine_0010 mesh.msh present, skipping
[dtoo] machine_0011 mesh.msh present, skipping
[dtoo] machine_0012 mesh.msh present, skipping
[dtoo] machine_0013 mesh.msh present, skipping
[dtoo] machine_0014 mesh.msh present, skipping
[dtoo] machine_0015 mesh.msh present, skipping
[dtoo] machine_0016 mesh.msh present, skipping
[dtoo] machine_0017 mesh.msh present, skipping
[dtoo] machine_0018 mesh.msh present, skipping
[dtoo] machine_0019 mesh.msh present, skipping
[dtoo] machine_0020 mesh.msh present, skipping
[dtoo] machine_0021 mesh.msh present, skipping
[dtoo] machine_0022 mesh.msh present, skipping
[dtoo] machine_0023 mesh.msh present, skipping
[dtoo] machine_0024 mesh.msh present, skipping
[dtoo] machine_0025 mesh.msh present, skipping
[dtoo] machine_0026 mesh.msh present, skipping
[dtoo] machine_0027 mesh.msh present, skipping
[dtoo] machine_0028 mesh.msh present, skipping
[dtoo] machine_0029 mesh.msh present, skipping
[dtoo] machine_0030 mesh.msh present, skipping
[dtoo] machine_0031 mesh.msh present, skipping
[dtoo] machine_0032 mesh.msh present, skipping
[dtoo] machine_0033 mesh.msh present, skipping
[dtoo] machine_0034 mesh.msh present, skipping
[dtoo] machine_0035 mesh.msh present, skipping
[dtoo] machine_0036 mesh.msh present, skipping
[dtoo] machine_0037 mesh.msh present, skipping
[dtoo] machine_0038 mesh.msh present, skipping
[dtoo] machine_0039 mesh.msh present, skipping
[dtoo] machine_0040 mesh.msh present, skipping
[dtoo] machine_0041 mesh.msh present, skipping
[dtoo] machine_0042 mesh.msh present, skipping
[dtoo] machine_0043 mesh.msh present, skipping
[dtoo] machine_0044 mesh.msh present, skipping
[dtoo] machine_0045 mesh.msh present, skipping
[dtoo] machine_0046 mesh.msh present, skipping
[dtoo] machine_0047 mesh.msh present, skipping
[dtoo] machine_0048 mesh.msh present, skipping
[dtoo] machine_0049 mesh.msh present, skipping
[dtoo] machine_0050 mesh.msh present, skipping
[dtoo] machine_0051 mesh.msh present, skipping
[dtoo] machine_0052 mesh.msh present, skipping
[dtoo] machine_0053 mesh.msh present, skipping
[dtoo] machine_0054 mesh.msh present, skipping
[dtoo] machine_0055 mesh.msh present, skipping
[dtoo] machine_0056 mesh.msh present, skipping
[dtoo] machine_0057 mesh.msh present, skipping
[dtoo] machine_0058 mesh.msh present, skipping
[dtoo] machine_0060 mesh.msh present, skipping
[dtoo] machine_0061 mesh.msh present, skipping
[dtoo] machine_0062 mesh.msh present, skipping
[dtoo] machine_0063 mesh.msh present, skipping
[dtoo] machine_0064 mesh.msh present, skipping
[dtoo] pending: 2 machines, parallel=48
[dtoo] exporting machine_0059 2026-09-12T12:30:36+02:00
[dtoo] exporting machine_0001 2026-09-12T12:30:36+02:00
[sampler] draw skipped: all 64 machines carry params.json (export pass, scipy not needed here)
[sampler] draw skipped: all 64 machines carry params.json (export pass, scipy not needed here)
[sampler] exporting 1 meshes (dtOO, container only)
[sampler] exporting 1 meshes (dtOO, container only)
Warning : Gmsh has aleady been initialized
Warning : Gmsh has aleady been initialized
Warning : Gmsh has aleady been initialized
Warning : Gmsh has aleady been initialized
Warning : Gmsh has aleady been initialized
Warning : Gmsh has aleady been initialized
Warning : Gmsh has aleady been initialized
Warning : Gmsh has aleady been initialized
Warning : Gmsh has aleady been initialized
Warning : Gmsh has aleady been initialized
Warning : Gmsh has aleady been initialized
Warning : Gmsh has aleady been initialized
Warning : Gmsh has aleady been initialized
Warning : Gmsh has aleady been initialized
Warning : Gmsh has aleady been initialized
Warning : Gmsh has aleady been initialized
Warning : Gmsh has aleady been initialized
Warning : Gmsh has aleady been initialized
Warning : Gmsh has aleady been initialized
Warning : Gmsh has aleady been initialized
Warning : Gmsh has aleady been initialized
Warning : Gmsh has aleady been initialized
Warning : Gmsh has aleady been initialized
Warning : Gmsh has aleady been initialized
Warning : Gmsh has aleady been initialized
Warning : Gmsh has aleady been initialized
Warning : Gmsh has aleady been initialized
Warning : Gmsh has aleady been initialized
Warning : Gmsh has aleady been initialized
Warning : Gmsh has aleady been initialized
[dtoo] applied 30 parameter overrides
[dtoo] applied 30 parameter overrides
Warning : Gmsh has aleady been initialized
Warning : Gmsh has aleady been initialized
Warning : Gmsh has aleady been initialized
Warning : Gmsh has aleady been initialized
Warning : Gmsh has aleady been initialized
Warning : Gmsh has aleady been initialized
Warning : Gmsh has aleady been initialized
Warning : Gmsh has aleady been initialized
Warning : Gmsh has aleady been initialized
Warning : Gmsh has aleady been initialized
[dtoo] plugin ru_adjustDomain applied
[dtoo] makeGrid on ru_gridGmsh ...
Debug   : Decoded option name 'General' . 'ExpertMode' (index 0)
Debug   : Decoded option name 'Mesh' . 'LcIntegrationPrecision' (index 0)
Debug   : Decoded option name 'Mesh' . 'CharacteristicLengthMin' (index 0)
Debug   : Decoded option name 'Mesh' . 'CharacteristicLengthMax' (index 0)
Debug   : Decoded option name 'Mesh' . 'Algorithm' (index 0)
Debug   : Decoded option name 'Mesh' . 'MeshSizeExtendFromBoundary' (index 0)
Debug   : Decoded option name 'Mesh' . 'MeshSizeFromPoints' (index 0)
Warning : Gmsh has aleady been initialized
Warning : Gmsh has aleady been initialized
Debug   : Could not find next curve in loop, aborting
Debug   : Could not find next curve in loop, aborting
Debug   : Could not find next curve in loop, aborting
Debug   : Could not find next curve in loop, aborting
Debug   : Could not find next curve in loop, aborting
Debug   : Could not find next curve in loop, aborting
Debug   : Could not find next curve in loop, aborting
Debug   : Could not find next curve in loop, aborting
Debug   : Could not find next curve in loop, aborting
Debug   : Could not find next curve in loop, aborting
Info    : Setting mesh master using transformation
Info    : Setting curve master 2 - 4
Info    : Setting curve master 9 - 10
Info    : Setting curve master 11 - 12
Info    : Setting curve master 6 - 8
[dtoo] plugin ru_adjustDomain applied
[dtoo] makeGrid on ru_gridGmsh ...
Debug   : Decoded option name 'General' . 'ExpertMode' (index 0)
Debug   : Decoded option name 'Mesh' . 'LcIntegrationPrecision' (index 0)
Debug   : Decoded option name 'Mesh' . 'CharacteristicLengthMin' (index 0)
Debug   : Decoded option name 'Mesh' . 'CharacteristicLengthMax' (index 0)
Debug   : Decoded option name 'Mesh' . 'Algorithm' (index 0)
Debug   : Decoded option name 'Mesh' . 'MeshSizeExtendFromBoundary' (index 0)
Debug   : Decoded option name 'Mesh' . 'MeshSizeFromPoints' (index 0)
Info    : Meshing vertex 1 ( dtGmshVertex )
Info    : Meshing vertex 4 ( dtGmshVertex )
Info    : Meshing vertex 5 ( dtGmshVertex )
Info    : Meshing vertex 8 ( dtGmshVertex )
Info    : Meshing vertex 9 ( dtGmshVertex )
Info    : Meshing vertex 10 ( dtGmshVertex )
Info    : Meshing vertex 11 ( dtGmshVertex )
Info    : Meshing vertex 12 ( dtGmshVertex )
Info    : Meshing vertex 13 ( dtGmshVertex )
Info    : Meshing vertex 14 ( dtGmshVertex )
Info    : Meshing vertex 15 ( dtGmshVertex )
Info    : Meshing vertex 16 ( dtGmshVertex )
Info    : Meshing vertex 17 ( dtGmshVertex )
Info    : Meshing vertex 18 ( dtGmshVertex )
Info    : Meshing vertex 19 ( dtGmshVertex )
Info    : Meshing vertex 20 ( dtGmshVertex )
Info    : Meshing vertex 21 ( dtGmshVertex )
Info    : Meshing vertex 22 ( dtGmshVertex )
Info    : Meshing vertex 23 ( dtGmshVertex )
Info    : Meshing vertex 24 ( dtGmshVertex )
Info    : Meshing vertex 25 ( dtGmshVertex )
Info    : Meshing vertex 26 ( dtGmshVertex )
Info    : Meshing vertex 27 ( dtGmshVertex )
Info    : Meshing vertex 28 ( dtGmshVertex )
Info    : Corresponding vertex 1 (master) -> 2 (slave)
Info    : Corresponding vertex 4 (master) -> 3 (slave)
Info    : Corresponding vertex 5 (master) -> 6 (slave)
Info    : Corresponding vertex 8 (master) -> 7 (slave)
Info    : Meshing curve 1 (Unknown)
Debug   : Meshing curve 1 (Unknown): 10 interior vertices
Info    : Meshing curve 3 (Unknown)
Debug   : Meshing curve 3 (Unknown): 10 interior vertices
Info    : Meshing curve 4 (Unknown)
Debug   : Meshing curve 4 (Unknown): 33 interior vertices
Info    : Meshing curve 5 (Unknown)
Debug   : Meshing curve 5 (Unknown): 39 interior vertices
Info    : Meshing curve 7 (Unknown)
Debug   : Meshing curve 7 (Unknown): 39 interior vertices
Info    : Meshing curve 8 (Unknown)
Debug   : Meshing curve 8 (Unknown): 37 interior vertices
Info    : Meshing curve 10 ( dtMeshFreeGradingGEdge transType=3, reverse=0)
Info    : Meshing curve 12 ( dtMeshFreeGradingGEdge transType=3, reverse=0)
Info    : Meshing curve 13 ( dtMeshFreeGradingGEdge transType=17, reverse=0)
Info    : Meshing curve 14 ( dtMeshFreeGradingGEdge transType=6, reverse=0)
Info    : Meshing curve 15 ( dtMeshFreeGradingGEdge transType=18, reverse=0)
Info    : Meshing curve 16 ( dtMeshFreeGradingGEdge transType=6, reverse=0)
Info    : Meshing curve 17 ( dtMeshFreeGradingGEdge transType=17, reverse=0)
Info    : Meshing curve 18 ( dtMeshFreeGradingGEdge transType=6, reverse=0)
Info    : Meshing curve 19 ( dtMeshFreeGradingGEdge transType=18, reverse=0)
Info    : Meshing curve 20 ( dtMeshFreeGradingGEdge transType=6, reverse=0)
Info    : Meshing curve 21 ( dtMeshFreeGradingGEdge transType=3, reverse=0)
Info    : Meshing curve 22 ( dtMeshFreeGradingGEdge transType=3, reverse=0)
Info    : Meshing curve 23 ( dtMeshFreeGradingGEdge transType=3, reverse=0)
Info    : Meshing curve 24 ( dtMeshFreeGradingGEdge transType=3, reverse=0)
Info    : Meshing curve 25 (Unknown)
Debug   : Meshing curve 25 (Unknown): 15 interior vertices
Info    : Meshing curve 26 ( dtMeshFreeGradingGEdge transType=6, reverse=0)
Info    : Meshing curve 27 (Unknown)
Debug   : Meshing curve 27 (Unknown): 15 interior vertices
Info    : Meshing curve 28 (Unknown)
Debug   : Meshing curve 28 (Unknown): 15 interior vertices
Info    : Meshing curve 29 ( dtMeshFreeGradingGEdge transType=6, reverse=0)
Info    : Meshing curve 30 (Unknown)
Debug   : Meshing curve 30 (Unknown): 15 interior vertices
Info    : Meshing curve 31 ( dtMeshFreeGradingGEdge transType=3, reverse=0)
Info    : Meshing curve 32 ( dtMeshFreeGradingGEdge transType=3, reverse=0)
Info    : Meshing curve 33 ( dtMeshFreeGradingGEdge transType=17, reverse=0)
Info    : Meshing curve 34 ( dtMeshFreeGradingGEdge transType=6, reverse=0)
Info    : Meshing curve 35 ( dtMeshFreeGradingGEdge transType=18, reverse=0)
Info    : Meshing curve 36 ( dtMeshFreeGradingGEdge transType=17, reverse=0)
Info    : Meshing curve 37 ( dtMeshFreeGradingGEdge transType=6, reverse=0)
Info    : Meshing curve 38 ( dtMeshFreeGradingGEdge transType=18, reverse=0)
Info    : Meshing curve 39 ( dtMeshFreeGradingGEdge transType=3, reverse=0)
Info    : Meshing curve 40 ( dtMeshFreeGradingGEdge transType=3, reverse=0)
Info    : Meshing curve 41 (Unknown)
Debug   : Meshing curve 41 (Unknown): 7 interior vertices
Info    : Meshing curve 42 ( dtMeshFreeGradingGEdge transType=6, reverse=0)
Info    : Meshing curve 43 (Unknown)
Debug   : Meshing curve 43 (Unknown): 7 interior vertices
Info    : Meshing curve 44 (Unknown)
Debug   : Meshing curve 44 (Unknown): 7 interior vertices
Info    : Meshing curve 45 ( dtMeshFreeGradingGEdge transType=6, reverse=0)
Info    : Meshing curve 46 (Unknown)
Debug   : Could not find next curve in loop, aborting
Debug   : Could not find next curve in loop, aborting
Debug   : Could not find next curve in loop, aborting
Debug   : Could not find next curve in loop, aborting
Debug   : Could not find next curve in loop, aborting
Debug   : Could not find next curve in loop, aborting
Debug   : Could not find next curve in loop, aborting
Debug   : Could not find next curve in loop, aborting
Debug   : Could not find next curve in loop, aborting
Debug   : Could not find next curve in loop, aborting
Debug   : Meshing curve 46 (Unknown): 7 interior vertices
Info    : Meshing curve 47 ( dtMeshFreeGradingGEdge transType=3, reverse=0)
Info    : Meshing curve 48 ( dtMeshFreeGradingGEdge transType=3, reverse=0)
Info    : Meshing curve 49 (Unknown)
Debug   : Meshing curve 49 (Unknown): 7 interior vertices
Info    : Meshing curve 50 (Unknown)
Debug   : Meshing curve 50 (Unknown): 7 interior vertices
Info    : Meshing curve 51 (Unknown)
Debug   : Meshing curve 51 (Unknown): 7 interior vertices
Info    : Meshing curve 52 (Unknown)
Debug   : Meshing curve 52 (Unknown): 7 interior vertices
Info    : Copy mesh from edge 4 to edge 2 ( dtMesh1DOperator )
Info    : Meshing curve 2 (Unknown) as a copy of curve 4
Info    : Setting mesh master using transformation
Info    : Setting curve master 2 - 4
Info    : Setting curve master 9 - 10
Info    : Setting curve master 11 - 12
Info    : Setting curve master 6 - 8
Info    : Meshing vertex 1 ( dtGmshVertex )
Info    : Meshing vertex 4 ( dtGmshVertex )
Info    : Meshing vertex 5 ( dtGmshVertex )
Info    : Meshing vertex 8 ( dtGmshVertex )
Info    : Meshing vertex 9 ( dtGmshVertex )
Info    : Meshing vertex 10 ( dtGmshVertex )
Info    : Meshing vertex 11 ( dtGmshVertex )
Info    : Meshing vertex 12 ( dtGmshVertex )
Info    : Meshing vertex 13 ( dtGmshVertex )
Info    : Meshing vertex 14 ( dtGmshVertex )
Info    : Meshing vertex 15 ( dtGmshVertex )
Info    : Meshing vertex 16 ( dtGmshVertex )
Info    : Meshing vertex 17 ( dtGmshVertex )
Info    : Meshing vertex 18 ( dtGmshVertex )
Info    : Meshing vertex 19 ( dtGmshVertex )
Info    : Meshing vertex 20 ( dtGmshVertex )
Info    : Meshing vertex 21 ( dtGmshVertex )
Info    : Meshing vertex 22 ( dtGmshVertex )
Info    : Meshing vertex 23 ( dtGmshVertex )
Info    : Meshing vertex 24 ( dtGmshVertex )
Info    : Meshing vertex 25 ( dtGmshVertex )
Info    : Meshing vertex 26 ( dtGmshVertex )
Info    : Meshing vertex 27 ( dtGmshVertex )
Info    : Meshing vertex 28 ( dtGmshVertex )
Info    : Corresponding vertex 1 (master) -> 2 (slave)
Info    : Corresponding vertex 4 (master) -> 3 (slave)
Info    : Corresponding vertex 5 (master) -> 6 (slave)
Info    : Corresponding vertex 8 (master) -> 7 (slave)
Info    : Meshing curve 1 (Unknown)
Debug   : Meshing curve 1 (Unknown): 10 interior vertices
Info    : Meshing curve 3 (Unknown)
Debug   : Meshing curve 3 (Unknown): 10 interior vertices
Info    : Meshing curve 4 (Unknown)
Debug   : Meshing curve 4 (Unknown): 33 interior vertices
Info    : Meshing curve 5 (Unknown)
Debug   : Meshing curve 5 (Unknown): 39 interior vertices
Info    : Meshing curve 7 (Unknown)
Debug   : Meshing curve 7 (Unknown): 39 interior vertices
Info    : Meshing curve 8 (Unknown)
Debug   : Meshing curve 8 (Unknown): 34 interior vertices
Info    : Meshing curve 10 ( dtMeshFreeGradingGEdge transType=3, reverse=0)
Info    : Meshing curve 12 ( dtMeshFreeGradingGEdge transType=3, reverse=0)
Info    : Meshing curve 13 ( dtMeshFreeGradingGEdge transType=17, reverse=0)
Info    : Meshing curve 14 ( dtMeshFreeGradingGEdge transType=6, reverse=0)
Info    : Meshing curve 15 ( dtMeshFreeGradingGEdge transType=18, reverse=0)
Info    : Meshing curve 16 ( dtMeshFreeGradingGEdge transType=6, reverse=0)
Info    : Meshing curve 17 ( dtMeshFreeGradingGEdge transType=17, reverse=0)
Info    : Meshing curve 18 ( dtMeshFreeGradingGEdge transType=6, reverse=0)
Info    : Meshing curve 19 ( dtMeshFreeGradingGEdge transType=18, reverse=0)
Info    : Meshing curve 20 ( dtMeshFreeGradingGEdge transType=6, reverse=0)
Info    : Meshing curve 21 ( dtMeshFreeGradingGEdge transType=3, reverse=0)
Info    : Meshing curve 22 ( dtMeshFreeGradingGEdge transType=3, reverse=0)
Info    : Meshing curve 23 ( dtMeshFreeGradingGEdge transType=3, reverse=0)
Info    : Meshing curve 24 ( dtMeshFreeGradingGEdge transType=3, reverse=0)
Info    : Meshing curve 25 (Unknown)
Debug   : Meshing curve 25 (Unknown): 15 interior vertices
Info    : Meshing curve 26 ( dtMeshFreeGradingGEdge transType=6, reverse=0)
Info    : Meshing curve 27 (Unknown)
Debug   : Meshing curve 27 (Unknown): 15 interior vertices
Info    : Meshing curve 28 (Unknown)
Debug   : Meshing curve 28 (Unknown): 15 interior vertices
Info    : Meshing curve 29 ( dtMeshFreeGradingGEdge transType=6, reverse=0)
Info    : Meshing curve 30 (Unknown)
Debug   : Meshing curve 30 (Unknown): 15 interior vertices
Info    : Meshing curve 31 ( dtMeshFreeGradingGEdge transType=3, reverse=0)
Info    : Meshing curve 32 ( dtMeshFreeGradingGEdge transType=3, reverse=0)
Info    : Meshing curve 33 ( dtMeshFreeGradingGEdge transType=17, reverse=0)
Info    : Meshing curve 34 ( dtMeshFreeGradingGEdge transType=6, reverse=0)
Info    : Meshing curve 35 ( dtMeshFreeGradingGEdge transType=18, reverse=0)
Info    : Meshing curve 36 ( dtMeshFreeGradingGEdge transType=17, reverse=0)
Info    : Meshing curve 37 ( dtMeshFreeGradingGEdge transType=6, reverse=0)
Info    : Meshing curve 38 ( dtMeshFreeGradingGEdge transType=18, reverse=0)
Info    : Meshing curve 39 ( dtMeshFreeGradingGEdge transType=3, reverse=0)
Info    : Meshing curve 40 ( dtMeshFreeGradingGEdge transType=3, reverse=0)
Info    : Meshing curve 41 (Unknown)
Debug   : Meshing curve 41 (Unknown): 7 interior vertices
Info    : Meshing curve 42 ( dtMeshFreeGradingGEdge transType=6, reverse=0)
Info    : Meshing curve 43 (Unknown)
Debug   : Meshing curve 43 (Unknown): 7 interior vertices
Info    : Meshing curve 44 (Unknown)
Debug   : Meshing curve 44 (Unknown): 7 interior vertices
Info    : Meshing curve 45 ( dtMeshFreeGradingGEdge transType=6, reverse=0)
Info    : Meshing curve 46 (Unknown)
Debug   : Meshing curve 46 (Unknown): 7 interior vertices
Info    : Meshing curve 47 ( dtMeshFreeGradingGEdge transType=3, reverse=0)
Info    : Meshing curve 48 ( dtMeshFreeGradingGEdge transType=3, reverse=0)
Info    : Meshing curve 49 (Unknown)
Debug   : Meshing curve 49 (Unknown): 7 interior vertices
Info    : Meshing curve 50 (Unknown)
Debug   : Meshing curve 50 (Unknown): 7 interior vertices
Info    : Meshing curve 51 (Unknown)
Debug   : Meshing curve 51 (Unknown): 7 interior vertices
Info    : Meshing curve 52 (Unknown)
Debug   : Meshing curve 52 (Unknown): 7 interior vertices
Info    : Copy mesh from edge 4 to edge 2 ( dtMesh1DOperator )
Info    : Meshing curve 2 (Unknown) as a copy of curve 4
Info    : Copy mesh from edge 8 to edge 6 ( dtMesh1DOperator )
Info    : Meshing curve 6 (Unknown) as a copy of curve 8
Info    : Copy mesh from edge 8 to edge 6 ( dtMesh1DOperator )
Info    : Meshing curve 6 (Unknown) as a copy of curve 8
Info    : Copy mesh from edge 10 to edge 9 ( dtMesh1DOperator )
Info    : Meshing curve 9 (Unknown) as a copy of curve 10
Info    : Copy mesh from edge 10 to edge 9 ( dtMesh1DOperator )
Info    : Meshing curve 9 (Unknown) as a copy of curve 10
Info    : Copy mesh from edge 12 to edge 11 ( dtMesh1DOperator )
Info    : Meshing curve 11 (Unknown) as a copy of curve 12
Info    : Copy mesh from edge 12 to edge 11 ( dtMesh1DOperator )
Info    : Meshing curve 11 (Unknown) as a copy of curve 12
Info    : Meshing surface 3 ( dtMeshGFaceWithTransfiniteLayer )
Info    : Meshing surface 3 ( dtMeshGFaceWithTransfiniteLayer )
Info    : Meshing surface 1 (Parametric surface, MeshAdapt)
Info    : Meshing surface 1 (Parametric surface, MeshAdapt)
Debug   : Recovering 1 model edges
Debug   : Recovering 83 mesh edges (0 not recovered)
Debug   : Recovering 1 model edges
Debug   : Recovering 83 mesh edges (0 not recovered)
Debug   : Boundary edges recovered for surface 1
Debug   : Boundary edges recovered for surface 1
Debug   : Computing mesh size field at mesh nodes 83
Debug   : Computing mesh size field at mesh nodes 83
Debug   : Delaunizing the initial mesh
Debug   : Delaunizing the initial mesh
Debug   : Starting to add internal nodes
Debug   : Starting to add internal nodes
Debug   :  iter   1 minL    0.534/   0.700 maxL    3.378/   1.400 -- Small/Large/Total (    25/   299/   820):    276 splits,    416 swaps,     57 collapses,    772 moves
Debug   :  iter   1 minL    0.482/   0.700 maxL    3.882/   1.400 -- Small/Large/Total (    29/   293/   826):    277 splits,    400 swaps,     56 collapses,    786 moves
Debug   :  iter   2 minL    0.482/   0.700 maxL    1.591/   1.400 -- Small/Large/Total (    52/     8/  1579):    298 splits,    120 swaps,     47 collapses,   1106 moves
Debug   :  iter   2 minL    0.538/   0.700 maxL    1.811/   1.400 -- Small/Large/Total (    51/    15/  1558):    304 splits,     94 swaps,     58 collapses,   1079 moves
Debug   :  iter   3 minL    0.482/   0.700 maxL    1.372/   1.400 -- Small/Large/Total (    44/     0/  1600):      9 splits,     11 swaps,      2 collapses,    249 moves
Debug   :  iter   3 minL    0.538/   0.700 maxL    1.386/   1.400 -- Small/Large/Total (    45/     0/  1588):     17 splits,      9 swaps,      7 collapses,    316 moves
Debug   :  iter   4 minL    0.538/   0.700 maxL    1.386/   1.400 -- Small/Large/Total (    43/     0/  1585):      0 splits,      1 swaps,      1 collapses,    104 moves
Debug   :  iter   4 minL    0.482/   0.700 maxL    1.372/   1.400 -- Small/Large/Total (    45/     0/  1600):      0 splits,      0 swaps,      0 collapses,    103 moves
Debug   :  ---------------------------------------
Debug   :  CPU Report 
Debug   :  ---------------------------------------
Debug   :  CPU SWAP     2.72800E-03 sec (  0 %)
Debug   :  CPU SPLIT    4.87770E-02 sec (  8 %) 
Debug   :  CPU COLLAPS  9.27010E-02 sec ( 15 %) 
Debug   :  CPU SMOOTH   4.79040E-01 sec ( 77 %) 
Debug   :  ---------------------------------------
Debug   :  CPU TOTAL    6.23246E-01 sec 
Debug   :  ---------------------------------------
Debug   :  iter   5 minL    0.538/   0.700 maxL    1.386/   1.400 -- Small/Large/Total (    43/     0/  1585):      0 splits,      0 swaps,      0 collapses,     80 moves
Debug   :  ---------------------------------------
Debug   :  CPU Report 
Debug   :  ---------------------------------------
Debug   :  CPU SWAP     3.30500E-03 sec (  0 %)
Debug   :  CPU SPLIT    6.28350E-02 sec (  9 %) 
Debug   :  CPU COLLAPS  1.10283E-01 sec ( 15 %) 
Debug   :  CPU SMOOTH   5.56560E-01 sec ( 76 %) 
Debug   :  ---------------------------------------
Debug   :  CPU TOTAL    7.32983E-01 sec 
Debug   :  ---------------------------------------
Debug   :  iter   1 minL    0.482/   0.700 maxL    1.372/   1.400 -- Small/Large/Total (    45/     0/  1600):      0 splits,      0 swaps,      0 collapses,     92 moves
Debug   :  ---------------------------------------
Debug   :  CPU Report 
Debug   :  ---------------------------------------
Debug   :  CPU SWAP     6.06000E-04 sec (  0 %)
Debug   :  CPU SPLIT    3.28410E-02 sec ( 24 %) 
Debug   :  CPU COLLAPS  1.64280E-02 sec ( 12 %) 
Debug   :  CPU SMOOTH   8.68710E-02 sec ( 64 %) 
Debug   :  ---------------------------------------
Debug   :  CPU TOTAL    1.36746E-01 sec 
Debug   :  ---------------------------------------
Debug   :  iter   1 minL    0.538/   0.700 maxL    1.386/   1.400 -- Small/Large/Total (    43/     0/  1585):      0 splits,      0 swaps,      0 collapses,     76 moves
Debug   : Type 23 1039 triangles generated, 479 internal nodes
Debug   :  ---------------------------------------
Debug   :  CPU Report 
Debug   :  ---------------------------------------
Debug   :  CPU SWAP     6.01000E-04 sec (  0 %)
Debug   :  CPU SPLIT    3.16920E-02 sec ( 25 %) 
Debug   :  CPU COLLAPS  1.57790E-02 sec ( 12 %) 
Debug   :  CPU SMOOTH   7.86930E-02 sec ( 62 %) 
Debug   :  ---------------------------------------
Debug   :  CPU TOTAL    1.26765E-01 sec 
Debug   :  ---------------------------------------
Debug   : Type 23 1029 triangles generated, 474 internal nodes
Debug   : Destroying model myModel
Debug   : Destroying model myModel
Info    : Meshing surface 4 ( dtMeshGFaceWithTransfiniteLayer )
Info    : Meshing surface 4 ( dtMeshGFaceWithTransfiniteLayer )
Info    : Meshing surface 1 (Parametric surface, MeshAdapt)
Info    : Meshing surface 1 (Parametric surface, MeshAdapt)
Debug   : Recovering 1 model edges
Debug   : Recovering 83 mesh edges (0 not recovered)
Debug   : Boundary edges recovered for surface 1
Debug   : Computing mesh size field at mesh nodes 83
Debug   : Delaunizing the initial mesh
Debug   : Recovering 1 model edges
Debug   : Recovering 83 mesh edges (0 not recovered)
Debug   : Boundary edges recovered for surface 1
Debug   : Computing mesh size field at mesh nodes 83
Debug   : Delaunizing the initial mesh
Debug   : Starting to add internal nodes
Debug   : Starting to add internal nodes
Debug   :  iter   1 minL    0.469/   0.700 maxL    4.120/   1.400 -- Small/Large/Total (    38/   290/   835):    277 splits,    409 swaps,     53 collapses,    786 moves
Debug   :  iter   1 minL    0.518/   0.700 maxL    3.712/   1.400 -- Small/Large/Total (    38/   279/   835):    270 splits,    404 swaps,     46 collapses,    798 moves
Debug   :  iter   2 minL    0.477/   0.700 maxL    1.576/   1.400 -- Small/Large/Total (    59/    11/  1561):    296 splits,    121 swaps,     54 collapses,   1141 moves
Debug   :  iter   2 minL    0.545/   0.700 maxL    1.743/   1.400 -- Small/Large/Total (    42/    19/  1516):    288 splits,    126 swaps,     61 collapses,   1143 moves
Debug   :  iter   3 minL    0.477/   0.700 maxL    1.407/   1.400 -- Small/Large/Total (    58/     1/  1594):     13 splits,      5 swaps,      2 collapses,    273 moves
Debug   :  iter   3 minL    0.545/   0.700 maxL    1.546/   1.400 -- Small/Large/Total (    36/     2/  1561):     23 splits,     13 swaps,      8 collapses,    354 moves
Debug   :  iter   4 minL    0.477/   0.700 maxL    1.382/   1.400 -- Small/Large/Total (    58/     0/  1594):      1 splits,      2 swaps,      1 collapses,    142 moves
Debug   :  iter   4 minL    0.545/   0.700 maxL    1.366/   1.400 -- Small/Large/Total (    37/     0/  1564):      2 splits,      1 swaps,      1 collapses,    139 moves
Debug   :  iter   5 minL    0.477/   0.700 maxL    1.374/   1.400 -- Small/Large/Total (    57/     0/  1594):      0 splits,      0 swaps,      0 collapses,    108 moves
Debug   :  iter   5 minL    0.545/   0.700 maxL    1.366/   1.400 -- Small/Large/Total (    39/     0/  1567):      1 splits,      0 swaps,      0 collapses,    100 moves
Debug   :  ---------------------------------------
Debug   :  CPU Report 
Debug   :  ---------------------------------------
Debug   :  CPU SWAP     3.38600E-03 sec (  0 %)
Debug   :  CPU SPLIT    6.44360E-02 sec (  9 %) 
Debug   :  CPU COLLAPS  1.17970E-01 sec ( 16 %) 
Debug   :  CPU SMOOTH   5.62888E-01 sec ( 75 %) 
Debug   :  ---------------------------------------
Debug   :  CPU TOTAL    7.48680E-01 sec 
Debug   :  ---------------------------------------
Debug   :  iter   6 minL    0.545/   0.700 maxL    1.366/   1.400 -- Small/Large/Total (    39/     0/  1567):      0 splits,      0 swaps,      0 collapses,     86 moves
Debug   :  iter   1 minL    0.477/   0.700 maxL    1.374/   1.400 -- Small/Large/Total (    57/     0/  1594):      0 splits,      0 swaps,      0 collapses,     70 moves
Debug   :  ---------------------------------------
Debug   :  CPU Report 
Debug   :  ---------------------------------------
Debug   :  CPU SWAP     3.97400E-03 sec (  0 %)
Debug   :  CPU SPLIT    7.72690E-02 sec (  8 %) 
Debug   :  CPU COLLAPS  1.25995E-01 sec ( 14 %) 
Debug   :  CPU SMOOTH   7.16066E-01 sec ( 78 %) 
Debug   :  ---------------------------------------
Debug   :  CPU TOTAL    9.23304E-01 sec 
Debug   :  ---------------------------------------
Debug   :  ---------------------------------------
Debug   :  CPU Report 
Debug   :  ---------------------------------------
Debug   :  CPU SWAP     6.14000E-04 sec (  0 %)
Debug   :  CPU SPLIT    3.26890E-02 sec ( 23 %) 
Debug   :  CPU COLLAPS  1.63010E-02 sec ( 12 %) 
Debug   :  CPU SMOOTH   9.05320E-02 sec ( 65 %) 
Debug   :  ---------------------------------------
Debug   :  CPU TOTAL    1.40136E-01 sec 
Debug   :  ---------------------------------------
Debug   : Type 23 1035 triangles generated, 477 internal nodes
Debug   : Destroying model myModel
Info    : Meshing surface 5 ( dtMeshGFaceWithTransfiniteLayer )
Debug   :  iter   1 minL    0.545/   0.700 maxL    1.366/   1.400 -- Small/Large/Total (    39/     0/  1567):      0 splits,      0 swaps,      0 collapses,     66 moves
Debug   :  ---------------------------------------
Debug   :  CPU Report 
Debug   :  ---------------------------------------
Debug   :  CPU SWAP     6.05000E-04 sec (  0 %)
Debug   :  CPU SPLIT    3.12590E-02 sec ( 22 %) 
Debug   :  CPU COLLAPS  1.55790E-02 sec ( 11 %) 
Debug   :  CPU SMOOTH   9.71320E-02 sec ( 67 %) 
Debug   :  ---------------------------------------
Debug   :  CPU TOTAL    1.44575E-01 sec 
Debug   :  ---------------------------------------
Debug   : Type 23 1017 triangles generated, 468 internal nodes
Debug   : Destroying model myModel
Info    : Meshing surface 5 ( dtMeshGFaceWithTransfiniteLayer )
Info    : Meshing surface 1 (Parametric surface, MeshAdapt)
Info    : Meshing surface 1 (Parametric surface, MeshAdapt)
Debug   : Recovering 1 model edges
Debug   : Recovering 104 mesh edges (0 not recovered)
Debug   : Boundary edges recovered for surface 1
Debug   : Computing mesh size field at mesh nodes 104
Debug   : Delaunizing the initial mesh
Debug   : Starting to add internal nodes
Debug   : Recovering 1 model edges
Debug   : Recovering 101 mesh edges (0 not recovered)
Debug   : Boundary edges recovered for surface 1
Debug   : Computing mesh size field at mesh nodes 101
Debug   : Delaunizing the initial mesh
Debug   : Starting to add internal nodes
Debug   :  iter   1 minL    0.516/   0.700 maxL    4.951/   1.400 -- Small/Large/Total (    16/   490/  1102):    357 splits,    527 swaps,     58 collapses,   1061 moves
Debug   :  iter   1 minL    0.431/   0.700 maxL    5.022/   1.400 -- Small/Large/Total (    32/   505/  1066):    346 splits,    384 swaps,     57 collapses,    982 moves
Debug   :  iter   2 minL    0.581/   0.700 maxL    1.575/   1.400 -- Small/Large/Total (    52/    10/  2194):    499 splits,    141 swaps,    135 collapses,   1769 moves
Debug   :  iter   3 minL    0.468/   0.700 maxL    1.381/   1.400 -- Small/Large/Total (    47/     0/  2215):     10 splits,     12 swaps,      3 collapses,    354 moves
Debug   :  iter   2 minL    0.304/   0.700 maxL    2.451/   1.400 -- Small/Large/Total (   117/    79/  2161):    512 splits,    413 swaps,    147 collapses,   1994 moves
Debug   :  iter   4 minL    0.468/   0.700 maxL    1.381/   1.400 -- Small/Large/Total (    47/     0/  2215):      0 splits,      1 swaps,      0 collapses,    157 moves
Debug   :  ---------------------------------------
Debug   :  CPU Report 
Debug   :  ---------------------------------------
Debug   :  CPU SWAP     3.79300E-03 sec (  0 %)
Debug   :  CPU SPLIT    6.70450E-02 sec (  8 %) 
Debug   :  CPU COLLAPS  1.32299E-01 sec ( 17 %) 
Debug   :  CPU SMOOTH   5.90740E-01 sec ( 74 %) 
Debug   :  ---------------------------------------
Debug   :  CPU TOTAL    7.93877E-01 sec 
Debug   :  ---------------------------------------
Debug   :  iter   3 minL    0.586/   0.700 maxL    1.533/   1.400 -- Small/Large/Total (    46/     3/  2206):     79 splits,     68 swaps,     64 collapses,   1017 moves
Debug   :  iter   4 minL    0.586/   0.700 maxL    1.392/   1.400 -- Small/Large/Total (    39/     0/  2203):      3 splits,      0 swaps,      4 collapses,    239 moves
Debug   :  iter   1 minL    0.468/   0.700 maxL    1.381/   1.400 -- Small/Large/Total (    47/     0/  2215):      0 splits,      0 swaps,      0 collapses,    128 moves
Debug   :  iter   5 minL    0.586/   0.700 maxL    1.392/   1.400 -- Small/Large/Total (    38/     0/  2203):      0 splits,      0 swaps,      0 collapses,    128 moves
Debug   :  ---------------------------------------
Debug   :  CPU Report 
Debug   :  ---------------------------------------
Debug   :  CPU SWAP     8.45000E-04 sec (  1 %)
Debug   :  CPU SPLIT    4.56920E-02 sec ( 28 %) 
Debug   :  CPU COLLAPS  2.27460E-02 sec ( 14 %) 
Debug   :  CPU SMOOTH   9.30430E-02 sec ( 57 %) 
Debug   :  ---------------------------------------
Debug   :  CPU TOTAL    1.62326E-01 sec 
Debug   :  ---------------------------------------
Debug   : Type 23 1442 triangles generated, 670 internal nodes
Debug   : Destroying model myModel
Info    : Meshing surface 2 (Parametric surface, MeshAdapt)
Debug   :  ---------------------------------------
Debug   :  CPU Report 
Debug   :  ---------------------------------------
Debug   :  CPU SWAP     4.97400E-03 sec (  0 %)
Debug   :  CPU SPLIT    8.78740E-02 sec (  9 %) 
Debug   :  CPU COLLAPS  1.71908E-01 sec ( 17 %) 
Debug   :  CPU SMOOTH   7.64718E-01 sec ( 74 %) 
Debug   :  ---------------------------------------
Debug   :  CPU TOTAL    1.02947E+00 sec 
Debug   :  ---------------------------------------
Debug   :  iter   1 minL    0.586/   0.700 maxL    1.392/   1.400 -- Small/Large/Total (    38/     0/  2203):      0 splits,      0 swaps,      0 collapses,    107 moves
Debug   :  ---------------------------------------
Debug   :  CPU Report 
Debug   :  ---------------------------------------
Debug   :  CPU SWAP     8.75000E-04 sec (  1 %)
Debug   :  CPU SPLIT    4.51270E-02 sec ( 29 %) 
Debug   :  CPU COLLAPS  2.24870E-02 sec ( 14 %) 
Debug   :  CPU SMOOTH   8.66840E-02 sec ( 56 %) 
Debug   :  ---------------------------------------
Debug   :  CPU TOTAL    1.55173E-01 sec 
Debug   :  ---------------------------------------
Debug   : Type 23 1435 triangles generated, 668 internal nodes
Debug   : Destroying model myModel
Info    : Meshing surface 2 (Parametric surface, MeshAdapt)
Debug   : Recovering 9 model edges
Debug   : Recovering 268 mesh edges (0 not recovered)
Debug   : Boundary edges recovered for surface 2
Debug   : Computing mesh size field at mesh nodes 268
Debug   : Delaunizing the initial mesh
Debug   : Starting to add internal nodes
Debug   : Recovering 9 model edges
Debug   : Recovering 262 mesh edges (0 not recovered)
Debug   : Boundary edges recovered for surface 2
Debug   : Computing mesh size field at mesh nodes 262
Debug   : Delaunizing the initial mesh
Debug   : Starting to add internal nodes
Debug   :  iter   1 minL    0.378/   0.700 maxL   21.291/   1.400 -- Small/Large/Total (    50/  2050/  3494):   1038 splits,   1666 swaps,     52 collapses,   3089 moves
Debug   :  iter   1 minL    0.232/   0.700 maxL   19.334/   1.400 -- Small/Large/Total (    77/  2114/  3392):   1018 splits,   1513 swaps,     62 collapses,   2932 moves
Debug   :  iter   2 minL    0.202/   0.700 maxL   15.654/   1.400 -- Small/Large/Total (   296/  1202/  8564):   2050 splits,   1653 swaps,    360 collapses,   7738 moves
Debug   :  iter   2 minL    0.221/   0.700 maxL   14.146/   1.400 -- Small/Large/Total (   381/  2075/  8921):   2114 splits,   1797 swaps,    271 collapses,   8248 moves
Debug   :  iter   3 minL    0.308/   0.700 maxL   10.861/   1.400 -- Small/Large/Total (   358/   328/ 11081):   1202 splits,    927 swaps,    363 collapses,   6669 moves
Debug   :  iter   4 minL    0.540/   0.700 maxL    2.026/   1.400 -- Small/Large/Total (   263/    21/ 11582):    328 splits,    302 swaps,    161 collapses,   3434 moves
Debug   :  iter   3 minL    0.244/   0.700 maxL    8.983/   1.400 -- Small/Large/Total (   485/   415/ 12677):   2075 splits,   1986 swaps,    823 collapses,   9858 moves
Debug   :  iter   5 minL    0.553/   0.700 maxL    1.407/   1.400 -- Small/Large/Total (   238/     1/ 11600):     21 splits,     18 swaps,     15 collapses,   1574 moves
Debug   :  iter   4 minL    0.390/   0.700 maxL    2.699/   1.400 -- Small/Large/Total (   281/    17/ 13025):    415 splits,    455 swaps,    299 collapses,   4344 moves
Debug   :  iter   6 minL    0.553/   0.700 maxL    1.398/   1.400 -- Small/Large/Total (   234/     0/ 11594):      1 splits,      0 swaps,      3 collapses,   1001 moves
Debug   :  iter   5 minL    0.546/   0.700 maxL    1.444/   1.400 -- Small/Large/Total (   247/     1/ 13010):     17 splits,     20 swaps,     22 collapses,   1608 moves
Debug   :  iter   7 minL    0.553/   0.700 maxL    1.398/   1.400 -- Small/Large/Total (   235/     0/ 11594):      0 splits,      0 swaps,      0 collapses,    757 moves
Debug   :  iter   6 minL    0.546/   0.700 maxL    1.397/   1.400 -- Small/Large/Total (   244/     0/ 13004):      1 splits,      2 swaps,      3 collapses,    980 moves
Debug   :  ---------------------------------------
Debug   :  CPU Report 
Debug   :  ---------------------------------------
Debug   :  CPU SWAP     3.64510E-02 sec (  1 %)
Debug   :  CPU SPLIT    6.61704E-01 sec ( 10 %) 
Debug   :  CPU COLLAPS  1.10912E+00 sec ( 17 %) 
Debug   :  CPU SMOOTH   4.70744E+00 sec ( 72 %) 
Debug   :  ---------------------------------------
Debug   :  CPU TOTAL    6.51472E+00 sec 
Debug   :  ---------------------------------------
Debug   :  iter   7 minL    0.546/   0.700 maxL    1.397/   1.400 -- Small/Large/Total (   244/     0/ 13004):      0 splits,      0 swaps,      0 collapses,    566 moves
Debug   :  iter   1 minL    0.553/   0.700 maxL    1.398/   1.400 -- Small/Large/Total (   236/     0/ 11594):      0 splits,      0 swaps,      0 collapses,    433 moves
Debug   :  ---------------------------------------
Debug   :  CPU Report 
Debug   :  ---------------------------------------
Debug   :  CPU SWAP     4.22280E-02 sec (  1 %)
Debug   :  CPU SPLIT    7.17388E-01 sec ( 10 %) 
Debug   :  CPU COLLAPS  1.28321E+00 sec ( 17 %) 
Debug   :  CPU SMOOTH   5.45403E+00 sec ( 73 %) 
Debug   :  ---------------------------------------
Debug   :  CPU TOTAL    7.49686E+00 sec 
Debug   :  ---------------------------------------
Debug   :  ---------------------------------------
Debug   :  CPU Report 
Debug   :  ---------------------------------------
Debug   :  CPU SWAP     5.20600E-03 sec (  1 %)
Debug   :  CPU SPLIT    2.49601E-01 sec ( 25 %) 
Debug   :  CPU COLLAPS  1.24704E-01 sec ( 13 %) 
Debug   :  CPU SMOOTH   6.05156E-01 sec ( 61 %) 
Debug   :  ---------------------------------------
Debug   :  CPU TOTAL    9.84667E-01 sec 
Debug   :  ---------------------------------------
Debug   : Type 23 7640 triangles generated, 3686 internal nodes
Info    : Meshing surface 1 (Parametric surface, MeshAdapt)
Debug   : Recovering 9 model edges
Debug   : Recovering 202 mesh edges (0 not recovered)
Debug   : Boundary edges recovered for surface 1
Debug   : Computing mesh size field at mesh nodes 202
Debug   : Delaunizing the initial mesh
Debug   : Starting to add internal nodes
Debug   :  iter   1 minL    0.546/   0.700 maxL    1.397/   1.400 -- Small/Large/Total (   244/     0/ 13004):      0 splits,      0 swaps,      0 collapses,    269 moves
Debug   :  iter   1 minL    0.071/   0.700 maxL    9.769/   1.400 -- Small/Large/Total (   191/   953/  2252):    778 splits,    702 swaps,    162 collapses,   2158 moves
Debug   :  ---------------------------------------
Debug   :  CPU Report 
Debug   :  ---------------------------------------
Debug   :  CPU SWAP     5.96600E-03 sec (  1 %)
Debug   :  CPU SPLIT    2.70795E-01 sec ( 26 %) 
Debug   :  CPU COLLAPS  1.34956E-01 sec ( 13 %) 
Debug   :  CPU SMOOTH   6.31433E-01 sec ( 61 %) 
Debug   :  ---------------------------------------
Debug   :  CPU TOTAL    1.04315E+00 sec 
Debug   :  ---------------------------------------
Debug   : Type 23 8582 triangles generated, 4160 internal nodes
Info    : Meshing surface 1 (Parametric surface, MeshAdapt)
Debug   : Recovering 9 model edges
Debug   : Recovering 202 mesh edges (0 not recovered)
Debug   : Boundary edges recovered for surface 1
Debug   : Computing mesh size field at mesh nodes 202
Debug   : Delaunizing the initial mesh
Debug   : Starting to add internal nodes
Debug   :  iter   2 minL    0.262/   0.700 maxL    6.623/   1.400 -- Small/Large/Total (   317/   279/  3776):    953 splits,   1064 swaps,    445 collapses,   3873 moves
Debug   :  iter   1 minL    0.159/   0.700 maxL    7.756/   1.400 -- Small/Large/Total (   217/   785/  2162):    766 splits,    721 swaps,    180 collapses,   2108 moves
Debug   :  iter   3 minL    0.441/   0.700 maxL    1.740/   1.400 -- Small/Large/Total (   137/    12/  3869):    279 splits,    368 swaps,    248 collapses,   2438 moves
Debug   :  iter   4 minL    0.588/   0.700 maxL    1.391/   1.400 -- Small/Large/Total (    89/     0/  3833):     12 splits,     13 swaps,     24 collapses,    818 moves
Debug   :  iter   5 minL    0.588/   0.700 maxL    1.391/   1.400 -- Small/Large/Total (    70/     0/  3818):      0 splits,      0 swaps,      5 collapses,    360 moves
Debug   :  iter   2 minL    0.296/   0.700 maxL    6.222/   1.400 -- Small/Large/Total (   213/   150/  3335):    785 splits,    872 swaps,    394 collapses,   3303 moves
Debug   :  iter   6 minL    0.588/   0.700 maxL    1.391/   1.400 -- Small/Large/Total (    70/     0/  3818):      0 splits,      0 swaps,      0 collapses,    259 moves
Debug   :  iter   3 minL    0.561/   0.700 maxL    1.875/   1.400 -- Small/Large/Total (   103/     6/  3473):    151 splits,    129 swaps,    105 collapses,   1733 moves
Debug   :  ---------------------------------------
Debug   :  CPU Report 
Debug   :  ---------------------------------------
Debug   :  CPU SWAP     1.20320E-02 sec (  0 %)
Debug   :  CPU SPLIT    2.04525E-01 sec (  6 %) 
Debug   :  CPU COLLAPS  4.79298E-01 sec ( 15 %) 
Debug   :  CPU SMOOTH   2.51595E+00 sec ( 78 %) 
Debug   :  ---------------------------------------
Debug   :  CPU TOTAL    3.21181E+00 sec 
Debug   :  ---------------------------------------
Debug   :  iter   4 minL    0.586/   0.700 maxL    1.417/   1.400 -- Small/Large/Total (    82/     1/  3443):      6 splits,      6 swaps,     16 collapses,    557 moves
Debug   :  iter   1 minL    0.588/   0.700 maxL    1.391/   1.400 -- Small/Large/Total (    70/     0/  3818):      0 splits,      0 swaps,      0 collapses,    233 moves
Debug   :  iter   5 minL    0.586/   0.700 maxL    1.379/   1.400 -- Small/Large/Total (    81/     0/  3446):      2 splits,      2 swaps,      1 collapses,    259 moves
Debug   :  ---------------------------------------
Debug   :  CPU Report 
Debug   :  ---------------------------------------
Debug   :  CPU SWAP     1.61700E-03 sec (  0 %)
Debug   :  CPU SPLIT    7.84950E-02 sec ( 22 %) 
Debug   :  CPU COLLAPS  3.90470E-02 sec ( 11 %) 
Debug   :  CPU SMOOTH   2.39383E-01 sec ( 67 %) 
Debug   :  ---------------------------------------
Debug   :  CPU TOTAL    3.58542E-01 sec 
Debug   :  ---------------------------------------
Debug   : Type 23 2478 triangles generated, 1138 internal nodes
Info    : Meshing surface 7 / aS_ru_hub_1 ( dtMeshTransfiniteGFace )
Debug   :  iter   6 minL    0.586/   0.700 maxL    1.379/   1.400 -- Small/Large/Total (    81/     0/  3446):      0 splits,      0 swaps,      0 collapses,    201 moves
Debug   :  ---------------------------------------
Debug   :  CPU Report 
Debug   :  ---------------------------------------
Debug   :  CPU SWAP     1.05000E-02 sec (  0 %)
Debug   :  CPU SPLIT    1.80261E-01 sec (  7 %) 
Debug   :  CPU COLLAPS  4.02583E-01 sec ( 15 %) 
Debug   :  CPU SMOOTH   2.15619E+00 sec ( 78 %) 
Debug   :  ---------------------------------------
Debug   :  CPU TOTAL    2.74954E+00 sec 
Debug   :  ---------------------------------------
Debug   :  iter   1 minL    0.603/   0.700 maxL    1.379/   1.400 -- Small/Large/Total (    81/     0/  3446):      0 splits,      0 swaps,      0 collapses,    173 moves
Info    : Meshing surface 8 / aS_ru_shroud_1 ( dtMeshTransfiniteGFace )
Debug   :  ---------------------------------------
Debug   :  CPU Report 
Debug   :  ---------------------------------------
Debug   :  CPU SWAP     1.42800E-03 sec (  0 %)
Debug   :  CPU SPLIT    6.93620E-02 sec ( 21 %) 
Debug   :  CPU COLLAPS  3.43440E-02 sec ( 10 %) 
Debug   :  CPU SMOOTH   2.33186E-01 sec ( 69 %) 
Debug   :  ---------------------------------------
Debug   :  CPU TOTAL    3.38320E-01 sec 
Debug   :  ---------------------------------------
Debug   : Type 23 2230 triangles generated, 1014 internal nodes
Info    : Meshing surface 7 / aS_ru_hub_1 ( dtMeshTransfiniteGFace )
Info    : Meshing surface 9 / aS_ru_blade_rot_0 ( dtMeshTransfiniteGFace )
Info    : Meshing surface 8 / aS_ru_shroud_1 ( dtMeshTransfiniteGFace )
Info    : Meshing surface 10 /  ( dtMeshTransfiniteGFace )
Info    : Meshing surface 9 / aS_ru_blade_rot_0 ( dtMeshTransfiniteGFace )
Info    : Meshing surface 11 /  ( dtMeshTransfiniteGFace )
Info    : Meshing surface 12 /  ( dtMeshTransfiniteGFace )
Info    : Meshing surface 10 /  ( dtMeshTransfiniteGFace )
Info    : Meshing surface 13 / aS_ru_hub_2 ( dtMeshTransfiniteGFace )
Info    : Meshing surface 14 / aS_ru_shroud_2 ( dtMeshTransfiniteGFace )
Info    : Meshing surface 11 /  ( dtMeshTransfiniteGFace )
Info    : Meshing surface 15 / aS_ru_blade_rot_1 ( dtMeshTransfiniteGFace )
Info    : Meshing surface 12 /  ( dtMeshTransfiniteGFace )
Info    : Meshing surface 16 /  ( dtMeshTransfiniteGFace )
Info    : Meshing surface 13 / aS_ru_hub_2 ( dtMeshTransfiniteGFace )
Info    : Meshing surface 14 / aS_ru_shroud_2 ( dtMeshTransfiniteGFace )
Info    : Meshing surface 17 /  ( dtMeshTransfiniteGFace )
Info    : Meshing surface 15 / aS_ru_blade_rot_1 ( dtMeshTransfiniteGFace )
Info    : Meshing surface 18 / aS_ru_hub_3 ( dtMeshTransfiniteGFace )
Info    : Meshing surface 16 /  ( dtMeshTransfiniteGFace )
Info    : Meshing surface 17 /  ( dtMeshTransfiniteGFace )
Info    : Meshing surface 19 / aS_ru_shroud_3 ( dtMeshTransfiniteGFace )
Info    : Meshing surface 18 / aS_ru_hub_3 ( dtMeshTransfiniteGFace )
Info    : Meshing surface 20 / aS_ru_blade_rot_2 ( dtMeshTransfiniteGFace )
Info    : Meshing surface 19 / aS_ru_shroud_3 ( dtMeshTransfiniteGFace )
Info    : Meshing surface 21 /  ( dtMeshTransfiniteGFace )
Info    : Meshing surface 20 / aS_ru_blade_rot_2 ( dtMeshTransfiniteGFace )
Info    : Meshing surface 22 /  ( dtMeshTransfiniteGFace )
Info    : Meshing surface 21 /  ( dtMeshTransfiniteGFace )
Info    : Meshing surface 23 / aS_ru_hub_4 ( dtMeshTransfiniteGFace )
Info    : Meshing surface 24 / aS_ru_shroud_4 ( dtMeshTransfiniteGFace )
Info    : Meshing surface 25 / aS_ru_blade_rot_3 ( dtMeshTransfiniteGFace )
Info    : Meshing surface 22 /  ( dtMeshTransfiniteGFace )
Info    : Meshing surface 26 /  ( dtMeshTransfiniteGFace )
Info    : Meshing surface 23 / aS_ru_hub_4 ( dtMeshTransfiniteGFace )
Info    : Meshing surface 24 / aS_ru_shroud_4 ( dtMeshTransfiniteGFace )
Info    : Meshing surface 25 / aS_ru_blade_rot_3 ( dtMeshTransfiniteGFace )
Info    : Meshing surface 27 /  ( dtMeshTransfiniteGFace )
Info    : Meshing surface 26 /  ( dtMeshTransfiniteGFace )
Info    : Meshing surface 28 / aS_ru_hub_5 ( dtMeshTransfiniteGFace )
Info    : Meshing surface 29 / aS_ru_shroud_5 ( dtMeshTransfiniteGFace )
Info    : Meshing surface 30 / aS_ru_blade_rot_4 ( dtMeshTransfiniteGFace )
Info    : Meshing surface 27 /  ( dtMeshTransfiniteGFace )
Info    : Meshing surface 31 /  ( dtMeshTransfiniteGFace )
Info    : Meshing surface 28 / aS_ru_hub_5 ( dtMeshTransfiniteGFace )
Info    : Meshing surface 29 / aS_ru_shroud_5 ( dtMeshTransfiniteGFace )
Info    : Meshing surface 30 / aS_ru_blade_rot_4 ( dtMeshTransfiniteGFace )
Info    : Copy mesh from surface 5 to surface 6 ( dtMesh2DOperator )
Info    : Meshing surface 6 (Parametric surface) as a copy of surface 5
Info    : Meshing surface 31 /  ( dtMeshTransfiniteGFace )
Info    : Copy mesh from surface 5 to surface 6 ( dtMesh2DOperator )
Info    : Meshing surface 6 (Parametric surface) as a copy of surface 5
Debug   : Assuming 3x3 matrix is singular (det/norm == 6.767589410307066e-13)
Debug   : Volume 1, surface 1: 1 intersections
Info    : Setting reverse mesh attribute on surface 1
Debug   : Volume 1, surface 2: 0 intersections
Debug   : Volume 1, surface 3: 3 intersections
Info    : Setting reverse mesh attribute on surface 3
Debug   : Volume 1, surface 4: 0 intersections
Debug   : Volume 1, surface 5: 0 intersections
Debug   : Volume 1, surface 6: 1 intersections
Info    : Setting reverse mesh attribute on surface 6
Debug   : Volume 1, surface 10: 2 intersections
Debug   : Volume 1, surface 16: 0 intersections
Debug   : Volume 1, surface 21: 1 intersections
Info    : Setting reverse mesh attribute on surface 21
Debug   : Volume 1, surface 26: 1 intersections
Info    : Setting reverse mesh attribute on surface 26
Debug   : Volume 1, surface 31: 1 intersections
Info    : Setting reverse mesh attribute on surface 31
Debug   : Volume 1, surface 1: 3 intersections
Info    : Setting reverse mesh attribute on surface 1
Debug   : Volume 1, surface 2: 0 intersections
Debug   : Volume 1, surface 3: 3 intersections
Info    : Setting reverse mesh attribute on surface 3
Debug   : Assuming 3x3 matrix is singular (det/norm == 2.925138044019847e-13)
Debug   : Volume 1, surface 4: 0 intersections
Debug   : Volume 1, surface 5: 0 intersections
Debug   : Volume 1, surface 6: 1 intersections
Info    : Setting reverse mesh attribute on surface 6
Debug   : Volume 1, surface 10: 1 intersections
Info    : Setting reverse mesh attribute on surface 10
Debug   : Volume 1, surface 16: 0 intersections
Debug   : Volume 1, surface 21: 1 intersections
Info    : Setting reverse mesh attribute on surface 21
Debug   : Volume 1, surface 26: 1 intersections
Info    : Setting reverse mesh attribute on surface 26
Debug   : Volume 1, surface 31: 1 intersections
Info    : Setting reverse mesh attribute on surface 31
Info    : Tetrahedrizing 11122 nodes...
Info    : Done tetrahedrizing 11130 nodes (Wall 0.182981s, CPU 0.129336s)
Debug   : Points have been tetrahedralized
Info    : Reconstructing mesh...
Info    :  - Creating surface mesh
Info    :  - Identifying boundary edges
Debug   :   22244 (33366) subfaces (segments)
Info    :  - Recovering boundary
Debug   : Statistics:
Debug   :   Input points: 11130
Debug   :   Input facets: 1
Debug   :   Input segments: 0
Debug   :  Mesh points: 11130
Debug   :   Mesh tetrahedra: 34976
Debug   :   Mesh faces: 81074
Debug   :   Mesh faces on facets: 22244
Debug   :   Mesh edges on segments: 33366
Debug   : Writing to GRegion...
Info    : Done reconstructing mesh (Wall 0.499529s, CPU 0.310986s)
Debug   : start with a non classified tet
Debug   : Found 34976 tets with 1 faces (Wall 0.072718s, CPU 0.033995s)
Info    : Found volume 1
Debug   : All 34976 tets were connected
Info    : It. 0 - 0 nodes created - worst tet radius 215.309 (nodes removed 0 0)
Info    : It. 500 - 0 nodes created - worst tet radius 22.8014 (nodes removed 0 500)
Info    : It. 1000 - 23 nodes created - worst tet radius 6.23483 (nodes removed 0 977)
Info    : It. 1500 - 91 nodes created - worst tet radius 4.31472 (nodes removed 0 1409)
Info    : It. 2000 - 156 nodes created - worst tet radius 3.6911 (nodes removed 0 1844)
Info    : It. 2500 - 222 nodes created - worst tet radius 4.82371 (nodes removed 0 2278)
Info    : It. 3000 - 271 nodes created - worst tet radius 3.09137 (nodes removed 0 2729)
Info    : It. 3500 - 345 nodes created - worst tet radius 2.8887 (nodes removed 0 3155)
Info    : It. 4000 - 436 nodes created - worst tet radius 2.70373 (nodes removed 0 3564)
Info    : It. 4500 - 542 nodes created - worst tet radius 2.49611 (nodes removed 0 3958)
Info    : It. 5000 - 652 nodes created - worst tet radius 2.35158 (nodes removed 0 4348)
Info    : It. 5500 - 793 nodes created - worst tet radius 2.20975 (nodes removed 0 4707)
Info    : It. 6000 - 897 nodes created - worst tet radius 2.13459 (nodes removed 0 5103)
Info    : It. 6500 - 945 nodes created - worst tet radius 6.77026 (nodes removed 0 5555)
Info    : It. 7000 - 1037 nodes created - worst tet radius 2.03824 (nodes removed 1 5962)
Info    : It. 7500 - 1196 nodes created - worst tet radius 3.4269 (nodes removed 2 6302)
Info    : It. 8000 - 1338 nodes created - worst tet radius 2.09106 (nodes removed 2 6660)
Info    : It. 8500 - 1507 nodes created - worst tet radius 4.9683 (nodes removed 4 6989)
Info    : It. 9000 - 1618 nodes created - worst tet radius 3.22158 (nodes removed 4 7378)
Info    : It. 9500 - 1785 nodes created - worst tet radius 3.69536 (nodes removed 5 7710)
Info    : It. 10000 - 2003 nodes created - worst tet radius 2.14697 (nodes removed 5 7992)
Info    : It. 10500 - 2172 nodes created - worst tet radius 1.59964 (nodes removed 5 8323)
Info    : It. 11000 - 2342 nodes created - worst tet radius 1.74496 (nodes removed 5 8653)
Info    : It. 11500 - 2597 nodes created - worst tet radius 1.51416 (nodes removed 5 8898)
Info    : It. 12000 - 2807 nodes created - worst tet radius 1.47411 (nodes removed 5 9188)
Info    : It. 12500 - 2968 nodes created - worst tet radius 1.44895 (nodes removed 5 9527)
Info    : It. 13000 - 3164 nodes created - worst tet radius 1.42028 (nodes removed 5 9831)
Info    : It. 13500 - 3390 nodes created - worst tet radius 1.39051 (nodes removed 5 10105)
Info    : It. 14000 - 3635 nodes created - worst tet radius 1.35823 (nodes removed 5 10360)
Info    : It. 14500 - 3888 nodes created - worst tet radius 1.68564 (nodes removed 5 10607)
Info    : It. 15000 - 4132 nodes created - worst tet radius 1.30252 (nodes removed 5 10863)
Info    : It. 15500 - 4411 nodes created - worst tet radius 2.34767 (nodes removed 5 11084)
Info    : It. 16000 - 4685 nodes created - worst tet radius 1.2537 (nodes removed 5 11310)
Info    : It. 16500 - 4979 nodes created - worst tet radius 1.22872 (nodes removed 5 11516)
Info    : It. 17000 - 5249 nodes created - worst tet radius 1.20887 (nodes removed 5 11746)
Info    : It. 17500 - 5512 nodes created - worst tet radius 2.833 (nodes removed 5 11983)
Info    : It. 18000 - 5810 nodes created - worst tet radius 1.16932 (nodes removed 5 12185)
Info    : It. 18500 - 6096 nodes created - worst tet radius 1.15116 (nodes removed 5 12399)
Info    : It. 19000 - 6384 nodes created - worst tet radius 1.13196 (nodes removed 5 12611)
Info    : It. 19500 - 6701 nodes created - worst tet radius 1.15357 (nodes removed 5 12794)
Info    : It. 20000 - 6957 nodes created - worst tet radius 1.10136 (nodes removed 5 13038)
Info    : It. 20500 - 7204 nodes created - worst tet radius 1.08944 (nodes removed 5 13291)
Info    : It. 21000 - 7524 nodes created - worst tet radius 1.07431 (nodes removed 5 13471)
Info    : It. 21500 - 7869 nodes created - worst tet radius 1.05919 (nodes removed 5 13626)
Info    : It. 22000 - 8169 nodes created - worst tet radius 1.04505 (nodes removed 5 13826)
Info    : It. 22500 - 8455 nodes created - worst tet radius 1.03438 (nodes removed 5 14040)
Info    : It. 23000 - 8769 nodes created - worst tet radius 1.02312 (nodes removed 5 14226)
Info    : It. 23500 - 9091 nodes created - worst tet radius 1.17143 (nodes removed 5 14404)
Info    : It. 24000 - 9356 nodes created - worst tet radius 2.86909 (nodes removed 6 14638)
Info    : 3D refinement terminated (20551 nodes total):
Info    :  - 1320 Delaunay cavities modified for star shapeness
Info    :  - 14653 nodes could not be inserted
Info    :  - 93466 tetrahedra created in 0.663206 sec. (140930 tets/s)
Info    : 1035 node relocations
Info    : dtOptimizeMeshGRegion()() volume 1
Info    : dtOptimizeMeshGRegion()() volume 1 : Optimize gmsh
Info    : Optimizing volume 1
Info    : Optimization starts (volume = 5.4635) with worst = 3.81009e-06 / average = 0.69851:
Info    : 0.00 < quality < 0.10 :      2211 elements
Info    : 0.10 < quality < 0.20 :      2248 elements
Info    : 0.20 < quality < 0.30 :      2949 elements
Info    : 0.30 < quality < 0.40 :      3292 elements
Info    : 0.40 < quality < 0.50 :      4417 elements
Info    : 0.50 < quality < 0.60 :      7858 elements
Info    : 0.60 < quality < 0.70 :     12663 elements
Info    : 0.70 < quality < 0.80 :     19604 elements
Info    : 0.80 < quality < 0.90 :     25637 elements
Info    : 0.90 < quality < 1.00 :     12587 elements
Info    : 3171 edge swaps, 1133 node relocations (volume = 5.4635): worst = 9.72159e-05 / average = 0.711552 (Wall 0.248444s, CPU 0.147816s)
Info    : 3693 edge swaps, 2015 node relocations (volume = 5.4635): worst = 0.00039868 / average = 0.71221 (Wall 0.355563s, CPU 0.254753s)
Info    : 3954 edge swaps, 2647 node relocations (volume = 5.4635): worst = 0.00039868 / average = 0.712536 (Wall 0.458027s, CPU 0.357047s)
Warning : 1 ill-shaped tets are still in the mesh
Info    : 0.00 < quality < 0.10 :      1566 elements
Info    : 0.10 < quality < 0.20 :      1297 elements
Info    : 0.20 < quality < 0.30 :      1609 elements
Info    : 0.30 < quality < 0.40 :      3316 elements
Info    : 0.40 < quality < 0.50 :      4492 elements
Info    : 0.50 < quality < 0.60 :      7927 elements
Info    : 0.60 < quality < 0.70 :     12560 elements
Info    : 0.70 < quality < 0.80 :     19744 elements
Info    : 0.80 < quality < 0.90 :     25691 elements
Info    : 0.90 < quality < 1.00 :     12467 elements
Info    : dtOptimizeMeshGRegion()() volume 1 : Optimize netgen
Info    : Tetrahedrizing 11448 nodes...
Info    : Extract outter faces of tetrahedra
Info    : Done tetrahedrizing 11456 nodes (Wall 0.141274s, CPU 0.126071s)
Debug   : Points have been tetrahedralized
Info    : Reconstructing mesh...
Info    :  - Creating surface mesh
Info    :  - Identifying boundary edges
Debug   :   22896 (34344) subfaces (segments)
Info    :  - Recovering boundary
Info    : Optimizing volume 2
Debug   : Statistics:
Debug   :   Input points: 11456
Debug   :   Input facets: 1
Debug   :   Input segments: 0
Debug   :  Mesh points: 11456
Debug   :   Mesh tetrahedra: 35682
Debug   :   Mesh faces: 82812
Debug   :   Mesh faces on facets: 22896
Debug   :   Mesh edges on segments: 34344
Debug   : Writing to GRegion...
Info    : Done reconstructing mesh (Wall 0.347271s, CPU 0.32463s)
Info    : CalcLocalH: 20550 Points 91295 Elements 22244 Surface Elements 
Debug   : start with a non classified tet
Info    : Remove Illegal Elements 
Info    : 1675 illegal tets 
Info    : SplitImprove 
Debug   : Found 35682 tets with 1 faces (Wall 0.0340209s, CPU 0.033949s)
Info    : Found volume 1
Info    : badmax = 15796.3 
Info    : 331 splits performed 
Info    : SwapImprove  
Info    : 291 swaps performed 
Info    : SwapImprove2  
Info    : 40 swaps performed 
Debug   : All 35682 tets were connected
Info    : It. 0 - 0 nodes created - worst tet radius 525.961 (nodes removed 0 0)
Info    : 829 illegal tets 
Info    : SplitImprove 
Info    : badmax = 3350.34 
Info    : 195 splits performed 
Info    : It. 500 - 12 nodes created - worst tet radius 7.13757 (nodes removed 0 488)
Info    : SwapImprove  
Info    : 116 swaps performed 
Info    : It. 1000 - 58 nodes created - worst tet radius 5.01633 (nodes removed 0 942)
Info    : SwapImprove2  
Info    : It. 1500 - 95 nodes created - worst tet radius 4.29207 (nodes removed 0 1405)
Info    : 47 swaps performed 
Info    : 237 illegal tets 
Info    : SplitImprove 
Info    : It. 2000 - 138 nodes created - worst tet radius 3.91151 (nodes removed 0 1862)
Info    : badmax = 4360.13 
Info    : It. 2500 - 190 nodes created - worst tet radius 3.56531 (nodes removed 0 2310)
Info    : 62 splits performed 
Info    : SwapImprove  
Info    : It. 3000 - 243 nodes created - worst tet radius 3.25185 (nodes removed 0 2757)
Info    : 39 swaps performed 
Info    : It. 3500 - 288 nodes created - worst tet radius 3.22632 (nodes removed 0 3212)
Info    : SwapImprove2  
Info    : It. 4000 - 344 nodes created - worst tet radius 4.97445 (nodes removed 0 3656)
Info    : 14 swaps performed 
Info    : It. 4500 - 433 nodes created - worst tet radius 3.32566 (nodes removed 0 4067)
Info    : 75 illegal tets 
Info    : SplitImprove 
Info    : badmax = 1016.19 
Info    : It. 5000 - 513 nodes created - worst tet radius 2.59546 (nodes removed 0 4487)
Info    : 23 splits performed 
Info    : It. 5500 - 621 nodes created - worst tet radius 2.41766 (nodes removed 0 4879)
Info    : SwapImprove  
Info    : It. 6000 - 716 nodes created - worst tet radius 2.30851 (nodes removed 0 5284)
Info    : 7 swaps performed 
Info    : SwapImprove2  
Info    : It. 6500 - 816 nodes created - worst tet radius 2.21375 (nodes removed 0 5684)
Info    : It. 7000 - 890 nodes created - worst tet radius 2.15011 (nodes removed 1 6109)
Info    : 8 swaps performed 
Info    : It. 7500 - 1002 nodes created - worst tet radius 2.06818 (nodes removed 1 6497)
Info    : 15 illegal tets 
Info    : SplitImprove 
Info    : badmax = 973.099 
Info    : It. 8000 - 1133 nodes created - worst tet radius 1.98916 (nodes removed 1 6866)
Info    : 6 splits performed 
Info    : SwapImprove  
Info    : It. 8500 - 1273 nodes created - worst tet radius 1.91178 (nodes removed 1 7226)
Info    : 1 swaps performed 
Info    : It. 9000 - 1416 nodes created - worst tet radius 4.35637 (nodes removed 1 7583)
Info    : SwapImprove2  
Info    : It. 9500 - 1565 nodes created - worst tet radius 1.79097 (nodes removed 1 7934)
Info    : 2 swaps performed 
Info    : It. 10000 - 1730 nodes created - worst tet radius 2.54032 (nodes removed 1 8269)
Info    : 0 illegal tets 
Info    : Volume Optimization 
Info    : CombineImprove 
Info    : It. 10500 - 1894 nodes created - worst tet radius 1.69411 (nodes removed 2 8604)
Info    : It. 11000 - 2034 nodes created - worst tet radius 1.65565 (nodes removed 2 8964)
Info    : It. 11500 - 2234 nodes created - worst tet radius 1.9746 (nodes removed 2 9264)
Info    : It. 12000 - 2405 nodes created - worst tet radius 1.97997 (nodes removed 2 9593)
Info    : It. 12500 - 2552 nodes created - worst tet radius 3.88046 (nodes removed 2 9946)
Info    : It. 13000 - 2726 nodes created - worst tet radius 1.72647 (nodes removed 2 10272)
Info    : It. 13500 - 2953 nodes created - worst tet radius 1.50652 (nodes removed 2 10545)
Info    : It. 14000 - 3131 nodes created - worst tet radius 1.43891 (nodes removed 2 10867)
Info    : It. 14500 - 3320 nodes created - worst tet radius 2.14447 (nodes removed 2 11178)
Info    : It. 15000 - 3623 nodes created - worst tet radius 1.37082 (nodes removed 2 11375)
Info    : It. 15500 - 3896 nodes created - worst tet radius 1.33902 (nodes removed 2 11602)
Info    : It. 16000 - 4138 nodes created - worst tet radius 2.73187 (nodes removed 2 11860)
Info    : It. 16500 - 4295 nodes created - worst tet radius 1.94297 (nodes removed 2 12203)
Info    : It. 17000 - 4505 nodes created - worst tet radius 1.78213 (nodes removed 2 12493)
Info    : It. 17500 - 4735 nodes created - worst tet radius 1.26152 (nodes removed 2 12763)
Info    : It. 18000 - 5051 nodes created - worst tet radius 1.23617 (nodes removed 2 12947)
Info    : It. 18500 - 5281 nodes created - worst tet radius 1.21913 (nodes removed 3 13216)
Info    : It. 19000 - 5574 nodes created - worst tet radius 1.19815 (nodes removed 3 13423)
Info    : It. 19500 - 5789 nodes created - worst tet radius 1.39353 (nodes removed 4 13707)
Info    : It. 20000 - 6030 nodes created - worst tet radius 1.1656 (nodes removed 5 13965)
Info    : It. 20500 - 6327 nodes created - worst tet radius 1.14568 (nodes removed 5 14168)
Info    : It. 21000 - 6591 nodes created - worst tet radius 1.93167 (nodes removed 5 14404)
Info    : It. 21500 - 6852 nodes created - worst tet radius 1.11767 (nodes removed 5 14643)
Info    : It. 22000 - 7131 nodes created - worst tet radius 1.10315 (nodes removed 5 14864)
Info    : It. 22500 - 7439 nodes created - worst tet radius 1.0882 (nodes removed 5 15056)
Info    : 743 elements combined 
Info    : ImproveMesh 
Info    : It. 23000 - 7745 nodes created - worst tet radius 1.07431 (nodes removed 5 15250)
Info    : Total badness = 167469 
Info    : It. 23500 - 8021 nodes created - worst tet radius 1.06348 (nodes removed 5 15474)
Info    : It. 24000 - 8382 nodes created - worst tet radius 1.04915 (nodes removed 6 15612)
Info    : It. 24500 - 8700 nodes created - worst tet radius 1.03772 (nodes removed 6 15794)
Info    : It. 25000 - 8939 nodes created - worst tet radius 1.49486 (nodes removed 6 16055)
Info    : It. 25500 - 9274 nodes created - worst tet radius 1.0164 (nodes removed 6 16220)
Info    : It. 26000 - 9576 nodes created - worst tet radius 1.00629 (nodes removed 6 16418)
Info    : 3D refinement terminated (21209 nodes total):
Info    :  - 1275 Delaunay cavities modified for star shapeness
Info    :  - 16596 nodes could not be inserted
Info    :  - 96571 tetrahedra created in 0.707365 sec. (136522 tets/s)
Info    : 927 node relocations
Info    : dtOptimizeMeshGRegion()() volume 1
Info    : dtOptimizeMeshGRegion()() volume 1 : Optimize gmsh
Info    : Optimizing volume 1
Info    : Optimization starts (volume = 5.46926) with worst = 1.82458e-06 / average = 0.695575:
Info    : 0.00 < quality < 0.10 :      2735 elements
Info    : 0.10 < quality < 0.20 :      2399 elements
Info    : 0.20 < quality < 0.30 :      3245 elements
Info    : 0.30 < quality < 0.40 :      3313 elements
Info    : 0.40 < quality < 0.50 :      4456 elements
Info    : 0.50 < quality < 0.60 :      7847 elements
Info    : 0.60 < quality < 0.70 :     12733 elements
Info    : 0.70 < quality < 0.80 :     20201 elements
Info    : 0.80 < quality < 0.90 :     26486 elements
Info    : 0.90 < quality < 1.00 :     13156 elements
Info    : Total badness = 155682 
Info    : SplitImprove 
Info    : badmax = 627.979 
Info    : 6 splits performed 
Info    : ImproveMesh 
Info    : Total badness = 155747 
Info    : 3394 edge swaps, 1163 node relocations (volume = 5.46926): worst = 1.42838e-05 / average = 0.710189 (Wall 0.16831s, CPU 0.167973s)
Info    : 3916 edge swaps, 1800 node relocations (volume = 5.46926): worst = 1.42838e-05 / average = 0.710616 (Wall 0.289022s, CPU 0.288451s)
Warning : 4 ill-shaped tets are still in the mesh
Info    : 0.00 < quality < 0.10 :      1824 elements
Info    : 0.10 < quality < 0.20 :      1318 elements
Info    : 0.20 < quality < 0.30 :      1673 elements
Info    : 0.30 < quality < 0.40 :      3341 elements
Info    : 0.40 < quality < 0.50 :      4426 elements
Info    : 0.50 < quality < 0.60 :      7853 elements
Info    : 0.60 < quality < 0.70 :     12608 elements
Info    : 0.70 < quality < 0.80 :     20415 elements
Info    : 0.80 < quality < 0.90 :     26551 elements
Info    : 0.90 < quality < 1.00 :     13034 elements
Info    : dtOptimizeMeshGRegion()() volume 1 : Optimize netgen
Info    : Total badness = 154371 
Info    : SwapImprove  
Info    : 5888 swaps performed 
Info    : SwapImprove2  
Info    : 32 swaps performed 
Info    : ImproveMesh 
Info    : Total badness = 142826 
Info    : Total badness = 139081 
Info    : CombineImprove 
Info    : Extract outter faces of tetrahedra
Info    : 142 elements combined 
Info    : ImproveMesh 
Info    : Total badness = 137671 
Info    : Optimizing volume 2
Info    : CalcLocalH: 21209 Points 94240 Elements 22896 Surface Elements 
Info    : Remove Illegal Elements 
Info    : 1597 illegal tets 
Info    : SplitImprove 
Info    : badmax = 1.50934e+06 
Info    : 320 splits performed 
Info    : SwapImprove  
Info    : 303 swaps performed 
Info    : SwapImprove2  
Info    : 38 swaps performed 
Info    : 809 illegal tets 
Info    : SplitImprove 
Info    : Total badness = 137315 
Info    : SplitImprove 
Info    : badmax = 22629.1 
Info    : badmax = 518.757 
Info    : 183 splits performed 
Info    : 4 splits performed 
Info    : SwapImprove  
Info    : ImproveMesh 
Info    : Total badness = 137358 
Info    : 108 swaps performed 
Info    : SwapImprove2  
Info    : 60 swaps performed 
Info    : 246 illegal tets 
Info    : SplitImprove 
Info    : badmax = 1512.54 
Info    : 75 splits performed 
Info    : SwapImprove  
Info    : 36 swaps performed 
Info    : SwapImprove2  
Info    : 15 swaps performed 
Info    : 60 illegal tets 
Info    : SplitImprove 
Info    : badmax = 9134.56 
Info    : 20 splits performed 
Info    : SwapImprove  
Info    : 11 swaps performed 
Info    : SwapImprove2  
Info    : 9 swaps performed 
Info    : 2 illegal tets 
Info    : SplitImprove 
Info    : badmax = 995.254 
Info    : 1 splits performed 
Info    : SwapImprove  
Info    : 0 swaps performed 
Info    : SwapImprove2  
Info    : Total badness = 137271 
Info    : SwapImprove  
Info    : 0 swaps performed 
Info    : 0 illegal tets 
Info    : Volume Optimization 
Info    : CombineImprove 
Info    : 1370 swaps performed 
Info    : SwapImprove2  
Info    : 797 elements combined 
Info    : ImproveMesh 
Info    : Total badness = 177954 
Info    : 3 swaps performed 
Info    : ImproveMesh 
Info    : Total badness = 135455 
Info    : Total badness = 165417 
Info    : SplitImprove 
Info    : badmax = 736.713 
Info    : 5 splits performed 
Info    : Total badness = 134437 
Info    : ImproveMesh 
Info    : CombineImprove 
Info    : Total badness = 165508 
Info    : 46 elements combined 
Info    : ImproveMesh 
Info    : Total badness = 134014 
Info    : Total badness = 164075 
Info    : SwapImprove  
Info    : Total badness = 133929 
Info    : SplitImprove 
Info    : badmax = 288.183 
Info    : 3 splits performed 
Info    : ImproveMesh 
Info    : Total badness = 133947 
Info    : 5854 swaps performed 
Info    : SwapImprove2  
Info    : Total badness = 133923 
Info    : SwapImprove  
Info    : 19 swaps performed 
Info    : ImproveMesh 
Info    : Total badness = 152369 
Info    : 605 swaps performed 
Info    : SwapImprove2  
Info    : Total badness = 148541 
Info    : CombineImprove 
Info    : 9 swaps performed 
Info    : ImproveMesh 
Info    : Total badness = 133276 
Info    : Total badness = 132853 
Info    : 166 elements combined 
Info    : ImproveMesh 
Info    : Total badness = 146838 
Info    : Total badness = 146449 
Info    : SplitImprove 
Info    : badmax = 407.516 
Info    : 12 splits performed 
Info    : ImproveMesh 
Info    : Total badness = 146543 
Info    : Total badness = 146447 
Info    : SwapImprove  
Info    : 1502 swaps performed 
Info    : SwapImprove2  
Info    : 8 swaps performed 
Info    : ImproveMesh 
Info    : Total badness = 144421 
Info    : Total badness = 143252 
Info    : CombineImprove 
Info    : dtOptimizeMeshGRegion()() volume 1
Info    : dtOptimizeMeshGRegion()() volume 1 : Optimize gmsh
Info    : Optimizing volume 1
Info    : Optimization starts (volume = 5.4635) with worst = 0.00958192 / average = 0.774536:
Info    : 0.00 < quality < 0.10 :      1595 elements
Info    : 0.10 < quality < 0.20 :       943 elements
Info    : 0.20 < quality < 0.30 :      1272 elements
Info    : 0.30 < quality < 0.40 :      1582 elements
Info    : 0.40 < quality < 0.50 :      1891 elements
Info    : 0.50 < quality < 0.60 :      3828 elements
Info    : 0.60 < quality < 0.70 :      7906 elements
Info    : 0.70 < quality < 0.80 :     15669 elements
Info    : 0.80 < quality < 0.90 :     28564 elements
Info    : 0.90 < quality < 1.00 :     21820 elements
Info    : 495 edge swaps, 1183 node relocations (volume = 5.4635): worst = 0.0115532 / average = 0.771393 (Wall 0.0882139s, CPU 0.088073s)
Info    : 51 elements combined 
Info    : 789 edge swaps, 1947 node relocations (volume = 5.4635): worst = 0.011887 / average = 0.771065 (Wall 0.173555s, CPU 0.17328s)
Info    : ImproveMesh 
Info    : Total badness = 142769 
Info    : 898 edge swaps, 2457 node relocations (volume = 5.4635): worst = 0.0118941 / average = 0.771162 (Wall 0.257388s, CPU 0.256983s)
Info    : 946 edge swaps, 2826 node relocations (volume = 5.4635): worst = 0.0118941 / average = 0.771058 (Wall 0.337367s, CPU 0.336841s)
Info    : No ill-shaped tets in the mesh :-)
Info    : 0.00 < quality < 0.10 :      1594 elements
Info    : 0.10 < quality < 0.20 :      1104 elements
Info    : 0.20 < quality < 0.30 :      1495 elements
Info    : 0.30 < quality < 0.40 :      1726 elements
Info    : 0.40 < quality < 0.50 :      2013 elements
Info    : 0.50 < quality < 0.60 :      3701 elements
Info    : 0.60 < quality < 0.70 :      7680 elements
Info    : 0.70 < quality < 0.80 :     15394 elements
Info    : 0.80 < quality < 0.90 :     28451 elements
Info    : 0.90 < quality < 1.00 :     22004 elements
Info    : dtOptimizeMeshGRegion()() volume 1 : Optimize netgen
Info    : Total badness = 142677 
Info    : SplitImprove 
Info    : badmax = 260.321 
Info    : 9 splits performed 
Info    : ImproveMesh 
Info    : Total badness = 142768 
Info    : Total badness = 142740 
Info    : SwapImprove  
Info    : 680 swaps performed 
Info    : SwapImprove2  
Info    : 6 swaps performed 
Info    : ImproveMesh 
Info    : Total badness = 141991 
Info    : Extract outter faces of tetrahedra
Info    : Total badness = 141458 
Info    : Optimizing volume 2
Info    : CalcLocalH: 20249 Points 85308 Elements 22244 Surface Elements 
Info    : Remove Illegal Elements 
Info    : 55 illegal tets 
Info    : SplitImprove 
Info    : badmax = 2063.43 
Info    : 20 splits performed 
Info    : SwapImprove  
Info    : 4 swaps performed 
Info    : SwapImprove2  
Info    : 0 swaps performed 
Info    : 9 illegal tets 
Info    : SplitImprove 
Info    : badmax = 2159.54 
Info    : 5 splits performed 
Info    : SwapImprove  
Info    : 3 swaps performed 
Info    : SwapImprove2  
Info    : 2 swaps performed 
Info    : 0 illegal tets 
Info    : Volume Optimization 
Info    : CombineImprove 
Info    : 76 elements combined 
Info    : ImproveMesh 
Info    : Total badness = 137924 
Info    : Total badness = 135542 
Info    : SplitImprove 
Info    : badmax = 929.914 
Info    : 2 splits performed 
Info    : ImproveMesh 
Info    : Total badness = 135580 
Info    : Total badness = 135476 
Info    : SwapImprove  
Info    : dtOptimizeMeshGRegion()() volume 1
Info    : dtOptimizeMeshGRegion()() volume 1 : Optimize gmsh
Info    : Optimizing volume 1
Info    : 789 swaps performed 
Info    : SwapImprove2  
Info    : Optimization starts (volume = 5.46926) with worst = 0.00887839 / average = 0.772309:
Info    : 0.00 < quality < 0.10 :      1934 elements
Info    : 0.10 < quality < 0.20 :       944 elements
Info    : 0.20 < quality < 0.30 :      1679 elements
Info    : 0.30 < quality < 0.40 :      1566 elements
Info    : 0.40 < quality < 0.50 :      1953 elements
Info    : 0.50 < quality < 0.60 :      3694 elements
Info    : 0.60 < quality < 0.70 :      7894 elements
Info    : 0.70 < quality < 0.80 :     15796 elements
Info    : 0.80 < quality < 0.90 :     29026 elements
Info    : 0.90 < quality < 1.00 :     22976 elements
Info    : 630 edge swaps, 1097 node relocations (volume = 5.46926): worst = 0.00887839 / average = 0.768639 (Wall 0.105051s, CPU 0.104861s)
Info    : 21 swaps performed 
Info    : ImproveMesh 
Info    : Total badness = 133636 
Info    : 1030 edge swaps, 1989 node relocations (volume = 5.46926): worst = 0.00912376 / average = 0.768312 (Wall 0.204776s, CPU 0.204406s)
Info    : 1211 edge swaps, 2649 node relocations (volume = 5.46926): worst = 0.00912376 / average = 0.768204 (Wall 0.302786s, CPU 0.302236s)
Info    : No ill-shaped tets in the mesh :-)
Info    : 0.00 < quality < 0.10 :      1969 elements
Info    : 0.10 < quality < 0.20 :      1165 elements
Info    : 0.20 < quality < 0.30 :      1612 elements
Info    : 0.30 < quality < 0.40 :      1701 elements
Info    : 0.40 < quality < 0.50 :      1986 elements
Info    : 0.50 < quality < 0.60 :      3634 elements
Info    : 0.60 < quality < 0.70 :      7578 elements
Info    : 0.70 < quality < 0.80 :     15430 elements
Info    : 0.80 < quality < 0.90 :     28898 elements
Info    : 0.90 < quality < 1.00 :     23196 elements
Info    : dtOptimizeMeshGRegion()() volume 1 : Optimize netgen
Info    : Total badness = 132766 
Info    : CombineImprove 
Info    : 10 elements combined 
Info    : ImproveMesh 
Info    : Total badness = 132679 
Info    : Total badness = 132640 
Info    : SplitImprove 
Info    : badmax = 324.764 
Info    : 7 splits performed 
Info    : ImproveMesh 
Info    : Total badness = 132714 
Info    : Total badness = 132690 
Info    : SwapImprove  
Info    : 398 swaps performed 
Info    : SwapImprove2  
Info    : Extract outter faces of tetrahedra
Info    : 7 swaps performed 
Info    : ImproveMesh 
Info    : Total badness = 132073 
Info    : Optimizing volume 2
Info    : CalcLocalH: 20820 Points 87709 Elements 22896 Surface Elements 
Info    : Remove Illegal Elements 
Info    : 49 illegal tets 
Info    : SplitImprove 
Info    : badmax = 2543.97 
Info    : 24 splits performed 
Info    : SwapImprove  
Info    : 30 swaps performed 
Info    : SwapImprove2  
Info    : Total badness = 131761 
Info    : 4 swaps performed 
Info    : CombineImprove 
Info    : 3 illegal tets 
Info    : SplitImprove 
Info    : badmax = 1172.64 
Info    : 3 splits performed 
Info    : SwapImprove  
Info    : 0 swaps performed 
Info    : SwapImprove2  
Info    : 0 swaps performed 
Info    : 0 illegal tets 
Info    : Volume Optimization 
Info    : CombineImprove 
Info    : 8 elements combined 
Info    : ImproveMesh 
Info    : Total badness = 131682 
Info    : 82 elements combined 
Info    : ImproveMesh 
Info    : Total badness = 148483 
Info    : Total badness = 131671 
Info    : SplitImprove 
Info    : badmax = 213.326 
Info    : 4 splits performed 
Info    : ImproveMesh 
Info    : Total badness = 131705 
Info    : Total badness = 145513 
Info    : SplitImprove 
Info    : badmax = 634.743 
Info    : 11 splits performed 
Info    : ImproveMesh 
Info    : Total badness = 145678 
Info    : Total badness = 131702 
Info    : SwapImprove  
Info    : Total badness = 145445 
Info    : SwapImprove  
Info    : 208 swaps performed 
Info    : SwapImprove2  
Info    : 892 swaps performed 
Info    : SwapImprove2  
Info    : 3 swaps performed 
Info    : ImproveMesh 
Info    : Total badness = 131409 
Info    : Total badness = 131276 
Info    : 34 swaps performed 
Info    : ImproveMesh 
Info    : Total badness = 143017 
Info    : Total badness = 142134 
Info    : CombineImprove 
Info    : 5 elements combined 
Info    : ImproveMesh 
Info    : Total badness = 142081 
Info    : Total badness = 142046 
Info    : SplitImprove 
Info    : badmax = 611.648 
Info    : 2 splits performed 
Info    : ImproveMesh 
Info    : Total badness = 142065 
Info    : Total badness = 142048 
Info    : SwapImprove  
Info    : 413 swaps performed 
Info    : SwapImprove2  
Info    : dtOptimizeMeshGRegion()() volume 1
Info    : dtOptimizeMeshGRegion()() volume 1 : Optimize gmsh
Info    : Optimizing volume 1
Info    : 8 swaps performed 
Info    : ImproveMesh 
Info    : Total badness = 141099 
Info    : Optimization starts (volume = 5.4635) with worst = 0.0108366 / average = 0.776765:
Info    : 0.00 < quality < 0.10 :      1585 elements
Info    : 0.10 < quality < 0.20 :       905 elements
Info    : 0.20 < quality < 0.30 :      1226 elements
Info    : 0.30 < quality < 0.40 :      1568 elements
Info    : 0.40 < quality < 0.50 :      1808 elements
Info    : 0.50 < quality < 0.60 :      3678 elements
Info    : 0.60 < quality < 0.70 :      7757 elements
Info    : 0.70 < quality < 0.80 :     15562 elements
Info    : 0.80 < quality < 0.90 :     28520 elements
Info    : 0.90 < quality < 1.00 :     22038 elements
Info    : 414 edge swaps, 1178 node relocations (volume = 5.4635): worst = 0.0116946 / average = 0.773904 (Wall 0.0820062s, CPU 0.081866s)
Info    : Total badness = 140769 
Info    : CombineImprove 
Info    : 643 edge swaps, 1928 node relocations (volume = 5.4635): worst = 0.0120153 / average = 0.773627 (Wall 0.161211s, CPU 0.160949s)
Info    : 726 edge swaps, 2418 node relocations (volume = 5.4635): worst = 0.0121572 / average = 0.773571 (Wall 0.240118s, CPU 0.239729s)
Info    : 764 edge swaps, 2810 node relocations (volume = 5.4635): worst = 0.0121572 / average = 0.773463 (Wall 0.318952s, CPU 0.318442s)
Info    : No ill-shaped tets in the mesh :-)
Info    : 0.00 < quality < 0.10 :      1579 elements
Info    : 0.10 < quality < 0.20 :      1085 elements
Info    : 0.20 < quality < 0.30 :      1499 elements
Info    : 0.30 < quality < 0.40 :      1633 elements
Info    : 0.40 < quality < 0.50 :      1912 elements
Info    : 0.50 < quality < 0.60 :      3548 elements
Info    : 0.60 < quality < 0.70 :      7560 elements
Info    : 0.70 < quality < 0.80 :     15205 elements
Info    : 0.80 < quality < 0.90 :     28452 elements
Info    : 0.90 < quality < 1.00 :     22261 elements
Info    : dtOptimizeMeshGRegion()() volume 1 : Optimize netgen
Info    : 4 elements combined 
Info    : ImproveMesh 
Info    : Total badness = 140686 
Info    : Total badness = 140673 
Info    : SplitImprove 
Info    : badmax = 264.903 
Info    : 7 splits performed 
Info    : ImproveMesh 
Info    : Total badness = 140746 
Info    : Total badness = 140730 
Info    : SwapImprove  
Info    : 244 swaps performed 
Info    : SwapImprove2  
Info    : 4 swaps performed 
Info    : ImproveMesh 
Info    : Total badness = 140339 
Info    : Total badness = 140104 
Info    : Extract outter faces of tetrahedra
Info    : Optimizing volume 2
Info    : CalcLocalH: 20193 Points 84856 Elements 22244 Surface Elements 
Info    : Remove Illegal Elements 
Info    : 57 illegal tets 
Info    : SplitImprove 
Info    : badmax = 1046.4 
Info    : 18 splits performed 
Info    : SwapImprove  
Info    : 4 swaps performed 
Info    : SwapImprove2  
Info    : 1 swaps performed 
Info    : 3 illegal tets 
Info    : SplitImprove 
Info    : badmax = 972.988 
Info    : 1 splits performed 
Info    : SwapImprove  
Info    : 0 swaps performed 
Info    : SwapImprove2  
Info    : 0 swaps performed 
Info    : 0 illegal tets 
Info    : Volume Optimization 
Info    : CombineImprove 
Info    : 39 elements combined 
Info    : ImproveMesh 
Info    : Total badness = 136492 
Info    : Total badness = 134083 
Info    : SplitImprove 
Info    : badmax = 443.842 
Info    : 12 splits performed 
Info    : ImproveMesh 
Info    : Total badness = 134248 
Info    : Total badness = 134105 
Info    : SwapImprove  
Info    : 591 swaps performed 
Info    : SwapImprove2  
Info    : 21 swaps performed 
Info    : ImproveMesh 
Info    : Total badness = 132736 
Info    : dtOptimizeMeshGRegion()() volume 1
Info    : dtOptimizeMeshGRegion()() volume 1 : Optimize gmsh
Info    : Optimizing volume 1
Info    : Optimization starts (volume = 5.46926) with worst = 0.00837504 / average = 0.773759:
Info    : 0.00 < quality < 0.10 :      1919 elements
Info    : 0.10 < quality < 0.20 :       891 elements
Info    : 0.20 < quality < 0.30 :      1616 elements
Info    : 0.30 < quality < 0.40 :      1584 elements
Info    : 0.40 < quality < 0.50 :      1885 elements
Info    : 0.50 < quality < 0.60 :      3688 elements
Info    : 0.60 < quality < 0.70 :      7756 elements
Info    : 0.70 < quality < 0.80 :     15808 elements
Info    : 0.80 < quality < 0.90 :     28966 elements
Info    : 0.90 < quality < 1.00 :     23024 elements
Info    : Total badness = 132067 
Info    : CombineImprove 
Info    : 441 edge swaps, 1297 node relocations (volume = 5.46926): worst = 0.00909652 / average = 0.770684 (Wall 0.0997254s, CPU 0.099556s)
Info    : 699 edge swaps, 2060 node relocations (volume = 5.46926): worst = 0.00909652 / average = 0.770549 (Wall 0.193055s, CPU 0.192717s)
Info    : No ill-shaped tets in the mesh :-)
Info    : 0.00 < quality < 0.10 :      1867 elements
Info    : 0.10 < quality < 0.20 :      1071 elements
Info    : 0.20 < quality < 0.30 :      1536 elements
Info    : 0.30 < quality < 0.40 :      1608 elements
Info    : 0.40 < quality < 0.50 :      1832 elements
Info    : 0.50 < quality < 0.60 :      3510 elements
Info    : 0.60 < quality < 0.70 :      7448 elements
Info    : 0.70 < quality < 0.80 :     15481 elements
Info    : 0.80 < quality < 0.90 :     28930 elements
Info    : 0.90 < quality < 1.00 :     23223 elements
Info    : dtOptimizeMeshGRegion()() volume 1 : Optimize netgen
Info    : 4 elements combined 
Info    : ImproveMesh 
Info    : Total badness = 132002 
Info    : Total badness = 131977 
Info    : SplitImprove 
Info    : badmax = 473.573 
Info    : 1 splits performed 
Info    : ImproveMesh 
Info    : Total badness = 131995 
Info    : Total badness = 131984 
Info    : SwapImprove  
Info    : 244 swaps performed 
Info    : SwapImprove2  
Info    : 3 swaps performed 
Info    : ImproveMesh 
Info    : Total badness = 131456 
Info    : Extract outter faces of tetrahedra
Info    : Total badness = 131281 
Info    : CombineImprove 
Info    : Optimizing volume 2
Info    : CalcLocalH: 20776 Points 87345 Elements 22896 Surface Elements 
Info    : Remove Illegal Elements 
Info    : 5 elements combined 
Info    : 48 illegal tets 
Info    : SplitImprove 
Info    : badmax = 1519.67 
Info    : ImproveMesh 
Info    : Total badness = 131219 
Info    : 22 splits performed 
Info    : SwapImprove  
Info    : 12 swaps performed 
Info    : SwapImprove2  
Info    : 0 swaps performed 
Info    : 6 illegal tets 
Info    : SplitImprove 
Info    : badmax = 951.336 
Info    : 2 splits performed 
Info    : SwapImprove  
Info    : 0 swaps performed 
Info    : SwapImprove2  
Info    : 0 swaps performed 
Info    : 2 illegal tets 
Info    : SplitImprove 
Info    : badmax = 951.336 
Info    : 1 splits performed 
Info    : SwapImprove  
Info    : Total badness = 131210 
Info    : SplitImprove 
Info    : badmax = 196.208 
Info    : 0 swaps performed 
Info    : SwapImprove2  
Info    : 0 swaps performed 
Info    : 0 illegal tets 
Info    : Volume Optimization 
Info    : CombineImprove 
Info    : 4 splits performed 
Info    : ImproveMesh 
Info    : Total badness = 131247 
Info    : Total badness = 131238 
Info    : SwapImprove  
Info    : 53 elements combined 
Info    : ImproveMesh 
Info    : Total badness = 146211 
Info    : 129 swaps performed 
Info    : SwapImprove2  
Info    : Total badness = 143383 
Info    : SplitImprove 
Info    : badmax = 578.773 
Info    : 12 splits performed 
Info    : ImproveMesh 
Info    : Total badness = 143507 
Info    : 2 swaps performed 
Info    : ImproveMesh 
Info    : Total badness = 131096 
Info    : Total badness = 143331 
Info    : SwapImprove  
Info    : Total badness = 130997 
Info    : 602 swaps performed 
Info    : SwapImprove2  
Info    : 20 swaps performed 
Info    : ImproveMesh 
Info    : Total badness = 141537 
Info    : Total badness = 140762 
Info    : CombineImprove 
Info    : 9 elements combined 
Info    : ImproveMesh 
Info    : Total badness = 140685 
Info    : Total badness = 140648 
Info    : SplitImprove 
Info    : badmax = 283.172 
Info    : 7 splits performed 
Info    : ImproveMesh 
Info    : Total badness = 140724 
Info    : Total badness = 140698 
Info    : SwapImprove  
Info    : 249 swaps performed 
Info    : SwapImprove2  
Info    : 1 swaps performed 
Info    : ImproveMesh 
Info    : Total badness = 140126 
Info    : Total badness = 139931 
Info    : CombineImprove 
Info    : 1 elements combined 
Info    : ImproveMesh 
Info    : Total badness = 139901 
Info    : Total badness = 139897 
Info    : SplitImprove 
Info    : badmax = 246.013 
Debug   : vH = 723 / nTets = 14 / pp.size() = 14 / 1.618983 0.775061 1.260680 -> 1.616078 0.782257 1.260871 / dir = -1.000000 / l_pyr = 0.015524
Debug   : vH = 716 / nTets = 4 / pp.size() = 4 / 1.585211 0.760849 1.279323 -> 1.582376 0.767993 1.279602 / dir = -1.000000 / l_pyr = 0.015383
Debug   : vH = 709 / nTets = 4 / pp.size() = 4 / 1.541521 0.742497 1.302295 -> 1.538770 0.749573 1.302688 / dir = -1.000000 / l_pyr = 0.015204
Debug   : vH = 700 / nTets = 6 / pp.size() = 6 / 1.486193 0.719309 1.329567 -> 1.483542 0.726292 1.330100 / dir = -1.000000 / l_pyr = 0.014976
Debug   : vH = 694 / nTets = 6 / pp.size() = 6 / 1.417994 0.690808 1.360454 -> 1.415454 0.697667 1.361158 / dir = -1.000000 / l_pyr = 0.014697
Debug   : vH = 686 / nTets = 4 / pp.size() = 4 / 1.336706 0.656948 1.393458 -> 1.334287 0.663642 1.394362 / dir = -1.000000 / l_pyr = 0.014349
Debug   : vH = 681 / nTets = 6 / pp.size() = 6 / 1.243644 0.618327 1.426327 -> 1.241339 0.624823 1.427453 / dir = -1.000000 / l_pyr = 0.013967
Debug   : vH = 672 / nTets = 4 / pp.size() = 4 / 1.141924 0.576281 1.456468 -> 1.139723 0.582545 1.457829 / dir = -1.000000 / l_pyr = 0.013555
Debug   : vH = 664 / nTets = 6 / pp.size() = 6 / 1.036246 0.532775 1.481621 -> 1.034124 0.538794 1.483217 / dir = -1.000000 / l_pyr = 0.013157
Debug   : vH = 658 / nTets = 8 / pp.size() = 8 / 0.932102 0.490066 1.500484 -> 0.930035 0.495839 1.502303 / dir = -1.000000 / l_pyr = 0.012794
Debug   : vH = 652 / nTets = 4 / pp.size() = 4 / 0.834661 0.450246 1.512984 -> 0.832625 0.455786 1.515006 / dir = -1.000000 / l_pyr = 0.012478
Debug   : vH = 646 / nTets = 4 / pp.size() = 4 / 0.747795 0.414852 1.520054 -> 0.745771 0.420184 1.522252 / dir = -1.000000 / l_pyr = 0.012224
Debug   : vH = 640 / nTets = 4 / pp.size() = 4 / 0.673610 0.384698 1.523128 -> 0.671586 0.389852 1.525473 / dir = -1.000000 / l_pyr = 0.012027
Debug   : vH = 632 / nTets = 6 / pp.size() = 6 / 0.612522 0.359908 1.523657 -> 0.610492 0.364912 1.526119 / dir = -1.000000 / l_pyr = 0.011869
Debug   : vH = 625 / nTets = 8 / pp.size() = 8 / 0.563695 0.340117 1.522804 -> 0.561656 0.345002 1.525358 / dir = -1.000000 / l_pyr = 0.011755
Debug   : vH = 618 / nTets = 4 / pp.size() = 4 / 0.525589 0.324683 1.521362 -> 0.523540 0.329474 1.523987 / dir = -1.000000 / l_pyr = 0.011670
Debug   : vH = 7862 / nTets = 6 / pp.size() = 6 / 1.619899 0.773487 1.245422 -> 1.616137 0.779915 1.243487 / dir = -1.000000 / l_pyr = 0.015390
Debug   : vH = 7860 / nTets = 6 / pp.size() = 6 / 1.586096 0.759431 1.264188 -> 1.582439 0.765839 1.262339 / dir = -1.000000 / l_pyr = 0.015212
Debug   : vH = 7858 / nTets = 8 / pp.size() = 8 / 1.542355 0.741279 1.287324 -> 1.538830 0.747658 1.285590 / dir = -1.000000 / l_pyr = 0.014983
Debug   : vH = 7857 / nTets = 8 / pp.size() = 8 / 1.486956 0.718344 1.314805 -> 1.483589 0.724681 1.313220 / dir = -1.000000 / l_pyr = 0.014698
Debug   : vH = 7856 / nTets = 6 / pp.size() = 6 / 1.418654 0.690150 1.345956 -> 1.415470 0.696427 1.344557 / dir = -1.000000 / l_pyr = 0.014354
Debug   : vH = 7855 / nTets = 6 / pp.size() = 6 / 1.337220 0.656651 1.379284 -> 1.334237 0.662851 1.378111 / dir = -1.000000 / l_pyr = 0.013960
Debug   : vH = 7854 / nTets = 6 / pp.size() = 6 / 1.243965 0.618437 1.412531 -> 1.241183 0.624540 1.411616 / dir = -1.000000 / l_pyr = 0.013538
Debug   : vH = 7853 / nTets = 8 / pp.size() = 8 / 1.142005 0.576829 1.443088 -> 1.139410 0.582819 1.442457 / dir = -1.000000 / l_pyr = 0.013116
Debug   : vH = 7851 / nTets = 4 / pp.size() = 4 / 1.036045 0.533770 1.468673 -> 1.033610 0.539637 1.468332 / dir = -1.000000 / l_pyr = 0.012724
Debug   : vH = 7850 / nTets = 4 / pp.size() = 4 / 0.931599 0.491494 1.487955 -> 0.929286 0.497241 1.487897 / dir = -1.000000 / l_pyr = 0.012390
Debug   : vH = 7849 / nTets = 4 / pp.size() = 4 / 0.833857 0.452074 1.500844 -> 0.831627 0.457706 1.501045 / dir = -1.000000 / l_pyr = 0.012121
Debug   : vH = 7848 / nTets = 4 / pp.size() = 4 / 0.746707 0.417031 1.508256 -> 0.744529 0.422563 1.508683 / dir = -1.000000 / l_pyr = 0.011919
Debug   : vH = 7847 / nTets = 4 / pp.size() = 4 / 0.672271 0.387171 1.511616 -> 0.670122 0.392616 1.512232 / dir = -1.000000 / l_pyr = 0.011773
Debug   : vH = 7846 / nTets = 8 / pp.size() = 8 / 0.610969 0.362619 1.512380 -> 0.608833 0.367993 1.513151 / dir = -1.000000 / l_pyr = 0.011668
Debug   : vH = 7845 / nTets = 4 / pp.size() = 4 / 0.561962 0.343011 1.511714 -> 0.559829 0.348328 1.512606 / dir = -1.000000 / l_pyr = 0.011596
Debug   : vH = 7843 / nTets = 4 / pp.size() = 4 / 0.523712 0.327716 1.510416 -> 0.521578 0.332988 1.511402 / dir = -1.000000 / l_pyr = 0.011544
Debug   : vH = 7838 / nTets = 4 / pp.size() = 4 / 1.622332 0.768705 1.231021 -> 1.618168 0.774234 1.227701 / dir = -1.000000 / l_pyr = 0.015353
Debug   : vH = 7836 / nTets = 4 / pp.size() = 4 / 1.588504 0.754804 1.249910 -> 1.584460 0.760329 1.246660 / dir = -1.000000 / l_pyr = 0.015157
Debug   : vH = 7834 / nTets = 4 / pp.size() = 4 / 1.544723 0.736853 1.273203 -> 1.540832 0.742374 1.270049 / dir = -1.000000 / l_pyr = 0.014909
Debug   : vH = 7832 / nTets = 4 / pp.size() = 4 / 1.489260 0.714171 1.300883 -> 1.485555 0.719685 1.297854 / dir = -1.000000 / l_pyr = 0.014602
Debug   : vH = 7829 / nTets = 4 / pp.size() = 4 / 1.420863 0.686288 1.332273 -> 1.417375 0.691791 1.329410 / dir = -1.000000 / l_pyr = 0.014235
Debug   : vH = 7827 / nTets = 4 / pp.size() = 4 / 1.339292 0.653163 1.365880 -> 1.336045 0.658654 1.363223 / dir = -1.000000 / l_pyr = 0.013820
Debug   : vH = 7824 / nTets = 6 / pp.size() = 6 / 1.245851 0.615382 1.399429 -> 1.242853 0.620856 1.397020 / dir = -1.000000 / l_pyr = 0.013381
Debug   : vH = 7821 / nTets = 6 / pp.size() = 6 / 1.143657 0.574248 1.430296 -> 1.140898 0.579704 1.428166 / dir = -1.000000 / l_pyr = 0.012949
Debug   : vH = 7819 / nTets = 6 / pp.size() = 6 / 1.037425 0.531688 1.456178 -> 1.034874 0.537123 1.454344 / dir = -1.000000 / l_pyr = 0.012555
Debug   : vH = 7817 / nTets = 6 / pp.size() = 6 / 0.932684 0.489909 1.475726 -> 0.930300 0.495325 1.474184 / dir = -1.000000 / l_pyr = 0.012228
Debug   : vH = 7814 / nTets = 4 / pp.size() = 4 / 0.834645 0.450959 1.488838 -> 0.832385 0.456357 1.487569 / dir = -1.000000 / l_pyr = 0.011976
Debug   : vH = 7812 / nTets = 8 / pp.size() = 8 / 0.747218 0.416340 1.496428 -> 0.745040 0.421725 1.495400 / dir = -1.000000 / l_pyr = 0.011797
Debug   : vH = 7809 / nTets = 6 / pp.size() = 6 / 0.672538 0.386843 1.499926 -> 0.670412 0.392217 1.499102 / dir = -1.000000 / l_pyr = 0.011675
Debug   : vH = 7807 / nTets = 4 / pp.size() = 4 / 0.611029 0.362592 1.500794 -> 0.608933 0.367958 1.500137 / dir = -1.000000 / l_pyr = 0.011596
Debug   : vH = 7803 / nTets = 4 / pp.size() = 4 / 0.561851 0.343225 1.500205 -> 0.559772 0.348585 1.499681 / dir = -1.000000 / l_pyr = 0.011546
Debug   : vH = 7800 / nTets = 6 / pp.size() = 6 / 0.523466 0.328117 1.498965 -> 0.521394 0.333472 1.498542 / dir = -1.000000 / l_pyr = 0.011515
Debug   : vH = 7795 / nTets = 6 / pp.size() = 6 / 1.625744 0.761795 1.217702 -> 1.621412 0.766562 1.213535 / dir = -1.000000 / l_pyr = 0.015343
Debug   : vH = 7792 / nTets = 6 / pp.size() = 6 / 1.591900 0.748040 1.236716 -> 1.587698 0.752809 1.232605 / dir = -1.000000 / l_pyr = 0.015140
Debug   : vH = 7789 / nTets = 6 / pp.size() = 6 / 1.548090 0.730277 1.260168 -> 1.544053 0.735052 1.256135 / dir = -1.000000 / l_pyr = 0.014882
Debug   : vH = 7787 / nTets = 4 / pp.size() = 4 / 1.492576 0.707833 1.288041 -> 1.488741 0.712618 1.284113 / dir = -1.000000 / l_pyr = 0.014565
Debug   : vH = 7785 / nTets = 6 / pp.size() = 6 / 1.424099 0.680247 1.319659 -> 1.420502 0.685047 1.315873 / dir = -1.000000 / l_pyr = 0.014188
Debug   : vH = 7782 / nTets = 6 / pp.size() = 6 / 1.342411 0.647483 1.353517 -> 1.339079 0.652306 1.349914 / dir = -1.000000 / l_pyr = 0.013762
Debug   : vH = 7780 / nTets = 4 / pp.size() = 4 / 1.248807 0.610120 1.387326 -> 1.245752 0.614975 1.383946 / dir = -1.000000 / l_pyr = 0.013315
Debug   : vH = 7778 / nTets = 4 / pp.size() = 4 / 1.146403 0.569454 1.418438 -> 1.143618 0.574348 1.415317 / dir = -1.000000 / l_pyr = 0.012875
Debug   : vH = 7775 / nTets = 6 / pp.size() = 6 / 1.039924 0.527392 1.444530 -> 1.037380 0.532330 1.441691 / dir = -1.000000 / l_pyr = 0.012476
Debug   : vH = 7773 / nTets = 4 / pp.size() = 4 / 0.934915 0.486116 1.464239 -> 0.932568 0.491102 1.461685 / dir = -1.000000 / l_pyr = 0.012148
Debug   : vH = 7770 / nTets = 6 / pp.size() = 6 / 0.836608 0.447649 1.477459 -> 0.834411 0.452683 1.475175 / dir = -1.000000 / l_pyr = 0.011898
Debug   : vH = 7767 / nTets = 4 / pp.size() = 4 / 0.748932 0.413471 1.485113 -> 0.746841 0.418552 1.483070 / dir = -1.000000 / l_pyr = 0.011724
Debug   : vH = 7765 / nTets = 6 / pp.size() = 6 / 0.674036 0.384359 1.488641 -> 0.672014 0.389481 1.486803 / dir = -1.000000 / l_pyr = 0.011611
Debug   : vH = 7762 / nTets = 6 / pp.size() = 6 / 0.612346 0.360432 1.489518 -> 0.610368 0.365589 1.487849 / dir = -1.000000 / l_pyr = 0.011540
Debug   : vH = 7760 / nTets = 8 / pp.size() = 8 / 0.563023 0.341328 1.488927 -> 0.561071 0.346513 1.487391 / dir = -1.000000 / l_pyr = 0.011499
Debug   : vH = 7756 / nTets = 4 / pp.size() = 4 / 0.524524 0.326426 1.487680 -> 0.522587 0.331633 1.486248 / dir = -1.000000 / l_pyr = 0.011476
Debug   : vH = 7752 / nTets = 4 / pp.size() = 4 / 1.629771 0.753486 1.205388 -> 1.625377 0.757647 1.200691 / dir = -1.000000 / l_pyr = 0.015320
Debug   : vH = 7750 / nTets = 4 / pp.size() = 4 / 1.595915 0.739870 1.224531 -> 1.591658 0.744038 1.219880 / dir = -1.000000 / l_pyr = 0.015115
Debug   : vH = 7748 / nTets = 6 / pp.size() = 6 / 1.552082 0.722288 1.248143 -> 1.547998 0.726469 1.243559 / dir = -1.000000 / l_pyr = 0.014856
Debug   : vH = 7745 / nTets = 6 / pp.size() = 6 / 1.496526 0.700074 1.276210 -> 1.492655 0.704275 1.271716 / dir = -1.000000 / l_pyr = 0.014538
Debug   : vH = 7743 / nTets = 4 / pp.size() = 4 / 1.427981 0.672774 1.308051 -> 1.424360 0.677006 1.303680 / dir = -1.000000 / l_pyr = 0.014160
Debug   : vH = 7741 / nTets = 4 / pp.size() = 4 / 1.346189 0.640359 1.342148 -> 1.342849 0.644637 1.337940 / dir = -1.000000 / l_pyr = 0.013735
Debug   : vH = 7738 / nTets = 6 / pp.size() = 6 / 1.252438 0.603403 1.376191 -> 1.249393 0.607743 1.372187 / dir = -1.000000 / l_pyr = 0.013288
Debug   : vH = 7736 / nTets = 4 / pp.size() = 4 / 1.149846 0.563191 1.407510 -> 1.147089 0.567609 1.403746 / dir = -1.000000 / l_pyr = 0.012850
Debug   : vH = 7734 / nTets = 4 / pp.size() = 4 / 1.043144 0.521616 1.433760 -> 1.040648 0.526123 1.430262 / dir = -1.000000 / l_pyr = 0.012453
Debug   : vH = 7731 / nTets = 6 / pp.size() = 6 / 0.937893 0.480834 1.453566 -> 0.935614 0.485436 1.450341 / dir = -1.000000 / l_pyr = 0.012128
Debug   : vH = 7729 / nTets = 4 / pp.size() = 4 / 0.839346 0.442844 1.466823 -> 0.837235 0.447541 1.463860 / dir = -1.000000 / l_pyr = 0.011882
Debug   : vH = 7727 / nTets = 4 / pp.size() = 4 / 0.751450 0.409107 1.474467 -> 0.749460 0.413892 1.471739 / dir = -1.000000 / l_pyr = 0.011712
Debug   : vH = 7725 / nTets = 4 / pp.size() = 4 / 0.676365 0.380383 1.477955 -> 0.674458 0.385246 1.475430 / dir = -1.000000 / l_pyr = 0.011604
Debug   : vH = 7723 / nTets = 4 / pp.size() = 4 / 0.614521 0.356784 1.478779 -> 0.612667 0.361712 1.476421 / dir = -1.000000 / l_pyr = 0.011539
Debug   : vH = 7720 / nTets = 6 / pp.size() = 6 / 0.565076 0.337948 1.478133 -> 0.563255 0.342929 1.475908 / dir = -1.000000 / l_pyr = 0.011504
Debug   : vH = 7717 / nTets = 6 / pp.size() = 6 / 0.526484 0.323258 1.476835 -> 0.524683 0.328282 1.474713 / dir = -1.000000 / l_pyr = 0.011485
Debug   : vH = 7712 / nTets = 6 / pp.size() = 6 / 1.634186 0.744202 1.193936 -> 1.629769 0.747887 1.188876 / dir = -1.000000 / l_pyr = 0.015322
Debug   : vH = 7708 / nTets = 6 / pp.size() = 6 / 1.600320 0.730726 1.213208 -> 1.596045 0.734423 1.208191 / dir = -1.000000 / l_pyr = 0.015113
Debug   : vH = 7706 / nTets = 4 / pp.size() = 4 / 1.556466 0.713325 1.236980 -> 1.552372 0.717041 1.232025 / dir = -1.000000 / l_pyr = 0.014849
Debug   : vH = 7704 / nTets = 4 / pp.size() = 4 / 1.500871 0.691341 1.265238 -> 1.496999 0.695085 1.260367 / dir = -1.000000 / l_pyr = 0.014525
Debug   : vH = 7701 / nTets = 6 / pp.size() = 6 / 1.432262 0.664328 1.297296 -> 1.428651 0.668114 1.292541 / dir = -1.000000 / l_pyr = 0.014141
Debug   : vH = 7699 / nTets = 4 / pp.size() = 4 / 1.350373 0.632260 1.331622 -> 1.347055 0.636107 1.327019 / dir = -1.000000 / l_pyr = 0.013711
Debug   : vH = 7697 / nTets = 4 / pp.size() = 4 / 1.256485 0.595706 1.365883 -> 1.253476 0.599636 1.361472 / dir = -1.000000 / l_pyr = 0.013259
Debug   : vH = 7695 / nTets = 4 / pp.size() = 4 / 1.153716 0.555944 1.397382 -> 1.151010 0.559977 1.393200 / dir = -1.000000 / l_pyr = 0.012818
Debug   : vH = 7693 / nTets = 4 / pp.size() = 4 / 1.046806 0.514850 1.423755 -> 1.044376 0.519000 1.419828 / dir = -1.000000 / l_pyr = 0.012419
Debug   : vH = 7691 / nTets = 4 / pp.size() = 4 / 0.941332 0.474555 1.443615 -> 0.939133 0.478832 1.439951 / dir = -1.000000 / l_pyr = 0.012091
Debug   : vH = 7689 / nTets = 4 / pp.size() = 4 / 0.842566 0.437037 1.456861 -> 0.840548 0.441439 1.453451 / dir = -1.000000 / l_pyr = 0.011845
Debug   : vH = 7687 / nTets = 4 / pp.size() = 4 / 0.754473 0.403735 1.464446 -> 0.752586 0.408254 1.461266 / dir = -1.000000 / l_pyr = 0.011677
Debug   : vH = 7684 / nTets = 4 / pp.size() = 4 / 0.679221 0.375395 1.467848 -> 0.677426 0.380016 1.464866 / dir = -1.000000 / l_pyr = 0.011570
Debug   : vH = 7681 / nTets = 4 / pp.size() = 4 / 0.617244 0.352122 1.468578 -> 0.615509 0.356830 1.465759 / dir = -1.000000 / l_pyr = 0.011509
Debug   : vH = 7679 / nTets = 4 / pp.size() = 4 / 0.567697 0.333554 1.467840 -> 0.566000 0.338331 1.465153 / dir = -1.000000 / l_pyr = 0.011476
Debug   : vH = 7676 / nTets = 4 / pp.size() = 4 / 0.529028 0.319078 1.466462 -> 0.527356 0.323911 1.463877 / dir = -1.000000 / l_pyr = 0.011460
Debug   : vH = 7670 / nTets = 4 / pp.size() = 4 / 1.638863 0.734196 1.183221 -> 1.634450 0.737488 1.177906 / dir = -1.000000 / l_pyr = 0.015306
Debug   : vH = 7668 / nTets = 4 / pp.size() = 4 / 1.604984 0.720867 1.202618 -> 1.600718 0.724179 1.197346 / dir = -1.000000 / l_pyr = 0.015094
Debug   : vH = 7664 / nTets = 6 / pp.size() = 6 / 1.561107 0.703658 1.226545 -> 1.557027 0.706997 1.221334 / dir = -1.000000 / l_pyr = 0.014826
Debug   : vH = 7662 / nTets = 4 / pp.size() = 4 / 1.505471 0.681914 1.254987 -> 1.501619 0.685292 1.249861 / dir = -1.000000 / l_pyr = 0.014496
Debug   : vH = 7660 / nTets = 4 / pp.size() = 4 / 1.436795 0.655198 1.287253 -> 1.433212 0.658632 1.282241 / dir = -1.000000 / l_pyr = 0.014107
Debug   : vH = 7658 / nTets = 4 / pp.size() = 4 / 1.354808 0.623486 1.321793 -> 1.351527 0.626998 1.316931 / dir = -1.000000 / l_pyr = 0.013674
Debug   : vH = 7656 / nTets = 4 / pp.size() = 4 / 1.260785 0.587344 1.356254 -> 1.257822 0.590957 1.351580 / dir = -1.000000 / l_pyr = 0.013218
Debug   : vH = 7652 / nTets = 6 / pp.size() = 6 / 1.157843 0.548036 1.387911 -> 1.155193 0.551773 1.383461 / dir = -1.000000 / l_pyr = 0.012774
Debug   : vH = 7649 / nTets = 8 / pp.size() = 8 / 1.050733 0.507423 1.414378 -> 1.048368 0.511302 1.410177 / dir = -1.000000 / l_pyr = 0.012376
Debug   : vH = 7647 / nTets = 4 / pp.size() = 4 / 0.945047 0.467615 1.434260 -> 0.942921 0.471644 1.430314 / dir = -1.000000 / l_pyr = 0.012052
Debug   : vH = 7644 / nTets = 6 / pp.size() = 6 / 0.846075 0.430563 1.447460 -> 0.844138 0.434741 1.443762 / dir = -1.000000 / l_pyr = 0.011812
Debug   : vH = 7642 / nTets = 4 / pp.size() = 4 / 0.757800 0.397690 1.454949 -> 0.756001 0.402006 1.451475 / dir = -1.000000 / l_pyr = 0.011650
Debug   : vH = 7640 / nTets = 6 / pp.size() = 6 / 0.682398 0.369728 1.458232 -> 0.680696 0.374166 1.454951 / dir = -1.000000 / l_pyr = 0.011551
Debug   : vH = 7636 / nTets = 6 / pp.size() = 6 / 0.620304 0.346777 1.458837 -> 0.618666 0.351317 1.455714 / dir = -1.000000 / l_pyr = 0.011497
Debug   : vH = 7634 / nTets = 6 / pp.size() = 6 / 0.570668 0.328472 1.457982 -> 0.569073 0.333096 1.454988 / dir = -1.000000 / l_pyr = 0.011471
Debug   : vH = 7631 / nTets = 4 / pp.size() = 4 / 0.531936 0.314208 1.456504 -> 0.530368 0.318897 1.453608 / dir = -1.000000 / l_pyr = 0.011461
Debug   : vH = 605 / nTets = 6 / pp.size() = 6 / 1.643723 0.723607 1.173198 -> 1.639332 0.726535 1.167674 / dir = -1.000000 / l_pyr = 0.015279
Debug   : vH = 598 / nTets = 6 / pp.size() = 6 / 1.609825 0.710441 1.192703 -> 1.605583 0.713403 1.187227 / dir = -1.000000 / l_pyr = 0.015068
Debug   : vH = 593 / nTets = 4 / pp.size() = 4 / 1.565918 0.693440 1.216765 -> 1.561866 0.696447 1.211358 / dir = -1.000000 / l_pyr = 0.014792
Debug   : vH = 585 / nTets = 6 / pp.size() = 6 / 1.510233 0.671962 1.245371 -> 1.506416 0.675027 1.240060 / dir = -1.000000 / l_pyr = 0.014447
Debug   : vH = 579 / nTets = 4 / pp.size() = 4 / 1.441481 0.645571 1.277821 -> 1.437941 0.648714 1.272637 / dir = -1.000000 / l_pyr = 0.014042
Debug   : vH = 572 / nTets = 6 / pp.size() = 6 / 1.359386 0.614242 1.312549 -> 1.356152 0.617488 1.307523 / dir = -1.000000 / l_pyr = 0.013602
Debug   : vH = 565 / nTets = 6 / pp.size() = 6 / 1.265218 0.578535 1.347180 -> 1.262311 0.581904 1.342358 / dir = -1.000000 / l_pyr = 0.013124
Debug   : vH = 559 / nTets = 4 / pp.size() = 4 / 1.162097 0.539706 1.378966 -> 1.159509 0.543222 1.374376 / dir = -1.000000 / l_pyr = 0.012670
Debug   : vH = 553 / nTets = 4 / pp.size() = 4 / 1.054786 0.499589 1.405495 -> 1.052487 0.503270 1.401158 / dir = -1.000000 / l_pyr = 0.012271
Debug   : vH = 547 / nTets = 4 / pp.size() = 4 / 0.948893 0.460276 1.425365 -> 0.946838 0.464125 1.421289 / dir = -1.000000 / l_pyr = 0.011942
Debug   : vH = 541 / nTets = 4 / pp.size() = 4 / 0.849724 0.423694 1.438487 -> 0.847861 0.427711 1.434656 / dir = -1.000000 / l_pyr = 0.011711
Debug   : vH = 535 / nTets = 4 / pp.size() = 4 / 0.761277 0.391247 1.445851 -> 0.759554 0.395418 1.442243 / dir = -1.000000 / l_pyr = 0.011556
Debug   : vH = 529 / nTets = 4 / pp.size() = 4 / 0.685732 0.363657 1.448987 -> 0.684108 0.367962 1.445568 / dir = -1.000000 / l_pyr = 0.011464
Debug   : vH = 523 / nTets = 4 / pp.size() = 4 / 0.623528 0.341019 1.449441 -> 0.621970 0.345441 1.446175 / dir = -1.000000 / l_pyr = 0.011427
Debug   : vH = 515 / nTets = 6 / pp.size() = 6 / 0.573819 0.322972 1.448449 -> 0.572304 0.327486 1.445307 / dir = -1.000000 / l_pyr = 0.011409
Debug   : vH = 508 / nTets = 6 / pp.size() = 6 / 0.535036 0.308915 1.446853 -> 0.533549 0.313502 1.443806 / dir = -1.000000 / l_pyr = 0.011409
Debug   : vH = 493 / nTets = 4 / pp.size() = 4 / 1.718611 -0.471391 0.987146 -> 1.718375 -0.473056 0.984192 / dir = -1.000000 / l_pyr = 0.006799
Debug   : vH = 486 / nTets = 6 / pp.size() = 6 / 1.679734 -0.461331 0.985059 -> 1.679479 -0.462971 0.981843 / dir = -1.000000 / l_pyr = 0.007239
Debug   : vH = 480 / nTets = 6 / pp.size() = 6 / 1.630129 -0.448008 0.982869 -> 1.629845 -0.449610 0.979331 / dir = -1.000000 / l_pyr = 0.007788
Debug   : vH = 474 / nTets = 4 / pp.size() = 4 / 1.568336 -0.430658 0.980868 -> 1.568013 -0.432195 0.976963 / dir = -1.000000 / l_pyr = 0.008419
Debug   : vH = 464 / nTets = 6 / pp.size() = 6 / 1.493620 -0.408581 0.979514 -> 1.493247 -0.410017 0.975208 / dir = -1.000000 / l_pyr = 0.009110
Debug   : vH = 458 / nTets = 6 / pp.size() = 6 / 1.406450 -0.381330 0.979380 -> 1.406019 -0.382619 0.974673 / dir = -1.000000 / l_pyr = 0.009799
Debug   : vH = 452 / nTets = 6 / pp.size() = 6 / 1.308887 -0.348963 0.981042 -> 1.308398 -0.350048 0.975975 / dir = -1.000000 / l_pyr = 0.010410
Debug   : vH = 447 / nTets = 4 / pp.size() = 4 / 1.204623 -0.312239 0.984890 -> 1.204089 -0.313064 0.979544 / dir = -1.000000 / l_pyr = 0.010872
Debug   : vH = 437 / nTets = 4 / pp.size() = 4 / 1.098544 -0.272668 0.990953 -> 1.097994 -0.273183 0.985447 / dir = -1.000000 / l_pyr = 0.011115
Debug   : vH = 429 / nTets = 4 / pp.size() = 4 / 0.995870 -0.232310 0.998837 -> 0.995346 -0.232480 0.993367 / dir = -1.000000 / l_pyr = 0.010997
Debug   : vH = 423 / nTets = 4 / pp.size() = 4 / 0.901161 -0.193349 1.007819 -> 0.900701 -0.193175 1.002484 / dir = -1.000000 / l_pyr = 0.010715
Debug   : vH = 416 / nTets = 6 / pp.size() = 6 / 0.817605 -0.157661 1.017059 -> 0.817235 -0.157158 1.011901 / dir = -1.000000 / l_pyr = 0.010392
Debug   : vH = 411 / nTets = 4 / pp.size() = 4 / 0.746733 -0.126485 1.025825 -> 0.746471 -0.125684 1.020870 / dir = -1.000000 / l_pyr = 0.010053
Debug   : vH = 404 / nTets = 4 / pp.size() = 4 / 0.688597 -0.100347 1.033620 -> 0.688444 -0.099282 1.028862 / dir = -1.000000 / l_pyr = 0.009756
Debug   : vH = 397 / nTets = 4 / pp.size() = 4 / 0.642205 -0.079170 1.040207 -> 0.642157 -0.077883 1.035636 / dir = -1.000000 / l_pyr = 0.009498
Debug   : vH = 389 / nTets = 4 / pp.size() = 4 / 0.606001 -0.062476 1.045559 -> 0.606045 -0.061006 1.041150 / dir = -1.000000 / l_pyr = 0.009295
Debug   : vH = 6016 / nTets = 4 / pp.size() = 4 / 1.717056 -0.477362 0.990787 -> 1.716776 -0.479310 0.987853 / dir = -1.000000 / l_pyr = 0.007065
Debug   : vH = 6015 / nTets = 6 / pp.size() = 6 / 1.678059 -0.467892 0.988713 -> 1.677744 -0.469871 0.985494 / dir = -1.000000 / l_pyr = 0.007583
Debug   : vH = 6014 / nTets = 4 / pp.size() = 4 / 1.628319 -0.455265 0.986506 -> 1.627955 -0.457268 0.982947 / dir = -1.000000 / l_pyr = 0.008201
Debug   : vH = 6013 / nTets = 4 / pp.size() = 4 / 1.566388 -0.438692 0.984439 -> 1.565961 -0.440698 0.980488 / dir = -1.000000 / l_pyr = 0.008903
Debug   : vH = 6012 / nTets = 4 / pp.size() = 4 / 1.491552 -0.417428 0.982935 -> 1.491048 -0.419401 0.978565 / dir = -1.000000 / l_pyr = 0.009642
Debug   : vH = 6011 / nTets = 4 / pp.size() = 4 / 1.404298 -0.390955 0.982537 -> 1.403708 -0.392839 0.977752 / dir = -1.000000 / l_pyr = 0.010351
Debug   : vH = 6010 / nTets = 4 / pp.size() = 4 / 1.306713 -0.359250 0.983796 -> 1.306040 -0.360970 0.978645 / dir = -1.000000 / l_pyr = 0.010944
Debug   : vH = 6009 / nTets = 6 / pp.size() = 6 / 1.202504 -0.322996 0.987096 -> 1.201768 -0.324472 0.981670 / dir = -1.000000 / l_pyr = 0.011342
Debug   : vH = 6008 / nTets = 4 / pp.size() = 4 / 1.096565 -0.283660 0.992487 -> 1.095807 -0.284812 0.986940 / dir = -1.000000 / l_pyr = 0.011431
Debug   : vH = 6007 / nTets = 4 / pp.size() = 4 / 0.994097 -0.243305 0.999621 -> 0.993370 -0.244079 0.994132 / dir = -1.000000 / l_pyr = 0.011182
Debug   : vH = 6006 / nTets = 4 / pp.size() = 4 / 0.899631 -0.204149 1.007835 -> 0.898975 -0.204540 1.002474 / dir = -1.000000 / l_pyr = 0.010831
Debug   : vH = 6005 / nTets = 4 / pp.size() = 4 / 0.816326 -0.168134 1.016346 -> 0.815769 -0.168158 1.011151 / dir = -1.000000 / l_pyr = 0.010449
Debug   : vH = 6004 / nTets = 6 / pp.size() = 6 / 0.745690 -0.136566 1.024461 -> 0.745248 -0.136257 1.019446 / dir = -1.000000 / l_pyr = 0.010087
Debug   : vH = 6003 / nTets = 6 / pp.size() = 6 / 0.687753 -0.110023 1.031704 -> 0.687429 -0.109422 1.026866 / dir = -1.000000 / l_pyr = 0.009772
Debug   : vH = 6002 / nTets = 4 / pp.size() = 4 / 0.641519 -0.088470 1.037844 -> 0.641306 -0.087623 1.033169 / dir = -1.000000 / l_pyr = 0.009513
Debug   : vH = 5999 / nTets = 10 / pp.size() = 10 / 0.605436 -0.071447 1.042844 -> 0.605320 -0.070400 1.038312 / dir = -1.000000 / l_pyr = 0.009306
Debug   : vH = 5993 / nTets = 6 / pp.size() = 6 / 1.715530 -0.483177 0.995051 -> 1.715198 -0.485400 0.992260 / dir = -1.000000 / l_pyr = 0.007168
Debug   : vH = 5991 / nTets = 4 / pp.size() = 4 / 1.676406 -0.474294 0.993107 -> 1.676025 -0.476601 0.990051 / dir = -1.000000 / l_pyr = 0.007696
Debug   : vH = 5989 / nTets = 4 / pp.size() = 4 / 1.626524 -0.462359 0.991019 -> 1.626078 -0.464749 0.987643 / dir = -1.000000 / l_pyr = 0.008320
Debug   : vH = 5987 / nTets = 6 / pp.size() = 6 / 1.564448 -0.446560 0.989022 -> 1.563918 -0.449018 0.985278 / dir = -1.000000 / l_pyr = 0.009020
Debug   : vH = 5985 / nTets = 4 / pp.size() = 4 / 1.489479 -0.426106 0.987499 -> 1.488850 -0.428594 0.983356 / dir = -1.000000 / l_pyr = 0.009746
Debug   : vH = 5983 / nTets = 4 / pp.size() = 4 / 1.402128 -0.400410 0.986943 -> 1.401392 -0.402863 0.982399 / dir = -1.000000 / l_pyr = 0.010430
Debug   : vH = 5981 / nTets = 6 / pp.size() = 6 / 1.304505 -0.369369 0.987865 -> 1.303668 -0.371696 0.982960 / dir = -1.000000 / l_pyr = 0.010986
Debug   : vH = 5979 / nTets = 4 / pp.size() = 4 / 1.200334 -0.333595 0.990635 -> 1.199422 -0.335695 0.985448 / dir = -1.000000 / l_pyr = 0.011339
Debug   : vH = 5977 / nTets = 6 / pp.size() = 6 / 1.094512 -0.294516 0.995328 -> 1.093576 -0.296277 0.990017 / dir = -1.000000 / l_pyr = 0.011348
Debug   : vH = 5975 / nTets = 4 / pp.size() = 4 / 0.992228 -0.254194 1.001655 -> 0.991324 -0.255548 0.996361 / dir = -1.000000 / l_pyr = 0.011077
Debug   : vH = 5973 / nTets = 4 / pp.size() = 4 / 0.897987 -0.214887 1.009025 -> 0.897158 -0.215824 1.003813 / dir = -1.000000 / l_pyr = 0.010720
Debug   : vH = 5971 / nTets = 4 / pp.size() = 4 / 0.814917 -0.178598 1.016727 -> 0.814194 -0.179133 1.011633 / dir = -1.000000 / l_pyr = 0.010345
Debug   : vH = 5969 / nTets = 4 / pp.size() = 4 / 0.744502 -0.146692 1.024119 -> 0.743898 -0.146863 1.019160 / dir = -1.000000 / l_pyr = 0.009997
Debug   : vH = 5967 / nTets = 4 / pp.size() = 4 / 0.686756 -0.119798 1.030752 -> 0.686274 -0.119654 1.025929 / dir = -1.000000 / l_pyr = 0.009697
Debug   : vH = 5964 / nTets = 6 / pp.size() = 6 / 0.640678 -0.097917 1.036396 -> 0.640308 -0.097509 1.031702 / dir = -1.000000 / l_pyr = 0.009453
Debug   : vH = 5961 / nTets = 4 / pp.size() = 4 / 0.604715 -0.080606 1.041008 -> 0.604444 -0.079985 1.036429 / dir = -1.000000 / l_pyr = 0.009258
Debug   : vH = 5955 / nTets = 6 / pp.size() = 6 / 1.714115 -0.488528 0.999807 -> 1.713744 -0.490914 0.997309 / dir = -1.000000 / l_pyr = 0.006949
Debug   : vH = 5952 / nTets = 6 / pp.size() = 6 / 1.674885 -0.480150 0.998088 -> 1.674456 -0.482651 0.995386 / dir = -1.000000 / l_pyr = 0.007414
Debug   : vH = 5950 / nTets = 4 / pp.size() = 4 / 1.624882 -0.468816 0.996223 -> 1.624379 -0.471439 0.993271 / dir = -1.000000 / l_pyr = 0.007962
Debug   : vH = 5948 / nTets = 4 / pp.size() = 4 / 1.562678 -0.453702 0.994411 -> 1.562082 -0.456438 0.991163 / dir = -1.000000 / l_pyr = 0.008577
Debug   : vH = 5946 / nTets = 6 / pp.size() = 6 / 1.487588 -0.433982 0.992982 -> 1.486883 -0.436796 0.989402 / dir = -1.000000 / l_pyr = 0.009217
Debug   : vH = 5944 / nTets = 6 / pp.size() = 6 / 1.400141 -0.409015 0.992367 -> 1.399318 -0.411843 0.988437 / dir = -1.000000 / l_pyr = 0.009822
Debug   : vH = 5941 / nTets = 6 / pp.size() = 6 / 1.302466 -0.378630 0.993027 -> 1.301532 -0.381377 0.988760 / dir = -1.000000 / l_pyr = 0.010321
Debug   : vH = 5938 / nTets = 4 / pp.size() = 4 / 1.198305 -0.343374 0.995310 -> 1.197286 -0.345930 0.990751 / dir = -1.000000 / l_pyr = 0.010649
Debug   : vH = 5935 / nTets = 6 / pp.size() = 6 / 1.092558 -0.304632 0.999314 -> 1.091504 -0.306877 0.994562 / dir = -1.000000 / l_pyr = 0.010720
Debug   : vH = 5933 / nTets = 4 / pp.size() = 4 / 0.990407 -0.264456 1.004814 -> 0.989379 -0.266298 0.999993 / dir = -1.000000 / l_pyr = 0.010524
Debug   : vH = 5931 / nTets = 6 / pp.size() = 6 / 0.896339 -0.225128 1.011303 -> 0.895381 -0.226548 1.006470 / dir = -1.000000 / l_pyr = 0.010256
Debug   : vH = 5929 / nTets = 4 / pp.size() = 4 / 0.813460 -0.188695 1.018152 -> 0.812601 -0.189702 1.013347 / dir = -1.000000 / l_pyr = 0.009969
Debug   : vH = 5927 / nTets = 4 / pp.size() = 4 / 0.743229 -0.156572 1.024776 -> 0.742485 -0.157203 1.020025 / dir = -1.000000 / l_pyr = 0.009701
Debug   : vH = 5925 / nTets = 4 / pp.size() = 4 / 0.685648 -0.129434 1.030757 -> 0.685021 -0.129737 1.026074 / dir = -1.000000 / l_pyr = 0.009469
Debug   : vH = 5922 / nTets = 6 / pp.size() = 6 / 0.639708 -0.107312 1.035873 -> 0.639190 -0.107342 1.031263 / dir = -1.000000 / l_pyr = 0.009279
Debug   : vH = 5919 / nTets = 6 / pp.size() = 6 / 0.603855 -0.089784 1.040070 -> 0.603432 -0.089592 1.035530 / dir = -1.000000 / l_pyr = 0.009126
Debug   : vH = 5913 / nTets = 10 / pp.size() = 10 / 1.712863 -0.493242 1.004850 -> 1.712463 -0.495722 1.002654 / dir = -1.000000 / l_pyr = 0.006673
Debug   : vH = 5911 / nTets = 4 / pp.size() = 4 / 1.673561 -0.485240 1.003403 -> 1.673101 -0.487843 1.001066 / dir = -1.000000 / l_pyr = 0.007057
Debug   : vH = 5909 / nTets = 4 / pp.size() = 4 / 1.623475 -0.474366 1.001822 -> 1.622939 -0.477106 0.999308 / dir = -1.000000 / l_pyr = 0.007513
Debug   : vH = 5907 / nTets = 4 / pp.size() = 4 / 1.561181 -0.459795 1.000267 -> 1.560550 -0.462668 0.997536 / dir = -1.000000 / l_pyr = 0.008027
Debug   : vH = 5905 / nTets = 4 / pp.size() = 4 / 1.486000 -0.440684 0.999014 -> 1.485258 -0.443663 0.996027 / dir = -1.000000 / l_pyr = 0.008567
Debug   : vH = 5902 / nTets = 4 / pp.size() = 4 / 1.398473 -0.416358 0.998428 -> 1.397610 -0.419389 0.995155 / dir = -1.000000 / l_pyr = 0.009085
Debug   : vH = 5899 / nTets = 4 / pp.size() = 4 / 1.300741 -0.386599 0.998913 -> 1.299764 -0.389592 0.995341 / dir = -1.000000 / l_pyr = 0.009523
Debug   : vH = 5897 / nTets = 6 / pp.size() = 6 / 1.196560 -0.351898 1.000789 -> 1.195491 -0.354746 0.996929 / dir = -1.000000 / l_pyr = 0.009829
Debug   : vH = 5894 / nTets = 6 / pp.size() = 6 / 1.090837 -0.313596 1.004168 -> 1.089717 -0.316188 1.000055 / dir = -1.000000 / l_pyr = 0.009978
Debug   : vH = 5892 / nTets = 4 / pp.size() = 4 / 0.988754 -0.273715 1.008885 -> 0.987645 -0.275940 1.004619 / dir = -1.000000 / l_pyr = 0.009875
Debug   : vH = 5890 / nTets = 4 / pp.size() = 4 / 0.894791 -0.234543 1.014517 -> 0.893736 -0.236367 1.010142 / dir = -1.000000 / l_pyr = 0.009713
Debug   : vH = 5888 / nTets = 6 / pp.size() = 6 / 0.812036 -0.198145 1.020520 -> 0.811066 -0.199569 1.016076 / dir = -1.000000 / l_pyr = 0.009533
Debug   : vH = 5885 / nTets = 6 / pp.size() = 6 / 0.741933 -0.165972 1.026373 -> 0.741066 -0.167025 1.021894 / dir = -1.000000 / l_pyr = 0.009364
Debug   : vH = 5882 / nTets = 4 / pp.size() = 4 / 0.684474 -0.138735 1.031691 -> 0.683714 -0.139461 1.027205 / dir = -1.000000 / l_pyr = 0.009216
Debug   : vH = 5880 / nTets = 4 / pp.size() = 4 / 0.638641 -0.116492 1.036265 -> 0.637983 -0.116944 1.031789 / dir = -1.000000 / l_pyr = 0.009094
Debug   : vH = 5876 / nTets = 6 / pp.size() = 6 / 0.602876 -0.098841 1.040032 -> 0.602308 -0.099071 1.035577 / dir = -1.000000 / l_pyr = 0.008995
Debug   : vH = 5871 / nTets = 4 / pp.size() = 4 / 1.711773 -0.497348 1.010040 -> 1.711353 -0.499871 1.008112 / dir = -1.000000 / l_pyr = 0.006405
Debug   : vH = 5868 / nTets = 6 / pp.size() = 6 / 1.672433 -0.489599 1.008873 -> 1.671956 -0.492241 1.006859 / dir = -1.000000 / l_pyr = 0.006713
Debug   : vH = 5866 / nTets = 4 / pp.size() = 4 / 1.622303 -0.479049 1.007593 -> 1.621752 -0.481826 1.005465 / dir = -1.000000 / l_pyr = 0.007083
Debug   : vH = 5863 / nTets = 4 / pp.size() = 4 / 1.559957 -0.464879 1.006327 -> 1.559315 -0.467793 1.004050 / dir = -1.000000 / l_pyr = 0.007506
Debug   : vH = 5859 / nTets = 4 / pp.size() = 4 / 1.484721 -0.446246 1.005298 -> 1.483970 -0.449280 1.002835 / dir = -1.000000 / l_pyr = 0.007958
Debug   : vH = 5857 / nTets = 8 / pp.size() = 8 / 1.397137 -0.422464 1.004812 -> 1.396268 -0.425572 1.002123 / dir = -1.000000 / l_pyr = 0.008402
Debug   : vH = 5854 / nTets = 8 / pp.size() = 8 / 1.299354 -0.393280 1.005210 -> 1.298368 -0.396389 1.002265 / dir = -1.000000 / l_pyr = 0.008790
Debug   : vH = 5851 / nTets = 6 / pp.size() = 6 / 1.195134 -0.359149 1.006778 -> 1.194050 -0.362160 1.003559 / dir = -1.000000 / l_pyr = 0.009079
Debug   : vH = 5849 / nTets = 4 / pp.size() = 4 / 1.089393 -0.321361 1.009633 -> 1.088246 -0.324171 1.006144 / dir = -1.000000 / l_pyr = 0.009249
Debug   : vH = 5847 / nTets = 4 / pp.size() = 4 / 0.987318 -0.281903 1.013658 -> 0.986157 -0.284414 1.009934 / dir = -1.000000 / l_pyr = 0.009277
Debug   : vH = 5844 / nTets = 4 / pp.size() = 4 / 0.893388 -0.243043 1.018506 -> 0.892262 -0.245196 1.014599 / dir = -1.000000 / l_pyr = 0.009203
Debug   : vH = 5842 / nTets = 4 / pp.size() = 4 / 0.810688 -0.206849 1.023716 -> 0.809629 -0.208634 1.019659 / dir = -1.000000 / l_pyr = 0.009113
Debug   : vH = 5840 / nTets = 4 / pp.size() = 4 / 0.740653 -0.174788 1.028830 -> 0.739680 -0.176224 1.024662 / dir = -1.000000 / l_pyr = 0.009028
Debug   : vH = 5837 / nTets = 6 / pp.size() = 6 / 0.683265 -0.147595 1.033504 -> 0.682385 -0.148718 1.029261 / dir = -1.000000 / l_pyr = 0.008953
Debug   : vH = 5834 / nTets = 6 / pp.size() = 6 / 0.637501 -0.125352 1.037544 -> 0.636712 -0.126209 1.033254 / dir = -1.000000 / l_pyr = 0.008891
Debug   : vH = 5831 / nTets = 4 / pp.size() = 4 / 0.601798 -0.107676 1.040884 -> 0.601089 -0.108317 1.036569 / dir = -1.000000 / l_pyr = 0.008839
Debug   : vH = 5825 / nTets = 8 / pp.size() = 8 / 1.710829 -0.500927 1.015294 -> 1.710394 -0.503471 1.013596 / dir = -1.000000 / l_pyr = 0.006179
Debug   : vH = 5823 / nTets = 4 / pp.size() = 4 / 1.671480 -0.493332 1.014394 -> 1.670991 -0.495985 1.012650 / dir = -1.000000 / l_pyr = 0.006425
Debug   : vH = 5821 / nTets = 4 / pp.size() = 4 / 1.621338 -0.482993 1.013407 -> 1.620780 -0.485771 1.011598 / dir = -1.000000 / l_pyr = 0.006724
Debug   : vH = 5818 / nTets = 4 / pp.size() = 4 / 1.558977 -0.469104 1.012434 -> 1.558332 -0.472015 1.010532 / dir = -1.000000 / l_pyr = 0.007073
Debug   : vH = 5816 / nTets = 8 / pp.size() = 8 / 1.483718 -0.450834 1.011656 -> 1.482970 -0.453868 1.009624 / dir = -1.000000 / l_pyr = 0.007454
Debug   : vH = 5814 / nTets = 4 / pp.size() = 4 / 1.396102 -0.427498 1.011321 -> 1.395240 -0.430623 1.009118 / dir = -1.000000 / l_pyr = 0.007839
Debug   : vH = 5812 / nTets = 4 / pp.size() = 4 / 1.298278 -0.398831 1.011714 -> 1.297299 -0.401989 1.009297 / dir = -1.000000 / l_pyr = 0.008191
Debug   : vH = 5810 / nTets = 4 / pp.size() = 4 / 1.194011 -0.365258 1.013080 -> 1.192929 -0.368365 1.010411 / dir = -1.000000 / l_pyr = 0.008473
Debug   : vH = 5807 / nTets = 6 / pp.size() = 6 / 1.088222 -0.328027 1.015530 -> 1.087065 -0.330989 1.012588 / dir = -1.000000 / l_pyr = 0.008665
Debug   : vH = 5805 / nTets = 4 / pp.size() = 4 / 0.986106 -0.289080 1.018979 -> 0.984914 -0.291810 1.015764 / dir = -1.000000 / l_pyr = 0.008768
Debug   : vH = 5802 / nTets = 6 / pp.size() = 6 / 0.892152 -0.250652 1.023148 -> 0.890967 -0.253090 1.019681 / dir = -1.000000 / l_pyr = 0.008802
Debug   : vH = 5800 / nTets = 4 / pp.size() = 4 / 0.809445 -0.214797 1.027648 -> 0.808305 -0.216910 1.023970 / dir = -1.000000 / l_pyr = 0.008784
Debug   : vH = 5797 / nTets = 6 / pp.size() = 6 / 0.739418 -0.182982 1.032085 -> 0.738344 -0.184779 1.028235 / dir = -1.000000 / l_pyr = 0.008765
Debug   : vH = 5795 / nTets = 4 / pp.size() = 4 / 0.682052 -0.155956 1.036158 -> 0.681055 -0.157464 1.032175 / dir = -1.000000 / l_pyr = 0.008748
Debug   : vH = 5793 / nTets = 4 / pp.size() = 4 / 0.636317 -0.133820 1.039692 -> 0.635397 -0.135078 1.035612 / dir = -1.000000 / l_pyr = 0.008734
Debug   : vH = 5788 / nTets = 4 / pp.size() = 4 / 0.600645 -0.116207 1.042622 -> 0.599795 -0.117261 1.038476 / dir = -1.000000 / l_pyr = 0.008722
Debug   : vH = 5782 / nTets = 4 / pp.size() = 4 / 1.710014 -0.504049 1.020593 -> 1.709562 -0.506621 1.019104 / dir = -1.000000 / l_pyr = 0.006013
Debug   : vH = 5779 / nTets = 6 / pp.size() = 6 / 1.670678 -0.496534 1.019935 -> 1.670177 -0.499204 1.018429 / dir = -1.000000 / l_pyr = 0.006212
Debug   : vH = 5777 / nTets = 4 / pp.size() = 4 / 1.620551 -0.486320 1.019222 -> 1.619985 -0.489103 1.017686 / dir = -1.000000 / l_pyr = 0.006458
Debug   : vH = 5775 / nTets = 4 / pp.size() = 4 / 1.558202 -0.472618 1.018533 -> 1.557556 -0.475524 1.016945 / dir = -1.000000 / l_pyr = 0.006749
Debug   : vH = 5773 / nTets = 4 / pp.size() = 4 / 1.482949 -0.454613 1.018015 -> 1.482206 -0.457640 1.016342 / dir = -1.000000 / l_pyr = 0.007074
Debug   : vH = 5770 / nTets = 4 / pp.size() = 4 / 1.395327 -0.431637 1.017868 -> 1.394474 -0.434763 1.016069 / dir = -1.000000 / l_pyr = 0.007412
Debug   : vH = 5767 / nTets = 4 / pp.size() = 4 / 1.297478 -0.403423 1.018324 -> 1.296510 -0.406604 1.016351 / dir = -1.000000 / l_pyr = 0.007733
Debug   : vH = 5764 / nTets = 4 / pp.size() = 4 / 1.193165 -0.370379 1.019586 -> 1.192090 -0.373547 1.017388 / dir = -1.000000 / l_pyr = 0.008005
Debug   : vH = 5761 / nTets = 8 / pp.size() = 8 / 1.087310 -0.333718 1.021750 -> 1.086150 -0.336792 1.019288 / dir = -1.000000 / l_pyr = 0.008212
Debug   : vH = 5759 / nTets = 4 / pp.size() = 4 / 0.985119 -0.295335 1.024753 -> 0.983908 -0.298236 1.022006 / dir = -1.000000 / l_pyr = 0.008351
Debug   : vH = 5757 / nTets = 4 / pp.size() = 4 / 0.891092 -0.257423 1.028363 -> 0.889866 -0.260092 1.025335 / dir = -1.000000 / l_pyr = 0.008437
Debug   : vH = 5754 / nTets = 6 / pp.size() = 6 / 0.808325 -0.222008 1.032257 -> 0.807118 -0.224410 1.028971 / dir = -1.000000 / l_pyr = 0.008492
Debug   : vH = 5752 / nTets = 4 / pp.size() = 4 / 0.738255 -0.190544 1.036101 -> 0.737091 -0.192675 1.032594 / dir = -1.000000 / l_pyr = 0.008530
Debug   : vH = 5750 / nTets = 4 / pp.size() = 4 / 0.680863 -0.163785 1.039635 -> 0.679756 -0.165661 1.035949 / dir = -1.000000 / l_pyr = 0.008563
Debug   : vH = 5748 / nTets = 4 / pp.size() = 4 / 0.635119 -0.141843 1.042707 -> 0.634071 -0.143497 1.038884 / dir = -1.000000 / l_pyr = 0.008591
Debug   : vH = 5744 / nTets = 6 / pp.size() = 6 / 0.599447 -0.124368 1.045259 -> 0.598456 -0.125836 1.041332 / dir = -1.000000 / l_pyr = 0.008615
Debug   : vH = 5740 / nTets = 4 / pp.size() = 4 / 1.709312 -0.506759 1.025948 -> 1.708843 -0.509365 1.024650 / dir = -1.000000 / l_pyr = 0.005897
Debug   : vH = 5738 / nTets = 4 / pp.size() = 4 / 1.670006 -0.499273 1.025507 -> 1.669491 -0.501964 1.024213 / dir = -1.000000 / l_pyr = 0.006060
Debug   : vH = 5736 / nTets = 4 / pp.size() = 4 / 1.619912 -0.489120 1.025044 -> 1.619339 -0.491912 1.023746 / dir = -1.000000 / l_pyr = 0.006265
Debug   : vH = 5733 / nTets = 6 / pp.size() = 6 / 1.557600 -0.475530 1.024623 -> 1.556951 -0.478435 1.023304 / dir = -1.000000 / l_pyr = 0.006512
Debug   : vH = 5731 / nTets = 4 / pp.size() = 4 / 1.482379 -0.457713 1.024362 -> 1.481639 -0.460733 1.022996 / dir = -1.000000 / l_pyr = 0.006792
Debug   : vH = 5729 / nTets = 4 / pp.size() = 4 / 1.394773 -0.435019 1.024423 -> 1.393929 -0.438141 1.022970 / dir = -1.000000 / l_pyr = 0.007091
Debug   : vH = 5726 / nTets = 6 / pp.size() = 6 / 1.296917 -0.407194 1.024992 -> 1.295961 -0.410385 1.023401 / dir = -1.000000 / l_pyr = 0.007384
Debug   : vH = 5723 / nTets = 6 / pp.size() = 6 / 1.192565 -0.374637 1.026230 -> 1.191501 -0.377844 1.024444 / dir = -1.000000 / l_pyr = 0.007642
Debug   : vH = 5720 / nTets = 6 / pp.size() = 6 / 1.086639 -0.338534 1.028215 -> 1.085482 -0.341688 1.026183 / dir = -1.000000 / l_pyr = 0.007852
Debug   : vH = 5716 / nTets = 6 / pp.size() = 6 / 0.984352 -0.300736 1.030891 -> 0.983131 -0.303768 1.028578 / dir = -1.000000 / l_pyr = 0.008009
Debug   : vH = 5714 / nTets = 6 / pp.size() = 6 / 0.890218 -0.263390 1.034065 -> 0.888964 -0.266243 1.031459 / dir = -1.000000 / l_pyr = 0.008126
Debug   : vH = 5712 / nTets = 4 / pp.size() = 4 / 0.807348 -0.228482 1.037467 -> 0.806092 -0.231121 1.034577 / dir = -1.000000 / l_pyr = 0.008220
Debug   : vH = 5709 / nTets = 6 / pp.size() = 6 / 0.737189 -0.197446 1.040813 -> 0.735955 -0.199860 1.037671 / dir = -1.000000 / l_pyr = 0.008302
Debug   : vH = 5706 / nTets = 6 / pp.size() = 6 / 0.679730 -0.171030 1.043886 -> 0.678532 -0.173230 1.040530 / dir = -1.000000 / l_pyr = 0.008376
Debug   : vH = 5703 / nTets = 8 / pp.size() = 8 / 0.633938 -0.149352 1.046557 -> 0.632782 -0.151361 1.043030 / dir = -1.000000 / l_pyr = 0.008442
Debug   : vH = 5699 / nTets = 6 / pp.size() = 6 / 0.598236 -0.132074 1.048775 -> 0.597120 -0.133923 1.045116 / dir = -1.000000 / l_pyr = 0.008498
Debug   : vH = 5691 / nTets = 8 / pp.size() = 8 / 1.708719 -0.509094 1.031353 -> 1.708236 -0.511722 1.030235 / dir = -1.000000 / l_pyr = 0.005794
Debug   : vH = 5689 / nTets = 6 / pp.size() = 6 / 1.669455 -0.501598 1.031106 -> 1.668930 -0.504302 1.030007 / dir = -1.000000 / l_pyr = 0.005932
Debug   : vH = 5686 / nTets = 6 / pp.size() = 6 / 1.619412 -0.491457 1.030870 -> 1.618831 -0.494252 1.029787 / dir = -1.000000 / l_pyr = 0.006106
Debug   : vH = 5684 / nTets = 4 / pp.size() = 4 / 1.557154 -0.477922 1.030698 -> 1.556503 -0.480821 1.029619 / dir = -1.000000 / l_pyr = 0.006321
Debug   : vH = 5681 / nTets = 6 / pp.size() = 6 / 1.481986 -0.460227 1.030688 -> 1.481249 -0.463235 1.029591 / dir = -1.000000 / l_pyr = 0.006571
Debug   : vH = 5679 / nTets = 4 / pp.size() = 4 / 1.394419 -0.437746 1.030971 -> 1.393584 -0.440858 1.029820 / dir = -1.000000 / l_pyr = 0.006843
Debug   : vH = 5677 / nTets = 4 / pp.size() = 4 / 1.296575 -0.410246 1.031690 -> 1.295631 -0.413439 1.030436 / dir = -1.000000 / l_pyr = 0.007117
Debug   : vH = 5675 / nTets = 4 / pp.size() = 4 / 1.192197 -0.378126 1.032970 -> 1.191143 -0.381359 1.031554 / dir = -1.000000 / l_pyr = 0.007367
Debug   : vH = 5673 / nTets = 4 / pp.size() = 4 / 1.086200 -0.342552 1.034866 -> 1.085050 -0.345770 1.033227 / dir = -1.000000 / l_pyr = 0.007580
Debug   : vH = 5671 / nTets = 4 / pp.size() = 4 / 0.983806 -0.305335 1.037323 -> 0.982579 -0.308477 1.035414 / dir = -1.000000 / l_pyr = 0.007750
Debug   : vH = 5668 / nTets = 6 / pp.size() = 6 / 0.889542 -0.268576 1.040175 -> 0.888267 -0.271588 1.037971 / dir = -1.000000 / l_pyr = 0.007888
Debug   : vH = 5666 / nTets = 4 / pp.size() = 4 / 0.806537 -0.234216 1.043192 -> 0.805242 -0.237063 1.040693 / dir = -1.000000 / l_pyr = 0.008008
Debug   : vH = 5664 / nTets = 4 / pp.size() = 4 / 0.736252 -0.203659 1.046139 -> 0.734959 -0.206326 1.043366 / dir = -1.000000 / l_pyr = 0.008118
Debug   : vH = 5662 / nTets = 4 / pp.size() = 4 / 0.678688 -0.177641 1.048832 -> 0.677413 -0.180132 1.045820 / dir = -1.000000 / l_pyr = 0.008222
Debug   : vH = 5660 / nTets = 4 / pp.size() = 4 / 0.632814 -0.156281 1.051167 -> 0.631565 -0.158611 1.047958 / dir = -1.000000 / l_pyr = 0.008315
Debug   : vH = 5657 / nTets = 4 / pp.size() = 4 / 0.597052 -0.139248 1.053102 -> 0.595830 -0.141442 1.049738 / dir = -1.000000 / l_pyr = 0.008397
Debug   : vH = 5652 / nTets = 4 / pp.size() = 4 / 1.708225 -0.511088 1.036826 -> 1.707723 -0.513764 1.035868 / dir = -1.000000 / l_pyr = 0.005773
Debug   : vH = 5650 / nTets = 4 / pp.size() = 4 / 1.669012 -0.503554 1.036755 -> 1.668470 -0.506299 1.035826 / dir = -1.000000 / l_pyr = 0.005896
Debug   : vH = 5648 / nTets = 4 / pp.size() = 4 / 1.619031 -0.493389 1.036729 -> 1.618437 -0.496219 1.035829 / dir = -1.000000 / l_pyr = 0.006055
Debug   : vH = 5646 / nTets = 4 / pp.size() = 4 / 1.556843 -0.479863 1.036793 -> 1.556183 -0.482791 1.035917 / dir = -1.000000 / l_pyr = 0.006253
Debug   : vH = 5644 / nTets = 4 / pp.size() = 4 / 1.481746 -0.462234 1.037030 -> 1.481003 -0.465269 1.036161 / dir = -1.000000 / l_pyr = 0.006486
Debug   : vH = 5641 / nTets = 6 / pp.size() = 6 / 1.394239 -0.439905 1.037546 -> 1.393400 -0.443047 1.036653 / dir = -1.000000 / l_pyr = 0.006745
Debug   : vH = 5637 / nTets = 6 / pp.size() = 6 / 1.296427 -0.412665 1.038448 -> 1.295481 -0.415899 1.037485 / dir = -1.000000 / l_pyr = 0.007009
Debug   : vH = 5635 / nTets = 6 / pp.size() = 6 / 1.192038 -0.380925 1.039826 -> 1.190982 -0.384219 1.038735 / dir = -1.000000 / l_pyr = 0.007255
Debug   : vH = 5633 / nTets = 4 / pp.size() = 4 / 1.085980 -0.345837 1.041711 -> 1.084822 -0.349147 1.040427 / dir = -1.000000 / l_pyr = 0.007468
Debug   : vH = 5630 / nTets = 4 / pp.size() = 4 / 0.983475 -0.309180 1.044042 -> 0.982232 -0.312451 1.042510 / dir = -1.000000 / l_pyr = 0.007641
Debug   : vH = 5628 / nTets = 6 / pp.size() = 6 / 0.889066 -0.273006 1.046672 -> 0.887763 -0.276191 1.044854 / dir = -1.000000 / l_pyr = 0.007783
Debug   : vH = 5625 / nTets = 6 / pp.size() = 6 / 0.805902 -0.239211 1.049403 -> 0.804563 -0.242273 1.047288 / dir = -1.000000 / l_pyr = 0.007909
Debug   : vH = 5623 / nTets = 4 / pp.size() = 4 / 0.735462 -0.209164 1.052039 -> 0.734109 -0.212084 1.049640 / dir = -1.000000 / l_pyr = 0.008027
Debug   : vH = 5620 / nTets = 4 / pp.size() = 4 / 0.677760 -0.183581 1.054428 -> 0.676410 -0.186358 1.051776 / dir = -1.000000 / l_pyr = 0.008140
Debug   : vH = 5616 / nTets = 4 / pp.size() = 4 / 0.631774 -0.162574 1.056489 -> 0.630436 -0.165219 1.053624 / dir = -1.000000 / l_pyr = 0.008245
Debug   : vH = 5612 / nTets = 8 / pp.size() = 8 / 0.595924 -0.145819 1.058190 -> 0.594602 -0.148350 1.055153 / dir = -1.000000 / l_pyr = 0.008338
Debug   : vH = 5607 / nTets = 6 / pp.size() = 6 / 1.707823 -0.512759 1.042377 -> 1.707306 -0.515466 1.041585 / dir = -1.000000 / l_pyr = 0.005734
Debug   : vH = 5604 / nTets = 6 / pp.size() = 6 / 1.668667 -0.505168 1.042470 -> 1.668113 -0.507939 1.041714 / dir = -1.000000 / l_pyr = 0.005851
Debug   : vH = 5601 / nTets = 4 / pp.size() = 4 / 1.618758 -0.494953 1.042642 -> 1.618153 -0.497804 1.041925 / dir = -1.000000 / l_pyr = 0.006002
Debug   : vH = 5599 / nTets = 6 / pp.size() = 6 / 1.556652 -0.481401 1.042936 -> 1.555984 -0.484347 1.042256 / dir = -1.000000 / l_pyr = 0.006193
Debug   : vH = 5597 / nTets = 4 / pp.size() = 4 / 1.481641 -0.463792 1.043422 -> 1.480894 -0.466845 1.042767 / dir = -1.000000 / l_pyr = 0.006422
Debug   : vH = 5595 / nTets = 4 / pp.size() = 4 / 1.394213 -0.441559 1.044184 -> 1.393371 -0.444724 1.043530 / dir = -1.000000 / l_pyr = 0.006680
Debug   : vH = 5593 / nTets = 4 / pp.size() = 4 / 1.296453 -0.414518 1.045302 -> 1.295504 -0.417789 1.044607 / dir = -1.000000 / l_pyr = 0.006951
Debug   : vH = 5589 / nTets = 4 / pp.size() = 4 / 1.192072 -0.383095 1.046831 -> 1.191012 -0.386449 1.046040 / dir = -1.000000 / l_pyr = 0.007210
Debug   : vH = 5587 / nTets = 4 / pp.size() = 4 / 1.085966 -0.348439 1.048778 -> 1.084798 -0.351840 1.047827 / dir = -1.000000 / l_pyr = 0.007438
Debug   : vH = 5584 / nTets = 4 / pp.size() = 4 / 0.983356 -0.312300 1.051070 -> 0.982094 -0.315702 1.049900 / dir = -1.000000 / l_pyr = 0.007624
Debug   : vH = 5581 / nTets = 6 / pp.size() = 6 / 0.888798 -0.276689 1.053570 -> 0.887463 -0.280047 1.052137 / dir = -1.000000 / l_pyr = 0.007775
Debug   : vH = 5579 / nTets = 4 / pp.size() = 4 / 0.805460 -0.243453 1.056108 -> 0.804075 -0.246731 1.054389 / dir = -1.000000 / l_pyr = 0.007904
Debug   : vH = 5576 / nTets = 6 / pp.size() = 6 / 0.734843 -0.213922 1.058516 -> 0.733429 -0.217099 1.056517 / dir = -1.000000 / l_pyr = 0.008021
Debug   : vH = 5574 / nTets = 4 / pp.size() = 4 / 0.676979 -0.188789 1.060673 -> 0.675553 -0.191858 1.058418 / dir = -1.000000 / l_pyr = 0.008133
Debug   : vH = 5572 / nTets = 6 / pp.size() = 6 / 0.630856 -0.168156 1.062519 -> 0.629428 -0.171121 1.060043 / dir = -1.000000 / l_pyr = 0.008237
Debug   : vH = 5569 / nTets = 4 / pp.size() = 4 / 0.594895 -0.151700 1.064034 -> 0.593472 -0.154575 1.061377 / dir = -1.000000 / l_pyr = 0.008330
Debug   : vH = 5562 / nTets = 4 / pp.size() = 4 / 1.707518 -0.514102 1.047995 -> 1.706986 -0.516846 1.047372 / dir = -1.000000 / l_pyr = 0.005727
Debug   : vH = 5560 / nTets = 6 / pp.size() = 6 / 1.668425 -0.506440 1.048243 -> 1.667857 -0.509244 1.047661 / dir = -1.000000 / l_pyr = 0.005840
Debug   : vH = 5557 / nTets = 4 / pp.size() = 4 / 1.618594 -0.496156 1.048605 -> 1.617978 -0.499035 1.048070 / dir = -1.000000 / l_pyr = 0.005986
Debug   : vH = 5555 / nTets = 4 / pp.size() = 4 / 1.556581 -0.482549 1.049122 -> 1.555903 -0.485520 1.048635 / dir = -1.000000 / l_pyr = 0.006173
Debug   : vH = 5551 / nTets = 8 / pp.size() = 8 / 1.481670 -0.464924 1.049858 -> 1.480915 -0.468001 1.049412 / dir = -1.000000 / l_pyr = 0.006398
Debug   : vH = 5549 / nTets = 6 / pp.size() = 6 / 1.394335 -0.442740 1.050880 -> 1.393489 -0.445931 1.050455 / dir = -1.000000 / l_pyr = 0.006657
Debug   : vH = 5546 / nTets = 8 / pp.size() = 8 / 1.296646 -0.415842 1.052241 -> 1.295696 -0.419146 1.051802 / dir = -1.000000 / l_pyr = 0.006932
Debug   : vH = 5542 / nTets = 10 / pp.size() = 10 / 1.192293 -0.384676 1.053969 -> 1.191232 -0.388078 1.053464 / dir = -1.000000 / l_pyr = 0.007200
Debug   : vH = 5540 / nTets = 8 / pp.size() = 8 / 1.086156 -0.350391 1.056043 -> 1.084984 -0.353864 1.055410 / dir = -1.000000 / l_pyr = 0.007440
Debug   : vH = 5537 / nTets = 8 / pp.size() = 8 / 0.983453 -0.314717 1.058376 -> 0.982181 -0.318223 1.057555 / dir = -1.000000 / l_pyr = 0.007639
Debug   : vH = 5535 / nTets = 6 / pp.size() = 6 / 0.888750 -0.279627 1.060835 -> 0.887394 -0.283127 1.059776 / dir = -1.000000 / l_pyr = 0.007799
Debug   : vH = 5533 / nTets = 4 / pp.size() = 4 / 0.805235 -0.246922 1.063266 -> 0.803817 -0.250381 1.061943 / dir = -1.000000 / l_pyr = 0.007931
Debug   : vH = 5531 / nTets = 4 / pp.size() = 4 / 0.734429 -0.217894 1.065528 -> 0.732969 -0.221289 1.063938 / dir = -1.000000 / l_pyr = 0.008047
Debug   : vH = 5529 / nTets = 6 / pp.size() = 6 / 0.676386 -0.193205 1.067527 -> 0.674901 -0.196526 1.065688 / dir = -1.000000 / l_pyr = 0.008153
Debug   : vH = 5527 / nTets = 4 / pp.size() = 4 / 0.630107 -0.172947 1.069218 -> 0.628608 -0.176194 1.067162 / dir = -1.000000 / l_pyr = 0.008251
Debug   : vH = 5524 / nTets = 4 / pp.size() = 4 / 0.594016 -0.156796 1.070596 -> 0.592511 -0.159975 1.068358 / dir = -1.000000 / l_pyr = 0.008339
Debug   : vH = 5518 / nTets = 8 / pp.size() = 8 / 1.707315 -0.515107 1.053679 -> 1.706770 -0.517878 1.053234 / dir = -1.000000 / l_pyr = 0.005719
Debug   : vH = 5516 / nTets = 4 / pp.size() = 4 / 1.668290 -0.507363 1.054073 -> 1.667709 -0.510192 1.053674 / dir = -1.000000 / l_pyr = 0.005831
Debug   : vH = 5514 / nTets = 4 / pp.size() = 4 / 1.618543 -0.496993 1.054617 -> 1.617916 -0.499894 1.054271 / dir = -1.000000 / l_pyr = 0.005976
Debug   : vH = 5512 / nTets = 4 / pp.size() = 4 / 1.556630 -0.483310 1.055352 -> 1.555945 -0.486299 1.055064 / dir = -1.000000 / l_pyr = 0.006162
Debug   : vH = 5510 / nTets = 4 / pp.size() = 4 / 1.481830 -0.465636 1.056336 -> 1.481071 -0.468729 1.056102 / dir = -1.000000 / l_pyr = 0.006388
Debug   : vH = 5508 / nTets = 4 / pp.size() = 4 / 1.394605 -0.443458 1.057625 -> 1.393757 -0.446667 1.057431 / dir = -1.000000 / l_pyr = 0.006649
Debug   : vH = 5506 / nTets = 4 / pp.size() = 4 / 1.297005 -0.416651 1.059248 -> 1.296055 -0.419978 1.059064 / dir = -1.000000 / l_pyr = 0.006930
Debug   : vH = 5504 / nTets = 4 / pp.size() = 4 / 1.192700 -0.385683 1.061208 -> 1.191639 -0.389120 1.060987 / dir = -1.000000 / l_pyr = 0.007207
Debug   : vH = 5501 / nTets = 4 / pp.size() = 4 / 1.086550 -0.351709 1.063458 -> 1.085378 -0.355235 1.063142 / dir = -1.000000 / l_pyr = 0.007459
Debug   : vH = 5499 / nTets = 4 / pp.size() = 4 / 0.983768 -0.316444 1.065897 -> 0.982493 -0.320028 1.065423 / dir = -1.000000 / l_pyr = 0.007668
Debug   : vH = 5496 / nTets = 6 / pp.size() = 6 / 0.888928 -0.281827 1.068388 -> 0.887563 -0.285435 1.067703 / dir = -1.000000 / l_pyr = 0.007835
Debug   : vH = 5493 / nTets = 4 / pp.size() = 4 / 0.805236 -0.249617 1.070790 -> 0.803800 -0.253216 1.069862 / dir = -1.000000 / l_pyr = 0.007970
Debug   : vH = 5491 / nTets = 4 / pp.size() = 4 / 0.734236 -0.221063 1.072981 -> 0.732747 -0.224631 1.071801 / dir = -1.000000 / l_pyr = 0.008084
Debug   : vH = 5488 / nTets = 4 / pp.size() = 4 / 0.676004 -0.196802 1.074886 -> 0.674479 -0.200326 1.073467 / dir = -1.000000 / l_pyr = 0.008187
Debug   : vH = 5486 / nTets = 4 / pp.size() = 4 / 0.629554 -0.176908 1.076481 -> 0.628007 -0.180384 1.074849 / dir = -1.000000 / l_pyr = 0.008280
Debug   : vH = 5482 / nTets = 4 / pp.size() = 4 / 0.593320 -0.161055 1.077767 -> 0.591758 -0.164485 1.075957 / dir = -1.000000 / l_pyr = 0.008363
Debug   : vH = 5477 / nTets = 6 / pp.size() = 6 / 1.707220 -0.515757 1.059424 -> 1.706661 -0.518559 1.059165 / dir = -1.000000 / l_pyr = 0.005739
Debug   : vH = 5475 / nTets = 4 / pp.size() = 4 / 1.668265 -0.507922 1.059959 -> 1.667673 -0.510781 1.059750 / dir = -1.000000 / l_pyr = 0.005854
Debug   : vH = 5473 / nTets = 4 / pp.size() = 4 / 1.618609 -0.497451 1.060679 -> 1.617972 -0.500380 1.060531 / dir = -1.000000 / l_pyr = 0.006003
Debug   : vH = 5471 / nTets = 6 / pp.size() = 6 / 1.556806 -0.483669 1.061627 -> 1.556110 -0.486685 1.061546 / dir = -1.000000 / l_pyr = 0.006193
Debug   : vH = 5468 / nTets = 4 / pp.size() = 4 / 1.482128 -0.465915 1.062857 -> 1.481361 -0.469034 1.062844 / dir = -1.000000 / l_pyr = 0.006424
Debug   : vH = 5465 / nTets = 8 / pp.size() = 8 / 1.395028 -0.443703 1.064415 -> 1.394175 -0.446937 1.064462 / dir = -1.000000 / l_pyr = 0.006691
Debug   : vH = 5463 / nTets = 4 / pp.size() = 4 / 1.297535 -0.416935 1.066311 -> 1.296582 -0.420291 1.066394 / dir = -1.000000 / l_pyr = 0.006979
Debug   : vH = 5459 / nTets = 8 / pp.size() = 8 / 1.193296 -0.386107 1.068525 -> 1.192236 -0.389579 1.068601 / dir = -1.000000 / l_pyr = 0.007262
Debug   : vH = 5457 / nTets = 4 / pp.size() = 4 / 1.087154 -0.352383 1.070988 -> 1.085984 -0.355955 1.071001 / dir = -1.000000 / l_pyr = 0.007518
Debug   : vH = 5454 / nTets = 6 / pp.size() = 6 / 0.984310 -0.317469 1.073579 -> 0.983035 -0.321115 1.073467 / dir = -1.000000 / l_pyr = 0.007729
Debug   : vH = 5452 / nTets = 4 / pp.size() = 4 / 0.889343 -0.283275 1.076159 -> 0.887977 -0.286965 1.075865 / dir = -1.000000 / l_pyr = 0.007893
Debug   : vH = 5450 / nTets = 4 / pp.size() = 4 / 0.805479 -0.251518 1.078591 -> 0.804037 -0.255224 1.078078 / dir = -1.000000 / l_pyr = 0.008019
Debug   : vH = 5446 / nTets = 6 / pp.size() = 6 / 0.734283 -0.223409 1.080770 -> 0.732783 -0.227108 1.080023 / dir = -1.000000 / l_pyr = 0.008122
Debug   : vH = 5444 / nTets = 8 / pp.size() = 8 / 0.675855 -0.199554 1.082638 -> 0.674312 -0.203232 1.081662 / dir = -1.000000 / l_pyr = 0.008213
Debug   : vH = 5441 / nTets = 6 / pp.size() = 6 / 0.629226 -0.180010 1.084183 -> 0.627654 -0.183661 1.083002 / dir = -1.000000 / l_pyr = 0.008294
Debug   : vH = 5438 / nTets = 4 / pp.size() = 4 / 0.592837 -0.164446 1.085418 -> 0.591244 -0.168069 1.084062 / dir = -1.000000 / l_pyr = 0.008367
Debug   : vH = 264 / nTets = 4 / pp.size() = 4 / 1.707231 -0.516041 1.065235 -> 1.706660 -0.518874 1.065165 / dir = -1.000000 / l_pyr = 0.005782
Debug   : vH = 259 / nTets = 4 / pp.size() = 4 / 1.668351 -0.508104 1.065913 -> 1.667745 -0.510997 1.065898 / dir = -1.000000 / l_pyr = 0.005913
Debug   : vH = 252 / nTets = 4 / pp.size() = 4 / 1.618792 -0.497516 1.066811 -> 1.618142 -0.500483 1.066864 / dir = -1.000000 / l_pyr = 0.006076
Debug   : vH = 246 / nTets = 4 / pp.size() = 4 / 1.557109 -0.483610 1.067977 -> 1.556400 -0.486668 1.068109 / dir = -1.000000 / l_pyr = 0.006283
Debug   : vH = 239 / nTets = 4 / pp.size() = 4 / 1.482565 -0.465742 1.069459 -> 1.481784 -0.468912 1.069677 / dir = -1.000000 / l_pyr = 0.006544
Debug   : vH = 234 / nTets = 4 / pp.size() = 4 / 1.395605 -0.443449 1.071293 -> 1.394738 -0.446741 1.071594 / dir = -1.000000 / l_pyr = 0.006835
Debug   : vH = 225 / nTets = 8 / pp.size() = 8 / 1.298239 -0.416665 1.073475 -> 1.297274 -0.420086 1.073841 / dir = -1.000000 / l_pyr = 0.007145
Debug   : vH = 221 / nTets = 4 / pp.size() = 4 / 1.194090 -0.385912 1.075963 -> 1.193017 -0.389460 1.076357 / dir = -1.000000 / l_pyr = 0.007454
Debug   : vH = 213 / nTets = 6 / pp.size() = 6 / 1.087977 -0.352371 1.078661 -> 1.086795 -0.356030 1.079030 / dir = -1.000000 / l_pyr = 0.007724
Debug   : vH = 206 / nTets = 4 / pp.size() = 4 / 0.985089 -0.317744 1.081436 -> 0.983804 -0.321489 1.081716 / dir = -1.000000 / l_pyr = 0.007937
Debug   : vH = 199 / nTets = 4 / pp.size() = 4 / 0.890009 -0.283917 1.084140 -> 0.888632 -0.287719 1.084271 / dir = -1.000000 / l_pyr = 0.008092
Debug   : vH = 193 / nTets = 4 / pp.size() = 4 / 0.805978 -0.252568 1.086642 -> 0.804525 -0.256399 1.086580 / dir = -1.000000 / l_pyr = 0.008196
Debug   : vH = 187 / nTets = 4 / pp.size() = 4 / 0.734590 -0.224871 1.088850 -> 0.733077 -0.228709 1.088573 / dir = -1.000000 / l_pyr = 0.008270
Debug   : vH = 181 / nTets = 4 / pp.size() = 4 / 0.675965 -0.201398 1.090719 -> 0.674406 -0.205232 1.090228 / dir = -1.000000 / l_pyr = 0.008335
Debug   : vH = 172 / nTets = 4 / pp.size() = 4 / 0.629151 -0.182188 1.092248 -> 0.627559 -0.186008 1.091560 / dir = -1.000000 / l_pyr = 0.008391
Debug   : vH = 165 / nTets = 6 / pp.size() = 6 / 0.592599 -0.166903 1.093462 -> 0.590984 -0.170705 1.092604 / dir = -1.000000 / l_pyr = 0.008440
Debug   : vH = 608 / nTets = 4 / pp.size() = 4 / 1.647387 0.715124 1.166087 -> 1.645110 0.716459 1.163100 / dir = -1.000000 / l_pyr = 0.007973
Debug   : vH = 601 / nTets = 4 / pp.size() = 4 / 1.613450 0.702035 1.185646 -> 1.611224 0.703413 1.182648 / dir = -1.000000 / l_pyr = 0.007961
Debug   : vH = 595 / nTets = 4 / pp.size() = 4 / 1.569493 0.685141 1.209771 -> 1.567334 0.686576 1.206762 / dir = -1.000000 / l_pyr = 0.007943
Debug   : vH = 587 / nTets = 4 / pp.size() = 4 / 1.513742 0.663807 1.238448 -> 1.511667 0.665316 1.235432 / dir = -1.000000 / l_pyr = 0.007918
Debug   : vH = 581 / nTets = 6 / pp.size() = 6 / 1.444907 0.637605 1.270968 -> 1.442939 0.639209 1.267954 / dir = -1.000000 / l_pyr = 0.007882
Debug   : vH = 574 / nTets = 4 / pp.size() = 4 / 1.362716 0.606513 1.305751 -> 1.360875 0.608236 1.302756 / dir = -1.000000 / l_pyr = 0.007830
Debug   : vH = 567 / nTets = 4 / pp.size() = 4 / 1.268437 0.571098 1.340411 -> 1.266739 0.572961 1.337455 / dir = -1.000000 / l_pyr = 0.007769
Debug   : vH = 561 / nTets = 4 / pp.size() = 4 / 1.165200 0.532607 1.372183 -> 1.163651 0.534629 1.369292 / dir = -1.000000 / l_pyr = 0.007705
Debug   : vH = 555 / nTets = 4 / pp.size() = 4 / 1.057772 0.492860 1.398644 -> 1.056367 0.495052 1.395843 / dir = -1.000000 / l_pyr = 0.007648
Debug   : vH = 549 / nTets = 4 / pp.size() = 4 / 0.951773 0.453929 1.418396 -> 0.950492 0.456295 1.415698 / dir = -1.000000 / l_pyr = 0.007620
Debug   : vH = 543 / nTets = 4 / pp.size() = 4 / 0.852517 0.417720 1.431358 -> 0.851337 0.420252 1.428770 / dir = -1.000000 / l_pyr = 0.007615
Debug   : vH = 537 / nTets = 4 / pp.size() = 4 / 0.763995 0.385615 1.438541 -> 0.762894 0.388291 1.436066 / dir = -1.000000 / l_pyr = 0.007615
Debug   : vH = 531 / nTets = 4 / pp.size() = 4 / 0.688396 0.358326 1.441492 -> 0.687352 0.361125 1.439118 / dir = -1.000000 / l_pyr = 0.007632
Debug   : vH = 525 / nTets = 4 / pp.size() = 4 / 0.626159 0.335941 1.441771 -> 0.625152 0.338848 1.439479 / dir = -1.000000 / l_pyr = 0.007673
Debug   : vH = 518 / nTets = 4 / pp.size() = 4 / 0.576437 0.318105 1.440628 -> 0.575453 0.321099 1.438401 / dir = -1.000000 / l_pyr = 0.007718
Debug   : vH = 509 / nTets = 4 / pp.size() = 4 / 0.537651 0.304216 1.438906 -> 0.536682 0.307281 1.436729 / dir = -1.000000 / l_pyr = 0.007763
Debug   : vH = 7629 / nTets = 6 / pp.size() = 6 / 1.650095 0.708233 1.161332 -> 1.647381 0.709577 1.157607 / dir = -1.000000 / l_pyr = 0.009601
Debug   : vH = 7627 / nTets = 4 / pp.size() = 4 / 1.616114 0.695096 1.180883 -> 1.613442 0.696500 1.177110 / dir = -1.000000 / l_pyr = 0.009664
Debug   : vH = 7626 / nTets = 6 / pp.size() = 6 / 1.572103 0.678162 1.204994 -> 1.569491 0.679644 1.201167 / dir = -1.000000 / l_pyr = 0.009730
Debug   : vH = 7625 / nTets = 4 / pp.size() = 4 / 1.516285 0.656805 1.233646 -> 1.513757 0.658390 1.229767 / dir = -1.000000 / l_pyr = 0.009788
Debug   : vH = 7624 / nTets = 4 / pp.size() = 4 / 1.447377 0.630620 1.266124 -> 1.444968 0.632332 1.262211 / dir = -1.000000 / l_pyr = 0.009807
Debug   : vH = 7623 / nTets = 4 / pp.size() = 4 / 1.365108 0.599605 1.300838 -> 1.362865 0.601464 1.296940 / dir = -1.000000 / l_pyr = 0.009732
Debug   : vH = 7622 / nTets = 4 / pp.size() = 4 / 1.270754 0.564342 1.335400 -> 1.268708 0.566366 1.331565 / dir = -1.000000 / l_pyr = 0.009589
Debug   : vH = 7621 / nTets = 4 / pp.size() = 4 / 1.167451 0.526084 1.367040 -> 1.165619 0.528285 1.363320 / dir = -1.000000 / l_pyr = 0.009389
Debug   : vH = 7620 / nTets = 4 / pp.size() = 4 / 1.059970 0.486634 1.393340 -> 1.058347 0.489014 1.389777 / dir = -1.000000 / l_pyr = 0.009164
Debug   : vH = 7619 / nTets = 6 / pp.size() = 6 / 0.953937 0.448040 1.412907 -> 0.952500 0.450590 1.409526 / dir = -1.000000 / l_pyr = 0.008944
Debug   : vH = 7618 / nTets = 4 / pp.size() = 4 / 0.854671 0.412175 1.425674 -> 0.853385 0.414878 1.422476 / dir = -1.000000 / l_pyr = 0.008762
Debug   : vH = 7617 / nTets = 6 / pp.size() = 6 / 0.766150 0.380391 1.432666 -> 0.764980 0.383227 1.429634 / dir = -1.000000 / l_pyr = 0.008626
Debug   : vH = 7616 / nTets = 4 / pp.size() = 4 / 0.690570 0.353385 1.435440 -> 0.689484 0.356330 1.432551 / dir = -1.000000 / l_pyr = 0.008533
Debug   : vH = 7615 / nTets = 4 / pp.size() = 4 / 0.628363 0.331238 1.435564 -> 0.627336 0.334271 1.432788 / dir = -1.000000 / l_pyr = 0.008476
Debug   : vH = 7614 / nTets = 6 / pp.size() = 6 / 0.578673 0.313594 1.434291 -> 0.577687 0.316697 1.431603 / dir = -1.000000 / l_pyr = 0.008444
Debug   : vH = 7611 / nTets = 8 / pp.size() = 8 / 0.539922 0.299856 1.432464 -> 0.538964 0.303013 1.429844 / dir = -1.000000 / l_pyr = 0.008425
Debug   : vH = 7608 / nTets = 4 / pp.size() = 4 / 1.653540 0.699492 1.156393 -> 1.650353 0.700577 1.151701 / dir = -1.000000 / l_pyr = 0.011549
Debug   : vH = 7606 / nTets = 4 / pp.size() = 4 / 1.619544 0.686227 1.175928 -> 1.616392 0.687363 1.171130 / dir = -1.000000 / l_pyr = 0.011704
Debug   : vH = 7604 / nTets = 6 / pp.size() = 6 / 1.575506 0.669174 1.200020 -> 1.572417 0.670380 1.195105 / dir = -1.000000 / l_pyr = 0.011858
Debug   : vH = 7602 / nTets = 6 / pp.size() = 6 / 1.519645 0.647737 1.228651 -> 1.516657 0.649035 1.223624 / dir = -1.000000 / l_pyr = 0.011981
Debug   : vH = 7600 / nTets = 4 / pp.size() = 4 / 1.450673 0.621544 1.261103 -> 1.447855 0.622955 1.256020 / dir = -1.000000 / l_pyr = 0.011962
Debug   : vH = 7598 / nTets = 4 / pp.size() = 4 / 1.368317 0.590634 1.295783 -> 1.365744 0.592175 1.290736 / dir = -1.000000 / l_pyr = 0.011742
Debug   : vH = 7596 / nTets = 6 / pp.size() = 6 / 1.273855 0.555610 1.330291 -> 1.271574 0.557303 1.325366 / dir = -1.000000 / l_pyr = 0.011372
Debug   : vH = 7594 / nTets = 4 / pp.size() = 4 / 1.170435 0.517721 1.361851 -> 1.168463 0.519586 1.357123 / dir = -1.000000 / l_pyr = 0.010903
Debug   : vH = 7592 / nTets = 6 / pp.size() = 6 / 1.062842 0.478736 1.388037 -> 1.061161 0.480785 1.383555 / dir = -1.000000 / l_pyr = 0.010415
Debug   : vH = 7590 / nTets = 4 / pp.size() = 4 / 0.956717 0.440647 1.407463 -> 0.955286 0.442878 1.403239 / dir = -1.000000 / l_pyr = 0.009973
Debug   : vH = 7587 / nTets = 4 / pp.size() = 4 / 0.857389 0.405274 1.420074 -> 0.856156 0.407672 1.416092 / dir = -1.000000 / l_pyr = 0.009618
Debug   : vH = 7585 / nTets = 6 / pp.size() = 6 / 0.768839 0.373931 1.426910 -> 0.767755 0.376473 1.423135 / dir = -1.000000 / l_pyr = 0.009357
Debug   : vH = 7583 / nTets = 4 / pp.size() = 4 / 0.693258 0.347294 1.429543 -> 0.692282 0.349954 1.425932 / dir = -1.000000 / l_pyr = 0.009180
Debug   : vH = 7581 / nTets = 4 / pp.size() = 4 / 0.631069 0.325441 1.429546 -> 0.630172 0.328195 1.426059 / dir = -1.000000 / l_pyr = 0.009066
Debug   : vH = 7579 / nTets = 4 / pp.size() = 4 / 0.581411 0.308024 1.428172 -> 0.580569 0.310852 1.424778 / dir = -1.000000 / l_pyr = 0.008995
Debug   : vH = 7576 / nTets = 4 / pp.size() = 4 / 0.542695 0.294459 1.426267 -> 0.541893 0.297343 1.422939 / dir = -1.000000 / l_pyr = 0.008952
Debug   : vH = 7569 / nTets = 8 / pp.size() = 8 / 1.657640 0.689015 1.152066 -> 1.654335 0.689494 1.146781 / dir = -1.000000 / l_pyr = 0.012502
Debug   : vH = 7566 / nTets = 4 / pp.size() = 4 / 1.623601 0.675674 1.171643 -> 1.620410 0.676185 1.166349 / dir = -1.000000 / l_pyr = 0.012407
Debug   : vH = 7563 / nTets = 4 / pp.size() = 4 / 1.579505 0.658568 1.195776 -> 1.576459 0.659135 1.190477 / dir = -1.000000 / l_pyr = 0.012277
Debug   : vH = 7561 / nTets = 4 / pp.size() = 4 / 1.523565 0.637126 1.224434 -> 1.520697 0.637785 1.219146 / dir = -1.000000 / l_pyr = 0.012103
Debug   : vH = 7559 / nTets = 4 / pp.size() = 4 / 1.454489 0.611012 1.256885 -> 1.451835 0.611813 1.251632 / dir = -1.000000 / l_pyr = 0.011880
Debug   : vH = 7557 / nTets = 4 / pp.size() = 4 / 1.372007 0.580293 1.291519 -> 1.369596 0.581294 1.286335 / dir = -1.000000 / l_pyr = 0.011607
Debug   : vH = 7555 / nTets = 4 / pp.size() = 4 / 1.277403 0.545594 1.325923 -> 1.275256 0.546849 1.320854 / dir = -1.000000 / l_pyr = 0.011293
Debug   : vH = 7553 / nTets = 4 / pp.size() = 4 / 1.173838 0.508155 1.357318 -> 1.171957 0.509701 1.352412 / dir = -1.000000 / l_pyr = 0.010954
Debug   : vH = 7551 / nTets = 4 / pp.size() = 4 / 1.066112 0.469707 1.383289 -> 1.064484 0.471554 1.378588 / dir = -1.000000 / l_pyr = 0.010614
Debug   : vH = 7549 / nTets = 4 / pp.size() = 4 / 0.959883 0.432186 1.402472 -> 0.958476 0.434316 1.397995 / dir = -1.000000 / l_pyr = 0.010306
Debug   : vH = 7547 / nTets = 4 / pp.size() = 4 / 0.860486 0.397359 1.414840 -> 0.859261 0.399733 1.410583 / dir = -1.000000 / l_pyr = 0.010052
Debug   : vH = 7545 / nTets = 4 / pp.size() = 4 / 0.771906 0.366496 1.421457 -> 0.770822 0.369069 1.417396 / dir = -1.000000 / l_pyr = 0.009856
Debug   : vH = 7543 / nTets = 4 / pp.size() = 4 / 0.696326 0.340258 1.423906 -> 0.695349 0.342984 1.420009 / dir = -1.000000 / l_pyr = 0.009711
Debug   : vH = 7541 / nTets = 4 / pp.size() = 4 / 0.634162 0.318722 1.423764 -> 0.633264 0.321561 1.419997 / dir = -1.000000 / l_pyr = 0.009605
Debug   : vH = 7539 / nTets = 4 / pp.size() = 4 / 0.584541 0.301548 1.422282 -> 0.583700 0.304470 1.418614 / dir = -1.000000 / l_pyr = 0.009528
Debug   : vH = 7536 / nTets = 6 / pp.size() = 6 / 0.545867 0.288167 1.420296 -> 0.545068 0.291148 1.416704 / dir = -1.000000 / l_pyr = 0.009473
Debug   : vH = 7531 / nTets = 6 / pp.size() = 6 / 1.662320 0.676890 1.148493 -> 1.658619 0.677084 1.142327 / dir = -1.000000 / l_pyr = 0.014388
Debug   : vH = 7529 / nTets = 4 / pp.size() = 4 / 1.628180 0.663604 1.168118 -> 1.624603 0.663886 1.161958 / dir = -1.000000 / l_pyr = 0.014256
Debug   : vH = 7527 / nTets = 4 / pp.size() = 4 / 1.583959 0.646590 1.192279 -> 1.580544 0.646993 1.186140 / dir = -1.000000 / l_pyr = 0.014074
Debug   : vH = 7524 / nTets = 4 / pp.size() = 4 / 1.527870 0.625297 1.220930 -> 1.524658 0.625864 1.214834 / dir = -1.000000 / l_pyr = 0.013826
Debug   : vH = 7522 / nTets = 6 / pp.size() = 6 / 1.458624 0.599408 1.253311 -> 1.455661 0.600189 1.247296 / dir = -1.000000 / l_pyr = 0.013503
Debug   : vH = 7520 / nTets = 4 / pp.size() = 4 / 1.375961 0.569011 1.287792 -> 1.373283 0.570059 1.281902 / dir = -1.000000 / l_pyr = 0.013108
Debug   : vH = 7518 / nTets = 4 / pp.size() = 4 / 1.281176 0.534735 1.321948 -> 1.278807 0.536097 1.316240 / dir = -1.000000 / l_pyr = 0.012657
Debug   : vH = 7516 / nTets = 4 / pp.size() = 4 / 1.177443 0.497812 1.353013 -> 1.175385 0.499515 1.347537 / dir = -1.000000 / l_pyr = 0.012186
Debug   : vH = 7514 / nTets = 4 / pp.size() = 4 / 1.069575 0.459945 1.378605 -> 1.067807 0.461988 1.373398 / dir = -1.000000 / l_pyr = 0.011733
Debug   : vH = 7512 / nTets = 4 / pp.size() = 4 / 0.963238 0.423027 1.397406 -> 0.961721 0.425379 1.392480 / dir = -1.000000 / l_pyr = 0.011330
Debug   : vH = 7510 / nTets = 4 / pp.size() = 4 / 0.863772 0.388776 1.409427 -> 0.862461 0.391385 1.404772 / dir = -1.000000 / l_pyr = 0.010991
Debug   : vH = 7508 / nTets = 4 / pp.size() = 4 / 0.775159 0.358428 1.415756 -> 0.774008 0.361237 1.411342 / dir = -1.000000 / l_pyr = 0.010715
Debug   : vH = 7505 / nTets = 6 / pp.size() = 6 / 0.699576 0.332625 1.417986 -> 0.698546 0.335579 1.413773 / dir = -1.000000 / l_pyr = 0.010495
Debug   : vH = 7503 / nTets = 4 / pp.size() = 4 / 0.637430 0.311441 1.417685 -> 0.636489 0.314498 1.413635 / dir = -1.000000 / l_pyr = 0.010322
Debug   : vH = 7500 / nTets = 6 / pp.size() = 6 / 0.587838 0.294545 1.416094 -> 0.586963 0.297672 1.412170 / dir = -1.000000 / l_pyr = 0.010187
Debug   : vH = 7497 / nTets = 4 / pp.size() = 4 / 0.549198 0.281378 1.414036 -> 0.548371 0.284552 1.410208 / dir = -1.000000 / l_pyr = 0.010083
Debug   : vH = 7492 / nTets = 4 / pp.size() = 4 / 1.667673 0.662782 1.145087 -> 1.663512 0.662837 1.138009 / dir = -1.000000 / l_pyr = 0.016420
Debug   : vH = 7490 / nTets = 4 / pp.size() = 4 / 1.633400 0.649620 1.164699 -> 1.629398 0.649788 1.157663 / dir = -1.000000 / l_pyr = 0.016193
Debug   : vH = 7488 / nTets = 4 / pp.size() = 4 / 1.589015 0.632784 1.188819 -> 1.585215 0.633106 1.181844 / dir = -1.000000 / l_pyr = 0.015899
Debug   : vH = 7486 / nTets = 4 / pp.size() = 4 / 1.532732 0.611744 1.217380 -> 1.529180 0.612270 1.210497 / dir = -1.000000 / l_pyr = 0.015527
Debug   : vH = 7483 / nTets = 4 / pp.size() = 4 / 1.463267 0.586202 1.249605 -> 1.460010 0.586990 1.242854 / dir = -1.000000 / l_pyr = 0.015074
Debug   : vH = 7481 / nTets = 4 / pp.size() = 4 / 1.380368 0.556261 1.283844 -> 1.377443 0.557369 1.277277 / dir = -1.000000 / l_pyr = 0.014548
Debug   : vH = 7479 / nTets = 4 / pp.size() = 4 / 1.285346 0.522552 1.317671 -> 1.282775 0.524028 1.311344 / dir = -1.000000 / l_pyr = 0.013975
Debug   : vH = 7477 / nTets = 4 / pp.size() = 4 / 1.181393 0.486290 1.348335 -> 1.179174 0.488156 1.342300 / dir = -1.000000 / l_pyr = 0.013390
Debug   : vH = 7475 / nTets = 4 / pp.size() = 4 / 1.073338 0.449141 1.373492 -> 1.071443 0.451384 1.367786 / dir = -1.000000 / l_pyr = 0.012834
Debug   : vH = 7472 / nTets = 4 / pp.size() = 4 / 0.966854 0.412949 1.391871 -> 0.965241 0.415524 1.386504 / dir = -1.000000 / l_pyr = 0.012336
Debug   : vH = 7470 / nTets = 4 / pp.size() = 4 / 0.867288 0.379381 1.403527 -> 0.865902 0.382225 1.398482 / dir = -1.000000 / l_pyr = 0.011909
Debug   : vH = 7468 / nTets = 4 / pp.size() = 4 / 0.778615 0.349642 1.409569 -> 0.777407 0.352685 1.404811 / dir = -1.000000 / l_pyr = 0.011552
Debug   : vH = 7464 / nTets = 4 / pp.size() = 4 / 0.703005 0.324353 1.411592 -> 0.701930 0.327535 1.407074 / dir = -1.000000 / l_pyr = 0.011260
Debug   : vH = 7461 / nTets = 6 / pp.size() = 6 / 0.640856 0.303587 1.411155 -> 0.639880 0.306862 1.406831 / dir = -1.000000 / l_pyr = 0.011024
Debug   : vH = 7459 / nTets = 6 / pp.size() = 6 / 0.591276 0.287022 1.409480 -> 0.590372 0.290357 1.405307 / dir = -1.000000 / l_pyr = 0.010836
Debug   : vH = 7455 / nTets = 6 / pp.size() = 6 / 0.552656 0.274110 1.407374 -> 0.551803 0.277482 1.403315 / dir = -1.000000 / l_pyr = 0.010690
Debug   : vH = 7451 / nTets = 4 / pp.size() = 4 / 1.673698 0.646534 1.141677 -> 1.669031 0.646444 1.133576 / dir = -1.000000 / l_pyr = 0.018698
Debug   : vH = 7448 / nTets = 6 / pp.size() = 6 / 1.639255 0.633580 1.161248 -> 1.634782 0.633636 1.153222 / dir = -1.000000 / l_pyr = 0.018377
Debug   : vH = 7445 / nTets = 4 / pp.size() = 4 / 1.594664 0.617026 1.185288 -> 1.590434 0.617276 1.177365 / dir = -1.000000 / l_pyr = 0.017969
Debug   : vH = 7443 / nTets = 4 / pp.size() = 4 / 1.538137 0.596360 1.213710 -> 1.534205 0.596862 1.205930 / dir = -1.000000 / l_pyr = 0.017464
Debug   : vH = 7441 / nTets = 4 / pp.size() = 4 / 1.468398 0.571304 1.245718 -> 1.464813 0.572122 1.238131 / dir = -1.000000 / l_pyr = 0.016861
Debug   : vH = 7438 / nTets = 6 / pp.size() = 6 / 1.385206 0.541969 1.279645 -> 1.382010 0.543165 1.272312 / dir = -1.000000 / l_pyr = 0.016176
Debug   : vH = 7435 / nTets = 6 / pp.size() = 6 / 1.289892 0.508984 1.313069 -> 1.287105 0.510603 1.306054 / dir = -1.000000 / l_pyr = 0.015442
Debug   : vH = 7432 / nTets = 6 / pp.size() = 6 / 1.185668 0.473539 1.343263 -> 1.183280 0.475594 1.336620 / dir = -1.000000 / l_pyr = 0.014705
Debug   : vH = 7429 / nTets = 6 / pp.size() = 6 / 1.077377 0.437256 1.367932 -> 1.075357 0.439723 1.361694 / dir = -1.000000 / l_pyr = 0.014011
Debug   : vH = 7427 / nTets = 4 / pp.size() = 4 / 0.970708 0.401924 1.385856 -> 0.969000 0.404742 1.380028 / dir = -1.000000 / l_pyr = 0.013390
Debug   : vH = 7424 / nTets = 6 / pp.size() = 6 / 0.871006 0.369160 1.397132 -> 0.869551 0.372252 1.391689 / dir = -1.000000 / l_pyr = 0.012853
Debug   : vH = 7422 / nTets = 4 / pp.size() = 4 / 0.782244 0.340131 1.402890 -> 0.780984 0.343419 1.397787 / dir = -1.000000 / l_pyr = 0.012400
Debug   : vH = 7420 / nTets = 4 / pp.size() = 4 / 0.706583 0.315441 1.404723 -> 0.705468 0.318858 1.399903 / dir = -1.000000 / l_pyr = 0.012025
Debug   : vH = 7418 / nTets = 4 / pp.size() = 4 / 0.644411 0.295163 1.404171 -> 0.643403 0.298661 1.399579 / dir = -1.000000 / l_pyr = 0.011720
Debug   : vH = 7415 / nTets = 6 / pp.size() = 6 / 0.594826 0.278983 1.402435 -> 0.593895 0.282529 1.398021 / dir = -1.000000 / l_pyr = 0.011476
Debug   : vH = 7412 / nTets = 6 / pp.size() = 6 / 0.556212 0.266370 1.400301 -> 0.555337 0.269943 1.396023 / dir = -1.000000 / l_pyr = 0.011285
Debug   : vH = 7406 / nTets = 4 / pp.size() = 4 / 1.680427 0.627894 1.138267 -> 1.675208 0.627663 1.129024 / dir = -1.000000 / l_pyr = 0.021233
Debug   : vH = 7404 / nTets = 4 / pp.size() = 4 / 1.645779 0.615240 1.157757 -> 1.640793 0.615191 1.148629 / dir = -1.000000 / l_pyr = 0.020803
Debug   : vH = 7402 / nTets = 4 / pp.size() = 4 / 1.600937 0.599082 1.181667 -> 1.596243 0.599272 1.172692 / dir = -1.000000 / l_pyr = 0.020260
Debug   : vH = 7399 / nTets = 4 / pp.size() = 4 / 1.544115 0.578928 1.209889 -> 1.539774 0.579423 1.201119 / dir = -1.000000 / l_pyr = 0.019595
Debug   : vH = 7397 / nTets = 6 / pp.size() = 6 / 1.474042 0.554517 1.241607 -> 1.470112 0.555387 1.233105 / dir = -1.000000 / l_pyr = 0.018815
Debug   : vH = 7395 / nTets = 4 / pp.size() = 4 / 1.390495 0.525965 1.275147 -> 1.387017 0.527274 1.266982 / dir = -1.000000 / l_pyr = 0.017942
Debug   : vH = 7393 / nTets = 4 / pp.size() = 4 / 1.294826 0.493892 1.308092 -> 1.291817 0.495680 1.300335 / dir = -1.000000 / l_pyr = 0.017020
Debug   : vH = 7391 / nTets = 4 / pp.size() = 4 / 1.190269 0.459452 1.337752 -> 1.187715 0.461722 1.330461 / dir = -1.000000 / l_pyr = 0.016105
Debug   : vH = 7389 / nTets = 4 / pp.size() = 4 / 1.081689 0.424213 1.361884 -> 1.079548 0.426925 1.355089 / dir = -1.000000 / l_pyr = 0.015246
Debug   : vH = 7387 / nTets = 4 / pp.size() = 4 / 0.974786 0.389903 1.379327 -> 0.972992 0.392981 1.373025 / dir = -1.000000 / l_pyr = 0.014477
Debug   : vH = 7385 / nTets = 4 / pp.size() = 4 / 0.874908 0.358084 1.390218 -> 0.873392 0.361436 1.384374 / dir = -1.000000 / l_pyr = 0.013812
Debug   : vH = 7383 / nTets = 4 / pp.size() = 4 / 0.786025 0.329883 1.395704 -> 0.784720 0.333422 1.390259 / dir = -1.000000 / l_pyr = 0.013249
Debug   : vH = 7381 / nTets = 6 / pp.size() = 6 / 0.710285 0.305889 1.397368 -> 0.709137 0.309545 1.392254 / dir = -1.000000 / l_pyr = 0.012781
Debug   : vH = 7379 / nTets = 6 / pp.size() = 6 / 0.648068 0.286175 1.396727 -> 0.647034 0.289898 1.391878 / dir = -1.000000 / l_pyr = 0.012401
Debug   : vH = 7377 / nTets = 6 / pp.size() = 6 / 0.598460 0.270440 1.394955 -> 0.597508 0.274198 1.390312 / dir = -1.000000 / l_pyr = 0.012097
Debug   : vH = 7374 / nTets = 4 / pp.size() = 4 / 0.559837 0.258170 1.392817 -> 0.558944 0.261945 1.388332 / dir = -1.000000 / l_pyr = 0.011859
Debug   : vH = 7369 / nTets = 4 / pp.size() = 4 / 1.687863 0.606617 1.134868 -> 1.682063 0.606248 1.124381 / dir = -1.000000 / l_pyr = 0.023978
Debug   : vH = 7365 / nTets = 4 / pp.size() = 4 / 1.652972 0.594366 1.154229 -> 1.647449 0.594221 1.143899 / dir = -1.000000 / l_pyr = 0.023428
Debug   : vH = 7363 / nTets = 4 / pp.size() = 4 / 1.607833 0.578733 1.177947 -> 1.602655 0.578877 1.167826 / dir = -1.000000 / l_pyr = 0.022740
Debug   : vH = 7361 / nTets = 4 / pp.size() = 4 / 1.550662 0.559246 1.205897 -> 1.545897 0.559754 1.196049 / dir = -1.000000 / l_pyr = 0.021904
Debug   : vH = 7359 / nTets = 4 / pp.size() = 4 / 1.480197 0.535662 1.237245 -> 1.475909 0.536609 1.227746 / dir = -1.000000 / l_pyr = 0.020930
Debug   : vH = 7357 / nTets = 6 / pp.size() = 6 / 1.396230 0.508096 1.270311 -> 1.392463 0.509547 1.261244 / dir = -1.000000 / l_pyr = 0.019849
Debug   : vH = 7355 / nTets = 4 / pp.size() = 4 / 1.300140 0.477149 1.302698 -> 1.296909 0.479136 1.294142 / dir = -1.000000 / l_pyr = 0.018717
Debug   : vH = 7353 / nTets = 4 / pp.size() = 4 / 1.195187 0.443928 1.331757 -> 1.192471 0.446443 1.323773 / dir = -1.000000 / l_pyr = 0.017601
Debug   : vH = 7351 / nTets = 4 / pp.size() = 4 / 1.086262 0.409938 1.355307 -> 1.084005 0.412923 1.347921 / dir = -1.000000 / l_pyr = 0.016559
Debug   : vH = 7349 / nTets = 4 / pp.size() = 4 / 0.979075 0.376834 1.372247 -> 0.977201 0.380196 1.365447 / dir = -1.000000 / l_pyr = 0.015628
Debug   : vH = 7347 / nTets = 4 / pp.size() = 4 / 0.878981 0.346117 1.382756 -> 0.877409 0.349752 1.376492 / dir = -1.000000 / l_pyr = 0.014822
Debug   : vH = 7344 / nTets = 4 / pp.size() = 4 / 0.789941 0.318876 1.387987 -> 0.788597 0.322688 1.382186 / dir = -1.000000 / l_pyr = 0.014140
Debug   : vH = 7342 / nTets = 4 / pp.size() = 4 / 0.714095 0.295684 1.389508 -> 0.712919 0.299597 1.384089 / dir = -1.000000 / l_pyr = 0.013574
Debug   : vH = 7339 / nTets = 4 / pp.size() = 4 / 0.651811 0.276617 1.388806 -> 0.650754 0.280583 1.383692 / dir = -1.000000 / l_pyr = 0.013114
Debug   : vH = 7337 / nTets = 4 / pp.size() = 4 / 0.602163 0.261392 1.387025 -> 0.601193 0.265378 1.382147 / dir = -1.000000 / l_pyr = 0.012747
Debug   : vH = 7335 / nTets = 6 / pp.size() = 6 / 0.563517 0.249515 1.384906 -> 0.562608 0.253505 1.380209 / dir = -1.000000 / l_pyr = 0.012460
Debug   : vH = 7330 / nTets = 4 / pp.size() = 4 / 1.695972 0.582458 1.131503 -> 1.689567 0.581967 1.119657 / dir = -1.000000 / l_pyr = 0.026951
Debug   : vH = 7328 / nTets = 8 / pp.size() = 8 / 1.660801 0.570728 1.150675 -> 1.654722 0.570506 1.139039 / dir = -1.000000 / l_pyr = 0.026260
Debug   : vH = 7325 / nTets = 6 / pp.size() = 6 / 1.615320 0.555767 1.174131 -> 1.609645 0.555889 1.162771 / dir = -1.000000 / l_pyr = 0.025399
Debug   : vH = 7322 / nTets = 6 / pp.size() = 6 / 1.557746 0.537127 1.201725 -> 1.552554 0.537675 1.190721 / dir = -1.000000 / l_pyr = 0.024359
Debug   : vH = 7319 / nTets = 6 / pp.size() = 6 / 1.486826 0.514576 1.232610 -> 1.482186 0.515630 1.222054 / dir = -1.000000 / l_pyr = 0.023157
Debug   : vH = 7317 / nTets = 4 / pp.size() = 4 / 1.402375 0.488228 1.265110 -> 1.398331 0.489849 1.255098 / dir = -1.000000 / l_pyr = 0.021836
Debug   : vH = 7315 / nTets = 4 / pp.size() = 4 / 1.305797 0.458649 1.296853 -> 1.302361 0.460864 1.287473 / dir = -1.000000 / l_pyr = 0.020464
Debug   : vH = 7312 / nTets = 4 / pp.size() = 4 / 1.200386 0.426890 1.325244 -> 1.197525 0.429673 1.316557 / dir = -1.000000 / l_pyr = 0.019120
Debug   : vH = 7310 / nTets = 4 / pp.size() = 4 / 1.091057 0.394377 1.348170 -> 1.088704 0.397651 1.340197 / dir = -1.000000 / l_pyr = 0.017870
Debug   : vH = 7307 / nTets = 4 / pp.size() = 4 / 0.983538 0.362684 1.364594 -> 0.981602 0.366339 1.357308 / dir = -1.000000 / l_pyr = 0.016756
Debug   : vH = 7304 / nTets = 4 / pp.size() = 4 / 0.883186 0.333244 1.374727 -> 0.881575 0.337163 1.368062 / dir = -1.000000 / l_pyr = 0.015794
Debug   : vH = 7302 / nTets = 4 / pp.size() = 4 / 0.793957 0.307107 1.379726 -> 0.792588 0.311185 1.373594 / dir = -1.000000 / l_pyr = 0.014981
Debug   : vH = 7298 / nTets = 6 / pp.size() = 6 / 0.717978 0.284830 1.381133 -> 0.716785 0.288992 1.375438 / dir = -1.000000 / l_pyr = 0.014309
Debug   : vH = 7296 / nTets = 6 / pp.size() = 6 / 0.655605 0.266500 1.380403 -> 0.654537 0.270695 1.375053 / dir = -1.000000 / l_pyr = 0.013764
Debug   : vH = 7293 / nTets = 6 / pp.size() = 6 / 0.605900 0.251852 1.378643 -> 0.604921 0.256052 1.373561 / dir = -1.000000 / l_pyr = 0.013331
Debug   : vH = 7289 / nTets = 4 / pp.size() = 4 / 0.567218 0.240419 1.376569 -> 0.566303 0.244611 1.371690 / dir = -1.000000 / l_pyr = 0.012994
Debug   : vH = 7285 / nTets = 4 / pp.size() = 4 / 1.704696 0.555195 1.128189 -> 1.697684 0.554605 1.114893 / dir = -1.000000 / l_pyr = 0.030086
Debug   : vH = 7281 / nTets = 4 / pp.size() = 4 / 1.669208 0.544119 1.147105 -> 1.662575 0.543847 1.134077 / dir = -1.000000 / l_pyr = 0.029243
Debug   : vH = 7279 / nTets = 4 / pp.size() = 4 / 1.623340 0.529997 1.170216 -> 1.617174 0.530126 1.157537 / dir = -1.000000 / l_pyr = 0.028198
Debug   : vH = 7277 / nTets = 4 / pp.size() = 4 / 1.565310 0.512403 1.197359 -> 1.559699 0.513023 1.185128 / dir = -1.000000 / l_pyr = 0.026943
Debug   : vH = 7275 / nTets = 4 / pp.size() = 4 / 1.493877 0.491119 1.227681 -> 1.488895 0.492314 1.216005 / dir = -1.000000 / l_pyr = 0.025502
Debug   : vH = 7272 / nTets = 6 / pp.size() = 6 / 1.408877 0.466244 1.259514 -> 1.404571 0.468072 1.248503 / dir = -1.000000 / l_pyr = 0.023927
Debug   : vH = 7269 / nTets = 6 / pp.size() = 6 / 1.311749 0.438303 1.290525 -> 1.308122 0.440780 1.280276 / dir = -1.000000 / l_pyr = 0.022301
Debug   : vH = 7267 / nTets = 4 / pp.size() = 4 / 1.205819 0.408273 1.318181 -> 1.202829 0.411357 1.308755 / dir = -1.000000 / l_pyr = 0.020717
Debug   : vH = 7264 / nTets = 6 / pp.size() = 6 / 1.096033 0.377487 1.340444 -> 1.093596 0.381081 1.331854 / dir = -1.000000 / l_pyr = 0.019250
Debug   : vH = 7262 / nTets = 4 / pp.size() = 4 / 0.988135 0.347426 1.356340 -> 0.986148 0.351401 1.348545 / dir = -1.000000 / l_pyr = 0.017946
Debug   : vH = 7260 / nTets = 4 / pp.size() = 4 / 0.887487 0.319451 1.366110 -> 0.885845 0.323678 1.359027 / dir = -1.000000 / l_pyr = 0.016821
Debug   : vH = 7258 / nTets = 4 / pp.size() = 4 / 0.798037 0.294571 1.370905 -> 0.796650 0.298939 1.364427 / dir = -1.000000 / l_pyr = 0.015873
Debug   : vH = 7256 / nTets = 4 / pp.size() = 4 / 0.721901 0.273331 1.372235 -> 0.720696 0.277763 1.366249 / dir = -1.000000 / l_pyr = 0.015090
Debug   : vH = 7254 / nTets = 4 / pp.size() = 4 / 0.659419 0.255831 1.371511 -> 0.658344 0.260278 1.365914 / dir = -1.000000 / l_pyr = 0.014458
Debug   : vH = 7252 / nTets = 4 / pp.size() = 4 / 0.609641 0.241831 1.369803 -> 0.608657 0.246267 1.364507 / dir = -1.000000 / l_pyr = 0.013957
Debug   : vH = 7248 / nTets = 8 / pp.size() = 8 / 0.570912 0.230896 1.367800 -> 0.569992 0.235309 1.362731 / dir = -1.000000 / l_pyr = 0.013568
Debug   : vH = 7242 / nTets = 4 / pp.size() = 4 / 1.713933 0.524665 1.124943 -> 1.706339 0.524013 1.110132 / dir = -1.000000 / l_pyr = 0.033314
Debug   : vH = 7240 / nTets = 8 / pp.size() = 8 / 1.678096 0.514391 1.143526 -> 1.670937 0.514106 1.129050 / dir = -1.000000 / l_pyr = 0.032303
Debug   : vH = 7237 / nTets = 8 / pp.size() = 8 / 1.631801 0.501288 1.166201 -> 1.625175 0.501463 1.152158 / dir = -1.000000 / l_pyr = 0.031057
Debug   : vH = 7234 / nTets = 4 / pp.size() = 4 / 1.573268 0.484959 1.192791 -> 1.567273 0.485690 1.179297 / dir = -1.000000 / l_pyr = 0.029568
Debug   : vH = 7231 / nTets = 4 / pp.size() = 4 / 1.501270 0.465193 1.222439 -> 1.495984 0.466566 1.209620 / dir = -1.000000 / l_pyr = 0.027868
Debug   : vH = 7229 / nTets = 4 / pp.size() = 4 / 1.415667 0.442068 1.253498 -> 1.411135 0.444137 1.241478 / dir = -1.000000 / l_pyr = 0.026023
Debug   : vH = 7227 / nTets = 4 / pp.size() = 4 / 1.317932 0.416054 1.283684 -> 1.314151 0.418822 1.272566 / dir = -1.000000 / l_pyr = 0.024130
Debug   : vH = 7225 / nTets = 4 / pp.size() = 4 / 1.211433 0.388037 1.310537 -> 1.208345 0.391442 1.300382 / dir = -1.000000 / l_pyr = 0.022294
Debug   : vH = 7223 / nTets = 4 / pp.size() = 4 / 1.101143 0.359241 1.332101 -> 1.098651 0.363168 1.322911 / dir = -1.000000 / l_pyr = 0.020598
Debug   : vH = 7221 / nTets = 4 / pp.size() = 4 / 0.992826 0.331046 1.347463 -> 0.990813 0.335348 1.339180 / dir = -1.000000 / l_pyr = 0.019095
Debug   : vH = 7219 / nTets = 4 / pp.size() = 4 / 0.891849 0.304734 1.356888 -> 0.890197 0.309269 1.349410 / dir = -1.000000 / l_pyr = 0.017800
Debug   : vH = 7217 / nTets = 4 / pp.size() = 4 / 0.802152 0.281269 1.361511 -> 0.800763 0.285924 1.354712 / dir = -1.000000 / l_pyr = 0.016712
Debug   : vH = 7215 / nTets = 4 / pp.size() = 4 / 0.725837 0.261193 1.362801 -> 0.724635 0.265888 1.356552 / dir = -1.000000 / l_pyr = 0.015815
Debug   : vH = 7213 / nTets = 4 / pp.size() = 4 / 0.663229 0.244621 1.362120 -> 0.662158 0.249309 1.356305 / dir = -1.000000 / l_pyr = 0.015092
Debug   : vH = 7211 / nTets = 4 / pp.size() = 4 / 0.613365 0.231345 1.360499 -> 0.612385 0.236003 1.355017 / dir = -1.000000 / l_pyr = 0.014520
Debug   : vH = 7208 / nTets = 4 / pp.size() = 4 / 0.574578 0.220963 1.358595 -> 0.573662 0.225584 1.353366 / dir = -1.000000 / l_pyr = 0.014076
Debug   : vH = 7204 / nTets = 4 / pp.size() = 4 / 1.723539 0.490744 1.121780 -> 1.715486 0.490083 1.105560 / dir = -1.000000 / l_pyr = 0.036241
Debug   : vH = 7200 / nTets = 10 / pp.size() = 10 / 1.687325 0.481427 1.139946 -> 1.679679 0.481175 1.123959 / dir = -1.000000 / l_pyr = 0.035447
Debug   : vH = 7198 / nTets = 4 / pp.size() = 4 / 1.640572 0.469537 1.162085 -> 1.633526 0.469804 1.146617 / dir = -1.000000 / l_pyr = 0.033998
Debug   : vH = 7196 / nTets = 8 / pp.size() = 8 / 1.581501 0.454703 1.188009 -> 1.575159 0.455591 1.173196 / dir = -1.000000 / l_pyr = 0.032277
Debug   : vH = 7194 / nTets = 8 / pp.size() = 8 / 1.508897 0.436719 1.216864 -> 1.503342 0.438316 1.202849 / dir = -1.000000 / l_pyr = 0.030320
Debug   : vH = 7192 / nTets = 4 / pp.size() = 4 / 1.422648 0.415633 1.247035 -> 1.417923 0.417988 1.233957 / dir = -1.000000 / l_pyr = 0.028207
Debug   : vH = 7190 / nTets = 4 / pp.size() = 4 / 1.324266 0.391846 1.276298 -> 1.320358 0.394947 1.264267 / dir = -1.000000 / l_pyr = 0.026049
Debug   : vH = 7188 / nTets = 4 / pp.size() = 4 / 1.217156 0.366137 1.302279 -> 1.213995 0.369905 1.291353 / dir = -1.000000 / l_pyr = 0.023963
Debug   : vH = 7186 / nTets = 4 / pp.size() = 4 / 1.106328 0.339606 1.323107 -> 1.103799 0.343904 1.313279 / dir = -1.000000 / l_pyr = 0.022042
Debug   : vH = 7184 / nTets = 4 / pp.size() = 4 / 0.997563 0.313518 1.337930 -> 0.995535 0.318183 1.329126 / dir = -1.000000 / l_pyr = 0.020336
Debug   : vH = 7182 / nTets = 4 / pp.size() = 4 / 0.896230 0.289074 1.347032 -> 0.894578 0.293952 1.339131 / dir = -1.000000 / l_pyr = 0.018863
Debug   : vH = 7180 / nTets = 4 / pp.size() = 4 / 0.806264 0.267195 1.351520 -> 0.804882 0.272165 1.344379 / dir = -1.000000 / l_pyr = 0.017620
Debug   : vH = 7177 / nTets = 6 / pp.size() = 6 / 0.729752 0.248418 1.352814 -> 0.728559 0.253400 1.346287 / dir = -1.000000 / l_pyr = 0.016594
Debug   : vH = 7174 / nTets = 4 / pp.size() = 4 / 0.667003 0.232880 1.352221 -> 0.665942 0.237829 1.346177 / dir = -1.000000 / l_pyr = 0.015767
Debug   : vH = 7171 / nTets = 6 / pp.size() = 6 / 0.617040 0.220407 1.350725 -> 0.616071 0.225305 1.345052 / dir = -1.000000 / l_pyr = 0.015115
Debug   : vH = 7167 / nTets = 6 / pp.size() = 6 / 0.578185 0.210640 1.348953 -> 0.577278 0.215484 1.343561 / dir = -1.000000 / l_pyr = 0.014609
Debug   : vH = 7162 / nTets = 4 / pp.size() = 4 / 1.733321 0.453366 1.118711 -> 1.725530 0.452797 1.102422 / dir = -1.000000 / l_pyr = 0.036131
Debug   : vH = 7160 / nTets = 8 / pp.size() = 8 / 1.696718 0.445163 1.136368 -> 1.688659 0.445000 1.118852 / dir = -1.000000 / l_pyr = 0.038564
Debug   : vH = 7157 / nTets = 6 / pp.size() = 6 / 1.649489 0.434679 1.157862 -> 1.642092 0.435091 1.140954 / dir = -1.000000 / l_pyr = 0.036920
Debug   : vH = 7153 / nTets = 4 / pp.size() = 4 / 1.589859 0.421570 1.182998 -> 1.583236 0.422666 1.166850 / dir = -1.000000 / l_pyr = 0.034975
Debug   : vH = 7151 / nTets = 4 / pp.size() = 4 / 1.516628 0.405632 1.210932 -> 1.510864 0.407501 1.195707 / dir = -1.000000 / l_pyr = 0.032774
Debug   : vH = 7148 / nTets = 6 / pp.size() = 6 / 1.429711 0.386876 1.240092 -> 1.424845 0.389559 1.225942 / dir = -1.000000 / l_pyr = 0.030405
Debug   : vH = 7145 / nTets = 4 / pp.size() = 4 / 1.330658 0.365618 1.268328 -> 1.326668 0.369090 1.255372 / dir = -1.000000 / l_pyr = 0.027988
Debug   : vH = 7142 / nTets = 6 / pp.size() = 6 / 1.222917 0.342516 1.293363 -> 1.219719 0.346678 1.281661 / dir = -1.000000 / l_pyr = 0.025649
Debug   : vH = 7139 / nTets = 6 / pp.size() = 6 / 1.111529 0.318532 1.313418 -> 1.108995 0.323225 1.302955 / dir = -1.000000 / l_pyr = 0.023487
Debug   : vH = 7136 / nTets = 6 / pp.size() = 6 / 1.002296 0.294806 1.327702 -> 1.000282 0.299847 1.318388 / dir = -1.000000 / l_pyr = 0.021561
Debug   : vH = 7133 / nTets = 6 / pp.size() = 6 / 0.900591 0.272447 1.336508 -> 0.898960 0.277672 1.328200 / dir = -1.000000 / l_pyr = 0.019898
Debug   : vH = 7131 / nTets = 4 / pp.size() = 4 / 0.810341 0.252333 1.340906 -> 0.808982 0.257619 1.333440 / dir = -1.000000 / l_pyr = 0.018495
Debug   : vH = 7128 / nTets = 4 / pp.size() = 4 / 0.733617 0.234999 1.342254 -> 0.732448 0.240265 1.335468 / dir = -1.000000 / l_pyr = 0.017338
Debug   : vH = 7126 / nTets = 8 / pp.size() = 8 / 0.670715 0.220607 1.341797 -> 0.669677 0.225814 1.335544 / dir = -1.000000 / l_pyr = 0.016406
Debug   : vH = 7123 / nTets = 6 / pp.size() = 6 / 0.620644 0.209026 1.340469 -> 0.619695 0.214159 1.334626 / dir = -1.000000 / l_pyr = 0.015670
Debug   : vH = 7119 / nTets = 6 / pp.size() = 6 / 0.581711 0.199940 1.338865 -> 0.580824 0.205000 1.333332 / dir = -1.000000 / l_pyr = 0.015100
Debug   : vH = 7115 / nTets = 6 / pp.size() = 6 / 1.743051 0.412564 1.115740 -> 1.735561 0.412126 1.099380 / dir = -1.000000 / l_pyr = 0.035998
Debug   : vH = 7111 / nTets = 4 / pp.size() = 4 / 1.706057 0.405625 1.132789 -> 1.697685 0.405612 1.113749 / dir = -1.000000 / l_pyr = 0.041598
Debug   : vH = 7107 / nTets = 6 / pp.size() = 6 / 1.658352 0.396732 1.153523 -> 1.650699 0.397350 1.135177 / dir = -1.000000 / l_pyr = 0.039776
Debug   : vH = 7105 / nTets = 8 / pp.size() = 8 / 1.598163 0.385573 1.177740 -> 1.591346 0.386934 1.160261 / dir = -1.000000 / l_pyr = 0.037620
Debug   : vH = 7102 / nTets = 6 / pp.size() = 6 / 1.524303 0.371940 1.204618 -> 1.518409 0.374133 1.188190 / dir = -1.000000 / l_pyr = 0.035182
Debug   : vH = 7100 / nTets = 4 / pp.size() = 4 / 1.436717 0.355799 1.232638 -> 1.431780 0.358858 1.217428 / dir = -1.000000 / l_pyr = 0.032561
Debug   : vH = 7098 / nTets = 4 / pp.size() = 4 / 1.336992 0.337371 1.259739 -> 1.332980 0.341254 1.245875 / dir = -1.000000 / l_pyr = 0.029893
Debug   : vH = 7096 / nTets = 6 / pp.size() = 6 / 1.228618 0.317176 1.283754 -> 1.225432 0.321762 1.271290 / dir = -1.000000 / l_pyr = 0.027315
Debug   : vH = 7094 / nTets = 4 / pp.size() = 4 / 1.116668 0.296023 1.303004 -> 1.114165 0.301133 1.291913 / dir = -1.000000 / l_pyr = 0.024931
Debug   : vH = 7092 / nTets = 4 / pp.size() = 4 / 1.006962 0.274913 1.316755 -> 1.004988 0.280350 1.306931 / dir = -1.000000 / l_pyr = 0.022800
Debug   : vH = 7090 / nTets = 4 / pp.size() = 4 / 0.904879 0.254860 1.325299 -> 0.903290 0.260448 1.316584 / dir = -1.000000 / l_pyr = 0.020947
Debug   : vH = 7088 / nTets = 8 / pp.size() = 8 / 0.814337 0.236697 1.329658 -> 0.813019 0.242308 1.321871 / dir = -1.000000 / l_pyr = 0.019376
Debug   : vH = 7085 / nTets = 4 / pp.size() = 4 / 0.737394 0.220956 1.331117 -> 0.736262 0.226513 1.324080 / dir = -1.000000 / l_pyr = 0.018077
Debug   : vH = 7083 / nTets = 6 / pp.size() = 6 / 0.674331 0.207830 1.330851 -> 0.673327 0.213296 1.324400 / dir = -1.000000 / l_pyr = 0.017030
Debug   : vH = 7081 / nTets = 4 / pp.size() = 4 / 0.624143 0.197232 1.329737 -> 0.623226 0.202600 1.323738 / dir = -1.000000 / l_pyr = 0.016205
Debug   : vH = 7078 / nTets = 4 / pp.size() = 4 / 0.585127 0.188897 1.328339 -> 0.584269 0.194173 1.322681 / dir = -1.000000 / l_pyr = 0.015566
Debug   : vH = 7073 / nTets = 8 / pp.size() = 8 / 1.752458 0.368511 1.112845 -> 1.745309 0.368249 1.096411 / dir = -1.000000 / l_pyr = 0.035847
Debug   : vH = 7071 / nTets = 4 / pp.size() = 4 / 1.715086 0.362978 1.129185 -> 1.706554 0.363198 1.108726 / dir = -1.000000 / l_pyr = 0.044335
Debug   : vH = 7068 / nTets = 4 / pp.size() = 4 / 1.666921 0.355854 1.149039 -> 1.659156 0.356752 1.129362 / dir = -1.000000 / l_pyr = 0.042346
Debug   : vH = 7065 / nTets = 8 / pp.size() = 8 / 1.606192 0.346856 1.172204 -> 1.599313 0.348548 1.153500 / dir = -1.000000 / l_pyr = 0.040002
Debug   : vH = 7063 / nTets = 6 / pp.size() = 6 / 1.531727 0.335773 1.197889 -> 1.525817 0.338345 1.180354 / dir = -1.000000 / l_pyr = 0.037363
Debug   : vH = 7060 / nTets = 6 / pp.size() = 6 / 1.443495 0.322518 1.224641 -> 1.438583 0.325993 1.208457 / dir = -1.000000 / l_pyr = 0.034533
Debug   : vH = 7058 / nTets = 4 / pp.size() = 4 / 1.343123 0.307203 1.250505 -> 1.339166 0.311524 1.235805 / dir = -1.000000 / l_pyr = 0.031649
Debug   : vH = 7055 / nTets = 4 / pp.size() = 4 / 1.234137 0.290197 1.273434 -> 1.231024 0.295221 1.260275 / dir = -1.000000 / l_pyr = 0.028851
Debug   : vH = 7053 / nTets = 4 / pp.size() = 4 / 1.121643 0.272145 1.291856 -> 1.119220 0.277671 1.280203 / dir = -1.000000 / l_pyr = 0.026246
Debug   : vH = 7051 / nTets = 4 / pp.size() = 4 / 1.011478 0.253899 1.305090 -> 1.009582 0.259715 1.294823 / dir = -1.000000 / l_pyr = 0.023904
Debug   : vH = 7049 / nTets = 4 / pp.size() = 4 / 0.909024 0.236368 1.313417 -> 0.907509 0.242295 1.304359 / dir = -1.000000 / l_pyr = 0.021861
Debug   : vH = 7047 / nTets = 4 / pp.size() = 4 / 0.818193 0.220339 1.317796 -> 0.816941 0.226249 1.309747 / dir = -1.000000 / l_pyr = 0.020128
Debug   : vH = 7044 / nTets = 6 / pp.size() = 6 / 0.741030 0.206342 1.319427 -> 0.739957 0.212162 1.312190 / dir = -1.000000 / l_pyr = 0.018698
Debug   : vH = 7042 / nTets = 4 / pp.size() = 4 / 0.677805 0.194600 1.319405 -> 0.676852 0.200302 1.312805 / dir = -1.000000 / l_pyr = 0.017548
Debug   : vH = 7039 / nTets = 4 / pp.size() = 4 / 0.627497 0.185077 1.318552 -> 0.626626 0.190659 1.312441 / dir = -1.000000 / l_pyr = 0.016645
Debug   : vH = 7036 / nTets = 6 / pp.size() = 6 / 0.588394 0.177563 1.317397 -> 0.587578 0.183036 1.311655 / dir = -1.000000 / l_pyr = 0.015948
Debug   : vH = 7031 / nTets = 4 / pp.size() = 4 / 1.761246 0.321517 1.109954 -> 1.754481 0.321488 1.093443 / dir = -1.000000 / l_pyr = 0.035686
Debug   : vH = 7028 / nTets = 4 / pp.size() = 4 / 1.723524 0.317525 1.125483 -> 1.715108 0.318070 1.104011 / dir = -1.000000 / l_pyr = 0.046139
Debug   : vH = 7026 / nTets = 4 / pp.size() = 4 / 1.674934 0.312335 1.144339 -> 1.667209 0.313604 1.123454 / dir = -1.000000 / l_pyr = 0.044609
Debug   : vH = 7023 / nTets = 4 / pp.size() = 4 / 1.613706 0.305694 1.166326 -> 1.606902 0.307796 1.146518 / dir = -1.000000 / l_pyr = 0.042100
Debug   : vH = 7020 / nTets = 8 / pp.size() = 8 / 1.538681 0.297386 1.190691 -> 1.532879 0.300399 1.172173 / dir = -1.000000 / l_pyr = 0.039277
Debug   : vH = 7018 / nTets = 6 / pp.size() = 6 / 1.449855 0.287261 1.216063 -> 1.445073 0.291196 1.199028 / dir = -1.000000 / l_pyr = 0.036251
Debug   : vH = 7014 / nTets = 6 / pp.size() = 6 / 1.348886 0.275318 1.240606 -> 1.345070 0.280096 1.225192 / dir = -1.000000 / l_pyr = 0.033166
Debug   : vH = 7012 / nTets = 6 / pp.size() = 6 / 1.239337 0.261763 1.262407 -> 1.236364 0.267222 1.248663 / dir = -1.000000 / l_pyr = 0.030168
Debug   : vH = 7008 / nTets = 6 / pp.size() = 6 / 1.126339 0.247060 1.280000 -> 1.124047 0.252985 1.267878 / dir = -1.000000 / l_pyr = 0.027373
Debug   : vH = 7006 / nTets = 6 / pp.size() = 6 / 1.015749 0.231904 1.292750 -> 1.013969 0.238078 1.282113 / dir = -1.000000 / l_pyr = 0.024855
Debug   : vH = 7004 / nTets = 4 / pp.size() = 4 / 0.912950 0.217095 1.300912 -> 0.911535 0.223339 1.291567 / dir = -1.000000 / l_pyr = 0.022656
Debug   : vH = 7000 / nTets = 4 / pp.size() = 4 / 0.821847 0.203366 1.305369 -> 0.820682 0.209557 1.297100 / dir = -1.000000 / l_pyr = 0.020791
Debug   : vH = 6998 / nTets = 6 / pp.size() = 6 / 0.744476 0.191247 1.307228 -> 0.743478 0.197319 1.299826 / dir = -1.000000 / l_pyr = 0.019251
Debug   : vH = 6996 / nTets = 4 / pp.size() = 4 / 0.681095 0.180997 1.307499 -> 0.680209 0.186927 1.300777 / dir = -1.000000 / l_pyr = 0.018015
Debug   : vH = 6993 / nTets = 6 / pp.size() = 6 / 0.630673 0.172632 1.306947 -> 0.629861 0.178422 1.300747 / dir = -1.000000 / l_pyr = 0.017044
Debug   : vH = 6989 / nTets = 6 / pp.size() = 6 / 0.591485 0.166001 1.306064 -> 0.590724 0.171669 1.300260 / dir = -1.000000 / l_pyr = 0.016296
Debug   : vH = 6983 / nTets = 4 / pp.size() = 4 / 1.769124 0.272043 1.106905 -> 1.762785 0.272323 1.090313 / dir = -1.000000 / l_pyr = 0.035528
Debug   : vH = 6981 / nTets = 10 / pp.size() = 10 / 1.731094 0.269711 1.121534 -> 1.723231 0.270666 1.099966 / dir = -1.000000 / l_pyr = 0.045954
Debug   : vH = 6978 / nTets = 4 / pp.size() = 4 / 1.682131 0.266599 1.139292 -> 1.674630 0.268349 1.117425 / dir = -1.000000 / l_pyr = 0.046367
Debug   : vH = 6975 / nTets = 8 / pp.size() = 8 / 1.620466 0.262486 1.159995 -> 1.613900 0.265084 1.139300 / dir = -1.000000 / l_pyr = 0.043733
Debug   : vH = 6973 / nTets = 4 / pp.size() = 4 / 1.544952 0.257146 1.182940 -> 1.539393 0.260661 1.163641 / dir = -1.000000 / l_pyr = 0.040779
Debug   : vH = 6971 / nTets = 4 / pp.size() = 4 / 1.455607 0.250364 1.206853 -> 1.451064 0.254789 1.189145 / dir = -1.000000 / l_pyr = 0.037619
Debug   : vH = 6968 / nTets = 6 / pp.size() = 6 / 1.354119 0.242011 1.230028 -> 1.350527 0.247252 1.214046 / dir = -1.000000 / l_pyr = 0.034398
Debug   : vH = 6966 / nTets = 4 / pp.size() = 4 / 1.244080 0.232121 1.250689 -> 1.241309 0.238003 1.236478 / dir = -1.000000 / l_pyr = 0.031256
Debug   : vH = 6964 / nTets = 4 / pp.size() = 4 / 1.130647 0.220973 1.267475 -> 1.128531 0.227275 1.254978 / dir = -1.000000 / l_pyr = 0.028310
Debug   : vH = 6961 / nTets = 6 / pp.size() = 6 / 1.019686 0.209097 1.279785 -> 1.018057 0.215600 1.268857 / dir = -1.000000 / l_pyr = 0.025641
Debug   : vH = 6959 / nTets = 4 / pp.size() = 4 / 0.916585 0.197176 1.287838 -> 0.915298 0.203707 1.278275 / dir = -1.000000 / l_pyr = 0.023303
Debug   : vH = 6957 / nTets = 4 / pp.size() = 4 / 0.825244 0.185891 1.292429 -> 0.824188 0.192332 1.284003 / dir = -1.000000 / l_pyr = 0.021317
Debug   : vH = 6953 / nTets = 6 / pp.size() = 6 / 0.747689 0.175768 1.294566 -> 0.746785 0.182062 1.287056 / dir = -1.000000 / l_pyr = 0.019680
Debug   : vH = 6950 / nTets = 8 / pp.size() = 8 / 0.684168 0.167105 1.295173 -> 0.683365 0.173234 1.288382 / dir = -1.000000 / l_pyr = 0.018367
Debug   : vH = 6947 / nTets = 4 / pp.size() = 4 / 0.633641 0.159972 1.294954 -> 0.632904 0.165946 1.288715 / dir = -1.000000 / l_pyr = 0.017339
Debug   : vH = 6944 / nTets = 6 / pp.size() = 6 / 0.594377 0.154283 1.294372 -> 0.593683 0.160121 1.288549 / dir = -1.000000 / l_pyr = 0.016548
Debug   : vH = 6940 / nTets = 4 / pp.size() = 4 / 1.775828 0.220657 1.103465 -> 1.769954 0.221320 1.086788 / dir = -1.000000 / l_pyr = 0.035386
Debug   : vH = 6937 / nTets = 4 / pp.size() = 4 / 1.737547 0.220073 1.117128 -> 1.730285 0.221529 1.095464 / dir = -1.000000 / l_pyr = 0.045791
Debug   : vH = 6934 / nTets = 4 / pp.size() = 4 / 1.688279 0.219148 1.133718 -> 1.681160 0.221477 1.111063 / dir = -1.000000 / l_pyr = 0.047722
Debug   : vH = 6932 / nTets = 4 / pp.size() = 4 / 1.626259 0.217690 1.153068 -> 1.620064 0.220858 1.131660 / dir = -1.000000 / l_pyr = 0.045022
Debug   : vH = 6930 / nTets = 4 / pp.size() = 4 / 1.550350 0.215462 1.174538 -> 1.545143 0.219525 1.154608 / dir = -1.000000 / l_pyr = 0.041992
Debug   : vH = 6926 / nTets = 6 / pp.size() = 6 / 1.460585 0.212177 1.196956 -> 1.456368 0.217116 1.178706 / dir = -1.000000 / l_pyr = 0.038742
Debug   : vH = 6924 / nTets = 4 / pp.size() = 4 / 1.358681 0.207575 1.218754 -> 1.355379 0.213284 1.202319 / dir = -1.000000 / l_pyr = 0.035416
Debug   : vH = 6921 / nTets = 6 / pp.size() = 6 / 1.248250 0.201514 1.238294 -> 1.245731 0.207809 1.223715 / dir = -1.000000 / l_pyr = 0.032158
Debug   : vH = 6918 / nTets = 4 / pp.size() = 4 / 1.134469 0.194079 1.254314 -> 1.132565 0.200741 1.241523 / dir = -1.000000 / l_pyr = 0.029092
Debug   : vH = 6916 / nTets = 4 / pp.size() = 4 / 1.023212 0.185634 1.266239 -> 1.021761 0.192448 1.255082 / dir = -1.000000 / l_pyr = 0.026307
Debug   : vH = 6914 / nTets = 4 / pp.size() = 4 / 0.919869 0.176740 1.274240 -> 0.918730 0.183541 1.264505 / dir = -1.000000 / l_pyr = 0.023859
Debug   : vH = 6912 / nTets = 4 / pp.size() = 4 / 0.828334 0.168019 1.279020 -> 0.827404 0.174699 1.270472 / dir = -1.000000 / l_pyr = 0.021777
Debug   : vH = 6910 / nTets = 4 / pp.size() = 4 / 0.750628 0.159997 1.281482 -> 0.749833 0.166503 1.273891 / dir = -1.000000 / l_pyr = 0.020058
Debug   : vH = 6908 / nTets = 4 / pp.size() = 4 / 0.686991 0.153004 1.282464 -> 0.686284 0.159326 1.275625 / dir = -1.000000 / l_pyr = 0.018680
Debug   : vH = 6906 / nTets = 4 / pp.size() = 4 / 0.636376 0.147171 1.282609 -> 0.635725 0.153322 1.276350 / dir = -1.000000 / l_pyr = 0.017599
Debug   : vH = 6901 / nTets = 6 / pp.size() = 6 / 0.597045 0.142474 1.282349 -> 0.596432 0.148478 1.276529 / dir = -1.000000 / l_pyr = 0.016769
Debug   : vH = 6897 / nTets = 4 / pp.size() = 4 / 1.781148 0.167984 1.099401 -> 1.775777 0.169084 1.082639 / dir = -1.000000 / l_pyr = 0.035271
Debug   : vH = 6894 / nTets = 4 / pp.size() = 4 / 1.742684 0.169193 1.112065 -> 1.736069 0.171211 1.090307 / dir = -1.000000 / l_pyr = 0.045661
Debug   : vH = 6891 / nTets = 6 / pp.size() = 6 / 1.693195 0.170508 1.127452 -> 1.686612 0.173473 1.104262 / dir = -1.000000 / l_pyr = 0.048577
Debug   : vH = 6887 / nTets = 6 / pp.size() = 6 / 1.630919 0.171769 1.145424 -> 1.625224 0.175543 1.123523 / dir = -1.000000 / l_pyr = 0.045883
Debug   : vH = 6885 / nTets = 8 / pp.size() = 8 / 1.554726 0.172728 1.165402 -> 1.549974 0.177355 1.145028 / dir = -1.000000 / l_pyr = 0.042854
Debug   : vH = 6883 / nTets = 4 / pp.size() = 4 / 1.464663 0.173025 1.186326 -> 1.460847 0.178478 1.167682 / dir = -1.000000 / l_pyr = 0.039593
Debug   : vH = 6878 / nTets = 6 / pp.size() = 6 / 1.362463 0.172272 1.206769 -> 1.359508 0.178439 1.189991 / dir = -1.000000 / l_pyr = 0.036236
Debug   : vH = 6876 / nTets = 6 / pp.size() = 6 / 1.251758 0.170146 1.225230 -> 1.249530 0.176843 1.210359 / dir = -1.000000 / l_pyr = 0.032922
Debug   : vH = 6874 / nTets = 8 / pp.size() = 8 / 1.137733 0.166539 1.240536 -> 1.136071 0.173548 1.227507 / dir = -1.000000 / l_pyr = 0.029776
Debug   : vH = 6871 / nTets = 6 / pp.size() = 6 / 1.026270 0.161638 1.252135 -> 1.025019 0.168752 1.240793 / dir = -1.000000 / l_pyr = 0.026895
Debug   : vH = 6869 / nTets = 4 / pp.size() = 4 / 0.922756 0.155883 1.260144 -> 0.921785 0.162942 1.250273 / dir = -1.000000 / l_pyr = 0.024348
Debug   : vH = 6866 / nTets = 4 / pp.size() = 4 / 0.831084 0.149830 1.265166 -> 0.830297 0.156734 1.256528 / dir = -1.000000 / l_pyr = 0.022172
Debug   : vH = 6864 / nTets = 4 / pp.size() = 4 / 0.753267 0.143998 1.267998 -> 0.752596 0.150703 1.260359 / dir = -1.000000 / l_pyr = 0.020373
Debug   : vH = 6861 / nTets = 4 / pp.size() = 4 / 0.689543 0.138753 1.269392 -> 0.688946 0.145253 1.262538 / dir = -1.000000 / l_pyr = 0.018928
Debug   : vH = 6859 / nTets = 4 / pp.size() = 4 / 0.638860 0.134283 1.269932 -> 0.638311 0.140595 1.263685 / dir = -1.000000 / l_pyr = 0.017796
Debug   : vH = 6855 / nTets = 4 / pp.size() = 4 / 0.599477 0.130629 1.270019 -> 0.598959 0.136782 1.264232 / dir = -1.000000 / l_pyr = 0.016925
Debug   : vH = 6849 / nTets = 4 / pp.size() = 4 / 1.784942 0.114723 1.094569 -> 1.780106 0.116271 1.077726 / dir = -1.000000 / l_pyr = 0.035184
Debug   : vH = 6846 / nTets = 4 / pp.size() = 4 / 1.746370 0.117716 1.106227 -> 1.740441 0.120307 1.084383 / dir = -1.000000 / l_pyr = 0.045564
Debug   : vH = 6844 / nTets = 4 / pp.size() = 4 / 1.696752 0.121262 1.120410 -> 1.690833 0.124856 1.096944 / dir = -1.000000 / l_pyr = 0.048934
Debug   : vH = 6841 / nTets = 6 / pp.size() = 6 / 1.634327 0.125235 1.137006 -> 1.629238 0.129599 1.114840 / dir = -1.000000 / l_pyr = 0.046315
Debug   : vH = 6839 / nTets = 4 / pp.size() = 4 / 1.557971 0.129378 1.155506 -> 1.553759 0.134547 1.134880 / dir = -1.000000 / l_pyr = 0.043355
Debug   : vH = 6837 / nTets = 4 / pp.size() = 4 / 1.467742 0.133267 1.174963 -> 1.464394 0.139207 1.156083 / dir = -1.000000 / l_pyr = 0.040147
Debug   : vH = 6835 / nTets = 4 / pp.size() = 4 / 1.365382 0.136385 1.194088 -> 1.362822 0.142981 1.177096 / dir = -1.000000 / l_pyr = 0.036813
Debug   : vH = 6832 / nTets = 6 / pp.size() = 6 / 1.254531 0.138235 1.211519 -> 1.252631 0.145304 1.196459 / dir = -1.000000 / l_pyr = 0.033490
Debug   : vH = 6829 / nTets = 4 / pp.size() = 4 / 1.140381 0.138516 1.226171 -> 1.138988 0.145844 1.212984 / dir = -1.000000 / l_pyr = 0.030301
Debug   : vH = 6827 / nTets = 6 / pp.size() = 6 / 1.028812 0.137237 1.237504 -> 1.027783 0.144624 1.226040 / dir = -1.000000 / l_pyr = 0.027354
Debug   : vH = 6825 / nTets = 4 / pp.size() = 4 / 0.925209 0.134706 1.245579 -> 0.924423 0.141998 1.235624 / dir = -1.000000 / l_pyr = 0.024730
Debug   : vH = 6823 / nTets = 4 / pp.size() = 4 / 0.833462 0.131408 1.250897 -> 0.832832 0.138514 1.242213 / dir = -1.000000 / l_pyr = 0.022477
Debug   : vH = 6821 / nTets = 4 / pp.size() = 4 / 0.755580 0.127849 1.254148 -> 0.755049 0.134730 1.246496 / dir = -1.000000 / l_pyr = 0.020608
Debug   : vH = 6818 / nTets = 6 / pp.size() = 6 / 0.691803 0.124424 1.255992 -> 0.691331 0.131080 1.249156 / dir = -1.000000 / l_pyr = 0.019105
Debug   : vH = 6815 / nTets = 6 / pp.size() = 6 / 0.641076 0.121375 1.256958 -> 0.640642 0.127829 1.250753 / dir = -1.000000 / l_pyr = 0.017927
Debug   : vH = 6811 / nTets = 8 / pp.size() = 8 / 0.601657 0.118812 1.257414 -> 0.601247 0.125096 1.251690 / dir = -1.000000 / l_pyr = 0.017021
Debug   : vH = 6807 / nTets = 4 / pp.size() = 4 / 1.787141 0.061616 1.088935 -> 1.782867 0.063607 1.072019 / dir = -1.000000 / l_pyr = 0.035122
Debug   : vH = 6804 / nTets = 8 / pp.size() = 8 / 1.748534 0.066335 1.099596 -> 1.743323 0.069494 1.077680 / dir = -1.000000 / l_pyr = 0.045496
Debug   : vH = 6801 / nTets = 6 / pp.size() = 6 / 1.698877 0.072044 1.112589 -> 1.693733 0.076221 1.089162 / dir = -1.000000 / l_pyr = 0.048692
Debug   : vH = 6798 / nTets = 4 / pp.size() = 4 / 1.636412 0.078655 1.127829 -> 1.632020 0.083558 1.105681 / dir = -1.000000 / l_pyr = 0.046211
Debug   : vH = 6795 / nTets = 6 / pp.size() = 6 / 1.560017 0.085907 1.144880 -> 1.556418 0.091566 1.124248 / dir = -1.000000 / l_pyr = 0.043388
Debug   : vH = 6793 / nTets = 4 / pp.size() = 4 / 1.469755 0.093319 1.162907 -> 1.466932 0.099694 1.144000 / dir = -1.000000 / l_pyr = 0.040302
Debug   : vH = 6790 / nTets = 6 / pp.size() = 6 / 1.367374 0.100258 1.180764 -> 1.365251 0.107230 1.163727 / dir = -1.000000 / l_pyr = 0.037061
Debug   : vH = 6788 / nTets = 4 / pp.size() = 4 / 1.256515 0.106060 1.197220 -> 1.254972 0.113450 1.182106 / dir = -1.000000 / l_pyr = 0.033789
Debug   : vH = 6786 / nTets = 4 / pp.size() = 4 / 1.142364 0.110232 1.211277 -> 1.141264 0.117832 1.198038 / dir = -1.000000 / l_pyr = 0.030610
Debug   : vH = 6783 / nTets = 4 / pp.size() = 4 / 1.030799 0.112607 1.222405 -> 1.030009 0.120223 1.210901 / dir = -1.000000 / l_pyr = 0.027638
Debug   : vH = 6781 / nTets = 4 / pp.size() = 4 / 0.927197 0.113350 1.230603 -> 0.926611 0.120837 1.220630 / dir = -1.000000 / l_pyr = 0.024969
Debug   : vH = 6778 / nTets = 6 / pp.size() = 6 / 0.835445 0.112869 1.236268 -> 0.834987 0.120142 1.227591 / dir = -1.000000 / l_pyr = 0.022663
Debug   : vH = 6776 / nTets = 4 / pp.size() = 4 / 0.757553 0.111645 1.239979 -> 0.757173 0.118671 1.232361 / dir = -1.000000 / l_pyr = 0.020742
Debug   : vH = 6774 / nTets = 4 / pp.size() = 4 / 0.693761 0.110097 1.242310 -> 0.693427 0.116882 1.235531 / dir = -1.000000 / l_pyr = 0.019194
Debug   : vH = 6771 / nTets = 4 / pp.size() = 4 / 0.643017 0.108521 1.243729 -> 0.642711 0.115091 1.237602 / dir = -1.000000 / l_pyr = 0.017978
Debug   : vH = 6767 / nTets = 4 / pp.size() = 4 / 0.603583 0.107090 1.244578 -> 0.603293 0.113481 1.238948 / dir = -1.000000 / l_pyr = 0.017043
Debug   : vH = 6762 / nTets = 4 / pp.size() = 4 / 1.787763 0.009411 1.082507 -> 1.784072 0.011840 1.065534 / dir = -1.000000 / l_pyr = 0.035078
Debug   : vH = 6759 / nTets = 8 / pp.size() = 8 / 1.749188 0.015754 1.092190 -> 1.744720 0.019478 1.070223 / dir = -1.000000 / l_pyr = 0.045449
Debug   : vH = 6756 / nTets = 6 / pp.size() = 6 / 1.699574 0.023507 1.104017 -> 1.695272 0.028205 1.080924 / dir = -1.000000 / l_pyr = 0.047910
Debug   : vH = 6753 / nTets = 4 / pp.size() = 4 / 1.637166 0.032619 1.117933 -> 1.633528 0.038001 1.096065 / dir = -1.000000 / l_pyr = 0.045625
Debug   : vH = 6751 / nTets = 4 / pp.size() = 4 / 1.560847 0.042836 1.133575 -> 1.557904 0.048925 1.113164 / dir = -1.000000 / l_pyr = 0.043004
Debug   : vH = 6747 / nTets = 6 / pp.size() = 6 / 1.470680 0.053629 1.150221 -> 1.468413 0.060381 1.131475 / dir = -1.000000 / l_pyr = 0.040107
Debug   : vH = 6743 / nTets = 6 / pp.size() = 6 / 1.368412 0.064262 1.166863 -> 1.366750 0.071559 1.149933 / dir = -1.000000 / l_pyr = 0.037022
Debug   : vH = 6741 / nTets = 6 / pp.size() = 6 / 1.257678 0.073919 1.182403 -> 1.256510 0.081584 1.167354 / dir = -1.000000 / l_pyr = 0.033859
Debug   : vH = 6739 / nTets = 4 / pp.size() = 4 / 1.143653 0.081924 1.195924 -> 1.142857 0.089755 1.182723 / dir = -1.000000 / l_pyr = 0.030738
Debug   : vH = 6735 / nTets = 6 / pp.size() = 6 / 1.032203 0.087930 1.206904 -> 1.031663 0.095740 1.195429 / dir = -1.000000 / l_pyr = 0.027782
Debug   : vH = 6732 / nTets = 8 / pp.size() = 8 / 0.928697 0.091958 1.215277 -> 0.928322 0.099609 1.205337 / dir = -1.000000 / l_pyr = 0.025098
Debug   : vH = 6730 / nTets = 4 / pp.size() = 4 / 0.837016 0.094324 1.221334 -> 0.836741 0.101738 1.212704 / dir = -1.000000 / l_pyr = 0.022760
Debug   : vH = 6727 / nTets = 6 / pp.size() = 6 / 0.759171 0.095477 1.225544 -> 0.758954 0.102626 1.217992 / dir = -1.000000 / l_pyr = 0.020802
Debug   : vH = 6725 / nTets = 4 / pp.size() = 4 / 0.695407 0.095852 1.228391 -> 0.695223 0.102745 1.221699 / dir = -1.000000 / l_pyr = 0.019219
Debug   : vH = 6723 / nTets = 4 / pp.size() = 4 / 0.644678 0.095790 1.230289 -> 0.644512 0.102458 1.224266 / dir = -1.000000 / l_pyr = 0.017973
Debug   : vH = 6720 / nTets = 4 / pp.size() = 4 / 0.605249 0.095527 1.231549 -> 0.605093 0.102006 1.226038 / dir = -1.000000 / l_pyr = 0.017015
Debug   : vH = 6716 / nTets = 6 / pp.size() = 6 / 1.786907 -0.041200 1.075317 -> 1.783817 -0.038334 1.058308 / dir = -1.000000 / l_pyr = 0.035045
Debug   : vH = 6712 / nTets = 4 / pp.size() = 4 / 1.748417 -0.033371 1.084047 -> 1.744711 -0.029084 1.062058 / dir = -1.000000 / l_pyr = 0.045414
Debug   : vH = 6709 / nTets = 6 / pp.size() = 6 / 1.698914 -0.023743 1.094740 -> 1.695484 -0.018599 1.072266 / dir = -1.000000 / l_pyr = 0.046618
Debug   : vH = 6707 / nTets = 4 / pp.size() = 4 / 1.636647 -0.012321 1.107373 -> 1.633786 -0.006533 1.086038 / dir = -1.000000 / l_pyr = 0.044582
Debug   : vH = 6705 / nTets = 4 / pp.size() = 4 / 1.560502 0.000651 1.121653 -> 1.558232 0.007101 1.101681 / dir = -1.000000 / l_pyr = 0.042220
Debug   : vH = 6701 / nTets = 4 / pp.size() = 4 / 1.470541 0.014614 1.136970 -> 1.468842 0.021679 1.118568 / dir = -1.000000 / l_pyr = 0.039570
Debug   : vH = 6699 / nTets = 4 / pp.size() = 4 / 1.368507 0.028746 1.152455 -> 1.367313 0.036309 1.135780 / dir = -1.000000 / l_pyr = 0.036700
Debug   : vH = 6696 / nTets = 6 / pp.size() = 6 / 1.258022 0.042094 1.167138 -> 1.257236 0.049982 1.152269 / dir = -1.000000 / l_pyr = 0.033700
Debug   : vH = 6694 / nTets = 4 / pp.size() = 4 / 1.144244 0.053813 1.180179 -> 1.143758 0.061828 1.167107 / dir = -1.000000 / l_pyr = 0.030684
Debug   : vH = 6692 / nTets = 6 / pp.size() = 6 / 1.033020 0.063378 1.191063 -> 1.032737 0.071342 1.179686 / dir = -1.000000 / l_pyr = 0.027781
Debug   : vH = 6690 / nTets = 4 / pp.size() = 4 / 0.929705 0.070661 1.199657 -> 0.929547 0.078443 1.189806 / dir = -1.000000 / l_pyr = 0.025110
Debug   : vH = 6688 / nTets = 4 / pp.size() = 4 / 0.838174 0.075878 1.206146 -> 0.838088 0.083402 1.197608 / dir = -1.000000 / l_pyr = 0.022761
Debug   : vH = 6685 / nTets = 4 / pp.size() = 4 / 0.760437 0.079431 1.210888 -> 0.760391 0.086675 1.203438 / dir = -1.000000 / l_pyr = 0.020782
Debug   : vH = 6682 / nTets = 6 / pp.size() = 6 / 0.696747 0.081759 1.214279 -> 0.696721 0.088735 1.207703 / dir = -1.000000 / l_pyr = 0.019174
Debug   : vH = 6679 / nTets = 4 / pp.size() = 4 / 0.646065 0.083244 1.216676 -> 0.646050 0.089986 1.210784 / dir = -1.000000 / l_pyr = 0.017907
Debug   : vH = 6675 / nTets = 4 / pp.size() = 4 / 0.606665 0.084179 1.218364 -> 0.606654 0.090725 1.212998 / dir = -1.000000 / l_pyr = 0.016930
Debug   : vH = 6668 / nTets = 4 / pp.size() = 4 / 1.784735 -0.089595 1.067410 -> 1.782257 -0.086289 1.050396 / dir = -1.000000 / l_pyr = 0.035018
Debug   : vH = 6666 / nTets = 4 / pp.size() = 4 / 1.746367 -0.080451 1.075218 -> 1.743436 -0.075596 1.053246 / dir = -1.000000 / l_pyr = 0.045384
Debug   : vH = 6663 / nTets = 4 / pp.size() = 4 / 1.697024 -0.069153 1.084816 -> 1.694460 -0.063645 1.063216 / dir = -1.000000 / l_pyr = 0.044877
Debug   : vH = 6659 / nTets = 4 / pp.size() = 4 / 1.634959 -0.055660 1.096211 -> 1.632868 -0.049543 1.075639 / dir = -1.000000 / l_pyr = 0.043128
Debug   : vH = 6656 / nTets = 6 / pp.size() = 6 / 1.559064 -0.040194 1.109182 -> 1.557459 -0.033455 1.089852 / dir = -1.000000 / l_pyr = 0.041068
Debug   : vH = 6654 / nTets = 4 / pp.size() = 4 / 1.469398 -0.023331 1.123229 -> 1.468259 -0.016019 1.105343 / dir = -1.000000 / l_pyr = 0.038713
Debug   : vH = 6651 / nTets = 6 / pp.size() = 6 / 1.367699 -0.005956 1.137618 -> 1.366967 0.001812 1.121341 / dir = -1.000000 / l_pyr = 0.036102
Debug   : vH = 6649 / nTets = 4 / pp.size() = 4 / 1.257571 0.010860 1.151502 -> 1.257161 0.018915 1.136931 / dir = -1.000000 / l_pyr = 0.033307
Debug   : vH = 6645 / nTets = 6 / pp.size() = 6 / 1.144150 0.026120 1.164119 -> 1.143971 0.034270 1.151269 / dir = -1.000000 / l_pyr = 0.030435
Debug   : vH = 6643 / nTets = 4 / pp.size() = 4 / 1.033255 0.039128 1.174955 -> 1.033227 0.047200 1.163753 / dir = -1.000000 / l_pyr = 0.027616
Debug   : vH = 6639 / nTets = 4 / pp.size() = 4 / 0.930224 0.049602 1.183812 -> 0.930284 0.057470 1.174110 / dir = -1.000000 / l_pyr = 0.024983
Debug   : vH = 6636 / nTets = 6 / pp.size() = 6 / 0.838919 0.057645 1.190768 -> 0.839027 0.065238 1.182371 / dir = -1.000000 / l_pyr = 0.022643
Debug   : vH = 6634 / nTets = 6 / pp.size() = 6 / 0.761353 0.063600 1.196071 -> 0.761483 0.070900 1.188767 / dir = -1.000000 / l_pyr = 0.020656
Debug   : vH = 6632 / nTets = 4 / pp.size() = 4 / 0.697783 0.067899 1.200030 -> 0.697923 0.074921 1.193609 / dir = -1.000000 / l_pyr = 0.019033
Debug   : vH = 6630 / nTets = 4 / pp.size() = 4 / 0.647183 0.070954 1.202945 -> 0.647326 0.077734 1.197219 / dir = -1.000000 / l_pyr = 0.017751
Debug   : vH = 6625 / nTets = 4 / pp.size() = 4 / 0.607836 0.073111 1.205076 -> 0.607979 0.079689 1.199886 / dir = -1.000000 / l_pyr = 0.016761
Debug   : vH = 6621 / nTets = 4 / pp.size() = 4 / 1.781462 -0.135287 1.058838 -> 1.779601 -0.131528 1.041853 / dir = -1.000000 / l_pyr = 0.034991
Debug   : vH = 6619 / nTets = 8 / pp.size() = 8 / 1.743236 -0.125022 1.065757 -> 1.741148 -0.119743 1.044503 / dir = -1.000000 / l_pyr = 0.043998
Debug   : vH = 6616 / nTets = 4 / pp.size() = 4 / 1.694079 -0.112287 1.074301 -> 1.692338 -0.106481 1.053759 / dir = -1.000000 / l_pyr = 0.042835
Debug   : vH = 6613 / nTets = 4 / pp.size() = 4 / 1.632254 -0.096995 1.084507 -> 1.630893 -0.090611 1.064862 / dir = -1.000000 / l_pyr = 0.041403
Debug   : vH = 6611 / nTets = 4 / pp.size() = 4 / 1.556656 -0.079337 1.096224 -> 1.555684 -0.072365 1.077676 / dir = -1.000000 / l_pyr = 0.039679
Debug   : vH = 6607 / nTets = 6 / pp.size() = 6 / 1.467349 -0.059887 1.109061 -> 1.466743 -0.052377 1.091808 / dir = -1.000000 / l_pyr = 0.037653
Debug   : vH = 6605 / nTets = 4 / pp.size() = 4 / 1.366060 -0.039573 1.122414 -> 1.365768 -0.031641 1.106628 / dir = -1.000000 / l_pyr = 0.035338
Debug   : vH = 6602 / nTets = 6 / pp.size() = 6 / 1.256375 -0.019556 1.135558 -> 1.256326 -0.011369 1.121357 / dir = -1.000000 / l_pyr = 0.032783
Debug   : vH = 6600 / nTets = 6 / pp.size() = 6 / 1.143402 -0.000972 1.147803 -> 1.143520 0.007283 1.135230 / dir = -1.000000 / l_pyr = 0.030083
Debug   : vH = 6598 / nTets = 4 / pp.size() = 4 / 1.032929 0.015324 1.158638 -> 1.033150 0.023480 1.147649 / dir = -1.000000 / l_pyr = 0.027372
Debug   : vH = 6596 / nTets = 4 / pp.size() = 4 / 0.930266 0.028894 1.167796 -> 0.930543 0.036827 1.158273 / dir = -1.000000 / l_pyr = 0.024796
Debug   : vH = 6594 / nTets = 4 / pp.size() = 4 / 0.839263 0.039715 1.175251 -> 0.839565 0.047359 1.167020 / dir = -1.000000 / l_pyr = 0.022476
Debug   : vH = 6592 / nTets = 4 / pp.size() = 4 / 0.761926 0.048059 1.181142 -> 0.762237 0.055398 1.174002 / dir = -1.000000 / l_pyr = 0.020489
Debug   : vH = 6590 / nTets = 4 / pp.size() = 4 / 0.698524 0.054335 1.185690 -> 0.698836 0.061387 1.179439 / dir = -1.000000 / l_pyr = 0.018858
Debug   : vH = 6588 / nTets = 4 / pp.size() = 4 / 0.648040 0.058977 1.189141 -> 0.648349 0.065779 1.183595 / dir = -1.000000 / l_pyr = 0.017563
Debug   : vH = 6584 / nTets = 8 / pp.size() = 8 / 0.608771 0.062374 1.191728 -> 0.609076 0.068970 1.186729 / dir = -1.000000 / l_pyr = 0.016563
Debug   : vH = 6580 / nTets = 4 / pp.size() = 4 / 1.777328 -0.177916 1.049646 -> 1.776088 -0.173677 1.032734 / dir = -1.000000 / l_pyr = 0.034959
Debug   : vH = 6577 / nTets = 8 / pp.size() = 8 / 1.739246 -0.166736 1.055711 -> 1.737992 -0.161199 1.035800 / dir = -1.000000 / l_pyr = 0.041409
Debug   : vH = 6575 / nTets = 4 / pp.size() = 4 / 1.690282 -0.152817 1.063242 -> 1.689301 -0.146775 1.043917 / dir = -1.000000 / l_pyr = 0.040543
Debug   : vH = 6572 / nTets = 4 / pp.size() = 4 / 1.628708 -0.136022 1.072309 -> 1.628023 -0.129427 1.053733 / dir = -1.000000 / l_pyr = 0.039448
Debug   : vH = 6568 / nTets = 6 / pp.size() = 6 / 1.553430 -0.116501 1.082828 -> 1.553044 -0.109346 1.065187 / dir = -1.000000 / l_pyr = 0.038082
Debug   : vH = 6566 / nTets = 4 / pp.size() = 4 / 1.464514 -0.094809 1.094514 -> 1.464404 -0.087147 1.078001 / dir = -1.000000 / l_pyr = 0.036409
Debug   : vH = 6563 / nTets = 6 / pp.size() = 6 / 1.363684 -0.071894 1.106891 -> 1.363804 -0.063840 1.091686 / dir = -1.000000 / l_pyr = 0.034414
Debug   : vH = 6560 / nTets = 4 / pp.size() = 4 / 1.254505 -0.048983 1.119351 -> 1.254795 -0.040700 1.105594 / dir = -1.000000 / l_pyr = 0.032121
Debug   : vH = 6558 / nTets = 4 / pp.size() = 4 / 1.142053 -0.027323 1.131275 -> 1.142454 -0.018996 1.119038 / dir = -1.000000 / l_pyr = 0.029614
Debug   : vH = 6555 / nTets = 6 / pp.size() = 6 / 1.032080 -0.007922 1.142153 -> 1.032542 0.000285 1.131426 / dir = -1.000000 / l_pyr = 0.027028
Debug   : vH = 6553 / nTets = 6 / pp.size() = 6 / 0.929863 0.008624 1.151651 -> 0.930351 0.016591 1.142345 / dir = -1.000000 / l_pyr = 0.024521
Debug   : vH = 6550 / nTets = 6 / pp.size() = 6 / 0.839230 0.022158 1.159637 -> 0.839725 0.029823 1.151602 / dir = -1.000000 / l_pyr = 0.022231
Debug   : vH = 6547 / nTets = 6 / pp.size() = 6 / 0.762182 0.032865 1.166141 -> 0.762674 0.040213 1.159192 / dir = -1.000000 / l_pyr = 0.020250
Info    : 2 splits performed 
Debug   : vH = 6544 / nTets = 6 / pp.size() = 6 / 0.698993 0.041117 1.171299 -> 0.699479 0.048168 1.165244 / dir = -1.000000 / l_pyr = 0.018614
Debug   : vH = 6542 / nTets = 4 / pp.size() = 4 / 0.648659 0.047356 1.175302 -> 0.649138 0.054150 1.169960 / dir = -1.000000 / l_pyr = 0.017311
Debug   : vH = 6538 / nTets = 4 / pp.size() = 4 / 0.609492 0.052011 1.178358 -> 0.609965 0.058593 1.173572 / dir = -1.000000 / l_pyr = 0.016303
Debug   : vH = 6533 / nTets = 4 / pp.size() = 4 / 1.772575 -0.217245 1.039870 -> 1.771958 -0.212481 1.023084 / dir = -1.000000 / l_pyr = 0.034921
Debug   : vH = 6530 / nTets = 8 / pp.size() = 8 / 1.734623 -0.205364 1.045113 -> 1.734116 -0.199606 1.026640 / dir = -1.000000 / l_pyr = 0.038713
Debug   : vH = 6528 / nTets = 4 / pp.size() = 4 / 1.685837 -0.190524 1.051673 -> 1.685538 -0.184278 1.033651 / dir = -1.000000 / l_pyr = 0.038152
Debug   : vH = 6526 / nTets = 4 / pp.size() = 4 / 1.624503 -0.172532 1.059649 -> 1.624427 -0.165755 1.042220 / dir = -1.000000 / l_pyr = 0.037399
Debug   : vH = 6523 / nTets = 4 / pp.size() = 4 / 1.549540 -0.151491 1.069025 -> 1.549684 -0.144180 1.052360 / dir = -1.000000 / l_pyr = 0.036397
Debug   : vH = 6521 / nTets = 6 / pp.size() = 6 / 1.461022 -0.127921 1.079619 -> 1.461363 -0.120130 1.063907 / dir = -1.000000 / l_pyr = 0.035082
Debug   : vH = 6519 / nTets = 4 / pp.size() = 4 / 1.360672 -0.102763 1.091081 -> 1.361168 -0.094607 1.076510 / dir = -1.000000 / l_pyr = 0.033411
Debug   : vH = 6516 / nTets = 6 / pp.size() = 6 / 1.252036 -0.077281 1.102917 -> 1.252640 -0.068924 1.089648 / dir = -1.000000 / l_pyr = 0.031385
Debug   : vH = 6513 / nTets = 6 / pp.size() = 6 / 1.140158 -0.052816 1.114576 -> 1.140822 -0.044440 1.102712 / dir = -1.000000 / l_pyr = 0.029076
Debug   : vH = 6511 / nTets = 4 / pp.size() = 4 / 1.030749 -0.030512 1.125544 -> 1.031437 -0.022279 1.115110 / dir = -1.000000 / l_pyr = 0.026619
Debug   : vH = 6507 / nTets = 4 / pp.size() = 4 / 0.929044 -0.011126 1.135421 -> 0.929734 -0.003150 1.126359 / dir = -1.000000 / l_pyr = 0.024185
Debug   : vH = 6505 / nTets = 6 / pp.size() = 6 / 0.838844 0.005043 1.143970 -> 0.839526 0.012702 1.136154 / dir = -1.000000 / l_pyr = 0.021930
Debug   : vH = 6503 / nTets = 4 / pp.size() = 4 / 0.762139 0.018075 1.151114 -> 0.762810 0.025407 1.144375 / dir = -1.000000 / l_pyr = 0.019961
Debug   : vH = 6500 / nTets = 4 / pp.size() = 4 / 0.699206 0.028293 1.156903 -> 0.699867 0.035319 1.151059 / dir = -1.000000 / l_pyr = 0.018326
Debug   : vH = 6498 / nTets = 4 / pp.size() = 4 / 0.649056 0.036134 1.161474 -> 0.649708 0.042897 1.156350 / dir = -1.000000 / l_pyr = 0.017019
Debug   : vH = 6494 / nTets = 6 / pp.size() = 6 / 0.610015 0.042059 1.165012 -> 0.610660 0.048603 1.160451 / dir = -1.000000 / l_pyr = 0.016007
Debug   : vH = 6490 / nTets = 8 / pp.size() = 8 / 1.767433 -0.253155 1.029547 -> 1.767430 -0.247819 1.012944 / dir = -1.000000 / l_pyr = 0.034879
Debug   : vH = 6488 / nTets = 4 / pp.size() = 4 / 1.729584 -0.240786 1.034001 -> 1.729718 -0.234855 1.017035 / dir = -1.000000 / l_pyr = 0.035946
Debug   : vH = 6486 / nTets = 4 / pp.size() = 4 / 1.680945 -0.225282 1.039631 -> 1.681234 -0.218882 1.022982 / dir = -1.000000 / l_pyr = 0.035676
Debug   : vH = 6482 / nTets = 6 / pp.size() = 6 / 1.619820 -0.206397 1.046567 -> 1.620269 -0.199491 1.030358 / dir = -1.000000 / l_pyr = 0.035249
Debug   : vH = 6479 / nTets = 6 / pp.size() = 6 / 1.545145 -0.184177 1.054860 -> 1.545746 -0.176766 1.039247 / dir = -1.000000 / l_pyr = 0.034587
Debug   : vH = 6476 / nTets = 6 / pp.size() = 6 / 1.457006 -0.159088 1.064432 -> 1.457737 -0.151229 1.049599 / dir = -1.000000 / l_pyr = 0.033603
Debug   : vH = 6473 / nTets = 8 / pp.size() = 8 / 1.357131 -0.132040 1.075051 -> 1.357955 -0.123853 1.061196 / dir = -1.000000 / l_pyr = 0.032229
Debug   : vH = 6471 / nTets = 4 / pp.size() = 4 / 1.249053 -0.104312 1.086334 -> 1.249930 -0.095959 1.073638 / dir = -1.000000 / l_pyr = 0.030446
Debug   : vH = 6469 / nTets = 6 / pp.size() = 6 / 1.137781 -0.077316 1.097791 -> 1.138677 -0.068973 1.086387 / dir = -1.000000 / l_pyr = 0.028318
Debug   : vH = 6465 / nTets = 6 / pp.size() = 6 / 1.028981 -0.052321 1.108906 -> 1.029871 -0.044145 1.098847 / dir = -1.000000 / l_pyr = 0.025986
Debug   : vH = 6463 / nTets = 6 / pp.size() = 6 / 0.927842 -0.030242 1.119207 -> 0.928716 -0.022341 1.110463 / dir = -1.000000 / l_pyr = 0.023634
Debug   : vH = 6460 / nTets = 6 / pp.size() = 6 / 0.838130 -0.011531 1.128352 -> 0.838985 -0.003960 1.120819 / dir = -1.000000 / l_pyr = 0.021429
Debug   : vH = 6458 / nTets = 4 / pp.size() = 4 / 0.761817 0.003775 1.136159 -> 0.762655 0.011011 1.129684 / dir = -1.000000 / l_pyr = 0.019493
Debug   : vH = 6456 / nTets = 4 / pp.size() = 4 / 0.699181 0.015932 1.142594 -> 0.700008 0.022860 1.137004 / dir = -1.000000 / l_pyr = 0.017880
Debug   : vH = 6452 / nTets = 6 / pp.size() = 6 / 0.649245 0.025368 1.147745 -> 0.650062 0.032030 1.142870 / dir = -1.000000 / l_pyr = 0.016591
Debug   : vH = 6448 / nTets = 4 / pp.size() = 4 / 0.610353 0.032561 1.151772 -> 0.611164 0.039004 1.147458 / dir = -1.000000 / l_pyr = 0.015593
Debug   : vH = 6444 / nTets = 4 / pp.size() = 4 / 1.762112 -0.285644 1.018803 -> 1.762648 -0.280051 1.003252 / dir = -1.000000 / l_pyr = 0.033070
Debug   : vH = 6440 / nTets = 8 / pp.size() = 8 / 1.724327 -0.272990 1.022505 -> 1.724965 -0.267006 1.007061 / dir = -1.000000 / l_pyr = 0.033152
Debug   : vH = 6438 / nTets = 4 / pp.size() = 4 / 1.675793 -0.257069 1.027252 -> 1.676542 -0.250628 1.011967 / dir = -1.000000 / l_pyr = 0.033206
Debug   : vH = 6436 / nTets = 4 / pp.size() = 4 / 1.614831 -0.237579 1.033208 -> 1.615690 -0.230660 1.018216 / dir = -1.000000 / l_pyr = 0.033068
Debug   : vH = 6433 / nTets = 4 / pp.size() = 4 / 1.540398 -0.214499 1.040490 -> 1.541356 -0.207109 1.025936 / dir = -1.000000 / l_pyr = 0.032702
Debug   : vH = 6430 / nTets = 8 / pp.size() = 8 / 1.452602 -0.188227 1.049120 -> 1.453634 -0.180429 1.035187 / dir = -1.000000 / l_pyr = 0.032001
Debug   : vH = 6428 / nTets = 4 / pp.size() = 4 / 1.353178 -0.159623 1.058983 -> 1.354254 -0.151535 1.045877 / dir = -1.000000 / l_pyr = 0.030876
Debug   : vH = 6425 / nTets = 4 / pp.size() = 4 / 1.245651 -0.129954 1.069797 -> 1.246738 -0.121737 1.057718 / dir = -1.000000 / l_pyr = 0.029299
Debug   : vH = 6423 / nTets = 4 / pp.size() = 4 / 1.134999 -0.100687 1.081128 -> 1.136073 -0.092509 1.070231 / dir = -1.000000 / l_pyr = 0.027333
Debug   : vH = 6421 / nTets = 4 / pp.size() = 4 / 1.026838 -0.073209 1.092446 -> 1.027887 -0.065217 1.082810 / dir = -1.000000 / l_pyr = 0.025125
Debug   : vH = 6419 / nTets = 4 / pp.size() = 4 / 0.926306 -0.048593 1.103210 -> 0.927327 -0.040886 1.094825 / dir = -1.000000 / l_pyr = 0.022869
Debug   : vH = 6416 / nTets = 6 / pp.size() = 6 / 0.837126 -0.027453 1.112972 -> 0.838123 -0.020075 1.105752 / dir = -1.000000 / l_pyr = 0.020742
Debug   : vH = 6413 / nTets = 6 / pp.size() = 6 / 0.761247 -0.009950 1.121451 -> 0.762227 -0.002902 1.115255 / dir = -1.000000 / l_pyr = 0.018871
Debug   : vH = 6411 / nTets = 4 / pp.size() = 4 / 0.698945 0.004097 1.128531 -> 0.699914 0.010845 1.123197 / dir = -1.000000 / l_pyr = 0.017312
Debug   : vH = 6409 / nTets = 4 / pp.size() = 4 / 0.649252 0.015092 1.134255 -> 0.650214 0.021583 1.129619 / dir = -1.000000 / l_pyr = 0.016069
Debug   : vH = 6405 / nTets = 8 / pp.size() = 8 / 0.610531 0.023532 1.138763 -> 0.611489 0.029812 1.134675 / dir = -1.000000 / l_pyr = 0.015109
Debug   : vH = 6401 / nTets = 8 / pp.size() = 8 / 1.756775 -0.314860 1.007957 -> 1.757665 -0.309424 0.994000 / dir = -1.000000 / l_pyr = 0.030009
Debug   : vH = 6397 / nTets = 6 / pp.size() = 6 / 1.719011 -0.302117 1.010941 -> 1.719974 -0.296312 0.996999 / dir = -1.000000 / l_pyr = 0.030268
Debug   : vH = 6394 / nTets = 4 / pp.size() = 4 / 1.670529 -0.286014 1.014851 -> 1.671571 -0.279777 1.000951 / dir = -1.000000 / l_pyr = 0.030541
Debug   : vH = 6391 / nTets = 6 / pp.size() = 6 / 1.609674 -0.266190 1.019885 -> 1.610793 -0.259477 1.006084 / dir = -1.000000 / l_pyr = 0.030777
Debug   : vH = 6388 / nTets = 6 / pp.size() = 6 / 1.535428 -0.242548 1.026228 -> 1.536612 -0.235366 1.012661 / dir = -1.000000 / l_pyr = 0.030793
Debug   : vH = 6386 / nTets = 4 / pp.size() = 4 / 1.447924 -0.215402 1.033996 -> 1.449145 -0.207843 1.020902 / dir = -1.000000 / l_pyr = 0.030337
Debug   : vH = 6383 / nTets = 6 / pp.size() = 6 / 1.348914 -0.185542 1.043186 -> 1.350144 -0.177724 1.030783 / dir = -1.000000 / l_pyr = 0.029425
Debug   : vH = 6380 / nTets = 6 / pp.size() = 6 / 1.241919 -0.154209 1.053609 -> 1.243134 -0.146288 1.042114 / dir = -1.000000 / l_pyr = 0.028025
Debug   : vH = 6376 / nTets = 6 / pp.size() = 6 / 1.131887 -0.122909 1.064877 -> 1.133071 -0.115045 1.054466 / dir = -1.000000 / l_pyr = 0.026201
Debug   : vH = 6374 / nTets = 4 / pp.size() = 4 / 1.024383 -0.093144 1.076439 -> 1.025532 -0.085473 1.067210 / dir = -1.000000 / l_pyr = 0.024112
Debug   : vH = 6371 / nTets = 4 / pp.size() = 4 / 0.924488 -0.066148 1.087682 -> 0.925606 -0.058756 1.079643 / dir = -1.000000 / l_pyr = 0.021956
Debug   : vH = 6369 / nTets = 4 / pp.size() = 4 / 0.835875 -0.042698 1.098060 -> 0.836972 -0.035624 1.091137 / dir = -1.000000 / l_pyr = 0.019918
Debug   : vH = 6367 / nTets = 4 / pp.size() = 4 / 0.760466 -0.023091 1.107192 -> 0.761549 -0.016329 1.101255 / dir = -1.000000 / l_pyr = 0.018126
Debug   : vH = 6365 / nTets = 4 / pp.size() = 4 / 0.698529 -0.007224 1.114893 -> 0.699606 -0.000745 1.109789 / dir = -1.000000 / l_pyr = 0.016636
Debug   : vH = 6363 / nTets = 4 / pp.size() = 4 / 0.649105 0.005279 1.121163 -> 0.650179 0.011518 1.116734 / dir = -1.000000 / l_pyr = 0.015452
Debug   : vH = 6359 / nTets = 4 / pp.size() = 4 / 0.610575 0.014925 1.126126 -> 0.611648 0.020968 1.122229 / dir = -1.000000 / l_pyr = 0.014541
Debug   : vH = 6354 / nTets = 4 / pp.size() = 4 / 1.751510 -0.341170 0.997427 -> 1.752583 -0.336074 0.984815 / dir = -1.000000 / l_pyr = 0.027288
Debug   : vH = 6351 / nTets = 4 / pp.size() = 4 / 1.713713 -0.328541 0.999713 -> 1.714842 -0.323084 0.987010 / dir = -1.000000 / l_pyr = 0.027742
Debug   : vH = 6349 / nTets = 4 / pp.size() = 4 / 1.665223 -0.312494 1.002812 -> 1.666412 -0.306618 0.990026 / dir = -1.000000 / l_pyr = 0.028243
Debug   : vH = 6347 / nTets = 4 / pp.size() = 4 / 1.604409 -0.292606 1.006959 -> 1.605656 -0.286264 0.994129 / dir = -1.000000 / l_pyr = 0.028732
Debug   : vH = 6345 / nTets = 4 / pp.size() = 4 / 1.530285 -0.268690 1.012407 -> 1.531579 -0.261865 0.999613 / dir = -1.000000 / l_pyr = 0.029117
Debug   : vH = 6343 / nTets = 4 / pp.size() = 4 / 1.443015 -0.240956 1.019368 -> 1.444330 -0.233733 1.006846 / dir = -1.000000 / l_pyr = 0.029031
Debug   : vH = 6340 / nTets = 4 / pp.size() = 4 / 1.344376 -0.210108 1.027941 -> 1.345681 -0.202640 1.015995 / dir = -1.000000 / l_pyr = 0.028296
Debug   : vH = 6338 / nTets = 4 / pp.size() = 4 / 1.237890 -0.177344 1.038023 -> 1.239165 -0.169785 1.026897 / dir = -1.000000 / l_pyr = 0.027022
Debug   : vH = 6336 / nTets = 4 / pp.size() = 4 / 1.128475 -0.144205 1.049262 -> 1.129713 -0.136709 1.039156 / dir = -1.000000 / l_pyr = 0.025287
Debug   : vH = 6334 / nTets = 6 / pp.size() = 6 / 1.021644 -0.112307 1.061085 -> 1.022846 -0.105001 1.052115 / dir = -1.000000 / l_pyr = 0.023262
Debug   : vH = 6331 / nTets = 6 / pp.size() = 6 / 0.922413 -0.083051 1.072803 -> 0.923588 -0.076015 1.064989 / dir = -1.000000 / l_pyr = 0.021161
Debug   : vH = 6328 / nTets = 6 / pp.size() = 6 / 0.834402 -0.057387 1.083773 -> 0.835561 -0.050653 1.077048 / dir = -1.000000 / l_pyr = 0.019176
Debug   : vH = 6326 / nTets = 4 / pp.size() = 4 / 0.759495 -0.035752 1.093524 -> 0.760648 -0.029311 1.087764 / dir = -1.000000 / l_pyr = 0.017436
Debug   : vH = 6323 / nTets = 6 / pp.size() = 6 / 0.697952 -0.018128 1.101809 -> 0.699105 -0.011950 1.096861 / dir = -1.000000 / l_pyr = 0.015997
Debug   : vH = 6320 / nTets = 6 / pp.size() = 6 / 0.648821 -0.004168 1.108588 -> 0.649978 0.001788 1.104300 / dir = -1.000000 / l_pyr = 0.014858
Debug   : vH = 6316 / nTets = 8 / pp.size() = 8 / 0.610501 0.006647 1.113973 -> 0.611660 0.012421 1.110203 / dir = -1.000000 / l_pyr = 0.013986
Debug   : vH = 6312 / nTets = 4 / pp.size() = 4 / 1.746356 -0.365036 0.987715 -> 1.747446 -0.360547 0.976247 / dir = -1.000000 / l_pyr = 0.024725
Debug   : vH = 6309 / nTets = 10 / pp.size() = 10 / 1.708467 -0.352728 0.989303 -> 1.709605 -0.347882 0.977642 / dir = -1.000000 / l_pyr = 0.025358
Debug   : vH = 6307 / nTets = 4 / pp.size() = 4 / 1.659902 -0.336981 0.991593 -> 1.661092 -0.331715 0.979730 / dir = -1.000000 / l_pyr = 0.026068
Debug   : vH = 6304 / nTets = 4 / pp.size() = 4 / 1.599058 -0.317294 0.994860 -> 1.600296 -0.311561 0.982818 / dir = -1.000000 / l_pyr = 0.026788
Debug   : vH = 6299 / nTets = 6 / pp.size() = 6 / 1.524985 -0.293375 0.999423 -> 1.526263 -0.287155 0.987277 / dir = -1.000000 / l_pyr = 0.027412
Debug   : vH = 6297 / nTets = 4 / pp.size() = 4 / 1.437889 -0.265315 1.005586 -> 1.439191 -0.258636 0.993496 / dir = -1.000000 / l_pyr = 0.027748
Debug   : vH = 6294 / nTets = 4 / pp.size() = 4 / 1.339576 -0.233706 1.013552 -> 1.340865 -0.226771 1.001946 / dir = -1.000000 / l_pyr = 0.027163
Debug   : vH = 6292 / nTets = 4 / pp.size() = 4 / 1.233575 -0.199696 1.023296 -> 1.234835 -0.192653 1.012444 / dir = -1.000000 / l_pyr = 0.025998
Debug   : vH = 6290 / nTets = 4 / pp.size() = 4 / 1.124778 -0.164856 1.034500 -> 1.126005 -0.157855 1.024623 / dir = -1.000000 / l_pyr = 0.024338
Debug   : vH = 6288 / nTets = 4 / pp.size() = 4 / 1.018638 -0.130927 1.046561 -> 1.019838 -0.124089 1.037790 / dir = -1.000000 / l_pyr = 0.022372
Debug   : vH = 6285 / nTets = 4 / pp.size() = 4 / 0.920101 -0.099488 1.058716 -> 0.921286 -0.092890 1.051078 / dir = -1.000000 / l_pyr = 0.020326
Debug   : vH = 6283 / nTets = 4 / pp.size() = 4 / 0.832723 -0.071674 1.070231 -> 0.833905 -0.065345 1.063660 / dir = -1.000000 / l_pyr = 0.018398
Debug   : vH = 6279 / nTets = 6 / pp.size() = 6 / 0.758351 -0.048066 1.080551 -> 0.759538 -0.042000 1.074925 / dir = -1.000000 / l_pyr = 0.016716
Debug   : vH = 6277 / nTets = 4 / pp.size() = 4 / 0.697231 -0.028732 1.089367 -> 0.698427 -0.022902 1.084535 / dir = -1.000000 / l_pyr = 0.015333
Debug   : vH = 6275 / nTets = 4 / pp.size() = 4 / 0.648416 -0.013357 1.096610 -> 0.649622 -0.007726 1.092418 / dir = -1.000000 / l_pyr = 0.014245
Debug   : vH = 6272 / nTets = 4 / pp.size() = 4 / 0.610324 -0.001411 1.102377 -> 0.611537 0.004058 1.098689 / dir = -1.000000 / l_pyr = 0.013415
Debug   : vH = 6266 / nTets = 8 / pp.size() = 8 / 1.741412 -0.386496 0.979898 -> 1.742266 -0.383304 0.969686 / dir = -1.000000 / l_pyr = 0.021466
Debug   : vH = 6264 / nTets = 4 / pp.size() = 4 / 1.703398 -0.374581 0.980818 -> 1.704293 -0.371060 0.970441 / dir = -1.000000 / l_pyr = 0.021989
Debug   : vH = 6262 / nTets = 4 / pp.size() = 4 / 1.654718 -0.359221 0.982331 -> 1.655656 -0.355312 0.971780 / dir = -1.000000 / l_pyr = 0.022582
Debug   : vH = 6259 / nTets = 4 / pp.size() = 4 / 1.593796 -0.339845 0.984740 -> 1.594777 -0.335497 0.974032 / dir = -1.000000 / l_pyr = 0.023197
Debug   : vH = 6257 / nTets = 6 / pp.size() = 6 / 1.519722 -0.316057 0.988424 -> 1.520742 -0.311240 0.977619 / dir = -1.000000 / l_pyr = 0.023749
Debug   : vH = 6255 / nTets = 4 / pp.size() = 4 / 1.432745 -0.287824 0.993771 -> 1.433798 -0.282541 0.982985 / dir = -1.000000 / l_pyr = 0.024113
Debug   : vH = 6253 / nTets = 6 / pp.size() = 6 / 1.334708 -0.255631 1.001074 -> 1.335770 -0.250021 0.990660 / dir = -1.000000 / l_pyr = 0.023752
Debug   : vH = 6250 / nTets = 6 / pp.size() = 6 / 1.229151 -0.220565 1.010388 -> 1.230212 -0.214754 1.000595 / dir = -1.000000 / l_pyr = 0.022872
Debug   : vH = 6247 / nTets = 6 / pp.size() = 6 / 1.120941 -0.184227 1.021425 -> 1.122003 -0.178340 1.012451 / dir = -1.000000 / l_pyr = 0.021571
Debug   : vH = 6244 / nTets = 6 / pp.size() = 6 / 1.015477 -0.148471 1.033569 -> 1.016545 -0.142616 1.025535 / dir = -1.000000 / l_pyr = 0.019997
Debug   : vH = 6242 / nTets = 4 / pp.size() = 4 / 0.917631 -0.115046 1.045996 -> 0.918716 -0.109300 1.038935 / dir = -1.000000 / l_pyr = 0.018336
Debug   : vH = 6240 / nTets = 6 / pp.size() = 6 / 0.830894 -0.085261 1.057893 -> 0.832003 -0.079664 1.051760 / dir = -1.000000 / l_pyr = 0.016754
Debug   : vH = 6238 / nTets = 4 / pp.size() = 4 / 0.757070 -0.059836 1.068634 -> 0.758207 -0.054399 1.063328 / dir = -1.000000 / l_pyr = 0.015364
Debug   : vH = 6236 / nTets = 4 / pp.size() = 4 / 0.696386 -0.038926 1.077855 -> 0.697551 -0.033639 1.073250 / dir = -1.000000 / l_pyr = 0.014215
Debug   : vH = 6234 / nTets = 4 / pp.size() = 4 / 0.647903 -0.022241 1.085456 -> 0.649091 -0.017086 1.081421 / dir = -1.000000 / l_pyr = 0.013307
Debug   : vH = 6229 / nTets = 6 / pp.size() = 6 / 0.610052 -0.009248 1.091523 -> 0.611259 -0.004203 1.087937 / dir = -1.000000 / l_pyr = 0.012613
Debug   : vH = 6224 / nTets = 4 / pp.size() = 4 / 1.736864 -0.405120 0.975264 -> 1.737322 -0.403689 0.966532 / dir = -1.000000 / l_pyr = 0.017721
Debug   : vH = 6220 / nTets = 8 / pp.size() = 8 / 1.698744 -0.393443 0.975590 -> 1.699235 -0.391710 0.966807 / dir = -1.000000 / l_pyr = 0.017931
Debug   : vH = 6218 / nTets = 6 / pp.size() = 6 / 1.649963 -0.378313 0.976394 -> 1.650493 -0.376222 0.967567 / dir = -1.000000 / l_pyr = 0.018174
Debug   : vH = 6215 / nTets = 4 / pp.size() = 4 / 1.588969 -0.359110 0.978000 -> 1.589541 -0.356606 0.969147 / dir = -1.000000 / l_pyr = 0.018435
Debug   : vH = 6213 / nTets = 4 / pp.size() = 4 / 1.514882 -0.335367 0.980823 -> 1.515500 -0.332411 0.971986 / dir = -1.000000 / l_pyr = 0.018675
Debug   : vH = 6210 / nTets = 4 / pp.size() = 4 / 1.427992 -0.306963 0.985314 -> 1.428657 -0.303541 0.976565 / dir = -1.000000 / l_pyr = 0.018836
Debug   : vH = 6208 / nTets = 4 / pp.size() = 4 / 1.330174 -0.274302 0.991842 -> 1.330881 -0.270477 0.983388 / dir = -1.000000 / l_pyr = 0.018613
Debug   : vH = 6206 / nTets = 4 / pp.size() = 4 / 1.224984 -0.238425 1.000531 -> 1.225732 -0.234269 0.992519 / dir = -1.000000 / l_pyr = 0.018115
Debug   : vH = 6204 / nTets = 4 / pp.size() = 4 / 1.117275 -0.200940 1.011140 -> 1.118069 -0.196544 1.003701 / dir = -1.000000 / l_pyr = 0.017355
Debug   : vH = 6202 / nTets = 4 / pp.size() = 4 / 1.012401 -0.163776 1.023058 -> 1.013245 -0.159231 1.016282 / dir = -1.000000 / l_pyr = 0.016406
Debug   : vH = 6200 / nTets = 4 / pp.size() = 4 / 0.915175 -0.128802 1.035433 -> 0.916074 -0.124185 1.029356 / dir = -1.000000 / l_pyr = 0.015371
Debug   : vH = 6198 / nTets = 4 / pp.size() = 4 / 0.829028 -0.097459 1.047405 -> 0.829984 -0.092824 1.042006 / dir = -1.000000 / l_pyr = 0.014358
Debug   : vH = 6196 / nTets = 6 / pp.size() = 6 / 0.755719 -0.070578 1.058292 -> 0.756730 -0.065959 1.053512 / dir = -1.000000 / l_pyr = 0.013447
Debug   : vH = 6193 / nTets = 6 / pp.size() = 6 / 0.695458 -0.048385 1.067687 -> 0.696518 -0.043797 1.063441 / dir = -1.000000 / l_pyr = 0.012681
Debug   : vH = 6190 / nTets = 6 / pp.size() = 6 / 0.647303 -0.030625 1.075459 -> 0.648403 -0.026074 1.071655 / dir = -1.000000 / l_pyr = 0.012065
Debug   : vH = 6187 / nTets = 4 / pp.size() = 4 / 0.609696 -0.016763 1.081679 -> 0.610829 -0.012247 1.078229 / dir = -1.000000 / l_pyr = 0.011590
Debug   : vH = 6183 / nTets = 4 / pp.size() = 4 / 1.732808 -0.420904 0.973887 -> 1.732954 -0.420838 0.966411 / dir = -1.000000 / l_pyr = 0.014955
Debug   : vH = 6181 / nTets = 4 / pp.size() = 4 / 1.694609 -0.409310 0.973671 -> 1.694786 -0.408952 0.966170 / dir = -1.000000 / l_pyr = 0.015025
Debug   : vH = 6179 / nTets = 6 / pp.size() = 6 / 1.645751 -0.394249 0.973818 -> 1.645966 -0.393538 0.966300 / dir = -1.000000 / l_pyr = 0.015109
Debug   : vH = 6176 / nTets = 8 / pp.size() = 8 / 1.584701 -0.375072 0.974652 -> 1.584961 -0.373948 0.967137 / dir = -1.000000 / l_pyr = 0.015205
Debug   : vH = 6174 / nTets = 6 / pp.size() = 6 / 1.510602 -0.351272 0.976612 -> 1.510916 -0.349686 0.969138 / dir = -1.000000 / l_pyr = 0.015295
Debug   : vH = 6172 / nTets = 4 / pp.size() = 4 / 1.423775 -0.322679 0.980195 -> 1.424148 -0.320606 0.972822 / dir = -1.000000 / l_pyr = 0.015335
Debug   : vH = 6170 / nTets = 4 / pp.size() = 4 / 1.326124 -0.289644 0.985827 -> 1.326563 -0.287104 0.978680 / dir = -1.000000 / l_pyr = 0.015195
Debug   : vH = 6168 / nTets = 4 / pp.size() = 4 / 1.221223 -0.253175 0.993699 -> 1.221730 -0.250215 0.986881 / dir = -1.000000 / l_pyr = 0.014900
Debug   : vH = 6166 / nTets = 4 / pp.size() = 4 / 1.113917 -0.214878 1.003626 -> 1.114499 -0.211572 0.997231 / dir = -1.000000 / l_pyr = 0.014444
Debug   : vH = 6164 / nTets = 4 / pp.size() = 4 / 1.009532 -0.176721 1.015025 -> 1.010190 -0.173153 1.009120 / dir = -1.000000 / l_pyr = 0.013861
Debug   : vH = 6162 / nTets = 4 / pp.size() = 4 / 0.912831 -0.140644 1.027046 -> 0.913567 -0.136894 1.021659 / dir = -1.000000 / l_pyr = 0.013210
Debug   : vH = 6159 / nTets = 4 / pp.size() = 4 / 0.827198 -0.108177 1.038803 -> 0.828008 -0.104308 1.033923 / dir = -1.000000 / l_pyr = 0.012560
Debug   : vH = 6157 / nTets = 4 / pp.size() = 4 / 0.754351 -0.080229 1.049579 -> 0.755229 -0.076288 1.045165 / dir = -1.000000 / l_pyr = 0.011965
Debug   : vH = 6155 / nTets = 4 / pp.size() = 4 / 0.694480 -0.057084 1.058933 -> 0.695416 -0.053102 1.054922 / dir = -1.000000 / l_pyr = 0.011456
Debug   : vH = 6153 / nTets = 4 / pp.size() = 4 / 0.646637 -0.038514 1.066703 -> 0.647621 -0.034511 1.063029 / dir = -1.000000 / l_pyr = 0.011042
Debug   : vH = 6149 / nTets = 4 / pp.size() = 4 / 0.609271 -0.023989 1.072939 -> 0.610292 -0.019976 1.069537 / dir = -1.000000 / l_pyr = 0.010719
Debug   : vH = 6142 / nTets = 8 / pp.size() = 8 / 1.729204 -0.434334 0.974767 -> 1.729169 -0.435103 0.968361 / dir = -1.000000 / l_pyr = 0.012904
Debug   : vH = 6139 / nTets = 6 / pp.size() = 6 / 1.690920 -0.422826 0.974041 -> 1.690914 -0.423317 0.967570 / dir = -1.000000 / l_pyr = 0.012978
Debug   : vH = 6136 / nTets = 4 / pp.size() = 4 / 1.641977 -0.407846 0.973556 -> 1.642006 -0.407998 0.967021 / dir = -1.000000 / l_pyr = 0.013074
Debug   : vH = 6134 / nTets = 4 / pp.size() = 4 / 1.580853 -0.388725 0.973638 -> 1.580925 -0.388478 0.967048 / dir = -1.000000 / l_pyr = 0.013189
Debug   : vH = 6131 / nTets = 6 / pp.size() = 6 / 1.506716 -0.364925 0.974738 -> 1.506838 -0.364226 0.968119 / dir = -1.000000 / l_pyr = 0.013314
Debug   : vH = 6129 / nTets = 4 / pp.size() = 4 / 1.419914 -0.336236 0.977385 -> 1.420093 -0.335051 0.970779 / dir = -1.000000 / l_pyr = 0.013427
Debug   : vH = 6126 / nTets = 6 / pp.size() = 6 / 1.322380 -0.302967 0.982059 -> 1.322624 -0.301293 0.975547 / dir = -1.000000 / l_pyr = 0.013456
Debug   : vH = 6124 / nTets = 4 / pp.size() = 4 / 1.217704 -0.266095 0.989013 -> 1.218018 -0.263972 0.982722 / dir = -1.000000 / l_pyr = 0.013293
Debug   : vH = 6121 / nTets = 6 / pp.size() = 6 / 1.110732 -0.227221 0.998121 -> 1.111122 -0.224710 0.992144 / dir = -1.000000 / l_pyr = 0.012989
Debug   : vH = 6118 / nTets = 6 / pp.size() = 6 / 1.006764 -0.188335 1.008842 -> 1.007235 -0.185513 1.003248 / dir = -1.000000 / l_pyr = 0.012567
Debug   : vH = 6115 / nTets = 6 / pp.size() = 6 / 0.910525 -0.151433 1.020341 -> 0.911079 -0.148376 1.015163 / dir = -1.000000 / l_pyr = 0.012075
Debug   : vH = 6113 / nTets = 4 / pp.size() = 4 / 0.825355 -0.118110 1.031721 -> 0.825988 -0.114885 1.026960 / dir = -1.000000 / l_pyr = 0.011571
Debug   : vH = 6109 / nTets = 6 / pp.size() = 6 / 0.752936 -0.089340 1.042240 -> 0.753642 -0.085997 1.037866 / dir = -1.000000 / l_pyr = 0.011101
Debug   : vH = 6107 / nTets = 4 / pp.size() = 4 / 0.693433 -0.065453 1.051426 -> 0.694203 -0.062029 1.047391 / dir = -1.000000 / l_pyr = 0.010695
Debug   : vH = 6105 / nTets = 4 / pp.size() = 4 / 0.645892 -0.046247 1.059090 -> 0.646714 -0.042768 1.055341 / dir = -1.000000 / l_pyr = 0.010362
Debug   : vH = 6101 / nTets = 6 / pp.size() = 6 / 0.608764 -0.031200 1.065263 -> 0.609627 -0.027683 1.061743 / dir = -1.000000 / l_pyr = 0.010099
Debug   : vH = 6096 / nTets = 4 / pp.size() = 4 / 1.726014 -0.445783 0.977021 -> 1.725873 -0.447067 0.971554 / dir = -1.000000 / l_pyr = 0.011236
Debug   : vH = 6093 / nTets = 4 / pp.size() = 4 / 1.687620 -0.434447 0.975819 -> 1.687505 -0.435475 0.970235 / dir = -1.000000 / l_pyr = 0.011358
Debug   : vH = 6091 / nTets = 6 / pp.size() = 6 / 1.638560 -0.419656 0.974744 -> 1.638475 -0.420373 0.969031 / dir = -1.000000 / l_pyr = 0.011518
Debug   : vH = 6089 / nTets = 4 / pp.size() = 4 / 1.577324 -0.400725 0.974118 -> 1.577273 -0.401075 0.968272 / dir = -1.000000 / l_pyr = 0.011714
Debug   : vH = 6087 / nTets = 4 / pp.size() = 4 / 1.503103 -0.377082 0.974403 -> 1.503090 -0.377019 0.968435 / dir = -1.000000 / l_pyr = 0.011937
Debug   : vH = 6084 / nTets = 6 / pp.size() = 6 / 1.416272 -0.348476 0.976154 -> 1.416300 -0.347967 0.970095 / dir = -1.000000 / l_pyr = 0.012159
Debug   : vH = 6082 / nTets = 4 / pp.size() = 4 / 1.318796 -0.315170 0.979895 -> 1.318869 -0.314203 0.973803 / dir = -1.000000 / l_pyr = 0.012337
Debug   : vH = 6080 / nTets = 4 / pp.size() = 4 / 1.214285 -0.278100 0.985937 -> 1.214411 -0.276696 0.979922 / dir = -1.000000 / l_pyr = 0.012356
Debug   : vH = 6078 / nTets = 4 / pp.size() = 4 / 1.107588 -0.238853 0.994207 -> 1.107775 -0.237066 0.988409 / dir = -1.000000 / l_pyr = 0.012140
Debug   : vH = 6076 / nTets = 4 / pp.size() = 4 / 1.003988 -0.199435 1.004204 -> 1.004244 -0.197327 0.998706 / dir = -1.000000 / l_pyr = 0.011789
Debug   : vH = 6074 / nTets = 4 / pp.size() = 4 / 0.908174 -0.161887 1.015114 -> 0.908506 -0.159524 1.009962 / dir = -1.000000 / l_pyr = 0.011356
Debug   : vH = 6072 / nTets = 4 / pp.size() = 4 / 0.823439 -0.127867 1.026038 -> 0.823850 -0.125307 1.021244 / dir = -1.000000 / l_pyr = 0.010901
Debug   : vH = 6070 / nTets = 4 / pp.size() = 4 / 0.751431 -0.098408 1.036218 -> 0.751918 -0.095698 1.031765 / dir = -1.000000 / l_pyr = 0.010471
Debug   : vH = 6068 / nTets = 4 / pp.size() = 4 / 0.692291 -0.073889 1.045158 -> 0.692847 -0.071067 1.041008 / dir = -1.000000 / l_pyr = 0.010099
Debug   : vH = 6066 / nTets = 4 / pp.size() = 4 / 0.645052 -0.054136 1.052649 -> 0.645668 -0.051230 1.048756 / dir = -1.000000 / l_pyr = 0.009793
Debug   : vH = 6063 / nTets = 4 / pp.size() = 4 / 0.608165 -0.038634 1.058698 -> 0.608829 -0.035665 1.055015 / dir = -1.000000 / l_pyr = 0.009553
Debug   : vH = 6057 / nTets = 6 / pp.size() = 6 / 1.723182 -0.455630 0.980070 -> 1.722997 -0.457180 0.975322 / dir = -1.000000 / l_pyr = 0.009996
Debug   : vH = 6054 / nTets = 6 / pp.size() = 6 / 1.684646 -0.444584 0.978450 -> 1.684479 -0.445919 0.973520 / dir = -1.000000 / l_pyr = 0.010221
Debug   : vH = 6051 / nTets = 4 / pp.size() = 4 / 1.635428 -0.430125 0.976860 -> 1.635278 -0.431201 0.971721 / dir = -1.000000 / l_pyr = 0.010504
Debug   : vH = 6049 / nTets = 4 / pp.size() = 4 / 1.574033 -0.411546 0.975615 -> 1.573900 -0.412318 0.970252 / dir = -1.000000 / l_pyr = 0.010840
Debug   : vH = 6046 / nTets = 6 / pp.size() = 6 / 1.499674 -0.388240 0.975184 -> 1.499555 -0.388669 0.969598 / dir = -1.000000 / l_pyr = 0.011208
Debug   : vH = 6044 / nTets = 4 / pp.size() = 4 / 1.412758 -0.359906 0.976145 -> 1.412651 -0.359958 0.970364 / dir = -1.000000 / l_pyr = 0.011566
Debug   : vH = 6042 / nTets = 4 / pp.size() = 4 / 1.315282 -0.326749 0.979056 -> 1.315191 -0.326405 0.973140 / dir = -1.000000 / l_pyr = 0.011852
Debug   : vH = 6039 / nTets = 6 / pp.size() = 6 / 1.210883 -0.289656 0.984268 -> 1.210817 -0.288917 0.978330 / dir = -1.000000 / l_pyr = 0.011968
Debug   : vH = 6037 / nTets = 4 / pp.size() = 4 / 1.104418 -0.250190 0.991752 -> 1.104390 -0.249091 0.985984 / dir = -1.000000 / l_pyr = 0.011744
Debug   : vH = 6035 / nTets = 4 / pp.size() = 4 / 1.001151 -0.210371 1.001043 -> 1.001179 -0.208956 0.995538 / dir = -1.000000 / l_pyr = 0.011367
Debug   : vH = 6033 / nTets = 4 / pp.size() = 4 / 0.905736 -0.172286 1.011346 -> 0.905834 -0.170605 1.006160 / dir = -1.000000 / l_pyr = 0.010904
Debug   : vH = 6031 / nTets = 4 / pp.size() = 4 / 0.821424 -0.137658 1.021768 -> 0.821601 -0.135757 1.016919 / dir = -1.000000 / l_pyr = 0.010424
Debug   : vH = 6028 / nTets = 6 / pp.size() = 6 / 0.749822 -0.107582 1.031548 -> 0.750080 -0.105504 1.027020 / dir = -1.000000 / l_pyr = 0.009979
Debug   : vH = 6025 / nTets = 6 / pp.size() = 6 / 0.691044 -0.082488 1.040178 -> 0.691379 -0.080268 1.035934 / dir = -1.000000 / l_pyr = 0.009601
Debug   : vH = 6023 / nTets = 4 / pp.size() = 4 / 0.644109 -0.062231 1.047430 -> 0.644513 -0.059900 1.043429 / dir = -1.000000 / l_pyr = 0.009297
Debug   : vH = 6019 / nTets = 6 / pp.size() = 6 / 0.607469 -0.046309 1.053301 -> 0.607929 -0.043891 1.049497 / dir = -1.000000 / l_pyr = 0.009061
Debug   : vH = 495 / nTets = 10 / pp.size() = 10 / 1.720614 -0.464306 0.983605 -> 1.720398 -0.466064 0.979386 / dir = -1.000000 / l_pyr = 0.009151
Debug   : vH = 488 / nTets = 4 / pp.size() = 4 / 1.681895 -0.453699 0.981670 -> 1.681682 -0.455306 0.977191 / dir = -1.000000 / l_pyr = 0.009528
Debug   : vH = 482 / nTets = 4 / pp.size() = 4 / 1.632470 -0.439741 0.979684 -> 1.632256 -0.441164 0.974898 / dir = -1.000000 / l_pyr = 0.009995
Debug   : vH = 476 / nTets = 4 / pp.size() = 4 / 1.570862 -0.421697 0.977956 -> 1.570640 -0.422896 0.972844 / dir = -1.000000 / l_pyr = 0.010513
Debug   : vH = 467 / nTets = 4 / pp.size() = 4 / 1.496311 -0.398913 0.976956 -> 1.496074 -0.399849 0.971511 / dir = -1.000000 / l_pyr = 0.011059
Debug   : vH = 460 / nTets = 4 / pp.size() = 4 / 1.409258 -0.371019 0.977269 -> 1.409003 -0.371649 0.971531 / dir = -1.000000 / l_pyr = 0.011557
Debug   : vH = 454 / nTets = 4 / pp.size() = 4 / 1.311736 -0.338150 0.979473 -> 1.311466 -0.338436 0.973523 / dir = -1.000000 / l_pyr = 0.011927
Debug   : vH = 448 / nTets = 4 / pp.size() = 4 / 1.207412 -0.301135 0.983949 -> 1.207142 -0.301054 0.977946 / dir = -1.000000 / l_pyr = 0.012019
Debug   : vH = 439 / nTets = 6 / pp.size() = 6 / 1.101157 -0.261516 0.990700 -> 1.100914 -0.261075 0.984868 / dir = -1.000000 / l_pyr = 0.011708
Debug   : vH = 432 / nTets = 8 / pp.size() = 8 / 0.998214 -0.221336 0.999295 -> 0.998023 -0.220562 0.993736 / dir = -1.000000 / l_pyr = 0.011231
Debug   : vH = 424 / nTets = 8 / pp.size() = 8 / 0.903189 -0.182737 1.008966 -> 0.903072 -0.181671 1.003740 / dir = -1.000000 / l_pyr = 0.010669
Debug   : vH = 418 / nTets = 4 / pp.size() = 4 / 0.819296 -0.147516 1.018839 -> 0.819265 -0.146204 1.013957 / dir = -1.000000 / l_pyr = 0.010111
Debug   : vH = 412 / nTets = 4 / pp.size() = 4 / 0.748101 -0.116842 1.028158 -> 0.748159 -0.115325 1.023595 / dir = -1.000000 / l_pyr = 0.009619
Debug   : vH = 406 / nTets = 4 / pp.size() = 4 / 0.689684 -0.091192 1.036414 -> 0.689826 -0.089510 1.032134 / dir = -1.000000 / l_pyr = 0.009201
Debug   : vH = 399 / nTets = 4 / pp.size() = 4 / 0.643059 -0.070451 1.043371 -> 0.643275 -0.068637 1.039324 / dir = -1.000000 / l_pyr = 0.008881
Debug   : vH = 391 / nTets = 6 / pp.size() = 6 / 0.606669 -0.054127 1.049014 -> 0.606947 -0.052211 1.045156 / dir = -1.000000 / l_pyr = 0.008632
Debug   : vH = 377 / nTets = 6 / pp.size() = 6 / 1.649232 0.702685 1.339925 -> 1.650797 0.706127 1.346083 / dir = -1.000000 / l_pyr = 0.014453
Debug   : vH = 368 / nTets = 8 / pp.size() = 8 / 1.615143 0.687908 1.356238 -> 1.616673 0.691123 1.362396 / dir = -1.000000 / l_pyr = 0.014226
Debug   : vH = 361 / nTets = 4 / pp.size() = 4 / 1.571139 0.668897 1.376185 -> 1.572626 0.671826 1.382346 / dir = -1.000000 / l_pyr = 0.013965
Debug   : vH = 355 / nTets = 6 / pp.size() = 6 / 1.515549 0.644978 1.399632 -> 1.516977 0.647555 1.405789 / dir = -1.000000 / l_pyr = 0.013651
Debug   : vH = 349 / nTets = 4 / pp.size() = 4 / 1.447230 0.615725 1.425842 -> 1.448582 0.617885 1.431990 / dir = -1.000000 / l_pyr = 0.013311
Debug   : vH = 342 / nTets = 4 / pp.size() = 4 / 1.366053 0.581171 1.453363 -> 1.367310 0.582861 1.459500 / dir = -1.000000 / l_pyr = 0.012976
Debug   : vH = 337 / nTets = 4 / pp.size() = 4 / 1.273418 0.541999 1.480131 -> 1.274559 0.543182 1.486239 / dir = -1.000000 / l_pyr = 0.012650
Debug   : vH = 330 / nTets = 4 / pp.size() = 4 / 1.172488 0.499619 1.503878 -> 1.173498 0.500290 1.509947 / dir = -1.000000 / l_pyr = 0.012378
Debug   : vH = 325 / nTets = 4 / pp.size() = 4 / 1.067940 0.456041 1.522738 -> 1.068806 0.456226 1.528756 / dir = -1.000000 / l_pyr = 0.012166
Debug   : vH = 318 / nTets = 4 / pp.size() = 4 / 0.965160 0.413505 1.535791 -> 0.965880 0.413254 1.541743 / dir = -1.000000 / l_pyr = 0.012002
Debug   : vH = 312 / nTets = 4 / pp.size() = 4 / 0.869163 0.374041 1.543224 -> 0.869745 0.373421 1.549107 / dir = -1.000000 / l_pyr = 0.011888
Debug   : vH = 307 / nTets = 4 / pp.size() = 4 / 0.783673 0.339107 1.546084 -> 0.784132 0.338189 1.551895 / dir = -1.000000 / l_pyr = 0.011802
Debug   : vH = 300 / nTets = 4 / pp.size() = 4 / 0.710698 0.309438 1.545788 -> 0.711051 0.308287 1.551531 / dir = -1.000000 / l_pyr = 0.011735
Debug   : vH = 294 / nTets = 4 / pp.size() = 4 / 0.650608 0.285111 1.543689 -> 0.650874 0.283783 1.549373 / dir = -1.000000 / l_pyr = 0.011687
Debug   : vH = 286 / nTets = 4 / pp.size() = 4 / 0.602559 0.265726 1.540823 -> 0.602757 0.264266 1.546459 / dir = -1.000000 / l_pyr = 0.011652
Debug   : vH = 279 / nTets = 6 / pp.size() = 6 / 0.565037 0.250628 1.537860 -> 0.565182 0.249070 1.543453 / dir = -1.000000 / l_pyr = 0.011616
Debug   : vH = 8106 / nTets = 4 / pp.size() = 4 / 1.644283 0.714913 1.333807 -> 1.645743 0.718624 1.339844 / dir = -1.000000 / l_pyr = 0.014471
Debug   : vH = 8104 / nTets = 6 / pp.size() = 6 / 1.610279 0.700126 1.350499 -> 1.611716 0.703608 1.356553 / dir = -1.000000 / l_pyr = 0.014260
Debug   : vH = 8103 / nTets = 6 / pp.size() = 6 / 1.566370 0.681092 1.370932 -> 1.567773 0.684285 1.377005 / dir = -1.000000 / l_pyr = 0.014006
Debug   : vH = 8102 / nTets = 4 / pp.size() = 4 / 1.510880 0.657135 1.394984 -> 1.512237 0.659972 1.401075 / dir = -1.000000 / l_pyr = 0.013710
Debug   : vH = 8101 / nTets = 6 / pp.size() = 6 / 1.442662 0.627817 1.421922 -> 1.443953 0.630234 1.428029 / dir = -1.000000 / l_pyr = 0.013388
Debug   : vH = 8100 / nTets = 6 / pp.size() = 6 / 1.361572 0.593170 1.450276 -> 1.362777 0.595112 1.456393 / dir = -1.000000 / l_pyr = 0.013061
Debug   : vH = 8099 / nTets = 6 / pp.size() = 6 / 1.268993 0.553864 1.477950 -> 1.270089 0.555296 1.484067 / dir = -1.000000 / l_pyr = 0.012755
Debug   : vH = 8098 / nTets = 4 / pp.size() = 4 / 1.168081 0.511310 1.502622 -> 1.169047 0.512226 1.508724 / dir = -1.000000 / l_pyr = 0.012489
Debug   : vH = 8097 / nTets = 4 / pp.size() = 4 / 1.063512 0.467529 1.522365 -> 1.064335 0.467951 1.528432 / dir = -1.000000 / l_pyr = 0.012274
Debug   : vH = 8096 / nTets = 4 / pp.size() = 4 / 0.960684 0.424770 1.536205 -> 0.961359 0.424749 1.542220 / dir = -1.000000 / l_pyr = 0.012106
Debug   : vH = 8095 / nTets = 6 / pp.size() = 6 / 0.864625 0.385083 1.544299 -> 0.865159 0.384685 1.550250 / dir = -1.000000 / l_pyr = 0.011976
Debug   : vH = 8094 / nTets = 6 / pp.size() = 6 / 0.779069 0.349941 1.547687 -> 0.779478 0.349236 1.553568 / dir = -1.000000 / l_pyr = 0.011874
Debug   : vH = 8093 / nTets = 4 / pp.size() = 4 / 0.706042 0.320089 1.547797 -> 0.706343 0.319143 1.553609 / dir = -1.000000 / l_pyr = 0.011793
Debug   : vH = 8092 / nTets = 4 / pp.size() = 4 / 0.645917 0.295612 1.546002 -> 0.646131 0.294482 1.551751 / dir = -1.000000 / l_pyr = 0.011727
Debug   : vH = 8091 / nTets = 6 / pp.size() = 6 / 0.597843 0.276109 1.543360 -> 0.597990 0.274840 1.549056 / dir = -1.000000 / l_pyr = 0.011675
Debug   : vH = 8089 / nTets = 4 / pp.size() = 4 / 0.560309 0.260917 1.540561 -> 0.560402 0.259544 1.546213 / dir = -1.000000 / l_pyr = 0.011634
Debug   : vH = 8085 / nTets = 4 / pp.size() = 4 / 1.639376 0.726819 1.327013 -> 1.640680 0.730863 1.332886 / dir = -1.000000 / l_pyr = 0.014497
Debug   : vH = 8083 / nTets = 8 / pp.size() = 8 / 1.605441 0.712047 1.344089 -> 1.606728 0.715868 1.349991 / dir = -1.000000 / l_pyr = 0.014295
Debug   : vH = 8081 / nTets = 4 / pp.size() = 4 / 1.561611 0.693024 1.365013 -> 1.562871 0.696563 1.370950 / dir = -1.000000 / l_pyr = 0.014050
Debug   : vH = 8079 / nTets = 6 / pp.size() = 6 / 1.506203 0.669068 1.389676 -> 1.507424 0.672260 1.395650 / dir = -1.000000 / l_pyr = 0.013764
Debug   : vH = 8077 / nTets = 4 / pp.size() = 4 / 1.438060 0.639732 1.417347 -> 1.439224 0.642512 1.423360 / dir = -1.000000 / l_pyr = 0.013451
Debug   : vH = 8074 / nTets = 4 / pp.size() = 4 / 1.357028 0.605037 1.446542 -> 1.358112 0.607351 1.452588 / dir = -1.000000 / l_pyr = 0.013128
Debug   : vH = 8070 / nTets = 8 / pp.size() = 8 / 1.264478 0.565645 1.475130 -> 1.265458 0.567455 1.481202 / dir = -1.000000 / l_pyr = 0.012824
Debug   : vH = 8068 / nTets = 8 / pp.size() = 8 / 1.163559 0.522964 1.500734 -> 1.164413 0.524261 1.506816 / dir = -1.000000 / l_pyr = 0.012555
Debug   : vH = 8066 / nTets = 8 / pp.size() = 8 / 1.058947 0.479014 1.521367 -> 1.059659 0.479820 1.527440 / dir = -1.000000 / l_pyr = 0.012335
Debug   : vH = 8064 / nTets = 8 / pp.size() = 8 / 0.956046 0.436060 1.536003 -> 0.956611 0.436418 1.542046 / dir = -1.000000 / l_pyr = 0.012161
Debug   : vH = 8062 / nTets = 4 / pp.size() = 4 / 0.859902 0.396166 1.544769 -> 0.860325 0.396140 1.550766 / dir = -1.000000 / l_pyr = 0.012024
Debug   : vH = 8060 / nTets = 4 / pp.size() = 4 / 0.774265 0.360824 1.548695 -> 0.774561 0.360482 1.554636 / dir = -1.000000 / l_pyr = 0.011917
Debug   : vH = 8058 / nTets = 4 / pp.size() = 4 / 0.701168 0.330791 1.549221 -> 0.701357 0.330199 1.555103 / dir = -1.000000 / l_pyr = 0.011831
Debug   : vH = 8056 / nTets = 4 / pp.size() = 4 / 0.640990 0.306161 1.547739 -> 0.641093 0.305375 1.553566 / dir = -1.000000 / l_pyr = 0.011763
Debug   : vH = 8054 / nTets = 4 / pp.size() = 4 / 0.592883 0.286533 1.545330 -> 0.592917 0.285600 1.551109 / dir = -1.000000 / l_pyr = 0.011708
Debug   : vH = 8051 / nTets = 4 / pp.size() = 4 / 0.555326 0.271243 1.542703 -> 0.555308 0.270200 1.548442 / dir = -1.000000 / l_pyr = 0.011665
Debug   : vH = 8046 / nTets = 6 / pp.size() = 6 / 1.634574 0.738268 1.319363 -> 1.635643 0.742728 1.325000 / dir = -1.000000 / l_pyr = 0.014533
Debug   : vH = 8044 / nTets = 4 / pp.size() = 4 / 1.600696 0.723536 1.336813 -> 1.601753 0.727783 1.342489 / dir = -1.000000 / l_pyr = 0.014336
Debug   : vH = 8040 / nTets = 6 / pp.size() = 6 / 1.556929 0.704555 1.358215 -> 1.557965 0.708534 1.363938 / dir = -1.000000 / l_pyr = 0.014094
Debug   : vH = 8038 / nTets = 4 / pp.size() = 4 / 1.501584 0.680636 1.383473 -> 1.502586 0.684283 1.389250 / dir = -1.000000 / l_pyr = 0.013809
Debug   : vH = 8036 / nTets = 4 / pp.size() = 4 / 1.433492 0.651324 1.411863 -> 1.434444 0.654577 1.417696 / dir = -1.000000 / l_pyr = 0.013493
Debug   : vH = 8034 / nTets = 4 / pp.size() = 4 / 1.352493 0.616628 1.441883 -> 1.353371 0.619432 1.447772 / dir = -1.000000 / l_pyr = 0.013162
Debug   : vH = 8032 / nTets = 4 / pp.size() = 4 / 1.259942 0.577200 1.471371 -> 1.260723 0.579518 1.477310 / dir = -1.000000 / l_pyr = 0.012845
Debug   : vH = 8030 / nTets = 4 / pp.size() = 4 / 1.158985 0.534440 1.497898 -> 1.159645 0.536259 1.503874 / dir = -1.000000 / l_pyr = 0.012561
Debug   : vH = 8027 / nTets = 4 / pp.size() = 4 / 1.054299 0.490370 1.519418 -> 1.054821 0.491704 1.525411 / dir = -1.000000 / l_pyr = 0.012324
Debug   : vH = 8025 / nTets = 4 / pp.size() = 4 / 0.951296 0.447260 1.534854 -> 0.951675 0.448151 1.540844 / dir = -1.000000 / l_pyr = 0.012137
Debug   : vH = 8023 / nTets = 4 / pp.size() = 4 / 0.855039 0.407193 1.544298 -> 0.855280 0.407698 1.550268 / dir = -1.000000 / l_pyr = 0.011992
Debug   : vH = 8019 / nTets = 6 / pp.size() = 6 / 0.769293 0.371676 1.548772 -> 0.769409 0.371859 1.554708 / dir = -1.000000 / l_pyr = 0.011881
Debug   : vH = 8017 / nTets = 8 / pp.size() = 8 / 0.696103 0.341483 1.549725 -> 0.696114 0.341406 1.555622 / dir = -1.000000 / l_pyr = 0.011794
Debug   : vH = 8015 / nTets = 4 / pp.size() = 4 / 0.635853 0.316712 1.548568 -> 0.635778 0.316433 1.554424 / dir = -1.000000 / l_pyr = 0.011726
Debug   : vH = 8012 / nTets = 6 / pp.size() = 6 / 0.587693 0.296969 1.546403 -> 0.587551 0.296535 1.552221 / dir = -1.000000 / l_pyr = 0.011672
Debug   : vH = 8008 / nTets = 6 / pp.size() = 6 / 0.550100 0.281586 1.543957 -> 0.549907 0.281035 1.549743 / dir = -1.000000 / l_pyr = 0.011631
Debug   : vH = 8003 / nTets = 6 / pp.size() = 6 / 1.629986 0.749043 1.310638 -> 1.630708 0.754006 1.315915 / dir = -1.000000 / l_pyr = 0.014561
Debug   : vH = 7998 / nTets = 8 / pp.size() = 8 / 1.596152 0.734372 1.328437 -> 1.596867 0.739143 1.333764 / dir = -1.000000 / l_pyr = 0.014373
Debug   : vH = 7995 / nTets = 8 / pp.size() = 8 / 1.552432 0.715462 1.350287 -> 1.553131 0.719988 1.355673 / dir = -1.000000 / l_pyr = 0.014140
Debug   : vH = 7992 / nTets = 6 / pp.size() = 6 / 1.497130 0.691617 1.376107 -> 1.497802 0.695839 1.381563 / dir = -1.000000 / l_pyr = 0.013862
Debug   : vH = 7990 / nTets = 4 / pp.size() = 4 / 1.429065 0.662374 1.405177 -> 1.429695 0.666231 1.410710 / dir = -1.000000 / l_pyr = 0.013548
Debug   : vH = 7987 / nTets = 4 / pp.size() = 4 / 1.348070 0.627729 1.435985 -> 1.348634 0.631167 1.441597 / dir = -1.000000 / l_pyr = 0.013211
Debug   : vH = 7983 / nTets = 4 / pp.size() = 4 / 1.255487 0.588322 1.466339 -> 1.255962 0.591304 1.472028 / dir = -1.000000 / l_pyr = 0.012882
Debug   : vH = 7980 / nTets = 4 / pp.size() = 4 / 1.154455 0.545544 1.493761 -> 1.154819 0.548054 1.499519 / dir = -1.000000 / l_pyr = 0.012582
Debug   : vH = 7977 / nTets = 6 / pp.size() = 6 / 1.049657 0.501413 1.516149 -> 1.049892 0.503459 1.521959 / dir = -1.000000 / l_pyr = 0.012329
Debug   : vH = 7973 / nTets = 6 / pp.size() = 6 / 0.946513 0.458205 1.532374 -> 0.946613 0.459821 1.538220 / dir = -1.000000 / l_pyr = 0.012131
Debug   : vH = 7971 / nTets = 6 / pp.size() = 6 / 0.850106 0.418016 1.542496 -> 0.850073 0.419251 1.548358 / dir = -1.000000 / l_pyr = 0.011980
Debug   : vH = 7969 / nTets = 4 / pp.size() = 4 / 0.764216 0.382369 1.547525 -> 0.764064 0.383280 1.553387 / dir = -1.000000 / l_pyr = 0.011869
Debug   : vH = 7967 / nTets = 4 / pp.size() = 4 / 0.690901 0.352049 1.548915 -> 0.690647 0.352696 1.554767 / dir = -1.000000 / l_pyr = 0.011786
Debug   : vH = 7964 / nTets = 4 / pp.size() = 4 / 0.630550 0.327165 1.548095 -> 0.630213 0.327602 1.553930 / dir = -1.000000 / l_pyr = 0.011723
Debug   : vH = 7961 / nTets = 4 / pp.size() = 4 / 0.582313 0.307326 1.546183 -> 0.581911 0.307600 1.552000 / dir = -1.000000 / l_pyr = 0.011675
Debug   : vH = 7958 / nTets = 6 / pp.size() = 6 / 0.544662 0.291866 1.543927 -> 0.544211 0.292016 1.549727 / dir = -1.000000 / l_pyr = 0.011639
Debug   : vH = 7951 / nTets = 8 / pp.size() = 8 / 1.625792 0.758798 1.300572 -> 1.625999 0.764381 1.305293 / dir = -1.000000 / l_pyr = 0.014630
Debug   : vH = 7949 / nTets = 4 / pp.size() = 4 / 1.591991 0.744212 1.318679 -> 1.592196 0.749630 1.323458 / dir = -1.000000 / l_pyr = 0.014455
Debug   : vH = 7945 / nTets = 6 / pp.size() = 6 / 1.548302 0.725402 1.340928 -> 1.548497 0.730609 1.345777 / dir = -1.000000 / l_pyr = 0.014235
Debug   : vH = 7943 / nTets = 4 / pp.size() = 4 / 1.493022 0.701668 1.367252 -> 1.493199 0.706609 1.372183 / dir = -1.000000 / l_pyr = 0.013965
Debug   : vH = 7941 / nTets = 4 / pp.size() = 4 / 1.424960 0.672539 1.396939 -> 1.425103 0.677159 1.401962 / dir = -1.000000 / l_pyr = 0.013653
Debug   : vH = 7939 / nTets = 4 / pp.size() = 4 / 1.343936 0.638000 1.428468 -> 1.344028 0.642247 1.433590 / dir = -1.000000 / l_pyr = 0.013308
Debug   : vH = 7937 / nTets = 4 / pp.size() = 4 / 1.251284 0.598678 1.459623 -> 1.251301 0.602514 1.464846 / dir = -1.000000 / l_pyr = 0.012960
Debug   : vH = 7935 / nTets = 6 / pp.size() = 6 / 1.150137 0.555954 1.487884 -> 1.150058 0.559360 1.493203 / dir = -1.000000 / l_pyr = 0.012633
Debug   : vH = 7933 / nTets = 4 / pp.size() = 4 / 1.045182 0.511837 1.511096 -> 1.044990 0.514816 1.516502 / dir = -1.000000 / l_pyr = 0.012351
Debug   : vH = 7931 / nTets = 4 / pp.size() = 4 / 0.941851 0.468605 1.528082 -> 0.941539 0.471183 1.533561 / dir = -1.000000 / l_pyr = 0.012127
Debug   : vH = 7929 / nTets = 4 / pp.size() = 4 / 0.845247 0.428364 1.538867 -> 0.844815 0.430580 1.544403 / dir = -1.000000 / l_pyr = 0.011957
Debug   : vH = 7927 / nTets = 4 / pp.size() = 4 / 0.759170 0.392646 1.544446 -> 0.758630 0.394550 1.550022 / dir = -1.000000 / l_pyr = 0.011834
Debug   : vH = 7925 / nTets = 4 / pp.size() = 4 / 0.685689 0.362250 1.546278 -> 0.685055 0.363895 1.551880 / dir = -1.000000 / l_pyr = 0.011746
Debug   : vH = 7922 / nTets = 4 / pp.size() = 4 / 0.625201 0.337294 1.545801 -> 0.624490 0.338730 1.551418 / dir = -1.000000 / l_pyr = 0.011682
Debug   : vH = 7920 / nTets = 6 / pp.size() = 6 / 0.576857 0.317391 1.544152 -> 0.576086 0.318662 1.549777 / dir = -1.000000 / l_pyr = 0.011635
Debug   : vH = 7916 / nTets = 6 / pp.size() = 6 / 0.539124 0.301878 1.542095 -> 0.538307 0.303021 1.547723 / dir = -1.000000 / l_pyr = 0.011602
Debug   : vH = 7910 / nTets = 6 / pp.size() = 6 / 1.622276 0.766972 1.288900 -> 1.621718 0.773254 1.292703 / dir = -1.000000 / l_pyr = 0.014728
Debug   : vH = 7907 / nTets = 8 / pp.size() = 8 / 1.588497 0.752491 1.307257 -> 1.587945 0.758648 1.311123 / dir = -1.000000 / l_pyr = 0.014582
Debug   : vH = 7905 / nTets = 4 / pp.size() = 4 / 1.544826 0.733807 1.329831 -> 1.544274 0.739800 1.333775 / dir = -1.000000 / l_pyr = 0.014392
Debug   : vH = 7902 / nTets = 6 / pp.size() = 6 / 1.489551 0.710217 1.356573 -> 1.488995 0.716001 1.360610 / dir = -1.000000 / l_pyr = 0.014151
Debug   : vH = 7900 / nTets = 4 / pp.size() = 4 / 1.421467 0.681247 1.386778 -> 1.420897 0.686772 1.390922 / dir = -1.000000 / l_pyr = 0.013860
Debug   : vH = 7898 / nTets = 4 / pp.size() = 4 / 1.340387 0.646871 1.418926 -> 1.339790 0.652088 1.423186 / dir = -1.000000 / l_pyr = 0.013524
Debug   : vH = 7894 / nTets = 8 / pp.size() = 8 / 1.247630 0.607702 1.450779 -> 1.246987 0.612573 1.455163 / dir = -1.000000 / l_pyr = 0.013170
Debug   : vH = 7892 / nTets = 4 / pp.size() = 4 / 1.146327 0.565108 1.479785 -> 1.145619 0.569610 1.484293 / dir = -1.000000 / l_pyr = 0.012820
Debug   : vH = 7889 / nTets = 4 / pp.size() = 4 / 1.041170 0.521089 1.503744 -> 1.040382 0.525218 1.508371 / dir = -1.000000 / l_pyr = 0.012504
Debug   : vH = 7886 / nTets = 6 / pp.size() = 6 / 0.937604 0.477920 1.521433 -> 0.936726 0.481693 1.526172 / dir = -1.000000 / l_pyr = 0.012242
Debug   : vH = 7884 / nTets = 4 / pp.size() = 4 / 0.840755 0.437709 1.532845 -> 0.839784 0.441157 1.537681 / dir = -1.000000 / l_pyr = 0.012037
Debug   : vH = 7880 / nTets = 6 / pp.size() = 6 / 0.754445 0.401997 1.538954 -> 0.753387 0.405160 1.543873 / dir = -1.000000 / l_pyr = 0.011887
Debug   : vH = 7877 / nTets = 6 / pp.size() = 6 / 0.680755 0.371592 1.541219 -> 0.679621 0.374514 1.546204 / dir = -1.000000 / l_pyr = 0.011778
Debug   : vH = 7874 / nTets = 4 / pp.size() = 4 / 0.620093 0.346618 1.541085 -> 0.618896 0.349343 1.546121 / dir = -1.000000 / l_pyr = 0.011699
Debug   : vH = 7870 / nTets = 6 / pp.size() = 6 / 0.571610 0.326694 1.539703 -> 0.570362 0.329261 1.544776 / dir = -1.000000 / l_pyr = 0.011642
Debug   : vH = 7866 / nTets = 6 / pp.size() = 6 / 0.533768 0.311160 1.537850 -> 0.532481 0.313604 1.542951 / dir = -1.000000 / l_pyr = 0.011602
Debug   : vH = 725 / nTets = 6 / pp.size() = 6 / 1.619857 0.772734 1.275549 -> 1.618254 0.779617 1.277879 / dir = -1.000000 / l_pyr = 0.014884
Debug   : vH = 718 / nTets = 6 / pp.size() = 6 / 1.586095 0.758377 1.294072 -> 1.584511 0.765194 1.296475 / dir = -1.000000 / l_pyr = 0.014800
Debug   : vH = 711 / nTets = 6 / pp.size() = 6 / 1.542430 0.739845 1.316874 -> 1.540869 0.746559 1.319364 / dir = -1.000000 / l_pyr = 0.014659
Debug   : vH = 702 / nTets = 4 / pp.size() = 4 / 1.487145 0.716436 1.343917 -> 1.485609 0.723019 1.346518 / dir = -1.000000 / l_pyr = 0.014486
Debug   : vH = 696 / nTets = 6 / pp.size() = 6 / 1.419022 0.687672 1.374509 -> 1.417510 0.694076 1.377237 / dir = -1.000000 / l_pyr = 0.014246
Debug   : vH = 688 / nTets = 8 / pp.size() = 8 / 1.337856 0.653516 1.407136 -> 1.336365 0.659696 1.410008 / dir = -1.000000 / l_pyr = 0.013952
Debug   : vH = 682 / nTets = 4 / pp.size() = 4 / 1.244964 0.614573 1.439551 -> 1.243483 0.620487 1.442578 / dir = -1.000000 / l_pyr = 0.013612
Debug   : vH = 674 / nTets = 6 / pp.size() = 6 / 1.143468 0.572196 1.469177 -> 1.141984 0.577811 1.472364 / dir = -1.000000 / l_pyr = 0.013250
Debug   : vH = 667 / nTets = 4 / pp.size() = 4 / 1.038063 0.528369 1.493780 -> 1.036562 0.533673 1.497126 / dir = -1.000000 / l_pyr = 0.012897
Debug   : vH = 660 / nTets = 4 / pp.size() = 4 / 0.934218 0.485362 1.512095 -> 0.932685 0.490361 1.515594 / dir = -1.000000 / l_pyr = 0.012583
Debug   : vH = 654 / nTets = 4 / pp.size() = 4 / 0.837079 0.445280 1.524081 -> 0.835506 0.449995 1.527719 / dir = -1.000000 / l_pyr = 0.012320
Debug   : vH = 648 / nTets = 4 / pp.size() = 4 / 0.750496 0.409666 1.530691 -> 0.748879 0.414128 1.534451 / dir = -1.000000 / l_pyr = 0.012110
Debug   : vH = 642 / nTets = 4 / pp.size() = 4 / 0.676562 0.379332 1.533375 -> 0.674902 0.383578 1.537238 / dir = -1.000000 / l_pyr = 0.011953
Debug   : vH = 634 / nTets = 4 / pp.size() = 4 / 0.615691 0.354406 1.533581 -> 0.613993 0.358472 1.537527 / dir = -1.000000 / l_pyr = 0.011831
Debug   : vH = 627 / nTets = 6 / pp.size() = 6 / 0.567042 0.334513 1.532468 -> 0.565313 0.338434 1.536477 / dir = -1.000000 / l_pyr = 0.011736
Debug   : vH = 619 / nTets = 6 / pp.size() = 6 / 0.529073 0.319002 1.530824 -> 0.527320 0.322808 1.534882 / dir = -1.000000 / l_pyr = 0.011667
Debug   : vH = 267 / nTets = 6 / pp.size() = 6 / 1.707398 -0.515857 1.072248 -> 1.706580 -0.519852 1.072466 / dir = -1.000000 / l_pyr = 0.008168
Debug   : vH = 261 / nTets = 4 / pp.size() = 4 / 1.668599 -0.507785 1.073028 -> 1.667747 -0.511799 1.073325 / dir = -1.000000 / l_pyr = 0.008229
Debug   : vH = 254 / nTets = 6 / pp.size() = 6 / 1.619140 -0.497040 1.074049 -> 1.618245 -0.501077 1.074443 / dir = -1.000000 / l_pyr = 0.008307
Debug   : vH = 247 / nTets = 6 / pp.size() = 6 / 1.557567 -0.482964 1.075361 -> 1.556620 -0.487027 1.075864 / dir = -1.000000 / l_pyr = 0.008404
Debug   : vH = 241 / nTets = 6 / pp.size() = 6 / 1.483140 -0.464929 1.077008 -> 1.482132 -0.469012 1.077625 / dir = -1.000000 / l_pyr = 0.008501
Debug   : vH = 235 / nTets = 4 / pp.size() = 4 / 1.396297 -0.442499 1.079015 -> 1.395218 -0.446601 1.079741 / dir = -1.000000 / l_pyr = 0.008605
Debug   : vH = 228 / nTets = 4 / pp.size() = 4 / 1.299024 -0.415638 1.081370 -> 1.297870 -0.419751 1.082178 / dir = -1.000000 / l_pyr = 0.008694
Debug   : vH = 222 / nTets = 4 / pp.size() = 4 / 1.194922 -0.384898 1.084009 -> 1.193693 -0.389004 1.084855 / dir = -1.000000 / l_pyr = 0.008737
Debug   : vH = 215 / nTets = 4 / pp.size() = 4 / 1.088800 -0.351481 1.086824 -> 1.087507 -0.355540 1.087644 / dir = -1.000000 / l_pyr = 0.008676
Debug   : vH = 209 / nTets = 4 / pp.size() = 4 / 0.985838 -0.317084 1.089675 -> 0.984489 -0.321085 1.090405 / dir = -1.000000 / l_pyr = 0.008569
Debug   : vH = 203 / nTets = 4 / pp.size() = 4 / 0.890632 -0.283574 1.092411 -> 0.889235 -0.287513 1.092998 / dir = -1.000000 / l_pyr = 0.008441
Debug   : vH = 195 / nTets = 4 / pp.size() = 4 / 0.806444 -0.252594 1.094911 -> 0.805007 -0.256475 1.095316 / dir = -1.000000 / l_pyr = 0.008316
Debug   : vH = 188 / nTets = 6 / pp.size() = 6 / 0.734887 -0.225280 1.097094 -> 0.733417 -0.229111 1.097303 / dir = -1.000000 / l_pyr = 0.008218
Debug   : vH = 182 / nTets = 4 / pp.size() = 4 / 0.676093 -0.202168 1.098927 -> 0.674599 -0.205952 1.098940 / dir = -1.000000 / l_pyr = 0.008136
Debug   : vH = 174 / nTets = 6 / pp.size() = 6 / 0.629132 -0.183280 1.100413 -> 0.627620 -0.187022 1.100248 / dir = -1.000000 / l_pyr = 0.008077
Debug   : vH = 166 / nTets = 4 / pp.size() = 4 / 0.592452 -0.168265 1.101589 -> 0.590927 -0.171972 1.101269 / dir = -1.000000 / l_pyr = 0.008042
Debug   : vH = 5436 / nTets = 4 / pp.size() = 4 / 1.707827 -0.514892 1.081063 -> 1.706866 -0.519513 1.081793 / dir = -1.000000 / l_pyr = 0.009552
Debug   : vH = 5435 / nTets = 4 / pp.size() = 4 / 1.669117 -0.506650 1.081885 -> 1.668123 -0.511278 1.082705 / dir = -1.000000 / l_pyr = 0.009609
Debug   : vH = 5434 / nTets = 4 / pp.size() = 4 / 1.619761 -0.495709 1.082955 -> 1.618724 -0.500344 1.083883 / dir = -1.000000 / l_pyr = 0.009679
Debug   : vH = 5433 / nTets = 4 / pp.size() = 4 / 1.558295 -0.481418 1.084317 -> 1.557206 -0.486058 1.085367 / dir = -1.000000 / l_pyr = 0.009761
Debug   : vH = 5432 / nTets = 4 / pp.size() = 4 / 1.483970 -0.463170 1.086010 -> 1.482821 -0.467812 1.087189 / dir = -1.000000 / l_pyr = 0.009849
Debug   : vH = 5431 / nTets = 6 / pp.size() = 6 / 1.397214 -0.440560 1.088055 -> 1.395998 -0.445194 1.089355 / dir = -1.000000 / l_pyr = 0.009928
Debug   : vH = 5430 / nTets = 4 / pp.size() = 4 / 1.299991 -0.413583 1.090428 -> 1.298704 -0.418198 1.091822 / dir = -1.000000 / l_pyr = 0.009979
Debug   : vH = 5429 / nTets = 6 / pp.size() = 6 / 1.195884 -0.382826 1.093057 -> 1.194535 -0.387376 1.094487 / dir = -1.000000 / l_pyr = 0.009913
Debug   : vH = 5428 / nTets = 4 / pp.size() = 4 / 1.089700 -0.349510 1.095831 -> 1.088297 -0.353980 1.097230 / dir = -1.000000 / l_pyr = 0.009780
Debug   : vH = 5427 / nTets = 4 / pp.size() = 4 / 0.986623 -0.315330 1.098612 -> 0.985171 -0.319715 1.099913 / dir = -1.000000 / l_pyr = 0.009598
Debug   : vH = 5426 / nTets = 4 / pp.size() = 4 / 0.891266 -0.282131 1.101257 -> 0.889773 -0.286435 1.102401 / dir = -1.000000 / l_pyr = 0.009394
Debug   : vH = 5425 / nTets = 4 / pp.size() = 4 / 0.806917 -0.251521 1.103654 -> 0.805389 -0.255755 1.104602 / dir = -1.000000 / l_pyr = 0.009199
Debug   : vH = 5424 / nTets = 4 / pp.size() = 4 / 0.735199 -0.224592 1.105735 -> 0.733642 -0.228766 1.106471 / dir = -1.000000 / l_pyr = 0.009031
Debug   : vH = 5423 / nTets = 4 / pp.size() = 4 / 0.676258 -0.201848 1.107473 -> 0.674677 -0.205974 1.107999 / dir = -1.000000 / l_pyr = 0.008899
Debug   : vH = 5422 / nTets = 4 / pp.size() = 4 / 0.629180 -0.183291 1.108875 -> 0.627580 -0.187376 1.109208 / dir = -1.000000 / l_pyr = 0.008801
Debug   : vH = 5421 / nTets = 6 / pp.size() = 6 / 0.592405 -0.168556 1.109981 -> 0.590792 -0.172609 1.110147 / dir = -1.000000 / l_pyr = 0.008730
Debug   : vH = 5416 / nTets = 4 / pp.size() = 4 / 1.708649 -0.512659 1.091164 -> 1.707541 -0.517922 1.092700 / dir = -1.000000 / l_pyr = 0.011188
Debug   : vH = 5414 / nTets = 6 / pp.size() = 6 / 1.670038 -0.504236 1.091999 -> 1.668897 -0.509492 1.093628 / dir = -1.000000 / l_pyr = 0.011241
Debug   : vH = 5412 / nTets = 4 / pp.size() = 4 / 1.620793 -0.493085 1.093081 -> 1.619610 -0.498331 1.094820 / dir = -1.000000 / l_pyr = 0.011304
Debug   : vH = 5410 / nTets = 4 / pp.size() = 4 / 1.559445 -0.478570 1.094449 -> 1.558213 -0.483799 1.096312 / dir = -1.000000 / l_pyr = 0.011373
Debug   : vH = 5408 / nTets = 4 / pp.size() = 4 / 1.485232 -0.460102 1.096137 -> 1.483943 -0.465307 1.098127 / dir = -1.000000 / l_pyr = 0.011438
Debug   : vH = 5405 / nTets = 4 / pp.size() = 4 / 1.398565 -0.437309 1.098160 -> 1.397214 -0.442475 1.100266 / dir = -1.000000 / l_pyr = 0.011481
Debug   : vH = 5403 / nTets = 4 / pp.size() = 4 / 1.301389 -0.410224 1.100488 -> 1.299983 -0.415309 1.102663 / dir = -1.000000 / l_pyr = 0.011413
Debug   : vH = 5401 / nTets = 4 / pp.size() = 4 / 1.197272 -0.379468 1.103045 -> 1.195814 -0.384450 1.105230 / dir = -1.000000 / l_pyr = 0.011265
Debug   : vH = 5399 / nTets = 4 / pp.size() = 4 / 1.091015 -0.346282 1.105720 -> 1.089512 -0.351151 1.107843 / dir = -1.000000 / l_pyr = 0.011040
Debug   : vH = 5397 / nTets = 4 / pp.size() = 4 / 0.987808 -0.312359 1.108381 -> 0.986266 -0.317114 1.110372 / dir = -1.000000 / l_pyr = 0.010761
Debug   : vH = 5395 / nTets = 6 / pp.size() = 6 / 0.892282 -0.279517 1.110896 -> 0.890706 -0.284170 1.112696 / dir = -1.000000 / l_pyr = 0.010464
Debug   : vH = 5393 / nTets = 4 / pp.size() = 4 / 0.807747 -0.249323 1.113162 -> 0.806141 -0.253892 1.114735 / dir = -1.000000 / l_pyr = 0.010183
Debug   : vH = 5391 / nTets = 6 / pp.size() = 6 / 0.735847 -0.222823 1.115120 -> 0.734216 -0.227325 1.116452 / dir = -1.000000 / l_pyr = 0.009940
Debug   : vH = 5389 / nTets = 6 / pp.size() = 6 / 0.676743 -0.200486 1.116749 -> 0.675089 -0.204936 1.117848 / dir = -1.000000 / l_pyr = 0.009746
Debug   : vH = 5387 / nTets = 6 / pp.size() = 6 / 0.629526 -0.182290 1.118059 -> 0.627855 -0.186701 1.118945 / dir = -1.000000 / l_pyr = 0.009598
Debug   : vH = 5384 / nTets = 4 / pp.size() = 4 / 0.592640 -0.167861 1.119090 -> 0.590957 -0.172240 1.119794 / dir = -1.000000 / l_pyr = 0.009488
Debug   : vH = 5379 / nTets = 4 / pp.size() = 4 / 1.710032 -0.508567 1.102472 -> 1.708796 -0.514383 1.105141 / dir = -1.000000 / l_pyr = 0.013035
Debug   : vH = 5377 / nTets = 4 / pp.size() = 4 / 1.671521 -0.499971 1.103291 -> 1.670254 -0.505767 1.106045 / dir = -1.000000 / l_pyr = 0.013082
Debug   : vH = 5374 / nTets = 6 / pp.size() = 6 / 1.622389 -0.488625 1.104346 -> 1.621084 -0.494394 1.107201 / dir = -1.000000 / l_pyr = 0.013135
Debug   : vH = 5371 / nTets = 6 / pp.size() = 6 / 1.561159 -0.473904 1.105676 -> 1.559808 -0.479637 1.108639 / dir = -1.000000 / l_pyr = 0.013186
Debug   : vH = 5369 / nTets = 4 / pp.size() = 4 / 1.487055 -0.455247 1.107309 -> 1.485652 -0.460932 1.110378 / dir = -1.000000 / l_pyr = 0.013222
Debug   : vH = 5367 / nTets = 4 / pp.size() = 4 / 1.400469 -0.432311 1.109254 -> 1.399016 -0.437910 1.112397 / dir = -1.000000 / l_pyr = 0.013166
Debug   : vH = 5365 / nTets = 6 / pp.size() = 6 / 1.303327 -0.405172 1.111480 -> 1.301826 -0.410661 1.114646 / dir = -1.000000 / l_pyr = 0.013025
Debug   : vH = 5363 / nTets = 4 / pp.size() = 4 / 1.199179 -0.374485 1.113910 -> 1.197635 -0.379845 1.117034 / dir = -1.000000 / l_pyr = 0.012788
Debug   : vH = 5360 / nTets = 4 / pp.size() = 4 / 1.092823 -0.341507 1.116438 -> 1.091241 -0.346732 1.119443 / dir = -1.000000 / l_pyr = 0.012463
Debug   : vH = 5358 / nTets = 4 / pp.size() = 4 / 0.989456 -0.307924 1.118939 -> 0.987842 -0.313019 1.121754 / dir = -1.000000 / l_pyr = 0.012081
Debug   : vH = 5356 / nTets = 4 / pp.size() = 4 / 0.893729 -0.275520 1.121289 -> 0.892087 -0.280500 1.123861 / dir = -1.000000 / l_pyr = 0.011680
Debug   : vH = 5354 / nTets = 4 / pp.size() = 4 / 0.808977 -0.245816 1.123397 -> 0.807310 -0.250701 1.125694 / dir = -1.000000 / l_pyr = 0.011300
Debug   : vH = 5352 / nTets = 4 / pp.size() = 4 / 0.736867 -0.219811 1.125211 -> 0.735179 -0.224622 1.127228 / dir = -1.000000 / l_pyr = 0.010967
Debug   : vH = 5350 / nTets = 4 / pp.size() = 4 / 0.677575 -0.197936 1.126714 -> 0.675868 -0.202691 1.128465 / dir = -1.000000 / l_pyr = 0.010694
Debug   : vH = 5348 / nTets = 4 / pp.size() = 4 / 0.630200 -0.180147 1.127919 -> 0.628478 -0.184859 1.129433 / dir = -1.000000 / l_pyr = 0.010480
Debug   : vH = 5344 / nTets = 6 / pp.size() = 6 / 0.593187 -0.166059 1.128865 -> 0.591453 -0.170737 1.130176 / dir = -1.000000 / l_pyr = 0.010317
Debug   : vH = 5337 / nTets = 8 / pp.size() = 8 / 1.712151 -0.501963 1.114725 -> 1.710833 -0.508161 1.118891 / dir = -1.000000 / l_pyr = 0.015168
Debug   : vH = 5335 / nTets = 8 / pp.size() = 8 / 1.673736 -0.493229 1.115504 -> 1.672389 -0.499401 1.119735 / dir = -1.000000 / l_pyr = 0.015206
Debug   : vH = 5333 / nTets = 4 / pp.size() = 4 / 1.624709 -0.481734 1.116509 -> 1.623327 -0.487872 1.120811 / dir = -1.000000 / l_pyr = 0.015244
Debug   : vH = 5330 / nTets = 4 / pp.size() = 4 / 1.563585 -0.466869 1.117775 -> 1.562160 -0.472965 1.122147 / dir = -1.000000 / l_pyr = 0.015272
Debug   : vH = 5327 / nTets = 4 / pp.size() = 4 / 1.489573 -0.448100 1.119327 -> 1.488103 -0.454128 1.123743 / dir = -1.000000 / l_pyr = 0.015231
Debug   : vH = 5324 / nTets = 6 / pp.size() = 6 / 1.403044 -0.425120 1.121174 -> 1.401526 -0.431058 1.125593 / dir = -1.000000 / l_pyr = 0.015111
Debug   : vH = 5322 / nTets = 4 / pp.size() = 4 / 1.305903 -0.398041 1.123280 -> 1.304338 -0.403871 1.127642 / dir = -1.000000 / l_pyr = 0.014893
Debug   : vH = 5320 / nTets = 4 / pp.size() = 4 / 1.201686 -0.367550 1.125572 -> 1.200078 -0.373256 1.129800 / dir = -1.000000 / l_pyr = 0.014563
Debug   : vH = 5318 / nTets = 4 / pp.size() = 4 / 1.095186 -0.334914 1.127943 -> 1.093540 -0.340491 1.131958 / dir = -1.000000 / l_pyr = 0.014133
Debug   : vH = 5316 / nTets = 4 / pp.size() = 4 / 0.991615 -0.301801 1.130272 -> 0.989936 -0.307251 1.134007 / dir = -1.000000 / l_pyr = 0.013632
Debug   : vH = 5314 / nTets = 4 / pp.size() = 4 / 0.895644 -0.269958 1.132443 -> 0.893939 -0.275290 1.135851 / dir = -1.000000 / l_pyr = 0.013108
Debug   : vH = 5312 / nTets = 4 / pp.size() = 4 / 0.810637 -0.240853 1.134371 -> 0.808910 -0.246082 1.137435 / dir = -1.000000 / l_pyr = 0.012603
Debug   : vH = 5310 / nTets = 4 / pp.size() = 4 / 0.738283 -0.215436 1.136014 -> 0.736540 -0.220578 1.138741 / dir = -1.000000 / l_pyr = 0.012152
Debug   : vH = 5308 / nTets = 4 / pp.size() = 4 / 0.678775 -0.194099 1.137363 -> 0.677019 -0.199171 1.139779 / dir = -1.000000 / l_pyr = 0.011771
Debug   : vH = 5305 / nTets = 4 / pp.size() = 4 / 0.631218 -0.176777 1.138434 -> 0.629453 -0.181791 1.140578 / dir = -1.000000 / l_pyr = 0.011463
Debug   : vH = 5302 / nTets = 6 / pp.size() = 6 / 0.594059 -0.163076 1.139269 -> 0.592288 -0.168045 1.141183 / dir = -1.000000 / l_pyr = 0.011223
Debug   : vH = 5297 / nTets = 4 / pp.size() = 4 / 1.715187 -0.492114 1.127443 -> 1.713883 -0.498388 1.133512 / dir = -1.000000 / l_pyr = 0.017652
Debug   : vH = 5295 / nTets = 4 / pp.size() = 4 / 1.676853 -0.483310 1.128206 -> 1.675517 -0.489584 1.134301 / dir = -1.000000 / l_pyr = 0.017696
Debug   : vH = 5292 / nTets = 4 / pp.size() = 4 / 1.627913 -0.471753 1.129192 -> 1.626536 -0.478026 1.135309 / dir = -1.000000 / l_pyr = 0.017738
Debug   : vH = 5290 / nTets = 6 / pp.size() = 6 / 1.566868 -0.456854 1.130436 -> 1.565443 -0.463124 1.136559 / dir = -1.000000 / l_pyr = 0.017757
Debug   : vH = 5288 / nTets = 4 / pp.size() = 4 / 1.492914 -0.438107 1.131961 -> 1.491434 -0.444354 1.138044 / dir = -1.000000 / l_pyr = 0.017687
Debug   : vH = 5286 / nTets = 6 / pp.size() = 6 / 1.406398 -0.415239 1.133771 -> 1.404859 -0.421448 1.139757 / dir = -1.000000 / l_pyr = 0.017523
Debug   : vH = 5283 / nTets = 6 / pp.size() = 6 / 1.309208 -0.388396 1.135826 -> 1.307608 -0.394551 1.141642 / dir = -1.000000 / l_pyr = 0.017236
Debug   : vH = 5281 / nTets = 4 / pp.size() = 4 / 1.204865 -0.358287 1.138041 -> 1.203208 -0.364367 1.143603 / dir = -1.000000 / l_pyr = 0.016810
Debug   : vH = 5278 / nTets = 4 / pp.size() = 4 / 1.098164 -0.326182 1.140302 -> 1.096456 -0.332167 1.145528 / dir = -1.000000 / l_pyr = 0.016254
Debug   : vH = 5276 / nTets = 6 / pp.size() = 6 / 0.994329 -0.293724 1.142482 -> 0.992581 -0.299599 1.147309 / dir = -1.000000 / l_pyr = 0.015602
Debug   : vH = 5273 / nTets = 8 / pp.size() = 8 / 0.898059 -0.262613 1.144469 -> 0.896284 -0.268368 1.148860 / dir = -1.000000 / l_pyr = 0.014907
Debug   : vH = 5271 / nTets = 4 / pp.size() = 4 / 0.812746 -0.234260 1.146190 -> 0.810953 -0.239897 1.150139 / dir = -1.000000 / l_pyr = 0.014225
Debug   : vH = 5267 / nTets = 6 / pp.size() = 6 / 0.740105 -0.209563 1.147618 -> 0.738303 -0.215089 1.151148 / dir = -1.000000 / l_pyr = 0.013602
Debug   : vH = 5264 / nTets = 6 / pp.size() = 6 / 0.680343 -0.188876 1.148760 -> 0.678538 -0.194306 1.151912 / dir = -1.000000 / l_pyr = 0.013066
Debug   : vH = 5262 / nTets = 4 / pp.size() = 4 / 0.632574 -0.172112 1.149646 -> 0.630770 -0.177460 1.152472 / dir = -1.000000 / l_pyr = 0.012624
Debug   : vH = 5256 / nTets = 6 / pp.size() = 6 / 0.595245 -0.158872 1.150322 -> 0.593443 -0.164153 1.152875 / dir = -1.000000 / l_pyr = 0.012273
Debug   : vH = 5251 / nTets = 4 / pp.size() = 4 / 1.719260 -0.478362 1.139992 -> 1.718103 -0.484376 1.148231 / dir = -1.000000 / l_pyr = 0.020533
Debug   : vH = 5248 / nTets = 8 / pp.size() = 8 / 1.680990 -0.469567 1.140856 -> 1.679787 -0.475656 1.149090 / dir = -1.000000 / l_pyr = 0.020623
Debug   : vH = 5246 / nTets = 4 / pp.size() = 4 / 1.632113 -0.458047 1.141966 -> 1.630849 -0.464231 1.150179 / dir = -1.000000 / l_pyr = 0.020716
Debug   : vH = 5243 / nTets = 4 / pp.size() = 4 / 1.571118 -0.443240 1.143353 -> 1.569780 -0.449533 1.151522 / dir = -1.000000 / l_pyr = 0.020796
Debug   : vH = 5241 / nTets = 4 / pp.size() = 4 / 1.497182 -0.424666 1.145035 -> 1.495758 -0.431068 1.153101 / dir = -1.000000 / l_pyr = 0.020791
Debug   : vH = 5238 / nTets = 4 / pp.size() = 4 / 1.410633 -0.402088 1.146996 -> 1.409117 -0.408572 1.154865 / dir = -1.000000 / l_pyr = 0.020618
Debug   : vH = 5236 / nTets = 6 / pp.size() = 6 / 1.313336 -0.375685 1.149171 -> 1.311726 -0.382219 1.156748 / dir = -1.000000 / l_pyr = 0.020267
Debug   : vH = 5232 / nTets = 8 / pp.size() = 8 / 1.208803 -0.346184 1.151448 -> 1.207107 -0.352721 1.158627 / dir = -1.000000 / l_pyr = 0.019714
Debug   : vH = 5230 / nTets = 8 / pp.size() = 8 / 1.101829 -0.314847 1.153686 -> 1.100062 -0.321333 1.160374 / dir = -1.000000 / l_pyr = 0.018965
Debug   : vH = 5227 / nTets = 6 / pp.size() = 6 / 0.997658 -0.283286 1.155749 -> 0.995842 -0.289670 1.161879 / dir = -1.000000 / l_pyr = 0.018069
Debug   : vH = 5225 / nTets = 4 / pp.size() = 4 / 0.901018 -0.253141 1.157533 -> 0.899175 -0.259388 1.163075 / dir = -1.000000 / l_pyr = 0.017103
Debug   : vH = 5223 / nTets = 4 / pp.size() = 4 / 0.815334 -0.225761 1.158990 -> 0.813480 -0.231853 1.163954 / dir = -1.000000 / l_pyr = 0.016148
Debug   : vH = 5221 / nTets = 4 / pp.size() = 4 / 0.742347 -0.201980 1.160127 -> 0.740496 -0.207920 1.164554 / dir = -1.000000 / l_pyr = 0.015272
Debug   : vH = 5219 / nTets = 4 / pp.size() = 4 / 0.682283 -0.182111 1.160980 -> 0.680443 -0.187914 1.164931 / dir = -1.000000 / l_pyr = 0.014515
Debug   : vH = 5216 / nTets = 4 / pp.size() = 4 / 0.634262 -0.166044 1.161602 -> 0.632434 -0.171729 1.165147 / dir = -1.000000 / l_pyr = 0.013891
Debug   : vH = 5214 / nTets = 6 / pp.size() = 6 / 0.596731 -0.153377 1.162049 -> 0.594916 -0.158966 1.165260 / dir = -1.000000 / l_pyr = 0.013394
Debug   : vH = 5207 / nTets = 4 / pp.size() = 4 / 1.724399 -0.460216 1.151817 -> 1.723549 -0.465749 1.162413 / dir = -1.000000 / l_pyr = 0.023969
Debug   : vH = 5204 / nTets = 4 / pp.size() = 4 / 1.686188 -0.451464 1.153011 -> 1.685260 -0.457199 1.163606 / dir = -1.000000 / l_pyr = 0.024166
Debug   : vH = 5201 / nTets = 6 / pp.size() = 6 / 1.637363 -0.440036 1.154515 -> 1.636337 -0.446015 1.165088 / dir = -1.000000 / l_pyr = 0.024380
Debug   : vH = 5199 / nTets = 4 / pp.size() = 4 / 1.576401 -0.425396 1.156348 -> 1.575255 -0.431656 1.166866 / dir = -1.000000 / l_pyr = 0.024586
Debug   : vH = 5196 / nTets = 4 / pp.size() = 4 / 1.502457 -0.407108 1.158501 -> 1.501168 -0.413672 1.168905 / dir = -1.000000 / l_pyr = 0.024737
Debug   : vH = 5193 / nTets = 4 / pp.size() = 4 / 1.415835 -0.384977 1.160914 -> 1.414398 -0.391792 1.171046 / dir = -1.000000 / l_pyr = 0.024589
Debug   : vH = 5189 / nTets = 6 / pp.size() = 6 / 1.318377 -0.359221 1.163465 -> 1.316796 -0.366216 1.173172 / dir = -1.000000 / l_pyr = 0.024136
Debug   : vH = 5187 / nTets = 4 / pp.size() = 4 / 1.213582 -0.330586 1.165985 -> 1.211875 -0.337667 1.175120 / dir = -1.000000 / l_pyr = 0.023368
Debug   : vH = 5184 / nTets = 4 / pp.size() = 4 / 1.106252 -0.300322 1.168294 -> 1.104449 -0.307385 1.176735 / dir = -1.000000 / l_pyr = 0.022307
Debug   : vH = 5182 / nTets = 6 / pp.size() = 6 / 1.001655 -0.269987 1.170250 -> 0.999790 -0.276939 1.177919 / dir = -1.000000 / l_pyr = 0.021036
Debug   : vH = 5180 / nTets = 4 / pp.size() = 4 / 0.904556 -0.241144 1.171775 -> 0.902663 -0.247920 1.178650 / dir = -1.000000 / l_pyr = 0.019674
Debug   : vH = 5178 / nTets = 4 / pp.size() = 4 / 0.818416 -0.215050 1.172873 -> 0.816522 -0.221622 1.178984 / dir = -1.000000 / l_pyr = 0.018344
Debug   : vH = 5176 / nTets = 4 / pp.size() = 4 / 0.745011 -0.192466 1.173606 -> 0.743132 -0.198834 1.179022 / dir = -1.000000 / l_pyr = 0.017136
Debug   : vH = 5174 / nTets = 4 / pp.size() = 4 / 0.684585 -0.173655 1.174060 -> 0.682729 -0.179838 1.178871 / dir = -1.000000 / l_pyr = 0.016102
Debug   : vH = 5171 / nTets = 8 / pp.size() = 8 / 0.636264 -0.158479 1.174318 -> 0.634432 -0.164507 1.178620 / dir = -1.000000 / l_pyr = 0.015257
Debug   : vH = 5166 / nTets = 8 / pp.size() = 8 / 0.598494 -0.146538 1.174455 -> 0.596685 -0.152440 1.178341 / dir = -1.000000 / l_pyr = 0.014590
Debug   : vH = 5160 / nTets = 4 / pp.size() = 4 / 1.730512 -0.437459 1.162605 -> 1.730129 -0.442455 1.175518 / dir = -1.000000 / l_pyr = 0.027703
Debug   : vH = 5157 / nTets = 8 / pp.size() = 8 / 1.692368 -0.428720 1.164413 -> 1.691869 -0.434042 1.177356 / dir = -1.000000 / l_pyr = 0.028007
Debug   : vH = 5154 / nTets = 4 / pp.size() = 4 / 1.643602 -0.417364 1.166638 -> 1.642958 -0.423077 1.179590 / dir = -1.000000 / l_pyr = 0.028340
Debug   : vH = 5152 / nTets = 4 / pp.size() = 4 / 1.582672 -0.402904 1.169277 -> 1.581850 -0.409061 1.182193 / dir = -1.000000 / l_pyr = 0.028663
Debug   : vH = 5150 / nTets = 4 / pp.size() = 4 / 1.508706 -0.384960 1.172267 -> 1.507679 -0.391592 1.185068 / dir = -1.000000 / l_pyr = 0.028907
Debug   : vH = 5148 / nTets = 4 / pp.size() = 4 / 1.421980 -0.363402 1.175469 -> 1.420738 -0.370443 1.187935 / dir = -1.000000 / l_pyr = 0.028743
Debug   : vH = 5146 / nTets = 4 / pp.size() = 4 / 1.324309 -0.338503 1.178669 -> 1.322861 -0.345843 1.190574 / dir = -1.000000 / l_pyr = 0.028122
Debug   : vH = 5143 / nTets = 6 / pp.size() = 6 / 1.219179 -0.311031 1.181615 -> 1.217555 -0.318532 1.192762 / dir = -1.000000 / l_pyr = 0.027067
Debug   : vH = 5140 / nTets = 4 / pp.size() = 4 / 1.111404 -0.282208 1.184079 -> 1.109647 -0.289721 1.194310 / dir = -1.000000 / l_pyr = 0.025629
Debug   : vH = 5138 / nTets = 4 / pp.size() = 4 / 1.006283 -0.253509 1.185924 -> 1.004443 -0.260906 1.195149 / dir = -1.000000 / l_pyr = 0.023932
Debug   : vH = 5136 / nTets = 4 / pp.size() = 4 / 0.908627 -0.226383 1.187124 -> 0.906752 -0.233576 1.195330 / dir = -1.000000 / l_pyr = 0.022144
Debug   : vH = 5133 / nTets = 4 / pp.size() = 4 / 0.821944 -0.201966 1.187762 -> 0.820068 -0.208918 1.195004 / dir = -1.000000 / l_pyr = 0.020425
Debug   : vH = 5129 / nTets = 4 / pp.size() = 4 / 0.748046 -0.180921 1.187980 -> 0.746190 -0.187631 1.194359 / dir = -1.000000 / l_pyr = 0.018885
Debug   : vH = 5126 / nTets = 8 / pp.size() = 8 / 0.687199 -0.163450 1.187929 -> 0.685372 -0.169943 1.193568 / dir = -1.000000 / l_pyr = 0.017583
Debug   : vH = 5124 / nTets = 4 / pp.size() = 4 / 0.638532 -0.149393 1.187732 -> 0.636737 -0.155704 1.192757 / dir = -1.000000 / l_pyr = 0.016528
Debug   : vH = 5120 / nTets = 6 / pp.size() = 6 / 0.600487 -0.138356 1.187481 -> 0.598722 -0.144521 1.192010 / dir = -1.000000 / l_pyr = 0.015701
Debug   : vH = 5116 / nTets = 4 / pp.size() = 4 / 1.737375 -0.410246 1.172311 -> 1.737593 -0.414794 1.187355 / dir = -1.000000 / l_pyr = 0.031435
Debug   : vH = 5114 / nTets = 4 / pp.size() = 4 / 1.699304 -0.401484 1.174960 -> 1.699368 -0.406430 1.190043 / dir = -1.000000 / l_pyr = 0.031748
Debug   : vH = 5112 / nTets = 4 / pp.size() = 4 / 1.650597 -0.390181 1.178169 -> 1.650468 -0.395603 1.193267 / dir = -1.000000 / l_pyr = 0.032085
Debug   : vH = 5109 / nTets = 6 / pp.size() = 6 / 1.589693 -0.375909 1.181902 -> 1.589330 -0.381874 1.196959 / dir = -1.000000 / l_pyr = 0.032399
Debug   : vH = 5107 / nTets = 4 / pp.size() = 4 / 1.515688 -0.358368 1.186023 -> 1.515057 -0.364911 1.200932 / dir = -1.000000 / l_pyr = 0.032587
Debug   : vH = 5103 / nTets = 4 / pp.size() = 4 / 1.428825 -0.337514 1.190291 -> 1.427911 -0.344551 1.204751 / dir = -1.000000 / l_pyr = 0.032215
Debug   : vH = 5101 / nTets = 6 / pp.size() = 6 / 1.330890 -0.313689 1.194371 -> 1.329704 -0.321112 1.208143 / dir = -1.000000 / l_pyr = 0.031381
Debug   : vH = 5098 / nTets = 4 / pp.size() = 4 / 1.225361 -0.287683 1.197907 -> 1.223938 -0.295335 1.210758 / dir = -1.000000 / l_pyr = 0.030049
Debug   : vH = 5096 / nTets = 10 / pp.size() = 10 / 1.117065 -0.260670 1.200619 -> 1.115461 -0.268380 1.212368 / dir = -1.000000 / l_pyr = 0.028287
Debug   : vH = 5094 / nTets = 6 / pp.size() = 6 / 1.011343 -0.234014 1.202379 -> 1.009622 -0.241632 1.212929 / dir = -1.000000 / l_pyr = 0.026251
Debug   : vH = 5092 / nTets = 4 / pp.size() = 4 / 0.913057 -0.209011 1.203232 -> 0.911279 -0.216435 1.212581 / dir = -1.000000 / l_pyr = 0.024138
Debug   : vH = 5090 / nTets = 4 / pp.size() = 4 / 0.825769 -0.186646 1.203360 -> 0.823977 -0.193827 1.211583 / dir = -1.000000 / l_pyr = 0.022127
Debug   : vH = 5088 / nTets = 4 / pp.size() = 4 / 0.751329 -0.167466 1.203003 -> 0.749551 -0.174401 1.210229 / dir = -1.000000 / l_pyr = 0.020343
Debug   : vH = 5086 / nTets = 4 / pp.size() = 4 / 0.690020 -0.151604 1.202387 -> 0.688271 -0.158316 1.208763 / dir = -1.000000 / l_pyr = 0.018843
Debug   : vH = 5082 / nTets = 4 / pp.size() = 4 / 0.640978 -0.138879 1.201682 -> 0.639260 -0.145405 1.207358 / dir = -1.000000 / l_pyr = 0.017635
Debug   : vH = 5078 / nTets = 8 / pp.size() = 8 / 0.602638 -0.128910 1.201001 -> 0.600951 -0.135286 1.206115 / dir = -1.000000 / l_pyr = 0.016692
Debug   : vH = 5072 / nTets = 4 / pp.size() = 4 / 1.744702 -0.378890 1.181105 -> 1.745591 -0.383031 1.197644 / dir = -1.000000 / l_pyr = 0.034144
Debug   : vH = 5069 / nTets = 4 / pp.size() = 4 / 1.706687 -0.370135 1.184715 -> 1.707407 -0.374812 1.201724 / dir = -1.000000 / l_pyr = 0.035311
Debug   : vH = 5066 / nTets = 4 / pp.size() = 4 / 1.658019 -0.358931 1.189053 -> 1.658498 -0.364117 1.206040 / dir = -1.000000 / l_pyr = 0.035534
Debug   : vH = 5063 / nTets = 4 / pp.size() = 4 / 1.597112 -0.344925 1.194043 -> 1.597301 -0.350692 1.210939 / dir = -1.000000 / l_pyr = 0.035707
Debug   : vH = 5061 / nTets = 4 / pp.size() = 4 / 1.523035 -0.327906 1.199472 -> 1.522891 -0.334263 1.216065 / dir = -1.000000 / l_pyr = 0.035539
Debug   : vH = 5058 / nTets = 8 / pp.size() = 8 / 1.435993 -0.307926 1.204981 -> 1.435496 -0.314829 1.221028 / dir = -1.000000 / l_pyr = 0.034953
Debug   : vH = 5054 / nTets = 4 / pp.size() = 4 / 1.337750 -0.285400 1.210103 -> 1.336909 -0.292745 1.225349 / dir = -1.000000 / l_pyr = 0.033887
Debug   : vH = 5052 / nTets = 6 / pp.size() = 6 / 1.231776 -0.261136 1.214368 -> 1.230633 -0.268767 1.228563 / dir = -1.000000 / l_pyr = 0.032312
Debug   : vH = 5050 / nTets = 4 / pp.size() = 4 / 1.122918 -0.236249 1.217432 -> 1.121538 -0.243989 1.230386 / dir = -1.000000 / l_pyr = 0.030306
Debug   : vH = 5047 / nTets = 4 / pp.size() = 4 / 1.016558 -0.211966 1.219177 -> 1.015018 -0.219658 1.230795 / dir = -1.000000 / l_pyr = 0.028035
Debug   : vH = 5044 / nTets = 4 / pp.size() = 4 / 0.917616 -0.189409 1.219723 -> 0.915988 -0.196940 1.230010 / dir = -1.000000 / l_pyr = 0.025705
Debug   : vH = 5041 / nTets = 4 / pp.size() = 4 / 0.829703 -0.169393 1.219358 -> 0.828040 -0.176706 1.228405 / dir = -1.000000 / l_pyr = 0.023503
Debug   : vH = 5038 / nTets = 4 / pp.size() = 4 / 0.754706 -0.152333 1.218430 -> 0.753045 -0.159418 1.226380 / dir = -1.000000 / l_pyr = 0.021556
Debug   : vH = 5035 / nTets = 4 / pp.size() = 4 / 0.692927 -0.138294 1.217244 -> 0.691288 -0.145169 1.224265 / dir = -1.000000 / l_pyr = 0.019924
Debug   : vH = 5033 / nTets = 8 / pp.size() = 8 / 0.643503 -0.127074 1.216023 -> 0.641892 -0.133771 1.222279 / dir = -1.000000 / l_pyr = 0.018611
Debug   : vH = 5029 / nTets = 6 / pp.size() = 6 / 0.604864 -0.118306 1.214903 -> 0.603282 -0.124862 1.220547 / dir = -1.000000 / l_pyr = 0.017587
Info    : ImproveMesh 
Debug   : vH = 5025 / nTets = 4 / pp.size() = 4 / 1.752217 -0.343626 1.189356 -> 1.753685 -0.347336 1.205975 / dir = -1.000000 / l_pyr = 0.034181
Debug   : vH = 5023 / nTets = 4 / pp.size() = 4 / 1.714226 -0.334976 1.193965 -> 1.715654 -0.339600 1.212769 / dir = -1.000000 / l_pyr = 0.038833
Debug   : vH = 5020 / nTets = 4 / pp.size() = 4 / 1.665558 -0.323999 1.199482 -> 1.666691 -0.329122 1.218181 / dir = -1.000000 / l_pyr = 0.038842
Debug   : vH = 5018 / nTets = 8 / pp.size() = 8 / 1.604606 -0.310412 1.205793 -> 1.605385 -0.316094 1.224243 / dir = -1.000000 / l_pyr = 0.038642
Debug   : vH = 5016 / nTets = 4 / pp.size() = 4 / 1.530408 -0.294101 1.212605 -> 1.530786 -0.300367 1.230630 / dir = -1.000000 / l_pyr = 0.038175
Debug   : vH = 5013 / nTets = 4 / pp.size() = 4 / 1.443144 -0.275208 1.219443 -> 1.443096 -0.282033 1.236812 / dir = -1.000000 / l_pyr = 0.037324
Debug   : vH = 5011 / nTets = 4 / pp.size() = 4 / 1.344556 -0.254220 1.225704 -> 1.344091 -0.261510 1.242155 / dir = -1.000000 / l_pyr = 0.036000
Debug   : vH = 5009 / nTets = 4 / pp.size() = 4 / 1.238110 -0.231956 1.230793 -> 1.237275 -0.239564 1.246077 / dir = -1.000000 / l_pyr = 0.034186
Debug   : vH = 5006 / nTets = 4 / pp.size() = 4 / 1.128676 -0.209460 1.234298 -> 1.127547 -0.217215 1.248227 / dir = -1.000000 / l_pyr = 0.031964
Debug   : vH = 5004 / nTets = 6 / pp.size() = 6 / 1.021680 -0.187813 1.236107 -> 1.020346 -0.195556 1.248591 / dir = -1.000000 / l_pyr = 0.029501
Debug   : vH = 5002 / nTets = 6 / pp.size() = 6 / 0.922091 -0.167951 1.236409 -> 0.920636 -0.175566 1.247463 / dir = -1.000000 / l_pyr = 0.027004
Debug   : vH = 5000 / nTets = 4 / pp.size() = 4 / 0.833569 -0.150507 1.235598 -> 0.832058 -0.157931 1.245326 / dir = -1.000000 / l_pyr = 0.024659
Debug   : vH = 4997 / nTets = 4 / pp.size() = 4 / 0.758034 -0.135764 1.234131 -> 0.756511 -0.142980 1.242689 / dir = -1.000000 / l_pyr = 0.022594
Debug   : vH = 4995 / nTets = 8 / pp.size() = 8 / 0.695802 -0.123711 1.232398 -> 0.694293 -0.130733 1.239965 / dir = -1.000000 / l_pyr = 0.020865
Debug   : vH = 4993 / nTets = 4 / pp.size() = 4 / 0.646011 -0.114127 1.230675 -> 0.644527 -0.120983 1.237429 / dir = -1.000000 / l_pyr = 0.019476
Debug   : vH = 4990 / nTets = 4 / pp.size() = 4 / 0.607083 -0.106666 1.229124 -> 0.605627 -0.113389 1.235227 / dir = -1.000000 / l_pyr = 0.018391
Debug   : vH = 4983 / nTets = 4 / pp.size() = 4 / 1.759658 -0.304599 1.197557 -> 1.761631 -0.308144 1.214195 / dir = -1.000000 / l_pyr = 0.034250
Debug   : vH = 4981 / nTets = 6 / pp.size() = 6 / 1.721652 -0.296209 1.203148 -> 1.723803 -0.300971 1.223550 / dir = -1.000000 / l_pyr = 0.042120
Debug   : vH = 4978 / nTets = 8 / pp.size() = 8 / 1.672938 -0.285645 1.209827 -> 1.674737 -0.290866 1.229992 / dir = -1.000000 / l_pyr = 0.041814
Debug   : vH = 4975 / nTets = 4 / pp.size() = 4 / 1.611890 -0.272698 1.217447 -> 1.613271 -0.278440 1.237240 / dir = -1.000000 / l_pyr = 0.041312
Debug   : vH = 4973 / nTets = 4 / pp.size() = 4 / 1.537524 -0.257338 1.225641 -> 1.538433 -0.263634 1.244878 / dir = -1.000000 / l_pyr = 0.040524
Debug   : vH = 4970 / nTets = 4 / pp.size() = 4 / 1.449995 -0.239795 1.233820 -> 1.450405 -0.246627 1.252268 / dir = -1.000000 / l_pyr = 0.039354
Debug   : vH = 4967 / nTets = 4 / pp.size() = 4 / 1.351031 -0.220614 1.241246 -> 1.350953 -0.227902 1.258649 / dir = -1.000000 / l_pyr = 0.037735
Debug   : vH = 4963 / nTets = 6 / pp.size() = 6 / 1.244102 -0.200614 1.247201 -> 1.243589 -0.208225 1.263320 / dir = -1.000000 / l_pyr = 0.035666
Debug   : vH = 4961 / nTets = 6 / pp.size() = 6 / 1.134101 -0.180757 1.251200 -> 1.133239 -0.188533 1.265860 / dir = -1.000000 / l_pyr = 0.033235
Debug   : vH = 4959 / nTets = 4 / pp.size() = 4 / 1.026493 -0.161973 1.253126 -> 1.025384 -0.169762 1.266254 / dir = -1.000000 / l_pyr = 0.030608
Debug   : vH = 4957 / nTets = 4 / pp.size() = 4 / 0.926297 -0.145007 1.253235 -> 0.925034 -0.152693 1.264859 / dir = -1.000000 / l_pyr = 0.027985
Debug   : vH = 4955 / nTets = 4 / pp.size() = 4 / 0.837209 -0.130309 1.252024 -> 0.835869 -0.137828 1.262260 / dir = -1.000000 / l_pyr = 0.025544
Debug   : vH = 4953 / nTets = 8 / pp.size() = 8 / 0.761177 -0.118028 1.250053 -> 0.759812 -0.125360 1.259070 / dir = -1.000000 / l_pyr = 0.023403
Debug   : vH = 4950 / nTets = 4 / pp.size() = 4 / 0.698530 -0.108081 1.247799 -> 0.697171 -0.115234 1.255787 / dir = -1.000000 / l_pyr = 0.021618
Debug   : vH = 4948 / nTets = 8 / pp.size() = 8 / 0.648403 -0.100228 1.245594 -> 0.647064 -0.107229 1.252739 / dir = -1.000000 / l_pyr = 0.020185
Debug   : vH = 4944 / nTets = 4 / pp.size() = 4 / 0.609211 -0.094149 1.243627 -> 0.607899 -0.101027 1.250098 / dir = -1.000000 / l_pyr = 0.019067
Debug   : vH = 4938 / nTets = 6 / pp.size() = 6 / 1.766753 -0.261959 1.206088 -> 1.769185 -0.265449 1.222723 / dir = -1.000000 / l_pyr = 0.034340
Debug   : vH = 4935 / nTets = 4 / pp.size() = 4 / 1.728691 -0.254032 1.212602 -> 1.731537 -0.258925 1.234072 / dir = -1.000000 / l_pyr = 0.044406
Debug   : vH = 4932 / nTets = 4 / pp.size() = 4 / 1.679885 -0.244124 1.220379 -> 1.682368 -0.249509 1.241844 / dir = -1.000000 / l_pyr = 0.044540
Debug   : vH = 4930 / nTets = 8 / pp.size() = 8 / 1.618695 -0.232095 1.229240 -> 1.620692 -0.237947 1.250186 / dir = -1.000000 / l_pyr = 0.043680
Debug   : vH = 4927 / nTets = 4 / pp.size() = 4 / 1.544117 -0.217991 1.238753 -> 1.545569 -0.224345 1.258985 / dir = -1.000000 / l_pyr = 0.042514
Debug   : vH = 4924 / nTets = 8 / pp.size() = 8 / 1.456289 -0.202116 1.248222 -> 1.457169 -0.208961 1.267512 / dir = -1.000000 / l_pyr = 0.040974
Debug   : vH = 4922 / nTets = 8 / pp.size() = 8 / 1.356934 -0.185050 1.256783 -> 1.357255 -0.192323 1.274886 / dir = -1.000000 / l_pyr = 0.039023
Debug   : vH = 4919 / nTets = 4 / pp.size() = 4 / 1.249527 -0.167596 1.263597 -> 1.249351 -0.175181 1.280296 / dir = -1.000000 / l_pyr = 0.036684
Debug   : vH = 4917 / nTets = 4 / pp.size() = 4 / 1.138987 -0.150623 1.268102 -> 1.138409 -0.158380 1.283249 / dir = -1.000000 / l_pyr = 0.034053
Debug   : vH = 4914 / nTets = 6 / pp.size() = 6 / 1.030817 -0.134903 1.270178 -> 1.029950 -0.142692 1.283720 / dir = -1.000000 / l_pyr = 0.031294
Debug   : vH = 4911 / nTets = 6 / pp.size() = 6 / 0.930072 -0.120991 1.270134 -> 0.929022 -0.128705 1.282124 / dir = -1.000000 / l_pyr = 0.028591
Debug   : vH = 4908 / nTets = 6 / pp.size() = 6 / 0.840483 -0.109162 1.268564 -> 0.839334 -0.116737 1.279133 / dir = -1.000000 / l_pyr = 0.026107
Debug   : vH = 4905 / nTets = 4 / pp.size() = 4 / 0.764017 -0.099437 1.266130 -> 0.762828 -0.106851 1.275457 / dir = -1.000000 / l_pyr = 0.023948
Debug   : vH = 4903 / nTets = 6 / pp.size() = 6 / 0.701009 -0.091666 1.263390 -> 0.699818 -0.098924 1.271673 / dir = -1.000000 / l_pyr = 0.022155
Debug   : vH = 4901 / nTets = 4 / pp.size() = 4 / 0.650591 -0.085597 1.260730 -> 0.649416 -0.092721 1.268161 / dir = -1.000000 / l_pyr = 0.020722
Debug   : vH = 4897 / nTets = 8 / pp.size() = 8 / 0.611172 -0.080940 1.258369 -> 0.610020 -0.087953 1.265120 / dir = -1.000000 / l_pyr = 0.019606
Debug   : vH = 4892 / nTets = 4 / pp.size() = 4 / 1.773223 -0.215879 1.215096 -> 1.776092 -0.219319 1.231721 / dir = -1.000000 / l_pyr = 0.034435
Debug   : vH = 4889 / nTets = 8 / pp.size() = 8 / 1.735074 -0.208646 1.222456 -> 1.738477 -0.213436 1.243925 / dir = -1.000000 / l_pyr = 0.044517
Debug   : vH = 4886 / nTets = 8 / pp.size() = 8 / 1.686145 -0.199670 1.231240 -> 1.689337 -0.205196 1.253890 / dir = -1.000000 / l_pyr = 0.047063
Debug   : vH = 4884 / nTets = 4 / pp.size() = 4 / 1.624779 -0.188876 1.241247 -> 1.627413 -0.194814 1.263220 / dir = -1.000000 / l_pyr = 0.045826
Debug   : vH = 4881 / nTets = 4 / pp.size() = 4 / 1.549961 -0.176376 1.251982 -> 1.551974 -0.182760 1.273075 / dir = -1.000000 / l_pyr = 0.044259
Debug   : vH = 4879 / nTets = 4 / pp.size() = 4 / 1.461819 -0.162523 1.262656 -> 1.463182 -0.169349 1.282641 / dir = -1.000000 / l_pyr = 0.042325
Debug   : vH = 4876 / nTets = 6 / pp.size() = 6 / 1.362074 -0.147913 1.272286 -> 1.362807 -0.155130 1.290934 / dir = -1.000000 / l_pyr = 0.040020
Debug   : vH = 4874 / nTets = 10 / pp.size() = 10 / 1.254214 -0.133306 1.279919 -> 1.254387 -0.140819 1.297040 / dir = -1.000000 / l_pyr = 0.037394
Debug   : vH = 4871 / nTets = 6 / pp.size() = 6 / 1.143183 -0.119463 1.284922 -> 1.142902 -0.127148 1.300397 / dir = -1.000000 / l_pyr = 0.034559
Debug   : vH = 4869 / nTets = 4 / pp.size() = 4 / 1.034515 -0.106992 1.287162 -> 1.033906 -0.114725 1.300970 / dir = -1.000000 / l_pyr = 0.031675
Debug   : vH = 4867 / nTets = 4 / pp.size() = 4 / 0.933300 -0.096263 1.287000 -> 0.932477 -0.103946 1.299217 / dir = -1.000000 / l_pyr = 0.028911
Debug   : vH = 4864 / nTets = 4 / pp.size() = 4 / 0.843288 -0.087386 1.285114 -> 0.842346 -0.094960 1.295891 / dir = -1.000000 / l_pyr = 0.026412
Debug   : vH = 4860 / nTets = 4 / pp.size() = 4 / 0.766462 -0.080267 1.282260 -> 0.765466 -0.087707 1.291790 / dir = -1.000000 / l_pyr = 0.024262
Debug   : vH = 4858 / nTets = 4 / pp.size() = 4 / 0.703159 -0.074699 1.279076 -> 0.702151 -0.082008 1.287563 / dir = -1.000000 / l_pyr = 0.022491
Debug   : vH = 4855 / nTets = 4 / pp.size() = 4 / 0.652505 -0.070429 1.275998 -> 0.651507 -0.077624 1.283637 / dir = -1.000000 / l_pyr = 0.021082
Debug   : vH = 4852 / nTets = 4 / pp.size() = 4 / 0.612902 -0.067199 1.273273 -> 0.611924 -0.074301 1.280237 / dir = -1.000000 / l_pyr = 0.019989
Debug   : vH = 4846 / nTets = 4 / pp.size() = 4 / 1.778787 -0.166583 1.224589 -> 1.782072 -0.169953 1.241197 / dir = -1.000000 / l_pyr = 0.034524
Debug   : vH = 4844 / nTets = 10 / pp.size() = 10 / 1.740537 -0.160274 1.232713 -> 1.744471 -0.164946 1.254172 / dir = -1.000000 / l_pyr = 0.044622
Debug   : vH = 4840 / nTets = 4 / pp.size() = 4 / 1.691469 -0.152508 1.242410 -> 1.695388 -0.158123 1.266119 / dir = -1.000000 / l_pyr = 0.049356
Debug   : vH = 4837 / nTets = 4 / pp.size() = 4 / 1.629918 -0.143269 1.253458 -> 1.633203 -0.149249 1.276345 / dir = -1.000000 / l_pyr = 0.047765
Debug   : vH = 4834 / nTets = 6 / pp.size() = 6 / 1.554858 -0.132723 1.265311 -> 1.557443 -0.139100 1.287164 / dir = -1.000000 / l_pyr = 0.045821
Debug   : vH = 4831 / nTets = 6 / pp.size() = 6 / 1.466414 -0.121250 1.277093 -> 1.468271 -0.128026 1.297685 / dir = -1.000000 / l_pyr = 0.043516
Debug   : vH = 4829 / nTets = 4 / pp.size() = 4 / 1.366308 -0.109437 1.287712 -> 1.367462 -0.116573 1.306830 / dir = -1.000000 / l_pyr = 0.040879
Debug   : vH = 4827 / nTets = 4 / pp.size() = 4 / 1.258045 -0.097976 1.296114 -> 1.258574 -0.105392 1.313591 / dir = -1.000000 / l_pyr = 0.037985
Debug   : vH = 4825 / nTets = 6 / pp.size() = 6 / 1.146590 -0.087502 1.301594 -> 1.146615 -0.095092 1.317341 / dir = -1.000000 / l_pyr = 0.034961
Debug   : vH = 4823 / nTets = 4 / pp.size() = 4 / 1.037508 -0.078451 1.304007 -> 1.037163 -0.086106 1.318033 / dir = -1.000000 / l_pyr = 0.031965
Debug   : vH = 4819 / nTets = 6 / pp.size() = 6 / 0.935910 -0.071015 1.303754 -> 0.935322 -0.078646 1.316160 / dir = -1.000000 / l_pyr = 0.029153
Debug   : vH = 4817 / nTets = 4 / pp.size() = 4 / 0.845564 -0.065151 1.301594 -> 0.844835 -0.072701 1.312548 / dir = -1.000000 / l_pyr = 0.026648
Debug   : vH = 4814 / nTets = 8 / pp.size() = 8 / 0.768459 -0.060663 1.298368 -> 0.767662 -0.068109 1.308074 / dir = -1.000000 / l_pyr = 0.024517
Debug   : vH = 4811 / nTets = 8 / pp.size() = 8 / 0.704931 -0.057304 1.294784 -> 0.704112 -0.064644 1.303453 / dir = -1.000000 / l_pyr = 0.022776
Debug   : vH = 4809 / nTets = 8 / pp.size() = 8 / 0.654099 -0.054827 1.291329 -> 0.653284 -0.062074 1.299158 / dir = -1.000000 / l_pyr = 0.021398
Debug   : vH = 4805 / nTets = 4 / pp.size() = 4 / 0.614358 -0.053013 1.288273 -> 0.613559 -0.060183 1.295436 / dir = -1.000000 / l_pyr = 0.020333
Debug   : vH = 4800 / nTets = 4 / pp.size() = 4 / 1.783167 -0.114425 1.234524 -> 1.786845 -0.117706 1.251107 / dir = -1.000000 / l_pyr = 0.034600
Debug   : vH = 4797 / nTets = 4 / pp.size() = 4 / 1.744822 -0.109258 1.243330 -> 1.749259 -0.113790 1.264767 / dir = -1.000000 / l_pyr = 0.044712
Debug   : vH = 4795 / nTets = 8 / pp.size() = 8 / 1.695626 -0.102961 1.253846 -> 1.700260 -0.108596 1.278429 / dir = -1.000000 / l_pyr = 0.051287
Debug   : vH = 4793 / nTets = 8 / pp.size() = 8 / 1.633908 -0.095575 1.265831 -> 1.637835 -0.101534 1.289463 / dir = -1.000000 / l_pyr = 0.049372
Debug   : vH = 4789 / nTets = 4 / pp.size() = 4 / 1.558636 -0.087306 1.278695 -> 1.561786 -0.093621 1.301155 / dir = -1.000000 / l_pyr = 0.047084
Debug   : vH = 4787 / nTets = 4 / pp.size() = 4 / 1.469932 -0.078546 1.291486 -> 1.472277 -0.085223 1.312550 / dir = -1.000000 / l_pyr = 0.044442
Debug   : vH = 4783 / nTets = 8 / pp.size() = 8 / 1.369525 -0.069844 1.303014 -> 1.371097 -0.076854 1.322483 / dir = -1.000000 / l_pyr = 0.041504
Debug   : vH = 4780 / nTets = 4 / pp.size() = 4 / 1.260934 -0.061801 1.312131 -> 1.261820 -0.069079 1.329860 / dir = -1.000000 / l_pyr = 0.038371
Debug   : vH = 4777 / nTets = 4 / pp.size() = 4 / 1.149146 -0.054907 1.318065 -> 1.149477 -0.062362 1.333995 / dir = -1.000000 / l_pyr = 0.035183
Debug   : vH = 4773 / nTets = 4 / pp.size() = 4 / 1.039747 -0.049425 1.320654 -> 1.039669 -0.056961 1.334822 / dir = -1.000000 / l_pyr = 0.032095
Debug   : vH = 4771 / nTets = 6 / pp.size() = 6 / 0.937865 -0.045371 1.320339 -> 0.937515 -0.052907 1.332867 / dir = -1.000000 / l_pyr = 0.029250
Debug   : vH = 4769 / nTets = 4 / pp.size() = 4 / 0.847279 -0.042560 1.317945 -> 0.846768 -0.050044 1.329019 / dir = -1.000000 / l_pyr = 0.026751
Debug   : vH = 4766 / nTets = 4 / pp.size() = 4 / 0.769979 -0.040714 1.314391 -> 0.769385 -0.048120 1.324224 / dir = -1.000000 / l_pyr = 0.024649
Debug   : vH = 4764 / nTets = 4 / pp.size() = 4 / 0.706297 -0.039555 1.310453 -> 0.705672 -0.046880 1.319259 / dir = -1.000000 / l_pyr = 0.022944
Debug   : vH = 4761 / nTets = 4 / pp.size() = 4 / 0.655345 -0.038854 1.306659 -> 0.654718 -0.046105 1.314639 / dir = -1.000000 / l_pyr = 0.021602
Debug   : vH = 4757 / nTets = 8 / pp.size() = 8 / 0.615513 -0.038438 1.303307 -> 0.614897 -0.045628 1.310634 / dir = -1.000000 / l_pyr = 0.020568
Debug   : vH = 4752 / nTets = 4 / pp.size() = 4 / 1.786104 -0.059920 1.244836 -> 1.790149 -0.063092 1.261385 / dir = -1.000000 / l_pyr = 0.034659
Debug   : vH = 4749 / nTets = 4 / pp.size() = 4 / 1.747689 -0.056085 1.254242 -> 1.752597 -0.060460 1.275647 / dir = -1.000000 / l_pyr = 0.044783
Debug   : vH = 4745 / nTets = 10 / pp.size() = 10 / 1.698399 -0.051489 1.265481 -> 1.703707 -0.057065 1.290701 / dir = -1.000000 / l_pyr = 0.052736
Debug   : vH = 4743 / nTets = 6 / pp.size() = 6 / 1.636559 -0.046221 1.278299 -> 1.641093 -0.052088 1.302458 / dir = -1.000000 / l_pyr = 0.050542
Debug   : vH = 4740 / nTets = 8 / pp.size() = 8 / 1.561133 -0.040516 1.292067 -> 1.564819 -0.046706 1.314939 / dir = -1.000000 / l_pyr = 0.047960
Debug   : vH = 4737 / nTets = 8 / pp.size() = 8 / 1.472243 -0.034758 1.305766 -> 1.475055 -0.041281 1.327131 / dir = -1.000000 / l_pyr = 0.045031
Debug   : vH = 4735 / nTets = 4 / pp.size() = 4 / 1.371624 -0.029438 1.318121 -> 1.373597 -0.036273 1.337795 / dir = -1.000000 / l_pyr = 0.041840
Debug   : vH = 4733 / nTets = 4 / pp.size() = 4 / 1.262806 -0.025042 1.327896 -> 1.264037 -0.032137 1.345755 / dir = -1.000000 / l_pyr = 0.038512
Debug   : vH = 4731 / nTets = 4 / pp.size() = 4 / 1.150792 -0.021902 1.334257 -> 1.151422 -0.029179 1.350269 / dir = -1.000000 / l_pyr = 0.035198
Debug   : vH = 4729 / nTets = 4 / pp.size() = 4 / 1.041186 -0.020101 1.337027 -> 1.041372 -0.027476 1.351252 / dir = -1.000000 / l_pyr = 0.032049
Debug   : vH = 4726 / nTets = 4 / pp.size() = 4 / 0.939128 -0.019485 1.336673 -> 0.939015 -0.026886 1.349255 / dir = -1.000000 / l_pyr = 0.029195
Debug   : vH = 4724 / nTets = 4 / pp.size() = 4 / 0.848399 -0.019746 1.334083 -> 0.848106 -0.027122 1.345220 / dir = -1.000000 / l_pyr = 0.026721
Debug   : vH = 4722 / nTets = 4 / pp.size() = 4 / 0.770989 -0.020532 1.330247 -> 0.770600 -0.027856 1.340157 / dir = -1.000000 / l_pyr = 0.024659
Debug   : vH = 4720 / nTets = 4 / pp.size() = 4 / 0.707226 -0.021549 1.325997 -> 0.706795 -0.028816 1.334899 / dir = -1.000000 / l_pyr = 0.022999
Debug   : vH = 4718 / nTets = 8 / pp.size() = 8 / 0.656212 -0.022595 1.321905 -> 0.655772 -0.029807 1.329998 / dir = -1.000000 / l_pyr = 0.021699
Debug   : vH = 4714 / nTets = 4 / pp.size() = 4 / 0.616335 -0.023548 1.318289 -> 0.615901 -0.030715 1.325745 / dir = -1.000000 / l_pyr = 0.020702
Debug   : vH = 4708 / nTets = 6 / pp.size() = 6 / 1.787385 -0.003705 1.255442 -> 1.791766 -0.006752 1.271952 / dir = -1.000000 / l_pyr = 0.034700
Debug   : vH = 4706 / nTets = 8 / pp.size() = 8 / 1.748944 -0.001365 1.265368 -> 1.754286 -0.005564 1.286730 / dir = -1.000000 / l_pyr = 0.044834
Debug   : vH = 4702 / nTets = 4 / pp.size() = 4 / 1.699617 0.001340 1.277236 -> 1.705527 -0.004097 1.302828 / dir = -1.000000 / l_pyr = 0.053645
Debug   : vH = 4699 / nTets = 4 / pp.size() = 4 / 1.637725 0.004274 1.290782 -> 1.642806 -0.001430 1.315231 / dir = -1.000000 / l_pyr = 0.051228
Debug   : vH = 4695 / nTets = 4 / pp.size() = 4 / 1.562231 0.007181 1.305346 -> 1.566404 0.001180 1.328422 / dir = -1.000000 / l_pyr = 0.048413
Debug   : vH = 4691 / nTets = 4 / pp.size() = 4 / 1.473255 0.009705 1.319853 -> 1.476495 0.003392 1.341343 / dir = -1.000000 / l_pyr = 0.045262
Debug   : vH = 4689 / nTets = 8 / pp.size() = 8 / 1.372535 0.011432 1.332954 -> 1.374882 0.004820 1.352684 / dir = -1.000000 / l_pyr = 0.041881
Debug   : vH = 4686 / nTets = 6 / pp.size() = 6 / 1.263611 0.012009 1.343332 -> 1.265167 0.005140 1.361201 / dir = -1.000000 / l_pyr = 0.038415
Debug   : vH = 4684 / nTets = 4 / pp.size() = 4 / 1.151496 0.011275 1.350096 -> 1.152412 0.004214 1.366094 / dir = -1.000000 / l_pyr = 0.035021
Debug   : vH = 4680 / nTets = 4 / pp.size() = 4 / 1.041804 0.009329 1.353049 -> 1.042244 0.002150 1.367257 / dir = -1.000000 / l_pyr = 0.031849
Debug   : vH = 4677 / nTets = 8 / pp.size() = 8 / 0.939680 0.006484 1.352684 -> 0.939798 -0.000747 1.365259 / dir = -1.000000 / l_pyr = 0.029014
Debug   : vH = 4674 / nTets = 4 / pp.size() = 4 / 0.848908 0.003165 1.349939 -> 0.848828 -0.004070 1.361089 / dir = -1.000000 / l_pyr = 0.026584
Debug   : vH = 4671 / nTets = 6 / pp.size() = 6 / 0.771473 -0.000220 1.345865 -> 0.771284 -0.007431 1.355813 / dir = -1.000000 / l_pyr = 0.024577
Debug   : vH = 4668 / nTets = 6 / pp.size() = 6 / 0.707698 -0.003374 1.341347 -> 0.707457 -0.010551 1.350312 / dir = -1.000000 / l_pyr = 0.022972
Debug   : vH = 4665 / nTets = 4 / pp.size() = 4 / 0.656679 -0.006126 1.336997 -> 0.656422 -0.013268 1.345175 / dir = -1.000000 / l_pyr = 0.021721
Debug   : vH = 4661 / nTets = 6 / pp.size() = 6 / 0.616801 -0.008412 1.333152 -> 0.616545 -0.015523 1.340712 / dir = -1.000000 / l_pyr = 0.020765
Debug   : vH = 4656 / nTets = 4 / pp.size() = 4 / 1.786880 0.053459 1.266241 -> 1.791564 0.050551 1.282704 / dir = -1.000000 / l_pyr = 0.034723
Debug   : vH = 4653 / nTets = 8 / pp.size() = 8 / 1.748471 0.054186 1.276606 -> 1.754206 0.050176 1.297918 / dir = -1.000000 / l_pyr = 0.044865
Debug   : vH = 4649 / nTets = 10 / pp.size() = 10 / 1.699180 0.054858 1.289009 -> 1.705588 0.049640 1.314657 / dir = -1.000000 / l_pyr = 0.053893
Debug   : vH = 4646 / nTets = 4 / pp.size() = 4 / 1.637326 0.055298 1.303181 -> 1.642863 0.049832 1.327631 / dir = -1.000000 / l_pyr = 0.051317
Debug   : vH = 4644 / nTets = 4 / pp.size() = 4 / 1.561869 0.055242 1.318437 -> 1.566455 0.049496 1.341461 / dir = -1.000000 / l_pyr = 0.048339
Debug   : vH = 4642 / nTets = 4 / pp.size() = 4 / 1.472927 0.054369 1.333655 -> 1.476536 0.048327 1.355046 / dir = -1.000000 / l_pyr = 0.045038
Debug   : vH = 4639 / nTets = 4 / pp.size() = 4 / 1.372236 0.052364 1.347421 -> 1.374911 0.046031 1.367019 / dir = -1.000000 / l_pyr = 0.041538
Debug   : vH = 4637 / nTets = 6 / pp.size() = 6 / 1.263339 0.049019 1.358350 -> 1.265188 0.042427 1.376072 / dir = -1.000000 / l_pyr = 0.037996
Debug   : vH = 4635 / nTets = 4 / pp.size() = 4 / 1.151254 0.044351 1.365496 -> 1.152433 0.037556 1.381350 / dir = -1.000000 / l_pyr = 0.034578
Debug   : vH = 4632 / nTets = 8 / pp.size() = 8 / 1.041600 0.038643 1.368640 -> 1.042278 0.031709 1.382723 / dir = -1.000000 / l_pyr = 0.031425
Debug   : vH = 4630 / nTets = 4 / pp.size() = 4 / 0.939523 0.032360 1.368292 -> 0.939859 0.025346 1.380773 / dir = -1.000000 / l_pyr = 0.028642
Debug   : vH = 4628 / nTets = 4 / pp.size() = 4 / 0.848804 0.026028 1.365434 -> 0.848926 0.018981 1.376524 / dir = -1.000000 / l_pyr = 0.026281
Debug   : vH = 4626 / nTets = 6 / pp.size() = 6 / 0.771425 0.020099 1.361169 -> 0.771426 0.013048 1.371092 / dir = -1.000000 / l_pyr = 0.024346
Debug   : vH = 4623 / nTets = 4 / pp.size() = 4 / 0.707703 0.014867 1.356430 -> 0.707645 0.007827 1.365402 / dir = -1.000000 / l_pyr = 0.022808
Debug   : vH = 4621 / nTets = 10 / pp.size() = 10 / 0.656732 0.010462 1.351862 -> 0.656651 0.003437 1.360074 / dir = -1.000000 / l_pyr = 0.021615
Debug   : vH = 4618 / nTets = 4 / pp.size() = 4 / 0.616894 0.006889 1.347821 -> 0.616809 -0.000120 1.355440 / dir = -1.000000 / l_pyr = 0.020705
Debug   : vH = 4613 / nTets = 4 / pp.size() = 4 / 1.784544 0.110740 1.277113 -> 1.789497 0.107980 1.293524 / dir = -1.000000 / l_pyr = 0.034726
Debug   : vH = 4610 / nTets = 10 / pp.size() = 10 / 1.746237 0.109779 1.287841 -> 1.752324 0.105967 1.309099 / dir = -1.000000 / l_pyr = 0.044879
Debug   : vH = 4607 / nTets = 4 / pp.size() = 4 / 1.697066 0.108334 1.300690 -> 1.703846 0.103402 1.326085 / dir = -1.000000 / l_pyr = 0.053487
Debug   : vH = 4604 / nTets = 8 / pp.size() = 8 / 1.635352 0.106187 1.315390 -> 1.641238 0.101020 1.339563 / dir = -1.000000 / l_pyr = 0.050821
Debug   : vH = 4601 / nTets = 8 / pp.size() = 8 / 1.560049 0.103073 1.331237 -> 1.564959 0.097638 1.353964 / dir = -1.000000 / l_pyr = 0.047758
Debug   : vH = 4598 / nTets = 8 / pp.size() = 8 / 1.471270 0.098722 1.347073 -> 1.475177 0.092999 1.368156 / dir = -1.000000 / l_pyr = 0.044385
Debug   : vH = 4596 / nTets = 4 / pp.size() = 4 / 1.370746 0.092924 1.361430 -> 1.373695 0.086914 1.380722 / dir = -1.000000 / l_pyr = 0.040841
Debug   : vH = 4591 / nTets = 6 / pp.size() = 6 / 1.262014 0.085628 1.372860 -> 1.264115 0.079354 1.390293 / dir = -1.000000 / l_pyr = 0.037293
Debug   : vH = 4587 / nTets = 4 / pp.size() = 4 / 1.150092 0.077035 1.380369 -> 1.151503 0.070543 1.395966 / dir = -1.000000 / l_pyr = 0.033906
Debug   : vH = 4585 / nTets = 4 / pp.size() = 4 / 1.040596 0.067607 1.383715 -> 1.041490 0.060952 1.397584 / dir = -1.000000 / l_pyr = 0.030818
Debug   : vH = 4582 / nTets = 4 / pp.size() = 4 / 0.938672 0.057951 1.383415 -> 0.939209 0.051189 1.395730 / dir = -1.000000 / l_pyr = 0.028119
Debug   : vH = 4579 / nTets = 4 / pp.size() = 4 / 0.848097 0.048685 1.380488 -> 0.848408 0.041860 1.391460 / dir = -1.000000 / l_pyr = 0.025850
Debug   : vH = 4577 / nTets = 4 / pp.size() = 4 / 0.770849 0.040295 1.376081 -> 0.771029 0.033438 1.385930 / dir = -1.000000 / l_pyr = 0.024004
Debug   : vH = 4574 / nTets = 8 / pp.size() = 8 / 0.707242 0.033061 1.371169 -> 0.707355 0.026191 1.380105 / dir = -1.000000 / l_pyr = 0.022545
Debug   : vH = 4572 / nTets = 6 / pp.size() = 6 / 0.656367 0.027070 1.366425 -> 0.656451 0.020195 1.374634 / dir = -1.000000 / l_pyr = 0.021416
Debug   : vH = 4569 / nTets = 4 / pp.size() = 4 / 0.616605 0.022265 1.362224 -> 0.616682 0.015391 1.369866 / dir = -1.000000 / l_pyr = 0.020558
Debug   : vH = 4563 / nTets = 6 / pp.size() = 6 / 1.780438 0.167303 1.287933 -> 1.785626 0.164697 1.304289 / dir = -1.000000 / l_pyr = 0.034712
Debug   : vH = 4559 / nTets = 6 / pp.size() = 6 / 1.742302 0.164630 1.298952 -> 1.748699 0.161021 1.320150 / dir = -1.000000 / l_pyr = 0.044868
Debug   : vH = 4557 / nTets = 10 / pp.size() = 10 / 1.693340 0.161040 1.312165 -> 1.700353 0.156451 1.337000 / dir = -1.000000 / l_pyr = 0.052423
Debug   : vH = 4554 / nTets = 4 / pp.size() = 4 / 1.631869 0.156281 1.327301 -> 1.637984 0.151464 1.350920 / dir = -1.000000 / l_pyr = 0.049738
Debug   : vH = 4552 / nTets = 4 / pp.size() = 4 / 1.556840 0.150093 1.343645 -> 1.561972 0.145015 1.365832 / dir = -1.000000 / l_pyr = 0.046663
Debug   : vH = 4550 / nTets = 4 / pp.size() = 4 / 1.468354 0.142260 1.360013 -> 1.472478 0.136900 1.380577 / dir = -1.000000 / l_pyr = 0.043295
Debug   : vH = 4548 / nTets = 4 / pp.size() = 4 / 1.368131 0.132689 1.374891 -> 1.371290 0.127041 1.393700 / dir = -1.000000 / l_pyr = 0.039782
Debug   : vH = 4546 / nTets = 4 / pp.size() = 4 / 1.259697 0.121489 1.386780 -> 1.262002 0.115570 1.403779 / dir = -1.000000 / l_pyr = 0.036293
Debug   : vH = 4544 / nTets = 8 / pp.size() = 8 / 1.148063 0.109047 1.394639 -> 1.149670 0.102893 1.409860 / dir = -1.000000 / l_pyr = 0.032993
Debug   : vH = 4542 / nTets = 4 / pp.size() = 4 / 1.038838 0.095995 1.398199 -> 1.039919 0.089655 1.411757 / dir = -1.000000 / l_pyr = 0.030012
Debug   : vH = 4539 / nTets = 4 / pp.size() = 4 / 0.937163 0.083076 1.397983 -> 0.937880 0.076600 1.410052 / dir = -1.000000 / l_pyr = 0.027430
Debug   : vH = 4536 / nTets = 6 / pp.size() = 6 / 0.846813 0.070988 1.395034 -> 0.847295 0.064420 1.405821 / dir = -1.000000 / l_pyr = 0.025276
Debug   : vH = 4534 / nTets = 4 / pp.size() = 4 / 0.769762 0.060242 1.390536 -> 0.770106 0.053615 1.400253 / dir = -1.000000 / l_pyr = 0.023534
Debug   : vH = 4532 / nTets = 4 / pp.size() = 4 / 0.706323 0.051100 1.385498 -> 0.706593 0.044435 1.394348 / dir = -1.000000 / l_pyr = 0.022164
Debug   : vH = 4529 / nTets = 4 / pp.size() = 4 / 0.655585 0.043600 1.380621 -> 0.655821 0.036912 1.388782 / dir = -1.000000 / l_pyr = 0.021108
Debug   : vH = 4526 / nTets = 4 / pp.size() = 4 / 0.615933 0.037628 1.376296 -> 0.616157 0.030925 1.383920 / dir = -1.000000 / l_pyr = 0.020308
Debug   : vH = 4521 / nTets = 4 / pp.size() = 4 / 1.774708 0.222381 1.298524 -> 1.780105 0.219964 1.314833 / dir = -1.000000 / l_pyr = 0.034696
Debug   : vH = 4518 / nTets = 8 / pp.size() = 8 / 1.736811 0.218025 1.309783 -> 1.743484 0.214658 1.330929 / dir = -1.000000 / l_pyr = 0.044857
Debug   : vH = 4515 / nTets = 4 / pp.size() = 4 / 1.688139 0.212329 1.323297 -> 1.695261 0.208149 1.347342 / dir = -1.000000 / l_pyr = 0.050846
Debug   : vH = 4513 / nTets = 4 / pp.size() = 4 / 1.627008 0.205008 1.338800 -> 1.633245 0.200592 1.361671 / dir = -1.000000 / l_pyr = 0.048229
Debug   : vH = 4510 / nTets = 4 / pp.size() = 4 / 1.552363 0.195808 1.355570 -> 1.557631 0.191123 1.377058 / dir = -1.000000 / l_pyr = 0.045231
Debug   : vH = 4507 / nTets = 6 / pp.size() = 6 / 1.464289 0.184571 1.372400 -> 1.468561 0.179596 1.392322 / dir = -1.000000 / l_pyr = 0.041947
Debug   : vH = 4503 / nTets = 6 / pp.size() = 6 / 1.364491 0.171320 1.387743 -> 1.367806 0.166049 1.405971 / dir = -1.000000 / l_pyr = 0.038524
Debug   : vH = 4501 / nTets = 6 / pp.size() = 6 / 1.256477 0.156327 1.400056 -> 1.258942 0.150774 1.416539 / dir = -1.000000 / l_pyr = 0.035135
Debug   : vH = 4498 / nTets = 4 / pp.size() = 4 / 1.145242 0.140160 1.408252 -> 1.147010 0.134357 1.423029 / dir = -1.000000 / l_pyr = 0.031946
Debug   : vH = 4496 / nTets = 4 / pp.size() = 4 / 1.036387 0.123620 1.412041 -> 1.037628 0.117611 1.425226 / dir = -1.000000 / l_pyr = 0.029085
Debug   : vH = 4493 / nTets = 4 / pp.size() = 4 / 0.935047 0.107577 1.411941 -> 0.935919 0.101407 1.423706 / dir = -1.000000 / l_pyr = 0.026626
Debug   : vH = 4491 / nTets = 4 / pp.size() = 4 / 0.844991 0.092799 1.409013 -> 0.845624 0.086513 1.419561 / dir = -1.000000 / l_pyr = 0.024590
Debug   : vH = 4487 / nTets = 6 / pp.size() = 6 / 0.768194 0.079818 1.404471 -> 0.768683 0.073448 1.414006 / dir = -1.000000 / l_pyr = 0.022955
Debug   : vH = 4485 / nTets = 8 / pp.size() = 8 / 0.704967 0.068872 1.399354 -> 0.705378 0.062444 1.408069 / dir = -1.000000 / l_pyr = 0.021674
Debug   : vH = 4482 / nTets = 6 / pp.size() = 6 / 0.654401 0.059951 1.394385 -> 0.654773 0.053482 1.402450 / dir = -1.000000 / l_pyr = 0.020691
Debug   : vH = 4478 / nTets = 4 / pp.size() = 4 / 0.614887 0.052879 1.389970 -> 0.615244 0.046383 1.397530 / dir = -1.000000 / l_pyr = 0.019948
Debug   : vH = 4472 / nTets = 4 / pp.size() = 4 / 1.767576 0.275322 1.308629 -> 1.773161 0.273155 1.324905 / dir = -1.000000 / l_pyr = 0.034686
Debug   : vH = 4470 / nTets = 8 / pp.size() = 8 / 1.729974 0.269365 1.320105 -> 1.736894 0.266311 1.341217 / dir = -1.000000 / l_pyr = 0.044852
Debug   : vH = 4468 / nTets = 10 / pp.size() = 10 / 1.681660 0.261660 1.333893 -> 1.688765 0.257980 1.356926 / dir = -1.000000 / l_pyr = 0.048765
Debug   : vH = 4465 / nTets = 4 / pp.size() = 4 / 1.620951 0.251893 1.349729 -> 1.627201 0.247956 1.371656 / dir = -1.000000 / l_pyr = 0.046275
Debug   : vH = 4463 / nTets = 4 / pp.size() = 4 / 1.546782 0.239814 1.366888 -> 1.552093 0.235585 1.387508 / dir = -1.000000 / l_pyr = 0.043418
Debug   : vH = 4460 / nTets = 6 / pp.size() = 6 / 1.459222 0.225321 1.384146 -> 1.463565 0.220780 1.403284 / dir = -1.000000 / l_pyr = 0.040287
Debug   : vH = 4458 / nTets = 6 / pp.size() = 6 / 1.359953 0.208551 1.399926 -> 1.363363 0.203691 1.417462 / dir = -1.000000 / l_pyr = 0.037028
Debug   : vH = 4456 / nTets = 4 / pp.size() = 4 / 1.252460 0.189934 1.412645 -> 1.255039 0.184768 1.428533 / dir = -1.000000 / l_pyr = 0.033809
Debug   : vH = 4454 / nTets = 4 / pp.size() = 4 / 1.141719 0.170215 1.421182 -> 1.143614 0.164774 1.435459 / dir = -1.000000 / l_pyr = 0.030791
Debug   : vH = 4450 / nTets = 6 / pp.size() = 6 / 1.033318 0.150358 1.425219 -> 1.034690 0.144683 1.437995 / dir = -1.000000 / l_pyr = 0.028093
Debug   : vH = 4448 / nTets = 4 / pp.size() = 4 / 0.932382 0.131351 1.425267 -> 0.933387 0.125491 1.436704 / dir = -1.000000 / l_pyr = 0.025781
Debug   : vH = 4446 / nTets = 4 / pp.size() = 4 / 0.842678 0.114031 1.422402 -> 0.843442 0.108029 1.432690 / dir = -1.000000 / l_pyr = 0.023871
Debug   : vH = 4444 / nTets = 4 / pp.size() = 4 / 0.766180 0.098943 1.417859 -> 0.766798 0.092835 1.427192 / dir = -1.000000 / l_pyr = 0.022342
Debug   : vH = 4441 / nTets = 4 / pp.size() = 4 / 0.703202 0.086299 1.412703 -> 0.703737 0.080115 1.421264 / dir = -1.000000 / l_pyr = 0.021148
Debug   : vH = 4439 / nTets = 8 / pp.size() = 8 / 0.652837 0.076044 1.407679 -> 0.653330 0.069805 1.415627 / dir = -1.000000 / l_pyr = 0.020234
Debug   : vH = 4435 / nTets = 4 / pp.size() = 4 / 0.613482 0.067944 1.403205 -> 0.613956 0.061665 1.410678 / dir = -1.000000 / l_pyr = 0.019544
Debug   : vH = 4431 / nTets = 4 / pp.size() = 4 / 1.759328 0.325543 1.317945 -> 1.765077 0.323698 1.334203 / dir = -1.000000 / l_pyr = 0.034686
Debug   : vH = 4427 / nTets = 6 / pp.size() = 6 / 1.722060 0.318097 1.329643 -> 1.729197 0.315445 1.350738 / dir = -1.000000 / l_pyr = 0.044852
Debug   : vH = 4425 / nTets = 4 / pp.size() = 4 / 1.674155 0.308523 1.343710 -> 1.681110 0.305432 1.365503 / dir = -1.000000 / l_pyr = 0.046166
Debug   : vH = 4422 / nTets = 4 / pp.size() = 4 / 1.613929 0.296474 1.359884 -> 1.620074 0.293094 1.380660 / dir = -1.000000 / l_pyr = 0.043857
Debug   : vH = 4417 / nTets = 6 / pp.size() = 6 / 1.540305 0.281704 1.377434 -> 1.545560 0.277997 1.397006 / dir = -1.000000 / l_pyr = 0.041202
Debug   : vH = 4415 / nTets = 4 / pp.size() = 4 / 1.453335 0.264163 1.395122 -> 1.457667 0.260108 1.413323 / dir = -1.000000 / l_pyr = 0.038288
Debug   : vH = 4411 / nTets = 6 / pp.size() = 6 / 1.354673 0.244093 1.411343 -> 1.358113 0.239685 1.428056 / dir = -1.000000 / l_pyr = 0.035247
Debug   : vH = 4408 / nTets = 6 / pp.size() = 6 / 1.247779 0.222075 1.424481 -> 1.250419 0.217330 1.439658 / dir = -1.000000 / l_pyr = 0.032239
Debug   : vH = 4405 / nTets = 4 / pp.size() = 4 / 1.137603 0.199023 1.433377 -> 1.139580 0.193975 1.447050 / dir = -1.000000 / l_pyr = 0.029418
Debug   : vH = 4403 / nTets = 6 / pp.size() = 6 / 1.029717 0.176055 1.437690 -> 1.031187 0.170747 1.449962 / dir = -1.000000 / l_pyr = 0.026902
Debug   : vH = 4401 / nTets = 4 / pp.size() = 4 / 0.929238 0.154272 1.437925 -> 0.930348 0.148753 1.448948 / dir = -1.000000 / l_pyr = 0.024755
Debug   : vH = 4397 / nTets = 6 / pp.size() = 6 / 0.839928 0.134574 1.435165 -> 0.840800 0.128889 1.445118 / dir = -1.000000 / l_pyr = 0.022991
Debug   : vH = 4395 / nTets = 4 / pp.size() = 4 / 0.763764 0.117518 1.430664 -> 0.764489 0.111705 1.439728 / dir = -1.000000 / l_pyr = 0.021584
Debug   : vH = 4393 / nTets = 4 / pp.size() = 4 / 0.701062 0.103293 1.425509 -> 0.701702 0.097385 1.433855 / dir = -1.000000 / l_pyr = 0.020491
Debug   : vH = 4390 / nTets = 4 / pp.size() = 4 / 0.650918 0.091796 1.420463 -> 0.651513 0.085819 1.428241 / dir = -1.000000 / l_pyr = 0.019655
Debug   : vH = 4386 / nTets = 8 / pp.size() = 8 / 0.611738 0.082740 1.415959 -> 0.612312 0.076711 1.423295 / dir = -1.000000 / l_pyr = 0.019026
Debug   : vH = 4380 / nTets = 6 / pp.size() = 6 / 1.750277 0.372570 1.326238 -> 1.756167 0.371093 1.342485 / dir = -1.000000 / l_pyr = 0.034688
Debug   : vH = 4377 / nTets = 8 / pp.size() = 8 / 1.713372 0.363762 1.338178 -> 1.720695 0.361569 1.359265 / dir = -1.000000 / l_pyr = 0.044861
Debug   : vH = 4374 / nTets = 8 / pp.size() = 8 / 1.665909 0.352476 1.352545 -> 1.672594 0.350008 1.372915 / dir = -1.000000 / l_pyr = 0.043160
Debug   : vH = 4372 / nTets = 4 / pp.size() = 4 / 1.606203 0.338335 1.369081 -> 1.612134 0.335548 1.388525 / dir = -1.000000 / l_pyr = 0.041038
Debug   : vH = 4370 / nTets = 8 / pp.size() = 8 / 1.533170 0.321092 1.387049 -> 1.538269 0.317947 1.405395 / dir = -1.000000 / l_pyr = 0.038598
Debug   : vH = 4368 / nTets = 4 / pp.size() = 4 / 1.446839 0.300745 1.405194 -> 1.451074 0.297217 1.422289 / dir = -1.000000 / l_pyr = 0.035923
Debug   : vH = 4366 / nTets = 4 / pp.size() = 4 / 1.348836 0.277634 1.421885 -> 1.352233 0.273718 1.437623 / dir = -1.000000 / l_pyr = 0.033140
Debug   : vH = 4364 / nTets = 4 / pp.size() = 4 / 1.242589 0.252481 1.435470 -> 1.245232 0.248192 1.449809 / dir = -1.000000 / l_pyr = 0.030396
Debug   : vH = 4361 / nTets = 4 / pp.size() = 4 / 1.133024 0.226355 1.444761 -> 1.135039 0.221728 1.457728 / dir = -1.000000 / l_pyr = 0.027831
Debug   : vH = 4358 / nTets = 4 / pp.size() = 4 / 1.025691 0.200517 1.449390 -> 1.027223 0.195598 1.461079 / dir = -1.000000 / l_pyr = 0.025547
Debug   : vH = 4356 / nTets = 4 / pp.size() = 4 / 0.925701 0.176176 1.449855 -> 0.926886 0.171017 1.460403 / dir = -1.000000 / l_pyr = 0.023603
Debug   : vH = 4353 / nTets = 4 / pp.size() = 4 / 0.836811 0.154289 1.447246 -> 0.837766 0.148937 1.456813 / dir = -1.000000 / l_pyr = 0.022008
Debug   : vH = 4350 / nTets = 6 / pp.size() = 6 / 0.761000 0.135423 1.442832 -> 0.761811 0.129922 1.451585 / dir = -1.000000 / l_pyr = 0.020739
Debug   : vH = 4348 / nTets = 4 / pp.size() = 4 / 0.698589 0.119745 1.437719 -> 0.699315 0.114132 1.445813 / dir = -1.000000 / l_pyr = 0.019754
Debug   : vH = 4345 / nTets = 6 / pp.size() = 6 / 0.648679 0.107110 1.432687 -> 0.649359 0.101412 1.440259 / dir = -1.000000 / l_pyr = 0.019002
Debug   : vH = 4341 / nTets = 6 / pp.size() = 6 / 0.609685 0.097176 1.428181 -> 0.610341 0.091416 1.435348 / dir = -1.000000 / l_pyr = 0.018436
Debug   : vH = 4338 / nTets = 4 / pp.size() = 4 / 1.740756 0.416052 1.333392 -> 1.746762 0.414970 1.349634 / dir = -1.000000 / l_pyr = 0.034702
Debug   : vH = 4334 / nTets = 8 / pp.size() = 8 / 1.704224 0.406017 1.345593 -> 1.711132 0.404447 1.365067 / dir = -1.000000 / l_pyr = 0.041444
Debug   : vH = 4331 / nTets = 8 / pp.size() = 8 / 1.657219 0.393187 1.360287 -> 1.663533 0.391326 1.379092 / dir = -1.000000 / l_pyr = 0.039848
Debug   : vH = 4328 / nTets = 8 / pp.size() = 8 / 1.598054 0.377154 1.377214 -> 1.603680 0.374951 1.395197 / dir = -1.000000 / l_pyr = 0.037941
Debug   : vH = 4325 / nTets = 4 / pp.size() = 4 / 1.525633 0.357674 1.395633 -> 1.530497 0.355086 1.412637 / dir = -1.000000 / l_pyr = 0.035748
Debug   : vH = 4323 / nTets = 4 / pp.size() = 4 / 1.439965 0.334786 1.414271 -> 1.444033 0.331784 1.430155 / dir = -1.000000 / l_pyr = 0.033340
Debug   : vH = 4320 / nTets = 4 / pp.size() = 4 / 1.342644 0.308917 1.431468 -> 1.345937 0.305498 1.446133 / dir = -1.000000 / l_pyr = 0.030829
Debug   : vH = 4316 / nTets = 4 / pp.size() = 4 / 1.237066 0.280918 1.445541 -> 1.239659 0.277097 1.458943 / dir = -1.000000 / l_pyr = 0.028352
Debug   : vH = 4313 / nTets = 6 / pp.size() = 6 / 1.128129 0.252002 1.455266 -> 1.130136 0.247816 1.467431 / dir = -1.000000 / l_pyr = 0.026043
Debug   : vH = 4310 / nTets = 6 / pp.size() = 6 / 1.021365 0.223564 1.460255 -> 1.022920 0.219060 1.471269 / dir = -1.000000 / l_pyr = 0.023999
Debug   : vH = 4308 / nTets = 4 / pp.size() = 4 / 0.921874 0.196909 1.460998 -> 0.923102 0.192138 1.470986 / dir = -1.000000 / l_pyr = 0.022272
Debug   : vH = 4306 / nTets = 4 / pp.size() = 4 / 0.833411 0.173043 1.458589 -> 0.834421 0.168055 1.467696 / dir = -1.000000 / l_pyr = 0.020865
Debug   : vH = 4304 / nTets = 4 / pp.size() = 4 / 0.757959 0.152543 1.454309 -> 0.758830 0.147385 1.462685 / dir = -1.000000 / l_pyr = 0.019751
Debug   : vH = 4302 / nTets = 4 / pp.size() = 4 / 0.695842 0.135555 1.449282 -> 0.696631 0.130265 1.457066 / dir = -1.000000 / l_pyr = 0.018889
Debug   : vH = 4299 / nTets = 4 / pp.size() = 4 / 0.646169 0.121892 1.444302 -> 0.646912 0.116502 1.451617 / dir = -1.000000 / l_pyr = 0.018234
Debug   : vH = 4295 / nTets = 6 / pp.size() = 6 / 0.607362 0.111168 1.439826 -> 0.608081 0.105703 1.446776 / dir = -1.000000 / l_pyr = 0.017742
Debug   : vH = 4290 / nTets = 4 / pp.size() = 4 / 1.731065 0.455801 1.339390 -> 1.737167 0.455126 1.355632 / dir = -1.000000 / l_pyr = 0.034726
Debug   : vH = 4287 / nTets = 10 / pp.size() = 10 / 1.694907 0.444682 1.351874 -> 1.701325 0.443677 1.369665 / dir = -1.000000 / l_pyr = 0.037880
Debug   : vH = 4285 / nTets = 4 / pp.size() = 4 / 1.648357 0.430485 1.366918 -> 1.654244 0.429176 1.384128 / dir = -1.000000 / l_pyr = 0.036471
Debug   : vH = 4283 / nTets = 4 / pp.size() = 4 / 1.589731 0.412777 1.384267 -> 1.594998 0.411111 1.400758 / dir = -1.000000 / l_pyr = 0.034784
Debug   : vH = 4281 / nTets = 8 / pp.size() = 8 / 1.517921 0.391311 1.403170 -> 1.522499 0.389240 1.418803 / dir = -1.000000 / l_pyr = 0.032842
Debug   : vH = 4279 / nTets = 4 / pp.size() = 4 / 1.432913 0.366159 1.422337 -> 1.436770 0.363654 1.436987 / dir = -1.000000 / l_pyr = 0.030711
Debug   : vH = 4277 / nTets = 4 / pp.size() = 4 / 1.336272 0.337831 1.440080 -> 1.339425 0.334883 1.453656 / dir = -1.000000 / l_pyr = 0.028492
Debug   : vH = 4275 / nTets = 4 / pp.size() = 4 / 1.231361 0.307288 1.454679 -> 1.233874 0.303913 1.467142 / dir = -1.000000 / l_pyr = 0.026309
Debug   : vH = 4273 / nTets = 4 / pp.size() = 4 / 1.123048 0.275878 1.464880 -> 1.125022 0.272111 1.476248 / dir = -1.000000 / l_pyr = 0.024276
Debug   : vH = 4271 / nTets = 4 / pp.size() = 4 / 1.016847 0.245113 1.470272 -> 1.018402 0.241004 1.480616 / dir = -1.000000 / l_pyr = 0.022477
Debug   : vH = 4269 / nTets = 4 / pp.size() = 4 / 0.917848 0.216389 1.471336 -> 0.919099 0.211991 1.480765 / dir = -1.000000 / l_pyr = 0.020957
Debug   : vH = 4267 / nTets = 4 / pp.size() = 4 / 0.829806 0.190757 1.469171 -> 0.830850 0.186124 1.477813 / dir = -1.000000 / l_pyr = 0.019722
Debug   : vH = 4264 / nTets = 4 / pp.size() = 4 / 0.754705 0.168802 1.465069 -> 0.755618 0.163981 1.473057 / dir = -1.000000 / l_pyr = 0.018749
Debug   : vH = 4259 / nTets = 6 / pp.size() = 6 / 0.692878 0.150648 1.460166 -> 0.693711 0.145681 1.467626 / dir = -1.000000 / l_pyr = 0.018001
Debug   : vH = 4257 / nTets = 6 / pp.size() = 6 / 0.643436 0.136073 1.455273 -> 0.644224 0.130994 1.462313 / dir = -1.000000 / l_pyr = 0.017434
Debug   : vH = 4254 / nTets = 4 / pp.size() = 4 / 0.604812 0.124647 1.450856 -> 0.605576 0.119483 1.457572 / dir = -1.000000 / l_pyr = 0.017011
Debug   : vH = 4248 / nTets = 4 / pp.size() = 4 / 1.721465 0.491801 1.344278 -> 1.727640 0.491545 1.360522 / dir = -1.000000 / l_pyr = 0.034760
Debug   : vH = 4244 / nTets = 8 / pp.size() = 8 / 1.685665 0.479748 1.357062 -> 1.691554 0.479237 1.373179 / dir = -1.000000 / l_pyr = 0.034335
Debug   : vH = 4242 / nTets = 6 / pp.size() = 6 / 1.639552 0.464369 1.372479 -> 1.644975 0.463549 1.388107 / dir = -1.000000 / l_pyr = 0.033124
Debug   : vH = 4239 / nTets = 8 / pp.size() = 8 / 1.581443 0.445207 1.390276 -> 1.586319 0.444021 1.405295 / dir = -1.000000 / l_pyr = 0.031671
Debug   : vH = 4237 / nTets = 4 / pp.size() = 4 / 1.510220 0.422011 1.409695 -> 1.514485 0.420409 1.423983 / dir = -1.000000 / l_pyr = 0.029994
Debug   : vH = 4235 / nTets = 4 / pp.size() = 4 / 1.425848 0.394882 1.429428 -> 1.429470 0.392830 1.442871 / dir = -1.000000 / l_pyr = 0.028147
Debug   : vH = 4233 / nTets = 4 / pp.size() = 4 / 1.329862 0.364396 1.447754 -> 1.332851 0.361882 1.460268 / dir = -1.000000 / l_pyr = 0.026218
Debug   : vH = 4231 / nTets = 4 / pp.size() = 4 / 1.225593 0.331615 1.462920 -> 1.228003 0.328654 1.474463 / dir = -1.000000 / l_pyr = 0.024315
Debug   : vH = 4229 / nTets = 4 / pp.size() = 4 / 1.117880 0.298004 1.473638 -> 1.119800 0.294631 1.484219 / dir = -1.000000 / l_pyr = 0.022541
Debug   : vH = 4227 / nTets = 4 / pp.size() = 4 / 1.012221 0.265183 1.479473 -> 1.013755 0.261449 1.489152 / dir = -1.000000 / l_pyr = 0.020974
Debug   : vH = 4225 / nTets = 4 / pp.size() = 4 / 0.913694 0.234627 1.480898 -> 0.914947 0.230587 1.489769 / dir = -1.000000 / l_pyr = 0.019655
Debug   : vH = 4223 / nTets = 4 / pp.size() = 4 / 0.826053 0.207432 1.479014 -> 0.827114 0.203141 1.487189 / dir = -1.000000 / l_pyr = 0.018587
Debug   : vH = 4220 / nTets = 6 / pp.size() = 6 / 0.751289 0.184190 1.475124 -> 0.752226 0.179697 1.482720 / dir = -1.000000 / l_pyr = 0.017749
Debug   : vH = 4218 / nTets = 4 / pp.size() = 4 / 0.689737 0.165006 1.470380 -> 0.690599 0.160356 1.477506 / dir = -1.000000 / l_pyr = 0.017106
Debug   : vH = 4215 / nTets = 6 / pp.size() = 6 / 0.640517 0.149625 1.465601 -> 0.641335 0.144854 1.472356 / dir = -1.000000 / l_pyr = 0.016620
Debug   : vH = 4212 / nTets = 4 / pp.size() = 4 / 0.602068 0.137582 1.461268 -> 0.602861 0.132719 1.467733 / dir = -1.000000 / l_pyr = 0.016258
Debug   : vH = 4206 / nTets = 4 / pp.size() = 4 / 1.712172 0.524130 1.348119 -> 1.717843 0.524295 1.362922 / dir = -1.000000 / l_pyr = 0.031706
Debug   : vH = 4203 / nTets = 4 / pp.size() = 4 / 1.676702 0.511293 1.361219 -> 1.682044 0.511208 1.375710 / dir = -1.000000 / l_pyr = 0.030889
Debug   : vH = 4200 / nTets = 6 / pp.size() = 6 / 1.630995 0.494920 1.377029 -> 1.635935 0.494526 1.391119 / dir = -1.000000 / l_pyr = 0.029873
Debug   : vH = 4196 / nTets = 4 / pp.size() = 4 / 1.573367 0.474529 1.395298 -> 1.577832 0.473766 1.408888 / dir = -1.000000 / l_pyr = 0.028650
Debug   : vH = 4193 / nTets = 6 / pp.size() = 6 / 1.502689 0.449860 1.415263 -> 1.506622 0.448677 1.428246 / dir = -1.000000 / l_pyr = 0.027234
Debug   : vH = 4189 / nTets = 6 / pp.size() = 6 / 1.418910 0.421038 1.435595 -> 1.422278 0.419395 1.447869 / dir = -1.000000 / l_pyr = 0.025667
Debug   : vH = 4187 / nTets = 6 / pp.size() = 6 / 1.323535 0.388691 1.454543 -> 1.326343 0.386574 1.466029 / dir = -1.000000 / l_pyr = 0.024025
Debug   : vH = 4184 / nTets = 6 / pp.size() = 6 / 1.219866 0.353969 1.470315 -> 1.222157 0.351389 1.480969 / dir = -1.000000 / l_pyr = 0.022399
Debug   : vH = 4182 / nTets = 4 / pp.size() = 4 / 1.112716 0.318437 1.481586 -> 1.114565 0.315429 1.491410 / dir = -1.000000 / l_pyr = 0.020878
Debug   : vH = 4180 / nTets = 6 / pp.size() = 6 / 1.007563 0.283815 1.487901 -> 1.009063 0.280430 1.496937 / dir = -1.000000 / l_pyr = 0.019531
Debug   : vH = 4177 / nTets = 4 / pp.size() = 4 / 0.909479 0.251651 1.489720 -> 0.910720 0.247946 1.498046 / dir = -1.000000 / l_pyr = 0.018394
Debug   : vH = 4175 / nTets = 4 / pp.size() = 4 / 0.822215 0.223081 1.488147 -> 0.823278 0.219115 1.495858 / dir = -1.000000 / l_pyr = 0.017473
Debug   : vH = 4173 / nTets = 4 / pp.size() = 4 / 0.747765 0.198706 1.484498 -> 0.748712 0.194531 1.491695 / dir = -1.000000 / l_pyr = 0.016749
Debug   : vH = 4171 / nTets = 4 / pp.size() = 4 / 0.686472 0.178616 1.479934 -> 0.687347 0.174278 1.486715 / dir = -1.000000 / l_pyr = 0.016196
Debug   : vH = 4169 / nTets = 4 / pp.size() = 4 / 0.637459 0.162528 1.475290 -> 0.638291 0.158065 1.481742 / dir = -1.000000 / l_pyr = 0.015779
Debug   : vH = 4165 / nTets = 6 / pp.size() = 6 / 0.599175 0.149941 1.471056 -> 0.599982 0.145383 1.477252 / dir = -1.000000 / l_pyr = 0.015469
Debug   : vH = 4160 / nTets = 4 / pp.size() = 4 / 1.703348 0.552934 1.350988 -> 1.708413 0.553455 1.364160 / dir = -1.000000 / l_pyr = 0.028243
Debug   : vH = 4158 / nTets = 8 / pp.size() = 8 / 1.668176 0.539458 1.364415 -> 1.672963 0.539734 1.377342 / dir = -1.000000 / l_pyr = 0.027576
Debug   : vH = 4156 / nTets = 4 / pp.size() = 4 / 1.622833 0.522269 1.380633 -> 1.627281 0.522242 1.393245 / dir = -1.000000 / l_pyr = 0.026745
Debug   : vH = 4153 / nTets = 8 / pp.size() = 8 / 1.565636 0.500862 1.399395 -> 1.569681 0.500471 1.411608 / dir = -1.000000 / l_pyr = 0.025741
Debug   : vH = 4151 / nTets = 6 / pp.size() = 6 / 1.495452 0.474969 1.419931 -> 1.499040 0.474158 1.431655 / dir = -1.000000 / l_pyr = 0.024575
Debug   : vH = 4149 / nTets = 4 / pp.size() = 4 / 1.412207 0.444727 1.440892 -> 1.415309 0.443455 1.452039 / dir = -1.000000 / l_pyr = 0.023280
Debug   : vH = 4147 / nTets = 4 / pp.size() = 4 / 1.317387 0.410808 1.460496 -> 1.320000 0.409054 1.470992 / dir = -1.000000 / l_pyr = 0.021916
Debug   : vH = 4145 / nTets = 4 / pp.size() = 4 / 1.214263 0.374430 1.476910 -> 1.216422 0.372203 1.486711 / dir = -1.000000 / l_pyr = 0.020559
Debug   : vH = 4141 / nTets = 6 / pp.size() = 6 / 1.107627 0.337249 1.488774 -> 1.109393 0.334580 1.497869 / dir = -1.000000 / l_pyr = 0.019284
Debug   : vH = 4139 / nTets = 4 / pp.size() = 4 / 1.002938 0.301069 1.495603 -> 1.004390 0.298008 1.504022 / dir = -1.000000 / l_pyr = 0.018150
Debug   : vH = 4137 / nTets = 8 / pp.size() = 8 / 0.905259 0.267507 1.497846 -> 0.906478 0.264114 1.505650 / dir = -1.000000 / l_pyr = 0.017191
Debug   : vH = 4134 / nTets = 4 / pp.size() = 4 / 0.818342 0.237737 1.496611 -> 0.819396 0.234073 1.503877 / dir = -1.000000 / l_pyr = 0.016412
Debug   : vH = 4132 / nTets = 4 / pp.size() = 4 / 0.744181 0.212371 1.493222 -> 0.745128 0.208491 1.500038 / dir = -1.000000 / l_pyr = 0.015799
Debug   : vH = 4129 / nTets = 6 / pp.size() = 6 / 0.683125 0.191488 1.488856 -> 0.684003 0.187441 1.495306 / dir = -1.000000 / l_pyr = 0.015329
Debug   : vH = 4127 / nTets = 4 / pp.size() = 4 / 0.634304 0.174780 1.484361 -> 0.635140 0.170604 1.490519 / dir = -1.000000 / l_pyr = 0.014975
Debug   : vH = 4124 / nTets = 4 / pp.size() = 4 / 0.596171 0.161718 1.480237 -> 0.596982 0.157446 1.486170 / dir = -1.000000 / l_pyr = 0.014711
Debug   : vH = 4119 / nTets = 4 / pp.size() = 4 / 1.695111 0.578412 1.352966 -> 1.699583 0.579223 1.364607 / dir = -1.000000 / l_pyr = 0.024992
Debug   : vH = 4117 / nTets = 4 / pp.size() = 4 / 1.660198 0.564427 1.366727 -> 1.664441 0.565003 1.378182 / dir = -1.000000 / l_pyr = 0.024457
Debug   : vH = 4115 / nTets = 4 / pp.size() = 4 / 1.615174 0.546583 1.383363 -> 1.619134 0.546867 1.394576 / dir = -1.000000 / l_pyr = 0.023789
Debug   : vH = 4112 / nTets = 4 / pp.size() = 4 / 1.558356 0.524357 1.402631 -> 1.561979 0.524287 1.413534 / dir = -1.000000 / l_pyr = 0.022978
Debug   : vH = 4110 / nTets = 4 / pp.size() = 4 / 1.488603 0.497468 1.423756 -> 1.491842 0.496987 1.434275 / dir = -1.000000 / l_pyr = 0.022033
Debug   : vH = 4108 / nTets = 4 / pp.size() = 4 / 1.405829 0.466059 1.445371 -> 1.408654 0.465121 1.455429 / dir = -1.000000 / l_pyr = 0.020978
Debug   : vH = 4105 / nTets = 4 / pp.size() = 4 / 1.311498 0.430832 1.465659 -> 1.313904 0.429414 1.475189 / dir = -1.000000 / l_pyr = 0.019862
Debug   : vH = 4103 / nTets = 4 / pp.size() = 4 / 1.208857 0.393066 1.482748 -> 1.210869 0.391169 1.491705 / dir = -1.000000 / l_pyr = 0.018748
Debug   : vH = 4101 / nTets = 4 / pp.size() = 4 / 1.102676 0.354487 1.495237 -> 1.104344 0.352141 1.503604 / dir = -1.000000 / l_pyr = 0.017697
Debug   : vH = 4098 / nTets = 6 / pp.size() = 6 / 0.998401 0.316977 1.502610 -> 0.999791 0.314230 1.510404 / dir = -1.000000 / l_pyr = 0.016761
Debug   : vH = 4096 / nTets = 6 / pp.size() = 6 / 0.901085 0.282214 1.505306 -> 0.902266 0.279127 1.512572 / dir = -1.000000 / l_pyr = 0.015966
Debug   : vH = 4094 / nTets = 8 / pp.size() = 8 / 0.814478 0.251409 1.504431 -> 0.815510 0.248044 1.511233 / dir = -1.000000 / l_pyr = 0.015319
Debug   : vH = 4091 / nTets = 6 / pp.size() = 6 / 0.740578 0.225185 1.501320 -> 0.741510 0.221601 1.507731 / dir = -1.000000 / l_pyr = 0.014808
Debug   : vH = 4088 / nTets = 4 / pp.size() = 4 / 0.679736 0.203614 1.497165 -> 0.680603 0.199860 1.503257 / dir = -1.000000 / l_pyr = 0.014416
Debug   : vH = 4086 / nTets = 6 / pp.size() = 6 / 0.631086 0.186368 1.492828 -> 0.631913 0.182485 1.498665 / dir = -1.000000 / l_pyr = 0.014120
Debug   : vH = 4081 / nTets = 6 / pp.size() = 6 / 0.593090 0.172894 1.488821 -> 0.593892 0.168914 1.494462 / dir = -1.000000 / l_pyr = 0.013899
Debug   : vH = 4076 / nTets = 4 / pp.size() = 4 / 1.687537 0.600809 1.354135 -> 1.691439 0.601856 1.364360 / dir = -1.000000 / l_pyr = 0.021988
Debug   : vH = 4073 / nTets = 6 / pp.size() = 6 / 1.652844 0.586430 1.368232 -> 1.656562 0.587256 1.378323 / dir = -1.000000 / l_pyr = 0.021570
Debug   : vH = 4070 / nTets = 4 / pp.size() = 4 / 1.608091 0.568077 1.385291 -> 1.611579 0.568623 1.395204 / dir = -1.000000 / l_pyr = 0.021046
Debug   : vH = 4068 / nTets = 6 / pp.size() = 6 / 1.551596 0.545204 1.405073 -> 1.554808 0.545411 1.414756 / dir = -1.000000 / l_pyr = 0.020408
Debug   : vH = 4064 / nTets = 6 / pp.size() = 6 / 1.482212 0.517520 1.426799 -> 1.485106 0.517329 1.436192 / dir = -1.000000 / l_pyr = 0.019661
Debug   : vH = 4062 / nTets = 6 / pp.size() = 6 / 1.399842 0.485169 1.449084 -> 1.402391 0.484531 1.458122 / dir = -1.000000 / l_pyr = 0.018824
Debug   : vH = 4060 / nTets = 6 / pp.size() = 6 / 1.305930 0.448875 1.470079 -> 1.308127 0.447761 1.478702 / dir = -1.000000 / l_pyr = 0.017936
Debug   : vH = 4057 / nTets = 8 / pp.size() = 8 / 1.203706 0.409961 1.487869 -> 1.205566 0.408366 1.496032 / dir = -1.000000 / l_pyr = 0.017045
Debug   : vH = 4055 / nTets = 4 / pp.size() = 4 / 1.097920 0.370214 1.501010 -> 1.099483 0.368165 1.508690 / dir = -1.000000 / l_pyr = 0.016202
Debug   : vH = 4053 / nTets = 4 / pp.size() = 4 / 0.994003 0.331582 1.508955 -> 0.995324 0.329125 1.516157 / dir = -1.000000 / l_pyr = 0.015447
Debug   : vH = 4051 / nTets = 4 / pp.size() = 4 / 0.897004 0.295798 1.512126 -> 0.898139 0.292994 1.518882 / dir = -1.000000 / l_pyr = 0.014805
Debug   : vH = 4049 / nTets = 4 / pp.size() = 4 / 0.810668 0.264110 1.511630 -> 0.811670 0.261022 1.517989 / dir = -1.000000 / l_pyr = 0.014280
Debug   : vH = 4047 / nTets = 4 / pp.size() = 4 / 0.736995 0.237151 1.508811 -> 0.737906 0.233841 1.514835 / dir = -1.000000 / l_pyr = 0.013866
Debug   : vH = 4044 / nTets = 4 / pp.size() = 4 / 0.676341 0.214991 1.504877 -> 0.677191 0.211509 1.510625 / dir = -1.000000 / l_pyr = 0.013547
Debug   : vH = 4042 / nTets = 4 / pp.size() = 4 / 0.627842 0.197283 1.500704 -> 0.628653 0.193673 1.506233 / dir = -1.000000 / l_pyr = 0.013306
Debug   : vH = 4039 / nTets = 4 / pp.size() = 4 / 0.589965 0.183455 1.496820 -> 0.590752 0.179748 1.502178 / dir = -1.000000 / l_pyr = 0.013125
Debug   : vH = 4034 / nTets = 4 / pp.size() = 4 / 1.680659 0.620388 1.354579 -> 1.684027 0.621620 1.363508 / dir = -1.000000 / l_pyr = 0.019246
Debug   : vH = 4032 / nTets = 4 / pp.size() = 4 / 1.646149 0.605716 1.369009 -> 1.649371 0.606742 1.377849 / dir = -1.000000 / l_pyr = 0.018929
Debug   : vH = 4029 / nTets = 6 / pp.size() = 6 / 1.601621 0.586979 1.386488 -> 1.604660 0.587744 1.395206 / dir = -1.000000 / l_pyr = 0.018528
Debug   : vH = 4026 / nTets = 6 / pp.size() = 6 / 1.545394 0.563613 1.406784 -> 1.548210 0.564057 1.415341 / dir = -1.000000 / l_pyr = 0.018038
Debug   : vH = 4024 / nTets = 4 / pp.size() = 4 / 1.476317 0.535313 1.429117 -> 1.478876 0.535377 1.437463 / dir = -1.000000 / l_pyr = 0.017458
Debug   : vH = 4022 / nTets = 4 / pp.size() = 4 / 1.394284 0.502218 1.452084 -> 1.396560 0.501849 1.460164 / dir = -1.000000 / l_pyr = 0.016806
Debug   : vH = 4020 / nTets = 6 / pp.size() = 6 / 1.300725 0.465068 1.473803 -> 1.302708 0.464232 1.481565 / dir = -1.000000 / l_pyr = 0.016109
Debug   : vH = 4018 / nTets = 4 / pp.size() = 4 / 1.198852 0.425218 1.492316 -> 1.200553 0.423906 1.499714 / dir = -1.000000 / l_pyr = 0.015408
Debug   : vH = 4016 / nTets = 4 / pp.size() = 4 / 1.093399 0.384508 1.506133 -> 1.094849 0.382739 1.513142 / dir = -1.000000 / l_pyr = 0.014745
Debug   : vH = 4013 / nTets = 4 / pp.size() = 4 / 0.989787 0.344940 1.514673 -> 0.991029 0.342760 1.521289 / dir = -1.000000 / l_pyr = 0.014151
Debug   : vH = 4010 / nTets = 4 / pp.size() = 4 / 0.893057 0.308299 1.518339 -> 0.894137 0.305768 1.524582 / dir = -1.000000 / l_pyr = 0.013645
Debug   : vH = 4008 / nTets = 4 / pp.size() = 4 / 0.806952 0.275864 1.518236 -> 0.807914 0.273048 1.524144 / dir = -1.000000 / l_pyr = 0.013231
Debug   : vH = 4006 / nTets = 4 / pp.size() = 4 / 0.733474 0.248284 1.515720 -> 0.734353 0.245244 1.521343 / dir = -1.000000 / l_pyr = 0.012904
Debug   : vH = 4004 / nTets = 4 / pp.size() = 4 / 0.672980 0.225624 1.512013 -> 0.673802 0.222414 1.517401 / dir = -1.000000 / l_pyr = 0.012650
Debug   : vH = 4000 / nTets = 6 / pp.size() = 6 / 0.624610 0.207526 1.508009 -> 0.625395 0.204189 1.513209 / dir = -1.000000 / l_pyr = 0.012458
Debug   : vH = 3997 / nTets = 4 / pp.size() = 4 / 0.586835 0.193398 1.504247 -> 0.587595 0.189967 1.509303 / dir = -1.000000 / l_pyr = 0.012314
Debug   : vH = 3991 / nTets = 4 / pp.size() = 4 / 1.674483 0.637419 1.354375 -> 1.677355 0.638800 1.362139 / dir = -1.000000 / l_pyr = 0.016785
Debug   : vH = 3988 / nTets = 6 / pp.size() = 6 / 1.640120 0.622543 1.369130 -> 1.642879 0.623735 1.376842 / dir = -1.000000 / l_pyr = 0.016554
Info    : Total badness = 139921 
Debug   : vH = 3986 / nTets = 4 / pp.size() = 4 / 1.595773 0.603531 1.387022 -> 1.598390 0.604482 1.394660 / dir = -1.000000 / l_pyr = 0.016259
Debug   : vH = 3984 / nTets = 4 / pp.size() = 4 / 1.539762 0.579805 1.407829 -> 1.542205 0.580455 1.415362 / dir = -1.000000 / l_pyr = 0.015893
Debug   : vH = 3982 / nTets = 4 / pp.size() = 4 / 1.470934 0.551042 1.430767 -> 1.473174 0.551331 1.438159 / dir = -1.000000 / l_pyr = 0.015458
Debug   : vH = 3980 / nTets = 4 / pp.size() = 4 / 1.389176 0.517376 1.454420 -> 1.391189 0.517249 1.461625 / dir = -1.000000 / l_pyr = 0.014963
Debug   : vH = 3978 / nTets = 4 / pp.size() = 4 / 1.295905 0.479552 1.476875 -> 1.297681 0.478970 1.483845 / dir = -1.000000 / l_pyr = 0.014433
Debug   : vH = 3976 / nTets = 4 / pp.size() = 4 / 1.194321 0.438950 1.496128 -> 1.195865 0.437898 1.502821 / dir = -1.000000 / l_pyr = 0.013898
Debug   : vH = 3974 / nTets = 4 / pp.size() = 4 / 1.089144 0.397453 1.510642 -> 1.090479 0.395945 1.517027 / dir = -1.000000 / l_pyr = 0.013391
Debug   : vH = 3972 / nTets = 4 / pp.size() = 4 / 0.985786 0.357113 1.519796 -> 0.986945 0.355190 1.525863 / dir = -1.000000 / l_pyr = 0.012937
Debug   : vH = 3969 / nTets = 4 / pp.size() = 4 / 0.889281 0.319758 1.523973 -> 0.890301 0.317481 1.529732 / dir = -1.000000 / l_pyr = 0.012551
Debug   : vH = 3966 / nTets = 6 / pp.size() = 6 / 0.803368 0.286700 1.524275 -> 0.804285 0.284135 1.529753 / dir = -1.000000 / l_pyr = 0.012235
Debug   : vH = 3964 / nTets = 4 / pp.size() = 4 / 0.730052 0.258600 1.522069 -> 0.730895 0.255812 1.527306 / dir = -1.000000 / l_pyr = 0.011985
Debug   : vH = 3961 / nTets = 8 / pp.size() = 8 / 0.669691 0.235522 1.518591 -> 0.670481 0.232566 1.523630 / dir = -1.000000 / l_pyr = 0.011790
Debug   : vH = 3959 / nTets = 4 / pp.size() = 4 / 0.621428 0.217097 1.514755 -> 0.622181 0.214017 1.519637 / dir = -1.000000 / l_pyr = 0.011642
Debug   : vH = 3956 / nTets = 4 / pp.size() = 4 / 0.583738 0.202719 1.511116 -> 0.584466 0.199548 1.515876 / dir = -1.000000 / l_pyr = 0.011531
Debug   : vH = 3948 / nTets = 4 / pp.size() = 4 / 1.668983 0.652179 1.353596 -> 1.671405 0.653675 1.360329 / dir = -1.000000 / l_pyr = 0.014620
Debug   : vH = 3946 / nTets = 6 / pp.size() = 6 / 1.634731 0.637180 1.368662 -> 1.637070 0.638508 1.375379 / dir = -1.000000 / l_pyr = 0.014472
Debug   : vH = 3942 / nTets = 6 / pp.size() = 6 / 1.590522 0.617993 1.386953 -> 1.592755 0.619104 1.393641 / dir = -1.000000 / l_pyr = 0.014275
Debug   : vH = 3940 / nTets = 4 / pp.size() = 4 / 1.534678 0.594024 1.408258 -> 1.536779 0.594859 1.414894 / dir = -1.000000 / l_pyr = 0.014020
Debug   : vH = 3936 / nTets = 6 / pp.size() = 6 / 1.466044 0.564934 1.431796 -> 1.467987 0.565431 1.438349 / dir = -1.000000 / l_pyr = 0.013706
Debug   : vH = 3934 / nTets = 4 / pp.size() = 4 / 1.384501 0.530845 1.456137 -> 1.386267 0.530945 1.462568 / dir = -1.000000 / l_pyr = 0.013339
Debug   : vH = 3932 / nTets = 4 / pp.size() = 4 / 1.291460 0.492501 1.479338 -> 1.293038 0.492158 1.485604 / dir = -1.000000 / l_pyr = 0.012940
Debug   : vH = 3930 / nTets = 4 / pp.size() = 4 / 1.190109 0.451304 1.499348 -> 1.191500 0.450496 1.505407 / dir = -1.000000 / l_pyr = 0.012536
Debug   : vH = 3928 / nTets = 4 / pp.size() = 4 / 1.085156 0.409170 1.514580 -> 1.086377 0.407904 1.520398 / dir = -1.000000 / l_pyr = 0.012156
Debug   : vH = 3926 / nTets = 6 / pp.size() = 6 / 0.982005 0.368194 1.524369 -> 0.983081 0.366509 1.529930 / dir = -1.000000 / l_pyr = 0.011819
Debug   : vH = 3923 / nTets = 6 / pp.size() = 6 / 0.885683 0.330247 1.529073 -> 0.886642 0.328204 1.534380 / dir = -1.000000 / l_pyr = 0.011534
Debug   : vH = 3921 / nTets = 4 / pp.size() = 4 / 0.799927 0.296671 1.529789 -> 0.800797 0.294338 1.534862 / dir = -1.000000 / l_pyr = 0.011302
Debug   : vH = 3919 / nTets = 4 / pp.size() = 4 / 0.726742 0.268139 1.527895 -> 0.727545 0.265584 1.532766 / dir = -1.000000 / l_pyr = 0.011118
Debug   : vH = 3917 / nTets = 4 / pp.size() = 4 / 0.666488 0.244716 1.524647 -> 0.667242 0.241995 1.529353 / dir = -1.000000 / l_pyr = 0.010975
Debug   : vH = 3914 / nTets = 4 / pp.size() = 4 / 0.618310 0.226022 1.520975 -> 0.619027 0.223182 1.525550 / dir = -1.000000 / l_pyr = 0.010865
Debug   : vH = 3911 / nTets = 4 / pp.size() = 4 / 0.580687 0.211440 1.517454 -> 0.581378 0.208514 1.521928 / dir = -1.000000 / l_pyr = 0.010782
Debug   : vH = 3905 / nTets = 10 / pp.size() = 10 / 1.664148 0.664867 1.352233 -> 1.666107 0.666519 1.357983 / dir = -1.000000 / l_pyr = 0.012590
Debug   : vH = 3902 / nTets = 6 / pp.size() = 6 / 1.629978 0.649805 1.367605 -> 1.631880 0.651295 1.373355 / dir = -1.000000 / l_pyr = 0.012475
Debug   : vH = 3900 / nTets = 4 / pp.size() = 4 / 1.585871 0.630520 1.386289 -> 1.587699 0.631801 1.392032 / dir = -1.000000 / l_pyr = 0.012323
Debug   : vH = 3898 / nTets = 4 / pp.size() = 4 / 1.530150 0.606401 1.408087 -> 1.531886 0.607419 1.413809 / dir = -1.000000 / l_pyr = 0.012132
Debug   : vH = 3896 / nTets = 4 / pp.size() = 4 / 1.461662 0.577094 1.432220 -> 1.463285 0.577791 1.437903 / dir = -1.000000 / l_pyr = 0.011903
Debug   : vH = 3893 / nTets = 6 / pp.size() = 6 / 1.380282 0.542709 1.457249 -> 1.381777 0.543027 1.462869 / dir = -1.000000 / l_pyr = 0.011648
Debug   : vH = 3890 / nTets = 4 / pp.size() = 4 / 1.287415 0.503986 1.481203 -> 1.288772 0.503878 1.486729 / dir = -1.000000 / l_pyr = 0.011382
Debug   : vH = 3888 / nTets = 4 / pp.size() = 4 / 1.186240 0.462338 1.501987 -> 1.187459 0.461775 1.507384 / dir = -1.000000 / l_pyr = 0.011124
Debug   : vH = 3885 / nTets = 4 / pp.size() = 4 / 1.081459 0.419707 1.517958 -> 1.082551 0.418688 1.523190 / dir = -1.000000 / l_pyr = 0.010882
Debug   : vH = 3883 / nTets = 4 / pp.size() = 4 / 0.978469 0.378223 1.528405 -> 0.979448 0.376781 1.533446 / dir = -1.000000 / l_pyr = 0.010668
Debug   : vH = 3881 / nTets = 4 / pp.size() = 4 / 0.882289 0.339797 1.533655 -> 0.883176 0.337990 1.538498 / dir = -1.000000 / l_pyr = 0.010489
Debug   : vH = 3879 / nTets = 4 / pp.size() = 4 / 0.796655 0.305800 1.534797 -> 0.797469 0.303699 1.539453 / dir = -1.000000 / l_pyr = 0.010345
Debug   : vH = 3877 / nTets = 4 / pp.size() = 4 / 0.723569 0.276918 1.533219 -> 0.724325 0.274595 1.537713 / dir = -1.000000 / l_pyr = 0.010230
Debug   : vH = 3875 / nTets = 4 / pp.size() = 4 / 0.663396 0.253218 1.530198 -> 0.664106 0.250732 1.534559 / dir = -1.000000 / l_pyr = 0.010139
Debug   : vH = 3873 / nTets = 6 / pp.size() = 6 / 0.615280 0.234311 1.526685 -> 0.615955 0.231710 1.530943 / dir = -1.000000 / l_pyr = 0.010069
Debug   : vH = 3870 / nTets = 4 / pp.size() = 4 / 0.577706 0.219569 1.523274 -> 0.578352 0.216888 1.527453 / dir = -1.000000 / l_pyr = 0.010015
Debug   : vH = 3865 / nTets = 4 / pp.size() = 4 / 1.659858 0.675930 1.350040 -> 1.661421 0.677938 1.355186 / dir = -1.000000 / l_pyr = 0.011480
Debug   : vH = 3861 / nTets = 4 / pp.size() = 4 / 1.625713 0.660930 1.365692 -> 1.627259 0.662829 1.370942 / dir = -1.000000 / l_pyr = 0.011586
Debug   : vH = 3858 / nTets = 6 / pp.size() = 6 / 1.581645 0.641688 1.384748 -> 1.583163 0.643432 1.390113 / dir = -1.000000 / l_pyr = 0.011684
Debug   : vH = 3855 / nTets = 6 / pp.size() = 6 / 1.525981 0.617572 1.407027 -> 1.527454 0.619097 1.412505 / dir = -1.000000 / l_pyr = 0.011748
Debug   : vH = 3853 / nTets = 4 / pp.size() = 4 / 1.457572 0.588199 1.431762 -> 1.458970 0.589419 1.437289 / dir = -1.000000 / l_pyr = 0.011662
Debug   : vH = 3849 / nTets = 4 / pp.size() = 4 / 1.376296 0.553652 1.457507 -> 1.377596 0.554485 1.463027 / dir = -1.000000 / l_pyr = 0.011464
Debug   : vH = 3846 / nTets = 6 / pp.size() = 6 / 1.283557 0.514659 1.482262 -> 1.284743 0.515038 1.487709 / dir = -1.000000 / l_pyr = 0.011174
Debug   : vH = 3844 / nTets = 8 / pp.size() = 8 / 1.182528 0.472638 1.503881 -> 1.183596 0.472520 1.509189 / dir = -1.000000 / l_pyr = 0.010832
Debug   : vH = 3841 / nTets = 8 / pp.size() = 8 / 1.077900 0.429561 1.520656 -> 1.078859 0.428943 1.525780 / dir = -1.000000 / l_pyr = 0.010499
Debug   : vH = 3839 / nTets = 4 / pp.size() = 4 / 0.975058 0.387609 1.531817 -> 0.975923 0.386526 1.536730 / dir = -1.000000 / l_pyr = 0.010209
Debug   : vH = 3837 / nTets = 4 / pp.size() = 4 / 0.879010 0.348737 1.537653 -> 0.879798 0.347256 1.542350 / dir = -1.000000 / l_pyr = 0.009974
Debug   : vH = 3835 / nTets = 4 / pp.size() = 4 / 0.793487 0.314348 1.539245 -> 0.794212 0.312552 1.543741 / dir = -1.000000 / l_pyr = 0.009790
Debug   : vH = 3831 / nTets = 4 / pp.size() = 4 / 0.720491 0.285148 1.537993 -> 0.721164 0.283116 1.542316 / dir = -1.000000 / l_pyr = 0.009648
Debug   : vH = 3828 / nTets = 4 / pp.size() = 4 / 0.660385 0.261199 1.535197 -> 0.661016 0.259001 1.539384 / dir = -1.000000 / l_pyr = 0.009540
Debug   : vH = 3824 / nTets = 4 / pp.size() = 4 / 0.612321 0.242105 1.531836 -> 0.612915 0.239794 1.535919 / dir = -1.000000 / l_pyr = 0.009458
Debug   : vH = 3821 / nTets = 6 / pp.size() = 6 / 0.574784 0.227226 1.528524 -> 0.575349 0.224839 1.532531 / dir = -1.000000 / l_pyr = 0.009396
Debug   : vH = 3816 / nTets = 4 / pp.size() = 4 / 1.656140 0.685378 1.347191 -> 1.657286 0.687367 1.351383 / dir = -1.000000 / l_pyr = 0.009558
Debug   : vH = 3814 / nTets = 4 / pp.size() = 4 / 1.621985 0.670512 1.363060 -> 1.623110 0.672415 1.367317 / dir = -1.000000 / l_pyr = 0.009595
Debug   : vH = 3811 / nTets = 4 / pp.size() = 4 / 1.577912 0.651404 1.382418 -> 1.579006 0.653188 1.386753 / dir = -1.000000 / l_pyr = 0.009628
Debug   : vH = 3809 / nTets = 6 / pp.size() = 6 / 1.522253 0.627400 1.405104 -> 1.523305 0.629021 1.409524 / dir = -1.000000 / l_pyr = 0.009649
Debug   : vH = 3807 / nTets = 4 / pp.size() = 4 / 1.453864 0.598090 1.430366 -> 1.454857 0.599489 1.434859 / dir = -1.000000 / l_pyr = 0.009619
Debug   : vH = 3804 / nTets = 6 / pp.size() = 6 / 1.372630 0.563522 1.456760 -> 1.373551 0.564638 1.461311 / dir = -1.000000 / l_pyr = 0.009552
Debug   : vH = 3802 / nTets = 4 / pp.size() = 4 / 1.279956 0.524404 1.482258 -> 1.280794 0.525181 1.486846 / dir = -1.000000 / l_pyr = 0.009456
Debug   : vH = 3800 / nTets = 6 / pp.size() = 6 / 1.179013 0.482153 1.504665 -> 1.179760 0.482549 1.509257 / dir = -1.000000 / l_pyr = 0.009339
Debug   : vH = 3798 / nTets = 4 / pp.size() = 4 / 1.074484 0.438768 1.522209 -> 1.075140 0.438768 1.526771 / dir = -1.000000 / l_pyr = 0.009217
Debug   : vH = 3794 / nTets = 6 / pp.size() = 6 / 0.971739 0.396471 1.534059 -> 0.972309 0.396090 1.538560 / dir = -1.000000 / l_pyr = 0.009104
Debug   : vH = 3792 / nTets = 6 / pp.size() = 6 / 0.875782 0.357260 1.540467 -> 0.876275 0.356541 1.544883 / dir = -1.000000 / l_pyr = 0.009001
Debug   : vH = 3790 / nTets = 4 / pp.size() = 4 / 0.790336 0.322567 1.542501 -> 0.790761 0.321570 1.546825 / dir = -1.000000 / l_pyr = 0.008915
Debug   : vH = 3788 / nTets = 4 / pp.size() = 4 / 0.717401 0.293113 1.541570 -> 0.717769 0.291901 1.545804 / dir = -1.000000 / l_pyr = 0.008841
Debug   : vH = 3786 / nTets = 4 / pp.size() = 4 / 0.657343 0.268965 1.538997 -> 0.657663 0.267593 1.543155 / dir = -1.000000 / l_pyr = 0.008781
Debug   : vH = 3783 / nTets = 6 / pp.size() = 6 / 0.609313 0.249721 1.535786 -> 0.609593 0.248234 1.539882 / dir = -1.000000 / l_pyr = 0.008733
Debug   : vH = 3779 / nTets = 8 / pp.size() = 8 / 0.571801 0.234729 1.532573 -> 0.572050 0.233162 1.536620 / dir = -1.000000 / l_pyr = 0.008694
Debug   : vH = 378 / nTets = 4 / pp.size() = 4 / 1.653087 0.693054 1.344264 -> 1.653963 0.694867 1.347691 / dir = -1.000000 / l_pyr = 0.007949
Debug   : vH = 370 / nTets = 4 / pp.size() = 4 / 1.618941 0.678265 1.360309 -> 1.619795 0.679998 1.363770 / dir = -1.000000 / l_pyr = 0.007928
Debug   : vH = 363 / nTets = 6 / pp.size() = 6 / 1.574877 0.659242 1.379906 -> 1.575701 0.660870 1.383411 / dir = -1.000000 / l_pyr = 0.007902
Debug   : vH = 357 / nTets = 4 / pp.size() = 4 / 1.519227 0.635323 1.402910 -> 1.520013 0.636809 1.406461 / dir = -1.000000 / l_pyr = 0.007858
Debug   : vH = 351 / nTets = 4 / pp.size() = 4 / 1.450845 0.606084 1.428579 -> 1.451585 0.607392 1.432187 / dir = -1.000000 / l_pyr = 0.007817
Debug   : vH = 345 / nTets = 4 / pp.size() = 4 / 1.369617 0.571563 1.455468 -> 1.370301 0.572649 1.459137 / dir = -1.000000 / l_pyr = 0.007773
Debug   : vH = 339 / nTets = 4 / pp.size() = 4 / 1.276950 0.532452 1.481537 -> 1.277571 0.533274 1.485265 / dir = -1.000000 / l_pyr = 0.007735
Debug   : vH = 332 / nTets = 4 / pp.size() = 4 / 1.176014 0.490164 1.504556 -> 1.176566 0.490691 1.508341 / dir = -1.000000 / l_pyr = 0.007724
Debug   : vH = 326 / nTets = 4 / pp.size() = 4 / 1.071487 0.446699 1.522709 -> 1.071966 0.446915 1.526535 / dir = -1.000000 / l_pyr = 0.007724
Debug   : vH = 320 / nTets = 4 / pp.size() = 4 / 0.968743 0.404293 1.535121 -> 0.969151 0.404203 1.538964 / dir = -1.000000 / l_pyr = 0.007732
Debug   : vH = 314 / nTets = 4 / pp.size() = 4 / 0.872789 0.364960 1.542009 -> 0.873129 0.364592 1.545854 / dir = -1.000000 / l_pyr = 0.007753
Debug   : vH = 308 / nTets = 4 / pp.size() = 4 / 0.787345 0.330148 1.544429 -> 0.787624 0.329543 1.548267 / dir = -1.000000 / l_pyr = 0.007790
Debug   : vH = 302 / nTets = 4 / pp.size() = 4 / 0.714409 0.300588 1.543793 -> 0.714635 0.299791 1.547617 / dir = -1.000000 / l_pyr = 0.007824
Debug   : vH = 296 / nTets = 4 / pp.size() = 4 / 0.654347 0.276349 1.541438 -> 0.654529 0.275403 1.545247 / dir = -1.000000 / l_pyr = 0.007859
Debug   : vH = 288 / nTets = 4 / pp.size() = 4 / 0.606318 0.257034 1.538382 -> 0.606463 0.255975 1.542177 / dir = -1.000000 / l_pyr = 0.007885
Debug   : vH = 280 / nTets = 4 / pp.size() = 4 / 0.568807 0.241989 1.535280 -> 0.568923 0.240846 1.539062 / dir = -1.000000 / l_pyr = 0.007905
Info    : dtOptimizeMeshGRegion()() volume 1
Info    : dtOptimizeMeshGRegion()() volume 1 : Optimize gmsh
Info    : Optimizing volume 1
Info    : Optimization starts (volume = 5.45205) with worst = 3.63774e-09 / average = 0.770277:
Info    : 0.00 < quality < 0.10 :      1939 elements
Info    : 0.10 < quality < 0.20 :       804 elements
Info    : 0.20 < quality < 0.30 :      1417 elements
Info    : 0.30 < quality < 0.40 :      2043 elements
Info    : 0.40 < quality < 0.50 :      2175 elements
Info    : 0.50 < quality < 0.60 :      3554 elements
Info    : 0.60 < quality < 0.70 :      7283 elements
Info    : 0.70 < quality < 0.80 :     15107 elements
Info    : 0.80 < quality < 0.90 :     28205 elements
Info    : 0.90 < quality < 1.00 :     22033 elements
Info    : Total badness = 139920 
Info    : SwapImprove  
Info    : 1422 edge swaps, 0 node relocations (volume = 5.45205): worst = 0.00850408 / average = 0.762312 (Wall 0.0510258s, CPU 0.050941s)
Info    : 2241 edge swaps, 0 node relocations (volume = 5.45205): worst = 0.0091138 / average = 0.765508 (Wall 0.0889448s, CPU 0.088795s)
Info    : 2529 edge swaps, 0 node relocations (volume = 5.45205): worst = 0.0091138 / average = 0.766815 (Wall 0.120665s, CPU 0.120455s)
Info    : No ill-shaped tets in the mesh :-)
Info    : 0.00 < quality < 0.10 :      1125 elements
Info    : 0.10 < quality < 0.20 :       635 elements
Info    : 0.20 < quality < 0.30 :      1351 elements
Info    : 0.30 < quality < 0.40 :      2815 elements
Info    : 0.40 < quality < 0.50 :      2883 elements
Info    : 0.50 < quality < 0.60 :      4152 elements
Info    : 0.60 < quality < 0.70 :      7805 elements
Info    : 0.70 < quality < 0.80 :     15175 elements
Info    : 0.80 < quality < 0.90 :     27952 elements
Info    : 0.90 < quality < 1.00 :     21875 elements
Info    : dtOptimizeMeshGRegion()() volume 1 : Optimize netgen
Info    : 126 swaps performed 
Info    : SwapImprove2  
Info    : 1 swaps performed 
Info    : ImproveMesh 
Info    : Total badness = 139742 
Info    : Total badness = 139652 
Info    : Extract outter faces of tetrahedra
Info    : Optimizing volume 2
Info    : CalcLocalH: 20181 Points 86480 Elements 22244 Surface Elements 
Info    : Remove Illegal Elements 
Info    : 4098 illegal tets 
Info    : SplitImprove 
Info    : badmax = 6741.82 
Info    : 737 splits performed 
Info    : SwapImprove  
Info    : 652 swaps performed 
Info    : SwapImprove2  
Info    : 1 swaps performed 
Info    : 846 illegal tets 
Info    : SplitImprove 
Info    : badmax = 23264.1 
Info    : 227 splits performed 
Info    : SwapImprove  
Info    : 53 swaps performed 
Info    : SwapImprove2  
Info    : 5 swaps performed 
Info    : 138 illegal tets 
Info    : SplitImprove 
Info    : badmax = 8599.28 
Info    : 33 splits performed 
Info    : SwapImprove  
Info    : 20 swaps performed 
Info    : SwapImprove2  
Info    : 2 swaps performed 
Info    : 27 illegal tets 
Info    : SplitImprove 
Info    : badmax = 8599.28 
Info    : 10 splits performed 
Info    : SwapImprove  
Info    : 2 swaps performed 
Info    : SwapImprove2  
Info    : 0 swaps performed 
Info    : 3 illegal tets 
Info    : SplitImprove 
Info    : badmax = 8599.28 
Info    : 1 splits performed 
Info    : SwapImprove  
Info    : 0 swaps performed 
Info    : SwapImprove2  
Info    : 0 swaps performed 
Info    : 0 illegal tets 
Info    : Volume Optimization 
Info    : CombineImprove 
Info    : 550 elements combined 
Info    : ImproveMesh 
Info    : Total badness = 163348 
Info    : Total badness = 154245 
Info    : SplitImprove 
Info    : badmax = 1248.97 
Info    : 1 splits performed 
Info    : ImproveMesh 
Info    : Total badness = 154237 
Info    : Total badness = 153687 
Info    : SwapImprove  
Info    : 1656 swaps performed 
Info    : SwapImprove2  
Info    : 3 swaps performed 
Info    : ImproveMesh 
Info    : Total badness = 147918 
Debug   : vH = 497 / nTets = 6 / pp.size() = 6 / 1.744617 -0.411590 0.748654 -> 1.743007 -0.410980 0.744825 / dir = -1.000000 / l_pyr = 0.008397
Debug   : vH = 490 / nTets = 4 / pp.size() = 4 / 1.706687 -0.408688 0.764633 -> 1.705186 -0.408053 0.760852 / dir = -1.000000 / l_pyr = 0.008234
Debug   : vH = 482 / nTets = 4 / pp.size() = 4 / 1.657738 -0.404072 0.784098 -> 1.656371 -0.403410 0.780369 / dir = -1.000000 / l_pyr = 0.008053
Debug   : vH = 475 / nTets = 4 / pp.size() = 4 / 1.595969 -0.396843 0.806801 -> 1.594767 -0.396156 0.803134 / dir = -1.000000 / l_pyr = 0.007839
Debug   : vH = 468 / nTets = 6 / pp.size() = 6 / 1.520231 -0.385833 0.831805 -> 1.519225 -0.385127 0.828206 / dir = -1.000000 / l_pyr = 0.007605
Debug   : vH = 460 / nTets = 6 / pp.size() = 6 / 1.430625 -0.369736 0.857338 -> 1.429841 -0.369029 0.853812 / dir = -1.000000 / l_pyr = 0.007362
Debug   : vH = 454 / nTets = 4 / pp.size() = 4 / 1.329100 -0.347441 0.880924 -> 1.328552 -0.346762 0.877469 / dir = -1.000000 / l_pyr = 0.007127
Debug   : vH = 449 / nTets = 4 / pp.size() = 4 / 1.219656 -0.318514 0.899907 -> 1.219344 -0.317904 0.896515 / dir = -1.000000 / l_pyr = 0.006921
Debug   : vH = 443 / nTets = 4 / pp.size() = 4 / 1.107924 -0.283652 0.912269 -> 1.107828 -0.283154 0.908936 / dir = -1.000000 / l_pyr = 0.006743
Debug   : vH = 436 / nTets = 4 / pp.size() = 4 / 1.000051 -0.244790 0.917338 -> 1.000135 -0.244441 0.914047 / dir = -1.000000 / l_pyr = 0.006621
Debug   : vH = 430 / nTets = 4 / pp.size() = 4 / 0.901325 -0.204682 0.915950 -> 0.901545 -0.204503 0.912691 / dir = -1.000000 / l_pyr = 0.006541
Debug   : vH = 425 / nTets = 4 / pp.size() = 4 / 0.815210 -0.166155 0.909980 -> 0.815523 -0.166147 0.906740 / dir = -1.000000 / l_pyr = 0.006511
Debug   : vH = 418 / nTets = 4 / pp.size() = 4 / 0.743089 -0.131406 0.901575 -> 0.743460 -0.131555 0.898351 / dir = -1.000000 / l_pyr = 0.006497
Debug   : vH = 412 / nTets = 4 / pp.size() = 4 / 0.684648 -0.101680 0.892529 -> 0.685051 -0.101961 0.889318 / dir = -1.000000 / l_pyr = 0.006497
Debug   : vH = 405 / nTets = 4 / pp.size() = 4 / 0.638515 -0.077310 0.884026 -> 0.638936 -0.077697 0.880824 / dir = -1.000000 / l_pyr = 0.006505
Debug   : vH = 397 / nTets = 4 / pp.size() = 4 / 0.602830 -0.057976 0.876665 -> 0.603259 -0.058445 0.873472 / dir = -1.000000 / l_pyr = 0.006512
Debug   : vH = 6001 / nTets = 4 / pp.size() = 4 / 1.742789 -0.419913 0.748513 -> 1.741117 -0.419728 0.744574 / dir = -1.000000 / l_pyr = 0.008567
Debug   : vH = 6000 / nTets = 6 / pp.size() = 6 / 1.704908 -0.416893 0.764359 -> 1.703329 -0.416670 0.760442 / dir = -1.000000 / l_pyr = 0.008458
Debug   : vH = 5999 / nTets = 4 / pp.size() = 4 / 1.656015 -0.412134 0.783674 -> 1.654557 -0.411866 0.779784 / dir = -1.000000 / l_pyr = 0.008326
Debug   : vH = 5998 / nTets = 4 / pp.size() = 4 / 1.594315 -0.404737 0.806222 -> 1.593007 -0.404423 0.802364 / dir = -1.000000 / l_pyr = 0.008172
Debug   : vH = 5997 / nTets = 4 / pp.size() = 4 / 1.518656 -0.393533 0.831085 -> 1.517533 -0.393176 0.827264 / dir = -1.000000 / l_pyr = 0.007996
Debug   : vH = 5996 / nTets = 4 / pp.size() = 4 / 1.429131 -0.377227 0.856520 -> 1.428222 -0.376840 0.852745 / dir = -1.000000 / l_pyr = 0.007802
Debug   : vH = 5995 / nTets = 4 / pp.size() = 4 / 1.327687 -0.354720 0.880077 -> 1.327018 -0.354330 0.876359 / dir = -1.000000 / l_pyr = 0.007595
Debug   : vH = 5994 / nTets = 6 / pp.size() = 6 / 1.218325 -0.325598 0.899121 -> 1.217901 -0.325242 0.895470 / dir = -1.000000 / l_pyr = 0.007386
Debug   : vH = 5993 / nTets = 6 / pp.size() = 6 / 1.106679 -0.290567 0.911640 -> 1.106485 -0.290289 0.908063 / dir = -1.000000 / l_pyr = 0.007186
Debug   : vH = 5992 / nTets = 4 / pp.size() = 4 / 0.998904 -0.251568 0.916944 -> 0.998904 -0.251407 0.913441 / dir = -1.000000 / l_pyr = 0.007014
Debug   : vH = 5991 / nTets = 6 / pp.size() = 6 / 0.900288 -0.211360 0.915839 -> 0.900437 -0.211340 0.912404 / dir = -1.000000 / l_pyr = 0.006877
Debug   : vH = 5990 / nTets = 6 / pp.size() = 6 / 0.814297 -0.172762 0.910165 -> 0.814548 -0.172891 0.906789 / dir = -1.000000 / l_pyr = 0.006777
Debug   : vH = 5989 / nTets = 4 / pp.size() = 4 / 0.742306 -0.137964 0.902037 -> 0.742619 -0.138233 0.898709 / dir = -1.000000 / l_pyr = 0.006708
Debug   : vH = 5988 / nTets = 6 / pp.size() = 6 / 0.683992 -0.108199 0.893233 -> 0.684338 -0.108591 0.889945 / dir = -1.000000 / l_pyr = 0.006659
Debug   : vH = 5987 / nTets = 4 / pp.size() = 4 / 0.637978 -0.083798 0.884928 -> 0.638339 -0.084291 0.881674 / dir = -1.000000 / l_pyr = 0.006622
Debug   : vH = 5985 / nTets = 4 / pp.size() = 4 / 0.602401 -0.064435 0.877723 -> 0.602766 -0.065007 0.874496 / dir = -1.000000 / l_pyr = 0.006595
Debug   : vH = 5980 / nTets = 6 / pp.size() = 6 / 1.740887 -0.428356 0.749393 -> 1.739154 -0.428667 0.745358 / dir = -1.000000 / l_pyr = 0.008805
Debug   : vH = 5978 / nTets = 6 / pp.size() = 6 / 1.703035 -0.425288 0.765091 -> 1.701375 -0.425558 0.761043 / dir = -1.000000 / l_pyr = 0.008767
Debug   : vH = 5976 / nTets = 8 / pp.size() = 8 / 1.654180 -0.420466 0.784235 -> 1.652617 -0.420687 0.780173 / dir = -1.000000 / l_pyr = 0.008717
Debug   : vH = 5974 / nTets = 4 / pp.size() = 4 / 1.592525 -0.412986 0.806597 -> 1.591088 -0.413153 0.802521 / dir = -1.000000 / l_pyr = 0.008651
Debug   : vH = 5972 / nTets = 4 / pp.size() = 4 / 1.516917 -0.401676 0.831275 -> 1.515643 -0.401790 0.827189 / dir = -1.000000 / l_pyr = 0.008564
Debug   : vH = 5969 / nTets = 8 / pp.size() = 8 / 1.427450 -0.385239 0.856553 -> 1.426375 -0.385308 0.852469 / dir = -1.000000 / l_pyr = 0.008447
Debug   : vH = 5966 / nTets = 10 / pp.size() = 10 / 1.326071 -0.362576 0.880008 -> 1.325229 -0.362620 0.875948 / dir = -1.000000 / l_pyr = 0.008294
Debug   : vH = 5964 / nTets = 4 / pp.size() = 4 / 1.216785 -0.333278 0.899031 -> 1.216191 -0.333327 0.895022 / dir = -1.000000 / l_pyr = 0.008106
Debug   : vH = 5962 / nTets = 4 / pp.size() = 4 / 1.105230 -0.298060 0.911618 -> 1.104880 -0.298152 0.907690 / dir = -1.000000 / l_pyr = 0.007890
Debug   : vH = 5960 / nTets = 4 / pp.size() = 4 / 0.997568 -0.258876 0.917071 -> 0.997430 -0.259044 0.913245 / dir = -1.000000 / l_pyr = 0.007664
Debug   : vH = 5958 / nTets = 4 / pp.size() = 4 / 0.899086 -0.218496 0.916172 -> 0.899114 -0.218763 0.912457 / dir = -1.000000 / l_pyr = 0.007449
Debug   : vH = 5956 / nTets = 4 / pp.size() = 4 / 0.813243 -0.179746 0.910730 -> 0.813389 -0.180121 0.907123 / dir = -1.000000 / l_pyr = 0.007258
Debug   : vH = 5954 / nTets = 4 / pp.size() = 4 / 0.741405 -0.144816 0.902830 -> 0.741625 -0.145296 0.899322 / dir = -1.000000 / l_pyr = 0.007097
Debug   : vH = 5952 / nTets = 4 / pp.size() = 4 / 0.683236 -0.114938 0.894231 -> 0.683497 -0.115512 0.890806 / dir = -1.000000 / l_pyr = 0.006965
Debug   : vH = 5950 / nTets = 6 / pp.size() = 6 / 0.637353 -0.090441 0.886099 -> 0.637634 -0.091094 0.882744 / dir = -1.000000 / l_pyr = 0.006859
Debug   : vH = 5947 / nTets = 6 / pp.size() = 6 / 0.601888 -0.070997 0.879031 -> 0.602175 -0.071715 0.875733 / dir = -1.000000 / l_pyr = 0.006775
Debug   : vH = 5943 / nTets = 4 / pp.size() = 4 / 1.738936 -0.436833 0.751414 -> 1.737162 -0.437712 0.747341 / dir = -1.000000 / l_pyr = 0.009057
Debug   : vH = 5940 / nTets = 6 / pp.size() = 6 / 1.701091 -0.433806 0.766978 -> 1.699363 -0.434650 0.762853 / dir = -1.000000 / l_pyr = 0.009102
Debug   : vH = 5938 / nTets = 4 / pp.size() = 4 / 1.652244 -0.429025 0.785963 -> 1.650583 -0.429828 0.781773 / dir = -1.000000 / l_pyr = 0.009157
Debug   : vH = 5936 / nTets = 4 / pp.size() = 4 / 1.590600 -0.421581 0.808147 -> 1.589031 -0.422339 0.803881 / dir = -1.000000 / l_pyr = 0.009216
Debug   : vH = 5934 / nTets = 4 / pp.size() = 4 / 1.515007 -0.410290 0.832638 -> 1.513565 -0.411001 0.828290 / dir = -1.000000 / l_pyr = 0.009272
Debug   : vH = 5932 / nTets = 4 / pp.size() = 4 / 1.425561 -0.393839 0.857738 -> 1.424286 -0.394508 0.853315 / dir = -1.000000 / l_pyr = 0.009302
Debug   : vH = 5930 / nTets = 4 / pp.size() = 4 / 1.324217 -0.371114 0.881048 -> 1.323156 -0.371749 0.876601 / dir = -1.000000 / l_pyr = 0.009232
Debug   : vH = 5927 / nTets = 6 / pp.size() = 6 / 1.214987 -0.341696 0.899982 -> 1.214170 -0.342316 0.895557 / dir = -1.000000 / l_pyr = 0.009083
Debug   : vH = 5925 / nTets = 4 / pp.size() = 4 / 1.103523 -0.306301 0.912545 -> 1.102955 -0.306928 0.908201 / dir = -1.000000 / l_pyr = 0.008853
Debug   : vH = 5921 / nTets = 4 / pp.size() = 4 / 0.995988 -0.266894 0.918041 -> 0.995649 -0.267550 0.913823 / dir = -1.000000 / l_pyr = 0.008563
Debug   : vH = 5918 / nTets = 8 / pp.size() = 8 / 0.897666 -0.226266 0.917238 -> 0.897516 -0.226965 0.913177 / dir = -1.000000 / l_pyr = 0.008245
Debug   : vH = 5915 / nTets = 8 / pp.size() = 8 / 0.812004 -0.187265 0.911922 -> 0.811993 -0.188013 0.908027 / dir = -1.000000 / l_pyr = 0.007932
Debug   : vH = 5913 / nTets = 4 / pp.size() = 4 / 0.740350 -0.152097 0.904158 -> 0.740431 -0.152896 0.900421 / dir = -1.000000 / l_pyr = 0.007644
Debug   : vH = 5911 / nTets = 4 / pp.size() = 4 / 0.682353 -0.122006 0.895686 -> 0.682492 -0.122850 0.892089 / dir = -1.000000 / l_pyr = 0.007395
Debug   : vH = 5909 / nTets = 4 / pp.size() = 4 / 0.636621 -0.097325 0.887664 -> 0.636791 -0.098208 0.884185 / dir = -1.000000 / l_pyr = 0.007187
Debug   : vH = 5906 / nTets = 4 / pp.size() = 4 / 0.601282 -0.077728 0.880686 -> 0.601468 -0.078642 0.877302 / dir = -1.000000 / l_pyr = 0.007020
Debug   : vH = 5901 / nTets = 4 / pp.size() = 4 / 1.736959 -0.445241 0.754664 -> 1.735167 -0.446732 0.750612 / dir = -1.000000 / l_pyr = 0.009350
Debug   : vH = 5899 / nTets = 4 / pp.size() = 4 / 1.699093 -0.442354 0.770134 -> 1.697320 -0.443825 0.765988 / dir = -1.000000 / l_pyr = 0.009485
Debug   : vH = 5896 / nTets = 4 / pp.size() = 4 / 1.650221 -0.437736 0.789004 -> 1.648481 -0.439185 0.784743 / dir = -1.000000 / l_pyr = 0.009651
Debug   : vH = 5894 / nTets = 6 / pp.size() = 6 / 1.588547 -0.430469 0.811053 -> 1.586859 -0.431893 0.806655 / dir = -1.000000 / l_pyr = 0.009844
Debug   : vH = 5892 / nTets = 4 / pp.size() = 4 / 1.512922 -0.419350 0.835395 -> 1.511318 -0.420748 0.830842 / dir = -1.000000 / l_pyr = 0.010051
Debug   : vH = 5890 / nTets = 4 / pp.size() = 4 / 1.423449 -0.403037 0.860340 -> 1.421969 -0.404413 0.855632 / dir = -1.000000 / l_pyr = 0.010247
Debug   : vH = 5886 / nTets = 4 / pp.size() = 4 / 1.322096 -0.380384 0.883501 -> 1.320785 -0.381742 0.878659 / dir = -1.000000 / l_pyr = 0.010393
Debug   : vH = 5884 / nTets = 6 / pp.size() = 6 / 1.212892 -0.350939 0.902304 -> 1.211804 -0.352275 0.897420 / dir = -1.000000 / l_pyr = 0.010358
Debug   : vH = 5882 / nTets = 6 / pp.size() = 6 / 1.101506 -0.315405 0.914765 -> 1.100668 -0.316715 0.909948 / dir = -1.000000 / l_pyr = 0.010124
Debug   : vH = 5879 / nTets = 6 / pp.size() = 6 / 0.994109 -0.275755 0.920190 -> 0.993514 -0.277042 0.915518 / dir = -1.000000 / l_pyr = 0.009763
Debug   : vH = 5877 / nTets = 4 / pp.size() = 4 / 0.895977 -0.234809 0.919346 -> 0.895593 -0.236073 0.914876 / dir = -1.000000 / l_pyr = 0.009322
Debug   : vH = 5875 / nTets = 4 / pp.size() = 4 / 0.810535 -0.195453 0.914014 -> 0.810316 -0.196694 0.909770 / dir = -1.000000 / l_pyr = 0.008854
Debug   : vH = 5873 / nTets = 6 / pp.size() = 6 / 0.739106 -0.159929 0.906248 -> 0.739006 -0.161147 0.902228 / dir = -1.000000 / l_pyr = 0.008405
Debug   : vH = 5871 / nTets = 4 / pp.size() = 4 / 0.681317 -0.129506 0.897783 -> 0.681297 -0.130703 0.893965 / dir = -1.000000 / l_pyr = 0.008003
Debug   : vH = 5869 / nTets = 4 / pp.size() = 4 / 0.635764 -0.104532 0.889770 -> 0.635795 -0.105712 0.886125 / dir = -1.000000 / l_pyr = 0.007661
Debug   : vH = 5867 / nTets = 4 / pp.size() = 4 / 0.600570 -0.084689 0.882799 -> 0.600633 -0.085854 0.879297 / dir = -1.000000 / l_pyr = 0.007383
Debug   : vH = 5862 / nTets = 6 / pp.size() = 6 / 1.735002 -0.453410 0.759110 -> 1.733247 -0.455478 0.755194 / dir = -1.000000 / l_pyr = 0.009526
Debug   : vH = 5860 / nTets = 4 / pp.size() = 4 / 1.697091 -0.450749 0.774544 -> 1.695331 -0.452819 0.770509 / dir = -1.000000 / l_pyr = 0.009728
Debug   : vH = 5858 / nTets = 4 / pp.size() = 4 / 1.648163 -0.446401 0.793369 -> 1.646404 -0.448475 0.789185 / dir = -1.000000 / l_pyr = 0.009980
Debug   : vH = 5856 / nTets = 4 / pp.size() = 4 / 1.586420 -0.439436 0.815361 -> 1.584676 -0.441517 0.810999 / dir = -1.000000 / l_pyr = 0.010276
Debug   : vH = 5853 / nTets = 8 / pp.size() = 8 / 1.510717 -0.428631 0.839630 -> 1.509012 -0.430721 0.835065 / dir = -1.000000 / l_pyr = 0.010604
Debug   : vH = 5851 / nTets = 4 / pp.size() = 4 / 1.421168 -0.412605 0.864485 -> 1.419537 -0.414706 0.859709 / dir = -1.000000 / l_pyr = 0.010933
Debug   : vH = 5849 / nTets = 4 / pp.size() = 4 / 1.319757 -0.390159 0.887535 -> 1.318248 -0.392270 0.882567 / dir = -1.000000 / l_pyr = 0.011209
Debug   : vH = 5846 / nTets = 6 / pp.size() = 6 / 1.210540 -0.360797 0.906204 -> 1.209203 -0.362907 0.901107 / dir = -1.000000 / l_pyr = 0.011354
Debug   : vH = 5844 / nTets = 4 / pp.size() = 4 / 1.099211 -0.325187 0.918508 -> 1.098101 -0.327245 0.913455 / dir = -1.000000 / l_pyr = 0.011136
Debug   : vH = 5842 / nTets = 4 / pp.size() = 4 / 0.991951 -0.285305 0.923757 -> 0.991079 -0.287289 0.918847 / dir = -1.000000 / l_pyr = 0.010733
Debug   : vH = 5840 / nTets = 4 / pp.size() = 4 / 0.894027 -0.244003 0.922729 -> 0.893374 -0.245897 0.918038 / dir = -1.000000 / l_pyr = 0.010202
Debug   : vH = 5838 / nTets = 4 / pp.size() = 4 / 0.808836 -0.204217 0.917217 -> 0.808367 -0.206010 0.912782 / dir = -1.000000 / l_pyr = 0.009614
Debug   : vH = 5836 / nTets = 4 / pp.size() = 4 / 0.737667 -0.168241 0.909286 -> 0.737342 -0.169934 0.905111 / dir = -1.000000 / l_pyr = 0.009035
Debug   : vH = 5833 / nTets = 6 / pp.size() = 6 / 0.680119 -0.137386 0.900675 -> 0.679902 -0.138984 0.896740 / dir = -1.000000 / l_pyr = 0.008507
Debug   : vH = 5830 / nTets = 6 / pp.size() = 6 / 0.634772 -0.112026 0.892539 -> 0.634631 -0.113542 0.888811 / dir = -1.000000 / l_pyr = 0.008054
Debug   : vH = 5825 / nTets = 6 / pp.size() = 6 / 0.599746 -0.091854 0.885467 -> 0.599657 -0.093302 0.881910 / dir = -1.000000 / l_pyr = 0.007682
Debug   : vH = 5819 / nTets = 4 / pp.size() = 4 / 1.733125 -0.461121 0.764638 -> 1.731451 -0.463738 0.760956 / dir = -1.000000 / l_pyr = 0.009635
Debug   : vH = 5815 / nTets = 6 / pp.size() = 6 / 1.695157 -0.458726 0.780108 -> 1.693460 -0.461373 0.776303 / dir = -1.000000 / l_pyr = 0.009870
Debug   : vH = 5813 / nTets = 6 / pp.size() = 6 / 1.646157 -0.454698 0.798973 -> 1.644438 -0.457382 0.795015 / dir = -1.000000 / l_pyr = 0.010163
Debug   : vH = 5811 / nTets = 6 / pp.size() = 6 / 1.584325 -0.448098 0.821006 -> 1.582590 -0.450828 0.816865 / dir = -1.000000 / l_pyr = 0.010509
Debug   : vH = 5809 / nTets = 4 / pp.size() = 4 / 1.508519 -0.437678 0.845306 -> 1.506783 -0.440461 0.840956 / dir = -1.000000 / l_pyr = 0.010896
Debug   : vH = 5804 / nTets = 6 / pp.size() = 6 / 1.418863 -0.422019 0.870167 -> 1.417153 -0.424855 0.865599 / dir = -1.000000 / l_pyr = 0.011285
Debug   : vH = 5802 / nTets = 6 / pp.size() = 6 / 1.317362 -0.399863 0.893179 -> 1.315716 -0.402744 0.888409 / dir = -1.000000 / l_pyr = 0.011621
Debug   : vH = 5800 / nTets = 4 / pp.size() = 4 / 1.208103 -0.370655 0.911744 -> 1.206567 -0.373556 0.906825 / dir = -1.000000 / l_pyr = 0.011827
Debug   : vH = 5795 / nTets = 6 / pp.size() = 6 / 1.096805 -0.335027 0.923864 -> 1.095448 -0.337855 0.918973 / dir = -1.000000 / l_pyr = 0.011620
Debug   : vH = 5793 / nTets = 6 / pp.size() = 6 / 0.989666 -0.294949 0.928851 -> 0.988515 -0.297654 0.924092 / dir = -1.000000 / l_pyr = 0.011188
Debug   : vH = 5790 / nTets = 4 / pp.size() = 4 / 0.891945 -0.253303 0.927505 -> 0.891000 -0.255850 0.922949 / dir = -1.000000 / l_pyr = 0.010607
Debug   : vH = 5788 / nTets = 4 / pp.size() = 4 / 0.807009 -0.213081 0.921647 -> 0.806253 -0.215450 0.917333 / dir = -1.000000 / l_pyr = 0.009958
Debug   : vH = 5786 / nTets = 4 / pp.size() = 4 / 0.736109 -0.176634 0.913375 -> 0.735516 -0.178823 0.909308 / dir = -1.000000 / l_pyr = 0.009314
Debug   : vH = 5784 / nTets = 4 / pp.size() = 4 / 0.678813 -0.145321 0.904451 -> 0.678354 -0.147341 0.900612 / dir = -1.000000 / l_pyr = 0.008726
Debug   : vH = 5782 / nTets = 4 / pp.size() = 4 / 0.633682 -0.119546 0.896043 -> 0.633328 -0.121418 0.892401 / dir = -1.000000 / l_pyr = 0.008220
Debug   : vH = 5779 / nTets = 4 / pp.size() = 4 / 0.598830 -0.099020 0.888746 -> 0.598558 -0.100768 0.885267 / dir = -1.000000 / l_pyr = 0.007805
Debug   : vH = 5776 / nTets = 4 / pp.size() = 4 / 1.731393 -0.468153 0.771176 -> 1.729851 -0.471315 0.767853 / dir = -1.000000 / l_pyr = 0.009678
Debug   : vH = 5774 / nTets = 4 / pp.size() = 4 / 1.693372 -0.466013 0.786759 -> 1.691795 -0.469236 0.783331 / dir = -1.000000 / l_pyr = 0.009927
Debug   : vH = 5772 / nTets = 4 / pp.size() = 4 / 1.644303 -0.462290 0.805761 -> 1.642685 -0.465593 0.802200 / dir = -1.000000 / l_pyr = 0.010237
Debug   : vH = 5769 / nTets = 4 / pp.size() = 4 / 1.582386 -0.456040 0.827945 -> 1.580726 -0.459436 0.824227 / dir = -1.000000 / l_pyr = 0.010602
Debug   : vH = 5766 / nTets = 4 / pp.size() = 4 / 1.506479 -0.445994 0.852396 -> 1.504781 -0.449493 0.848502 / dir = -1.000000 / l_pyr = 0.011007
Debug   : vH = 5764 / nTets = 6 / pp.size() = 6 / 1.416717 -0.430691 0.877380 -> 1.414992 -0.434294 0.873303 / dir = -1.000000 / l_pyr = 0.011414
Debug   : vH = 5762 / nTets = 4 / pp.size() = 4 / 1.315123 -0.408825 0.900447 -> 1.313396 -0.412511 0.896203 / dir = -1.000000 / l_pyr = 0.011762
Debug   : vH = 5759 / nTets = 10 / pp.size() = 10 / 1.205810 -0.379784 0.918959 -> 1.204117 -0.383511 0.914591 / dir = -1.000000 / l_pyr = 0.011972
Debug   : vH = 5757 / nTets = 4 / pp.size() = 4 / 1.094527 -0.344166 0.930887 -> 1.092943 -0.347793 0.926553 / dir = -1.000000 / l_pyr = 0.011737
Debug   : vH = 5754 / nTets = 8 / pp.size() = 8 / 0.987486 -0.303938 0.935539 -> 0.986051 -0.307389 0.931316 / dir = -1.000000 / l_pyr = 0.011278
Debug   : vH = 5752 / nTets = 4 / pp.size() = 4 / 0.889939 -0.262011 0.933744 -> 0.888676 -0.265232 0.929684 / dir = -1.000000 / l_pyr = 0.010667
Debug   : vH = 5749 / nTets = 6 / pp.size() = 6 / 0.805226 -0.221424 0.927374 -> 0.804144 -0.224386 0.923501 / dir = -1.000000 / l_pyr = 0.009990
Debug   : vH = 5746 / nTets = 6 / pp.size() = 6 / 0.734567 -0.184580 0.918579 -> 0.733660 -0.187282 0.914890 / dir = -1.000000 / l_pyr = 0.009324
Debug   : vH = 5743 / nTets = 4 / pp.size() = 4 / 0.677500 -0.152877 0.909166 -> 0.676754 -0.155336 0.905643 / dir = -1.000000 / l_pyr = 0.008722
Debug   : vH = 5740 / nTets = 4 / pp.size() = 4 / 0.632566 -0.126749 0.900330 -> 0.631961 -0.128994 0.896946 / dir = -1.000000 / l_pyr = 0.008211
Debug   : vH = 5736 / nTets = 6 / pp.size() = 6 / 0.597876 -0.105921 0.892675 -> 0.597390 -0.107985 0.889404 / dir = -1.000000 / l_pyr = 0.007796
Debug   : vH = 5730 / nTets = 6 / pp.size() = 6 / 1.729884 -0.474269 0.778684 -> 1.728523 -0.477976 0.775848 / dir = -1.000000 / l_pyr = 0.009722
Debug   : vH = 5728 / nTets = 6 / pp.size() = 6 / 1.691827 -0.472328 0.794464 -> 1.690423 -0.476133 0.791556 / dir = -1.000000 / l_pyr = 0.009980
Debug   : vH = 5725 / nTets = 4 / pp.size() = 4 / 1.642710 -0.468845 0.813700 -> 1.641253 -0.472771 0.810704 / dir = -1.000000 / l_pyr = 0.010298
Debug   : vH = 5722 / nTets = 6 / pp.size() = 6 / 1.580733 -0.462866 0.836150 -> 1.579212 -0.466933 0.833050 / dir = -1.000000 / l_pyr = 0.010670
Debug   : vH = 5720 / nTets = 6 / pp.size() = 6 / 1.504755 -0.453109 0.860875 -> 1.503159 -0.457328 0.857660 / dir = -1.000000 / l_pyr = 0.011081
Debug   : vH = 5718 / nTets = 4 / pp.size() = 4 / 1.414915 -0.438081 0.886100 -> 1.413239 -0.442448 0.882767 / dir = -1.000000 / l_pyr = 0.011487
Debug   : vH = 5715 / nTets = 6 / pp.size() = 6 / 1.313249 -0.416439 0.909315 -> 1.311500 -0.420919 0.905877 / dir = -1.000000 / l_pyr = 0.011825
Debug   : vH = 5712 / nTets = 4 / pp.size() = 4 / 1.203892 -0.387532 0.927821 -> 1.202096 -0.392045 0.924315 / dir = -1.000000 / l_pyr = 0.011980
Debug   : vH = 5710 / nTets = 6 / pp.size() = 6 / 1.092612 -0.351939 0.939542 -> 1.090844 -0.356304 0.936075 / dir = -1.000000 / l_pyr = 0.011696
Debug   : vH = 5708 / nTets = 4 / pp.size() = 4 / 0.985634 -0.311626 0.943780 -> 0.983949 -0.315745 0.940391 / dir = -1.000000 / l_pyr = 0.011187
Debug   : vH = 5706 / nTets = 4 / pp.size() = 4 / 0.888209 -0.269527 0.941402 -> 0.886654 -0.273334 0.938113 / dir = -1.000000 / l_pyr = 0.010532
Debug   : vH = 5704 / nTets = 4 / pp.size() = 4 / 0.803658 -0.228715 0.934352 -> 0.802269 -0.232183 0.931162 / dir = -1.000000 / l_pyr = 0.009824
Debug   : vH = 5702 / nTets = 4 / pp.size() = 4 / 0.733176 -0.191627 0.924857 -> 0.731972 -0.194761 0.921752 / dir = -1.000000 / l_pyr = 0.009145
Debug   : vH = 5700 / nTets = 6 / pp.size() = 6 / 0.676281 -0.159686 0.914785 -> 0.675263 -0.162513 0.911746 / dir = -1.000000 / l_pyr = 0.008546
Debug   : vH = 5697 / nTets = 6 / pp.size() = 6 / 0.631501 -0.133341 0.905369 -> 0.630657 -0.135900 0.902379 / dir = -1.000000 / l_pyr = 0.008049
Debug   : vH = 5694 / nTets = 4 / pp.size() = 4 / 0.596938 -0.112328 0.897229 -> 0.596249 -0.114661 0.894273 / dir = -1.000000 / l_pyr = 0.007656
Debug   : vH = 5688 / nTets = 4 / pp.size() = 4 / 1.728649 -0.479319 0.787019 -> 1.727495 -0.483438 0.784722 / dir = -1.000000 / l_pyr = 0.009711
Debug   : vH = 5685 / nTets = 4 / pp.size() = 4 / 1.690581 -0.477500 0.803058 -> 1.689381 -0.481739 0.800727 / dir = -1.000000 / l_pyr = 0.009969
Debug   : vH = 5683 / nTets = 6 / pp.size() = 6 / 1.641449 -0.474162 0.822605 -> 1.640187 -0.478546 0.820231 / dir = -1.000000 / l_pyr = 0.010285
Debug   : vH = 5681 / nTets = 4 / pp.size() = 4 / 1.579451 -0.468348 0.845403 -> 1.578108 -0.472896 0.842979 / dir = -1.000000 / l_pyr = 0.010651
Debug   : vH = 5679 / nTets = 4 / pp.size() = 4 / 1.503443 -0.458763 0.870485 -> 1.501998 -0.463485 0.868007 / dir = -1.000000 / l_pyr = 0.011049
Debug   : vH = 5677 / nTets = 4 / pp.size() = 4 / 1.413566 -0.443902 0.896021 -> 1.412000 -0.448782 0.893487 / dir = -1.000000 / l_pyr = 0.011434
Debug   : vH = 5675 / nTets = 4 / pp.size() = 4 / 1.311862 -0.422399 0.919429 -> 1.310167 -0.427388 0.916845 / dir = -1.000000 / l_pyr = 0.011737
Debug   : vH = 5673 / nTets = 4 / pp.size() = 4 / 1.202475 -0.393587 0.937934 -> 1.200677 -0.398558 0.935328 / dir = -1.000000 / l_pyr = 0.011786
Debug   : vH = 5670 / nTets = 6 / pp.size() = 6 / 1.091187 -0.358038 0.949407 -> 1.089354 -0.362805 0.946830 / dir = -1.000000 / l_pyr = 0.011441
Debug   : vH = 5668 / nTets = 4 / pp.size() = 4 / 0.984231 -0.317724 0.953145 -> 0.982428 -0.322182 0.950601 / dir = -1.000000 / l_pyr = 0.010880
Debug   : vH = 5664 / nTets = 8 / pp.size() = 8 / 0.886861 -0.275594 0.950070 -> 0.885153 -0.279681 0.947550 / dir = -1.000000 / l_pyr = 0.010192
Debug   : vH = 5662 / nTets = 4 / pp.size() = 4 / 0.802390 -0.234734 0.942210 -> 0.800832 -0.238434 0.939696 / dir = -1.000000 / l_pyr = 0.009475
Debug   : vH = 5660 / nTets = 4 / pp.size() = 4 / 0.732005 -0.197591 0.931886 -> 0.730630 -0.200925 0.929356 / dir = -1.000000 / l_pyr = 0.008812
Debug   : vH = 5657 / nTets = 4 / pp.size() = 4 / 0.675210 -0.165595 0.921039 -> 0.674030 -0.168600 0.918476 / dir = -1.000000 / l_pyr = 0.008246
Debug   : vH = 5655 / nTets = 4 / pp.size() = 4 / 0.630524 -0.139199 0.910945 -> 0.629535 -0.141922 0.908339 / dir = -1.000000 / l_pyr = 0.007793
Debug   : vH = 5651 / nTets = 6 / pp.size() = 6 / 0.596045 -0.118141 0.902241 -> 0.595230 -0.120627 0.899592 / dir = -1.000000 / l_pyr = 0.007445
Debug   : vH = 5646 / nTets = 6 / pp.size() = 6 / 1.727701 -0.483293 0.795914 -> 1.726752 -0.487683 0.794142 / dir = -1.000000 / l_pyr = 0.009656
Debug   : vH = 5644 / nTets = 4 / pp.size() = 4 / 1.689649 -0.481517 0.812234 -> 1.688655 -0.486026 0.810464 / dir = -1.000000 / l_pyr = 0.009890
Debug   : vH = 5642 / nTets = 4 / pp.size() = 4 / 1.640536 -0.478229 0.832112 -> 1.639478 -0.482880 0.830344 / dir = -1.000000 / l_pyr = 0.010174
Debug   : vH = 5639 / nTets = 4 / pp.size() = 4 / 1.578556 -0.472471 0.855274 -> 1.577411 -0.477280 0.853509 / dir = -1.000000 / l_pyr = 0.010497
Debug   : vH = 5637 / nTets = 6 / pp.size() = 6 / 1.502563 -0.462947 0.880718 -> 1.501301 -0.467914 0.878957 / dir = -1.000000 / l_pyr = 0.010837
Debug   : vH = 5634 / nTets = 4 / pp.size() = 4 / 1.412693 -0.448149 0.906555 -> 1.411287 -0.453248 0.904798 / dir = -1.000000 / l_pyr = 0.011148
Debug   : vH = 5631 / nTets = 6 / pp.size() = 6 / 1.310986 -0.426709 0.930126 -> 1.309417 -0.431879 0.928367 / dir = -1.000000 / l_pyr = 0.011363
Debug   : vH = 5628 / nTets = 4 / pp.size() = 4 / 1.201584 -0.397964 0.948578 -> 1.199886 -0.403020 0.946836 / dir = -1.000000 / l_pyr = 0.011221
Debug   : vH = 5626 / nTets = 6 / pp.size() = 6 / 1.090276 -0.362491 0.959736 -> 1.088501 -0.367290 0.958005 / dir = -1.000000 / l_pyr = 0.010803
Debug   : vH = 5624 / nTets = 4 / pp.size() = 4 / 0.983300 -0.322271 0.962904 -> 0.981517 -0.326719 0.961156 / dir = -1.000000 / l_pyr = 0.010203
Debug   : vH = 5622 / nTets = 4 / pp.size() = 4 / 0.885916 -0.280253 0.959067 -> 0.884199 -0.284309 0.957265 / dir = -1.000000 / l_pyr = 0.009517
Debug   : vH = 5620 / nTets = 4 / pp.size() = 4 / 0.801447 -0.239520 0.950348 -> 0.799856 -0.243187 0.948459 / dir = -1.000000 / l_pyr = 0.008842
Debug   : vH = 5618 / nTets = 8 / pp.size() = 8 / 0.731076 -0.202508 0.939161 -> 0.729655 -0.205822 0.937158 / dir = -1.000000 / l_pyr = 0.008249
Debug   : vH = 5616 / nTets = 6 / pp.size() = 6 / 0.674308 -0.170635 0.927518 -> 0.673075 -0.173641 0.925387 / dir = -1.000000 / l_pyr = 0.007770
Debug   : vH = 5614 / nTets = 6 / pp.size() = 6 / 0.629656 -0.144346 0.916734 -> 0.628613 -0.147092 0.914479 / dir = -1.000000 / l_pyr = 0.007407
Debug   : vH = 5611 / nTets = 4 / pp.size() = 4 / 0.595216 -0.123377 0.907461 -> 0.594348 -0.125904 0.905092 / dir = -1.000000 / l_pyr = 0.007142
Debug   : vH = 5605 / nTets = 6 / pp.size() = 6 / 1.727037 -0.486223 0.805105 -> 1.726296 -0.490748 0.803854 / dir = -1.000000 / l_pyr = 0.009506
Debug   : vH = 5602 / nTets = 6 / pp.size() = 6 / 1.689030 -0.484410 0.821677 -> 1.688248 -0.489033 0.820465 / dir = -1.000000 / l_pyr = 0.009686
Debug   : vH = 5599 / nTets = 6 / pp.size() = 6 / 1.639970 -0.481078 0.841845 -> 1.639129 -0.485814 0.840679 / dir = -1.000000 / l_pyr = 0.009899
Debug   : vH = 5597 / nTets = 6 / pp.size() = 6 / 1.578050 -0.475271 0.865314 -> 1.577123 -0.480126 0.864204 / dir = -1.000000 / l_pyr = 0.010132
Debug   : vH = 5595 / nTets = 4 / pp.size() = 4 / 1.502115 -0.465701 0.891047 -> 1.501070 -0.470664 0.889996 / dir = -1.000000 / l_pyr = 0.010360
Debug   : vH = 5592 / nTets = 10 / pp.size() = 10 / 1.412296 -0.450870 0.917095 -> 1.411099 -0.455906 0.916101 / dir = -1.000000 / l_pyr = 0.010541
Debug   : vH = 5589 / nTets = 6 / pp.size() = 6 / 1.310617 -0.429430 0.940728 -> 1.309256 -0.434424 0.939784 / dir = -1.000000 / l_pyr = 0.010522
Debug   : vH = 5585 / nTets = 6 / pp.size() = 6 / 1.201214 -0.400736 0.959029 -> 1.199709 -0.405535 0.958114 / dir = -1.000000 / l_pyr = 0.010225
Debug   : vH = 5583 / nTets = 4 / pp.size() = 4 / 1.089870 -0.365383 0.969795 -> 1.088262 -0.369885 0.968862 / dir = -1.000000 / l_pyr = 0.009742
Debug   : vH = 5581 / nTets = 4 / pp.size() = 4 / 0.982831 -0.325358 0.972352 -> 0.981185 -0.329499 0.971344 / dir = -1.000000 / l_pyr = 0.009137
Debug   : vH = 5579 / nTets = 4 / pp.size() = 4 / 0.885370 -0.283600 0.967751 -> 0.883758 -0.287369 0.966610 / dir = -1.000000 / l_pyr = 0.008509
Debug   : vH = 5576 / nTets = 6 / pp.size() = 6 / 0.800822 -0.243165 0.958208 -> 0.799308 -0.246590 0.956887 / dir = -1.000000 / l_pyr = 0.007942
Debug   : vH = 5574 / nTets = 4 / pp.size() = 4 / 0.730389 -0.206460 0.946218 -> 0.729016 -0.209587 0.944686 / dir = -1.000000 / l_pyr = 0.007486
Debug   : vH = 5572 / nTets = 4 / pp.size() = 4 / 0.673578 -0.174874 0.933849 -> 0.672373 -0.177751 0.932101 / dir = -1.000000 / l_pyr = 0.007151
Debug   : vH = 5568 / nTets = 6 / pp.size() = 6 / 0.628905 -0.148836 0.922448 -> 0.627873 -0.151502 0.920498 / dir = -1.000000 / l_pyr = 0.006922
Debug   : vH = 5564 / nTets = 6 / pp.size() = 6 / 0.594459 -0.128075 0.912671 -> 0.593591 -0.130565 0.910547 / dir = -1.000000 / l_pyr = 0.006772
Debug   : vH = 5560 / nTets = 4 / pp.size() = 4 / 1.726664 -0.488104 0.814356 -> 1.726137 -0.492656 0.813634 / dir = -1.000000 / l_pyr = 0.009278
Debug   : vH = 5557 / nTets = 6 / pp.size() = 6 / 1.688729 -0.486175 0.831110 -> 1.688170 -0.490788 0.830463 / dir = -1.000000 / l_pyr = 0.009383
Debug   : vH = 5555 / nTets = 4 / pp.size() = 4 / 1.639757 -0.482707 0.851477 -> 1.639146 -0.487387 0.850920 / dir = -1.000000 / l_pyr = 0.009504
Debug   : vH = 5552 / nTets = 4 / pp.size() = 4 / 1.577935 -0.476753 0.875144 -> 1.577244 -0.481496 0.874690 / dir = -1.000000 / l_pyr = 0.009628
Debug   : vH = 5550 / nTets = 6 / pp.size() = 6 / 1.502101 -0.467043 0.901038 -> 1.501295 -0.471831 0.900692 / dir = -1.000000 / l_pyr = 0.009735
Debug   : vH = 5548 / nTets = 4 / pp.size() = 4 / 1.412368 -0.452106 0.927163 -> 1.411413 -0.456874 0.926916 / dir = -1.000000 / l_pyr = 0.009738
Debug   : vH = 5545 / nTets = 4 / pp.size() = 4 / 1.310742 -0.430629 0.950733 -> 1.309621 -0.435263 0.950557 / dir = -1.000000 / l_pyr = 0.009543
Debug   : vH = 5543 / nTets = 6 / pp.size() = 6 / 1.201341 -0.402000 0.968789 -> 1.200056 -0.406404 0.968626 / dir = -1.000000 / l_pyr = 0.009182
Debug   : vH = 5541 / nTets = 4 / pp.size() = 4 / 1.089940 -0.366838 0.979116 -> 1.088526 -0.370937 0.978893 / dir = -1.000000 / l_pyr = 0.008684
Debug   : vH = 5537 / nTets = 6 / pp.size() = 6 / 0.982789 -0.327130 0.981073 -> 0.981306 -0.330891 0.980707 / dir = -1.000000 / l_pyr = 0.008120
Debug   : vH = 5535 / nTets = 4 / pp.size() = 4 / 0.885184 -0.285785 0.975775 -> 0.883700 -0.289224 0.975194 / dir = -1.000000 / l_pyr = 0.007582
Debug   : vH = 5533 / nTets = 4 / pp.size() = 4 / 0.800486 -0.245814 0.965513 -> 0.799064 -0.248977 0.964663 / dir = -1.000000 / l_pyr = 0.007141
Debug   : vH = 5531 / nTets = 4 / pp.size() = 4 / 0.729918 -0.209576 0.952843 -> 0.728607 -0.212514 0.951697 / dir = -1.000000 / l_pyr = 0.006830
Debug   : vH = 5529 / nTets = 6 / pp.size() = 6 / 0.673003 -0.178422 0.939874 -> 0.671834 -0.181174 0.938436 / dir = -1.000000 / l_pyr = 0.006636
Debug   : vH = 5527 / nTets = 4 / pp.size() = 4 / 0.628256 -0.152757 0.927969 -> 0.627242 -0.155352 0.926267 / dir = -1.000000 / l_pyr = 0.006531
Debug   : vH = 5524 / nTets = 4 / pp.size() = 4 / 0.593766 -0.132302 0.917785 -> 0.592901 -0.134765 0.915862 / dir = -1.000000 / l_pyr = 0.006483
Debug   : vH = 5518 / nTets = 6 / pp.size() = 6 / 1.726586 -0.488935 0.823518 -> 1.726268 -0.493459 0.823313 / dir = -1.000000 / l_pyr = 0.009078
Debug   : vH = 5515 / nTets = 6 / pp.size() = 6 / 1.688750 -0.486820 0.840366 -> 1.688406 -0.491368 0.840265 / dir = -1.000000 / l_pyr = 0.009124
Debug   : vH = 5513 / nTets = 6 / pp.size() = 6 / 1.639896 -0.483139 0.860827 -> 1.639506 -0.487709 0.860849 / dir = -1.000000 / l_pyr = 0.009174
Debug   : vH = 5511 / nTets = 4 / pp.size() = 4 / 1.578205 -0.476961 0.884570 -> 1.577740 -0.481544 0.884730 / dir = -1.000000 / l_pyr = 0.009218
Debug   : vH = 5509 / nTets = 4 / pp.size() = 4 / 1.502503 -0.467044 0.910497 -> 1.501925 -0.471602 0.910795 / dir = -1.000000 / l_pyr = 0.009207
Debug   : vH = 5507 / nTets = 4 / pp.size() = 4 / 1.412881 -0.451961 0.936575 -> 1.412153 -0.456422 0.936990 / dir = -1.000000 / l_pyr = 0.009079
Debug   : vH = 5504 / nTets = 4 / pp.size() = 4 / 1.311319 -0.430447 0.959982 -> 1.310412 -0.434735 0.960464 / dir = -1.000000 / l_pyr = 0.008819
Debug   : vH = 5502 / nTets = 4 / pp.size() = 4 / 1.201911 -0.401935 0.977736 -> 1.200820 -0.405972 0.978203 / dir = -1.000000 / l_pyr = 0.008415
Debug   : vH = 5498 / nTets = 6 / pp.size() = 6 / 1.090421 -0.367064 0.987624 -> 1.089176 -0.370799 0.987979 / dir = -1.000000 / l_pyr = 0.007906
Debug   : vH = 5496 / nTets = 6 / pp.size() = 6 / 0.983108 -0.327807 0.989038 -> 0.981766 -0.331237 0.989183 / dir = -1.000000 / l_pyr = 0.007371
Debug   : vH = 5493 / nTets = 6 / pp.size() = 6 / 0.885297 -0.287026 0.983145 -> 0.883923 -0.290188 0.983002 / dir = -1.000000 / l_pyr = 0.006901
Debug   : vH = 5490 / nTets = 4 / pp.size() = 4 / 0.800384 -0.247670 0.972292 -> 0.799041 -0.250622 0.971808 / dir = -1.000000 / l_pyr = 0.006560
Debug   : vH = 5487 / nTets = 4 / pp.size() = 4 / 0.729624 -0.212032 0.959079 -> 0.728363 -0.214826 0.958232 / dir = -1.000000 / l_pyr = 0.006360
Debug   : vH = 5485 / nTets = 4 / pp.size() = 4 / 0.672554 -0.181422 0.945639 -> 0.671412 -0.184088 0.944443 / dir = -1.000000 / l_pyr = 0.006274
Debug   : vH = 5483 / nTets = 4 / pp.size() = 4 / 0.627695 -0.156220 0.933344 -> 0.626690 -0.158775 0.931840 / dir = -1.000000 / l_pyr = 0.006261
Debug   : vH = 5480 / nTets = 4 / pp.size() = 4 / 0.593129 -0.136143 0.922847 -> 0.592263 -0.138591 0.921099 / dir = -1.000000 / l_pyr = 0.006261
Debug   : vH = 5475 / nTets = 4 / pp.size() = 4 / 1.726792 -0.488770 0.832506 -> 1.726660 -0.493217 0.832772 / dir = -1.000000 / l_pyr = 0.008913
Debug   : vH = 5473 / nTets = 4 / pp.size() = 4 / 1.689074 -0.486416 0.849365 -> 1.688921 -0.490853 0.849753 / dir = -1.000000 / l_pyr = 0.008912
Debug   : vH = 5470 / nTets = 4 / pp.size() = 4 / 1.640361 -0.482468 0.869823 -> 1.640166 -0.486883 0.870355 / dir = -1.000000 / l_pyr = 0.008901
Debug   : vH = 5468 / nTets = 6 / pp.size() = 6 / 1.578824 -0.476018 0.893536 -> 1.578558 -0.480389 0.894223 / dir = -1.000000 / l_pyr = 0.008865
Debug   : vH = 5465 / nTets = 4 / pp.size() = 4 / 1.503273 -0.465862 0.919387 -> 1.502895 -0.470152 0.920225 / dir = -1.000000 / l_pyr = 0.008776
Debug   : vH = 5463 / nTets = 6 / pp.size() = 6 / 1.413775 -0.450628 0.945321 -> 1.413241 -0.454783 0.946278 / dir = -1.000000 / l_pyr = 0.008594
Debug   : vH = 5461 / nTets = 4 / pp.size() = 4 / 1.312275 -0.429113 0.968500 -> 1.311551 -0.433067 0.969505 / dir = -1.000000 / l_pyr = 0.008287
Debug   : vH = 5458 / nTets = 4 / pp.size() = 4 / 1.202841 -0.400795 0.985929 -> 1.201918 -0.404489 0.986882 / dir = -1.000000 / l_pyr = 0.007851
Debug   : vH = 5456 / nTets = 6 / pp.size() = 6 / 1.091227 -0.366326 0.995407 -> 1.090130 -0.369736 0.996195 / dir = -1.000000 / l_pyr = 0.007334
Debug   : vH = 5454 / nTets = 4 / pp.size() = 4 / 0.983706 -0.327651 0.996353 -> 0.982487 -0.330795 0.996873 / dir = -1.000000 / l_pyr = 0.006824
Debug   : vH = 5452 / nTets = 4 / pp.size() = 4 / 0.885638 -0.287566 0.989974 -> 0.884360 -0.290502 0.990147 / dir = -1.000000 / l_pyr = 0.006414
Debug   : vH = 5450 / nTets = 4 / pp.size() = 4 / 0.800463 -0.248940 0.978656 -> 0.799187 -0.251732 0.978433 / dir = -1.000000 / l_pyr = 0.006156
Debug   : vH = 5447 / nTets = 6 / pp.size() = 6 / 0.729466 -0.214001 0.965026 -> 0.728248 -0.216694 0.964392 / dir = -1.000000 / l_pyr = 0.006046
Debug   : vH = 5444 / nTets = 6 / pp.size() = 6 / 0.672206 -0.184009 0.951230 -> 0.671087 -0.186623 0.950210 / dir = -1.000000 / l_pyr = 0.006041
Debug   : vH = 5442 / nTets = 4 / pp.size() = 4 / 0.627206 -0.159326 0.938641 -> 0.626215 -0.161845 0.937301 / dir = -1.000000 / l_pyr = 0.006041
Debug   : vH = 5438 / nTets = 6 / pp.size() = 6 / 0.592543 -0.139666 0.927911 -> 0.591674 -0.142110 0.926313 / dir = -1.000000 / l_pyr = 0.006093
Debug   : vH = 264 / nTets = 18 / pp.size() = 18 / 1.727247 -0.487718 0.841262 -> 1.727269 -0.492045 0.841925 / dir = -1.000000 / l_pyr = 0.008755
Debug   : vH = 255 / nTets = 4 / pp.size() = 4 / 1.689664 -0.485094 0.858056 -> 1.689668 -0.489378 0.858850 / dir = -1.000000 / l_pyr = 0.008714
Debug   : vH = 249 / nTets = 6 / pp.size() = 6 / 1.641105 -0.480850 0.878424 -> 1.641070 -0.485078 0.879371 / dir = -1.000000 / l_pyr = 0.008666
Debug   : vH = 243 / nTets = 4 / pp.size() = 4 / 1.579733 -0.474106 0.902016 -> 1.579628 -0.478256 0.903126 / dir = -1.000000 / l_pyr = 0.008595
Debug   : vH = 236 / nTets = 4 / pp.size() = 4 / 1.504338 -0.463706 0.927707 -> 1.504121 -0.467743 0.928969 / dir = -1.000000 / l_pyr = 0.008471
Debug   : vH = 229 / nTets = 6 / pp.size() = 6 / 1.414963 -0.448345 0.953431 -> 1.414586 -0.452220 0.954802 / dir = -1.000000 / l_pyr = 0.008255
Debug   : vH = 221 / nTets = 4 / pp.size() = 4 / 1.313517 -0.426882 0.976346 -> 1.312940 -0.430544 0.977742 / dir = -1.000000 / l_pyr = 0.007924
Debug   : vH = 217 / nTets = 4 / pp.size() = 4 / 1.204037 -0.398843 0.993457 -> 1.203249 -0.402249 0.994763 / dir = -1.000000 / l_pyr = 0.007464
Debug   : vH = 208 / nTets = 6 / pp.size() = 6 / 1.092268 -0.364885 1.002575 -> 1.091289 -0.368034 1.003670 / dir = -1.000000 / l_pyr = 0.006948
Debug   : vH = 200 / nTets = 6 / pp.size() = 6 / 0.984503 -0.326905 1.003142 -> 0.983381 -0.329835 1.003921 / dir = -1.000000 / l_pyr = 0.006466
Debug   : vH = 194 / nTets = 6 / pp.size() = 6 / 0.886141 -0.287618 0.996390 -> 0.884935 -0.290400 0.996778 / dir = -1.000000 / l_pyr = 0.006112
Debug   : vH = 187 / nTets = 4 / pp.size() = 4 / 0.800666 -0.249806 0.984724 -> 0.799440 -0.252500 0.984678 / dir = -1.000000 / l_pyr = 0.005922
Debug   : vH = 181 / nTets = 4 / pp.size() = 4 / 0.729403 -0.215625 0.970788 -> 0.728213 -0.218270 0.970301 / dir = -1.000000 / l_pyr = 0.005884
Debug   : vH = 174 / nTets = 4 / pp.size() = 4 / 0.671931 -0.186294 0.956734 -> 0.670832 -0.188875 0.955849 / dir = -1.000000 / l_pyr = 0.005884
Debug   : vH = 167 / nTets = 4 / pp.size() = 4 / 0.626774 -0.162156 0.943934 -> 0.625785 -0.164675 0.942719 / dir = -1.000000 / l_pyr = 0.005934
Debug   : vH = 160 / nTets = 4 / pp.size() = 4 / 0.591998 -0.142929 0.933035 -> 0.591113 -0.145403 0.931557 / dir = -1.000000 / l_pyr = 0.006029
Debug   : vH = 385 / nTets = 4 / pp.size() = 4 / 1.759240 0.315904 1.351704 -> 1.761090 0.316952 1.357343 / dir = -1.000000 / l_pyr = 0.012053
Debug   : vH = 376 / nTets = 6 / pp.size() = 6 / 1.719434 0.315631 1.364459 -> 1.721141 0.316768 1.370024 / dir = -1.000000 / l_pyr = 0.011861
Debug   : vH = 370 / nTets = 4 / pp.size() = 4 / 1.668018 0.315267 1.379677 -> 1.669551 0.316513 1.385159 / dir = -1.000000 / l_pyr = 0.011653
Debug   : vH = 362 / nTets = 6 / pp.size() = 6 / 1.603065 0.314790 1.396904 -> 1.604387 0.316158 1.402287 / dir = -1.000000 / l_pyr = 0.011419
Debug   : vH = 354 / nTets = 8 / pp.size() = 8 / 1.523310 0.314169 1.415051 -> 1.524388 0.315662 1.420328 / dir = -1.000000 / l_pyr = 0.011178
Debug   : vH = 347 / nTets = 4 / pp.size() = 4 / 1.428761 0.313378 1.432353 -> 1.429567 0.314985 1.437526 / dir = -1.000000 / l_pyr = 0.010953
Debug   : vH = 340 / nTets = 4 / pp.size() = 4 / 1.321275 0.312394 1.446595 -> 1.321795 0.314090 1.451679 / dir = -1.000000 / l_pyr = 0.010770
Debug   : vH = 333 / nTets = 8 / pp.size() = 8 / 1.204818 0.311200 1.455665 -> 1.205045 0.312939 1.460682 / dir = -1.000000 / l_pyr = 0.010630
Debug   : vH = 326 / nTets = 6 / pp.size() = 6 / 1.085053 0.309787 1.458283 -> 1.084994 0.311509 1.463253 / dir = -1.000000 / l_pyr = 0.010521
Debug   : vH = 318 / nTets = 6 / pp.size() = 6 / 0.968302 0.308158 1.454485 -> 0.967979 0.309802 1.459422 / dir = -1.000000 / l_pyr = 0.010428
Debug   : vH = 313 / nTets = 4 / pp.size() = 4 / 0.860241 0.306342 1.445575 -> 0.859685 0.307861 1.450491 / dir = -1.000000 / l_pyr = 0.010351
Debug   : vH = 305 / nTets = 4 / pp.size() = 4 / 0.764864 0.304384 1.433576 -> 0.764114 0.305750 1.438471 / dir = -1.000000 / l_pyr = 0.010273
Debug   : vH = 300 / nTets = 4 / pp.size() = 4 / 0.684115 0.302354 1.420532 -> 0.683214 0.303558 1.425398 / dir = -1.000000 / l_pyr = 0.010186
Debug   : vH = 293 / nTets = 4 / pp.size() = 4 / 0.618103 0.300347 1.408010 -> 0.617091 0.301397 1.412847 / dir = -1.000000 / l_pyr = 0.010104
Debug   : vH = 288 / nTets = 4 / pp.size() = 4 / 0.565652 0.298449 1.396943 -> 0.564563 0.299362 1.401741 / dir = -1.000000 / l_pyr = 0.010008
Debug   : vH = 279 / nTets = 6 / pp.size() = 6 / 0.524907 0.296736 1.387707 -> 0.523764 0.297536 1.392471 / dir = -1.000000 / l_pyr = 0.009928
Debug   : vH = 8032 / nTets = 4 / pp.size() = 4 / 1.756899 0.327670 1.350102 -> 1.758692 0.328976 1.355678 / dir = -1.000000 / l_pyr = 0.012004
Debug   : vH = 8031 / nTets = 4 / pp.size() = 4 / 1.717008 0.327174 1.362692 -> 1.718659 0.328563 1.368187 / dir = -1.000000 / l_pyr = 0.011806
Debug   : vH = 8030 / nTets = 6 / pp.size() = 6 / 1.665479 0.326538 1.377711 -> 1.666954 0.328027 1.383105 / dir = -1.000000 / l_pyr = 0.011576
Debug   : vH = 8029 / nTets = 4 / pp.size() = 4 / 1.600374 0.325740 1.394702 -> 1.601640 0.327341 1.399983 / dir = -1.000000 / l_pyr = 0.011323
Debug   : vH = 8028 / nTets = 4 / pp.size() = 4 / 1.520430 0.324754 1.412589 -> 1.521455 0.326473 1.417748 / dir = -1.000000 / l_pyr = 0.011068
Debug   : vH = 8027 / nTets = 4 / pp.size() = 4 / 1.425652 0.323572 1.429620 -> 1.426413 0.325403 1.434662 / dir = -1.000000 / l_pyr = 0.010834
Debug   : vH = 8026 / nTets = 8 / pp.size() = 8 / 1.317901 0.322200 1.443602 -> 1.318384 0.324118 1.448541 / dir = -1.000000 / l_pyr = 0.010640
Debug   : vH = 8025 / nTets = 4 / pp.size() = 4 / 1.201158 0.320647 1.452451 -> 1.201360 0.322612 1.457313 / dir = -1.000000 / l_pyr = 0.010497
Debug   : vH = 8024 / nTets = 4 / pp.size() = 4 / 1.081103 0.318919 1.454910 -> 1.081033 0.320877 1.459725 / dir = -1.000000 / l_pyr = 0.010397
Debug   : vH = 8023 / nTets = 4 / pp.size() = 4 / 0.964076 0.317027 1.451032 -> 0.963752 0.318922 1.455825 / dir = -1.000000 / l_pyr = 0.010329
Debug   : vH = 8022 / nTets = 4 / pp.size() = 4 / 0.855764 0.314997 1.442119 -> 0.855216 0.316783 1.446902 / dir = -1.000000 / l_pyr = 0.010271
Debug   : vH = 8021 / nTets = 4 / pp.size() = 4 / 0.760163 0.312862 1.430181 -> 0.759428 0.314507 1.434957 / dir = -1.000000 / l_pyr = 0.010209
Debug   : vH = 8020 / nTets = 4 / pp.size() = 4 / 0.679227 0.310678 1.417241 -> 0.678344 0.312172 1.422005 / dir = -1.000000 / l_pyr = 0.010140
Debug   : vH = 8019 / nTets = 4 / pp.size() = 4 / 0.613067 0.308534 1.404845 -> 0.612073 0.309883 1.409590 / dir = -1.000000 / l_pyr = 0.010066
Debug   : vH = 8018 / nTets = 6 / pp.size() = 6 / 0.560501 0.306511 1.393906 -> 0.559427 0.307731 1.398630 / dir = -1.000000 / l_pyr = 0.009992
Debug   : vH = 8016 / nTets = 6 / pp.size() = 6 / 0.519668 0.304685 1.384790 -> 0.518539 0.305798 1.389490 / dir = -1.000000 / l_pyr = 0.009921
Debug   : vH = 8009 / nTets = 6 / pp.size() = 6 / 1.754506 0.339288 1.347863 -> 1.756236 0.340940 1.353359 / dir = -1.000000 / l_pyr = 0.011988
Debug   : vH = 8007 / nTets = 4 / pp.size() = 4 / 1.714534 0.338557 1.360310 -> 1.716123 0.340280 1.365718 / dir = -1.000000 / l_pyr = 0.011789
Debug   : vH = 8005 / nTets = 4 / pp.size() = 4 / 1.662895 0.337633 1.375152 -> 1.664310 0.339439 1.380454 / dir = -1.000000 / l_pyr = 0.011555
Debug   : vH = 8003 / nTets = 4 / pp.size() = 4 / 1.597647 0.336492 1.391938 -> 1.598856 0.338394 1.397118 / dir = -1.000000 / l_pyr = 0.011299
Debug   : vH = 8001 / nTets = 4 / pp.size() = 4 / 1.517519 0.335120 1.409594 -> 1.518494 0.337122 1.414644 / dir = -1.000000 / l_pyr = 0.011039
Debug   : vH = 7999 / nTets = 4 / pp.size() = 4 / 1.422518 0.333530 1.426383 -> 1.423236 0.335627 1.431308 / dir = -1.000000 / l_pyr = 0.010802
Debug   : vH = 7997 / nTets = 4 / pp.size() = 4 / 1.314511 0.331752 1.440130 -> 1.314960 0.333923 1.444948 / dir = -1.000000 / l_pyr = 0.010606
Debug   : vH = 7995 / nTets = 4 / pp.size() = 4 / 1.197488 0.329825 1.448777 -> 1.197667 0.332034 1.453516 / dir = -1.000000 / l_pyr = 0.010462
Debug   : vH = 7993 / nTets = 6 / pp.size() = 6 / 1.077148 0.327777 1.451091 -> 1.077066 0.329977 1.455783 / dir = -1.000000 / l_pyr = 0.010366
Debug   : vH = 7991 / nTets = 6 / pp.size() = 6 / 0.959844 0.325625 1.447137 -> 0.959518 0.327766 1.451812 / dir = -1.000000 / l_pyr = 0.010305
Debug   : vH = 7989 / nTets = 6 / pp.size() = 6 / 0.851275 0.323390 1.438218 -> 0.850732 0.325427 1.442893 / dir = -1.000000 / l_pyr = 0.010255
Debug   : vH = 7987 / nTets = 6 / pp.size() = 6 / 0.755448 0.321087 1.426336 -> 0.754723 0.322992 1.431012 / dir = -1.000000 / l_pyr = 0.010203
Debug   : vH = 7985 / nTets = 4 / pp.size() = 4 / 0.674321 0.318759 1.413494 -> 0.673451 0.320521 1.418168 / dir = -1.000000 / l_pyr = 0.010140
Debug   : vH = 7983 / nTets = 4 / pp.size() = 4 / 0.608006 0.316485 1.401215 -> 0.607025 0.318110 1.405880 / dir = -1.000000 / l_pyr = 0.010071
Debug   : vH = 7980 / nTets = 4 / pp.size() = 4 / 0.555314 0.314345 1.390397 -> 0.554254 0.315846 1.395048 / dir = -1.000000 / l_pyr = 0.010002
Debug   : vH = 7977 / nTets = 6 / pp.size() = 6 / 0.514386 0.312414 1.381393 -> 0.513270 0.313812 1.386026 / dir = -1.000000 / l_pyr = 0.009933
Debug   : vH = 7970 / nTets = 6 / pp.size() = 6 / 1.752073 0.350696 1.344773 -> 1.753725 0.352801 1.350145 / dir = -1.000000 / l_pyr = 0.012002
Debug   : vH = 7967 / nTets = 6 / pp.size() = 6 / 1.712023 0.349725 1.357109 -> 1.713536 0.351882 1.362390 / dir = -1.000000 / l_pyr = 0.011803
Debug   : vH = 7965 / nTets = 6 / pp.size() = 6 / 1.660278 0.348504 1.371816 -> 1.661623 0.350722 1.376985 / dir = -1.000000 / l_pyr = 0.011568
Debug   : vH = 7963 / nTets = 8 / pp.size() = 8 / 1.594892 0.347012 1.388441 -> 1.596037 0.349300 1.393484 / dir = -1.000000 / l_pyr = 0.011310
Debug   : vH = 7960 / nTets = 6 / pp.size() = 6 / 1.514587 0.345246 1.405918 -> 1.515504 0.347606 1.410827 / dir = -1.000000 / l_pyr = 0.011048
Debug   : vH = 7958 / nTets = 6 / pp.size() = 6 / 1.419368 0.343239 1.422518 -> 1.420038 0.345666 1.427299 / dir = -1.000000 / l_pyr = 0.010806
Debug   : vH = 7956 / nTets = 4 / pp.size() = 4 / 1.311108 0.341050 1.436083 -> 1.311521 0.343526 1.440754 / dir = -1.000000 / l_pyr = 0.010605
Debug   : vH = 7954 / nTets = 6 / pp.size() = 6 / 1.193810 0.338746 1.444574 -> 1.193965 0.341242 1.449166 / dir = -1.000000 / l_pyr = 0.010457
Debug   : vH = 7952 / nTets = 4 / pp.size() = 4 / 1.073188 0.336377 1.446777 -> 1.073093 0.338852 1.451325 / dir = -1.000000 / l_pyr = 0.010358
Debug   : vH = 7949 / nTets = 4 / pp.size() = 4 / 0.955607 0.333969 1.442770 -> 0.955279 0.336381 1.447307 / dir = -1.000000 / l_pyr = 0.010297
Debug   : vH = 7947 / nTets = 4 / pp.size() = 4 / 0.846779 0.331533 1.433861 -> 0.846244 0.333843 1.438403 / dir = -1.000000 / l_pyr = 0.010247
Debug   : vH = 7945 / nTets = 4 / pp.size() = 4 / 0.750723 0.329067 1.422039 -> 0.750012 0.331251 1.426590 / dir = -1.000000 / l_pyr = 0.010196
Debug   : vH = 7943 / nTets = 6 / pp.size() = 6 / 0.669402 0.326599 1.409295 -> 0.668549 0.328647 1.413850 / dir = -1.000000 / l_pyr = 0.010134
Debug   : vH = 7941 / nTets = 6 / pp.size() = 6 / 0.602926 0.324199 1.397131 -> 0.601964 0.326117 1.401683 / dir = -1.000000 / l_pyr = 0.010064
Debug   : vH = 7938 / nTets = 4 / pp.size() = 4 / 0.550107 0.321943 1.386429 -> 0.549066 0.323745 1.390973 / dir = -1.000000 / l_pyr = 0.009995
Debug   : vH = 7934 / nTets = 4 / pp.size() = 4 / 0.509081 0.319908 1.377532 -> 0.507983 0.321611 1.382062 / dir = -1.000000 / l_pyr = 0.009926
Debug   : vH = 7926 / nTets = 8 / pp.size() = 8 / 1.749638 0.361746 1.340568 -> 1.751178 0.364430 1.345717 / dir = -1.000000 / l_pyr = 0.012014
Debug   : vH = 7924 / nTets = 8 / pp.size() = 8 / 1.709512 0.360535 1.352840 -> 1.710921 0.363245 1.357897 / dir = -1.000000 / l_pyr = 0.011816
Debug   : vH = 7922 / nTets = 4 / pp.size() = 4 / 1.657664 0.359020 1.367468 -> 1.658913 0.361759 1.372415 / dir = -1.000000 / l_pyr = 0.011582
Debug   : vH = 7920 / nTets = 4 / pp.size() = 4 / 1.592143 0.357180 1.384001 -> 1.593203 0.359952 1.388822 / dir = -1.000000 / l_pyr = 0.011323
Debug   : vH = 7918 / nTets = 4 / pp.size() = 4 / 1.511664 0.355024 1.401374 -> 1.512509 0.357829 1.406064 / dir = -1.000000 / l_pyr = 0.011059
Debug   : vH = 7915 / nTets = 4 / pp.size() = 4 / 1.416231 0.352605 1.417865 -> 1.416844 0.355438 1.422429 / dir = -1.000000 / l_pyr = 0.010812
Debug   : vH = 7913 / nTets = 6 / pp.size() = 6 / 1.307723 0.350011 1.431325 -> 1.308094 0.352858 1.435784 / dir = -1.000000 / l_pyr = 0.010606
Debug   : vH = 7910 / nTets = 4 / pp.size() = 4 / 1.190152 0.347338 1.439728 -> 1.190281 0.350177 1.444115 / dir = -1.000000 / l_pyr = 0.010454
Debug   : vH = 7907 / nTets = 8 / pp.size() = 8 / 1.069249 0.344658 1.441876 -> 1.069144 0.347459 1.446228 / dir = -1.000000 / l_pyr = 0.010352
Debug   : vH = 7905 / nTets = 6 / pp.size() = 6 / 0.951392 0.342003 1.437858 -> 0.951066 0.344734 1.442206 / dir = -1.000000 / l_pyr = 0.010291
Debug   : vH = 7903 / nTets = 4 / pp.size() = 4 / 0.842305 0.339375 1.428982 -> 0.841781 0.342006 1.433344 / dir = -1.000000 / l_pyr = 0.010243
Debug   : vH = 7900 / nTets = 6 / pp.size() = 6 / 0.746019 0.336755 1.417234 -> 0.745325 0.339266 1.421615 / dir = -1.000000 / l_pyr = 0.010194
Debug   : vH = 7898 / nTets = 4 / pp.size() = 4 / 0.664502 0.334153 1.404590 -> 0.663670 0.336537 1.408984 / dir = -1.000000 / l_pyr = 0.010135
Debug   : vH = 7895 / nTets = 4 / pp.size() = 4 / 0.597865 0.331629 1.392541 -> 0.596926 0.333892 1.396938 / dir = -1.000000 / l_pyr = 0.010067
Debug   : vH = 7893 / nTets = 8 / pp.size() = 8 / 0.544918 0.329260 1.381951 -> 0.543899 0.331415 1.386346 / dir = -1.000000 / l_pyr = 0.009999
Debug   : vH = 7890 / nTets = 4 / pp.size() = 4 / 0.503794 0.327122 1.373158 -> 0.502717 0.329186 1.377543 / dir = -1.000000 / l_pyr = 0.009929
Debug   : vH = 7886 / nTets = 6 / pp.size() = 6 / 1.747270 0.372139 1.334939 -> 1.748642 0.375545 1.339684 / dir = -1.000000 / l_pyr = 0.012000
Debug   : vH = 7882 / nTets = 4 / pp.size() = 4 / 1.707069 0.370702 1.347211 -> 1.708322 0.374098 1.351870 / dir = -1.000000 / l_pyr = 0.011800
Debug   : vH = 7879 / nTets = 6 / pp.size() = 6 / 1.655120 0.368910 1.361839 -> 1.656228 0.372292 1.366395 / dir = -1.000000 / l_pyr = 0.011562
Debug   : vH = 7877 / nTets = 4 / pp.size() = 4 / 1.589464 0.366743 1.378372 -> 1.590402 0.370108 1.382812 / dir = -1.000000 / l_pyr = 0.011298
Debug   : vH = 7875 / nTets = 4 / pp.size() = 4 / 1.508813 0.364221 1.395746 -> 1.509558 0.367565 1.400065 / dir = -1.000000 / l_pyr = 0.011027
Debug   : vH = 7872 / nTets = 6 / pp.size() = 6 / 1.413167 0.361418 1.412236 -> 1.413703 0.364738 1.416443 / dir = -1.000000 / l_pyr = 0.010772
Debug   : vH = 7868 / nTets = 6 / pp.size() = 6 / 1.304412 0.358448 1.425695 -> 1.304730 0.361737 1.429812 / dir = -1.000000 / l_pyr = 0.010558
Debug   : vH = 7866 / nTets = 6 / pp.size() = 6 / 1.186570 0.355435 1.434104 -> 1.186669 0.358681 1.438165 / dir = -1.000000 / l_pyr = 0.010401
Debug   : vH = 7864 / nTets = 4 / pp.size() = 4 / 1.065387 0.352472 1.436271 -> 1.065272 0.355659 1.440315 / dir = -1.000000 / l_pyr = 0.010298
Debug   : vH = 7862 / nTets = 4 / pp.size() = 4 / 0.947254 0.349598 1.432293 -> 0.946936 0.352707 1.436349 / dir = -1.000000 / l_pyr = 0.010240
Debug   : vH = 7860 / nTets = 4 / pp.size() = 4 / 0.837907 0.346800 1.423482 -> 0.837403 0.349812 1.427566 / dir = -1.000000 / l_pyr = 0.010198
Debug   : vH = 7858 / nTets = 4 / pp.size() = 4 / 0.741391 0.344044 1.411823 -> 0.740726 0.346945 1.415938 / dir = -1.000000 / l_pyr = 0.010157
Debug   : vH = 7856 / nTets = 4 / pp.size() = 4 / 0.659678 0.341322 1.399285 -> 0.658879 0.344109 1.403424 / dir = -1.000000 / l_pyr = 0.010106
Debug   : vH = 7854 / nTets = 6 / pp.size() = 6 / 0.592882 0.338685 1.387347 -> 0.591977 0.341365 1.391497 / dir = -1.000000 / l_pyr = 0.010044
Debug   : vH = 7851 / nTets = 4 / pp.size() = 4 / 0.539808 0.336210 1.376865 -> 0.538823 0.338794 1.381019 / dir = -1.000000 / l_pyr = 0.009981
Debug   : vH = 7848 / nTets = 6 / pp.size() = 6 / 0.498588 0.333975 1.368168 -> 0.497543 0.336478 1.372319 / dir = -1.000000 / l_pyr = 0.009916
Debug   : vH = 7841 / nTets = 8 / pp.size() = 8 / 1.745091 0.381366 1.327581 -> 1.746203 0.385614 1.331637 / dir = -1.000000 / l_pyr = 0.011955
Debug   : vH = 7839 / nTets = 6 / pp.size() = 6 / 1.704813 0.379736 1.339933 -> 1.705828 0.383929 1.343916 / dir = -1.000000 / l_pyr = 0.011743
Debug   : vH = 7836 / nTets = 4 / pp.size() = 4 / 1.652761 0.377707 1.354660 -> 1.653657 0.381832 1.358557 / dir = -1.000000 / l_pyr = 0.011490
Debug   : vH = 7833 / nTets = 6 / pp.size() = 6 / 1.586970 0.375261 1.371310 -> 1.587726 0.379307 1.375113 / dir = -1.000000 / l_pyr = 0.011207
Debug   : vH = 7830 / nTets = 6 / pp.size() = 6 / 1.506143 0.372429 1.388814 -> 1.506742 0.376390 1.392521 / dir = -1.000000 / l_pyr = 0.010915
Debug   : vH = 7827 / nTets = 6 / pp.size() = 6 / 1.410283 0.369304 1.405438 -> 1.410710 0.373177 1.409061 / dir = -1.000000 / l_pyr = 0.010641
Debug   : vH = 7825 / nTets = 6 / pp.size() = 6 / 1.301280 0.366022 1.419027 -> 1.301526 0.369810 1.422590 / dir = -1.000000 / l_pyr = 0.010412
Debug   : vH = 7823 / nTets = 4 / pp.size() = 4 / 1.183166 0.362733 1.427556 -> 1.183228 0.366440 1.431092 / dir = -1.000000 / l_pyr = 0.010246
Debug   : vH = 7821 / nTets = 4 / pp.size() = 4 / 1.061704 0.359547 1.429832 -> 1.061581 0.363174 1.433377 / dir = -1.000000 / l_pyr = 0.010146
Debug   : vH = 7817 / nTets = 4 / pp.size() = 4 / 0.943297 0.356506 1.425954 -> 0.942996 0.360052 1.429535 / dir = -1.000000 / l_pyr = 0.010098
Debug   : vH = 7815 / nTets = 6 / pp.size() = 6 / 0.833693 0.353583 1.417240 -> 0.833225 0.357043 1.420871 / dir = -1.000000 / l_pyr = 0.010074
Debug   : vH = 7813 / nTets = 4 / pp.size() = 4 / 0.736951 0.350727 1.405682 -> 0.736334 0.354097 1.409360 / dir = -1.000000 / l_pyr = 0.010053
Debug   : vH = 7810 / nTets = 4 / pp.size() = 4 / 0.655046 0.347915 1.393247 -> 0.654303 0.351194 1.396963 / dir = -1.000000 / l_pyr = 0.010022
Debug   : vH = 7807 / nTets = 4 / pp.size() = 4 / 0.588095 0.345189 1.381411 -> 0.587249 0.348382 1.385150 / dir = -1.000000 / l_pyr = 0.009979
Debug   : vH = 7804 / nTets = 6 / pp.size() = 6 / 0.534900 0.342625 1.371023 -> 0.533973 0.345743 1.374775 / dir = -1.000000 / l_pyr = 0.009931
Debug   : vH = 7801 / nTets = 4 / pp.size() = 4 / 0.493589 0.340307 1.362410 -> 0.492600 0.343360 1.366165 / dir = -1.000000 / l_pyr = 0.009878
Debug   : vH = 734 / nTets = 6 / pp.size() = 6 / 1.743283 0.388715 1.318375 -> 1.744021 0.393788 1.321374 / dir = -1.000000 / l_pyr = 0.011878
Debug   : vH = 725 / nTets = 6 / pp.size() = 6 / 1.702929 0.386945 1.330890 -> 1.703602 0.391917 1.333839 / dir = -1.000000 / l_pyr = 0.011639
Debug   : vH = 719 / nTets = 4 / pp.size() = 4 / 1.650768 0.384746 1.345820 -> 1.651361 0.389596 1.348710 / dir = -1.000000 / l_pyr = 0.011354
Debug   : vH = 712 / nTets = 4 / pp.size() = 4 / 1.584834 0.382102 1.362707 -> 1.585333 0.386814 1.365536 / dir = -1.000000 / l_pyr = 0.011038
Debug   : vH = 705 / nTets = 4 / pp.size() = 4 / 1.503826 0.379053 1.380474 -> 1.504218 0.383618 1.383245 / dir = -1.000000 / l_pyr = 0.010709
Debug   : vH = 697 / nTets = 4 / pp.size() = 4 / 1.407748 0.375704 1.397374 -> 1.408021 0.380119 1.400099 / dir = -1.000000 / l_pyr = 0.010391
Debug   : vH = 689 / nTets = 6 / pp.size() = 6 / 1.298498 0.372214 1.411229 -> 1.298645 0.376491 1.413931 / dir = -1.000000 / l_pyr = 0.010122
Debug   : vH = 681 / nTets = 8 / pp.size() = 8 / 1.180117 0.368749 1.419995 -> 1.180130 0.372912 1.422705 / dir = -1.000000 / l_pyr = 0.009935
Debug   : vH = 673 / nTets = 8 / pp.size() = 8 / 1.058376 0.365435 1.422464 -> 1.058251 0.369512 1.425217 / dir = -1.000000 / l_pyr = 0.009841
Debug   : vH = 668 / nTets = 6 / pp.size() = 6 / 0.939700 0.362309 1.418735 -> 0.939435 0.366315 1.421549 / dir = -1.000000 / l_pyr = 0.009805
Debug   : vH = 661 / nTets = 4 / pp.size() = 4 / 0.829853 0.359333 1.410138 -> 0.829452 0.363279 1.413019 / dir = -1.000000 / l_pyr = 0.009805
Debug   : vH = 654 / nTets = 6 / pp.size() = 6 / 0.732902 0.356436 1.398673 -> 0.732375 0.360324 1.401613 / dir = -1.000000 / l_pyr = 0.009806
Debug   : vH = 648 / nTets = 4 / pp.size() = 4 / 0.650825 0.353583 1.386319 -> 0.650184 0.357421 1.389309 / dir = -1.000000 / l_pyr = 0.009815
Debug   : vH = 643 / nTets = 4 / pp.size() = 4 / 0.583734 0.350807 1.374555 -> 0.582996 0.354600 1.377580 / dir = -1.000000 / l_pyr = 0.009816
Debug   : vH = 633 / nTets = 4 / pp.size() = 4 / 0.530435 0.348186 1.364234 -> 0.529619 0.351933 1.367277 / dir = -1.000000 / l_pyr = 0.009791
Debug   : vH = 624 / nTets = 6 / pp.size() = 6 / 0.489049 0.345810 1.355678 -> 0.488169 0.349519 1.358731 / dir = -1.000000 / l_pyr = 0.009769
Debug   : vH = 613 / nTets = 6 / pp.size() = 6 / 1.748718 0.365254 1.222965 -> 1.747910 0.368324 1.220581 / dir = -1.000000 / l_pyr = 0.007941
Debug   : vH = 606 / nTets = 4 / pp.size() = 4 / 1.708116 0.365126 1.236201 -> 1.707385 0.368272 1.233897 / dir = -1.000000 / l_pyr = 0.007936
Debug   : vH = 601 / nTets = 4 / pp.size() = 4 / 1.655574 0.365003 1.252057 -> 1.654938 0.368241 1.249857 / dir = -1.000000 / l_pyr = 0.007932
Debug   : vH = 594 / nTets = 4 / pp.size() = 4 / 1.589076 0.364914 1.270097 -> 1.588552 0.368252 1.268033 / dir = -1.000000 / l_pyr = 0.007918
Debug   : vH = 587 / nTets = 4 / pp.size() = 4 / 1.507280 0.364895 1.289232 -> 1.506880 0.368345 1.287333 / dir = -1.000000 / l_pyr = 0.007918
Debug   : vH = 579 / nTets = 4 / pp.size() = 4 / 1.410157 0.364982 1.307672 -> 1.409884 0.368542 1.305968 / dir = -1.000000 / l_pyr = 0.007913
Debug   : vH = 575 / nTets = 4 / pp.size() = 4 / 1.299600 0.365189 1.323156 -> 1.299445 0.368849 1.321665 / dir = -1.000000 / l_pyr = 0.007910
Debug   : vH = 567 / nTets = 4 / pp.size() = 4 / 1.179684 0.365475 1.333522 -> 1.179625 0.369220 1.332250 / dir = -1.000000 / l_pyr = 0.007910
Debug   : vH = 560 / nTets = 6 / pp.size() = 6 / 1.056263 0.365726 1.337457 -> 1.056271 0.369537 1.336394 / dir = -1.000000 / l_pyr = 0.007912
Debug   : vH = 552 / nTets = 4 / pp.size() = 4 / 0.935888 0.365767 1.334994 -> 0.935931 0.369626 1.334118 / dir = -1.000000 / l_pyr = 0.007915
Debug   : vH = 544 / nTets = 6 / pp.size() = 6 / 0.824438 0.365415 1.327447 -> 0.824488 0.369307 1.326729 / dir = -1.000000 / l_pyr = 0.007917
Debug   : vH = 538 / nTets = 6 / pp.size() = 6 / 0.726071 0.364550 1.316838 -> 0.726104 0.368466 1.316246 / dir = -1.000000 / l_pyr = 0.007922
Debug   : vH = 532 / nTets = 4 / pp.size() = 4 / 0.642809 0.363172 1.305176 -> 0.642806 0.367105 1.304682 / dir = -1.000000 / l_pyr = 0.007928
Debug   : vH = 524 / nTets = 4 / pp.size() = 4 / 0.574767 0.361401 1.293975 -> 0.574721 0.365345 1.293555 / dir = -1.000000 / l_pyr = 0.007932
Debug   : vH = 519 / nTets = 4 / pp.size() = 4 / 0.520741 0.359430 1.284108 -> 0.520647 0.363382 1.283743 / dir = -1.000000 / l_pyr = 0.007941
Debug   : vH = 511 / nTets = 4 / pp.size() = 4 / 0.478815 0.357454 1.275914 -> 0.478675 0.361414 1.275589 / dir = -1.000000 / l_pyr = 0.007951
Debug   : vH = 7576 / nTets = 8 / pp.size() = 8 / 1.749893 0.359991 1.216412 -> 1.748918 0.363278 1.213471 / dir = -1.000000 / l_pyr = 0.009036
Debug   : vH = 7575 / nTets = 6 / pp.size() = 6 / 1.709316 0.360016 1.229541 -> 1.708429 0.363393 1.226679 / dir = -1.000000 / l_pyr = 0.009028
Debug   : vH = 7574 / nTets = 6 / pp.size() = 6 / 1.656804 0.360091 1.245264 -> 1.656027 0.363575 1.242507 / dir = -1.000000 / l_pyr = 0.009020
Debug   : vH = 7573 / nTets = 4 / pp.size() = 4 / 1.590339 0.360250 1.263147 -> 1.589693 0.363859 1.260527 / dir = -1.000000 / l_pyr = 0.009013
Debug   : vH = 7572 / nTets = 4 / pp.size() = 4 / 1.508578 0.360532 1.282107 -> 1.508080 0.364275 1.279658 / dir = -1.000000 / l_pyr = 0.009001
Debug   : vH = 7571 / nTets = 4 / pp.size() = 4 / 1.411489 0.360970 1.300360 -> 1.411144 0.364846 1.298113 / dir = -1.000000 / l_pyr = 0.008986
Debug   : vH = 7570 / nTets = 6 / pp.size() = 6 / 1.300955 0.361570 1.315660 -> 1.300757 0.365566 1.313640 / dir = -1.000000 / l_pyr = 0.008964
Debug   : vH = 7569 / nTets = 6 / pp.size() = 6 / 1.181042 0.362271 1.325856 -> 1.180971 0.366365 1.324074 / dir = -1.000000 / l_pyr = 0.008932
Debug   : vH = 7568 / nTets = 4 / pp.size() = 4 / 1.057603 0.362938 1.329645 -> 1.057626 0.367106 1.328097 / dir = -1.000000 / l_pyr = 0.008893
Debug   : vH = 7567 / nTets = 4 / pp.size() = 4 / 0.937188 0.363375 1.327066 -> 0.937268 0.367593 1.325732 / dir = -1.000000 / l_pyr = 0.008849
Debug   : vH = 7566 / nTets = 4 / pp.size() = 4 / 0.825676 0.363378 1.319430 -> 0.825778 0.367628 1.318281 / dir = -1.000000 / l_pyr = 0.008807
Debug   : vH = 7565 / nTets = 4 / pp.size() = 4 / 0.727236 0.362819 1.308756 -> 0.727331 0.367088 1.307760 / dir = -1.000000 / l_pyr = 0.008769
Debug   : vH = 7564 / nTets = 4 / pp.size() = 4 / 0.643897 0.361694 1.297048 -> 0.643962 0.365974 1.296174 / dir = -1.000000 / l_pyr = 0.008739
Debug   : vH = 7563 / nTets = 6 / pp.size() = 6 / 0.575781 0.360123 1.285814 -> 0.575802 0.364410 1.285033 / dir = -1.000000 / l_pyr = 0.008714
Debug   : vH = 7562 / nTets = 4 / pp.size() = 4 / 0.521684 0.358305 1.275922 -> 0.521657 0.362595 1.275212 / dir = -1.000000 / l_pyr = 0.008696
Debug   : vH = 7561 / nTets = 4 / pp.size() = 4 / 0.479699 0.356446 1.267709 -> 0.479623 0.360736 1.267051 / dir = -1.000000 / l_pyr = 0.008681
Debug   : vH = 7556 / nTets = 4 / pp.size() = 4 / 1.751335 0.353367 1.209547 -> 1.750114 0.356664 1.205794 / dir = -1.000000 / l_pyr = 0.010286
Debug   : vH = 7554 / nTets = 6 / pp.size() = 6 / 1.710792 0.353545 1.222540 -> 1.709673 0.356957 1.218854 / dir = -1.000000 / l_pyr = 0.010291
Debug   : vH = 7552 / nTets = 4 / pp.size() = 4 / 1.658324 0.353817 1.238097 -> 1.657332 0.357368 1.234503 / dir = -1.000000 / l_pyr = 0.010297
Debug   : vH = 7550 / nTets = 6 / pp.size() = 6 / 1.591911 0.354224 1.255785 -> 1.591074 0.357938 1.252314 / dir = -1.000000 / l_pyr = 0.010303
Debug   : vH = 7548 / nTets = 4 / pp.size() = 4 / 1.510207 0.354811 1.274527 -> 1.509550 0.358701 1.271216 / dir = -1.000000 / l_pyr = 0.010300
Debug   : vH = 7546 / nTets = 6 / pp.size() = 6 / 1.413176 0.355609 1.292551 -> 1.412713 0.359675 1.289443 / dir = -1.000000 / l_pyr = 0.010279
Debug   : vH = 7544 / nTets = 4 / pp.size() = 4 / 1.302694 0.356617 1.307628 -> 1.302424 0.360845 1.304758 / dir = -1.000000 / l_pyr = 0.010235
Debug   : vH = 7542 / nTets = 4 / pp.size() = 4 / 1.182819 0.357761 1.317626 -> 1.182723 0.362122 1.315019 / dir = -1.000000 / l_pyr = 0.010164
Debug   : vH = 7540 / nTets = 4 / pp.size() = 4 / 1.059397 0.358885 1.321252 -> 1.059440 0.363344 1.318915 / dir = -1.000000 / l_pyr = 0.010069
Debug   : vH = 7538 / nTets = 6 / pp.size() = 6 / 0.938976 0.359769 1.318549 -> 0.939114 0.364293 1.316471 / dir = -1.000000 / l_pyr = 0.009961
Debug   : vH = 7536 / nTets = 4 / pp.size() = 4 / 0.827440 0.360188 1.310827 -> 0.827627 0.364751 1.308981 / dir = -1.000000 / l_pyr = 0.009850
Debug   : vH = 7534 / nTets = 4 / pp.size() = 4 / 0.728963 0.359999 1.300095 -> 0.729159 0.364581 1.298447 / dir = -1.000000 / l_pyr = 0.009747
Debug   : vH = 7532 / nTets = 6 / pp.size() = 6 / 0.645578 0.359187 1.288350 -> 0.645753 0.363778 1.286864 / dir = -1.000000 / l_pyr = 0.009658
Debug   : vH = 7530 / nTets = 4 / pp.size() = 4 / 0.577413 0.357875 1.277092 -> 0.577549 0.362468 1.275733 / dir = -1.000000 / l_pyr = 0.009585
Debug   : vH = 7528 / nTets = 6 / pp.size() = 6 / 0.523271 0.356262 1.267186 -> 0.523357 0.360855 1.265924 / dir = -1.000000 / l_pyr = 0.009527
Debug   : vH = 7525 / nTets = 6 / pp.size() = 6 / 0.481243 0.354563 1.258964 -> 0.481280 0.359152 1.257775 / dir = -1.000000 / l_pyr = 0.009482
Debug   : vH = 7520 / nTets = 4 / pp.size() = 4 / 1.753070 0.345160 1.202556 -> 1.751624 0.348465 1.198035 / dir = -1.000000 / l_pyr = 0.011569
Debug   : vH = 7518 / nTets = 4 / pp.size() = 4 / 1.712573 0.345486 1.215391 -> 1.711242 0.348914 1.210929 / dir = -1.000000 / l_pyr = 0.011563
Debug   : vH = 7516 / nTets = 4 / pp.size() = 4 / 1.660163 0.345950 1.230754 -> 1.658978 0.349528 1.226377 / dir = -1.000000 / l_pyr = 0.011551
Debug   : vH = 7514 / nTets = 4 / pp.size() = 4 / 1.593822 0.346604 1.248215 -> 1.592816 0.350356 1.243956 / dir = -1.000000 / l_pyr = 0.011529
Debug   : vH = 7512 / nTets = 6 / pp.size() = 6 / 1.512201 0.347498 1.266704 -> 1.511405 0.351443 1.262605 / dir = -1.000000 / l_pyr = 0.011489
Debug   : vH = 7510 / nTets = 4 / pp.size() = 4 / 1.415257 0.348667 1.284466 -> 1.414693 0.352810 1.280574 / dir = -1.000000 / l_pyr = 0.011424
Debug   : vH = 7508 / nTets = 4 / pp.size() = 4 / 1.304861 0.350106 1.299288 -> 1.304532 0.354435 1.295650 / dir = -1.000000 / l_pyr = 0.011328
Debug   : vH = 7505 / nTets = 6 / pp.size() = 6 / 1.185060 0.351729 1.309058 -> 1.184950 0.356217 1.305709 / dir = -1.000000 / l_pyr = 0.011201
Debug   : vH = 7503 / nTets = 6 / pp.size() = 6 / 1.061696 0.353359 1.312499 -> 1.061765 0.357969 1.309454 / dir = -1.000000 / l_pyr = 0.011050
Debug   : vH = 7501 / nTets = 4 / pp.size() = 4 / 0.941314 0.354750 1.309656 -> 0.941510 0.359447 1.306909 / dir = -1.000000 / l_pyr = 0.010889
Debug   : vH = 7499 / nTets = 6 / pp.size() = 6 / 0.829797 0.355653 1.301836 -> 0.830066 0.360407 1.299361 / dir = -1.000000 / l_pyr = 0.010733
Debug   : vH = 7497 / nTets = 6 / pp.size() = 6 / 0.731323 0.355902 1.291040 -> 0.731619 0.360692 1.288799 / dir = -1.000000 / l_pyr = 0.010592
Debug   : vH = 7495 / nTets = 4 / pp.size() = 4 / 0.647931 0.355473 1.279255 -> 0.648216 0.360285 1.277207 / dir = -1.000000 / l_pyr = 0.010473
Debug   : vH = 7492 / nTets = 6 / pp.size() = 6 / 0.579753 0.354481 1.267972 -> 0.580003 0.359305 1.266078 / dir = -1.000000 / l_pyr = 0.010377
Debug   : vH = 7490 / nTets = 8 / pp.size() = 8 / 0.525593 0.353128 1.258051 -> 0.525796 0.357959 1.256275 / dir = -1.000000 / l_pyr = 0.010302
Debug   : vH = 7487 / nTets = 4 / pp.size() = 4 / 0.483547 0.351634 1.249820 -> 0.483700 0.356467 1.248132 / dir = -1.000000 / l_pyr = 0.010244
Debug   : vH = 7483 / nTets = 4 / pp.size() = 4 / 1.755044 0.335538 1.195247 -> 1.753422 0.339059 1.190092 / dir = -1.000000 / l_pyr = 0.012900
Debug   : vH = 7480 / nTets = 6 / pp.size() = 6 / 1.714602 0.336020 1.207937 -> 1.713109 0.339646 1.202848 / dir = -1.000000 / l_pyr = 0.012848
Debug   : vH = 7477 / nTets = 6 / pp.size() = 6 / 1.662263 0.336688 1.223124 -> 1.660934 0.340442 1.218127 / dir = -1.000000 / l_pyr = 0.012779
Debug   : vH = 7475 / nTets = 4 / pp.size() = 4 / 1.596007 0.337604 1.240377 -> 1.594879 0.341511 1.235507 / dir = -1.000000 / l_pyr = 0.012689
Debug   : vH = 7473 / nTets = 4 / pp.size() = 4 / 1.514485 0.338825 1.258634 -> 1.513594 0.342903 1.253934 / dir = -1.000000 / l_pyr = 0.012573
Debug   : vH = 7471 / nTets = 4 / pp.size() = 4 / 1.417651 0.340391 1.276152 -> 1.417021 0.344650 1.271670 / dir = -1.000000 / l_pyr = 0.012429
Debug   : vH = 7469 / nTets = 4 / pp.size() = 4 / 1.307366 0.342293 1.290735 -> 1.307003 0.346727 1.286519 / dir = -1.000000 / l_pyr = 0.012258
Debug   : vH = 7467 / nTets = 4 / pp.size() = 4 / 1.187671 0.344430 1.300288 -> 1.187558 0.349022 1.296375 / dir = -1.000000 / l_pyr = 0.012067
Debug   : vH = 7465 / nTets = 4 / pp.size() = 4 / 1.064399 0.346606 1.303544 -> 1.064496 0.351327 1.299952 / dir = -1.000000 / l_pyr = 0.011867
Debug   : vH = 7462 / nTets = 6 / pp.size() = 6 / 0.944093 0.348546 1.300554 -> 0.944344 0.353369 1.297276 / dir = -1.000000 / l_pyr = 0.011674
Debug   : vH = 7460 / nTets = 4 / pp.size() = 4 / 0.832636 0.349975 1.292622 -> 0.832982 0.354875 1.289633 / dir = -1.000000 / l_pyr = 0.011500
Debug   : vH = 7458 / nTets = 4 / pp.size() = 4 / 0.734210 0.350705 1.281744 -> 0.734598 0.355662 1.279005 / dir = -1.000000 / l_pyr = 0.011352
Debug   : vH = 7455 / nTets = 6 / pp.size() = 6 / 0.650854 0.350698 1.269898 -> 0.651242 0.355697 1.267367 / dir = -1.000000 / l_pyr = 0.011233
Debug   : vH = 7453 / nTets = 4 / pp.size() = 4 / 0.582701 0.350064 1.258572 -> 0.583061 0.355093 1.256206 / dir = -1.000000 / l_pyr = 0.011139
Debug   : vH = 7451 / nTets = 4 / pp.size() = 4 / 0.528559 0.349005 1.248619 -> 0.528875 0.354056 1.246382 / dir = -1.000000 / l_pyr = 0.011068
Debug   : vH = 7447 / nTets = 4 / pp.size() = 4 / 0.486525 0.347745 1.240365 -> 0.486792 0.352812 1.238225 / dir = -1.000000 / l_pyr = 0.011014
Debug   : vH = 7442 / nTets = 6 / pp.size() = 6 / 1.757216 0.324598 1.187387 -> 1.755408 0.328371 1.181567 / dir = -1.000000 / l_pyr = 0.014336
Debug   : vH = 7440 / nTets = 4 / pp.size() = 4 / 1.716834 0.325254 1.199969 -> 1.715172 0.329114 1.194222 / dir = -1.000000 / l_pyr = 0.014239
Debug   : vH = 7438 / nTets = 4 / pp.size() = 4 / 1.664572 0.326148 1.215022 -> 1.663094 0.330116 1.209376 / dir = -1.000000 / l_pyr = 0.014115
Debug   : vH = 7435 / nTets = 6 / pp.size() = 6 / 1.598413 0.327353 1.232118 -> 1.597160 0.331449 1.226609 / dir = -1.000000 / l_pyr = 0.013958
Debug   : vH = 7433 / nTets = 4 / pp.size() = 4 / 1.517005 0.328933 1.250199 -> 1.516016 0.333176 1.244870 / dir = -1.000000 / l_pyr = 0.013766
Debug   : vH = 7430 / nTets = 6 / pp.size() = 6 / 1.420297 0.330930 1.267530 -> 1.419600 0.335330 1.262433 / dir = -1.000000 / l_pyr = 0.013540
Debug   : vH = 7427 / nTets = 6 / pp.size() = 6 / 1.310145 0.333329 1.281926 -> 1.309748 0.337887 1.277110 / dir = -1.000000 / l_pyr = 0.013287
Debug   : vH = 7425 / nTets = 4 / pp.size() = 4 / 1.190582 0.336015 1.291303 -> 1.190468 0.340720 1.286806 / dir = -1.000000 / l_pyr = 0.013020
Debug   : vH = 7423 / nTets = 4 / pp.size() = 4 / 1.067434 0.338766 1.294402 -> 1.067561 0.343600 1.290242 / dir = -1.000000 / l_pyr = 0.012758
Debug   : vH = 7421 / nTets = 4 / pp.size() = 4 / 0.947241 0.341283 1.291278 -> 0.947550 0.346224 1.287450 / dir = -1.000000 / l_pyr = 0.012517
Debug   : vH = 7419 / nTets = 4 / pp.size() = 4 / 0.835886 0.343262 1.283233 -> 0.836314 0.348292 1.279711 / dir = -1.000000 / l_pyr = 0.012310
Debug   : vH = 7417 / nTets = 4 / pp.size() = 4 / 0.737551 0.344496 1.272261 -> 0.738039 0.349597 1.269005 / dir = -1.000000 / l_pyr = 0.012142
Debug   : vH = 7415 / nTets = 4 / pp.size() = 4 / 0.654276 0.344934 1.260340 -> 0.654775 0.350092 1.257306 / dir = -1.000000 / l_pyr = 0.012010
Debug   : vH = 7413 / nTets = 4 / pp.size() = 4 / 0.586192 0.344679 1.248952 -> 0.586671 0.349882 1.246096 / dir = -1.000000 / l_pyr = 0.011910
Debug   : vH = 7411 / nTets = 4 / pp.size() = 4 / 0.532107 0.343935 1.238951 -> 0.532547 0.349173 1.236233 / dir = -1.000000 / l_pyr = 0.011835
Debug   : vH = 7408 / nTets = 8 / pp.size() = 8 / 0.490117 0.342929 1.230658 -> 0.490511 0.348193 1.228046 / dir = -1.000000 / l_pyr = 0.011779
Debug   : vH = 7404 / nTets = 4 / pp.size() = 4 / 1.759573 0.312246 1.178895 -> 1.757566 0.316320 1.172355 / dir = -1.000000 / l_pyr = 0.015925
Debug   : vH = 7401 / nTets = 4 / pp.size() = 4 / 1.719259 0.313095 1.191402 -> 1.717414 0.317239 1.184943 / dir = -1.000000 / l_pyr = 0.015786
Debug   : vH = 7399 / nTets = 4 / pp.size() = 4 / 1.667084 0.314240 1.206364 -> 1.665444 0.318472 1.200015 / dir = -1.000000 / l_pyr = 0.015608
Debug   : vH = 7397 / nTets = 4 / pp.size() = 4 / 1.601031 0.315764 1.223354 -> 1.599642 0.320100 1.217154 / dir = -1.000000 / l_pyr = 0.015385
Debug   : vH = 7395 / nTets = 4 / pp.size() = 4 / 1.519751 0.317738 1.241315 -> 1.518656 0.322195 1.235311 / dir = -1.000000 / l_pyr = 0.015116
Debug   : vH = 7393 / nTets = 4 / pp.size() = 4 / 1.423187 0.320205 1.258520 -> 1.422418 0.324793 1.252764 / dir = -1.000000 / l_pyr = 0.014804
Debug   : vH = 7391 / nTets = 4 / pp.size() = 4 / 1.313190 0.323142 1.272791 -> 1.312757 0.327865 1.267333 / dir = -1.000000 / l_pyr = 0.014461
Debug   : vH = 7389 / nTets = 4 / pp.size() = 4 / 1.193785 0.326417 1.282047 -> 1.193671 0.331270 1.276928 / dir = -1.000000 / l_pyr = 0.014109
Debug   : vH = 7386 / nTets = 6 / pp.size() = 6 / 1.070791 0.329783 1.285033 -> 1.070952 0.334755 1.280272 / dir = -1.000000 / l_pyr = 0.013771
Debug   : vH = 7383 / nTets = 6 / pp.size() = 6 / 0.950746 0.332910 1.281804 -> 0.951120 0.337987 1.277396 / dir = -1.000000 / l_pyr = 0.013468
Debug   : vH = 7380 / nTets = 6 / pp.size() = 6 / 0.839534 0.335470 1.273663 -> 0.840050 0.340640 1.269582 / dir = -1.000000 / l_pyr = 0.013214
Debug   : vH = 7377 / nTets = 6 / pp.size() = 6 / 0.741333 0.337235 1.262603 -> 0.741927 0.342484 1.258807 / dir = -1.000000 / l_pyr = 0.013011
Debug   : vH = 7375 / nTets = 4 / pp.size() = 4 / 0.658182 0.338143 1.250604 -> 0.658801 0.343459 1.247046 / dir = -1.000000 / l_pyr = 0.012855
Debug   : vH = 7373 / nTets = 4 / pp.size() = 4 / 0.590209 0.338291 1.239150 -> 0.590817 0.343663 1.235783 / dir = -1.000000 / l_pyr = 0.012738
Debug   : vH = 7369 / nTets = 4 / pp.size() = 4 / 0.536218 0.337883 1.229093 -> 0.536793 0.343300 1.225876 / dir = -1.000000 / l_pyr = 0.012652
Debug   : vH = 7366 / nTets = 4 / pp.size() = 4 / 0.494305 0.337151 1.220755 -> 0.494837 0.342603 1.217653 / dir = -1.000000 / l_pyr = 0.012589
Debug   : vH = 7362 / nTets = 4 / pp.size() = 4 / 1.762107 0.298378 1.169686 -> 1.759887 0.302789 1.162384 / dir = -1.000000 / l_pyr = 0.017630
Debug   : vH = 7359 / nTets = 6 / pp.size() = 6 / 1.721867 0.299441 1.182152 -> 1.719827 0.303905 1.174938 / dir = -1.000000 / l_pyr = 0.017450
Debug   : vH = 7356 / nTets = 6 / pp.size() = 6 / 1.669786 0.300863 1.197066 -> 1.667974 0.305393 1.189972 / dir = -1.000000 / l_pyr = 0.017219
Debug   : vH = 7353 / nTets = 6 / pp.size() = 6 / 1.603853 0.302738 1.213999 -> 1.602320 0.307348 1.207067 / dir = -1.000000 / l_pyr = 0.016930
Debug   : vH = 7351 / nTets = 4 / pp.size() = 4 / 1.522715 0.305143 1.231901 -> 1.521507 0.309847 1.225180 / dir = -1.000000 / l_pyr = 0.016583
Debug   : vH = 7349 / nTets = 4 / pp.size() = 4 / 1.426313 0.308124 1.249046 -> 1.425468 0.312930 1.242591 / dir = -1.000000 / l_pyr = 0.016184
Debug   : vH = 7347 / nTets = 4 / pp.size() = 4 / 1.316492 0.311647 1.263257 -> 1.316021 0.316561 1.257122 / dir = -1.000000 / l_pyr = 0.015749
Debug   : vH = 7345 / nTets = 4 / pp.size() = 4 / 1.197269 0.315560 1.272455 -> 1.197156 0.320582 1.266682 / dir = -1.000000 / l_pyr = 0.015305
Debug   : vH = 7343 / nTets = 4 / pp.size() = 4 / 1.074460 0.319586 1.275383 -> 1.074658 0.324712 1.269992 / dir = -1.000000 / l_pyr = 0.014883
Debug   : vH = 7341 / nTets = 4 / pp.size() = 4 / 0.954597 0.323366 1.272092 -> 0.955039 0.328591 1.267079 / dir = -1.000000 / l_pyr = 0.014507
Debug   : vH = 7339 / nTets = 4 / pp.size() = 4 / 0.843564 0.326546 1.263884 -> 0.844175 0.331861 1.259221 / dir = -1.000000 / l_pyr = 0.014195
Debug   : vH = 7337 / nTets = 4 / pp.size() = 4 / 0.745538 0.328877 1.252755 -> 0.746246 0.334276 1.248399 / dir = -1.000000 / l_pyr = 0.013947
Debug   : vH = 7334 / nTets = 6 / pp.size() = 6 / 0.662551 0.330285 1.240688 -> 0.663299 0.335758 1.236589 / dir = -1.000000 / l_pyr = 0.013759
Debug   : vH = 7332 / nTets = 4 / pp.size() = 4 / 0.594727 0.330864 1.229170 -> 0.595473 0.336401 1.225278 / dir = -1.000000 / l_pyr = 0.013618
Debug   : vH = 7330 / nTets = 4 / pp.size() = 4 / 0.540866 0.330818 1.219057 -> 0.541585 0.336407 1.215328 / dir = -1.000000 / l_pyr = 0.013515
Debug   : vH = 7325 / nTets = 6 / pp.size() = 6 / 0.499060 0.330381 1.210672 -> 0.499740 0.336012 1.207068 / dir = -1.000000 / l_pyr = 0.013440
Debug   : vH = 7319 / nTets = 6 / pp.size() = 6 / 1.764793 0.282914 1.159702 -> 1.762352 0.287689 1.151607 / dir = -1.000000 / l_pyr = 0.019419
Debug   : vH = 7317 / nTets = 4 / pp.size() = 4 / 1.724634 0.284213 1.172160 -> 1.722392 0.289023 1.164164 / dir = -1.000000 / l_pyr = 0.019195
Debug   : vH = 7314 / nTets = 4 / pp.size() = 4 / 1.672659 0.285939 1.187067 -> 1.670668 0.290793 1.179203 / dir = -1.000000 / l_pyr = 0.018909
Debug   : vH = 7312 / nTets = 6 / pp.size() = 6 / 1.606857 0.288199 1.203998 -> 1.605173 0.293107 1.196309 / dir = -1.000000 / l_pyr = 0.018552
Debug   : vH = 7309 / nTets = 6 / pp.size() = 6 / 1.525876 0.291078 1.221901 -> 1.524552 0.296049 1.214441 / dir = -1.000000 / l_pyr = 0.018123
Debug   : vH = 7307 / nTets = 4 / pp.size() = 4 / 1.429654 0.294620 1.239054 -> 1.428730 0.299661 1.231881 / dir = -1.000000 / l_pyr = 0.017631
Debug   : vH = 7305 / nTets = 4 / pp.size() = 4 / 1.320030 0.298782 1.253279 -> 1.319521 0.303899 1.246450 / dir = -1.000000 / l_pyr = 0.017097
Debug   : vH = 7302 / nTets = 6 / pp.size() = 6 / 1.201016 0.303387 1.262490 -> 1.200904 0.308585 1.256050 / dir = -1.000000 / l_pyr = 0.016554
Debug   : vH = 7300 / nTets = 4 / pp.size() = 4 / 1.078419 0.308128 1.265423 -> 1.078655 0.313410 1.259394 / dir = -1.000000 / l_pyr = 0.016038
Debug   : vH = 7298 / nTets = 4 / pp.size() = 4 / 0.958770 0.312613 1.262122 -> 0.959283 0.317980 1.256499 / dir = -1.000000 / l_pyr = 0.015580
Debug   : vH = 7296 / nTets = 4 / pp.size() = 4 / 0.847951 0.316459 1.253887 -> 0.848659 0.321912 1.248641 / dir = -1.000000 / l_pyr = 0.015199
Debug   : vH = 7294 / nTets = 4 / pp.size() = 4 / 0.750135 0.319397 1.242716 -> 0.750961 0.324933 1.237801 / dir = -1.000000 / l_pyr = 0.014897
Debug   : vH = 7292 / nTets = 4 / pp.size() = 4 / 0.667348 0.321343 1.230596 -> 0.668229 0.326956 1.225960 / dir = -1.000000 / l_pyr = 0.014667
Debug   : vH = 7290 / nTets = 4 / pp.size() = 4 / 0.599708 0.322385 1.219024 -> 0.600597 0.328068 1.214614 / dir = -1.000000 / l_pyr = 0.014496
Debug   : vH = 7288 / nTets = 8 / pp.size() = 8 / 0.546007 0.322728 1.208860 -> 0.546876 0.328468 1.204627 / dir = -1.000000 / l_pyr = 0.014370
Debug   : vH = 7285 / nTets = 4 / pp.size() = 4 / 0.504335 0.322610 1.200431 -> 0.505169 0.328396 1.196334 / dir = -1.000000 / l_pyr = 0.014278
Debug   : vH = 7281 / nTets = 4 / pp.size() = 4 / 1.767599 0.265789 1.148890 -> 1.764927 0.270955 1.139978 / dir = -1.000000 / l_pyr = 0.021284
Debug   : vH = 7279 / nTets = 6 / pp.size() = 6 / 1.727529 0.267346 1.161377 -> 1.725075 0.272528 1.152572 / dir = -1.000000 / l_pyr = 0.021015
Debug   : vH = 7276 / nTets = 8 / pp.size() = 8 / 1.675668 0.269406 1.176322 -> 1.673490 0.274609 1.167661 / dir = -1.000000 / l_pyr = 0.020671
Debug   : vH = 7274 / nTets = 4 / pp.size() = 4 / 1.610009 0.272087 1.193303 -> 1.608168 0.277316 1.184834 / dir = -1.000000 / l_pyr = 0.020244
Debug   : vH = 7272 / nTets = 4 / pp.size() = 4 / 1.529201 0.275485 1.211274 -> 1.527755 0.280744 1.203052 / dir = -1.000000 / l_pyr = 0.019732
Debug   : vH = 7269 / nTets = 6 / pp.size() = 6 / 1.433178 0.279641 1.228508 -> 1.432172 0.284935 1.220597 / dir = -1.000000 / l_pyr = 0.019144
Debug   : vH = 7266 / nTets = 6 / pp.size() = 6 / 1.323773 0.284499 1.242823 -> 1.323223 0.289836 1.235283 / dir = -1.000000 / l_pyr = 0.018508
Debug   : vH = 7264 / nTets = 4 / pp.size() = 4 / 1.204991 0.289858 1.252124 -> 1.204881 0.295245 1.245002 / dir = -1.000000 / l_pyr = 0.017861
Debug   : vH = 7261 / nTets = 6 / pp.size() = 6 / 1.082633 0.295376 1.255132 -> 1.082910 0.300822 1.248452 / dir = -1.000000 / l_pyr = 0.017246
Debug   : vH = 7258 / nTets = 6 / pp.size() = 6 / 0.963227 0.300626 1.251879 -> 0.963814 0.306141 1.245638 / dir = -1.000000 / l_pyr = 0.016700
Debug   : vH = 7255 / nTets = 6 / pp.size() = 6 / 0.852653 0.305192 1.243662 -> 0.853463 0.310785 1.237828 / dir = -1.000000 / l_pyr = 0.016244
Debug   : vH = 7253 / nTets = 4 / pp.size() = 4 / 0.755079 0.308787 1.232480 -> 0.756028 0.314459 1.227005 / dir = -1.000000 / l_pyr = 0.015882
Debug   : vH = 7250 / nTets = 4 / pp.size() = 4 / 0.672524 0.311313 1.220331 -> 0.673543 0.317064 1.215158 / dir = -1.000000 / l_pyr = 0.015604
Debug   : vH = 7248 / nTets = 4 / pp.size() = 4 / 0.605096 0.312855 1.208719 -> 0.606135 0.318678 1.203792 / dir = -1.000000 / l_pyr = 0.015396
Debug   : vH = 7245 / nTets = 4 / pp.size() = 4 / 0.551582 0.313617 1.198513 -> 0.552608 0.319502 1.193780 / dir = -1.000000 / l_pyr = 0.015243
Debug   : vH = 7242 / nTets = 6 / pp.size() = 6 / 0.510066 0.313843 1.190045 -> 0.511062 0.319778 1.185460 / dir = -1.000000 / l_pyr = 0.015131
Debug   : vH = 7238 / nTets = 4 / pp.size() = 4 / 1.770480 0.246944 1.137204 -> 1.767567 0.252527 1.127453 / dir = -1.000000 / l_pyr = 0.023215
Debug   : vH = 7233 / nTets = 6 / pp.size() = 6 / 1.730506 0.248783 1.149755 -> 1.727832 0.254362 1.140122 / dir = -1.000000 / l_pyr = 0.022899
Debug   : vH = 7231 / nTets = 4 / pp.size() = 4 / 1.678770 0.251208 1.164785 -> 1.676396 0.256783 1.155309 / dir = -1.000000 / l_pyr = 0.022495
Debug   : vH = 7228 / nTets = 6 / pp.size() = 6 / 1.613267 0.254351 1.181875 -> 1.611262 0.259921 1.172607 / dir = -1.000000 / l_pyr = 0.021994
Debug   : vH = 7226 / nTets = 4 / pp.size() = 4 / 1.532648 0.258314 1.199980 -> 1.531074 0.263879 1.190980 / dir = -1.000000 / l_pyr = 0.021395
Debug   : vH = 7224 / nTets = 4 / pp.size() = 4 / 1.436843 0.263139 1.217371 -> 1.435749 0.268702 1.208707 / dir = -1.000000 / l_pyr = 0.020709
Debug   : vH = 7222 / nTets = 4 / pp.size() = 4 / 1.327679 0.268756 1.231858 -> 1.327086 0.274324 1.223593 / dir = -1.000000 / l_pyr = 0.019967
Debug   : vH = 7220 / nTets = 4 / pp.size() = 4 / 1.209153 0.274935 1.241328 -> 1.209043 0.280520 1.233513 / dir = -1.000000 / l_pyr = 0.019212
Debug   : vH = 7218 / nTets = 4 / pp.size() = 4 / 1.087060 0.281298 1.244483 -> 1.087378 0.286915 1.237145 / dir = -1.000000 / l_pyr = 0.018494
Debug   : vH = 7215 / nTets = 4 / pp.size() = 4 / 0.967924 0.287377 1.241341 -> 0.968587 0.293044 1.234476 / dir = -1.000000 / l_pyr = 0.017853
Debug   : vH = 7213 / nTets = 4 / pp.size() = 4 / 0.857622 0.292726 1.233190 -> 0.858537 0.298458 1.226766 / dir = -1.000000 / l_pyr = 0.017316
Debug   : vH = 7210 / nTets = 6 / pp.size() = 6 / 0.760317 0.297032 1.222032 -> 0.761393 0.302839 1.215999 / dir = -1.000000 / l_pyr = 0.016886
Debug   : vH = 7208 / nTets = 4 / pp.size() = 4 / 0.678021 0.300186 1.209878 -> 0.679183 0.306070 1.204173 / dir = -1.000000 / l_pyr = 0.016555
Debug   : vH = 7205 / nTets = 6 / pp.size() = 6 / 0.610831 0.302268 1.198242 -> 0.612025 0.308225 1.192806 / dir = -1.000000 / l_pyr = 0.016305
Debug   : vH = 7203 / nTets = 4 / pp.size() = 4 / 0.557524 0.303484 1.188004 -> 0.558714 0.309505 1.182779 / dir = -1.000000 / l_pyr = 0.016121
Debug   : vH = 7199 / nTets = 6 / pp.size() = 6 / 0.516183 0.304080 1.179503 -> 0.517348 0.310154 1.174441 / dir = -1.000000 / l_pyr = 0.015985
Debug   : vH = 7194 / nTets = 6 / pp.size() = 6 / 1.773390 0.226358 1.124611 -> 1.770235 0.232369 1.114033 / dir = -1.000000 / l_pyr = 0.025138
Debug   : vH = 7191 / nTets = 6 / pp.size() = 6 / 1.733521 0.228504 1.137266 -> 1.730624 0.234491 1.126815 / dir = -1.000000 / l_pyr = 0.024774
Debug   : vH = 7188 / nTets = 6 / pp.size() = 6 / 1.681919 0.231326 1.152429 -> 1.679349 0.237281 1.142149 / dir = -1.000000 / l_pyr = 0.024310
Debug   : vH = 7186 / nTets = 6 / pp.size() = 6 / 1.616586 0.234971 1.169688 -> 1.614414 0.240888 1.159633 / dir = -1.000000 / l_pyr = 0.023735
Debug   : vH = 7183 / nTets = 6 / pp.size() = 6 / 1.536170 0.239548 1.187998 -> 1.534467 0.245423 1.178231 / dir = -1.000000 / l_pyr = 0.023048
Debug   : vH = 7181 / nTets = 4 / pp.size() = 4 / 1.440602 0.245099 1.205626 -> 1.439419 0.250932 1.196219 / dir = -1.000000 / l_pyr = 0.022264
Debug   : vH = 7179 / nTets = 4 / pp.size() = 4 / 1.331699 0.251539 1.220368 -> 1.331061 0.257337 1.211389 / dir = -1.000000 / l_pyr = 0.021414
Debug   : vH = 7177 / nTets = 4 / pp.size() = 4 / 1.213453 0.258608 1.230090 -> 1.213342 0.264386 1.221595 / dir = -1.000000 / l_pyr = 0.020549
Debug   : vH = 7175 / nTets = 4 / pp.size() = 4 / 1.091648 0.265887 1.233468 -> 1.092007 0.271668 1.225486 / dir = -1.000000 / l_pyr = 0.019724
Debug   : vH = 7172 / nTets = 4 / pp.size() = 4 / 0.972806 0.272867 1.230500 -> 0.973546 0.278676 1.223028 / dir = -1.000000 / l_pyr = 0.018985
Debug   : vH = 7170 / nTets = 4 / pp.size() = 4 / 0.862801 0.279065 1.222465 -> 0.863821 0.284924 1.215471 / dir = -1.000000 / l_pyr = 0.018361
Debug   : vH = 7168 / nTets = 4 / pp.size() = 4 / 0.765789 0.284141 1.211370 -> 0.766993 0.290067 1.204799 / dir = -1.000000 / l_pyr = 0.017859
Debug   : vH = 7165 / nTets = 6 / pp.size() = 6 / 0.683772 0.287976 1.199237 -> 0.685079 0.293974 1.193024 / dir = -1.000000 / l_pyr = 0.017469
Debug   : vH = 7163 / nTets = 4 / pp.size() = 4 / 0.616839 0.290642 1.187595 -> 0.618190 0.296712 1.181674 / dir = -1.000000 / l_pyr = 0.017173
Debug   : vH = 7160 / nTets = 6 / pp.size() = 6 / 0.563758 0.292346 1.177337 -> 0.565113 0.298481 1.171647 / dir = -1.000000 / l_pyr = 0.016952
Debug   : vH = 7156 / nTets = 6 / pp.size() = 6 / 0.522606 0.293342 1.168811 -> 0.523943 0.299531 1.163298 / dir = -1.000000 / l_pyr = 0.016790
Debug   : vH = 7151 / nTets = 6 / pp.size() = 6 / 1.776264 0.204047 1.111100 -> 1.772865 0.210499 1.099711 / dir = -1.000000 / l_pyr = 0.027047
Debug   : vH = 7149 / nTets = 6 / pp.size() = 6 / 1.736507 0.206524 1.123897 -> 1.733385 0.212929 1.112644 / dir = -1.000000 / l_pyr = 0.026639
Debug   : vH = 7146 / nTets = 4 / pp.size() = 4 / 1.685050 0.209773 1.139244 -> 1.682279 0.216119 1.128172 / dir = -1.000000 / l_pyr = 0.026119
Debug   : vH = 7143 / nTets = 6 / pp.size() = 6 / 1.619900 0.213956 1.156732 -> 1.617558 0.220232 1.145898 / dir = -1.000000 / l_pyr = 0.025476
Debug   : vH = 7141 / nTets = 6 / pp.size() = 6 / 1.539705 0.219193 1.175318 -> 1.537867 0.225389 1.164789 / dir = -1.000000 / l_pyr = 0.024708
Debug   : vH = 7138 / nTets = 6 / pp.size() = 6 / 1.444391 0.225524 1.193262 -> 1.443116 0.231638 1.183115 / dir = -1.000000 / l_pyr = 0.023830
Debug   : vH = 7135 / nTets = 6 / pp.size() = 6 / 1.335773 0.232849 1.208342 -> 1.335086 0.238887 1.198650 / dir = -1.000000 / l_pyr = 0.022880
Debug   : vH = 7132 / nTets = 6 / pp.size() = 6 / 1.217829 0.240876 1.218398 -> 1.217714 0.246857 1.209221 / dir = -1.000000 / l_pyr = 0.021910
Debug   : vH = 7129 / nTets = 6 / pp.size() = 6 / 1.096337 0.249144 1.222075 -> 1.096735 0.255096 1.213447 / dir = -1.000000 / l_pyr = 0.020980
Debug   : vH = 7126 / nTets = 6 / pp.size() = 6 / 0.977812 0.257097 1.219346 -> 0.978629 0.263054 1.211266 / dir = -1.000000 / l_pyr = 0.020143
Debug   : vH = 7123 / nTets = 6 / pp.size() = 6 / 0.868125 0.264213 1.211479 -> 0.869253 0.270204 1.203915 / dir = -1.000000 / l_pyr = 0.019429
Debug   : vH = 7121 / nTets = 4 / pp.size() = 4 / 0.771426 0.270125 1.200486 -> 0.772761 0.276172 1.193380 / dir = -1.000000 / l_pyr = 0.018850
Debug   : vH = 7119 / nTets = 4 / pp.size() = 4 / 0.689708 0.274695 1.188401 -> 0.691164 0.280809 1.181686 / dir = -1.000000 / l_pyr = 0.018395
Debug   : vH = 7117 / nTets = 4 / pp.size() = 4 / 0.623047 0.277993 1.176774 -> 0.624559 0.284174 1.170376 / dir = -1.000000 / l_pyr = 0.018047
Debug   : vH = 7115 / nTets = 4 / pp.size() = 4 / 0.570205 0.280224 1.166510 -> 0.571730 0.286468 1.160365 / dir = -1.000000 / l_pyr = 0.017785
Debug   : vH = 7112 / nTets = 4 / pp.size() = 4 / 0.529252 0.281649 1.157968 -> 0.530766 0.287947 1.152017 / dir = -1.000000 / l_pyr = 0.017591
Debug   : vH = 7107 / nTets = 6 / pp.size() = 6 / 1.779027 0.180042 1.096661 -> 1.775382 0.186945 1.084485 / dir = -1.000000 / l_pyr = 0.028927
Debug   : vH = 7104 / nTets = 4 / pp.size() = 4 / 1.739392 0.182864 1.109637 -> 1.736041 0.189702 1.097596 / dir = -1.000000 / l_pyr = 0.028492
Debug   : vH = 7100 / nTets = 8 / pp.size() = 8 / 1.688093 0.186558 1.125212 -> 1.685115 0.193314 1.113353 / dir = -1.000000 / l_pyr = 0.027938
Debug   : vH = 7098 / nTets = 6 / pp.size() = 6 / 1.623140 0.191304 1.142984 -> 1.620620 0.197961 1.131365 / dir = -1.000000 / l_pyr = 0.027251
Debug   : vH = 7096 / nTets = 4 / pp.size() = 4 / 1.543184 0.197232 1.161910 -> 1.541203 0.203778 1.150603 / dir = -1.000000 / l_pyr = 0.026428
Debug   : vH = 7094 / nTets = 4 / pp.size() = 4 / 1.448149 0.204384 1.180242 -> 1.446772 0.210812 1.169327 / dir = -1.000000 / l_pyr = 0.025482
Debug   : vH = 7092 / nTets = 4 / pp.size() = 4 / 1.339838 0.212645 1.195737 -> 1.339097 0.218960 1.185296 / dir = -1.000000 / l_pyr = 0.024451
Debug   : vH = 7090 / nTets = 4 / pp.size() = 4 / 1.222223 0.221690 1.206204 -> 1.222103 0.227914 1.196305 / dir = -1.000000 / l_pyr = 0.023387
Debug   : vH = 7088 / nTets = 4 / pp.size() = 4 / 1.101070 0.231016 1.210251 -> 1.101509 0.237181 1.200938 / dir = -1.000000 / l_pyr = 0.022354
Debug   : vH = 7086 / nTets = 4 / pp.size() = 4 / 0.982887 0.240020 1.207824 -> 0.983786 0.246162 1.199104 / dir = -1.000000 / l_pyr = 0.021408
Debug   : vH = 7084 / nTets = 4 / pp.size() = 4 / 0.873540 0.248132 1.200178 -> 0.874783 0.254288 1.192022 / dir = -1.000000 / l_pyr = 0.020587
Debug   : vH = 7082 / nTets = 4 / pp.size() = 4 / 0.777172 0.254954 1.189328 -> 0.778646 0.261149 1.181678 / dir = -1.000000 / l_pyr = 0.019907
Debug   : vH = 7080 / nTets = 4 / pp.size() = 4 / 0.695765 0.260329 1.177326 -> 0.697377 0.266578 1.170108 / dir = -1.000000 / l_pyr = 0.019364
Debug   : vH = 7077 / nTets = 4 / pp.size() = 4 / 0.629388 0.264316 1.165737 -> 0.631068 0.270623 1.158874 / dir = -1.000000 / l_pyr = 0.018942
Debug   : vH = 7075 / nTets = 4 / pp.size() = 4 / 0.576791 0.267123 1.155486 -> 0.578492 0.273485 1.148905 / dir = -1.000000 / l_pyr = 0.018620
Debug   : vH = 7071 / nTets = 6 / pp.size() = 6 / 0.536044 0.269016 1.146943 -> 0.537738 0.275426 1.140580 / dir = -1.000000 / l_pyr = 0.018378
Debug   : vH = 7067 / nTets = 4 / pp.size() = 4 / 1.781618 0.154395 1.081285 -> 1.777727 0.161763 1.068353 / dir = -1.000000 / l_pyr = 0.030768
Debug   : vH = 7064 / nTets = 4 / pp.size() = 4 / 1.742114 0.157559 1.094466 -> 1.738531 0.164848 1.081658 / dir = -1.000000 / l_pyr = 0.030333
Debug   : vH = 7061 / nTets = 4 / pp.size() = 4 / 1.690985 0.161696 1.110302 -> 1.687794 0.168887 1.097663 / dir = -1.000000 / l_pyr = 0.029775
Debug   : vH = 7059 / nTets = 4 / pp.size() = 4 / 1.626248 0.167005 1.128399 -> 1.623539 0.174077 1.115988 / dir = -1.000000 / l_pyr = 0.029078
Debug   : vH = 7056 / nTets = 6 / pp.size() = 6 / 1.546553 0.173631 1.147715 -> 1.544417 0.180567 1.135606 / dir = -1.000000 / l_pyr = 0.028234
Debug   : vH = 7054 / nTets = 4 / pp.size() = 4 / 1.451820 0.181619 1.166493 -> 1.450330 0.188408 1.154773 / dir = -1.000000 / l_pyr = 0.027251
Debug   : vH = 7052 / nTets = 6 / pp.size() = 6 / 1.343845 0.190845 1.182467 -> 1.343041 0.197491 1.171230 / dir = -1.000000 / l_pyr = 0.026160
Debug   : vH = 7049 / nTets = 6 / pp.size() = 6 / 1.226587 0.200957 1.193412 -> 1.226458 0.207479 1.182742 / dir = -1.000000 / l_pyr = 0.025012
Debug   : vH = 7047 / nTets = 4 / pp.size() = 4 / 1.105800 0.211410 1.197897 -> 1.106284 0.217839 1.187853 / dir = -1.000000 / l_pyr = 0.023870
Debug   : vH = 7045 / nTets = 4 / pp.size() = 4 / 0.987984 0.221548 1.195836 -> 0.988972 0.227925 1.186440 / dir = -1.000000 / l_pyr = 0.022797
Debug   : vH = 7043 / nTets = 4 / pp.size() = 4 / 0.878996 0.230753 1.188469 -> 0.880364 0.237116 1.179698 / dir = -1.000000 / l_pyr = 0.021843
Debug   : vH = 7040 / nTets = 6 / pp.size() = 6 / 0.782972 0.238584 1.177813 -> 0.784596 0.244962 1.169611 / dir = -1.000000 / l_pyr = 0.021033
Debug   : vH = 7037 / nTets = 6 / pp.size() = 6 / 0.701884 0.244855 1.165935 -> 0.703661 0.251268 1.158223 / dir = -1.000000 / l_pyr = 0.020372
Debug   : vH = 7035 / nTets = 8 / pp.size() = 8 / 0.635792 0.249614 1.154419 -> 0.637646 0.256068 1.147111 / dir = -1.000000 / l_pyr = 0.019850
Debug   : vH = 7032 / nTets = 6 / pp.size() = 6 / 0.583440 0.253064 1.144207 -> 0.585321 0.259561 1.137222 / dir = -1.000000 / l_pyr = 0.019446
Debug   : vH = 7029 / nTets = 4 / pp.size() = 4 / 0.542895 0.255481 1.135682 -> 0.544773 0.262015 1.128948 / dir = -1.000000 / l_pyr = 0.019139
Debug   : vH = 7024 / nTets = 4 / pp.size() = 4 / 1.783950 0.127196 1.064985 -> 1.779822 0.135025 1.051356 / dir = -1.000000 / l_pyr = 0.032502
Debug   : vH = 7020 / nTets = 4 / pp.size() = 4 / 1.744588 0.130677 1.078384 -> 1.740778 0.138422 1.064856 / dir = -1.000000 / l_pyr = 0.032093
Debug   : vH = 7017 / nTets = 6 / pp.size() = 6 / 1.693645 0.135230 1.094499 -> 1.690241 0.142868 1.081115 / dir = -1.000000 / l_pyr = 0.031563
Debug   : vH = 7014 / nTets = 6 / pp.size() = 6 / 1.629140 0.141074 1.112944 -> 1.626241 0.148582 1.099761 / dir = -1.000000 / l_pyr = 0.030892
Debug   : vH = 7012 / nTets = 4 / pp.size() = 4 / 1.549727 0.148373 1.132679 -> 1.547432 0.155730 1.119773 / dir = -1.000000 / l_pyr = 0.030064
Debug   : vH = 7008 / nTets = 6 / pp.size() = 6 / 1.455323 0.157184 1.151941 -> 1.453717 0.164376 1.139407 / dir = -1.000000 / l_pyr = 0.029079
Debug   : vH = 7006 / nTets = 4 / pp.size() = 4 / 1.347714 0.167381 1.168440 -> 1.346846 0.174407 1.156386 / dir = -1.000000 / l_pyr = 0.027957
Debug   : vH = 7004 / nTets = 4 / pp.size() = 4 / 1.230845 0.178595 1.179914 -> 1.230710 0.185471 1.168447 / dir = -1.000000 / l_pyr = 0.026742
Debug   : vH = 7001 / nTets = 6 / pp.size() = 6 / 1.110455 0.190240 1.184894 -> 1.110989 0.196996 1.174097 / dir = -1.000000 / l_pyr = 0.025496
Debug   : vH = 6998 / nTets = 6 / pp.size() = 6 / 0.993031 0.201609 1.183258 -> 0.994120 0.208285 1.173171 / dir = -1.000000 / l_pyr = 0.024290
Debug   : vH = 6995 / nTets = 6 / pp.size() = 6 / 0.884421 0.212023 1.176226 -> 0.885927 0.218660 1.166841 / dir = -1.000000 / l_pyr = 0.023185
Debug   : vH = 6993 / nTets = 4 / pp.size() = 4 / 0.788750 0.220988 1.165815 -> 0.790536 0.227616 1.157077 / dir = -1.000000 / l_pyr = 0.022224
Debug   : vH = 6991 / nTets = 4 / pp.size() = 4 / 0.707982 0.228278 1.154104 -> 0.709936 0.234919 1.145931 / dir = -1.000000 / l_pyr = 0.021423
Debug   : vH = 6989 / nTets = 4 / pp.size() = 4 / 0.642170 0.233916 1.142698 -> 0.644208 0.240581 1.134993 / dir = -1.000000 / l_pyr = 0.020779
Debug   : vH = 6987 / nTets = 4 / pp.size() = 4 / 0.590053 0.238102 1.132554 -> 0.592121 0.244793 1.125224 / dir = -1.000000 / l_pyr = 0.020276
Debug   : vH = 6982 / nTets = 6 / pp.size() = 6 / 0.549699 0.241114 1.124071 -> 0.551764 0.247831 1.117033 / dir = -1.000000 / l_pyr = 0.019890
Debug   : vH = 6977 / nTets = 4 / pp.size() = 4 / 1.785945 0.098605 1.047818 -> 1.781602 0.106864 1.033595 / dir = -1.000000 / l_pyr = 0.034021
Debug   : vH = 6975 / nTets = 12 / pp.size() = 12 / 1.746735 0.102366 1.061437 -> 1.742716 0.110538 1.047291 / dir = -1.000000 / l_pyr = 0.033648
Debug   : vH = 6973 / nTets = 4 / pp.size() = 4 / 1.695987 0.107291 1.077836 -> 1.692386 0.115352 1.063803 / dir = -1.000000 / l_pyr = 0.033159
Debug   : vH = 6971 / nTets = 4 / pp.size() = 4 / 1.631731 0.113623 1.096638 -> 1.628653 0.121548 1.082773 / dir = -1.000000 / l_pyr = 0.032528
Debug   : vH = 6968 / nTets = 6 / pp.size() = 6 / 1.552620 0.121549 1.116805 -> 1.550175 0.129315 1.103187 / dir = -1.000000 / l_pyr = 0.031733
Debug   : vH = 6966 / nTets = 4 / pp.size() = 4 / 1.458568 0.131149 1.136568 -> 1.456852 0.138738 1.123300 / dir = -1.000000 / l_pyr = 0.030763
Debug   : vH = 6963 / nTets = 6 / pp.size() = 6 / 1.351352 0.142307 1.153617 -> 1.350425 0.149714 1.140823 / dir = -1.000000 / l_pyr = 0.029626
Debug   : vH = 6961 / nTets = 4 / pp.size() = 4 / 1.234901 0.154645 1.165655 -> 1.234766 0.161883 1.153465 / dir = -1.000000 / l_pyr = 0.028355
Debug   : vH = 6959 / nTets = 4 / pp.size() = 4 / 1.114937 0.167546 1.171168 -> 1.115528 0.174644 1.159694 / dir = -1.000000 / l_pyr = 0.027011
Debug   : vH = 6957 / nTets = 4 / pp.size() = 4 / 0.997929 0.180249 1.169998 -> 0.999125 0.187246 1.159304 / dir = -1.000000 / l_pyr = 0.025672
Debug   : vH = 6955 / nTets = 4 / pp.size() = 4 / 0.889713 0.192006 1.163343 -> 0.891363 0.198942 1.153434 / dir = -1.000000 / l_pyr = 0.024414
Debug   : vH = 6953 / nTets = 4 / pp.size() = 4 / 0.794401 0.202250 1.153216 -> 0.796356 0.209158 1.144042 / dir = -1.000000 / l_pyr = 0.023299
Debug   : vH = 6951 / nTets = 4 / pp.size() = 4 / 0.713950 0.210702 1.141707 -> 0.716084 0.217606 1.133179 / dir = -1.000000 / l_pyr = 0.022356
Debug   : vH = 6948 / nTets = 4 / pp.size() = 4 / 0.648406 0.217350 1.130437 -> 0.650629 0.224262 1.122449 / dir = -1.000000 / l_pyr = 0.021590
Debug   : vH = 6945 / nTets = 8 / pp.size() = 8 / 0.596509 0.222379 1.120383 -> 0.598762 0.229305 1.112829 / dir = -1.000000 / l_pyr = 0.020987
Debug   : vH = 6943 / nTets = 4 / pp.size() = 4 / 0.556327 0.226076 1.111957 -> 0.558577 0.233017 1.104742 / dir = -1.000000 / l_pyr = 0.020523
Debug   : vH = 6938 / nTets = 8 / pp.size() = 8 / 1.787533 0.068863 1.029896 -> 1.783007 0.077492 1.015216 / dir = -1.000000 / l_pyr = 0.035238
Debug   : vH = 6934 / nTets = 8 / pp.size() = 8 / 1.748480 0.072863 1.043735 -> 1.744283 0.081402 1.029106 / dir = -1.000000 / l_pyr = 0.034903
Debug   : vH = 6931 / nTets = 8 / pp.size() = 8 / 1.697936 0.078110 1.060417 -> 1.694165 0.086536 1.045871 / dir = -1.000000 / l_pyr = 0.034456
Debug   : vH = 6928 / nTets = 4 / pp.size() = 4 / 1.633938 0.084875 1.079575 -> 1.630705 0.093162 1.065164 / dir = -1.000000 / l_pyr = 0.033871
Debug   : vH = 6926 / nTets = 4 / pp.size() = 4 / 1.555142 0.093376 1.100178 -> 1.552567 0.101499 1.085979 / dir = -1.000000 / l_pyr = 0.033117
Debug   : vH = 6923 / nTets = 6 / pp.size() = 6 / 1.461460 0.103722 1.120447 -> 1.459649 0.111661 1.106573 / dir = -1.000000 / l_pyr = 0.032174
Debug   : vH = 6921 / nTets = 4 / pp.size() = 4 / 1.354658 0.115820 1.138054 -> 1.353684 0.123571 1.124644 / dir = -1.000000 / l_pyr = 0.031038
Debug   : vH = 6918 / nTets = 6 / pp.size() = 6 / 1.238649 0.129298 1.150666 -> 1.238522 0.136871 1.137875 / dir = -1.000000 / l_pyr = 0.029731
Debug   : vH = 6916 / nTets = 4 / pp.size() = 4 / 1.119134 0.143516 1.156727 -> 1.119791 0.150940 1.144693 / dir = -1.000000 / l_pyr = 0.028311
Debug   : vH = 6912 / nTets = 6 / pp.size() = 6 / 1.002563 0.157655 1.156040 -> 1.003874 0.164969 1.144852 / dir = -1.000000 / l_pyr = 0.026861
Debug   : vH = 6909 / nTets = 6 / pp.size() = 6 / 0.894755 0.170888 1.149779 -> 0.896557 0.178132 1.139459 / dir = -1.000000 / l_pyr = 0.025473
Debug   : vH = 6906 / nTets = 6 / pp.size() = 6 / 0.799806 0.182564 1.139951 -> 0.801937 0.189770 1.130453 / dir = -1.000000 / l_pyr = 0.024221
Debug   : vH = 6903 / nTets = 4 / pp.size() = 4 / 0.719667 0.192327 1.128656 -> 0.721989 0.199519 1.119888 / dir = -1.000000 / l_pyr = 0.023151
Debug   : vH = 6901 / nTets = 4 / pp.size() = 4 / 0.654378 0.200121 1.117534 -> 0.656793 0.207311 1.109378 / dir = -1.000000 / l_pyr = 0.022275
Debug   : vH = 6899 / nTets = 6 / pp.size() = 6 / 0.602682 0.206111 1.107578 -> 0.605127 0.213306 1.099916 / dir = -1.000000 / l_pyr = 0.021582
Debug   : vH = 6895 / nTets = 6 / pp.size() = 6 / 0.562655 0.210586 1.099217 -> 0.565092 0.217788 1.091941 / dir = -1.000000 / l_pyr = 0.021048
Debug   : vH = 6891 / nTets = 4 / pp.size() = 4 / 1.788648 0.038246 1.011370 -> 1.783973 0.047171 0.996376 / dir = -1.000000 / l_pyr = 0.036130
Debug   : vH = 6888 / nTets = 4 / pp.size() = 4 / 1.749753 0.042436 1.025425 -> 1.745405 0.051277 1.010445 / dir = -1.000000 / l_pyr = 0.035858
Debug   : vH = 6886 / nTets = 6 / pp.size() = 6 / 1.699415 0.047949 1.042384 -> 1.695498 0.056679 1.027449 / dir = -1.000000 / l_pyr = 0.035475
Debug   : vH = 6884 / nTets = 8 / pp.size() = 8 / 1.635679 0.055084 1.061891 -> 1.632310 0.063678 1.047047 / dir = -1.000000 / l_pyr = 0.034959
Debug   : vH = 6881 / nTets = 6 / pp.size() = 6 / 1.557205 0.064093 1.082917 -> 1.554513 0.072526 1.068242 / dir = -1.000000 / l_pyr = 0.034276
Debug   : vH = 6879 / nTets = 4 / pp.size() = 4 / 1.463903 0.075127 1.103681 -> 1.462007 0.083380 1.089291 / dir = -1.000000 / l_pyr = 0.033393
Debug   : vH = 6877 / nTets = 4 / pp.size() = 4 / 1.357529 0.088129 1.121832 -> 1.356516 0.096196 1.107884 / dir = -1.000000 / l_pyr = 0.032289
Debug   : vH = 6875 / nTets = 4 / pp.size() = 4 / 1.241980 0.102747 1.135006 -> 1.241870 0.110637 1.121680 / dir = -1.000000 / l_pyr = 0.030974
Debug   : vH = 6873 / nTets = 4 / pp.size() = 4 / 1.122936 0.118327 1.141604 -> 1.123668 0.126066 1.129070 / dir = -1.000000 / l_pyr = 0.029499
Debug   : vH = 6871 / nTets = 4 / pp.size() = 4 / 1.006822 0.133997 1.141392 -> 1.008261 0.141621 1.129768 / dir = -1.000000 / l_pyr = 0.027950
Debug   : vH = 6869 / nTets = 4 / pp.size() = 4 / 0.899437 0.148838 1.135519 -> 0.901406 0.156384 1.124848 / dir = -1.000000 / l_pyr = 0.026434
Debug   : vH = 6867 / nTets = 4 / pp.size() = 4 / 0.804860 0.162096 1.125987 -> 0.807182 0.169596 1.116232 / dir = -1.000000 / l_pyr = 0.025044
Debug   : vH = 6865 / nTets = 10 / pp.size() = 10 / 0.725030 0.173326 1.114907 -> 0.727555 0.180801 1.105969 / dir = -1.000000 / l_pyr = 0.023844
Debug   : vH = 6863 / nTets = 6 / pp.size() = 6 / 0.659986 0.182409 1.103933 -> 0.662607 0.189871 1.095686 / dir = -1.000000 / l_pyr = 0.022854
Debug   : vH = 6860 / nTets = 4 / pp.size() = 4 / 0.608476 0.189482 1.094077 -> 0.611124 0.196939 1.086387 / dir = -1.000000 / l_pyr = 0.022067
Debug   : vH = 6857 / nTets = 6 / pp.size() = 6 / 0.568583 0.194836 1.085782 -> 0.571221 0.202290 1.078529 / dir = -1.000000 / l_pyr = 0.021460
Debug   : vH = 6853 / nTets = 4 / pp.size() = 4 / 1.789243 0.007008 0.992390 -> 1.784533 0.015998 0.977480 / dir = -1.000000 / l_pyr = 0.036074
Debug   : vH = 6850 / nTets = 6 / pp.size() = 6 / 1.750503 0.011326 1.006646 -> 1.746023 0.020417 0.991414 / dir = -1.000000 / l_pyr = 0.036592
Debug   : vH = 6847 / nTets = 8 / pp.size() = 8 / 1.700369 0.017028 1.023865 -> 1.696319 0.026019 1.008626 / dir = -1.000000 / l_pyr = 0.036301
Debug   : vH = 6845 / nTets = 4 / pp.size() = 4 / 1.636893 0.024445 1.043697 -> 1.633397 0.033310 1.028491 / dir = -1.000000 / l_pyr = 0.035890
Debug   : vH = 6843 / nTets = 4 / pp.size() = 4 / 1.558741 0.033870 1.065119 -> 1.555938 0.042586 1.050022 / dir = -1.000000 / l_pyr = 0.035313
Debug   : vH = 6840 / nTets = 6 / pp.size() = 6 / 1.465822 0.045506 1.086345 -> 1.463845 0.054054 1.071480 / dir = -1.000000 / l_pyr = 0.034523
Debug   : vH = 6837 / nTets = 6 / pp.size() = 6 / 1.359885 0.059350 1.105008 -> 1.358837 0.067722 1.090549 / dir = -1.000000 / l_pyr = 0.033482
Debug   : vH = 6834 / nTets = 6 / pp.size() = 6 / 1.244812 0.075087 1.118711 -> 1.244726 0.083288 1.104868 / dir = -1.000000 / l_pyr = 0.032180
Debug   : vH = 6831 / nTets = 6 / pp.size() = 6 / 1.126258 0.092062 1.125818 -> 1.127077 0.100114 1.112799 / dir = -1.000000 / l_pyr = 0.030659
Debug   : vH = 6828 / nTets = 6 / pp.size() = 6 / 1.010624 0.109351 1.126057 -> 1.012208 0.117285 1.114017 / dir = -1.000000 / l_pyr = 0.029012
Debug   : vH = 6825 / nTets = 6 / pp.size() = 6 / 0.903683 0.125936 1.120558 -> 0.905841 0.133786 1.109562 / dir = -1.000000 / l_pyr = 0.027362
Debug   : vH = 6821 / nTets = 6 / pp.size() = 6 / 0.809491 0.140940 1.111315 -> 0.812028 0.148732 1.101336 / dir = -1.000000 / l_pyr = 0.025825
Debug   : vH = 6819 / nTets = 4 / pp.size() = 4 / 0.729974 0.153805 1.100446 -> 0.732726 0.161561 1.091384 / dir = -1.000000 / l_pyr = 0.024482
Debug   : vH = 6816 / nTets = 4 / pp.size() = 4 / 0.665170 0.164334 1.089620 -> 0.668020 0.172065 1.081336 / dir = -1.000000 / l_pyr = 0.023368
Debug   : vH = 6814 / nTets = 10 / pp.size() = 10 / 0.613832 0.172628 1.079866 -> 0.616705 0.180341 1.072211 / dir = -1.000000 / l_pyr = 0.022480
Debug   : vH = 6811 / nTets = 4 / pp.size() = 4 / 0.574057 0.178973 1.071640 -> 0.576914 0.186673 1.064478 / dir = -1.000000 / l_pyr = 0.021794
Debug   : vH = 6806 / nTets = 6 / pp.size() = 6 / 1.789290 -0.024583 0.973114 -> 1.784539 -0.015529 0.958294 / dir = -1.000000 / l_pyr = 0.036009
Debug   : vH = 6804 / nTets = 4 / pp.size() = 4 / 1.750697 -0.020220 0.987546 -> 1.746117 -0.010953 0.972196 / dir = -1.000000 / l_pyr = 0.037012
Debug   : vH = 6801 / nTets = 4 / pp.size() = 4 / 1.700758 -0.014428 1.004992 -> 1.696600 -0.005245 0.989573 / dir = -1.000000 / l_pyr = 0.036843
Debug   : vH = 6798 / nTets = 8 / pp.size() = 8 / 1.637533 -0.006846 1.025111 -> 1.633928 0.002232 1.009652 / dir = -1.000000 / l_pyr = 0.036571
Debug   : vH = 6795 / nTets = 6 / pp.size() = 6 / 1.559695 0.002872 1.046883 -> 1.556792 0.011823 1.031457 / dir = -1.000000 / l_pyr = 0.036140
Debug   : vH = 6792 / nTets = 4 / pp.size() = 4 / 1.467153 0.014993 1.068520 -> 1.465103 0.023798 1.053255 / dir = -1.000000 / l_pyr = 0.035484
Debug   : vH = 6790 / nTets = 4 / pp.size() = 4 / 1.361654 0.029587 1.087640 -> 1.360578 0.038234 1.072729 / dir = -1.000000 / l_pyr = 0.034541
Debug   : vH = 6787 / nTets = 4 / pp.size() = 4 / 1.247065 0.046398 1.101820 -> 1.247012 0.054888 1.087508 / dir = -1.000000 / l_pyr = 0.033283
Debug   : vH = 6785 / nTets = 6 / pp.size() = 6 / 1.129021 0.064786 1.109390 -> 1.129940 0.073134 1.095926 / dir = -1.000000 / l_pyr = 0.031737
Debug   : vH = 6783 / nTets = 4 / pp.size() = 4 / 1.013892 0.083780 1.110047 -> 1.015639 0.092009 1.097627 / dir = -1.000000 / l_pyr = 0.030002
Debug   : vH = 6781 / nTets = 4 / pp.size() = 4 / 0.907421 0.102249 1.104897 -> 0.909789 0.110388 1.093618 / dir = -1.000000 / l_pyr = 0.028218
Debug   : vH = 6779 / nTets = 4 / pp.size() = 4 / 0.813636 0.119173 1.095930 -> 0.816412 0.127245 1.085778 / dir = -1.000000 / l_pyr = 0.026529
Debug   : vH = 6775 / nTets = 6 / pp.size() = 6 / 0.734443 0.133859 1.085267 -> 0.737448 0.141882 1.076139 / dir = -1.000000 / l_pyr = 0.025037
Debug   : vH = 6773 / nTets = 6 / pp.size() = 6 / 0.669879 0.146011 1.074591 -> 0.672982 0.153995 1.066336 / dir = -1.000000 / l_pyr = 0.023792
Debug   : vH = 6771 / nTets = 4 / pp.size() = 4 / 0.618705 0.155681 1.064941 -> 0.621826 0.163633 1.057395 / dir = -1.000000 / l_pyr = 0.022797
Debug   : vH = 6766 / nTets = 6 / pp.size() = 6 / 0.579035 0.163146 1.056788 -> 0.582131 0.171073 1.049796 / dir = -1.000000 / l_pyr = 0.022028
Debug   : vH = 6761 / nTets = 8 / pp.size() = 8 / 1.788777 -0.056233 0.953718 -> 1.783979 -0.047119 0.938994 / dir = -1.000000 / l_pyr = 0.035937
Debug   : vH = 6757 / nTets = 4 / pp.size() = 4 / 1.750319 -0.051925 0.968291 -> 1.745668 -0.042560 0.952956 / dir = -1.000000 / l_pyr = 0.037121
Debug   : vH = 6754 / nTets = 8 / pp.size() = 8 / 1.700558 -0.046165 0.985920 -> 1.696314 -0.036854 0.970436 / dir = -1.000000 / l_pyr = 0.037118
Debug   : vH = 6752 / nTets = 4 / pp.size() = 4 / 1.637565 -0.038556 1.006271 -> 1.633868 -0.029322 0.990664 / dir = -1.000000 / l_pyr = 0.037014
Debug   : vH = 6750 / nTets = 4 / pp.size() = 4 / 1.560020 -0.028697 1.028329 -> 1.557032 -0.019559 1.012664 / dir = -1.000000 / l_pyr = 0.036761
Debug   : vH = 6747 / nTets = 8 / pp.size() = 8 / 1.467840 -0.016239 1.050306 -> 1.465727 -0.007215 1.034716 / dir = -1.000000 / l_pyr = 0.036273
Debug   : vH = 6745 / nTets = 4 / pp.size() = 4 / 1.362769 -0.001016 1.069808 -> 1.361673 0.007877 1.054507 / dir = -1.000000 / l_pyr = 0.035463
Debug   : vH = 6742 / nTets = 6 / pp.size() = 6 / 1.248666 0.016797 1.084393 -> 1.248655 0.025553 1.069662 / dir = -1.000000 / l_pyr = 0.034273
Debug   : vH = 6740 / nTets = 6 / pp.size() = 6 / 1.131147 0.036599 1.092364 -> 1.132180 0.045222 1.078499 / dir = -1.000000 / l_pyr = 0.032720
Debug   : vH = 6737 / nTets = 8 / pp.size() = 8 / 1.016552 0.057374 1.093390 -> 1.018479 0.065880 1.080636 / dir = -1.000000 / l_pyr = 0.030901
Debug   : vH = 6735 / nTets = 4 / pp.size() = 4 / 0.910585 0.077870 1.088558 -> 0.913186 0.086279 1.077047 / dir = -1.000000 / l_pyr = 0.028982
Debug   : vH = 6732 / nTets = 6 / pp.size() = 6 / 0.817237 0.096901 1.079849 -> 0.820278 0.105231 1.069583 / dir = -1.000000 / l_pyr = 0.027131
Debug   : vH = 6730 / nTets = 4 / pp.size() = 4 / 0.738391 0.113611 1.069385 -> 0.741673 0.121876 1.060262 / dir = -1.000000 / l_pyr = 0.025480
Debug   : vH = 6728 / nTets = 6 / pp.size() = 6 / 0.674076 0.127582 1.058858 -> 0.677455 0.135792 1.050714 / dir = -1.000000 / l_pyr = 0.024095
Debug   : vH = 6726 / nTets = 4 / pp.size() = 4 / 0.623064 0.138801 1.049318 -> 0.626452 0.146964 1.041969 / dir = -1.000000 / l_pyr = 0.022988
Debug   : vH = 6723 / nTets = 4 / pp.size() = 4 / 0.583486 0.147531 1.041243 -> 0.586839 0.155654 1.034517 / dir = -1.000000 / l_pyr = 0.022132
Debug   : vH = 6719 / nTets = 4 / pp.size() = 4 / 1.787717 -0.087661 0.934376 -> 1.782867 -0.078489 0.919754 / dir = -1.000000 / l_pyr = 0.035859
Debug   : vH = 6716 / nTets = 10 / pp.size() = 10 / 1.749372 -0.083521 0.949046 -> 1.744698 -0.074165 0.933902 / dir = -1.000000 / l_pyr = 0.036807
Debug   : vH = 6714 / nTets = 4 / pp.size() = 4 / 1.699763 -0.077932 0.966800 -> 1.695479 -0.068600 0.951430 / dir = -1.000000 / l_pyr = 0.036969
Debug   : vH = 6711 / nTets = 6 / pp.size() = 6 / 1.636973 -0.070461 0.987312 -> 1.633215 -0.061152 0.971700 / dir = -1.000000 / l_pyr = 0.037123
Debug   : vH = 6708 / nTets = 6 / pp.size() = 6 / 1.559691 -0.060640 1.009573 -> 1.556630 -0.051359 0.993756 / dir = -1.000000 / l_pyr = 0.037186
Debug   : vH = 6706 / nTets = 4 / pp.size() = 4 / 1.467841 -0.048022 1.031796 -> 1.465675 -0.038813 1.015950 / dir = -1.000000 / l_pyr = 0.036909
Debug   : vH = 6703 / nTets = 6 / pp.size() = 6 / 1.363175 -0.032322 1.051583 -> 1.362069 -0.023206 1.035944 / dir = -1.000000 / l_pyr = 0.036272
Debug   : vH = 6701 / nTets = 4 / pp.size() = 4 / 1.249551 -0.013602 1.066481 -> 1.249594 -0.004596 1.051368 / dir = -1.000000 / l_pyr = 0.035187
Debug   : vH = 6697 / nTets = 4 / pp.size() = 4 / 1.132568 0.007595 1.074773 -> 1.133733 0.016484 1.060536 / dir = -1.000000 / l_pyr = 0.033648
Debug   : vH = 6694 / nTets = 4 / pp.size() = 4 / 1.018537 0.030219 1.076106 -> 1.020670 0.038994 1.063046 / dir = -1.000000 / l_pyr = 0.031757
Debug   : vH = 6691 / nTets = 6 / pp.size() = 6 / 0.913117 0.052890 1.071552 -> 0.915982 0.061560 1.059843 / dir = -1.000000 / l_pyr = 0.029697
Debug   : vH = 6689 / nTets = 4 / pp.size() = 4 / 0.820250 0.074228 1.063080 -> 0.823589 0.082805 1.052748 / dir = -1.000000 / l_pyr = 0.027674
Debug   : vH = 6687 / nTets = 4 / pp.size() = 4 / 0.741783 0.093185 1.052811 -> 0.745376 0.101678 1.043753 / dir = -1.000000 / l_pyr = 0.025850
Debug   : vH = 6684 / nTets = 4 / pp.size() = 4 / 0.677736 0.109195 1.042437 -> 0.681423 0.117611 1.034476 / dir = -1.000000 / l_pyr = 0.024313
Debug   : vH = 6682 / nTets = 8 / pp.size() = 8 / 0.626888 0.122160 1.033013 -> 0.630573 0.130508 1.025946 / dir = -1.000000 / l_pyr = 0.023084
Debug   : vH = 6679 / nTets = 4 / pp.size() = 4 / 0.587397 0.132321 1.025026 -> 0.591031 0.140612 1.018658 / dir = -1.000000 / l_pyr = 0.022135
Debug   : vH = 6675 / nTets = 6 / pp.size() = 6 / 1.786134 -0.118604 0.915257 -> 1.781227 -0.109378 0.900738 / dir = -1.000000 / l_pyr = 0.035777
Debug   : vH = 6672 / nTets = 4 / pp.size() = 4 / 1.747874 -0.114759 0.929966 -> 1.743209 -0.105485 0.915126 / dir = -1.000000 / l_pyr = 0.036222
Debug   : vH = 6668 / nTets = 6 / pp.size() = 6 / 1.698384 -0.109499 0.947774 -> 1.694088 -0.100215 0.932632 / dir = -1.000000 / l_pyr = 0.036547
Debug   : vH = 6666 / nTets = 4 / pp.size() = 4 / 1.635755 -0.102352 0.968358 -> 1.631968 -0.093049 0.952882 / dir = -1.000000 / l_pyr = 0.036901
Debug   : vH = 6663 / nTets = 4 / pp.size() = 4 / 1.558688 -0.092775 0.990718 -> 1.555587 -0.083441 0.974912 / dir = -1.000000 / l_pyr = 0.037233
Debug   : vH = 6660 / nTets = 6 / pp.size() = 6 / 1.467123 -0.080206 1.013071 -> 1.464914 -0.070834 0.997024 / dir = -1.000000 / l_pyr = 0.037429
Debug   : vH = 6657 / nTets = 4 / pp.size() = 4 / 1.362825 -0.064214 1.033023 -> 1.361717 -0.054886 1.017082 / dir = -1.000000 / l_pyr = 0.037005
Debug   : vH = 6655 / nTets = 8 / pp.size() = 8 / 1.249660 -0.044713 1.048117 -> 1.249770 -0.035460 1.032645 / dir = -1.000000 / l_pyr = 0.036058
Debug   : vH = 6653 / nTets = 4 / pp.size() = 4 / 1.133220 -0.022161 1.056630 -> 1.134536 -0.013006 1.042038 / dir = -1.000000 / l_pyr = 0.034553
Debug   : vH = 6650 / nTets = 6 / pp.size() = 6 / 1.019786 0.002375 1.058198 -> 1.022154 0.011417 1.044848 / dir = -1.000000 / l_pyr = 0.032592
Debug   : vH = 6648 / nTets = 6 / pp.size() = 6 / 0.914965 0.027374 1.053875 -> 0.918129 0.036299 1.041996 / dir = -1.000000 / l_pyr = 0.030383
Debug   : vH = 6645 / nTets = 6 / pp.size() = 6 / 0.822636 0.051239 1.045619 -> 0.826311 0.060049 1.035265 / dir = -1.000000 / l_pyr = 0.028168
Debug   : vH = 6642 / nTets = 6 / pp.size() = 6 / 0.744597 0.072693 1.035542 -> 0.748538 0.081392 1.026613 / dir = -1.000000 / l_pyr = 0.026148
Debug   : vH = 6639 / nTets = 4 / pp.size() = 4 / 0.680846 0.090989 1.025331 -> 0.684875 0.099583 1.017634 / dir = -1.000000 / l_pyr = 0.024439
Debug   : vH = 6637 / nTets = 6 / pp.size() = 6 / 0.630175 0.105928 1.016041 -> 0.634184 0.114426 1.009349 / dir = -1.000000 / l_pyr = 0.023073
Debug   : vH = 6633 / nTets = 6 / pp.size() = 6 / 0.590765 0.117713 1.008160 -> 0.594703 0.126130 1.002252 / dir = -1.000000 / l_pyr = 0.022024
Debug   : vH = 6628 / nTets = 8 / pp.size() = 8 / 1.784069 -0.148797 0.896535 -> 1.779213 -0.139728 0.882443 / dir = -1.000000 / l_pyr = 0.034894
Debug   : vH = 6624 / nTets = 4 / pp.size() = 4 / 1.745861 -0.145375 0.911222 -> 1.741249 -0.136275 0.896825 / dir = -1.000000 / l_pyr = 0.035289
Debug   : vH = 6622 / nTets = 4 / pp.size() = 4 / 1.696445 -0.140601 0.929006 -> 1.692181 -0.131458 0.914241 / dir = -1.000000 / l_pyr = 0.035765
Debug   : vH = 6620 / nTets = 6 / pp.size() = 6 / 1.633925 -0.133965 0.949568 -> 1.630149 -0.124761 0.934384 / dir = -1.000000 / l_pyr = 0.036304
Debug   : vH = 6617 / nTets = 6 / pp.size() = 6 / 1.557015 -0.124842 0.971913 -> 1.553912 -0.115557 0.956301 / dir = -1.000000 / l_pyr = 0.036855
Debug   : vH = 6615 / nTets = 4 / pp.size() = 4 / 1.465673 -0.112537 0.994270 -> 1.463463 -0.103153 0.978296 / dir = -1.000000 / l_pyr = 0.037314
Debug   : vH = 6613 / nTets = 4 / pp.size() = 4 / 1.361690 -0.096442 1.014255 -> 1.360602 -0.087004 0.998207 / dir = -1.000000 / l_pyr = 0.037299
Debug   : vH = 6608 / nTets = 6 / pp.size() = 6 / 1.248951 -0.076292 1.029422 -> 1.249140 -0.066901 1.013792 / dir = -1.000000 / l_pyr = 0.036472
Debug   : vH = 6606 / nTets = 6 / pp.size() = 6 / 1.133053 -0.052425 1.038054 -> 1.134521 -0.043125 1.023311 / dir = -1.000000 / l_pyr = 0.034986
Debug   : vH = 6604 / nTets = 4 / pp.size() = 4 / 1.020250 -0.025915 1.039783 -> 1.022842 -0.016740 1.026355 / dir = -1.000000 / l_pyr = 0.032937
Debug   : vH = 6602 / nTets = 6 / pp.size() = 6 / 0.916088 0.001573 1.035654 -> 0.919531 0.010604 1.023819 / dir = -1.000000 / l_pyr = 0.030561
Debug   : vH = 6599 / nTets = 4 / pp.size() = 4 / 0.824365 0.028196 1.027606 -> 0.828350 0.037078 1.017442 / dir = -1.000000 / l_pyr = 0.028147
Debug   : vH = 6597 / nTets = 4 / pp.size() = 4 / 0.746814 0.052411 1.017729 -> 0.751070 0.061149 1.009138 / dir = -1.000000 / l_pyr = 0.025944
Debug   : vH = 6595 / nTets = 8 / pp.size() = 8 / 0.683401 0.073257 1.007696 -> 0.687734 0.081861 1.000463 / dir = -1.000000 / l_pyr = 0.024094
Debug   : vH = 6593 / nTets = 4 / pp.size() = 4 / 0.632922 0.090404 0.998555 -> 0.637219 0.098892 0.992423 / dir = -1.000000 / l_pyr = 0.022638
Debug   : vH = 6589 / nTets = 6 / pp.size() = 6 / 0.593592 0.104011 0.990791 -> 0.597801 0.112406 0.985514 / dir = -1.000000 / l_pyr = 0.021543
Debug   : vH = 6585 / nTets = 4 / pp.size() = 4 / 1.781605 -0.177810 0.878485 -> 1.776911 -0.169107 0.865128 / dir = -1.000000 / l_pyr = 0.033237
Debug   : vH = 6583 / nTets = 8 / pp.size() = 8 / 1.743417 -0.174862 0.893128 -> 1.738960 -0.166135 0.879474 / dir = -1.000000 / l_pyr = 0.033614
Debug   : vH = 6580 / nTets = 6 / pp.size() = 6 / 1.694036 -0.170636 0.910860 -> 1.689919 -0.161872 0.896848 / dir = -1.000000 / l_pyr = 0.034064
Debug   : vH = 6578 / nTets = 4 / pp.size() = 4 / 1.631575 -0.164577 0.931364 -> 1.627936 -0.155763 0.916951 / dir = -1.000000 / l_pyr = 0.034563
Debug   : vH = 6576 / nTets = 4 / pp.size() = 4 / 1.554765 -0.155974 0.953654 -> 1.551787 -0.147094 0.938839 / dir = -1.000000 / l_pyr = 0.035054
Debug   : vH = 6573 / nTets = 6 / pp.size() = 6 / 1.463587 -0.143984 0.975972 -> 1.461487 -0.135031 0.960833 / dir = -1.000000 / l_pyr = 0.035426
Debug   : vH = 6571 / nTets = 4 / pp.size() = 4 / 1.359863 -0.127811 0.995954 -> 1.358872 -0.118886 0.980862 / dir = -1.000000 / l_pyr = 0.035123
Debug   : vH = 6569 / nTets = 4 / pp.size() = 4 / 1.247511 -0.106995 1.011174 -> 1.247764 -0.098184 0.996580 / dir = -1.000000 / l_pyr = 0.034100
Debug   : vH = 6567 / nTets = 4 / pp.size() = 4 / 1.132141 -0.081749 1.019922 -> 1.133631 -0.073104 1.006291 / dir = -1.000000 / l_pyr = 0.032419
Debug   : vH = 6564 / nTets = 6 / pp.size() = 6 / 1.019982 -0.053161 1.021819 -> 1.022553 -0.044697 1.009558 / dir = -1.000000 / l_pyr = 0.030238
Debug   : vH = 6562 / nTets = 4 / pp.size() = 4 / 0.916512 -0.023063 1.017882 -> 0.919904 -0.014764 1.007234 / dir = -1.000000 / l_pyr = 0.027840
Debug   : vH = 6560 / nTets = 8 / pp.size() = 8 / 0.825437 0.006434 1.010016 -> 0.829359 0.014602 1.001023 / dir = -1.000000 / l_pyr = 0.025533
Debug   : vH = 6557 / nTets = 6 / pp.size() = 6 / 0.748413 0.033505 1.000289 -> 0.752612 0.041575 0.992817 / dir = -1.000000 / l_pyr = 0.023545
Debug   : vH = 6555 / nTets = 4 / pp.size() = 4 / 0.685366 0.056968 0.990362 -> 0.689663 0.064968 0.984175 / dir = -1.000000 / l_pyr = 0.021977
Debug   : vH = 6552 / nTets = 4 / pp.size() = 4 / 0.635099 0.076366 0.981286 -> 0.639389 0.084319 0.976119 / dir = -1.000000 / l_pyr = 0.020820
Debug   : vH = 6548 / nTets = 4 / pp.size() = 4 / 0.595859 0.091817 0.973558 -> 0.600090 0.099746 0.969165 / dir = -1.000000 / l_pyr = 0.020006
Debug   : vH = 6543 / nTets = 6 / pp.size() = 6 / 1.778847 -0.205231 0.861379 -> 1.774364 -0.196985 0.848865 / dir = -1.000000 / l_pyr = 0.031285
Debug   : vH = 6540 / nTets = 4 / pp.size() = 4 / 1.740657 -0.202722 0.876002 -> 1.736406 -0.194465 0.863212 / dir = -1.000000 / l_pyr = 0.031613
Debug   : vH = 6537 / nTets = 4 / pp.size() = 4 / 1.691283 -0.198990 0.893714 -> 1.687363 -0.190715 0.880599 / dir = -1.000000 / l_pyr = 0.031991
Debug   : vH = 6534 / nTets = 6 / pp.size() = 6 / 1.628848 -0.193428 0.914206 -> 1.625396 -0.185134 0.900736 / dir = -1.000000 / l_pyr = 0.032383
Debug   : vH = 6532 / nTets = 4 / pp.size() = 4 / 1.552100 -0.185229 0.936505 -> 1.549291 -0.176918 0.922698 / dir = -1.000000 / l_pyr = 0.032717
Debug   : vH = 6528 / nTets = 4 / pp.size() = 4 / 1.461049 -0.173401 0.958870 -> 1.459100 -0.165134 0.944911 / dir = -1.000000 / l_pyr = 0.032680
Debug   : vH = 6526 / nTets = 4 / pp.size() = 4 / 1.357550 -0.156961 0.978957 -> 1.356664 -0.148843 0.965209 / dir = -1.000000 / l_pyr = 0.031982
Debug   : vH = 6524 / nTets = 4 / pp.size() = 4 / 1.245559 -0.135278 0.994345 -> 1.245844 -0.127362 0.981206 / dir = -1.000000 / l_pyr = 0.030683
Debug   : vH = 6520 / nTets = 6 / pp.size() = 6 / 1.130699 -0.108479 1.003307 -> 1.132138 -0.100781 0.991198 / dir = -1.000000 / l_pyr = 0.028841
Debug   : vH = 6518 / nTets = 4 / pp.size() = 4 / 1.019173 -0.077710 1.005421 -> 1.021619 -0.070201 0.994675 / dir = -1.000000 / l_pyr = 0.026672
Debug   : vH = 6516 / nTets = 4 / pp.size() = 4 / 0.916389 -0.045008 1.001652 -> 0.919608 -0.037625 0.992431 / dir = -1.000000 / l_pyr = 0.024486
Debug   : vH = 6514 / nTets = 4 / pp.size() = 4 / 0.825960 -0.012755 0.993870 -> 0.829696 -0.005436 0.986147 / dir = -1.000000 / l_pyr = 0.022553
Debug   : vH = 6512 / nTets = 4 / pp.size() = 4 / 0.749465 0.016965 0.984139 -> 0.753496 0.024265 0.977743 / dir = -1.000000 / l_pyr = 0.021019
Debug   : vH = 6510 / nTets = 4 / pp.size() = 4 / 0.686796 0.042789 0.974144 -> 0.690963 0.050099 0.968831 / dir = -1.000000 / l_pyr = 0.019901
Debug   : vH = 6507 / nTets = 8 / pp.size() = 8 / 0.636762 0.064174 0.964963 -> 0.640967 0.071511 0.960486 / dir = -1.000000 / l_pyr = 0.019137
Debug   : vH = 6504 / nTets = 8 / pp.size() = 8 / 0.597641 0.081226 0.957118 -> 0.601831 0.088601 0.953263 / dir = -1.000000 / l_pyr = 0.018635
Debug   : vH = 6498 / nTets = 4 / pp.size() = 4 / 1.775878 -0.230942 0.845338 -> 1.771607 -0.223198 0.833658 / dir = -1.000000 / l_pyr = 0.029301
Debug   : vH = 6496 / nTets = 6 / pp.size() = 6 / 1.737667 -0.228833 0.859976 -> 1.733616 -0.221093 0.848028 / dir = -1.000000 / l_pyr = 0.029602
Debug   : vH = 6494 / nTets = 4 / pp.size() = 4 / 1.688279 -0.225532 0.877718 -> 1.684545 -0.217799 0.865463 / dir = -1.000000 / l_pyr = 0.029929
Debug   : vH = 6492 / nTets = 4 / pp.size() = 4 / 1.625848 -0.220370 0.898271 -> 1.622563 -0.212654 0.885690 / dir = -1.000000 / l_pyr = 0.030239
Debug   : vH = 6490 / nTets = 4 / pp.size() = 4 / 1.549141 -0.212434 0.920677 -> 1.546477 -0.204756 0.907819 / dir = -1.000000 / l_pyr = 0.030422
Debug   : vH = 6488 / nTets = 4 / pp.size() = 4 / 1.458197 -0.200580 0.943215 -> 1.456374 -0.193058 0.930359 / dir = -1.000000 / l_pyr = 0.030013
Debug   : vH = 6485 / nTets = 6 / pp.size() = 6 / 1.354912 -0.183660 0.963541 -> 1.354102 -0.176349 0.950988 / dir = -1.000000 / l_pyr = 0.029098
Debug   : vH = 6483 / nTets = 4 / pp.size() = 4 / 1.243275 -0.160910 0.979209 -> 1.243572 -0.153836 0.967327 / dir = -1.000000 / l_pyr = 0.027664
Debug   : vH = 6480 / nTets = 4 / pp.size() = 4 / 1.128918 -0.132435 0.988436 -> 1.130303 -0.125570 0.977579 / dir = -1.000000 / l_pyr = 0.025840
Debug   : vH = 6477 / nTets = 6 / pp.size() = 6 / 1.018013 -0.099496 0.990738 -> 1.020352 -0.092774 0.981155 / dir = -1.000000 / l_pyr = 0.023874
Debug   : vH = 6474 / nTets = 6 / pp.size() = 6 / 0.915896 -0.064351 0.987036 -> 0.918979 -0.057699 0.978817 / dir = -1.000000 / l_pyr = 0.022027
Debug   : vH = 6471 / nTets = 4 / pp.size() = 4 / 0.826096 -0.029640 0.979197 -> 0.829691 -0.023002 0.972271 / dir = -1.000000 / l_pyr = 0.020489
Debug   : vH = 6469 / nTets = 6 / pp.size() = 6 / 0.750125 0.002347 0.969315 -> 0.754030 0.009007 0.963500 / dir = -1.000000 / l_pyr = 0.019332
Debug   : vH = 6466 / nTets = 6 / pp.size() = 6 / 0.687849 0.030125 0.959118 -> 0.691916 0.036830 0.954187 / dir = -1.000000 / l_pyr = 0.018527
Debug   : vH = 6464 / nTets = 4 / pp.size() = 4 / 0.638081 0.053110 0.949723 -> 0.642216 0.059871 0.945462 / dir = -1.000000 / l_pyr = 0.017997
Debug   : vH = 6460 / nTets = 4 / pp.size() = 4 / 0.599124 0.071424 0.941678 -> 0.603273 0.078245 0.937909 / dir = -1.000000 / l_pyr = 0.017658
Debug   : vH = 6455 / nTets = 4 / pp.size() = 4 / 1.772781 -0.254867 0.830495 -> 1.768749 -0.247726 0.819716 / dir = -1.000000 / l_pyr = 0.027089
Debug   : vH = 6453 / nTets = 4 / pp.size() = 4 / 1.734537 -0.253113 0.845200 -> 1.730717 -0.246008 0.834181 / dir = -1.000000 / l_pyr = 0.027313
Debug   : vH = 6451 / nTets = 4 / pp.size() = 4 / 1.685123 -0.250170 0.863047 -> 1.681607 -0.243116 0.851759 / dir = -1.000000 / l_pyr = 0.027534
Debug   : vH = 6448 / nTets = 4 / pp.size() = 4 / 1.622683 -0.245306 0.883752 -> 1.619599 -0.238321 0.872197 / dir = -1.000000 / l_pyr = 0.027699
Debug   : vH = 6445 / nTets = 4 / pp.size() = 4 / 1.546007 -0.237493 0.906375 -> 1.543536 -0.230657 0.894702 / dir = -1.000000 / l_pyr = 0.027504
Debug   : vH = 6443 / nTets = 10 / pp.size() = 10 / 1.455167 -0.225452 0.929192 -> 1.453490 -0.218819 0.917602 / dir = -1.000000 / l_pyr = 0.026918
Debug   : vH = 6440 / nTets = 4 / pp.size() = 4 / 1.352095 -0.207893 0.949839 -> 1.351363 -0.201492 0.938605 / dir = -1.000000 / l_pyr = 0.025900
Debug   : vH = 6438 / nTets = 4 / pp.size() = 4 / 1.240810 -0.183975 0.965819 -> 1.241101 -0.177801 0.955252 / dir = -1.000000 / l_pyr = 0.024483
Debug   : vH = 6436 / nTets = 4 / pp.size() = 4 / 1.126946 -0.153835 0.975281 -> 1.128237 -0.147841 0.965656 / dir = -1.000000 / l_pyr = 0.022825
Debug   : vH = 6434 / nTets = 4 / pp.size() = 4 / 1.016638 -0.118888 0.977688 -> 1.018810 -0.113000 0.969172 / dir = -1.000000 / l_pyr = 0.021159
Debug   : vH = 6432 / nTets = 4 / pp.size() = 4 / 0.915157 -0.081612 0.973946 -> 0.918027 -0.075757 0.966565 / dir = -1.000000 / l_pyr = 0.019697
Debug   : vH = 6429 / nTets = 6 / pp.size() = 6 / 0.825958 -0.044856 0.965946 -> 0.829327 -0.038979 0.959606 / dir = -1.000000 / l_pyr = 0.018556
Debug   : vH = 6427 / nTets = 4 / pp.size() = 4 / 0.750503 -0.011056 0.955830 -> 0.754196 -0.005125 0.950360 / dir = -1.000000 / l_pyr = 0.017748
Debug   : vH = 6425 / nTets = 4 / pp.size() = 4 / 0.688634 0.018234 0.945373 -> 0.692518 0.024239 0.940583 / dir = -1.000000 / l_pyr = 0.017215
Debug   : vH = 6422 / nTets = 4 / pp.size() = 4 / 0.639170 0.042424 0.935727 -> 0.643155 0.048510 0.931446 / dir = -1.000000 / l_pyr = 0.016881
Debug   : vH = 6417 / nTets = 10 / pp.size() = 10 / 0.600431 0.061670 0.927460 -> 0.604460 0.067835 0.923549 / dir = -1.000000 / l_pyr = 0.016678
Debug   : vH = 6413 / nTets = 4 / pp.size() = 4 / 1.769649 -0.276856 0.817005 -> 1.765885 -0.270377 0.807178 / dir = -1.000000 / l_pyr = 0.024715
Debug   : vH = 6410 / nTets = 8 / pp.size() = 8 / 1.731372 -0.275373 0.831853 -> 1.727816 -0.268968 0.821830 / dir = -1.000000 / l_pyr = 0.024832
Debug   : vH = 6407 / nTets = 4 / pp.size() = 4 / 1.681930 -0.272681 0.849893 -> 1.678671 -0.266368 0.839659 / dir = -1.000000 / l_pyr = 0.024917
Debug   : vH = 6405 / nTets = 10 / pp.size() = 10 / 1.619485 -0.267974 0.870852 -> 1.616659 -0.261814 0.860486 / dir = -1.000000 / l_pyr = 0.024770
Debug   : vH = 6402 / nTets = 6 / pp.size() = 6 / 1.542848 -0.260129 0.893786 -> 1.540604 -0.254164 0.883398 / dir = -1.000000 / l_pyr = 0.024375
Debug   : vH = 6399 / nTets = 4 / pp.size() = 4 / 1.452119 -0.247748 0.916957 -> 1.450610 -0.242012 0.906719 / dir = -1.000000 / l_pyr = 0.023663
Debug   : vH = 6397 / nTets = 6 / pp.size() = 6 / 1.349264 -0.229447 0.937959 -> 1.348614 -0.223950 0.928098 / dir = -1.000000 / l_pyr = 0.022617
Debug   : vH = 6395 / nTets = 4 / pp.size() = 4 / 1.238322 -0.204359 0.954237 -> 1.238591 -0.199073 0.944988 / dir = -1.000000 / l_pyr = 0.021313
Debug   : vH = 6393 / nTets = 4 / pp.size() = 4 / 1.124922 -0.172694 0.963886 -> 1.126086 -0.167560 0.955439 / dir = -1.000000 / l_pyr = 0.019907
Debug   : vH = 6391 / nTets = 4 / pp.size() = 4 / 1.015164 -0.136026 0.966332 -> 1.017121 -0.130970 0.958781 / dir = -1.000000 / l_pyr = 0.018591
Debug   : vH = 6389 / nTets = 4 / pp.size() = 4 / 0.914262 -0.097027 0.962485 -> 0.916860 -0.091981 0.955816 / dir = -1.000000 / l_pyr = 0.017514
Debug   : vH = 6387 / nTets = 4 / pp.size() = 4 / 0.825616 -0.058703 0.954276 -> 0.828691 -0.053619 0.948384 / dir = -1.000000 / l_pyr = 0.016734
Debug   : vH = 6385 / nTets = 4 / pp.size() = 4 / 0.750652 -0.023582 0.943894 -> 0.754056 -0.018430 0.938632 / dir = -1.000000 / l_pyr = 0.016226
Debug   : vH = 6383 / nTets = 4 / pp.size() = 4 / 0.689197 0.006761 0.933161 -> 0.692814 0.011999 0.928379 / dir = -1.000000 / l_pyr = 0.015923
Debug   : vH = 6381 / nTets = 4 / pp.size() = 4 / 0.640069 0.031761 0.923261 -> 0.643815 0.037089 0.918830 / dir = -1.000000 / l_pyr = 0.015755
Debug   : vH = 6377 / nTets = 4 / pp.size() = 4 / 0.601595 0.051613 0.914777 -> 0.605414 0.057029 0.910597 / dir = -1.000000 / l_pyr = 0.015668
Debug   : vH = 6372 / nTets = 6 / pp.size() = 6 / 1.766568 -0.296832 0.804909 -> 1.763091 -0.291010 0.796039 / dir = -1.000000 / l_pyr = 0.022331
Debug   : vH = 6369 / nTets = 4 / pp.size() = 4 / 1.728263 -0.295526 0.819967 -> 1.724996 -0.289811 0.810958 / dir = -1.000000 / l_pyr = 0.022317
Debug   : vH = 6367 / nTets = 4 / pp.size() = 4 / 1.678804 -0.292966 0.838273 -> 1.675837 -0.287396 0.829146 / dir = -1.000000 / l_pyr = 0.022193
Debug   : vH = 6364 / nTets = 4 / pp.size() = 4 / 1.616366 -0.288285 0.859554 -> 1.613810 -0.282896 0.850360 / dir = -1.000000 / l_pyr = 0.021918
Debug   : vH = 6362 / nTets = 8 / pp.size() = 8 / 1.539780 -0.280273 0.882858 -> 1.537765 -0.275100 0.873695 / dir = -1.000000 / l_pyr = 0.021428
Debug   : vH = 6360 / nTets = 4 / pp.size() = 4 / 1.449173 -0.267448 0.906418 -> 1.447827 -0.262510 0.897433 / dir = -1.000000 / l_pyr = 0.020680
Debug   : vH = 6358 / nTets = 4 / pp.size() = 4 / 1.346536 -0.248372 0.927781 -> 1.345959 -0.243665 0.919154 / dir = -1.000000 / l_pyr = 0.019689
Debug   : vH = 6355 / nTets = 6 / pp.size() = 6 / 1.235918 -0.222194 0.944336 -> 1.236156 -0.217680 0.936239 / dir = -1.000000 / l_pyr = 0.018548
Debug   : vH = 6352 / nTets = 6 / pp.size() = 6 / 1.122938 -0.189218 0.954133 -> 1.123966 -0.184837 0.946681 / dir = -1.000000 / l_pyr = 0.017410
Debug   : vH = 6350 / nTets = 4 / pp.size() = 4 / 1.013663 -0.151175 0.956579 -> 1.015397 -0.146858 0.949805 / dir = -1.000000 / l_pyr = 0.016435
Debug   : vH = 6348 / nTets = 4 / pp.size() = 4 / 0.913267 -0.110893 0.952606 -> 0.915584 -0.106582 0.946460 / dir = -1.000000 / l_pyr = 0.015712
Debug   : vH = 6346 / nTets = 4 / pp.size() = 4 / 0.825112 -0.071484 0.944186 -> 0.827880 -0.067139 0.938567 / dir = -1.000000 / l_pyr = 0.015247
Debug   : vH = 6343 / nTets = 6 / pp.size() = 6 / 0.750602 -0.035515 0.933561 -> 0.753698 -0.031110 0.928352 / dir = -1.000000 / l_pyr = 0.014983
Debug   : vH = 6340 / nTets = 6 / pp.size() = 6 / 0.689555 -0.004544 0.922590 -> 0.692876 -0.000064 0.917685 / dir = -1.000000 / l_pyr = 0.014853
Debug   : vH = 6338 / nTets = 4 / pp.size() = 4 / 0.640784 0.020907 0.912482 -> 0.644251 0.025464 0.907796 / dir = -1.000000 / l_pyr = 0.014800
Debug   : vH = 6335 / nTets = 4 / pp.size() = 4 / 0.602614 0.041079 0.903827 -> 0.606172 0.045711 0.899296 / dir = -1.000000 / l_pyr = 0.014785
Debug   : vH = 6332 / nTets = 4 / pp.size() = 4 / 1.763603 -0.314833 0.794158 -> 1.760430 -0.309657 0.786227 / dir = -1.000000 / l_pyr = 0.019978
Debug   : vH = 6329 / nTets = 6 / pp.size() = 6 / 1.725282 -0.313610 0.809468 -> 1.722319 -0.308563 0.801454 / dir = -1.000000 / l_pyr = 0.019847
Debug   : vH = 6327 / nTets = 4 / pp.size() = 4 / 1.675819 -0.311076 0.828082 -> 1.673146 -0.306191 0.820007 / dir = -1.000000 / l_pyr = 0.019618
Debug   : vH = 6324 / nTets = 4 / pp.size() = 4 / 1.613403 -0.306309 0.849723 -> 1.611118 -0.301620 0.841635 / dir = -1.000000 / l_pyr = 0.019248
Debug   : vH = 6322 / nTets = 4 / pp.size() = 4 / 1.536883 -0.298036 0.873421 -> 1.535094 -0.293568 0.865407 / dir = -1.000000 / l_pyr = 0.018696
Debug   : vH = 6320 / nTets = 6 / pp.size() = 6 / 1.446407 -0.284717 0.897375 -> 1.445219 -0.280480 0.889549 / dir = -1.000000 / l_pyr = 0.017956
Debug   : vH = 6317 / nTets = 6 / pp.size() = 6 / 1.343980 -0.264898 0.919084 -> 1.343470 -0.260875 0.911573 / dir = -1.000000 / l_pyr = 0.017071
Debug   : vH = 6315 / nTets = 4 / pp.size() = 4 / 1.233655 -0.237770 0.935890 -> 1.233856 -0.233919 0.928795 / dir = -1.000000 / l_pyr = 0.016149
Debug   : vH = 6313 / nTets = 4 / pp.size() = 4 / 1.121037 -0.203748 0.945806 -> 1.121927 -0.200014 0.939178 / dir = -1.000000 / l_pyr = 0.015320
Debug   : vH = 6310 / nTets = 6 / pp.size() = 6 / 1.012167 -0.164700 0.948245 -> 1.013680 -0.161033 0.942068 / dir = -1.000000 / l_pyr = 0.014682
Debug   : vH = 6307 / nTets = 6 / pp.size() = 6 / 0.912194 -0.123569 0.944166 -> 0.914229 -0.119929 0.938380 / dir = -1.000000 / l_pyr = 0.014264
Debug   : vH = 6305 / nTets = 4 / pp.size() = 4 / 0.824462 -0.083521 0.935590 -> 0.826912 -0.079881 0.930114 / dir = -1.000000 / l_pyr = 0.014034
Debug   : vH = 6302 / nTets = 4 / pp.size() = 4 / 0.750366 -0.047114 0.924803 -> 0.753125 -0.043453 0.919557 / dir = -1.000000 / l_pyr = 0.013933
Debug   : vH = 6300 / nTets = 4 / pp.size() = 4 / 0.689713 -0.015863 0.913689 -> 0.692692 -0.012166 0.908609 / dir = -1.000000 / l_pyr = 0.013906
Debug   : vH = 6297 / nTets = 6 / pp.size() = 6 / 0.641307 0.009760 0.903468 -> 0.644433 0.013499 0.898510 / dir = -1.000000 / l_pyr = 0.013906
Debug   : vH = 6293 / nTets = 6 / pp.size() = 6 / 0.603463 0.030039 0.894729 -> 0.606683 0.033823 0.889859 / dir = -1.000000 / l_pyr = 0.013915
Debug   : vH = 6287 / nTets = 6 / pp.size() = 6 / 1.760805 -0.330909 0.784705 -> 1.757958 -0.326373 0.777707 / dir = -1.000000 / l_pyr = 0.017626
Debug   : vH = 6285 / nTets = 4 / pp.size() = 4 / 1.722484 -0.329671 0.800285 -> 1.719846 -0.325270 0.793260 / dir = -1.000000 / l_pyr = 0.017397
Debug   : vH = 6283 / nTets = 4 / pp.size() = 4 / 1.673036 -0.327055 0.819220 -> 1.670678 -0.322820 0.812193 / dir = -1.000000 / l_pyr = 0.017074
Debug   : vH = 6281 / nTets = 4 / pp.size() = 4 / 1.610662 -0.322104 0.841225 -> 1.608664 -0.318059 0.834236 / dir = -1.000000 / l_pyr = 0.016637
Debug   : vH = 6279 / nTets = 4 / pp.size() = 4 / 1.534223 -0.313500 0.865309 -> 1.532671 -0.309662 0.858418 / dir = -1.000000 / l_pyr = 0.016078
Debug   : vH = 6277 / nTets = 4 / pp.size() = 4 / 1.443880 -0.299682 0.889633 -> 1.442855 -0.296048 0.882911 / dir = -1.000000 / l_pyr = 0.015420
Debug   : vH = 6275 / nTets = 4 / pp.size() = 4 / 1.341645 -0.279208 0.911654 -> 1.341203 -0.275759 0.905165 / dir = -1.000000 / l_pyr = 0.014724
Debug   : vH = 6273 / nTets = 4 / pp.size() = 4 / 1.231567 -0.251337 0.928677 -> 1.231731 -0.248040 0.922457 / dir = -1.000000 / l_pyr = 0.014083
Debug   : vH = 6271 / nTets = 4 / pp.size() = 4 / 1.119237 -0.216586 0.938704 -> 1.119990 -0.213409 0.932749 / dir = -1.000000 / l_pyr = 0.013581
Debug   : vH = 6269 / nTets = 4 / pp.size() = 4 / 1.010684 -0.176926 0.941160 -> 1.011974 -0.173842 0.935435 / dir = -1.000000 / l_pyr = 0.013258
Debug   : vH = 6267 / nTets = 4 / pp.size() = 4 / 0.911048 -0.135357 0.937047 -> 0.912797 -0.132348 0.931501 / dir = -1.000000 / l_pyr = 0.013096
Debug   : vH = 6265 / nTets = 4 / pp.size() = 4 / 0.823671 -0.095051 0.928424 -> 0.825792 -0.092094 0.923011 / dir = -1.000000 / l_pyr = 0.013045
Debug   : vH = 6263 / nTets = 4 / pp.size() = 4 / 0.749945 -0.058525 0.917601 -> 0.752348 -0.055600 0.912289 / dir = -1.000000 / l_pyr = 0.013045
Debug   : vH = 6260 / nTets = 6 / pp.size() = 6 / 0.689668 -0.027241 0.906472 -> 0.692271 -0.024329 0.901243 / dir = -1.000000 / l_pyr = 0.013054
Debug   : vH = 6258 / nTets = 4 / pp.size() = 4 / 0.641624 -0.001625 0.896254 -> 0.644368 0.001294 0.891081 / dir = -1.000000 / l_pyr = 0.013086
Debug   : vH = 6255 / nTets = 4 / pp.size() = 4 / 0.604112 0.018635 0.887529 -> 0.606951 0.021573 0.882396 / dir = -1.000000 / l_pyr = 0.013121
Debug   : vH = 6251 / nTets = 6 / pp.size() = 6 / 1.758211 -0.345120 0.776480 -> 1.755696 -0.341164 0.770358 / dir = -1.000000 / l_pyr = 0.015422
Debug   : vH = 6249 / nTets = 4 / pp.size() = 4 / 1.719912 -0.343757 0.792314 -> 1.717606 -0.339925 0.786224 / dir = -1.000000 / l_pyr = 0.015111
Debug   : vH = 6246 / nTets = 4 / pp.size() = 4 / 1.670504 -0.340953 0.811548 -> 1.668465 -0.337267 0.805511 / dir = -1.000000 / l_pyr = 0.014721
Debug   : vH = 6244 / nTets = 4 / pp.size() = 4 / 1.608193 -0.335727 0.833883 -> 1.606485 -0.332207 0.827927 / dir = -1.000000 / l_pyr = 0.014253
Debug   : vH = 6240 / nTets = 6 / pp.size() = 6 / 1.531848 -0.326752 0.858309 -> 1.530535 -0.323408 0.852459 / dir = -1.000000 / l_pyr = 0.013729
Debug   : vH = 6238 / nTets = 4 / pp.size() = 4 / 1.441633 -0.312475 0.882955 -> 1.440770 -0.309308 0.877233 / dir = -1.000000 / l_pyr = 0.013195
Debug   : vH = 6236 / nTets = 4 / pp.size() = 4 / 1.339558 -0.291495 0.905249 -> 1.339182 -0.288496 0.899657 / dir = -1.000000 / l_pyr = 0.012713
Debug   : vH = 6234 / nTets = 4 / pp.size() = 4 / 1.229666 -0.263139 0.922476 -> 1.229791 -0.260297 0.916997 / dir = -1.000000 / l_pyr = 0.012347
Debug   : vH = 6231 / nTets = 6 / pp.size() = 6 / 1.117541 -0.227999 0.932643 -> 1.118155 -0.225311 0.927243 / dir = -1.000000 / l_pyr = 0.012127
Debug   : vH = 6229 / nTets = 4 / pp.size() = 4 / 1.009212 -0.188099 0.935199 -> 1.010276 -0.185559 0.929844 / dir = -1.000000 / l_pyr = 0.012045
Debug   : vH = 6227 / nTets = 4 / pp.size() = 4 / 0.909829 -0.146446 0.931173 -> 0.911282 -0.144046 0.925843 / dir = -1.000000 / l_pyr = 0.012045
Debug   : vH = 6225 / nTets = 4 / pp.size() = 4 / 0.822744 -0.106173 0.922643 -> 0.824509 -0.103898 0.917345 / dir = -1.000000 / l_pyr = 0.012059
Debug   : vH = 6223 / nTets = 4 / pp.size() = 4 / 0.749346 -0.069746 0.911925 -> 0.751357 -0.067558 0.906641 / dir = -1.000000 / l_pyr = 0.012124
Debug   : vH = 6220 / nTets = 4 / pp.size() = 4 / 0.689419 -0.038578 0.900907 -> 0.691613 -0.036442 0.895629 / dir = -1.000000 / l_pyr = 0.012202
Debug   : vH = 6217 / nTets = 6 / pp.size() = 6 / 0.641724 -0.013066 0.890796 -> 0.644049 -0.010955 0.885524 / dir = -1.000000 / l_pyr = 0.012273
Debug   : vH = 6213 / nTets = 6 / pp.size() = 6 / 0.604535 0.007114 0.882167 -> 0.606951 0.009218 0.876901 / dir = -1.000000 / l_pyr = 0.012328
Debug   : vH = 6207 / nTets = 6 / pp.size() = 6 / 1.755838 -0.357617 0.769363 -> 1.753635 -0.354176 0.764010 / dir = -1.000000 / l_pyr = 0.013469
Debug   : vH = 6205 / nTets = 4 / pp.size() = 4 / 1.717584 -0.356033 0.785399 -> 1.715585 -0.352685 0.780123 / dir = -1.000000 / l_pyr = 0.013121
Debug   : vH = 6203 / nTets = 4 / pp.size() = 4 / 1.668238 -0.352949 0.804868 -> 1.666491 -0.349711 0.799685 / dir = -1.000000 / l_pyr = 0.012713
Debug   : vH = 6201 / nTets = 4 / pp.size() = 4 / 1.606009 -0.347385 0.827465 -> 1.604561 -0.344275 0.822385 / dir = -1.000000 / l_pyr = 0.012261
Debug   : vH = 6199 / nTets = 4 / pp.size() = 4 / 1.529765 -0.338030 0.852165 -> 1.528661 -0.335062 0.847186 / dir = -1.000000 / l_pyr = 0.011802
Debug   : vH = 6196 / nTets = 6 / pp.size() = 6 / 1.439666 -0.323365 0.877083 -> 1.438941 -0.320554 0.872186 / dir = -1.000000 / l_pyr = 0.011386
Debug   : vH = 6194 / nTets = 4 / pp.size() = 4 / 1.337714 -0.302042 0.899634 -> 1.337389 -0.299403 0.894782 / dir = -1.000000 / l_pyr = 0.011065
Debug   : vH = 6191 / nTets = 6 / pp.size() = 6 / 1.227946 -0.273445 0.917100 -> 1.228025 -0.270998 0.912243 / dir = -1.000000 / l_pyr = 0.010878
Debug   : vH = 6189 / nTets = 4 / pp.size() = 4 / 1.115946 -0.238208 0.927496 -> 1.116418 -0.235972 0.922588 / dir = -1.000000 / l_pyr = 0.010829
Debug   : vH = 6187 / nTets = 4 / pp.size() = 4 / 1.007760 -0.198358 0.930281 -> 1.008591 -0.196349 0.925322 / dir = -1.000000 / l_pyr = 0.010829
Debug   : vH = 6184 / nTets = 6 / pp.size() = 6 / 0.908557 -0.156868 0.926490 -> 0.909699 -0.155070 0.921477 / dir = -1.000000 / l_pyr = 0.010893
Debug   : vH = 6182 / nTets = 4 / pp.size() = 4 / 0.821706 -0.116817 0.918199 -> 0.823110 -0.115189 0.913125 / dir = -1.000000 / l_pyr = 0.011021
Debug   : vH = 6180 / nTets = 8 / pp.size() = 8 / 0.748594 -0.080616 0.907711 -> 0.750210 -0.079111 0.902582 / dir = -1.000000 / l_pyr = 0.011168
Debug   : vH = 6177 / nTets = 6 / pp.size() = 6 / 0.688985 -0.049645 0.896902 -> 0.690763 -0.048220 0.891731 / dir = -1.000000 / l_pyr = 0.011303
Debug   : vH = 6175 / nTets = 4 / pp.size() = 4 / 0.641614 -0.024285 0.886971 -> 0.643511 -0.022908 0.881771 / dir = -1.000000 / l_pyr = 0.011409
Debug   : vH = 6170 / nTets = 4 / pp.size() = 4 / 0.604729 -0.004211 0.878492 -> 0.606712 -0.002859 0.873274 / dir = -1.000000 / l_pyr = 0.011487
Debug   : vH = 6166 / nTets = 4 / pp.size() = 4 / 1.753670 -0.368674 0.763270 -> 1.751718 -0.365715 0.758509 / dir = -1.000000 / l_pyr = 0.011872
Debug   : vH = 6163 / nTets = 4 / pp.size() = 4 / 1.715478 -0.366811 0.779429 -> 1.713716 -0.363906 0.774766 / dir = -1.000000 / l_pyr = 0.011539
Debug   : vH = 6161 / nTets = 6 / pp.size() = 6 / 1.666209 -0.363399 0.799048 -> 1.664678 -0.360565 0.794493 / dir = -1.000000 / l_pyr = 0.011158
Debug   : vH = 6158 / nTets = 6 / pp.size() = 6 / 1.604071 -0.357474 0.821823 -> 1.602810 -0.354730 0.817376 / dir = -1.000000 / l_pyr = 0.010751
Debug   : vH = 6156 / nTets = 4 / pp.size() = 4 / 1.527929 -0.347755 0.846727 -> 1.526967 -0.345126 0.842372 / dir = -1.000000 / l_pyr = 0.010354
Debug   : vH = 6154 / nTets = 4 / pp.size() = 4 / 1.437931 -0.332770 0.871879 -> 1.437292 -0.330290 0.867579 / dir = -1.000000 / l_pyr = 0.010011
Debug   : vH = 6151 / nTets = 6 / pp.size() = 6 / 1.336072 -0.311227 0.894695 -> 1.335763 -0.308932 0.890394 / dir = -1.000000 / l_pyr = 0.009769
Debug   : vH = 6148 / nTets = 4 / pp.size() = 4 / 1.226380 -0.282553 0.912462 -> 1.226400 -0.280484 0.908100 / dir = -1.000000 / l_pyr = 0.009657
Debug   : vH = 6146 / nTets = 6 / pp.size() = 6 / 1.114450 -0.247398 0.923193 -> 1.114784 -0.245587 0.918729 / dir = -1.000000 / l_pyr = 0.009657
Debug   : vH = 6144 / nTets = 4 / pp.size() = 4 / 1.006347 -0.207762 0.926337 -> 1.006964 -0.206229 0.921789 / dir = -1.000000 / l_pyr = 0.009679
Debug   : vH = 6142 / nTets = 4 / pp.size() = 4 / 0.907270 -0.166567 0.922912 -> 0.908137 -0.165281 0.918261 / dir = -1.000000 / l_pyr = 0.009805
Debug   : vH = 6139 / nTets = 6 / pp.size() = 6 / 0.820604 -0.126831 0.914972 -> 0.821684 -0.125745 0.910218 / dir = -1.000000 / l_pyr = 0.009989
Debug   : vH = 6137 / nTets = 4 / pp.size() = 4 / 0.747734 -0.090920 0.904799 -> 0.748991 -0.089982 0.899954 / dir = -1.000000 / l_pyr = 0.010186
Debug   : vH = 6135 / nTets = 4 / pp.size() = 4 / 0.688406 -0.060183 0.894260 -> 0.689801 -0.059347 0.889341 / dir = -1.000000 / l_pyr = 0.010361
Debug   : vH = 6133 / nTets = 4 / pp.size() = 4 / 0.641325 -0.034997 0.884549 -> 0.642825 -0.034228 0.879575 / dir = -1.000000 / l_pyr = 0.010503
Debug   : vH = 6130 / nTets = 6 / pp.size() = 6 / 0.604717 -0.015044 0.876243 -> 0.606294 -0.014315 0.871231 / dir = -1.000000 / l_pyr = 0.010608
Debug   : vH = 6124 / nTets = 6 / pp.size() = 6 / 1.751660 -0.378632 0.758215 -> 1.749888 -0.376180 0.753882 / dir = -1.000000 / l_pyr = 0.010568
Debug   : vH = 6121 / nTets = 6 / pp.size() = 6 / 1.713534 -0.376482 0.774422 -> 1.711932 -0.374054 0.770183 / dir = -1.000000 / l_pyr = 0.010280
Debug   : vH = 6119 / nTets = 4 / pp.size() = 4 / 1.664345 -0.372741 0.794109 -> 1.662950 -0.370351 0.789974 / dir = -1.000000 / l_pyr = 0.009952
Debug   : vH = 6117 / nTets = 4 / pp.size() = 4 / 1.602300 -0.366465 0.816981 -> 1.601144 -0.364133 0.812947 / dir = -1.000000 / l_pyr = 0.009601
Debug   : vH = 6113 / nTets = 6 / pp.size() = 6 / 1.526255 -0.356408 0.842025 -> 1.525364 -0.354165 0.838076 / dir = -1.000000 / l_pyr = 0.009256
Debug   : vH = 6111 / nTets = 4 / pp.size() = 4 / 1.436350 -0.341148 0.867373 -> 1.435740 -0.339036 0.863472 / dir = -1.000000 / l_pyr = 0.008955
Debug   : vH = 6109 / nTets = 4 / pp.size() = 4 / 1.334565 -0.319442 0.890455 -> 1.334239 -0.317512 0.886549 / dir = -1.000000 / l_pyr = 0.008738
Debug   : vH = 6107 / nTets = 4 / pp.size() = 4 / 1.224928 -0.290753 0.908559 -> 1.224878 -0.289055 0.904590 / dir = -1.000000 / l_pyr = 0.008635
Debug   : vH = 6105 / nTets = 4 / pp.size() = 4 / 1.113038 -0.255734 0.919690 -> 1.113247 -0.254309 0.915619 / dir = -1.000000 / l_pyr = 0.008635
Debug   : vH = 6102 / nTets = 6 / pp.size() = 6 / 1.004986 -0.216357 0.923272 -> 1.005424 -0.215223 0.919116 / dir = -1.000000 / l_pyr = 0.008659
Debug   : vH = 6100 / nTets = 4 / pp.size() = 4 / 0.905998 -0.175488 0.920288 -> 0.906635 -0.174616 0.916027 / dir = -1.000000 / l_pyr = 0.008792
Debug   : vH = 6098 / nTets = 4 / pp.size() = 4 / 0.819478 -0.136091 0.912762 -> 0.820285 -0.135434 0.908387 / dir = -1.000000 / l_pyr = 0.008993
Debug   : vH = 6096 / nTets = 4 / pp.size() = 4 / 0.746809 -0.100485 0.902951 -> 0.747759 -0.099991 0.898470 / dir = -1.000000 / l_pyr = 0.009216
Debug   : vH = 6094 / nTets = 4 / pp.size() = 4 / 0.687720 -0.070000 0.892713 -> 0.688785 -0.069623 0.888138 / dir = -1.000000 / l_pyr = 0.009424
Debug   : vH = 6090 / nTets = 6 / pp.size() = 6 / 0.640893 -0.045004 0.883243 -> 0.642047 -0.044709 0.878593 / dir = -1.000000 / l_pyr = 0.009601
Debug   : vH = 6087 / nTets = 4 / pp.size() = 4 / 0.604529 -0.025188 0.875123 -> 0.605750 -0.024946 0.870416 / dir = -1.000000 / l_pyr = 0.009739
Debug   : vH = 6083 / nTets = 4 / pp.size() = 4 / 1.749772 -0.387737 0.754274 -> 1.748137 -0.385828 0.750287 / dir = -1.000000 / l_pyr = 0.009426
Debug   : vH = 6080 / nTets = 4 / pp.size() = 4 / 1.711707 -0.385329 0.770472 -> 1.710220 -0.383424 0.766564 / dir = -1.000000 / l_pyr = 0.009191
Debug   : vH = 6077 / nTets = 6 / pp.size() = 6 / 1.662593 -0.381293 0.790163 -> 1.661285 -0.379400 0.786343 / dir = -1.000000 / l_pyr = 0.008921
Debug   : vH = 6075 / nTets = 4 / pp.size() = 4 / 1.600634 -0.374701 0.813066 -> 1.599535 -0.372838 0.809333 / dir = -1.000000 / l_pyr = 0.008629
Debug   : vH = 6073 / nTets = 4 / pp.size() = 4 / 1.524680 -0.364339 0.838186 -> 1.523815 -0.362536 0.834528 / dir = -1.000000 / l_pyr = 0.008337
Debug   : vH = 6071 / nTets = 4 / pp.size() = 4 / 1.434860 -0.348827 0.863676 -> 1.434245 -0.347126 0.860066 / dir = -1.000000 / l_pyr = 0.008076
Debug   : vH = 6069 / nTets = 4 / pp.size() = 4 / 1.333144 -0.326967 0.886984 -> 1.332781 -0.325420 0.883379 / dir = -1.000000 / l_pyr = 0.007879
Debug   : vH = 6067 / nTets = 4 / pp.size() = 4 / 1.223555 -0.298255 0.905408 -> 1.223434 -0.296917 0.901759 / dir = -1.000000 / l_pyr = 0.007777
Debug   : vH = 6065 / nTets = 4 / pp.size() = 4 / 1.111699 -0.263351 0.916937 -> 1.111800 -0.262263 0.913205 / dir = -1.000000 / l_pyr = 0.007777
Debug   : vH = 6063 / nTets = 4 / pp.size() = 4 / 1.003685 -0.224201 0.920967 -> 1.003980 -0.223387 0.917171 / dir = -1.000000 / l_pyr = 0.007789
Debug   : vH = 6060 / nTets = 6 / pp.size() = 6 / 0.904766 -0.183630 0.918441 -> 0.905225 -0.183067 0.914556 / dir = -1.000000 / l_pyr = 0.007905
Debug   : vH = 6058 / nTets = 4 / pp.size() = 4 / 0.818362 -0.144549 0.911345 -> 0.818958 -0.144198 0.907356 / dir = -1.000000 / l_pyr = 0.008096
Debug   : vH = 6056 / nTets = 4 / pp.size() = 4 / 0.745859 -0.109239 0.901911 -> 0.746570 -0.109056 0.897817 / dir = -1.000000 / l_pyr = 0.008318
Debug   : vH = 6054 / nTets = 4 / pp.size() = 4 / 0.686971 -0.079005 0.891986 -> 0.687776 -0.078947 0.887794 / dir = -1.000000 / l_pyr = 0.008537
Debug   : vH = 6052 / nTets = 4 / pp.size() = 4 / 0.640360 -0.054209 0.882764 -> 0.641238 -0.054241 0.878489 / dir = -1.000000 / l_pyr = 0.008730
Debug   : vH = 6048 / nTets = 6 / pp.size() = 6 / 0.604207 -0.034541 0.874837 -> 0.605141 -0.034638 0.870494 / dir = -1.000000 / l_pyr = 0.008887
Debug   : vH = 6045 / nTets = 4 / pp.size() = 4 / 1.747990 -0.396106 0.751445 -> 1.746472 -0.394701 0.747765 / dir = -1.000000 / l_pyr = 0.008443
Debug   : vH = 6043 / nTets = 4 / pp.size() = 4 / 1.709977 -0.393489 0.767596 -> 1.708583 -0.392072 0.763973 / dir = -1.000000 / l_pyr = 0.008265
Debug   : vH = 6040 / nTets = 4 / pp.size() = 4 / 1.660927 -0.389210 0.787246 -> 1.659685 -0.387787 0.783687 / dir = -1.000000 / l_pyr = 0.008058
Debug   : vH = 6038 / nTets = 4 / pp.size() = 4 / 1.599043 -0.382355 0.810124 -> 1.597981 -0.380938 0.806631 / dir = -1.000000 / l_pyr = 0.007832
Debug   : vH = 6036 / nTets = 4 / pp.size() = 4 / 1.523168 -0.371732 0.835258 -> 1.522312 -0.370347 0.831822 / dir = -1.000000 / l_pyr = 0.007605
Debug   : vH = 6032 / nTets = 6 / pp.size() = 6 / 1.433425 -0.355996 0.860824 -> 1.432791 -0.354679 0.857427 / dir = -1.000000 / l_pyr = 0.007396
Debug   : vH = 6029 / nTets = 8 / pp.size() = 8 / 1.331774 -0.333986 0.884293 -> 1.331368 -0.332787 0.880904 / dir = -1.000000 / l_pyr = 0.007235
Debug   : vH = 6026 / nTets = 8 / pp.size() = 8 / 1.222232 -0.305229 0.902973 -> 1.222046 -0.304200 0.899556 / dir = -1.000000 / l_pyr = 0.007148
Debug   : vH = 6023 / nTets = 6 / pp.size() = 6 / 1.110410 -0.270396 0.914848 -> 1.110426 -0.269581 0.911368 / dir = -1.000000 / l_pyr = 0.007148
Debug   : vH = 6020 / nTets = 4 / pp.size() = 4 / 1.002433 -0.231419 0.919285 -> 1.002622 -0.230846 0.915760 / dir = -1.000000 / l_pyr = 0.007151
Debug   : vH = 6017 / nTets = 8 / pp.size() = 8 / 0.903573 -0.191088 0.917187 -> 0.903904 -0.190746 0.913596 / dir = -1.000000 / l_pyr = 0.007245
Debug   : vH = 6013 / nTets = 8 / pp.size() = 8 / 0.817266 -0.152278 0.910502 -> 0.817712 -0.152138 0.906827 / dir = -1.000000 / l_pyr = 0.007409
Debug   : vH = 6010 / nTets = 6 / pp.size() = 6 / 0.744902 -0.117233 0.901436 -> 0.745442 -0.117256 0.897670 / dir = -1.000000 / l_pyr = 0.007610
Debug   : vH = 6008 / nTets = 4 / pp.size() = 4 / 0.686184 -0.087232 0.891821 -> 0.686799 -0.087383 0.887965 / dir = -1.000000 / l_pyr = 0.007815
Debug   : vH = 6006 / nTets = 4 / pp.size() = 4 / 0.639757 -0.062627 0.882849 -> 0.640431 -0.062875 0.878913 / dir = -1.000000 / l_pyr = 0.008002
Debug   : vH = 6003 / nTets = 4 / pp.size() = 4 / 0.603785 -0.043107 0.875117 -> 0.604502 -0.043427 0.871114 / dir = -1.000000 / l_pyr = 0.008160
Debug   : vH = 499 / nTets = 4 / pp.size() = 4 / 1.746317 -0.403790 0.749631 -> 1.744905 -0.402842 0.746234 / dir = -1.000000 / l_pyr = 0.007598
Debug   : vH = 491 / nTets = 4 / pp.size() = 4 / 1.708344 -0.401022 0.765710 -> 1.707032 -0.400050 0.762348 / dir = -1.000000 / l_pyr = 0.007476
Debug   : vH = 485 / nTets = 6 / pp.size() = 6 / 1.659342 -0.396566 0.785284 -> 1.658154 -0.395572 0.781956 / dir = -1.000000 / l_pyr = 0.007343
Debug   : vH = 479 / nTets = 4 / pp.size() = 4 / 1.597513 -0.389516 0.808096 -> 1.596476 -0.388508 0.804800 / dir = -1.000000 / l_pyr = 0.007198
Debug   : vH = 469 / nTets = 6 / pp.size() = 6 / 1.521702 -0.378698 0.833188 -> 1.520842 -0.377694 0.829920 / dir = -1.000000 / l_pyr = 0.007050
Debug   : vH = 463 / nTets = 4 / pp.size() = 4 / 1.432024 -0.362789 0.858764 -> 1.431360 -0.361821 0.855509 / dir = -1.000000 / l_pyr = 0.006921
Debug   : vH = 457 / nTets = 4 / pp.size() = 4 / 1.330429 -0.340658 0.882319 -> 1.329973 -0.339769 0.879059 / dir = -1.000000 / l_pyr = 0.006818
Debug   : vH = 451 / nTets = 4 / pp.size() = 4 / 1.220927 -0.311851 0.901179 -> 1.220677 -0.311094 0.897895 / dir = -1.000000 / l_pyr = 0.006759
Debug   : vH = 445 / nTets = 4 / pp.size() = 4 / 1.109139 -0.277055 0.913325 -> 1.109079 -0.276473 0.909996 / dir = -1.000000 / l_pyr = 0.006759
Debug   : vH = 438 / nTets = 4 / pp.size() = 4 / 1.001201 -0.238198 0.918103 -> 1.001303 -0.237823 0.914746 / dir = -1.000000 / l_pyr = 0.006760
Debug   : vH = 432 / nTets = 8 / pp.size() = 8 / 0.902397 -0.198049 0.916384 -> 0.902631 -0.197879 0.912979 / dir = -1.000000 / l_pyr = 0.006833
Debug   : vH = 426 / nTets = 4 / pp.size() = 4 / 0.816180 -0.159450 0.910077 -> 0.816515 -0.159466 0.906615 / dir = -1.000000 / l_pyr = 0.006955
Debug   : vH = 420 / nTets = 4 / pp.size() = 4 / 0.743938 -0.124618 0.901358 -> 0.744352 -0.124792 0.897832 / dir = -1.000000 / l_pyr = 0.007110
Debug   : vH = 414 / nTets = 4 / pp.size() = 4 / 0.685368 -0.094811 0.892042 -> 0.685842 -0.095112 0.888447 / dir = -1.000000 / l_pyr = 0.007276
Debug   : vH = 407 / nTets = 6 / pp.size() = 6 / 0.639102 -0.070371 0.883316 -> 0.639621 -0.070770 0.879660 / dir = -1.000000 / l_pyr = 0.007429
Debug   : vH = 398 / nTets = 6 / pp.size() = 6 / 0.603289 -0.050983 0.875779 -> 0.603840 -0.051457 0.872067 / dir = -1.000000 / l_pyr = 0.007565
Debug   : vH = 735 / nTets = 4 / pp.size() = 4 / 1.742142 0.393505 1.307719 -> 1.742428 0.399066 1.309380 / dir = -1.000000 / l_pyr = 0.011622
Debug   : vH = 727 / nTets = 4 / pp.size() = 4 / 1.701746 0.391665 1.320439 -> 1.702007 0.397111 1.322084 / dir = -1.000000 / l_pyr = 0.011390
Debug   : vH = 720 / nTets = 4 / pp.size() = 4 / 1.649522 0.389381 1.335623 -> 1.649752 0.394686 1.337251 / dir = -1.000000 / l_pyr = 0.011107
Debug   : vH = 713 / nTets = 4 / pp.size() = 4 / 1.583502 0.386644 1.352812 -> 1.583693 0.391784 1.354425 / dir = -1.000000 / l_pyr = 0.010781
Debug   : vH = 707 / nTets = 4 / pp.size() = 4 / 1.502378 0.383498 1.370921 -> 1.502523 0.388452 1.372522 / dir = -1.000000 / l_pyr = 0.010418
Debug   : vH = 700 / nTets = 6 / pp.size() = 6 / 1.406151 0.380057 1.388189 -> 1.406243 0.384811 1.389788 / dir = -1.000000 / l_pyr = 0.010034
Debug   : vH = 692 / nTets = 4 / pp.size() = 4 / 1.296721 0.376491 1.402409 -> 1.296752 0.381059 1.404023 / dir = -1.000000 / l_pyr = 0.009690
Debug   : vH = 684 / nTets = 4 / pp.size() = 4 / 1.178130 0.372981 1.411503 -> 1.178091 0.377385 1.413149 / dir = -1.000000 / l_pyr = 0.009403
Debug   : vH = 676 / nTets = 6 / pp.size() = 6 / 1.056156 0.369655 1.414245 -> 1.056038 0.373926 1.415938 / dir = -1.000000 / l_pyr = 0.009194
Debug   : vH = 670 / nTets = 4 / pp.size() = 4 / 0.937240 0.366544 1.410720 -> 0.937037 0.370724 1.412474 / dir = -1.000000 / l_pyr = 0.009075
Debug   : vH = 663 / nTets = 4 / pp.size() = 4 / 0.827167 0.363595 1.402264 -> 0.826873 0.367717 1.404081 / dir = -1.000000 / l_pyr = 0.009029
Debug   : vH = 656 / nTets = 4 / pp.size() = 4 / 0.730007 0.360723 1.390892 -> 0.729624 0.364811 1.392767 / dir = -1.000000 / l_pyr = 0.009028
Debug   : vH = 650 / nTets = 4 / pp.size() = 4 / 0.647743 0.357883 1.378598 -> 0.647274 0.361941 1.380517 / dir = -1.000000 / l_pyr = 0.009028
Debug   : vH = 644 / nTets = 4 / pp.size() = 4 / 0.580494 0.355099 1.366878 -> 0.579948 0.359143 1.368832 / dir = -1.000000 / l_pyr = 0.009048
Debug   : vH = 635 / nTets = 6 / pp.size() = 6 / 0.527069 0.352455 1.356591 -> 0.526453 0.356488 1.358569 / dir = -1.000000 / l_pyr = 0.009068
Debug   : vH = 627 / nTets = 6 / pp.size() = 6 / 0.485582 0.350049 1.348058 -> 0.484906 0.354079 1.350055 / dir = -1.000000 / l_pyr = 0.009097
Debug   : vH = 7798 / nTets = 6 / pp.size() = 6 / 1.741738 0.395514 1.296223 -> 1.741587 0.401371 1.296563 / dir = -1.000000 / l_pyr = 0.011738
Debug   : vH = 7796 / nTets = 8 / pp.size() = 8 / 1.701332 0.393691 1.309137 -> 1.701200 0.399446 1.309516 / dir = -1.000000 / l_pyr = 0.011537
Debug   : vH = 7795 / nTets = 6 / pp.size() = 6 / 1.649087 0.391433 1.324567 -> 1.648976 0.397061 1.324996 / dir = -1.000000 / l_pyr = 0.011290
Debug   : vH = 7794 / nTets = 4 / pp.size() = 4 / 1.583033 0.388734 1.342051 -> 1.582944 0.394210 1.342543 / dir = -1.000000 / l_pyr = 0.010999
Debug   : vH = 7793 / nTets = 4 / pp.size() = 4 / 1.501850 0.385642 1.360498 -> 1.501780 0.390949 1.361069 / dir = -1.000000 / l_pyr = 0.010676
Debug   : vH = 7792 / nTets = 6 / pp.size() = 6 / 1.405534 0.382276 1.378139 -> 1.405476 0.387403 1.378803 / dir = -1.000000 / l_pyr = 0.010342
Debug   : vH = 7791 / nTets = 4 / pp.size() = 4 / 1.295979 0.378807 1.392738 -> 1.295919 0.383760 1.393506 / dir = -1.000000 / l_pyr = 0.010026
Debug   : vH = 7790 / nTets = 4 / pp.size() = 4 / 1.177225 0.375415 1.402184 -> 1.177147 0.380213 1.403063 / dir = -1.000000 / l_pyr = 0.009756
Debug   : vH = 7789 / nTets = 6 / pp.size() = 6 / 1.055061 0.372219 1.405229 -> 1.054946 0.376889 1.406220 / dir = -1.000000 / l_pyr = 0.009552
Debug   : vH = 7788 / nTets = 8 / pp.size() = 8 / 0.935935 0.369238 1.401944 -> 0.935767 0.373813 1.403038 / dir = -1.000000 / l_pyr = 0.009414
Debug   : vH = 7787 / nTets = 6 / pp.size() = 6 / 0.825646 0.366406 1.393658 -> 0.825413 0.370913 1.394842 / dir = -1.000000 / l_pyr = 0.009332
Debug   : vH = 7786 / nTets = 4 / pp.size() = 4 / 0.728278 0.363625 1.382402 -> 0.727974 0.368083 1.383657 / dir = -1.000000 / l_pyr = 0.009284
Debug   : vH = 7785 / nTets = 6 / pp.size() = 6 / 0.645818 0.360843 1.370183 -> 0.645442 0.365267 1.371492 / dir = -1.000000 / l_pyr = 0.009258
Debug   : vH = 7784 / nTets = 4 / pp.size() = 4 / 0.578401 0.358089 1.358514 -> 0.577955 0.362487 1.359860 / dir = -1.000000 / l_pyr = 0.009242
Debug   : vH = 7783 / nTets = 4 / pp.size() = 4 / 0.524832 0.355452 1.348260 -> 0.524322 0.359829 1.349631 / dir = -1.000000 / l_pyr = 0.009231
Debug   : vH = 7781 / nTets = 4 / pp.size() = 4 / 0.483227 0.353037 1.339747 -> 0.482661 0.357398 1.341134 / dir = -1.000000 / l_pyr = 0.009221
Debug   : vH = 7776 / nTets = 8 / pp.size() = 8 / 1.741907 0.394997 1.284453 -> 1.741390 0.400816 1.283631 / dir = -1.000000 / l_pyr = 0.011799
Debug   : vH = 7773 / nTets = 6 / pp.size() = 6 / 1.701480 0.393289 1.297529 -> 1.701023 0.399033 1.296801 / dir = -1.000000 / l_pyr = 0.011616
Debug   : vH = 7771 / nTets = 6 / pp.size() = 6 / 1.649201 0.391178 1.313164 -> 1.648813 0.396828 1.312553 / dir = -1.000000 / l_pyr = 0.011391
Debug   : vH = 7769 / nTets = 6 / pp.size() = 6 / 1.583093 0.388662 1.330897 -> 1.582780 0.394196 1.330429 / dir = -1.000000 / l_pyr = 0.011126
Debug   : vH = 7767 / nTets = 4 / pp.size() = 4 / 1.501832 0.385791 1.349633 -> 1.501594 0.391193 1.349331 / dir = -1.000000 / l_pyr = 0.010830
Debug   : vH = 7764 / nTets = 6 / pp.size() = 6 / 1.405406 0.382682 1.367592 -> 1.405234 0.387939 1.367474 / dir = -1.000000 / l_pyr = 0.010522
Debug   : vH = 7762 / nTets = 4 / pp.size() = 4 / 1.295707 0.379496 1.382516 -> 1.295583 0.384608 1.382590 / dir = -1.000000 / l_pyr = 0.010228
Debug   : vH = 7759 / nTets = 6 / pp.size() = 6 / 1.176779 0.376396 1.392274 -> 1.176679 0.381374 1.392534 / dir = -1.000000 / l_pyr = 0.009971
Debug   : vH = 7757 / nTets = 6 / pp.size() = 6 / 1.054420 0.373484 1.395594 -> 1.054315 0.378347 1.396027 / dir = -1.000000 / l_pyr = 0.009768
Debug   : vH = 7755 / nTets = 4 / pp.size() = 4 / 0.935088 0.370757 1.392535 -> 0.934955 0.375529 1.393117 / dir = -1.000000 / l_pyr = 0.009618
Debug   : vH = 7753 / nTets = 4 / pp.size() = 4 / 0.824595 0.368134 1.384425 -> 0.824416 0.372836 1.385127 / dir = -1.000000 / l_pyr = 0.009515
Debug   : vH = 7751 / nTets = 4 / pp.size() = 4 / 0.727039 0.365511 1.373300 -> 0.726802 0.370158 1.374093 / dir = -1.000000 / l_pyr = 0.009440
Debug   : vH = 7749 / nTets = 4 / pp.size() = 4 / 0.644416 0.362837 1.361180 -> 0.644115 0.367442 1.362038 / dir = -1.000000 / l_pyr = 0.009386
Debug   : vH = 7747 / nTets = 6 / pp.size() = 6 / 0.576862 0.360149 1.349583 -> 0.576496 0.364718 1.350486 / dir = -1.000000 / l_pyr = 0.009344
Debug   : vH = 7745 / nTets = 4 / pp.size() = 4 / 0.523182 0.357546 1.339382 -> 0.522756 0.362087 1.340315 / dir = -1.000000 / l_pyr = 0.009312
Debug   : vH = 7742 / nTets = 6 / pp.size() = 6 / 0.481492 0.355144 1.330911 -> 0.481011 0.359662 1.331863 / dir = -1.000000 / l_pyr = 0.009283
Debug   : vH = 7735 / nTets = 8 / pp.size() = 8 / 1.742540 0.392440 1.272905 -> 1.741763 0.398046 1.271199 / dir = -1.000000 / l_pyr = 0.011821
Debug   : vH = 7733 / nTets = 4 / pp.size() = 4 / 1.702083 0.390929 1.286099 -> 1.701395 0.396492 1.284528 / dir = -1.000000 / l_pyr = 0.011643
Debug   : vH = 7731 / nTets = 4 / pp.size() = 4 / 1.649757 0.389067 1.301885 -> 1.649173 0.394573 1.300482 / dir = -1.000000 / l_pyr = 0.011424
Debug   : vH = 7729 / nTets = 4 / pp.size() = 4 / 1.583581 0.386856 1.319804 -> 1.583111 0.392288 1.318601 / dir = -1.000000 / l_pyr = 0.011168
Debug   : vH = 7726 / nTets = 4 / pp.size() = 4 / 1.502226 0.384344 1.338759 -> 1.501873 0.389687 1.337788 / dir = -1.000000 / l_pyr = 0.010883
Debug   : vH = 7724 / nTets = 4 / pp.size() = 4 / 1.405674 0.381641 1.356962 -> 1.405427 0.386881 1.356243 / dir = -1.000000 / l_pyr = 0.010589
Debug   : vH = 7722 / nTets = 4 / pp.size() = 4 / 1.295817 0.378889 1.372142 -> 1.295654 0.384019 1.371681 / dir = -1.000000 / l_pyr = 0.010307
Debug   : vH = 7720 / nTets = 4 / pp.size() = 4 / 1.176705 0.376224 1.382150 -> 1.176596 0.381248 1.381935 / dir = -1.000000 / l_pyr = 0.010060
Debug   : vH = 7717 / nTets = 4 / pp.size() = 4 / 1.054144 0.373719 1.385700 -> 1.054056 0.378649 1.385704 / dir = -1.000000 / l_pyr = 0.009861
Debug   : vH = 7715 / nTets = 4 / pp.size() = 4 / 0.934609 0.371349 1.382838 -> 0.934510 0.376199 1.383026 / dir = -1.000000 / l_pyr = 0.009709
Debug   : vH = 7713 / nTets = 6 / pp.size() = 6 / 0.823922 0.369014 1.374890 -> 0.823790 0.373799 1.375223 / dir = -1.000000 / l_pyr = 0.009596
Debug   : vH = 7711 / nTets = 4 / pp.size() = 4 / 0.726196 0.366607 1.363895 -> 0.726014 0.371338 1.364337 / dir = -1.000000 / l_pyr = 0.009510
Debug   : vH = 7709 / nTets = 4 / pp.size() = 4 / 0.643431 0.364085 1.351879 -> 0.643191 0.368772 1.352398 / dir = -1.000000 / l_pyr = 0.009442
Debug   : vH = 7707 / nTets = 4 / pp.size() = 4 / 0.575762 0.361496 1.340363 -> 0.575461 0.366145 1.340936 / dir = -1.000000 / l_pyr = 0.009388
Debug   : vH = 7705 / nTets = 4 / pp.size() = 4 / 0.521995 0.358953 1.330226 -> 0.521635 0.363571 1.330835 / dir = -1.000000 / l_pyr = 0.009344
Debug   : vH = 7703 / nTets = 4 / pp.size() = 4 / 0.480239 0.356584 1.321805 -> 0.479826 0.361176 1.322437 / dir = -1.000000 / l_pyr = 0.009306
Debug   : vH = 7699 / nTets = 4 / pp.size() = 4 / 1.743504 0.388385 1.261789 -> 1.742556 0.393730 1.259448 / dir = -1.000000 / l_pyr = 0.011824
Debug   : vH = 7696 / nTets = 6 / pp.size() = 6 / 1.703012 0.387127 1.275059 -> 1.702171 0.392459 1.272877 / dir = -1.000000 / l_pyr = 0.011645
Debug   : vH = 7694 / nTets = 4 / pp.size() = 4 / 1.650633 0.385584 1.290943 -> 1.649919 0.390894 1.288960 / dir = -1.000000 / l_pyr = 0.011427
Debug   : vH = 7692 / nTets = 4 / pp.size() = 4 / 1.584382 0.383760 1.308985 -> 1.583808 0.389037 1.307240 / dir = -1.000000 / l_pyr = 0.011174
Debug   : vH = 7690 / nTets = 4 / pp.size() = 4 / 1.502924 0.381704 1.328089 -> 1.502495 0.386931 1.326619 / dir = -1.000000 / l_pyr = 0.010895
Debug   : vH = 7688 / nTets = 4 / pp.size() = 4 / 1.406238 0.379510 1.346461 -> 1.405944 0.384675 1.345289 / dir = -1.000000 / l_pyr = 0.010609
Debug   : vH = 7686 / nTets = 4 / pp.size() = 4 / 1.296215 0.377296 1.361825 -> 1.296032 0.382388 1.360956 / dir = -1.000000 / l_pyr = 0.010336
Debug   : vH = 7684 / nTets = 8 / pp.size() = 8 / 1.176914 0.375166 1.372018 -> 1.176807 0.380181 1.371436 / dir = -1.000000 / l_pyr = 0.010099
Debug   : vH = 7680 / nTets = 4 / pp.size() = 4 / 1.054152 0.373158 1.375744 -> 1.054083 0.378100 1.375415 / dir = -1.000000 / l_pyr = 0.009906
Debug   : vH = 7677 / nTets = 6 / pp.size() = 6 / 0.934419 0.371218 1.373041 -> 0.934353 0.376094 1.372922 / dir = -1.000000 / l_pyr = 0.009757
Debug   : vH = 7675 / nTets = 4 / pp.size() = 4 / 0.823549 0.369229 1.365231 -> 0.823458 0.374049 1.365276 / dir = -1.000000 / l_pyr = 0.009643
Debug   : vH = 7671 / nTets = 4 / pp.size() = 4 / 0.725666 0.367084 1.354353 -> 0.725532 0.371856 1.354520 / dir = -1.000000 / l_pyr = 0.009552
Debug   : vH = 7669 / nTets = 6 / pp.size() = 6 / 0.642776 0.364749 1.342434 -> 0.642588 0.369478 1.342690 / dir = -1.000000 / l_pyr = 0.009479
Debug   : vH = 7667 / nTets = 4 / pp.size() = 4 / 0.575010 0.362286 1.331000 -> 0.574764 0.366978 1.331317 / dir = -1.000000 / l_pyr = 0.009419
Debug   : vH = 7665 / nTets = 4 / pp.size() = 4 / 0.521173 0.359825 1.320928 -> 0.520868 0.364486 1.321286 / dir = -1.000000 / l_pyr = 0.009370
Debug   : vH = 7662 / nTets = 4 / pp.size() = 4 / 0.479367 0.357508 1.312560 -> 0.479009 0.362142 1.312946 / dir = -1.000000 / l_pyr = 0.009328
Debug   : vH = 7658 / nTets = 4 / pp.size() = 4 / 1.744688 0.383259 1.251144 -> 1.743631 0.388353 1.248354 / dir = -1.000000 / l_pyr = 0.011806
Debug   : vH = 7654 / nTets = 6 / pp.size() = 6 / 1.704158 0.382289 1.264452 -> 1.703221 0.387394 1.261833 / dir = -1.000000 / l_pyr = 0.011626
Debug   : vH = 7652 / nTets = 4 / pp.size() = 4 / 1.651725 0.381108 1.280389 -> 1.650929 0.386219 1.277986 / dir = -1.000000 / l_pyr = 0.011408
Debug   : vH = 7649 / nTets = 6 / pp.size() = 6 / 1.585395 0.379724 1.298500 -> 1.584757 0.384834 1.296357 / dir = -1.000000 / l_pyr = 0.011156
Debug   : vH = 7646 / nTets = 4 / pp.size() = 4 / 1.503833 0.378182 1.317691 -> 1.503358 0.383278 1.315848 / dir = -1.000000 / l_pyr = 0.010879
Debug   : vH = 7644 / nTets = 6 / pp.size() = 6 / 1.407011 0.376563 1.336167 -> 1.406690 0.381630 1.334651 / dir = -1.000000 / l_pyr = 0.010598
Debug   : vH = 7641 / nTets = 6 / pp.size() = 6 / 1.296823 0.374955 1.351650 -> 1.296632 0.379979 1.350464 / dir = -1.000000 / l_pyr = 0.010331
Debug   : vH = 7639 / nTets = 4 / pp.size() = 4 / 1.177335 0.373425 1.361970 -> 1.177236 0.378397 1.361097 / dir = -1.000000 / l_pyr = 0.010099
Debug   : vH = 7637 / nTets = 10 / pp.size() = 10 / 1.054378 0.371972 1.365821 -> 1.054329 0.376891 1.365224 / dir = -1.000000 / l_pyr = 0.009911
Debug   : vH = 7635 / nTets = 4 / pp.size() = 4 / 0.934454 0.370511 1.363239 -> 0.934419 0.375378 1.362870 / dir = -1.000000 / l_pyr = 0.009763
Debug   : vH = 7631 / nTets = 4 / pp.size() = 4 / 0.823412 0.368910 1.355540 -> 0.823360 0.373729 1.355349 / dir = -1.000000 / l_pyr = 0.009647
Debug   : vH = 7629 / nTets = 6 / pp.size() = 6 / 0.725387 0.367061 1.344762 -> 0.725296 0.371836 1.344705 / dir = -1.000000 / l_pyr = 0.009553
Debug   : vH = 7627 / nTets = 4 / pp.size() = 4 / 0.642387 0.364940 1.332933 -> 0.642245 0.369675 1.332972 / dir = -1.000000 / l_pyr = 0.009476
Debug   : vH = 7624 / nTets = 6 / pp.size() = 6 / 0.574540 0.362625 1.321575 -> 0.574341 0.367326 1.321682 / dir = -1.000000 / l_pyr = 0.009412
Debug   : vH = 7621 / nTets = 8 / pp.size() = 8 / 0.520648 0.360264 1.311566 -> 0.520391 0.364934 1.311720 / dir = -1.000000 / l_pyr = 0.009359
Debug   : vH = 7618 / nTets = 6 / pp.size() = 6 / 0.478804 0.358012 1.303251 -> 0.478494 0.362656 1.303437 / dir = -1.000000 / l_pyr = 0.009314
Debug   : vH = 7613 / nTets = 6 / pp.size() = 6 / 1.746021 0.377373 1.240921 -> 1.744900 0.382265 1.237810 / dir = -1.000000 / l_pyr = 0.011809
Debug   : vH = 7611 / nTets = 4 / pp.size() = 4 / 1.705455 0.376708 1.254237 -> 1.704460 0.381631 1.251301 / dir = -1.000000 / l_pyr = 0.011634
Debug   : vH = 7608 / nTets = 6 / pp.size() = 6 / 1.652969 0.375912 1.270188 -> 1.652122 0.380864 1.267474 / dir = -1.000000 / l_pyr = 0.011420
Debug   : vH = 7606 / nTets = 4 / pp.size() = 4 / 1.586563 0.374995 1.288324 -> 1.585885 0.379972 1.285878 / dir = -1.000000 / l_pyr = 0.011173
Debug   : vH = 7604 / nTets = 4 / pp.size() = 4 / 1.504899 0.374000 1.307551 -> 1.504396 0.378991 1.305417 / dir = -1.000000 / l_pyr = 0.010904
Debug   : vH = 7602 / nTets = 4 / pp.size() = 4 / 1.407945 0.372990 1.326078 -> 1.407609 0.377982 1.324283 / dir = -1.000000 / l_pyr = 0.010630
Debug   : vH = 7600 / nTets = 4 / pp.size() = 4 / 1.297597 0.372025 1.341624 -> 1.297404 0.377000 1.340176 / dir = -1.000000 / l_pyr = 0.010370
Debug   : vH = 7596 / nTets = 4 / pp.size() = 4 / 1.177928 0.371131 1.352020 -> 1.177840 0.376077 1.350900 / dir = -1.000000 / l_pyr = 0.010143
Debug   : vH = 7594 / nTets = 4 / pp.size() = 4 / 1.054784 0.370269 1.355955 -> 1.054757 0.375177 1.355126 / dir = -1.000000 / l_pyr = 0.009956
Debug   : vH = 7592 / nTets = 4 / pp.size() = 4 / 0.934681 0.369321 1.353460 -> 0.934676 0.374189 1.352872 / dir = -1.000000 / l_pyr = 0.009807
Debug   : vH = 7590 / nTets = 6 / pp.size() = 6 / 0.823480 0.368137 1.345849 -> 0.823464 0.372965 1.345451 / dir = -1.000000 / l_pyr = 0.009688
Debug   : vH = 7588 / nTets = 4 / pp.size() = 4 / 0.725325 0.366609 1.335157 -> 0.725275 0.371397 1.334902 / dir = -1.000000 / l_pyr = 0.009590
Debug   : vH = 7586 / nTets = 4 / pp.size() = 4 / 0.642229 0.364724 1.323408 -> 0.642130 0.369475 1.323257 / dir = -1.000000 / l_pyr = 0.009509
Debug   : vH = 7584 / nTets = 4 / pp.size() = 4 / 0.574315 0.362577 1.312121 -> 0.574160 0.367295 1.312045 / dir = -1.000000 / l_pyr = 0.009441
Debug   : vH = 7582 / nTets = 4 / pp.size() = 4 / 0.520378 0.360332 1.302173 -> 0.520165 0.365020 1.302150 / dir = -1.000000 / l_pyr = 0.009385
Debug   : vH = 7579 / nTets = 4 / pp.size() = 4 / 0.478507 0.358160 1.293909 -> 0.478240 0.362822 1.293923 / dir = -1.000000 / l_pyr = 0.009339
Debug   : vH = 615 / nTets = 4 / pp.size() = 4 / 1.747453 0.370941 1.231011 -> 1.746294 0.375700 1.227668 / dir = -1.000000 / l_pyr = 0.011860
Debug   : vH = 608 / nTets = 6 / pp.size() = 6 / 1.706855 0.370585 1.244310 -> 1.705823 0.375390 1.241137 / dir = -1.000000 / l_pyr = 0.011701
Debug   : vH = 602 / nTets = 4 / pp.size() = 4 / 1.654320 0.370174 1.260244 -> 1.653441 0.375028 1.257286 / dir = -1.000000 / l_pyr = 0.011503
Debug   : vH = 596 / nTets = 4 / pp.size() = 4 / 1.587844 0.369729 1.278368 -> 1.587138 0.374626 1.275676 / dir = -1.000000 / l_pyr = 0.011264
Debug   : vH = 589 / nTets = 6 / pp.size() = 6 / 1.506082 0.369287 1.297593 -> 1.505559 0.374219 1.295209 / dir = -1.000000 / l_pyr = 0.011005
Debug   : vH = 582 / nTets = 6 / pp.size() = 6 / 1.409006 0.368895 1.316126 -> 1.408659 0.373850 1.314079 / dir = -1.000000 / l_pyr = 0.010744
Debug   : vH = 576 / nTets = 4 / pp.size() = 4 / 1.298511 0.368585 1.331693 -> 1.298317 0.373541 1.329995 / dir = -1.000000 / l_pyr = 0.010485
Debug   : vH = 568 / nTets = 8 / pp.size() = 8 / 1.178677 0.368343 1.342128 -> 1.178599 0.373283 1.340764 / dir = -1.000000 / l_pyr = 0.010253
Debug   : vH = 562 / nTets = 4 / pp.size() = 4 / 1.055356 0.368088 1.346115 -> 1.055351 0.373003 1.345048 / dir = -1.000000 / l_pyr = 0.010058
Debug   : vH = 553 / nTets = 6 / pp.size() = 6 / 0.935087 0.367672 1.343683 -> 0.935113 0.372552 1.342867 / dir = -1.000000 / l_pyr = 0.009896
Debug   : vH = 546 / nTets = 4 / pp.size() = 4 / 0.823743 0.366928 1.336147 -> 0.823765 0.371766 1.335532 / dir = -1.000000 / l_pyr = 0.009754
Debug   : vH = 540 / nTets = 4 / pp.size() = 4 / 0.725474 0.365744 1.325533 -> 0.725465 0.370543 1.325072 / dir = -1.000000 / l_pyr = 0.009642
Debug   : vH = 534 / nTets = 4 / pp.size() = 4 / 0.642293 0.364117 1.313859 -> 0.642239 0.368877 1.313512 / dir = -1.000000 / l_pyr = 0.009545
Debug   : vH = 527 / nTets = 4 / pp.size() = 4 / 0.574322 0.362158 1.302642 -> 0.574212 0.366885 1.302378 / dir = -1.000000 / l_pyr = 0.009470
Debug   : vH = 521 / nTets = 4 / pp.size() = 4 / 0.520350 0.360047 1.292758 -> 0.520184 0.364738 1.292554 / dir = -1.000000 / l_pyr = 0.009395
Debug   : vH = 513 / nTets = 4 / pp.size() = 4 / 0.478462 0.357970 1.284548 -> 0.478242 0.362635 1.284387 / dir = -1.000000 / l_pyr = 0.009345
Debug   : vH = 265 / nTets = 6 / pp.size() = 6 / 1.727772 -0.485973 0.849431 -> 1.727978 -0.489812 0.850498 / dir = -1.000000 / l_pyr = 0.007979
Debug   : vH = 257 / nTets = 6 / pp.size() = 6 / 1.690291 -0.483065 0.866138 -> 1.690490 -0.486864 0.867359 / dir = -1.000000 / l_pyr = 0.007992
Debug   : vH = 251 / nTets = 4 / pp.size() = 4 / 1.641849 -0.478506 0.886395 -> 1.642016 -0.482258 0.887786 / dir = -1.000000 / l_pyr = 0.008010
Debug   : vH = 245 / nTets = 4 / pp.size() = 4 / 1.580600 -0.471449 0.909850 -> 1.580696 -0.475146 0.911410 / dir = -1.000000 / l_pyr = 0.008028
Debug   : vH = 238 / nTets = 6 / pp.size() = 6 / 1.505318 -0.460789 0.935374 -> 1.505288 -0.464415 0.937071 / dir = -1.000000 / l_pyr = 0.008008
Debug   : vH = 231 / nTets = 4 / pp.size() = 4 / 1.416024 -0.445288 0.960903 -> 1.415806 -0.448819 0.962660 / dir = -1.000000 / l_pyr = 0.007902
Debug   : vH = 224 / nTets = 4 / pp.size() = 4 / 1.314600 -0.423880 0.983598 -> 1.314141 -0.427295 0.985295 / dir = -1.000000 / l_pyr = 0.007682
Debug   : vH = 218 / nTets = 6 / pp.size() = 6 / 1.205053 -0.396145 1.000470 -> 1.204332 -0.399426 1.001954 / dir = -1.000000 / l_pyr = 0.007344
Debug   : vH = 211 / nTets = 4 / pp.size() = 4 / 1.093119 -0.362746 1.009345 -> 1.092161 -0.365891 1.010465 / dir = -1.000000 / l_pyr = 0.006946
Debug   : vH = 202 / nTets = 4 / pp.size() = 4 / 0.985104 -0.325532 1.009681 -> 0.983977 -0.328561 1.010331 / dir = -1.000000 / l_pyr = 0.006591
Debug   : vH = 195 / nTets = 6 / pp.size() = 6 / 0.886445 -0.287134 1.002717 -> 0.885234 -0.290078 1.002850 / dir = -1.000000 / l_pyr = 0.006371
Debug   : vH = 189 / nTets = 4 / pp.size() = 4 / 0.800677 -0.250238 0.990865 -> 0.799453 -0.253137 0.990493 / dir = -1.000000 / l_pyr = 0.006337
Debug   : vH = 182 / nTets = 4 / pp.size() = 4 / 0.729154 -0.216917 0.976772 -> 0.727989 -0.219749 0.975959 / dir = -1.000000 / l_pyr = 0.006337
Debug   : vH = 176 / nTets = 4 / pp.size() = 4 / 0.671479 -0.188343 0.962592 -> 0.670392 -0.191146 0.961410 / dir = -1.000000 / l_pyr = 0.006461
Debug   : vH = 169 / nTets = 4 / pp.size() = 4 / 0.626178 -0.164838 0.949690 -> 0.625164 -0.167650 0.948201 / dir = -1.000000 / l_pyr = 0.006679
Debug   : vH = 161 / nTets = 6 / pp.size() = 6 / 0.591300 -0.146117 0.938711 -> 0.590352 -0.148954 0.936971 / dir = -1.000000 / l_pyr = 0.006920
Debug   : vH = 5436 / nTets = 4 / pp.size() = 4 / 1.728381 -0.483453 0.857492 -> 1.728740 -0.487638 0.859047 / dir = -1.000000 / l_pyr = 0.008958
Debug   : vH = 5435 / nTets = 4 / pp.size() = 4 / 1.690969 -0.480236 0.874085 -> 1.691321 -0.484340 0.875814 / dir = -1.000000 / l_pyr = 0.008935
Debug   : vH = 5434 / nTets = 4 / pp.size() = 4 / 1.642607 -0.475336 0.894200 -> 1.642926 -0.479345 0.896118 / dir = -1.000000 / l_pyr = 0.008911
Debug   : vH = 5433 / nTets = 6 / pp.size() = 6 / 1.581441 -0.467936 0.917489 -> 1.581681 -0.471837 0.919590 / dir = -1.000000 / l_pyr = 0.008874
Debug   : vH = 5432 / nTets = 4 / pp.size() = 4 / 1.506232 -0.456989 0.942828 -> 1.506332 -0.460771 0.945068 / dir = -1.000000 / l_pyr = 0.008792
Debug   : vH = 5431 / nTets = 4 / pp.size() = 4 / 1.416980 -0.441333 0.968160 -> 1.416869 -0.444985 0.970450 / dir = -1.000000 / l_pyr = 0.008625
Debug   : vH = 5430 / nTets = 6 / pp.size() = 6 / 1.315544 -0.419983 0.990665 -> 1.315160 -0.423504 0.992862 / dir = -1.000000 / l_pyr = 0.008336
Debug   : vH = 5429 / nTets = 4 / pp.size() = 4 / 1.205906 -0.392582 1.007369 -> 1.205220 -0.395977 1.009298 / dir = -1.000000 / l_pyr = 0.007930
Debug   : vH = 5428 / nTets = 6 / pp.size() = 6 / 1.093790 -0.359805 1.016112 -> 1.092827 -0.363094 1.017606 / dir = -1.000000 / l_pyr = 0.007477
Debug   : vH = 5427 / nTets = 4 / pp.size() = 4 / 0.985515 -0.323452 1.016359 -> 0.984346 -0.326665 1.017304 / dir = -1.000000 / l_pyr = 0.007096
Debug   : vH = 5426 / nTets = 4 / pp.size() = 4 / 0.886553 -0.286060 1.009343 -> 0.885265 -0.289239 1.009700 / dir = -1.000000 / l_pyr = 0.006897
Debug   : vH = 5425 / nTets = 6 / pp.size() = 6 / 0.800490 -0.250209 0.997466 -> 0.799164 -0.253385 0.997260 / dir = -1.000000 / l_pyr = 0.006897
Debug   : vH = 5424 / nTets = 8 / pp.size() = 8 / 0.728711 -0.217878 0.983368 -> 0.727428 -0.221011 0.982678 / dir = -1.000000 / l_pyr = 0.006912
Debug   : vH = 5423 / nTets = 6 / pp.size() = 6 / 0.670839 -0.190181 0.969193 -> 0.669612 -0.193323 0.968101 / dir = -1.000000 / l_pyr = 0.007091
Debug   : vH = 5422 / nTets = 6 / pp.size() = 6 / 0.625400 -0.167413 0.956300 -> 0.624229 -0.170596 0.954879 / dir = -1.000000 / l_pyr = 0.007354
Debug   : vH = 5420 / nTets = 4 / pp.size() = 4 / 0.590432 -0.149287 0.945329 -> 0.589312 -0.152521 0.943641 / dir = -1.000000 / l_pyr = 0.007633
Debug   : vH = 5416 / nTets = 6 / pp.size() = 6 / 1.729274 -0.479870 0.866248 -> 1.729798 -0.484387 0.868354 / dir = -1.000000 / l_pyr = 0.010023
Debug   : vH = 5414 / nTets = 6 / pp.size() = 6 / 1.691937 -0.476318 0.882635 -> 1.692453 -0.480706 0.884924 / dir = -1.000000 / l_pyr = 0.009951
Debug   : vH = 5412 / nTets = 6 / pp.size() = 6 / 1.643661 -0.471052 0.902507 -> 1.644138 -0.475293 0.904991 / dir = -1.000000 / l_pyr = 0.009875
Debug   : vH = 5410 / nTets = 4 / pp.size() = 4 / 1.582584 -0.463296 0.925524 -> 1.582973 -0.467376 0.928192 / dir = -1.000000 / l_pyr = 0.009783
Debug   : vH = 5408 / nTets = 4 / pp.size() = 4 / 1.507449 -0.452065 0.950577 -> 1.507683 -0.455982 0.953381 / dir = -1.000000 / l_pyr = 0.009646
Debug   : vH = 5406 / nTets = 6 / pp.size() = 6 / 1.418236 -0.436282 0.975639 -> 1.418235 -0.440045 0.978474 / dir = -1.000000 / l_pyr = 0.009422
Debug   : vH = 5404 / nTets = 4 / pp.size() = 4 / 1.316774 -0.415055 0.997919 -> 1.316467 -0.418683 1.000627 / dir = -1.000000 / l_pyr = 0.009076
Debug   : vH = 5402 / nTets = 4 / pp.size() = 4 / 1.207019 -0.388086 1.014472 -> 1.206370 -0.391613 1.016861 / dir = -1.000000 / l_pyr = 0.008619
Debug   : vH = 5400 / nTets = 4 / pp.size() = 4 / 1.094687 -0.356056 1.023149 -> 1.093717 -0.359523 1.025041 / dir = -1.000000 / l_pyr = 0.008134
Debug   : vH = 5398 / nTets = 6 / pp.size() = 6 / 0.986116 -0.320700 1.023409 -> 0.984894 -0.324150 1.024686 / dir = -1.000000 / l_pyr = 0.007755
Debug   : vH = 5396 / nTets = 4 / pp.size() = 4 / 0.886816 -0.284444 1.016462 -> 0.885434 -0.287919 1.017093 / dir = -1.000000 / l_pyr = 0.007586
Debug   : vH = 5394 / nTets = 6 / pp.size() = 6 / 0.800422 -0.249747 1.004683 -> 0.798973 -0.253253 1.004705 / dir = -1.000000 / l_pyr = 0.007586
Debug   : vH = 5392 / nTets = 4 / pp.size() = 4 / 0.728356 -0.218492 0.990689 -> 0.726920 -0.221999 0.990189 / dir = -1.000000 / l_pyr = 0.007644
Debug   : vH = 5390 / nTets = 4 / pp.size() = 4 / 0.670262 -0.191734 0.976609 -> 0.668857 -0.195287 0.975684 / dir = -1.000000 / l_pyr = 0.007863
Debug   : vH = 5388 / nTets = 4 / pp.size() = 4 / 0.624668 -0.169746 0.963797 -> 0.623296 -0.173369 0.962526 / dir = -1.000000 / l_pyr = 0.008154
Debug   : vH = 5384 / nTets = 8 / pp.size() = 8 / 0.589598 -0.152245 0.952890 -> 0.588260 -0.155942 0.951342 / dir = -1.000000 / l_pyr = 0.008450
Debug   : vH = 5378 / nTets = 6 / pp.size() = 6 / 1.730478 -0.475089 0.875688 -> 1.731169 -0.479944 0.878392 / dir = -1.000000 / l_pyr = 0.011201
Debug   : vH = 5376 / nTets = 6 / pp.size() = 6 / 1.693216 -0.471207 0.891775 -> 1.693889 -0.475886 0.894651 / dir = -1.000000 / l_pyr = 0.011066
Debug   : vH = 5374 / nTets = 4 / pp.size() = 4 / 1.645024 -0.465584 0.911299 -> 1.645647 -0.470064 0.914359 / dir = -1.000000 / l_pyr = 0.010922
Debug   : vH = 5372 / nTets = 4 / pp.size() = 4 / 1.584030 -0.457486 0.933936 -> 1.584554 -0.461756 0.937168 / dir = -1.000000 / l_pyr = 0.010762
Debug   : vH = 5370 / nTets = 4 / pp.size() = 4 / 1.508963 -0.445997 0.958609 -> 1.509318 -0.450063 0.961961 / dir = -1.000000 / l_pyr = 0.010562
Debug   : vH = 5368 / nTets = 4 / pp.size() = 4 / 1.419778 -0.430131 0.983336 -> 1.419879 -0.434019 0.986701 / dir = -1.000000 / l_pyr = 0.010285
Debug   : vH = 5366 / nTets = 4 / pp.size() = 4 / 1.318275 -0.409089 1.005372 -> 1.318042 -0.412845 1.008587 / dir = -1.000000 / l_pyr = 0.009899
Debug   : vH = 5364 / nTets = 6 / pp.size() = 6 / 1.208385 -0.382634 1.021811 -> 1.207774 -0.386321 1.024677 / dir = -1.000000 / l_pyr = 0.009420
Debug   : vH = 5361 / nTets = 6 / pp.size() = 6 / 1.095816 -0.351447 1.030512 -> 1.094839 -0.355129 1.032845 / dir = -1.000000 / l_pyr = 0.008933
Debug   : vH = 5359 / nTets = 4 / pp.size() = 4 / 0.986924 -0.317190 1.030911 -> 0.985645 -0.320920 1.032591 / dir = -1.000000 / l_pyr = 0.008572
Debug   : vH = 5356 / nTets = 6 / pp.size() = 6 / 0.887262 -0.282168 1.024175 -> 0.885774 -0.285985 1.025170 / dir = -1.000000 / l_pyr = 0.008433
Debug   : vH = 5354 / nTets = 4 / pp.size() = 4 / 0.800513 -0.248707 1.012630 -> 0.798920 -0.252595 1.012979 / dir = -1.000000 / l_pyr = 0.008433
Debug   : vH = 5352 / nTets = 4 / pp.size() = 4 / 0.728140 -0.218590 0.998857 -> 0.726521 -0.222526 0.998655 / dir = -1.000000 / l_pyr = 0.008520
Debug   : vH = 5350 / nTets = 6 / pp.size() = 6 / 0.669805 -0.192816 0.984966 -> 0.668186 -0.196833 0.984318 / dir = -1.000000 / l_pyr = 0.008759
Debug   : vH = 5348 / nTets = 4 / pp.size() = 4 / 0.624037 -0.171638 0.972306 -> 0.622428 -0.175752 0.971300 / dir = -1.000000 / l_pyr = 0.009060
Debug   : vH = 5345 / nTets = 4 / pp.size() = 4 / 0.588851 -0.154782 0.961516 -> 0.587256 -0.158988 0.960227 / dir = -1.000000 / l_pyr = 0.009359
Debug   : vH = 5339 / nTets = 6 / pp.size() = 6 / 1.731998 -0.469039 0.885866 -> 1.732839 -0.474295 0.889175 / dir = -1.000000 / l_pyr = 0.012536
Debug   : vH = 5336 / nTets = 4 / pp.size() = 4 / 1.694797 -0.464872 0.901574 -> 1.695601 -0.469916 0.905023 / dir = -1.000000 / l_pyr = 0.012326
Debug   : vH = 5334 / nTets = 4 / pp.size() = 4 / 1.646672 -0.458944 0.920661 -> 1.647408 -0.463748 0.924259 / dir = -1.000000 / l_pyr = 0.012094
Debug   : vH = 5332 / nTets = 4 / pp.size() = 4 / 1.585745 -0.450560 0.942825 -> 1.586363 -0.455110 0.946562 / dir = -1.000000 / l_pyr = 0.011840
Debug   : vH = 5330 / nTets = 6 / pp.size() = 6 / 1.510730 -0.438868 0.967033 -> 1.511163 -0.443174 0.970861 / dir = -1.000000 / l_pyr = 0.011556
Debug   : vH = 5328 / nTets = 4 / pp.size() = 4 / 1.421560 -0.422969 0.991361 -> 1.421724 -0.427070 0.995185 / dir = -1.000000 / l_pyr = 0.011219
Debug   : vH = 5325 / nTets = 4 / pp.size() = 4 / 1.320007 -0.402154 1.013133 -> 1.319821 -0.406119 1.016800 / dir = -1.000000 / l_pyr = 0.010807
Debug   : vH = 5323 / nTets = 4 / pp.size() = 4 / 1.209978 -0.376251 1.029487 -> 1.209389 -0.380165 1.032811 / dir = -1.000000 / l_pyr = 0.010337
Debug   : vH = 5321 / nTets = 4 / pp.size() = 4 / 1.097172 -0.345943 1.038294 -> 1.096180 -0.349892 1.041095 / dir = -1.000000 / l_pyr = 0.009884
Debug   : vH = 5317 / nTets = 6 / pp.size() = 6 / 0.987960 -0.312819 1.038953 -> 0.986619 -0.316869 1.041108 / dir = -1.000000 / l_pyr = 0.009560
Debug   : vH = 5315 / nTets = 6 / pp.size() = 6 / 0.887933 -0.279063 1.032564 -> 0.886331 -0.283255 1.034036 / dir = -1.000000 / l_pyr = 0.009447
Debug   : vH = 5313 / nTets = 4 / pp.size() = 4 / 0.800823 -0.246871 1.021387 -> 0.799067 -0.251179 1.022204 / dir = -1.000000 / l_pyr = 0.009447
Debug   : vH = 5311 / nTets = 4 / pp.size() = 4 / 0.728131 -0.217923 1.007952 -> 0.726303 -0.222322 1.008203 / dir = -1.000000 / l_pyr = 0.009541
Debug   : vH = 5309 / nTets = 4 / pp.size() = 4 / 0.669542 -0.193158 0.994347 -> 0.667676 -0.197670 0.994139 / dir = -1.000000 / l_pyr = 0.009776
Debug   : vH = 5306 / nTets = 6 / pp.size() = 6 / 0.623586 -0.172811 0.981914 -> 0.621701 -0.177443 0.981340 / dir = -1.000000 / l_pyr = 0.010067
Debug   : vH = 5303 / nTets = 4 / pp.size() = 4 / 0.588268 -0.156615 0.971298 -> 0.586376 -0.161357 0.970435 / dir = -1.000000 / l_pyr = 0.010356
Debug   : vH = 5297 / nTets = 6 / pp.size() = 6 / 1.733838 -0.461670 0.896932 -> 1.734822 -0.467437 0.900877 / dir = -1.000000 / l_pyr = 0.014112
Debug   : vH = 5295 / nTets = 4 / pp.size() = 4 / 1.696674 -0.457301 0.912221 -> 1.697593 -0.462842 0.916260 / dir = -1.000000 / l_pyr = 0.013837
Debug   : vH = 5291 / nTets = 6 / pp.size() = 6 / 1.648589 -0.451159 0.930818 -> 1.649411 -0.456439 0.934957 / dir = -1.000000 / l_pyr = 0.013519
Debug   : vH = 5289 / nTets = 6 / pp.size() = 6 / 1.587700 -0.442580 0.952446 -> 1.588377 -0.447577 0.956675 / dir = -1.000000 / l_pyr = 0.013163
Debug   : vH = 5287 / nTets = 4 / pp.size() = 4 / 1.512711 -0.430768 0.976118 -> 1.513181 -0.435484 0.980400 / dir = -1.000000 / l_pyr = 0.012774
Debug   : vH = 5284 / nTets = 4 / pp.size() = 4 / 1.423538 -0.414897 0.999982 -> 1.423724 -0.419369 1.004236 / dir = -1.000000 / l_pyr = 0.012349
Debug   : vH = 5282 / nTets = 6 / pp.size() = 6 / 1.321929 -0.394339 1.021439 -> 1.321756 -0.398640 1.025538 / dir = -1.000000 / l_pyr = 0.011888
Debug   : vH = 5280 / nTets = 6 / pp.size() = 6 / 1.211770 -0.368983 1.037691 -> 1.211182 -0.373214 1.041473 / dir = -1.000000 / l_pyr = 0.011409
Debug   : vH = 5278 / nTets = 4 / pp.size() = 4 / 1.098748 -0.339521 1.046629 -> 1.097734 -0.343787 1.049929 / dir = -1.000000 / l_pyr = 0.010976
Debug   : vH = 5276 / nTets = 4 / pp.size() = 4 / 0.989243 -0.307487 1.047613 -> 0.987842 -0.311874 1.050312 / dir = -1.000000 / l_pyr = 0.010675
Debug   : vH = 5274 / nTets = 4 / pp.size() = 4 / 0.888876 -0.274957 1.041668 -> 0.887166 -0.279515 1.043721 / dir = -1.000000 / l_pyr = 0.010567
Debug   : vH = 5272 / nTets = 4 / pp.size() = 4 / 0.801420 -0.244003 1.030967 -> 0.799502 -0.248716 1.032389 / dir = -1.000000 / l_pyr = 0.010567
Debug   : vH = 5269 / nTets = 6 / pp.size() = 6 / 0.728416 -0.216205 1.017977 -> 0.726374 -0.221045 1.018841 / dir = -1.000000 / l_pyr = 0.010648
Debug   : vH = 5266 / nTets = 6 / pp.size() = 6 / 0.669569 -0.192440 1.004750 -> 0.667447 -0.197420 1.005160 / dir = -1.000000 / l_pyr = 0.010858
Debug   : vH = 5264 / nTets = 6 / pp.size() = 6 / 0.623416 -0.172922 0.992620 -> 0.621241 -0.178040 0.992667 / dir = -1.000000 / l_pyr = 0.011123
Debug   : vH = 5260 / nTets = 8 / pp.size() = 8 / 0.587955 -0.157388 0.982237 -> 0.585746 -0.162631 0.981999 / dir = -1.000000 / l_pyr = 0.011389
Debug   : vH = 5255 / nTets = 4 / pp.size() = 4 / 1.736009 -0.452872 0.909079 -> 1.737156 -0.459255 0.913734 / dir = -1.000000 / l_pyr = 0.015965
Debug   : vH = 5252 / nTets = 4 / pp.size() = 4 / 1.698853 -0.448398 0.923955 -> 1.699902 -0.454566 0.928659 / dir = -1.000000 / l_pyr = 0.015655
Debug   : vH = 5250 / nTets = 4 / pp.size() = 4 / 1.650777 -0.442150 0.942059 -> 1.651690 -0.448063 0.946812 / dir = -1.000000 / l_pyr = 0.015280
Debug   : vH = 5248 / nTets = 4 / pp.size() = 4 / 1.589893 -0.433491 0.963132 -> 1.590624 -0.439113 0.967920 / dir = -1.000000 / l_pyr = 0.014842
Debug   : vH = 5246 / nTets = 4 / pp.size() = 4 / 1.514900 -0.421662 0.986228 -> 1.515390 -0.426980 0.991020 / dir = -1.000000 / l_pyr = 0.014350
Debug   : vH = 5244 / nTets = 4 / pp.size() = 4 / 1.425701 -0.405895 1.009562 -> 1.425882 -0.410929 1.014294 / dir = -1.000000 / l_pyr = 0.013821
Debug   : vH = 5241 / nTets = 4 / pp.size() = 4 / 1.324030 -0.385626 1.030624 -> 1.323837 -0.390435 1.035195 / dir = -1.000000 / l_pyr = 0.013276
Debug   : vH = 5238 / nTets = 6 / pp.size() = 6 / 1.213754 -0.360797 1.046693 -> 1.213136 -0.365479 1.050974 / dir = -1.000000 / l_pyr = 0.012746
Debug   : vH = 5236 / nTets = 4 / pp.size() = 4 / 1.100547 -0.332117 1.055700 -> 1.099491 -0.336783 1.059553 / dir = -1.000000 / l_pyr = 0.012285
Debug   : vH = 5233 / nTets = 4 / pp.size() = 4 / 0.990790 -0.301081 1.056983 -> 0.989324 -0.305833 1.060302 / dir = -1.000000 / l_pyr = 0.011957
Debug   : vH = 5230 / nTets = 4 / pp.size() = 4 / 0.890125 -0.269678 1.051496 -> 0.888314 -0.274588 1.054231 / dir = -1.000000 / l_pyr = 0.011809
Debug   : vH = 5228 / nTets = 4 / pp.size() = 4 / 0.802358 -0.239878 1.041321 -> 0.800284 -0.244968 1.043477 / dir = -1.000000 / l_pyr = 0.011809
Debug   : vH = 5226 / nTets = 4 / pp.size() = 4 / 0.729063 -0.213165 1.028844 -> 0.726819 -0.218396 1.030466 / dir = -1.000000 / l_pyr = 0.011838
Debug   : vH = 5224 / nTets = 4 / pp.size() = 4 / 0.669968 -0.190356 1.016072 -> 0.667603 -0.195740 1.017252 / dir = -1.000000 / l_pyr = 0.011996
Debug   : vH = 5221 / nTets = 6 / pp.size() = 6 / 0.623617 -0.171640 1.004316 -> 0.621164 -0.177175 1.005143 / dir = -1.000000 / l_pyr = 0.012221
Debug   : vH = 5218 / nTets = 4 / pp.size() = 4 / 0.588007 -0.156752 0.994228 -> 0.585492 -0.162424 0.994778 / dir = -1.000000 / l_pyr = 0.012458
Debug   : vH = 5213 / nTets = 4 / pp.size() = 4 / 1.738530 -0.442464 0.922464 -> 1.739880 -0.449534 0.927936 / dir = -1.000000 / l_pyr = 0.018084
Debug   : vH = 5210 / nTets = 4 / pp.size() = 4 / 1.701361 -0.437968 0.936974 -> 1.702577 -0.444855 0.942463 / dir = -1.000000 / l_pyr = 0.017780
Debug   : vH = 5208 / nTets = 6 / pp.size() = 6 / 1.653266 -0.431714 0.954629 -> 1.654306 -0.438372 0.960127 / dir = -1.000000 / l_pyr = 0.017394
Debug   : vH = 5206 / nTets = 4 / pp.size() = 4 / 1.592357 -0.423081 0.975175 -> 1.593169 -0.429466 0.980665 / dir = -1.000000 / l_pyr = 0.016919
Debug   : vH = 5202 / nTets = 8 / pp.size() = 8 / 1.517329 -0.411342 0.997694 -> 1.517856 -0.417419 1.003145 / dir = -1.000000 / l_pyr = 0.016361
Debug   : vH = 5200 / nTets = 6 / pp.size() = 6 / 1.428082 -0.395766 1.020459 -> 1.428260 -0.401528 1.025814 / dir = -1.000000 / l_pyr = 0.015737
Debug   : vH = 5198 / nTets = 4 / pp.size() = 4 / 1.326339 -0.375835 1.041037 -> 1.326114 -0.381314 1.046215 / dir = -1.000000 / l_pyr = 0.015083
Debug   : vH = 5196 / nTets = 4 / pp.size() = 4 / 1.215955 -0.351530 1.056801 -> 1.215286 -0.356801 1.061698 / dir = -1.000000 / l_pyr = 0.014452
Debug   : vH = 5194 / nTets = 6 / pp.size() = 6 / 1.102592 -0.323574 1.065741 -> 1.101469 -0.328744 1.070251 / dir = -1.000000 / l_pyr = 0.013903
Debug   : vH = 5192 / nTets = 4 / pp.size() = 4 / 0.992628 -0.293436 1.067208 -> 0.991077 -0.298619 1.071244 / dir = -1.000000 / l_pyr = 0.013498
Debug   : vH = 5189 / nTets = 4 / pp.size() = 4 / 0.891715 -0.263043 1.062104 -> 0.889790 -0.268329 1.065622 / dir = -1.000000 / l_pyr = 0.013269
Debug   : vH = 5186 / nTets = 6 / pp.size() = 6 / 0.803682 -0.234280 1.052425 -> 0.801453 -0.239725 1.055430 / dir = -1.000000 / l_pyr = 0.013214
Debug   : vH = 5184 / nTets = 4 / pp.size() = 4 / 0.730128 -0.208554 1.040473 -> 0.727679 -0.214149 1.042994 / dir = -1.000000 / l_pyr = 0.013214
Debug   : vH = 5182 / nTets = 4 / pp.size() = 4 / 0.670804 -0.186628 1.028189 -> 0.668199 -0.192366 1.030296 / dir = -1.000000 / l_pyr = 0.013290
Debug   : vH = 5180 / nTets = 4 / pp.size() = 4 / 0.624264 -0.168659 1.016855 -> 0.621541 -0.174543 1.018628 / dir = -1.000000 / l_pyr = 0.013444
Debug   : vH = 5176 / nTets = 6 / pp.size() = 6 / 0.588508 -0.154382 1.007110 -> 0.585696 -0.160401 1.008622 / dir = -1.000000 / l_pyr = 0.013627
Debug   : vH = 5171 / nTets = 4 / pp.size() = 4 / 1.741424 -0.430232 0.937167 -> 1.743023 -0.438012 0.943561 / dir = -1.000000 / l_pyr = 0.020393
Debug   : vH = 5168 / nTets = 6 / pp.size() = 6 / 1.704226 -0.425773 0.951383 -> 1.705657 -0.433409 0.957775 / dir = -1.000000 / l_pyr = 0.020120
Debug   : vH = 5164 / nTets = 4 / pp.size() = 4 / 1.656094 -0.419585 0.968661 -> 1.657307 -0.427031 0.975039 / dir = -1.000000 / l_pyr = 0.019758
Debug   : vH = 5162 / nTets = 6 / pp.size() = 6 / 1.595139 -0.411062 0.988744 -> 1.596076 -0.418266 0.995087 / dir = -1.000000 / l_pyr = 0.019289
Debug   : vH = 5160 / nTets = 4 / pp.size() = 4 / 1.520055 -0.399499 1.010725 -> 1.520652 -0.406413 1.016996 / dir = -1.000000 / l_pyr = 0.018705
Debug   : vH = 5158 / nTets = 4 / pp.size() = 4 / 1.430740 -0.384196 1.032914 -> 1.430936 -0.390785 1.039058 / dir = -1.000000 / l_pyr = 0.018021
Debug   : vH = 5155 / nTets = 6 / pp.size() = 6 / 1.328914 -0.364665 1.052945 -> 1.328659 -0.370926 1.058889 / dir = -1.000000 / l_pyr = 0.017274
Debug   : vH = 5153 / nTets = 4 / pp.size() = 4 / 1.218423 -0.340908 1.068279 -> 1.217690 -0.346884 1.073937 / dir = -1.000000 / l_pyr = 0.016525
Debug   : vH = 5151 / nTets = 4 / pp.size() = 4 / 1.104923 -0.313652 1.076990 -> 1.103711 -0.319428 1.082277 / dir = -1.000000 / l_pyr = 0.015848
Debug   : vH = 5149 / nTets = 4 / pp.size() = 4 / 0.994786 -0.284343 1.078467 -> 0.993126 -0.290027 1.083317 / dir = -1.000000 / l_pyr = 0.015308
Debug   : vH = 5147 / nTets = 4 / pp.size() = 4 / 0.893668 -0.254859 1.073594 -> 0.891614 -0.260553 1.077976 / dir = -1.000000 / l_pyr = 0.014945
Debug   : vH = 5145 / nTets = 4 / pp.size() = 4 / 0.805410 -0.227021 1.064302 -> 0.803030 -0.232802 1.068223 / dir = -1.000000 / l_pyr = 0.014760
Debug   : vH = 5142 / nTets = 4 / pp.size() = 4 / 0.731634 -0.202174 1.052811 -> 0.728993 -0.208088 1.056311 / dir = -1.000000 / l_pyr = 0.014723
Debug   : vH = 5139 / nTets = 6 / pp.size() = 6 / 0.672108 -0.181035 1.040991 -> 0.669278 -0.187071 1.044115 / dir = -1.000000 / l_pyr = 0.014723
Debug   : vH = 5137 / nTets = 4 / pp.size() = 4 / 0.625396 -0.163739 1.030079 -> 0.622426 -0.169894 1.032894 / dir = -1.000000 / l_pyr = 0.014783
Debug   : vH = 5132 / nTets = 6 / pp.size() = 6 / 0.589501 -0.150014 1.020693 -> 0.586423 -0.156286 1.023267 / dir = -1.000000 / l_pyr = 0.014892
Debug   : vH = 5127 / nTets = 4 / pp.size() = 4 / 1.744697 -0.415982 0.953203 -> 1.746589 -0.424467 0.960604 / dir = -1.000000 / l_pyr = 0.022835
Debug   : vH = 5125 / nTets = 4 / pp.size() = 4 / 1.707462 -0.411595 0.967202 -> 1.709155 -0.419978 0.974597 / dir = -1.000000 / l_pyr = 0.022614
Debug   : vH = 5123 / nTets = 10 / pp.size() = 10 / 1.659283 -0.405514 0.984190 -> 1.660717 -0.413754 0.991565 / dir = -1.000000 / l_pyr = 0.022302
Debug   : vH = 5120 / nTets = 6 / pp.size() = 6 / 1.598270 -0.397152 1.003896 -> 1.599377 -0.405195 1.011226 / dir = -1.000000 / l_pyr = 0.021876
Debug   : vH = 5118 / nTets = 4 / pp.size() = 4 / 1.523117 -0.385826 1.025409 -> 1.523825 -0.393613 1.032653 / dir = -1.000000 / l_pyr = 0.021317
Debug   : vH = 5116 / nTets = 4 / pp.size() = 4 / 1.433722 -0.370859 1.047055 -> 1.433965 -0.378332 1.054155 / dir = -1.000000 / l_pyr = 0.020623
Debug   : vH = 5113 / nTets = 4 / pp.size() = 4 / 1.331804 -0.351782 1.066517 -> 1.331533 -0.358906 1.073401 / dir = -1.000000 / l_pyr = 0.019822
Debug   : vH = 5111 / nTets = 6 / pp.size() = 6 / 1.221206 -0.328610 1.081331 -> 1.220402 -0.335390 1.087918 / dir = -1.000000 / l_pyr = 0.018974
Debug   : vH = 5109 / nTets = 4 / pp.size() = 4 / 1.107578 -0.302061 1.089659 -> 1.106253 -0.308548 1.095873 / dir = -1.000000 / l_pyr = 0.018161
Debug   : vH = 5107 / nTets = 4 / pp.size() = 4 / 0.997287 -0.273554 1.090953 -> 0.995485 -0.279837 1.096743 / dir = -1.000000 / l_pyr = 0.017464
Debug   : vH = 5104 / nTets = 4 / pp.size() = 4 / 0.895991 -0.244918 1.086112 -> 0.893775 -0.251097 1.091460 / dir = -1.000000 / l_pyr = 0.016934
Debug   : vH = 5101 / nTets = 6 / pp.size() = 6 / 0.807540 -0.217922 1.077031 -> 0.804981 -0.224087 1.081951 / dir = -1.000000 / l_pyr = 0.016584
Debug   : vH = 5099 / nTets = 4 / pp.size() = 4 / 0.733571 -0.193864 1.065864 -> 0.730738 -0.200076 1.070397 / dir = -1.000000 / l_pyr = 0.016391
Debug   : vH = 5097 / nTets = 4 / pp.size() = 4 / 0.673866 -0.173425 1.054412 -> 0.670819 -0.179718 1.058613 / dir = -1.000000 / l_pyr = 0.016313
Debug   : vH = 5095 / nTets = 4 / pp.size() = 4 / 0.626998 -0.156725 1.043860 -> 0.623789 -0.163109 1.047786 / dir = -1.000000 / l_pyr = 0.016307
Debug   : vH = 5091 / nTets = 6 / pp.size() = 6 / 0.590974 -0.143487 1.034794 -> 0.587650 -0.149947 1.038495 / dir = -1.000000 / l_pyr = 0.016307
Debug   : vH = 5084 / nTets = 6 / pp.size() = 6 / 1.748338 -0.399534 0.970565 -> 1.750571 -0.408724 0.979064 / dir = -1.000000 / l_pyr = 0.025431
Debug   : vH = 5082 / nTets = 6 / pp.size() = 6 / 1.711064 -0.395226 0.984431 -> 1.713066 -0.404360 0.992934 / dir = -1.000000 / l_pyr = 0.025277
Debug   : vH = 5080 / nTets = 4 / pp.size() = 4 / 1.662835 -0.389268 1.001224 -> 1.664537 -0.398309 1.009713 / dir = -1.000000 / l_pyr = 0.025036
Debug   : vH = 5076 / nTets = 4 / pp.size() = 4 / 1.601760 -0.381091 1.020650 -> 1.603082 -0.389984 1.029096 / dir = -1.000000 / l_pyr = 0.024672
Debug   : vH = 5074 / nTets = 6 / pp.size() = 6 / 1.526532 -0.370035 1.041783 -> 1.527391 -0.378710 1.050140 / dir = -1.000000 / l_pyr = 0.024153
Debug   : vH = 5070 / nTets = 6 / pp.size() = 6 / 1.437051 -0.355443 1.062946 -> 1.437371 -0.363826 1.071150 / dir = -1.000000 / l_pyr = 0.023467
Debug   : vH = 5068 / nTets = 6 / pp.size() = 6 / 1.335036 -0.336865 1.081851 -> 1.334767 -0.344891 1.089823 / dir = -1.000000 / l_pyr = 0.022632
Debug   : vH = 5066 / nTets = 4 / pp.size() = 4 / 1.224330 -0.314318 1.096091 -> 1.223456 -0.321955 1.103748 / dir = -1.000000 / l_pyr = 0.021700
Debug   : vH = 5064 / nTets = 4 / pp.size() = 4 / 1.110576 -0.288505 1.103910 -> 1.109124 -0.295767 1.111181 / dir = -1.000000 / l_pyr = 0.020756
Debug   : vH = 5061 / nTets = 4 / pp.size() = 4 / 1.000139 -0.260807 1.104839 -> 0.998170 -0.267755 1.111676 / dir = -1.000000 / l_pyr = 0.019887
Debug   : vH = 5059 / nTets = 4 / pp.size() = 4 / 0.898677 -0.233004 1.099816 -> 0.896271 -0.239725 1.106206 / dir = -1.000000 / l_pyr = 0.019161
Debug   : vH = 5057 / nTets = 4 / pp.size() = 4 / 0.810047 -0.206814 1.090729 -> 0.807288 -0.213400 1.096694 / dir = -1.000000 / l_pyr = 0.018608
Debug   : vH = 5055 / nTets = 4 / pp.size() = 4 / 0.735899 -0.183494 1.079688 -> 0.732861 -0.190019 1.085275 / dir = -1.000000 / l_pyr = 0.018222
Debug   : vH = 5053 / nTets = 4 / pp.size() = 4 / 0.676027 -0.163699 1.068442 -> 0.672775 -0.170215 1.073708 / dir = -1.000000 / l_pyr = 0.017973
Debug   : vH = 5049 / nTets = 4 / pp.size() = 4 / 0.629012 -0.147539 1.058121 -> 0.625599 -0.154075 1.063126 / dir = -1.000000 / l_pyr = 0.017824
Debug   : vH = 5045 / nTets = 6 / pp.size() = 6 / 0.592865 -0.134739 1.049282 -> 0.589331 -0.141309 1.054080 / dir = -1.000000 / l_pyr = 0.017740
Debug   : vH = 5039 / nTets = 6 / pp.size() = 6 / 1.752320 -0.380709 0.989231 -> 1.754942 -0.390579 0.998910 / dir = -1.000000 / l_pyr = 0.028139
Debug   : vH = 5036 / nTets = 4 / pp.size() = 4 / 1.715011 -0.376464 1.003056 -> 1.717374 -0.386331 1.012762 / dir = -1.000000 / l_pyr = 0.028082
Debug   : vH = 5033 / nTets = 4 / pp.size() = 4 / 1.666736 -0.370615 1.019757 -> 1.668759 -0.380449 1.029476 / dir = -1.000000 / l_pyr = 0.027946
Debug   : vH = 5031 / nTets = 6 / pp.size() = 6 / 1.605601 -0.362616 1.039016 -> 1.607190 -0.372365 1.048713 / dir = -1.000000 / l_pyr = 0.027683
Debug   : vH = 5029 / nTets = 6 / pp.size() = 6 / 1.530301 -0.351835 1.059874 -> 1.531355 -0.361421 1.069495 / dir = -1.000000 / l_pyr = 0.027245
Debug   : vH = 5027 / nTets = 6 / pp.size() = 6 / 1.440733 -0.337642 1.080634 -> 1.441165 -0.346969 1.090100 / dir = -1.000000 / l_pyr = 0.026592
Debug   : vH = 5025 / nTets = 4 / pp.size() = 4 / 1.338619 -0.319604 1.099012 -> 1.338370 -0.328572 1.108228 / dir = -1.000000 / l_pyr = 0.025723
Debug   : vH = 5023 / nTets = 4 / pp.size() = 4 / 1.227798 -0.297737 1.112643 -> 1.226859 -0.306272 1.121511 / dir = -1.000000 / l_pyr = 0.024687
Debug   : vH = 5021 / nTets = 4 / pp.size() = 4 / 1.113913 -0.272717 1.119846 -> 1.112326 -0.280795 1.128286 / dir = -1.000000 / l_pyr = 0.023579
Debug   : vH = 5019 / nTets = 4 / pp.size() = 4 / 1.003325 -0.245878 1.120235 -> 1.001171 -0.253530 1.128203 / dir = -1.000000 / l_pyr = 0.022511
Debug   : vH = 5015 / nTets = 6 / pp.size() = 6 / 0.901694 -0.218942 1.114811 -> 0.899074 -0.226244 1.122302 / dir = -1.000000 / l_pyr = 0.021568
Debug   : vH = 5013 / nTets = 6 / pp.size() = 6 / 0.812883 -0.193573 1.105482 -> 0.809898 -0.200614 1.112525 / dir = -1.000000 / l_pyr = 0.020794
Debug   : vH = 5011 / nTets = 4 / pp.size() = 4 / 0.738553 -0.170988 1.094341 -> 0.735290 -0.177853 1.100988 / dir = -1.000000 / l_pyr = 0.020195
Debug   : vH = 5009 / nTets = 4 / pp.size() = 4 / 0.678512 -0.151824 1.083095 -> 0.675042 -0.158578 1.089410 / dir = -1.000000 / l_pyr = 0.019753
Debug   : vH = 5007 / nTets = 4 / pp.size() = 4 / 0.631347 -0.136183 1.072835 -> 0.627725 -0.142874 1.078882 / dir = -1.000000 / l_pyr = 0.019437
Debug   : vH = 5004 / nTets = 4 / pp.size() = 4 / 0.595074 -0.123801 1.064082 -> 0.591342 -0.130457 1.069918 / dir = -1.000000 / l_pyr = 0.019214
Debug   : vH = 4996 / nTets = 6 / pp.size() = 6 / 1.756589 -0.359400 1.009082 -> 1.759627 -0.369820 1.019934 / dir = -1.000000 / l_pyr = 0.030696
Debug   : vH = 4994 / nTets = 14 / pp.size() = 14 / 1.719251 -0.355182 1.022955 -> 1.722008 -0.365657 1.033875 / dir = -1.000000 / l_pyr = 0.030762
Debug   : vH = 4990 / nTets = 6 / pp.size() = 6 / 1.670936 -0.349403 1.039674 -> 1.673320 -0.359917 1.050655 / dir = -1.000000 / l_pyr = 0.030777
Debug   : vH = 4988 / nTets = 4 / pp.size() = 4 / 1.609749 -0.341547 1.058886 -> 1.611645 -0.352041 1.069880 / dir = -1.000000 / l_pyr = 0.030631
Debug   : vH = 4985 / nTets = 4 / pp.size() = 4 / 1.534381 -0.331020 1.079592 -> 1.535672 -0.341414 1.090533 / dir = -1.000000 / l_pyr = 0.030291
Debug   : vH = 4982 / nTets = 4 / pp.size() = 4 / 1.444728 -0.317231 1.100052 -> 1.445308 -0.327413 1.110843 / dir = -1.000000 / l_pyr = 0.029694
Debug   : vH = 4979 / nTets = 4 / pp.size() = 4 / 1.342510 -0.299771 1.117959 -> 1.342311 -0.309611 1.128481 / dir = -1.000000 / l_pyr = 0.028814
Debug   : vH = 4977 / nTets = 6 / pp.size() = 6 / 1.231566 -0.278653 1.130970 -> 1.230579 -0.288036 1.141101 / dir = -1.000000 / l_pyr = 0.027688
Debug   : vH = 4974 / nTets = 4 / pp.size() = 4 / 1.117534 -0.254515 1.137466 -> 1.115818 -0.263375 1.147112 / dir = -1.000000 / l_pyr = 0.026419
Debug   : vH = 4972 / nTets = 6 / pp.size() = 6 / 1.006778 -0.228627 1.137153 -> 1.004438 -0.236959 1.146263 / dir = -1.000000 / l_pyr = 0.025131
Debug   : vH = 4969 / nTets = 4 / pp.size() = 4 / 0.904959 -0.202640 1.131113 -> 0.902123 -0.210499 1.139684 / dir = -1.000000 / l_pyr = 0.023939
Debug   : vH = 4967 / nTets = 4 / pp.size() = 4 / 0.815949 -0.178158 1.121301 -> 0.812738 -0.185631 1.129371 / dir = -1.000000 / l_pyr = 0.022915
Debug   : vH = 4964 / nTets = 6 / pp.size() = 6 / 0.741421 -0.156357 1.109819 -> 0.737936 -0.163538 1.117452 / dir = -1.000000 / l_pyr = 0.022087
Debug   : vH = 4962 / nTets = 4 / pp.size() = 4 / 0.681194 -0.137854 1.098355 -> 0.677514 -0.144825 1.105624 / dir = -1.000000 / l_pyr = 0.021446
Debug   : vH = 4959 / nTets = 4 / pp.size() = 4 / 0.633865 -0.122751 1.087967 -> 0.630048 -0.129578 1.094945 / dir = -1.000000 / l_pyr = 0.020964
Debug   : vH = 4956 / nTets = 4 / pp.size() = 4 / 0.597453 -0.110794 1.079146 -> 0.593540 -0.117523 1.085897 / dir = -1.000000 / l_pyr = 0.020608
Debug   : vH = 4950 / nTets = 4 / pp.size() = 4 / 1.761055 -0.335609 1.029875 -> 1.764531 -0.346428 1.041872 / dir = -1.000000 / l_pyr = 0.033050
Debug   : vH = 4947 / nTets = 4 / pp.size() = 4 / 1.723689 -0.331387 1.043865 -> 1.726856 -0.342287 1.055945 / dir = -1.000000 / l_pyr = 0.033153
Debug   : vH = 4945 / nTets = 6 / pp.size() = 6 / 1.675336 -0.325642 1.060690 -> 1.678096 -0.336625 1.072859 / dir = -1.000000 / l_pyr = 0.033246
Debug   : vH = 4942 / nTets = 4 / pp.size() = 4 / 1.614100 -0.317889 1.079966 -> 1.616329 -0.328925 1.092197 / dir = -1.000000 / l_pyr = 0.033248
Debug   : vH = 4939 / nTets = 6 / pp.size() = 6 / 1.538668 -0.307581 1.100642 -> 1.540226 -0.318585 1.112854 / dir = -1.000000 / l_pyr = 0.033023
Debug   : vH = 4937 / nTets = 8 / pp.size() = 8 / 1.448932 -0.294177 1.120925 -> 1.449695 -0.305037 1.133011 / dir = -1.000000 / l_pyr = 0.032533
Debug   : vH = 4934 / nTets = 6 / pp.size() = 6 / 1.346608 -0.277308 1.138460 -> 1.346492 -0.287879 1.150278 / dir = -1.000000 / l_pyr = 0.031713
Debug   : vH = 4932 / nTets = 4 / pp.size() = 4 / 1.235528 -0.256997 1.150892 -> 1.234521 -0.267127 1.162284 / dir = -1.000000 / l_pyr = 0.030557
Debug   : vH = 4930 / nTets = 4 / pp.size() = 4 / 1.121331 -0.233843 1.156643 -> 1.119504 -0.243417 1.167479 / dir = -1.000000 / l_pyr = 0.029150
Debug   : vH = 4926 / nTets = 4 / pp.size() = 4 / 1.010379 -0.209037 1.155505 -> 1.007863 -0.218010 1.165712 / dir = -1.000000 / l_pyr = 0.027642
Debug   : vH = 4924 / nTets = 6 / pp.size() = 6 / 0.908340 -0.184136 1.148660 -> 0.905292 -0.192536 1.158237 / dir = -1.000000 / l_pyr = 0.026196
Debug   : vH = 4922 / nTets = 4 / pp.size() = 4 / 0.819100 -0.160661 1.138144 -> 0.815665 -0.168568 1.147141 / dir = -1.000000 / l_pyr = 0.024922
Debug   : vH = 4920 / nTets = 4 / pp.size() = 4 / 0.744345 -0.139738 1.126094 -> 0.740640 -0.147251 1.134592 / dir = -1.000000 / l_pyr = 0.023867
Debug   : vH = 4917 / nTets = 6 / pp.size() = 6 / 0.683908 -0.121964 1.114199 -> 0.680021 -0.129179 1.122289 / dir = -1.000000 / l_pyr = 0.023032
Debug   : vH = 4915 / nTets = 4 / pp.size() = 4 / 0.636395 -0.107447 1.103500 -> 0.632385 -0.114443 1.111265 / dir = -1.000000 / l_pyr = 0.022390
Debug   : vH = 4912 / nTets = 4 / pp.size() = 4 / 0.599828 -0.095949 1.094460 -> 0.595736 -0.102788 1.101973 / dir = -1.000000 / l_pyr = 0.021906
Debug   : vH = 4906 / nTets = 4 / pp.size() = 4 / 1.765607 -0.309396 1.051340 -> 1.769508 -0.320394 1.064345 / dir = -1.000000 / l_pyr = 0.034946
Debug   : vH = 4904 / nTets = 8 / pp.size() = 8 / 1.728209 -0.305153 1.065495 -> 1.731807 -0.316336 1.078695 / dir = -1.000000 / l_pyr = 0.035342
Debug   : vH = 4901 / nTets = 4 / pp.size() = 4 / 1.679817 -0.299413 1.082494 -> 1.682972 -0.310711 1.095803 / dir = -1.000000 / l_pyr = 0.035480
Debug   : vH = 4899 / nTets = 4 / pp.size() = 4 / 1.618529 -0.291726 1.101924 -> 1.621111 -0.303136 1.115339 / dir = -1.000000 / l_pyr = 0.035598
Debug   : vH = 4896 / nTets = 6 / pp.size() = 6 / 1.543033 -0.281589 1.122692 -> 1.544887 -0.293052 1.136149 / dir = -1.000000 / l_pyr = 0.035550
Debug   : vH = 4892 / nTets = 4 / pp.size() = 4 / 1.453215 -0.268521 1.142938 -> 1.454195 -0.279925 1.156314 / dir = -1.000000 / l_pyr = 0.035210
Debug   : vH = 4890 / nTets = 6 / pp.size() = 6 / 1.350784 -0.252212 1.160245 -> 1.350786 -0.263414 1.173384 / dir = -1.000000 / l_pyr = 0.034532
Debug   : vH = 4886 / nTets = 8 / pp.size() = 8 / 1.239564 -0.232717 1.172214 -> 1.238564 -0.243549 1.184930 / dir = -1.000000 / l_pyr = 0.033468
Debug   : vH = 4884 / nTets = 6 / pp.size() = 6 / 1.125186 -0.210615 1.177276 -> 1.123255 -0.220928 1.189397 / dir = -1.000000 / l_pyr = 0.032063
Debug   : vH = 4882 / nTets = 4 / pp.size() = 4 / 1.014011 -0.187017 1.175287 -> 1.011303 -0.196721 1.186699 / dir = -1.000000 / l_pyr = 0.030446
Debug   : vH = 4880 / nTets = 4 / pp.size() = 4 / 0.911717 -0.163365 1.167533 -> 0.908420 -0.172447 1.178203 / dir = -1.000000 / l_pyr = 0.028789
Debug   : vH = 4877 / nTets = 6 / pp.size() = 6 / 0.822207 -0.141073 1.156146 -> 0.818499 -0.149582 1.166114 / dir = -1.000000 / l_pyr = 0.027241
Debug   : vH = 4875 / nTets = 4 / pp.size() = 4 / 0.747186 -0.121192 1.143334 -> 0.743211 -0.129218 1.152687 / dir = -1.000000 / l_pyr = 0.025899
Debug   : vH = 4872 / nTets = 4 / pp.size() = 4 / 0.686505 -0.104289 1.130814 -> 0.682364 -0.111929 1.139659 / dir = -1.000000 / l_pyr = 0.024799
Debug   : vH = 4869 / nTets = 4 / pp.size() = 4 / 0.638778 -0.090471 1.119626 -> 0.634538 -0.097817 1.128067 / dir = -1.000000 / l_pyr = 0.023932
Debug   : vH = 4865 / nTets = 4 / pp.size() = 4 / 0.602032 -0.079518 1.110216 -> 0.597733 -0.086644 1.118345 / dir = -1.000000 / l_pyr = 0.023268
Debug   : vH = 4860 / nTets = 4 / pp.size() = 4 / 1.770122 -0.280851 1.073248 -> 1.774263 -0.291427 1.086588 / dir = -1.000000 / l_pyr = 0.035041
Debug   : vH = 4857 / nTets = 4 / pp.size() = 4 / 1.732687 -0.276566 1.087605 -> 1.736725 -0.287911 1.101875 / dir = -1.000000 / l_pyr = 0.037342
Debug   : vH = 4855 / nTets = 8 / pp.size() = 8 / 1.684246 -0.270806 1.104832 -> 1.687811 -0.282290 1.119230 / dir = -1.000000 / l_pyr = 0.037516
Debug   : vH = 4852 / nTets = 4 / pp.size() = 4 / 1.622900 -0.263146 1.124493 -> 1.625850 -0.274777 1.139021 / dir = -1.000000 / l_pyr = 0.037684
Debug   : vH = 4849 / nTets = 4 / pp.size() = 4 / 1.547332 -0.253131 1.145455 -> 1.549503 -0.264893 1.160087 / dir = -1.000000 / l_pyr = 0.037797
Debug   : vH = 4847 / nTets = 8 / pp.size() = 8 / 1.457427 -0.240342 1.165798 -> 1.458650 -0.252118 1.180386 / dir = -1.000000 / l_pyr = 0.037576
Debug   : vH = 4844 / nTets = 6 / pp.size() = 6 / 1.354885 -0.224538 1.183035 -> 1.355039 -0.236199 1.197418 / dir = -1.000000 / l_pyr = 0.037035
Debug   : vH = 4842 / nTets = 4 / pp.size() = 4 / 1.243521 -0.205825 1.194706 -> 1.242566 -0.217210 1.208682 / dir = -1.000000 / l_pyr = 0.036104
Debug   : vH = 4839 / nTets = 6 / pp.size() = 6 / 1.128951 -0.184787 1.199221 -> 1.126957 -0.195733 1.212585 / dir = -1.000000 / l_pyr = 0.034780
Debug   : vH = 4837 / nTets = 4 / pp.size() = 4 / 1.017534 -0.162477 1.196467 -> 1.014665 -0.172863 1.209061 / dir = -1.000000 / l_pyr = 0.033149
Debug   : vH = 4833 / nTets = 6 / pp.size() = 6 / 0.914955 -0.140226 1.187809 -> 0.911428 -0.150000 1.199559 / dir = -1.000000 / l_pyr = 0.031371
Debug   : vH = 4831 / nTets = 4 / pp.size() = 4 / 0.825135 -0.119319 1.175483 -> 0.821161 -0.128499 1.186403 / dir = -1.000000 / l_pyr = 0.029617
Debug   : vH = 4829 / nTets = 4 / pp.size() = 4 / 0.749807 -0.100708 1.161785 -> 0.745559 -0.109359 1.171954 / dir = -1.000000 / l_pyr = 0.028022
Debug   : vH = 4827 / nTets = 4 / pp.size() = 4 / 0.688842 -0.084897 1.148490 -> 0.684442 -0.093108 1.158024 / dir = -1.000000 / l_pyr = 0.026660
Debug   : vH = 4824 / nTets = 4 / pp.size() = 4 / 0.640868 -0.071974 1.136662 -> 0.636392 -0.079836 1.145682 / dir = -1.000000 / l_pyr = 0.025551
Debug   : vH = 4819 / nTets = 4 / pp.size() = 4 / 0.603916 -0.061729 1.126744 -> 0.599409 -0.069321 1.135363 / dir = -1.000000 / l_pyr = 0.024678
Debug   : vH = 4815 / nTets = 4 / pp.size() = 4 / 1.774452 -0.250217 1.095319 -> 1.778831 -0.260375 1.108978 / dir = -1.000000 / l_pyr = 0.035154
Debug   : vH = 4811 / nTets = 4 / pp.size() = 4 / 1.736965 -0.245897 1.109889 -> 1.741406 -0.257197 1.125031 / dir = -1.000000 / l_pyr = 0.038816
Debug   : vH = 4809 / nTets = 4 / pp.size() = 4 / 1.688461 -0.240123 1.127360 -> 1.692397 -0.251561 1.142621 / dir = -1.000000 / l_pyr = 0.038947
Debug   : vH = 4805 / nTets = 8 / pp.size() = 8 / 1.627036 -0.232499 1.147279 -> 1.630319 -0.244085 1.162656 / dir = -1.000000 / l_pyr = 0.039062
Debug   : vH = 4803 / nTets = 6 / pp.size() = 6 / 1.551374 -0.222615 1.168476 -> 1.553828 -0.234320 1.183912 / dir = -1.000000 / l_pyr = 0.039055
Debug   : vH = 4801 / nTets = 4 / pp.size() = 4 / 1.461357 -0.210114 1.188979 -> 1.462809 -0.221851 1.204342 / dir = -1.000000 / l_pyr = 0.038774
Debug   : vH = 4799 / nTets = 4 / pp.size() = 4 / 1.358681 -0.194825 1.206235 -> 1.359005 -0.206479 1.221356 / dir = -1.000000 / l_pyr = 0.038186
Debug   : vH = 4795 / nTets = 6 / pp.size() = 6 / 1.247151 -0.176912 1.217723 -> 1.246305 -0.188337 1.232392 / dir = -1.000000 / l_pyr = 0.037225
Debug   : vH = 4793 / nTets = 6 / pp.size() = 6 / 1.132371 -0.156975 1.221815 -> 1.130428 -0.168023 1.235823 / dir = -1.000000 / l_pyr = 0.035892
Debug   : vH = 4791 / nTets = 4 / pp.size() = 4 / 1.020695 -0.136021 1.218413 -> 1.017825 -0.146578 1.231599 / dir = -1.000000 / l_pyr = 0.034268
Debug   : vH = 4789 / nTets = 4 / pp.size() = 4 / 0.917813 -0.115279 1.208940 -> 0.914242 -0.125291 1.221229 / dir = -1.000000 / l_pyr = 0.032497
Debug   : vH = 4786 / nTets = 6 / pp.size() = 6 / 0.827664 -0.095905 1.195721 -> 0.823617 -0.105378 1.207123 / dir = -1.000000 / l_pyr = 0.030733
Debug   : vH = 4784 / nTets = 4 / pp.size() = 4 / 0.752009 -0.078734 1.181141 -> 0.747670 -0.087718 1.191735 / dir = -1.000000 / l_pyr = 0.029104
Debug   : vH = 4781 / nTets = 4 / pp.size() = 4 / 0.690742 -0.064192 1.167044 -> 0.686246 -0.072762 1.176945 / dir = -1.000000 / l_pyr = 0.027689
Debug   : vH = 4779 / nTets = 4 / pp.size() = 4 / 0.642507 -0.052333 1.154528 -> 0.637937 -0.060565 1.163862 / dir = -1.000000 / l_pyr = 0.026516
Debug   : vH = 4775 / nTets = 4 / pp.size() = 4 / 0.605339 -0.042945 1.144048 -> 0.600744 -0.050914 1.152933 / dir = -1.000000 / l_pyr = 0.025577
Debug   : vH = 4769 / nTets = 4 / pp.size() = 4 / 1.778447 -0.217893 1.117233 -> 1.783059 -0.227639 1.131190 / dir = -1.000000 / l_pyr = 0.035275
Debug   : vH = 4767 / nTets = 12 / pp.size() = 12 / 1.740889 -0.213589 1.131988 -> 1.745682 -0.224675 1.147797 / dir = -1.000000 / l_pyr = 0.039789
Debug   : vH = 4764 / nTets = 4 / pp.size() = 4 / 1.692295 -0.207866 1.149671 -> 1.696555 -0.219072 1.165568 / dir = -1.000000 / l_pyr = 0.039821
Debug   : vH = 4760 / nTets = 4 / pp.size() = 4 / 1.630760 -0.200356 1.169814 -> 1.634325 -0.211671 1.185755 / dir = -1.000000 / l_pyr = 0.039741
Debug   : vH = 4757 / nTets = 8 / pp.size() = 8 / 1.554967 -0.190696 1.191215 -> 1.557661 -0.202092 1.207133 / dir = -1.000000 / l_pyr = 0.039522
Debug   : vH = 4754 / nTets = 6 / pp.size() = 6 / 1.464799 -0.178588 1.211858 -> 1.466454 -0.190005 1.227633 / dir = -1.000000 / l_pyr = 0.039087
Debug   : vH = 4752 / nTets = 6 / pp.size() = 6 / 1.361948 -0.163925 1.229130 -> 1.362442 -0.175264 1.244590 / dir = -1.000000 / l_pyr = 0.038358
Debug   : vH = 4750 / nTets = 4 / pp.size() = 4 / 1.250215 -0.146922 1.240459 -> 1.249513 -0.158059 1.255394 / dir = -1.000000 / l_pyr = 0.037287
Debug   : vH = 4748 / nTets = 4 / pp.size() = 4 / 1.135199 -0.128188 1.244188 -> 1.133379 -0.138995 1.258396 / dir = -1.000000 / l_pyr = 0.035889
Debug   : vH = 4746 / nTets = 4 / pp.size() = 4 / 1.023247 -0.108680 1.240226 -> 1.020485 -0.119063 1.253560 / dir = -1.000000 / l_pyr = 0.034247
Debug   : vH = 4741 / nTets = 6 / pp.size() = 6 / 0.920056 -0.089526 1.230048 -> 0.916582 -0.099440 1.242444 / dir = -1.000000 / l_pyr = 0.032497
Debug   : vH = 4739 / nTets = 4 / pp.size() = 4 / 0.829583 -0.071757 1.216050 -> 0.825622 -0.081208 1.227533 / dir = -1.000000 / l_pyr = 0.030782
Debug   : vH = 4737 / nTets = 4 / pp.size() = 4 / 0.753610 -0.056094 1.200692 -> 0.749348 -0.065127 1.211352 / dir = -1.000000 / l_pyr = 0.029216
Debug   : vH = 4735 / nTets = 4 / pp.size() = 4 / 0.692054 -0.042888 1.185878 -> 0.687624 -0.051565 1.195837 / dir = -1.000000 / l_pyr = 0.027865
Debug   : vH = 4731 / nTets = 4 / pp.size() = 4 / 0.643569 -0.032154 1.172740 -> 0.639056 -0.040544 1.182128 / dir = -1.000000 / l_pyr = 0.026750
Debug   : vH = 4729 / nTets = 4 / pp.size() = 4 / 0.606196 -0.023680 1.161746 -> 0.601651 -0.031845 1.170684 / dir = -1.000000 / l_pyr = 0.025862
Debug   : vH = 4722 / nTets = 6 / pp.size() = 6 / 1.781981 -0.184263 1.138746 -> 1.786815 -0.193606 1.152977 / dir = -1.000000 / l_pyr = 0.035394
Debug   : vH = 4719 / nTets = 8 / pp.size() = 8 / 1.744331 -0.180046 1.153645 -> 1.749419 -0.190789 1.169929 / dir = -1.000000 / l_pyr = 0.040322
Debug   : vH = 4716 / nTets = 10 / pp.size() = 10 / 1.695621 -0.174462 1.171491 -> 1.700147 -0.185294 1.187808 / dir = -1.000000 / l_pyr = 0.040202
Debug   : vH = 4714 / nTets = 4 / pp.size() = 4 / 1.633944 -0.167175 1.191802 -> 1.637748 -0.178094 1.208112 / dir = -1.000000 / l_pyr = 0.039985
Debug   : vH = 4711 / nTets = 4 / pp.size() = 4 / 1.557983 -0.157865 1.213351 -> 1.560888 -0.168848 1.229578 / dir = -1.000000 / l_pyr = 0.039617
Debug   : vH = 4707 / nTets = 8 / pp.size() = 8 / 1.467623 -0.146288 1.234083 -> 1.469464 -0.157285 1.250100 / dir = -1.000000 / l_pyr = 0.039032
Debug   : vH = 4704 / nTets = 4 / pp.size() = 4 / 1.364559 -0.132393 1.251341 -> 1.365218 -0.143324 1.266972 / dir = -1.000000 / l_pyr = 0.038171
Debug   : vH = 4701 / nTets = 6 / pp.size() = 6 / 1.252589 -0.116435 1.262509 -> 1.252040 -0.127195 1.277551 / dir = -1.000000 / l_pyr = 0.037004
Debug   : vH = 4699 / nTets = 8 / pp.size() = 8 / 1.137313 -0.099020 1.265912 -> 1.135638 -0.109506 1.280172 / dir = -1.000000 / l_pyr = 0.035559
Debug   : vH = 4697 / nTets = 8 / pp.size() = 8 / 1.025076 -0.081050 1.261468 -> 1.022457 -0.091183 1.274813 / dir = -1.000000 / l_pyr = 0.033920
Debug   : vH = 4695 / nTets = 6 / pp.size() = 6 / 0.921582 -0.063548 1.250691 -> 0.918246 -0.073294 1.263075 / dir = -1.000000 / l_pyr = 0.032216
Debug   : vH = 4692 / nTets = 6 / pp.size() = 6 / 0.830800 -0.047424 1.236038 -> 0.826972 -0.056788 1.247500 / dir = -1.000000 / l_pyr = 0.030575
Debug   : vH = 4689 / nTets = 4 / pp.size() = 4 / 0.754531 -0.033292 1.220031 -> 0.750396 -0.042313 1.230668 / dir = -1.000000 / l_pyr = 0.029093
Debug   : vH = 4686 / nTets = 4 / pp.size() = 4 / 0.692709 -0.021432 1.204621 -> 0.688398 -0.030161 1.214560 / dir = -1.000000 / l_pyr = 0.027827
Debug   : vH = 4684 / nTets = 8 / pp.size() = 8 / 0.643997 -0.011827 1.190967 -> 0.639596 -0.020322 1.200341 / dir = -1.000000 / l_pyr = 0.026789
Debug   : vH = 4679 / nTets = 6 / pp.size() = 6 / 0.606439 -0.004267 1.179546 -> 0.601998 -0.012577 1.188476 / dir = -1.000000 / l_pyr = 0.025965
Debug   : vH = 4673 / nTets = 4 / pp.size() = 4 / 1.784950 -0.149713 1.159672 -> 1.789991 -0.158666 1.174151 / dir = -1.000000 / l_pyr = 0.035509
Debug   : vH = 4670 / nTets = 4 / pp.size() = 4 / 1.747191 -0.145652 1.174674 -> 1.752506 -0.155943 1.191228 / dir = -1.000000 / l_pyr = 0.040407
Debug   : vH = 4666 / nTets = 8 / pp.size() = 8 / 1.698343 -0.140294 1.192635 -> 1.703078 -0.150656 1.209182 / dir = -1.000000 / l_pyr = 0.040178
Debug   : vH = 4662 / nTets = 6 / pp.size() = 6 / 1.636498 -0.133335 1.213061 -> 1.640492 -0.143765 1.229553 / dir = -1.000000 / l_pyr = 0.039836
Debug   : vH = 4659 / nTets = 6 / pp.size() = 6 / 1.560340 -0.124494 1.234705 -> 1.563418 -0.134976 1.251058 / dir = -1.000000 / l_pyr = 0.039332
Debug   : vH = 4657 / nTets = 6 / pp.size() = 6 / 1.469757 -0.113579 1.255480 -> 1.471758 -0.124073 1.271563 / dir = -1.000000 / l_pyr = 0.038615
Debug   : vH = 4654 / nTets = 6 / pp.size() = 6 / 1.366449 -0.100584 1.272697 -> 1.367263 -0.111027 1.288334 / dir = -1.000000 / l_pyr = 0.037643
Debug   : vH = 4652 / nTets = 6 / pp.size() = 6 / 1.254221 -0.085790 1.283710 -> 1.253827 -0.096101 1.298704 / dir = -1.000000 / l_pyr = 0.036402
Debug   : vH = 4650 / nTets = 4 / pp.size() = 4 / 1.138673 -0.069790 1.286830 -> 1.137159 -0.079887 1.301002 / dir = -1.000000 / l_pyr = 0.034933
Debug   : vH = 4647 / nTets = 6 / pp.size() = 6 / 1.026151 -0.053424 1.281986 -> 1.023700 -0.063245 1.295219 / dir = -1.000000 / l_pyr = 0.033322
Debug   : vH = 4645 / nTets = 4 / pp.size() = 4 / 0.922366 -0.037612 1.270724 -> 0.919203 -0.047130 1.282988 / dir = -1.000000 / l_pyr = 0.031687
Debug   : vH = 4643 / nTets = 4 / pp.size() = 4 / 0.831296 -0.023145 1.255549 -> 0.827642 -0.032367 1.266894 / dir = -1.000000 / l_pyr = 0.030139
Debug   : vH = 4641 / nTets = 8 / pp.size() = 8 / 0.754757 -0.010542 1.239027 -> 0.750792 -0.019496 1.249558 / dir = -1.000000 / l_pyr = 0.028761
Debug   : vH = 4638 / nTets = 8 / pp.size() = 8 / 0.692695 -0.000016 1.223144 -> 0.688549 -0.008744 1.232993 / dir = -1.000000 / l_pyr = 0.027595
Debug   : vH = 4636 / nTets = 4 / pp.size() = 4 / 0.643780 0.008475 1.209083 -> 0.639537 -0.000071 1.218382 / dir = -1.000000 / l_pyr = 0.026646
Debug   : vH = 4631 / nTets = 8 / pp.size() = 8 / 0.606058 0.015138 1.197326 -> 0.601769 0.006733 1.206194 / dir = -1.000000 / l_pyr = 0.025897
Debug   : vH = 4625 / nTets = 6 / pp.size() = 6 / 1.787281 -0.114675 1.179834 -> 1.792511 -0.123252 1.194539 / dir = -1.000000 / l_pyr = 0.035618
Debug   : vH = 4622 / nTets = 4 / pp.size() = 4 / 1.749399 -0.110834 1.194903 -> 1.754865 -0.120587 1.211526 / dir = -1.000000 / l_pyr = 0.040066
Debug   : vH = 4620 / nTets = 10 / pp.size() = 10 / 1.700398 -0.105781 1.212936 -> 1.705273 -0.115589 1.229514 / dir = -1.000000 / l_pyr = 0.039741
Debug   : vH = 4617 / nTets = 8 / pp.size() = 8 / 1.638367 -0.099243 1.233429 -> 1.642493 -0.109106 1.249909 / dir = -1.000000 / l_pyr = 0.039288
Debug   : vH = 4614 / nTets = 8 / pp.size() = 8 / 1.561990 -0.090981 1.255119 -> 1.565196 -0.100887 1.271409 / dir = -1.000000 / l_pyr = 0.038667
Debug   : vH = 4612 / nTets = 4 / pp.size() = 4 / 1.471164 -0.080842 1.275899 -> 1.473293 -0.090763 1.291866 / dir = -1.000000 / l_pyr = 0.037837
Debug   : vH = 4610 / nTets = 4 / pp.size() = 4 / 1.367595 -0.068858 1.293054 -> 1.368545 -0.078748 1.308526 / dir = -1.000000 / l_pyr = 0.036774
Debug   : vH = 4607 / nTets = 4 / pp.size() = 4 / 1.255096 -0.055326 1.303923 -> 1.254854 -0.065123 1.318711 / dir = -1.000000 / l_pyr = 0.035482
Debug   : vH = 4604 / nTets = 4 / pp.size() = 4 / 1.139273 -0.040814 1.306809 -> 1.137930 -0.050459 1.320750 / dir = -1.000000 / l_pyr = 0.034010
Debug   : vH = 4601 / nTets = 4 / pp.size() = 4 / 1.026476 -0.026092 1.301651 -> 1.024214 -0.035539 1.314644 / dir = -1.000000 / l_pyr = 0.032446
Debug   : vH = 4598 / nTets = 6 / pp.size() = 6 / 0.922418 -0.011981 1.290021 -> 0.919458 -0.021209 1.302052 / dir = -1.000000 / l_pyr = 0.030897
Debug   : vH = 4596 / nTets = 4 / pp.size() = 4 / 0.831085 0.000839 1.274455 -> 0.827641 -0.008175 1.285584 / dir = -1.000000 / l_pyr = 0.029458
Debug   : vH = 4592 / nTets = 4 / pp.size() = 4 / 0.754303 0.011940 1.257552 -> 0.750550 0.003119 1.267889 / dir = -1.000000 / l_pyr = 0.028196
Debug   : vH = 4590 / nTets = 4 / pp.size() = 4 / 0.692028 0.021165 1.241322 -> 0.688091 0.012505 1.251000 / dir = -1.000000 / l_pyr = 0.027140
Debug   : vH = 4585 / nTets = 8 / pp.size() = 8 / 0.642934 0.028575 1.226963 -> 0.638895 0.020044 1.236111 / dir = -1.000000 / l_pyr = 0.026288
Debug   : vH = 4582 / nTets = 6 / pp.size() = 6 / 0.605066 0.034368 1.214961 -> 0.600977 0.025938 1.223696 / dir = -1.000000 / l_pyr = 0.025621
Debug   : vH = 4576 / nTets = 6 / pp.size() = 6 / 1.788928 -0.079587 1.199088 -> 1.794330 -0.087806 1.213996 / dir = -1.000000 / l_pyr = 0.035719
Debug   : vH = 4574 / nTets = 8 / pp.size() = 8 / 1.750916 -0.076020 1.214191 -> 1.756454 -0.085176 1.230692 / dir = -1.000000 / l_pyr = 0.039335
Debug   : vH = 4571 / nTets = 4 / pp.size() = 4 / 1.701751 -0.071338 1.232258 -> 1.706699 -0.080539 1.248685 / dir = -1.000000 / l_pyr = 0.038934
Debug   : vH = 4569 / nTets = 6 / pp.size() = 6 / 1.639522 -0.065302 1.252777 -> 1.643722 -0.074548 1.269069 / dir = -1.000000 / l_pyr = 0.038395
Debug   : vH = 4566 / nTets = 4 / pp.size() = 4 / 1.562916 -0.057708 1.274474 -> 1.566202 -0.066993 1.290537 / dir = -1.000000 / l_pyr = 0.037684
Debug   : vH = 4563 / nTets = 6 / pp.size() = 6 / 1.471835 -0.048439 1.295227 -> 1.474059 -0.057746 1.310927 / dir = -1.000000 / l_pyr = 0.036772
Debug   : vH = 4560 / nTets = 6 / pp.size() = 6 / 1.367997 -0.037555 1.312309 -> 1.369064 -0.046854 1.327478 / dir = -1.000000 / l_pyr = 0.035649
Debug   : vH = 4558 / nTets = 6 / pp.size() = 6 / 1.255227 -0.025355 1.323050 -> 1.255129 -0.034605 1.337511 / dir = -1.000000 / l_pyr = 0.034333
Debug   : vH = 4556 / nTets = 4 / pp.size() = 4 / 1.139136 -0.012375 1.325754 -> 1.137967 -0.021535 1.339357 / dir = -1.000000 / l_pyr = 0.032882
Debug   : vH = 4553 / nTets = 6 / pp.size() = 6 / 1.026079 0.000687 1.320369 -> 1.024017 -0.008350 1.333031 / dir = -1.000000 / l_pyr = 0.031385
Debug   : vH = 4551 / nTets = 4 / pp.size() = 4 / 0.921770 0.013112 1.308485 -> 0.919031 0.004211 1.320204 / dir = -1.000000 / l_pyr = 0.029937
Debug   : vH = 4549 / nTets = 4 / pp.size() = 4 / 0.830200 0.024320 1.292657 -> 0.826988 0.015554 1.303502 / dir = -1.000000 / l_pyr = 0.028619
Debug   : vH = 4546 / nTets = 6 / pp.size() = 6 / 0.753203 0.033964 1.275502 -> 0.749686 0.025319 1.285586 / dir = -1.000000 / l_pyr = 0.027481
Debug   : vH = 4543 / nTets = 6 / pp.size() = 6 / 0.690740 0.041936 1.259047 -> 0.687039 0.033391 1.268501 / dir = -1.000000 / l_pyr = 0.026541
Debug   : vH = 4540 / nTets = 4 / pp.size() = 4 / 0.641487 0.048310 1.244494 -> 0.637682 0.039843 1.253445 / dir = -1.000000 / l_pyr = 0.025789
Debug   : vH = 4537 / nTets = 4 / pp.size() = 4 / 0.603493 0.053274 1.232333 -> 0.599632 0.044868 1.240892 / dir = -1.000000 / l_pyr = 0.025205
Debug   : vH = 4532 / nTets = 4 / pp.size() = 4 / 1.789881 -0.044858 1.217328 -> 1.795434 -0.052736 1.232419 / dir = -1.000000 / l_pyr = 0.035813
Debug   : vH = 4528 / nTets = 4 / pp.size() = 4 / 1.751735 -0.041604 1.232439 -> 1.757274 -0.050129 1.248655 / dir = -1.000000 / l_pyr = 0.038279
Debug   : vH = 4524 / nTets = 6 / pp.size() = 6 / 1.702403 -0.037344 1.250510 -> 1.707358 -0.045905 1.266629 / dir = -1.000000 / l_pyr = 0.037825
Debug   : vH = 4522 / nTets = 6 / pp.size() = 6 / 1.639972 -0.031868 1.271023 -> 1.644191 -0.040470 1.286980 / dir = -1.000000 / l_pyr = 0.037225
Debug   : vH = 4519 / nTets = 4 / pp.size() = 4 / 1.563133 -0.025007 1.292696 -> 1.566455 -0.033648 1.308395 / dir = -1.000000 / l_pyr = 0.036452
Debug   : vH = 4516 / nTets = 4 / pp.size() = 4 / 1.471795 -0.016676 1.313400 -> 1.474081 -0.025351 1.328708 / dir = -1.000000 / l_pyr = 0.035485
Debug   : vH = 4512 / nTets = 6 / pp.size() = 6 / 1.367691 -0.006953 1.330405 -> 1.368852 -0.015644 1.345160 / dir = -1.000000 / l_pyr = 0.034326
Debug   : vH = 4509 / nTets = 6 / pp.size() = 6 / 1.254655 0.003871 1.341040 -> 1.254689 -0.004814 1.355074 / dir = -1.000000 / l_pyr = 0.033008
Debug   : vH = 4506 / nTets = 4 / pp.size() = 4 / 1.138309 0.015301 1.343616 -> 1.137311 0.006646 1.356795 / dir = -1.000000 / l_pyr = 0.031596
Debug   : vH = 4504 / nTets = 4 / pp.size() = 4 / 1.025011 0.026713 1.338090 -> 1.023154 0.018110 1.350345 / dir = -1.000000 / l_pyr = 0.030175
Debug   : vH = 4502 / nTets = 4 / pp.size() = 4 / 0.920476 0.037486 1.326061 -> 0.917967 0.028944 1.337401 / dir = -1.000000 / l_pyr = 0.028835
Debug   : vH = 4499 / nTets = 4 / pp.size() = 4 / 0.828695 0.047134 1.310092 -> 0.825729 0.038654 1.320593 / dir = -1.000000 / l_pyr = 0.027639
Debug   : vH = 4496 / nTets = 4 / pp.size() = 4 / 0.751507 0.055381 1.292807 -> 0.748245 0.046955 1.302583 / dir = -1.000000 / l_pyr = 0.026624
Debug   : vH = 4493 / nTets = 4 / pp.size() = 4 / 0.688879 0.062159 1.276237 -> 0.685434 0.053777 1.285416 / dir = -1.000000 / l_pyr = 0.025797
Debug   : vH = 4491 / nTets = 8 / pp.size() = 8 / 0.639487 0.067550 1.261588 -> 0.635938 0.059201 1.270292 / dir = -1.000000 / l_pyr = 0.025144
Debug   : vH = 4488 / nTets = 4 / pp.size() = 4 / 0.601379 0.071731 1.249349 -> 0.597773 0.063406 1.257685 / dir = -1.000000 / l_pyr = 0.024641
Debug   : vH = 4483 / nTets = 4 / pp.size() = 4 / 1.790161 -0.010874 1.234468 -> 1.795847 -0.018428 1.249726 / dir = -1.000000 / l_pyr = 0.035899
Debug   : vH = 4480 / nTets = 4 / pp.size() = 4 / 1.751882 -0.007955 1.249566 -> 1.757344 -0.015818 1.265332 / dir = -1.000000 / l_pyr = 0.036889
Debug   : vH = 4476 / nTets = 4 / pp.size() = 4 / 1.702384 -0.004145 1.267616 -> 1.707279 -0.012038 1.283272 / dir = -1.000000 / l_pyr = 0.036407
Debug   : vH = 4473 / nTets = 4 / pp.size() = 4 / 1.639752 0.000736 1.288097 -> 1.643933 -0.007194 1.303578 / dir = -1.000000 / l_pyr = 0.035777
Debug   : vH = 4471 / nTets = 4 / pp.size() = 4 / 1.562681 0.006825 1.309725 -> 1.565996 -0.001148 1.324933 / dir = -1.000000 / l_pyr = 0.034976
Debug   : vH = 4469 / nTets = 4 / pp.size() = 4 / 1.471092 0.014181 1.330369 -> 1.473407 0.006161 1.345174 / dir = -1.000000 / l_pyr = 0.033991
Debug   : vH = 4466 / nTets = 4 / pp.size() = 4 / 1.366728 0.022713 1.347302 -> 1.367962 0.014648 1.361546 / dir = -1.000000 / l_pyr = 0.032830
Debug   : vH = 4464 / nTets = 6 / pp.size() = 6 / 1.253440 0.032145 1.357860 -> 1.253594 0.024041 1.371386 / dir = -1.000000 / l_pyr = 0.031536
Debug   : vH = 4462 / nTets = 6 / pp.size() = 6 / 1.136857 0.042028 1.360365 -> 1.136024 0.033897 1.373049 / dir = -1.000000 / l_pyr = 0.030180
Debug   : vH = 4459 / nTets = 6 / pp.size() = 6 / 1.023339 0.051819 1.354780 -> 1.021687 0.043672 1.366566 / dir = -1.000000 / l_pyr = 0.028845
Debug   : vH = 4457 / nTets = 4 / pp.size() = 4 / 0.918601 0.060988 1.342708 -> 0.916326 0.052833 1.353614 / dir = -1.000000 / l_pyr = 0.027614
Debug   : vH = 4455 / nTets = 4 / pp.size() = 4 / 0.826633 0.069138 1.326709 -> 0.823922 0.060977 1.336814 / dir = -1.000000 / l_pyr = 0.026538
Debug   : vH = 4452 / nTets = 4 / pp.size() = 4 / 0.749277 0.076056 1.309404 -> 0.746280 0.067890 1.318822 / dir = -1.000000 / l_pyr = 0.025642
Debug   : vH = 4449 / nTets = 8 / pp.size() = 8 / 0.686500 0.081705 1.292820 -> 0.683327 0.073531 1.301676 / dir = -1.000000 / l_pyr = 0.024924
Debug   : vH = 4446 / nTets = 4 / pp.size() = 4 / 0.636984 0.086172 1.278161 -> 0.633708 0.077991 1.286572 / dir = -1.000000 / l_pyr = 0.024364
Debug   : vH = 4443 / nTets = 4 / pp.size() = 4 / 0.598775 0.089618 1.265916 -> 0.595441 0.081429 1.273983 / dir = -1.000000 / l_pyr = 0.023938
Debug   : vH = 4438 / nTets = 4 / pp.size() = 4 / 1.789817 0.021990 1.250429 -> 1.795543 0.014835 1.265654 / dir = -1.000000 / l_pyr = 0.035540
Debug   : vH = 4434 / nTets = 4 / pp.size() = 4 / 1.751407 0.024557 1.265489 -> 1.756712 0.017391 1.280633 / dir = -1.000000 / l_pyr = 0.035146
Debug   : vH = 4432 / nTets = 8 / pp.size() = 8 / 1.701746 0.027898 1.283490 -> 1.706506 0.020716 1.298508 / dir = -1.000000 / l_pyr = 0.034630
Debug   : vH = 4429 / nTets = 6 / pp.size() = 6 / 1.638919 0.032164 1.303910 -> 1.642996 0.024957 1.318738 / dir = -1.000000 / l_pyr = 0.033966
Debug   : vH = 4427 / nTets = 6 / pp.size() = 6 / 1.561625 0.037462 1.325467 -> 1.564876 0.030218 1.340009 / dir = -1.000000 / l_pyr = 0.033137
Debug   : vH = 4423 / nTets = 4 / pp.size() = 4 / 1.469795 0.043827 1.346037 -> 1.472095 0.036532 1.360169 / dir = -1.000000 / l_pyr = 0.032139
Debug   : vH = 4421 / nTets = 6 / pp.size() = 6 / 1.365186 0.051165 1.362901 -> 1.366463 0.043804 1.376477 / dir = -1.000000 / l_pyr = 0.030993
Debug   : vH = 4419 / nTets = 4 / pp.size() = 4 / 1.251662 0.059217 1.373412 -> 1.251920 0.051779 1.386290 / dir = -1.000000 / l_pyr = 0.029747
Debug   : vH = 4417 / nTets = 4 / pp.size() = 4 / 1.134861 0.067588 1.375903 -> 1.134190 0.060067 1.387974 / dir = -1.000000 / l_pyr = 0.028476
Debug   : vH = 4415 / nTets = 4 / pp.size() = 4 / 1.021146 0.075814 1.370343 -> 1.019702 0.068210 1.381562 / dir = -1.000000 / l_pyr = 0.027259
Debug   : vH = 4413 / nTets = 4 / pp.size() = 4 / 0.916228 0.083453 1.358329 -> 0.914196 0.075770 1.368721 / dir = -1.000000 / l_pyr = 0.026165
Debug   : vH = 4410 / nTets = 4 / pp.size() = 4 / 0.824095 0.090187 1.342409 -> 0.821648 0.082431 1.352053 / dir = -1.000000 / l_pyr = 0.025232
Debug   : vH = 4407 / nTets = 4 / pp.size() = 4 / 0.746588 0.095859 1.325189 -> 0.743867 0.088037 1.334196 / dir = -1.000000 / l_pyr = 0.024472
Debug   : vH = 4404 / nTets = 4 / pp.size() = 4 / 0.683679 0.100455 1.308687 -> 0.680788 0.092576 1.317175 / dir = -1.000000 / l_pyr = 0.023873
Debug   : vH = 4402 / nTets = 4 / pp.size() = 4 / 0.634050 0.104064 1.294100 -> 0.631057 0.096137 1.302179 / dir = -1.000000 / l_pyr = 0.023414
Debug   : vH = 4399 / nTets = 4 / pp.size() = 4 / 0.595748 0.106830 1.281915 -> 0.592696 0.098864 1.289678 / dir = -1.000000 / l_pyr = 0.023069
Debug   : vH = 4393 / nTets = 4 / pp.size() = 4 / 1.788922 0.053391 1.265141 -> 1.794398 0.046933 1.279612 / dir = -1.000000 / l_pyr = 0.033532
Debug   : vH = 4390 / nTets = 4 / pp.size() = 4 / 1.750387 0.055591 1.280132 -> 1.755461 0.049137 1.294509 / dir = -1.000000 / l_pyr = 0.033112
Debug   : vH = 4387 / nTets = 4 / pp.size() = 4 / 1.700571 0.058448 1.298049 -> 1.705128 0.051993 1.312288 / dir = -1.000000 / l_pyr = 0.032569
Debug   : vH = 4385 / nTets = 4 / pp.size() = 4 / 1.637558 0.062084 1.318372 -> 1.641470 0.055619 1.332408 / dir = -1.000000 / l_pyr = 0.031882
Debug   : vH = 4381 / nTets = 4 / pp.size() = 4 / 1.560053 0.066581 1.339824 -> 1.563188 0.060091 1.353569 / dir = -1.000000 / l_pyr = 0.031040
Debug   : vH = 4379 / nTets = 6 / pp.size() = 6 / 1.467997 0.071957 1.360293 -> 1.470243 0.065421 1.373632 / dir = -1.000000 / l_pyr = 0.030047
Debug   : vH = 4377 / nTets = 4 / pp.size() = 4 / 1.363160 0.078120 1.377081 -> 1.364451 0.071508 1.389884 / dir = -1.000000 / l_pyr = 0.028934
Debug   : vH = 4374 / nTets = 4 / pp.size() = 4 / 1.249421 0.084835 1.387564 -> 1.249763 0.078120 1.399705 / dir = -1.000000 / l_pyr = 0.027757
Debug   : vH = 4372 / nTets = 4 / pp.size() = 4 / 1.132425 0.091765 1.390090 -> 1.131902 0.084924 1.401478 / dir = -1.000000 / l_pyr = 0.026591
Debug   : vH = 4368 / nTets = 4 / pp.size() = 4 / 1.018534 0.098518 1.384631 -> 1.017290 0.091537 1.395234 / dir = -1.000000 / l_pyr = 0.025510
Debug   : vH = 4365 / nTets = 8 / pp.size() = 8 / 0.913456 0.104736 1.372771 -> 0.911659 0.097613 1.382617 / dir = -1.000000 / l_pyr = 0.024569
Debug   : vH = 4363 / nTets = 6 / pp.size() = 6 / 0.821172 0.110169 1.357035 -> 0.818983 0.102910 1.366203 / dir = -1.000000 / l_pyr = 0.023794
Debug   : vH = 4361 / nTets = 4 / pp.size() = 4 / 0.743527 0.114702 1.340003 -> 0.741075 0.107320 1.348596 / dir = -1.000000 / l_pyr = 0.023182
Debug   : vH = 4359 / nTets = 4 / pp.size() = 4 / 0.680495 0.118344 1.323677 -> 0.677875 0.110855 1.331803 / dir = -1.000000 / l_pyr = 0.022714
Debug   : vH = 4356 / nTets = 4 / pp.size() = 4 / 0.630757 0.121178 1.309243 -> 0.628035 0.113600 1.317002 / dir = -1.000000 / l_pyr = 0.022364
Debug   : vH = 4352 / nTets = 4 / pp.size() = 4 / 0.592364 0.123332 1.297184 -> 0.589582 0.115681 1.304661 / dir = -1.000000 / l_pyr = 0.022106
Debug   : vH = 4345 / nTets = 6 / pp.size() = 6 / 1.787563 0.083077 1.278572 -> 1.792739 0.077301 1.292206 / dir = -1.000000 / l_pyr = 0.031371
Debug   : vH = 4343 / nTets = 8 / pp.size() = 8 / 1.748911 0.084905 1.293467 -> 1.753709 0.079145 1.307002 / dir = -1.000000 / l_pyr = 0.030946
Debug   : vH = 4340 / nTets = 8 / pp.size() = 8 / 1.698948 0.087275 1.311268 -> 1.703263 0.081527 1.324662 / dir = -1.000000 / l_pyr = 0.030400
Debug   : vH = 4337 / nTets = 6 / pp.size() = 6 / 1.635762 0.090284 1.331458 -> 1.639474 0.084540 1.344650 / dir = -1.000000 / l_pyr = 0.029718
Debug   : vH = 4335 / nTets = 6 / pp.size() = 6 / 1.558061 0.093992 1.352770 -> 1.561050 0.088236 1.365678 / dir = -1.000000 / l_pyr = 0.028892
Debug   : vH = 4333 / nTets = 4 / pp.size() = 4 / 1.465795 0.098408 1.373111 -> 1.467960 0.092611 1.385633 / dir = -1.000000 / l_pyr = 0.027934
Debug   : vH = 4330 / nTets = 8 / pp.size() = 8 / 1.360750 0.103444 1.389809 -> 1.362032 0.097570 1.401830 / dir = -1.000000 / l_pyr = 0.026881
Debug   : vH = 4328 / nTets = 6 / pp.size() = 6 / 1.246815 0.108898 1.400269 -> 1.247219 0.102906 1.411680 / dir = -1.000000 / l_pyr = 0.025791
Debug   : vH = 4326 / nTets = 4 / pp.size() = 4 / 1.129640 0.114487 1.402860 -> 1.129244 0.108341 1.413586 / dir = -1.000000 / l_pyr = 0.024737
Debug   : vH = 4324 / nTets = 4 / pp.size() = 4 / 1.015590 0.119890 1.397557 -> 1.014522 0.113565 1.407573 / dir = -1.000000 / l_pyr = 0.023788
Debug   : vH = 4322 / nTets = 4 / pp.size() = 4 / 0.910363 0.124821 1.385924 -> 0.908778 0.118308 1.395261 / dir = -1.000000 / l_pyr = 0.022987
Debug   : vH = 4319 / nTets = 4 / pp.size() = 4 / 0.817938 0.129086 1.370454 -> 0.815980 0.122392 1.379184 / dir = -1.000000 / l_pyr = 0.022349
Debug   : vH = 4317 / nTets = 6 / pp.size() = 6 / 0.740158 0.132607 1.353695 -> 0.737947 0.125747 1.361913 / dir = -1.000000 / l_pyr = 0.021862
Debug   : vH = 4315 / nTets = 4 / pp.size() = 4 / 0.677000 0.135404 1.337623 -> 0.674626 0.128399 1.345425 / dir = -1.000000 / l_pyr = 0.021502
Debug   : vH = 4313 / nTets = 4 / pp.size() = 4 / 0.627151 0.137555 1.323410 -> 0.624675 0.130429 1.330886 / dir = -1.000000 / l_pyr = 0.021242
Debug   : vH = 4310 / nTets = 4 / pp.size() = 4 / 0.588663 0.139169 1.311533 -> 0.586125 0.131945 1.318758 / dir = -1.000000 / l_pyr = 0.021055
Debug   : vH = 4304 / nTets = 4 / pp.size() = 4 / 1.785836 0.110919 1.290734 -> 1.790686 0.105789 1.303502 / dir = -1.000000 / l_pyr = 0.029178
Debug   : vH = 4301 / nTets = 6 / pp.size() = 6 / 1.747073 0.112390 1.305516 -> 1.751574 0.107282 1.318192 / dir = -1.000000 / l_pyr = 0.028777
Debug   : vH = 4299 / nTets = 4 / pp.size() = 4 / 1.696974 0.114294 1.323181 -> 1.701028 0.109206 1.335726 / dir = -1.000000 / l_pyr = 0.028263
Debug   : vH = 4297 / nTets = 4 / pp.size() = 4 / 1.633625 0.116707 1.343215 -> 1.637124 0.111631 1.355575 / dir = -1.000000 / l_pyr = 0.027624
Debug   : vH = 4295 / nTets = 4 / pp.size() = 4 / 1.555740 0.119671 1.364364 -> 1.558573 0.114589 1.376465 / dir = -1.000000 / l_pyr = 0.026854
Debug   : vH = 4292 / nTets = 4 / pp.size() = 4 / 1.463280 0.123186 1.384556 -> 1.465353 0.118069 1.396308 / dir = -1.000000 / l_pyr = 0.025968
Debug   : vH = 4290 / nTets = 4 / pp.size() = 4 / 1.358041 0.127176 1.401151 -> 1.359300 0.121982 1.412451 / dir = -1.000000 / l_pyr = 0.025001
Debug   : vH = 4288 / nTets = 4 / pp.size() = 4 / 1.243923 0.131472 1.411585 -> 1.244372 0.126153 1.422340 / dir = -1.000000 / l_pyr = 0.024013
Debug   : vH = 4286 / nTets = 4 / pp.size() = 4 / 1.126583 0.135842 1.414255 -> 1.126289 0.130352 1.424396 / dir = -1.000000 / l_pyr = 0.023072
Debug   : vH = 4283 / nTets = 4 / pp.size() = 4 / 1.012379 0.140030 1.409136 -> 1.011459 0.134338 1.418643 / dir = -1.000000 / l_pyr = 0.022238
Debug   : vH = 4281 / nTets = 6 / pp.size() = 6 / 0.907007 0.143812 1.397771 -> 0.905600 0.137903 1.406672 / dir = -1.000000 / l_pyr = 0.021551
Debug   : vH = 4279 / nTets = 4 / pp.size() = 4 / 0.814439 0.147043 1.382617 -> 0.812677 0.140923 1.390977 / dir = -1.000000 / l_pyr = 0.021018
Debug   : vH = 4276 / nTets = 4 / pp.size() = 4 / 0.736519 0.149672 1.366183 -> 0.734514 0.143357 1.374085 / dir = -1.000000 / l_pyr = 0.020624
Debug   : vH = 4273 / nTets = 4 / pp.size() = 4 / 0.673229 0.151726 1.350414 -> 0.671065 0.145241 1.357945 / dir = -1.000000 / l_pyr = 0.020343
Debug   : vH = 4271 / nTets = 6 / pp.size() = 6 / 0.623259 0.153277 1.336464 -> 0.620995 0.146650 1.343704 / dir = -1.000000 / l_pyr = 0.020145
Debug   : vH = 4266 / nTets = 4 / pp.size() = 4 / 0.584666 0.154418 1.324807 -> 0.582340 0.147676 1.331823 / dir = -1.000000 / l_pyr = 0.020009
Debug   : vH = 4261 / nTets = 4 / pp.size() = 4 / 1.783833 0.136858 1.301662 -> 1.788338 0.132343 1.313542 / dir = -1.000000 / l_pyr = 0.026969
Debug   : vH = 4258 / nTets = 8 / pp.size() = 8 / 1.744966 0.138006 1.316322 -> 1.749153 0.133518 1.328125 / dir = -1.000000 / l_pyr = 0.026609
Debug   : vH = 4255 / nTets = 8 / pp.size() = 8 / 1.694738 0.139489 1.333840 -> 1.698519 0.135026 1.345533 / dir = -1.000000 / l_pyr = 0.026149
Debug   : vH = 4253 / nTets = 4 / pp.size() = 4 / 1.631236 0.141362 1.353707 -> 1.634511 0.136917 1.365243 / dir = -1.000000 / l_pyr = 0.025577
Debug   : vH = 4250 / nTets = 4 / pp.size() = 4 / 1.553179 0.143654 1.374681 -> 1.555845 0.139209 1.385996 / dir = -1.000000 / l_pyr = 0.024890
Debug   : vH = 4247 / nTets = 6 / pp.size() = 6 / 1.460535 0.146359 1.394714 -> 1.462505 0.141882 1.405727 / dir = -1.000000 / l_pyr = 0.024100
Debug   : vH = 4244 / nTets = 6 / pp.size() = 6 / 1.355111 0.149411 1.411197 -> 1.356334 0.144858 1.421818 / dir = -1.000000 / l_pyr = 0.023241
Debug   : vH = 4242 / nTets = 4 / pp.size() = 4 / 1.240820 0.152670 1.421604 -> 1.241295 0.147988 1.431748 / dir = -1.000000 / l_pyr = 0.022365
Debug   : vH = 4240 / nTets = 4 / pp.size() = 4 / 1.123318 0.155954 1.424355 -> 1.123105 0.151092 1.433960 / dir = -1.000000 / l_pyr = 0.021535
Debug   : vH = 4236 / nTets = 6 / pp.size() = 6 / 1.008963 0.159062 1.419431 -> 1.008165 0.153985 1.428475 / dir = -1.000000 / l_pyr = 0.020805
Debug   : vH = 4234 / nTets = 4 / pp.size() = 4 / 0.903442 0.161827 1.408351 -> 0.902185 0.156518 1.416857 / dir = -1.000000 / l_pyr = 0.020210
Debug   : vH = 4232 / nTets = 4 / pp.size() = 4 / 0.810723 0.164145 1.393534 -> 0.809130 0.158608 1.401556 / dir = -1.000000 / l_pyr = 0.019755
Debug   : vH = 4228 / nTets = 6 / pp.size() = 6 / 0.732653 0.165987 1.377447 -> 0.730828 0.160239 1.385059 / dir = -1.000000 / l_pyr = 0.019424
Debug   : vH = 4226 / nTets = 6 / pp.size() = 6 / 0.669219 0.167385 1.362002 -> 0.667240 0.161453 1.369281 / dir = -1.000000 / l_pyr = 0.019192
Debug   : vH = 4223 / nTets = 4 / pp.size() = 4 / 0.619117 0.168406 1.348338 -> 0.617041 0.162321 1.355354 / dir = -1.000000 / l_pyr = 0.019034
Debug   : vH = 4221 / nTets = 4 / pp.size() = 4 / 0.580407 0.169128 1.336917 -> 0.578272 0.162918 1.343731 / dir = -1.000000 / l_pyr = 0.018926
Debug   : vH = 4215 / nTets = 6 / pp.size() = 6 / 1.781634 0.160865 1.311391 -> 1.785784 0.156932 1.322377 / dir = -1.000000 / l_pyr = 0.024769
Debug   : vH = 4211 / nTets = 4 / pp.size() = 4 / 1.742668 0.161733 1.325924 -> 1.746532 0.157832 1.336849 / dir = -1.000000 / l_pyr = 0.024455
Debug   : vH = 4209 / nTets = 4 / pp.size() = 4 / 1.692318 0.162850 1.343289 -> 1.695815 0.158980 1.354126 / dir = -1.000000 / l_pyr = 0.024054
Debug   : vH = 4206 / nTets = 6 / pp.size() = 6 / 1.628672 0.164254 1.362982 -> 1.631710 0.160409 1.373692 / dir = -1.000000 / l_pyr = 0.023555
Debug   : vH = 4204 / nTets = 4 / pp.size() = 4 / 1.550449 0.165961 1.383774 -> 1.552936 0.162123 1.394302 / dir = -1.000000 / l_pyr = 0.022957
Debug   : vH = 4202 / nTets = 4 / pp.size() = 4 / 1.457629 0.167960 1.403640 -> 1.459484 0.164097 1.413917 / dir = -1.000000 / l_pyr = 0.022270
Debug   : vH = 4199 / nTets = 4 / pp.size() = 4 / 1.352028 0.170192 1.420005 -> 1.353201 0.166257 1.429953 / dir = -1.000000 / l_pyr = 0.021523
Debug   : vH = 4196 / nTets = 6 / pp.size() = 6 / 1.237566 0.172546 1.430381 -> 1.238052 0.168481 1.439922 / dir = -1.000000 / l_pyr = 0.020764
Debug   : vH = 4193 / nTets = 10 / pp.size() = 10 / 1.119903 0.174879 1.433213 -> 1.119753 0.170630 1.442290 / dir = -1.000000 / l_pyr = 0.020046
Debug   : vH = 4191 / nTets = 6 / pp.size() = 6 / 1.005392 0.177043 1.428484 -> 1.004697 0.172570 1.437073 / dir = -1.000000 / l_pyr = 0.019419
Debug   : vH = 4188 / nTets = 4 / pp.size() = 4 / 0.899714 0.178916 1.417693 -> 0.898588 0.174200 1.425810 / dir = -1.000000 / l_pyr = 0.018911
Debug   : vH = 4185 / nTets = 4 / pp.size() = 4 / 0.806834 0.180432 1.403218 -> 0.805390 0.175474 1.410908 / dir = -1.000000 / l_pyr = 0.018527
Debug   : vH = 4183 / nTets = 4 / pp.size() = 4 / 0.728601 0.181580 1.387484 -> 0.726935 0.176399 1.394810 / dir = -1.000000 / l_pyr = 0.018252
Debug   : vH = 4181 / nTets = 6 / pp.size() = 6 / 0.665010 0.182399 1.372372 -> 0.663197 0.177024 1.379399 / dir = -1.000000 / l_pyr = 0.018062
Debug   : vH = 4179 / nTets = 10 / pp.size() = 10 / 0.614762 0.182949 1.358998 -> 0.612856 0.177411 1.365789 / dir = -1.000000 / l_pyr = 0.017936
Debug   : vH = 4173 / nTets = 6 / pp.size() = 6 / 0.575925 0.183297 1.347819 -> 0.573961 0.177628 1.354428 / dir = -1.000000 / l_pyr = 0.017852
Debug   : vH = 4168 / nTets = 6 / pp.size() = 6 / 1.779319 0.182917 1.319958 -> 1.783101 0.179540 1.330030 / dir = -1.000000 / l_pyr = 0.022552
Debug   : vH = 4166 / nTets = 4 / pp.size() = 4 / 1.740259 0.183550 1.334358 -> 1.743786 0.180210 1.344386 / dir = -1.000000 / l_pyr = 0.022285
Debug   : vH = 4163 / nTets = 4 / pp.size() = 4 / 1.689792 0.184357 1.351563 -> 1.692991 0.181057 1.361526 / dir = -1.000000 / l_pyr = 0.021943
Debug   : vH = 4160 / nTets = 6 / pp.size() = 6 / 1.626006 0.185365 1.371074 -> 1.628795 0.182099 1.380939 / dir = -1.000000 / l_pyr = 0.021518
Debug   : vH = 4158 / nTets = 6 / pp.size() = 6 / 1.547624 0.186577 1.391676 -> 1.549919 0.183327 1.401398 / dir = -1.000000 / l_pyr = 0.021010
Debug   : vH = 4156 / nTets = 4 / pp.size() = 4 / 1.454633 0.187975 1.411366 -> 1.456358 0.184710 1.420889 / dir = -1.000000 / l_pyr = 0.020427
Debug   : vH = 4154 / nTets = 4 / pp.size() = 4 / 1.348858 0.189510 1.427606 -> 1.349966 0.186180 1.436861 / dir = -1.000000 / l_pyr = 0.019795
Debug   : vH = 4152 / nTets = 4 / pp.size() = 4 / 1.234225 0.191091 1.437944 -> 1.234707 0.187637 1.446863 / dir = -1.000000 / l_pyr = 0.019154
Debug   : vH = 4150 / nTets = 4 / pp.size() = 4 / 1.116397 0.192611 1.440851 -> 1.116294 0.188973 1.449382 / dir = -1.000000 / l_pyr = 0.018549
Debug   : vH = 4148 / nTets = 6 / pp.size() = 6 / 1.001722 0.193964 1.436315 -> 1.001115 0.190098 1.444432 / dir = -1.000000 / l_pyr = 0.018023
Debug   : vH = 4146 / nTets = 8 / pp.size() = 8 / 0.895876 0.195070 1.425812 -> 0.894866 0.190952 1.433523 / dir = -1.000000 / l_pyr = 0.017601
Debug   : vH = 4144 / nTets = 6 / pp.size() = 6 / 0.802821 0.195891 1.411679 -> 0.801511 0.191522 1.419020 / dir = -1.000000 / l_pyr = 0.017285
Debug   : vH = 4142 / nTets = 4 / pp.size() = 4 / 0.724410 0.196435 1.396299 -> 0.722889 0.191834 1.403321 / dir = -1.000000 / l_pyr = 0.017063
Debug   : vH = 4138 / nTets = 4 / pp.size() = 4 / 0.660646 0.196746 1.381520 -> 0.658985 0.191942 1.388278 / dir = -1.000000 / l_pyr = 0.016913
Debug   : vH = 4136 / nTets = 4 / pp.size() = 4 / 0.610239 0.196880 1.368438 -> 0.608488 0.191906 1.374986 / dir = -1.000000 / l_pyr = 0.016815
Debug   : vH = 4133 / nTets = 4 / pp.size() = 4 / 0.571262 0.196896 1.357503 -> 0.569456 0.191785 1.363888 / dir = -1.000000 / l_pyr = 0.016752
Debug   : vH = 4124 / nTets = 12 / pp.size() = 12 / 1.776961 0.203040 1.327413 -> 1.780385 0.200175 1.336603 / dir = -1.000000 / l_pyr = 0.020436
Debug   : vH = 4121 / nTets = 8 / pp.size() = 8 / 1.737811 0.203478 1.341673 -> 1.741008 0.200658 1.350833 / dir = -1.000000 / l_pyr = 0.020208
Debug   : vH = 4119 / nTets = 8 / pp.size() = 8 / 1.687231 0.204030 1.358709 -> 1.690138 0.201260 1.367823 / dir = -1.000000 / l_pyr = 0.019918
Debug   : vH = 4117 / nTets = 4 / pp.size() = 4 / 1.623310 0.204711 1.378027 -> 1.625851 0.201986 1.387070 / dir = -1.000000 / l_pyr = 0.019560
Debug   : vH = 4114 / nTets = 4 / pp.size() = 4 / 1.544775 0.205511 1.398426 -> 1.546874 0.202817 1.407362 / dir = -1.000000 / l_pyr = 0.019132
Debug   : vH = 4112 / nTets = 6 / pp.size() = 6 / 1.451616 0.206411 1.417930 -> 1.453205 0.203715 1.426711 / dir = -1.000000 / l_pyr = 0.018644
Debug   : vH = 4109 / nTets = 6 / pp.size() = 6 / 1.345668 0.207365 1.434033 -> 1.346700 0.204617 1.442603 / dir = -1.000000 / l_pyr = 0.018118
Debug   : vH = 4107 / nTets = 4 / pp.size() = 4 / 1.230862 0.208300 1.444322 -> 1.231328 0.205438 1.452622 / dir = -1.000000 / l_pyr = 0.017585
Debug   : vH = 4104 / nTets = 4 / pp.size() = 4 / 1.112862 0.209138 1.447295 -> 1.112793 0.206098 1.455277 / dir = -1.000000 / l_pyr = 0.017085
Debug   : vH = 4102 / nTets = 4 / pp.size() = 4 / 0.998013 0.209809 1.442942 -> 0.997479 0.206542 1.450581 / dir = -1.000000 / l_pyr = 0.016651
Debug   : vH = 4100 / nTets = 4 / pp.size() = 4 / 0.891985 0.210264 1.432718 -> 0.891077 0.206743 1.440015 / dir = -1.000000 / l_pyr = 0.016305
Debug   : vH = 4098 / nTets = 4 / pp.size() = 4 / 0.798740 0.210493 1.418920 -> 0.797549 0.206717 1.425901 / dir = -1.000000 / l_pyr = 0.016049
Debug   : vH = 4095 / nTets = 4 / pp.size() = 4 / 0.720135 0.210518 1.403890 -> 0.718745 0.206505 1.410594 / dir = -1.000000 / l_pyr = 0.015872
Debug   : vH = 4093 / nTets = 6 / pp.size() = 6 / 0.656183 0.210388 1.389439 -> 0.654659 0.206167 1.395913 / dir = -1.000000 / l_pyr = 0.015755
Debug   : vH = 4087 / nTets = 6 / pp.size() = 6 / 0.605602 0.210159 1.376645 -> 0.603993 0.205763 1.382935 / dir = -1.000000 / l_pyr = 0.015681
Debug   : vH = 4083 / nTets = 8 / pp.size() = 8 / 0.566473 0.209881 1.365950 -> 0.564811 0.205344 1.372096 / dir = -1.000000 / l_pyr = 0.015636
Debug   : vH = 4078 / nTets = 6 / pp.size() = 6 / 1.774616 0.221304 1.333819 -> 1.777691 0.218915 1.342154 / dir = -1.000000 / l_pyr = 0.018399
Debug   : vH = 4076 / nTets = 4 / pp.size() = 4 / 1.735379 0.221584 1.347930 -> 1.738254 0.219250 1.356247 / dir = -1.000000 / l_pyr = 0.018209
Debug   : vH = 4074 / nTets = 4 / pp.size() = 4 / 1.684691 0.221931 1.364787 -> 1.687309 0.219657 1.373075 / dir = -1.000000 / l_pyr = 0.017969
Debug   : vH = 4072 / nTets = 4 / pp.size() = 4 / 1.620639 0.222346 1.383900 -> 1.622935 0.220130 1.392141 / dir = -1.000000 / l_pyr = 0.017674
Debug   : vH = 4069 / nTets = 8 / pp.size() = 8 / 1.541953 0.222813 1.404082 -> 1.543858 0.220643 1.412250 / dir = -1.000000 / l_pyr = 0.017326
Debug   : vH = 4067 / nTets = 4 / pp.size() = 4 / 1.448629 0.223308 1.423384 -> 1.450080 0.221152 1.431440 / dir = -1.000000 / l_pyr = 0.016930
Debug   : vH = 4065 / nTets = 4 / pp.size() = 4 / 1.342507 0.223789 1.439335 -> 1.343460 0.221597 1.447234 / dir = -1.000000 / l_pyr = 0.016506
Debug   : vH = 4062 / nTets = 6 / pp.size() = 6 / 1.227525 0.224198 1.449559 -> 1.227966 0.221904 1.457252 / dir = -1.000000 / l_pyr = 0.016079
Debug   : vH = 4060 / nTets = 6 / pp.size() = 6 / 1.109346 0.224478 1.452582 -> 1.109301 0.222017 1.460025 / dir = -1.000000 / l_pyr = 0.015680
Debug   : vH = 4057 / nTets = 4 / pp.size() = 4 / 0.994312 0.224586 1.448398 -> 0.993839 0.221904 1.455565 / dir = -1.000000 / l_pyr = 0.015334
Debug   : vH = 4055 / nTets = 4 / pp.size() = 4 / 0.888088 0.224501 1.438439 -> 0.887267 0.221568 1.445326 / dir = -1.000000 / l_pyr = 0.015061
Debug   : vH = 4053 / nTets = 4 / pp.size() = 4 / 0.794636 0.224233 1.424963 -> 0.793550 0.221045 1.431585 / dir = -1.000000 / l_pyr = 0.014861
Debug   : vH = 4050 / nTets = 4 / pp.size() = 4 / 0.715821 0.223818 1.410269 -> 0.714546 0.220390 1.416658 / dir = -1.000000 / l_pyr = 0.014724
Debug   : vH = 4047 / nTets = 6 / pp.size() = 6 / 0.651665 0.223310 1.396136 -> 0.650263 0.219672 1.402328 / dir = -1.000000 / l_pyr = 0.014636
Debug   : vH = 4044 / nTets = 6 / pp.size() = 6 / 0.600897 0.222765 1.383621 -> 0.599413 0.218949 1.389655 / dir = -1.000000 / l_pyr = 0.014582
Debug   : vH = 4041 / nTets = 6 / pp.size() = 6 / 0.561603 0.222230 1.373159 -> 0.560069 0.218271 1.379067 / dir = -1.000000 / l_pyr = 0.014550
Debug   : vH = 4036 / nTets = 4 / pp.size() = 4 / 1.772330 0.237797 1.339245 -> 1.775075 0.235844 1.346772 / dir = -1.000000 / l_pyr = 0.016493
Debug   : vH = 4033 / nTets = 6 / pp.size() = 6 / 1.733009 0.237954 1.353196 -> 1.735579 0.236065 1.360716 / dir = -1.000000 / l_pyr = 0.016337
Debug   : vH = 4030 / nTets = 4 / pp.size() = 4 / 1.682217 0.238139 1.369860 -> 1.684561 0.236323 1.377366 / dir = -1.000000 / l_pyr = 0.016142
Debug   : vH = 4028 / nTets = 6 / pp.size() = 6 / 1.618038 0.238345 1.388753 -> 1.620099 0.236602 1.396234 / dir = -1.000000 / l_pyr = 0.015905
Debug   : vH = 4026 / nTets = 4 / pp.size() = 4 / 1.539205 0.238550 1.408703 -> 1.540921 0.236870 1.416139 / dir = -1.000000 / l_pyr = 0.015629
Debug   : vH = 4024 / nTets = 4 / pp.size() = 4 / 1.445717 0.238727 1.427785 -> 1.447031 0.237079 1.435148 / dir = -1.000000 / l_pyr = 0.015318
Debug   : vH = 4022 / nTets = 4 / pp.size() = 4 / 1.339422 0.238836 1.443566 -> 1.340291 0.237169 1.450820 / dir = -1.000000 / l_pyr = 0.014988
Debug   : vH = 4020 / nTets = 4 / pp.size() = 4 / 1.224258 0.238827 1.453706 -> 1.224669 0.237077 1.460811 / dir = -1.000000 / l_pyr = 0.014657
Debug   : vH = 4017 / nTets = 4 / pp.size() = 4 / 1.105892 0.238662 1.456760 -> 1.105861 0.236759 1.463676 / dir = -1.000000 / l_pyr = 0.014347
Debug   : vH = 4014 / nTets = 6 / pp.size() = 6 / 0.990661 0.238318 1.452724 -> 0.990237 0.236206 1.459426 / dir = -1.000000 / l_pyr = 0.014079
Debug   : vH = 4012 / nTets = 6 / pp.size() = 6 / 0.884227 0.237795 1.443008 -> 0.883481 0.235439 1.449487 / dir = -1.000000 / l_pyr = 0.013867
Debug   : vH = 4009 / nTets = 4 / pp.size() = 4 / 0.790553 0.237118 1.429833 -> 0.789559 0.234513 1.436096 / dir = -1.000000 / l_pyr = 0.013712
Debug   : vH = 4007 / nTets = 6 / pp.size() = 6 / 0.711513 0.236335 1.415456 -> 0.710340 0.233493 1.421525 / dir = -1.000000 / l_pyr = 0.013607
Debug   : vH = 4005 / nTets = 4 / pp.size() = 4 / 0.647138 0.235505 1.401624 -> 0.645844 0.232455 1.407528 / dir = -1.000000 / l_pyr = 0.013540
Debug   : vH = 4001 / nTets = 4 / pp.size() = 4 / 0.596169 0.234687 1.389374 -> 0.594797 0.231461 1.395142 / dir = -1.000000 / l_pyr = 0.013500
Debug   : vH = 3998 / nTets = 6 / pp.size() = 6 / 0.556699 0.233926 1.379133 -> 0.555279 0.230558 1.384794 / dir = -1.000000 / l_pyr = 0.013476
Debug   : vH = 3993 / nTets = 4 / pp.size() = 4 / 1.770136 0.252623 1.343758 -> 1.772569 0.251070 1.350521 / dir = -1.000000 / l_pyr = 0.014706
Debug   : vH = 3990 / nTets = 4 / pp.size() = 4 / 1.730734 0.252688 1.357539 -> 1.733016 0.251209 1.364305 / dir = -1.000000 / l_pyr = 0.014585
Debug   : vH = 3988 / nTets = 6 / pp.size() = 6 / 1.679840 0.252753 1.373997 -> 1.681926 0.251358 1.380766 / dir = -1.000000 / l_pyr = 0.014437
Debug   : vH = 3986 / nTets = 4 / pp.size() = 4 / 1.615539 0.252803 1.392656 -> 1.617378 0.251497 1.399419 / dir = -1.000000 / l_pyr = 0.014260
Debug   : vH = 3983 / nTets = 4 / pp.size() = 4 / 1.536561 0.252813 1.412356 -> 1.538098 0.251586 1.419103 / dir = -1.000000 / l_pyr = 0.014056
Debug   : vH = 3980 / nTets = 6 / pp.size() = 6 / 1.442912 0.252752 1.431200 -> 1.444095 0.251574 1.437911 / dir = -1.000000 / l_pyr = 0.013830
Debug   : vH = 3978 / nTets = 6 / pp.size() = 6 / 1.336442 0.252579 1.446790 -> 1.337230 0.251402 1.453437 / dir = -1.000000 / l_pyr = 0.013592
Debug   : vH = 3976 / nTets = 4 / pp.size() = 4 / 1.221094 0.252252 1.456827 -> 1.221470 0.251011 1.463376 / dir = -1.000000 / l_pyr = 0.013352
Debug   : vH = 3974 / nTets = 4 / pp.size() = 4 / 1.102533 0.251745 1.459887 -> 1.102509 0.250368 1.466305 / dir = -1.000000 / l_pyr = 0.013127
Debug   : vH = 3972 / nTets = 4 / pp.size() = 4 / 0.987094 0.251047 1.455974 -> 0.986711 0.249477 1.462233 / dir = -1.000000 / l_pyr = 0.012929
Debug   : vH = 3970 / nTets = 4 / pp.size() = 4 / 0.880438 0.250175 1.446475 -> 0.879755 0.248374 1.452563 / dir = -1.000000 / l_pyr = 0.012770
Debug   : vH = 3968 / nTets = 4 / pp.size() = 4 / 0.786529 0.249166 1.433574 -> 0.785613 0.247125 1.439491 / dir = -1.000000 / l_pyr = 0.012653
Debug   : vH = 3966 / nTets = 4 / pp.size() = 4 / 0.707250 0.248077 1.419488 -> 0.706165 0.245807 1.425248 / dir = -1.000000 / l_pyr = 0.012572
Debug   : vH = 3963 / nTets = 4 / pp.size() = 4 / 0.642645 0.246975 1.405932 -> 0.641445 0.244502 1.411556 / dir = -1.000000 / l_pyr = 0.012519
Debug   : vH = 3959 / nTets = 6 / pp.size() = 6 / 0.591464 0.245920 1.393928 -> 0.590189 0.243276 1.399437 / dir = -1.000000 / l_pyr = 0.012487
Debug   : vH = 3955 / nTets = 12 / pp.size() = 12 / 0.551811 0.244961 1.383891 -> 0.550489 0.242177 1.389310 / dir = -1.000000 / l_pyr = 0.012467
Debug   : vH = 3950 / nTets = 6 / pp.size() = 6 / 1.768056 0.265910 1.347430 -> 1.770208 0.264720 1.353500 / dir = -1.000000 / l_pyr = 0.013097
Debug   : vH = 3948 / nTets = 4 / pp.size() = 4 / 1.728577 0.265915 1.361028 -> 1.730598 0.264810 1.367113 / dir = -1.000000 / l_pyr = 0.013013
Debug   : vH = 3945 / nTets = 4 / pp.size() = 4 / 1.677585 0.265900 1.377268 -> 1.679437 0.264892 1.383370 / dir = -1.000000 / l_pyr = 0.012912
Debug   : vH = 3942 / nTets = 8 / pp.size() = 8 / 1.613163 0.265846 1.395675 -> 1.614801 0.264942 1.401793 / dir = -1.000000 / l_pyr = 0.012794
Debug   : vH = 3940 / nTets = 4 / pp.size() = 4 / 1.534044 0.265724 1.415109 -> 1.535418 0.264914 1.421235 / dir = -1.000000 / l_pyr = 0.012661
Debug   : vH = 3938 / nTets = 4 / pp.size() = 4 / 1.440234 0.265497 1.433697 -> 1.441296 0.264756 1.439819 / dir = -1.000000 / l_pyr = 0.012515
Debug   : vH = 3935 / nTets = 4 / pp.size() = 4 / 1.333587 0.265125 1.449077 -> 1.334298 0.264406 1.455173 / dir = -1.000000 / l_pyr = 0.012360
Debug   : vH = 3933 / nTets = 8 / pp.size() = 8 / 1.218050 0.264569 1.458986 -> 1.218392 0.263806 1.465028 / dir = -1.000000 / l_pyr = 0.012200
Debug   : vH = 3930 / nTets = 6 / pp.size() = 6 / 1.099288 0.263807 1.462029 -> 1.099266 0.262930 1.467986 / dir = -1.000000 / l_pyr = 0.012043
Debug   : vH = 3928 / nTets = 4 / pp.size() = 4 / 0.983632 0.262839 1.458209 -> 0.983281 0.261788 1.464054 / dir = -1.000000 / l_pyr = 0.011898
Debug   : vH = 3925 / nTets = 4 / pp.size() = 4 / 0.876744 0.261691 1.448895 -> 0.876115 0.260427 1.454611 / dir = -1.000000 / l_pyr = 0.011775
Debug   : vH = 3923 / nTets = 6 / pp.size() = 6 / 0.782590 0.260412 1.436235 -> 0.781742 0.258923 1.441817 / dir = -1.000000 / l_pyr = 0.011679
Debug   : vH = 3920 / nTets = 4 / pp.size() = 4 / 0.703062 0.259066 1.422408 -> 0.702055 0.257360 1.427863 / dir = -1.000000 / l_pyr = 0.011608
Debug   : vH = 3918 / nTets = 6 / pp.size() = 6 / 0.638219 0.257729 1.409101 -> 0.637101 0.255830 1.414444 / dir = -1.000000 / l_pyr = 0.011558
Debug   : vH = 3916 / nTets = 6 / pp.size() = 6 / 0.586821 0.256467 1.397316 -> 0.585631 0.254403 1.402563 / dir = -1.000000 / l_pyr = 0.011524
Debug   : vH = 3912 / nTets = 4 / pp.size() = 4 / 0.546977 0.255329 1.387464 -> 0.545743 0.253133 1.392633 / dir = -1.000000 / l_pyr = 0.011502
Debug   : vH = 3907 / nTets = 6 / pp.size() = 6 / 1.766108 0.277807 1.350322 -> 1.768004 0.276955 1.355762 / dir = -1.000000 / l_pyr = 0.011648
Debug   : vH = 3905 / nTets = 4 / pp.size() = 4 / 1.726552 0.277782 1.363727 -> 1.728338 0.277025 1.369194 / dir = -1.000000 / l_pyr = 0.011603
Debug   : vH = 3903 / nTets = 4 / pp.size() = 4 / 1.675463 0.277727 1.379734 -> 1.677105 0.277078 1.385233 / dir = -1.000000 / l_pyr = 0.011551
Debug   : vH = 3900 / nTets = 4 / pp.size() = 4 / 1.610922 0.277618 1.397876 -> 1.612379 0.277086 1.403409 / dir = -1.000000 / l_pyr = 0.011493
Debug   : vH = 3898 / nTets = 6 / pp.size() = 6 / 1.531663 0.277420 1.417026 -> 1.532889 0.276999 1.422592 / dir = -1.000000 / l_pyr = 0.011430
Debug   : vH = 3896 / nTets = 4 / pp.size() = 4 / 1.437692 0.277094 1.435339 -> 1.438644 0.276759 1.440928 / dir = -1.000000 / l_pyr = 0.011360
Debug   : vH = 3894 / nTets = 4 / pp.size() = 4 / 1.330868 0.276595 1.450489 -> 1.331508 0.276301 1.456085 / dir = -1.000000 / l_pyr = 0.011280
Debug   : vH = 3892 / nTets = 4 / pp.size() = 4 / 1.215138 0.275882 1.460249 -> 1.215446 0.275565 1.465825 / dir = -1.000000 / l_pyr = 0.011187
Debug   : vH = 3889 / nTets = 6 / pp.size() = 6 / 1.096169 0.274935 1.463247 -> 1.096147 0.274526 1.468774 / dir = -1.000000 / l_pyr = 0.011084
Debug   : vH = 3887 / nTets = 8 / pp.size() = 8 / 0.980292 0.273760 1.459490 -> 0.979966 0.273198 1.464940 / dir = -1.000000 / l_pyr = 0.010977
Debug   : vH = 3884 / nTets = 4 / pp.size() = 4 / 0.873165 0.272389 1.450328 -> 0.872582 0.271635 1.455681 / dir = -1.000000 / l_pyr = 0.010875
Debug   : vH = 3881 / nTets = 4 / pp.size() = 4 / 0.778761 0.270882 1.437872 -> 0.777973 0.269921 1.443120 / dir = -1.000000 / l_pyr = 0.010786
Debug   : vH = 3879 / nTets = 6 / pp.size() = 6 / 0.698981 0.269313 1.424270 -> 0.698044 0.268150 1.429414 / dir = -1.000000 / l_pyr = 0.010713
Debug   : vH = 3877 / nTets = 4 / pp.size() = 4 / 0.633898 0.267765 1.411180 -> 0.632855 0.266422 1.416230 / dir = -1.000000 / l_pyr = 0.010657
Debug   : vH = 3872 / nTets = 4 / pp.size() = 4 / 0.582280 0.266312 1.399587 -> 0.581169 0.264815 1.404556 / dir = -1.000000 / l_pyr = 0.010614
Debug   : vH = 3870 / nTets = 6 / pp.size() = 6 / 0.542247 0.265009 1.389896 -> 0.541093 0.263386 1.394798 / dir = -1.000000 / l_pyr = 0.010583
Debug   : vH = 3864 / nTets = 6 / pp.size() = 6 / 1.764293 0.288444 1.352206 -> 1.765955 0.288173 1.357048 / dir = -1.000000 / l_pyr = 0.010252
Debug   : vH = 3862 / nTets = 6 / pp.size() = 6 / 1.724665 0.288401 1.365420 -> 1.726228 0.288220 1.370281 / dir = -1.000000 / l_pyr = 0.010218
Debug   : vH = 3860 / nTets = 6 / pp.size() = 6 / 1.673485 0.288320 1.381198 -> 1.674920 0.288243 1.386083 / dir = -1.000000 / l_pyr = 0.010184
Debug   : vH = 3858 / nTets = 4 / pp.size() = 4 / 1.608832 0.288177 1.399076 -> 1.610104 0.288213 1.403989 / dir = -1.000000 / l_pyr = 0.010150
Debug   : vH = 3856 / nTets = 4 / pp.size() = 4 / 1.529438 0.287931 1.417944 -> 1.530508 0.288078 1.422887 / dir = -1.000000 / l_pyr = 0.010118
Debug   : vH = 3853 / nTets = 6 / pp.size() = 6 / 1.435313 0.287541 1.435982 -> 1.436143 0.287778 1.440952 / dir = -1.000000 / l_pyr = 0.010089
Debug   : vH = 3850 / nTets = 4 / pp.size() = 4 / 1.328315 0.286959 1.450897 -> 1.328873 0.287246 1.455888 / dir = -1.000000 / l_pyr = 0.010059
Debug   : vH = 3847 / nTets = 4 / pp.size() = 4 / 1.212397 0.286140 1.460497 -> 1.212662 0.286419 1.465493 / dir = -1.000000 / l_pyr = 0.010023
Debug   : vH = 3845 / nTets = 4 / pp.size() = 4 / 1.093222 0.285065 1.463432 -> 1.093195 0.285272 1.468417 / dir = -1.000000 / l_pyr = 0.009978
Debug   : vH = 3842 / nTets = 4 / pp.size() = 4 / 0.977121 0.283739 1.459714 -> 0.976821 0.283816 1.464666 / dir = -1.000000 / l_pyr = 0.009924
Debug   : vH = 3839 / nTets = 8 / pp.size() = 8 / 0.869754 0.282201 1.450672 -> 0.869218 0.282106 1.455577 / dir = -1.000000 / l_pyr = 0.009870
Debug   : vH = 3837 / nTets = 6 / pp.size() = 6 / 0.775097 0.280514 1.438389 -> 0.774371 0.280231 1.443236 / dir = -1.000000 / l_pyr = 0.009819
Debug   : vH = 3835 / nTets = 4 / pp.size() = 4 / 0.695064 0.278762 1.424980 -> 0.694193 0.278292 1.429766 / dir = -1.000000 / l_pyr = 0.009776
Debug   : vH = 3832 / nTets = 4 / pp.size() = 4 / 0.629738 0.277037 1.412077 -> 0.628764 0.276397 1.416806 / dir = -1.000000 / l_pyr = 0.009741
Debug   : vH = 3826 / nTets = 6 / pp.size() = 6 / 0.577900 0.275419 1.400651 -> 0.576856 0.274634 1.405329 / dir = -1.000000 / l_pyr = 0.009714
Debug   : vH = 3822 / nTets = 6 / pp.size() = 6 / 0.537677 0.273969 1.391102 -> 0.536587 0.273064 1.395736 / dir = -1.000000 / l_pyr = 0.009693
Debug   : vH = 3816 / nTets = 6 / pp.size() = 6 / 1.762625 0.297878 1.352850 -> 1.764058 0.298156 1.357082 / dir = -1.000000 / l_pyr = 0.008953
Debug   : vH = 3814 / nTets = 4 / pp.size() = 4 / 1.722935 0.297797 1.365897 -> 1.724277 0.298151 1.370130 / dir = -1.000000 / l_pyr = 0.008909
Debug   : vH = 3811 / nTets = 4 / pp.size() = 4 / 1.671676 0.297669 1.381472 -> 1.672902 0.298113 1.385707 / dir = -1.000000 / l_pyr = 0.008863
Debug   : vH = 3809 / nTets = 4 / pp.size() = 4 / 1.606925 0.297469 1.399116 -> 1.608005 0.298014 1.403356 / dir = -1.000000 / l_pyr = 0.008818
Debug   : vH = 3807 / nTets = 4 / pp.size() = 4 / 1.527413 0.297157 1.417730 -> 1.528316 0.297804 1.421976 / dir = -1.000000 / l_pyr = 0.008778
Debug   : vH = 3805 / nTets = 4 / pp.size() = 4 / 1.433150 0.296693 1.435514 -> 1.433847 0.297429 1.439770 / dir = -1.000000 / l_pyr = 0.008750
Debug   : vH = 3802 / nTets = 4 / pp.size() = 4 / 1.325997 0.296032 1.450206 -> 1.326461 0.296828 1.454474 / dir = -1.000000 / l_pyr = 0.008734
Debug   : vH = 3800 / nTets = 6 / pp.size() = 6 / 1.209904 0.295129 1.459643 -> 1.210122 0.295939 1.463925 / dir = -1.000000 / l_pyr = 0.008727
Debug   : vH = 3798 / nTets = 4 / pp.size() = 4 / 1.090535 0.293965 1.462499 -> 1.090504 0.294736 1.466793 / dir = -1.000000 / l_pyr = 0.008727
Debug   : vH = 3796 / nTets = 4 / pp.size() = 4 / 0.974219 0.292545 1.458789 -> 0.973952 0.293225 1.463091 / dir = -1.000000 / l_pyr = 0.008727
Debug   : vH = 3794 / nTets = 4 / pp.size() = 4 / 0.866616 0.290905 1.449831 -> 0.866140 0.291453 1.454134 / dir = -1.000000 / l_pyr = 0.008727
Debug   : vH = 3792 / nTets = 4 / pp.size() = 4 / 0.771707 0.289108 1.437682 -> 0.771057 0.289504 1.441981 / dir = -1.000000 / l_pyr = 0.008731
Debug   : vH = 3789 / nTets = 4 / pp.size() = 4 / 0.691418 0.287238 1.424429 -> 0.690631 0.287479 1.428718 / dir = -1.000000 / l_pyr = 0.008736
Debug   : vH = 3787 / nTets = 6 / pp.size() = 6 / 0.625845 0.285393 1.411680 -> 0.624957 0.285489 1.415959 / dir = -1.000000 / l_pyr = 0.008742
Debug   : vH = 3785 / nTets = 4 / pp.size() = 4 / 0.573783 0.283658 1.400395 -> 0.572822 0.283627 1.404662 / dir = -1.000000 / l_pyr = 0.008749
Debug   : vH = 3781 / nTets = 8 / pp.size() = 8 / 0.533365 0.282100 1.390964 -> 0.532353 0.281963 1.395221 / dir = -1.000000 / l_pyr = 0.008755
Debug   : vH = 386 / nTets = 4 / pp.size() = 4 / 1.761113 0.306141 1.352619 -> 1.762343 0.306641 1.356299 / dir = -1.000000 / l_pyr = 0.007825
Debug   : vH = 378 / nTets = 4 / pp.size() = 4 / 1.721372 0.306004 1.365525 -> 1.722523 0.306570 1.369200 / dir = -1.000000 / l_pyr = 0.007784
Debug   : vH = 372 / nTets = 6 / pp.size() = 6 / 1.670046 0.305807 1.380928 -> 1.671093 0.306453 1.384596 / dir = -1.000000 / l_pyr = 0.007737
Debug   : vH = 365 / nTets = 4 / pp.size() = 4 / 1.605211 0.305527 1.398370 -> 1.606130 0.306264 1.402031 / dir = -1.000000 / l_pyr = 0.007691
Debug   : vH = 356 / nTets = 4 / pp.size() = 4 / 1.525599 0.305127 1.416758 -> 1.526365 0.305960 1.420418 / dir = -1.000000 / l_pyr = 0.007661
Debug   : vH = 350 / nTets = 6 / pp.size() = 6 / 1.431219 0.304571 1.434312 -> 1.431807 0.305493 1.437971 / dir = -1.000000 / l_pyr = 0.007637
Debug   : vH = 343 / nTets = 4 / pp.size() = 4 / 1.323931 0.303821 1.448791 -> 1.324321 0.304811 1.452456 / dir = -1.000000 / l_pyr = 0.007633
Debug   : vH = 336 / nTets = 4 / pp.size() = 4 / 1.207689 0.302840 1.458059 -> 1.207867 0.303860 1.461732 / dir = -1.000000 / l_pyr = 0.007633
Debug   : vH = 329 / nTets = 4 / pp.size() = 4 / 1.088149 0.301610 1.460813 -> 1.088115 0.302617 1.464500 / dir = -1.000000 / l_pyr = 0.007644
Debug   : vH = 321 / nTets = 4 / pp.size() = 4 / 0.971632 0.300135 1.457077 -> 0.971397 0.301085 1.460784 / dir = -1.000000 / l_pyr = 0.007669
Debug   : vH = 315 / nTets = 4 / pp.size() = 4 / 0.863804 0.298444 1.448157 -> 0.863387 0.299302 1.451891 / dir = -1.000000 / l_pyr = 0.007707
Debug   : vH = 308 / nTets = 4 / pp.size() = 4 / 0.768654 0.296594 1.436094 -> 0.768082 0.297338 1.439852 / dir = -1.000000 / l_pyr = 0.007746
Debug   : vH = 302 / nTets = 6 / pp.size() = 6 / 0.688118 0.294665 1.422950 -> 0.687421 0.295288 1.426729 / dir = -1.000000 / l_pyr = 0.007784
Debug   : vH = 296 / nTets = 4 / pp.size() = 4 / 0.622300 0.292752 1.410317 -> 0.621507 0.293260 1.414114 / dir = -1.000000 / l_pyr = 0.007824
Debug   : vH = 290 / nTets = 4 / pp.size() = 4 / 0.570014 0.290947 1.399138 -> 0.569150 0.291350 1.402949 / dir = -1.000000 / l_pyr = 0.007859
Debug   : vH = 282 / nTets = 4 / pp.size() = 4 / 0.529404 0.289319 1.389800 -> 0.528488 0.289636 1.393622 / dir = -1.000000 / l_pyr = 0.007886
Info    : Total badness = 143650 
Info    : CombineImprove 
Info    : dtOptimizeMeshGRegion()() volume 1
Info    : dtOptimizeMeshGRegion()() volume 1 : Optimize gmsh
Info    : Optimizing volume 1
Info    : Optimization starts (volume = 5.46028) with worst = 1.92364e-05 / average = 0.76835:
Info    : 0.00 < quality < 0.10 :      2188 elements
Info    : 0.10 < quality < 0.20 :       847 elements
Info    : 0.20 < quality < 0.30 :      1801 elements
Info    : 0.30 < quality < 0.40 :      2011 elements
Info    : 0.40 < quality < 0.50 :      2106 elements
Info    : 0.50 < quality < 0.60 :      3486 elements
Info    : 0.60 < quality < 0.70 :      7507 elements
Info    : 0.70 < quality < 0.80 :     15398 elements
Info    : 0.80 < quality < 0.90 :     28593 elements
Info    : 0.90 < quality < 1.00 :     23098 elements
Info    : 1355 edge swaps, 0 node relocations (volume = 5.46028): worst = 0.0047211 / average = 0.760681 (Wall 0.054089s, CPU 0.053987s)
Info    : 2241 edge swaps, 0 node relocations (volume = 5.46028): worst = 0.0047211 / average = 0.763434 (Wall 0.0990637s, CPU 0.098879s)
Info    : No ill-shaped tets in the mesh :-)
Info    : 0.00 < quality < 0.10 :      1359 elements
Info    : 0.10 < quality < 0.20 :       702 elements
Info    : 0.20 < quality < 0.30 :      1449 elements
Info    : 0.30 < quality < 0.40 :      2389 elements
Info    : 0.40 < quality < 0.50 :      2452 elements
Info    : 0.50 < quality < 0.60 :      3793 elements
Info    : 0.60 < quality < 0.70 :      7674 elements
Info    : 0.70 < quality < 0.80 :     15256 elements
Info    : 0.80 < quality < 0.90 :     28380 elements
Info    : 0.90 < quality < 1.00 :     23014 elements
Info    : dtOptimizeMeshGRegion()() volume 1 : Optimize netgen
Info    : 106 elements combined 
Info    : ImproveMesh 
Info    : Total badness = 141359 
Info    : Total badness = 140992 
Info    : SplitImprove 
Info    : badmax = 369.54 
Info    : 3 splits performed 
Info    : ImproveMesh 
Info    : Total badness = 141022 
Info    : Total badness = 140997 
Info    : SwapImprove  
Info    : 695 swaps performed 
Info    : SwapImprove2  
Info    : 1 swaps performed 
Info    : ImproveMesh 
Info    : Total badness = 139675 
Info    : Extract outter faces of tetrahedra
Info    : Total badness = 138711 
Info    : CombineImprove 
Info    : Optimizing volume 2
Info    : CalcLocalH: 20759 Points 88889 Elements 22896 Surface Elements 
Info    : Remove Illegal Elements 
Info    : 4003 illegal tets 
Info    : SplitImprove 
Info    : badmax = 18671.3 
Info    : 725 splits performed 
Info    : SwapImprove  
Info    : 648 swaps performed 
Info    : SwapImprove2  
Info    : 4 swaps performed 
Info    : 1038 illegal tets 
Info    : SplitImprove 
Info    : badmax = 63200.7 
Info    : 22 elements combined 
Info    : 270 splits performed 
Info    : ImproveMesh 
Info    : SwapImprove  
Info    : Total badness = 138349 
Info    : 100 swaps performed 
Info    : SwapImprove2  
Info    : 6 swaps performed 
Info    : 185 illegal tets 
Info    : SplitImprove 
Info    : badmax = 18874.4 
Info    : 43 splits performed 
Info    : SwapImprove  
Info    : 32 swaps performed 
Info    : SwapImprove2  
Info    : 4 swaps performed 
Info    : 33 illegal tets 
Info    : SplitImprove 
Info    : badmax = 18874.4 
Info    : 9 splits performed 
Info    : SwapImprove  
Info    : 1 swaps performed 
Info    : SwapImprove2  
Info    : 1 swaps performed 
Info    : Total badness = 138288 
Info    : SplitImprove 
Info    : badmax = 373.203 
Info    : 9 illegal tets 
Info    : SplitImprove 
Info    : badmax = 18874.4 
Info    : 3 splits performed 
Info    : 0 splits performed 
Info    : SwapImprove  
Info    : ImproveMesh 
Info    : 0 swaps performed 
Info    : Total badness = 138288 
Info    : SwapImprove2  
Info    : 0 swaps performed 
Info    : 2 illegal tets 
Info    : SplitImprove 
Info    : badmax = 18874.4 
Info    : 1 splits performed 
Info    : SwapImprove  
Info    : 0 swaps performed 
Info    : SwapImprove2  
Info    : 0 swaps performed 
Info    : 0 illegal tets 
Info    : Volume Optimization 
Info    : CombineImprove 
Info    : Total badness = 138287 
Info    : SwapImprove  
Info    : 556 elements combined 
Info    : ImproveMesh 
Info    : 323 swaps performed 
Info    : Total badness = 184124 
Info    : SwapImprove2  
Info    : Total badness = 169478 
Info    : SplitImprove 
Info    : badmax = 1775.12 
Info    : 2 splits performed 
Info    : ImproveMesh 
Info    : 0 swaps performed 
Info    : Total badness = 169469 
Info    : ImproveMesh 
Info    : Total badness = 138008 
Info    : Total badness = 137681 
Info    : Total badness = 168539 
Info    : SwapImprove  
Info    : 1773 swaps performed 
Info    : SwapImprove2  
Info    : 5 swaps performed 
Info    : ImproveMesh 
Info    : Total badness = 161044 
Info    : Total badness = 155046 
Info    : CombineImprove 
Info    : 128 elements combined 
Info    : ImproveMesh 
Info    : Total badness = 151870 
Info    : dtOptimizeMeshGRegion()() volume 1
Info    : dtOptimizeMeshGRegion()() volume 1 : Optimize gmsh
Info    : Optimizing volume 1
Info    : Optimization starts (volume = 5.45205) with worst = 0.0056436 / average = 0.764354:
Info    : 0.00 < quality < 0.10 :      1530 elements
Info    : 0.10 < quality < 0.20 :       973 elements
Info    : 0.20 < quality < 0.30 :      1676 elements
Info    : 0.30 < quality < 0.40 :      2264 elements
Info    : 0.40 < quality < 0.50 :      2647 elements
Info    : 0.50 < quality < 0.60 :      4400 elements
Info    : 0.60 < quality < 0.70 :      8064 elements
Info    : 0.70 < quality < 0.80 :     15337 elements
Info    : 0.80 < quality < 0.90 :     27932 elements
Info    : 0.90 < quality < 1.00 :     21896 elements
Info    : Total badness = 151333 
Info    : SplitImprove 
Info    : badmax = 448.156 
Info    : 1044 edge swaps, 0 node relocations (volume = 5.45205): worst = 0.00953578 / average = 0.761061 (Wall 0.0496947s, CPU 0.049605s)
Info    : 6 splits performed 
Info    : ImproveMesh 
Info    : Total badness = 151398 
Info    : 1615 edge swaps, 0 node relocations (volume = 5.45205): worst = 0.00953578 / average = 0.763302 (Wall 0.0889153s, CPU 0.088756s)
Info    : No ill-shaped tets in the mesh :-)
Info    : 0.00 < quality < 0.10 :      1152 elements
Info    : 0.10 < quality < 0.20 :       637 elements
Info    : 0.20 < quality < 0.30 :      1220 elements
Info    : 0.30 < quality < 0.40 :      2501 elements
Info    : 0.40 < quality < 0.50 :      2980 elements
Info    : 0.50 < quality < 0.60 :      4674 elements
Info    : 0.60 < quality < 0.70 :      8283 elements
Info    : 0.70 < quality < 0.80 :     15419 elements
Info    : 0.80 < quality < 0.90 :     27958 elements
Info    : 0.90 < quality < 1.00 :     21846 elements
Info    : dtOptimizeMeshGRegion()() volume 1 : Optimize netgen
Info    : Total badness = 151318 
Info    : SwapImprove  
Info    : 771 swaps performed 
Info    : SwapImprove2  
Info    : 6 swaps performed 
Info    : ImproveMesh 
Info    : Total badness = 149629 
Info    : Total badness = 148222 
Info    : CombineImprove 
Info    : Extract outter faces of tetrahedra
Info    : 12 elements combined 
Info    : ImproveMesh 
Info    : Total badness = 147974 
Info    : Total badness = 147900 
Info    : SplitImprove 
Info    : badmax = 447.273 
Info    : Optimizing volume 2
Info    : 2 splits performed 
Info    : ImproveMesh 
Info    : Total badness = 147935 
Info    : CalcLocalH: 20515 Points 88114 Elements 22244 Surface Elements 
Info    : Remove Illegal Elements 
Info    : 2962 illegal tets 
Info    : SplitImprove 
Info    : badmax = 5471.1 
Info    : 606 splits performed 
Info    : SwapImprove  
Info    : 378 swaps performed 
Info    : SwapImprove2  
Info    : 1 swaps performed 
Info    : 505 illegal tets 
Info    : SplitImprove 
Info    : badmax = 19232.8 
Info    : 156 splits performed 
Info    : Total badness = 147918 
Info    : SwapImprove  
Info    : SwapImprove  
Info    : 14 swaps performed 
Info    : SwapImprove2  
Info    : 3 swaps performed 
Info    : 36 illegal tets 
Info    : SplitImprove 
Info    : badmax = 7811.08 
Info    : 11 splits performed 
Info    : SwapImprove  
Info    : 3 swaps performed 
Info    : SwapImprove2  
Info    : 2 swaps performed 
Info    : 5 illegal tets 
Info    : SplitImprove 
Info    : badmax = 7811.08 
Info    : 1 splits performed 
Info    : SwapImprove  
Info    : 2 swaps performed 
Info    : SwapImprove2  
Info    : 0 swaps performed 
Info    : 2 illegal tets 
Info    : SplitImprove 
Info    : badmax = 7811.08 
Info    : 1 splits performed 
Info    : SwapImprove  
Info    : 0 swaps performed 
Info    : SwapImprove2  
Info    : 0 swaps performed 
Info    : 0 illegal tets 
Info    : Volume Optimization 
Info    : CombineImprove 
Info    : 351 swaps performed 
Info    : SwapImprove2  
Info    : 1 swaps performed 
Info    : 404 elements combined 
Info    : ImproveMesh 
Info    : ImproveMesh 
Info    : Total badness = 147465 
Info    : Total badness = 161276 
Info    : Total badness = 147084 
Info    : Total badness = 154398 
Info    : SplitImprove 
Info    : badmax = 1084.26 
Info    : 1 splits performed 
Info    : ImproveMesh 
Info    : Total badness = 154397 
Info    : Total badness = 154026 
Info    : SwapImprove  
Info    : 1410 swaps performed 
Info    : SwapImprove2  
Info    : 4 swaps performed 
Info    : ImproveMesh 
Info    : Total badness = 149740 
Info    : Total badness = 146011 
Info    : CombineImprove 
Info    : dtOptimizeMeshGRegion()() volume 1
Info    : dtOptimizeMeshGRegion()() volume 1 : Optimize gmsh
Info    : Optimizing volume 1
Info    : Optimization starts (volume = 5.46028) with worst = 0.00466658 / average = 0.76132:
Info    : 0.00 < quality < 0.10 :      1839 elements
Info    : 0.10 < quality < 0.20 :      1047 elements
Info    : 0.20 < quality < 0.30 :      2050 elements
Info    : 0.30 < quality < 0.40 :      2439 elements
Info    : 0.40 < quality < 0.50 :      2686 elements
Info    : 0.50 < quality < 0.60 :      4167 elements
Info    : 0.60 < quality < 0.70 :      8115 elements
Info    : 0.70 < quality < 0.80 :     15604 elements
Info    : 0.80 < quality < 0.90 :     28470 elements
Info    : 0.90 < quality < 1.00 :     22860 elements
Info    : 108 elements combined 
Info    : ImproveMesh 
Info    : Total badness = 143704 
Info    : 1149 edge swaps, 0 node relocations (volume = 5.46028): worst = 0.00820314 / average = 0.75725 (Wall 0.0576521s, CPU 0.057542s)
Info    : 1822 edge swaps, 0 node relocations (volume = 5.46028): worst = 0.00820314 / average = 0.759497 (Wall 0.101732s, CPU 0.101547s)
Info    : No ill-shaped tets in the mesh :-)
Info    : 0.00 < quality < 0.10 :      1388 elements
Info    : 0.10 < quality < 0.20 :       662 elements
Info    : 0.20 < quality < 0.30 :      1564 elements
Info    : 0.30 < quality < 0.40 :      2692 elements
Info    : 0.40 < quality < 0.50 :      2970 elements
Info    : 0.50 < quality < 0.60 :      4523 elements
Info    : 0.60 < quality < 0.70 :      8315 elements
Info    : 0.70 < quality < 0.80 :     15629 elements
Info    : 0.80 < quality < 0.90 :     28425 elements
Info    : 0.90 < quality < 1.00 :     22837 elements
Info    : dtOptimizeMeshGRegion()() volume 1 : Optimize netgen
Info    : Total badness = 143340 
Info    : SplitImprove 
Info    : badmax = 371.549 
Info    : 2 splits performed 
Info    : ImproveMesh 
Info    : Total badness = 143378 
Info    : Total badness = 143350 
Info    : SwapImprove  
Info    : 670 swaps performed 
Info    : SwapImprove2  
Info    : 1 swaps performed 
Info    : ImproveMesh 
Info    : Total badness = 142327 
Info    : Total badness = 141432 
Info    : CombineImprove 
Info    : Extract outter faces of tetrahedra
Info    : 29 elements combined 
Info    : ImproveMesh 
Info    : Total badness = 141005 
Info    : Optimizing volume 2
Info    : CalcLocalH: 21124 Points 90785 Elements 22896 Surface Elements 
Info    : Remove Illegal Elements 
Info    : 3112 illegal tets 
Info    : SplitImprove 
Info    : badmax = 6402.16 
Info    : Total badness = 140931 
Info    : SplitImprove 
Info    : badmax = 371.496 
Info    : 611 splits performed 
Info    : SwapImprove  
Info    : 0 splits performed 
Info    : ImproveMesh 
Info    : Total badness = 140931 
Info    : 422 swaps performed 
Info    : SwapImprove2  
Info    : 1 swaps performed 
Info    : 584 illegal tets 
Info    : SplitImprove 
Info    : badmax = 7117.47 
Info    : 171 splits performed 
Info    : SwapImprove  
Info    : 37 swaps performed 
Info    : SwapImprove2  
Info    : 1 swaps performed 
Info    : 41 illegal tets 
Info    : SplitImprove 
Info    : badmax = 2756.93 
Info    : 18 splits performed 
Info    : SwapImprove  
Info    : 9 swaps performed 
Info    : Total badness = 140930 
Info    : SwapImprove  
Info    : SwapImprove2  
Info    : 1 swaps performed 
Info    : 0 illegal tets 
Info    : Volume Optimization 
Info    : CombineImprove 
Info    : 302 swaps performed 
Info    : SwapImprove2  
Info    : 450 elements combined 
Info    : ImproveMesh 
Info    : Total badness = 173139 
Info    : 0 swaps performed 
Info    : ImproveMesh 
Info    : Total badness = 140606 
Info    : Total badness = 165267 
Info    : SplitImprove 
Info    : badmax = 1349.6 
Info    : 0 splits performed 
Info    : ImproveMesh 
Info    : Total badness = 165267 
Info    : Total badness = 140265 
Info    : Total badness = 164867 
Info    : SwapImprove  
Info    : 1480 swaps performed 
Info    : SwapImprove2  
Info    : 8 swaps performed 
Info    : ImproveMesh 
Info    : Total badness = 159458 
Info    : Total badness = 155187 
Info    : CombineImprove 
Info    : 94 elements combined 
Info    : ImproveMesh 
Info    : Total badness = 153200 
Info    : Total badness = 152826 
Info    : SplitImprove 
Info    : badmax = 355.718 
Info    : 3 splits performed 
Info    : ImproveMesh 
Info    : Total badness = 152861 
Info    : dtOptimizeMeshGRegion()() volume 1
Info    : dtOptimizeMeshGRegion()() volume 1 : Optimize gmsh
Info    : Optimizing volume 1
Info    : Optimization starts (volume = 5.45205) with worst = 0.00569617 / average = 0.761736:
Info    : 0.00 < quality < 0.10 :      1475 elements
Info    : 0.10 < quality < 0.20 :       942 elements
Info    : 0.20 < quality < 0.30 :      1754 elements
Info    : 0.30 < quality < 0.40 :      2330 elements
Info    : 0.40 < quality < 0.50 :      2949 elements
Info    : 0.50 < quality < 0.60 :      4766 elements
Info    : 0.60 < quality < 0.70 :      8505 elements
Info    : 0.70 < quality < 0.80 :     15646 elements
Info    : 0.80 < quality < 0.90 :     27959 elements
Info    : 0.90 < quality < 1.00 :     21911 elements
Info    : Total badness = 152838 
Info    : SwapImprove  
Info    : 917 edge swaps, 0 node relocations (volume = 5.45205): worst = 0.00820276 / average = 0.759745 (Wall 0.0515861s, CPU 0.051504s)
Info    : 1394 edge swaps, 0 node relocations (volume = 5.45205): worst = 0.00883662 / average = 0.761522 (Wall 0.0896107s, CPU 0.089467s)
Info    : 1535 edge swaps, 0 node relocations (volume = 5.45205): worst = 0.00883662 / average = 0.762146 (Wall 0.122718s, CPU 0.122521s)
Info    : No ill-shaped tets in the mesh :-)
Info    : 0.00 < quality < 0.10 :      1157 elements
Info    : 0.10 < quality < 0.20 :       645 elements
Info    : 0.20 < quality < 0.30 :      1449 elements
Info    : 0.30 < quality < 0.40 :      2779 elements
Info    : 0.40 < quality < 0.50 :      3349 elements
Info    : 0.50 < quality < 0.60 :      5151 elements
Info    : 0.60 < quality < 0.70 :      8757 elements
Info    : 0.70 < quality < 0.80 :     15761 elements
Info    : 0.80 < quality < 0.90 :     28044 elements
Info    : 0.90 < quality < 1.00 :     21882 elements
Info    : dtOptimizeMeshGRegion()() volume 1 : Optimize netgen
Info    : 664 swaps performed 
Info    : SwapImprove2  
Info    : 1 swaps performed 
Info    : ImproveMesh 
Info    : Total badness = 151746 
Info    : Total badness = 150768 
Info    : CombineImprove 
Info    : Extract outter faces of tetrahedra
Info    : 15 elements combined 
Info    : ImproveMesh 
Info    : Total badness = 150488 
Info    : Total badness = 150422 
Info    : SplitImprove 
Info    : badmax = 325.841 
Info    : Optimizing volume 2
Info    : 2 splits performed 
Info    : CalcLocalH: 20752 Points 89297 Elements 22244 Surface Elements 
Info    : ImproveMesh 
Info    : Total badness = 150443 
Info    : Remove Illegal Elements 
Info    : 2374 illegal tets 
Info    : SplitImprove 
Info    : badmax = 6399.71 
Info    : 526 splits performed 
Info    : SwapImprove  
Info    : 261 swaps performed 
Info    : SwapImprove2  
Info    : 0 swaps performed 
Info    : 408 illegal tets 
Info    : SplitImprove 
Info    : badmax = 18845.7 
Info    : 126 splits performed 
Info    : SwapImprove  
Info    : 17 swaps performed 
Info    : Total badness = 150435 
Info    : SwapImprove  
Info    : SwapImprove2  
Info    : 0 swaps performed 
Info    : 34 illegal tets 
Info    : SplitImprove 
Info    : badmax = 7699.39 
Info    : 8 splits performed 
Info    : SwapImprove  
Info    : 6 swaps performed 
Info    : SwapImprove2  
Info    : 2 swaps performed 
Info    : 0 illegal tets 
Info    : Volume Optimization 
Info    : CombineImprove 
Info    : 307 swaps performed 
Info    : SwapImprove2  
Info    : 394 elements combined 
Info    : ImproveMesh 
Info    : Total badness = 157696 
Info    : 2 swaps performed 
Info    : ImproveMesh 
Info    : Total badness = 150058 
Info    : Total badness = 151646 
Info    : SplitImprove 
Info    : badmax = 2715.53 
Info    : 0 splits performed 
Info    : ImproveMesh 
Info    : Total badness = 151646 
Info    : Total badness = 149694 
Info    : Total badness = 151331 
Info    : SwapImprove  
Info    : 1137 swaps performed 
Info    : SwapImprove2  
Info    : 3 swaps performed 
Info    : ImproveMesh 
Info    : Total badness = 148512 
Info    : Total badness = 145710 
Info    : CombineImprove 
Info    : 90 elements combined 
Info    : ImproveMesh 
Info    : Total badness = 143926 
Info    : Total badness = 143593 
Info    : SplitImprove 
Info    : badmax = 552.577 
Info    : 1 splits performed 
Info    : ImproveMesh 
Info    : Total badness = 143603 
Info    : Total badness = 143583 
Info    : SwapImprove  
Info    : dtOptimizeMeshGRegion()() volume 1
Info    : dtOptimizeMeshGRegion()() volume 1 : Optimize gmsh
Info    : Optimizing volume 1
Info    : Optimization starts (volume = 5.46028) with worst = 0.00735674 / average = 0.758361:
Info    : 0.00 < quality < 0.10 :      1829 elements
Info    : 0.10 < quality < 0.20 :       986 elements
Info    : 0.20 < quality < 0.30 :      2136 elements
Info    : 0.30 < quality < 0.40 :      2583 elements
Info    : 0.40 < quality < 0.50 :      3020 elements
Info    : 0.50 < quality < 0.60 :      4506 elements
Info    : 0.60 < quality < 0.70 :      8528 elements
Info    : 0.70 < quality < 0.80 :     15877 elements
Info    : 0.80 < quality < 0.90 :     28632 elements
Info    : 0.90 < quality < 1.00 :     22820 elements
Info    : 1073 edge swaps, 0 node relocations (volume = 5.46028): worst = 0.00807317 / average = 0.756204 (Wall 0.0563196s, CPU 0.056217s)
Info    : 1683 edge swaps, 0 node relocations (volume = 5.46028): worst = 0.00807317 / average = 0.758392 (Wall 0.0998521s, CPU 0.099675s)
Info    : No ill-shaped tets in the mesh :-)
Info    : 0.00 < quality < 0.10 :      1387 elements
Info    : 0.10 < quality < 0.20 :       678 elements
Info    : 0.20 < quality < 0.30 :      1577 elements
Info    : 0.30 < quality < 0.40 :      2773 elements
Info    : 0.40 < quality < 0.50 :      3319 elements
Info    : 0.50 < quality < 0.60 :      4780 elements
Info    : 0.60 < quality < 0.70 :      8689 elements
Info    : 0.70 < quality < 0.80 :     15940 elements
Info    : 0.80 < quality < 0.90 :     28683 elements
Info    : 0.90 < quality < 1.00 :     22829 elements
Info    : dtOptimizeMeshGRegion()() volume 1 : Optimize netgen
Info    : 502 swaps performed 
Info    : SwapImprove2  
Info    : 2 swaps performed 
Info    : ImproveMesh 
Info    : Total badness = 142937 
Info    : Total badness = 142376 
Info    : CombineImprove 
Info    : 22 elements combined 
Info    : ImproveMesh 
Info    : Total badness = 142078 
Info    : Total badness = 142011 
Info    : SplitImprove 
Info    : badmax = 486.323 
Info    : 0 splits performed 
Info    : ImproveMesh 
Info    : Total badness = 142011 
Info    : Total badness = 142010 
Info    : SwapImprove  
Info    : Extract outter faces of tetrahedra
Info    : 198 swaps performed 
Info    : SwapImprove2  
Info    : Optimizing volume 2
Info    : CalcLocalH: 21370 Points 92201 Elements 22896 Surface Elements 
Info    : Remove Illegal Elements 
Info    : 2729 illegal tets 
Info    : SplitImprove 
Info    : badmax = 5570.2 
Info    : 570 splits performed 
Info    : SwapImprove  
Info    : 0 swaps performed 
Info    : ImproveMesh 
Info    : 323 swaps performed 
Info    : Total badness = 141854 
Info    : SwapImprove2  
Info    : 0 swaps performed 
Info    : 485 illegal tets 
Info    : SplitImprove 
Info    : badmax = 2140.41 
Info    : 156 splits performed 
Info    : SwapImprove  
Info    : 16 swaps performed 
Info    : SwapImprove2  
Info    : 0 swaps performed 
Info    : 18 illegal tets 
Info    : SplitImprove 
Info    : badmax = 2140.41 
Info    : 5 splits performed 
Info    : SwapImprove  
Info    : Total badness = 141652 
Info    : 2 swaps performed 
Info    : SwapImprove2  
Info    : 0 swaps performed 
Info    : 2 illegal tets 
Info    : SplitImprove 
Info    : badmax = 2140.41 
Info    : 1 splits performed 
Info    : SwapImprove  
Info    : 0 swaps performed 
Info    : SwapImprove2  
Info    : 0 swaps performed 
Info    : 0 illegal tets 
Info    : Volume Optimization 
Info    : CombineImprove 
Info    : 426 elements combined 
Info    : ImproveMesh 
Info    : Total badness = 171366 
Info    : Total badness = 164847 
Info    : SplitImprove 
Info    : badmax = 1010.37 
Info    : 1 splits performed 
Info    : ImproveMesh 
Info    : Total badness = 164844 
Info    : Total badness = 164502 
Info    : SwapImprove  
Info    : 1421 swaps performed 
Info    : SwapImprove2  
Info    : 7 swaps performed 
Info    : ImproveMesh 
Info    : Total badness = 160247 
Info    : dtOptimizeMeshGRegion()() volume 1
Info    : dtOptimizeMeshGRegion()() volume 1 : Optimize gmsh
Info    : Optimizing volume 1
Info    : Optimization starts (volume = 5.45205) with worst = 0.00798906 / average = 0.760679:
Info    : 0.00 < quality < 0.10 :      1461 elements
Info    : 0.10 < quality < 0.20 :       905 elements
Info    : 0.20 < quality < 0.30 :      1712 elements
Info    : 0.30 < quality < 0.40 :      2381 elements
Info    : 0.40 < quality < 0.50 :      3122 elements
Info    : 0.50 < quality < 0.60 :      4973 elements
Info    : 0.60 < quality < 0.70 :      8748 elements
Info    : 0.70 < quality < 0.80 :     15963 elements
Info    : 0.80 < quality < 0.90 :     28104 elements
Info    : 0.90 < quality < 1.00 :     21851 elements
Info    : 794 edge swaps, 0 node relocations (volume = 5.45205): worst = 0.00892139 / average = 0.759762 (Wall 0.0510397s, CPU 0.050951s)
Info    : Total badness = 156244 
Info    : CombineImprove 
Info    : 1191 edge swaps, 0 node relocations (volume = 5.45205): worst = 0.00892139 / average = 0.761262 (Wall 0.0895591s, CPU 0.089399s)
Info    : No ill-shaped tets in the mesh :-)
Info    : 0.00 < quality < 0.10 :      1181 elements
Info    : 0.10 < quality < 0.20 :       643 elements
Info    : 0.20 < quality < 0.30 :      1317 elements
Info    : 0.30 < quality < 0.40 :      2533 elements
Info    : 0.40 < quality < 0.50 :      3369 elements
Info    : 0.50 < quality < 0.60 :      5168 elements
Info    : 0.60 < quality < 0.70 :      8875 elements
Info    : 0.70 < quality < 0.80 :     16048 elements
Info    : 0.80 < quality < 0.90 :     28201 elements
Info    : 0.90 < quality < 1.00 :     21835 elements
Info    : dtOptimizeMeshGRegion()() volume 1 : Optimize netgen
Info    : 95 elements combined 
Info    : ImproveMesh 
Info    : Total badness = 154125 
Info    : Total badness = 153717 
Info    : SplitImprove 
Info    : badmax = 335.959 
Info    : 2 splits performed 
Info    : ImproveMesh 
Info    : Total badness = 153745 
Info    : Total badness = 153724 
Info    : SwapImprove  
Info    : 610 swaps performed 
Info    : SwapImprove2  
Info    : Extract outter faces of tetrahedra
Info    : 1 swaps performed 
Info    : ImproveMesh 
Info    : Optimizing volume 2
Info    : Total badness = 152867 
Info    : CalcLocalH: 20907 Points 90122 Elements 22244 Surface Elements 
Info    : Remove Illegal Elements 
Info    : 2027 illegal tets 
Info    : SplitImprove 
Info    : badmax = 3242.93 
Info    : 456 splits performed 
Info    : SwapImprove  
Info    : 203 swaps performed 
Info    : SwapImprove2  
Info    : 1 swaps performed 
Info    : 358 illegal tets 
Info    : SplitImprove 
Info    : badmax = 2358.94 
Info    : Total badness = 152013 
Info    : CombineImprove 
Info    : 119 splits performed 
Info    : SwapImprove  
Info    : 3 swaps performed 
Info    : SwapImprove2  
Info    : 1 swaps performed 
Info    : 0 illegal tets 
Info    : Volume Optimization 
Info    : CombineImprove 
Info    : 27 elements combined 
Info    : ImproveMesh 
Info    : Total badness = 151576 
Info    : 329 elements combined 
Info    : ImproveMesh 
Info    : Total badness = 157359 
Info    : Total badness = 151503 
Info    : SplitImprove 
Info    : badmax = 333.448 
Info    : 0 splits performed 
Info    : ImproveMesh 
Info    : Total badness = 151503 
Info    : Total badness = 152632 
Info    : SplitImprove 
Info    : badmax = 998.127 
Info    : 0 splits performed 
Info    : ImproveMesh 
Info    : Total badness = 152632 
Info    : Total badness = 151501 
Info    : SwapImprove  
Info    : Total badness = 152390 
Info    : SwapImprove  
Info    : 280 swaps performed 
Info    : SwapImprove2  
Info    : 1106 swaps performed 
Info    : SwapImprove2  
Info    : 0 swaps performed 
Info    : ImproveMesh 
Info    : Total badness = 151264 
Info    : 4 swaps performed 
Info    : ImproveMesh 
Info    : Total badness = 149363 
Info    : Total badness = 150994 
Info    : Total badness = 146437 
Info    : CombineImprove 
Info    : 88 elements combined 
Info    : ImproveMesh 
Info    : Total badness = 144777 
Info    : Total badness = 144424 
Info    : SplitImprove 
Info    : badmax = 245.635 
Info    : 2 splits performed 
Info    : ImproveMesh 
Info    : Total badness = 144439 
Info    : Total badness = 144421 
Info    : SwapImprove  
Info    : 414 swaps performed 
Info    : SwapImprove2  
Info    : 1 swaps performed 
Info    : ImproveMesh 
Info    : Total badness = 143932 
Info    : Total badness = 143399 
Info    : CombineImprove 
Info    : dtOptimizeMeshGRegion()() volume 1
Info    : dtOptimizeMeshGRegion()() volume 1 : Optimize gmsh
Info    : Optimizing volume 1
Info    : Optimization starts (volume = 5.46028) with worst = 0.00706624 / average = 0.757393:
Info    : 0.00 < quality < 0.10 :      1783 elements
Info    : 0.10 < quality < 0.20 :       909 elements
Info    : 0.20 < quality < 0.30 :      2029 elements
Info    : 0.30 < quality < 0.40 :      2708 elements
Info    : 0.40 < quality < 0.50 :      3239 elements
Info    : 0.50 < quality < 0.60 :      4816 elements
Info    : 0.60 < quality < 0.70 :      8878 elements
Info    : 0.70 < quality < 0.80 :     16184 elements
Info    : 0.80 < quality < 0.90 :     28736 elements
Info    : 0.90 < quality < 1.00 :     22813 elements
Info    : 896 edge swaps, 0 node relocations (volume = 5.46028): worst = 0.00773443 / average = 0.756104 (Wall 0.0604418s, CPU 0.06032s)
Info    : 24 elements combined 
Info    : ImproveMesh 
Info    : Total badness = 142973 
Info    : 1370 edge swaps, 0 node relocations (volume = 5.46028): worst = 0.00773443 / average = 0.757518 (Wall 0.109365s, CPU 0.109141s)
Info    : No ill-shaped tets in the mesh :-)
Info    : 0.00 < quality < 0.10 :      1411 elements
Info    : 0.10 < quality < 0.20 :       660 elements
Info    : 0.20 < quality < 0.30 :      1571 elements
Info    : 0.30 < quality < 0.40 :      2879 elements
Info    : 0.40 < quality < 0.50 :      3477 elements
Info    : 0.50 < quality < 0.60 :      5007 elements
Info    : 0.60 < quality < 0.70 :      9056 elements
Info    : 0.70 < quality < 0.80 :     16280 elements
Info    : 0.80 < quality < 0.90 :     28780 elements
Info    : 0.90 < quality < 1.00 :     22821 elements
Info    : dtOptimizeMeshGRegion()() volume 1 : Optimize netgen
Info    : Total badness = 142918 
Info    : SplitImprove 
Info    : badmax = 237.108 
Info    : 1 splits performed 
Info    : ImproveMesh 
Info    : Total badness = 142929 
Info    : Total badness = 142927 
Info    : SwapImprove  
Info    : 197 swaps performed 
Info    : SwapImprove2  
Info    : 0 swaps performed 
Info    : ImproveMesh 
Info    : Total badness = 142756 
Info    : Extract outter faces of tetrahedra
Info    : Total badness = 142561 
Info    : Optimizing volume 2
Info    : CalcLocalH: 21557 Points 93166 Elements 22896 Surface Elements 
Info    : Remove Illegal Elements 
Info    : 2259 illegal tets 
Info    : SplitImprove 
Info    : badmax = 39104 
Info    : 487 splits performed 
Info    : SwapImprove  
Info    : 283 swaps performed 
Info    : SwapImprove2  
Info    : 0 swaps performed 
Info    : 367 illegal tets 
Info    : SplitImprove 
Info    : badmax = 16053.3 
Info    : 120 splits performed 
Info    : SwapImprove  
Info    : 16 swaps performed 
Info    : SwapImprove2  
Info    : 0 swaps performed 
Info    : 11 illegal tets 
Info    : SplitImprove 
Info    : badmax = 15131.6 
Info    : 3 splits performed 
Info    : SwapImprove  
Info    : 7 swaps performed 
Info    : SwapImprove2  
Info    : 0 swaps performed 
Info    : 0 illegal tets 
Info    : Volume Optimization 
Info    : CombineImprove 
Info    : 436 elements combined 
Info    : ImproveMesh 
Info    : Total badness = 170842 
Info    : Total badness = 162901 
Info    : SplitImprove 
Info    : badmax = 1270.76 
Info    : 0 splits performed 
Info    : ImproveMesh 
Info    : Total badness = 162901 
Info    : Total badness = 162479 
Info    : SwapImprove  
Info    : 1216 swaps performed 
Info    : SwapImprove2  
Info    : dtOptimizeMeshGRegion()() volume 1
Info    : dtOptimizeMeshGRegion()() volume 1 : Optimize gmsh
Info    : Optimizing volume 1
Info    : Optimization starts (volume = 5.45205) with worst = 0.00883594 / average = 0.760266:
Info    : 0.00 < quality < 0.10 :      1423 elements
Info    : 0.10 < quality < 0.20 :       885 elements
Info    : 0.20 < quality < 0.30 :      1654 elements
Info    : 0.30 < quality < 0.40 :      2453 elements
Info    : 0.40 < quality < 0.50 :      3210 elements
Info    : 0.50 < quality < 0.60 :      5126 elements
Info    : 0.60 < quality < 0.70 :      8989 elements
Info    : 0.70 < quality < 0.80 :     16168 elements
Info    : 0.80 < quality < 0.90 :     28382 elements
Info    : 0.90 < quality < 1.00 :     21768 elements
Info    : 705 edge swaps, 0 node relocations (volume = 5.45205): worst = 0.00897436 / average = 0.759574 (Wall 0.0505191s, CPU 0.050432s)
Info    : 4 swaps performed 
Info    : ImproveMesh 
Info    : Total badness = 159184 
Info    : 1034 edge swaps, 0 node relocations (volume = 5.45205): worst = 0.00897436 / average = 0.760834 (Wall 0.0894224s, CPU 0.089269s)
Info    : No ill-shaped tets in the mesh :-)
Info    : 0.00 < quality < 0.10 :      1186 elements
Info    : 0.10 < quality < 0.20 :       649 elements
Info    : 0.20 < quality < 0.30 :      1284 elements
Info    : 0.30 < quality < 0.40 :      2573 elements
Info    : 0.40 < quality < 0.50 :      3462 elements
Info    : 0.50 < quality < 0.60 :      5327 elements
Info    : 0.60 < quality < 0.70 :      9073 elements
Info    : 0.70 < quality < 0.80 :     16223 elements
Info    : 0.80 < quality < 0.90 :     28456 elements
Info    : 0.90 < quality < 1.00 :     21782 elements
Info    : dtOptimizeMeshGRegion()() volume 1 : Optimize netgen
Info    : Total badness = 155918 
Info    : CombineImprove 
Info    : 68 elements combined 
Info    : ImproveMesh 
Info    : Total badness = 154433 
Info    : Total badness = 154070 
Info    : SplitImprove 
Info    : badmax = 419.872 
Info    : 3 splits performed 
Info    : ImproveMesh 
Info    : Total badness = 154102 
Info    : Total badness = 154065 
Info    : SwapImprove  
Info    : 529 swaps performed 
Info    : SwapImprove2  
Info    : Extract outter faces of tetrahedra
Info    : 2 swaps performed 
Info    : ImproveMesh 
Info    : Total badness = 153344 
Info    : Total badness = 152655 
Info    : CombineImprove 
Info    : Optimizing volume 2
Info    : CalcLocalH: 21044 Points 90859 Elements 22244 Surface Elements 
Info    : Remove Illegal Elements 
Info    : 1766 illegal tets 
Info    : SplitImprove 
Info    : badmax = 2959.44 
Info    : 404 splits performed 
Info    : SwapImprove  
Info    : 153 swaps performed 
Info    : SwapImprove2  
Info    : 0 swaps performed 
Info    : 318 illegal tets 
Info    : SplitImprove 
Info    : badmax = 5294.93 
Info    : 105 splits performed 
Info    : SwapImprove  
Info    : 4 swaps performed 
Info    : SwapImprove2  
Info    : 0 swaps performed 
Info    : 0 illegal tets 
Info    : Volume Optimization 
Info    : CombineImprove 
Info    : 32 elements combined 
Info    : ImproveMesh 
Info    : Total badness = 152103 
Info    : Total badness = 152015 
Info    : SplitImprove 
Info    : badmax = 335.214 
Info    : 1 splits performed 
Info    : ImproveMesh 
Info    : Total badness = 152026 
Info    : 332 elements combined 
Info    : ImproveMesh 
Info    : Total badness = 156420 
Info    : Total badness = 152026 
Info    : SwapImprove  
Info    : Total badness = 151807 
Info    : SplitImprove 
Info    : badmax = 752.406 
Info    : 0 splits performed 
Info    : ImproveMesh 
Info    : Total badness = 151807 
Info    : 229 swaps performed 
Info    : Total badness = 151586 
Info    : SwapImprove  
Info    : SwapImprove2  
Info    : 1 swaps performed 
Info    : ImproveMesh 
Info    : Total badness = 151812 
Info    : 1000 swaps performed 
Info    : SwapImprove2  
Info    : Total badness = 151583 
Info    : 3 swaps performed 
Info    : ImproveMesh 
Info    : Total badness = 149137 
Info    : Total badness = 146637 
Info    : CombineImprove 
Info    : 75 elements combined 
Info    : ImproveMesh 
Info    : Total badness = 145133 
Info    : Total badness = 144828 
Info    : SplitImprove 
Info    : badmax = 256.929 
Info    : 1 splits performed 
Info    : ImproveMesh 
Info    : Total badness = 144841 
Info    : Total badness = 144830 
Info    : SwapImprove  
Info    : 360 swaps performed 
Info    : SwapImprove2  
Info    : 3 swaps performed 
Info    : ImproveMesh 
Info    : Total badness = 144408 
Info    : dtOptimizeMeshGRegion()() volume 1
Info    : dtOptimizeMeshGRegion()() volume 1 : Optimize gmsh
Info    : Optimizing volume 1
Info    : Total badness = 143930 
Info    : CombineImprove 
Info    : Optimization starts (volume = 5.46028) with worst = 0.00704684 / average = 0.757469:
Info    : 0.00 < quality < 0.10 :      1773 elements
Info    : 0.10 < quality < 0.20 :       901 elements
Info    : 0.20 < quality < 0.30 :      2002 elements
Info    : 0.30 < quality < 0.40 :      2669 elements
Info    : 0.40 < quality < 0.50 :      3257 elements
Info    : 0.50 < quality < 0.60 :      4948 elements
Info    : 0.60 < quality < 0.70 :      8984 elements
Info    : 0.70 < quality < 0.80 :     16370 elements
Info    : 0.80 < quality < 0.90 :     28913 elements
Info    : 0.90 < quality < 1.00 :     22790 elements
Info    : 875 edge swaps, 0 node relocations (volume = 5.46028): worst = 0.0078585 / average = 0.756258 (Wall 0.0572652s, CPU 0.05716s)
Info    : 1343 edge swaps, 0 node relocations (volume = 5.46028): worst = 0.0078585 / average = 0.757768 (Wall 0.100985s, CPU 0.100797s)
Info    : No ill-shaped tets in the mesh :-)
Info    : 0.00 < quality < 0.10 :      1396 elements
Info    : 0.10 < quality < 0.20 :       670 elements
Info    : 0.20 < quality < 0.30 :      1542 elements
Info    : 0.30 < quality < 0.40 :      2843 elements
Info    : 0.40 < quality < 0.50 :      3458 elements
Info    : 0.50 < quality < 0.60 :      5119 elements
Info    : 0.60 < quality < 0.70 :      9105 elements
Info    : 0.70 < quality < 0.80 :     16452 elements
Info    : 0.80 < quality < 0.90 :     28984 elements
Info    : 0.90 < quality < 1.00 :     22799 elements
Info    : dtOptimizeMeshGRegion()() volume 1 : Optimize netgen
Info    : 20 elements combined 
Info    : ImproveMesh 
Info    : Total badness = 143635 
Info    : Total badness = 143587 
Info    : SplitImprove 
Info    : badmax = 248.237 
Info    : 0 splits performed 
Info    : ImproveMesh 
Info    : Total badness = 143587 
Info    : Total badness = 143587 
Info    : SwapImprove  
Info    : 169 swaps performed 
Info    : SwapImprove2  
Info    : 0 swaps performed 
Info    : ImproveMesh 
Info    : Total badness = 143437 
Info    : Extract outter faces of tetrahedra
Info    : Total badness = 143291 
Info    : Optimizing volume 2
Info    : CalcLocalH: 21635 Points 93629 Elements 22896 Surface Elements 
Info    : Remove Illegal Elements 
Info    : 2208 illegal tets 
Info    : SplitImprove 
Info    : badmax = 6402.16 
Info    : 484 splits performed 
Info    : SwapImprove  
Info    : 231 swaps performed 
Info    : SwapImprove2  
Info    : 0 swaps performed 
Info    : 386 illegal tets 
Info    : SplitImprove 
Info    : badmax = 7204.9 
Info    : 123 splits performed 
Info    : SwapImprove  
Info    : 12 swaps performed 
Info    : SwapImprove2  
Info    : 0 swaps performed 
Info    : 15 illegal tets 
Info    : SplitImprove 
Info    : badmax = 5715.27 
Info    : 3 splits performed 
Info    : SwapImprove  
Info    : 5 swaps performed 
Info    : SwapImprove2  
Info    : 0 swaps performed 
Info    : 0 illegal tets 
Info    : Volume Optimization 
Info    : CombineImprove 
Info    : 420 elements combined 
Info    : ImproveMesh 
Info    : Total badness = 170517 
Info    : Total badness = 163713 
Info    : SplitImprove 
Info    : badmax = 1011.22 
Info    : 1 splits performed 
Info    : ImproveMesh 
Info    : Total badness = 163735 
Info    : Total badness = 163379 
Info    : SwapImprove  
Info    : 1183 swaps performed 
Info    : SwapImprove2  
Info    : dtOptimizeMeshGRegion()() volume 1
Info    : dtOptimizeMeshGRegion()() volume 1 : Optimize gmsh
Info    : Optimizing volume 1
Info    : Optimization starts (volume = 5.45205) with worst = 0.0086321 / average = 0.75977:
Info    : 0.00 < quality < 0.10 :      1407 elements
Info    : 0.10 < quality < 0.20 :       921 elements
Info    : 0.20 < quality < 0.30 :      1602 elements
Info    : 0.30 < quality < 0.40 :      2435 elements
Info    : 0.40 < quality < 0.50 :      3332 elements
Info    : 0.50 < quality < 0.60 :      5280 elements
Info    : 0.60 < quality < 0.70 :      9089 elements
Info    : 0.70 < quality < 0.80 :     16302 elements
Info    : 0.80 < quality < 0.90 :     28403 elements
Info    : 0.90 < quality < 1.00 :     21821 elements
Info    : 3 swaps performed 
Info    : 629 edge swaps, 0 node relocations (volume = 5.45205): worst = 0.00897423 / average = 0.759631 (Wall 0.0502999s, CPU 0.050213s)
Info    : ImproveMesh 
Info    : Total badness = 160021 
Info    : 904 edge swaps, 0 node relocations (volume = 5.45205): worst = 0.00897423 / average = 0.760695 (Wall 0.0897272s, CPU 0.089573s)
Info    : No ill-shaped tets in the mesh :-)
Info    : 0.00 < quality < 0.10 :      1205 elements
Info    : 0.10 < quality < 0.20 :       698 elements
Info    : 0.20 < quality < 0.30 :      1298 elements
Info    : 0.30 < quality < 0.40 :      2531 elements
Info    : 0.40 < quality < 0.50 :      3579 elements
Info    : 0.50 < quality < 0.60 :      5460 elements
Info    : 0.60 < quality < 0.70 :      9163 elements
Info    : 0.70 < quality < 0.80 :     16387 elements
Info    : 0.80 < quality < 0.90 :     28503 elements
Info    : 0.90 < quality < 1.00 :     21832 elements
Info    : dtOptimizeMeshGRegion()() volume 1 : Optimize netgen
Info    : Total badness = 156712 
Info    : CombineImprove 
Info    : 78 elements combined 
Info    : ImproveMesh 
Info    : Total badness = 154960 
Info    : Total badness = 154600 
Info    : SplitImprove 
Info    : badmax = 336.557 
Info    : 0 splits performed 
Info    : ImproveMesh 
Info    : Total badness = 154600 
Info    : Total badness = 154591 
Info    : SwapImprove  
Info    : Extract outter faces of tetrahedra
Info    : 429 swaps performed 
Info    : SwapImprove2  
Info    : Optimizing volume 2
Info    : CalcLocalH: 21127 Points 91284 Elements 22244 Surface Elements 
Info    : Remove Illegal Elements 
Info    : 1579 illegal tets 
Info    : SplitImprove 
Info    : 2 swaps performed 
Info    : badmax = 5333.62 
Info    : ImproveMesh 
Info    : Total badness = 154028 
Info    : 380 splits performed 
Info    : SwapImprove  
Info    : 140 swaps performed 
Info    : SwapImprove2  
Info    : 0 swaps performed 
Info    : 174 illegal tets 
Info    : SplitImprove 
Info    : badmax = 18847.3 
Info    : 59 splits performed 
Info    : SwapImprove  
Info    : 1 swaps performed 
Info    : SwapImprove2  
Info    : 0 swaps performed 
Info    : 0 illegal tets 
Info    : Volume Optimization 
Info    : CombineImprove 
Info    : Total badness = 153414 
Info    : CombineImprove 
Info    : 298 elements combined 
Info    : ImproveMesh 
Info    : Total badness = 156403 
Info    : 30 elements combined 
Info    : ImproveMesh 
Info    : Total badness = 152902 
Info    : Total badness = 151549 
Info    : SplitImprove 
Info    : badmax = 551.003 
Info    : Total badness = 152817 
Info    : SplitImprove 
Info    : badmax = 336.749 
Info    : 0 splits performed 
Info    : ImproveMesh 
Info    : Total badness = 151549 
Info    : 0 splits performed 
Info    : ImproveMesh 
Info    : Total badness = 152817 
Info    : Total badness = 151309 
Info    : SwapImprove  
Info    : Total badness = 152817 
Info    : SwapImprove  
Info    : 859 swaps performed 
Info    : 202 swaps performed 
Info    : SwapImprove2  
Info    : SwapImprove2  
Info    : 3 swaps performed 
Info    : ImproveMesh 
Info    : 0 swaps performed 
Info    : Total badness = 149185 
Info    : ImproveMesh 
Info    : Total badness = 152636 
Info    : Total badness = 152439 
Info    : Total badness = 147021 
Info    : CombineImprove 
Info    : 84 elements combined 
Info    : ImproveMesh 
Info    : Total badness = 145290 
Info    : Total badness = 144978 
Info    : SplitImprove 
Info    : badmax = 237.707 
Info    : 1 splits performed 
Info    : ImproveMesh 
Info    : Total badness = 144995 
Info    : Total badness = 144990 
Info    : SwapImprove  
Info    : 317 swaps performed 
Info    : SwapImprove2  
Info    : 0 swaps performed 
Info    : ImproveMesh 
Info    : Total badness = 144552 
Info    : Total badness = 144128 
Info    : CombineImprove 
Info    : dtOptimizeMeshGRegion()() volume 1
Info    : dtOptimizeMeshGRegion()() volume 1 : Optimize gmsh
Info    : Optimizing volume 1
Info    : 12 elements combined 
Info    : ImproveMesh 
Info    : Optimization starts (volume = 5.46028) with worst = 0.00699698 / average = 0.756873:
Info    : 0.00 < quality < 0.10 :      1744 elements
Info    : 0.10 < quality < 0.20 :       943 elements
Info    : 0.20 < quality < 0.30 :      1956 elements
Info    : 0.30 < quality < 0.40 :      2714 elements
Info    : 0.40 < quality < 0.50 :      3370 elements
Info    : 0.50 < quality < 0.60 :      5025 elements
Info    : 0.60 < quality < 0.70 :      9096 elements
Info    : 0.70 < quality < 0.80 :     16506 elements
Info    : 0.80 < quality < 0.90 :     29000 elements
Info    : 0.90 < quality < 1.00 :     22786 elements
Info    : Total badness = 143949 
Info    : 786 edge swaps, 0 node relocations (volume = 5.46028): worst = 0.0082385 / average = 0.756591 (Wall 0.058749s, CPU 0.058641s)
Info    : 1164 edge swaps, 0 node relocations (volume = 5.46028): worst = 0.0082385 / average = 0.757978 (Wall 0.101823s, CPU 0.10164s)
Info    : No ill-shaped tets in the mesh :-)
Info    : 0.00 < quality < 0.10 :      1429 elements
Info    : 0.10 < quality < 0.20 :       700 elements
Info    : 0.20 < quality < 0.30 :      1536 elements
Info    : 0.30 < quality < 0.40 :      2879 elements
Info    : 0.40 < quality < 0.50 :      3537 elements
Info    : 0.50 < quality < 0.60 :      5167 elements
Info    : 0.60 < quality < 0.70 :      9240 elements
Info    : 0.70 < quality < 0.80 :     16617 elements
Info    : 0.80 < quality < 0.90 :     29093 elements
Info    : 0.90 < quality < 1.00 :     22831 elements
Info    : dtOptimizeMeshGRegion()() volume 1 : Optimize netgen
Info    : Total badness = 143914 
Info    : SplitImprove 
Info    : badmax = 240.111 
Info    : 0 splits performed 
Info    : ImproveMesh 
Info    : Total badness = 143914 
Info    : Total badness = 143914 
Info    : SwapImprove  
Info    : 126 swaps performed 
Info    : SwapImprove2  
Info    : 0 swaps performed 
Info    : ImproveMesh 
Info    : Total badness = 143803 
Info    : Total badness = 143694 
Info    : Extract outter faces of tetrahedra
Info    : Optimizing volume 2
Info    : CalcLocalH: 21718 Points 94002 Elements 22896 Surface Elements 
Info    : Remove Illegal Elements 
Info    : 1953 illegal tets 
Info    : SplitImprove 
Info    : badmax = 6147.69 
Info    : 438 splits performed 
Info    : SwapImprove  
Info    : 184 swaps performed 
Info    : SwapImprove2  
Info    : 0 swaps performed 
Info    : 356 illegal tets 
Info    : SplitImprove 
Info    : badmax = 9126.49 
Info    : 115 splits performed 
Info    : SwapImprove  
Info    : 12 swaps performed 
Info    : SwapImprove2  
Info    : 0 swaps performed 
Info    : 9 illegal tets 
Info    : SplitImprove 
Info    : badmax = 5715.27 
Info    : 2 splits performed 
Info    : SwapImprove  
Info    : 3 swaps performed 
Info    : SwapImprove2  
Info    : 0 swaps performed 
Info    : 0 illegal tets 
Info    : Volume Optimization 
Info    : CombineImprove 
Info    : 376 elements combined 
Info    : ImproveMesh 
Info    : Total badness = 170377 
Info    : Total badness = 163823 
Info    : SplitImprove 
Info    : badmax = 1122.77 
Info    : 0 splits performed 
Info    : ImproveMesh 
Info    : Total badness = 163823 
Info    : Total badness = 163483 
Info    : SwapImprove  
Debug   : Destroying model myModel
Info    : 1094 swaps performed 
Info    : SwapImprove2  
Info    : Meshing volume 2 (Transfinite)
Debug   : Surface 7: L = 40  H = 10
Debug   : Found canonical face index 4  (permutation = 0)
Debug   : Surface 8: L = 40  H = 10
Debug   : Found canonical face index 5  (permutation = 0)
Debug   : Surface 9: L = 40  H = 40
Debug   : Found canonical face index 0  (permutation = 0)
Debug   : Surface 10: L = 40  H = 40
Debug   : Found canonical face index 2  (permutation = 0)
Debug   : Surface 11: L = 10  H = 40
Debug   : Found canonical face index 3  (permutation = 0)
Debug   : Surface 12: L = 10  H = 40
Debug   : Found canonical face index 1  (permutation = 0)
Info    : Meshing volume 3 (Transfinite)
Debug   : Surface 13: L = 16  H = 10
Debug   : Found canonical face index 4  (permutation = 0)
Debug   : Surface 14: L = 16  H = 10
Debug   : Found canonical face index 5  (permutation = 0)
Debug   : Surface 15: L = 16  H = 40
Debug   : Found canonical face index 0  (permutation = 0)
Debug   : Surface 16: L = 16  H = 40
Debug   : Found canonical face index 2  (permutation = 0)
Debug   : Surface 12: L = 10  H = 40
Debug   : Found canonical face index 3  (permutation = 0)
Debug   : Surface 17: L = 10  H = 40
Debug   : Found canonical face index 1  (permutation = 0)
Info    : Meshing volume 4 (Transfinite)
Debug   : Surface 18: L = 40  H = 10
Debug   : Found canonical face index 4  (permutation = 0)
Debug   : Surface 19: L = 40  H = 10
Debug   : Found canonical face index 5  (permutation = 0)
Debug   : Surface 20: L = 40  H = 40
Debug   : Found canonical face index 0  (permutation = 0)
Debug   : Surface 21: L = 40  H = 40
Debug   : Found canonical face index 2  (permutation = 0)
Debug   : Surface 17: L = 10  H = 40
Debug   : Found canonical face index 3  (permutation = 0)
Debug   : Surface 22: L = 10  H = 40
Debug   : Found canonical face index 1  (permutation = 0)
Info    : Meshing volume 5 (Transfinite)
Debug   : Surface 23: L = 8  H = 10
Debug   : Found canonical face index 4  (permutation = 0)
Debug   : Surface 24: L = 8  H = 10
Debug   : Found canonical face index 5  (permutation = 0)
Debug   : Surface 25: L = 8  H = 40
Debug   : Found canonical face index 0  (permutation = 0)
Debug   : Surface 26: L = 8  H = 40
Debug   : Found canonical face index 2  (permutation = 0)
Debug   : Surface 22: L = 10  H = 40
Debug   : Found canonical face index 3  (permutation = 0)
Debug   : Surface 27: L = 10  H = 40
Debug   : Found canonical face index 1  (permutation = 0)
Info    : Meshing volume 6 (Transfinite)
Debug   : Surface 28: L = 8  H = 10
Debug   : Found canonical face index 4  (permutation = 0)
Debug   : Surface 29: L = 8  H = 10
Debug   : Found canonical face index 5  (permutation = 0)
Debug   : Surface 30: L = 8  H = 40
Debug   : Found canonical face index 0  (permutation = 0)
Debug   : Surface 31: L = 8  H = 40
Debug   : Found canonical face index 2  (permutation = 0)
Debug   : Surface 27: L = 10  H = 40
Debug   : Found canonical face index 3  (permutation = 0)
Debug   : Surface 11: L = 10  H = 40
Debug   : Found canonical face index 1  (permutation = 0)
Info    : 3 swaps performed 
Info    : ImproveMesh 
Info    : Total badness = 160481 
Info    : Total badness = 157295 
Info    : CombineImprove 
Info    : 102 elements combined 
Info    : ImproveMesh 
Info    : Total badness = 155288 
Info    : Total badness = 154889 
Info    : SplitImprove 
Info    : badmax = 412.175 
Info    : 0 splits performed 
Info    : ImproveMesh 
Info    : Total badness = 154889 
Info    : Total badness = 154876 
Info    : SwapImprove  
Info    : 452 swaps performed 
Info    : SwapImprove2  
Info    : 1 swaps performed 
Info    : ImproveMesh 
Info    : Total badness = 154289 
Info    : Total badness = 153714 
Info    : CombineImprove 
Info    : 28 elements combined 
Info    : ImproveMesh 
Info    : Total badness = 153181 
Info    : Total badness = 153106 
Info    : SplitImprove 
Info    : badmax = 412.459 
Info    : 0 splits performed 
Info    : ImproveMesh 
Info    : Total badness = 153106 
Info    : Total badness = 153108 
Info    : SwapImprove  
[dtoo] mesh written: /repo/data/dataset/sobol/machine_0059/mesh.msh.part
Info    : 184 swaps performed 
Info    : SwapImprove2  
[sampler] machine_0059 mesh OK
Info    : 0 swaps performed 
Info    : ImproveMesh 
Info    : Total badness = 152952 
Info    : Total badness = 152721 
Debug   : Destroying model myModel
Info    : Meshing volume 2 (Transfinite)
Debug   : Surface 7: L = 40  H = 10
Debug   : Found canonical face index 4  (permutation = 0)
Debug   : Surface 8: L = 40  H = 10
Debug   : Found canonical face index 5  (permutation = 0)
Debug   : Surface 9: L = 40  H = 40
Debug   : Found canonical face index 0  (permutation = 0)
Debug   : Surface 10: L = 40  H = 40
Debug   : Found canonical face index 2  (permutation = 0)
Debug   : Surface 11: L = 10  H = 40
Debug   : Found canonical face index 3  (permutation = 0)
Debug   : Surface 12: L = 10  H = 40
Debug   : Found canonical face index 1  (permutation = 0)
Info    : Meshing volume 3 (Transfinite)
Debug   : Surface 13: L = 16  H = 10
Debug   : Found canonical face index 4  (permutation = 0)
Debug   : Surface 14: L = 16  H = 10
Debug   : Found canonical face index 5  (permutation = 0)
Debug   : Surface 15: L = 16  H = 40
Debug   : Found canonical face index 0  (permutation = 0)
Debug   : Surface 16: L = 16  H = 40
Debug   : Found canonical face index 2  (permutation = 0)
Debug   : Surface 12: L = 10  H = 40
Debug   : Found canonical face index 3  (permutation = 0)
Debug   : Surface 17: L = 10  H = 40
Debug   : Found canonical face index 1  (permutation = 0)
Info    : Meshing volume 4 (Transfinite)
Debug   : Surface 18: L = 40  H = 10
Debug   : Found canonical face index 4  (permutation = 0)
Debug   : Surface 19: L = 40  H = 10
Debug   : Found canonical face index 5  (permutation = 0)
Debug   : Surface 20: L = 40  H = 40
Debug   : Found canonical face index 0  (permutation = 0)
Debug   : Surface 21: L = 40  H = 40
Debug   : Found canonical face index 2  (permutation = 0)
Debug   : Surface 17: L = 10  H = 40
Debug   : Found canonical face index 3  (permutation = 0)
Debug   : Surface 22: L = 10  H = 40
Debug   : Found canonical face index 1  (permutation = 0)
Info    : Meshing volume 5 (Transfinite)
Debug   : Surface 23: L = 8  H = 10
Debug   : Found canonical face index 4  (permutation = 0)
Debug   : Surface 24: L = 8  H = 10
Debug   : Found canonical face index 5  (permutation = 0)
Debug   : Surface 25: L = 8  H = 40
Debug   : Found canonical face index 0  (permutation = 0)
Debug   : Surface 26: L = 8  H = 40
Debug   : Found canonical face index 2  (permutation = 0)
Debug   : Surface 22: L = 10  H = 40
Debug   : Found canonical face index 3  (permutation = 0)
Debug   : Surface 27: L = 10  H = 40
Debug   : Found canonical face index 1  (permutation = 0)
Info    : Meshing volume 6 (Transfinite)
Debug   : Surface 28: L = 8  H = 10
Debug   : Found canonical face index 4  (permutation = 0)
Debug   : Surface 29: L = 8  H = 10
Debug   : Found canonical face index 5  (permutation = 0)
Debug   : Surface 30: L = 8  H = 40
Debug   : Found canonical face index 0  (permutation = 0)
Debug   : Surface 31: L = 8  H = 40
Debug   : Found canonical face index 2  (permutation = 0)
Debug   : Surface 27: L = 10  H = 40
Debug   : Found canonical face index 3  (permutation = 0)
Debug   : Surface 11: L = 10  H = 40
Debug   : Found canonical face index 1  (permutation = 0)
[dtoo] mesh written: /repo/data/dataset/sobol/machine_0001/mesh.msh.part
[sampler] machine_0001 mesh OK
[dtoo] pass complete (xargs rc=0; 0 = all ok, 123 = at least one failed)
