solid "LV_connection"
  facet normal -0.580484271049 0.419793456793 -0.69771873951
    outer loop
      vertex 0.0285040475428 -0.156194105744 -0.157506048679
      vertex 0.0291711557657 -0.155642867088 -0.157499760389
      vertex 0.0287648402154 -0.155974090099 -0.157511100173
    endloop
  endfacet
  facet normal -0.58049851656 0.419739544392 -0.697739303112
    outer loop
      vertex 0.0382794700563 -0.149201482534 -0.155610561371
      vertex 0.0366223305464 -0.150259777904 -0.156143173575
      vertex 0.0390503667295 -0.149647951126 -0.153802260756
    endloop
  endfacet
  facet normal -0.580499053001 0.41974028945 -0.697738468647
    outer loop
      vertex 0.0216229557991 -0.176644653082 -0.133027419448
      vertex 0.0221502352506 -0.175304681063 -0.1345256567
      vertex 0.0205396451056 -0.176018878818 -0.13556586206
    endloop
  endfacet
  facet normal -0.58049929142 0.419740229845 -0.697738289833
    outer loop
      vertex 0.0632371157408 -0.158367097378 -0.105858236551
      vertex 0.0651107877493 -0.156521931291 -0.106334194541
      vertex 0.0635609775782 -0.156676933169 -0.108219914138
    endloop
  endfacet
  facet normal -0.580499529839 0.419739693403 -0.697738409042
    outer loop
      vertex 0.0647907555103 -0.157607883215 -0.104971602559
      vertex 0.0645761787891 -0.158677667379 -0.103490054607
      vertex 0.066457927227 -0.156831458211 -0.103956565261
    endloop
  endfacet
  facet normal -0.580499172211 0.419739991426 -0.697738528252
    outer loop
      vertex 0.0398969314992 -0.148192420602 -0.155051022768
      vertex 0.0413805022836 -0.147774323821 -0.153694242239
      vertex 0.0410754792392 -0.147446066141 -0.154661744833
    endloop
  endfacet
  facet normal -0.58049839735 0.419740706682 -0.69773876667
    outer loop
      vertex 0.0662477165461 -0.144318670034 -0.125047415495
      vertex 0.0646907314658 -0.144504755735 -0.126891374588
      vertex 0.064280115068 -0.146184980869 -0.124666213989
    endloop
  endfacet
  facet normal -0.580411672592 0.419759362936 -0.697799682617
    outer loop
      vertex 0.0151386344805 -0.176175877452 -0.1427744627
      vertex 0.0148736974224 -0.175147175789 -0.144850894809
      vertex 0.0150675233454 -0.175929307938 -0.143282681704
    endloop
  endfacet
  facet normal -0.580498337746 0.419741153717 -0.697738468647
    outer loop
      vertex 0.0227698050439 -0.184824258089 -0.117844320834
      vertex 0.0256499703974 -0.182667896152 -0.117445603013
      vertex 0.024072792381 -0.182533144951 -0.119850836694
    endloop
  endfacet
  facet normal -0.580498158932 0.41974028945 -0.697739183903
    outer loop
      vertex 0.0666482150555 -0.138836756349 -0.133606150746
      vertex 0.0656631216407 -0.138555854559 -0.1354354918
      vertex 0.0643760040402 -0.140399470925 -0.134150892496
    endloop
  endfacet
  facet normal -0.580499053001 0.419739633799 -0.697738826275
    outer loop
      vertex 0.0604224689305 -0.142779156566 -0.135662823915
      vertex 0.0606967322528 -0.141115501523 -0.138049036264
      vertex 0.0585619695485 -0.142877355218 -0.138072654605
    endloop
  endfacet
  facet normal -0.580499053001 0.41973990202 -0.697738647461
    outer loop
      vertex 0.0366223305464 -0.150259777904 -0.156143173575
      vertex 0.0350142791867 -0.151308864355 -0.156623184681
      vertex 0.0351255871356 -0.152196288109 -0.154994085431
    endloop
  endfacet
  facet normal -0.580498993397 0.419742077589 -0.697737455368
    outer loop
      vertex 0.0693810805678 -0.143783763051 -0.121603153646
      vertex 0.0698840692639 -0.144300878048 -0.120047941804
      vertex 0.0714947059751 -0.142982363701 -0.120012201369
    endloop
  endfacet
  facet normal -0.580500006676 0.419740021229 -0.697737812996
    outer loop
      vertex 0.0662553086877 -0.136907950044 -0.137355804443
      vertex 0.0656631216407 -0.138555854559 -0.1354354918
      vertex 0.0674309134483 -0.137066930532 -0.135465681553
    endloop
  endfacet
  facet normal -0.580516338348 0.419633686543 -0.697788178921
    outer loop
      vertex 0.0333859026432 -0.152416735888 -0.157033607364
      vertex 0.0318922922015 -0.153508409858 -0.157284557819
      vertex 0.0334563925862 -0.152367293835 -0.157018303871
    endloop
  endfacet
  facet normal -0.580499410629 0.419740885496 -0.697737812996
    outer loop
      vertex 0.064305819571 -0.160092011094 -0.101512879133
      vertex 0.0665421411395 -0.158504366875 -0.10105920583
      vertex 0.0645761787891 -0.158677667379 -0.103490054607
    endloop
  endfacet
  facet normal -0.580498933792 0.419739842415 -0.69773876667
    outer loop
      vertex 0.0388217419386 -0.179301530123 -0.104825057089
      vertex 0.0408339574933 -0.177698835731 -0.104706354439
      vertex 0.039240013808 -0.177419006824 -0.107375927269
    endloop
  endfacet
  facet normal -0.580499470234 0.41974067688 -0.697737872601
    outer loop
      vertex 0.0691463947296 -0.14670830965 -0.117066241801
      vertex 0.0713880062103 -0.145348295569 -0.116226859391
      vertex 0.0703372731805 -0.14481972158 -0.118558682501
    endloop
  endfacet
  facet normal -0.580498933792 0.419739663601 -0.697738945484
    outer loop
      vertex 0.046132043004 -0.173990726471 -0.103543139994
      vertex 0.0476741790771 -0.171511039138 -0.10553240031
      vertex 0.0449763312936 -0.173219993711 -0.106422707438
    endloop
  endfacet
  facet normal -0.580497741699 0.419740617275 -0.697739362717
    outer loop
      vertex 0.0667258426547 -0.163016170263 -0.0933051556349
      vertex 0.0651467218995 -0.162882775068 -0.0957108065486
      vertex 0.0647849440575 -0.164405554533 -0.0936798155308
    endloop
  endfacet
  facet normal -0.419049233198 0.4461838305 -0.790770351887
    outer loop
      vertex 0.0150675233454 -0.175929307938 -0.143282681704
      vertex 0.0148736974224 -0.175147175789 -0.144850894809
      vertex 0.0149476993829 -0.175445780158 -0.144252151251
    endloop
  endfacet
  facet normal -0.580500006676 0.419740438461 -0.697737514973
    outer loop
      vertex 0.0585619695485 -0.142877355218 -0.138072654605
      vertex 0.0586329512298 -0.14445912838 -0.135345101357
      vertex 0.0604224689305 -0.142779156566 -0.135662823915
    endloop
  endfacet
  facet normal -0.580498814583 0.419739961624 -0.697738826275
    outer loop
      vertex 0.0410754792392 -0.147446066141 -0.154661744833
      vertex 0.0413805022836 -0.147774323821 -0.153694242239
      vertex 0.0415231846273 -0.147168144584 -0.154504567385
    endloop
  endfacet
  facet normal -0.58050096035 0.419736117125 -0.697739362717
    outer loop
      vertex 0.0229985546321 -0.161442071199 -0.156396344304
      vertex 0.0254070963711 -0.158983334899 -0.157152548432
      vertex 0.0239175893366 -0.16045717895 -0.15676254034
    endloop
  endfacet
  facet normal -0.580497741699 0.41973978281 -0.697739839554
    outer loop
      vertex 0.0713880062103 -0.145348295569 -0.116226859391
      vertex 0.0727821290493 -0.145537152886 -0.113984845579
      vertex 0.0736851096153 -0.143755048513 -0.115698441863
    endloop
  endfacet
  facet normal -0.580498933792 0.41974067688 -0.697738289833
    outer loop
      vertex 0.0165490359068 -0.179407954216 -0.135451167822
      vertex 0.0171227492392 -0.178594261408 -0.136010333896
      vertex 0.0164369754493 -0.179156348109 -0.136024385691
    endloop
  endfacet
  facet normal -0.580498754978 0.419741302729 -0.697738051414
    outer loop
      vertex 0.0389137715101 -0.18378816545 -0.0972396060824
      vertex 0.0400207005441 -0.182112976909 -0.0984934195876
      vertex 0.0384706482291 -0.182867005467 -0.0993837043643
    endloop
  endfacet
  facet normal -0.580498456955 0.419741094112 -0.697738468647
    outer loop
      vertex 0.0559025108814 -0.173478662968 -0.0908818542957
      vertex 0.0540013536811 -0.174095094204 -0.0924864634871
      vertex 0.0544799044728 -0.175513595343 -0.0894666388631
    endloop
  endfacet
  facet normal -0.580498874187 0.419739574194 -0.697739005089
    outer loop
      vertex 0.0184953082353 -0.168436855078 -0.15099683404
      vertex 0.0185624230653 -0.166962817311 -0.153354331851
      vertex 0.0177405998111 -0.168150663376 -0.152516320348
    endloop
  endfacet
  facet normal -0.580499708652 0.419739961624 -0.697738111019
    outer loop
      vertex 0.0638884902 -0.142114832997 -0.131973654032
      vertex 0.0621515437961 -0.142549097538 -0.133653968573
      vertex 0.0619971305132 -0.144319161773 -0.130925133824
    endloop
  endfacet
  facet normal -0.580498814583 0.419740408659 -0.697738587856
    outer loop
      vertex 0.0602034926414 -0.158069700003 -0.110548079014
      vertex 0.0592513941228 -0.159828707576 -0.108940817416
      vertex 0.0615219883621 -0.158365756273 -0.108232468367
    endloop
  endfacet
  facet normal -0.580498456955 0.419741243124 -0.697738349438
    outer loop
      vertex 0.0165490359068 -0.179407954216 -0.135451167822
      vertex 0.0167741905898 -0.179894372821 -0.134331211448
      vertex 0.0171227492392 -0.178594261408 -0.136010333896
    endloop
  endfacet
  facet normal -0.580499529839 0.419740110636 -0.697738170624
    outer loop
      vertex 0.0665421411395 -0.158504366875 -0.10105920583
      vertex 0.064305819571 -0.160092011094 -0.101512879133
      vertex 0.0654576048255 -0.160428449512 -0.0993606969714
    endloop
  endfacet
  facet normal -0.580483257771 0.419831722975 -0.697696566582
    outer loop
      vertex 0.0334563925862 -0.152367293835 -0.157018303871
      vertex 0.0318922922015 -0.153508409858 -0.157284557819
      vertex 0.0336025282741 -0.152267798781 -0.156981602311
    endloop
  endfacet
  facet normal -0.580493628979 0.419753015041 -0.697735309601
    outer loop
      vertex 0.0254070963711 -0.158983334899 -0.157152548432
      vertex 0.0272498615086 -0.157288104296 -0.15742200613
      vertex 0.0257733352482 -0.158629134297 -0.157234832644
    endloop
  endfacet
  facet normal -0.580498099327 0.419741213322 -0.697738647461
    outer loop
      vertex 0.0665421411395 -0.158504366875 -0.10105920583
      vertex 0.0699609145522 -0.157472625375 -0.0980461463332
      vertex 0.0687966644764 -0.15628452599 -0.101631298661
    endloop
  endfacet
  facet normal -0.580496072769 0.419741719961 -0.697740018368
    outer loop
      vertex 0.0212553050369 -0.172659054399 -0.140161186457
      vertex 0.0205158740282 -0.174460947514 -0.138188496232
      vertex 0.0213444679976 -0.173500701785 -0.138638794422
    endloop
  endfacet
  facet normal -0.580498337746 0.419740855694 -0.697738707066
    outer loop
      vertex 0.0561179928482 -0.174174681306 -0.0894268602133
      vertex 0.0559025108814 -0.173478662968 -0.0908818542957
      vertex 0.0552946329117 -0.174848109484 -0.0894461125135
    endloop
  endfacet
  facet normal -0.580494463444 0.419758200645 -0.697731494904
    outer loop
      vertex 0.0291711557657 -0.155642867088 -0.157499760389
      vertex 0.0285040475428 -0.156194105744 -0.157506048679
      vertex 0.0303221214563 -0.154713094234 -0.157453536987
    endloop
  endfacet
  facet normal -0.580499410629 0.419740557671 -0.69773799181
    outer loop
      vertex 0.0168842244893 -0.177336975932 -0.138430207968
      vertex 0.0154515169561 -0.176987990737 -0.140991747379
      vertex 0.0156983900815 -0.17755715549 -0.139704212546
    endloop
  endfacet
  facet normal -0.580498874187 0.419740140438 -0.697738707066
    outer loop
      vertex 0.0479713454843 -0.176867127419 -0.0962179377675
      vertex 0.0476991087198 -0.175726056099 -0.0984912589192
      vertex 0.0464123599231 -0.177319288254 -0.0976223796606
    endloop
  endfacet
  facet normal -0.580499470234 0.419740647078 -0.697737872601
    outer loop
      vertex 0.0179885607213 -0.180234655738 -0.132086068392
      vertex 0.0167741905898 -0.179894372821 -0.134331211448
      vertex 0.0171044375747 -0.180684790015 -0.132560566068
    endloop
  endfacet
  facet normal -0.580498814583 0.419740438461 -0.697738587856
    outer loop
      vertex 0.0575792491436 -0.166279524565 -0.100530140102
      vertex 0.0566224269569 -0.166133001447 -0.1020969823
      vertex 0.0553253665566 -0.167564436793 -0.101511321962
    endloop
  endfacet
  facet normal -0.580498576164 0.419740349054 -0.697738826275
    outer loop
      vertex 0.0606240853667 -0.163352236152 -0.101185202599
      vertex 0.0628576874733 -0.16184553504 -0.100600749254
      vertex 0.0613762773573 -0.162076756358 -0.102265149355
    endloop
  endfacet
  facet normal -0.580498814583 0.419740080833 -0.69773876667
    outer loop
      vertex 0.0619556084275 -0.163723275065 -0.0987269282341
      vertex 0.0597354769707 -0.165023237467 -0.099636413157
      vertex 0.0609429143369 -0.165470644832 -0.0972228050232
    endloop
  endfacet
  facet normal -0.580499112606 0.419740498066 -0.697738289833
    outer loop
      vertex 0.0388217419386 -0.179301530123 -0.104825057089
      vertex 0.0371706262231 -0.179361745715 -0.107008449733
      vertex 0.0370513349771 -0.1806833148 -0.104976572096
    endloop
  endfacet
  facet normal -0.580499172211 0.419740557671 -0.697738230228
    outer loop
      vertex 0.0179885607213 -0.180234655738 -0.132086068392
      vertex 0.0190179646015 -0.178223788738 -0.134005084634
      vertex 0.0167741905898 -0.179894372821 -0.134331211448
    endloop
  endfacet
  facet normal -0.580499112606 0.419740885496 -0.697738051414
    outer loop
      vertex 0.0171227492392 -0.178594261408 -0.136010333896
      vertex 0.0167741905898 -0.179894372821 -0.134331211448
      vertex 0.0190179646015 -0.178223788738 -0.134005084634
    endloop
  endfacet
  facet normal -0.580499649048 0.419740021229 -0.697738111019
    outer loop
      vertex 0.0607390478253 -0.156438231468 -0.112519420683
      vertex 0.06304102391 -0.154688596725 -0.112244233489
      vertex 0.0616828501225 -0.154988750815 -0.11362361908
    endloop
  endfacet
  facet normal -0.580498933792 0.419739931822 -0.69773876667
    outer loop
      vertex 0.0646579638124 -0.150097548962 -0.117639735341
      vertex 0.0641046091914 -0.151688665152 -0.115760095417
      vertex 0.0661411359906 -0.150528684258 -0.114871837199
    endloop
  endfacet
  facet normal -0.58049929142 0.419736653566 -0.6977404356
    outer loop
      vertex 0.0213444679976 -0.173500701785 -0.138638794422
      vertex 0.0205158740282 -0.174460947514 -0.138188496232
      vertex 0.0213725864887 -0.173675000668 -0.138310149312
    endloop
  endfacet
  facet normal -0.580498635769 0.419741153717 -0.697738289833
    outer loop
      vertex 0.0672400295734 -0.148510381579 -0.116707116365
      vertex 0.0691463947296 -0.14670830965 -0.117066241801
      vertex 0.0674305334687 -0.147066622972 -0.118843622506
    endloop
  endfacet
  facet normal -0.580499470234 0.419740051031 -0.697738230228
    outer loop
      vertex 0.0254070963711 -0.158983334899 -0.157152548432
      vertex 0.0273087155074 -0.159314438701 -0.153972223401
      vertex 0.0275084413588 -0.157889530063 -0.156064644456
    endloop
  endfacet
  facet normal -0.580498754978 0.419739991426 -0.697738826275
    outer loop
      vertex 0.0415231846273 -0.147168144584 -0.154504567385
      vertex 0.0413805022836 -0.147774323821 -0.153694242239
      vertex 0.0419828481972 -0.146877944469 -0.154351249337
    endloop
  endfacet
  facet normal -0.580497920513 0.419740915298 -0.697739005089
    outer loop
      vertex 0.0399410426617 -0.151439890265 -0.149591714144
      vertex 0.0379863865674 -0.152535825968 -0.150473192334
      vertex 0.0386046878994 -0.152904316783 -0.149005547166
    endloop
  endfacet
  facet normal -0.580499768257 0.419738680124 -0.697738826275
    outer loop
      vertex 0.0285040475428 -0.156194105744 -0.157506048679
      vertex 0.0272498615086 -0.157288104296 -0.15742200613
      vertex 0.0275084413588 -0.157889530063 -0.156064644456
    endloop
  endfacet
  facet normal -0.580498218536 0.419741094112 -0.697738647461
    outer loop
      vertex 0.0721189528704 -0.148324459791 -0.110268674791
      vertex 0.0737206116319 -0.147023588419 -0.11021604389
      vertex 0.0725134089589 -0.146838575602 -0.112193129957
    endloop
  endfacet
  facet normal -0.58049851656 0.419740945101 -0.697738468647
    outer loop
      vertex 0.042349435389 -0.177770614624 -0.102491125464
      vertex 0.0408339574933 -0.177698835731 -0.104706354439
      vertex 0.0401886329055 -0.179381117225 -0.102802351117
    endloop
  endfacet
  facet normal -0.580498754978 0.419741004705 -0.697738289833
    outer loop
      vertex 0.0216229557991 -0.176644653082 -0.133027419448
      vertex 0.0206768587232 -0.178693518043 -0.130930036306
      vertex 0.0231864489615 -0.176663577557 -0.130833670497
    endloop
  endfacet
  facet normal -0.580498933792 0.419741332531 -0.697737932205
    outer loop
      vertex 0.0545167438686 -0.141686201096 -0.145647242665
      vertex 0.0551423579454 -0.142740055919 -0.143030181527
      vertex 0.0568146407604 -0.140760019422 -0.144008859992
    endloop
  endfacet
  facet normal -0.580498993397 0.419741123915 -0.69773799181
    outer loop
      vertex 0.0386046878994 -0.152904316783 -0.149005547166
      vertex 0.0379863865674 -0.152535825968 -0.150473192334
      vertex 0.0380833372474 -0.153221189976 -0.149199858308
    endloop
  endfacet
  facet normal -0.580498635769 0.419741630554 -0.69773799181
    outer loop
      vertex 0.0310142040253 -0.157581925392 -0.151727512479
      vertex 0.0291283819824 -0.157619193196 -0.15427364409
      vertex 0.029011849314 -0.159125596285 -0.151930704713
    endloop
  endfacet
  facet normal -0.580498874187 0.419739693403 -0.697738945484
    outer loop
      vertex 0.0291283819824 -0.157619193196 -0.15427364409
      vertex 0.0309913028032 -0.155649319291 -0.154971763492
      vertex 0.0285040475428 -0.156194105744 -0.157506048679
    endloop
  endfacet
  facet normal -0.580496311188 0.419742256403 -0.697739541531
    outer loop
      vertex 0.0216229557991 -0.176644653082 -0.133027419448
      vertex 0.0222853943706 -0.175501704216 -0.134011209011
      vertex 0.0221502352506 -0.175304681063 -0.1345256567
    endloop
  endfacet
  facet normal -0.580498754978 0.419740259647 -0.697738707066
    outer loop
      vertex 0.0577122345567 -0.161950349808 -0.107542648911
      vertex 0.0560820698738 -0.162517026067 -0.108855165541
      vertex 0.0552397742867 -0.16423548758 -0.10716342926
    endloop
  endfacet
  facet normal -0.580497682095 0.41973978281 -0.697739899158
    outer loop
      vertex 0.0226708836854 -0.175991371274 -0.132664114237
      vertex 0.0216229557991 -0.176644653082 -0.133027419448
      vertex 0.022898402065 -0.176306456327 -0.131825685501
    endloop
  endfacet
  facet normal -0.580498874187 0.419740885496 -0.697738230228
    outer loop
      vertex 0.0206768587232 -0.178693518043 -0.130930036306
      vertex 0.0216229557991 -0.176644653082 -0.133027419448
      vertex 0.0190179646015 -0.178223788738 -0.134005084634
    endloop
  endfacet
  facet normal -0.58049762249 0.419741004705 -0.697739183903
    outer loop
      vertex 0.072497010231 -0.151374042034 -0.104676485062
      vertex 0.0728861540556 -0.150297507644 -0.105927839875
      vertex 0.0715460404754 -0.1516738832 -0.105493217707
    endloop
  endfacet
  facet normal -0.580499589443 0.41974028945 -0.69773799181
    outer loop
      vertex 0.0187128763646 -0.181056678295 -0.129717901349
      vertex 0.0179885607213 -0.180234655738 -0.132086068392
      vertex 0.0174254775047 -0.181568458676 -0.130647629499
    endloop
  endfacet
  facet normal -0.580499470234 0.419739961624 -0.697738289833
    outer loop
      vertex 0.0185624230653 -0.166962817311 -0.153354331851
      vertex 0.0205780286342 -0.166563853621 -0.151229932904
      vertex 0.0199384391308 -0.165108382702 -0.154533952475
    endloop
  endfacet
  facet normal -0.580418467522 0.419841378927 -0.697744727135
    outer loop
      vertex 0.0187653228641 -0.166680857539 -0.153542414308
      vertex 0.0185624230653 -0.166962817311 -0.153354331851
      vertex 0.0191293563694 -0.166188925505 -0.153856694698
    endloop
  endfacet
  facet normal -0.58049851656 0.419740378857 -0.697738826275
    outer loop
      vertex 0.0299789533019 -0.185582816601 -0.106613136828
      vertex 0.0308606475592 -0.18587231636 -0.104912541807
      vertex 0.0318487510085 -0.184382766485 -0.106022082269
    endloop
  endfacet
  facet normal -0.580499410629 0.419740855694 -0.697737812996
    outer loop
      vertex 0.0704780295491 -0.153394520283 -0.104110039771
      vertex 0.0715460404754 -0.1516738832 -0.105493217707
      vertex 0.0695198178291 -0.152455836535 -0.106995627284
    endloop
  endfacet
  facet normal -0.580498814583 0.419740945101 -0.697738230228
    outer loop
      vertex 0.0581560134888 -0.164741009474 -0.102289959788
      vertex 0.0598773881793 -0.162436813116 -0.103739596903
      vertex 0.0575156025589 -0.163625657558 -0.105029702187
    endloop
  endfacet
  facet normal -0.580498337746 0.419739931822 -0.697739243507
    outer loop
      vertex 0.0417176000774 -0.150229126215 -0.14914740622
      vertex 0.043435536325 -0.149569496512 -0.147868022323
      vertex 0.0429667457938 -0.148624703288 -0.15008687973
    endloop
  endfacet
  facet normal -0.580498695374 0.419739544392 -0.697739183903
    outer loop
      vertex 0.0382794700563 -0.149201482534 -0.155610561371
      vertex 0.0390503667295 -0.149647951126 -0.153802260756
      vertex 0.0398969314992 -0.148192420602 -0.155051022768
    endloop
  endfacet
  facet normal -0.580498695374 0.419740200043 -0.69773876667
    outer loop
      vertex 0.0710728317499 -0.141793638468 -0.12257167697
      vertex 0.0723738223314 -0.140062749386 -0.123649694026
      vertex 0.0705056041479 -0.140835508704 -0.124948881567
    endloop
  endfacet
  facet normal -0.580498933792 0.419740766287 -0.697738230228
    outer loop
      vertex 0.0656355395913 -0.154755458236 -0.108544893563
      vertex 0.067001350224 -0.155138194561 -0.106019742787
      vertex 0.0676948651671 -0.153799384832 -0.107286132872
    endloop
  endfacet
  facet normal -0.58049851656 0.419740438461 -0.697738826275
    outer loop
      vertex 0.0598773881793 -0.162436813116 -0.103739596903
      vertex 0.0606240853667 -0.163352236152 -0.101185202599
      vertex 0.0613762773573 -0.162076756358 -0.102265149355
    endloop
  endfacet
  facet normal -0.580498754978 0.419740855694 -0.697738349438
    outer loop
      vertex 0.0190179646015 -0.178223788738 -0.134005084634
      vertex 0.0179885607213 -0.180234655738 -0.132086068392
      vertex 0.0206768587232 -0.178693518043 -0.130930036306
    endloop
  endfacet
  facet normal -0.580499351025 0.419741183519 -0.697737634182
    outer loop
      vertex 0.0171228889376 -0.180736929178 -0.132448360324
      vertex 0.0179885607213 -0.180234655738 -0.132086068392
      vertex 0.0171117633581 -0.180703744292 -0.132518917322
    endloop
  endfacet
  facet normal -0.580498874187 0.419741302729 -0.69773799181
    outer loop
      vertex 0.045921549201 -0.148211240768 -0.146687716246
      vertex 0.043435536325 -0.149569496512 -0.147868022323
      vertex 0.043618876487 -0.150210231543 -0.146549358964
    endloop
  endfacet
  facet normal -0.58049929142 0.41974017024 -0.697738289833
    outer loop
      vertex 0.0656355395913 -0.154755458236 -0.108544893563
      vertex 0.0638461485505 -0.155420839787 -0.109913535416
      vertex 0.0635609775782 -0.156676933169 -0.108219914138
    endloop
  endfacet
  facet normal -0.58049851656 0.419741243124 -0.697738289833
    outer loop
      vertex 0.0370439663529 -0.182885810733 -0.101325519383
      vertex 0.036754515022 -0.184639573097 -0.0988105461001
      vertex 0.0384706482291 -0.182867005467 -0.0993837043643
    endloop
  endfacet
  facet normal -0.580496191978 0.419744551182 -0.697738289833
    outer loop
      vertex 0.0213725864887 -0.173675000668 -0.138310149312
      vertex 0.0205158740282 -0.174460947514 -0.138188496232
      vertex 0.021414861083 -0.173806026578 -0.138033896685
    endloop
  endfacet
  facet normal -0.580498337746 0.419740468264 -0.697738945484
    outer loop
      vertex 0.0245729070157 -0.178764924407 -0.125423118472
      vertex 0.0237390473485 -0.177469715476 -0.128729373217
      vertex 0.0225906874985 -0.179585859179 -0.126799851656
    endloop
  endfacet
  facet normal -0.580498814583 0.419740319252 -0.697738647461
    outer loop
      vertex 0.0653491094708 -0.153567701578 -0.11091542244
      vertex 0.0646650418639 -0.152660369873 -0.113369762897
      vertex 0.06304102391 -0.154688596725 -0.112244233489
    endloop
  endfacet
  facet normal -0.580499351025 0.419740796089 -0.697737872601
    outer loop
      vertex 0.0691463947296 -0.14670830965 -0.117066241801
      vertex 0.0703372731805 -0.14481972158 -0.118558682501
      vertex 0.0685379207134 -0.145524486899 -0.119875624776
    endloop
  endfacet
  facet normal -0.580499768257 0.419739663601 -0.697738230228
    outer loop
      vertex 0.0704689323902 -0.14716231823 -0.114482462406
      vertex 0.0691463947296 -0.14670830965 -0.117066241801
      vertex 0.0687433257699 -0.147936716676 -0.115581683815
    endloop
  endfacet
  facet normal -0.580498993397 0.419741243124 -0.697737932205
    outer loop
      vertex 0.0559025108814 -0.173478662968 -0.0908818542957
      vertex 0.0577579140663 -0.172756999731 -0.0895154774189
      vertex 0.0576258040965 -0.171344175935 -0.0920467302203
    endloop
  endfacet
  facet normal -0.580499112606 0.419739484787 -0.69773888588
    outer loop
      vertex 0.0184953082353 -0.168436855078 -0.15099683404
      vertex 0.0205780286342 -0.166563853621 -0.151229932904
      vertex 0.0185624230653 -0.166962817311 -0.153354331851
    endloop
  endfacet
  facet normal -0.580497741699 0.419739812613 -0.697739839554
    outer loop
      vertex 0.0736851096153 -0.143755048513 -0.115698441863
      vertex 0.0720165297389 -0.143911123276 -0.117746636271
      vertex 0.0713880062103 -0.145348295569 -0.116226859391
    endloop
  endfacet
  facet normal -0.580498218536 0.419740974903 -0.69773876667
    outer loop
      vertex 0.0309913028032 -0.155649319291 -0.154971763492
      vertex 0.0332848466933 -0.15402790904 -0.154495105147
      vertex 0.0318922922015 -0.153508409858 -0.157284557819
    endloop
  endfacet
  facet normal -0.580499351025 0.419740736485 -0.697737932205
    outer loop
      vertex 0.018055357039 -0.175317406654 -0.140167668462
      vertex 0.0151386344805 -0.176175877452 -0.1427744627
      vertex 0.0154515169561 -0.176987990737 -0.140991747379
    endloop
  endfacet
  facet normal -0.580498754978 0.41974028945 -0.697738707066
    outer loop
      vertex 0.0187128763646 -0.181056678295 -0.129717901349
      vertex 0.0206768587232 -0.178693518043 -0.130930036306
      vertex 0.0179885607213 -0.180234655738 -0.132086068392
    endloop
  endfacet
  facet normal -0.580499351025 0.419739991426 -0.697738349438
    outer loop
      vertex 0.0273087155074 -0.159314438701 -0.153972223401
      vertex 0.0254070963711 -0.158983334899 -0.157152548432
      vertex 0.0253850799054 -0.160706177354 -0.154319092631
    endloop
  endfacet
  facet normal -0.580499053001 0.419741362333 -0.697737812996
    outer loop
      vertex 0.0269863065332 -0.161278799176 -0.151152729988
      vertex 0.0249643009156 -0.163356542587 -0.150495305657
      vertex 0.0265178289264 -0.162784799933 -0.149297207594
    endloop
  endfacet
  facet normal -0.58049839735 0.419742465019 -0.697737693787
    outer loop
      vertex 0.0700011253357 -0.150851875544 -0.108996264637
      vertex 0.0695198178291 -0.152455836535 -0.106995627284
      vertex 0.0714074075222 -0.150659129024 -0.107371784747
    endloop
  endfacet
  facet normal -0.580499768257 0.41973990202 -0.697738051414
    outer loop
      vertex 0.0197331644595 -0.171622097492 -0.143990024924
      vertex 0.0170362703502 -0.173240855336 -0.145028933883
      vertex 0.0181712880731 -0.173691421747 -0.142710238695
    endloop
  endfacet
  facet normal -0.580498933792 0.419740140438 -0.697738587856
    outer loop
      vertex 0.0229985546321 -0.161442071199 -0.156396344304
      vertex 0.0253850799054 -0.160706177354 -0.154319092631
      vertex 0.0254070963711 -0.158983334899 -0.157152548432
    endloop
  endfacet
  facet normal -0.580498993397 0.419740080833 -0.697738647461
    outer loop
      vertex 0.0685379207134 -0.145524486899 -0.119875624776
      vertex 0.0669268667698 -0.14515671134 -0.122715055943
      vertex 0.0667767450213 -0.146615311503 -0.120498031378
    endloop
  endfacet
  facet normal -0.580499768257 0.419739186764 -0.697738528252
    outer loop
      vertex 0.0703372731805 -0.14481972158 -0.118558682501
      vertex 0.0714947059751 -0.142982363701 -0.120012201369
      vertex 0.0698840692639 -0.144300878048 -0.120047941804
    endloop
  endfacet
  facet normal -0.580497980118 0.419741749763 -0.697738468647
    outer loop
      vertex 0.0205158740282 -0.174460947514 -0.138188496232
      vertex 0.0205396451056 -0.176018878818 -0.13556586206
      vertex 0.0217169318348 -0.174533203244 -0.136407345533
    endloop
  endfacet
  facet normal -0.580498218536 0.419741481543 -0.697738468647
    outer loop
      vertex 0.0234387405217 -0.166034460068 -0.148153617978
      vertex 0.0253254249692 -0.164224907756 -0.148552387953
      vertex 0.0230923332274 -0.165284529328 -0.149879321456
    endloop
  endfacet
  facet normal -0.580498874187 0.41974067688 -0.697738349438
    outer loop
      vertex 0.0390503667295 -0.149647951126 -0.153802260756
      vertex 0.0369406491518 -0.151890426874 -0.15299230814
      vertex 0.0389238968492 -0.15105073154 -0.151645332575
    endloop
  endfacet
  facet normal -0.580498218536 0.419741332531 -0.697738528252
    outer loop
      vertex 0.0380833372474 -0.153221189976 -0.149199858308
      vertex 0.0379863865674 -0.152535825968 -0.150473192334
      vertex 0.0373384170234 -0.153685465455 -0.149458304048
    endloop
  endfacet
  facet normal -0.58049839735 0.419740349054 -0.697738945484
    outer loop
      vertex 0.025557031855 -0.184872493148 -0.11390940845
      vertex 0.0239845812321 -0.186248078942 -0.113797456026
      vertex 0.0253560915589 -0.186192706227 -0.111992709339
    endloop
  endfacet
  facet normal -0.580498576164 0.419740140438 -0.697738945484
    outer loop
      vertex 0.0265178289264 -0.162784799933 -0.149297207594
      vertex 0.0249643009156 -0.163356542587 -0.150495305657
      vertex 0.0261742342263 -0.163197308779 -0.149086669087
    endloop
  endfacet
  facet normal -0.580497980118 0.419742107391 -0.697738230228
    outer loop
      vertex 0.0379863865674 -0.152535825968 -0.150473192334
      vertex 0.0399410426617 -0.151439890265 -0.149591714144
      vertex 0.0389238968492 -0.15105073154 -0.151645332575
    endloop
  endfacet
  facet normal -0.580498576164 0.419740974903 -0.697738409042
    outer loop
      vertex 0.0433611050248 -0.175623655319 -0.104660920799
      vertex 0.0408339574933 -0.177698835731 -0.104706354439
      vertex 0.042349435389 -0.177770614624 -0.102491125464
    endloop
  endfacet
  facet normal -0.580498456955 0.419740617275 -0.69773876667
    outer loop
      vertex 0.0501190871 -0.176142394543 -0.0944523513317
      vertex 0.0498948581517 -0.174814641476 -0.0969695970416
      vertex 0.0479713454843 -0.176867127419 -0.0962179377675
    endloop
  endfacet
  facet normal -0.580498695374 0.419740796089 -0.697738409042
    outer loop
      vertex 0.0415359288454 -0.180566608906 -0.0989684015512
      vertex 0.0433941371739 -0.178428247571 -0.099953122437
      vertex 0.0413397923112 -0.179488539696 -0.101031757891
    endloop
  endfacet
  facet normal -0.580492019653 0.419748336077 -0.697739481926
    outer loop
      vertex 0.0609660036862 -0.15606123209 -0.112832225859
      vertex 0.0607390478253 -0.156438231468 -0.112519420683
      vertex 0.0616828501225 -0.154988750815 -0.11362361908
    endloop
  endfacet
  facet normal -0.580490231514 0.419755101204 -0.697736859322
    outer loop
      vertex 0.0214275922626 -0.163237810135 -0.155583918095
      vertex 0.0229985546321 -0.161442071199 -0.156396344304
      vertex 0.0220480505377 -0.162503629923 -0.155946269631
    endloop
  endfacet
  facet normal -0.580498814583 0.419740796089 -0.697738349438
    outer loop
      vertex 0.0415436625481 -0.182279527187 -0.0961103290319
      vertex 0.0389137715101 -0.18378816545 -0.0972396060824
      vertex 0.0398998558521 -0.184290394187 -0.0950410217047
    endloop
  endfacet
  facet normal -0.580499947071 0.419741302729 -0.69773709774
    outer loop
      vertex 0.0191855095327 -0.183229774237 -0.125451892614
      vertex 0.0191570390016 -0.181937858462 -0.127638846636
      vertex 0.017878998071 -0.18333594501 -0.127082303166
    endloop
  endfacet
  facet normal -0.58049839735 0.41974157095 -0.697738230228
    outer loop
      vertex 0.06675735116 -0.142617478967 -0.127170503139
      vertex 0.0646720528603 -0.142985314131 -0.129442989826
      vertex 0.0646907314658 -0.144504755735 -0.126891374588
    endloop
  endfacet
  facet normal -0.580499112606 0.41973990202 -0.697738647461
    outer loop
      vertex 0.0625402182341 -0.153530746698 -0.114861555398
      vertex 0.06304102391 -0.154688596725 -0.112244233489
      vertex 0.0646650418639 -0.152660369873 -0.113369762897
    endloop
  endfacet
  facet normal -0.580499112606 0.419741421938 -0.697737693787
    outer loop
      vertex 0.0188989173621 -0.176043108106 -0.137794718146
      vertex 0.0184256825596 -0.177288651466 -0.136378735304
      vertex 0.0205396451056 -0.176018878818 -0.13556586206
    endloop
  endfacet
  facet normal -0.580498576164 0.419741272926 -0.697738230228
    outer loop
      vertex 0.0554824471474 -0.169633045793 -0.0978554189205
      vertex 0.0547466948628 -0.168993771076 -0.099935606122
      vertex 0.0533243976533 -0.170695006847 -0.0990746617317
    endloop
  endfacet
  facet normal -0.580499351025 0.419740051031 -0.697738349438
    outer loop
      vertex 0.0237945877016 -0.187638536096 -0.111748836935
      vertex 0.0239845812321 -0.186248078942 -0.113797456026
      vertex 0.0224973410368 -0.187750503421 -0.113356798887
    endloop
  endfacet
  facet normal -0.580498456955 0.419740647078 -0.69773876667
    outer loop
      vertex 0.0249643009156 -0.163356542587 -0.150495305657
      vertex 0.0225627422333 -0.164350941777 -0.152163639665
      vertex 0.0230923332274 -0.165284529328 -0.149879321456
    endloop
  endfacet
  facet normal -0.58049839735 0.419739723206 -0.697739362717
    outer loop
      vertex 0.0246413368732 -0.16512927413 -0.147995129228
      vertex 0.0234387405217 -0.166034460068 -0.148153617978
      vertex 0.0241558533162 -0.165773957968 -0.147594898939
    endloop
  endfacet
  facet normal -0.580498933792 0.419740319252 -0.697738528252
    outer loop
      vertex 0.0619971305132 -0.144319161773 -0.130925133824
      vertex 0.0628487244248 -0.144981995225 -0.128645524383
      vertex 0.0646720528603 -0.142985314131 -0.129442989826
    endloop
  endfacet
  facet normal -0.580498695374 0.419741094112 -0.697738230228
    outer loop
      vertex 0.0237390473485 -0.177469715476 -0.128729373217
      vertex 0.0231864489615 -0.176663577557 -0.130833670497
      vertex 0.0206768587232 -0.178693518043 -0.130930036306
    endloop
  endfacet
  facet normal -0.580499529839 0.419739603996 -0.697738468647
    outer loop
      vertex 0.054765176028 -0.163880199194 -0.108410403132
      vertex 0.0552397742867 -0.16423548758 -0.10716342926
      vertex 0.0560820698738 -0.162517026067 -0.108855165541
    endloop
  endfacet
  facet normal -0.580498874187 0.419741332531 -0.697737932205
    outer loop
      vertex 0.0417176000774 -0.150229126215 -0.14914740622
      vertex 0.0416290573776 -0.151212602854 -0.147635027766
      vertex 0.043435536325 -0.149569496512 -0.147868022323
    endloop
  endfacet
  facet normal -0.580498993397 0.41974028945 -0.697738468647
    outer loop
      vertex 0.0253850799054 -0.160706177354 -0.154319092631
      vertex 0.0229985546321 -0.161442071199 -0.156396344304
      vertex 0.0242684148252 -0.162479907274 -0.152914956212
    endloop
  endfacet
  facet normal -0.580498874187 0.419740587473 -0.697738409042
    outer loop
      vertex 0.048711463809 -0.172691375017 -0.102135740221
      vertex 0.0510958172381 -0.171638786793 -0.100587934256
      vertex 0.050876006484 -0.170086294413 -0.103472642601
    endloop
  endfacet
  facet normal -0.580499768257 0.419740706682 -0.697737574577
    outer loop
      vertex 0.0647907555103 -0.157607883215 -0.104971602559
      vertex 0.066457927227 -0.156831458211 -0.103956565261
      vertex 0.0651107877493 -0.156521931291 -0.106334194541
    endloop
  endfacet
  facet normal -0.580499887466 0.41974028945 -0.697737753391
    outer loop
      vertex 0.0653491094708 -0.153567701578 -0.11091542244
      vertex 0.0669672116637 -0.151364952326 -0.112339258194
      vertex 0.0646650418639 -0.152660369873 -0.113369762897
    endloop
  endfacet
  facet normal -0.580499112606 0.419740229845 -0.697738468647
    outer loop
      vertex 0.0291283819824 -0.157619193196 -0.15427364409
      vertex 0.0275084413588 -0.157889530063 -0.156064644456
      vertex 0.0273087155074 -0.159314438701 -0.153972223401
    endloop
  endfacet
  facet normal -0.580498218536 0.41974157095 -0.697738349438
    outer loop
      vertex 0.0390503667295 -0.149647951126 -0.153802260756
      vertex 0.0410607047379 -0.149487137794 -0.15128929913
      vertex 0.0413805022836 -0.147774323821 -0.153694242239
    endloop
  endfacet
  facet normal -0.580499053001 0.419741302729 -0.697737812996
    outer loop
      vertex 0.0269863065332 -0.161278799176 -0.151152729988
      vertex 0.0242684148252 -0.162479907274 -0.152914956212
      vertex 0.0249643009156 -0.163356542587 -0.150495305657
    endloop
  endfacet
  facet normal -0.580498695374 0.419740378857 -0.697738707066
    outer loop
      vertex 0.0590044036508 -0.169071018696 -0.0939188227057
      vertex 0.0605204924941 -0.168661013246 -0.092503644526
      vertex 0.060920484364 -0.1675273031 -0.0938350409269
    endloop
  endfacet
  facet normal -0.580498993397 0.419739693403 -0.69773888588
    outer loop
      vertex 0.0507473014295 -0.167712017894 -0.107597447932
      vertex 0.0517350398004 -0.168024510145 -0.105711944401
      vertex 0.0522556453943 -0.166358053684 -0.107762120664
    endloop
  endfacet
  facet normal -0.58050006628 0.419740080833 -0.697737753391
    outer loop
      vertex 0.0435019694269 -0.17997866869 -0.0972267389297
      vertex 0.0449085794389 -0.178310528398 -0.0980543419719
      vertex 0.0433941371739 -0.178428247571 -0.099953122437
    endloop
  endfacet
  facet normal -0.580499649048 0.419740229845 -0.69773799181
    outer loop
      vertex 0.0201306603849 -0.186993166804 -0.117888838053
      vertex 0.0181300844997 -0.18746432662 -0.119872413576
      vertex 0.0181661639363 -0.188152134418 -0.11867916584
    endloop
  endfacet
  facet normal -0.580479741096 0.41974157095 -0.697753787041
    outer loop
      vertex 0.0245729070157 -0.178764924407 -0.125423118472
      vertex 0.0241282768548 -0.178020432591 -0.127275601029
      vertex 0.0237390473485 -0.177469715476 -0.128729373217
    endloop
  endfacet
  facet normal -0.580498337746 0.419741898775 -0.697738051414
    outer loop
      vertex 0.0628361031413 -0.137365356088 -0.141324177384
      vertex 0.0629717484117 -0.138534858823 -0.139192536473
      vertex 0.0646864026785 -0.13700440526 -0.139365255833
    endloop
  endfacet
  facet normal -0.580495476723 0.419745087624 -0.697738528252
    outer loop
      vertex 0.0214275922626 -0.163237810135 -0.155583918095
      vertex 0.0203762874007 -0.164536550641 -0.15487895906
      vertex 0.0199384391308 -0.165108382702 -0.154533952475
    endloop
  endfacet
  facet normal -0.580497920513 0.419741004705 -0.697738945484
    outer loop
      vertex 0.0638884902 -0.142114832997 -0.131973654032
      vertex 0.0646720528603 -0.142985314131 -0.129442989826
      vertex 0.0659046173096 -0.140875071287 -0.131246238947
    endloop
  endfacet
  facet normal -0.580498278141 0.419740200043 -0.697739124298
    outer loop
      vertex 0.0449085794389 -0.178310528398 -0.0980543419719
      vertex 0.0458107627928 -0.178898796439 -0.0958287417889
      vertex 0.0464123599231 -0.177319288254 -0.0976223796606
    endloop
  endfacet
  facet normal -0.580402493477 0.419747442007 -0.697814464569
    outer loop
      vertex 0.0241282768548 -0.178020432591 -0.127275601029
      vertex 0.0245729070157 -0.178764924407 -0.125423118472
      vertex 0.024541143328 -0.178704917431 -0.125566810369
    endloop
  endfacet
  facet normal -0.580497682095 0.419741213322 -0.697739064693
    outer loop
      vertex 0.0710830241442 -0.154944211245 -0.100697286427
      vertex 0.0687966644764 -0.15628452599 -0.101631298661
      vertex 0.0699609145522 -0.157472625375 -0.0980461463332
    endloop
  endfacet
  facet normal -0.580498874187 0.419741690159 -0.697737753391
    outer loop
      vertex 0.0191855095327 -0.183229774237 -0.125451892614
      vertex 0.0210827048868 -0.181222066283 -0.126165509224
      vertex 0.0191570390016 -0.181937858462 -0.127638846636
    endloop
  endfacet
  facet normal -0.580499351025 0.419740617275 -0.69773799181
    outer loop
      vertex 0.0493305660784 -0.17375023663 -0.0995193943381
      vertex 0.048711463809 -0.172691375017 -0.102135740221
      vertex 0.047052141279 -0.174832686782 -0.100871063769
    endloop
  endfacet
  facet normal -0.580497145653 0.419742941856 -0.697738468647
    outer loop
      vertex 0.0199384391308 -0.165108382702 -0.154533952475
      vertex 0.0191293563694 -0.166188925505 -0.153856694698
      vertex 0.0185624230653 -0.166962817311 -0.153354331851
    endloop
  endfacet
  facet normal -0.580499172211 0.419740885496 -0.69773799181
    outer loop
      vertex 0.0435019694269 -0.17997866869 -0.0972267389297
      vertex 0.0415359288454 -0.180566608906 -0.0989684015512
      vertex 0.0415436625481 -0.182279527187 -0.0961103290319
    endloop
  endfacet
  facet normal -0.58049839735 0.419741272926 -0.697738409042
    outer loop
      vertex 0.0620669685304 -0.156680628657 -0.11027996242
      vertex 0.0638461485505 -0.155420839787 -0.109913535416
      vertex 0.06304102391 -0.154688596725 -0.112244233489
    endloop
  endfacet
  facet normal -0.580498456955 0.419741153717 -0.697738409042
    outer loop
      vertex 0.0516768805683 -0.172714009881 -0.0979969650507
      vertex 0.0493305660784 -0.17375023663 -0.0995193943381
      vertex 0.0498948581517 -0.174814641476 -0.0969695970416
    endloop
  endfacet
  facet normal -0.58049851656 0.419741123915 -0.697738409042
    outer loop
      vertex 0.0598013959825 -0.167187646031 -0.0959473401308
      vertex 0.0590044036508 -0.169071018696 -0.0939188227057
      vertex 0.060920484364 -0.1675273031 -0.0938350409269
    endloop
  endfacet
  facet normal -0.580499649048 0.419739723206 -0.697738289833
    outer loop
      vertex 0.0433941371739 -0.178428247571 -0.099953122437
      vertex 0.0449085794389 -0.178310528398 -0.0980543419719
      vertex 0.0456458516419 -0.176826685667 -0.0995013192296
    endloop
  endfacet
  facet normal -0.580498754978 0.419740319252 -0.697738707066
    outer loop
      vertex 0.0210827048868 -0.181222066283 -0.126165509224
      vertex 0.0231988001615 -0.180328220129 -0.124724805355
      vertex 0.0225906874985 -0.179585859179 -0.126799851656
    endloop
  endfacet
  facet normal -0.58049839735 0.419741123915 -0.697738528252
    outer loop
      vertex 0.0523033812642 -0.175640121102 -0.092266432941
      vertex 0.0544799044728 -0.175513595343 -0.0894666388631
      vertex 0.0540013536811 -0.174095094204 -0.0924864634871
    endloop
  endfacet
  facet normal -0.580499410629 0.41974106431 -0.697737634182
    outer loop
      vertex 0.0180540885776 -0.17018212378 -0.148705869913
      vertex 0.0184953082353 -0.168436855078 -0.15099683404
      vertex 0.0167211759835 -0.169690012932 -0.151367306709
    endloop
  endfacet
  facet normal -0.580513477325 0.419726699591 -0.69773465395
    outer loop
      vertex 0.0160126890987 -0.170856356621 -0.150408342481
      vertex 0.0157925244421 -0.171260550618 -0.150040924549
      vertex 0.0167211759835 -0.169690012932 -0.151367306709
    endloop
  endfacet
  facet normal -0.580498456955 0.419741183519 -0.697738409042
    outer loop
      vertex 0.0205780286342 -0.166563853621 -0.151229932904
      vertex 0.0184953082353 -0.168436855078 -0.15099683404
      vertex 0.0202606990933 -0.168384075165 -0.148643031716
    endloop
  endfacet
  facet normal -0.580499768257 0.419739842415 -0.697738111019
    outer loop
      vertex 0.0171820260584 -0.168971672654 -0.151924058795
      vertex 0.0184953082353 -0.168436855078 -0.15099683404
      vertex 0.0177405998111 -0.168150663376 -0.152516320348
    endloop
  endfacet
  facet normal -0.580497860909 0.41974490881 -0.697736680508
    outer loop
      vertex 0.0544799044728 -0.175513595343 -0.0894666388631
      vertex 0.0527106672525 -0.176883280277 -0.0896366462111
      vertex 0.0530280955136 -0.176640555263 -0.0896011143923
    endloop
  endfacet
  facet normal -0.580498695374 0.41974017024 -0.69773876667
    outer loop
      vertex 0.066457927227 -0.156831458211 -0.103956565261
      vertex 0.06850515306 -0.155092701316 -0.104015611112
      vertex 0.067001350224 -0.155138194561 -0.106019742787
    endloop
  endfacet
  facet normal -0.580498337746 0.419741719961 -0.697738170624
    outer loop
      vertex 0.0197331644595 -0.171622097492 -0.143990024924
      vertex 0.0205860212445 -0.172060504556 -0.142081767321
      vertex 0.0213554482907 -0.171369701624 -0.142165973783
    endloop
  endfacet
  facet normal -0.580499053001 0.419741332531 -0.697737812996
    outer loop
      vertex 0.0669672116637 -0.151364952326 -0.112339258194
      vertex 0.0653491094708 -0.153567701578 -0.11091542244
      vertex 0.0676909536123 -0.152446910739 -0.10953977704
    endloop
  endfacet
  facet normal -0.58049929142 0.419740498066 -0.697738111019
    outer loop
      vertex 0.0229985546321 -0.161442071199 -0.156396344304
      vertex 0.0214275922626 -0.163237810135 -0.155583918095
      vertex 0.0222376938909 -0.163337558508 -0.154297739267
    endloop
  endfacet
  facet normal -0.580499231815 0.419738948345 -0.697739124298
    outer loop
      vertex 0.0362335965037 -0.153641417623 -0.15105946362
      vertex 0.034214489162 -0.155040726066 -0.15152579546
      vertex 0.0355372019112 -0.154883369803 -0.149958074093
    endloop
  endfacet
  facet normal -0.580499053001 0.419740110636 -0.697738528252
    outer loop
      vertex 0.0187128763646 -0.181056678295 -0.129717901349
      vertex 0.0191570390016 -0.181937858462 -0.127638846636
      vertex 0.0210473388433 -0.179963752627 -0.128306120634
    endloop
  endfacet
  facet normal -0.580500125885 0.419740974903 -0.697737157345
    outer loop
      vertex 0.017878998071 -0.18333594501 -0.127082303166
      vertex 0.0191570390016 -0.181937858462 -0.127638846636
      vertex 0.0176859814674 -0.182525008917 -0.128697276115
    endloop
  endfacet
  facet normal -0.580500125885 0.419740855694 -0.697737216949
    outer loop
      vertex 0.0417176000774 -0.150229126215 -0.14914740622
      vertex 0.0399410426617 -0.151439890265 -0.149591714144
      vertex 0.0410553179681 -0.151527941227 -0.14790430665
    endloop
  endfacet
  facet normal -0.580499231815 0.419740408659 -0.697738230228
    outer loop
      vertex 0.0157925244421 -0.171260550618 -0.150040924549
      vertex 0.015183978714 -0.172600373626 -0.148655325174
      vertex 0.0149991763756 -0.173260882497 -0.147812947631
    endloop
  endfacet
  facet normal -0.580497026443 0.419741660357 -0.697739303112
    outer loop
      vertex 0.034214489162 -0.155040726066 -0.15152579546
      vertex 0.0325370542705 -0.155913412571 -0.152395009995
      vertex 0.0331914015114 -0.156604081392 -0.150341957808
    endloop
  endfacet
  facet normal -0.580499053001 0.419739425182 -0.697738945484
    outer loop
      vertex 0.0337932482362 -0.156136453152 -0.15028694272
      vertex 0.034214489162 -0.155040726066 -0.15152579546
      vertex 0.0331914015114 -0.156604081392 -0.150341957808
    endloop
  endfacet
  facet normal -0.580498874187 0.419740587473 -0.697738409042
    outer loop
      vertex 0.0590044036508 -0.169071018696 -0.0939188227057
      vertex 0.0563389882445 -0.170406699181 -0.0953847765923
      vertex 0.0576258040965 -0.171344175935 -0.0920467302203
    endloop
  endfacet
  facet normal -0.580498039722 0.419741183519 -0.69773876667
    outer loop
      vertex 0.0269863065332 -0.161278799176 -0.151152729988
      vertex 0.029011849314 -0.159125596285 -0.151930704713
      vertex 0.0273087155074 -0.159314438701 -0.153972223401
    endloop
  endfacet
  facet normal -0.580499112606 0.419739693403 -0.697738707066
    outer loop
      vertex 0.0148736974224 -0.175147175789 -0.144850894809
      vertex 0.0181712880731 -0.173691421747 -0.142710238695
      vertex 0.0170362703502 -0.173240855336 -0.145028933883
    endloop
  endfacet
  facet normal -0.58049762249 0.419741988182 -0.697738587856
    outer loop
      vertex 0.0410607047379 -0.149487137794 -0.15128929913
      vertex 0.0389238968492 -0.15105073154 -0.151645332575
      vertex 0.0399410426617 -0.151439890265 -0.149591714144
    endloop
  endfacet
  facet normal -0.580498754978 0.419740766287 -0.697738409042
    outer loop
      vertex 0.0228360705078 -0.167771309614 -0.146099925041
      vertex 0.0221694968641 -0.167735040188 -0.147082075477
      vertex 0.022287575528 -0.168757170439 -0.145219698548
    endloop
  endfacet
  facet normal -0.580498933792 0.419741243124 -0.69773799181
    outer loop
      vertex 0.0434937812388 -0.146918728948 -0.15219385922
      vertex 0.0413805022836 -0.147774323821 -0.153694242239
      vertex 0.0410607047379 -0.149487137794 -0.15128929913
    endloop
  endfacet
  facet normal -0.580498158932 0.41974067688 -0.697738945484
    outer loop
      vertex 0.0419828481972 -0.146877944469 -0.154351249337
      vertex 0.0413805022836 -0.147774323821 -0.153694242239
      vertex 0.0430165976286 -0.146216154099 -0.154021695256
    endloop
  endfacet
  facet normal -0.580499529839 0.419740319252 -0.697738051414
    outer loop
      vertex 0.0630705654621 -0.16617693007 -0.0931062251329
      vertex 0.0647849440575 -0.164405554533 -0.0936798155308
      vertex 0.0630638152361 -0.164434418082 -0.0960121527314
    endloop
  endfacet
  facet normal -0.580498635769 0.419740319252 -0.69773876667
    outer loop
      vertex 0.0355587564409 -0.179370865226 -0.109222486615
      vertex 0.0342799723148 -0.181000158191 -0.108282655478
      vertex 0.0352754704654 -0.181234017015 -0.106517143548
    endloop
  endfacet
  facet normal -0.580499172211 0.419740468264 -0.697738230228
    outer loop
      vertex 0.018055357039 -0.175317406654 -0.140167668462
      vertex 0.0181712880731 -0.173691421747 -0.142710238695
      vertex 0.0151386344805 -0.176175877452 -0.1427744627
    endloop
  endfacet
  facet normal -0.580499649048 0.419740080833 -0.697738111019
    outer loop
      vertex 0.0479888580739 -0.170045256615 -0.107533782721
      vertex 0.0476741790771 -0.171511039138 -0.10553240031
      vertex 0.0498103387654 -0.16929616034 -0.106259897351
    endloop
  endfacet
  facet normal -0.580498695374 0.419740915298 -0.697738349438
    outer loop
      vertex 0.042349435389 -0.177770614624 -0.102491125464
      vertex 0.0413397923112 -0.179488539696 -0.101031757891
      vertex 0.0433941371739 -0.178428247571 -0.099953122437
    endloop
  endfacet
  facet normal -0.580498278141 0.419739753008 -0.697739422321
    outer loop
      vertex 0.0410553179681 -0.151527941227 -0.14790430665
      vertex 0.0399410426617 -0.151439890265 -0.149591714144
      vertex 0.0401411168277 -0.152034580708 -0.148326441646
    endloop
  endfacet
  facet normal -0.58049851656 0.419740736485 -0.697738587856
    outer loop
      vertex 0.0180540885776 -0.17018212378 -0.148705869913
      vertex 0.0166600048542 -0.171882927418 -0.147806599736
      vertex 0.0181596018374 -0.171603024006 -0.146197959781
    endloop
  endfacet
  facet normal -0.580498158932 0.419741898775 -0.697738230228
    outer loop
      vertex 0.0240664556623 -0.181028738618 -0.122360385954
      vertex 0.0231988001615 -0.180328220129 -0.124724805355
      vertex 0.0215208381414 -0.182204470038 -0.123926512897
    endloop
  endfacet
  facet normal -0.580496549606 0.419781118631 -0.697715938091
    outer loop
      vertex 0.0366223305464 -0.150259777904 -0.156143173575
      vertex 0.0357531830668 -0.150815978646 -0.156420633197
      vertex 0.0350142791867 -0.151308864355 -0.156623184681
    endloop
  endfacet
  facet normal -0.580498814583 0.419740855694 -0.697738289833
    outer loop
      vertex 0.0635609775782 -0.156676933169 -0.108219914138
      vertex 0.0620669685304 -0.156680628657 -0.11027996242
      vertex 0.0615219883621 -0.158365756273 -0.108232468367
    endloop
  endfacet
  facet normal -0.580497801304 0.419741749763 -0.697738587856
    outer loop
      vertex 0.0630638152361 -0.164434418082 -0.0960121527314
      vertex 0.0609429143369 -0.165470644832 -0.0972228050232
      vertex 0.0616959519684 -0.166072040796 -0.0951816663146
    endloop
  endfacet
  facet normal -0.580499112606 0.419741302729 -0.697737812996
    outer loop
      vertex 0.018055357039 -0.175317406654 -0.140167668462
      vertex 0.0188989173621 -0.176043108106 -0.137794718146
      vertex 0.0205158740282 -0.174460947514 -0.138188496232
    endloop
  endfacet
  facet normal -0.580498814583 0.419740796089 -0.697738349438
    outer loop
      vertex 0.0446188338101 -0.176233902574 -0.101907067001
      vertex 0.0433611050248 -0.175623655319 -0.104660920799
      vertex 0.042349435389 -0.177770614624 -0.102491125464
    endloop
  endfacet
  facet normal -0.580499231815 0.419739842415 -0.697738587856
    outer loop
      vertex 0.0196041893214 -0.186016857624 -0.120239883661
      vertex 0.0197747051716 -0.184442803264 -0.122620619833
      vertex 0.0181149430573 -0.186019212008 -0.122295580804
    endloop
  endfacet
  facet normal -0.580498337746 0.419741094112 -0.697738528252
    outer loop
      vertex 0.0370439663529 -0.182885810733 -0.101325519383
      vertex 0.0384706482291 -0.182867005467 -0.0993837043643
      vertex 0.0395269989967 -0.181170552969 -0.100742809474
    endloop
  endfacet
  facet normal -0.58049929142 0.419738739729 -0.697739183903
    outer loop
      vertex 0.0254070963711 -0.158983334899 -0.157152548432
      vertex 0.0275084413588 -0.157889530063 -0.156064644456
      vertex 0.0272498615086 -0.157288104296 -0.15742200613
    endloop
  endfacet
  facet normal -0.580498933792 0.419740647078 -0.697738289833
    outer loop
      vertex 0.0516768805683 -0.172714009881 -0.0979969650507
      vertex 0.0540326833725 -0.171594157815 -0.0966004505754
      vertex 0.0533243976533 -0.170695006847 -0.0990746617317
    endloop
  endfacet
  facet normal -0.58049851656 0.419740378857 -0.697738826275
    outer loop
      vertex 0.050876006484 -0.170086294413 -0.103472642601
      vertex 0.0530361421406 -0.169514358044 -0.101435936987
      vertex 0.0532192178071 -0.168015658855 -0.103674046695
    endloop
  endfacet
  facet normal -0.580498874187 0.41974028945 -0.697738587856
    outer loop
      vertex 0.0456600338221 -0.171890065074 -0.107687883079
      vertex 0.0449763312936 -0.173219993711 -0.106422707438
      vertex 0.0476741790771 -0.171511039138 -0.10553240031
    endloop
  endfacet
  facet normal -0.580498456955 0.419741094112 -0.697738468647
    outer loop
      vertex 0.0559025108814 -0.173478662968 -0.0908818542957
      vertex 0.0549672842026 -0.172375947237 -0.094008333981
      vertex 0.0540013536811 -0.174095094204 -0.0924864634871
    endloop
  endfacet
  facet normal -0.580498874187 0.419740319252 -0.697738587856
    outer loop
      vertex 0.0715456902981 -0.149584829807 -0.108966372907
      vertex 0.0721189528704 -0.148324459791 -0.110268674791
      vertex 0.0707454010844 -0.149419873953 -0.110347360373
    endloop
  endfacet
  facet normal -0.580498158932 0.419741779566 -0.697738289833
    outer loop
      vertex 0.0237945877016 -0.187638536096 -0.111748836935
      vertex 0.0237108822912 -0.189142599702 -0.109364390373
      vertex 0.0251317024231 -0.187404617667 -0.110288470984
    endloop
  endfacet
  facet normal -0.580499053001 0.41973990202 -0.697738707066
    outer loop
      vertex 0.0196041893214 -0.186016857624 -0.120239883661
      vertex 0.0215808041394 -0.184414222836 -0.120170295238
      vertex 0.0197747051716 -0.184442803264 -0.122620619833
    endloop
  endfacet
  facet normal -0.580498337746 0.419740051031 -0.697739183903
    outer loop
      vertex 0.0237390473485 -0.177469715476 -0.128729373217
      vertex 0.0206768587232 -0.178693518043 -0.130930036306
      vertex 0.0210473388433 -0.179963752627 -0.128306120634
    endloop
  endfacet
  facet normal -0.580499589443 0.41974028945 -0.69773799181
    outer loop
      vertex 0.0175777599216 -0.182013526559 -0.129697188735
      vertex 0.0187128763646 -0.181056678295 -0.129717901349
      vertex 0.0174254775047 -0.181568458676 -0.130647629499
    endloop
  endfacet
  facet normal -0.580498754978 0.419740736485 -0.697738409042
    outer loop
      vertex 0.0197747051716 -0.184442803264 -0.122620619833
      vertex 0.0191855095327 -0.183229774237 -0.125451892614
      vertex 0.0180469509214 -0.18469414115 -0.124592296779
    endloop
  endfacet
  facet normal -0.580499529839 0.419740319252 -0.69773799181
    outer loop
      vertex 0.0588234700263 -0.166675046086 -0.0981519147754
      vertex 0.0609429143369 -0.165470644832 -0.0972228050232
      vertex 0.0597354769707 -0.165023237467 -0.099636413157
    endloop
  endfacet
  facet normal -0.580498814583 0.419740080833 -0.69773876667
    outer loop
      vertex 0.0577122345567 -0.161950349808 -0.107542648911
      vertex 0.0552397742867 -0.16423548758 -0.10716342926
      vertex 0.0575156025589 -0.163625657558 -0.105029702187
    endloop
  endfacet
  facet normal -0.580500304699 0.419739454985 -0.697737932205
    outer loop
      vertex 0.0417176000774 -0.150229126215 -0.14914740622
      vertex 0.0410607047379 -0.149487137794 -0.15128929913
      vertex 0.0399410426617 -0.151439890265 -0.149591714144
    endloop
  endfacet
  facet normal -0.580498993397 0.419740349054 -0.697738409042
    outer loop
      vertex 0.0318922922015 -0.153508409858 -0.157284557819
      vertex 0.0303221214563 -0.154713094234 -0.157453536987
      vertex 0.0309913028032 -0.155649319291 -0.154971763492
    endloop
  endfacet
  facet normal -0.580505132675 0.419711977243 -0.697750389576
    outer loop
      vertex 0.0310339145362 -0.154155254364 -0.157396435738
      vertex 0.0303221214563 -0.154713094234 -0.157453536987
      vertex 0.0318922922015 -0.153508409858 -0.157284557819
    endloop
  endfacet
  facet normal -0.58049839735 0.419742524624 -0.697737634182
    outer loop
      vertex 0.0277383998036 -0.161455541849 -0.149818792939
      vertex 0.0269863065332 -0.161278799176 -0.151152729988
      vertex 0.0273184478283 -0.161899209023 -0.149662062526
    endloop
  endfacet
  facet normal -0.580498814583 0.419740468264 -0.697738528252
    outer loop
      vertex 0.0242684148252 -0.162479907274 -0.152914956212
      vertex 0.0269863065332 -0.161278799176 -0.151152729988
      vertex 0.0253850799054 -0.160706177354 -0.154319092631
    endloop
  endfacet
  facet normal -0.580499589443 0.419740229845 -0.697738051414
    outer loop
      vertex 0.0456458516419 -0.176826685667 -0.0995013192296
      vertex 0.0446188338101 -0.176233902574 -0.101907067001
      vertex 0.0433941371739 -0.178428247571 -0.099953122437
    endloop
  endfacet
  facet normal -0.580499112606 0.419740557671 -0.697738230228
    outer loop
      vertex 0.0148266861215 -0.174498647451 -0.145993947983
      vertex 0.0163946188986 -0.172841280699 -0.146580561996
      vertex 0.0149991763756 -0.173260882497 -0.147812947631
    endloop
  endfacet
  facet normal -0.580499768257 0.419740021229 -0.69773799181
    outer loop
      vertex 0.0187128763646 -0.181056678295 -0.129717901349
      vertex 0.0176859814674 -0.182525008917 -0.128697276115
      vertex 0.0191570390016 -0.181937858462 -0.127638846636
    endloop
  endfacet
  facet normal -0.580476343632 0.419746279716 -0.697753727436
    outer loop
      vertex 0.0734064728022 -0.142596110702 -0.11801032722
      vertex 0.0733292549849 -0.142376542091 -0.118482097983
      vertex 0.0735448300838 -0.143127828836 -0.11693508178
    endloop
  endfacet
  facet normal -0.580498039722 0.419740855694 -0.697738945484
    outer loop
      vertex 0.0332079194486 -0.180790543556 -0.110113747418
      vertex 0.031372603029 -0.18132930994 -0.111756369472
      vertex 0.030784798786 -0.182967677712 -0.10984583199
    endloop
  endfacet
  facet normal -0.580498754978 0.41974067688 -0.697738409042
    outer loop
      vertex 0.0646864026785 -0.13700440526 -0.139365255833
      vertex 0.0662553086877 -0.136907950044 -0.137355804443
      vertex 0.0664864629507 -0.13575078547 -0.138959690928
    endloop
  endfacet
  facet normal -0.580499231815 0.419740617275 -0.697738111019
    outer loop
      vertex 0.0606240853667 -0.163352236152 -0.101185202599
      vertex 0.0581560134888 -0.164741009474 -0.102289959788
      vertex 0.0597354769707 -0.165023237467 -0.099636413157
    endloop
  endfacet
  facet normal -0.58049762249 0.419738531113 -0.697740674019
    outer loop
      vertex 0.0479882769287 -0.143030852079 -0.152440860868
      vertex 0.0502181388438 -0.142280265689 -0.150604680181
      vertex 0.0485138148069 -0.14270195365 -0.152260750532
    endloop
  endfacet
  facet normal -0.580499172211 0.41974028945 -0.697738349438
    outer loop
      vertex 0.0256844554096 -0.18831166625 -0.108016237617
      vertex 0.0251317024231 -0.187404617667 -0.110288470984
      vertex 0.0237108822912 -0.189142599702 -0.109364390373
    endloop
  endfacet
  facet normal -0.580498218536 0.419740855694 -0.697738826275
    outer loop
      vertex 0.0715456902981 -0.149584829807 -0.108966372907
      vertex 0.0733592063189 -0.14875690639 -0.107834540308
      vertex 0.0721189528704 -0.148324459791 -0.110268674791
    endloop
  endfacet
  facet normal -0.58049839735 0.419741272926 -0.697738349438
    outer loop
      vertex 0.0205860212445 -0.172060504556 -0.142081767321
      vertex 0.0181712880731 -0.173691421747 -0.142710238695
      vertex 0.0212553050369 -0.172659054399 -0.140161186457
    endloop
  endfacet
  facet normal -0.580498576164 0.419741302729 -0.697738230228
    outer loop
      vertex 0.0213040560484 -0.171677321196 -0.141725704074
      vertex 0.0205860212445 -0.172060504556 -0.142081767321
      vertex 0.0212553050369 -0.172659054399 -0.140161186457
    endloop
  endfacet
  facet normal -0.580499470234 0.419740110636 -0.697738230228
    outer loop
      vertex 0.0332848466933 -0.15402790904 -0.154495105147
      vertex 0.0351255871356 -0.152196288109 -0.154994085431
      vertex 0.0336025282741 -0.152267798781 -0.156981602311
    endloop
  endfacet
  facet normal -0.580499768257 0.419739454985 -0.697738349438
    outer loop
      vertex 0.0355372019112 -0.154883369803 -0.149958074093
      vertex 0.034214489162 -0.155040726066 -0.15152579546
      vertex 0.0342363119125 -0.155802473426 -0.150229364634
    endloop
  endfacet
  facet normal -0.580499529839 0.419739484787 -0.697738528252
    outer loop
      vertex 0.0669268667698 -0.14515671134 -0.122715055943
      vertex 0.0693810805678 -0.143783763051 -0.121603153646
      vertex 0.068560294807 -0.142855361104 -0.124281592667
    endloop
  endfacet
  facet normal -0.580498754978 0.419740498066 -0.697738587856
    outer loop
      vertex 0.0667333602905 -0.135762557387 -0.138598665595
      vertex 0.0662553086877 -0.136907950044 -0.137355804443
      vertex 0.0673766955733 -0.135881468654 -0.137511268258
    endloop
  endfacet
  facet normal -0.580498754978 0.419740527868 -0.697738528252
    outer loop
      vertex 0.0180481337011 -0.184629097581 -0.124698773026
      vertex 0.0191855095327 -0.183229774237 -0.125451892614
      vertex 0.0178960636258 -0.183554530144 -0.126695364714
    endloop
  endfacet
  facet normal -0.580499470234 0.419740647078 -0.697737872601
    outer loop
      vertex 0.0210827048868 -0.181222066283 -0.126165509224
      vertex 0.0191855095327 -0.183229774237 -0.125451892614
      vertex 0.0215208381414 -0.182204470038 -0.123926512897
    endloop
  endfacet
  facet normal -0.580498695374 0.419740796089 -0.697738409042
    outer loop
      vertex 0.0234387405217 -0.166034460068 -0.148153617978
      vertex 0.0221694968641 -0.167735040188 -0.147082075477
      vertex 0.023254795 -0.167086020112 -0.146659985185
    endloop
  endfacet
  facet normal -0.580499470234 0.419741004705 -0.697737634182
    outer loop
      vertex 0.031143669039 -0.158261403441 -0.150418952107
      vertex 0.0310142040253 -0.157581925392 -0.151727512479
      vertex 0.0306311361492 -0.158706381917 -0.150388106704
    endloop
  endfacet
  facet normal -0.580498933792 0.419740885496 -0.697738230228
    outer loop
      vertex 0.0577122345567 -0.161950349808 -0.107542648911
      vertex 0.0604337975383 -0.160507917404 -0.106176503003
      vertex 0.0592513941228 -0.159828707576 -0.108940817416
    endloop
  endfacet
  facet normal -0.580498039722 0.419740468264 -0.697739183903
    outer loop
      vertex 0.0730909854174 -0.141684681177 -0.119961716235
      vertex 0.0714947059751 -0.142982363701 -0.120012201369
      vertex 0.0733292549849 -0.142376542091 -0.118482097983
    endloop
  endfacet
  facet normal -0.580498754978 0.419741749763 -0.697737812996
    outer loop
      vertex 0.0205780286342 -0.166563853621 -0.151229932904
      vertex 0.0218761134893 -0.166726350784 -0.149164587259
      vertex 0.0230923332274 -0.165284529328 -0.149879321456
    endloop
  endfacet
  facet normal -0.58049929142 0.419740438461 -0.697738170624
    outer loop
      vertex 0.0714074075222 -0.150659129024 -0.107371784747
      vertex 0.0695198178291 -0.152455836535 -0.106995627284
      vertex 0.0715460404754 -0.1516738832 -0.105493217707
    endloop
  endfacet
  facet normal -0.580499053001 0.419741362333 -0.697737812996
    outer loop
      vertex 0.0205396451056 -0.176018878818 -0.13556586206
      vertex 0.0205158740282 -0.174460947514 -0.138188496232
      vertex 0.0188989173621 -0.176043108106 -0.137794718146
    endloop
  endfacet
  facet normal -0.580496788025 0.419741004705 -0.697739899158
    outer loop
      vertex 0.021414861083 -0.173806026578 -0.138033896685
      vertex 0.0205158740282 -0.174460947514 -0.138188496232
      vertex 0.0217169318348 -0.174533203244 -0.136407345533
    endloop
  endfacet
  facet normal -0.580497741699 0.419741183519 -0.697739005089
    outer loop
      vertex 0.0410607047379 -0.149487137794 -0.15128929913
      vertex 0.0390503667295 -0.149647951126 -0.153802260756
      vertex 0.0389238968492 -0.15105073154 -0.151645332575
    endloop
  endfacet
  facet normal -0.580498099327 0.41973978281 -0.697739541531
    outer loop
      vertex 0.0401411168277 -0.152034580708 -0.148326441646
      vertex 0.0399410426617 -0.151439890265 -0.149591714144
      vertex 0.0395074412227 -0.152385756373 -0.148619055748
    endloop
  endfacet
  facet normal -0.580498754978 0.419740051031 -0.697738826275
    outer loop
      vertex 0.0446188338101 -0.176233902574 -0.101907067001
      vertex 0.0456458516419 -0.176826685667 -0.0995013192296
      vertex 0.047052141279 -0.174832686782 -0.100871063769
    endloop
  endfacet
  facet normal -0.58049851656 0.419741272926 -0.697738289833
    outer loop
      vertex 0.0533243976533 -0.170695006847 -0.0990746617317
      vertex 0.0510958172381 -0.171638786793 -0.100587934256
      vertex 0.0516768805683 -0.172714009881 -0.0979969650507
    endloop
  endfacet
  facet normal -0.58049851656 0.419740825891 -0.697738528252
    outer loop
      vertex 0.0221694968641 -0.167735040188 -0.147082075477
      vertex 0.0205758046359 -0.169713586569 -0.145997196436
      vertex 0.022287575528 -0.168757170439 -0.145219698548
    endloop
  endfacet
  facet normal -0.58049929142 0.419740200043 -0.697738289833
    outer loop
      vertex 0.0656355395913 -0.154755458236 -0.108544893563
      vertex 0.0635609775782 -0.156676933169 -0.108219914138
      vertex 0.0651107877493 -0.156521931291 -0.106334194541
    endloop
  endfacet
  facet normal -0.580498993397 0.419740825891 -0.697738170624
    outer loop
      vertex 0.0180540885776 -0.17018212378 -0.148705869913
      vertex 0.0205758046359 -0.169713586569 -0.145997196436
      vertex 0.0202606990933 -0.168384075165 -0.148643031716
    endloop
  endfacet
  facet normal -0.580499172211 0.419739842415 -0.697738587856
    outer loop
      vertex 0.0434937812388 -0.146918728948 -0.15219385922
      vertex 0.0462885163724 -0.14511115849 -0.151333495975
      vertex 0.0447046682239 -0.145131498575 -0.153490141034
    endloop
  endfacet
  facet normal -0.580498278141 0.419740319252 -0.697739064693
    outer loop
      vertex 0.0659046173096 -0.140875071287 -0.131246238947
      vertex 0.0663652792573 -0.141734391451 -0.129180699587
      vertex 0.0678892880678 -0.140690147877 -0.12880885601
    endloop
  endfacet
  facet normal -0.580498635769 0.419739454985 -0.697739303112
    outer loop
      vertex 0.0447046682239 -0.145131498575 -0.153490141034
      vertex 0.0462885163724 -0.14511115849 -0.151333495975
      vertex 0.0460989736021 -0.144236549735 -0.153049513698
    endloop
  endfacet
  facet normal -0.58049851656 0.419740408659 -0.697738826275
    outer loop
      vertex 0.0502181388438 -0.142280265689 -0.150604680181
      vertex 0.0479882769287 -0.143030852079 -0.152440860868
      vertex 0.0490237623453 -0.144287005067 -0.148920655251
    endloop
  endfacet
  facet normal -0.580498635769 0.41974028945 -0.697738826275
    outer loop
      vertex 0.0352754704654 -0.181234017015 -0.106517143548
      vertex 0.0328791104257 -0.182566225529 -0.107616752386
      vertex 0.0338552817702 -0.183280467987 -0.105079427361
    endloop
  endfacet
  facet normal -0.580498635769 0.419741868973 -0.697737812996
    outer loop
      vertex 0.0454451069236 -0.181578695774 -0.0918796509504
      vertex 0.0462560392916 -0.180316373706 -0.0928564965725
      vertex 0.0446177832782 -0.182015016675 -0.092298515141
    endloop
  endfacet
  facet normal -0.580499589443 0.419739842415 -0.697738289833
    outer loop
      vertex 0.0498573593795 -0.141869649291 -0.151786208153
      vertex 0.0502181388438 -0.142280265689 -0.150604680181
      vertex 0.0504883602262 -0.14149479568 -0.151536658406
    endloop
  endfacet
  facet normal -0.580498337746 0.419740736485 -0.69773876667
    outer loop
      vertex 0.0202606990933 -0.168384075165 -0.148643031716
      vertex 0.0221694968641 -0.167735040188 -0.147082075477
      vertex 0.0218761134893 -0.166726350784 -0.149164587259
    endloop
  endfacet
  facet normal -0.580498814583 0.419745177031 -0.697735726833
    outer loop
      vertex 0.023254795 -0.167086020112 -0.146659985185
      vertex 0.0221694968641 -0.167735040188 -0.147082075477
      vertex 0.0231256335974 -0.167277947068 -0.146519571543
    endloop
  endfacet
  facet normal -0.580498278141 0.419740974903 -0.697738707066
    outer loop
      vertex 0.0714074075222 -0.150659129024 -0.107371784747
      vertex 0.0733592063189 -0.14875690639 -0.107834540308
      vertex 0.0715456902981 -0.149584829807 -0.108966372907
    endloop
  endfacet
  facet normal -0.58049839735 0.419741809368 -0.697738051414
    outer loop
      vertex 0.0250309873372 -0.179440066218 -0.123667299747
      vertex 0.0240664556623 -0.181028738618 -0.122360385954
      vertex 0.0252421367913 -0.179856613278 -0.122682861984
    endloop
  endfacet
  facet normal -0.580497801304 0.419740408659 -0.697739422321
    outer loop
      vertex 0.0221595037729 -0.182946771383 -0.121809311211
      vertex 0.0240664556623 -0.181028738618 -0.122360385954
      vertex 0.0215208381414 -0.182204470038 -0.123926512897
    endloop
  endfacet
  facet normal -0.580498635769 0.419741481543 -0.697738051414
    outer loop
      vertex 0.0310142040253 -0.157581925392 -0.151727512479
      vertex 0.029011849314 -0.159125596285 -0.151930704713
      vertex 0.030296260491 -0.159009620547 -0.150347158313
    endloop
  endfacet
  facet normal -0.58049851656 0.419739931822 -0.697739124298
    outer loop
      vertex 0.0434937812388 -0.146918728948 -0.15219385922
      vertex 0.0430165976286 -0.146216154099 -0.154021695256
      vertex 0.0413805022836 -0.147774323821 -0.153694242239
    endloop
  endfacet
  facet normal -0.58049839735 0.419741898775 -0.697738051414
    outer loop
      vertex 0.0699609145522 -0.157472625375 -0.0980461463332
      vertex 0.067345418036 -0.159085437655 -0.0989823639393
      vertex 0.0678730607033 -0.159525707364 -0.097520776093
    endloop
  endfacet
  facet normal -0.580499947071 0.419740587473 -0.697737514973
    outer loop
      vertex 0.0196041893214 -0.186016857624 -0.120239883661
      vertex 0.0181300844997 -0.18746432662 -0.119872413576
      vertex 0.0201306603849 -0.186993166804 -0.117888838053
    endloop
  endfacet
  facet normal -0.580487728119 0.419746875763 -0.69774389267
    outer loop
      vertex 0.0732889696956 -0.149029910564 -0.107477881014
      vertex 0.0733592063189 -0.14875690639 -0.107834540308
      vertex 0.0731972455978 -0.149315863848 -0.107129387558
    endloop
  endfacet
  facet normal -0.580499112606 0.419740378857 -0.697738349438
    outer loop
      vertex 0.0252421367913 -0.179856613278 -0.122682861984
      vertex 0.0240664556623 -0.181028738618 -0.122360385954
      vertex 0.0256494376808 -0.180267199874 -0.121437050402
    endloop
  endfacet
  facet normal -0.580498695374 0.419739961624 -0.697738945484
    outer loop
      vertex 0.045921549201 -0.148211240768 -0.146687716246
      vertex 0.0448141656816 -0.14744412899 -0.14949439466
      vertex 0.043435536325 -0.149569496512 -0.147868022323
    endloop
  endfacet
  facet normal -0.580498576164 0.419742166996 -0.697737693787
    outer loop
      vertex 0.0454909913242 -0.149331897497 -0.14542029798
      vertex 0.045921549201 -0.148211240768 -0.146687716246
      vertex 0.043618876487 -0.150210231543 -0.146549358964
    endloop
  endfacet
  facet normal -0.580456495285 0.419750362635 -0.697767794132
    outer loop
      vertex 0.0735448300838 -0.143127828836 -0.11693508178
      vertex 0.0733292549849 -0.142376542091 -0.118482097983
      vertex 0.0736544281244 -0.143555492163 -0.116072624922
    endloop
  endfacet
  facet normal -0.58049851656 0.419740408659 -0.697738826275
    outer loop
      vertex 0.0479882769287 -0.143030852079 -0.152440860868
      vertex 0.0462885163724 -0.14511115849 -0.151333495975
      vertex 0.0490237623453 -0.144287005067 -0.148920655251
    endloop
  endfacet
  facet normal -0.58050006628 0.419739127159 -0.697738349438
    outer loop
      vertex 0.0460989736021 -0.144236549735 -0.153049513698
      vertex 0.0462885163724 -0.14511115849 -0.151333495975
      vertex 0.0465604029596 -0.143939375877 -0.152905344963
    endloop
  endfacet
  facet normal -0.580498158932 0.419742137194 -0.697738111019
    outer loop
      vertex 0.029126137495 -0.160087704659 -0.150173321366
      vertex 0.0269863065332 -0.161278799176 -0.151152729988
      vertex 0.0279941763729 -0.161200866103 -0.149888411164
    endloop
  endfacet
  facet normal -0.580499231815 0.419740587473 -0.697738111019
    outer loop
      vertex 0.0253850799054 -0.160706177354 -0.154319092631
      vertex 0.0269863065332 -0.161278799176 -0.151152729988
      vertex 0.0273087155074 -0.159314438701 -0.153972223401
    endloop
  endfacet
  facet normal -0.580498099327 0.419741213322 -0.697738707066
    outer loop
      vertex 0.0310142040253 -0.157581925392 -0.151727512479
      vertex 0.0309913028032 -0.155649319291 -0.154971763492
      vertex 0.0291283819824 -0.157619193196 -0.15427364409
    endloop
  endfacet
  facet normal -0.580498278141 0.419741809368 -0.697738170624
    outer loop
      vertex 0.0306311361492 -0.158706381917 -0.150388106704
      vertex 0.0310142040253 -0.157581925392 -0.151727512479
      vertex 0.030296260491 -0.159009620547 -0.150347158313
    endloop
  endfacet
  facet normal -0.580418765545 0.419735848904 -0.697807908058
    outer loop
      vertex 0.070327796042 -0.137308388948 -0.131057947874
      vertex 0.0708809494972 -0.137852579355 -0.129388302565
      vertex 0.0707615762949 -0.137710437179 -0.129789695144
    endloop
  endfacet
  facet normal -0.580498695374 0.419740736485 -0.697738468647
    outer loop
      vertex 0.0630705654621 -0.16617693007 -0.0931062251329
      vertex 0.0616959519684 -0.166072040796 -0.0951816663146
      vertex 0.060920484364 -0.1675273031 -0.0938350409269
    endloop
  endfacet
  facet normal -0.580499053001 0.41973990202 -0.697738647461
    outer loop
      vertex 0.0430165976286 -0.146216154099 -0.154021695256
      vertex 0.0434937812388 -0.146918728948 -0.15219385922
      vertex 0.044165045023 -0.145482510328 -0.15365293622
    endloop
  endfacet
  facet normal -0.580499112606 0.419739961624 -0.697738587856
    outer loop
      vertex 0.0190179646015 -0.178223788738 -0.134005084634
      vertex 0.0205396451056 -0.176018878818 -0.13556586206
      vertex 0.0184256825596 -0.177288651466 -0.136378735304
    endloop
  endfacet
  facet normal -0.580498278141 0.419740855694 -0.69773876667
    outer loop
      vertex 0.0737206116319 -0.147023588419 -0.11021604389
      vertex 0.0721189528704 -0.148324459791 -0.110268674791
      vertex 0.0733592063189 -0.14875690639 -0.107834540308
    endloop
  endfacet
  facet normal -0.580498933792 0.419740468264 -0.697738468647
    outer loop
      vertex 0.0435019694269 -0.17997866869 -0.0972267389297
      vertex 0.0433941371739 -0.178428247571 -0.099953122437
      vertex 0.0415359288454 -0.180566608906 -0.0989684015512
    endloop
  endfacet
  facet normal -0.580498456955 0.419741928577 -0.697737932205
    outer loop
      vertex 0.0621515437961 -0.142549097538 -0.133653968573
      vertex 0.0623600520194 -0.140895560384 -0.136114284396
      vertex 0.0604224689305 -0.142779156566 -0.135662823915
    endloop
  endfacet
  facet normal -0.580499470234 0.419740885496 -0.697737753391
    outer loop
      vertex 0.0267875902355 -0.188648045063 -0.105931416154
      vertex 0.0256844554096 -0.18831166625 -0.108016237617
      vertex 0.0250331871212 -0.189862713218 -0.106338612735
    endloop
  endfacet
  facet normal -0.580498576164 0.419740915298 -0.697738468647
    outer loop
      vertex 0.0673766955733 -0.135881468654 -0.137511268258
      vertex 0.0662553086877 -0.136907950044 -0.137355804443
      vertex 0.0678382888436 -0.135974794626 -0.136717751622
    endloop
  endfacet
  facet normal -0.580497562885 0.419741660357 -0.69773888588
    outer loop
      vertex 0.0662553086877 -0.136907950044 -0.137355804443
      vertex 0.0640239715576 -0.138924539089 -0.137089535594
      vertex 0.0656631216407 -0.138555854559 -0.1354354918
    endloop
  endfacet
  facet normal -0.580499649048 0.419740408659 -0.697737872601
    outer loop
      vertex 0.0197747051716 -0.184442803264 -0.122620619833
      vertex 0.0221595037729 -0.182946771383 -0.121809311211
      vertex 0.0215208381414 -0.182204470038 -0.123926512897
    endloop
  endfacet
  facet normal -0.580498635769 0.419740617275 -0.697738587856
    outer loop
      vertex 0.0181165840477 -0.185881942511 -0.122521489859
      vertex 0.0197747051716 -0.184442803264 -0.122620619833
      vertex 0.0180469509214 -0.18469414115 -0.124592296779
    endloop
  endfacet
  facet normal -0.580499410629 0.419740974903 -0.697737753391
    outer loop
      vertex 0.0250331871212 -0.189862713218 -0.106338612735
      vertex 0.0256844554096 -0.18831166625 -0.108016237617
      vertex 0.0242054797709 -0.190126702189 -0.107044503093
    endloop
  endfacet
  facet normal -0.580499529839 0.419740259647 -0.697738051414
    outer loop
      vertex 0.0256844554096 -0.18831166625 -0.108016237617
      vertex 0.0270193982869 -0.186085879803 -0.109869942069
      vertex 0.0251317024231 -0.187404617667 -0.110288470984
    endloop
  endfacet
  facet normal -0.58049851656 0.419741332531 -0.697738289833
    outer loop
      vertex 0.0389137715101 -0.18378816545 -0.0972396060824
      vertex 0.0384706482291 -0.182867005467 -0.0993837043643
      vertex 0.036754515022 -0.184639573097 -0.0988105461001
    endloop
  endfacet
  facet normal -0.580498695374 0.419740766287 -0.697738468647
    outer loop
      vertex 0.0502181388438 -0.142280265689 -0.150604680181
      vertex 0.0522283650935 -0.141191869974 -0.149633780122
      vertex 0.0516790486872 -0.140790715814 -0.151060327888
    endloop
  endfacet
  facet normal -0.580499589443 0.419740885496 -0.697737634182
    outer loop
      vertex 0.0539962872863 -0.144822895527 -0.141152888536
      vertex 0.0556662641466 -0.143383875489 -0.141235411167
      vertex 0.0551423579454 -0.142740055919 -0.143030181527
    endloop
  endfacet
  facet normal -0.580447375774 0.419752269983 -0.697774231434
    outer loop
      vertex 0.0736544281244 -0.143555492163 -0.116072624922
      vertex 0.0733292549849 -0.142376542091 -0.118482097983
      vertex 0.0736851096153 -0.143755048513 -0.115698441863
    endloop
  endfacet
  facet normal -0.580497205257 0.41974017024 -0.697740018368
    outer loop
      vertex 0.0703372731805 -0.14481972158 -0.118558682501
      vertex 0.0713880062103 -0.145348295569 -0.116226859391
      vertex 0.0720165297389 -0.143911123276 -0.117746636271
    endloop
  endfacet
  facet normal -0.580498158932 0.419740140438 -0.697739303112
    outer loop
      vertex 0.0646864026785 -0.13700440526 -0.139365255833
      vertex 0.0640239715576 -0.138924539089 -0.137089535594
      vertex 0.0662553086877 -0.136907950044 -0.137355804443
    endloop
  endfacet
  facet normal -0.580498814583 0.419741213322 -0.697738111019
    outer loop
      vertex 0.0473699830472 -0.148470103741 -0.144254237413
      vertex 0.045921549201 -0.148211240768 -0.146687716246
      vertex 0.0460132211447 -0.149090573192 -0.145099207759
    endloop
  endfacet
  facet normal -0.580499053001 0.419740021229 -0.697738587856
    outer loop
      vertex 0.0448141656816 -0.14744412899 -0.14949439466
      vertex 0.045921549201 -0.148211240768 -0.146687716246
      vertex 0.0468958802521 -0.146255016327 -0.148592054844
    endloop
  endfacet
  facet normal -0.580499112606 0.419740408659 -0.697738289833
    outer loop
      vertex 0.0624023601413 -0.16055777669 -0.103371113539
      vertex 0.0632371157408 -0.158367097378 -0.105858236551
      vertex 0.0604337975383 -0.160507917404 -0.106176503003
    endloop
  endfacet
  facet normal -0.580498993397 0.419740080833 -0.697738647461
    outer loop
      vertex 0.0468958802521 -0.146255016327 -0.148592054844
      vertex 0.045921549201 -0.148211240768 -0.146687716246
      vertex 0.0484492592514 -0.14628238976 -0.146398246288
    endloop
  endfacet
  facet normal -0.580498576164 0.419740051031 -0.697739005089
    outer loop
      vertex 0.0371706262231 -0.179361745715 -0.107008449733
      vertex 0.0388217419386 -0.179301530123 -0.104825057089
      vertex 0.039240013808 -0.177419006824 -0.107375927269
    endloop
  endfacet
  facet normal -0.580499053001 0.419740349054 -0.697738409042
    outer loop
      vertex 0.0369406491518 -0.151890426874 -0.15299230814
      vertex 0.0390503667295 -0.149647951126 -0.153802260756
      vertex 0.0366223305464 -0.150259777904 -0.156143173575
    endloop
  endfacet
  facet normal -0.580497682095 0.419741153717 -0.697739064693
    outer loop
      vertex 0.0619556084275 -0.163723275065 -0.0987269282341
      vertex 0.0609429143369 -0.165470644832 -0.0972228050232
      vertex 0.0630638152361 -0.164434418082 -0.0960121527314
    endloop
  endfacet
  facet normal -0.58049851656 0.419740438461 -0.69773876667
    outer loop
      vertex 0.0237945877016 -0.187638536096 -0.111748836935
      vertex 0.0253560915589 -0.186192706227 -0.111992709339
      vertex 0.0239845812321 -0.186248078942 -0.113797456026
    endloop
  endfacet
  facet normal -0.580498278141 0.419740229845 -0.697739124298
    outer loop
      vertex 0.030784798786 -0.182967677712 -0.10984583199
      vertex 0.0328791104257 -0.182566225529 -0.107616752386
      vertex 0.0332079194486 -0.180790543556 -0.110113747418
    endloop
  endfacet
  facet normal -0.580498933792 0.419740796089 -0.697738230228
    outer loop
      vertex 0.0516790486872 -0.140790715814 -0.151060327888
      vertex 0.0522283650935 -0.141191869974 -0.149633780122
      vertex 0.0524052008986 -0.14038644731 -0.150728091598
    endloop
  endfacet
  facet normal -0.580498695374 0.419741868973 -0.697737812996
    outer loop
      vertex 0.0630705654621 -0.16617693007 -0.0931062251329
      vertex 0.0647849068046 -0.165541142225 -0.0917921736836
      vertex 0.0647849440575 -0.164405554533 -0.0936798155308
    endloop
  endfacet
  facet normal -0.58049929142 0.419739753008 -0.697738587856
    outer loop
      vertex 0.044165045023 -0.145482510328 -0.15365293622
      vertex 0.0434937812388 -0.146918728948 -0.15219385922
      vertex 0.0447046682239 -0.145131498575 -0.153490141034
    endloop
  endfacet
  facet normal -0.580498754978 0.419741153717 -0.697738170624
    outer loop
      vertex 0.0448141656816 -0.14744412899 -0.14949439466
      vertex 0.0434937812388 -0.146918728948 -0.15219385922
      vertex 0.0429667457938 -0.148624703288 -0.15008687973
    endloop
  endfacet
  facet normal -0.580498695374 0.419740974903 -0.697738349438
    outer loop
      vertex 0.0220963079482 -0.169195771217 -0.144755125046
      vertex 0.0205758046359 -0.169713586569 -0.145997196436
      vertex 0.0216915085912 -0.170184522867 -0.143671363592
    endloop
  endfacet
  facet normal -0.580499053001 0.419739663601 -0.697738826275
    outer loop
      vertex 0.0197331644595 -0.171622097492 -0.143990024924
      vertex 0.0205758046359 -0.169713586569 -0.145997196436
      vertex 0.0181596018374 -0.171603024006 -0.146197959781
    endloop
  endfacet
  facet normal -0.580498814583 0.419741690159 -0.697737812996
    outer loop
      vertex 0.0708809494972 -0.137852579355 -0.129388302565
      vertex 0.069736532867 -0.138839587569 -0.129330307245
      vertex 0.0713486596942 -0.138401329517 -0.127829283476
    endloop
  endfacet
  facet normal -0.580500125885 0.419740647078 -0.697737336159
    outer loop
      vertex 0.0629267096519 -0.145995736122 -0.126852542162
      vertex 0.0628487244248 -0.144981995225 -0.128645524383
      vertex 0.061621569097 -0.146180003881 -0.12835124135
    endloop
  endfacet
  facet normal -0.580498814583 0.419741183519 -0.697738111019
    outer loop
      vertex 0.0446188338101 -0.176233902574 -0.101907067001
      vertex 0.047052141279 -0.174832686782 -0.100871063769
      vertex 0.046132043004 -0.173990726471 -0.103543139994
    endloop
  endfacet
  facet normal -0.58049839735 0.419741243124 -0.697738409042
    outer loop
      vertex 0.0576258040965 -0.171344175935 -0.0920467302203
      vertex 0.0590987242758 -0.17153789103 -0.0896876901388
      vertex 0.0607149526477 -0.169976636767 -0.0900477319956
    endloop
  endfacet
  facet normal -0.580499112606 0.419740378857 -0.697738349438
    outer loop
      vertex 0.0256494376808 -0.180267199874 -0.121437050402
      vertex 0.0240664556623 -0.181028738618 -0.122360385954
      vertex 0.0259250067174 -0.180685698986 -0.120360255241
    endloop
  endfacet
  facet normal -0.580497741699 0.419740438461 -0.697739422321
    outer loop
      vertex 0.024072792381 -0.182533144951 -0.119850836694
      vertex 0.0240664556623 -0.181028738618 -0.122360385954
      vertex 0.0221595037729 -0.182946771383 -0.121809311211
    endloop
  endfacet
  facet normal -0.580498635769 0.419740319252 -0.69773876667
    outer loop
      vertex 0.0502181388438 -0.142280265689 -0.150604680181
      vertex 0.0518825389445 -0.142710164189 -0.147588193417
      vertex 0.0522283650935 -0.141191869974 -0.149633780122
    endloop
  endfacet
  facet normal -0.580499112606 0.419741630554 -0.697737574577
    outer loop
      vertex 0.0439610145986 -0.181290179491 -0.0944117233157
      vertex 0.0462560392916 -0.180316373706 -0.0928564965725
      vertex 0.0458107627928 -0.178898796439 -0.0958287417889
    endloop
  endfacet
  facet normal -0.580498993397 0.419739693403 -0.697738826275
    outer loop
      vertex 0.0479882769287 -0.143030852079 -0.152440860868
      vertex 0.0465604029596 -0.143939375877 -0.152905344963
      vertex 0.0462885163724 -0.14511115849 -0.151333495975
    endloop
  endfacet
  facet normal -0.580497384071 0.419741392136 -0.697739183903
    outer loop
      vertex 0.0714074075222 -0.150659129024 -0.107371784747
      vertex 0.0715456902981 -0.149584829807 -0.108966372907
      vertex 0.0700011253357 -0.150851875544 -0.108996264637
    endloop
  endfacet
  facet normal -0.58049851656 0.419741123915 -0.697738409042
    outer loop
      vertex 0.0678892880678 -0.140690147877 -0.12880885601
      vertex 0.069736532867 -0.138839587569 -0.129330307245
      vertex 0.0681998729706 -0.138891875744 -0.131368592381
    endloop
  endfacet
  facet normal -0.580498993397 0.41974106431 -0.69773799181
    outer loop
      vertex 0.0379863865674 -0.152535825968 -0.150473192334
      vertex 0.0389238968492 -0.15105073154 -0.151645332575
      vertex 0.0369406491518 -0.151890426874 -0.15299230814
    endloop
  endfacet
  facet normal -0.580498874187 0.41974067688 -0.697738349438
    outer loop
      vertex 0.022090613842 -0.186813756824 -0.115476466715
      vertex 0.0201306603849 -0.186993166804 -0.117888838053
      vertex 0.0200101286173 -0.188370242715 -0.115766406059
    endloop
  endfacet
  facet normal -0.58051097393 0.419742703438 -0.69772708416
    outer loop
      vertex 0.0692215636373 -0.136529415846 -0.133882731199
      vertex 0.070327796042 -0.137308388948 -0.131057947874
      vertex 0.0700311884284 -0.13705354929 -0.131891742349
    endloop
  endfacet
  facet normal -0.580496609211 0.419745981693 -0.697737038136
    outer loop
      vertex 0.0514677241445 -0.167059272528 -0.107686161995
      vertex 0.0507473014295 -0.167712017894 -0.107597447932
      vertex 0.0522556453943 -0.166358053684 -0.107762120664
    endloop
  endfacet
  facet normal -0.580498874187 0.419740974903 -0.697738170624
    outer loop
      vertex 0.0566733665764 -0.167860209942 -0.0991553813219
      vertex 0.0588234700263 -0.166675046086 -0.0981519147754
      vertex 0.0575792491436 -0.166279524565 -0.100530140102
    endloop
  endfacet
  facet normal -0.580499231815 0.419740587473 -0.697738111019
    outer loop
      vertex 0.0602034926414 -0.158069700003 -0.110548079014
      vertex 0.0615219883621 -0.158365756273 -0.108232468367
      vertex 0.0620669685304 -0.156680628657 -0.11027996242
    endloop
  endfacet
  facet normal -0.580536901951 0.419744938612 -0.697704136372
    outer loop
      vertex 0.0700311884284 -0.13705354929 -0.131891742349
      vertex 0.070327796042 -0.137308388948 -0.131057947874
      vertex 0.0701038464904 -0.137103945017 -0.131707504392
    endloop
  endfacet
  facet normal -0.580497801304 0.419741213322 -0.697738945484
    outer loop
      vertex 0.0171227492392 -0.178594261408 -0.136010333896
      vertex 0.0184256825596 -0.177288651466 -0.136378735304
      vertex 0.0168842244893 -0.177336975932 -0.138430207968
    endloop
  endfacet
  facet normal -0.580499827862 0.419740438461 -0.697737693787
    outer loop
      vertex 0.0435019694269 -0.17997866869 -0.0972267389297
      vertex 0.0458107627928 -0.178898796439 -0.0958287417889
      vertex 0.0449085794389 -0.178310528398 -0.0980543419719
    endloop
  endfacet
  facet normal -0.580498754978 0.419740617275 -0.697738528252
    outer loop
      vertex 0.0324568860233 -0.180178761482 -0.112169399858
      vertex 0.0332079194486 -0.180790543556 -0.110113747418
      vertex 0.0338611230254 -0.179516583681 -0.111328095198
    endloop
  endfacet
  facet normal -0.580498576164 0.419741243124 -0.697738230228
    outer loop
      vertex 0.018055357039 -0.175317406654 -0.140167668462
      vertex 0.0168842244893 -0.177336975932 -0.138430207968
      vertex 0.0188989173621 -0.176043108106 -0.137794718146
    endloop
  endfacet
  facet normal -0.580499529839 0.419741809368 -0.69773709774
    outer loop
      vertex 0.0158754196018 -0.177946463227 -0.138812214136
      vertex 0.0168842244893 -0.177336975932 -0.138430207968
      vertex 0.0158465709537 -0.177882447839 -0.138958543539
    endloop
  endfacet
  facet normal -0.58049839735 0.419741928577 -0.69773799181
    outer loop
      vertex 0.0704780295491 -0.153394520283 -0.104110039771
      vertex 0.0722922161222 -0.151925235987 -0.104043446481
      vertex 0.0715460404754 -0.1516738832 -0.105493217707
    endloop
  endfacet
  facet normal -0.580499351025 0.419740498066 -0.697738051414
    outer loop
      vertex 0.0158465709537 -0.177882447839 -0.138958543539
      vertex 0.0168842244893 -0.177336975932 -0.138430207968
      vertex 0.0156983900815 -0.17755715549 -0.139704212546
    endloop
  endfacet
  facet normal -0.580498933792 0.419740527868 -0.697738409042
    outer loop
      vertex 0.068962149322 -0.159457311034 -0.0961282849312
      vertex 0.0678730607033 -0.159525707364 -0.097520776093
      vertex 0.0684667229652 -0.160326212645 -0.0953690707684
    endloop
  endfacet
  facet normal -0.580498278141 0.419740527868 -0.697738945484
    outer loop
      vertex 0.0604337975383 -0.160507917404 -0.106176503003
      vertex 0.0588933080435 -0.16211502254 -0.105635493994
      vertex 0.0598773881793 -0.162436813116 -0.103739596903
    endloop
  endfacet
  facet normal -0.580499351025 0.419740706682 -0.697737932205
    outer loop
      vertex 0.0641046091914 -0.151688665152 -0.115760095417
      vertex 0.0625402182341 -0.153530746698 -0.114861555398
      vertex 0.0646650418639 -0.152660369873 -0.113369762897
    endloop
  endfacet
  facet normal -0.580499351025 0.419740527868 -0.697738051414
    outer loop
      vertex 0.0168842244893 -0.177336975932 -0.138430207968
      vertex 0.018055357039 -0.175317406654 -0.140167668462
      vertex 0.0154515169561 -0.176987990737 -0.140991747379
    endloop
  endfacet
  facet normal -0.580499112606 0.419740885496 -0.697738051414
    outer loop
      vertex 0.0398998558521 -0.184290394187 -0.0950410217047
      vertex 0.0389137715101 -0.18378816545 -0.0972396060824
      vertex 0.0380394756794 -0.185144409537 -0.0961942598224
    endloop
  endfacet
  facet normal -0.580489099026 0.419752418995 -0.697739422321
    outer loop
      vertex 0.0667258426547 -0.163016170263 -0.0933051556349
      vertex 0.0656691864133 -0.164448514581 -0.0923855006695
      vertex 0.0659974291921 -0.164021641016 -0.0926411449909
    endloop
  endfacet
  facet normal -0.58049851656 0.419741392136 -0.697738230228
    outer loop
      vertex 0.0637458115816 -0.166768476367 -0.091189019382
      vertex 0.0647849068046 -0.165541142225 -0.0917921736836
      vertex 0.0630705654621 -0.16617693007 -0.0931062251329
    endloop
  endfacet
  facet normal -0.58049929142 0.419741094112 -0.697737753391
    outer loop
      vertex 0.036754515022 -0.184639573097 -0.0988105461001
      vertex 0.0357881039381 -0.184341982007 -0.100641772151
      vertex 0.0346209108829 -0.18582315743 -0.0997938364744
    endloop
  endfacet
  facet normal -0.58049929142 0.419740080833 -0.697738409042
    outer loop
      vertex 0.0661411359906 -0.150528684258 -0.114871837199
      vertex 0.0672400295734 -0.148510381579 -0.116707116365
      vertex 0.0646579638124 -0.150097548962 -0.117639735341
    endloop
  endfacet
  facet normal -0.580498874187 0.419741362333 -0.697737932205
    outer loop
      vertex 0.0332848466933 -0.15402790904 -0.154495105147
      vertex 0.0349253080785 -0.153582066298 -0.152967482805
      vertex 0.0351255871356 -0.152196288109 -0.154994085431
    endloop
  endfacet
  facet normal -0.580499529839 0.419740766287 -0.697737753391
    outer loop
      vertex 0.0168842244893 -0.177336975932 -0.138430207968
      vertex 0.0161555167288 -0.178548842669 -0.137423500419
      vertex 0.0171227492392 -0.178594261408 -0.136010333896
    endloop
  endfacet
  facet normal -0.580498635769 0.419740706682 -0.697738528252
    outer loop
      vertex 0.0352754704654 -0.181234017015 -0.106517143548
      vertex 0.0370513349771 -0.1806833148 -0.104976572096
      vertex 0.0371706262231 -0.179361745715 -0.107008449733
    endloop
  endfacet
  facet normal -0.580878615379 0.419687777758 -0.697454094887
    outer loop
      vertex 0.0154884643853 -0.177077680826 -0.14079156518
      vertex 0.0156983900815 -0.17755715549 -0.139704212546
      vertex 0.0154515169561 -0.176987990737 -0.140991747379
    endloop
  endfacet
  facet normal -0.580497682095 0.419740915298 -0.697739183903
    outer loop
      vertex 0.0226708836854 -0.175991371274 -0.132664114237
      vertex 0.0222853943706 -0.175501704216 -0.134011209011
      vertex 0.0216229557991 -0.176644653082 -0.133027419448
    endloop
  endfacet
  facet normal -0.580497503281 0.419740587473 -0.697739601135
    outer loop
      vertex 0.0538950972259 -0.14048409462 -0.148505240679
      vertex 0.0562811382115 -0.139355883002 -0.147080823779
      vertex 0.0551082715392 -0.138940423727 -0.149393483996
    endloop
  endfacet
  facet normal -0.580498635769 0.419741332531 -0.697738170624
    outer loop
      vertex 0.0576258040965 -0.171344175935 -0.0920467302203
      vertex 0.0577579140663 -0.172756999731 -0.0895154774189
      vertex 0.0590987242758 -0.17153789103 -0.0896876901388
    endloop
  endfacet
  facet normal -0.580499112606 0.419740557671 -0.697738230228
    outer loop
      vertex 0.0615219883621 -0.158365756273 -0.108232468367
      vertex 0.0604337975383 -0.160507917404 -0.106176503003
      vertex 0.0632371157408 -0.158367097378 -0.105858236551
    endloop
  endfacet
  facet normal -0.580498218536 0.41974183917 -0.697738230228
    outer loop
      vertex 0.0607149526477 -0.169976636767 -0.0900477319956
      vertex 0.0619592480361 -0.168721348047 -0.0904135704041
      vertex 0.0619750656188 -0.168015196919 -0.0915655344725
    endloop
  endfacet
  facet normal -0.580499231815 0.419741302729 -0.697737693787
    outer loop
      vertex 0.0205154959112 -0.189105346799 -0.113845527172
      vertex 0.0200101286173 -0.188370242715 -0.115766406059
      vertex 0.0186829864979 -0.189960464835 -0.114958412945
    endloop
  endfacet
  facet normal -0.58049929142 0.41973939538 -0.697738826275
    outer loop
      vertex 0.0640239715576 -0.138924539089 -0.137089535594
      vertex 0.0646864026785 -0.13700440526 -0.139365255833
      vertex 0.0629717484117 -0.138534858823 -0.139192536473
    endloop
  endfacet
  facet normal -0.580499053001 0.41973990202 -0.697738647461
    outer loop
      vertex 0.039240013808 -0.177419006824 -0.107375927269
      vertex 0.0408339574933 -0.177698835731 -0.104706354439
      vertex 0.0414882302284 -0.175939530134 -0.106726013124
    endloop
  endfacet
  facet normal -0.580498278141 0.41974067688 -0.697738826275
    outer loop
      vertex 0.0231864489615 -0.176663577557 -0.130833670497
      vertex 0.022898402065 -0.176306456327 -0.131825685501
      vertex 0.0216229557991 -0.176644653082 -0.133027419448
    endloop
  endfacet
  facet normal -0.580498218536 0.419740855694 -0.69773876667
    outer loop
      vertex 0.0181712880731 -0.173691421747 -0.142710238695
      vertex 0.018055357039 -0.175317406654 -0.140167668462
      vertex 0.0212553050369 -0.172659054399 -0.140161186457
    endloop
  endfacet
  facet normal -0.58049839735 0.419741123915 -0.697738528252
    outer loop
      vertex 0.0523033812642 -0.175640121102 -0.092266432941
      vertex 0.0540013536811 -0.174095094204 -0.0924864634871
      vertex 0.0523922778666 -0.173872634768 -0.0950815975666
    endloop
  endfacet
  facet normal -0.580499589443 0.419740080833 -0.697738170624
    outer loop
      vertex 0.0362335965037 -0.153641417623 -0.15105946362
      vertex 0.0373384170234 -0.153685465455 -0.149458304048
      vertex 0.0379863865674 -0.152535825968 -0.150473192334
    endloop
  endfacet
  facet normal -0.58049929142 0.419741183519 -0.697737753391
    outer loop
      vertex 0.0369406491518 -0.151890426874 -0.15299230814
      vertex 0.0351255871356 -0.152196288109 -0.154994085431
      vertex 0.0349253080785 -0.153582066298 -0.152967482805
    endloop
  endfacet
  facet normal -0.580499053001 0.419740140438 -0.697738528252
    outer loop
      vertex 0.0672400295734 -0.148510381579 -0.116707116365
      vertex 0.0687433257699 -0.147936716676 -0.115581683815
      vertex 0.0691463947296 -0.14670830965 -0.117066241801
    endloop
  endfacet
  facet normal -0.580499887466 0.419739663601 -0.697738170624
    outer loop
      vertex 0.0538950972259 -0.14048409462 -0.148505240679
      vertex 0.0522283650935 -0.141191869974 -0.149633780122
      vertex 0.0518825389445 -0.142710164189 -0.147588193417
    endloop
  endfacet
  facet normal -0.580498635769 0.419740468264 -0.697738707066
    outer loop
      vertex 0.0351255871356 -0.152196288109 -0.154994085431
      vertex 0.0369406491518 -0.151890426874 -0.15299230814
      vertex 0.0366223305464 -0.150259777904 -0.156143173575
    endloop
  endfacet
  facet normal -0.580498993397 0.419741213322 -0.697737932205
    outer loop
      vertex 0.0439610145986 -0.181290179491 -0.0944117233157
      vertex 0.0446177832782 -0.182015016675 -0.092298515141
      vertex 0.0462560392916 -0.180316373706 -0.0928564965725
    endloop
  endfacet
  facet normal -0.580498754978 0.419740855694 -0.697738349438
    outer loop
      vertex 0.0615219883621 -0.158365756273 -0.108232468367
      vertex 0.0592513941228 -0.159828707576 -0.108940817416
      vertex 0.0604337975383 -0.160507917404 -0.106176503003
    endloop
  endfacet
  facet normal -0.58049839735 0.419741809368 -0.697738111019
    outer loop
      vertex 0.0598013959825 -0.167187646031 -0.0959473401308
      vertex 0.0616959519684 -0.166072040796 -0.0951816663146
      vertex 0.0609429143369 -0.165470644832 -0.0972228050232
    endloop
  endfacet
  facet normal -0.58049929142 0.419740140438 -0.697738349438
    outer loop
      vertex 0.0676909536123 -0.152446910739 -0.10953977704
      vertex 0.0700011253357 -0.150851875544 -0.108996264637
      vertex 0.0691024959087 -0.150252521038 -0.111235365272
    endloop
  endfacet
  facet normal -0.580498993397 0.419739961624 -0.697738707066
    outer loop
      vertex 0.030784798786 -0.182967677712 -0.10984583199
      vertex 0.0293519478291 -0.182433471084 -0.112715467811
      vertex 0.0285778362304 -0.184282869101 -0.110711783171
    endloop
  endfacet
  facet normal -0.580498874187 0.419739246368 -0.697739183903
    outer loop
      vertex 0.0368732400239 -0.153983309865 -0.149606510997
      vertex 0.0362335965037 -0.153641417623 -0.15105946362
      vertex 0.0355372019112 -0.154883369803 -0.149958074093
    endloop
  endfacet
  facet normal -0.580500483513 0.41973900795 -0.697738051414
    outer loop
      vertex 0.0641046091914 -0.151688665152 -0.115760095417
      vertex 0.0631054341793 -0.152363166213 -0.116020731628
      vertex 0.0625402182341 -0.153530746698 -0.114861555398
    endloop
  endfacet
  facet normal -0.58256816864 0.418164521456 -0.696959614754
    outer loop
      vertex 0.0710830241442 -0.154944211245 -0.100697286427
      vertex 0.0704310536385 -0.156449645758 -0.0990964621305
      vertex 0.0710339322686 -0.15505848825 -0.100575223565
    endloop
  endfacet
  facet normal -0.580498993397 0.419741213322 -0.69773799181
    outer loop
      vertex 0.0362335965037 -0.153641417623 -0.15105946362
      vertex 0.0349253080785 -0.153582066298 -0.152967482805
      vertex 0.034214489162 -0.155040726066 -0.15152579546
    endloop
  endfacet
  facet normal -0.580499589443 0.419740498066 -0.697737872601
    outer loop
      vertex 0.0609429143369 -0.165470644832 -0.0972228050232
      vertex 0.0588234700263 -0.166675046086 -0.0981519147754
      vertex 0.0598013959825 -0.167187646031 -0.0959473401308
    endloop
  endfacet
  facet normal -0.580498158932 0.41973978281 -0.697739481926
    outer loop
      vertex 0.0559261888266 -0.144344076514 -0.139279782772
      vertex 0.0539962872863 -0.144822895527 -0.141152888536
      vertex 0.0537977330387 -0.145865187049 -0.139694869518
    endloop
  endfacet
  facet normal -0.580500483513 0.419740945101 -0.697736859322
    outer loop
      vertex 0.061190944165 -0.139502480626 -0.140046879649
      vertex 0.0606967322528 -0.141115501523 -0.138049036264
      vertex 0.0622282847762 -0.139819189906 -0.138085767627
    endloop
  endfacet
  facet normal -0.580499053001 0.41974067688 -0.697738170624
    outer loop
      vertex 0.0577122345567 -0.161950349808 -0.107542648911
      vertex 0.0592513941228 -0.159828707576 -0.108940817416
      vertex 0.0574277788401 -0.160971596837 -0.109563030303
    endloop
  endfacet
  facet normal -0.580499708652 0.419740885496 -0.697737514973
    outer loop
      vertex 0.0572458580136 -0.14215618372 -0.141091629863
      vertex 0.0551423579454 -0.142740055919 -0.143030181527
      vertex 0.0556662641466 -0.143383875489 -0.141235411167
    endloop
  endfacet
  facet normal -0.58049929142 0.419740319252 -0.697738170624
    outer loop
      vertex 0.0468958802521 -0.146255016327 -0.148592054844
      vertex 0.0484492592514 -0.14628238976 -0.146398246288
      vertex 0.0490237623453 -0.144287005067 -0.148920655251
    endloop
  endfacet
  facet normal -0.595571279526 0.418968856335 -0.685390353203
    outer loop
      vertex 0.0237390473485 -0.177469715476 -0.128729373217
      vertex 0.023549426347 -0.177193030715 -0.129451557994
      vertex 0.0231864489615 -0.176663577557 -0.130833670497
    endloop
  endfacet
  facet normal -0.580498576164 0.41974157095 -0.697738051414
    outer loop
      vertex 0.0720165297389 -0.143911123276 -0.117746636271
      vertex 0.0733292549849 -0.142376542091 -0.118482097983
      vertex 0.0714947059751 -0.142982363701 -0.120012201369
    endloop
  endfacet
  facet normal -0.580498278141 0.419741123915 -0.697738587856
    outer loop
      vertex 0.024072792381 -0.182533144951 -0.119850836694
      vertex 0.0256499703974 -0.182667896152 -0.117445603013
      vertex 0.0264667794108 -0.180982366204 -0.119117833674
    endloop
  endfacet
  facet normal -0.580443143845 0.419744431973 -0.697782516479
    outer loop
      vertex 0.023549426347 -0.177193030715 -0.129451557994
      vertex 0.0237390473485 -0.177469715476 -0.128729373217
      vertex 0.0236642416567 -0.177344918251 -0.129040285945
    endloop
  endfacet
  facet normal -0.580498099327 0.419740229845 -0.697739243507
    outer loop
      vertex 0.0535533502698 -0.166354894638 -0.105972655118
      vertex 0.0522556453943 -0.166358053684 -0.107762120664
      vertex 0.0517350398004 -0.168024510145 -0.105711944401
    endloop
  endfacet
  facet normal -0.580498993397 0.419743150473 -0.697736740112
    outer loop
      vertex 0.0265284664929 -0.189380899072 -0.105071566999
      vertex 0.0267875902355 -0.188648045063 -0.105931416154
      vertex 0.0256635975093 -0.189646571875 -0.105826050043
    endloop
  endfacet
  facet normal -0.580498993397 0.419740408659 -0.697738409042
    outer loop
      vertex 0.030784798786 -0.182967677712 -0.10984583199
      vertex 0.0285778362304 -0.184282869101 -0.110711783171
      vertex 0.0291452649981 -0.185005113482 -0.108726456761
    endloop
  endfacet
  facet normal -0.580498814583 0.419741332531 -0.69773799181
    outer loop
      vertex 0.0619556084275 -0.163723275065 -0.0987269282341
      vertex 0.0630638152361 -0.164434418082 -0.0960121527314
      vertex 0.0640555769205 -0.162494570017 -0.0978651717305
    endloop
  endfacet
  facet normal -0.580498814583 0.419739961624 -0.697738826275
    outer loop
      vertex 0.0328791104257 -0.182566225529 -0.107616752386
      vertex 0.0342799723148 -0.181000158191 -0.108282655478
      vertex 0.0332079194486 -0.180790543556 -0.110113747418
    endloop
  endfacet
  facet normal -0.580499172211 0.419740736485 -0.697738051414
    outer loop
      vertex 0.0166600048542 -0.171882927418 -0.147806599736
      vertex 0.0149991763756 -0.173260882497 -0.147812947631
      vertex 0.0163946188986 -0.172841280699 -0.146580561996
    endloop
  endfacet
  facet normal -0.580498814583 0.419740706682 -0.697738409042
    outer loop
      vertex 0.0575156025589 -0.163625657558 -0.105029702187
      vertex 0.0598773881793 -0.162436813116 -0.103739596903
      vertex 0.0588933080435 -0.16211502254 -0.105635493994
    endloop
  endfacet
  facet normal -0.580498754978 0.419739156961 -0.697739362717
    outer loop
      vertex 0.0703372731805 -0.14481972158 -0.118558682501
      vertex 0.0698840692639 -0.144300878048 -0.120047941804
      vertex 0.0685379207134 -0.145524486899 -0.119875624776
    endloop
  endfacet
  facet normal -0.580498278141 0.419739961624 -0.697739243507
    outer loop
      vertex 0.0337932482362 -0.156136453152 -0.15028694272
      vertex 0.0342363119125 -0.155802473426 -0.150229364634
      vertex 0.034214489162 -0.155040726066 -0.15152579546
    endloop
  endfacet
  facet normal -0.580498874187 0.419740587473 -0.697738409042
    outer loop
      vertex 0.0549672842026 -0.172375947237 -0.094008333981
      vertex 0.0576258040965 -0.171344175935 -0.0920467302203
      vertex 0.0563389882445 -0.170406699181 -0.0953847765923
    endloop
  endfacet
  facet normal -0.580498695374 0.419742316008 -0.697737514973
    outer loop
      vertex 0.0505947507918 -0.178417772055 -0.0900121405721
      vertex 0.0505023039877 -0.177541807294 -0.0915961042047
      vertex 0.048916451633 -0.179539531469 -0.0904685035348
    endloop
  endfacet
  facet normal -0.580497384071 0.419741690159 -0.697739005089
    outer loop
      vertex 0.0720165297389 -0.143911123276 -0.117746636271
      vertex 0.0714947059751 -0.142982363701 -0.120012201369
      vertex 0.0703372731805 -0.14481972158 -0.118558682501
    endloop
  endfacet
  facet normal -0.580499112606 0.419740349054 -0.697738349438
    outer loop
      vertex 0.0468573793769 -0.17095965147 -0.107578597963
      vertex 0.0476741790771 -0.171511039138 -0.10553240031
      vertex 0.0479888580739 -0.170045256615 -0.107533782721
    endloop
  endfacet
  facet normal -0.580498278141 0.41974028945 -0.697739064693
    outer loop
      vertex 0.0332848466933 -0.15402790904 -0.154495105147
      vertex 0.0309913028032 -0.155649319291 -0.154971763492
      vertex 0.0325370542705 -0.155913412571 -0.152395009995
    endloop
  endfacet
  facet normal -0.58049839735 0.419739991426 -0.697739124298
    outer loop
      vertex 0.058707728982 -0.13865481317 -0.144890233874
      vertex 0.0562811382115 -0.139355883002 -0.147080823779
      vertex 0.0568146407604 -0.140760019422 -0.144008859992
    endloop
  endfacet
  facet normal -0.580498993397 0.419739067554 -0.697739243507
    outer loop
      vertex 0.0386046878994 -0.152904316783 -0.149005547166
      vertex 0.0395074412227 -0.152385756373 -0.148619055748
      vertex 0.0399410426617 -0.151439890265 -0.149591714144
    endloop
  endfacet
  facet normal -0.580515444279 0.41885393858 -0.69825720787
    outer loop
      vertex 0.0398969314992 -0.148192420602 -0.155051022768
      vertex 0.0382877774537 -0.149196177721 -0.155607923865
      vertex 0.0382794700563 -0.149201482534 -0.155610561371
    endloop
  endfacet
  facet normal -0.58049851656 0.41974106431 -0.697738409042
    outer loop
      vertex 0.0523922778666 -0.173872634768 -0.0950815975666
      vertex 0.0501190871 -0.176142394543 -0.0944523513317
      vertex 0.0523033812642 -0.175640121102 -0.092266432941
    endloop
  endfacet
  facet normal -0.580498576164 0.419741272926 -0.697738230228
    outer loop
      vertex 0.0321728587151 -0.157410055399 -0.150410816073
      vertex 0.0331914015114 -0.156604081392 -0.150341957808
      vertex 0.0310142040253 -0.157581925392 -0.151727512479
    endloop
  endfacet
  facet normal -0.580500006676 0.41974017024 -0.697737693787
    outer loop
      vertex 0.0182920619845 -0.189192935824 -0.116774916649
      vertex 0.0200101286173 -0.188370242715 -0.115766406059
      vertex 0.0201306603849 -0.186993166804 -0.117888838053
    endloop
  endfacet
  facet normal -0.580498039722 0.419741660357 -0.697738468647
    outer loop
      vertex 0.0237945877016 -0.187638536096 -0.111748836935
      vertex 0.0251317024231 -0.187404617667 -0.110288470984
      vertex 0.0253560915589 -0.186192706227 -0.111992709339
    endloop
  endfacet
  facet normal -0.580498874187 0.419740110636 -0.697738707066
    outer loop
      vertex 0.0278904307634 -0.181469008327 -0.116339989007
      vertex 0.0256499703974 -0.182667896152 -0.117445603013
      vertex 0.0272109191865 -0.182795763016 -0.115074262023
    endloop
  endfacet
  facet normal -0.580498933792 0.419741183519 -0.69773799181
    outer loop
      vertex 0.048711463809 -0.172691375017 -0.102135740221
      vertex 0.046132043004 -0.173990726471 -0.103543139994
      vertex 0.047052141279 -0.174832686782 -0.100871063769
    endloop
  endfacet
  facet normal -0.580498814583 0.419740974903 -0.697738230228
    outer loop
      vertex 0.0597354769707 -0.165023237467 -0.099636413157
      vertex 0.0575792491436 -0.166279524565 -0.100530140102
      vertex 0.0588234700263 -0.166675046086 -0.0981519147754
    endloop
  endfacet
  facet normal -0.580499410629 0.41973990202 -0.697738349438
    outer loop
      vertex 0.070327796042 -0.137308388948 -0.131057947874
      vertex 0.069736532867 -0.138839587569 -0.129330307245
      vertex 0.0708809494972 -0.137852579355 -0.129388302565
    endloop
  endfacet
  facet normal -0.580499172211 0.41974028945 -0.697738289833
    outer loop
      vertex 0.059382211417 -0.139720886946 -0.142185300589
      vertex 0.0593860894442 -0.141066029668 -0.139943867922
      vertex 0.061190944165 -0.139502480626 -0.140046879649
    endloop
  endfacet
  facet normal -0.580498814583 0.419740468264 -0.697738528252
    outer loop
      vertex 0.0448456630111 -0.172501146793 -0.107798367739
      vertex 0.0449763312936 -0.173219993711 -0.106422707438
      vertex 0.0452506542206 -0.172205880284 -0.10772908479
    endloop
  endfacet
  facet normal -0.580498695374 0.419740647078 -0.697738528252
    outer loop
      vertex 0.0530361421406 -0.169514358044 -0.101435936987
      vertex 0.050876006484 -0.170086294413 -0.103472642601
      vertex 0.0510958172381 -0.171638786793 -0.100587934256
    endloop
  endfacet
  facet normal -0.580497920513 0.41974028945 -0.697739362717
    outer loop
      vertex 0.0534921474755 -0.145964562893 -0.139952301979
      vertex 0.0539962872863 -0.144822895527 -0.141152888536
      vertex 0.0530020110309 -0.146144121885 -0.140331685543
    endloop
  endfacet
  facet normal -0.58049851656 0.419741660357 -0.697738051414
    outer loop
      vertex 0.0273087155074 -0.159314438701 -0.153972223401
      vertex 0.029011849314 -0.159125596285 -0.151930704713
      vertex 0.0291283819824 -0.157619193196 -0.15427364409
    endloop
  endfacet
  facet normal -0.580497682095 0.419741004705 -0.697739183903
    outer loop
      vertex 0.0216915085912 -0.170184522867 -0.143671363592
      vertex 0.0197331644595 -0.171622097492 -0.143990024924
      vertex 0.0213554482907 -0.171369701624 -0.142165973783
    endloop
  endfacet
  facet normal -0.580498754978 0.419740766287 -0.697738409042
    outer loop
      vertex 0.072730012238 -0.14080697298 -0.121919959784
      vertex 0.0710728317499 -0.141793638468 -0.12257167697
      vertex 0.0728517621756 -0.141112372279 -0.121243909001
    endloop
  endfacet
  facet normal -0.58049839735 0.419740438461 -0.69773888588
    outer loop
      vertex 0.0530361421406 -0.169514358044 -0.101435936987
      vertex 0.0553253665566 -0.167564436793 -0.101511321962
      vertex 0.0532192178071 -0.168015658855 -0.103674046695
    endloop
  endfacet
  facet normal -0.580498814583 0.419740200043 -0.697738707066
    outer loop
      vertex 0.0624023601413 -0.16055777669 -0.103371113539
      vertex 0.0604337975383 -0.160507917404 -0.106176503003
      vertex 0.0598773881793 -0.162436813116 -0.103739596903
    endloop
  endfacet
  facet normal -0.58049851656 0.419740587473 -0.697738707066
    outer loop
      vertex 0.0352754704654 -0.181234017015 -0.106517143548
      vertex 0.0359918698668 -0.182207584381 -0.103907994926
      vertex 0.0370513349771 -0.1806833148 -0.104976572096
    endloop
  endfacet
  facet normal -0.580498278141 0.419741272926 -0.697738468647
    outer loop
      vertex 0.0563389882445 -0.170406699181 -0.0953847765923
      vertex 0.0540326833725 -0.171594157815 -0.0966004505754
      vertex 0.0549672842026 -0.172375947237 -0.094008333981
    endloop
  endfacet
  facet normal -0.580499112606 0.419740617275 -0.697738230228
    outer loop
      vertex 0.0665421411395 -0.158504366875 -0.10105920583
      vertex 0.066457927227 -0.156831458211 -0.103956565261
      vertex 0.0645761787891 -0.158677667379 -0.103490054607
    endloop
  endfacet
  facet normal -0.580497920513 0.419741213322 -0.697738826275
    outer loop
      vertex 0.0582543723285 -0.145112514496 -0.134782552719
      vertex 0.0586329512298 -0.14445912838 -0.135345101357
      vertex 0.0576017387211 -0.145108997822 -0.135690957308
    endloop
  endfacet
  facet normal -0.580498695374 0.41973990202 -0.697739005089
    outer loop
      vertex 0.046132043004 -0.173990726471 -0.103543139994
      vertex 0.048711463809 -0.172691375017 -0.102135740221
      vertex 0.0476741790771 -0.171511039138 -0.10553240031
    endloop
  endfacet
  facet normal -0.58049839735 0.419741094112 -0.697738528252
    outer loop
      vertex 0.0619750656188 -0.168015196919 -0.0915655344725
      vertex 0.0635440275073 -0.166994944215 -0.0910916253924
      vertex 0.0630705654621 -0.16617693007 -0.0931062251329
    endloop
  endfacet
  facet normal -0.580497980118 0.41974067688 -0.697739064693
    outer loop
      vertex 0.0566733665764 -0.167860209942 -0.0991553813219
      vertex 0.0553253665566 -0.167564436793 -0.101511321962
      vertex 0.0547466948628 -0.168993771076 -0.099935606122
    endloop
  endfacet
  facet normal -0.580499827862 0.419739812613 -0.697738051414
    outer loop
      vertex 0.0552397742867 -0.16423548758 -0.10716342926
      vertex 0.0535533502698 -0.166354894638 -0.105972655118
      vertex 0.0556118935347 -0.165811643004 -0.104028731585
    endloop
  endfacet
  facet normal -0.580520153046 0.419723838568 -0.697730779648
    outer loop
      vertex 0.0710830241442 -0.154944211245 -0.100697286427
      vertex 0.0699609145522 -0.157472625375 -0.0980461463332
      vertex 0.0704310536385 -0.156449645758 -0.0990964621305
    endloop
  endfacet
  facet normal -0.580498814583 0.419741362333 -0.69773799181
    outer loop
      vertex 0.0308608971536 -0.187066629529 -0.102926880121
      vertex 0.0327755473554 -0.186410710216 -0.101369276643
      vertex 0.0324737913907 -0.185169160366 -0.103850409389
    endloop
  endfacet
  facet normal -0.580498993397 0.419740974903 -0.697738111019
    outer loop
      vertex 0.0590044036508 -0.169071018696 -0.0939188227057
      vertex 0.0576372221112 -0.16845023632 -0.096841558814
      vertex 0.0563389882445 -0.170406699181 -0.0953847765923
    endloop
  endfacet
  facet normal -0.580498695374 0.419740825891 -0.697738409042
    outer loop
      vertex 0.0388217419386 -0.179301530123 -0.104825057089
      vertex 0.0401886329055 -0.179381117225 -0.102802351117
      vertex 0.0408339574933 -0.177698835731 -0.104706354439
    endloop
  endfacet
  facet normal -0.580498576164 0.419742017984 -0.697737812996
    outer loop
      vertex 0.0346209108829 -0.18582315743 -0.0997938364744
      vertex 0.0327755473554 -0.186410710216 -0.101369276643
      vertex 0.0330383405089 -0.187306761742 -0.0995163246989
    endloop
  endfacet
  facet normal -0.580498039722 0.419741123915 -0.69773876667
    outer loop
      vertex 0.0269863065332 -0.161278799176 -0.151152729988
      vertex 0.029126137495 -0.160087704659 -0.150173321366
      vertex 0.029011849314 -0.159125596285 -0.151930704713
    endloop
  endfacet
  facet normal -0.580499589443 0.419741511345 -0.697737276554
    outer loop
      vertex 0.0585619695485 -0.142877355218 -0.138072654605
      vertex 0.0572458580136 -0.14215618372 -0.141091629863
      vertex 0.0559261888266 -0.144344076514 -0.139279782772
    endloop
  endfacet
  facet normal -0.580498039722 0.419740706682 -0.697739005089
    outer loop
      vertex 0.0237390473485 -0.177469715476 -0.128729373217
      vertex 0.0210473388433 -0.179963752627 -0.128306120634
      vertex 0.0225906874985 -0.179585859179 -0.126799851656
    endloop
  endfacet
  facet normal -0.580498218536 0.41974106431 -0.697738707066
    outer loop
      vertex 0.029126137495 -0.160087704659 -0.150173321366
      vertex 0.030296260491 -0.159009620547 -0.150347158313
      vertex 0.029011849314 -0.159125596285 -0.151930704713
    endloop
  endfacet
  facet normal -0.580498933792 0.419740736485 -0.697738289833
    outer loop
      vertex 0.0653491094708 -0.153567701578 -0.11091542244
      vertex 0.0656355395913 -0.154755458236 -0.108544893563
      vertex 0.0676909536123 -0.152446910739 -0.10953977704
    endloop
  endfacet
  facet normal -0.580498754978 0.419740706682 -0.697738468647
    outer loop
      vertex 0.0522556453943 -0.166358053684 -0.107762120664
      vertex 0.0535533502698 -0.166354894638 -0.105972655118
      vertex 0.0534687899053 -0.165195181966 -0.108017392457
    endloop
  endfacet
  facet normal -0.580498576164 0.419741481543 -0.697738111019
    outer loop
      vertex 0.0148266861215 -0.174498647451 -0.145993947983
      vertex 0.0170362703502 -0.173240855336 -0.145028933883
      vertex 0.0163946188986 -0.172841280699 -0.146580561996
    endloop
  endfacet
  facet normal -0.580498993397 0.419740736485 -0.697738230228
    outer loop
      vertex 0.0641046091914 -0.151688665152 -0.115760095417
      vertex 0.0646650418639 -0.152660369873 -0.113369762897
      vertex 0.0661411359906 -0.150528684258 -0.114871837199
    endloop
  endfacet
  facet normal -0.580498814583 0.419740587473 -0.697738468647
    outer loop
      vertex 0.0705056041479 -0.140835508704 -0.124948881567
      vertex 0.0723738223314 -0.140062749386 -0.123649694026
      vertex 0.0718655958772 -0.139152526855 -0.125865638256
    endloop
  endfacet
  facet normal -0.580499708652 0.419738769531 -0.697738826275
    outer loop
      vertex 0.0365513525903 -0.178043678403 -0.110055945814
      vertex 0.0355587564409 -0.179370865226 -0.109222486615
      vertex 0.0371084213257 -0.177714779973 -0.109832234681
    endloop
  endfacet
  facet normal -0.580498635769 0.41974017024 -0.69773888588
    outer loop
      vertex 0.0647907555103 -0.157607883215 -0.104971602559
      vertex 0.0632371157408 -0.158367097378 -0.105858236551
      vertex 0.0645761787891 -0.158677667379 -0.103490054607
    endloop
  endfacet
  facet normal -0.58049851656 0.419738411903 -0.697740018368
    outer loop
      vertex 0.0220662299544 -0.175173670053 -0.134859621525
      vertex 0.0205396451056 -0.176018878818 -0.13556586206
      vertex 0.0221502352506 -0.175304681063 -0.1345256567
    endloop
  endfacet
  facet normal -0.580499410629 0.419739991426 -0.697738349438
    outer loop
      vertex 0.0225627422333 -0.164350941777 -0.152163639665
      vertex 0.0242684148252 -0.162479907274 -0.152914956212
      vertex 0.0222376938909 -0.163337558508 -0.154297739267
    endloop
  endfacet
  facet normal -0.580497860909 0.419741123915 -0.697738945484
    outer loop
      vertex 0.0695198178291 -0.152455836535 -0.106995627284
      vertex 0.0676909536123 -0.152446910739 -0.10953977704
      vertex 0.0676948651671 -0.153799384832 -0.107286132872
    endloop
  endfacet
  facet normal -0.580496907234 0.419742673635 -0.69773876667
    outer loop
      vertex 0.0265178289264 -0.162784799933 -0.149297207594
      vertex 0.0273184478283 -0.161899209023 -0.149662062526
      vertex 0.0269863065332 -0.161278799176 -0.151152729988
    endloop
  endfacet
  facet normal -0.580498635769 0.419741302729 -0.697738170624
    outer loop
      vertex 0.0242684148252 -0.162479907274 -0.152914956212
      vertex 0.0225627422333 -0.164350941777 -0.152163639665
      vertex 0.0249643009156 -0.163356542587 -0.150495305657
    endloop
  endfacet
  facet normal -0.580498933792 0.419740766287 -0.697738289833
    outer loop
      vertex 0.0699609145522 -0.157472625375 -0.0980461463332
      vertex 0.0678730607033 -0.159525707364 -0.097520776093
      vertex 0.0695629194379 -0.158285930753 -0.0972446128726
    endloop
  endfacet
  facet normal -0.580499470234 0.419740498066 -0.69773799181
    outer loop
      vertex 0.0572458580136 -0.14215618372 -0.141091629863
      vertex 0.0568146407604 -0.140760019422 -0.144008859992
      vertex 0.0551423579454 -0.142740055919 -0.143030181527
    endloop
  endfacet
  facet normal -0.580498814583 0.419740736485 -0.697738409042
    outer loop
      vertex 0.0415359288454 -0.180566608906 -0.0989684015512
      vertex 0.0395269989967 -0.181170552969 -0.100742809474
      vertex 0.0400207005441 -0.182112976909 -0.0984934195876
    endloop
  endfacet
  facet normal -0.580498993397 0.419741362333 -0.697737812996
    outer loop
      vertex 0.0234387405217 -0.166034460068 -0.148153617978
      vertex 0.0230923332274 -0.165284529328 -0.149879321456
      vertex 0.0218761134893 -0.166726350784 -0.149164587259
    endloop
  endfacet
  facet normal -0.58049851656 0.419740557671 -0.697738707066
    outer loop
      vertex 0.0328791104257 -0.182566225529 -0.107616752386
      vertex 0.030784798786 -0.182967677712 -0.10984583199
      vertex 0.0309505499899 -0.184090852737 -0.107749551535
    endloop
  endfacet
  facet normal -0.580499410629 0.419741034508 -0.697737693787
    outer loop
      vertex 0.0253254249692 -0.164224907756 -0.148552387953
      vertex 0.0261742342263 -0.163197308779 -0.149086669087
      vertex 0.0249643009156 -0.163356542587 -0.150495305657
    endloop
  endfacet
  facet normal -0.580498993397 0.419740974903 -0.697738111019
    outer loop
      vertex 0.0736851096153 -0.143755048513 -0.115698441863
      vertex 0.0733292549849 -0.142376542091 -0.118482097983
      vertex 0.0720165297389 -0.143911123276 -0.117746636271
    endloop
  endfacet
  facet normal -0.580498576164 0.419740974903 -0.697738409042
    outer loop
      vertex 0.0210827048868 -0.181222066283 -0.126165509224
      vertex 0.0210473388433 -0.179963752627 -0.128306120634
      vertex 0.0191570390016 -0.181937858462 -0.127638846636
    endloop
  endfacet
  facet normal -0.580499589443 0.41974028945 -0.69773799181
    outer loop
      vertex 0.0237945877016 -0.187638536096 -0.111748836935
      vertex 0.0224973410368 -0.187750503421 -0.113356798887
      vertex 0.0218616388738 -0.189307942986 -0.111647024751
    endloop
  endfacet
  facet normal -0.58049839735 0.419740885496 -0.697738587856
    outer loop
      vertex 0.0685379207134 -0.145524486899 -0.119875624776
      vertex 0.0674305334687 -0.147066622972 -0.118843622506
      vertex 0.0691463947296 -0.14670830965 -0.117066241801
    endloop
  endfacet
  facet normal -0.580498456955 0.419739991426 -0.697739124298
    outer loop
      vertex 0.0205158740282 -0.174460947514 -0.138188496232
      vertex 0.0212553050369 -0.172659054399 -0.140161186457
      vertex 0.018055357039 -0.175317406654 -0.140167668462
    endloop
  endfacet
  facet normal -0.580498695374 0.419741243124 -0.697738170624
    outer loop
      vertex 0.0490237623453 -0.144287005067 -0.148920655251
      vertex 0.0507026277483 -0.144518241286 -0.146214425564
      vertex 0.0518825389445 -0.142710164189 -0.147588193417
    endloop
  endfacet
  facet normal -0.580498456955 0.419740527868 -0.69773876667
    outer loop
      vertex 0.0279235485941 -0.18684849143 -0.107351817191
      vertex 0.0256844554096 -0.18831166625 -0.108016237617
      vertex 0.0267875902355 -0.188648045063 -0.105931416154
    endloop
  endfacet
  facet normal -0.580498814583 0.419740736485 -0.697738349438
    outer loop
      vertex 0.023254795 -0.167086020112 -0.146659985185
      vertex 0.0241558533162 -0.165773957968 -0.147594898939
      vertex 0.0234387405217 -0.166034460068 -0.148153617978
    endloop
  endfacet
  facet normal -0.58049839735 0.419741749763 -0.697738111019
    outer loop
      vertex 0.0197331644595 -0.171622097492 -0.143990024924
      vertex 0.0181712880731 -0.173691421747 -0.142710238695
      vertex 0.0205860212445 -0.172060504556 -0.142081767321
    endloop
  endfacet
  facet normal -0.58049684763 0.419740617275 -0.697740077972
    outer loop
      vertex 0.0646579638124 -0.150097548962 -0.117639735341
      vertex 0.0638408437371 -0.149285122752 -0.120120324194
      vertex 0.06385178864 -0.149766728282 -0.11930461973
    endloop
  endfacet
  facet normal -0.580498456955 0.419741600752 -0.697738170624
    outer loop
      vertex 0.06675735116 -0.142617478967 -0.127170503139
      vertex 0.0663652792573 -0.141734391451 -0.129180699587
      vertex 0.0646720528603 -0.142985314131 -0.129442989826
    endloop
  endfacet
  facet normal -0.580498933792 0.419740617275 -0.697738349438
    outer loop
      vertex 0.0540326833725 -0.171594157815 -0.0966004505754
      vertex 0.0516768805683 -0.172714009881 -0.0979969650507
      vertex 0.0523922778666 -0.173872634768 -0.0950815975666
    endloop
  endfacet
  facet normal -0.580498337746 0.419739991426 -0.697739243507
    outer loop
      vertex 0.055861748755 -0.145327568054 -0.137734025717
      vertex 0.0559261888266 -0.144344076514 -0.139279782772
      vertex 0.0553042218089 -0.145451769233 -0.138298615813
    endloop
  endfacet
  facet normal -0.580498814583 0.419740527868 -0.697738528252
    outer loop
      vertex 0.0523922778666 -0.173872634768 -0.0950815975666
      vertex 0.0498948581517 -0.174814641476 -0.0969695970416
      vertex 0.0501190871 -0.176142394543 -0.0944523513317
    endloop
  endfacet
  facet normal -0.580498695374 0.419739454985 -0.697739243507
    outer loop
      vertex 0.0429667457938 -0.148624703288 -0.15008687973
      vertex 0.0410607047379 -0.149487137794 -0.15128929913
      vertex 0.0417176000774 -0.150229126215 -0.14914740622
    endloop
  endfacet
  facet normal -0.580498039722 0.419740587473 -0.697739124298
    outer loop
      vertex 0.0738520175219 -0.145590633154 -0.112416312099
      vertex 0.0725134089589 -0.146838575602 -0.112193129957
      vertex 0.0738153830171 -0.146178662777 -0.111489497125
    endloop
  endfacet
  facet normal -0.580497980118 0.41973900795 -0.697740077972
    outer loop
      vertex 0.0640239715576 -0.138924539089 -0.137089535594
      vertex 0.0629717484117 -0.138534858823 -0.139192536473
      vertex 0.0622282847762 -0.139819189906 -0.138085767627
    endloop
  endfacet
  facet normal -0.580497801304 0.419739812613 -0.697739779949
    outer loop
      vertex 0.0707454010844 -0.149419873953 -0.110347360373
      vertex 0.0700011253357 -0.150851875544 -0.108996264637
      vertex 0.0715456902981 -0.149584829807 -0.108966372907
    endloop
  endfacet
  facet normal -0.580498278141 0.419740915298 -0.697738707066
    outer loop
      vertex 0.0665421411395 -0.158504366875 -0.10105920583
      vertex 0.0687966644764 -0.15628452599 -0.101631298661
      vertex 0.066457927227 -0.156831458211 -0.103956565261
    endloop
  endfacet
  facet normal -0.58049929142 0.419740110636 -0.697738349438
    outer loop
      vertex 0.0544799044728 -0.175513595343 -0.0894666388631
      vertex 0.0552946329117 -0.174848109484 -0.0894461125135
      vertex 0.0559025108814 -0.173478662968 -0.0908818542957
    endloop
  endfacet
  facet normal -0.580498218536 0.419740974903 -0.697738707066
    outer loop
      vertex 0.0575156025589 -0.163625657558 -0.105029702187
      vertex 0.0556118935347 -0.165811643004 -0.104028731585
      vertex 0.0581560134888 -0.164741009474 -0.102289959788
    endloop
  endfacet
  facet normal -0.580498695374 0.419740796089 -0.697738468647
    outer loop
      vertex 0.0630705654621 -0.16617693007 -0.0931062251329
      vertex 0.060920484364 -0.1675273031 -0.0938350409269
      vertex 0.0619750656188 -0.168015196919 -0.0915655344725
    endloop
  endfacet
  facet normal -0.580498814583 0.419741421938 -0.69773799181
    outer loop
      vertex 0.0180540885776 -0.17018212378 -0.148705869913
      vertex 0.0202606990933 -0.168384075165 -0.148643031716
      vertex 0.0184953082353 -0.168436855078 -0.15099683404
    endloop
  endfacet
  facet normal -0.580498337746 0.419740796089 -0.69773876667
    outer loop
      vertex 0.0523033812642 -0.175640121102 -0.092266432941
      vertex 0.0501190871 -0.176142394543 -0.0944523513317
      vertex 0.0505023039877 -0.177541807294 -0.0915961042047
    endloop
  endfacet
  facet normal -0.580498456955 0.419740945101 -0.697738528252
    outer loop
      vertex 0.0221694968641 -0.167735040188 -0.147082075477
      vertex 0.0202606990933 -0.168384075165 -0.148643031716
      vertex 0.0205758046359 -0.169713586569 -0.145997196436
    endloop
  endfacet
  facet normal -0.580499053001 0.419741004705 -0.697738051414
    outer loop
      vertex 0.0242054797709 -0.190126702189 -0.107044503093
      vertex 0.0237108822912 -0.189142599702 -0.109364390373
      vertex 0.0230764262378 -0.190455466509 -0.108059458435
    endloop
  endfacet
  facet normal -0.58049839735 0.419741272926 -0.697738409042
    outer loop
      vertex 0.0540326833725 -0.171594157815 -0.0966004505754
      vertex 0.0523922778666 -0.173872634768 -0.0950815975666
      vertex 0.0549672842026 -0.172375947237 -0.094008333981
    endloop
  endfacet
  facet normal -0.580505430698 0.419737577438 -0.697734773159
    outer loop
      vertex 0.0148266861215 -0.174498647451 -0.145993947983
      vertex 0.0149991763756 -0.173260882497 -0.147812947631
      vertex 0.0148264262825 -0.174065351486 -0.146714568138
    endloop
  endfacet
  facet normal -0.580499351025 0.419741034508 -0.697737753391
    outer loop
      vertex 0.0439610145986 -0.181290179491 -0.0944117233157
      vertex 0.0415436625481 -0.182279527187 -0.0961103290319
      vertex 0.0428169555962 -0.182907119393 -0.0933061018586
    endloop
  endfacet
  facet normal -0.580498993397 0.41973990202 -0.697738707066
    outer loop
      vertex 0.0187128763646 -0.181056678295 -0.129717901349
      vertex 0.0210473388433 -0.179963752627 -0.128306120634
      vertex 0.0206768587232 -0.178693518043 -0.130930036306
    endloop
  endfacet
  facet normal -0.58049851656 0.419740617275 -0.697738707066
    outer loop
      vertex 0.0220963079482 -0.169195771217 -0.144755125046
      vertex 0.022287575528 -0.168757170439 -0.145219698548
      vertex 0.0205758046359 -0.169713586569 -0.145997196436
    endloop
  endfacet
  facet normal -0.580499112606 0.419740915298 -0.697738051414
    outer loop
      vertex 0.0410607047379 -0.149487137794 -0.15128929913
      vertex 0.0429667457938 -0.148624703288 -0.15008687973
      vertex 0.0434937812388 -0.146918728948 -0.15219385922
    endloop
  endfacet
  facet normal -0.580498814583 0.419739425182 -0.697739183903
    outer loop
      vertex 0.0390503667295 -0.149647951126 -0.153802260756
      vertex 0.0413805022836 -0.147774323821 -0.153694242239
      vertex 0.0398969314992 -0.148192420602 -0.155051022768
    endloop
  endfacet
  facet normal -0.580499649048 0.419740736485 -0.697737634182
    outer loop
      vertex 0.0613573156297 -0.145999774337 -0.129016280174
      vertex 0.0619971305132 -0.144319161773 -0.130925133824
      vertex 0.0606087557971 -0.145620629191 -0.130681797862
    endloop
  endfacet
  facet normal -0.580498933792 0.41974017024 -0.697738587856
    outer loop
      vertex 0.0245680194348 -0.184684380889 -0.115589909256
      vertex 0.0272109191865 -0.182795763016 -0.115074262023
      vertex 0.0256499703974 -0.182667896152 -0.117445603013
    endloop
  endfacet
  facet normal -0.580499351025 0.419740587473 -0.697738051414
    outer loop
      vertex 0.0493305660784 -0.17375023663 -0.0995193943381
      vertex 0.047052141279 -0.174832686782 -0.100871063769
      vertex 0.0476991087198 -0.175726056099 -0.0984912589192
    endloop
  endfacet
  facet normal -0.58049851656 0.419740378857 -0.697738826275
    outer loop
      vertex 0.050876006484 -0.170086294413 -0.103472642601
      vertex 0.0532192178071 -0.168015658855 -0.103674046695
      vertex 0.0517350398004 -0.168024510145 -0.105711944401
    endloop
  endfacet
  facet normal -0.580498695374 0.419741362333 -0.697738111019
    outer loop
      vertex 0.0544799044728 -0.175513595343 -0.0894666388631
      vertex 0.0523033812642 -0.175640121102 -0.092266432941
      vertex 0.0527106672525 -0.176883280277 -0.0896366462111
    endloop
  endfacet
  facet normal -0.580498874187 0.419740259647 -0.697738647461
    outer loop
      vertex 0.0355587564409 -0.179370865226 -0.109222486615
      vertex 0.0371706262231 -0.179361745715 -0.107008449733
      vertex 0.0371084213257 -0.177714779973 -0.109832234681
    endloop
  endfacet
  facet normal -0.580498814583 0.41973990202 -0.69773888588
    outer loop
      vertex 0.0429667457938 -0.148624703288 -0.15008687973
      vertex 0.043435536325 -0.149569496512 -0.147868022323
      vertex 0.0448141656816 -0.14744412899 -0.14949439466
    endloop
  endfacet
  facet normal -0.580498874187 0.419740736485 -0.697738349438
    outer loop
      vertex 0.0210827048868 -0.181222066283 -0.126165509224
      vertex 0.0215208381414 -0.182204470038 -0.123926512897
      vertex 0.0231988001615 -0.180328220129 -0.124724805355
    endloop
  endfacet
  facet normal -0.58049839735 0.419741094112 -0.697738528252
    outer loop
      vertex 0.0622282847762 -0.139819189906 -0.138085767627
      vertex 0.0623600520194 -0.140895560384 -0.136114284396
      vertex 0.0640239715576 -0.138924539089 -0.137089535594
    endloop
  endfacet
  facet normal -0.580498278141 0.419741928577 -0.697738111019
    outer loop
      vertex 0.0240664556623 -0.181028738618 -0.122360385954
      vertex 0.0250309873372 -0.179440066218 -0.123667299747
      vertex 0.0231988001615 -0.180328220129 -0.124724805355
    endloop
  endfacet
  facet normal -0.580499827862 0.419740766287 -0.697737514973
    outer loop
      vertex 0.0646579638124 -0.150097548962 -0.117639735341
      vertex 0.065464258194 -0.148280158639 -0.119545690715
      vertex 0.0638408437371 -0.149285122752 -0.120120324194
    endloop
  endfacet
  facet normal -0.580499112606 0.419740557671 -0.697738230228
    outer loop
      vertex 0.0205745510757 -0.19071033597 -0.111095875502
      vertex 0.0218616388738 -0.189307942986 -0.111647024751
      vertex 0.0199890974909 -0.190623253584 -0.112050287426
    endloop
  endfacet
  facet normal -0.580499112606 0.419741243124 -0.697737812996
    outer loop
      vertex 0.0434937812388 -0.146918728948 -0.15219385922
      vertex 0.0448141656816 -0.14744412899 -0.14949439466
      vertex 0.0462885163724 -0.14511115849 -0.151333495975
    endloop
  endfacet
  facet normal -0.580497801304 0.419741690159 -0.697738647461
    outer loop
      vertex 0.0678730607033 -0.159525707364 -0.097520776093
      vertex 0.0654576048255 -0.160428449512 -0.0993606969714
      vertex 0.0661090761423 -0.161348715425 -0.0969299525023
    endloop
  endfacet
  facet normal -0.58049839735 0.419740706682 -0.697738707066
    outer loop
      vertex 0.0456600338221 -0.171890065074 -0.107687883079
      vertex 0.0452506542206 -0.172205880284 -0.10772908479
      vertex 0.0449763312936 -0.173219993711 -0.106422707438
    endloop
  endfacet
  facet normal -0.580499470234 0.419740647078 -0.697737872601
    outer loop
      vertex 0.0197747051716 -0.184442803264 -0.122620619833
      vertex 0.0215208381414 -0.182204470038 -0.123926512897
      vertex 0.0191855095327 -0.183229774237 -0.125451892614
    endloop
  endfacet
  facet normal -0.580499112606 0.419740319252 -0.697738409042
    outer loop
      vertex 0.0659046173096 -0.140875071287 -0.131246238947
      vertex 0.0681998729706 -0.138891875744 -0.131368592381
      vertex 0.0666482150555 -0.138836756349 -0.133606150746
    endloop
  endfacet
  facet normal -0.580498993397 0.419740378857 -0.697738468647
    outer loop
      vertex 0.0572458580136 -0.14215618372 -0.141091629863
      vertex 0.0593860894442 -0.141066029668 -0.139943867922
      vertex 0.059382211417 -0.139720886946 -0.142185300589
    endloop
  endfacet
  facet normal -0.580497920513 0.419741481543 -0.697738647461
    outer loop
      vertex 0.0505023039877 -0.177541807294 -0.0915961042047
      vertex 0.0527106672525 -0.176883280277 -0.0896366462111
      vertex 0.0523033812642 -0.175640121102 -0.092266432941
    endloop
  endfacet
  facet normal -0.580499649048 0.419740349054 -0.697737932205
    outer loop
      vertex 0.0215808041394 -0.184414222836 -0.120170295238
      vertex 0.0221595037729 -0.182946771383 -0.121809311211
      vertex 0.0197747051716 -0.184442803264 -0.122620619833
    endloop
  endfacet
  facet normal -0.58049929142 0.419739872217 -0.697738528252
    outer loop
      vertex 0.0575156025589 -0.163625657558 -0.105029702187
      vertex 0.0588933080435 -0.16211502254 -0.105635493994
      vertex 0.0577122345567 -0.161950349808 -0.107542648911
    endloop
  endfacet
  facet normal -0.58049839735 0.419741243124 -0.697738409042
    outer loop
      vertex 0.0221595037729 -0.182946771383 -0.121809311211
      vertex 0.0215808041394 -0.184414222836 -0.120170295238
      vertex 0.024072792381 -0.182533144951 -0.119850836694
    endloop
  endfacet
  facet normal -0.580496966839 0.41974312067 -0.697738468647
    outer loop
      vertex 0.0738520175219 -0.145590633154 -0.112416312099
      vertex 0.0727821290493 -0.145537152886 -0.113984845579
      vertex 0.0725134089589 -0.146838575602 -0.112193129957
    endloop
  endfacet
  facet normal -0.580499172211 0.419741213322 -0.697737812996
    outer loop
      vertex 0.0448141656816 -0.14744412899 -0.14949439466
      vertex 0.0468958802521 -0.146255016327 -0.148592054844
      vertex 0.0462885163724 -0.14511115849 -0.151333495975
    endloop
  endfacet
  facet normal -0.580498874187 0.419740349054 -0.697738587856
    outer loop
      vertex 0.0582543723285 -0.145112514496 -0.134782552719
      vertex 0.0590602606535 -0.145168483257 -0.133574977517
      vertex 0.0586329512298 -0.14445912838 -0.135345101357
    endloop
  endfacet
  facet normal -0.580499231815 0.419740349054 -0.697738230228
    outer loop
      vertex 0.0338552817702 -0.183280467987 -0.105079427361
      vertex 0.0328791104257 -0.182566225529 -0.107616752386
      vertex 0.0318487510085 -0.184382766485 -0.106022082269
    endloop
  endfacet
  facet normal -0.580498576164 0.419740408659 -0.69773876667
    outer loop
      vertex 0.022090613842 -0.186813756824 -0.115476466715
      vertex 0.0227698050439 -0.184824258089 -0.117844320834
      vertex 0.0201306603849 -0.186993166804 -0.117888838053
    endloop
  endfacet
  facet normal -0.580498933792 0.419741332531 -0.697737932205
    outer loop
      vertex 0.0346379540861 -0.18424770236 -0.102389156818
      vertex 0.0324737913907 -0.185169160366 -0.103850409389
      vertex 0.0327755473554 -0.186410710216 -0.101369276643
    endloop
  endfacet
  facet normal -0.580500662327 0.419740438461 -0.697737038136
    outer loop
      vertex 0.0623600520194 -0.140895560384 -0.136114284396
      vertex 0.0622282847762 -0.139819189906 -0.138085767627
      vertex 0.0606967322528 -0.141115501523 -0.138049036264
    endloop
  endfacet
  facet normal -0.580498456955 0.419739812613 -0.697739183903
    outer loop
      vertex 0.0498573593795 -0.141869649291 -0.151786208153
      vertex 0.0485138148069 -0.14270195365 -0.152260750532
      vertex 0.0502181388438 -0.142280265689 -0.150604680181
    endloop
  endfacet
  facet normal -0.580498039722 0.419741868973 -0.697738349438
    outer loop
      vertex 0.0707454010844 -0.149419873953 -0.110347360373
      vertex 0.0705348998308 -0.148554012179 -0.11207780242
      vertex 0.0691024959087 -0.150252521038 -0.111235365272
    endloop
  endfacet
  facet normal -0.58049851656 0.419740140438 -0.697739005089
    outer loop
      vertex 0.025557031855 -0.184872493148 -0.11390940845
      vertex 0.0245680194348 -0.184684380889 -0.115589909256
      vertex 0.0239845812321 -0.186248078942 -0.113797456026
    endloop
  endfacet
  facet normal -0.580498814583 0.419740617275 -0.697738409042
    outer loop
      vertex 0.0624023601413 -0.16055777669 -0.103371113539
      vertex 0.0613762773573 -0.162076756358 -0.102265149355
      vertex 0.0628576874733 -0.16184553504 -0.100600749254
    endloop
  endfacet
  facet normal -0.580498635769 0.419739872217 -0.697739064693
    outer loop
      vertex 0.0559261888266 -0.144344076514 -0.139279782772
      vertex 0.055861748755 -0.145327568054 -0.137734025717
      vertex 0.0568622723222 -0.145178318024 -0.136598438025
    endloop
  endfacet
  facet normal -0.580498456955 0.419739991426 -0.697739124298
    outer loop
      vertex 0.0545167438686 -0.141686201096 -0.145647242665
      vertex 0.0568146407604 -0.140760019422 -0.144008859992
      vertex 0.0562811382115 -0.139355883002 -0.147080823779
    endloop
  endfacet
  facet normal -0.580497920513 0.419740587473 -0.697739183903
    outer loop
      vertex 0.0695198178291 -0.152455836535 -0.106995627284
      vertex 0.0676948651671 -0.153799384832 -0.107286132872
      vertex 0.0686944425106 -0.153870388865 -0.105785697699
    endloop
  endfacet
  facet normal -0.580498993397 0.419740974903 -0.697738051414
    outer loop
      vertex 0.0473699830472 -0.148470103741 -0.144254237413
      vertex 0.0503683574498 -0.146313279867 -0.143692791462
      vertex 0.0484492592514 -0.14628238976 -0.146398246288
    endloop
  endfacet
  facet normal -0.580498993397 0.419740229845 -0.697738528252
    outer loop
      vertex 0.0516790486872 -0.140790715814 -0.151060327888
      vertex 0.0504883602262 -0.14149479568 -0.151536658406
      vertex 0.0502181388438 -0.142280265689 -0.150604680181
    endloop
  endfacet
  facet normal -0.580498754978 0.419740915298 -0.697738289833
    outer loop
      vertex 0.0215808041394 -0.184414222836 -0.120170295238
      vertex 0.0196041893214 -0.186016857624 -0.120239883661
      vertex 0.0211135838181 -0.185579001904 -0.118880242109
    endloop
  endfacet
  facet normal -0.580499053001 0.419740468264 -0.697738349438
    outer loop
      vertex 0.0268344860524 -0.181311905384 -0.118061512709
      vertex 0.0264667794108 -0.180982366204 -0.119117833674
      vertex 0.0256499703974 -0.182667896152 -0.117445603013
    endloop
  endfacet
  facet normal -0.580498635769 0.419740319252 -0.69773876667
    outer loop
      vertex 0.0490237623453 -0.144287005067 -0.148920655251
      vertex 0.0518825389445 -0.142710164189 -0.147588193417
      vertex 0.0502181388438 -0.142280265689 -0.150604680181
    endloop
  endfacet
  facet normal -0.580500006676 0.419741511345 -0.697736918926
    outer loop
      vertex 0.068560294807 -0.142855361104 -0.124281592667
      vertex 0.0688487067819 -0.141324386001 -0.126427665353
      vertex 0.06675735116 -0.142617478967 -0.127170503139
    endloop
  endfacet
  facet normal -0.580498993397 0.419740647078 -0.697738289833
    outer loop
      vertex 0.0299789533019 -0.185582816601 -0.106613136828
      vertex 0.0309505499899 -0.184090852737 -0.107749551535
      vertex 0.0291452649981 -0.185005113482 -0.108726456761
    endloop
  endfacet
  facet normal -0.580498635769 0.419740259647 -0.697738826275
    outer loop
      vertex 0.0704689323902 -0.14716231823 -0.114482462406
      vertex 0.0727821290493 -0.145537152886 -0.113984845579
      vertex 0.0713880062103 -0.145348295569 -0.116226859391
    endloop
  endfacet
  facet normal -0.580498635769 0.419741213322 -0.697738230228
    outer loop
      vertex 0.0401886329055 -0.179381117225 -0.102802351117
      vertex 0.0395269989967 -0.181170552969 -0.100742809474
      vertex 0.0413397923112 -0.179488539696 -0.101031757891
    endloop
  endfacet
  facet normal -0.58049839735 0.419741123915 -0.697738468647
    outer loop
      vertex 0.0215808041394 -0.184414222836 -0.120170295238
      vertex 0.0227698050439 -0.184824258089 -0.117844320834
      vertex 0.024072792381 -0.182533144951 -0.119850836694
    endloop
  endfacet
  facet normal -0.580499649048 0.419740200043 -0.69773799181
    outer loop
      vertex 0.0526017472148 -0.144185066223 -0.14414177835
      vertex 0.0518825389445 -0.142710164189 -0.147588193417
      vertex 0.0507026277483 -0.144518241286 -0.146214425564
    endloop
  endfacet
  facet normal -0.580499708652 0.41973978281 -0.697738230228
    outer loop
      vertex 0.0647717267275 -0.147282496095 -0.122161909938
      vertex 0.0667767450213 -0.146615311503 -0.120498031378
      vertex 0.0669268667698 -0.14515671134 -0.122715055943
    endloop
  endfacet
  facet normal -0.580498874187 0.41974028945 -0.697738587856
    outer loop
      vertex 0.0518825389445 -0.142710164189 -0.147588193417
      vertex 0.0526017472148 -0.144185066223 -0.14414177835
      vertex 0.0545167438686 -0.141686201096 -0.145647242665
    endloop
  endfacet
  facet normal -0.580498814583 0.419739156961 -0.697739303112
    outer loop
      vertex 0.0543117001653 -0.139358013868 -0.149800986052
      vertex 0.0534228980541 -0.139818251133 -0.15026512742
      vertex 0.0538950972259 -0.14048409462 -0.148505240679
    endloop
  endfacet
  facet normal -0.580498874187 0.419740587473 -0.697738409042
    outer loop
      vertex 0.0717253163457 -0.153372973204 -0.102420881391
      vertex 0.0704780295491 -0.153394520283 -0.104110039771
      vertex 0.0701314210892 -0.154604926705 -0.102577343583
    endloop
  endfacet
  facet normal -0.580498754978 0.419741630554 -0.697737872601
    outer loop
      vertex 0.0622431598604 -0.168414250016 -0.0905313938856
      vertex 0.0619750656188 -0.168015196919 -0.0915655344725
      vertex 0.0619592480361 -0.168721348047 -0.0904135704041
    endloop
  endfacet
  facet normal -0.580499231815 0.419740766287 -0.69773799181
    outer loop
      vertex 0.0415436625481 -0.182279527187 -0.0961103290319
      vertex 0.0439610145986 -0.181290179491 -0.0944117233157
      vertex 0.0435019694269 -0.17997866869 -0.0972267389297
    endloop
  endfacet
  facet normal -0.580498695374 0.419740706682 -0.697738528252
    outer loop
      vertex 0.0201306603849 -0.186993166804 -0.117888838053
      vertex 0.0211135838181 -0.185579001904 -0.118880242109
      vertex 0.0196041893214 -0.186016857624 -0.120239883661
    endloop
  endfacet
  facet normal -0.58049851656 0.419741034508 -0.697738468647
    outer loop
      vertex 0.0681053847075 -0.160941839218 -0.0948454365134
      vertex 0.0668720975518 -0.161831691861 -0.0950718522072
      vertex 0.0672488212585 -0.162278905511 -0.0938074365258
    endloop
  endfacet
  facet normal -0.58049851656 0.41974195838 -0.697737872601
    outer loop
      vertex 0.0327755473554 -0.186410710216 -0.101369276643
      vertex 0.0346209108829 -0.18582315743 -0.0997938364744
      vertex 0.0346379540861 -0.18424770236 -0.102389156818
    endloop
  endfacet
  facet normal -0.580499768257 0.419739127159 -0.697738587856
    outer loop
      vertex 0.0628361031413 -0.137365356088 -0.141324177384
      vertex 0.0610500052571 -0.138609364629 -0.141726434231
      vertex 0.061190944165 -0.139502480626 -0.140046879649
    endloop
  endfacet
  facet normal -0.580498695374 0.419740647078 -0.697738528252
    outer loop
      vertex 0.0270598959178 -0.184458598495 -0.112518996
      vertex 0.0272109191865 -0.182795763016 -0.115074262023
      vertex 0.025557031855 -0.184872493148 -0.11390940845
    endloop
  endfacet
  facet normal -0.580497920513 0.419741362333 -0.69773876667
    outer loop
      vertex 0.0629267096519 -0.145995736122 -0.126852542162
      vertex 0.0646907314658 -0.144504755735 -0.126891374588
      vertex 0.0628487244248 -0.144981995225 -0.128645524383
    endloop
  endfacet
  facet normal -0.580499529839 0.419739425182 -0.697738587856
    outer loop
      vertex 0.0647717267275 -0.147282496095 -0.122161909938
      vertex 0.065464258194 -0.148280158639 -0.119545690715
      vertex 0.0667767450213 -0.146615311503 -0.120498031378
    endloop
  endfacet
  facet normal -0.580499589443 0.419738888741 -0.697738826275
    outer loop
      vertex 0.0704689323902 -0.14716231823 -0.114482462406
      vertex 0.0687433257699 -0.147936716676 -0.115581683815
      vertex 0.0684796720743 -0.149178639054 -0.113881833851
    endloop
  endfacet
  facet normal -0.58049851656 0.419740498066 -0.69773876667
    outer loop
      vertex 0.0634688064456 -0.1480704844 -0.122653968632
      vertex 0.0637583211064 -0.148806601763 -0.121029913425
      vertex 0.0647717267275 -0.147282496095 -0.122161909938
    endloop
  endfacet
  facet normal -0.580498874187 0.419740080833 -0.697738707066
    outer loop
      vertex 0.0285778362304 -0.184282869101 -0.110711783171
      vertex 0.0270598959178 -0.184458598495 -0.112518996
      vertex 0.0270193982869 -0.186085879803 -0.109869942069
    endloop
  endfacet
  facet normal -0.580499589443 0.419741272926 -0.697737395763
    outer loop
      vertex 0.056159157306 -0.138437271118 -0.148776531219
      vertex 0.0551082715392 -0.138940423727 -0.149393483996
      vertex 0.0562811382115 -0.139355883002 -0.147080823779
    endloop
  endfacet
  facet normal -0.580499231815 0.419740438461 -0.697738230228
    outer loop
      vertex 0.0341147147119 -0.186866551638 -0.098759457469
      vertex 0.0346209108829 -0.18582315743 -0.0997938364744
      vertex 0.0330383405089 -0.187306761742 -0.0995163246989
    endloop
  endfacet
  facet normal -0.580499351025 0.419740408659 -0.697738111019
    outer loop
      vertex 0.0544670298696 -0.164182379842 -0.108320407569
      vertex 0.0534687899053 -0.165195181966 -0.108017392457
      vertex 0.0552397742867 -0.16423548758 -0.10716342926
    endloop
  endfacet
  facet normal -0.580498039722 0.419741392136 -0.697738647461
    outer loop
      vertex 0.0526017472148 -0.144185066223 -0.14414177835
      vertex 0.0551423579454 -0.142740055919 -0.143030181527
      vertex 0.0545167438686 -0.141686201096 -0.145647242665
    endloop
  endfacet
  facet normal -0.580498933792 0.419741421938 -0.697737872601
    outer loop
      vertex 0.0647717267275 -0.147282496095 -0.122161909938
      vertex 0.0669268667698 -0.14515671134 -0.122715055943
      vertex 0.064280115068 -0.146184980869 -0.124666213989
    endloop
  endfacet
  facet normal -0.580498874187 0.419740259647 -0.697738647461
    outer loop
      vertex 0.0180540885776 -0.17018212378 -0.148705869913
      vertex 0.0157925244421 -0.171260550618 -0.150040924549
      vertex 0.0166600048542 -0.171882927418 -0.147806599736
    endloop
  endfacet
  facet normal -0.580498635769 0.419740319252 -0.69773876667
    outer loop
      vertex 0.0328791104257 -0.182566225529 -0.107616752386
      vertex 0.0352754704654 -0.181234017015 -0.106517143548
      vertex 0.0342799723148 -0.181000158191 -0.108282655478
    endloop
  endfacet
  facet normal -0.580499887466 0.419740080833 -0.697737872601
    outer loop
      vertex 0.0638408437371 -0.149285122752 -0.120120324194
      vertex 0.065464258194 -0.148280158639 -0.119545690715
      vertex 0.0637583211064 -0.148806601763 -0.121029913425
    endloop
  endfacet
  facet normal -0.580500006676 0.419740468264 -0.697737514973
    outer loop
      vertex 0.0594968013465 -0.145259365439 -0.132820159197
      vertex 0.0604224689305 -0.142779156566 -0.135662823915
      vertex 0.0586329512298 -0.14445912838 -0.135345101357
    endloop
  endfacet
  facet normal -0.580496668816 0.419741243124 -0.697739899158
    outer loop
      vertex 0.0637458115816 -0.166768476367 -0.091189019382
      vertex 0.0630705654621 -0.16617693007 -0.0931062251329
      vertex 0.0635440275073 -0.166994944215 -0.0910916253924
    endloop
  endfacet
  facet normal -0.580497086048 0.419739633799 -0.697740495205
    outer loop
      vertex 0.068771392107 -0.136302992702 -0.134881705046
      vertex 0.0674309134483 -0.137066930532 -0.135465681553
      vertex 0.0692215636373 -0.136529415846 -0.133882731199
    endloop
  endfacet
  facet normal -0.580499529839 0.419740319252 -0.697738051414
    outer loop
      vertex 0.0229985546321 -0.161442071199 -0.156396344304
      vertex 0.0222376938909 -0.163337558508 -0.154297739267
      vertex 0.0242684148252 -0.162479907274 -0.152914956212
    endloop
  endfacet
  facet normal -0.58049851656 0.419739305973 -0.697739481926
    outer loop
      vertex 0.0316899232566 -0.180539548397 -0.112630352378
      vertex 0.031372603029 -0.18132930994 -0.111756369472
      vertex 0.0324568860233 -0.180178761482 -0.112169399858
    endloop
  endfacet
  facet normal -0.580497801304 0.41974183917 -0.697738528252
    outer loop
      vertex 0.0725134089589 -0.146838575602 -0.112193129957
      vertex 0.0704689323902 -0.14716231823 -0.114482462406
      vertex 0.0705348998308 -0.148554012179 -0.11207780242
    endloop
  endfacet
  facet normal -0.580497384071 0.419742107391 -0.697738707066
    outer loop
      vertex 0.0539962872863 -0.144822895527 -0.141152888536
      vertex 0.0526017472148 -0.144185066223 -0.14414177835
      vertex 0.0518527589738 -0.146549522877 -0.141247168183
    endloop
  endfacet
  facet normal -0.580498099327 0.419740855694 -0.697738945484
    outer loop
      vertex 0.0629267096519 -0.145995736122 -0.126852542162
      vertex 0.064280115068 -0.146184980869 -0.124666213989
      vertex 0.0646907314658 -0.144504755735 -0.126891374588
    endloop
  endfacet
  facet normal -0.580498874187 0.419740229845 -0.697738587856
    outer loop
      vertex 0.0332079194486 -0.180790543556 -0.110113747418
      vertex 0.0355587564409 -0.179370865226 -0.109222486615
      vertex 0.0342614911497 -0.17929443717 -0.111143663526
    endloop
  endfacet
  facet normal -0.580500304699 0.419740319252 -0.697737395763
    outer loop
      vertex 0.0623578429222 -0.146722450852 -0.126431271434
      vertex 0.0624879002571 -0.14683637023 -0.126062005758
      vertex 0.0629267096519 -0.145995736122 -0.126852542162
    endloop
  endfacet
  facet normal -0.58049839735 0.419741988182 -0.69773799181
    outer loop
      vertex 0.0606967322528 -0.141115501523 -0.138049036264
      vertex 0.0593860894442 -0.141066029668 -0.139943867922
      vertex 0.0585619695485 -0.142877355218 -0.138072654605
    endloop
  endfacet
  facet normal -0.580498933792 0.419740915298 -0.697738170624
    outer loop
      vertex 0.0678892880678 -0.140690147877 -0.12880885601
      vertex 0.0681998729706 -0.138891875744 -0.131368592381
      vertex 0.0659046173096 -0.140875071287 -0.131246238947
    endloop
  endfacet
  facet normal -0.580499172211 0.419740647078 -0.697738170624
    outer loop
      vertex 0.0586592517793 -0.137328177691 -0.147162556648
      vertex 0.056746467948 -0.138155117631 -0.148433312774
      vertex 0.0562811382115 -0.139355883002 -0.147080823779
    endloop
  endfacet
  facet normal -0.580498695374 0.419740110636 -0.69773888588
    outer loop
      vertex 0.0342614911497 -0.17929443717 -0.111143663526
      vertex 0.0355587564409 -0.179370865226 -0.109222486615
      vertex 0.0356551036239 -0.178521513939 -0.110501125455
    endloop
  endfacet
  facet normal -0.580498754978 0.419739335775 -0.697739303112
    outer loop
      vertex 0.0672400295734 -0.148510381579 -0.116707116365
      vertex 0.0684796720743 -0.149178639054 -0.113881833851
      vertex 0.0687433257699 -0.147936716676 -0.115581683815
    endloop
  endfacet
  facet normal -0.580495595932 0.419741630554 -0.69774055481
    outer loop
      vertex 0.0727821290493 -0.145537152886 -0.113984845579
      vertex 0.0738086476922 -0.144559025764 -0.114191152155
      vertex 0.0736851096153 -0.143755048513 -0.115698441863
    endloop
  endfacet
  facet normal -0.580500006676 0.41973978281 -0.697737932205
    outer loop
      vertex 0.0678892880678 -0.140690147877 -0.12880885601
      vertex 0.06675735116 -0.142617478967 -0.127170503139
      vertex 0.0688487067819 -0.141324386001 -0.126427665353
    endloop
  endfacet
  facet normal -0.580498874187 0.419739484787 -0.697739124298
    outer loop
      vertex 0.0693810805678 -0.143783763051 -0.121603153646
      vertex 0.0710728317499 -0.141793638468 -0.12257167697
      vertex 0.068560294807 -0.142855361104 -0.124281592667
    endloop
  endfacet
  facet normal -0.580499529839 0.419741153717 -0.697737514973
    outer loop
      vertex 0.0379863865674 -0.152535825968 -0.150473192334
      vertex 0.0369406491518 -0.151890426874 -0.15299230814
      vertex 0.0362335965037 -0.153641417623 -0.15105946362
    endloop
  endfacet
  facet normal -0.580497860909 0.419741868973 -0.697738468647
    outer loop
      vertex 0.0654576048255 -0.160428449512 -0.0993606969714
      vertex 0.0678730607033 -0.159525707364 -0.097520776093
      vertex 0.067345418036 -0.159085437655 -0.0989823639393
    endloop
  endfacet
  facet normal -0.580498158932 0.419741660357 -0.697738349438
    outer loop
      vertex 0.0684796720743 -0.149178639054 -0.113881833851
      vertex 0.0691024959087 -0.150252521038 -0.111235365272
      vertex 0.0705348998308 -0.148554012179 -0.11207780242
    endloop
  endfacet
  facet normal -0.580498158932 0.419741630554 -0.697738409042
    outer loop
      vertex 0.06675735116 -0.142617478967 -0.127170503139
      vertex 0.0678892880678 -0.140690147877 -0.12880885601
      vertex 0.0663652792573 -0.141734391451 -0.129180699587
    endloop
  endfacet
  facet normal -0.58049839735 0.419739514589 -0.697739481926
    outer loop
      vertex 0.059382211417 -0.139720886946 -0.142185300589
      vertex 0.061190944165 -0.139502480626 -0.140046879649
      vertex 0.0610500052571 -0.138609364629 -0.141726434231
    endloop
  endfacet
  facet normal -0.580498874187 0.419740915298 -0.697738230228
    outer loop
      vertex 0.0401886329055 -0.179381117225 -0.102802351117
      vertex 0.0388217419386 -0.179301530123 -0.104825057089
      vertex 0.038048338145 -0.180986642838 -0.103093490005
    endloop
  endfacet
  facet normal -0.58049851656 0.419740974903 -0.697738468647
    outer loop
      vertex 0.0668720975518 -0.161831691861 -0.0950718522072
      vertex 0.0684667229652 -0.160326212645 -0.0953690707684
      vertex 0.0661090761423 -0.161348715425 -0.0969299525023
    endloop
  endfacet
  facet normal -0.580498576164 0.41974067688 -0.697738647461
    outer loop
      vertex 0.0628576874733 -0.16184553504 -0.100600749254
      vertex 0.064305819571 -0.160092011094 -0.101512879133
      vertex 0.0624023601413 -0.16055777669 -0.103371113539
    endloop
  endfacet
  facet normal -0.580498933792 0.419741243124 -0.697737932205
    outer loop
      vertex 0.0468958802521 -0.146255016327 -0.148592054844
      vertex 0.0490237623453 -0.144287005067 -0.148920655251
      vertex 0.0462885163724 -0.14511115849 -0.151333495975
    endloop
  endfacet
  facet normal -0.580498635769 0.419740408659 -0.697738707066
    outer loop
      vertex 0.0291452649981 -0.185005113482 -0.108726456761
      vertex 0.0285778362304 -0.184282869101 -0.110711783171
      vertex 0.0270193982869 -0.186085879803 -0.109869942069
    endloop
  endfacet
  facet normal -0.580498218536 0.41974067688 -0.69773888588
    outer loop
      vertex 0.0619750656188 -0.168015196919 -0.0915655344725
      vertex 0.060920484364 -0.1675273031 -0.0938350409269
      vertex 0.0605204924941 -0.168661013246 -0.092503644526
    endloop
  endfacet
  facet normal -0.580498337746 0.419740587473 -0.697738826275
    outer loop
      vertex 0.0359918698668 -0.182207584381 -0.103907994926
      vertex 0.0352754704654 -0.181234017015 -0.106517143548
      vertex 0.0338552817702 -0.183280467987 -0.105079427361
    endloop
  endfacet
  facet normal -0.580499053001 0.41973990202 -0.697738707066
    outer loop
      vertex 0.0414882302284 -0.175939530134 -0.106726013124
      vertex 0.0427761971951 -0.174592152238 -0.107184521854
      vertex 0.0419581308961 -0.174605607986 -0.108293525875
    endloop
  endfacet
  facet normal -0.58049929142 0.419742405415 -0.697736978531
    outer loop
      vertex 0.0250331871212 -0.189862713218 -0.106338612735
      vertex 0.0256635975093 -0.189646571875 -0.105826050043
      vertex 0.0267875902355 -0.188648045063 -0.105931416154
    endloop
  endfacet
  facet normal -0.580499351025 0.419740498066 -0.697738051414
    outer loop
      vertex 0.0535533502698 -0.166354894638 -0.105972655118
      vertex 0.0552397742867 -0.16423548758 -0.10716342926
      vertex 0.0534687899053 -0.165195181966 -0.108017392457
    endloop
  endfacet
  facet normal -0.58049839735 0.419741004705 -0.697738528252
    outer loop
      vertex 0.0201306603849 -0.186993166804 -0.117888838053
      vertex 0.0227698050439 -0.184824258089 -0.117844320834
      vertex 0.0211135838181 -0.185579001904 -0.118880242109
    endloop
  endfacet
  facet normal -0.580498695374 0.419741928577 -0.697737753391
    outer loop
      vertex 0.0346379540861 -0.18424770236 -0.102389156818
      vertex 0.0346209108829 -0.18582315743 -0.0997938364744
      vertex 0.0357881039381 -0.184341982007 -0.100641772151
    endloop
  endfacet
  facet normal -0.580498099327 0.419741004705 -0.697738826275
    outer loop
      vertex 0.0659046173096 -0.140875071287 -0.131246238947
      vertex 0.0666482150555 -0.138836756349 -0.133606150746
      vertex 0.0643760040402 -0.140399470925 -0.134150892496
    endloop
  endfacet
  facet normal -0.580500006676 0.419740080833 -0.697737753391
    outer loop
      vertex 0.0182920619845 -0.189192935824 -0.116774916649
      vertex 0.0186829864979 -0.189960464835 -0.114958412945
      vertex 0.0200101286173 -0.188370242715 -0.115766406059
    endloop
  endfacet
  facet normal -0.580498576164 0.419740527868 -0.697738707066
    outer loop
      vertex 0.0307991169393 -0.180865123868 -0.113321132958
      vertex 0.0298089850694 -0.181225836277 -0.114090874791
      vertex 0.0293519478291 -0.182433471084 -0.112715467811
    endloop
  endfacet
  facet normal -0.580498814583 0.419740259647 -0.697738647461
    outer loop
      vertex 0.0588234700263 -0.166675046086 -0.0981519147754
      vertex 0.0566733665764 -0.167860209942 -0.0991553813219
      vertex 0.0576372221112 -0.16845023632 -0.096841558814
    endloop
  endfacet
  facet normal -0.580498099327 0.41974106431 -0.69773876667
    outer loop
      vertex 0.0738153830171 -0.146178662777 -0.111489497125
      vertex 0.0725134089589 -0.146838575602 -0.112193129957
      vertex 0.0737206116319 -0.147023588419 -0.11021604389
    endloop
  endfacet
  facet normal -0.580498099327 0.419741392136 -0.697738587856
    outer loop
      vertex 0.0458107627928 -0.178898796439 -0.0958287417889
      vertex 0.0481885299087 -0.178222239017 -0.0936649665236
      vertex 0.0479713454843 -0.176867127419 -0.0962179377675
    endloop
  endfacet
  facet normal -0.580499410629 0.419739544392 -0.697738587856
    outer loop
      vertex 0.0704689323902 -0.14716231823 -0.114482462406
      vertex 0.0713880062103 -0.145348295569 -0.116226859391
      vertex 0.0691463947296 -0.14670830965 -0.117066241801
    endloop
  endfacet
  facet normal -0.580498576164 0.419748187065 -0.697734057903
    outer loop
      vertex 0.0634688064456 -0.1480704844 -0.122653968632
      vertex 0.0647717267275 -0.147282496095 -0.122161909938
      vertex 0.0634358972311 -0.147976666689 -0.12285541743
    endloop
  endfacet
  facet normal -0.58049839735 0.419740527868 -0.697738826275
    outer loop
      vertex 0.0227698050439 -0.184824258089 -0.117844320834
      vertex 0.022090613842 -0.186813756824 -0.115476466715
      vertex 0.0245680194348 -0.184684380889 -0.115589909256
    endloop
  endfacet
  facet normal -0.580498695374 0.419740766287 -0.697738468647
    outer loop
      vertex 0.0624023601413 -0.16055777669 -0.103371113539
      vertex 0.0598773881793 -0.162436813116 -0.103739596903
      vertex 0.0613762773573 -0.162076756358 -0.102265149355
    endloop
  endfacet
  facet normal -0.580498814583 0.419740617275 -0.697738409042
    outer loop
      vertex 0.059382211417 -0.139720886946 -0.142185300589
      vertex 0.0568146407604 -0.140760019422 -0.144008859992
      vertex 0.0572458580136 -0.14215618372 -0.141091629863
    endloop
  endfacet
  facet normal -0.58049762249 0.419742465019 -0.697738289833
    outer loop
      vertex 0.0389137715101 -0.18378816545 -0.0972396060824
      vertex 0.0376071669161 -0.185329884291 -0.0964838415384
      vertex 0.0380394756794 -0.185144409537 -0.0961942598224
    endloop
  endfacet
  facet normal -0.580498933792 0.419740021229 -0.697738707066
    outer loop
      vertex 0.0225627422333 -0.164350941777 -0.152163639665
      vertex 0.0199384391308 -0.165108382702 -0.154533952475
      vertex 0.0205780286342 -0.166563853621 -0.151229932904
    endloop
  endfacet
  facet normal -0.58049851656 0.419739812613 -0.697739183903
    outer loop
      vertex 0.059382211417 -0.139720886946 -0.142185300589
      vertex 0.058707728982 -0.13865481317 -0.144890233874
      vertex 0.0568146407604 -0.140760019422 -0.144008859992
    endloop
  endfacet
  facet normal -0.580497920513 0.419741630554 -0.697738587856
    outer loop
      vertex 0.0654576048255 -0.160428449512 -0.0993606969714
      vertex 0.067345418036 -0.159085437655 -0.0989823639393
      vertex 0.0665421411395 -0.158504366875 -0.10105920583
    endloop
  endfacet
  facet normal -0.580497443676 0.419740796089 -0.697739481926
    outer loop
      vertex 0.0628361031413 -0.137365356088 -0.141324177384
      vertex 0.0646864026785 -0.13700440526 -0.139365255833
      vertex 0.0646636784077 -0.135773450136 -0.141442924738
    endloop
  endfacet
  facet normal -0.580498814583 0.419740378857 -0.697738587856
    outer loop
      vertex 0.0292277950794 -0.181371003389 -0.114653326571
      vertex 0.0293519478291 -0.182433471084 -0.112715467811
      vertex 0.0298089850694 -0.181225836277 -0.114090874791
    endloop
  endfacet
  facet normal -0.580498695374 0.41974028945 -0.69773876667
    outer loop
      vertex 0.050876006484 -0.170086294413 -0.103472642601
      vertex 0.0517350398004 -0.168024510145 -0.105711944401
      vertex 0.0498103387654 -0.16929616034 -0.106259897351
    endloop
  endfacet
  facet normal -0.580499231815 0.419741362333 -0.697737634182
    outer loop
      vertex 0.0369406491518 -0.151890426874 -0.15299230814
      vertex 0.0349253080785 -0.153582066298 -0.152967482805
      vertex 0.0362335965037 -0.153641417623 -0.15105946362
    endloop
  endfacet
  facet normal -0.580498993397 0.419740229845 -0.697738528252
    outer loop
      vertex 0.0692215636373 -0.136529415846 -0.133882731199
      vertex 0.0666482150555 -0.138836756349 -0.133606150746
      vertex 0.0681998729706 -0.138891875744 -0.131368592381
    endloop
  endfacet
  facet normal -0.580702900887 0.420080691576 -0.697363853455
    outer loop
      vertex 0.0608976185322 -0.136534914374 -0.145385563374
      vertex 0.06059904024 -0.13661827147 -0.145659938455
      vertex 0.0605145469308 -0.13664445281 -0.145733267069
    endloop
  endfacet
  facet normal -0.580498754978 0.419740319252 -0.697738647461
    outer loop
      vertex 0.0436254814267 -0.173428028822 -0.107945099473
      vertex 0.0420227982104 -0.174561575055 -0.10827729851
      vertex 0.0427761971951 -0.174592152238 -0.107184521854
    endloop
  endfacet
  facet normal -0.580498874187 0.419741153717 -0.697738051414
    outer loop
      vertex 0.0645761787891 -0.158677667379 -0.103490054607
      vertex 0.0624023601413 -0.16055777669 -0.103371113539
      vertex 0.064305819571 -0.160092011094 -0.101512879133
    endloop
  endfacet
  facet normal -0.580499410629 0.419740706682 -0.697737872601
    outer loop
      vertex 0.0299789533019 -0.185582816601 -0.106613136828
      vertex 0.0291452649981 -0.185005113482 -0.108726456761
      vertex 0.0279235485941 -0.18684849143 -0.107351817191
    endloop
  endfacet
  facet normal -0.580498337746 0.41974106431 -0.697738587856
    outer loop
      vertex 0.0210827048868 -0.181222066283 -0.126165509224
      vertex 0.0225906874985 -0.179585859179 -0.126799851656
      vertex 0.0210473388433 -0.179963752627 -0.128306120634
    endloop
  endfacet
  facet normal -0.580498874187 0.419739991426 -0.69773876667
    outer loop
      vertex 0.0355587564409 -0.179370865226 -0.109222486615
      vertex 0.0332079194486 -0.180790543556 -0.110113747418
      vertex 0.0342799723148 -0.181000158191 -0.108282655478
    endloop
  endfacet
  facet normal -0.580498993397 0.419740408659 -0.697738409042
    outer loop
      vertex 0.030784798786 -0.182967677712 -0.10984583199
      vertex 0.0291452649981 -0.185005113482 -0.108726456761
      vertex 0.0309505499899 -0.184090852737 -0.107749551535
    endloop
  endfacet
  facet normal -0.580498337746 0.419741034508 -0.697738587856
    outer loop
      vertex 0.0598013959825 -0.167187646031 -0.0959473401308
      vertex 0.060920484364 -0.1675273031 -0.0938350409269
      vertex 0.0616959519684 -0.166072040796 -0.0951816663146
    endloop
  endfacet
  facet normal -0.580498933792 0.419740259647 -0.697738528252
    outer loop
      vertex 0.0594968013465 -0.145259365439 -0.132820159197
      vertex 0.0619971305132 -0.144319161773 -0.130925133824
      vertex 0.0621515437961 -0.142549097538 -0.133653968573
    endloop
  endfacet
  facet normal -0.580498039722 0.419741213322 -0.69773876667
    outer loop
      vertex 0.0566733665764 -0.167860209942 -0.0991553813219
      vertex 0.0547466948628 -0.168993771076 -0.099935606122
      vertex 0.0554824471474 -0.169633045793 -0.0978554189205
    endloop
  endfacet
  facet normal -0.580498158932 0.419740110636 -0.697739303112
    outer loop
      vertex 0.0532192178071 -0.168015658855 -0.103674046695
      vertex 0.0535533502698 -0.166354894638 -0.105972655118
      vertex 0.0517350398004 -0.168024510145 -0.105711944401
    endloop
  endfacet
  facet normal -0.580498814583 0.419740408659 -0.697738587856
    outer loop
      vertex 0.0581560134888 -0.164741009474 -0.102289959788
      vertex 0.0575792491436 -0.166279524565 -0.100530140102
      vertex 0.0597354769707 -0.165023237467 -0.099636413157
    endloop
  endfacet
  facet normal -0.58049851656 0.419740200043 -0.697738945484
    outer loop
      vertex 0.0253560915589 -0.186192706227 -0.111992709339
      vertex 0.0270193982869 -0.186085879803 -0.109869942069
      vertex 0.0270598959178 -0.184458598495 -0.112518996
    endloop
  endfacet
  facet normal -0.580499410629 0.419740974903 -0.697737753391
    outer loop
      vertex 0.0237108822912 -0.189142599702 -0.109364390373
      vertex 0.0242054797709 -0.190126702189 -0.107044503093
      vertex 0.0256844554096 -0.18831166625 -0.108016237617
    endloop
  endfacet
  facet normal -0.580499172211 0.419740587473 -0.697738170624
    outer loop
      vertex 0.0205154959112 -0.189105346799 -0.113845527172
      vertex 0.0218616388738 -0.189307942986 -0.111647024751
      vertex 0.0224973410368 -0.187750503421 -0.113356798887
    endloop
  endfacet
  facet normal -0.58049851656 0.419740498066 -0.69773876667
    outer loop
      vertex 0.039240013808 -0.177419006824 -0.107375927269
      vertex 0.0386111140251 -0.176826328039 -0.109230905771
      vertex 0.0371084213257 -0.177714779973 -0.109832234681
    endloop
  endfacet
  facet normal -0.580498874187 0.419740080833 -0.69773876667
    outer loop
      vertex 0.0285778362304 -0.184282869101 -0.110711783171
      vertex 0.0293519478291 -0.182433471084 -0.112715467811
      vertex 0.0270598959178 -0.184458598495 -0.112518996
    endloop
  endfacet
  facet normal -0.580498158932 0.419741690159 -0.697738289833
    outer loop
      vertex 0.0684796720743 -0.149178639054 -0.113881833851
      vertex 0.0705348998308 -0.148554012179 -0.11207780242
      vertex 0.0704689323902 -0.14716231823 -0.114482462406
    endloop
  endfacet
  facet normal -0.580498993397 0.419740229845 -0.697738528252
    outer loop
      vertex 0.0685379207134 -0.145524486899 -0.119875624776
      vertex 0.0667767450213 -0.146615311503 -0.120498031378
      vertex 0.0674305334687 -0.147066622972 -0.118843622506
    endloop
  endfacet
  facet normal -0.580499351025 0.41974157095 -0.697737395763
    outer loop
      vertex 0.0539962872863 -0.144822895527 -0.141152888536
      vertex 0.0559261888266 -0.144344076514 -0.139279782772
      vertex 0.0556662641466 -0.143383875489 -0.141235411167
    endloop
  endfacet
  facet normal -0.580499112606 0.419742196798 -0.697737276554
    outer loop
      vertex 0.0509838610888 -0.178139686584 -0.0899362638593
      vertex 0.0505023039877 -0.177541807294 -0.0915961042047
      vertex 0.0505947507918 -0.178417772055 -0.0900121405721
    endloop
  endfacet
  facet normal -0.58049929142 0.41973900795 -0.697739064693
    outer loop
      vertex 0.0479888580739 -0.170045256615 -0.107533782721
      vertex 0.0498103387654 -0.16929616034 -0.106259897351
      vertex 0.04923953861 -0.16900254786 -0.107537411153
    endloop
  endfacet
  facet normal -0.58049839735 0.419741928577 -0.69773799181
    outer loop
      vertex 0.0692215636373 -0.136529415846 -0.133882731199
      vertex 0.0674309134483 -0.137066930532 -0.135465681553
      vertex 0.0666482150555 -0.138836756349 -0.133606150746
    endloop
  endfacet
  facet normal -0.580499053001 0.419740647078 -0.697738230228
    outer loop
      vertex 0.0481885299087 -0.178222239017 -0.0936649665236
      vertex 0.0505023039877 -0.177541807294 -0.0915961042047
      vertex 0.0501190871 -0.176142394543 -0.0944523513317
    endloop
  endfacet
  facet normal -0.580498039722 0.419741392136 -0.697738647461
    outer loop
      vertex 0.0202606990933 -0.168384075165 -0.148643031716
      vertex 0.0218761134893 -0.166726350784 -0.149164587259
      vertex 0.0205780286342 -0.166563853621 -0.151229932904
    endloop
  endfacet
  facet normal -0.580500721931 0.419740378857 -0.697737038136
    outer loop
      vertex 0.0611042827368 -0.13747279346 -0.143540710211
      vertex 0.0608976185322 -0.136534914374 -0.145385563374
      vertex 0.0605145469308 -0.13664445281 -0.145733267069
    endloop
  endfacet
  facet normal -0.580510795116 0.419748753309 -0.697723567486
    outer loop
      vertex 0.0419860370457 -0.174587398767 -0.108285211027
      vertex 0.0419581308961 -0.174605607986 -0.108293525875
      vertex 0.0427761971951 -0.174592152238 -0.107184521854
    endloop
  endfacet
  facet normal -0.580498695374 0.419741719961 -0.697737872601
    outer loop
      vertex 0.0310142040253 -0.157581925392 -0.151727512479
      vertex 0.0331914015114 -0.156604081392 -0.150341957808
      vertex 0.0325370542705 -0.155913412571 -0.152395009995
    endloop
  endfacet
  facet normal -0.580498695374 0.419740706682 -0.697738468647
    outer loop
      vertex 0.0205396451056 -0.176018878818 -0.13556586206
      vertex 0.0220662299544 -0.175173670053 -0.134859621525
      vertex 0.0217169318348 -0.174533203244 -0.136407345533
    endloop
  endfacet
  facet normal -0.580498933792 0.41974157095 -0.697737753391
    outer loop
      vertex 0.0631023719907 -0.135980278254 -0.14325837791
      vertex 0.0624749660492 -0.136096119881 -0.143933519721
      vertex 0.0611042827368 -0.13747279346 -0.143540710211
    endloop
  endfacet
  facet normal -0.580499649048 0.419739633799 -0.697738289833
    outer loop
      vertex 0.0628361031413 -0.137365356088 -0.141324177384
      vertex 0.0611042827368 -0.13747279346 -0.143540710211
      vertex 0.0610500052571 -0.138609364629 -0.141726434231
    endloop
  endfacet
  facet normal -0.580499053001 0.419741868973 -0.697737455368
    outer loop
      vertex 0.0327755473554 -0.186410710216 -0.101369276643
      vertex 0.0308608971536 -0.187066629529 -0.102926880121
      vertex 0.0313624553382 -0.187928617001 -0.100800335407
    endloop
  endfacet
  facet normal -0.580499708652 0.41973990202 -0.697738170624
    outer loop
      vertex 0.0638884902 -0.142114832997 -0.131973654032
      vertex 0.0643760040402 -0.140399470925 -0.134150892496
      vertex 0.0621515437961 -0.142549097538 -0.133653968573
    endloop
  endfacet
  facet normal -0.580498933792 0.419740438461 -0.697738468647
    outer loop
      vertex 0.0632371157408 -0.158367097378 -0.105858236551
      vertex 0.0635609775782 -0.156676933169 -0.108219914138
      vertex 0.0615219883621 -0.158365756273 -0.108232468367
    endloop
  endfacet
  facet normal -0.580499172211 0.419740915298 -0.69773799181
    outer loop
      vertex 0.0217255968601 -0.190707430243 -0.109508819878
      vertex 0.0230764262378 -0.190455466509 -0.108059458435
      vertex 0.0237108822912 -0.189142599702 -0.109364390373
    endloop
  endfacet
  facet normal -0.58049929142 0.419741302729 -0.697737634182
    outer loop
      vertex 0.0590044036508 -0.169071018696 -0.0939188227057
      vertex 0.0607149526477 -0.169976636767 -0.0900477319956
      vertex 0.0605204924941 -0.168661013246 -0.092503644526
    endloop
  endfacet
  facet normal -0.580499172211 0.419741392136 -0.697737693787
    outer loop
      vertex 0.0572458580136 -0.14215618372 -0.141091629863
      vertex 0.0585619695485 -0.142877355218 -0.138072654605
      vertex 0.0593860894442 -0.141066029668 -0.139943867922
    endloop
  endfacet
  facet normal -0.580498635769 0.41974028945 -0.69773876667
    outer loop
      vertex 0.0659046173096 -0.140875071287 -0.131246238947
      vertex 0.0646720528603 -0.142985314131 -0.129442989826
      vertex 0.0663652792573 -0.141734391451 -0.129180699587
    endloop
  endfacet
  facet normal -0.580498754978 0.419739603996 -0.697739124298
    outer loop
      vertex 0.0604337975383 -0.160507917404 -0.106176503003
      vertex 0.0577122345567 -0.161950349808 -0.107542648911
      vertex 0.0588933080435 -0.16211502254 -0.105635493994
    endloop
  endfacet
  facet normal -0.580498576164 0.419742107391 -0.697737753391
    outer loop
      vertex 0.0606967322528 -0.141115501523 -0.138049036264
      vertex 0.061190944165 -0.139502480626 -0.140046879649
      vertex 0.0593860894442 -0.141066029668 -0.139943867922
    endloop
  endfacet
  facet normal -0.580497741699 0.419740766287 -0.697739243507
    outer loop
      vertex 0.0695198178291 -0.152455836535 -0.106995627284
      vertex 0.0686944425106 -0.153870388865 -0.105785697699
      vertex 0.0704780295491 -0.153394520283 -0.104110039771
    endloop
  endfacet
  facet normal -0.580498576164 0.419742196798 -0.697737693787
    outer loop
      vertex 0.0504893437028 -0.147105649114 -0.142208322883
      vertex 0.0503683574498 -0.146313279867 -0.143692791462
      vertex 0.0493195615709 -0.147596687078 -0.143009886146
    endloop
  endfacet
  facet normal -0.580497086048 0.419739574194 -0.697740495205
    outer loop
      vertex 0.068771392107 -0.136302992702 -0.134881705046
      vertex 0.0679763033986 -0.136024564505 -0.1364441365
      vertex 0.0674309134483 -0.137066930532 -0.135465681553
    endloop
  endfacet
  facet normal -0.580498576164 0.419739574194 -0.697739303112
    outer loop
      vertex 0.0678892880678 -0.140690147877 -0.12880885601
      vertex 0.0688487067819 -0.141324386001 -0.126427665353
      vertex 0.0702264085412 -0.139752566814 -0.127135187387
    endloop
  endfacet
  facet normal -0.580497980118 0.419738829136 -0.697740197182
    outer loop
      vertex 0.0568622723222 -0.145178318024 -0.136598438025
      vertex 0.0576017387211 -0.145108997822 -0.135690957308
      vertex 0.0586329512298 -0.14445912838 -0.135345101357
    endloop
  endfacet
  facet normal -0.580497324467 0.419741302729 -0.697739303112
    outer loop
      vertex 0.0640239715576 -0.138924539089 -0.137089535594
      vertex 0.0643760040402 -0.140399470925 -0.134150892496
      vertex 0.0656631216407 -0.138555854559 -0.1354354918
    endloop
  endfacet
  facet normal -0.580498278141 0.419740349054 -0.697739064693
    outer loop
      vertex 0.0693810805678 -0.143783763051 -0.121603153646
      vertex 0.0714947059751 -0.142982363701 -0.120012201369
      vertex 0.0710728317499 -0.141793638468 -0.12257167697
    endloop
  endfacet
  facet normal -0.58049839735 0.41974106431 -0.697738528252
    outer loop
      vertex 0.0643760040402 -0.140399470925 -0.134150892496
      vertex 0.0640239715576 -0.138924539089 -0.137089535594
      vertex 0.0623600520194 -0.140895560384 -0.136114284396
    endloop
  endfacet
  facet normal -0.580505788326 0.419737607241 -0.697734415531
    outer loop
      vertex 0.0737818777561 -0.146667376161 -0.110723443329
      vertex 0.0738153830171 -0.146178662777 -0.111489497125
      vertex 0.0737206116319 -0.147023588419 -0.11021604389
    endloop
  endfacet
  facet normal -0.580498278141 0.419741272926 -0.697738528252
    outer loop
      vertex 0.0605145469308 -0.13664445281 -0.145733267069
      vertex 0.0586592517793 -0.137328177691 -0.147162556648
      vertex 0.058707728982 -0.13865481317 -0.144890233874
    endloop
  endfacet
  facet normal -0.580499231815 0.419740051031 -0.697738409042
    outer loop
      vertex 0.030784798786 -0.182967677712 -0.10984583199
      vertex 0.031372603029 -0.18132930994 -0.111756369472
      vertex 0.0293519478291 -0.182433471084 -0.112715467811
    endloop
  endfacet
  facet normal -0.580499410629 0.419740736485 -0.697737872601
    outer loop
      vertex 0.0289853960276 -0.187511503696 -0.104781165719
      vertex 0.0299789533019 -0.185582816601 -0.106613136828
      vertex 0.0279235485941 -0.18684849143 -0.107351817191
    endloop
  endfacet
  facet normal -0.580498576164 0.419741362333 -0.697738170624
    outer loop
      vertex 0.0462560392916 -0.180316373706 -0.0928564965725
      vertex 0.048916451633 -0.179539531469 -0.0904685035348
      vertex 0.0481885299087 -0.178222239017 -0.0936649665236
    endloop
  endfacet
  facet normal -0.580498337746 0.419742196798 -0.697737872601
    outer loop
      vertex 0.0505023039877 -0.177541807294 -0.0915961042047
      vertex 0.0509838610888 -0.178139686584 -0.0899362638593
      vertex 0.0527106672525 -0.176883280277 -0.0896366462111
    endloop
  endfacet
  facet normal -0.580498874187 0.419741749763 -0.697737753391
    outer loop
      vertex 0.0621515437961 -0.142549097538 -0.133653968573
      vertex 0.0643760040402 -0.140399470925 -0.134150892496
      vertex 0.0623600520194 -0.140895560384 -0.136114284396
    endloop
  endfacet
  facet normal -0.580524802208 0.419653236866 -0.697769403458
    outer loop
      vertex 0.04923953861 -0.16900254786 -0.107537411153
      vertex 0.0481449738145 -0.169913262129 -0.107537299395
      vertex 0.0479888580739 -0.170045256615 -0.107533782721
    endloop
  endfacet
  facet normal -0.580498695374 0.419741123915 -0.697738230228
    outer loop
      vertex 0.0664864629507 -0.13575078547 -0.138959690928
      vertex 0.0654872879386 -0.135717153549 -0.140397444367
      vertex 0.0646864026785 -0.13700440526 -0.139365255833
    endloop
  endfacet
  facet normal -0.580497503281 0.419741421938 -0.697739064693
    outer loop
      vertex 0.06850515306 -0.155092701316 -0.104015611112
      vertex 0.0701314210892 -0.154604926705 -0.102577343583
      vertex 0.0704780295491 -0.153394520283 -0.104110039771
    endloop
  endfacet
  facet normal -0.580498814583 0.419741392136 -0.69773799181
    outer loop
      vertex 0.0270193982869 -0.186085879803 -0.109869942069
      vertex 0.0279235485941 -0.18684849143 -0.107351817191
      vertex 0.0291452649981 -0.185005113482 -0.108726456761
    endloop
  endfacet
  facet normal -0.580498933792 0.419740647078 -0.697738349438
    outer loop
      vertex 0.0510958172381 -0.171638786793 -0.100587934256
      vertex 0.048711463809 -0.172691375017 -0.102135740221
      vertex 0.0493305660784 -0.17375023663 -0.0995193943381
    endloop
  endfacet
  facet normal -0.580499470234 0.419740706682 -0.697737872601
    outer loop
      vertex 0.0299789533019 -0.185582816601 -0.106613136828
      vertex 0.0289853960276 -0.187511503696 -0.104781165719
      vertex 0.0308606475592 -0.18587231636 -0.104912541807
    endloop
  endfacet
  facet normal -0.580497860909 0.419740527868 -0.697739303112
    outer loop
      vertex 0.0332079194486 -0.180790543556 -0.110113747418
      vertex 0.0324568860233 -0.180178761482 -0.112169399858
      vertex 0.031372603029 -0.18132930994 -0.111756369472
    endloop
  endfacet
  facet normal -0.580499112606 0.419740974903 -0.69773799181
    outer loop
      vertex 0.0518825389445 -0.142710164189 -0.147588193417
      vertex 0.0545167438686 -0.141686201096 -0.145647242665
      vertex 0.0538950972259 -0.14048409462 -0.148505240679
    endloop
  endfacet
  facet normal -0.580498456955 0.419741213322 -0.697738349438
    outer loop
      vertex 0.0299789533019 -0.185582816601 -0.106613136828
      vertex 0.0318487510085 -0.184382766485 -0.106022082269
      vertex 0.0309505499899 -0.184090852737 -0.107749551535
    endloop
  endfacet
  facet normal -0.580482900143 0.419748961926 -0.697746694088
    outer loop
      vertex 0.0733592063189 -0.14875690639 -0.107834540308
      vertex 0.0735908225179 -0.147818118334 -0.109074786305
      vertex 0.0737206116319 -0.147023588419 -0.11021604389
    endloop
  endfacet
  facet normal -0.58049851656 0.419741272926 -0.697738289833
    outer loop
      vertex 0.0510958172381 -0.171638786793 -0.100587934256
      vertex 0.0493305660784 -0.17375023663 -0.0995193943381
      vertex 0.0516768805683 -0.172714009881 -0.0979969650507
    endloop
  endfacet
  facet normal -0.580498039722 0.419740468264 -0.697739124298
    outer loop
      vertex 0.0702264085412 -0.139752566814 -0.127135187387
      vertex 0.0713486596942 -0.138401329517 -0.127829283476
      vertex 0.069736532867 -0.138839587569 -0.129330307245
    endloop
  endfacet
  facet normal -0.580496966839 0.419741272926 -0.697739601135
    outer loop
      vertex 0.0332848466933 -0.15402790904 -0.154495105147
      vertex 0.0325370542705 -0.155913412571 -0.152395009995
      vertex 0.034214489162 -0.155040726066 -0.15152579546
    endloop
  endfacet
  facet normal -0.580497503281 0.419741332531 -0.697739124298
    outer loop
      vertex 0.0687966644764 -0.15628452599 -0.101631298661
      vertex 0.0701314210892 -0.154604926705 -0.102577343583
      vertex 0.06850515306 -0.155092701316 -0.104015611112
    endloop
  endfacet
  facet normal -0.580498158932 0.419741123915 -0.697738707066
    outer loop
      vertex 0.0342614911497 -0.17929443717 -0.111143663526
      vertex 0.0338611230254 -0.179516583681 -0.111328095198
      vertex 0.0332079194486 -0.180790543556 -0.110113747418
    endloop
  endfacet
  facet normal -0.580498754978 0.419741004705 -0.697738289833
    outer loop
      vertex 0.0166600048542 -0.171882927418 -0.147806599736
      vertex 0.0163946188986 -0.172841280699 -0.146580561996
      vertex 0.0181596018374 -0.171603024006 -0.146197959781
    endloop
  endfacet
  facet normal -0.580498993397 0.419741123915 -0.69773799181
    outer loop
      vertex 0.0363925658166 -0.185885593295 -0.0972398668528
      vertex 0.036754515022 -0.184639573097 -0.0988105461001
      vertex 0.0350884497166 -0.186450630426 -0.0981041714549
    endloop
  endfacet
  facet normal -0.580499589443 0.419739365578 -0.697738587856
    outer loop
      vertex 0.0532192178071 -0.168015658855 -0.103674046695
      vertex 0.0556118935347 -0.165811643004 -0.104028731585
      vertex 0.0535533502698 -0.166354894638 -0.105972655118
    endloop
  endfacet
  facet normal -0.580498456955 0.419740587473 -0.69773876667
    outer loop
      vertex 0.0227698050439 -0.184824258089 -0.117844320834
      vertex 0.0245680194348 -0.184684380889 -0.115589909256
      vertex 0.0256499703974 -0.182667896152 -0.117445603013
    endloop
  endfacet
  facet normal -0.580498456955 0.41974106431 -0.697738468647
    outer loop
      vertex 0.0530361421406 -0.169514358044 -0.101435936987
      vertex 0.0510958172381 -0.171638786793 -0.100587934256
      vertex 0.0533243976533 -0.170695006847 -0.0990746617317
    endloop
  endfacet
  facet normal -0.580499172211 0.419740378857 -0.697738289833
    outer loop
      vertex 0.0624023601413 -0.16055777669 -0.103371113539
      vertex 0.0645761787891 -0.158677667379 -0.103490054607
      vertex 0.0632371157408 -0.158367097378 -0.105858236551
    endloop
  endfacet
  facet normal -0.580499112606 0.419742017984 -0.697737395763
    outer loop
      vertex 0.0700011253357 -0.150851875544 -0.108996264637
      vertex 0.0676909536123 -0.152446910739 -0.10953977704
      vertex 0.0695198178291 -0.152455836535 -0.106995627284
    endloop
  endfacet
  facet normal -0.580498933792 0.419741004705 -0.697738111019
    outer loop
      vertex 0.0672400295734 -0.148510381579 -0.116707116365
      vertex 0.0674305334687 -0.147066622972 -0.118843622506
      vertex 0.065464258194 -0.148280158639 -0.119545690715
    endloop
  endfacet
  facet normal -0.580498635769 0.419740140438 -0.69773888588
    outer loop
      vertex 0.0363966226578 -0.17812243104 -0.110139012337
      vertex 0.0356551036239 -0.178521513939 -0.110501125455
      vertex 0.0355587564409 -0.179370865226 -0.109222486615
    endloop
  endfacet
  facet normal -0.580499351025 0.419740349054 -0.697738170624
    outer loop
      vertex 0.0303221214563 -0.154713094234 -0.157453536987
      vertex 0.0285040475428 -0.156194105744 -0.157506048679
      vertex 0.0309913028032 -0.155649319291 -0.154971763492
    endloop
  endfacet
  facet normal -0.580499470234 0.419740617275 -0.697737872601
    outer loop
      vertex 0.0653491094708 -0.153567701578 -0.11091542244
      vertex 0.0638461485505 -0.155420839787 -0.109913535416
      vertex 0.0656355395913 -0.154755458236 -0.108544893563
    endloop
  endfacet
  facet normal -0.580498456955 0.419740408659 -0.69773888588
    outer loop
      vertex 0.039240013808 -0.177419006824 -0.107375927269
      vertex 0.0371084213257 -0.177714779973 -0.109832234681
      vertex 0.0371706262231 -0.179361745715 -0.107008449733
    endloop
  endfacet
  facet normal -0.580498695374 0.419740468264 -0.697738647461
    outer loop
      vertex 0.0559025108814 -0.173478662968 -0.0908818542957
      vertex 0.0574712119997 -0.173013553023 -0.0894855186343
      vertex 0.0577579140663 -0.172756999731 -0.0895154774189
    endloop
  endfacet
  facet normal -0.580498635769 0.419739753008 -0.697739124298
    outer loop
      vertex 0.0285040475428 -0.156194105744 -0.157506048679
      vertex 0.0275084413588 -0.157889530063 -0.156064644456
      vertex 0.0291283819824 -0.157619193196 -0.15427364409
    endloop
  endfacet
  facet normal -0.580550551414 0.419705718756 -0.697716414928
    outer loop
      vertex 0.0722922161222 -0.151925235987 -0.104043446481
      vertex 0.0723689347506 -0.151727363467 -0.104266263545
      vertex 0.072497010231 -0.151374042034 -0.104676485062
    endloop
  endfacet
  facet normal -0.580498814583 0.419740080833 -0.69773876667
    outer loop
      vertex 0.0433611050248 -0.175623655319 -0.104660920799
      vertex 0.0414882302284 -0.175939530134 -0.106726013124
      vertex 0.0408339574933 -0.177698835731 -0.104706354439
    endloop
  endfacet
  facet normal -0.580498456955 0.419740378857 -0.69773888588
    outer loop
      vertex 0.0530361421406 -0.169514358044 -0.101435936987
      vertex 0.0547466948628 -0.168993771076 -0.099935606122
      vertex 0.0553253665566 -0.167564436793 -0.101511321962
    endloop
  endfacet
  facet normal -0.580500841141 0.419741690159 -0.697736084461
    outer loop
      vertex 0.0420227982104 -0.174561575055 -0.10827729851
      vertex 0.0419860370457 -0.174587398767 -0.108285211027
      vertex 0.0427761971951 -0.174592152238 -0.107184521854
    endloop
  endfacet
  facet normal -0.58049839735 0.419741153717 -0.697738468647
    outer loop
      vertex 0.0549672842026 -0.172375947237 -0.094008333981
      vertex 0.0523922778666 -0.173872634768 -0.0950815975666
      vertex 0.0540013536811 -0.174095094204 -0.0924864634871
    endloop
  endfacet
  facet normal -0.580498993397 0.419741004705 -0.697738051414
    outer loop
      vertex 0.036754515022 -0.184639573097 -0.0988105461001
      vertex 0.0370439663529 -0.182885810733 -0.101325519383
      vertex 0.0357881039381 -0.184341982007 -0.100641772151
    endloop
  endfacet
  facet normal -0.580499589443 0.419741541147 -0.697737276554
    outer loop
      vertex 0.0572458580136 -0.14215618372 -0.141091629863
      vertex 0.0556662641466 -0.143383875489 -0.141235411167
      vertex 0.0559261888266 -0.144344076514 -0.139279782772
    endloop
  endfacet
  facet normal -0.580498576164 0.419740557671 -0.697738707066
    outer loop
      vertex 0.0359918698668 -0.182207584381 -0.103907994926
      vertex 0.038048338145 -0.180986642838 -0.103093490005
      vertex 0.0370513349771 -0.1806833148 -0.104976572096
    endloop
  endfacet
  facet normal -0.580498814583 0.419741034508 -0.697738170624
    outer loop
      vertex 0.0566733665764 -0.167860209942 -0.0991553813219
      vertex 0.0575792491436 -0.166279524565 -0.100530140102
      vertex 0.0553253665566 -0.167564436793 -0.101511321962
    endloop
  endfacet
  facet normal -0.580499112606 0.419739693403 -0.69773876667
    outer loop
      vertex 0.0433611050248 -0.175623655319 -0.104660920799
      vertex 0.046132043004 -0.173990726471 -0.103543139994
      vertex 0.0449763312936 -0.173219993711 -0.106422707438
    endloop
  endfacet
  facet normal -0.580499887466 0.419740647078 -0.697737574577
    outer loop
      vertex 0.0458107627928 -0.178898796439 -0.0958287417889
      vertex 0.0435019694269 -0.17997866869 -0.0972267389297
      vertex 0.0439610145986 -0.181290179491 -0.0944117233157
    endloop
  endfacet
  facet normal -0.580498695374 0.419740498066 -0.697738647461
    outer loop
      vertex 0.0436254814267 -0.173428028822 -0.107945099473
      vertex 0.0449763312936 -0.173219993711 -0.106422707438
      vertex 0.0448456630111 -0.172501146793 -0.107798367739
    endloop
  endfacet
  facet normal -0.580498874187 0.41974106431 -0.697738111019
    outer loop
      vertex 0.0532192178071 -0.168015658855 -0.103674046695
      vertex 0.0553253665566 -0.167564436793 -0.101511321962
      vertex 0.0556118935347 -0.165811643004 -0.104028731585
    endloop
  endfacet
  facet normal -0.580498814583 0.419740349054 -0.697738587856
    outer loop
      vertex 0.0669268667698 -0.14515671134 -0.122715055943
      vertex 0.068560294807 -0.142855361104 -0.124281592667
      vertex 0.0662477165461 -0.144318670034 -0.125047415495
    endloop
  endfacet
  facet normal -0.580499053001 0.419741034508 -0.69773799181
    outer loop
      vertex 0.0646720528603 -0.142985314131 -0.129442989826
      vertex 0.0638884902 -0.142114832997 -0.131973654032
      vertex 0.0619971305132 -0.144319161773 -0.130925133824
    endloop
  endfacet
  facet normal -0.580498576164 0.419740617275 -0.697738647461
    outer loop
      vertex 0.0651107877493 -0.156521931291 -0.106334194541
      vertex 0.067001350224 -0.155138194561 -0.106019742787
      vertex 0.0656355395913 -0.154755458236 -0.108544893563
    endloop
  endfacet
  facet normal -0.580498695374 0.419740766287 -0.697738468647
    outer loop
      vertex 0.0400207005441 -0.182112976909 -0.0984934195876
      vertex 0.0395269989967 -0.181170552969 -0.100742809474
      vertex 0.0384706482291 -0.182867005467 -0.0993837043643
    endloop
  endfacet
  facet normal -0.580498337746 0.419742405415 -0.697737753391
    outer loop
      vertex 0.0725134089589 -0.146838575602 -0.112193129957
      vertex 0.0727821290493 -0.145537152886 -0.113984845579
      vertex 0.0704689323902 -0.14716231823 -0.114482462406
    endloop
  endfacet
  facet normal -0.58049929142 0.419741809368 -0.697737336159
    outer loop
      vertex 0.0629311427474 -0.147298365831 -0.124681048095
      vertex 0.064280115068 -0.146184980869 -0.124666213989
      vertex 0.0624879002571 -0.14683637023 -0.126062005758
    endloop
  endfacet
  facet normal -0.580498635769 0.419740229845 -0.697738826275
    outer loop
      vertex 0.067001350224 -0.155138194561 -0.106019742787
      vertex 0.0651107877493 -0.156521931291 -0.106334194541
      vertex 0.066457927227 -0.156831458211 -0.103956565261
    endloop
  endfacet
  facet normal -0.58049839735 0.419741183519 -0.697738468647
    outer loop
      vertex 0.0328791104257 -0.182566225529 -0.107616752386
      vertex 0.0309505499899 -0.184090852737 -0.107749551535
      vertex 0.0318487510085 -0.184382766485 -0.106022082269
    endloop
  endfacet
  facet normal -0.580498993397 0.419739931822 -0.697738707066
    outer loop
      vertex 0.0630638152361 -0.164434418082 -0.0960121527314
      vertex 0.0647849440575 -0.164405554533 -0.0936798155308
      vertex 0.0651467218995 -0.162882775068 -0.0957108065486
    endloop
  endfacet
  facet normal -0.580498218536 0.419741392136 -0.697738468647
    outer loop
      vertex 0.0556118935347 -0.165811643004 -0.104028731585
      vertex 0.0553253665566 -0.167564436793 -0.101511321962
      vertex 0.0566224269569 -0.166133001447 -0.1020969823
    endloop
  endfacet
  facet normal -0.580498337746 0.419741779566 -0.697738111019
    outer loop
      vertex 0.0481885299087 -0.178222239017 -0.0936649665236
      vertex 0.0458107627928 -0.178898796439 -0.0958287417889
      vertex 0.0462560392916 -0.180316373706 -0.0928564965725
    endloop
  endfacet
  facet normal -0.580498695374 0.419741392136 -0.697738051414
    outer loop
      vertex 0.0717253163457 -0.153372973204 -0.102420881391
      vertex 0.0701314210892 -0.154604926705 -0.102577343583
      vertex 0.0710830241442 -0.154944211245 -0.100697286427
    endloop
  endfacet
  facet normal -0.580498635769 0.419741094112 -0.697738349438
    outer loop
      vertex 0.0400207005441 -0.182112976909 -0.0984934195876
      vertex 0.0415436625481 -0.182279527187 -0.0961103290319
      vertex 0.0415359288454 -0.180566608906 -0.0989684015512
    endloop
  endfacet
  facet normal -0.580498933792 0.419740349054 -0.697738528252
    outer loop
      vertex 0.0245680194348 -0.184684380889 -0.115589909256
      vertex 0.025557031855 -0.184872493148 -0.11390940845
      vertex 0.0272109191865 -0.182795763016 -0.115074262023
    endloop
  endfacet
  facet normal -0.580498456955 0.419740617275 -0.697738707066
    outer loop
      vertex 0.0635609775782 -0.156676933169 -0.108219914138
      vertex 0.0638461485505 -0.155420839787 -0.109913535416
      vertex 0.0620669685304 -0.156680628657 -0.11027996242
    endloop
  endfacet
  facet normal -0.58049839735 0.419741094112 -0.697738468647
    outer loop
      vertex 0.06850515306 -0.155092701316 -0.104015611112
      vertex 0.066457927227 -0.156831458211 -0.103956565261
      vertex 0.0687966644764 -0.15628452599 -0.101631298661
    endloop
  endfacet
  facet normal -0.580498456955 0.419741153717 -0.697738409042
    outer loop
      vertex 0.042349435389 -0.177770614624 -0.102491125464
      vertex 0.0401886329055 -0.179381117225 -0.102802351117
      vertex 0.0413397923112 -0.179488539696 -0.101031757891
    endloop
  endfacet
  facet normal -0.580498278141 0.419740885496 -0.69773876667
    outer loop
      vertex 0.0449085794389 -0.178310528398 -0.0980543419719
      vertex 0.0464123599231 -0.177319288254 -0.0976223796606
      vertex 0.0456458516419 -0.176826685667 -0.0995013192296
    endloop
  endfacet
  facet normal -0.580499053001 0.419741183519 -0.697737872601
    outer loop
      vertex 0.0237108822912 -0.189142599702 -0.109364390373
      vertex 0.0218616388738 -0.189307942986 -0.111647024751
      vertex 0.0217255968601 -0.190707430243 -0.109508819878
    endloop
  endfacet
  facet normal -0.580499470234 0.419739931822 -0.697738289833
    outer loop
      vertex 0.0559261888266 -0.144344076514 -0.139279782772
      vertex 0.0568622723222 -0.145178318024 -0.136598438025
      vertex 0.0585619695485 -0.142877355218 -0.138072654605
    endloop
  endfacet
  facet normal -0.580484092236 0.419753104448 -0.697743177414
    outer loop
      vertex 0.0695629194379 -0.158285930753 -0.0972446128726
      vertex 0.0697609707713 -0.157896578312 -0.097617931664
      vertex 0.0699609145522 -0.157472625375 -0.0980461463332
    endloop
  endfacet
  facet normal -0.580498933792 0.41974017024 -0.697738647461
    outer loop
      vertex 0.0414882302284 -0.175939530134 -0.106726013124
      vertex 0.0433611050248 -0.175623655319 -0.104660920799
      vertex 0.0427761971951 -0.174592152238 -0.107184521854
    endloop
  endfacet
  facet normal -0.58049839735 0.419739991426 -0.697739183903
    outer loop
      vertex 0.0190179646015 -0.178223788738 -0.134005084634
      vertex 0.0184256825596 -0.177288651466 -0.136378735304
      vertex 0.0171227492392 -0.178594261408 -0.136010333896
    endloop
  endfacet
  facet normal -0.580498933792 0.41974067688 -0.697738349438
    outer loop
      vertex 0.0278904307634 -0.181469008327 -0.116339989007
      vertex 0.0268344860524 -0.181311905384 -0.118061512709
      vertex 0.0256499703974 -0.182667896152 -0.117445603013
    endloop
  endfacet
  facet normal -0.580498754978 0.419740110636 -0.697738826275
    outer loop
      vertex 0.0403177402914 -0.175730213523 -0.108692742884
      vertex 0.0414882302284 -0.175939530134 -0.106726013124
      vertex 0.0419581308961 -0.174605607986 -0.108293525875
    endloop
  endfacet
  facet normal -0.580498814583 0.419740885496 -0.697738289833
    outer loop
      vertex 0.06675735116 -0.142617478967 -0.127170503139
      vertex 0.0662477165461 -0.144318670034 -0.125047415495
      vertex 0.068560294807 -0.142855361104 -0.124281592667
    endloop
  endfacet
  facet normal -0.580498635769 0.419740468264 -0.697738647461
    outer loop
      vertex 0.0436254814267 -0.173428028822 -0.107945099473
      vertex 0.0427761971951 -0.174592152238 -0.107184521854
      vertex 0.0449763312936 -0.173219993711 -0.106422707438
    endloop
  endfacet
  facet normal -0.58049839735 0.419740378857 -0.697738945484
    outer loop
      vertex 0.0594968013465 -0.145259365439 -0.132820159197
      vertex 0.0586329512298 -0.14445912838 -0.135345101357
      vertex 0.0590602606535 -0.145168483257 -0.133574977517
    endloop
  endfacet
  facet normal -0.580498874187 0.419740259647 -0.697738647461
    outer loop
      vertex 0.0190179646015 -0.178223788738 -0.134005084634
      vertex 0.0216229557991 -0.176644653082 -0.133027419448
      vertex 0.0205396451056 -0.176018878818 -0.13556586206
    endloop
  endfacet
  facet normal -0.58049851656 0.419740974903 -0.697738468647
    outer loop
      vertex 0.0681053847075 -0.160941839218 -0.0948454365134
      vertex 0.0684667229652 -0.160326212645 -0.0953690707684
      vertex 0.0668720975518 -0.161831691861 -0.0950718522072
    endloop
  endfacet
  facet normal -0.580499053001 0.419741034508 -0.69773799181
    outer loop
      vertex 0.0324737913907 -0.185169160366 -0.103850409389
      vertex 0.0308606475592 -0.18587231636 -0.104912541807
      vertex 0.0308608971536 -0.187066629529 -0.102926880121
    endloop
  endfacet
  facet normal -0.580498754978 0.41973990202 -0.697738945484
    outer loop
      vertex 0.0479713454843 -0.176867127419 -0.0962179377675
      vertex 0.0464123599231 -0.177319288254 -0.0976223796606
      vertex 0.0458107627928 -0.178898796439 -0.0958287417889
    endloop
  endfacet
  facet normal -0.580498814583 0.419740736485 -0.697738409042
    outer loop
      vertex 0.0574277788401 -0.160971596837 -0.109563030303
      vertex 0.0565681308508 -0.161931410432 -0.109156407416
      vertex 0.0577122345567 -0.161950349808 -0.107542648911
    endloop
  endfacet
  facet normal -0.580498635769 0.419740974903 -0.697738349438
    outer loop
      vertex 0.0662477165461 -0.144318670034 -0.125047415495
      vertex 0.06675735116 -0.142617478967 -0.127170503139
      vertex 0.0646907314658 -0.144504755735 -0.126891374588
    endloop
  endfacet
  facet normal -0.58049851656 0.419741749763 -0.69773799181
    outer loop
      vertex 0.0705348998308 -0.148554012179 -0.11207780242
      vertex 0.0707454010844 -0.149419873953 -0.110347360373
      vertex 0.0721189528704 -0.148324459791 -0.110268674791
    endloop
  endfacet
  facet normal -0.580499112606 0.419740706682 -0.697738111019
    outer loop
      vertex 0.0654576048255 -0.160428449512 -0.0993606969714
      vertex 0.0628576874733 -0.16184553504 -0.100600749254
      vertex 0.0640555769205 -0.162494570017 -0.0978651717305
    endloop
  endfacet
  facet normal -0.580497205257 0.419739753008 -0.697740316391
    outer loop
      vertex 0.0622282847762 -0.139819189906 -0.138085767627
      vertex 0.0629717484117 -0.138534858823 -0.139192536473
      vertex 0.061190944165 -0.139502480626 -0.140046879649
    endloop
  endfacet
  facet normal -0.580498218536 0.419741660357 -0.697738349438
    outer loop
      vertex 0.0669672116637 -0.151364952326 -0.112339258194
      vertex 0.0691024959087 -0.150252521038 -0.111235365272
      vertex 0.0684796720743 -0.149178639054 -0.113881833851
    endloop
  endfacet
  facet normal -0.580498337746 0.419740885496 -0.697738647461
    outer loop
      vertex 0.0476991087198 -0.175726056099 -0.0984912589192
      vertex 0.0456458516419 -0.176826685667 -0.0995013192296
      vertex 0.0464123599231 -0.177319288254 -0.0976223796606
    endloop
  endfacet
  facet normal -0.58049851656 0.419741034508 -0.697738468647
    outer loop
      vertex 0.0598688982427 -0.170816630125 -0.0898214951158
      vertex 0.0607149526477 -0.169976636767 -0.0900477319956
      vertex 0.0590987242758 -0.17153789103 -0.0896876901388
    endloop
  endfacet
  facet normal -0.580498337746 0.419740617275 -0.69773888588
    outer loop
      vertex 0.0456458516419 -0.176826685667 -0.0995013192296
      vertex 0.0476991087198 -0.175726056099 -0.0984912589192
      vertex 0.047052141279 -0.174832686782 -0.100871063769
    endloop
  endfacet
  facet normal -0.580497860909 0.419741183519 -0.69773888588
    outer loop
      vertex 0.0728517621756 -0.141112372279 -0.121243909001
      vertex 0.0714947059751 -0.142982363701 -0.120012201369
      vertex 0.0730909854174 -0.141684681177 -0.119961716235
    endloop
  endfacet
  facet normal -0.580499827862 0.419739753008 -0.697738111019
    outer loop
      vertex 0.0669672116637 -0.151364952326 -0.112339258194
      vertex 0.0684796720743 -0.149178639054 -0.113881833851
      vertex 0.0661411359906 -0.150528684258 -0.114871837199
    endloop
  endfacet
  facet normal -0.580499231815 0.419740438461 -0.697738230228
    outer loop
      vertex 0.0581560134888 -0.164741009474 -0.102289959788
      vertex 0.0606240853667 -0.163352236152 -0.101185202599
      vertex 0.0598773881793 -0.162436813116 -0.103739596903
    endloop
  endfacet
  facet normal -0.580498814583 0.419741094112 -0.697738170624
    outer loop
      vertex 0.0401886329055 -0.179381117225 -0.102802351117
      vertex 0.038048338145 -0.180986642838 -0.103093490005
      vertex 0.0395269989967 -0.181170552969 -0.100742809474
    endloop
  endfacet
  facet normal -0.580498278141 0.419740349054 -0.697739064693
    outer loop
      vertex 0.0245729070157 -0.178764924407 -0.125423118472
      vertex 0.0225906874985 -0.179585859179 -0.126799851656
      vertex 0.0231988001615 -0.180328220129 -0.124724805355
    endloop
  endfacet
  facet normal -0.58049851656 0.419740855694 -0.697738528252
    outer loop
      vertex 0.0628576874733 -0.16184553504 -0.100600749254
      vertex 0.0606240853667 -0.163352236152 -0.101185202599
      vertex 0.0619556084275 -0.163723275065 -0.0987269282341
    endloop
  endfacet
  facet normal -0.580498695374 0.419740200043 -0.697738826275
    outer loop
      vertex 0.0498948581517 -0.174814641476 -0.0969695970416
      vertex 0.0476991087198 -0.175726056099 -0.0984912589192
      vertex 0.0479713454843 -0.176867127419 -0.0962179377675
    endloop
  endfacet
  facet normal -0.580498218536 0.419741660357 -0.697738349438
    outer loop
      vertex 0.0630791410804 -0.167500004172 -0.0908950045705
      vertex 0.0619750656188 -0.168015196919 -0.0915655344725
      vertex 0.0622431598604 -0.168414250016 -0.0905313938856
    endloop
  endfacet
  facet normal -0.58049851656 0.419740110636 -0.697739005089
    outer loop
      vertex 0.022090613842 -0.186813756824 -0.115476466715
      vertex 0.0239845812321 -0.186248078942 -0.113797456026
      vertex 0.0245680194348 -0.184684380889 -0.115589909256
    endloop
  endfacet
  facet normal -0.580498814583 0.419740051031 -0.69773876667
    outer loop
      vertex 0.0552397742867 -0.16423548758 -0.10716342926
      vertex 0.0556118935347 -0.165811643004 -0.104028731585
      vertex 0.0575156025589 -0.163625657558 -0.105029702187
    endloop
  endfacet
  facet normal -0.580500781536 0.419738411903 -0.697738111019
    outer loop
      vertex 0.0272109191865 -0.182795763016 -0.115074262023
      vertex 0.0279550515115 -0.181488916278 -0.116217531264
      vertex 0.0278904307634 -0.181469008327 -0.116339989007
    endloop
  endfacet
  facet normal -0.580498993397 0.419741123915 -0.69773799181
    outer loop
      vertex 0.0476991087198 -0.175726056099 -0.0984912589192
      vertex 0.0498948581517 -0.174814641476 -0.0969695970416
      vertex 0.0493305660784 -0.17375023663 -0.0995193943381
    endloop
  endfacet
  facet normal -0.580497562885 0.419741660357 -0.697738826275
    outer loop
      vertex 0.0667258426547 -0.163016170263 -0.0933051556349
      vertex 0.0647849440575 -0.164405554533 -0.0936798155308
      vertex 0.0656691864133 -0.164448514581 -0.0923855006695
    endloop
  endfacet
  facet normal -0.580494999886 0.419737637043 -0.697743415833
    outer loop
      vertex 0.0717822015285 -0.153230145574 -0.102579623461
      vertex 0.0704780295491 -0.153394520283 -0.104110039771
      vertex 0.0717253163457 -0.153372973204 -0.102420881391
    endloop
  endfacet
  facet normal -0.580499649048 0.419740378857 -0.697737932205
    outer loop
      vertex 0.0685379207134 -0.145524486899 -0.119875624776
      vertex 0.0693810805678 -0.143783763051 -0.121603153646
      vertex 0.0669268667698 -0.14515671134 -0.122715055943
    endloop
  endfacet
  facet normal -0.580497741699 0.419740766287 -0.697739243507
    outer loop
      vertex 0.06850515306 -0.155092701316 -0.104015611112
      vertex 0.0704780295491 -0.153394520283 -0.104110039771
      vertex 0.0686944425106 -0.153870388865 -0.105785697699
    endloop
  endfacet
  facet normal -0.580498933792 0.419740229845 -0.697738587856
    outer loop
      vertex 0.065464258194 -0.148280158639 -0.119545690715
      vertex 0.0674305334687 -0.147066622972 -0.118843622506
      vertex 0.0667767450213 -0.146615311503 -0.120498031378
    endloop
  endfacet
  facet normal -0.580498814583 0.419740915298 -0.697738289833
    outer loop
      vertex 0.0446188338101 -0.176233902574 -0.101907067001
      vertex 0.042349435389 -0.177770614624 -0.102491125464
      vertex 0.0433941371739 -0.178428247571 -0.099953122437
    endloop
  endfacet
  facet normal -0.580498337746 0.419742166996 -0.697737932205
    outer loop
      vertex 0.0630791410804 -0.167500004172 -0.0908950045705
      vertex 0.0635440275073 -0.166994944215 -0.0910916253924
      vertex 0.0619750656188 -0.168015196919 -0.0915655344725
    endloop
  endfacet
  facet normal -0.580499529839 0.419739842415 -0.697738349438
    outer loop
      vertex 0.0625402182341 -0.153530746698 -0.114861555398
      vertex 0.0616828501225 -0.154988750815 -0.11362361908
      vertex 0.06304102391 -0.154688596725 -0.112244233489
    endloop
  endfacet
  facet normal -0.580497264862 0.419741690159 -0.697739124298
    outer loop
      vertex 0.0702264085412 -0.139752566814 -0.127135187387
      vertex 0.0688487067819 -0.141324386001 -0.126427665353
      vertex 0.0705056041479 -0.140835508704 -0.124948881567
    endloop
  endfacet
  facet normal -0.58050006628 0.419740438461 -0.697737455368
    outer loop
      vertex 0.0619971305132 -0.144319161773 -0.130925133824
      vertex 0.0613573156297 -0.145999774337 -0.129016280174
      vertex 0.0628487244248 -0.144981995225 -0.128645524383
    endloop
  endfacet
  facet normal -0.580498874187 0.419740408659 -0.697738528252
    outer loop
      vertex 0.0702264085412 -0.139752566814 -0.127135187387
      vertex 0.069736532867 -0.138839587569 -0.129330307245
      vertex 0.0678892880678 -0.140690147877 -0.12880885601
    endloop
  endfacet
  facet normal -0.580495715141 0.41974696517 -0.697737216949
    outer loop
      vertex 0.0298131275922 -0.188433498144 -0.102103792131
      vertex 0.0308608971536 -0.187066629529 -0.102926880121
      vertex 0.0296494904906 -0.188485309482 -0.102243952453
    endloop
  endfacet
  facet normal -0.58049929142 0.419740110636 -0.697738349438
    outer loop
      vertex 0.0607390478253 -0.156438231468 -0.112519420683
      vertex 0.0602034926414 -0.158069700003 -0.110548079014
      vertex 0.0620669685304 -0.156680628657 -0.11027996242
    endloop
  endfacet
  facet normal -0.58050006628 0.419740796089 -0.697737276554
    outer loop
      vertex 0.0613573156297 -0.145999774337 -0.129016280174
      vertex 0.061621569097 -0.146180003881 -0.12835124135
      vertex 0.0628487244248 -0.144981995225 -0.128645524383
    endloop
  endfacet
  facet normal -0.580497920513 0.419740945101 -0.697739005089
    outer loop
      vertex 0.0643760040402 -0.140399470925 -0.134150892496
      vertex 0.0638884902 -0.142114832997 -0.131973654032
      vertex 0.0659046173096 -0.140875071287 -0.131246238947
    endloop
  endfacet
  facet normal -0.580498814583 0.419740438461 -0.697738587856
    outer loop
      vertex 0.0575792491436 -0.166279524565 -0.100530140102
      vertex 0.0581560134888 -0.164741009474 -0.102289959788
      vertex 0.0566224269569 -0.166133001447 -0.1020969823
    endloop
  endfacet
  facet normal -0.580499053001 0.419740736485 -0.697738170624
    outer loop
      vertex 0.0388217419386 -0.179301530123 -0.104825057089
      vertex 0.0370513349771 -0.1806833148 -0.104976572096
      vertex 0.038048338145 -0.180986642838 -0.103093490005
    endloop
  endfacet
  facet normal -0.580498695374 0.41974145174 -0.697738051414
    outer loop
      vertex 0.0640555769205 -0.162494570017 -0.0978651717305
      vertex 0.0630638152361 -0.164434418082 -0.0960121527314
      vertex 0.0651467218995 -0.162882775068 -0.0957108065486
    endloop
  endfacet
  facet normal -0.580498278141 0.419739931822 -0.697739303112
    outer loop
      vertex 0.0631023719907 -0.135980278254 -0.14325837791
      vertex 0.0628361031413 -0.137365356088 -0.141324177384
      vertex 0.0641694366932 -0.135809198022 -0.142067015171
    endloop
  endfacet
  facet normal -0.580498218536 0.419741004705 -0.697738707066
    outer loop
      vertex 0.0636964291334 -0.150785371661 -0.11782617867
      vertex 0.0646579638124 -0.150097548962 -0.117639735341
      vertex 0.06385178864 -0.149766728282 -0.11930461973
    endloop
  endfacet
  facet normal -0.58049929142 0.419741183519 -0.697737693787
    outer loop
      vertex 0.065464258194 -0.148280158639 -0.119545690715
      vertex 0.0646579638124 -0.150097548962 -0.117639735341
      vertex 0.0672400295734 -0.148510381579 -0.116707116365
    endloop
  endfacet
  facet normal -0.58049851656 0.419741809368 -0.69773799181
    outer loop
      vertex 0.0346379540861 -0.18424770236 -0.102389156818
      vertex 0.0357881039381 -0.184341982007 -0.100641772151
      vertex 0.0370439663529 -0.182885810733 -0.101325519383
    endloop
  endfacet
  facet normal -0.580498337746 0.419741719961 -0.697738170624
    outer loop
      vertex 0.0716361775994 -0.138824820518 -0.126727685332
      vertex 0.0702264085412 -0.139752566814 -0.127135187387
      vertex 0.0718655958772 -0.139152526855 -0.125865638256
    endloop
  endfacet
  facet normal -0.580498874187 0.419740259647 -0.697738587856
    outer loop
      vertex 0.0554824471474 -0.169633045793 -0.0978554189205
      vertex 0.0576372221112 -0.16845023632 -0.096841558814
      vertex 0.0566733665764 -0.167860209942 -0.0991553813219
    endloop
  endfacet
  facet normal -0.580499053001 0.419739931822 -0.697738647461
    outer loop
      vertex 0.0628576874733 -0.16184553504 -0.100600749254
      vertex 0.0654576048255 -0.160428449512 -0.0993606969714
      vertex 0.064305819571 -0.160092011094 -0.101512879133
    endloop
  endfacet
  facet normal -0.58049929142 0.41973900795 -0.697739005089
    outer loop
      vertex 0.0501651056111 -0.168189659715 -0.107608616352
      vertex 0.04923953861 -0.16900254786 -0.107537411153
      vertex 0.0498103387654 -0.16929616034 -0.106259897351
    endloop
  endfacet
  facet normal -0.580499470234 0.419739961624 -0.697738349438
    outer loop
      vertex 0.0526017472148 -0.144185066223 -0.14414177835
      vertex 0.0507026277483 -0.144518241286 -0.146214425564
      vertex 0.0503683574498 -0.146313279867 -0.143692791462
    endloop
  endfacet
  facet normal -0.580499589443 0.419740259647 -0.69773799181
    outer loop
      vertex 0.0620669685304 -0.156680628657 -0.11027996242
      vertex 0.06304102391 -0.154688596725 -0.112244233489
      vertex 0.0607390478253 -0.156438231468 -0.112519420683
    endloop
  endfacet
  facet normal -0.580499410629 0.419738918543 -0.697739005089
    outer loop
      vertex 0.0507473014295 -0.167712017894 -0.107597447932
      vertex 0.0501651056111 -0.168189659715 -0.107608616352
      vertex 0.0498103387654 -0.16929616034 -0.106259897351
    endloop
  endfacet
  facet normal -0.580498456955 0.419740647078 -0.697738707066
    outer loop
      vertex 0.0554824471474 -0.169633045793 -0.0978554189205
      vertex 0.0533243976533 -0.170695006847 -0.0990746617317
      vertex 0.0540326833725 -0.171594157815 -0.0966004505754
    endloop
  endfacet
  facet normal -0.580499053001 0.419741094112 -0.697737932205
    outer loop
      vertex 0.0576258040965 -0.171344175935 -0.0920467302203
      vertex 0.0549672842026 -0.172375947237 -0.094008333981
      vertex 0.0559025108814 -0.173478662968 -0.0908818542957
    endloop
  endfacet
  facet normal -0.580498754978 0.419740974903 -0.697738289833
    outer loop
      vertex 0.0530361421406 -0.169514358044 -0.101435936987
      vertex 0.0533243976533 -0.170695006847 -0.0990746617317
      vertex 0.0547466948628 -0.168993771076 -0.099935606122
    endloop
  endfacet
  facet normal -0.580498695374 0.419739603996 -0.697739124298
    outer loop
      vertex 0.0507473014295 -0.167712017894 -0.107597447932
      vertex 0.0498103387654 -0.16929616034 -0.106259897351
      vertex 0.0517350398004 -0.168024510145 -0.105711944401
    endloop
  endfacet
  facet normal -0.580498933792 0.419740974903 -0.697738111019
    outer loop
      vertex 0.0576372221112 -0.16845023632 -0.096841558814
      vertex 0.0554824471474 -0.169633045793 -0.0978554189205
      vertex 0.0563389882445 -0.170406699181 -0.0953847765923
    endloop
  endfacet
  facet normal -0.580498874187 0.419741213322 -0.697738051414
    outer loop
      vertex 0.0415436625481 -0.182279527187 -0.0961103290319
      vertex 0.0400207005441 -0.182112976909 -0.0984934195876
      vertex 0.0389137715101 -0.18378816545 -0.0972396060824
    endloop
  endfacet
  facet normal -0.580498754978 0.419740915298 -0.697738289833
    outer loop
      vertex 0.0598013959825 -0.167187646031 -0.0959473401308
      vertex 0.0576372221112 -0.16845023632 -0.096841558814
      vertex 0.0590044036508 -0.169071018696 -0.0939188227057
    endloop
  endfacet
  facet normal -0.580494880676 0.419750779867 -0.697735607624
    outer loop
      vertex 0.0577579140663 -0.172756999731 -0.0895154774189
      vertex 0.0574712119997 -0.173013553023 -0.0894855186343
      vertex 0.0576120503247 -0.172890275717 -0.0894956737757
    endloop
  endfacet
  facet normal -0.580498874187 0.419740736485 -0.697738349438
    outer loop
      vertex 0.0561179928482 -0.174174681306 -0.0894268602133
      vertex 0.0574712119997 -0.173013553023 -0.0894855186343
      vertex 0.0559025108814 -0.173478662968 -0.0908818542957
    endloop
  endfacet
  facet normal -0.580498576164 0.419740140438 -0.69773888588
    outer loop
      vertex 0.0646579638124 -0.150097548962 -0.117639735341
      vertex 0.0635813623667 -0.151118412614 -0.117431677878
      vertex 0.0641046091914 -0.151688665152 -0.115760095417
    endloop
  endfacet
  facet normal -0.580489814281 0.419805318117 -0.697706997395
    outer loop
      vertex 0.0509838610888 -0.178139686584 -0.0899362638593
      vertex 0.0505947507918 -0.178417772055 -0.0900121405721
      vertex 0.0507011897862 -0.17834508419 -0.0899857729673
    endloop
  endfacet
  facet normal -0.580514371395 0.419568955898 -0.697828769684
    outer loop
      vertex 0.0507011897862 -0.17834508419 -0.0899857729673
      vertex 0.0505947507918 -0.178417772055 -0.0900121405721
      vertex 0.0506632849574 -0.178371593356 -0.0899941325188
    endloop
  endfacet
  facet normal -0.58049839735 0.419739365578 -0.697739541531
    outer loop
      vertex 0.0307991169393 -0.180865123868 -0.113321132958
      vertex 0.031372603029 -0.18132930994 -0.111756369472
      vertex 0.0316899232566 -0.180539548397 -0.112630352378
    endloop
  endfacet
  facet normal -0.580499410629 0.419741302729 -0.697737514973
    outer loop
      vertex 0.0505023039877 -0.177541807294 -0.0915961042047
      vertex 0.0481885299087 -0.178222239017 -0.0936649665236
      vertex 0.048916451633 -0.179539531469 -0.0904685035348
    endloop
  endfacet
  facet normal -0.580502212048 0.419768691063 -0.69771873951
    outer loop
      vertex 0.0454451069236 -0.181578695774 -0.0918796509504
      vertex 0.0446177832782 -0.182015016675 -0.092298515141
      vertex 0.0451789610088 -0.181725814939 -0.0920031666756
    endloop
  endfacet
  facet normal -0.580498993397 0.419741511345 -0.697737753391
    outer loop
      vertex 0.0454451069236 -0.181578695774 -0.0918796509504
      vertex 0.0470744408667 -0.18066637218 -0.0911428332329
      vertex 0.0462560392916 -0.180316373706 -0.0928564965725
    endloop
  endfacet
  facet normal -0.580498576164 0.419741243124 -0.697738289833
    outer loop
      vertex 0.0722922161222 -0.151925235987 -0.104043446481
      vertex 0.0704780295491 -0.153394520283 -0.104110039771
      vertex 0.0717822015285 -0.153230145574 -0.102579623461
    endloop
  endfacet
  facet normal -0.580498576164 0.419740974903 -0.697738468647
    outer loop
      vertex 0.0668720975518 -0.161831691861 -0.0950718522072
      vertex 0.0661090761423 -0.161348715425 -0.0969299525023
      vertex 0.0651467218995 -0.162882775068 -0.0957108065486
    endloop
  endfacet
  facet normal -0.580498874187 0.419741213322 -0.697738051414
    outer loop
      vertex 0.043406996876 -0.182632893324 -0.0929459482431
      vertex 0.0446177832782 -0.182015016675 -0.092298515141
      vertex 0.0439610145986 -0.181290179491 -0.0944117233157
    endloop
  endfacet
  facet normal -0.58049851656 0.419740855694 -0.697738528252
    outer loop
      vertex 0.0417111888528 -0.183446794748 -0.0939382836223
      vertex 0.0428169555962 -0.182907119393 -0.0933061018586
      vertex 0.0415436625481 -0.182279527187 -0.0961103290319
    endloop
  endfacet
  facet normal -0.580498874187 0.419740736485 -0.697738349438
    outer loop
      vertex 0.0398998558521 -0.184290394187 -0.0950410217047
      vertex 0.0417111888528 -0.183446794748 -0.0939382836223
      vertex 0.0415436625481 -0.182279527187 -0.0961103290319
    endloop
  endfacet
  facet normal -0.580498933792 0.419740557671 -0.697738349438
    outer loop
      vertex 0.0695629194379 -0.158285930753 -0.0972446128726
      vertex 0.0678730607033 -0.159525707364 -0.097520776093
      vertex 0.068962149322 -0.159457311034 -0.0961282849312
    endloop
  endfacet
  facet normal -0.580498814583 0.419741243124 -0.697738111019
    outer loop
      vertex 0.0363925658166 -0.185885593295 -0.0972398668528
      vertex 0.0376071669161 -0.185329884291 -0.0964838415384
      vertex 0.036754515022 -0.184639573097 -0.0988105461001
    endloop
  endfacet
  facet normal -0.580500483513 0.41974067688 -0.697737038136
    outer loop
      vertex 0.0347182936966 -0.18661467731 -0.0983433946967
      vertex 0.0350884497166 -0.186450630426 -0.0981041714549
      vertex 0.0346209108829 -0.18582315743 -0.0997938364744
    endloop
  endfacet
  facet normal -0.580498039722 0.419741392136 -0.697738647461
    outer loop
      vertex 0.0341147147119 -0.186866551638 -0.098759457469
      vertex 0.0347182936966 -0.18661467731 -0.0983433946967
      vertex 0.0346209108829 -0.18582315743 -0.0997938364744
    endloop
  endfacet
  facet normal -0.580498158932 0.419742047787 -0.697738111019
    outer loop
      vertex 0.0656691864133 -0.164448514581 -0.0923855006695
      vertex 0.0647849440575 -0.164405554533 -0.0936798155308
      vertex 0.0647849068046 -0.165541142225 -0.0917921736836
    endloop
  endfacet
  facet normal -0.580498635769 0.419741421938 -0.697738111019
    outer loop
      vertex 0.0462560392916 -0.180316373706 -0.0928564965725
      vertex 0.0470744408667 -0.18066637218 -0.0911428332329
      vertex 0.048916451633 -0.179539531469 -0.0904685035348
    endloop
  endfacet
  facet normal -0.580927193165 0.420566022396 -0.696884334087
    outer loop
      vertex 0.0298131275922 -0.188433498144 -0.102103792131
      vertex 0.0296494904906 -0.188485309482 -0.102243952453
      vertex 0.029706235975 -0.188467904925 -0.102194428444
    endloop
  endfacet
  facet normal -0.580499053001 0.419741928577 -0.697737455368
    outer loop
      vertex 0.0313624553382 -0.187928617001 -0.100800335407
      vertex 0.0323675274849 -0.187561109662 -0.100021243095
      vertex 0.0327755473554 -0.186410710216 -0.101369276643
    endloop
  endfacet
  facet normal -0.580499112606 0.419741898775 -0.697737455368
    outer loop
      vertex 0.0323675274849 -0.187561109662 -0.100021243095
      vertex 0.0330383405089 -0.187306761742 -0.0995163246989
      vertex 0.0327755473554 -0.186410710216 -0.101369276643
    endloop
  endfacet
  facet normal -0.580498814583 0.419740259647 -0.697738647461
    outer loop
      vertex 0.06850515306 -0.155092701316 -0.104015611112
      vertex 0.0686944425106 -0.153870388865 -0.105785697699
      vertex 0.067001350224 -0.155138194561 -0.106019742787
    endloop
  endfacet
  facet normal -0.580498754978 0.419740140438 -0.69773876667
    outer loop
      vertex 0.072730012238 -0.14080697298 -0.121919959784
      vertex 0.0723738223314 -0.140062749386 -0.123649694026
      vertex 0.0710728317499 -0.141793638468 -0.12257167697
    endloop
  endfacet
  facet normal -0.580500125885 0.419742405415 -0.697736263275
    outer loop
      vertex 0.0265284664929 -0.189380899072 -0.105071566999
      vertex 0.0274847913533 -0.189099103212 -0.104217417538
      vertex 0.0267875902355 -0.188648045063 -0.105931416154
    endloop
  endfacet
  facet normal -0.580499649048 0.419740647078 -0.697737753391
    outer loop
      vertex 0.0428169555962 -0.182907119393 -0.0933061018586
      vertex 0.043406996876 -0.182632893324 -0.0929459482431
      vertex 0.0439610145986 -0.181290179491 -0.0944117233157
    endloop
  endfacet
  facet normal -0.580496430397 0.419736534357 -0.697742879391
    outer loop
      vertex 0.0242054797709 -0.190126702189 -0.107044503093
      vertex 0.0230764262378 -0.190455466509 -0.108059458435
      vertex 0.0236887633801 -0.190314084291 -0.107447616756
    endloop
  endfacet
  facet normal -0.580499589443 0.41974183917 -0.69773709774
    outer loop
      vertex 0.0298131275922 -0.188433498144 -0.102103792131
      vertex 0.0313624553382 -0.187928617001 -0.100800335407
      vertex 0.0308608971536 -0.187066629529 -0.102926880121
    endloop
  endfacet
  facet normal -0.580482661724 0.419721096754 -0.697763621807
    outer loop
      vertex 0.0230764262378 -0.190455466509 -0.108059458435
      vertex 0.0217255968601 -0.190707430243 -0.109508819878
      vertex 0.0217839870602 -0.190706327558 -0.109429873526
    endloop
  endfacet
  facet normal -0.58049762249 0.419742017984 -0.697738587856
    outer loop
      vertex 0.0693810805678 -0.143783763051 -0.121603153646
      vertex 0.0685379207134 -0.145524486899 -0.119875624776
      vertex 0.0698840692639 -0.144300878048 -0.120047941804
    endloop
  endfacet
  facet normal -0.580498814583 0.419740974903 -0.697738230228
    outer loop
      vertex 0.0597354769707 -0.165023237467 -0.099636413157
      vertex 0.0619556084275 -0.163723275065 -0.0987269282341
      vertex 0.0606240853667 -0.163352236152 -0.101185202599
    endloop
  endfacet
  facet normal -0.580498814583 0.419740647078 -0.697738409042
    outer loop
      vertex 0.0180540885776 -0.17018212378 -0.148705869913
      vertex 0.0181596018374 -0.171603024006 -0.146197959781
      vertex 0.0205758046359 -0.169713586569 -0.145997196436
    endloop
  endfacet
  facet normal -0.580499172211 0.419740855694 -0.697738051414
    outer loop
      vertex 0.0205154959112 -0.189105346799 -0.113845527172
      vertex 0.0224973410368 -0.187750503421 -0.113356798887
      vertex 0.022090613842 -0.186813756824 -0.115476466715
    endloop
  endfacet
  facet normal -0.580578565598 0.419793725014 -0.697640120983
    outer loop
      vertex 0.0217839870602 -0.190706327558 -0.109429873526
      vertex 0.0217255968601 -0.190707430243 -0.109508819878
      vertex 0.0217608492821 -0.190709203482 -0.109457097948
    endloop
  endfacet
  facet normal -0.580499470234 0.419739872217 -0.697738349438
    outer loop
      vertex 0.0188202932477 -0.190092116594 -0.114549666643
      vertex 0.019526058808 -0.190491020679 -0.112910486758
      vertex 0.0205154959112 -0.189105346799 -0.113845527172
    endloop
  endfacet
  facet normal -0.580499589443 0.419742882252 -0.697736442089
    outer loop
      vertex 0.0186829864979 -0.189960464835 -0.114958412945
      vertex 0.0188202932477 -0.190092116594 -0.114549666643
      vertex 0.0205154959112 -0.189105346799 -0.113845527172
    endloop
  endfacet
  facet normal -0.580499231815 0.419740706682 -0.697738051414
    outer loop
      vertex 0.036754515022 -0.184639573097 -0.0988105461001
      vertex 0.0346209108829 -0.18582315743 -0.0997938364744
      vertex 0.0350884497166 -0.186450630426 -0.0981041714549
    endloop
  endfacet
  facet normal -0.58049929142 0.419740319252 -0.697738230228
    outer loop
      vertex 0.0149991763756 -0.173260882497 -0.147812947631
      vertex 0.0166600048542 -0.171882927418 -0.147806599736
      vertex 0.0157925244421 -0.171260550618 -0.150040924549
    endloop
  endfacet
  facet normal -0.580498099327 0.419740915298 -0.697738826275
    outer loop
      vertex 0.0692215636373 -0.136529415846 -0.133882731199
      vertex 0.0681998729706 -0.138891875744 -0.131368592381
      vertex 0.070327796042 -0.137308388948 -0.131057947874
    endloop
  endfacet
  facet normal -0.580490887165 0.41974323988 -0.697743475437
    outer loop
      vertex 0.0181661639363 -0.188152134418 -0.11867916584
      vertex 0.0182275231928 -0.188875123858 -0.117392480373
      vertex 0.0182920619845 -0.189192935824 -0.116774916649
    endloop
  endfacet
  facet normal -0.580498039722 0.419741809368 -0.697738349438
    outer loop
      vertex 0.072497010231 -0.151374042034 -0.104676485062
      vertex 0.0715460404754 -0.1516738832 -0.105493217707
      vertex 0.0722922161222 -0.151925235987 -0.104043446481
    endloop
  endfacet
  facet normal -0.58049672842 0.419743478298 -0.697738468647
    outer loop
      vertex 0.0180481337011 -0.184629097581 -0.124698773026
      vertex 0.0180469509214 -0.18469414115 -0.124592296779
      vertex 0.0191855095327 -0.183229774237 -0.125451892614
    endloop
  endfacet
  facet normal -0.580498456955 0.419741153717 -0.697738409042
    outer loop
      vertex 0.0215808041394 -0.184414222836 -0.120170295238
      vertex 0.0211135838181 -0.185579001904 -0.118880242109
      vertex 0.0227698050439 -0.184824258089 -0.117844320834
    endloop
  endfacet
  facet normal -0.580499351025 0.419740468264 -0.697738111019
    outer loop
      vertex 0.0171228889376 -0.180736929178 -0.132448360324
      vertex 0.0174254775047 -0.181568458676 -0.130647629499
      vertex 0.0179885607213 -0.180234655738 -0.132086068392
    endloop
  endfacet
  facet normal -0.580499589443 0.419740259647 -0.697738051414
    outer loop
      vertex 0.0175777599216 -0.182013526559 -0.129697188735
      vertex 0.0176859814674 -0.182525008917 -0.128697276115
      vertex 0.0187128763646 -0.181056678295 -0.129717901349
    endloop
  endfacet
  facet normal -0.580497801304 0.419743150473 -0.697737753391
    outer loop
      vertex 0.0181165840477 -0.185881942511 -0.122521489859
      vertex 0.0181149430573 -0.186019212008 -0.122295580804
      vertex 0.0197747051716 -0.184442803264 -0.122620619833
    endloop
  endfacet
  facet normal -0.580496609211 0.419742375612 -0.697739183903
    outer loop
      vertex 0.0279550515115 -0.181488916278 -0.116217531264
      vertex 0.0272109191865 -0.182795763016 -0.115074262023
      vertex 0.0281048379838 -0.181462854147 -0.116053685546
    endloop
  endfacet
  facet normal -0.580498278141 0.419739842415 -0.697739362717
    outer loop
      vertex 0.017878998071 -0.18333594501 -0.127082303166
      vertex 0.0178960636258 -0.183554530144 -0.126695364714
      vertex 0.0191855095327 -0.183229774237 -0.125451892614
    endloop
  endfacet
  facet normal -0.58049929142 0.419739484787 -0.69773876667
    outer loop
      vertex 0.0162968654186 -0.178860411048 -0.136710122228
      vertex 0.0164369754493 -0.179156348109 -0.136024385691
      vertex 0.0171227492392 -0.178594261408 -0.136010333896
    endloop
  endfacet
  facet normal -0.580498993397 0.419741302729 -0.697737872601
    outer loop
      vertex 0.0653491094708 -0.153567701578 -0.11091542244
      vertex 0.06304102391 -0.154688596725 -0.112244233489
      vertex 0.0638461485505 -0.155420839787 -0.109913535416
    endloop
  endfacet
  facet normal -0.580499529839 0.419740766287 -0.697737753391
    outer loop
      vertex 0.0158754196018 -0.177946463227 -0.138812214136
      vertex 0.0161555167288 -0.178548842669 -0.137423500419
      vertex 0.0168842244893 -0.177336975932 -0.138430207968
    endloop
  endfacet
  facet normal -0.580498933792 0.419740736485 -0.697738289833
    outer loop
      vertex 0.0656355395913 -0.154755458236 -0.108544893563
      vertex 0.0676948651671 -0.153799384832 -0.107286132872
      vertex 0.0676909536123 -0.152446910739 -0.10953977704
    endloop
  endfacet
  facet normal -0.580498099327 0.419742286205 -0.697738051414
    outer loop
      vertex 0.0526017472148 -0.144185066223 -0.14414177835
      vertex 0.0539962872863 -0.144822895527 -0.141152888536
      vertex 0.0551423579454 -0.142740055919 -0.143030181527
    endloop
  endfacet
  facet normal -0.580499112606 0.419740855694 -0.697738051414
    outer loop
      vertex 0.046132043004 -0.173990726471 -0.103543139994
      vertex 0.0433611050248 -0.175623655319 -0.104660920799
      vertex 0.0446188338101 -0.176233902574 -0.101907067001
    endloop
  endfacet
  facet normal -0.580498635769 0.419741481543 -0.697738111019
    outer loop
      vertex 0.0647717267275 -0.147282496095 -0.122161909938
      vertex 0.064280115068 -0.146184980869 -0.124666213989
      vertex 0.0634074285626 -0.147926047444 -0.122978940606
    endloop
  endfacet
  facet normal -0.580498754978 0.419740319252 -0.697738707066
    outer loop
      vertex 0.0576372221112 -0.16845023632 -0.096841558814
      vertex 0.0598013959825 -0.167187646031 -0.0959473401308
      vertex 0.0588234700263 -0.166675046086 -0.0981519147754
    endloop
  endfacet
  facet normal -0.580497920513 0.419740885496 -0.697739005089
    outer loop
      vertex 0.0336025282741 -0.152267798781 -0.156981602311
      vertex 0.0318922922015 -0.153508409858 -0.157284557819
      vertex 0.0332848466933 -0.15402790904 -0.154495105147
    endloop
  endfacet
  facet normal -0.58049839735 0.419741690159 -0.697738170624
    outer loop
      vertex 0.0699609145522 -0.157472625375 -0.0980461463332
      vertex 0.0665421411395 -0.158504366875 -0.10105920583
      vertex 0.067345418036 -0.159085437655 -0.0989823639393
    endloop
  endfacet
  facet normal -0.580498576164 0.419741809368 -0.697737932205
    outer loop
      vertex 0.0188989173621 -0.176043108106 -0.137794718146
      vertex 0.0168842244893 -0.177336975932 -0.138430207968
      vertex 0.0184256825596 -0.177288651466 -0.136378735304
    endloop
  endfacet
  facet normal -0.580492794514 0.419744193554 -0.69774132967
    outer loop
      vertex 0.0149991763756 -0.173260882497 -0.147812947631
      vertex 0.015183978714 -0.172600373626 -0.148655325174
      vertex 0.0150927314535 -0.172833696008 -0.148393660784
    endloop
  endfacet
  facet normal -0.580500125885 0.419741153717 -0.697737038136
    outer loop
      vertex 0.0161555167288 -0.178548842669 -0.137423500419
      vertex 0.0162968654186 -0.178860411048 -0.136710122228
      vertex 0.0171227492392 -0.178594261408 -0.136010333896
    endloop
  endfacet
  facet normal -0.580499649048 0.419739484787 -0.697738468647
    outer loop
      vertex 0.0171820260584 -0.168971672654 -0.151924058795
      vertex 0.0167211759835 -0.169690012932 -0.151367306709
      vertex 0.0184953082353 -0.168436855078 -0.15099683404
    endloop
  endfacet
  facet normal -0.580498576164 0.419741243124 -0.697738289833
    outer loop
      vertex 0.0170362703502 -0.173240855336 -0.145028933883
      vertex 0.0148266861215 -0.174498647451 -0.145993947983
      vertex 0.0148736974224 -0.175147175789 -0.144850894809
    endloop
  endfacet
  facet normal -0.58049851656 0.419740349054 -0.697738826275
    outer loop
      vertex 0.0669268667698 -0.14515671134 -0.122715055943
      vertex 0.0662477165461 -0.144318670034 -0.125047415495
      vertex 0.064280115068 -0.146184980869 -0.124666213989
    endloop
  endfacet
  facet normal -0.580498814583 0.419740229845 -0.697738647461
    outer loop
      vertex 0.0371706262231 -0.179361745715 -0.107008449733
      vertex 0.0355587564409 -0.179370865226 -0.109222486615
      vertex 0.0352754704654 -0.181234017015 -0.106517143548
    endloop
  endfacet
  facet normal -0.580496788025 0.419744998217 -0.697737514973
    outer loop
      vertex 0.0244133621454 -0.159955412149 -0.156910970807
      vertex 0.0239175893366 -0.16045717895 -0.15676254034
      vertex 0.0254070963711 -0.158983334899 -0.157152548432
    endloop
  endfacet
  facet normal -0.580498576164 0.419740706682 -0.697738587856
    outer loop
      vertex 0.0392008572817 -0.176436915994 -0.109062619507
      vertex 0.039240013808 -0.177419006824 -0.107375927269
      vertex 0.0403177402914 -0.175730213523 -0.108692742884
    endloop
  endfacet
  facet normal -0.580501317978 0.419732898474 -0.697741031647
    outer loop
      vertex 0.0259990468621 -0.158418297768 -0.15727314353
      vertex 0.0257733352482 -0.158629134297 -0.157234832644
      vertex 0.0272498615086 -0.157288104296 -0.15742200613
    endloop
  endfacet
  facet normal -0.58049929142 0.419740766287 -0.69773799181
    outer loop
      vertex 0.0310142040253 -0.157581925392 -0.151727512479
      vertex 0.0325370542705 -0.155913412571 -0.152395009995
      vertex 0.0309913028032 -0.155649319291 -0.154971763492
    endloop
  endfacet
  facet normal -0.580498814583 0.419741272926 -0.697738051414
    outer loop
      vertex 0.0651107877493 -0.156521931291 -0.106334194541
      vertex 0.0632371157408 -0.158367097378 -0.105858236551
      vertex 0.0647907555103 -0.157607883215 -0.104971602559
    endloop
  endfacet
  facet normal -0.580498695374 0.419742166996 -0.697737634182
    outer loop
      vertex 0.0267875902355 -0.188648045063 -0.105931416154
      vertex 0.0274847913533 -0.189099103212 -0.104217417538
      vertex 0.0289853960276 -0.187511503696 -0.104781165719
    endloop
  endfacet
  facet normal -0.580499172211 0.419739872217 -0.697738587856
    outer loop
      vertex 0.0350142791867 -0.151308864355 -0.156623184681
      vertex 0.0336025282741 -0.152267798781 -0.156981602311
      vertex 0.0351255871356 -0.152196288109 -0.154994085431
    endloop
  endfacet
  facet normal -0.580498456955 0.419741213322 -0.697738409042
    outer loop
      vertex 0.0389137715101 -0.18378816545 -0.0972396060824
      vertex 0.036754515022 -0.184639573097 -0.0988105461001
      vertex 0.0376071669161 -0.185329884291 -0.0964838415384
    endloop
  endfacet
  facet normal -0.580499172211 0.419739454985 -0.697738826275
    outer loop
      vertex 0.0307991169393 -0.180865123868 -0.113321132958
      vertex 0.0293519478291 -0.182433471084 -0.112715467811
      vertex 0.031372603029 -0.18132930994 -0.111756369472
    endloop
  endfacet
  facet normal -0.580498576164 0.419741094112 -0.697738409042
    outer loop
      vertex 0.0667258426547 -0.163016170263 -0.0933051556349
      vertex 0.0668720975518 -0.161831691861 -0.0950718522072
      vertex 0.0651467218995 -0.162882775068 -0.0957108065486
    endloop
  endfacet
  facet normal -0.580498456955 0.419741362333 -0.697738349438
    outer loop
      vertex 0.0279235485941 -0.18684849143 -0.107351817191
      vertex 0.0270193982869 -0.186085879803 -0.109869942069
      vertex 0.0256844554096 -0.18831166625 -0.108016237617
    endloop
  endfacet
  facet normal -0.580498337746 0.419740498066 -0.69773888588
    outer loop
      vertex 0.0507026277483 -0.144518241286 -0.146214425564
      vertex 0.0484492592514 -0.14628238976 -0.146398246288
      vertex 0.0503683574498 -0.146313279867 -0.143692791462
    endloop
  endfacet
  facet normal -0.580498456955 0.419740557671 -0.69773876667
    outer loop
      vertex 0.0289853960276 -0.187511503696 -0.104781165719
      vertex 0.0279235485941 -0.18684849143 -0.107351817191
      vertex 0.0267875902355 -0.188648045063 -0.105931416154
    endloop
  endfacet
  facet normal -0.580498814583 0.419740766287 -0.697738349438
    outer loop
      vertex 0.0415359288454 -0.180566608906 -0.0989684015512
      vertex 0.0413397923112 -0.179488539696 -0.101031757891
      vertex 0.0395269989967 -0.181170552969 -0.100742809474
    endloop
  endfacet
  facet normal -0.580499708652 0.419740885496 -0.697737514973
    outer loop
      vertex 0.0666482150555 -0.138836756349 -0.133606150746
      vertex 0.0674309134483 -0.137066930532 -0.135465681553
      vertex 0.0656631216407 -0.138555854559 -0.1354354918
    endloop
  endfacet
  facet normal -0.580497086048 0.419741690159 -0.697739243507
    outer loop
      vertex 0.0436083488166 -0.150215283036 -0.146555528045
      vertex 0.043618876487 -0.150210231543 -0.146549358964
      vertex 0.043435536325 -0.149569496512 -0.147868022323
    endloop
  endfacet
  facet normal -0.58049851656 0.419740825891 -0.697738587856
    outer loop
      vertex 0.0213040560484 -0.171677321196 -0.141725704074
      vertex 0.0213230717927 -0.171507969499 -0.141980916262
      vertex 0.0205860212445 -0.172060504556 -0.142081767321
    endloop
  endfacet
  facet normal -0.580498456955 0.419740617275 -0.69773876667
    outer loop
      vertex 0.0370439663529 -0.182885810733 -0.101325519383
      vertex 0.0359918698668 -0.182207584381 -0.103907994926
      vertex 0.0346379540861 -0.18424770236 -0.102389156818
    endloop
  endfacet
  facet normal -0.580498933792 0.419740319252 -0.697738528252
    outer loop
      vertex 0.0602034926414 -0.158069700003 -0.110548079014
      vertex 0.0586332641542 -0.159423559904 -0.110469162464
      vertex 0.0592513941228 -0.159828707576 -0.108940817416
    endloop
  endfacet
  facet normal -0.580498218536 0.419741690159 -0.697738289833
    outer loop
      vertex 0.0604224689305 -0.142779156566 -0.135662823915
      vertex 0.0594968013465 -0.145259365439 -0.132820159197
      vertex 0.0621515437961 -0.142549097538 -0.133653968573
    endloop
  endfacet
  facet normal -0.580500721931 0.419740647078 -0.697736859322
    outer loop
      vertex 0.0454909913242 -0.149331897497 -0.14542029798
      vertex 0.0460132211447 -0.149090573192 -0.145099207759
      vertex 0.045921549201 -0.148211240768 -0.146687716246
    endloop
  endfacet
  facet normal -0.580499351025 0.41973990202 -0.697738409042
    outer loop
      vertex 0.048711463809 -0.172691375017 -0.102135740221
      vertex 0.050876006484 -0.170086294413 -0.103472642601
      vertex 0.0476741790771 -0.171511039138 -0.10553240031
    endloop
  endfacet
  facet normal -0.580498635769 0.419740200043 -0.697738826275
    outer loop
      vertex 0.0433611050248 -0.175623655319 -0.104660920799
      vertex 0.0449763312936 -0.173219993711 -0.106422707438
      vertex 0.0427761971951 -0.174592152238 -0.107184521854
    endloop
  endfacet
  facet normal -0.580498993397 0.419740885496 -0.697738170624
    outer loop
      vertex 0.022090613842 -0.186813756824 -0.115476466715
      vertex 0.0224973410368 -0.187750503421 -0.113356798887
      vertex 0.0239845812321 -0.186248078942 -0.113797456026
    endloop
  endfacet
  facet normal -0.580498337746 0.419740706682 -0.69773876667
    outer loop
      vertex 0.0359918698668 -0.182207584381 -0.103907994926
      vertex 0.0338552817702 -0.183280467987 -0.105079427361
      vertex 0.0346379540861 -0.18424770236 -0.102389156818
    endloop
  endfacet
  facet normal -0.580499053001 0.419741213322 -0.697737872601
    outer loop
      vertex 0.0503683574498 -0.146313279867 -0.143692791462
      vertex 0.051058460027 -0.146866828203 -0.141818240285
      vertex 0.0518527589738 -0.146549522877 -0.141247168183
    endloop
  endfacet
  facet normal -0.580374836922 0.419475227594 -0.698001086712
    outer loop
      vertex 0.0605145469308 -0.13664445281 -0.145733267069
      vertex 0.06059904024 -0.13661827147 -0.145659938455
      vertex 0.0605626180768 -0.136628434062 -0.145693406463
    endloop
  endfacet
  facet normal -0.580499231815 0.419741332531 -0.697737634182
    outer loop
      vertex 0.0218616388738 -0.189307942986 -0.111647024751
      vertex 0.0237108822912 -0.189142599702 -0.109364390373
      vertex 0.0237945877016 -0.187638536096 -0.111748836935
    endloop
  endfacet
  facet normal -0.580499053001 0.419740229845 -0.697738468647
    outer loop
      vertex 0.0414882302284 -0.175939530134 -0.106726013124
      vertex 0.0403177402914 -0.175730213523 -0.108692742884
      vertex 0.039240013808 -0.177419006824 -0.107375927269
    endloop
  endfacet
  facet normal -0.580490708351 0.419731706381 -0.69775056839
    outer loop
      vertex 0.0624749660492 -0.136096119881 -0.143933519721
      vertex 0.0631023719907 -0.135980278254 -0.14325837791
      vertex 0.0626466721296 -0.136055931449 -0.143762841821
    endloop
  endfacet
  facet normal -0.580497145653 0.419741719961 -0.697739183903
    outer loop
      vertex 0.0646636784077 -0.135773450136 -0.141442924738
      vertex 0.0641694366932 -0.135809198022 -0.142067015171
      vertex 0.0628361031413 -0.137365356088 -0.141324177384
    endloop
  endfacet
  facet normal -0.580498814583 0.419740647078 -0.697738409042
    outer loop
      vertex 0.0234387405217 -0.166034460068 -0.148153617978
      vertex 0.0218761134893 -0.166726350784 -0.149164587259
      vertex 0.0221694968641 -0.167735040188 -0.147082075477
    endloop
  endfacet
  facet normal -0.580497860909 0.419741153717 -0.697738945484
    outer loop
      vertex 0.0667333602905 -0.135762557387 -0.138598665595
      vertex 0.0664864629507 -0.13575078547 -0.138959690928
      vertex 0.0662553086877 -0.136907950044 -0.137355804443
    endloop
  endfacet
  facet normal -0.580498635769 0.419741034508 -0.697738349438
    outer loop
      vertex 0.067001350224 -0.155138194561 -0.106019742787
      vertex 0.0686944425106 -0.153870388865 -0.105785697699
      vertex 0.0676948651671 -0.153799384832 -0.107286132872
    endloop
  endfacet
  facet normal -0.580498993397 0.419740080833 -0.697738647461
    outer loop
      vertex 0.0222376938909 -0.163337558508 -0.154297739267
      vertex 0.0199384391308 -0.165108382702 -0.154533952475
      vertex 0.0225627422333 -0.164350941777 -0.152163639665
    endloop
  endfacet
  facet normal -0.580498218536 0.419741302729 -0.697738528252
    outer loop
      vertex 0.0640555769205 -0.162494570017 -0.0978651717305
      vertex 0.0651467218995 -0.162882775068 -0.0957108065486
      vertex 0.0661090761423 -0.161348715425 -0.0969299525023
    endloop
  endfacet
  facet normal -0.580497682095 0.419741034508 -0.697739124298
    outer loop
      vertex 0.0687966644764 -0.15628452599 -0.101631298661
      vertex 0.0710830241442 -0.154944211245 -0.100697286427
      vertex 0.0701314210892 -0.154604926705 -0.102577343583
    endloop
  endfacet
  facet normal -0.580498695374 0.419740885496 -0.697738349438
    outer loop
      vertex 0.0586329512298 -0.14445912838 -0.135345101357
      vertex 0.0585619695485 -0.142877355218 -0.138072654605
      vertex 0.0568622723222 -0.145178318024 -0.136598438025
    endloop
  endfacet
  facet normal -0.580499351025 0.419740706682 -0.697737932205
    outer loop
      vertex 0.0608976185322 -0.136534914374 -0.145385563374
      vertex 0.0611042827368 -0.13747279346 -0.143540710211
      vertex 0.0624749660492 -0.136096119881 -0.143933519721
    endloop
  endfacet
  facet normal -0.580499470234 0.419740378857 -0.697738051414
    outer loop
      vertex 0.0498103387654 -0.16929616034 -0.106259897351
      vertex 0.0476741790771 -0.171511039138 -0.10553240031
      vertex 0.050876006484 -0.170086294413 -0.103472642601
    endloop
  endfacet
  facet normal -0.580774188042 0.419709503651 -0.697528004646
    outer loop
      vertex 0.0723013281822 -0.139921829104 -0.123984217644
      vertex 0.0723738223314 -0.140062749386 -0.123649694026
      vertex 0.0723236724734 -0.139959678054 -0.123890377581
    endloop
  endfacet
  facet normal -0.580398499966 0.419749617577 -0.697816491127
    outer loop
      vertex 0.0723013281822 -0.139921829104 -0.123984217644
      vertex 0.0718655958772 -0.139152526855 -0.125865638256
      vertex 0.0723738223314 -0.140062749386 -0.123649694026
    endloop
  endfacet
  facet normal -0.580499589443 0.419740647078 -0.697737753391
    outer loop
      vertex 0.0629311427474 -0.147298365831 -0.124681048095
      vertex 0.0634074285626 -0.147926047444 -0.122978940606
      vertex 0.064280115068 -0.146184980869 -0.124666213989
    endloop
  endfacet
  facet normal -0.580498754978 0.419741302729 -0.697738051414
    outer loop
      vertex 0.022090613842 -0.186813756824 -0.115476466715
      vertex 0.0200101286173 -0.188370242715 -0.115766406059
      vertex 0.0205154959112 -0.189105346799 -0.113845527172
    endloop
  endfacet
  facet normal -0.580499827862 0.419739574194 -0.697738230228
    outer loop
      vertex 0.0661411359906 -0.150528684258 -0.114871837199
      vertex 0.0684796720743 -0.149178639054 -0.113881833851
      vertex 0.0672400295734 -0.148510381579 -0.116707116365
    endloop
  endfacet
  facet normal -0.580498635769 0.419741362333 -0.697738111019
    outer loop
      vertex 0.0217255968601 -0.190707430243 -0.109508819878
      vertex 0.0218616388738 -0.189307942986 -0.111647024751
      vertex 0.0205745510757 -0.19071033597 -0.111095875502
    endloop
  endfacet
  facet normal -0.580498456955 0.419740498066 -0.697738826275
    outer loop
      vertex 0.0293519478291 -0.182433471084 -0.112715467811
      vertex 0.0292277950794 -0.181371003389 -0.114653326571
      vertex 0.0272109191865 -0.182795763016 -0.115074262023
    endloop
  endfacet
  facet normal -0.580498635769 0.41974067688 -0.697738528252
    outer loop
      vertex 0.0272109191865 -0.182795763016 -0.115074262023
      vertex 0.0270598959178 -0.184458598495 -0.112518996
      vertex 0.0293519478291 -0.182433471084 -0.112715467811
    endloop
  endfacet
  facet normal -0.580498278141 0.419741153717 -0.697738587856
    outer loop
      vertex 0.0259250067174 -0.180685698986 -0.120360255241
      vertex 0.024072792381 -0.182533144951 -0.119850836694
      vertex 0.0264667794108 -0.180982366204 -0.119117833674
    endloop
  endfacet
  facet normal -0.580496549606 0.419752091169 -0.697733461857
    outer loop
      vertex 0.0636964291334 -0.150785371661 -0.11782617867
      vertex 0.0636837780476 -0.150847986341 -0.117739588022
      vertex 0.0646579638124 -0.150097548962 -0.117639735341
    endloop
  endfacet
  facet normal -0.580498814583 0.419740647078 -0.697738409042
    outer loop
      vertex 0.0619556084275 -0.163723275065 -0.0987269282341
      vertex 0.0640555769205 -0.162494570017 -0.0978651717305
      vertex 0.0628576874733 -0.16184553504 -0.100600749254
    endloop
  endfacet
  facet normal -0.580498576164 0.419740647078 -0.697738647461
    outer loop
      vertex 0.038048338145 -0.180986642838 -0.103093490005
      vertex 0.0359918698668 -0.182207584381 -0.103907994926
      vertex 0.0370439663529 -0.182885810733 -0.101325519383
    endloop
  endfacet
  facet normal -0.580498576164 0.419740647078 -0.697738647461
    outer loop
      vertex 0.0205780286342 -0.166563853621 -0.151229932904
      vertex 0.0230923332274 -0.165284529328 -0.149879321456
      vertex 0.0225627422333 -0.164350941777 -0.152163639665
    endloop
  endfacet
  facet normal -0.580498754978 0.419740706682 -0.697738468647
    outer loop
      vertex 0.0346379540861 -0.18424770236 -0.102389156818
      vertex 0.0338552817702 -0.183280467987 -0.105079427361
      vertex 0.0324737913907 -0.185169160366 -0.103850409389
    endloop
  endfacet
  facet normal -0.580498874187 0.419741719961 -0.697737753391
    outer loop
      vertex 0.0503683574498 -0.146313279867 -0.143692791462
      vertex 0.0473699830472 -0.148470103741 -0.144254237413
      vertex 0.0493195615709 -0.147596687078 -0.143009886146
    endloop
  endfacet
  facet normal -0.58049851656 0.419739246368 -0.697739541531
    outer loop
      vertex 0.0674309134483 -0.137066930532 -0.135465681553
      vertex 0.0678382888436 -0.135974794626 -0.136717751622
      vertex 0.0662553086877 -0.136907950044 -0.137355804443
    endloop
  endfacet
  facet normal -0.580498576164 0.419740200043 -0.69773888588
    outer loop
      vertex 0.0363966226578 -0.17812243104 -0.110139012337
      vertex 0.0355587564409 -0.179370865226 -0.109222486615
      vertex 0.0365513525903 -0.178043678403 -0.110055945814
    endloop
  endfacet
  facet normal -0.580499529839 0.41974106431 -0.697737634182
    outer loop
      vertex 0.0289853960276 -0.187511503696 -0.104781165719
      vertex 0.0296494904906 -0.188485309482 -0.102243952453
      vertex 0.0308608971536 -0.187066629529 -0.102926880121
    endloop
  endfacet
  facet normal -0.580497682095 0.419740885496 -0.697739243507
    outer loop
      vertex 0.0714074075222 -0.150659129024 -0.107371784747
      vertex 0.0715460404754 -0.1516738832 -0.105493217707
      vertex 0.0728861540556 -0.150297507644 -0.105927839875
    endloop
  endfacet
  facet normal -0.5814499259 0.419011950493 -0.697384417057
    outer loop
      vertex 0.0710830241442 -0.154944211245 -0.100697286427
      vertex 0.0710339322686 -0.15505848825 -0.100575223565
      vertex 0.0710659325123 -0.154985249043 -0.100652694702
    endloop
  endfacet
  facet normal -0.580498754978 0.419740110636 -0.69773876667
    outer loop
      vertex 0.0324737913907 -0.185169160366 -0.103850409389
      vertex 0.0318487510085 -0.184382766485 -0.106022082269
      vertex 0.0308606475592 -0.18587231636 -0.104912541807
    endloop
  endfacet
  facet normal -0.580496549606 0.419742852449 -0.697739005089
    outer loop
      vertex 0.0738378167152 -0.145265907049 -0.112975746393
      vertex 0.0727821290493 -0.145537152886 -0.113984845579
      vertex 0.0738520175219 -0.145590633154 -0.112416312099
    endloop
  endfacet
  facet normal -0.580499053001 0.41974017024 -0.697738528252
    outer loop
      vertex 0.0710728317499 -0.141793638468 -0.12257167697
      vertex 0.0705056041479 -0.140835508704 -0.124948881567
      vertex 0.068560294807 -0.142855361104 -0.124281592667
    endloop
  endfacet
  facet normal -0.580499827862 0.419740200043 -0.697737872601
    outer loop
      vertex 0.0197331644595 -0.171622097492 -0.143990024924
      vertex 0.0181596018374 -0.171603024006 -0.146197959781
      vertex 0.0170362703502 -0.173240855336 -0.145028933883
    endloop
  endfacet
  facet normal -0.580498099327 0.419741690159 -0.697738409042
    outer loop
      vertex 0.0646907314658 -0.144504755735 -0.126891374588
      vertex 0.0646720528603 -0.142985314131 -0.129442989826
      vertex 0.0628487244248 -0.144981995225 -0.128645524383
    endloop
  endfacet
  facet normal -0.580498218536 0.419739603996 -0.697739601135
    outer loop
      vertex 0.0543117001653 -0.139358013868 -0.149800986052
      vertex 0.0538950972259 -0.14048409462 -0.148505240679
      vertex 0.0551082715392 -0.138940423727 -0.149393483996
    endloop
  endfacet
  facet normal -0.580529034138 0.419704556465 -0.697735011578
    outer loop
      vertex 0.0672488212585 -0.162278905511 -0.0938074365258
      vertex 0.0667258426547 -0.163016170263 -0.0933051556349
      vertex 0.0671159699559 -0.162477344275 -0.0936613082886
    endloop
  endfacet
  facet normal -0.580499053001 0.419740885496 -0.697738111019
    outer loop
      vertex 0.0565681308508 -0.161931410432 -0.109156407416
      vertex 0.0560820698738 -0.162517026067 -0.108855165541
      vertex 0.0577122345567 -0.161950349808 -0.107542648911
    endloop
  endfacet
  facet normal -0.58049839735 0.419741123915 -0.697738528252
    outer loop
      vertex 0.0576258040965 -0.171344175935 -0.0920467302203
      vertex 0.0607149526477 -0.169976636767 -0.0900477319956
      vertex 0.0590044036508 -0.169071018696 -0.0939188227057
    endloop
  endfacet
  facet normal -0.580498218536 0.419741004705 -0.697738707066
    outer loop
      vertex 0.0507026277483 -0.144518241286 -0.146214425564
      vertex 0.0490237623453 -0.144287005067 -0.148920655251
      vertex 0.0484492592514 -0.14628238976 -0.146398246288
    endloop
  endfacet
  facet normal -0.580536842346 0.419867575169 -0.697630405426
    outer loop
      vertex 0.056746467948 -0.138155117631 -0.148433312774
      vertex 0.0586592517793 -0.137328177691 -0.147162556648
      vertex 0.0583589673042 -0.137456595898 -0.147364363074
    endloop
  endfacet
  facet normal -0.580499827862 0.419739753008 -0.697738111019
    outer loop
      vertex 0.0669672116637 -0.151364952326 -0.112339258194
      vertex 0.0661411359906 -0.150528684258 -0.114871837199
      vertex 0.0646650418639 -0.152660369873 -0.113369762897
    endloop
  endfacet
  facet normal -0.580498635769 0.419741034508 -0.697738349438
    outer loop
      vertex 0.0672488212585 -0.162278905511 -0.0938074365258
      vertex 0.0668720975518 -0.161831691861 -0.0950718522072
      vertex 0.0667258426547 -0.163016170263 -0.0933051556349
    endloop
  endfacet
  facet normal -0.580497145653 0.419739067554 -0.697740733624
    outer loop
      vertex 0.0546959452331 -0.163956955075 -0.1083785519
      vertex 0.0544670298696 -0.164182379842 -0.108320407569
      vertex 0.0552397742867 -0.16423548758 -0.10716342926
    endloop
  endfacet
  facet normal -0.580498039722 0.419741213322 -0.69773876667
    outer loop
      vertex 0.0721189528704 -0.148324459791 -0.110268674791
      vertex 0.0725134089589 -0.146838575602 -0.112193129957
      vertex 0.0705348998308 -0.148554012179 -0.11207780242
    endloop
  endfacet
  facet normal -0.580498039722 0.419739067554 -0.697740018368
    outer loop
      vertex 0.0368732400239 -0.153983309865 -0.149606510997
      vertex 0.0373384170234 -0.153685465455 -0.149458304048
      vertex 0.0362335965037 -0.153641417623 -0.15105946362
    endloop
  endfacet
  facet normal -0.580498993397 0.419741094112 -0.69773799181
    outer loop
      vertex 0.0280992276967 -0.188913196325 -0.103676691651
      vertex 0.0296494904906 -0.188485309482 -0.102243952453
      vertex 0.0289853960276 -0.187511503696 -0.104781165719
    endloop
  endfacet
  facet normal -0.580498754978 0.419741183519 -0.697738170624
    outer loop
      vertex 0.0473699830472 -0.148470103741 -0.144254237413
      vertex 0.0484492592514 -0.14628238976 -0.146398246288
      vertex 0.045921549201 -0.148211240768 -0.146687716246
    endloop
  endfacet
  facet normal -0.580498933792 0.41974028945 -0.697738528252
    outer loop
      vertex 0.0199384391308 -0.165108382702 -0.154533952475
      vertex 0.0222376938909 -0.163337558508 -0.154297739267
      vertex 0.0214275922626 -0.163237810135 -0.155583918095
    endloop
  endfacet
  facet normal -0.580498576164 0.41974067688 -0.697738647461
    outer loop
      vertex 0.0630638152361 -0.164434418082 -0.0960121527314
      vertex 0.0616959519684 -0.166072040796 -0.0951816663146
      vertex 0.0630705654621 -0.16617693007 -0.0931062251329
    endloop
  endfacet
  facet normal -0.580498456955 0.41974028945 -0.697738945484
    outer loop
      vertex 0.0281048379838 -0.181462854147 -0.116053685546
      vertex 0.0272109191865 -0.182795763016 -0.115074262023
      vertex 0.0292277950794 -0.181371003389 -0.114653326571
    endloop
  endfacet
  facet normal -0.580498456955 0.419739931822 -0.697739183903
    outer loop
      vertex 0.0716361775994 -0.138824820518 -0.126727685332
      vertex 0.0713486596942 -0.138401329517 -0.127829283476
      vertex 0.0702264085412 -0.139752566814 -0.127135187387
    endloop
  endfacet
  facet normal -0.580500841141 0.419741421938 -0.697736263275
    outer loop
      vertex 0.0621454007924 -0.146569594741 -0.12697917223
      vertex 0.0629267096519 -0.145995736122 -0.126852542162
      vertex 0.061621569097 -0.146180003881 -0.12835124135
    endloop
  endfacet
  facet normal -0.580497741699 0.419740021229 -0.69773966074
    outer loop
      vertex 0.0597120672464 -0.15789629519 -0.111515976489
      vertex 0.0596923157573 -0.157925114036 -0.111495390534
      vertex 0.0602034926414 -0.158069700003 -0.110548079014
    endloop
  endfacet
  facet normal -0.580495655537 0.419741481543 -0.69774055481
    outer loop
      vertex 0.0738086476922 -0.144559025764 -0.114191152155
      vertex 0.0727821290493 -0.145537152886 -0.113984845579
      vertex 0.0738378167152 -0.145265907049 -0.112975746393
    endloop
  endfacet
  facet normal -0.580500006676 0.419740498066 -0.697737514973
    outer loop
      vertex 0.0586332641542 -0.159423559904 -0.110469162464
      vertex 0.0582587197423 -0.159888058901 -0.110215008259
      vertex 0.0592513941228 -0.159828707576 -0.108940817416
    endloop
  endfacet
  facet normal -0.580499172211 0.419740825891 -0.69773799181
    outer loop
      vertex 0.0619971305132 -0.144319161773 -0.130925133824
      vertex 0.0594968013465 -0.145259365439 -0.132820159197
      vertex 0.0602742433548 -0.14547328651 -0.1313893646
    endloop
  endfacet
  facet normal -0.580497443676 0.419742166996 -0.697738647461
    outer loop
      vertex 0.0628361031413 -0.137365356088 -0.141324177384
      vertex 0.061190944165 -0.139502480626 -0.140046879649
      vertex 0.0629717484117 -0.138534858823 -0.139192536473
    endloop
  endfacet
  facet normal -0.580498874187 0.419740408659 -0.697738528252
    outer loop
      vertex 0.0607390478253 -0.156438231468 -0.112519420683
      vertex 0.0597120672464 -0.15789629519 -0.111515976489
      vertex 0.0602034926414 -0.158069700003 -0.110548079014
    endloop
  endfacet
  facet normal -0.580499231815 0.41974017024 -0.697738349438
    outer loop
      vertex 0.0148736974224 -0.175147175789 -0.144850894809
      vertex 0.0151386344805 -0.176175877452 -0.1427744627
      vertex 0.0181712880731 -0.173691421747 -0.142710238695
    endloop
  endfacet
  facet normal -0.580496490002 0.419745862484 -0.697737216949
    outer loop
      vertex 0.0522556453943 -0.166358053684 -0.107762120664
      vertex 0.0534687899053 -0.165195181966 -0.108017392457
      vertex 0.052925799042 -0.165694266558 -0.107938699424
    endloop
  endfacet
  facet normal -0.580499708652 0.419739127159 -0.697738587856
    outer loop
      vertex 0.0538950972259 -0.14048409462 -0.148505240679
      vertex 0.0534228980541 -0.139818251133 -0.15026512742
      vertex 0.0522283650935 -0.141191869974 -0.149633780122
    endloop
  endfacet
  facet normal -0.580499053001 0.419742196798 -0.697737276554
    outer loop
      vertex 0.0606087557971 -0.145620629191 -0.130681797862
      vertex 0.0619971305132 -0.144319161773 -0.130925133824
      vertex 0.0602742433548 -0.14547328651 -0.1313893646
    endloop
  endfacet
  facet normal -0.580499172211 0.419740527868 -0.697738230228
    outer loop
      vertex 0.0386111140251 -0.176826328039 -0.109230905771
      vertex 0.039240013808 -0.177419006824 -0.107375927269
      vertex 0.0392008572817 -0.176436915994 -0.109062619507
    endloop
  endfacet
  facet normal -0.58049839735 0.41974145174 -0.697738289833
    outer loop
      vertex 0.0556118935347 -0.165811643004 -0.104028731585
      vertex 0.0566224269569 -0.166133001447 -0.1020969823
      vertex 0.0581560134888 -0.164741009474 -0.102289959788
    endloop
  endfacet
  facet normal -0.580498933792 0.419741153717 -0.697738051414
    outer loop
      vertex 0.0503683574498 -0.146313279867 -0.143692791462
      vertex 0.0518527589738 -0.146549522877 -0.141247168183
      vertex 0.0526017472148 -0.144185066223 -0.14414177835
    endloop
  endfacet
  facet normal -0.580497741699 0.41973990202 -0.697739779949
    outer loop
      vertex 0.0700011253357 -0.150851875544 -0.108996264637
      vertex 0.0707454010844 -0.149419873953 -0.110347360373
      vertex 0.0691024959087 -0.150252521038 -0.111235365272
    endloop
  endfacet
  facet normal -0.580499410629 0.419740915298 -0.697737753391
    outer loop
      vertex 0.0289853960276 -0.187511503696 -0.104781165719
      vertex 0.0308608971536 -0.187066629529 -0.102926880121
      vertex 0.0308606475592 -0.18587231636 -0.104912541807
    endloop
  endfacet
  facet normal -0.580499112606 0.419739723206 -0.69773876667
    outer loop
      vertex 0.0582587197423 -0.159888058901 -0.110215008259
      vertex 0.0574277788401 -0.160971596837 -0.109563030303
      vertex 0.0592513941228 -0.159828707576 -0.108940817416
    endloop
  endfacet
  facet normal -0.580499649048 0.419739633799 -0.697738349438
    outer loop
      vertex 0.054765176028 -0.163880199194 -0.108410403132
      vertex 0.0546959452331 -0.163956955075 -0.1083785519
      vertex 0.0552397742867 -0.16423548758 -0.10716342926
    endloop
  endfacet
  facet normal -0.580499053001 0.419741034508 -0.697738051414
    outer loop
      vertex 0.0562811382115 -0.139355883002 -0.147080823779
      vertex 0.058707728982 -0.13865481317 -0.144890233874
      vertex 0.0586592517793 -0.137328177691 -0.147162556648
    endloop
  endfacet
  facet normal -0.580499112606 0.419740557671 -0.697738230228
    outer loop
      vertex 0.0218616388738 -0.189307942986 -0.111647024751
      vertex 0.0205154959112 -0.189105346799 -0.113845527172
      vertex 0.0199890974909 -0.190623253584 -0.112050287426
    endloop
  endfacet
  facet normal -0.580498933792 0.419740319252 -0.697738528252
    outer loop
      vertex 0.0476741790771 -0.171511039138 -0.10553240031
      vertex 0.0468573793769 -0.17095965147 -0.107578597963
      vertex 0.0456600338221 -0.171890065074 -0.107687883079
    endloop
  endfacet
  facet normal -0.580499887466 0.419739931822 -0.69773799181
    outer loop
      vertex 0.0646636784077 -0.135773450136 -0.141442924738
      vertex 0.0646864026785 -0.13700440526 -0.139365255833
      vertex 0.0654872879386 -0.135717153549 -0.140397444367
    endloop
  endfacet
  facet normal -0.580498993397 0.419740080833 -0.697738647461
    outer loop
      vertex 0.0596863515675 -0.157933101058 -0.111490368843
      vertex 0.0586332641542 -0.159423559904 -0.110469162464
      vertex 0.0602034926414 -0.158069700003 -0.110548079014
    endloop
  endfacet
  facet normal -0.580500423908 0.419739812613 -0.697737634182
    outer loop
      vertex 0.0632256194949 -0.152108892798 -0.116277188063
      vertex 0.0631054341793 -0.152363166213 -0.116020731628
      vertex 0.0641046091914 -0.151688665152 -0.115760095417
    endloop
  endfacet
  facet normal -0.580498278141 0.419741690159 -0.697738289833
    outer loop
      vertex 0.0640555769205 -0.162494570017 -0.0978651717305
      vertex 0.0661090761423 -0.161348715425 -0.0969299525023
      vertex 0.0654576048255 -0.160428449512 -0.0993606969714
    endloop
  endfacet
  facet normal -0.580498158932 0.419741362333 -0.697738528252
    outer loop
      vertex 0.0676909536123 -0.152446910739 -0.10953977704
      vertex 0.0691024959087 -0.150252521038 -0.111235365272
      vertex 0.0669672116637 -0.151364952326 -0.112339258194
    endloop
  endfacet
  facet normal -0.580514967442 0.419724702835 -0.697734594345
    outer loop
      vertex 0.062130857259 -0.154190540314 -0.114330910146
      vertex 0.0616828501225 -0.154988750815 -0.11362361908
      vertex 0.0625402182341 -0.153530746698 -0.114861555398
    endloop
  endfacet
  facet normal -0.580498874187 0.419741302729 -0.69773799181
    outer loop
      vertex 0.0332848466933 -0.15402790904 -0.154495105147
      vertex 0.034214489162 -0.155040726066 -0.15152579546
      vertex 0.0349253080785 -0.153582066298 -0.152967482805
    endloop
  endfacet
  facet normal -0.580498218536 0.419740945101 -0.697738707066
    outer loop
      vertex 0.0563389882445 -0.170406699181 -0.0953847765923
      vertex 0.0554824471474 -0.169633045793 -0.0978554189205
      vertex 0.0540326833725 -0.171594157815 -0.0966004505754
    endloop
  endfacet
  facet normal -0.580499768257 0.419737398624 -0.697739601135
    outer loop
      vertex 0.0636837780476 -0.150847986341 -0.117739588022
      vertex 0.0635813623667 -0.151118412614 -0.117431677878
      vertex 0.0646579638124 -0.150097548962 -0.117639735341
    endloop
  endfacet
  facet normal -0.580500483513 0.419740200043 -0.697737336159
    outer loop
      vertex 0.0632256194949 -0.152108892798 -0.116277188063
      vertex 0.0641046091914 -0.151688665152 -0.115760095417
      vertex 0.0635813623667 -0.151118412614 -0.117431677878
    endloop
  endfacet
  facet normal -0.580498158932 0.419741213322 -0.697738647461
    outer loop
      vertex 0.0249643009156 -0.163356542587 -0.150495305657
      vertex 0.0230923332274 -0.165284529328 -0.149879321456
      vertex 0.0253254249692 -0.164224907756 -0.148552387953
    endloop
  endfacet
  facet normal -0.580498576164 0.41974028945 -0.697738826275
    outer loop
      vertex 0.0714947059751 -0.142982363701 -0.120012201369
      vertex 0.0728517621756 -0.141112372279 -0.121243909001
      vertex 0.0710728317499 -0.141793638468 -0.12257167697
    endloop
  endfacet
  facet normal -0.580500245094 0.419740736485 -0.697737157345
    outer loop
      vertex 0.0410553179681 -0.151527941227 -0.14790430665
      vertex 0.0416290573776 -0.151212602854 -0.147635027766
      vertex 0.0417176000774 -0.150229126215 -0.14914740622
    endloop
  endfacet
  facet normal -0.580498635769 0.41973978281 -0.697739124298
    outer loop
      vertex 0.059382211417 -0.139720886946 -0.142185300589
      vertex 0.0611042827368 -0.13747279346 -0.143540710211
      vertex 0.058707728982 -0.13865481317 -0.144890233874
    endloop
  endfacet
  facet normal -0.580498456955 0.419740319252 -0.69773888588
    outer loop
      vertex 0.0270598959178 -0.184458598495 -0.112518996
      vertex 0.025557031855 -0.184872493148 -0.11390940845
      vertex 0.0253560915589 -0.186192706227 -0.111992709339
    endloop
  endfacet
  facet normal -0.580782234669 0.420798242092 -0.696865022182
    outer loop
      vertex 0.0484250485897 -0.147997558117 -0.14358061552
      vertex 0.0493195615709 -0.147596687078 -0.143009886146
      vertex 0.0473699830472 -0.148470103741 -0.144254237413
    endloop
  endfacet
  facet normal -0.580497860909 0.419740378857 -0.697739362717
    outer loop
      vertex 0.0539962872863 -0.144822895527 -0.141152888536
      vertex 0.0518527589738 -0.146549522877 -0.141247168183
      vertex 0.0530020110309 -0.146144121885 -0.140331685543
    endloop
  endfacet
  facet normal -0.580498576164 0.419742226601 -0.697737693787
    outer loop
      vertex 0.0435649976134 -0.150236934423 -0.146579489112
      vertex 0.043435536325 -0.149569496512 -0.147868022323
      vertex 0.0416290573776 -0.151212602854 -0.147635027766
    endloop
  endfacet
  facet normal -0.580498754978 0.419741213322 -0.697738170624
    outer loop
      vertex 0.0501190871 -0.176142394543 -0.0944523513317
      vertex 0.0479713454843 -0.176867127419 -0.0962179377675
      vertex 0.0481885299087 -0.178222239017 -0.0936649665236
    endloop
  endfacet
  facet normal -0.580489397049 0.419739216566 -0.697747170925
    outer loop
      vertex 0.0700311884284 -0.13705354929 -0.131891742349
      vertex 0.0694393217564 -0.136639967561 -0.133397802711
      vertex 0.0692215636373 -0.136529415846 -0.133882731199
    endloop
  endfacet
  facet normal -0.580498814583 0.419740051031 -0.69773876667
    outer loop
      vertex 0.024072792381 -0.182533144951 -0.119850836694
      vertex 0.0259250067174 -0.180685698986 -0.120360255241
      vertex 0.0240664556623 -0.181028738618 -0.122360385954
    endloop
  endfacet
  facet normal -0.580498576164 0.419753223658 -0.697731077671
    outer loop
      vertex 0.0480938442051 -0.180049672723 -0.0907581523061
      vertex 0.048916451633 -0.179539531469 -0.0904685035348
      vertex 0.0470744408667 -0.18066637218 -0.0911428332329
    endloop
  endfacet
  facet normal -0.580499351025 0.419739365578 -0.69773876667
    outer loop
      vertex 0.0611042827368 -0.13747279346 -0.143540710211
      vertex 0.0628361031413 -0.137365356088 -0.141324177384
      vertex 0.0631023719907 -0.135980278254 -0.14325837791
    endloop
  endfacet
  facet normal -0.580499649048 0.419740438461 -0.697737872601
    outer loop
      vertex 0.0280992276967 -0.188913196325 -0.103676691651
      vertex 0.0289853960276 -0.187511503696 -0.104781165719
      vertex 0.0274847913533 -0.189099103212 -0.104217417538
    endloop
  endfacet
  facet normal -0.580493748188 0.419742554426 -0.697741508484
    outer loop
      vertex 0.0679763033986 -0.136024564505 -0.1364441365
      vertex 0.0678382888436 -0.135974794626 -0.136717751622
      vertex 0.0674309134483 -0.137066930532 -0.135465681553
    endloop
  endfacet
  facet normal -0.580498337746 0.41974017024 -0.697739124298
    outer loop
      vertex 0.059382211417 -0.139720886946 -0.142185300589
      vertex 0.0610500052571 -0.138609364629 -0.141726434231
      vertex 0.0611042827368 -0.13747279346 -0.143540710211
    endloop
  endfacet
  facet normal -0.58049762249 0.419741123915 -0.697739124298
    outer loop
      vertex 0.0538950972259 -0.14048409462 -0.148505240679
      vertex 0.0545167438686 -0.141686201096 -0.145647242665
      vertex 0.0562811382115 -0.139355883002 -0.147080823779
    endloop
  endfacet
  facet normal -0.580499470234 0.419739097357 -0.697738826275
    outer loop
      vertex 0.0534921474755 -0.145964562893 -0.139952301979
      vertex 0.0537977330387 -0.145865187049 -0.139694869518
      vertex 0.0539962872863 -0.144822895527 -0.141152888536
    endloop
  endfacet
  facet normal -0.580501258373 0.41974145174 -0.697735905647
    outer loop
      vertex 0.0504893437028 -0.147105649114 -0.142208322883
      vertex 0.051058460027 -0.146866828203 -0.141818240285
      vertex 0.0503683574498 -0.146313279867 -0.143692791462
    endloop
  endfacet
  facet normal -0.580498099327 0.419740229845 -0.697739303112
    outer loop
      vertex 0.0537977330387 -0.145865187049 -0.139694869518
      vertex 0.0553042218089 -0.145451769233 -0.138298615813
      vertex 0.0559261888266 -0.144344076514 -0.139279782772
    endloop
  endfacet
  facet normal -0.580521702766 0.419736415148 -0.69772195816
    outer loop
      vertex 0.0435649976134 -0.150236934423 -0.146579489112
      vertex 0.0436083488166 -0.150215283036 -0.146555528045
      vertex 0.043435536325 -0.149569496512 -0.147868022323
    endloop
  endfacet
  facet normal -0.580501258373 0.41973900795 -0.697737336159
    outer loop
      vertex 0.0623578429222 -0.146722450852 -0.126431271434
      vertex 0.0629267096519 -0.145995736122 -0.126852542162
      vertex 0.0621454007924 -0.146569594741 -0.12697917223
    endloop
  endfacet
  facet normal -0.580499112606 0.419741392136 -0.697737753391
    outer loop
      vertex 0.064280115068 -0.146184980869 -0.124666213989
      vertex 0.0629267096519 -0.145995736122 -0.126852542162
      vertex 0.0624879002571 -0.14683637023 -0.126062005758
    endloop
  endfacet
  facet normal -0.580499470234 0.419739425182 -0.697738587856
    outer loop
      vertex 0.065464258194 -0.148280158639 -0.119545690715
      vertex 0.0647717267275 -0.147282496095 -0.122161909938
      vertex 0.0637583211064 -0.148806601763 -0.121029913425
    endloop
  endfacet
  facet normal -0.580498039722 0.419741421938 -0.697738587856
    outer loop
      vertex 0.0728861540556 -0.150297507644 -0.105927839875
      vertex 0.0733592063189 -0.14875690639 -0.107834540308
      vertex 0.0714074075222 -0.150659129024 -0.107371784747
    endloop
  endfacet
  facet normal -0.580497384071 0.419741898775 -0.69773888588
    outer loop
      vertex 0.056159157306 -0.138437271118 -0.148776531219
      vertex 0.0562811382115 -0.139355883002 -0.147080823779
      vertex 0.056746467948 -0.138155117631 -0.148433312774
    endloop
  endfacet
  facet normal -0.580498576164 0.419741243124 -0.697738289833
    outer loop
      vertex 0.031143669039 -0.158261403441 -0.150418952107
      vertex 0.0321728587151 -0.157410055399 -0.150410816073
      vertex 0.0310142040253 -0.157581925392 -0.151727512479
    endloop
  endfacet
  facet normal -0.580498695374 0.419741481543 -0.697738051414
    outer loop
      vertex 0.0170362703502 -0.173240855336 -0.145028933883
      vertex 0.0181596018374 -0.171603024006 -0.146197959781
      vertex 0.0163946188986 -0.172841280699 -0.146580561996
    endloop
  endfacet
  facet normal -0.580498993397 0.419740945101 -0.697738111019
    outer loop
      vertex 0.0180540885776 -0.17018212378 -0.148705869913
      vertex 0.0167211759835 -0.169690012932 -0.151367306709
      vertex 0.0157925244421 -0.171260550618 -0.150040924549
    endloop
  endfacet
  facet normal -0.580498695374 0.419742643833 -0.697737336159
    outer loop
      vertex 0.0277383998036 -0.161455541849 -0.149818792939
      vertex 0.0279941763729 -0.161200866103 -0.149888411164
      vertex 0.0269863065332 -0.161278799176 -0.151152729988
    endloop
  endfacet
  facet normal -0.580498337746 0.419740855694 -0.697738707066
    outer loop
      vertex 0.0370439663529 -0.182885810733 -0.101325519383
      vertex 0.0395269989967 -0.181170552969 -0.100742809474
      vertex 0.038048338145 -0.180986642838 -0.103093490005
    endloop
  endfacet
  facet normal -0.580499231815 0.419740110636 -0.697738409042
    outer loop
      vertex 0.0318487510085 -0.184382766485 -0.106022082269
      vertex 0.0324737913907 -0.185169160366 -0.103850409389
      vertex 0.0338552817702 -0.183280467987 -0.105079427361
    endloop
  endfacet
  facet normal -0.580497801304 0.419742643833 -0.697738111019
    outer loop
      vertex 0.0688487067819 -0.141324386001 -0.126427665353
      vertex 0.068560294807 -0.142855361104 -0.124281592667
      vertex 0.0705056041479 -0.140835508704 -0.124948881567
    endloop
  endfacet
  facet normal -0.580497920513 0.419742166996 -0.697738289833
    outer loop
      vertex 0.0246413368732 -0.16512927413 -0.147995129228
      vertex 0.0253254249692 -0.164224907756 -0.148552387953
      vertex 0.0234387405217 -0.166034460068 -0.148153617978
    endloop
  endfacet
  facet normal -0.580498456955 0.419741541147 -0.697738170624
    outer loop
      vertex 0.0619750656188 -0.168015196919 -0.0915655344725
      vertex 0.0605204924941 -0.168661013246 -0.092503644526
      vertex 0.0607149526477 -0.169976636767 -0.0900477319956
    endloop
  endfacet
  facet normal -0.580498218536 0.419741481543 -0.697738409042
    outer loop
      vertex 0.0705056041479 -0.140835508704 -0.124948881567
      vertex 0.0718655958772 -0.139152526855 -0.125865638256
      vertex 0.0702264085412 -0.139752566814 -0.127135187387
    endloop
  endfacet
  facet normal -0.580497682095 0.419740110636 -0.69773966074
    outer loop
      vertex 0.0228360705078 -0.167771309614 -0.146099925041
      vertex 0.0231256335974 -0.167277947068 -0.146519571543
      vertex 0.0221694968641 -0.167735040188 -0.147082075477
    endloop
  endfacet
  facet normal -0.58049839735 0.419740527868 -0.697738826275
    outer loop
      vertex 0.0678730607033 -0.159525707364 -0.097520776093
      vertex 0.0661090761423 -0.161348715425 -0.0969299525023
      vertex 0.0684667229652 -0.160326212645 -0.0953690707684
    endloop
  endfacet
  facet normal -0.580498039722 0.419740706682 -0.697739005089
    outer loop
      vertex 0.0250309873372 -0.179440066218 -0.123667299747
      vertex 0.0245729070157 -0.178764924407 -0.125423118472
      vertex 0.0231988001615 -0.180328220129 -0.124724805355
    endloop
  endfacet
  facet normal -0.580498814583 0.419740617275 -0.697738409042
    outer loop
      vertex 0.0498948581517 -0.174814641476 -0.0969695970416
      vertex 0.0523922778666 -0.173872634768 -0.0950815975666
      vertex 0.0516768805683 -0.172714009881 -0.0979969650507
    endloop
  endfacet
  facet normal -0.58049851656 0.419741004705 -0.697738468647
    outer loop
      vertex 0.0524052008986 -0.14038644731 -0.150728091598
      vertex 0.0522283650935 -0.141191869974 -0.149633780122
      vertex 0.0534228980541 -0.139818251133 -0.15026512742
    endloop
  endfacet
  facet normal -0.580498754978 0.419740468264 -0.697738587856
    outer loop
      vertex 0.0605145469308 -0.13664445281 -0.145733267069
      vertex 0.058707728982 -0.13865481317 -0.144890233874
      vertex 0.0611042827368 -0.13747279346 -0.143540710211
    endloop
  endfacet
  facet normal -0.580524027348 0.419749945402 -0.697711884975
    outer loop
      vertex 0.0596923157573 -0.157925114036 -0.111495390534
      vertex 0.0596863515675 -0.157933101058 -0.111490368843
      vertex 0.0602034926414 -0.158069700003 -0.110548079014
    endloop
  endfacet
  facet normal -0.58049839735 0.419741481543 -0.697738289833
    outer loop
      vertex 0.0213230717927 -0.171507969499 -0.141980916262
      vertex 0.0213554482907 -0.171369701624 -0.142165973783
      vertex 0.0205860212445 -0.172060504556 -0.142081767321
    endloop
  endfacet
  facet normal -0.579738080502 0.419814348221 -0.698326349258
    outer loop
      vertex 0.024541143328 -0.178704917431 -0.125566810369
      vertex 0.0245729070157 -0.178764924407 -0.125423118472
      vertex 0.0245593879372 -0.178737208247 -0.125487878919
    endloop
  endfacet
  facet normal -0.580498158932 0.419740825891 -0.69773888588
    outer loop
      vertex 0.070327796042 -0.137308388948 -0.131057947874
      vertex 0.0681998729706 -0.138891875744 -0.131368592381
      vertex 0.069736532867 -0.138839587569 -0.129330307245
    endloop
  endfacet
  facet normal -0.580499708652 0.41974067688 -0.697737693787
    outer loop
      vertex 0.0201306603849 -0.186993166804 -0.117888838053
      vertex 0.0181661639363 -0.188152134418 -0.11867916584
      vertex 0.0182920619845 -0.189192935824 -0.116774916649
    endloop
  endfacet
  facet normal -0.580495834351 0.419729143381 -0.697747826576
    outer loop
      vertex 0.0634358972311 -0.147976666689 -0.12285541743
      vertex 0.0647717267275 -0.147282496095 -0.122161909938
      vertex 0.0634074285626 -0.147926047444 -0.122978940606
    endloop
  endfacet
  facet normal -0.580498874187 0.419737130404 -0.697740495205
    outer loop
      vertex 0.0171044375747 -0.180684790015 -0.132560566068
      vertex 0.0171117633581 -0.180703744292 -0.132518917322
      vertex 0.0179885607213 -0.180234655738 -0.132086068392
    endloop
  endfacet
  facet normal -0.580542385578 0.419713973999 -0.697718203068
    outer loop
      vertex 0.0731972455978 -0.149315863848 -0.107129387558
      vertex 0.0733592063189 -0.14875690639 -0.107834540308
      vertex 0.0728861540556 -0.150297507644 -0.105927839875
    endloop
  endfacet
  facet normal -0.580499410629 0.419740974903 -0.697737753391
    outer loop
      vertex 0.0270193982869 -0.186085879803 -0.109869942069
      vertex 0.0253560915589 -0.186192706227 -0.111992709339
      vertex 0.0251317024231 -0.187404617667 -0.110288470984
    endloop
  endfacet
  facet normal -0.580500364304 0.419739693403 -0.697737693787
    outer loop
      vertex 0.0181310903281 -0.18705958128 -0.120543830097
      vertex 0.0181300844997 -0.18746432662 -0.119872413576
      vertex 0.0196041893214 -0.186016857624 -0.120239883661
    endloop
  endfacet
  facet normal -0.580500245094 0.419740587473 -0.697737276554
    outer loop
      vertex 0.0181149430573 -0.186019212008 -0.122295580804
      vertex 0.0181310903281 -0.18705958128 -0.120543830097
      vertex 0.0196041893214 -0.186016857624 -0.120239883661
    endloop
  endfacet
  facet normal -0.580499589443 0.41973939538 -0.697738528252
    outer loop
      vertex 0.0623600520194 -0.140895560384 -0.136114284396
      vertex 0.0606967322528 -0.141115501523 -0.138049036264
      vertex 0.0604224689305 -0.142779156566 -0.135662823915
    endloop
  endfacet
  facet normal -0.580498576164 0.419740885496 -0.697738468647
    outer loop
      vertex 0.019526058808 -0.190491020679 -0.112910486758
      vertex 0.0199890974909 -0.190623253584 -0.112050287426
      vertex 0.0205154959112 -0.189105346799 -0.113845527172
    endloop
  endfacet
  facet normal -0.580497682095 0.419740706682 -0.697739303112
    outer loop
      vertex 0.0197331644595 -0.171622097492 -0.143990024924
      vertex 0.0216915085912 -0.170184522867 -0.143671363592
      vertex 0.0205758046359 -0.169713586569 -0.145997196436
    endloop
  endfacet
endsolid "LV_connection"
