solid "LV_connection"
  facet normal -0.762682437897 0.266832232475 -0.589165568352
    outer loop
      vertex 0.0563445575535 -0.152103900909 1.23277211189
      vertex 0.0573183149099 -0.151897758245 1.23510026932
      vertex 0.0580471679568 -0.149845540524 1.23265218735
    endloop
  endfacet
  facet normal -0.762681543827 0.266833752394 -0.589166045189
    outer loop
      vertex 0.0328971073031 -0.166390791535 1.19729828835
      vertex 0.0342543236911 -0.165184438229 1.19851398468
      vertex 0.0337780416012 -0.165293946862 1.19739437103
    endloop
  endfacet
  facet normal -0.762682259083 0.266831547022 -0.589166104794
    outer loop
      vertex 0.0174018405378 -0.191931411624 1.20940220356
      vertex 0.0194481071085 -0.189400419593 1.20966255665
      vertex 0.0175203364342 -0.191070884466 1.20784080029
    endloop
  endfacet
  facet normal -0.762681245804 0.26683345437 -0.589166522026
    outer loop
      vertex 0.0214447677135 -0.186744660139 1.20950555801
      vertex 0.0194481071085 -0.189400419593 1.20966255665
      vertex 0.0211809892207 -0.188268631697 1.21211659908
    endloop
  endfacet
  facet normal -0.762675583363 0.266999959946 -0.589098513126
    outer loop
      vertex 0.036997590214 -0.164428651333 1.20468616486
      vertex 0.0358694493771 -0.165678232908 1.20422077179
      vertex 0.0364177338779 -0.165071859956 1.20444905758
    endloop
  endfacet
  facet normal -0.762681305408 0.266832023859 -0.589167118073
    outer loop
      vertex 0.0347360111773 -0.187094807625 1.2482688427
      vertex 0.0331041626632 -0.18932133913 1.24852073193
      vertex 0.0342345237732 -0.188967108727 1.25096940994
    endloop
  endfacet
  facet normal -0.762681365013 0.266835302114 -0.589165568352
    outer loop
      vertex 0.0286397486925 -0.172478035092 1.19857013226
      vertex 0.0274652820081 -0.173550546169 1.1975812912
      vertex 0.026636146009 -0.174712121487 1.19777619839
    endloop
  endfacet
  facet normal -0.762681424618 0.26683267951 -0.589166641235
    outer loop
      vertex 0.0357423014939 -0.187196403742 1.25136935711
      vertex 0.0342345237732 -0.188967108727 1.25096940994
      vertex 0.0354998186231 -0.18867982924 1.25395166874
    endloop
  endfacet
  facet normal -0.762681901455 0.266832977533 -0.58916592598
    outer loop
      vertex 0.0345270931721 -0.167213633657 1.20377409458
      vertex 0.0353299453855 -0.166274890304 1.20399606228
      vertex 0.035594932735 -0.165417015553 1.20285928249
    endloop
  endfacet
  facet normal -0.762681543827 0.266832977533 -0.589166343212
    outer loop
      vertex 0.0492901615798 -0.151885718107 1.21212697029
      vertex 0.0506895817816 -0.151009216905 1.21419155598
      vertex 0.0509935840964 -0.149616062641 1.21198439598
    endloop
  endfacet
  facet normal -0.762679636478 0.26684731245 -0.589162349701
    outer loop
      vertex 0.031447507441 -0.168231084943 1.19721829891
      vertex 0.0312757752836 -0.168453663588 1.19721889496
      vertex 0.0318455062807 -0.167723968625 1.19723618031
    endloop
  endfacet
  facet normal -0.7626298666 0.266848385334 -0.589226305485
    outer loop
      vertex 0.0222396329045 -0.1904450804 1.21994805336
      vertex 0.0224153418094 -0.191145241261 1.22199630737
      vertex 0.0223208535463 -0.190768405795 1.22089409828
    endloop
  endfacet
  facet normal -0.762682080269 0.26683267951 -0.58916580677
    outer loop
      vertex 0.0319928526878 -0.169909894466 1.20248389244
      vertex 0.0332629345357 -0.168735906482 1.20352196693
      vertex 0.0334333926439 -0.167383849621 1.20102381706
    endloop
  endfacet
  facet normal -0.762682199478 0.266831964254 -0.589165985584
    outer loop
      vertex 0.0284627340734 -0.174055114388 1.20154643059
      vertex 0.0300750415772 -0.172025039792 1.20167243481
      vertex 0.0286397486925 -0.172478035092 1.19857013226
    endloop
  endfacet
  facet normal -0.762681365013 0.26683357358 -0.589166343212
    outer loop
      vertex 0.0305813103914 -0.172145098448 1.20338451862
      vertex 0.0300750415772 -0.172025039792 1.20167243481
      vertex 0.0296725966036 -0.173377901316 1.20350921154
    endloop
  endfacet
  facet normal -0.762681663036 0.266832560301 -0.589166462421
    outer loop
      vertex 0.0361442305148 -0.189334481955 1.25723910332
      vertex 0.037879563868 -0.187774986029 1.25875580311
      vertex 0.0374162681401 -0.187155231833 1.25606310368
    endloop
  endfacet
  facet normal -0.762681603432 0.26683318615 -0.589166224003
    outer loop
      vertex 0.0361442305148 -0.189334481955 1.25723910332
      vertex 0.0351360961795 -0.191133320332 1.25832939148
      vertex 0.0366674438119 -0.190197899938 1.26064097881
    endloop
  endfacet
  facet normal -0.76268184185 0.266832351685 -0.589166283607
    outer loop
      vertex 0.0242972783744 -0.180919274688 1.20479643345
      vertex 0.026174467057 -0.178525790572 1.20487713814
      vertex 0.0245817750692 -0.179594859481 1.20268535614
    endloop
  endfacet
  facet normal -0.762681186199 0.266834557056 -0.589166164398
    outer loop
      vertex 0.0350486040115 -0.163746088743 1.19760835171
      vertex 0.0342543236911 -0.165184438229 1.19851398468
      vertex 0.0358505249023 -0.162793755531 1.19779765606
    endloop
  endfacet
  facet normal -0.762681424618 0.266833364964 -0.589166402817
    outer loop
      vertex 0.0243139583617 -0.181712135673 1.20659470558
      vertex 0.0251841172576 -0.180141806602 1.2056145668
      vertex 0.0242972783744 -0.180919274688 1.20479643345
    endloop
  endfacet
  facet normal -0.762681484222 0.266832768917 -0.589166522026
    outer loop
      vertex 0.0328673459589 -0.192894041538 1.25573241711
      vertex 0.0321194045246 -0.194971352816 1.25818121433
      vertex 0.0337495654821 -0.192801147699 1.25804889202
    endloop
  endfacet
  facet normal -0.762676298618 0.26684898138 -0.58916592598
    outer loop
      vertex 0.0254032816738 -0.176474988461 1.19814479351
      vertex 0.026636146009 -0.174712121487 1.19777619839
      vertex 0.0257336553186 -0.17599260807 1.19802391529
    endloop
  endfacet
  facet normal -0.76268196106 0.266832441092 -0.589166045189
    outer loop
      vertex 0.0388116128743 -0.187858581543 1.26160442829
      vertex 0.03987666592 -0.187832534313 1.26459109783
      vertex 0.0405922457576 -0.186047628522 1.2626953125
    endloop
  endfacet
  facet normal -0.762681245804 0.266832202673 -0.589167118073
    outer loop
      vertex 0.0268566291779 -0.176115706563 1.2015055418
      vertex 0.0284627340734 -0.174055114388 1.20154643059
      vertex 0.026636146009 -0.174712121487 1.19777619839
    endloop
  endfacet
  facet normal -0.762682676315 0.266832619905 -0.589165091515
    outer loop
      vertex 0.0547625571489 -0.160520851612 1.24683499336
      vertex 0.0554568991065 -0.159158080816 1.24581062794
      vertex 0.054096698761 -0.160222664475 1.24427330494
    endloop
  endfacet
  facet normal -0.762682199478 0.266833037138 -0.589165508747
    outer loop
      vertex 0.0247772522271 -0.178387716413 1.20057868958
      vertex 0.0245817750692 -0.179594859481 1.20268535614
      vertex 0.0262939054519 -0.177604958415 1.2031853199
    endloop
  endfacet
  facet normal -0.762681543827 0.266833156347 -0.589166283607
    outer loop
      vertex 0.0391382612288 -0.184651240706 1.25545620918
      vertex 0.0388673618436 -0.186012655497 1.25768792629
      vertex 0.0404414609075 -0.184184968472 1.25815165043
    endloop
  endfacet
  facet normal -0.762681305408 0.266833305359 -0.589166522026
    outer loop
      vertex 0.0262939054519 -0.177604958415 1.2031853199
      vertex 0.0275655705482 -0.17639143765 1.20414066315
      vertex 0.0268566291779 -0.176115706563 1.2015055418
    endloop
  endfacet
  facet normal -0.762682080269 0.266831934452 -0.589166164398
    outer loop
      vertex 0.0486594364047 -0.169086277485 1.24830293655
      vertex 0.0498961135745 -0.168089985847 1.24963796139
      vertex 0.0496066659689 -0.167466044426 1.24743294716
    endloop
  endfacet
  facet normal -0.76268196106 0.266831636429 -0.589166462421
    outer loop
      vertex 0.0317620448768 -0.170615181327 1.20338141918
      vertex 0.0319928526878 -0.169909894466 1.20248389244
      vertex 0.0308324806392 -0.17180852592 1.20335936546
    endloop
  endfacet
  facet normal -0.762682020664 0.266832351685 -0.589166045189
    outer loop
      vertex 0.0427397936583 -0.180191099644 1.25590240955
      vertex 0.0417311899364 -0.180309921503 1.25328195095
      vertex 0.0414260365069 -0.181305915117 1.25460886955
    endloop
  endfacet
  facet normal -0.762681424618 0.266834050417 -0.589166045189
    outer loop
      vertex 0.0275655705482 -0.17639143765 1.20414066315
      vertex 0.0262939054519 -0.177604958415 1.2031853199
      vertex 0.0272382237017 -0.176879748702 1.20428323746
    endloop
  endfacet
  facet normal -0.762681543827 0.266833394766 -0.589166224003
    outer loop
      vertex 0.0409414209425 -0.157100617886 1.19977843761
      vertex 0.0393914543092 -0.158769503236 1.19903314114
      vertex 0.0405416488647 -0.158466771245 1.20165228844
    endloop
  endfacet
  facet normal -0.762681126595 0.266832888126 -0.589166998863
    outer loop
      vertex 0.0283971484751 -0.175163954496 1.20380723476
      vertex 0.0284627340734 -0.174055114388 1.20154643059
      vertex 0.0268566291779 -0.176115706563 1.2015055418
    endloop
  endfacet
  facet normal -0.762681543827 0.266832947731 -0.589166402817
    outer loop
      vertex 0.0186429992318 -0.191232442856 1.21140635014
      vertex 0.0173133183271 -0.193043753505 1.21160519123
      vertex 0.0186338834465 -0.192331567407 1.21380722523
    endloop
  endfacet
  facet normal -0.762681901455 0.26683318615 -0.589165866375
    outer loop
      vertex 0.0173746030778 -0.192156776786 1.20982193947
      vertex 0.0186429992318 -0.191232442856 1.21140635014
      vertex 0.0174018405378 -0.191931411624 1.20940220356
    endloop
  endfacet
  facet normal -0.762681782246 0.266833603382 -0.58916580677
    outer loop
      vertex 0.0222396329045 -0.1904450804 1.21994805336
      vertex 0.021437395364 -0.190415620804 1.2175899744
      vertex 0.0209142938256 -0.191844567657 1.21924996376
    endloop
  endfacet
  facet normal -0.762681365013 0.26683345437 -0.589166402817
    outer loop
      vertex 0.0453854165971 -0.179056689143 1.26095962524
      vertex 0.0466360002756 -0.178777873516 1.26391851902
      vertex 0.0469137430191 -0.177150964737 1.26112020016
    endloop
  endfacet
  facet normal -0.762681365013 0.266833096743 -0.589166581631
    outer loop
      vertex 0.0537977106869 -0.166075661778 1.25634217262
      vertex 0.0544640645385 -0.166628196836 1.25946676731
      vertex 0.0558212772012 -0.164161533117 1.25789964199
    endloop
  endfacet
  facet normal -0.762681245804 0.266831815243 -0.589167296886
    outer loop
      vertex 0.0231351405382 -0.184162706137 1.20863628387
      vertex 0.0225058924407 -0.184726879001 1.20808339119
      vertex 0.0228833463043 -0.184744104743 1.20920026302
    endloop
  endfacet
  facet normal -0.762681484222 0.266832619905 -0.589166641235
    outer loop
      vertex 0.0228333752602 -0.181513339281 1.2019238472
      vertex 0.0242972783744 -0.180919274688 1.20479643345
      vertex 0.0245817750692 -0.179594859481 1.20268535614
    endloop
  endfacet
  facet normal -0.76268196106 0.266832619905 -0.589165985584
    outer loop
      vertex 0.0228333752602 -0.181513339281 1.2019238472
      vertex 0.0215962976217 -0.183295533061 1.20232307911
      vertex 0.0224834419787 -0.182783916593 1.20372915268
    endloop
  endfacet
  facet normal -0.762681424618 0.266832828522 -0.589166581631
    outer loop
      vertex 0.0177488923073 -0.190048411489 1.20623648167
      vertex 0.0175203364342 -0.191070884466 1.20784080029
      vertex 0.0186253879219 -0.189171463251 1.20680546761
    endloop
  endfacet
  facet normal -0.762682020664 0.266832798719 -0.58916580677
    outer loop
      vertex 0.0221414063126 -0.181353732944 1.19959366322
      vertex 0.0213971994817 -0.182522237301 1.20004653931
      vertex 0.0228333752602 -0.181513339281 1.2019238472
    endloop
  endfacet
  facet normal -0.762679100037 0.266832828522 -0.589169561863
    outer loop
      vertex 0.0218526311219 -0.192815452814 1.22407567501
      vertex 0.0228380821645 -0.192405596375 1.22598743439
      vertex 0.0226093810052 -0.1918181777 1.22403669357
    endloop
  endfacet
  facet normal -0.762682199478 0.266833037138 -0.589165508747
    outer loop
      vertex 0.0262939054519 -0.177604958415 1.2031853199
      vertex 0.0245817750692 -0.179594859481 1.20268535614
      vertex 0.026174467057 -0.178525790572 1.20487713814
    endloop
  endfacet
  facet normal -0.762681126595 0.266833275557 -0.589166760445
    outer loop
      vertex 0.0272382237017 -0.176879748702 1.20428323746
      vertex 0.0262939054519 -0.177604958415 1.2031853199
      vertex 0.0270224455744 -0.177214965224 1.20440661907
    endloop
  endfacet
  facet normal -0.762681782246 0.266832113266 -0.589166462421
    outer loop
      vertex 0.030281201005 -0.169749379158 1.19723701477
      vertex 0.0294295325875 -0.170878171921 1.19729506969
      vertex 0.0307445451617 -0.170073002577 1.19927597046
    endloop
  endfacet
  facet normal -0.76268196106 0.266832590103 -0.589166045189
    outer loop
      vertex 0.0367858596146 -0.185137495399 1.24980604649
      vertex 0.0364905297756 -0.184619903564 1.24781918526
      vertex 0.035654257983 -0.185512110591 1.2473988533
    endloop
  endfacet
  facet normal -0.762681305408 0.266833633184 -0.589166402817
    outer loop
      vertex 0.0337780416012 -0.165293946862 1.19739437103
      vertex 0.0342543236911 -0.165184438229 1.19851398468
      vertex 0.0343556217849 -0.164588049054 1.19748663902
    endloop
  endfacet
  facet normal -0.762681782246 0.266832411289 -0.589166343212
    outer loop
      vertex 0.0334333926439 -0.167383849621 1.20102381706
      vertex 0.035594932735 -0.165417015553 1.20285928249
      vertex 0.0357433930039 -0.164045646787 1.2002556324
    endloop
  endfacet
  facet normal -0.762681782246 0.266832232475 -0.589166402817
    outer loop
      vertex 0.0427596233785 -0.182607382536 1.26129424572
      vertex 0.042317725718 -0.184089079499 1.26330280304
      vertex 0.0438040681183 -0.182055994868 1.26306211948
    endloop
  endfacet
  facet normal -0.762682139874 0.266832888126 -0.589165687561
    outer loop
      vertex 0.059367351234 -0.154130756855 1.24588739872
      vertex 0.0598824508488 -0.152810245752 1.24444401264
      vertex 0.0586378797889 -0.154161944985 1.24387121201
    endloop
  endfacet
  facet normal -0.762681365013 0.26683357358 -0.589166343212
    outer loop
      vertex 0.026174467057 -0.178525790572 1.20487713814
      vertex 0.0270224455744 -0.177214965224 1.20440661907
      vertex 0.0262939054519 -0.177604958415 1.2031853199
    endloop
  endfacet
  facet normal -0.762681543827 0.266832143068 -0.589166760445
    outer loop
      vertex 0.0557612217963 -0.157938271761 1.24398708344
      vertex 0.0554568991065 -0.159158080816 1.24581062794
      vertex 0.056559573859 -0.158493548632 1.2474950552
    endloop
  endfacet
  facet normal -0.762681543827 0.266833543777 -0.589166104794
    outer loop
      vertex 0.0229247044772 -0.183287322521 1.20610189438
      vertex 0.0225058924407 -0.184726879001 1.20808339119
      vertex 0.0235288981348 -0.183267295361 1.20778465271
    endloop
  endfacet
  facet normal -0.76268184185 0.266832143068 -0.589166343212
    outer loop
      vertex 0.0372549518943 -0.186097070575 1.25326561928
      vertex 0.0391382612288 -0.184651240706 1.25545620918
      vertex 0.0386981628835 -0.183873996139 1.25248217583
    endloop
  endfacet
  facet normal -0.762682020664 0.266832143068 -0.589166104794
    outer loop
      vertex 0.0209832359105 -0.185869187117 1.20625340939
      vertex 0.0229247044772 -0.183287322521 1.20610189438
      vertex 0.0211242325604 -0.184509217739 1.20365357399
    endloop
  endfacet
  facet normal -0.762681365013 0.266832560301 -0.589166820049
    outer loop
      vertex 0.0214447677135 -0.186744660139 1.20950555801
      vertex 0.0225058924407 -0.184726879001 1.20808339119
      vertex 0.0209832359105 -0.185869187117 1.20625340939
    endloop
  endfacet
  facet normal -0.762682497501 0.266832202673 -0.589165508747
    outer loop
      vertex 0.0228833463043 -0.184744104743 1.20920026302
      vertex 0.0225058924407 -0.184726879001 1.20808339119
      vertex 0.0227972529829 -0.18496966362 1.20945227146
    endloop
  endfacet
  facet normal -0.76268196106 0.266832619905 -0.589166045189
    outer loop
      vertex 0.0384271629155 -0.183081418276 1.24995756149
      vertex 0.0367858596146 -0.185137495399 1.24980604649
      vertex 0.0386981628835 -0.183873996139 1.25248217583
    endloop
  endfacet
  facet normal -0.762682080269 0.266832530499 -0.589165866375
    outer loop
      vertex 0.0439007282257 -0.180930361152 1.26085305214
      vertex 0.0453854165971 -0.179056689143 1.26095962524
      vertex 0.044138494879 -0.179572179914 1.2585337162
    endloop
  endfacet
  facet normal -0.76268106699 0.266832590103 -0.589167118073
    outer loop
      vertex 0.0465212501585 -0.153296396136 1.20732748508
      vertex 0.0462993755937 -0.152347698808 1.20459854603
      vertex 0.0455865077674 -0.153864264488 1.20590949059
    endloop
  endfacet
  facet normal -0.762681424618 0.266832888126 -0.589166522026
    outer loop
      vertex 0.0629414990544 -0.149542495608 1.24597239494
      vertex 0.0610682033002 -0.152146145701 1.24636697769
      vertex 0.0634433627129 -0.150162786245 1.24877643585
    endloop
  endfacet
  facet normal -0.762680768967 0.266834259033 -0.589166820049
    outer loop
      vertex 0.0228380821645 -0.192405596375 1.22598743439
      vertex 0.0218526311219 -0.192815452814 1.22407567501
      vertex 0.0220806375146 -0.193729609251 1.22674584389
    endloop
  endfacet
  facet normal -0.762689888477 0.266823410988 -0.58915990591
    outer loop
      vertex 0.0181900989264 -0.188665658236 1.20444440842
      vertex 0.0189174097031 -0.186970636249 1.20278072357
      vertex 0.0186753887683 -0.187487900257 1.20323109627
    endloop
  endfacet
  facet normal -0.762681722641 0.266832202673 -0.589166462421
    outer loop
      vertex 0.059209421277 -0.149525985122 1.23526871204
      vertex 0.0605175457895 -0.148764744401 1.23732686043
      vertex 0.0607074312866 -0.147639900446 1.23538589478
    endloop
  endfacet
  facet normal -0.762681424618 0.266832143068 -0.589166939259
    outer loop
      vertex 0.0314283296466 -0.194624900818 1.25544095039
      vertex 0.0306621417403 -0.194513455033 1.25300490856
      vertex 0.0300224944949 -0.196206822991 1.25491559505
    endloop
  endfacet
  facet normal -0.762682020664 0.266832500696 -0.589165985584
    outer loop
      vertex 0.046107750386 -0.17604495585 1.25637435913
      vertex 0.0471958443522 -0.175722435117 1.25877225399
      vertex 0.0476405359805 -0.174259871244 1.25681400299
    endloop
  endfacet
  facet normal -0.762681484222 0.266832262278 -0.589166820049
    outer loop
      vertex 0.0610546916723 -0.146253988147 1.23331832886
      vertex 0.0607074312866 -0.147639900446 1.23538589478
      vertex 0.0620861984789 -0.14590869844 1.23550438881
    endloop
  endfacet
  facet normal -0.762681365013 0.266832947731 -0.589166641235
    outer loop
      vertex 0.0328673459589 -0.192894041538 1.25573241711
      vertex 0.0314283296466 -0.194624900818 1.25544095039
      vertex 0.0321194045246 -0.194971352816 1.25818121433
    endloop
  endfacet
  facet normal -0.762724399567 0.266864150763 -0.589096784592
    outer loop
      vertex 0.0225123763084 -0.202114537358 1.24649381638
      vertex 0.0210612267256 -0.202602699399 1.24342393875
      vertex 0.0217969287187 -0.202364563942 1.24500095844
    endloop
  endfacet
  facet normal -0.76268196106 0.266833871603 -0.589165389538
    outer loop
      vertex 0.0203104577959 -0.195033505559 1.22456526756
      vertex 0.0220806375146 -0.193729609251 1.22674584389
      vertex 0.0218526311219 -0.192815452814 1.22407567501
    endloop
  endfacet
  facet normal -0.762681782246 0.266832321882 -0.589166402817
    outer loop
      vertex 0.0493169426918 -0.148919939995 1.20565509796
      vertex 0.0477485768497 -0.150305986404 1.20423269272
      vertex 0.0484655052423 -0.150673404336 1.20709311962
    endloop
  endfacet
  facet normal -0.762681901455 0.266692847013 -0.589229345322
    outer loop
      vertex 0.0409414209425 -0.157100617886 1.19977843761
      vertex 0.040817938745 -0.157232746482 1.19971728325
      vertex 0.0393914543092 -0.158769503236 1.19903314114
    endloop
  endfacet
  facet normal -0.76268184185 0.266832739115 -0.589166104794
    outer loop
      vertex 0.0559300221503 -0.156540572643 1.24138343334
      vertex 0.0557612217963 -0.157938271761 1.24398708344
      vertex 0.0573357455432 -0.155633151531 1.24339783192
    endloop
  endfacet
  facet normal -0.762681663036 0.266832739115 -0.589166343212
    outer loop
      vertex 0.0466360002756 -0.178777873516 1.26391851902
      vertex 0.0450125411153 -0.180351421237 1.26275253296
      vertex 0.0452478341758 -0.181086659431 1.26504850388
    endloop
  endfacet
  facet normal -0.762681782246 0.26683318615 -0.589165985584
    outer loop
      vertex 0.0424216799438 -0.156185597181 1.20198905468
      vertex 0.0409414209425 -0.157100617886 1.19977843761
      vertex 0.0405416488647 -0.158466771245 1.20165228844
    endloop
  endfacet
  facet normal -0.762681782246 0.266833156347 -0.589165985584
    outer loop
      vertex 0.0361442305148 -0.189334481955 1.25723910332
      vertex 0.0366674438119 -0.190197899938 1.26064097881
      vertex 0.037879563868 -0.187774986029 1.25875580311
    endloop
  endfacet
  facet normal -0.762681543827 0.26683267951 -0.589166462421
    outer loop
      vertex 0.0228333752602 -0.181513339281 1.2019238472
      vertex 0.0234400033951 -0.180186226964 1.20072758198
      vertex 0.0221414063126 -0.181353732944 1.19959366322
    endloop
  endfacet
  facet normal -0.762681722641 0.266833245754 -0.589166045189
    outer loop
      vertex 0.0388116128743 -0.187858581543 1.26160442829
      vertex 0.037879563868 -0.187774986029 1.25875580311
      vertex 0.0366674438119 -0.190197899938 1.26064097881
    endloop
  endfacet
  facet normal -0.762681663036 0.266832381487 -0.589166462421
    outer loop
      vertex 0.024510351941 -0.194949448109 1.23638403416
      vertex 0.0246572624892 -0.193861871958 1.23440265656
      vertex 0.0231823269278 -0.195538833737 1.23388957977
    endloop
  endfacet
  facet normal -0.762681305408 0.266832202673 -0.589166998863
    outer loop
      vertex 0.0221120491624 -0.187251910567 1.21253287792
      vertex 0.0211809892207 -0.188268631697 1.21211659908
      vertex 0.0220110379159 -0.187963396311 1.21381509304
    endloop
  endfacet
  facet normal -0.762682139874 0.266833096743 -0.589165568352
    outer loop
      vertex 0.0243750046939 -0.201386868954 1.25021100044
      vertex 0.0250849314034 -0.200063854456 1.24931895733
      vertex 0.0234234668314 -0.201778590679 1.24835622311
    endloop
  endfacet
  facet normal -0.76268196106 0.266831934452 -0.589166283607
    outer loop
      vertex 0.026636146009 -0.174712121487 1.19777619839
      vertex 0.0255871284753 -0.176765084267 1.19931077957
      vertex 0.0268566291779 -0.176115706563 1.2015055418
    endloop
  endfacet
  facet normal -0.762681782246 0.266832619905 -0.589166224003
    outer loop
      vertex 0.0577356554568 -0.15411272645 1.24118375778
      vertex 0.0559300221503 -0.156540572643 1.24138343334
      vertex 0.0573357455432 -0.155633151531 1.24339783192
    endloop
  endfacet
  facet normal -0.762681603432 0.266831040382 -0.589167177677
    outer loop
      vertex 0.0218526311219 -0.192815452814 1.22407567501
      vertex 0.0224153418094 -0.191145241261 1.22199630737
      vertex 0.0201569776982 -0.193826377392 1.22146117687
    endloop
  endfacet
  facet normal -0.762683033943 0.266832888126 -0.589164495468
    outer loop
      vertex 0.0186253879219 -0.189171463251 1.20680546761
      vertex 0.0194542575628 -0.187620133162 1.2057492733
      vertex 0.0181900989264 -0.188665658236 1.20444440842
    endloop
  endfacet
  facet normal -0.762682139874 0.26683229208 -0.58916592598
    outer loop
      vertex 0.0596303828061 -0.152191281319 1.2423568964
      vertex 0.0586378797889 -0.154161944985 1.24387121201
      vertex 0.0598824508488 -0.152810245752 1.24444401264
    endloop
  endfacet
  facet normal -0.762682020664 0.26683229208 -0.589166104794
    outer loop
      vertex 0.0580293945968 -0.155964389443 1.24611186981
      vertex 0.0573357455432 -0.155633151531 1.24339783192
      vertex 0.0557612217963 -0.157938271761 1.24398708344
    endloop
  endfacet
  facet normal -0.762682139874 0.266833424568 -0.589165389538
    outer loop
      vertex 0.05548620224 -0.14892680943 1.22330367565
      vertex 0.0544416941702 -0.151066750288 1.2250431776
      vertex 0.0562979094684 -0.148951351643 1.22567796707
    endloop
  endfacet
  facet normal -0.76268273592 0.266832351685 -0.589165091515
    outer loop
      vertex 0.0186338834465 -0.192331567407 1.21380722523
      vertex 0.0202706865966 -0.190096005797 1.21354961395
      vertex 0.0186429992318 -0.191232442856 1.21140635014
    endloop
  endfacet
  facet normal -0.762681782246 0.266832649708 -0.589166164398
    outer loop
      vertex 0.0417143628001 -0.159234553576 1.20669949055
      vertex 0.0407645180821 -0.15936781466 1.20427882671
      vertex 0.040180888027 -0.161230400205 1.2067232132
    endloop
  endfacet
  facet normal -0.762682020664 0.266832500696 -0.589165985584
    outer loop
      vertex 0.0201569776982 -0.193826377392 1.22146117687
      vertex 0.0183469578624 -0.19553206861 1.220053792
      vertex 0.018480386585 -0.196474641562 1.2225164175
    endloop
  endfacet
  facet normal -0.762725889683 0.266810029745 -0.589119374752
    outer loop
      vertex 0.0170764494687 -0.197042495012 1.2197573185
      vertex 0.0170508492738 -0.197978794575 1.2217515707
      vertex 0.0171096436679 -0.196582764387 1.21883714199
    endloop
  endfacet
  facet normal -0.762681484222 0.266832828522 -0.589166522026
    outer loop
      vertex 0.057661626488 -0.143644228578 1.21785771847
      vertex 0.0561508052051 -0.146293535829 1.219389081
      vertex 0.0575734451413 -0.14494676888 1.22048163414
    endloop
  endfacet
  facet normal -0.762682199478 0.266832560301 -0.589165747166
    outer loop
      vertex 0.0366674438119 -0.190197899938 1.26064097881
      vertex 0.0369873680174 -0.191204681993 1.2637784481
      vertex 0.038293030113 -0.189461529255 1.26366150379
    endloop
  endfacet
  facet normal -0.762682020664 0.26683267951 -0.589165866375
    outer loop
      vertex 0.035654257983 -0.185512110591 1.2473988533
      vertex 0.0347360111773 -0.187094807625 1.2482688427
      vertex 0.0367858596146 -0.185137495399 1.24980604649
    endloop
  endfacet
  facet normal -0.762681603432 0.266833156347 -0.589166224003
    outer loop
      vertex 0.0499473847449 -0.173749163747 1.26227998734
      vertex 0.0482202768326 -0.175392091274 1.26097095013
      vertex 0.0485294796526 -0.176238894463 1.26372456551
    endloop
  endfacet
  facet normal -0.762681663036 0.266833215952 -0.589166104794
    outer loop
      vertex 0.0580764450133 -0.158384740353 1.25159049034
      vertex 0.056665353477 -0.160204663873 1.25157546997
      vertex 0.0577555410564 -0.159562408924 1.25327348709
    endloop
  endfacet
  facet normal -0.76268106699 0.266832798719 -0.589167058468
    outer loop
      vertex 0.0641444250941 -0.142536640167 1.23394179344
      vertex 0.0630883052945 -0.144101306796 1.23437798023
      vertex 0.0644430890679 -0.14286339283 1.23551690578
    endloop
  endfacet
  facet normal -0.762686610222 0.266857534647 -0.589148700237
    outer loop
      vertex 0.0481044538319 -0.149978965521 1.20452773571
      vertex 0.0477485768497 -0.150305986404 1.20423269272
      vertex 0.048380240798 -0.149733632803 1.20477437973
    endloop
  endfacet
  facet normal -0.762681722641 0.266832649708 -0.589166343212
    outer loop
      vertex 0.0521790534258 -0.166376382113 1.25237953663
      vertex 0.0536648184061 -0.164368599653 1.25219321251
      vertex 0.0522710420191 -0.165320590138 1.25031137466
    endloop
  endfacet
  facet normal -0.762681722641 0.26683178544 -0.58916670084
    outer loop
      vertex 0.040180888027 -0.161230400205 1.2067232132
      vertex 0.0388387255371 -0.162059158087 1.20471680164
      vertex 0.0395817756653 -0.161802113056 1.20627307892
    endloop
  endfacet
  facet normal -0.762681424618 0.266832888126 -0.589166581631
    outer loop
      vertex 0.0262082573026 -0.19730129838 1.24643003941
      vertex 0.0250685904175 -0.19760710001 1.24384772778
      vertex 0.024171249941 -0.199993789196 1.24655270576
    endloop
  endfacet
  facet normal -0.762681245804 0.266833424568 -0.589166522026
    outer loop
      vertex 0.0214447677135 -0.186744660139 1.20950555801
      vertex 0.0211809892207 -0.188268631697 1.21211659908
      vertex 0.0222507361323 -0.186664789915 1.211632967
    endloop
  endfacet
  facet normal -0.762681484222 0.266833424568 -0.589166283607
    outer loop
      vertex 0.0413218326867 -0.184194773436 1.2606896162
      vertex 0.0427596233785 -0.182607382536 1.26129424572
      vertex 0.0424194894731 -0.181961908937 1.2588968277
    endloop
  endfacet
  facet normal -0.762679100037 0.266834765673 -0.589168727398
    outer loop
      vertex 0.0213675051928 -0.189654201269 1.21570909023
      vertex 0.021437395364 -0.190415620804 1.2175899744
      vertex 0.0219922289252 -0.189129531384 1.21633625031
    endloop
  endfacet
  facet normal -0.762681901455 0.266832888126 -0.589165985584
    outer loop
      vertex 0.0469137430191 -0.177150964737 1.26112020016
      vertex 0.0482202768326 -0.175392091274 1.26097095013
      vertex 0.0471958443522 -0.175722435117 1.25877225399
    endloop
  endfacet
  facet normal -0.762681663036 0.266833037138 -0.589166224003
    outer loop
      vertex 0.0172564089298 -0.194075718522 1.21372115612
      vertex 0.0186338834465 -0.192331567407 1.21380722523
      vertex 0.0173133183271 -0.193043753505 1.21160519123
    endloop
  endfacet
  facet normal -0.762675702572 0.266836255789 -0.589172482491
    outer loop
      vertex 0.0172769408673 -0.193627014756 1.21278905869
      vertex 0.0172564089298 -0.194075718522 1.21372115612
      vertex 0.0173133183271 -0.193043753505 1.21160519123
    endloop
  endfacet
  facet normal -0.762681722641 0.26683229208 -0.589166462421
    outer loop
      vertex 0.0561508052051 -0.146293535829 1.219389081
      vertex 0.0555571950972 -0.145771950483 1.21654069424
      vertex 0.0546294562519 -0.147790431976 1.2183457613
    endloop
  endfacet
  facet normal -0.762681782246 0.266832590103 -0.589166224003
    outer loop
      vertex 0.0220110379159 -0.187963396311 1.21381509304
      vertex 0.0211809892207 -0.188268631697 1.21211659908
      vertex 0.0219836886972 -0.188214793801 1.21429204941
    endloop
  endfacet
  facet normal -0.762681663036 0.2668364048 -0.589164614677
    outer loop
      vertex 0.0220886319876 -0.189746797085 1.21797466278
      vertex 0.021437395364 -0.190415620804 1.2175899744
      vertex 0.0221207663417 -0.189896628261 1.21839737892
    endloop
  endfacet
  facet normal -0.762682497501 0.266832858324 -0.589165210724
    outer loop
      vertex 0.0209142938256 -0.191844567657 1.21924996376
      vertex 0.021437395364 -0.190415620804 1.2175899744
      vertex 0.0199394915253 -0.191807299852 1.21638143063
    endloop
  endfacet
  facet normal -0.762681365013 0.266832202673 -0.589166939259
    outer loop
      vertex 0.0596570968628 -0.145542904735 1.22775363922
      vertex 0.0579548366368 -0.147294744849 1.2267562151
      vertex 0.0587160922587 -0.147407889366 1.22918188572
    endloop
  endfacet
  facet normal -0.762681424618 0.266832858324 -0.589166581631
    outer loop
      vertex 0.0445329621434 -0.177924394608 1.25602293015
      vertex 0.0427397936583 -0.180191099644 1.25590240955
      vertex 0.044138494879 -0.179572179914 1.2585337162
    endloop
  endfacet
  facet normal -0.762684881687 0.26683151722 -0.589162766933
    outer loop
      vertex 0.0170765593648 -0.200457558036 1.22729814053
      vertex 0.0175528340042 -0.199237003922 1.2259645462
      vertex 0.0170777831227 -0.200049966574 1.22640168667
    endloop
  endfacet
  facet normal -0.762868583202 0.266954123974 -0.588869273663
    outer loop
      vertex 0.0210313443094 -0.20261234045 1.24335980415
      vertex 0.0210612267256 -0.202602699399 1.24342393875
      vertex 0.0201578103006 -0.202859118581 1.24140787125
    endloop
  endfacet
  facet normal -0.762682378292 0.266831278801 -0.589166045189
    outer loop
      vertex 0.0219049844891 -0.200947552919 1.2421810627
      vertex 0.020320892334 -0.201793894172 1.23952198029
      vertex 0.0201578103006 -0.202859118581 1.24140787125
    endloop
  endfacet
  facet normal -0.762682020664 0.266832113266 -0.589166164398
    outer loop
      vertex 0.059209421277 -0.149525985122 1.23526871204
      vertex 0.0573183149099 -0.151897758245 1.23510026932
      vertex 0.0590379163623 -0.150758162141 1.23749911785
    endloop
  endfacet
  facet normal -0.762682080269 0.26683229208 -0.589165985584
    outer loop
      vertex 0.0170276165009 -0.199064031243 1.22408139706
      vertex 0.0187734477222 -0.197340816259 1.22526657581
      vertex 0.018480386585 -0.196474641562 1.2225164175
    endloop
  endfacet
  facet normal -0.762681484222 0.266833424568 -0.589166283607
    outer loop
      vertex 0.0250849314034 -0.200063854456 1.24931895733
      vertex 0.0252117086202 -0.200974151492 1.2516913414
      vertex 0.02646615915 -0.198783531785 1.25044000149
    endloop
  endfacet
  facet normal -0.76268273592 0.266831994057 -0.589165270329
    outer loop
      vertex 0.0189174097031 -0.186970636249 1.20278072357
      vertex 0.0181900989264 -0.188665658236 1.20444440842
      vertex 0.0194542575628 -0.187620133162 1.2057492733
    endloop
  endfacet
  facet normal -0.762681424618 0.266832858324 -0.589166581631
    outer loop
      vertex 0.0521790534258 -0.166376382113 1.25237953663
      vertex 0.050653513521 -0.16818420589 1.2520108223
      vertex 0.0518494024873 -0.167800635099 1.25458216667
    endloop
  endfacet
  facet normal -0.762681603432 0.266833126545 -0.589166283607
    outer loop
      vertex 0.0199394915253 -0.191807299852 1.21638143063
      vertex 0.0186338834465 -0.192331567407 1.21380722523
      vertex 0.0179920885712 -0.194093123078 1.21586227417
    endloop
  endfacet
  facet normal -0.762681722641 0.26683267951 -0.589166283607
    outer loop
      vertex 0.0492543429136 -0.171345517039 1.25499176979
      vertex 0.048053316772 -0.172912091017 1.25501799583
      vertex 0.0494251549244 -0.172142282128 1.25723934174
    endloop
  endfacet
  facet normal -0.762681722641 0.266832172871 -0.589166522026
    outer loop
      vertex 0.0506074056029 -0.16653585434 1.24823951721
      vertex 0.0498961135745 -0.168089985847 1.24963796139
      vertex 0.0511757135391 -0.166888922453 1.25064349174
    endloop
  endfacet
  facet normal -0.762681484222 0.266832262278 -0.589166820049
    outer loop
      vertex 0.023333568126 -0.179522007704 1.19895672798
      vertex 0.0221414063126 -0.181353732944 1.19959366322
      vertex 0.0234400033951 -0.180186226964 1.20072758198
    endloop
  endfacet
  facet normal -0.762678265572 0.266839981079 -0.589167416096
    outer loop
      vertex 0.0232101455331 -0.179708003998 1.1990146637
      vertex 0.0221414063126 -0.181353732944 1.19959366322
      vertex 0.023333568126 -0.179522007704 1.19895672798
    endloop
  endfacet
  facet normal -0.762682139874 0.266832560301 -0.58916580677
    outer loop
      vertex 0.054096698761 -0.160222664475 1.24427330494
      vertex 0.0527976676822 -0.162601202726 1.24581217766
      vertex 0.0547625571489 -0.160520851612 1.24683499336
    endloop
  endfacet
  facet normal -0.762685120106 0.266831576824 -0.589162349701
    outer loop
      vertex 0.0170546732843 -0.199639856815 1.22543013096
      vertex 0.0175528340042 -0.199237003922 1.2259645462
      vertex 0.0170276165009 -0.199064031243 1.22408139706
    endloop
  endfacet
  facet normal -0.762682497501 0.266833543777 -0.589164853096
    outer loop
      vertex 0.0210612267256 -0.202602699399 1.24342393875
      vertex 0.0225123763084 -0.202114537358 1.24649381638
      vertex 0.0226811747998 -0.201067045331 1.24466347694
    endloop
  endfacet
  facet normal -0.76268196106 0.266831964254 -0.589166283607
    outer loop
      vertex 0.0452693626285 -0.152664780617 1.20235455036
      vertex 0.0462993755937 -0.152347698808 1.20459854603
      vertex 0.0458260253072 -0.152124613523 1.20275294781
    endloop
  endfacet
  facet normal -0.762681603432 0.266832202673 -0.58916670084
    outer loop
      vertex 0.0214447677135 -0.186744660139 1.20950555801
      vertex 0.0227972529829 -0.18496966362 1.20945227146
      vertex 0.0225058924407 -0.184726879001 1.20808339119
    endloop
  endfacet
  facet normal -0.762681365013 0.266833126545 -0.589166522026
    outer loop
      vertex 0.0509935840964 -0.149616062641 1.21198439598
      vertex 0.0506895817816 -0.151009216905 1.21419155598
      vertex 0.0523343160748 -0.148943260312 1.21433103085
    endloop
  endfacet
  facet normal -0.762681603432 0.266831964254 -0.58916670084
    outer loop
      vertex 0.0194481071085 -0.189400419593 1.20966255665
      vertex 0.0214447677135 -0.186744660139 1.20950555801
      vertex 0.020040333271 -0.18766091764 1.20751452446
    endloop
  endfacet
  facet normal -0.762681663036 0.266833603382 -0.589165985584
    outer loop
      vertex 0.0224077925086 -0.186091139913 1.21081531048
      vertex 0.0214447677135 -0.186744660139 1.20950555801
      vertex 0.0222507361323 -0.186664789915 1.211632967
    endloop
  endfacet
  facet normal -0.76268196106 0.266832083464 -0.589166283607
    outer loop
      vertex 0.0566233061254 -0.161288410425 1.25384831429
      vertex 0.0582737140357 -0.159952491522 1.25561594963
      vertex 0.0577555410564 -0.159562408924 1.25327348709
    endloop
  endfacet
  facet normal -0.762681663036 0.266832828522 -0.589166283607
    outer loop
      vertex 0.0537977106869 -0.166075661778 1.25634217262
      vertex 0.0550231076777 -0.163715839386 1.25463426113
      vertex 0.0533033460379 -0.165650039911 1.25398933887
    endloop
  endfacet
  facet normal -0.762680888176 0.266833990812 -0.589166760445
    outer loop
      vertex 0.0228380821645 -0.192405596375 1.22598743439
      vertex 0.0220806375146 -0.193729609251 1.22674584389
      vertex 0.0229630265385 -0.192669928074 1.2269282341
    endloop
  endfacet
  facet normal -0.762682020664 0.266833096743 -0.589165687561
    outer loop
      vertex 0.0378251448274 -0.191044613719 1.26581954956
      vertex 0.038293030113 -0.189461529255 1.26366150379
      vertex 0.0369873680174 -0.191204681993 1.2637784481
    endloop
  endfacet
  facet normal -0.762681901455 0.266832739115 -0.589166045189
    outer loop
      vertex 0.0537592098117 -0.163235172629 1.24996030331
      vertex 0.0522043779492 -0.164294078946 1.24785423279
      vertex 0.0522710420191 -0.165320590138 1.25031137466
    endloop
  endfacet
  facet normal -0.76268196106 0.266832977533 -0.58916580677
    outer loop
      vertex 0.0267603732646 -0.200063407421 1.25410687923
      vertex 0.0273854043335 -0.198422551155 1.25227034092
      vertex 0.0252117086202 -0.200974151492 1.2516913414
    endloop
  endfacet
  facet normal -0.762682795525 0.266822338104 -0.589169561863
    outer loop
      vertex 0.0358505249023 -0.162793755531 1.19779765606
      vertex 0.0374491252005 -0.160939201713 1.19827210903
      vertex 0.0364323891699 -0.162106305361 1.19794297218
    endloop
  endfacet
  facet normal -0.762681722641 0.266832113266 -0.589166581631
    outer loop
      vertex 0.0307445451617 -0.170073002577 1.19927597046
      vertex 0.0312757752836 -0.168453663588 1.19721889496
      vertex 0.030281201005 -0.169749379158 1.19723701477
    endloop
  endfacet
  facet normal -0.762681901455 0.266830950975 -0.589166879654
    outer loop
      vertex 0.0202433131635 -0.197382852435 1.22956073284
      vertex 0.0187696050853 -0.198337212205 1.227455616
      vertex 0.0184427890927 -0.199759319425 1.22966146469
    endloop
  endfacet
  facet normal -0.762681782246 0.266833156347 -0.589165985584
    outer loop
      vertex 0.0580764450133 -0.158384740353 1.25159049034
      vertex 0.0577555410564 -0.159562408924 1.25327348709
      vertex 0.059411868453 -0.157838761806 1.25420188904
    endloop
  endfacet
  facet normal -0.762682020664 0.266831457615 -0.589166462421
    outer loop
      vertex 0.0405416488647 -0.158466771245 1.20165228844
      vertex 0.0416706986725 -0.157685920596 1.20315527916
      vertex 0.0424216799438 -0.156185597181 1.20198905468
    endloop
  endfacet
  facet normal -0.762681424618 0.266833692789 -0.589166164398
    outer loop
      vertex 0.0321194045246 -0.194971352816 1.25818121433
      vertex 0.0306686162949 -0.196530908346 1.25747799873
      vertex 0.0310125444084 -0.19713973999 1.25980532169
    endloop
  endfacet
  facet normal -0.762681305408 0.266833335161 -0.589166522026
    outer loop
      vertex 0.0452478341758 -0.181086659431 1.26504850388
      vertex 0.0435984060168 -0.183299228549 1.26521933079
      vertex 0.0448640845716 -0.182305455208 1.26664280891
    endloop
  endfacet
  facet normal -0.762682139874 0.26683229208 -0.589165866375
    outer loop
      vertex 0.0484054498374 -0.171578273177 1.25307929516
      vertex 0.0473219491541 -0.172957137227 1.25302696228
      vertex 0.048053316772 -0.172912091017 1.25501799583
    endloop
  endfacet
  facet normal -0.762682318687 0.26683178544 -0.58916592598
    outer loop
      vertex 0.0194134544581 -0.201771602035 1.23687899113
      vertex 0.0186439994723 -0.201821163297 1.23478913307
      vertex 0.0180115513504 -0.203212618828 1.23605382442
    endloop
  endfacet
  facet normal -0.762681484222 0.266832619905 -0.589166581631
    outer loop
      vertex 0.0224486030638 -0.197471663356 1.23606014252
      vertex 0.0212651900947 -0.19969651103 1.23758995533
      vertex 0.0229533873498 -0.198189914227 1.23908877373
    endloop
  endfacet
  facet normal -0.76268106699 0.266832560301 -0.589167177677
    outer loop
      vertex 0.0234411656857 -0.199776187539 1.24398553371
      vertex 0.0219049844891 -0.200947552919 1.2421810627
      vertex 0.0226811747998 -0.201067045331 1.24466347694
    endloop
  endfacet
  facet normal -0.762681424618 0.266833126545 -0.589166522026
    outer loop
      vertex 0.0417143628001 -0.159234553576 1.20669949055
      vertex 0.0425482839346 -0.159101173282 1.20878851414
      vertex 0.0432926006615 -0.157487854362 1.20735383034
    endloop
  endfacet
  facet normal -0.762681663036 0.266832560301 -0.589166402817
    outer loop
      vertex 0.0596308000386 -0.148240417242 1.2336345911
      vertex 0.059209421277 -0.149525985122 1.23526871204
      vertex 0.0607074312866 -0.147639900446 1.23538589478
    endloop
  endfacet
  facet normal -0.762681603432 0.266832649708 -0.589166462421
    outer loop
      vertex 0.0374162681401 -0.187155231833 1.25606310368
      vertex 0.0354998186231 -0.18867982924 1.25395166874
      vertex 0.0361442305148 -0.189334481955 1.25723910332
    endloop
  endfacet
  facet normal -0.762681603432 0.266833275557 -0.589166164398
    outer loop
      vertex 0.036997590214 -0.164428651333 1.20468616486
      vertex 0.0375849269331 -0.162552595139 1.20222258568
      vertex 0.035594932735 -0.165417015553 1.20285928249
    endloop
  endfacet
  facet normal -0.762681901455 0.266832619905 -0.589166045189
    outer loop
      vertex 0.0344296991825 -0.191019117832 1.25605821609
      vertex 0.0361442305148 -0.189334481955 1.25723910332
      vertex 0.0354998186231 -0.18867982924 1.25395166874
    endloop
  endfacet
  facet normal -0.76268196106 0.266832798719 -0.589165866375
    outer loop
      vertex 0.0407645180821 -0.15936781466 1.20427882671
      vertex 0.0393805764616 -0.16036875546 1.20253312588
      vertex 0.0388387255371 -0.162059158087 1.20471680164
    endloop
  endfacet
  facet normal -0.762650072575 0.266846507788 -0.589201033115
    outer loop
      vertex 0.0171280223876 -0.201992735267 1.23083496094
      vertex 0.0171460583806 -0.202108606696 1.23114228249
      vertex 0.0171014275402 -0.201300665736 1.22923076153
    endloop
  endfacet
  facet normal -0.762682080269 0.266832768917 -0.58916580677
    outer loop
      vertex 0.0407645180821 -0.15936781466 1.20427882671
      vertex 0.0417143628001 -0.159234553576 1.20669949055
      vertex 0.0426977500319 -0.157128110528 1.20485925674
    endloop
  endfacet
  facet normal -0.762681603432 0.266833245754 -0.589166164398
    outer loop
      vertex 0.0415684431791 -0.159962117672 1.20788884163
      vertex 0.0417143628001 -0.159234553576 1.20669949055
      vertex 0.0407757610083 -0.160674884915 1.20719695091
    endloop
  endfacet
  facet normal -0.762681543827 0.266832321882 -0.58916670084
    outer loop
      vertex 0.0566233061254 -0.161288410425 1.25384831429
      vertex 0.0552099198103 -0.16222897172 1.2518851757
      vertex 0.0550231076777 -0.163715839386 1.25463426113
    endloop
  endfacet
  facet normal -0.762681722641 0.266832202673 -0.589166462421
    outer loop
      vertex 0.0177528951317 -0.203120484948 1.23511099815
      vertex 0.0186439994723 -0.201821163297 1.23478913307
      vertex 0.0173530112952 -0.202956527472 1.23360610008
    endloop
  endfacet
  facet normal -0.762681782246 0.266833871603 -0.589165627956
    outer loop
      vertex 0.0186439994723 -0.201821163297 1.23478913307
      vertex 0.0202494598925 -0.199816659093 1.23495209217
      vertex 0.0189213119447 -0.200413987041 1.23247480392
    endloop
  endfacet
  facet normal -0.762681186199 0.266832143068 -0.589167177677
    outer loop
      vertex 0.0189174097031 -0.186970636249 1.20278072357
      vertex 0.0194542575628 -0.187620133162 1.2057492733
      vertex 0.0209832359105 -0.185869187117 1.20625340939
    endloop
  endfacet
  facet normal -0.762681484222 0.266832560301 -0.589166641235
    outer loop
      vertex 0.050653513521 -0.16818420589 1.2520108223
      vertex 0.0521790534258 -0.166376382113 1.25237953663
      vertex 0.0511757135391 -0.166888922453 1.25064349174
    endloop
  endfacet
  facet normal -0.762680888176 0.266835153103 -0.589166283607
    outer loop
      vertex 0.0202433131635 -0.197382852435 1.22956073284
      vertex 0.0184427890927 -0.199759319425 1.22966146469
      vertex 0.0196580030024 -0.198803797364 1.23102509975
    endloop
  endfacet
  facet normal -0.762622654438 0.266858547926 -0.589231014252
    outer loop
      vertex 0.0171014275402 -0.201300665736 1.22923076153
      vertex 0.0171460583806 -0.202108606696 1.23114228249
      vertex 0.017093360424 -0.201111868024 1.22879087925
    endloop
  endfacet
  facet normal -0.762681603432 0.266832917929 -0.589166343212
    outer loop
      vertex 0.0424216799438 -0.156185597181 1.20198905468
      vertex 0.0424754433334 -0.155489638448 1.20060610771
      vertex 0.0409414209425 -0.157100617886 1.19977843761
    endloop
  endfacet
  facet normal -0.762682020664 0.26683267951 -0.58916592598
    outer loop
      vertex 0.0211242325604 -0.184509217739 1.20365357399
      vertex 0.0224834419787 -0.182783916593 1.20372915268
      vertex 0.0215962976217 -0.183295533061 1.20232307911
    endloop
  endfacet
  facet normal -0.762681901455 0.266832500696 -0.589166104794
    outer loop
      vertex 0.024510351941 -0.194949448109 1.23638403416
      vertex 0.0239951517433 -0.196474760771 1.23827934265
      vertex 0.0255952775478 -0.194840058684 1.23924362659
    endloop
  endfacet
  facet normal -0.762682139874 0.266835600138 -0.589164376259
    outer loop
      vertex 0.0437980741262 -0.158044531941 1.2100276947
      vertex 0.0442428663373 -0.157218441367 1.20947504044
      vertex 0.0429825186729 -0.158729106188 1.20920813084
    endloop
  endfacet
  facet normal -0.762679994106 0.266832590103 -0.589168548584
    outer loop
      vertex 0.0224153418094 -0.191145241261 1.22199630737
      vertex 0.0218526311219 -0.192815452814 1.22407567501
      vertex 0.0225623119622 -0.191661790013 1.22355687618
    endloop
  endfacet
  facet normal -0.762682020664 0.266832768917 -0.589165866375
    outer loop
      vertex 0.054096698761 -0.160222664475 1.24427330494
      vertex 0.0539869181812 -0.15908870101 1.24145579338
      vertex 0.0533921271563 -0.160410642624 1.24267458916
    endloop
  endfacet
  facet normal -0.762681663036 0.266832381487 -0.589166462421
    outer loop
      vertex 0.0465212501585 -0.153296396136 1.20732748508
      vertex 0.0484655052423 -0.150673404336 1.20709311962
      vertex 0.0462993755937 -0.152347698808 1.20459854603
    endloop
  endfacet
  facet normal -0.762679159641 0.266821235418 -0.589174807072
    outer loop
      vertex 0.048380240798 -0.149733632803 1.20477437973
      vertex 0.0477485768497 -0.150305986404 1.20423269272
      vertex 0.0493169426918 -0.148919939995 1.20565509796
    endloop
  endfacet
  facet normal -0.762681722641 0.266832381487 -0.589166402817
    outer loop
      vertex 0.0222396329045 -0.1904450804 1.21994805336
      vertex 0.0209142938256 -0.191844567657 1.21924996376
      vertex 0.0224153418094 -0.191145241261 1.22199630737
    endloop
  endfacet
  facet normal -0.762681007385 0.266832202673 -0.5891674757
    outer loop
      vertex 0.0501022040844 -0.14827388525 1.20647311211
      vertex 0.0501053184271 -0.148962065578 1.20800149441
      vertex 0.0511583648622 -0.147443562746 1.20765852928
    endloop
  endfacet
  facet normal -0.76268196106 0.26683229208 -0.589166104794
    outer loop
      vertex 0.0426318123937 -0.155329599977 1.200699687
      vertex 0.0424216799438 -0.156185597181 1.20198905468
      vertex 0.0439441986382 -0.153984174132 1.20148015022
    endloop
  endfacet
  facet normal -0.762682199478 0.266831725836 -0.589166104794
    outer loop
      vertex 0.0194134544581 -0.201771602035 1.23687899113
      vertex 0.0202494598925 -0.199816659093 1.23495209217
      vertex 0.0186439994723 -0.201821163297 1.23478913307
    endloop
  endfacet
  facet normal -0.762681663036 0.266832798719 -0.589166343212
    outer loop
      vertex 0.0354998186231 -0.18867982924 1.25395166874
      vertex 0.0374162681401 -0.187155231833 1.25606310368
      vertex 0.0372549518943 -0.186097070575 1.25326561928
    endloop
  endfacet
  facet normal -0.762681484222 0.266833364964 -0.589166224003
    outer loop
      vertex 0.0386061035097 -0.160251706839 1.20006108284
      vertex 0.0405416488647 -0.158466771245 1.20165228844
      vertex 0.0393914543092 -0.158769503236 1.19903314114
    endloop
  endfacet
  facet normal -0.762680947781 0.266832947731 -0.589167118073
    outer loop
      vertex 0.0171914994717 -0.195185706019 1.21598649025
      vertex 0.0171316508204 -0.196120604873 1.21787965298
      vertex 0.0179920885712 -0.194093123078 1.21586227417
    endloop
  endfacet
  facet normal -0.762681484222 0.266832649708 -0.589166641235
    outer loop
      vertex 0.0366674438119 -0.190197899938 1.26064097881
      vertex 0.0347353555262 -0.19247789681 1.26015281677
      vertex 0.0355225466192 -0.192473247647 1.2623925209
    endloop
  endfacet
  facet normal -0.762681126595 0.266833603382 -0.589166641235
    outer loop
      vertex 0.0375849269331 -0.162552595139 1.20222258568
      vertex 0.0388387255371 -0.162059158087 1.20471680164
      vertex 0.0393805764616 -0.16036875546 1.20253312588
    endloop
  endfacet
  facet normal -0.762682080269 0.266832530499 -0.589165866375
    outer loop
      vertex 0.0290689449757 -0.196376487613 1.25256466866
      vertex 0.0284678731114 -0.198078528047 1.25460481644
      vertex 0.0300224944949 -0.196206822991 1.25491559505
    endloop
  endfacet
  facet normal -0.762681484222 0.266833811998 -0.589166045189
    outer loop
      vertex 0.0542178452015 -0.14644382894 1.21419596672
      vertex 0.0530020557344 -0.147046297789 1.21205115318
      vertex 0.0523343160748 -0.148943260312 1.21433103085
    endloop
  endfacet
  facet normal -0.762681305408 0.266832172871 -0.589166998863
    outer loop
      vertex 0.0539919547737 -0.145535901189 1.21154558659
      vertex 0.0530020557344 -0.147046297789 1.21205115318
      vertex 0.0542968548834 -0.145353227854 1.21201372147
    endloop
  endfacet
  facet normal -0.762681543827 0.266832768917 -0.589166462421
    outer loop
      vertex 0.0562283955514 -0.164639055729 1.26011776924
      vertex 0.0558212772012 -0.164161533117 1.25789964199
      vertex 0.0544640645385 -0.166628196836 1.25946676731
    endloop
  endfacet
  facet normal -0.762682080269 0.266832649708 -0.589165866375
    outer loop
      vertex 0.0374162681401 -0.187155231833 1.25606310368
      vertex 0.0391382612288 -0.184651240706 1.25545620918
      vertex 0.0372549518943 -0.186097070575 1.25326561928
    endloop
  endfacet
  facet normal -0.762681484222 0.266832500696 -0.589166641235
    outer loop
      vertex 0.0413218326867 -0.184194773436 1.2606896162
      vertex 0.042317725718 -0.184089079499 1.26330280304
      vertex 0.0427596233785 -0.182607382536 1.26129424572
    endloop
  endfacet
  facet normal -0.762681245804 0.26683345437 -0.589166522026
    outer loop
      vertex 0.0517275482416 -0.163653209805 1.24507629871
      vertex 0.0527976676822 -0.162601202726 1.24581217766
      vertex 0.0522168800235 -0.162739545107 1.2444576025
    endloop
  endfacet
  facet normal -0.76268196106 0.26683318615 -0.58916580677
    outer loop
      vertex 0.0343518666923 -0.194513201714 1.26355063915
      vertex 0.0341384932399 -0.193907245994 1.26160275936
      vertex 0.0327016972005 -0.195880442858 1.26185286045
    endloop
  endfacet
  facet normal -0.762681901455 0.266832530499 -0.589166164398
    outer loop
      vertex 0.0388673618436 -0.186012655497 1.25768792629
      vertex 0.0374162681401 -0.187155231833 1.25606310368
      vertex 0.037879563868 -0.187774986029 1.25875580311
    endloop
  endfacet
  facet normal -0.762681365013 0.266831248999 -0.589167356491
    outer loop
      vertex 0.0518808811903 -0.146909177303 1.20854377747
      vertex 0.0515472851694 -0.147903576493 1.20978593826
      vertex 0.0526169203222 -0.146402075887 1.20952785015
    endloop
  endfacet
  facet normal -0.762681365013 0.266833692789 -0.589166283607
    outer loop
      vertex 0.0417143628001 -0.159234553576 1.20669949055
      vertex 0.0432926006615 -0.157487854362 1.20735383034
      vertex 0.0426977500319 -0.157128110528 1.20485925674
    endloop
  endfacet
  facet normal -0.762678325176 0.266836106777 -0.58916914463
    outer loop
      vertex 0.0225623119622 -0.191661790013 1.22355687618
      vertex 0.0218526311219 -0.192815452814 1.22407567501
      vertex 0.0226093810052 -0.1918181777 1.22403669357
    endloop
  endfacet
  facet normal -0.762682497501 0.26683229208 -0.589165449142
    outer loop
      vertex 0.0203104577959 -0.195033505559 1.22456526756
      vertex 0.0218526311219 -0.192815452814 1.22407567501
      vertex 0.0201569776982 -0.193826377392 1.22146117687
    endloop
  endfacet
  facet normal -0.762682318687 0.266832649708 -0.589165508747
    outer loop
      vertex 0.0573498904705 -0.153106540442 1.23785948753
      vertex 0.0590379163623 -0.150758162141 1.23749911785
      vertex 0.0573183149099 -0.151897758245 1.23510026932
    endloop
  endfacet
  facet normal -0.762681901455 0.266831964254 -0.589166402817
    outer loop
      vertex 0.0536648184061 -0.164368599653 1.25219321251
      vertex 0.0521790534258 -0.166376382113 1.25237953663
      vertex 0.0533033460379 -0.165650039911 1.25398933887
    endloop
  endfacet
  facet normal -0.762682318687 0.266833752394 -0.58916503191
    outer loop
      vertex 0.0448033958673 -0.155358418822 1.20697021484
      vertex 0.0426977500319 -0.157128110528 1.20485925674
      vertex 0.0432926006615 -0.157487854362 1.20735383034
    endloop
  endfacet
  facet normal -0.762682795525 0.266830772161 -0.589165747166
    outer loop
      vertex 0.0429825186729 -0.158729106188 1.20920813084
      vertex 0.0442428663373 -0.157218441367 1.20947504044
      vertex 0.0425482839346 -0.159101173282 1.20878851414
    endloop
  endfacet
  facet normal -0.762681782246 0.266832500696 -0.589166283607
    outer loop
      vertex 0.0618215240538 -0.152810111642 1.24998617172
      vertex 0.0634433627129 -0.150162786245 1.24877643585
      vertex 0.0614309422672 -0.15255355835 1.24830329418
    endloop
  endfacet
  facet normal -0.76268184185 0.266832947731 -0.589165985584
    outer loop
      vertex 0.0413218326867 -0.184194773436 1.2606896162
      vertex 0.0404414609075 -0.184184968472 1.25815165043
      vertex 0.0396205931902 -0.186072602868 1.25997328758
    endloop
  endfacet
  facet normal -0.762681782246 0.266832321882 -0.589166343212
    outer loop
      vertex 0.0332211777568 -0.194415420294 1.26010286808
      vertex 0.0347353555262 -0.19247789681 1.26015281677
      vertex 0.0337495654821 -0.192801147699 1.25804889202
    endloop
  endfacet
  facet normal -0.762682020664 0.266832500696 -0.589165985584
    outer loop
      vertex 0.0201569776982 -0.193826377392 1.22146117687
      vertex 0.0190248377621 -0.193904265761 1.2183971405
      vertex 0.0183469578624 -0.19553206861 1.220053792
    endloop
  endfacet
  facet normal -0.76268106699 0.266833156347 -0.589166939259
    outer loop
      vertex 0.0243139583617 -0.181712135673 1.20659470558
      vertex 0.0229247044772 -0.183287322521 1.20610189438
      vertex 0.0237547103316 -0.182806357741 1.2074123621
    endloop
  endfacet
  facet normal -0.76268273592 0.266832441092 -0.589165091515
    outer loop
      vertex 0.0568991191685 -0.149304762483 1.22817671299
      vertex 0.0562979094684 -0.148951351643 1.22567796707
      vertex 0.0556701757014 -0.150218054652 1.22668063641
    endloop
  endfacet
  facet normal -0.762681484222 0.266832381487 -0.58916670084
    outer loop
      vertex 0.0286397486925 -0.172478035092 1.19857013226
      vertex 0.026636146009 -0.174712121487 1.19777619839
      vertex 0.0284627340734 -0.174055114388 1.20154643059
    endloop
  endfacet
  facet normal -0.762681782246 0.266832917929 -0.589166104794
    outer loop
      vertex 0.0439441986382 -0.153984174132 1.20148015022
      vertex 0.0424216799438 -0.156185597181 1.20198905468
      vertex 0.0444518849254 -0.154534846544 1.20414710045
    endloop
  endfacet
  facet normal -0.762681663036 0.266832321882 -0.589166522026
    outer loop
      vertex 0.0462993755937 -0.152347698808 1.20459854603
      vertex 0.0484655052423 -0.150673404336 1.20709311962
      vertex 0.0477485768497 -0.150305986404 1.20423269272
    endloop
  endfacet
  facet normal -0.762681663036 0.266831994057 -0.589166641235
    outer loop
      vertex 0.0426977500319 -0.157128110528 1.20485925674
      vertex 0.0424216799438 -0.156185597181 1.20198905468
      vertex 0.0416706986725 -0.157685920596 1.20315527916
    endloop
  endfacet
  facet normal -0.762681484222 0.266832202673 -0.589166760445
    outer loop
      vertex 0.0580293945968 -0.155964389443 1.24611186981
      vertex 0.0599884875119 -0.154349327087 1.24814534187
      vertex 0.059367351234 -0.154130756855 1.24588739872
    endloop
  endfacet
  facet normal -0.762681782246 0.266832768917 -0.589166164398
    outer loop
      vertex 0.0559300221503 -0.156540572643 1.24138343334
      vertex 0.0540792569518 -0.158861845732 1.24121880531
      vertex 0.0557612217963 -0.157938271761 1.24398708344
    endloop
  endfacet
  facet normal -0.762681722641 0.266832262278 -0.589166462421
    outer loop
      vertex 0.0202494598925 -0.199816659093 1.23495209217
      vertex 0.0212651900947 -0.19969651103 1.23758995533
      vertex 0.0224486030638 -0.197471663356 1.23606014252
    endloop
  endfacet
  facet normal -0.762681782246 0.26683229208 -0.589166402817
    outer loop
      vertex 0.0555571950972 -0.145771950483 1.21654069424
      vertex 0.057661626488 -0.143644228578 1.21785771847
      vertex 0.0565815716982 -0.144147932529 1.21588277817
    endloop
  endfacet
  facet normal -0.76268106699 0.266833841801 -0.589166581631
    outer loop
      vertex 0.0286397486925 -0.172478035092 1.19857013226
      vertex 0.0278586801142 -0.173005640507 1.19750261307
      vertex 0.0274652820081 -0.173550546169 1.1975812912
    endloop
  endfacet
  facet normal -0.762681365013 0.266833275557 -0.589166522026
    outer loop
      vertex 0.0643652379513 -0.146841481328 1.24407804012
      vertex 0.0630892887712 -0.148255959153 1.2435542345
      vertex 0.0641768276691 -0.147635906935 1.24529361725
    endloop
  endfacet
  facet normal -0.762682378292 0.266832053661 -0.589165747166
    outer loop
      vertex 0.0280393287539 -0.195568561554 1.24783790112
      vertex 0.0270734596997 -0.195516705513 1.24496269226
      vertex 0.0262082573026 -0.19730129838 1.24643003941
    endloop
  endfacet
  facet normal -0.762681245804 0.266832321882 -0.589167058468
    outer loop
      vertex 0.0597789026797 -0.142820477486 1.22209072113
      vertex 0.0588793978095 -0.145277321339 1.2249443531
      vertex 0.0605239085853 -0.14355610311 1.22584438324
    endloop
  endfacet
  facet normal -0.76261806488 0.26689684391 -0.589219629765
    outer loop
      vertex 0.0631884709001 -0.150899261236 1.2496740818
      vertex 0.0634433627129 -0.150162786245 1.24877643585
      vertex 0.0629816576838 -0.151471063495 1.25034546852
    endloop
  endfacet
  facet normal -0.76268196106 0.266832262278 -0.589166224003
    outer loop
      vertex 0.0599884875119 -0.154349327087 1.24814534187
      vertex 0.0610682033002 -0.152146145701 1.24636697769
      vertex 0.059367351234 -0.154130756855 1.24588739872
    endloop
  endfacet
  facet normal -0.762682020664 0.266832470894 -0.589165985584
    outer loop
      vertex 0.0201569776982 -0.193826377392 1.22146117687
      vertex 0.018480386585 -0.196474641562 1.2225164175
      vertex 0.0203104577959 -0.195033505559 1.22456526756
    endloop
  endfacet
  facet normal -0.762681186199 0.266833335161 -0.589166641235
    outer loop
      vertex 0.0300750415772 -0.172025039792 1.20167243481
      vertex 0.0319928526878 -0.169909894466 1.20248389244
      vertex 0.0307445451617 -0.170073002577 1.19927597046
    endloop
  endfacet
  facet normal -0.762681543827 0.266832321882 -0.589166641235
    outer loop
      vertex 0.0280885100365 -0.193461239338 1.24332547188
      vertex 0.0273165758699 -0.193280562758 1.24072015285
      vertex 0.0262913797051 -0.195324033499 1.24230182171
    endloop
  endfacet
  facet normal -0.762681901455 0.26683190465 -0.589166402817
    outer loop
      vertex 0.0390681065619 -0.181724756956 1.24879407883
      vertex 0.0380669310689 -0.18286524713 1.24845063686
      vertex 0.0384271629155 -0.183081418276 1.24995756149
    endloop
  endfacet
  facet normal -0.762682080269 0.26683318615 -0.589165568352
    outer loop
      vertex 0.0243750046939 -0.201386868954 1.25021100044
      vertex 0.0252117086202 -0.200974151492 1.2516913414
      vertex 0.0250849314034 -0.200063854456 1.24931895733
    endloop
  endfacet
  facet normal -0.762681722641 0.266832113266 -0.589166581631
    outer loop
      vertex 0.0620547123253 -0.146784469485 1.23734807968
      vertex 0.0636522099376 -0.144551321864 1.23698329926
      vertex 0.0620861984789 -0.14590869844 1.23550438881
    endloop
  endfacet
  facet normal -0.76268196106 0.266833037138 -0.58916580677
    outer loop
      vertex 0.0284627340734 -0.174055114388 1.20154643059
      vertex 0.0296725966036 -0.173377901316 1.20350921154
      vertex 0.0300750415772 -0.172025039792 1.20167243481
    endloop
  endfacet
  facet normal -0.762681663036 0.266831994057 -0.589166641235
    outer loop
      vertex 0.0391382612288 -0.184651240706 1.25545620918
      vertex 0.0410105772316 -0.182583466172 1.25624215603
      vertex 0.0402660407126 -0.182530120015 1.25399637222
    endloop
  endfacet
  facet normal -0.762682020664 0.266832768917 -0.58916580677
    outer loop
      vertex 0.0573498904705 -0.153106540442 1.23785948753
      vertex 0.0573183149099 -0.151897758245 1.23510026932
      vertex 0.0548251345754 -0.155267477036 1.2354143858
    endloop
  endfacet
  facet normal -0.76268106699 0.266833871603 -0.589166581631
    outer loop
      vertex 0.0278586801142 -0.173005640507 1.19750261307
      vertex 0.0286397486925 -0.172478035092 1.19857013226
      vertex 0.0285063534975 -0.172124296427 1.19740784168
    endloop
  endfacet
  facet normal -0.762681365013 0.266833662987 -0.589166283607
    outer loop
      vertex 0.0547228083014 -0.154516071081 1.23346281052
      vertex 0.0563445575535 -0.152103900909 1.23277211189
      vertex 0.0551604926586 -0.152777820826 1.23087573051
    endloop
  endfacet
  facet normal -0.762682199478 0.266832917929 -0.589165508747
    outer loop
      vertex 0.0618515461683 -0.147969096899 1.23938298225
      vertex 0.0604017600417 -0.149741142988 1.23915171623
      vertex 0.0612858012319 -0.149600237608 1.2413674593
    endloop
  endfacet
  facet normal -0.762682139874 0.266832172871 -0.589165985584
    outer loop
      vertex 0.0463605560362 -0.172567203641 1.24941802025
      vertex 0.0473366342485 -0.172101020813 1.25117862225
      vertex 0.047322627157 -0.171145394444 1.2490285635
    endloop
  endfacet
  facet normal -0.762686669827 0.266822397709 -0.589164495468
    outer loop
      vertex 0.0255601052195 -0.176244154572 1.19808328152
      vertex 0.0254032816738 -0.176474988461 1.19814479351
      vertex 0.0256308615208 -0.176141604781 1.19805908203
    endloop
  endfacet
  facet normal -0.762681603432 0.266832709312 -0.589166402817
    outer loop
      vertex 0.0522710420191 -0.165320590138 1.25031137466
      vertex 0.0511757135391 -0.166888922453 1.25064349174
      vertex 0.0521790534258 -0.166376382113 1.25237953663
    endloop
  endfacet
  facet normal -0.762595534325 0.267076224089 -0.5891674757
    outer loop
      vertex 0.0256308615208 -0.176141604781 1.19805908203
      vertex 0.0254032816738 -0.176474988461 1.19814479351
      vertex 0.0257336553186 -0.17599260807 1.19802391529
    endloop
  endfacet
  facet normal -0.762681782246 0.266832113266 -0.589166462421
    outer loop
      vertex 0.0395296402276 -0.181185334921 1.24892222881
      vertex 0.0401161722839 -0.181463688612 1.25121331215
      vertex 0.0406700894237 -0.179839923978 1.24921131134
    endloop
  endfacet
  facet normal -0.762681424618 0.266831248999 -0.589167296886
    outer loop
      vertex 0.0202706865966 -0.190096005797 1.21354961395
      vertex 0.0211809892207 -0.188268631697 1.21211659908
      vertex 0.0199166424572 -0.189738512039 1.21174824238
    endloop
  endfacet
  facet normal -0.76268273592 0.266833305359 -0.589164674282
    outer loop
      vertex 0.0548076815903 -0.156163409352 1.23734271526
      vertex 0.0555323548615 -0.155787482858 1.23858392239
      vertex 0.0548246353865 -0.155856430531 1.23671340942
    endloop
  endfacet
  facet normal -0.762681663036 0.266833543777 -0.589165985584
    outer loop
      vertex 0.0610682033002 -0.152146145701 1.24636697769
      vertex 0.0614309422672 -0.15255355835 1.24830329418
      vertex 0.0634433627129 -0.150162786245 1.24877643585
    endloop
  endfacet
  facet normal -0.762681543827 0.26683229208 -0.58916670084
    outer loop
      vertex 0.0452478341758 -0.181086659431 1.26504850388
      vertex 0.0461985617876 -0.180450350046 1.26636099815
      vertex 0.0466437153518 -0.179813504219 1.26622724533
    endloop
  endfacet
  facet normal -0.762681663036 0.266832977533 -0.589166224003
    outer loop
      vertex 0.0270734596997 -0.195516705513 1.24496269226
      vertex 0.0262913797051 -0.195324033499 1.24230182171
      vertex 0.0250685904175 -0.19760710001 1.24384772778
    endloop
  endfacet
  facet normal -0.762681782246 0.266832500696 -0.589166343212
    outer loop
      vertex 0.0372549518943 -0.186097070575 1.25326561928
      vertex 0.0357423014939 -0.187196403742 1.25136935711
      vertex 0.0354998186231 -0.18867982924 1.25395166874
    endloop
  endfacet
  facet normal -0.762681484222 0.266832917929 -0.589166462421
    outer loop
      vertex 0.044138494879 -0.179572179914 1.2585337162
      vertex 0.0427397936583 -0.180191099644 1.25590240955
      vertex 0.0424194894731 -0.181961908937 1.2588968277
    endloop
  endfacet
  facet normal -0.762681305408 0.266832858324 -0.589166760445
    outer loop
      vertex 0.0618515461683 -0.147969096899 1.23938298225
      vertex 0.0633658394217 -0.146973773837 1.24151360989
      vertex 0.0637160763144 -0.145577207208 1.2394310236
    endloop
  endfacet
  facet normal -0.762681543827 0.266832888126 -0.589166402817
    outer loop
      vertex 0.0307274591178 -0.191468030214 1.24646735191
      vertex 0.0301100481302 -0.193167716265 1.24845552444
      vertex 0.0317163281143 -0.191194728017 1.24869036674
    endloop
  endfacet
  facet normal -0.76268184185 0.266833215952 -0.589165866375
    outer loop
      vertex 0.0263962950557 -0.197996258736 1.24850201607
      vertex 0.0279223881662 -0.196847125888 1.25032675266
      vertex 0.0280393287539 -0.195568561554 1.24783790112
    endloop
  endfacet
  facet normal -0.762682020664 0.266832053661 -0.589166224003
    outer loop
      vertex 0.0319928526878 -0.169909894466 1.20248389244
      vertex 0.0329996086657 -0.169063746929 1.20349311829
      vertex 0.0332629345357 -0.168735906482 1.20352196693
    endloop
  endfacet
  facet normal -0.762682080269 0.266832739115 -0.58916580677
    outer loop
      vertex 0.0375849269331 -0.162552595139 1.20222258568
      vertex 0.0370765551925 -0.162149310112 1.19987905025
      vertex 0.0357433930039 -0.164045646787 1.2002556324
    endloop
  endfacet
  facet normal -0.762681663036 0.266833037138 -0.589166224003
    outer loop
      vertex 0.0262082573026 -0.19730129838 1.24643003941
      vertex 0.0270734596997 -0.195516705513 1.24496269226
      vertex 0.0250685904175 -0.19760710001 1.24384772778
    endloop
  endfacet
  facet normal -0.762681424618 0.266833305359 -0.589166343212
    outer loop
      vertex 0.037879563868 -0.187774986029 1.25875580311
      vertex 0.0396205931902 -0.186072602868 1.25997328758
      vertex 0.0388673618436 -0.186012655497 1.25768792629
    endloop
  endfacet
  facet normal -0.762682318687 0.266833096743 -0.589165329933
    outer loop
      vertex 0.0329996086657 -0.169063746929 1.20349311829
      vertex 0.0319928526878 -0.169909894466 1.20248389244
      vertex 0.0328386202455 -0.169264182448 1.20347559452
    endloop
  endfacet
  facet normal -0.762681901455 0.266831874847 -0.589166402817
    outer loop
      vertex 0.0247772522271 -0.178387716413 1.20057868958
      vertex 0.0268566291779 -0.176115706563 1.2015055418
      vertex 0.0255871284753 -0.176765084267 1.19931077957
    endloop
  endfacet
  facet normal -0.762681663036 0.26683318615 -0.589166104794
    outer loop
      vertex 0.0312757752836 -0.168453663588 1.19721889496
      vertex 0.0329742543399 -0.166733726859 1.19827592373
      vertex 0.0326063632965 -0.166754812002 1.19727098942
    endloop
  endfacet
  facet normal -0.76268184185 0.26683396101 -0.589165508747
    outer loop
      vertex 0.024171249941 -0.199993789196 1.24655270576
      vertex 0.0226811747998 -0.201067045331 1.24466347694
      vertex 0.0225123763084 -0.202114537358 1.24649381638
    endloop
  endfacet
  facet normal -0.762681305408 0.266832500696 -0.589166939259
    outer loop
      vertex 0.0307274591178 -0.191468030214 1.24646735191
      vertex 0.0321113951504 -0.18984079361 1.24683010578
      vertex 0.0317883603275 -0.189321219921 1.24475955963
    endloop
  endfacet
  facet normal -0.762681782246 0.266832917929 -0.589166045189
    outer loop
      vertex 0.0417311899364 -0.180309921503 1.25328195095
      vertex 0.0401161722839 -0.181463688612 1.25121331215
      vertex 0.040894575417 -0.18147110939 1.253454566
    endloop
  endfacet
  facet normal -0.762681603432 0.266832888126 -0.589166402817
    outer loop
      vertex 0.0492901615798 -0.151885718107 1.21212697029
      vertex 0.0509935840964 -0.149616062641 1.21198439598
      vertex 0.0496388040483 -0.150343388319 1.20971810818
    endloop
  endfacet
  facet normal -0.762630820274 0.267083346844 -0.589118599892
    outer loop
      vertex 0.0326063632965 -0.166754812002 1.19727098942
      vertex 0.0318455062807 -0.167723968625 1.19723618031
      vertex 0.0312757752836 -0.168453663588 1.19721889496
    endloop
  endfacet
  facet normal -0.762682259083 0.266833007336 -0.589165449142
    outer loop
      vertex 0.0566255263984 -0.150661036372 1.23038935661
      vertex 0.0563445575535 -0.152103900909 1.23277211189
      vertex 0.0580471679568 -0.149845540524 1.23265218735
    endloop
  endfacet
  facet normal -0.76268029213 0.26683357358 -0.589167773724
    outer loop
      vertex 0.0189213119447 -0.200413987041 1.23247480392
      vertex 0.0196580030024 -0.198803797364 1.23102509975
      vertex 0.0184427890927 -0.199759319425 1.22966146469
    endloop
  endfacet
  facet normal -0.762682378292 0.266832202673 -0.589165687561
    outer loop
      vertex 0.0234962515533 -0.179280117154 1.19888758659
      vertex 0.0247772522271 -0.178387716413 1.20057868958
      vertex 0.0243103019893 -0.178076475859 1.19855678082
    endloop
  endfacet
  facet normal -0.762681901455 0.266833156347 -0.589165866375
    outer loop
      vertex 0.0171096436679 -0.196582764387 1.21883714199
      vertex 0.0170508492738 -0.197978794575 1.2217515707
      vertex 0.0177764110267 -0.196576297283 1.220728755
    endloop
  endfacet
  facet normal -0.76268184185 0.266832828522 -0.589166045189
    outer loop
      vertex 0.0592706166208 -0.151546478271 1.23990488052
      vertex 0.0577356554568 -0.15411272645 1.24118375778
      vertex 0.0596303828061 -0.152191281319 1.2423568964
    endloop
  endfacet
  facet normal -0.76268196106 0.266831368208 -0.589166581631
    outer loop
      vertex 0.0522043779492 -0.164294078946 1.24785423279
      vertex 0.0538048930466 -0.162285968661 1.24799501896
      vertex 0.0527976676822 -0.162601202726 1.24581217766
    endloop
  endfacet
  facet normal -0.76268184185 0.266833275557 -0.58916580677
    outer loop
      vertex 0.0245817750692 -0.179594859481 1.20268535614
      vertex 0.0247772522271 -0.178387716413 1.20057868958
      vertex 0.0234400033951 -0.180186226964 1.20072758198
    endloop
  endfacet
  facet normal -0.762681663036 0.266833007336 -0.589166224003
    outer loop
      vertex 0.045207310468 -0.181835889816 1.26658701897
      vertex 0.0452478341758 -0.181086659431 1.26504850388
      vertex 0.0448640845716 -0.182305455208 1.26664280891
    endloop
  endfacet
  facet normal -0.762681484222 0.266832470894 -0.589166641235
    outer loop
      vertex 0.0321113951504 -0.18984079361 1.24683010578
      vertex 0.0332610979676 -0.187947183847 1.24593508244
      vertex 0.0317883603275 -0.189321219921 1.24475955963
    endloop
  endfacet
  facet normal -0.76268196106 0.26683318615 -0.58916580677
    outer loop
      vertex 0.0332211777568 -0.194415420294 1.26010286808
      vertex 0.0327016972005 -0.195880442858 1.26185286045
      vertex 0.0341384932399 -0.193907245994 1.26160275936
    endloop
  endfacet
  facet normal -0.76268196106 0.266831725836 -0.589166462421
    outer loop
      vertex 0.0484655052423 -0.150673404336 1.20709311962
      vertex 0.0501053184271 -0.148962065578 1.20800149441
      vertex 0.0501022040844 -0.14827388525 1.20647311211
    endloop
  endfacet
  facet normal -0.762681424618 0.266832053661 -0.589166939259
    outer loop
      vertex 0.0189213119447 -0.200413987041 1.23247480392
      vertex 0.0211020261049 -0.197571888566 1.23243248463
      vertex 0.0196580030024 -0.198803797364 1.23102509975
    endloop
  endfacet
  facet normal -0.762681663036 0.266832232475 -0.589166581631
    outer loop
      vertex 0.0315376147628 -0.192561119795 1.25119650364
      vertex 0.0317163281143 -0.191194728017 1.24869036674
      vertex 0.0301100481302 -0.193167716265 1.24845552444
    endloop
  endfacet
  facet normal -0.762681603432 0.266832590103 -0.589166462421
    outer loop
      vertex 0.0484054498374 -0.171578273177 1.25307929516
      vertex 0.0499192140996 -0.169862121344 1.25361680984
      vertex 0.0486306250095 -0.17011962831 1.25050234795
    endloop
  endfacet
  facet normal -0.762681901455 0.266832977533 -0.58916592598
    outer loop
      vertex 0.035594932735 -0.165417015553 1.20285928249
      vertex 0.0334333926439 -0.167383849621 1.20102381706
      vertex 0.0345270931721 -0.167213633657 1.20377409458
    endloop
  endfacet
  facet normal -0.762681365013 0.266832590103 -0.589166760445
    outer loop
      vertex 0.0586378797889 -0.154161944985 1.24387121201
      vertex 0.0580293945968 -0.155964389443 1.24611186981
      vertex 0.059367351234 -0.154130756855 1.24588739872
    endloop
  endfacet
  facet normal -0.76268184185 0.266832917929 -0.589166045189
    outer loop
      vertex 0.0424194894731 -0.181961908937 1.2588968277
      vertex 0.0404414609075 -0.184184968472 1.25815165043
      vertex 0.0413218326867 -0.184194773436 1.2606896162
    endloop
  endfacet
  facet normal -0.762681663036 0.266832411289 -0.589166522026
    outer loop
      vertex 0.0566207654774 -0.146798267961 1.22184681892
      vertex 0.0561508052051 -0.146293535829 1.219389081
      vertex 0.0545963421464 -0.148794218898 1.22046744823
    endloop
  endfacet
  facet normal -0.762681901455 0.266832143068 -0.589166283607
    outer loop
      vertex 0.0245531182736 -0.196859642863 1.24072408676
      vertex 0.0255952775478 -0.194840058684 1.23924362659
      vertex 0.0239951517433 -0.196474760771 1.23827934265
    endloop
  endfacet
  facet normal -0.76268184185 0.266832649708 -0.589166164398
    outer loop
      vertex 0.0213971994817 -0.182522237301 1.20004653931
      vertex 0.0200495459139 -0.184786513448 1.20119416714
      vertex 0.0215962976217 -0.183295533061 1.20232307911
    endloop
  endfacet
  facet normal -0.762706577778 0.266935646534 -0.589087426662
    outer loop
      vertex 0.025187863037 -0.180135071278 1.20561051369
      vertex 0.0242972783744 -0.180919274688 1.20479643345
      vertex 0.0251841172576 -0.180141806602 1.2056145668
    endloop
  endfacet
  facet normal -0.762682020664 0.266833126545 -0.589165687561
    outer loop
      vertex 0.0350486040115 -0.163746088743 1.19760835171
      vertex 0.0343556217849 -0.164588049054 1.19748663902
      vertex 0.0342543236911 -0.165184438229 1.19851398468
    endloop
  endfacet
  facet normal -0.762681424618 0.266833007336 -0.589166522026
    outer loop
      vertex 0.0630892887712 -0.148255959153 1.2435542345
      vertex 0.0611643008888 -0.150938689709 1.24397552013
      vertex 0.0629414990544 -0.149542495608 1.24597239494
    endloop
  endfacet
  facet normal -0.762681603432 0.266833305359 -0.589166104794
    outer loop
      vertex 0.0242972783744 -0.180919274688 1.20479643345
      vertex 0.0251918714494 -0.180128440261 1.20560729504
      vertex 0.026174467057 -0.178525790572 1.20487713814
    endloop
  endfacet
  facet normal -0.762681484222 0.266832619905 -0.589166641235
    outer loop
      vertex 0.0189174097031 -0.186970636249 1.20278072357
      vertex 0.0211242325604 -0.184509217739 1.20365357399
      vertex 0.0200495459139 -0.184786513448 1.20119416714
    endloop
  endfacet
  facet normal -0.762681722641 0.266832262278 -0.589166462421
    outer loop
      vertex 0.0580293945968 -0.155964389443 1.24611186981
      vertex 0.0586378797889 -0.154161944985 1.24387121201
      vertex 0.0573357455432 -0.155633151531 1.24339783192
    endloop
  endfacet
  facet normal -0.762682259083 0.266833662987 -0.589165151119
    outer loop
      vertex 0.0474319718778 -0.15447640419 1.21253597736
      vertex 0.0479121729732 -0.152552470565 1.20966053009
      vertex 0.0461968779564 -0.154801562428 1.20972371101
    endloop
  endfacet
  facet normal -0.762682080269 0.266832202673 -0.589166045189
    outer loop
      vertex 0.0358505249023 -0.162793755531 1.19779765606
      vertex 0.0342543236911 -0.165184438229 1.19851398468
      vertex 0.0357433930039 -0.164045646787 1.2002556324
    endloop
  endfacet
  facet normal -0.762681424618 0.266832172871 -0.589166939259
    outer loop
      vertex 0.0212651900947 -0.19969651103 1.23758995533
      vertex 0.0219993330538 -0.19982264936 1.23996698856
      vertex 0.0229533873498 -0.198189914227 1.23908877373
    endloop
  endfacet
  facet normal -0.762681305408 0.266833126545 -0.589166581631
    outer loop
      vertex 0.0234411656857 -0.199776187539 1.24398553371
      vertex 0.0233810134232 -0.198853507638 1.24177622795
      vertex 0.0219049844891 -0.200947552919 1.2421810627
    endloop
  endfacet
  facet normal -0.762682020664 0.266832977533 -0.58916580677
    outer loop
      vertex 0.0318363420665 -0.196531459689 1.26081693172
      vertex 0.0332211777568 -0.194415420294 1.26010286808
      vertex 0.0321194045246 -0.194971352816 1.25818121433
    endloop
  endfacet
  facet normal -0.762681663036 0.266833364964 -0.589166045189
    outer loop
      vertex 0.036997590214 -0.164428651333 1.20468616486
      vertex 0.035594932735 -0.165417015553 1.20285928249
      vertex 0.0358694493771 -0.165678232908 1.20422077179
    endloop
  endfacet
  facet normal -0.762682318687 0.266832083464 -0.58916580677
    outer loop
      vertex 0.0358505249023 -0.162793755531 1.19779765606
      vertex 0.0357433930039 -0.164045646787 1.2002556324
      vertex 0.0370765551925 -0.162149310112 1.19987905025
    endloop
  endfacet
  facet normal -0.762681782246 0.266833215952 -0.589165985584
    outer loop
      vertex 0.0355225466192 -0.192473247647 1.2623925209
      vertex 0.0341384932399 -0.193907245994 1.26160275936
      vertex 0.0343518666923 -0.194513201714 1.26355063915
    endloop
  endfacet
  facet normal -0.76268184185 0.266833126545 -0.589165866375
    outer loop
      vertex 0.0485294796526 -0.176238894463 1.26372456551
      vertex 0.0469137430191 -0.177150964737 1.26112020016
      vertex 0.0466360002756 -0.178777873516 1.26391851902
    endloop
  endfacet
  facet normal -0.762666404247 0.266863018274 -0.589172363281
    outer loop
      vertex 0.0210784133524 -0.183044925332 1.20028948784
      vertex 0.0200495459139 -0.184786513448 1.20119416714
      vertex 0.0213971994817 -0.182522237301 1.20004653931
    endloop
  endfacet
  facet normal -0.762681722641 0.266832828522 -0.589166224003
    outer loop
      vertex 0.0242972783744 -0.180919274688 1.20479643345
      vertex 0.0228333752602 -0.181513339281 1.2019238472
      vertex 0.0224834419787 -0.182783916593 1.20372915268
    endloop
  endfacet
  facet normal -0.762680768967 0.266832321882 -0.589167654514
    outer loop
      vertex 0.0213675051928 -0.189654201269 1.21570909023
      vertex 0.0219836886972 -0.188214793801 1.21429204941
      vertex 0.0202706865966 -0.190096005797 1.21354961395
    endloop
  endfacet
  facet normal -0.762681186199 0.26683267951 -0.589166939259
    outer loop
      vertex 0.0290065295994 -0.193439602852 1.24590170383
      vertex 0.0299313552678 -0.191414281726 1.24407315254
      vertex 0.0280885100365 -0.193461239338 1.24332547188
    endloop
  endfacet
  facet normal -0.762681663036 0.26683229208 -0.589166581631
    outer loop
      vertex 0.0566207654774 -0.146798267961 1.22184681892
      vertex 0.0545963421464 -0.148794218898 1.22046744823
      vertex 0.05548620224 -0.14892680943 1.22330367565
    endloop
  endfacet
  facet normal -0.762681901455 0.266832321882 -0.589166224003
    outer loop
      vertex 0.050653513521 -0.16818420589 1.2520108223
      vertex 0.0498961135745 -0.168089985847 1.24963796139
      vertex 0.0486306250095 -0.17011962831 1.25050234795
    endloop
  endfacet
  facet normal -0.762681543827 0.266832262278 -0.58916670084
    outer loop
      vertex 0.0312757752836 -0.168453663588 1.19721889496
      vertex 0.0307445451617 -0.170073002577 1.19927597046
      vertex 0.0334333926439 -0.167383849621 1.20102381706
    endloop
  endfacet
  facet normal -0.762679874897 0.266847401857 -0.589161992073
    outer loop
      vertex 0.0219801124185 -0.189005702734 1.2160282135
      vertex 0.0213675051928 -0.189654201269 1.21570909023
      vertex 0.0219806898385 -0.189033225179 1.21609055996
    endloop
  endfacet
  facet normal -0.76268196106 0.266832143068 -0.589166164398
    outer loop
      vertex 0.056559573859 -0.158493548632 1.2474950552
      vertex 0.0580293945968 -0.155964389443 1.24611186981
      vertex 0.0557612217963 -0.157938271761 1.24398708344
    endloop
  endfacet
  facet normal -0.762682199478 0.266832709312 -0.589165687561
    outer loop
      vertex 0.018480386585 -0.196474641562 1.2225164175
      vertex 0.0177764110267 -0.196576297283 1.220728755
      vertex 0.0170508492738 -0.197978794575 1.2217515707
    endloop
  endfacet
  facet normal -0.76268106699 0.266832917929 -0.589166998863
    outer loop
      vertex 0.0593111291528 -0.147740900517 1.23161792755
      vertex 0.0587160922587 -0.147407889366 1.22918188572
      vertex 0.0579722821712 -0.148941546679 1.23044216633
    endloop
  endfacet
  facet normal -0.762681543827 0.266832351685 -0.589166641235
    outer loop
      vertex 0.0466648377478 -0.174411639571 1.25436031818
      vertex 0.0473219491541 -0.172957137227 1.25302696228
      vertex 0.0458857268095 -0.174027353525 1.25128483772
    endloop
  endfacet
  facet normal -0.762681722641 0.266832858324 -0.589166224003
    outer loop
      vertex 0.0539259053767 -0.152889385819 1.22759330273
      vertex 0.054854169488 -0.151849508286 1.22795045376
      vertex 0.0534622184932 -0.152616247535 1.22566485405
    endloop
  endfacet
  facet normal -0.762682199478 0.266832470894 -0.58916580677
    outer loop
      vertex 0.050042681396 -0.166695326567 1.24697744846
      vertex 0.0506074056029 -0.16653585434 1.24823951721
      vertex 0.0508314222097 -0.16530098021 1.24615323544
    endloop
  endfacet
  facet normal -0.762681663036 0.26683306694 -0.589166224003
    outer loop
      vertex 0.0172564089298 -0.194075718522 1.21372115612
      vertex 0.0179920885712 -0.194093123078 1.21586227417
      vertex 0.0186338834465 -0.192331567407 1.21380722523
    endloop
  endfacet
  facet normal -0.762678921223 0.266834169626 -0.589169204235
    outer loop
      vertex 0.0219806898385 -0.189033225179 1.21609055996
      vertex 0.0213675051928 -0.189654201269 1.21570909023
      vertex 0.0219922289252 -0.189129531384 1.21633625031
    endloop
  endfacet
  facet normal -0.762681782246 0.266833513975 -0.589165866375
    outer loop
      vertex 0.0574051439762 -0.162635013461 1.25905621052
      vertex 0.0558212772012 -0.164161533117 1.25789964199
      vertex 0.0569792352617 -0.163366809487 1.25945472717
    endloop
  endfacet
  facet normal -0.762692093849 0.26681920886 -0.589158952236
    outer loop
      vertex 0.0623785741627 -0.153005346656 1.25200939178
      vertex 0.0612554959953 -0.155469313264 1.25423979759
      vertex 0.0617272444069 -0.154476210475 1.25339543819
    endloop
  endfacet
  facet normal -0.762714743614 0.266813099384 -0.589132428169
    outer loop
      vertex 0.0173746030778 -0.192156776786 1.20982193947
      vertex 0.0174018405378 -0.191931411624 1.20940220356
      vertex 0.0173834655434 -0.192062631249 1.20963943005
    endloop
  endfacet
  facet normal -0.762682437897 0.266832888126 -0.589165270329
    outer loop
      vertex 0.0210612267256 -0.202602699399 1.24342393875
      vertex 0.0226811747998 -0.201067045331 1.24466347694
      vertex 0.0219049844891 -0.200947552919 1.2421810627
    endloop
  endfacet
  facet normal -0.762681782246 0.266832739115 -0.589166164398
    outer loop
      vertex 0.0262913797051 -0.195324033499 1.24230182171
      vertex 0.0245531182736 -0.196859642863 1.24072408676
      vertex 0.0250685904175 -0.19760710001 1.24384772778
    endloop
  endfacet
  facet normal -0.762679636478 0.266833722591 -0.589168548584
    outer loop
      vertex 0.0219836886972 -0.188214793801 1.21429204941
      vertex 0.0213675051928 -0.189654201269 1.21570909023
      vertex 0.0219801124185 -0.189005702734 1.2160282135
    endloop
  endfacet
  facet normal -0.762681603432 0.26683267951 -0.589166402817
    outer loop
      vertex 0.0173746030778 -0.192156776786 1.20982193947
      vertex 0.0173133183271 -0.193043753505 1.21160519123
      vertex 0.0186429992318 -0.191232442856 1.21140635014
    endloop
  endfacet
  facet normal -0.76268106699 0.266833990812 -0.589166522026
    outer loop
      vertex 0.0606176443398 -0.145504891872 1.23041522503
      vertex 0.0623522512615 -0.144052118063 1.23216545582
      vertex 0.0622624382377 -0.143353909254 1.23036706448
    endloop
  endfacet
  facet normal -0.762688100338 0.266821712255 -0.589162945747
    outer loop
      vertex 0.0383595563471 -0.163005053997 1.20543575287
      vertex 0.0388387255371 -0.162059158087 1.20471680164
      vertex 0.0383075885475 -0.163056820631 1.2054015398
    endloop
  endfacet
  facet normal -0.762798726559 0.266774892807 -0.58904093504
    outer loop
      vertex 0.0548246353865 -0.155856430531 1.23671340942
      vertex 0.0548251345754 -0.155267477036 1.2354143858
      vertex 0.0548226684332 -0.155493095517 1.23590552807
    endloop
  endfacet
  facet normal -0.76268184185 0.266832768917 -0.589166104794
    outer loop
      vertex 0.046107750386 -0.17604495585 1.25637435913
      vertex 0.0466648377478 -0.174411639571 1.25436031818
      vertex 0.0449190996587 -0.176168188453 1.25324892998
    endloop
  endfacet
  facet normal -0.762681365013 0.266833633184 -0.589166343212
    outer loop
      vertex 0.0563445575535 -0.152103900909 1.23277211189
      vertex 0.0566255263984 -0.150661036372 1.23038935661
      vertex 0.0551604926586 -0.152777820826 1.23087573051
    endloop
  endfacet
  facet normal -0.762681782246 0.266833662987 -0.58916580677
    outer loop
      vertex 0.0579869858921 -0.1616281569 1.25849616528
      vertex 0.058557793498 -0.160623475909 1.25790941715
      vertex 0.0570715777576 -0.162018418312 1.25674140453
    endloop
  endfacet
  facet normal -0.762682080269 0.266833007336 -0.589165687561
    outer loop
      vertex 0.0386061035097 -0.160251706839 1.20006108284
      vertex 0.0378911457956 -0.160433039069 1.19841790199
      vertex 0.0374491252005 -0.160939201713 1.19827210903
    endloop
  endfacet
  facet normal -0.762681603432 0.266833513975 -0.589166104794
    outer loop
      vertex 0.0378251448274 -0.191044613719 1.26581954956
      vertex 0.0397243276238 -0.188849389553 1.26640093327
      vertex 0.038293030113 -0.189461529255 1.26366150379
    endloop
  endfacet
  facet normal -0.76268106699 0.266833305359 -0.589166879654
    outer loop
      vertex 0.0496388040483 -0.150343388319 1.20971810818
      vertex 0.0479121729732 -0.152552470565 1.20966053009
      vertex 0.0492901615798 -0.151885718107 1.21212697029
    endloop
  endfacet
  facet normal -0.762681305408 0.266832321882 -0.589166998863
    outer loop
      vertex 0.0605239085853 -0.14355610311 1.22584438324
      vertex 0.0607970617712 -0.142532810569 1.22436571121
      vertex 0.0597789026797 -0.142820477486 1.22209072113
    endloop
  endfacet
  facet normal -0.76268196106 0.266833335161 -0.589165627956
    outer loop
      vertex 0.0194481071085 -0.189400419593 1.20966255665
      vertex 0.0174018405378 -0.191931411624 1.20940220356
      vertex 0.0186429992318 -0.191232442856 1.21140635014
    endloop
  endfacet
  facet normal -0.762681543827 0.26683318615 -0.589166343212
    outer loop
      vertex 0.0623785741627 -0.153005346656 1.25200939178
      vertex 0.0618215240538 -0.152810111642 1.24998617172
      vertex 0.0605000182986 -0.154938310385 1.25090801716
    endloop
  endfacet
  facet normal -0.762681722641 0.266833275557 -0.589166045189
    outer loop
      vertex 0.0352886840701 -0.185891255736 1.24719107151
      vertex 0.0347360111773 -0.187094807625 1.2482688427
      vertex 0.035654257983 -0.185512110591 1.2473988533
    endloop
  endfacet
  facet normal -0.762682020664 0.266832381487 -0.589166045189
    outer loop
      vertex 0.0279223881662 -0.196847125888 1.25032675266
      vertex 0.02646615915 -0.198783531785 1.25044000149
      vertex 0.0273854043335 -0.198422551155 1.25227034092
    endloop
  endfacet
  facet normal -0.76268196106 0.266832977533 -0.589165866375
    outer loop
      vertex 0.0354998186231 -0.18867982924 1.25395166874
      vertex 0.0342345237732 -0.188967108727 1.25096940994
      vertex 0.0333839580417 -0.191070571542 1.25318276882
    endloop
  endfacet
  facet normal -0.762690961361 0.266788721085 -0.58917427063
    outer loop
      vertex 0.0416673310101 -0.18648031354 1.26672363281
      vertex 0.0419365428388 -0.186139568686 1.26674067974
      vertex 0.0436125323176 -0.183980479836 1.26676392555
    endloop
  endfacet
  facet normal -0.762681543827 0.266833126545 -0.589166343212
    outer loop
      vertex 0.0547353178263 -0.156652420759 1.23821556568
      vertex 0.0545783936977 -0.157402202487 1.23942255974
      vertex 0.0555323548615 -0.155787482858 1.23858392239
    endloop
  endfacet
  facet normal -0.76268184185 0.266832232475 -0.589166343212
    outer loop
      vertex 0.054854169488 -0.151849508286 1.22795045376
      vertex 0.0551604926586 -0.152777820826 1.23087573051
      vertex 0.0566255263984 -0.150661036372 1.23038935661
    endloop
  endfacet
  facet normal -0.762682557106 0.266833364964 -0.589164853096
    outer loop
      vertex 0.021437395364 -0.190415620804 1.2175899744
      vertex 0.0213675051928 -0.189654201269 1.21570909023
      vertex 0.0199394915253 -0.191807299852 1.21638143063
    endloop
  endfacet
  facet normal -0.76268196106 0.266832232475 -0.589166164398
    outer loop
      vertex 0.0486306250095 -0.17011962831 1.25050234795
      vertex 0.047322627157 -0.171145394444 1.2490285635
      vertex 0.0473366342485 -0.172101020813 1.25117862225
    endloop
  endfacet
  facet normal -0.762682259083 0.26683101058 -0.589166343212
    outer loop
      vertex 0.0444518849254 -0.154534846544 1.20414710045
      vertex 0.0455865077674 -0.153864264488 1.20590949059
      vertex 0.0462993755937 -0.152347698808 1.20459854603
    endloop
  endfacet
  facet normal -0.762682199478 0.266831338406 -0.589166224003
    outer loop
      vertex 0.0186253879219 -0.189171463251 1.20680546761
      vertex 0.0175203364342 -0.191070884466 1.20784080029
      vertex 0.0194481071085 -0.189400419593 1.20966255665
    endloop
  endfacet
  facet normal -0.762681722641 0.266833364964 -0.589165985584
    outer loop
      vertex 0.0229247044772 -0.183287322521 1.20610189438
      vertex 0.0209832359105 -0.185869187117 1.20625340939
      vertex 0.0225058924407 -0.184726879001 1.20808339119
    endloop
  endfacet
  facet normal -0.76268196106 0.266833543777 -0.589165568352
    outer loop
      vertex 0.0284678731114 -0.198078528047 1.25460481644
      vertex 0.0295047927648 -0.19769012928 1.25671100616
      vertex 0.0300224944949 -0.196206822991 1.25491559505
    endloop
  endfacet
  facet normal -0.762681901455 0.266832798719 -0.589165985584
    outer loop
      vertex 0.054096698761 -0.160222664475 1.24427330494
      vertex 0.0557612217963 -0.157938271761 1.24398708344
      vertex 0.0539869181812 -0.15908870101 1.24145579338
    endloop
  endfacet
  facet normal -0.762682676315 0.266830772161 -0.58916592598
    outer loop
      vertex 0.0200495459139 -0.184786513448 1.20119416714
      vertex 0.0195124037564 -0.185782760382 1.20185852051
      vertex 0.0189174097031 -0.186970636249 1.20278072357
    endloop
  endfacet
  facet normal -0.762681663036 0.266832083464 -0.589166581631
    outer loop
      vertex 0.0179920885712 -0.194093123078 1.21586227417
      vertex 0.0171316508204 -0.196120604873 1.21787965298
      vertex 0.0190248377621 -0.193904265761 1.2183971405
    endloop
  endfacet
  facet normal -0.762681543827 0.266832739115 -0.589166522026
    outer loop
      vertex 0.0585025474429 -0.156864717603 1.24945211411
      vertex 0.0580764450133 -0.158384740353 1.25159049034
      vertex 0.0595097318292 -0.156720533967 1.25201261044
    endloop
  endfacet
  facet normal -0.762681722641 0.266833096743 -0.589166045189
    outer loop
      vertex 0.0496388040483 -0.150343388319 1.20971810818
      vertex 0.0509935840964 -0.149616062641 1.21198439598
      vertex 0.0515472851694 -0.147903576493 1.20978593826
    endloop
  endfacet
  facet normal -0.762681603432 0.266833513975 -0.589166045189
    outer loop
      vertex 0.0319928526878 -0.169909894466 1.20248389244
      vertex 0.0334333926439 -0.167383849621 1.20102381706
      vertex 0.0307445451617 -0.170073002577 1.19927597046
    endloop
  endfacet
  facet normal -0.762681663036 0.266832768917 -0.589166343212
    outer loop
      vertex 0.0378911457956 -0.160433039069 1.19841790199
      vertex 0.0386061035097 -0.160251706839 1.20006108284
      vertex 0.0391584895551 -0.159027904272 1.1989377737
    endloop
  endfacet
  facet normal -0.76268184185 0.266832917929 -0.589166045189
    outer loop
      vertex 0.0537592098117 -0.163235172629 1.24996030331
      vertex 0.0522710420191 -0.165320590138 1.25031137466
      vertex 0.0536648184061 -0.164368599653 1.25219321251
    endloop
  endfacet
  facet normal -0.762681722641 0.266835987568 -0.589164793491
    outer loop
      vertex 0.0177488923073 -0.190048411489 1.20623648167
      vertex 0.0186253879219 -0.189171463251 1.20680546761
      vertex 0.0178021211177 -0.189850702882 1.2059520483
    endloop
  endfacet
  facet normal -0.762681901455 0.266832977533 -0.58916592598
    outer loop
      vertex 0.0514076091349 -0.171909123659 1.26239085197
      vertex 0.0504301562905 -0.172118395567 1.26005911827
      vertex 0.0499473847449 -0.173749163747 1.26227998734
    endloop
  endfacet
  facet normal -0.762682259083 0.266834110022 -0.589164912701
    outer loop
      vertex 0.0186253879219 -0.189171463251 1.20680546761
      vertex 0.020040333271 -0.18766091764 1.20751452446
      vertex 0.0194542575628 -0.187620133162 1.2057492733
    endloop
  endfacet
  facet normal -0.762684106827 0.266847908497 -0.589156270027
    outer loop
      vertex 0.0317883603275 -0.189321219921 1.24475955963
      vertex 0.0332610979676 -0.187947183847 1.24593508244
      vertex 0.0323246233165 -0.188815027475 1.24517464638
    endloop
  endfacet
  facet normal -0.762681782246 0.266833424568 -0.58916592598
    outer loop
      vertex 0.0294476244599 -0.198239222169 1.2577599287
      vertex 0.0295047927648 -0.19769012928 1.25671100616
      vertex 0.0283677931875 -0.198987752199 1.25632631779
    endloop
  endfacet
  facet normal -0.762681484222 0.266833603382 -0.589166224003
    outer loop
      vertex 0.0344132781029 -0.186804041266 1.24670433998
      vertex 0.0347360111773 -0.187094807625 1.2482688427
      vertex 0.0352886840701 -0.185891255736 1.24719107151
    endloop
  endfacet
  facet normal -0.76268106699 0.266833752394 -0.589166641235
    outer loop
      vertex 0.0209832359105 -0.185869187117 1.20625340939
      vertex 0.0194542575628 -0.187620133162 1.2057492733
      vertex 0.020040333271 -0.18766091764 1.20751452446
    endloop
  endfacet
  facet normal -0.762681663036 0.266832649708 -0.589166343212
    outer loop
      vertex 0.0401161722839 -0.181463688612 1.25121331215
      vertex 0.0417311899364 -0.180309921503 1.25328195095
      vertex 0.0417828038335 -0.179123610258 1.25081014633
    endloop
  endfacet
  facet normal -0.762681484222 0.266832947731 -0.589166462421
    outer loop
      vertex 0.0424194894731 -0.181961908937 1.2588968277
      vertex 0.0439007282257 -0.180930361152 1.26085305214
      vertex 0.044138494879 -0.179572179914 1.2585337162
    endloop
  endfacet
  facet normal -0.762681722641 0.266832172871 -0.589166522026
    outer loop
      vertex 0.0247772522271 -0.178387716413 1.20057868958
      vertex 0.0255871284753 -0.176765084267 1.19931077957
      vertex 0.0243103019893 -0.178076475859 1.19855678082
    endloop
  endfacet
  facet normal -0.762683391571 0.266831457615 -0.589164674282
    outer loop
      vertex 0.0170765593648 -0.200457558036 1.22729814053
      vertex 0.017093360424 -0.201111868024 1.22879087925
      vertex 0.0184427890927 -0.199759319425 1.22966146469
    endloop
  endfacet
  facet normal -0.762682139874 0.266832977533 -0.589165627956
    outer loop
      vertex 0.0593111291528 -0.147740900517 1.23161792755
      vertex 0.0606176443398 -0.145504891872 1.23041522503
      vertex 0.0587160922587 -0.147407889366 1.22918188572
    endloop
  endfacet
  facet normal -0.762681007385 0.266833722591 -0.589166760445
    outer loop
      vertex 0.0610546916723 -0.146253988147 1.23331832886
      vertex 0.0623522512615 -0.144052118063 1.23216545582
      vertex 0.0606176443398 -0.145504891872 1.23041522503
    endloop
  endfacet
  facet normal -0.762681782246 0.26683306694 -0.589166045189
    outer loop
      vertex 0.050653513521 -0.16818420589 1.2520108223
      vertex 0.0499192140996 -0.169862121344 1.25361680984
      vertex 0.0518494024873 -0.167800635099 1.25458216667
    endloop
  endfacet
  facet normal -0.76268196106 0.266831964254 -0.589166343212
    outer loop
      vertex 0.0458857268095 -0.174027353525 1.25128483772
      vertex 0.0473366342485 -0.172101020813 1.25117862225
      vertex 0.0463605560362 -0.172567203641 1.24941802025
    endloop
  endfacet
  facet normal -0.762682259083 0.266832768917 -0.589165568352
    outer loop
      vertex 0.0234234668314 -0.201778590679 1.24835622311
      vertex 0.024171249941 -0.199993789196 1.24655270576
      vertex 0.0226444639266 -0.202065512538 1.24676311016
    endloop
  endfacet
  facet normal -0.762681543827 0.266832530499 -0.589166581631
    outer loop
      vertex 0.0485294796526 -0.176238894463 1.26372456551
      vertex 0.0496658980846 -0.175257951021 1.26480674744
      vertex 0.0501874089241 -0.174438878894 1.26448893547
    endloop
  endfacet
  facet normal -0.762681424618 0.266832947731 -0.589166581631
    outer loop
      vertex 0.0452478341758 -0.181086659431 1.26504850388
      vertex 0.0438040681183 -0.182055994868 1.26306211948
      vertex 0.0435984060168 -0.183299228549 1.26521933079
    endloop
  endfacet
  facet normal -0.762682437897 0.266834139824 -0.589164674282
    outer loop
      vertex 0.0497290678322 -0.167261093855 1.24733030796
      vertex 0.0506074056029 -0.16653585434 1.24823951721
      vertex 0.0497782304883 -0.167173445225 1.24727725983
    endloop
  endfacet
  facet normal -0.76268184185 0.266832411289 -0.589166224003
    outer loop
      vertex 0.0405922457576 -0.186047628522 1.2626953125
      vertex 0.0413218326867 -0.184194773436 1.2606896162
      vertex 0.0396205931902 -0.186072602868 1.25997328758
    endloop
  endfacet
  facet normal -0.762681484222 0.266832202673 -0.589166820049
    outer loop
      vertex 0.0579548366368 -0.147294744849 1.2267562151
      vertex 0.0568991191685 -0.149304762483 1.22817671299
      vertex 0.0587160922587 -0.147407889366 1.22918188572
    endloop
  endfacet
  facet normal -0.762681663036 0.266832321882 -0.589166462421
    outer loop
      vertex 0.0331041626632 -0.18932133913 1.24852073193
      vertex 0.0321113951504 -0.18984079361 1.24683010578
      vertex 0.0317163281143 -0.191194728017 1.24869036674
    endloop
  endfacet
  facet normal -0.762681484222 0.266832411289 -0.589166760445
    outer loop
      vertex 0.0342543236911 -0.165184438229 1.19851398468
      vertex 0.0329742543399 -0.166733726859 1.19827592373
      vertex 0.0334333926439 -0.167383849621 1.20102381706
    endloop
  endfacet
  facet normal -0.762681365013 0.266832232475 -0.589166939259
    outer loop
      vertex 0.0201569776982 -0.193826377392 1.22146117687
      vertex 0.0209142938256 -0.191844567657 1.21924996376
      vertex 0.0190248377621 -0.193904265761 1.2183971405
    endloop
  endfacet
  facet normal -0.76268196106 0.266832619905 -0.589165985584
    outer loop
      vertex 0.0213971994817 -0.182522237301 1.20004653931
      vertex 0.0215962976217 -0.183295533061 1.20232307911
      vertex 0.0228333752602 -0.181513339281 1.2019238472
    endloop
  endfacet
  facet normal -0.762681484222 0.266832113266 -0.589166820049
    outer loop
      vertex 0.0201569776982 -0.193826377392 1.22146117687
      vertex 0.0224153418094 -0.191145241261 1.22199630737
      vertex 0.0209142938256 -0.191844567657 1.21924996376
    endloop
  endfacet
  facet normal -0.762681543827 0.266832470894 -0.589166581631
    outer loop
      vertex 0.0566207654774 -0.146798267961 1.22184681892
      vertex 0.057280022651 -0.147058784962 1.22430634499
      vertex 0.0582104809582 -0.14498077333 1.22237765789
    endloop
  endfacet
  facet normal -0.76268184185 0.266832828522 -0.589166045189
    outer loop
      vertex 0.0211242325604 -0.184509217739 1.20365357399
      vertex 0.0215962976217 -0.183295533061 1.20232307911
      vertex 0.0200495459139 -0.184786513448 1.20119416714
    endloop
  endfacet
  facet normal -0.76268184185 0.266832381487 -0.589166283607
    outer loop
      vertex 0.0559300221503 -0.156540572643 1.24138343334
      vertex 0.0577356554568 -0.15411272645 1.24118375778
      vertex 0.0555323548615 -0.155787482858 1.23858392239
    endloop
  endfacet
  facet normal -0.76268196106 0.266832649708 -0.589165985584
    outer loop
      vertex 0.0484655052423 -0.150673404336 1.20709311962
      vertex 0.0496388040483 -0.150343388319 1.20971810818
      vertex 0.0501053184271 -0.148962065578 1.20800149441
    endloop
  endfacet
  facet normal -0.762681603432 0.266833364964 -0.589166104794
    outer loop
      vertex 0.0546294562519 -0.147790431976 1.2183457613
      vertex 0.0535981282592 -0.148235782981 1.21638131142
      vertex 0.0534226857126 -0.14938634634 1.21842026711
    endloop
  endfacet
  facet normal -0.762681722641 0.266832113266 -0.589166522026
    outer loop
      vertex 0.0466648377478 -0.174411639571 1.25436031818
      vertex 0.048053316772 -0.172912091017 1.25501799583
      vertex 0.0473219491541 -0.172957137227 1.25302696228
    endloop
  endfacet
  facet normal -0.76268196106 0.266832560301 -0.589166045189
    outer loop
      vertex 0.0496066659689 -0.167466044426 1.24743294716
      vertex 0.0506074056029 -0.16653585434 1.24823951721
      vertex 0.0497290678322 -0.167261093855 1.24733030796
    endloop
  endfacet
  facet normal -0.762682199478 0.26683190465 -0.589166045189
    outer loop
      vertex 0.0477664805949 -0.170465663075 1.2487963438
      vertex 0.0486306250095 -0.17011962831 1.25050234795
      vertex 0.0486594364047 -0.169086277485 1.24830293655
    endloop
  endfacet
  facet normal -0.762680113316 0.266833782196 -0.589167892933
    outer loop
      vertex 0.0426318123937 -0.155329599977 1.200699687
      vertex 0.0424754433334 -0.155489638448 1.20060610771
      vertex 0.0424216799438 -0.156185597181 1.20198905468
    endloop
  endfacet
  facet normal -0.762682318687 0.266833782196 -0.589164972305
    outer loop
      vertex 0.0186338834465 -0.192331567407 1.21380722523
      vertex 0.0199394915253 -0.191807299852 1.21638143063
      vertex 0.0202706865966 -0.190096005797 1.21354961395
    endloop
  endfacet
  facet normal -0.762681186199 0.266833007336 -0.589166820049
    outer loop
      vertex 0.0538048930466 -0.162285968661 1.24799501896
      vertex 0.0554284602404 -0.160803735256 1.24936282635
      vertex 0.0547625571489 -0.160520851612 1.24683499336
    endloop
  endfacet
  facet normal -0.762681126595 0.266833662987 -0.589166581631
    outer loop
      vertex 0.0518068708479 -0.150694340467 1.21668982506
      vertex 0.0534226857126 -0.14938634634 1.21842026711
      vertex 0.0535981282592 -0.148235782981 1.21638131142
    endloop
  endfacet
  facet normal -0.762682378292 0.266833007336 -0.589165329933
    outer loop
      vertex 0.0219049844891 -0.200947552919 1.2421810627
      vertex 0.0201578103006 -0.202859118581 1.24140787125
      vertex 0.0210612267256 -0.202602699399 1.24342393875
    endloop
  endfacet
  facet normal -0.762487649918 0.266878724098 -0.589396595955
    outer loop
      vertex 0.0227193161845 -0.192093357444 1.22495853901
      vertex 0.0226093810052 -0.1918181777 1.22403669357
      vertex 0.0228380821645 -0.192405596375 1.22598743439
    endloop
  endfacet
  facet normal -0.762681901455 0.266832739115 -0.589166045189
    outer loop
      vertex 0.0284678731114 -0.198078528047 1.25460481644
      vertex 0.0290689449757 -0.196376487613 1.25256466866
      vertex 0.0273854043335 -0.198422551155 1.25227034092
    endloop
  endfacet
  facet normal -0.762681722641 0.266832381487 -0.589166402817
    outer loop
      vertex 0.0506989099085 -0.170001208782 1.25615251064
      vertex 0.0518494024873 -0.167800635099 1.25458216667
      vertex 0.0499192140996 -0.169862121344 1.25361680984
    endloop
  endfacet
  facet normal -0.76268273592 0.266831368208 -0.589165508747
    outer loop
      vertex 0.0442428663373 -0.157218441367 1.20947504044
      vertex 0.0432926006615 -0.157487854362 1.20735383034
      vertex 0.0425482839346 -0.159101173282 1.20878851414
    endloop
  endfacet
  facet normal -0.762682437897 0.266833722591 -0.589164912701
    outer loop
      vertex 0.0213675051928 -0.189654201269 1.21570909023
      vertex 0.0202706865966 -0.190096005797 1.21354961395
      vertex 0.0199394915253 -0.191807299852 1.21638143063
    endloop
  endfacet
  facet normal -0.762681424618 0.26683306694 -0.589166522026
    outer loop
      vertex 0.03987666592 -0.187832534313 1.26459109783
      vertex 0.0416673310101 -0.18648031354 1.26672363281
      vertex 0.0405922457576 -0.186047628522 1.2626953125
    endloop
  endfacet
  facet normal -0.762681305408 0.26683229208 -0.589166998863
    outer loop
      vertex 0.0555571950972 -0.145771950483 1.21654069424
      vertex 0.0542178452015 -0.14644382894 1.21419596672
      vertex 0.0535981282592 -0.148235782981 1.21638131142
    endloop
  endfacet
  facet normal -0.762681782246 0.266833662987 -0.58916580677
    outer loop
      vertex 0.0466360002756 -0.178777873516 1.26391851902
      vertex 0.0453854165971 -0.179056689143 1.26095962524
      vertex 0.0450125411153 -0.180351421237 1.26275253296
    endloop
  endfacet
  facet normal -0.762681901455 0.266832798719 -0.589166045189
    outer loop
      vertex 0.059209421277 -0.149525985122 1.23526871204
      vertex 0.0580471679568 -0.149845540524 1.23265218735
      vertex 0.0573183149099 -0.151897758245 1.23510026932
    endloop
  endfacet
  facet normal -0.762680947781 0.266834020615 -0.58916670084
    outer loop
      vertex 0.0277334135026 -0.192512139678 1.24021494389
      vertex 0.0273165758699 -0.193280562758 1.24072015285
      vertex 0.0279256477952 -0.192366197705 1.24044215679
    endloop
  endfacet
  facet normal -0.762682139874 0.266832053661 -0.589166045189
    outer loop
      vertex 0.0452693626285 -0.152664780617 1.20235455036
      vertex 0.0444518849254 -0.154534846544 1.20414710045
      vertex 0.0462993755937 -0.152347698808 1.20459854603
    endloop
  endfacet
  facet normal -0.762681722641 0.266833037138 -0.589166104794
    outer loop
      vertex 0.056665353477 -0.160204663873 1.25157546997
      vertex 0.0580764450133 -0.158384740353 1.25159049034
      vertex 0.0570566728711 -0.158927410841 1.24987387657
    endloop
  endfacet
  facet normal -0.762674689293 0.26675966382 -0.589208424091
    outer loop
      vertex 0.0441844128072 -0.153743773699 1.20163595676
      vertex 0.0439441986382 -0.153984174132 1.20148015022
      vertex 0.0452693626285 -0.152664780617 1.20235455036
    endloop
  endfacet
  facet normal -0.76268196106 0.266832381487 -0.589166104794
    outer loop
      vertex 0.0203838422894 -0.196080684662 1.22708714008
      vertex 0.0203104577959 -0.195033505559 1.22456526756
      vertex 0.0187734477222 -0.197340816259 1.22526657581
    endloop
  endfacet
  facet normal -0.762681424618 0.266832619905 -0.589166760445
    outer loop
      vertex 0.0203104577959 -0.195033505559 1.22456526756
      vertex 0.0203838422894 -0.196080684662 1.22708714008
      vertex 0.0220806375146 -0.193729609251 1.22674584389
    endloop
  endfacet
  facet normal -0.762681126595 0.26683306694 -0.589166939259
    outer loop
      vertex 0.0579869858921 -0.1616281569 1.25849616528
      vertex 0.0570715777576 -0.162018418312 1.25674140453
      vertex 0.0574051439762 -0.162635013461 1.25905621052
    endloop
  endfacet
  facet normal -0.762681603432 0.266832590103 -0.589166462421
    outer loop
      vertex 0.0506989099085 -0.170001208782 1.25615251064
      vertex 0.0524935051799 -0.168313130736 1.25755476952
      vertex 0.0518494024873 -0.167800635099 1.25458216667
    endloop
  endfacet
  facet normal -0.762684941292 0.266816824675 -0.589169323444
    outer loop
      vertex 0.0434250123799 -0.184227183461 1.26677262783
      vertex 0.0436125323176 -0.183980479836 1.26676392555
      vertex 0.0419365428388 -0.186139568686 1.26674067974
    endloop
  endfacet
  facet normal -0.762681782246 0.266832888126 -0.589166164398
    outer loop
      vertex 0.0328673459589 -0.192894041538 1.25573241711
      vertex 0.0337495654821 -0.192801147699 1.25804889202
      vertex 0.0344296991825 -0.191019117832 1.25605821609
    endloop
  endfacet
  facet normal -0.762681365013 0.266832798719 -0.58916670084
    outer loop
      vertex 0.0438040681183 -0.182055994868 1.26306211948
      vertex 0.0452478341758 -0.181086659431 1.26504850388
      vertex 0.0450125411153 -0.180351421237 1.26275253296
    endloop
  endfacet
  facet normal -0.762681722641 0.26683267951 -0.589166283607
    outer loop
      vertex 0.0386981628835 -0.183873996139 1.25248217583
      vertex 0.0402660407126 -0.182530120015 1.25399637222
      vertex 0.0401161722839 -0.181463688612 1.25121331215
    endloop
  endfacet
  facet normal -0.762681722641 0.266832470894 -0.589166343212
    outer loop
      vertex 0.0538048930466 -0.162285968661 1.24799501896
      vertex 0.0522043779492 -0.164294078946 1.24785423279
      vertex 0.0537592098117 -0.163235172629 1.24996030331
    endloop
  endfacet
  facet normal -0.76268196106 0.266831070185 -0.58916670084
    outer loop
      vertex 0.0170276165009 -0.199064031243 1.22408139706
      vertex 0.0175528340042 -0.199237003922 1.2259645462
      vertex 0.0187734477222 -0.197340816259 1.22526657581
    endloop
  endfacet
  facet normal -0.762681305408 0.266834139824 -0.589166164398
    outer loop
      vertex 0.0605239085853 -0.14355610311 1.22584438324
      vertex 0.0588793978095 -0.145277321339 1.2249443531
      vertex 0.0596570968628 -0.145542904735 1.22775363922
    endloop
  endfacet
  facet normal -0.762681424618 0.266832768917 -0.589166641235
    outer loop
      vertex 0.0366674438119 -0.190197899938 1.26064097881
      vertex 0.0355225466192 -0.192473247647 1.2623925209
      vertex 0.0369873680174 -0.191204681993 1.2637784481
    endloop
  endfacet
  facet normal -0.762681186199 0.266833156347 -0.589166760445
    outer loop
      vertex 0.0319928526878 -0.169909894466 1.20248389244
      vertex 0.0300750415772 -0.172025039792 1.20167243481
      vertex 0.0308324806392 -0.17180852592 1.20335936546
    endloop
  endfacet
  facet normal -0.76268196106 0.266832619905 -0.589165985584
    outer loop
      vertex 0.046107750386 -0.17604495585 1.25637435913
      vertex 0.0476405359805 -0.174259871244 1.25681400299
      vertex 0.0466648377478 -0.174411639571 1.25436031818
    endloop
  endfacet
  facet normal -0.762681722641 0.266832441092 -0.589166343212
    outer loop
      vertex 0.0544416941702 -0.151066750288 1.2250431776
      vertex 0.054854169488 -0.151849508286 1.22795045376
      vertex 0.0556701757014 -0.150218054652 1.22668063641
    endloop
  endfacet
  facet normal -0.762680947781 0.266832709312 -0.589167296886
    outer loop
      vertex 0.0219796765596 -0.194957077503 1.2291675806
      vertex 0.0203838422894 -0.196080684662 1.22708714008
      vertex 0.0202433131635 -0.197382852435 1.22956073284
    endloop
  endfacet
  facet normal -0.76268196106 0.266833901405 -0.589165389538
    outer loop
      vertex 0.0202433131635 -0.197382852435 1.22956073284
      vertex 0.0196580030024 -0.198803797364 1.23102509975
      vertex 0.0211020261049 -0.197571888566 1.23243248463
    endloop
  endfacet
  facet normal -0.762681007385 0.266833275557 -0.589166939259
    outer loop
      vertex 0.0582737140357 -0.159952491522 1.25561594963
      vertex 0.059826951474 -0.158311903477 1.2564330101
      vertex 0.059411868453 -0.157838761806 1.25420188904
    endloop
  endfacet
  facet normal -0.762681603432 0.266832977533 -0.589166283607
    outer loop
      vertex 0.0280885100365 -0.193461239338 1.24332547188
      vertex 0.0262913797051 -0.195324033499 1.24230182171
      vertex 0.0270734596997 -0.195516705513 1.24496269226
    endloop
  endfacet
  facet normal -0.762681424618 0.266832500696 -0.589166760445
    outer loop
      vertex 0.0592706166208 -0.151546478271 1.23990488052
      vertex 0.0612858012319 -0.149600237608 1.2413674593
      vertex 0.0604017600417 -0.149741142988 1.23915171623
    endloop
  endfacet
  facet normal -0.762681007385 0.266833543777 -0.589166820049
    outer loop
      vertex 0.0243139583617 -0.181712135673 1.20659470558
      vertex 0.0242972783744 -0.180919274688 1.20479643345
      vertex 0.0229247044772 -0.183287322521 1.20610189438
    endloop
  endfacet
  facet normal -0.762681603432 0.266832500696 -0.589166522026
    outer loop
      vertex 0.0332211777568 -0.194415420294 1.26010286808
      vertex 0.0337495654821 -0.192801147699 1.25804889202
      vertex 0.0321194045246 -0.194971352816 1.25818121433
    endloop
  endfacet
  facet normal -0.76268196106 0.266832798719 -0.58916592598
    outer loop
      vertex 0.0466360002756 -0.178777873516 1.26391851902
      vertex 0.0480417348444 -0.177748441696 1.2656635046
      vertex 0.0485294796526 -0.176238894463 1.26372456551
    endloop
  endfacet
  facet normal -0.762681663036 0.266831457615 -0.589166879654
    outer loop
      vertex 0.0518068708479 -0.150694340467 1.21668982506
      vertex 0.0523343160748 -0.148943260312 1.21433103085
      vertex 0.0506895817816 -0.151009216905 1.21419155598
    endloop
  endfacet
  facet normal -0.762681722641 0.266832798719 -0.589166224003
    outer loop
      vertex 0.0211020261049 -0.197571888566 1.23243248463
      vertex 0.0228774324059 -0.194910034537 1.23162972927
      vertex 0.0214979145676 -0.196242943406 1.23062980175
    endloop
  endfacet
  facet normal -0.762668848038 0.266822606325 -0.589187502861
    outer loop
      vertex 0.0589576773345 -0.143111467361 1.22038590908
      vertex 0.0597789026797 -0.142820477486 1.22209072113
      vertex 0.0597261190414 -0.142836749554 1.22197568417
    endloop
  endfacet
  facet normal -0.762681424618 0.266832977533 -0.589166522026
    outer loop
      vertex 0.0610682033002 -0.152146145701 1.24636697769
      vertex 0.0629414990544 -0.149542495608 1.24597239494
      vertex 0.0611643008888 -0.150938689709 1.24397552013
    endloop
  endfacet
  facet normal -0.762681186199 0.266832500696 -0.589167058468
    outer loop
      vertex 0.0332610979676 -0.187947183847 1.24593508244
      vertex 0.0331041626632 -0.18932133913 1.24852073193
      vertex 0.0347360111773 -0.187094807625 1.2482688427
    endloop
  endfacet
  facet normal -0.762681543827 0.266832470894 -0.589166641235
    outer loop
      vertex 0.0566207654774 -0.146798267961 1.22184681892
      vertex 0.05548620224 -0.14892680943 1.22330367565
      vertex 0.057280022651 -0.147058784962 1.22430634499
    endloop
  endfacet
  facet normal -0.762681484222 0.266832262278 -0.589166820049
    outer loop
      vertex 0.0593111291528 -0.147740900517 1.23161792755
      vertex 0.0596308000386 -0.148240417242 1.2336345911
      vertex 0.0610546916723 -0.146253988147 1.23331832886
    endloop
  endfacet
  facet normal -0.762681424618 0.26683229208 -0.589166820049
    outer loop
      vertex 0.0607074312866 -0.147639900446 1.23538589478
      vertex 0.0610546916723 -0.146253988147 1.23331832886
      vertex 0.0596308000386 -0.148240417242 1.2336345911
    endloop
  endfacet
  facet normal -0.762682557106 0.266832441092 -0.589165329933
    outer loop
      vertex 0.0465212501585 -0.153296396136 1.20732748508
      vertex 0.0461968779564 -0.154801562428 1.20972371101
      vertex 0.0479121729732 -0.152552470565 1.20966053009
    endloop
  endfacet
  facet normal -0.762681663036 0.266832590103 -0.589166402817
    outer loop
      vertex 0.0487359799445 -0.173960715532 1.25928449631
      vertex 0.0494251549244 -0.172142282128 1.25723934174
      vertex 0.0476405359805 -0.174259871244 1.25681400299
    endloop
  endfacet
  facet normal -0.762681722641 0.266832411289 -0.589166402817
    outer loop
      vertex 0.0262913797051 -0.195324033499 1.24230182171
      vertex 0.0255952775478 -0.194840058684 1.23924362659
      vertex 0.0245531182736 -0.196859642863 1.24072408676
    endloop
  endfacet
  facet normal -0.762681245804 0.266832202673 -0.589167058468
    outer loop
      vertex 0.0484655052423 -0.150673404336 1.20709311962
      vertex 0.0479121729732 -0.152552470565 1.20966053009
      vertex 0.0496388040483 -0.150343388319 1.20971810818
    endloop
  endfacet
  facet normal -0.762681603432 0.266832262278 -0.589166641235
    outer loop
      vertex 0.0321113951504 -0.18984079361 1.24683010578
      vertex 0.0331041626632 -0.18932133913 1.24852073193
      vertex 0.0332610979676 -0.187947183847 1.24593508244
    endloop
  endfacet
  facet normal -0.762663304806 0.266775757074 -0.589215874672
    outer loop
      vertex 0.0495421588421 -0.148729756474 1.2058788538
      vertex 0.0493169426918 -0.148919939995 1.20565509796
      vertex 0.0501022040844 -0.14827388525 1.20647311211
    endloop
  endfacet
  facet normal -0.762681543827 0.266832798719 -0.589166462421
    outer loop
      vertex 0.057661626488 -0.143644228578 1.21785771847
      vertex 0.0575734451413 -0.14494676888 1.22048163414
      vertex 0.0589576773345 -0.143111467361 1.22038590908
    endloop
  endfacet
  facet normal -0.762681245804 0.266832709312 -0.589166879654
    outer loop
      vertex 0.0307274591178 -0.191468030214 1.24646735191
      vertex 0.0317163281143 -0.191194728017 1.24869036674
      vertex 0.0321113951504 -0.18984079361 1.24683010578
    endloop
  endfacet
  facet normal -0.762681782246 0.266832232475 -0.589166462421
    outer loop
      vertex 0.0306621417403 -0.194513455033 1.25300490856
      vertex 0.0314283296466 -0.194624900818 1.25544095039
      vertex 0.0320288538933 -0.193062871695 1.25370848179
    endloop
  endfacet
  facet normal -0.762681126595 0.266832917929 -0.589166998863
    outer loop
      vertex 0.0239426419139 -0.193690612912 1.23198187351
      vertex 0.0234957505018 -0.193411305547 1.23008787632
      vertex 0.0228774324059 -0.194910034537 1.23162972927
    endloop
  endfacet
  facet normal -0.762682139874 0.266831487417 -0.589166283607
    outer loop
      vertex 0.0547625571489 -0.160520851612 1.24683499336
      vertex 0.0527976676822 -0.162601202726 1.24581217766
      vertex 0.0538048930466 -0.162285968661 1.24799501896
    endloop
  endfacet
  facet normal -0.762681901455 0.266832560301 -0.589166164398
    outer loop
      vertex 0.0433836877346 -0.177069395781 1.25085020065
      vertex 0.0417828038335 -0.179123610258 1.25081014633
      vertex 0.0432777814567 -0.178359672427 1.25339639187
    endloop
  endfacet
  facet normal -0.76268184185 0.266832530499 -0.589166164398
    outer loop
      vertex 0.0513000935316 -0.170375749469 1.25869786739
      vertex 0.0494251549244 -0.172142282128 1.25723934174
      vertex 0.0504301562905 -0.172118395567 1.26005911827
    endloop
  endfacet
  facet normal -0.762681484222 0.26683267951 -0.589166581631
    outer loop
      vertex 0.0524935051799 -0.168313130736 1.25755476952
      vertex 0.0531035028398 -0.168799936771 1.26037311554
      vertex 0.0544640645385 -0.166628196836 1.25946676731
    endloop
  endfacet
  facet normal -0.762680649757 0.266834199429 -0.589166998863
    outer loop
      vertex 0.0468827523291 -0.155573487282 1.2133885622
      vertex 0.0474319718778 -0.15447640419 1.21253597736
      vertex 0.0466341227293 -0.155761420727 1.21309280396
    endloop
  endfacet
  facet normal -0.76268106699 0.26683151722 -0.589167654514
    outer loop
      vertex 0.0518808811903 -0.146909177303 1.20854377747
      vertex 0.0511583648622 -0.147443562746 1.20765852928
      vertex 0.0515472851694 -0.147903576493 1.20978593826
    endloop
  endfacet
  facet normal -0.762681424618 0.266832947731 -0.589166581631
    outer loop
      vertex 0.0439441986382 -0.153984174132 1.20148015022
      vertex 0.0444518849254 -0.154534846544 1.20414710045
      vertex 0.0452693626285 -0.152664780617 1.20235455036
    endloop
  endfacet
  facet normal -0.762681722641 0.266833543777 -0.589165866375
    outer loop
      vertex 0.0523343160748 -0.148943260312 1.21433103085
      vertex 0.0530020557344 -0.147046297789 1.21205115318
      vertex 0.0509935840964 -0.149616062641 1.21198439598
    endloop
  endfacet
  facet normal -0.762680768967 0.266833931208 -0.589166998863
    outer loop
      vertex 0.048493091017 -0.177065089345 1.26544475555
      vertex 0.0485294796526 -0.176238894463 1.26372456551
      vertex 0.0480417348444 -0.177748441696 1.2656635046
    endloop
  endfacet
  facet normal -0.762681901455 0.26683229208 -0.589166164398
    outer loop
      vertex 0.0417311899364 -0.180309921503 1.25328195095
      vertex 0.0427397936583 -0.180191099644 1.25590240955
      vertex 0.0432777814567 -0.178359672427 1.25339639187
    endloop
  endfacet
  facet normal -0.762681782246 0.266832798719 -0.589166164398
    outer loop
      vertex 0.0487359799445 -0.173960715532 1.25928449631
      vertex 0.0471958443522 -0.175722435117 1.25877225399
      vertex 0.0482202768326 -0.175392091274 1.26097095013
    endloop
  endfacet
  facet normal -0.762682855129 0.266831874847 -0.589165151119
    outer loop
      vertex 0.0219049844891 -0.200947552919 1.2421810627
      vertex 0.0219993330538 -0.19982264936 1.23996698856
      vertex 0.020320892334 -0.201793894172 1.23952198029
    endloop
  endfacet
  facet normal -0.762681126595 0.266834199429 -0.589166343212
    outer loop
      vertex 0.0489852540195 -0.153325855732 1.21443533897
      vertex 0.0501277074218 -0.152627438307 1.21615862846
      vertex 0.0506895817816 -0.151009216905 1.21419155598
    endloop
  endfacet
  facet normal -0.762681782246 0.26683229208 -0.589166402817
    outer loop
      vertex 0.0555571950972 -0.145771950483 1.21654069424
      vertex 0.0561508052051 -0.146293535829 1.219389081
      vertex 0.057661626488 -0.143644228578 1.21785771847
    endloop
  endfacet
  facet normal -0.762681663036 0.266833245754 -0.589166164398
    outer loop
      vertex 0.051040802151 -0.173097401857 1.26396620274
      vertex 0.0499473847449 -0.173749163747 1.26227998734
      vertex 0.0501874089241 -0.174438878894 1.26448893547
    endloop
  endfacet
  facet normal -0.762635827065 0.266802847385 -0.589239180088
    outer loop
      vertex 0.0606990009546 -0.142554670572 1.22413361073
      vertex 0.0597789026797 -0.142820477486 1.22209072113
      vertex 0.0607970617712 -0.142532810569 1.22436571121
    endloop
  endfacet
  facet normal -0.76268106699 0.266833335161 -0.589166820049
    outer loop
      vertex 0.0542178452015 -0.14644382894 1.21419596672
      vertex 0.0542968548834 -0.145353227854 1.21201372147
      vertex 0.0530020557344 -0.147046297789 1.21205115318
    endloop
  endfacet
  facet normal -0.76268184185 0.266832530499 -0.589166224003
    outer loop
      vertex 0.0544857531786 -0.157720088959 1.2398597002
      vertex 0.0540792569518 -0.158861845732 1.24121880531
      vertex 0.0559300221503 -0.156540572643 1.24138343334
    endloop
  endfacet
  facet normal -0.762681663036 0.266832083464 -0.589166581631
    outer loop
      vertex 0.0199394915253 -0.191807299852 1.21638143063
      vertex 0.0179920885712 -0.194093123078 1.21586227417
      vertex 0.0190248377621 -0.193904265761 1.2183971405
    endloop
  endfacet
  facet normal -0.762681305408 0.266832232475 -0.589166998863
    outer loop
      vertex 0.0539919547737 -0.145535901189 1.21154558659
      vertex 0.0530277453363 -0.146129056811 1.21009933949
      vertex 0.0530020557344 -0.147046297789 1.21205115318
    endloop
  endfacet
  facet normal -0.762682437897 0.266832500696 -0.589165449142
    outer loop
      vertex 0.0535196401179 -0.151028990746 1.22232437134
      vertex 0.05548620224 -0.14892680943 1.22330367565
      vertex 0.0545963421464 -0.148794218898 1.22046744823
    endloop
  endfacet
  facet normal -0.762682139874 0.266831457615 -0.589166283607
    outer loop
      vertex 0.0307274591178 -0.191468030214 1.24646735191
      vertex 0.0299313552678 -0.191414281726 1.24407315254
      vertex 0.0290065295994 -0.193439602852 1.24590170383
    endloop
  endfacet
  facet normal -0.762681603432 0.266833782196 -0.589165985584
    outer loop
      vertex 0.0554714389145 -0.144709378481 1.21394944191
      vertex 0.0552026890218 -0.144854903221 1.21350264549
      vertex 0.0542178452015 -0.14644382894 1.21419596672
    endloop
  endfacet
  facet normal -0.762681126595 0.266832500696 -0.589167118073
    outer loop
      vertex 0.024171249941 -0.199993789196 1.24655270576
      vertex 0.0234411656857 -0.199776187539 1.24398553371
      vertex 0.0226811747998 -0.201067045331 1.24466347694
    endloop
  endfacet
  facet normal -0.762682676315 0.26683190465 -0.589165389538
    outer loop
      vertex 0.0303023122251 -0.190588876605 1.24331092834
      vertex 0.0299313552678 -0.191414281726 1.24407315254
      vertex 0.0306580048054 -0.190282672644 1.24365150928
    endloop
  endfacet
  facet normal -0.762681484222 0.266832768917 -0.589166522026
    outer loop
      vertex 0.0585025474429 -0.156864717603 1.24945211411
      vertex 0.0570566728711 -0.158927410841 1.24987387657
      vertex 0.0580764450133 -0.158384740353 1.25159049034
    endloop
  endfacet
  facet normal -0.762683033943 0.266832351685 -0.589164733887
    outer loop
      vertex 0.0518068708479 -0.150694340467 1.21668982506
      vertex 0.0506895817816 -0.151009216905 1.21419155598
      vertex 0.0501277074218 -0.152627438307 1.21615862846
    endloop
  endfacet
  facet normal -0.76268196106 0.266832798719 -0.58916592598
    outer loop
      vertex 0.050653513521 -0.16818420589 1.2520108223
      vertex 0.0486306250095 -0.17011962831 1.25050234795
      vertex 0.0499192140996 -0.169862121344 1.25361680984
    endloop
  endfacet
  facet normal -0.762681603432 0.266832083464 -0.58916670084
    outer loop
      vertex 0.0263962950557 -0.197996258736 1.24850201607
      vertex 0.0262082573026 -0.19730129838 1.24643003941
      vertex 0.024171249941 -0.199993789196 1.24655270576
    endloop
  endfacet
  facet normal -0.762681245804 0.26683357358 -0.589166462421
    outer loop
      vertex 0.0527976676822 -0.162601202726 1.24581217766
      vertex 0.0517275482416 -0.163653209805 1.24507629871
      vertex 0.0510298609734 -0.16494075954 1.24592506886
    endloop
  endfacet
  facet normal -0.762682080269 0.266832798719 -0.58916580677
    outer loop
      vertex 0.0568991191685 -0.149304762483 1.22817671299
      vertex 0.0566255263984 -0.150661036372 1.23038935661
      vertex 0.0579722821712 -0.148941546679 1.23044216633
    endloop
  endfacet
  facet normal -0.76268196106 0.266831964254 -0.589166343212
    outer loop
      vertex 0.0357423014939 -0.187196403742 1.25136935711
      vertex 0.0367858596146 -0.185137495399 1.24980604649
      vertex 0.0347360111773 -0.187094807625 1.2482688427
    endloop
  endfacet
  facet normal -0.762681663036 0.266832441092 -0.589166462421
    outer loop
      vertex 0.0219796765596 -0.194957077503 1.2291675806
      vertex 0.0214979145676 -0.196242943406 1.23062980175
      vertex 0.0228774324059 -0.194910034537 1.23162972927
    endloop
  endfacet
  facet normal -0.762681484222 0.266833692789 -0.589166164398
    outer loop
      vertex 0.0416673310101 -0.18648031354 1.26672363281
      vertex 0.0436125323176 -0.183980479836 1.26676392555
      vertex 0.0435984060168 -0.183299228549 1.26521933079
    endloop
  endfacet
  facet normal -0.762681245804 0.266833394766 -0.589166581631
    outer loop
      vertex 0.0194481071085 -0.189400419593 1.20966255665
      vertex 0.0199166424572 -0.189738512039 1.21174824238
      vertex 0.0211809892207 -0.188268631697 1.21211659908
    endloop
  endfacet
  facet normal -0.762681603432 0.26683306694 -0.589166283607
    outer loop
      vertex 0.0171096436679 -0.196582764387 1.21883714199
      vertex 0.0177764110267 -0.196576297283 1.220728755
      vertex 0.0183469578624 -0.19553206861 1.220053792
    endloop
  endfacet
  facet normal -0.762680768967 0.266833156347 -0.589167296886
    outer loop
      vertex 0.0526967868209 -0.170461922884 1.26288032532
      vertex 0.0520102381706 -0.170539170504 1.26108849049
      vertex 0.0514076091349 -0.171909123659 1.26239085197
    endloop
  endfacet
  facet normal -0.762682378292 0.266832083464 -0.589165747166
    outer loop
      vertex 0.0405416488647 -0.158466771245 1.20165228844
      vertex 0.0407645180821 -0.15936781466 1.20427882671
      vertex 0.0416706986725 -0.157685920596 1.20315527916
    endloop
  endfacet
  facet normal -0.762681663036 0.266833484173 -0.589166045189
    outer loop
      vertex 0.0618515461683 -0.147969096899 1.23938298225
      vertex 0.0612858012319 -0.149600237608 1.2413674593
      vertex 0.0633658394217 -0.146973773837 1.24151360989
    endloop
  endfacet
  facet normal -0.762682020664 0.26683318615 -0.589165627956
    outer loop
      vertex 0.0600737668574 -0.157835975289 1.25608766079
      vertex 0.059411868453 -0.157838761806 1.25420188904
      vertex 0.059826951474 -0.158311903477 1.2564330101
    endloop
  endfacet
  facet normal -0.762681186199 0.266833662987 -0.589166522026
    outer loop
      vertex 0.0388387255371 -0.162059158087 1.20471680164
      vertex 0.0375849269331 -0.162552595139 1.20222258568
      vertex 0.036997590214 -0.164428651333 1.20468616486
    endloop
  endfacet
  facet normal -0.762681186199 0.266833275557 -0.58916670084
    outer loop
      vertex 0.0202494598925 -0.199816659093 1.23495209217
      vertex 0.0211020261049 -0.197571888566 1.23243248463
      vertex 0.0189213119447 -0.200413987041 1.23247480392
    endloop
  endfacet
  facet normal -0.762681722641 0.266832858324 -0.589166224003
    outer loop
      vertex 0.0290065295994 -0.193439602852 1.24590170383
      vertex 0.0280885100365 -0.193461239338 1.24332547188
      vertex 0.0270734596997 -0.195516705513 1.24496269226
    endloop
  endfacet
  facet normal -0.762682497501 0.266830652952 -0.589166164398
    outer loop
      vertex 0.0563445575535 -0.152103900909 1.23277211189
      vertex 0.0547228083014 -0.154516071081 1.23346281052
      vertex 0.0558311603963 -0.153364136815 1.23408734798
    endloop
  endfacet
  facet normal -0.762681722641 0.266832083464 -0.589166522026
    outer loop
      vertex 0.059411868453 -0.157838761806 1.25420188904
      vertex 0.0577555410564 -0.159562408924 1.25327348709
      vertex 0.0582737140357 -0.159952491522 1.25561594963
    endloop
  endfacet
  facet normal -0.762682139874 0.266833543777 -0.589165329933
    outer loop
      vertex 0.0518068708479 -0.150694340467 1.21668982506
      vertex 0.0502792708576 -0.153296768665 1.21806967258
      vertex 0.0522802509367 -0.151438757777 1.21968662739
    endloop
  endfacet
  facet normal -0.762681722641 0.266833096743 -0.589166045189
    outer loop
      vertex 0.0487359799445 -0.173960715532 1.25928449631
      vertex 0.0499473847449 -0.173749163747 1.26227998734
      vertex 0.0504301562905 -0.172118395567 1.26005911827
    endloop
  endfacet
  facet normal -0.762681722641 0.26683267951 -0.589166283607
    outer loop
      vertex 0.0211020261049 -0.197571888566 1.23243248463
      vertex 0.0202494598925 -0.199816659093 1.23495209217
      vertex 0.0224486030638 -0.197471663356 1.23606014252
    endloop
  endfacet
  facet normal -0.762681901455 0.266832560301 -0.589166164398
    outer loop
      vertex 0.0417311899364 -0.180309921503 1.25328195095
      vertex 0.0432777814567 -0.178359672427 1.25339639187
      vertex 0.0417828038335 -0.179123610258 1.25081014633
    endloop
  endfacet
  facet normal -0.762682378292 0.266832917929 -0.589165329933
    outer loop
      vertex 0.0180115513504 -0.203212618828 1.23605382442
      vertex 0.0183824431151 -0.203193977475 1.23707270622
      vertex 0.0194134544581 -0.201771602035 1.23687899113
    endloop
  endfacet
  facet normal -0.76268196106 0.266832470894 -0.589166045189
    outer loop
      vertex 0.0405922457576 -0.186047628522 1.2626953125
      vertex 0.0396205931902 -0.186072602868 1.25997328758
      vertex 0.0388116128743 -0.187858581543 1.26160442829
    endloop
  endfacet
  facet normal -0.762681722641 0.266832500696 -0.589166343212
    outer loop
      vertex 0.0466648377478 -0.174411639571 1.25436031818
      vertex 0.0476405359805 -0.174259871244 1.25681400299
      vertex 0.048053316772 -0.172912091017 1.25501799583
    endloop
  endfacet
  facet normal -0.762681782246 0.266832321882 -0.589166402817
    outer loop
      vertex 0.046107750386 -0.17604495585 1.25637435913
      vertex 0.0457145795226 -0.177576676011 1.2586325407
      vertex 0.0471958443522 -0.175722435117 1.25877225399
    endloop
  endfacet
  facet normal -0.762681424618 0.266832709312 -0.589166641235
    outer loop
      vertex 0.0544416941702 -0.151066750288 1.2250431776
      vertex 0.0535196401179 -0.151028990746 1.22232437134
      vertex 0.0528751723468 -0.152498424053 1.22372674942
    endloop
  endfacet
  facet normal -0.762681424618 0.266832411289 -0.589166820049
    outer loop
      vertex 0.0561508052051 -0.146293535829 1.219389081
      vertex 0.0566207654774 -0.146798267961 1.22184681892
      vertex 0.0575734451413 -0.14494676888 1.22048163414
    endloop
  endfacet
  facet normal -0.76268184185 0.266832977533 -0.589165985584
    outer loop
      vertex 0.0530020557344 -0.147046297789 1.21205115318
      vertex 0.0515472851694 -0.147903576493 1.20978593826
      vertex 0.0509935840964 -0.149616062641 1.21198439598
    endloop
  endfacet
  facet normal -0.762681245804 0.266833215952 -0.58916670084
    outer loop
      vertex 0.0219796765596 -0.194957077503 1.2291675806
      vertex 0.0220806375146 -0.193729609251 1.22674584389
      vertex 0.0203838422894 -0.196080684662 1.22708714008
    endloop
  endfacet
  facet normal -0.762681722641 0.266833275557 -0.589166045189
    outer loop
      vertex 0.054096698761 -0.160222664475 1.24427330494
      vertex 0.0525960065424 -0.162009850144 1.24393010139
      vertex 0.0527976676822 -0.162601202726 1.24581217766
    endloop
  endfacet
  facet normal -0.762897014618 0.267001479864 -0.58881098032
    outer loop
      vertex 0.0587154142559 -0.143199071288 1.21988689899
      vertex 0.0586974360049 -0.143206253648 1.21985125542
      vertex 0.0589576773345 -0.143111467361 1.22038590908
    endloop
  endfacet
  facet normal -0.762681365013 0.266833603382 -0.589166343212
    outer loop
      vertex 0.0188151337206 -0.203160449862 1.23823547363
      vertex 0.0191827863455 -0.203079864383 1.23910832405
      vertex 0.020320892334 -0.201793894172 1.23952198029
    endloop
  endfacet
  facet normal -0.762683391571 0.266831725836 -0.589164555073
    outer loop
      vertex 0.0171460583806 -0.202108606696 1.23114228249
      vertex 0.0184427890927 -0.199759319425 1.22966146469
      vertex 0.017093360424 -0.201111868024 1.22879087925
    endloop
  endfacet
  facet normal -0.762681543827 0.266831845045 -0.589166879654
    outer loop
      vertex 0.0357423014939 -0.187196403742 1.25136935711
      vertex 0.0347360111773 -0.187094807625 1.2482688427
      vertex 0.0342345237732 -0.188967108727 1.25096940994
    endloop
  endfacet
  facet normal -0.762681305408 0.266832709312 -0.589166820049
    outer loop
      vertex 0.0647360756993 -0.144093647599 1.23907077312
      vertex 0.0646920278668 -0.143536150455 1.23771393299
      vertex 0.0636522099376 -0.144551321864 1.23698329926
    endloop
  endfacet
  facet normal -0.762681663036 0.266832143068 -0.589166581631
    outer loop
      vertex 0.0245531182736 -0.196859642863 1.24072408676
      vertex 0.0239951517433 -0.196474760771 1.23827934265
      vertex 0.0229533873498 -0.198189914227 1.23908877373
    endloop
  endfacet
  facet normal -0.76268184185 0.266833603382 -0.589165747166
    outer loop
      vertex 0.0337553359568 -0.187451720238 1.24625384808
      vertex 0.0347360111773 -0.187094807625 1.2482688427
      vertex 0.0344132781029 -0.186804041266 1.24670433998
    endloop
  endfacet
  facet normal -0.76268184185 0.266832023859 -0.589166402817
    outer loop
      vertex 0.0265706665814 -0.193226650357 1.23846912384
      vertex 0.02590383403 -0.193499311805 1.23716509342
      vertex 0.0255952775478 -0.194840058684 1.23924362659
    endloop
  endfacet
  facet normal -0.762682557106 0.266832500696 -0.589165270329
    outer loop
      vertex 0.0548251345754 -0.155267477036 1.2354143858
      vertex 0.0558311603963 -0.153364136815 1.23408734798
      vertex 0.0547228083014 -0.154516071081 1.23346281052
    endloop
  endfacet
  facet normal -0.762681722641 0.26683229208 -0.589166462421
    outer loop
      vertex 0.0229533873498 -0.198189914227 1.23908877373
      vertex 0.0233810134232 -0.198853507638 1.24177622795
      vertex 0.0245531182736 -0.196859642863 1.24072408676
    endloop
  endfacet
  facet normal -0.762681722641 0.266832649708 -0.589166283607
    outer loop
      vertex 0.0492543429136 -0.171345517039 1.25499176979
      vertex 0.0484054498374 -0.171578273177 1.25307929516
      vertex 0.048053316772 -0.172912091017 1.25501799583
    endloop
  endfacet
  facet normal -0.762681663036 0.266833990812 -0.58916580677
    outer loop
      vertex 0.020320892334 -0.201793894172 1.23952198029
      vertex 0.0212651900947 -0.19969651103 1.23758995533
      vertex 0.0194134544581 -0.201771602035 1.23687899113
    endloop
  endfacet
  facet normal -0.762682020664 0.266831278801 -0.589166581631
    outer loop
      vertex 0.0606176443398 -0.145504891872 1.23041522503
      vertex 0.0596570968628 -0.145542904735 1.22775363922
      vertex 0.0587160922587 -0.147407889366 1.22918188572
    endloop
  endfacet
  facet normal -0.762681663036 0.266833245754 -0.589166104794
    outer loop
      vertex 0.0391382612288 -0.184651240706 1.25545620918
      vertex 0.0404414609075 -0.184184968472 1.25815165043
      vertex 0.0410105772316 -0.182583466172 1.25624215603
    endloop
  endfacet
  facet normal -0.762681901455 0.266832590103 -0.589166104794
    outer loop
      vertex 0.0450198873878 -0.174398869276 1.24963033199
      vertex 0.0440520681441 -0.175640776753 1.24960613251
      vertex 0.0458857268095 -0.174027353525 1.25128483772
    endloop
  endfacet
  facet normal -0.762681901455 0.266833424568 -0.589165687561
    outer loop
      vertex 0.0194481071085 -0.189400419593 1.20966255665
      vertex 0.0186429992318 -0.191232442856 1.21140635014
      vertex 0.0199166424572 -0.189738512039 1.21174824238
    endloop
  endfacet
  facet normal -0.762681484222 0.266832888126 -0.589166522026
    outer loop
      vertex 0.0252044834197 -0.193738296628 1.23569393158
      vertex 0.024510351941 -0.194949448109 1.23638403416
      vertex 0.025516146794 -0.19369417429 1.2364872694
    endloop
  endfacet
  facet normal -0.762682139874 0.26683267951 -0.589165687561
    outer loop
      vertex 0.0566233061254 -0.161288410425 1.25384831429
      vertex 0.0570715777576 -0.162018418312 1.25674140453
      vertex 0.0582737140357 -0.159952491522 1.25561594963
    endloop
  endfacet
  facet normal -0.76268184185 0.266832470894 -0.589166283607
    outer loop
      vertex 0.0344296991825 -0.191019117832 1.25605821609
      vertex 0.0333839580417 -0.191070571542 1.25318276882
      vertex 0.0328673459589 -0.192894041538 1.25573241711
    endloop
  endfacet
  facet normal -0.762681305408 0.266832560301 -0.589166879654
    outer loop
      vertex 0.0274836309254 -0.19266179204 1.2398314476
      vertex 0.0265706665814 -0.193226650357 1.23846912384
      vertex 0.0273165758699 -0.193280562758 1.24072015285
    endloop
  endfacet
  facet normal -0.762681543827 0.266833364964 -0.589166224003
    outer loop
      vertex 0.0231823269278 -0.195538833737 1.23388957977
      vertex 0.0228774324059 -0.194910034537 1.23162972927
      vertex 0.0211020261049 -0.197571888566 1.23243248463
    endloop
  endfacet
  facet normal -0.762681782246 0.266833007336 -0.589166045189
    outer loop
      vertex 0.0599884875119 -0.154349327087 1.24814534187
      vertex 0.0580293945968 -0.155964389443 1.24611186981
      vertex 0.0585025474429 -0.156864717603 1.24945211411
    endloop
  endfacet
  facet normal -0.762681603432 0.26683345437 -0.589166104794
    outer loop
      vertex 0.0402074977756 -0.188270673156 1.26650416851
      vertex 0.0416673310101 -0.18648031354 1.26672363281
      vertex 0.03987666592 -0.187832534313 1.26459109783
    endloop
  endfacet
  facet normal -0.762681782246 0.26683267951 -0.589166224003
    outer loop
      vertex 0.0487359799445 -0.173960715532 1.25928449631
      vertex 0.0476405359805 -0.174259871244 1.25681400299
      vertex 0.0471958443522 -0.175722435117 1.25877225399
    endloop
  endfacet
  facet normal -0.762681424618 0.266832709312 -0.589166641235
    outer loop
      vertex 0.0240004584193 -0.193747997284 1.23227381706
      vertex 0.0228774324059 -0.194910034537 1.23162972927
      vertex 0.0241506677121 -0.193766206503 1.23274338245
    endloop
  endfacet
  facet normal -0.76268106699 0.266832977533 -0.589167058468
    outer loop
      vertex 0.0315376147628 -0.192561119795 1.25119650364
      vertex 0.0333839580417 -0.191070571542 1.25318276882
      vertex 0.0328530147672 -0.190541759133 1.25049757957
    endloop
  endfacet
  facet normal -0.762681543827 0.266833007336 -0.589166343212
    outer loop
      vertex 0.0233810134232 -0.198853507638 1.24177622795
      vertex 0.0234411656857 -0.199776187539 1.24398553371
      vertex 0.0250685904175 -0.19760710001 1.24384772778
    endloop
  endfacet
  facet normal -0.762681663036 0.266831964254 -0.589166641235
    outer loop
      vertex 0.0254032816738 -0.176474988461 1.19814479351
      vertex 0.0243103019893 -0.178076475859 1.19855678082
      vertex 0.0255871284753 -0.176765084267 1.19931077957
    endloop
  endfacet
  facet normal -0.762682437897 0.266832709312 -0.589165389538
    outer loop
      vertex 0.0188151337206 -0.203160449862 1.23823547363
      vertex 0.0194134544581 -0.201771602035 1.23687899113
      vertex 0.0183824431151 -0.203193977475 1.23707270622
    endloop
  endfacet
  facet normal -0.762681603432 0.266833335161 -0.589166164398
    outer loop
      vertex 0.0231823269278 -0.195538833737 1.23388957977
      vertex 0.0241506677121 -0.193766206503 1.23274338245
      vertex 0.0228774324059 -0.194910034537 1.23162972927
    endloop
  endfacet
  facet normal -0.762681722641 0.266831845045 -0.58916670084
    outer loop
      vertex 0.0270734596997 -0.195516705513 1.24496269226
      vertex 0.0280393287539 -0.195568561554 1.24783790112
      vertex 0.0290065295994 -0.193439602852 1.24590170383
    endloop
  endfacet
  facet normal -0.762681901455 0.266831666231 -0.589166522026
    outer loop
      vertex 0.0484655052423 -0.150673404336 1.20709311962
      vertex 0.0465212501585 -0.153296396136 1.20732748508
      vertex 0.0479121729732 -0.152552470565 1.20966053009
    endloop
  endfacet
  facet normal -0.762681484222 0.266833394766 -0.589166283607
    outer loop
      vertex 0.0579548366368 -0.147294744849 1.2267562151
      vertex 0.057280022651 -0.147058784962 1.22430634499
      vertex 0.0562979094684 -0.148951351643 1.22567796707
    endloop
  endfacet
  facet normal -0.762681603432 0.266832143068 -0.58916670084
    outer loop
      vertex 0.0582104809582 -0.14498077333 1.22237765789
      vertex 0.0575734451413 -0.14494676888 1.22048163414
      vertex 0.0566207654774 -0.146798267961 1.22184681892
    endloop
  endfacet
  facet normal -0.762681901455 0.266832560301 -0.589166104794
    outer loop
      vertex 0.0573498904705 -0.153106540442 1.23785948753
      vertex 0.0555323548615 -0.155787482858 1.23858392239
      vertex 0.0577356554568 -0.15411272645 1.24118375778
    endloop
  endfacet
  facet normal -0.762682199478 0.266833215952 -0.589165449142
    outer loop
      vertex 0.0544416941702 -0.151066750288 1.2250431776
      vertex 0.0556701757014 -0.150218054652 1.22668063641
      vertex 0.0562979094684 -0.148951351643 1.22567796707
    endloop
  endfacet
  facet normal -0.762682199478 0.26683306694 -0.589165508747
    outer loop
      vertex 0.0590379163623 -0.150758162141 1.23749911785
      vertex 0.0573498904705 -0.153106540442 1.23785948753
      vertex 0.0592706166208 -0.151546478271 1.23990488052
    endloop
  endfacet
  facet normal -0.762681663036 0.266832858324 -0.589166283607
    outer loop
      vertex 0.0332211777568 -0.194415420294 1.26010286808
      vertex 0.0341384932399 -0.193907245994 1.26160275936
      vertex 0.0347353555262 -0.19247789681 1.26015281677
    endloop
  endfacet
  facet normal -0.762681543827 0.266833245754 -0.589166224003
    outer loop
      vertex 0.05548620224 -0.14892680943 1.22330367565
      vertex 0.0562979094684 -0.148951351643 1.22567796707
      vertex 0.057280022651 -0.147058784962 1.22430634499
    endloop
  endfacet
  facet normal -0.762681484222 0.266832500696 -0.589166641235
    outer loop
      vertex 0.0279256477952 -0.192366197705 1.24044215679
      vertex 0.0273165758699 -0.193280562758 1.24072015285
      vertex 0.0289456937462 -0.191672235727 1.24182546139
    endloop
  endfacet
  facet normal -0.76268184185 0.266832500696 -0.589166164398
    outer loop
      vertex 0.0494251549244 -0.172142282128 1.25723934174
      vertex 0.0513000935316 -0.170375749469 1.25869786739
      vertex 0.0506989099085 -0.170001208782 1.25615251064
    endloop
  endfacet
  facet normal -0.762681305408 0.266833394766 -0.589166462421
    outer loop
      vertex 0.0526967868209 -0.170461922884 1.26288032532
      vertex 0.0532897897065 -0.169501051307 1.26245367527
      vertex 0.0520102381706 -0.170539170504 1.26108849049
    endloop
  endfacet
  facet normal -0.762681722641 0.26683229208 -0.589166462421
    outer loop
      vertex 0.0279223881662 -0.196847125888 1.25032675266
      vertex 0.0290689449757 -0.196376487613 1.25256466866
      vertex 0.0296221692115 -0.194764941931 1.2505877018
    endloop
  endfacet
  facet normal -0.762681543827 0.266831755638 -0.589166939259
    outer loop
      vertex 0.0563445575535 -0.152103900909 1.23277211189
      vertex 0.0558311603963 -0.153364136815 1.23408734798
      vertex 0.0573183149099 -0.151897758245 1.23510026932
    endloop
  endfacet
  facet normal -0.762681722641 0.266832202673 -0.589166522026
    outer loop
      vertex 0.0402660407126 -0.182530120015 1.25399637222
      vertex 0.0414260365069 -0.181305915117 1.25460886955
      vertex 0.040894575417 -0.18147110939 1.253454566
    endloop
  endfacet
  facet normal -0.76268106699 0.266833305359 -0.589166820049
    outer loop
      vertex 0.0625359341502 -0.142207294703 1.22861707211
      vertex 0.061749946326 -0.14232391119 1.22662806511
      vertex 0.0613727755845 -0.143614083529 1.22839868069
    endloop
  endfacet
  facet normal -0.762680709362 0.266832411289 -0.589167714119
    outer loop
      vertex 0.0555323548615 -0.155787482858 1.23858392239
      vertex 0.0548251345754 -0.155267477036 1.2354143858
      vertex 0.0548246353865 -0.155856430531 1.23671340942
    endloop
  endfacet
  facet normal -0.762682139874 0.266832858324 -0.589165687561
    outer loop
      vertex 0.0234234668314 -0.201778590679 1.24835622311
      vertex 0.0250849314034 -0.200063854456 1.24931895733
      vertex 0.024171249941 -0.199993789196 1.24655270576
    endloop
  endfacet
  facet normal -0.762682199478 0.266833305359 -0.589165329933
    outer loop
      vertex 0.0300962366164 -0.19074383378 1.24306404591
      vertex 0.0289456937462 -0.191672235727 1.24182546139
      vertex 0.0299313552678 -0.191414281726 1.24407315254
    endloop
  endfacet
  facet normal -0.762681663036 0.26683151722 -0.589166879654
    outer loop
      vertex 0.0448033958673 -0.155358418822 1.20697021484
      vertex 0.0444518849254 -0.154534846544 1.20414710045
      vertex 0.0426977500319 -0.157128110528 1.20485925674
    endloop
  endfacet
  facet normal -0.762681782246 0.26683178544 -0.589166641235
    outer loop
      vertex 0.0597789026797 -0.142820477486 1.22209072113
      vertex 0.0582104809582 -0.14498077333 1.22237765789
      vertex 0.0588793978095 -0.145277321339 1.2249443531
    endloop
  endfacet
  facet normal -0.762681484222 0.266832947731 -0.589166522026
    outer loop
      vertex 0.059411868453 -0.157838761806 1.25420188904
      vertex 0.0612554959953 -0.155469313264 1.25423979759
      vertex 0.0595097318292 -0.156720533967 1.25201261044
    endloop
  endfacet
  facet normal -0.762681424618 0.266832768917 -0.589166641235
    outer loop
      vertex 0.0402660407126 -0.182530120015 1.25399637222
      vertex 0.040894575417 -0.18147110939 1.253454566
      vertex 0.0401161722839 -0.181463688612 1.25121331215
    endloop
  endfacet
  facet normal -0.762681782246 0.266832411289 -0.589166343212
    outer loop
      vertex 0.0555323548615 -0.155787482858 1.23858392239
      vertex 0.0544857531786 -0.157720088959 1.2398597002
      vertex 0.0559300221503 -0.156540572643 1.24138343334
    endloop
  endfacet
  facet normal -0.762681663036 0.266832351685 -0.589166462421
    outer loop
      vertex 0.0357423014939 -0.187196403742 1.25136935711
      vertex 0.0372549518943 -0.186097070575 1.25326561928
      vertex 0.0367858596146 -0.185137495399 1.24980604649
    endloop
  endfacet
  facet normal -0.762682199478 0.266831994057 -0.589165985584
    outer loop
      vertex 0.023333568126 -0.179522007704 1.19895672798
      vertex 0.0234400033951 -0.180186226964 1.20072758198
      vertex 0.0247772522271 -0.178387716413 1.20057868958
    endloop
  endfacet
  facet normal -0.762680470943 0.266834676266 -0.589166998863
    outer loop
      vertex 0.0300962366164 -0.19074383378 1.24306404591
      vertex 0.0299313552678 -0.191414281726 1.24407315254
      vertex 0.0303023122251 -0.190588876605 1.24331092834
    endloop
  endfacet
  facet normal -0.762682437897 0.266832143068 -0.589165627956
    outer loop
      vertex 0.0300750415772 -0.172025039792 1.20167243481
      vertex 0.0307445451617 -0.170073002577 1.19927597046
      vertex 0.0286397486925 -0.172478035092 1.19857013226
    endloop
  endfacet
  facet normal -0.762681424618 0.266832172871 -0.589166879654
    outer loop
      vertex 0.0386061035097 -0.160251706839 1.20006108284
      vertex 0.0374491252005 -0.160939201713 1.19827210903
      vertex 0.0370765551925 -0.162149310112 1.19987905025
    endloop
  endfacet
  facet normal -0.762681365013 0.266833871603 -0.589166224003
    outer loop
      vertex 0.0623522512615 -0.144052118063 1.23216545582
      vertex 0.0634072646499 -0.142219603062 1.2311347723
      vertex 0.0622624382377 -0.143353909254 1.23036706448
    endloop
  endfacet
  facet normal -0.762681722641 0.266832202673 -0.589166522026
    outer loop
      vertex 0.0582104809582 -0.14498077333 1.22237765789
      vertex 0.0589576773345 -0.143111467361 1.22038590908
      vertex 0.0575734451413 -0.14494676888 1.22048163414
    endloop
  endfacet
  facet normal -0.762682139874 0.266832321882 -0.58916592598
    outer loop
      vertex 0.0518494024873 -0.167800635099 1.25458216667
      vertex 0.0533033460379 -0.165650039911 1.25398933887
      vertex 0.0521790534258 -0.166376382113 1.25237953663
    endloop
  endfacet
  facet normal -0.762735188007 0.266801804304 -0.589111030102
    outer loop
      vertex 0.0170402508229 -0.198162004352 1.22212576866
      vertex 0.0170508492738 -0.197978794575 1.2217515707
      vertex 0.0170436259359 -0.198065698147 1.22192275524
    endloop
  endfacet
  facet normal -0.762682080269 0.26683190465 -0.589166164398
    outer loop
      vertex 0.0528751723468 -0.152498424053 1.22372674942
      vertex 0.0535196401179 -0.151028990746 1.22232437134
      vertex 0.0523876287043 -0.15251596272 1.22237193584
    endloop
  endfacet
  facet normal -0.762681126595 0.266831368208 -0.589167654514
    outer loop
      vertex 0.0633814632893 -0.142213508487 1.2310475111
      vertex 0.0622624382377 -0.143353909254 1.23036706448
      vertex 0.0634072646499 -0.142219603062 1.2311347723
    endloop
  endfacet
  facet normal -0.762681186199 0.266833335161 -0.589166641235
    outer loop
      vertex 0.0531035028398 -0.168799936771 1.26037311554
      vertex 0.0543219000101 -0.167817249894 1.26168584824
      vertex 0.0544640645385 -0.166628196836 1.25946676731
    endloop
  endfacet
  facet normal -0.762682139874 0.266832351685 -0.58916592598
    outer loop
      vertex 0.0388387255371 -0.162059158087 1.20471680164
      vertex 0.040180888027 -0.161230400205 1.2067232132
      vertex 0.0407645180821 -0.15936781466 1.20427882671
    endloop
  endfacet
  facet normal -0.762681543827 0.266832858324 -0.589166402817
    outer loop
      vertex 0.0224486030638 -0.197471663356 1.23606014252
      vertex 0.0239951517433 -0.196474760771 1.23827934265
      vertex 0.024510351941 -0.194949448109 1.23638403416
    endloop
  endfacet
  facet normal -0.762682437897 0.266832381487 -0.589165449142
    outer loop
      vertex 0.0554284602404 -0.160803735256 1.24936282635
      vertex 0.056665353477 -0.160204663873 1.25157546997
      vertex 0.0570566728711 -0.158927410841 1.24987387657
    endloop
  endfacet
  facet normal -0.76268196106 0.266832649708 -0.589165985584
    outer loop
      vertex 0.0344296991825 -0.191019117832 1.25605821609
      vertex 0.0337495654821 -0.192801147699 1.25804889202
      vertex 0.0351360961795 -0.191133320332 1.25832939148
    endloop
  endfacet
  facet normal -0.762681663036 0.266833096743 -0.589166164398
    outer loop
      vertex 0.0405922457576 -0.186047628522 1.2626953125
      vertex 0.0416673310101 -0.18648031354 1.26672363281
      vertex 0.042317725718 -0.184089079499 1.26330280304
    endloop
  endfacet
  facet normal -0.762681782246 0.266832172871 -0.589166402817
    outer loop
      vertex 0.0522710420191 -0.165320590138 1.25031137466
      vertex 0.0506074056029 -0.16653585434 1.24823951721
      vertex 0.0511757135391 -0.166888922453 1.25064349174
    endloop
  endfacet
  facet normal -0.76268184185 0.266831964254 -0.589166462421
    outer loop
      vertex 0.0506074056029 -0.16653585434 1.24823951721
      vertex 0.0496066659689 -0.167466044426 1.24743294716
      vertex 0.0498961135745 -0.168089985847 1.24963796139
    endloop
  endfacet
  facet normal -0.762681663036 0.26683345437 -0.589165985584
    outer loop
      vertex 0.0402074977756 -0.188270673156 1.26650416851
      vertex 0.03987666592 -0.187832534313 1.26459109783
      vertex 0.0397243276238 -0.188849389553 1.26640093327
    endloop
  endfacet
  facet normal -0.762681484222 0.266833335161 -0.589166343212
    outer loop
      vertex 0.0250849314034 -0.200063854456 1.24931895733
      vertex 0.02646615915 -0.198783531785 1.25044000149
      vertex 0.0263962950557 -0.197996258736 1.24850201607
    endloop
  endfacet
  facet normal -0.762681663036 0.266832590103 -0.589166402817
    outer loop
      vertex 0.0234411656857 -0.199776187539 1.24398553371
      vertex 0.024171249941 -0.199993789196 1.24655270576
      vertex 0.0250685904175 -0.19760710001 1.24384772778
    endloop
  endfacet
  facet normal -0.762681424618 0.266832977533 -0.589166522026
    outer loop
      vertex 0.0366674438119 -0.190197899938 1.26064097881
      vertex 0.0351360961795 -0.191133320332 1.25832939148
      vertex 0.0347353555262 -0.19247789681 1.26015281677
    endloop
  endfacet
  facet normal -0.762682139874 0.266832500696 -0.589165866375
    outer loop
      vertex 0.0473666116595 -0.178757712245 1.26596224308
      vertex 0.0466360002756 -0.178777873516 1.26391851902
      vertex 0.0466437153518 -0.179813504219 1.26622724533
    endloop
  endfacet
  facet normal -0.762682437897 0.266833037138 -0.589165210724
    outer loop
      vertex 0.0535196401179 -0.151028990746 1.22232437134
      vertex 0.0544416941702 -0.151066750288 1.2250431776
      vertex 0.05548620224 -0.14892680943 1.22330367565
    endloop
  endfacet
  facet normal -0.76268184185 0.266832768917 -0.589166104794
    outer loop
      vertex 0.046107750386 -0.17604495585 1.25637435913
      vertex 0.0449190996587 -0.176168188453 1.25324892998
      vertex 0.0445329621434 -0.177924394608 1.25602293015
    endloop
  endfacet
  facet normal -0.762682020664 0.266832530499 -0.589165985584
    outer loop
      vertex 0.0577356554568 -0.15411272645 1.24118375778
      vertex 0.0592706166208 -0.151546478271 1.23990488052
      vertex 0.0573498904705 -0.153106540442 1.23785948753
    endloop
  endfacet
  facet normal -0.762682080269 0.266832500696 -0.589165866375
    outer loop
      vertex 0.0522043779492 -0.164294078946 1.24785423279
      vertex 0.0508314222097 -0.16530098021 1.24615323544
      vertex 0.0506074056029 -0.16653585434 1.24823951721
    endloop
  endfacet
  facet normal -0.762682437897 0.266832321882 -0.589165508747
    outer loop
      vertex 0.0485072284937 -0.154394328594 1.21542811394
      vertex 0.0489852540195 -0.153325855732 1.21443533897
      vertex 0.0480934418738 -0.154683858156 1.21488463879
    endloop
  endfacet
  facet normal -0.762681722641 0.266834676266 -0.589165389538
    outer loop
      vertex 0.0225123763084 -0.202114537358 1.24649381638
      vertex 0.0226444639266 -0.202065512538 1.24676311016
      vertex 0.024171249941 -0.199993789196 1.24655270576
    endloop
  endfacet
  facet normal -0.762681663036 0.266832977533 -0.589166224003
    outer loop
      vertex 0.0373677611351 -0.191546976566 1.26562142372
      vertex 0.0369873680174 -0.191204681993 1.2637784481
      vertex 0.0361385308206 -0.192825168371 1.26493024826
    endloop
  endfacet
  facet normal -0.762681424618 0.266832917929 -0.589166581631
    outer loop
      vertex 0.0405416488647 -0.158466771245 1.20165228844
      vertex 0.0386061035097 -0.160251706839 1.20006108284
      vertex 0.0393805764616 -0.16036875546 1.20253312588
    endloop
  endfacet
  facet normal -0.76268196106 0.26683190465 -0.589166343212
    outer loop
      vertex 0.0334333926439 -0.167383849621 1.20102381706
      vertex 0.0357433930039 -0.164045646787 1.2002556324
      vertex 0.0342543236911 -0.165184438229 1.19851398468
    endloop
  endfacet
  facet normal -0.76268184185 0.26683318615 -0.58916592598
    outer loop
      vertex 0.0598824508488 -0.152810245752 1.24444401264
      vertex 0.059367351234 -0.154130756855 1.24588739872
      vertex 0.0610682033002 -0.152146145701 1.24636697769
    endloop
  endfacet
  facet normal -0.762681901455 0.266833692789 -0.589165568352
    outer loop
      vertex 0.0299313552678 -0.191414281726 1.24407315254
      vertex 0.0317883603275 -0.189321219921 1.24475955963
      vertex 0.0306580048054 -0.190282672644 1.24365150928
    endloop
  endfacet
  facet normal -0.762681782246 0.266832172871 -0.589166402817
    outer loop
      vertex 0.0552099198103 -0.16222897172 1.2518851757
      vertex 0.0536648184061 -0.164368599653 1.25219321251
      vertex 0.0550231076777 -0.163715839386 1.25463426113
    endloop
  endfacet
  facet normal -0.762681424618 0.266832947731 -0.589166522026
    outer loop
      vertex 0.0314283296466 -0.194624900818 1.25544095039
      vertex 0.0306686162949 -0.196530908346 1.25747799873
      vertex 0.0321194045246 -0.194971352816 1.25818121433
    endloop
  endfacet
  facet normal -0.762682259083 0.266834199429 -0.589164912701
    outer loop
      vertex 0.0331548377872 -0.195513248444 1.262337327
      vertex 0.0343518666923 -0.194513201714 1.26355063915
      vertex 0.0327016972005 -0.195880442858 1.26185286045
    endloop
  endfacet
  facet normal -0.762638807297 0.266854077578 -0.589212179184
    outer loop
      vertex 0.0170402508229 -0.198162004352 1.22212576866
      vertex 0.0170276165009 -0.199064031243 1.22408139706
      vertex 0.0170508492738 -0.197978794575 1.2217515707
    endloop
  endfacet
  facet normal -0.762681603432 0.26683229208 -0.589166581631
    outer loop
      vertex 0.059411868453 -0.157838761806 1.25420188904
      vertex 0.0608811378479 -0.156253829598 1.2549020052
      vertex 0.0612554959953 -0.155469313264 1.25423979759
    endloop
  endfacet
  facet normal -0.762682139874 0.266832619905 -0.58916580677
    outer loop
      vertex 0.0315376147628 -0.192561119795 1.25119650364
      vertex 0.0301100481302 -0.193167716265 1.24845552444
      vertex 0.0296221692115 -0.194764941931 1.2505877018
    endloop
  endfacet
  facet normal -0.762681245804 0.266832888126 -0.589166820049
    outer loop
      vertex 0.0375849269331 -0.162552595139 1.20222258568
      vertex 0.0393805764616 -0.16036875546 1.20253312588
      vertex 0.0386061035097 -0.160251706839 1.20006108284
    endloop
  endfacet
  facet normal -0.762681722641 0.266832470894 -0.589166343212
    outer loop
      vertex 0.0487359799445 -0.173960715532 1.25928449631
      vertex 0.0504301562905 -0.172118395567 1.26005911827
      vertex 0.0494251549244 -0.172142282128 1.25723934174
    endloop
  endfacet
  facet normal -0.762681126595 0.26683318615 -0.589166879654
    outer loop
      vertex 0.0625139027834 -0.15267790854 1.25167322159
      vertex 0.0629816576838 -0.151471063495 1.25034546852
      vertex 0.0618215240538 -0.152810111642 1.24998617172
    endloop
  endfacet
  facet normal -0.762669742107 0.266802579165 -0.589195430279
    outer loop
      vertex 0.0507893562317 -0.147724956274 1.2072250843
      vertex 0.0501022040844 -0.14827388525 1.20647311211
      vertex 0.0511583648622 -0.147443562746 1.20765852928
    endloop
  endfacet
  facet normal -0.762681603432 0.266832530499 -0.589166522026
    outer loop
      vertex 0.0484054498374 -0.171578273177 1.25307929516
      vertex 0.0492543429136 -0.171345517039 1.25499176979
      vertex 0.0499192140996 -0.169862121344 1.25361680984
    endloop
  endfacet
  facet normal -0.762681901455 0.266832172871 -0.589166283607
    outer loop
      vertex 0.0546294562519 -0.147790431976 1.2183457613
      vertex 0.0534226857126 -0.14938634634 1.21842026711
      vertex 0.0545963421464 -0.148794218898 1.22046744823
    endloop
  endfacet
  facet normal -0.762682080269 0.266832590103 -0.58916580677
    outer loop
      vertex 0.0484054498374 -0.171578273177 1.25307929516
      vertex 0.0473366342485 -0.172101020813 1.25117862225
      vertex 0.0473219491541 -0.172957137227 1.25302696228
    endloop
  endfacet
  facet normal -0.762682378292 0.266832917929 -0.589165329933
    outer loop
      vertex 0.0286397486925 -0.172478035092 1.19857013226
      vertex 0.0307445451617 -0.170073002577 1.19927597046
      vertex 0.0294295325875 -0.170878171921 1.19729506969
    endloop
  endfacet
  facet normal -0.762681722641 0.266832262278 -0.589166462421
    outer loop
      vertex 0.050653513521 -0.16818420589 1.2520108223
      vertex 0.0511757135391 -0.166888922453 1.25064349174
      vertex 0.0498961135745 -0.168089985847 1.24963796139
    endloop
  endfacet
  facet normal -0.762681424618 0.266832709312 -0.589166641235
    outer loop
      vertex 0.0445329621434 -0.177924394608 1.25602293015
      vertex 0.0432777814567 -0.178359672427 1.25339639187
      vertex 0.0427397936583 -0.180191099644 1.25590240955
    endloop
  endfacet
  facet normal -0.762681543827 0.266833096743 -0.589166343212
    outer loop
      vertex 0.0536648184061 -0.164368599653 1.25219321251
      vertex 0.0552099198103 -0.16222897172 1.2518851757
      vertex 0.0537592098117 -0.163235172629 1.24996030331
    endloop
  endfacet
  facet normal -0.762681245804 0.266832590103 -0.589166939259
    outer loop
      vertex 0.0554284602404 -0.160803735256 1.24936282635
      vertex 0.0537592098117 -0.163235172629 1.24996030331
      vertex 0.0552099198103 -0.16222897172 1.2518851757
    endloop
  endfacet
  facet normal -0.762681543827 0.266832917929 -0.589166462421
    outer loop
      vertex 0.059411868453 -0.157838761806 1.25420188904
      vertex 0.0595097318292 -0.156720533967 1.25201261044
      vertex 0.0580764450133 -0.158384740353 1.25159049034
    endloop
  endfacet
  facet normal -0.762681484222 0.26683306694 -0.589166402817
    outer loop
      vertex 0.0580293945968 -0.155964389443 1.24611186981
      vertex 0.056559573859 -0.158493548632 1.2474950552
      vertex 0.0585025474429 -0.156864717603 1.24945211411
    endloop
  endfacet
  facet normal -0.762681663036 0.266832768917 -0.589166343212
    outer loop
      vertex 0.0438040681183 -0.182055994868 1.26306211948
      vertex 0.042317725718 -0.184089079499 1.26330280304
      vertex 0.0435984060168 -0.183299228549 1.26521933079
    endloop
  endfacet
  facet normal -0.762680888176 0.266832351685 -0.5891674757
    outer loop
      vertex 0.0501099042594 -0.15338934958 1.21779000759
      vertex 0.0501277074218 -0.152627438307 1.21615862846
      vertex 0.0492277815938 -0.15391869843 1.21643745899
    endloop
  endfacet
  facet normal -0.762681186199 0.26683267951 -0.589166939259
    outer loop
      vertex 0.0299313552678 -0.191414281726 1.24407315254
      vertex 0.0289456937462 -0.191672235727 1.24182546139
      vertex 0.0280885100365 -0.193461239338 1.24332547188
    endloop
  endfacet
  facet normal -0.762681305408 0.266832351685 -0.589166939259
    outer loop
      vertex 0.0233810134232 -0.198853507638 1.24177622795
      vertex 0.0229533873498 -0.198189914227 1.23908877373
      vertex 0.0219993330538 -0.19982264936 1.23996698856
    endloop
  endfacet
  facet normal -0.762681663036 0.266834944487 -0.589165270329
    outer loop
      vertex 0.0170765593648 -0.200457558036 1.22729814053
      vertex 0.0187696050853 -0.198337212205 1.227455616
      vertex 0.0175528340042 -0.199237003922 1.2259645462
    endloop
  endfacet
  facet normal -0.762681722641 0.266833364964 -0.589165985584
    outer loop
      vertex 0.0427596233785 -0.182607382536 1.26129424572
      vertex 0.0439007282257 -0.180930361152 1.26085305214
      vertex 0.0424194894731 -0.181961908937 1.2588968277
    endloop
  endfacet
  facet normal -0.76268184185 0.266831845045 -0.589166462421
    outer loop
      vertex 0.0414260365069 -0.181305915117 1.25460886955
      vertex 0.0410105772316 -0.182583466172 1.25624215603
      vertex 0.0427397936583 -0.180191099644 1.25590240955
    endloop
  endfacet
  facet normal -0.762682139874 0.266832023859 -0.589166045189
    outer loop
      vertex 0.0552099198103 -0.16222897172 1.2518851757
      vertex 0.056665353477 -0.160204663873 1.25157546997
      vertex 0.0554284602404 -0.160803735256 1.24936282635
    endloop
  endfacet
  facet normal -0.762681782246 0.266832262278 -0.589166402817
    outer loop
      vertex 0.059209421277 -0.149525985122 1.23526871204
      vertex 0.0590379163623 -0.150758162141 1.23749911785
      vertex 0.0605175457895 -0.148764744401 1.23732686043
    endloop
  endfacet
  facet normal -0.762681186199 0.266833394766 -0.589166641235
    outer loop
      vertex 0.0525960065424 -0.162009850144 1.24393010139
      vertex 0.0522168800235 -0.162739545107 1.2444576025
      vertex 0.0527976676822 -0.162601202726 1.24581217766
    endloop
  endfacet
  facet normal -0.762681722641 0.266832381487 -0.589166402817
    outer loop
      vertex 0.0506989099085 -0.170001208782 1.25615251064
      vertex 0.0499192140996 -0.169862121344 1.25361680984
      vertex 0.0492543429136 -0.171345517039 1.25499176979
    endloop
  endfacet
  facet normal -0.762681186199 0.26683318615 -0.589166760445
    outer loop
      vertex 0.0448033958673 -0.155358418822 1.20697021484
      vertex 0.0442428663373 -0.157218441367 1.20947504044
      vertex 0.0461968779564 -0.154801562428 1.20972371101
    endloop
  endfacet
  facet normal -0.762681603432 0.266832500696 -0.589166522026
    outer loop
      vertex 0.046634119004 -0.15134806931 1.20334815979
      vertex 0.0462993755937 -0.152347698808 1.20459854603
      vertex 0.0477485768497 -0.150305986404 1.20423269272
    endloop
  endfacet
  facet normal -0.762681782246 0.26683267951 -0.589166224003
    outer loop
      vertex 0.0506989099085 -0.170001208782 1.25615251064
      vertex 0.0492543429136 -0.171345517039 1.25499176979
      vertex 0.0494251549244 -0.172142282128 1.25723934174
    endloop
  endfacet
  facet normal -0.762680649757 0.266831815243 -0.589168071747
    outer loop
      vertex 0.051217444241 -0.172816947103 1.26385176182
      vertex 0.0499473847449 -0.173749163747 1.26227998734
      vertex 0.051040802151 -0.173097401857 1.26396620274
    endloop
  endfacet
  facet normal -0.762681424618 0.266833364964 -0.589166343212
    outer loop
      vertex 0.0599884875119 -0.154349327087 1.24814534187
      vertex 0.0605000182986 -0.154938310385 1.25090801716
      vertex 0.0618215240538 -0.152810111642 1.24998617172
    endloop
  endfacet
  facet normal -0.762681007385 0.266833424568 -0.589166879654
    outer loop
      vertex 0.0589675940573 -0.159888520837 1.25745797157
      vertex 0.059826951474 -0.158311903477 1.2564330101
      vertex 0.0582737140357 -0.159952491522 1.25561594963
    endloop
  endfacet
  facet normal -0.762681424618 0.266832560301 -0.589166760445
    outer loop
      vertex 0.0474319718778 -0.15447640419 1.21253597736
      vertex 0.0456227883697 -0.156555697322 1.21195590496
      vertex 0.0466341227293 -0.155761420727 1.21309280396
    endloop
  endfacet
  facet normal -0.762682259083 0.266831576824 -0.589166104794
    outer loop
      vertex 0.0557612217963 -0.157938271761 1.24398708344
      vertex 0.054096698761 -0.160222664475 1.24427330494
      vertex 0.0554568991065 -0.159158080816 1.24581062794
    endloop
  endfacet
  facet normal -0.762681603432 0.266832858324 -0.589166343212
    outer loop
      vertex 0.0610682033002 -0.152146145701 1.24636697769
      vertex 0.0611643008888 -0.150938689709 1.24397552013
      vertex 0.0598824508488 -0.152810245752 1.24444401264
    endloop
  endfacet
  facet normal -0.76268196106 0.266832828522 -0.589165866375
    outer loop
      vertex 0.0374162681401 -0.187155231833 1.25606310368
      vertex 0.0388673618436 -0.186012655497 1.25768792629
      vertex 0.0391382612288 -0.184651240706 1.25545620918
    endloop
  endfacet
  facet normal -0.762681543827 0.266831964254 -0.589166820049
    outer loop
      vertex 0.0548076815903 -0.156163409352 1.23734271526
      vertex 0.0547353178263 -0.156652420759 1.23821556568
      vertex 0.0555323548615 -0.155787482858 1.23858392239
    endloop
  endfacet
  facet normal -0.762680947781 0.266840934753 -0.589163541794
    outer loop
      vertex 0.0378251448274 -0.191044613719 1.26581954956
      vertex 0.0387620292604 -0.18998426199 1.26615619659
      vertex 0.0397243276238 -0.188849389553 1.26640093327
    endloop
  endfacet
  facet normal -0.762681186199 0.266832500696 -0.589167058468
    outer loop
      vertex 0.0618215240538 -0.152810111642 1.24998617172
      vertex 0.0614309422672 -0.15255355835 1.24830329418
      vertex 0.0599884875119 -0.154349327087 1.24814534187
    endloop
  endfacet
  facet normal -0.762681663036 0.266833037138 -0.589166164398
    outer loop
      vertex 0.0535196401179 -0.151028990746 1.22232437134
      vertex 0.0522802509367 -0.151438757777 1.21968662739
      vertex 0.0521456412971 -0.152564451098 1.22178733349
    endloop
  endfacet
  facet normal -0.762681245804 0.266832619905 -0.589166939259
    outer loop
      vertex 0.0514076091349 -0.171909123659 1.26239085197
      vertex 0.0520102381706 -0.170539170504 1.26108849049
      vertex 0.0504301562905 -0.172118395567 1.26005911827
    endloop
  endfacet
  facet normal -0.762682139874 0.266831189394 -0.589166402817
    outer loop
      vertex 0.0202706865966 -0.190096005797 1.21354961395
      vertex 0.0199166424572 -0.189738512039 1.21174824238
      vertex 0.0186429992318 -0.191232442856 1.21140635014
    endloop
  endfacet
  facet normal -0.762680709362 0.266834676266 -0.58916670084
    outer loop
      vertex 0.052213087678 -0.171235144138 1.26320505142
      vertex 0.0526967868209 -0.170461922884 1.26288032532
      vertex 0.0514076091349 -0.171909123659 1.26239085197
    endloop
  endfacet
  facet normal -0.762682259083 0.266833126545 -0.589165389538
    outer loop
      vertex 0.056559573859 -0.158493548632 1.2474950552
      vertex 0.0547625571489 -0.160520851612 1.24683499336
      vertex 0.0554284602404 -0.160803735256 1.24936282635
    endloop
  endfacet
  facet normal -0.762682199478 0.266832113266 -0.589165985584
    outer loop
      vertex 0.0170276165009 -0.199064031243 1.22408139706
      vertex 0.018480386585 -0.196474641562 1.2225164175
      vertex 0.0170508492738 -0.197978794575 1.2217515707
    endloop
  endfacet
  facet normal -0.762681603432 0.266832232475 -0.589166641235
    outer loop
      vertex 0.0596308000386 -0.148240417242 1.2336345911
      vertex 0.0593111291528 -0.147740900517 1.23161792755
      vertex 0.0580471679568 -0.149845540524 1.23265218735
    endloop
  endfacet
  facet normal -0.76268196106 0.266832262278 -0.589166104794
    outer loop
      vertex 0.0522802509367 -0.151438757777 1.21968662739
      vertex 0.0545963421464 -0.148794218898 1.22046744823
      vertex 0.0534226857126 -0.14938634634 1.21842026711
    endloop
  endfacet
  facet normal -0.762681484222 0.266832351685 -0.589166760445
    outer loop
      vertex 0.0568991191685 -0.149304762483 1.22817671299
      vertex 0.0579722821712 -0.148941546679 1.23044216633
      vertex 0.0587160922587 -0.147407889366 1.22918188572
    endloop
  endfacet
  facet normal -0.762681484222 0.26683229208 -0.589166760445
    outer loop
      vertex 0.0273165758699 -0.193280562758 1.24072015285
      vertex 0.0280885100365 -0.193461239338 1.24332547188
      vertex 0.0289456937462 -0.191672235727 1.24182546139
    endloop
  endfacet
  facet normal -0.762681365013 0.26683306694 -0.589166581631
    outer loop
      vertex 0.0605239085853 -0.14355610311 1.22584438324
      vertex 0.0613727755845 -0.143614083529 1.22839868069
      vertex 0.061749946326 -0.14232391119 1.22662806511
    endloop
  endfacet
  facet normal -0.762681007385 0.266833394766 -0.589166879654
    outer loop
      vertex 0.0592706166208 -0.151546478271 1.23990488052
      vertex 0.0604017600417 -0.149741142988 1.23915171623
      vertex 0.0590379163623 -0.150758162141 1.23749911785
    endloop
  endfacet
  facet normal -0.762681722641 0.26683267951 -0.589166283607
    outer loop
      vertex 0.0401161722839 -0.181463688612 1.25121331215
      vertex 0.0384271629155 -0.183081418276 1.24995756149
      vertex 0.0386981628835 -0.183873996139 1.25248217583
    endloop
  endfacet
  facet normal -0.762681901455 0.266832798719 -0.589166045189
    outer loop
      vertex 0.0636522099376 -0.144551321864 1.23698329926
      vertex 0.0630883052945 -0.144101306796 1.23437798023
      vertex 0.0620861984789 -0.14590869844 1.23550438881
    endloop
  endfacet
  facet normal -0.762682139874 0.266832828522 -0.589165687561
    outer loop
      vertex 0.0187734477222 -0.197340816259 1.22526657581
      vertex 0.0187696050853 -0.198337212205 1.227455616
      vertex 0.0203838422894 -0.196080684662 1.22708714008
    endloop
  endfacet
  facet normal -0.762681126595 0.266832739115 -0.589167058468
    outer loop
      vertex 0.0640062019229 -0.142418265343 1.23328530788
      vertex 0.0630883052945 -0.144101306796 1.23437798023
      vertex 0.0641444250941 -0.142536640167 1.23394179344
    endloop
  endfacet
  facet normal -0.762681663036 0.266834110022 -0.589165687561
    outer loop
      vertex 0.0499473847449 -0.173749163747 1.26227998734
      vertex 0.051217444241 -0.172816947103 1.26385176182
      vertex 0.0514076091349 -0.171909123659 1.26239085197
    endloop
  endfacet
  facet normal -0.762682080269 0.266832351685 -0.589165985584
    outer loop
      vertex 0.0301100481302 -0.193167716265 1.24845552444
      vertex 0.0307274591178 -0.191468030214 1.24646735191
      vertex 0.0290065295994 -0.193439602852 1.24590170383
    endloop
  endfacet
  facet normal -0.762681126595 0.266832798719 -0.589167058468
    outer loop
      vertex 0.0636522099376 -0.144551321864 1.23698329926
      vertex 0.0644430890679 -0.14286339283 1.23551690578
      vertex 0.0630883052945 -0.144101306796 1.23437798023
    endloop
  endfacet
  facet normal -0.762681722641 0.266832262278 -0.589166462421
    outer loop
      vertex 0.0612858012319 -0.149600237608 1.2413674593
      vertex 0.0596303828061 -0.152191281319 1.2423568964
      vertex 0.0611643008888 -0.150938689709 1.24397552013
    endloop
  endfacet
  facet normal -0.762681424618 0.266833245754 -0.589166402817
    outer loop
      vertex 0.0280393287539 -0.195568561554 1.24783790112
      vertex 0.0296221692115 -0.194764941931 1.2505877018
      vertex 0.0301100481302 -0.193167716265 1.24845552444
    endloop
  endfacet
  facet normal -0.762681543827 0.266832351685 -0.589166641235
    outer loop
      vertex 0.0607074312866 -0.147639900446 1.23538589478
      vertex 0.0605175457895 -0.148764744401 1.23732686043
      vertex 0.0620547123253 -0.146784469485 1.23734807968
    endloop
  endfacet
  facet normal -0.76268184185 0.266832351685 -0.589166283607
    outer loop
      vertex 0.0458857268095 -0.174027353525 1.25128483772
      vertex 0.0449190996587 -0.176168188453 1.25324892998
      vertex 0.0466648377478 -0.174411639571 1.25436031818
    endloop
  endfacet
  facet normal -0.762680590153 0.266833484173 -0.589167356491
    outer loop
      vertex 0.064615264535 -0.143270492554 1.23690795898
      vertex 0.0644430890679 -0.14286339283 1.23551690578
      vertex 0.0636522099376 -0.144551321864 1.23698329926
    endloop
  endfacet
  facet normal -0.762681305408 0.266834050417 -0.589166224003
    outer loop
      vertex 0.0604017600417 -0.149741142988 1.23915171623
      vertex 0.0605175457895 -0.148764744401 1.23732686043
      vertex 0.0590379163623 -0.150758162141 1.23749911785
    endloop
  endfacet
  facet normal -0.762681484222 0.266832947731 -0.589166522026
    outer loop
      vertex 0.0585025474429 -0.156864717603 1.24945211411
      vertex 0.056559573859 -0.158493548632 1.2474950552
      vertex 0.0570566728711 -0.158927410841 1.24987387657
    endloop
  endfacet
  facet normal -0.762681722641 0.266832649708 -0.589166283607
    outer loop
      vertex 0.0433836877346 -0.177069395781 1.25085020065
      vertex 0.0432777814567 -0.178359672427 1.25339639187
      vertex 0.0449190996587 -0.176168188453 1.25324892998
    endloop
  endfacet
  facet normal -0.76268184185 0.266832709312 -0.589166104794
    outer loop
      vertex 0.0577356554568 -0.15411272645 1.24118375778
      vertex 0.0586378797889 -0.154161944985 1.24387121201
      vertex 0.0596303828061 -0.152191281319 1.2423568964
    endloop
  endfacet
  facet normal -0.762681484222 0.266832232475 -0.589166820049
    outer loop
      vertex 0.0620547123253 -0.146784469485 1.23734807968
      vertex 0.0620861984789 -0.14590869844 1.23550438881
      vertex 0.0607074312866 -0.147639900446 1.23538589478
    endloop
  endfacet
  facet normal -0.76268196106 0.26683229208 -0.589166164398
    outer loop
      vertex 0.0375849269331 -0.162552595139 1.20222258568
      vertex 0.0357433930039 -0.164045646787 1.2002556324
      vertex 0.035594932735 -0.165417015553 1.20285928249
    endloop
  endfacet
  facet normal -0.762682318687 0.266832083464 -0.589165747166
    outer loop
      vertex 0.054854169488 -0.151849508286 1.22795045376
      vertex 0.0542905777693 -0.153361558914 1.22967815399
      vertex 0.0551604926586 -0.152777820826 1.23087573051
    endloop
  endfacet
  facet normal -0.762681782246 0.266833215952 -0.589165985584
    outer loop
      vertex 0.0361385308206 -0.192825168371 1.26493024826
      vertex 0.0355225466192 -0.192473247647 1.2623925209
      vertex 0.0343518666923 -0.194513201714 1.26355063915
    endloop
  endfacet
  facet normal -0.762681603432 0.26683229208 -0.589166581631
    outer loop
      vertex 0.0463605560362 -0.172567203641 1.24941802025
      vertex 0.0455124527216 -0.173704922199 1.2495059967
      vertex 0.0458857268095 -0.174027353525 1.25128483772
    endloop
  endfacet
  facet normal -0.762681484222 0.266833215952 -0.589166343212
    outer loop
      vertex 0.0361385308206 -0.192825168371 1.26493024826
      vertex 0.0369873680174 -0.191204681993 1.2637784481
      vertex 0.0355225466192 -0.192473247647 1.2623925209
    endloop
  endfacet
  facet normal -0.762682318687 0.266831576824 -0.589165985584
    outer loop
      vertex 0.0568991191685 -0.149304762483 1.22817671299
      vertex 0.0556701757014 -0.150218054652 1.22668063641
      vertex 0.054854169488 -0.151849508286 1.22795045376
    endloop
  endfacet
  facet normal -0.762681722641 0.266832649708 -0.589166283607
    outer loop
      vertex 0.0577356554568 -0.15411272645 1.24118375778
      vertex 0.0573357455432 -0.155633151531 1.24339783192
      vertex 0.0586378797889 -0.154161944985 1.24387121201
    endloop
  endfacet
  facet normal -0.762681365013 0.26683267951 -0.589166760445
    outer loop
      vertex 0.0306621417403 -0.194513455033 1.25300490856
      vertex 0.0296221692115 -0.194764941931 1.2505877018
      vertex 0.0290689449757 -0.196376487613 1.25256466866
    endloop
  endfacet
  facet normal -0.762682020664 0.266833245754 -0.589165627956
    outer loop
      vertex 0.0605239085853 -0.14355610311 1.22584438324
      vertex 0.0596570968628 -0.145542904735 1.22775363922
      vertex 0.0613727755845 -0.143614083529 1.22839868069
    endloop
  endfacet
  facet normal -0.762682080269 0.266833126545 -0.589165627956
    outer loop
      vertex 0.0296221692115 -0.194764941931 1.2505877018
      vertex 0.0306621417403 -0.194513455033 1.25300490856
      vertex 0.0315376147628 -0.192561119795 1.25119650364
    endloop
  endfacet
  facet normal -0.762681782246 0.266832321882 -0.589166402817
    outer loop
      vertex 0.0372549518943 -0.186097070575 1.25326561928
      vertex 0.0386981628835 -0.183873996139 1.25248217583
      vertex 0.0367858596146 -0.185137495399 1.24980604649
    endloop
  endfacet
  facet normal -0.762681365013 0.266833037138 -0.589166581631
    outer loop
      vertex 0.0314283296466 -0.194624900818 1.25544095039
      vertex 0.0300224944949 -0.196206822991 1.25491559505
      vertex 0.0306686162949 -0.196530908346 1.25747799873
    endloop
  endfacet
  facet normal -0.76268184185 0.266831338406 -0.589166760445
    outer loop
      vertex 0.0523343160748 -0.148943260312 1.21433103085
      vertex 0.0518068708479 -0.150694340467 1.21668982506
      vertex 0.0535981282592 -0.148235782981 1.21638131142
    endloop
  endfacet
  facet normal -0.762681424618 0.266833007336 -0.589166522026
    outer loop
      vertex 0.0620547123253 -0.146784469485 1.23734807968
      vertex 0.0637160763144 -0.145577207208 1.2394310236
      vertex 0.0636522099376 -0.144551321864 1.23698329926
    endloop
  endfacet
  facet normal -0.76268184185 0.26683318615 -0.58916592598
    outer loop
      vertex 0.0279223881662 -0.196847125888 1.25032675266
      vertex 0.0263962950557 -0.197996258736 1.24850201607
      vertex 0.02646615915 -0.198783531785 1.25044000149
    endloop
  endfacet
  facet normal -0.762681424618 0.266833305359 -0.589166402817
    outer loop
      vertex 0.0283971484751 -0.175163954496 1.20380723476
      vertex 0.0268566291779 -0.176115706563 1.2015055418
      vertex 0.0275655705482 -0.17639143765 1.20414066315
    endloop
  endfacet
  facet normal -0.762682020664 0.266832321882 -0.589166104794
    outer loop
      vertex 0.0367858596146 -0.185137495399 1.24980604649
      vertex 0.0384271629155 -0.183081418276 1.24995756149
      vertex 0.0374149642885 -0.183606013656 1.2482227087
    endloop
  endfacet
  facet normal -0.762682020664 0.266831606627 -0.589166343212
    outer loop
      vertex 0.0523343160748 -0.148943260312 1.21433103085
      vertex 0.0535981282592 -0.148235782981 1.21638131142
      vertex 0.0542178452015 -0.14644382894 1.21419596672
    endloop
  endfacet
  facet normal -0.762681722641 0.26683229208 -0.589166462421
    outer loop
      vertex 0.0405416488647 -0.158466771245 1.20165228844
      vertex 0.0393805764616 -0.16036875546 1.20253312588
      vertex 0.0407645180821 -0.15936781466 1.20427882671
    endloop
  endfacet
  facet normal -0.762681484222 0.266832858324 -0.589166522026
    outer loop
      vertex 0.025516146794 -0.19369417429 1.2364872694
      vertex 0.024510351941 -0.194949448109 1.23638403416
      vertex 0.02590383403 -0.193499311805 1.23716509342
    endloop
  endfacet
  facet normal -0.762681305408 0.266833364964 -0.589166522026
    outer loop
      vertex 0.0513000935316 -0.170375749469 1.25869786739
      vertex 0.0504301562905 -0.172118395567 1.26005911827
      vertex 0.0520102381706 -0.170539170504 1.26108849049
    endloop
  endfacet
  facet normal -0.762682020664 0.266831427813 -0.589166402817
    outer loop
      vertex 0.0299313552678 -0.191414281726 1.24407315254
      vertex 0.0307274591178 -0.191468030214 1.24646735191
      vertex 0.0317883603275 -0.189321219921 1.24475955963
    endloop
  endfacet
  facet normal -0.762681663036 0.266832232475 -0.589166581631
    outer loop
      vertex 0.0401161722839 -0.181463688612 1.25121331215
      vertex 0.0390681065619 -0.181724756956 1.24879407883
      vertex 0.0384271629155 -0.183081418276 1.24995756149
    endloop
  endfacet
  facet normal -0.762682139874 0.266831308603 -0.589166402817
    outer loop
      vertex 0.0606176443398 -0.145504891872 1.23041522503
      vertex 0.0613727755845 -0.143614083529 1.22839868069
      vertex 0.0596570968628 -0.145542904735 1.22775363922
    endloop
  endfacet
  facet normal -0.762681126595 0.266833156347 -0.589166820049
    outer loop
      vertex 0.0593111291528 -0.147740900517 1.23161792755
      vertex 0.0579722821712 -0.148941546679 1.23044216633
      vertex 0.0580471679568 -0.149845540524 1.23265218735
    endloop
  endfacet
  facet normal -0.762681722641 0.266832768917 -0.589166224003
    outer loop
      vertex 0.0458857268095 -0.174027353525 1.25128483772
      vertex 0.0473219491541 -0.172957137227 1.25302696228
      vertex 0.0473366342485 -0.172101020813 1.25117862225
    endloop
  endfacet
  facet normal -0.762682318687 0.266834020615 -0.589164912701
    outer loop
      vertex 0.0347360111773 -0.187094807625 1.2482688427
      vertex 0.0337553359568 -0.187451720238 1.24625384808
      vertex 0.0332610979676 -0.187947183847 1.24593508244
    endloop
  endfacet
  facet normal -0.76268196106 0.266831696033 -0.589166462421
    outer loop
      vertex 0.0436637178063 -0.176148712635 1.24961769581
      vertex 0.0434777364135 -0.176375240088 1.24958622456
      vertex 0.0433836877346 -0.177069395781 1.25085020065
    endloop
  endfacet
  facet normal -0.762681365013 0.266832649708 -0.589166760445
    outer loop
      vertex 0.0328673459589 -0.192894041538 1.25573241711
      vertex 0.0320288538933 -0.193062871695 1.25370848179
      vertex 0.0314283296466 -0.194624900818 1.25544095039
    endloop
  endfacet
  facet normal -0.762682259083 0.26683357358 -0.589165210724
    outer loop
      vertex 0.0306457076222 -0.197396054864 1.25932276249
      vertex 0.0310125444084 -0.19713973999 1.25980532169
      vertex 0.0306686162949 -0.196530908346 1.25747799873
    endloop
  endfacet
  facet normal -0.762682497501 0.266831338406 -0.58916592598
    outer loop
      vertex 0.0444518849254 -0.154534846544 1.20414710045
      vertex 0.0448033958673 -0.155358418822 1.20697021484
      vertex 0.0455865077674 -0.153864264488 1.20590949059
    endloop
  endfacet
  facet normal -0.762681603432 0.26683306694 -0.589166224003
    outer loop
      vertex 0.0471958443522 -0.175722435117 1.25877225399
      vertex 0.0457145795226 -0.177576676011 1.2586325407
      vertex 0.0469137430191 -0.177150964737 1.26112020016
    endloop
  endfacet
  facet normal -0.762681186199 0.266832947731 -0.589166820049
    outer loop
      vertex 0.0546294562519 -0.147790431976 1.2183457613
      vertex 0.0555571950972 -0.145771950483 1.21654069424
      vertex 0.0535981282592 -0.148235782981 1.21638131142
    endloop
  endfacet
  facet normal -0.762681245804 0.266833424568 -0.589166581631
    outer loop
      vertex 0.0237547103316 -0.182806357741 1.2074123621
      vertex 0.0229247044772 -0.183287322521 1.20610189438
      vertex 0.0235288981348 -0.183267295361 1.20778465271
    endloop
  endfacet
  facet normal -0.762681901455 0.266832202673 -0.589166283607
    outer loop
      vertex 0.046107750386 -0.17604495585 1.25637435913
      vertex 0.0445329621434 -0.177924394608 1.25602293015
      vertex 0.0457145795226 -0.177576676011 1.2586325407
    endloop
  endfacet
  facet normal -0.762681543827 0.266832858324 -0.589166402817
    outer loop
      vertex 0.0328530147672 -0.190541759133 1.25049757957
      vertex 0.0331041626632 -0.18932133913 1.24852073193
      vertex 0.0317163281143 -0.191194728017 1.24869036674
    endloop
  endfacet
  facet normal -0.762681365013 0.266832172871 -0.589166939259
    outer loop
      vertex 0.0290689449757 -0.196376487613 1.25256466866
      vertex 0.0300224944949 -0.196206822991 1.25491559505
      vertex 0.0306621417403 -0.194513455033 1.25300490856
    endloop
  endfacet
  facet normal -0.762682318687 0.266832321882 -0.589165687561
    outer loop
      vertex 0.0489852540195 -0.153325855732 1.21443533897
      vertex 0.0492901615798 -0.151885718107 1.21212697029
      vertex 0.0474319718778 -0.15447640419 1.21253597736
    endloop
  endfacet
  facet normal -0.76268196106 0.266832441092 -0.589166104794
    outer loop
      vertex 0.0555323548615 -0.155787482858 1.23858392239
      vertex 0.0573498904705 -0.153106540442 1.23785948753
      vertex 0.0548251345754 -0.155267477036 1.2354143858
    endloop
  endfacet
  facet normal -0.762682497501 0.266830474138 -0.589166283607
    outer loop
      vertex 0.0170765593648 -0.200457558036 1.22729814053
      vertex 0.0184427890927 -0.199759319425 1.22966146469
      vertex 0.0187696050853 -0.198337212205 1.227455616
    endloop
  endfacet
  facet normal -0.762681901455 0.266832888126 -0.58916592598
    outer loop
      vertex 0.045207310468 -0.181835889816 1.26658701897
      vertex 0.0461985617876 -0.180450350046 1.26636099815
      vertex 0.0452478341758 -0.181086659431 1.26504850388
    endloop
  endfacet
  facet normal -0.762682795525 0.266834974289 -0.589163839817
    outer loop
      vertex 0.0446128845215 -0.157368168235 1.21086323261
      vertex 0.0456227883697 -0.156555697322 1.21195590496
      vertex 0.0442428663373 -0.157218441367 1.20947504044
    endloop
  endfacet
  facet normal -0.762682020664 0.266831845045 -0.589166283607
    outer loop
      vertex 0.0433836877346 -0.177069395781 1.25085020065
      vertex 0.0423717014492 -0.177788674831 1.24954581261
      vertex 0.0417828038335 -0.179123610258 1.25081014633
    endloop
  endfacet
  facet normal -0.76268196106 0.266832321882 -0.589166104794
    outer loop
      vertex 0.0203104577959 -0.195033505559 1.22456526756
      vertex 0.018480386585 -0.196474641562 1.2225164175
      vertex 0.0187734477222 -0.197340816259 1.22526657581
    endloop
  endfacet
  facet normal -0.762681484222 0.266832798719 -0.589166581631
    outer loop
      vertex 0.0250685904175 -0.19760710001 1.24384772778
      vertex 0.0245531182736 -0.196859642863 1.24072408676
      vertex 0.0233810134232 -0.198853507638 1.24177622795
    endloop
  endfacet
  facet normal -0.762681484222 0.26683267951 -0.589166581631
    outer loop
      vertex 0.0219049844891 -0.200947552919 1.2421810627
      vertex 0.0233810134232 -0.198853507638 1.24177622795
      vertex 0.0219993330538 -0.19982264936 1.23996698856
    endloop
  endfacet
  facet normal -0.762681603432 0.266833335161 -0.589166104794
    outer loop
      vertex 0.0548614114523 -0.166929677129 1.26126813889
      vertex 0.0555179677904 -0.16583815217 1.26073467731
      vertex 0.0544640645385 -0.166628196836 1.25946676731
    endloop
  endfacet
  facet normal -0.762682795525 0.266832500696 -0.589164972305
    outer loop
      vertex 0.0212651900947 -0.19969651103 1.23758995533
      vertex 0.020320892334 -0.201793894172 1.23952198029
      vertex 0.0219993330538 -0.19982264936 1.23996698856
    endloop
  endfacet
  facet normal -0.762681245804 0.266833335161 -0.589166641235
    outer loop
      vertex 0.0548614114523 -0.166929677129 1.26126813889
      vertex 0.0544640645385 -0.166628196836 1.25946676731
      vertex 0.0543219000101 -0.167817249894 1.26168584824
    endloop
  endfacet
  facet normal -0.76268196106 0.266832828522 -0.58916592598
    outer loop
      vertex 0.0533033460379 -0.165650039911 1.25398933887
      vertex 0.0518494024873 -0.167800635099 1.25458216667
      vertex 0.0537977106869 -0.166075661778 1.25634217262
    endloop
  endfacet
  facet normal -0.762683093548 0.266831755638 -0.589164912701
    outer loop
      vertex 0.0501277074218 -0.152627438307 1.21615862846
      vertex 0.0502792708576 -0.153296768665 1.21806967258
      vertex 0.0518068708479 -0.150694340467 1.21668982506
    endloop
  endfacet
  facet normal -0.762681484222 0.266832321882 -0.589166760445
    outer loop
      vertex 0.024510351941 -0.194949448109 1.23638403416
      vertex 0.0255952775478 -0.194840058684 1.23924362659
      vertex 0.02590383403 -0.193499311805 1.23716509342
    endloop
  endfacet
  facet normal -0.76268196106 0.266832649708 -0.589165985584
    outer loop
      vertex 0.0610546916723 -0.146253988147 1.23331832886
      vertex 0.0620861984789 -0.14590869844 1.23550438881
      vertex 0.0630883052945 -0.144101306796 1.23437798023
    endloop
  endfacet
  facet normal -0.762682080269 0.266832768917 -0.58916580677
    outer loop
      vertex 0.0566255263984 -0.150661036372 1.23038935661
      vertex 0.0580471679568 -0.149845540524 1.23265218735
      vertex 0.0579722821712 -0.148941546679 1.23044216633
    endloop
  endfacet
  facet normal -0.762681603432 0.266832858324 -0.589166402817
    outer loop
      vertex 0.0424194894731 -0.181961908937 1.2588968277
      vertex 0.0427397936583 -0.180191099644 1.25590240955
      vertex 0.0410105772316 -0.182583466172 1.25624215603
    endloop
  endfacet
  facet normal -0.762682437897 0.266832917929 -0.589165270329
    outer loop
      vertex 0.0554284602404 -0.160803735256 1.24936282635
      vertex 0.0570566728711 -0.158927410841 1.24987387657
      vertex 0.056559573859 -0.158493548632 1.2474950552
    endloop
  endfacet
  facet normal -0.762681901455 0.266833215952 -0.58916580677
    outer loop
      vertex 0.0522802509367 -0.151438757777 1.21968662739
      vertex 0.0535196401179 -0.151028990746 1.22232437134
      vertex 0.0545963421464 -0.148794218898 1.22046744823
    endloop
  endfacet
  facet normal -0.762681782246 0.266833096743 -0.589165985584
    outer loop
      vertex 0.0424194894731 -0.181961908937 1.2588968277
      vertex 0.0410105772316 -0.182583466172 1.25624215603
      vertex 0.0404414609075 -0.184184968472 1.25815165043
    endloop
  endfacet
  facet normal -0.76268196106 0.266832530499 -0.589166045189
    outer loop
      vertex 0.0354998186231 -0.18867982924 1.25395166874
      vertex 0.0333839580417 -0.191070571542 1.25318276882
      vertex 0.0344296991825 -0.191019117832 1.25605821609
    endloop
  endfacet
  facet normal -0.762681365013 0.266833305359 -0.589166462421
    outer loop
      vertex 0.0537977106869 -0.166075661778 1.25634217262
      vertex 0.0558212772012 -0.164161533117 1.25789964199
      vertex 0.0550231076777 -0.163715839386 1.25463426113
    endloop
  endfacet
  facet normal -0.762681543827 0.266832381487 -0.58916670084
    outer loop
      vertex 0.0262913797051 -0.195324033499 1.24230182171
      vertex 0.0273165758699 -0.193280562758 1.24072015285
      vertex 0.0255952775478 -0.194840058684 1.23924362659
    endloop
  endfacet
  facet normal -0.762681782246 0.266833811998 -0.589165747166
    outer loop
      vertex 0.0548251345754 -0.155267477036 1.2354143858
      vertex 0.0573183149099 -0.151897758245 1.23510026932
      vertex 0.0558311603963 -0.153364136815 1.23408734798
    endloop
  endfacet
  facet normal -0.762682080269 0.266832530499 -0.58916592598
    outer loop
      vertex 0.0453854165971 -0.179056689143 1.26095962524
      vertex 0.0457145795226 -0.177576676011 1.2586325407
      vertex 0.044138494879 -0.179572179914 1.2585337162
    endloop
  endfacet
  facet normal -0.762681543827 0.266833335161 -0.589166224003
    outer loop
      vertex 0.0388673618436 -0.186012655497 1.25768792629
      vertex 0.0396205931902 -0.186072602868 1.25997328758
      vertex 0.0404414609075 -0.184184968472 1.25815165043
    endloop
  endfacet
  facet normal -0.762682259083 0.26683318615 -0.589165329933
    outer loop
      vertex 0.0547625571489 -0.160520851612 1.24683499336
      vertex 0.056559573859 -0.158493548632 1.2474950552
      vertex 0.0554568991065 -0.159158080816 1.24581062794
    endloop
  endfacet
  facet normal -0.762681484222 0.266832739115 -0.589166522026
    outer loop
      vertex 0.0595097318292 -0.156720533967 1.25201261044
      vertex 0.0605000182986 -0.154938310385 1.25090801716
      vertex 0.0585025474429 -0.156864717603 1.24945211411
    endloop
  endfacet
  facet normal -0.762680768967 0.266833662987 -0.589167058468
    outer loop
      vertex 0.0211020261049 -0.197571888566 1.23243248463
      vertex 0.0214979145676 -0.196242943406 1.23062980175
      vertex 0.0202433131635 -0.197382852435 1.22956073284
    endloop
  endfacet
  facet normal -0.762681901455 0.266832709312 -0.589166045189
    outer loop
      vertex 0.0262939054519 -0.177604958415 1.2031853199
      vertex 0.0268566291779 -0.176115706563 1.2015055418
      vertex 0.0247772522271 -0.178387716413 1.20057868958
    endloop
  endfacet
  facet normal -0.762681722641 0.266832590103 -0.589166343212
    outer loop
      vertex 0.042317725718 -0.184089079499 1.26330280304
      vertex 0.0413218326867 -0.184194773436 1.2606896162
      vertex 0.0405922457576 -0.186047628522 1.2626953125
    endloop
  endfacet
  facet normal -0.762681782246 0.266832768917 -0.589166224003
    outer loop
      vertex 0.0355225466192 -0.192473247647 1.2623925209
      vertex 0.0347353555262 -0.19247789681 1.26015281677
      vertex 0.0341384932399 -0.193907245994 1.26160275936
    endloop
  endfacet
  facet normal -0.762682378292 0.266833126545 -0.589165210724
    outer loop
      vertex 0.0295047927648 -0.19769012928 1.25671100616
      vertex 0.0306686162949 -0.196530908346 1.25747799873
      vertex 0.0300224944949 -0.196206822991 1.25491559505
    endloop
  endfacet
  facet normal -0.762681543827 0.266832977533 -0.589166343212
    outer loop
      vertex 0.0647360756993 -0.144093647599 1.23907077312
      vertex 0.0636522099376 -0.144551321864 1.23698329926
      vertex 0.0637160763144 -0.145577207208 1.2394310236
    endloop
  endfacet
  facet normal -0.762681245804 0.266832470894 -0.589166998863
    outer loop
      vertex 0.0315376147628 -0.192561119795 1.25119650364
      vertex 0.0328530147672 -0.190541759133 1.25049757957
      vertex 0.0317163281143 -0.191194728017 1.24869036674
    endloop
  endfacet
  facet normal -0.762681484222 0.266832798719 -0.589166522026
    outer loop
      vertex 0.0228333752602 -0.181513339281 1.2019238472
      vertex 0.0245817750692 -0.179594859481 1.20268535614
      vertex 0.0234400033951 -0.180186226964 1.20072758198
    endloop
  endfacet
  facet normal -0.762682020664 0.26683267951 -0.589165866375
    outer loop
      vertex 0.0522043779492 -0.164294078946 1.24785423279
      vertex 0.0506074056029 -0.16653585434 1.24823951721
      vertex 0.0522710420191 -0.165320590138 1.25031137466
    endloop
  endfacet
  facet normal -0.762681186199 0.266832202673 -0.589167177677
    outer loop
      vertex 0.0645789578557 -0.145748302341 1.24227511883
      vertex 0.0646612122655 -0.145214214921 1.24133098125
      vertex 0.0633658394217 -0.146973773837 1.24151360989
    endloop
  endfacet
  facet normal -0.76268184185 0.266832977533 -0.589166045189
    outer loop
      vertex 0.0373677611351 -0.191546976566 1.26562142372
      vertex 0.0378251448274 -0.191044613719 1.26581954956
      vertex 0.0369873680174 -0.191204681993 1.2637784481
    endloop
  endfacet
  facet normal -0.762681722641 0.266832619905 -0.589166283607
    outer loop
      vertex 0.0374149642885 -0.183606013656 1.2482227087
      vertex 0.0364905297756 -0.184619903564 1.24781918526
      vertex 0.0367858596146 -0.185137495399 1.24980604649
    endloop
  endfacet
  facet normal -0.762682318687 0.266832917929 -0.589165389538
    outer loop
      vertex 0.0547228083014 -0.154516071081 1.23346281052
      vertex 0.0551604926586 -0.152777820826 1.23087573051
      vertex 0.0545540712774 -0.15396848321 1.23177146912
    endloop
  endfacet
  facet normal -0.76268184185 0.266833096743 -0.58916592598
    outer loop
      vertex 0.0469137430191 -0.177150964737 1.26112020016
      vertex 0.0485294796526 -0.176238894463 1.26372456551
      vertex 0.0482202768326 -0.175392091274 1.26097095013
    endloop
  endfacet
  facet normal -0.762681722641 0.266832351685 -0.589166402817
    outer loop
      vertex 0.0480417348444 -0.177748441696 1.2656635046
      vertex 0.0466360002756 -0.178777873516 1.26391851902
      vertex 0.0473666116595 -0.178757712245 1.26596224308
    endloop
  endfacet
  facet normal -0.762681245804 0.266833126545 -0.58916670084
    outer loop
      vertex 0.0629414990544 -0.149542495608 1.24597239494
      vertex 0.0641768276691 -0.147635906935 1.24529361725
      vertex 0.0630892887712 -0.148255959153 1.2435542345
    endloop
  endfacet
  facet normal -0.762681722641 0.26683229208 -0.589166522026
    outer loop
      vertex 0.0242972783744 -0.180919274688 1.20479643345
      vertex 0.0224834419787 -0.182783916593 1.20372915268
      vertex 0.0229247044772 -0.183287322521 1.20610189438
    endloop
  endfacet
  facet normal -0.762680947781 0.266833126545 -0.589167058468
    outer loop
      vertex 0.0637160763144 -0.145577207208 1.2394310236
      vertex 0.0633658394217 -0.146973773837 1.24151360989
      vertex 0.0646612122655 -0.145214214921 1.24133098125
    endloop
  endfacet
  facet normal -0.762681424618 0.266832888126 -0.589166581631
    outer loop
      vertex 0.0595097318292 -0.156720533967 1.25201261044
      vertex 0.0612554959953 -0.155469313264 1.25423979759
      vertex 0.0605000182986 -0.154938310385 1.25090801716
    endloop
  endfacet
  facet normal -0.762681782246 0.266832381487 -0.589166343212
    outer loop
      vertex 0.0598824508488 -0.152810245752 1.24444401264
      vertex 0.0611643008888 -0.150938689709 1.24397552013
      vertex 0.0596303828061 -0.152191281319 1.2423568964
    endloop
  endfacet
  facet normal -0.76268184185 0.266833007336 -0.589165985584
    outer loop
      vertex 0.0634072646499 -0.142219603062 1.2311347723
      vertex 0.0623522512615 -0.144052118063 1.23216545582
      vertex 0.0640062019229 -0.142418265343 1.23328530788
    endloop
  endfacet
  facet normal -0.762681722641 0.266832202673 -0.589166462421
    outer loop
      vertex 0.0413395985961 -0.179026275873 1.24932837486
      vertex 0.0417828038335 -0.179123610258 1.25081014633
      vertex 0.0423717014492 -0.177788674831 1.24954581261
    endloop
  endfacet
  facet normal -0.762681245804 0.266833513975 -0.589166522026
    outer loop
      vertex 0.0315376147628 -0.192561119795 1.25119650364
      vertex 0.0320288538933 -0.193062871695 1.25370848179
      vertex 0.0333839580417 -0.191070571542 1.25318276882
    endloop
  endfacet
  facet normal -0.762681365013 0.266833096743 -0.589166522026
    outer loop
      vertex 0.0474319718778 -0.15447640419 1.21253597736
      vertex 0.0461968779564 -0.154801562428 1.20972371101
      vertex 0.0456227883697 -0.156555697322 1.21195590496
    endloop
  endfacet
  facet normal -0.76268196106 0.266832381487 -0.589166104794
    outer loop
      vertex 0.0417311899364 -0.180309921503 1.25328195095
      vertex 0.040894575417 -0.18147110939 1.253454566
      vertex 0.0414260365069 -0.181305915117 1.25460886955
    endloop
  endfacet
  facet normal -0.762681305408 0.266831815243 -0.589167237282
    outer loop
      vertex 0.0613727755845 -0.143614083529 1.22839868069
      vertex 0.0622624382377 -0.143353909254 1.23036706448
      vertex 0.0626177191734 -0.142205029726 1.22884583473
    endloop
  endfacet
  facet normal -0.762682378292 0.266832619905 -0.589165508747
    outer loop
      vertex 0.0521456412971 -0.152564451098 1.22178733349
      vertex 0.0522802509367 -0.151438757777 1.21968662739
      vertex 0.051388733089 -0.152782842517 1.22010612488
    endloop
  endfacet
  facet normal -0.762682497501 0.266812115908 -0.589174628258
    outer loop
      vertex 0.0409414209425 -0.157100617886 1.19977843761
      vertex 0.0409238114953 -0.157119005919 1.19976866245
      vertex 0.040817938745 -0.157232746482 1.19971728325
    endloop
  endfacet
  facet normal -0.762681722641 0.266832917929 -0.589166164398
    outer loop
      vertex 0.040180888027 -0.161230400205 1.2067232132
      vertex 0.0407757610083 -0.160674884915 1.20719695091
      vertex 0.0417143628001 -0.159234553576 1.20669949055
    endloop
  endfacet
  facet normal -0.762681186199 0.266831934452 -0.589167356491
    outer loop
      vertex 0.0633814632893 -0.142213508487 1.2310475111
      vertex 0.0626177191734 -0.142205029726 1.22884583473
      vertex 0.0622624382377 -0.143353909254 1.23036706448
    endloop
  endfacet
  facet normal -0.762682855129 0.266831278801 -0.589165449142
    outer loop
      vertex 0.0393914543092 -0.158769503236 1.19903314114
      vertex 0.0391584895551 -0.159027904272 1.1989377737
      vertex 0.0386061035097 -0.160251706839 1.20006108284
    endloop
  endfacet
  facet normal -0.762681543827 0.266833096743 -0.589166343212
    outer loop
      vertex 0.0562283955514 -0.164639055729 1.26011776924
      vertex 0.0544640645385 -0.166628196836 1.25946676731
      vertex 0.0555179677904 -0.16583815217 1.26073467731
    endloop
  endfacet
  facet normal -0.762681484222 0.266833305359 -0.589166283607
    outer loop
      vertex 0.0558212772012 -0.164161533117 1.25789964199
      vertex 0.0570715777576 -0.162018418312 1.25674140453
      vertex 0.0550231076777 -0.163715839386 1.25463426113
    endloop
  endfacet
  facet normal -0.762680768967 0.266832172871 -0.589167714119
    outer loop
      vertex 0.0211809892207 -0.188268631697 1.21211659908
      vertex 0.0202706865966 -0.190096005797 1.21354961395
      vertex 0.0219836886972 -0.188214793801 1.21429204941
    endloop
  endfacet
  facet normal -0.762681901455 0.266832590103 -0.589166104794
    outer loop
      vertex 0.0524935051799 -0.168313130736 1.25755476952
      vertex 0.0537977106869 -0.166075661778 1.25634217262
      vertex 0.0518494024873 -0.167800635099 1.25458216667
    endloop
  endfacet
  facet normal -0.76268184185 0.266833752394 -0.589165687561
    outer loop
      vertex 0.0540020614862 -0.168345734477 1.26193857193
      vertex 0.0531035028398 -0.168799936771 1.26037311554
      vertex 0.0532897897065 -0.169501051307 1.26245367527
    endloop
  endfacet
  facet normal -0.762681126595 0.266832917929 -0.589166939259
    outer loop
      vertex 0.0629414990544 -0.149542495608 1.24597239494
      vertex 0.0634433627129 -0.150162786245 1.24877643585
      vertex 0.0638407692313 -0.148933932185 1.24719905853
    endloop
  endfacet
  facet normal -0.762681007385 0.266834080219 -0.589166522026
    outer loop
      vertex 0.0618215240538 -0.152810111642 1.24998617172
      vertex 0.0629816576838 -0.151471063495 1.25034546852
      vertex 0.0634433627129 -0.150162786245 1.24877643585
    endloop
  endfacet
  facet normal -0.762681365013 0.266833007336 -0.589166581631
    outer loop
      vertex 0.0342543236911 -0.165184438229 1.19851398468
      vertex 0.0328971073031 -0.166390791535 1.19729828835
      vertex 0.0329742543399 -0.166733726859 1.19827592373
    endloop
  endfacet
  facet normal -0.762681305408 0.266833037138 -0.589166641235
    outer loop
      vertex 0.0328971073031 -0.166390791535 1.19729828835
      vertex 0.0326063632965 -0.166754812002 1.19727098942
      vertex 0.0329742543399 -0.166733726859 1.19827592373
    endloop
  endfacet
  facet normal -0.762681722641 0.266831725836 -0.58916670084
    outer loop
      vertex 0.0630883052945 -0.144101306796 1.23437798023
      vertex 0.0640062019229 -0.142418265343 1.23328530788
      vertex 0.0623522512615 -0.144052118063 1.23216545582
    endloop
  endfacet
  facet normal -0.762681543827 0.266832381487 -0.589166641235
    outer loop
      vertex 0.0228774324059 -0.194910034537 1.23162972927
      vertex 0.0234957505018 -0.193411305547 1.23008787632
      vertex 0.0219796765596 -0.194957077503 1.2291675806
    endloop
  endfacet
  facet normal -0.762680947781 0.266833603382 -0.589166820049
    outer loop
      vertex 0.0610682033002 -0.152146145701 1.24636697769
      vertex 0.0599884875119 -0.154349327087 1.24814534187
      vertex 0.0614309422672 -0.15255355835 1.24830329418
    endloop
  endfacet
  facet normal -0.762682795525 0.26683229208 -0.58916503191
    outer loop
      vertex 0.0294295325875 -0.170878171921 1.19729506969
      vertex 0.0290791764855 -0.171346068382 1.19732677937
      vertex 0.0286397486925 -0.172478035092 1.19857013226
    endloop
  endfacet
  facet normal -0.762681424618 0.266833811998 -0.589166164398
    outer loop
      vertex 0.0290791764855 -0.171346068382 1.19732677937
      vertex 0.0285063534975 -0.172124296427 1.19740784168
      vertex 0.0286397486925 -0.172478035092 1.19857013226
    endloop
  endfacet
  facet normal -0.762681663036 0.266832321882 -0.589166522026
    outer loop
      vertex 0.0630892887712 -0.148255959153 1.2435542345
      vertex 0.0612858012319 -0.149600237608 1.2413674593
      vertex 0.0611643008888 -0.150938689709 1.24397552013
    endloop
  endfacet
  facet normal -0.762682020664 0.266832500696 -0.589165985584
    outer loop
      vertex 0.0328530147672 -0.190541759133 1.25049757957
      vertex 0.0342345237732 -0.188967108727 1.25096940994
      vertex 0.0331041626632 -0.18932133913 1.24852073193
    endloop
  endfacet
  facet normal -0.762681424618 0.266833156347 -0.589166462421
    outer loop
      vertex 0.037879563868 -0.187774986029 1.25875580311
      vertex 0.0388116128743 -0.187858581543 1.26160442829
      vertex 0.0396205931902 -0.186072602868 1.25997328758
    endloop
  endfacet
  facet normal -0.762681722641 0.266833484173 -0.58916592598
    outer loop
      vertex 0.0582737140357 -0.159952491522 1.25561594963
      vertex 0.0570715777576 -0.162018418312 1.25674140453
      vertex 0.058557793498 -0.160623475909 1.25790941715
    endloop
  endfacet
  facet normal -0.762681603432 0.266832470894 -0.589166522026
    outer loop
      vertex 0.0524935051799 -0.168313130736 1.25755476952
      vertex 0.0506989099085 -0.170001208782 1.25615251064
      vertex 0.0513000935316 -0.170375749469 1.25869786739
    endloop
  endfacet
  facet normal -0.762683451176 0.266834944487 -0.589163064957
    outer loop
      vertex 0.0267603732646 -0.200063407421 1.25410687923
      vertex 0.0252117086202 -0.200974151492 1.2516913414
      vertex 0.0265637096018 -0.200193345547 1.25383162498
    endloop
  endfacet
  facet normal -0.762682080269 0.266831696033 -0.589166224003
    outer loop
      vertex 0.0234962515533 -0.179280117154 1.19888758659
      vertex 0.023333568126 -0.179522007704 1.19895672798
      vertex 0.0247772522271 -0.178387716413 1.20057868958
    endloop
  endfacet
  facet normal -0.762682020664 0.266832381487 -0.589165985584
    outer loop
      vertex 0.0252117086202 -0.200974151492 1.2516913414
      vertex 0.0273854043335 -0.198422551155 1.25227034092
      vertex 0.02646615915 -0.198783531785 1.25044000149
    endloop
  endfacet
  facet normal -0.762681782246 0.266833007336 -0.589166045189
    outer loop
      vertex 0.0435984060168 -0.183299228549 1.26521933079
      vertex 0.042317725718 -0.184089079499 1.26330280304
      vertex 0.0416673310101 -0.18648031354 1.26672363281
    endloop
  endfacet
  facet normal -0.76268184185 0.26683357358 -0.589165747166
    outer loop
      vertex 0.0610546916723 -0.146253988147 1.23331832886
      vertex 0.0606176443398 -0.145504891872 1.23041522503
      vertex 0.0593111291528 -0.147740900517 1.23161792755
    endloop
  endfacet
  facet normal -0.762711286545 0.266775965691 -0.589153647423
    outer loop
      vertex 0.0210784133524 -0.183044925332 1.20028948784
      vertex 0.0205435883254 -0.183940038085 1.20073723793
      vertex 0.0200495459139 -0.184786513448 1.20119416714
    endloop
  endfacet
  facet normal -0.762654781342 0.26688298583 -0.589178442955
    outer loop
      vertex 0.0205435883254 -0.183940038085 1.20073723793
      vertex 0.0202223155648 -0.18447971344 1.20101046562
      vertex 0.0200495459139 -0.184786513448 1.20119416714
    endloop
  endfacet
  facet normal -0.762669146061 0.266837596893 -0.589180290699
    outer loop
      vertex 0.0548251345754 -0.155267477036 1.2354143858
      vertex 0.0547228083014 -0.154516071081 1.23346281052
      vertex 0.0547438934445 -0.154730692506 1.23399698734
    endloop
  endfacet
  facet normal -0.762712240219 0.26679366827 -0.589144468307
    outer loop
      vertex 0.0189174097031 -0.186970636249 1.20278072357
      vertex 0.0187776722014 -0.187249690294 1.20299744606
      vertex 0.0186753887683 -0.187487900257 1.20323109627
    endloop
  endfacet
  facet normal -0.762681603432 0.266833364964 -0.589166164398
    outer loop
      vertex 0.0231351405382 -0.184162706137 1.20863628387
      vertex 0.0235288981348 -0.183267295361 1.20778465271
      vertex 0.0225058924407 -0.184726879001 1.20808339119
    endloop
  endfacet
  facet normal -0.762681603432 0.266832113266 -0.589166641235
    outer loop
      vertex 0.0497782304883 -0.167173445225 1.24727725983
      vertex 0.0506074056029 -0.16653585434 1.24823951721
      vertex 0.050042681396 -0.166695326567 1.24697744846
    endloop
  endfacet
  facet normal -0.762682139874 0.266833543777 -0.589165389538
    outer loop
      vertex 0.0618515461683 -0.147969096899 1.23938298225
      vertex 0.0605175457895 -0.148764744401 1.23732686043
      vertex 0.0604017600417 -0.149741142988 1.23915171623
    endloop
  endfacet
  facet normal -0.762681782246 0.266832798719 -0.589166104794
    outer loop
      vertex 0.0515472851694 -0.147903576493 1.20978593826
      vertex 0.0501053184271 -0.148962065578 1.20800149441
      vertex 0.0496388040483 -0.150343388319 1.20971810818
    endloop
  endfacet
  facet normal -0.762632846832 0.266876369715 -0.589209735394
    outer loop
      vertex 0.0178021211177 -0.189850702882 1.2059520483
      vertex 0.0177728794515 -0.189943268895 1.20607292652
      vertex 0.0177488923073 -0.190048411489 1.20623648167
    endloop
  endfacet
  facet normal -0.762681365013 0.266833096743 -0.589166522026
    outer loop
      vertex 0.0224077925086 -0.186091139913 1.21081531048
      vertex 0.0227972529829 -0.18496966362 1.20945227146
      vertex 0.0214447677135 -0.186744660139 1.20950555801
    endloop
  endfacet
  facet normal -0.762681722641 0.266832113266 -0.589166522026
    outer loop
      vertex 0.0533033460379 -0.165650039911 1.25398933887
      vertex 0.0550231076777 -0.163715839386 1.25463426113
      vertex 0.0536648184061 -0.164368599653 1.25219321251
    endloop
  endfacet
  facet normal -0.762681126595 0.266831368208 -0.589167654514
    outer loop
      vertex 0.064615264535 -0.143270492554 1.23690795898
      vertex 0.0636522099376 -0.144551321864 1.23698329926
      vertex 0.0646920278668 -0.143536150455 1.23771393299
    endloop
  endfacet
  facet normal -0.762682080269 0.266832858324 -0.589165747166
    outer loop
      vertex 0.0267603732646 -0.200063407421 1.25410687923
      vertex 0.0284678731114 -0.198078528047 1.25460481644
      vertex 0.0273854043335 -0.198422551155 1.25227034092
    endloop
  endfacet
  facet normal -0.762682080269 0.266832262278 -0.589165985584
    outer loop
      vertex 0.0211242325604 -0.184509217739 1.20365357399
      vertex 0.0229247044772 -0.183287322521 1.20610189438
      vertex 0.0224834419787 -0.182783916593 1.20372915268
    endloop
  endfacet
  facet normal -0.762680709362 0.266832739115 -0.58916759491
    outer loop
      vertex 0.0172034259886 -0.194948419929 1.21549654007
      vertex 0.0179920885712 -0.194093123078 1.21586227417
      vertex 0.0172564089298 -0.194075718522 1.21372115612
    endloop
  endfacet
  facet normal -0.762680649757 0.266838252544 -0.589165151119
    outer loop
      vertex 0.0172034259886 -0.194948419929 1.21549654007
      vertex 0.0171974748373 -0.195071980357 1.2157523632
      vertex 0.0179920885712 -0.194093123078 1.21586227417
    endloop
  endfacet
  facet normal -0.762682199478 0.266828507185 -0.589167535305
    outer loop
      vertex 0.0171974748373 -0.195071980357 1.2157523632
      vertex 0.0171914994717 -0.195185706019 1.21598649025
      vertex 0.0179920885712 -0.194093123078 1.21586227417
    endloop
  endfacet
  facet normal -0.762681722641 0.266832739115 -0.589166224003
    outer loop
      vertex 0.0263962950557 -0.197996258736 1.24850201607
      vertex 0.024171249941 -0.199993789196 1.24655270576
      vertex 0.0250849314034 -0.200063854456 1.24931895733
    endloop
  endfacet
  facet normal -0.762681603432 0.266833007336 -0.589166283607
    outer loop
      vertex 0.0171316508204 -0.196120604873 1.21787965298
      vertex 0.0171096436679 -0.196582764387 1.21883714199
      vertex 0.0183469578624 -0.19553206861 1.220053792
    endloop
  endfacet
  facet normal -0.762681663036 0.266832709312 -0.589166343212
    outer loop
      vertex 0.0452478341758 -0.181086659431 1.26504850388
      vertex 0.0466437153518 -0.179813504219 1.26622724533
      vertex 0.0466360002756 -0.178777873516 1.26391851902
    endloop
  endfacet
  facet normal -0.762683033943 0.26683151722 -0.589165091515
    outer loop
      vertex 0.0448033958673 -0.155358418822 1.20697021484
      vertex 0.0432926006615 -0.157487854362 1.20735383034
      vertex 0.0442428663373 -0.157218441367 1.20947504044
    endloop
  endfacet
  facet normal -0.76268196106 0.266831815243 -0.589166343212
    outer loop
      vertex 0.0610546916723 -0.146253988147 1.23331832886
      vertex 0.0630883052945 -0.144101306796 1.23437798023
      vertex 0.0623522512615 -0.144052118063 1.23216545582
    endloop
  endfacet
  facet normal -0.762681365013 0.266832351685 -0.589166879654
    outer loop
      vertex 0.0568991191685 -0.149304762483 1.22817671299
      vertex 0.0579548366368 -0.147294744849 1.2267562151
      vertex 0.0562979094684 -0.148951351643 1.22567796707
    endloop
  endfacet
  facet normal -0.762684166431 0.266832768917 -0.589163064957
    outer loop
      vertex 0.0170631334186 -0.19981738925 1.22584629059
      vertex 0.0170777831227 -0.200049966574 1.22640168667
      vertex 0.0175528340042 -0.199237003922 1.2259645462
    endloop
  endfacet
  facet normal -0.76277333498 0.266790777445 -0.589066624641
    outer loop
      vertex 0.017093360424 -0.201111868024 1.22879087925
      vertex 0.0170925743878 -0.201148808002 1.22887015343
      vertex 0.0171014275402 -0.201300665736 1.22923076153
    endloop
  endfacet
  facet normal -0.762681722641 0.266832113266 -0.589166522026
    outer loop
      vertex 0.0366674438119 -0.190197899938 1.26064097881
      vertex 0.038293030113 -0.189461529255 1.26366150379
      vertex 0.0388116128743 -0.187858581543 1.26160442829
    endloop
  endfacet
  facet normal -0.762676477432 0.26683485508 -0.589172065258
    outer loop
      vertex 0.0172481797636 -0.202815294266 1.23299455643
      vertex 0.0173530112952 -0.202956527472 1.23360610008
      vertex 0.0171460583806 -0.202108606696 1.23114228249
    endloop
  endfacet
  facet normal -0.76268196106 0.266832470894 -0.589166104794
    outer loop
      vertex 0.0279223881662 -0.196847125888 1.25032675266
      vertex 0.0273854043335 -0.198422551155 1.25227034092
      vertex 0.0290689449757 -0.196376487613 1.25256466866
    endloop
  endfacet
  facet normal -0.762681543827 0.266832739115 -0.589166462421
    outer loop
      vertex 0.0177528951317 -0.203120484948 1.23511099815
      vertex 0.0180115513504 -0.203212618828 1.23605382442
      vertex 0.0186439994723 -0.201821163297 1.23478913307
    endloop
  endfacet
  facet normal -0.762681186199 0.266832798719 -0.589166939259
    outer loop
      vertex 0.0554284602404 -0.160803735256 1.24936282635
      vertex 0.0538048930466 -0.162285968661 1.24799501896
      vertex 0.0537592098117 -0.163235172629 1.24996030331
    endloop
  endfacet
  facet normal -0.762681543827 0.266833275557 -0.589166283607
    outer loop
      vertex 0.0485294796526 -0.176238894463 1.26372456551
      vertex 0.0501874089241 -0.174438878894 1.26448893547
      vertex 0.0499473847449 -0.173749163747 1.26227998734
    endloop
  endfacet
  facet normal -0.762681484222 0.266831189394 -0.589167296886
    outer loop
      vertex 0.0508314222097 -0.16530098021 1.24615323544
      vertex 0.0522043779492 -0.164294078946 1.24785423279
      vertex 0.0510298609734 -0.16494075954 1.24592506886
    endloop
  endfacet
  facet normal -0.762682557106 0.266831189394 -0.58916592598
    outer loop
      vertex 0.0197783242911 -0.202959418297 1.24054467678
      vertex 0.0201578103006 -0.202859118581 1.24140787125
      vertex 0.020320892334 -0.201793894172 1.23952198029
    endloop
  endfacet
  facet normal -0.744213879108 0.253912836313 -0.617797732353
    outer loop
      vertex 0.0210313443094 -0.20261234045 1.24335980415
      vertex 0.0210412144661 -0.202609151602 1.2433809042
      vertex 0.0210612267256 -0.202602699399 1.24342393875
    endloop
  endfacet
  facet normal -0.762681365013 0.266832739115 -0.589166760445
    outer loop
      vertex 0.0386061035097 -0.160251706839 1.20006108284
      vertex 0.0370765551925 -0.162149310112 1.19987905025
      vertex 0.0375849269331 -0.162552595139 1.20222258568
    endloop
  endfacet
  facet normal -0.76268196106 0.266831696033 -0.589166402817
    outer loop
      vertex 0.0358505249023 -0.162793755531 1.19779765606
      vertex 0.0370765551925 -0.162149310112 1.19987905025
      vertex 0.0374491252005 -0.160939201713 1.19827210903
    endloop
  endfacet
  facet normal -0.761948943138 0.266255229712 -0.590374410152
    outer loop
      vertex 0.0225544795394 -0.202099129558 1.2465801239
      vertex 0.0226444639266 -0.202065512538 1.24676311016
      vertex 0.0225123763084 -0.202114537358 1.24649381638
    endloop
  endfacet
  facet normal -0.76268029213 0.266831487417 -0.589168667793
    outer loop
      vertex 0.0237764157355 -0.201647490263 1.24907553196
      vertex 0.0243750046939 -0.201386868954 1.25021100044
      vertex 0.0234234668314 -0.201778590679 1.24835622311
    endloop
  endfacet
  facet normal -0.762682437897 0.266833335161 -0.58916503191
    outer loop
      vertex 0.0184427890927 -0.199759319425 1.22966146469
      vertex 0.0171460583806 -0.202108606696 1.23114228249
      vertex 0.0189213119447 -0.200413987041 1.23247480392
    endloop
  endfacet
  facet normal -0.762690544128 0.266844749451 -0.589149355888
    outer loop
      vertex 0.0254151206464 -0.200868278742 1.25203895569
      vertex 0.0260088257492 -0.20051510632 1.25295615196
      vertex 0.0252117086202 -0.200974151492 1.2516913414
    endloop
  endfacet
  facet normal -0.762752354145 0.266926050186 -0.589032590389
    outer loop
      vertex 0.0260088257492 -0.20051510632 1.25295615196
      vertex 0.0265637096018 -0.200193345547 1.25383162498
      vertex 0.0252117086202 -0.200974151492 1.2516913414
    endloop
  endfacet
  facet normal -0.762681543827 0.266833394766 -0.589166164398
    outer loop
      vertex 0.0296221692115 -0.194764941931 1.2505877018
      vertex 0.0280393287539 -0.195568561554 1.24783790112
      vertex 0.0279223881662 -0.196847125888 1.25032675266
    endloop
  endfacet
  facet normal -0.762682080269 0.266833007336 -0.589165687561
    outer loop
      vertex 0.0267603732646 -0.200063407421 1.25410687923
      vertex 0.0278854891658 -0.199328973889 1.25570118427
      vertex 0.0284678731114 -0.198078528047 1.25460481644
    endloop
  endfacet
  facet normal -0.762681782246 0.266833364964 -0.589165866375
    outer loop
      vertex 0.0278854891658 -0.199328973889 1.25570118427
      vertex 0.0283677931875 -0.198987752199 1.25632631779
      vertex 0.0284678731114 -0.198078528047 1.25460481644
    endloop
  endfacet
  facet normal -0.762683451176 0.266832411289 -0.58916413784
    outer loop
      vertex 0.0294476244599 -0.198239222169 1.2577599287
      vertex 0.0295639336109 -0.198154732585 1.25790584087
      vertex 0.0295047927648 -0.19769012928 1.25671100616
    endloop
  endfacet
  facet normal -0.762681782246 0.26683306694 -0.589166045189
    outer loop
      vertex 0.0295639336109 -0.198154732585 1.25790584087
      vertex 0.0298449490219 -0.197953417897 1.25826454163
      vertex 0.0295047927648 -0.19769012928 1.25671100616
    endloop
  endfacet
  facet normal -0.762681782246 0.266831547022 -0.589166760445
    outer loop
      vertex 0.0527976676822 -0.162601202726 1.24581217766
      vertex 0.0510298609734 -0.16494075954 1.24592506886
      vertex 0.0522043779492 -0.164294078946 1.24785423279
    endloop
  endfacet
  facet normal -0.76268184185 0.26683306694 -0.58916592598
    outer loop
      vertex 0.0310125444084 -0.19713973999 1.25980532169
      vertex 0.0318363420665 -0.196531459689 1.26081693172
      vertex 0.0321194045246 -0.194971352816 1.25818121433
    endloop
  endfacet
  facet normal -0.762681901455 0.26683318615 -0.58916580677
    outer loop
      vertex 0.0318363420665 -0.196531459689 1.26081693172
      vertex 0.0327016972005 -0.195880442858 1.26185286045
      vertex 0.0332211777568 -0.194415420294 1.26010286808
    endloop
  endfacet
  facet normal -0.762681424618 0.266832619905 -0.58916670084
    outer loop
      vertex 0.0224486030638 -0.197471663356 1.23606014252
      vertex 0.0229533873498 -0.198189914227 1.23908877373
      vertex 0.0239951517433 -0.196474760771 1.23827934265
    endloop
  endfacet
  facet normal -0.762680351734 0.266825020313 -0.589171528816
    outer loop
      vertex 0.0345817804337 -0.194304585457 1.26374721527
      vertex 0.0359219275415 -0.193044796586 1.2647960186
      vertex 0.0343518666923 -0.194513201714 1.26355063915
    endloop
  endfacet
  facet normal -0.762682378292 0.266837209463 -0.58916336298
    outer loop
      vertex 0.0359219275415 -0.193044796586 1.2647960186
      vertex 0.0361385308206 -0.192825168371 1.26493024826
      vertex 0.0343518666923 -0.194513201714 1.26355063915
    endloop
  endfacet
  facet normal -0.762681663036 0.266833424568 -0.589165985584
    outer loop
      vertex 0.0513000935316 -0.170375749469 1.25869786739
      vertex 0.0520102381706 -0.170539170504 1.26108849049
      vertex 0.0531035028398 -0.168799936771 1.26037311554
    endloop
  endfacet
  facet normal -0.762681484222 0.266832470894 -0.58916670084
    outer loop
      vertex 0.0209832359105 -0.185869187117 1.20625340939
      vertex 0.0211242325604 -0.184509217739 1.20365357399
      vertex 0.0189174097031 -0.186970636249 1.20278072357
    endloop
  endfacet
  facet normal -0.762681305408 0.266829997301 -0.589168012142
    outer loop
      vertex 0.0239426419139 -0.193690612912 1.23198187351
      vertex 0.0228774324059 -0.194910034537 1.23162972927
      vertex 0.0240004584193 -0.193747997284 1.23227381706
    endloop
  endfacet
  facet normal -0.762681722641 0.266833424568 -0.589165985584
    outer loop
      vertex 0.0488915368915 -0.176453605294 1.26523339748
      vertex 0.0485294796526 -0.176238894463 1.26372456551
      vertex 0.048493091017 -0.177065089345 1.26544475555
    endloop
  endfacet
  facet normal -0.762682318687 0.266831725836 -0.589165985584
    outer loop
      vertex 0.0274836309254 -0.19266179204 1.2398314476
      vertex 0.0273165758699 -0.193280562758 1.24072015285
      vertex 0.0277334135026 -0.192512139678 1.24021494389
    endloop
  endfacet
  facet normal -0.76268184185 0.266835868359 -0.589164674282
    outer loop
      vertex 0.0416673310101 -0.18648031354 1.26672363281
      vertex 0.041756991297 -0.186369806528 1.26673591137
      vertex 0.0419365428388 -0.186139568686 1.26674067974
    endloop
  endfacet
  facet normal -0.762681603432 0.26683190465 -0.589166760445
    outer loop
      vertex 0.0380669310689 -0.18286524713 1.24845063686
      vertex 0.0374149642885 -0.183606013656 1.2482227087
      vertex 0.0384271629155 -0.183081418276 1.24995756149
    endloop
  endfacet
  facet normal -0.762681305408 0.266832888126 -0.58916670084
    outer loop
      vertex 0.0438040681183 -0.182055994868 1.26306211948
      vertex 0.0450125411153 -0.180351421237 1.26275253296
      vertex 0.0439007282257 -0.180930361152 1.26085305214
    endloop
  endfacet
  facet normal -0.762681782246 0.266832649708 -0.589166164398
    outer loop
      vertex 0.0630892887712 -0.148255959153 1.2435542345
      vertex 0.0633658394217 -0.146973773837 1.24151360989
      vertex 0.0612858012319 -0.149600237608 1.2413674593
    endloop
  endfacet
  facet normal -0.762681782246 0.266833484173 -0.589165866375
    outer loop
      vertex 0.0315376147628 -0.192561119795 1.25119650364
      vertex 0.0306621417403 -0.194513455033 1.25300490856
      vertex 0.0320288538933 -0.193062871695 1.25370848179
    endloop
  endfacet
  facet normal -0.762682139874 0.266832739115 -0.589165747166
    outer loop
      vertex 0.0566255263984 -0.150661036372 1.23038935661
      vertex 0.0568991191685 -0.149304762483 1.22817671299
      vertex 0.054854169488 -0.151849508286 1.22795045376
    endloop
  endfacet
  facet normal -0.762681365013 0.266833335161 -0.589166462421
    outer loop
      vertex 0.0461968779564 -0.154801562428 1.20972371101
      vertex 0.0465212501585 -0.153296396136 1.20732748508
      vertex 0.0448033958673 -0.155358418822 1.20697021484
    endloop
  endfacet
  facet normal -0.762681305408 0.266833811998 -0.589166283607
    outer loop
      vertex 0.0645789578557 -0.145748302341 1.24227511883
      vertex 0.0633658394217 -0.146973773837 1.24151360989
      vertex 0.0644837766886 -0.146259590983 1.2431319952
    endloop
  endfacet
  facet normal -0.762681484222 0.266832649708 -0.589166641235
    outer loop
      vertex 0.0618515461683 -0.147969096899 1.23938298225
      vertex 0.0620547123253 -0.146784469485 1.23734807968
      vertex 0.0605175457895 -0.148764744401 1.23732686043
    endloop
  endfacet
  facet normal -0.762681543827 0.266832619905 -0.589166522026
    outer loop
      vertex 0.0273165758699 -0.193280562758 1.24072015285
      vertex 0.0265706665814 -0.193226650357 1.23846912384
      vertex 0.0255952775478 -0.194840058684 1.23924362659
    endloop
  endfacet
  facet normal -0.762681305408 0.26683178544 -0.589167237282
    outer loop
      vertex 0.0625359341502 -0.142207294703 1.22861707211
      vertex 0.0613727755845 -0.143614083529 1.22839868069
      vertex 0.0626177191734 -0.142205029726 1.22884583473
    endloop
  endfacet
  facet normal -0.762681484222 0.266832888126 -0.589166522026
    outer loop
      vertex 0.0596303828061 -0.152191281319 1.2423568964
      vertex 0.0612858012319 -0.149600237608 1.2413674593
      vertex 0.0592706166208 -0.151546478271 1.23990488052
    endloop
  endfacet
  facet normal -0.762681365013 0.266832828522 -0.58916670084
    outer loop
      vertex 0.0566233061254 -0.161288410425 1.25384831429
      vertex 0.0550231076777 -0.163715839386 1.25463426113
      vertex 0.0570715777576 -0.162018418312 1.25674140453
    endloop
  endfacet
  facet normal -0.762682080269 0.266833662987 -0.589165329933
    outer loop
      vertex 0.0186439994723 -0.201821163297 1.23478913307
      vertex 0.0189213119447 -0.200413987041 1.23247480392
      vertex 0.0173530112952 -0.202956527472 1.23360610008
    endloop
  endfacet
  facet normal -0.762681245804 0.266831457615 -0.589167416096
    outer loop
      vertex 0.0616432838142 -0.142338752747 1.2263559103
      vertex 0.0605239085853 -0.14355610311 1.22584438324
      vertex 0.061749946326 -0.14232391119 1.22662806511
    endloop
  endfacet
  facet normal -0.762681901455 0.266832023859 -0.589166402817
    outer loop
      vertex 0.0401161722839 -0.181463688612 1.25121331215
      vertex 0.0417828038335 -0.179123610258 1.25081014633
      vertex 0.0406700894237 -0.179839923978 1.24921131134
    endloop
  endfacet
  facet normal -0.762682676315 0.266830921173 -0.589165866375
    outer loop
      vertex 0.0555323548615 -0.155787482858 1.23858392239
      vertex 0.0545783936977 -0.157402202487 1.23942255974
      vertex 0.0544857531786 -0.157720088959 1.2398597002
    endloop
  endfacet
  facet normal -0.762680709362 0.26683345437 -0.589167237282
    outer loop
      vertex 0.0219796765596 -0.194957077503 1.2291675806
      vertex 0.0202433131635 -0.197382852435 1.22956073284
      vertex 0.0214979145676 -0.196242943406 1.23062980175
    endloop
  endfacet
  facet normal -0.762681484222 0.266832977533 -0.589166462421
    outer loop
      vertex 0.0453854165971 -0.179056689143 1.26095962524
      vertex 0.0469137430191 -0.177150964737 1.26112020016
      vertex 0.0457145795226 -0.177576676011 1.2586325407
    endloop
  endfacet
  facet normal -0.76268106699 0.266832947731 -0.589166998863
    outer loop
      vertex 0.0540020614862 -0.168345734477 1.26193857193
      vertex 0.0543219000101 -0.167817249894 1.26168584824
      vertex 0.0531035028398 -0.168799936771 1.26037311554
    endloop
  endfacet
  facet normal -0.762681603432 0.266833513975 -0.589166045189
    outer loop
      vertex 0.03987666592 -0.187832534313 1.26459109783
      vertex 0.038293030113 -0.189461529255 1.26366150379
      vertex 0.0397243276238 -0.188849389553 1.26640093327
    endloop
  endfacet
  facet normal -0.762681782246 0.266833394766 -0.58916592598
    outer loop
      vertex 0.0284678731114 -0.198078528047 1.25460481644
      vertex 0.0283677931875 -0.198987752199 1.25632631779
      vertex 0.0295047927648 -0.19769012928 1.25671100616
    endloop
  endfacet
  facet normal -0.762682318687 0.266831874847 -0.589165866375
    outer loop
      vertex 0.0262082573026 -0.19730129838 1.24643003941
      vertex 0.0263962950557 -0.197996258736 1.24850201607
      vertex 0.0280393287539 -0.195568561554 1.24783790112
    endloop
  endfacet
  facet normal -0.762681663036 0.266832947731 -0.589166224003
    outer loop
      vertex 0.0558212772012 -0.164161533117 1.25789964199
      vertex 0.0574051439762 -0.162635013461 1.25905621052
      vertex 0.0570715777576 -0.162018418312 1.25674140453
    endloop
  endfacet
  facet normal -0.762680947781 0.266833096743 -0.589167118073
    outer loop
      vertex 0.0625139027834 -0.15267790854 1.25167322159
      vertex 0.0618215240538 -0.152810111642 1.24998617172
      vertex 0.0623785741627 -0.153005346656 1.25200939178
    endloop
  endfacet
  facet normal -0.76268184185 0.266832888126 -0.589166045189
    outer loop
      vertex 0.056665353477 -0.160204663873 1.25157546997
      vertex 0.0552099198103 -0.16222897172 1.2518851757
      vertex 0.0566233061254 -0.161288410425 1.25384831429
    endloop
  endfacet
  facet normal -0.762625694275 0.266919910908 -0.589199304581
    outer loop
      vertex 0.059826951474 -0.158311903477 1.2564330101
      vertex 0.0599529370666 -0.158073812723 1.2562674284
      vertex 0.0600737668574 -0.157835975289 1.25608766079
    endloop
  endfacet
  facet normal -0.76268196106 0.26683190465 -0.589166283607
    outer loop
      vertex 0.026636146009 -0.174712121487 1.19777619839
      vertex 0.0254032816738 -0.176474988461 1.19814479351
      vertex 0.0255871284753 -0.176765084267 1.19931077957
    endloop
  endfacet
  facet normal -0.762681603432 0.266833037138 -0.589166283607
    outer loop
      vertex 0.0600737668574 -0.157835975289 1.25608766079
      vertex 0.0608811378479 -0.156253829598 1.2549020052
      vertex 0.059411868453 -0.157838761806 1.25420188904
    endloop
  endfacet
  facet normal -0.762681543827 0.266832172871 -0.58916670084
    outer loop
      vertex 0.0391382612288 -0.184651240706 1.25545620918
      vertex 0.0402660407126 -0.182530120015 1.25399637222
      vertex 0.0386981628835 -0.183873996139 1.25248217583
    endloop
  endfacet
  facet normal -0.762680530548 0.266833364964 -0.5891674757
    outer loop
      vertex 0.0501277074218 -0.152627438307 1.21615862846
      vertex 0.0489852540195 -0.153325855732 1.21443533897
      vertex 0.0492277815938 -0.15391869843 1.21643745899
    endloop
  endfacet
  facet normal -0.762682020664 0.266832500696 -0.589165985584
    outer loop
      vertex 0.0427596233785 -0.182607382536 1.26129424572
      vertex 0.0438040681183 -0.182055994868 1.26306211948
      vertex 0.0439007282257 -0.180930361152 1.26085305214
    endloop
  endfacet
  facet normal -0.762566387653 0.266965329647 -0.589255511761
    outer loop
      vertex 0.0623785741627 -0.153005346656 1.25200939178
      vertex 0.0624280124903 -0.152890786529 1.25189781189
      vertex 0.0625139027834 -0.15267790854 1.25167322159
    endloop
  endfacet
  facet normal -0.762682080269 0.266831964254 -0.589166164398
    outer loop
      vertex 0.0486594364047 -0.169086277485 1.24830293655
      vertex 0.0486306250095 -0.17011962831 1.25050234795
      vertex 0.0498961135745 -0.168089985847 1.24963796139
    endloop
  endfacet
  facet normal -0.762526392937 0.266968160868 -0.58930593729
    outer loop
      vertex 0.0638407692313 -0.148933932185 1.24719905853
      vertex 0.0638563036919 -0.148881673813 1.24712812901
      vertex 0.0638788715005 -0.148800984025 1.24701440334
    endloop
  endfacet
  facet normal -0.762682259083 0.266833364964 -0.589165270329
    outer loop
      vertex 0.0540792569518 -0.158861845732 1.24121880531
      vertex 0.0539869181812 -0.15908870101 1.24145579338
      vertex 0.0557612217963 -0.157938271761 1.24398708344
    endloop
  endfacet
  facet normal -0.762681424618 0.266832739115 -0.58916670084
    outer loop
      vertex 0.0638788715005 -0.148800984025 1.24701440334
      vertex 0.0641768276691 -0.147635906935 1.24529361725
      vertex 0.0629414990544 -0.149542495608 1.24597239494
    endloop
  endfacet
  facet normal -0.762681365013 0.266832053661 -0.589166998863
    outer loop
      vertex 0.0643652379513 -0.146841481328 1.24407804012
      vertex 0.0644837766886 -0.146259590983 1.2431319952
      vertex 0.0630892887712 -0.148255959153 1.2435542345
    endloop
  endfacet
  facet normal -0.762681007385 0.266833245754 -0.589166998863
    outer loop
      vertex 0.0630892887712 -0.148255959153 1.2435542345
      vertex 0.0644837766886 -0.146259590983 1.2431319952
      vertex 0.0633658394217 -0.146973773837 1.24151360989
    endloop
  endfacet
  facet normal -0.762681424618 0.266833692789 -0.589166164398
    outer loop
      vertex 0.0435984060168 -0.183299228549 1.26521933079
      vertex 0.0436125323176 -0.183980479836 1.26676392555
      vertex 0.0448640845716 -0.182305455208 1.26664280891
    endloop
  endfacet
  facet normal -0.762680888176 0.26683306694 -0.589167177677
    outer loop
      vertex 0.0646612122655 -0.145214214921 1.24133098125
      vertex 0.0647266581655 -0.144591659307 1.24014341831
      vertex 0.0637160763144 -0.145577207208 1.2394310236
    endloop
  endfacet
  facet normal -0.762681007385 0.266833871603 -0.58916670084
    outer loop
      vertex 0.0647266581655 -0.144591659307 1.24014341831
      vertex 0.0647418424487 -0.144363164902 1.23968231678
      vertex 0.0637160763144 -0.145577207208 1.2394310236
    endloop
  endfacet
  facet normal -0.762680888176 0.266834944487 -0.589166402817
    outer loop
      vertex 0.0647418424487 -0.144363164902 1.23968231678
      vertex 0.0647360756993 -0.144093647599 1.23907077312
      vertex 0.0637160763144 -0.145577207208 1.2394310236
    endloop
  endfacet
  facet normal -0.762680828571 0.266832023859 -0.589167773724
    outer loop
      vertex 0.0532278083265 -0.16075719893 1.24297010899
      vertex 0.054096698761 -0.160222664475 1.24427330494
      vertex 0.0533921271563 -0.160410642624 1.24267458916
    endloop
  endfacet
  facet normal -0.762682557106 0.266832590103 -0.589165270329
    outer loop
      vertex 0.0545540712774 -0.15396848321 1.23177146912
      vertex 0.0551604926586 -0.152777820826 1.23087573051
      vertex 0.0544271059334 -0.153596624732 1.23058748245
    endloop
  endfacet
  facet normal -0.762681484222 0.266834229231 -0.589165866375
    outer loop
      vertex 0.0515016727149 -0.172364458442 1.26366508007
      vertex 0.0514076091349 -0.171909123659 1.26239085197
      vertex 0.051217444241 -0.172816947103 1.26385176182
    endloop
  endfacet
  facet normal -0.762705266476 0.266786813736 -0.589156627655
    outer loop
      vertex 0.0559393875301 -0.165130227804 1.26037609577
      vertex 0.0562283955514 -0.164639055729 1.26011776924
      vertex 0.0555179677904 -0.16583815217 1.26073467731
    endloop
  endfacet
  facet normal -0.762681484222 0.266832917929 -0.589166462421
    outer loop
      vertex 0.0492901615798 -0.151885718107 1.21212697029
      vertex 0.0489852540195 -0.153325855732 1.21443533897
      vertex 0.0506895817816 -0.151009216905 1.21419155598
    endloop
  endfacet
  facet normal -0.762586951256 0.266812622547 -0.589298009872
    outer loop
      vertex 0.0634072646499 -0.142219603062 1.2311347723
      vertex 0.0633941143751 -0.14221560955 1.23108839989
      vertex 0.0633814632893 -0.142213508487 1.2310475111
    endloop
  endfacet
  facet normal -0.762681663036 0.266832351685 -0.589166522026
    outer loop
      vertex 0.0231823269278 -0.195538833737 1.23388957977
      vertex 0.0224486030638 -0.197471663356 1.23606014252
      vertex 0.024510351941 -0.194949448109 1.23638403416
    endloop
  endfacet
  facet normal -0.762681484222 0.26683267951 -0.589166581631
    outer loop
      vertex 0.0524935051799 -0.168313130736 1.25755476952
      vertex 0.0513000935316 -0.170375749469 1.25869786739
      vertex 0.0531035028398 -0.168799936771 1.26037311554
    endloop
  endfacet
  facet normal -0.762681245804 0.266832351685 -0.589167058468
    outer loop
      vertex 0.0607970617712 -0.142532810569 1.22436571121
      vertex 0.0605239085853 -0.14355610311 1.22584438324
      vertex 0.0616432838142 -0.142338752747 1.2263559103
    endloop
  endfacet
  facet normal -0.762681722641 0.266832262278 -0.589166462421
    outer loop
      vertex 0.0202494598925 -0.199816659093 1.23495209217
      vertex 0.0194134544581 -0.201771602035 1.23687899113
      vertex 0.0212651900947 -0.19969651103 1.23758995533
    endloop
  endfacet
  facet normal -0.762681424618 0.266833037138 -0.589166522026
    outer loop
      vertex 0.0465212501585 -0.153296396136 1.20732748508
      vertex 0.0455865077674 -0.153864264488 1.20590949059
      vertex 0.0448033958673 -0.155358418822 1.20697021484
    endloop
  endfacet
  facet normal -0.762681901455 0.266832381487 -0.589166164398
    outer loop
      vertex 0.0486306250095 -0.17011962831 1.25050234795
      vertex 0.0473366342485 -0.172101020813 1.25117862225
      vertex 0.0484054498374 -0.171578273177 1.25307929516
    endloop
  endfacet
  facet normal -0.762681484222 0.266834169626 -0.58916592598
    outer loop
      vertex 0.0579548366368 -0.147294744849 1.2267562151
      vertex 0.0596570968628 -0.145542904735 1.22775363922
      vertex 0.0588793978095 -0.145277321339 1.2249443531
    endloop
  endfacet
  facet normal -0.762681365013 0.26683357358 -0.589166343212
    outer loop
      vertex 0.0589675940573 -0.159888520837 1.25745797157
      vertex 0.0582737140357 -0.159952491522 1.25561594963
      vertex 0.058557793498 -0.160623475909 1.25790941715
    endloop
  endfacet
  facet normal -0.762681901455 0.266831338406 -0.589166641235
    outer loop
      vertex 0.0532239228487 -0.152537181973 1.22480916977
      vertex 0.0534622184932 -0.152616247535 1.22566485405
      vertex 0.0544416941702 -0.151066750288 1.2250431776
    endloop
  endfacet
  facet normal -0.762681484222 0.266832053661 -0.589166879654
    outer loop
      vertex 0.0426977500319 -0.157128110528 1.20485925674
      vertex 0.0444518849254 -0.154534846544 1.20414710045
      vertex 0.0424216799438 -0.156185597181 1.20198905468
    endloop
  endfacet
  facet normal -0.762682020664 0.266832470894 -0.589165985584
    outer loop
      vertex 0.0351360961795 -0.191133320332 1.25832939148
      vertex 0.0337495654821 -0.192801147699 1.25804889202
      vertex 0.0347353555262 -0.19247789681 1.26015281677
    endloop
  endfacet
  facet normal -0.762681603432 0.266832858324 -0.589166343212
    outer loop
      vertex 0.053962752223 -0.152933508158 1.22779607773
      vertex 0.0542905777693 -0.153361558914 1.22967815399
      vertex 0.054854169488 -0.151849508286 1.22795045376
    endloop
  endfacet
  facet normal -0.762681484222 0.266832888126 -0.589166462421
    outer loop
      vertex 0.0623785741627 -0.153005346656 1.25200939178
      vertex 0.0605000182986 -0.154938310385 1.25090801716
      vertex 0.0612554959953 -0.155469313264 1.25423979759
    endloop
  endfacet
  facet normal -0.762681424618 0.266832500696 -0.589166760445
    outer loop
      vertex 0.0544416941702 -0.151066750288 1.2250431776
      vertex 0.0534622184932 -0.152616247535 1.22566485405
      vertex 0.054854169488 -0.151849508286 1.22795045376
    endloop
  endfacet
  facet normal -0.762681603432 0.266831606627 -0.589166879654
    outer loop
      vertex 0.036997590214 -0.164428651333 1.20468616486
      vertex 0.0382794439793 -0.163085877895 1.20538520813
      vertex 0.0388387255371 -0.162059158087 1.20471680164
    endloop
  endfacet
  facet normal -0.762672960758 0.266846001148 -0.589171588421
    outer loop
      vertex 0.0383075885475 -0.163056820631 1.2054015398
      vertex 0.0388387255371 -0.162059158087 1.20471680164
      vertex 0.0382794439793 -0.163085877895 1.20538520813
    endloop
  endfacet
  facet normal -0.762681365013 0.266832500696 -0.589166820049
    outer loop
      vertex 0.0199394915253 -0.191807299852 1.21638143063
      vertex 0.0190248377621 -0.193904265761 1.2183971405
      vertex 0.0209142938256 -0.191844567657 1.21924996376
    endloop
  endfacet
  facet normal -0.762681484222 0.266831576824 -0.589167118073
    outer loop
      vertex 0.0383595563471 -0.163005053997 1.20543575287
      vertex 0.0395817756653 -0.161802113056 1.20627307892
      vertex 0.0388387255371 -0.162059158087 1.20471680164
    endloop
  endfacet
  facet normal -0.762680947781 0.266833394766 -0.589166939259
    outer loop
      vertex 0.0187734477222 -0.197340816259 1.22526657581
      vertex 0.0175528340042 -0.199237003922 1.2259645462
      vertex 0.0187696050853 -0.198337212205 1.227455616
    endloop
  endfacet
  facet normal -0.762681603432 0.266833245754 -0.589166164398
    outer loop
      vertex 0.0415684431791 -0.159962117672 1.20788884163
      vertex 0.0425482839346 -0.159101173282 1.20878851414
      vertex 0.0417143628001 -0.159234553576 1.20669949055
    endloop
  endfacet
  facet normal -0.762682080269 0.266832500696 -0.589165866375
    outer loop
      vertex 0.0426977500319 -0.157128110528 1.20485925674
      vertex 0.0416706986725 -0.157685920596 1.20315527916
      vertex 0.0407645180821 -0.15936781466 1.20427882671
    endloop
  endfacet
  facet normal -0.762682557106 0.266826361418 -0.589168071747
    outer loop
      vertex 0.053939063102 -0.152901932597 1.22765862942
      vertex 0.053962752223 -0.152933508158 1.22779607773
      vertex 0.054854169488 -0.151849508286 1.22795045376
    endloop
  endfacet
  facet normal -0.762682020664 0.26683345437 -0.589165568352
    outer loop
      vertex 0.0579548366368 -0.147294744849 1.2267562151
      vertex 0.0588793978095 -0.145277321339 1.2249443531
      vertex 0.057280022651 -0.147058784962 1.22430634499
    endloop
  endfacet
  facet normal -0.762681543827 0.266832023859 -0.589166820049
    outer loop
      vertex 0.0301100481302 -0.193167716265 1.24845552444
      vertex 0.0290065295994 -0.193439602852 1.24590170383
      vertex 0.0280393287539 -0.195568561554 1.24783790112
    endloop
  endfacet
  facet normal -0.762681722641 0.266833335161 -0.589165985584
    outer loop
      vertex 0.0532278083265 -0.16075719893 1.24297010899
      vertex 0.0525960065424 -0.162009850144 1.24393010139
      vertex 0.054096698761 -0.160222664475 1.24427330494
    endloop
  endfacet
  facet normal -0.762681663036 0.266832441092 -0.589166462421
    outer loop
      vertex 0.0484655052423 -0.150673404336 1.20709311962
      vertex 0.0501022040844 -0.14827388525 1.20647311211
      vertex 0.0493169426918 -0.148919939995 1.20565509796
    endloop
  endfacet
  facet normal -0.762681424618 0.266833901405 -0.589166104794
    outer loop
      vertex 0.020320892334 -0.201793894172 1.23952198029
      vertex 0.0194134544581 -0.201771602035 1.23687899113
      vertex 0.0188151337206 -0.203160449862 1.23823547363
    endloop
  endfacet
  facet normal -0.762682437897 0.266831815243 -0.589165747166
    outer loop
      vertex 0.0203838422894 -0.196080684662 1.22708714008
      vertex 0.0187696050853 -0.198337212205 1.227455616
      vertex 0.0202433131635 -0.197382852435 1.22956073284
    endloop
  endfacet
  facet normal -0.762681663036 0.266833782196 -0.58916592598
    outer loop
      vertex 0.0521456412971 -0.152564451098 1.22178733349
      vertex 0.0523876287043 -0.15251596272 1.22237193584
      vertex 0.0535196401179 -0.151028990746 1.22232437134
    endloop
  endfacet
  facet normal -0.762681543827 0.266831964254 -0.589166879654
    outer loop
      vertex 0.0606176443398 -0.145504891872 1.23041522503
      vertex 0.0622624382377 -0.143353909254 1.23036706448
      vertex 0.0613727755845 -0.143614083529 1.22839868069
    endloop
  endfacet
  facet normal -0.762751042843 0.266900986433 -0.589045584202
    outer loop
      vertex 0.0575577057898 -0.143691003323 1.21766400337
      vertex 0.0565815716982 -0.144147932529 1.21588277817
      vertex 0.057661626488 -0.143644228578 1.21785771847
    endloop
  endfacet
  facet normal -0.762680649757 0.266834497452 -0.589166820049
    outer loop
      vertex 0.052213087678 -0.171235144138 1.26320505142
      vertex 0.0514076091349 -0.171909123659 1.26239085197
      vertex 0.0515016727149 -0.172364458442 1.26366508007
    endloop
  endfacet
  facet normal -0.762680232525 0.26683267951 -0.589168190956
    outer loop
      vertex 0.0501099042594 -0.15338934958 1.21779000759
      vertex 0.0502792708576 -0.153296768665 1.21806967258
      vertex 0.0501277074218 -0.152627438307 1.21615862846
    endloop
  endfacet
  facet normal -0.762681782246 0.266832321882 -0.589166343212
    outer loop
      vertex 0.024510351941 -0.194949448109 1.23638403416
      vertex 0.0252044834197 -0.193738296628 1.23569393158
      vertex 0.0246572624892 -0.193861871958 1.23440265656
    endloop
  endfacet
  facet normal -0.76268184185 0.26683306694 -0.58916592598
    outer loop
      vertex 0.0485072284937 -0.154394328594 1.21542811394
      vertex 0.0492277815938 -0.15391869843 1.21643745899
      vertex 0.0489852540195 -0.153325855732 1.21443533897
    endloop
  endfacet
  facet normal -0.762681782246 0.266834050417 -0.589165568352
    outer loop
      vertex 0.0479121729732 -0.152552470565 1.20966053009
      vertex 0.0474319718778 -0.15447640419 1.21253597736
      vertex 0.0492901615798 -0.151885718107 1.21212697029
    endloop
  endfacet
  facet normal -0.762681424618 0.266832321882 -0.589166820049
    outer loop
      vertex 0.0473059043288 -0.155263394117 1.2139133215
      vertex 0.0480934418738 -0.154683858156 1.21488463879
      vertex 0.0474319718778 -0.15447640419 1.21253597736
    endloop
  endfacet
  facet normal -0.762682080269 0.266831815243 -0.589166224003
    outer loop
      vertex 0.057280022651 -0.147058784962 1.22430634499
      vertex 0.0588793978095 -0.145277321339 1.2249443531
      vertex 0.0582104809582 -0.14498077333 1.22237765789
    endloop
  endfacet
  facet normal -0.762683153152 0.266834020615 -0.589163839817
    outer loop
      vertex 0.0437980741262 -0.158044531941 1.2100276947
      vertex 0.0443225353956 -0.157606750727 1.2105602026
      vertex 0.0442428663373 -0.157218441367 1.20947504044
    endloop
  endfacet
  facet normal -0.762680947781 0.266834765673 -0.589166343212
    outer loop
      vertex 0.0443225353956 -0.157606750727 1.2105602026
      vertex 0.0446128845215 -0.157368168235 1.21086323261
      vertex 0.0442428663373 -0.157218441367 1.20947504044
    endloop
  endfacet
  facet normal -0.762681603432 0.266833007336 -0.589166283607
    outer loop
      vertex 0.0183469578624 -0.19553206861 1.220053792
      vertex 0.0190248377621 -0.193904265761 1.2183971405
      vertex 0.0171316508204 -0.196120604873 1.21787965298
    endloop
  endfacet
  facet normal -0.762682020664 0.266832947731 -0.58916580677
    outer loop
      vertex 0.0328530147672 -0.190541759133 1.25049757957
      vertex 0.0333839580417 -0.191070571542 1.25318276882
      vertex 0.0342345237732 -0.188967108727 1.25096940994
    endloop
  endfacet
  facet normal -0.762681424618 0.266833364964 -0.589166343212
    outer loop
      vertex 0.0353299453855 -0.166274890304 1.20399606228
      vertex 0.0358694493771 -0.165678232908 1.20422077179
      vertex 0.035594932735 -0.165417015553 1.20285928249
    endloop
  endfacet
  facet normal -0.762681543827 0.266832709312 -0.589166522026
    outer loop
      vertex 0.0328673459589 -0.192894041538 1.25573241711
      vertex 0.0333839580417 -0.191070571542 1.25318276882
      vertex 0.0320288538933 -0.193062871695 1.25370848179
    endloop
  endfacet
  facet normal -0.762681484222 0.266832768917 -0.589166522026
    outer loop
      vertex 0.0339409410954 -0.167911574244 1.20363974571
      vertex 0.0345270931721 -0.167213633657 1.20377409458
      vertex 0.0334333926439 -0.167383849621 1.20102381706
    endloop
  endfacet
  facet normal -0.76268196106 0.266832739115 -0.58916592598
    outer loop
      vertex 0.0332629345357 -0.168735906482 1.20352196693
      vertex 0.0339409410954 -0.167911574244 1.20363974571
      vertex 0.0334333926439 -0.167383849621 1.20102381706
    endloop
  endfacet
  facet normal -0.762681722641 0.266831845045 -0.58916670084
    outer loop
      vertex 0.0317620448768 -0.170615181327 1.20338141918
      vertex 0.0322968624532 -0.16993868351 1.2034163475
      vertex 0.0319928526878 -0.169909894466 1.20248389244
    endloop
  endfacet
  facet normal -0.762681782246 0.266831874847 -0.589166581631
    outer loop
      vertex 0.0322968624532 -0.16993868351 1.2034163475
      vertex 0.0328386202455 -0.169264182448 1.20347559452
      vertex 0.0319928526878 -0.169909894466 1.20248389244
    endloop
  endfacet
  facet normal -0.762681543827 0.266833007336 -0.589166343212
    outer loop
      vertex 0.0487359799445 -0.173960715532 1.25928449631
      vertex 0.0482202768326 -0.175392091274 1.26097095013
      vertex 0.0499473847449 -0.173749163747 1.26227998734
    endloop
  endfacet
  facet normal -0.762682020664 0.266833692789 -0.589165449142
    outer loop
      vertex 0.0305813103914 -0.172145098448 1.20338451862
      vertex 0.0308324806392 -0.17180852592 1.20335936546
      vertex 0.0300750415772 -0.172025039792 1.20167243481
    endloop
  endfacet
  facet normal -0.762681543827 0.266833037138 -0.589166343212
    outer loop
      vertex 0.0566233061254 -0.161288410425 1.25384831429
      vertex 0.0577555410564 -0.159562408924 1.25327348709
      vertex 0.056665353477 -0.160204663873 1.25157546997
    endloop
  endfacet
  facet normal -0.762680768967 0.266833096743 -0.589167296886
    outer loop
      vertex 0.0178021211177 -0.189850702882 1.2059520483
      vertex 0.0186253879219 -0.189171463251 1.20680546761
      vertex 0.0181900989264 -0.188665658236 1.20444440842
    endloop
  endfacet
  facet normal -0.762682378292 0.266831725836 -0.58916592598
    outer loop
      vertex 0.0473059043288 -0.155263394117 1.2139133215
      vertex 0.0474319718778 -0.15447640419 1.21253597736
      vertex 0.0468827523291 -0.155573487282 1.2133885622
    endloop
  endfacet
  facet normal -0.762681782246 0.266832500696 -0.589166283607
    outer loop
      vertex 0.0283971484751 -0.175163954496 1.20380723476
      vertex 0.0289260856807 -0.174416333437 1.20366835594
      vertex 0.0284627340734 -0.174055114388 1.20154643059
    endloop
  endfacet
  facet normal -0.762681543827 0.266832500696 -0.589166581631
    outer loop
      vertex 0.0289260856807 -0.174416333437 1.20366835594
      vertex 0.0296725966036 -0.173377901316 1.20350921154
      vertex 0.0284627340734 -0.174055114388 1.20154643059
    endloop
  endfacet
  facet normal -0.762682378292 0.266832470894 -0.589165508747
    outer loop
      vertex 0.0489852540195 -0.153325855732 1.21443533897
      vertex 0.0474319718778 -0.15447640419 1.21253597736
      vertex 0.0480934418738 -0.154683858156 1.21488463879
    endloop
  endfacet
  facet normal -0.762681603432 0.266833096743 -0.589166224003
    outer loop
      vertex 0.0524935051799 -0.168313130736 1.25755476952
      vertex 0.0544640645385 -0.166628196836 1.25946676731
      vertex 0.0537977106869 -0.166075661778 1.25634217262
    endloop
  endfacet
  facet normal -0.762665987015 0.266767084599 -0.589216351509
    outer loop
      vertex 0.025187863037 -0.180135071278 1.20561051369
      vertex 0.0251918714494 -0.180128440261 1.20560729504
      vertex 0.0242972783744 -0.180919274688 1.20479643345
    endloop
  endfacet
  facet normal -0.762681901455 0.266832441092 -0.589166104794
    outer loop
      vertex 0.0209832359105 -0.185869187117 1.20625340939
      vertex 0.020040333271 -0.18766091764 1.20751452446
      vertex 0.0214447677135 -0.186744660139 1.20950555801
    endloop
  endfacet
  facet normal -0.762681305408 0.266832768917 -0.589166820049
    outer loop
      vertex 0.0618515461683 -0.147969096899 1.23938298225
      vertex 0.0637160763144 -0.145577207208 1.2394310236
      vertex 0.0620547123253 -0.146784469485 1.23734807968
    endloop
  endfacet
  facet normal -0.762681603432 0.266832947731 -0.589166343212
    outer loop
      vertex 0.0232558175921 -0.193093284965 1.22869980335
      vertex 0.0219796765596 -0.194957077503 1.2291675806
      vertex 0.0234957505018 -0.193411305547 1.23008787632
    endloop
  endfacet
  facet normal -0.762681484222 0.266833871603 -0.589166045189
    outer loop
      vertex 0.0531035028398 -0.168799936771 1.26037311554
      vertex 0.0520102381706 -0.170539170504 1.26108849049
      vertex 0.0532897897065 -0.169501051307 1.26245367527
    endloop
  endfacet
  facet normal -0.762684524059 0.266829788685 -0.589163959026
    outer loop
      vertex 0.0170546732843 -0.199639856815 1.22543013096
      vertex 0.0170631334186 -0.19981738925 1.22584629059
      vertex 0.0175528340042 -0.199237003922 1.2259645462
    endloop
  endfacet
  facet normal -0.762681305408 0.266833394766 -0.589166522026
    outer loop
      vertex 0.0221120491624 -0.187251910567 1.21253287792
      vertex 0.0222507361323 -0.186664789915 1.211632967
      vertex 0.0211809892207 -0.188268631697 1.21211659908
    endloop
  endfacet
  facet normal -0.762681603432 0.266832649708 -0.589166462421
    outer loop
      vertex 0.0563866347075 -0.144244462252 1.21553874016
      vertex 0.0555571950972 -0.145771950483 1.21654069424
      vertex 0.0565815716982 -0.144147932529 1.21588277817
    endloop
  endfacet
  facet normal -0.762682080269 0.266833662987 -0.589165389538
    outer loop
      vertex 0.0306457076222 -0.197396054864 1.25932276249
      vertex 0.0306686162949 -0.196530908346 1.25747799873
      vertex 0.0298449490219 -0.197953417897 1.25826454163
    endloop
  endfacet
  facet normal -0.762681901455 0.266833543777 -0.589165687561
    outer loop
      vertex 0.0453854165971 -0.179056689143 1.26095962524
      vertex 0.0439007282257 -0.180930361152 1.26085305214
      vertex 0.0450125411153 -0.180351421237 1.26275253296
    endloop
  endfacet
  facet normal -0.76268029213 0.266833126545 -0.589167952538
    outer loop
      vertex 0.0222396329045 -0.1904450804 1.21994805336
      vertex 0.0221207663417 -0.189896628261 1.21839737892
      vertex 0.021437395364 -0.190415620804 1.2175899744
    endloop
  endfacet
  facet normal -0.762681424618 0.266831964254 -0.589166939259
    outer loop
      vertex 0.0220886319876 -0.189746797085 1.21797466278
      vertex 0.0219922289252 -0.189129531384 1.21633625031
      vertex 0.021437395364 -0.190415620804 1.2175899744
    endloop
  endfacet
  facet normal -0.762681186199 0.266833692789 -0.589166522026
    outer loop
      vertex 0.0518068708479 -0.150694340467 1.21668982506
      vertex 0.0522802509367 -0.151438757777 1.21968662739
      vertex 0.0534226857126 -0.14938634634 1.21842026711
    endloop
  endfacet
  facet normal -0.762681365013 0.266833096743 -0.589166581631
    outer loop
      vertex 0.0554714389145 -0.144709378481 1.21394944191
      vertex 0.0555571950972 -0.145771950483 1.21654069424
      vertex 0.0563866347075 -0.144244462252 1.21553874016
    endloop
  endfacet
  facet normal -0.762682437897 0.266833007336 -0.589165210724
    outer loop
      vertex 0.0171460583806 -0.202108606696 1.23114228249
      vertex 0.0173530112952 -0.202956527472 1.23360610008
      vertex 0.0189213119447 -0.200413987041 1.23247480392
    endloop
  endfacet
  facet normal -0.762681603432 0.266833007336 -0.589166343212
    outer loop
      vertex 0.0219796765596 -0.194957077503 1.2291675806
      vertex 0.0232558175921 -0.193093284965 1.22869980335
      vertex 0.0220806375146 -0.193729609251 1.22674584389
    endloop
  endfacet
  facet normal -0.762681365013 0.266832768917 -0.58916670084
    outer loop
      vertex 0.0562283955514 -0.164639055729 1.26011776924
      vertex 0.0569792352617 -0.163366809487 1.25945472717
      vertex 0.0558212772012 -0.164161533117 1.25789964199
    endloop
  endfacet
  facet normal -0.762681603432 0.26683229208 -0.589166641235
    outer loop
      vertex 0.0597789026797 -0.142820477486 1.22209072113
      vertex 0.0589576773345 -0.143111467361 1.22038590908
      vertex 0.0582104809582 -0.14498077333 1.22237765789
    endloop
  endfacet
  facet normal -0.76268184185 0.266832888126 -0.589166045189
    outer loop
      vertex 0.0542178452015 -0.14644382894 1.21419596672
      vertex 0.0555571950972 -0.145771950483 1.21654069424
      vertex 0.0554714389145 -0.144709378481 1.21394944191
    endloop
  endfacet
  facet normal -0.762681424618 0.266832560301 -0.58916670084
    outer loop
      vertex 0.0211020261049 -0.197571888566 1.23243248463
      vertex 0.0224486030638 -0.197471663356 1.23606014252
      vertex 0.0231823269278 -0.195538833737 1.23388957977
    endloop
  endfacet
  facet normal -0.762681603432 0.266833275557 -0.589166164398
    outer loop
      vertex 0.0246572624892 -0.193861871958 1.23440265656
      vertex 0.0241506677121 -0.193766206503 1.23274338245
      vertex 0.0231823269278 -0.195538833737 1.23388957977
    endloop
  endfacet
  facet normal -0.762681543827 0.266832947731 -0.589166402817
    outer loop
      vertex 0.0231115333736 -0.192942291498 1.22795403004
      vertex 0.0220806375146 -0.193729609251 1.22674584389
      vertex 0.0232558175921 -0.193093284965 1.22869980335
    endloop
  endfacet
  facet normal -0.762714385986 0.266865044832 -0.589109361172
    outer loop
      vertex 0.0512576401234 -0.152836993337 1.219851017
      vertex 0.0502792708576 -0.153296768665 1.21806967258
      vertex 0.05076001212 -0.153073132038 1.21895003319
    endloop
  endfacet
  facet normal -0.762658417225 0.266980260611 -0.589129626751
    outer loop
      vertex 0.0416673310101 -0.18648031354 1.26672363281
      vertex 0.0417365208268 -0.186395525932 1.26673412323
      vertex 0.041756991297 -0.186369806528 1.26673591137
    endloop
  endfacet
  facet normal -0.762681782246 0.266833424568 -0.58916592598
    outer loop
      vertex 0.0496658980846 -0.175257951021 1.26480674744
      vertex 0.0485294796526 -0.176238894463 1.26372456551
      vertex 0.0488915368915 -0.176453605294 1.26523339748
    endloop
  endfacet
  facet normal -0.762682378292 0.26683306694 -0.589165270329
    outer loop
      vertex 0.0295047927648 -0.19769012928 1.25671100616
      vertex 0.0298449490219 -0.197953417897 1.25826454163
      vertex 0.0306686162949 -0.196530908346 1.25747799873
    endloop
  endfacet
  facet normal -0.76268196106 0.266832649708 -0.589165985584
    outer loop
      vertex 0.0512576401234 -0.152836993337 1.219851017
      vertex 0.0522802509367 -0.151438757777 1.21968662739
      vertex 0.0502792708576 -0.153296768665 1.21806967258
    endloop
  endfacet
  facet normal -0.762682139874 0.266831964254 -0.589166045189
    outer loop
      vertex 0.046634119004 -0.15134806931 1.20334815979
      vertex 0.0458260253072 -0.152124613523 1.20275294781
      vertex 0.0462993755937 -0.152347698808 1.20459854603
    endloop
  endfacet
  facet normal -0.762681901455 0.266832619905 -0.589166104794
    outer loop
      vertex 0.0344296991825 -0.191019117832 1.25605821609
      vertex 0.0351360961795 -0.191133320332 1.25832939148
      vertex 0.0361442305148 -0.189334481955 1.25723910332
    endloop
  endfacet
  facet normal -0.762681603432 0.266832381487 -0.589166522026
    outer loop
      vertex 0.0312757752836 -0.168453663588 1.19721889496
      vertex 0.0334333926439 -0.167383849621 1.20102381706
      vertex 0.0329742543399 -0.166733726859 1.19827592373
    endloop
  endfacet
  facet normal -0.762681305408 0.266832232475 -0.589166998863
    outer loop
      vertex 0.0530020557344 -0.147046297789 1.21205115318
      vertex 0.0530277453363 -0.146129056811 1.21009933949
      vertex 0.0515472851694 -0.147903576493 1.20978593826
    endloop
  endfacet
  facet normal -0.762681424618 0.26683267951 -0.58916670084
    outer loop
      vertex 0.0197783242911 -0.202959418297 1.24054467678
      vertex 0.020320892334 -0.201793894172 1.23952198029
      vertex 0.0191827863455 -0.203079864383 1.23910832405
    endloop
  endfacet
  facet normal -0.76268184185 0.266832351685 -0.589166283607
    outer loop
      vertex 0.0458857268095 -0.174027353525 1.25128483772
      vertex 0.0440520681441 -0.175640776753 1.24960613251
      vertex 0.0449190996587 -0.176168188453 1.25324892998
    endloop
  endfacet
  facet normal -0.762691020966 0.26684102416 -0.589150428772
    outer loop
      vertex 0.057661626488 -0.143644228578 1.21785771847
      vertex 0.0589576773345 -0.143111467361 1.22038590908
      vertex 0.0586974360049 -0.143206253648 1.21985125542
    endloop
  endfacet
  facet normal -0.762681186199 0.266832083464 -0.589167296886
    outer loop
      vertex 0.0229630265385 -0.192669928074 1.2269282341
      vertex 0.0220806375146 -0.193729609251 1.22674584389
      vertex 0.0231115333736 -0.192942291498 1.22795403004
    endloop
  endfacet
  facet normal -0.762681603432 0.266833364964 -0.589166164398
    outer loop
      vertex 0.0599884875119 -0.154349327087 1.24814534187
      vertex 0.0585025474429 -0.156864717603 1.24945211411
      vertex 0.0605000182986 -0.154938310385 1.25090801716
    endloop
  endfacet
  facet normal -0.762682020664 0.266832798719 -0.58916580677
    outer loop
      vertex 0.0542968548834 -0.145353227854 1.21201372147
      vertex 0.0542178452015 -0.14644382894 1.21419596672
      vertex 0.0552026890218 -0.144854903221 1.21350264549
    endloop
  endfacet
  facet normal -0.762681365013 0.266832083464 -0.589166998863
    outer loop
      vertex 0.0395296402276 -0.181185334921 1.24892222881
      vertex 0.0390681065619 -0.181724756956 1.24879407883
      vertex 0.0401161722839 -0.181463688612 1.25121331215
    endloop
  endfacet
  facet normal -0.762681543827 0.26683229208 -0.58916670084
    outer loop
      vertex 0.0388116128743 -0.187858581543 1.26160442829
      vertex 0.038293030113 -0.189461529255 1.26366150379
      vertex 0.03987666592 -0.187832534313 1.26459109783
    endloop
  endfacet
  facet normal -0.762682557106 0.266833126545 -0.589164972305
    outer loop
      vertex 0.0409554243088 -0.179501593113 1.24927985668
      vertex 0.0406700894237 -0.179839923978 1.24921131134
      vertex 0.0417828038335 -0.179123610258 1.25081014633
    endloop
  endfacet
  facet normal -0.762681603432 0.266832619905 -0.589166462421
    outer loop
      vertex 0.059209421277 -0.149525985122 1.23526871204
      vertex 0.0596308000386 -0.148240417242 1.2336345911
      vertex 0.0580471679568 -0.149845540524 1.23265218735
    endloop
  endfacet
  facet normal -0.762682080269 0.266832321882 -0.589165985584
    outer loop
      vertex 0.044138494879 -0.179572179914 1.2585337162
      vertex 0.0457145795226 -0.177576676011 1.2586325407
      vertex 0.0445329621434 -0.177924394608 1.25602293015
    endloop
  endfacet
  facet normal -0.762681603432 0.266832172871 -0.58916670084
    outer loop
      vertex 0.0413395985961 -0.179026275873 1.24932837486
      vertex 0.0409554243088 -0.179501593113 1.24927985668
      vertex 0.0417828038335 -0.179123610258 1.25081014633
    endloop
  endfacet
  facet normal -0.762681484222 0.266832321882 -0.58916670084
    outer loop
      vertex 0.0433836877346 -0.177069395781 1.25085020065
      vertex 0.0449190996587 -0.176168188453 1.25324892998
      vertex 0.0440520681441 -0.175640776753 1.24960613251
    endloop
  endfacet
  facet normal -0.762681663036 0.266832560301 -0.589166462421
    outer loop
      vertex 0.0476405359805 -0.174259871244 1.25681400299
      vertex 0.0494251549244 -0.172142282128 1.25723934174
      vertex 0.048053316772 -0.172912091017 1.25501799583
    endloop
  endfacet
  facet normal -0.76268196106 0.266831696033 -0.589166462421
    outer loop
      vertex 0.0434777364135 -0.176375240088 1.24958622456
      vertex 0.0423717014492 -0.177788674831 1.24954581261
      vertex 0.0433836877346 -0.177069395781 1.25085020065
    endloop
  endfacet
  facet normal -0.762681543827 0.26683229208 -0.58916670084
    outer loop
      vertex 0.0455124527216 -0.173704922199 1.2495059967
      vertex 0.0450198873878 -0.174398869276 1.24963033199
      vertex 0.0458857268095 -0.174027353525 1.25128483772
    endloop
  endfacet
  facet normal -0.762682080269 0.266831576824 -0.589166343212
    outer loop
      vertex 0.0440520681441 -0.175640776753 1.24960613251
      vertex 0.0436637178063 -0.176148712635 1.24961769581
      vertex 0.0433836877346 -0.177069395781 1.25085020065
    endloop
  endfacet
  facet normal -0.762681663036 0.266831457615 -0.589166879654
    outer loop
      vertex 0.0477664805949 -0.170465663075 1.2487963438
      vertex 0.0475608035922 -0.170797288418 1.24894070625
      vertex 0.0486306250095 -0.17011962831 1.25050234795
    endloop
  endfacet
  facet normal -0.762681663036 0.266831457615 -0.589166939259
    outer loop
      vertex 0.0475608035922 -0.170797288418 1.24894070625
      vertex 0.047322627157 -0.171145394444 1.2490285635
      vertex 0.0486306250095 -0.17011962831 1.25050234795
    endloop
  endfacet
  facet normal -0.762681722641 0.26683229208 -0.589166462421
    outer loop
      vertex 0.0546294562519 -0.147790431976 1.2183457613
      vertex 0.0545963421464 -0.148794218898 1.22046744823
      vertex 0.0561508052051 -0.146293535829 1.219389081
    endloop
  endfacet
  facet normal -0.762681722641 0.266831994057 -0.589166581631
    outer loop
      vertex 0.0402660407126 -0.182530120015 1.25399637222
      vertex 0.0410105772316 -0.182583466172 1.25624215603
      vertex 0.0414260365069 -0.181305915117 1.25460886955
    endloop
  endfacet
  facet normal -0.762682080269 0.266834557056 -0.589164972305
    outer loop
      vertex 0.0638407692313 -0.148933932185 1.24719905853
      vertex 0.0638788715005 -0.148800984025 1.24701440334
      vertex 0.0629414990544 -0.149542495608 1.24597239494
    endloop
  endfacet
  facet normal -0.762682557106 0.266832441092 -0.589165329933
    outer loop
      vertex 0.0542905777693 -0.153361558914 1.22967815399
      vertex 0.0544271059334 -0.153596624732 1.23058748245
      vertex 0.0551604926586 -0.152777820826 1.23087573051
    endloop
  endfacet
  facet normal -0.762681186199 0.26683151722 -0.5891674757
    outer loop
      vertex 0.0515472851694 -0.147903576493 1.20978593826
      vertex 0.0511583648622 -0.147443562746 1.20765852928
      vertex 0.0501053184271 -0.148962065578 1.20800149441
    endloop
  endfacet
  facet normal -0.762681186199 0.266833305359 -0.58916670084
    outer loop
      vertex 0.0461968779564 -0.154801562428 1.20972371101
      vertex 0.0442428663373 -0.157218441367 1.20947504044
      vertex 0.0456227883697 -0.156555697322 1.21195590496
    endloop
  endfacet
  facet normal -0.762681603432 0.26683357358 -0.589166045189
    outer loop
      vertex 0.0528751723468 -0.152498424053 1.22372674942
      vertex 0.0532239228487 -0.152537181973 1.22480916977
      vertex 0.0544416941702 -0.151066750288 1.2250431776
    endloop
  endfacet
  facet normal -0.762681663036 0.266832888126 -0.589166283607
    outer loop
      vertex 0.0445329621434 -0.177924394608 1.25602293015
      vertex 0.0449190996587 -0.176168188453 1.25324892998
      vertex 0.0432777814567 -0.178359672427 1.25339639187
    endloop
  endfacet
  facet normal -0.762681007385 0.266836047173 -0.589165687561
    outer loop
      vertex 0.0512576401234 -0.152836993337 1.219851017
      vertex 0.051388733089 -0.152782842517 1.22010612488
      vertex 0.0522802509367 -0.151438757777 1.21968662739
    endloop
  endfacet
  facet normal -0.762681484222 0.266830801964 -0.589167416096
    outer loop
      vertex 0.0526169203222 -0.146402075887 1.20952785015
      vertex 0.0515472851694 -0.147903576493 1.20978593826
      vertex 0.0530277453363 -0.146129056811 1.21009933949
    endloop
  endfacet
  facet normal -0.762681901455 0.266832560301 -0.589166104794
    outer loop
      vertex 0.018480386585 -0.196474641562 1.2225164175
      vertex 0.0183469578624 -0.19553206861 1.220053792
      vertex 0.0177764110267 -0.196576297283 1.220728755
    endloop
  endfacet
  facet normal -0.762682259083 0.266831338406 -0.589166164398
    outer loop
      vertex 0.0194481071085 -0.189400419593 1.20966255665
      vertex 0.020040333271 -0.18766091764 1.20751452446
      vertex 0.0186253879219 -0.189171463251 1.20680546761
    endloop
  endfacet
  facet normal -0.762681186199 0.266843020916 -0.589162290096
    outer loop
      vertex 0.0539259053767 -0.152889385819 1.22759330273
      vertex 0.053939063102 -0.152901932597 1.22765862942
      vertex 0.054854169488 -0.151849508286 1.22795045376
    endloop
  endfacet
endsolid "LV_connection"
